Title,Link,Source,Published,Category,img,Scraped_At
UK drafting powers to shoot down drones over military bases,https://news.google.com/read/CBMitAFBVV95cUxNaFIwUjdiNWoycmpqT09EWDVGRkJsRzZ2b0pTZE45SEhyVmNGN3lrdlZ6MGVRQTJicjI1RG0yMHZoOHptaGswSzZnMGFSX3R1bGhUMDFHZXNsaTVKU29tbDZpOXU1Y3hDQlR4MndVYnczUlppY09NNk1BbTNCbzRkaXRaZ1diVFJKOEtrdDhGVzMyR2NLM1I1UG5YUktMc2N0RW5seTlSNGZud0ZlLXVqNzNITi0?hl=en-US&gl=US&ceid=US%3Aen,Reuters,2 hours ago,🎯 Military Drones,https://news.google.com/api/attachments/CC8iK0NnNUZPR3gxVWpKUWFrTjJRVlp1VFJERUF4aW1CU2dLTWdZUk01Q25HZ28=-w200-h112-p-df-rw,2025-10-20T12:58:19.878189
British troops to get powers to shoot down drones near military bases,https://news.google.com/read/CBMiogFBVV95cUxQZERPSEVkd05BUmc1X2p4T2ZtTXdyeVhBcjhhc1FucTMwcnEwT0ZXdkpaZTZ2QmxFejY3Wl9OS2pGQ3NwRkZCcFJDMk5nWERMbDdjWlpzSkNxYXBYSk1xSnVvdFVIdnBhcUhnUmxmSUgyMFpFZ1c3Rko2NDVpWFlEYzh5MEhpUG43bzRTXzlXT1gwSndpbUI0LW1FVXFWR29TZHc?hl=en-US&gl=US&ceid=US%3Aen,The Guardian,3 hours ago,🎯 Military Drones,https://news.google.com/api/attachments/CC8iK0NnNTNRbmRMWWs5RldFMU9iMkYyVFJEMEFoalJBeWdLTWdZdHBaS3VPUVk=-w200-h112-p-df-rw,2025-10-20T12:58:19.878213
SKT joins military relay drone R&D partnership,https://news.google.com/read/CBMipwFBVV95cUxPMVUxekFKQjFoTWhoTjJUZ1R0dkZWNF94dnI4M1d0UWRBTGRjVHRDalk2NjJ3aE45MHE1YlhmdlVwWE1LMnZucjFqTlBIZUxiTFEyNUVSNUxVdlNzTzJwbjliY29PWmxpVlNYSzJtaG5EbEM3RlpNMl9DR21VbENCeXVpQmdQLVY0RVhCUFRTbzJDQWRJaG9KalhadjBGS0JkNmRQZm9Vd9IBrAFBVV95cUxQTEg5X2JnekJycHJYVjdxaWFlUVdhZGVyeDRZeFJvT1pLSkxWRC1fVXVBU2pWQVNacUxITldwVXNfRTNfWDdWejZFVmQ3aGhHUVdXZGRqTUloQ3BING9FWnNrc1lfQzBYS0x5Qkl2cHk2d1phdDU3VVU4X25sdldFNjdqUjBXdURjRnpNUmJ5RGZJajBFcUUzYUFTb1pYYmZLM0dPS1RMM1ptTkJC?hl=en-US&gl=US&ceid=US%3Aen,telecomtv.com,1 hour ago,🎯 Military Drones,https://news.google.com/api/attachments/CC8iK0NnNXJUMjVITFdoSk4zWkJNelZLVFJDZkF4amlCU2dLTWdZQk1KcWpKQW8=-w200-h112-p-df-rw,2025-10-20T12:58:19.878215
Military to get new powers to destroy drones threatening military bases,https://news.google.com/read/CBMiowFBVV95cUxNbWRtZ1JnQ2tRZHFVOUcxV2VISnBNNjRmVDdadnlrRldzNFRnUXVZc0c0ZFlJZktaVUhpZW8xT0g0cTJKcVdiSHJiOWU1dWkyamZMVzUxOW5SWDlvOVJoeHFzb0VUd0JKQW0zXzNMblpNcHpBV3dMTzJpekpRUWtPRXN3TGpEbXlQbzFXbWkyWk9ob05wcWZJa1pMQjZGekhrNXNN?hl=en-US&gl=US&ceid=US%3Aen,Forces News,2 hours ago,🎯 Military Drones,https://news.google.com/api/attachments/CC8iK0NnNXpWRkZ1TlhaVGJtbGxTSEZzVFJDb0FSaXNBaWdCTWdZUk9LQ0hHZ28=-w200-h112-p-df-rw,2025-10-20T12:58:19.878217
UK to Authorize Troops to Shoot Down Drones Threatening Military Sites: Report,https://news.google.com/read/CBMigAFBVV95cUxPWFlQbXpBREZQNUNzekMwZXNMSl9kRERIM3JpcEFVQUswVTJZSG9xYUlGcnc5STRFbDhGd2VTZ1doWTMzV1lWSmlGUTFvanFNMzhfMnJ4azJENjQ4WkRUVjVTWFlVVWJsQ2ZWNHBBTURkamZXMElKb3RvSGdkYlZ5dtIBgAFBVV95cUxPWFlQbXpBREZQNUNzekMwZXNMSl9kRERIM3JpcEFVQUswVTJZSG9xYUlGcnc5STRFbDhGd2VTZ1doWTMzV1lWSmlGUTFvanFNMzhfMnJ4azJENjQ4WkRUVjVTWFlVVWJsQ2ZWNHBBTURkamZXMElKb3RvSGdkYlZ5dg?hl=en-US&gl=US&ceid=US%3Aen,The Defense Post,2 hours ago,🎯 Military Drones,https://news.google.com/api/attachments/CC8iL0NnNTJjSFpGWHpsMWNIVk9UVmxJVFJERUF4aW1CU2dLTWdrVnNJak12ZVV0Y1FF=-w200-h112-p-df-rw,2025-10-20T12:58:19.878219
"Military Drone Market Projections 2025-2032: Key Trends,",https://news.google.com/read/CBMilAFBVV95cUxOOEsxcklOVDRtM0xVNnpja2UyM2Fyc2VOT2R3UGZzcjRpN3dHdzh4Nzc5bW1WcFFuMXNsVE45bWwxVlF0NE5HcFJuaHNtWW5WUnk3WHJwZjdVN1A5d2F1V2ZwLVROZHRENWZoY0o2OVB3b1g4d092SVFxbk9tWE1zXzdobk9pdkhaSHhIY2hvdEtJdlhm?hl=en-US&gl=US&ceid=US%3Aen,openPR.com,4 hours ago,🎯 Military Drones,https://news.google.com/api/attachments/CC8iI0NnNUhVWFZ6U0UxdlJYVXdVRVpWVFJDcUJCaXFCQ2dLTWdB=-w200-h112-p-df-rw,2025-10-20T12:58:19.878221
Britain Moves to Authorize Military to Down Drones Threatening Defense Installations,https://news.google.com/read/CBMixAFBVV95cUxPZ2Q4MXFoVUU5bXZmeXFOd25MYnQyMHp5ekVmR1pOTC1vUzFqRzV0cXhPOExlV2h0SjBQa3FtcDcyVDRzZ1dtX0JDOUFYMEZvMUp4RzBhQTJiUlpLTXI1bUdnOE42NUxIWWtJTVV4UVBveU9oelBrOGw1MjBOVGxjalM0WlpNWEhQNFhlVnBtQmFsNXpTUmxXNlY0MEt0TTRzS25HWThVRXFQU2R2WkZ1Qmt2dDFaZEJ3ZXZpY05vNGZvTUxG?hl=en-US&gl=US&ceid=US%3Aen,UNITED24 Media,19 minutes ago,🎯 Military Drones,https://news.google.com/api/attachments/CC8iK0NnNU5VRWxsWWtabFgyTjFVVXQ0VFJERUF4aW1CU2dLTWdheFVwWlFwUWc=-w200-h112-p-df-rw,2025-10-20T12:58:19.878223
British Armed Forces may gain ability to shoot down drones threatening military bases - Telegraph,https://news.google.com/read/CBMiX0FVX3lxTE5zVWlMM2ZEVWFKaDlSY0R2Nm5jM2tHcVF6WUtlbUd5SnNxaGN0alUyQ0hpMFlXSGFIUVh3YTNGM2FPTjcwZUUxaTQ4RU1EaEFVcFViVm00a3JyY0lGRUI0?hl=en-US&gl=US&ceid=US%3Aen,The Jerusalem Post,8 hours ago,🎯 Military Drones,https://news.google.com/api/attachments/CC8iK0NnNUVja3RMUkRWTU1GQnBPSEJhVFJDZkF4ampCU2dLTWdhWkpKQ0tvUWc=-w200-h112-p-df-rw,2025-10-20T12:58:19.878226
How Ukraine’s Drone War Is Forcing the U.S. Army to Rewrite Its Battle Doctrine,https://news.google.com/read/CBMitgFBVV95cUxQbnk2SjlwZDhqQ2poWGZ2eW1CN0psT0p3Z3FFbDgxWFE1Sk1vMURwWFZZei1HeWk3YkRsNFVhNDNuOVFaQkNvaU9ZWEU3ck84Wmp3dXpVVVBhNm0teEwwWVBtY3NLanl3a290TERuVlZGbXZsVVJjWVctZ1Z6MmhGMkFWRlUwUWJZelVCS1d5c21lTmxuYTRkbXEyRVBtWnlvaW1SVlluX0htd2FpSXdwQkE2My1XZ9IBuwFBVV95cUxPcEtUSVpuQXlSTktESjdTRF9lTzJNX0J2QjFXTlFxVEJnRnBRMVk1OXRsTmFqYzUzZl85OE5ZbVlGQk5ub21SRDZGTTRzQ0VyZndFeHpfZHQ1dTNpdDNkU2RvdVIzWHp2c254UHVLV05iVjRUTjF2VW5tRndVZ2daYlVweHI0aTR5NjltTTlEaDJuaVpkM0JESlhxbm9vVTc0NHRFUkhXTGU3S0hla0FvMXJWM0xnTU9ocjZR?hl=en-US&gl=US&ceid=US%3Aen,Military.com,21 hours ago,🎯 Military Drones,https://news.google.com/api/attachments/CC8iL0NnNUJaVEJtTFhwVE0zTklTMkl3VFJDOEF4anRCQ2dLTWdrTkZJUkxEcXk1OUFB=-w200-h112-p-df-rw,2025-10-20T12:58:19.878228
US Navy taps General Atomics to design carrier-based combat drone,https://news.google.com/read/CBMipwFBVV95cUxQR0dpODJwc1ByclNPTlVFSXZhTXFPZWJlU3pVTlk5N2h6X09kSnREc2tMTUxSMUtCNVVkakRuUVJ2b1FRdm5TVFN3YmhSMm5rUW5XcTc0V21uel9MSzJJRnN0VjIzWDlWZ0tnT2U5TUc5Vi11SjBPN0FGVkw5cXB0eC1XYi1RNURidU5OdUtuWTRPY3kwendaaGJqdkRWZmlhR3RsNFFLNA?hl=en-US&gl=US&ceid=US%3Aen,Naval Today,5 hours ago,⚔️ Combat Drones,https://news.google.com/api/attachments/CC8iL0NnNU1WMXBzU1ZnNFVVNWtVVVJuVFJDZEF4am5CU2dLTWdtWklZNEtMbVU5NWdJ=-w200-h112-p-df-rw,2025-10-20T12:58:19.878231
Lockheed Martin debuts Vectis combat drone at ADEX 2025,https://news.google.com/read/CBMiiAFBVV95cUxNb3lfQWs4QW5UZ1V4emJ1OXR0dXdvN3ZWRWpDQjNiNG1zUXRWb010SXJBYVY2ZDc1b3A3T3hUcUtwOEd3ckw1ZEU0a1ZzdklfTUJrOFd2RWltQUNJOEtnQTBHbXJCa0RxeXlkWjNIUDNmUFJZc2tCMm9VeHhqRlhWNzMySmR3RDBV0gGOAUFVX3lxTE5hV2hsTlRtakxONXpyNnA0WWhxcTg3em9fWUk0WTMzZ2tlcFZCSWNlWXVVYlc2SUlFSV9LT29IYVdzbE1BR2VqNFUtVUNnQXhsWVhrQjAwV0JIUHU5Q0JJVXJ0Yjl2NzYwd2hvVlhLWGNVNjEyNElTbVNMcklTQ1R6NjY3MnI5TnQ3bXVhVVE?hl=en-US&gl=US&ceid=US%3Aen,Defence Blog,1 hour ago,⚔️ Combat Drones,https://news.google.com/api/attachments/CC8iL0NnNHdMWFppVTBZelQwTlhaR1JEVFJEZUF4aUJCU2dLTWdrcEVKWVFIV2dtcUFJ=-w200-h112-p-df-rw,2025-10-20T12:58:19.878232
Ukraine sends robots to war to break battlefield deadlock,https://news.google.com/read/CBMikAFBVV95cUxOaEZ4emhnbnRfVnVkeEJLV0Z4RVpLT05rQTNjRVBwQWlHbXF1YnlxNUNBcnlhbUFiOWVxcEFZQ0FVMmNzOHdxUEl5R2NNeVNfTE5kMXVTVnBBdlVMTVZMOWdyVGdSRFJUU3V6RHVma2toZzNjYWlKWnpEQ2hJYnlJam9ZTFFBRlJrOXB5STVYTGI?hl=en-US&gl=US&ceid=US%3Aen,The Washington Post,1 hour ago,⚔️ Combat Drones,https://news.google.com/api/attachments/CC8iK0NnNTFObmhXU0RoTGNXdDVReTFQVFJERUF4aW1CU2dLTWdhcEE0Nk9EUXM=-w200-h112-p-df-rw,2025-10-20T12:58:19.878234
US-Ukraine Team Unveils 300 mph Interceptor Drone to Hunt Shaheds for NATO,https://news.google.com/read/CBMiugFBVV95cUxPVnBoQ1ptcU9NaVpxQkR2b1dnckRUQ3pJM3k2bmwtRkVIb09FdjBjU1FSX2JrMzFKR3FDV0VyalpEcmtjcEtsSnpBY21rbUFZMWpHUWdKUEhfNEtUX0gyYm9OUEdCdGJtN3pSV0FURVAzckVJaFp1dU8wNlBPb0pvTkJyUXpoNlVVV1IzaHlCZ3BVX1JfM3BaNWtmYU90cUthbVdYaTg1aXZSRUdFT2ptVldrX1h3LURFTGc?hl=en-US&gl=US&ceid=US%3Aen,UNITED24 Media,1 hour ago,⚔️ Combat Drones,https://news.google.com/api/attachments/CC8iJ0NnNUxURFJXVmpWUWRGTmpjbTE2VFJERUF4aW1CU2dLTWdNUlVBWQ=-w200-h112-p-df-rw,2025-10-20T12:58:19.878236
Drone attack causes fire in five-story building in Dnipropetrovsk region,https://news.google.com/read/CBMivgFBVV95cUxOOEZRTXZUaFZhSEkzZTVBMlM4VUtaQ09oNmJhQ2ttRFgzZVVXUGVQNjBnU0dWNFRKRkRza1pfY0thUHM4bURrT3RpZkV4V19QZ1dnTVdROG9lVHpCbjd1eFBRbFE5dUZlcjVPejRWM3BUdmp2aEM0VVVkNGFUNjZpaUFzcW44ckR4akZhNUpUVHlNS3lLTFRxWnFoT0x2QW5KOERWRVhWbWlVWENnWnJIQ1BJZTVueVNCVHp4OGRR0gHDAUFVX3lxTFB3ZjlYa3NxLVV1WVB2OVFsUDJaR3hBNHRvRlEyV2l1dzhQTTR2alNuWDI3X1ZwUkIyNFVwTnc1ajd5NHNlYVNIOTJ6UGl6RkxLMkttcm5kdEZkX3hub056N29Pb20takQzbjVPUU1KM05oWmIwVDZmQWlRUWRpS2EzeFNEbnNDZEIwU3RWbVZKUHdHdWd4OURmRVNHMF9jX0lvREQ5ZWF0YnEwX2tKQUQzd0pCaDR1NHhqLWdMUEc3Q1FuNA?hl=en-US&gl=US&ceid=US%3Aen,Ukrinform,7 hours ago,⚔️ Combat Drones,https://news.google.com/api/attachments/CC8iJ0NnNVVYelZLYkd0SlJuQllabWRIVFJEb0FoajJCQ2dLTWdPTk1Rdw=-w200-h112-p-df-rw,2025-10-20T12:58:19.878238
Councillor survives drone attack in Ukraine,https://news.google.com/read/CBMihwFBVV95cUxQQmd6dlRGOUlsX3BuSEJrcjVuZk1uUnhDRzlHeEduUlJNT3JYa1hvcnNocEFIQU9lUWMteHFoX0VLVkFhVnBMUzI2bEs1M21yOWhMWGd0cVF1T19DZ3dZRkVmNEpRSzZyRnN0aDRjWUMzajVYeVNaNi12VnlNSWstSHctdWxDVms?hl=en-US&gl=US&ceid=US%3Aen,AOL.com,1 hour ago,⚔️ Combat Drones,https://news.google.com/api/attachments/CC8iI0NnNWphV3R6U25sSlgyODJZbVZzVFJEb0FoaUFCU2dLTWdB=-w200-h112-p-df-rw,2025-10-20T12:58:19.878239
Ukraine offers drones to U.S. in exchange for missile supplies,https://news.google.com/read/CBMipAFBVV95cUxOcXhfeWNlb1FOb19yTkt0dUk3OW13VndBWEJHNWl6N1dkakJZaG5QOHc5OXJjcHk3TkhBck05YkFBMk1JcFJsUXgyQzFocExHYWNObENjQWpXNWhaV25JbGlxUWJydWlCd1FCQmRtM09kc3RleUlObGcwQ0RXR2NsaDZEeHFvV2NMMlpNd2NuOWhIRFoxdmFnNlgtNUlOMXhPNUdnZNIBqAFBVV95cUxPU3NpTDdOQVBuekZMYjJXYng5Nmp6cVhFOHc4NlZkZExLNTc3M2hqMVVvWENTR3d4bXU5MWZ0dV8zaWhycVpVQ0ItYjduQW56ZWVFblRhZWZRQTFOWkhka1N0SHB5Mm9uSGVESGhLUnQ3elNpRHdEVnozN25rMXplUHdwYjdIZnJwVDNEMGNWSmVSZTZSZ1AzRlBnWVp1WGN5bW9jbExhTUU?hl=en-US&gl=US&ceid=US%3Aen,Военное дело,6 hours ago,⚔️ Combat Drones,https://news.google.com/api/attachments/CC8iK0NnNXZabmxsTWtkTVVVY3pPVWhwVFJDZkF4ampCU2dLTWdhcFZJanNvUWc=-w200-h112-p-df-rw,2025-10-20T12:58:19.878241
Russia’s Missile and Drone Attack on Ukraine on October 20 | Ukraine news - #Mezha,https://news.google.com/read/CBMilgFBVV95cUxOR01TbXVMX18zZmVKOFMxMDRjLU1Hb3RKQ09nU29PdnJpQk81VnRGWEhYRnktX3p4aTU4S0JIcFVrYmlqbFFaajNiVW5PRVdCdW5vaWtjdFhhOVVSWGNDb3VrcFdlaE4zb2VhRWNVMGZMNlFVYXBuUTQ2TENsbkdiWS1peDR2U1A0VEx2bUg4MVpnT2ZoQnc?hl=en-US&gl=US&ceid=US%3Aen,Букви,5 hours ago,⚔️ Combat Drones,https://news.google.com/api/attachments/CC8iK0NnNW5jMjF5WTFCTFZYQnBhRGhDVFJDZkF4amlCU2dLTWdZcFE0eE9JUWM=-w200-h112-p-df-rw,2025-10-20T12:58:19.878243
Savage drone warfare engulfs Ukraine’s front line,https://news.google.com/read/CBMilwFBVV95cUxQZTI2NHhGQ0V0b3Q3S2FrSnJkako2N204NkhhS1E3N3Zib0g4cU5rTzRGR0xMUzEyRXR1QURvRFhld1FFbF8zX2h2STl1YndLeUlVZkR1OWR4ZGs2Qi04ZFRDSkk4UWUydDdwQi11Ym82OVMtNXRsbHlBQVN0V1ZaRnZwX2dYeGFnMzBBRXVlR0Fpeks2b2lF?hl=en-US&gl=US&ceid=US%3Aen,The Economist,19 hours ago,⚔️ Combat Drones,https://news.google.com/api/attachments/CC8iL0NnNUxOVTFwVFVKdU9YUnNObTVCVFJDZkF4ampCU2dLTWdtTkFaS21pcW84aGdJ=-w200-h112-p-df-rw,2025-10-20T12:58:19.878244
North Dakota Senators discuss drone industry during UAS Summit,https://news.google.com/read/CBMingFBVV95cUxNd3FaMFcyQ1lfTGE4NDZDUGhOblVFLWY5c1BMRlpaZDNtOERyaDFYdF9qYUpoYU5xMFVrY3NtcExQdHR3U2xsNkxFZ1IyUGR6QVZlOTVpV2l1SlMtWkI4TWVlNlphMmctMFhLY2NhaUZNWHR2M2pPUmRlSll6UnJCMXljcG9zY3NsYlVtb3ljdHZYM2Q0M29tc3dzX3VUZ9IBsgFBVV95cUxNc2xoQXFlV1dNYmp3NjdGdnJVUXM4MVU1aEV0WV9sQlI1c0hRdWozX21Ub0xuMWNDcUxiZDJ0MEdlTHZhWXdnaE5aRF9jVnlzX0JBWnFwejB3YjBrYXVaeW56NnlBY1d0aVB2R2FuZUpNamhfUExhMHlxdTdmWExjLWdSS3NvSGgtLURlVk1ZSGRCOTlLVU13aGI2VW5qYVlYYzE0TjJpMm9URFlveS1DVHh3?hl=en-US&gl=US&ceid=US%3Aen,KFYR-TV,17 hours ago,⚔️ Drone Warfare,https://news.google.com/api/attachments/CC8iK0NnNUhjRmhwWlhsVmFHRnVNakp6VFJDSEF4aVBCaWdLTWdhQlFackxKQWs=-w200-h112-p-df-rw,2025-10-20T12:58:19.878246
Ukraine Just Turned the Terminator Gun Into a Drone Killer,https://news.google.com/read/CBMipAFBVV95cUxPZkoyOHdzM2lody1uZ1RJOXZSekdGYTFyZzNEbTdmTExadkF0aC1mMldTbDVxX1liTWJfc29uVU5QNWlQNmhJdG83VURWNlJiclczdnR5azVSV05HYTVvREpwVTBlak54V1psTTlJeWFuMlF3RW84dl9FVDdKR3laVWFpLXBsX1NIcnh4T0NpWnQyeWFsei1TTTJTT2U5dWhiRUg5QQ?hl=en-US&gl=US&ceid=US%3Aen,UNITED24 Media,13 minutes ago,⚔️ Drone Warfare,https://news.google.com/api/attachments/CC8iK0NnNVRURUpvVlVnNU1GTklNR1kyVFJDcUJCaXFCQ2dLTWdZTm9ZcUh0Z1k=-w200-h112-p-df-rw,2025-10-20T12:58:19.878248
Trump says Ukraine’s Donbas region will have to be ‘cut up’ to end the Russian invasion,https://news.google.com/read/CBMipwFBVV95cUxQb0swdko5SHYwYzRaRjNvNmVWQ1RLZnU3UmtoLWdvcmJKNW1CQlhXOGs3QzM1X2hER2hiWURxN1NRQ0pFMDJ0WklLZ2xlcnpuQURKbmJDaEd1LTdwYTR2cEx5SVB1NUNlc3h1LWNFS2ZJVTJpYTdjY3pnX3lZa29Wb0RoR0tPTTRVZnJHaTJ2R2hlSXlYQzlMVDgydmNuVWVTSzQ3ZEJMTQ?hl=en-US&gl=US&ceid=US%3Aen,AP News,11 hours ago,⚔️ Drone Warfare,https://news.google.com/api/attachments/CC8iK0NnNXhTMmRpVjNOUGRETXlSM1ZRVFJDUEF4alhCQ2dLTWdZQlFKS3VIUWs=-w200-h112-p-df-rw,2025-10-20T12:58:19.878249
"Russia-Ukraine war: List of key events, day 1,334",https://news.google.com/read/CBMikgFBVV95cUxPc2NaYjJ6ejZiQWpjeExPMGVCVUlsMzc3VGlyMGxKenpKdWlINDdpSEFDQW9BYnRCWXF6ZmVJaXRTNmJsbWk0LV9rdmxlOHA1NzBxLWtnc0h2S2VLckdJMEdIT0NUY2xvVkMxSGhKMFl4bDhxYzJScWNDQU44RW9PeVQzTF9KemdxeTliUHVDbkZjQdIBlwFBVV95cUxORmFNSUtjbkJqMkNrUzFYM1Fyb2xKQVZTejJ3VGVxMVRtR3dWQ3dNQVpRb0k2Y2hvSVNXNmlrc1Y0cUVqeDlRYzlsWkhHUkRaa1lwQ2VFYWs0YU12dXFCY01XZkRsQmRWSXJmNVBDSDk5LVRkbVNzbGlvblgxRGdCYkRwcHVvVmd6N0VKRllmbWRCb0FCWlYw?hl=en-US&gl=US&ceid=US%3Aen,Al Jazeera,13 hours ago,⚔️ Drone Warfare,https://news.google.com/api/attachments/CC8iL0NnNWlka0l3T0Y5dFUybEJhSEZ0VFJEZ0F4aUFCU2dLTWdrSkVvakdGT2xiVHdF=-w200-h112-p-df-rw,2025-10-20T12:58:19.878251
Ukrainian drones strike major Russian gas plant as Trump says Kyiv may have to trade land for peace,https://news.google.com/read/CBMipwFBVV95cUxOZWFva1NOWl8xWl9wamtzX0VjelowbEI4NzZqRmhXak56dFVkYl8ya0JFeVJCdkxyYUd2ajhvMnNqWlI2cVZNcmNiMHpaSVQ3RzBqMFZIZlJOam13a3FueGZQRVdlTmxJQk1ZRndueG1rRVp0bFRIdFBtYXgxRXc4ZG5kZ2l4YUJNekVMNzNTSFFDNl9zZ3VuWk01MlZxVGpPbVdDUHJpTdIBrAFBVV95cUxNc0R4cmwyUGRBN1IwQl8yamxPNW1nWGVNdUQyQU9ud29INmhVX0lIRk5pY0lPRXI2MXdjZFpPMnpmWEpab05XTkZCTmlNTnE2UW0ya2xkOEh0LTBVQUpOZkh6eDVJNmhmQ1RtZGUtR29VUVpoRTRjMnVIbjZnWHQ3UmVHTkRBT25uT3hReWZ2NEJtS2lWRWZpdFJFc0M3REdyV3ZzNzhWQmF2YmNi?hl=en-US&gl=US&ceid=US%3Aen,"ABC News - Breaking News, Latest News and Videos",21 hours ago,⚔️ Drone Warfare,https://news.google.com/api/attachments/CC8iL0NnNU9TbXd4Y2pZNFV6aGpWV1UwVFJDZkF4ampCU2dLTWdrUlVwWm9ubWs5N0FF=-w200-h112-p-df-rw,2025-10-20T12:58:19.878253
Ukrainian drone strike forces Russia’s largest gas plant shut down,https://news.google.com/read/CBMiqwFBVV95cUxNY3Q3X3BlSVZQeVdzNFFtRG11Xzc4c1JrNjZ5OTlFaXZhNHlwRk1VTktMb19YUmEwZXAyRjhXcDVRdzd2Q0pPZ0xWRG9ia3dwY3pEUnpUZ1FSbnNLMmo3ZU9VaDNMX3g5dHN2UDBYQURNTE4wLWRFd3doZE5RTkdnM1VTWFhtaW9KSFBodUl6NHNuVWZJWm5ReW56MU9jZ3lNWlV6TU9fVEptYnM?hl=en-US&gl=US&ceid=US%3Aen,New York Post,18 hours ago,⚔️ Drone Warfare,https://news.google.com/api/attachments/CC8iK0NnNTFkSHBDTFRSc1JrZ3Rabk5vVFJDM0FSaVRBaWdCTWdZQkFKS1dEQW8=-w200-h112-p-df-rw,2025-10-20T12:58:19.878255
Drone strike on Russian gas plant impacts production at flagship Kazakhstan oilfield,https://news.google.com/read/CBMi2wFBVV95cUxPdEJ6TDVEcFFvVnlBbVFZSGtfSlJQcGwweElwdEhsdW1zWm10Zm9rV2d6amdPUGdjZEw0V3JuNzhYN3NQeDlPRzdwOTJGTEtxZTUwb3dCeWZSTkVYTm16cGh4UkN6UUJIcGZRMjJEamdLaWE0OGRlVHY0UE5Zc3NDYVRNajNVUGJuM0VYM0pzYkt3ZTQ2Y0xTdDVtZWk5UUhxM0t4T1M2Y1J1OF9fdmdVenBmLUhCUnM2REMxcWk4MXNEd2hjalN5TlpTZXo2WGVaUXpOU01UTk1FNFE?hl=en-US&gl=US&ceid=US%3Aen,Upstream Online,6 hours ago,💥 Drone Strikes,https://news.google.com/api/attachments/CC8iJ0NnNDNkR0U1WjI5U1JHeGlWa1J2VFJERUF4aW1CU2dLTWdNQndCQQ=-w200-h112-p-df-rw,2025-10-20T12:58:19.878257
Ukrainian Drone Strikes Shut Down Major Russian Gas Plant,https://news.google.com/read/CBMiogFBVV95cUxON2V0dGdRTFNBTGUtUllGYm52OTNXLUJvWk1IVlUyUEZxNFd2N2dHcXNpYXF4VlEzYkhpSE9YVlJEMTE3RktHeWY3S2hjd0xBMTRzVHhHYWNQTXVXUUxEOE02X1pxVUJpTldRb3F4SF9YWkxaQzA2anY2YjFEUkJvazU1Tk5lOW5WMlZwY0V0VzdkazBsUVVjVnRzZDVUSDRhV0HSAaQBQVVfeXFMT1k1OGVZMW1IbXc5Wkc1aGw0SG9TMDNKWHdrWDQxNEJtWGRFU2lmbHZiVUlyQmdTazBhZ3RoOFJmMEh2aDZ2ZEVMcUVETG5wNy00N0xmM3ZxVTlDY1ZaUVNoVGRXb2V2ek1zSGVRMTZFQ2Jyc1lrVkd2NGZQN3QyX0hLN01yQzlMZmVWNFkzbUtQUXV4R3NFYXRwR2ptbjJjdDVYRnk?hl=en-US&gl=US&ceid=US%3Aen,Radio Free Europe/Radio Liberty,28 minutes ago,💥 Drone Strikes,https://news.google.com/api/attachments/CC8iJ0NnNWpSRXhzYVdWeFlVaFJPV3BNVFJDZkF4amlCU2dLTWdNQnNCQQ=-w200-h112-p-df-rw,2025-10-20T12:58:19.878258
Russian drone attacks residential area in Kherson,https://news.google.com/read/CBMioAFBVV95cUxOWjEyTVE4QkFJQ3ZoVXZoTkRhYjZuMTdFMWJDVzBZcEtJMzdiYV9NaTNmUlNSaUthdE52WXFNRDdOSzhlVTF5Ym1Bb21aQjRPeVl3c1pfZVhoRnlrS3lfOVQwLVV5M3Rhc0t4N1VtRE84amJUcjVWUWQxY25qd0hDdlhSZ3hqY2dWSXBMa0diNVBRNHcwckoxTXIxWVZxZnlY0gGmAUFVX3lxTFBONzhWaC1fdDdWT1JvWGtFQUZIbzJrTlRLZlZKZkUwLTVqZ3BpcXdHY3UtaWtIMFc2VDNaaHRhUmh1cENIaGNiVjBkM05WalNZRVdWTlFPUzN1b1FBNk1fcHFQWGJJcFRFOHNpNkF5X2l6QVU2cXVRYXBhRm9DTzdUamNfRHlfc09jSUd3VklhZ2RzR01udGV0TlhYcjNjNTlOeWtRT1E?hl=en-US&gl=US&ceid=US%3Aen,Ukrinform,1 hour ago,💥 Drone Strikes,https://news.google.com/api/attachments/CC8iK0NnNVNhbmcwV0ZOSFNqY3RabmhFVFJEb0FoajJCQ2dLTWdZcEJZN05FUW8=-w200-h112-p-df-rw,2025-10-20T12:58:19.878260
Major Russian gas plant forced to suspend gas intake following Ukrainian drone attack,https://news.google.com/read/CBMitwFBVV95cUxNcVV5TkJyWVZTMGRNNG00N0tXelRpLWFkSGo0TTYxZDRuZkZ3RVNkMXBuSDdmVkpJOTZlZ3dXSDZ1S05YdFFEMjdLQm9OclBuUnd5TzViaFFNWm1jUXR2N0hvZUVCVVItdkUzTHFZOVdMQXEtbTBPSHNSeFpndVBsaW5ta0ZyRDQwZUk3R1dHYVpsbWFQVF9yclllWTVxOVNLaHZIUmV5U3NGYW1LSUIyMGk1bGRSaE0?hl=en-US&gl=US&ceid=US%3Aen,The Kyiv Independent,9 hours ago,💥 Drone Strikes,https://news.google.com/api/attachments/CC8iJ0NnNHdRbU16VjNsT01sbGxObXN4VFJERUF4aW1CU2dLTWdNQmNBbw=-w200-h112-p-df-rw,2025-10-20T12:58:19.878262
Russia's terror strike injures mother and two children as drone hits family home in Kharkiv Oblast,https://news.google.com/read/CBMi0wFBVV95cUxQSEJtQk5Ic0VzSXJ0dHZmaVFMUk1wdDVMUWtlUm84R2QtUXFnaXNpdFJxTlNGSTRISFR2Q0cxQnpHVWV6bTBNOGNJWTBubkIyWUdpUEdyaWd1OGo0Q2lHVEVmYnA3VWYtbmthWDhNLTBKdUF4T0tocDh2RXMzMFFQelBnUkZVQXpaRFRIeUg3SXRUVkNqaFhXR1hZdnVPREwxMTZEeFkzU0ppdlFCS1NSR3dpRV9wc21DQTR3RFhOdHQtYlVUMU80NWZfb0xSNVBaczhN?hl=en-US&gl=US&ceid=US%3Aen,Euromaidan Press,5 hours ago,💥 Drone Strikes,https://news.google.com/api/attachments/CC8iK0NnNU1OMjlUWWtKMFVuQmlOa05QVFJERUF4aW5CU2dLTWdhQmdvWmtOUVE=-w200-h112-p-df-rw,2025-10-20T12:58:19.878263
Ukraine war briefing: Energy war continues with strikes on Russian oil and gas plants,https://news.google.com/read/CBMiygFBVV95cUxNTTBBSzZKa2dHbG9PSTNMU1BQRE85NTBzeHl3SC1vV2pMQXEtYTA5N2taTWgxVEJwRXpCUlZyUEhpVzV1MGFBbXVzSC03Y3JheVBHU29ubXlIdE1VcWZ2RThqYlFDN1B0NmUtcWw0NHhFbkNiaUZ5eUQ4djV6VEI5RUVUdGtTR0Z0dzhOUnZTcElHbzVJbi1ObWxmSzlLRlhKMHBtTGwxSlA0VHdQbGJ4X0hpLXJ0cUFiLWI5MTZIM1JuMWN3c3B6eFlB?hl=en-US&gl=US&ceid=US%3Aen,The Guardian,11 hours ago,💥 Drone Strikes,https://news.google.com/api/attachments/CC8iK0NnNWtaR2RrU0ZkaGFVWXdaMWxNVFJEMEFoalJBeWdLTWdhSmdZUXZ0UVk=-w200-h112-p-df-rw,2025-10-20T12:58:19.878265
How Ukraine’s Ultralight Drone Fleet Is Punching $Billion Holes in Russian Energy and Industry,https://news.google.com/read/CBMi0gFBVV95cUxQNkhkYTNhbHJqSEI3OGRoT202YmlDUDZTbERzVlRIMjlPdmwxMkNZLTlnSFI5UTV4Z0h4c29PSmFDLXBaS0xMNDk5VjR0XzV2Ylp6VVZIeFV0ZG85S2k5TXV1dGNYN2gybVJwRnUwdjlVNDU5aThhMWNBdUtqYWZzU3l5bTBkekwzRVVhSFBqZHVzVi1sMGRhdzRZLXE3aVJqc0hpWlBBTlB3SGdHdTd5eFRPdllLRkE3UC1kNVdwV0xnQWVJQ0dVQ0FiVjZFV0xXSmc?hl=en-US&gl=US&ceid=US%3Aen,UNITED24 Media,2 hours ago,💥 Drone Strikes,https://news.google.com/api/attachments/CC8iK0NnNTVSV0psVEhOSVdEZHlaelJDVFJDZEJCaTNCQ2dLTWdZSmc1S09NUWM=-w200-h112-p-df-rw,2025-10-20T12:58:19.878267
Taiwan sets out new rules outlining when troops can shoot down drones,https://news.google.com/read/CBMixAFBVV95cUxPc0VZNVh5eklvOHA5cUVqd3d2ZGQzdTBnUjJGOGhnVTNYVTEwVFlkRElHYnBSWHc5Vzh4MXJFOWFWM3BhcG1ya3AtM3hfTmJZZ0dBUHc4d1hrXzd4ZmI1MXFJRWtJNW14X1pyRGQ0NFVZSXpSSjNXVlFIRDNOd01xMFdXX0NTdjhtYl96RHRiVEs5ZW5oUmlXZzVCS0lodDhGN3BiOXVZMjZfeFpoR1pLQnQ2dXlTamw4UFVERUdBQ1c5X3NG0gHEAUFVX3lxTFBBVnMwUHh4cmJBdHV5WVpOb1FHUGZXbDIxYWVjbmtWelBhRGhJZ0txam1UVkFyN1o3QTZ1dFBRY0ZzV0tJVXBMTzZHcXdYOGZvX3ZmTlEwaVlpR2RUOXNkdzQ4Z1FXN3lxN3J5NHU2UUZsZ1d0QnJYM0ZLQVM2OWhxbExfX1d3cFY2TkdMaDh1WmtWcW5HYjhLOTVRMkdKMzlJMmstOG1oSnlyT25senZNd2x2SXpYV3BuWTV2WlRhcnBDdko?hl=en-US&gl=US&ceid=US%3Aen,South China Morning Post,53 minutes ago,🛩️ Military UAV,https://news.google.com/api/attachments/CC8iL0NnNTBTMGRJWkRSeFJGRnJZalpGVFJDUUF4aThCU2dLTWdtcGNZanVOR1Y3YWdJ=-w200-h112-p-df-rw,2025-10-20T12:58:19.878269
UK military to be given powers to shoot down threatening drones,https://news.google.com/read/CBMioAFBVV95cUxQeTJ3ZjNDV0RQa1JyRzFfa0U2a3N2V3E5NFlMWUladlYxQ0RHY1BPc1ZYOXdsbHBTZ1l5VDBDZ0RIVVlsZmFGbGRoalVzSzNVN3ZIWU8xU0xUVGw0TVJFQTdSd1VVZm1TQlRhRk0wQ3B6TEp6MFBNUl8xU3RKeF90V1QzUXBIVHc2R19rRThBMnBhLWRWXzNKb1VLOXpmdWRl?hl=en-US&gl=US&ceid=US%3Aen,Sky News,3 hours ago,🛩️ Military UAV,https://news.google.com/api/attachments/CC8iK0NnNDVZa2RUVjJKRmJWOWxSWEZNVFJDZkF4ampCU2dLTWdZTmc0eXRMUVk=-w200-h112-p-df-rw,2025-10-20T12:58:19.878271
Zelensky’s Drone-for-Missile Proposal Met with U.S. Cold Response,https://news.google.com/read/CBMiqAFBVV95cUxPU1dLN1lLbkVadzV0ajhCMHRlRklfTXZwVFpXRHVJOXNHQ0g2ams4dG02WmsxZ25QX2c3dUhnNWJYNmNGSmo0eDhSRmJVNUQ4Q2pHZXEzOFJOQnZFOVAyaGctM0J0VjRCczZYemI2Z3pWN2gydmxRaW1lOWRvUG9yOWxQNE1BSWFmeDktbFpVbzNCeHBMbEdBR0tHTnR4V3RBWWdDQ0ZndXHSAawBQVVfeXFMTVFxMC1nY1Q2cHFRQUNRNjFIbWpLeDZ3V0RsOXp3ejZPb2dadkQ3SDc1b19HZ1lUZ01rOHhpbURWVHpTa1ZESzJKSVNDQVBOMVJzV1NsbnVvZE5sbkFRSlBYUjJOS3ZEWVVCcFVEcHk2alhzVENQTGQ4MEhuWHpRaHA4ZXpVeGRveTA0dl92ZUQwbXJ1MnAwQlYxWEpKSExGVjg3Qm85VWxlT3htVg?hl=en-US&gl=US&ceid=US%3Aen,Военное дело,4 hours ago,🛩️ Military UAV,https://news.google.com/api/attachments/CC8iK0NnNTRORzF3YW10TGMwcGhVVWxFVFJDZkF4ampCU2dLTWdZOVlvb3lxUWM=-w200-h112-p-df-rw,2025-10-20T12:58:19.878273
"Video shows China’s huge ‘GJ‑X’ stealth drone in air for the first time, signaling potential threat to US",https://news.google.com/read/CBMimAJBVV95cUxNTUR0OEJRaUUySEtaUmZieVZmaS1CMWtwMllIVjlJU1ZOalVBRDh5MkhPdUUwek1jc1BGVDFGc1g1bW1aSGFDcGZTZkVzUHpyRlF2V1hUSy1VUXdmdzZXc2hsRjlubEZ1VnBDenFLNWRHS3dSbF9hWTMzZVpOdWJxelF6dnllbUJjYXFndnFGLWdEaXR1M1pWTHFDVDBuaG5xSmFwZTVyWVg5cEk5ZDhPMU5GXzdOcHVBdFhQNmdJa0lMVHVPdGlWQk8xaHFsMlZlMmREQjVTYmVjZXVNeGtUVlliM2RLMmxKXy1Pdy1KalhHd1IzN09XaThwWm1LM3lXNVVPWXUtSEItM1RYc3A4ejlzNzBHMGxM0gGYAkFVX3lxTE1NRHQ4QlFpRTJIS1pSZmJ5VmZpLUIxa3AyWUhWOUlTVk5qVUFEOHkySE91RTB6TWNzUEZUMUZzWDVtbVpIYUNwZlNmRXNQenJGUXZXWFRLLVVRd2Z3NldzaGxGOW5sRnVWcEN6cUs1ZEdLd1JsX2FZMzNlWk51YnF6UXp2eWVtQmNhcWd2cUYtZ0RpdHUzWlZMcUNUMG5obnFKYXBlNXJZWDlwSTlkOE8xTkZfN05wdUF0WFA2Z0lrSUxUdU90aVZCTzFocWwyVmUyZERCNVNiZWNldU14a1RWWWIzZEsybEpfLU93LUpqWEd3UjM3T1dpOHBabUszeVc1VU9ZdS1IQi0zVFhzcDh6OXM3MEcwbEw?hl=en-US&gl=US&ceid=US%3Aen,The Economic Times,5 hours ago,🛩️ Military UAV,https://news.google.com/api/attachments/CC8iL0NnNHRPVWh6V1RkVlNXcERhM1pyVFJEZ0F4aUFCU2dLTWdrQllJUk9yZVNTU1FJ=-w200-h112-p-df-rw,2025-10-20T12:58:19.878275
A Ukrainian startup is turning to AI to outsmart the Russian ambush drones blowing up supply trucks,https://news.google.com/read/CBMiiAFBVV95cUxOU2pMeGkzd2ZGRkM4X1pVVDlmU1AwMXEwaENhYWZubkJhYzdaVG83Yk1zaThWSktQQ3BGNFFQY2x4TUljSnBMQVV4UlpyVEdOMHVNWU04Q1VvZjFDQ296eDJGU0dMaTdTeFNnczN2alpqNG9kQUlaTUtJbGthN1ZCeE5sOWg4dk9M?hl=en-US&gl=US&ceid=US%3Aen,AOL.com,3 hours ago,🛩️ Military UAV,https://news.google.com/api/attachments/CC8iJ0NnNHlOMU4zU21KeU1XeENjRVZtVFJEZ0F4aUFCU2dLTWdPeEZBWQ=-w200-h112-p-df-rw,2025-10-20T12:58:19.878276
"British troops to be given powers to shoot down drones on sight, Telegraph reports",https://news.google.com/read/CBMikgFBVV95cUxQXzdRaW1yS0VtOWViOXpwWHJPQW9tZVIwMWhNOEJOLWRkNHEzc1dQX0JoQUx5cEJkYzUyaGlMU2swNUpielY1ejRYUnliSHN6MDFRd2JRSnBKY180b0VucUNKOVhYYWF4bkV5OXJyZmdnUHlIazN1ei1SbkdScGdCbENHWTA2U2lqckZLRUtlaU1RUQ?hl=en-US&gl=US&ceid=US%3Aen,The Japan Times,13 hours ago,🛩️ Military UAV,https://news.google.com/api/attachments/CC8iK0NnNDBhak55WmtSVk1rbDZXV1ZSVFJEQUF4aXNCU2dLTWdZeEE0Z3dqUW8=-w200-h112-p-df-rw,2025-10-20T12:58:19.878278
Troops given powers to shoot down drones on sight,https://news.google.com/read/CBMiiAFBVV95cUxQWnJsQjVxaHRrbmw0QndrYWVGWUlvVEY1eHRZM25UM1k3Q05pSDhvLXVEcXlLYUtleFRjdFlHWVh1RVpVVzJ2c0xyS2R2S2psTTBic1ZGQUk4UUF5R2VnVnlaTHQ0cUZEbEliNE1ka254c3pxZXlxX3UwbEhLTjdJcml5QXMtVFVM?hl=en-US&gl=US&ceid=US%3Aen,Yahoo,15 hours ago,🛩️ Military UAV,https://news.google.com/api/attachments/CC8iK0NnNXhkVnBqYVhaMGJXWkdWbmRZVFJDMkF4aThCU2dLTWdZQkFZYktHQXM=-w200-h112-p-df-rw,2025-10-20T12:58:19.878280
"Ukraine Lacks Capacity for Mass Drone Production, Analyst Says",https://news.google.com/read/CBMiowFBVV95cUxOUks2OTk4SVY1Um5Qd1ktUUs2dElJR2JhTElMcVJqaFplY1U1QnpzNnVsYWJlN3lyaFMxU004MzBtYU5JNUdRaDdRYklJTDRSanNqM0Zmd1B6WVk3UU5pOTU4Q2xfbzZjMi1MRmF5am15OWxFR2g2MWVOT1NTcnE2NGpIQ19tMVJFb29IYU82bVBSLW45dmRMSUJiZ2tMWGV1elhZ0gGnAUFVX3lxTE5TNkY4YzZDQWJxbUJOR2laSjBlaEctaTBOUEo3aHNaTHR6NXNXX3pfcUZFaXNWOU5FVk4tY3RBcXc0UE9EZjRfUVJxVERuQ2FROWJzdUtZMzJDSFZ1VHZ4Q25IZVlFX2k5X0k1WmNMRDZ4QjdlV09pZ25wSG54aFhUTmIxODdkNGtPejN5NkVCeThiNFVpUzg3c211R1NWS2M3bDBxNllz?hl=en-US&gl=US&ceid=US%3Aen,Военное дело,5 hours ago,🛩️ Military UAV,https://news.google.com/api/attachments/CC8iK0NnNHlNblJ6UmtoS05YVTRSbDk0VFJDZkF4ampCU2dLTWdiSk1JNlZuQWc=-w200-h112-p-df-rw,2025-10-20T12:58:19.878281
Vapor CLE is AV’s Latest Take on All-Electric VTOL Drone That Fits 26 Mission Payloads,https://news.google.com/read/CBMiXEFVX3lxTE80X0ZRZWVzVndfSmV2ckNKWUQzaUZvUERzUnMtUVpMa2c5WDB2VEpxSGNzVW16UHAyOG1PVG1hcDlPODg3UU5teUhjOU5xb0hESm9EU0lQbEoxQjhK?hl=en-US&gl=US&ceid=US%3Aen,NextGen Defense,1 hour ago,🎯 Tactical Drones,https://news.google.com/api/attachments/CC8iK0NnNTVTRUZpV0ZOSGNGUjVSemh3VFJERUF4aW1CU2dLTWdhTlI1Q21vZ2c=-w200-h112-p-df-rw,2025-10-20T12:58:19.878283
Russia Revives Old Battlefield Tactics to Evade Ukrainian Drones,https://news.google.com/read/CBMipwFBVV95cUxPNVBKSUItOFdrZ3RJZDFmanVwMVNMUTFSU0d6VEQxVmNiVGlDX1dFX3dEQmpSQ2p1SVB0NVE1WHdLc1hLZUVkMmVkS0lScGhCMWtKVXFtUzFPMTVnRW5pdDk4ell0cXRKTXJ5OXkycVMzU0xPS3BPZW04OWR5ZTcyVVltUlpBaXFFSmRPV2xtdDFlRHM0Y09QNTN3cXFQNllNLUgwLS1QNNIBqwFBVV95cUxQZEROdWpnSmdJNGIxMGt5RWgtendxeDU1TTBrNmxmY0FCYkkyTkxsU0ZwVW1ndTRlbXB5THNOR0YxbUZHZjZ6WFN4ZVl6SDZvanF4enpMaE1MZFFPLWhacUNlZnRwcjQxVUloWllJN0I3aHZScHhjeHkyeEt6TEhPVUJ3QXdvaG5OaUxNMHo4OEtRVS1USmQxVDhhQTZSNkEwWkRXcERwdWFRZzQ?hl=en-US&gl=US&ceid=US%3Aen,Военное дело,10 hours ago,🎯 Tactical Drones,https://news.google.com/api/attachments/CC8iK0NnNXFSMlEyVEhkNU0yVllWME5wVFJDb0FSaXNBaWdCTWdZaG9JaFp1QVk=-w200-h112-p-df-rw,2025-10-20T12:58:19.878285
Zelensky urges allies against appeasing Russia after US trip,https://news.google.com/read/CBMipAFBVV95cUxQeHhKdWVNbG9vTXZXUzkyMVJISDlablhLQWFrZGVkNnE4V0ZwZ1ptZ3lDb2hIbzBfMEp0MzdVWWYyRkViTE10d1RDbUNnTmpMS1pqZ0gtQkRweW9LeUhpakMza0JPREVzWDhvMWVUQV9QSVVqYmhEcmRQdGVPX2JWWHBCdzNKbTBpaS1EYkJldUU1R3pldGZrU1hmbzNWSjB2aDR6Yg?hl=en-US&gl=US&ceid=US%3Aen,Space War News,2 hours ago,🎯 Tactical Drones,"https://encrypted-tbn2.gstatic.com/faviconV2?url=https://www.spacewar.com&client=NEWS_360&size=96&type=FAVICON&fallback_opts=TYPE,SIZE,URL",2025-10-20T12:58:19.878287
China says US waged cyberattacks on national time centre,https://news.google.com/read/CBMinwFBVV95cUxQaDFubmlDaDVlMXZKYWJLcW9sMi1ueENNb3VDRjN6TzBtWjZzTDhMMXZIZzlnWmpueUVMNWZCNXN5MThyNngtdnlJLXhhRUVzdGRiVjBBUjBJamFISmhPRDVfaTIxZWItYXpOZzN0dTlua3hMZnJkTW44eXlObXllR05CNXpFdmtkWEhpRkM1blROUGszQ1JpTzRtV2tJcU0?hl=en-US&gl=US&ceid=US%3Aen,Space War News,2 hours ago,🎯 Tactical Drones,https://news.google.com/api/attachments/CC8iK0NnNU1RbTQzVkMweGQwdHFZMUpGVFJENkFSaXNBaWdLTWdZQlVvQkZWUUk=-w200-h112-p-df-rw,2025-10-20T12:58:19.878288
Airbus streamlines its tactical UAS offering,https://news.google.com/read/CBMilAFBVV95cUxPTDZRTUw1YWFSenVaXzUxVk9BSGp4d1RORkxpREpHUjFBR25KdkF4VWNFd0JjZ2lVQjVHY2NiclVyOGMwcmdGZ2pJMzJnZFFqNXJQRW9LS19tN1cyUktlNS13MU1KSXpES0pLZE1FOUVyMERoMHExcG84cThZSVRua256VnQ3US1pZFZWVlFDZVp5QktY?hl=en-US&gl=US&ceid=US%3Aen,Machinery Market,23 hours ago,🎯 Tactical Drones,https://news.google.com/api/attachments/CC8iI0NnNWlZVlZCVmxGSldFMTFNV05EVFJEckF4anhCQ2dLTWdB=-w200-h112-p-df-rw,2025-10-20T12:58:19.878290
Kia showcases range of military vehicles at Seoul ADEX 2025,https://news.google.com/read/CBMivAFBVV95cUxPQzZpWVcwTkM1X3Z6WXVUSDdxOTZ0WnFBX2NiMWc4M0wyUHBvbE1fc1dyX2VXWFJETjRWQTc3VmhnbU9oUlR1VWVDLXQ2emNLZUJsNTBSeUk0TG55UVJYT0Z5THRMbmlrU0YyRXZBa19Lanlvd1JyVGd4cmVjT3V0U3lMUTNKWDNSdl9kdjdpTTlPcWJqMURmOFJnc1d2eXdGMDFrZHA1Y1E5RUpPM0cxYjY4QzZydERELS1OQdIBvAFBVV95cUxPQzZpWVcwTkM1X3Z6WXVUSDdxOTZ0WnFBX2NiMWc4M0wyUHBvbE1fc1dyX2VXWFJETjRWQTc3VmhnbU9oUlR1VWVDLXQ2emNLZUJsNTBSeUk0TG55UVJYT0Z5THRMbmlrU0YyRXZBa19Lanlvd1JyVGd4cmVjT3V0U3lMUTNKWDNSdl9kdjdpTTlPcWJqMURmOFJnc1d2eXdGMDFrZHA1Y1E5RUpPM0cxYjY4QzZydERELS1OQQ?hl=en-US&gl=US&ceid=US%3Aen,The Korea Times,12 hours ago,🎯 Tactical Drones,https://news.google.com/api/attachments/CC8iL0NnNVVZVUo2U21jeVZERldURzVTVFJERUF4aW1CU2dLTWdrQk1JNE1QV1dpcmdF=-w200-h112-p-df-rw,2025-10-20T12:58:19.878292
Lt Gen RC Tiwari Commends Technological Advancements at Eastern Command's New FPV Drone Node,https://news.google.com/read/CBMixwFBVV95cUxPNU9DcXpkYzdkUzlMQ0I4LUFCNEQ4c2lsdUVCQVZLTENMaU9xeXp4aUh2OUdyLWdyd0JTZ0c0aE9IZnFTWm1iTDlJTXI3R1hnQ3FtdVhJUkxOaE02ZGlTQ2t2bzJ5WmZZdDBRS25OZnRRQ1FkblZWOUlaSjhwX1RaNlVpMXB4NXNIVjdfTkYtQ3hKOEt5WjY5aE5xTUQ5Z2JJckhKODMzZ0VXazhTWEthNlU5aVpCR0MwV0dPMUJkUnVLMVdOUzZR?hl=en-US&gl=US&ceid=US%3Aen,Shop SSBCrack,21 hours ago,🎯 Tactical Drones,https://news.google.com/api/attachments/CC8iK0NnNVJWVWhaVFhGMVluUlhiVWRuVFJDZkF4ampCU2dLTWdZQk1JWXV0UVE=-w200-h112-p-df-rw,2025-10-20T12:58:19.878293
Vance event honoring Marines criticized as a 'dangerous' show of force,https://news.google.com/read/CBMirwFBVV95cUxQZXQ2RnBJOFhoak1CTHA2TWdleFBsa0tfcEZ6akdFblBPWkM3bUFHUUJwZGpJellXX2ZseDkxSGxHZDRmY3pVYXBmMFkycVg5dVdsTTRBdzd3UlJtWDdFXzg1b1hJZzFLV19sQzlKUDBIZkQxVUp4MkR4U1pMb3RoanY4QnBZclRRUktPemZCdzl0NTJHYzlmbmt5V0JWWDlZT2RTd1FYa084ZUlGM3hB?hl=en-US&gl=US&ceid=US%3Aen,Space War News,8 hours ago,🎯 Tactical Drones,https://news.google.com/api/attachments/CC8iK0NnNVdVVU5zVGtwNlUyVTJjMWRVVFJETkFSajJBU2dCTWdhVmxZakx1UVE=-w200-h112-p-df-rw,2025-10-20T12:58:19.878294
"Afghanistan, Pakistan agree to new ceasefire after continued clashes",https://news.google.com/read/CBMirgFBVV95cUxQRGRGdWpTdHZ5RVpJWUVCbkNKalg0bnNqTDNSWTBKQ1I2Z1BDelE4NG9DMFJEdWdwZW45WjVNTnZucW1yRTVLWXRPLTVqUHhxcDk1Z2pwVnhMUnNZQ2ZldXBrWXVER2xXNXZzb2xCa2ozN3BnMkNSZEt6ZjRvQWJIc0NkZGdaUlplOXpSQkw2ajRMV21IcHRBQUpmb21PNl9ld2lnRGtyTHBOSE1LbUE?hl=en-US&gl=US&ceid=US%3Aen,Space War News,8 hours ago,🎯 Tactical Drones,https://news.google.com/api/attachments/CC8iK0NnNWpjbFJEZDNoQ1kzZE1RbWh0VFJETkFSajJBU2dCTWdZQkVKaHZrQW8=-w200-h112-p-df-rw,2025-10-20T12:58:19.878296
"Exclusive: Ukraine drone attack on Russian gas plant hits Kazakh output, sources say",https://news.google.com/read/CBMivgFBVV95cUxNN2ZXUGdXbDUzelVIemFVQ2pPc1BBNjAyNmdudlIzSS1Hd0c4bGtxSXhITkpSdElYZEZDSzAtdEptM21rSC1PZU1uSl9Vd1R2UDhJWFpJSm1FTnROdWhMYUhXdUxoVnlxaXJGcy1Qci14Z3NWWGlyaVV3dUpZS2EyWFJydVpUZW56cXZ2aDlTT0hvMkxZUEVSdmxhTXZBQnRUTTI4SXl2X2czQXdkZUYzUEJvaHp2YUZjQ2tDR1Fn?hl=en-US&gl=US&ceid=US%3Aen,Reuters,1 hour ago,🇺🇦 Ukraine Drones,https://news.google.com/api/attachments/CC8iJ0NnNUZaMmhsZW05TFoyczBTbU0xVFJDLUF4aXdCU2dLTWdNQndCQQ=-w200-h112-p-df-rw,2025-10-20T12:58:19.878298
How Ukraine’s Data-Driven Approach is Impacting the War Effort,https://news.google.com/read/CBMikgFBVV95cUxOTHVsZXJvNVBEdVBLb2lqUUgzb01sNGhzSVR1RlZzc1lhTktjdVRIT3ljazBpb1BxQ192VFpJN2lfVzB4dk9meHR0cVU5cmMweVZ3cndNNWVSak5pSkI0UlJPRnpjSHYzZHhRdUJCRmhOeTRIVGhOT1JBQUl0Y2tfMzkxNzZLZElJbFpSQ1V2Qk9oUQ?hl=en-US&gl=US&ceid=US%3Aen,VoxUkraine,3 hours ago,🇺🇦 Ukraine Drones,https://news.google.com/api/attachments/CC8iK0NnNWhPRWt6UTNnM0xUUk9aV28wVFJDZkF4ampCU2dLTWdZVmc1Qm9zUWM=-w200-h112-p-df-rw,2025-10-20T12:58:19.878299
No Cause for Alarm: The Case for a Measured Response to Russian Air Incursions,https://news.google.com/read/CBMisgFBVV95cUxPVnFaOUx4b1dXZDY0NURTbXZtc1ZSUWFkVWZWU1BKMXVvbzNQQjRvRVE1aHppRE1nSm9YbjNRZXhtQjBqbmxlQ2tUd3BRUkZrZTdfSllfa0txV29BMF8yc1NQYUFOUlFJRUxrY1U5OERLSFRWU1ZkbUpRMG9wVTRmQ1RkVmZvQXY1WFRHdXlqbUxNMERTdWpuZXdpY0tuYzQwa3lBakxlcWhKNnA2dFlWSmVn?hl=en-US&gl=US&ceid=US%3Aen,War on the Rocks,5 hours ago,🇺🇦 Ukraine Drones,https://news.google.com/api/attachments/CC8iL0NnNDBZemMyU1dweU9YbEZkbTlYVFJDZkF4ampCU2dLTWdtVmNvd0lRdVZNQ3dJ=-w200-h112-p-df-rw,2025-10-20T12:58:19.878301
Blackout for blackout: Ukraine punches back for Russian attacks,https://news.google.com/read/CBMimwFBVV95cUxPNExLQm96dEJxTVR0TkVPT2p1VmNBYWF2V19TT1R0aGZzd1NRTnhnOHhnYjlDZzJtYjltN2FaZGlTME9vWXcycE5GazNPV09OYmdjZUxZdnpJWDExYXFLa1R1LTVQYmZ2dmoyY1JBcmJPNGhGZmFwQ0FWeGFqMW9VV3dKRFUxdUhXaVVxdWFXVjRlM3NPb2dKYlh0dw?hl=en-US&gl=US&ceid=US%3Aen,E&E News by POLITICO,2 hours ago,🇷🇺 Russia Drones,https://news.google.com/api/attachments/CC8iK0NnNTNSalZUYjFaeFJtZGlXa2w2VFJDUUF4allCQ2dLTWdiQkU0d3lGUW8=-w200-h112-p-df-rw,2025-10-20T12:58:19.878302
Ukraine war live: Trump warns Zelensky to accept Putin’s terms or be ‘destroyed’,https://news.google.com/read/CBMiswFBVV95cUxOOFZlZnA0V20tQXlwYUtzMnRNUUpTR2ltSFYzdWFPS1NkU1RwcUJGUFh4OWdrNTJqTVFVV096QnN2Uk50WUE5NE5MNFcwVHAtT3c0UkZwM19aWmdwM0tubVYxVHJQVi0xQ002SGF4U3BzanpXY1VLMTFJMmtNSWlQaTBBQnYyUWNDN2d2a05BRXY4bzRsTEdLS1NRWk9FLVZpODkzRFlseGJpeDFiektPeU5Odw?hl=en-US&gl=US&ceid=US%3Aen,The Independent,9 minutes ago,🇷🇺 Russia Drones,https://news.google.com/api/attachments/CC8iK0NnNXdOMUpIU0RSTmNHOUdSRVF3VFJDUkF4ajhCU2dLTWdhRlk0NkdKZ2c=-w200-h112-p-df-rw,2025-10-20T12:58:19.878304
China's Huge 'GJ-X' Stealth Drone Appears To Have Been Spotted In The Air For The First Time,https://news.google.com/read/CBMiswFBVV95cUxONUJ5NVd1UlEtMGc0NDluWDVzYW1HSW1sMmVYVDlMeXVwQzZJNkdDOTJGdDhVaUN5R19qaFdhWTF3QVMwdXdRU29Lbjg1OHppejlmMlduSG51d3NQTFNsbG9mLWdqNFJZMHdydzF6NnNURFhsREN1NDRZVWtaYm5TWXE4VEtqVmxubk5ud2R6dUNOS1RjZ21RWW9nNUctUlliOE1jV1pDUjVKdWZLRkdOZnVXNA?hl=en-US&gl=US&ceid=US%3Aen,The War Zone,16 hours ago,🇨🇳 China Drones,https://news.google.com/api/attachments/CC8iK0NnNUdVa3RJY0RWb1NtNU1MVmhSVFJDZkF4ampCU2dLTWdhTmNwQUp0Z1k=-w200-h112-p-df-rw,2025-10-20T12:58:19.878306
"Watch: China’s ‘fireworks capital’ Liuyang puts on a massive sci-fi-like drone show with nearly 16,000 lig",https://news.google.com/read/CBMipAJBVV95cUxOekxQa1Rja3A4dUplaURhVE1XbWN0OTNacl9PYUQxeDE5UDMza1kxQlI1dmQ5b1JhQWEtbGxYdjk2SE9TXzM1aHhlYlFHT2RReGpXVUhuQk0zXzZpMGJYaTMza0ZXeWNGT2VON0JYUVRSUmN2MjlVMWpDejJ6WU1ETkhodm02MktMWmFhb1dZMHItamlmai1IOW5sNEtWbVBjMzZHZWhFb3lYMTVCNWVMWHRrWDg1bWNfTnBjU1Z0WHpSOU84aXJRU2pMeWwzOWQyMnRuV3Zzdkd2LWpnMm1IUjNDMXhnZXZRckczZDZnSXNCVGxMbDJ0VG1YQnhTWlJsOFhfQ1hDRzh0LWg5ZFowUFV3RnRkSHVDclZZc3NmY21OdHhL0gGqAkFVX3lxTE1JWERXTkMycXlwRnBxb0JRQ2owMWZlb0tuckRfWG1oWXVJZGMtbk1ZRklveFkxYmFzcUh3Z2VJS0NKcElZXzlNMnhGandHOEs1M1B4RVBSdmVGVElFM3UtdmZWQmhuNk1SMm45M09uQzJpTEl1WVFNR0ZOLUVSSlh5VXE0VDNJTmhwZldVNXh6akh4MXZweDBoLTRLSklBd0dLLUhPV0NXVE5HQ08xTjFXVDl1bkxRbUJwWTVvV2VYdm9BOXlBM1d6NjR6aEJjVVZJSld2bkJmWG10SlMyU2JpaDh2NE9VTkl4N2NvZWk3NHlzR09WcVpWUU5COUNmVGIzcmZvd0ZIeWd1VHVpRFpkbW11eS1nYllKUnZQSmM0YWN2alBoRkpZekE?hl=en-US&gl=US&ceid=US%3Aen,The Economic Times,5 hours ago,🇨🇳 China Drones,https://news.google.com/api/attachments/CC8iK0NnNXhkMlpEZVdSTExVTmlUM3AzVFJEZ0F4aUFCU2dLTWdZbFlJVE9zUVk=-w200-h112-p-df-rw,2025-10-20T12:58:19.878308
"Liuyang sets Guinness World Records with fireworks show of nearly 16,000 drones",https://news.google.com/read/CBMiuAFBVV95cUxQMEpfdmpqRDdsVS0xNmxtU2FzckQwcTU5VFhoMFh0a0tTcEFScnFXX0J5R1E1YkQxYnBmZ1RNTDJkc3c5b3QyMUpMMkJSR083UjJEaGpMU0k5azlaQXZ2NUMzX29fZ0JtMm1DSXZ3a2NhOWdVZDQ0SkdhcFRfZzhSZkRDVE96VzNqYzl0TlZwbTVGWnh0X0lqbUlXUDdkTFMwc3NBOE5VQmt5dW9YaGRHUVpNR2tIaTY2?hl=en-US&gl=US&ceid=US%3Aen,news.cgtn.com,22 hours ago,🇨🇳 China Drones,https://news.google.com/api/attachments/CC8iK0NnNXFhbGd5TjFsTGREVXpSV05DVFJDZkF4amlCU2dLTWdZaFpvd01xZ2M=-w200-h112-p-df-rw,2025-10-20T12:58:19.878310
Xinhua Headlines: Low-altitude economy soars as China's new growth engine,https://news.google.com/read/CBMiV0FVX3lxTE9Rcy1DMllmTVh6M2oyYWgyN21xaWJkOXM1dzB0TldwM1gxdlROYmZiRGszWnpLeXBhWHNMR0ZXSC1MNV9nT1ladDAxS1NTd1Y5MnYzVEQ4MA?hl=en-US&gl=US&ceid=US%3Aen,eng.yidaiyilu.gov.cn,2 hours ago,🇨🇳 China Drones,https://news.google.com/api/attachments/CC8iL0NnNUxlbmt4WmpCZlZITldlR2g2VFJDb0FSaXNBaWdCTWdrQlFJNE1NZVp5aWdJ=-w200-h112-p-df-rw,2025-10-20T12:58:19.878311
InPics | Corn harvest in Tongliao of N China's Inner Mongolia,https://news.google.com/read/CBMifEFVX3lxTFB5ZXN6b3ZCMjNjeVJBWWwydzk1REdGNUxaMFhDX2tpSW8xSEEtRjhKeUNVaXhLSVNXczdSQjN5UWtrcjRmeFlVSEl3RVVJSFpRbWZLSGNfa3VyUjRsQ2VYMWNuTi1Sb2VHTGZ2STdyemlEY2F5M25INFhkczM?hl=en-US&gl=US&ceid=US%3Aen,Xinhua,3 hours ago,🇨🇳 China Drones,https://news.google.com/api/attachments/CC8iK0NnNW9VV3d0VkdwNGFucG1SVXd4VFJEQ0FSaUVBaWdCTWdhQjBvSlFXUUk=-w200-h112-p-df-rw,2025-10-20T12:58:19.878313
Golden autumn days draw people outdoors across China,https://news.google.com/read/CBMiiAFBVV95cUxPUVNDQ3p4bkx2U201X3ZaN283OE9tZnJuSklZcmVpVFJtQ1Z4ZlBmQTR0NktDRWNNMk9PYW51V3QxdnVKSnBQRHg0Qmx6SkMzZWh0MEhZNEhJMkVtR0w2WnFBc2ZoYlZpMEtEdXJsTmIzUkdCRm1DQVVCWVZMMmFUc2hXUkx6UHZp?hl=en-US&gl=US&ceid=US%3Aen,English.gov.cn,10 hours ago,🇨🇳 China Drones,https://news.google.com/api/attachments/CC8iJ0NnNW5XVWw0YUhabE16UXhNbXczVFJDM0FSaVRBaWdCTWdNQkFEdw=-w200-h112-p-df-rw,2025-10-20T12:58:19.878315
What new weapons did China show off in its massive military parade?,https://news.google.com/read/CBMibkFVX3lxTE9NU3RZOTdVc09ZaW9RUUpid0tkNWhORmtuTGpMLVBQRUJBWHFERXd4bktnblBZVXNyV2tGc3BSM0VsUFI3OFVTMWVVcUFCbE43dFFuOXlzZ0lsNjg1OTJBZDJPV0FEcXlWVXpRUkFR?hl=en-US&gl=US&ceid=US%3Aen,AOL.com,20 hours ago,🇨🇳 China Drones,"https://encrypted-tbn2.gstatic.com/faviconV2?url=https://www.aol.com&client=NEWS_360&size=96&type=FAVICON&fallback_opts=TYPE,SIZE,URL",2025-10-20T12:58:19.878316
"Corn harvested in Tongliao City, N China's Inner Mongolia",https://news.google.com/read/CBMifEFVX3lxTE5aZHYxMGpiMnN3TWg4UnFXSUJGVnFwRHJGWTIxbV9WODNVeVVoV2dKOEJIdDNHSlJBWVQ1R3NuTExHSzFGNGo1Z3dqZ1UzWmJBVHFLYnhBLTRueXNxMXU2d3lKVE41ellERlFzbWhzbnU3RWtDbnpLSmthZlg?hl=en-US&gl=US&ceid=US%3Aen,Xinhua,9 hours ago,🇨🇳 China Drones,https://news.google.com/api/attachments/CC8iK0NnNVNVMHREYlhnMFNIZFJUVnAyVFJEQ0FSaURBaWdCTWdZQndJSlFXUUk=-w200-h112-p-df-rw,2025-10-20T12:58:19.878318
Iran’s IRGC vows stronger ties with Yemen’s Houthis after Israeli strike,https://news.google.com/read/CBMiUkFVX3lxTFBOQ1ZpWk9ZVnJtVDR1SkVSMkVlem0wa0tNV3A2QUlaUVNiRmZHQlNYY2xPVnpZOHV3OEhpMlV0ZURyWldBWWhJaFBTeGZVTEhlSWc?hl=en-US&gl=US&ceid=US%3Aen,ایران اینترنشنال,3 hours ago,🇮🇷 Iran Drones,https://news.google.com/api/attachments/CC8iK0NnNVBSWFJ6ZDJveFZVdFViRUkxVFJDM0FSaVRBaWdCTWdZRmNJcFBzUVk=-w200-h112-p-df-rw,2025-10-20T12:58:19.878320
Video Shows Iran’s Missile Upgrade After War,https://news.google.com/read/CBMiggFBVV95cUxPdWZrOGlaZ1ltbXBEeW9taW95Y3pXR0lkZUZfaF9BbzQzdUZNUGUyWF9rTVZWTkxmd1NkX0FzUHlHS2VobjlFZjE0TkJYcUV4Q2JHeEZ1SF9reHo3RnBQVWdjbmxBMmdyVms1OE1oUmpUV2tIZVlOZGx1d3FMeFg5Y2tR?hl=en-US&gl=US&ceid=US%3Aen,Newsweek,2 hours ago,🇮🇷 Iran Drones,https://news.google.com/api/attachments/CC8iJ0NnNXdNRjgyTm5Gb2VEZ3piMGh5VFJERUF4aW5CU2dLTWdNaDRBdw=-w200-h112-p-df-rw,2025-10-20T12:58:19.878322
Drone display in British Parliament part of Iranophobia campaign led by Israeli lobby,https://news.google.com/read/CBMingFBVV95cUxQd1YxY1dwUmswUnhINjBWWE9hSUwzMTZfMmFxaGpweGV2R3dqbFVRdFQ3N2ZUclhNd2ZITXBXMl9QTmp5N05MaUxwRVFPMHdpeEYwcnFxNkpOVEhNLThoQzdIbURQVEpzTVpNY3BvVGdpNVY1ZVVERHZHUEduU2FWY1pjXzYtOF9MaXVoSFJxMlQ0U3BSMy1BUVdjdFJrd9IBR0FVX3lxTE5ERzNNSThrRzdQdzQwLUdyMG5zM2RURWQ5eWZTWWgyLWZvcWMwWTZpX09CeEItZXk2ZnZFSUtUMHFVMVJKYVBF?hl=en-US&gl=US&ceid=US%3Aen,IRNA English,5 hours ago,🇮🇷 Iran Drones,https://news.google.com/api/attachments/CC8iK0NnNVpjbVJxTlVKV2VXMTNMVTlNVFJDZkF4ampCU2dLTWdZcFVJSlpIQWM=-w200-h112-p-df-rw,2025-10-20T12:58:19.878323
Iran slams UK drone display as Israeli-backed political stunt,https://news.google.com/read/CBMinAFBVV95cUxQWkl0eVUyWkZ2UV9GREtvMGc4UWdubjN6MXh1VVFPUEJycTJlN25vX1NfLVFGZ1hrX3dTT1F6ZTdOdXFDam9rV0pqYWlLRE9zcktHMjFXZDBtX1FZR1RZRjhtaVY4Tk8zSUp4Vlg2LW1ZSktwRExnOS00ZEpNQTlPVHZMNEVKN3lXNFFkN09MMk5ObEpMMHk4RVFnTlE?hl=en-US&gl=US&ceid=US%3Aen,ABNA English,7 hours ago,🇮🇷 Iran Drones,https://news.google.com/api/attachments/CC8iK0NnNUxNbEZyYTIwMFpERTFWek5tVFJET0F4aVlCU2dLTWdhQllaSm5NUVk=-w200-h112-p-df-rw,2025-10-20T12:58:19.878325
"Drone footage of Gaza city shows destruction, displacement",https://news.google.com/read/CBMiqgFBVV95cUxNQjJGZURsam1rc0VyaUNGY2lQZW5GY0ZCUmRhLTY2VEVRWkdaZGk4aU5mZkZ6M3VVcFpuVGVnc01ad2VHSnc2b2ZwMWYzM2d6YU1lOWdXTGlDUi05UmRzUHhNd0NtZU5ZSDdlN09kMmNKenBScG56ZUtWcGJiNVlPai1wbTVOOHFtTVpKc2x1b1UyVmdVamctcElPd29SM0plSmNNSzF3cFRUUQ?hl=en-US&gl=US&ceid=US%3Aen,PressTV,1 hour ago,🇮🇷 Iran Drones,https://news.google.com/api/attachments/CC8iK0NnNHdiMU01VTJ0SVZuSXphVUZaVFJDY0F4am5CU2dLTWdZQnNJU2tTQVE=-w200-h112-p-df-rw,2025-10-20T12:58:19.878327
Polish FM rebukes Iran for selling drones to Russia,https://news.google.com/read/CBMilAFBVV95cUxPVUttbi11ZlZmWHFyTW5xNTliREZ2ckR4TUlKQVluS3NuSEJObGlOTEVtYTl0UzAzUEV3RGZmUnJjdEJTSVVEVzNiR1RSNVFTZ2FQRWRibXE2UklhZDVLcmxKeVppeF9NNUs4TUh1OWdpYWcyVXY4OGRjTVUyLW1wTGZselN0cE5YbENHclpvSjY4NGUx?hl=en-US&gl=US&ceid=US%3Aen,TVP World,21 hours ago,🇮🇷 Iran Drones,https://news.google.com/api/attachments/CC8iK0NnNVpiVEpqUjBwVFpFODNWbEZZVFJDZkF4ampCU2dLTWdZeE5ZYXZIUWs=-w200-h112-p-df-rw,2025-10-20T12:58:19.878329
Iranian FM: Drone display at UK Parliament ‘politically-motivated’ act staged by Israel lobby,https://news.google.com/read/CBMi1wFBVV95cUxOWG45M3N4WGRMcm9xOUlEZUw5WWxWSFFvQmR2MEFlYjdSaGVMNmZCSnFYS1liMnFSdFhCeEFfWWpFRmhwSkU4Y1ZiY3FxWVJpa2R4LWhLMWMyUm55ekV4dW14ZXN5czFlblV2VG41VVFDcE9xYl9GZ1YtbjI5NURiV2xZNW9kRGpRd29UTGdhWUVQU0laRV81VXB0bW9wS1NfWjdBTjd4dHFvMExCMGp2V2V1SWZucjJkN3BYM205Y3NxcS0xZDNlem10cU9rMnhubmdrVkVZMNIBS0FVX3lxTE80UFVXYl9vbnVBaERKSEt3SzRlUC1KX0tHRjVKOXVEV1dNWEY1eERTZUYzUDJrMWZVQXp4cXNOQ2thOHFZeksyZ2FKUQ?hl=en-US&gl=US&ceid=US%3Aen,خبرگزاری برنا,4 hours ago,🇮🇷 Iran Drones,https://news.google.com/api/attachments/CC8iK0NnNWhOblJmT1V4R1RXOVVWVVpLVFJERUF4aW5CU2dLTWdhaFJwZ0xJZ2s=-w200-h112-p-df-rw,2025-10-20T12:58:19.878331
The Gaza Terror Offensive 9 September – 14 October 2025,https://news.google.com/read/CBMidEFVX3lxTE1rTW9zT1h2cHZpRWtyUzFMc3podVFaeHFicE9CZHFoQnREOHc3SDBJZVIyaUZmbjRmWXBDSnZMaXdOb2E2YVVuMFlGSlg4OXlDWjUtb2Z3Smx6dndDMFZKNklyeDduVVowT25JRHlvMTRxR29j?hl=en-US&gl=US&ceid=US%3Aen,Begin-Sadat Center for Strategic Studies,2 hours ago,🇮🇷 Iran Drones,https://news.google.com/api/attachments/CC8iK0NnNVdRbmxmU1ZwZlpEWktSMlJqVFJDQ0F4alRCQ2dLTWdZaHBaVE5PUWM=-w200-h112-p-df-rw,2025-10-20T12:58:19.878332
"Israel reconstructed air defenses after 2024 Iranian attacks, only to see them fail again in June",https://news.google.com/read/CBMiogFBVV95cUxOSzljaUxGUjZ2M1Z1MTlzbFNKa0ZxTjRuYVpyM1d2MnctMS15WG91ZFlwWEtoQ2RuUDcyMmNwaERoRmZUSmFnNmROaXhQSlRyQVlld1Bxb1ppcUxKRlFvRGRGTFVrNldQWTdWQUpIc2dWVW51OFE3bkh3ZzBCajJWRFRHSGdESGtXelhMYVdtRlNHdTc5TXNjUmZockEyR2tPLWc?hl=en-US&gl=US&ceid=US%3Aen,Tehran Times,18 hours ago,🇮🇷 Iran Drones,https://news.google.com/api/attachments/CC8iL0NnNXVVMHhMZWpGZlRYY3lYMHRVVFJDZkF4ampCU2dLTWdrQllJYkN3T1M0MXdB=-w200-h112-p-df-rw,2025-10-20T12:58:19.878334
Is FT Vest Laddered Buffer ETF stock considered safe haven - July 2025 Recap & Fast Moving Stock Trade Plans,https://news.google.com/read/CBMilAFBVV95cUxQbm1WWkZYeWRwZEl1Ull2a3ZNUnNQYU9PZlB6azZiWUtFVWYxVHJfc1BKeVpxaWNXXzlpZV9kQ1VSOEJyNG5uSUtNamtfNDFSeUpNMm9VeVJhWEtYS3BNNWh5Tm1rckJZd0FEVUNXQ3h1U2M1Rl9Xd3p2azlQTjUyZ1dCM19TYlI4ckdpd2hjWjFSR19v?hl=en-US&gl=US&ceid=US%3Aen,nchmf.gov.vn,6 hours ago,🇮🇷 Iran Drones,"https://encrypted-tbn0.gstatic.com/faviconV2?url=https://nchmf.gov.vn&client=NEWS_360&size=96&type=FAVICON&fallback_opts=TYPE,SIZE,URL",2025-10-20T12:58:19.878336
"U.S Vice President Vance to arrive in Israel on Tuesday, Israeli Airports Authority says",https://news.google.com/read/CBMivwFBVV95cUxQT3dNTFVBd0NWZlFnc04yMlZuTjVCRTcycTZFWHo3ZHVZTGNxaUhad2VlcDd0Zl9NWUxsYncxT05ZNXhoY1lwSnZON3FuZzlld1FnVHNIa04tSU5lN0tZdnFWMUg2ZzJsWTNOcFlOeU91SEhIY3MyNlBpRGdDeEVPX0dCSW5ncEVZVXA0Tm9FTUZrVWJmUC1lVElTcjh2a2hWczVRV1FaUHFPVGJXTmdubEF1RDJFWmozb1lVRHFNaw?hl=en-US&gl=US&ceid=US%3Aen,AL-Monitor,2 hours ago,🇮🇱 Israel Drones,https://news.google.com/api/attachments/CC8iK0NnNWljME5OVGtNNWIyZGtiRTVTVFJDZkF4ampCU2dLTWdZRlE1TEZuZ2s=-w200-h112-p-df-rw,2025-10-20T12:58:19.878337
IDF drone crashes near Gaza border after malfunction,https://news.google.com/read/CBMinwFBVV95cUxORFQ1N2U3eFV5SGNPZ1FRNU5IWm5rcWRia3A0VXBLdTNMVVNydlQ1S3dBZVc3R0FyMnFSZTJrTE5namxlRnVoV1VTcU1rdDFaUG9pcDZjTTRTVkVEWEZMRlczRnU0WUJMRkhycFFSMWFjdXZrM3hrUUFJZE9pMUh6TE1KcmVUWERZaHJlZjlSaVhBVzlqYkFjYXhsVUxwQU0?hl=en-US&gl=US&ceid=US%3Aen,The Times of Israel,6 hours ago,🇮🇱 Israel Drones,https://news.google.com/api/attachments/CC8iK0NnNW1NMUJQTW5oM1IxbGxlazVSVFJERUF4aW1CU2dLTWdZQk1aVFZHQWs=-w200-h112-p-df-rw,2025-10-20T12:58:19.878339
Palestinian Authority unveils $67b Gaza reconstruction plan,https://news.google.com/read/CBMiXEFVX3lxTE1MNUROVEdJNmZSaEpPWGFmM3JQbXl5cTR5WGZqeWNGT3pLbE41MUZZTWRUcUR6Y2d4YnRVTGZ1TF9SUkt4Rk1na2ZmY05vbWZFaVdXUFNHVXNSWlAw?hl=en-US&gl=US&ceid=US%3Aen,The Jerusalem Post,4 hours ago,🇮🇱 Israel Drones,https://news.google.com/api/attachments/CC8iK0NnNUJlSE5rWDJ4alIybFpNMEppVFJDZkF4ampCU2dLTWdZQlVJTElQUVU=-w200-h112-p-df-rw,2025-10-20T12:58:19.878341
LIVE BLOG: Israel Kills 42 Palestinians in Gaza in Renewed Aggression as Hamas Heads to Cairo - Day 745,https://news.google.com/read/CBMi0gFBVV95cUxQQXhCZkZfWTJta18tNnphUzB4amdGa3pQeTJCWEozSUdjUnY2dkJMU2ozMURXWnBDZjhVMklHWU1FOXdXTXBsM3FaX2tUc1pjRUR2SmhOVlBVS3dxUVlrWGkwZjNkNTZ0VGFDaWtmVDQ3QUF2XzJNYUYzX0VNM25qMFhWZ0hmdVhuUXY5cXRpeDJnVWJiTUQ3YUtZaTF2R2o2dXRmQkRnQy1iTGd6S2pXeVFwQzg0T0JkT1Ntdkc0ZnpRRTFKT1hoMElha2U1UU1IYXc?hl=en-US&gl=US&ceid=US%3Aen,Palestine Chronicle,8 hours ago,🇮🇱 Israel Drones,https://news.google.com/api/attachments/CC8iK0NnNVVUMmRoVUZWaFRGbHNWbnBEVFJER0F4aWtCU2dLTWdZQlFJekxJQWs=-w200-h112-p-df-rw,2025-10-20T12:58:19.878343
Gaza latest: Trump's top team in Israel as ceasefire tensions persist after deadly strike,https://news.google.com/read/CBMimwFBVV95cUxPdkZ0QWV5a2k5bHhyQnpCZWZFek9qd0g0RzR2Nk5aSjJRbG5ESXNtb2tCcmlCdzNEcjhqeC1ieTQ3allHMmFlVE12anRXRk00R0tSbkVXRG9QWWdUdm9xU0c1QnNOXzJFLXNrYTZsMjZkT2FCbTVLZVlCdkhpNl9FOUFRQUdpVWtWNTVvWVFOSmk3SkpkTXg1dHJwdw?hl=en-US&gl=US&ceid=US%3Aen,Sky News,7 hours ago,🇮🇱 Israel Drones,https://news.google.com/api/attachments/CC8iL0NnNUhaV05SZEZKWmRWZEthRWMxVFJDZkF4ampCU2dLTWdrQmNJQkV1YVI1LUFB=-w200-h112-p-df-rw,2025-10-20T12:58:19.878345
Denmark Eyes Israeli Barak MX Defense System Layered Shield Against Drones and Cruise Missiles,https://news.google.com/read/CBMi2gFBVV95cUxNajUyWlhkdTJ0VFdPQW5Od2F3Y0tvUktaWldGSmZXZnFONExJQzEwcWhRRV9JVl9qV1JzTFVXV1R5ZXZZdllEVXVQZkQtbWdoLXl1YnZkMUFhcFRKLVg4QXYxNEdEMXNkZnpRejJ5Z2YxNjVwNUJwRFA5VmVUVG9IRE9fUlJwSV9Yb2IzY21JX0Y3djhQaXdCX2VZdElaV0pTUXlJVEtmRHZTeVFKNVl4V2pDUXQyMlB6eDl1Sm9jVjNUVWhQUjdDNHE4ejl1RTRsZExjZTJydlA2dw?hl=en-US&gl=US&ceid=US%3Aen,Army Recognition,3 hours ago,🇮🇱 Israel Drones,https://news.google.com/api/attachments/CC8iK0NnNXdTVGxuYkdGd1UweHpRa0pwVFJDb0FSaXNBaWdLTWdhQkJvQ0VnZzA=-w200-h112-p-df-rw,2025-10-20T12:58:19.878347
"Israeli military launches attacks on Gaza, ceasefire under strain",https://news.google.com/read/CBMi5gFBVV95cUxNTkRMa0N3UWxMUjJsbXp6cjJIdFpUbHlPanFDMjNtZzRNU01lTVVfWFA2ZU5CMklwTnc4V3VrWjBzN0stM0NkeWY5STlaek5TMGdyakthdEk3cVJRUDR6WnRaemdYOUc1dmI4Tmp6bmJReWFNUXl5VXNDRVprM0cwVFhybVg0ZHNEckVna1BMZjJndWVtUUVUMjAyYXlGS3p3Q2NTMXdsc2JxVnNjMk9rYy14bmtIWjZLLUlZb2YtQXhBWGpkbU1RUzB6UU5tVllZQjRQWTBDX2wtcHdSdk8zUnI3V2ZxUQ?hl=en-US&gl=US&ceid=US%3Aen,MSN,11 hours ago,🇮🇱 Israel Drones,https://news.google.com/api/attachments/CC8iK0NnNVRVbko2UTI5UFIyTlJOVXB0VFJDZkF4ampCU2dLTWdZQlVJUk12QVE=-w200-h112-p-df-rw,2025-10-20T12:58:19.878349
"North Korean submunition found in drone used to attack Ukraine, report finds",https://news.google.com/read/CBMihwFBVV95cUxPOGpZSUdlbFNybmRMNkh1c05IbGQyeTdvcm5tTU9HT0JnaW5GUGNiWjcteHZya2dzNlpMQmVyaU5MMmJTRTdmcWlLeGM3VHRUUFYyMTRMaXpPZmZEN1FpZnhxellpWkl1NHNIS2dnQWlXblpuT3lueXdrc1UtZkJBaVhDWXE2MFk?hl=en-US&gl=US&ceid=US%3Aen,AOL.com,1 hour ago,🇰🇵 DPRK Drones,https://news.google.com/api/attachments/CC8iK0NnNHhaWFZJT0RSSVgxUlBNbVZEVFJEb0FoaUFCU2dLTWdhcFZKQ3VMUWM=-w200-h112-p-df-rw,2025-10-20T12:58:19.878351
Public support for unification between the two Koreas dips below 50% for 1st time: Poll,https://news.google.com/read/CBMiyAFBVV95cUxQbG93X09yMk1Xdzk4WVpzRkppSDRmRWFmN0YtRDVoRklKMEJPVjVzN003SWhjNUNlQnEya1lKTDl2c3ZndExvZW5zVG81SmVFb2ZNOUtLSXZpYlVyRUcwQXdUQ1N0ZmIyZTd0cGlMcDRpZThJQlNvalZ6cmlEazBPQmtZal9PYWp5SkhtU1FMUlExclZ4YXNSWnExQUxYQ1pubWw3bGctUzNaR3E1aG9zU3dsRTNxZVRud3dWWVRwaDhlR0htUUY2MA?hl=en-US&gl=US&ceid=US%3Aen,The Straits Times,4 hours ago,🇰🇵 DPRK Drones,https://news.google.com/api/attachments/CC8iL0NnNTZUSEZ0T0VaRGIwRkhiemRwVFJERUF4aW1CU2dLTWdrQmdJNlVOR1ppc0FF=-w200-h112-p-df-rw,2025-10-20T12:58:19.878353
"Stray Kids Conclude World Tour at Incheon Stadium, Announce Comeback",https://news.google.com/read/CBMijgFBVV95cUxQVHdvYTJ5ZXpJTmM0Y1Z4a3dhY2JOUDBrZHk1MXNyZEs2cDlkWnJ0NFJTLTBjVEI1dkdiUFlabmlkdENSTmRzVXZiem9EZTZuLTN1dGNMU25ub1ZpUmtLOEJYdWwxOGpfVnMydDYyby1XeFAxaEJMMlV0cTJEZ3YyVUcwd21ZYml5TVZkUjdR?hl=en-US&gl=US&ceid=US%3Aen,조선일보,10 hours ago,🇰🇵 DPRK Drones,https://news.google.com/api/attachments/CC8iJ0NnNUZTbTlCU1U1T1JXRm5WMjh0VFJERkF4am9CQ2dLTWdNRndRdw=-w200-h112-p-df-rw,2025-10-20T12:58:19.878355
Mystery behind New Jersey UFO scare last year solved by private company,https://news.google.com/read/CBMijAFBVV95cUxPX3Jndzk3THZ4R2ZyeV85Y0FEVHZmNlVDemtObnl6R2ZCUzNRRnE4cHJvZ0dIRkRyX0RmMHhCYlI1Z0h5WDRLd1ZSX1ItNXFFUE40S1c2SmZiRkVBS0QweTd5c0xMck5NVmdCMmZGYTZfUDQ1ZmxlanpxbGhpbHJqVkZpeUFMU1F5V2tfatIBkgFBVV95cUxPVkdmbENrZkk1UjVGd2RJWm5KUy1zcHV0Nl9uQm1sZVZJalJLc1ByalB1SVBaUlVramI3bnNGUWZjaGZUZ1NkamNVT1hqQ01Lc2ROdjc4ckotanI4UkFveGpWWVNGWEFQUUZpUVczM0ZTNllZSlBuS0Fkdkd1VWZYZlRkbDBxUmdFUEpldUwySk90dw?hl=en-US&gl=US&ceid=US%3Aen,Daily Express US,18 hours ago,🇰🇵 DPRK Drones,https://news.google.com/api/attachments/CC8iMkNnNXJRMnRxVW5ObU16TnVTM0kyVFJDUkF4ajhCU2dLTWdzQm9JZ0p3Q1JqRjFsdVpB=-w200-h112-p-df-rw,2025-10-20T12:58:19.878357
New Jersey UFO mystery solved! Top secret military firm confesses to sparking drone hysteria,https://news.google.com/read/CBMi1wFBVV95cUxPS2VsVmRHRTVsVHB1dEJTRTZCZTY5X0RCTmdCWUM5VzNmV2JyTExkZW5TRFFETUZNODhTQ2pnZEZzRTZIVVB6bHFvNlJUN3NiVGNTUzdRbkt1cmV5MUt1c3BXTi1WdkIxTlJYUGdBa1QwQ19meWU4RktMVm92N1Q4X205cWR1U2ttRFZtaHhjdjEyVUo3TjltQjZWSGt5MkQ1TV8zWW9OamFTdUJrSWpXZjRzdU9LT25qUWRHcDNMVkhGMk44U2UtZmJlUWRwU002Z1FQQi1HUQ?hl=en-US&gl=US&ceid=US%3Aen,MSN,4 hours ago,🇰🇵 DPRK Drones,"https://encrypted-tbn2.gstatic.com/faviconV2?url=https://www.msn.com&client=NEWS_360&size=96&type=FAVICON&fallback_opts=TYPE,SIZE,URL",2025-10-20T12:58:19.878358
Private Contractor Admits To New Jersey UFO Scare,https://news.google.com/read/CBMiiwFBVV95cUxOeVJCSVAtZnNJUU1fdmNSbkFLd2Fid0NMZEtaclZucnJHaVl6NmxjY0FLeTBrV25IRVE4SDF0bDZXdVhpMTR2Qzh5TnBxMkg1WWZLNFg0bUhDbThZTjRhMWxuS1ZRRk4tdGxkQ1lUTms4Q3poaU1IWDZpVkU5MWVoVFFwUFhla0w2Mk1F?hl=en-US&gl=US&ceid=US%3Aen,Evrim Ağacı,18 hours ago,🇰🇵 DPRK Drones,https://news.google.com/api/attachments/CC8iJ0NnNURXalZYY0ZKeldITnNiak5rVFJDaUFSaTNBaWdCTWdPdEpTUQ=-w200-h112-p-df-rw,2025-10-20T12:58:19.878360
"Ukraine Invasion Day 1,337: it could take RU 103 years to conquer all of UKR.",https://news.google.com/read/CBMia0FVX3lxTE5BMVlOQVFOVXdsTGJHbklLMUhpcmRsVUdQeXVCS2FRVm4ycVdjR1lmWGdFOUV6WVh6NXFabEJrX3BMdnpoRld4YUZhM0U2cV95dnlDdWotc1VMVTFXMTFuMU5mWjRKMTU1SkFV?hl=en-US&gl=US&ceid=US%3Aen,Daily Kos,8 hours ago,🇰🇵 DPRK Drones,https://news.google.com/api/attachments/CC8iNkNnNHhWR2RSVlZaV2VqRlVTa1ZMVFJDcUJCaXFCQ2dLTWc0SkFwYXlFR3R4elZtczBENlhKZw=-w200-h112-p-df-rw,2025-10-20T12:58:19.878362
"Ukraine should give no unoccupied lands to 'terrorist' Putin, Zelensky tells NBC",https://news.google.com/read/CBMiuAFBVV95cUxPR0RLUWRUWE9makpYSXZKTzlKV0FkbFZRR3NYYVdjQ09rQU5aOEgwQng2c3RpOEdkU2w4T0VEdHhvZVAxTWJVbmdVaVFMYXFqLUtuMG91bUlhWWlrX1hnRE9Uc0NqMGVEc09iMi05aEQzM0RTVGJ6ZE5ucW0zdmtvV0JIV1VvX01JZUEzTUlRamVMdFZIb2x0TGhENlVWX2xJV3B1QUxzN1RCdkFhNkRZQ0hXOFJLLW03?hl=en-US&gl=US&ceid=US%3Aen,The Kyiv Independent,20 hours ago,🇰🇵 DPRK Drones,https://news.google.com/api/attachments/CC8iK0NnNUtZMGxpWlZObVIyRmhPWGd3VFJEUkF4aVRCU2dLTWdhQlU1d0tJZ2s=-w200-h112-p-df-rw,2025-10-20T12:58:19.878364
"Ukraine needs Tomahawks for mixed use with drones, - Zelenskyy",https://news.google.com/read/CBMinwFBVV95cUxNc0xIRFJqMHJmU29wZV9lMEZlRUJSbXNVajg1NkJvdVZDSkJaVkoxZTZnQ013SDBYUzZUbjVhSHRMbk82NzVZa25UZnhvQXBSZG1idVJwY05TVjBYT3pWd1dEY0xya2JsY2dySk4wcnliSXdRN2ZBQUxWV3lDR1NCOTFocllTWFBoYV9ZVXVOT3J0Sk9Ya2hpcGJUZllRd2c?hl=en-US&gl=US&ceid=US%3Aen,Цензор.НЕТ,20 hours ago,🇰🇵 DPRK Drones,https://news.google.com/api/attachments/CC8iL0NnNWpSelJYUVdaYWNuUkxNR3h4VFJDbUF4aldCU2dLTWdtSmdaVHpyT2laendF=-w200-h112-p-df-rw,2025-10-20T12:58:19.878365
"Turkey Couldn’t Get the F-35, So It Built a Drone Aircraft Carrier Instead",https://news.google.com/read/CBMirgFBVV95cUxOdWFsbVhHUlM5VGFlTk1rUzgtb0pZOTdZblFyYVJ4NUwxMW54MkZma0t6a0I3N0ZEZDd0RUpSd25lVkNqSTZoajBLNTc4TmhWdHNvY25xb09DSExkNHR1am45OFp1bHI0djhPQmJLY05QNDBFdzY1YzBQTGRSWXp4ZXNmV3FXODZCRVgwcGFRTXZUREt6UDh1cG5pMnZPanRQM0tWU0dVNlZnNE9KbEE?hl=en-US&gl=US&ceid=US%3Aen,National Security Journal,21 hours ago,🇹🇷 Turkey Drones,https://news.google.com/api/attachments/CC8iL0NnNUdPVzlGTkdwNlpFMW1PR1pIVFJDZkF4ampCU2dLTWdtTmdZNU1zU2Vpa0FF=-w200-h112-p-df-rw,2025-10-20T12:58:19.878367
"For Turkey, Israel Is the Appetizer but India Is the Main Course",https://news.google.com/read/CBMinwFBVV95cUxNbnZNeWZTMm1PRjJINXpybWxNYk9zTUotbFA2cml1aU1sNFhLQnFOOHhpNWtwWktzRVo1LW96cXJhNXh0TzhSMFd5elVfUTJNYVBkWFY2dHJXZl9vWU84ZW5BMmNKdE1LeV9TU3FHdE9sS042cnFkUE1hSUZpV1pfUVpaWWFORFkwNFFMNVR1cWZHcm9BRkgtQThmeVFjUHc?hl=en-US&gl=US&ceid=US%3Aen,Middle East Forum,13 hours ago,🇹🇷 Turkey Drones,https://news.google.com/api/attachments/CC8iK0NnNVBVMjB6U1ZKc2NqZFhVamRDVFJDZkF4amlCU2dLTWdZaFI0NExJZ2c=-w200-h112-p-df-rw,2025-10-20T12:58:19.878369
XAG Honored by FAO for Global Best Practices in Sustainable Agriculture,https://news.google.com/read/CBMiRkFVX3lxTE44QU1SNjFXc2lPVkw0TXBraEV1bk9DRmVYRlJ1SHJTcmNDVlNvSng5VFNjVzBPNG1JT1BwNjlVVDA1RVB6LUE?hl=en-US&gl=US&ceid=US%3Aen,iGrow News,3 hours ago,🇹🇷 Turkey Drones,https://news.google.com/api/attachments/CC8iK0NnNDFTVkJtVTNoWlJVdzRZMFJEVFJDbEFSaXlBaWdCTWdZQllJaHNyUVE=-w200-h112-p-df-rw,2025-10-20T12:58:19.878370
"Türkiye allocates nearly ₺9 billion for space, aviation projects in 2026",https://news.google.com/read/CBMitwFBVV95cUxNblBSeDljSnJyRHVFMjR6YnlwMmdDQVFDRnN0VjZ1bEk2Vzk5UlFMOUNXLWVEOEU0bEZfanZocXJTZ29rbFBCWTNqUXN4N0c5YmhvaUlIZnJ2RWNBVlJrMFV1X1VYQVpsZFdGY0p2d1BXNDBrbkNvcmsxT0FaOXJGQXpxQk1HN202WV84MGl2b1F1NGdEcGQ3cS0wMlVtQ1IxX0RNcFd6RGFNNnBzOTFsczNwcnNoTUE?hl=en-US&gl=US&ceid=US%3Aen,Türkiye Today,4 hours ago,🇹🇷 Turkey Drones,https://news.google.com/api/attachments/CC8iK0NnNXlNMUJLTFdJNGJXd3dUbEEzVFJERUF4aW1CU2dLTWdZSm9Jb1R4UVE=-w200-h112-p-df-rw,2025-10-20T12:58:19.878372
Three Belgians arrested in corruption probe at NATO's procurement agency,https://news.google.com/read/CBMizgFBVV95cUxNaDl5VlZLRm15SzAwT1VycElZVTNhb1U4UDAzb2llWjJsZmlFNmVJb2tfLU1MTUkxY0UwUzV2emJEd0dxRjlLWl9yZUctVDlJR2l2YjhrdFRLSnV5SGtXYzlKMHFnZXplWlpCY1hScE5TWEIwd0VEVVJyaUp3VnIwYXB6SzhVZy0tc3Y1cy04Q1pDX0RsR0haZkJsRHZUOUxPdDg4YTkyajB5aTAzX0VNYVZRQWpqa3gxVzFlaGNrY2NNSnFGZFRoSFpadWRjdw?hl=en-US&gl=US&ceid=US%3Aen,TRT World,1 hour ago,🇹🇷 Turkey Drones,https://news.google.com/api/attachments/CC8iK0NnNVJkMEZRY0hGdGFIWjNhR0pFVFJDM0FSaVRBaWdCTWdhSmdaSUl0UWM=-w200-h112-p-df-rw,2025-10-20T12:58:19.878374
STM: KarguFPV drone achieves first direct hit with armour-piercing warhead in live test,https://news.google.com/read/CBMitgFBVV95cUxQektHbmJFSkZRa1FTdmpDQUVROGN3alF2LUpHT2FXUURENW1RYUgyenktYVlTUm9GQ3NnWUExbWV3eGJ2Q3ZtQl9Ta0ZGbUtHVEhQSkhfRnpXLU15cEcybVNsZ09KUFBEWXlYWEZSaTZUcC14S0Mzamw1NVhuc0IxWHhmTnJKRjY2cGsxM3hyalhzMHhFc0pJTzhiWnA4LTNSQWVBR1gzNVp3UXdJZkd2Xy1vNlpEZw?hl=en-US&gl=US&ceid=US%3Aen,Defence Industry Europe,18 hours ago,🇹🇷 Turkey Drones,https://news.google.com/api/attachments/CC8iK0NnNUhZVmhHVHpCb1ZXaDBjMVJGVFJERUF4aW1CU2dLTWdZRlpJNlBwUWM=-w200-h112-p-df-rw,2025-10-20T12:58:19.878376
Afghanistan and Pakistan agree to respect ceasefire mediated by Qatar and Turkey,https://news.google.com/read/CBMitgFBVV95cUxNbTFQM0RMWUpFMkF1bzRtSXpkZmg1dU40NzJzb01tQ2N5cGlJSjV6dDc3U1Jwa2I2d1hQNzhYMDJsV2k2akVyNmJhWDJPSHktbXI2RzhfeVVNczVaQ2Q0Zy1fY3Zfa1ZNUTJLVmRNSXVtOTBMM1RLanpiRUMtZjAzMWZzZF9uYmhoV3dxaURzSzMxZmw3TWtuSzBMZ1NWdVhaZjJHSUlCbl9QbWJmOE16dHJsOHFXQdIBuwFBVV95cUxQYzJ3MldDTm5lZFFvUjZYRHpZY2VVaTc1N2M0Nk94Z2ZOLV9yeFZENDJ0cG56QVJ5cVlxUkdtYTU0ZlBqRGhhQzZQdElxU2dFbkhjd0Nobjd4VnA1VEpVbWxSLXdLcEJfdVN1Rmp1a3diQ1M3MHJUZnladEhjaUJMS3BXN0VEMW1vbkZBMEtZWWhQSzhncTNxTHl5MVN4eDhteXdVN05QNHo5WUQwbW9EVjk1OUMzVGNSZEJZ?hl=en-US&gl=US&ceid=US%3Aen,PBS,20 hours ago,🇹🇷 Turkey Drones,https://news.google.com/api/attachments/CC8iK0NnNUpjRGxEZDBkRFF6aGtjbmRDVFJERUF4aW5CU2dLTWdhQm9aRGp1QVk=-w200-h112-p-df-rw,2025-10-20T12:58:19.878378
Russia says seven Ukrainian drones destroyed overnight,https://news.google.com/read/CBMiiAFBVV95cUxQZVlZWEZ5ZWZqRUVyQU9vdzFGdWZEZV80ZHoxeE1HelpWaWtQb0VCby0yYnRaZHFTNHpBQ3NlM3VFeGMwX215aUpqdmpTbFYyd0hvVjh3T09zQkFnR2tCeHpjX3hfNWRwd1U0TmZVcE9EaHVmdmJfTzVVeXhWbVFhc1pZTW1fWG5l?hl=en-US&gl=US&ceid=US%3Aen,Caliber.Az,5 hours ago,🇹🇷 Turkey Drones,https://news.google.com/api/attachments/CC8iK0NnNXRZazlqY1hwMVYweGhkMU5KVFJDekF4akJCU2dLTWdhWklwZ3BFZ28=-w200-h112-p-df-rw,2025-10-20T12:58:19.878380
What Are The Key Issues That Could Potentially Endanger Israel?,https://news.google.com/read/CBMimwFBVV95cUxPd05zR0hMdEFmQmxZdUlfYlJjaVZnX3Q0UEdReFVKU3NSUkVCV1dYelpRcFRYOVpfSjJsTEJxMXdPZ1J0R2pPWUlkZXpzMlUxTGRSaEtPN1pnQ1lrSlFxWUhiRjVqN1M3V2s3RFFQcFJEUnF2RkpZc082a25kQmNpVkZBQmtvWGUzcUlMRFc5RGg0akNOWTczU2FPdw?hl=en-US&gl=US&ceid=US%3Aen,Religion Unplugged,20 hours ago,🇹🇷 Turkey Drones,https://news.google.com/api/attachments/CC8iK0NnNUpjR3BVVFRsdk5FRlRhM0oxVFJERUF4aW1CU2dLTWdZQndJd0V3UVU=-w200-h112-p-df-rw,2025-10-20T12:58:19.878382
Safe Pro Group Receives $14 Million Strategic Investment Led by Autonomous Drone Leader Ondas Holdings,https://news.google.com/read/CBMi8wFBVV95cUxQb1MtSmpzQ015OFhpWFJDcEd6bEFPMHFmdHNWRElzNTBnbDJXWDlBakJLYWFRWjdfQ0RJb3ZuTzBPTUhnb3BaOFpvM0ZHMDNIaGE1eXRPOUVuZnZxWXVTZVdyODBqelQ2by1ieDlqYTg0dmljSWRnalZEcy1UYk5RTHdpTE9YaGFKTVp3Wm9XYU82YTlXZVdDRFZ1QkR4a3NqY1d6UXdfZmk2MU1Nbl9nSWI4eVpPaDE4NFZIeVppZ3dLeFlUdVlqS1JIQ2lWX2FJUi0xZjRDaVBZUWZYajBrMEt6X29KaGJPRWdrM1pmQXRBWnM?hl=en-US&gl=US&ceid=US%3Aen,Business Wire,51 minutes ago,🤖 Autonomous Drones,https://news.google.com/api/attachments/CC8iK0NnNDJSbmh6ZUdadllWSnhTVFZKVFJDSEF4aVBCaWdLTWdZQmtKU291QVk=-w200-h112-p-df-rw,2025-10-20T12:58:19.878383
"Fincantieri, Defcomm link up on autonomous naval units and surface drones",https://news.google.com/read/CBMisAFBVV95cUxNX25lTU9McVc0ZHN1WTNoa1BWMmY2Z2UwTHVzeUtNZjVxZDZseXIxVEYxYzFqZHZsRUZIdm5fb0ItcFl0V2NkSVBjQ2RZX3hvZUVKWWZXNU5KN2oyOG9jYkk5T3JCOGlBdmQxYndUYWpiVmZuYkJoci1rMU1kU3MyaXJtVEJIYlM3c2kyYkoyVVZSa21UcWxCcE1RVEdxMjl4LWtvSGZmZTBuMEYyRmtQWQ?hl=en-US&gl=US&ceid=US%3Aen,Naval Today,4 hours ago,🤖 Autonomous Drones,https://news.google.com/api/attachments/CC8iK0NnNHdlWHB3VkRWTFgxa3hOMHRuVFJDZEF4am1CU2dLTWdZSkU0RExGUXM=-w200-h112-p-df-rw,2025-10-20T12:58:19.878385
South Korean startup unveils high-speed interceptor drone,https://news.google.com/read/CBMiiwFBVV95cUxNdGJxcU1LZk16aVdWM1hzTXBkckt0Q0toLXBQZVZ6OG5sRjY5LXhURFlPVEgzeEUzOWlmYndsZ2t1ZjhRaFFCZVFNWVN3ZkFlb2xFSHE4eU5yOUI4RTA5M05yYllfNHM2elJGUXRKX3RMZXJiXzBCZ3dFdFVKS1V4V2VlU050ZGdXeHVv0gGQAUFVX3lxTE1kU2VxQk9RNUZwX3hRbTNMb2hIWmlMeDJ0Q2lCVDZZN0E4X2FQcU92MWl5U2ZFM1VIYUdJUzg4Y01kTHhITjhMdnJFZFQ1UmlZeUlxNm52OTR3MDNVMFlfS2IySkpsNzVNSUs3Y3pBTGozSEJqQkhEVmpqaWxQN3puQ2xmSl9vWVFYM0o0SlZjTw?hl=en-US&gl=US&ceid=US%3Aen,Defence Blog,33 minutes ago,🤖 Autonomous Drones,https://news.google.com/api/attachments/CC8iL0NnNWZha0ZUUmpNd09HTnlSR2x4VFJEZkF4aUFCU2dLTWdtQlFvRHFwV1ZVTVFF=-w200-h112-p-df-rw,2025-10-20T12:58:19.878387
Spanish drone developer Fuvex raises €1.7 million to fly high across Europe’s inspection skies,https://news.google.com/read/CBMiygFBVV95cUxPQ3JVLWttQTFRbjZydDUtc0hQVGpFS3J0a2JrdDdIbE5nODV6S3RUMzAwamhlazlNTmtlRjBraUxfcWplWnpfYmFfSW1ERllmSEo1NGNtZFIyUFZuZFB1NUZ6eG5OekpVQTJxVWRvb2lZRnFKUGN0QzJ4cFBHNl9nNFlJRml2dFVBWlN2NHNKeXpvdTZRa2xCODNmWDl4YVhmOEozNzVSWkhIMFhYUy12R251ZlhpZGVsTTZ2S2RfMk9NOWtYMHBhZUNR?hl=en-US&gl=US&ceid=US%3Aen,EU-Startups,1 hour ago,🤖 Autonomous Drones,https://news.google.com/api/attachments/CC8iK0NnNXFWbFZFVGxacmIwMVZibTVCVFJDcEF4alNCU2dLTWdZNUk0NHpsUW8=-w200-h112-p-df-rw,2025-10-20T12:58:19.878389
Global Defense Stocks Have Rocketed Higher In 2025 as Artificial Intelligence Technology Fueling Big Gains,https://news.google.com/read/CBMi9wFBVV95cUxPWnN6b0pwanExVWVMNDR3V3hrb1J3VVNvZXl0MVJJTWdKbUJXQm1BdE0xdzNmNTNPMGxLWG5KQWlfME9LU1ZmRVg4QVRmZFZnb1NOaHJVd3VLYVgzZmlmZmtrei1DWS1zS0swY09YanVDOXJOalBzcnY3UlpCZEFqLUdudDIzTzBIOExKQzZqaUVGYWRvUVNaaUNyeElLOGkwREk1bUVSMG5kZEVhVldxMUhFaTlJcnlCUDM0Nm9OZmNWWEQ2QndjUGxGNUhURFdVaHo5V180TkNCWFdIU1Jvc0lfS0lHT2lkcTBFWDJJaFpYY2w2ZXZZ?hl=en-US&gl=US&ceid=US%3Aen,PR Newswire UK,9 minutes ago,🤖 Autonomous Drones,https://news.google.com/api/attachments/CC8iK0NnNWxWVE42ZDNGWGVqTmxXSG95VFJDUkF4ajlCU2dLTWdZQmtKU0J1QWM=-w200-h112-p-df-rw,2025-10-20T12:58:19.878391
Drone startup Airbound raises USD 8.65M to power next-gen logistics,https://news.google.com/read/CBMiuwFBVV95cUxOQUs1WEVvRnpCWlRndmI2bUZYX3FjSXBaLW9YTlB4UkNkczQ4MjRmUUlsVzBMTzM2Q2Y2NzN0MFFCYVJvTnNJSjRPdmdoWExQZ3BjblR1SVFKOVgxcTRBSDlMN1RnUVh5RjNOMFZjcTdVcjJCR0FiTXAtOXlpbFQyVlpFbUxjaWdoSFk5eFZ1ejVUSFl5TVQyU1R3bDVpaGdVbTZMNkVQcTJ1b0NVcVU1V2hNdzJYQ3lGMzZv?hl=en-US&gl=US&ceid=US%3Aen,Prop News Time,4 hours ago,🤖 Autonomous Drones,https://news.google.com/api/attachments/CC8iK0NnNUtSbEUzT0ZsWVJVSldZV1ZPVFJDM0FSaVRBaWdCTWdhTnA1Sm90Z1k=-w200-h112-p-df-rw,2025-10-20T12:58:19.878392
The godfather of AI says the tech is making war easier: Autonomous weapons mean 'dead robots' instead of 'body bags',https://news.google.com/read/CBMickFVX3lxTE1DMXk2QkNNYzZqOVZpV2wwRjU5N3JQcmczS3F6ek1PRHlOMk9DSUR4akZrWmp4aThDMUktTzNRSUdKSkE5MHV6dkE2RXA1WGJMaU9UTVBCNkJnTjZPdjdBYzRZUERaVnN2S0JyLTRsVVEwZw?hl=en-US&gl=US&ceid=US%3Aen,AOL.com,21 hours ago,🤖 Autonomous Drones,https://news.google.com/api/attachments/CC8iK0NnNDRZV3RFUVhCMWRHdGtXRFV3VFJDckF4aUFCU2dLTWdiQmNvNFVzUVk=-w200-h112-p-df-rw,2025-10-20T12:58:19.878394
"Autumn scenery of populus euphratica forests, Tarim River attracts tourists to Xinjiang",https://news.google.com/read/CBMiY0FVX3lxTFBnX1RGVHZFbGk3U2d6cHJiS2FDS0tDM09WZXJna1NfbWRhRUgxZ1EwUDhuZ3drMERvQ1ZPM1lzekNJd1JiUGlMNjRXdGF0US1FMWZBYTlER3Fvb3RPTktkbGt6NA?hl=en-US&gl=US&ceid=US%3Aen,People's Daily Online,11 hours ago,🤖 Autonomous Drones,https://news.google.com/api/attachments/CC8iK0NnNU9RalZzYjNGMk9ESkViMnBsVFJDcEFSaXFBaWdCTWdZQmdZTEt4UU0=-w200-h112-p-df-rw,2025-10-20T12:58:19.878396
DGIST Announces Anti-Drone AI Technology at the World’s Leading AI Conference,https://news.google.com/read/CBMiuwFBVV95cUxPOEJGSlJJbFJUbUc3T2p3T3BEN0x1cHduSkZiSjFNQWMtcF82b01nTHFKMlFiRDFJaUgtYmZUTVQyWmUwbXZHd1lfWUVMWDJZWklMTm4zYW50ZjRYUkMtOS04ZDRqaDlabFBycU5vU2ttdWxxZGM1Vm51eDN0MFdIMHNXQkFRNklvUkZJMGpzV1VSdUhPV3N0LUJJaDh4XzU5bUV0WjVQX3lrQlBQTjdLWkdtdHJ0T1U2dXdv?hl=en-US&gl=US&ceid=US%3Aen,Asia Research News |,4 hours ago,🤖 AI Drones,https://news.google.com/api/attachments/CC8iI0NnNVhSbXhHTVhWSVpGWmFVMjk0VFJDZkF4ampCU2dLTWdB=-w200-h112-p-df-rw,2025-10-20T12:58:19.878398
Building NATO’s drone wall: An extensible shield for allies and others,https://news.google.com/read/CBMipwFBVV95cUxPNVBrU2VyQ2c5NzVOUGpVVDZCRmJZand0QUhReWIzb2ZYd3NSUlYxZXZ5WTVjb3hpSVZPOWp6cWxlTnVubDUyamhKRTNwUVVQQmQtWkRvTlpRUkVTb0pMakd4YUVzQkpKWXhTYU42bE43YVhpR2YxUnh1Z0wwNjhwcWphQWxCTDZFemI0ZzkxR2FHMWlqOUNsblNQbnMyM0ZDWVE2cHRkaw?hl=en-US&gl=US&ceid=US%3Aen,SC Media,36 minutes ago,🤖 AI Drones,https://news.google.com/api/attachments/CC8iK0NnNXNWWFJmUlhkbE9UbEJTVmsxVFJDbEFSaXhBaWdCTWdZQklvUXlsUW8=-w200-h112-p-df-rw,2025-10-20T12:58:19.878399
Anduril Demos Counter-Drone Kit to USNORTHCOM at Falcon Peak 25.2,https://news.google.com/read/CBMifkFVX3lxTFB0WGxfVzR6aFdBejV6a2k0Q0Y5dHRKNk1WaDBJSjBRSEhCNWRpc19xOFB5M3Q5VlE5dEdXWXFfaUxfcUtzaDVxMUM0R0F0dDlhekxJbmRVZkJKeUtsRWp1Y0NRZW56Tndjb0diUGE5VmhMb01SbFlFbnhMX2toUdIBfkFVX3lxTFB0WGxfVzR6aFdBejV6a2k0Q0Y5dHRKNk1WaDBJSjBRSEhCNWRpc19xOFB5M3Q5VlE5dEdXWXFfaUxfcUtzaDVxMUM0R0F0dDlhekxJbmRVZkJKeUtsRWp1Y0NRZW56Tndjb0diUGE5VmhMb01SbFlFbnhMX2toUQ?hl=en-US&gl=US&ceid=US%3Aen,The Defense Post,3 hours ago,🤖 AI Drones,https://news.google.com/api/attachments/CC8iK0NnNDJRblZMUjFwVWVFZDZibk41VFJDZkF4ampCU2dLTWdhUkk0d01vZ2s=-w200-h112-p-df-rw,2025-10-20T12:58:19.878401
"Lantronix Unveils Kompress.ai by Lantronix, an AI-Powered Platform That Optimizes Performance in Energy-Intensive Industries Using Vodafone IoT’s Connectivity",https://news.google.com/read/CBMivAFBVV95cUxOWWdobEtyYU5GM0xVcmtlRng2YWZlX09GdWtyQVAtQ1VEeEUtbXl4RXp3XzdKcUUyUjZwMFJBRmhvZVdUanRhdDh0SXd4TlJEeXliRE9ZZXpZaC1xcFl6cE9xbkFkYkhacEJGTUdFMFBvb0Jpb0NDY0dlS0VmWGNSZ2tIZHlLRVhNeGotTm9NUTNNSnVkeHVPSzlYdXEwOURqLVhsa0ZnRllfSXlGNUtuNXJwRnBHZEgySnFvZg?hl=en-US&gl=US&ceid=US%3Aen,Stock Titan,1 hour ago,🤖 AI Drones,https://news.google.com/api/attachments/CC8iK0NnNXFVRnBYVjFWRlgxcGZiamxoVFJDcUJCaXFCQ2dLTWdZUlk0NU9xUVU=-w200-h112-p-df-rw,2025-10-20T12:58:19.878403
DroneShield Strengthens Technology Leadership Team,https://news.google.com/read/CBMioAFBVV95cUxPa1B0b1phbGpzVWpUZVpiWjYxZHVLY1JLdTU0aUZKZkp6cnQ5a2t1b3BDRjlaOEF3NFQ4b0F0RGNMNUh3c1BKSlBYMzBpZnUyN25iRmlrd1lZTXZtd1FZT3hGZ0lSNXZ4VjZxVGRqSzk1RHFnVDVQSXdMQWItY3JHWDdIUGpUbXZLNUstVUgxb3VBRDlZQm1rd2U0TWg3RXg3?hl=en-US&gl=US&ceid=US%3Aen,DroneShield,15 hours ago,🤖 AI Drones,https://news.google.com/api/attachments/CC8iI0NnNVJkRGh1V25CVlNqUndiMVJMVFJERUF4aW1CU2dLTWdB=-w200-h112-p-df-rw,2025-10-20T12:58:19.878404
Unidentified Drone Near Spanish Airport Halts Flights in Palma de Mallorca,https://news.google.com/read/CBMiugFBVV95cUxNeE44Y00wUjVwTUo0WDFJeXNBN0RfNDREMUpmNTJpWHZEWS1uZHhLNENPVjZIel9xa21yTmg4QzJZUGNvTkpnRDhONXZkdmhUUUd4eHNhdUwxUWRjck8xdHM5SWpaVDlyXzhHaE1IcHFVajNlcjJ3cTdMZHFuQkxKT2kzN3JvTUY5dGR2dnViSm0xblFNZjAySlhCeERteDRBSkV2X3VCWEIydTEwNm50SVBSMUpoeTdYV3c?hl=en-US&gl=US&ceid=US%3Aen,UNITED24 Media,1 hour ago,🐝 Drone Swarms,https://news.google.com/api/attachments/CC8iL0NnNVVjemRmVjJwbFRsRlVha2RKVFJDOEF4aXlCU2dLTWdrQk1JSUMyZUlPNVFJ=-w200-h112-p-df-rw,2025-10-20T12:58:19.878412
"Going beyond the buzz, drone defense is imperative",https://news.google.com/read/CBMiY0FVX3lxTFBMSkJpM3BBMmttZTBNRVVGYjRBRVFvREloWXFtU3IzRTc2THJFNFA5SWtCcDJMUDNiQlhMaXk1cnhkc0hPLTduTEhhRDVEZk82em1sMXNiMm81VXNuem01QlY3WQ?hl=en-US&gl=US&ceid=US%3Aen,The Jerusalem Post,19 hours ago,🐝 Drone Swarms,https://news.google.com/api/attachments/CC8iK0NnNDBRMEppYW0xUFJYbHBaMVJCVFJDZkF4ampCU2dLTWdZbHRZNnRPUVk=-w200-h112-p-df-rw,2025-10-20T12:58:19.878413
Cheap drones reshape modern warfare economics,https://news.google.com/read/CBMiiAFBVV95cUxNTEVNN2VLNTNBc0l3X1ZOVzdOUlU1TkltQTdtaWxYRlZqSFFZWnZ3eFZ0QUdGSEhZYTRGenFjb0NVNkNPNHpVNFZvTnpPaFF2SDdzY3dDUUNTSlFweHZHbGxBUHFVcl85bTFWakxWeDdJTUtVaENUdEhEZHJ5MmtzN0RCVXM1R2Zu?hl=en-US&gl=US&ceid=US%3Aen,digitimes,14 hours ago,🐝 Drone Swarms,https://news.google.com/api/attachments/CC8iK0NnNHRkMFZMTUhWVGRFOWpkM1J6VFJDckF4aUFCU2dLTWdhQmNaQXZ1UVk=-w200-h112-p-df-rw,2025-10-20T12:58:19.878415
NIT Rourkela develops revolutionary herbal nanoparticle antibiotic to defeat superbugs,https://news.google.com/read/CBMixAFBVV95cUxNa2Q4QnhMOF9CSFQ3SFRCRlZPM2ZXZkt3NXY0NGtYWldza0l1SFhiUEJjcl9CMWRLMWw0cHVrT1ZJYnN4UmJVTjBmSHlkNkwxVVRyZ0d0Z0hOWW5JVERBQm1vNnJIeVFObE9GX3B5NFV3Q0ZVYUZyOUoxZ01SbUF6dTlDbWYtdmJ2aHh0SmlMbmtMcDc0SWRSeTg3dWVBTTJxTDhiQndVem9KTk83ZHZHaWE2NTNiLXdpRERuWVAybHhBNGIx0gHEAUFVX3lxTE1rZDhCeEw4X0JIVDdIVEJGVk8zZldmS3c1djQ0a1haV3NrSXVIWGJQQmNyX0IxZEsxbDRwdWtPVklic3hSYlVOMGZIeWQ2TDFVVHJnR3RnSE5ZbklUREFCbW82ckh5UU5sT0ZfcHk0VXdDRlVhRnI5SjFnTVJtQXp1OUNtZi12YnZoeHRKaUxua0xwNzRJZFJ5ODd1ZUFNMnFMOGJCd1V6b0pOTzdkdkdpYTY1M2Itd2lERG5ZUDJseEE0YjE?hl=en-US&gl=US&ceid=US%3Aen,Odisha TV,21 hours ago,🐝 Drone Swarms,https://news.google.com/api/attachments/CC8iK0NnNW5WV1I1WW1oelowMW1kbGs0VFJEWkF4aUlCU2dLTWdhcFVvd05wUWc=-w200-h112-p-df-rw,2025-10-20T12:58:19.878418
Houthis Threaten to Strike the U.S. Navy | WATCH,https://news.google.com/read/CBMiZkFVX3lxTE9UamFlbGRZYzBUbUpFYXFrbkh5cTQ5SmxHdm5ZWWtmWXBYRkQtUzZLci1LWUszdFRXUTVoVGZtTDJrZ2lZdVlFaFQ2a25wTHRKM1BfZHFzTExQYXotQzh0SWVKWG5XQQ?hl=en-US&gl=US&ceid=US%3Aen,JFeed,2 hours ago,🐝 Drone Swarms,https://news.google.com/api/attachments/CC8iK0NnNVpOM3B2TXpSa1drWjVRV0ZIVFJEUEFoaVNCeWdLTWdZeFlZalFMQVk=-w200-h112-p-df-rw,2025-10-20T12:58:19.878419
Roblox Destroy Codes (October 2025),https://news.google.com/read/CBMiZEFVX3lxTE5PN2pmdU83RmNacVBFUmRCbjc5QlhENktBdFRZbDJRMWF5TWNBUEpBVU41Z3FTTnZtck5KUXJ4SGktczFhREt5dWM1d01WOFkzdE9HUUNlN3RmdVhoMTBMdU4xUGY?hl=en-US&gl=US&ceid=US%3Aen,Pro Game Guides,1 hour ago,🐝 Drone Swarms,https://news.google.com/api/attachments/CC8iK0NnNXRRMGRuVUhONmF6aExTVVpYVFJDZkF4ampCU2dLTWdhbEZJek9vUWM=-w200-h112-p-df-rw,2025-10-20T12:58:19.878421
All Roblox Game Codes List (August 2025),https://news.google.com/read/CBMib0FVX3lxTE9Ma0pGWGxHb0NOQkpDN0VMbVNwb0NJeDZmaHU4ZlViZDlGVGVYOHpDdlpJbnNsU0NNUTBxV2Fva2k2bTFlU0tZdEN1T0g0VVI2RVhGNzU2Y0F2QnBYak5wbktFTGhSWGxMSjkwajQ1NA?hl=en-US&gl=US&ceid=US%3Aen,Sportskeeda,5 hours ago,🐝 Drone Swarms,https://news.google.com/api/attachments/CC8iNkNnNVVZMlJwUW1nM2FYbFNURFZOVFJEb0FoaUFCU2dLTWc0QkFJWWxqcU1Vd19xY3FZWnREdw=-w200-h112-p-df-rw,2025-10-20T12:58:19.878422
Swarm Robotics Market Size is expected to grow at a CAGR of 28.05% by forecast 2025-2032,https://news.google.com/read/CBMiY0FVX3lxTFBEbzZNcXEzN0RUOWNFblh2ck8wR1ZyQ2ZkdTcySHJRQjF1VzFSSFJNem51aWFWaHRSRjdzQUFsMGlIaFE0ay00em1XU0JpdlRXS0hMaGc0NnlGSk9HM3ZOWno0bw?hl=en-US&gl=US&ceid=US%3Aen,newstrail.com,1 hour ago,🐝 Drone Swarms,https://news.google.com/api/attachments/CC8iL0NnNWxkMDVtUXkxYWIwVkdlbFJRVFJDdEF4akxCU2dLTWdtQllZd1FxZVhBcndF=-w200-h112-p-df-rw,2025-10-20T12:58:19.878424
Buy 3 Drone Technology Stocks for a Stable Portfolio in 2026,https://news.google.com/read/CBMiowFBVV95cUxOUHR3U0VPaE82dFFFakVVc2Exb3FyWWw1RTBSSUZyOVBaZkZWVnVGRFRYSnZNTmd6Z0lfZ0lHdjY1OEdaYWNNdVlfdkppa3RjcEhBbjk2NWR6aUpodjhsLXhLWEI5bnVZQ3NyMGVrUlpRckJqR3YyLTJnbjVkbHVTTGU2QUYxQVNIUEhYSjhRRldRX3d6V0NFd0VnMWxnREdCdW44?hl=en-US&gl=US&ceid=US%3Aen,Zacks Investment Research,32 minutes ago,🔬 Drone Technology,https://news.google.com/api/attachments/CC8iL0NnNU5kMVZvZDFnNFVFOHdRbGhwVFJDZEF4anNCQ2dLTWdrQk01aFJvYW5RWmdJ=-w200-h112-p-df-rw,2025-10-20T12:58:19.878426
"shownews - Ukraine’s lessons for Europe: people, not just drones",https://news.google.com/read/CBMimAFBVV95cUxORXNyV3ZaMkU2VkIxNUNvaV9oLUNUcmt1UlJwT3N3dE53bm1NemVEUXozSzJtVEZmYTVlQ0ZoWUNHSUJ1d0ppU2p4UkRjMGFVVF93bWdRU0ZoOG1KS0k2QnZOZW1hQVYxNUNKSUFleDEtbVRnRnpINUI1T3c5U1lTMVhqdDZuMG85Zkd2OVdmSmQ4dmdyM2s1WQ?hl=en-US&gl=US&ceid=US%3Aen,FW-MAG Future Warfare Magazine,5 hours ago,🔬 Drone Technology,https://news.google.com/api/attachments/CC8iK0NnNDBVekZyT0hRNWFreHpNVEZqVFJDM0FSaVRBaWdCTWdZeEZhQ3ZsUW8=-w200-h112-p-df-rw,2025-10-20T12:58:19.878428
"15,947 Drones! Shenzhen drone show breaks Guinness World Record again, staging fireworks with tech magic",https://news.google.com/read/CBMiZkFVX3lxTE5QbnZOdmxMc3Jlc0dNUU5sQmY0Q0RsdFBST1Y3d2NrM0QwSzdZa2ExUW1STDd0MmpYeTBibTh2QlBmTmpwalRORjFIY2pIQnNLeTVFcXlMRGtKR291M21KQ3RRX0t6dw?hl=en-US&gl=US&ceid=US%3Aen,Guangdong News,3 hours ago,🔬 Drone Technology,https://news.google.com/api/attachments/CC8iK0NnNUtWazFIVVZGR1ptMVpTelo2VFJDWkFSakpBaWdCTWdhVmc0eXNOUVU=-w200-h112-p-df-rw,2025-10-20T12:58:19.878430
These High-Tech Japanese Drones Have Just One Purpose - And It's Not What You Think,https://news.google.com/read/CBMigwFBVV95cUxORDZxbjNYSy1CUWx1anR4S05TZzhnYUd2ajVfeTl5VExnc1gyOE9aT3VlV0RaQ3ZBVXFnUmxlYzRnckxXQUdHc0RIS3FuaDdPRWNMel9MWGY5RGNxR05aY1VhWllteGltamwyMTBUVkhVcWdtOVVCVVlLZTg5d3RFX096cw?hl=en-US&gl=US&ceid=US%3Aen,SlashGear,14 hours ago,🔬 Drone Technology,https://news.google.com/api/attachments/CC8iK0NnNVBVMlpKWlY5RVgzUXRiVE5UVFJDZkF4ampCU2dLTWdZQmdZU2xVZ00=-w200-h112-p-df-rw,2025-10-20T12:58:19.878432
University or Alaska expands drone R&D efforts with Windracers UAS,https://news.google.com/read/CBMitAFBVV95cUxNVV82MFdFWkNsRm90Vjk2YUJuNHhjTUtRa3dxT0lrc0dVcnVVRVBVeWZEWF90R3VwME9rRUxaUjR0WkNqdWRZRXBBY0FjUzA1VkVsTXg1SEU0ejZ1VVJ3SVhaUU5uVldxdnpXVjRmWS1TeWF3Ylk0V2F2d1AzU0VLVVpCZ05iaXd1QnBRTU5Vc0piUWtJTU41VExoT1JWdUtyYmRZcEE1dTJLT3FRZ29DQjNYNHk?hl=en-US&gl=US&ceid=US%3Aen,Unmanned airspace,2 hours ago,🛩️ Unmanned Aircraft,https://news.google.com/api/attachments/CC8iI0NnNVdlWEIxZG5KUmQzTnRjeTE2VFJDdEF4akxCU2dLTWdB=-w200-h112-p-df-rw,2025-10-20T12:58:19.878433
"Heven AeroTech Expands U.S. Operations with New Headquarters in Sterling, Virginia",https://news.google.com/read/CBMi1wFBVV95cUxOMDJrWnpnUzl3SU1DcmNpSTQ1dU43YTE0SmYwWWY0NmdPQXRnYTVRSFBJeE96QUVxaFNTNGJXMEJ0eUNUMGF2S0pFYmppbE1ZMFY1OWpiQ2lMVDNDeGVpSEVIbm85cW5DMk5WTkxLbWdWQmk2QjIzMHd1UDg5VnZma3F2RUQySVVRZVNxcTJxYVA4ZENWT1Z5Q3dFSzBqNzBpdktaTF9tVXpZZThkcjNERnl5YUhFV29DaUthRHlRMTI2Tm9sbXpzVm90VTVLRDdtMUNPUDM3MA?hl=en-US&gl=US&ceid=US%3Aen,Morningstar,54 minutes ago,🛩️ Unmanned Aircraft,https://news.google.com/api/attachments/CC8iK0NnNVFXRzU1U1dzNWJVc3RNbkV3VFJDREFoaVFBeWdLTWdZQllKaWpKQWs=-w200-h112-p-df-rw,2025-10-20T12:58:19.878435
UAV Navigation Integrates Iridium Terminal into Flight Control for SATCOM Resilience,https://news.google.com/read/CBMiugFBVV95cUxOOGxYcW5mYkI4LWc5OEdKYmJ6N3c0UlJrQ2Q0clpUUzJacFVUOXJYVlk2ek9UMFhTTHRUcEF3WERvdlNxWUwzeU1VbVpJRjFUZTdhejU3SDJLN0ZzS2xxUE5IUW5WaHBISTh6d2lfV0VFT2RTby1WVTdacjFtbWYtaWRRU3RQenBId0R2ZnVsQzk1NmhnN2ZxOXZuLXpVMlpqbkN6SVZYcDVPb3JiQTltTXdEc2UzQW0tT1E?hl=en-US&gl=US&ceid=US%3Aen,uasweekly.com,55 minutes ago,🛩️ Unmanned Aircraft,https://news.google.com/api/attachments/CC8iK0NnNUJTMDVPZFUwMFFtczJUVkoxVFJEOUFoaW1CU2dLTWdaQlFJejBPQVU=-w200-h112-p-df-rw,2025-10-20T12:58:19.878437
UAVOS S1-V300 Long Endurance UAS Achieves Operational Performance & Efficiency,https://news.google.com/read/CBMixgFBVV95cUxQSzYtWVFEVEJ0Y09NWXk0c1dvZExlN1hGMUswbWJjTVN4QUNyOC03WVRuMzJadUpCTjN1VWM0MnUzLVpiX0pES1JxeWlhd19QQmZjdl9lbTlLUVRTWVF1Y0VXaDJKNDRHM1pvNjVjS3ZTOERFeGJoUnVBV0RCTnFvdUlIc3NGUTBTaU1FcXNYNEp1Y20zTFotN2ppaGxhV2ZISzNVSFdXX1A1d3NsNWVXS0FPcEZvZnBFOGU2MDVfd0RVRHNzUHc?hl=en-US&gl=US&ceid=US%3Aen,Unmanned Systems Technology,5 hours ago,🛩️ Unmanned Aircraft,https://news.google.com/api/attachments/CC8iJ0NnNXRSbVYyWTFKM1luaGljblpvVFJDZUF4amtCU2dLTWdNQklnZw=-w200-h112-p-df-rw,2025-10-20T12:58:19.878439
The EU redoubles its efforts to successfully face a possible war with Russia in 2030,https://news.google.com/read/CBMi6gFBVV95cUxNUFBQOEFpeEFiZGx3MmIzS1lhcUd0MW1zVzdoRkdzYUdnMHBGdUdGUS14SllTSUFWcmdjOVE0WGRUb01Zd2hodHVweU11OU1VR2hzUFdYaExER3o3bFc4N3oxUDZlUHJSZ1piUVRvRzNYaS1fQzgxYjFlQlVxTnFQeTBMb3ItWGo3dWFkZFV6SDM5VTdPNm9aajlZMks3U2Rwc3FyMWRabW5BOUk0TW5zTnpoZEZocXU4Zm1rNENZSGFEOTBCMlVZSVkydTh6TVpYdE12a3AtTXdUY3ZSUnJtQkxIU0dfMk9LNWfSAe8BQVVfeXFMT0dEZTdSRXY1b2JfRXJjZW1wMXpLVVN0R0o4NVUwaEVVTlFsTmtMTnpXamtqdGJoWVB0aG4xcnkwdVpTQmFXRFpwZTRfSUJRYTRZV3NyRkp0aGVnRFFweTNFN1g5UjVQTVdGNnpQZGVRUEx5c2JFSmlzYlprRzFlVjhsRmtvNDhtSS1xNjROUG43WVdHUEkxaEFfT0JORTFYUWl5elVsTHlZTVlZMGhHRkp0bFJFQ3Uxa1FBX3RUcEdZTGxWRlhSRjVHaWNCVG1ERGZuWTdkR1lQdU5RQUpCOHBRTkI5N0dWV0pjWmRCcWM?hl=en-US&gl=US&ceid=US%3Aen,Atalayar,1 hour ago,🛡️ Counter-Drone,https://news.google.com/api/attachments/CC8iJ0NnNVNWRk5CZGpGV01VNXpjVzVPVFJDZkF4ampCU2dLTWdPQkVRdw=-w200-h112-p-df-rw,2025-10-20T12:58:19.878440
Qatar and hosting the World Cup as a pretext for arms modernization,https://news.google.com/read/CBMipwFBVV95cUxNbEpfdll6RkpScGZaWUVIcU80RjJxbWtUQnBkbFYzcmpCTmc3YTFFcEl5TnhOSWw0RXBuQWR0SUpKU2I4cTNfUHRjbHpxdU9QR2FKb1NDaWRBLVFsQ0pfczlLZnJQQUFSLTZwa21LV2E0Um1YSzFseVo2am1mWHJnWERjSmpGVEs4UTVLV2VYdmpJcWNsQzdybkpZMGN0cUQxc2Jqc243dw?hl=en-US&gl=US&ceid=US%3Aen,Defence24.com,4 hours ago,🛡️ Counter-Drone,https://news.google.com/api/attachments/CC8iI0NnNDVjUzFZZVZoWk0wRkJhMWRYVFJDZkF4ampCU2dLTWdB=-w200-h112-p-df-rw,2025-10-20T12:58:19.878442
NSB boosting anti-drone systems and monitoring extremists,https://news.google.com/read/CBMiekFVX3lxTE1nQ2FEV1RfVjZLQWN5TlNIb0phZGtjWEJXanRSOThxanBiWV9UT0FBd3VsTThNcTdBNS05R09SU1ZQZTBiaVl1bmo5NVh4OWZ4S3VVaUFCbVBkWHd2azZVS0tvdFZNaklqMzBSMXBzVlQ1MUltQk15N1Zn?hl=en-US&gl=US&ceid=US%3Aen,Taipei Times,20 hours ago,🛡️ Counter-Drone,https://news.google.com/api/attachments/CC8iK0NnNTBiVkZLY0d0NU9GZEtjWEUxVFJDaEF4amZCU2dLTWdhQjVJWUNTd1E=-w200-h112-p-df-rw,2025-10-20T12:58:19.878444
Russia Revives Cold War Guns With DIY Tech to Hunt Ukrainian Drones,https://news.google.com/read/CBMisAFBVV95cUxOWDk4ckNyY2YxMGlNOEtTa0dzUjdZVkF2NFY2WENtYXJPUXRPcFIwSFR2NExPN0IxLUdrOHdRREtCZ1BSNnpFNFRvdEhhQWV4T3A3LXlLcU5hNjVFcUV1cExCTkQ5UlFaNlpfdzJDM0ZtS3FLbXctRVI0U2Q3MFJ2bjlUNWd5RjBmczVsT2c0eXFwYVRrNURvelROTy15aERHWkRJWVlKYm5MYVlxY0FIUA?hl=en-US&gl=US&ceid=US%3Aen,UNITED24 Media,23 hours ago,🛡️ Counter-Drone,https://news.google.com/api/attachments/CC8iJ0NnNWlMWFp6WlVKcFVURjNNVTVFVFJDZUF4amxCU2dLTWdPQjBRdw=-w200-h112-p-df-rw,2025-10-20T12:58:19.878446
New Hybrid Underwater Drone Poised to Join Italy’s Next-Gen Mine Defense,https://news.google.com/read/CBMiaEFVX3lxTE84SG5uNDdxT0tuYmJpa09tSGpWYmRuYmJhRUlaWTdYTU9WaDJnSW04U2RJNFVhWWFvNVVfaDVONEpMd1hPTUdVcDA3d2tWRnJXWS1mZEdwVHRjSTloYmpGS3hhRzJnWW50?hl=en-US&gl=US&ceid=US%3Aen,NextGen Defense,42 minutes ago,🛡️ Drone Defense,https://news.google.com/api/attachments/CC8iK0NnNWtlRTVtY1dRMmVsQmpZa3Q2VFJEVkF4aU9CU2dLTWdZRllvNVBPUVk=-w200-h112-p-df-rw,2025-10-20T12:58:19.878448
SOCOM Wants a Drone-Launched Fire-and-Forget Missile,https://news.google.com/read/CBMirgFBVV95cUxPWnFFc2FsVVFUcTBKRzVjQkNIZXYzTVlfTHhHeWhkSjlQSjRIREpSVVlHS1BiXzNvN2E5d09DWEJPZVlxUEZ5SVdfV1J6OEJxNlJ4QW8xWkQwMThBSC1fakRzQjFFRDN2ZTU3TmZreDd3UFYtaExuMk44VE91Z043UGs3dTgtc1dZNnVxUnlKQ2xuLThlYXFmSlpiZHJHTUhuWXo0Rk1sQ3pqYnpFTEE?hl=en-US&gl=US&ceid=US%3Aen,RealClearDefense,1 hour ago,🛡️ Drone Defense,https://news.google.com/api/attachments/CC8iI0NnNDNha2hHVkZRMlNuYzRhbGhRVFJDM0FSaVRBaWdCTWdB=-w200-h112-p-df-rw,2025-10-20T12:58:19.878450
DroneShield Revenue Surges on Slew of Global Defense Contracts,https://news.google.com/read/CBMiswFBVV95cUxPcVVQUEwtMFZyMjJzQlNHSk1tYjBFX3VYdDV0UXRVa2Fvdm5IeEd4NmpERndCOHN4ZTFEclVUMmFzWFZ4TWE5VU9fUDJCMWNLZDlqVnVZSEVhcDctd1JweXZ4REk4QUF3MlA4SU82TTEzYjNQeGRrMTMzRzdKak9pSkRaSElMOFBNdUJfM1R4Q2lzSTdnNGdWY1cwTjJadnZKckRMYkg4b1EycjZBT2FNbGpyMA?hl=en-US&gl=US&ceid=US%3Aen,Bloomberg.com,9 hours ago,🛡️ Drone Defense,https://news.google.com/api/attachments/CC8iK0NnNUtiRkY1VW5Wbk5IWmZUa015VFJERUF4aW1CU2dLTWdZTmtaSUdPUWM=-w200-h112-p-df-rw,2025-10-20T12:58:19.878452
UK gives troops more power to shoot down unidentified drones,https://news.google.com/read/CBMilAFBVV95cUxPV3djdUZuZTJHZ1RWNmFrRG8wcXVhdGR5UHR1c1gzSUpsT0RNaXpJZzl3UUFIdGFJbXFBWk1RdzlPeGNOLWgyeU9sYlZiMERNT0JTNi1TdVZSeXNDelR5REpPd2pJUGpQNlZxdXFQSzdfUVVXNFhRX3E4RmRXd3BqODdIM1JPTUVKb2pNbWtZLUFqT0VQ?hl=en-US&gl=US&ceid=US%3Aen,politico.eu,2 hours ago,🛡️ Drone Defense,https://news.google.com/api/attachments/CC8iK0NnNWFaMDlEY0VObmRESXdZMWQ2VFJEVkF4aU9CU2dLTWdZTmtKTEdOZ2M=-w200-h112-p-df-rw,2025-10-20T12:58:19.878453
"Black Mirror #29: The Multik EW system, Klin and Listopad drones, and other new developments in Russian miltech",https://news.google.com/read/CBMiY0FVX3lxTE50aG80cVRqVVl0SHR4QWFzQTV4WUxnQnRGRjZsU3VsUTZBSW13X1poOVVMdHVwWEpMTHpNUjNOYmZpaXUwRmt0ZUdsRzh3Zkw4dWd3bDZhOWN1My1YQVRGNzZ2OA?hl=en-US&gl=US&ceid=US%3Aen,Defender Media,20 hours ago,🛡️ Counter-UAV,https://news.google.com/api/attachments/CC8iK0NnNW9aVkZMWXpoc2F6RTVObEZNVFJEbUF4ajNCQ2dLTWdZWk1ZRFFuQWc=-w200-h112-p-df-rw,2025-10-20T12:58:19.878455
Russians Developed Automated ZU-23-2 to Counter Ukrainian Drones,https://news.google.com/read/CBMinAFBVV95cUxNZVVvNG05cEZXM3BnRGI0SGkyd2lUM0pfUWVnX2U3VjVJR0oyb3dGY0pwM0lMTTgxbnJLbnpxYzNON2w5aTIyRFhhRUF2M3haWmc2TUNZaVEyRTA4SUNmS0dUS2dsNU5lZ3R5TjBMaDUzOEJVS0JFaWRCNXhYVS1kLU1JZk8xWVp3S3FhS0xJRTgwSTM5SVpVQ0tNczM?hl=en-US&gl=US&ceid=US%3Aen,Мілітарний,23 hours ago,🛡️ Counter-UAV,https://news.google.com/api/attachments/CC8iJ0NnNVpWRkJtV1ZoWlh5MXdjM281VFJDZUF4amxCU2dLTWdPQjBRdw=-w200-h112-p-df-rw,2025-10-20T12:58:19.878457
NAF Graduates Anti-Drone Radar Experts to Boost Air Defence Capabilities,https://news.google.com/read/CBMickFVX3lxTFBRSnZSem94MnZ6enNPOVU3WjJNQW9YekRFTi1UdU1aWGVxcEdFYmVwTXpLYm1GX0pKTTBDSjB0bFBsY2JBc2pNLWxFVVoxaVc5NlB0QUV5dEpIUGJZQm1DaWtzZjFFejBSaE1lT3hjNC1LZw?hl=en-US&gl=US&ceid=US%3Aen,PRNigeria News,17 hours ago,🛡️ Counter-UAV,https://news.google.com/api/attachments/CC8iK0NnNW5RVGg0UzI1dE1XOUVUbkJ2VFJERUF4aW1CU2dLTWdZRllZckdwQVU=-w200-h112-p-df-rw,2025-10-20T12:58:19.878458
Export Powerhouse: 5 Drone Stocks Driving India's UAV Growth,https://news.google.com/read/CBMitAJBVV95cUxNVGRwWmlBS2gyT3VINUFIdTBwdENWbk9wbEVlZzJqbVdteUFKbDk2ckJ2YzNjQnprZl9Fenh6QllkWm1IUUxZNmV0Zi1ET0NCRHV1eUw4dmxwWEF5R2szS0tTc2EtT3pvcVJJbHdxVlRWdldBYWFMMFkzRWFhdS1mTEpxcG0zTXlza3dCWERpNjF1WXZJX1ZjVDlSXy1uSmdyZGYyYXFBTGYtT25Od2UyWTJSdVRzMHQ1WFhLbWpOeWdMQnMxTU4yeFI5ZmQwTzBNVjJBUEJvZThDMk13NlRKUFAzSnBXYXFBMWRiMmV1V05tZG1PZFlHMi02dnlJeUxyMFNnWk5EaGt0RkNYY2tuV2E3ZHVuWEhkU1BQTm04cl9uRlEyR0ZBVHZxbVhqR0lyQU1mNA?hl=en-US&gl=US&ceid=US%3Aen,Equitymaster,10 hours ago,🛡️ Counter-UAV,https://news.google.com/api/attachments/CC8iK0NnNWtUM05JU0UxV00wUkhWemMxVFJEYkFSamVBaWdLTWdhSllwQ05xUVk=-w200-h112-p-df-rw,2025-10-20T12:58:19.878460
"Praetorian Aeronautics, Li-S Energy Limited sign collaboration agreement",https://news.google.com/read/CBMivAFBVV95cUxNSjdXamFabVgwblNHZ2VteUcxY0ZDSlMyTE9DbmNzVVAzbEx4QzN3MElGZHJqSTVuZjNNaFBYeEdYaDV4S2RmaVA5eDB2cjlrcks0MHBEbEhJcnhBYU05V25WRnBiRFh3bU9MYVNPV1B3ZmhQc0V2Q21vRnZRS0RLYzRyLUppbk1KeGZXMDN0RGJmYUdRa0RDMXdfd1ZzbmRwclRFU2s1TzhOamhyaEYtV1JjQi1MMnNPak13cA?hl=en-US&gl=US&ceid=US%3Aen,defenceconnect.com.au,12 hours ago,🛡️ Counter-UAV,https://news.google.com/api/attachments/CC8iK0NnNXVNMnBsTVhSdVltczVaMHR5VFJDZ0F4amhCU2dLTWdZQkFJaE9JUWc=-w200-h112-p-df-rw,2025-10-20T12:58:19.878462
"NATO Country Plans to Produce Millions of FPV Drones Per Year, So it’s Ordering its Own Anti-Drone UAVs",https://news.google.com/read/CBMi4wFBVV95cUxQdDFlU3FSSGd5VXNLS3l5UXJ1OVVXajNJTXZuaVUtSmRfNTdDX0wyRDdFei1wUktyTHA3WGxNVHNoS0ZfdmpKbmNNb053OXR0TTJvUnZMX2gtdXFZZ3lMU0lDSFZteE5acjNoUzdudGE0WWtuTWhQSzhiQUpoQU1tVEU1bkZlZVE4QVdQRVhMYlNPd0pjbjB2Z0ItWkVmVW5BdUZ0anJxdjhwcDlhejI3NFVaWWk3am5tbGw0SFBrRUVHWHB1Wk42VzNrQkRabXh2MUtVMHVNbWtwNFlqLTQ0dk53OA?hl=en-US&gl=US&ceid=US%3Aen,Defense Express,1 hour ago,🛡️ Counter-UAV,https://news.google.com/api/attachments/CC8iK0NnNVlaelZGY2pVd1ZERXhTbEkwVFJDWEF4anhCU2dLTWdZbEFvRE5CUU0=-w200-h112-p-df-rw,2025-10-20T12:58:19.878463
Revolution in Fire Control is Begins With FAAD C2 Replaced by Anduril,https://news.google.com/read/CBMitAFBVV95cUxObU5YMnRYajlSdzNIY0JOaUw3aDl0ZEpLT2NIazhyN2pYOWFUSVNHRXFueThPMjhlNHFqU0Nlb2pFVVdPNjZfeGhyeW93RlowQUZKZEtzX1VNNVUyWlM3R1g0X3Bsck9aVVR0aGItZzNMb1JGTDFxcDJsc3pfYVB6c3dweFhJZ2tpaVRUZWJIVmsySlNoZl8tTGxnai1iSEFXOEhXdEQ5RUlUd3ZWN2xsV0pycVg?hl=en-US&gl=US&ceid=US%3Aen,Defense Express,21 hours ago,🛡️ Counter-UAV,https://news.google.com/api/attachments/CC8iK0NnNUxYM0pxYWpCTVNsOWFVakpMVFJDWEF4anhCU2dLTWdZdE5ZalBLUVk=-w200-h112-p-df-rw,2025-10-20T12:58:19.878465
Commercial Drones Market Forecast to Reach USD 54.64 Billion,https://news.google.com/read/CBMinAFBVV95cUxNdTBYbC01ZVU2WDQ4bm9tZ3ZpemsxRlNXREpBOU9vdUhhZ0g1dmpjX3VGS1E4TDd4UkRtZ1g2VGhtamVCUGw0VzVuVmdCWDN1dEtXQ0dwbGVmUVBRYXk5X1ZndkNUOWN4U3ZkbGdqd0x0WWdIZmF5NklBTElEcWkzcnlzYS1vZS0tRmRrQ2hGdnhidEc2Q0VGU2FuOVg?hl=en-US&gl=US&ceid=US%3Aen,openPR.com,8 hours ago,📦 Commercial Drones,https://news.google.com/api/attachments/CC8iK0NnNDNPVXBPWWpVMFVucHhYM3BCVFJEQ0FSaUVBaWdCTWdhSkFvd0lGZ2s=-w200-h112-p-df-rw,2025-10-20T12:58:19.878467
Ukraine converts ultralights into unmanned bombers,https://news.google.com/read/CBMiggFBVV95cUxQQjAzQkdOaTFHaXJrQU5GaE10b1Y0YmtRazdYX1VRRFJiR1Y5RUUzeE1TMUh5clhuZ3pDelo3bFQ4YVo1U1BCaUhuZkNwTTc2R2RnNVJJS01EU3dUWjdacXlvdkRjQWotNWstUC1nZ0VMZDJNcW1SNzVDbjRNbFVJYnhR0gGHAUFVX3lxTE9GNG8tV3lOU2dwTDF5QnQ1bzJlNnBQZldsVjgwUUVsTm1qREU3WE8tY0FhVVBBUkFJdHZ5RjNjNE54UEwtS0U1UlFtUzExVXhaZW04aGpQbmRfLWRpRnFZVHlucmhVMFJTQWEweVhYX0s1eDZ4TFkyblVVblJWWEk2eXZMZkk2MA?hl=en-US&gl=US&ceid=US%3Aen,Defence Blog,3 hours ago,📦 Commercial Drones,https://news.google.com/api/attachments/CC8iK0NnNUVRMjFxUjB0WlRHRm9lR2xLVFJDdEF4akxCU2dLTWdZQlFZYlR6QU0=-w200-h112-p-df-rw,2025-10-20T12:58:19.878468
Badland Batteries Launches U.S.-Made 12S and 6S Lithium-Ion Packs for UAS,https://news.google.com/read/CBMiqgFBVV95cUxQZGZubHdrXy1MRm1rODYtcWp6eE1QYnIyQ1lWdG9sRUw5NzU3TVBERTFUSi1VdE03aEJ2bTAxNi1RNy02OTNlSjVnVDVheDN4NG9qR0g5ajRRZjl3VWpKTEdDR18wLTJXcHRqOV83dWZUMkRuSnNTZ21EWVJBbWhFTWVXb0V4bUgzN1hSVDVTdVZwcjZTSUFEYlBjVjd0M0kxcUdzeTF5ZFo2dw?hl=en-US&gl=US&ceid=US%3Aen,uasweekly.com,1 hour ago,📦 Commercial Drones,https://news.google.com/api/attachments/CC8iK0NnNXpNelpsVldWU1MzQlZiSFJNVFJEOUFoaW1CU2dLTWdhTlU0YW5MZ1U=-w200-h112-p-df-rw,2025-10-20T12:58:19.878470
School of Communication introduces Fall 2026 drone journalism class,https://news.google.com/read/CBMi6gFBVV95cUxPLXpmTnBOd29Wd1pSNHZ6M3NjT0hnZkN4NUhicWN6R3dZSEF3SzlVa2ZVUXpBUGdCMDZCUkFhdVN2Zk92cG9rR3FCUHIwVng5RndkdndqRG0zQzNLcmtFZ1RZV3pBTFVLQXhoa2R1cDJWMmhsX0V4NnB0Slg0ODJuUXd1Z2V4ZHN5amhheXRIR3FQQnBsazV3WnY5VUlFbDB4VGdhSkVvYU4zcHlpQWhxX2ZueW10YWhRX1RqOVd4QUtkcnFQLTRDMERnSTh2N0libWFpalZrWmtjendNZV9WM3NaTVg1VW5hSnc?hl=en-US&gl=US&ceid=US%3Aen,Collegiate Times,19 hours ago,📦 Commercial Drones,https://news.google.com/api/attachments/CC8iK0NnNW9PRXhIWTB4UVZGOU1aMUF5VFJEQ0FSaUVBaWdCTWdZbHdJenZRQVU=-w200-h112-p-df-rw,2025-10-20T12:58:19.878472
Volatus and ARCO team up to deliver drone training in Nigeria,https://news.google.com/read/CBMirwFBVV95cUxPN05ZSXQtLWFBUnJ0VjRTOHFvVVFmdmJYSkxYSjZsMS11cXQ3Y2l0V0NSZDFfNW1LNXdlX1RHUzY3UlVxaHNsOEcyX1M2bm43a0ZQWVF5UmtFVFloRDlLLUtiUnctQUVtWks4bnNUQnZkbWVjSUhzRm9FbWJRS0RaNEhEaEpoMmY4Qjk4TEJuM001aHJuaVdjWXpHVDdxZVFXMzNkZFRWa2JtcGdBanpj?hl=en-US&gl=US&ceid=US%3Aen,Unmanned airspace,2 hours ago,📦 Drone Delivery,https://news.google.com/api/attachments/CC8iK0NnNVBjWGxITFVWWmQwRkNjamRtVFJDdEF4akxCU2dLTWdZeHNJYnp2QVE=-w200-h112-p-df-rw,2025-10-20T12:58:19.878474
Tesla And SpaceX Veterans Back India's Airbound With $8.65 Million To Build The World's Fastest One-Cent Drone Deliveries,https://news.google.com/read/CBMihgFBVV95cUxQUUhDVzFuX1dOTUZVc2k5UllFZi0zR3RqWW1ZSjFMNkVBQXR2Q0xnYVBNbUZNakIzcENIMUpNc1JlUlB1NGZhU05UYThBVlJSVV9pcjVhUDc4NXJNbFlTVnp2TmJSSEZsYldIV1VqbjVYY2pOOUZ1X1VLWDM0UG00c01RLXhWdw?hl=en-US&gl=US&ceid=US%3Aen,Yahoo Finance,21 hours ago,📦 Drone Delivery,https://news.google.com/api/attachments/CC8iK0NnNUNkbWcyVFRWeFMyOUpNVWg2VFJEb0Foal9CQ2dLTWdZaFJxQU1JZ28=-w200-h112-p-df-rw,2025-10-20T12:58:19.878476
Drone delivery and AI stylists: what Gen Z wants from high street,https://news.google.com/read/CBMiwgFBVV95cUxOdFpNOGJZeEJ3OWd1cVdUZ29ITFNHd3R2dVd4alNUSkdWaS1veXlhQ1Vqc29VZXlxUks0VXV5R2lyZWZzdV9nSkRzcWxiOU44ZW9uUlFrM0hIUmtqRk5wU29oOXVBMjJNZmVkMGtVcF83d0VUZ21TM2dfUGgtSFYwMHpTWHNuYmQzNnVUQzNpbHhOSHNPaUI5bzJobWwzbGxhQmVyWEhNNUR1YVp2Q291eGt4dlBtV0I3VTZUNEd5Y2ZEZw?hl=en-US&gl=US&ceid=US%3Aen,The Times,20 hours ago,📦 Drone Delivery,https://news.google.com/api/attachments/CC8iK0NnNUtaVUl4WkdacFdWUnlTRzUyVFJDZkF4ampCU2dLTWdhUlFKQzJOQVk=-w200-h112-p-df-rw,2025-10-20T12:58:19.878478
"5G Drone Delivery Services Market is Booming Worldwide | Major Giants Flytrex,Volansi,Matternet",https://news.google.com/read/CBMinAFBVV95cUxPMHdWeDNFSUFsREtKUFVVSzFucGJBT2lySlZhcEV0ejd6TjVpajI3UVktTF9SYldkQXBqLWdjQVNLN2JBYlR5aHVDQlo3YmwzU1dZSnU0SFczZExCUW5zenF1WUJ0WE5GSlB2ckJkaWhTU09nMGFVVjZRSzdneXM3enNnVzVsU2FHTzM4WUUzbFVuMTR2bHdIeFVBSGo?hl=en-US&gl=US&ceid=US%3Aen,openPR.com,19 hours ago,📦 Drone Delivery,https://news.google.com/api/attachments/CC8iK0NnNTBlV2N0TVUxc05tWllTVGc1VFJEV0FSanJBU2dCTWdZQmNJQ3VNUWM=-w200-h112-p-df-rw,2025-10-20T12:58:19.878479
Ukrainian Company General Chereshnya Launches Serial Production of Bullet Interceptor Drone Capable of Targeting Shahed Drones,https://news.google.com/read/CBMi7wFBVV95cUxQOWlkdnhpZG9Ba2dQZ1AtT0dFeG9leG5KcXYta3JqazJyTHFCSlR4elNCM0ptMzZHTHhhc3NHTjl1bi05QmJIRko5OHpVaWdrYVZBN1dkTzhpdTBwcVg3N3hkUG5hX29yNDlKVzVUUUx4S3lJNmpBX1ROSzRFZkcwc2hNWTV3WHRhQVIyenFxekFUS0swTzRTSUVNTE95TEJjaS01MU54SE9VbkVuZDBGU2F3WEN5M1QxdEcyUE94RDRyamFXa2JNNkJhMjMtXzRYTFBaWTJYbk9xYWQ3ODZFaVYwTkdEZGplcUo5UGpzNA?hl=en-US&gl=US&ceid=US%3Aen,Мілітарний,1 hour ago,📦 Drone Delivery,https://news.google.com/api/attachments/CC8iK0NnNDFNUzFuZGpWRVJtSnVlVFJYVFJDWEF4anhCU2dLTWdZSnNJUnZTUVU=-w200-h112-p-df-rw,2025-10-20T12:58:19.878481
Plans for Amazon's first UK drone trials in Darlington take step forward,https://news.google.com/read/CBMisAFBVV95cUxNV0JUd0lKb3NQNl9BUGV2elp2aEV5bU8yd3BRMTVDSEF3eUJwTElnbXJuT0dGZHZfMjNMdlI2U2tnR1lmajRrZ01udVhKMDdWRnJIel9tell6dFZZTWVyYkc4X3hRUFZDcFQ2dS1penRtbTRrdkg0NjRXdXNkUUFyTWp1U2lpVUtkQkUzTjlyNmVXUDcyd0JzTlQxNEpSV3hpT082Zm5XeE1nQ1ZLSzJDMQ?hl=en-US&gl=US&ceid=US%3Aen,The Northern Echo,7 minutes ago,📦 Drone Delivery,https://news.google.com/api/attachments/CC8iK0NnNUtZVVJ1YlVZdFNsQnpjV2xsVFJERUF4aW1CU2dLTWdZZFJZNnVIUWc=-w200-h112-p-df-rw,2025-10-20T12:58:19.878483
Drone deliveries and driverless cars: New study shows how Gen Z will redefine Britain’s high streets by 2050,https://news.google.com/read/CBMi5gFBVV95cUxQSWNjdUtlUXpVYnhfczY3ZWRab0tMd2ZRYzZfbnFUZl93NlJGMVRxcmlyZ2l2dk9lNFZONVk3QnVXX1BpWHpBZ2wxN1FNZDBUa3l0MlhUbDNkZndfMHVqbWxfLXNFdzRIdUhiYktaTDcxa1RFLXdYcVQ0dXNZeDZrWFo2eW1TMjBSTjF0WHR2V2FDb1BCUlBBZjhySFhtb01RRE8wS3NfWEpESmRTdGJZczBCUU9QQUN5NFJiRHkxeTRGZmFzSmJQa2NxMk1ubm01TC1TOWxmeUtqeEFXbjY0Z0Z5NmFiUQ?hl=en-US&gl=US&ceid=US%3Aen,Grocery Gazette,4 hours ago,📦 Drone Delivery,https://news.google.com/api/attachments/CC8iI0NnNUlTREpHYTFoQmJGTk5iV2RCVFJERUF4aW1CU2dLTWdB=-w200-h112-p-df-rw,2025-10-20T12:58:19.878485
BTIG Reiterates Buy Rating for DoorDash (DASH) with $315 Target | DASH Stock News,https://news.google.com/read/CBMiwAJBVV95cUxNalBtSjlCUUZ2YVdfaUluXzh0cFByNDFRN0lnUldYaUVYTzlBMFdPMS13ZDJMajJ1cnF2dTI4UXZ1bXB3ZnNqdGZpalM4dFZ5RTU0UlczVGZ6a0R3NXBHQUVsQk5IbXBaZUlJQmNRYXczVTlGU3ZuVzFhNjBFd3YzWnRqS3Bfb3hpdmlqbVdMQTBrT3ZycXJ3bURINFVCRUZKZHViczU3NEdZYXdPRThha2JYV0VtRUJMMnpXMEpqTUZQZVh3QVhQYlUteEdDLXQ0VlhpZ1g2UXU0dExRX2VKcEJ0TUFhd1VuLTdrdEE5Qlc1OFU2YzZydnliNjVJY0dLTUpFWDdXaDNFZ3ZscE9ISEJPaVM0WFdZUnlmZlNyckRaOVhUbmpzRUFBSUJHQ2o3WUFxc1VSYXZ5ZndhRms0SA?hl=en-US&gl=US&ceid=US%3Aen,GuruFocus,1 hour ago,📦 Drone Delivery,https://news.google.com/api/attachments/CC8iK0NnNXpkM1p6YjA5cFYzRndiMk53VFJDUUF4aVFBeWdLTWdZZGM1SnRNUWM=-w200-h112-p-df-rw,2025-10-20T12:58:19.878487
21 Global Innovators Selected to Drive Health Innovation in “2025 Go Healthy with Taiwan”,https://news.google.com/read/CBMi3AFBVV95cUxOSzM5SldfcGJscFotc0VOTVUyMVo1RWxqc2dQaV95eWpTWU1UUDJubE83bGthZU1GTk01SWpGOE8tTWxiREFEaWZENnAwbGFxTkk2YjJ3WGRyZndwb0p2S2ZxbHUtQS1mak9fWTZEVDFYcXFoTkxyMTN6ZnlsZVIwSHRTWnB3ZzVnbFlMS1kxUkRRbS1UMXE3cWk1ek9yTFk0UWZNR1FkM3J3ckZhZTV4LUVMRUFFSUZ1UHluMkJUTG1LY2hSRlNOekVRSFRtT0JCcVhmeVZ3M2RXUWds0gHcAUFVX3lxTE5LMzlKV19wYmxwWi1zRU5NVTIxWjVFbGpzZ1BpX3l5alNZTVRQMm5sTzdsa2FlTUZOTTVJakY4Ty1NbGJEQURpZkQ2cDBsYXFOSTZiMndYZHJmd3BvSnZLZnFsdS1BLWZqT19ZNkRUMVhxcWhOTHIxM3pmeWxlUjBIdFNacHdnNWdsWUxLWTFSRFFtLVQxcTdxaTV6T3JMWTRRZk1HUWQzcndyRmFlNXgtRUxFQUVJRnVQeW4yQlRMbUtjaFJGU056RVFIVG1PQkJxWGZ5VnczZFdRZ2w?hl=en-US&gl=US&ceid=US%3Aen,Khaosod English,8 hours ago,📦 Drone Delivery,https://news.google.com/api/attachments/CC8iK0NnNW1kMUpDV1hNMVdIZG1ZM2Q0VFJEREF4aW9CU2dLTWdZUkE0NXNrUW8=-w200-h112-p-df-rw,2025-10-20T12:58:19.878489
SoLa Drones' Bruce Bosworth says Lafayette could be a major hub for the drone industry.,https://news.google.com/read/CBMi2gFBVV95cUxPSFpMN3ViWGVsbmZ4VmVFMDJ2cTVRNVppSnEzMlZkXzRxazJZd0tiZDVMaG1yRmlURGd4UVRFWHBaV1JKeUhISEtINExSZ2FjV1Q5Rm5pM29qVFRvYWxBdEdKVE5ORDJsWVM4d3ZYekNnZDRWR20xWDk5QUJhWXl2WHBUMFllUnNoTmEyLUY0b05KN3NkaTNvTGJpdVlIbkQ3bDFzVTdZQ0lyZWVfcHhyUjZ3MmZmcnhXUU5BUkNlb2dNdmtEWVk3eVE1Vk15cU10RkR0RmxMYlZxZ9IB2gFBVV95cUxPSFpMN3ViWGVsbmZ4VmVFMDJ2cTVRNVppSnEzMlZkXzRxazJZd0tiZDVMaG1yRmlURGd4UVRFWHBaV1JKeUhISEtINExSZ2FjV1Q5Rm5pM29qVFRvYWxBdEdKVE5ORDJsWVM4d3ZYekNnZDRWR20xWDk5QUJhWXl2WHBUMFllUnNoTmEyLUY0b05KN3NkaTNvTGJpdVlIbkQ3bDFzVTdZQ0lyZWVfcHhyUjZ3MmZmcnhXUU5BUkNlb2dNdmtEWVk3eVE1Vk15cU10RkR0RmxMYlZxZw?hl=en-US&gl=US&ceid=US%3Aen,NOLA.com,3 hours ago,🚜 Agricultural Drones,https://news.google.com/api/attachments/CC8iK0NnNXpTSGhLUzA1UldtRTVNVWhyVFJDcUJCaXFCQ2dLTWdhQkZKcXZGUXM=-w200-h112-p-df-rw,2025-10-20T12:58:19.878490
Russian Drone Attacks Damage Oil and Agricultural Facilities in Pryluky | Ukraine news - #Mezha,https://news.google.com/read/CBMipwFBVV95cUxPZWVEMnNjd0dVSWZYTjkyV0VKNHNnajJpdDNlWU40U0p1bEJiV2J4dUVEdHR2ZjAxS2FDVlR5LTRJZm1DR1hCNDFPS1N0Wk5GNld0M2pMaDJhZGhFM0FwSFItaE5IWHRtNGQ3aVN5YS1GbFVYaWVFeTAzamxPVnhXNVJ0d21UR3Zmc2pJd2pINGt2WFZjS1l3Njc5M0tZQ01HQm0tOWVkZw?hl=en-US&gl=US&ceid=US%3Aen,Букви,5 hours ago,🚜 Agricultural Drones,https://news.google.com/api/attachments/CC8iK0NnNVpZemR5TFZKeFJubDNhR0YxVFJDUUF4al9CU2dLTWdZTmc1VG9NUWc=-w200-h112-p-df-rw,2025-10-20T12:58:19.878492
Agricultural Engineering: 7 Innovations For 2026,https://news.google.com/read/CBMikAFBVV95cUxOQm5KOTFzZ2VtUGxKak02SU5TQmt4S2lSRS1pX1VQQnhhRl9MM05WMXAtRk5jb1J2bTRjUThqTmxmY3lmV1RCXzRaUlk5Nm1DSEpiRzVUUXlfRDF2eHFlal93VE1Ienp6RzhqdWs0VTNERHBpSnMzVk9KUmdMb1B4WExwWG16UEtPd0F3dG91WWI?hl=en-US&gl=US&ceid=US%3Aen,Farmonaut,8 hours ago,🚜 Agricultural Drones,"https://encrypted-tbn0.gstatic.com/faviconV2?url=https://farmonaut.com&client=NEWS_360&size=96&type=FAVICON&fallback_opts=TYPE,SIZE,URL",2025-10-20T12:58:19.878494
Drone technology set to revolutionise Tanzania’s agricultural sector,https://news.google.com/read/CBMilwFBVV95cUxQMGhIZW43R19pV3Q3RzhKb0owMm1aWDNzeV9ldmVqOThaSmJwRk1TVm5ZU1RlRjNVakR5UG83YlZMSGdQMFZrSXpNU3FMbWd2a2xOQUxGdzBLNjF2RGtwNVFQR2JER3JNdnpWOUwxRDUzNF9hMmUwZEZFdUQ3TDJZR2MwWnJQV2Q4VVAtM0RSRHpKbG9PNHFZ?hl=en-US&gl=US&ceid=US%3Aen,dailynews.co.tz,4 hours ago,🚜 Agricultural Drones,https://news.google.com/api/attachments/CC8iI0NnNXNWbWxMU1ZVeWJIUTFZbXRUVFJDcEF4alJCU2dLTWdB=-w200-h112-p-df-rw,2025-10-20T12:58:19.878495
Drone Attack: Two injure from terrorist attack in Kalay,https://news.google.com/read/CBMihAFBVV95cUxQcTBLdHhLYjEzT2oxUy16S09FOXBiczZsNXdZOUZwMTFDNWVyY1BZYTlOV0NXX1RsNXo0Z2pPM1EwcGFsNmJjOENkcjZybmpyRzJDX0htT2gwUU9jZGNpSW5yT3EwZ0NldkVmdUx0N1JZSy0zNTlxb0dLU01BaVg1U213cVM?hl=en-US&gl=US&ceid=US%3Aen,Myanmar International TV,7 hours ago,🚜 Agricultural Drones,https://news.google.com/api/attachments/CC8iL0NnNXlZMkZ0UlU5Q1IxVmtRemRSVFJDZkFSaS1BaWdCTWdtQlVZSzNtQ3BzOUFB=-w200-h112-p-df-rw,2025-10-20T12:58:19.878498
Ukrainian drone kills man and woman at agricultural enterprise near Belgorod ᐉ News from Fakti.bg - World,https://news.google.com/read/CBMirwFBVV95cUxQRFBPc0RZdk1aOFdDeXdkanFvam02cXZ2THlUSGxGNzB5UGRXZG1xUFRZdE4yMTFvTzBkbzItdmlVMmxVOGhzUmNqX2RZX3NMQmtaRmJ5RGdOLURPdHFhNEJKN2p5QWppMUlXWkdBaXRwRzBWMkd1ZDhsbU5OeThSOUVqWnA3VHF3RHcxRmxaWDJqLWFvTGN3a0tZMmlTVVY2NG9ETDRDSV94ZmpOSGYw?hl=en-US&gl=US&ceid=US%3Aen,fakti.bg,10 hours ago,🚜 Agricultural Drones,https://news.google.com/api/attachments/CC8iJ0NnNTNWMnN6T1ROMVRsOUdSbmRSVFJDZEFoamdBeWdLTWdNQk1Cdw=-w200-h112-p-df-rw,2025-10-20T12:58:19.878499
Caverton-powered Drone Soccer holds inaugural training event,https://news.google.com/read/CBMikAFBVV95cUxQQ294WDFWOHFtb00zN1RVbWYtTFpoREVsZ2NKTzdzNk1YZk9kaVJZY0hBcEl6ajJXR0p6V1VBczczcF9zZ05jNURjYWlRaFhxT2NJRGNzckx5TmZVaXdVdUpESUd6NWhodUF5Qm15a0lNMFhFaS03MkY4bDBKZ0FmcmhYcXpHMHNEOWNJMEZuanM?hl=en-US&gl=US&ceid=US%3Aen,The Guardian Nigeria News,7 hours ago,🚜 Agricultural Drones,https://news.google.com/api/attachments/CC8iK0NnNTFja3c0VVRGWWMxOW9Zbk5EVFJERUF4aW1CU2dLTWdZNUFKQ1VzQVk=-w200-h112-p-df-rw,2025-10-20T12:58:19.878501
"2 Killed, 1 Injured in Ukrainian Attack on Agricultural Facility in Russia's Belgorod",https://news.google.com/read/CBMiywFBVV95cUxPOFBrX1FLTVc4Zy1EM0RPaEwydnJiTmVwYlVzQXJoYVp2ei1POXdtY01BUW1jS2JXRWQ2RjI4c3NHcmgteHJac1hzbl9MZVYxOFgyakNGQXNTcHlTT1BiT1I1aTRvVkRxcG1MSWxxVUNHa25fZlpKZ2VVYndRSGlDMl9ybkRhV0hMaVFZRU82YXdnWUxoQ0xXOTBoLXVUam1LODJwU0Z6M2pjODloNnJvSUZxX3A2QjFXczVJT09sOFNlRkpvVUE1TnpYZw?hl=en-US&gl=US&ceid=US%3Aen,Qatar news agency,3 hours ago,🚜 Agricultural Drones,https://news.google.com/api/attachments/CC8iL0NnNW5abVV5VEdsclpXbEhhVmh5VFJEZ0F4aUFCU2dLTWdtQkFJandDS1dCVUFF=-w200-h112-p-df-rw,2025-10-20T12:58:19.878502
Russia says Ukraine strikes kill two,https://news.google.com/read/CBMiV0FVX3lxTE9TNklzMDRTTWFwQnRybzV4MWtEYkZIVlY3YktQVGotQmdoM29OWklaUkJ3TzJyNjRUZFVxUk9aWTVoVlYxYnEyTGk2a3pIX3VhZmVlRkstTQ?hl=en-US&gl=US&ceid=US%3Aen,Bangladesh Sangbad Sangstha (BSS),9 hours ago,🚜 Agricultural Drones,https://news.google.com/api/attachments/CC8iL0NnNXhWRTh3Ymw4MFluTmxUbFJXVFJDdEF4akxCU2dLTWdrQlVJRGwyS0FzVWdF=-w200-h112-p-df-rw,2025-10-20T12:58:19.878504
South Africa proposes mandatory registration and drone corridors,https://news.google.com/read/CBMiswFBVV95cUxNUW9yaE93Z2NNd1h2dDRNTzI1UTQ5bk10UmhNUjdMd3BVWnFZZ0pnZVVEQW5EX3lWSkt1MTdmVTJDOFBjVDBzdDFJSlJJM0Fwdnlpamp1Y1R5R19KSGJmQktZaU5YR2xkWDdYUm1uUkFmQXd1RXNUNWVERUFmS2xhWUxqdXlyXzFJT1I4R1hoa0I1UzZDVnFnNVpESnRCWF9fdEMyOE00bm5vUHVsM1hzMlA5QQ?hl=en-US&gl=US&ceid=US%3Aen,Unmanned airspace,4 hours ago,📋 Drone Regulation,https://news.google.com/api/attachments/CC8iJ0NnNHRNREF0Tmt4NldVSnVSaTFFVFJDdEF4akxCU2dLTWdOWnNBbw=-w200-h112-p-df-rw,2025-10-20T12:58:19.878506
"How we confirmed Assad-era mass grave conspiracy: Witnesses, science",https://news.google.com/read/CBMilgFBVV95cUxORDZyNUgxdS1iYk9vdlFTbVJzVXRfekl3YUktWXN4ZVhTMENkVFlsc083NTc2LTJVSXkwWVpGTVBsaWdlQTFpN3RUdzBWOHhlSmMwQ2FURndwTng2Z2tMWThKY2ptQ2FhQ2ppdjEzN1M1SlFlNVAyTzVtMV9QQXctY2I3NWV0RmpsT0l3WXNRU01xSkp2bmc?hl=en-US&gl=US&ceid=US%3Aen,Reuters,4 hours ago,📋 Drone Regulation,https://news.google.com/api/attachments/CC8iL0NnNHdUVVp6YldsTVVXZG9jMlJyVFJDUUF4ai1CU2dLTWdtUkFvUnNqYVZNdGdB=-w200-h112-p-df-rw,2025-10-20T12:58:19.878507
Investors managing $3 trillion in assets urge countries to stop deforestation,https://news.google.com/read/CBMi0gFBVV95cUxNd3J4ZXVFMnVwcFdKd2dtR0s2N29FZ1pzckRtd1JieHVvQjJ1QTBBN3ZmaU5GcWxjelVrTE9JenktTTVmWnJYVjZxZV9OeWJ4d295T3FqenQxaElDQ09iX0NNNVh1VHBrVmRVR08yQkRxbERzQ19BckN2R1FNekJQZkFiaFd6RGdRaHcxcnJWRVE3cGhicGRvZzRYZ1Rhb0w0TUwxTkpsUmQxT1QyNjR2Nmw5aGJ1enY0V0swRXVVbkRheHRDT0txakktODUyN3VIV1E?hl=en-US&gl=US&ceid=US%3Aen,Reuters,50 minutes ago,📋 Drone Regulation,https://news.google.com/api/attachments/CC8iL0NnNHlhak51VTFkRVNFOXVUbTEzVFJERUF4aW1CU2dLTWdrQkVwd2xrV21aTFFJ=-w200-h112-p-df-rw,2025-10-20T12:58:19.878509
Delhi Police deploys 'drone didis' to enhance security during festive season,https://news.google.com/read/CBMiyAFBVV95cUxPVWlnVkhnX2pLYzRHdjItSWpOUHRyWWtXdUpLLWo3VVlsQTVKODN2REZhRzBwcFh0WWx2eGQ0dDZqenlheXJ0c2FXQzhGRmdEQ1BWck1WTkJNWTlsYmd2T0FvQzh3TGRrNmh4SU4wa2N1YjI2bTlxSkxuTkdiN3lzemhCR0h1dnpVcTlVY3JYRzJxeTdpNl8xV2tJV0ZmWV9qR1A4RWVEUGI0ZFc1TFg2aTZSYjdhV21xeUd6WGoyamx4eGE1QVQ2OdIBzgFBVV95cUxPei1oZmN3aVVJX3dORXdlRXNYN0d6aUdCd0tnVjZpMWRyaWlSa1BtbXVFYWMtMTR0ZlludVhtMmR0WDg4eWNkQ1V6ZFNydl93b0VMZmQyNFhLZ1BzZ0RCOUJ1dXhmQ1ZWWDRWUnk2WjE3cEFTWURRdmpWQ21PbDdNWXdJYmE2bzlKN2h5cHZiRi0tdGR2c3BRMWRvVUVNZnpQLW5US0tQODhQVk5jRVhPSXRzVnFST1EtelJsb1UzVEIyeE9BalRORWR6REZ5Zw?hl=en-US&gl=US&ceid=US%3Aen,Devdiscourse,20 hours ago,📋 Drone Regulation,https://news.google.com/api/attachments/CC8iJ0NnNTJaSEpJYlZoWVdHVlNNVE5wVFJERUF4aW5CU2dLTWdNSmtSUQ=-w200-h112-p-df-rw,2025-10-20T12:58:19.878511
Russia says overnight Ukrainian drone attack targets gas facility in Orenburg region,https://news.google.com/read/CBMiygFBVV95cUxPeXBOWHZVTlQ1RUxKYUV0RDBteDlXNkktWXdsU3RycXJtQ0Vyal9mdXI4UjMzMUZ2bjNFWE1jQ190a29oNldnVnlUQjVJX0FoWFotTGhldjJIclV0SHB6d0sxODdUVXV1S3YxUGVVMTJTX1pmLXR6YzFMcGdVNWx5MDdYcUVVSU81c1FtdTFoZzYyUWdwM0NlcFItS3VycmtJUWNmbFY4dkZUM2xmVFdaZFZmbTl6bnkyS2pzdHNvdVg2cHhNOWR4bnZ30gHSAUFVX3lxTE1iUXJFV19Jc2pLeXFmRldoLWNDM3FYNWhiWEVaeHRrZHVVdGZsZlFrX3p2cWk3Q21iUk8zTXBOVnY0X280SVBlRVlGNklncHdPYzd2d3RjU1dFaDI0MTJnODdfVHoxeTBtWExXU3VNZWtNV1Nka2U5NWduVVU3OFdtbjUwQ080UGVFaWdYZGhaSTJ2bFdvQ29uVDFqLTUzT0RRTEszMFpEbjJZWG1ORk1kb1lUbHZGUTJxaXJpYlVxcEMyZ3RTMEpYdFoxeVpWYm1tdw?hl=en-US&gl=US&ceid=US%3Aen,Anadolu Ajansı,5 hours ago,📋 Drone Regulation,https://news.google.com/api/attachments/CC8iK0NnNWFhMFJQZUdkQlMxbEJVRXBxVFJDZkF4ampCU2dLTWdhWnA1Skt1Z1k=-w200-h112-p-df-rw,2025-10-20T12:58:19.878513
"Alia Bhatt and Ranbir Kapoor to move into Rs250 crore Pali Hill home this Diwali, request privacy",https://news.google.com/read/CBMi5wFBVV95cUxQdWQ3cTBkZ05kZHFHMDIyWlJJT0hwY1R4aERGNTJIcmgwdVhpSFlFX0pzSmcyVjh0TGk2Q2VtLVJmZTE3UmVqVklFM1JqbFM2UGZwVDBDTUhSZ1BvOUFnam1hbWRhTVkxN3hnYngydWtwdTJDYkhWUUhVWHBDRnBvVnU3R3dFUmJURzVMczMtLWVLRDgwZDNLTUVKb2Y1cDcydmh3UUhhN0RGd0JyREg4d1pLV3JPVWdvMkhhOTVDdExQOE52MXFZeDNPSW95cFRYMGwyTVFETTVJOUhoSlh2MXdsX180RW_SAecBQVVfeXFMUHVkN3EwZGdOZGRxRzAyMlpSSU9IcGNUeGhERjUySHJoMHVYaUhZRV9Kc0pnMlY4dExpNkNlbS1SZmUxN1JlalZJRTNSamxTNlBmcFQwQ01IUmdQbzlBZ2ptYW1kYU1ZMTd4Z2J4MnVrcHUyQ2JIVlFIVVhwQ0Zwb1Z1N0d3RVJiVEc1THMzLS1lS0Q4MGQzS01FSm9mNXA3MnZod1FIYTdERndCckRIOHdaS1dyT1VnbzJIYTk1Q3RMUDhOdjFxWXgzT0lveXBUWDBsMk1RRE01STlIaEpYdjF3bF9fNEVv?hl=en-US&gl=US&ceid=US%3Aen,Storyboard18,4 hours ago,📋 Drone Regulation,https://news.google.com/api/attachments/CC8iI0NnNWpiVzFsTldkRVZYaHBTWEpsVFJDb0FSaXNBaWdCTWdB=-w200-h112-p-df-rw,2025-10-20T12:58:19.878514
Saudi Arabia “on course” for first EHang 216 commercial trial flights in November,https://news.google.com/read/CBMizgFBVV95cUxPMXN6bDhWYVhNWFNKMTJkeW9BdkdBYzBOQ1JfbGhWMm1HOGxJTk10VTZocWxISEVIeFFQR1dLSjhQdU4xU0R4aVM1SjFPNXVOS0dWZnc2RnA1emhyeVBiaWxUYTRRZXFZWkh5T3pTQlJ4T1NoaUdsU0dqOFJLQXdIbnlveG1nbkw4dlhpbENCSXF0OC0xWUFtVUlJek45SUtNR2o5VlB4QXZxMThMOFRGT25ualRoYml3Z3ZuUFhtTHkwaWFUcHV3ek1tS0ZVUQ?hl=en-US&gl=US&ceid=US%3Aen,Unmanned airspace,2 hours ago,📋 FAA Drone,https://news.google.com/api/attachments/CC8iK0NnNWZRbnBaVm1ST2FUWTJRV1JwVFJEdkFoaVZCU2dLTWdhQmdvNnRMUWc=-w200-h112-p-df-rw,2025-10-20T12:58:19.878516
Anduril Unveils Counter-Drone Kit at Falcon Peak 25.2 Exercise,https://news.google.com/read/CBMikwFBVV95cUxOUVBoVE03VTF1eTJzTi1IVlNFeGlWSGpyUklNejJ3ZnNkdThWTUFRVmU3MUlMcTBJMHdRb2tITVlid1R4TVBnRTNGYzFpbGRqai1SZjFyY3NBQW5YcnZzUDNzWjRhbF9COWR4S3R2MnpCaVZpZmpXMndKSWNyLS1EenhNRzVrTnRyaWF0QnZlUWx3THc?hl=en-US&gl=US&ceid=US%3Aen,SSBCrack,1 hour ago,📋 FAA Drone,https://news.google.com/api/attachments/CC8iK0NnNW9NRlZ6UjNNd1RVZEtPVjk2VFJDUUJCakZCQ2dLTWdZTlk0NnJxUWM=-w200-h112-p-df-rw,2025-10-20T12:58:19.878518
Russia intensifies strikes in South with gliding bombs and drones – Voloshyn,https://news.google.com/read/CBMiwgFBVV95cUxOSkJNTHpOMi1wUklKeDljZ0YyRG5hYlZNQ3gzR3JEdERJRDI1aDNvU2JqWW1yVmtCc1BUdTdrYnBFN2hqWXJOQUlkM2ItclVzUXlUSGNJTFFSYzJ0Y0V0OWtCSHF2eUZITUVaQnpRRjdHdXYtOTh0UUVJTVBFejE0X1MyT0lWTDJtcDdURXRONkI4bUg4RGVkLTRYaWxuU1lEb2hKUGJlRC1VQ3VsQ3NhV1BlMC1zZHpuNXhRV1ZSbXlEQdIBxwFBVV95cUxOOGw3YURKZW4weUVmSm9sMFRRWXF2ZENKSlNqejhOaEJvTDEybWo3X0xaX3Rhd09WVVdYcGJPZHkySFBaSkRzdThWaktZbEtZQklyVy1Kd2ExN2lyOUNIYVZLNmVXcWlOUFRXeDNnM2lDOXdkSWgyMTA2VkpfLUdRVFlySFM4TmlSdlFVeWx0M3o2RHZhNmdQOWw1VTh4Unc4Xy1UTUF0dVdmT09PY2xick1nZjNKLXlLelFqM2VsYmM0eW5iN3lZ?hl=en-US&gl=US&ceid=US%3Aen,Ukrinform,30 minutes ago,🎮 FPV Drones,https://news.google.com/api/attachments/CC8iK0NnNDFZMlZXTTFGb05YcEdRekZOVFJEb0FoajJCQ2dLTWdhMUJJSnhqUW8=-w200-h112-p-df-rw,2025-10-20T12:58:19.878519
Russian Drone and Artillery Attacks Hit Dnipropetrovsk Communities on October 20 | Ukraine news - #Mezha,https://news.google.com/read/CBMiswFBVV95cUxNZ1hKSHBLU0tCZU1yYWJCWTBWclBfZ3hGZGpGcmZSaXlCa2JoVkJtTDA5VzBadjdfYjBlekNSb2lVQU85bTRtTW9qWlpEQWZYOTZQQm9VN29XcGJldmxFSGItTGRHM0FXY0dVVm9oU2JDdHpjMktBQUVXR2lSZFBHdTA0a3hwNXRfMFlsMHRWNjJUNGx5SUVrU3JybTh2aGptNFBIVnZjaE95NjdHQmFxazgtQQ?hl=en-US&gl=US&ceid=US%3Aen,Букви,7 hours ago,🎮 FPV Drones,https://news.google.com/api/attachments/CC8iK0NnNHRhMWhYZWpkcWFXVjVOM1ZTVFJDZkF4ampCU2dLTWdZUndZRE8wUU0=-w200-h112-p-df-rw,2025-10-20T12:58:19.878521
"Russia attacked Dnipropetrovsk region with drones A house was on fire, there is damage",https://news.google.com/read/CBMiwwFBVV95cUxPM3BTajdEU2dBU04yQlN3UWxVZUVaRm44bkY4VzMzbl9EVXdGTmgyemRFMi1QVm1QaHNEVnVrMnB5TTFPYm9iMDFEZ3M0UkpiNGl3WXJuLVZjS0tSSDZxNmh2aFpyNlZWZFV1b05xSV9YbVV6OENId3F2X1BUMjlwdmFGOXIzYTNEM0RJUnAxSFd5Q3RoZ3NoTGNWcjl4M2pGT3FQWkFMdnp5NFFVN09hQ0lGQmE0MHFmVWt6Q3FQRjVzZnM?hl=en-US&gl=US&ceid=US%3Aen,Цензор.НЕТ,6 hours ago,🎮 FPV Drones,https://news.google.com/api/attachments/CC8iI0NnNTVTbTl5WjBjd05tbDFNRVo2VFJEVkF4aU9CU2dLTWdB=-w200-h112-p-df-rw,2025-10-20T12:58:19.878523
"Xpeng's new 'land aircraft carrier' is a $276,000 van with a 2-man quadcopter, and it thinks it can sell 10,000 of them a year",https://news.google.com/read/CBMingNBVV95cUxNbEI0d1NiUE1XLTVncEFjSFNaUXd0MjFCRGxBY3RObkctU2NOZHcxNGdiX29idTZyV2szcHVWOGpwdWNOSXY3dlZicGtKUGgyRURlZGFYaDBkQUY5dl9oMlVTMDdPUnpQUEc5MWstUFlCQ3hFcWZ5TEp0bTgtNVhwaVd6dzg5TlZsMGt3V3JCUVc0blhtNHFCMS1aWENVeGFpNTNxOEV3SG01T3BNRWMzV2xtemh5a0NxQjhmYVVqNUtYdjdPRWRXUTdGUWRuMDBLWmNwems1MUUtbjRhZ0d2OHg3akZFMXhoTlE3SG1wVDlOZzJ6RzVjaUptd1NfN283V1RmVDQ2Sk00NTZTWTViVHgyaVhiYmc1N0FiUDlia2RoeGZ3UlN6WmRDYXVvSmlZUVBPU2N3UkR1WHc4WTdFemh3STROWEF0N3F5QW1LWEpVMTBucVJCZ2FQQ0QydGdnQVlYZE1oNFQ0czItOWp6SkY0cnl1NS1mYzJYSWlJNS1VVC0ySUE2Ry16M0FVZHpqMnBmTU52dU1HVHZGUVE?hl=en-US&gl=US&ceid=US%3Aen,MSN,22 hours ago,🚁 Quadcopters,https://news.google.com/api/attachments/CC8iJ0NnNDVUemxCY0hwRVZuSk9VWEJUVFJERUF4aW1CU2dLTWdNQllBRQ=-w200-h112-p-df-rw,2025-10-20T12:58:19.878525
"Israel's Gaza cease-fail: 97 Palestinians killed, truce violated 80 times",https://news.google.com/read/CBMiWEFVX3lxTE1fcHBFWUtSOFR4aDh1ZUJjc3ZSSFVYREhjY1J5ZkUyZXY4cndXNmdYaFhCTkdwRUlZXy0zUHY0RkMyQkI3Tk9jV3lYeUZsRWxuU0hBaTluTHE?hl=en-US&gl=US&ceid=US%3Aen,TRT World,13 hours ago,🚁 Quadcopters,https://news.google.com/api/attachments/CC8iJ0NnNDNXbmczY1VGTFVXUjRibWwyVFJERUF4aW1CU2dLTWdNZGhBbw=-w200-h112-p-df-rw,2025-10-20T12:58:19.878527
Ukraine's cheap interceptor drones are rewriting the air war playbook,https://news.google.com/read/CBMiiwFBVV95cUxQQ2s2TkNGLWdiX2lmRE9qaE04eEd2REpjcnBoRGNqUmxzSHhwR2gzVFpFdG54T3N3NEdqZFlBTGZ4MWV3dXU4RHlpSkJVRy1IU1FqOXZXR2doUE56blM0V2RnR2t6bk5GTFVpNTZoQzdOQV9zY2ZJaXNKc01VdW5BQldvVWEwZkM1Qm1J?hl=en-US&gl=US&ceid=US%3Aen,AOL.com,6 hours ago,🚁 Quadcopters,https://news.google.com/api/attachments/CC8iK0NnNDNOazVLZFVseGJYUlhiVmt4VFJEU0FoaUFCU2dLTWdhZE00eHNwUVk=-w200-h112-p-df-rw,2025-10-20T12:58:19.878529
Israel Kills 97 Palestinians In Ceasefire Violations: Gaza Government,https://news.google.com/read/CBMiYkFVX3lxTE1vNzdQQndiTXpoTkFrWmZKUFdDUS1sMTgzd2FxMWJSOXNPcEVnUVVUUmpDZ1RPM3JyN3F6Mjd6OHFPXzVvQ3hiU3l0RkRiaUdqX1ctZTFnYUVQazB3MWZwUTdn?hl=en-US&gl=US&ceid=US%3Aen,Bernama,10 hours ago,🚁 Quadcopters,"https://encrypted-tbn2.gstatic.com/faviconV2?url=https://www.bernama.com&client=NEWS_360&size=96&type=FAVICON&fallback_opts=TYPE,SIZE,URL",2025-10-20T12:58:19.878530
"VAPOR VTOL Looks Like a Weaponized Helicopter Toy, Not Meant for Kids",https://news.google.com/read/CBMitgFBVV95cUxOSGwwMmtyeWxONkhhSnBFaGo2MXB3WXBtT2RRZVNabnRYNlk5OU5VQU1JS2VrS290RzF5ZGg1aHRPV2N5M0ZFYUs1cGh1V0ctTEZWckx3RTdrekl4OU1fOHRFVDNaWUNJSlNUSDZibTZRMXhSTmVISDYwc2ZpcGt2Y0RGeEJUVWtqOWxCcjJHbDFOYVg2OVVSbndZakNCUUlFQmgwZUJaWHJ1VkJuV0xEMG9nbmhKQQ?hl=en-US&gl=US&ceid=US%3Aen,autoevolution,1 hour ago,🚁 VTOL Drones,https://news.google.com/api/attachments/CC8iK0NnNHRVVEpKZVRGd1N5MHlOMUkwVFJERUF4aW1CU2dLTWdhTlI1Q21vZ2c=-w200-h112-p-df-rw,2025-10-20T12:58:19.878532
Lockheed's Nomad drones blur the line between helicopter and plane,https://news.google.com/read/CBMickFVX3lxTE9SaV9Kb29rSTJNdDIxdU5reFJ2ZExTSG1UeTRfLWxSbFIyRGU2LURNWGJvcHRPVDJpS2FsWEJIUHlqbXVZc2ZfZC0tUU0tLUp3UUNtNkZoakVGOTYxdmpTVEhGdzhSMXRfbG1pWm9oU0YxZw?hl=en-US&gl=US&ceid=US%3Aen,New Atlas,23 hours ago,🚁 VTOL Drones,https://news.google.com/api/attachments/CC8iK0NnNHpZa3haYkZNelNuUXRUMlZFVFJERUF4aW1CU2dLTWdZSmtKQkt1UVk=-w200-h112-p-df-rw,2025-10-20T12:58:19.878534
UAV Navigation Integrates & Validates Iridium Terminal For Reliable BVLOS Operations,https://news.google.com/read/CBMizgFBVV95cUxOaDdRWVctSDhkdnZVaUNSZWVvbGdmY3dGcUhKOFZNOUdMQXpPTWlBUFh2TlhES3BJVTl1NWtNZ2xXYTA2NmNXVUFadExsRm9CemRoTTlBQ2EzYkxadGJQS1lsM2NldU1iemMtNW5FcE9hMldBSXl2OTdfTzY1eERBNlJIdkVrUm10VWExVEZkVGttV2Zvc1NmcGZiYkRNZ0hUbnN6SU9jRk1iUnpHYVN2RFVyS0RZYktMbW1QaW1yRlB4YW1FVzVtTkZpSkQ4dw?hl=en-US&gl=US&ceid=US%3Aen,Unmanned Systems Technology,6 hours ago,🚁 VTOL Drones,https://news.google.com/api/attachments/CC8iK0NnNWxhVUo2TjBvd1ZHVmtOM05CVFJERUF4aW1CU2dLTWdaQlFJejBPQVU=-w200-h112-p-df-rw,2025-10-20T12:58:19.878536
2 new VTOL aircraft being developed,https://news.google.com/read/CBMigwFBVV95cUxOZXplc1FobkdFUDMxYVF4RTF3MTBYMkluRmpvTFg0SnM2MUlfNWJyQ3JqQkxmT1B3elFLWXMyRWdzLXgxbW9HSXpPRnd5UEFOTzB1dlNpeEZHY1FGaTR4dmlmV3NWSnIwbHQ3LVk2VmJ1NElPalpYTWY1VUgyb2pqaVprOA?hl=en-US&gl=US&ceid=US%3Aen,Capitalfm.co.ke,53 minutes ago,🚁 VTOL Drones,https://news.google.com/api/attachments/CC8iK0NnNXdRMDA0YzFSU1UwaGZkWGxQVFJDa0F4ajJCQ2dLTWdZRlFJS0VtZ28=-w200-h112-p-df-rw,2025-10-20T12:58:19.878538
Berkeley City Council receives recommendation to use drones as first responders,https://news.google.com/read/CBMi9wFBVV95cUxOVE1Gc0hfeGJaeTdVeUpNbmJJTDJnUWtMMC1Ec0czZjBzM1FZTjVjS1UxMEdDbU1QZzZSUnFKWmVtdTd5QXhtYjRaZS1kQmt0SF83ZjIwNDJYUHVnSmp4NEFiMzFaSEtHVXpvRjU2SnZwS3REaGhhcGVnOVVYNmxfamVxSGpNc1NkaG50a2p3TVhseEVCUzdrSXByM0gyOVhYRDJnNk1PTUtmdkxyTVIzWFVPak9uSG5EMk5sZVFYZV9pLTJxX2g5SG5URTU3WU45TzVCVUFlQjdWUTVKZHlsUDZqbDQwVGNuRnh2WWZWRzJNSUdVUmRB?hl=en-US&gl=US&ceid=US%3Aen,dailycal.org,55 minutes ago,👁️ Surveillance Drones,https://news.google.com/api/attachments/CC8iL0NnNUdWekpOVjFOVWJIWkZaMEZ0VFJDQkFSaklBU2dLTWdrdE1vQlBtYWhVMWdB=-w200-h112-p-df-rw,2025-10-20T12:58:19.878539
Drone Didis’ take charge: Women police officers lead tech surveillance,https://news.google.com/read/CBMirgFBVV95cUxQREdWX0Ewd0lfOGU2aXVHd0steWF2NWg5Q0d1T1ZPdmVDTlNKLVBTdUJXSVk4ZkJhdGh2VTJWa0Z0SXlqc0tKeEk2bXY4OGRGeFd4czRIbXVFcmREWG9vcE44S3hRX0xfYXRRLWY4RUJuMUhzRWRlM0tuT0VJRExJOVR4T28zVTBJakFzYWotRjl2ZVpZdENnTEFMc0NGRzlPdjdEN00tWHJOTVQwYVHSAbIBQVVfeXFMTW50a0ZZbjJQaTVHa0JVTl9iV2k0TEl3TXN6Xy1YR2M1RmRBM2dzR0pPS3Z1WHhXQjZTQ0g2bTU1VUVBazhUOHRYUjNDNDQ3YXl6ZWstWXVmaVg5NFh1X1F1S0VtOV9YTWdRMVhWSmp0UzZwaVdUemFhdVhGZFZJdm4yWEd1c2pucTFCNzluN1I2cmwwWC05QUwxbV9BT1NIYk92Q05FXzdJSGsxSFBOcmsxQQ?hl=en-US&gl=US&ceid=US%3Aen,Tribune India,13 hours ago,👁️ Surveillance Drones,https://news.google.com/api/attachments/CC8iL0NnNTFZMjk0TFVVellsVmFVMVptVFJEQUF4aXRCU2dLTWdrSllZWW5wZU0xMGdB=-w200-h112-p-df-rw,2025-10-20T12:58:19.878541
"Japan, Sri Lanka expanding defense cooperation with maritime surveillance drones",https://news.google.com/read/CBMitgFBVV95cUxQZVkwQUgtMFZyNHJUUnozYVp1MmlkdmtaNUpRQWI2TDJPNm5wYzczTUZnM1hldlQ1SzVJRnhfcU1GRzJiOHJNOFNFVEExUVEwZWRHbHJmZ2dfdlZGQjlsVDdIZVVNZGJlVHVMc2lKSkhqVWtWd0QtemZVUWNvRk0ybFdWUFRha1NOcVJUczZndVZPUzRkcS1VcHZKanZYdDU5NXNPdElTVnU3UHFsVTFHc1FLbXJ1dw?hl=en-US&gl=US&ceid=US%3Aen,Indo-Pacific Defense FORUM,22 hours ago,👁️ Surveillance Drones,https://news.google.com/api/attachments/CC8iL0NnNVNWMFphWm1NMU1IRjZiRFJWVFJDdUF4aktCU2dLTWdrUk01d3lsU3FpU1FJ=-w200-h112-p-df-rw,2025-10-20T12:58:19.878543
Drones are a game changer in Kosovo,https://news.google.com/read/CBMib0FVX3lxTE81aWZ2WFd4V3BRSjAzZ2g1SE5oTUFiN0JmQ19xTkF4ZWRqa1lrcTAtdEEtazlBWVNNOHp6VlBLdVl3Y3FDaThuZkRybHd0c3pNVHdUeFlwZThQaHMwaVR0WTBRdGFxVnFkQzl1eDZRYw?hl=en-US&gl=US&ceid=US%3Aen,Indeksonline.,15 hours ago,🇹🇷 Bayraktar,https://news.google.com/api/attachments/CC8iL0NnNW1TM1IzZVdVd2RGQm1NMlJ6VFJDN0F4aTBCU2dLTWdrQlVJaENOLVVHWndJ=-w200-h112-p-df-rw,2025-10-20T12:58:19.878545
Nambara ny minisitra teo aloha Mehaj: Nanao sonia ny fifanarahana tamin'i Torkia aho momba ireo drôna tonga omaly!,https://news.google.com/read/CBMiwwFBVV95cUxOazhEM2xhblQybHJvVmFhdFM5M00wMWttNkxLYXBwY2tZVXBjRXhhdy1QcHdCekRRdlBLU0hfam1IbG9FcGRUa0o2dDJEekloal9zeS0tcl91azMzM0xidkdQQWVCVXVtOXo1b0JXdW9fNDRVQ05OU1huUjVLelE0eHptX2JkQU9iMU1wSno5bno0RjliLXNuaXlSTkdDeFhkOTNWS0ZnTW9ydGxXR3JIRUgxNW1qNG5HWXRrSkRTekVucW8?hl=en-US&gl=US&ceid=US%3Aen,Indeksonline.,15 hours ago,🇹🇷 Bayraktar,https://news.google.com/api/attachments/CC8iK0NnNW1SMFJLV0dJeFV6WkJVR2hpVFJEMkF4aW9CQ2dLTWdZQllvb3h2UVU=-w200-h112-p-df-rw,2025-10-20T12:58:19.878546
What to Know About Trump’s Venezuelan Boat Bombing Campaign,https://news.google.com/read/CBMipwFBVV95cUxONzg3ajF0QlVWdGhLY2lGbUdxeE1rcHlSNVNWQkZXc2Q2a0tNcWREN1kxM05KbUtacFJCMkFEdGFXMEIyME1IS283SGdWVE5NTHhTaEZGSy1vX0ljT3d4Qm84dDNLTklMaW1jM0JHZ1RkV2RHa1YwTGMySzdCTklFdmFKaGRiTEd4bl9MbTdYSUdiQ1NPV3JvajQ4cXk2Z0VqRWppZU12VQ?hl=en-US&gl=US&ceid=US%3Aen,The National Interest,23 hours ago,🇺🇸 Reaper Drone,https://news.google.com/api/attachments/CC8iK0NnNDRTbUl4WkRGclFuRTVNekpRVFJDZkF4ampCU2dLTWdhUmRvNHB0Z1k=-w200-h112-p-df-rw,2025-10-20T12:58:19.878548
Drone damaged with Reaper recovered near Ferozepur Border,https://news.google.com/read/CBMiXkFVX3lxTE43SWwyWXRNNXY0NXhILS1jWkg2SFMzV2dTblZVckppelY2eVQwdUNhaURSaEYwWmVSSEQ0Q29wVWdTQkVQN0VOTnJiZFhucGROUkFwbS1Ea19tQm9tbUE?hl=en-US&gl=US&ceid=US%3Aen,Babushahi.com,22 hours ago,🇺🇸 Reaper Drone,https://news.google.com/api/attachments/CC8iL0NnNXBVa0p2WTFsdFJraEtWakZqVFJDYUF4aW1CQ2dLTWdrQk1KcFdtS25BaGdJ=-w200-h112-p-df-rw,2025-10-20T12:58:19.878550
COLUMN: War comes with enormous cost – both human and financial,https://news.google.com/read/CBMitAFBVV95cUxOS3lrTC1IS2w1MkI2dU9pYlI0bUVwSVZLV2NVYWNqMVRidG1aS2dJQWZzaUQzblhaQUU4ZlU5OV9kMUxJNjExX1Z5bUhjUUstSWEzMWwzdXZjdHpZWE9jQUlxQk5uUFNjdFdleEFkWDRKTmsxV3lOaEV2dG51MUowcEhxMUlQa0xveUdaeWZfUUVOLUpiTG5DenFxN0VOM3RXTU1XdTdoX2M2Ql9BTDQtWm9PUmQ?hl=en-US&gl=US&ceid=US%3Aen,BarrieToday.com,19 hours ago,🇺🇸 Reaper Drone,https://news.google.com/api/attachments/CC8iK0NnNVdXVzlKTlU5TFNtSnVibEZ1VFJDb0FSaXNBaWdCTWdZQm9ZclJ2QVE=-w200-h112-p-df-rw,2025-10-20T12:58:19.878552
Pak national faces trial in Lahore after staying in India for 25 years,https://news.google.com/read/CBMi7AFBVV95cUxNY3Z3M05ndEQ1YS1iY2tWdVI3YmVwVzZDc3V4NnN1VEhhOFRLa0NTTVR1Yzh1ZWo1cUwyRVdfenZYWm5UUnZFZi1xVUt4b0JTM0ZpMlNCSUFmN3JLeWRhRFJTMWxlYnZXMklIdjNxNkFsd19sQWJHQVNxSkxQV3hkb2VFeHdfVjR2T0RocWpSOUpEUzF6dHB1UUY4WE9ZYm9CTUpLbVFoM093Nkd6NWszYjV3REJBS2w4WGtuay1UcUFWQkNLdEtqZjF0TlpZV3FacEM2d1FaYXc1aG9TaFFsTGtzTDJMckowcV9Xcw?hl=en-US&gl=US&ceid=US%3Aen,Babushahi.com,5 hours ago,🇺🇸 Reaper Drone,https://news.google.com/api/attachments/CC8iK0NnNWZSRGwzV2s5eGRrUTNPVzlUVFJDYUF4aW1CQ2dLTWdZeFVvd1NKUWM=-w200-h112-p-df-rw,2025-10-20T12:58:19.878553
A mysterious airstrip built on a Yemeni island comes as Houthi rebels are increasingly squeezed,https://news.google.com/read/CBMixAFBVV95cUxNQy01YnljazFaNzNfRDF3aExtLUdKNW1jNllYS2lham5VMXZHb0Fqak1KY0ZsMVdRU1ozU2FVRWNHNlY2OGRadENYVFU5Mzc0OVRoSEFtZHd3RHJKZGVhemdISWlRdVNpMG1PSUtySWNwa3hHQmt4WGpCaVoybE9sek9Za0RRY3FFQ0pWdFA5aEN4RDNnb2J4RVptQ0NpcGVYc3gzemVwTjc1TVBoTE85dEwwU3p6b29SbEdkMTFUTmwxM2FL?hl=en-US&gl=US&ceid=US%3Aen,Wings Magazine,10 minutes ago,🇺🇸 Reaper Drone,https://news.google.com/api/attachments/CC8iL0NnNXdOMkU0WlRORExYZFpjWEl0VFJERUF4aW1CU2dLTWdrQk1KSWpJU2k1Y1FF=-w200-h112-p-df-rw,2025-10-20T12:58:19.878555
"Mallorca flights back to normal, Palma airport recovers from drone incident “I spent 30 minutes circling Palma airport”",https://news.google.com/read/CBMiiwJBVV95cUxNZVQtOTZlcERkQVdwd0g3aHMxUVVwczJpaWw0elFVczM4Z254T0FkeWVkbzJrWDlmQ2dOU0FTbGtyeDhINWd3cDF6eE0yRTlvNVdSa2lBV3Z0VUtLeTJtYjRlLW9rMXp3Q0k2UU9haHVQSzdOX25yR0NDdUw0V0ZtTGVUTWtBQzNsaGlzNEgxRzFXR1MxTVlLdVlpWVV0V0VtTjhTbjV1V0hfRXJwOEJwU2lKbFlLMTQ1VjhiN1BLdEJzOU41LWFfUVVMbFFSY3NXeDNmblpRUVA2a2xGaTNCSWxhV3REWE5OQm5WbEhxNnNuMXB6WXZjdW5kNVIxYnJNYWowa0x6Q3k2bDTSAYsCQVVfeXFMTmJZdVVGOUFKNmtIUUNBZHdSRFhsSDFhTEF1R1R5VFVYbm1UUWVRaFRibW44cUhrWldDMkpwLWtaaWFXM3VNalN1UWJXaTNYazdhR1JRQjVIX3MzeFBCZTFJM2oyRHNFUjNkejdjaUtRY0diUTRDaERleWgwbFhzN1FHOEg1c0V3T2xFN1BMZmNNdGoyRWE4ZGY0bGZYTnVENkVybHBIdm5XcUF1aFdRbm9Ga2xBNDlLWllFcG05Q3JIWlNidTZDTkdiS3ItQWQwSW8xai1NUldlZ2xkSndCcGFwRDFabkc4WmVFZkVSc1REdTRUUVNyZURxS1ZiNldkeDhWX0JRZEo1eVlR?hl=en-US&gl=US&ceid=US%3Aen,Majorca Daily Bulletin,5 hours ago,🇺🇸 Reaper Drone,https://news.google.com/api/attachments/CC8iI0NnNTRZbUZyTWtJNFltWmpZME56VFJEb0FoalVCaWdLTWdB=-w200-h112-p-df-rw,2025-10-20T12:58:19.878557
Beat the ban: Get the DJI Mini 4K drone for its lowest-ever price at Amazon,https://news.google.com/read/CBMiX0FVX3lxTE92dUdKTW12QWhPWnhOTjJNYlBaSFdtS09LcG5xZDJ5c01FMS1kT3E4ckJkS3FmYWJUY3ZWN2lyMXhLZjVqbTVYZGhCLWlScTA1bWRoVlFZUFdWUW5YTTFR?hl=en-US&gl=US&ceid=US%3Aen,Mashable,1 hour ago,🇨🇳 DJI,https://news.google.com/api/attachments/CC8iK0NnNVBaRXd5TTBFeFptMXFSbHBaVFJDZkF4ampCU2dLTWdZZFU0cXRKUVU=-w200-h112-p-df-rw,2025-10-20T12:58:19.878558
The DJI Mini drone is on sale for its lowest price ever for October Prime Day,https://news.google.com/read/CBMifkFVX3lxTFAzdk5PUEhGOXRtS09UdVQyeE9iNFhVaVh2VHlScFNMRjh0NDU2VWdzOHBHQkNxTTQ1MU8zSU5Ud0E5WC1ONnN4SkhILURJVlRnZDY5cGp0SlE2NWY2QTk3N2Ywd1ZaeHpGZUFUdUtLMnhHQWZyaTVobWtXSGNPZw?hl=en-US&gl=US&ceid=US%3Aen,Mashable,14 hours ago,🇨🇳 DJI,https://news.google.com/api/attachments/CC8iK0NnNHpPVE5WTkhGNWVXdENTVEp1VFJDQUFoaUFBaWdLTWdZVk00aXRJUVE=-w200-h112-p-df-rw,2025-10-20T12:58:19.878560
Drone Powered Business Solutions Market: Set to Witness Massive,https://news.google.com/read/CBMinwFBVV95cUxQN2M2QXI1YnpzcEtlREJHNUxUOEhsTVNkRHBweTk2alhMemNZTG1Ea01ITjNjczd0WFpjTTA1YmVxSFdMS3VFRGhXUy1fc1VkQllrSUR3SlpmOWdDcmZNeXA4dlJPNnJWVjBlVVJtd1dmQjE1c3M5cmNoT0tpSmd3ank5d3p0dC1ZSGZGZ3lVeWpYUDBNamQwcnltMTc2N2c?hl=en-US&gl=US&ceid=US%3Aen,openPR.com,6 hours ago,🇨🇳 DJI,https://news.google.com/api/attachments/CC8iI0NnNWFRWFI0UzJKbWFrUXlVM053VFJDcUJCaXFCQ2dLTWdB=-w200-h112-p-df-rw,2025-10-20T12:58:19.878562
A leaked unboxing video gives us an early look at the DJI Osmo Mobile 8 camera gimbal,https://news.google.com/read/CBMi1AFBVV95cUxNVlpSTDU4V3Z4THRyVG5OTEViUkdEY2trSnNocEwxcE9yMzNwbWFLNm5CTnhhZFNZdTh0dlFLa0d1VlVTSVcxd1BnV1F6N1B1MXBkcDRycEpxYW43U281eUhibDQtMFh0VV82bUF0bXpRN3p1S1FBa3QycVc0aW1mWFByd2gzREF5X3dUSGtTZUxSTkhSdmM1SDBfRzBFdlBWMTd4b2R4U3d5a2JEMlFDOHRyU2U3X0d0dThTcmZzOU1Xci00UVZRMUxyNzZVVWNiQWZaZA?hl=en-US&gl=US&ceid=US%3Aen,TechRadar,23 hours ago,🇨🇳 DJI,https://news.google.com/api/attachments/CC8iK0NnNTBNRGxWTjI4Mk5FVnpTaTB5VFJDZkF4ampCU2dLTWdZbEZJYk9tUWM=-w200-h112-p-df-rw,2025-10-20T12:58:19.878563
Best smart home deal: Save $50 on Echo Show 8,https://news.google.com/read/CBMiYkFVX3lxTFAxS3h6UWN4UW1mUERjTUhJbGJNd0pZX2oxNExrSkxZVXFDekdaamVIUFBSLVNkQnpNWEZxU0x1MGlxWUYtbTg4MW1heWNXS1MwT3VpUXgwOFZYd1BDWEdTQVZn?hl=en-US&gl=US&ceid=US%3Aen,Mashable,3 hours ago,🇨🇳 DJI,https://news.google.com/api/attachments/CC8iI0NnNXViRkpLVkROUVVUSXdVaTFxVFJDZkF4ampCU2dLTWdB=-w200-h112-p-df-rw,2025-10-20T12:58:19.878565
Best earbuds deal: Save $50.95 on Beats Fit Pro,https://news.google.com/read/CBMiZEFVX3lxTE1FOFZRVmRDS0l3LW45MEJXNmN4NEIzbjd0THFIbU5GbmZOMHd0WW9sbjREemFHTzJpUC1VX0JTTGFMOE9CV3o2dlo2SC1PQzZ4ZjVTc0VjWlVaUVFQcS1LNGJoNFA?hl=en-US&gl=US&ceid=US%3Aen,Mashable,3 hours ago,🇨🇳 DJI,https://news.google.com/api/attachments/CC8iI0NnNTVRWFZCTkd0UVdXUTRlRGxmVFJDZkF4ampCU2dLTWdB=-w200-h112-p-df-rw,2025-10-20T12:58:19.878567
Uniacke Fire upgrades gear thanks to N.S. Firefighters 50/50,https://news.google.com/read/CBMihwFBVV95cUxNeU1GQnJIVnl2OUQySUpnVHdfUzZPZG8ya25EX29GdU9Ic2dRSVRJeUhUai1WWXpxUlNiRjRzcW1rRW9NRTFmamF0b2tnamtXZFhaaEp5QXRRVmVqYXVCN01pSUdJaDNveGVfZXJpdlloTkwxNVVMYTd5aFN1cTFwa1VQS2o0ZXc?hl=en-US&gl=US&ceid=US%3Aen,The Laker News,11 hours ago,🇨🇳 DJI,https://news.google.com/api/attachments/CC8iK0NnNHlaamsxU1VZd1ZrZDNjbTUzVFJEU0FoallCQ2dLTWdZRmNJNUZLZ2c=-w200-h112-p-df-rw,2025-10-20T12:58:19.878568
Best Apple Watch SE 2 deal: Save $80 at Walmart,https://news.google.com/read/CBMiaEFVX3lxTE9hTW5hbHJXZUE4cFRnOVFETTdPN3BZZWFfMkU3MjNWZngxNjdnZkc2SEhYbENhNjRxandDUjJLdU1mMVlIOGNkQkRfNzdhS2ZpX2IxbGtYbFNuQUstVEdYRWxnRUI3M2ky?hl=en-US&gl=US&ceid=US%3Aen,Mashable,2 hours ago,🇨🇳 DJI,https://news.google.com/api/attachments/CC8iI0NnNVJTa1UxYnpaZmRuSk5UamRJVFJDZkF4ampCU2dLTWdB=-w200-h112-p-df-rw,2025-10-20T12:58:19.878570
Best Apple deal: Save $34.01 on Apple AirTag 4-pack,https://news.google.com/read/CBMiZEFVX3lxTE1mRXB5aloyRENDN2JIR1J2Z3E4UkJ6OUtLLU5OX3BuVTlKUjZHS2hFUGR1bThwWGZCbEJ5ZGszMjdQa3g3bjZhOXA2SEMwWlJ0MEY4VXgyYjlsOGppTUxzX3pZa3I?hl=en-US&gl=US&ceid=US%3Aen,Mashable,3 hours ago,🇨🇳 DJI,https://news.google.com/api/attachments/CC8iK0NnNXlhRVp1WHpReVJqbEZNbmhLVFJDZkF4ampCU2dLTWdZZGM1SlF0UVk=-w200-h112-p-df-rw,2025-10-20T12:58:19.878572
"GA-ASI, the Netherlands Partner to Develop Small Uncrewed Aircraft",https://news.google.com/read/CBMijgFBVV95cUxQdzcwLWl2d1ZwV2ZjZGVmMHg1TjB6cEVPZzE0bkpRQm9UNHNUb0tlRjcxNm1aWERydF9QX0phZlFDMk9YNzJoeXlsNHNCYjk0bC1DcUl3eGNSeVJfck9iaWFBWjJPNG9IRUs2bTFQRXpBdC1tb1lSNTA5cktKY01LcU5TdVZ0cGRmazMyMG1n0gGOAUFVX3lxTFB3NzAtaXZ3VnBXZmNkZWYweDVOMHpwRU9nMTRuSlFCb1Q0c1RvS2VGNzE2bVpYRHJ0X1BfSmFmUUMyT1g3Mmh5eWw0c0JiOTRsLUNxSXd4Y1J5Ul9yT2JpYUFaMk80b0hFSzZtMVBFekF0LW1vWVI1MDlyS0pjTUtxTlN1VnRwZGZrMzIwbWc?hl=en-US&gl=US&ceid=US%3Aen,The Defense Post,3 hours ago,🇺🇸 General Atomics,https://news.google.com/api/attachments/CC8iK0NnNUdOSFZLWm1kTFgyMW9SVWhYVFJDZkF4ampCU2dLTWdZQmc0NHFOUVk=-w200-h112-p-df-rw,2025-10-20T12:58:19.878574
GA-ASI & Hanwha Aerospace Collaborate on Next-Generation STOL UAS,https://news.google.com/read/CBMitAFBVV95cUxNTGxPeVljWVZ4OC1pTjNRNmNtd2xJTU12UGRKb2JmM3R0M0JyclNqb3ZMWXN0RnFkNzQ1eXVseVZfT2g3eUVyVGdURWpsSVlZaWY0Tl9Zb2piQzA1QWxfWU1vZFhXemRmZlJFTFA0NWhBVElTLW9LRXhzOW1ZSG1Ea1JlSG55anFXN2hHS0xkdTRyRHRVSHg5cHFpbDJYMGdVVVFhTU1FRUQ2QkQzejZBQVQwcW8?hl=en-US&gl=US&ceid=US%3Aen,Unmanned Systems Technology,6 hours ago,🇺🇸 General Atomics,https://news.google.com/api/attachments/CC8iK0NnNUtRWEpqTmtORk4zVXlSbXAxVFJDUkF4ajhCU2dLTWdZQm80NXR1UVU=-w200-h112-p-df-rw,2025-10-20T12:58:19.878576
French Navy welcomes first FDI frigate,https://news.google.com/read/CBMiX0FVX3lxTFA5QVFwQ2hCVFhCN0lzZjFRLWYzWTNIeU8xNnNBamktcVdqLUZNS1RkYVYzd2NJNWxydW5sQ3FHZUVwdFZJdGY5VExleEpQd202UWtLanZrN3FzTmlHTi1Z?hl=en-US&gl=US&ceid=US%3Aen,Naval Today,2 hours ago,🇺🇸 General Atomics,https://news.google.com/api/attachments/CC8iK0NnNVpRVFpYZUVneFMxZExhbE5MVFJEekFoaTZCaWdLTWdZUmNvWUtzZ1U=-w200-h112-p-df-rw,2025-10-20T12:58:19.878577
Navy CCA Program’s Shape Coming into Focus,https://news.google.com/read/CBMinwFBVV95cUxPZHRKanR4eWxaOTVrQVRBYndSSmJ5QjZMS3pnUGVQdUJydXJObFNtMWs2cVNSdlJzRlRndkFZNDVjd1kxRDR2ZEJqNjBvNlphSjE0X3JUTW16clRkTVYzMVhTREg2WWRhQzVVNjE4dHA3bjBVTURGTTU3ajJHNjN1X2VSU1MweVJ3ekkyeE1RRDFTeWJNUnFhbVh3RUpaREk?hl=en-US&gl=US&ceid=US%3Aen,RealClearDefense,1 hour ago,🇺🇸 General Atomics,https://news.google.com/api/attachments/CC8iI0NnNUxkbTVoWkZScGQzVnpPWG80VFJDc0FSaWtBaWdCTWdB=-w200-h112-p-df-rw,2025-10-20T12:58:19.878579
"Germany, Netherlands spend $4 billion on Boxer-based fighting vehicles",https://news.google.com/read/CBMivwFBVV95cUxNR3ktb28wVHFIYVBCVjNwWmxXRXdVX1FsTHNXejUyWEV5S2g3N0VLVVozRmhseGxNXy1UNGMxY2htaWNUNnNFeUNqMlFSWUVXX2JuVmJJczNOR3hHRFpNbGJMU2lDdmRXVHVhbll2M0RXVDJfRkFiSFowSkZ4NDBhN05XYUctOW9pcS1LZzcwcXZUejYtdWdOdk5Ldk9BVXd6X3VCRlY1djVsUlU4WnNpSGt0Y1pjclp5TkFmN0JOcw?hl=en-US&gl=US&ceid=US%3Aen,Defense News,3 hours ago,📰 Defense News,https://news.google.com/api/attachments/CC8iK0NnNW5TV0UwYm5FMVowZEZjVkJOVFJERUF4aW1CU2dLTWdZVllvNHZKUWM=-w200-h112-p-df-rw,2025-10-20T12:58:19.878591
"French Army chief Schill sees Europe facing empires, vassals, war",https://news.google.com/read/CBMiuAFBVV95cUxQYjJHVERjOHlHdUZzdkdfTkRWQWsxVVZ3Qml1bFFVUVg2SVM2MzVvamZ1bmYtemJDMERBeldqZVRnYkkxOVJRcDhlSDFTUEJ6aENKa3ZGX0lhOFlmdTBCdkJwckpzam84Q285N0VMaDRCLTE2ZzJOekdDSWF0OVVFNmlyYTJ1MVczRU1VRzNWTjBmTFZwY0Jvb01QSDhoQktscHQxa3I5dXFJenlyUEdGb2RQX2VKSWNO?hl=en-US&gl=US&ceid=US%3Aen,Defense News,1 hour ago,📰 Defense News,https://news.google.com/api/attachments/CC8iK0NnNXdRVEpEVUU0dFVFRkZkalE1VFJERUF4aW1CU2dLTWdZQmtKQVN0UWM=-w200-h112-p-df-rw,2025-10-20T12:58:19.878593
Latest defence and security news,https://news.google.com/read/CBMiXkFVX3lxTE1NV2RKMWptVEl2dGJsRF9NelBvRFQxczZ3Y3FobnpYYVlQVk5CcEhBbEE1aXUxeUtzVllUeU9GaFAybkFxV2RRR3B4VW1oSk5tQTFXQmJqTVp3b3BFWXc?hl=en-US&gl=US&ceid=US%3Aen,Janes,"Jun 4, 2024",📰 Jane's Defence,"https://encrypted-tbn0.gstatic.com/faviconV2?url=https://www.janes.com&client=NEWS_360&size=96&type=FAVICON&fallback_opts=TYPE,SIZE,URL",2025-10-20T12:58:19.878595
The Department Of War? Not Legally – What Trump’s Executive Order Really Does,https://news.google.com/read/CBMiugFBVV95cUxNMkYwcmIxM29UaFJlcEs2ZGk2N0RKQjVPYVkwVWR0d0EzdTl0bTJwbGhXd2FfTV8xUFNpcW94UktSaWdQU1Nlby1ucV90VjNJQXNHWmRjeTZoQmhqU3A4NVJqU0tjdXZ0X3R1bURyU2JiMHh0WHVJUXhVN2FRWk1IYWk2MkdyNURTRURSd1hSY0ZIYmVnY2t5eDd3SU94VkNYOGNJVlFnVnRkRnc2cTZ4TEN2dmpVWjg3SnfSAb8BQVVfeXFMT2lzRVJKN1Z3dFZrbFdhdE11b3RZUmhXbllUbmlGdnJMQUltRlJJTk1TeWozck1hc280U3gxWm44M3p5eGJleWQ0MmJFVHFkdmhNdllqQ0tLUHFtRDgzUVRQRklITnlQb2RsUmN1VFhTUXdQVGlfTGIydjNmanlWajFJMkgwREtqOEdjQVBYRkNCRV96UUl3VmJvUHdyNW5zYmd1eEJjQ3Z2dXNzWmVQQ282NHhYYjVxTHRxblg4WkU?hl=en-US&gl=US&ceid=US%3Aen,Military.com,21 hours ago,📰 Military.com,https://news.google.com/api/attachments/CC8iK0NnNVhjMnBzTmtsR1EyUlpXa3MxVFJDZUF4anRCQ2dLTWdZQk01aHRJUWs=-w200-h112-p-df-rw,2025-10-20T12:58:19.878597
Israel Resumes Ceasefire in Gaza and Says Aid Deliveries Will Restart,https://news.google.com/read/CBMiugFBVV95cUxOVEwwM0YwMEt2WW81ZEdVczg0QW9PTnprUmlIYW96ZTV3NTRvMmZqTVctYkNIM0kxYmR3akVYY1FpOU9QVC0taE1sMTBmT21lSjZnc0FXLUg4Mm42VUlBRW9yc1lnNW5wWTJTdUFIdkRTeW45OHM1SU9vNDJIcGNQUnBEa1RjZ0RLV0QxRWVQWVVtdkxYR0R3UWNlU2t1NjRCQVpoU293NHduTVdGTXo2WGpTLTlkempHakHSAb8BQVVfeXFMTUFpQkpINm1ZUzQzN3lNS280LUwxSWhramNYNm9LLUpJc1UxSTE4M2JncGVZN2hBMm40UTExLXBBcmdibENyMmtjTW5WbExvYWM0MVcwNmlVRWVPMXFwcGlKX0xqZVF3cWZ0T0NyR1JFbmNPQ21rYldZZm5vN05Lcnh0RGxHU2JkeGhZSEVKbVdubzMya0VLWi1WZ2o2ckNLTllPOWZNcFFKWDgzaWpiVDZJVnVNNlF1RFp6dmozV3c?hl=en-US&gl=US&ceid=US%3Aen,Military.com,2 hours ago,📰 Military.com,https://news.google.com/api/attachments/CC8iJ0NnNVNlVFI1Vm5aWFJrNVFZVEZEVFJDZUF4anRCQ2dLTWdNQmtBdw=-w200-h112-p-df-rw,2025-10-20T12:58:19.878599
Bikers Ride to Honor Vietnam Veteran Fighting Dementia,https://news.google.com/read/CBMiogFBVV95cUxOOXFrSDNLSmZ0N2o5Y1pObHl2eDJqQWVkczh5X1R6RnI1UDdfSkV0UU5tZGhsMkV4R0xYdjlud2dBalprel83VjAyaUZIaWFWcFVPMVdacE9RTHJjZ2N5MFV5WTZQZ1JmRU9nY2Vvb3NHMnBvVkdCLTE2ckNzdzZOUVc0Z0JKa1J0OVBwZU8xamQxVWtOQkcxdi1LSVF5bGZ4elHSAacBQVVfeXFMTXVsUGlmWW5XTDNuaTZ0OXBpWjJmeXp6cEZYTnFxcDVnRHZyZi1kbGtlS25qRkZBc09xb193YXZkZ3ZnQkdQV1EtLUV0VGNjVHdkM2VfRFc0SkFjcTI1MXhWSXNHNzEwNGRCWXE5dEZ0VzFUdFJKczBENmdwVDdSTGRuV0FZMzRJZ0RPNllwNlg2Y0liTXJWUlJDa1NiYkFhemIxWEtrR0E?hl=en-US&gl=US&ceid=US%3Aen,Military.com,21 hours ago,📰 Military.com,https://news.google.com/api/attachments/CC8iK0NnNUJSREppWlRkaVlXZGhOblJOVFJETEJCaUhBeWdLTWdZQlVJak9zQVE=-w200-h112-p-df-rw,2025-10-20T12:58:19.878600
Zelenskyy Says His Meeting with Trump Was 'Positive' Though He Didn't Get the Tomahawk Missiles,https://news.google.com/read/CBMi0AFBVV95cUxOOFY5dUV0UUV3WUxYMnBkMEFMSDlWR2o5MUxjT0V1dndPd1VzNEREN3RMc3ZBX2FzdTJvbzFYckpRRjhoaHdVUTc4Q1ZoQl9YOVBrZkVySjR6dTRuNDRGTDFhRFVMalJiLVhTdDhYRTRxem9Dbnk3UjNPbWQ1RUNZT3cwaFZwdHJiaHZDdTdIanZ1UTh4T1BJSUlBWjdwajQ5NmNCbHg2dThCcGZmc0tsMlZ6QW5fTFRWSkZ5WG1kVW0xdm1CbXFtTWg1aHhxbFhP0gHWAUFVX3lxTE9qU19XeTUxOVZycHJmek9EM0k4QU1WeEYtQllkLVZ5T0lWZDIyZ0JlVzRCa0JMQlVDWXJSb3p4aFJmWFZ2SDVCNG1RcG1XOEVJYU5neWNXSWxEZnRZTjY1NEJFOUZDelRFRmxqLUEyVVgtUTVQNmtfUG5mRGQ1TzViOWlBQUxxRE5wQ1BQUTR4UlB5Z2tUbnBDakdrTWY3YmNmakFtX3ZMLW90ZDJXN2ZnajNsWXU5UndtMFVFaDBPdkpSdTc0cnJpSVlpX09PRlIxRmVMcVE?hl=en-US&gl=US&ceid=US%3Aen,Military.com,17 minutes ago,📰 Military.com,https://news.google.com/api/attachments/CC8iK0NnNVdUMWhOTjFoaVVuZHJRWFJ0VFJDM0FSaVRBaWdCTWdhbGtZTFZyQWM=-w200-h112-p-df-rw,2025-10-20T12:58:19.878602
Arrow Electronics says that US trade curbs on its Chinese affiliates are being reversed,https://news.google.com/read/CBMiwAFBVV95cUxOWC1Bd0xxN0diU2NaWVZHNUZCRjA0Vjg2UUhqQ1JyOUhEN0xRY0RuR1hDOXVEejN1aWx1dGliUjRaSmtzTHUxVmktdFhoTUxpODByWDlxRkJQVlJfbkUtVS1oeE9EemF0QUxfZFhWNG9sVzliMlh1ZURyV0hXN1BiQzZOUV9ONXlSb3FLdHp2bEc0bDZiV3dRLVVYdV9CRnZFRmtSWld1NEM2VHhtOFF3QU5QX3dhSnN3cUIwOTUxR0c?hl=en-US&gl=US&ceid=US%3Aen,Reuters,19 hours ago,📺 Reuters,"https://encrypted-tbn2.gstatic.com/faviconV2?url=https://www.reuters.com&client=NEWS_360&size=96&type=FAVICON&fallback_opts=TYPE,SIZE,URL",2025-10-20T12:58:19.878604
Tech News | Today's Latest Technology News,https://news.google.com/read/CBMiS0FVX3lxTFBsc1JxYWZtanlYeGRJWTg2Y0pqVmRQTlJtTEs3UGxTSXc2YnpCaVc1bWtEWmg0RW4wUUd6M0lRUXNHOVU1YkM2X0lOVQ?hl=en-US&gl=US&ceid=US%3Aen,Reuters,"May 26, 2016",📺 Reuters,https://news.google.com/api/attachments/CC8iK0NnNXBWMjkwVTA1eE5GbEtiMlpCVFJDMUFSaVhBaWdCTWdZdGhJYk91UVE=-w200-h112-p-df-rw,2025-10-20T12:58:19.878605
"China's economy slows as trade war, weak demand highlight structural risks",https://news.google.com/read/CBMisgFBVV95cUxOUFBTUjR1SzhpVUZQbmV0T0VIdkxscFRHdFNoWndoaTZWRTE0RTd2Ry05ZDRicEpEN2tNTkxfM0tld2FfU1R2QXdyNmN6UlBMQlYtSmJNZXpKU21XZS1udENEMnBTZUQxeXVCbnliMmZMNDQ1T3RXWUd4RkZqcTQxajJWT3JzWGgtMldONFh2Ym1qMjN4R3V6Nk1UYXdGN1Y4R2I1Qkx3Y3VPcTRBSDhjdWhB?hl=en-US&gl=US&ceid=US%3Aen,Reuters,4 hours ago,📺 Reuters,https://news.google.com/api/attachments/CC8iK0NnNU5SRXBhYW1sTVdGZElTVk5IVFJERUF4aW1CU2dLTWdZQlVwYkdKZ2c=-w200-h112-p-df-rw,2025-10-20T12:58:19.878607
Trump says US will increase tariffs on Colombia as drug trade feud escalates,https://news.google.com/read/CBMitAFBVV95cUxNdkdxaEhGVnNFY3JUbU9UVW5UYU12Y0loM09xdkF1SkdYTnoza2t2d2VRZ2dzNV9DWm00VGo1M3VoYk1GVWItZzk4WEl2TXBtMGExR0VNdmJXU1ZHa3BaOVlsLVBiOXVqcTdDUVZIV01CenQ4dDlDUWk3eDlqR1c0cHBfRVBLYThHZGk5U2c3aV9WZ2k0ZHR0TlRXRlZocXI1M1kxODZTeVdJLU0tNUE5UVpmNHg?hl=en-US&gl=US&ceid=US%3Aen,Reuters,7 hours ago,📺 Reuters,https://news.google.com/api/attachments/CC8iK0NnNUZTblpsUWxKVmFuWkhjRzB4VFJDcUJCaXFCQ2dLTWdhZFJack5uUWs=-w200-h112-p-df-rw,2025-10-20T12:58:19.878609
Morning Bid: The Takaichi trade makes a comeback,https://news.google.com/read/CBMif0FVX3lxTE0yNzBfRkFVc0Y1YU5NTXpMQUt1bXdXRFFQZ2kwRWU1ZEtEdm82MDJfdTBFb2JNTmtEYndNc2lUUG0xem1FZXdOakxfV3ZIMlB1YkNUVkVtYlRHYUk4TUJ6X2hQUERZeGV3OGRjTnRsTklzTmlxUkRGZG5pd085dUE?hl=en-US&gl=US&ceid=US%3Aen,Reuters,8 hours ago,📺 Reuters,https://news.google.com/api/attachments/CC8iK0NnNDJjbHBSTVRaTmNuRk9SM2R0VFJDUUF4ai1CU2dLTWdhdGRJYXZzUVk=-w200-h112-p-df-rw,2025-10-20T12:58:19.878611
China removes top trade negotiator from former WTO post,https://news.google.com/read/CBMinwFBVV95cUxPUVJlYXlKemNxd1cwWGRBaTdvMDhmQTRGR1VsT21pS3VqZ2F0ZjAyX2JsOWlka1Z0aEpzT1lWcTFwLUYzQk9lNi1IZkZMUW54ZlZuc3R2c2hMeENRNk9qNUpCYXEzek0xQldWdmxEZDNPM1BUVTd5dG1na1l0NlVkdDR4Wm9NYkJTREhWX2FUTmUwbEY0ZEg3ZDVGQ2NXU1k?hl=en-US&gl=US&ceid=US%3Aen,Reuters,7 hours ago,📺 Reuters,https://news.google.com/api/attachments/CC8iK0NnNDJSV2hHZG5ScmVURk5hV2hFVFJDcUJCaXFCQ2dLTWdZcGRaVE9MUWc=-w200-h112-p-df-rw,2025-10-20T12:58:19.878612
Trump vows to keep 'massive' tariffs on India until Russian oil imports cease,https://news.google.com/read/CBMiuAFBVV95cUxObFFZaDE4LWRHQTlTTlYyTmJ0WUNTUEVIYlF5WGhzUW8wQWpEdV9fTmVILWVndW1FbFlrSWNIMDdwOTFnSjlkaGQzMXc4RnFpMXU0cUN1MG1SWHR0MkRDZU9SZEJvbEQwdVh5OEVvcTBoVk13dUN6dHJySE02VGVCWnpWeVBJT2hIRklBMzFrUHpQR1dQQ25yanhoN3JXVW1acDdaVUlZdnROZUlZa2M4aWZQelh5OGZx?hl=en-US&gl=US&ceid=US%3Aen,Reuters,1 hour ago,📺 Reuters,https://news.google.com/api/attachments/CC8iL0NnNXFTbmN0V1VzeVZtaDBMVmwwVFJEckJCanZBeWdLTWdrQkVKZ2FEQ3ZvaFFJ=-w200-h112-p-df-rw,2025-10-20T12:58:19.878614
UK | Latest News & Updates,https://news.google.com/read/CBMiQEFVX3lxTE54NHU1VFJQcW5WSG1XUjAzMFkwbzJTQVFUWms2TzdPTE1Ea2hvVmhPY1dyMWxvNl9acWo3TEFJYWc?hl=en-US&gl=US&ceid=US%3Aen,BBC,"Sep 20, 2017",📺 BBC,https://news.google.com/api/attachments/CC8iK0NnNVFlVWQ1ZURNMFdXbExkRFpXVFJDb0FSaXNBaWdCTWdZWlZZN05KUWc=-w200-h112-p-df-rw,2025-10-20T12:58:19.878616
BBC at scene of 'brazen' Louvre jewel theft,https://news.google.com/read/CBMiV0FVX3lxTE9vZHJETjVjODQtSndYZVV5LWhsSnVhem5QX1BmeG9wUkxhSWJBbmM1T1B6Rm05blJORWRzRlREY1E3X3lacVNWSWN1RHVyTVhlenhwaTRpOA?hl=en-US&gl=US&ceid=US%3Aen,BBC,1 hour ago,📺 BBC,https://news.google.com/api/attachments/CC8iK0NnNTZTbVJSVUZOMlgyTklWRWRKVFJDZkF4ampCU2dLTWdhSk9KVEZwZ2M=-w200-h112-p-df-rw,2025-10-20T12:58:19.878618
'An embarrassment': BBC reports at the scene of Louvre robbery,https://news.google.com/read/CBMiV0FVX3lxTFAxOXl0X1RYSWlGODlkQi0tS01xWThXVzVwamhxYlhUekFmV2dDVEQwUXdyeXNpdktuRm9nTlh6ckhmQWxhSXh4NGRISmtwTHpkemtVdWNyZw?hl=en-US&gl=US&ceid=US%3Aen,BBC,6 hours ago,📺 BBC,https://news.google.com/api/attachments/CC8iK0NnNDVkSEE0Wkc5V2RVVjVSV1EwVFJDZkF4ampCU2dLTWdiSmtZald1QVE=-w200-h112-p-df-rw,2025-10-20T12:58:19.878620
Trump says ceasefire still in place after Israel and Hamas accuse each other of breaching deal - live updates,https://news.google.com/read/CBMiXkFVX3lxTE5uR1BrX2NaRGdqa0RzZHNNX0N1LVg2THBnVmZWLWpwcl9WTWpsY09QLXNfQ19lUkJDMG5GZGplanloY2haY1MtZmI5akNXeGMwZnlOWTMyaW4wdzVVUFE?hl=en-US&gl=US&ceid=US%3Aen,BBC,4 hours ago,📺 BBC,https://news.google.com/api/attachments/CC8iL0NnNUJiUzFLWDBKc1EyUjBXR3hDVFJDZkF4ampCU2dLTWdrQlFJYWlMaWM5TkFF=-w200-h112-p-df-rw,2025-10-20T12:58:19.878621
Israel strikes southern Gaza,https://news.google.com/read/CBMiWkFVX3lxTE14TDBaUmV4ZEZGdDMwZHFKRnlGRnVvTjhYSjhRZnl3ZUhITXZWb1huRlhXS09xZEhZWWQ4cVphckpQM1BSamhMM2ZKbF9WSjl3VEl2RnVrYm12Zw?hl=en-US&gl=US&ceid=US%3Aen,BBC,19 hours ago,📺 BBC,https://news.google.com/api/attachments/CC8iK0NnNHhhMkYxVWxVMGFVWXRaMmQ1VFJDT0FoamdBeWdLTWdZQllJSnNOUU0=-w200-h112-p-df-rw,2025-10-20T12:58:19.878623
Taliban and Pakistan agree to ceasefire after days of deadly clashes,https://news.google.com/read/CBMiWkFVX3lxTE9HS1FRejB6MGJqdDFZOExvZExQZGtNdHAtMXY0ZmVDeTJiMXZiQ3B6MmJXSTNvdXRKR1dsNlo3aUQtTDA4a2l0Qy1kdHp3NzV3a25NSVpUVElNZ9IBX0FVX3lxTE1Yb0VTc19RazlpbU9UZjVZeW0tYkJ1ZHFPTk5QNTJ5TmxrWkIwQngyeEdicmNWZmZhSWhwT2NweFV0X05fUlpEelVTNG9UZldjSllNOEdhVVpSdTdVYVlz?hl=en-US&gl=US&ceid=US%3Aen,BBC,22 hours ago,📺 BBC,https://news.google.com/api/attachments/CC8iJ0NnNWZUVzVJWkc5TGQyMVlOR2hqVFJDZkF4ampCU2dLTWdNRnNBUQ=-w200-h112-p-df-rw,2025-10-20T12:58:19.878624
LA turns Confederate statues that launched US protests into art,https://news.google.com/read/CBMiWkFVX3lxTE0yUWZDaWY3emVMUVBFRHRPTURKSldIbHRnTjB3bmMzcGFUb0lTXzJKaEktQmxOZTFpLU5qT3pPTDJfSHhQenptWVA4M0hvamctU2xQRDJnaFpyd9IBX0FVX3lxTFB6NW1ZVjB4cWxsd3NGTEZTUk82Y0hCdG1FdUI3Y04yZEcwaW50d3dpdXJnel9rb3VfaUh2QTlOcVJGbmJhR1pDTTg1dHV0YXFobkNKN0cyOTBTRFZ3Nm5F?hl=en-US&gl=US&ceid=US%3Aen,BBC,13 hours ago,📺 BBC,https://news.google.com/api/attachments/CC8iK0NnNUVaMHRtTlZvNFdFRmpTVTlOVFJDZkF4ampCU2dLTWdhWkI0aUpEZ3M=-w200-h112-p-df-rw,2025-10-20T12:58:19.878626
MoD probes claims Russian hackers stole files on bases,https://news.google.com/read/CBMiWkFVX3lxTE5HLVJQLVVQVk1PSnJUdzdESU9Ta2d6bVBzMl9qUml2am8yVlJuVy0zZ0dva0dRc2M2YjlvX3dOdnZjVEJ4alBzOUhUY25NV05zRnB4ZFluN1ZWUdIBX0FVX3lxTE5vYkFuNGVUQ1phTW1VS1JfLWxNbV8zZnAyQjlTakJ3YjlDbmRmTlRjNTYzUjlhbXhwQlMtdkl5MWhZLXN2c01FNENMMTJpNWVESFhrZXBkWlNQNXQtcExj?hl=en-US&gl=US&ceid=US%3Aen,BBC,13 hours ago,📺 BBC,https://news.google.com/api/attachments/CC8iK0NnNVVTelF5VkdaYVYwUXdMVU10VFJDZkF4ampCU2dLTWdhbGM0aHVNUVE=-w200-h112-p-df-rw,2025-10-20T12:58:19.878628
Zelensky says he is ready to join Trump-Putin talks if invited,https://news.google.com/read/CBMiWkFVX3lxTE5uYkhIdHgzNFEzc1phdGdaQThnRmFXN0R1UTJld3hfdEtOU1I2N1BwS09XejgzMDhjYldiY0lhdE90TTVlRGZEeW9uN2ZFbGtzTzdMQ1hsd2FJQdIBX0FVX3lxTFAxZ0FwV0xKWWpQSG9aVXNFeFVjdHhWa0J5VGpSSkd2VnNNNlkwSnZLZ1NSSkpaWWNYT1Z0SGRPN3JaSzJUVlVRWmE2NGJQOXJDd044WXZFSjlTbEoxV1NB?hl=en-US&gl=US&ceid=US%3Aen,BBC,2 hours ago,📺 BBC,https://news.google.com/api/attachments/CC8iI0NnNTBOWFF3WDBaU1lrdHlWemhwVFJDZkF4ampCU2dLTWdB=-w200-h112-p-df-rw,2025-10-20T12:58:19.878630
On GPS: Beijing’s calculus in the US-China trade war,https://news.google.com/read/CBMiiAFBVV95cUxOdUZmdjByNkU2NVgtaG5zNDhxeFhqamFJZnc2UWRUWlJGRzBuTUNQQmxXWGRkckVhMnRMbjVra0tsd09TWHpJQXFxdi0wUUp5RlBTa0VyV2preDI0VUZhekFnR2tFcUt2eGp2cS1USHY2eHA0Ml9YUnJ5ZHNDYU5UVEZwTXRDSjhX?hl=en-US&gl=US&ceid=US%3Aen,CNN,21 hours ago,📺 CNN,https://news.google.com/api/attachments/CC8iL0NnNHpVR1poVlhWTGVsZEJMVGxIVFJDTkFSajZBU2dLTWdrUlVwajFwT2lwU1FJ=-w200-h112-p-df-rw,2025-10-20T12:58:19.878631
On GPS: Trump’s pivot to Pakistan,https://news.google.com/read/CBMigAFBVV95cUxNWWgxTkRwWmY2OEhMNDhRU3V2RXJzRGZYa0lkTWNjRXE3Rl9FSkNJYW41ZFRlOFQ4ZzFod2lTS0tzT01ua2dsOElNc0pGSjdGZlFwcU1qc09CbmJ2R0locjl4MC11Mk9LREgxRzJBQlNfV3N3V3l6M3lDSzBqNHpzNw?hl=en-US&gl=US&ceid=US%3Aen,CNN,22 hours ago,📺 CNN,https://news.google.com/api/attachments/CC8iL0NnNXBSV3RZZFRRNWVEUnBabnB3VFJDZkF4ampCU2dLTWdtTk1ZNjFuS201NVFJ=-w200-h112-p-df-rw,2025-10-20T12:58:19.878633
Israel accuses Hamas of attacking Israeli forces in Gaza,https://news.google.com/read/CBMijAFBVV95cUxOelJEM1hzUWtpRHZ4ZkFqM0k5UEdPSGxFczRTSVJvdllMWDFZSk9DN3dBbmhBQXhsRklfbXBSbGp1YnhnUkpsNXpta0tlRHhQUEt3YlZZampqUkhxbEVVU2VOYUVUclo3My13WktVbU16d04ydlJTdlhYSEozN1dtNFZzQXhnX1F4ZzFpbA?hl=en-US&gl=US&ceid=US%3Aen,CNN,10 hours ago,📺 CNN,https://news.google.com/api/attachments/CC8iK0NnNTZXbmxPT1RaUVNrSkVZbTFzVFJDZkF4ampCU2dLTWdhdFJaYk9vUWc=-w200-h112-p-df-rw,2025-10-20T12:58:19.878635
'What they care about is converting this into cash as quickly as possible': Expert weighs in on Louvre raid,https://news.google.com/read/CBMilAFBVV95cUxPcHlZRkMtTEFrdHFqSUZLaERUM2NoTW5KV2dQSDNoQnc1QTJ6Y0t1M1J4c04xS3J0Vk9MRVBadDJ1OC1mOGR6NHlUVXdFR3Bhak1VdE9nTE9MdDBsd0xLUjF1X21qbzN1Q25hLVU1aHRldnhEU01ma1V0T1U3ZmUtY09lWGpzeS1kdmZiMGtkdDlzNVl2?hl=en-US&gl=US&ceid=US%3Aen,CNN,14 hours ago,📺 CNN,https://news.google.com/api/attachments/CC8iK0NnNVVhMkV4ZVRkRFpqUm5RMjlGVFJDZkF4ampCU2dLTWdhQlFZYkNLUVU=-w200-h112-p-df-rw,2025-10-20T12:58:19.878636
Fareed’s take: Trump’s personal dealmaking worked in the Middle East. It won’t with China.,https://news.google.com/read/CBMihgFBVV95cUxQUy1USkE3TUdhT29QMHRnelJydnNjXzFiVzdnZjVzZlBXc0l2Y0FCbHNXbGdmRzBpSHUwMGtOcVBrOTB1MUcxSDJ2c0NJZy1rSjlDb3dWSlFwYWRxX3RPaHdsSlJ3b0M1Nm1oOGhDNUR5N3N4ZkY3Uzc1Y2l2RllFZkpSRXNSZw?hl=en-US&gl=US&ceid=US%3Aen,CNN,21 hours ago,📺 CNN,https://news.google.com/api/attachments/CC8iK0NnNU5WalJsYzFWNVJuUnhOMVY0VFJDZkF4ampCU2dLTWdhTlpaYk5xUWM=-w200-h112-p-df-rw,2025-10-20T12:58:19.878638
On GPS: Who will govern Gaza?,https://news.google.com/read/CBMidkFVX3lxTFA2LV82UWQ3T3RTc2R4eFhuUkZWSlRaNEhRUUFOb1VVMkM2TXF1c1pVY000YWs0Ri15ZHZiUGhtM0VtbDBHZmFfNlFTMTB2eDc0YmVZVnRzSHBKX3hyOUUxYjRJYmIyN0trWU9yU216QnZYcHZwSHc?hl=en-US&gl=US&ceid=US%3Aen,CNN,21 hours ago,📺 CNN,https://news.google.com/api/attachments/CC8iK0NnNTBOelJUV0haVFZYcFRlV1JYVFJDTkFSajZBU2dLTWdhQlVKcURwQWs=-w200-h112-p-df-rw,2025-10-20T12:58:19.878640
"Europe news - breaking news, video, headlines and opinion",https://news.google.com/read/CBMiR0FVX3lxTE4wS3pHcEZYN0pET2x3Zk9hbEU3X0x5OWlQcVY3MEtFcEo4aEJIaUlWUE1HdEI3WXlQeEJHSWduQ0tDWnpBYWlz?hl=en-US&gl=US&ceid=US%3Aen,CNN,"Dec 5, 2022",📺 CNN,https://news.google.com/api/attachments/CC8iJ0NnNXJZMmgwTUhwck5EUkpOR3R5VFJDZkF4ampCU2dLTWdNQm9Bbw=-w200-h112-p-df-rw,2025-10-20T12:58:19.878642
US-made Tomahawk is a tried and tested missile – but it’s out of Ukraine’s reach for now,https://news.google.com/read/CBMihgFBVV95cUxPU1ZVUVgwZjJMRDV3SjZDUjVtRDZjX3pzWFhyUlh2U0JRUlJsU2d4UnRfaFpfdmxDZEhYUWRrYUFwOExOeUJMLUgzUzctYUh2cjlsSERwM0ZxUGgtdDBzSkhlSmsyc2hHa3FaSEJVc2w4NDFSZGlCV3k5Rk5hcEpuUy1xcThhQQ?hl=en-US&gl=US&ceid=US%3Aen,CNN,49 minutes ago,📺 CNN,https://news.google.com/api/attachments/CC8iK0NnNDJTRXR2WWtKYVZsVkJSVWhUVFJERUF4aW1CU2dLTWdZQmtKYVdQQWM=-w200-h112-p-df-rw,2025-10-20T12:58:19.878644
On GPS: Will Hamas ever disarm?,https://news.google.com/read/CBMipwFBVV95cUxNMjVqYnVCek5pb2pCQ04xRmJ0MEk1V1dETTM3TWdxNEMySDRsR0QyblMybnJQcHVmMVhDbFpjeVpab3g1SnkzRjk1dzRKdnpTSUo3RzRNaFRlY3ExWE1fd3FxOXgwTVFNSUxNYklpR3BYX0Y5a1hTMjh0M3E5X0FiUTFqODNCMlEwbUVWTFcyMzhNTnZvbXpBai10dmx6cUJRSzVuWmZZQQ?hl=en-US&gl=US&ceid=US%3Aen,CNN,21 hours ago,📺 CNN,https://news.google.com/api/attachments/CC8iK0NnNXBkVVJLZEVkMGVHNHhVekpqVFJDTkFSajZBU2dLTWdhQlVKeURwQWs=-w200-h112-p-df-rw,2025-10-20T12:58:19.878645
"As tourists continue to visit national parks and DC, advocates and local businesses warn about long-term impact of shutdown",https://news.google.com/read/CBMiiwFBVV95cUxQcEFOUXJ1NTBGTHNzNWVTam44cnVZaGFDVDBIVGNjOGZyUGVWM01EaGUtc0VsaVRRUXcxMUhtSnZnaXJqVC1pVFl2S2dCNGlVSEJXLVRXN1N1OUc2R24teHJrV2diZWlpQk5hNWJ1ellldjdINmRRQThEQ2lpU3BKMUsxV3JNbHNlZHJF?hl=en-US&gl=US&ceid=US%3Aen,CNN,1 hour ago,📺 CNN,https://news.google.com/api/attachments/CC8iI0NnNXpVMUZDZEhkS1ZFcEtSMWhWVFJERUF4aW5CU2dLTWdB=-w200-h112-p-df-rw,2025-10-20T12:58:19.878647
Israel Hits Dozens of Targets in Gaza After Saying Hamas Killed Troops in Attack,https://news.google.com/read/CBMiugNBVV95cUxNNERBMVVvamlSOEZpQ19nOEVuMlRaNzRKeTZnTzFPU29GY3AzRzIwRmlUaVZUSTFJa1BOYmt2ZFFDdExaUVViemZYSl9vSzNOc19yaFVBX2k3aGNYQ2tYMnJKZkozTEZFTHBQb1QzZ3AtMTZXWEZVdXVvMmRTVE1Ha2F1MjhodFhVVVVaT1RfZmRSRmNqSzYyd2FwTTdZdVNXTEhlaW5CXzQ0cmppd2xXMmpCV1hBX0wxNC1WMEI5UTlvZl85Zk82aDZtYkxKVWJiNU1WMkFnRTBKMTdUWEVuelFBYjU5ZTNKbEFNRDhwTUVoRmNJWGNZdW56NlJZdmYwQVV3LUhtd3gycGoySHpwU2ZqR0VsbUdGTl9QTUNFS2Fsem1waGJYak5nak8ydmx6S0dlMW1obmRxLTZXNEkwRDc0VkZCRXBkY3dscmVGcHFiVkhPY2FQMW1SejN0OFgyWWhuLVg0RF9QVVlRRUhEQk9ncVB4ZVZZV0tTbHctVGVOMUxtdTFwSmR4RE10Z0NxSUItOENpWEozVXZpa1pWbTlxcS1IWHZzdmNPZE92VTllUmhzZnd1a2h3?hl=en-US&gl=US&ceid=US%3Aen,The Wall Street Journal,19 hours ago,📺 Wall Street Journal,https://news.google.com/api/attachments/CC8iK0NnNVJOV2R3UmxkdmN6RlpURlZKVFJERUF4aW5CU2dLTWdZQmNvenNNUWc=-w200-h112-p-df-rw,2025-10-20T12:58:19.878649
Gold Remains Supported by Economic Dark Clouds,https://news.google.com/read/CBMimANBVV95cUxPZ1VMSmN4c3FVSUNJaXN1MHhFcHdCZmNvZmltRUp2cEtYZXpqeUIzWDlWMjlxeVN5aXdOdm5RR0ZEYk1iZnJkUDdtbmsxNEFuXy1DdE1iSWl5bjJ5cGZ6QXJKV2hxYjRkTE9hX3ZUYWRsVVR2SnZ0MEdQWVl2SzNqZmNrRjh0aHZVSTNaYzRnZngxZ3NTVWNHaDJlQ1JsN1VURWJXQVVpN1hTWFUwY1otakxEa1UyUGNvdkRjTzBPTXQyODRLemszYzlZRXRDN250R3lpQXpMdkZqdnNjemlRZnpsalVwZHlEdURLOHpDNXBFcC1WS211bDgxQlFaMG5nNmIwYUpCZDJ0ZThSbXd4X0hrMnQ0Ul8zZzROd2QyQ3MwSWVqaHI0dFZvRHJKN2ltcmlkRUdWY0wzaHM5dW1hWlNtbkdWWkpSa09xeE9pZHREaGF0YUlCbzlYTHFDbmQwU3RTNHZkYWhHMWd6MlVpYklTdWVkdG56UmpwS0YwQ3lLS3VBVXRFcDBtZUFBNHlEZmpibmlhREE?hl=en-US&gl=US&ceid=US%3Aen,The Wall Street Journal,3 hours ago,📺 Wall Street Journal,https://news.google.com/api/attachments/CC8iK0NnNUNURzlYWTJNNWNIRkdVakE1VFJDNUFSaktBaWdLTWdZSnM0d292Z1E=-w200-h112-p-df-rw,2025-10-20T12:58:19.878651
WSJ Opinion: The Bolton Indictment,https://news.google.com/read/CBMizANBVV95cUxPdTNjdWhMTWtRQ0d3RTRWbHctUGdidkR0c3h6OUkydEVOMldDSTg2MmlaSFAyN0E1YXJBZDNFb3ZYb1hJal9WMEhUUy1XRW15QlQzVkw4dlc1bEpzdDBrek1MMWc3WWxuc2NhaEhCbjZyR2VUbG5QWjNKS05NcWZnVnVOdlVtZnpaVWJ2bE9ZeS1UN0FxVDhKdnZGTnRraWVQbmFyTWQ5WTBsWlc1VGZBQTlGdUtrTjRRWl9STnJJc0duREd3MFFrN3hybnFJd2dKMndBNjhGSEZRb0ZyT3UxOVY1N2hxR0ZIY3N0SmNMNXA5MmdBUHg4U2E2SXQ2Vk9rZW1zc0R5YWpWMktrbU1QREpFT3A3REFLTF9vYkZvNFJLRWdpbDRQUXFUX2JpNzU5am1QRkROZFBjd2MwZDYxMlZYSDE4TmNhT2syVzZUcW5DTGJNZ01PQTNKeExHY0pSdFdWLXlkeHhQemxzQVA5eEFQam1YSHRfdDVmallLdnVVWTVzRnFXOGRWclVDa1hCaUYyY3NXZkd4T0lYalc5U0ctQk1HQzJSbmw2TXFFaktNR2xYY1dPbHNMdkxuV0J3bTNDaUZLUHBIWTdf?hl=en-US&gl=US&ceid=US%3Aen,The Wall Street Journal,5 hours ago,📺 Wall Street Journal,https://news.google.com/api/attachments/CC8iK0NnNTZUa00zWjNCQ1RWcFdZVVJUVFJEZEFoanNCQ2dLTWdhcE5ack5HUWs=-w200-h112-p-df-rw,2025-10-20T12:58:19.878652
Startup Aims to Fight Wildfires With Water Cannons on Drones,https://news.google.com/read/CBMiwgNBVV95cUxON1dwR1JPNmc5ckU5bmFvVXdhOC1iV1FMZGZYemZtOGdtOE9rWmtKN2hWVnRCcWNzSXdEb1lETXgxTjhwTEdqTWFNT3hnWHYzUjUzMURCNURWQ2RWMy1ZSWk0VEx4UTdDS3ZqamJIMmhRalp3Z3BTRWRVdnR3TUhVQjlzZk9YNHgtTDl1LXFiUEpHWk9pXzgzazRkdEVGa2pXUUEtV0JzTnFodER2UW9oNWItX2F3a05kV2laSWV6QUl5ZzVWYXFaVnF3amdTa00zZmpPZ3N2aDVRZVNaMGxwYU03a2xhQkdaUVVpdFNGVURxR2JwR0g4bnp2aTJTZFVRRXc3ZGF1UExCTjR6cHZkdXUzTldpS0JyaF9aTTBPYldnNmNBZEU1TXh4TFlzUnFvaGxHTjFfN18tRVlUN1dVV3FFUERDTzlTTWRlUkNvcUhQaHk2RlBwTEQ0UVY0cl92VXdTTUtrYndWeVVZTzhOX2xQVjJGTXZ1YzAxa1V0U1JmRG5QN3lNajU3WERJSGZPaHJkUkllSWc0RmxnLWt1eW40dU5uU2ZjSWd2Q1dNeVJkdzV3UTU4bEhRNjA4Nm9QOHc?hl=en-US&gl=US&ceid=US%3Aen,The Wall Street Journal,2 hours ago,📺 Wall Street Journal,https://news.google.com/api/attachments/CC8iK0NnNVBTVTkwUlRSaWFsUlNUbVpaVFJER0F4aWtCU2dLTWdZQjRJaW1UQVE=-w200-h112-p-df-rw,2025-10-20T12:58:19.878654
A Ukrainian City Fights to Keep the Power On,https://news.google.com/read/CBMilANBVV95cUxNZXp2emR2amhTTEtKVm1xTFNYMHB0WWRNdWNhQTFmVjU3ZjZzQkcwclBGczVWNEdNeEhLTW1MR2NXY2tTMFg3WVlwOC1GNVNIRVNRbjY0cGthdnJOUFFPOE9FelJjUjBEa3RJRnBGN2hGdXpkNWxGWGJPT0xkTFRnTXBETmwyUGFSVGd4c0lxdzM3SHNnNXNMWGFCNUVlNVNGT2FMel9xUnFPaGM2amJYSTZCQ19LT2RaSjFULUNZZVg3dUhxVExycFZDb21aOWNBVXY4cXluOTBaeV9yZUR6bjdPNm5pajl5NUsyNnNUcE91Ym0tOXY1bXhWX0hxZXRWeVZXM1BEUnRBaEtLRjFrRVZOeHQ4NFFPdWFLMEszM2t3RnM3QmJLZGhLSGRnRTdjZUNoNEVnem9HRWJwMWJqcmFOVUVyTjVWUEZOTGhuOFhIM3VTc2owREpRcFZCZVYxUDQ0MENlVDJWVGVyS2tmbWpUaHg0X1kxeUEwc0dIY0RmWWtqRWlfQmRSZFUyRnRHSTI5Tw?hl=en-US&gl=US&ceid=US%3Aen,The Wall Street Journal,9 hours ago,📺 Wall Street Journal,https://news.google.com/api/attachments/CC8iK0NnNVNORWxNVG05dlNHVmpTeTFqVFJDcUJCaXFCQ2dLTWdhRmtvNnJPUVk=-w200-h112-p-df-rw,2025-10-20T12:58:19.878656
Families in Tel Aviv Call for the Return of All Dead Hostages,https://news.google.com/read/CBMixwNBVV95cUxOV0UxSTNoOUYwOHlad0JtSkp0Y3cwVmRWU2tPSTJiYzFsNnJWNjV4ZlY3WEFvNlF5UW95SFUtYTdqeTlfdzZsUDh4Z01IcDJpbDlUYmI0TjBBM0FWb25pcTlvU19lTWR0bS1oU0ZJN09sd1dqMVQ1Ti1GTThTdmJiTVV4RGxZX3hncWJSZWRBNGZiSk5UbjBIMng3MkNxZ1ZzWG1xaVFiZU9Xai1JazZUeWJCT2JzVkJ4VVg2TVBOR1dSb3NncURTMDRhc3dNVGJlWDZJbGZQTWhXblFxdS1kUXJvWUJHOTdZSUVJcEMwYzlydHBEb1BrU1dNZzg1VkRpaEpCaERNbnUtYmhiRnN6X2U5ZktreENPdTctZHNHdWVmZFZZTnNIazB6T3VtN3JOOHBTeFBDVUoydkhxRF9hLTVUSDQ1ZW1yOTVDN1IyMWRDb2tHZE5KNjNUTnBjSERuWFdjSWxuSHpQOEhvUTF5UG1TTlJGQU4xeHBDaG00ZE8tdFNkaUNtSXJEQVpqSzJsbGhJQ0pNbWtPaTdoZVZacFFXaURiQVRINGZLX3diSDVRNFdhMjdzaGI3RDUwSWhiTWM5S3BRbw?hl=en-US&gl=US&ceid=US%3Aen,The Wall Street Journal,8 hours ago,📺 Wall Street Journal,https://news.google.com/api/attachments/CC8iL0NnNDJVWFphYmkwemIxYzNkVWg0VFJDZkF4ampCU2dLTWdrQlFJSWdwMmhGendF=-w200-h112-p-df-rw,2025-10-20T12:58:19.878658
WSJ Opinion: Racial Gerrymanders at the Supreme Court,https://news.google.com/read/CBMi5gNBVV95cUxQemM3WDBQV1k4U2NWUVJ2TTlTNURqd2J5SGFoaFRVU2NNbUJCREtCd3hxYUU4T3NIMVdKal9qWl91OWs3TmFTSXEyM3Y4XzNNVHotUHlQRW5OeWpoYk5BY2lMU0JKbmNQakw1MkFCdE50NV9rY0pCblVkaDlLa19uMXZmanZsczRoVWJQT3hNeUZTWHRoT0tDVjBYVzUxeTF3M1pOM0hPQXF5bmF2djl3Ti1wRVg0OVlybzdiRXhGWGtVSXdyUnJ2dEZEdG9GeUNSb3BTbEpnVEhWNXNXbERMZ3dSeU5fLUg4eDhGQnpJWGlzM2FHTGdyenJMOHVzMkVyVFczVjNJNXdmVWU0N0lfam9CdnhkUTNFbVR3cS1Tb2FUNmpxMXRqdVl3OFBQVWV4WThEbDk1VnZfV21kRnZUZGdTVnFhTElpcHd6eS1jOF9VYU5lRmFvdVUtUnlsRzZZcnEzcFp6bGlNLWUwYWZPZUVsSXk3aE1KczFwYnNlaFpST2VDRVlneVp0QjFwZUpDWGkxUm5zWGNaMW1ubnhwWm1tUEdqekJ6X2xETmZ5X0NGcTljbU0yWEhWeElNWXhnWGFJM2lPWGNEYWlEUms4VTNyVXYzMDBrQm5qWm5YaHg1b1JwX1E?hl=en-US&gl=US&ceid=US%3Aen,The Wall Street Journal,16 hours ago,📺 Wall Street Journal,https://news.google.com/api/attachments/CC8iK0NnNDNjMXAwV0hZM1JuWmpOMEpyVFJDZkF4ampCU2dLTWdhVmM1UUlyZ2M=-w200-h112-p-df-rw,2025-10-20T12:58:19.878660
WSJ Opinion: Trump Touts the Dawn of a New Middle East,https://news.google.com/read/CBMiggRBVV95cUxQNnV2WVN4Mkk1MG5mOTc5Vk5ELTl6dHFIM1JhbTl5bkdTR29xcmlpdWdDeEpXZzdmY2JWcm5ZNWljMmNLX0hWMlc1UkVGUUVMbGpZWnFWSnFpZTExbnFWcmlManU4TjI0UzlrTFI0V1ZLdUUzRkYwQXkweFlKZnBjN281aGgtRkFZM282bFFTblZJaFZtWWtfU0lUV29TaG5odWEtalVCQ0tCUWZKamczN2ttaXcxWVo4NHA3d1RxX1AtRUtZMDVTcGZFbkpHdkJCbzBfdWRhbWdOa1drMUZlNFJ0Z1BCVjBZVkVLRVByeVk4Y0lOa1VSaF8xM2NFNUw4NHZKQWN2amtnc2NxVl9qa0d1Q0tENHk2RDdEd0xlSXBLVjFuWUJVSmFQc1FfcFduMmpidjhyMWloVHAtelpMMFJPTlhER0JoOWh1ZGkzOVRZMHdrSnlNX1dUVEpNbXJZVVZEQXdMUllTM1A2RlEzUTZtaElCVnVjMUxfVHVaSW04RVh1MEV4Q3liZEpObFFZMVdDRV9HX1dfT1dmNlZ5U0xFdHNIOU11OXF2VWhSVXZiZFI1TDlMbkNKanV5ZWVTdTRaaVVfNGNoR3RvUWwtaXl5VXVneXpkQ2lta0JINTFvNmdZekxWUmFMZjZnQmhhSzVQMkhPWUFUUDk5OU9UbXF3?hl=en-US&gl=US&ceid=US%3Aen,The Wall Street Journal,14 hours ago,📺 Wall Street Journal,"https://encrypted-tbn1.gstatic.com/faviconV2?url=https://www.wsj.com&client=NEWS_360&size=96&type=FAVICON&fallback_opts=TYPE,SIZE,URL",2025-10-20T12:58:19.878661
"Spike Lee on His Film Legacy, Marriage, and Lifelong Knicks Love",https://news.google.com/read/CBMihgRBVV95cUxOVDIzQ3o3Yng3T0lKU2tFZVNKeDVveTBzS3Rza0x5V0lUWWVYSzMyWHNQZk9LX0dkZ3hVSnY1M0RwaFM4d3dMd2RtWktwMDNhdTlYdUszWFhrSXAtb3dzN1BQbGNOYmNvbDFienpTVHh3cWdvS05TUmx2dmtoYVVBVUVoRUw3VzBsV1d3VDdaMGhvV3NxcUV3YVFsSE9sTmwxSUtDaVo1MFVPQllQWVZqNGRraUNiZEtKZVVhR2c0MVpoM2FibXg1cjFkc1lLWk5ZeU5tSWZYUlpWWWV4cEdObi12ZmlMMXhQaDl0MG0zZzhTTnlGRm1aTndtY3NTY1kzVnhSdjdhU190MGFFbGlCU3F1VHlSTEMtdGgweTdQc3RQdTM5N3RrVHhNUG5VVnRNRC1HRTlZZ1pqcUpBdHhCZ2tYNEktd0ZWNm9xZ0JHZnRGdmwwNEcxTWxiRE04Z1lYN3dVOFZtLUt5cGlaQUN1LUJFOW9kWmxPSVV5TG10UHo4R2Fpb3N5V1FjRjdCdE5jbzRPYUFta0FqMy1nOFFXcUpQQ01zLUVncVVMSkVWb01tRHNqem9Md3NqMzA0TGVfNGNvU1o1MGNxenJFWEh1R2llSXlHZ09pWkE4bmN6cXNHMGJVNEQ5dk02VzZOYXNhaU9oNUloMVVZMkJTZWZ6dS11bEpUZw?hl=en-US&gl=US&ceid=US%3Aen,The Wall Street Journal,12 hours ago,📺 Wall Street Journal,https://news.google.com/api/attachments/CC8iK0NnNXNkME5GUTA1eGRXTnJaVFkwVFJDZkF4ampCU2dLTWdhQklhRFZuQWs=-w200-h112-p-df-rw,2025-10-20T12:58:19.878663
"'Hits and Misses' incl. car prices, Gavin Newsom and the Schumer shutdown",https://news.google.com/read/CBMi9gNBVV95cUxQRVd0NFdwQ0liWnFtOElEalNwRE83NGh5ajNfWXNLbXBNWm9BaXNpLVlCQ3pRY2lsRHRMdjBEUUY0YXFuU3BTcmNQazg3WVNSRmNqdzlIRTJhOWt6VTZ3MlczdjhEbTBvc3FtdHEwMDN4Nzd2R1E5bXNDcEplRlFNZ2p4N002cW5PaTVvSnBiWnVQaXpjZ0dLT2VqN0pXcVZyV1ZpQ0VmSFN3UmFXSEZXN212UnpwV19XNGxYc2UwcWJycG9KeUF2d1ZEWUVoNDFwd3V1eVdPMU4xN2Z5Q0NpS2VONFV1LWVTSUowdHFaaVQ2RUxKYnNwQWtPSXZ2YXhfR0ZRVkVrNEIxVmxUU1lWWWM0VmlxNmgwWW9CTGl5UURiOGtINVJUbEU5NTRnYklEZGY3clZPVTJTLXR2OGl3R3J2NFliX3l1UHFKQXZDSXBHbE1mSmdqOURnLXpGODZlRmlHZllwYXpFcFpRTHFWbmlfQzY5czhXc3RISHlZRmFXVFB5dGJvazhUdk1OR3I1YUFkWTJvaVNxOXhwOWhnOFctZUhqY2F2MGc4NV81T0V5bnFqd28wZkRjRnFxclJBLUNMeHJ5a1daQXZEVXZGZHFCdk50a1phSy16cURBNlJFUUFPcTBWMF9LSWJIdHUxMDU3dDdB?hl=en-US&gl=US&ceid=US%3Aen,The Wall Street Journal,16 hours ago,📺 Wall Street Journal,https://news.google.com/api/attachments/CC8iL0NnNTJYMVoyWVZCUmJsaG1WalJVVFJEZEFoanNCQ2dLTWdtRlVKUUVKLWdsS1FJ=-w200-h112-p-df-rw,2025-10-20T12:58:19.878665
Zelenskiy Wants Ukraine War to Be Frozen Before Peace Talks,https://news.google.com/read/CBMirwFBVV95cUxQemE3b1pOUUhjRXBaU2NKYzZfdTdDTHAwbkdHdy1oQjZWOGZ0THZsdEdXUzV6UlVHQ0FxeGYzWGdXYU9CS0ZKREQ0cWs5c3RkT2h3eVc3SVpGejNIampocUVIdkxvNV9tUmNkRnZTQ1JWNGpEVXROT1QxTnVXeWE0ZWhZR2FvUlFRZ254dG1NMEhuOWNncG1qZlVMOTRtczhxdm5BZUZBSHV2SWlIZk1r?hl=en-US&gl=US&ceid=US%3Aen,Bloomberg.com,21 hours ago,📺 Bloomberg,https://news.google.com/api/attachments/CC8iK0NnNUJTVzAxYkVoVGVHNXdOVk5OVFJEY0FoanNCQ2dLTWdZbFlvcXRxUVk=-w200-h112-p-df-rw,2025-10-20T12:58:19.878666
Pro-Business Senator Wins Bolivia Runoff Amid Economic Chaos,https://news.google.com/read/CBMiqAFBVV95cUxNYUc2dkZQbzFLcXdMSzdYT28tbmRPY1AxXzJCREs1eUtwd1RzTlpBZmoxTVVSWHJpR0lHTzhDdWk3UEJ4dmJQTDhadjhKb3p1RkQxRENVOUMycWUwa3NFMTNlUVl0T09WOGRIRVFQRFRGTFhuQTMtbzFJeTlvQ1k3ZTk5WHd1UkJXdkNzU25CMEVqTUxJenJuT0ZxV0lXWWtFTWh0N3YtSlY?hl=en-US&gl=US&ceid=US%3Aen,Bloomberg.com,48 minutes ago,📺 Bloomberg,https://news.google.com/api/attachments/CC8iL0NnNXZhelJ1UVVoQ2JHZHVjREpWVFJERUF4aW1CU2dLTWdtQnNZWk1QV1doRkFF=-w200-h112-p-df-rw,2025-10-20T12:58:19.878668
Watch Inside the Pentagon’s AI Revolution,https://news.google.com/read/CBMilAFBVV95cUxPdXh1N3VMTGpyczM5TFdXUVplVThxY0FVV3lCbEU3TmRsQmF2WTNYanhUZEQyZDhUNmhBUWh1V21vQzl2bDFNZVcyRmhQclVyOWxRV1h2WWRzNWZFYUhkV2x0VGF2eVV5X3dMREVDMkJOeElhZ0xuNTBiLTRIS1ZlT2N3UmlnbThlazZEWUZjLVFOdEgx?hl=en-US&gl=US&ceid=US%3Aen,Bloomberg.com,22 hours ago,📺 Bloomberg,https://news.google.com/api/attachments/CC8iK0NnNVlNRU5VVmpFNVZtNHpUVTVOVFJEaEFSaVFBeWdLTWdhVlVwQ0p1Z1k=-w200-h112-p-df-rw,2025-10-20T12:58:19.878670
‘I Want to Win’: Inside Gavin Newsom’s Plan for Taking On Trump,https://news.google.com/read/CBMirwFBVV95cUxOdnBQZV9pM2FPTTNNX00yZ0hUYU9lQmtvbkpnbVd4OTNFZjFNLWVwUTlhakMySFB5NnZPSXBtenpPQnZLMDR0VW55ZGV4OUJZTjFJU3Z4MWxWMjhCa0l5WkdabUpBbHlEZC1pSjZTVHhCLXd5ekpROTVNUXQ3cjZUV0lsbVFxNzJYRUNGQUVuNllLNC00dlplMFBlbnV3blZ0VmpHSDFKTnVnQ2JteEh3?hl=en-US&gl=US&ceid=US%3Aen,Bloomberg.com,3 hours ago,📺 Bloomberg,https://news.google.com/api/attachments/CC8iK0NnNXVOblI1YkU5amIxbzBSbk5zVFJEckJCanZBeWdLTWdhbGhKTHNMUWM=-w200-h112-p-df-rw,2025-10-20T12:58:19.878671
Watch The Quiet Race to Build Self-Driving Trucks in the US and Europe,https://news.google.com/read/CBMinwFBVV95cUxNeDhkNzg0b2JTOWVLY2l0cEp2ZGJkenp6U3JUQzFzZTlEMWtQbk9WYUZyaDlUUWN2dDNTV1FoSVRJTzlWTzYtNkVsaWNaYXRYM2FrdTZzMGlINGsySklDU05lbkcyY1dzOWJIMnBQM1Y0UXAwZmVmNF9MdmVYSmE3WmlDMnlZbFBERXlSUEphTVo1U3c3ZmZjUi1iS1pqWUk?hl=en-US&gl=US&ceid=US%3Aen,Bloomberg.com,22 hours ago,📺 Bloomberg,https://news.google.com/api/attachments/CC8iL0NnNXBReTFxUTJwUmF6bGtUSEl3VFJEaEFSaVFBeWdLTWdrQklJZ2pFNm8xU0FF=-w200-h112-p-df-rw,2025-10-20T12:58:19.878673
"Bloomberg - Business News, Stock Markets, Finance, Breaking & World News",https://news.google.com/read/CBMiP0FVX3lxTE9qYU5Fb2FhR3RmNHZUdG1PZFRYOVdvalpTcXd4VjBBME5WRmxTaGphdzFWb2hGTGJVeUU1UVpLOA?hl=en-US&gl=US&ceid=US%3Aen,Bloomberg.com,"Jul 18, 2009",📺 Bloomberg,https://news.google.com/api/attachments/CC8iK0NnNTNMWFJ2YjFCU09HRnFVVEJCVFJDUUF4allCQ2dLTWdZbEFJNk1rQW8=-w200-h112-p-df-rw,2025-10-20T12:58:19.878675
Bloomberg Europe,https://news.google.com/read/CBMiR0FVX3lxTFB6UXBGaGRfUlBYN2lYVC1ZYlVGQXNYaVAxcXRKZjZoSlMtQm1RQ3BNd0EwdGFYbkw0WW5qQWoycWdHcW50NGo4?hl=en-US&gl=US&ceid=US%3Aen,Bloomberg.com,"Jul 8, 2015",📺 Bloomberg,https://news.google.com/api/attachments/CC8iK0NnNTNMWFJ2YjFCU09HRnFVVEJCVFJDUUF4allCQ2dLTWdZbEFJNk1rQW8=-w200-h112-p-df-rw,2025-10-20T12:58:19.878677
Bloomberg Middle East,https://news.google.com/read/CBMiTEFVX3lxTE5CeFpiUjRGQzJKemlfZ1FyZDdIYlhtRjhjWm9zYXByR0ZtNmxzQXdabWF6UHBPSW04OFF3blQ2c3dhYUl0YXl6OXJjcVI?hl=en-US&gl=US&ceid=US%3Aen,Bloomberg.com,"Apr 20, 2016",📺 Bloomberg,https://news.google.com/api/attachments/CC8iK0NnNTNMWFJ2YjFCU09HRnFVVEJCVFJDUUF4allCQ2dLTWdZbEFJNk1rQW8=-w200-h112-p-df-rw,2025-10-20T12:58:19.878678
"Watch DroneShield on 3Q25 Earnings, Biz Outlook",https://news.google.com/read/CBMitgFBVV95cUxPbzBWYTN3dkZVTzNtMXZ2YTNGSzBmWjRabVljLU9GM1ZrOGRJVUFUR2ZXU1NMWl8tMWpweUV6UTNGSVNYcnpRal9ZWWdjZ2xDaUliRklaYV9mMXpKTThWUktvTjFDeG9fQk1OX3R1dm5XeURNbDNQTTlXcU53ODI0TGJWT3FEd3JHeXNxbEZEY0lyT0cwMDRmMWJ5TkN5UnhfUmhralctQk0ySHo0OHlibTVKcU84Zw?hl=en-US&gl=US&ceid=US%3Aen,Bloomberg.com,8 hours ago,📺 Bloomberg,https://news.google.com/api/attachments/CC8iK0NnNTJVSE5mZHpGMlVtbFpSbEZoVFJEaEFSaVFBeWdLTWdZVkFJQ283UUE=-w200-h112-p-df-rw,2025-10-20T12:58:19.878680
Scenes From Saturday's Nationwide ‘No Kings’ Protests,https://news.google.com/read/CBMiY0FVX3lxTE9TV1M3c0hiaW4xX2pSU2JOcEM3ZG1xNDk0NW9ORTZxaU56aEpDMjNfcUJxNGd2TmlhR1lMOTdqUjM0bU1SeWZTdUR4SWJrNVlKSi14dGFpMEdiZk45YzJKbW1iTQ?hl=en-US&gl=US&ceid=US%3Aen,WIRED,15 hours ago,💻 Wired,"https://encrypted-tbn2.gstatic.com/faviconV2?url=https://www.wired.com&client=NEWS_360&size=96&type=FAVICON&fallback_opts=TYPE,SIZE,URL",2025-10-20T12:58:19.878682
TechCrunch Mobility: A takeover that might not be hostile,https://news.google.com/read/CBMilgFBVV95cUxORm1WVnVVSUtSak9Ea29LZVR3M2t1NmNwV1FscEx5U2hNTjQxbTJXRlFXcmFmSkFpUVFEamRMTHBycUxtTkVJSDVKYkRFTHlkRWl0SWhvN2RWTEhCZi1yazRzWnp6QmdMQlB4NlJmb0ducEYtYUJsUnJKQXhDWFFxNW84bS1iZnZ3MnhhNXdWVUZEdktMbFE?hl=en-US&gl=US&ceid=US%3Aen,TechCrunch,20 hours ago,💻 TechCrunch,https://news.google.com/api/attachments/CC8iK0NnNUxUR1p1UlROSldXNDVWV3BoVFJERUF4aW5CU2dLTWdhTllwQ25JZ2s=-w200-h112-p-df-rw,2025-10-20T12:58:19.878683
"John Biggs, Author at TechCrunch | Page 60 of 401",https://news.google.com/read/CBMinwJBVV95cUxPUVBnTnl5MGJtY3dhcEhtUS1tMmZnd1d6MFNYMXprc1JPeU9SaU5IUWRTY3l5d0ZlcEZXODZGdEZrQjB1amNyemhNNHV5VEZZdG5tWXJiWW94WnRSNVdpcHlrbUZEZF9oZVUwUjZ4bklTejA1TXNIekE3V0JRdkhoNmxoUkFoNnlqUjlKdWVyRmJTYURBdEZ2dW04MFMtOUtUakFTY3FhS25rd0VTTm12VXRWajR6Zy05MkdfMC1jdHdjak1lakdvTDUwTmZUdDhDUldsMnhqYk1UakczeUFOTnpyY2ZTcHE0amRPcV9yZFdGN2JiLUtPMVctOVFzY3JodXBPSEFnUk5mWHVoUmF4S0dBUHBCUjdBZFZVX1paSQ?hl=en-US&gl=US&ceid=US%3Aen,TechCrunch,6 hours ago,💻 TechCrunch,"https://encrypted-tbn1.gstatic.com/faviconV2?url=https://techcrunch.com&client=NEWS_360&size=96&type=FAVICON&fallback_opts=TYPE,SIZE,URL",2025-10-20T12:58:19.878685
Hardware | Page 100 of 2241 | Read the latest product reviews on TechCrunch,https://news.google.com/read/CBMimwJBVV95cUxQWUlWUlAtU00tNF9ibmJhdVhOWmdFdzRxTE5nVmU4OWVoc0JqSUxGSVg0djQ4TXJOUDIyU0kwR3RmNUlIVC1JZGZua0RuWlBHU0lZQ3FWTGR6OUtQdGVoUWNuVHd4R0hMXzBORTJoM1VDaFRnVm5CZUp6Rl9IQUJreklXT2F3Yng3MW43cG1xUUxIb0FDeC1pVll3UGF6dFdLeHBTTXF1VTV6bUtqV1o0ckMxVGZIajFZdUNqUzBNWnhPcmtlTThRZE9tVmZZaVpkbjhvMEQ0b21ldmFLaUdmWFdDY3o3QlJPZmN2ZVlDYllFSkVpUVBBb0FFczdoYVdYODloZmxoVE1uSm5BYmZLUktZcFhWNklnZklB?hl=en-US&gl=US&ceid=US%3Aen,TechCrunch,12 hours ago,💻 TechCrunch,"https://encrypted-tbn1.gstatic.com/faviconV2?url=https://techcrunch.com&client=NEWS_360&size=96&type=FAVICON&fallback_opts=TYPE,SIZE,URL",2025-10-20T12:58:19.878687
Partner Sessions - Disrupt 2025,https://news.google.com/read/CBMigwFBVV95cUxQN0JJOTAtYlhvbS0xVnFCa3hkYVJ4M21fWkxmeEJaRlFvOWpaMkZhRTFzZTg1eUNMejFEZDdEaFJoQ2pDOEVJZEdKTkU5Y0tfYXdUblRJc2tWNmFNdmZqUGJhSWJ6Nm9nMDdvTkRXNk1Ka0x0NXROcWZiZlJvV0swTjhPNA?hl=en-US&gl=US&ceid=US%3Aen,TechCrunch,5 hours ago,💻 TechCrunch,"https://encrypted-tbn1.gstatic.com/faviconV2?url=https://techcrunch.com&client=NEWS_360&size=96&type=FAVICON&fallback_opts=TYPE,SIZE,URL",2025-10-20T12:58:19.878688
"Major AWS outage takes down Fortnite, Alexa, Snapchat, and more",https://news.google.com/read/CBMihgFBVV95cUxQTVoyTlJJNXdERnRBTkV4N1h2Q2c1dDM0MnNHY0FNeVdkY1k1Wk9jcXdWRi1hSmk2Uk9XYkxDay1ybWtVSUZKLW9OdFRhVmZ0Rm9vVFBfR1J3SGFONFBxOFVqLXNkSUdnT2lPMFNMWnNjb2M0NUZER2Q3UkJKSmtrcU4waEhIZw?hl=en-US&gl=US&ceid=US%3Aen,The Verge,4 hours ago,💻 The Verge,https://news.google.com/api/attachments/CC8iJ0NnNXFUVVZaVVdaMU5FeExNVU5zVFJERUF4aW5CU2dLTWdPQlFSQQ=-w200-h112-p-df-rw,2025-10-20T12:58:19.878690
X is changing how it handles links to try and keep you in the app,https://news.google.com/read/CBMipAFBVV95cUxOcXl0Q1dzTTlYbnBEY2hRNkt0cndDdUR3WXJSUkdzSGh4ZlVwVV90S2tfTXVyMVNuNHNTdXA0RC11UHhFTmpad2RVdUdFcHhhWGlOM0ZNejRJQmJWYUNFV1hzQS04RTRFQkE4Z01ibnlGLUpBV1hvazFoV3A5X09mRmpaVjg4cm90eGYzQ1VyZkRrWjRpQjFXWGpvOEo0SXVfN2QzNA?hl=en-US&gl=US&ceid=US%3Aen,The Verge,13 hours ago,💻 The Verge,https://news.google.com/api/attachments/CC8iK0NnNDJkeTA0TWtWaFNHdzJlVWhmVFJERUF4aW1CU2dLTWdZZEpJck5xUWM=-w200-h112-p-df-rw,2025-10-20T12:58:19.878692
Opera’s Neon shows just how confusing AI browsers still are,https://news.google.com/read/CBMid0FVX3lxTFAyOVdqa3BfUWxmUjJOZXI3YXZjMmFTaHBfN0EwVEttalBuU2NPM3VUNDBIUHRBMlFWR2JvQzVxdE81MUotYlI1a1E1UDFDc2s3bGFzZnIzLVlOTi1QbjhkeW9VbjJqVmVkS3U0ZVVfSVpoOEZvV3J3?hl=en-US&gl=US&ceid=US%3Aen,The Verge,23 hours ago,💻 The Verge,https://news.google.com/api/attachments/CC8iK0NnNVNNRmxhUnpCSVRUWmZNekZpVFJERUF4aW1CU2dLTWdhSlFvNm5xUVk=-w200-h112-p-df-rw,2025-10-20T12:58:19.878693
X is launching a marketplace for inactive handles,https://news.google.com/read/CBMijwFBVV95cUxQUi1sdXJ5VG9qazNva3I1QVVEbk1RV1MwTzVIUHpTdjRqaW5Qd1hyc1ZrejJONWdEd1pqenlYQ3hJcDRWcnViR252Qkt6ZnZRdkdyQmNrVEpsOTRob2RzVFZ0ZGtBNnU3dUdKa2xUZTlZbVlfRE10RFFUdjd2bVNJcHg4X3RpMzBmSmF3OUVFdw?hl=en-US&gl=US&ceid=US%3Aen,The Verge,16 hours ago,💻 The Verge,https://news.google.com/api/attachments/CC8iK0NnNHdSalpPUjJVek1VRnVRM3AzVFJERUF4aW1CU2dLTWdZWllvVE50UVU=-w200-h112-p-df-rw,2025-10-20T12:58:19.878695
This weekend is your last chance to get a month of Disney Plus starting at $9.99,https://news.google.com/read/CBMihwFBVV95cUxOUC12UjJnX3YxTTlSXzdGdFQyVTNZX3Z2UXlDem01d1RtblFLTF9lRlpYVjZJUHY0NlM2ZW1Qd3J5bmR6YUlMSkxPQXBXOUxaRlJOWktmWFhnc1VjV1ZidmZOYVJqRnJlMlR2UjVxVlhqbmRnM1lUdVdfMDRBODNnMjhDeWRRbUk?hl=en-US&gl=US&ceid=US%3Aen,The Verge,22 hours ago,💻 The Verge,https://news.google.com/api/attachments/CC8iK0NnNVRTWGN0ZG1GMWVIVklTbXM0VFJERUF4aW1CU2dLTWdZWm80NXJPUVk=-w200-h112-p-df-rw,2025-10-20T12:58:19.878697
March of the frogs,https://news.google.com/read/CBMikwFBVV95cUxQWHdXdDlWendENHI4SDdySHdfb0ItQlVkbFZRZFFaOGhadGVUWlRmVXo4VUZQODNSTktoZG9jMUJyRzQydUhGSGRibzMwZ084SGV4SDJoN0tvWDY0Umpka0hkQklmLVdsVTV0TDdFNDJtbHpYa0ltWkFJTUtGMkQ0YjdPTTA1a0tIMGd0blhLS183VGc?hl=en-US&gl=US&ceid=US%3Aen,The Verge,19 hours ago,💻 The Verge,https://news.google.com/api/attachments/CC8iK0NnNXJXRkZEVlhOU1JtTkdkMjFRVFJDcUJCaXFCQ2dLTWdZQndJcU5QUVU=-w200-h112-p-df-rw,2025-10-20T12:58:19.878699
You need to read the epic Argentinian horror novel Our Share of Night,https://news.google.com/read/CBMitgFBVV95cUxQaUNEQmZPNmgwSFZwMFJFZWo2a3JTYzhicno1OU5wTGdWX3lsdk5HOEowcjJtUUM4ZEpHUE1zUVJuZ1cwdVNWM2R4M1RPQmhXSHhSeENReHlBNEIxdlZrMmw1SkNWSFVsM05nVVltX211NC1LN1RRQUZWdTVyd2NreDdZdWVNV1JsSTJTZXBCRk5pM2JtaDlaR2hXa0FEMGNXU0NiT19iYVJfLXRNZUJqa09CRFdXQQ?hl=en-US&gl=US&ceid=US%3Aen,The Verge,19 hours ago,💻 The Verge,https://news.google.com/api/attachments/CC8iK0NnNVplVVJoUkRaNFZscG1kSGhuVFJER0F4aWpCU2dLTWdZbEJZU09rUXM=-w200-h112-p-df-rw,2025-10-20T12:58:19.878700
The Sony Watchman was must-see TV,https://news.google.com/read/CBMifEFVX3lxTE1WUld5WWh6dUdmQl9NcVJfbWV1NE1GaU9XTWI3dFRlTE10ci1BX0Vyb1hoQWMxLWpiVDVUenZLanFVcTAwQXE3Sk9GSXdlNGF3aDJGVk1CZ3BsZ2ZCSDlNTGUwa1poUFN6ZkNvcWlRX0VSNnBVZU5rVmZBZG8?hl=en-US&gl=US&ceid=US%3Aen,The Verge,23 hours ago,💻 The Verge,https://news.google.com/api/attachments/CC8iK0NnNHlkMmMzTjJKblZtUXRTWFZGVFJERUF4aW1CU2dLTWdhdHBZck91UVU=-w200-h112-p-df-rw,2025-10-20T12:58:19.878702
"SpaceX launches 10,000th Starlink internet satellite",https://news.google.com/read/CBMiiAFBVV95cUxONF9xUlkyWEt0WkJHSE9rU19aUnphUkw4WXB5UVhFX1NoM3Zocm9GdDNtTzZkNUY3Y21ibnN4Wk5JS0xCS3FSR0xTamQ1VTFpSkJTSW9UczZqUWVCYzZ2YXFiT3BtQWoySm01T01aVHo3SGk5M2tSZVBNOUh6SHM0OUtYRjRhcUZj?hl=en-US&gl=US&ceid=US%3Aen,The Verge,3 hours ago,💻 The Verge,https://news.google.com/api/attachments/CC8iI0NnNWhWVmN6WTJzeWIwTmpjV0pXVFJERkF4aWxCU2dLTWdB=-w200-h112-p-df-rw,2025-10-20T12:58:19.878704
Organizers say over 7 million showed up to No Kings protests,https://news.google.com/read/CBMingFBVV95cUxNeTFPZnRqd0gxeHRPQmluUDNfWnduSlNjNzV4elVQMW5zOEcxZXlCc3FEeEh4Nmpvb2w1ZXdxMllROC1yQWtoNjhJeFJqd19LOWJ6TzQ3czZIRkVyeGhfY2hWZHg4ZVU5WGZtdm5HbC1oRE5qYV9YVjdFMGU2dnhVbjFoOU9pQkswQ0tmdWp4blpxWVI3aS1sbkhkLXBYdw?hl=en-US&gl=US&ceid=US%3Aen,The Verge,22 hours ago,💻 The Verge,"https://encrypted-tbn2.gstatic.com/faviconV2?url=https://www.theverge.com&client=NEWS_360&size=96&type=FAVICON&fallback_opts=TYPE,SIZE,URL",2025-10-20T12:58:19.878705
"Drone News & DJI Rumors: Mavic 4, Mini 5, Neo 2 FPV Drones",https://news.google.com/read/CBMiNkFVX3lxTE5qeXVGNFRZZ1g2Zlg2WHI3Zmo0MHRLSTQ3dHRDLUlHUW5GWDgwMkJuYjhrd1ZRdw?hl=en-US&gl=US&ceid=US%3Aen,DroneXL.co,"Feb 16, 2020",🚁 DroneXL,https://news.google.com/api/attachments/CC8iK0NnNURla3MwVm1KZlRqaFdlamc1VFJERUF4aW1CU2dLTWdZVkpKQ3NwUWM=-w200-h112-p-df-rw,2025-10-20T12:58:19.878707
First Responders,https://news.google.com/read/CBMiTEFVX3lxTFBySnNURFhUejBFZC1VTDBPUFNzZ0lKcnlQZk9jdXhwQnEteDhkLXhRQ2QyY0VUQkF0Z2taTlVxc29mdGkxT0c0c0d1OUY?hl=en-US&gl=US&ceid=US%3Aen,DroneXL.co,"Jan 14, 2022",🚁 DroneXL,https://news.google.com/api/attachments/CC8iK0NnNURla3MwVm1KZlRqaFdlamc1VFJERUF4aW1CU2dLTWdZVkpKQ3NwUWM=-w200-h112-p-df-rw,2025-10-20T12:58:19.878709
UAVNZ Awards 2025,https://news.google.com/read/CBMiYEFVX3lxTE1KRnduX3hzd3lINFVldm1FYXBycVd2cTdKTkc3NEtWMEUxV1VnUmFxZXhkLVE0aFhYUE11SWI4Zi1RbzhjUjBPQVZtNDI1SU9iaDBOVENtZEpNdldNZGF3QQ?hl=en-US&gl=US&ceid=US%3Aen,sUAS News,3 hours ago,🚁 sUAS News,https://news.google.com/api/attachments/CC8iJ0NnNTZhMU40Y0dOb05saDFSRzlsVFJEY0FSaWdCaWdLTWdPSmtCSQ=-w200-h112-p-df-rw,2025-10-20T12:58:19.878711
The Market – Page 989,https://news.google.com/read/CBMiqgFBVV95cUxPWkVUNnlYbGVHNjhaWE1QYjFMbjR0d2lXS2hydFNRNVlFUm9BRkhmODFPTFVjeUxsdjc3V2ZKVFNZN2ZOMTVzRlByMVdVTjdHUFhLTUd2ZnllS0ZTMHQ2SVF0VDdwd3JCbGV1cVJZS3NaYjd3WUNTRmRYdGtLLU82RlBidUpYLVpPVWRfdUFHWUIwbnpGLWZiRkxlQXM5SF9UTU40T0sycnFWdw?hl=en-US&gl=US&ceid=US%3Aen,sUAS News,20 hours ago,🚁 sUAS News,"https://encrypted-tbn2.gstatic.com/faviconV2?url=https://www.suasnews.com&client=NEWS_360&size=96&type=FAVICON&fallback_opts=TYPE,SIZE,URL",2025-10-20T12:58:19.878713
"Qatar expanding its grip in Gaza, expert warns: 'Will preserve Hamas's power'",https://news.google.com/read/CBMiXEFVX3lxTFA4WkRFMWMxeHYtMUl5Nl9aeVhvakw3RlBQcjNUYVU2MDVTX1lNZkZHdURTWElodDBxRlFIc0YyU2p2YVA1X0VxWG0xa0RZNUVMY0R5bmZpUjJIMkRI?hl=en-US&gl=US&ceid=US%3Aen,The Jerusalem Post,1 hour ago,🇵🇸 Gaza Drones,https://news.google.com/api/attachments/CC8iL0NnNWFTVU5TZDJ4bGFUUnRVa0pvVFJDZkF4ampCU2dLTWdrQlFJYWlxcVkwTXdF=-w200-h112-p-df-rw,2025-10-20T12:58:19.878714
Gaza latest: Trump insists ceasefire still in place after deadly strikes,https://news.google.com/read/CBMimwFBVV95cUxPdkZ0QWV5a2k5bHhyQnpCZWZFek9qd0g0RzR2Nk5aSjJRbG5ESXNtb2tCcmlCdzNEcjhqeC1ieTQ3allHMmFlVE12anRXRk00R0tSbkVXRG9QWWdUdm9xU0c1QnNOXzJFLXNrYTZsMjZkT2FCbTVLZVlCdkhpNl9FOUFRQUdpVWtWNTVvWVFOSmk3SkpkTXg1dHJwdw?hl=en-US&gl=US&ceid=US%3Aen,Sky News,7 hours ago,🇵🇸 Gaza Drones,https://news.google.com/api/attachments/CC8iL0NnNUhaV05SZEZKWmRWZEthRWMxVFJDZkF4ampCU2dLTWdrQmNJQkV1YVI1LUFB=-w200-h112-p-df-rw,2025-10-20T12:58:19.878716
Drone footage reveals Gaza City's destruction as people return home during ceasefire,https://news.google.com/read/CBMilwFBVV95cUxNTGtQSFhPNUo4NVE3OE1OWjNjbVVtVDdOX2QyRWU1SnB2dWZTNnducGdFU0pONDR6LUdhRDFYX2EwQ3FhQ0RyTktUNktscVlEdTluZkpiYlVDUzhzaTYwMEdQSkJhRHFDb0Ryd0hkYmpESndNVW9KbzEtT09ndU16WEQ1aHM3NHl5bVZCcGtEN0l2a2JVV19N?hl=en-US&gl=US&ceid=US%3Aen,Australian Broadcasting Corporation,16 hours ago,🇵🇸 Gaza Drones,https://news.google.com/api/attachments/CC8iJ0NnNVNiSE5FTWtwclgxOUZOR2c0VFJDZkF4amlCU2dLTWdPQnd3QQ=-w200-h112-p-df-rw,2025-10-20T12:58:19.878718
Drone footage shows Gaza before and after war in shocking scale of destruction,https://news.google.com/read/CBMifEFVX3lxTE1SbDc2Ny1hZlpwdGNxUFZkanZKR0p1U1lvN3h4ZDVvXzhUSy0tRHNINi1SbDdlaldDUm9Cdkw0eF9RblJOM1haZkpqNEEzVEZueE51elJHR2otNmlxRWtVWlVCOEs0N0dhY0RtV3lOVlBycW5oRTRTcmRFLW8?hl=en-US&gl=US&ceid=US%3Aen,AOL.com,17 hours ago,🇵🇸 Gaza Drones,https://news.google.com/api/attachments/CC8iK0NnNVNhMmN6ZVZSS1ozSk9hblZQVFJDckF4aUFCU2dLTWdZQkFJU1JIQVU=-w200-h112-p-df-rw,2025-10-20T12:58:19.878719
Israeli strikes kill 15 in Gaza as both sides say the other breached truce,https://news.google.com/read/CBMivAFBVV95cUxPNnpxTFlzYnJna1NWZUd0bm1KUFZMSjZIaE8xMGh2M2hHcEt0ZjBBUjJhcDJDb0FQYVMtTWJjSHc1QzhBZG1ORVdvOThVV2ZjdUpyVHR2czlXQjlVQk13Q2tGNGl4SS1TM2wwREhqWXNTTWxSNzNadGhfYVJ4S3U0RVJOQUVjbmI4ZE5hTnRWaU1jSmpCV3VWaFdrU1ZrakNwYmRZSkROa09fUU9ZSFZwQ2VFcmV2RERTMkRjYdIBvAFBVV95cUxPNnpxTFlzYnJna1NWZUd0bm1KUFZMSjZIaE8xMGh2M2hHcEt0ZjBBUjJhcDJDb0FQYVMtTWJjSHc1QzhBZG1ORVdvOThVV2ZjdUpyVHR2czlXQjlVQk13Q2tGNGl4SS1TM2wwREhqWXNTTWxSNzNadGhfYVJ4S3U0RVJOQUVjbmI4ZE5hTnRWaU1jSmpCV3VWaFdrU1ZrakNwYmRZSkROa09fUU9ZSFZwQ2VFcmV2RERTMkRjYQ?hl=en-US&gl=US&ceid=US%3Aen,Al Jazeera,20 hours ago,🇵🇸 Gaza Drones,https://news.google.com/api/attachments/CC8iK0NnNHpPVzh5VGxsV2JYWnFTRlIxVFJEZ0F4aUFCU2dLTWdZQlVJS211UVE=-w200-h112-p-df-rw,2025-10-20T12:58:19.878721
Unveiling Secrets Beneath Syria's Desert: The Hidden Mass Graves,https://news.google.com/read/CBMivwFBVV95cUxPSU5EaTFVODdFVHpoSmpsOTVJVTlmTkM5N2t1TXI3YXFQaVctWWVNU2lhdjVtSndmUzBSWFRMSEFsMTBXcDRnZWdWeVh2SnNOU2Y1NkxBNEVRQ0ZQSDBaQVdldDVocnFCSmNTVGtfVnBqTXZwSUVHM1ZaOGc5cGNPRXpFcmdhbUxraWFqbHhfZm4wdl9wQy15YlNLVUpGamFfVXJNN3lJRXFyUkhXcmQxQnZrXzFlbmp4aXJJVVFiNNIBvwFBVV95cUxPSU5EaTFVODdFVHpoSmpsOTVJVTlmTkM5N2t1TXI3YXFQaVctWWVNU2lhdjVtSndmUzBSWFRMSEFsMTBXcDRnZWdWeVh2SnNOU2Y1NkxBNEVRQ0ZQSDBaQVdldDVocnFCSmNTVGtfVnBqTXZwSUVHM1ZaOGc5cGNPRXpFcmdhbUxraWFqbHhfZm4wdl9wQy15YlNLVUpGamFfVXJNN3lJRXFyUkhXcmQxQnZrXzFlbmp4aXJJVVFiNA?hl=en-US&gl=US&ceid=US%3Aen,Devdiscourse,4 hours ago,🇸🇾 Syria Drones,https://news.google.com/api/attachments/CC8iK0NnNVdlbEpRU0U1VVNFMDJTQzFVVFJDcUJCaXFCQ2dLTWdZQlFJSXBSUVU=-w200-h112-p-df-rw,2025-10-20T12:58:19.878723
Top secret military firm confesses to sparking New Jersey drone hysteria that left America on edge,https://news.google.com/read/CBMiowFBVV95cUxNTjZqczRCeVhQcVVnTTRSdDhta3dibWwzUk52ZUhreldKMU5jVENFWWF6VnVVN2hVT2F0QW1abEZpU1ktYk9qOVFRdF9sRTZKYzY4M3lHQTJYUW1Ock1VUWZEVmNUV2lkTHdZM3Z2V28wRUlRNlhuR3p0cjJ1TTRFN2VGQVdkdEdoT2E2bjdJaFpQX3FqVGhxZXI3OHh5TnloOExB0gGjAUFVX3lxTE1ONmpzNEJ5WFBxVWdNNFJ0OG1rd2JtbDNSTnZlSGt6V0oxTmNUQ0VZYXpWdVU3aFVPYXRBbVpsRmlTWS1iT2o5UVF0X2xFNkpjNjgzeUdBMlhRbU5yTVVRZkRWY1RXaWRMd1kzdnZXbzBFSVE2WG5HenRyMnVNNEU3ZUZBV2R0R2hPYTZuN0loWlBfcWpUaHFlcjc4eHlOeWg4TEE?hl=en-US&gl=US&ceid=US%3Aen,Daily Mail,11 hours ago,🇸🇾 Syria Drones,https://news.google.com/api/attachments/CC8iK0NnNXNiRk5xTldRMmNtUTJSMlIxVFJDZkF4ampCU2dLTWdhUk5wUUxIZ28=-w200-h112-p-df-rw,2025-10-20T12:58:19.878725
Majorca Airport is forced to ground flights after 'drone spotted',https://news.google.com/read/CBMipgFBVV95cUxOQXNVSWNSUW15N3IxMmNSWDQydWRvYk5lWjRnQUlGdWg4d3ZpNlBnMHpBVTVnSzh0cTJCakdpeW1BWjZPSmM0Qllsc3ZNU1JkcGEyOGdzMjk2VW0wZk9fSlRQczFmdUlxV1RSVnBqOGtJNnRIUUZhUHg1ZXVhSDQ2M1dFSGNjZWNIc0F4U2xRMGlSUjZsMFV3U2w3VUZWMFBiYmNQMVFn0gGmAUFVX3lxTE5Bc1VJY1JRbXk3cjEyY1JYNDJ1ZG9iTmVaNGdBSUZ1aDh3dmk2UGcwekFVNWdLOHRxMkJqR2l5bUFaNk9KYzRCWWxzdk1TUmRwYTI4Z3MyOTZVbTBmT19KVFBzMWZ1SXFXVFJWcGo4a0k2dEhRRmFQeDVldWFINDYzV0VIY2NlY0hzQXhTbFEwaVJSNmwwVXdTbDdVRlYwUGJiY1AxUWc?hl=en-US&gl=US&ceid=US%3Aen,Daily Mail,18 hours ago,🇸🇾 Syria Drones,https://news.google.com/api/attachments/CC8iK0NnNTJXVVZ0TVV3M1FUUllha1kzVFJDZkF4ampCU2dLTWdZQkFKQ0hCZzQ=-w200-h112-p-df-rw,2025-10-20T12:58:19.878726
AUKUS Alliance: Strengthening Indo-Pacific Naval Power,https://news.google.com/read/CBMiswFBVV95cUxNWnVnTlRHOG5nZTU3SWJ6SXRhanQySEJFVVd2eTk2eUZsSmx6S0ZfUW10UG1fSTVoVnFCb2MyODZlUGZEa3ZweWl3cENIV2pmWU1NMzBaU0E3M1lYMW40TmF4cTNUd2N4WGhpUEN5SE9GTUhBaVU3THZQelp4QVF3TVdXSVZXbGpLUGVKY0U3VmJWS2t2SGxLNm95VFpXd05jc3k4OGo1WUpjaXpwWEpqZlp5QdIBswFBVV95cUxNWnVnTlRHOG5nZTU3SWJ6SXRhanQySEJFVVd2eTk2eUZsSmx6S0ZfUW10UG1fSTVoVnFCb2MyODZlUGZEa3ZweWl3cENIV2pmWU1NMzBaU0E3M1lYMW40TmF4cTNUd2N4WGhpUEN5SE9GTUhBaVU3THZQelp4QVF3TVdXSVZXbGpLUGVKY0U3VmJWS2t2SGxLNm95VFpXd05jc3k4OGo1WUpjaXpwWEpqZlp5QQ?hl=en-US&gl=US&ceid=US%3Aen,Devdiscourse,4 hours ago,🇸🇾 Syria Drones,https://news.google.com/api/attachments/CC8iK0NnNVhlVlpRU0ZSNVZ5MVhYMUYzVFJDZ0F4amhCU2dLTWdhQlVJcXVxUWM=-w200-h112-p-df-rw,2025-10-20T12:58:19.878728
Chinese iPhone Users Accuse Apple of Market Dominance,https://news.google.com/read/CBMisgFBVV95cUxNU3JzbmYyVnpINEJwa3ZGOEhLd3d1dGlqV2dGOFRodmZBY1dLbHVxQWo2dS0zUjNMYUswa2h6VzVNaXdIZElrek1oai1GUTBuVUhCejdpZ3hyNTgxMFZwRDRnQzc3elpBR1pzRGVvMXRQOTM4YklMQ3l5NXZPcEZXVUdETDlYc2FWQzVJdXlXajZTak5pN25UM1Y3VmlOQ0o4b3NHLVdQd1ZDWFdiY1dJSHB30gGyAUFVX3lxTE1TcnNuZjJWekg0QnBrdkY4SEt3d3V0aWpXZ0Y4VGh2ZkFjV0tsdXFBajZ1LTNSM0xhSzBraHpXNU1pd0hkSWt6TWhqLUZRMG5VSEJ6N2lneHI1ODEwVnBENGdDNzd6WkFHWnNEZW8xdFA5MzhiSUxDeXk1dk9wRldVR0RMOVhzYVZDNUl1eVdqNlNqTmk3blQzVjdWaU5DSjhvc0ctV1B3VkNYV2JjV0lIcHc?hl=en-US&gl=US&ceid=US%3Aen,Devdiscourse,3 hours ago,🇸🇾 Syria Drones,https://news.google.com/api/attachments/CC8iK0NnNUdSRlZOUmtkcE4zSnpVR1pYVFJDcUJCaXFCQ2dLTWdhUk1aQW9KZ2c=-w200-h112-p-df-rw,2025-10-20T12:58:19.878730
CCTV Footage Leads to Arrest of Kazhakoottam Hostel Intruder,https://news.google.com/read/CBMiuwFBVV95cUxQRGprOURqbUhRcTAxZkZleENWT1RzUEZiZzFMYjJ0MEFjV1p4RngtOTNaVmJpWHdmVTBuTFc0MElDenlGWktTX2RtOW9yczdQeEpZV3JNSEl6NmZCamREYzFvSnRad1VlZDRjZ3AyOG5iQ21TWmFDc0NZRUxsSDNjV3hDaDNodmRxWGJTbFBvSkdsU0NhTERNRXd6a0NTSkJQTVBMdzQwNEtWMVU2NHkxcGFjaXE1eVo5SHhR0gG7AUFVX3lxTFBEams5RGptSFFxMDFmRmV4Q1ZPVHNQRmJnMUxiMnQwQWNXWnhGeC05M1pWYmlYd2ZVMG5MVzQwSUN6eUZaS1NfZG05b3JzN1B4SllXck1ISXo2ZkJqZERjMW9KdFp3VWVkNGNncDI4bmJDbVNaYUNzQ1lFTGxIM2NXeENoM2h2ZHFYYlNsUG9KR2xTQ2FMRE1Fd3prQ1NKQlBNUEx3NDA0S1YxVTY0eTFwYWNpcTV5WjlIeFE?hl=en-US&gl=US&ceid=US%3Aen,Devdiscourse,3 hours ago,🇸🇾 Syria Drones,https://news.google.com/api/attachments/CC8iK0NnNXRSamxDVmtWSk9UTXRWa1l3VFJEZ0F4aUFCU2dLTWdhdE5JeXVIUWs=-w200-h112-p-df-rw,2025-10-20T12:58:19.878732
Palmer Luckey says Anduril has an internal 'China 27' strategy to prepare for a war over Taiwan,https://news.google.com/read/CBMilAFBVV95cUxPUWQwWENKeGQtUXJxc04zQk90NW1HTU5tblJOT3NFb1RRS1BmV1NQSHNVNl9BR2Z1eHFNd2JyWVFMTHktTHpXVTlxTWlhb2JHR3pkdU51SC1yRkg3TGxvTnFWMGxuTGdRV3h0OUNUMThmdkRVYWgzTUJqSWdMSXRaUklDb0pZNktsREFTcE0xbnA5Tmc5?hl=en-US&gl=US&ceid=US%3Aen,businessinsider.com,8 hours ago,🇹🇼 Taiwan Drones,https://news.google.com/api/attachments/CC8iK0NnNUliMGxCV0RScGVGSkdVRlJRVFJERUF4aW1CU2dLTWdZWldJNUpwZ2c=-w200-h112-p-df-rw,2025-10-20T12:58:19.878734
"Taiwan looks for missing after Super Typhoon Ragasa, questions persist on evacuations",https://news.google.com/read/CBMihAFBVV95cUxNazRNV1BGUnRCdkFuUWxDMWpPbGpwRFBrU2dOaTRpWVVKeHI5ZnlYeXpPZFhRQVhndTdnbTNESXhkQmhTZWF4VE1KNkMySzAwdXZqVGZfOGhmZlZoUUdKZzdINnN1LWJyRmRkbUxaZE9id21LY21IWC13cWFRQi1RSTBiRWw?hl=en-US&gl=US&ceid=US%3Aen,AOL.com,4 hours ago,🇹🇼 Taiwan Drones,https://news.google.com/api/attachments/CC8iL0NnNXRiR0pwVlhoS1JFeEJVa2hSVFJEZ0F4aUFCU2dLTWdrQklJenhuS2w0cUFJ=-w200-h112-p-df-rw,2025-10-20T12:58:19.878735
The World’s Taiwan Strategy Runs Through the Philippines,https://news.google.com/read/CBMisgFBVV95cUxPNWtpTkJ4am9wTEswaElfY3lYMHVqd2Q4QWluQ0xMclphOU84ZXhUTDctVXRLM1dObkpYWHNEazBTbm1DX01qOXV5alZ2ZTV6TFFoTUl5XzIybzM5YTI5OW5vNkpmamhZdlh0SjNBSXlLNnBuTk1NU0tuTndacngzRmZNZlhmUHRUTWZRbDdJdGpTdGpCZnowa19uWnd3ekM1VjBIajJWRTNxaXgwajVYeE13?hl=en-US&gl=US&ceid=US%3Aen,RealClearDefense,2 hours ago,🇹🇼 Taiwan Drones,https://news.google.com/api/attachments/CC8iK0NnNXhOMXBzTmxGRE9FaEZkbFJ4VFJDM0FSaVRBaWdCTWdZQmNJNHFyUWM=-w200-h112-p-df-rw,2025-10-20T12:58:19.878737
"Taiwan detects 3 sorties by Chinese aircraft, 5 vessels near its territory",https://news.google.com/read/CBMi1AFBVV95cUxPSVgtQlZ4WlhheHJadWd4dC1GNGo2cE1tdkhOVy1ab0hndGd5UFlJR1ZCVk5lMTMwRDA1cEFvY19qc0NTNTA0bGdNWDBnVnlrVzQ1OHdNS0pQbjVJMl9uZ3pGS0xIbnVud042TVhHZnlnNzI5OFpUMkVIenJfX1AtZWdqYW9IRHN4R055cFVoOGRsbVhwU2VIbUV1MVp4cWRxV0FFSWRaYXVWM2ozTmJ3MWNNZXVqZ1NQQWUycWlRM3diMnFFVS1iWHJQUjVQTDdma0NSZtIB2gFBVV95cUxNMWdoZUV2NVJYV0JxT3RmNW84T0MteFlmSnF0aEE3N2dKWnlBVTIxTzFjcWtqLWFlSDd5WUJZOGR6MVRGNlhJdGh4TW42a0dXcUFXY0RhTVpmbnhhMGt4VDdyWlNSbGJRbS1GQ1otXzhIRWpDWldJdzVmaDN3WDRSN2JfdzVIbE1KdE5OVW4wRVJISkpkMi1tZVVlVUhhX2tTaFJuWGtyLUNKLXQ5S3dsWUxiZFlNV3UtMllGSkpJR1pqZVl0bXhVSWNYbnBMbld2bks0NXhkcUFjZw?hl=en-US&gl=US&ceid=US%3Aen,Business Standard,8 hours ago,🇹🇼 Taiwan Drones,https://news.google.com/api/attachments/CC8iK0NnNXVWVXR5YjNod1ZGRndhSFpMVFJDZkF4ampCU2dLTWdZQkJZYmlEZ28=-w200-h112-p-df-rw,2025-10-20T12:58:19.878739
"🇺🇸 BOEING UNVEILS KILLER DRONE-HELICOPTER THAT COULD CHANGE AIR COMBAT Boeing just revealed the CxR, a tiltrotor drone designed to fly with U.S. Army helicopters and take on the riskiest missions. It can scout, strike, and survive where hum",https://news.google.com/read/CBMiakFVX3lxTE56YzdNSnBDc3BmdGVQdERreDdhT2UzMXBSU2hTUml0MVJraVI2alNJZjBqU0lhM0hUMF9STW5RWHc0T192eU9JS3dHRU9Xd3A1QjAtMzVpd3ZZZ2hZYVppdThabm5EV0toX2c?hl=en-US&gl=US&ceid=US%3Aen,X,15 hours ago,🇹🇼 Taiwan Drones,https://news.google.com/api/attachments/CC8iK0NnNXVUak5hVVRSNmJIWXdWak5RVFJDZ0F4amdCU2dLTWdhTlZwU0hwZ2s=-w200-h112-p-df-rw,2025-10-20T12:58:19.878740
Taiwan urges cross-party unity to safeguard democracy against China,https://news.google.com/read/CBMiU0FVX3lxTE8yeHRNX2p3TlVrcFMtdWhjUkkwSFk0X1FWckJWM3BDR3Z3TUJlVEo0Y0NRbmpnQlJmZkV4NWlrVW9zRXg4T1o1SGVJN2I0YUtWYlNZ?hl=en-US&gl=US&ceid=US%3Aen,Taiwan News,10 hours ago,🇹🇼 Taiwan Drones,https://news.google.com/api/attachments/CC8iL0NnNUhlaTFYVFdOWmJtTXhTVFZsVFJEM0FoajBBeWdLTWdrTmNvUnd5ZU43eXdF=-w200-h112-p-df-rw,2025-10-20T12:58:19.878742
Civilians in Sudan's al-Fashir cower from drones as siege worsens hunger,https://news.google.com/read/CBMirgFBVV95cUxQQ1NzUGpXZ25kdXJQNFA0bzVPcXJvcTUtLU1VcFN0SHYtY3M2azFsa2pvS0JrRTM0S1oxZ0hQMlRacUdkQjNiSFQ5WWdSWGxkcFppUTBkazIzQ0JBdmdTYlhiTWY2SVZBQWNTdElHZm12aS1saTRoUTFaanlYbXR4YzJlYjJCZDI2dEJGcTFTYmZMR2FGbjFQNFlMSUJUVm5BcUczUjlFQ2V4clhwT2c?hl=en-US&gl=US&ceid=US%3Aen,Reuters,2 hours ago,🌍 Africa Drones,https://news.google.com/api/attachments/CC8iK0NnNXZabU5WUjBoTE5HeE1hRk0zVFJEQ0F4aXBCU2dLTWdZQllJWklyZ2M=-w200-h112-p-df-rw,2025-10-20T12:58:19.878744
UK Drafts Law Letting Soldiers Open Fire on Unidentified Drones,https://news.google.com/read/CBMipAFBVV95cUxQU3VYMlp1YXdqQ3lZWGpsSUdfUXdjNjZPRlNvOU9YRlFGS2R1VjNPd1ZSbEhhdmxiQXd3UGFyYXVBWU55STc1a19GUDgxV0lWTVA3U1ZnallNUFhpa1B0M0kwWk82WEhNTUxlTHNTcUc3M21hQVFneUk2VEczRG5jNFk1VE5JOGZJM2hPM0pRYXM2RmFwT3hlVHJYSUp4a2c4T0t3ag?hl=en-US&gl=US&ceid=US%3Aen,Modern Diplomacy,58 minutes ago,🌍 Africa Drones,https://news.google.com/api/attachments/CC8iK0NnNU1kR2RJYXpKRWJFMUJjRFJ3VFJDM0F4aTZCU2dLTWdhdGhKYU9yUWM=-w200-h112-p-df-rw,2025-10-20T12:58:19.878746
Drone incident temporarily grounds flights at Palma de Mallorca Airport,https://news.google.com/read/CBMiswFBVV95cUxQUWVnbkxoRU9Ca1k5QkZQNy1zSDRxSW90MWlxazVvWDlFbDB2c3VqRHhLblkyZjN3dWlSXzI2ak9WY1hMdllVM0VsR3BZWWVNaExGX3UwQjEzZ3RDR0RNV09Vek1OVmVjUzlPZGYzTXppQ3V5dS1kc1FUZ1hoS1NheVRlR0hzeFFTRGdqRUM2SnlYLVNLdHdpVWozcFpiV041a3VsYUd3S042UXNrblpHTW84Zw?hl=en-US&gl=US&ceid=US%3Aen,Travel Daily News International,40 minutes ago,⚠️ Drone Incidents,https://news.google.com/api/attachments/CC8iK0NnNDBZbFZZV2tWNFJFazFTMWxCVFJDZkF4ampCU2dLTWdZQndJQ0dUUU0=-w200-h112-p-df-rw,2025-10-20T12:58:19.878747
Palma flights grounded after drone sighting,https://news.google.com/read/CBMiggFBVV95cUxQUXhLaDRsZV9jRU9aY0tmSGtqbjdLUzg2VUlmbkJOY25QRTdpZDF0R3lZSFVmNFd3aThDYzFuNnFvOTFXVms4Rm5mbXRSeFpTR3hhaUtRT0NnX1RMcGFlTXJWQW8xVXQ5dUxnVlhOQTNISWhTV0J6RWVfdVgyQjRBTldB?hl=en-US&gl=US&ceid=US%3Aen,TravelMole,2 hours ago,⚠️ Drone Incidents,https://news.google.com/api/attachments/CC8iK0NnNVFjM0JuU0U5QlpHOWZXV05RVFJEbEF4ajVCQ2dLTWdZSlI1cG5KZ2s=-w200-h112-p-df-rw,2025-10-20T12:58:19.878749
Drone paralyzed Palma de Mallorca Airport: dozens of flights canceled,https://news.google.com/read/CBMinAFBVV95cUxNT25XbW13RFpjY2tvVHVOemRIU2pxbHpjWEpkd0JNNGZ6R29wSndKc3pZVTZJV0hkaE44R1B5SjBPdkFVeGNNU0c1OGdvSjUyX0dQTW1sVDRsSTE1MU9tWU5tQm1tY0dUMkt2UVpLTlczYlRqSU9wejRfS21XWVA1Y3ViRXI2eEk2TElFcmVfYmJ3eTc1WExPTXFiMmw?hl=en-US&gl=US&ceid=US%3Aen,112.ua,59 minutes ago,⚠️ Drone Incidents,https://news.google.com/api/attachments/CC8iK0NnNXVUWEpwWW1GbU5rTjBWRk5wVFJERUF4aW1CU2dLTWdZUklKSW9IUWs=-w200-h112-p-df-rw,2025-10-20T12:58:19.878751
Guardia Civil investigation underway into rogue drone that caused chaos at Palma airport,https://news.google.com/read/CBMiowFBVV95cUxNTmRHSFpMZVlkQy1FWnJCRlhNVVdFRUFfZVlvTVhBOElQcGVPb1N1UmFkUFBXRGFJQzl5aVFzQU5SUG5NVGhHQTdvZEVXVWZVMVdLTDV3MnNVbF9uUUp4a2xFUjJCVE53dVQ3ME1TY1EyQjg1R2hVRnFiUExUVzVjTVYzdjNFTWRJc19BdmFKMk1RTmhfdkZkYUVtOGtxcHBJa2Zv?hl=en-US&gl=US&ceid=US%3Aen,Euro Weekly News,1 hour ago,⚠️ Drone Incidents,https://news.google.com/api/attachments/CC8iI0NnNDNPR3BRUmxkRGEyeDNOMWRrVFJDZkF4ampCU2dLTWdB=-w200-h112-p-df-rw,2025-10-20T12:58:19.878752
"Spain experiences first drone intrusion, airport operations halted",https://news.google.com/read/CBMimwFBVV95cUxNeERyaDVnX0RCbXhhZnVVRlZkSWgyc2tfZHdrU2NDUWRjdk9BRTMzb0lmbkp1cjJodUh3ME1WUnlsWUZTd3BkYllsQnN0cUxmQjdzeVgydTFITE1WRHpCZXlHSHlDRkloenp5MUVpV3M1VTg4VDNCYjNodTRpTTV4eFExby04a3ItSFY4WWh6Sl8yaEw4c0JHc2pzOA?hl=en-US&gl=US&ceid=US%3Aen,RBC-Ukraine,52 minutes ago,⚠️ Drone Incidents,https://news.google.com/api/attachments/CC8iK0NnNXJkblJwYWxCclNFbGhjM0F5VFJDZkF4ampCU2dLTWdZUmM1Q3NxUVk=-w200-h112-p-df-rw,2025-10-20T12:58:19.878754
UK to Empower Troops with New Drone Defense Powers,https://news.google.com/read/CBMirgFBVV95cUxOaS1ENERhTGs2Vi04YmNHNkF0clRYUjdsTnVJT2t2NWNtMGxUM1N2eUxhYzZMNXI3dzNaT2ZmZW9CRno5c3FlOGZPcF9sZTRCSUtHTmxVMF9FQ0ZQR25QYTR3N24xLUtqU0xkMDI4RzhKRV9QbWYwMDRic0YyQTJXTG9lZzJWeEdfUkE1M3JtS1hsM2ZGVFRGblE0ekZBS1RzN2wwdnhOZ1U5ZWV4SXfSAa4BQVVfeXFMTmktRDREYUxrNlYtOGJjRzZBdHJUWFI3bE51SU9rdjVjbTBsVDNTdnlMYWM2TDVyN3czWk9mZmVvQkZ6OXNxZThmT3BfbGU0QklLR05sVTBfRUNGUEduUGE0dzduMS1LalNMZDAyOEc4SkVfUG1mMDA0YnNGMkEyV0xvZWcyVnhHX1JBNTNybUtYbDNmRlRURm5RNHpGQUtUczdsMHZ4TmdVOWVleEl3?hl=en-US&gl=US&ceid=US%3Aen,Devdiscourse,3 hours ago,⚠️ Drone Incidents,https://news.google.com/api/attachments/CC8iL0NnNVpXVVJvY0hsd01YWXdWVlZHVFJDcUJCaXFCQ2dLTWdtTk1ZUzFTR043aHdJ=-w200-h112-p-df-rw,2025-10-20T12:58:19.878756
Flights paused at another major European airport due to drone sighting,https://news.google.com/read/CBMiugFBVV95cUxQa3FMQkpRb09fRkM2T2pOcFhiWTFqZWhma0xwY2ZxSm9mOG9SYzgzcGxVemc5RUpoUmR6SFZEWjhjM0M2dlhBNHpyQ2VIemhUUUhQYjIzTWc2UEhiN0t3ZU13emdoMnFYdFVvNlVRdHc0RlJXVHlpZ21rbkh0NVVaQmQwTWl0eUd0QjZMUnhZMnpUbXhhT3hfVFJjaVhwSkFSWmx5aVQ5azExMFNsejRZVU9Wa194WW1xT3c?hl=en-US&gl=US&ceid=US%3Aen,The Independent,52 minutes ago,✈️ Airport Drones,https://news.google.com/api/attachments/CC8iK0NnNVRRVzB0Y3pCaWQwWTVZVzF1VFJERUF4aW1CU2dLTWdZQm9JQ25WZ1E=-w200-h112-p-df-rw,2025-10-20T12:58:19.878757
Man charged after drone halts flights at Edinburgh Airport,https://news.google.com/read/CBMigAFBVV95cUxNd3RQQjlfeWlFSEhIVmNnTHJrMjZ1SnZ2WEVZZFYwU3k1LVVFZlBMRHZDMmtDcEtQT2ZneEQ5YU5UNDBBajMtcVJnaDVtRE0yYXAxbGJyU1AtVmRaVWhlbHVhd0c0WVkzZHhZVUNFZ3RXc3BCYTJFVC0wYWtBNmZyUg?hl=en-US&gl=US&ceid=US%3Aen,AOL.com,9 hours ago,✈️ Airport Drones,https://news.google.com/api/attachments/CC8iK0NnNDNOM2x3TldvelgxUk5hekppVFJEb0FoaUFCU2dLTWdhRnNKS3hQQVk=-w200-h112-p-df-rw,2025-10-20T12:58:19.878759
Spain: Drone sighting halts Palma de Mallorca Airport for 35 minutes,https://news.google.com/read/CBMimgFBVV95cUxPYi1TbEZpazREQmhSM1hmVFVrSllRcW1UaUxPaVN0S2tmV0tvR2syNWg4eVNpRGFoQjFGWlV6ajYyc282VmZUQUd4UFJHbHhrVkNRMnViQ01UaEE1ZzFCUHpPczg3N3dvNXhCMXh3Z3ZaZ1p4TkN5aUVreGNIM0xlUDZjay00R1JXbVZrbzdYbzBnZy0ySzdPZU9B?hl=en-US&gl=US&ceid=US%3Aen,Caliber.Az,23 minutes ago,✈️ Airport Drones,https://news.google.com/api/attachments/CC8iK0NnNTNUMUJ5VVhGeVlqQjJkRk5uVFJDVkF4ajFCU2dLTWdZVmhaQUt0Z1k=-w200-h112-p-df-rw,2025-10-20T12:58:19.878761
"Germany's Munich Airport temporarily closed following drone reports, but nothing found",https://news.google.com/read/CBMiowFBVV95cUxOcHVCMXFJMlZmYW5DM01MRDBubjZ4VDVYcWlBeG9OTERVVlFLZTdBaTExamIta2MxMmpIZmhUWVZkU1pVNmVhTk1adi1tbkc0ZEtKMURKNU9sT0ZTeTg5cGwyaV85MXJ3WTdoUWJSSzBQTi1fYzRSbENLQU55SHNSTUVkLUwyWmJQeGN4ZVhPck1ZUnRxb3NHbDZOTWZyaFN4Q0Zj?hl=en-US&gl=US&ceid=US%3Aen,CT Insider,15 hours ago,✈️ Airport Drones,https://news.google.com/api/attachments/CC8iK0NnNVdSemQxWmsxM09WbDBPRlk0VFJEREF4aW5CU2dLTWdZWllaRExMQVk=-w200-h112-p-df-rw,2025-10-20T12:58:19.878763
Flights diverted from Palma De Mallorca Airport after drone spotted,https://news.google.com/read/CBMihwFBVV95cUxPdXlzZ2d5blFaNFI5aWxsYUFvWFYtUlgtTUNzbUxhdXV3bEpKNEFSNjY3dFlTTVZIWXNkbmZTcE5sd05uZzZGYUhKam41TnNsLWNMajItcjJfWUxRbERBdWZfX2dxRGE5VEJla3VYOWFfLUlqQ19KUm5OSHJVSWoxNEVNR1lxTDA?hl=en-US&gl=US&ceid=US%3Aen,Yahoo News UK,19 hours ago,✈️ Airport Drones,https://news.google.com/api/attachments/CC8iK0NnNVBZVUZKZW1Wbk1DMTJXV2x5VFJERUF4aW5CU2dLTWdZQnNJYTEwQVE=-w200-h112-p-df-rw,2025-10-20T12:58:19.878765
Man caught using drone to smuggle drugs into prison,https://news.google.com/read/CBMiekFVX3lxTFByMW16bUQwNzlpeVlma2tEZ0V2MWxncldfVHplbWxGbm5rOGktZUR2c3JsNWJfNmNLcXQ0MG9yMWVRcmhOM1Z1X1NISk5zaUlpNHpNTjQ2SkpvdjVfbUcycm1OQ1pwXzRrV3puc1RzTmUwNW9UTU9FTDVB?hl=en-US&gl=US&ceid=US%3Aen,AOL.com,4 hours ago,🏢 Prison Drones,"https://encrypted-tbn2.gstatic.com/faviconV2?url=https://www.aol.com&client=NEWS_360&size=96&type=FAVICON&fallback_opts=TYPE,SIZE,URL",2025-10-20T12:58:19.878766
MANDEL: Looking for love in all the wrong places,https://news.google.com/read/CBMipwFBVV95cUxQeUZPaDdKRjBGQzhXenAyc19GN0JIWlZfZGRlLV81emNUOFFkTW9vQkhrR0k0ODNyb3VHaDgyV3N3dS1za1pLNmEtVGM0bTdwWjlwVGoyS21keEo5cUVMclNBbkJiWmRzcnQ3T2NtX1VjbEJacHVoRS1qTDlfMVdrZTZvTXFVMXJrSVRqdERkaF9BanFGSW5rWWlFbUtMNDlZNVlnVDhJYw?hl=en-US&gl=US&ceid=US%3Aen,Reddit,1 hour ago,🏢 Prison Drones,https://news.google.com/api/attachments/CC8iK0NnNUpZMTlaVjFKVVJYQmplRXB1VFJDYkJCaTVCQ2dLTWdhWko1eEpHZ28=-w200-h112-p-df-rw,2025-10-20T12:58:19.878768
Pakistani arms smuggler sentenced to 40 years in US for trafficking Iranian missile parts to Yemen's Houthis,https://news.google.com/read/CBMi-gFBVV95cUxQazZSdnZ3V0g2aDRad1lObS1FbjE2VElRajJ0d0IxUi1IdHBXdUd0MmxPSldLek40d25IeWg5enRNX0p0RU9wT05YeV9mVkZEVzBKWGxpSE5qNTAwcmwyVkR5OW8tTlVCZFZPV3NZZFBUUVhuZEhKYzNOY21YZENtSnMtakNkVFZBV193bWt0SEZ4WHcxNWhwVGkwMlVvXzJrNmVnZF9GelZXdjhoY3gyNGx0R3doMjhhV1F1M2hkdlpiU04takxaVVEwOW0xRTVNaFJ5VkQ2ekZCT2Rla2Fva3JYbmoyQnVuQzZyRnNMdDNwUDdkUkpkNHhn0gH6AUFVX3lxTFBrNlJ2dndXSDZoNFp3WU5tLUVuMTZUSVFqMnR3QjFSLUh0cFd1R3QybE9KV0t6TjR3bkh5aDl6dE1fSnRFT3BPTlh5X2ZWRkRXMEpYbGlITmo1MDBybDJWRHk5by1OVUJkVk9Xc1lkUFRRWG5kSEpjM05jbVhkQ21Kcy1qQ2RUVkFXX3dta3RIRnhYdzE1aHBUaTAyVW9fMms2ZWdkX0Z6Vld2OGhjeDI0bHRHd2gyOGFXUXUzaGR2WmJTTi1qTFpVUTA5bTFFNU1oUnlWRDZ6RkJPZGVrYW9rclhuajJCdW5DNnJGc0x0M3BQN2RSSmQ0eGc?hl=en-US&gl=US&ceid=US%3Aen,ANI News,2 hours ago,🏢 Prison Drones,https://news.google.com/api/attachments/CC8iK0NnNXhkWG95WTJGRFRWRmtTemgzVFJEQ0FSaURBaWdCTWdZQk1Jb3ZuUWM=-w200-h112-p-df-rw,2025-10-20T12:58:19.878769
Government plans major prison reforms to tackle crime and overcrowding,https://news.google.com/read/CBMimgFBVV95cUxQX0JTR0wtZDdGWDJ4a28yNC1CdThRTEh0eWVhN0R1bXh5N2dhYTJwWDVRLS1kRE1LOWI1NU1iTGpyQXZMcWFNeUxYUVg5T2REY2x3R3pSSHp5NTlNZkFsNW03Wk5lZnExc2EwV0hHcmEtc0hQVFBVTTlSOXN5ZmFHREQ0OVhPZldWNnhnZUcwV0pMOV82OEFUeHZB?hl=en-US&gl=US&ceid=US%3Aen,Philenews,6 hours ago,🏢 Prison Drones,https://news.google.com/api/attachments/CC8iL0NnNHpVMWx1T1VobVEyNXFTVk5KVFJDbkF4alZCU2dLTWdrQklJSkxyV1M1ZVFB=-w200-h112-p-df-rw,2025-10-20T12:58:19.878771
Drone Package Delivery at Béthune Prison Leads to High-Speed Chase and Five Convictions,https://news.google.com/read/CBMiQEFVX3lxTFBRSDFXX2JidHlSaFJacVVjbFRubkVwR0VkM09CdzdPY0doTTdhRGFCTkM1bnRhb3JhaHFlajhaTko?hl=en-US&gl=US&ceid=US%3Aen,Emegypt,8 hours ago,🏢 Prison Drones,https://news.google.com/api/attachments/CC8iK0NnNXlkVlp1ZFVKT1FYcFZNRmRWVFJDb0FSaXNBaWdCTWdhTkVvSTBGUW8=-w200-h112-p-df-rw,2025-10-20T12:58:19.878773
