Title,Link,Source,Published,Category,img,Scraped_At
Army’s Lethal FPV Drone Course Turns Soldiers into Sky Ninjas,https://news.google.com/read/CBMia0FVX3lxTE0zSXJlSm9JMF9vaGJKWjZXb18zZ2J4dVJGZWpTZlNPNVVFdk9MWGloTXNzYzFwelFzTVN2QnA1bGVRaUFYRnZzRzdKdXc3VFRieHpDYmlPcHY5QVhIYkI5dU44cTNqM2ZrR01Z?hl=en-US&gl=US&ceid=US%3Aen,DroneXL.co,38 minutes ago,🎯 Military Drones,https://news.google.com/api/attachments/CC8iK0NnNWtXV2x3Y2xscWVtNXZNMHhYVFJDZkF4ampCU2dLTWdZQkE0WXpFUW8=-w200-h112-p-df-rw,2025-08-22T18:39:43.723421
Israeli military intercepts Yemen drone after several tries,https://news.google.com/read/CBMibkFVX3lxTE9Ydjl1N3o4UWN3cEE5WF9BRm5DdExQbWZMWTJHTVlOQlgzM0NLZGxwbExic3BuRDNSTnd5a25MSkRLRGo2c2JoQi1hZFQ3V3I3aDJ2OWZUNk5Kc3M5UzJYYkhiV3NHTE0ybUIwMzRB?hl=en-US&gl=US&ceid=US%3Aen,The Jerusalem Post,4 hours ago,🎯 Military Drones,https://news.google.com/api/attachments/CC8iI0NnNVNjelExV0ZWTlprUlVTWGQyVFJDZkF4ampCU2dLTWdB=-w200-h112-p-df-rw,2025-08-22T18:39:43.723436
The US Navy’s Drone Efforts Aren’t Going Well—but Neither Are China’s,https://news.google.com/read/CBMiqgFBVV95cUxOSlNWRDBUbWtBaDdJY3NIbmRPQUkxWFVTb25ramhsYnBaa2FiZmJWSTAwSldDUG9HLW5jbE90S1hEYkZKd0FQdThYaGxpOGFRblFyZlZDU0otOFp2YlVQRTFldnd3dVZoM0QzbHBFd3RtYm1JOGdfcVhWdjAwS0ZaVk01cWtBT1AxZEI1RmxucnpSOXVidTU5VG5NRlcwVHpHamJPRWFwQWpIQQ?hl=en-US&gl=US&ceid=US%3Aen,The National Interest,32 minutes ago,🎯 Military Drones,https://news.google.com/api/attachments/CC8iI0NnNUpYMHRSVmtGNVh6TjFPV2M1VFJDZkF4ampCU2dLTWdB=-w200-h112-p-df-rw,2025-08-22T18:39:43.723439
"Army Testing AR Goggles, Anti-Drone Guns on US-Mexico Border",https://news.google.com/read/CBMicEFVX3lxTE5YMkZPMTFES0hpeTN4bGNNeVdkSms1SDBia2x2V3dTdUVqRllZSEZGMHZBYWxJSnpvN2lsdnZKTVRiSklQMXM5eEZPU1V0d0RaRXNoaWhEWU8xN1dtMU9xMkdfRkFkajFoOTZiTl91OGvSAXZBVV95cUxNQ0dTNjR0WmZvS3YxZFQxZy1ROUhDTTN5eVR0MXBEZmtHQ3NnTGJuSmFWa2p6MU5pcllTMHlLMWlzY01xeVlld21QUzdaQzJPT2F5NXI1N2prSEdHVTdXQ2ZrNk1rRERZY1Y5ejcyaEFyZDRZb0l3?hl=en-US&gl=US&ceid=US%3Aen,The Defense Post,5 hours ago,🎯 Military Drones,https://news.google.com/api/attachments/CC8iK0NnNW9OMnRPY1VOb1VtZzFOR3N6VFJETUF4aWJCU2dLTWdZZFJvN3JKUWM=-w200-h112-p-df-rw,2025-08-22T18:39:43.723441
"Ukraine shoots down Russian Orlan 'mother drone' carrying FPVs for first time, military says",https://news.google.com/read/CBMiugFBVV95cUxQS21LaHN6dHFBZUdzbnJkR2lLUTBRUUZtRC1sZ3BJMW5mXzJ0MDA4d3MtSDNFV2x0Y3FXd1NsQW4xY1czSE04b1gyMUFja1Fqa3Ixa0N1YzN0RWdSSVFWOG9GMExMTmpsV05yUFQyVzdna1g4T2hSTUFUb2RfbzBaN09CaVF4NHEwX0ppU3dYRFJodnEwaDlxV2ptVzFBY016WkRWMXRRUm9uN2Y0ZHdUUUYxUTZOOFVpb1E?hl=en-US&gl=US&ceid=US%3Aen,The Kyiv Independent,2 hours ago,🎯 Military Drones,https://news.google.com/api/attachments/CC8iK0NnNU5OMVV4YjFWRVNHbHNTRTVuVFJDZkF4ampCU2dLTWdZSjBvUnd6UU0=-w200-h112-p-df-rw,2025-08-22T18:39:43.723443
SpaceX launched secretive X-37B US military space drone,https://news.google.com/read/CBMilgFBVV95cUxOMndqZ1BfVkNIT2gyXy1fek9BUXFpdU5teW9aekFxOU5LTXdJSnRoa1VMc2R5WTQzejhzOUR4SUZBZzc2bnMxSkVPVWt2aUdRQ01iWEwzeV9FcDcxZWU0TUNVZHYzZHhKTVVhbGU2d0hVSXJEVGxBbFVfXy1sNS04NWx3SHljc0NVb3NWTkxBeEpjbTh6Rmc?hl=en-US&gl=US&ceid=US%3Aen,Space War News,12 hours ago,🎯 Military Drones,https://news.google.com/api/attachments/CC8iK0NnNWFjRzlwVDJsTFZVVnBWakZGVFJETkFSajJBU2dCTWdhbFpZck1yUVE=-w200-h112-p-df-rw,2025-08-22T18:39:43.723445
Why Russia’s Shahed Drone Program Cannot Survive Without China,https://news.google.com/read/CBMiqAFBVV95cUxPZmJsbUdJdTk0SUUwTmFKakw1TkVhRDJNZ0IwZHdtREcwN1lMVUJGUkdmTGZxOVRDVXZVNkhHOTBaN1h2QnlrWmZMSFdTblJ6MF9sNU1jU0VwbjF0WXZ6SGducUYzdE82MEJhU25wRnBMSUY5NEYtNzEzcXNuWGhKX2Mxa2RGQ3FyeXdJdVhCVVlYTjgtdktXUXJGLXgwdy1CMF9JVENPOTY?hl=en-US&gl=US&ceid=US%3Aen,UNITED24 Media,10 hours ago,🎯 Military Drones,https://news.google.com/api/attachments/CC8iI0NnNVpXSE01VkhneVJFWlJTbFowVFJES0F4aWVCU2dLTWdB=-w200-h112-p-df-rw,2025-08-22T18:39:43.723447
China appears to be testing a new stealth flying-wing drone,https://news.google.com/read/CBMisAFBVV95cUxPbEpsRUZRSHoxN1dPaXpaSVZxajA2dGJrdmJweVJucDM1UTB6MjNUeEVVUEZ5TkNCVVRCanY0X1dJS0QxV2pMQVdkZG5FV3JHTGJKd0Jsblc1UDZVVnFmY2FiRm5IRE9WM1NtdDQ5QWFwMmJqSnVmTlBKVDhPd3RiUGhyekVRdVdKTFJvNDlTdVNUSDlwVGFZdTRBcUg5Y0h3ekhYQkxvYnJOTXdLWEExVNIBsAFBVV95cUxPbEpsRUZRSHoxN1dPaXpaSVZxajA2dGJrdmJweVJucDM1UTB6MjNUeEVVUEZ5TkNCVVRCanY0X1dJS0QxV2pMQVdkZG5FV3JHTGJKd0Jsblc1UDZVVnFmY2FiRm5IRE9WM1NtdDQ5QWFwMmJqSnVmTlBKVDhPd3RiUGhyekVRdVdKTFJvNDlTdVNUSDlwVGFZdTRBcUg5Y0h3ekhYQkxvYnJOTXdLWEExVA?hl=en-US&gl=US&ceid=US%3Aen,South China Morning Post,7 hours ago,🎯 Military Drones,https://news.google.com/api/attachments/CC8iK0NnNHRWbmhDTFhoSFpWVnRjalpWVFJDUUF4aThCU2dLTWdZWnM1S3N2UVk=-w200-h112-p-df-rw,2025-08-22T18:39:43.723450
"Romania's OVES Enterprise, Adler Aerospace to develop drone platforms",https://news.google.com/read/CBMiogFBVV95cUxPeV9SMGRVMlVOT2ZPWHNDN2NJOEdsVE1pUk5vZXI5TU9RY01rMzl6TlNCX0RpR09LYlc5OUcyZTVEd2hvU2M0TXRUZWhvZ1hCRDBseVJxVGRiTWpHWUNxYkc5eFg4MDhsRHBWQkJyYm5tenhrMWVNT2x3bWRHTmxFVTZjVG5TanZVQ01ZTnkzNUxNeVBEcmNTT3o4MFJob3JsTEE?hl=en-US&gl=US&ceid=US%3Aen,SeeNews,4 hours ago,🎯 Military Drones,https://news.google.com/api/attachments/CC8iI0NnNVRaMU5PVjFrNGRVOHRkSGx0VFJDeUFSaWJBaWdCTWdB=-w200-h112-p-df-rw,2025-08-22T18:39:43.723452
"Under a drone canopy, Ukraine army medics rely on robots and luck",https://news.google.com/read/CBMi6gFBVV95cUxQX3o5VHQybjNqeWtEMWV3NDdSRWtuV0NMUFNiTWVOekk3aFhacm1mOUpzQ3U3Sm5pb0FtWEJSZEFGdWh2R0NTdWtzZHVFd3V6NDA5OHlKOGdSTVo3dk9XdnJydGxEV2VsblZsVC14dFd0d0V2ZlkyVmZTZmRuWTlmZkpBNUxSVzBJeldMb0JpTjF2Rjk0ckhhLVBnMGZGY1k3cWd6ZHM4SjZQVXIwYzEtT1hsUFF5eHFqZDRDclRoX3FRVUliaU8wUVN4T0cwWXNMM3hHNF85VHUyZjdWYlNmbFhubHEtdXBQbWc?hl=en-US&gl=US&ceid=US%3Aen,KPVI,9 hours ago,🎯 Military Drones,https://news.google.com/api/attachments/CC8iL0NnNUJTRk0yZVhkMlUwdHRVMkZEVFJEVkFoaUFCQ2dLTWdrZEk0N3NGU2hrc0FF=-w200-h112-p-df-rw,2025-08-22T18:39:43.723454
Army unveils crash course in advanced drone use amid push for force with combat tech savvy,https://news.google.com/read/CBMikgFBVV95cUxPM2lfM3FVZFBMN3VSYTV5ZGo0YXh1amZjSTZWd2p2MXdlbE1aVzEwWEoxblo4Z0ZFclBXSEZ3TU5CQ2xYQ1loNTA1OHRrSmZlZlBGc1FKa3cxOWVNZHlrNkxSZHdZc3MtTm5CTkVjTzRIODFxcXJWR1V1Y0twQmpCXzcweE1WSUNJMDdFcVlCbjBJQQ?hl=en-US&gl=US&ceid=US%3Aen,Stars and Stripes,1 hour ago,⚔️ Combat Drones,https://news.google.com/api/attachments/CC8iK0NnNXVVblptWDA1NFVqRlpOVXRQVFJDMUF4aTlCU2dLTWdhQklaTFNKQWM=-w200-h112-p-df-rw,2025-08-22T18:39:43.723456
A Ukrainian startup develops long-range drones and missiles to take the battle to Russia,https://news.google.com/read/CBMipAFBVV95cUxOWnRxcXBlSWlPWUloMWpEbUxNTjc5VWZLZmtic0JHSklOWHFCeUhVYWdWTFRkdnVwemRRV0tyRTNzeThGS0d1NDI4akFZc3ZKT0tQV2Eyc3FydWJISVdtX2hXUGYxSUE0MmlOVnRqT3VRSWhmQTU1TE00bWVWM2Z1OENyc0Zqd1hvV2NURmxWZkFyeGFnNl96Zlp2cXd4cEUwaW1HM9IBVkFVX3lxTFBvUTBWRnJ6QTdlandSam9uMWFqY3BKUjNhclROZFdBZVB5NDFNTkpETklqRlB5dXhnSHpDLVpHQUJvcnFISWRjeHN1VTRHVFFJamMtS0V3?hl=en-US&gl=US&ceid=US%3Aen,NBC News,17 hours ago,⚔️ Combat Drones,https://news.google.com/api/attachments/CC8iK0NnNUdiWGMxY0hGWFZVeG5ZV3hYVFJERUF4aW1CU2dLTWdhQlFZanB0QWM=-w200-h112-p-df-rw,2025-08-22T18:39:43.723458
"Bengaluru’s Kaala Bhairav combat AI drone promises 30-hr range, swarm strike power and strategic autonomy",https://news.google.com/read/CBMiswJBVV95cUxNYXZEeldfSDdEV1lDRUZhSS1IMFdrUWlyYzdMYnJhTjNEcFdhclhrMU1qMDBlZ290SzRNY0Z6NW40V3dKaFh4VVoxV0xTU2FlTWIxMUJvTTdiR1ZyWVRhbkV0cmhvRDZXMlgtbWl5SGpUSzB3M0liTW9Zc29XcWVYQURxSE9xSGZYanNNQXFUaUlMclZxSDdVSVltMXVhTEJtNHBIdkg5MnhPcFN6U25PcVhkb2FtWEE1R01RZ0psc2RRMWtSRFBGSU1aOFVvNTJTYkJlMlctMl9FSHc5LU9DblVJRVYwOU5oRFVXRlh0WHdEdnlXV2ZTUnljRFlhSnVRcUp5RzhBWFUtQ3NDeXVLWW9yM29KblRpWDlWcW5qMHZlSUNsZmswM0VvbE84SHVMWEZR0gG4AkFVX3lxTE0yZ0d3VzFzVnJQZDhwek1zOWVtTlFkMDUzdHFrRzc4Rkp6ZE4wZURiTFJOTndFU3ZPaHFNY3pFTUtwZ2ROSWdRT3p4dTNSNUpFNW92VXhxTWgwczYzeGNwbFQzTHBqeFZMeHBQWkFWakJQZ1hmR2Nmc1VWdU1UeGttTzRQM09QX216ejAwaWNKTURoTFctdThDNXlWMnhLWktpd1ZKQ0F0UF9RWHdqMHpJcUtsTnpxM1ExZGpTeWo0elNMcnhYMGVxZWFwVmd3VkVILW1wNG5wT05idWZLOTNjRlMtclJWMFN5R3p6OUlHUjJVVlgtM0dJRlNtUy04czZXLWdfbk42YUJKR2lDdm52NE5UUlFzVnBzc3lOcnhmcHNrOVlpWVVxUDFvZ0JfeG9vREdmQ2xyNw?hl=en-US&gl=US&ceid=US%3Aen,The Economic Times,6 hours ago,⚔️ Combat Drones,https://news.google.com/api/attachments/CC8iMkNnNVhhbFJRVUV0SVRqZERjbG8zVFJEZ0F4aUFCU2dLTWdzQlFZemdsdWs2VEprTFhB=-w200-h112-p-df-rw,2025-08-22T18:39:43.723460
Ukrainian drone attack paralyses large Russian port,https://news.google.com/read/CBMikwFBVV95cUxPVm5DYTZQdFRZd3RVTlh6MERxbnBuQlZaajV4S2VBd0ZsbVNsRXRxaWh6VDQ1emhLX1dTNjNSSXVLRGJUcDJVWk9YcGZNWDhFLWNXOHJzNkRVLUxucG43VGpNSW5Ld090Yktjel9zaDNXQ3gybW96ellQQU81MTFjeGFHYjhSb3IzTEZRSlhaY05vam8?hl=en-US&gl=US&ceid=US%3Aen,yahoo.com,12 hours ago,⚔️ Combat Drones,https://news.google.com/api/attachments/CC8iJ0NnNTFUWGs1ZUZKalZYSmpkUzB4VFJDMkF4aTlCU2dLTWdPbEpCSQ=-w200-h112-p-df-rw,2025-08-22T18:39:43.723462
"Russia is experimenting in Ukraine's robot war with uncrewed rocket launchers, hoverboards, and a box on wheels",https://news.google.com/read/CBMi7gFBVV95cUxNSmlhWFpuRnhiTE81RTBiZmFLRmxFUEs5X0lKUGtEQ3l1dFY4clBDamRvMEYyNUZLMzE1aW5GX1NKcWFtcVRDeXp2alVGekVITXdXWlRpVmhtdmtXWS1HMkdickFZZTlGREUwd1ZwaEZ6dWFXd2Q4TG50MW5RRGlQZ2dOMXB4MnVNT1lITzNLb0lZQmpKZVNQOUFUYjVfV05mUWUwSlJYMDdYa05BczZnOWR4R1FWWUs5Vm1WMnh3Q0hfeWdyM3dNTFV3d00xSE9JdTNjXzdvODFGSVJRZ1JZN2E2WUlGaE5aUmNMUmxn?hl=en-US&gl=US&ceid=US%3Aen,MSN,19 hours ago,⚔️ Combat Drones,https://news.google.com/api/attachments/CC8iK0NnNWFiRzlUVVRWbFEybENTbkZwVFJERUF4aW1CU2dLTWdZRllJN3dwQVU=-w200-h112-p-df-rw,2025-08-22T18:39:43.723464
The 60mph drone boat that may solve the military recruitment crisis,https://news.google.com/read/CBMigAFBVV95cUxNVlctU0oycnpwNkktaEtMTkxIcEV2NU90YmxLQ1FlXzlYdDlWaGs2YWFxVXYxeU0yRWhPTWpKcUZOQlhvTHBxMWNxS1BBWGJoZ3dfQ3M0aWU4UXNZV2Z2SEFSMks3c29pcUxvREViQ0hXa1VlZmt4MngyOWlhSkRYdw?hl=en-US&gl=US&ceid=US%3Aen,The Times,7 hours ago,⚔️ Combat Drones,https://news.google.com/api/attachments/CC8iK0NnNUlWM1I2ZWpSU1NWRnBZWEI1VFJDZkF4ampCU2dLTWdZVm9KQ3d1QVk=-w200-h112-p-df-rw,2025-08-22T18:39:43.723465
Fatal Russian Drone Attack in Sumy Region Kills Local Resident,https://news.google.com/read/CBMilgFBVV95cUxOcTBWVWZhV1dWdFptckIwa2pWNEJTZXVzbnFaVkhkelk0ZFlYaGcwNnBycXloQ2dCR2hKR0tuNmZnN2VNd2V6NkREbmM1T0pvcnJveTloc24wRlNjekdRZldaYUJHVU9Gdnl4LTFTRWhUSmQ0c2lLN2FQT0ItVTMwcEtmUmhldFhQOXlHTzZpcFMzZ3Rqenc?hl=en-US&gl=US&ceid=US%3Aen,Букви,7 hours ago,⚔️ Combat Drones,https://news.google.com/api/attachments/CC8iK0NnNXhObWxtVkhaUVJGWjBObEV0VFJDUUF4al9CU2dLTWdZUmc1aXBzUWc=-w200-h112-p-df-rw,2025-08-22T18:39:43.723467
Russia confirms Ukrainian attack on its oil facility,https://news.google.com/read/CBMimwFBVV95cUxPTXhuRTVwNy1rT0hLV3gtNjdUTnBOYjB6UTZESEZRZ1o1VFpSblRNYVplZjdiTzh5bWFZRDhDNEtjOUpCbFQ4U3VLQ0NtdkZNempaZTNhT2lZWVhoY0QwaGRNeWgyUFJZWlB2NlRadGxEOXZZZGp3Vml5TjFzWU95cndqLUxiNEpaRm5MRHZVc05SbjIxRGtNZ0VfOA?hl=en-US&gl=US&ceid=US%3Aen,Sky News,9 hours ago,⚔️ Combat Drones,https://news.google.com/api/attachments/CC8iL0NnNHdVVkF4Y2xkeFJWUXhhMEZqVFJDZkF4ampCU2dLTWdtQmdvQURMMmM5alFF=-w200-h112-p-df-rw,2025-08-22T18:39:43.723469
Drone attack destroys 16 trucks carrying UN food to Sudan’s famine-hit Darfur region,https://news.google.com/read/CBMi0wFBVV95cUxQeHd5YWpsLW9ZUUhpUEF0TDlseThVR3ZnaEFFY3NBZ1ppeEpoaGRZTl8zTzZ2cmdrS0Jlc1N3OGJEVnVIdWdOVGtiQVBiSU9VdW1pelZnSEM5WGZxN01nNzg0TGlMUWxkbGdlbzFHdVVfQ0lEamdyazEwOWlsQ1lSSllRUF9PbkhlbVRvUU9wUnpDbUJPekpXZUVEWGxfNEhRODRMcDlvVWFZbGpmdGV2M3ZUOGVwVHI4YWxXU3RyT0pabElJQUZsZ0ZHM2ozcDloaGpR0gHYAUFVX3lxTE5hc1Zsa0I1OUNpYnlKcDRQa3A0SlJnamU2QlpYWHlWSU5CRkdzUnFpaW9ZLXdQZGVmZEZkdFlrbGdKZ2RaV2N5eWtraTFjWFgyMzJfUGZRam1wLWVwbTZMdlNudGVsaWh4bUdoa0R2bExJTzhYU1ZCS24zdUxOZUoyVjBQU2lfYXhSek41U2NBV1Z3Z0pwRUlKa2MyNXg0QzViY2gwVHpza3d3QVhyR0p0eW1Mci1pUGxoOXpBckQyT0F1WW1GdVVFZnJ6dC1DMElLc3dKbnlQNA?hl=en-US&gl=US&ceid=US%3Aen,RochesterFirst,22 hours ago,⚔️ Combat Drones,https://news.google.com/api/attachments/CC8iK0NnNWlaVXA0WjJWRU4yRnBkVmh6VFJDdkJCaWxCQ2dLTWdhTkE0eXFSUVU=-w200-h112-p-df-rw,2025-08-22T18:39:43.723471
How Russia’s drone attacks have reshaped the war in Ukraine: An illustrated guide,https://news.google.com/read/CBMihAFBVV95cUxPZVJMcFpkZXJNeXpGc3g2UF9ZUDJJaVhxcUFlRVplSnNlbE1jeC1mdFpDa29ncGI3WGRiS1FlcjZZTU5LSGw4ajYtdGZpUzM4aHBCZ1VWdEpUbkZOV3pRZHVnMm10RDFBeGtkLWMxVHZYZE4yN0R4ZW1DQ0pEMWYySVVoYXjSAYoBQVVfeXFMTm5FSEEybm42NWJ6YjJjeXFGNGZRVXBEa2pWbU01TnBWWXM3TlFpM2Q4enpKeHRjVVNsaGh4RFR4N29GRXUyRHV0a2Q4eUlLVnd1SjJ6THl5bDd6SGtzcUtMbWlQVHZ0eFoxRmMydEllNUNydmE1cHVhMDN1OEhrWVJxbUpiRVJFQ0Jn?hl=en-US&gl=US&ceid=US%3Aen,CNN,14 hours ago,⚔️ Drone Warfare,https://news.google.com/api/attachments/CC8iJ0NnNXJUMTl0UlZWWFNqbEJha2RtVFJDZkF4ampCU2dLTWdNQmNRNA=-w200-h112-p-df-rw,2025-08-22T18:39:43.723473
The Pentagon plan to Americanize drone warfare,https://news.google.com/read/CBMimAFBVV95cUxQQWV6YWZ3cENHa2d0R0tVQ0ViWDBnVF9tNFVkc0Rva2poTzlLSjdxWlVQMUZ3YVVreG5CNVNsTWJnMXNOb09ld1VuNGYtX2pQbldSVGNDMEJ6RnVmVlQyeWNEblVzZkpqMzJwZ2NrNldxTG40NzE0dmxVUVY5a2FaUnpza1ZqUHhCQlAwZThzRkZFOUhjWVM5YQ?hl=en-US&gl=US&ceid=US%3Aen,Defense One,18 hours ago,⚔️ Drone Warfare,https://news.google.com/api/attachments/CC8iI0NnNTFTRzVXTUZsRWFYQlNPVXBXVFJEM0FoaXlCaWdLTWdB=-w200-h112-p-df-rw,2025-08-22T18:39:43.723474
German tech firms show drone-strike integration in Ukraine,https://news.google.com/read/CBMijAFBVV95cUxOX3pBX01JSDlQMmpEOGtUMlFXdXNfUmZiTXZZdktzT21iZURVclNXbGJ5Nmw4SzdjMTlyTkdseHowUXhscVdZdm1uRnJ4VGRaY1NzOXpTOGVkQ0E1c2JhRW9GSEl3Q2hnRkNmNDNFVElXbDBiczNzT3lrSElHMjNqR05jUS1aTTlXSFNYVNIBkgFBVV95cUxOWjU5UldHWEVGZktEZlpacldmSGtSbVQwRTNBa1k0ZTFwUjU1b2djdU9yaDBNQ0QtNFlwT0tCVnlPc3JJbnNNejJaMDQ3UXRsSXBzUVh6ejY0VUV5RW5UazNSSTlXTWhMcjBsREdzbnB3Nm5KVnVUTTZINVdQN2dlVlRwSENBN1dha0NqQjJhMU5PZw?hl=en-US&gl=US&ceid=US%3Aen,Defence Blog,7 hours ago,⚔️ Drone Warfare,https://news.google.com/api/attachments/CC8iL0NnNTVSelZNZVRWMFVHRmZRbmxIVFJDUEF4aUJCaWdLTWdtSkFvNUhDU2g3c0FF=-w200-h112-p-df-rw,2025-08-22T18:39:43.723476
"It looks like jam-proof drones, a Ukraine war battlefield scourge, showed up at the US Navy's Silent Swarm exercise",https://news.google.com/read/CBMi0gNBVV95cUxQbEpNUml0VEFFa1M3VDBrTG05UmpNb2VZaG1TR0l3LS1vb2ZHUmhoMW5hY096U0hvQzlrMWppVThuZWZiV0UyWUFvNFNCOUZ2VnQ4MW5LTTFHUzBWcEVqcU9fM3FwWFhWMThBNS1VWnphOGFPdXRwUUFvaHBkazVScXlMU3ZWX0tBX1E3TjhDeHgxMFQxaUsyNXBpMnBUYkpLVUlyRlJVN1JkUnM5VFJ5NGxYTC1GeHVqVW5IOENyN09OcF9ISEdzbTI2TUtNcy1TNmJ6RDFFQVNOUUJ0RndsOWJpUkxqQVBYNm8tVlVLYlpaZ2ptYWhNT2dkSnJjWjM5Szk1eXcxOXhqd0xzVlMzbHFuSXFHQ1VpRmkwTm9Hc1cxbXE3RDhubHB1UVM5OEstaXRrQU5LRTVLU0trZmx3RWJ6NFJla0E0VWFpaVhDdUtZeGl0WGo0aUlvLTZROVN1TW1XQVVQeUJmZ0RyMmdKUzlXRlB0MXBJa3FteVV2NWcxblhSUVlwSDNGU0tCRE5XQ3ItaUNVa3NlZURHbzUzbW1zQWtfUTI0bmtLYVNLNEFkTGlSYllRbGZIa3JJS2NsczVaWnFRTjFLcGhUeUNNOFJ3?hl=en-US&gl=US&ceid=US%3Aen,MSN,8 hours ago,⚔️ Drone Warfare,https://news.google.com/api/attachments/CC8iK0NnNVFSR2hhWDJKdk1EbFZkM0oyVFJERUF4aW1CU2dLTWdZcDBveFFSUVU=-w200-h112-p-df-rw,2025-08-22T18:39:43.723478
Trump 'very angry' about Ukrainian drone strikes on Russian oil pipeline,https://news.google.com/read/CBMioAFBVV95cUxQYXZtYkdwSWlQdUtpanJzZ2tOMGR4QUZhbTQ3blZkdHNtejRDaW1yUXhJdEpuNnJaSlFSWGdXMF81Ylg2QjFBTWhUWnVVekJXV3FFU3VyS1Bza2R6STVFOTdhQnR3eC1TNFJmZ2VvT1NRVG1lUjlLS180Z3VLc2pMaFJmd0FHSW1OSlhURTNJTWx6aUtRY1lLMHdSdHQ1NEpO?hl=en-US&gl=US&ceid=US%3Aen,The Kyiv Independent,4 hours ago,⚔️ Drone Warfare,https://news.google.com/api/attachments/CC8iK0NnNVJaR3BtTkhKTk5GSjRUbkpGVFJERUF4aW1CU2dLTWdZeGM0WlBzUVU=-w200-h112-p-df-rw,2025-08-22T18:39:43.723480
Russia Turns Spy Drone Into “Mother Drone”—Ukrainians Shoot It Down First Try,https://news.google.com/read/CBMiuwFBVV95cUxQUDhwYnFWVXNIZ1lvMmNHRHRndGxnRUhhc2dMckd4czZJV0dSdmxPRERBLXNYcUt0aVdfVlZadUpObUdvOVFxekRPMEJTaUFrRlAwVWJvNVZIY0R5QzJGNGhWRzNqZmNuZ3BsYUlVWGo1MjYyZDB2emRZSC11SFJoSGN6N0tER3Q4LU5LNHcta2VXOTJxNmVkOURfa1dKVTFNVllTQ1dnY2VTSDhLV3lnMjVOa0U0ZFpWMFFr?hl=en-US&gl=US&ceid=US%3Aen,UNITED24 Media,4 hours ago,⚔️ Drone Warfare,https://news.google.com/api/attachments/CC8iI0NnNTVTVEZyT0VabWNrSmtWRjlSVFJERUF4aW1CU2dLTWdB=-w200-h112-p-df-rw,2025-08-22T18:39:43.723482
Fiber-optic drones new twist to Russia's war in Ukraine,https://news.google.com/read/CBMilgFBVV95cUxOZW1NZDduR2tGdFU2WHFTa1lBTDJ3dXNfbE1DRFF1S2VZeFlxd1M4ak5Gd1RLcEJOMzZpVXdRNWpvS1VNOUQteE1JMFVqX0JzNmFxWXREeHBiU09qWjZVOWJuaS03UHd4Z05zUVpONlhiNENuVEw3N2FhUHA3TGhLenpBcW4wRkRtQ2RSNW9RVjNlSjgzQnc?hl=en-US&gl=US&ceid=US%3Aen,DW,17 hours ago,⚔️ Drone Warfare,https://news.google.com/api/attachments/CC8iK0NnNURWRkZoUmpOUU4wWXdiREpyVFJDcUJCaXFCQ2dLTWdhcEU0eXVGUWs=-w200-h112-p-df-rw,2025-08-22T18:39:43.723484
Latvia rolls out red carpet for NATO-run drone warfare drills,https://news.google.com/read/CBMiU0FVX3lxTE5rWUdtQTFrYmNRcHdncm1jUkkzcTFkN0ZaNmR6R1hhU2R5Ml9QUlkwbFlTN0JTWjJJTS1UalhmX2hWNVBWQkJRQ1FtN1YzU0tWc05J?hl=en-US&gl=US&ceid=US%3Aen,Trend News Agency,9 hours ago,⚔️ Drone Warfare,https://news.google.com/api/attachments/CC8iK0NnNTVWMGxEWmxOYWRFZHBZakpXVFJDZkF4ampCU2dLTWdZTmhaS21zUWM=-w200-h112-p-df-rw,2025-08-22T18:39:43.723486
Sudan Drone Strike Hits Aid Famine Convoy (North Darfur),https://news.google.com/read/CBMihwFBVV95cUxOM2czZGdnTFl6YXMydVNNa0Q0b3d2Xzl4Vy1lTjVmYXliWWNkWjMya01uTFFhdmZyV3hFMGp0UnZMU0c1VWtoSzB1Q1ZZX1pIa19XTHAyMGdmaHFzRF9fNFdTejJhSUVnSVRQellfd2ZOU1pENEl2UmpXN2FTZ2gwb2QtaWFXVWs?hl=en-US&gl=US&ceid=US%3Aen,Modern Tokyo Times,5 hours ago,⚔️ Drone Warfare,https://news.google.com/api/attachments/CC8iL0NnNDJXV1pJYTFsbVlubERXbWMyVFJEZkFSaVFBeWdLTWdrQlVJVFVIR2g1OHdB=-w200-h112-p-df-rw,2025-08-22T18:39:43.723487
Drone Warfare Escalation in Eastern Ukraine: Impact and Innovations,https://news.google.com/read/CBMimwFBVV95cUxORTltTThlenRvVl9xdXNZR01tZnB2TnlZalZheFBjRmluV2lNTnpLQkhPNEZIdWtpUnZFbVczMkdGenJCUE1tbU4tcjR6ZHgzdTYxRWJjSkhzTlpSUzVwdUpJZTdwQXI1bEZjTTJ1ZnZDWkVaR0ZLNGxmd3QwUkJhUFZvTU1INFc4aG1yenRURHpRSHlCUlJmSXRLVQ?hl=en-US&gl=US&ceid=US%3Aen,Букви,13 hours ago,⚔️ Drone Warfare,https://news.google.com/api/attachments/CC8iK0NnNVdXV2RHTVRCdFJ6bDNhbll3VFJERUF4aW5CU2dLTWdZVmM0Q0pQUU0=-w200-h112-p-df-rw,2025-08-22T18:39:43.723489
Russian energy facilities targeted in drone attacks,https://news.google.com/read/CBMiogFBVV95cUxQT2dJN1k3OHhRazZUeW5JRXNNaFdYNEEzcFVON0tlSmU3SFdGYVR3M0djMEtFbV9sQ1VJR1JYaGZFRlBDYTdWdk53dDMzMGxxSGtKM09TQzk3b1RvOWRuSEVzYmFZVUh4bVNteFk5MWFTMjZwZ2thd1N6cU5ZZ2xUWDZUSC1jM19jazJKRC1KSG12UnNKbjczV2pVb29lWDd2SUE?hl=en-US&gl=US&ceid=US%3Aen,Reuters,9 hours ago,💥 Drone Strikes,https://news.google.com/api/attachments/CC8iK0NnNVdNRWxKV0MxRGVWZFpWRzVMVFJDYUF4anJCU2dLTWdhWkFwUlBsUWM=-w200-h112-p-df-rw,2025-08-22T18:39:43.723491
IDF says it killed Hezbollah operative in drone strike on southern Lebanon,https://news.google.com/read/CBMivAFBVV95cUxPZkNjOHhrc21NRlAzQ3hVV1VxOUgwUUFrTlhQOXQzTlYtMXpPZVdsS0l4dXlPb21WVS10dHRaaVd5dHc4Mk5TTG14Vy00TVNKTk1lam5hX3Y2ZjBZNk5qVU1oN2NCamNTODNxUGIwT0dYSWlqMWY5QkhTNEw2THV0VTU5cHAwTks5VS0tMndYVTFTdS1hRFNmbW1yMUI0REllQnNjcHhaclRObGwxVEJoa0FIZkVMZ0s3STY5Mg?hl=en-US&gl=US&ceid=US%3Aen,The Times of Israel,1 hour ago,💥 Drone Strikes,https://news.google.com/api/attachments/CC8iNkNnNVVjVE5tUkdwaVozSjBaMGx0VFJERUF4aW1CU2dLTWc0QlVJaXZwS1JqMThoSGdvYWNKZw=-w200-h112-p-df-rw,2025-08-22T18:39:43.723493
Ukraine aid worker from Devon believed killed in drone strike,https://news.google.com/read/CBMiWkFVX3lxTFBtdTRoRE1PdGdCOF9tVVo2SnBCTkd6OWJLc1JMblZCNTN5dk9rRnJQVFJoVUdaNXhFbnJLTGM0dkdTUFRLcENWNkF1bkVzT3JfQ0toS0tTSk5Wd9IBX0FVX3lxTE1STWFldFhGU0FjcXlYdV9wSzRQcENXazBseHVIUlNVNWhrOXRfeVZtLTBHX2dxRnBUZ0Jwd2lVSmRLWmxtYzluU3BBN0NvTGs0Vmh1RGRWVUFQWDhCMnB3?hl=en-US&gl=US&ceid=US%3Aen,BBC,5 hours ago,💥 Drone Strikes,https://news.google.com/api/attachments/CC8iK0NnNW9WWEJVV1VGSE5Hc3RWa1prVFJDZkF4ampCU2dLTWdZcFJaYk5JUWc=-w200-h112-p-df-rw,2025-08-22T18:39:43.723495
British aid worker ‘killed by Russian drone strike in Ukraine’,https://news.google.com/read/CBMiqAFBVV95cUxPanlrZDIxTGFURlpNTUJYekJlcTRYbGFhOFlnaDkyLTlIVlB6ckd3ekxYMEJKbXNOb2FjM2hXWjY0LVFBSXZtbE5pQnlmZk11RHNzWWhSQ3NiQ1FTRXkwS3JmaUJORXFUT05PQlhPbU0wd1NXcGNSakE0UmdPXy1yVUUxYk03cnB0UEtyVmxiRFhkeHRtaWU5OUdUYUdsNC1UbFpVZGlrZTQ?hl=en-US&gl=US&ceid=US%3Aen,The Times,1 hour ago,💥 Drone Strikes,https://news.google.com/api/attachments/CC8iK0NnNUZSRVkyTkhWNE4zWXdPRFExVFJES0FSam9BaWdLTWdZcFJaVE5wUWM=-w200-h112-p-df-rw,2025-08-22T18:39:43.723496
Agony for family of British aid worker 'killed in Russian drone strike on Ukraine',https://news.google.com/read/CBMitwFBVV95cUxOVFJCdHF5eVM4UWJ2R1AtU08xUVY2QjlvUG9wMFFTWjJCVHFndXJUb05uUGg2clJVLTk5Q3h4YTZnaGdwRmdGTkZZX21yY1ZKUFFNUnMtekdHUlgwanp5a09zMWxVZWZORldzcGYza1JGVFVCNWYyQW5uRk1KYWFsSTNOd2pxeGJ3RTQ5aGNONWJOelVBM2VxNU5RVkQxSmFsOXdwcDdEa0ZPRGtlUnUtYVlreXVuT1k?hl=en-US&gl=US&ceid=US%3Aen,Sky News,1 hour ago,💥 Drone Strikes,https://news.google.com/api/attachments/CC8iI0NnNU1PVGM0TW1SRE4wTlZRVXhmVFJDZkF4ampCU2dLTWdB=-w200-h112-p-df-rw,2025-08-22T18:39:43.723498
Russian oil flow to Hungary halted again after Ukrainian drone strike on Druzhba pipeline,https://news.google.com/read/CBMixAFBVV95cUxQWmQ1U1A4MENsVWlMYjNsUm4tNjd6M0F0ck5HMEczQXNueDJhT2FZajBZSTFWRVpKNmhob21yVlBjQXh0YkpZZ0g5b21keDBPV1hiSk9qNHpyYXpfa3dlbURYR2pCYlZXYWplaUZ6ODRYbEFpdjZiRjZ6a3BOV0RwOVk5cXhSTmszV3lNVmFTeGJBQi00Zkp2dWVjc0VubGQ0UnZBTHlDYXZ4Q2JpcEtmMHc2Nkc1YXUzbnd1RV8yVENYSzRO0gHKAUFVX3lxTE02NWJCMGt3YmVzVjJtQ0pGejVjMlduT3U1M3lPYm5xU0JVaVZtd3hxN1pqcVRKZHhrMXViZjBZMWEtZldqYWFwOHhRcHQ0eTdOXzRNR3RSOEJmRUx1Tmw3ck9FbGl4ZnB4ZmpkTHNMRGFURGEtWmJ1bWMzVFVTdDZ4eGFpVFFkQXFJNEZpRkdhc3ExVV9sX2xwWXF2b0xrX0tSM25DOUNvY3RKREluOE1iRVRpUHdQaU9ScXo0VGUzV3R6UElUeWFHTEE?hl=en-US&gl=US&ceid=US%3Aen,Meduza,11 hours ago,💥 Drone Strikes,https://news.google.com/api/attachments/CC8iJ0NnNUhVM0JtUldvNFNubzNiVE5wVFJDUkF4ajhCU2dLTWdNQmtoWQ=-w200-h112-p-df-rw,2025-08-22T18:39:43.723500
"Russian Helium Site Still Intact After Drone Attack, Images Show",https://news.google.com/read/CBMitAFBVV95cUxOUmp5U2RQd0xvU1YtYU84ZEV1UVA0T1JSQ0NsZ09LQi1ieXRDS0tzbHQ0eU9rc05wVmFGZUlOS0ZKdXdHZ0lQVFBCdzc5Zlg2ckpXOUR5bERKX2lzQlRPR3VadzdWTG1oMTdGSk5DcXlyVW4tUFFoRS0tcnhReDFBYVgxenpDcEtUX2dKNWk2OGpOSFo4RU8xQkUzYW5oVEhoWU9RdFN0UUVneV9fcGJDeVZIN1M?hl=en-US&gl=US&ceid=US%3Aen,Bloomberg.com,4 hours ago,💥 Drone Strikes,https://news.google.com/api/attachments/CC8iMkNnNTFjR05VZGxWeU5sSkZkVzF0VFJEdkF4anJCQ2dLTWd1QlFJaEVMU1JycUNyNFd3=-w200-h112-p-df-rw,2025-08-22T18:39:43.723502
Ukrainian forces have shot down Russian Orlan UAV carrying FPV drones for first time,https://news.google.com/read/CBMijgFBVV95cUxPbDJzNjZmZERfVEZEeG5EMmQzM3hlT1owXzVIUnNCR1Z4UC1FZ3RKVlJSNV93VTJwTmNMdDdQd2xOX3NvckNKSTNPV2dtcEszQTlNQldSOWdfM201S0duRGVjZzdVOHo1RE05eWd6UDNDOGg5dWRxZS04QlRFb3BsSy00YUhTT2hGY253VU93?hl=en-US&gl=US&ceid=US%3Aen,yahoo.com,4 hours ago,🛩️ Military UAV,https://news.google.com/api/attachments/CC8iMkNnNXBWVmcyYUdsRVVWWkhkMGRtVFJDZkF4ampCU2dLTWdzQkFZTGl2R0k4SUFwOFdn=-w200-h112-p-df-rw,2025-08-22T18:39:43.723504
Ukrainian Armed Forces destroy Russian drones in Crimea,https://news.google.com/read/CBMirAFBVV95cUxQWWtiSTYyUTlRQ2dWTnNCSEFLUjYwNHZGc1U5bzRFZ3NRTnlqaTdKT2x4WUREUjlXNGp3YmVWRm5EYVN6bDlRRHpGTXNOZGU4X1haMGZCbklXcmJTdXRSZEZ2RjNmX3dIX3JQYlhsMUJucUd1b1FqTTJSSWQtRTEwTTFXdnRuYzRhYVN3RlZ6VHp1dXZSLUk3MEpXb1BGYXBqYmpqQW9rTldaRjF3?hl=en-US&gl=US&ceid=US%3Aen,Інтент,1 hour ago,🛩️ Military UAV,https://news.google.com/api/attachments/CC8iK0NnNTZkMnRhZG1wbGJsVnZhWGx0VFJEdUFoaUtCU2dLTWdZVmNZeU10UVU=-w200-h112-p-df-rw,2025-08-22T18:39:43.723506
German Experts Call for Drone Standardization While Keeping Design Flexibility,https://news.google.com/read/CBMirwFBVV95cUxQNzIwZTQyM2Z2V08xdC1TQ2FqOGNPVDV5THdMcURiNUZBRm5HZXJETDYtVW5FSFBFc3BKLWI1SHVDNmtQcDE3M2RUR2NYOHFEbXlIVjd2YWZTSVpKNThwbWx0blVNWFczMXZXX1ZYWFhkU0hYWVNhYUZlYjhOal9oLWREc2RVd2RleWpoWXZYNElmRnQ0enlhQ1JhS3ZuanpLYk9RckFLV1dEWUV6UnVV?hl=en-US&gl=US&ceid=US%3Aen,Мілітарний,13 minutes ago,🛩️ Military UAV,https://news.google.com/api/attachments/CC8iK0NnNTVOWEUzT1doVmRtTmFjMVl5VFJERUF4aW1CU2dLTWdhZElZNUxvUVk=-w200-h112-p-df-rw,2025-08-22T18:39:43.723508
Ukraine’s gamified drone app raises $24K from 45 сountries on launch day,https://news.google.com/read/CBMitgFBVV95cUxNc0xVRlEzbnM5S0o0d3UzZnR1eV90YmNJVDVLcTlKUE1xZHV1WlpHeXRCRGk1QlhyVEx5Ujc2MUtkYTJrRkgybU05blRSeWNsbUlpc3ROb2ltclpOTUFtWTJuMHF2bUNkR2VieVNBT0dsTGx2TVFCZlRxbGhFa2VyeTZiRzNnRW5TUXNMZFNwOHpvTkVWdk5DanZvU2VlTVFNV0xKLWtkdDZYdmtlZVNpUF8yTTBlQQ?hl=en-US&gl=US&ceid=US%3Aen,Euromaidan Press,5 hours ago,🛩️ Military UAV,https://news.google.com/api/attachments/CC8iK0NnNTJRVWhIYVhwSmJsRlViMGxzVFJDZkF4ampCU2dLTWdZMUFvd3hBUXc=-w200-h112-p-df-rw,2025-08-22T18:39:43.723510
FPV drones from DOT-Chain Defence are delivered to the front in less than a week – Defense Procurement Agency,https://news.google.com/read/CBMiggFBVV95cUxOREdYaHdQSEt0ZERJNExhLWhReENNR3doTHpxNWdwaloya2hhdXVMbldZZm5EMnJCMUdTRTJWT1ZsSktFUGtlLWJnUEhxWWtuNlNZQnBrb3FWY09xRXoyLUVCeUdSdFY3RWlrWF8taEVMbW9VU2d3VlFDakI1a2drWjhn0gGHAUFVX3lxTE1HdUlvSUFmWmM3T3U2VkZLQTJLWjJUeC15d0tkTXdxSnBxakRROU1BTkRQZXBUTW1Uc0p4d2RyQmp4eW1QQmJvMnMyTHFDa3Fqc19KM1Y3b0tKSm03NkdVRnp5VERfMlBveDFtRjI3UWViZk5KbEJqR3luUWJpRC1JOVJ0c215QQ?hl=en-US&gl=US&ceid=US%3Aen,Mezha.Media,6 hours ago,🛩️ Military UAV,https://news.google.com/api/attachments/CC8iL0NnNHllRE5rTFhkd1UzVlNlVEJ4VFJEOUFoaW9CU2dLTWdtQklZU0dJU1JjQmdN=-w200-h112-p-df-rw,2025-08-22T18:39:43.723511
Mystery tailless UAV spotted in China,https://news.google.com/read/CBMimwFBVV95cUxQak5ONDdJQmlBbllCZHJTYXY5UEJicm12LTdtbTBqZmVucTQyWHhYbzFicDJkUE12UWtWS2tQVWlSNzFqSXhfRTZrNkZyaU1qbVhLZElOT3UzYml4cHJybnNKVDlkSXVrQ09sQWhQWXotdENsSENRRi01anBHV1lYOGJ2eFEtY21IX3JueUk0SmxyMEdRMTZVQnJURQ?hl=en-US&gl=US&ceid=US%3Aen,FlightGlobal,14 hours ago,🛩️ Military UAV,https://news.google.com/api/attachments/CC8iK0NnNUJabTVaYUc1MVRUSXhOVFJ5VFJENkFoamdBeWdLTWdhZHM1TE12UVk=-w200-h112-p-df-rw,2025-08-22T18:39:43.723513
"Russian vessel ""Port Olya 4"" partially sank due to Ukrainian UAV strike - British intelligence",https://news.google.com/read/CBMi2AFBVV95cUxQZ0s4ckxaVEVuMjV1akEzTnFYc2pZOTNVWGNzaHBzdkdsNGkyOW5JT0l1eVZuV2xtX2txbkZGVWxPSzhhWDVfOGluUWJHZEtHQjZKSGgzVG95OEJxczc5Vk9nLS1MNWoyS011V3EtZm90NDFISkRSRjhUd0ZMdUtqR2szdnI3TTlJNVRmc096Ump5R28yanpzbEkxWWpzRTFJN2NKelpqRXhmN1NZYU9YRHBuQjFqODctMUQ2d3llY1A5ZW1yUzBZSVNTNEY0clFKa1Z3bHlhSUrSAdcBQVVfeXFMTWhJN1pIT0NyMWFCczNEWEJpVTZwaFpwU3BLMktLX3hBVUdqQzA4MFJWa08yQjdtdFpfWGpUTnJtU3FfSWgxdmFoSjBObTBtQzNObFppTDlnbEZzWWpYV2pMdTBRVmthMDFaM1BSbmp0S3QyektaR1pvVXh5NHhCR0Zlbjl5LUs1UV85QUc1SzM2NG5FZzNjd2JJX2JGYm9xcV9tUXZHTF8zQ3UzUFpEZ3hmNHRZTGJIeW0zQlMwQ2IxSDkwSnRjbFRsNGNLaGpMdTNBVEZyeFE?hl=en-US&gl=US&ceid=US%3Aen,Українські Національні Новини,5 hours ago,🛩️ Military UAV,https://news.google.com/api/attachments/CC8iK0NnNTJNVkkwWDNsd2JtRlRiVVkxVFJET0FoalFCU2dLTWdZQndJb2hTd1U=-w200-h112-p-df-rw,2025-08-22T18:39:43.723515
Aviation Center Launches Lethal Drone Operator Course,https://news.google.com/read/CBMihgFBVV95cUxNbUVXY3JYSXpDSG5vVWxMSVJLZlAxQjFSS2FLZEFHelhwYm5iX3JHRTEtSWtKWUcxdVRYTnBWdVY1OFRPR2hqRVlKbFZpRjhtcFU1VVJKS0Z4RkpHRTA3NGdWUHo0M1l1MDNjWTQ4NmRybmhud2JqclNqOGk0anVaNUtHTldUUQ?hl=en-US&gl=US&ceid=US%3Aen,Association of the United States Army,10 hours ago,🎯 Tactical Drones,https://news.google.com/api/attachments/CC8iI0NnNUNORXRVUm1KYWRGODVYMk5LVFJDb0FSaXNBaWdCTWdB=-w200-h112-p-df-rw,2025-08-22T18:39:43.723517
Drones Drive Battlefield Motorcycle Tactical Shift,https://news.google.com/read/CBMiuAFBVV95cUxQZWJ1VDFXS3NabDF6UFpRNFJqVXJ3UlNfVFUzNEVQd3NrUFVieDkxSUh4WlludE56dkJxZDhCV04yYTNnVkh5U1ROaTZyQXM5RkVxbUt4bV9UNWFiNjk5YkxyejVubGJuWjB4QkJfTUpCRHpQQWtPT3RLdWFmbFl2YWZpUlFTRmRXT01RMGRwMDV0QmMxc0dyZmd0X0xWOHpWN2hWQ0RFZXcyMDU2eGRyZnNFQ0UtaUZH?hl=en-US&gl=US&ceid=US%3Aen,Wired Gov,5 hours ago,🎯 Tactical Drones,https://news.google.com/api/attachments/CC8iK0NnNVpOM2RvUVRWSk16RjZRVWQxVFJDS0FSanVBaWdCTWdZWkJvUktEZ3M=-w200-h112-p-df-rw,2025-08-22T18:39:43.723519
Poll: Calif. Police Force Launches 'Drone as First Responder' Program,https://news.google.com/read/CBMijgJBVV95cUxPS3hUVDVvcmlHTFBPSkFIbng3ekpqYzdGcHVlX3JRZUdXT1I3SEFYRXFpaVNEWUtwdm5hZHlzRnBjZFN6dm1HS0w2UDdWdnNzLUEzVXlUOTloOTIzOFVIVlZWMUh2QVJQM2VQLXlnUWtsbkl3bEFqTG9nVUpQMzBoRTVpZEZSYW1JMVpYeXFhSEtlWU42bkk5bi1aanVzWWo4U09XMU04N2h2UW5GMHUyRHl0cU9fMmNFMldGNHVoWnFvd0VFYWhFTzF5STQ0anE1S3RqdmdzNnR1endIQXFJWEFNQzV0ek1wSmswMmgtMW1QN001bVl2ZjFTb1NjaFR4MDJZY0VNMUluYnBJN0E?hl=en-US&gl=US&ceid=US%3Aen,officer.com,2 hours ago,🎯 Tactical Drones,https://news.google.com/api/attachments/CC8iK0NnNTJWRkZEUVUxS1lsazNSV1l6VFJDdkFoaUFCU2dLTWdhbFk0eU5zUVU=-w200-h112-p-df-rw,2025-08-22T18:39:43.723521
The Millet convoy is not the first... war drones target humanitarian aid in Sudan,https://news.google.com/read/CBMi5AFBVV95cUxPak9YYmpTT1RtbElJUk00bFlBRzJYdG5mS2pBalp5UzFzVGx5bEM2cnhaM3J5NjgwYjIyWGlLUFJZT1ctVFpfNmZhRlBrMXk1ODc2ODYwVWt6bjhFb3FGcDIzZlR5MEVacUVNUklBYXZpMGFRbFFueVFpR3pCT1FVWHNuaXNYQ0QtUUZ0UGswTEhaVk5mRTVnQnVhankyNTV4alBxaFRmQkkxWXRibXZEZHVJdm1XSkthYVFTOU1vZWZlY0J0N3ZaZjQxSHZfUUVsLV9KNGNBSzBtXzQwTzhnVUthNWHSAeoBQVVfeXFMTTJqOEhyQVNybVVDYlpLd2VBajROWE02QWpoYk1STENuUUVQT0ZHZHVjZ1FlVEFkOVl4SzY2M0sxSTFtSm04Vl9oZThIN0tkRlM5dHVjY0docjY3YVZ3Q0dKX25TbVRKWEV0eTJKa0Y3Snh4aHhCc1ZKeU16M2thSzVsTHFtZkNFOVhBT1QwZ3doZnlXbDl0RjVKN2hSeG1xeEsyS3plTkVWM1g4Uzlpa2JTTGJRdWRRc21CZmg5al9KUFJ4eG5ESUtmZ2hqcnZNWng1cGk0czNPUkhaYmh5WVdHMFdOSVcwZGJB?hl=en-US&gl=US&ceid=US%3Aen,Atalayar,5 hours ago,🎯 Tactical Drones,"https://encrypted-tbn3.gstatic.com/faviconV2?url=https://www.atalayar.com&client=NEWS_360&size=96&type=FAVICON&fallback_opts=TYPE,SIZE,URL",2025-08-22T18:39:43.723523
"Israel Orders 5,000 Xtend FPV Drones for IDF Ground Forces",https://news.google.com/read/CBMihgFBVV95cUxNcWxoaWZEX3VOTlZLQTNLc29XVXdGV1lLVDFXUzB0Mi12bHlLTF9IVTFWbTEzTXUzMFplY2ZqVkNHckFpV0wteUwtaHdwMGtCUGtSVHdtM09yOFBabjEzaF9PbHFTcHpzVC14UEZsQVl3U0s2NWJlX2VHV19EOWFaaEF4S3RSUQ?hl=en-US&gl=US&ceid=US%3Aen,SOFX,12 hours ago,🎯 Tactical Drones,https://news.google.com/api/attachments/CC8iK0NnNU1XWEJOV1U5U2J6TmxXbHBhVFJEREF4aW9CU2dLTWdhTlVvZ21wZ2c=-w200-h112-p-df-rw,2025-08-22T18:39:43.723524
Ukrainian Defense Industry Advances With KNDS in Gepard Air Defense System Repairs,https://news.google.com/read/CBMixAFBVV95cUxQUHBNaHFsVjU1amxRTjJtMmpWOWRLaHVKcF80NGJHLXlSQlpBV05JMHVUbUlBMWR2QUlEZVZmdUlvMzZjLUVzU1VfMWFIVktSUEp5NEFQaHdBZm9oOWxUdXIyRXpRNHJ5Z0xHZTVuNzh2MUthNFJUeW5tb1Y5amhRMlZvS3o5bVJDQ1NMZDR3S0NWbUFrLWhFUTJ2VnU0b3RPRHpNRHRxVDlveEVueFNlYWxoUUJGQ0pMN25JOGJOMGNuWWVR?hl=en-US&gl=US&ceid=US%3Aen,UNITED24 Media,8 hours ago,🎯 Tactical Drones,https://news.google.com/api/attachments/CC8iK0NnNWFZVU5mVm5GS1VVaGhaR3RCVFJESkF4aWZCU2dLTWdhRlE0ckhNUWM=-w200-h112-p-df-rw,2025-08-22T18:39:43.723526
Watch Mich. Police Use Drone to Nab Armed Arsonist in Parked Car,https://news.google.com/read/CBMi6AFBVV95cUxQdUtNc1FSa1Qwa1BqSWdjallOd3cteXJDVHpCRDBmRkZEd3NLSVVJOTdudmcyRGdoYTllZEhRS0pBVnZvZnM3dHdCbno5UDZFXzdoQnBjZTNSSmNDSHBXcXQ3a2VyWk1hR3kzUC1VLWRMRWhueWs2ejEzczRqLTlscVpsU1ZZNFZvMV9pSFl0TWhnU3g2RFFOX2JTWUpyUjFMYkhuYlFLYlFzblRNUnVwNDFkNzgwSGhSSjRGVTBHODZHT2Zwc0pwUi1RY0Q4Q3FJaXFoQlZnOXRhc2xmcHFwb3E3aVE5djNn?hl=en-US&gl=US&ceid=US%3Aen,officer.com,1 hour ago,🎯 Tactical Drones,https://news.google.com/api/attachments/CC8iK0NnNUJjbkZWWkdSM1ZpMDRUM2RIVFJEb0FoaUFCU2dLTWdZQklJaHdxQVE=-w200-h112-p-df-rw,2025-08-22T18:39:43.723528
"Ukrainian attack suspends Russian oil flows to Hungary, Slovakia",https://news.google.com/read/CBMisgFBVV95cUxPTGxIRGZ5dG0xOXFjdmNxZjV2Y0djbWRRUk03TVJSWGI4VkNaQVgzeXlCdjR2T0h5MC1vRWRIaW9jZ3hMUEVyVERwVDdVTUNJZ0FlT3BIaldHd2xVZjMtZ3FfSm9UU0J2T0NqZE00NjZjeDljb1FMaFMzMTdKMWZ6U1M1TUduRlpqQlVXRUZTeFV3ZjgyUDEwUzNuR0tOcC1jcXg2Zzg5dnhTTVYxZERnV29R?hl=en-US&gl=US&ceid=US%3Aen,Reuters,1 hour ago,🇺🇦 Ukraine Drones,https://news.google.com/api/attachments/CC8iI0NnNUlNSGt3VVhWSU5FZE9jRlJNVFJDUUF4ai1CU2dLTWdB=-w200-h112-p-df-rw,2025-08-22T18:39:43.723529
"Ukraine war latest: Suspect behind Nord Stream attacks served in Ukraine's army, Sky News understands",https://news.google.com/read/CBMijgFBVV95cUxPbko1eXl0SmJGOUt2a2QtR0R2dV9xVVpldi03cG9tbjFJNXRGLVp5b1JGdmliNjc3SzVfRVM3dUQ5cTQ5R2xWNjdhNnV0MEphRExZbmI2ZWxfanpPVFFnNmdzNHZwMVBUZ0tjWlhhenhSSXI3X0lmdkZMTDRibWtkWlQ0dk11REJ0RWxVN2pR?hl=en-US&gl=US&ceid=US%3Aen,Sky News,3 minutes ago,🇺🇦 Ukraine Drones,https://news.google.com/api/attachments/CC8iJ0NnNUNabWw1TVdWUWFGRmpjMVZDVFJDZkF4ampCU2dLTWdNQklnNA=-w200-h112-p-df-rw,2025-08-22T18:39:43.723531
Trump ‘very angry’ at Ukraine hitting Russian pipeline feeding Orbán,https://news.google.com/read/CBMimAFBVV95cUxNZmtNdDVlYTIzWUZGY2cyQ0hib3gwSFo4VzNfd00zVngxek9mN1dMdnZwWjJxa1ZBRlcxbnkxUU9UQXFCMFJGcE94b1hTSjBpQVg2WHE3eWIya0UyN2dBSHNGaGJLMmQ2dXNHNThzRTIwUTc4VkRJY3NzSVlRZ3hLNE14MmIzWVc3OGZpUUhEQWlrZ2FWcjNwMw?hl=en-US&gl=US&ceid=US%3Aen,politico.eu,6 hours ago,🇺🇦 Ukraine Drones,https://news.google.com/api/attachments/CC8iI0NnNDNVbUZPUkhsbFVYQXdUR2g1VFJERUF4aW1CU2dLTWdB=-w200-h112-p-df-rw,2025-08-22T18:39:43.723533
Ukraine-Russia war latest: Plans for Putin-Zelensky summit ‘not ready at all’ says Kremlin in blow to Trump,https://news.google.com/read/CBMivgFBVV95cUxNT2VaT3RfWDctel9mTHFuMnhoMGItTElmMkZIUHROQ0s3Q21kdk5QbTNYZTVTWWFraU9aSkVyUlg3N2d5bTJCb2xwYmN6b1FGazE4emtOdGUzMzg3QVVwclMybEZ6cmt2M0x2TWprbmJzRllvQmFrejl6QUUwd29MVWtFNVF0QjhRQzg4OHlpeGNiXzRRWkUtSmFSYUNQbVY5SWIyUXI4MlNkUHZxWmpZa1NEOVhxYzIyRGFqOUhR?hl=en-US&gl=US&ceid=US%3Aen,The Independent,42 minutes ago,🇺🇦 Ukraine Drones,https://news.google.com/api/attachments/CC8iK0NnNDFlVVoxWjFKSFVIVkJiMmhLVFJERUF4aW1CU2dLTWdZQllKWmpyQWc=-w200-h112-p-df-rw,2025-08-22T18:39:43.723535
Ukrainian Drones Are Burning Buildings With Russian Soldiers,https://news.google.com/read/CBMioAFBVV95cUxQdE12aC1MeHhSWVVvU1pZVmtwQk9nWHh3VFp3cmZ1R3FGck54YWhEV1V2TXJCNS1GUXRXSUo1c3AyU1lUdXVNQS01SzBIa1FxOGZ5V3lpQXVGUzBaZFhxZEdVeTFWd2lpaXg4Y3c1TDY2RGtHNURQZEV1VzlwbVotQm5la2daWEhyS1NZYTVha090UXVSYVdpSC04ZjZ5MDU1?hl=en-US&gl=US&ceid=US%3Aen,Technology Org,4 hours ago,🇺🇦 Ukraine Drones,https://news.google.com/api/attachments/CC8iK0NnNURPRGxNUjBRMGEySlhORk51VFJEY0F4aUVCU2dLTWdZcFlZU1FVUU0=-w200-h112-p-df-rw,2025-08-22T18:39:43.723536
US Air Force seeks to replicate Iran’s Shahed suicide drone – Pentagon daily,https://news.google.com/read/CBMiUkFVX3lxTE9TQmNaeUZrczBGV1FyeXQ1RkVMaGZuMXhxdTdtWTNmcmM1U2pXaHNYOHE4VElSSkxXaGlrbkxQX2lhSFpUejlvTWlJNHFDSGZYUnc?hl=en-US&gl=US&ceid=US%3Aen,ایران اینترنشنال,18 minutes ago,🇷🇺 Russia Drones,https://news.google.com/api/attachments/CC8iK0NnNUxURzlKU0ZwNFZYZ3liRFp0VFJDM0FSaVRBaWdCTWdZdHBaQ3VPUVk=-w200-h112-p-df-rw,2025-08-22T18:39:43.723538
Russian attack on western Ukraine hits an American factory during the US-led push for peace,https://news.google.com/read/CBMirgFBVV95cUxQMk56QTg0cGxoTVBaejVaZ1pmbVRpM3pSVU4xbER2VC1EREVVYktfN0lXR3FjMFRJNXlIRTYtS0xjcXZqUEwzcEx4Mk1QMWlzR09QRFBvalAyVXZjUGRJN3J3Q1ctWXlZTWlFeTQ3N3hCTnpUc3U2cGxBOTF6aW12S0JUR1Y5ckFnQ01BSnhyMjRPSTR2Z3E1QUR4N0Rmb3dfNGppZTQ0TE1GWXpWbWc?hl=en-US&gl=US&ceid=US%3Aen,AP News,17 hours ago,🇷🇺 Russia Drones,https://news.google.com/api/attachments/CC8iK0NnNUJRbXhvYVVsblFtWmxNbFptVFJDUEF4alhCQ2dLTWdZcFZJeU9KUWc=-w200-h112-p-df-rw,2025-08-22T18:39:43.723540
Russia launches major drone and missile attack on Ukraine as peace efforts drag on,https://news.google.com/read/CBMi5wFBVV95cUxOYTNod0N0WUFtdTJpOE03c25ERFJXcTdhWFd1N2tpYXR5UEZUZUhrUGZQRnhSeDRSS3dyNmlxTGZwc3pxXzZrVDdJRlNoQWliYmZTTDlBbTBIOHpFSFgtRGVGaXNmTjViNGkwM2YwbElZSUxxV0k0LWs0VWJOaEhxcHlHanFPMkRnM2FiNjNZZ09RQ1gtR0ExUFNDa0Z2YUU4bTZva1lzZTRKbDBLVERyNGRyYm5kMTZpWS1nSmo3aHZpYjFrR1VwcS1rTzVhaV9jSGg5MzYyZ1BTT0xQa2x0UmJ5b1Y4WU0?hl=en-US&gl=US&ceid=US%3Aen,mariettatimes.com,13 hours ago,🇷🇺 Russia Drones,https://news.google.com/api/attachments/CC8iK0NnNXFTRzAzUjFGMU1FWjVZM0U0VFJERUF4aW5CU2dLTWdZcFZJcU9KUWc=-w200-h112-p-df-rw,2025-08-22T18:39:43.723542
Who Is the Better Drone ‘Quarterback’: F-35 or China’s J-20 Mighty Dragon?,https://news.google.com/read/CBMiqgFBVV95cUxQMTBDN01oR2lyTFNVNEEtUVR5eWRiMVVBbC05S2xLbnNIN0llblNzVFJDenltR3cwNHMzY2tMVUx4dXM5bGVDUE15Q1E5RF80dzEtRlhMSmN5aW8xTjJ4cnlzOGxlSExaX2dJeEpTQ2xGUmpmeEU5dVR5NE9ZSlhCN1J1Nms3ZkExTWlKSElVNUlZRWNmVWs5Ui1BMGx0OFFaem1uSFg1MGtEZw?hl=en-US&gl=US&ceid=US%3Aen,National Security Journal,2 hours ago,🇨🇳 China Drones,https://news.google.com/api/attachments/CC8iK0NnNXJlWFpaY2kxWVZHUmpVR0ZzVFJDZkF4ampCU2dLTWdhTlVwSkhwZ2s=-w200-h112-p-df-rw,2025-08-22T18:39:43.723543
Ukraine’s Zelenskyy rules out China as security guarantor in any peace deal,https://news.google.com/read/CBMitgFBVV95cUxNY3lCY1BvdUlLZlQ5Wkt1b1JEZUllbXZ1dzVUN0c3dWJjenpSMEZfRVVGRmcyTDEzaEpVb1hIckd3eEt2M2RQemRQZEhSUzZMZDRrMU5TSktfcWtENE15MnNlNkRvWWZCQklTRXFxY1IyY1FZY1BLMXJZd0pwOWFKVk10WHdYc3R2VmNpcW0zcWVWcExJaVhoakhvWjVLSFVaemR1WVJ6aWp2Q1lJVER5b0xZVGdPZ9IBuwFBVV95cUxPQXpBdktHbXdZMHFJYXZXRXZtQ05hZWo0U0ppRUd1QXNwdXJSS19KVW81S2cwVTdnY3d2eXBVWUw3VkVacTZIOWVidERwWi0wc0VteF9zMUVTY0pYTzQ2V1dURkZHaEtNdXQzaHkzVnBSNldhbFZmTGtadVd5U3Ayemxpb21fY0UyWlJWWFI0Z3c4X2FxYlRCSjV1ZTNySEZXSW1KdUJMUG9xaG9kS2lkM3hjWjZaeE9ILV8w?hl=en-US&gl=US&ceid=US%3Aen,Al Jazeera,12 hours ago,🇨🇳 China Drones,https://news.google.com/api/attachments/CC8iK0NnNDNhRzFsTlVWcGNFNVlVVTFKVFJDUkF4ajhCU2dLTWdheEpKQ1BGUW8=-w200-h112-p-df-rw,2025-08-22T18:39:43.723545
"Advanced technologies promote digital, intelligent transformation of Anhui branch of China Post",https://news.google.com/read/CBMifEFVX3lxTE9fSkNpNVpyRXByODRtRUh5UUY3VXlRdkNxRjRMa3RXcHhUenRHblhDWDNOd1NUeGk3NDhCbmpZd05ZZEhheEtRMmtaRWxqaHQzLVhaQlAwWjJzbldxTTBoMVl0TUUxNTlyLUQ1SHFLcUoxMUhzUmxnQmV0eFk?hl=en-US&gl=US&ceid=US%3Aen,Xinhua,9 hours ago,🇨🇳 China Drones,https://news.google.com/api/attachments/CC8iK0NnNWZjamxxUzBkVU16ZDVWVmhTVFJDb0FSaXNBaWdCTWdZQnNJQ1FPUVk=-w200-h112-p-df-rw,2025-08-22T18:39:43.723547
Philippines condemns China’s swarm of forces near disputed shoal,https://news.google.com/read/CBMinAFBVV95cUxQZlJOektnWVA2QkEtNmd0WFBvNGNpaWp4NTBHRXFoZW5zRW5JQlNPb0U3a2x5ZlFVVjJEVlVLMVRpWUUyUHREY0ticXpLNG1ueVNjVW1hZk1jM1ZsS21yQ3Y5d0RLR05ITXZHNDRybG1FbG9HUGJaZEhHTDk4M2NYUWp4OWR4U2hDSEFUQ0NaWlNDV3VTMjhnZThrYW4?hl=en-US&gl=US&ceid=US%3Aen,Inquirer.net,5 hours ago,🇨🇳 China Drones,https://news.google.com/api/attachments/CC8iK0NnNDBOakUwVDJkaWVVSlhWMXBCVFJERUF4aW5CU2dLTWdZVlU1UXFwUWc=-w200-h112-p-df-rw,2025-08-22T18:39:43.723549
"Lithium, EVs and now drones: How can China curb wasteful overcompetition?",https://news.google.com/read/CBMitgFBVV95cUxNVlZSZDdkbFJJWFV4R2xqNHd6RG40SnF0dEFaQ0hJNXBQQTJnU1lnQjg2WUhVRGVia2VEdGVxVDBheVRJUU80SkdGSWlCTXdlNkh5ZTdYT1ZoYkRQREZ4dW1BTy1UZTA0MlkwY0tHdHZWUXN0Vks0cndyZ3JHd2kwUkZxdVBZeUo0WkxNX0F5a3V0MnlCNFRxWXAxSEVubzJGUWZFMmlNVmNUWDFERUZDcmhHMEQ3Zw?hl=en-US&gl=US&ceid=US%3Aen,The Straits Times,9 hours ago,🇨🇳 China Drones,https://news.google.com/api/attachments/CC8iJ0NnNWtRbVJwTkhsallraHVUWFZ1VFJERUF4aW1CU2dLTWdPQndBWQ=-w200-h112-p-df-rw,2025-08-22T18:39:43.723550
14 Guangdong firms enter 2025 Fortune China Tech 50 list,https://news.google.com/read/CBMiWEFVX3lxTE9RY1dNSVZhQ3picThrRUR4Yk56ZkhSdnVGRGlrZUlhS2pObklEdC0wbWJCMzExTXVKLU5jLUFQY0V4Z2UtZU9teGlhemZSV2ptM0RDSE1VbDc?hl=en-US&gl=US&ceid=US%3Aen,chinadailyasia.com,13 hours ago,🇨🇳 China Drones,https://news.google.com/api/attachments/CC8iJ0NnNXhkbm8yZVMxM1JXaFJWVFJPVFJDZkF4ampCU2dLTWdPQllSUQ=-w200-h112-p-df-rw,2025-08-22T18:39:43.723552
"US Wants Shahed Drone Replicas to Build, Improve Countermeasures",https://news.google.com/read/CBMib0FVX3lxTE9Sb3NUdFU0cFBaVnotR0FMUXRVdWlsbElXOHROSEtxUS1XNVk3Ums1Umxtdm8zMnJ5ZS0xeV9mbHhYcWhybnlVX0liTzVMUjhMRkVsS2NOeDZaQUZQcGlXTGVxbFdjRmJ0OWZJRDVqUdIBdEFVX3lxTE50NEFEaHd5XzlMclh5Q0xjVHZva2R6MkthcVBWWkRtM2dBejMxbzRNaGFlU1g5MjJtVnZodVNzYnVqcUdYUkswWExaOTY5NWRjcnpMazVYZl9FZTdDTkQ3MjE3MlVKcm9pazdnWVF5X0lCNi1h?hl=en-US&gl=US&ceid=US%3Aen,The Defense Post,8 hours ago,🇮🇷 Iran Drones,https://news.google.com/api/attachments/CC8iK0NnNXRTVVJQZW5SWlUyVTBhall4VFJERUF4aW1CU2dLTWdhWlpKRHJNUWM=-w200-h112-p-df-rw,2025-08-22T18:39:43.723554
Ukrainian drones partially sink Moscow’s arms ship 640km deep inside Russia,https://news.google.com/read/CBMiswFBVV95cUxNSWg3RndRdl9neEZtSFMzYWlIQ3piN1EtSno2cmZTY3ZkTjl4Q3Bzc1lvbFlpYVJvQktvRGpSeUNUY2psZExuY3dIUVJXYkpEUEpxTUFOeFZ4Njhuc2J2N3lFUElhSE5KeHZacXBhT3F4Sk1oakNrblpMVktQREt0dFlyRnV1dkRrSy10ZlgwMUJrY2hZVHFzcnRGNTVnWmk2WklyTDFHWGstellLY2NyaFlGTQ?hl=en-US&gl=US&ceid=US%3Aen,Euromaidan Press,4 hours ago,🇮🇷 Iran Drones,https://news.google.com/api/attachments/CC8iK0NnNVJXQzFuY1Y5TE5FaFNSVkJtVFJDLUF4aXZCU2dLTWdZQmNJRHZOQWM=-w200-h112-p-df-rw,2025-08-22T18:39:43.723556
Ukraine Sank a Large Russian Ship and Russia Thinks of Blaming… Azerbaijan,https://news.google.com/read/CBMisgFBVV95cUxPRXgwbUV2NEpTWW9vNk9EMC1mOUJmUUJWWUVvV2tUN0pkOW9ha3g4MHZsMlhmRktXMWNlbmJGLVFCU2ljOVd1Mk5aYngtQ0kyckZ1T2VRVFhoRU4yb3U1SEplUUtSRW5SSm5aeTlNbmQzZFRIclFDVDI5UEF6VnI3TnJOemlLUkkzS1J1RzdSUzBCcUlENmtGcTlLWDRNeUt0alk3NTJpeERNOEhpTFQ4T2xB?hl=en-US&gl=US&ceid=US%3Aen,Technology Org,3 hours ago,🇮🇷 Iran Drones,https://news.google.com/api/attachments/CC8iK0NnNUlVRTkxVFhwMk0wSmtiVTQzVFJEQ0F4aXBCU2dLTWdhZEVJb3FsZ28=-w200-h112-p-df-rw,2025-08-22T18:39:43.723558
UK intelligence releases images of Russian ship with Shahed drones sunk by Ukraine in Caspian Sea,https://news.google.com/read/CBMi3wFBVV95cUxPN1RWMHRXTmRuUzZ1ZnI3NUdrazNDVm9JdXcybmRzRUQ4UFZxTVNsYUV6ZUF6c1pMSjMxdlVCbWY2VzdSal9sYkZpdWtLbm9hbmFCbG0yV1R3LTU2bDdwNVZVZ2pnYWQ3bThsX2h3Vm9sYThMejZES180SjBPSUs0WFpVSVFFLW9kNnQzRWhEamdMMDFWZDJzYnVBQXBiN3l6eUM4OTBId3M0SjQtUHpXLTVUR3B3VktJU09qUVhmazh0VXFVLWF1elJyY1JXVU5tdElmNFkyTXJOdXd5RWp3?hl=en-US&gl=US&ceid=US%3Aen,MSN,2 hours ago,🇮🇷 Iran Drones,https://news.google.com/api/attachments/CC8iI0NnNDNUMGh1YXpSWU5HVTNaakJRVFJDNEF4aTZCU2dLTWdB=-w200-h112-p-df-rw,2025-08-22T18:39:43.723560
"Iran seeks Belarus help to restore air defense systems, Ukraine's intelligence says",https://news.google.com/read/CBMirgFBVV95cUxQM0FTaWZJZEZWZjVHVmdIU09nQ05Ra2xEQjN4RHE2UzBuUVFEeHlYS1JmdXJ3cmtKTlVvV01XNEpUc3pKMWpNVjJCTG1xaW81dTNEX2hUQTlxWEIzOGNzckNEYzFDQUpGbmwyYkVUU0tudDR0V1l2eU1zQTVIVTBycmlCRnRQcjBYUkdEWXRvYTRMZnVpZVo3dk5HZlp1M014eDRVMGtIVC1NVzBlV2c?hl=en-US&gl=US&ceid=US%3Aen,The Kyiv Independent,6 hours ago,🇮🇷 Iran Drones,https://news.google.com/api/attachments/CC8iL0NnNTVWVVI2U21kNmRsOXdOMHBHVFJERUF4aW1CU2dLTWdrQndJWWFPS1U5VWdF=-w200-h112-p-df-rw,2025-08-22T18:39:43.723562
Iran’s Aragchi: European Troika talks to resume - Shafaq News,https://news.google.com/read/CBMif0FVX3lxTFBWOFhMQnRDN1RYWUpJeE5WVHk2S3Z0dm1yV2lQeERzaTN4Z0JaYk5rX2RiN0JtbzVTS2QwS0lDdmE1MHp5YkVha3dMdWUyZlg4MUtZeFdmS3Fma1RQdWxhSldGaWJEd1o2YkRTT0dpREJCQ0IzV09Nd2l5QktrQm_SAYQBQVVfeXFMT3RoQVJDWEc3TEM3SGUzdE1xME1nYmxLVEpscHQ4Tm1qb3piTndyTjhaUlRaODRfSVZ0aF8yR2FsX0FBOHJJMkF2OGQtdTA3U2lHMDdCbnhfTHlNVkVBRVV6MjBVVDR0aGN3WGE3aXZLWFN2SC0xRFVYY0oxSTY4NEk3Q1Jx?hl=en-US&gl=US&ceid=US%3Aen,شفق نيوز,3 hours ago,🇮🇷 Iran Drones,https://news.google.com/api/attachments/CC8iK0NnNUpRV1kwWTBsd09EZFBNbDgxVFJDUEF4aUFCaWdLTWdhZGRvQUx0Z1U=-w200-h112-p-df-rw,2025-08-22T18:39:43.723563
Air Force Seeks Shahed-136 Drone Replicas to Test US Defenses,https://news.google.com/read/CBMiiwFBVV95cUxPS0NMQl9BT25JRkRPek9DamN0Nm5YYnVGRUF0cVNVaTYtUkxHNFY1ejhodjlRcDZMUUNGY2NELV80LUNRcjJsUW8wb0NSWERUYUIyblQzYmFMS2xhZUxrUG96WXVaR3JMR2w3a1RPOGlybWNvcWZacHN0MWdlQmxDWktGZ3NvY0pjTktn?hl=en-US&gl=US&ceid=US%3Aen,SOFX,12 hours ago,🇮🇷 Iran Drones,https://news.google.com/api/attachments/CC8iK0NnNWZSVWRrTkRKSE9ETjJTR1kzVFJDZkF4amlCU2dLTWdZQlFZYnVuQU0=-w200-h112-p-df-rw,2025-08-22T18:39:43.723565
Israel Air Force Intercepts Houthi Drone Near Gaza Strip | LIVE BLOG,https://news.google.com/read/CBMitwFBVV95cUxOVFhKSE4xWFFpV3BTWEZQLTZDUmhseEwtZXRKZ0RfRWtTZUxaaXBaYVBIVlpzN3ZQUHJQem16aW5Id2o1QVBhQjBqQ3dsZUg2VkEyNG1iRmJ5YmZ0RkFhT0NjMDk5Z3JXaHpuMjJaSmdvblE1U1FpdW4xN1locjVEMGIwVFczdTdBR2VxelVyYlFMajlZX2o3SzRjOUY3a1lIN2NkWmdLZFJXVGVJWlRZR0lDQ3FxdTA?hl=en-US&gl=US&ceid=US%3Aen,i24NEWS,3 hours ago,🇮🇱 Israel Drones,https://news.google.com/api/attachments/CC8iI0NnNUZUMWxYWmpCTVVXSnROSEpLVFJERUF4aW5CU2dLTWdB=-w200-h112-p-df-rw,2025-08-22T18:39:43.723567
IDF downs Houthi drone over southern Israel after several failed attempts,https://news.google.com/read/CBMipwFBVV95cUxOOG9SdWtCd09rb3pmZkx3VERjZFlMcVNLMHlZSmVfRXhYeTBRNW43Qi1QVFVuaGFjUzYzRUZIcnF5WGtGMWNYNkp2WTdFSnBacmJsRUloeHZncGxOZkdiUmdfRW5uNVlNeFhxQXYtc0tWZi1jcjBvSlN2TndPdW1HcFNoSmJZUjhCREx4Sm50MzRYaVdSMlF4eFEtN2VuM2FQNUt0V3VpUdIBrAFBVV95cUxOY3o0MV9lODg0aGNlazdtQUN6WmZLaDhLaG9qSjlDQll1ZTdMb2ZRSm8zMDFpLUpUZG9pNFcyVVo3d0trdWlBcmxGYllkbjdiZ0ZHUnlrUDNKaXc2UHNUUjhBMTEyendwSGE0QWM5VGxCT3ZMMHZXY3QwRGg3SnNObW9HOUdYdzJ1TkNqLWZjTUEtLTZtNngzeFRmNWx2Tll0NTVMMmd2VlZsM1V5?hl=en-US&gl=US&ceid=US%3Aen,The Times of Israel,3 hours ago,🇮🇱 Israel Drones,https://news.google.com/api/attachments/CC8iK0NnNXdZM1pvTmt4T1h6ZFBPR0Z6VFJDZ0FSaUFBaWdLTWdZMUJLSndqUXM=-w200-h112-p-df-rw,2025-08-22T18:39:43.723569
Israel claims downing drone from Yemen - Shafaq News,https://news.google.com/read/CBMifEFVX3lxTE40MUFlUl9UUEx2V1l2OUZMTEotbTFib0ZlN3RWc0p2VzhGRmw5eEI1ZmpUZTdtSVVnR3dlTHJuZEtLakg5SzE0SXZ0Mkgwd0Vtd3l6UDg1bl9FYVVQREtua1h5elQyZE41c25fTFZPX2Y4SnNiQUQ1QTFJV1nSAYIBQVVfeXFMT3p0Uk9JTkxsVDg4QlNlMGlMdEtKeHVENmRKN2tLQjlkRFozZ1B4eFd0Sk5wdnV5TU5MbVJsNW51YUQ0NGN0ZlF4TXhHMXRzVHNTNS1temkxRk5JZXFDYWN5LW9WMzM2eEhTUVNLZVp3V0VFdUdKWmc1aXRVRWJWZnA1UQ?hl=en-US&gl=US&ceid=US%3Aen,شفق نيوز,4 hours ago,🇮🇱 Israel Drones,https://news.google.com/api/attachments/CC8iK0NnNUROVXBXT0hGUloxSk1hVjh0VFJDR0F4anVCU2dLTWdhaGNvU096UVE=-w200-h112-p-df-rw,2025-08-22T18:39:43.723570
Houthi Drone Gives Israel Air Force Tough Time In Skies | Watch How They Battled To Bring It Down,https://news.google.com/read/CBMihwJBVV95cUxOTXhFUjdCaFZLZHh3V3RJSkVMWkYyLWZUcG1qR09QbjdaNG1OeHppaEQ1QTBnMWphOWhtQzd0QW1yRVdYYW5ybDg1MktGZXJMazdtMU1UTHVwTE1JTWozMXNrLVpSUWl6cDNuTEs0cDZkZDh6R0RvS0lJaW9DMVlXaE0xVWYtenlrQ2ZzY0x6MzB2a1ZSUnFyLVE4a1cwZmQyZko5SzI5TGlTUHY3cEZHeWpCdFpaUjZmVy1aUExkWmEyd0hmR1Z4Tk1vNl85TzgyS0trT1g3bWRRUlhzUTBueGVBbk55d3BEWU11REFaUjFNc0lxeWtnNWlYeERTQm1nTE5sN3RURdIBjAJBVV95cUxOc2VZc0N1RlNIaWRBRDJDZnVyUU1tWVRDamk3QzJoNU55QkxobWVCWmNzcl9TZW40TlY2OHVyTk1MVFVmVnVPcWNaYlN4ZUZxUFpJdWlVR1JYUnRLTGR2R3d5RURqTEpoOHBDZi1Zci04VXJkOVVXQV9WNkNjdFh6V1ZiaW04SHp0NjdFU205ZHNoTWJWTlZFZmJDd3VQcElPQ3RPQ2xQOEd1Xy0wM2FNWDgzVUJiYlZNNzg2S3Vja0dodXZDaGlfSUREX3UwcDBMZzRxeWROM1U4cks5TUFacERDRl9FdVYwRXJMT215cUdOamNxbUFSYzI1SGZaWU9qR1FFa1dFaXVHS0xv?hl=en-US&gl=US&ceid=US%3Aen,The Times of India,23 minutes ago,🇮🇱 Israel Drones,https://news.google.com/api/attachments/CC8iL0NnNWZOM2MzT0Y5b2NubGxNekI1VFJEZ0F4aUFCU2dLTWdrQkFJWmpCT3d0VVFF=-w200-h112-p-df-rw,2025-08-22T18:39:43.723572
Report: IDF Strike on Gaza City Displacement Camp Kills 12 Palestinians,https://news.google.com/read/CBMimAJBVV95cUxPNHBveVUydHkwcFk5dzNCMExMNm15OUVMQTJmTGJ4V3A1RHlzUHBuT1NJdW5fWnBRbzJBQk9VMVFzRmN5SVl3LUJFTHEzT2F0SnJGYVNXQ2FSWmg1Y2FmODRKZERSdkFmdW1YZE00Z25GYUlFbmpYSXpTMzBpT0hvYm5KRFFXd25HdU9iakc4a1VMSm1wbE9faEppS29JaW9SU1JTWnhNcmkwcE5pQWRnR3JHbThTRUtnNDlrLW93Z2xzNU15VlV6V1dyUGUtTTl4eXpRd0lFWjhPZlBvWTAza3Nlb05NbE5WOGF1SWNUMmxWdFdLVGt3WlNuVE5sbjYyY1pjNkprRV9tQ1BNRW9rOHVNbG84ampK?hl=en-US&gl=US&ceid=US%3Aen,Haaretz,39 minutes ago,🇮🇱 Israel Drones,https://news.google.com/api/attachments/CC8iK0NnNXZXUzFtWjJod1kxQjNRV0ZWVFJDcUJCaXFCQ2dLTWdZQnhJeHNSUVU=-w200-h112-p-df-rw,2025-08-22T18:39:43.723574
Drone fired from Yemen intercepted on Gaza border,https://news.google.com/read/CBMiWkFVX3lxTE1ib0llNFAyU25pV0ZXTFpVM0lTVEdWWHdaemVBOVNCOVE4SWRIeWpwbTZ4UVM4STdNS0xTcWNrYTBUUkJQM1NLNzUxM2huUTFPSy1ZQndrZHg1dw?hl=en-US&gl=US&ceid=US%3Aen,Israel National News,4 hours ago,🇮🇱 Israel Drones,https://news.google.com/api/attachments/CC8iJ0NnNVFOeTA1U2t0YVZIcG5XSEo2VFJDZkF4ampCU2dLTWdNQlFBRQ=-w200-h112-p-df-rw,2025-08-22T18:39:43.723575
‘Bizarre and terrifying’: Israeli quadcopters harass and attack Gaza City residents,https://news.google.com/read/CBMivwFBVV95cUxQaWVoUUdjWU81X2hoSG8xM3RvSEt2MkNhblZHTXF1UGQ0amJjMFZacGlhWW5yQXlBYzFjOXp4bXpVQ1JoUVZkeFJiY1RObHpwZlM1N25DQjZyem80ZFZIV2JOVzYxbEJzX3h2RGFQcjExWmdra0VCR3I0U2pBUnlkOHFlaVMxaWVDSFEtN3I0OWRVZlpsLVB1WTZLNW1jSGItVlFlcHJleWVIZHYwVkJuTUNlc1RGV3pQTFZleGhZcw?hl=en-US&gl=US&ceid=US%3Aen,Middle East Eye,6 hours ago,🇮🇱 Israel Drones,https://news.google.com/api/attachments/CC8iI0NnNUtXREZCWkVGRVduZHJWMjFzVFJDZkF4ampCU2dLTWdB=-w200-h112-p-df-rw,2025-08-22T18:39:43.723577
IDF intercepts Houthi drone after several attempts as it traveled northward from Egypt's border,https://news.google.com/read/CBMijwFBVV95cUxOdFdVbnFfUFZjN1d0NkhhaktYb0V4QkxlRGlJOHlOQXQyZmlFOEVXb2NIYTkwYzNxak42eGd5SnpJQWhkb3RNQlJodDYyVFUtOHVjcGJyaUg0V3h1ZkRxOXVmSG5nSVEyTDRwUDMtNEVlNHJLT0hmd3FJVGxteGNpaFJlZFowOGZOd2VfRkwwZw?hl=en-US&gl=US&ceid=US%3Aen,yahoo.com,2 hours ago,🇮🇱 Israel Drones,https://news.google.com/api/attachments/CC8iK0NnNVplbmxTYkRWc1YyNHlWREZ0VFJDZkF4ampCU2dLTWdZQklKRHRrUW8=-w200-h112-p-df-rw,2025-08-22T18:39:43.723579
Drone from Yemen triggers sirens near Gaza; IDF chief says operations in Gaza expanding,https://news.google.com/read/CBMiV0FVX3lxTE13R01aRlVaSzJyOWNkQ25IS2xUUFY3REdtZXU1bFY0dDNIdXM3cmYxd2I3X2ZJdWx0eTZhalZwVzhiMmdYcTFTQmx3YjhCVUJueTl4bzJUOA?hl=en-US&gl=US&ceid=US%3Aen,Ynetnews,5 hours ago,🇮🇱 Israel Drones,https://news.google.com/api/attachments/CC8iK0NnNXlUMDVIZUZWVWJESlRUakkwVFJDUEFoamdBeWdLTWdaRlVKclZKQWs=-w200-h112-p-df-rw,2025-08-22T18:39:43.723581
North Korean TV airs extensive footage of troops fighting Ukraine for first time,https://news.google.com/read/CBMiR0FVX3lxTE1HUGk2MjlFVW9fc2tFcHFKYjFSZlVpcFd2aHliQkxNTVRfVjk0SEdkRll2MlJBLXd6bWM0VW1PbUh5bzFYby1R?hl=en-US&gl=US&ceid=US%3Aen,NK News,4 hours ago,🇰🇵 DPRK Drones,https://news.google.com/api/attachments/CC8iK0NnNUdkbmhFWkhoc1lUVTBlWEZZVFJDVkF4ajFCU2dLTWdhQmM1QmtNUWM=-w200-h112-p-df-rw,2025-08-22T18:39:43.723582
"August 22, 2025: Drone Strikes, North Korean Missile Base, and Nord Stream Updates",https://news.google.com/read/CBMiqwFBVV95cUxNN3hPYnR4R0RmN2JqamlIeVotZTZXeDZqN2Joa2hvaUdpQjJST01xMTY0U0ppQmkwZnREUFJDOWU2cTJ4ZG9CRnZsRDhxUFVOT19RMXJHeENxR3VWZWJyelpIMDkyNWVCM1Y0emlZQTE0d2VYclBLYmpDZFk4NjBCdWhscmpEeHhQOEhhMV9xR29XMEhWWUJxZ1dIMk01ZUVISk1BN0Y5NU5OaDg?hl=en-US&gl=US&ceid=US%3Aen,Букви,11 hours ago,🇰🇵 DPRK Drones,https://news.google.com/api/attachments/CC8iK0NnNXNRazlGVUhNd2JGQllSR2hsVFJDUUF4al9CU2dLTWdhWlk1UnJxUWM=-w200-h112-p-df-rw,2025-08-22T18:39:43.723584
North Korea admits its troops died in Russia’s war,https://news.google.com/read/CBMimwFBVV95cUxPdzd4UExBbWdlbUp0U00tVzBqQjBIRVB4NkxVM1FPVUZGRWQ4ZGpXZXlPbExoWlotMHRWYWdLajdMWkVWYVU4WVdKR3hmRG5naTE5Yi04NWRQdTFXVHZKWGpzMkgyZGtnM053VmJjZWRCbXZWaUtjWjhsWFFmN3Jic0pzOW5tSzZ3RUR3U2QyTGwyMXFwN09ZczZYZw?hl=en-US&gl=US&ceid=US%3Aen,CNN,7 hours ago,🇰🇵 DPRK Drones,https://news.google.com/api/attachments/CC8iL0NnNW9kMDVyZFV0SE1sZHBORnBKVFJDZkF4ampCU2dLTWdrbEFaTHlnQ2gwaFFJ=-w200-h112-p-df-rw,2025-08-22T18:39:43.723586
Kim Jong Un Awards Soldiers Who Fought With Russia Against Ukraine,https://news.google.com/read/CBMitgFBVV95cUxQcllsRGVULTFxaEswV24xZGFYS1REUXgzam9WaHBZNExVNFhoQ3Jma0JSdllTWE9ZTGhMZzZJNlZnTG5LazF0NVZzTmNWeU1VYjBWQlFWc3JMei0zbWRGX0wzM1RHOUVaYUFqRXFGaXRucXhvdTVBWUMtMmVzZjNKRzlvdnZ0ZE5zZ0lKVk5ob2N4OVBIY3pLYnA1SGk4VXhlUlluZWhOdjZCSml3LUlub0w4eFFHQQ?hl=en-US&gl=US&ceid=US%3Aen,The Moscow Times,9 hours ago,🇰🇵 DPRK Drones,https://news.google.com/api/attachments/CC8iK0NnNUZXRXRzV0dodmVtb3dTV2RZVFJDZkF4ampCU2dLTWdheE5JS3ZtUWs=-w200-h112-p-df-rw,2025-08-22T18:39:43.723588
North Korea Awards 101 Soldiers Killed in Ukraine,https://news.google.com/read/CBMiiAFBVV95cUxQQ1M4NXQzamFUWDgwQjdFbWhrSUFCSEJJa3ZTM0E2MHNOYTlWNDNtRDNsQy1aRWtBTk5hdVVjYXV6OWdub1plZHQtdDJuenJHYXVlUEVQaXdITXZjbm1Nd0g2RGFYU3JIdDVkSFphMmdUUWkwYjZEWTc4REtJdm50Y3d1Y2xVMzh0?hl=en-US&gl=US&ceid=US%3Aen,Мілітарний,3 hours ago,🇰🇵 DPRK Drones,https://news.google.com/api/attachments/CC8iI0NnNUZiMHg2U2s5U09USnlabVZpVFJER0F4aWtCU2dLTWdB=-w200-h112-p-df-rw,2025-08-22T18:39:43.723589
Israel and Turkey vie for Japanese drone order,https://news.google.com/read/CBMiY0FVX3lxTFBZVzVaVjhMYWViM3hjNDgyYWVROWs5X0JHY0hBTXB3WUxnSldnQXVMdVdoLUpHZ1NpM1JMME93WlhUNlAxNkZ6b1ZHWHl2V284ajd6LXV5M21WcVB6enZJa1Bmdw?hl=en-US&gl=US&ceid=US%3Aen,The Jerusalem Post,15 hours ago,🇰🇵 DPRK Drones,https://news.google.com/api/attachments/CC8iK0NnNVBZVkpHVmpaSlNHOXVXamxuVFJDZkF4ampCU2dLTWdhaFVKQk5zUVk=-w200-h112-p-df-rw,2025-08-22T18:39:43.723591
Crashed drone in Lublin likely an Iranian Shahed,https://news.google.com/read/CBMikAFBVV95cUxPTzA0M01WTDBSQ3RsMnp0WGVkOUVtYTJSbTNhQjlSQ0F3SFJYMG9IaGJZbWkyTmlpd3ZaMjBvSC1aYzlGYzYtZW9LeEc5WjlRWnowRm9fcFN0aVNlWlVla0VDMDJTeEgtbG9BbDhjNkZCVFNKa1hiUjhKajJFV290U2dCSzJTUExvM1NFTk9uN2rSAZYBQVVfeXFMUDZ4cExRekJBTGNMYnRUUTJUZ21aR2FHYXlrbWxicDJJeGJVSnRqR3ZucHhGTnBUbExDU09jVXFSREZSbXZjYUNqV09faWhpdXNKSy1PSHNKel8wSmVYLTVXa3VVNENaX0FULTZKQ3YxbUxOd1pMQzh0MFdYeGI5WVhyYkhDVmpUV2ZHVEpYWUo5ZG50RE93?hl=en-US&gl=US&ceid=US%3Aen,Iran Focus,22 hours ago,🇰🇵 DPRK Drones,https://news.google.com/api/attachments/CC8iI0NnNXRObWs1VjJSdVQxVlJhWFpPVFJDM0F4aTdCU2dLTWdB=-w200-h112-p-df-rw,2025-08-22T18:39:43.723593
"Ukraine's armed forces have destroyed Russian drone base in Sevastopol, Ukrainian Navy reports – photo",https://news.google.com/read/CBMilAFBVV95cUxOQnFkampCaExlbGdSREtEZk9OVzlZbl8xclRVWlBYRnNoSjBFMXUtb0d5a0lsbWxtMUQwVVlqeklIQWNlSVZRZnA2cHd5cFVnc2ZjRVllaGpiY1JodkYwQWVOdXg0RE10TkRycWRTZGZDdUlvWEx6S1ZuMWE5QjRCbEVPSlRyeHFqMEhhcWlSRXdDa0tF?hl=en-US&gl=US&ceid=US%3Aen,yahoo.com,7 hours ago,🇰🇵 DPRK Drones,https://news.google.com/api/attachments/CC8iL0NnNHliVUZPYjNwUlVqRTBjekZYVFJDUUFoaUVCU2dLTWdrQkFJeW9KZVlzN3dF=-w200-h112-p-df-rw,2025-08-22T18:39:43.723595
Drone Disruption At Limp Bizkit Concert Highlights Rising Safety Concerns,https://news.google.com/read/CBMid0FVX3lxTE5mRDJ4RkNfWGEzdUtYWHQxQkdfNFl4MXZFWXE1TXVmTFp2WS1EaDZFZTZSeUJyY0JGNi16SzVZdnFjOV82ekJUamdQTkkxRTFma2ZqNnUwT1p3TUprM3A2U0FxMTdmNkdFVi0zNUNMbG94ejZnaEZv?hl=en-US&gl=US&ceid=US%3Aen,DroneXL.co,17 hours ago,🇹🇷 Turkey Drones,https://news.google.com/api/attachments/CC8iK0NnNUpWWFZaVkVnNWFtMU5VbVp2VFJETUF4aWJCU2dLTWdZSllJaW52QVE=-w200-h112-p-df-rw,2025-08-22T18:39:43.723596
Japanese Defense Minister Visits Turkey as Tokyo Looks to Expand Drone Fleet,https://news.google.com/read/CBMihgFBVV95cUxQS1Rqb3JHTUt6MVhWTjZ3LWplTWxYQWY2SUFwWEo5MDdJWDU3TkprcDd3QmVGSWxsc29vRnRlVGNUVk5nbnlzdFF5N2JsamVFTjZZN21CdklBWjlHUm12Qk5YXzZxcHFKd185dkJsMWFCY0VialowZTBaaW4yaVAxQTd6N3p3dw?hl=en-US&gl=US&ceid=US%3Aen,The Aviationist,21 hours ago,🇹🇷 Turkey Drones,https://news.google.com/api/attachments/CC8iMkNnNVJZME5ZUldvd01VUmpNMjVMVFJDZkF4amlCU2dLTWdzUkFJcElpT3NOaVdvYzhB=-w200-h112-p-df-rw,2025-08-22T18:39:43.723598
Türkiye offers maritime security guarantees for Ukraine in Black Sea: Zelenskyy,https://news.google.com/read/CBMivgFBVV95cUxQbzEtUGhUWmVsX2E0TFVRZWFRbVRkQjlneFJRT2o1U1dsLTBqaGFtdGFONHhWQ2FTSVJSUng3cm05Zi1Bc0U1b1NreFpOS1Vhb3BaS2xtY0dhRktlNUJrWTlYNGl1bHJfcWh0ZFRraFRBNnN3a0lNMzhTemYxTktFVzNtZEQtbVZ2T1VFRlM2SlF5T3ptM21hMzFoS2VLZlVjb0lqUlZHdVdyejlCN1R6dGtZMmdzWkVpYVVMQjZ3?hl=en-US&gl=US&ceid=US%3Aen,Türkiye Today,4 hours ago,🇹🇷 Turkey Drones,https://news.google.com/api/attachments/CC8iMkNnNWxkMmhQVVdWTmVIVkhXblpJVFJERUF4aW1CU2dLTWdzQlVJQVlIQ25RRUdsUmln=-w200-h112-p-df-rw,2025-08-22T18:39:43.723600
LNA Announces Downing of Turkish Drone in Tripoli,https://news.google.com/read/CBMiuwFBVV95cUxQRTNqaUJXR0VFd01yenJCRXRzU1pSaTE2Tm1LQW0td2RrS2hTQ05ZMngyYTdjWFZUcmo5dVJDQlhKM3Y5SS1TdGpPc1FkOEVaRTB3cGpvYWpZOGpWVUVrRkxLMG9Xell1b2F0M3lpTzNlOERnQnhVM0hOd2VpWTlZdUJ2V3p4WkVCRzJIdEZnOUQ4by1mOE9xM2QtdTNnSDhialBPTk1Jel84Y1A4RWFmbVRGcldKdE05RmtR?hl=en-US&gl=US&ceid=US%3Aen,Asharq Al-awsat - English,4 hours ago,🇹🇷 Turkey Drones,"https://encrypted-tbn0.gstatic.com/faviconV2?url=https://english.aawsat.com&client=NEWS_360&size=96&type=FAVICON&fallback_opts=TYPE,SIZE,URL",2025-08-22T18:39:43.723601
Two separate guerilla attacks kill 18 in Colombia,https://news.google.com/read/CBMilAFBVV95cUxQSm5mTWFlbkVUQmpqdFNfOTFfbHFmUWlGZnNYRVBQS01KUi1TMkdSbG5NQ2pMZVJJeENEQ0J4ZlB6YlBONmN5b0lSUDdpbkFBN0ttTGxJenV1ODdxaDJ0bVNGTHAza3hFZTAyak5NbmlJcWxTUi1XX0hDZlpVWlFDN1VwNzlyMUpGR2x5UXZvMk15M2ww0gGaAUFVX3lxTFBzeExyVGkzQkYzRmtWRS1nRnJKdTQ3bldMRmVENHNKTnhmT1gwNHlMcEZEXzRmU2NoY1JnVjJIcWRlSUFtWmRnRHdzdVo5aHg3b2JWR2tpUVhYQ2FXTlFKZmdlQm1FUXBVSjluQnlwaThPQzRUdHE0bzFOMC1PMkJQdmhCbk9KRVd4OFk1NUF0SFJKbVl3eDhwdnc?hl=en-US&gl=US&ceid=US%3Aen,Hürriyet Daily News,9 hours ago,🇹🇷 Turkey Drones,https://news.google.com/api/attachments/CC8iL0NnNVVORms1TWxneGVWOXVYM2RWVFJEeEFoallCQ2dLTWdrSlVJNkl0YVlsWndJ=-w200-h112-p-df-rw,2025-08-22T18:39:43.723603
James Acuna Joins Ondas Autonomous Systems Advisory Board,https://news.google.com/read/CBMinAFBVV95cUxORGFaTWI0d2RyazBwaFRaLUJPMm5ORm9ZcncyX1pEUzFkOVZpdmRnMXFjRlhlanViX3g3elg4TUdzcHZERTNjVlBvYlRQMHNzeGpLUmF4RFJoYUhjUk1DUVhFT3JEZ1VGaEFXVDlaamlqNE8xY0VYeHlSV1E3RHhEenMwRWRpSFM5RUV5Y0RCVk5UYXE0WUZ6NjNrek4?hl=en-US&gl=US&ceid=US%3Aen,citybiz,4 hours ago,🤖 Autonomous Drones,https://news.google.com/api/attachments/CC8iK0NnNXZTV0ppWmxBeWJHcG1PRXR2VFJEWkF4aUpCU2dLTWdhbGRZTE50UVE=-w200-h112-p-df-rw,2025-08-22T18:39:43.723605
Here’s How the New “CobraJet” Autonomous Vehicle Will Change Warfare Forever,https://news.google.com/read/CBMiugFBVV95cUxNa1pXM08tVmZaOVRaemxVQmE2MTdYd1lKNW42VkwzczUxVEhZaXYtUDZxaFBRcjNpcm4wUVE1Rm5zUklfS2JLbU95NXNnaWZjeEJRZ3MxWFgtQW51N09vOVkwZm9paHg5NV9lVVVZdWJCOTdoNFV3SHJBRjQ2YUhJdzR1VENmVkRmWURRN3EwREtLU2xEUkRySGtHRE5rUmk4eFU1ZzJtOFdzdXdLMGZkWFhyUkQwWHJJQlE?hl=en-US&gl=US&ceid=US%3Aen,The National Interest,4 hours ago,🤖 Autonomous Drones,https://news.google.com/api/attachments/CC8iK0NnNW1SVzVSU1hGSVUzUnJiVFk0VFJDZkF4ampCU2dLTWdhbFFZNVJwUWM=-w200-h112-p-df-rw,2025-08-22T18:39:43.723607
Restaurant chain Chipotle tests drone meal deliveries in Texas,https://news.google.com/read/CBMilwFBVV95cUxPY2ZGaW1PbXdjbEQxMVNwZG0xQ2k0ajlRZkloYm1uVmFwa2xJUUVGbGNLZXE2TlNLTWNmTGpQeEdESm0xM0l4bGxkOF9xU0N6djBrWWRHMzJzNjBQTS1uYmZLRmdOYVdtQmVUYUJlTEFILXdQZUJaZmlSZU9lRmRfUnBjNV9BNkdNczJhT2FKTGc2Yi1yd2Vn?hl=en-US&gl=US&ceid=US%3Aen,Zag Daily,6 hours ago,🤖 Autonomous Drones,https://news.google.com/api/attachments/CC8iK0NnNUNWVEZDUmpjNWRqSnZkMmQxVFJEZ0F4aUFCU2dLTWdZQlE0cXNyUU0=-w200-h112-p-df-rw,2025-08-22T18:39:43.723609
Chipotle Launches 'Zipotle' Drone Deliveries in Texas,https://news.google.com/read/CBMif0FVX3lxTE9rWks5OGx5OF8tT2JsYkRhcnlTaVdTa2hNaDFZbkZCWDV1ZlQ5ZDc2NDJCTmI5R09ib2twbnlQRXFRVXYwNGVXeWNZMk5fOWZ0UGx4dW4tMW5PcVh5bFNmNFQxRTBKMFlhOUJLY0hlWXEzTEhlTk9udGR2MFJucVHSAYcBQVVfeXFMUDJJcjBnUkRDbFAzY1JPOWo2WGZucmJGU2JXa3N5S3h0VW9NQTNXeVhQYjJIcjVqdElCQXQ5eHBSQXJGNlNqYUMtVzhvRjVhSnlDNHViV1hNS3E5MjJzaG1ScWNNejR2SVEzTlMwZmZjWmdHVHZ5bUMyX1pYRGxWRi1zbnRTVk04?hl=en-US&gl=US&ceid=US%3Aen,Decrypt,1 hour ago,🤖 Autonomous Drones,https://news.google.com/api/attachments/CC8iK0NnNXNUVFJzZDI1eE4xaE1MVmREVFJDSEF4aVBCaWdLTWdZSlFvS3MxUUU=-w200-h112-p-df-rw,2025-08-22T18:39:43.723610
30-Year CIA Veteran and Drone Training Expert James Acuna Joins Ondas to Shape Next-Gen Autonomous Systems,https://news.google.com/read/CBMiuwFBVV95cUxOUjRWV1FyaWNtWDQwdENJUUw0QV9GZGh5ODJETEo1MDV4aG11R2NUb1liMExLSXhFSVdSLVFNZjZfUzg2SmVMRHU0Y3E1VTFITHBWN3VaQmNOaFcteTFvY2daWFhxZi10WUxRQ01PcEZEZVhLNmU4eExheFpnd1BxNkVrb3RzTlJDVnZ6ZUFTeGxzRjlGdjFIdXFEeDdidjhHcUF2Um5OUWJiS2JLeVlyVGJ3Qmx0QUdZNHFN?hl=en-US&gl=US&ceid=US%3Aen,Stock Titan,6 hours ago,🤖 Autonomous Drones,https://news.google.com/api/attachments/CC8iJ0NnNVRhMWt4VG5sYU5FZEtTa0Z0VFJDcUJCaXFCQ2dLTWdNQnNSUQ=-w200-h112-p-df-rw,2025-08-22T18:39:43.723612
"Global Drone Market Set to Reach $85.85 Billion by 2033: Opportunities, Trends, and Key Players",https://news.google.com/read/CBMiuwFBVV95cUxOUm0yVXdCZ0tNTEZTekFpbjRoSUVkTXduT2xhQ2ZrY2R2ZzZjZkt5VUVxY1AzOTUyUE1UT3ZEb1RnWjA2STJKcEtuNEYwSE5iSWt5R0JtT2FtSksxdW5tT2hWb2NtS0xEVlhKR0h6R1ZybWxoOWpNc2QzOEt1NkxNQlNoeGdnRXNKQVBMc0NkMDJjWWlHVjIweXFYeUJXekpmdllJR1NtTEZhT0VMZnZiX0ZSYUFyT2VRUGxN?hl=en-US&gl=US&ceid=US%3Aen,Vocal,4 hours ago,🤖 Autonomous Drones,https://news.google.com/api/attachments/CC8iL0NnNVpUMXBrWjFORFdWOUxkbWRXVFJDaUFSaTJBaWdCTWdtWkVvenJsZWx6YlFF=-w200-h112-p-df-rw,2025-08-22T18:39:43.723613
Ondas Autonomous Systems Appoints Former CIA Officer James Acuna to Advisory Board for Unmanned and Autonomous Technologies Investments,https://news.google.com/read/CBMi5wFBVV95cUxPc1E5MlZheGtWZElnUF9ZMDhjUTdqQW5tTDJYOXNBWlNrVlJ1ZzZCUVQza0JacWZOZC04RWpIMzNGbGJIYUVsVERYWVMwUzJTSlFtM0t6TEc0QzlVX0pUbXZVOHAzRVl6UFZEN0FDS3BTbTNQZXRVOHhNSmxoMDdjTGc2S1VnM3hoczR1dE9ncG1oY21uM1BTQkpSM0k0SHBqcFFKTjFkM05ZTGtxOEY4SHRYbllTSWJScDR2OGZMbUJXMU5UU1ZhTks3bmtadVg5ejBiWXN3c0Nkd3I2WjVhNTdObkZjRGM?hl=en-US&gl=US&ceid=US%3Aen,AInvest,6 hours ago,🤖 Autonomous Drones,"https://encrypted-tbn0.gstatic.com/faviconV2?url=https://www.ainvest.com&client=NEWS_360&size=96&type=FAVICON&fallback_opts=TYPE,SIZE,URL",2025-08-22T18:39:43.723615
"U.S. Army taps AeroVironment, Edge for new recon drones",https://news.google.com/read/CBMihgFBVV95cUxOWmJnVWw5YmVpblZ0R0lhdkJDRGRVZVdwb3k5S2xBdHZmUDYxQ1ppc3VIcUpFN19sYjhnd3hDZnRNLURUSE50SVowMXJkRVhPbmtVTkN1WlNyaWlIY1JMNzdRM3QxSndEN01nTDlCU0MwcDdocVRhTkg5bGRtOTJkMGJNMllfd9IBiwFBVV95cUxPUWRqODg0M2Zxb3VueC1SSnpkd2ZOc1F0c0x1NFlvb3ZvX3hYSzRuRGJGelI0SUZtMWg2TlBLNU9RQTR5N0Foc25aSDlSLWRKUUFvSENKZWdzUHAyYnQzejNsQWl4a05RWkpFVUtpQ2djX3h4UHVwanEzSGN3aHF4UWZEODdrOXBkcjdF?hl=en-US&gl=US&ceid=US%3Aen,Defence Blog,6 hours ago,🤖 Autonomous Drones,https://news.google.com/api/attachments/CC8iK0NnNTJWMWRhVVRsMVVrOXJURVU1VFJEREF4aW9CU2dLTWdhQmdJYnpNQVU=-w200-h112-p-df-rw,2025-08-22T18:39:43.723617
Challenges in Training AI Models For Electric Grid Inspections,https://news.google.com/read/CBMiqwFBVV95cUxONDBRT0JTaXVXTEF6RERVOVJYX19sb0daMzVkeG1HZm9kZ09NSllHZGtVdEE3STVDQWM0QkRLWmpjNk83WlNyekJ1SlR3dlJTOWtKZ1U2S0VKaUgzVFZ3REdXdzM2R0JSV3NWblAzSFRQekRFR2ptS0Z1VzkxMVNhS3FuN1pqaVI1c2RvbXFHbnptMTdGNkdHTlZibXpBb3YxZVB0dVBERzZRbjg?hl=en-US&gl=US&ceid=US%3Aen,Commercial UAV News,5 hours ago,🤖 AI Drones,https://news.google.com/api/attachments/CC8iJ0NnNVVWa2xtYlZwVGNUQjBNRloyVFJDM0FSaVRBaWdCTWdNQjFCSQ=-w200-h112-p-df-rw,2025-08-22T18:39:43.723619
Army Rifle-Mounted Drone-Shooting Scopes Leverage AI,https://news.google.com/read/CBMirgFBVV95cUxQUjB5UEpSdGtRLWc0OVkwaHV2OGNzNHVsQl9hUWJtSGZRRWk2a0xxUnNYMlMyclNZZmNaS0pxbnh0c3NPaEE0QjZLTUZrcW9hZ2trS21Ed1lvX19UTXo2Vmp6Z25UYTRlSGtldTFwNG9tdkU5c0FqOWRpR25EdmE4SnZpdDlmbGFudVRLekZDZ0tmemlvMzAwQ2pMX2gxSEI0RGRyZzJrVUdJd0VNbkE?hl=en-US&gl=US&ceid=US%3Aen,RealClearDefense,5 hours ago,🤖 AI Drones,https://news.google.com/api/attachments/CC8iL0NnNTJiVXh3Vkd4VlNsVlZWbE5aVFJEVkFSakFBaWdLTWdrQkVJU3JzR094TVFF=-w200-h112-p-df-rw,2025-08-22T18:39:43.723620
Safe Pro Group Closes $8.0 Million Private Placement Led by Strategic Investment from Drone Industry Leaders Ondas Holdings and Unusual Machines,https://news.google.com/read/CBMiqwJBVV95cUxQT055ZklzZlFVbERUNUhNQ19sTHdYNXpRdzdYYVVJdVcwNXAyWjMzckF5ajctSHJtNExVekcyWGZtUkpVX29NOS1RM1E5MW5vRHpLbjdvYktsekYzOHZiWE5PQzhKaFhXWXctUEVxLWRaZGFQRnQwU1RfN1J5bFhIcS1Kb3dMQU52VXEwRy1vcDRqN0hzbVpFbWlabGV5d25pX2xwNHItclJDdXVNcmRNYm1tLW5NWTQycTNaQ2tnZTl4ZHhVWWtsNVFTOWZDZGtPRW50WllXY0lSU3FFTHFRZ2NyWHlzZUUyalc5SXlhSGIwSThZdkw4U1FsMEdoUFIxZkhrZW82Y0FqNmRTZzh6Um9lYUZham9yYW9PS21KMUFaRmtwTk1yZ3VBMA?hl=en-US&gl=US&ceid=US%3Aen,Business Wire,6 hours ago,🤖 AI Drones,https://news.google.com/api/attachments/CC8iK0NnNW1lRE01U0RGWFUwbFJXRE5zVFJDSEF4aVBCaWdLTWdZQmtKU291QVk=-w200-h112-p-df-rw,2025-08-22T18:39:43.723622
"Data, drones and dependency: Britain’s AI war machine examined",https://news.google.com/read/CBMijgFBVV95cUxPVGRyZEg3MXZXYnZmd2d4SGp6cWh6OWxqbzhEUTJLY1pZYVJyUXQzTUZycUlWVHJaZW1JSUMyTExoX3VlTXBqNkp5SXFKdW5md3h6dDZoM2g4ZnNSQ1pqQVRQYUdDUHhHVUdwZ2wzVEJ3NkJKVTM3SUMwSVdpNUQzRzc1OVFxcUVJSFJpb2tR?hl=en-US&gl=US&ceid=US%3Aen,Action on Armed Violence - AOAV,3 hours ago,🤖 AI Drones,https://news.google.com/api/attachments/CC8iK0NnNVFaMU4yYWpaTk9ESkpSSEpPVFJERUF4aW1CU2dLTWdhTmdZNFNMUWM=-w200-h112-p-df-rw,2025-08-22T18:39:43.723624
Romanian software company OVES Enterprise expanding to the US to develop military drones,https://news.google.com/read/CBMilAFBVV95cUxQS09JRU1FU0s4aFNDUWtfeXRFZmJQMnZHZVd6Uml1MU1GenZoSlZqUnZiOE9KOHZXaVRrR2pob2lLdkVPanliZm1tSVFZSUpPT0xpMWhvUGJLTHZZYWRrS3dBZGxNQl8zb2dMLUM3QVFfQkdOLU1XOEpndU9VbVZDOE1jdTg1ZEE5X29LZzFHTWRpTHNS0gGaAUFVX3lxTE5FYzBMMGtXaUlSaXdNcGp6Ny16dTR1ckpRVGgxTDdTRUp5M19qQ3hOVXI5NDBNRndXTG54NmFld1I0Nnhsa0pIdnUtYlFsMUEzQkItRUxGa01qUnBJbHIzV3BscG9iLUxCQTZRbFp6OGtXaGcweVdTNDAwQW1Qei1yd2VDN01EX1pvVmVXZ3dlY25QZVZBZHBvWWc?hl=en-US&gl=US&ceid=US%3Aen,Romania Insider,7 hours ago,🤖 AI Drones,https://news.google.com/api/attachments/CC8iK0NnNDRNRFU0UVhkRk9WaEVWRlJTVFJEU0F4aVNCU2dLTWdZVmRKVEtMUWM=-w200-h112-p-df-rw,2025-08-22T18:39:43.723626
Fiber-Optic Drones Appear At US Navy’s Silent Swarm Exercise In Michigan,https://news.google.com/read/CBMidEFVX3lxTE1xdS1wSmY4Q1F6bkpjM0k5VUNnTDV5WlVSUUN5dFUtVEx6VFBNS2hVVlZZQ1ZQeGdGOFBoV3Ytb1JfTnY2U1hzdVZJX2MzQUpGOEpwUms1NlpRZXJTcVU4c1R0bDB0VWRsaTZXM3pPTEdXTkFG?hl=en-US&gl=US&ceid=US%3Aen,DroneXL.co,8 hours ago,🐝 Drone Swarms,https://news.google.com/api/attachments/CC8iK0NnNXhNMVZmYkdGRGRuWm5kVXhTVFJER0F4aWtCU2dLTWdZdDBZeFFRUVU=-w200-h112-p-df-rw,2025-08-22T18:39:43.723627
Dreamworks cofounder Jeffrey Katzenberg joins Kimbal Musk’s drone entertainment company,https://news.google.com/read/CBMigwFBVV95cUxNMk9TM1Q4MGhiRndXSDhwYjRNNXhUazdpeUF1Xzk5RnpLNW0zVWFsSzdXN3VZWnZWaUxrTVo5dkNDUHRjampTNldQSXhmdkNuX1k0b1hicjFWTjhrNVgtVFBhWGJtVm9pY2VZall2eE5SZGRMMFNzWW9fS2trSVVxaGtuYw?hl=en-US&gl=US&ceid=US%3Aen,Fortune,5 hours ago,🐝 Drone Swarms,https://news.google.com/api/attachments/CC8iI0NnNVRkVzVKV0dscldtUnpNMk5aVFJDcUF4al9CQ2dLTWdB=-w200-h112-p-df-rw,2025-08-22T18:39:43.723629
Ukraine can triple defense production overnight—but swarm drones remain the missing piece,https://news.google.com/read/CBMiyAFBVV95cUxQUEtQWGtaR1NFaDZsVlhTUklIbDF6ckVqeTJlZERGZjdRZ2VTeGNBZW1SVDRuWjZ1SzAzN0pGczFPWjhiS1JsdkY4TkUxTk1YMmhCLS1JQWlIZUtrN3FmaW85OEhtaUVQajBkT3JRQlR4aW9FUFhpM0dlX0dpM0xnZUlKb0ZYSDlUUlp6dWEzMUpyUFZrTmFiVlYxMHlsM2lLRmoxbzItQjZuSHVMdWd0b1pNRUhwaFV4c2t4NEpkR3prR0NHVDBqeQ?hl=en-US&gl=US&ceid=US%3Aen,Euromaidan Press,17 hours ago,🐝 Drone Swarms,https://news.google.com/api/attachments/CC8iL0NnNVFaRXB1YXpWeWREbHZRVE5NVFJERUF4aW1CU2dLTWdrUlFKUkpHcW90N0FF=-w200-h112-p-df-rw,2025-08-22T18:39:43.723631
Garuda Aerospace Unveils Defence Drone Facility Near Chennai,https://news.google.com/read/CBMiswFBVV95cUxOWnVOUEV2aWlNeWZ1d1NqZUJiempOTXlIYl9QWVY0cUtGaUk0NWo3ZWlpTkpPYjVvSWFieGxhMXBrOGlMRGV4SDhfSUV6ak1wMExnR29ES1R6eWZ1MUhnM1VnaUtGdmd1VlRLNVctMkVDdlpCYXJDTE96aE42bm9WZGJvN3ZTUWZjMnNHR2ZqWHZhOThjZnVTUHBGNE40bFFZMFZQRHRiMDlvYkJOM215SkVlNNIBuAFBVV95cUxQa3o5LURvc3JDMTRHRjZaQUxlY1ZGZ1AwT2Ytck5vV3VYVnZTT2VGbW4yZ1RzZ05MbC0yQy01LXgzalBQNmhQdnJfV3g1akJZMHR6Rms4R1d0dFR6aXFUR3dOcGVtNVpHemVPNEZhWFUwMVN2YTJJcEtyZ3hDYUkwdHl5c01uYVhjVVNtNEtHQ01VVFlUcnd1Y3VDM2J2a012Y0FrQURtN3oyWmY2OXFMM1hpZUdnYUVE?hl=en-US&gl=US&ceid=US%3Aen,ETV Bharat,1 hour ago,🐝 Drone Swarms,https://news.google.com/api/attachments/CC8iL0NnNHdaR1ZIYzBSNGJWWTJPRGx5VFJDZkF4ampCU2dLTWdtSlFKYW5yR2RycHdJ=-w200-h112-p-df-rw,2025-08-22T18:39:43.723634
Galactus' Most Powerful Herald of All Time Makes Silver Surfer Look Weak,https://news.google.com/read/CBMi7AJBVV95cUxQM3pCbldQUF9oN1AxWExBR3kwNVhEV3FkeWVVNVJjMURJYkhxbVpWXy1KcUZ3VnBfVk41LUV2RVJ0dG5pcGhGZlpvOE94dTgwbUtGel9vSmpmZDc3elpOQ1hrVHd0dVRacTZfdGxHbG9fNHI1bmF5QzhQZG9LMFFCeDdPMDBLYWNIQWU5UERlVGJEQzBEZWR1cW8zbHlscHVZOWV0SGJ3cF93bXhpcFlsTE9pMERxVzIydkEzQTZxYk9JY1NUZlFUYUMtNTg0bEJTZ3o5ankyNUpIdDFJbVN3dWFxMVFVT2lldGg2UTlNQjRjV3o1ZkU0MmxJOGV0Q3dKNlhPYTdRLUpjUXpCN0llaEZ3d0pzNjRnbE1jS2hhVHFZbmxDLUdVM2Q2TmZ5ZGl4T1F4M0tqbWpTaGZFcGZrb2NudWhIbXVCQzRiWXJsNFVTOHJZcWVLdFJzcFd4SEg0cXp1ckpsU0JtdnFy?hl=en-US&gl=US&ceid=US%3Aen,MSN,20 hours ago,🐝 Drone Swarms,https://news.google.com/api/attachments/CC8iL0NnNUhOMUY0WlVKdVQydDBkV2N5VFJDZkF4ampCU2dLTWdtQkFaQXlrU3ZvemdF=-w200-h112-p-df-rw,2025-08-22T18:39:43.723636
Black Hawks Get Drone-Launching Superpowers,https://news.google.com/read/CBMiekFVX3lxTE9ka3AzR1Itb3E0OGJmWkd1TUh0UmphanVqVkUtUy0wQ3N5ckZwQVhBTE14TXo2U2xSX25pY3U0S2pUSnBzWEIyXzVrN2NKS19ycVBMaTUtd0lxWHIwbzFmSU9OVklRWlZ2ZFBENjVZNldvM3VYX1Z3eFRn?hl=en-US&gl=US&ceid=US%3Aen,DroneXL.co,39 minutes ago,🐝 Drone Swarms,https://news.google.com/api/attachments/CC8iK0NnNTJXVzlsTVc1TGJEbGxaMnhGVFJDZkF4ampCU2dLTWdhTlFZelNIQWs=-w200-h112-p-df-rw,2025-08-22T18:39:43.723638
Pentagon diverting key anti-drone technology from Ukraine to US forces in the Middle East,https://news.google.com/read/CBMiggNBVV95cUxQRFpieXRDMHhOMFUweEtNZU13aFoxT1cxSDg1WlFjemFCS3dmdGR1VGdYSGxYQmpkRjhxNmJhS3liZFBfV1lhMU9lQ1Y4bUtLNnpscWJKR0hrTkNabk1PYUJkdjdCaDdGZEtGRWNPeXYxZjN3NUF4bUlxR3hXeFVUYmR0RVgwOEU4MkhlT1lqZllLRTg0ZGxJbGpfUnA3R0Y5WldmTUR0SFFTbkZOXzZqN24ta2dfOHFtWWVJQmlEbGdKQUlQbnJfaUVWOXFDYjlHRDRkVDcwdmN1Y3Q4MDBaYWQ5WW9pUWZack1KTXJBTXh2Mi11WW83MklaZW5ZSzF4ZXVjWG9NSGVYb1VoaW56Nkx2TU90T25iVnpWX2hnNzZHQzhhLUNHNks4bnVOLWtVaUV5dHJDSFJDN2pxcURPU2xBbDNBQUo1dUlQTkZ1WVZLbnRUM01Ycmh6cFNVOGg4Z3NNdTlyaTB6a2FfWm80NGxQdjRyak55UDdfZ0FnRi1Cdw?hl=en-US&gl=US&ceid=US%3Aen,MSN,6 hours ago,🔬 Drone Technology,https://news.google.com/api/attachments/CC8iI0NnNUlWMVpZVjNWTlFWSnFOM1ZCVFJDZkF4ampCU2dLTWdB=-w200-h112-p-df-rw,2025-08-22T18:39:43.723639
"GoTo Foods takes to skies with multi-brand drone delivery in partnership with DoorDash, Wing",https://news.google.com/read/CBMiwgFBVV95cUxPZEFXc2xFSXpPZE9lSldEM2lWV0JjamJnR3J3Z25WQ2ZEZTVveEx1cU9vUlZnVnhiWXVmaDlsOHZ6VUY3M3ItaVhCU3Nwandxb2xhMDBTNEZERWY5a2xQbVU3bm1uZG53c1E0VnBuU0ptT3hEZk4xbk9seGFsb3JfdlNyTmY4REJTcU5PdGVMOEY5ZHlYM2NFQV9tNVJXeFdzWTczUTFMRmNxVGFmVnNDUkcwMkRYMGZISENVY2dDMWhXZw?hl=en-US&gl=US&ceid=US%3Aen,QSR Web,5 hours ago,🔬 Drone Technology,https://news.google.com/api/attachments/CC8iK0NnNUdjVFp4TjA1RFdUbGZaV0ZNVFJDZkF4ampCU2dLTWdhcGRKYXVxUWM=-w200-h112-p-df-rw,2025-08-22T18:39:43.723641
"Super Nova! Jeffrey Katzenberg Joins Kimbal Musk’s Drone Nova Sky Stories: “A Spectacular Technology Platform” For “Family Branded Storytelling,” Ex-DreamWorks Boss Says",https://news.google.com/read/CBMilgFBVV95cUxQZm1HVW1uX0Q2N3JYbzBGVmdaeGthV3FZbnVSLVpzYXU4M1RpS0pUZFp6VTZuT1RFMjlEWEFhY2o2SzFfZmZYbm9VNXhYM2VPemtwQmFyY19xSnB2di1mTDRwYVM5emlRcmJ4bkd0QmdjTXpVcjFUaWxib21wWXNLcl9UTllVTk1NQlRndUdrNk9rZ0dvbVE?hl=en-US&gl=US&ceid=US%3Aen,Deadline,5 hours ago,🔬 Drone Technology,https://news.google.com/api/attachments/CC8iL0NnNU9NR0kzTUVkVFMzTnJVV0pYVFJEX0FoaXBCU2dLTWdrTlVvNzFNS2V4Q1FJ=-w200-h112-p-df-rw,2025-08-22T18:39:43.723643
DreamWorks Co-Founder Teams with Kimbal Musk to Scale Drone Entertainment,https://news.google.com/read/CBMingFBVV95cUxPSHNWbW93RThSTHM2UDBwaWNoVlAyaXlkeEJqUjlWbC1vRDl3QUVOYldfM0pYVnhRbjF1QVBGdkx2ZGJlWEFVWFc1LWotWmlrY2szU0lQNUlkdXpTSkVtcHdSRzVqSndONjk4bDJOX19QalMtMkRBUTZJRlZ0ZDlNN09UNDJxRGVPQkU2TG11QzhtUFBMdmVLNTNha01BZw?hl=en-US&gl=US&ceid=US%3Aen,AInvest,4 hours ago,🔬 Drone Technology,https://news.google.com/api/attachments/CC8iL0NnNVFWelZ2TTBnNVdrSnNiM1J6VFJDZkF4ampCU2dLTWdrVkk0aW5wdWhNcFFJ=-w200-h112-p-df-rw,2025-08-22T18:39:43.723644
AeroVironment Delivers P550 UAS to Army,https://news.google.com/read/CBMijAFBVV95cUxQd3o4S1Z4V2hJOU5mRnZnSEhmMnRDTVY4OGdOeFBUOVVHUGFzTkNXTG5CdXdhQ0JTb1V1UHp5MUlEV19TWlZodHFXVmV5cUNmbXFKd1Y5NlA5eTFJV21JbFUzZ3hkWjY3azIwNFNQYVhKV2tNajZOdTI2eFFva21zQ3o5dTlOYmJPTEZjZg?hl=en-US&gl=US&ceid=US%3Aen,ExecutiveBiz,4 hours ago,🛩️ Unmanned Aircraft,https://news.google.com/api/attachments/CC8iK0NnNTRaa1ZmVEY5UlR6aHNiamxwVFJDUUF4ai1CU2dLTWdhRm9aYUZOZ2M=-w200-h112-p-df-rw,2025-08-22T18:39:43.723646
Epirus Opens Counter-Drone Innovation Hub in Oklahoma,https://news.google.com/read/CBMicEFVX3lxTFBpNUEzVXhFbnlMOWk2dlNpM05oeTFXTmtBNER5ZWViOHAzWmN4THV6dXZIdzU5ZmE4X1p4UHdTejZtemRmOXdWX0luV0djU2dMV2xIMHVWNmliU1h1RnBTZUVNSUlqUVhXdDhMMU1hc03SAXZBVV95cUxNbE5CajRHOUhlcG9BaTl2UXBvR1dBNldrUl92THJ6WFlxXzRQbnpCUS1aVXZnN2MzUUpXN29jdHFBZXpRRXZxT3RTbDlwOFB2TE5sdkdSQncxbnJobXdwZ2k3MF9IbmNNWGNZUEdVZWdIemkzZ0Nn?hl=en-US&gl=US&ceid=US%3Aen,The Defense Post,5 hours ago,🛩️ Unmanned Aircraft,https://news.google.com/api/attachments/CC8iK0NnNU1PR1pSWmtsd0xWbzNUVlJrVFJDZkF4ampCU2dLTWdhVnA0Um9RZ00=-w200-h112-p-df-rw,2025-08-22T18:39:43.723648
An American Shahed: Griffon Aerospace Unveiled MQM-172 Arrowhead Drone,https://news.google.com/read/CBMirwFBVV95cUxNaV9FZkE2Q0FsUWtmSVllOG9LRXpLMWJYWVhLcHY4cW8zV3cxVDZtQkFEN2RSbUZLcFRyYk9XVm5qeklLN05SLTNoY1FUVW9nQ015NVlVX3hDZjI5SEROa2l6U001eGtlOFM3di04QnAtZU16ZTV2MDJ6MlI5UG1sOEh4SFRoeFg3dGdJWjJTbDNxdFlFdlBqN3BMLTJ2RlF0MkxMMmlVcWQ5ZkMxRlJr?hl=en-US&gl=US&ceid=US%3Aen,Overt Defense -,4 hours ago,🛩️ Unmanned Aircraft,https://news.google.com/api/attachments/CC8iK0NnNUhYM0JuVkZJMkxXaGhZbWh5VFJDMkFSaVZBaWdCTWdhSkFwcElrUXM=-w200-h112-p-df-rw,2025-08-22T18:39:43.723649
Slovenia Orders Two More IRIS-T SLM Fire Units Under European Sky Shield,https://news.google.com/read/CBMi0AFBVV95cUxOZG9MaTFhRlZSVWZwMDdDenpoWlpDUm1lc1V0VzJZdWxnTnB4V2hXdE1KeTRFX1Q5ZE9QOXBuTk4yX2g3MVR6aTRTdGtRMGxuTGZRMnZaaFlUeENQeGVySEx5Uy1BNTFfSnBlcllmbUVuN1ZObC1NVnNKTFI0NTloV1FNelEwWTR3cTNINDgycm95YkJtUnlVd2tUZDVkZEJicXVDbUl2M2xzb295N0p6R3ctRVd5QjdORC1JT1kxaHgyRDFIeVVCYlk0QXUyQW9n?hl=en-US&gl=US&ceid=US%3Aen,Homeland Security Today,1 hour ago,🛩️ Unmanned Aircraft,https://news.google.com/api/attachments/CC8iK0NnNUhVeTFHWm5aZmRHRjRZMHB4VFJDZkF4ampCU2dLTWdZaFVJZ01wUVU=-w200-h112-p-df-rw,2025-08-22T18:39:43.723651
Ukraine Unveils Special Ammo That Turns Assault Rifles Into Anti-Drone Weapons,https://news.google.com/read/CBMivwFBVV95cUxQNlFSOUJLMVFZU01SVG1DbzdzT1VnQVBvZHl4cWNZdmdFQ3JYWU55VGpvSzRzR3ZlbEhncnB6MEd0c2VBR2lzVzZlUjh2OGNsd1JWc1NwVTdnZmZnM05LRkJvQUVGaWFXTzhTSktvWDQ2V3FIOWRuZFlrVXk1TTJJdG9ZcmFUUzBvVFRTdHZSMEJNVnRGQmRRaUctQUNaZlRyd1BQX3JEVjV3RVJnWFpfMy04OFFTZzNTYjc0Z2ZEbw?hl=en-US&gl=US&ceid=US%3Aen,UNITED24 Media,9 hours ago,🛡️ Counter-Drone,https://news.google.com/api/attachments/CC8iI0NnNXRUbFJwV2xaVFUxcFlWa3RXVFJERUF4aW1CU2dLTWdB=-w200-h112-p-df-rw,2025-08-22T18:39:43.723653
UAF anti-aircraft gunners have destroyed a Russian drone 'mother' with FPV aircraft for the first time,https://news.google.com/read/CBMiiwFBVV95cUxNRFowVmhoUFlTUEpBdUtHbXF4VlJCRWdyRXY3bXFkVUhBeTRvVkdWWEI1SWIwV2Q3dW1DZmZBWXFRcHREbHE3cElwUnhSbU1DVDAxWElxZjluRjFISDdyQ0Y4b3BZYUhWTjZLUWRGZ2wyQzl4OUM2Mk8yZkZuSmU4YndOQko0SWtyeWk0?hl=en-US&gl=US&ceid=US%3Aen,112.ua,4 hours ago,🛡️ Counter-Drone,https://news.google.com/api/attachments/CC8iKkNnNWlTbGwwVUY4eWRsRm1iamhmVFJCX0dOd0JLQW95QmduU2hGRFJBdw=-w200-h112-p-df-rw,2025-08-22T18:39:43.723655
Come Back Alive helped develop ammunition against FPV drones,https://news.google.com/read/CBMilAFBVV95cUxOUDN0Q3FETHJER1ZpMHpsUEc2c3Uwc2NZaGN0ZUxqd0d5TC0tU016aWhoTEtjNjJTWjZ2aktIRllMcVJTZVQxLVJNQncyTXpuM0lTWVpGMC11cTR1NktUanFpdGdUVXlBQTM2NU1IbnVieTNvdzVaSTIydUs1VjJWS3NLTkZhN3hCRm4ya3FXcjEwWm5H0gGUAUFVX3lxTE5QM3RDcURMckRHVmkwemxQRzZzdTBzY1loY3RlTGp3R3lMLS1TTXppaGhMS2M2MlNaNnZqS0hGWUxxUlNlVDEtUk1CdzJNem4zSVNZWkYwLXVxNHU2S1RqcWl0Z1RVeUFBMzY1TUhudWJ5M293NVpJMjJ1SzVWMlZLc0tORmE3eEJGbjJrcVdyMTBabkc?hl=en-US&gl=US&ceid=US%3Aen,Mezha.Media,8 hours ago,🛡️ Counter-Drone,https://news.google.com/api/attachments/CC8iL0NnNXFNWEZvWWxkeFpFMTVXakpxVFJDZkF4ampCU2dLTWdtVkk0U3BHU3BUdHdB=-w200-h112-p-df-rw,2025-08-22T18:39:43.723657
"""Return Alive"" joined the project of ammunition against FPV drones: they can be used with regular weapons",https://news.google.com/read/CBMi3wFBVV95cUxPaktWZDNJVm93U2NTSFRIVFN5bnBTZUVheEtSR3RTa3owamszeUpxaUNPdURYenVSR0VnZ2RhallyZEJnLUhLcjYzVTM0UDlwYnhBb0k4YnJjblkySnVUcDhLRlhacy1uSEJyeThGeWYydTVSX1gtY2Q5blJ0VnRJVTR2a1NtSzNBZHJwaWhVR1AxdUpHRFJCLUctMnlzckZtSC11dnBOdEZsYTdsemNHUzAzbmx3a1VSZG1uUGFqMVJRXzd1emdYd3NMeXM4RHBXRnpqNmtBQmE5bzhGYklV?hl=en-US&gl=US&ceid=US%3Aen,dev.ua,13 hours ago,🛡️ Counter-Drone,https://news.google.com/api/attachments/CC8iL0NnNW5kMFpGVW1aWGRHRTJTbGxUVFJDb0FSaXJBaWdCTWdtSk1ZWW11cVE4OVFB=-w200-h112-p-df-rw,2025-08-22T18:39:43.723658
Ukraine’s UNWAVE Debuts “Pastka” to Automate Electronic Warfare Against Drones,https://news.google.com/read/CBMiuwFBVV95cUxNOGxBQzF6STExTmFnNm5VdTVVVUJFdFNBdHpiTVpHVjhFdUpnb0VLY09KcUx0ZUJyQ1JfazNUSVFqLVNqVVpOTGhWN1Fqa1h4NXZCbi0tQnpDSWNscjlzcFNmNUVBVGJ6SWdnVkd0cDVPNXhzdDBuUEQtRGhNOXh5RzltUTNveUZrZmV2bFdQNElGbVV6Z1NYRnhMVGZzeGZjX2hJdkF2c2pzSGMtUFk0dnFCZ3ZEb25ya1ZZ?hl=en-US&gl=US&ceid=US%3Aen,UNITED24 Media,3 hours ago,🛡️ Counter-Drone,https://news.google.com/api/attachments/CC8iK0NnNXdiSEJMZDJ4Sk5rdEhUMWgzVFJERUF4aW1CU2dLTWdhWmhvNExNZ1k=-w200-h112-p-df-rw,2025-08-22T18:39:43.723660
Ukraine becoming the ‘Silicon Valley’ of defense as startups develop long-range drones and missiles,https://news.google.com/read/CBMizAFBVV95cUxPYjZlektLR3BLSjFfZVE1UjBxWGIwTTBza0hiaTJVb2RhX2xLN0ZMVXMxdTVGRXBCdG4tOGdTS010dXRkd2xMZWwxVFFYcTNtMzlvTnB6cy13RXhDemNwVTA5WG5FTnVFeWdBLWV6WVAxTDB1YjNtYVA2WG4yUk1aUkROVEdpYkJlQ25rVkU4Z2ZlV0hjcmpUbG9Oalk5UEpvRUhoUnNxclVjY28yWnR3aWpyNlhSMkc3M0VYT0RtR1F4U1BOdFlLYnZBSkbSAdIBQVVfeXFMTWFNRlVERzZPUThXQ05xMEpDSTRYeENGYTVGU1Fsc1ZVVlB0dnplSkl1bWpDcHZzQk1KbGRaMXR2SUtfOUpla3dqRnpqeC1JMnlYeUVqaFNldEdpWFBCLXpjVnZJZmdMSWlCUDVtTE5CYmgyZkMyejJTZUF0ZGpuclc3ZVBmSkE4a2hsaFk4S2lfeTRhcEhaRVRHSGpFZ1JuSm16VXRDSmR0MUtVMGY2bjhPTjJ3RUk0OW9NcEd1dWkta1lSX0FpX2lKOGVvX1U1UUxR?hl=en-US&gl=US&ceid=US%3Aen,PBS,23 hours ago,🛡️ Drone Defense,https://news.google.com/api/attachments/CC8iK0NnNXBUeTFmZUZaRFlsY3hSVGswVFJERUF4aW1CU2dLTWdZaFVKQ1BIUWs=-w200-h112-p-df-rw,2025-08-22T18:39:43.723662
UK MoD seeks counter drone systems in new challenge call,https://news.google.com/read/CBMiuwFBVV95cUxNUmQ0WmQ1WU5YVTd5dHlEOU9adW9hRnJyVHN2eUFfRjE4T2x2a0NOT0o0Ym5mZURXUFZZVll4UG0zM0k2UTJHdGdpVzV1bnI4eU41MEdkNFRzbW1HNGVoem93S3dTX3FCbnhFWGhBbUxoT1d5bERUMmhkcEUyUFhSVDJySlpEWS1FQ0hGbmV6RTZDUFJzZTQ0VmhyNG5GSG0ybmxtNlNrc1RFZEtiaWxZTXhjaWFaRExWZ1RB?hl=en-US&gl=US&ceid=US%3Aen,Unmanned airspace,8 hours ago,🛡️ Counter-UAV,https://news.google.com/api/attachments/CC8iK0NnNVpWQzFKTFhGdk5HVlRORGN3VFJERkF4aWxCU2dLTWdhSlo1Qm5MZ2M=-w200-h112-p-df-rw,2025-08-22T18:39:43.723663
Poland’s Eastern Shield needs stronger counter-UAS,https://news.google.com/read/CBMijwFBVV95cUxQdGppNFBOTUNmM1VPVjFEdHlNT2VMLUIxdGNDQjcwNGw3eEFPTHFRdUlNaVlaWWh5V3dPdS1nN1VsbVp4MlpLTnRrS0JnR3ZUbHV2N0s3S0dxYklTZi1YT3Y2SkJxbW5ZLXgtYkE5WnRtWXRPenFTT21yVHFvcktjRVY2eTU4STlJbXNEYVFYSQ?hl=en-US&gl=US&ceid=US%3Aen,Defence24.com,9 hours ago,🛡️ Counter-UAV,https://news.google.com/api/attachments/CC8iI0NnNU9XV3N4VWs1dlYyNWhaRWRtVFJEb0FoaUFCU2dLTWdB=-w200-h112-p-df-rw,2025-08-22T18:39:43.723665
Ukraine’s Military Intelligence Relies Heavily on Western Data,https://news.google.com/read/CBMiowFBVV95cUxPUmEyTTJEV3E2X2xyWWlqR1VKT1pqWWRDU2RqSFdxci1CNkZOcHZVblFuMy01ZnpnZUVqdEp2cUYxdUl4aVBDWlp0RWJiRzYxSXk5ejVXQ2tWSUI5RU56dDlkVXJ6Y3AtMGcwekFMMV81YXBVaXdQRTBxSGxKWDRRUmtTY3BvU1NiSWhQWjJwdVowYW9sdVVUd2xBMFFPZUc2WUR30gGnAUFVX3lxTE90ODdXVDNWN1R4Ujg2aE05OTZWWFo0VHZZWlBaWklSNTJtNHR1aWVzeTRWYV9Uc2RkWUVrbjhReVhOMkZPV19VSGdaQWViVG8yNEhjdEFZbU9BOFZSTzBJdzUyOHg4OEZlbEx5cy1ueEZUdmpxM0cxS0tzNEtzQjFXNVNTVXlZMVdMYV9nbkRsaHptQ01CdDBhbE9fZWhONTJyTmdoSHZV?hl=en-US&gl=US&ceid=US%3Aen,Военное дело,13 hours ago,🛡️ Counter-UAV,https://news.google.com/api/attachments/CC8iL0NnNDRkbTVpYTNadlRsVnVOa0ZIVFJDZkF4ampCU2dLTWdrWk1vZ0ptbWh6N3dF=-w200-h112-p-df-rw,2025-08-22T18:39:43.723667
Netherlands to Deploy Patriot and NASAMS Air Defense Systems in Poland for NATO Hub Protection,https://news.google.com/read/CBMixAFBVV95cUxOZGVfWE91NEZBeXVrZzN5bXZsRGpzU3NiZjFqdFZ0T3NaMk03MzFkVEVuSzNWRWtaOGRZVnVQNDNrMXN3OGlBMWMzX3BzUTZjd2s1MjlWcm5zY01uSVFXMVM3TVdYUjJMMGg1MDhETTBTTk5jQ2ZMcl92dE9BNlRHMjhuZjdQcWNDdXJXc1dsLWhWdzlqZVFKV2txY1BmeHNkVTBLNmZnalVELUJUVzN6eWRxemxDbE5jN3hUX2VuQ011Rm94?hl=en-US&gl=US&ceid=US%3Aen,Мілітарний,11 hours ago,🛡️ Counter-UAV,https://news.google.com/api/attachments/CC8iK0NnNVhVSFZxUzE5WVgxTjFPVVozVFJERUF4aW1CU2dLTWdhQm9ZcHR0UVE=-w200-h112-p-df-rw,2025-08-22T18:39:43.723669
"September 2025: The Biggest Defence, Military and Security Conferences to Attend",https://news.google.com/read/CBMitgFBVV95cUxNV0ZPalpiVEdmUk8tZHh0SC1ZeVNfQkRhQWg0aEtXdGt1bkFiR2pfeFBBSmVYZWhPWVlZUXkyV1l1dzdJZkh3bFI4Z0FqTkNEYS1vWWZwV1c5enNZV1IwWVEzWnJKbVM3NTJIQ2FNRVQ4RGR0Y1pIQUhBaHBxcmVCOG1sek5BUFdPQlBjTGJFS3VTam9zeERSaEV2ek8wZi1OMUZjYmVpTDFJWXFiZHBEVjNmMHpQdw?hl=en-US&gl=US&ceid=US%3Aen,Orbital Today,8 hours ago,🛡️ Counter-UAV,https://news.google.com/api/attachments/CC8iL0NnNTBkRXBhWW5kbVFraFFXREZwVFJDWUFoaW9BeWdLTWdtQndZb212bVUxVVFF=-w200-h112-p-df-rw,2025-08-22T18:39:43.723671
AeroVironment delivers new P550 drone systems to U.S. Army under Long-Range Reconnaissance programme,https://news.google.com/read/CBMixwFBVV95cUxQTnpSWG9aQnFTbXRNOFZQTEVOZko1Zld4bTNOSzRJMFVKaEhyVVRaXzFWQ250NGE0bkF3a0EyYWJkcW1xeXE4dko0bF9hWVNxeGVsUkZZMGVMb2xnVFBYaERpeUdOd3N2cXdXQ2JFeURWZVQ2VzZXemdWRk56d0RpMVVhWkxWQVIxbEw5Z1UzbXVYQVkzUGJyNmFtQ3NONWJ1cmhuX01mNVdkSWlqM1ZwZjZqek1KZ05TRkVENHozaWJkVGVidlow?hl=en-US&gl=US&ceid=US%3Aen,Defence Industry Europe,20 hours ago,🛡️ Counter-UAV,https://news.google.com/api/attachments/CC8iK0NnNTJPRFpPTVZCc1NWQlpkak15VFJDckF4ak9CU2dLTWdhbGc1WnRNUWc=-w200-h112-p-df-rw,2025-08-22T18:39:43.723673
"Around the Commercial Drone Industry: Legislation, Agriculture, Delivery",https://news.google.com/read/CBMipgFBVV95cUxOazV0Q3YxVVI3ZDlOMmJIUnl5eVN3Z3JCRlZ4OTdNUzdwUkxzN05qRXk4MDNNWkMwbm54XzdDOWRYWWR2dlVvZ1ZldTJoRml3RGVTbWY1cEdQWUlrdVV2RzVfajI2YlVLekN3dWtweVJXLVNWSW1vcUtOOWp6ZFFqVHQtd21JZ1NwU09ZZi1xbUgwUW1iNE5URkFHRHgtQVp5Szg0Unhn?hl=en-US&gl=US&ceid=US%3Aen,Commercial UAV News,5 hours ago,📦 Commercial Drones,https://news.google.com/api/attachments/CC8iK0NnNXlWR3hSUld0V1RUaDZSa3RXVFJDMkF4aTlCU2dLTWdZbFJaYXRJUWc=-w200-h112-p-df-rw,2025-08-22T18:39:43.723675
"Drone News: SiFly's World Record, New GS-ONE Controller, Freefly Fest 2025, Drug-Loaded Drone Arrest",https://news.google.com/read/CBMifkFVX3lxTFAxUlNYQjNESFB1WXF6MFV0bV9vTlVjYXZLd0ZLMVFsYXNhYUhRS0pzcWRaY21TbTJDRGtpLTdHa1RJdXNEamZYVWxSVzJTV0gxMzRuRWdja0VzZ3U2LWVBS1JKSVA0emt1Vm9IcmRORnNTUHpnNEZjNTdCOExtZw?hl=en-US&gl=US&ceid=US%3Aen,DroneXL.co,4 hours ago,📦 Commercial Drones,https://news.google.com/api/attachments/CC8iL0NnNUdOSEZwVFdkMVZFOVhaVWRVVFJDZkF4ampCU2dLTWdtUlFJeXp2S1NwU0FJ=-w200-h112-p-df-rw,2025-08-22T18:39:43.723677
HOVERAir Aqua Becomes First Commercial Drone That Floats and Films Your Water Adventures,https://news.google.com/read/CBMiiAFBVV95cUxPZmVVU2V4Yk1IMWw2d0dSQnRtczRMZEd6R2pzMWk0b3VQZ2dCNHZtQ2xoT21Nd3BtZy1rZEs2M3B4RjVfUTFYTnBCUlpZUDV2cDZKNS1EeUJNSGRZVG5wanhEV3E4aWZaeXY5UHUybkxIZ1JENFdCUmwtRW54SWNXR2ZCYWV3dTJr?hl=en-US&gl=US&ceid=US%3Aen,TechEBlog -,13 hours ago,📦 Commercial Drones,https://news.google.com/api/attachments/CC8iK0NnNUdibmR1ZFdwV1oyZHJRMGcxVFJDcUJCaXBCQ2dLTWdZWkJJanNsUU0=-w200-h112-p-df-rw,2025-08-22T18:39:43.723679
Ondas To Buy Apeiro Motion To Enhance Defense and Automation Capabilities,https://news.google.com/read/CBMimAFBVV95cUxObzFXbTFSRnNRcXotSFZPMERoZ2JtM0p3TmtzSzM0VzU4WFFmR1QxWFA5c0dYR0RjTVh3QUsxMUlaVHc2WEt2YWtKMGE5azI3YlI0ckR4X3ZTaVprY01FVXJBbmlNWmJGVGh0RzBDMVBheHU3NkNvN0FpV0FvSlZnRUJZc2RUdUxzYXpOZkttS3lNdy1xYzBsddIBngFBVV95cUxPZ0hQUDlCTDQ5RVlxUHB0Y0FnNFQ3NW9jUHpvR201ZkhVVTQtalpiVkxMZGQtQW5FSHp5R1JaSmRnYzJRNkZpOUg5U0FMUWpSMUhSS0VKMDQzbGxLemtkMm8zX0wtQ0NPUHNoUVBfaDZscjRfMVhvZDdhTF9aaXF3eGEzVG5fUFB1NzZGaUR3MnJXQy02ZjdnSkxNai1IZw?hl=en-US&gl=US&ceid=US%3Aen,Pulse 2.0,2 hours ago,📦 Commercial Drones,"https://encrypted-tbn1.gstatic.com/faviconV2?url=https://pulse2.com&client=NEWS_360&size=96&type=FAVICON&fallback_opts=TYPE,SIZE,URL",2025-08-22T18:39:43.723681
Ireland Publishes National UAS Policy Framework,https://news.google.com/read/CBMiiAFBVV95cUxPMEZ5U2tmMnp6ZWJZRDFoWWIzWDR5RDVwcDIyQmRvY3ZEaDhQQllNbkpmT3JjRWlmamJWaWxWeUNSQnd2a0w2RkdVNnFqWVFFZWpsX016UFc2QkNJRGtINm5ISTBqSXp2cGlEa293c0EyYU9wSnVsTFV4OEZ2MHVxYl9OSjRKdEx30gGOAUFVX3lxTE4tUk5rTzVPNHdyb2NBNkkwc2RtaE5UdEtVbmFYRDZYbW1qSjc0bmVZTDRuc2gxZFNzcFdQOFE3Uk1ZbTd1V0E0WndIcDdMRTJWSTBZWV9aZkhXbVg0SzRDUHZoVDZlNWdCT3lzUU5LdzV4eWQwV3J2VWZsQXdpVWQ3OGxhQjUwX1Q5MEFuTHc?hl=en-US&gl=US&ceid=US%3Aen,Dronelife,23 hours ago,📦 Commercial Drones,https://news.google.com/api/attachments/CC8iK0NnNW1NR0pLZFRSTk1GVkplR3RTVFJDcUJCaXFCQ2dLTWdZQk1KQXN0UVk=-w200-h112-p-df-rw,2025-08-22T18:39:43.723682
Chipotle unveils new drone delivery,https://news.google.com/read/CBMiowFBVV95cUxOWVk0em9MdVNWUkJMMjd1LTlZQ256eXF1UjlMQkxxWTEwb0lvNGQ2NmxCR29UZzMtb3k5RmpLZVRXeXpiZzJrV3JEODF2TzBpYVVoc3RoY1ZweE8xMFRUSm9pTzdwY1ZQd19RU0szLUtYYmNaZzY1N21pZ010SFJtdDMwZjBkYS1XTHRPT3QzaFZnMjctSXEzNGVMTndDcEdHUGlv?hl=en-US&gl=US&ceid=US%3Aen,KVUE,1 hour ago,📦 Drone Delivery,https://news.google.com/api/attachments/CC8iK0NnNXZlbFJhYmpCaVlubFhkakJIVFJDZkF4ampCU2dLTWdZQlE0cXJ5UVE=-w200-h112-p-df-rw,2025-08-22T18:39:43.723685
Chipotle Is Testing a Futuristic Drone Delivery Service,https://news.google.com/read/CBMif0FVX3lxTE5NcEJuSV93dzRSZ1J5eTQ2Q2pMU3lfcm8xdGc5LTB1WlBkVE1QZ0xRald6R1l0aE9qTFpPcURieGQyTUx0aXVnQTFWMl9ia29KcEZpaG92QTlJaFk1WEJoeUZmZVVhVWFsdHBON3g0QzVjX1AyREhzUzI4MHk0MXM?hl=en-US&gl=US&ceid=US%3Aen,parade.com,6 minutes ago,📦 Drone Delivery,https://news.google.com/api/attachments/CC8iK0NnNUpNM0ZZWWtoYU4waHNWR1JQVFJEZ0F4aUFCU2dLTWdZQkVvcUxwUU0=-w200-h112-p-df-rw,2025-08-22T18:39:43.723687
Chipotle Announces Major Food Delivery Update,https://news.google.com/read/CBMitAFBVV95cUxPbjdzUWtzZVEyMFVDU2Q0QlBvMTFFaUQ0YVQ5Rk04UlFWR1dKLW5VTE9Jc1c4ZVV4TzJWcVl0YmlKUTh3YlVVOGpRQWVPMHBHNHUzVjM4YjZWdHE1QmlkQ2h5dG5ySXdMZzNRRnhGd0xlVHUyMTgyVHk4UjQwTmx3RHFwQmVnX1Y4ckxjTmh4aVNvWTBIY09WbGk4UDd3UlMzQ05Kb2cyaW5uUnhJdVktUGI3QnM?hl=en-US&gl=US&ceid=US%3Aen,Newsweek,4 hours ago,📦 Drone Delivery,https://news.google.com/api/attachments/CC8iK0NnNXVkek5XT1dJemVsQXlZa3BpVFJERUF4aW1CU2dLTWdhQkU0aUxxUU0=-w200-h112-p-df-rw,2025-08-22T18:39:43.723689
A North Texas Chipotle location will fly your order to you. Here's how it works.,https://news.google.com/read/CBMixAFBVV95cUxNTk5ZT0VEODF6TGthYmtDY1M0UDFwd3U1VjlmUk5Za1h1SlpSdzd0enhaN2lIQXZQa1Raa0N2WGVuVmVzbGRRWVdCdUpMNklfTU0xcHh0dXRObWY2Q2xMNmp1TEhaWkVxSlMtMzI4M0J5NkMzWlFUeVhVWlZRMEYxTURDa0RDaXk0MXVEaDhjbTBDYWhjQnNzVURHc2E4NUtkeTViUjRoV1FKM0hyOGttN2NFcU9ZRFdaVFViRDB6cThYSlk0?hl=en-US&gl=US&ceid=US%3Aen,WFAA,6 hours ago,📦 Drone Delivery,https://news.google.com/api/attachments/CC8iL0NnNU1lRWx4ZDFKSlFqRjZOMEkzVFJDZkF4ampCU2dLTWdtSmM0S3JTYUp6eXdF=-w200-h112-p-df-rw,2025-08-22T18:39:43.723692
The Last Word: On Chipotle’s ‘Zipotle’ Drone Deliveries Near Dallas,https://news.google.com/read/CBMilwFBVV95cUxQaExUeERCMXhSYWdIWDY5RUZGclNrQ1h5VjB1YzZlWngyR01oaXU0S2M4bXc0TjRZQzFoSWtsTHoyc3hseEllLUI0eGxSNHZJT2tsRVhFMktyVGdlX2tMTTRTeGtqckgyaHQxcjVJLTRDRzVhY0xyQzJta1hNSy1sclhzR0RpY1ZibFNReEV3MDdDN3pRTENF?hl=en-US&gl=US&ceid=US%3Aen,Dallas Innovates,20 hours ago,📦 Drone Delivery,https://news.google.com/api/attachments/CC8iL0NnNHhSV1p2T0ZWYVRYbGZVM2RFVFJEX0FoaWhCaWdLTWdrSmM0S3JWYUZ6S3dJ=-w200-h112-p-df-rw,2025-08-22T18:39:43.723694
Drone delivery: What are the new rules?,https://news.google.com/read/CBMimgFBVV95cUxOREtPd3J5eU9keUZvdFp4cWlCQlVkcURXZC1vQjhTZkJkRzM4elRLN2VvZjFRclI2TXNTd0R4UEREVEdfTUZPbjdERTQtd0YyUEQyU3NpMkhlczZPUFk4SktrTlBLV00tTmpPSlpLSEJqSlFxa1ZDVElnZC1hR0NvaTdSdzV3MHEtM0w5cExRTW9obDhFSFU3MU93?hl=en-US&gl=US&ceid=US%3Aen,The Irish Times,9 hours ago,📦 Drone Delivery,https://news.google.com/api/attachments/CC8iK0NnNHdTamxMWDNOclQyVm1ZM0p0VFJEZ0F4aUFCU2dLTWdhTmdwaU5NUWc=-w200-h112-p-df-rw,2025-08-22T18:39:43.723697
The future of farming,https://news.google.com/read/CBMib0FVX3lxTE5VOFg0NzJzZkRxSC1fa3RqbUhrcDlEejNJTldadE5mZURDMEMwckY3elhNQ3lBa29xa1VGYlNkNGZvTkV1S05WWXI4ZzQySDI5OVJGMHJkWDRyME5NYkpROFdURVdsMkJaNmo5MlZxdw?hl=en-US&gl=US&ceid=US%3Aen,The River Reporter,5 hours ago,🚜 Agricultural Drones,https://news.google.com/api/attachments/CC8iJ0NnNUxkREkxU0ZOVk1tUkRVRVF4VFJDdEFSaWpBaWdCTWdNQnNBQQ=-w200-h112-p-df-rw,2025-08-22T18:39:43.723699
Drones deployed in Guangzhou’s Conghua for epidemic prevention and agricultural development,https://news.google.com/read/CBMivgFBVV95cUxPZmtaZHRFNUZYLTJyMTN6cno2ZHVfdE5FMWlSOUQwTUgxT0hRdUR2Ui1tbWRBWEVpQnpORGZFdXVzTmRZOEFrQlZrWkhzMGpmelpQYXdwSVdsa3NVbmU3T2hEVWtvWE5BaU15UUdCRkM2QTV6MEREaG9zcDBZT2tWblZBUDh2RkNlRnZIVFFhcGlPYjU0ZV9QcGF4VVhNNFJ3OFNGQXA2aUVubENlc1h5V3pqaXR3ZkZXczBMOUVn?hl=en-US&gl=US&ceid=US%3Aen,Macau Business,9 hours ago,🚜 Agricultural Drones,https://news.google.com/api/attachments/CC8iJ0NnNHlZa0pIUzBWV1pXbHpkRkpFVFJDNEFSaVJBaWdCTWdPcE5Cdw=-w200-h112-p-df-rw,2025-08-22T18:39:43.723701
Teco extends automotive powertrain expertise to drone motors,https://news.google.com/read/CBMiiwFBVV95cUxOdS1ScFdJSUNXYy1XNEVLZG9NQmR0Nmd5bWxMQ08zVUNPaTB3dmFaTDBwRWFuRk96ZXFrMlBWckgtWkgwX3NPY0RWTEp3RkF3R3h2WmxJTkpHN1pHOE9mWUdPM2lYSXAySlpLSGN5U2hZQXZSMEZBakthc2g0TzZkY2VqR2x5amhQajEw?hl=en-US&gl=US&ceid=US%3Aen,DIGITIMES Asia,11 hours ago,🚜 Agricultural Drones,https://news.google.com/api/attachments/CC8iK0NnNU1hM3BFYkVGUlVUZEVSVVV0VFJEZ0FSalFBaWdLTWdZeFpKU1FKUWc=-w200-h112-p-df-rw,2025-08-22T18:39:43.723702
Garuda Aerospace launches five defence drones in Chennai to boost battlefield and rescue capabilities,https://news.google.com/read/CBMitgJBVV95cUxOVHJmVkJrazBWRnZIakhUNWp6bExVS2ZkT3AzSFRXWnB3QmZBSkRXcU1kaDdEcXBoTTZlWW9PdFU4bVUzZnpLTVk4eHdmOGRfQW51Z1cwaE85TnNXLUZoR3Y1c0p1Q1F1clBodV9wTTFfaEVqREpRcHYtWjB3cHZjYXQyR2dPVU9GWmg1bXBSTzJhc1pUaFF4bEZ6THA5Q1ZfRC1wdXpmSTVTM3UyZDFGQ0ZfMnNBYVFLZjJ0bUtsZk9kdGlMeFZOb3FMek9WdUJ6QTRHOWJYUXBaOUUxWW9hVVd3UWtLcE1IeE9Xbm1MckZaLWRIRmxlYnJqTWljVFJ5M2xHN0Q1SVJZRlJpUVV0cVFvRVFjbVUtVkNvN2pBUXp4SlROS2NaSVYxX3AtVjRNTmlGREh30gG2AkFVX3lxTE5UcmZWQmtrMFZGdkhqSFQ1anpsTFVLZmRPcDNIVFdacHdCZkFKRFdxTWRoN0RxcGhNNmVZb090VThtVTNmektNWTh4d2Y4ZF9BbnVnVzBoTzlOc1ctRmhHdjVzSnVDUXVyUGh1X3BNMV9oRWpESlFwdi1aMHdwdmNhdDJHZ09VT0ZaaDVtcFJPMmFzWlRoUXhsRnpMcDlDVl9ELXB1emZJNVMzdTJkMUZDRl8yc0FhUUtmMnRtS2xmT2R0aUx4Vk5vcUx6T1Z1QnpBNEc5YlhRcFo5RTFZb2FVV3dRa0twTUh4T1dubUxyRlotZEhGbGVicmpNaWNUUnkzbEc3RDVJUllGUmlRVXRxUW9FUWNtVS1WQ283akFRenhKVE5LY1pJVjFfcC1WNE1OaUZESHc?hl=en-US&gl=US&ceid=US%3Aen,The Economic Times,5 hours ago,🚜 Agricultural Drones,https://news.google.com/api/attachments/CC8iK0NnNXlkVFE0Ukc5SmRIRnpTemRFVFJEZ0F4aUFCU2dLTWdhQlFKelRuQWs=-w200-h112-p-df-rw,2025-08-22T18:39:43.723704
Director: Nation’s largest outdoor ag show brings economic impact to central IL,https://news.google.com/read/CBMiuAFBVV95cUxPM3RlTGxFR3Z5R0tQTDk1bWczZllBalZkRUNhUVhqd3ZUQm5jZjdfQjJlQjJzaUJOTmpqSGFHWWstaGFFY09YbVBuQWNGNFV4d0EyYnJuUlNjZ0tlUVpBNlFEM29OM3F1Y1REU1NqbEJBYTV1M014MlJSR3ppU2lwZzdpSXFKU0R5Z1Fhb0FDYlY3ajZ5MzVxbG5jc3BjWmgxeTFvQUV1OHQ3SE1sRkpxUF9JajA3c0FW?hl=en-US&gl=US&ceid=US%3Aen,The Black Chronicle,12 hours ago,🚜 Agricultural Drones,https://news.google.com/api/attachments/CC8iK0NnNDNiME5PTVVkUWRrVlJjMUZ6VFJDZkF4ampCU2dLTWdZQk1JZ1RNUWM=-w200-h112-p-df-rw,2025-08-22T18:39:43.723706
Sustainable rice farming techniques to combat climate change showcased,https://news.google.com/read/CBMi2wFBVV95cUxNMEJxTUZRUjUtRVlqRmdGcGh6SV9Gczc5OHlxeHdiZEZya0FFUmhDeVZSYXBpYjBIQTcxZEkxcHctMkw1bjBpM1BKWVU5ZmJBUFRrX1pBOGNwMWNKVC1MLTA4cmJ2M2EzU3pfUzVLWi15a3FQRFY1Z0tDWEFNeHIwU2tPUG1ud1BVUXlfNVVIdzhkdWR6MzdCamRfTGZHN0hYcGVDdndrVnJ3TFVnSTV4bTVpVHlUYkd3VFROdHpTbWFsTS1PNzRvSGwtWmJvOGF4dWZQNExoZjJsVWPSAeABQVVfeXFMTVFXdkN3dXAzMWlPaFdjbkdDemNmOVNmZWhXT1ltb0dMYVVKZTlHTktqeGt1QVFhdVA3SU5XSTRFNmJ4bnRFdHR5X0ZXNU5JS0lFSXYxLUFPRGV3TGVsblBaVVhnb2s4cFp1NDJFaFhneHhJY2lnSmhSVGlZTURvaHB2US1jbHo1eTMxOTlyR1ZqTVE0RGc5YVpjMl9MY2lRZ0xOVU42SlFwTXZqSGozek5yVXFaeVZjUmpZc09hS243a3VXOTJXTFVfNXRic1BZcjRzTHVqVkJjUV8zYTRueno?hl=en-US&gl=US&ceid=US%3Aen,The Manila Times,2 hours ago,🚜 Agricultural Drones,https://news.google.com/api/attachments/CC8iK0NnNXVhRGx2TUhKYVVXWXdkeTB3VFJDUkF4ajhCU2dLTWdhcFpaTE5LUWM=-w200-h112-p-df-rw,2025-08-22T18:39:43.723708
DroneLogbook co-founder visits I-Mei in Taoyuan,https://news.google.com/read/CBMiVEFVX3lxTE1ndkRzVTRxbmI0a0JjaGExSFFqenlmUUs4RTVXVVhua3UtSmRUUHQwOTVGc040WkJuMnM2ejNSZUhZd2tjbVpBUldyU0tlSU92NkQteQ?hl=en-US&gl=US&ceid=US%3Aen,Taiwan News,7 hours ago,🚜 Agricultural Drones,https://news.google.com/api/attachments/CC8iK0NnNXpWR0Y1UjJwR1YzRTFkVmswVFJESkF4aWVCU2dLTWdhaFVZYXNvUWM=-w200-h112-p-df-rw,2025-08-22T18:39:43.723710
'China is living in the future': Drone airlifts man stuck in Guangxi floods - watch viral video,https://news.google.com/read/CBMi7AJBVV95cUxQZHEwazB2ZUozYnFaTnpzSG9BclNaSUM3T01zbzFtYWNOc0xZbUQ1WENlb2ZvaHRuSFFPT1E5MFIxOGtYcmdWZUl6d3hyR2RPeUdqcjNxTzhYX3A2Y1VZRFNwNDJfNVNtcFRObjZrbDV5bzZJZW11a3dQUzJTcEZCcktaWEdGLWQ0WUpjOEszNWNyanlRaUFZUnppdXZOdVlwa09lejMwNnhpYXl1a0RYamdPd0VoMTB3VDhFdGd5V1c5RHNLNHUyVnFGT1JaUnRUVTliazVFUUR5MEpyMEtDOWxXSG9UWU9XR3RBRDh2QVBJREdUNTZ5S2NPWXlvYnRySlpaYUFsYnVTeVpRc3JqM1dzMXlSQ1djSHFTaGRmSlFUMk85M3lqdkFHUXVDWk80VmJrWUpGRk9neGx6VlA3aC1mSHVrVmhBMVJvemxTc3JNNWxwYlZVdE02bVY5V0JRYThFRmUtWHFNelAy?hl=en-US&gl=US&ceid=US%3Aen,MSN,19 hours ago,🚜 Agricultural Drones,https://news.google.com/api/attachments/CC8iK0NnNVBXbk42UmpBMU5VdGZjSFZFVFJEUUFSanlBaWdLTWdZRkI0emtRZ1U=-w200-h112-p-df-rw,2025-08-22T18:39:43.723712
Marut Drones Surveillance Drone ‘Skyswift 56’ Receives DGCA Type Certification,https://news.google.com/read/CBMie0FVX3lxTE1BVndNYjZLSXJvdGVod1FHeUd2SVNKVnRXQ0huM1VPVHhJQ19aVlJtNzlPTF90YS0zeWxfVEFyU3o4Szhna0dSbGRCX3pBRXkwNk9qUXJUUnRpSE1zZGVQV2dGVXlYbGhqYS0yb0tlaFBCb3pIeHNpMnNvcw?hl=en-US&gl=US&ceid=US%3Aen,Indianweb2.com,7 hours ago,🚜 Agricultural Drones,https://news.google.com/api/attachments/CC8iI0NnNW1NMGhTVFdsUlZrVmlaV0UwVFJDb0FSaXNBaWdCTWdB=-w200-h112-p-df-rw,2025-08-22T18:39:43.723714
DJI Mini 4K Drone Sees Rare Amazon Prime Discounts Amid Shrinking U.S. Availability,https://news.google.com/read/CBMie0FVX3lxTE8xZFJoVHBtSm45dXhpNkNtWmgwMG1zOEtoaVMwOHgzMWpPYWtybVdQSml0dnctTjByUmVzRURsR2xiU255Z00xWWVUZnpZWUFwMkdSUVZqMFhQTWZvejgxYWJQS215TVBCQ3J5OVNKYS1vUTA2azZOSmU0TQ?hl=en-US&gl=US&ceid=US%3Aen,DroneXL.co,1 hour ago,📋 Drone Regulation,https://news.google.com/api/attachments/CC8iK0NnNXpRWEZEUkU1NFZUWXlhMFZQVFJDZEF4am5CU2dLTWdZWmdZSXV0UVU=-w200-h112-p-df-rw,2025-08-22T18:39:43.723716
Drone 'risked plane collision' over central London - UKAB report,https://news.google.com/read/CBMiWkFVX3lxTE9vUzJmR1EtbEtpTmhsS04zU2tmam5XcnVhWVJwbHQ2S2FDdi1GVlIxYVlXVGpIdnRpNXhFQ3E3Tl96X3BEdVkycldCRFBwZjJmNGZmbkp6Z2c1d9IBX0FVX3lxTE13Ukt4UFB2NFhmVVl4SkdfbG5IUGRGRnBoaUFLdjhZQnV1SjNBQWpTaEt5cmVtUUVyNEZEQXRwSUQwcUx0VjFJSDloZVFmYkdTUXNjZnZ1LU44d05LRTBn?hl=en-US&gl=US&ceid=US%3Aen,BBC,2 hours ago,📋 Drone Regulation,https://news.google.com/api/attachments/CC8iMkNnNHpXbll0WVhSaWRtbHpUaTB6VFJDZkF4ampCU2dLTWdzQlFJYk9SQ1RZYktsRGVn=-w200-h112-p-df-rw,2025-08-22T18:39:43.723718
"Apply safety rules to more trains carrying flammable cargo, lawmakers urge",https://news.google.com/read/CBMirwFBVV95cUxNR0dQTm9LS1lfc2VGR09uYVFUU1FLelRJZE12dDFVR21XMXhkZ2xsTExxSjZuY0xiX0dqWGFIZUYzNUlXb2swMW5vUzN5TmVGOVBTU0FYUzMxakdwRGFLMTZXUlk0TTlEdVMzVFVKTF94M0tsYm5fXzIwOTNENzM5akxYSkdkb0NxMFpwTU1Tbmk1VUl6MzR0NDdhWkdWSGZSbFVPalkzcTV5RXViUllj?hl=en-US&gl=US&ceid=US%3Aen,Houston Chronicle,4 hours ago,📋 Drone Regulation,https://news.google.com/api/attachments/CC8iL0NnNTFYMEV6UzBWVmNEbEhVVGhzVFJERUF4aW1CU2dLTWdrUllKQkhKdWtPTUFF=-w200-h112-p-df-rw,2025-08-22T18:39:43.723720
Oil prices set to end losing streak as Ukraine peace process stalls,https://news.google.com/read/CBMiwgFBVV95cUxPc09YY2h1dXhRSnZtRGZnVVlIdnZLczdNOGN2ZEZXM3lUbnMyUWhlRHZ0bUhUQ3BpSkZNWkFVcElHT2RCdzBWNkRIUHUxbDJHX3dEWjFVVnVNak9ncWZNM0NIaE1HZjBKRUZ0VC1GRHFGcXBBX0tOVXpRQjlIQnZnWWNVSGRsOWt4LU1hRnd6TExISHdsWWJVRWdSdWpSbXR1OWQ1anQweDlEa0dWYlFiRTJsU3ZOYUhsbWlXazF1SXNuUQ?hl=en-US&gl=US&ceid=US%3Aen,Reuters,9 hours ago,📋 Drone Regulation,https://news.google.com/api/attachments/CC8iK0NnNXNja05XWjNsUFIzbDFibkpZVFJEckJCanZBeWdLTWdZQnNJNWlRZ1k=-w200-h112-p-df-rw,2025-08-22T18:39:43.723722
Airfields across the country targeted as innovation hubs for drones,https://news.google.com/read/CBMiWkFVX3lxTE1Rd1BrbERyV2FyckhsY3NhQkQyVG12TDM1bGtXMmhvVm5iMGlmQnI5TG1xZUlIeEp0Ui1VeVdpQUhSam04SmllWW9jSjZncmxSVl85bUZYOGlKUQ?hl=en-US&gl=US&ceid=US%3Aen,businessplus.ie,11 hours ago,📋 Drone Regulation,https://news.google.com/api/attachments/CC8iI0NnNTVkVTlEZUVOM2NsWlBjM2cxVFJERUF4aW1CU2dLTWdB=-w200-h112-p-df-rw,2025-08-22T18:39:43.723723
FAA now investigating illegal drone activity at Buckley Draw fire,https://news.google.com/read/CBMipAFBVV95cUxPX3R3SFgzMEljWVM3UzUtRm9VTFpVaF83VXlvZk1OYjVCbENnd1JEV3NROGJDS2hNR0tEZGkwWWsxOVEtSU04VF9FUmQ5QzdWUTNsWXFENmlXeHBlaVRBeHRuMVhrQWxxRGttcGg1V3VOZWZIOC1LRWFsUExRQmRRUGczMWY5VEczQ3NlRDBxOTk4ZEhQRnJ2UzNjeEVfREFhRWgzaQ?hl=en-US&gl=US&ceid=US%3Aen,ABC4 Utah,18 hours ago,📋 FAA Drone,https://news.google.com/api/attachments/CC8iK0NnNUJUa2RJVG1ZMFR6ZzNkVXhWVFJDZkF4ampCU2dLTWdZQllJRmE0QUU=-w200-h112-p-df-rw,2025-08-22T18:39:43.723725
What Were The New Jersey Drones? Former High-Ranking FAA Official Gives His Take,https://news.google.com/read/CBMiigFBVV95cUxNQ3NwbkFMZTR5TmV0bVpJeTdEc3ZpckVfTTVFZjVib2hIYnFQbW1LVVFxNHU5OVltRUpBcW1zS0lueHlIdkZob09FMy1adFhpbFEwcHFYSnZBVnk4SGpaMUx4TWNoNXpFdzdtc3VtamtFOU1BQUNaVjVYQV9SVG5RbHVQRTR2ZXVHWXc?hl=en-US&gl=US&ceid=US%3Aen,yahoo.com,22 hours ago,📋 FAA Drone,https://news.google.com/api/attachments/CC8iL0NnNWhiMDlWUjNWcWNHWmpjSEYxVFJDZkF4amlCU2dLTWdrTkFZWkxtV1NxOHdB=-w200-h112-p-df-rw,2025-08-22T18:39:43.723727
Colombian Black Hawk shot down by FPV drone,https://news.google.com/read/CBMic0FVX3lxTE1MTUpnb1NwaW1WUXhvVjFfVG5xWmhxWXIyODBWSGpmcVViV0xzSVNfRW9sQ3RTbmdiRkE1RmxNSkJHYnA4aEEzSXJHa2xyWEwwWG1oOTlNazlkNWlnZWlIRTVJd0FXbEc2dTc4VC1hb2NrYzDSAXhBVV95cUxPZmRiMjVXQmNQVXJBNElJREpDWU8wc1M4SFdzaGp0RTFQYm9UdDBRb0NuSy1Wcm8tQmROTjJ2YlQwNnBXOTdmXzlSZnRNaWwzdGFCNG9saVBnS2pUWTYzeFBxc1dDenhqT3lnemtKaUVxQV9GNDE0M3c?hl=en-US&gl=US&ceid=US%3Aen,Defence Blog,7 hours ago,🎮 FPV Drones,https://news.google.com/api/attachments/CC8iK0NnNXFYekp3WWxKVFp6bGxNMGN6VFJERUF4aW1CU2dLTWdhTk1ZeHJxUWM=-w200-h112-p-df-rw,2025-08-22T18:39:43.723728
"Invaders attack Kupiansk district with FPV drones, one killed, three injured",https://news.google.com/read/CBMiwgFBVV95cUxQNW5YVUVsWEtuamFmYlotZW4xWGxyRnQ3andfdWRHcG94VlBRVUtiNjF2SDQ4WHhqS0pxaWZFSVoyRXFPRkVrTUZzSFVRRDV6SEJxcTk4RzVhc1BNZlhwNFJzVVBEc0ljdjNtazhPc2J5VHVJLXp1UlhzMlo0cGQ4Q1RqVW5UWkY5NlRlYnh3WWYwMThsa05wZFhZWnJzMjk4Um5Bckp1OTFmT0duMW5CaFhZMUxYSFdTYjlfQ2JnZnB1QQ?hl=en-US&gl=US&ceid=US%3Aen,Ukrinform,12 hours ago,🎮 FPV Drones,https://news.google.com/api/attachments/CC8iI0NnNDJiMUp6WTBJeGMwZGlNa1JLVFJEb0FoajJCQ2dLTWdB=-w200-h112-p-df-rw,2025-08-22T18:39:43.723730
Registration open for the 2025 FAI Italy e-Drone Racing World Cup,https://news.google.com/read/CBMigwFBVV95cUxNRzRnUGY2cnY0QkNIUHJ3U3NYTGtXSy14TGdwaVJRWGttOEFtN3pOSHFoVFV6SmExWVYwRW0tVFJXazI3U0xsUFIzMlFnZlppQlhTcEFOWkMySXB1dEJYRDhEOVhCWmlUT0ltTk1POGtPcGs3S0wxa0lMZmNSYzZrb1VIcw?hl=en-US&gl=US&ceid=US%3Aen,FAI | World Air Sports Federation,5 hours ago,🎮 FPV Drones,https://news.google.com/api/attachments/CC8iJ0NnNXpNMVI0TlhsRk5IbG9VMjkyVFJDZEFSakJBaWdCTWdNcFpBNA=-w200-h112-p-df-rw,2025-08-22T18:39:43.723732
Ukrainian Armed Forces fighters destroy Russian FPV strike drone for the first time,https://news.google.com/read/CBMiuAFBVV95cUxNelJPcFg0dWZjX0JMbFRZSmJnbE1KMmdNVEtYeHA3T09CZ1FURndqVGlwTUV3ei00NmpNeHhQNUstVmxyTk5oTXNMUlQ4dUlFZWFYcGxuRWFGTC1zczRaU042U2hnTk80aEk5SGtNcnI5cldxOEV6WWNsdm1UZ21aaWt3S0hGZlhYOFJyZ1E4N3MzUHlIWTJadW5NTjJ1ZDB2cTFhMUVaSHlvbEgwQ0VMeUgtYWozOUZ3?hl=en-US&gl=US&ceid=US%3Aen,Online.UA,1 hour ago,🎮 FPV Drones,https://news.google.com/api/attachments/CC8iK0NnNVRhVXhsUzNJelYzUlBObU5OVFJDeEFSaWNBaWdCTWdhRjBZUnh6UU0=-w200-h112-p-df-rw,2025-08-22T18:39:43.723734
One of the best non-DJI drones just got discontinued. The announcement went unnoticed for weeks,https://news.google.com/read/CBMihAFBVV95cUxOWkM4bG5iZ2x6T3RwQVJHSFhxWkc2QXR2WHR3VkVDSmsyZGdNWVRMcmRYS2RFS3FMZDF5LWk5Q3hySVJIUFkyWnItN3RYZThGeDhjVGpYVVJmRkx3ZU5lalJ0MjY2cjhHZlJKU0dYMWtaMmtpUHZ3UFBGaXd2NFRLYWN0cUQ?hl=en-US&gl=US&ceid=US%3Aen,Yahoo! Tech,12 hours ago,🚁 Quadcopters,https://news.google.com/api/attachments/CC8iK0NnNXlVMlpuV1ZSV1VUUmpaVmt3VFJDZkF4ampCU2dLTWdZUmc1RE5zUVk=-w200-h112-p-df-rw,2025-08-22T18:39:43.723735
Forging the Future of Warfare: Inside the Pentagon's Urgent Quest for Combat-Ready Drones Amidst Ukraine's Shadow,https://news.google.com/read/CBMi9wFBVV95cUxQbEFFdXFmcWJRYWh3TEtoYjZRdXd5VDFKMnVmOXRjSE5nLUY1d0ZqaW16NGJETVI5TFZ1MGl5R2g3SjJ0SS12Uk1ydnhMLUVHM09qZks0ZE92ZldGajZ0NEJ0SnFoS0VrdGJraFNtTV9qZFY0LUcxVmlvZUtqYnRtNlRlSEc1a0ltOGpzRHNCN2RMUDVnR3doNFMxMjFYNW9nc1dUTEk3dlRuUkRsN1dRWE1ZczhmNzluOVBpMDF4bFFVaUhfUUlCMlQ5MzlxNWJ4N01vVl81OERPa2tZa25INVhrc29xMU5uNWxrZnh2OUpUbUFqNy1N?hl=en-US&gl=US&ceid=US%3Aen,MSN,21 hours ago,🚁 Quadcopters,https://news.google.com/api/attachments/CC8iK0NnNWFkRkpNVUUxTmJtTkpMV1pSVFJDZkF4amlCU2dLTWdZOXNvd1NQUVU=-w200-h112-p-df-rw,2025-08-22T18:39:43.723737
"Russians Convert Orlan UAV into FPV Carrier, Shot Down by Ukraine",https://news.google.com/read/CBMinAFBVV95cUxOQXFUMEIySzVFMjRUODBpTXB2X3h2R1Ywa1VGV1lfd2ZJVXNnZmZwaEdORDFTWUVhOHNSQm9aSDk1MDVLNTJYQlUyRUE5LWEzSFJPRE9mOThpT3dWLVhjRTRtbWhXSDFhVXJrbTR5NDdMaEZHeFJ2Q0JPUkdVOVQxWDNDMFNZVGVsZ1ZyVVNuM3lzb1B4bk84RTlURFQ?hl=en-US&gl=US&ceid=US%3Aen,Мілітарний,8 hours ago,🚁 Quadcopters,https://news.google.com/api/attachments/CC8iK0NnNXNjbUpLWWkxUWJGUkthbmh3VFJDZkF4ampCU2dLTWdZSjBvUncwUU0=-w200-h112-p-df-rw,2025-08-22T18:39:43.723739
Tralee Mayor isn’t happy with party’s decision to back Catherine Connolly for Presidency,https://news.google.com/read/CBMiywFBVV95cUxOdWp0WWFUQzB3eXpXdWM3UHlobWc0VzZjV0ZmV1NtckZrUnp4d1ZFWjBtUHpNNElxODhTUW1CWWJSR3ZKLUlSY012MnJjOTVvYVFScktTcFFvQ1QzblowNTlRNFNCMlNOOGcyd0lka2FIRDhRQUo4RGtoSlVsVGtIZW1WdnhWTzhzeFp2dGQ3Y3k1NmJHYng0bTlSRG02Vkh1enpHYWRKUnEyMXV3bGU1VUF2Qjk5MTdjaVdiZ0lJbE1rcWdJQ0lFVnlibw?hl=en-US&gl=US&ceid=US%3Aen,Radio Kerry,6 hours ago,🚁 Quadcopters,https://news.google.com/api/attachments/CC8iK0NnNHdieTE0UlVSZlpVbHRRbDlKVFJDM0FSaVRBaWdCTWdhcEpZek9HUW8=-w200-h112-p-df-rw,2025-08-22T18:39:43.723740
US Army Takes Delivery of P550 Small UAS From Aerovironment,https://news.google.com/read/CBMif0FVX3lxTFB1bVhfRXlhVlpfUlNvSWpHbXVpaHN2YzdIVnhpV0lnTDRRMkswdjVFOFNNdEluUXp5eGphLVZackZCX3ZFWW1WVUdyZkdpV0szc2dNY1BhSmw5OXFWd3VVT1BzZlRJUEFkYmJBRG5OaEhoNXdiYnFFeW1Xb2JramfSAYQBQVVfeXFMTUZ0MGRiczNqQXR3c01Uck5qYjRBQTM0TTR3VXVScm5KMVE1ZkV0QUViSmhkN2ZlamdlVEdMbHA0aTMzTllnQTItLTJESThuaDB2aUVTSXNXZks3UXBjZzk2eDdTTGZrMl9CaWYwX0tQMzRKY0taSFZveThjM2lUZV9pN3hn?hl=en-US&gl=US&ceid=US%3Aen,The Defense Post,13 hours ago,🚁 VTOL Drones,https://news.google.com/api/attachments/CC8iMkNnNXNRMGhUWWpaRlNFeHJNMGxDVFJDZkF4ampCU2dLTWdzQklJVFAwS0tLaFlwSnNR=-w200-h112-p-df-rw,2025-08-22T18:39:43.723742
Drone surveillance exposes massive illegal operation — and the perpetrators are facing hefty consequences,https://news.google.com/read/CBMimAFBVV95cUxNR252NWJfWl9ldUdlODY0WTlxbVVYb1B5VEJTUmd2c2ZxQlVCVG1TSDhpRjdoWVlwLWZ1aXJxdjdDcThaTmNEenQ3TkdYOHh5anVBcl9IODNEZUZub0Nld184T1g5Z2QySnZ0a3I1T1Bqa2d3TXE4V3VwXzZKZGRCX29McE1MNkQwdFVma2VBTy1wWjFJd2hEbQ?hl=en-US&gl=US&ceid=US%3Aen,yahoo.com,8 hours ago,👁️ Surveillance Drones,https://news.google.com/api/attachments/CC8iL0NnNVhTalJHUTBOeVNsZEphM1V4VFJDdkF4akhCU2dLTWdrQk5JcUpIV2lLVVFF=-w200-h112-p-df-rw,2025-08-22T18:39:43.723744
"Druzhba Exports Halted Again as Moscow, Kyiv Trade Aerial Strikes",https://news.google.com/read/CBMickFVX3lxTFBYa1FJeURXTEhNVVJzMEx5U3ZYZUQyZ3hrTHpnMkdTM2xuVjU4cFJFejBnOExnLVRCZ1haR2JyQkljMzZlamdPUUFrd2F0OEJpRTFwUkVpVENHdnVLU1hDWDllN1YzS2JaWVZSQmZRc1g4UQ?hl=en-US&gl=US&ceid=US%3Aen,energyintel.com,2 hours ago,👁️ Surveillance Drones,https://news.google.com/api/attachments/CC8iK0NnNVZZVXd6V0dkWFR6UmFNVVEzVFJDM0FSaVRBaWdCTWdhWmhKTExzUWM=-w200-h112-p-df-rw,2025-08-22T18:39:43.723746
Marut Drones Gets DGCA Certification For its Skyswift 56 Surveillance Drone,https://news.google.com/read/CBMivwFBVV95cUxPZEFiNmh4NlZsNkd1T1A3Uk85RnV4VnJwRDJpanU4Zld5YnlrREVIWkJYbTFZcFZGZlp6cUNMZWtEVmxIbmplakRMbDJQbTlTRlRKUm5yMkJGZEROTEtBbENoMFFKQ1YxSkpKaktVNDUtWXZsa09jdVlIa0ZSOHkyZ3JaLUF1b0FyVVhwcmdKdUhhLXM1R3pDYVVZMkdiZkJzY2Z4V0YyUDNrT2M5Y2JNeGlQS1N3TFhJNURhSjlkYw?hl=en-US&gl=US&ceid=US%3Aen,Analytics India Magazine,6 hours ago,👁️ Surveillance Drones,https://news.google.com/api/attachments/CC8iL0NnNXhjRjlpZW05TFJtYzVUbmhDVFJDZkF4ampCU2dLTWdtTlFvU3RtZU9hOUFB=-w200-h112-p-df-rw,2025-08-22T18:39:43.723747
Can Nokia’s 5G Drones Transform the Future of Mining?,https://news.google.com/read/CBMijwFBVV95cUxQQnlWX21jS1YwTnN4bzVZemU0amxOdC1XaVhlMHJVUVBZODJsOWdVTjRjcVJ0clJrdFh2Nm0wTWtPZEZFWlN5U1dWcVc5NjJKdUdpNUxLOS02ZUNZN2RQNGc4OXczY0tTYlVDVUxoZzNUeGlGNElvQWVPYk0wc29fMzdUQTNJTENueHYxZnl4RQ?hl=en-US&gl=US&ceid=US%3Aen,Mining Digital,5 hours ago,👁️ Surveillance Drones,https://news.google.com/api/attachments/CC8iKkNnNDVVa1ZDTkcxeVIwdElVek5SVFJCb0dJb0JLQW95Qm9XQmttMjFCdw=-w200-h112-p-df-rw,2025-08-22T18:39:43.723749
"Ukraine Strikes Crimea Drone Depot—Takes Out Iranian Mohajers, Russian Forposts",https://news.google.com/read/CBMivwFBVV95cUxQMU1kNmp0ZWJoUGtPUXg3MTV4LVBTRm5hdnNtdmtWR0ZaUHZJUWVrVGZCYkx2MzFxY3g5TjVfUTcwQ1lpaE5zdmtJc1ZObnNUZmE2UFlCQUFMNzZoYk5ZMHREWjYwMjVYa2o5ejVTbFRDLS0wbWpYUWdudkpjN1ltSjV2NXo2bHFHdmtsTnhJbUxCX1ZNb1VwMWZCcHpXRk1vcTYwUEptX3ExR28xMzJNMkF6eEZHd01xME5CcFVVWQ?hl=en-US&gl=US&ceid=US%3Aen,UNITED24 Media,8 hours ago,👁️ Surveillance Drones,https://news.google.com/api/attachments/CC8iL0NnNDRVWFJRVDNoWFFtYzVaM0JoVFJERUF4aW1CU2dLTWdrQkFJeUNKaWRrVWdF=-w200-h112-p-df-rw,2025-08-22T18:39:43.723751
New Targeting: Drones of Death Threaten Relief Teams in Sudan,https://news.google.com/read/CBMipgFBVV95cUxNbWVqd3lkYkF3RVU4bS1tTFBzOFJwSDBQc0NGUHJPb0xKd1dweUVfR01wVm1XSWJaUkFNczZ0LUNLZE16ekhoY1EyNnZFTjVnREdETHBDMTRndlRXQmFQa0xIMjMyUm8xQWVtWjJMWG5HM2lsQkM5ejJEYXI0bGtSVExVSFZEa3RaWGVkMU9xT3NXZmNFSG04NDFfYV9RSTUzYzNjSkh3?hl=en-US&gl=US&ceid=US%3Aen,IOL,4 hours ago,🇹🇷 Bayraktar,https://news.google.com/api/attachments/CC8iJ0NnNDJSekp4WXpneFZFTTFTMFl6VFJDM0FSaVRBaWdCTWdNQmtBZw=-w200-h112-p-df-rw,2025-08-22T18:39:43.723754
Baykar’s Export Success Makes Bayraktar Brothers Türkiye’s Top Taxpayers for Fourth Year,https://news.google.com/read/CBMivwFBVV95cUxPNk1JOXNuOXYtUldxYzZoWVJieWdPX1g4Z193cmd5UDdMV09OR2VKZGwzMFNZSG9EVmRaeDBxSVFyWlVNUmExNmNqVHhmSHlVcm9WRXNPNXIzczVsYW45TjJGMHJjTHdPQ1llY1ZRWE83UjhfUk5uWDB3cm5Gb3d2SlY3S3hTMnBtY1VXQkdWcEFYRFUzRGdrZGFZS21aNHhSVnRZdVdmNW1jai1jY3RYSGxNTU8ycHJ0VkFValh6aw?hl=en-US&gl=US&ceid=US%3Aen,Global Village Space,22 hours ago,🇹🇷 Bayraktar,https://news.google.com/api/attachments/CC8iI0NnNWhha1pFU0ZJNFRYcEpiamR4VFJEZ0F4aUFCU2dLTWdB=-w200-h112-p-df-rw,2025-08-22T18:39:43.723755
Trump Begins Deploying US Military to Fight the Drug War,https://news.google.com/read/CBMiY0FVX3lxTFBDc091QmZYWlJ6ZzhqSnhPa29BZmpvM0VfOEVFa19mRlVnWXExeHVLaEw0cEtuZENFM21CbnJENXhtMllGOGhybVFfUTMtTURKdUZYVEVfTUxrZEZKbDRIRVlPZw?hl=en-US&gl=US&ceid=US%3Aen,Filter,2 hours ago,🇺🇸 Reaper Drone,https://news.google.com/api/attachments/CC8iK0NnNDRNa1I2YVdWTVR6Rklhek5ZVFJDZUF4amtCU2dLTWdZWnNvNHVRUVk=-w200-h112-p-df-rw,2025-08-22T18:39:43.723757
U.S. Reaper UAV deployed at Gwangju air base on rotational base,https://news.google.com/read/CBMiWkFVX3lxTFBpRGpaR1hFZV9jMnZQWWxFVmxGSXVUNXRtaEFxS2tNdWU0Mlg1azZRRTAwYjRIRmpxaU9CQ243OHZPQ2pySlpmN0hLRUQtUjlMWC1nSU9iZDB3UQ?hl=en-US&gl=US&ceid=US%3Aen,Yonhap News Agency,5 hours ago,🇺🇸 Reaper Drone,https://news.google.com/api/attachments/CC8iK0NnNVpMVVUwTjNaNlUzWnNNRmxuVFJDWkFoajBBeWdLTWdZQm9aQVV0UVU=-w200-h112-p-df-rw,2025-08-22T18:39:43.723759
"Texas Takedown Weekly: Kush Crush, 1K Pills In Orifices, And Child Predator",https://news.google.com/read/CBMiqAFBVV95cUxOTUE2Z0N1SUluc1duVUtySTVJa3BENFFVZDhYMThjcG5GT1ZINEFwUm4xaFlQU3NCXy1Ja1lSZHdFWmNSVHZTSGFBU0MydWRTQmRSNE1zbG5BOFUzR0d2OHRUZWF2dy1RTmxpcGdsTU5EVEVfSWZCN2FLTXNPV0VBc1R0Rk1UNW11WDJ5d1dOLW5Td3hYLXJzZnhfaFlITlhIWkJyTmEtS1A?hl=en-US&gl=US&ceid=US%3Aen,Dallas Express,5 hours ago,🇺🇸 Reaper Drone,https://news.google.com/api/attachments/CC8iI0NnNU5PRk5LVlRGb1lWZHVkVFYwVFJDdEF4akxCU2dLTWdB=-w200-h112-p-df-rw,2025-08-22T18:39:43.723761
"Palidrone x Volens Chorus: Slikback at Sneaky Pete's, Edinburgh ⟋ RA Tickets",https://news.google.com/read/CBMiQkFVX3lxTE1TMDUzUlNiMnpvTGxvUHkxVDJuZmpSZTVaQXBkRkFPbTFFY09oSE9vOXhTU25WeE9qM0haeDZMTGdrZw?hl=en-US&gl=US&ceid=US%3Aen,Resident Advisor,4 hours ago,🇺🇸 Reaper Drone,https://news.google.com/api/attachments/CC8iK0NnNVFWakJ3WTFsbU4ybEhNR0YxVFJDREFoakNBU2dCTWdhcGNvcU9yUVk=-w200-h112-p-df-rw,2025-08-22T18:39:43.723762
Belgian Defence Achieves Milestone with Arrival of MQ-9B SkyGuardian Drone at Florennes Air Base,https://news.google.com/read/CBMiwAFBVV95cUxNemFYZHRoOWdXbER2dVRROVB0Y3RyUVZheW5TQnpYYWhFNjR6ZV9wR05OWnU5dTByTG9jM2lxQWo3UEJRYURWZDlMLWhDUGIycERrNmRsRTJPQkRFUVo2NG04X1JjUTQyMnRzbGduMEQ0Sk0zWTY0QndhZVAzOVdMbl9CWEQxT21PZzNFaVFCZ184eFZFRUpvdmQ3YTMyYjNxVzlocXlGUG9XWXBPbFVUbXVaRWpvYThCSE54X0pYSWw?hl=en-US&gl=US&ceid=US%3Aen,SSBCrack,4 hours ago,🇺🇸 Reaper Drone,https://news.google.com/api/attachments/CC8iL0NnNXViRWRpV0VwUlRHZEhSVkZhVFJERUF4aW1CU2dLTWdrQmNJeXFzQ1p6Y3dF=-w200-h112-p-df-rw,2025-08-22T18:39:43.723764
"India’s First Indigenous AI Combat Drone ‘Kaal Bhairava’ Ready for Export, Secures $30M Deal",https://news.google.com/read/CBMiwAFBVV95cUxObnVlT3dXaFBGdkhkblBCLXozdHp2S2l3YzVuRDQteU9BUFlJVW5qVmV0MWE1MzRHWmdnamhzLVYtcnVPNTBBQS1jeFNFemQ4SVFjaW9KQ3NLdTNod2pCRTZkWlZoOUNFX2RDbmdwWTdfc3praTZLWkk3QXZRVk1fRXRKU2Q3Zk1wM0FOVndHajF4Y1dxeDE2S0s3NHJMSUZZLUw4MUg1RVR5bklPc2tNc3Rrd09KOWFURHQzendTRlrSAcYBQVVfeXFMUGlNX3k5Qy1nVnBfVGVremhLallyZEdpUUJlamVVTmdsWHc2ZHZsbkkzNUxMQUdNZm90WktHRWFMeDNkSERNSXVqSFlzVXQ4MG8xVXRKNDZFaThUOFFtdmcwZF9zTGpTNHAxZUZpOTdMa3dsNnkxSFRxRE1Oa3hmTEZlOV9WMGpsT3FxTVhHVHlWY19SOG1CZVJ6NWdaU192THFEQ2dzWTQ3TWUwa0RoRlV5bTJNYmktblhhbnlad2hEdTd6a21R?hl=en-US&gl=US&ceid=US%3Aen,Asianet Newsable,10 hours ago,🇺🇸 Reaper Drone,https://news.google.com/api/attachments/CC8iJ0NnNXBRemR4YldwUkxWZGhUVTlMVFJDZkF4ampCU2dLTWdNQlVBNA=-w200-h112-p-df-rw,2025-08-22T18:39:43.723766
DJI Mini 4K secret deal slashes 2-battery bundle to $329,https://news.google.com/read/CBMiZkFVX3lxTE02RlRvS21heG5xZlNsenNiUTVGOVNlTTNpXy1oNEhFT0NHOGt0ajRwS0Q1V1R0MFFONGpjNC1HcEFJZzktYzRLRy1oT28xaHBZZW05UGpVaXdzeWJseUFEbW1LV1J1UQ?hl=en-US&gl=US&ceid=US%3Aen,DroneDJ,4 hours ago,🇨🇳 DJI,https://news.google.com/api/attachments/CC8iL0NnNUpXbWx3UVZFNVVHUjJNM2RMVFJEZ0F4aUFCU2dLTWdtQmdvN0tQZVpNN0FF=-w200-h112-p-df-rw,2025-08-22T18:39:43.723767
The 5-star DJI Mavic 4 Pro is finally available to buy in the U.S. — but not through DJI,https://news.google.com/read/CBMi0AFBVV95cUxQR2JmcnpfZmptYnpUNjR6Q2RmSFotTUxYYWF4akEya1IwdG9ONzFFeXZaNGJ4dlBvWmlUQy1Mak1qVEcyS2UyaGR5aE9Wd2JZRl9rVnRFRG0xY2xPSEdkU3BGZVVDYjBTTTJXblAtS3lHbWpsNE5BNXlENzlWNjZtcVI0cE5scEVvZERxR29BUHY3Z3NfNVI4Si0xcV82Q215SXVGcERpczdGUUZ1ZGthdHZoLW5QZndxcmVqUTY3d3FUNTFmamxTTnpRUThIU3Iy?hl=en-US&gl=US&ceid=US%3Aen,MSN,2 hours ago,🇨🇳 DJI,https://news.google.com/api/attachments/CC8iK0NnNVFabkppVDJWSFJtMTZiV1JtVFJEc0F4anZCQ2dLTWdhQk1ZS3NKUWM=-w200-h112-p-df-rw,2025-08-22T18:39:43.723769
Flipin' heck! DJI Flip drone falls to its lowest price ever,https://news.google.com/read/CBMioAFBVV95cUxQaXV0QWRIcmd3bU1YQnYwTUczVW5hXzJqMnlEMFRUaWhZaVVQXzBra09tSTlBVlIxbXUwV282TG95RGMteGZ4SjVhQTgxaDV0SjljbWVRYjZUclk3TXlwZko5Y3RSeDdzQmZCWjhycmtNcW52WVdRdXpXUFRZWWM2MmRILXF2WXVYY2c1Sy1lUFl6MkttTzhWYmN1Skg3ZE1X?hl=en-US&gl=US&ceid=US%3Aen,Digital Camera World,10 hours ago,🇨🇳 DJI,https://news.google.com/api/attachments/CC8iK0NnNVlPV0UyV1VoRFlYZHRPVmRSVFJDZkF4amlCU2dLTWdZQnNvb0R5d00=-w200-h112-p-df-rw,2025-08-22T18:39:43.723771
BREAKING: DJI MINI 5 PRO Leaked Price List Reveals New 'Battery Plus',https://news.google.com/read/CBMigAFBVV95cUxPNUVMUUl5S3dxY2taYjlGWXVacFZTVXNyU0ZQTXBoMkU1S2VxVUJjdEJxY2YxRHpoSkZldVZQUkRJUEo2aHQ1T1hSSUllelZScl90OEJ0MkNxZUtrTE9neXhEOHhVR0FiSVB1ZmxpQWpNUlByRmgyMVZUdjdGNlNXQg?hl=en-US&gl=US&ceid=US%3Aen,DroneXL.co,5 hours ago,🇨🇳 DJI,https://news.google.com/api/attachments/CC8iK0NnNVJYelJYTURaUFMxSjNVM2R2VFJDZkF4ampCU2dLTWdZQmNvNUdNZ1k=-w200-h112-p-df-rw,2025-08-22T18:39:43.723773
The DJI Neo three-battery combo is in stock at Amazon (for now),https://news.google.com/read/CBMiakFVX3lxTFAwSUhMUDdSd3REeERsTmV1UEUya3I2TEtzdThicDBSN0hxakZidk5ZZVppNlctR0ozZnRUNEYydWNOb3NYNVB3SkhjTkdiYlQ5LVhJMHlrcTlfTFltTWhydGRIdTJ4Z1RjUkE?hl=en-US&gl=US&ceid=US%3Aen,Mashable,23 hours ago,🇨🇳 DJI,https://news.google.com/api/attachments/CC8iK0NnNXRSblpCTXpaWGNtbHRNVEpSVFJDZkF4ampCU2dLTWdZRmw0aGx0Z1U=-w200-h112-p-df-rw,2025-08-22T18:39:43.723775
DJI Mic 3 leaks fully ahead of August 28 launch,https://news.google.com/read/CBMiZ0FVX3lxTE12a2dkRFpSWTNLRjNlUXg1b3BmVk5DeWUtbEVnbVU0eGFxMFEzYktKLVFYeE93c3c3Zjk0VVNybnFYQ0hsYWRGRFl2bGt0MFRuakpYVGhkcUNtaWxiYjJ6NzBEdjl0T2M?hl=en-US&gl=US&ceid=US%3Aen,DroneDJ,13 hours ago,🇨🇳 DJI,https://news.google.com/api/attachments/CC8iK0NnNWFRa3BRUVhkMU9IUkZaVlkyVFJDMkF4aTlCU2dLTWdhTklZNHNJUWc=-w200-h112-p-df-rw,2025-08-22T18:39:43.723776
I just tested this new DJI drone that combines aerial and mirrorless camera prowess — and I can’t get enough of it,https://news.google.com/read/CBMirANBVV95cUxNRGMyNXhmWlZEOGhub0pUc3BHWTNJNXV2RmZfU0ZMeXNsQ2NubDBob3NXR0F2UGUyY2tIbHJxLWJnWVpzMkd2TFNLMGRJaXdWTTI4d2VOT2hDY2RvSk9sSlhmeTZaaDl2Z000aU9UcGhmMU5kTWFxcUhFeEFOZjBmclRHdEU2eGR1MVRrSVhLdjZLQlp3bUdsTE55WUZBNWpIMnhqSmU2UHI1aE55OFVMT2dnUVRUUkFhMFlhWEFXdnlYMm9ZTjRhVGdQZlVyWjYxYkxnYVg2ZFFRYXYxdkk0R3VVekRlYkdJYW5JNklfNVN5V2lJcFJfU0MyTzljenZEM3dBeTFUXzd4clB6dDhsSzgydWJaa2YzSnZhWHRYQXZwYzA3Q2hyakM3NTRJSFZJN3ZDU0ZlQkFKNUVsZEVzOERGQUsxa3U5NVBicVZack9NTnJHMHUwR2dycUJXZERHRDVKdFFtRzdJVmp5cEtsNEpfNjdqWVBhbnNfdmhmbmtEdE9oRS03djhkUnBrOEpqMjBNQXdiZGJoNGJsWGxrYXJIMW56Tm5yUWZFVw?hl=en-US&gl=US&ceid=US%3Aen,MSN,17 hours ago,🇨🇳 DJI,https://news.google.com/api/attachments/CC8iI0NnNVFabkppVDJWSFJtMTZiV1JtVFJEc0F4anZCQ2dLTWdB=-w200-h112-p-df-rw,2025-08-22T18:39:43.723778
Modernized Gray Eagle® ER and beyond: Global readiness depends on the most advanced UAS,https://news.google.com/read/CBMivwFBVV95cUxNUGNXQ2hlSHZNUk1EaTRka2ctV1p6OVVTZ19JSkNfX0JUZVh0UUFvWTBXbTVjRHdaUERvenlZWlJVc1JEb3VoZW4xSUowc2tVQ1dMVWpvR29sQXhtY0NaVk42Y0pfWThyME9MMEcwMVFzUGdvaVdkMmtVOVZkREk3bDdXN09XWkpMb1JsT1RxTWZ6LXZXcXlQV0VCNExycUxndUExamgyamJKN0FmbkZOa2xwb1FQQkYtcXB4SFhfWQ?hl=en-US&gl=US&ceid=US%3Aen,Breaking Defense,21 hours ago,🇺🇸 General Atomics,https://news.google.com/api/attachments/CC8iK0NnNVJVamRDU0hKWVYyOXBTMWM1VFJDZkF4ampCU2dLTWdZWmNKSU1yZ2c=-w200-h112-p-df-rw,2025-08-22T18:39:43.723780
Another U.S. Military Mini Shuttle Launches On a Secret Mission,https://news.google.com/read/CBMi0AFBVV95cUxNSlVWZzVQbGh6TjIzSkdXazcwYzgzeTlPUHZ0eWNSYTFZeGZsNy1BWlVxMm5hanpRMkE3bUx1R2VSNElHSWtiVThBeWVMenZPRzBSbzdaMFJSZVE1Y0JQQnF2Nk9xWnZZVzZrdmczWWdZT1ZNUDZRUWNvN0lJdk9FcTVZMjlNYng0Z3UxZk80UlpUWld1NkpWemN5TU9WNGVwQ2UwdlFuYm15MnpLV3ZZeDFGdlVaS1BtUmdOcjZUWGt5T3FTQ1A0eDZ6dU1mM3E2?hl=en-US&gl=US&ceid=US%3Aen,Design and Development Today,4 hours ago,🇺🇸 General Atomics,https://news.google.com/api/attachments/CC8iK0NnNUZTSFpsY21GM2RsZzNRVGhUVFJDb0FSaXNBaWdCTWdZQm9JQ3V5UUk=-w200-h112-p-df-rw,2025-08-22T18:39:43.723781
Belgian Air Force receives first long-range drone,https://news.google.com/read/CBMihwFBVV95cUxNNDdkb2EyYzZ2YW14ZjlkaHdxZjZTeWxVTUM0NFNyNWF3eWlaMC1jNEtzUWVjLWtpWlZkVHFKMFYyRkVlSUR4eTRKa0Ficy1jdHVLTFJRUFhQX1VtNzEwcTdPcjl2cjZRRGE0QWZCQVVwZmtuV2hBeEdUUXlBaV9uOXZEYXVMSnc?hl=en-US&gl=US&ceid=US%3Aen,Militär Aktuell,21 hours ago,🇺🇸 General Atomics,https://news.google.com/api/attachments/CC8iI0NnNW9RVVJpVUhWUGJWbG5ZbVp1VFJERUF4aW1CU2dLTWdB=-w200-h112-p-df-rw,2025-08-22T18:39:43.723783
Belgium receives its first SkyGuardian,https://news.google.com/read/CBMigwFBVV95cUxQRDFQbGk3NkJfN3I1SDJzalVlQ1NMUHlzRzhxLUxnYTBZclltNzMwTmZJZHRfQkJHUGRsQnBZaE04bERzU3V1WlZTNG40RmNtb2hxbUxsZFRVWi15QXAzT0tFZkczVmwzMzVVUW9VTUotSGwyalY5TGp6VjNpN3Iwbk9FUQ?hl=en-US&gl=US&ceid=US%3Aen,Euro Weekly News,22 hours ago,🇺🇸 General Atomics,https://news.google.com/api/attachments/CC8iK0NnNXZWVGQ2WjNRMk5YaDBiRXh5VFJDZ0F4amhCU2dLTWdZQllKWlFxUWc=-w200-h112-p-df-rw,2025-08-22T18:39:43.723785
Israeli companies blocked from joining Netherlands defense exhibit,https://news.google.com/read/CBMixwFBVV95cUxNbjdNYXNFZnBSVS01ZU1sc0MxNnpQX0hIeENBVG40b0hPYTBoaGNiX3JNRW9GR0F6MTRyWFBXNHU4enFwdWlFamt3UkZfUWVsVllDNmdlWE9vYS1IYmphYjc3UWYzNUF1TDI4dHhKMGl4Yk5pOVBBaUFkSnJqOUQ2THFtS3VDam1PbnVrTWhWaHJ1VFBzbmNJSlJ6R0E5ZlBHV1RlTkcxUFpoTkxsa29Icl9FNVQtM3p1dE9sY05GQnp6dHdjVzhz?hl=en-US&gl=US&ceid=US%3Aen,Defense News,23 hours ago,📰 Defense News,https://news.google.com/api/attachments/CC8iK0NnNTJOMlJDTFVFMmNtTlRUMEY0VFJDM0F4aTZCU2dLTWdhQk1JUnJtUU0=-w200-h112-p-df-rw,2025-08-22T18:39:43.723787
Latest defence and security news,https://news.google.com/read/CBMiXkFVX3lxTE1NV2RKMWptVEl2dGJsRF9NelBvRFQxczZ3Y3FobnpYYVlQVk5CcEhBbEE1aXUxeUtzVllUeU9GaFAybkFxV2RRR3B4VW1oSk5tQTFXQmJqTVp3b3BFWXc?hl=en-US&gl=US&ceid=US%3Aen,Janes,"Jun 4, 2024",📰 Jane's Defence,https://news.google.com/api/attachments/CC8iJ0NnNW1aM1pRV0Y5Q1pFUTVWbEF6VFJEMkFSak5BU2dCTWdOQnBBWQ=-w200-h112-p-df-rw,2025-08-22T18:39:43.723789
Philippines Condemns China's Swarm of Forces Near Disputed Shoal and Vows to Defend the Territory,https://news.google.com/read/CBMi2AFBVV95cUxOelhvR1ZlcFBCYktmQlBLekxnbzl6cVFuN05zUUJYNWxOTUlNYXhMT3lfTHFfdVZMbE1ZcENrQkVFMDl6Vk5fWW5LRWdkeFIyZU0yNGlHS1NfTWdGeXZOeWJvcHFkZ3l2QTB4UGNSMUx5UW9ZcWg5ekNsb19IRzhZdmprbHBLLWUxT3k3LWZ5NUduamlWU2RUWjVVU0h5WVNIcHh4dC13RmlxT3RlTks0VFFhSm4tbVJORy11VUZwcFF0X0JnTWJObFh3OFFFOWtRamM3UFp3M3nSAd4BQVVfeXFMT0ZzOXhoR2UzbjFBS3NkaEhZM3kxX19uUWl3SkpsdjctSjZBVWNTNlRTRHd1SXZINzFuU1NZenNmZ0xNWDhETlpoZmlWZWdpRnBacFdTUGVoODNYN09yQ0REOVJ5RkhsNlhjb3R2MTZESnFwalMydGxRelpSaGxmRGpneURLTnVMVXA4RWpOSTZXbE1OWGJadU9yZ1p6aU94Zi00aUZia00wbjMzV1didGRzblJ3bEN5ejFpckZrS2F1dlozY2RBc09RclVzM1RGaG9UZTRKcUJ6OG1SdjJ3?hl=en-US&gl=US&ceid=US%3Aen,Military.com,3 hours ago,📰 Military.com,https://news.google.com/api/attachments/CC8iL0NnNTFibFpZTlhSeU1rRmxNRE5wVFJDZUF4anRCQ2dLTWdrVk00NHlJV21haUFJ=-w200-h112-p-df-rw,2025-08-22T18:39:43.723790
Oil prices set for weekly gains as Ukraine peace process stalls,https://news.google.com/read/CBMirAFBVV95cUxNVUxUeVdRX1ZBS0hBTjh5MDc3bE0zQmtZb1U5VnFXbTJBRXhpVFB0ZmlSOF9sQVJOdTNCS1NUOHZVLU4yQ29TY2NSOHFDamJpQzNCa3k4MEQwUUZlY0djWV91ZEZ5OFIxeHoyUkE1SVUyNzFUNVhsY1NFNk05dVVLc1hfaWhYM3FVbTVVZ2JPV0pyUFQyb2xyamUxQ0M4UXYtb0I3dEQ3VkZydDY5?hl=en-US&gl=US&ceid=US%3Aen,Reuters,1 hour ago,📺 Reuters,https://news.google.com/api/attachments/CC8iL0NnNW9VekI2YWtRdE0zTnRSVFprVFJDZkF4amlCU2dLTWdtRmtZeW92ZVZFemdF=-w200-h112-p-df-rw,2025-08-22T18:39:43.723792
Ukraine's Zelenskiy says overnight strikes lay bare Russia's intentions in war,https://news.google.com/read/CBMivwFBVV95cUxQcE9Tdk03bjJmVm5kRjFRTjNCQksyR1ZhRk1oZS1MZDlWVF9RUW9QTTN2aHhvd2xMc1QzN1lqbkI0WkU4S1IzTGFDdmh5dDY2UFVOTlpoeWZuMEZfMVFKMVlPcGpoLW5jMTlxTVM3dWdMNDVscUVzU3BWUmJxaEFTMUdWaHFNWlJ5WTZiR0JibmxWS096dm1kdENNY2laT3ByTTFzZWlnWlZCQ1AzM3plSFBvODUwcTduMTl1SXdTVQ?hl=en-US&gl=US&ceid=US%3Aen,Reuters,22 hours ago,📺 Reuters,https://news.google.com/api/attachments/CC8iK0NnNVJaRWxmUVVNNWVGbElTWGN3VFJDcUJCaXFCQ2dLTWdhQmdJSWdQUVE=-w200-h112-p-df-rw,2025-08-22T18:39:43.723794
Ukraine says it again hit Russia's Druzhba oil pipeline facility,https://news.google.com/read/CBMitgFBVV95cUxQcmEwVVk0MF9wSmNZaFRqeWMtWlgybTVEZEdPYW1MYjNUTjdDRDBBYkh5TlJpZV80Z0QyRGE3Zno2NHhhWVpxTkZjV0JFOFd5U0YzU05DZEJHTllwcWFHOHVsZXRqRzA5dlZQZTBTQm9QSGtuWE1LMHNNTWpHQUFSNkdhenhOeHlTbVhKd2R1Q3lzSmlhYk15Z0NSenM0WEtJUFlXTlBPcTUwYkJCcFVfdkJfRzRBdw?hl=en-US&gl=US&ceid=US%3Aen,Reuters,9 hours ago,📺 Reuters,https://news.google.com/api/attachments/CC8iK0NnNVdNRWxKV0MxRGVWZFpWRzVMVFJDYUF4anJCU2dLTWdhWkFwUlBsUWM=-w200-h112-p-df-rw,2025-08-22T18:39:43.723796
"Nvidia orders halt to H20 chip production after China directive, The Information says",https://news.google.com/read/CBMiwwFBVV95cUxQZFY5U3ViVERxcFhPTE9tYlhiZkdrV3ZTdFlTRnAtMTlrdmFLZjJJdnEzaEtwb29RUzRXcG42VWR2bGNPakZULWVhY2hKLThXUnV3a202U1F4U1I0SGRQdU02dmlnQ0ZWVzYxVjBMMWhMeUE3Uy1LM2J2anpwY1JWSGR5NEhHU040UmkyTS1UY1lKVXI4d3dobjltY05yMlNIdmtnazdfX2hjTmFIelhkYmN2dmltcXZ1QXJ1QkhtRWZWMG8?hl=en-US&gl=US&ceid=US%3Aen,Reuters,17 hours ago,📺 Reuters,https://news.google.com/api/attachments/CC8iK0NnNVBNWGxCUTJoVlR6QlZiQzFGVFJERUF4aW1CU2dLTWdZaGxJaXNQUVE=-w200-h112-p-df-rw,2025-08-22T18:39:43.723798
Russian navy practices defending against 'underwater saboteurs' in Baltic Sea,https://news.google.com/read/CBMivgFBVV95cUxOdk5HbElYY2hNaVJ3QTNTQUw1aWhzMVNmZHIySnZuMEJHdGNGMERKZUItby03ZUxGOU9UT3VraTBiLWRBOVNXZnpDd3NnNnowb2xyWUcxZGJac1EyYmF4SUo2eHFBeUpjSDA5SHZNUmhWb3o4bHVNa0FLWjZZeGNzRGZNaThYZ0lNLUhveHVpUzFzVUc0VHQ1OTNpTHBoTnRmN0s1a2FpdUQxd291aElXenA4TUgtU1RvVGJHR3pn?hl=en-US&gl=US&ceid=US%3Aen,Reuters,9 hours ago,📺 Reuters,"https://encrypted-tbn2.gstatic.com/faviconV2?url=https://www.reuters.com&client=NEWS_360&size=96&type=FAVICON&fallback_opts=TYPE,SIZE,URL",2025-08-22T18:39:43.723800
"Canada to remove many retaliatory tariffs on US goods, says Carney",https://news.google.com/read/CBMirwFBVV95cUxOaE5maF9uS2lpd1hTYzlUSldXRVRlQ1ZrZm1RYlBtaWdjbGFwaTNUY2ctRHh2c19ZQ0hBTUM4TGhvVU52aXRIdDB6OU9lckdoOG9uM1pSVFlZWmd1UmlOY0FOUlpnUTNvNzYySmhsbFJhRnBVa1IwZzc3bHFYOXp1TTdJSUNEZm9XMUZWOXpqOTFWV3cySEdFcWgxV2otUlNCU3laZkRDVGFjZ25pV2tV?hl=en-US&gl=US&ceid=US%3Aen,Reuters,2 hours ago,📺 Reuters,https://news.google.com/api/attachments/CC8iL0NnNVRiazAzYUhSdVpGTmhOMmRvVFJERUF4aW1CU2dLTWdrQlVJU0NNQ1JEaVFJ=-w200-h112-p-df-rw,2025-08-22T18:39:43.723802
Tech News | Today's Latest Technology News,https://news.google.com/read/CBMiS0FVX3lxTFBsc1JxYWZtanlYeGRJWTg2Y0pqVmRQTlJtTEs3UGxTSXc2YnpCaVc1bWtEWmg0RW4wUUd6M0lRUXNHOVU1YkM2X0lOVQ?hl=en-US&gl=US&ceid=US%3Aen,Reuters,"May 26, 2016",📺 Reuters,https://news.google.com/api/attachments/CC8iK0NnNWxhME5TV0dOcmRYWldhV1ZoVFJERUF4aW1CU2dLTWdZaHBZNnZ1UVU=-w200-h112-p-df-rw,2025-08-22T18:39:43.723804
Colombia attacks: At least 18 killed and dozens injured,https://news.google.com/read/CBMiWkFVX3lxTFBlalFwQzVzMVVUbG5DZlEwb04tQ0RfOURGWC05VkRDT1lrMVA3ZFM1YzFnV1hZYXBCMUJOSnpXRFRfWUVjWWp6UHN4Q0gteHNnM3pBbVROZW41d9IBX0FVX3lxTE1aYjdmdzFoZnN5S2ZoSENnS0dHY1NxOEU0NllZMWxIaFpveFhpMk9SUDVUNnJQZUxKbmxhN1NUUlg3eVI4NkZhZ0dScGstaHdhUTlLV1dRRzdFYi12LXVn?hl=en-US&gl=US&ceid=US%3Aen,BBC,14 hours ago,📺 BBC,https://news.google.com/api/attachments/CC8iK0NnNUVjbFIyZGxWeVMzaEVSblU0VFJDZkF4ampCU2dLTWdZQklJUXlqUW8=-w200-h112-p-df-rw,2025-08-22T18:39:43.723806
Europe | Latest News & Updates | BBC News,https://news.google.com/read/CBMiTkFVX3lxTE5sQXo2Um1zR2JVLTN3ZFVTdjQ3RUZBQ2Y0eTJHVFFxRW1FVmxqZkhzTHA3Tk9HM0J2ZVgxWEJxTm12cks1YURBMjdVWUxuQQ?hl=en-US&gl=US&ceid=US%3Aen,BBC,"Sep 20, 2017",📺 BBC,https://news.google.com/api/attachments/CC8iK0NnNHllbFEyZDBzd1YxUktNMEptVFJDT0FoamdBeWdLTWdZdFpZYXZMUWM=-w200-h112-p-df-rw,2025-08-22T18:39:43.723808
'Robot police dog' begins national trial in Nottinghamshire,https://news.google.com/read/CBMiWkFVX3lxTE16TjEzMENyY2Q0dTRXQTFKMkRwYzNnczBIZ19HVTdYLWdsOWl0V01KVnlFSS1takRfREZ2ZjRvNnJENWdNdXZuMXJ1TDhIVXlyeFRidnljYlJWd9IBX0FVX3lxTE0tM3BrUVVydDVmZ0JjOWg3Q05vR2pibXNxSUxNc25tTTZCRVFNT3ZMWkE4WTZZT1NLTHdDU2RzSU95QXFDNGhoZ05rVWljWC15eV9ETi04dHNHMm14Q2hz?hl=en-US&gl=US&ceid=US%3Aen,BBC,13 hours ago,📺 BBC,https://news.google.com/api/attachments/CC8iK0NnNUhaMWQzU21VNGNFSkJhRUZCVFJDZkF4ampCU2dLTWdZQk1JckhuUVU=-w200-h112-p-df-rw,2025-08-22T18:39:43.723810
Met Police arrests 100 people ahead of Notting Hill Carnival,https://news.google.com/read/CBMiWkFVX3lxTE1idmNmbVNQeUpxczVtemh2MFFrdUdxT2JLY2ZDRVNXbnJIN1d0UDdRc19yZlp1OEt4T3YySFdZQ2paN3IyVWh3NTJJUUtXVUhBcWJteVlZY2tMd9IBX0FVX3lxTE9RdmZVelRTcFpGbGRra0xNNTNYYWNTOWI0YjdfQ0MwbkRZaWV1dEljWG5SV0JMOERWV1A1WmVHNE8wSTFKTVUyUmw1RmhPaFNWWkJ5LS1taU9Fd1RyOXRz?hl=en-US&gl=US&ceid=US%3Aen,BBC,7 hours ago,📺 BBC,https://news.google.com/api/attachments/CC8iL0NnNVdNVnBCYmt4RVpYcG5TbTlHVFJDZkF4ampCU2dLTWdrQklKU3VvQ2l4aGdJ=-w200-h112-p-df-rw,2025-08-22T18:39:43.723812
One-minute World News,https://news.google.com/read/CBMiV0FVX3lxTE1vaExxLXBaa1BTU0ZNUVJmLTNkMVhMakhpSXdzWjcxQXQ2LUdXS2puT1J1b2xCZWN4Yk45Xzhod0ttZHdYWjREUHYxdW1iN3dGeDI4bEdfdw?hl=en-US&gl=US&ceid=US%3Aen,BBC,"Dec 11, 2024",📺 BBC,https://news.google.com/api/attachments/CC8iK0NnNXRiaTEyWTNSMGVWWnFSelZVVFJDMEFSakFBaWdLTWdZbGxaS3R0UVk=-w200-h112-p-df-rw,2025-08-22T18:39:43.723813
'I'm visiting every country without leaving London',https://news.google.com/read/CBMiV0FVX3lxTE9faWZqdEZrRFpTQmJWbHFQNXI0bjNrRnVYcjhnT3JNTVRleXd5WHktelFKcVBpazRoNDdRYnF1Ql9nYm9XX0Rfa0tJNkt0Y1NHcUFtUzk4OA?hl=en-US&gl=US&ceid=US%3Aen,BBC,13 hours ago,📺 BBC,https://news.google.com/api/attachments/CC8iMkNnNHdVMGREVVVwS1puZHpZME10VFJDMEFSakFBaWdLTWdzQklKcDVFR3R6U0RvMG1n=-w200-h112-p-df-rw,2025-08-22T18:39:43.723816
Science & Environment,https://news.google.com/read/CBMiXEFVX3lxTE1wSmFiYkVFWXFQcE54XzFvb1ItdmdlX1UxRE90a0xBaHc3LUd5dkw2SVl2Vmd2dWFUV19sS1Q0YnZ3eDluNEowMXFqZEV2NHVEY0doNmFkRHdMYWE3?hl=en-US&gl=US&ceid=US%3Aen,BBC,"Sep 20, 2017",📺 BBC,https://news.google.com/api/attachments/CC8iK0NnNHdSVWRJTFVwRGVqQXRaMVkwVFJDT0FoamdBeWdLTWdhQlZKUUZLZ2c=-w200-h112-p-df-rw,2025-08-22T18:39:43.723817
"Russia trying to stop meeting on peace and prolong war, says Zelensky",https://news.google.com/read/CBMiWkFVX3lxTE85Q3RuV2ZqSWdXQkpBMTVYS2ZsYTFKaEJLQjhiTjJvSkJGd1FmWUdGYTBtMEg0SGFtQ0VRbmEzSHRrQ01NbWdWS3NEZ0F2M1lQTjNTZjVMMFJyd9IBX0FVX3lxTE1raVlRUkhmV3k0aDlUcjFOU0xPUWV0QkpmSnhRZEZSNFFRbXkwRFJhVEFmYUIyOC01b3FnX09VdnRGUXg5ZG9iOHJNNThfd1Q4ZDExR1QtV1hyaEs1YmFj?hl=en-US&gl=US&ceid=US%3Aen,BBC,2 hours ago,📺 BBC,https://news.google.com/api/attachments/CC8iK0NnNXhWMnh2Y1Y5aFpuWlZZVXhIVFJDZkF4ampCU2dLTWdZdFpZYXZMUWM=-w200-h112-p-df-rw,2025-08-22T18:39:43.723819
"'Children are paying the highest price,' says aid worker as famine confirmed in Gaza City",https://news.google.com/read/CBMiPEFVX3lxTE1fU1RxaFJPN3owdV9ycENhQTlQM2loT2ZJZHNjeGZoRUZYOUJ2SzBESUdYcGNraGREdU95Yg?hl=en-US&gl=US&ceid=US%3Aen,BBC,"Nov 8, 2010",📺 BBC,https://news.google.com/api/attachments/CC8iL0NnNU1ZM2xQVkVVdFVrdGtla1Y2VFJDb0FSaXNBaWdCTWdtQlFJd1BJV2FMU1FJ=-w200-h112-p-df-rw,2025-08-22T18:39:43.723821
"Attack on police helicopter and explosion near air base leave at least 19 dead in Colombia, officials say",https://news.google.com/read/CBMijAFBVV95cUxQN29XZzFmeGltZ2d4Rmh2VTRpbnJWT1BybHoySmRrM2FQSTJzUzM3WnhLcnZvNXNJY2JRSUgtM3NHX2NhbndPQW1zUkZ3Q1NBaG9PaHdNWmpHdFJIRWg0TEJub3doZ1dtV0p0emF4UmpuUHlVeXlhdzlCY0pPVmxDM0VJQ2ExLTg4SzJocdIBkgFBVV95cUxQOUltMXU0QnFuNXBkSXhHLXh6S2hFck9HbFR5TXBmckl5eDFMNS1iazBBN05QdUI1M29BNnYzdmZVQ3I3NUZ2QTk5S0I4R3o1TGdzNjZFRzdFck5KTlV3LTVmZEkzSGc2cnlfYlNkZTFkZ0NJWWNWV1cwV0lBLWRmekxZVDdndW03OE1iRE1uTGRXdw?hl=en-US&gl=US&ceid=US%3Aen,CNN,22 hours ago,📺 CNN,https://news.google.com/api/attachments/CC8iJ0NnNVJkMUF4VmxOVVdXZDZhMUYwVFJDZkF4ampCU2dLTWdNQk1Bbw=-w200-h112-p-df-rw,2025-08-22T18:39:43.723823
Israel approves plan to ‘erase’ Palestinian state,https://news.google.com/read/CBMijgFBVV95cUxObEVCOTgybkZCYjlqakhOMThGc1lOTUVWN0Y4SjZQb2VodFFVYUtFTjFqNjRSTHNSVmQzbVRuTG8tUFVKZUJ6R0p5d3RONFJRUWh4NTQxaDZpWVNyZDRRVHhMbUs1WldjZmRHZHVrWVFHZ0NqOTVzdWhYRW90dEoyQkJuVmgydTFOQUlOekN3?hl=en-US&gl=US&ceid=US%3Aen,CNN,20 hours ago,📺 CNN,https://news.google.com/api/attachments/CC8iK0NnNWlWVTR0VDJaRE56YzRjMDVEVFJDZkF4ampCU2dLTWdZQkFJYnBUUU0=-w200-h112-p-df-rw,2025-08-22T18:39:43.723824
Three parallels from history ahead of possible Ukraine peace talks,https://news.google.com/read/CBMimAFBVV95cUxNLXVMRDdsZE02TXBSdFRCb090VFZuUzBQZnAxMFQ1M2NVUkRpT09PUTM1VTVSVEdCNEdibmxVeFZKcW1Qamc1bmNVcTJ3c3VpdXFKM2RPckhtOVZNSWNUcnFkRWZXMk9ZeEptSDhtdVFiOXlDUkdLUEtocXROYmI3WXZURVViQ1JBUFNONndHYlNId0FyZXoyeQ?hl=en-US&gl=US&ceid=US%3Aen,CNN,23 hours ago,📺 CNN,"https://encrypted-tbn3.gstatic.com/faviconV2?url=https://edition.cnn.com&client=NEWS_360&size=96&type=FAVICON&fallback_opts=TYPE,SIZE,URL",2025-08-22T18:39:43.723826
"A week after Trump embraced Putin, the Ukraine peace effort is going nowhere",https://news.google.com/read/CBMiiAFBVV95cUxNWGl5b014OEJUR0ZDRi1MemdLTVh1SGJRcEJINjZvODFSUk9EWDQ5dWpULS1xSENaN0g3c09XWV8xX3c0ZHA2MTdjdTNpSVlMbnl2MlM4RFBJRFh6RkNJeS00ZGwtZDduWDZ2NVdzaHREajRGTWFEUzA4d3N4VWkyV2JuRmdXRWNh0gGOAUFVX3lxTE0zQi1uaUFMcWphZXFTX1RKVklSOEk1dmpLR3ltWnBYN056ZVNaSHRiNUVjcmc0UkN6b3U0dHdyRDJlXzM2S1ZRLUlMaGVHVklPTjFDNy1QYVRlMHNmeklLS3hIVUlESVdONDVieWZBV1d1bGg1aklHY2xXbzJKYkc5ZEk0SVZtY3F1THl6Mmc?hl=en-US&gl=US&ceid=US%3Aen,CNN,14 hours ago,📺 CNN,https://news.google.com/api/attachments/CC8iK0NnNXVMV1ZtZVcwMlpGRnNOSFEzVFJERUF4aW1CU2dLTWdZQkU1SlByUWM=-w200-h112-p-df-rw,2025-08-22T18:39:43.723828
Rubio doubles down on Trump pledge to back Ukraine security guarantees but says Europe must lead,https://news.google.com/read/CBMihgFBVV95cUxPamJnVGhkXzEtZE5HTjJTVFI0UlF4U2dUWEpDeElvRjRtTXpNTlJESkVhZlJJQUxZWWZtOVVPZ1lfdk1CdkRlSmRQUHlsU0ZnbnlkdjhaMnJrVTJERnZwWVd1ME5ZT05aVmYyWHV2Um1EZUpuN0dJZExyLUdCYW45VWtZZmlNd9IBiwFBVV95cUxNU3VRUHVFS1pqSXlQUmk2c1R0d1FzZnJyc0t6TnZNeXlHa3drMThxTEl6VHZKaFJKdHJ1cmhrelRfZWQxaDNnLU5XVGRRMjZCYkVLdHgwT3lvNmxnOTVWcFFFMHlGdkxKUm41cXN0dVVTYVQzb2c1UXBSVVUzRXVMLTNUN3BKV3prampz?hl=en-US&gl=US&ceid=US%3Aen,CNN,17 hours ago,📺 CNN,https://news.google.com/api/attachments/CC8iK0NnNW1lWGsyWVhWVGFqRjNSRE0xVFJERUF4aW5CU2dLTWdiQmNwSVVyUWM=-w200-h112-p-df-rw,2025-08-22T18:39:43.723830
Fishnets and fortifications: Troops on Ukraine’s southern front dig in as peace talk hopes fade,https://news.google.com/read/CBMiggFBVV95cUxQR3VQdUxKTU9McG9rSzNmdFVXT1N1WGc0ZlprTFphWVNXd3ZTSDN4dlZhemVmMkcyN2M2cTdQRDNEak91Qkd6Tml0UXpKS3E3ejM0N3dmVEtMLUhNTUVLeEZKX2lGQTRpYlExVlZ4SnNZUmtZbGUxS3NjVWVudnppSXVB?hl=en-US&gl=US&ceid=US%3Aen,CNN,2 hours ago,📺 CNN,https://news.google.com/api/attachments/CC8iK0NnNXpUVW90WHpGUFltdDZhMUJ1VFJEZ0F4aUFCU2dLTWdZaE5wRHNHUW8=-w200-h112-p-df-rw,2025-08-22T18:39:43.723831
"No new detainees can be brought to ‘Alligator Alcatraz,’ which a federal judge is effectively shutting down",https://news.google.com/read/CBMiggFBVV95cUxOV2ZKNzdtV25Nc1B2RTVwS1F4OHZ6UEh5QVhpekw0QjVPZWw4SkFlNHZkM3gyMm1TTk81eUJhZGhMc0l5Mm84VXZHWkc4d1hvVUNFcFRlNjNnMlRhS0c0VUFLaHNaQzhKS2I0SFczWTlNSGNGel9mTGx2YUJfVmg0Nmx30gGHAUFVX3lxTFB4N3I0MDFOc1Z6dm9mR3BSS2F2bFg3RXNuOWJTN2NuMWthcWZMTS03bkFsNE9iaXNFV21sMWhXTldxNTBhUTJteURXOHVKaFl2UEFwVy1hUTRMX3doV0RZU3p4Y1k4YWlGeGpHQnpyV0Q1ZURzLTcwVGdGVmc0bDlyQTJuOEU1Zw?hl=en-US&gl=US&ceid=US%3Aen,CNN,16 hours ago,📺 CNN,https://news.google.com/api/attachments/CC8iJ0NnNUlXVmh3U25aMmVVbFdVWFpDVFJERUF4aW1CU2dLTWdNQllBUQ=-w200-h112-p-df-rw,2025-08-22T18:39:43.723833
The week in 30 photos,https://news.google.com/read/CBMiiAFBVV95cUxQQXlrZ2dlMFR3RE5Bc0Y1NjRyUi1wZ002R0Q2WVFzLS04VmdzbUd1WHFSOXVtdUVVZVFiNFpYSDhOSHhjNlZ2UXM0Y2M0QXphbWY4QmItZS1zb29QZnNaME1xYWw0a0Rkd2pfREdQUVExNTlqNHEtVFVJbnByUlUydDc3blQ3Q1Js?hl=en-US&gl=US&ceid=US%3Aen,CNN,20 hours ago,📺 CNN,https://news.google.com/api/attachments/CC8iL0NnNUNlV2hGVFhWYWR6VmlVa0l6VFJERUF4aW1CU2dLTWdrQk1JYW5zT1RJVVFF=-w200-h112-p-df-rw,2025-08-22T18:39:43.723835
"Stranded and injured, he drank his own urine to survive in the wild. Here’s how an American hiker made it home",https://news.google.com/read/CBMikAFBVV95cUxPZFAxVGg1Mmdtclk1a003LWExcnBLNGFNOW5oenNFVFJWVGZEUHBrV2VlVlJreWhUVVVMM3V4YVh4SWR5ellMMC1UMDB6VVRMWXJKWUtDT3lpb1Q0bkZPMUhhejdQakdVWXlvTS1sQ3ZLZWZqSVhndVVtY2ZGUnUxMGxMZ0RaSmJXQUJBY3VhN3M?hl=en-US&gl=US&ceid=US%3Aen,CNN,17 hours ago,📺 CNN,https://news.google.com/api/attachments/CC8iK0NnNXhhVTh5YVVoNGVVRllkR2R2VFJDZkF4amlCU2dLTWdhcGhaTE5MUWM=-w200-h112-p-df-rw,2025-08-22T18:39:43.723837
Opinion | Putin’s Ukraine Summitry Was a Big Con,https://news.google.com/read/CBMipANBVV95cUxNbGk4czl4NTBsZExiUWttQlRnZk81YUVvS2ZoWmxjN3BVbUtPZjlOdVlhVGo5VlEtalZBSk9oUHJQWC1jYk5UYWlQRERYa1p6NDhTZE14bDFUczBCQVg0VW40Y2JDLUhNbnlMYjZUejRCcTFkSkhjUGp3ODJhREhRYi0zM0tzZTljZ0RVRUlOSDlSVGhvLWZ5S2Q5WmprbjhTMlBZdVhMb0VWUHNfT2NWV2dXbGVSYjkxaFM1dzIteEREeEI4Q2p1ZV9MQ2MxTkRuZUNlMVZBWU9TTElYZGM2RGQteW5ma3h2Ml9FaWhIeUVkbGxIRF85VjFVWVhaQW1HbG9SOGkxdm1NdGZmM1pEYjNjUU9pOVR4U1Q2NFc3NHBCZWRXN2pGZmk3Q3BhcENrb2F2cExveHY0eE9kNmM0a25DeXN5dkdMbkVFTm1uUTRGOUVjNnljTV9pVU0wNEx3TjNQSk9nQ2dVTGxBYlZ2TDFZc19zUW9rVUNheE9tTFZuU3RZdzlxc1VvNDVzdFZVVGZwT2w3dEJvN1hBMlJzOHNFbTg?hl=en-US&gl=US&ceid=US%3Aen,The Wall Street Journal,16 hours ago,📺 Wall Street Journal,https://news.google.com/api/attachments/CC8iK0NnNVhOaTFRWmw5SFRXTnVUbGRNVFJERUF4aW1CU2dLTWdZOUk1d3lHUW8=-w200-h112-p-df-rw,2025-08-22T18:39:43.723839
How Trump’s Ukraine Peace Push Stalled Out in Four Days,https://news.google.com/read/CBMigANBVV95cUxPUTZYOTA3VU54UjAtbzZfRkRLd3JrU2MwV2xMT2c1MHl2TW1qOUVCOE1jdHl4UHFxRWdUZjBsbVZpS0N6WUdSdmJUM2g1bmFhZTBZaGZHbVVoVjZON1IxeDc4bERwT3dZYS1wVlRYSksxdVJEdkFDUDAxMjVUSWU5eERLNHRhODhaSzRwNnZnMEVnbzhDRjB1blVFMy1PSHl0Vmt1RDJOV202d2RCYXBsczBhb3diaHlVMXE5YnZfclFzUlVLVE5CdUY0REVuWkRIMEF1OEdrTHBRaFdoY3hxWUFpM0xDM3h6UG84TmF4eGY5S2hMS04taEhXWUFTb1FYWE90ZmVxbUR1Y1BaVmVpMzlZUzJRemVzeG9adVI5T0lDOTdXY01KcTZZQTJwTU5LYklYSHo2RWtVYlQtUVQyNDVJVWl0STJpM3A1RFNWdWxiWGpZS3dpUVBnOGsyZzIzbXBLWkxvWE94LUFPUXZCSXVXU29CeDhsNjh2cmNJQ1I?hl=en-US&gl=US&ceid=US%3Aen,The Wall Street Journal,17 hours ago,📺 Wall Street Journal,https://news.google.com/api/attachments/CC8iL0NnNVVSMWN6VWxvNGNreElkRXBqVFJERUF4aW1CU2dLTWdrVklKU1BsR2w2elFF=-w200-h112-p-df-rw,2025-08-22T18:39:43.723841
Watch Live: Fed Chair Jerome Powell Speaks at Jackson Hole Summit,https://news.google.com/read/CBMiywNBVV95cUxNY01meUlsYjZTTlM1RThCZ0prY1RacEZMd2ZfejI4WnRiQkNJT3ZWUFE2QUpDRm92T3RXY0Jsbk44VVA3X0c2OEUyeWtjcXNlRnNPS2x0QklLSGRKQ3FIMm9rUmJCRUhPUTQ2YUk4TVFvT2kxSGZxOUw3ZWtxRW81MXpNLU5fRWhxVnRVdWFnVkxPT3JjdUEweUFFS0dVbF9QSXhUV1M2Y1dONHA5N1hXTjdDVl9aTDh2ckJ1LThfNVF0cm1vVS01MHBsTHJNcFdtU0RKUkNndEo0ZWItemFsMHhyYnpkUXVROU5fNVVHQlJ6cXo0bWYxaFJ2Uk9wejFNSVF6WTc1cVFMZ041X2xKUGliczI3VU5oazdtdm15WnotY0k3Ymh4U01ldHhjNjZkU2gtSVZ6NlJUZzlsaEE4S3N3MG9YU1Z6M2lxblRZSHk4Vm5rdWFCY1E3NlBpa0tFODRzUHpGd2hLNkNmenlGZUJHOUtTQ2pBYW5iQVVOcUNSd09ZSTlaTmVtaWk5cklQZm42MnlRamc3dWxtTHV3WUMwbUZTc1gybXR4SktERnJ4MmhqRXBwWmNLR2xibF8xVDQ2aGIydUJRWWs?hl=en-US&gl=US&ceid=US%3Aen,The Wall Street Journal,3 hours ago,📺 Wall Street Journal,https://news.google.com/api/attachments/CC8iK0NnNVJTVFZQV0Znd2NXbDBURFJMVFJDZkF4ampCU2dLTWdaQmM0NHpzUVk=-w200-h112-p-df-rw,2025-08-22T18:39:43.723842
Print Edition | Wall Street Journal,https://news.google.com/read/CBMi5wJBVV95cUxPTllpckcwTFdISzlLOXVKdlZ5aW00dWd6cHExUmFJWV9JaHRONTFPa2hWTVJvOTMtRHY1OUZEMnJxY3oySTNNY0xvMEpKdHRqU3hNamFrSlBaR2ppV0VmQ29taUViUG05N3NHbXpYMkw2S2RLalVOalYwQlZ1SWxrZml3V1p3V3pRQ1BVLXFCNEp5V3dYOFAyWDVlckRiM1RxaU1QMDRQWTg0ZlczcDFweThvYkY4TGU5Y1lqSnR5anlfMUFvejhzelg3eTR1WHRWTzdwZHVJQzJjMEg1dmhOd0MtNGQzOFV6Q05GY3hKN1VJNU1wNm5fNzRZY2t2bG1oUjRIbzNSUDhILWhoTHN3ZnVvOXF3YXF0c1d0dTExQnh6N2dvYnZ6TWRMZlVFZG9rR240Ukp6OXpZdktaSS0tRFRRREFJMndtYkZZc3lqdGJoMElCS1huRnVLVndaNlNzSXJxaGNiNA?hl=en-US&gl=US&ceid=US%3Aen,The Wall Street Journal,1 hour ago,📺 Wall Street Journal,https://news.google.com/api/attachments/CC8iK0NnNURNVTE1UWpGeVJWVTVVWGhTVFJERUF4aW1CU2dLTWdZaFJwb01uZ2s=-w200-h112-p-df-rw,2025-08-22T18:39:43.723844
China’s Xi Calls for ‘Ethnic Unity’ in Rare Visit to Tibet,https://news.google.com/read/CBMivwNBVV95cUxQc3E0RjNaSndJRzRSLWN4U0tnZDFPYWg3c0Z3OFZaQ1FMaVZybE5TSEdndDhjRzBmX3lqeXB6eUxOWVZ2TU8tZ1BwdjJ6ZEc2NlVDWTM3ZUlRRllWYXFhVGtrbHVnTzhTaE4yVk11WUxmMURUS2JvNGc3SzlYd05ldW01WVdpZmJONGxDejhGUGlFenltUmw4MHp4VThfRENPenZubUNzT3lhazZiWm9CRFAtTzItU3hCOGQyQ242WEpHR1dWMms2Y1ZJODdWQWl4MFNYWnNFb25fdnQweC12cDZIc3V6anpkaEVUczlFNkQ5NGtfUEJ6c2JfOXY5VXZSYUxrb0pkRjZmeV9pQlRhOENTbUZEYmh2Ul9mLUVOLVBvZnpXWDJrb2NyZFBSeUtab0d2dXBMYm5pZjBVcUs0ZWFIRjhWNFJHa0hoUDlLZGlobV81S19hWjBQRFllZElTZEhaV0ZRVkNfY0RCMFhlVFRmbjBSN09JM2dOd2FsWXlveFoxd2loeVBwS0tqblFKZkpjWldtdFhxamhnMU5CQXRRZlRmeVItc01nR3JNN2U3WVltckZkdEpyZkdVMHc?hl=en-US&gl=US&ceid=US%3Aen,The Wall Street Journal,16 hours ago,📺 Wall Street Journal,https://news.google.com/api/attachments/CC8iK0NnNDBlQzFXVnpnNGQyeGFNSFEyVFJDZkF4ampCU2dLTWdZQk1KVExGUW8=-w200-h112-p-df-rw,2025-08-22T18:39:43.723846
Tech News Briefing - WSJ Podcasts,https://news.google.com/read/CBMi4AJBVV95cUxOa1ZWWVV3bUhtYXIzWkhHRzdibXR0WU11dGM0YnhLZ3gzOE1wY0Q1M3FwUXhzWXpfSllOX095MFg5RFFNM2JrMUtLWG1Ba1RnVTh5UE51WHRJVzJ3WktXY08xYnhFX3pvRTdmbzdyYnhpZHlrTzNrNXBTU1k5ZVZkalBMSWNIdnZwcVZPbGpTTVViRmUtcDJyb25wY2c5czFoeDBMckQyVHpQWlV1ejF5V29QWTdoVUNGT0Y2U2VBekozdGZTS0FfclZfNmxQRFdLX2NQVFUyNXRCWEJkZk9sbjVpSnVRalNBVkpySnRRQlJieGg0ZEQzMjJ3OXJnWG9EMy1saExsVTRaak5hQkhhY2FZM1dOSy1sRlhPM2k2V3Z0eUNOWFgwUkt2SjdmYTJRUUVRdXdtU3F1NThxVWRfdlotcTBSdnpmdEFkR3c1elZlVjVDaVRBYUs0OFJ3RmJw?hl=en-US&gl=US&ceid=US%3Aen,The Wall Street Journal,"Oct 18, 2018",📺 Wall Street Journal,https://news.google.com/api/attachments/CC8iK0NnNTFSWFEyWlhKblVFTkJkSHBPVFJDcUJCaXFCQ2dLTWdZTlI1cEhuZ2c=-w200-h112-p-df-rw,2025-08-22T18:39:43.723847
"Police Helicopter Downed by Drone in Colombia, Killing 12",https://news.google.com/read/CBMipwNBVV95cUxQZmROUzNfUEZpMXpPaTdKWXdBV1E3a3VoMkxFeGJnSkRtNjVSX2kyZjlINzJzY1FmSGRRMk1xOVBmRndzMGlGT3luN29sWkVIVFkxUnRpTlA2dy1IYWczZFhVWVR0dW10eWJVeXhVenRBbzVKSHFmel9SNTZ3Y2YwckpOMVhwckVGUjFRVEV5a29BblA0dzVYUmhWQm5xZmZvWUc4WGNjUjJkbjBCa3N5RXVvZzFMdjVLdGpZTG9RanVRb0h1SXA5dG9jcmE0RlppOWVZYjJjT2RLWm1vVmpraExsM2ZKTHR2cXpnWHNZQ0pKYXZlZ0FNYUhMYzBxLWdUZ2ViZmktdTFicmJnZkxHb1lYRWp2R2xhQmlfY2h3WS1RQ1FDeUJLeFFFWUktZTM4V1dhanRSOElLV3FFN3NLTWFXZkhkcHQ3QV8zZFVsZDZjekFVNlU3UjNxeDFKVGE5QzlBNDBRU2VhRmtIX0d6NGswQ3p2UjNGQ0lxb3NyZGJ0SHgwU1U1bElpVzhRV0d0QUsxSlJjV21BUER5ZGRKaVR4M05kMGc?hl=en-US&gl=US&ceid=US%3Aen,The Wall Street Journal,16 hours ago,📺 Wall Street Journal,https://news.google.com/api/attachments/CC8iJ0NnNXBTbkY2TlZwVmJFZ3hVM2RFVFJDcUJCaXFCQ2dLTWdPMWRCbw=-w200-h112-p-df-rw,2025-08-22T18:39:43.723849
"Law News, Legal News, Court News, Litigation Reports & Regulations - News, Articles, Biography, Photos - WSJ.com",https://news.google.com/read/CBMi2wJBVV95cUxPbS1OODZWNEFNOGM5VGxydklpMU1jcmtYNjhfeWJQWlNRV0Z0RWlnZ1JDZW9TMEJRTjF6cjhpUEJKeHhjeTVRVi1IdVJROW92aVZ0UGpFb294U2xDNUZPWEFaWjVPNE1XR0ZXMWNHeXNMM0VSSGdXaXdsXzBYQml4Wm1aTHlneW45WmZVY2tJa2k1cm5BTlFZLW5JakxYRC01ZmF1dnNOanY1dVY1SktiaUJlbFRtQ1dyZkRDY2FhNmp2SFdoVlVNRUVJM0ZtWmlIRVdnYm00TXZwM2ZLVWNNc1JTOWxhYTZnSy1GLTVzOEFEenRIUV9FNWhOS25aZDBnMGJKeURSM3p1T0NfZjY3aFpFVmtMQ0ZWRWJhU1FLb19CRWl2U1ZzWmIxd2Zkck9qd0ZmZ0tNY0U5S09KQTdqempWNmpyYkRQMl9FN0h4ZlhzeFN3akl1RG1mWQ?hl=en-US&gl=US&ceid=US%3Aen,The Wall Street Journal,"Jan 19, 2016",📺 Wall Street Journal,"https://encrypted-tbn1.gstatic.com/faviconV2?url=https://www.wsj.com&client=NEWS_360&size=96&type=FAVICON&fallback_opts=TYPE,SIZE,URL",2025-08-22T18:39:43.723851
Mystery: ‘The Good Liar’ and ‘Flashout’,https://news.google.com/read/CBMijwNBVV95cUxNWUxPUWx1X01oZVBfSnNxWThmZEJ3RGFsbjFfdWJYcHdmMWdVS3Z3X1g5cHVaU1A3Sy1yRlZPR3hHNFJiYmZ4MXZWLUJPQ2RyY0RUTVk5Qkxud25OM1oyb1dicTdxeWlYYm9xeDkyYTFZWlNPUTV6YmpMdWRNa0hNNVI3SEQzbUstZl8yUTAxel9vVWZ6RDNqMVVlSlRhaDhONjk4UFFTN2tWaUpuckJkS0NZNEtOT05KZGxEQ2p5WFlTWWFFQzVsMjJTQlNNRDFEWEg0NC1neEk0cm1XQ05yT2lzVE9pWTk4b3F4WTZ0VXhYbEJBS3hZV1NtOG50YXV3ampUNkdzUXhCWEphU29ucF9Fc1RsS2hQVm5oUHVnTjZyS3BIbEdDZkxIOGdNT3J4NjNzWnpiN3phaUlHVGxEYmxkb1RXa08wcHF5bWN0N2tENVoyaF9sVDA1X05iTDNWckdUVDFkX2lDWFA0TXRaVmVmb1BDNTRxOHpGWm92ZUVtcWVHZnl3RXdHYXdoZUU?hl=en-US&gl=US&ceid=US%3Aen,The Wall Street Journal,3 hours ago,📺 Wall Street Journal,https://news.google.com/api/attachments/CC8iK0NnNXhOSE5oWlVobVRWbDNVMnRQVFJDa0F4amFCU2dLTWdZZFZJcnFxUVk=-w200-h112-p-df-rw,2025-08-22T18:39:43.723852
Russia’s Push to Recruit South African Women Triggers Probe,https://news.google.com/read/CBMiuAFBVV95cUxNX2ZrU1l3bC1JdlRXZ3hpbDlpd1JsRG9NcEtjdGgydG9BcUE1aUVTVlZPMGpQTmRxRHpNbC1nLWR4SF8wWTBqc241YklvTnp5V2thOXc4TjI3cnpvd3c2eDZFcU81QURDUXNxM2tvbmxZOHZEeGYzVWMtdlNnbGl2X1FZVy0xUTFMWm0yVXNPcFB6TEZlWHZBV18xaFNkVUNlRFd6RUxoX2J2eEVDRjlCOUNtbHdMWjJY?hl=en-US&gl=US&ceid=US%3Aen,Bloomberg.com,14 hours ago,📺 Bloomberg,https://news.google.com/api/attachments/CC8iMkNnNDRYemhXTlVoZk1HNU9ZMFZQVFJERUF4aW1CU2dLTWdzQklJU3hwS09oOHVoZVRB=-w200-h112-p-df-rw,2025-08-22T18:39:43.723854
Truck Bomb and Deadly Drone Attack on Police Shake Colombia,https://news.google.com/read/CBMirgFBVV95cUxPVFdlMTNGeVlkZjVqV05rT2trT0RHSnBpUkphclhBWlN2aXhrV0s1MkVSTHNEc0Flb1NSVzluNllOeHJDSEFvOTJzU1hzZVlialQ5WWtzVHp0cWtLMnpnbnFhaWpBWHE0T28zbUJielg0QnRPa0tyYk9kQzhSRV94ekNtQ0I2ZHExS0lXMWhxWlR6LUJhampBVm1fRnlYcHlWVDJ2Nnd4cTlWaXVyRUE?hl=en-US&gl=US&ceid=US%3Aen,Bloomberg.com,16 hours ago,📺 Bloomberg,https://news.google.com/api/attachments/CC8iK0NnNXhVVkZoWjJnM1FVUlFkV2QyVFJEZkF4aUJCU2dLTWdZQlFKcDRIQWs=-w200-h112-p-df-rw,2025-08-22T18:39:43.723856
Bomb Explosion Hits Colombian City a Day After Double Massacre,https://news.google.com/read/CBMirgFBVV95cUxORzczVmF1d0M1c3lYSWdNZVQ0alBRNWlrVkpoMjFPYmNBVmthY3Q4STZBYXBTZ2hYQ2cycDBQN0ZPNUs5YmF0N1pWNTlTZk1nX0gzTkluOXdaZzUtNDVNejdoTHdhemVOclhTSDdDeVJlWG83akR5SjA4b01nMUc0bTNUQnkwNEMwaEd3OWpQNHZ2NUVHLUxMVHR0RmwwS29VbUt2NG5CeEZvdG91YlE?hl=en-US&gl=US&ceid=US%3Aen,Bloomberg.com,4 hours ago,📺 Bloomberg,https://news.google.com/api/attachments/CC8iI0NnNVlOazB3T0dOVVJGaDVYM2gyVFJDX0F4aXVCU2dLTWdB=-w200-h112-p-df-rw,2025-08-22T18:39:43.723858
UK Expands Air Defenses as Europe Wakes Up to Missile Gap,https://news.google.com/read/CBMirAFBVV95cUxNT0pfSEZ1UG5MOTRxMkhCajdtYXVTT2gxeEpFV2dyai1qNDRTRXdzVFNOSW5XUkFmc2lmOWZqek9NQW9lYzBBVndrLVlfa3k1MTk1bklDVnVHc3U2OUVpY3NiTmVUTkhwMFJ0THl0dU04OTVncWU0YWkxTEoxUUt4SXVQV0RXaU9qby1WZkpuSXphOFhqemhOSmhEMWw1d2plNU5mdUZKWVhmMjlP?hl=en-US&gl=US&ceid=US%3Aen,Bloomberg.com,21 hours ago,📺 Bloomberg,https://news.google.com/api/attachments/CC8iK0NnNDFVazVaZFVSNVVGTkNha2xRVFJEQUF4aXRCU2dLTWdhZGNvWXNOUVE=-w200-h112-p-df-rw,2025-08-22T18:39:43.723859
Back Ukraine Diplomacy With Deterrence,https://news.google.com/read/CBMiuwFBVV95cUxQeE5neVczcmN4RFhfc1ZNQXp1dEdkRDk4S2JVeFpTSkJCYzctbE1tVU5KRmN3MFZqOTVaRlg0aTlxSWdhTjZIX0l2ZzdGZThzLWotcEs5SmxyZkJqdXA3SkI0TWxGVG81UE5DMm9GTnRia2xhdHB6LWdrNUlkTGptdkFGdDRTaU1YWDFHeEExelloMXdEenUwaVgtVkVPOC1XcXhvd191TVM5VW03VDlKdC1sV0dGU1l0SnRv?hl=en-US&gl=US&ceid=US%3Aen,Bloomberg.com,8 hours ago,📺 Bloomberg,https://news.google.com/api/attachments/CC8iL0NnNHdSMFpZVEhOSlJHOXlXRzB0VFJERUF4aW1CU2dLTWdtVk1wcEpHdXBFYUFJ=-w200-h112-p-df-rw,2025-08-22T18:39:43.723861
US Allies in Asia Grapple With Once-Unthinkable Options,https://news.google.com/read/CBMiREFVX3lxTE8tSGpjYlJXTTF0OHBWVG9HaUxxcUNDM014NUwxblE1OUw5X3M5NlFaVXNndEQ5clRSSzJtbjBFQXdoWU5T?hl=en-US&gl=US&ceid=US%3Aen,Bloomberg.com,"Oct 26, 2015",📺 Bloomberg,https://news.google.com/api/attachments/CC8iK0NnNW5iVTE1UWtad01HdDBNVFY2VFJERUF4aW5CU2dLTWdZdFFvQ3dIUW8=-w200-h112-p-df-rw,2025-08-22T18:39:43.723863
Trump’s Tilt Toward Putin Leaves Europe Adrift,https://news.google.com/read/CBMiogFBVV95cUxNSV8xN1NvX0ZYTGhKZWkwYkdPaVQ0eUhHTTVoS3llWlV2TEZ1RG5OOVNEcVlsTHdiRVZicHpBWmRmLWw5NmI4MWxFTWlqVHpYSVNTY3dyS2hYcmtyY1BRNVh0Z1lnNG1sSFY3eTE2RVN6akdJOURnb3N6aWd5V2FoazhzSklON2IzYi16UkFGWnBoSHBpdGtIWWZOQTZ2d2tBYWc?hl=en-US&gl=US&ceid=US%3Aen,Bloomberg.com,8 hours ago,📺 Bloomberg,https://news.google.com/api/attachments/CC8iK0NnNUtaRTVLVDNKa1ZGUjVRMVp0VFJERUF4aW1CU2dLTWdhNVlvSnhLUWc=-w200-h112-p-df-rw,2025-08-22T18:39:43.723865
Will Dangote’s Big Refining Bet Enrich Nigeria?,https://news.google.com/read/CBMi1wFBVV95cUxORTBoWGkwSEFZQVYxWWJJNVdBY3J1OVVQbGhTYm85N3RUU1NQVmdmQ19xblN4bmpJSEJtTURTc181NU9acV9TZ21MNkQteWFwYk1kbVdieWY3WlF3OGQyNVRtNlE4VWxqbzd2VDl3ZW4yYXp0dWR4ajlsRjR6VjE1M3o2aVFVSVl4TWhnMXJLaFdHaHdYcjBNRmRmckJ1a3ZyS0F5U0FOMVVuQWRMQmVTZDNDalY2SFhTSkFzTWtablhFMkpFb3BqbTZJVkZLTE54emR3a3pGbw?hl=en-US&gl=US&ceid=US%3Aen,Bloomberg.com,6 hours ago,📺 Bloomberg,https://news.google.com/api/attachments/CC8iK0NnNVJlVVJLU0VaQ1FuSXdiREJPVFJERUF4aW1CU2dLTWdZcEpwanRtUWs=-w200-h112-p-df-rw,2025-08-22T18:39:43.723866
Powell Takes Center Stage at Jackson Hole,https://news.google.com/read/CBMiugFBVV95cUxPUEx3emlTMFdnSmRmbGlqZ1pSdEtTNi01NDdfcFZaMnM4VG5pNTJKRnRvZ2VORDVvQ1ZraHlxRjNvdWdaRDNZWlExV1hCSFpXU01rYUxRbGhYaWtRaENTY1VYZktaeEVQT1BZSGxDY1F3U2piLTFqN3NSNGNtcDZvc2J4OG94TXUyMDh4VE1La1kzWWhmTUMyQzBjaC1fM01Idjk1U2U0ZkRLMDZsdHM4ZHMxdjAyVHZmU1E?hl=en-US&gl=US&ceid=US%3Aen,Bloomberg.com,7 hours ago,📺 Bloomberg,https://news.google.com/api/attachments/CC8iJ0NnNUpNVVo1U21KUFVuaEZhMjV5VFJERUF4aW1CU2dLTWdPVjRnQQ=-w200-h112-p-df-rw,2025-08-22T18:39:43.723868
"At This Point, It’s Impossible to Know What the Trump Phone Looks Like",https://news.google.com/read/CBMiakFVX3lxTE5nZWpJSkVIRnJmZ2U2Qy12S1pwVkVFQUotSDVialZfWEZtRkFIQlR4NzZlTVJHc3RxWWxCV2h6dTRPWjJlNEk2Qy1sdG5zcVRTY1JESFJ6RmVTTlFMV2Nmb08wVVZrU3M2OWc?hl=en-US&gl=US&ceid=US%3Aen,WIRED,3 hours ago,💻 Wired,https://news.google.com/api/attachments/CC8iL0NnNXlZM2xsYVhkak1sSjZTbmxSVFJERUF4aW1CU2dLTWdtWklvYU1uU05OUlFJ=-w200-h112-p-df-rw,2025-08-22T18:39:43.723870
The Rad 'Tony Hawk Pro Skater 3+4' Remasters Are $15 Off Right Now,https://news.google.com/read/CBMickFVX3lxTFBWMmVNWGRMRHNFU3ZVQVRhSF84UGFuczlfUG1mQjZaZlRLcEpNWGhhVm1WN09kOHNkb2Z4Q3dqYkwyRzluTWdwbWVIZnJhM0pJcW1OdlVxOVViNnBvcVV5YXQzWnE2TUplbGRSU1E0MElXZw?hl=en-US&gl=US&ceid=US%3Aen,WIRED,23 hours ago,💻 Wired,"https://encrypted-tbn2.gstatic.com/faviconV2?url=https://www.wired.com&client=NEWS_360&size=96&type=FAVICON&fallback_opts=TYPE,SIZE,URL",2025-08-22T18:39:43.723872
Qi2’s Magnetic Wireless Charging Finally Arrives on Android,https://news.google.com/read/CBMiakFVX3lxTFBMMkxoOHVFQzBCU2d0bTQzcjFuRHBYbURmVl9zZC1lUjlvdEEtV29UZ2NFWnVWSy1YcFg1QlctUW9vRXlOcmN4T1QtcjZBTVhReWRpRVpwZDJzNVc1YkN3ekpEcHIyblJxdnc?hl=en-US&gl=US&ceid=US%3Aen,WIRED,"Jan 5, 2024",💻 Wired,https://news.google.com/api/attachments/CC8iK0NnNTZXV0p6VG5Wdk1FOHpUSGc1VFJERUF4aW1CU2dLTWdZbEJZN05sUWs=-w200-h112-p-df-rw,2025-08-22T18:39:43.723873
Which Google Pixel Phone Should You Buy?,https://news.google.com/read/CBMiYkFVX3lxTE50MVM2MDlDR0R1VjlBYWhxQ21iZ09nQjQ5dV9xQXVpU0wtMEh3RElpOGlCNU5IR0ZqY0ZXSzNUR0dXV282bGdvd25FcG9TSHZ6ZFJmX1pfOUJHcUp6QVNqR1RB?hl=en-US&gl=US&ceid=US%3Aen,WIRED,"Dec 7, 2020",💻 Wired,https://news.google.com/api/attachments/CC8iMkNnNDRUakJLV2pOb2JGZHFhbUUxVFJERUF4aW1CU2dLTWdzQklJaE9LZWVTanlsMG9n=-w200-h112-p-df-rw,2025-08-22T18:39:43.723876
The 40 Best Movies on Hulu This Week (August 2025),https://news.google.com/read/CBMiZkFVX3lxTE4xd2dpQkhVRDVoS29TZElEd3JSQk9DdUFBYVJYVWtuOWd6VTcyU21KZTNnelRIRXVLTHFCR3V3VWl3TnR4Ym05dER1X0dOazZ5RE5NUHBqUUxNSnVOcWw3bEUxZnVxdw?hl=en-US&gl=US&ceid=US%3Aen,WIRED,"Feb 15, 2023",💻 Wired,https://news.google.com/api/attachments/CC8iK0NnNU5ZVlptVTFkWmNFcFJZM04zVFJERUF4aW1CU2dLTWdhaFZwUUxxZ2M=-w200-h112-p-df-rw,2025-08-22T18:39:43.723877
TechCrunch | Startup and Technology News,https://news.google.com/read/CBMiO0FVX3lxTE5oc1hqR1YwYi1VQTM1alk2dEVDNS1TaXp1SnlRdHdNQzBINUZvN0hxaDdWeEhSUGoxWm5v?hl=en-US&gl=US&ceid=US%3Aen,TechCrunch,"Feb 9, 2010",💻 TechCrunch,https://news.google.com/api/attachments/CC8iK0NnNHliekZ1T1ZWNVV6UnJRVk54VFJDOUF4aWNCU2dLTWdhSndvcE13UVE=-w200-h112-p-df-rw,2025-08-22T18:39:43.723879
Hardware | Page 84 of 2238 | Read the latest product reviews on TechCrunch,https://news.google.com/read/CBMinwJBVV95cUxObTNZdzNvd3o2bmNyUS1mdnBrX3dJa0kyQ2JGcG5nQzk2UVNpRUFhLUozOHpWY1c0MXFTSmdsV1lBbXUxU0RHd3VrdDFFYTMyTkwwMDNFdE42aFl6YzFlTjVmVlFidVR2LXZ0OFNRSGdWNzVlbi1lU2xpd2tYS3FtNmtlRGFJY3ZwZG0xMHFKTHl2dWh1eHhHbWhmcE14ZG9nbE5sREx2LUVlSTlSVG8zZlhHZm1yMjI1QmZPSGI3eUhUaFg3aFVVak5KWVpjekNybng4Ymo4TmN0WFhBVTFBdlVqRGtaMUgxSTRYN2F0VzQySnV0WDdEU1dBRHdyWkI3bU5nNTRQOVJ1bW96aHIxZUtta1N6TUI2R3Q0bDV3VQ?hl=en-US&gl=US&ceid=US%3Aen,TechCrunch,3 hours ago,💻 TechCrunch,"https://encrypted-tbn1.gstatic.com/faviconV2?url=https://techcrunch.com&client=NEWS_360&size=96&type=FAVICON&fallback_opts=TYPE,SIZE,URL",2025-08-22T18:39:43.723881
"John Biggs, Author at TechCrunch | Page 16 of 401",https://news.google.com/read/CBMiogJBVV95cUxOWmxaUE9yd2ctaGxyaUl5TndfN1h5Mjg3NjhDV1J3SVVaWmd0Rk11alY3Qnh0LU0zSER1Y1VwUW9PRHU5YWR5cUI5NW1taUY3a0hZTV9CUmNwVzZwYnhWTTNlZjJEcVRUZTNydDdZcHRtWlpHT3RyVFkydExyS2x3T01XYlZobTUzbWJ4OERjMXBCTjBXMDcyekZxVzNwbTU2WUhNQ1p3SElObFpYXzZGd01Odno5TmxIRTg4Ym51REstYWltVlI3S2VWRlJSZFFCVGlZbVdfUENvckJ0dGRKWnFONUVwVjZqQVpHTGdaZFBhZ19kVHhEWHBkQVZ4Z0MtWmFnU0sxRjdZZHdOZkN4Ri10bWpva0N5V05FMmpuT0xFQQ?hl=en-US&gl=US&ceid=US%3Aen,TechCrunch,12 hours ago,💻 TechCrunch,https://news.google.com/api/attachments/CC8iK0NnNWZUbXRqTVRGbU1IbGhiRjlWVFJEM0FoajBBeWdLTWdZUkE0eUhpZ3M=-w200-h112-p-df-rw,2025-08-22T18:39:43.723882
Google’s AI-stuffed Pixel 10 event,https://news.google.com/read/CBMigwFBVV95cUxNbTZQVmVSSGFmbVdsaHdCc0prY21JSkFYYzlHdG03elhzQWhUaFdhNkpMeGNCVTYzamw1c1hReGRDR2dLOHhmUVptN3lSNV9Uc24yQ0I5aXFDV1c1VEZKOXpCamlCRDhta1EzZ1ZoaHNoVzRoWlNHMjczdWtUaHQyN1FtQQ?hl=en-US&gl=US&ceid=US%3Aen,The Verge,5 hours ago,💻 The Verge,"https://encrypted-tbn2.gstatic.com/faviconV2?url=https://www.theverge.com&client=NEWS_360&size=96&type=FAVICON&fallback_opts=TYPE,SIZE,URL",2025-08-22T18:39:43.723884
Microsoft is bringing PC gaming apps and stores to its Xbox app on Windows,https://news.google.com/read/CBMingFBVV95cUxNSTNTbWY1d1pqblZSOTgtWm90d0pEbEYtSTJKdU9hcnFhd0JyWXVjVU9kdHlVOGdsaVBiU09ab1RLekxJd2t4aVhGYkpmSm56UWsybFZiZkdsaW5wdGxObzVWVzAxMEYzbDdCUHM4OHM5VXMzc2pVdkRBN0QwMU9MaDVmdVlCaG1yVThSRmpmWlljMVFQeV9yMlNlTVRzZw?hl=en-US&gl=US&ceid=US%3Aen,The Verge,20 hours ago,💻 The Verge,https://news.google.com/api/attachments/CC8iK0NnNDJPRE5UYW10MGFrTnhUalZuVFJERkF4aWxCU2dLTWdZQmdKTG9OUWM=-w200-h112-p-df-rw,2025-08-22T18:39:43.723886
Florida man orders beautification of America after gold-plating the White House,https://news.google.com/read/CBMiiAFBVV95cUxNUEdMb0JaNHBhb2xpLUMxS1dDU3dpY3JzVS14Wk1YdGdHTEtJVU1fNzYtdGhhZkRoSmx4bWxjTl9STGs5TnZvbEVyeDI5b1lTem0wUThaVkp0QXBGV25Zb2E3OU1DVUd1TkNvX3RuWjNIeWZJVUVhYWo0cGdwU0NIckpnNmVJeks5?hl=en-US&gl=US&ceid=US%3Aen,The Verge,10 hours ago,💻 The Verge,https://news.google.com/api/attachments/CC8iK0NnNVJVMlpQVjBSQlpWSm9jalJsVFJER0F4aWpCU2dLTWdZaDlvVHJ6UU0=-w200-h112-p-df-rw,2025-08-22T18:39:43.723888
Belkin’s first 25W Qi2 chargers power up multiple devices,https://news.google.com/read/CBMikAFBVV95cUxQMW9rd2dFdHlFQUhpUUwyR2wyU3VJRDBEbFgwMXA2QzFEYzY5Z09wM3hRLTdHblh3RDNIRXNhd1ZsOTlDdFZjZDZzcW9Nd1Q5aWgzX0pRTmdMUTA4WUZnZ1MwQWI0OTVBdk53bnZGR0ZVQWpGY0hNMUhJYk1NOHl0SjItcG5uSElqS3F0VXpsME8?hl=en-US&gl=US&ceid=US%3Aen,The Verge,5 hours ago,💻 The Verge,https://news.google.com/api/attachments/CC8iI0NnNXliVEp6TTJSb0xVRlBUR0pNVFJEQ0F4aXFCU2dLTWdB=-w200-h112-p-df-rw,2025-08-22T18:39:43.723890
Google made it easier to edit your Drive videos,https://news.google.com/read/CBMigwFBVV95cUxQVmRBMGlhN3lpVnlpOWRwXzBkVF9lQU9UYWFtUE51dFcybXVnc2ZDckRFYjFZNk9uN2VWcmZBYnJvenZVOFNvSm80LVlsbnNHS3FzY2plUTRZNlRnUThYMGRQR080d3VTYnNfb0ZnLWFRUU5YWWtTcVlJWEpZZXNxc2g5bw?hl=en-US&gl=US&ceid=US%3Aen,The Verge,5 hours ago,💻 The Verge,https://news.google.com/api/attachments/CC8iK0NnNUdXV2xpYmpGVlkzZERTV0ZMVFJERUF4aW1CU2dLTWdZcGRJNnVMUVk=-w200-h112-p-df-rw,2025-08-22T18:39:43.723892
Longtime Bungie head Pete Parsons steps down,https://news.google.com/read/CBMihgFBVV95cUxQVzlxNXlBelFKMldrMHVxbm1LcFdhYkNObGVSN0s4WnZ2cGFNdlc5V1RqeWRBbkRJNEptNEFrbFhXT3VtX2hxNEpScGtULWNrRTR2RUdkcmhTQ2lmVzgxcllzaWEyTjMyTnlReXdrcWhwWENRaUdyZXppU3I1OFdSSXZFS3d5Zw?hl=en-US&gl=US&ceid=US%3Aen,The Verge,21 hours ago,💻 The Verge,https://news.google.com/api/attachments/CC8iK0NnNXlTV1pDUmpSUk5XWlhaVlo2VFJERkF4aWxCU2dLTWdZSkZJeW9GUW8=-w200-h112-p-df-rw,2025-08-22T18:39:43.723893
Netflix’s new Splinter Cell animated series kicks off in October,https://news.google.com/read/CBMimAFBVV95cUxOWjFvem81czRPbnlkb1Jkb1d3Uy12OTk5VGVyUElEd21ackxkYkxmVTg0RzBsaTdBdmhQZFZKcVF0S0dWOVg4LXRFb2lFRktDbDlZQ1d0eExhSEhTRVBJYkJlRmdtRDdQYV8xTUlPYThWZGJYcFhwY1k3T1dueUJIWl9PRVFmUk5JanlBcWg0VnQtMFJQU2Y1ZQ?hl=en-US&gl=US&ceid=US%3Aen,The Verge,18 hours ago,💻 The Verge,https://news.google.com/api/attachments/CC8iK0NnNWhjR1pUT1ROeFJYUkZVak52VFJDUkF4ajhCU2dLTWdhZGRJcXNzUVU=-w200-h112-p-df-rw,2025-08-22T18:39:43.723895
"Google reveals it isn’t making tablets, smart rings, flip phones, or glasses (yet)",https://news.google.com/read/CBMimwFBVV95cUxPdGxDRUN2dXY5VkF4MkotRHk3RkZTODhTaWJWVjRDV1drcC1fSGQxdktZRVZBdGs5V1F0NUJtaGpydXlZNGFRTmJqTzFEZjcyRDJGQ0F0cWNYN3J5SGtONnVBdW1DRG1qamR2SlJfUlVUVnlBUHJ3NkhfTTVRdjJhTlBhSGh2UFlBZTZyc3dPVzlmMTZsamU1RDY5QQ?hl=en-US&gl=US&ceid=US%3Aen,The Verge,22 hours ago,💻 The Verge,https://news.google.com/api/attachments/CC8iK0NnNXdURk00UlhaUVgwNUdXR1ZFVFJER0F4aWtCU2dLTWdhcGRaTE5MUWM=-w200-h112-p-df-rw,2025-08-22T18:39:43.723897
Made by Google 2025: all the Pixel news and announcements,https://news.google.com/read/CBMimwFBVV95cUxPdGEwZzlKM19acmN6QWtnR2R2cU5SNmlUTXBZTWVtNHZ1ZjVJYjhqNkpTUjN0czRGRDNRc1YzRnBDbVN2aVFqbEFNV1NlRGlaZjRucXotU0kwY0kzSFE2RE5YM0xacW93UkdwcXlEc3I3dWFIOGs3TTdMQmpFQzNiMVR5VGFYblR4WmloMmVZOUowWWRycTN0a3plWQ?hl=en-US&gl=US&ceid=US%3Aen,The Verge,2 hours ago,💻 The Verge,https://news.google.com/api/attachments/CC8iK0NnNHhUVUk0YmtKblJqbFhOVVZPVFJDUEF4aUFCaWdLTWdhQkJKRE5FUWs=-w200-h112-p-df-rw,2025-08-22T18:39:43.723898
Trump Mobile’s fake iPhone is now a fake S25 Ultra,https://news.google.com/read/CBMiiwFBVV95cUxPN081LWUwekZBLXd1dUotYUw3SHY3c1BZWkhTRERPWXVEUzh5Q3BWamZFeUh6ZVd0cTRDLUgtcjM3dEJNSUZJOFZta25GRmV2UmptV0JhQ3JRWEFDd2EtNXhubHdVZFY2T25PQWtXUVRXekpwa2I1RktGakRNaEF3TTlwZUVPa1I1RVhn?hl=en-US&gl=US&ceid=US%3Aen,The Verge,8 hours ago,💻 The Verge,https://news.google.com/api/attachments/CC8iL0NnNXhXbFJ4YTNGS1NsQmZUR1oyVFJEQ0F4aXBCU2dLTWdtVk00eHhuV3FxQ0FJ=-w200-h112-p-df-rw,2025-08-22T18:39:43.723900
"Rafael Suárez, Author At DroneXL.co",https://news.google.com/read/CBMiSEFVX3lxTE52R0dtcE1CajRadTB6dTBIUjlROUxwOElCNGVPTVBSZXNNNkVwdUxyRjdGcDNrRk5GNmcyMXFxX0hURjZPUjMtUA?hl=en-US&gl=US&ceid=US%3Aen,DroneXL.co,Feb 8,🚁 DroneXL,https://news.google.com/api/attachments/CC8iL0NnNVJiUzB0WVRKbVNFUlZiVmhwVFJDZkF4ampCU2dLTWdtbEJJVHN6ZU5ySXdN=-w200-h112-p-df-rw,2025-08-22T18:39:43.723902
"NDAA-compliant FPV win: $1.6M Aura camera, HDO+ goggle order accelerates U.S. defense sourcing",https://news.google.com/read/CBMifkFVX3lxTE5vUnVxcWFhbk1PbmxIemYxcG9aTUZQcjhOeThmZC1ZRU5PTElpOW9ucHhUOFJPNE1vMS1Ka3phTXFiUFdUMG1jMHZqQTdCRlEyUVZXQzBDUEJTaGVJd0l5d0Z5WDVra2VuVjBaRzliNTBqT2NMRUdyUlJ2NTdlQQ?hl=en-US&gl=US&ceid=US%3Aen,DroneXL.co,18 hours ago,🚁 DroneXL,https://news.google.com/api/attachments/CC8iMkNnNUVUbFEwU0UxVlQyWllkRTUyVFJEM0F4amlCQ2dLTWd1UmdZcnR1R1dDVEVwTlJR=-w200-h112-p-df-rw,2025-08-22T18:39:43.723904
Zipotle Zips Burritos By Drone In Dallas,https://news.google.com/read/CBMie0FVX3lxTE5RWlFBR2hvZGJtUzBLckcxZDdQYmcyZ083b2hKdVRYVXNCZk9ISXV2dVNxWEx2S3NmMEZPb0JUdVB3TE9KMFpvYi1KQTRKdDZqNEFPaFBna1hpU3I4N21kN3JITWxrakg4bHkzMkx3Q0dNNmtQTHJtOHlwUQ?hl=en-US&gl=US&ceid=US%3Aen,DroneXL.co,23 hours ago,🚁 DroneXL,https://news.google.com/api/attachments/CC8iL0NnNWhTVEY2WTNKS1RUTmZkRE5UVFJDZkF4ampCU2dLTWdtbEJJYnNUZU5yQXdN=-w200-h112-p-df-rw,2025-08-22T18:39:43.723906
"Drone Attack Downs Colombian Police Black Hawk Helicopter, Killing 12 Officers",https://news.google.com/read/CBMigwFBVV95cUxOUEotYkFleFItMVE1TnNPdmxJeXQ1aFBFVWN6c2RaanlJU0xPVnhodXZKZ05hSnRrb2dyNkkwTXhqTnlSajNNVXNPUHlGUldmS0MtZllBT2FrZklDbFByR0txTXdEQjVmZXl6TmtxTkhWcVJ5bzhnRl9yTjBWMXBOV1d0TQ?hl=en-US&gl=US&ceid=US%3Aen,DroneXL.co,14 hours ago,🚁 DroneXL,https://news.google.com/api/attachments/CC8iJ0NnNTRObEZQTm5sT1JXNUZSak5UVFJDNEF4aTVCU2dLTWdPeE14SQ=-w200-h112-p-df-rw,2025-08-22T18:39:43.723907
U.S. Government,https://news.google.com/read/CBMiSEFVX3lxTE5LeG8yM0xRTmVqbDdIY3FyQVlnSFVKdUZvZDUzQkZCMGYwQUVBd0JTMS1acTBwcDRIbnItYXZxR1Q1SDQzaWpuXw?hl=en-US&gl=US&ceid=US%3Aen,DroneXL.co,"Jan 14, 2022",🚁 DroneXL,https://news.google.com/api/attachments/CC8iMkNnNHpjRUZCWDBFNVVXd3RUa2d6VFJEM0F4amlCQ2dLTWd1UmdZcnN1R1dDVEVwTlJR=-w200-h112-p-df-rw,2025-08-22T18:39:43.723909
Florida Man’s Drone Drug Fiasco Crashes Hard: Pablo Escobar of the Skies,https://news.google.com/read/CBMiggFBVV95cUxQbjQydHBDUnFBdXBZbG5RNTRSbjVOT3lza3E0TUltZEZreG1NRE5CazdkZDU2RTd6bTVxZEhtRnNjNVRZSFRtbVQzckp1M2NWREdVNUREYjhyVDNWODJYbUdZSzVxdGpWdlBQNnRyMzAxYmVlcjJERXdzM0ZRZFR5Zl9R?hl=en-US&gl=US&ceid=US%3Aen,DroneXL.co,20 hours ago,🚁 DroneXL,https://news.google.com/api/attachments/CC8iK0NnNDJjR0ZZV0hsWFdsUlVPRlZpVFJDZkF4ampCU2dLTWdhVmNKU1hMQWM=-w200-h112-p-df-rw,2025-08-22T18:39:43.723911
irish drone law Archives,https://news.google.com/read/CBMiVEFVX3lxTE5oVzVnRFZZdHR5aTNaTHFiUnp3ZjVjQ0xzLWpESVVDSlZsaGduak9NSHpBV1d4WDdGWmRQa3dVQ0dhTjRFc0tMWUJmWmV0QUN1emZMNw?hl=en-US&gl=US&ceid=US%3Aen,Dronelife,23 hours ago,🚁 Drone Life,https://news.google.com/api/attachments/CC8iK0NnNDJZV2xVZVZONWF6aGhjVzFpVFJDc0FoaXNBaWdLTWdZQk1KQXN0UVk=-w200-h112-p-df-rw,2025-08-22T18:39:43.723913
Drone News Archives,https://news.google.com/read/CBMiVEFVX3lxTE82SEFHSlN2ZFYxc3BBQmU1Y25aWG5KVDNaOUNPbnVxT2UzTmxJVGV5SXpaTmdLRzE2U0p2NTI0RnNERjM1TzBKRnJqcGREV0FZVE1nZA?hl=en-US&gl=US&ceid=US%3Aen,Dronelife,"Sep 12, 2017",🚁 Drone Life,https://news.google.com/api/attachments/CC8iK0NnNW1NR0pLZFRSTk1GVkplR3RTVFJDcUJCaXFCQ2dLTWdZQk1KQXN0UVk=-w200-h112-p-df-rw,2025-08-22T18:39:43.723915
IDF working to down drone from Yemen that set off sirens near borders with Egypt and Gaza,https://news.google.com/read/CBMi0AFBVV95cUxQV1lvZTdybVJGTlZzU29WMlpXaWJSei1zcXQ1T3FEVTFaek0xZi00Zy1MbElSME1YWEpWYWU1VGZFd1Y2NEM2Sk50YWU4UDR6bUV1bUpaMC0zZklDVUs4NDBzTHZoZFk2TC1uYl84MVpHSERzTDF6eWIxN3pCSml6UXkwSy00LW5KWklOdDd4ZDlBcmlRbjF2c3pFSkhyQjBuZWtPTFhuVWhGbDlGY3kwakV6a1VobXI5TEJyVUdVbEV4MEY5U2tiNEd1YmVfTUZI?hl=en-US&gl=US&ceid=US%3Aen,The Times of Israel,4 hours ago,🇵🇸 Gaza Drones,https://news.google.com/api/attachments/CC8iNkNnNVVjVE5tUkdwaVozSjBaMGx0VFJERUF4aW1CU2dLTWc0QlVJaXZwS1JqMThoSGdvYWNKZw=-w200-h112-p-df-rw,2025-08-22T18:39:43.723917
Egyptian Delegation in Gaza to Contain Drone Incident,https://news.google.com/read/CBMiwAFBVV95cUxPLWN4Y1J5NE9xSFFZdHlNZmN6akRqajZWcy1xS3Z6dkk3ZHAzMFVhQTFaMnlldUtCeFhTX3d2U3l1WjNlclZpVUZfS2duVWV3R01SY2FoalNkV1NCd3NDZS1MRzZPVjNBZXFnd1BhZUdFRVZwZEFaclctVi1OZld2bmZXVC1sUEdaZjhiR2FaSXVwaTA4dk9fYmdzNFMyb0NVNExTRDZuZlU5OTdfZUNtWU9QaHVfTENIREVjeFZpblI?hl=en-US&gl=US&ceid=US%3Aen,Asharq Al-awsat - English,3 hours ago,🇵🇸 Gaza Drones,"https://encrypted-tbn0.gstatic.com/faviconV2?url=https://english.aawsat.com&client=NEWS_360&size=96&type=FAVICON&fallback_opts=TYPE,SIZE,URL",2025-08-22T18:39:43.723918
Palestinian child killed by Israeli drone strike in central Gaza,https://news.google.com/read/CBMitgFBVV95cUxNX1l5VDZwM3hDMXBHRzlyX0tpWTEwcGZyV19CLWU0ZTNSRk1Wa2NJQjZ1SW1JcEh0YmdVN3RSRjZkbUF6TTFIa1RpQ0pEZHZDeW8tX1VLU3JMelJiVng4OFY4bWdsQjZIZjZUNXhqUEFvMWhpa3lhdktWTl9XTFcweDUxVWpuOXpNQ2J0VDRjckZ2X2thR2U1LVMzMkdQRzdsMndRamVIbm9JaURaQVBSd3NobVFfZw?hl=en-US&gl=US&ceid=US%3Aen,Middle East Eye,19 hours ago,🇵🇸 Gaza Drones,https://news.google.com/api/attachments/CC8iL0NnNXBia1UxTjJwb1pqZHJXbXRvVFJDZkF4ampCU2dLTWdrQlVJektJQ2l3N1FF=-w200-h112-p-df-rw,2025-08-22T18:39:43.723920
"Benjamin Netanyahu approves Gaza City op., will start hostage talks",https://news.google.com/read/CBMibkFVX3lxTE9Tc1pmOU5KMnF1LURON1duam5uY0JwQmEyTWhTWDhuMEhHYmJac1VyMWh1elhrWHZqMVJCRE1id2FHN0JxbzUyMy1ZUWxaRG5PYzktZl9qNmNKX3oyaTFIWURaelJQcmJXTDEwQnFn?hl=en-US&gl=US&ceid=US%3Aen,The Jerusalem Post,12 hours ago,🇵🇸 Gaza Drones,https://news.google.com/api/attachments/CC8iK0NnNVhZeTFPV1hCSU5WVndSVmQ0VFJDZkF4ampCU2dLTWdZcFpvVHRyUVk=-w200-h112-p-df-rw,2025-08-22T18:39:43.723921
"As Netanyahu expands Gaza war, some reservists grow more disillusioned",https://news.google.com/read/CBMiugFBVV95cUxPMVN3VExIUkpMcDNDUl96MVNST3BQRm5yTXI1SlVDUUZHVXJWODZPd0pOQzZ0LXJoeWdaSlYySHlxMTFwcFdnQlg1R1pqdm1rMTdvR0V1NGMwWTh2RXBUd0VNVzU2WEpob3pVaWI3QlhhY05tZzAtbFhJUEtRc19qWTN6Yzg5NFB6UW9nZ1NId3RGRVMwMFl0RHByOEF1aXl5UFNydUJEeGM0WENVNUdnOUtZdXE0Uk1yT2c?hl=en-US&gl=US&ceid=US%3Aen,MSN,15 hours ago,🇵🇸 Gaza Drones,https://news.google.com/api/attachments/CC8iMkNnNW9NMDlVVTB0SWIwUktZVFJTVFJEZ0F4aUFCU2dLTWd1QklJWXFHU095QmdxVkhn=-w200-h112-p-df-rw,2025-08-22T18:39:43.723923
Netanyahu says Israel to begin Gaza ceasefire negotiations to end war,https://news.google.com/read/CBMiU0FVX3lxTE9KcFExU3IzV0hqRVctRnF0cDJLUFFfN0hGRktMeVQyc0tmVUNrRHd5MVQ4R3RsVG1HS0xET0FjV0NnNU40RnYxLXR5bDhQMC1EczI4?hl=en-US&gl=US&ceid=US%3Aen,Reuters,15 hours ago,🇵🇸 Gaza Drones,https://news.google.com/api/attachments/CC8iK0NnNW1SMjlrUlhoaVJuTjBURVZpVFJDcUJCaXFCQ2dLTWdheFJKYVBJUWs=-w200-h112-p-df-rw,2025-08-22T18:39:43.723925
Member of Syrian armed forces said killed in Islamic State suicide attack,https://news.google.com/read/CBMiuwFBVV95cUxQWGl2ZXlheHMyOThuNlFLcmhDTksxWnI2dEx2RURXczRuYlAwZUxGZGl3bloyWXRtLWp6THhPVmk4NUgya0htY0ZTWkFyU1FQem5UY2kwTGd1d1R6UmdrMVQ1RkFGUVZjUWo3dXpIQVhVXzQ3aXBoXzlOdk5nMUdjMzFHWmVHZ29XZTFveXNJSGtYb2UzbGFSeFUtRlpFR1lSVTdRWDE3OHZpdGcyOVFUQlpOZHRhZHAyWUJv?hl=en-US&gl=US&ceid=US%3Aen,The Times of Israel,1 hour ago,🇸🇾 Syria Drones,https://news.google.com/api/attachments/CC8iNkNnNVVjVE5tUkdwaVozSjBaMGx0VFJERUF4aW1CU2dLTWc0QlVJaXZwS1JqMThoSGdvYWNKZw=-w200-h112-p-df-rw,2025-08-22T18:39:43.723927
Syria revaules currency after Assad ousted,https://news.google.com/read/CBMiXEFVX3lxTE1udTZyUGZpb3hUaHlWZHRwRFVoSXFWSFJDdnZ6ZkN4a2xKWFp4UzJqMGZISHhCRGZVbDV2WGJGU3I2Q3I0eWFZdmgya1BTTUFGNFlSM2xXVmpkeEJZ?hl=en-US&gl=US&ceid=US%3Aen,The Jerusalem Post,3 hours ago,🇸🇾 Syria Drones,https://news.google.com/api/attachments/CC8iK0NnNUNOblF0V0hORlRqQm5PWEk1VFJDZkF4ampCU2dLTWdhUllJenF1UVE=-w200-h112-p-df-rw,2025-08-22T18:39:43.723929
U.S. Kills Islamic State Operative in Rare Raid in Syria,https://news.google.com/read/CBMihgFBVV95cUxOamxteE9GUDE1VFNfZHpId0xEWEtCUGp5TGM4TXZTUFJ6X1VKWGRuYUF5cTFkTGtPQzRfVUhNWlBMMkRTMFNvS1ZyNnJCWHhOZG4yTVZrdnFPUGlYMk9xblZoUXNFblVrNFNZa1gzb0p6cEpHbkZRbWswZ0c1cjc0VlUtUDQtdw?hl=en-US&gl=US&ceid=US%3Aen,The New York Times,19 hours ago,🇸🇾 Syria Drones,https://news.google.com/api/attachments/CC8iK0NnNTVkbEl0YjJoQmVXUk9OMUoxVFJDUUF4allCQ2dLTWdZaGRaVHNxUWM=-w200-h112-p-df-rw,2025-08-22T18:39:43.723931
Prison break in Syria's Hasakah: Gunmen mount attack - Shafaq News,https://news.google.com/read/CBMijgFBVV95cUxONHR2V0tJRWFSdy1VNDJxVXhvb3J1dDN5UTg5MzNYeU5MRTlVSHpLSlFhcVM2NmxKTVU0Z1RaaV9XdkIzcmNrZUtWSTFSMTZ6NjQwbC1zUDFNYnZVMENwa1Qxd3E1TG1kaFBiWmFld1RKSWRkWnZBbDFvTU9Ha1pjUm9mYVN1MEF3NkhxQVFR0gGTAUFVX3lxTFAzVXdQM2t1STZGY1VvNXBDRERuaG16engyalg1UEhLOUpmaGYzRWNGejZLRTBKZElseVdQTEpuTlpuOElrZmt1bndObHZtcUViNFRmTmZFQWk4dmpZdldqYlpvUDBYRWI1NDgtTW9VZVdfLS1Dd2ItbllpdUFsc0xBSVo4X01Ob1Z1NnhYXzIyVlktRQ?hl=en-US&gl=US&ceid=US%3Aen,شفق نيوز,19 hours ago,🇸🇾 Syria Drones,https://news.google.com/api/attachments/CC8iK0NnNWhSbE5VWDJjdFlXWkpTMHB6VFJDeUF4akNCU2dLTWdZVlk1UnJKUWc=-w200-h112-p-df-rw,2025-08-22T18:39:43.723932
Market Rundown: What to expect from Fed's Powell at Jackson Hole,https://news.google.com/read/CBMiREFVX3lxTFA1aWlfTHBOUUVBVXg1Y2RNZXRGMHA1Z2kybE9wSHlsc244YUFYcEdYNG91bkVCWWpXbV9RWVAwZl94ODhy?hl=en-US&gl=US&ceid=US%3Aen,Reuters,4 hours ago,🇸🇾 Syria Drones,https://news.google.com/api/attachments/CC8iK0NnNTRaMDFEVDFKRlFrazRNek01VFJDcUJCaXFCQ2dLTWdhQmhKSkVOZ2M=-w200-h112-p-df-rw,2025-08-22T18:39:43.723934
Colombia Rocked by Deadly Car Bomb and Drone Attacks,https://news.google.com/read/CBMifEFVX3lxTE01bmJBZFJFNUZQSFNQRWlZNUh1SDluVFJBcDhiNDJIQ1ozTzlhejBhTHZCeWJXcUZ6NnR4MENscnVZV09OWWM4a1NMbFA2dFpDeE1RLXlIaGxDdGFmVjdJWWl0MG9ETzgwVHoyRlZKalU5d3BMRU1fLW93OGQ?hl=en-US&gl=US&ceid=US%3Aen,Yahoo News UK,10 hours ago,🇸🇾 Syria Drones,https://news.google.com/api/attachments/CC8iK0NnNW5URzF2VmsxMFNsOVVhMlp1VFJDZkF4ampCU2dLTWdhQkVKekZGQW8=-w200-h112-p-df-rw,2025-08-22T18:39:43.723936
Iraqi Resistance demands full US troop withdrawal,https://news.google.com/read/CBMimAFBVV95cUxQZmgxV24wNzZEVVU2Zk5JOE54eXY5eHFMRW4xZjJuWTgyNlFJZjZEZ0NJb0dBc1NmdHZOaEVEVnhOcWhYMl9CVFVIMGNoRFZiM3pmOWZsUUFaS1pZb045dEhYa255Nlp2WFBtX0FCV3NzZDFVa0hGRFAzTFhzSkw4ZGtEaEd5WHlTdUVQcW1SdlNnQVE4cWlaTdIBngFBVV95cUxQbjM1YjdDTGp3Nlh5WWxhQUVvUmxobUFJeXBLS05tdjA2NWRQUHJPbFFkdXE1SHYtQmtvbVEtT1YwTVZfSDdBc0J1Y2RSaFUxVzdJUDBFT0l3eDBCVkQwZ2x4a1pHczVpRVQ4T2ZtNzVSWFpRVmlJb05wZ3F0OFpzd19MeEQxaDZBQnRHSm5ncU1ocFYtVERuZ3ZzdkpZQQ?hl=en-US&gl=US&ceid=US%3Aen,Middle East Monitor,9 hours ago,🇸🇾 Syria Drones,https://news.google.com/api/attachments/CC8iK0NnNUpOVk5yVjFaQ1NYYzVPRlpYVFJERUF4aW1CU2dLTWdZQnNJcnZRQVk=-w200-h112-p-df-rw,2025-08-22T18:39:43.723938
GUS Technology enters Vietnam drone market with high-performance battery system debuting in September,https://news.google.com/read/CBMimwFBVV95cUxPcjVpS0Z4bmZNS2JkSllhaTlza1ZoT3lheVNCYU5BdGkyU2VCVzJCZGcyUlFfUHRULV8zdGZXclBnOEpLdXZtdEY0aXlmOGdPQ0RzMEs0bGJPWTUzQjlSNUV3bHJyNmJVa2NIcmJsVjAyODRfZW9fZGIxOEdzc1RUdFdacnRwVGdTRVo1TExMU3o2UWtUS3R0Zy1MNA?hl=en-US&gl=US&ceid=US%3Aen,DIGITIMES Asia,12 hours ago,🇹🇼 Taiwan Drones,https://news.google.com/api/attachments/CC8iL0NnNTJSM1JqVFdWVWNIcEpla3BRVFJDQUJSaVlBeWdLTWdtTlVveW1MaVk5amdF=-w200-h112-p-df-rw,2025-08-22T18:39:43.723939
Taiwan charges suspects in record $72M crypto laundering scheme,https://news.google.com/read/CBMioAFBVV95cUxNbG9wV0hDRWR4N0tjNlBlWXFqTE5ST2FHRGFmVXdzelk0VnlGdVU2WHBBWjZHOTFIQmxVdGJTZ1gtekJkUUg2djZueUkwU2g0dm1Mb3JBQTZGc0FXNXdBUlpmRWphT3AwWFdiMEl0QkRDbzIycDVvSXhPWDN1MW9CSzFnRFdJU1VKZ2UxSGNrbkVpVWtLVVEwel9HMEtXdkx2?hl=en-US&gl=US&ceid=US%3Aen,Cointelegraph,8 hours ago,🇹🇼 Taiwan Drones,https://news.google.com/api/attachments/CC8iK0NnNUdTM3BzU0drNWJVWkhZa3h6VFJERUF4aW5CU2dLTWdhQlE1Q3RwUWM=-w200-h112-p-df-rw,2025-08-22T18:39:43.723941
Taiwan's Lai sets defence spending target at 5% of GDP,https://news.google.com/read/CBMimgFBVV95cUxON1VxR1lTOERhazk5bG1wcmpNVlVXYnFsWnVaekN6NlBUdEd3dVJpQUhzZW1QX1I1dEt0YjNCZkVQLXRGV25xZVZTVGZ4VHBfRE5yVDVhUEE2ckZpUEhmMDd4Q2Ztcm9CaW9zV2FSSFVUYXJqUmFPTG9ZNlRSX2tPb01QXzMzbWFaUlY3ZU4wZUE3RzBBY3JEbXNB?hl=en-US&gl=US&ceid=US%3Aen,Space War News,7 hours ago,🇹🇼 Taiwan Drones,https://news.google.com/api/attachments/CC8iK0NnNWpOMXBaU2t4TFkxTmtjbEl4VFJETkFSajJBU2dCTWdhcGRZTE5NUVk=-w200-h112-p-df-rw,2025-08-22T18:39:43.723943
OPINION | Is the defence tech revolution already redefining future battlefields?,https://news.google.com/read/CBMi3gFBVV95cUxOWVNlU2VHaW9BRkNIMm9CdjVKSlVGdmJkYU8yOUttUXFXV2RaM3JRRE9ldVl3bkhkOWFQQjB2ZGwwUlQxWHNncDdILVY5R1hNLWNZbnVBMVVLODBMcHJGUnBHUkpuNkg5aHJEdGpkaXlYazdMZGgxVnU1VHR5TENUX0VDUTBzTDdCbUhMMjFqZzVGMHZjTkNPbmZmZGllSFlRaUJwb0hfb3ZtdVRTM2pkRzVHeVFKRUxabTVIT0todmxMR0pobS1WNmttWGVuWmkyMkNqVTdvbnhfZUF3dmfSAesBQVVfeXFMTVRRbmxFWG5UWlYzYV83TnNTbGtSejZYNVVGS1JLdzJHc1FSemJZQ1JSd2tjeDdhRlNleEx0WFhyNEc0NUVYYW1IVElNeVljNmZBQjQ5N3NGVDJabFRLMUN5TGduajZUQjlnS0pLOXZkcTFnb3hZQl9QM1JTVGpJaDQySDIxdk5pb2pmc1REbU5jak5sTGdlVnBmNlRWaHUtako4aEFRUktwVnRyQldzd0FsWHM1WEt1Zi1VTExScEpJYVNWbGhjb3NfWFkwVnQxZ3hxZlNuanQxM2xsRGhhYlVEcmRkOHlJQWVzdw?hl=en-US&gl=US&ceid=US%3Aen,Baird Maritime,9 hours ago,🇹🇼 Taiwan Drones,https://news.google.com/api/attachments/CC8iK0NnNWxkR3g1T1d4MWNXZE5ZbE5SVFJDZkF4ampCU2dLTWdhTmtaUU9PUWM=-w200-h112-p-df-rw,2025-08-22T18:39:43.723945
News Content Hub - UK first as Ørsted uses drones to service world’s largest offshore windfarms,https://news.google.com/read/CBMiwgFBVV95cUxQTEoyQWY5dHpSNkpRMHBiR1NrVWk4ZTVETDZQR0FlcjNWdmZQUkNIV2ZXaE5JNl9QRkEtSVNDZ3FGY3htOEhTS0pZcWVESEFTYl80LW15YzBVS2ViRDBseEVydWNlcWVOSVpzb0tDaUQyM3RtODVrMVJGV3djNTg0RmlBRlBJZUdCUGxYd2JEWGRyUGRac1c4aUNDNW01RzI0SUJpT192YXA0UEV6TGczdUJULU9CRnpobzBzVWhNNTlHdw?hl=en-US&gl=US&ceid=US%3Aen,rivieramm.com,9 hours ago,🇹🇼 Taiwan Drones,https://news.google.com/api/attachments/CC8iK0NnNW5NRmxVYm5wTlRrVkRObmt0VFJDZkF4ampCU2dLTWdZZHRvSU11Z1U=-w200-h112-p-df-rw,2025-08-22T18:39:43.723946
Government ‘passive’ in handling TikTok: report,https://news.google.com/read/CBMiekFVX3lxTE5tS3FVeEE5UDNSRUowcDBvUG1UUU51TThYR3BMMFp0VVpFTHFfYnhINE9NdVdkaDUtZHpKMGRVZ0VfVFRLejAwaDF5Vnl6TmJlOUM2RmR0VTZXWWRWZFNvV3ZvRWpUaUNQdndxOHRnNm5qTjdLR2k1WXBn?hl=en-US&gl=US&ceid=US%3Aen,Taipei Times,2 hours ago,🇹🇼 Taiwan Drones,https://news.google.com/api/attachments/CC8iK0NnNWZjSE5LTVhwNFZ6VXpjM1JaVFJERkF4aWxCU2dLTWdZQmdJaHV0UU0=-w200-h112-p-df-rw,2025-08-22T18:39:43.723948
The $1.3bn bill to fight ‘future threats’,https://news.google.com/read/CBMilgFBVV95cUxOaWZXTGRKbkU2aXB5a0hJX2FaYmFRZTc3emJKTVc0RjJzVWdEM3FBeXQ0TWJuWFJsM25Ra1liczBLNXZDZTFOaWpjcVNmZ3lFSWVBektlSzR0VlUxaW5wTFRYdkVuSURRUzY3YjJ3LWkxRC1zVm9USTlVTHRtNC1OelVsUVpnS0NjYllnOThfMlJ2S0lHa0E?hl=en-US&gl=US&ceid=US%3Aen,MSN,14 hours ago,🇹🇼 Taiwan Drones,https://news.google.com/api/attachments/CC8iK0NnNU5hVzl5VjJoWWEydEtMV1JEVFJDZkF4ampCU2dLTWdZQkVvVDFqQXM=-w200-h112-p-df-rw,2025-08-22T18:39:43.723950
Taiwan advances robotics and optical component industries with key international partnerships,https://news.google.com/read/CBMirgFBVV95cUxOdC1hN3hFMzN3MnFILVNHTm9Eb2JzZ3FzWTZWd3lFVl9iQ244UTA5WXlLXzItazFQNUlPODkzWDJCb2pXaEZDbFRMMFdxMGlJYTBxT1Y1YlM1a3lpX3VkYllDbUVKQ2xQaFlQT3VjX2xnb2liZGNvNnZtaFpiSWpnQW03R1BVOHRPa1JYQ1NJNTZXUUFLcmJERndLNEduQ28yRUhUY1NaWlJuemprUFE?hl=en-US&gl=US&ceid=US%3Aen,DIGITIMES Asia,15 hours ago,🇹🇼 Taiwan Drones,https://news.google.com/api/attachments/CC8iK0NnNTJZamhTUldsR1VHWlhjbmhwVFJEZ0FSalFBaWdLTWdZdEpJNXhvUWc=-w200-h112-p-df-rw,2025-08-22T18:39:43.723952
South Africa Probes Russia's Recruitment of Young Women for Drone Assembly – Bloomberg,https://news.google.com/read/CBMizAFBVV95cUxQdU1sa2tjX1VXM2lYX3VzSmg5WFFzSVlLSDlkMFA2dE9GNFZjamVUNTdmNUpkc3FSZ2pIbjl6VzVVMTJscnQyQzRxV2JXX1VFTjFDR0JKX2hJS2dhbXZ2UGNTMGswenJjS3E5UGJyOEI4TzhrSG1GNWF3bndJbEVsTFdJcUx1eDRkRjJQM0tOZlhBdlhxUk5EUWpQZnhEYUh4ZVlBUzVpdE5Xb2VwTmRYSVJwdXhBdlJyWHFONkUwNl9aV3U2TTB3UkZwQVg?hl=en-US&gl=US&ceid=US%3Aen,The Moscow Times,6 hours ago,🌍 Africa Drones,https://news.google.com/api/attachments/CC8iK0NnNUpjMmwxU1VsNFkydHpTMVJrVFJDb0FSaXNBaWdCTWdhZFlwS3NxUWM=-w200-h112-p-df-rw,2025-08-22T18:39:43.723954
Russia’s Drone War Built on Lies: Young Women Lured From Africa to Alabuga Factory,https://news.google.com/read/CBMiwgFBVV95cUxNN2dlMzJhSkJQS1V3NXRMdm9WeUNXMjZDeUdoZndtaUhMTmx5LTMteW5nVndWb21wMmI0OUxqNldWQUp6ZEdRdEhQMVJXQUxKcW5sbmRvaG53X0t6STFtTTVRU3hxeEJaNG94T2VWMUVnUGd3MHQ4ZTNBNGpPaUtlVmNTemVhT1FzNnBubHM2d0M1Smg4X2lIdVZYc01rTlJNYllIODRFbDVOWlRpNUJvNWlDcGhkcFY1T1NqQk5uY25pdw?hl=en-US&gl=US&ceid=US%3Aen,UNITED24 Media,6 hours ago,🌍 Africa Drones,https://news.google.com/api/attachments/CC8iL0NnNW5iMjkwZVhOeVIwNVpkRkpFVFJEOUFoaWtCaWdLTWdtQmdJNlh1Q1hZQ2dJ=-w200-h112-p-df-rw,2025-08-22T18:39:43.723956
Probe launched as Russia expands recruitment of South African women to work at drone plant in Tatarstan,https://news.google.com/read/CBMiR0FVX3lxTE5aY2paN3RHaU5ITm5qWU9hbFJpaEM0aE9CMk1aZkozbmVnOU9sRlFmMW13NnhndER6OVd6emEyaEY5UkUzZVVB?hl=en-US&gl=US&ceid=US%3Aen,theins.ru,1 hour ago,🌍 Africa Drones,https://news.google.com/api/attachments/CC8iK0NnNXlaa3haWHpnME0xVkdabkZpVFJDakFSaTJBaWdCTWdZVkJxWUpEZ3c=-w200-h112-p-df-rw,2025-08-22T18:39:43.723957
Russia may be recruiting South African women to work at drone assembly plants – Bloomberg,https://news.google.com/read/CBMiZEFVX3lxTE9DYUE1QVFkNXBMeWRhWGJPcTFTNzlRVUhzVmJ4TjltdkRmWGJxVVJFMkJMNXdLMFlpQXNmdC1MVXVheVctNG1kZFFwdlJqV293UThCMDZkcWh5bWQ2cXhLalF1YkLSAXBBVV95cUxQY2VzVmVRRE1IYWJqbHBsRFJrMWRpV09aZDJCbjVWVGpYemR2QTJrdEIwTnJEUEQwSGp1SGdXWHpUVktfNTFxYkQ5LW16VDhKNFpzS1ZkUkVWVkwtanJVVjhyMFJNM0JyMWZBeGtiWlVo?hl=en-US&gl=US&ceid=US%3Aen,Українська правда,7 hours ago,🌍 Africa Drones,https://news.google.com/api/attachments/CC8iK0NnNWlhVVppVm5abVMxaHFNbVJuVFJDZkF4amtCU2dLTWdZQk1ZNmpPQWM=-w200-h112-p-df-rw,2025-08-22T18:39:43.723959
Ukrainian Intelligence Using Embassies to Arm Africa,https://news.google.com/read/CBMilgFBVV95cUxOZjhIS054MlpfOGRKUldsdjd5Zk9qRW1USW1pa196eVh3STlDeS16M09XQ2VENUlKaUEyUjlIal9fVm96anlDU3ExZS1KMUNUNXlpMFVPbmxtTEwwSTN4eDhYMzJRN2NRd29HUk1OYjdtNlRyb0NrRkhRV1NxaXotc1diNmpmZzhYR0ZzclF1bF9oLXJ2bXfSAZoBQVVfeXFMTWlqcXRwZmpoVFpBTjNzNTdXODkya1N0R2poc0dJRzRtai1QWmRXZ1MzbVNvbnZFblB3VV94aWk4b3JJQVBGSHN2QWl6RU5mcmFvbVBTR2Q5UjdQY2t6SWR4ZGJGN0Ixb1NrN2FCTTd0MU5oWnlmU015YndIb1FwRWQ1Qjc5WHQtTEVVdl9fcVdJcGpZcFhYTS02UQ?hl=en-US&gl=US&ceid=US%3Aen,Военное дело,12 hours ago,🌍 Africa Drones,https://news.google.com/api/attachments/CC8iK0NnNU9hbm96ZVRacVVYRTVla1F0VFJDZkF4ampCU2dLTWdhVllwSXVLUWM=-w200-h112-p-df-rw,2025-08-22T18:39:43.723961
Russian companies under scrutiny: South Africa investigates recruitment of young women for drone factories,https://news.google.com/read/CBMixwFBVV95cUxPZjBmSG1GdmVzSTVEMzFtZVpHOEtBRDUycWI4SnItdmFxOGxsbk51WnFEX0YwaXc3RFdkU0ViSFhJZ0V1QmhqTWFfekc4cTNyZXIwMWk1UHgyZ3NmckpwSmhyU0pwQWREN1NQUi1JN24xODFBY0xrTjgtdVl1bHFNV0NsNjBXdUc3cUZzcU9JdzdFbXBDQjgzNlR3czBMeEpLMEtVUkR5aGhweXF6UnN4WW9ORlNvSkJ0a2lqSk02SHVkMjM1elMw0gHGAUFVX3lxTE5zaTRUZlVUZXkzRlY5VExPTlgyTTFJUG9PVUZMNFlTUVZyb2dnY2lLRWs1TTBCa0NwVF80c0hvdjllOVdveldsZmlrWVVwcjNxXzVmZE8tWV9WTGJMdzl2NW1MWkRCUk1OSXZqWEl3eTJ5ZzUxeVFXbVdsV25FSzFvU3ZSeENaQUZ4UDAyeGtqX1lsLWtCcDVsblJ2UjIzQ21HS0phLTgyVzY3TTk0YVlSZWdUS3p2UTBGR080OUFTTC02bmF5UQ?hl=en-US&gl=US&ceid=US%3Aen,Українські Національні Новини,11 hours ago,🌍 Africa Drones,https://news.google.com/api/attachments/CC8iK0NnNDBPVkZNY25GNGJWcFZPR2RWVFJDVkF4alFCU2dLTWdhUmM1Q3BNUWM=-w200-h112-p-df-rw,2025-08-22T18:39:43.723963
Democracy Digest: Russia Accused of Provocation After Drone Explodes in Poland,https://news.google.com/read/CBMitgFBVV95cUxOakxaVmlEWU1nX0JZWlNjaEoycmtMZ3Jzcy1BVm90a2NJX2VXcXNRZW5WZjRNZm0wVnlJTzNWbkxNVEYxcWpMZ2JGZmJ6WjM3aDJVd19vVUluUHMxTk5RMDF2d0lsTUd1WEoyOVRNSTA5UXZiVDlNWFM0R2VibDlrN3ZFdEYxUFFEV3BEcUpQbG5qdXJYZS1IYmlxMkxmMm1NYlZONHhxaDZ5a01DOEJ0UmdaWEVxUQ?hl=en-US&gl=US&ceid=US%3Aen,Balkan Insight,12 hours ago,⚠️ Drone Incidents,https://news.google.com/api/attachments/CC8iL0NnNU5VVmt0Y1dSV1REVnRRVGxvVFJDZkF4ampCU2dLTWdrRmNJYkZMaWN1S1FF=-w200-h112-p-df-rw,2025-08-22T18:39:43.723965
Poland must react to the fall of a Russian drone on its territory - Rutte,https://news.google.com/read/CBMimgFBVV95cUxOVFBFMmRrX3NqY3FQNlZ4eWQ5NnNmSWZzTkY1R0M2YTZwQlFKSnd4NWNXQjFWTmVkbEtjQkVUS3NYaUlSdEpvcDQwcW1wMTRtMVBiWGlsWkJCWHkybFVrNmMyMVR1aklzQzVzeTRQS2dEOUp1bENZRFRaR3ltSFZNaEhTcU5yb0x4c25ZVlN1dHN6QURnMmF3WE1R0gGYAUFVX3lxTE9QUnZ2UEtULU1SN0t6aE5BbUhfVmF1WElsM2tCMkJkRFZ6bDhjSmY5N1AybzRTVDFkandWblVsemlZUXYxSmRVdl9MaEQ4T3BkSkdrT0Q3WGNCaXRQWFdPenZzajUtMU9kcTFKNkNFNUF2RzVyVmFBOXNzSkRKYjVmN2l3NmVBS0VrcWR2aVJETXAxMUxCY043?hl=en-US&gl=US&ceid=US%3Aen,Українські Національні Новини,5 hours ago,⚠️ Drone Incidents,https://news.google.com/api/attachments/CC8iI0NnNVRTVXRoTXpWRFJGcFpVVzFYVFJEM0FoalFCU2dLTWdB=-w200-h112-p-df-rw,2025-08-22T18:39:43.723966
"Colombia truck bomb, drone attacks kill 18 amid deepening security crisis",https://news.google.com/read/CBMilgFBVV95cUxObVVmQXRsUWx5R0FiYmZEVDFYc2VKYW9yRENGRkRjZkZqcHFpT3Q4X05aOG0wLVBDUmhsaTdjeFVQMUd4cGljM3ZwOXVOdTQ2V3VnWFFIYXhaZHpBeEJKaHlWcm9fNWhSaHktZHh6aFE2QWlIZFhjVHBVSFV3aGt5S3JPbm5DZFRjWGdJQVdHY1JqMnRSa1E?hl=en-US&gl=US&ceid=US%3Aen,France 24,15 hours ago,⚠️ Drone Incidents,https://news.google.com/api/attachments/CC8iK0NnNWpUSHBEVlRKdGVXUjJRM055VFJDZkF4ampCU2dLTWdZRmtJcnpzQVk=-w200-h112-p-df-rw,2025-08-22T18:39:43.723968
NATO in contact with Poland regarding drone incident – ​​Rutte,https://news.google.com/read/CBMiYkFVX3lxTE41TDdiNGZ3MncxSHNmNmlpT0NFQkQ5WFRXcG1GaDYwb0dNclpMMl9XajlGUlp5SmNpWTEwZml4a1Btd2JIeGI5bWNEZ05EUW9KQmlzVlJJVzZrYXNtUndNcGdR0gFnQVVfeXFMUHJUTW8yQjRvQlZjbUpacnFPYkg5S3pVM0V6TkNJTkdfX0NNaVJUUXNJX3FNb2cta25ZZElZYkktdVZqX2ZWdE5iYjU5Q2ZZU2tPZ1JwWVhPTGtaZTNtbGZWTExKX1I5TQ?hl=en-US&gl=US&ceid=US%3Aen,Interfax-Ukraine,6 hours ago,⚠️ Drone Incidents,https://news.google.com/api/attachments/CC8iJ0NnNWxUbFZ6YTJ0YU5HUkZNVzVqVFJDZkF4ampCU2dLTWdPWkl3Zw=-w200-h112-p-df-rw,2025-08-22T18:39:43.723970
"Police Helicopter Attacked By Drone In Colombia, 8 Officers Killed | WATCH",https://news.google.com/read/CBMi0AFBVV95cUxNYU16THNMM0VXSW9Bc010cVJWREVwMWxxc3BpR2FxWFpvOXRGenBvbWlkMHYyY0QwMk84UllfSm15S2xxOVQ0Y0pvRjZVN2hZaXUxeW1TMnRnNlFzSnYxVFZBYlIwM3pMQ0gwZll1d012dGNDWkRZVjlVaENwYl9SbVk5V3ZBZFpjd0R4dEhoNTZsSk54LTFZeWhtVnVOSnZBRmFjU2tsUVNqU252dEl0c2Y1VExhbzR4ZkY3WEJyaDFmYmgtOG9CbThmbWZEWlF40gHWAUFVX3lxTFBzblBtcGF3RGdHUDctSk1JSWlOZjhJeEJDRUpoY09SVnpJcWJwNGhOcXFWblF0SEdVTHZtUEhSbC0xQ2dQMU9VOFA1a0NHWjJNbjU0STBvb3ZqQldhTGZqYnZhLW5qOWxpTTdQYUhzZlg2RmxSWFRheUFoWnpZSGlmekhoSlRUbGhVUUhGa1Y0N1VjbFpjUlNrcmwzblhIczlIWXhROTlpdnhjSUMxM0RHaHRFNDJWVmRzRW9hcHNHUl9OblduejI1Q0lWZXE1amJTQlQ4dGc?hl=en-US&gl=US&ceid=US%3Aen,Times Now,17 hours ago,⚠️ Drone Incidents,https://news.google.com/api/attachments/CC8iJ0NnNWpNRXhLYVhkVWNYWlFRVVF3VFJDZkF4ampCU2dLTWdPeEJBQQ=-w200-h112-p-df-rw,2025-08-22T18:39:43.723971
Satellite images show Russia's got a new front-line drone launch site that cuts Ukraine's reaction time but puts the base at risk,https://news.google.com/read/CBMif0FVX3lxTFBhX0hucUFFZ1VFbXJCbXdfSS1pS0h0UGtHc0tISzFmby03d29ZeXd1eFA5RDFjWUZwd1JxcENSalQteGY3YTV1STM4VXA4VVNQWTd6NUJnY1lRektPSVZqbjRDVlZyM3RGT2ZYZTRrdnd0OW5EbDQ0dU1BaWhfT0E?hl=en-US&gl=US&ceid=US%3Aen,Yahoo News UK,8 hours ago,✈️ Airport Drones,https://news.google.com/api/attachments/CC8iK0NnNHdObkYzY210bGFXTnVSbGd4VFJEZ0F4al9CQ2dLTWdZQlFJTHhvQWc=-w200-h112-p-df-rw,2025-08-22T18:39:43.723973
Drone attack prevents passengers from flying from Volgograd on time,https://news.google.com/read/CBMiU0FVX3lxTE42OWVnNXdNd2FNeTh0N2NXZVN0eWEyOTY5TEtCcVhzZURaSVZGQlVQUmRwLVlmeDMyTVh1eWZBLXpzTmlIQnFEUmFFemxyV0FoaGVR?hl=en-US&gl=US&ceid=US%3Aen,Caucasian Knot,13 hours ago,✈️ Airport Drones,https://news.google.com/api/attachments/CC8iK0NnNWFNRVJPTVRseExUZFRTMk5EVFJDM0FSaVRBaWdCTWdhZFU1eU1vUWs=-w200-h112-p-df-rw,2025-08-22T18:39:43.723975
Ten-foot drone came so close to Heathrow jet that pilot and first officer SAW it pass windshield,https://news.google.com/read/CBMi3wFBVV95cUxQN1gyc1hDRWlTM1pGaHBYSUF0SWdXOXgzNEo0VnY2V20ybHR0YTEwQ0J3R2FkdFBrYk1xcWg4d2NXT0JJbWNlSlBKSEhiQzlYS0FqbDB4aWRsSDVyd3pnSlhOWHlWU3VKbGIxX1RaczQtZDlobnA2RTZBY3cxZHZmcFEyWFpBU0xkNnE5RktOTGhzZ3p6UURTRm1EYTljLXNpVC12OElTMVJkY3V6cTJObkdZa0NhOWhzSUdGUFgtNHQ5T0dMWFA0ckM0YlZIOE5oRzEtelZMOEFLRTZDcUQ0?hl=en-US&gl=US&ceid=US%3Aen,MSN,11 hours ago,✈️ Airport Drones,https://news.google.com/api/attachments/CC8iK0NnNXVUbTAzVDJRMlpWQXRaa2h0VFJEdEFoajZCQ2dLTWdZTms0b253Z1E=-w200-h112-p-df-rw,2025-08-22T18:39:43.723977
Clinton airport to mark 80th anniversary with free Fly Iowa air show,https://news.google.com/read/CBMi9gFBVV95cUxNVFVKMU93aUdwd29FTWtuQ2FtTnFweDYwbERsU0pSN2JIUWxlOGZkOVZxeFd6S3NDRjBJYVRfZGJYclFhbC1iWDlzcFNvekRrOThOaWxUSWp4ZktPOEFMOXlLbjFvYkY1S0Roc1liYUFaX09TdXQ1NF83ZzBsSjJzVGV4MmV2Z19PUDZySU5HTWpxMHFuNV9SOFBCVERDYW1JWXlMZE14eWFVejMwZWFkdFRiM2VPYkswZFM4em9iNFdiUUtfdW5RNWRUNVZrOXhPSGpVTTl5WUt4dTZmN2d6SXZxaWcwQzVmRXgyNlZuTnhaVzJ6WlE?hl=en-US&gl=US&ceid=US%3Aen,WQAD,21 hours ago,✈️ Airport Drones,https://news.google.com/api/attachments/CC8iK0NnNHRkbloxWkhKYVZGUnNSSFJxVFJDZkF4ampCU2dLTWdhWmRZcnJMUWc=-w200-h112-p-df-rw,2025-08-22T18:39:43.723978
Air Mobility Plans Mexico Electric Air Taxi by 2026,https://news.google.com/read/CBMilgFBVV95cUxPMEQ1ZTZpdURHZlFiMUI2RlBRZkhBcTZGTzBXdVRhemx4VmNMMFE3blZsS0h3S2R3VUxTUS1HUnN6MFlFU0NzN2U5dmpBQlpaUGZKazNLay1BTlFhYlNIS2Q0dVhFVWkyZUN6bU0xRGJZTkZ4dUlmQ1p1TGpFUEZDYk85TmJ1LUVHcjZtWnBBY1Z4Smo1b1E?hl=en-US&gl=US&ceid=US%3Aen,Mexico Business News,20 hours ago,✈️ Airport Drones,https://news.google.com/api/attachments/CC8iK0NnNTNUVTlvVmpKUVNsbGtkR2xvVFJDZkF4amlCU2dLTWdZQlVwYU5JUWc=-w200-h112-p-df-rw,2025-08-22T18:39:43.723980
Ukraine war latest: Moscow gives Putin-Zelenskyy meeting update; huge fire at Russian oil facility,https://news.google.com/read/CBMiwAFBVV95cUxQX3FVQUVITHNrMzhYOHZsS01OdjNMd0o0b09acUpKZzJTSEJaT2dPRDBZSFRydGtLMXUyVEszTUc2MS1DQlB5amNTOWtyRG1sZ0dPd0RZM08ySHFkRlBHQS1WQXhfbE9PSFRINy1ubl9fSHZGa1Z4S3pRMjhrWk5GanlVa0VFVmJNcy11NldXSExUM3hMcGJLaFBMMzJveXNLNVpSTjQ1Zlc4c1BzX1lGRUo0LVVtd0pTdEVoSkpIbXY?hl=en-US&gl=US&ceid=US%3Aen,Sky News,4 hours ago,✈️ Airport Drones,https://news.google.com/api/attachments/CC8iJ0NnNUNabWw1TVdWUWFGRmpjMVZDVFJDZkF4ampCU2dLTWdNQklnNA=-w200-h112-p-df-rw,2025-08-22T18:39:43.723982
Clinton Twp. police arrest accused arsonist with help from drone camera,https://news.google.com/read/CBMirwFBVV95cUxNNXVIU2lYb2ZKeDNoazVEeVZad3FYS3ZXOGlpRDJUS25uUE1kN1JuWDRUc2hjcENyM1ZQZ095dEFPc1B3bDhpQ2pVTHNRNHljZHQ5UTJTSVNrb0RWcDlFWVcyUHF1Znl5aEdMMHF6dHN2LXVTRkc2UG5nN3Y4TXA2azBLNk14NGhMZTJDVDlRa0VjSkpjc3Z2V01ULVJZMklFRTN1UnNsSk1pb2J5eDJn?hl=en-US&gl=US&ceid=US%3Aen,Macomb Daily,6 hours ago,🏢 Prison Drones,https://news.google.com/api/attachments/CC8iL0NnNWtjRUYyWldwTFREYzBkVVkyVFJEZUFoaU9CQ2dLTWdrUlFJaXFyS1E4cVFJ=-w200-h112-p-df-rw,2025-08-22T18:39:43.723984
"Erik Menendez denied parole, decades after killing parents",https://news.google.com/read/CBMiuAFBVV95cUxPRENzLTNPZW9MSjJVWmlhWV91cTItX3FfQ2l5TDBjLWlNSXY1bG9SMUltaFVrb3gwbnJaZm9uZmhjQUJCUldCWHdGZDlpWHpjazJYWnFEdkpFdDJpTmlmN3JFNkVvVkJBY0NBWE44WU9RazU1WFgyMGJRWWNFWE9tNHVaazZBUWJON1l0NHZFaDVOUFowcXdQT0dZMjZOeTFGaDA0bGt6d25IejVOVzJrUEdsSWFWVl9S?hl=en-US&gl=US&ceid=US%3Aen,Al Jazeera,9 hours ago,🏢 Prison Drones,https://news.google.com/api/attachments/CC8iK0NnNVdWblZ4U3pkR2FrOHRhREF0VFJERUF4aW5CU2dLTWdhcEZack5sUW8=-w200-h112-p-df-rw,2025-08-22T18:39:43.723985
Former Thai leader Shinawatra acquitted of insulting the monarchy,https://news.google.com/read/CBMi4wFBVV95cUxPWjBLNkVLaThtcGxiR1ZUSG1iakxiUFZTM042ZjNTT1N0N1JRWkpXd285WUt4X29RblBhNXUtSjBDczRIZVZ2QlBHUllnYS1SRWI2VEgyaU9XRVVZTWVMMTI2UkV4Z1BTX1dLNy02WnVQM3dsMEdZMHpqUS1OWXdGejdWaGN0S2NfbTZUejZLdnUtaE9MMlBmTkVtYkdwTDQ1RjNoYlhvWjZ2bHVJREhJTFFKMS1Yc3ZObmVGNEhJc3V2M3FmSGNaWV94WmhZM3dPYnJFcmdDUXVSVkk5RmRrX2M4NNIB6AFBVV95cUxNZ1dkUHpUWEk3blpSdHZONGlEWFF4ZkhCX2I0RTUzOEIxVE9yYjZTaEJTY2ZGeHpydUJrU2ZZV05ZdlhKUnJ1LUo4NThOdUwwNGk2UHpqTHYwWkZ1eWJLUGV3dGtua0l3cndTNzExdmtYbWtlaFJPNjVhenRCd29JSUp6eGhfTjhGNkllaWN3YTlZQ0JRYlZ6N1lBSEp1OXpZS2tCdmMxdThQY0lVdzQ1NHh6dWkxUDU1cUdjSlhnM0xOUW1EUHZDZk5Kd0xhMjhYM3NvbjV2cG5vQ2pmeTBKS21sSHkyNXVX?hl=en-US&gl=US&ceid=US%3Aen,upi.com,5 hours ago,🏢 Prison Drones,https://news.google.com/api/attachments/CC8iK0NnNXhSbUZLTWs1dVFWaEpSMng2VFJENkF4amVCQ2dLTWdhWmtwQUx1UVk=-w200-h112-p-df-rw,2025-08-22T18:39:43.723987
At least 18 killed in guerrilla attacks on Colombia’s security forces,https://news.google.com/read/CBMingFBVV95cUxOZ2dGYURqN2hpekpuQm5Ia2J0OHAtT3pWU3BnMzhkd2FBNkhSMmMzVlc2YlVETm5ObklGMjM5U1NrOFhibHFBTG1QY2xieTdReENQSlJsT2VXYmN3QnVpNThFX0RoSEE1SUFaX0JVVkZIVmR2Z1VSMFZ0b2ZFM2RkZDNtTVlWN3hXNGVES0lrR0p2YXNYeUZ4aDkxZWFsUQ?hl=en-US&gl=US&ceid=US%3Aen,Colombia Reports,5 hours ago,🏢 Prison Drones,https://news.google.com/api/attachments/CC8iNkNnNWFRVk5tUldFMVR6VlVkWGhaVFJDZkF4ampCU2dLTWc0QkVZQW16YUkwenluME5kcGpJZw=-w200-h112-p-df-rw,2025-08-22T18:39:43.723988
"Erik Menendez denied parole, considered 'risk to public'",https://news.google.com/read/CBMiX0FVX3lxTE5SRlpNakpiQjhzdzdHenRpWWkxa0N5Vm5Jby1qMGVZbTJsRTJIOHpQNXVfWVY5Mmw0a3dCVTlQZ3dTX1ZkWGEtbU9SSm5PWV9NbE0wTmk1ZXk3LVVwSHJF?hl=en-US&gl=US&ceid=US%3Aen,The Jerusalem Post,13 hours ago,🏢 Prison Drones,https://news.google.com/api/attachments/CC8iK0NnNW9aa1pZVVV0RGEyTm9VVUpCVFJDZkF4ampCU2dLTWdhcE5aak5IUWs=-w200-h112-p-df-rw,2025-08-22T18:39:43.723990
"Iran News in Brief – August 22, 2025",https://news.google.com/read/CBMilgFBVV95cUxOTlZPcUNaWk9PdnBRVWJCSHJETnFzcHEza1lrd0llLUE4RmNPaGduZ0RReHJRem1SOWpPT1JDZVpnaFV0LWI4aTlHZ0RwZWU1TEdia2xYVGZEZVd1RHNMRk1KaVROZHdQb3RnWXB0WGNfb3Q4ZXBhNkNtLU5XbTIyM0MyZ3lDcWJYRzZBWVpXNEF6UUE5YlE?hl=en-US&gl=US&ceid=US%3Aen,National Council of Resistance of Iran - NCRI,11 hours ago,🏢 Prison Drones,https://news.google.com/api/attachments/CC8iK0NnNHlMVTVpUkdob1lrOUNNbWh4VFJDZkF4ampCU2dLTWdZRkFJTnhXQUk=-w200-h112-p-df-rw,2025-08-22T18:39:43.723991
NJ parents outraged over new law that could put them in prison for their kids’ bad behavior: ‘Snake eating its tail’,https://news.google.com/read/CBMicEFVX3lxTE9CNEF4b1BhWHRCa0lVSnBsa2w4NGJYZnV5Y3U2aC1MVWtRTkxmdnMxb0poczludldYRG12YTBjemU4RW1PVllzZ0NXZ2NBV2dtZVpFS0w0WDFEME8tSlQ3amthYnpfUHFzcHZnY3ZFVEM?hl=en-US&gl=US&ceid=US%3Aen,AOL.com,18 hours ago,🏢 Prison Drones,https://news.google.com/api/attachments/CC8iL0NnNUtiSGM0TmtOdFZEZEtXR1Z6VFJDckF4aUFCU2dLTWdrQlFJYXlKT2pBU1FJ=-w200-h112-p-df-rw,2025-08-22T18:39:43.723993
"British aid worker killed in Ukraine drone strike, according to NGO",https://news.google.com/read/CBMif0FVX3lxTE9rQy1xeFlSMFFfZEtwQzNyMjhMYTYzalR1ckNURlU5d3ZqTVpPNmlBUDJDN3RtSk1qVGl4R1FQRXRCUDgwV2N0eXFCX185R2NFTzJXY1NyWU00NnZUeDliamVtbW5iS1AzYlZnSk9sTHg2X3loS0pfX0lCTjBYeGM?hl=en-US&gl=US&ceid=US%3Aen,Yahoo News UK,5 hours ago,🏢 Prison Drones,https://news.google.com/api/attachments/CC8iL0NnNU9UVjlWY2tWSmFXUmFkbGN5VFJDZkF4amlCU2dLTWdrTlVZN1duT21oN1FF=-w200-h112-p-df-rw,2025-08-22T18:39:43.723995
