Title,Link,Source,Published,Category,img,Scraped_At
"European states buy underwater drones for military use, manufacturer says",https://news.google.com/read/CBMiywFBVV95cUxOMkNfVTNhRVpIakZ0MzF3UUR5SmtzLVRsVG1kM09FbzdoWFgxVnhtSHc5NG4wUVpxaDd1djIyUDlDbEZaVUpCTUcxUk5tNU9CQjhneXdGOUkxRkxkbFFNbVpzblZBUTdrUlJWemJTT1BfcUpyWkNFRmxLSWVBV0tKZXFsaE9uZkd2XzhIRlB6MDJ0V3BMYlN3eHRrMHZCM042cU5WdGF0dmhLdWhSUTBadnB4cWZZNHFaLTFSTWF3UGNEdWVsSWRFUF84RQ?hl=en-US&gl=US&ceid=US%3Aen,Reuters,12 hours ago,🎯 Military Drones,https://news.google.com/api/attachments/CC8iK0NnNXlaMU54TVhaYWJXMVBTbkpXVFJERUF4aW1CU2dLTWdhWnRZN3F1UVU=-w200-h112-p-df-rw,2025-11-27T02:04:48.913146
Russia-Ukraine updates: Attacks intensify as Moscow mulls revised US plan,https://news.google.com/read/CBMivgFBVV95cUxQSkROTjhxTFdxSnIxOWwzZGdMRXhFeTNBd0E2bDNDRFJ4NUZWRHY5R2p1MXFMYXFKWm14RXlLRVdGblIwb0VMRThtRHZvVHM0SVE2ZlZmT3RuTzdmd055LURKREVWSzFEbkdQb09nTjZMNWl3aWh5ZHBrV1VES1VzS3JMTzlmQnVjS2lTSEduYzZnaVVLUDNheDV2X1BIakVVUFp2RFNubVROZ0hvU3dheTdEajdZcnU1bTFhOGdR0gHDAUFVX3lxTE5TLUduM1YzUV9FeUcxM3VLVWZRelBwc1gtRnRhUUZOUTFtYkZVSlF2bjU3UHdQUmlsb2UyeDM2NE14eTZRTk05QzhXSjFPT0pKZk9sMW82ZTJDM3Bua2c3TEMwM2FiVFctWi1WRm9Kb1lkb0dWN0xYVlIxMFU2Mkx1ZkRCa3Fibm4tRFBGcjhqMFBtNE9kVmpEaHphZ2hxbXdNek5wUkpIdGhTWmhKN3pJbjNXel8tcUZsMnRkSDF0MWtWSQ?hl=en-US&gl=US&ceid=US%3Aen,Al Jazeera,4 hours ago,🎯 Military Drones,https://news.google.com/api/attachments/CC8iL0NnNXRTbFZrUmtSV2JtbHhXVGRSVFJEZ0F4aUFCU2dLTWdtQlVJaktvYVJNMHdB=-w200-h112-p-df-rw,2025-11-27T02:04:48.913162
French Car Workers Don’t Want to Make Military Drones,https://news.google.com/read/CBMibkFVX3lxTE9lNDl4UXR6Sm5yc0ZrNkVTWGFNN1Zxb25kSVVRdDk2UmJranhkdVdVN0hpZUFoWk9UOGlOUE1qZENxaUQ2S2tTSTkyUmhiQm5xSVNiWEVqUU5xWUtIaHlGdUxSU2NLczhRV3lEa25R?hl=en-US&gl=US&ceid=US%3Aen,Jacobin,10 hours ago,🎯 Military Drones,https://news.google.com/api/attachments/CC8iK0NnNUNXSEZEUVhCamRHUkVXbXhaVFJEUkF4aVRCU2dLTWdZQlVJNldxQWM=-w200-h112-p-df-rw,2025-11-27T02:04:48.913164
‘Drone operators are hunted. You feel it from your first day’: the female pilots on Ukraine’s frontline,https://news.google.com/read/CBMiswFBVV95cUxPa1k2cU1KUEJ3RTQ0bjZib0hMM2hPc2xna0djUFJGal9ZTFVvd0JYRHhFNUV3bWpNbl9JYkZkMzFfU1A3V0FGUE5wdWl0Rk0tdGdtUXJMUXN1TXZIcVR3T3VPOXNCZHFDemNIckx6RlZXSlBEa1ZyUTItdzhmMktXQ3haZlg2Z296Z2F1OXlSMFBfSTZOdjdhU0tmai1ycVhRRHNBZnU2cDhzczdrOFp3N2k5TQ?hl=en-US&gl=US&ceid=US%3Aen,The Guardian,5 hours ago,🎯 Military Drones,https://news.google.com/api/attachments/CC8iI0NnNTJlSHBrVWtaS1NpMVRYMGxRVFJDdkFoamdBeWdLTWdB=-w200-h112-p-df-rw,2025-11-27T02:04:48.913167
The Army’s AH-64E Apache Helicopter Can Destroy Drones with Missiles,https://news.google.com/read/CBMipwFBVV95cUxNMUdUTkFhOWt6SU1KaEhpYjk4UV9DYVRKS0dTOE1haFo1Mm1PUENmMDJ1MTFxQTFIOTRaVENSRW1YQnVrSmktXzV2cHpyd0xmZ3pCcTZQdm0zWExwOXNsSWZMU3l2OVhqZE5YZ1N4cHNwX3ljMjdCS3Qwd2M4UzFrXy1SWkw0cUVXWDBnb25SS0JTdXQwR0lGNmJDT2NyVTFGSGpkLXh3Yw?hl=en-US&gl=US&ceid=US%3Aen,National Security Journal,2 hours ago,🎯 Military Drones,https://news.google.com/api/attachments/CC8iL0NnNHdjVXd3VXpZMU5tUlBkamxsVFJDZkF4ampCU2dLTWdrQlFJYXNOR1ZyYXdJ=-w200-h112-p-df-rw,2025-11-27T02:04:48.913169
This newly-tested military laser called DragonFire absolutely obliterates drones,https://news.google.com/read/CBMifEFVX3lxTFBOM1ZkZlUyWGFNTW1VMDZzclQ2NFI2cmU3OWtmMGdtd1hHM1hiQ3B1R1ZvRjNCVi1RYlFLcE1LTTd3TDduVm1pRGZHRmhtWnJ6SVpZTGYtcjlLbDlNRWQ1UnFHRHJOUFFUdWZKUVBIWFVDUjNHTTM4MVFXRUk?hl=en-US&gl=US&ceid=US%3Aen,Axios,9 hours ago,🎯 Military Drones,https://news.google.com/api/attachments/CC8iJ0NnNVRZemh1TW1keU9WaEphelZaVFJDZkF4ampCU2dLTWdPSkJBSQ=-w200-h112-p-df-rw,2025-11-27T02:04:48.913171
Fortem Technologies Cleared to Sell Counter-Drone Systems Directly to US Army,https://news.google.com/read/CBMidEFVX3lxTE93YUppcFVCamVJcmRDLVVQcWw0MF9LakRRUFZ4V051V0dlZy1HanhTd3Znc0IxME82Z2tmeUZqcnFWU3h3Zll4M0tsNFQ1RFlWLUs0aTVxMVZmVy1lWlZnbXkzbjlzWVNqMDluM2VBQzhReVJr0gF6QVVfeXFMT2QxZC1EaUR3a1ZtYnlVdlhHQ3lzb0s4bjd4akF4TVNmLXRQc3NUMjNMQjJtdlV0UTlPOTdRc1g5OHpqMHFvXzMxbUxSSjlaa0RVbmRPbjBUX0pTRTBRQnl3cTVZYVNFdE9XV1AzdDFtdFlxcHBQaVhPUVE?hl=en-US&gl=US&ceid=US%3Aen,The Defense Post,11 hours ago,🎯 Military Drones,https://news.google.com/api/attachments/CC8iJ0NnNVNSbFZyYXpKNGNUQlVZbU50VFJDZkF4ampCU2dLTWdOVlFDSQ=-w200-h112-p-df-rw,2025-11-27T02:04:48.913173
Drones aren't just for the military,https://news.google.com/read/CBMihgFBVV95cUxOaVNBT2otemJiRk1ZbGIweTlJMW5mWjB4MUVmdVJHUmRqcE5ZYmM1ZnRhNG5CY0NubVU3cWpKbW03VVJUbmQxVnQ2NjVMQ3RYdWlDS21hc3RsZ0FNSi04enZGeU81YmFFZV9RVjhHQzlFcmtLZXA2eS0tOFBUbE9mRHc4Uklzdw?hl=en-US&gl=US&ceid=US%3Aen,Sedalia Democrat,4 hours ago,🎯 Military Drones,https://news.google.com/api/attachments/CC8iK0NnNDJhMUZtY0hWek0yMVZkVWR1VFJDVEJSalNBeWdLTWdZaFpKS01LUWM=-w200-h112-p-df-rw,2025-11-27T02:04:48.913176
Army Demo: Counter-Drone Warfare at Scale?,https://news.google.com/read/CBMingFBVV95cUxPRVNCOGZEUWFpWi1QcGIxR3ZvWjJZSlFnU2Z2OUhkV01PcndPZWk1d1dPRXpiU1g1Q1Zoc3VEZGptd1FZWVdteVVXSTdzVll6NVFvUFFnbklMOHRiZDNPN3ZuTDByQThpRXZpbmRZYjJyX1dETzgtS0VYZWFyTU5sOEhMU1hycTZRVzdRNDFERlFpZkVYUDV0WUtLbjZrZw?hl=en-US&gl=US&ceid=US%3Aen,RealClearDefense,12 hours ago,🎯 Military Drones,https://news.google.com/api/attachments/CC8iK0NnNTNNRGhpVERjeU5tcERNMjg1VFJDVEFSakFBaWdCTWdhWkZvUXFsZ2s=-w200-h112-p-df-rw,2025-11-27T02:04:48.913178
"New counter-drone tech in ‘final stages’ for use in Romania, chief of Army’s Europe mission says",https://news.google.com/read/CBMijwFBVV95cUxPRFJmMHdJeVhHc2Y0Wnk5dHZjRmdpeE1zYUlXVXJfZVBhaDNtRmhiOUpyYnpob3Q4U2x2WjhqX3JUdUtId0g3ZG9sWmNwNXhmb3JYZ0ZtclBqdmlOWGxvWW9RQzFSLUVDa09WQUxPbnFlTXJvSndXTkh6V08wVFkzMm92aFd1TDVIMnpWR1BuZw?hl=en-US&gl=US&ceid=US%3Aen,Stars and Stripes,13 hours ago,🎯 Military Drones,https://news.google.com/api/attachments/CC8iL0NnNU5XVnBEYWtsWWNHaHNOWGgyVFJDMUF4aTlCU2dLTWdrVkFwNFVEYXVTQXdN=-w200-h112-p-df-rw,2025-11-27T02:04:48.913180
Lessons for combat medicine from the Ukraine conflict,https://news.google.com/read/CBMilAFBVV95cUxPdmtrdmJPRDJlZmJuWUQ5UU1tZlV0Q0xrdWlITHlUejBvR04tajlyT3pYOEdCZnVuTllwSEJXRDhGOVdPanRYV0JGbGdIX2NiNzZwbDlhT0dtelJqTDhHN3JucGFZTENXQkRiemd0ZGJMN0dNaVBjeUdQQldTTFE3QWxVQTdkbFVNcEVURGZ3dFNZNW9j?hl=en-US&gl=US&ceid=US%3Aen,Breaking Defense,8 hours ago,⚔️ Combat Drones,https://news.google.com/api/attachments/CC8iK0NnNUROa0pMUm14UmFEa3pibW8zVFJDZ0F4amlCU2dLTWdZQmtwWmx0UWM=-w200-h112-p-df-rw,2025-11-27T02:04:48.913182
Israeli Suicide Drone Company Uvision Acquires Attack Drone Start-up,https://news.google.com/read/CBMiggJBVV95cUxPMHdoXy1WTWJmN2prWkk5amo3Q0ZIYVhsdXphNmYteVBwVkRQS2hsbXJsOERPX2ZIUEhwRm9BWmJ6YWk3NnRwVGRpS2JCOUhCNVJxOEVaY0lmTTZienZNWjFZTWdtSGhoTnhmRVRSMmhLZ3RrSWxEbm9jOW5paVZ1RlItbTdCVkVFSW0ybFR6dWtIUnRVVnJSVUU1MHVxZVNKOE5oZDhoVVNoLUtTcHlja2JpM2V1VDlGLUdTVHFpaklWb0lFcEpzaDl5dC1qb1R6Zk1aWE5lbVVSUXNXNmFtc1NkSmpxd3YtOVlGZFE1aS04aEJUYUlLUGxfdzJMWXRzU0E?hl=en-US&gl=US&ceid=US%3Aen,Haaretz,8 hours ago,⚔️ Combat Drones,https://news.google.com/api/attachments/CC8iK0NnNXVaVlJrTFhWQ1UwTlZObTlCVFJEMEFSaWtBeWdLTWdZVlU0eHVOUVk=-w200-h112-p-df-rw,2025-11-27T02:04:48.913184
Ukraine and NATO nations adopt jamming technology as Russian drones continue hostile incursions,https://news.google.com/read/CBMi0AFBVV95cUxOb1VLR29VeG9XdHk2N2g0UmZyRkxKZFdQdmZFaFNMTUpmcHhEQ2lTYjFNejQyWEFDNXNRcUJGdzBDU1Fpak9kcjFvM2l0NmZuQUl0SDFXaURTeXo3dVRJNTMyMUlMYU1ISy04WHczS0Eyb3JqeExmeXcxbEJfN0ZRVlk3b01SQWxiOGZ3TlF3UjEwUkdUOXdiZUhHUU44cGJxZjJVejdoUmhaRU9EWFVlQy1yVm5hdzV1T3B1MU5fUXktcjh3UnFVeXVWeVFTYTlo?hl=en-US&gl=US&ceid=US%3Aen,Milwaukee Independent,14 hours ago,⚔️ Combat Drones,https://news.google.com/api/attachments/CC8iL0NnNUJkakJWZW5KRmIyOUNORWRDVFJERUF4aW1CU2dLTWdrQklJNXdrU3JCa0FF=-w200-h112-p-df-rw,2025-11-27T02:04:48.913186
France strengthens its “Plan B” to FCAS: Dassault and Thales advance sovereign AI for the Rafale F5 and combat drones,https://news.google.com/read/CBMioAJBVV95cUxPUTRHekhBUHpVX0FHQnZYOE5HcXl6NGZrQVZqeWdLR1JQb2F6MFpoemZILVpOYTZMeDNjZXAtNGJKNFIzUFlXbkZZZ3RoZEVPd1BDYmwwV09NdEs1cUxacWRHcVgwX3RhUzE3djBwUU9UaTEwZWVhLW10UkQ0Uy1DeVplR0ZTSEJrTmJWazVyeG0yMG1hRU9DSGlBUmRZLTd0NUJteE9pZVA3bjl2VEQ0TnBJaUhhSURUc05wTExVMnZsSUJ4ZGFCUXBQT3JNLXlNMm1iSUl6elR1azhuVzlRYnozTmJhNGVDSFk4aV9LX1lkczBKR2JPS2tBc25pbTFYcVU1QzlwNmVFQ196TnU0bEliZU16OU5QaC00aF9hSHM?hl=en-US&gl=US&ceid=US%3Aen,Aviacionline,6 hours ago,⚔️ Combat Drones,https://news.google.com/api/attachments/CC8iL0NnNUNSVlJSWVUxNFFuaHBSR1pVVFJDUUF4ai1CU2dLTWdrUklvelVvT2laTWdF=-w200-h112-p-df-rw,2025-11-27T02:04:48.913188
Meet Shugai: Ukrainian-Czech Drone Designed to Create a “Kill Zone” for Russian Forces,https://news.google.com/read/CBMixgFBVV95cUxQMmIwbDVCQmhzYTg1cXBzQktkYXd5VHhoblZKTXJ5VTBSckhaaU8tZWdKaDYwYUFJN1BIREdFaFJzVFpjd01FUks2QTdWNEM5SkVRblN6ZWNtSUZIRXNxVUE1Y2J3THNHcURNNmVmYWpGMC1UbmE0UkVVaGIwdkhsMVJTNWs2MmxxemxILTBPZEZyWko1ejVSOUNhNG1XLWxvaFVNYjlCa1lCNlp6aXV5ZkQxTFp5YWlGQ0RZMUhlWVpHczBpSlE?hl=en-US&gl=US&ceid=US%3Aen,UNITED24 Media,6 hours ago,⚔️ Combat Drones,https://news.google.com/api/attachments/CC8iK0NnNURZelJtY2t4Uk5EUldSa05EVFJERUF4aW1CU2dLTWdhWk1vYU5MUVE=-w200-h112-p-df-rw,2025-11-27T02:04:48.913189
Headlines — November 26,https://news.google.com/read/CBMidkFVX3lxTFBPTnhQQ3ZHaEg0cGlyWU56aGRwOVFyc2ZOZUhPNjlrOXZNWmU5T1I1Z1I5LXVTMHBLbDlXcG0yRU10SEFzZU1mcGI5OWpzYnVoSnRVQlNvVzhMTFFNMlEtVjU2N1JieTRqT1N4Y0NiSjdhYzBhSnc?hl=en-US&gl=US&ceid=US%3Aen,Aerotech News & Review,9 hours ago,⚔️ Combat Drones,"https://encrypted-tbn0.gstatic.com/faviconV2?url=https://www.aerotechnews.com&client=NEWS_360&size=96&type=FAVICON&fallback_opts=TYPE,SIZE,URL",2025-11-27T02:04:48.913191
"For the first time, a Russian Mi-8 helicopter was shot down by a “deep-strike” drone belonging to Ukraine’s Special Operations Forces",https://news.google.com/read/CBMigwJBVV95cUxPdTMyRkNFejdfcFFIc2M3MDNrU1VZRDRORmQ5OVZkYVhVcmRYQy1nOUlaZDVZcGpMUnltWUZiVTQ4TGZMWUdaMkVqSHlOUnNQS3UyeDdiRl9WQktsaWxXOEhmRW5SU1Y4RHFKbDExa09qNmFvNjZjQjFiNlpzRUtuOXlfeldBbDE0MjRmU0tWUEZIVHEyWVlGd2EtR05wQ2UtMlBUQnplaWRMM1JRclZwMGI0WDZOYkxoSFhQSGUxbUZMRXhCc2xMYS14UG13TmVEOG9KaWxYVTFBQXdLRkJELU1zWFZVcm1sYUtIcm5DMlNZQkEzMkxpblFjWTU2WnJSUFZB?hl=en-US&gl=US&ceid=US%3Aen,Zona Militar,5 hours ago,⚔️ Combat Drones,https://news.google.com/api/attachments/CC8iK0NnNUtNMFYzT1RaTVZFWmplV2h0VFJDNEF4aTVCU2dLTWdZVmdKVHFzUVk=-w200-h112-p-df-rw,2025-11-27T02:04:48.913192
Drone swarms to be fried by high-powered microwave tech,https://news.google.com/read/CBMiY0FVX3lxTE45S3F3dHd6V2swb2N4RHpNN0xScmRBVVkxZmdtRnpYLUNkR180R2l4VzZhTGdKeElfNmtldzZDMXZKTHA3M1FNZkdSRnhHOEQ3X0hINFBMbmdXZ2UwS0stbjM0SQ?hl=en-US&gl=US&ceid=US%3Aen,The Jerusalem Post,5 hours ago,⚔️ Drone Warfare,https://news.google.com/api/attachments/CC8iK0NnNUhPRVJMUldKUVJ6VnplVVl5VFJDZkF4ampCU2dLTWdhSklveUdvUVU=-w200-h112-p-df-rw,2025-11-27T02:04:48.913194
"Ukraine Captures Intact Russian Shahed-3 Drone, Uncovering Advanced Systems and Foreign Components",https://news.google.com/read/CBMi2AFBVV95cUxPTHRfU1NHVVN1SjdrSXNrcUxSX2theXZSXzl2dXhRNEtCV3ROX3NXQnE4Z2YwYVMzQm5ZT1lzam84VzlJeDlReFcyMlQ4cEVCWExXRmtSQTd3dlFhUFpLdzVEbkpnZFpyb3JQVm9DWEdWajl4aGdnUEp6NTFYX3RfR0F1bHlMZzNob1Z3ZEpGZXRzdklwTDl3RXk1amJWWEFONWZVcG1Jb3BiVWR2bzd1emRicWZQN1RwcEphYVJjN1pLeThrRG9jMDFrcXV3VXN2cVg3NnFUZkI?hl=en-US&gl=US&ceid=US%3Aen,UNITED24 Media,3 hours ago,⚔️ Drone Warfare,https://news.google.com/api/attachments/CC8iK0NnNVFXalZyZURaT09Ua3RRVTE0VFJERUF4aW1CU2dLTWdZQk1JakxxUVU=-w200-h112-p-df-rw,2025-11-27T02:04:48.913196
Guide to the MQ-9 Reaper: America’s Armed Drone,https://news.google.com/read/CBMibkFVX3lxTFBJM3p6UDRENkQ2bmdHZ0hJWXRMcGRlcDNxRUppUHRQMWVMOVg2VDZvbVZpX2V6YnoxQ3A0RWpqUTR6RnNSTkt1TnpNMjd2b1E2Ni13RUcyXzZ0NXR4Z25LczlPR2ZUd2hpRjZpQWR30gFzQVVfeXFMTXpJMWFsXzI3dktNaUxJcm5nZnk0WDYzNkNmSXNIcmNGb2hPZ3FqSkhzUEpFVUNvZTk4WnFBT3ptU2o0aUtpWjhBbENmb09lMEl0Nm1Mcl9iMWZGbk1yRWtJM0l1a1RtZ1BQWGJlSUM2QlVKZw?hl=en-US&gl=US&ceid=US%3Aen,The Defense Post,12 hours ago,⚔️ Drone Warfare,https://news.google.com/api/attachments/CC8iK0NnNHpWMHRTWVRsVVFqTlRNVVUxVFJDZkF4ampCU2dLTWdZaGtaUk5OUWM=-w200-h112-p-df-rw,2025-11-27T02:04:48.913198
This British Laser Can Hit a Drone Going 600 Kilometers an Hour,https://news.google.com/read/CBMinAFBVV95cUxPenRwQXlxVHpLVFNiendISC1HdmdISlZZakFxUkNuc0Z0cnhMN2RzSjRyejlvZDhVY0N1TlBISHRWdW52aVdHN2hVRXl3WjNpWlA0YkVxRXExa2JueFJjX3JjZUF6MUN1NkotVUl0cnhiNDRIbDFlbFhmclh0a3VFd2xUa01ZNVVWTWRfdmd6OG1FSzBxY0JRQjJ3R0E?hl=en-US&gl=US&ceid=US%3Aen,ZME Science,12 hours ago,⚔️ Drone Warfare,https://news.google.com/api/attachments/CC8iJ0NnNVlaVFJTZWtsS2IzUXlRalJMVFJDZkF4amlCU2dLTWdPSkJBUQ=-w200-h112-p-df-rw,2025-11-27T02:04:48.913200
A Flood of Chinese Drones Catches the United States Off Guard,https://news.google.com/read/CBMinAFBVV95cUxPc1daMEZ2TE5VSXRGMDZURFNrWnZtdF80amtadm1xa2hCbFZSYTRoLWUzcFUzY212Vm93bmJIY3ZDR2hFM0wwZF8zbmI2SC1ZUUZwaGxjX0RzQUpUTFdnRWtneUlOV1Z0MjR6TjJCbW5fNEJtOVY3NFlFWHF4TW9hMVYxdEVWajRzZ2FCU3g1OTdoZk5WcFRGS3BSNGU?hl=en-US&gl=US&ceid=US%3Aen,نورنیوز,10 hours ago,⚔️ Drone Warfare,https://news.google.com/api/attachments/CC8iK0NnNXJUVEo0UlRaWlNVbHZMV3RYVFJERUF4aW1CU2dLTWdZQk1JNUtNUWM=-w200-h112-p-df-rw,2025-11-27T02:04:48.913202
Russian drone strikes forester's vehicle in Sumy region,https://news.google.com/read/CBMipwFBVV95cUxNVmRCZ2ZlWV9kZVVrTzNCMC1JYmNoZlJNUDZGRjVwRDRzc3c5cDZOdlV5a3llUGZIdi1jWTZxSGVwN1V2M2lLSkdBYzFVLWwwXzFuVzVUTS1vVXpra08wMGFrLXE5bzFpWWpJaTIxZVkyemp5aTdFY1E0a1o0SFZyaWlRREhsVUtCY0pkWEFnWTFlRkVVd2szbEJfMG1oVWt4Z1dmNnVTSQ?hl=en-US&gl=US&ceid=US%3Aen,Ukrinform,11 hours ago,⚔️ Drone Warfare,https://news.google.com/api/attachments/CC8iK0NnNUlRelZRVm1FemNWODVRVUZSVFJEb0FoajJCQ2dLTWdhaEFvaHVsUWs=-w200-h112-p-df-rw,2025-11-27T02:04:48.913203
"Drone causes fire at Khor Mor oil field, blackouts in Erbil",https://news.google.com/read/CBMiXEFVX3lxTE9aWXZjVjZaUHNWVGVoN0tZekZ5eFh4b251NE1ZeWxBbG9qM3hXR2dkeDlQa0llVFhGc3dJOXpYSkpXWC1fV1c4UVFYY3lvVGtjdHlOb2dTU1ZqamZy?hl=en-US&gl=US&ceid=US%3Aen,The Jerusalem Post,1 hour ago,💥 Drone Strikes,https://news.google.com/api/attachments/CC8iK0NnNWxVbE5SZWxneldtWnRkbkpoVFJDZkF4ampCU2dLTWdZQk1JNXBKZ2c=-w200-h112-p-df-rw,2025-11-27T02:04:48.913205
"Drone strike hits Iraq gas complex, cuts supply, no immediate claim of responsibility",https://news.google.com/read/CBMiyAFBVV95cUxNU2F1RGJSNUNfV1FXRlhOV20zVHByLVpacHRERS1YeG5LSjJIMkpoYk1OaTg1dEw0OWhRQ3YtS25YaF9pRUF5QUZFRzNJTzctVlRKZFhyX2dRZFR4R3RURkRmeDJmTnE3UFFiYjlpNkhSWHJGMnIwLWIyanlweUJhbFVCam5tb1drd0doV0dyZk1mUG80NE5JZEJXT2xJc1h1WVRrbVUtOXdCTDNaM2tYNGJKSGI4SjJnaXJVWHdLZldUOXdBektGWA?hl=en-US&gl=US&ceid=US%3Aen,The Times of Israel,2 hours ago,💥 Drone Strikes,https://news.google.com/api/attachments/CC8iK0NnNXFUSFptVVZKNE5UUnBlWE55VFJDQUJSamdBeWdLTWdhaGxJeXNzUVU=-w200-h112-p-df-rw,2025-11-27T02:04:48.913207
"Russian drones injure 19, cause extensive damage in Ukraine's Zaporizhzhia",https://news.google.com/read/CBMirgFBVV95cUxPbGktSmxSRmlJR0pIU01wS3RvY0V6X0pyWUxPcTZjbkx1VFhld093ZWZKWWd4RWFnSFRUWFk0OERZVVpOQ25uS0VoY2tGYUFrN3NUQlhGMDZOSVViWnJRTTBXM184ZUsyVGQxcDBPVXRaaWhZM0t6NG81TUZiU3BPWUhmX2RWZG1rWnVlbE9MODI0Sy1YbTlsM0tfWDZ3VG9pOUU3QllKUV9OMnlGclE?hl=en-US&gl=US&ceid=US%3Aen,Reuters,15 hours ago,💥 Drone Strikes,https://news.google.com/api/attachments/CC8iK0NnNXdURmhsVkVkYWVFSjFSV0poVFJERUF4aW1CU2dLTWdZQmNvYUtXUU0=-w200-h112-p-df-rw,2025-11-27T02:04:48.913209
"Drone Strike Hits Iraq Gas Complex, Cuts Supply",https://news.google.com/read/CBMingNBVV95cUxNbm1ocElNUEVPT3dJRWtWeDdMNExrYjNPZ1FMenAyeGlDeWxQc1M1MW1zOWZqcVlVVFdEUzFnT19nYWZ2WXZFM195R2E0NS1oVFBPdUV6NzdZSnJfUGg5UW5xZ1duTlNYQm5wLWUyZi0xcThreVkzQlk0Y1BwcTQ1VjBSd1VITVdPQnlMRzhIeFBIenVXVlN6Q1M2ZkNNeVowTmpvM19weXZNQ3N2TXotZENUbHROSDllbHBHQy1CZ1h1aVQwWHF0ZEt0eEw5UEVjb3JQSXVkMzZUUXdPQUlDbmx5Tm82dFlFX1ZaZk9jbjRRdTZwZWtKUGYzR1hYY2hYdndXQ283c0l4VWR4SHNkTW1KeDdpeDhwR05vTDg5MEVVd0Z2Y2V4S3JGT0wwM18yWjJOcTJtMGJEN2hocDJlWkI1Z3g3YVMySkN4YjloRDZXOFd0bllLWGUxNlUxZDJvbVJVcEJVbUJoSkgwNHhGUTREYnEweTlTWFUtOE8yQXppZ05LQXdyNzhnaDJHcDN6SURlS3FGUWt3bTNBaWc?hl=en-US&gl=US&ceid=US%3Aen,Barron's,4 hours ago,💥 Drone Strikes,https://news.google.com/api/attachments/CC8iK0NnNWtaRnBQZEhGTmRXaFFRV1IyVFJERUF4aW1CU2dLTWdhSlk0aW1RZ1U=-w200-h112-p-df-rw,2025-11-27T02:04:48.913211
"Drone Strikes Halt Gas Production at Khor Mor Field, Sparking Major Fire and Power Concerns",https://news.google.com/read/CBMizwFBVV95cUxOQ1QxNGQycGk0NUJKQUVsaU44S09idW9DOXU1RjJBdWRfWU95eDRVNWs4MnltZnI0YVdCZ3czWHczU3lMZG1Wa0R1bVl3ZzRVaEtwOUJFeTZSWndCaFpMX0RmVEtERG95QlpQSnowSEpxQTNlZWtSR0dmNUZqYVJCY21venNjYVNHQWRQRFhrb2tkYmNxZmRPV1c0MWJXdnl1Tkp4cXNZZVlPV1NFT2V1MDdVLUZnZnFZYkgyOE5EUTdHUzB1cFNmYlU3VlFDS2M?hl=en-US&gl=US&ceid=US%3Aen,kurdistan24.net,4 hours ago,💥 Drone Strikes,https://news.google.com/api/attachments/CC8iK0NnNXVUWFF6ZVU5YU9WWm5UbUZtVFJDZkF4ampCU2dLTWdZQlFJSkt6Z1E=-w200-h112-p-df-rw,2025-11-27T02:04:48.913213
Khor Mor gas field targeted in drone attack,https://news.google.com/read/CBMiS0FVX3lxTE0zTl85dmJWaGhreW1jME1iYi1zRTU3eUJock82ZVZKZ0JmQUotNFJsd25BcklJZ052SHJyWl80NkJKTjFRNi1ibFg1SQ?hl=en-US&gl=US&ceid=US%3Aen,The New Region,52 minutes ago,💥 Drone Strikes,https://news.google.com/api/attachments/CC8iK0NnNDRUVzk0UkZVMFpuQlZkM0pzVFJDa0FSaTBBaWdCTWdZQk1JNW9KZ2c=-w200-h112-p-df-rw,2025-11-27T02:04:48.913215
"New clashes in northern Suwayda after double drone strike, civilian and security officer killed",https://news.google.com/read/CBMi0AFBVV95cUxNMlBYdldJclpMMVpKemhTTWhSZFdKdzN4bVBDblZvb2hoWU1oN0Q4WXBRQlFUbU13VkkxeTEzd08tQlFUaVZINmpoM2FpRW9GT3Bac1JFMGJDU1hDU3dTRno3dy1yMXNzUzRqWGdWb0ctS3RHaDB5el9JREduXzVSUm5Sak1yZ0VYUXFCUzZVQUhkUnNMSjUzYjY0d3VlVXdSUFFYZDBnbjBnQm9wZnZfQnZrdktqbmpqaVlMT1lRc2tURGM4MGZ0UnJFRUFiZ1hw?hl=en-US&gl=US&ceid=US%3Aen,SyriacPress,10 hours ago,💥 Drone Strikes,https://news.google.com/api/attachments/CC8iL0NnNU9kbGxFV1ZwdGFqVlVRa2xDVFJDZkF4ampCU2dLTWdtRlJZd0VzNmQ3eGdJ=-w200-h112-p-df-rw,2025-11-27T02:04:48.913217
Amazon investigated by FAA after delivery drone strikes internet cable,https://news.google.com/read/CBMipAFBVV95cUxOX3ZzZ19pMFJBM2wxbWs0WS1zYzNnWG5JZ0RDQ2NxYkhPbmFlaHktRDcxQVBXRXZaUjVSNEJadUpNa05ZZmpyX0JHMmR4VUJfQzhMVGlVa3RPY1VUNXZ6cGZfeUJzZ1NGNjd6M2twSUVuVDJxTUtkVEtoQjk5YWg1WjdWM2xTbEo5aHdValRONzNyOUY0V1dxa211Q3dlS2NDU0cwOdIBqgFBVV95cUxOTUxlenFsYXl3eERRZmxrVUxMamxheFdwZGxHYjhMYTRsWGJCR0l2RjB1b3ZhcFVOTUo0eGt5MGJiUmxyTnhGR0dVZXpwX3RuRTdFR0gxa2RfRk4tclBsR0M3Z25wS1FVMlhraUxHVjFQNzNvV3lUZlJiSWFDUXpGTUdmajI2WWRFdHhFZUVGTmcxdHFFdmxLNkxxSTMzNnlKWXdRa0FIWTZLZw?hl=en-US&gl=US&ceid=US%3Aen,Fox Business,5 hours ago,💥 Drone Strikes,https://news.google.com/api/attachments/CC8iK0NnNUxNWFkzVjBsNVNGVk9UVTVXVFJDZkF4ampCU2dLTWdZWk5ZNEtyZ1k=-w200-h112-p-df-rw,2025-11-27T02:04:48.913218
Europe’s Drone Disruptions Expose a Bigger Airspace Awareness Gap,https://news.google.com/read/CBMinwFBVV95cUxQX05oRE9xdXdVTDVtdXp5SXVvazFaYUZuRFV4SEIwUzVfRXpxZWZLX1Via2RxeFVwaUlQaVl0YjVyRzE5SXlXeE1SZlJmN3BONTNTcWJsLXd5bk1ndW9EMTNha3VmVndtc1V0d1NRRnFxam5yRk5zM0RlUDVqbGhqQTNjbkRnb1FoNFRHNVJBS3hoS3o5TTVMZlFwcUpCbTjSAaQBQVVfeXFMUEpOM1RVemk2ZGl3blNPazlsYTl0Vk5BOTBjOWUtNGVLYW83M3pwN2ZLWEZrbzhfYS1fbU55Mlk0MmtTVkpqSXByTmFIR2dRMmhWTjh5cVNjT25kVjhiM1FCaV82YzZlV0VwUDMwYlhaQ2VFRWxaaFIzZGJ6X1B5OHJWWTkyeDBwZTBmeTVDUFdEZllFOU9Ib1FYQ0NyWUZ5MzJSdWk?hl=en-US&gl=US&ceid=US%3Aen,Dronelife,10 hours ago,🛩️ Military UAV,https://news.google.com/api/attachments/CC8iK0NnNXhkRk5WYkVwNE9GcFBZa2d5VFJEN0JCampBeWdLTWdZdFZaQ3VKUWc=-w200-h112-p-df-rw,2025-11-27T02:04:48.913220
Indo-Pacific partners counter growing drone threat,https://news.google.com/read/CBMijwFBVV95cUxOUDdVcjB6b09NSkhIUUduSzN3NVdrUW9xN3JtMThpVmVmdmhWWEE5YXp2eGwwSlRuQUFFRFpvUFJXeGZVYTFzWlZkNkRDQUl6RGlCS2hMNEJVRG5QMGt6T19YaENkUHgyQWFoQ0l3SjVCMkpKdHExNkk3NWZzUkpNaWx4Z056VUE0QzA5eVlLNA?hl=en-US&gl=US&ceid=US%3Aen,Indo-Pacific Defense FORUM,11 hours ago,🛩️ Military UAV,https://news.google.com/api/attachments/CC8iL0NnNWlVR2xZT1djMGRUSlRNSFJFVFJDdUF4aktCU2dLTWdtcGNZcnVOR1Z6YWdJ=-w200-h112-p-df-rw,2025-11-27T02:04:48.913222
U.S. Army Aviation Begins VXE30 Stalker Drone Training to Boost Reconnaissance Capabilities,https://news.google.com/read/CBMi1AFBVV95cUxPVmpUTmhjQW9JVDNudnJiQXR4MGNyX1c0SUVubmtkNS1vNEZoNEhFUk13VDlNMkVLYWVhanZDZ0J2M05JU2l0eWZseVRxSW52MEREdVlfWTd2aWlJT01neEo4RTJNNGZ2aWRaTzgxeXFoUlVqSTd4X2lEbjdmNmlrRnEzaWZiVjhGUUJmZkk4d2FYeWNTZU5mWk56dHd2dlRGYXBXOWM4RGt4NndWMHo3RjBwcWNiQUtYNW10VkR1NlJyb1RPUzdwaEVFb1FTUWdBQVVRSw?hl=en-US&gl=US&ceid=US%3Aen,Army Recognition,9 hours ago,🛩️ Military UAV,https://news.google.com/api/attachments/CC8iL0NnNTBNbll0TVU5Q05tZGhUWEJhVFJERUF4aW1CU2dLTWdtaFE0cHNIV2VEY2dF=-w200-h112-p-df-rw,2025-11-27T02:04:48.913224
Bundeswehr to Deploy Six Units With Kamikaze Drones by 2029,https://news.google.com/read/CBMilgFBVV95cUxOc19taDZRVDBtZE81WnlIaWFSN1VPS01hTlQtbDctNTEtUXV2aWtMUU1WM2tWVnBvZG83NFc5MGJpN1RiVlM4ZmdQM2h4eW5kaW93bnpiYkJ5S0VUdDhpdkJaZ2FvbldxX3k5eFZzMUthWlB1QXdWZzdLT25qV2pvaVJGZUVlNHYxb2txc2VLcjM5T0JWdGc?hl=en-US&gl=US&ceid=US%3Aen,Мілітарний,9 hours ago,🛩️ Military UAV,https://news.google.com/api/attachments/CC8iK0NnNDNlVnBaVEZGMmVVd3pSMU5wVFJDZUF4amtCU2dLTWdZcGRaRE5yUVk=-w200-h112-p-df-rw,2025-11-27T02:04:48.913225
Japan scrambles aircraft over suspected China drone near Taiwan,https://news.google.com/read/CBMiqAFBVV95cUxOcE5WVnh1S0xFNjd4aDEtRG5qb2RJYjFNRHFweUtKSFEwQUVSd2ZMNHlnNWhhQ2lTZ0tWNkdOemRFdTNIdkVqdFN0MmNpSmlVeVRwRDNycU90MUxkUzJNNzNiR3NxOWVkcEtmbWFQVTVYaExJbnRPcnl2T0JLczNNcHBPemdpSGRTMHl0eWV1a0J4V0NYT1JTdk05ZVdjd1FXTGtFWXUxYkY?hl=en-US&gl=US&ceid=US%3Aen,Space War News,18 hours ago,🛩️ Military UAV,https://news.google.com/api/attachments/CC8iI0NnNXFhSE01YTJSbk5rTk1TbWxCVFJENkFSaXNBaWdLTWdB=-w200-h112-p-df-rw,2025-11-27T02:04:48.913227
Dutch MoD to Spend up to €3.5B on Anti-drone Systems,https://news.google.com/read/CBMiUkFVX3lxTE1mRUJHNGlfMG9pZzNMajQ0OXo0eTlRT0kwTXNMN2ZtNUtXckpNNnhvaU4tMWwwM0x4c0h2LTVwMHBCek1wb21odzJjSjJvbXNrX1E?hl=en-US&gl=US&ceid=US%3Aen,Defense Mirror,11 hours ago,🛩️ Military UAV,https://news.google.com/api/attachments/CC8iK0NnNVhjVE5mZERKUFZtWk1OamROVFJDM0FSaVRBaWdCTWdhcGNJN1ByQVU=-w200-h112-p-df-rw,2025-11-27T02:04:48.913229
Romania to acquire Israeli surveillance drones in USD 400 mln deal,https://news.google.com/read/CBMijgFBVV95cUxPeUZUNE91NDJ3SXMxeVgxd3cxU3Q5TElmNlF2QWgxN2pRSmdlRTJiSEpvcENXbGFIZ1B2RUJuRDRwV3lPN3hpd05LSUlqUHJtOFFuQlJFZmFLZGE2eVA5azNnaXA0ejhnM2NtdE42MmIzcXI5WE5KSE92NnlWallEaVAySmZxMmRQcjhPUzhR0gGTAUFVX3lxTE5GMlU0QVFVVWRfcDFwQUVMVVNlOXVyT1NyUnkzWWMxYkRZZ2xhQ0pCTlRxM3NnR2tsYzl5UWw4UTUxS2t1QjR2TjFwWVBZOTdYbkFJa0luODlDMk1UdS15U1ZtaGttUmIzdk1pdWV1YmwyOWdRTXFtYi0zMHF2b3BQVUFwNGRoa3pDMzV1VUFzZUJGMA?hl=en-US&gl=US&ceid=US%3Aen,Romania Insider,16 hours ago,🛩️ Military UAV,https://news.google.com/api/attachments/CC8iK0NnNWpTSFZCYm5VM1oxSmhhR0Z5VFJDT0F4allCQ2dLTWdZQmNKVERNUWM=-w200-h112-p-df-rw,2025-11-27T02:04:48.913231
Next-Gen 40mm Airburst Ammo to Arm MK19 Grenade Launcher for Tactical Counter-Drone Defense,https://news.google.com/read/CBMi1gFBVV95cUxON2VXMUxyeUV5cFNmQ09lcEdlbWJxQUZHbElnY2hTdFZzdFFEVnNSRUo1LVJVenp0TjNtWm9sWndxa2dkQktPbGxVNlNXbTZOLWtqTHpfVTVod0U3Z1QtMnFJSUtfblk1RmxZV0V0MGh0X0VWT3dtWnFNZUNEX29pU1hWaW1qa1c2Sjd6S1JUQl9sOXNFS2hzTEU2YlB2aWwweFVIQUs3eTNJWF9UbFE3QzJEd0tMT2x2RHFweVlsVjA0RXF2WWExOFQ3bXpQZDE1ckowTVJ3?hl=en-US&gl=US&ceid=US%3Aen,Army Recognition,15 hours ago,🎯 Tactical Drones,https://news.google.com/api/attachments/CC8iK0NnNDVVREJ6ZDBsak9WWjVUVXBKVFJERUF4aW1CU2dLTWdZQkVaYnBtUWs=-w200-h112-p-df-rw,2025-11-27T02:04:48.913233
From Space to the Battlefield: Autonomous Aerial Vehicles Take Center Stage,https://news.google.com/read/CBMiWEFVX3lxTFBueE1ndkd4WDNyOGJkTU84UGlHdjRpc1duYTluSkVuc29GZ0VlWUhTdVBwYzdHTDNxRFBMNUVzV0UwWG1zRFpOWXlZVXB1cVNPUzJMaUFDMUU?hl=en-US&gl=US&ceid=US%3Aen,Israel Defense,12 hours ago,🎯 Tactical Drones,https://news.google.com/api/attachments/CC8iMkNnNHpkbGhmVERsUE9FUkxhbDk2VFJDM0FSaVRBaWdCTWdzQklJcGpKR1ZMNTlvRFhB=-w200-h112-p-df-rw,2025-11-27T02:04:48.913234
U.S. Army evaluates drone-defense tools in Alaska,https://news.google.com/read/CBMif0FVX3lxTE5zRjVtZFBmY290YTVCVkJLZklZQmRxUXhJWEZUNGJ6VUtxTm5fdDAteEhySXBRN05xQUE0eEtlaFRCWmx5SDlTQ1NqSkUwTnBTX1BIVFRvSWF0Vmowd3Q5RG9mcVc3ZEFLeUlzS2lEdDhrSU5vQi1ibWZ4OENsQ0nSAYQBQVVfeXFMT3VWdFFvT19FU3R0MkN2UmNJeTFpZlVlalh1aWV3clh2R09sNlp1STdGajVXaU5kT1VQTjUxQmNSVWw0Wmo3SWZQa1dnVXdtRG5zVVRUOWhnNTRidTkyYUpzeGVOX082cUkzZmdyMnlYY0J3MTVGTUZNZFAxcHVKdTdneFNn?hl=en-US&gl=US&ceid=US%3Aen,Defence Blog,16 hours ago,🎯 Tactical Drones,https://news.google.com/api/attachments/CC8iK0NnNHdZVU5yUzFCM1UyUnNjaTEzVFJERUF4aW1CU2dLTWdZVkNJcHBsZ2s=-w200-h112-p-df-rw,2025-11-27T02:04:48.913236
"Russian Offensive Campaign Assessment, November 25, 2025",https://news.google.com/read/CBMirAFBVV95cUxOcENZZS1uQS1velVTQVdORVlQWWxZVzZEQndEQnJTUHc3WERIYWplNkNjZkFrZHhmVE1PdUNuQzZPSUg1WEZjRnpyeWFBWXB6WVlEYVRJbFR6X0Z2bmNoVVhqQnFKQTMweFVqd2tzdW1RN3g5NGlEbl9GTjJuTy1LZU9xeURvXzZ5RVNRak5DU1pvUDZUbjV4UDFYQ2NtQ0VCT3Vwdlg5Mmo5UHpk?hl=en-US&gl=US&ceid=US%3Aen,Institute for the Study of War,21 hours ago,🎯 Tactical Drones,https://news.google.com/api/attachments/CC8iK0NnNWtiRlpRTFdoTlNUSXlWSGQzVFJEckJCanZBeWdLTWdZQk1JZ0FvZ1U=-w200-h112-p-df-rw,2025-11-27T02:04:48.913238
Czech Charlie One Campaign Funds Drone Interceptors to Protect Ukraine,https://news.google.com/read/CBMipgFBVV95cUxPb08ybTU1YWVSaG9kX1NWRGFkTXNXWmIxRWNmWEpEVDlLZVRjZlZnaXJaRThtbm40WExERmkzbG1wano4dXpxb2FUWE1tQi1Ca2VzeDNDUUx4NlR1eGVhVTUwSnBGcTJaZzZuTXUwX0ctQWNCYlNpQmhJMWRnWWJpU1hoR3YtN3hWdlVZRjE1NHhjR2cxR3JJaUJFaDRLTTRvaElDbDFR0gGmAUFVX3lxTE9vTzJtNTVhZVJob2RfU1ZEYWRNc1daYjFFY2ZYSkRUOUtlVGNmVmdpclpFOG1ubjRYTERGaTNsbXBqejh1enFvYVRYTW1CLUJrZXN4M0NRTHg2VHV4ZWFVNTBKcEZxMlpnNm5NdTBfRy1BY0JiU2lCaEkxZGdZYmlTWGhHdi03eFZ2VVlGMTU0eGNHZzFHcklpQkVoNEtNNG9oSUNsMVE?hl=en-US&gl=US&ceid=US%3Aen,Букви,9 hours ago,🎯 Tactical Drones,https://news.google.com/api/attachments/CC8iK0NnNUxWemN0YnpCWGQzaGpSbGQyVFJDZkF4ampCU2dLTWdhbFpZek5xUWM=-w200-h112-p-df-rw,2025-11-27T02:04:48.913240
Counter-Drone Warfare at Scale: Army Demonstration Highlights Progress,https://news.google.com/read/CBMiV0FVX3lxTE9tUW41cTVXQnh3T1FHM2JyYURMZ3l2VE1VU3dRdzA0NzNWYndWc0d2TE9OZkxiS05hQ19YQmhhQ0tCWGprZWZHUXRhS21ZX3lwdFM3X2hDaw?hl=en-US&gl=US&ceid=US%3Aen,DEFCROS News,18 hours ago,🎯 Tactical Drones,https://news.google.com/api/attachments/CC8iK0NnNUNPRmxvU0dac2NXaHpRbGxqVFJDUUF4aVFBeWdLTWdhVlJJaEpuZ2s=-w200-h112-p-df-rw,2025-11-27T02:04:48.913242
Interceptor drones are now available for order at DOT-Chain Defence,https://news.google.com/read/CBMilAFBVV95cUxPTjdxYW5jeHhLdWE2N0ZfRHhhN0d4bUR1OW9TcWxnSGJ0UEpMdEtZRnktazkxTWpBNzlsTU1WVFRCb01KUjdac3h4SkhtSU1NbkhrTUI3UktKZVV5ZzhJNFB1cGdSLWg3VEowSmt5SVFNU21fdjk1d1ZFTVF1SGtBdTRJU0VzdkphZG43aVp6VlNrMHpw?hl=en-US&gl=US&ceid=US%3Aen,dev.ua,15 hours ago,🎯 Tactical Drones,https://news.google.com/api/attachments/CC8iK0NnNW1hRmsxYjBsT1pWWndiVlJqVFJDb0FSaXJBaWdCTWdhTklvZ3ZwUVU=-w200-h112-p-df-rw,2025-11-27T02:04:48.913243
"Ukraine reports surge in Russian drone activity across north, east, south",https://news.google.com/read/CBMinwFBVV95cUxONTF6Qk0tU3YySUduUl90Nm15V25DU3dqS3NBMUdCZU9mMl9tb1lVWDNGMVd0S1MwNV91WUl5NjEwYnhzUTBsOFh6S0NkMUZpSUNNUEVSYkhGRTBKcHEzS3VRZ3lBUGVLb09hZkdJbkZ1NHptWnlBbHY5ZEpvcWUxMV9JcXZSQ19mMFhkWkRTTnl2OEhiUmgxOFFiVTFpaEk?hl=en-US&gl=US&ceid=US%3Aen,Caliber.Az,19 hours ago,🎯 Tactical Drones,https://news.google.com/api/attachments/CC8iJ0NnNWtTRmhuTFhWRE1ISlFNMXA0VFJERUF4aW1CU2dLTWdPdEJBQQ=-w200-h112-p-df-rw,2025-11-27T02:04:48.913245
"Ukraine, NATO launch joint program to boost counter-drone tech, other defense capabilities",https://news.google.com/read/CBMipAFBVV95cUxPaU1UaUNySzZ6OTY3NnJxS0lFYmdJNFRlZTNWcXZwQjQ2dTZ3LTd1LUFBTkhiOTc0RFVneEZGQkg5Yk5VZVpiQU4tYnFPbkVXckg3VHVteWdtaTRRRVhtSVd1QTV4a2phcElWQjE1NzRnRExrTXdncm0zc2gwcGNmWVhQbGdrZ2JiNTB4bldaMlJUYmpLUHRYTkZvSzVDMTFiQzM5aw?hl=en-US&gl=US&ceid=US%3Aen,DefenseScoop,8 hours ago,🇺🇦 Ukraine Drones,https://news.google.com/api/attachments/CC8iK0NnNU5jRVYxYzJGVGVrbHhRMkpOVFJESUF4aWdCU2dLTWdZTlVvejB2QVU=-w200-h112-p-df-rw,2025-11-27T02:04:48.913246
Russia's adding cameras to its Shahed drones so it can catch Ukrainian interceptors approaching from behind,https://news.google.com/read/CBMiqwFBVV95cUxQSXdiQ04zS0wwelZhR3FrTjN1VUNyZTd5UUtsM1lvNm1MUl9FT1k5T0EzeDZyajY3eWpfMTRJM1VZdmRWNm92OFdqcFFVNklNWDhkVnN3bUF3S0dwSTlyZlVsSGNDWGgxZUFTbWNrcE1jamQweV9FeEd5YXRuekFzdVJ4Y18zMHh2NXpaR3B3TUwzeV9zUGhQVkd3TE9JLWZYQTltbGFOTXl1dFE?hl=en-US&gl=US&ceid=US%3Aen,Business Insider,13 hours ago,🇺🇦 Ukraine Drones,https://news.google.com/api/attachments/CC8iK0NnNWFUMVp6UVRWRk1qTjBNVWRFVFJDREF4aThCU2dLTWdhcFJJNnVKUVk=-w200-h112-p-df-rw,2025-11-27T02:04:48.913248
"Mired in controversy, Ukraine's Flamingo missile maker steps into the limelight",https://news.google.com/read/CBMiwwFBVV95cUxNZUg0THB3YW5UdWMtVVBpMTNuNVJyWHl3SGpxMktCS1lpT0oyY2Utb1B3cnRBZEFNN05zYmdCVXhNbG1mY1lqVWZZZTB1cXRqYTQzWEQtakNlMFg2U3ExQkNjcW5jMzBqYlYyZHpVUHJlV0laWGFkUG83QnlkNm5faGtjczlKaFc1eGExWHRzTG9vTFBHemRsejB1TnR5QUEwRkxnMzVlRW5FSUF1UlBScmp2bE8zR1hRNmQ1WVRvYk8wWFE?hl=en-US&gl=US&ceid=US%3Aen,The Kyiv Independent,6 hours ago,🇺🇦 Ukraine Drones,https://news.google.com/api/attachments/CC8iK0NnNXJTRmhRVlZaa2JFY3RhMU54VFJDZkF4ampCU2dLTWdZZFU0UXlJUWs=-w200-h112-p-df-rw,2025-11-27T02:04:48.913250
Moldova Complains of Unacceptable Intrusion of Russian Drone,https://news.google.com/read/CBMitAFBVV95cUxOZGIyWTZXY2xBN1VQMC1GZWVOSzhEamZWd3hhNWhyRXZwWHFLQjNMNDBlcUdDc25lSUZxLU9sNGVnbFNnN000SHpGTTh6MzdtY2pWX0p5UnZ2eDZxSGZraUZJUXBSZDF4ZFozOTBpSkZOXzRGUXh6RjRyR3hxM3QwWnBmb1NCaHVLQTc0SmZKckZNV2xTS214TkJabzhxZkllMEd0aFhES3VIZFAzUHFlNnZOTjc?hl=en-US&gl=US&ceid=US%3Aen,U.S. News & World Report,4 hours ago,🇺🇦 Ukraine Drones,https://news.google.com/api/attachments/CC8iK0NnNHpNbGRvWWpjeE9XUlVZVE5SVFJDa0F4aUFCU2dLTWdZZGdvcHZOUVU=-w200-h112-p-df-rw,2025-11-27T02:04:48.913252
Russian Ambassador Slams Authorities in Moldova After Being Summoned Over Drone Incursion,https://news.google.com/read/CBMi1AFBVV95cUxQQ0FtSzEzWklMRVpPQUhKUkd1Znh5dDlma2s3VWNKNzRlbmNQZWpmUHliZXFEMENxYXBEQ2puZ25nQnpub0xyUFZoa1A3U1czakJ2STQwVmlKeHduX3V6VDVncll5Vmh6YlFXb0NwWV82MzdYQlBRVnhSUTNyeTRlVF9TdUpVeVA4THlQZ1FrYzh4QVQ5RmpYSzI5cDNsR0FRU0FNQ1pCZUNlZUFvc21DRmstR1dEeTV2YnZEUFd3M0xwQ084MkdKeEZEOWQySUVTaURXRg?hl=en-US&gl=US&ceid=US%3Aen,The Moscow Times,9 hours ago,🇷🇺 Russia Drones,https://news.google.com/api/attachments/CC8iK0NnNU5SMnBXTVRaaU9UVmpVMjVvVFJDb0FSaXNBaWdCTWdZeFpZcXZyUVk=-w200-h112-p-df-rw,2025-11-27T02:04:48.913253
"Moldova Displays Downed Russian Drone to Russian Ambassador, Protests Airspace Violation",https://news.google.com/read/CBMiywFBVV95cUxPa2xGclRpUDVweWNWZ2JTelFVeUNaZVBRMFYzVGJieEtTMGwwLWl5bmZvRWl1bGJoUVRHdnNlZXZGTDdFc2RZTzM4YmtJNUVUcEVMNU5OMVl4aFN0YzdmTGIxRng4TzBHank4bGZfRkczd2JuNTlkOTlEQjFPeHlLUUNQaDNMQXFVSFNvcUdOYmJlLTVlRDdlZjNxNlVZQTFRX3BEazdKUjhDTmFGX3R4RUVmUFFDUUVQZnlCVExPeHBwWFdIcXExTkZFUQ?hl=en-US&gl=US&ceid=US%3Aen,UNITED24 Media,8 hours ago,🇷🇺 Russia Drones,https://news.google.com/api/attachments/CC8iK0NnNWlNSGxXYTFRdGFHZDJRa2RxVFJET0F4aVhCU2dLTWdZZElJNEtyZ1U=-w200-h112-p-df-rw,2025-11-27T02:04:48.913255
Nato scrambles jets as Russian drones make deepest incursion into Romania,https://news.google.com/read/CBMiqgFBVV95cUxNWk9HNGx3clRhQUN1Ml92SEMyVTdwQUJfZ0VlS25MM192Mk9fX1NPVmc5ckZNZU1JelBmRGN4aS1NVnZfbl9vOHl4ZzZ1TzgycVpmNW93T2g5RWJDLTdyejUyYnRoc0gySXh5cUctUmc4UExfYkhwOHNxQndwM0E2TUEwaVVGZVNiaWdBN3BqbnZlRnBaOC1DcFhYQm81WnA0TGs2SFNlYm14UQ?hl=en-US&gl=US&ceid=US%3Aen,The Guardian,23 hours ago,🇷🇺 Russia Drones,https://news.google.com/api/attachments/CC8iK0NnNXliVUZKUmpoak1FMW5UbE5SVFJEMEFoalJBeWdLTWdhTm9Zd0l2UVU=-w200-h112-p-df-rw,2025-11-27T02:04:48.913257
Moldova's Foreign Ministry confronts Russian ambassador with drone that violated country's airspace,https://news.google.com/read/CBMixAFBVV95cUxOb29sWTRHSFNXQ2NJTjNHWHFzMS1fNXJLSkdQUVo1RGFQTTJpVzBVRTRqZFhiTm1URHJvRnhUenJ6Qlp1S3dVVzVCT3hFRFI4YU1rYnFHdjFOOTdOM0lTRElla2ZsXy04cmRoZllDbHB3empoQjZEX0VVNlFIQ3MzSUJUeGIySTVvTFN2TnJoN1lPVEhMTlpGYl9jM0t1eEZiX2gwd1N6TlhLTFR1QThQU3loS2txWHg0R0N5Wi15OHFNYUtT?hl=en-US&gl=US&ceid=US%3Aen,The Kyiv Independent,7 hours ago,🇷🇺 Russia Drones,https://news.google.com/api/attachments/CC8iJ0NnNXZhak13VFVSSGNrOHdTbVExVFJENEFoaXZCaWdLTWdPbFVBNA=-w200-h112-p-df-rw,2025-11-27T02:04:48.913259
Ukraine updates: EU calls for more Russia sanctions,https://news.google.com/read/CBMijwFBVV95cUxPLWkxM2tUVy1DZkpuWWxRR2FRdW5hNklxaVRsSjMxWEhKeVBDS1g2VDlRZ1lNNF9HZmt5eU1yN1BtaDJfT0lib3FPaE9wTW0tN0J2NDBSMmRIR3J5a3Z3NXFUcGV5UktvcldCQ0FvaXk5N08yRmdFc1pfNHNfQVZ6dF9nYnl1ZHRoRmZjZVpnUQ?hl=en-US&gl=US&ceid=US%3Aen,dw.com,9 hours ago,🇷🇺 Russia Drones,https://news.google.com/api/attachments/CC8iJ0NnNDJhbUowTXkxQ2FYWTVPVnBXVFJDZkF4amlCU2dLTWdNSmdBSQ=-w200-h112-p-df-rw,2025-11-27T02:04:48.913260
Republicans clash over drone crackdown,https://news.google.com/read/CBMiiwFBVV95cUxOYVlWLVVjdzBCR05zMmZHV3FFYkotLXd6dTMwR1d2MGVldE9jNTR1QlNfclItU2M3WE9fWDJpMWxHTUo4RTFDNUxzUUlOZWpvSFM4VEdVZG9HakFJc3ZzSGRuTmg5aHNtbUdhUzNHVTBoQlY2M0J2Qjg4bDZVVnoweFQ5bjZLcW90SXM0?hl=en-US&gl=US&ceid=US%3Aen,Politico,16 hours ago,🇨🇳 China Drones,https://news.google.com/api/attachments/CC8iK0NnNWpRVXh1UW5aalRFSkhPV3haVFJDa0F4ajJCQ2dLTWdhOVk0WlNLUWM=-w200-h112-p-df-rw,2025-11-27T02:04:48.913262
"Pentagon seeks to add Alibaba, Baidu, BYD to China military list, Bloomberg News reports",https://news.google.com/read/CBMixgFBVV95cUxOUUFQLW5DZ1l6TF9tVzZraXBwakhTcm40ZllQc1oyU3UyeC1tbEFFaWRsblNCN1E0V0diQW5tMWwtSzRjWGlSOTVpY3ZvLUZoeFZoQUxDVU9sUWdJWEVZWmhZMjJZOVpRTDRWWXFUbF93OGNRcXFuX2YtbERpT2o1NU1ndnd4WksybFhCSFFIX3lFNnlnU1VERUFPZmRQekNJZ1Q2Ni01TUJ2ZFJMMGJMNU5uUng4Mmk1RmdKcGViNG9mTVc0MkE?hl=en-US&gl=US&ceid=US%3Aen,Reuters,1 hour ago,🇨🇳 China Drones,https://news.google.com/api/attachments/CC8iMkNnNUNNMHRKU0MxVWFqaDVkVnB3VFJERUF4aW1CU2dLTWdzQkVJVGl1S1JMVFdyYVJR=-w200-h112-p-df-rw,2025-11-27T02:04:48.913264
US Special Ops to Use 500+ Seized Chinese Drones in Training,https://news.google.com/read/CBMiggFBVV95cUxORVNRNDNmWVoxVE03SmJ2MU8wdHFSempJZnUya1NSZkNQQTRYaG5xTV91Rzhxd3hHemI2eDZHNHZreXVvdWhFMVFpV3pmWUxIY05vR3VwR3F4MFJoNHJDN0VKdEh4QThYQjV1MlZzVnVyTGJDNlRPZUNuQThhTDBzTzBn0gGHAUFVX3lxTE0tU0xPVGg2S1F4OWRyb2pOanhLbE4xTExqb1U3bDJIRXNtTXY5d3JqQmtRMThYUEo0OXFWRWl4UFJOQUlac0ZsQjdVU3FFRkkzNGd4RUhzV2lkeHpSb2s0MFJLeHZfb2Y5NnY3WGM0TWp6eTc1X3RteHpYWl83TmptcF9xN3pEZw?hl=en-US&gl=US&ceid=US%3Aen,The Defense Post,13 hours ago,🇨🇳 China Drones,https://news.google.com/api/attachments/CC8iK0NnNVFaRFpIV1ZNNWFYZDVjRmM1VFJESkF4aWZCU2dLTWdhUmM1VEtyUWM=-w200-h112-p-df-rw,2025-11-27T02:04:48.913266
China Driving Wedge Between Republicans As Their Drone Companies Take Off,https://news.google.com/read/CBMiiwFBVV95cUxOUmp2bEtlV0ViQzhIUlpvLVo0V1pNajN0cUZ2QkhRTEFUX2hLc2l5ZThzdlFreVQ3U0dmb3JYN2xGZ3ZiX2tXUXV5aEFYMXctU09VbkgtZXdKWm14Qi1kNzI3U256R1NFQkd6SjlNMnRqQnExX3M4WVk1S2Y5SU45LVF3RnFTWDlPOWdZ?hl=en-US&gl=US&ceid=US%3Aen,AOL.com,8 hours ago,🇨🇳 China Drones,https://news.google.com/api/attachments/CC8iK0NnNTRjbEJaUlc5UVRtVTFOMjQ0VFJDU0FoaUFCU2dLTWdhQmdaQXROUWM=-w200-h112-p-df-rw,2025-11-27T02:04:48.913267
"Can Starlink be blocked? Scary Chinese simulation shows 1,000 drones can jam satellite internet over an island as large as Taiwan",https://news.google.com/read/CBMi8AFBVV95cUxQVndOUlpHX09wdE9YR2VxejJ6WHVESEg1akdqMEdSODBSei13QjJ2NXpRTjFDcEpNUGpQR01VMGJJS042aXNlWVdZZ1hXd3dKWnFqNFBaa2lud0NoTnA5LTMxUGtOMm5uVFJZVU5YVFRacjZBRkJyeXVtNm1nVTRxNUNOT04wTlNvbDc2OUZhTjV2ZXo3enJsNE1oQkxZQ0JoT2taX0poT25LRkFSb3dlNVI2ajZ5QlBuZWw0OUZWQVdROHNKbFBCYXloc0x2V0MwS21RcVFaRVZYYVB2X1FVdTVUZGF0MU9ZSmxfREI1R3E?hl=en-US&gl=US&ceid=US%3Aen,TechRadar,4 hours ago,🇨🇳 China Drones,https://news.google.com/api/attachments/CC8iK0NnNTNabUV5ZGpOQmFHY3lWMFpFVFJDZkF4ampCU2dLTWdZQmlJYUNOZ1E=-w200-h112-p-df-rw,2025-11-27T02:04:48.913269
"Chinese Researchers Sketch a 2,000-Drone Plan to Knock Starlink Offline",https://news.google.com/read/CBMibkFVX3lxTE9tbXk2ZjhzVHV6ei01TVkxSkhMaUVxVFpMMzR1YUo0bUlLajkwUFh3bmUyaHNwbFFUSnA2NHhRanBkWGlfWmdfM2ZxMl9WSVdoeVVrQWVsbjhBVlRTUng4MVpIMTRxek1GRUZ6cnF3?hl=en-US&gl=US&ceid=US%3Aen,NextGen Defense,13 hours ago,🇨🇳 China Drones,https://news.google.com/api/attachments/CC8iJ0NnNWtPVzFTYzBWbk1sSXpTRzlNVFJDZkF4ampCU2dLTWdNQnNBbw=-w200-h112-p-df-rw,2025-11-27T02:04:48.913271
Antigravity A1 Launch Date Locked: World’s First 360 Drone Arrives December 4 as DJI Scrambles to Respond,https://news.google.com/read/CBMif0FVX3lxTE5XTzZvQThSN25zN1dDQ0hieFBMNk4tUmNCQzdaYXFTM1NmMVJMa2R2VGJWSHFkOXQ4NHFMNWhvaGNkSDBjM3VrdjExZGhHc0Y2QzZ3U2tXZV9JTEtqX2FJNXpPaW9kZVlJOTY0WE54Yl9EaGRabmFRRFF6dVJlS2M?hl=en-US&gl=US&ceid=US%3Aen,DroneXL.co,12 hours ago,🇨🇳 China Drones,https://news.google.com/api/attachments/CC8iK0NnNUdkMWw0Tm00eFdrMVRVbkpyVFJDREJCalRCQ2dLTWdZTlZKQ0pNUWM=-w200-h112-p-df-rw,2025-11-27T02:04:48.913272
"China simulated a Starlink blockade over Taiwan that uses around 2,000 drones with jammers to create an 'electromagnetic shield' — CCP scientists devise potential plan to cut off satellite internet to the island",https://news.google.com/read/CBMijwJBVV95cUxORGxBOWtJV3RoYTJBeGlBYXZLM2ZvczM1bURSdFdyUloyUnZxOWRNN29IWHJpcTFXUjNJZG1qQlZTZ2daek9rNlhUNkc2bGhsZ2pRRF9tRFYwakdaelRBWW8wZEszQmtBTmxGWkF5Yi1IMDZLbDB5TFJqQ2VsVE9PSkI1aXRCSWhMbC0tNEpYLXhSOHdHeDZBM0pjb0U4em5fYWtDcEh0R29oNWVPbm9pbWhULTVfME5JUXhWZmYxcHlYb3pFYi1UaXhES3hNNTlrMnNjQXFaVUVtMFdJQWM2MXZybEJlUWhQcHNuTFFiMVpya205MFBtend5NEFMQXpLel83NXI4WEUxREVscTFJ?hl=en-US&gl=US&ceid=US%3Aen,Tom's Hardware,14 hours ago,🇨🇳 China Drones,https://news.google.com/api/attachments/CC8iK0NnNDRjbkZPUlVadE0ySkxNVXh6VFJDZkF4ampCU2dLTWdZQkFwVFZoQXc=-w200-h112-p-df-rw,2025-11-27T02:04:48.913274
Hermes drones located dozens of Iran's missile launchers,https://news.google.com/read/CBMiakFVX3lxTE50SGxZc05HZ3gybGlMa3JCSDV2bTZRNWwyZG85M3UxT1BOWDlIRTNDRkZFbTg3WWItQ3R3eC10bWtSM0pWQ2hMenBKeHRjZ25BOHJTMUk1U20zQ0lXSzZMVjNuVjltMlVUMmc?hl=en-US&gl=US&ceid=US%3Aen,The Jerusalem Post,6 hours ago,🇮🇷 Iran Drones,https://news.google.com/api/attachments/CC8iL0NnNXVaMHBoVjJwTlNrRXhWREZDVFJDZkF4ampCU2dLTWdtWkFwQnB0aVpOQXdN=-w200-h112-p-df-rw,2025-11-27T02:04:48.913276
Iran’s Mohajer drones: Cornerstone of national defense,https://news.google.com/read/CBMikwFBVV95cUxNc1E2Ny1OdDJBWkM5b0ZhWktMZHVabXQ0SlRma0tPR0IzcTlJWHE2VkZMbWxFVFVkcmpMaGF0VkM4VVVZYWxBb2pXamhEdTBndXBEZ2dKNjNDMlNzaXF2S1drcHp2NkN1S3BhbkxQcThjeFFTTVdBWjczemNFbUFRX2RIUkx4a3NqUk9CZF9QRWk4UWM?hl=en-US&gl=US&ceid=US%3Aen,Mehr News Agency,17 hours ago,🇮🇷 Iran Drones,https://news.google.com/api/attachments/CC8iK0NnNTFZV0pzWTNKdGEzVktWbU0xVFJERUF4aW1CU2dLTWdZUkE1U09rUWM=-w200-h112-p-df-rw,2025-11-27T02:04:48.913277
Caspian Pipeline Consortium Resumes Oil Loadings After Drone Attacks Temporarily Halt Operations,https://news.google.com/read/CBMiywFBVV95cUxPYUd6UGhrcXhmUmNCMVZ0QldTMjVXLU1sN2ZtYS14RGg0V3paSlNsbXVIRnR0RVRqV2k0c0pMOWkyRHJUODlnODJQUzZSb3pseGwyaEpaZmNjalFvazhqUU5Xbk5VbjBqaWRhZzZYSHRVakQwdjNxcm5tWEJtdmdGZ0hfaDhQdGxlazJoOHkzMExYZVRadGtDZ2pLaTRDbzgwTlR5UUdWMWVFM01UUEdjdDhLclUwczZzc3hzLWlINWhqY3RrWnlQc21SZw?hl=en-US&gl=US&ceid=US%3Aen,Caspian Post,16 hours ago,🇮🇷 Iran Drones,https://news.google.com/api/attachments/CC8iK0NnNUJNamw2TVV4R2MzUkZhREJ1VFJDM0FSaVRBaWdCTWdZZE00Wk96UU0=-w200-h112-p-df-rw,2025-11-27T02:04:48.913279
Cyber Defense and Resilient Communications for Autonomous Drones,https://news.google.com/read/CBMiWEFVX3lxTE9CWFNfdXRya2dVbjFKY08tVGMyd0tzTjJIU0tGRmpRdXhCbWQyMk9Xd3FpN0VERnN0bDNDaWg5SnVpN2ZZaG1rVTY2UXM2bldhQmMxVzVoY04?hl=en-US&gl=US&ceid=US%3Aen,Israel Defense,13 hours ago,🇮🇷 Iran Drones,https://news.google.com/api/attachments/CC8iK0NnNXBOSFZxT1VGNmFtWkZUbG96VFJDMkFSaVZBaWdCTWdhdEk0VE9sUW8=-w200-h112-p-df-rw,2025-11-27T02:04:48.913281
Larijani: Supreme National Security Council Will Remove All Economic Barriers Between Iran and Pakistan,https://news.google.com/read/CBMizwFBVV95cUxOc3o2Vm04b2xNaDZFWFRPdWtrVXFuclM1Q2FRNEk1QXlicUlCdXl6V0t4VEhJeFliYnpuX21UcTJCQ3RRV0J6ZXdEVy1KRGh0dnpaRFZpRzJ1U1RIYlhvbGlTU2trWHBPeWRreWNYNVJ6TUxhbTR5RzBzLUNzaDRtNUdMaHYtS1k1WTdkZHNKa2ExbmpDWDVRVnRSZ1JKWnR1bS12MVZ6SEhNbXVIVklRbGFnQ0c1ZFdsSThmYmgtMHEzaHg4THAtb3FocGZlLXPSAUtBVV95cUxPVFBOZDQyanBsSTMyVnBSaF9TSjkzTWZpbjJuejBhOTNmUzZzMElQQzdldHd6VW9zTWh1cE9jOXRUcWNUUXhaQl95Wlk?hl=en-US&gl=US&ceid=US%3Aen,خبرگزاری برنا,13 hours ago,🇮🇷 Iran Drones,https://news.google.com/api/attachments/CC8iK0NnNDVVemRNZEZkS1UxVlpaMDFSVFJEZ0F4aUFCU2dLTWdZTklJd0psZ28=-w200-h112-p-df-rw,2025-11-27T02:04:48.913283
Explosions in Russia's Cheboksary as Drone Targets Military-Industrial Site,https://news.google.com/read/CBMiqwFBVV95cUxNU19pT01xY1pBencyaXBaZl9WLU5WSERYOG54QTRxRHg2MnBhUmJyb1FDMGFodTdkWms0QUZVQmlTYkZGbzdVTmxXVUo3U3dwUGRhUl9ES3ZFVDV1b0gwelFrNTNmbFRIclVsRnhWNGdIakt0ai1WdEdad3hwRDdzS3ZFWnZ5LVgtY0N5dy04eWhzdzJKbWRIdlA1Z0lpdmNCelI2NHVEazJQRnM?hl=en-US&gl=US&ceid=US%3Aen,Caspian Post,19 hours ago,🇮🇷 Iran Drones,https://news.google.com/api/attachments/CC8iL0NnNURkeTA1TFVzMU5Va3hiell4VFJDM0FSaVRBaWdCTWdrQk1KRExOU1k5S0FJ=-w200-h112-p-df-rw,2025-11-27T02:04:48.913285
Operational Lessons From the Baltic Front: Latvia Warns of Rapidly Evolving Drone Threats,https://news.google.com/read/CBMiWEFVX3lxTE85UUh0Rk1DVVJ4MzZkMFc0N3pUN0hEekY4YURtVzF4UVFtYmJidnVUY1FfWGNUaHNWb2JXVjV4SFFpT1BhVEg5RzRMdmFpaWhyTzhQREoxWEQ?hl=en-US&gl=US&ceid=US%3Aen,Israel Defense,17 hours ago,🇮🇷 Iran Drones,https://news.google.com/api/attachments/CC8iK0NnNVdhelpIV0VNdGEwRlJOMTkxVFJDM0FSaVRBaWdCTWdhWkY0cHBsZ28=-w200-h112-p-df-rw,2025-11-27T02:04:48.913286
‘Imperial Israel’ in the New Middle East,https://news.google.com/read/CBMimwFBVV95cUxQZEU0M3Y3b1hXbTUyZlJVbWY4aXd3TDk5TWx6Nk9sU0dPN2NPenZVam1UMklHNWpnNXJraUprY2YzckJxclFTU1hzN1dRd1VlbjRBMUF2eGFjQzBZcjVuZDNBbGdLTE1fNmJEb28wb19weWhXOXFNdHZLbzFvM1ZEQWQ3Y09Ud3ZJYzVGYnJBMVl2YVJLc1lwRmRCbw?hl=en-US&gl=US&ceid=US%3Aen,The New York Times,15 hours ago,🇮🇱 Israel Drones,https://news.google.com/api/attachments/CC8iL0NnNWtXbGhpTFVkTVpXazNjRWREVFJDbUJSakVBeWdLTWdrQkVveWxyU1ZNeGdJ=-w200-h112-p-df-rw,2025-11-27T02:04:48.913288
Israel kills 6 more Palestinians in violation of Gaza cease-fire | Daily Sabah,https://news.google.com/read/CBMirwFBVV95cUxPRkkza0pJaFh2TEc2Rk1nMHIwb1ZfTk1tX2pEUHczWGpDZlBoSWo1Y1R3SDlfR3EybWhqNkhXU2x5VnVkVzVDM1U4dHBiblBER0NkbzNYdGdjU0hBOGdjMWFnSEY2UkltRVhWdkhGVUpNVUVvZ1ZlU19yQV9EeGlNQkZoZ2lJcVlZRFU5Wm8zRXljbmxYOGZpcmVoY0FPOHdxZHl1N1dyWk5oYzVxR3Rv0gGvAUFVX3lxTE9GSTNrSkloWHZMRzZGTWcwcjBvVl9OTW1fakRQdzNYakNmUGhJajVjVHdIOV9HcTJtaGo2SFdTbHlWdWRXNUMzVTh0cGJuUERHQ2RvM1h0Z2NTSEE4Z2MxYWdIRjZSSW1FWFZ2SEZVSk1VRW9nVmVTX3JBX0R4aU1CRmhnaUlxWVlEVTlabzNFeWNubFg4ZmlyZWhjQU84d3FkeXU3V3JaTmhjNXFHdG8?hl=en-US&gl=US&ceid=US%3Aen,Daily Sabah,7 hours ago,🇮🇱 Israel Drones,https://news.google.com/api/attachments/CC8iK0NnNU1VVFZsYTFJM04xcEZZMGxKVFJEREF4aW9CU2dLTWdZQmtJcTB0QVk=-w200-h112-p-df-rw,2025-11-27T02:04:48.913290
"Border Guard Goes Mini: Israel Rolls Out Compact, GNSS-Resilient Border Eye",https://news.google.com/read/CBMiekFVX3lxTE5XekJSdTNlUzBxbnZRYUF2VnRudXdfZVl2ekJORXF2cEtWRWF6WkpsQWlzVWFEUVpod2R4YTJtWUM3MVdwMFdfTmhHa05CZkxjVnAyTEFrc0ZHaEVJTktRbEdEenJDVENOS25zWUpQRExkeGNHQ1N5Q1FR0gF6QVVfeXFMTld6QlJ1M2VTMHFudlFhQXZWdG51d19lWXZ6Qk5FcXZwS1ZFYXpaSmxBaXNVYURRWmh3ZHhhMm1ZQzcxV3AwV19OaEdrTkJmTGNWcDJMQWtzRkdoRUlOS1FsR0R6ckNUQ05LbnNZSlBETGR4Y0dDU3lDUVE?hl=en-US&gl=US&ceid=US%3Aen,The Defense Post,13 hours ago,🇮🇱 Israel Drones,"https://encrypted-tbn3.gstatic.com/faviconV2?url=https://thedefensepost.com&client=NEWS_360&size=96&type=FAVICON&fallback_opts=TYPE,SIZE,URL",2025-11-27T02:04:48.913291
🎥 Take 78 Seconds to Watch This Devastating Drone Video of Gaza and Be a Witness to the Largest Ethnic Cleansing Campaign of Our Lifetime,https://news.google.com/read/CBMifEFVX3lxTFBXZGtOSElKczkxNnhRRGVsRHIweXBCclhqekc3RGNfYldzUHV5UkhFRUlTWW5HRl80M19FWW9Zd2dmQWJiby1IMVZxa0Y5bF9zU18zaUdJYXRJc0t1WTF1dDJJTFdxZGZZd0VabTV6bFFBQXA2RzVHa1BuUFQ?hl=en-US&gl=US&ceid=US%3Aen,thenorthstar.com,13 hours ago,🇮🇱 Israel Drones,https://news.google.com/api/attachments/CC8iK0NnNXVXbFZRTW1RMmRrWjFOV0pFVFJDZkF4ampCU2dLTWdZQmNJcFNNUWM=-w200-h112-p-df-rw,2025-11-27T02:04:48.913293
Israel returns 15 Palestinian bodies as part of US-brokered ceasefire with Hamas,https://news.google.com/read/CBMijgJBVV95cUxNS3pMZ0NXal9QSUxxb2VGSG5TbnUwdTJ2dVg0TG5MU0duQ084RTJEbGJZVjk5dk9yVWFGbFQzVnZEUzlnMHgxWDBhM1NHWVRwVzBxUGFnSEI2dnB0MHBTc2FXbkhadzQxUmNpbm9idW9KNnhGazhmcXlYaDBMMFd6VXg3NVRxMWtzWkZ6M3Y1UUxBbHd0QWRjQ00yU0tUUGdIdjFSa1lsbkxYRHg3Nmx0bElkWGZhR0FDSy16LWF0M2xWWkNUVmxacVlRV1BOeTY2QWkzRV91RnBON3BaTmZveFRjWi00US1MdHlzR1hOclFGeDBIN0puUWNfZ3V1QjFBWEJlOUZKcTgzUmRPRXc?hl=en-US&gl=US&ceid=US%3Aen,WPEC,11 hours ago,🇮🇱 Israel Drones,https://news.google.com/api/attachments/CC8iK0NnNTVjelV4VG1adVVUaDJMVEV4VFJDZkF4amlCU2dLTWdZQmdJcnNPQVU=-w200-h112-p-df-rw,2025-11-27T02:04:48.913295
North Korea has developed AI capabilities ready for military use: Report,https://news.google.com/read/CBMiR0FVX3lxTFBxOXliM0NYZlFyaHpQTTJZb2RGa1BXa0EtZTVDUGFlS1NzaUNEbzAtY0JVU1E2TXM4ZHVpS3laYms5VlBHVHlB?hl=en-US&gl=US&ceid=US%3Aen,NK News,16 hours ago,🇰🇵 DPRK Drones,https://news.google.com/api/attachments/CC8iL0NnNXBhRTV6YWsxMGVGQkpjMUZhVFJDVkF4ajFCU2dLTWdtQk1aVFZ0Q2JneEFJ=-w200-h112-p-df-rw,2025-11-27T02:04:48.913296
Southern Region's Autumn Scenery Marks Season's Final Days,https://news.google.com/read/CBMihAFBVV95cUxNNWJyMTNVbERJbXJJbTVqdmV2LU9rVDNEcnVrSmJuWnBBWGRiNGxIZk9YLUhXTlcycWY5aG5nbEd2YXl2VjFveWk1T3VqTXcxMmN0Y2l5aHg3blhxOVg1c3ctY2VQMGFCaVZXLUZVMlZtb29ra2tFeHVYMjZZYkRhb3d4NmY?hl=en-US&gl=US&ceid=US%3Aen,조선일보,3 hours ago,🇰🇵 DPRK Drones,https://news.google.com/api/attachments/CC8iI0NnNDVOM0U0Y0hkYVYzUXllamRLVFJDLUF4aXdCU2dLTWdB=-w200-h112-p-df-rw,2025-11-27T02:04:48.913298
Ukraine war latest: Russia contradicts Trump on peace talks - as 'fierce battles' rage at frontline,https://news.google.com/read/CBMitAFBVV95cUxQNnJGMlRtWHdoS2pvcnU2TF83MU9tZUVsRm5XaVp0VFBHdnNsNXVWTEFJN21MUGR6MjZCellNazMzc1FjNmxqUW40NGlGRGpTZGNQTkRIM3VsOVFpT2RBRk4tSG9kTjYzcVpDSklrWUJaR3F2QTk4QUNYeXRiQzJqbzM5M3pPXzRWSHZUM2t6cnZUVEtOLTF3cmhSdGVHalB1aElfWUJxYmFiblV1UmZhYjk1Rmg?hl=en-US&gl=US&ceid=US%3Aen,Sky News,11 hours ago,🇰🇵 DPRK Drones,https://news.google.com/api/attachments/CC8iJ0NnNUtlV0YwU1dsV1JTMWhhRmcyVFJDZkF4ampCU2dLTWdNOVZSRQ=-w200-h112-p-df-rw,2025-11-27T02:04:48.913300
"S. Korean Bond Yields on Nov. 26, 2025",https://news.google.com/read/CBMiWkFVX3lxTFBnRlZoRjNvWU92bGlWcjFocW1wZmVONEx3RWtDWmp5XzktSGw2V01SX3dZX2hpZzJfNXlDRXdIWWNsUEFSZENoLThOS1ktam9XVHI1QW1LRmNmdw?hl=en-US&gl=US&ceid=US%3Aen,Yonhap News Agency,18 hours ago,🇰🇵 DPRK Drones,https://news.google.com/api/attachments/CC8iK0NnNWhhbk5tTVdacE5XVlZWREZGVFJDRUFSaklBU2dLTWdZQk1KUnJHUW8=-w200-h112-p-df-rw,2025-11-27T02:04:48.913302
S. Korea opens new phase for private sector-led space development with 4th Nuri launch,https://news.google.com/read/CBMizwFBVV95cUxQdVZQUDN5MVd4R25yV2JZbk5FaUhsWFEtTlpmakhILW9pTmo3bVVucmF3V25neGpSVTVieTZZVktVcU9kVlJNSlppZklWTnFud3dsc050TGZwRTdCQXhFWEVJanRJdDdrZ29zLU5KRm1IOXNvTXZ0dE9pbnJEemgtUGNtVGczQzF5RkJBdWFRU0VhTG1UOWJhNjAtZTlldDVuRlU4VDU3cGhCY01Xb1RnTXJSNTFLVUh3bU4tbktFZUUwd3d5UzZSVTRtRC1BREHSAdQBQVVfeXFMTmRTcmF1NzQxODlMZDREUGZwU2o5ZXVxaHRNc3BhYjNiQnZwYVo3YWJiZjMxX3pHWkZheDNzWjMwMjJMdWhzOWJLRkQ0MkwtT0liSGw3V2hDN2xpZTFCSjM1RHIyYjc4Wk1Oc2pWVXFJUG5zUTNnbGhTZnZjR25JdFdBNi00QndteDhoVVlIeEhvOFBmWTBsX2JJeWhCeTFHZDMxd0NNM19HWXRScHludWx6bGQ2YXZqTjllTVo1Y2JxVkx6RXJXR2RiMHdCQmlHdUZLNEY?hl=en-US&gl=US&ceid=US%3Aen,The Korea Times,7 hours ago,🇰🇵 DPRK Drones,https://news.google.com/api/attachments/CC8iK0NnNU9PR2Q2U3pVNGIza3RiRkpKVFJDN0F4aTFCU2dLTWdZaGhZckx0UVE=-w200-h112-p-df-rw,2025-11-27T02:04:48.913304
"Putin deploys top general and troops to Venezuela to train Maduro's forces, report claims",https://news.google.com/read/CBMikgFBVV95cUxNUXpKTHg1dWtqQkJVY1FfaGtwQjQ3WWluVnhwQllDc2dQLVNFWXR2VU1Za3l1Z1hsX1hLaEd5bVNJQlliODBDSXZmOU5HZk95Vk9XMlJFQ3phSEZ6V1VvaG40Z0h6Q0ZUaThucEVBcF8yQU11dHdRakQ1MmEwYl85c3Vpc01qQzhEbUl2d1o5eENCZ9IBlwFBVV95cUxOZXlFVnB5N0dKNTUxLXRMX2czMVNMX0hmcWFyMnRmVkRjMm1pV0JscUhzZHFOZUc3U1VRbDQtR0hralNjQThWVlljVFRweFV6WVd0dC12OFhJMzBISlE4Zk8ySndEcWtNZU1FVDJ5NmVqeHJvT3Bqb09PQWNFZWE2c2l6clVnWGpyUGk1b2tjZVJfUEoxWE44?hl=en-US&gl=US&ceid=US%3Aen,Daily Express US,10 hours ago,🇰🇵 DPRK Drones,https://news.google.com/api/attachments/CC8iL0NnNXNXbWhEYVdWRVNuRXRZV1JRVFJDUkF4ajhCU2dLTWdrWk5KUm9ObWRjcGdJ=-w200-h112-p-df-rw,2025-11-27T02:04:48.913305
Poland to receive over $50 billion for defense strengthening under EU SAFE program – Reuters,https://news.google.com/read/CBMiuAFBVV95cUxONkZIUlB2Mkk4TVpyb1J6ZFpnQWloZ3ZqSHc5TDk5WVRxVGhKUlNyM2lsWTZTSUMxeEFwcDBKMTNCSldESW84REJ2MHd6TUdVMDhfMm9mbW5jbG9jME9EMGFtamtxMkZuR1ZtRi14VER1SV9acXladHRJdHZSRHNuY190YndxZHJjMXh6WFFDVXN2VVh5OXRIUXF3M1hzTG02Q2NZS2dGNVV4YjJxekJ5M3hDaDdQckZL0gG4AUFVX3lxTE42RkhSUHYySThNWnJvUnpkWmdBaWhndmpIdzlMOTlZVHFUaEpSU3IzaWxZNlNJQzF4QXBwMEoxM0JKV0RJbzhEQnYwd3pNR1UwOF8yb2ZtbmNsb2MwT0QwYW1qa3EyRm5HVm1GLXhURHVJX1pxeVp0dEl0dlJEc25jX3Rid3FkcmMxeHpYUUNVc3ZVWHk5dEhRcXczWHNMbTZDY1lLZ0Y1VXhiMnF6QnkzeENoN1ByRks?hl=en-US&gl=US&ceid=US%3Aen,Українські Національні Новини,12 hours ago,🇰🇵 DPRK Drones,https://news.google.com/api/attachments/CC8iI0NnNUhWVzE2V2pCQ2FtTlZiV0ZDVFJDRkF4alFCU2dLTWdB=-w200-h112-p-df-rw,2025-11-27T02:04:48.913307
U.S. Army Secretary Driscoll Leads Ukraine Peace Efforts as 'Drone Guy',https://news.google.com/read/CBMihAFBVV95cUxPVXNUTl84cU5LM3hfSFhidXpBSUZiSUlkQ2ctQXRXNWR3S2NPckpCR2xSSHFUaDZqV0FORjNzeHhjLVExb2pzU0cyWERJb1NLeGVCOEhrLWM0eXZZeFpSbGswWjZFVDdubTA2Zmh2ejI5MHNVZTBDN3FrNkx2MnZBSS1YTzk?hl=en-US&gl=US&ceid=US%3Aen,조선일보,21 hours ago,🇰🇵 DPRK Drones,https://news.google.com/api/attachments/CC8iK0NnNU1lWHBFZVdscllYQkNXbWMyVFJDS0FSaTRBU2dLTWdhdFZKYXZKUWc=-w200-h112-p-df-rw,2025-11-27T02:04:48.913309
U.S. Air Force drone crashes in waters off S. Korea's western coast,https://news.google.com/read/CBMisgFBVV95cUxPOW9iNjZKd1doNXZCZThHN0RyOEV0R0dyTmtiLWZob3k5SUhTNG52RThDeWV6bUhSVHRhSGFwWXNRWnRtNXJ3VWs2T3ozZ0NvcU5uVTBWVWRRUVhfOGs5YnUyUWJBcEhXaWhpbF9WQTJGS1FoS2dqXzVBSXIzemJJZ2xGVDU5TXI5YjJMRGxKdEZQLXNvMGYxX2ZfdUpNOVU1YVR5aHc2VmJ6T3NaWkVPLXVn?hl=en-US&gl=US&ceid=US%3Aen,MSN,22 hours ago,🇰🇵 DPRK Drones,"https://encrypted-tbn2.gstatic.com/faviconV2?url=https://www.msn.com&client=NEWS_360&size=96&type=FAVICON&fallback_opts=TYPE,SIZE,URL",2025-11-27T02:04:48.913310
Healthy turkey with a helping of drones,https://news.google.com/read/CBMibkFVX3lxTE1LX2FmT01lZ21EU1dzbDk2aFBzXzlXU0RxZjJMRTRqZUdNYjliMlE5T0hQM1N0Yk1mVnRWYVVWTG82ZzRLRnF0SWJTZTZycFZCRTFMbmFBcUt0dUZ1RXRoRHMyOEhKNmI4QnFkX3lB?hl=en-US&gl=US&ceid=US%3Aen,The Wildlife Society,12 hours ago,🇹🇷 Turkey Drones,https://news.google.com/api/attachments/CC8iK0NnNDRla1psY0hVdGRHbEdYMHhhVFJEakJSaWZBeWdLTWdZVmNaYU9OUWM=-w200-h112-p-df-rw,2025-11-27T02:04:48.913312
AI-Powered Drones Monitor Turkey Behavior,https://news.google.com/read/CBMicEFVX3lxTFBLcGliNjNKM0R4Vkh4QWQ3V00ydzFaZ1hidnFDYjBaZUhIV1FTSjJfci1hbkpUTlZQdHAxM3oxZjVxYjhORE5Pc2V3YVg3dnJJU0dqY0h5dWc2c0tmYnVtdTdCODhnV1E4b3lzMDNCenQ?hl=en-US&gl=US&ceid=US%3Aen,RFD-TV,9 hours ago,🇹🇷 Turkey Drones,https://news.google.com/api/attachments/CC8iI0NnNTBTR0ZFUVdFeVZYVkxkMnBVVFJDb0FSaXNBaWdCTWdB=-w200-h112-p-df-rw,2025-11-27T02:04:48.913314
Turkish defense firms develop disaster-response drones,https://news.google.com/read/CBMihAFBVV95cUxQbklLSDZkWFpmOGxkWlB0c3gxc3RXZ0YzMmZNRkJPMTV2LXU0VjhWN0toMks4eGxhcmNuOHNWRkZRUHNDQ2JoUkFZcmU4TGZhZTdLTmpUbVp1TXpPV3E5N0VnT2V2NVZaaUxPU3h1N0w3SHkzQVFZbFg0ZWVwelYxbnc1YTXSAYoBQVVfeXFMTXVZbmlwT0NaZEVkU2RfLTJhUnBSSzczSnlVN0JFWU05MXJkS0x0blJweHZBUWdIWDZFVEV5V0t5eUc5SThUQUhzc1VxUWh2WWF5c2tJbUE2YmhCRGw2WENWa0l0TnEzWVpxeDRTLTlDd0tMMS1fSkZ2MVhjQm5Md3FxTTdTa3ZZckNR?hl=en-US&gl=US&ceid=US%3Aen,Defense Here,18 hours ago,🇹🇷 Turkey Drones,https://news.google.com/api/attachments/CC8iMkNnNXVaRkZtVUZsdlJsSndOVkJqVFJDZkF4ampCU2dLTWd1SlFZalZUR09wRkdtUHNR=-w200-h112-p-df-rw,2025-11-27T02:04:48.913316
Tennessee farm swaps Thanksgiving tradition for turkey snuggles,https://news.google.com/read/CBMioAJBVV95cUxNcC1FU0hYTFZFa21pRm9wY3ppa2ZPZmdzY21TNzB2X1NKU0xxVkh2YVRITlR5V1gwWlVLY01xMGJGbWs5SEFGbWlQcDQyOFhRcHA3S2dzRGlEWUVDUXhzSUZwMmx2bjBZckZOWmFZb015RWlZaGlFRnB4OWZFeGtZZmoxODBKWkNlT0l5SGJnODQ1UzB1Zk5hM1d0UXVlclh4SnFpZ0txNWs4dl8wcGJuV1AzTWJNWHZXc19QM3dwNzdRbV9RWGRSY1FTYWlDYm56MUxMYm9ncVM5WUxwVUZBVno0cm1PVWRnVjdhYUw2RVpIaElvSjVVMENqWUZBVHFRY0MwcUEzVjlSWmE2MGlNQmw3SlVzQVphaWtUb2diZUQ?hl=en-US&gl=US&ceid=US%3Aen,WPEC,8 hours ago,🇹🇷 Turkey Drones,https://news.google.com/api/attachments/CC8iL0NnNVBUVXhJZUdReVIwRXpkMmRmVFJDZkF4amlCU2dLTWdrcEJaU3ZBZXg3Q0FJ=-w200-h112-p-df-rw,2025-11-27T02:04:48.913317
New finds in Turkey's southeast add to picture of Neolithic age,https://news.google.com/read/CBMinwFBVV95cUxNMGxCNWczT29qWDlyOVdYUjMyV3FNN3Via01kYzdXQVdCOWRuMzVMM1h3THRaRldkcXBlNVN2eHNqLURFaW93Z19GUkJ3cjFQTEVQNWRyRmhmcC1GTFBkV2hvTFhvN1U3SERpWWM4NFRfZzkzZ0FvWDdHVXRyWklfUU5OYUJzM0NyYmc3QmV2Z3NNVU4zQVRCRFJCOTY4TEE?hl=en-US&gl=US&ceid=US%3Aen,AL-Monitor,10 hours ago,🇹🇷 Turkey Drones,https://news.google.com/api/attachments/CC8iK0NnNVBhMTluTkZWaGVXTkdablJUVFJDb0FSaXNBaWdCTWdZTlVJZ01wUVE=-w200-h112-p-df-rw,2025-11-27T02:04:48.913319
Lee hails successful launch of 4th space rocket,https://news.google.com/read/CBMinAFBVV95cUxQdFh6SW1fUmxtT1U1eUlSRl81TVlVaVNtam55UW9YLTVxMDMwOHpjakk3cF96NGVyeGlERHVBR21ncXdiODdIWmUwcExtUEpOMnk5X0NyU2U0YUVpRVNkOUxFZGI4Y0lSMnRCQUg4TU5uZ0NPZzN0OHZCeGROZXpiUzNYUWNmQnV2Z1ZmUFp1UGpuOWpSOHZNQ3BSRVbSAaIBQVVfeXFMTWdYdC1SNHMyTjNyZkZVNWlraFVsb2dqeS1fNW1aOUp4bUdNMW5tU0VFOWhFLS1ZTFhOQmc2Mm5fZGhjNFRzYkEyTEtab01HT0o1RHZFMTlRMzZmMHJhYjBrOS1lMVRzdFl6bFJRZXo4amc1YnVldWlLeUFOaVRMZWwzT01DeUh2Z1dFaThGTlJjd1lXU3hWZHNCY01ySUdVYVFn?hl=en-US&gl=US&ceid=US%3Aen,The Korea Times,1 hour ago,🇹🇷 Turkey Drones,https://news.google.com/api/attachments/CC8iK0NnNUNaVGxuWHkweFJVcG1iWE55VFJELUF4alpCQ2dLTWdZNUZKeHdsUW8=-w200-h112-p-df-rw,2025-11-27T02:04:48.913321
Gaza Truce Mediators in Cairo to Discuss Second Phase: State-Linked Media,https://news.google.com/read/CBMiggFBVV95cUxQYVpvM0pHQ3VkQ1RFb29VN0p1TWpwTVNvMFc3WlpkVy16eThQWjRRMjVfZlcwUkxsY1dmYkxERmJYT2hLbGllY0E0cmNJOW9TR0FuSGoyZ2t5Rk5pZXVtcGlpakxhUnV5a05mNkVkTVp4eGZUUDdDbmZpNzhDaDFjVXp30gGCAUFVX3lxTFBhWm8zSkdDdWRDVEVvb1U3SnVNanBNU28wVzdaWmRXLXp5OFBaNFEyNV9mVzBSTGxjV2ZiTERGYlhPaEtsaWVjQTRyY0k5b1NHQW5IajJna3lGTmlldW1waWlqTGFSdXlrTmY2RWRNWnh4ZlRQN0NuZmk3OENoMWNVenc?hl=en-US&gl=US&ceid=US%3Aen,The Defense Post,10 hours ago,🇹🇷 Turkey Drones,https://news.google.com/api/attachments/CC8iJ0NnNXVaRWxtVTNKSU5Ib3pkamxIVFJERUF4aW1CU2dLTWdNQlVBQQ=-w200-h112-p-df-rw,2025-11-27T02:04:48.913322
The drone that sees like a bird: AI system sets a new standard for turkey monitoring,https://news.google.com/read/CBMi2gFBVV95cUxQMHhqQXZyeXR4ekhyUDdUTk5rMjBkQ0x1OE9abzRZTERlOXFZV294UDBRMVp3V21MaGFxNnRlajIzZUhXRGU4VjQzTTY0UXhIVFRLb05RX1pRMmFuWWNudm4tLUtLRmF2bWNSSFhHNHZnNlZ5Tnlxa19PZEU5ZWpWcFE1WkV1OEwtcEFvTTZtems2VlF6SUhlY2R2QkhxdXJrNm4zRHdINGZkLV9SdjB3TE90ZjZiQnZxZnlpMmx6dl8zX29BZU9HUVRQMm1tMEhDTnF6RVJGV2pQUdIB3wFBVV95cUxNQktVdjNlQUJqdEZRZ1VSUm5UZE83LXJQSzF5OUo3Z2puYU5TR3k5WjNQWDlzLWhJYzRWNkw3aVhPWTRCOXJGWmwxSDNac2lmbVNJUFRQVHo0RkJnV05lTFd5a205TDFyTThwcXdMcUJ1dDhCT2ZOZWRwRnZoczJQZ2tBSnkwTEk5NTQ2V2l0YW9rSmJQOE5ndDBtYkFJSjhZVUdoM2lMRFlUcDhTTEFYUHJKS0NpckFESDNzWFl1V3lTYm9FbWVhVWVGdXpKWmxTeUFHSlFpcEJCM1RaZjU0?hl=en-US&gl=US&ceid=US%3Aen,Moneycontrol,17 hours ago,🇹🇷 Turkey Drones,https://news.google.com/api/attachments/CC8iK0NnNW9SVk5mUTBSYVNUZFZhbWhVVFJDZkF4ampCU2dLTWdZQlE0U2tyUVE=-w200-h112-p-df-rw,2025-11-27T02:04:48.913324
Pope Leo heading to Turkey for closely watched first overseas trip,https://news.google.com/read/CBMirAFBVV95cUxQYVlPcWtRTmNyWTY2ZWFsVmpwSEVuY3JwSmdIbWIwLVpxbGVCcGRaZkdVRmd3WmZGNHBBSDRscllmYVpyOEdRLVo1a2xtNzdOSmR5Vzg2ZTBoVmhtR0NHQkRUc3VJYVFBN2hfdDh0ZmNYbkJKY2NrMDJ2c052eUxqS182OENlYVUtTkxhaGpjS3R4N0Y0bXUycWhfSjZXR05XeGJVMGNybmdIT1dP?hl=en-US&gl=US&ceid=US%3Aen,The Straits Times,50 minutes ago,🇹🇷 Turkey Drones,https://news.google.com/api/attachments/CC8iK0NnNU9ZVTFCUVUxRWFsRnJNakpFVFJERUF4aW1CU2dLTWdZWmNKVExMUWc=-w200-h112-p-df-rw,2025-11-27T02:04:48.913326
Smart Drone Landing: Wind-Aware RL Trajectory Planning,https://news.google.com/read/CBMihAFBVV95cUxON3I4TWlZYlM2bkFGUDdNbEpxa19VWlRJRHAzQnQxNW91M3p5dG83cC1RdnZmV3VGZ09UMmpfWTA4RUI4Mnl0OUJqQW80NnRYRHVxdU5GVGFtVklFRm9sQXpta1U2dW9ISWRGSE4xUXVRYmUxa20yYUlCLW9OMmVCbzBENHk?hl=en-US&gl=US&ceid=US%3Aen,Bioengineer.org,7 hours ago,🤖 Autonomous Drones,https://news.google.com/api/attachments/CC8iK0NnNVlNbVY2YUV0WWFrUmhPVVp5VFJDQUJCaUFCQ2dLTWdhUk1xS3VvUW8=-w200-h112-p-df-rw,2025-11-27T02:04:48.913330
Europe Builds Tools to ‘Stealthify’ Future Underwater Drones,https://news.google.com/read/CBMifkFVX3lxTE9XR2NZemNIc1ZRaU1FUTdOVXg5SjFOTmF4SWZIbThMSFBsU3BDTlBDY3ZRcHJ6VVBVbVAwZWZQUmFrRThFam94U1Y1U0N4WXI5Mk5vRGlYUVcxYjFVclU0R3RCZDg2VEs4WGRyQlFGR21tNmt2UFl3TVpjSkhYZ9IBgwFBVV95cUxPLTdhc2NlenZ1cFJRdXdtbUswMnhvODY1cEhrZmtwRmxxaUwxZERGaVBpb2NhZWM0Q2tGX0NWWVVybzBWbUZiVGlKYkhUR0FtS1hTeU1QMDl6R0p2OV9ETllZTjFGRDhBQTdWbFhVQWgxanJmSVdTNjRjQktpaVMwU2xTSQ?hl=en-US&gl=US&ceid=US%3Aen,The Defense Post,13 hours ago,🤖 Autonomous Drones,https://news.google.com/api/attachments/CC8iL0NnNXBhRTVtUjJ4Q05GTnhjazh5VFJDZkF4ampCU2dLTWdtTlFZUVFuU2xrOWdB=-w200-h112-p-df-rw,2025-11-27T02:04:48.913331
U.S. picks British Kraken for autonomous surface and subsurface drone fleet program,https://news.google.com/read/CBMizwFBVV95cUxPUHYtVzFSMmVkMnlOR0ItNmdfbkZ4NzRYUV9EMjB5WmVfcnZCM3dDODgtMUNqMlRsQWNZWkZfR052bFJ0OTZZWjdOc0dBRlBJdjBpUXlJU2lHeXNBajlGMDY2d2d5YUdIUnNTTmxrTy1fMlRaWkh6eXRUV3dwcTFhX0d4OGlHblA3N3I1aU05eUVkNmdydmJzdHh5eTNBNURrSzNTOGVEYVg1MG5RTmJCMGktVTh0dy1wbU1TTENiUS1wX0hNRkFWRDZLdUlTV1k?hl=en-US&gl=US&ceid=US%3Aen,Army Recognition,10 hours ago,🤖 Autonomous Drones,https://news.google.com/api/attachments/CC8iK0NnNHpjRlJJWnpKVWF6TTJZV3BXVFJERUF4aW1CU2dLTWdhQmxKQ3NOUVk=-w200-h112-p-df-rw,2025-11-27T02:04:48.913333
CFPs: Technologies for Autonomous Swarms of Drones Grant Program (Sweden),https://news.google.com/read/CBMiugFBVV95cUxOb2FGc2FzMTBSd1RteTlLNGdNY1RoeDlRN2V6Y1A2M3BnblpmdklYZDN5RVJDb1NjRC1OcDlBRnBjQlVLVnE5WUJkTzZUWWlaaFNYMXlmYTRDdVhycWctRWR5bWdKZUN0Q3NVS0RXZi1oWmExX1J6ZFVrTXpqWDhaX1ZyeEJYWnNjNXdYdlVCN0t0bjV4dlVZNV9vSlp6eHJhSnhxUlBETHZRTk11ZzVyS2pES0MxUWpuRXfSAboBQVVfeXFMTm9hRnNhczEwUndUbXk5SzRnTWNUaHg5UTdlemNQNjNwZ25aZnZJWGQzeUVSQ29TY0QtTnA5QUZwY0JVS1ZxOVlCZE82VFlpWmhTWDF5ZmE0Q3VYcnFnLUVkeW1nSmVDdENzVUtEV2YtaFphMV9SemRVa016alg4Wl9WcnhCWFpzYzV3WHZVQjdLdG41eHZVWTVfb0paenhyYUp4cVJQREx2UU5NdWc1cktqREtDMVFqbkV3?hl=en-US&gl=US&ceid=US%3Aen,fundsforNGOs,19 hours ago,🤖 Autonomous Drones,https://news.google.com/api/attachments/CC8iJ0NnNTZRamRXYmt0d1NrY3hRM0J0VFJEV0F4aUFCU2dLTWdORkFnZw=-w200-h112-p-df-rw,2025-11-27T02:04:48.913334
Japan evaluates autonomous flight-path technology,https://news.google.com/read/CBMigAFBVV95cUxPRUdXb3NIaWJ5VnpoQWNrUFhsdjFVR3JMa1lQazA5dzFmZGRlVzJudk10MUl4WXpuMUJ3cDdqOVVLTjJLNElUS3hxVlRrRzJfTGFIWjczUlJ4dVZvamZRbkNqQ0hRZVBfeVlVZWNELTRfUHVLOG96M2NETGNSa0ZmaNIBhgFBVV95cUxOX04wMzJzMUxsY0EtTzRSU3FMNU56ZUQ5OVIyRXJOa2tIenlrbUd1a3FBTEZSVTk0ZHZBR2UtSUlhTWtHRkwtbG5FSE9XOFItbVYwTVNMWXlOMUpWaWNWTE5qOTJScWlzSG1jRHZtV1JPTUdCS0xtdTNPdE5Zd1dlbm12SjJDUQ?hl=en-US&gl=US&ceid=US%3Aen,Defence Blog,16 hours ago,🤖 Autonomous Drones,https://news.google.com/api/attachments/CC8iK0NnNXdNM0JLYjFSaFFucHZUVmd5VFJDeUF4akRCU2dLTWdZWkJZNnN2UVU=-w200-h112-p-df-rw,2025-11-27T02:04:48.913336
Indrajaal Drone Defence Unveils Fully Mobile Anti-Drone Patrol Vehicle,https://news.google.com/read/CBMiqwFBVV95cUxPam1VQl9vMU53RnFROUpjNXRzUDJFcDBlQmdleGs4RjFOYWRySjhlTTJyM1V3aURZT084VXI5UGVmR25RVlNxeXBwZU90dkxUSmMyNXdlem9Dd281eXJCUE1JMVdwZHVBaFA1dFpIRGdTWGhxRWZVbVg2MFlseHpUMkRacm84ZUpsaFFOaksyUmt4dlNPMm9iMWlhWVFOMDVzeGY5Q08yWEhfR2M?hl=en-US&gl=US&ceid=US%3Aen,Defense Mirror,12 hours ago,🤖 Autonomous Drones,https://news.google.com/api/attachments/CC8iK0NnNU9RV3A1VXkxdFpWOWtabFJEVFJDM0FSaVRBaWdCTWdhMUVaTHhvQWM=-w200-h112-p-df-rw,2025-11-27T02:04:48.913338
South Africa’s ‘All-in-One’ Anti-Drone System Lets AI Pick the Perfect Weapon,https://news.google.com/read/CBMieEFVX3lxTE1xZEVfbUptSEFRMVhqMmtGZy1jTGw3VkR0dkVRV2s1WHJFSmQ0S3V4OV9ZckNrckhWeWpFVnRVbUlrQS03bGRpeFVUWUxtOUp1WnVKR1hUbXNxN01ZejFaUXFzd0hLdnkwdE5mS3NLR3FzT29MbUdlMdIBfkFVX3lxTFBVY1NUcnJKSDBpTzZnMjlhQzYwWmc3T05sRE1abnpRN3BvLVlxdnViTVJ6bjdhVk9uLUllWlFzZ0xLU1EtZ21hYXduSm53MVNzdV9hQTl3RDJBTGNqUG1kMWNtRlVBbS0wQTZjTi1Nbm5iQ21wLTZxakUwbGdwUQ?hl=en-US&gl=US&ceid=US%3Aen,The Defense Post,13 hours ago,🤖 AI Drones,https://news.google.com/api/attachments/CC8iK0NnNUtjbmxxVm5seFgxWklWRFpKVFJDZkF4amlCU2dLTWdZZG9vd3R0UVU=-w200-h112-p-df-rw,2025-11-27T02:04:48.913339
New AI-Driven X-Ray Drone Defense Exposes Threats Before They Take Off,https://news.google.com/read/CBMiW0FVX3lxTE9JRVllaVZCY2h5cUg4QnotRDdSRHJTMm5Vc2dWVEs3MFUzYnc0RHFvbDFuVExmQWV1V1FWRHRwcGczakF5SnJCcm8xajY0TGJhZVUyRl8zUDVZLUk?hl=en-US&gl=US&ceid=US%3Aen,NextGen Defense,14 hours ago,🤖 AI Drones,https://news.google.com/api/attachments/CC8iJ0NnNURTbUZEY2xSUVJXZEhWVFJ0VFJDZkF4ampCU2dLTWdOaGdBRQ=-w200-h112-p-df-rw,2025-11-27T02:04:48.913341
AI Defense Stock VisionWave Holdings ( Nasdaq: VWAV) announces a major advancement in its European growth strategy,https://news.google.com/read/CBMijwJBVV95cUxQOFBDTE1zOXluZXJLYVBkcEhxSEhjeWJkeWt5TUFGWWRxZjhqU3RPNFhNbjBvTzR4VEJLcXFBTmpPNmhtT1pIcTh6N1VXWG14b25HMDNOWG5UMnZTUGQyeVBxS2o3QUFKbmtQWlpqWWdQNWlFbjZPbWhUUkdtRV9ZemNFd3FOSnN3dDBKM3JFaEF4RU54SVRFZElyaXNOaG85ZGtUUkJyTHVUOTEzU19KUHNoakI4ei1WNjBSd1I2X2FVY0FzMm5NZ2t5d0QxSlVNU0VBWk4yX2puNUljSGhKWXJRaEpuaFNtOTU3X2ZqQUVyUnlxekt4Mm9Eak4xcWxVSlJKWGcteW5EQXZQR1I0?hl=en-US&gl=US&ceid=US%3Aen,Markets Financial Content,8 hours ago,🤖 AI Drones,https://news.google.com/api/attachments/CC8iK0NnNWpNR1k1YlhWWFJITTRjbHBzVFJDa0JSakZBeWdLTWdZSmNZYk1MQVk=-w200-h112-p-df-rw,2025-11-27T02:04:48.913343
"AI-powered cameras, drones to monitor Magh Mela crowds",https://news.google.com/read/CBMiygFBVV95cUxON0wxSHp6MW1iZU9nUmRidklfSmtpTFlZYmx1QkthYlUwNVFyZXlCMzVIcVVNRHNROXVkOFI0VHpTN2tFMk4tTlhtb1RZaUVYc2FVaFkxNEdYSENaZ05iSERiYmVzVzhxb2ZpWVp3OEo5NkhnSnpTZW5GSUp1WVYyZ1JkZDF1amZ3WmJDQURaYWdPQkVxZXE0Sy0xQ0lkLVhhNHZuYkVpZjN5LXdETkdaN1hpcllaTVRGTzVpSUw4c1c1RmtsanNyN1ZB0gHPAUFVX3lxTE1Sa1RGU2w5ZjBNUUJBdVA5V0NUMUtuQ2RiYWhJR1ZtQWNpclV3cGdKRWQyeHhKOU94V0kyZzBiQWxsUmt3bFVwYnVPdWNxNzlfM2NjSW1mLTRTN0lIMGkwVWlTVHFBVmlTNXpoQjFMajhJOUp3bE11RFJDQ09KLU1SOW9lYzZxQ0gyUFpOb0VreG1uQnpua24yMm9xdUsteTRIWWZCaklmbkVmb0g2dTIyeVRxN285VkpvbEVzVjhkd09zbHhrZEZjWGJmWmpxcw?hl=en-US&gl=US&ceid=US%3Aen,Times of India,10 hours ago,🤖 AI Drones,https://news.google.com/api/attachments/CC8iK0NnNHRWRlF0Wld0cVRFNUlOVFl0VFJDZ0F4amlCU2dLTWdZTjhvUUhVZ00=-w200-h112-p-df-rw,2025-11-27T02:04:48.913344
"ETRI and Geotwo Co., Ltd. introduce ‘APPS: AI Platform for Personal Safety'",https://news.google.com/read/CBMiXEFVX3lxTE95OW1selZ1ZzVYbEpqYTNIZXJsVVNSTWt4LVh4ZjZIRDFwZFo2aC1DaG5WZ2pheEF3RmtKQnpDVERvTHRTQXFuZno5cDhTRjA3UWg4UVRsTk1Sbk9T?hl=en-US&gl=US&ceid=US%3Aen,EurekAlert!,19 hours ago,🤖 AI Drones,https://news.google.com/api/attachments/CC8iK0NnNHpYMDFCYTA1U2JqWTFYMmh0VFJDU0FSamFBaWdCTWdhVkFZcU1BUTA=-w200-h112-p-df-rw,2025-11-27T02:04:48.913346
Indrajaal unveils AI-enabled Anti-Drone Patrol Vehicle,https://news.google.com/read/CBMivgFBVV95cUxQak03YkNDVWc1U2l5amJFYkptcktYYzdMYm84YnZWX2dWQzlsQ2Q0QXRQdXBRVGgwTk9DdGRCd1RfMC1VUDFuWXV2ZktnelRXT1pJTFNGUG5BZ1ZvdEJ4ZUdobk53dVZTYVNEOGVQMVd1MWg4eHhzNWltcHFBMnFBTHZvclFzUzhiWFNUcHo2UVNEc3RfcTNPTmo2bjhTbTFLZmtTOGk0MHdpU21aVUNHYmlkN0daMnFKMFppLUpn0gHDAUFVX3lxTE9UQktiZFZmVFEyNHRKVWZ5WEVsV1N5VkozU2J6N00yUzdoeDlzZFJ1YWtiUkw2VWZOdmlKazFYanVWYjY3cWVKSFFWQkNfa3gwZmdtV0NHRi1tckdsMEpOR01yN01qWnNoX0xENzljemQzRzRfNWZZMFRDb3kwUUtQVjZjc3oxdHp4cjBZT0VUdHFqY3VVMjgycWVTTzJJRUFlUWhPTERheUIyNXB3WHVYcFdLbVdweGtNREp0dEdSVUdDUQ?hl=en-US&gl=US&ceid=US%3Aen,The Economic Times,16 hours ago,🤖 AI Drones,https://news.google.com/api/attachments/CC8iK0NnNUphazF4VFZkMGR6SlVOamRVVFJEZ0F4aUFCU2dLTWdhUlU1eXNKUWs=-w200-h112-p-df-rw,2025-11-27T02:04:48.913348
"India's First Fully Mobile, AI-Enabled Anti-Drone Patrol Vehicle Launched",https://news.google.com/read/CBMixwFBVV95cUxNZC1NcDI2b2dxc2Vobmk1M2R3YUtsWTJVWDluVndvVEFBYmlfVWRTeHpJLS1DVXF1bktUMWs5RktYNFVPR05JWFNEcVVWZC1BbW5IMHNTVjJSUFM0cnM3c1RzWEtQNy1sX2NRSlgtci1ObXpoRDhnSXdSZTN2Q3otcTBUUnc1TGNaNzJqZXBIU1NmN0NGbDdvb2ItN1JqcmppNktKSTVNV3ZDd19FbWhBOHZia2VoYUVwMjZEVVRxYzZndndlVmww0gHPAUFVX3lxTE42NzNzNmw0bElReGFtSjdUcHVlVmdDbG1tY01IdWVtUFdmbWFEZ0d0Q2R4cjNhNnpsa3c2Skx1WjhuVGdWR21ITi10cUZyTHRaWWRoNzQ5MzRsczJfVFVTcDFpN3RQT201M3dTSmM5LU9sTDg4a3FZcDlqWS1vMm90clRFZFl4clU3bXJtVHE1Q0tJUl9kYmoyVXhjV3d0U0dQelF2RUlxUENuZUxndkhPY0N1aHA4TGUwd0IyOWx0WlFiOHhJQUtKMWVjTzdPWQ?hl=en-US&gl=US&ceid=US%3Aen,NDTV,17 hours ago,🤖 AI Drones,https://news.google.com/api/attachments/CC8iK0NnNHlVWGxLVVhCbWEyVkhjUzEzVFJDeUF4akNCU2dLTWdZcFFaSnZKUWM=-w200-h112-p-df-rw,2025-11-27T02:04:48.913349
"Swarm Intelligence Market Growth Drivers, Challenges, and Competitive Landscape",https://news.google.com/read/CBMikAFBVV95cUxPWFpGR2lFR0JiQW9jRnlsc2FPWmRwaVlNQ21MYWFBd1NjZ3pnSFlNTHNIUkZjYlFzQmFwVXRIUkRsS2VIR1dXVjFhT1ZRNm8yRElXWk9yZVVpcThLTExtR1Z2dXFMV0Nzb3U0NlV5U2tVdTNPRjBIenI1T19iRXhicVJkdFNGdVRwWF9DNktGNnY?hl=en-US&gl=US&ceid=US%3Aen,openPR.com,11 hours ago,🐝 Drone Swarms,https://news.google.com/api/attachments/CC8iI0NnNVZkV2Q1U0VwRWVXVm5lVXhEVFJDY0F4aXhBeWdLTWdB=-w200-h112-p-df-rw,2025-11-27T02:04:48.913351
"Watch: Roaring tiger formed by 2,983 drones dazzles Mysuru sky, creates Guinness World Record",https://news.google.com/read/CBMi5wFBVV95cUxNbkdrd0NYT1J1YjIySm9Yd2VNeVY5SDdvNlF3eTBiT1hQNUJqSndFWmU1T0Z2dGJUTmJOcllWZnZNYTdLSnpzVV8zLVRZYlJIRGZZVy1fTS1fZzFyX2hNbllwUWJCOW1TTXZXTGlzQVpWT0ZFd08wNXloQURraks4T0NqaTdZMGtVMURBXzZLRjQ5RkUxel9QTG9rWEZyS2N3elgybVlqMnRqOGpVLTRONy1yaWowUU5vTU9yUjVLRDIySjFnSDN2M3FPblJkaFAtTkdmZ2VRcWZnVzVVWjNzZ0dSQ1E4cUnSAecBQVVfeXFMTW5Ha3dDWE9SdWIyMkpvWHdlTXlWOUg3bzZRd3kwYk9YUDVCakp3RVplNU9GdnRiVE5iTnJZVmZ2TWE3S0p6c1VfMy1UWWJSSERmWVctX00tX2cxcl9oTW5ZcFFiQjltU012V0xpc0FaVk9GRXdPMDV5aEFEa2pLOE9Damk3WTBrVTFEQV82S0Y0OUZFMXpfUExva1hGcktjd3pYMm1ZajJ0ajhqVS00TjctcmlqMFFOb01PclI1S0QyMkoxZ0gzdjNxT25SZGhQLU5HZmdlUXFmZ1c1VVozc2dHUkNROHFJ?hl=en-US&gl=US&ceid=US%3Aen,livemint.com,15 hours ago,🐝 Drone Swarms,https://news.google.com/api/attachments/CC8iK0NnNVVTa0pHWlUwMlZXaGpWa1IxVFJEUkFoallCQ2dLTWdheFE1U1BJUWs=-w200-h112-p-df-rw,2025-11-27T02:04:48.913353
AI FPV swarms make every soldier a hunted target,https://news.google.com/read/CBMiiAFBVV95cUxNLTFOVnBsWEFrNDhBUEI5SXN4ZmVhbWdoZ0FKT2NEVWcycVFXWk1uN0oyYzJlNmxVa1BxbVNFZ1VVZ2ZVcHhhRzl4NFRfckhocjVUMmVLeDNRRVdhVzg3TV9kUmh6SENZMmRZSTlpNWlwWkdiSWVPaGg2Vkt0UTMtMlVsaU9VTGkx?hl=en-US&gl=US&ceid=US%3Aen,UK Defence Journal,15 hours ago,🐝 Drone Swarms,https://news.google.com/api/attachments/CC8iL0NnNWZNMlJvZUZWQlRFTldabGMzVFJDNUF4aTNCU2dLTWdtMVFZUVNPZUp6cmdF=-w200-h112-p-df-rw,2025-11-27T02:04:48.913354
"Mysuru’s near 3,000 tiger drone display breaks record",https://news.google.com/read/CBMif0FVX3lxTE5DNWJrcUh4WG5kb3lfMGltakZ3dGNSU0Z2UjFNNG1pQXo1TUxTYlU3QWo5ZTJCUFBIVkhTVUY1YTREUXVrNXZpd1pSb3AwQXlMN2tGOWd6WHgzWEIydlk4QjRlTHlmemtiN0NXYlp4OVZUMnBlWXRLX2FYam5jYWc?hl=en-US&gl=US&ceid=US%3Aen,Diya TV,9 hours ago,🐝 Drone Swarms,https://news.google.com/api/attachments/CC8iK0NnNXBVM1JIVm1wS1ltVk1SMFZzVFJDUUF4ai1CU2dLTWdZUlk1QklKZ2c=-w200-h112-p-df-rw,2025-11-27T02:04:48.913356
‘An army of drones’: Elon Musk’s Starlink satellites have become China’s new military target,https://news.google.com/read/CBMivgFBVV95cUxQWjc1TEQ4R2w5Q3A0ZFFHX0JnRVdmVnNhNDFPR3VfUkxGcTlhZlNISHNmOVRBTlM5THhjTnZhVFprVnJ5TUtETUc2bktVdjhyRHZKS3VqTG1xeXZXTXlaVG1XQzlTTVE5QlcwVE0wbW1mTHJlczZZRlM1T2VIY2hrQUhWMHhIb0xMVmpTdjZScEltYW5vaE9iWmR4LWNXSjhUQW1vczlMbWUwX2ZEY0xyc1FleFhCblFzTDB0RkJR?hl=en-US&gl=US&ceid=US%3Aen,Dagens.com,17 hours ago,🐝 Drone Swarms,https://news.google.com/api/attachments/CC8iK0NnNXRielZ1VFdkdVJHUlFiVUpvVFJDZUF4amtCU2dLTWdZcFJJenRvUWc=-w200-h112-p-df-rw,2025-11-27T02:04:48.913358
"Dubai Airshow 2025 – Calidus unveils DAMITA, its C-UAS solution against swarm attacks",https://news.google.com/read/CBMirgFBVV95cUxNUUZRTlktQ295S3dVelJuNmJPQkE1MHdiRW9qbU8wMHFoSFNibGJreFpWajBOaEZnaHhDTGc4YXVtYlh1Ni1zaXhBcVhJNnJ3Qk9mSXlqVFFTa1RtY3V4dXk3Ym1wWTd1bkhyR0hESzZvRExUYmpXQzdfenBBNnlsakRZbmI2RnNWOXhRdmxCN1c5R3JHZDBGV0sxRGppbEtIN3RleDg0bG12aWhzYWc?hl=en-US&gl=US&ceid=US%3Aen,EDR Magazine,17 hours ago,🐝 Drone Swarms,https://news.google.com/api/attachments/CC8iK0NnNWZRbTlyVVd4aVMxTklOMGczVFJERUF4aW1CU2dLTWdZQllKREpyUVk=-w200-h112-p-df-rw,2025-11-27T02:04:48.913359
"Drones, classical music mix in Huntington Beach show this weekend",https://news.google.com/read/CBMixwFBVV95cUxQaXZaRExyRDJhRENpMENKODI0cmZ1dDNaYlJvU2VqV2c4SWgwcElVUEl6emdDeFBWN1hLSUU2UUwxRWJ2N1pyMGZ5WEZWY2NrVUhYNlUzTm1GSDVOMzhqVjNSSUF3OFZqWjlyUE1hbHExUjh0Rkl2bjV6WW9HQUJJT3Z3UDJEVHNxZ0lBbFNMODNpZkZUYW1IZktabUpKUml5MEtlMjdOWHJLZ1NrWElZSjVldnNCbUNmRVhhbm9xT0xoUkxRazM4?hl=en-US&gl=US&ceid=US%3Aen,Los Angeles Times,3 hours ago,🔬 Drone Technology,https://news.google.com/api/attachments/CC8iJ0NnNHpkR3R3VUdZd1FYaE1jbEJZVFJERUF4aW1CU2dLTWdNSmtRQQ=-w200-h112-p-df-rw,2025-11-27T02:04:48.913361
Detecting lost deer with drones,https://news.google.com/read/CBMic0FVX3lxTFB0a1hvUFhXcEVvMTRkaWJNWWstUGJrWUhfakV2dVJTeGhnbjlhMVFoU1loem5ZYnZFdWVrQkVnbmxYMkpNcHdPbHZfNXQ5YjJHREZJV2x5VGFVeEx0YmdsdUpOYUlwM3l3cXhWX1BsSHJjOVXSAYcBQVVfeXFMT1g0SThBV2x2d0w4OTV6SFBHb2FUeGg0Tnc0bUcza0ZjdkNRMFE3U1J6QkRDQ1hVbUQ0UzA3eTJ4R1I1MjFPSUl4NnEwRC14SXUwZ1F2Q2tUZXVqeUNOZ05RRzlFd2RobnlveFJIbnFSUkZ1R0U0dGxnSmswZHN3ZDZlNThsVlNJ?hl=en-US&gl=US&ceid=US%3Aen,WTVG,4 hours ago,🔬 Drone Technology,https://news.google.com/api/attachments/CC8iJ0NnNDJabkY1UzNocFZGaHBhMk5oVFJDSEF4aVBCaWdLTWdPQjBRQQ=-w200-h112-p-df-rw,2025-11-27T02:04:48.913363
Dozens of Federal Agencies Initiate Counter-UAS Collaboration,https://news.google.com/read/CBMiwgFBVV95cUxPUEoxYzJycGFnRjVlam5IWVlEX0Y4a3FjTzJpWWdoQlRQNm83WHEweW5fQVhpd3ZydGJHX2VVU3pNQjBnTmh5SUh0SFNMNDBuNG91QXFMZ3JLQWtNS0RrN1V0d01FOHZPakZEcUxNMkxuVGNaN2J1VEV4NndGNWoyaUxjTWgxR2xVWDktclIzeE95NzBqMEVfeTZTM3pzVkxyR0Rlek9ERlotQUtEU0J0T2hadmpXUU90Vl9vUDFVWGhvZw?hl=en-US&gl=US&ceid=US%3Aen,U.S. Department of War (.gov),5 hours ago,🛩️ Unmanned Aircraft,https://news.google.com/api/attachments/CC8iI0NnNU5Vek0zY0dkb05uaEVVVWg0VFJDM0FSaVRBaWdCTWdB=-w200-h112-p-df-rw,2025-11-27T02:04:48.913365
NTSB Will Not Investigate Amazon Drone Incident in Texas,https://news.google.com/read/CBMid0FVX3lxTFBXTk9VeHJLOUViOFUzTGNtUkdNSGdwZGp1QVZDZldQazRwejVzY0V2Ry1Na09oOUdMWWtxV0FHS1VMSE9PQm1HUTdXMTRabjljN0dNRmlZaTFKaXA5bW52eXFtbWhPWkwzaGtWMWVFNk9sTzBVbGdB?hl=en-US&gl=US&ceid=US%3Aen,FLYING Magazine,7 hours ago,🛩️ Unmanned Aircraft,https://news.google.com/api/attachments/CC8iK0NnNU1VVW81U1VFeE56aEpjWE13VFJDZkF4ampCU2dLTWdhMXdZanh3QVE=-w200-h112-p-df-rw,2025-11-27T02:04:48.913366
Uvision acquires Spear UAV as demand grows for new-generation battlefield drones,https://news.google.com/read/CBMiaEFVX3lxTE1ETVJrUHJyZGRUR3ktSUtlWjZfbzRJcVlvY0I2VllxMm5xTFpXa2x0R3dvclVZSWpOenpJTUg3Y1d0aHZGNzhmVUdDaVk0U09YMmpia1FqUHlWeXpNUktVS3lvU0lEamIx?hl=en-US&gl=US&ceid=US%3Aen,CTech,8 hours ago,🛩️ Unmanned Aircraft,https://news.google.com/api/attachments/CC8iK0NnNVVOM2hOTUV4Nk5rZzFSMmhDVFJELUFoanFBeWdLTWdZVlFvNHpIUWs=-w200-h112-p-df-rw,2025-11-27T02:04:48.913368
"Quantum Tech Firm IonQ Invests In, Partners With, Drone Company Heven",https://news.google.com/read/CBMitAFBVV95cUxON1ZtX09zZUJmYTlxWXM0WkFSU0N4WHhiYW92bWVuMVZOM2ExOHBMZnJPTExHZGZya3k1TVFFN1NFaG5NZUpHYmNHcEdpLTZRRFJMR3pvSnRqTlNaRE01Y2ZueHpORXlTNk1zWVcwMjFkazhiR1JmN0RWdXVzS1hOSEFkZHpQSTFjcjhwRXNkMjJEYmRZbVNqME1QTThjcXJvWHFURF9peWJYRC1KZk1ZYU1MaDc?hl=en-US&gl=US&ceid=US%3Aen,Defense Daily,9 hours ago,🛩️ Unmanned Aircraft,https://news.google.com/api/attachments/CC8iK0NnNWZibkZRU2sxTlJrOVlOa3RLVFJDRkJCalJCQ2dLTWdhTmtvN0l1UVk=-w200-h112-p-df-rw,2025-11-27T02:04:48.913370
Field comparison of spray drift from unmanned aerial spraying systems using air-induction nozzles versus rotary atomizers,https://news.google.com/read/CBMijwFBVV95cUxQcllHUEQ2bk9lODBmVk9makNNa01mOU8tY2FuWkVzbnFoU3M0Q3JLRTVNT0xLLUFnNTVkSURzSXNUQ2hoc1RzaG1JdndyV29FRGFhekF5TmFhd1NydVBTN2RMcWJSS0hWRGN4OU9TZDdMekZXQVV4eHdXZWptdVRvNk1wczlqaWp0TUhvcVUzQQ?hl=en-US&gl=US&ceid=US%3Aen,Frontiers,10 hours ago,🛩️ Unmanned Aircraft,"https://encrypted-tbn2.gstatic.com/faviconV2?url=https://www.frontiersin.org&client=NEWS_360&size=96&type=FAVICON&fallback_opts=TYPE,SIZE,URL",2025-11-27T02:04:48.913371
"Top KRG Official Blames ‘Terrorists on Federal Payroll’ for Khor Mor Attack, Urges US to Approve Anti-Drone Purchases",https://news.google.com/read/CBMi7wFBVV95cUxQSl9FVlN4XzJWalR4dWg0TTFqS0d6QldzdWJiMW5SLXNWbXV3WVBXZHFRR0RsczBiTHBiTWp3dDFhT2YzYlpiQlpBVVBNbElOTHc0a09sdXBYaGxWQUJ1aDA0cmswTUNHbzR6ODluUGJMb3U1T0ZOOWw3cjRJV2Zqb1loWXh5NWtxWHo0MnJTN084SmtwM2FrLXdxTzNTX2ZtQVN6SGhrZnd6NzRLSUFpX0Zhb211SGpuamRhWVU0VGJNb0xQeWpCYWxxeWtNYU9tM2NlUmYyWUZWaGlpUm1iS1BDenlETk9uQU94d1JmMA?hl=en-US&gl=US&ceid=US%3Aen,kurdistan24.net,1 hour ago,🛡️ Counter-Drone,https://news.google.com/api/attachments/CC8iK0NnNXNURWROVGtKWlRsTlFjRWhqVFJDZkF4ampCU2dLTWdZeFZZaXZMUWM=-w200-h112-p-df-rw,2025-11-27T02:04:48.913374
Poland to Bolster Drone Capabilities With New EU Defense Funding,https://news.google.com/read/CBMitgFBVV95cUxQRWJMVjd1ajZZSGZKWER1aFhlM3pmQmlHV3R4S2VjTFg1ZTFERVU0VVN6QkMxZDFsbXRZTTBsU2F1SUpSektTSC1FdjJYZHAtWDlWWHRLcE5rMXMzbUZlX3R1T0xEZE9JZmtuY1NhTTV3OERkdWxOOVN2cWFtblRTOExmQTRGQzd6b1ZWQUhncE92WnVtOGQ0YTVXR3dMdWlOMWZockdlYWZPWU9aTDBOcmoxa1loUQ?hl=en-US&gl=US&ceid=US%3Aen,Bloomberg.com,9 hours ago,🛡️ Counter-Drone,https://news.google.com/api/attachments/CC8iK0NnNUlObGRZY1RSdlZucFBhbEE0VFJERUF4aW1CU2dLTWdZbGtJeDR1QVk=-w200-h112-p-df-rw,2025-11-27T02:04:48.913375
Dutch Company Develops Anti-Drone Net System for Military Vehicles,https://news.google.com/read/CBMi4AFBVV95cUxQU3JXVk1nTnlCN1BZWE1zbG9JZm9lYng0NVU2czh2bFZrX0YxdWpfYXl3RnN6YjJIMWg0OWg4ajZHNWlvSGdDRDI2V1hyOVd2ZXdueVB5UjlvVm1VNGRmUVFMeHJoRDRkNVoxeVE0cENrYl9BNTJDaVJBQXR6emFobDg4bElqWWtPNkMwRnNfbklUajB2NzN1Z1g5RzRJRE1FNDJDWl9hcEhCcElTTmpRbnVKYTJXTVAxTE41cXpMQUUxVUJ1WVhsMExWbjNMSjI3MmpZSXo5UEczOVZ0ZXdCSA?hl=en-US&gl=US&ceid=US%3Aen,MSN,12 hours ago,🛡️ Counter-Drone,https://news.google.com/api/attachments/CC8iK0NnNUdVMWxVUWpKVmFHZGxWR28xVFJERUF4aW1CU2dLTWdhQmdZNG90UVk=-w200-h112-p-df-rw,2025-11-27T02:04:48.913377
India to equip all civil airports with counter-UAS systems,https://news.google.com/read/CBMixAFBVV95cUxNdW5xaWdWdlpOSU5mcV82NGlwUm1nWEc0SlZLaHdsZER5Zk1ER01iN18yRWhTaC1BYjFKMkpkXzgwOVZpOHlnODQwYlBnb3lfRGdzTDZpRENiemNOOTZzWmZBRTF0eGUta0lNVTA1UGgxOFJ1MmJpYTFWMGtpd2JNdElhaGtxSy1mTG1mTHZhSllTRDJQRUdlcHItNmtTcFhnVzd5R0RGNzVVV1M5T2tPSnJ6WFkwTHgxS0ozTk5uSmFzcjlm?hl=en-US&gl=US&ceid=US%3Aen,Unmanned airspace,15 hours ago,🛡️ Counter-Drone,https://news.google.com/api/attachments/CC8iI0NnNUlSVjluZUhkWE9IbG1WWGgzVFJDdEF4akxCU2dLTWdB=-w200-h112-p-df-rw,2025-11-27T02:04:48.913379
"Quantum Systems, ADV Defense Forge Baltic UAS Partnership",https://news.google.com/read/CBMilAFBVV95cUxPSFNUT1VMTzU5SGJ3RzlKaEpRZTZWckxYdjZmVnFJTTVLbWNtUVc3dmQ2a1NudWFZSWhTY1RDZlE3bDI2Yml2c2ZhVXFmRHUzLWwtN044U2pWenBJOW1udlJYMFVTbklwR0NMX3hIWWV2VFlyLS1QcFdFQnYtYnNtSThDM3BkVFFTTnBvTUhtM3ZTM1ds0gGaAUFVX3lxTE1OYllCSXlNc1pXUl9jY1ZrSHZQSTZMZ1VETlREU3pCWU1GdzE2SElKNzRGU1h5akpXWEJYLTExemMtZlFLRHdGcmJFRG85VGdaSVo3NjB2VGNEMHhFWlNjUjVubmFsS3Jic0ZPVEFqNEtwVkNLcVNPdURlS04xV0pSZ19sN3BOTGJodW14aENiRmYwMU5MVk15V3c?hl=en-US&gl=US&ceid=US%3Aen,Dronelife,10 hours ago,🛡️ Drone Defense,https://news.google.com/api/attachments/CC8iK0NnNHdjM3BWTWxwbWFUZFNVamswVFJEZUF4aUNCU2dLTWdZQlFvNlBLUWc=-w200-h112-p-df-rw,2025-11-27T02:04:48.913380
"Ukraine Adds Interceptor Drones to DOT-Chain Marketplace, Letting Units Buy Anti-UAV Tech Directly",https://news.google.com/read/CBMi2AFBVV95cUxPTDVTTjAzdjF5bjk1clEtanBweWplb1psbU96Um5lNkFIUFBlUmhTeEhmTGJMa2Z4ZWdjaUp4aWEtazF2d2RaSGZYYURGNmVkU2dDbTd3VXE0blFnMGdVMTBoMHNneHlIZXpSU3MzOU5LbldwdWtFUEVEN19uUHJsdmVHMWpiNGRzRWU2VEVVd0VYcndxNHJYRE92N2R5bFRhRFF1UF9XWm1YSkdXNHVnb2NiaE9GcmV3QXZxVm1UWmRQeTgxUEFLcFhjbXRqZ0ZoVURlcVlRZW4?hl=en-US&gl=US&ceid=US%3Aen,UNITED24 Media,15 hours ago,🛡️ Counter-UAV,https://news.google.com/api/attachments/CC8iL0NnNWtUMFI0YjBKcWVVcFhTelV3VFJERUF4aW1CU2dLTWdraFlKQlpMT2lLeWdF=-w200-h112-p-df-rw,2025-11-27T02:04:48.913382
U.S. Army Orders $4.7 Billion in AH-64E Apache Helicopters for Counter-Drone Missions,https://news.google.com/read/CBMi1wFBVV95cUxQQXQxWmM1MlNFTFNqdl8zLW1DRkppUllfR3A1dkFkYkk3blFNc0RwdXRxTW5GdHNaY2toU1MyekZvczVQZ1JmeE00MGM2U08xMHJsbTE5UkNCSFlaR0c0SWQ5SUdiWWNHcXNoNHlPNGhPU2xsLXpRN094SEwyc2VYdTVyY1ZxVTBLZ3VTSDZ6QktPV0Zqb19ZTjNPSnRoQXBTRzk2WDhwREdaNXV6WjRndVJ4M2I2SDNfcEZDdnRTczhzTTl2dXVKWTB3NjFEeWhqZkpwbzY0NA?hl=en-US&gl=US&ceid=US%3Aen,Army Recognition,10 hours ago,🛡️ Counter-UAV,https://news.google.com/api/attachments/CC8iL0NnNXFVa0pmUmt4WlZEVmFkV2RxVFJDOUF4aXhCU2dLTWdrSmtaQXVNYWVSa0FF=-w200-h112-p-df-rw,2025-11-27T02:04:48.913384
"Dubai Airshow 2025: Calidus Introduces DAMITA, an Advanced C-UAS Solution to Counter Swarm Attacks",https://news.google.com/read/CBMivwFBVV95cUxOZ0ZLWGJkUXhhS3ZwSWtNNVhkelhWT1Jqa1pIT2U0SFZDREVGbEVEVVZTUjE2MmJ0bkNfcXZLeFNYSTB1RmtwQmowei1heE1NcV9KaDZnMnVuOTcwN0otZDB0SS1mY3RDRlVvYmdHdTF0djFTcFVJUnlaS0QybWJDUGlXWWMtZ1lMa0FTS1JaSXEwS0ZCUFdHLU91X2hBWFFqdnUyd1JoM0JpTDZ4Xzh0SVpEUDNOZEVKczh3WGVPYw?hl=en-US&gl=US&ceid=US%3Aen,DEFCROS News,13 hours ago,🛡️ Counter-UAV,https://news.google.com/api/attachments/CC8iK0NnNDVSMkV0VTB4MGVuZG5NSGxWVFJERUF4aW1CU2dLTWdZQllKREpyUVk=-w200-h112-p-df-rw,2025-11-27T02:04:48.913385
France Speeds Hornet Air Guard Counter-Drone Kits as Threats Grow Over NATO Lines,https://news.google.com/read/CBMiyAFBVV95cUxQRnJ0SkFJdkkzWnlCMmdlQ3ZPV0xJcHRJMEJQOFlVYU5uR2FRMVkyRVlsaU9Xbm0tMmxmdmFRLTZ0ckNYRGRfTEh1a0YwQ1FOWUI3TDFqX21Yd3E2R2I0Y2VrOEozd05jYk5GUUtDNWlNQlA0RTZQZV9EQ3JIVUFobHY5eG9wLW5iSHE1cUliMGh4dlhIT1R3cC1vSkt2UThpMHluTkhaemltZzVKektVbmVyeXA1MkZhLXpEZE1lQ0YtbHQ4SzJRRw?hl=en-US&gl=US&ceid=US%3Aen,Army Recognition,14 hours ago,🛡️ Counter-UAV,https://news.google.com/api/attachments/CC8iL0NnNDBiMXBKY25Gd1JVODRielp3VFJDOUF4aXhCU2dLTWdrVlVvQnJwV05OOHdB=-w200-h112-p-df-rw,2025-11-27T02:04:48.913387
Bengal to induct anti-drone shield and jammers for coastal security,https://news.google.com/read/CBMisAFBVV95cUxNaDAwUFNSOWx0dnBIcVhyQnNvdTgwb2RlQ1NraUE5M19fcW5YMFp6RzBzUXdQZ1Y2QmlQMmRzLUdTYS10LU5oelhvLWNMd3VNb05YRksxMVlkZVlBbGVNcU5FNGJHdGFYcWpkVWpLcFBEcnltNk51NEFzczh3d1g0ZFpVTXdHYmZkSHhwX3ljNHREN2x6VHhxTjNkLWctd1IybE1WVjhPeDJlb1lBRDJobdIBtgFBVV95cUxOZ1lBOUt1UmVvV04wQWkxUFhYTmZ4WHlNSnE0aDhIZXlvcnZMZ1dGM1RmV3lfWEM0WnpFSTBVNE0ySk5FcDltZnNjcy1FMzJEdkVlR2xSOElCa044TGJPSDBFN2lqT0VVQ1RNS1VfRTZkU2hINUNESUNVa084T2ZDQ2FtS3ZKNTFLdGZsRktlUEpNSm52MHNmMGsyUDUzOVZBLVJTTkF4MFkwOVBnWmZSSXp1X2s2UQ?hl=en-US&gl=US&ceid=US%3Aen,MillenniumPost,7 hours ago,🛡️ Counter-UAV,https://news.google.com/api/attachments/CC8iK0NnNURUM1pOYUVGa05YVkhNVFpsVFJDdEF4akxCU2dLTWdZQmdJeFhOQVk=-w200-h112-p-df-rw,2025-11-27T02:04:48.913389
How UTM Innovations are Shaping the Future of Commercial Drone Operations,https://news.google.com/read/CBMiqwFBVV95cUxNeG55UklsOWNST1NtNkpoTzIxOVU2bVRqRTlCdzh1NzQ3anpuMkd3QXBHeE0wOHc0cnpPaFlWUFNDTXZuNUh4NXFQVVhENXhJV1JoaXFNa25NWGRjUTBLb0ktVzNvM2RNRE1xRmVDeFRfQzF4T1RVZzRvaVc0Mm5EaEliczZYVHVqY0FnelVWX2diWjhYUWhYMExBS3RlRVE5REY2Rk11Z01pakE?hl=en-US&gl=US&ceid=US%3Aen,Commercial UAV News,8 hours ago,📦 Commercial Drones,https://news.google.com/api/attachments/CC8iK0NnNWtaRVJGYVdoRWVqTjVhRjluVFJDMkF4aTlCU2dLTWdZQlVacnlJQWs=-w200-h112-p-df-rw,2025-11-27T02:04:48.913391
An Amazon Delivery Drone Hit a Cable Line in Texas. What to Know.,https://news.google.com/read/CBMijANBVV95cUxNWXZQYmxwclhiTEp0WmFRMnRmOURveUljNmFJSnFzUXpaRDJvd3dzTnZteWRqVjFIb3F4eUp5cTdCdFdnOXBET1gtY3ZCOHpxSmpON2FuX3Y3elVFZWZFMUVEVFYwaHpIR3FOaENGcHBrc1NJRFJLYnpvVlBsVU5GUjNJSFV4eFg1dTF1Wk5IanJ5Z3gtQ2tIMTY1emEzMmo1Q3BxZ1Y0VjQyQ3N5QWpsbVRlZFVCeS1tSkdURGJKT0h0dVlkVU5COVd1TlZUZkR5OTQxSlRoTlVSbmlBNkpDNlI2cnZLSW42V1p1Z3E0VDh5RFB1eXE2MkdJN1JLNkdGdzFFMFBhSGx6SVBwUjRLMzMwd0QwV0d2c2EtamdZek9CZWFHdlk2cGw4RVZtcjFyR0VnOXNKOWN0RThNZ3psb3pFWkEtRGpsY0VxNzYxREI4ZDBKVEw5bGlmMVZzTDNQajV5LU5yQmszM2hGRjlxZUVhSXBCZEI2aTZKU2VoSWNzY0Y5NWFOVndnWkc?hl=en-US&gl=US&ceid=US%3Aen,Barron's,4 hours ago,📦 Commercial Drones,https://news.google.com/api/attachments/CC8iK0NnNUZkaTF6UTNFeGF6RktTRWRCVFJDcUF4al9CQ2dLTWdZRmNvck1MUWc=-w200-h112-p-df-rw,2025-11-27T02:04:48.913393
RigiTech Targets Logistics Firms With Scalable Drone Delivery,https://news.google.com/read/CBMimwFBVV95cUxQMXB1QmFyb0FKNUxsZE1jcWxZWHZkb2EwbkNpV25relV5SjE0QlR3X19raHZYQy1FRWZKUmNxZVJYRkZpbmpoVnAtUWhOVVBtaVRabmNSd2ZIVkF2dEFPeHZjdFZnLVlURFRQNWtoNzYwbklHeXYzSndZSEVLNW1MMl9PeEk4aFc2aXQxdlZuaTlFVV9LcmtRSExsRdIBoAFBVV95cUxOejdDSlJXdmNBRW1na3E4NnNDT1NTYktMekkzdnk4cHp6VkducTMwOWJuWjdZem45UUhubFJRdXllVFBMdldsVzlJSWsxbkd5aURYbXZWLXN3SW52UFptRC1DYXpldWhvZ3VLckwwWDZNZWpreXZROWNKUGlXdjFoNkZyNE9ZN1hNZF9YVG9FdzhtVGZJckF6NVN6Z2ZBOTdu?hl=en-US&gl=US&ceid=US%3Aen,Dronelife,10 hours ago,📦 Commercial Drones,https://news.google.com/api/attachments/CC8iK0NnNDJlVFZ3YjNsS1ZURk5UakZIVFJEbUF4ajNCQ2dLTWdZSlU0NXRvUVk=-w200-h112-p-df-rw,2025-11-27T02:04:48.913395
Everything we know about the looming DJI drone ban in the United States,https://news.google.com/read/CBMiqwFBVV95cUxNZXd1VGJ2UnZpLTFxTERnMlBhdG5FY1lkUHQ5bFZfOW45R3ZMMnJlbFlocjJQN3ZLb2s0QmdGUWRWbmFvQjJYTWZDZVo2RF9EQ29UUWUyWGpaaFpYTnpSUTJMRXp6U3pFbmNqa0N1T2ZEOVdnNm82VHpuVlpWazgxUXVib0JqQ3dNZVBpSzZBcnYyd2RqclRmdjM3T0tDcDB1VXkzS0NGaTdQaFE?hl=en-US&gl=US&ceid=US%3Aen,Mashable SEA,3 hours ago,📦 Commercial Drones,https://news.google.com/api/attachments/CC8iL0NnNXNOVlZIWmw5RWFrTk5hRzkzVFJDdUFSaWlBaWdCTWdtWlVvd3h3V1NLU0FJ=-w200-h112-p-df-rw,2025-11-27T02:04:48.913396
"Pilot Institute Black Friday Sale: Part 107, Mapping, And LiDAR Courses Up To 50% Off",https://news.google.com/read/CBMifkFVX3lxTE5tRHdOQUtQbU5IbkJuUlBVcXA3RmtzVm5GaVBRT1Q0djc1TWllTWxocUlIVnM5T0pmb2ZuMm1vS1hTQ1pWdmplaXJlUmljWmRZc0ZoUFJtRzVqU2VrYzd5cERGbWh2Smp3WUhfTHV6TTdMX1JuNWt1NDdsY25ZUQ?hl=en-US&gl=US&ceid=US%3Aen,DroneXL.co,8 hours ago,📦 Commercial Drones,https://news.google.com/api/attachments/CC8iK0NnNU9ZVGw2V0ZCWmVtWkdOMDV1VFJDTUF4aUhCaWdLTWdhUk1vWUtKUU0=-w200-h112-p-df-rw,2025-11-27T02:04:48.913398
Strong Growth Expected for Drones in 2026 Driven by Expansion of Commercial Operations and AI-driven Products,https://news.google.com/read/CBMimwJBVV95cUxNZEZXZFI4M25FX0t3SU1NZHU3bDBDZDlQd1FGN09GUy1TalhaUXhaUUZEQmJPb1dtUUlCelBBLXZzdmpHMGw0VFp2a25ETTI4YVI4N3YwbS12TFYxUnhYU0JZU3NwWDI0bnF0eVNJNWRmYzV5RHNZbUZBdG44eWIxUzE5QzhsbnBXVzlSZmJPVUlDOXRlWS1Nc0psY3dtd0pLbXZWOUJockhOcmNMT3kzeFp6Mndsbm92S0tUMlhKanlaa2djYnE3SHIzWW1Nd3VrOTQzVzJiTnN1U2FUaWZaYkxoeFptZzhRbTMzdDZJR2c3eHBGLUYyMkNXLVBidjRBUWFHYUhKVkd6N01EVUN3cm1nZks0RGdOUXlr?hl=en-US&gl=US&ceid=US%3Aen,Markets Financial Content,11 hours ago,📦 Commercial Drones,"https://encrypted-tbn3.gstatic.com/faviconV2?url=https://markets.financialcontent.com&client=NEWS_360&size=96&type=FAVICON&fallback_opts=TYPE,SIZE,URL",2025-11-27T02:04:48.913400
AIM Robotics Launches RPAS Wilco FlySafe for Recreational and Commercial Drone Pilots Across Canada,https://news.google.com/read/CBMiyAFBVV95cUxNNlNKNjlVYjgzc1RGakFhalVmQjBkaVFOcEtCTUEzZkpidmxkaTdlUXFHVVhmR3NXLWpTX3BLbFB4TFV3YW5KQ0tKTzN0S2lWa2ZDZmg0Y0ZGemF6YUxsQ0xUdU1JcGtjY01sRXZGMWdhUFYxdkNic3Joay1tODlzQUtRaDFWcjFobjdnY3g2UV9wY09wUFlfa3RXUkRyRUFPV2I4WEk0Nnc5Y0pXY3g3UUo4U3QwXzhzUXFvTHhsS1hjNWszMXRSUg?hl=en-US&gl=US&ceid=US%3Aen,AiThority,15 hours ago,📦 Commercial Drones,https://news.google.com/api/attachments/CC8iK0NnNTVNRk51VTA1TFpXRTJhbFZQVFJDZkF4ampCU2dLTWdhaEZvZ01tZ2s=-w200-h112-p-df-rw,2025-11-27T02:04:48.913402
New Podcast Episode Dives Into the Business Side of the Industry,https://news.google.com/read/CBMinwFBVV95cUxQdldiV2FDUlVQNmJOcVBMV1U0dVN6NzI5QUxSanpfSm5hZ0RZSGlHZWk2WnhYYUJRX1dHbHF0WTZqRjFpN2JQNjRFLVBjcE1qWDdNQ3ZuYVZKYlZsT21CdXlkVi14Y0U0d3RJOUdWX01IVVlnR2dJMTJOemF2a1JWQWIwUDZrR0sxNjRneFE2M1RTMDJZSGh2anJKWlljc2M?hl=en-US&gl=US&ceid=US%3Aen,Commercial UAV News,11 hours ago,📦 Commercial Drones,https://news.google.com/api/attachments/CC8iK0NnNHdlRlExVVY5SE0ySkxaVEpTVFJDUkF4ajlCU2dLTWdZTklwVHhsQW8=-w200-h112-p-df-rw,2025-11-27T02:04:48.913404
Amazon Prime Air Launches Drone Delivery in Metro Detroit Area,https://news.google.com/read/CBMingFBVV95cUxNMnAzdmU3dzNOc2JrVWhSOVYzVjI1N0YzQ3I2TWhHTFdiWERzM3g4dWVXRXhQM0F0eWxDdFN5NlNEdVJGV0NheGVjRF9IQkdoQkdwS0dNSnBsMEdiRHE2ZXhTWDlZN0Z2WmM3V3V1eUxZVkhNaGNoSGpCeWhsZWNGc0RDUlhxZnEtSGNhbUVyck5sS0RSeGNsOVBFVWVCQQ?hl=en-US&gl=US&ceid=US%3Aen,Oakland County Times,6 hours ago,📦 Drone Delivery,https://news.google.com/api/attachments/CC8iK0NnNTVWWEIzWTI5bmJteDRNbTVCVFJEbkFoalZCaWdLTWdZQklZU0RHQW8=-w200-h112-p-df-rw,2025-11-27T02:04:48.913405
FAA investigating after amazon delivery drone ‘struck wire’ line in Waco,https://news.google.com/read/CBMioAFBVV95cUxPZkdZYUVlb3hQZ29MeDdMcWVzV1hHTzhaNmF2bmMwWGxfdnJfbGtCUk9qSlU3X0lSS1FzYVJfZFd3V3BJc2N3YUdjTW11YzVxOGVJZDZjTzUzdkxrcGQ0WXhtVk00SEE5NmF5ZW1qX0I1ZWNxNnFWM05TdUlITUM2MFlJR2pzTmdjbTYxS2JmM2pwMk1LSG1STG0yLThab2xJ0gG0AUFVX3lxTE5OMmxKRnkzMDhRQWlUUmJNYllQeDBDMnRIeUdQVnRSb0lzb2t3V09QMEN3ZTBxRXZUbC05UEoyeHVJSWF4eTJHRWNrS0lnT0hkNmhTWmpXZUZPMldKYUVaVWRWeEZVSVRid090aVlhMktZd1Zzc3B3SUdqbGFKdkUzUEc1bmVjbnR3TnlWeU43b0RsOEt2b3pLRzBnb1ZsX2x6X251OEh5Wm5meFU1YU9adnptYQ?hl=en-US&gl=US&ceid=US%3Aen,KWTX,9 hours ago,📦 Drone Delivery,https://news.google.com/api/attachments/CC8iI0NnNU9aM294UzBWRk5rbDFZV2d0VFJDSEF4aVBCaWdLTWdB=-w200-h112-p-df-rw,2025-11-27T02:04:48.913407
Zipline CEO talks US funding to expand drone deliveries in Africa,https://news.google.com/read/CBMigAFBVV95cUxNVzZWb19CX1cyOTFDbmdqZnlLYVhSdXJxOEl5dDAwRnFTS3FMS0Zwa2dhYjRKVnZOR1M0a0szMmRFOUVORHEydFlTazAzRTFSLTYycXpLcWFtSVZkeng3bTJ2Yi1HM1dyenJLR1daNThUeTRzVXA4MkEwdTUtcE5hSw?hl=en-US&gl=US&ceid=US%3Aen,Yahoo Finance,3 hours ago,📦 Drone Delivery,https://news.google.com/api/attachments/CC8iL0NnNTVhVEoyTkdwU2NDMXpNbkZoVFJDZkF4amlCU2dLTWdtTklJcUhKcWd0NHdJ=-w200-h112-p-df-rw,2025-11-27T02:04:48.913408
Amazon faces FAA probe after delivery drone snaps internet cable in Texas,https://news.google.com/read/CBMiiwFBVV95cUxQbzJ1SnEyUENBSlFScjJQTmxtbGR6OW8xRnZtenVESUI0RHY4QTZWR3A5VjZJZlAxeVRfYmNSWjRtTjZKSzRFNjRJMXJtT1lMVV8zOUEyQml3UTc5Mm1PazVoY1BxbmlYMnpjUWQ3MXR0UHdOMzNQSFJGclZDWExyT3hyRkpnd3Z4WVBv0gGQAUFVX3lxTE1FaDlDZVI5QUdGNHhvQy1RQVdNR2dyNU4wTGNnYlY0VFRqRHpNZndhT3d2S1BNSC1SUXhLS0JZQ3pST1pvSTRaR0Z1QnJmTFluOFBEdHh2RmJfeVp3VHJLR2Rac2UtdnhYamt2VTIwOTFkUHRNdFo2QW9pQ0FHNkxMTVpPU2dfOHdqYktsTzRxQg?hl=en-US&gl=US&ceid=US%3Aen,CNBC,23 hours ago,📦 Drone Delivery,https://news.google.com/api/attachments/CC8iK0NnNXJUVXB2TUhscmFFODVNM0kzVFJDZkF4ampCU2dLTWdZWk5ZNEtyZ1k=-w200-h112-p-df-rw,2025-11-27T02:04:48.913410
Amazon drone delivery faces FAA probe after Texas incident,https://news.google.com/read/CBMiyAFBVV95cUxOaFUxMzlseHhINE51VU9RUnJyTU8ycTVYbzVKZTZqMkQxZGdBbnh2eE5rWEU3SmNBMVhfSHMxalhWZEEwQk03VmQ0dXF5ejFBNkQ4eDRVTXI0RklTYnlrY0xjQTFrREpKS2pjU1lVZHF2c3M3NUc1LUoxbXdhSzZ5R0piZEsyTThiUmtzTG1HdWU2SG1uZEVlRWVuQXJ0MEctZ2lSMldxSTM0bTk1VUVfY2NScmlDa0R2ZUVaMTA3eER2dmhMb2JXbw?hl=en-US&gl=US&ceid=US%3Aen,Proactive financial news,8 hours ago,📦 Drone Delivery,https://news.google.com/api/attachments/CC8iK0NnNXBhWEZYYkdsSE4yWlhjRUppVFJEREFSaWtBeWdLTWdZQkFJQ3RQUVU=-w200-h112-p-df-rw,2025-11-27T02:04:48.913412
An Amazon Delivery Drone Accidentally Cut an Internet Cable,https://news.google.com/read/CBMijwFBVV95cUxPNURCQVMwSktOZGxMYkJ1UlpVTDllZXZFeWJzaklKMUhITmd0dlE5bUMzT09hWFMwQUhoamNyb3EwQWpNZnhqZzk4WGIweTdYY1pYTXJWLUY0YnlKM2MxM1otdk0xZEpOOGc4eEFKLW84ajdoSGZPR3JELXk2MUtyTDZnRDAta0hwbHliOXJVZw?hl=en-US&gl=US&ceid=US%3Aen,PCMag,6 hours ago,📦 Drone Delivery,https://news.google.com/api/attachments/CC8iK0NnNUdTVk0wWkVwSmNtdE9aWFpFVFJDZkF4amlCU2dLTWdhcGxKU3VNUWM=-w200-h112-p-df-rw,2025-11-27T02:04:48.913413
Michigan State University Researchers Help Document Spread of Agricultural Drones,https://news.google.com/read/CBMiuwFBVV95cUxOZFRNXy1pa2VXMzViWTZCM05Kb2JkMmRpWkY2U3NYTVFFYm5sMFpPdjVfcGNHUm9iV2w0UjZKc09SNHlpaHhCUzJ2REY1cmllOUZxbkJiVERUVjZQTHpzaW5pZDhFRUdKSks0dE1udDBGZVlmVWdHVVAyUkZPYndEb0EwanVtYUVZZ0lOUDliVjZQZHkwQVhGQTdmSnFaWnM5MGNKenUzQTNkWGtLVDNQSTY0WExrd3B2UXRJ?hl=en-US&gl=US&ceid=US%3Aen,DBusiness Magazine,9 hours ago,🚜 Agricultural Drones,https://news.google.com/api/attachments/CC8iK0NnNUhTMlpsVG5SaGRHbHVlV0pSVFJERUF4aW5CU2dLTWdZWlo1Z3BKZ2c=-w200-h112-p-df-rw,2025-11-27T02:04:48.913415
"MSU Study: Drones Transform Farming Faster Than Any Tech, But U.S. Farmers Face Ban Deadline",https://news.google.com/read/CBMilAFBVV95cUxQb1VxRDIzWjRlWU5hNFBXMFJqbXdUUWc3RnY0NDlaemdRbzZscWFWMzdfVElkdTMxeHNOQ2xqRHJwM2ZDRl9SZE5kSVV0OGNfdTE5UUQxYlhFS1dZYnQ5NmVUbjJOSGdma3FvZm5YbGZWeUJNYnRhUXVra2gxS2daSDJBbkJyY1lGaGlCQy1ObW8yOFNt?hl=en-US&gl=US&ceid=US%3Aen,DroneXL.co,12 hours ago,🚜 Agricultural Drones,https://news.google.com/api/attachments/CC8iK0NnNXhUVkZMV1dWSVRXcDNjazVaVFJDZkF4ampCU2dLTWdhZEpKN05tUW8=-w200-h112-p-df-rw,2025-11-27T02:04:48.913417
"Transforming Agricultural Laboratories with Remote Sensing, Drones, and Soil Analyzers",https://news.google.com/read/CBMiuAFBVV95cUxPa2dreU1tRFVIY1QxRnZIRFNVTDkzdEhUWlpDcVBhMFc3U0tiNnFDZGVELW5qQ050aVBXNmRFcDdubUVZRGY4c19DU1QydE5vTTN3TjZ1dXR1dGg0c1BqRm12Mno5N3ZzUGpiWVBxZUlUVkFITjRvWmY1UGRMQ0lmVXAwX1A1cVNfLW5MdGpZREZHRWdfOGZGVDAzUXF5akdfOTA0cTk0ZEl2Rk1ZYkg5YnVocDlYQTBM?hl=en-US&gl=US&ceid=US%3Aen,Lab Manager,5 hours ago,🚜 Agricultural Drones,https://news.google.com/api/attachments/CC8iK0NnNTNRazVvVm1kUk9FSjRObXBhVFJESUFSaVFBeWdLTWdhUlFZd01wUWc=-w200-h112-p-df-rw,2025-11-27T02:04:48.913418
MSU study: Drones are rapidly reshaping agriculture,https://news.google.com/read/CBMiiwFBVV95cUxNTlJTVFdkREV3Rm02Y2tvcTRuVDZQSWhrYWxveUZDaEpBMXRaYkpmRHpQZ2VUMzF5bzI2VnNtSktaVDhHdklITmY2ZHJsVmtzTUJCaHNxd1BaZ3BERC1OTDZoYUY1d0J2Nk56VVVYeUMtUmtVYU9IbXh2eVhxdTFuLXhjdm1DZE5QdXRN?hl=en-US&gl=US&ceid=US%3Aen,Michigan Farm News,20 hours ago,🚜 Agricultural Drones,https://news.google.com/api/attachments/CC8iK0NnNWlNVTlYYzJ0Q1puaHlOUzFCVFJDZkF4ampCU2dLTWdZWllwQnNKUWs=-w200-h112-p-df-rw,2025-11-27T02:04:48.913420
Drone pulls out stranded fisherman from rising floodwaters in Vietnam,https://news.google.com/read/CBMi-wFBVV95cUxNMHRWUkxjaXV0bWtVYVBHcklPWl82bE9ucTdGVlRvaGlPX1pQSnlmYjhtRXBLN2g3eEV0MEtvSGQxQ2FFcG1ibnNWSG1yU3FxLVh6XzV5NWs2VEtnVHpXTVNYS21YampmVHhfdElGY1ZKbUpwRlB0RENJWGx5TUNPLURTU2tfN01NX2dCVDRuZUNBNGs5M2JOd192cVpfNWR4SHBsTXdiZ2dQZzA3ZlUtU2ZIdjByMGhrQVhvV2JtbkVHbW1NRFFhUk1XbVBPbDFQSy10UTBIV1lYeEgyRW1jS3U2Z0oxMmRSbGlQUHZqS28xa3J4ZEpoQWVtNA?hl=en-US&gl=US&ceid=US%3Aen,MSN,30 minutes ago,🚜 Agricultural Drones,https://news.google.com/api/attachments/CC8iK0NnNVBlWEEzVUUxaFYxTnZVRTVCVFJDZkF4ampCU2dLTWdhTkVvN0dPZ2M=-w200-h112-p-df-rw,2025-11-27T02:04:48.913422
Houston-area drone-maker Hylio to launch new product as ban looms for Chinese competitor (VIDEO),https://news.google.com/read/CBMinwFBVV95cUxOc2IxSlNEeU1IdnlVQ2RhSHh5UU53WmI5amtKNlFVcEM4US1IVzZGMTNQRlJGSzU4ZzU0bW5qZVEwYmkxWFBxME4yNjA2UXdVdEdydnpJODNydk5aY1FDMmoyZG50YXZCSG43TEJ6MTFGUERmSWVhR3dnUTdzWEppbm5mNUNlR3FWbG16UnlqZDFZcHlVcTRSQkd6Z0JBVkU?hl=en-US&gl=US&ceid=US%3Aen,The Business Journals,12 hours ago,🚜 Agricultural Drones,https://news.google.com/api/attachments/CC8iK0NnNVZZVXhOWWtkMmNsUXdZVFJaVFJDZkF4ampCU2dLTWdhVk1aam9LUWc=-w200-h112-p-df-rw,2025-11-27T02:04:48.913424
"Precision Farming Dealer's Best of the Web: Nov. 26, 2025",https://news.google.com/read/CBMiqgFBVV95cUxQS1NQVWNHR0diMGE1Q0d5cGZEek1GMUhOM2FyOW1DclRIdW91QmNtMlJmbzZtaUEyekF2a0NCcER5NHBDRGo3SU5JRkpfaGFMYklvQXp3WVFibGZjYWd0ZmZ4STFrOXc2aWhUY1ZaX3lmYndodVcyQTlOLWxLVVVfYjNuenlBNEs3ZUpMR0I2bk1Yb3Bib19jb0tZUmEtdDRvaXoxMzBLTXdYZw?hl=en-US&gl=US&ceid=US%3Aen,Precision Farming Dealer,21 hours ago,🚜 Agricultural Drones,https://news.google.com/api/attachments/CC8iK0NnNU9MVk5UTlVwc2RrbEVPR1JWVFJDdkFSaThCU2dLTWdZRlU1cWxLZ2c=-w200-h112-p-df-rw,2025-11-27T02:04:48.913425
States look for clogs in the housing pipeline,https://news.google.com/read/CBMikwFBVV95cUxNYTd5YjFkRlZKcWdnTFEyMjFLdEVlVmhnN1VPaUlibGpwVnNMc0RURGlNOGVxbFNJUllIN2VlTmNvakhoTXJvSXlwUnVCVF9RTkJubjZhU19XYnpjVDhsRUJJbWtJRjdxSDZpdmJRODdoQ2lwWHhsSEdJbWlSRnFGdl9KMDJuVmdhQWpEMVB2V0V2TEk?hl=en-US&gl=US&ceid=US%3Aen,Federal Reserve Bank of Minneapolis,8 hours ago,📋 Drone Regulation,https://news.google.com/api/attachments/CC8iJ0NnNW9abnBOZEdWdmJ6Y3hUazVOVFJDZkF4ampCU2dLTWdNQm9BQQ=-w200-h112-p-df-rw,2025-11-27T02:04:48.913427
DJI Flip Black Friday Deal: Save $90 On This Revolutionary Compact Drone Before December 23 Deadline,https://news.google.com/read/CBMihAFBVV95cUxNQzVqWnJub05FVFd1dGZCb211N2ZseHpZcG1jSGdiZXlZU3dpM1o5X051aC14OWJUZTlQdWtqTnFuN1hIQnpoRkdSR2NYWHR5T1ZNWkdJYkdjTGpOMTA0SUdvaGVsTEVzdEFyM2ZoUGtuQ3ZNMlFjY3pFRjV0ZDV4Y05WREk?hl=en-US&gl=US&ceid=US%3Aen,DroneXL.co,8 hours ago,📋 Drone Regulation,https://news.google.com/api/attachments/CC8iK0NnNXhiRnBVZFRaaWJXYzNZbVIyVFJDZUF4amtCU2dLTWdhaG80aHNPUVU=-w200-h112-p-df-rw,2025-11-27T02:04:48.913429
Parity Emerges as a ‘First Mover’ in Hydrogen-Powered Aerial Drones,https://news.google.com/read/CBMiU0FVX3lxTE1hRTREaHJvd3dQYUJOTkpEbjNCdlRER3BIQ0R2UndEeVYtcHRwM1ZEa0tyY28tMjItOXJQUnhXYmVkYXo3MWV4aF9uMGMzV2RlSHBR?hl=en-US&gl=US&ceid=US%3Aen,매일경제,1 hour ago,📋 Drone Regulation,https://news.google.com/api/attachments/CC8iK0NnNDFNR1V5Wm04ME4xZEdaVWRXVFJDbUJSakVBeWdLTWdZdFJaVE9vUWs=-w200-h112-p-df-rw,2025-11-27T02:04:48.913431
Extending Mission Time: Skycorp's Hydrogen Drones for Defence Needs,https://news.google.com/read/CBMi0wFBVV95cUxQRDNPVFFqTENveUVfVDIyckJNY0RpaUtrbEdoNWxKTm54NmctWGVHNTBZNXdxZ0VYYUxETUN5S2xuOXBHYnE4Q2xPaGVZTDRVUWNtRVhNd2p6bkNDeU9yb0RTMlhwUzJPMEtxN1dId09ucDg1TjNodmw4S0kwdlRnVnhSWWljWENIVTdLTmg4SjlsSC1NTG5laHV2MWY3cjdwd2U4enVNNTFQT29LbGd6a1B2WTBsRFo5Vk9QdVVlaW96MHFwRjJSN0FOQ2tZcHBoMkdz?hl=en-US&gl=US&ceid=US%3Aen,Fuel Cells Works,11 hours ago,📋 Drone Regulation,https://news.google.com/api/attachments/CC8iK0NnNVhRbGRUUjAxaWJrWmpTVmxMVFJDSEF4aVBCaWdLTWdhdEZJU3VsUW8=-w200-h112-p-df-rw,2025-11-27T02:04:48.913432
"Afraid of crashing an expensive drone? Get 20% off the DJI Mini 3, an affordable launchpad for first-time aerial creatives",https://news.google.com/read/CBMixgFBVV95cUxOZmhaUEVRQ0tmX0N4OU12a2JjdElBN0R5Ul8tejhxcXcxRTlMc2VSOHpxdGRkb2xvdnhBeFZVWWNYZGd1enluU0JjTnU5dW52QnBnV3ZKaXhZNVBDUWlvSlhieGtfQ215eFNna1FDOTduX29hVXVQbVN3aWQ0WHpNV2Z6MzV4Yi1vclRJMUtpeDd4NUxYVEJoSVVfcjBnYUFQZldEcFlqeWc2Yzl1ck5za3RIVUppMHFnM01jVzdZOEI2WlF0Zmc?hl=en-US&gl=US&ceid=US%3Aen,Digital Camera World,10 hours ago,📋 Drone Regulation,https://news.google.com/api/attachments/CC8iK0NnNXZVSGhtWDNCM1VGTjRNSEJGVFJDZkF4ampCU2dLTWdZRlE0ampJZ2s=-w200-h112-p-df-rw,2025-11-27T02:04:48.913434
Can neighbour legally fly their drone over our property in France?,https://news.google.com/read/CBMitAFBVV95cUxQaHJHdVpvaFJZN2VXMjlLczdpMEMtUzZnRzhwOXY2d0hKSl9FRkxybTZDRENLYnRsdGtxVlQyNzhPelVqTXVMU1ZNN0F3ay1iY2xHMWRsZzR2ZHRVY3hyM0pmX2RxQnM2a1FHUEVSNGJjVDZPbk52TjFUZnU2dUthbzNDcWI2RFZObHZOQ0tyMEJES3BUX05HandoWDQydnNLa1Zoa0lISzJzM2ZQZGw3SEpjRXc?hl=en-US&gl=US&ceid=US%3Aen,The Connexion,19 hours ago,📋 Drone Regulation,https://news.google.com/api/attachments/CC8iK0NnNWhlalJ4T1doU1VVaEJWa2x1VFJDaUF4amRCU2dLTWdhQkFvQVVpUXc=-w200-h112-p-df-rw,2025-11-27T02:04:48.913436
Governor DeSantis aims to regulate dog breeders in Florida,https://news.google.com/read/CBMi8AFBVV95cUxNaUVHbk1fVld2NXU1Q0dVdTJQeUY1WEw5eUJDWUxFTDVGWVJmNGVEd0t6aXVyRzFYM3RyYUhLanJLT3c2NDZvdjhDOTE2SzE5YVVsSTg1dmZyYlZqOFpodjhZZFhXYWtTdDRxSlg1MTdKYzZnSE9uR2E4bTRPUnJGMTJRek9UU180S2FaZjN3N2F2bVZMZGZibVdBb2pwcGxFSDJCYVE5LXBVaDZUSFUxcm9iYmxqSmQxaGNfcEtKT1ZFRjBvN1cyVENzUDJHcnk4MzZWUlpwT0g0QS1kZVNoelRXa3FwcGZyUWNabHc5OEg?hl=en-US&gl=US&ceid=US%3Aen,WPEC,19 hours ago,📋 Drone Regulation,https://news.google.com/api/attachments/CC8iK0NnNVdiMTloWDFaTFZWTlllVmR0VFJDZkF4amlCU2dLTWdZeGM0NHhyUVk=-w200-h112-p-df-rw,2025-11-27T02:04:48.913437
NZ Launches World-First Aviation Sandbox Rule to Boost Innovation and Growth,https://news.google.com/read/CBMi0AFBVV95cUxOVzFXZGJDVWlDZHhadUdlU0VjWU5Oak9lTnVpRFh3MGwxczRpZU9FOGlYNUk5T0JVMXhDRi1NVnAyVVlISzNhY3VUa1hYQmZGTmoyU25MTnVLMEZRRFV6dFdEbnp0U1Vrd0p3OF84NldKNUxWby1yMGo1NGtDV0FxUUlVMHJWSXJFd3ZGQUQxUHlIUlZmcG1TR1kwU29LS3FHQkZuOS1xMElCWVNiYVVWTzljdlZMRGpsVGlNM1RHWnhOc3VuVlAyZWlOX25PYU150gHQAUFVX3lxTE5XMVdkYkNVaUNkeFp1R2VTRWNZTk5qT2VOdWlEWHcwbDFzNGllT0U4aVg1STlPQlUxeENGLU1WcDJVWUhLM2FjdVRrWFhCZkZOajJTbkxOdUswRlFEVXp0V0RuenRTVWt3Snc4Xzg2V0o1TFZvLXIwajU0a0NXQXFRSVUwclZJckV3dkZBRDFQeUhSVmZwbVNHWTBTb0tLcUdCRm45LXEwSUJZU2JhVVZPOWN2VkxEamxUaU0zVEdaeE5zdW5WUDJlaU5fbk9hTXk?hl=en-US&gl=US&ceid=US%3Aen,Devdiscourse,11 hours ago,📋 Drone Regulation,https://news.google.com/api/attachments/CC8iK0NnNUVhRmg0ZUVwRFVrOUlaRmRPVFJDcUJCaXFCQ2dLTWdZQklZVG0wQUk=-w200-h112-p-df-rw,2025-11-27T02:04:48.913439
NZ Government loosens regulations on aerospace development,https://news.google.com/read/CBMiowFBVV95cUxNNWRNVmwxTkdFcTJraW5RVllMV3p5M1kzbkdISzVQM0VFZ3FpQXFpTmRBaGt2bW85dUcwU21vOWtGTzNrTzcwdmhZVmR0dnVyMC1OWnFWNlJtU2hvM1JUVG1jOTUwR1lpWXR3X2dUUG1jMG8tOEJqdmpDZ0dlWWdfS2FFYXBMOU5oWmpTTzBuU1JKT3dsdlZzd1JRNzFYeFpPX2Fr?hl=en-US&gl=US&ceid=US%3Aen,Australian Aviation,47 minutes ago,📋 Drone Regulation,https://news.google.com/api/attachments/CC8iI0NnNXZMWE42ZWxRM1YwWXphVFJwVFJDZ0F4amhCU2dLTWdB=-w200-h112-p-df-rw,2025-11-27T02:04:48.913441
FAA investigating Amazon after Texas drone mishap,https://news.google.com/read/CBMikgFBVV95cUxPUjdKcFRuNUVjN1JvT1BKMnZhdzFXekxzUmV6dUY5REIxLVpNY2FNRzVobWNOY2p4OWpOc2RJUmJwNWhITUEzMTVrczhzd3c1b0l6aG13bnpEa1Y0WEJMRW82MmFJMlROMFBhZVM2QUluZUlaVlhMb1FYNkdkNDNpTDNKSEx0TURVTHdOTWpvLWRBQdIBlwFBVV95cUxOZTFPZFc1V0hKV0pCZGt6Y0p6ZTVjY09oOEdlc2JJWUgzYVpPU1NXdTFhRVd3aDNCM0NaRHFISG5Ic0tpbHBxNS1rMlUtaTNLd3I4eUJPZG9EOEdzWVRNcW0xS2pDbVRFZVljYzVqTnZvYi1UMER6dExUSTQ3bkQ5aHNCdkF0Y3RXOXNTZTJsV2E1ekNoUWRr?hl=en-US&gl=US&ceid=US%3Aen,The Hill,9 hours ago,📋 FAA Drone,https://news.google.com/api/attachments/CC8iK0NnNDBORkJRTkY5blVsWnRlVVJJVFJDZkF4ampCU2dLTWdhUllaUUpyUWM=-w200-h112-p-df-rw,2025-11-27T02:04:48.913442
Amazon Faces Second FAA Probe After Waco Drone Clips Internet Cable,https://news.google.com/read/CBMigwFBVV95cUxNVVdXbmNlajQ2MkIydUh0Z3ByVDFCQ2VERVE0VlVjVnh0ZWhwMDlueUNjYlNJakNKQlhZQ1hxREhGU0dMR3Y5d0t6TGFvbjFySzVwWUdwQ2RlZV85ZVZIZ04tbHc3UklqNVJvOVZmOUVPSVVPR21CNXczeWgzbjNSekE3MA?hl=en-US&gl=US&ceid=US%3Aen,DroneXL.co,13 hours ago,📋 FAA Drone,https://news.google.com/api/attachments/CC8iK0NnNXdVbWQwTlZKemNpMVpiSEpZVFJDZkF4ampCU2dLTWdZQkpKQUVKd2M=-w200-h112-p-df-rw,2025-11-27T02:04:48.913444
FAA Probes Amazon After MK30 Drone Snags Internet Wire in Texas,https://news.google.com/read/CBMiwgFBVV95cUxQTTBZZG5McmxDNzJDN2NuQW1xVXpScnJfaUxLMkV1UnFTSDBkNlNvRG9MdDdNcUJld1BSbzFFRjZUV3NmeVBvUXlCV0RWYkVLWHphUFl1bk1vSE1FeFFpZVNhTEstYlg1cWJIQzZKME1EckgtckZyTnc2bDVMUUY1MUlOcElLYjFGcFBFNHB2d0hBYkYyLWItcUNXbGlpbnhyVjRhQWdXSUpPczVWRHk1T1pqN05LSUVsZ0c0MVRqRko1QQ?hl=en-US&gl=US&ceid=US%3Aen,Sourcing Journal,9 hours ago,📋 FAA Drone,https://news.google.com/api/attachments/CC8iK0NnNVZhVmRzWVhJd1RqWkJjV3BUVFJDZkF4ampCU2dLTWdZZEJZZ0xHZ2M=-w200-h112-p-df-rw,2025-11-27T02:04:48.913446
FAA investigating Amazon after drone cuts internet cable,https://news.google.com/read/CBMipgFBVV95cUxPVTRRS0ZpbXZQV1dnZ2dlZmt1MHVuaWhwSXFHNndZSGZ2bmg1T1FZQUNZUk5pZFJ2eUpfQWMwZk5kd1Zjbk00YzlEN0JFTEFHWVNvSy1tMkZlcmtsRURtNTVmbjdVRUg5bHk2bkEyWEw5amhqcktfM1c4Q1F4R1dYOXhvV1N5OVVaVkdRRzhuaGdNX1Z6VUFUNHllVWk3STUwcDdkSTln?hl=en-US&gl=US&ceid=US%3Aen,Washington Examiner,2 hours ago,📋 FAA Drone,https://news.google.com/api/attachments/CC8iI0NnNUNhREV3U3pOQ1ZHRnhPWEI1VFJESkF4aWVCU2dLTWdB=-w200-h112-p-df-rw,2025-11-27T02:04:48.913447
Russian FPV drone injures elderly woman in Zaporizhzhia Oblast,https://news.google.com/read/CBMijAFBVV95cUxPcm5OVWxlR1NNeHJ4U0RtSlZYemFWdkRkR2t5UEdHX1JHM2c2Tk53ZmlZSVNRbEZ6MTVfd1hxdGtkdmExQzBSYmVQeVJmWFR0c09FaDctN2RkX2pFblE1a3pQVVNWMGFnRlkxR2RPNTZLMlEwaDB6YjhnQ3ZrUjYwUXhiSmJpZmVEZ0tVbA?hl=en-US&gl=US&ceid=US%3Aen,Yahoo,7 hours ago,🎮 FPV Drones,https://news.google.com/api/attachments/CC8iK0NnNW9jRnBuZVhWcVRrbFBUWFpqVFJDZUF4amtCU2dLTWdhaGs1UnNOUWM=-w200-h112-p-df-rw,2025-11-27T02:04:48.913449
"Russian media claimed Mala Tokmachka ""secured forever."" Ukrainian FPV drones destroyed entire column hours later",https://news.google.com/read/CBMi4wFBVV95cUxNNVZtYnNYR0tObWgxOVVGZTRKaGlFSmVXbjNIeXg3TjFEY29OSzVDaXlPUzU1MzdwemhZTjZwaTQ3LWRjUllMTG11dFpMNFQwUXdDOV9yWWVPcXdjaHlyMlh4VlN2OXhOQkhsUk1mdmhpeHo0VHpIOG5jM2J0QU5nWlpKS09kNHhZazRLQ044bXFMY0NNY2NINnllODZNZHYtY0xvWWxyZXlMMHQteXFFTTA2ZmtqZTJNNnFwa0wzc2hPNVBzT3M5bm5wMzlRR0EtN1ZOWlVVVjdxaFdQcmlZZk9MRQ?hl=en-US&gl=US&ceid=US%3Aen,Euromaidan Press,14 hours ago,🎮 FPV Drones,https://news.google.com/api/attachments/CC8iL0NnNVdRME5TWVcxUlowWlljVEZGVFJDd0F4akhCU2dLTWdrRklKRE9zYVllQkFN=-w200-h112-p-df-rw,2025-11-27T02:04:48.913451
"Ukrainian FPV Team Vaporizes Russia’s TOS-1A Thermobaric “Solntsepyok” on Lyman Front, Video",https://news.google.com/read/CBMizAFBVV95cUxOdTNHNWNmQ1laalY0SEJKVU44am9YNnFpZ2h1b3hOZlhCQWhmQjdISG1IX1JRVThHaDlfOWFsM2JtYTFzcVVWaFkzOElHT2RPd0FBRUVQVDhUMTZMbDRyeWQ1QThYRThtZFltNVczbldGb3dVOXcwclZFMlg2TzN5cmdWc19WRG9VTmx6elk3amVWNldTMFdRcG5ud0VrTTgzUkRLTXRyLW84aGhhanc0TGRWWTlfU2VEUFpKdFF3am15aXBYcDcwQkZHc1U?hl=en-US&gl=US&ceid=US%3Aen,UNITED24 Media,14 hours ago,🎮 FPV Drones,https://news.google.com/api/attachments/CC8iL0NnNHdiR041VTBoSWJ6SlpNVXBsVFJERUF4aW1CU2dLTWdrVlVZZ1F2U1NLS0FJ=-w200-h112-p-df-rw,2025-11-27T02:04:48.913452
Ukrainian FPV drone eliminated occupier who was playing dead. VIDEO,https://news.google.com/read/CBMimgFBVV95cUxOUDZibExfa1NEUzdlbzlsTVZDTmR5RXpjV0N5WF85QmVmR25IZm1YVlpvRkE3UjVDTFkyN2xFaWZPUDcwSkV5UHhYZzR3QllDdmE1a3U1TzdpYXctZ2JmMjRzQnluNm9HcWVTem41R2ZZcEtQSk5fdWU5TlZZd3RCN3pUbDFBVWkydGhMMkVuTl9iYkh5VUZScWZ3?hl=en-US&gl=US&ceid=US%3Aen,Цензор.НЕТ,6 hours ago,🎮 FPV Drones,https://news.google.com/api/attachments/CC8iK0NnNHliVkZRT1RWMmFsTnFaMFpUVFJERkFSal9BU2dCTWdhSjQ0aEhVZ00=-w200-h112-p-df-rw,2025-11-27T02:04:48.913454
FPV Pilots of Ukraine’s 63rd Mechanized Brigade Destroy Solntsepyok System in Lyman Area,https://news.google.com/read/CBMivAFBVV95cUxNN2hrcVJ4azBqS1lVdjFIdU51TEZxRnJrMkgyZFhLd1ZpQWF1YkJVWkZYRmhpZzhJUlpXMkY5Ukczb1R2ZGFEYXZjTjZsLTRHdi1YY2NrR05KaEROX2NhX0QyQm1kcnZQdVFGOWJ1aVMwUGUyeWtrUHhSNHJVeGhLRjRRdENTQVJoOENTWjBRdERBZlc5S3dHZ2prOEU3RFUzc2xmMXF0ek1mbUwxNVhfQnhsUEdMdi1tNDFQQg?hl=en-US&gl=US&ceid=US%3Aen,Мілітарний,8 hours ago,🎮 FPV Drones,https://news.google.com/api/attachments/CC8iK0NnNUxWRlJsT0ZFdFpYSmFaRlY2VFJEUEF4aVdCU2dLTWdhZGdZeHNzUVU=-w200-h112-p-df-rw,2025-11-27T02:04:48.913455
The DJI drone that most beginner pilots buy has fallen to an all-time low price,https://news.google.com/read/CBMitwFBVV95cUxNRlo5TDF4NzY4UDNabDZLbjRqdUtJTkpqcVYzLW5aa0ZTY25WbjFSTjZmaDlWQmlpb0RhRnczMjh0bEhrRmFNS0Z6ZnJ2eDlrYWhuVnJ3ZFhLbVF1NlBnTFNtS1paQ3ZCNHpIN1hDcFQzaHM5bE5QQ2hfNk1ScDNKM3FfcUUwaVVPNWVRZXJtaTZLeHRJNUx2NU5XUV8yS09GSkNPeXo1QVVkY1pvekkxNGNaZVJnZEk?hl=en-US&gl=US&ceid=US%3Aen,T3,7 hours ago,🎮 FPV Drones,https://news.google.com/api/attachments/CC8iK0NnNHpVbUV3VUd0MU1tWXdjR014VFJDZkF4ampCU2dLTWdhTllwU21LZ2M=-w200-h112-p-df-rw,2025-11-27T02:04:48.913457
Russian Molniya Drones Strike Zaporizhzhia with Night Vision Capability,https://news.google.com/read/CBMipwFBVV95cUxObFo0cllUNlFLZUlCbUNSWGdKbGFBQ21EaFFEWEVpbS10elZBcEJUZzZzLVRfTGQ5R1JZb3VFUWJpV2lOZVJpcVoyYWlSUGhFSmFGQk4xSENMa1hQRzVxRUJtYkpHYkx2a01ydXppSlJvQjRyVi1JeGUyT1lwQVVsYU80OWZhUnZDaDdMT0hDZ2d2UmhWUTBLbVhycnNka2o4MGNWVnlsa9IBpwFBVV95cUxObFo0cllUNlFLZUlCbUNSWGdKbGFBQ21EaFFEWEVpbS10elZBcEJUZzZzLVRfTGQ5R1JZb3VFUWJpV2lOZVJpcVoyYWlSUGhFSmFGQk4xSENMa1hQRzVxRUJtYkpHYkx2a01ydXppSlJvQjRyVi1JeGUyT1lwQVVsYU80OWZhUnZDaDdMT0hDZ2d2UmhWUTBLbVhycnNka2o4MGNWVnlsaw?hl=en-US&gl=US&ceid=US%3Aen,Букви,10 hours ago,🎮 FPV Drones,https://news.google.com/api/attachments/CC8iK0NnNXVRa0o0VG1oT1JFMVBNMUJwVFJDUUF4al9CU2dLTWdZVmc1SnFzUWM=-w200-h112-p-df-rw,2025-11-27T02:04:48.913459
Antigravity teases a time – now we know when the world of drones will change (and it's sooner than we expected),https://news.google.com/read/CBMi4gFBVV95cUxQMjlaem5JVUtRUlVJcnRMWlZRcEd0bEhJT0tRRTl0TUdOQkpPRFVYTkR6T0lJa0dVLUd4dXNoWUtfWXlWOGpORXhLY3AtRHhGVGdMaUEzRDVmeE01dUxTOV9ZUjA3UXBxT09zR0Q4aWloV25Md2ozUERNLURDbXZDV2JlcjcxeWJ4ZExMa0lTcVhPcTI0Y0VBTWk0X2VNX0tpVXhzRmluMXExeFlDZE9zSWoxb280aHY5TVVQRUxYR0hqajRCVWVwLXZqSmNEd0VHdGhGMEl5Y0tCN2NrZ3JXd2dR?hl=en-US&gl=US&ceid=US%3Aen,Digital Camera World,12 hours ago,🎮 FPV Drones,https://news.google.com/api/attachments/CC8iK0NnNUJjVFpyUWpkT05XcGtSMXBCVFJDZkF4ampCU2dLTWdZQmM0cXdwUWs=-w200-h112-p-df-rw,2025-11-27T02:04:48.913461
"‘One eye on the barrel, the other on the sky’: How police in Bannu are dealing with evolving militant tactics",https://news.google.com/read/CBMiTkFVX3lxTE1rX3R2RHp1MGVBUlh3X19GUWpUcHZOcG9oWGxUS0NHc3NId2RtUlBjMi1zRlFkSnFHdloxeG9JZkhEOVRRUlhrcm1JWmkxZw?hl=en-US&gl=US&ceid=US%3Aen,Dawn,23 hours ago,🚁 Quadcopters,https://news.google.com/api/attachments/CC8iK0NnNXhSV2d5V1RsYVVGbzBNWFUyVFJDdUFSaWlBaWdCTWdZQlVJaHpQQVE=-w200-h112-p-df-rw,2025-11-27T02:04:48.913463
"Situationer: ‘One eye on the barrel, the other on the sky’",https://news.google.com/read/CBMiTkFVX3lxTE51YzNXLVBkRm1ON2FkRmIzUEtoLVJ5NFVTX0YxalBhMHRaNEQzd1FKRno5SzRkbmtLTVpBN1lUbnhLSHI1b3BvUDc0aXB0d9IBTkFVX3lxTE51YzNXLVBkRm1ON2FkRmIzUEtoLVJ5NFVTX0YxalBhMHRaNEQzd1FKRno5SzRkbmtLTVpBN1lUbnhLSHI1b3BvUDc0aXB0dw?hl=en-US&gl=US&ceid=US%3Aen,Dawn,23 hours ago,🚁 Quadcopters,https://news.google.com/api/attachments/CC8iK0NnNDFhR1ZoTTNJNFpXTjBSM2RDVFJERkFSaUFBaWdCTWdZQlFJcG1yUVU=-w200-h112-p-df-rw,2025-11-27T02:04:48.913464
Political prisoner Kamran Ahmed hospitalised in third week of hunger strike,https://news.google.com/read/CBMid0FVX3lxTE1RTXZ6N2dqekFqZlJaWVJKc0I3SUpfay1jVXF1ZkxQbjV5a29mbXRSSzhrczFiXzFmRTVobTVjVzI0UEV4TE5oa3NLY2RMVXlqekZOOWpHNGY3QlNQeDhnR00tUVNaQUJrb0hHbHlaUkRxcjBrdXo4?hl=en-US&gl=US&ceid=US%3Aen,thecanary.co,12 hours ago,🚁 Quadcopters,https://news.google.com/api/attachments/CC8iK0NnNU1URWR6V2xGU1ozbFJPVTExVFJEZ0F4aUFCU2dLTWdZQk1JeHVxUWM=-w200-h112-p-df-rw,2025-11-27T02:04:48.913466
"Littelfuse Expands X4-Class Portfolio with 200 V, 480 A Ultra-Junction MOSFET in SMPD-X Package",https://news.google.com/read/CBMi1wFBVV95cUxNbk12R1RyQmN4V3VoZlpXQ2xLNWk3WFZ1NEJ3Qndmc3NubXRiZWVVTnhQR1B4Mi1paE9DcFdWS0ItOGc1Z3NGYTREdnZ3OUREVmRpYXdJSTlKeWxWbmMtZkVCVDlHX19XNFc0TTFWcENrQ3JiVU1Rcy04dkp5el9vUlR2Ul85dXhaa2M2XzFPTlo4WWNOZjBUTDAyYWdiZ01mek5lUXlOYVZaSS1OdkJ5ZzVsLTNkTGdGNnlodmhxWklMVlI0MlhsUnRVUG5mTjhyVW1fT2psMA?hl=en-US&gl=US&ceid=US%3Aen,Electronics Media,19 hours ago,🚁 VTOL Drones,https://news.google.com/api/attachments/CC8iL0NnNUdVMmhhU1hKelEycFhVamRpVFJDMUFoaTZBeWdLTWdtUllvem9wV2RFVGdF=-w200-h112-p-df-rw,2025-11-27T02:04:48.913468
UAE Arms Maker Says Homegrown Air Defenses Are Top Priority,https://news.google.com/read/CBMixgFBVV95cUxNOGJnVC02anpKYXhnMThSd2p4a3Y2RVNreWhaMFFObDA2VllCdDRjMy1yZm9vanRZTXVMUEdkeU1OdlRKWkhSYWpmd0c2amxCa0FFTFVmQjFZbW5XQjVBYUszUEZGWkw1cWN1b0NITEJIUWdKbW1FcWtrM2lFWDBHdmJJWHZvS2IzMXNKTlNaa3FZYjFDc3Q0YTM1SGdtVE1uNFhRMjFDRFBZZ3pRbHQ5RUhQRGlERVZaeDVVa0REMVdLajZrZGc?hl=en-US&gl=US&ceid=US%3Aen,Bloomberg.com,13 hours ago,🚁 VTOL Drones,https://news.google.com/api/attachments/CC8iK0NnNXVVbFY1YWxOTlRWZ3hZbE4zVFJERUF4aW1CU2dLTWdZQllJU2hOUU0=-w200-h112-p-df-rw,2025-11-27T02:04:48.913470
SA Army gearing up to receive new drones,https://news.google.com/read/CBMinAFBVV95cUxNQkhCQ1J6Sk5rQzFqVFEzLXk4ZHNOVkw4NDQxLWN4Ty11RkpXTngwdHdvNHlram4tbUZPQWxUeTI1ZHFLLXdSaGdseVZFNG5Ha09XTVpzc2ZZZy00ZGNycHdpQ0lNaXdOdUJpSlVadXktazRGUGJNcFgxM3A1U2lUWUs4R3pGSldCTFQyZ2ZwcWQ2aXhCUlZMVzlTSTY?hl=en-US&gl=US&ceid=US%3Aen,defenceWeb,16 hours ago,🚁 VTOL Drones,https://news.google.com/api/attachments/CC8iJ0NnNW1lRE5uVTFaVlJsZFFWMVJ3VFJEZ0F4ai1CQ2dLTWdNVm9SUQ=-w200-h112-p-df-rw,2025-11-27T02:04:48.913472
SA Army to boost border security with locally-made drones,https://news.google.com/read/CBMimwFBVV95cUxQNDRPamItU3RfRFIwNFFVaTJhTW5MRW5JV1VRaUxhZVQzLVFSUDg3LVRKZjRwbjU2MGJQSkhubF9MNFZnXzBIRDJGbTlIQ0N1bWcxWl90d2JyY25LUmNNNUR4Rk9lREl0MFpxTF9VTjlVZVNOc2JXdXpqWkRlWHFOTlFQVk5QU2Z4X2ZlRlFsUFgyZ2VmMXBfVWJEQQ?hl=en-US&gl=US&ceid=US%3Aen,The South African,7 hours ago,🚁 VTOL Drones,https://news.google.com/api/attachments/CC8iK0NnNUlVR1ZMVld0cFRYQldUalpsVFJERUF4aW1CU2dLTWdZVkk1NnRHUW8=-w200-h112-p-df-rw,2025-11-27T02:04:48.913473
Athena Security unveils new drone detection model,https://news.google.com/read/CBMif0FVX3lxTE1kNmlYamJKcHJSUXNpLTI2MmxlUno0TTJuX0JkS2RRb2JSX1JWRUxmcC0wS29kTlVhMUR3Wl84RnVhWmdFZFpfNHNKdUwydjFHRlJXYzBSUno1YUdwZktOU2pELXRESU90T2piMU5qUi05QTlrdm1xM1RlcjJ6bTQ?hl=en-US&gl=US&ceid=US%3Aen,Security Journal Americas,15 hours ago,👁️ Surveillance Drones,https://news.google.com/api/attachments/CC8iL0NnNWFOM1ZJYjBkVFQzTmhhekJRVFJDZkF4amlCU2dLTWdrRlVZYTJWT05ycHdJ=-w200-h112-p-df-rw,2025-11-27T02:04:48.913475
"26/11 terror attack anniversary: Maharashtra Police to draft drone-use policy for Mumbai, other key cities",https://news.google.com/read/CBMi5wFBVV95cUxPX2JCMEhEMDQtS0N0NlZJQTJfc3J5QXh1X1N4cXZBNjU3Uk1jLTdLVjhqN0VXWGlwSHJ5X0FIYmtSZHExN2N6bDlVSnR6ZmpDZHl4VGNaQkJDMURCclFRSF80UlE4RHdoNFBjcTg5eDhvRTk3YVV6TlU5bzNKbmVsVDd0cGZvV2VuVnQ0U0oyOXRUVmZMeHlsb2ZVZzB0VHBNOEYwVFdYeE12VlFGYkYxaTNOV3J6YUJtTmlkcWtXbzlLNVB0eUxLY2NadWllS1prMnlqWVp2VjZGMDBodFliLVNUZ2E0aHM?hl=en-US&gl=US&ceid=US%3Aen,MSN,6 hours ago,👁️ Surveillance Drones,"https://encrypted-tbn2.gstatic.com/faviconV2?url=https://www.msn.com&client=NEWS_360&size=96&type=FAVICON&fallback_opts=TYPE,SIZE,URL",2025-11-27T02:04:48.913477
Kraken to Develop Stealthy Naval Drones for US Special Operations,https://news.google.com/read/CBMingFBVV95cUxQcG9HZ2NoWENnNHhCeDV3ZXhSMmpscUR3Ym5kSUlteVZOOC1ERmV2dEtPb3pzTXgyVTFKRGF6TlZSWlVtY01zSjdfMElfeGxDVGJuczlTLWlPaXV1R0l3YWVUOEQyN3ZnNC1WUmtJajNFS2NpQTRUU2did3pfdFBtZTVxTW5vWG9PSTB3djEwVzNMOTRlaXlGblhwRVZodw?hl=en-US&gl=US&ceid=US%3Aen,Мілітарний,11 hours ago,👁️ Surveillance Drones,https://news.google.com/api/attachments/CC8iJ0NnNVFVM1pUVVdWWlIyUTVUbDkyVFJDZEF4am1CU2dLTWdPRm9SSQ=-w200-h112-p-df-rw,2025-11-27T02:04:48.913479
Coast Guard Enhances Drug Smuggling Surveillance with Advanced Drone Technology,https://news.google.com/read/CBMieEFVX3lxTE9wV0tUSEJyYmZNUlp4M1lXc05RNHYzN092RlFsUm1qQWtSZXhJQTkwRGktZ0tFbWtRRVB2YVo0ZG5yc3FfeGpqZVFmQ3JzYXB6Qk1FVDNpcHFqbzNqNmNBVlhjeG9hZEhOZUk1czBuYlBYM1hSdS05WQ?hl=en-US&gl=US&ceid=US%3Aen,DEFCROS News,19 hours ago,👁️ Surveillance Drones,https://news.google.com/api/attachments/CC8iK0NnNUlTMHhrZUZRMFJFOURZa2RSVFJERUF4aW1CU2dLTWdhQmc0aXR5UVE=-w200-h112-p-df-rw,2025-11-27T02:04:48.913481
Underwater Drone Market Size Projected to Reach USD 27.51,https://news.google.com/read/CBMimAFBVV95cUxNeTBHQ2Nmc3NHT0tEWE1LRUNKVlJ5cl9ScDZVTFZ2b2pqTjQ3aFBfbTd2ak56azZZODhCZ1ZfOVFsV3RGWEtraVMxeGtMX2pCM3dFdlVuMVNXUktPVlcyMUxoVFBVbzh3Z0o4Zi1BUzFvZVBubmxjanBDWnJJM0dPNWVXUUVFaVBJZ2kwdHNtVWdNUFU0WFlMZQ?hl=en-US&gl=US&ceid=US%3Aen,openPR.com,14 hours ago,👁️ Surveillance Drones,https://news.google.com/api/attachments/CC8iK0NnNXdWak16VW5oQlUybDVOMGxLVFJEdkF4anJCQ2dLTWdhaEE0aHVCUVE=-w200-h112-p-df-rw,2025-11-27T02:04:48.913483
Another US Navy Salvage Operation Is Underway in the Western Pacific,https://news.google.com/read/CBMirwFBVV95cUxNamN6cWg3cU9ESUZ0c3dTTFR0YUVJM0Y4WVNScjNtWE1samJaZHVHeEdqSElzcjFLenNZRnV6M09BY1JpZnd6Z3JnS29LWlFvcTlWc0dqTnN3N2prV2p3eUl1NDNYNlJNYTdCNnBCZDkzdThaVTh5X21DRkpPQjhJa3dkbW9hdmpvYkJxRU1ZMzJFVEV3VXNzQnBWVTNkZ2U0N2JQN2kwOHhtX2VlQlRz?hl=en-US&gl=US&ceid=US%3Aen,nationalinterest.org,6 hours ago,🇺🇸 Reaper Drone,https://news.google.com/api/attachments/CC8iK0NnNDRVRXRFZUZGUlgzaG1MWG81VFJDZkF4ampCU2dLTWdhZGRaTHNyUVk=-w200-h112-p-df-rw,2025-11-27T02:04:48.913485
US Air Force Reaper drone crashes off South Korea,https://news.google.com/read/CBMiogFBVV95cUxPRFJpdHNNT0dRM2E5MXpwSHlGSE5GMEw3MzNtamt0SnJtMkc3anVKMGd5bFgzaXJvcUlKX0tSNTY0bDBKU21XM2JDVnp1Zmw4a2otNWF6Q3pybEFSMkdTa0prTjEySWtnV2xwS1NteHRWallxMVpZa2hWdTlhY3AwVHlfcnU0amRVbm5heXN5QVZGc3QwRWFHSW1BSjdoWW9meWc?hl=en-US&gl=US&ceid=US%3Aen,WION,10 hours ago,🇺🇸 Reaper Drone,https://news.google.com/api/attachments/CC8iL0NnNXpOSGRWVUdaRWRXSndielI0VFJDUUF4aThCU2dLTWdrQkFaYUdEU2xWNUFJ=-w200-h112-p-df-rw,2025-11-27T02:04:48.913486
FLASH INFO: U.S. Carrier Strike Group Adds MQ-9 Drones to Caribbean Buildup as Venezuela Tensions Rise,https://news.google.com/read/CBMi4gFBVV95cUxOQmFuOGNwNWdQMXVlX1k0LUI4TFNtM3NHRldpeEF1cFBPcjF5b01XUkM4cTNJanAwQlZDUGVGdGotSjBvcHM3WTlVY25xRWx6em9aanpkb2lhY2FtMUxUX1VwV2VjdDJxR3RKSkU2RmxlaEdYNVUzZ3VHZTVTU1ZOaWdxeVNCdHpuTUwzSkN6MUlRWTY0U0tVSWxDUnVXTmhjSjNneDYzUmVGSUx3R2Fwb1BlVk1XWEJabDVocVJpMXBhejhCNGpjYjBXSkozdVNGYTZIMmtvMlVzX1lBdk1QMUh3?hl=en-US&gl=US&ceid=US%3Aen,Army Recognition,5 hours ago,🇺🇸 Reaper Drone,https://news.google.com/api/attachments/CC8iK0NnNXVZamxXY1VSM1RtZDNTakpIVFJDN0F4aTBCU2dLTWdhUmRZeG52Z1E=-w200-h112-p-df-rw,2025-11-27T02:04:48.913488
Abducted Nigerian schoolgirls rescued China sends spacecraft to stranded crew 4 more arrested in Paris Louvre heist US searching for drone near S. Korea,https://news.google.com/read/CBMinwFBVV95cUxNUVA0ZWdCT01kdkNIeVdVdkdqdktvNFpmM003ZmtOaXZyZ1pZbjZEYTRzbnNhb0d6ZkVMQm9EWmpvZlgzTjVlTmhrSXJyU29TT1BrN3ZKRUFoc1E0c1RaUEJyOVl1OG56SFg3aG91dEhoRERwQWptMmpmdHF4dmgwVEtMZ19jcWozdlBueWdtYktUWmR0VVRPclJtdk9panM?hl=en-US&gl=US&ceid=US%3Aen,The Arkansas Democrat-Gazette,17 hours ago,🇺🇸 Reaper Drone,https://news.google.com/api/attachments/CC8iK0NnNVJjWE53VkVVd1dYTTNZVlZUVFJEd0FSakFBaWdLTWdZQlFaSVJtUWs=-w200-h112-p-df-rw,2025-11-27T02:04:48.913489
Amentum stock price target raised to $35 from $30 at Citizens on strong results,https://news.google.com/read/CBMi3gFBVV95cUxQMWhXNzRVSTVyS2tPa1NLeE93alNZSlNUQnJVWDVQM0h2M2xNMVB3ODZkMWw2RjVDdUdKZ01FNVJTV1NfRDBHOElhU1UzRS1jRlczaVZqZVhNMkNaYkxfTFVTbEc5X2FudlMwMmRPRVRidFE1Q01sSUVna2NVNW1hUng1T3BRcFdvNThhMEFOeHBkbXpCV1paNUxPNDAyeWo2TjYtdmVESFVUeXI1bjVteGpGSEJ5TTI1YXBOYUk4b2F2OUlwMTZqSHhvNUVHV1p3UzlxZzVoZTlEX1FDMmc?hl=en-US&gl=US&ceid=US%3Aen,Investing.com,15 hours ago,🇺🇸 Reaper Drone,"https://encrypted-tbn1.gstatic.com/faviconV2?url=https://m.investing.com&client=NEWS_360&size=96&type=FAVICON&fallback_opts=TYPE,SIZE,URL",2025-11-27T02:04:48.913491
Morgan Stanley upgrades Amentum stock to Equalweight on nuclear potential By Investing.com,https://news.google.com/read/CBMi3AFBVV95cUxQSWg4bFdiaWZfTjZRUGFKR2Q4X3E2VnQtSTFWeTJYcTZwNUpjNXFDYm9vcnFCVmpvdHNQa2xBcW5WVUxHOVQ2OW0tRU4tNm9neEF0MC1JR2pxaENGU2FBNGcwVElkNEdWcFF6YzVsWkNSdkhKdkthU3AzRUFxOFBybDRPb0ROeFp2aWVKcXlpdEIxQW5QX25FV0MxLVdSRUo5MnFvNlBEdmE1ZjNoX3VvS21Nc0xIOWF5UWdGQkZ2ajNtWGlRMUk4MWhFYUFXbFA4X1hGWl8yRmxKWE9j?hl=en-US&gl=US&ceid=US%3Aen,Investing.com UK,16 hours ago,🇺🇸 Reaper Drone,"https://encrypted-tbn3.gstatic.com/faviconV2?url=https://m.uk.investing.com&client=NEWS_360&size=96&type=FAVICON&fallback_opts=TYPE,SIZE,URL",2025-11-27T02:04:48.913493
"Hundreds March in Mexico City, Demand an End to Violence Against Women",https://news.google.com/read/CBMivAFBVV95cUxQZTJ2QTU2RmlHa3lZaE5UR29uOXNyT3lDUE5aUDFfdkk5SGNuMHBVaG5pUjkzanQ0U2pLemhkTTdKZnRhOGl3c0tXeXpXX19EcUxiUnJXTjg4WXdmM1hRaTYyV25aMUJfZHkzSE82Z1JPX2tndDU1QVR6QTl3SXcxa0N2VEFTa1VfWWJibjhaR2l4LVJleEozV2o3dXEtMDEwX2JGTFdZSXVibDdhZENFd3Z4RlR2TC1OUTBTVA?hl=en-US&gl=US&ceid=US%3Aen,WION,22 hours ago,🇺🇸 Reaper Drone,https://news.google.com/api/attachments/CC8iJ0NnNVFZWFpoT1dveVNrUTNXRlZaVFJDUUF4aThCU2dLTWdNQkpBWQ=-w200-h112-p-df-rw,2025-11-27T02:04:48.913494
A DJI drone ban looks increasingly likely. Here's what we know.,https://news.google.com/read/CBMibkFVX3lxTE9jY3Y0VUNyaF9HNzRZVkVxLXRSOEtrYTFNaFpjQTNyOHpsUWhjbmo4V1p0SlFmSEU4dHktS1d3M1lkVUNLazJBY1hMLW43YWZIdC1MYm1relBLVVV2bnItQ0FNZ205RkJJZXVONUZB?hl=en-US&gl=US&ceid=US%3Aen,Mashable,3 hours ago,🇨🇳 DJI,https://news.google.com/api/attachments/CC8iL0NnNVdWMWRDU2pGamFqQXliRkpEVFJDZkF4ampCU2dLTWdtWlVvd3l3V1NLWndJ=-w200-h112-p-df-rw,2025-11-27T02:04:48.913496
What Does the DJI Drone Ban Mean for Us?,https://news.google.com/read/CBMipgFBVV95cUxPVVVheEF2eXQwWEQ3X3VTVkhhWE5GWVg2UGJKZlFaS3JUUVZFSkxNTTlhZWtXYnZBNHdKc09VWVp0WEM5Ny1rQjRYSW4zU1NuVnIzZEt3VTZqUmlaNHktd3ZLY3htbnhfZUpVaU9KWUdFQS1CcUhMLWZKSmFwYkpJUUpQdC1xeXd1aW9OUjI5bjVGeWppV2w3Wm5nelFKT25zalc2cGJ3?hl=en-US&gl=US&ceid=US%3Aen,radioworld.com,7 hours ago,🇨🇳 DJI,https://news.google.com/api/attachments/CC8iK0NnNTBkazgzTVROU2FXZzNibDlmVFJDT0JCakhCQ2dLTWdZcEk0aVBsUW8=-w200-h112-p-df-rw,2025-11-27T02:04:48.913498
The DJI Neo drone is on sale for $159 in this Black Friday deal,https://news.google.com/read/CBMirAFBVV95cUxQWEdqNkt6d2xUM1FNM2JRZzVzQUxkdUFCY3RCa2psWk02cTNMVkJtX3owYlBjcWFCa2p5MGZFQmEtVjlYWWhnVnNPcFo4cmNFbTRMbC1GZVRjOUxSU2I2em9ISGYxeVBvRHdjM2M0NkZqWTlrZkI3bmlxMGVIdGJGSm9RLUgzNHVOZVVfZDhyZnZUVFVuVDg1R2JZbVFDNjMtZmduNENLU2ZIUS1P?hl=en-US&gl=US&ceid=US%3Aen,Engadget,13 minutes ago,🇨🇳 DJI,https://news.google.com/api/attachments/CC8iK0NnNUxRbVJwY0hGUFluaGhhM1JuVFJDZUF4amtCU2dLTWdhcGRKYk5MUWc=-w200-h112-p-df-rw,2025-11-27T02:04:48.913499
5 Black Friday drone deals still live,https://news.google.com/read/CBMieEFVX3lxTE9zRURzNnlqYlFqbU1LejYyOUdOU2l2ZVNPQ0VnWHY3RFZBZnRTbFFJLVBvS0o0bG9HWk0wM1NldlBxNjNkanRVcmhNSzk1YUVkOWNMcFAxSEdIZHFnMXNlSU9kSnhodWhkNGpPVlp6Mmt2MkdST1FxYg?hl=en-US&gl=US&ceid=US%3Aen,DroneDJ,2 hours ago,🇨🇳 DJI,https://news.google.com/api/attachments/CC8iL0NnNVpiWE5sVVRKS01tOUlObDlKVFJDaEF4amZCU2dLTWdtQmNZN1JyR2Q1Y0FF=-w200-h112-p-df-rw,2025-11-27T02:04:48.913501
"The best Black Friday drone deals: Take to the skies with DJI and other flyers, starting at just $29",https://news.google.com/read/CBMi4wFBVV95cUxNRkwybEt1QXdab0NkU2xUdlItaVlWaElRc1FFUjJISVAxaE9Ud0ZUalNtNlMwRmVZdXJrZTkwT0ZKZGpyRk9Tb3VXa2NRaEdDM0wycEpSN0lzMjgwR1VTcUpoVlRLMXZwWGVFVUVhNVZHdlZIdnBIem5kVTB3ZHM1OUg1anlkUjVUVVcyRC1HUTMwWTdhOFRkZlNUZXRUV1dYeHZSNkQtaFd1blQwTGM0WTlqN3JLSkhJNTh3LWtOYWZWTjZkM3ZPYzlhMmJCT1FZUDR3cTJDYXVKMjlDUC16YkNuRQ?hl=en-US&gl=US&ceid=US%3Aen,Yahoo! Tech,7 hours ago,🇨🇳 DJI,https://news.google.com/api/attachments/CC8iK0NnNURPV3A2UmpnNFlWZHJOWE50VFJDZkF4ampCU2dLTWdZUmM1S3RzUVk=-w200-h112-p-df-rw,2025-11-27T02:04:48.913503
"DJI Drones Black Friday Deals On Amazon: Mini 3, Neo, Mini 4K, Flip",https://news.google.com/read/CBMif0FVX3lxTE1CaUg5U3ZoeVZtclVySVNvVnFJVlViS3RjTWl5OVFLekZ5Ny1oYTItUGZ5d1JoTTNwdlpxNEh6bjFxbmZpTFlsUmotUXdFMWt4blJEaDlueUVHNm44bWJpdTF5dGxrcG1zYU16bVZKSTNnOHd3QkRfWUlYdW1XN0E?hl=en-US&gl=US&ceid=US%3Aen,Y.M.Cinema Magazine,14 hours ago,🇨🇳 DJI,https://news.google.com/api/attachments/CC8iK0NnNVJaREF6UmtkNlRXWTNiR3QyVFJDZkF4ampCU2dLTWdZUm9vb0h0UVU=-w200-h112-p-df-rw,2025-11-27T02:04:48.913504
The best Black Friday DJI drone deal is now live for everyone — score the best-ever price on the DJI Mini 4K,https://news.google.com/read/CBMieEFVX3lxTFBzd1M3TENvYlFQUW9kOHpJTmRmcEJOa1lyMGJtdkFhdUFfbEhnQ2tjd0pZRzRNb3Ytb00wckwtOXltWV9rU3h4QnpKb0lZWEZZaGxiS2RIQzRtUDVFOGJIdkVkeXZxZFNoRWpUMTRpbUhRWjF1Nzl0MA?hl=en-US&gl=US&ceid=US%3Aen,Mashable,2 hours ago,🇨🇳 DJI,https://news.google.com/api/attachments/CC8iK0NnNXhNek16ZEVkVFREQnlibkl0VFJDZkF4ampCU2dLTWdZWklZcVhGQXM=-w200-h112-p-df-rw,2025-11-27T02:04:48.913506
General Atomics confirms talks with Saudi Arabia for up to 130 MQ-9B drones,https://news.google.com/read/CBMixwFBVV95cUxQV2c2dXFhRExYMDRxNHlxc2RDbGZNak5ZWDh2bHFCUGFrRzFHa24xZFkxaGVCUTAtMDYzRHRWLWxfblpJX0RLSnk2bDFEeDI5bmZLQ25PNTh2cVgyQUktWHFwTWdzR0NPSmJuY3NkV1hHZTJRMHNzZXVESUpwVVFZUEJxNy03Y3l6YlJsS0JEVEdLeGY4SEJIT1JQaDNRMFVyS3Z1WjJQckVyZzhyYk9UN3E1dV84dFVZallXMDB3SFItdEJTSkZZ?hl=en-US&gl=US&ceid=US%3Aen,Army Recognition,10 hours ago,🇺🇸 General Atomics,https://news.google.com/api/attachments/CC8iK0NnNU9ha0ZEY1doRWNrdDNhMDlsVFJERUF4aW1CU2dLTWdZQmtKWkx1UWM=-w200-h112-p-df-rw,2025-11-27T02:04:48.913508
shownews - General Atomics and Saab to test the AEW solution for the MQ-9B already in the summer,https://news.google.com/read/CBMivgFBVV95cUxOclFYckc4Yk5xMk5rb01Jb3oyQ2U2RWlVUFNJMVJhMkVqSWJlQllBZkNKNHN5S2RlVGZ0RHVIeHdoRF9GeTlDVE00Z3Q2R1BiYmZ1OFg4YXR1bDBlUVA5TEUwS2dJTDltd293bHhpMlU0X0YxQVcyLVlWOFFfYlpvMU84YU1ZR3Y5ejl0cEFSa0h4cWJYUm5YMmtDMXFDcDhOMHNWZk5odzZ3TEFBSkxBWXlHUUJiY0p0c21aUHFn?hl=en-US&gl=US&ceid=US%3Aen,FW-MAG Future Warfare Magazine,10 hours ago,🇺🇸 General Atomics,https://news.google.com/api/attachments/CC8iK0NnNUdOVmhZWjJWeVlUTkVWRE10VFJEVkFoaUtCU2dLTWdZSmNwSkxOUWM=-w200-h112-p-df-rw,2025-11-27T02:04:48.913521
Belgium to purchase €2.8 million in anti-drone guns from Australia’s DroneShield,https://news.google.com/read/CBMi1gFBVV95cUxOWWFFdVV4UnY4LUx4bEJMSVhwQzczQVBvam5mWHVFVmlWSzNzXy0yRnBCaHFwQmtIU2JrUFJPU1hWRWtwX0owdUJjZ3ExVnRZcHRQSjB3WnFydEtWTDdXdEYzVThHYnNrMGJBVW5FQzdwSWNhYzBpYVZoTHU5N1VMT3h2ZEhuM0tMa3ZqNkFMbDFFdEMyVWNFTE1Vd2pscmNMV3R3eXJNd1N0U3hxWFc2Wkhoa2FlM1FscjRWRlVibkVHNENDaE52cWU2UnFRRi1aam9qUHpn?hl=en-US&gl=US&ceid=US%3Aen,Aviation24.be,17 hours ago,🇺🇸 General Atomics,https://news.google.com/api/attachments/CC8iK0NnNVFRM1pwU1ZkZlozVk9PRWxPVFJERUF4aW1CU2dLTWdZQklJWXduUWM=-w200-h112-p-df-rw,2025-11-27T02:04:48.913523
How the US Army secretary became a key figure in Ukraine peace talks,https://news.google.com/read/CBMivwFBVV95cUxOWWNseUFLd1Axa2VIUm9ZWFdXQW9tMDEwejBaS3h0RnVYQy1MaVI2WC1BTU53aDB0aktvRU1aY0dEbWRMMHRTcnZsakJGaWc3OEVnMG1XNTRFdlI0NHR4NUN1bFZBcGZ6QmEybVpyWmtkT3JfMFBIRTdBb0hnTkN4OWRhd2l3QUFNWDdrVURDR3pFLVVHc3o2SmRUdHBQWHdoZjV3UGtxbVB5czRPdzlnYXFxTnVOc0R3eE5IRjJqbw?hl=en-US&gl=US&ceid=US%3Aen,Defense News,7 hours ago,📰 Defense News,https://news.google.com/api/attachments/CC8iL0NnNUJkak41TldsalNGWTFlVUpuVFJERUF4aW1CU2dLTWdtSlE1WlNIV3E1Q3dJ=-w200-h112-p-df-rw,2025-11-27T02:04:48.913525
Finland seeks to secure Arctic footprint in new defense strategy,https://news.google.com/read/CBMiugFBVV95cUxNT2NKa3BZYmR5WThqVUhSN3BVM3Y2enRKV0REQ2Y3VXNDRzFVOXZJNGV5ZXV3RzZQQUhXS0NzeVNGTHFwMjkzRVJyNE10SDA5Vk5KQUJfdlFKbnM0eUllbEpUYUYtZFNxaTVhQnZWNjF2WFAxV21mLXlfcEduR25kdldpZm9LcW01WDdWNmtJNVM5dmc0Y3FzNnBPNDgyOUJiUmZ0dXc3SU5JNm4ySWtxQWlibGpUaXlrcWc?hl=en-US&gl=US&ceid=US%3Aen,Defense News,10 hours ago,📰 Defense News,https://news.google.com/api/attachments/CC8iK0NnNDBPWE5oUlVSbVVteDJRbG8yVFJERUF4aW1CU2dLTWdZQmNJWm1OQVU=-w200-h112-p-df-rw,2025-11-27T02:04:48.913527
US Navy nixes Constellation frigate program after two ships half-built,https://news.google.com/read/CBMitwFBVV95cUxPaWpBZ2t6QmIwWGl6aEtiZ0o3NEdsS3ZCXzlQWTl2enBoWkFqTkxDU2JRZDdybzlvUTgyMVROVWtveUptOGFyNklWN0R0OV83MXAtWmN4aGRFNmJCa3JjQkswQlNMLU9VU182a0RnWS1oTXdRRFBnUDhsMUNkY1p3bzhyZmZBMlk5d3RjQVlSZWctRThsaWJ6enNBMzdEZ0VUY3ZteDJ4aFFRMmoyVEpRVFpaN2VLTUk?hl=en-US&gl=US&ceid=US%3Aen,Defense News,14 hours ago,📰 Defense News,https://news.google.com/api/attachments/CC8iK0NnNTNjR0owVXpOaGIxRmhWVm93VFJERUF4aW1CU2dLTWdZQllJYlNPQVE=-w200-h112-p-df-rw,2025-11-27T02:04:48.913528
Norway takes home top prize in multinational best sniper competition,https://news.google.com/read/CBMixgFBVV95cUxOanpteC1MRzd5SVgweS1JRlNkaVdKRkl5M2NsR18zdDJUYTJYY05WQzFfZ20zYUxrc0JKbEhxdTFSZ0djVkxtVG5waGZubS1wM0JsUUtRZmVPaklaTWlkbUMtVVpEcmhTeUIxdFdEVE9JQWJ0TXhoWFh1VzRlUEVEdkk5UHZWR3FCOVpYdDBxWVkzT2NvUTNEVGxIRnJTbk9CZ1cxbWd5bUwtNFlqaHZuSUUyQnlkeXpON3hZVjI0VU52d3VTZXc?hl=en-US&gl=US&ceid=US%3Aen,Defense News,53 minutes ago,📰 Defense News,https://news.google.com/api/attachments/CC8iMkNnNUVha1E0WW1SUExVaEdiemgxVFJERUF4aW1CU2dLTWdzRklaaU5sV3E1U0hxTHNR=-w200-h112-p-df-rw,2025-11-27T02:04:48.913530
Latest defence and security news,https://news.google.com/read/CBMiXkFVX3lxTE1NV2RKMWptVEl2dGJsRF9NelBvRFQxczZ3Y3FobnpYYVlQVk5CcEhBbEE1aXUxeUtzVllUeU9GaFAybkFxV2RRR3B4VW1oSk5tQTFXQmJqTVp3b3BFWXc?hl=en-US&gl=US&ceid=US%3Aen,Janes,"Jun 4, 2024",📰 Jane's Defence,"https://encrypted-tbn0.gstatic.com/faviconV2?url=https://www.janes.com&client=NEWS_360&size=96&type=FAVICON&fallback_opts=TYPE,SIZE,URL",2025-11-27T02:04:48.913532
The Army Bombers That Attacked the Japanese Fleet and Helped Turn the Tide at Midway,https://news.google.com/read/CBMi3AFBVV95cUxNdjhIaENZMkdqR1hfZUVVeXJjNmhtdGJCeE9Cd3BqUTdHdzNGWjBFb3p0OWFiVkM4dzlSMDhEcWVWaHd2RTUwYmpzeGVscjB1YS1LYXdfNzhpdEpwQWRaV0pTUHNtZjJxRlc4ejVJVm8zNG44VzJjalliTjctbUNvM01XRHEtX25NZ2VIb2VGZ3MwQW03cUo5RlF0QmpXZ2tPQl9vcV9xNzlLSmhvQ3VJbDhkN1hlLWo5LW9xeGxHeUNqWkxiQ0NNMXFEaE5OYS11ODVYMXduUEdiX1lY?hl=en-US&gl=US&ceid=US%3Aen,Military.com,14 hours ago,📰 Military.com,https://news.google.com/api/attachments/CC8iK0NnNUhSVVpoWDBOVWR6VnpNa0puVFJEOUFoanRCQ2dLTWdZQmNZU0FRd1k=-w200-h112-p-df-rw,2025-11-27T02:04:48.913534
The Debate Over ‘Illegal Orders’ Misses the One Group That Can’t Speak: Today’s Troops,https://news.google.com/read/CBMiuAFBVV95cUxQakthbG1CcDBpMTREbXJsNUd2QVBFLVRjV01VZ2Qydk8tYjh6RWlHN0V0Qld2ZWxDallRektZbHlQeG55ckJKZ2F6SndfeTQzblBqdnEtRFZ6c2NSVTNtbmJqV19kYzFzWnIyYnZwQlNQbm11RWlZX3ptb2F5TkFjQkJiTWUtTmF1a2FYdWx1YU9WX0MtYVdiSnByRXdwMXgxMTJGZ1QxR01tb3FYTDJaWEdOSEFramlM?hl=en-US&gl=US&ceid=US%3Aen,Military.com,9 hours ago,📰 Military.com,https://news.google.com/api/attachments/CC8iK0NnNURiSGxSYm5NNWRYTjNjbTV3VFJDZUF4anRCQ2dLTWdZQk1KeVNJQXM=-w200-h112-p-df-rw,2025-11-27T02:04:48.913536
Steve Bannon Says Mark Kelly is ‘Going to Prison’ For Controversial Remarks,https://news.google.com/read/CBMitgFBVV95cUxOMVJYaTBhNnBIZEJWTEhXemtpSWNVTFpzdWNZVnYyUnktUjNBS2FIYnZrbzEzWDcxZmlNTDIzbWJFQ2toS0M3aEZNTGpOM3lJWFAyUk5XWW55NnR0UUhMUl9TblJPRHpXWGFwU1BMbHhRcHp6OW5odVEzWVFjUkhqbnl0cUUyclZUQnh6WFBDYmM4QjlxM3FjRGphaHA3T2x1YVlEcDZqaDlhWWlENmJDT2hxZ3FIdw?hl=en-US&gl=US&ceid=US%3Aen,Military.com,5 hours ago,📰 Military.com,https://news.google.com/api/attachments/CC8iK0NnNVFSMjlMYzFCRU1tRmhWM1ZwVFJDZUF4anRCQ2dLTWdZdFZaQ3ZKUWc=-w200-h112-p-df-rw,2025-11-27T02:04:48.913537
"Two National Guard Members in Critical Condition After Shooting Near White House, AP Source Says",https://news.google.com/read/CBMi3AFBVV95cUxQQ2tWYkJYVG04WWl0STBLSVdpNWZkUTdRdVBpczdGaUpxcjUyMHBkQ0VqU2RmMXJGSFhoNGdFOTQ2Wk52b0J6OERqXzBNUHZ4cGZSM1VZVUl4RnlHaGdyTGFOWU1Gb0RVV1Z1eU8tQkhocnhMM3Nnb1lzay1Lem5yeGhYVXVHLXptZ3ZHZXowa3RBVDYwOUV5czFBMV9TaUpJbWVWSWtsRVJuY0NzU0x2MXhYd0p0Q0ZVUEllbFMycVZDRTRiMGJIYTZoSmJfeFFGM291bExBNTZwb1dh?hl=en-US&gl=US&ceid=US%3Aen,Military.com,5 hours ago,📰 Military.com,https://news.google.com/api/attachments/CC8iK0NnNU5RM0JoVlhkd1FuUmtkbFUwVFJDdkF4anRCQ2dLTWdZVms0eEpPUVU=-w200-h112-p-df-rw,2025-11-27T02:04:48.913539
"'Most Advanced Minds': How Military, MIT Are Pushing Boundaries",https://news.google.com/read/CBMivAFBVV95cUxORHc3R19ZLU1YU2pNbjIzbFRlbFkxRzZoS21TYXVwLXBtR3V0blladE1HT3hmQXRSZXg5bDdmWWo0SWhCckZ5WWFpX2VHQXh6LXAxQVpNWkRXcTE3bllhSDhYVVA3dm5xQ3ZCSFBYZXdVdXEzUE1nR0QxUmhib3dBaTdhZFU5T3ZLbHZka2x4dE02MnRqamd3ZklweE9lYUNVckJBSmVIUi1LOVJFNUlsVkRjMUI3ay1NajE4NQ?hl=en-US&gl=US&ceid=US%3Aen,Military.com,14 hours ago,📰 Military.com,https://news.google.com/api/attachments/CC8iK0NnNUZYMWc1VTBoWFpUWkRkSGxEVFJEU0F4anRCQ2dLTWdZaFZKQ1BLUWM=-w200-h112-p-df-rw,2025-11-27T02:04:48.913541
The Future of Soldier AR Isn’t a Single Headset,https://news.google.com/read/CBMikwFBVV95cUxQNjZPMktBYmEzN2xjT1ZpbnRUNHg2cExCX0FFM01WcDM3YzFTMkx0cVlxNzlqTmRHb1BRdXMzY3JzNXJGcE9vYVhlZ3kydEptVWxJX2hIMURkQmwwc1VBNjhtV2h2cXV5Rk5IaS1NMWlmejlnVEhoRFcyOEl5cFBsSG5xclNMcGwwSGtxeFdLVDlWVG8?hl=en-US&gl=US&ceid=US%3Aen,Military.com,14 hours ago,📰 Military.com,https://news.google.com/api/attachments/CC8iK0NnNDVYMnRHVW5FMk5YaFdMVmxYVFJDVkF4anRCQ2dLTWdhbElwU3VIUWc=-w200-h112-p-df-rw,2025-11-27T02:04:48.913542
US Army Secretary Takes Unlikely Role as Key Negotiator in Push to End Russia-Ukraine War,https://news.google.com/read/CBMizAFBVV95cUxNcElyaGJPOGtpckVsVDBybFlTSUpvdGF3bTRMSWQ4UFdrc2hBZ0ZTNGFSMWFhMGg4RlYwZC1pbHZGQkpEMG1HTDRsRlFadDhaSTRyVDlPd3dwTGZDSUkybk9KdHZ0cVlzSVl5T29hUE53cmNMS1ZmU2xoaHU4VEJBUk54Q0RfS1VzWWVUWkpDVlRVeHZ4cGpDeG9JLUlsUGJVQTBVTnVzdk1hSmtyMXBaTkotd1BacWY5Z2EwVE55NUdhV0J6U2FhVUVzeVM?hl=en-US&gl=US&ceid=US%3Aen,Military.com,12 hours ago,📰 Military.com,https://news.google.com/api/attachments/CC8iL0NnNVJYMHd6VjBaUllrcFRURVZyVFJDZUF4anRCQ2dLTWdtSlE1WlNIV3E1Q3dJ=-w200-h112-p-df-rw,2025-11-27T02:04:48.913544
Russian Fingerprints Found on US-Ukraine Peace Plan,https://news.google.com/read/CBMirwFBVV95cUxOdHFUdEo0cUJZLVgyWkstOEhaelNDdlRrcVhrMGs3MGoxLWIwenNkeGR0NVRYdDV4cU5KMk85RHp5R1hJYy1ldEdPLVN1VVVkMnl4Y1huMHY3VXBHWk5idGhYRTEyWlVFanZFRHZsVzFMMDlScjJTNWZPblZUandxRFhWZjVSb2p6YW51QVVSdWg4MU5QeGc1b0RzRzBobGFUQWlCSjFWMlhYd0JBN2tV?hl=en-US&gl=US&ceid=US%3Aen,Military.com,12 hours ago,📰 Military.com,https://news.google.com/api/attachments/CC8iL0NnNXZhSFV0TVdWbWFqUXRiMXA0VFJDZUF4anRCQ2dLTWdrQnNJcGt2cVVsVVFF=-w200-h112-p-df-rw,2025-11-27T02:04:48.913545
Thanksgiving Travelers Hit the Roads and Skies: 18M Expected to Fly,https://news.google.com/read/CBMiygFBVV95cUxQcW9uMUFFMEFUd1Z3c2owZWFfd1FXS1RvNnNaXy14ZTBRUU8zQUNTWTRiZUhKbXM2alNjd09ZRnA0ZnMyYTZ4Q3loWXY0NUFRUzdrSXEwT0VaY1FlTlRxdnBEdjUtbXBMblQzQ0lTa3Z4RXg2UEtwdWoyeUUzcDVocGVraFZNSUp2b0xacG9kd21maFZrWnBxc3NNMXlOakdERWN4Y2M2M0dON0xhakd5Y0hXYnlsTGdWdzFvNzRRS180WGFaLUcxdUln?hl=en-US&gl=US&ceid=US%3Aen,Military.com,8 hours ago,📰 Military.com,https://news.google.com/api/attachments/CC8iK0NnNVZOa3RTUzFwalowVlZUa1kyVFJDZUF4anRCQ2dLTWdZUlNJeW5LZ2M=-w200-h112-p-df-rw,2025-11-27T02:04:48.913547
The Most Difficult Travel Week for Military Families,https://news.google.com/read/CBMimAFBVV95cUxNa05RTWNmNnplOE5QWThyNTZHN2F4Nk0yWjlmU3dxdU41SHFtZF9uZzgyQWJGWktDby1mWjlEM1l1M0NoWjhQS2o2N01Hbkw1X2hPNWFUNlZCbkdfNzNMeUpQclY0SFp4UzNxTHhfUm5LNzB6M2o4cElJNWF3TksweW5MS0FxRWFQX0lEQ25tMUFVbFU5ampwVg?hl=en-US&gl=US&ceid=US%3Aen,Military.com,14 hours ago,📰 Military.com,https://news.google.com/api/attachments/CC8iK0NnNDVYM2w0WnpGaFdFSktVVlptVFJDZkF4anRCQ2dLTWdZVkI1QXFEZ3M=-w200-h112-p-df-rw,2025-11-27T02:04:48.913548
Operations suspended at major Iraq gas field following drone attack,https://news.google.com/read/CBMiwgFBVV95cUxPQUdzWU1VeW1BSm1qNG9ZVHhtY1N4Tk5KUWY3OTdjMFlCMVFoRG9HRTRKcGdDX25jZ1RMejRRQ2dXbDdUVWdqUWtoR1pKUjZ3TGdQbXRrVkl4bF9kUmRNT2FOV3JXR29hTVhsQjV1SjZwVW1BdWJGaXA3VGxVWkJFMUVnNE9ZYWFnc2ZKZ0dUMGdrd2huc2hwZ0ptVl8yVVpoX1BKbTEtejQwY3k2R0FCZUNGdzQzb29aVG1YelQxcWt0UQ?hl=en-US&gl=US&ceid=US%3Aen,Reuters,2 hours ago,📺 Reuters,"https://encrypted-tbn2.gstatic.com/faviconV2?url=https://www.reuters.com&client=NEWS_360&size=96&type=FAVICON&fallback_opts=TYPE,SIZE,URL",2025-11-27T02:04:48.913550
"Guinea-Bissau army officers take control after disputed vote, RFI reports",https://news.google.com/read/CBMivgFBVV95cUxOUWJaZE9LczYyUW5vNnFNODZNcE9SUWN3aXJXUFQxUUcxWEQ4N0V4RDJCMVpEZkV5ZGh1bVE5UGttaE5mNUhDU3BINEdQVFNPeUVOYlA3UTdvMFNTSmtoaW5PLWdOQmctYWJlSnhVeHd1WGFXQXMwa2JGYWJyQm5RX1FPLVB4QmpuRVh0bWhQeWMyRy1hbmwxVlNTOUhuVlI2T212QnNXS3pxQjdHMEU5ejgwWW5oZWpJc3c2R0x3?hl=en-US&gl=US&ceid=US%3Aen,Reuters,10 hours ago,📺 Reuters,https://news.google.com/api/attachments/CC8iK0NnNWtXVmt0VkZjdFIwcEljMEpPVFJDZkF4amlCU2dLTWdZcFU0Q1BKUWc=-w200-h112-p-df-rw,2025-11-27T02:04:48.913552
"Trump says no firm deadline for Ukraine, Russia to reach peace deal",https://news.google.com/read/CBMirAFBVV95cUxOeUVGa0Z5TlpIekxqYldBUC1uYkQ4b1o4ZWJDcVJiZU1FT2NZMW1lbEM3aGJ3N05LendHR3k3U1p5M25aVldjTUx1Uk52OUdGenZLaElJMXF3WWx3UlNNRWMzYWlMUzBnUm9ua3BXellLSVA0R3NsMGstRHZ0Mm93dnNqOHEtcTZZQkhhUk01SmpKY0V5YzVxeXRPRnVlekRIc1RfajJPZ3dsTkNW?hl=en-US&gl=US&ceid=US%3Aen,Reuters,22 hours ago,📺 Reuters,https://news.google.com/api/attachments/CC8iK0NnNWllamRXYW1aeWJsTjJUVXh3VFJEUkF4aVRCU2dLTWdhUmNZWkpTUU0=-w200-h112-p-df-rw,2025-11-27T02:04:48.913553
"Exclusive: US peace plan for Ukraine drew from Russian document, sources say",https://news.google.com/read/CBMipwFBVV95cUxNWXlqZWdKcUxLU00wUVNQam5qWVRScUJVeFg5VkljcDJINlR3TDEwYUdEZzFZVzVNcXBEbFpyLVBCOU81NWMyY00zdTFJbFRwbDFuUFJWczFtWUxaRnNDWXpNTzFtVzNoQkRJcDNRd1hTTkFWa3oxaVB3bUh1UHltRXMxRnRERXkxeGN1SGpMbWxwNHRfeWtjOXhiMG03SUtsTkIwVW54Zw?hl=en-US&gl=US&ceid=US%3Aen,Reuters,16 hours ago,📺 Reuters,https://news.google.com/api/attachments/CC8iK0NnNWpZazVyV0VwU05UWkdlRzk1VFJEVEF4aVJCU2dLTWdhVlFvNHhuUWc=-w200-h112-p-df-rw,2025-11-27T02:04:48.913555
Senegal's debt figures improve after updating economic calculation,https://news.google.com/read/CBMipwFBVV95cUxNY21aQjhkcWJxemtMUDRoRUxoV2dGbHBNRVJfMzNlb0xxWEF0VDg2QzlTYWRSSjJyZnNCMGRLOTJLb2hueG5GN3hDTG11Yk9fYzBXcEtRcGtHbEFzVDYySTRqckluQXNyT0pDM3YzR1A2b0QxN2ZpWkNIaWw1RHZJaWVTUk0wanE3QWVKbl9pOEszLTc4SkxNampXTjNoWXh3TWZRVXROWQ?hl=en-US&gl=US&ceid=US%3Aen,Reuters,10 hours ago,📺 Reuters,https://news.google.com/api/attachments/CC8iL0NnNU1ZVWs0ZW10aFNGSkNRVk10VFJEZ0F4aUFCU2dLTWdrQklJQUxJU1EyYUFJ=-w200-h112-p-df-rw,2025-11-27T02:04:48.913557
"Thai floods death toll at 33, official says",https://news.google.com/read/CBMinAFBVV95cUxQbDhNRU5nTTB4eDdwVlNNOWg2ZTZOOXRPSTdJY2xINEtwd3JsNEpOWnZSZmxWMGRsdUFuWWpBR1ZBeUtLTVN3S0FNeVBUZWVON05aUUUzQWFVdkZFWGtJMVNzNUpsRmlVckRWOGtVNmpjcG5JdmU1ako5bW1hcmFtRzJVZ3BxS0pya3haTlpaX2dnZmdpN29kQnFQWlk?hl=en-US&gl=US&ceid=US%3Aen,Reuters,9 hours ago,📺 Reuters,https://news.google.com/api/attachments/CC8iL0NnNHhOMWRNVURsMmRHOU5hMjF5VFJERUF4aW1CU2dLTWdrQklJcWdxR2Rya2dF=-w200-h112-p-df-rw,2025-11-27T02:04:48.913558
Donald Trump's envoy to hold Ukraine peace plan talks at Kremlin,https://news.google.com/read/CBMiWkFVX3lxTFBYZEp6R3BsVktNeGtXUDNHWkRzWjgzTmVFZzNXaXVDaHhsRUZ1NnlQR21Za0FxdkJmSVFsaTB5d3ZUNmRuLXFXZ2NpdjRKdDRSN25LdndrRmJfZ9IBX0FVX3lxTFBhYXB5d0U3bS1YdW9kaS1RTnlISmZTUk54LWlrRmRWVU54OHZobHdGcTRLeHhJeGRzMEI4Rlp3YWZnNmJoQ3Z6QWRtajRzaEw1RTB1M1A2elNKaFZQTURz?hl=en-US&gl=US&ceid=US%3Aen,BBC,18 hours ago,📺 BBC,https://news.google.com/api/attachments/CC8iK0NnNHpaVWRJUVUxTWVTMXRXbXBrVFJDZkF4ampCU2dLTWdZRkJJWmxqZ3M=-w200-h112-p-df-rw,2025-11-27T02:04:48.913560
Spotting Pi the whale 'more exciting than Christmas' in Isles of Scilly,https://news.google.com/read/CBMiWkFVX3lxTE52WWp3OHVXMlR1M21uRERGYm9VeGJQdzhVYXhJWWlERzNEVEc2MWRXY3JPaGx6UXJRUzc5Qk4yZWJIOEdvRk5rdkRiWnYtd2pLYzZGX0FsbXRRd9IBX0FVX3lxTE9QbTV5TmFMSGpfRk1oSHM1TWFCdWZWTnBUaHhJVlZ4QlIxLWtHRHlIUVd0Ym9FNUUxOGZHMHFDd3ZKLUszZlNFQnBWX0xhbTUybmpJNjVKdmNNbU5zaTdr?hl=en-US&gl=US&ceid=US%3Aen,BBC,16 hours ago,📺 BBC,https://news.google.com/api/attachments/CC8iJ0NnNUNkUzFYZWxCMk1rRmplSEpIVFJDZkF4ampCU2dLTWdNeGNoQQ=-w200-h112-p-df-rw,2025-11-27T02:04:48.913562
Coventry's flying taxis and drones plan moves forward,https://news.google.com/read/CBMiWkFVX3lxTFBuVEduV3hZYS1CcmJpQjJvSnk1UF9CM1c5TkdkM3B0bWwxc2hCcmNMN28tM0w2Y1VzNTRLYXdxV0FCRDdTWGU0cnJOZHFiLUdBYkh4LU5OUEtJd9IBX0FVX3lxTFBxQkFQR0d1clVobGhUcTdfWlJNWTFxdDFYR0tXanZSOUI5WFRocHpuRWpFanpLeTNZTXRvZ0VGZnNfc01kSldtNXh5YXY0cU5XZG1CWk5UbmpYNE9iM0tn?hl=en-US&gl=US&ceid=US%3Aen,BBC,20 hours ago,📺 BBC,https://news.google.com/api/attachments/CC8iK0NnNTFMVXBMV2pWZlQwdFJVa2RVVFJDZkF4ampCU2dLTWdhTlE0NkxKUWc=-w200-h112-p-df-rw,2025-11-27T02:04:48.913563
South East Asia floods: Scores killed and thousands evacuated from record rainfall,https://news.google.com/read/CBMiWkFVX3lxTE96YUpYbFBsakE2QkJQUi1xdEdfT2Y5NnNWZXNrWHJoX0JORmNnZmZMc1BQYWdQc1NpN3JIU0VWUTJHa2l1U083VFhVSGJKUXVEM1d2RFkyaWpCQdIBX0FVX3lxTE1mUTJJWHpTQkRZRkZ3cXBaV1UtT0Y2U1hPVVRlZTRZU1A1NXd0Ry04Yll2UXRIblFaSC1TNnZnU0o4UnJRVjJSbVJNM2JSVXJmODZvUloxa1hzRTQ4SEVj?hl=en-US&gl=US&ceid=US%3Aen,BBC,16 hours ago,📺 BBC,https://news.google.com/api/attachments/CC8iK0NnNHlOVGRGY0dGalpUSlpaR2R2VFJDZkF4ampCU2dLTWdZQkVZUUpHUWc=-w200-h112-p-df-rw,2025-11-27T02:04:48.913565
Weather forecasts for thousands of locations around the world,https://news.google.com/read/CBMiQEFVX3lxTE5pQTl6aTJvXzlHSVlvcjROUmFwUkRuZGVLMWtQOS1MZ2xSUWF2eTV5X2NSTUJ6VDQ3eWdMUFh1RWQ?hl=en-US&gl=US&ceid=US%3Aen,BBC,"Aug 26, 2017",📺 BBC,https://news.google.com/api/attachments/CC8iJ0NnNTVRVU5XVjBjMlpUWjRZbG93VFJDcUJCaXFCQ2dLTWdNVlVnNA=-w200-h112-p-df-rw,2025-11-27T02:04:48.913567
'Mind-blowing' - BBC correspondents react as OBR releases Budget details early,https://news.google.com/read/CBMiV0FVX3lxTE9ncVo1WHJHRW05YmlVU1RCdDVNTFlLWmxCWmNocmNTRXhvM0FkaXVhdUdxc0tPNTJQR1VBSlA5YlpJdnlJR0pybml4T0FkRzBsSnJaLXVkbw?hl=en-US&gl=US&ceid=US%3Aen,BBC,12 hours ago,📺 BBC,https://news.google.com/api/attachments/CC8iK0NnNVZXVzlqVFRNMWFEQjBZbWRFVFJDMEFSakFBaWdLTWdZdEJZVE9FUXM=-w200-h112-p-df-rw,2025-11-27T02:04:48.913568
"Death toll in Hong Kong fire rises to 44 with 279 still missing, authorities say",https://news.google.com/read/CBMiVEFVX3lxTE50U3JtNF9lUnhQcFp0Uml2Q1I3dXN6emlUN0lIZW5BQVdGUTBmbWtfaGM0WUFrTGhNWk5tRXVHU003RjlMQ2dnYWRkNFRMMXlwRkEycw?hl=en-US&gl=US&ceid=US%3Aen,BBC,38 minutes ago,📺 BBC,https://news.google.com/api/attachments/CC8iJ0NnNWxZWEF4WVRWeWVHTnZZbXgwVFJDZkF4ampCU2dLTWdNQk1BUQ=-w200-h112-p-df-rw,2025-11-27T02:04:48.913570
Trump defends Witkoff after leak appears to show envoy coaching Russias,https://news.google.com/read/CBMiWkFVX3lxTE80cW5faVN5aXpEbEhoTVpVLXQ2N2lxX1VxNTVYRTYtQlVhV0RabE9oMG5GMlRObWZFWHRvU2NQeXdWTkgtdnhHdnBJM0R3ZnQ1djJ1RnNza25fUdIBX0FVX3lxTE1WT2tnNWZxSldLMlRueTc3bUROVTRUVm5VT052YUhUSjFqTnpTeHI1anY3SkVHUUl3aEgyMzVVNlNudW1pMHREeU1fYXBiN0dxVzNVS1NadURUWUxoaUN3?hl=en-US&gl=US&ceid=US%3Aen,BBC,15 hours ago,📺 BBC,https://news.google.com/api/attachments/CC8iK0NnNVhjMHRhY0ZkeGVIaHZaSFZWVFJDZkF4ampCU2dLTWdheFJJeVBvUWc=-w200-h112-p-df-rw,2025-11-27T02:04:48.913572
West Midlands Police launch major dangerous driver crackdown,https://news.google.com/read/CBMiWkFVX3lxTFA4RE84RmEtV3QzbEh6MGI4bDFLM084MjlQemZFS3hMSWF2RTkxb2w4NHJ1WVIwcWpPM2dFaGQ0Y3Q2R1NSUnktUnQ3OFhQYzVnTWdQSWpRTU1aZ9IBX0FVX3lxTE5vWjFKcjFfczFoaV90QlhxTzlYaGdSdm1KX0FMSFdJZk50eUpJYXh2MnlpQTNXWEtzYkVvZi1JN1FYZW5xdXFhbHh1THI5ZDNteC01bTlOLVhpY1pyQWE4?hl=en-US&gl=US&ceid=US%3Aen,BBC,16 hours ago,📺 BBC,https://news.google.com/api/attachments/CC8iK0NnNDJXRlJZWW5GWmRuWTVkMjAyVFJDZkF4ampCU2dLTWdZTlVvWVZ1UVk=-w200-h112-p-df-rw,2025-11-27T02:04:48.913573
Australia shark attack: Woman killed and man injured in New South Wales,https://news.google.com/read/CBMiWkFVX3lxTE1tRC1qU09pOFJqT09hT3p4TVFBUEFPcnpxbnBSR2hOS0p0Q0czdXk4aFdZbGFXNThpLWFMeElnTG5RT25lV0tvU1RXaFhNM0pjOXZNa2VQYndhd9IBX0FVX3lxTE1uZzRPTmhub1E1WTBLRXhTNTl3YW5RX2FBMGUtalh1b3E0X0g1dkxEb1g0aGpVSkVvMWtWNGF6VW83bFJSZVd6eU9BNlUxX0FsMTRseU9mbmgxTUFOUUEw?hl=en-US&gl=US&ceid=US%3Aen,BBC,2 hours ago,📺 BBC,https://news.google.com/api/attachments/CC8iI0NnNVNabDlRVW0xTWMxbFVWMGxaVFJDZkF4ampCU2dLTWdB=-w200-h112-p-df-rw,2025-11-27T02:04:48.913575
Farmer suspended on zipwire in attempt to escape flood,https://news.google.com/read/CBMikwFBVV95cUxNREdnRnNXYTlzczFfRTZCM0NucHVabi1ib1dzUFhfSUJGeHdGVnRLQjRDN0ZScFBNV3NJWHZpbWk4Q3RnWUpVQzZHbzlZYzdSVXNmZlhLUjNOYnk2bm4yOEpyU1M2ZTFVbXlXWG1aTUZZVm04MGkxUVlyeWVkTU5EdWc4YkMyZmV6b0M5WmFUMTlpTUE?hl=en-US&gl=US&ceid=US%3Aen,CNN,16 hours ago,📺 CNN,https://news.google.com/api/attachments/CC8iK0NnNWxielZrUzA0eGNEVkJjMlo0VFJDZkF4ampCU2dLTWdZdFpZeXVLUVk=-w200-h112-p-df-rw,2025-11-27T02:04:48.913576
Lavrov says revised peace plan must reflect “spirit and letter” of Trump-Putin summit in Alaska,https://news.google.com/read/CBMiuAFBVV95cUxPMTdyTEN1UlhVT2ExZk82OHZNbS15bjVxWk16UVlYUnVBbmdwWVNwY3BlTHVhNnA1amNvNW45SVNwR3M3Q3BIdkstWTFiclVTTVBrSjR2cnFRTTBPSWJWMXJtT1d2Wmd5Vll2dTBabzBVaEdQeXZHdFpvdDhkRlMwZG1xMnotQlBCSkVqdjlMRXEwZDFtTkJFTlgwYnNtb0lGWkVJMzVVXzdubUtMVlNHS1RkTVBOckIz?hl=en-US&gl=US&ceid=US%3Aen,CNN,23 hours ago,📺 CNN,https://news.google.com/api/attachments/CC8iL0NnNDRiak5HUlROVGVqSm9WMWw1VFJDZkF4ampCU2dLTWdrUlVwcjFKT21wU1FJ=-w200-h112-p-df-rw,2025-11-27T02:04:48.913578
The US has released an ‘America First Global Health Strategy.’ Health experts warn it is risky,https://news.google.com/read/CBMifkFVX3lxTE5zRXZLRHdaalMzSU5tcERpTG54aXdMY05DeEpva0JTbWxIekVRX05JYVRUcm05NVk3NUxwR091bkgyVzY2b1VwQUEzUjM3T0JBanQ0YnFsaU9Cb2JacmJndC12VGZjSDNQNzM3M3V3WXVxTnNxZ1BhTFZ2OWlLQQ?hl=en-US&gl=US&ceid=US%3Aen,CNN,21 hours ago,📺 CNN,https://news.google.com/api/attachments/CC8iK0NnNWtTMnAyWW5WM1FVaHlXbTlqVFJERUF4aW5CU2dLTWdZZGw0eEt0Z1k=-w200-h112-p-df-rw,2025-11-27T02:04:48.913580
"Breaking News, Latest News and Videos | CNN",https://news.google.com/read/CBMiPEFVX3lxTE5ZOG45NUhZNzhWc1hXX0VRbnNCOVVPSmVzYWdqci1hQ3VQdG42ZzJuRmVXMThHc3Q0SkpoVw?hl=en-US&gl=US&ceid=US%3Aen,CNN,"Jan 3, 2015",📺 CNN,https://news.google.com/api/attachments/CC8iI0NnNXVPSGxmWVVOS1YzVlhUelpyVFJDZkF4ampCU2dLTWdB=-w200-h112-p-df-rw,2025-11-27T02:04:48.913581
"At least 44 dead, hundreds missing as fire rips through Hong Kong tower blocks",https://news.google.com/read/CBMiggFBVV95cUxPUmVqUFphUmtUZ2xwa211U2RXUWxyVFh0SlluclhNV2JGeDRZN25BcjFPZlVOM3ZFakhWZU00amlfd1VINEdzVlAzbFJlSGtLdzhNbmFMOXY3VExlVU1kNEFKQk5raWpWNW8wamwyaFNRZ2Jkb25CdWpaNk5jb0kzelFR?hl=en-US&gl=US&ceid=US%3Aen,CNN,7 minutes ago,📺 CNN,https://news.google.com/api/attachments/CC8iMkNnNHpjMUZmZGxOc2RVcHFOM1pMVFJERUF4aW1CU2dLTWd1QllJUXV3YU56Q25wUExR=-w200-h112-p-df-rw,2025-11-27T02:04:48.913583
A high school coach is wanted on child porn charges. What we know about the search in rural Virginia,https://news.google.com/read/CBMickFVX3lxTFAxcDE4WGx1djY1YWFaZkdUOEU4aU5oQUdpUmVFNjNHMDFfUGoxYkFzVHJzYmRTYUxkNW50MjlJQzI2UDVRZnpHZVhYeF8ycWZfbVpZZjVhemVrZkFQOFB4YjVIRU1qRVIwc1FWZXpKQS14Zw?hl=en-US&gl=US&ceid=US%3Aen,CNN,4 hours ago,📺 CNN,https://news.google.com/api/attachments/CC8iL0NnNHhVR1o0Y1hkQ1EzaFBWR2N0VFJDZkF4amlCU2dLTWdraGtJWjF4R05jamdF=-w200-h112-p-df-rw,2025-11-27T02:04:48.913585
Easter Island quarry reveals how Polynesians made enigmatic stone statues,https://news.google.com/read/CBMigAFBVV95cUxPSl9RUWYwMW1IcE82c3RQc0NwckI1RE5qaVBFa3ZUcWZwTUhVa2FzdmdjTzRIcHoxQVJtWTYxS001aERCVklrUHpsbENVVmV2dzYxZHZXWE1iV2YwTE1XdXVIWE9LRVoxUHAtRkxkZ0RxTzR4ZUZ1TUZCY2k4Z3ZrVA?hl=en-US&gl=US&ceid=US%3Aen,CNN,7 hours ago,📺 CNN,https://news.google.com/api/attachments/CC8iMkNnNXNVMkkyWTJwc2J6ZHdTelZ5VFJEcEF4anpCQ2dLTWdzQkFJZ0JqU1ltNGhybVhB=-w200-h112-p-df-rw,2025-11-27T02:04:48.913586
Can Trump break the vicious cycle that prolongs the war in Ukraine?,https://news.google.com/read/CBMiiAFBVV95cUxQcEpFNmtCVGZrbTAzaDRiWXZZc1lsTlEtNURUUngzN3JtQ29rbUh0Qi1YWVNvVDJhaG5BY3NFRkZFdmo4aC0xZlJqdDBnT2dmbi1VOHlDVXdaSlQwckJ2bnBDYUFoYXZvYXphOGtiYnpuX19tUmpwR0lCUHhWOVNLZFUwSDYtOGVV?hl=en-US&gl=US&ceid=US%3Aen,CNN,21 hours ago,📺 CNN,https://news.google.com/api/attachments/CC8iK0NnNUJlWGhHU0ZwT00xaDBZVXRyVFJERUF4aW1CU2dLTWdZTm9vYjBRQVU=-w200-h112-p-df-rw,2025-11-27T02:04:48.913588
US Navy axes frigate program in another blow to efforts to keep up with China’s fleet,https://news.google.com/read/CBMilgFBVV95cUxPZ2tlRGxOdGJwdmVDbDJlZXBFS0ZWQUl1TmFmZFVMck1yUzFrUklSTnYzYUxIeGF5aExlcmQ1NnZ2OFE3TExRM3hFeTU3T2Z1WS1uTTIyNnV4N1dDaWtjRjNBQWIzVzYyME5aeVNpbGx2a2tQekxWeUpfLWVGRlhhSHd4V00tZjI3LXU3X1F0MlpjRG1vanc?hl=en-US&gl=US&ceid=US%3Aen,CNN,19 hours ago,📺 CNN,https://news.google.com/api/attachments/CC8iK0NnNWFhMGR0VUd0TE1IbHBiRW8wVFJENEFoaXZCaWdLTWdhUmNJZ3ByZ1k=-w200-h112-p-df-rw,2025-11-27T02:04:48.913590
World’s Best Cheese 2025,https://news.google.com/read/CBMikgFBVV95cUxOWWxYT2s2SXc2bzdya05Bd1RTU0MyM2ZidmZTRWJBNG1YYVVJQ0FfSFM1MUhCYlN6TjI2S1FBNnlxUGluS3hNaFFBZ3ZuNEtjXzJNSm9TR1ltSDdSeWtvYmVtSU5iT0dBUjJsU1BfRG83d0Frb285OEdrQzlTbEU5YmhSTVZ3akRORDFyU0dsaEEzdw?hl=en-US&gl=US&ceid=US%3Aen,CNN,12 hours ago,📺 CNN,https://news.google.com/api/attachments/CC8iK0NnNHRSRWxpYTBSSlVrNXRVRzB3VFJEakJSaWZBeWdLTWdZRmNJcXFNQVU=-w200-h112-p-df-rw,2025-11-27T02:04:48.913591
"The Wall Street Journal & Breaking News, Business, Financial and Economic News, World News and Video",https://news.google.com/read/CBMivAJBVV95cUxQUkNaOUF3VjNtNkpyWXB5M2hzZDd1aVZubTEwVkdVT3o2Sk5xZnVWOTNpbFBocGhlTVdxcjlSTFloUEc2MGxYamMxLS16SVNna0I0clVNc2V2Y0FiQUwzcEdMTVFvM0FhcjU1SlQxSHR1akxxT3ByWVFqMHBHT3dYWXRrUWI0aWk4YkhpajJJUG9fM2V4X1ZhSzZGblM2eUxHRk40X0d3SHhyS3FNRFIwdTMxZTZEdjZEVXE3aE1sNmFlUGs1NTJycGljdUZuRFhkdHRWQmJVMUh3RVk4TDZFMXdfZFI2bFRKenBaa0k5cDJiRFU5THVkR2Y0QmVMV3I4UUxBM3loUGhmRGNXdVBFdng0cFp3YU9HNXp0WmlSdy0zMUVsRmxxV3VIV2NRVnhxMzVPZUU5MGRsVEpP?hl=en-US&gl=US&ceid=US%3Aen,The Wall Street Journal,"Apr 6, 2012",📺 Wall Street Journal,https://news.google.com/api/attachments/CC8iK0NnNXhURFZoVHpOSlRGVmpSRkZVVFJEZEFoanNCQ2dLTWdZQk1aaTBsQW8=-w200-h112-p-df-rw,2025-11-27T02:04:48.913593
"Exclusive | Trump, After Call With China’s Xi, Told Tokyo to Lower the Volume on Taiwan",https://news.google.com/read/CBMizANBVV95cUxOellmY2NLaEFnalJ0WUUtelRLVWJVR05ZcEc4bTRzZkJvMkFFU3NMSDQwajh5VWlFdHp1U1JNVDR2MExjS0VVb1NWcGpkdV9SRy1XYXJ5MEtEODJqbTVudFpsYWZMeHYya3ZhVWhDbldRV3pDaTEzSnEtOXVWel92bS1CaDhwd21tbEJEZ0dBSkxYTkFXTlVFbUdpUlJNcTB1VGFDMjRhS1ZXNEwzbDI2U1pRT3EwSDBWNGlfaUNwWWc5d3FEVWg0UEg2Q2ZVUFZVejBCemxvWDRqOXNrM3J1Nm9pR1lZODVkMEdleU15TFJmX3R5UElmT3VwNXJac3BWN0hVV1NaTzVOQ0VQSmFKVkxWMkRPR19XTUdva1d0WmRheFlsbEVkTmRrWjQwMGgtODVDMlZWVlg1bTF2NDlVRjljc1RNbjRaYTRkU09JUlpDUUNGTlZ4SThLZ294RXlGaVZlU3dqeXgyT0pJeHZkNm4yRTZnb2RvMDFJMmpaQ3Jhckl0aXNtWE5FdmlaWVZmQl8tZ3NUYXhWMlI5VGdPVGhyN3kyZFZObWdKZjJBMjlObVZSYlRSa1RReHIzb0psTEc0b1VQZnV1UmU4?hl=en-US&gl=US&ceid=US%3Aen,The Wall Street Journal,2 hours ago,📺 Wall Street Journal,https://news.google.com/api/attachments/CC8iL0NnNU5PSGhtZHpCM2IxcG9Xa2hOVFJERUF4aW1CU2dLTWdrTklxS0hsbW85cFFJ=-w200-h112-p-df-rw,2025-11-27T02:04:48.913595
Paramilitary Expansion Shows Scale of War Preparations on NATO’s Eastern Frontier,https://news.google.com/read/CBMixANBVV95cUxPcE9DQXMxSXR4ODRxc19veFljTTNyRUR5bF93Uk9qcHdFQjV6TUlqOU4xY01ENGZIZjlUY1hUdzUzYzhKSzAxQzJFaUNvOFJCNkFfV1l5eGRLTkE3MjFwaVl1cmNjOFRSVk5LWG4zS3FtSUppZUZ0Y3d4c0dCVi1Rd1VQcy1LRG9TTVpRMFFPdU1DdVlKTmJ4NUItQW1GbFpOMjdwd25CdWxsTkpvRDJuRDdlMXZwQThRSGN3UVhFV1pwQ1JXSWNiWmc4MTVOSUxDZEJJbkx1RUF0UlgwWVFwSEdqZjhQaWV6b0YzNk1BR3RzYk9hem41a3lnYWNrdjE5LUJ5VU9lYVcxbDIxX0otZ0xHVzI2NTh0MHNYQnpxVGJNc2FMM1FfUk5TNGdxT19WYTB4eGlnQnFfd3M5WWp1QVA4S0hvVTM0N1EtUHhJaUdrY3NlSlpEV2l6OXAyMGtscTJNOGRaand3NEJPRFBjTFVjczZLaHlxT0ZVS2VnSEJCVUFMZ19zalVMRXRrRy1ZaURKTUVkVV9HTXZEZkFROGpnOWgwTlBzN0hyOTI0WXY2RHFhRUNMMFJXaDVYOE5oS2NFWA?hl=en-US&gl=US&ceid=US%3Aen,The Wall Street Journal,9 hours ago,📺 Wall Street Journal,https://news.google.com/api/attachments/CC8iK0NnNVpRM2h3WjFCeU4xOWFWVkIzVFJDcUJCaXFCQ2dLTWdZQmdKSk12UVk=-w200-h112-p-df-rw,2025-11-27T02:04:48.913597
Germany’s Secret Plan for War With Russia,https://news.google.com/read/CBMiiANBVV95cUxObEVIdkRadDFQdGM3am9KMGR2dDZDeTFVdjc2Zlpacm1uTGlHSHk2QUFxVGtPQ3lGWDJoaG5McFFvSXQyS0RqT0lXZ2lMWXJlWmpKWGo0bFhUbGd5NnNFVHctSXRRSk9DVFVTSC1lRHFjSVRMaFZJVUF5MVhUS3dPQWJZVElwQXV5OGFRdTNvTjgxeFE2OVJLNlpCZ0s4c0F2cGpRU3dwMzhldFZhT1llbGRjOFItQnNjaElpVUZVRGd6WHVOQ3dRdXdOMkxJSV8wXzh1TEdhVzEzUTBfS2p3S09Va3hqQmxfS2J5dVZLUmFtTHVpWGVkMWZDSTh2QUNkYWdNdl91M29fendJbTBtbjcwLTNyY1ZSckIwR084Q1E5dVVXTXFWT0l5VkpqQjhqNGNIQWdoQUVnMEpyclJNY2tKT0lxRnFfeUZfdGZrakZRS1ZISGZWdzBwWS1yRDdSOVNnX1c0SS1yMVBTb3NtaDg1RGJyWlpySEV4dEszZk93ek9HLTJnVw?hl=en-US&gl=US&ceid=US%3Aen,The Wall Street Journal,3 minutes ago,📺 Wall Street Journal,https://news.google.com/api/attachments/CC8iK0NnNUxZVEk1U1VjM1NVODVNMEZ0VFJERUF4aW1CU2dLTWdhWmRJcnRLUWM=-w200-h112-p-df-rw,2025-11-27T02:04:48.913598
The Human Engine Behind Workplace AI,https://news.google.com/read/CBMihgNBVV95cUxNdWJ1Zm55aTQ4RU1zN3VjdXM2WFR6Ul93OXZyTlk0QzA3ejNPa0tVU19NbWd3Ulo4bTY5OFp2N0NCRDJjNHNrd3NvZHhIX1lJLUVWSm0xZDg3TE5YOWNlbEpuTFlTOUdBZFZzV0FjMm1UUmRmbm1TZ29CTUFHcm4yRHZyTWFpbV96RHo1M3ZibTBmUGtwdFdaTDJhb2hma1NCWWJsQUlJejl0VVR3c3YyNGtXZnByUENNMEJjczlsSWdFbF9nVDhJV2Rsd2Rwb2RTYXBfS2dCM2Z1cmVFY0Qyejk5ajZkblllZGZGdHFma0FsQjgzelBpVnNWZDlHT3MtWHZPeERCWE9ySEQwNkY4V0UtVnlmcFBDVnFlMEhyTXBZR3JPN2l0YmQ3MVhISElXNDVOOUtJbzBwNmU0UjgtOFF5VlBkc1d0cWxhZ3VtaV9aempTckJXcVB1WFBpM3hGQ0RUX2ZybThhbWRtMzFXQkhVV2puZzM3UFpkTUc0bng2UnR5Nnc?hl=en-US&gl=US&ceid=US%3Aen,The Wall Street Journal,15 hours ago,📺 Wall Street Journal,"https://encrypted-tbn1.gstatic.com/faviconV2?url=https://partners.wsj.com&client=NEWS_360&size=96&type=FAVICON&fallback_opts=TYPE,SIZE,URL",2025-11-27T02:04:48.913600
The JD Vance Classmate Emerging as a Key Player in Talks to End the Ukraine War,https://news.google.com/read/CBMi1gNBVV95cUxOVFNYS05aSURHVTdLb0syVU5QbnV6b01PNjNIQXZSMWlvck1rcGp0YmpkSS1hVkdCT3lwcTdKZzR0dnJXQ25KR2ZMUDdfdkNTZ0thLXlQYy03UjdwYnB2Rml2azUyTnZGczVCU0ZCSkpZREpjTVFsSzdBRmdZTV8wOEZwRVA3QTBwcDY4am1Nd0hnRlFhTF9TbWlJSzVuT3R2ZmJmdGtRd2x1NzM0MzNORS1OMU9FaXItWjJyTkthbjFYU3o5anFKUnpaLVd3SC0wM05vQVpGckZvN2FqRmhJeVh6NDdsSTBsTmx6d3NyendZRWlzbHV6ZVRWeHFBVTVmZS0tWVdDWF9UT1hxZ0JJNmlMVHNZM21xZjNMYWJaTGQxN01rU3Y3YXoxQlcwTy00Q2p1VlFEcEdHMFpIVmFtdnBpbGlxek5wem9MWW1zWFdncloxWmhWWUlFT2JqTEk3b3kzQU1JVXJ5aUQyQ0I3bGdVT1JBcHZXWC1vaGFJcGYtQm40TzZnUHpvZVhla25SaERaTXBKSURNY1hDeWNSTnJwT0R1anYtNERiTTh0OG1DSFlqZVhxcGZMbWlsZ054bUxNTTFQa05DejE2UzJsVGwzNFNsQQ?hl=en-US&gl=US&ceid=US%3Aen,The Wall Street Journal,3 minutes ago,📺 Wall Street Journal,https://news.google.com/api/attachments/CC8iL0NnNUNkazF3WVhGeU9UaGtiREYyVFJERUF4aW5CU2dLTWdtSlE1WlNIV3E1Q3dJ=-w200-h112-p-df-rw,2025-11-27T02:04:48.913602
"Europe - Latest News, Investigations and Analysis - WSJ.com",https://news.google.com/read/CBMizAJBVV95cUxQdGhBUFVNZXBOWVVQUlZZTVZDdVMzazNmQV9SRjY2bUhRVDliRURXWnRRYnp5VWJzQnE3cm5ITFVIVEZCZGpGY3pBeUNHYTBURHVHOER3aFpJeVRPTWxzYU5JbVZNemd3OUtCSnVCZ3BjakVWS2gzNVg5ZTdlSkhaQTVVZWRpdmNmUWQ2VFZKa2N5bjEwSGJGdWVfaGNXMktzeFNqR1VUQkFudjFhbTRZckRsMndsLXBQUl9zOUdIUTd1am53a3NabG9yNFltVjdBaHB4TkRfMGxkWDVpOXlaSmlhdnFiTFVXMmZieTZXbkI0VU1ERTFxUlIyZkgtcEl2RzZSOUkxaExCRV9KUkwzak1PVFhWdUJtZV8xN1FMcDdrMzFKMGpWX0FCbjYxZmdFQmR4cVNkbVhLaWRJLXFlTFlyUm9ZMFRvRlMxNQ?hl=en-US&gl=US&ceid=US%3Aen,The Wall Street Journal,"Aug 16, 2023",📺 Wall Street Journal,https://news.google.com/api/attachments/CC8iK0NnNWFNMjUyWlMxM1VUbFFhVkkyVFJDckF4aUFCU2dLTWdhTkZaVE5MUWM=-w200-h112-p-df-rw,2025-11-27T02:04:48.913603
Russians Are Starting to Feel Real Economic Pain From Putin’s War,https://news.google.com/read/CBMivgFBVV95cUxQS3lWQm9FUm9qUzdIQUU4NXNnMVRrTGtKdUg4LWpadkpXaUgtbUh1QllEMUttcFk1VHZwTzg1OGJEUHp0cVN6dzlBWkszQWsxYmJJcVVHbm1Yd3RpX1FDTDhZakRvaW5qdDJxb2t4dG4zSExpOEpmbkFoS0tSZUVsczc4Ym5qOWFzRkVqV0Z6aXFQZzRiTW45bjU3SzlQSnhmaFQzMVFnZVFlUVRuSVVla2lBeC1FelRIOEt0dG9R?hl=en-US&gl=US&ceid=US%3Aen,Bloomberg.com,8 hours ago,📺 Bloomberg,https://news.google.com/api/attachments/CC8iL0NnNUNjSHBMUkZVMkxWUjBURTVmVFJERUF4aW1CU2dLTWdrQmdJb214aVFteWdF=-w200-h112-p-df-rw,2025-11-27T02:04:48.913605
"Venezuela Sees Surge in GPS Jamming Amid US Military Buildup, Forcing Flight Cancellation",https://news.google.com/read/CBMib0FVX3lxTE50d2dWNEZldkpUbHpTS2NJVG9zSlZILThLT2JfSS1sRnR5N2lMNTMwMnJXaFVrMnk4ZGRtU3FnRndycF9mZjFvNF95VnEtLW95REdRZXY5YlQzTkYwbUlOLURsdlVDUHRxZFNoTk51NA?hl=en-US&gl=US&ceid=US%3Aen,Bloomberg.com,11 hours ago,📺 Bloomberg,https://news.google.com/api/attachments/CC8iK0NnNUVkbkpqY0VkSFJsWnFXR3MzVFJDS0JoaUtBeWdLTWdhRk1ZaUluUWs=-w200-h112-p-df-rw,2025-11-27T02:04:48.913607
Watch Goldman Sachs Sees Gold Rising Almost 20% in 2026,https://news.google.com/read/CBMipgFBVV95cUxPSHZxcWR5bkVUVHc0LXBtVzZUbjk1Q1BvVy12T2cwb3NWUE51UVI3YW8zTXRNNWh4aVZrQlozZkE1blFqM05OQkwzYXIxNG10RnpKTF85SlpKWk0wTGRaLThBOVVTbGtCZkl6NXd4OGowMk9GdmRuRk5OM085TndrNWtYV0hfM0RPNnh4UmJCY0VhUXdYNnpCVzktVkxwM2VfdlFHQkx3?hl=en-US&gl=US&ceid=US%3Aen,Bloomberg.com,18 hours ago,📺 Bloomberg,https://news.google.com/api/attachments/CC8iK0NnNWtOSGRZY2s1V1kzbG9RaTFpVFJEaEFSaVFBeWdLTWdhSlk0cHdxUWM=-w200-h112-p-df-rw,2025-11-27T02:04:48.913608
Taiwan’s Lai Vows Extra $40 Billion for Defense Against China,https://news.google.com/read/CBMisAFBVV95cUxQOHRlWVBKV3NYRk05T3pBYzdFRVYxRFQtSUdyZkR1RnQ3TEg4N29GU1E1NWpqV2xaUnZfT1dmeUs1aUIyN01NMVFJWlRGQlpHdWNVNXhzcWpESWJyazNJajFkNGVmVVJ0a3dVOXVacnFYeGZtb3lwNGhHSGwyVU5GTDV4eDItcWRWbW5BT1N3NWtJc3d0R2laSDRLdXZSc19na09nY2ZzU1k3V08tWXdMaA?hl=en-US&gl=US&ceid=US%3Aen,Bloomberg.com,20 hours ago,📺 Bloomberg,https://news.google.com/api/attachments/CC8iK0NnNURPRXd0ZDBseWFFZHZNV3RpVFJERUF4aW1CU2dLTWdhbFZaRE5vUWc=-w200-h112-p-df-rw,2025-11-27T02:04:48.913610
Ukraine Revives Talks With Hedge Funds on Restructuring Warrants,https://news.google.com/read/CBMitgFBVV95cUxOc0phOWUxMHBHWThpakJkdE9ZY0pHWm9yY1RBM2JyZ24zTk9ERmx2V1hPeE5lczlRa1pONmNZUlFWbUFEb292eThtaWNad3dkV2dwWnFiNi1DZ3pLWGlYZlhMOGwzYUlNTDJYbF9fTUFocTkzMVVJZkNma2tfR1owdS0wc3MyWlhZN3ptOGVDQmVfQWZpX0ZkZDVicGI3SzNKN3FwbDRRQnZ1aGZHRk1IU3I2ZmNpdw?hl=en-US&gl=US&ceid=US%3Aen,Bloomberg.com,11 hours ago,📺 Bloomberg,https://news.google.com/api/attachments/CC8iK0NnNDBlbXMzUkV0WFNYVmhZa1pIVFJERUF4aW1CU2dLTWdhMUE1WnlqUXc=-w200-h112-p-df-rw,2025-11-27T02:04:48.913612
Motorola Survived the iPhone By Returning to Its Public Safety Roots,https://news.google.com/read/CBMitAFBVV95cUxQcDhMUGRoNjJHQ0t5X0xMMTRzMXVkR2JjQ19BU3d6NmZFVEpwR3BvUzFwOEtNX1BVeEFEaDhMckVoRlNSYjJydnBNeTVBWEFTcHBkMmJpOWpnNHZwNFR5QjAzSmtVNWFCZmtxMmNrRDJPUGFka1FPc3JEbmtXVlAybDNIdFp3Y0ZCNXY0TDdBcW9DbHhMNVdIN0w3SFRzNGFrcG9sNDY5STFyaHZYTXVOS05SdWk?hl=en-US&gl=US&ceid=US%3Aen,Bloomberg.com,9 hours ago,📺 Bloomberg,https://news.google.com/api/attachments/CC8iL0NnNUNNMGhrUW1WUWQyTmlSa3BPVFJDbkF4alZCU2dLTWdtTklaalZHS3FwWmdJ=-w200-h112-p-df-rw,2025-11-27T02:04:48.913613
"Watch Nvidia Is the 'Rocky Balboa' of AI, Ives Says",https://news.google.com/read/CBMingFBVV95cUxORVZpbXJhZjFuT1NsbTExQlBGQjllZWFfNzROb29KcVRMQzdQdVYtYWUyZUdiVjFlWEJUdk9RMGQwNUktRHZvUTY5THVxMHRaTUpyRlVubm9iZndUOTlzTk9BYTBwU0N6NTYzb1VBMEJDOTNNdVF5SEFMZzhmVG5SVktEdThrTUhUZFZ5YmtmX1JGeVJvM1plMlZlYkctQQ?hl=en-US&gl=US&ceid=US%3Aen,Bloomberg.com,10 hours ago,📺 Bloomberg,https://news.google.com/api/attachments/CC8iK0NnNW9hRXRaYlZKWmRHODFjWEZRVFJEaEFSaVFBeWdLTWdZbE5vTHNuUWs=-w200-h112-p-df-rw,2025-11-27T02:04:48.913615
Michigan Leads Resistance to Billions in College Sports Deals,https://news.google.com/read/CBMisgFBVV95cUxQbEg3VDVJaHJybVl4cVcxUTBNcUhNeUpFSTBPX1NpQldDaUJyWWc2Szg2SGc4NVZ3SVVaMWkzbzE2M0FXTV8wMElhSTd2S3BmQjJGUWdXczRkR1VkVkkyY1lRUnVWQXItM0tjblFZQVJ5Tm1iREFINHhCaG94bEFfZldUNFpMZmh4NHhjWjVXM2dnbUJVUWxraC04a3FXdjUwRFN0anZnS2NRTEF3OWJyQWtn?hl=en-US&gl=US&ceid=US%3Aen,Bloomberg.com,9 hours ago,📺 Bloomberg,https://news.google.com/api/attachments/CC8iK0NnNVRVRlJKY21GNWJFZHNjek53VFJERUF4aW1CU2dLTWdZQmdJek1OQVk=-w200-h112-p-df-rw,2025-11-27T02:04:48.913617
Taiwan Feels the Heat of US-China-Japan Tussle,https://news.google.com/read/CBMiogFBVV95cUxObHA0akVoSE83dmh1NUY3NzhTajhucjJQVmxVOVJJd3hYMFhBNGVhWXRSWm1zREtLRzlNdlMtalRLQ0sxQ05zN3dCcFFoVHA5MUdTZkVHeUpnNmtscHlQLXJYZmlTMl9qaEVzbFFaMk04cVJSNFlka1lhVVhIZUk4Q3MxamdOcV9MNTVwYTZFcUNaenZaclVnSE9CdjJwSnlTSXc?hl=en-US&gl=US&ceid=US%3Aen,Bloomberg.com,3 hours ago,📺 Bloomberg,https://news.google.com/api/attachments/CC8iK0NnNDNYemRtYVZGT1dXaENWekpQVFJERUF4aW1CU2dLTWdZaFE1b3JvUWs=-w200-h112-p-df-rw,2025-11-27T02:04:48.913619
"Watch What UK Budget Could Mean for Inflation, Growth and Taxes | The Pulse 11/26",https://news.google.com/read/CBMiqwFBVV95cUxNdnBjWl9zdVFCblNmbnplalI3eUVNdF9HeUNxV041QmJyamp2Z2dDQW1tczM4X2pfN1Bkd3l0N0w3ZlVPS2oyYlRPNVY0QVNkX2RJTkUydVFoTGxtODJDVGxzSnczUFNrenV5WUd0eDB5U2F3eW1pVzI1WHc5bWNyTlE0VHpzeGFBSTFvSlRSOHRGSFRiRU5YVHAwSldRU0s3SjFVa3B6eFYzbTg?hl=en-US&gl=US&ceid=US%3Aen,Bloomberg.com,14 hours ago,📺 Bloomberg,https://news.google.com/api/attachments/CC8iK0NnNHdUMk5oYlc1MmFIbEVkRFJ3VFJEb0FoaUFCU2dLTWdZUmNwajBLQWc=-w200-h112-p-df-rw,2025-11-27T02:04:48.913621
The US Military Wants to Fix Its Own Equipment. Defense Contractors Are Trying to Shoot That Down,https://news.google.com/read/CBMieEFVX3lxTE1wUzN0cF92SVo0M3VyWks5Nl9TMFU5Nl84aHN4YU1US3V1UXpEaDkyT1prMlViZ0NRNXVVU0dMYnBCM2ZuMVZ5U1ZPcWhMUWJaOHFPamtXSnk5cVB1ekl4Q0hfaHJhSGxhU0JYNGV6cHlFb1ktR0xfVA?hl=en-US&gl=US&ceid=US%3Aen,WIRED,5 hours ago,💻 Wired,https://news.google.com/api/attachments/CC8iK0NnNDFOMFpQUVUxclQwVm5TbnAyVFJDNkF4aTFCU2dLTWdhWmdJaHN1UVE=-w200-h112-p-df-rw,2025-11-27T02:04:48.913622
Amazon news and analysis| Page 149 of 192,https://news.google.com/read/CBMijgFBVV95cUxNSUJ3bloyQU8wRkcyWVJDQy1IQlNNQWNrTUl0Uy04ZXhaV3BPeUcxX0VLZVd5WUtnN0p5S3RSc0F0MVRYNzZfSjRiRVZBNURjZUNIOXpiVmoyLWJjMXVna0RXdW1uM3BiZjNPM2gtYUw4RW1YcEtZeUZQR2pMSzNxa2NkbTNwYWczZjVvTlp3?hl=en-US&gl=US&ceid=US%3Aen,TechCrunch,9 hours ago,💻 TechCrunch,https://news.google.com/api/attachments/CC8iK0NnNXBUVlpQUjNKR09HaFdibm90VFJDWUF4anZCU2dLTWdZTmNwQklNUWM=-w200-h112-p-df-rw,2025-11-27T02:04:48.913624
The best gaming headset I tried this year is $30 off for Black Friday,https://news.google.com/read/CBMipgFBVV95cUxPV1V5aC1KNTBvVHN3d1UwVE5xZlZETkFlUFJwdXM2YTRsSGJFeVh1SUhLc25uU1NuMDdZaXdzbFBHckRHbU8tNEdxMkhrNE5rbXExZFZYc09KOW1mVGF4TzRXQ3NRWEs4cWo4eEl2MFhnZUVUODRWRVJRclV3ZU93R2xqR1phYTdYVUtPNm1FbEJfYlZDdTE4b0ZIQWhWbVN5eWdhSUdR?hl=en-US&gl=US&ceid=US%3Aen,The Verge,10 hours ago,💻 The Verge,https://news.google.com/api/attachments/CC8iK0NnNXpXR0YxTVdselJHSmxTbGxSVFJERUF4aW1CU2dLTWdZcEZJeU9KUVU=-w200-h112-p-df-rw,2025-11-27T02:04:48.913626
Battlefield 6 is already 24 percent off for Black Friday,https://news.google.com/read/CBMiiAFBVV95cUxPUU5zSTZZZ1R0WUZuTk9QeTZtRlZOSkZ6TjV3NjAzOWc3enRoNm8xbVdBNWN5eTdSYTJQU2FTWEpDSTBIUXZJSldjakNjalZSXzEwRTFRRDhYeHdNQzhoVTFFUjR2Yk0teWpiNG1OWi1lRDJucDBaT3VmSXJCejdNT191bGRnMXct?hl=en-US&gl=US&ceid=US%3Aen,The Verge,7 hours ago,💻 The Verge,https://news.google.com/api/attachments/CC8iMkNnNVlUamc0TkhaTFFqUlRVbmx0VFJERkF4aWxCU2dLTWd1QklJd0FxZVpMNWhyeVhB=-w200-h112-p-df-rw,2025-11-27T02:04:48.913628
Qualcomm reveals its not-so-elite Snapdragon 8 Gen 5,https://news.google.com/read/CBMickFVX3lxTE9QMlJWRHpsSlQtRFVQQUc5ZkRnd0d2eUtEVTBfTTBRbGhULVBlRklLa3RIaUlNU3hsemp1d0tNS2N2QTc4bFE2cFV2eFdBME1GM0tVTzNfZUZwNG54THllZ1JXaThqMkVUSWNkYXoxMkV4dw?hl=en-US&gl=US&ceid=US%3Aen,The Verge,19 hours ago,💻 The Verge,https://news.google.com/api/attachments/CC8iK0NnNUZMWEpDWjBSQ1UzbHJRWEJsVFJERUF4aW1CU2dLTWdZbFZKS05JUWM=-w200-h112-p-df-rw,2025-11-27T02:04:48.913629
You can play classic Nintendo games on these custom SNES-inspired Nike sneakers,https://news.google.com/read/CBMimAFBVV95cUxNMnJla1dSbjBrOEM1aDlGYVdfbXF0WVNnT29QdmhiRG12MVJVN3NSMFBsWGVsUG95a2RaSTlydnJSdU5KbURtNXNZLWl2NXk0c3lMbFgzc2R6bDRkZUxzSUdtODAzSy0yazlVbXJ1SnBVRzVnTFN3WjNweGRpbm1TenREeWVMX1Q0bTJmVlZPekZ1bUpoMHMtNg?hl=en-US&gl=US&ceid=US%3Aen,The Verge,9 hours ago,💻 The Verge,https://news.google.com/api/attachments/CC8iL0NnNDFiek15ZWpGSVZuaFBNa1ZsVFJEQ0F4aXFCU2dLTWdraEE0cFNEYXg3a0FF=-w200-h112-p-df-rw,2025-11-27T02:04:48.913631
"This $1,400 Steam Machine alternative houses a tiny desktop GPU",https://news.google.com/read/CBMiigFBVV95cUxPUmJVdHpZa0xSTVFvWU5vcThUcVhzd1lJU2VIQ0lnRUgxb0xSY2tUUkhwci1CaEdTTjVXekRlN0VFSnpOR1lyamp4VkdRX1otMGFqSzN6YXlGY0U1WE9sbnpYRnlnV3dDYzdGM1YzaWhZZ1BQcFpFc2tqa3JCRnpZdFF2eUIyV1QtSFE?hl=en-US&gl=US&ceid=US%3Aen,The Verge,2 hours ago,💻 The Verge,https://news.google.com/api/attachments/CC8iI0NnNDNRWE5RTW1kNlJ6QnRUVGhrVFJERUF4aW1CU2dLTWdB=-w200-h112-p-df-rw,2025-11-27T02:04:48.913633
"If you must get an art TV, get The Frame",https://news.google.com/read/CBMilgFBVV95cUxPSzdMSFgtSVFiVHljZmxzYVlqTlFCRTIyMnlTUHBPTnljWGcxNXg0UWFTUWxNMl82NDlEd0dUMW1sampxWjB5RkwwcS0taTZxZjZWX3dIdUJtdVd4X2FnVzRsMngwb0J6WDFTdUJDbmpYQks0Tl9sTGpMdjhtR0NwSWUwN09pSHNWOTBockViMlFJdzlyeFE?hl=en-US&gl=US&ceid=US%3Aen,The Verge,12 hours ago,💻 The Verge,https://news.google.com/api/attachments/CC8iK0NnNWphbTE2ZDFsQ1EyZEZTRUV0VFJDdEJCaW5CQ2dLTWdZQmNKSU11Z2M=-w200-h112-p-df-rw,2025-11-27T02:04:48.913635
What the leaked AI executive order tells us about the Big Tech power grab,https://news.google.com/read/CBMifkFVX3lxTFAyTldQLWpLckgyTUM2SWNDbnFlODFITGlMQ2ZJLWprYnROTnBHWWZyVm5PUGhpaTJpbXAyUVhGUWs0bGY0SWozWjBxUEFqdUJVc0pSZ1VMTm1TSUNZZFlUbVhGN3JtYnZiSE9ZUnJKbTBOWHhWSFFRamFGNE54QQ?hl=en-US&gl=US&ceid=US%3Aen,The Verge,10 hours ago,💻 The Verge,https://news.google.com/api/attachments/CC8iK0NnNVZOM051U1dGRFlscExlWGh5VFJDdEJCaW5CQ2dLTWdZWlFJcG9HZ28=-w200-h112-p-df-rw,2025-11-27T02:04:48.913637
Pentagon contractors want to blow up military right to repair,https://news.google.com/read/CBMinAFBVV95cUxPRmF0S3dJQVQxbjRMd25oQnB4NHI3Y2NieEhMYTY2a0JyTV9OcGdaNXZzWF90MjBXTk5aNG9PeWx2Yl82VzFpSUMwUHVFeGtqaW9lOXhEUG5xMmVyTzVUd05FcW83RXFYVG5VeVFiT1BjOVo4MDRyUUk4QnFRN2VMSTRaZVBPeHNsc3hMWHpsX005Rk9yMHVCbEpYc2U?hl=en-US&gl=US&ceid=US%3Aen,The Verge,5 hours ago,💻 The Verge,https://news.google.com/api/attachments/CC8iK0NnNDVRbVJYT0VZd1ZrcEtjbUZoVFJERUF4aW1CU2dLTWdZZHdJelB3QVE=-w200-h112-p-df-rw,2025-11-27T02:04:48.913638
These prebuilt PCs are about to cost more due to rising RAM prices,https://news.google.com/read/CBMikgFBVV95cUxQRVBtMW1CaWg5NlAteFpQb28xQXJUQmVBMDV6ZFMxMnZiYU95dURZMnY1X25hOXNNc1lVUUlzU2tNNzJNZVhtbE1BdXVJTHBSVHJSMmtXUEQ4d3lhcGptUWFMWGdYOVJmb1FPT2RHODRNZDc0SG05UmhQd3J5ZnlDWXZwOFAwSGxPOUlHN0RzNkZFQQ?hl=en-US&gl=US&ceid=US%3Aen,The Verge,3 hours ago,💻 The Verge,https://news.google.com/api/attachments/CC8iI0NnNVdWRXN4YlRKa1oxaHpXRmxFVFJEQ0F4aXFCU2dLTWdB=-w200-h112-p-df-rw,2025-11-27T02:04:48.913640
Poco partners with Bose to put a subwoofer in its latest phone,https://news.google.com/read/CBMiiAFBVV95cUxPaHNMYTdSVGNoYXdfRVBNR3ZYd2hPbno1aE9valpFOERLaWswb2NvdXpsX3g0ZHVTMnVWVEVXVmZEMDBzUHF1OGRFVzY3RTJNeThuYmEtXzlNR0ppZ2htSmVIdnhSalVCMk00XzNoUkhjRHk3SF9aVUppSm14SWFfR0haYm5KZDVP?hl=en-US&gl=US&ceid=US%3Aen,The Verge,16 hours ago,💻 The Verge,https://news.google.com/api/attachments/CC8iK0NnNW1VVlZLZVhBeWF6ZEhWVVZFVFJER0F4aWpCU2dLTWdhUllwWXhwUWc=-w200-h112-p-df-rw,2025-11-27T02:04:48.913642
"Drone News & DJI Rumors: Mavic 4, Mini 5, Neo 2 FPV Drones",https://news.google.com/read/CBMiNkFVX3lxTE5qeXVGNFRZZ1g2Zlg2WHI3Zmo0MHRLSTQ3dHRDLUlHUW5GWDgwMkJuYjhrd1ZRdw?hl=en-US&gl=US&ceid=US%3Aen,DroneXL.co,"Feb 16, 2020",🚁 DroneXL,https://news.google.com/api/attachments/CC8iI0NnNDVNbUZ2U2tVM2NHTjJXbWxZVFJDY0F4am9CU2dLTWdB=-w200-h112-p-df-rw,2025-11-27T02:04:48.913644
Army Aviation Starts Training With New Stalker UAS,https://news.google.com/read/CBMic0FVX3lxTE5YYWJfOWxEWGlvTXNuc2FJYXF2SWxzbG80ODhwa0xJRXRXTUVqQzJmbktlWm9KeUJqTDRXM2ExWnNMcHdyRl95cGZ6MUNPS1FaYXI1Wm0xMFIyRTBVZXY3UVRCLWdjbDh6cHEzMFRJLUNCVjg?hl=en-US&gl=US&ceid=US%3Aen,DroneXL.co,12 hours ago,🚁 DroneXL,https://news.google.com/api/attachments/CC8iK0NnNHRTMUZ3TFhWMVVFcGZUV05KVFJDZkF4ampCU2dLTWdZSlk1Qnd1UVU=-w200-h112-p-df-rw,2025-11-27T02:04:48.913646
IonQ And Heven AeroTech Team Up On Quantum Drones,https://news.google.com/read/CBMiekFVX3lxTE10NkRtbU1zWXNsYnVQa2VadGJuVnRXTGxibTZkd2JHcVMtczkwbWFqdDY3UFR4TDR5RklnMklzWFoxYU1rNXhISzJzNlZJLTV2ZUllMmdZNENrelZKa01ydFA5WVRzLVlOTmRKN0xJSjEzMmFJYS0wVkN3?hl=en-US&gl=US&ceid=US%3Aen,DroneXL.co,12 hours ago,🚁 DroneXL,https://news.google.com/api/attachments/CC8iK0NnNVlOR3N6TVZkQlZWUTVjRWRyVFJDZkF4ampCU2dLTWdZWm9JcXN1UVE=-w200-h112-p-df-rw,2025-11-27T02:04:48.913647
GOP Senators Break With DJI Hawks As December Ban Deadline Looms,https://news.google.com/read/CBMigwFBVV95cUxOaDg1djFPVzlUOU9ta2ljSTBhM2tkYkxPQnVydXVoTHN0Y0V4akpRZXRFeUJoQVRhNy1IdVVPSk9NRGxvWF9QVEZQNE13cTB5eGVpRjdTOE55Nmc0cE0xUnBIb1FYdWdZVmJEbHpmQ2cwU3RYcGd4MXhxamExYjRWRWtMdw?hl=en-US&gl=US&ceid=US%3Aen,DroneXL.co,12 hours ago,🚁 DroneXL,https://news.google.com/api/attachments/CC8iK0NnNVhRVlozWlRSeGExaFVTQzAyVFJERUF4aW1CU2dLTWdZQmNJanVyQWM=-w200-h112-p-df-rw,2025-11-27T02:04:48.913649
Pilot Institute,https://news.google.com/read/CBMiWkFVX3lxTFBVWVBqVlRhYUpGUW92X0xKYnBYZFRyZ0QxRGNhcDFwV19sUTctOE02ZnMwOG1vd3VCbVhoRWwwLXV0emxkM0RwS29qTXowRVV2VXpJNTBUalJCUQ?hl=en-US&gl=US&ceid=US%3Aen,DroneXL.co,"Feb 5, 2023",🚁 DroneXL,https://news.google.com/api/attachments/CC8iL0NnNXNiRUZmYnkwNWVrWnVPVkpmVFJDZUF4amtCU2dLTWdrTlFJeW1JbWs5VWdF=-w200-h112-p-df-rw,2025-11-27T02:04:48.913650
How To Spot Dept Of National Defence Drones Over Ottawa,https://news.google.com/read/CBMidEFVX3lxTE93LWFIWU5oODhSSWM3WWdicGg1VGR1OW9uekpGYTd6U3pETndSeC1iOXhWek9MallzaWRJbU5ZSjJhcWJXVTExSjhGQUtBRkNtUTF2Zk53eU9uWnVLOXZINFJnOWNQaktvbUhFSzJpS0ZKMHpH?hl=en-US&gl=US&ceid=US%3Aen,DroneXL.co,12 hours ago,🚁 DroneXL,https://news.google.com/api/attachments/CC8iJ0NnNTJMV055VlVSclQwaEpTM2RQVFJDZkF4ampCU2dLTWdNQk1nSQ=-w200-h112-p-df-rw,2025-11-27T02:04:48.913652
UK’s DragonFire Laser Destroys Drones At 404 MPH In Historic Test,https://news.google.com/read/CBMidEFVX3lxTFA1b1k3UXJvRjlKbDBGaXZwdzRaWEd5RVJnMnFQMFh5S3FPdUQxcmV6NFhsRmxrVDBHUXZpU0UxZVFZTUtKOVFhNVh6cDRVYkw1M2xFMUxQSmQwR0NpS3NXbU5sT3lxTXJGQ1JfZUFjSHRQRndj?hl=en-US&gl=US&ceid=US%3Aen,DroneXL.co,6 hours ago,🚁 DroneXL,https://news.google.com/api/attachments/CC8iJ0NnNTVhV0ZhZUZsMFRWVnVOa3d3VFJDY0F4am9CU2dLTWdNVkJBbw=-w200-h112-p-df-rw,2025-11-27T02:04:48.913654
express parcel Archives,https://news.google.com/read/CBMiU0FVX3lxTE91SktRT3pzbDB1emRWVU9ldWpaT3V5ZEFHeXJsRk5fdF80QlhjOFctOEVHdGNQWVFaZ2VuWWtnaThybU1haVFna0NsQnlfX185UHg4?hl=en-US&gl=US&ceid=US%3Aen,Dronelife,10 hours ago,🚁 Drone Life,https://news.google.com/api/attachments/CC8iK0NnNXNWbVpwZG5JNU0wMWlYelJKVFJDc0FoaXNBaWdLTWdhQlVaQk9JUWM=-w200-h112-p-df-rw,2025-11-27T02:04:48.913655
quantum-dot sensor Archives,https://news.google.com/read/CBMiWEFVX3lxTFBsb3pMRGxRZWplR25WNXpEbHI0b0owUksycTBhWG9zZkpYUUhFc2NJYzl0b3ZiblhpdmphVUx6MWR0SVdjM1RhWTBiSUhGUUltcGZrSkoxbjQ?hl=en-US&gl=US&ceid=US%3Aen,Dronelife,10 hours ago,🚁 Drone Life,https://news.google.com/api/attachments/CC8iJ0NnNVBhMlZZYWw5dlFVNDBRbWhUVFJDc0FoaXNBaWdLTWdNQmNRdw=-w200-h112-p-df-rw,2025-11-27T02:04:48.913657
UAS partnership Archives,https://news.google.com/read/CBMiVEFVX3lxTE1CbnpRNVZ5TFVPSHNNM21rX3QtS093bmxMMG8xNjVvMmthUEtOX1hyeWtoMm5pX1VKNUk0NTZOV041Rk0xVDd4Ym5hNzZPY1BUWkUxcQ?hl=en-US&gl=US&ceid=US%3Aen,Dronelife,10 hours ago,🚁 Drone Life,https://news.google.com/api/attachments/CC8iK0NnNHdjM3BWTWxwbWFUZFNVamswVFJEZUF4aUNCU2dLTWdZQlFvNlBLUWc=-w200-h112-p-df-rw,2025-11-27T02:04:48.913659
UAS workflow Archives,https://news.google.com/read/CBMiUEFVX3lxTE5La2o4dHlKSFk4NlZMcXcya2V0NTFlN2FmWUNJbXlDRFo5NGVBTGQ4NXZqVTViSFZXaXhkZkpPZUxSSzN5V2gyb1gtTVAwUEVw?hl=en-US&gl=US&ceid=US%3Aen,Dronelife,9 hours ago,🚁 Drone Life,https://news.google.com/api/attachments/CC8iK0NnNWhVMVZYTVdWWmFuZGphRnBIVFJDc0FoaXNBaWdLTWdhZEJJZ0xqZ28=-w200-h112-p-df-rw,2025-11-27T02:04:48.913660
New GNSS Receiver Platform Boosts Mapping Accuracy and Efficiency: a Case Study,https://news.google.com/read/CBMitwFBVV95cUxPOXU4eWdFTi1KWXZUUmpuYXo2aEFfbjlVSkY1ano2WFE0a3JYQktvdDNwbkcwVVM0cnVnY2VYWHc1SGpCZ1BYeUJiOXVVRExiYjF0TzBIcmJORFliaGotWVRhRTFEemNhUWdULVBvX0czdEZjZFFFNFZwMEJDRjFjbXJOLWpBcDdWWGdPMVJ4c3k3Vm5NTkdibEpyZWlidXpNM3NJTVZOaXRiWVJPYjQtNUVFZzhGd1XSAbcBQVVfeXFMTzl1OHlnRU4tSll2VFJqbmF6NmhBX245VUpGNWp6NlhRNGtyWEJLb3QzcG5HMFVTNHJ1Z2NlWFh3NUhqQmdQWHlCYjl1VURMYmIxdE8wSHJiTkRZYmhqLVlUYUUxRHpjYVFnVC1Qb19HM3RGY2RRRTRWcDBCQ0YxY21yTi1qQXA3VlhnTzFSeHN5N1ZuTU5HYmxKcmVpYnV6TTNzSU1WTml0YllST2I0LTVFRWc4RndV?hl=en-US&gl=US&ceid=US%3Aen,Dronelife,9 hours ago,🚁 Drone Life,https://news.google.com/api/attachments/CC8iK0NnNVhSWE5aWHkxNll6azVTbUYxVFJDRUJCaUlCQ2dLTWdZZEJZZ0xqZ28=-w200-h112-p-df-rw,2025-11-27T02:04:48.913662
Quantum Solutions Expands SWIR Drone Payload Lineup,https://news.google.com/read/CBMikwFBVV95cUxQWXdZOUE1MDdGa3N3YWQ2OEp4QV9SOFpRTkUyTU5UeHVzaVZXQUNhb2lveTE4WV9FajZVS0x5NGI2V0o4YmdOcHc0SmNNSXBnUTg5NkZabDJ2SWtJajF0MWhaLWhDZXpMNkxZZkhXT2llWEFUMFNGV1MxUUUtQlBoSUV0ODJRc0pKNWZVQ0E1UkFNZHPSAZMBQVVfeXFMUFl3WTlBNTA3Rmtzd2FkNjhKeEFfUjhaUU5FMk1OVHh1c2lWV0FDYW9pb3kxOFlfRWo2VUtMeTRiNldKOGJnTnB3NEpjTUlwZ1E4OTZGWmwydklrSWoxdDFoWi1oQ2V6TDZMWWZIV09pZVhBVDBTRldTMVFFLUJQaElFdDgyUXNKSjVmVUNBNVJBTWRz?hl=en-US&gl=US&ceid=US%3Aen,Dronelife,10 hours ago,🚁 Drone Life,https://news.google.com/api/attachments/CC8iJ0NnNW1iRXQwZW1zMlJXWk5hbWN3VFJDZkF4ampCU2dLTWdPUlVndw=-w200-h112-p-df-rw,2025-11-27T02:04:48.913664
European airports Archives,https://news.google.com/read/CBMiV0FVX3lxTE9vR1g0eW8zYThzaDRYbm51NE94VURnTF8tb29aMl8zQVU1OEVSQVc4V09jUXF5SEJac25sQTIxck56UlBmVWpaVm5FWmNfdjNUSDkycEtycw?hl=en-US&gl=US&ceid=US%3Aen,Dronelife,10 hours ago,🚁 Drone Life,https://news.google.com/api/attachments/CC8iK0NnNVJhakoxZUY4emVITTJkV3B2VFJDc0FoaXNBaWdLTWdZdE5aYXVuUWc=-w200-h112-p-df-rw,2025-11-27T02:04:48.913666
"Pushing an end to the Russia-Ukraine war, Trump looks to his Gaza ceasefire playbook",https://news.google.com/read/CBMixwFBVV95cUxQWWphLXZXVXVQTF9qM0tNQTFjb1M5ZnVXV0ZWc253S3VIYWQwS241ZThJSHU3Xzd1Ync4NjZZNThsZzRyMnVNcjJWRDFtcVVmeGp4Yy1QQkU5MTU4VDBPVGhwaVdlWHVYZUlYTWJoTkdqdTd4cG02RlRiOGdfZmUzUWNPZzFyZWVEbDRJZHl2cHl3YmlUdUNNWl9RdTh0d09XZHZmOTJaVUEyQlc1V3p5T1JQVHRaNFQ2TlR5RmpGRDJnUjI3aUFJ0gHHAUFVX3lxTFBZamEtdldVdVBMX2ozS01BMWNvUzlmdVdXRlZzbndLdUhhZDBLbjVlOElIdTdfN3Vidzg2Nlk1OGxnNHIydU1yMlZEMW1xVWZ4anhjLVBCRTkxNThUME9UaHBpV2VYdVhlSVhNYmhOR2p1N3hwbTZGVGI4Z19mZTNRY09nMXJlZURsNElkeXZweXdiaVR1Q01aX1F1OHR3T1dkdmY5MlpVQTJCVzVXenlPUlBUdFo0VDZOVHlGakZEMmdSMjdpQUk?hl=en-US&gl=US&ceid=US%3Aen,NEWS10 ABC,14 hours ago,🇵🇸 Gaza Drones,"https://encrypted-tbn1.gstatic.com/faviconV2?url=https://www.news10.com&client=NEWS_360&size=96&type=FAVICON&fallback_opts=TYPE,SIZE,URL",2025-11-27T02:04:48.913667
"Israel’s Committed 497 Ceasefire Violations Since October, Killing 342 Palestinians",https://news.google.com/read/CBMiswFBVV95cUxPU1JLTWI2V2c2M1U5NTNsODVpS2IyV19Wb2lBRy1jZVJtdXkwQ1dQdFR0eFFiNmNabVRZemVCdEc1VXpESzZEdmNVaXNRTThGbUVyQ3FlaktDVGZtQjBsMEZ6MURhcm5XZ1FIRW9QVDg4OFNKYmJrM3lXR0ZDYjlWaHpjZFRvNk5PY0dqSEVCRTNOWlFleUo5ZWVrVkYtc040SkdWQi1IWnAxQngxWDFBT0pjcw?hl=en-US&gl=US&ceid=US%3Aen,Unicorn Riot,21 hours ago,🇵🇸 Gaza Drones,https://news.google.com/api/attachments/CC8iK0NnNTFUa3BWVlRWbVZFdzJXbFk1VFJDZkF4ampCU2dLTWdZdEJJaVBEUVU=-w200-h112-p-df-rw,2025-11-27T02:04:48.913669
"Israeli fire kills 3 in Gaza, 15 Palestinian bodies handed over",https://news.google.com/read/CBMilwFBVV95cUxNamo5c0hRMEd1MFlwRGt0ZmJ5dkp2ZFQ4ZUhyeldQanhaa1FlcEVIWXM1d0Jxd0Y3Nm1HanY1Umd0elhuUG4xeHp1b1RLMzdab2F5MkpWa2ZTUzVmeEVwSHFpdFY0MjJkcWVRdE1nM1hMZHZmR3VMclo0MVdYTmFYeTFFOFlPRXRlYXRhQXdOU1FnLVJjUkdv0gGXAUFVX3lxTE1qajlzSFEwR3UwWXBEa3RmYnl2SnZkVDhlSHJ6V1BqeFprUWVwRUhZczV3QnF3Rjc2bUdqdjVSZ3R6WG5QbjF4enVvVEszN1pvYXkySlZrZlNTNWZ4RXBIcWl0VjQyMmRxZVF0TWczWExkdmZHdUxyWjQxV1hOYVh5MUU4WU9FdGVhdGFBd05TUWctUmNSR28?hl=en-US&gl=US&ceid=US%3Aen,The New Arab,7 hours ago,🇵🇸 Gaza Drones,https://news.google.com/api/attachments/CC8iL0NnNHpUVWQ2TVRkUWNGVkdTMDV5VFJDZkF4amlCU2dLTWdrQlVJeXl1T2FaS3dJ=-w200-h112-p-df-rw,2025-11-27T02:04:48.913671
Israel kills trapped Hamas fighters in Gaza amid West Bank raids,https://news.google.com/read/CBMimAFBVV95cUxQR0FOSlRfOS0wdTFZb1h5emQ4TldOVzlyTDg4V0hJVEVoMUg1NXkyUlhGUC1OMFFwXy1FZGoyY0c3WVplY2NCb19GdFltRVdON00taFRsR0FyLTZrcHRmNlRTS0pHc3A4cE1ULXUzLU9zTnpITFdybThMQnBmVEZkRlVVLVo2SlA3NVZ3N255eHE2R29PNm8wUNIBmAFBVV95cUxQR0FOSlRfOS0wdTFZb1h5emQ4TldOVzlyTDg4V0hJVEVoMUg1NXkyUlhGUC1OMFFwXy1FZGoyY0c3WVplY2NCb19GdFltRVdON00taFRsR0FyLTZrcHRmNlRTS0pHc3A4cE1ULXUzLU9zTnpITFdybThMQnBmVEZkRlVVLVo2SlA3NVZ3N255eHE2R29PNm8wUA?hl=en-US&gl=US&ceid=US%3Aen,The New Arab,10 hours ago,🇵🇸 Gaza Drones,https://news.google.com/api/attachments/CC8iL0NnNHpUVWQ2TVRkUWNGVkdTMDV5VFJDZkF4amlCU2dLTWdrQlVJeXl1T2FaS3dJ=-w200-h112-p-df-rw,2025-11-27T02:04:48.913673
Deadly Drone and Gunfire Attacks Shatter Fragile Calm in Sweida,https://news.google.com/read/CBMiqwFBVV95cUxOczU5MVRJeEl2dnNBWlg3elFyejhfX1o2U1duclQwMHVhSzNMQ1JlTnZ3WTVEUXRtS0xYYnhYY1V4ckJFSHpQNlM0WS1fNlhGNXN4Z250Nzc5dWVjOUMwSlRmclVfZ0tzVmlyWXVnbUpkajR5YXNaS2JnTDFfbVJuZnRrUGotUDVNTG5jUkZ2MjJHSHRVN29Hd0ZhNUg0OTdOZURJWndSclZmMFE?hl=en-US&gl=US&ceid=US%3Aen,kurdistan24.net,18 hours ago,🇸🇾 Syria Drones,https://news.google.com/api/attachments/CC8iK0NnNU9NM1ZuUVRObFQzZHBRV294VFJDZkF4ampCU2dLTWdhRkpZNEVwd2c=-w200-h112-p-df-rw,2025-11-27T02:04:48.913674
"Cautious calm prevails Suwayda after ceasefire breaches kill two, injure seven",https://news.google.com/read/CBMia0FVX3lxTE5VbnJYYnlIVjhyd016N043Wl9DNDBXb1BkZmNna3RxZDFoOWhJal9fVXVXU1JNLUFBalltUHg3MDFUb212ZjZfSC1zVmNjTEw0UzhNOEpRNTcyMFQ4TWVXRi1hZkQ2cC1mWUdz?hl=en-US&gl=US&ceid=US%3Aen,rudaw.net,19 hours ago,🇸🇾 Syria Drones,https://news.google.com/api/attachments/CC8iL0NnNURXVGxrY0RaUVVWZFFhWFZCVFJDeUFSaWNBaWdCTWdrSlVJNkpPQ2FLVEFJ=-w200-h112-p-df-rw,2025-11-27T02:04:48.913676
Report / Haytham Tabatabaei: Hezbollah’s Elite Commander from Birth to Martyrdom,https://news.google.com/read/CBMimAFBVV95cUxNdlpVUjE0aG9rRU91MnFvZEx6Q18xcC1mUWY1SVRYbC1Wb0lmU0VFRUtWUGMzd1ZEMnZyVXd6djlVWUlyaDZ2T2RPZFoyOEg2MjNWcnl3QzFmWDBaRDNPc2h4dFdRWnd4TEVmc21ZQnpWTlVScXFLY3JyZDZtdWdFa0p6TXNQYTJHYjZXejEzbldCdVVkRW1uVA?hl=en-US&gl=US&ceid=US%3Aen,ABNA English,18 hours ago,🇸🇾 Syria Drones,https://news.google.com/api/attachments/CC8iK0NnNTJhamhQY0ZkYVJIbHNSV1JwVFJDZkF4ampCU2dLTWdZcFZvN3RKUWc=-w200-h112-p-df-rw,2025-11-27T02:04:48.913678
Belarus Boosts Joint Air Defense With Russia As New Tor M2K Systems Strengthen Regional Shield,https://news.google.com/read/CBMi2gFBVV95cUxPc2lCSmRiVVVTZDdBeG5EWk9lMm9ELVFhU3hrYUV2YUFBUmU5T1Bmd3c0cHEyTTlXT1pGbDVZSHBxYkt6bDdXeXRWZkJiT01uY0lHTVduaFdKZS1RVjhJcXpGSE5Jb0dwY2VDd1NEekpwQ0lPME9DaUVpSUQwcXM2M3VBcjJRUC14OG5RZ1FYRjNGa2NiNUcyd3Bta0JXN0V0SkRyYkVHd2gyM2gzQVFjcFNkVXRxVEVWTVZ1SWo5d2ctOTkta2pmOUxNcm9KX3ZfWF9IWm5UZWlWZw?hl=en-US&gl=US&ceid=US%3Aen,Army Recognition,9 hours ago,🇸🇾 Syria Drones,https://news.google.com/api/attachments/CC8iL0NnNXJaSFJJZG14eE5XTmpVRGhJVFJDM0FSaVRBaWdCTWdtUk1vb3BJaVo4YlFF=-w200-h112-p-df-rw,2025-11-27T02:04:48.913680
DEVELOPING | Body of one of last three hostages held in Gaza identified,https://news.google.com/read/CBMiqwFBVV95cUxQTkZMQjZXcUpvcVh0QXlSTmYwQXFRNTFTeU9HMmVKLUxwb2N0dXp4bVFuSTJ6Yzl0c3haUmVlTW1yQ3oyek5uak9yUEJVNkJXR1ZQLV84dUhWcWVCajJHV2tCYTFENER0TTN2QjhiaDNlbWIzeEk4M2R1RDk1U3BZWUpjVG5xeVdXd2s0WDBpNllaWTZkMllXNWNSZmdhZjl4TWVpYmRCSU5PMGc?hl=en-US&gl=US&ceid=US%3Aen,News24,9 hours ago,🇸🇾 Syria Drones,https://news.google.com/api/attachments/CC8iL0NnNXZWMGRIYjBvMGEwTnphWGxNVFJERUF4aW5CU2dLTWdrQkVZWWtubVBnU0FJ=-w200-h112-p-df-rw,2025-11-27T02:04:48.913681
Taiwan launches drone diplomacy to strengthen global alliances,https://news.google.com/read/CBMigAFBVV95cUxPNFRBYVJ4UENPdm1GWUwyUXVXcmtGeGJvdHprZWs3eTROVHRvZmxrclZidnp4d1R5dWRNdS1RdWg3Und4VEhaS2U3aktPa0FwRExHcGtFMFRyVEtBUTB6X01CTklfMGNmSVRORktXUHdfcThWdFdRU1MtTFhBZ2FkUg?hl=en-US&gl=US&ceid=US%3Aen,digitimes,2 hours ago,🇹🇼 Taiwan Drones,https://news.google.com/api/attachments/CC8iMkNnNU1WRmRVY0dkalFVMXRMVXRmVFJDckF4aUFCU2dLTWdzQlVJVHR4Q0s0S1JwWmVn=-w200-h112-p-df-rw,2025-11-27T02:04:48.913683
"Taiwan Rolls Out $40B Defense Supplemental to Fund Air Defense, Asymmetric Capabilities",https://news.google.com/read/CBMiugFBVV95cUxNUmU3Z29iVEpSakpjU1NkWVk4TE5OaWN4cHJjT1puaWZuR0RsWlF4em91N0E4VW5keG1EcVZJYjNaS0hqb1dYNS1yQlFoNnZqbnJ2VzRKYmtwaXVISjJ5YVEySDRRMlRmZzdmWXRTTmNZT0lZQVF1UEtTV1U5b0QtSWNjSGVnSTFQRXZkcHNvQ0FWdTFxcVI2WVhrRVNxWmdSektkWmxuQWZJRHZzVGF3SU1QcU5JazRabFE?hl=en-US&gl=US&ceid=US%3Aen,USNI News,7 hours ago,🇹🇼 Taiwan Drones,"https://encrypted-tbn3.gstatic.com/faviconV2?url=https://news.usni.org&client=NEWS_360&size=96&type=FAVICON&fallback_opts=TYPE,SIZE,URL",2025-11-27T02:04:48.913685
Taiwan plans extra $40bn in defence spending to counter China’s ‘intensifying’ threats,https://news.google.com/read/CBMimAFBVV95cUxQakdSeTZLbnZPNUFCYXJpemxJTi05Y1p1ZHAtUVYyVC1Hek1xNTZ1MjhrWnJ1S2RhTUJMSXd0OHRSOXgtMHhjWnc0TUc3OEpnZ0xoNFhRUTZlNE9ULXNtMEItYVZIa0oxdkVTTUdhcU5RTWpGX1RWT0tSekZ2NDNVeHNlRnUzano4S2lZemFtblM0RXQ4eVdiSw?hl=en-US&gl=US&ceid=US%3Aen,The Guardian,1 hour ago,🇹🇼 Taiwan Drones,https://news.google.com/api/attachments/CC8iK0NnNXJlazQzWlRaM1ZFVlFVbFp5VFJDMkFoalJBeWdLTWdhTjE0Qm54Z00=-w200-h112-p-df-rw,2025-11-27T02:04:48.913687
Taiwan unveils 'T-Dome' missile shield modeled on Israel’s Iron Dome,https://news.google.com/read/CBMiY0FVX3lxTFBxTmQ0T2xid1FDUXZtd0VvaHpKcE0yQzR3bzJTWXdkNXRNYVZOaV84X3c5SmNVaTNVMmJMMHROdG9HRkZ3MzlnUW92Nmcxb3ZOSldLRWFpeG5hZHpwNzVPZVF3cw?hl=en-US&gl=US&ceid=US%3Aen,The Jerusalem Post,13 hours ago,🇹🇼 Taiwan Drones,https://news.google.com/api/attachments/CC8iL0NnNVNRa1UxZWxWU05XWTJTa2hDVFJDZkF4ampCU2dLTWdrRk1JYUt5U1NpWlFJ=-w200-h112-p-df-rw,2025-11-27T02:04:48.913688
How to Enable Taiwan-Ukraine Defense Cooperation,https://news.google.com/read/CBMijgFBVV95cUxOQU1XV3paZmtuSjZfUjVjS29nSU94a2drNThmNlhzd0lpNlpsUG1pR0hBeUtjb0NvRThrR2tJZmZMNHl3VXhfeThyb1BhcU1udkpseHdYdHhRSWJLZWR6MGc2Q01lZmR1SEFmeVBFWkNweC1OcmpxVmw3WGpueUlOdG5GazdPTUxIZDR0eGFn?hl=en-US&gl=US&ceid=US%3Aen,nationalinterest.org,20 hours ago,🇹🇼 Taiwan Drones,https://news.google.com/api/attachments/CC8iK0NnNWFibE0wWkdoNVluTkpkSHBGVFJDZkF4ampCU2dLTWdhdEFwQlFpUW8=-w200-h112-p-df-rw,2025-11-27T02:04:48.913690
US offers drone firm Zipline $150M to expand in Africa,https://news.google.com/read/CBMiqAFBVV95cUxPOWhmZFBub3p2YWkya296RGVTcU8zNzlSMkJFcC1DWjhxUkVJd2lPRC1oMEd6dzdYUVZOTFdSSUhmWnFTTzVKVWtOUEVSajl1cjUwWWhBaXFydFBwcjVLR3ZwUndJUjJYTkFURmQ0VnFaNjFubmdCT1FFb2lvWXRPcHkzODBOWGVMRnZkb2NHVG5oZkZ5TldndXZLWC1OZ0lteHdtY3BhZGs?hl=en-US&gl=US&ceid=US%3Aen,https-//www.semafor.com,11 hours ago,🌍 Africa Drones,https://news.google.com/api/attachments/CC8iK0NnNDBMVEZFVDAwMmFqbFRkV0ZZVFJDd0F4akdCU2dLTWdZdGtJNnVzUWM=-w200-h112-p-df-rw,2025-11-27T02:04:48.913692
Drones prove their worth in measuring livestock methane in Africa,https://news.google.com/read/CBMiqAFBVV95cUxPMkxWTF9WRE8zYXg3OU5KVkloa0RFb010VDY0OEFoOGZDOW9OejN2RURSQXB3UExuazNORkJHOXRhUmcwczkxcmJ0ZkNCYS1zZld4OHJYS1N3dlpONkhpN2tHREg3Z3ExUFR2TnBhZm5ZaHp0VGwwRnZOTjV1MnBzNVRZSkY1SUZYTXNSMks5dl9fdmJveFh1UTZNak5lb0pMTHcyektDWUE?hl=en-US&gl=US&ceid=US%3Aen,CGIAR,16 hours ago,🌍 Africa Drones,https://news.google.com/api/attachments/CC8iJ0NnNVhUVkpVVUhoRFFsWmFNVkExVFJDLUF4aXdCU2dLTWdNQjBCSQ=-w200-h112-p-df-rw,2025-11-27T02:04:48.913693
Africa's solar power revolution driven by China's investment,https://news.google.com/read/CBMiogFBVV95cUxOT2szQlVOS1dOWkhXa0JyLWIxUmxJNTJOZEo5dHRZcm1Ka2dCS3hncmFZcTB3NGg3LUZSODc3UFJMNVFXdFh6VWhveW1PVGVaQ3U5enRLTkJXUGdRSm9wSENCVUZVVUVaeElnNG9NaUpZTE1KTF8wbkJkcWlLaTg5UWRGb3VlbU1JVElsQmdiX0QyQ3hQaVRULVB6ZVVRNG1ILXfSAaIBQVVfeXFMTXBqdUpUdFJLSV9jeDhKZ3dlSkRwYmRuX3JxVmhGOHA0ZkJ6V0I0NVVZcmUwTnUtNHVLQXlVZy0yU2xLNk9WUzlDdnJGRDVLSmxuRWZldW9vQUtoQVJ5d21IVG44cGpSQ0lFdHpNbWR6eF9DR3VCbExTTTBEZGtKYU1FbE5WMDh0eUlrdVFHOVhtcGZqN3BHYnY0bEZneVp6b0hB?hl=en-US&gl=US&ceid=US%3Aen,dw.com,11 hours ago,🌍 Africa Drones,https://news.google.com/api/attachments/CC8iK0NnNW5TbFJPYTNGdFkwSktkbWhCVFJDcUJCaXFCQ2dLTWdZQlVKYnBwUWM=-w200-h112-p-df-rw,2025-11-27T02:04:48.913695
US To Provide $150 Mln To Zipline For Drone Delivery Of Medicines To Africa,https://news.google.com/read/CBMitgFBVV95cUxQLU1HWW5IWmx3RFpuTWFDX1J6UWRtaXg4V29uZVZWNlA4NVFMMnYyS0ozM1BlUzVTX2RoYVA4WmpsVGowcmI4WnhGd0duTDVlNHhfVXFjNHZBNFVMRlVFREdpcVNkdFVDcUJxc3JNakFMS3FMeGVmRjluMHMzVnlrNmMzVGkzVW05SkpvN3VOVTZXUGk5UWVwdU40bE1uaTVkeDBydTdIVERvS2NoalRnNnE3ajJpZ9IBtgFBVV95cUxQLU1HWW5IWmx3RFpuTWFDX1J6UWRtaXg4V29uZVZWNlA4NVFMMnYyS0ozM1BlUzVTX2RoYVA4WmpsVGowcmI4WnhGd0duTDVlNHhfVXFjNHZBNFVMRlVFREdpcVNkdFVDcUJxc3JNakFMS3FMeGVmRjluMHMzVnlrNmMzVGkzVW05SkpvN3VOVTZXUGk5UWVwdU40bE1uaTVkeDBydTdIVERvS2NoalRnNnE3ajJpZw?hl=en-US&gl=US&ceid=US%3Aen,RTTNews,16 hours ago,🌍 Africa Drones,https://news.google.com/api/attachments/CC8iK0NnNUJTazVxZVUxb1dHcFNNRzVGVFJEVUF4aVBCU2dLTWdZcElveU9HUW8=-w200-h112-p-df-rw,2025-11-27T02:04:48.913697
The US backs Zipline with $150M to expand drone deliveries in Africa,https://news.google.com/read/CBMiZkFVX3lxTE43dXhJcU1jSnVPY3ZjbEZXU19ueDYtX1lqOExGYVZyWldBSzR5d0RkUmh3QmFjSVRpZ3RMUzRPSF9nSzlKLXBNWFR3RzJDUW1tYktDMEVOYngzb2VUYkJZVS1WdlR2Zw?hl=en-US&gl=US&ceid=US%3Aen,Techpoint Africa,19 hours ago,🌍 Africa Drones,https://news.google.com/api/attachments/CC8iK0NnNURWbEZUYVRkYVNIcFlaR2czVFJERUF4aW5CU2dLTWdZTkVJSnB3UUk=-w200-h112-p-df-rw,2025-11-27T02:04:48.913699
Zipline Receives $150M from U.S. State Department to Triple Drone Delivery Network in Africa,https://news.google.com/read/CBMiwgFBVV95cUxPR0dSeFh1eGZsTUlGa1ZRcVFQdVRsTWpBMEFfQlhtTkVkUHp2OV9IbEhPckU4R3BjLUFzUzBIeXI3Uldxd3B2dXpYOEp4MTRVdkhYTTI5Z1N3N21YbEpNVG5pbGNZS29TbDBFU1gwUEJhN0tuMHRBc0NUb3RxM3lWMnRaUXJSTmVvWjBjc2FwLWhlV1VZbERaYXcxTU95WDQyZ0RJV3RJSmdGMWNTeHd1LWZEZ3dNZ0pFRzhjdHlFdlBudw?hl=en-US&gl=US&ceid=US%3Aen,Digital Health News,14 hours ago,🌍 Africa Drones,https://news.google.com/api/attachments/CC8iL0NnNDVXRGN3VG1jeVRHRnNWbTVzVFJEd0FoakNCaWdLTWdrUk00WlBxZWFTTWdF=-w200-h112-p-df-rw,2025-11-27T02:04:48.913700
Amazon drone deliveries in US face more ‘problems’,https://news.google.com/read/CBMiywFBVV95cUxPQ1RabVBocEVFaWpSOElieUxSOTFsZ1gxY053U1hRUmRITHdTRU9OTDVVWmstYVRuUElHS1BsUVRuRG5WNThZamt4V2ozQUpEb1hhR2JhcktGempFUnF3YnR4VHZXdkdIUThHeVFzSjFnVFN2NFhUVzJzcDAxaklveGh2SkpxVG5Lc3J3dWRUbkRXcVUxNTJlcDdvLS00R2g3M0ptUWVYU2M2dkJBOURfZkM3ZFpONG9rZEF1cXVPUUYtTkFDVWhxRnVVNNIB0AFBVV95cUxNbmtBNmpPVVhpemhWMnBHcGVuSllJZ3RfVFJTMHNhWjZHOUFhaEUyUmduLWNzYU9lWHAxVEFjQ2hncnlqVXhxNlpOdTc1SjI2NWVjeVNoNGtiYzE5dWR6bFp1V1RoX2VpZms3SXBnNV9QNmxuZ2g3S2JVZXVoU0t5TUw1VzNHSnBuWDhPdWlKNFFrVy1IaVA5RFNHYlhfT2luc0NmTEhkSmJfVngxQ1ZpM3V2ck1WTl92Qmkzb2M4a1REY2dtdEZ0WWdQclJsX1I2?hl=en-US&gl=US&ceid=US%3Aen,Times of India,7 hours ago,⚠️ Drone Incidents,https://news.google.com/api/attachments/CC8iK0NnNWhVMUpIV2tkcVJGSTJVVUpLVFJDZkF4ampCU2dLTWdZWk5aYk1tUWc=-w200-h112-p-df-rw,2025-11-27T02:04:48.913702
FAA probes Amazon after drone downs Texas internet cable,https://news.google.com/read/CBMiswFBVV95cUxOQmlwNW5mMnBCOVQ2d0h0S2NLWG9WOUFiZWVDV1hDd3pyNG10Z1ZQRTFlT3Q1THo1Ukp3TVBudElINl92Mms3N25DeDZYZEZpYTBVY3ktSXh5YWsxRkxGVEdJcW5YMEJBQklpSERyV2p5U0QxSEhQVmMwQV9vRzhveEtVTmlFNmZ2X3p5eTdSdlZ1aElwdFlrd2VlOVBpbzBaOF9hWkNRMHpzQlRoazBOSmpZTQ?hl=en-US&gl=US&ceid=US%3Aen,Honolulu Star-Advertiser,10 hours ago,⚠️ Drone Incidents,https://news.google.com/api/attachments/CC8iK0NnNXpSVGhNVEd0algxRXdVeTFIVFJERUF4aW1CU2dLTWdhSk1ZUXUxUUk=-w200-h112-p-df-rw,2025-11-27T02:04:48.913704
Camp Blanding hosting largest counter-drone destruction exercise,https://news.google.com/read/CBMi2wFBVV95cUxPYVZQY1EzeDk4SjNjeFNLeEkzNTFXUnM2TllhSjRDaDBqQ2hDZDE2YUtjVWliZnU1VVN5Ul9kcEtUeGhlam91LWNBX1Q4aWNIeHk2UTZSdzctY2ZleW1qQUx5c1ltUHJuV3FMdDBLNEpkUENrcDBGUTNnSWE5MVBwYlBNZGIzd1RkeS1ONjUxejR1cWJZZUZ5QUZKSm1vdERMdm1nYVIwY2I1cGthYUF3V1JEYlBfeGY2dUJsNzUzVzlYNG5Gc1hoaDUxYTZLeDAxemlZRDZOZmRnSHc?hl=en-US&gl=US&ceid=US%3Aen,Action News Jax,2 hours ago,✈️ Airport Drones,https://news.google.com/api/attachments/CC8iJ0NnNW5kMDlHU2twblYwa3pOamhVVFJDb0FSaXNBaWdCTWdPQlVBRQ=-w200-h112-p-df-rw,2025-11-27T02:04:48.913705
United Kingdom sends troops to Belgium following drone attacks and suspected Russian action,https://news.google.com/read/CBMirwNBVV95cUxNMUl6a0d2RlkwZlZMbXZCOUN4eFRPcDZQbXZNYVBUYmYzMzFkUEFJR1I0MVBrbVVqdng5N1hIeGlydThVbDlkb2hmd2N5QjIyb24zZ01zSjU5QUxUbkRtVU9qeFhuR0diTGowd2cwY0o5Q0xreFZkWnI3OUhXejVxZG5HRTJkREhIUVVBaE15UnhzWGhmcGhnMm9CNV9lNml5VjVpS2tFR0wxTzYtankxX3UwVllvRUtMVmlWRl9HNFRFX3dRbFlDaXpoVVpTRzNzeXg2WDJZaXptcFV1MVBHWC1EUmlxRTV1VmtSb2ZUeW5XQnRBUHlHV29kUU1KbkdLRGZZNjR2VlBjajlMcWlTQldJY3daUEh2RGQwRkk2UWlTMXFYZ3pKbDc4QkJYcjBjcjlwYV9OSUNCQlRYTC1RcUxteFVVdDlWU1RfRGt1ajJvck11em5fSFphWExDanRFNmxWU3hSS0UwNlBYLTl5TWJSdWZFbXd5UU5fUkxaQzdmRTdWWGlXb2U1RGZ2OW4wM1lJSmhnbzhvLVJ6NXRJWWJVLUh4elphT21WbFN1UQ?hl=en-US&gl=US&ceid=US%3Aen,MSN,7 hours ago,✈️ Airport Drones,https://news.google.com/api/attachments/CC8iL0NnNU9SazlCYWtWMmVtNXJjR2RhVFJDZkF4ampCU2dLTWdrQm9KQUNPLWRqc1FF=-w200-h112-p-df-rw,2025-11-27T02:04:48.913707
Venezuelan Airspace Dangers Rise As Tensions With U.S. Escalate,https://news.google.com/read/CBMivAFBVV95cUxPY0Z0UXlGUHQ4Z0lqaHc0TnA5TmhpTW4yNlh3TkpQTXk4VXFZTzdJR3VsUXQ5SEw4dVJhcUhmbFc5blFQSmxaX3czNVFCcTZGVkI3VzRlV2NHZk9pN0FURVNVSDN2VGkteHQ3M20yMmFuZTFyV0Q3SWxha2J0ZlY2RWZmZE5WdVEzd2VpUDM3QnQweWREOVdwWmI2ODltVDBCbGVkMmRKV2FBSFM2d2hzcWhIa005UUU2MnlHRg?hl=en-US&gl=US&ceid=US%3Aen,Aviation International News,10 hours ago,✈️ Airport Drones,https://news.google.com/api/attachments/CC8iK0NnNW1lWGswVWxJMWRUQkVSVWxPVFJDakFSaTJBaWdCTWdZUkE0Yk15UVE=-w200-h112-p-df-rw,2025-11-27T02:04:48.913708
Transportation Secretary Duffy says he wants airlines to serve healthier snack options,https://news.google.com/read/CBMi3AFBVV95cUxONk4zaFdSa3RrMnlLaGNiTDM4OS1HbTc3SVBlbkduM3RoZmdmRV82dlhDUloxSFQySnVCSEZQdkMwNU1TMDNvSFAxeTFuOUkyOXF4VVFtWU5RVGZDOVF1ZWlsNW1LU1Q2OEpXeXI1aGQ0YjVJdl9kekVUVVVDRGN3Y2V1Q2JvbGk5MGtqMC11YVpudlV0TXRYNjZ6WWd6MkgtaXhPWmlicGd3NlBFSHpicGIzc1lzRXBlQWNtVDZnZUJvUldMTTRQOXgwdktoSUExaWdDU09wVXJCY1Vt?hl=en-US&gl=US&ceid=US%3Aen,WPEC,4 hours ago,✈️ Airport Drones,https://news.google.com/api/attachments/CC8iK0NnNXRaRVZXVmpZeFRsOXdUR1ZYVFJDcUJCaXFCQ2dLTWdhcE5KcXVHUW8=-w200-h112-p-df-rw,2025-11-27T02:04:48.913710
Unique glimpse behind the scenes when drones appear at airport,https://news.google.com/read/CBMi1wFBVV95cUxPYkdxRlRsbzIxVXhKQmJDdldldy1qMWlrcG42anZLRUlDQnpqU0RCN3FnajVic1l0dHRDdU1CLV9ybVVrWjFYeEpsbE1OeUNvb2w3SUNubzEyY3VwdF94d3lwa1o4cmNJWFIzdmtPQjN6S2IzNkUwWnIxQU5wa3BFZmV5ZEYyZXRtYlJzMjBDZE0zbkxFS0doVzgxOVJHY3phSEpwTDVmdlJPOWNFSXVlN3ppVzlYSmhLdDJPLUtpUk9RbTNFRlN0MnVaNDJKeThCelUyUDRZVQ?hl=en-US&gl=US&ceid=US%3Aen,Eindhoven News,14 hours ago,✈️ Airport Drones,https://news.google.com/api/attachments/CC8iI0NnNVNVemN3TmxKalRFUkRRM0kzVFJDZEF4am5CU2dLTWdB=-w200-h112-p-df-rw,2025-11-27T02:04:48.913712
Mother sentenced to life in prison for murdering her two children,https://news.google.com/read/CBMipgFBVV95cUxNSU9TekxkSlJrcDNaVnNXWHdCRV9NUXM1QzZSckk0clJoM1N2c2RHRktESG9xdll3VGxkRnNrbUVXM3pxMlA4Y25ZSTA2eUZ5SU9UejJ3Y1N5a3NzeWpiV0dzLW1WRGRMWmlUdW1USmV1ZnluU1V3SG1pcXFSM3JZYXM3TVo4ZkxzMkItZjdjb1doMUl0RXJFV2FSZWtGVGc1Sk0xZ2lR?hl=en-US&gl=US&ceid=US%3Aen,CNN,9 hours ago,🏢 Prison Drones,https://news.google.com/api/attachments/CC8iK0NnNUxZbUpxVVY4dE9WZGtiSFJyVFJEakJSaWZBeWdLTWdhTk5KSm5vZ2M=-w200-h112-p-df-rw,2025-11-27T02:04:48.913713
Ghislaine Maxwell holds mysterious box as she returns to Florida prison after meeting with Trump’s DOJ,https://news.google.com/read/CBMifkFVX3lxTE5qYk5VMzVzdE9PMEFuMVVicHp6Mmc5N0FrLXZoQXRlMUNqSnRaX1E0VE9XSk5DNDFSTWk0Mnk0SE54UE1kUGw3dlBwa0JmYkl4LWc0SlFhSjdGRGt2Qlo1SUhjY0VBa1BvMDF1bHppdDZoRjlyRzEtbGNKb2Jvdw?hl=en-US&gl=US&ceid=US%3Aen,AOL.com,10 hours ago,🏢 Prison Drones,https://news.google.com/api/attachments/CC8iK0NnNXBWRzlrV0hWSGRuUkJYMEY0VFJDckF4aUFCU2dLTWdhRmNJcVlVQU0=-w200-h112-p-df-rw,2025-11-27T02:04:48.913715
"Police: Ranshaw men, inmate charged for attempting to deliver contraband via drone to NCJ inmate",https://news.google.com/read/CBMingFBVV95cUxOTC1PMjVBUjJBdk1qNWFmd0djOV9EVVpDQmxMNlljRVhMSmVlYmlsbUZTNjVMOVQwVjVkc2VJdjBGZzQ0eld6emttYkJnU0RRR05PR2ZCWkpMUVVzN182cWZfRVVjb3lHTlFBZVctbEY3UC0xQXhZT3BDdU04dnByTk5kdzAwREhHSk1hTVIxcEV3MUhNdk8yWkV5cnBSZw?hl=en-US&gl=US&ceid=US%3Aen,standard-journal.com,21 hours ago,🏢 Prison Drones,https://news.google.com/api/attachments/CC8iJ0NnNHlPRWRwT0c1RWFYY3pURXh2VFJEVUF4aVBCU2dLTWdNQndBQQ=-w200-h112-p-df-rw,2025-11-27T02:04:48.913716
Tasnim journalist still in Israeli jail after nearly 3 months,https://news.google.com/read/CBMingFBVV95cUxQcHJfQmhjOVNYWDZxc0h0SDhlUHhYTXk0WDZ4TW1jbVpza3A5MmNpTjkyLTRpZDFPWURuZWlqak9XNWtFZDRUNWpTa21lLVZxbEozN21RNHU5SkRlNnc3TWhGWE8zN2Rya2VVRHRIUHBQTzlmYUIxRDgyeUZsQWVFbjZHLUJkeXRIc2JoMDRkNHoxRXgzbGQxb0hRNVpPUQ?hl=en-US&gl=US&ceid=US%3Aen,Mehr News Agency,11 hours ago,🏢 Prison Drones,https://news.google.com/api/attachments/CC8iK0NnNVZlV1JoV2xOdGNXeFlWekJ1VFJET0F4aVlCU2dLTWdhbFpaRHNKUWc=-w200-h112-p-df-rw,2025-11-27T02:04:48.913718
France's highest court upholds Sarkozy's conviction in 2012 campaign financing case,https://news.google.com/read/CBMiwAFBVV95cUxOSWswanNZQUFjRTdXaFp2a3kwYUZJaUpzb2xSUi02Q1BxOGdZNFpBNVQyMUpsZDF1TFFwUkdhbS16THVtZGNWaXROMTA1M09uS2JXdG9oVExWWDBhYkNCV2luM0lhNU9TRERMRzhVc0hvUlZ2b1JSVTZPaHNxdWg4ZlI2OWs2UXZkSUxmaWp0cm9fSkxWRDdPa1V5a01hakFvSFdReE1ZMVE4Y1d5ckF1YXRzbzFFTnF0UjZlRXNodHM?hl=en-US&gl=US&ceid=US%3Aen,The Straits Times,11 hours ago,🏢 Prison Drones,https://news.google.com/api/attachments/CC8iK0NnNDVkMVp5YlV4SGNIWjBkVk0zVFJERUF4aW1CU2dLTWdhcFpaTE9MUWM=-w200-h112-p-df-rw,2025-11-27T02:04:48.913720
Where is Imran Khan? Why are his death rumours circulating online again?,https://news.google.com/read/CBMikwFBVV95cUxNSGxnN2d0MXFrc3NBNVZ5RHR0aUYxQXppclNObVBxY0pyNzFNQ2pFNjNPMUFSZ2ZGTlBSd2FsWjhKT0pyVG5nS3NmWVFETFljWHFtS3JqREQxZlZHTGJPbEtEbjdvcDdCNTQ2MHdkemZRdDA0QThoOG9KLWloei1FRXAzelVFQzlqQ3NxMlBZd1gteHfSAZgBQVVfeXFMTWVLS0lHNkZiY3RCa3RuWTRDU1hsZk85VzRZNWw5WWwwd29QQXlQR1N0bFc1TUQtOVU0WFJzdnE0UXhubnhGWjM5OEhlcHRuY2RjNnlIbXJfYTN1U0xjcDIwczFrc0dfUjVIZDAwRGhtRXF4OF9qa09fNFN2Vy1ZalExZkJKNXRTQU1fS3ZSLVhnb3l2LVF0Rzk?hl=en-US&gl=US&ceid=US%3Aen,Firstpost,12 hours ago,🏢 Prison Drones,https://news.google.com/api/attachments/CC8iK0NnNXpRWFZXTWxKbk1WVkRaSE4zVFJDb0FSaXNBaWdCTWdZQlVKS0VMUWc=-w200-h112-p-df-rw,2025-11-27T02:04:48.913721
Trump’s ‘drone guy’: Who is Dan Driscoll — the unlikeliest envoy in Russia-Ukraine talks?,https://news.google.com/read/CBMi7gFBVV95cUxOREthVENKUXBhYWxGWUd5azh1bHVHa2h4LU5WMHRTSjRLSElMS3drTmhpT1plblNsUGRSOW84Y1dReUtETGNLbHVzNElad2dkSjMtalN6M19rcUN3Q1dNU3VJNU9hUnNsNVFfdUh1Q0dMY0plM0hyUmxJWExheGo5RkZ1eWVHSHVDaVRIa2hFb1d0RG1zUmgwbExGdldjUjZoX1NIVWc5emtnTnlrdmtVZFVvWEdoeW00LWVWQ0JwektDd0FkZ3Y4RC1iYlBqdVVoNGw4RmlKa2VaUno1aFdRR2FKWlFkX1pJTHZaTTd30gHuAUFVX3lxTE5ES2FUQ0pRcGFhbEZZR3lrOHVsdUdraHgtTlYwdFNKNEtISUxLd2tOaGlPWmVuU2xQZFI5bzhjV1F5S0RMY0tsdXM0SVp3Z2RKMy1qU3ozX2txQ3dDV01TdUk1T2FSc2w1UV91SHVDR0xjSmUzSHJSbElYTGF4ajlGRnV5ZUdIdUNpVEhraEVvV3REbXNSaDBsTEZ2V2NSNmhfU0hVZzl6a2dOeWt2a1VkVW9YR2h5bTQtZVZDQnB6S0N3QWRndjhELWJiUGp1VWg0bDhGaUprZVpSejVoV1FHYUpaUWRfWklMdlpNN3c?hl=en-US&gl=US&ceid=US%3Aen,Times of India,14 hours ago,🏢 Prison Drones,https://news.google.com/api/attachments/CC8iL0NnNW9RM0JuUXpOVExWSkVOMVp2VFJDZkF4ampCU2dLTWdrSkk1d3pFV3U1U1FJ=-w200-h112-p-df-rw,2025-11-27T02:04:48.913723
Wheatfield prison CCTV shows prisoners collecting drugs dropped into yard by drone,https://news.google.com/read/CBMi2wFBVV95cUxORWllZE4wZ1FwQXl3UjJ4eUUyY2JINVlLbnJERVVUWmdkODR6WWtnRU1VX1U4RkcxbmhBVGtiekVoMDFfMHcwMkJIdFhpZ2NYNWFrcG5ORDN5Z0d3Z1VpSm9mdXA2cnNqTHRORnBudFZqM3kzRFd4c21Icmp5S0pyN296UEVwMDJwUHpuX1l4YVlBMVN5MnNDY3JabDdjUFctLVhsTXhQMHJOd3cwbms0d0VEWjRweTBKYVkwckVuaDU4MDB0LVE2cS1HVFBrTGlKN2JQYXRTSjNKQUU?hl=en-US&gl=US&ceid=US%3Aen,The Irish Independent,20 hours ago,🏢 Prison Drones,https://news.google.com/api/attachments/CC8iL0NnNUJOemxYWmtOWVZqRjBWMjUzVFJERUF4aW1CU2dLTWdrUmNZb05PU1dhNndF=-w200-h112-p-df-rw,2025-11-27T02:04:48.913724
