Title,Link,Source,Published,Category,img,Scraped_At
The Army’s Race to Catch Up in a World of Deadly Drones,https://news.google.com/read/CBMibkFVX3lxTE5HSUstdlFjdnNNLXAtZjVFRHRGcnhjdmpRUGZaWUNtSG9vLWh5ME42d2NULXhVSzI3UV81UTM1em10ckszaTZJbzEtUzdwU256YjlGX3IydkN0anZaMEVCR0dXbHpNYVdSMkpHZGt3?hl=en-US&gl=US&ceid=US%3Aen,The New York Times,1 hour ago,🎯 Military Drones,https://news.google.com/api/attachments/CC8iK0NnNU9XSE5rZW0xd2VIWlFhbDlRVFJDbUJSakVBeWdLTWdZQmNJanJOUWM=-w200-h112-p-df-rw,2025-10-09T18:40:07.811633
Taiwan Says Anti-Drone Measures Will Be a Top Priority in Defense Against China,https://news.google.com/read/CBMiygFBVV95cUxPekxIellNUlQ5YXc0TUxHaFlNelJveGRWdEFIR25mUDJmbmpabXhQc1g1a0Jid0J0V2dsUjYwbGthb0Z6Y0NKT3lyY1dXTk44ZUpscUlQczBwajB5MVZJLUdKclZhQ0ZENkxzM21HSkQyU0lVekozWXgtcjFNeWdZRzJDQ3NKR0d6NEk1TFVUQXNiU05tNkhSMnhaYWN0Zlo2c3RnVm8yUG5YS05HakcwUVVSZk01RWp6Z1F6NU9JaVBfMEd6ZUhvbl9B0gHKAUFVX3lxTE96TEh6WU1SVDlhdzRNTEdoWU16Um94ZFZ0QUhHbmZQMmZualpteFBzWDVrQmJ3QnRXZ2xSNjBsa2FvRnpjQ0pPeXJjV1dOTjhlSmxxSVBzMHBqMHkxVkktR0pyVmFDRkQ2THMzbUdKRDJTSVV6SjNZeC1yMU15Z1lHMkNDc0pHR3o0STVMVVRBc2JTTm02SFIyeFphY3RmWjZzdGdWbzJQblhLTkdqRzBRVVJmTTVFanpnUXo1T0lpUF8wR3plSG9uX0E?hl=en-US&gl=US&ceid=US%3Aen,Military.com,8 hours ago,🎯 Military Drones,https://news.google.com/api/attachments/CC8iL0NnNVlNVlpLVkZaQmN6Vm9MV2hMVFJDZ0F4anRCQ2dLTWdrRmNKQm10V1lkS1FJ=-w200-h112-p-df-rw,2025-10-09T18:40:07.811649
173rd Airborne Brigade innovation team in Italy setting course for Army’s tech future,https://news.google.com/read/CBMingFBVV95cUxOUjhCYVM5LUx6RUhJcHFxNHRKSGk1SUdKcUMyWC1RelZGdXBuQkt0eUtaLVlIX0Z5ZDB5OGY0YjdNeWVUeFFjZDlhUXpMWTZXakRKa3ZPVlFtOXdSdjVlMkhPYXFFSXlzQ2Fid0FZN3Ytb01NcGtDZFB2M1ZzSjRTbndTT0xqV3lXSWRrSGF2bHB2QnBfV0pFSVpfbnZDZw?hl=en-US&gl=US&ceid=US%3Aen,Stars and Stripes,3 hours ago,🎯 Military Drones,https://news.google.com/api/attachments/CC8iI0NnNWZSV1IwVnpoM1IwMWtaSFI2VFJDeEFSaWNBaWdCTWdB=-w200-h112-p-df-rw,2025-10-09T18:40:07.811652
Global Military Drone Market Projected to Reach $30 Billion By 2035 Generating Rising Revenue Opportunity for Manufacturers | FinancialContent,https://news.google.com/read/CBMiqwJBVV95cUxNOVlOSkpFY2ZucjkyMGdOR2gweG9rcVFXVGFsT0lIa1BFNmJ3aTNzNUdxVkp0TWEyckxXcVFnb0pQTXdSenkxVWlRaUhFc1B5T2w3Z3d1TkZ5c0o4dlozSE91LTBsSmJoclJCbTg4VUlSV0p0al9IcndaalBLTG9ZaEZZdzFwYUpxaEc3UTRvbW9BVGh0VVV5ckxMSF96ckhQc2steWJLSHVmYlNnaTZWejJSR0lMaV9SY01BZ255VWpiYnhuTWlGUjBXdXRfVGpkY2cySjlQc3F0ZHJWQm1QSjAyd0JVa1VjaXVHX2dQNG9yTHhVc183VEFDMW5WQkI4TW5HWDM5eXE5TWZPaDZ0Z1U4YlA1VXVIYnkxSFl6c0RwODlmWW5SRDVBcw?hl=en-US&gl=US&ceid=US%3Aen,FinancialContent,5 hours ago,🎯 Military Drones,"https://encrypted-tbn3.gstatic.com/faviconV2?url=https://markets.financialcontent.com&client=NEWS_360&size=96&type=FAVICON&fallback_opts=TYPE,SIZE,URL",2025-10-09T18:40:07.811654
Combat mass and speed: Europe moves to unlock Ukraine’s drone insights,https://news.google.com/read/CBMivwFBVV95cUxNYW16aDFFUE01WXNLdGhwY0NKRjJLN0RHNk9sOFRGcUlZLXJfUkxNR2J3Umx5YkplcVIzc0dhX0dTODFzZjdOZHFUUGYwV2ZTMmNWMjVsaW5MQm55NVQ2UC1vTzQzbHBrVGVsRVBmdTFiMzNWMVJTVlU1aWI1WlQ1SWwtVHVkUzhsdk82cU1iZHpoTDF1SHBLb1FNdXhwZ0R1VUpVbDhlWWVwSkhaMG1FTGx2UnNBWjg4c2xMN2ZFYw?hl=en-US&gl=US&ceid=US%3Aen,Defense News,8 hours ago,🎯 Military Drones,https://news.google.com/api/attachments/CC8iJ0NnNHRTR3RqYjNRM2FGcEJNV1pPVFJERUF4aW1CU2dLTWdPQldSSQ=-w200-h112-p-df-rw,2025-10-09T18:40:07.811656
"U.S. Army Scraps $1 Billion Tank, Bets on Consumer Drones After Experimental Brigade Triples Kill Rate",https://news.google.com/read/CBMigAFBVV95cUxPSmZFWG1EUk1JUGdJMjV0dUdTME9lU3I4ck1DRFRmb28yMUZiWmUwVEpMV1U3YkpiUDlhYmFVVUhTZXhaNXdNbFFja1kxd0VwUURrSXVYUVRvM0J5ZEdDZmpuVW5nbHN0VWJHem1hc3MxQU80T0NzRVFubWdVaDNyWA?hl=en-US&gl=US&ceid=US%3Aen,DroneXL.co,6 hours ago,🎯 Military Drones,"https://encrypted-tbn2.gstatic.com/faviconV2?url=https://dronexl.co&client=NEWS_360&size=96&type=FAVICON&fallback_opts=TYPE,SIZE,URL",2025-10-09T18:40:07.811658
Southern Military Region Foils Drone Infiltration Attempt...,https://news.google.com/read/CBMiqgFBVV95cUxPWWRYM243Q0tKcG45QTJOMllFSkZ5aFZyZW1fLW5PV2ZaTjBXbUhBMjBhcWpDc0l3QW1kRDBFSVJHYTdXYXNvWGd6ZWVQVVVCeEFDQlJNa1dVQkJUOGJ3ckp4a0sxaEY2VEtzb0NzekhiUkpSQm1QSVRSVF9oWnJ2a2RwS0d1bGdsanlJSVdDWVZTLXpzR1RXal9mUDNQb2MyaGVsM0x6SmRVUQ?hl=en-US&gl=US&ceid=US%3Aen,jordannews.jo,5 hours ago,🎯 Military Drones,https://news.google.com/api/attachments/CC8iK0NnNUJNM2xPT1hSV1FuWTJTR3hoVFJDZ0F4amlCU2dLTWdhVk1veHRvUVk=-w200-h112-p-df-rw,2025-10-09T18:40:07.811660
Rheinmetall Accelerates Combat Drone Production - Capacities Significantly Expanded,https://news.google.com/read/CBMiyAFBVV95cUxNMHBSUVRKakhCeXJFSFBYNGdlZm1aMzFCRkFocjRGVXhMVml4MlZ1MVRLbklQcDVKVGFLaGQ3Y2RJN01SZnJfWjNaZmdlclVHWEZoVFdKMEVOX1Vna08tdEdVZ3AtcURrM05hQUtPY3M0dmhCYmIwYVQwQTJZSnRfbWpVa0hqMVA4dUxYTUl2anJMY3daTXpDTXJMNmk0Z004MDJydzFIU0NDR3BnenZUajdFdVh3eTNYOUF4X2cwaXpDY0FINzUtNw?hl=en-US&gl=US&ceid=US%3Aen,ASDNews,10 hours ago,🎯 Military Drones,https://news.google.com/api/attachments/CC8iK0NnNTRhVkZxTFhaVVdHMVljVXBqVFJEckJCanZBeWdLTWdZRmNJek91QVU=-w200-h112-p-df-rw,2025-10-09T18:40:07.811664
Military can now leave ratings and reviews for drones on DOT-Chain Defence,https://news.google.com/read/CBMijwFBVV95cUxPMS1jZU8zNWYycU8xQXNVMm4zYmU2UFlqTEdPYmRpUEd4UVFsV042OE9NeGNuNHBFWWw3czVnRk1tMVVQci1DcTBxeFFRZEMwZmRDTGh4TGJxdUNGWDA1VE5KTlRWa0Z1YTNVUFJpdFdJMUluQ3huakh0WThyel83cjZ3SlZXU09LR2ZCVGl4SdIBlAFBVV95cUxOdkZ2THd2enUzYk1UWUZMSWlQZDJ3dE84QnhrSl9JX0RWNF9HY0QzdkM2aGVoRmN6bEQxejh1dERqTVJWWVV6d0Fnd29QUDFSSzA0OXhZRm1QM2hPUzg3M1A4NUpCOUNXNnJrcU9CbjhXR1JUUE55RHUydXNaeVZ2UTJrUTIwWjQtYkpnNkRxcjVFLWRD?hl=en-US&gl=US&ceid=US%3Aen,Mezha.Media,7 hours ago,🎯 Military Drones,https://news.google.com/api/attachments/CC8iK0NnNU1jV0ZVVEVRNVgweEdhWFp5VFJEOEFoaW9CU2dLTWdhaFU1Q09KUWs=-w200-h112-p-df-rw,2025-10-09T18:40:07.811666
Rheinmetall Ramps Up Combat Drone Production In Italy Amid $213M European Order Surge,https://news.google.com/read/CBMigAFBVV95cUxORjdLaVBVS0o5WGxtckhUcVliQXVhT0hYMW1FS3lldkgxTDY1azE0T05CTGZmc3NNbXZjbU9UTHJ5bmRTazN1enFnX0RvNHZ0WFhpU29LOXd2bHU1QS11RFhoWUdhUnJjeU9XR1pBRUc1cmhTdFhEU1gzY2VFakh3dw?hl=en-US&gl=US&ceid=US%3Aen,DroneXL.co,1 hour ago,⚔️ Combat Drones,https://news.google.com/api/attachments/CC8iL0NnNXplalV0TTJRdFkwSmFZMWMyVFJELUF4alpCQ2dLTWdrdFVJbzFzS1E4aWdJ=-w200-h112-p-df-rw,2025-10-09T18:40:07.811669
New DOT-Chain System Grades Drones by Combat Performance—Built for Ukrainian Forces,https://news.google.com/read/CBMixgFBVV95cUxQWVhBZTlXQm1nQUdRYlQ3eXpBMk54YWJnM0NEeFJmVHdudEJJODdPLUFCMHYxNVRoakxvMWtWWGxlQkJPTnI1bmFQM3RReC1zMURaeTRpdGdfTXNWTVFQOWwwQllJYVg5SkIyRlZxZ1NpU1p3dE9pWUY0RmtkVG9LX0QtUHFDZXZfSVpfMXdJRVNUN2xpeklweVFjSkU3VDVwclF3SFFXRnppZ2RrTVZIWWRRVk1PSU45QUx4dXp2bVRvaTNjT0E?hl=en-US&gl=US&ceid=US%3Aen,UNITED24 Media,3 hours ago,⚔️ Combat Drones,https://news.google.com/api/attachments/CC8iK0NnNXNZMjFJU0ZCb1QwbEVTRXh4VFJERUF4aW1CU2dLTWdhcFpaYk5LUWc=-w200-h112-p-df-rw,2025-10-09T18:40:07.811670
Rheinmetall Accelerates Combat Drone Production,https://news.google.com/read/CBMiqAFBVV95cUxNQy1mNXZBQy03Ty1FWG5HV0w1OW1DcE9RbjlaZHBYQVBMNGhTbW1DZGtIUWhBTWV0WGlXVkFMdUFqLS1uN0dZTm1pYmQtbFlHU0FOdXpMdzgtRURiTzlSTHFmakZSMnZWczJZSXpOMFo4MHUxbkhPUk5uX0FRV3M0cEZkbnRjZVNLTE5IZnBBV1RRM09GWjBWblp1NlhHWDBDaHFFdUdvVjY?hl=en-US&gl=US&ceid=US%3Aen,Joint Forces,10 hours ago,⚔️ Combat Drones,https://news.google.com/api/attachments/CC8iL0NnNWFWSFZJWnpJemRsVkRjbVZtVFJERUF4aW1CU2dLTWdrMVlJWTV4R1ExQ3dJ=-w200-h112-p-df-rw,2025-10-09T18:40:07.811672
“They’re Letting AI Fly the Jets”: Inside the US Air Force’s Secret Tests With Valkyrie Combat Drones (and What It Means for Future Wars),https://news.google.com/read/CBMi_gFBVV95cUxNNTZVQ1JVSnlIbUF6YjVnel9vdVZCX0hIY3doZVItNmk0Vk94NDVVTUxwektZMHBENjhBNVpHSG9XZVpTeEFVUDc1RU84QmttMTltaEsyR1d3NVlDRHRfcFZ1M2VBRHZ4R3FDaTNZZXFOM0dpUlNBMmJ4RHI0TlhaOGtUbUVZZkgwTTFGOEpTb1ZuLXBIUTZjSlU1NWVteUhmdVF1V00zUVp2amdaNTVWR3lyTWRQcGJ4cEdDaXkycVF2cC1ORHZZOTRBYmlKN3M5X29MN2dtS0x4NmxaRFpYTWlrOWNvSmJsUHQwRFI2cjJ2SXMwOFBORXFHa3Awdw?hl=en-US&gl=US&ceid=US%3Aen,Energy Reporters,7 hours ago,⚔️ Combat Drones,https://news.google.com/api/attachments/CC8iL0NnNVRkbmhKVEVKQ1JDMVRabkYwVFJDZkF4amtCU2dLTWdrSlVvNkpzU2RGYVFJ=-w200-h112-p-df-rw,2025-10-09T18:40:07.811674
Ukraine integrates Buria turret to THeMIS drone and expands its use in combat missions,https://news.google.com/read/CBMi7gJBVV95cUxNTGgxdk9ZbWVUaUVjXzliamx5TTZWcEJObFVyMm1vbzVtYkFqbFpWbktQWlVmRXg3aVNkeWp2TGNTaExxWXhjdGRZTm44U0RfYkdVMGRTbzJseThGN0w4cWlXb1h4bDA0cHpfMEVha2FYd2lIdml4RUY2UExYSnJnOS1kTHZhbFJSeGRJelNUTkM4Wm51YnlfbXlxa3dZbF9EZjdETkotcGEwRF82NFlQeVQzWUs4dEIwZ24tdWVTQTZjN2cxeFRfUE1WeXpJUUE2dlFWdU12Z0lKd1dYLUI5aGpkTzN0V3FyOGJ3QzE2LXJjeEQ0cFozTmZGbS1xNi0xMUpHYUE1M0ZkTXdQeXN1SnBIUDR6R0VvYUl3eVVBMDE5bVBwSXBWUXVvbHZKdGJsREY4eUZDaGtYX2R4UFNJNEdBalVyRG5vUWVOdmtxYzc3NDVEVjZ0YTVwd3hoa3hxT1JjWGJxcXVObGQtWGc?hl=en-US&gl=US&ceid=US%3Aen,MSN,11 hours ago,⚔️ Combat Drones,https://news.google.com/api/attachments/CC8iK0NnNVRUekZrUkZwMFRrTm1kVWRXVFJDZkF4ampCU2dLTWdZcFFaQXZvUVk=-w200-h112-p-df-rw,2025-10-09T18:40:07.811676
Germany New Law to Combat Rogue Drones Threatens Travel: Munich Airport Disruptions Lead to Police Power to Neutralize Drone Risks,https://news.google.com/read/CBMiigJBVV95cUxOanBaQU5BWXhwWXRqSnZ2Xy1XQThGZjVFem5BVmY5RURlV0NvSlBpQ2ZWRmo1TWFXdEJ3cTdnR3ltTXlidWF4YTd4Y1h5dWdHVzdUT1VmWW90LW1DUWVJY3pkZi1mTm1HaWtQWWtXU0NWSDRhSmJ0bVpzR201dmJuM1JFQldPTkZjNE1oVHlJNks0aGdNbzc4ejBDSHZFRXRUQXQ2dlEwRGR6elR4bGdfNXc4eGMxOGhWdm5kSERzdXhEdkk3NV9XTlFUdGhEVlljM3dBRFdBczhWbm9mWXFTYU1jNVNBRFRJdEdrRjRQTlRCZTBBVjBZVXY4MXFmMmRMVVZmVDNfLU1LZw?hl=en-US&gl=US&ceid=US%3Aen,Travel And Tour World,14 hours ago,⚔️ Combat Drones,https://news.google.com/api/attachments/CC8iK0NnNUtRa3RmY2pOVVZtdFJWbDlpVFJDZ0F4amhCU2dLTWdZQlFJb1RIUW8=-w200-h112-p-df-rw,2025-10-09T18:40:07.811678
Ukraine’s Flamingo–Neptune pairing enters combat use,https://news.google.com/read/CBMifEFVX3lxTFB4ai1hSFo4OUVZLThlX2ZNWklvZzRBRnBiNU9RU0R5aFFNMG9OajFYM3lMQnhqYVVlb3A0dWNFNjZGclgtaHhHSGFTQTJETXFpT1hiRU5PWUdhQU90M2d0NXVCd2hTS0hNenBuZ1pIajJSajZJYUN2a2FoTU0?hl=en-US&gl=US&ceid=US%3Aen,EU Today,7 hours ago,⚔️ Combat Drones,https://news.google.com/api/attachments/CC8iI0NnNTJkelV4V1hWcFdERndNekZhVFJEREF4aW5CU2dLTWdB=-w200-h112-p-df-rw,2025-10-09T18:40:07.811679
Baykar CEO: Our relationship with Ukraine is more than a trade agreement,https://news.google.com/read/CBMioAFBVV95cUxOTGpBVmNGRWlMMHpFTDNfQ1FlVFhwQkRycHdoUHBRQUh4bHk1Sm4tMU80MlZwWFFjNERLYThGYVhQRmNpYWNuemRIU1psUTg0eHNINlg1NFF3LTBGUW4yZl9DejFQOFNucTg2VkpZWktrNjlTYTQ1MzhERVowOHZ0WDBkWk11VXhrU1ZKMlFUdUt3U3E4WUFtdjBpTF9RMlVo?hl=en-US&gl=US&ceid=US%3Aen,Defensehere,3 hours ago,⚔️ Combat Drones,https://news.google.com/api/attachments/CC8iK0NnNUlVM0ZRWkdSSFQycFhhbEIxVFJDZkF4ampCU2dLTWdhZEZKVHJsUWs=-w200-h112-p-df-rw,2025-10-09T18:40:07.811681
Ukraine Has Become Europe’s Drone Superpower,https://news.google.com/read/CBMiZkFVX3lxTE96OVNtTDJqNjN3RW8zbVkxWHVDdHJ5U1c1Tmg2aVF2STh3eGJHclhlUU5wMDJEdUpCT2xWZ29oUGk2MXdwcWs4NE04R29XdXpzOVV0OXJZd0EwWEljMkpiZVhpdG16Zw?hl=en-US&gl=US&ceid=US%3Aen,World Politics Review,5 hours ago,⚔️ Drone Warfare,https://news.google.com/api/attachments/CC8iI0NnNU9ZMFI1VkhOU2FHdDFWMUZEVFJDZkF4ampCU2dLTWdB=-w200-h112-p-df-rw,2025-10-09T18:40:07.811683
Ukraine's long-range drone strikes are punishing the industry fueling Russia's war,https://news.google.com/read/CBMijAFBVV95cUxQdGFoMEFJakJzbUk4WmpxM1RRam5lMmswRHl1Z0oySUFYQXNNMmNLLWZFMm1mV0FxQjBMbXZYYUVkdGl1YjF2MTI3YnJwODBRb0ZRc05DaVBRamF2a3dPZktMYTUtNW5pM0t1TTFzc3k0N2o4blVpckhUYWhQckVGZHkydHV4LWt0MjNULQ?hl=en-US&gl=US&ceid=US%3Aen,Yahoo,3 hours ago,⚔️ Drone Warfare,https://news.google.com/api/attachments/CC8iJ0NnNTRaMVZzUTBkWVQwVXdSMVZuVFJDaUF4amRCU2dLTWdPQmN3dw=-w200-h112-p-df-rw,2025-10-09T18:40:07.811698
Hybrid Warfare: Europe Grapples with Surge in Drone Intrusions,https://news.google.com/read/CBMikgFBVV95cUxQVTRVWkJpOS03UFBZNjFVTGV0bUNnUjQ2NjVnMjkxcnlpMHdENjJHbmNVbXVNSkxyRG5CRERQSWxTdkF4c0ZvanlRNmhoQ21aZkpmUDdYNkFza3RDVlEwOWNFWWJUSWgzZ0NKc2VFcVM5S29XUHFLaVI2NnNMMTdoelJuMVBEU0I4NDFleDBZRlZDUQ?hl=en-US&gl=US&ceid=US%3Aen,politicstoday.org,7 hours ago,⚔️ Drone Warfare,https://news.google.com/api/attachments/CC8iK0NnNXVjaTFCZWxCbmRWQTBabGt5VFJEN0FoaTZCQ2dLTWdZQmtJaVJOQVE=-w200-h112-p-df-rw,2025-10-09T18:40:07.811700
Next generation interceptor from Raytheon takes aim at drone warfare,https://news.google.com/read/CBMirwFBVV95cUxOM2k0cUZzWWZ2ODg0VGlhNmk1WWZnRTI0TWE5cWlQeUpCV1ZnVENnZjBGYXp5TDVIVkxhN0xKNnNaUTdwcDF2elRLbUxsLVBBS19uRUZCTXRJSDE1ZTBCZ0pXSVc1eEFpUXJaRkdnTm1HOFN3REpzVktmNldlODg1WWM2ZVFWSnpPSkV0eGNFc2ZZTC0zUVk4dDRnXzJnOEpGRklrNGo5aU02YkxGekU4?hl=en-US&gl=US&ceid=US%3Aen,Space War News,8 hours ago,⚔️ Drone Warfare,https://news.google.com/api/attachments/CC8iI0NnNVBZVWRXY0dvMWQzcHVjR1JFVFJETkFSajJBU2dCTWdB=-w200-h112-p-df-rw,2025-10-09T18:40:07.811702
Ukrainian Christians worship amid rubble after Russian drone strikes,https://news.google.com/read/CBMiiAFBVV95cUxQckk4LWdMcU5Xdnloa0FvRV9JYVU2dWNfd0E3MVlocVJRQk03TFpyWF9qWnNIWmxkVTFNVUlRYy1xRWxTSVRMTktSak9vdlR2MGNwUnBtSTZ4dkZ1TkVoWEp3anpUTV90MC12Y0l2Vk1PUDlNR2RzbFd5ZG9nTDN6ZmN4M2JTb3Bv?hl=en-US&gl=US&ceid=US%3Aen,Premier Christian News,6 hours ago,⚔️ Drone Warfare,https://news.google.com/api/attachments/CC8iI0NnNU1RMkl5WHpKWlduQkpWVnBTVFJERUF4aW1CU2dLTWdB=-w200-h112-p-df-rw,2025-10-09T18:40:07.811704
Russia Is Shutting Down Its Own Internet To Stop Ukrainian Drones,https://news.google.com/read/CBMivwFBVV95cUxPb0tOOVpqT1VQd3RRVXRMOG9Bb25zMlkyZTJra2dtNGREbng3NlkxYnRVVjlUdFI1WE9NWmt5NGZ5a1VfNHRneUJtRUFlcjdIYnV1SlVLME52eFoyVHRaQllaRWhIUFZxVDRTSWZaNmdEZ3JvaGlQanYtMUpEV0ZsSE11eGd5YzZ0NEV2MEtTMk53WGkzQTFNd0FGUl95LXlJQV84VENfcGUzdTA4cGtNRWFvZU9YTzN2ZGp1eGlZVQ?hl=en-US&gl=US&ceid=US%3Aen,Forbes,1 hour ago,⚔️ Drone Warfare,https://news.google.com/api/attachments/CC8iK0NnNWhMV3cyUjAxWWJuUmpPV2N5VFJDOUF4aXhCU2dLTWdZSkVvYjFrQW8=-w200-h112-p-df-rw,2025-10-09T18:40:07.811705
Leaked Documents Show Russia Bought Chinese EW Kits to Beat Ukrainian Drones and Jam Starlink,https://news.google.com/read/CBMi0wFBVV95cUxPckpNbEFDT3dqR3VRa3c2eWJ0TDk0NnUtZFc4Z2lvVTRSZFd2Ylp2ekp1X1RYNmhOb0hzbGpCcS00YnBVM1F1V0t1VWdxbUtZYkVfQ01MaXFqRHFpY2Vsbl9GQW8yd0wtN296SUQ5YkhTQ18zdmw1QWFPVk9tQkV1N3MwMXFTVmpqYlpvTnRmY09OOUJ2eHdUSVJNMWJiMWZKUmsxMHgtb3ZHbURvQUJGbmpwWlM4ZTUweVdLS2R5b29JNlVRLWQ1bFRmY2hTTXpNZlBN?hl=en-US&gl=US&ceid=US%3Aen,UNITED24 Media,7 hours ago,⚔️ Drone Warfare,https://news.google.com/api/attachments/CC8iL0NnNXJiM040VG5abGNqUTJTekowVFJERUF4aW1CU2dLTWdrVkVJZ0pwbVV0TWdF=-w200-h112-p-df-rw,2025-10-09T18:40:07.811707
Video. Five injured as Russian drone strike sparks major fire in Odesa region,https://news.google.com/read/CBMisgFBVV95cUxQUzYwVHdPQlNHNXpCMmU5Yk96MGk4d0VkZHNPNmt5b1c1SlNoVXJsbjlrdk1kWE5scnE2eEtENENyU0xDY1B0dUxWM3BDNnFnUW1YaGRrQURUZjBaWUNGVWtyNURJWmFKRjdTSnVPRDVRT2J3TkJWWkUtZUl1dUFvYU52ek5iblUyX1loenlBT0ZLNGtKS3paNmRIeXB5UmJGTWJucmgxSFlwZmkxaHVCU0Vn?hl=en-US&gl=US&ceid=US%3Aen,Euronews.com,8 hours ago,💥 Drone Strikes,https://news.google.com/api/attachments/CC8iI0NnNW5VSGRhU1hWbVprTjZNVEJRVFJEekFSaXdBeWdLTWdB=-w200-h112-p-df-rw,2025-10-09T18:40:07.811709
Massive Fire Erupts After Reported Ukraine's FP-1 Drone Attack on Russian Oil Depot in Rostov Region,https://news.google.com/read/CBMi2wFBVV95cUxQYjVsZDBuWWVPWkJKRG5sVllIeG9SbjJONUN1YmEwWGlwZFBkZDhjbDByeVRYMUF0a0hHWGtsWUhVbUlMbEZrdG9UMm9GbzZtVVNuc1dtMjJGSHNWYkpJSUpBWDI4bDZxVEFHTTRvdi05WkowQjUxSHFsVzdNemJkVW1MSi1tZXg5aVZMQUp4WmpvbHZETFlGSjhWWFVFZVZaVElOZFY2d1FtQzJBQnhydFNQUzZHN25iekNhVzVPelN2UXhtVjFCZUVTSXdhVGlqbnc1UTF6YW8xOHc?hl=en-US&gl=US&ceid=US%3Aen,UNITED24 Media,3 hours ago,💥 Drone Strikes,https://news.google.com/api/attachments/CC8iI0NnNVlhamRuVkUxdmRUTnVaWEpMVFJDZ0F4amhCU2dLTWdB=-w200-h112-p-df-rw,2025-10-09T18:40:07.811711
Man killed in Russian drone strike on Zaporizhzhia region,https://news.google.com/read/CBMiqwFBVV95cUxNX3hLOGhPMzBlZ280MXpWT1JnZkI5ZjhySmdRc1ZGZ29VNEdlbFZUOU1fQlBRb3dXSzk5R3Vmc2NaX3Z6amFGSnFRY0NsbnFsaUhqLWRjcEx6cG8xWnYtRUVPYWctSDhFazdybTJmeGpaQjNSUG11LUktTDBDMllrTUxrYk9YVmNmdFRXeWZaT1BHSjVpRnVMbFRBMFFJdmpLZ091cU9YOVM2M1XSAbABQVVfeXFMUG12VkhhZFJWcU1GZ04wc1FEZ1c2bFE0OUhfSGRldElqdkRhRm53aE5icWRyMjg5YU8yQnM1VVVWN3U3bWFqZ05zN1hvNE9fcjExQW9saDdTOVZhZnQxRVNLc25uajh6Z1RobktLNU5BZEpLSGhPU2Z0Z1hJamZVVG5VcElzNUFGWGd4RTdseXpkRTlwanBPangyVVp6TnktY3BDa05ZQVlYTHNyYWJLaTY?hl=en-US&gl=US&ceid=US%3Aen,Ukrinform,8 hours ago,💥 Drone Strikes,https://news.google.com/api/attachments/CC8iJ0NnNUNYM1F0VWt0NVRXdzBXa1IwVFJEb0FoajJCQ2dLTWdNVlFBQQ=-w200-h112-p-df-rw,2025-10-09T18:40:07.811713
"Drone Attacks Are Now Seen 2,000 Kilometers Inside of Russia",https://news.google.com/read/CBMifkFVX3lxTE1NWGNjS1EzYVNDSmh3SjV6VEw0dWU0VUh6ckRSZ1lSblBRZF95VnRsOE9pd1BoRFVpM2haY29yYUdkOGhsMmF2TklKS3pOSWZLcEhTekNkakJ1cGpTRHVqLVFDZWxVOGZzVGVZcEtzZjRUeTRqeGRBMkJVVDBZUQ?hl=en-US&gl=US&ceid=US%3Aen,Insurance Journal,13 hours ago,💥 Drone Strikes,https://news.google.com/api/attachments/CC8iK0NnNWxiM05UWTBaV1dreG5aMU54VFJDcUF4akVCQ2dLTWdhVlVvNXVKUWc=-w200-h112-p-df-rw,2025-10-09T18:40:07.811715
Footage captures drone over Russian town shortly before explosion,https://news.google.com/read/CBMiVEFVX3lxTE51dWQwc1IyLVpEeWY1NjRfR0xBRU9vOVRJdDk4dmlqLUZFLVZ3SUgweWQ3dTVfNXI4a1hHS1kwaHNLcm1QSXhaNGdaYVF6ZTBuUEdSQw?hl=en-US&gl=US&ceid=US%3Aen,BBC,5 hours ago,💥 Drone Strikes,https://news.google.com/api/attachments/CC8iK0NnNU9ZWE5WVFdSQ1JubGZZemRMVFJDZkF4ampCU2dLTWdhQkE2cEdqZ3c=-w200-h112-p-df-rw,2025-10-09T18:40:07.811717
"Russian Drone Strike Sets Odesa Port Ablaze, Leaves 30,000 Without Power as Moscow Ramps Up Energy Attacks",https://news.google.com/read/CBMiS0FVX3lxTE1VQlpMSmZ1dkl2eG5DRGdwU2pwSnctYWVZNDRSUTl4TElzSi0xOHNibGlCbHM2c1psMGFwaVptcWZPYzRXU1JtdEw1MA?hl=en-US&gl=US&ceid=US%3Aen,Kyiv Post,10 hours ago,💥 Drone Strikes,https://news.google.com/api/attachments/CC8iL0NnNVNWRGQ2T1Zwb2ExUTFXbWRQVFJEZ0F4aUFCU2dLTWdtQllZendQQ1dDY2dF=-w200-h112-p-df-rw,2025-10-09T18:40:07.811718
E&E News: Ukraine seeks US natural gas after Russia drone strikes,https://news.google.com/read/CBMixwFBVV95cUxPcUt1clNzaGc5aXVqUEhlMm52bXNuVFBqcnJYU01ESHVDdGFzYm4xNlR3amdxb1FZd0h1cVV5VTBWWHoxS1B0NzhZODBCTnBEMl9BMjkzd0ZWRU85ZGlTS252QjQwVHVTY3c0MmE1ZnhBUWdZNUhiR3pmOW5ZSEdLb1RzMGpiSjd1MWFzNW5HdzBuZkttSG0xT2VWVUw1UHFLLXVlZ0Y0UW1IU2lDelJZZ0dBRjdEWVY0bi00d2xMQXlqOUc2Z2lr?hl=en-US&gl=US&ceid=US%3Aen,POLITICO Pro,7 hours ago,💥 Drone Strikes,https://news.google.com/api/attachments/CC8iK0NnNVpNVkJVZGsxSk9FSldVakpvVFJDM0FSaVRBaWdCTWdZbFJwZ01vZ2c=-w200-h112-p-df-rw,2025-10-09T18:40:07.811720
Ukraine: Children ordered to evacuate from frontline city,https://news.google.com/read/CBMilwFBVV95cUxQcHlYYzBoMG5uV2JtdUhQWnZhS2J6MGtaLWk4Ni1VR2hET05PWFF3eDlUcm1OVXhaQW81dl9TZXc1Yk40eFY0NThPS09XcHAxTGl0d0hmbWwxZXhLZ29mckRRRmwtc2FmcmkxOTFyYkRtenp6Q1E4OEZhdHFjTEsySUxMZWI1YlhiZ1c5RkVaZlczMWFtLWtZ?hl=en-US&gl=US&ceid=US%3Aen,DW,2 hours ago,💥 Drone Strikes,https://news.google.com/api/attachments/CC8iK0NnNXpWWFZ5V0VkeU1XdEdXR2gwVFJDZkF4ampCU2dLTWdZQjRZYUEwUUk=-w200-h112-p-df-rw,2025-10-09T18:40:07.811722
"Israel shoots down two Houthi drones, IDF confirms",https://news.google.com/read/CBMiiwFBVV95cUxPWFQzTFpiS2M0SXZkc0lvX1hmem9qUUltVjBxQ1doaHVWc25YN1BTd0h1MkxtQ1lJN1RYeVJPS3NiZTVHOG92Y1dCa29palF5N21PbjFoZ0ZDdk1pTldPdXdhZXNQSm05Y3U0NGx2WTdVQUhzWnVCRU1Lb0J6VDUzbTRpNU9fZThCMGtz?hl=en-US&gl=US&ceid=US%3Aen,New York Post,2 hours ago,💥 Drone Strikes,https://news.google.com/api/attachments/CC8iK0NnNUZSMjlSVEdGbVptVXpUR1EyVFJERUF4aW5CU2dLTWdZQlFJaW1JQWc=-w200-h112-p-df-rw,2025-10-09T18:40:07.811723
"Lantronix to Showcase Edge AI Drone Platform at AUSA 2025, Highlighting Strategic Partnerships and UAV Innovations",https://news.google.com/read/CBMikwJBVV95cUxPdHNWLUhCcExMZ3BWWC1WcXZIUTRVX0RoVUJBVzktcUhRajd5WU5jb25CZkJsOEYxSUdxbnNzSm5zWGNKTWRjMkhuaFlMOE5vckUxMm1pZXFyZXNrbXNEQjhvZFd2Q2VWSVE3UmljTmpEVDh4bDRvdWRhb2FQSkc3UGtaQlR2bnJodENUNmlIckZfQ0xiWG5iMU5GZEptejhoYVZWeTJiS1RoY2hlbVlOVV9yUDVsMi1LLTloMjk5UnBtajNseUhkU2pYS3RNR216cDQ0X0ZCaHpkSE44Y05WRkljOUZPVlJCcDRtM0FOb2o1YWtDMmRkdGJUbTBVRDhZZUVlWjJIYlQ4aVQ1em9RV3Z4dw?hl=en-US&gl=US&ceid=US%3Aen,GlobeNewswire,7 hours ago,🛩️ Military UAV,https://news.google.com/api/attachments/CC8iK0NnNVZRemM1Ym5Kek1HTjJiR3htVFJEUkFoaU5CeWdLTWdhUmtKS3l1QWM=-w200-h112-p-df-rw,2025-10-09T18:40:07.811725
U.S. Army evaluates 3D-printed drone munition dropper prototype in Combined Resolve 26-1,https://news.google.com/read/CBMitwFBVV95cUxQMlBaSElMaHdhX2QtQlhfUUszMlJ3UjZwTDJfWjVUYUdJOU9iQ3d2VDY2UElSRDdFZTc5OV9tcTVyeVZWc1pHd3FsUDdxVmdPQnY2dFVxcWVYMklmZEJpMm01WlpqRDRMUG5KX3lFT0s3ZWJJQVc3UURiZXRQMkhYdmppc3Fod0sxVEFYeXFhSWU3ZFB3Zmk4LXc3dmo1VE1GVG80U1RocTNEYzN2V216NWViYmliS28?hl=en-US&gl=US&ceid=US%3Aen,Defence Industry Europe,1 hour ago,🛩️ Military UAV,https://news.google.com/api/attachments/CC8iK0NnNUZVRmQ0UlVsVWJsbE9hRVV5VFJERUF4aW1CU2dLTWdhaGRZd0xMZ1k=-w200-h112-p-df-rw,2025-10-09T18:40:07.811727
German police to get power to shoot down drones: minister,https://news.google.com/read/CBMinwFBVV95cUxOT0lBd2dsQmpadm1VQUF5X1FuZ3RRS2JiQ2d2YlpsSG9Fb3J2b2lJeVNzSy1ZRnFHdUc2R3ZpcERNV2FUQ1phMVJpZFNiSm1TUVBXZ0NZSlJHbXhyRHZTVHY2QWxpUGU1eXBOTjd2eFhuZG9uREdFckJZMUQtOVJTUU0taXhsRnE2eWdaQmRfaXliNDR5UlZXYVRaVG16cXM?hl=en-US&gl=US&ceid=US%3Aen,Space War News,8 hours ago,🛩️ Military UAV,https://news.google.com/api/attachments/CC8iK0NnNVpRV05uTFVWd2EySTVlR3RTVFJETkFSajJBU2dCTWdZTkVJcHZxUVk=-w200-h112-p-df-rw,2025-10-09T18:40:07.811729
PDW Secures First USAF Contract for C100 Multi-Mission UAS,https://news.google.com/read/CBMilwFBVV95cUxPN3BFTlhoak9lcnF4ZzZRYzBjUWItN1UxZUlnWUtBeVdqMkZHd3hxQVlqUXdDTkZiaEpmU1d1U3pUUHNxS3V3aGVRVGtOdTRiMHRvZHByTmxUNFNSdWI1YUJYWXVaU05tM0gyRHpZTU0yQUliZWlncXN5Nk92ZnpGbDZnZ1dkV2xXZDNJRGxvNVk0ZTZlQmpF?hl=en-US&gl=US&ceid=US%3Aen,uasweekly.com,5 hours ago,🛩️ Military UAV,https://news.google.com/api/attachments/CC8iK0NnNUpjbXhyV0dVeVYxaE1XREo0VFJEOUFoaW1CU2dLTWdhaGs1S3R0UVk=-w200-h112-p-df-rw,2025-10-09T18:40:07.811731
"Red Cat Introduces FANG - A Low-Cost, NDAA-Compliant Line of FPV Drones for Defense and Security Operations",https://news.google.com/read/CBMi0wFBVV95cUxNcVNOejZwRTF3bDVhRWVoX0FfTVlJcDBXcmtBOEtnUkZYMmM0ZEp3X1hxZW5YdF9CMndSbDhpQVlBQTBfMW5relFFbE5lUjJVLU1PdFBiSXJia2R0dEVvQWtFOFRsZE5MUGt1QmhOVnl1Y3d1NUtONGp5Qk5ma25GRlBWVXlkd0J6Y2F5SENZejFyVTBQVlg5eU5jODl2T3g3eWlvSXRNUGNZWk8wY3pYSHEtY1FTOWpmdVRGRTdUeUtrbnhFUlBIWFg0b2VDTDdsUjhV?hl=en-US&gl=US&ceid=US%3Aen,ASDNews,11 hours ago,🛩️ Military UAV,https://news.google.com/api/attachments/CC8iJ0NnNVlWSEZCWTNSWU9WWkJhR1IyVFJEWUFoajdCaWdLTWdPVkVnUQ=-w200-h112-p-df-rw,2025-10-09T18:40:07.811733
Chernihiv Drone Air Defense Gaps Exposed by Volunteer Serhiy Sternenko,https://news.google.com/read/CBMipgFBVV95cUxNR2k0MGd4MzNNWVFhTkdlbWJRMjUxNWV3dmJqLVdNdDd1cjVteTJNWnhTVzBrNUdHTmVKSzlVSXZFd0VOd1pvS2d6Vi11TGN5Ynp3ZDNvelZieUl1ajZCUmw0UFJTX1c0anJFSGVpRVpzbl9WbXlvWFEzTTZxRU5hUjJFM2d2MG1mRHpYWVUtVDBtU2pOMXVvdGM0cFVEdzQ5aHJGX0tR?hl=en-US&gl=US&ceid=US%3Aen,Букви,4 hours ago,🛩️ Military UAV,https://news.google.com/api/attachments/CC8iK0NnNXJjV1ZLVVhnNU5VRnNVVWg1VFJDZkF4ampCU2dLTWdiRllaRDFLQWM=-w200-h112-p-df-rw,2025-10-09T18:40:07.811734
China Seeks Solution for Russia to Counter Drones Controlled via 4G and Starlink,https://news.google.com/read/CBMisgFBVV95cUxPYnRjY241a21pV01reUQzQ3dOejZZMkozazVTYXViRDJOV3B1bDhqTW9TbjlBenNGWVl1NXhIQUtPMTZGZXN4NkVpMUVvclFJYk1vdklZc3VZbTJYRUFISHg1QmNUSE1Oejc4aUUtRm9tU0preUdTQU9kQzQ4ZG42SEZscXhOQzFkRjBDZ0xfcVRubUlfVTZaX1cybGcteG5maE1XUExCUzVYWDRrSUFIZmpn?hl=en-US&gl=US&ceid=US%3Aen,Мілітарний,8 hours ago,🛩️ Military UAV,https://news.google.com/api/attachments/CC8iJ0NnNVBjMFpSTW5KbVJHSkZjWGRyVFJEREF4aW5CU2dLTWdPQll3WQ=-w200-h112-p-df-rw,2025-10-09T18:40:07.811737
Counter-UAS Grid: Indian Army's Advanced Drone Defense,https://news.google.com/read/CBMirAFBVV95cUxQeGgwWkNaWlhhbGZIV0RoRnVMbFV2RWZGN3lPWXRxSnV0ZmprRG0tcC1fRWZkZlcxTGdhQllVazdEdF85RXl4TENsVFdPaDI2aGY5UUtfelZPQUpkMV9zSFZCLVZ6ZDMzc0NmX1k1LVJDSXBTM3VFOHZjX1lkMFI2dHdOOXlERFNqUk1CTzN3MEVibEpudUV6RnJQVWZjX2lVbnU5SkI4eEktbHhy?hl=en-US&gl=US&ceid=US%3Aen,Deccan Herald,3 hours ago,🎯 Tactical Drones,https://news.google.com/api/attachments/CC8iK0NnNXRTVTFxYkRKM1pHSnllVFIwVFJDb0FSaXJBaWdCTWdhTkFxYUhEZ3c=-w200-h112-p-df-rw,2025-10-09T18:40:07.811738
Trillium EO/IR Gimbal Expands Tactical Targeting on sUAS Platform,https://news.google.com/read/CBMitwFBVV95cUxQcmNPSTg3M2xaWGdYbkMySkRicHotZEFKZkZCWTNPV0VDbEl6aXNublIwc0UtVE9IVlpGMDRKT3c0Y251aFBiS1hYOVRYYlgxMms3UVFDTm9pYjFoZlVXVmRuWW1hSWc5dHIwRGZEdGtFQjF0eG0zYzNQVmFBeF8xME9xa0N6QjRCeGRGNE10U1dtLWFPU3BmRkpmbmFwdmFzNUQ2cGdfXzlGQ3BqN3BSSTlGRWlXRjQ?hl=en-US&gl=US&ceid=US%3Aen,Unmanned Systems Technology,10 hours ago,🎯 Tactical Drones,https://news.google.com/api/attachments/CC8iK0NnNDFkMWcwVm1KcE4zRmhjMUJSVFJDdkF4akhCU2dLTWdZWlU0S05yUWM=-w200-h112-p-df-rw,2025-10-09T18:40:07.811740
Indian Army deploys ‘Saksham’ counter-drone grid to dominate new tactical battlefield space,https://news.google.com/read/CBMi1wFBVV95cUxQTzVNcUtmZEhYTkpNemFIN1RTenhMN2Q0bXdPLVZpWWtqdXpvUEg1eGZrQ0Z0dVFJaWdMdUVEWDV2QXo1MUs3blF3clZxa1VKeDRyOGhRVDFETGROZUl2S25DYkFPOE9GQ2lCaDI2dmpSZzFWUXFpSEdnaV9MWXhQRDFoUXJ5T0FxenNvTzBQanFtZXBPSHRKamFUa2MxTE9SQzY0a2Y0RjBYTXFtd2hMZHcxSVNDTFZqamphbGplNVVBa1FPRU5KMGdjZDNRN0dCdFJfVnc3MNIB3AFBVV95cUxOY0dsLUtuazNxMjRaWTh0bWphdktMLTlYMjJnZjlNRnZaWEI3R3lOb3FOQWFGSkJ6b3dyY01FVkgyem5GM1dRdldpNWk5ZXZCc1htcng4Y3EwOEh1RmQtWVpmZ0FSOGJlS2hoZjlFazZocGh2VmVZZklaU2tZS3gtT0RoZUktMTNkeWRBTzFUbXNuQjN6U3ZTWEZGZkd4d0hDSGg0QzlSS2Q2cGJ4bGl6dHNZTXlWTnFCbGJocGQwTGFPUDkwLU9Rd2ppd3BieFFvTTdYVjdJdWttTGRS?hl=en-US&gl=US&ceid=US%3Aen,The Statesman,7 hours ago,🎯 Tactical Drones,https://news.google.com/api/attachments/CC8iK0NnNDRRV2gzY2w5M1lVcENPVnB2VFJDZkF4ampCU2dLTWdZSndJaEdSQVU=-w200-h112-p-df-rw,2025-10-09T18:40:07.811743
Thales Belgium Supplies Low-Cost Anti-Drone Airburst Rockets to Ukraine,https://news.google.com/read/CBMifEFVX3lxTFAzUWNUci1IMFV0X1lrblNsOXdfZ2w2N08zMDB2cVdBY29YUVZ5aURWdWowenRUZXE2eVFkN1B1aFdMNVdNTW5seVBxVUNmVXk1LUlvQU8xeWk4LXdxdjB5Rkx5NHFZNEp5ZGNpZjJnRlJSSm1DeEc1WUxoNWzSAYIBQVVfeXFMT1Z0cEJlREw2eUhsb183NkdJUGxKTDdvTExabGI2VTQ1dHRPSHVMTkR4Vm9hbTBSVU5NU1FsbXR4U3NySkwyR2pkQVQ0cm01TkJBWXlNNEhLNlJDbEJyRDQ4R3loeEtDMkxQR19XMmZfejNzaUdlWjMxT1YxRnRmLVNTUQ?hl=en-US&gl=US&ceid=US%3Aen,The Defense Post,16 hours ago,🎯 Tactical Drones,https://news.google.com/api/attachments/CC8iNkNnNVBZblpFYUhWRFYzQTVRemhsVFJDZkF4ampCU2dLTWc0SkVvajAwS043N3FtbW1rWVdGdw=-w200-h112-p-df-rw,2025-10-09T18:40:07.811744
Indian Army inducts indigenous Saksham Counter-UAS grid to secure Tactical Battlefield Space,https://news.google.com/read/CBMi7AFBVV95cUxObWcyQTZ4cTJaMDRJZVlEYnJCT09FajlTcFVGbnRmMVdDZTNHRG5rSk8zVU16MVlVbmtMWS1wOEVtWjBXVmJtWU01bS1PSXlZYmNabFBSUjdWSHVmam9wekppbHVsMmROZExDM09TTk0xb2dJTDlMd3hzVHN0WW5la2Vvd0l2SFBzcEViVDdNRnRXLWxnelBMb1R3VGhQdS1GcXQxUThiYkpXaWFLcXl0YUxDZklrSlNWOG9nMHdjODJncWdyR29hUUdYZjJ3Y0VDX3lUX1VOSkNCdGpwZlQzN0VsQWctcUpra2pJRNIB7AFBVV95cUxObWcyQTZ4cTJaMDRJZVlEYnJCT09FajlTcFVGbnRmMVdDZTNHRG5rSk8zVU16MVlVbmtMWS1wOEVtWjBXVmJtWU01bS1PSXlZYmNabFBSUjdWSHVmam9wekppbHVsMmROZExDM09TTk0xb2dJTDlMd3hzVHN0WW5la2Vvd0l2SFBzcEViVDdNRnRXLWxnelBMb1R3VGhQdS1GcXQxUThiYkpXaWFLcXl0YUxDZklrSlNWOG9nMHdjODJncWdyR29hUUdYZjJ3Y0VDX3lUX1VOSkNCdGpwZlQzN0VsQWctcUpra2pJRA?hl=en-US&gl=US&ceid=US%3Aen,The Hindu,4 hours ago,🎯 Tactical Drones,https://news.google.com/api/attachments/CC8iK0NnNVNlamd6T0RGa1dsSTFWbWhCVFJDZkF4ampCU2dLTWdhZFE0anJKUWM=-w200-h112-p-df-rw,2025-10-09T18:40:07.811746
India's anti-drone future: The deadly new counter-UAS grid 'SAKSHAM' set to dominate drone wars,https://news.google.com/read/CBMi2wFBVV95cUxOVjRhLTQxYWI4VDJGSGpfMGVvTnR6Uk9VX1lmOEtUSGtYRWtlRFpudUg3YWNOaTFEbDRhdm1ScWNJSWJXb01BOThwZk9JLThkU1c1MlEwMXY0Z2JsNTR1UHBISFVKMVgzN2VUOWVtbkxvY2ZzUXFidWdnUHJ1eE1Mckg5M3hOMU5SeUxOWlQ1N0s2QktleGh6T1FqbHdJd3BKcTQwMVl0d0RTWm5CZEVlRkgwN3cxUTJNb1hWTkwxYVB0MUlZWmxVd1RWdWxmeGx6dnFjZHZLR1Q0ejjSAeABQVVfeXFMTk5kVkllUzRXVjlybWFCUEhYbjZMNWdsU2ZYNFhWeFl3blBubDhVM0RoRm8takdGY1BTc1hJcXdYTXI1X241dENpeW13RG5tSTJXaEtZX2U3bEJybmd6TkFuQnVtQ0xrUE9hTGJPejBld2pIejFJTVhmWEJZSmhET0w5ZFV6MGFUcHphT2p2V2FaS0hFeklTekpaeGRRQTZQckFlcnFKQ1Jpdl9DbmR3NFl2bnAxSEJKSmFLWW9rMzY5bFFXanItMHVvWE1idWtHY2IyakxWUFM1VHNocWptNGQ?hl=en-US&gl=US&ceid=US%3Aen,theweek.in,3 hours ago,🎯 Tactical Drones,https://news.google.com/api/attachments/CC8iK0NnNWtRa05tUjBKRVZVOTZURUkzVFJDcUJCaXFCQ2dLTWdZQmtJd3p0UWM=-w200-h112-p-df-rw,2025-10-09T18:40:07.811748
Czech startup Boost.space raises €3M to expand into the U.S. and enhance its AI-driven data platform,https://news.google.com/read/CBMiY0FVX3lxTE9yaDFSQkdHTW1jSy1EcHVvcWpWdExTZ2xZU0tvTWx4UUgyRDV1dkpHbjNvU0lTbjlMbFRXSWZJcmFkV3BwRnh5aW1PNnQwUlAyMlVHWWRlelE0OS1vVmpmOHU2dw?hl=en-US&gl=US&ceid=US%3Aen,en.ain.ua,3 hours ago,🎯 Tactical Drones,https://news.google.com/api/attachments/CC8iK0NnNXBWVTEyWTBkd1IxVkRNbVJYVFJDb0FSaXNBaWdCTWdZbGxKUnR0UVk=-w200-h112-p-df-rw,2025-10-09T18:40:07.811750
Russia Transforms Military Strategy Through War Lessons,https://news.google.com/read/CBMimwFBVV95cUxQUDVORnJELTNYMDNHYWswaDlhUHVUQ1Vvd3N6U3VKaDJiazNVT19aVC00REREOTh4Y1E3MEFKTUlFaURFMGNSRmRWQy0xVUJ2ZENwVEppeGx0YXFqS0ItQTl5cEF1RDdhV3dmRkNLYzdWcGRjd2FVNS1jd0dDMjVFdXZ1OHkwWnp4QVo2UHpoX0NHQnZOcktKUnN4d9IBnwFBVV95cUxORVAyeDZNeE9zNGEtMHNud2l6LXpNSmJBdVc4aS1DYU1ya0cxbVBtSGd6cFJUYjI3R0YzenFnYmdTY2FpeERxZGU3d096QUJvME16dnpUakR4ZEIxOEFkN3NuYk9COF9VcFlTeXkxVTV0SjhhUTZPbDN4azEycGUtbUwxV2VLck1fR0FVU0V1ZmdYVlVFVWI0Sk9JRHEzdFU?hl=en-US&gl=US&ceid=US%3Aen,Военное дело,11 hours ago,🎯 Tactical Drones,https://news.google.com/api/attachments/CC8iK0NnNXNPRkJ1Y2kxVFZFMUNVMncyVFJDZkF4ampCU2dLTWdhQkJJcHBRZ1k=-w200-h112-p-df-rw,2025-10-09T18:40:07.811752
Russia strikes Ukraine with 112 drones overnight - Air defense's work reported,https://news.google.com/read/CBMinAFBVV95cUxPaUxCQm90SWdfX3VuSWtYbWVqdWFrQUlUc21XTFpGaVRSN0hURWJTYXdzYnUxd1VCcDZrNHNuRDFfRlNIZmRmcFF5MEJZSUZZS0p4ZUtQRXJoUDJTQ2ZMNkN3U2RyaDhjZHEzSm44OTYxUjdDZFF0ZEo4UzhvTEhFejh5d2RfVmMtMU9ISVRuTXpBLTlZYTcyLVdIT3c?hl=en-US&gl=US&ceid=US%3Aen,RBC-Ukraine,10 hours ago,🎯 Tactical Drones,https://news.google.com/api/attachments/CC8iK0NnNHhVRXBIYWtkU2VsQlNia3RHVFJDZkF4ampCU2dLTWdZcFU0cE9KUVk=-w200-h112-p-df-rw,2025-10-09T18:40:07.811754
Putin Blames Ukraine Drone for Russia Shooting Down Passenger Jet,https://news.google.com/read/CBMikAFBVV95cUxOSWhRTk96dXhfY1o4aXNjcHZ1OHdvOUt3Z2lxRHpNSy1weW9fZWI2Rmh5dVhZRDNsY3RJUTNqVGJmT0stUlVUVWwtQ0lJWF85eDBIVVZmNGRrLV8yWl9lT0paeklMbjg0bS12SjE4LXFmQW93bThjSS10Q3U5S3pMQ2lHVGlmT3M5MkVkbDBSOFQ?hl=en-US&gl=US&ceid=US%3Aen,Newsweek,6 hours ago,🇺🇦 Ukraine Drones,https://news.google.com/api/attachments/CC8iL0NnNXhURWhwU0VwNVpEZEpSVGR6VFJERUF4aW5CU2dLTWdrQk1KSWlGNnBEN1FF=-w200-h112-p-df-rw,2025-10-09T18:40:07.811755
China Copies Ukrainian Drone Defense Hood,https://news.google.com/read/CBMijgFBVV95cUxPSGxBRl8xNlcwQmVkTGQyYkEzeTFMREtEVF92aGJiR1ZIR2dqVXJjNjM1THRSS0lNLWpiR3lrUkdLQV8zckQ3dUtkWWs0ZHUwOVg4cnJiSm5YQTBuSE9SaTVjSjR5NllLNUF3enFwZkZZdC02WUF2ekdGLUZlcS1VWC1sUnlfMkJYZzVfV2R3?hl=en-US&gl=US&ceid=US%3Aen,Medium,23 minutes ago,🇺🇦 Ukraine Drones,https://news.google.com/api/attachments/CC8iL0NnNHRWWEYzT0U1ZlVrcE5RM3B4VFJDa0F4akpCU2dLTWdrQndJNjFSR1dwY0FF=-w200-h112-p-df-rw,2025-10-09T18:40:07.811757
"Ukraine's new missiles and drones cause gas shortages in Russia, Zelenskyy says",https://news.google.com/read/CBMisgFBVV95cUxQelowQXl4NENsZlJndGxqeXdfRV8tUWdOSElZNXl5QkZhTi11a2FUX2JoRExFU1VDcklkZTZDaTR4dkZ2WDdOSGdFaWNsMTZKb1VzSEp1RENVX05DdkdqcUlCcGJRWGhULUpmVUsyN3drSi1KMEdXM2ctMk9SVlliN1U0TndzTjROY1ZlNWFFMWJGbWlCVjg4Z3hlaUdBQng3T3pRa05fZzlRYjAwVTQydjR30gG3AUFVX3lxTE9kR2M1dktSU28tdnVHM0g2SFRhZ1U4NlRWZDJod3pnVTByYTNBeFlzN0hGS1dUV2xmSkRaRy1jT2ZCWm5lRUZMeEdNU3hhWVlIeGJTXzlEVXY4QVliZUMySUpBNGZVT0JfTElTMUpteWducGt5YVRoNDBMNUtSVzVoU3hIS1o1Z1kxUFNnejZqaTJvNG9LTTlQUHlMREdrcU5QTmt2VGFFVlA4WjRzU3VKdHYzREJ5MA?hl=en-US&gl=US&ceid=US%3Aen,"ABC News - Breaking News, Latest News and Videos",8 hours ago,🇺🇦 Ukraine Drones,https://news.google.com/api/attachments/CC8iL0NnNTBTVlZSUTNZNFptOW9jalJwVFJDZkF4ampCU2dLTWdtQklZakhuR2M4c1FF=-w200-h112-p-df-rw,2025-10-09T18:40:07.811759
US Firm Partners With Ukraine on Innovative Air-and-Water Drone,https://news.google.com/read/CBMiZkFVX3lxTE55UXVVbVlsTzgtejVFUV9Nc1gyNV83OGJWWjVKOEg1X1piLXVQVUtEd0pqMzF4a3o3SmVNQkxheTFDT3dhLXBZOHJxXzdlMXFLeVBiR1RHalVVRnp5dy1JTC1NZ2EwQdIBa0FVX3lxTE91cl9EcXZYZkZWSmF3VjVNN1VDUlpvYUpzbGJZRjltWUQxbmtVM19OdnlMUUJQSVNnM21nRWx5SzFVVlVDNS0tZUxCR2FUQ0EybmpUZWw2TGhMVTQ4ZFdZQzJuN0lHUU5uWHBv?hl=en-US&gl=US&ceid=US%3Aen,The Defense Post,4 hours ago,🇺🇦 Ukraine Drones,https://news.google.com/api/attachments/CC8iK0NnNVBORXRCTFVSRVpGbDJNMjlYVFJDZkF4ampCU2dLTWdhSms1TE5PUWM=-w200-h112-p-df-rw,2025-10-09T18:40:07.811761
"Russia advances in Ukraine as report claims 90,000 troops killed this year",https://news.google.com/read/CBMirwFBVV95cUxOcnBqZzEyem1Qb296U0ladTNJVS1aUDRFSlhGSkJpMzNDTlMwaUlWVXNUSTBXLXlBU1Mxa2docUk1SEQ0NXdGY3R1M3hoN1h2YVpJanBGMUNLck8tclI5RFpsZk5ybnNULVZudnhXY0tORHNWd19CczRRWktMTFMzdHNFeEcxRTN1cDZKRlRMcGpCY0RsYUJkbVZiVkxJV1BjRnd4QzZIcDVQNUZhaTVj0gG0AUFVX3lxTFBnTmoyZXpGc2lLS25Ba0NZQkNhRlFrQTV0czdfWWh4Q0ZCUWtpaktwTHFZN1ByY2VGXzhodjZVR283TExKM3JXRGFJVmM2REhhQkFwMlVLQndFX3NZLWpCci1OT2M5YVdXTmVETTVPY0ZLd3ZiWGsyQXNBODQycmVVM05penlvdmNtN2liYmJkclpxdXRYalMwRDBibmhnam9qUUd1RXZnTkxkYWZicEhMMjJ2SQ?hl=en-US&gl=US&ceid=US%3Aen,Al Jazeera,6 hours ago,🇺🇦 Ukraine Drones,https://news.google.com/api/attachments/CC8iK0NnNWhMV1p2TURkblNFVk5iM0V0VFJEZ0F4aUFCU2dLTWdZbGdvUk4wUUk=-w200-h112-p-df-rw,2025-10-09T18:40:07.811763
"US sanctions firms in China, Turkey, UAE over Iran drone network",https://news.google.com/read/CBMipwFBVV95cUxQa1hDeDQ1Z1BiMUpwWno2Q0tPT21wU3RmQVRIdjE2S3BvVkx6dm9zTDFlOXF1LVkxTVRLcnNaMkxzZXhvaHRrMXJRb2dZb3RXRXhFeTk1akdWLUVycktjR3RtbjIzaHYtUVRVeUVsaVduWmpGQmRCdG5adkhPbXRhell1c2JfM3FfUE1CUGptNGJoVDlnd3VMY0lCUy1nNGppcjNuMGtXOA?hl=en-US&gl=US&ceid=US%3Aen,AL-Monitor,3 hours ago,🇨🇳 China Drones,https://news.google.com/api/attachments/CC8iJ0NnNDVWa2c1ZFUxWkxVWjFZbHBOVFJDb0FSaXNBaWdCTWdNQmdBbw=-w200-h112-p-df-rw,2025-10-09T18:40:07.811765
"US targets Chinese companies over drone components used by Hamas, Houthis",https://news.google.com/read/CBMixgFBVV95cUxNcWRraGtFdEZlNmdoNFdDam5xMG5NLXNrRzBtTXBicnZzZDBWVUxvd1kyenk5TTNDQ0ZjQzV2S0t5bHJfRzFOX214WkFxWEQtTDFBZ0J6SWlFZ0lDeV9qNmZFcDdfVDZnS19DU0pHTktrRjZCN0VYQjNtZDBtZHlTY1NaUTYxUUE4a1dPTkVPS1VDbWNpVTlwWVNpWV9Zbzh0RFVjX1JVd1hZazR2eG1DYjZpQVhTZzhZUFdHVEJtTjJ0b2E0VUE?hl=en-US&gl=US&ceid=US%3Aen,Reuters,22 hours ago,🇨🇳 China Drones,https://news.google.com/api/attachments/CC8iMkNnNVZPVGhWYzNWSFFXNHhhelIwVFJERUF4aW1CU2dLTWdzQkFJYnBrU1lsOFFoNGV3=-w200-h112-p-df-rw,2025-10-09T18:40:07.811766
US Blacklists 15 Chinese Companies Over Drone Parts For Hamas And Houthis,https://news.google.com/read/CBMilgFBVV95cUxPODFtZlVSTTVyZ0JCUTgwSGVVVHNOQnE3elpuQUw3SkFLM2RnejBBbmRQeXlXaUktTGgtYnNKZm5DSEQ0VmpYN2Nka1NzZUc3cXAzRTZiNGxLbGFoQnZQcngwaFV0eWsyZEpOMjJkVFlnQm8xdGpvMHVHdC10Z0VRcGVsd2JEWC16U2d6eVRnUl8tR3pPVEE?hl=en-US&gl=US&ceid=US%3Aen,DroneXL.co,20 hours ago,🇨🇳 China Drones,https://news.google.com/api/attachments/CC8iK0NnNVpaVFpsZEROT1FVUm5MVVJHVFJEZ0F4aUFCU2dLTWdZQkFaRExyUVk=-w200-h112-p-df-rw,2025-10-09T18:40:07.811768
"US adds Chinese companies to blacklist over drone parts tied to Hamas, Houthis",https://news.google.com/read/CBMiwAFBVV95cUxONzRDWncxUjFfeTloTUR1Mm56dHM1R1lnejBLMGkyNE9kUFlLOXZ0NWNycWUxRnNQSGpIR2NjUnRwU0d5NHRPenZHdHBEaVRwR2cxd1VfTk9kZHJ1QjZPZFY4MVF5UndBNGlRUFJaZ3ZKaDcyZE9tOTZfdzlHdnFvdThja1pDMzdZOTlXTTNMcFJLVUNTVUxHT1JMUEpfeGdXT2l5OU5JWVJ4a2Q2YWlTcllNZHUwNW96RTFEeDVfQS3SAcABQVVfeXFMUEkxR0NCT3NNbV9BMXptX1Z2aTRLQm5UWUo2RXdGSzFpUGJaX2JYeDhXSjZRcUxwVTBlTmFuVS10TUs3U1M0cVFER2hYcHIxT204eE5zWF9ja3NBU0s2WnBhUzUwNkhQRm5wa2dvN1dDeEZJNHAwVllrdUZCM0hPVHk2eUhLMTl3Tm05VXRMM2tFTDZDUnpDZXBrcF81blN0bE5mVGlnYWtpZ2MwQjFDZ2pLOE5VWmJ5dzFsaVVRYWZh?hl=en-US&gl=US&ceid=US%3Aen,South China Morning Post,23 hours ago,🇨🇳 China Drones,https://news.google.com/api/attachments/CC8iK0NnNWFPRVV4YTFOQ1MxSlhiekpqVFJDUUF4aThCU2dLTWdZQmtJYnF0UVU=-w200-h112-p-df-rw,2025-10-09T18:40:07.811769
Taiwan Ramps Up Anti-Drone Efforts Amid China Tensions,https://news.google.com/read/CBMimgFBVV95cUxPVzBJYWNNZTJ3ajhDdThfUDdlbThaREp2ZlVmbERNV3VxekN4bkRJLUQ0cUExLVJSQmR6NW43UWFhRkhsM1pTdjZJV3RPQ19IVGJYbFZ2Smdvb3dRX1hqblA4RlZVZGJlNmFWM0pjVVRMcGszRlZVX1FqTy1yV19aTnIxR1Z5MGJIaU5Cdms4a0VVblUwSjZKTC1B0gGfAUFVX3lxTE1xSlJmVUtROUlocWJsY1VhYVcxNml2UVFZdm5FclM1MEIxRlJNOTNNT1pWOUpDeTdDVzJXYmQ5VEo0bDdmTnp2YlVLY3lsUFFTMFhnTDBxS0dTYTc3Rko4X3huR20zUFFlbTI3SkZQRlFCVU5neWZZSUdlVFhkTVJDVzNsWEdpOEt4UUVaNjJ1cUNKN28tcFI2MVp5d1JRdw?hl=en-US&gl=US&ceid=US%3Aen,Editorji,11 hours ago,🇨🇳 China Drones,"https://encrypted-tbn3.gstatic.com/faviconV2?url=https://www.editorji.com&client=NEWS_360&size=96&type=FAVICON&fallback_opts=TYPE,SIZE,URL",2025-10-09T18:40:07.811771
"Israel strikes dozens of targets in Iran, including nuclear program: IDF",https://news.google.com/read/CBMigwFBVV95cUxPS2RiUENNQ3V1b1pNRjl2U2lvbU1pT0VGVEZiUURMYVozaEVxZTRHN01LTk5rN0pFaHNqaWctYW05alZrWmhjN3JZd2dNZHpEWlhVS2c3SHJsS2lEWmtkcXF5Mk5ha1dIN2pwd2VhQ0dHM3JRZzYwbElPbzJlTFp2dkd5QQ?hl=en-US&gl=US&ceid=US%3Aen,AOL.com,3 hours ago,🇮🇷 Iran Drones,https://news.google.com/api/attachments/CC8iK0NnNWZhRVU1Vlc0NU5YRkljMVpSVFJDZkF4ampCU2dLTWdhaFpJN0xyUVk=-w200-h112-p-df-rw,2025-10-09T18:40:07.811773
BIS Targets Iran Drone Networks in First Entity List Additions Since 50% Rule,https://news.google.com/read/CBMie0FVX3lxTFBVS2dFeDU4Rmg3RW4tcWo1Z0VRaVRBUWkxbHdwVnRhWWExWlNqdlBiTWlYd0tuSFJJTmwwWGxHbFBqSmdSMXRTZ21PLTk5emtwbHg2Ymg4YzZ5dUZTazJlRkpnalNKV2xWT05PZ0s5SDJtY0JTbmliUklCSQ?hl=en-US&gl=US&ceid=US%3Aen,Kharon,23 hours ago,🇮🇷 Iran Drones,https://news.google.com/api/attachments/CC8iK0NnNUZOMll3VFZsemRtaFhlbTk0VFJDZkF4ampCU2dLTWdhaE5KYk9vUWs=-w200-h112-p-df-rw,2025-10-09T18:40:07.811775
Op-ed | Netanyahu’s War on Iran Is a War for Distraction,https://news.google.com/read/CBMiZ0FVX3lxTE5ucHVqWW05c0ktUTdTdGdoLWRrMjhnblBlamJ2d3RQUmF0UmU2SEY4aFhHTlFldmJfR3pNbFNtTERCYXpxVTcwTG9GLVNuaXhjek1wRUd1LWlMN2lCWG50cG03bW5DXzQ?hl=en-US&gl=US&ceid=US%3Aen,Davis Vanguard,7 hours ago,🇮🇷 Iran Drones,https://news.google.com/api/attachments/CC8iI0NnNUxiRWR0Vms1U05WbGFUVFEzVFJERUF4aW1CU2dLTWdB=-w200-h112-p-df-rw,2025-10-09T18:40:07.811776
"Joint EU-GCC statement after Kuwait summit sparks Iran protest over on nuclear issue, UAE islands",https://news.google.com/read/CBMiuwFBVV95cUxORWlYNmEtaUM4Z2ZRN05hejluRHhpOE1FajYtb1plWnQ4TDBtd0lMUmVieXdyOG9XbXExOXpNcUxhb0pYSE1IbW1lbEZ1OEQ3ZEw3MnEzMzg4WUxOT2RLWUIxV2hFMzZuV1ZZOXlXdkQwb3l0UkFoZDQ2Wm1xNlpwUFlVY3hIUXFGQWxqNXhNemk3bEhHYXM1dWtGbVk4SG1XMnQtNnFrUDJ5dTd3aUw3cWpibEwtRV9od19N?hl=en-US&gl=US&ceid=US%3Aen,The Arab Weekly,9 hours ago,🇮🇷 Iran Drones,https://news.google.com/api/attachments/CC8iL0NnNXpSbTlpVlZOT01sbEljbkJDVFJDM0FSaVRBaWdCTWdrQk1ZU3VHZXJRU2dJ=-w200-h112-p-df-rw,2025-10-09T18:40:07.811778
Three distinct turboprop Shahed variants reveal how Russia’s “domestic drones” depend on foreign tech to keep flying,https://news.google.com/read/CBMi6AFBVV95cUxOWHd2Zl9BYjV2ZmVIb0VDWUw1bGlQdlpWV290bTJPR3F3WlNjY1UzQW15VjZDeTA5V1dZb0ZNc1JRUmNQdm9MMF8tUzZNRzFuekxoVHlPbzV5dzJTZFFmamRjeFExNHJ3UTNoLWpHbGxVdDNTMkpfVHgwNFZqVjVxR0JMaEdHX004UkhRUU9SMG9oZUQ5NEF6b3BfQ3lLU1ZqaDJhU0c3bGJQMzFBV3BzYTNaWmlTWXR2R29GVWxjaktHZV9BVVRRTFF1MEktLUtWLWhqaEdJbWk4UzJhcE1lajFkMVl5ZU9m?hl=en-US&gl=US&ceid=US%3Aen,Euromaidan Press,6 hours ago,🇮🇷 Iran Drones,https://news.google.com/api/attachments/CC8iK0NnNVJVMTlFVGtOa1VHTnNhbGRFVFJERUF4aW1CU2dLTWdZQkFJek1EUWM=-w200-h112-p-df-rw,2025-10-09T18:40:07.811780
"U.S. sanctions 29 companies in China, Turkey, and UAE over Iran milit",https://news.google.com/read/CBMiiwJBVV95cUxOZFhRUWJMUXVVbVdBMmkyWVh4YkFoeGhwME1NbFYxam9BamN1SzJmQ09BNVkxS1RQWjE5MFlxYUdKV19DWnpUQ0k3R2dQOUFrdW9UVDlkT3l5QUduVmMzVlBsSm5XUW1VN2ZIOGFWMDNsdU4tUDRZdnVSMU8zSnQ1dWFoRFBxcUZPWnN4MmlYYlExUXBrNi1ab2F4MjhYejhVV2FuekxRbXNILV9VcWR3Tld0akdPMlduMWZmM3hpTlgtQ3A2XzNOMFJ1amM1eG9iX0RXUktZaFpnYWdIYnBTU2RpVnI2eVNzaWQwSUd0cTROSVFUc2JDWGxCX3RSN2xWeEgxZHFNRGw1b00?hl=en-US&gl=US&ceid=US%3Aen,Seeking Alpha,12 hours ago,🇮🇷 Iran Drones,https://news.google.com/api/attachments/CC8iK0NnNUtla3huYjFwU1dGVk9ORU5IVFJEZ0F4aUFCU2dLTWdZcFFJSk4xUUk=-w200-h112-p-df-rw,2025-10-09T18:40:07.811781
Tehran Returns to Sudan,https://news.google.com/read/CBMiQEFVX3lxTE5wUVFlVjRkdnlkaVN0R3lVVjJiOVpuWXJlUFhQRVVpemo5cl9QY1VJNWh6dV9sNE5qYlh0TkQxcTE?hl=en-US&gl=US&ceid=US%3Aen,الحرة,14 hours ago,🇮🇷 Iran Drones,https://news.google.com/api/attachments/CC8iL0NnNVpZM2xtYUhBMlVHY3hibWx1VFJDZkF4ampCU2dLTWdtVmNZNUlzcVpjN0FF=-w200-h112-p-df-rw,2025-10-09T18:40:07.811784
Israel Moves To Counter Drone Threat on Egyptian Border,https://news.google.com/read/CBMinAFBVV95cUxPbTBuSFMtel9nZXZuLWFEeVlsRGdEZDFEZzczNW03ejZtNzNjTHBZN252b2QtanBLTE5fdklMM2FtelJJMS1TWENQOWhjdEVGY01BNG4xcU5sbThRVHJBbURVeFhXOWJmeTRrRDFacEw4bE9PcDJ0ODRRRGxQN3pXSHVJR21obUtTMnlEdlBGN1UyYWhvZE94U1pxR3U?hl=en-US&gl=US&ceid=US%3Aen,Foundation for Defense of Democracies,5 hours ago,🇮🇱 Israel Drones,https://news.google.com/api/attachments/CC8iI0NnNXVVRzUwVTFwT2NFNXRkbFp6VFJEZEF4aUNCU2dLTWdB=-w200-h112-p-df-rw,2025-10-09T18:40:07.811785
Germany to allow police to shoot down drones,https://news.google.com/read/CBMiowFBVV95cUxNMlZrdWRXYlNBM0EyTFFCOUlvQTBCRDFpZkFRM2taR2ZFVG1wQ0p3QVdhTVVaSkZuUDBtZVZFeTJGV2cwcXc5NGFodzJMRkgtb1ZsVlpoOG44ZllDeXEzc1Z3MU1EbmVZeUpMV3pPT0U4Um9mSV9Lc0NZSEVJQzdZVkxWSHpqbEcyR0RzaEROMVVSS0xVSWhFS0duV0NPX2JTUDFR?hl=en-US&gl=US&ceid=US%3Aen,Reuters,22 hours ago,🇮🇱 Israel Drones,https://news.google.com/api/attachments/CC8iK0NnNDFWemxWZVd0SGVXaExRakYwVFJDcUJCaXFCQ2dLTWdhaFJaTHNvUWM=-w200-h112-p-df-rw,2025-10-09T18:40:07.811787
IDF says it intercepted 2 drones fired from Yemen,https://news.google.com/read/CBMiVkFVX3lxTE9iWjYzVU9TenNLdDNmZHRtSEJySXFVbUhKLS1sdU5tdjdLdjZmcnRMUW5lZlhBMXlhd0VoTFNuY1B0eGJzZkIzaDIwaEs5U1YyVG5YM3RB?hl=en-US&gl=US&ceid=US%3Aen,Yemen Online,4 hours ago,🇮🇱 Israel Drones,https://news.google.com/api/attachments/CC8iJ0NnNVFja0pMUWpSaFYzQk5RbGcwVFJDY0F4am5CU2dLTWdNQkFBRQ=-w200-h112-p-df-rw,2025-10-09T18:40:07.811789
Gaza genocide: Could this be the downfall of Israel's arms industry?,https://news.google.com/read/CBMilgFBVV95cUxOaHZ0TEdsYlIwX2IyVjU2aGZyN0YyZ09iZW1CYjlEY1lEa1RaRmxxZmxlTjU4Q3RtQUpQNVFPa3lIRjREeHNEc2V6Z1BFUWl1MVMyWTBYMTJJRm9mRFVSel85a1BQWDFHN25KQ1AyN3gyQzZKYnQ1dE9sWGx5WnkzLV9FTUtFbmE0bWQtYkdjdW1hR1RlY0E?hl=en-US&gl=US&ceid=US%3Aen,Middle East Eye,10 hours ago,🇮🇱 Israel Drones,https://news.google.com/api/attachments/CC8iJ0NnNXJaRXRHVkdRNE9YRnJWbWMxVFJDZkF4ampCU2dLTWdNVlZBdw=-w200-h112-p-df-rw,2025-10-09T18:40:07.811791
"Second Houthi drone shot down over Israel-Egypt border, IDF says",https://news.google.com/read/CBMirgFBVV95cUxQTUx5VnY0WjdXNHlOUEVxOGR0WnFwQWowZ1ZGUVBnZGRnUHIweDVkbXQzTHRsS0IwMkJUTHZDelhKQnVhdnZOME45bmw1ZHE2aW9KRUJfWDl0bHRhd3dzb1ZzRFotbG9aQ2dLV0NCeG5MQkZfbXYzWUxzMklVdFczM0xmZVNZOHZ0Z01CNVE3N1BLMWxVS0V6UGZwdHBKUnFSU09CUmRBZXBKN2lONGc?hl=en-US&gl=US&ceid=US%3Aen,The Times of Israel,21 hours ago,🇮🇱 Israel Drones,https://news.google.com/api/attachments/CC8iL0NnNVRTV1pGV0dSaFp5MVdUMmxMVFJDUUF4aUFCU2dLTWdrQlVJeDJzS2FoN0FF=-w200-h112-p-df-rw,2025-10-09T18:40:07.811793
"The week that was: Trump’s Gaza peace plan, flotilla faces Israeli blockade and Europe’s new drone defence debate",https://news.google.com/read/CBMi8gFBVV95cUxQdTJmWG1RUUVVN2NvRnROVWQzV1NWNU9MVWFDMk5TTVFNOFVIMlA2cXV1b0Y4NzRWX1pVWUJxN3d3d3VsMzREcG5aOGg5SUN1bGpzVHUyclBWYlFqUGFqYTloQ2VFRDJaM0JjN2ZmOWdZY24xNTBJb1VhOFVFY1hUc1VIcW5PWVBHSGoxSFZ6MVE3VXdBeGpsVVU3aFF2bHpFSk1mZmM5QUVvUC10SlBmWnZNU2p1dElhdFBsQ0tRSXRLNnhxMWhjbmlIeTdLdVh5ajBWYVVHTHFpNnE4aGtGdDNXSlh0aWdjMnQwc1ZXWVBpQQ?hl=en-US&gl=US&ceid=US%3Aen,MSN,3 hours ago,🇮🇱 Israel Drones,"https://encrypted-tbn2.gstatic.com/faviconV2?url=https://www.msn.com&client=NEWS_360&size=96&type=FAVICON&fallback_opts=TYPE,SIZE,URL",2025-10-09T18:40:07.811794
A Philadelphia company's obscured support for killing Palestinians with autonomous flying bombs,https://news.google.com/read/CBMihgFBVV95cUxPOHRtMUNnRW5DclVXQXBnRm1kQ1J4RTFhWUlXbGF4Qy1NSFdnbG45S1NJRU1Lc2V1VTd0Z2hGMUoyZkpuc3lVUUhJWXVuWEFkbTRJa1J1cVkyY2pXUkVrcU1CUnJWNDJrRndkVjBxbVc4alVORWlNRWlUT3dFVERqUllVcTJ4QQ?hl=en-US&gl=US&ceid=US%3Aen,All-Source Intelligence | Jack Poulson,12 hours ago,🇮🇱 Israel Drones,https://news.google.com/api/attachments/CC8iK0NnNXdjWEJ3TVcxMWR6bFlVbEYxVFJDb0FSaXNBaWdCTWdZZE1vckxKUWM=-w200-h112-p-df-rw,2025-10-09T18:40:07.811796
"Ukrainian, Israeli-trained German police will be allowed to shoot down drones",https://news.google.com/read/CBMinAFBVV95cUxQV2diS2p5cnVqRFNXdmxiZXVFczRpRGRsOEpBRkpmVE1XMDAwdG0yU0plSk5xSzRzTlI0bTkxQlBpRm1xM29RS0gzZFc3aWk4NHFUUjBuUDhjTUlyRWZLZmlnOFV0WHd4eEFkeC1waFM1QUtyNU9KN2w0RjZuVmhMSmhQWi1yY3Z2YlhqdTlMY0dqT250ZTJsdXZRckI?hl=en-US&gl=US&ceid=US%3Aen,Straight Arrow News,22 hours ago,🇮🇱 Israel Drones,https://news.google.com/api/attachments/CC8iK0NnNUNkbFZ4YzBsZlpUWnpNVWxXVFJDZkF4ampCU2dLTWdaRkVvNzBvQWc=-w200-h112-p-df-rw,2025-10-09T18:40:07.811798
How Russia and China technologically enable authoritarian partners,https://news.google.com/read/CBMiowFBVV95cUxNeW04bnItMmVfZHgzTTRDMzJRZ3Nha2JRV1ozQ3FDWFU3SVZVc1BHSU9BS1lpRDFmTEkzS2twd3ZRcU0xLTV5VTUtTWJyNEh4S0JaTEFpYVNaR3JyYllSZGk2cG5kUEhlaXNVMklXWV9FRlZkbm1zZ21zVGJXSUJ3anYyLURKd1BjakJoNlhCNUMxWnZ2bDVfYjkyNF9ONEVVQXNz?hl=en-US&gl=US&ceid=US%3Aen,🇰🇵 DPRK Drones News,15 hours ago,🇰🇵 DPRK Drones,https://news.google.com/api/attachments/CC8iL0NnNU1WVW80Y0hWdlgzRjJhMUZKVFJERUF4aW1CU2dLTWdrTk1ackdscW90YUFJ=-w200-h112-p-df-rw,2025-10-09T18:40:07.811800
North Korea expected to stage military parade as party turns 80,https://news.google.com/read/CBMivAFBVV95cUxOU0NTVkJrcjVXUl9EUkRnRW14emduczlpSGJyUDZ2bTMyTEZsUUpYZTJ6UlU3OXhXQ2xxNlBaNVZYU1JrSGVHQ1VqYzBBWm81eGVTU1VjVzhjcU1Xc0FrNEM3Rl9VNkl6QTNnY051bGotYUR0NFg3SHZ0clJVcFBBcHEtYWMzWnhhRV9hMDlYR3MzcldhTnBadDFCMEJaY2VvYU54WGhRN3l4b2poczJ0NlgycDNPU3JINnNpeA?hl=en-US&gl=US&ceid=US%3Aen,The Standard (HK),10 hours ago,🇰🇵 DPRK Drones,https://news.google.com/api/attachments/CC8iK0NnNVpYME5JV1UxTE5raG5UVFZMVFJEREF4aW9CU2dLTWdZVmM1UklxUWM=-w200-h112-p-df-rw,2025-10-09T18:40:07.811802
"European Parliament demands unified EU response to Russian violations, hybrid warfare threats",https://news.google.com/read/CBMixgFBVV95cUxQQjBoRHJkZ19Jd2dmV2lmRUFRNjF1TlZ1bTA2RnJUM3JiejNPS0xIVzhzZFAzSnNyc01HSERkdG93SmlPSnE0ZjR2VFVTMXFuazlNa21IUEE5a21BNFVuNW43eWcxc2FDUElDTlk3TUlVVEdPSy1uWkFaSTN2YXYxdmpZaUJ6Q0FDRjgwdHVLZXU4N1prdjdlMVlOZU1IZFJGd210THV0ZktNTTRLQ3NBS0ZnN3lRSDlFYlFuWDRERVpTTlJWX1E?hl=en-US&gl=US&ceid=US%3Aen,The Sofia Globe,2 hours ago,🇰🇵 DPRK Drones,https://news.google.com/api/attachments/CC8iMkNnNWlaMnBuWm1sQ1RFcFNSMHRNVFJDZEF4am5CU2dLTWdzQkVJUkVuR1JTSmh0NGF3=-w200-h112-p-df-rw,2025-10-09T18:40:07.811803
"Russia adapts military strategy, posing new challenges for Ukraine and Western allies",https://news.google.com/read/CBMiwgFBVV95cUxQamZXTXBtbkxBVUd1dUMzYlBhR0ZKajFzY2EwU3pReW9FY3BTQjFPaG5uZUdDelkzcWtaWWdLaDVYb1ZBQVdRLU5RS0V0WndSLVp2eFZqdnh0V0tIVEIyUl9BVEhnZGYwM2JCb2FwVlV5cHdwaWdmV09JelpvRTlLQzF0a1AyRmRsMzhaYlJoWFQ1S2tWaXVtejJOa1pFcHJVRGc3WHpJTzNBcUZIbnZSbktra2VaYktrbDFTcFdKWVd6Zw?hl=en-US&gl=US&ceid=US%3Aen,Euromaidan Press,3 hours ago,🇰🇵 DPRK Drones,https://news.google.com/api/attachments/CC8iK0NnNUhSMUpVYzFCWFltSk5kbFJvVFJERUF4aW1CU2dLTWdhbEZaYnNFUW8=-w200-h112-p-df-rw,2025-10-09T18:40:07.811805
North Korea stages military parade to mark party’s 80th anniversary,https://news.google.com/read/CBMisgFBVV95cUxPSlVkci1DRjEzMVh0TkRDMnBuYUE4djVfaXpYcVVBZC1qWUxTMjFPMjJMTHUyVzRoOUhNYWJocWtOV21WOG1mQVZsc0RkUFJ6aXR1NFhmOVdSTVFpRGpoOEczMzBXaFFjdWtNWWZJOUVmTk5INU5OR3BEMlZrUmw3Y2hDVVRfcWFmNVJBd0tjUGI4RnFyMWpfUmFOUDRFdUFPTGg5Tk9xRC1YNGJwQTJmVDBB0gG3AUFVX3lxTFB4REVWMWVlQktCbkcxbDloemVEQ042cHlQTGJrYlNJb2FoV3V0YVNhQXhKS0kxR001Q2RCOFVFRTFmdjVIb0xmdHhqSzZfQzhvY1BWWktOSEtiZnRLWjI5WjdxaVJ1enBqeE94NVJheFBteXZjckp0amlDTGVuc0lhOU5lS3g2MW5ZZ2VSaHFpa0cwN3RRbW9SZXlxZFRaMER2VGZNdFlxZEUxMjdTS0hZa0ExOUxVTQ?hl=en-US&gl=US&ceid=US%3Aen,Firstpost,12 hours ago,🇰🇵 DPRK Drones,https://news.google.com/api/attachments/CC8iK0NnNHhWM2R4Tm1KSk0zZFhRMDR3VFJDZkF4ampCU2dLTWdhUkVwNExsZ28=-w200-h112-p-df-rw,2025-10-09T18:40:07.811807
European Parliament calls for downing Russian drones and aircraft violating EU borders – resolution,https://news.google.com/read/CBMiZEFVX3lxTE5LY2hoZTZRRWZHbV9DZFFQTGtMR2hXdXJPdjYxT240bkxlaHR1Slk1czdSZW5jQkd2N2hQbGhTaHQ3WVlGamlkRHFGZTVVVmxPSFBIMkdHY0d1dnVNTlgzTS1LZ07SAXBBVV95cUxQbzVORDQ0MVFEZzVMT1Q1SUs1cGRNYUFoLWtpM2tFSW5qX3BjM0lHSVRDUF9jRHcxS216dVdENnhOam5NVU1ndWlLQU1GY0dqWGJMS1VPandndlRRZFlHcGhINXNHYXJSWUxnSE1IWVh1?hl=en-US&gl=US&ceid=US%3Aen,Українська правда,6 hours ago,🇰🇵 DPRK Drones,https://news.google.com/api/attachments/CC8iK0NnNTZSbTFrTW5WTGNFZzVWM1JmVFJEOEFoaW9CU2dLTWdZZEFZTDFrQW8=-w200-h112-p-df-rw,2025-10-09T18:40:07.811809
"MEPs back coordinated response to airspace incursions, including shoot-downs",https://news.google.com/read/CBMif0FVX3lxTE9fRFlzaWJYTGQyN1J0cWxCRFoycTA4enB4dGxLT3BUajRPQlRzM3NNeEZOdzFmdnQ3amhYLWEyXzM4UE9ZTi11cFBuMV80TlhMN2wwYXhHbEFrZFVWcUI3QjJCWndXYXl0SkpwSWEwYkRwX0FoY2pOYW5qUWNJMHc?hl=en-US&gl=US&ceid=US%3Aen,EU Today,5 hours ago,🇰🇵 DPRK Drones,https://news.google.com/api/attachments/CC8iI0NnNHRNbVE0WTBoaVdFTmhTRFZaVFJERUF4aW1CU2dLTWdB=-w200-h112-p-df-rw,2025-10-09T18:40:07.811810
Drone Show Depicts Korean Traditions in Busan's Night Sky,https://news.google.com/read/CBMihAFBVV95cUxQNl8waVNjY1lWWXpQelVabGR0b0hYSDdCMk00ZkkyUkxEbTZLbU5yZ0xWT0NJUHFZNktIa0xaRlUzUGw3UlVON2VqS0U2bVJQdHh2TzI5c0JPNHlhYXVXSlZTRDN2M3BySEpOd3JYQWpnMU9oVFAxaTcxMUZTSTBhV2d5UUo?hl=en-US&gl=US&ceid=US%3Aen,조선일보,20 hours ago,🇰🇵 DPRK Drones,https://news.google.com/api/attachments/CC8iJ0NnNW5UVVJJY0RCblZFSm5UVWxrVFJDU0FSallBU2dLTWdNbFJBQQ=-w200-h112-p-df-rw,2025-10-09T18:40:07.811812
North Korea’s ruling party turns 80 with foreign leaders in attendance,https://news.google.com/read/CBMi7AFBVV95cUxPR2FhNDBsdm1KMmRRdjA3VWVhNWIzS01VdFFlWU5RUnlPYUNfbDI3V19MazVRYWllX1N0ZXhZYjUwNnlJbEV3Zi1XNjRjeW1pSG1pbXZFX3h5M1V3Y09qYWxFTlp3TzJEc0JIZ3UtdzFfRXFVVnVhN0ZoY2pqcE9NN21rVF9tQ2p0empTdk9OcVpjR2VNemR0alJxMUs1cW1XSFVYaENkazl4M3diVFdINWk2SG84SXRXLVJlRmhZMWNydkZ4NGVzVnoxMFpBNzFFR0RBem9GTDdZMjFUbjFkcHZuQVlVdjdOQTNOQg?hl=en-US&gl=US&ceid=US%3Aen,thederrick.com,12 hours ago,🇰🇵 DPRK Drones,https://news.google.com/api/attachments/CC8iK0NnNVFaWGxRWW10ZmVtWkRRMEZWVFJERUF4aW1CU2dLTWdZQlVKaEdKQWs=-w200-h112-p-df-rw,2025-10-09T18:40:07.811814
Former Russian president visits North Korea,https://news.google.com/read/CBMiiwFBVV95cUxOaXpwZEVGOUhuSkhEZHljeVF0TWFTX2daMkJjZUttS0kwcXBVTDY5MnN4RThWMDFidjFnSEVfd2lPWFVEbmRuLVpEY29Ua29EUnVCTGtDOEVSWkdsQ0FqdFE2RDBMVHhoSDd5c3g5WU5tNzh6ZEdQM25RaEdUaHpYeUd6M1MtWVJvS3I0?hl=en-US&gl=US&ceid=US%3Aen,irishsun.com,13 hours ago,🇰🇵 DPRK Drones,https://news.google.com/api/attachments/CC8iK0NnNXNjakpPUkU1RVkzQTVjSFIwVFJDM0FSaVRBaWdCTWdZQllKTExKUWc=-w200-h112-p-df-rw,2025-10-09T18:40:07.811816
Kosovo Drone Delivery Sparks Tirade Against Turkey from Serbia’s Vucic,https://news.google.com/read/CBMiqwFBVV95cUxPMU1iUWJBdjE1b2NIWE53ZVJlTXktNGlxZV9qN1Jqd2tOcm1DQ0NYLWpKTm82bHlUejBuWm11Ulc1YzR0NEg4amduNWNNZUtyQ0dmMm9pazRLZW5JZGptc2taV0pPX2dpaklFNkxSS1VNYTBOa3YxZVlLX2ctUEdYOEVrY2VlY2NSMTgzWDE1OE9QYlZLbHNIdEhQVXR0ZzhSVHdJZHF6c1VUbmM?hl=en-US&gl=US&ceid=US%3Aen,Balkan Insight,9 hours ago,🇹🇷 Turkey Drones,https://news.google.com/api/attachments/CC8iK0NnNXpORUV4V0ZGMlFrMWtVemw1VFJDZ0F4amlCU2dLTWdZSllKQ25NUVk=-w200-h112-p-df-rw,2025-10-09T18:40:07.811818
Serbian Leader Lashes Out at Turkey Over Drone Deal With Kosovo,https://news.google.com/read/CBMitAFBVV95cUxPZEdRenJWU18xeGxDTE9GLTNSYnd3MlFfdzRSdmI4eHd1NzQ1UHpJeXdJSS1sUGRHcHc0MGtpU1hIbjVOanlpekc5amlxUVdRNG1PMEExQ25mY2dEZHBlRUFjdm1Xd1Y0UURHZlhoSl9TdDRJVkh2bkRjTzlkbEdzZl9QeUxRbkx0SzIybjgyNXl1bXdJZ09BRmd5WS1qRjRHSHNCY01YeFJsMzl6STJUOWNYMGI?hl=en-US&gl=US&ceid=US%3Aen,Bloomberg.com,9 hours ago,🇹🇷 Turkey Drones,https://news.google.com/api/attachments/CC8iK0NnNXVSVEpxTFROSlNqbDZSemRxVFJERUF4aW1CU2dLTWdZdEpaNnVHUW8=-w200-h112-p-df-rw,2025-10-09T18:40:07.811820
Delivery of Turkish drones to Kosovo sparks Serbian backlash,https://news.google.com/read/CBMipAFBVV95cUxQYnhMbWQwV010NWQzRkh5NGhWNE91clFxZUVZNEliRHlnNnRfeXoyS0RkUld1MFZGUXYtd1ZwZHZGV1JaYlNDSEFEdGxkQ3NvWDJla19qcmtmZ2tPYWxoazFkUkowM2FVWnk3NjRPM1dqYm5neHRYa2FfNjlObjBQSlBXeVBfc0ZoUGhZd1ZlOGl6dDdhV3dvTVBKV2JZUGt1SDNGT9IBqgFBVV95cUxOSkZFMjZMQ3pKczhPYk9rUDRoWWlub1E4MnlNeFRFXzBtcjQ1N1NrSUZoSlBiOUV1bHhjTmhSWjJyTU83MXVtRXFHMXhhRkJtMWJlRVBrX3NfOHEtNGJrLTlzUUNIc19Sb2ZzR0RfTWdmTUlIN2laQzNtSlhjUkswVDMtYk1fRXU3MjNXV3BNajgwZFplZW1vQ3A2SFM1NjB4MVpPbE1XQ2pZQQ?hl=en-US&gl=US&ceid=US%3Aen,Turkish Minute,4 hours ago,🇹🇷 Turkey Drones,https://news.google.com/api/attachments/CC8iK0NnNWZTV3hqZUVob2MxcG9ObDlRVFJDd0F4akdCU2dLTWdZQjRJYm56UU0=-w200-h112-p-df-rw,2025-10-09T18:40:07.811821
"Serbia ‘too small to threaten Türkiye,’ President Vucic saysn",https://news.google.com/read/CBMipAFBVV95cUxOQmJ1UFk3VWJIS0VPSDNfSVdsUmU5bGtvMzBmaU1iLVFJZGl0WjJWWlBEdXdqSDBPRTNhRVBITzU1UnJSWFFrMDk2eW1zSzVXX1h5N1FVeC1La18taDM0NzJkWXFNT0VseWxzNm5KdWZ5dnVYcS1sdGhHcEJDNUx3T2RFNHRFMk5weDJMS2tGRnNlYzBHdDNjT0hVZnhBa21mdzloZA?hl=en-US&gl=US&ceid=US%3Aen,Türkiye Today,2 hours ago,🇹🇷 Turkey Drones,https://news.google.com/api/attachments/CC8iK0NnNVVNVzVNV1VsTlQwSnVPRUZUVFJERUF4aW1CU2dLTWdhdFpJYVBMUWM=-w200-h112-p-df-rw,2025-10-09T18:40:07.811823
Baykar Continues Bayraktar Drone Factory Construction in Ukraine Despite Russian Attacks,https://news.google.com/read/CBMivgFBVV95cUxOcFYtRi1kNkZBUDE5RmFkTzNiNmhSX3ZSWlVkZTQxMFMwQWdXMEpzdnJVZVBpZ3lvNDBQb2loNmxGbzNsT3FPUjhfR2dyY3BmVmlGenowQUV5eWJEdUZoOER1Ukk0UkJMQUhjNDJYQ0VMQ1ItQXcyQkthVDQ5cjR6LUQ1NnBkWnRyd19FcnVUaGJOaURfU2xLY3NNLXc0WFNWNjNHamtVUzFuQzUyV2swZVREbGk2YmlYdF94U0pR?hl=en-US&gl=US&ceid=US%3Aen,Букви,3 hours ago,🇹🇷 Turkey Drones,https://news.google.com/api/attachments/CC8iK0NnNUlhVlJ3Vmt4T1EzbENkVTVMVFJDZkF4amlCU2dLTWdZbFpZek5yUVk=-w200-h112-p-df-rw,2025-10-09T18:40:07.811825
Türkiye delivers Skydagger kamikaze drones to Kosovo - PHOTO,https://news.google.com/read/CBMihgFBVV95cUxOeTBWQkJtYm1JQTlNUHZoVll4ZVRVNGxybmNXTVJnTTcxVzRJU3BPampzV3ZOc1F3WXBHOEpJSHZIajJEZ0tTLVRkRGdDRnN4dnhXODY2UkNlTlRmc0JqWjVNTzJheFUzd3BXdHgzbE9idjhWWmk1dmNSRWo5RVhPdHNaSkQ1Zw?hl=en-US&gl=US&ceid=US%3Aen,Caliber.Az,7 hours ago,🇹🇷 Turkey Drones,https://news.google.com/api/attachments/CC8iK0NnNUpNVE14VDFkcWRIZE9hRjlWVFJDb0FSaXNBaWdCTWdhWms1Q0xOUVk=-w200-h112-p-df-rw,2025-10-09T18:40:07.811827
Djuric: We will take into account Turkey's decision to provide drones to Kosovo in the future,https://news.google.com/read/CBMiuAFBVV95cUxOR2ZZTmJMb0dENHNiR2RWN3M3NktVLWxBc1Vma0g5cDBNbE0xSGZqNU92SFlmdU9FV3NNT2tGRHdvM3l2VmxUMkFRUzlkc18xNV9ja2FlY0RTcFpXZ0RPalhtV0pkZDNUbjFYZzZpN2FwTVdZMml2aW1Ra0FMYm80el90TWJxVVNycWlvMFlHUFRqQ213bG1ScVRQVXBFcEJZRUdkY1A4VGVabkhYRHV1LXpGSEFPMUcx?hl=en-US&gl=US&ceid=US%3Aen,KOHA.net,10 hours ago,🇹🇷 Turkey Drones,https://news.google.com/api/attachments/CC8iK0NnNVlYMGRLVkRObE5WQk1ZV056VFJDN0F4aTFCU2dLTWdZMVpJeHhMUWM=-w200-h112-p-df-rw,2025-10-09T18:40:07.811828
Chinese Missile ‘Hunts Downs’ Akinci Drone in Sudan; Reports Indicate 4th Turkish UAV Shot Down In 2 Months,https://news.google.com/read/CBMigwFBVV95cUxPUjFXc0xHeVBEMFlDWnFMU1o5RWlFTjBsbVdpc045TFc1d1N5MUduVm90bUlVSmxxcm40TVpmaHRyaE5Zalp4Wm5NSTl6THQ1M3Q3VnZnVzRDWGhBU0YtOU5XT3B4TWpfVW5WUk44OEMtOFU3YXBEakI1NG82Snhzdm9aRdIBgwFBVV95cUxPUjFXc0xHeVBEMFlDWnFMU1o5RWlFTjBsbVdpc045TFc1d1N5MUduVm90bUlVSmxxcm40TVpmaHRyaE5Zalp4Wm5NSTl6THQ1M3Q3VnZnVzRDWGhBU0YtOU5XT3B4TWpfVW5WUk44OEMtOFU3YXBEakI1NG82Snhzdm9aRQ?hl=en-US&gl=US&ceid=US%3Aen,EurAsian Times,10 hours ago,🇹🇷 Turkey Drones,https://news.google.com/api/attachments/CC8iJ0NnNU9SalJ3WVMxalpXTlRjVXRCVFJDZUF4amtCU2dLTWdNQkFBSQ=-w200-h112-p-df-rw,2025-10-09T18:40:07.811830
Li-S Energy partners with Praetorian for autonomous drone testing,https://news.google.com/read/CBMimgFBVV95cUxNRzZkODBhdVpwNHRhdm9lOUhYc3l1d25URlB3R1lRdUFpeDZJdDFYbk8xNDZuOE9QT0x0eGtDZkRPTmRvMm4yYlRNdFVxWjdHa1JwcjFGTjl5cjl2M2l1V0ZTTVgyVG1PeWRkTXJON08zVTZmZzhYTzFwYzRJWC1FTVcxZkd5eUJ5ZURXWlZyX2tnWUJPNnY3cVVR?hl=en-US&gl=US&ceid=US%3Aen,Engineering.com,7 hours ago,🤖 Autonomous Drones,https://news.google.com/api/attachments/CC8iK0NnNWpaSFJIYTJGc2QxZE5YMGc1VFJERUF4aW1CU2dLTWdZUndJYXNQUVU=-w200-h112-p-df-rw,2025-10-09T18:40:07.811832
Censys and STRIXDRONES Partner to Bring Remote Fixed-Wing Inspections to the Power Grid,https://news.google.com/read/CBMif0FVX3lxTE02V1htYk80dEdlTUt6T3c2Tm9aMTItN0hwb1JMZE1yMnZlemN4Y2FMZm1McnpiVVpOMl9ZUU1IQThadXU0OHliZFZ0TUUza01BNU12ekFMZE5KUnpjOFloY3VpZlpHbjJMS1dCSmJIZFIxRXI5Y1B6M0FOZ0dYdzjSAYQBQVVfeXFMTkk0NGk0Ri1SSlRXWTZoUzR0U0VDZG8tMzBSTjVpeWcxYldyU3hwT1FuUXpVamY2MVhrVWtIRUNyTmw2OElVeDg3YXVESzNPdlQxanpuOEF2R0M3WjFmNkNtY3BqNXJSaE1hUGpYenhmcFJUSFF2MTRVMWhENUlFWktwelN0?hl=en-US&gl=US&ceid=US%3Aen,Dronelife,4 hours ago,🤖 Autonomous Drones,https://news.google.com/api/attachments/CC8iK0NnNHlhbXc0TjFGbGEyeHlTVEozVFJDSEF4aVBCaWdLTWdhRmNJNEp1UVU=-w200-h112-p-df-rw,2025-10-09T18:40:07.811835
"AI, drone ships and new sensors could leave submarines with few places to hide in the ocean",https://news.google.com/read/CBMiwwFBVV95cUxPYmY3M1Z4OFpWNWZJak4xTVlJV1EwZklJN1RocGdXUFgwbkM1WDdUQ2NGa3RqZm45SXB4aGphVXR2N05NbEppMHFvOTBXSmpySVVnSTJ1WXRpSGozbFRQYkhFeWtSVXVTUkItUzItcklNeHZJTkt1RmlmOGdUTEJwYXlrTS1lT0RXaEltNTYtRElaX2hSc3E0Nk81Njg3Z0I3QjI5MEN4WjVDSE9hYWc1dklTOHNXSFB0ZWdOLWotOUwyaE0?hl=en-US&gl=US&ceid=US%3Aen,The Conversation,1 hour ago,🤖 Autonomous Drones,https://news.google.com/api/attachments/CC8iK0NnNXdTRkJyVlhkRWFVUjJaRkJPVFJDM0FSaVRBaWdCTWdZZElwU09IUWc=-w200-h112-p-df-rw,2025-10-09T18:40:07.811836
"UK-Made Infinity Tether Turns Drones Into Jam-Proof, 48-Hour Watchtowers",https://news.google.com/read/CBMid0FVX3lxTE5xYXczLXBvNjE3Sm9vUWdxT2RQejRTZllNaVE1NXM2dzdITXI4QWRiYTJnbUxYdDU5TnF1c01tWDB1ejFhNWpNMmN5TzZkc1c3MzJZa2pZekdtSHJJNFQ0TlYyV0pHQWg3YjlfNVhCeGNIUDhoazVz0gF3QVVfeXFMTnFhdzMtcG82MTdKb29RZ3FPZFB6NFNmWU1pUTU1czZ3N0hNcjhBZGJhMmdtTFh0NTlOcXVzTW1YMHV6MWE1ak0yY3lPNmRzVzczMllrall6R21Ickk0VDROVjJXSkdBaDdiOV81WEJ4Y0hQOGhrNXM?hl=en-US&gl=US&ceid=US%3Aen,The Defense Post,6 hours ago,🤖 Autonomous Drones,https://news.google.com/api/attachments/CC8iL0NnNTBkRTlJZGtSV1FXOVdjV3RrVFJERUF4aW5CU2dLTWdtSkFvemxsbXBGNHdJ=-w200-h112-p-df-rw,2025-10-09T18:40:07.811838
Abu Dhabi Autonomous Racing League: Pushing AI tech to the limits,https://news.google.com/read/CBMimAFBVV95cUxOdE5ncWo0WTJoTGsxR2lZalZ6bzI2VS1KZTJaemNKT1M3VHpUWGdoYVhiQzEyeVAyODRqOGlXN3FFeEpUdWwxLTU0dVEwNXFhQ0FKSzhMNlBpV2JCRjBBUkRfbC1OX3hreFh2b0d5ZENlY0F0MUROclBJWndXUkNzOEthT2pPcWxhanJSMExnd1NUYjNVZTRLMQ?hl=en-US&gl=US&ceid=US%3Aen,RACER - Racing News,2 hours ago,🤖 Autonomous Drones,https://news.google.com/api/attachments/CC8iK0NnNXVOR2d0YURKa2FIcEplRXcwVFJDM0FSaVRBaWdCTWdZQklJeXNuUWM=-w200-h112-p-df-rw,2025-10-09T18:40:07.811840
Asia-Pacific Agri-Drones Market Competitive Benchmarking,https://news.google.com/read/CBMi8gJBVV95cUxOcDFNOTlkQU9hRmNiN0Q2S005NGpnTTFQT2JXTERKelozVTFIbTc4ZzBNM0ZucTRKbUwydnQ3UUNqbjBIYm9xRWlueFVTTWpVbU8xV3l6cldaSG9KWVdwN29sc3c1YUtScXNFbmh3cHBsazlyOUtVckhMOFRESUxqWDM1d3N6a1VQSExNa2dSTnVSNVlGMnB3ZjE1Wl9YNlZUOUNvdl80d1FRT0wzbDlWZ2E3MlVaNUYzOXllUHRWOTZBVGVWaGVuSVVpYzNCczl6eW54dWZuX2ZsZ0ZacHluci03VnJxNDNJOEplSlB2QlFfNzBRWVdDOFVaQWRoY3FiNzA0dXdnWGI0enNTZzF6QXp6SjV2Nk5SbDAtbXh6ZDVWY2Nfc2F6UU15RnQ3R3hWLTBhN1dsMW81TS1VSjBQbGlxWHp1TDdoTVc4Z2Vwa2hXNlJxTkQtU0ExWkF1OVM4dmwxb0hnR2pzbC1vMkhYT0VB?hl=en-US&gl=US&ceid=US%3Aen,GlobeNewswire,5 hours ago,🤖 Autonomous Drones,https://news.google.com/api/attachments/CC8iL0NnNW5VVFJZTUU1dFdDMU1Nakk1VFJDM0FSaVRBaWdCTWdtaEE0aHpOU2RjUXdN=-w200-h112-p-df-rw,2025-10-09T18:40:07.811842
Drones to the Rescue: Lee County’s New Tech Take to the Sky,https://news.google.com/read/CBMikAFBVV95cUxQVWFPMVl0ZlFDeVBQUk5XWUpGclNub2Y0V0hxUUhrcDAwaUtFX3laXzBPcy0xWUppd2d0OU5Nb3F4bWNkR0U2NWE0SzF3aTdNd0M0OExxbTh5cWpOZHcxakl4X1hydG5PbWp0OXpZUUFLRDNjU0FuS2liV2daT2wtSHZEZ1FxVXp2X041YVBBWWc?hl=en-US&gl=US&ceid=US%3Aen,B1039,3 hours ago,🤖 Autonomous Drones,https://news.google.com/api/attachments/CC8iK0NnNXZjV3hJVFVGa1duSkNNVkF6VFJERUF4aW1CU2dLTWdZUmhJeUh4Z1E=-w200-h112-p-df-rw,2025-10-09T18:40:07.811843
Tackling wildcat miners with AI drones,https://news.google.com/read/CBMif0FVX3lxTE5sSXhOUVBoOUlrX3BzR0J6bmZ4WVpZdzUxeW4zNFpMS3JwSHdqRzZoMXp1cTRZcjRkY1Q1TkFPbFFsamZVRndLeGVxZmdGbHlBN054elAtRkowZGFKUDRoeGJKWkdTTHVwRUdSWlQ4TWt2Q2JjVDNNWWxtRDl4a00?hl=en-US&gl=US&ceid=US%3Aen,KITCO,6 hours ago,🤖 Autonomous Drones,https://news.google.com/api/attachments/CC8iK0NnNUpkbFJuUVVKcVdIUkJUblpKVFJDM0FSaVRBaWdCTWdheE1vb3l6UU0=-w200-h112-p-df-rw,2025-10-09T18:40:07.811845
Netherlands unveils drone testing zone over the North Sea,https://news.google.com/read/CBMijAFBVV95cUxNS0FuM2ZkVGZxUlJTRnd6Y2Z3OU1IeDZVdTdLeVFtWnNRODM0WlRTTjNXcHp6d2xZeFBlQ1Z5SmpiSnZVSUpBQ2ZsaWhHVHV2ajZocXFnOXFWd1otSHFQYll3WTA2Wk1Ld1o1eXdMQXNlQ0JZZHMzLUFZOG82TFJjUTBrZVRyYzdwal9DUw?hl=en-US&gl=US&ceid=US%3Aen,ioplus.nl,10 hours ago,🤖 Autonomous Drones,https://news.google.com/api/attachments/CC8iK0NnNVBkamxoU2pKNU9YaG1aa2xyVFJERUF4aW1CU2dLTWdhUklab0hIUW8=-w200-h112-p-df-rw,2025-10-09T18:40:07.811847
Digital Revolution in Industrial Sectors Continues to Accelerate Demand for The Drone Mapping Market,https://news.google.com/read/CBMijgJBVV95cUxOMllzRk4teFNBaTltYWJvcWpPNUNvdVExV0FxcE9tQXdWM1NXeGRBeHNBMXd1MG15LVNrUDNDNkthNzUwWnNXeGN4S2hYRnQwUkVGTXRncjBkU2hMaldIQ0RLMXFPV2VLXzhJUEt6cXZGMmx1V1liR0lqVDRoOEloZWNQRHJOSGxSNURBbXcyYm5rZHo5QzNLU3lvRjZ1QzBkYmNrcjN4UXNGTTAyeXlTdUoxay11NWt6LWwwWmw3VXlaajdiU04yTHVmVlNwVnZZajZKdGFqRjJtQVF0MlpVUFN6SUZOaWtvcnJrQUhYV0tnRE04S0pJdHhROEVoVmcwMFA5MWRYZjlGRzZfa3c?hl=en-US&gl=US&ceid=US%3Aen,FinancialContent,5 hours ago,🤖 Autonomous Drones,"https://encrypted-tbn3.gstatic.com/faviconV2?url=https://markets.financialcontent.com&client=NEWS_360&size=96&type=FAVICON&fallback_opts=TYPE,SIZE,URL",2025-10-09T18:40:07.811849
Lantronix CEO Saleel Awsare to Showcase Edge AI Drone Solutions at AUSA 2025,https://news.google.com/read/CBMirgFBVV95cUxPZ0xZZF9Ja3NTZThEWldYLXl6a09ESmk4MlpNdk9KdUtzMXkzWU1kWmRUYU15Q2tDay1tNWc5b1N5Nzk2Skl1ZVdIZC14b2lpR2xQdV9fNFdLMXZMOVRHckJldzNoUm1ZdmxsQmRBLU9UTWhRdlRkd0hmWTIzVGpCOG1fN0F2RndGVDlhOXAzQUoyLTFIYkxoUEk4eGt4bnp5SEkxZFFwMUlVMXdQaHc?hl=en-US&gl=US&ceid=US%3Aen,Quiver Quantitative,6 hours ago,🤖 AI Drones,https://news.google.com/api/attachments/CC8iK0NnNWFkVkpaZW1OYVVtbG5WbnBtVFJEM0FoaXhCaWdLTWdhcFZZN3VxUWM=-w200-h112-p-df-rw,2025-10-09T18:40:07.811851
"DEFENSE Official outlines office's role in drone, AI procurement",https://news.google.com/read/CBMiV0FVX3lxTE1aLVpkSlRQc3ZZQ1V6VGJNR3RzS2M4dGt1anpRRmlZVXFiS19rbWRCbGQ3US1oMUZOaHN0WEVOaFNyMDIwamN1LXF0M3hpa0s3d3d4WF94OA?hl=en-US&gl=US&ceid=US%3Aen,Focus Taiwan,7 hours ago,🤖 AI Drones,https://news.google.com/api/attachments/CC8iK0NnNVhTRlZ4VUVvelkzZHBWWE56VFJDM0FSaVRBaWdCTWdZRk1JSjVWQU0=-w200-h112-p-df-rw,2025-10-09T18:40:07.811852
Lantronix to showcase Edge AI drone platform at AUSA 2025,https://news.google.com/read/CBMipAFBVV95cUxNcWZZRHZ3am50YTdndXpWSEJIV3pGcWYxZDVNdDZfWjhsZjUwSlF3Y25pd1N1dGlEN3lPTkY1RHZEY0RvZjdGOHREeWpXWENfS1VMdDdvQWJ0amQ4ZU9uOEVYSUEzZ1VBcGw4b2U3SlZkWFk4YVFYaG55dEJfUWMwaEd2aXBfdmJ5WVctRmZCZ1NmbW8tVVp1WUtPMl9xZzdudk5COQ?hl=en-US&gl=US&ceid=US%3Aen,TipRanks,6 hours ago,🤖 AI Drones,"https://encrypted-tbn2.gstatic.com/faviconV2?url=https://www.tipranks.com&client=NEWS_360&size=96&type=FAVICON&fallback_opts=TYPE,SIZE,URL",2025-10-09T18:40:07.811854
Talk of ‘Drone Walls’ and More Counter-UAS Updates from September,https://news.google.com/read/CBMiswFBVV95cUxPZTBEZTJUTXlsSmhpUnpNc2tXV0pGNDFmNk1Kb0o0b1hSd1JIcXhZbnFOSWdJSEtIa0lLNFpZb3g3NkJqV3dWTGZKbTU1Tk9zWFJvZGRKN21rd2xqN054WjhUb2VSNXVnUHk3VFZmeDlnc2hZNE12THRuREJjWEJ3V0pkbzFiZVJlbG5WdVc1M293bktHUTZBTFdEQWRqQmZaS011bnJxd3B6MVExSEdEWXlRbw?hl=en-US&gl=US&ceid=US%3Aen,Defense Security Monitor,4 hours ago,🐝 Drone Swarms,https://news.google.com/api/attachments/CC8iK0NnNHRWVFpuU0VzNWJHUnVOa0pUVFJDN0F4aTFCU2dLTWdhVjRJQnRTUU0=-w200-h112-p-df-rw,2025-10-09T18:40:07.811856
US: World’s first high-pulse microwave robot to fry drone swarms in seconds unveiled,https://news.google.com/read/CBMikgFBVV95cUxQcVNCM1lSQ1dvYldxdEZsNl8zM2NrYUxRRVU5NldkS1BWTVFyVnZ3X3lYT2J0SERuR3hlTVljNWZqZ2w0U1RyUldSZ3N4dFg1SHYtR1ZGdjd4NURUMnBaSnlzWTdsbUlIOWp6R1JxV1lDRXF1d09vdU5JT1U5MU1lakF1V0ZkamFHdnhWQ1hhQ1k4dw?hl=en-US&gl=US&ceid=US%3Aen,Interesting Engineering,3 hours ago,🐝 Drone Swarms,https://news.google.com/api/attachments/CC8iI0NnNHllREV6T1hsWFRUTTBaRmcwVFJDZkF4ampCU2dLTWdB=-w200-h112-p-df-rw,2025-10-09T18:40:07.811858
Ways Matt McGuire Takes the Lead in Smart Agriculture,https://news.google.com/read/CBMiogFBVV95cUxPTldhUjdBR3k0V29vZ19Zb21MOUVRX0I1NG1IQUNQd3MyRkpDeFZPWFVmdUIwWnB4WDQxSU4xZUUySTQtSEFOSHBWZk5WS1dNaTdNZkdsOVRnSjlCYVZSOUhIUkRrOWRISUFQVnRwcmp3LUo0MmQ3bUZfbGMtN0h6Zk1OYkVESnQ1MWxhUzFXS0IxU1dGbDI5U0pTV0JnaTA3YXc?hl=en-US&gl=US&ceid=US%3Aen,Growing Produce,6 hours ago,🐝 Drone Swarms,https://news.google.com/api/attachments/CC8iK0NnNUZSVE41U1c4eGJtZDVablJNVFJDM0FSaVRBaWdCTWdiQkFvNzFpQXM=-w200-h112-p-df-rw,2025-10-09T18:40:07.811860
"Asia-Pacific Agri-Drones Market Competitive Benchmarking Report 2025-2035, with Profiles of DJI, XAG, Yamaha Motor, Garuda Aerospace, Nileworks, Marut Dronetech, & Suzhou Eavision Robotic Technologies",https://news.google.com/read/CBMigwFBVV95cUxNOVExYWdoN0lLYk45SHFpWjdOazV5cDBsR3V2bWk0cXhDX0dLUll1VGtmblhFNHo0LTgtcFlneFluQ1VoUWpIazdUN09GaFpfdXpEUW43MkpuRTcwQUpZeVV0WlItd0gtdGktZHlvREhYcjhzZGpjeUZaM2JZNzRkOXBPYw?hl=en-US&gl=US&ceid=US%3Aen,Yahoo Finance,5 hours ago,🐝 Drone Swarms,https://news.google.com/api/attachments/CC8iI0NnNXplR05XZGtRNWVYaGlOV1JhVFJDUUF4allCQ2dLTWdB=-w200-h112-p-df-rw,2025-10-09T18:40:07.811861
Lithuanian 'X-Wing' High Speed Loitering Munition Being Tested in Ukraine,https://news.google.com/read/CBMiTEFVX3lxTE9UbVFLQjZ1Wks0M0k1Qm14dkcxZmhUbmVHcy16a2FGbm01c0hUWnpWUzNSa2Z6Y3BYY3BlRW4zVkkxNGpvZDhDanZSTEY?hl=en-US&gl=US&ceid=US%3Aen,Defense Mirror,6 hours ago,🐝 Drone Swarms,https://news.google.com/api/attachments/CC8iI0NnNUdORFV4ZWtWeGFrcENRVTQ0VFJDM0FSaVRBaWdCTWdB=-w200-h112-p-df-rw,2025-10-09T18:40:07.811863
New Marsupial Species Discovered in Peru,https://news.google.com/read/CBMif0FVX3lxTE9JMnl4bUd2YnlVbi1XRFJZUGY4VUxyOFVXbGFVZUd5UDE2RzhkTVIySnhlRmxweHhzTWNhd2ZxaVRTdktWWFdRaFhEdFVpOGFQZWw5b0hPMUExSkZBRGZaRmoxV1FBSkFKb0RadG9sR2JIYW5oZGx1Ymw1bG9iMEE?hl=en-US&gl=US&ceid=US%3Aen,A-Z Animals,4 hours ago,🐝 Drone Swarms,https://news.google.com/api/attachments/CC8iJ0NnNWpNVFZsTlVob1NqTTVMVXhNVFJEZkFoanFCaWdLTWdOTnNSSQ=-w200-h112-p-df-rw,2025-10-09T18:40:07.811865
"Lithuania has developed a 10,000-euro loitering munition, which is already being transferred to Ukraine",https://news.google.com/read/CBMimAFBVV95cUxQdkdRUHNoYjVRNWRHRGJNNXJxN0diRUg2MlQ3SUNYN3RfV0Rpam8xZ1FkVjdKLS11QjhxWDNYZzV5cTZNWHFZM19ZV2ZjeDBRVDJ0aDRNS0Q5aEd0UlNJSXpqYU16Vmt5RGdmSFZ6aW1NV3N1bHpsYmotTDM3cmlWWTVCMjlRMnZTS2MwRW5hMndVQy0wMGt4MtIBngFBVV95cUxQNWlIZEhkX1RVU05YV182WlMzM29JLVRnX1RkS1BFOHA5eW5xUzRUZWJKdUF0MURMcXh6bHQxZ1ozSUt5OEs4M000dGgtUEl1dFJ4VHhOT2NhaUcyaEctaGY1NmhwRldocEF4OXFyaU1JUEx1TzZzYlRnUjlGTzhrTk5FODQ1OXRPVG9NRndraFNhRmx3Qmcwd2RSNFhMdw?hl=en-US&gl=US&ceid=US%3Aen,Mezha.Media,4 hours ago,🐝 Drone Swarms,https://news.google.com/api/attachments/CC8iK0NnNVpTRFJIYlVwbFRsOUpZMDAzVFJDb0FSaXNBaWdCTWdhcGxaVE5OUWM=-w200-h112-p-df-rw,2025-10-09T18:40:07.811867
Drone dilemma: How Russia’s ‘hybrid war’ is using fear to destabilise Europe,https://news.google.com/read/CBMingFBVV95cUxNMUNYeGY0QWpYZjV6YjZUaGNWTXl2eUhkVmVUT0xXUkc3cEYtZFlHVGd5QUpxTlVjLWVrSEZXVEZETi1laUc0eEV0OGdUQnhkQ0VQZmpES3c1NHUzR3lkamhGai1VRFRCRTFtLVdET09talNscjlMcFBtdVd6MjNBbVVUWGJlZkp3TWdmZ0ZYQlVZVVpuTUlCM1N3czA2UQ?hl=en-US&gl=US&ceid=US%3Aen,The Guardian,23 hours ago,🐝 Drone Swarms,https://news.google.com/api/attachments/CC8iK0NnNTBXa1ZMWVRKZmEzTklaR2hoVFJEMEFoalJBeWdLTWdZaEVLRE1HUW8=-w200-h112-p-df-rw,2025-10-09T18:40:07.811869
Japan Deploys AI Laser Drones to Slash Avian Flu Risks on Poultry Farms,https://news.google.com/read/CBMioAFBVV95cUxOSGRSdnB0OGlKTGpPOUNWWkkyWWQ2SnlVSEdDNVNKVXR5T3M5SS1DZF81bWo5R3FZd21lSUxEVlBoUl9GZThvOWR1VUc3RHpRcTlzcTdwWnpQSGZuVTI5eFNXUEMza0xGWXZyVTMzR01kQzRmUHJuZ1BuRGZHTGFNSWRtX3ByaExhdXF4TnRkRUIycHJkQWtZWThZcHAwSG1f?hl=en-US&gl=US&ceid=US%3Aen,WebProNews,18 hours ago,🐝 Drone Swarms,https://news.google.com/api/attachments/CC8iK0NnNVlWblptY2tsUk5uQlNhV2t4VFJDQUJSamdBeWdLTWdZQlVJcFB0UVk=-w200-h112-p-df-rw,2025-10-09T18:40:07.811871
"San Francisco hosts country's 1st-ever large-scale drone, projection show for SF Tech Week",https://news.google.com/read/CBMitgFBVV95cUxNSDhKOGF3WUJ5VkVwYVpQbWlCUk9uSWF6bmk1UC1icFZHSTFUbVZEYzQ4MG5HeTRnakFXdEYxN19qcGcwdC1fc2daQ2dpUHJkQ2pKckhHTlFSUUFnZDhjdTgyeUxZa0pzYVlYSnFKaE1hRHhjNXptdjJnMjV0aHZDOFNXbVRQakZ2YzhLM24waS1pY1BMaFRvdDFiVGUyOFZxMXVjZ3d5NmlhOF90Vm1wcUVMcFl6UdIBuwFBVV95cUxNUmdrc09ibG5KMktTMTRFWnlQUC1uX3JHVUVDV1YwYjhnbnhMN1pJajVYV05qUU9IVEUtUzdHOGNCbm1hUFV2dndIYjR0Y09IM2wxSWhMcFNJR2o3Qmt0Qkwwdkg1MGI3VTBvUTBkZU9XWEp2ejdzb3ZMM0N5dzRDU2ZPVnQ5UUdraFR4a3N4MC1BVm5iTFBiYnV5WDRqbzdDT2lGWm1qV29zTC1PUGhxdzR2WnQ0bWZXd3hJ?hl=en-US&gl=US&ceid=US%3Aen,ABC7 San Francisco,36 minutes ago,🔬 Drone Technology,https://news.google.com/api/attachments/CC8iL0NnNWtNMDVTY21sSWFETmZSRnA2VFJDb0FSaXNBaWdCTWdrWk5JSnkyYUtpaUFJ=-w200-h112-p-df-rw,2025-10-09T18:40:07.811873
"Orkid Unveils All-in-One Drone Combining LiDAR, Photogrammetry, GNSS, and Starlink",https://news.google.com/read/CBMiswFBVV95cUxPb2h4OGJsSktNRTc5Z21PTUV0UU8xTmNGOTZ3ZGpmQjVQTnliNHFwN0VIRmJfeThwNFVSdlFkLTl2Y2llZW52OXExV0JTNmNITUlkR0xrekpOZlFqVlY2U2FWU2VScjFXaEF4R0x5ZUFucHF4Q2c1UGZIMVFvVnhuY3pqQmRtQUNtOXFLeUp4V01LenVxZWpiZGdmeldiUTkyVVZlS3AtbXFXaWxnZWJjWEdTONIBuAFBVV95cUxQOE4zZjBvUXZ0Q20zVERQR0IwWnJ2a1c4QUJrOWVQSk1ZWEZXeG94YnotUlF1dHhjem9NUURQVmREb0ozU1A4QTlxTjF6LW5OS0pxVEpjdmN3MEpoMHVRbUlxY2hHbGFWSk5pOWk1NWdvaXlVa0FpOFA1R2xSUVNVejRnc3R3S1M5dkc2ZzdYT0dCNmwwRVRqcG5nNVF4WTlfY1JDSWhKTkUwWkQyQnpDMEVqbXI4NW4z?hl=en-US&gl=US&ceid=US%3Aen,Dronelife,3 hours ago,🔬 Drone Technology,https://news.google.com/api/attachments/CC8iK0NnNU5MVkkyU2trNFkwVjJSRlpNVFJDZkF4ampCU2dLTWdZbFVvQ3RwUWM=-w200-h112-p-df-rw,2025-10-09T18:40:07.811875
"This US state is letting drones answer 911 calls, and it could change everything",https://news.google.com/read/CBMickFVX3lxTE5FYzRReWdkczZXempzVEszd2NnRDNEeWpwUGxfeGdMTUZlYjZBZk9LZnZ2d3dFQUpMbjJiWlhVV21xODFRWkJrLVJiTktHeG51M2FYVFJPSWM2ei1sNktlLXNxcjZGVVVCTVUyVVZNLWVxdw?hl=en-US&gl=US&ceid=US%3Aen,DroneDJ,1 hour ago,🔬 Drone Technology,https://news.google.com/api/attachments/CC8iK0NnNHlkbEJ1YlVseVFrNXRUMEY1VFJDWUF4anZCU2dLTWdhVkVvYUlFZ3M=-w200-h112-p-df-rw,2025-10-09T18:40:07.811876
Amentum Exec Discusses Counter-Drone Strategy,https://news.google.com/read/CBMif0FVX3lxTFB4NkdLdzMwbVdCcDd4R2J6VjZ0Vlo4UkloWExWM291RTM3d2dxWEV6S1BGcDFpdjc2SzFxV3NhVVFlR0JyZU1yTGcxd3hiemlIUFhxV292WjFnOWNGc01Rc21qOHEzTzlBM2xGZ0VvNWRyalFSZ05iN05IOXFfM2c?hl=en-US&gl=US&ceid=US%3Aen,ExecutiveBiz,4 hours ago,🔬 Drone Technology,https://news.google.com/api/attachments/CC8iL0NnNTBWbmxPTTFsRk5sVlFXRzlVVFJDUUF4ai1CU2dLTWdtSlVaYldwQ2k1emdF=-w200-h112-p-df-rw,2025-10-09T18:40:07.811878
Victorville to launch Drone First Responder Program aimed at catching fleeing suspects,https://news.google.com/read/CBMi1wFBVV95cUxQOEljdFJFNFV3S3lTTEhvcHFmckgwOW5odVVxUkVhZF9oRkM0b0dSVDIyU19MRzhkZnRXUTdRR1lYQWtiLWxFSW1taWN4aWl3V3FuVU1hNGwzV1NxQ0VPUUNDN0FXaThXbGRHeHBNbmJoRkQzWXNnSS10ZlhKcE52MG5Vb0UtcWZUUU5LdnJjY3RvT2huU3NTaFkzQkE4YnZZbE5iVTFraVp2YjJuYWZoVUx2OTgxMmxHYlgzbndUeTVORS02bG5FYTV4V3pONzZrT0dTUjlUMA?hl=en-US&gl=US&ceid=US%3Aen,Victorville Daily Press,3 hours ago,🔬 Drone Technology,https://news.google.com/api/attachments/CC8iL0NnNUlRVjl1Y1RkM0xVeFhaSEpmVFJEekFoaVVCU2dLTWdrUkVwN0lFZXM4aUFJ=-w200-h112-p-df-rw,2025-10-09T18:40:07.811880
Oklahoma DOC Deploys Drones to Decrease Contraband,https://news.google.com/read/CBMilAFBVV95cUxPMU45blNpSXZNU29YaWdMdjhtemxQUVhJMDJmTnpTSV9ZOXdta180bENRRHU5RVF4bC1YMnJPNndCRmR2MUNkYzJ3Z1RvY0daS0ItV3NFSHctbXlsTzZPc2VMWDQ2Q3ZUR2dOR1l2VUZmcjFoY2hLVEUxX2NsVldLazdPbnNQRFh0akZfZlJ1dDdieDZt?hl=en-US&gl=US&ceid=US%3Aen,Correctional News,4 hours ago,🔬 Drone Technology,https://news.google.com/api/attachments/CC8iL0NnNVdVeloxY2tGbFRYSjNRbE5FVFJDMkF4aTlCU2dLTWdrQkk1YmtFcXBVU1FJ=-w200-h112-p-df-rw,2025-10-09T18:40:07.811882
Velodyne Space’s DCS: Electromagnetic Drone Catcher Neutralizes Swarms Safely,https://news.google.com/read/CBMirgFBVV95cUxNaEl4SkFOellqb29Da0JDT25OMlhZREIzQzFmc0s3bkhreU0zSlN2QmNyMk5BbHlpaWJyR095YWg2elNyN181dC1DZXk2UFBObWhaVWVyV0ZHZ0ZVVl9fWGNldVZMd3piaF8zX3g5Mmd2U1JEQXB2dTQwT21LUlhjalR5a0tQRFpVUVdTZ25fSXhzZW00ME03bVRPZWRfWXFoTVJYSEszX3R6U2dJZGc?hl=en-US&gl=US&ceid=US%3Aen,uasweekly.com,5 hours ago,🔬 Drone Technology,https://news.google.com/api/attachments/CC8iL0NnNXNSRkJWVjJaTmVVUXllVGxPVFJEOUFoaW1CU2dLTWdtRk00aUp5YVM1eHdJ=-w200-h112-p-df-rw,2025-10-09T18:40:07.811884
Midland police take flight with drone technology,https://news.google.com/read/CBMigwFBVV95cUxQdmMwN0MtX1dGd2hoNVRQMVhaUlJoczEtTGE0Rk01cFdsdDVId3h6X0I3ejdISkk2M0lZcllEenV4MjRMLVJRY0xZMWZwMEQ0MHg2YjVRSngtNzVYX0FyczQxMEMyeHZvZ0h5bENZbWxqa3pnM0FiVWZoSDJjNjB3MGlYYw?hl=en-US&gl=US&ceid=US%3Aen,catalystmidland.com,14 hours ago,🔬 Drone Technology,https://news.google.com/api/attachments/CC8iK0NnNWlYekpKU2pkdFVIQllWRFpKVFJERUF4aW1CU2dLTWdZWlE1QlJIUWs=-w200-h112-p-df-rw,2025-10-09T18:40:07.811885
Ohio’s Statewide Drone First Responder Program Takes Flight,https://news.google.com/read/CBMimAFBVV95cUxOMHc0TjhqS3ZhSXM0d0g0NlJlVWJNMERDR2ZENHA3M1Z0UHpObFNnbGtMd3diREhRQjJXS2RlaWVQRTZxRGtxMTZ0TF9TdDhUWFRJQlFObTBsUXlXc3MwTmVxeHJrTzJRcExqLWNyMllVdFRaVkUxZHpPVl9xZzNIR0Y1UHNSYkNDS1pKTDRTRGFjNGhscU0tQQ?hl=en-US&gl=US&ceid=US%3Aen,Inside Unmanned Systems,6 hours ago,🔬 Drone Technology,https://news.google.com/api/attachments/CC8iK0NnNWtVV2MwTUdvNVVtcFRXQzF5VFJDWUF4anZCU2dLTWdhVkVvYUlFZ3M=-w200-h112-p-df-rw,2025-10-09T18:40:07.811887
Entire Family Of VAMPIRE Counter-Drone Systems Unveiled,https://news.google.com/read/CBMihgFBVV95cUxQUV9JV3lmUG9MWVZPQjFCTWdObFdyTDNyZFRBNzJzNkdmYmJZOGNSdXBwc2xBeE5PNFc5ZmFfSy1LM1VGaDRWbFdmU1JoSXdwNHZ2Sjg1MlpFdWJzTnlFeFQxbS1RVEtvR185WEZUbFFpaXhsaTc4SlNGWVpLYjF4UjQyUnctZw?hl=en-US&gl=US&ceid=US%3Aen,The War Zone,1 hour ago,🛩️ Unmanned Aircraft,https://news.google.com/api/attachments/CC8iK0NnNXhXSEpXWXprNFJYaGljRzUwVFJDZkF4ampCU2dLTWdheFlvWXd4UU0=-w200-h112-p-df-rw,2025-10-09T18:40:07.811889
Rail union asks FAA to ban drone flights over rail infrastructure,https://news.google.com/read/CBMipwFBVV95cUxPSTNzc2treHNMMWs0Tno4WHJsNHFZdFFxMzZJSmNvTXY5dEhzUldFYUlLSFUwZzRxa1h6LUNxWV82Q0JRM011cnRmZUQxdE9EWHZVSGRtSlF6c2Vqa2pWSVY3WkhKazdrQ3g3eWpteThqLVFsUEtackp5cUREQ0dZYnlaX21hWmk1VFRBbWpvaEZ6Mm9sZmw3X2NWVkZmbkl6TTVuT1pQNA?hl=en-US&gl=US&ceid=US%3Aen,trains.com,8 hours ago,🛩️ Unmanned Aircraft,https://news.google.com/api/attachments/CC8iK0NnNDNVV2xpZG5sYWNHSkxaemxrVFJEZ0F4aUFCU2dLTWdhVmtvYXJQUVE=-w200-h112-p-df-rw,2025-10-09T18:40:07.811891
DMR Technologies to Launch Full-Scale U.S. Drone Manufacturing Facility in Lafayette,https://news.google.com/read/CBMiuAFBVV95cUxNNjMycnVrSDFjVzhhb25ldEdaNXR4MUlobzNoOU5MT3VOUC1iNWdvNl82dVYwOXU2RDRlbEhHaGQtODVaUnJSaVhkU0xva1BJZHJJODVnbV93WW1HdnpmdTE4c25QWTZJOVVGQTNQZEZqTTBsUENMSlJXZmRjcDIzNzVMR09fNFdla0htSl9mQjdiZ0FxV1hmYThLalVZRU5qbVVhMEVaLXNzc0E5MHpzbXB1ZzVnYVM50gG-AUFVX3lxTE5Kb1BVNE1sRmhMXzFVSy1qQWVweVV3RF9wdlB3N2lMSjRxWkxXUDFCTHlYRUxJcHNDcUVUX09jOHJJUzdRa2Q1MF95OHlabTdiSy04ck9iMVZ4dC0wNFpPenpJVzZmWjhtUmJLaThSbkh4cjVqamZndkpudGlfV0pCVGFybjdzUnZ1UmpubDhrS2h4Mzk1WXRqWms1VUFDT0ZkbURCTTdYSHZNSE1fMWoyWFk0dFlhd05raEU1V0E?hl=en-US&gl=US&ceid=US%3Aen,Dronelife,3 hours ago,🛩️ Unmanned Aircraft,https://news.google.com/api/attachments/CC8iK0NnNDVVbmhVYTJaUFIyNUtha2xyVFJEWkFoanVCU2dLTWdhWlJKQ3RIUWM=-w200-h112-p-df-rw,2025-10-09T18:40:07.811893
"Germany approves amendment allowing police to shoot down drones, interior minister proposes involving the military",https://news.google.com/read/CBMiR0FVX3lxTFBHc2FFN1lscl9PZEVXcTdhRUc2bjVXbU9MbG5YTS1NUndCVXhtR254S3RxMDZwRWNWZkM0UjdMN3lOVEh2bHlF?hl=en-US&gl=US&ceid=US%3Aen,theins.ru,29 minutes ago,🛩️ Unmanned Aircraft,https://news.google.com/api/attachments/CC8iK0NnNUNNR2RNZURGaFVGVk1XVXgwVFJDUkF4ajhCU2dLTWdZZE40WXF0Z1U=-w200-h112-p-df-rw,2025-10-09T18:40:07.811894
Drone delivery is finally having its moment,https://news.google.com/read/CBMivAFBVV95cUxQYVlqRzFlVXRlZGluVm9pNDMtZkRqV1M2S2xrOWl6bm43Ry1kaWNVU1FidS1rdEhKcG1yRW9jU0twQXctdk1KNXRZdnVQVUNwZ01NQXpkYWdEbVdDM25uN0RmZ1RWQ01id05DanpWcG5uUlNLamVVdHpLU2x3SFZ5X2szRmFGaS1MbzlhV0dpT1JkMFEzdmJCajBYTVhUZlFRN1oxTkVESkdTdlQ2Znp5dGdST1VzcUhOTkxmSA?hl=en-US&gl=US&ceid=US%3Aen,MSN,2 hours ago,🛩️ Unmanned Aircraft,https://news.google.com/api/attachments/CC8iK0NnNU9SV05JY1haYVZHdEtlRlZKVFJERUF4aW1CU2dLTWdhQkU0aUxxUU0=-w200-h112-p-df-rw,2025-10-09T18:40:07.811896
L3Harris Reveals Details on Naval VAMPIRE Counter Drone System,https://news.google.com/read/CBMirAFBVV95cUxNN1NoMlJObkx6RDlfekZCNHRMOVBMTjdvWWJBWWNfTXYyWV9oMmNjSHIyV3BYanZmemUwNGQ0OVZkdVl3VDVhUHdhT3pHc1paMkpiam1NUi1Zd3Y0UzBIejBVOUhTR1dyMXBRSXA5ckN4dVRLX285YkFoV2RkczlXakMwbTl6ZklEdmJZaUZvbmZxWndxOVJWSEJYajZkMGtyZjZJQU8yYWtXZDBl?hl=en-US&gl=US&ceid=US%3Aen,navalnews.com,5 hours ago,🛡️ Counter-Drone,https://news.google.com/api/attachments/CC8iK0NnNXVZWEJmUTFWalkwWmxhWGhXVFJDZUF4amxCU2dLTWdZaFZJeU1vUWs=-w200-h112-p-df-rw,2025-10-09T18:40:07.811898
Army Launches Indigenous 'SAKSHAM' Anti-Drone Grid To Boost Air Defence,https://news.google.com/read/CBMitwFBVV95cUxNVFV4ejJJdmFVMl9iU2FqOTEzRTQzVVAwcFBidndRYmktMlZMRkRtWnFyLUNBMUYzQ3FhSk1iMW5GMkNiaGhtWmN5WlNuYTBZTWxkZ3hUN3o2SVBpbVhwSXpYb1VpMkVIeTVRUW1uUWZOX0c4UUxtTGNzenJ0emozOTRMcUJXVG55Z0dpWnJFSFFBbkx5YzBWVmJmVTYzYzdmbVFOYjJJcVMzN0lfdjJQVWxlclR6WlXSAb8BQVVfeXFMTWMtejN0bXdfNXNvNUM5aHdCRFdtNmkyYVlzSFZ1Umk5TnZSUEpGalZUYmw4d28wMkcxTW9HV2VvZVZZNnJmRkZ6VWN2bmx1WngxWHUwVlVyWkVtWDBwQmg5Y0Z1cXVUODRDa2Q3d2s0dG8yTURfVTJGdG1MUFAtbFRTeEJISFlwMnRNTEZjUEt1YkZ3TnBPYTNNNE5ud3YwWHhQNmNpd2dJbW5kaEltTTQ2TWIySWNqamhEdVJ6Xzg?hl=en-US&gl=US&ceid=US%3Aen,NDTV,4 hours ago,🛡️ Counter-Drone,https://news.google.com/api/attachments/CC8iL0NnNVhOMGRvVW1SNGJVdElWVkExVFJDeUF4akNCU2dLTWdrQk1KU29taWttYUFJ=-w200-h112-p-df-rw,2025-10-09T18:40:07.811900
"Draganfly Jumps On U.S. Defense, Drone Partnership",https://news.google.com/read/CBMioAFBVV95cUxQUjhuYmViZzRQeVVQQjJpSmVaa3RaYllZWkxqNXJNZ1hLTEo4ekVoVjk2YlF2dHUyRm5Wc2hSLW5aZWJISFp0TmtOTFd0X2lKcXhxLXVNQV9yRjVYNERTMFlxSnN2RmdraU9zQWw0aUNpTDlaR2pNYWI1RGNTWkh1RjNOWVIyZDUyMDlLOERiMUFWSlk2anowZzMzb3hzeHA3?hl=en-US&gl=US&ceid=US%3Aen,Investor's Business Daily,2 hours ago,🛡️ Drone Defense,https://news.google.com/api/attachments/CC8iK0NnNW1aR1JWVUhWTlZWTlpaVU5sVFJDZkF4amlCU2dLTWdhQkFZYlVEQXM=-w200-h112-p-df-rw,2025-10-09T18:40:07.811902
Motorola Solutions Showcases Counter Drone Defense at the AUSA 2025 Annual Meeting & Exposition,https://news.google.com/read/CBMikgFBVV95cUxPN1l4Y1pkVHppbWdWZWJZb0JjRlgzTDFTTTFaWmJUcl9IclN3WjkxazIzVXEyaDJHRDZqYkFEYUNpUlRYX1g3Q0lNelYwWkUxNE1Rd2RUM01FdkxVQW9oTlY4SlVaLWFSQjhGMFh3TGpud1kxSi14Q0xUZXREdkx3VWxDcXE3eDZFYURRTkFmNWdLZw?hl=en-US&gl=US&ceid=US%3Aen,Yahoo Finance,5 hours ago,🛡️ Drone Defense,https://news.google.com/api/attachments/CC8iL0NnNUhSSGc0V0UxeVEwSlVVM0ZzVFJDYkF4amdBeWdLTWdrQk1ZQ3RHZWxCbHdB=-w200-h112-p-df-rw,2025-10-09T18:40:07.811904
Taiwan Defense Report Highlights Counter-Drone Measures,https://news.google.com/read/CBMiswFBVV95cUxOdlZ1eUF2U2wwbkdMZDVlZTJlcFo2a3NSZUpiWWZBWGdTNWxEd0llSDdnZE5EM1pBbkFMSE1sYUwzYmpnWFpZOXR0TDdhaG9MUzl4b0RjbTRGdG51NHEydGc5R01wV3pta0hNSVVjNXRKYnZad2hLeE53MnEzTUtPVmwtUjh2Q1RVRDlzdW1yN0ctSHQyNE1EclB1Z0kyaDJJZHFfeURTZlFPd2YyMkMyNlktbw?hl=en-US&gl=US&ceid=US%3Aen,Aviation Week Network,5 hours ago,🛡️ Drone Defense,https://news.google.com/api/attachments/CC8iI0NnNDVXSFl3UzNCQ05qSjFiRXQzVFJDM0FSaVRBaWdCTWdB=-w200-h112-p-df-rw,2025-10-09T18:40:07.811905
"Airborne, EW Variants Coming For L3Harris Counter-Drone Platform",https://news.google.com/read/CBMisgFBVV95cUxQMTE4OU83cFVMVVdyZ2Rrd21Oa0NONXdROWdrV2ktRGZsaE11Skx6ZUtMNjBzWnEtcXoxTDc3WlhiMmQ5cFJqQlpKOGRmaXlJa3FYQWo0czZXOFUwLTh0bFVRZV9STl96VjZaX0EwUGQwak1HME1kMjg4YU9NQjVUY1lTV2JkdGM1RUJiVWJlWG1yZXd3NGhFc05hTmZpY3luMWhEaGRxb0pkdUZBNXlnd0Jn?hl=en-US&gl=US&ceid=US%3Aen,Aviation Week Network,5 hours ago,🛡️ Counter-UAV,https://news.google.com/api/attachments/CC8iI0NnNDNUVFpwWmw4M1kzRjFRV0pxVFJDcEFSaXJBaWdCTWdB=-w200-h112-p-df-rw,2025-10-09T18:40:07.811907
"Indian Army approves Saksham counter-UAS grid to enhance drone detection, neutralisation capabilities",https://news.google.com/read/CBMi2AFBVV95cUxNbGs4d1BkREg2WGRVOUMxNGxOZ3F0d3VHRXNBTmFRcGNlX0pVT2UteDc2aVdsUUY2ZWMtOEhPZFlCRmtibGtNZWgyQk1ReFpXaHlQT0pyczJRcTBDTDdoQWJTV0tKYkhmdlRIUS1xd0Q1QWhodUhJRVZZM3l6MlVuelUxVEEyaHVmV2ppbmlPRmVGWWNEbnA3WXdnSFdlSUpYQkNJbUtwSnh1YXhnSUdkbXNra3lUdEdyb3lFcjVySkZtTkJxSGR0N3dzWTlnS2gtUXNfdVVEam7SAdwBQVVfeXFMTUExa2Q3ZGNLZ0lpRDhWSU1CZGkzdHZ1UUZmMnJYLUczSmpab28yU3Z2aFFuZlZjcGtvbk9OajNYZzRRMVl5cTFDWlpmaVlXbzJQQV82MW1ScGJLcjdpYTJQT3ZTeHY2Ty1PdDZBRGZIMEpJTmlWcElJaV82bk83ckxydkRaU21OT3RuUGxVQ0dwc0ZSbnNaVHpjMWdURlpzNUxjY0NCUFVHSFB1YlhTNzJVZ3paeExwOW4xZG5sWERqdWpMVlJsbzNUbmJacWtaV2YzLV9tYmtxc0RBSA?hl=en-US&gl=US&ceid=US%3Aen,Tribune India,5 hours ago,🛡️ Counter-UAV,https://news.google.com/api/attachments/CC8iK0NnNTNkV3cwUjNvNVpGVlhVRlo2VFJERUF4aW5CU2dLTWdZUkJvU0hrZ3M=-w200-h112-p-df-rw,2025-10-09T18:40:07.811909
Li-S Energy and Praetorian Aeronautics sign Collaboration Agreement to advance sovereign defence capabilities,https://news.google.com/read/CBMi6AFBVV95cUxQckxxMGpqajFqUkMzWnVsOUVmYXBuazllWHktYk4tNmdmSWlDRzhWV1JWa0NFWGM4dXJrYWxFN0JjQW00djMtcXlKVWZMRThMLVVEZ01sRlhzTGZid1ZPeGdHQTFmZ0VvVnVldHlGRGFuc2Y0cjdTTXgzX1Q2YTA4RUtlMVZDeHUzZXd6a1ZnWFJLTjZCdTFIRFpWTnFXM1otRlhjTmYwdWhGdXV6UkxRNk9mQzZrTmt1SHlMOVp2bWN0dVRXLUt3NG5MTE1IMWg3Yk5YdFU0TjNLSWE5LVVmSDJfc3M4d1Na?hl=en-US&gl=US&ceid=US%3Aen,The Malaysian Reserve,11 hours ago,🛡️ Counter-UAV,https://news.google.com/api/attachments/CC8iK0NnNWpTRk5MVVhWSGJrOHpkMmczVFJDTEFoaVFBeWdLTWdZSndJYXNQUVU=-w200-h112-p-df-rw,2025-10-09T18:40:07.811911
"Li-S Energy, Praetorian Aeronautics Sign Agreement to Advance Sovereign Defense Capabilities",https://news.google.com/read/CBMi9wFBVV95cUxNTnRCOGtEWmduako1LVNKcEJydEZDTG9aOFJrc09DRHRKYk1rdjJFeDFyY2ZRRmxpSTZIbVRTeWhnMThyc0NrNTB5dXN4Y1JEeXBDS3c2Z2RuVUo4d3NNTXhVS0VfU3hGRERheGhpNlQwNFVKRHpudllrRGdlVUFPeFJZbEZQc0hQa1lseWowa0lQc0EzUHk2TlNuNWRQcjN1Y281clFRTW1IdFkzWDh6UE1IMkgzc2gyU3JqQ3JIWktHLW9FWmVSQ21tYkhkZl9YaFpLN2VyVHV6XzMzM2lEcmxXSlMwN0hJNnh1MGxtbkZwdXpHNGRF?hl=en-US&gl=US&ceid=US%3Aen,Design and Development Today,4 hours ago,🛡️ Counter-UAV,https://news.google.com/api/attachments/CC8iK0NnNUJjV1l6TnpobVdYUmxlVWRtVFJEY0FSaktBaWdLTWdZSnNZNHRRUWM=-w200-h112-p-df-rw,2025-10-09T18:40:07.811912
AimLock Partners with Overland AI to Provide Multi-Mission S,https://news.google.com/read/CBMi5AFBVV95cUxPbnFJZUhFdi14czU0c29aaEtEMHBQVXEtdXdudHRraHNURnloQTB1eW5DbzVfaWpFTGI1REt6VU9jekFzUXZqQVhiZGxYWmNlaUFFaEhxNTJtMHZyX2dMajcwR2RlTmtITEt6eTVHbE9fVzNSMldCMjdPRjRBRlRxRE9FbldyQ0t1MHFISTQ4ZXliS3piaDJhQzZRdTVVNVBzZV92Y3RmTmY2X2c2YU9pcW9zSF9Na1NQekQ4NGNYR09jcmp4bjdZS28tSVM0RTJOU2tvM19HWTZzWUg0RmdUY2RVLVY?hl=en-US&gl=US&ceid=US%3Aen,ASDNews,11 hours ago,🛡️ Counter-UAV,https://news.google.com/api/attachments/CC8iK0NnNTVVVVpJV25GMmJtZHpMVzFVVFJERUF4aW1CU2dLTWdZQk1KQVJHUWs=-w200-h112-p-df-rw,2025-10-09T18:40:07.811914
Hacker No Fly Zone: FAA and TSA Propose Cybersecurity Rules for Drone Ecosystem,https://news.google.com/read/CBMixwFBVV95cUxPc0tCdlMxTFFwejRrZWEwbzkxakFYZEIzaEhuaEE3aks0ckVLbTN0YWM4dVR6Ukl0TEU4Y3g1VTZNY3RvMV9xOFJrRGtYczNoNmE2VXVuUDJfVVJWcTVZM2VxM3Exa3p2Y1kzcnVLakxXVzZvSHJSLWY1cDVsNGZXcUlNMEhqcmhLVFBPOVV6Ry1CWGdoUjFJbTY4SUtNN2dlM3FaaVNiN2hrYk9ITWtqcHM1R1h3aEd0emtHQWNmdldlRmphVUs0?hl=en-US&gl=US&ceid=US%3Aen,Crowell & Moring LLP,21 hours ago,📦 Commercial Drones,https://news.google.com/api/attachments/CC8iK0NnNUZjMnhSVjNGMlRqVm9WVTlUVFJDUUF4ai1CU2dLTWdZRklKVEVsZ28=-w200-h112-p-df-rw,2025-10-09T18:40:07.811916
Commercial Drone Market Transforming Industries with Advanced,https://news.google.com/read/CBMingFBVV95cUxNblJRNWU3T1FyV3U0emd4ZHVxMjM5S3pSU1RfLUU4dG04a1NkOXFNQm9nQkFuTWFpdm1jMTcxV1pBdHdLX0FUZmJxVllRZ2F0Y2dvUklaR0taTVZhR0NTU0lYbE9FWkF2WFlhVHpWaGJHWUxwNENJUExZRDdSNm9rMm5nbWpTMkNvTmgxNnFxZVRWZ3VrYmlveUlQazAwdw?hl=en-US&gl=US&ceid=US%3Aen,openPR.com,12 hours ago,📦 Commercial Drones,https://news.google.com/api/attachments/CC8iK0NnNDJRMlI0TWtaWFlrMHhaaTFOVFJDb0FSaXNBaWdCTWdZSk1wTEdtZ28=-w200-h112-p-df-rw,2025-10-09T18:40:07.811917
TSA Security Rules Could Ground Walmart’s Drone Delivery Before It Takes Off,https://news.google.com/read/CBMifEFVX3lxTE1pcU8wdEREQjNiTGlQVVZwdnp1bVc2Y2RJRXY5UUtJTjUxRjQxaTR4TW1wek9UM3JBLXlvLWR1bEdmTkpTelQwSXNjc0xLbGxFU3lJMy1jYXB0TjJyck9kOERWbGtwUzd5Q2t5T21seklHWWVXSHpoQVFjTVM?hl=en-US&gl=US&ceid=US%3Aen,DroneXL.co,5 hours ago,📦 Commercial Drones,"https://encrypted-tbn2.gstatic.com/faviconV2?url=https://dronexl.co&client=NEWS_360&size=96&type=FAVICON&fallback_opts=TYPE,SIZE,URL",2025-10-09T18:40:07.811919
Drone at 75 Feet Near San Diego Airport Runway Sparks Confusion: Police or Unauthorized?,https://news.google.com/read/CBMid0FVX3lxTE95cHFEYXRkakthNXJtd1FhWTYzTl9DeEVPNGUwd2VJSnVucTFTdFpRemg3YWdzcnZpWWR1U2ZsQXlXdTZwRmo2a0lqOXFfY2p0Y29SLTM3M2tVX2lnb0FaZU5RdllmQldYRDlmelFqWVE5d3NZek1J?hl=en-US&gl=US&ceid=US%3Aen,DroneXL.co,4 hours ago,📦 Commercial Drones,https://news.google.com/api/attachments/CC8iK0NnNWFVMGRYTjJ0dllscGtXR1JCVFJDZEF4am5CU2dLTWdZdFVJQXhLUWM=-w200-h112-p-df-rw,2025-10-09T18:40:07.811921
"Rail Union Demands FAA Ban Drones Over Train Yards, Citing Surveillance and Safety Concerns",https://news.google.com/read/CBMijAFBVV95cUxPWGZYQXZqZ3FMZ0NTeVkwZEMxS2l6ZWktQi1aX1UwMW1VOGpCNlFnWHJ6Sm5NQklmLUVkSjZSdGJJY0pzVWVrUHIyUDRNVWx0WWNKekhJb2FIOU10SkpGbmxyN3FOTWNHcGxYWTVBVUVKUVlJc1k0NWNXZEwyQUdqVWFmWEtkOENIU3Nldw?hl=en-US&gl=US&ceid=US%3Aen,DroneXL.co,17 hours ago,📦 Commercial Drones,https://news.google.com/api/attachments/CC8iJ0NnNDFRbWhVYmtOeFYwUnZiVk50VFJEVkF4aU9CU2dLTWdNQm9BUQ=-w200-h112-p-df-rw,2025-10-09T18:40:07.811923
Ohio Launches Nation’s First Statewide Drone First Responder Program,https://news.google.com/read/CBMihAFBVV95cUxNTU5iT2RhbG01SE1CUkNKWXVfdnF3NTFTMThLWjVIdWNkSnFMMHcyUk1pVWp0UUsxR1M0VVcySmkxR1hnWVl0bzFvNU1yLTBVMG9wZlpQMmdQS2xNNm5aTEdCZk9NdXhodkNldEpOWlVIemVHbHhueDY3WGZIcXdUWFppbUI?hl=en-US&gl=US&ceid=US%3Aen,DroneXL.co,23 hours ago,📦 Commercial Drones,https://news.google.com/api/attachments/CC8iK0NnNTJjV3RFZEhkcWFWOUtlRWxaVFJDWEF4anlCU2dLTWdhUkVvYUlFZ3M=-w200-h112-p-df-rw,2025-10-09T18:40:07.811925
"Olympic Drone Scandal: Canadian Soccer Coach Reveals Death Threats, Suicidal Thoughts After Career-Ending Flight",https://news.google.com/read/CBMigAFBVV95cUxOc25fUExGZU9JNTdncWVwQzdVYWRjdlhORUo5b3h2R2toZF9VbVdCUF8wY3BXdjZFOEM5WVdTQ3UxS1NES1BXWkhzb3pXZElMa0lMZFVHbWpOcTdLdWl0b3lpSWNnUkcySW93UWJLajVydndQb3BYeFB6aWlzMGM3cw?hl=en-US&gl=US&ceid=US%3Aen,DroneXL.co,22 hours ago,📦 Commercial Drones,https://news.google.com/api/attachments/CC8iMkNnNTFXbGhtWnpNMmVGaGFjRVZRVFJDekJCaWhCQ2dLTWd1SklJZ21SbVJ6cHZyV1ZB=-w200-h112-p-df-rw,2025-10-09T18:40:07.811926
"TSA rules could thwart drone deliveries, industry says",https://news.google.com/read/CBMiakFVX3lxTE9FRUhRaE9FWElUV3FaRUNEMnl1RGl6bm93ejQ1Tk1MZ01FWVJaY2hsQTR2TWxyZjBBd1ZQdXJuQ1Bkc0JMaEVhaC1vS05fWGpONVFfSjdNMnE1Nlg1MUoxVVVoMGMydFBxTlE?hl=en-US&gl=US&ceid=US%3Aen,Axios,8 hours ago,📦 Drone Delivery,https://news.google.com/api/attachments/CC8iK0NnNVJibVF4UmtaVE5XMW5kalF3VFJDZkF4ampCU2dLTWdhTlJwQklxZ1k=-w200-h112-p-df-rw,2025-10-09T18:40:07.811928
22 Investigates: Prison delivery drones,https://news.google.com/read/CBMi_AFBVV95cUxNMGdpb25SUnFxVE5rajZpYmp3YmpURFRhX0VOZmFMU3VRa0EwZEk4RGRDa29JRmNYb3lfQjMxVEF5Z0hSeWE5aWpaZzloUlE3Q3BfbXlmSGFzU2J1ekxMbnNHRDBhUnJ5VzZnRHU1OWNjRjFzdnVBcE51bnBWeDFFbEQwZFRzWU5kbWhUbTZ0elJKTFFOQmhDdUdXTU8yN3QtdGFvdnUwOXN6eElyR3FibDd6TW16bFZvNTRvNDdpWlYwZzRMNlVpYXNmV2FyTUtXcFFHOTdkQjkzRnhmVDdwZkNKTnUyMGU1dDRkTVZINHVkYzNWUjlwZmpQNEw?hl=en-US&gl=US&ceid=US%3Aen,WSBT,3 hours ago,📦 Drone Delivery,https://news.google.com/api/attachments/CC8iK0NnNXdSakEzV21adFQxUjRaMjl5VFJDZkF4amlCU2dLTWdhUlFKQ3RKUWM=-w200-h112-p-df-rw,2025-10-09T18:40:07.811930
Culpeper traffic stop reveals drone drug operation and multi-jurisdictional crime ring,https://news.google.com/read/CBMiuAFBVV95cUxNYUdRWXY5T2R1ZlFndmN1NkpnUURrM3p0QXpQbnR5dFBodUtNdkkxcllLaWMxLS1VQnNQOHNIMDFVSGs3VGJ1bXBZdUhCcTR4X0dPQ2w4Xy1KT3RNZFYxS0RCbUkzVWpuZC1mYWRhWXFEX1BCaTgtZ0xGSWNucmxhLVQzT25RT2czWWhjbjNrTVh1dC1YLXRtVXUzZ014Umw1SEJBSWJIMUItX0VFbzhtSkJVbUR2UDVE0gHMAUFVX3lxTE9DVlRUU1JxZWhkcl9mMzd1T2xaTG1NN0sxQkR5YWZLbkt3S004UVFLalJPdXVsVzFxQUpIQjNQejRRUTRxMEI0elREZWdTMmFxb3VDb19SLXE5Uy02X0U3Z21kMFdyLUFqdFRweHJrYTA2RXVnMDQ2Z09nVUZua1dRSFctM0pxaERoakFnZzhjNkJoQjVuaHhydWhiQ1NsSllvMVZudDRnWU9zdWNRSk5zMjlyVmttM1FKVU8zNVFhVXpNc00yM3ZSWlNzeg?hl=en-US&gl=US&ceid=US%3Aen,WVIR,7 hours ago,📦 Drone Delivery,https://news.google.com/api/attachments/CC8iJ0NnNVJMVGRDZDBkMlozTm9WbUV5VFJDSEF4aVBCaWdLTWdNTllnNA=-w200-h112-p-df-rw,2025-10-09T18:40:07.811931
Global Military Drone Market Projected to Reach $30 Billion,https://news.google.com/read/CBMinwJBVV95cUxQaEdRbmNrdEU3TVF6U1lYc2Q2Y1lkbkhRTS1yRExQUDRxUWwwemhidWdyeVV2R3BsZGZ0ZmMyRFFxMkc2ZnpXNXdBX1lPS1dDQU5WZEQ5aFRMazdaQVVvWlpoVlAwZWx3QjlWcFl1MTVZdUFxdVlEMVMtWG1OOVlwY0JvYWJLb3lma2ZrRm92WXFVRGdZNjJ3OWU5SjFPeFNiZEpfc1JuZzRNMGpmTHVpYnRfaGhiN2lMWHNuTXpEMnFzRklFdG5sMnJNM0dFb2JTaF9FS1c5TUtaazhZLUV2dHoxeFh0czgxUzdhcjRzSUZIV0JISjNZWmF3V2VwaVoyNUpyd2FFTmZueHZ5WUtlLXpPT3VfWWlUQ2h0X0NRUQ?hl=en-US&gl=US&ceid=US%3Aen,GlobeNewswire,5 hours ago,📦 Drone Delivery,https://news.google.com/api/attachments/CC8iJ0NnNDJSbkp4VEdabU9FOUNXRTF1VFJDbEF4alpCU2dLTWdPTlFRQQ=-w200-h112-p-df-rw,2025-10-09T18:40:07.811933
Stockbridge City Council considers grocery delivery via drone,https://news.google.com/read/CBMixwFBVV95cUxNSEo0dDhrWDhGYURUdWVqYWtLRkZhMlBMSEVMaEYzdDJNLTExSGUwRXU2VVRWd0NsZ1c4SF9TMC1pME9GalphVTd3WW91QXBSakMxS3YtNEwzUHdFVW1HQWtDQ3JjREx3MnJ2VUR6X0l6QVpZM195d2xYOWo1M1VHb1VBeXNGbTlyc1BDd2tIemVIRV9FLWszamdpTWw4RmMtYlkwMHM3U04tbFVJQ09hU1FlMlZNcVU0QW5FSU1LbG9pVkZHR3RV?hl=en-US&gl=US&ceid=US%3Aen,11Alive.com,18 hours ago,📦 Drone Delivery,https://news.google.com/api/attachments/CC8iK0NnNXNWSGRMVjBSMFEwcG1lVUV5VFJDZkF4ampCU2dLTWdZQlk0S3dOUVk=-w200-h112-p-df-rw,2025-10-09T18:40:07.811935
Drone Swarms Predicted to Be the Next Big Drone Use,https://news.google.com/read/CBMiqwFBVV95cUxPU200dGZkVVNVcG1QRVhidElwMDB6aFF3M0NacEtXVlAwRW5wUy04aW1sWHgwdjBhNmsyVEVJci1OcHE5TzYwNURRVnVQT3VLcmlVcTdfTHBGYkNjajdpeHBsQ2NMODJhY2xhOUY3N2dVT1dBSmRIdWdyRXJLd3BqMDBLS0ViRnVkbVB5cXh1R3BKR0RoQzVRLXh2QzRPUmJNa0FEdjM5aFNQdzA?hl=en-US&gl=US&ceid=US%3Aen,AG INFORMATION NETWORK OF THE WEST,11 hours ago,🚜 Agricultural Drones,https://news.google.com/api/attachments/CC8iK0NnNXNVRXhmYzBsb1luRmxkRXc0VFJDZkF4ampCU2dLTWdZUmhKYk9zUWc=-w200-h112-p-df-rw,2025-10-09T18:40:07.811937
"""Nobel 4 Trump"" created by agricultural artist Peter Winner is written in a field, near Kibbutz Maoz Haim",https://news.google.com/read/CBMingJBVV95cUxPSDJIenlXZ2hIZjVzeUpLMmlFRjNCOXpkem80djBYbjJkSWpmXzAwMVJmWVdOY05vZW55V2tfNmstSDRZS3dFMldyaDZ3azhsM3JGdTJMM1lITXgyUlRDM0t2bTJOOWpPdUhIbXZvd2VfYUNhR2tUSXBPZ1FtVjNqbVQ1QTRDNXRkV00xM1EzeW9kak9Lck1uSzBwY3JCd0g2bHFmNFNRLWhOeHpaR2R0NGVyekR0NkJielR1LUwwRlI1M2RhY1BBN3NkSDNBM0tiR1hHQnlFcDdYQXVoeE5kUVNhNXJoLVZudXVCWFd5ajZ6azEwN0ZLdVZfU2pnOEwyOVB2WkxSU2dOcEV4UThQeE00MlQ0RWZuXzRhZXJn?hl=en-US&gl=US&ceid=US%3Aen,Reuters Connect,3 hours ago,🚜 Agricultural Drones,https://news.google.com/api/attachments/CC8iK0NnNU5ZVnB6YkZCT1NqQkxWbDh6VFJDb0FSaXNBaWdCTWdZQjRJYnpUQVE=-w200-h112-p-df-rw,2025-10-09T18:40:07.811938
DMR Technologies to establish drone facility in Louisiana,https://news.google.com/read/CBMiuwFBVV95cUxOWnpWWXJMXy12b3c4S1Q5S2lFNlhxNWd2cGVja1IxY2lrWldWMF9uaVhuLUVFakpQYWdIWTRFb1JNZkNJRXg0R0kzaWR6cGlxdWxaTmxjSzlZTWFtTVU4WUsyTFVGLWlfNllNR0lqbER1X1RfcGZ3Znhqc092WktUdWR2Z0g1SW9mU3RjNk40aEh1c1dEQ3BkRlV4NDlXUGVyNDMteW5WVEtoczUxaUJpM1JUdVg4N3h0R0tR?hl=en-US&gl=US&ceid=US%3Aen,Manufacturing Dive,22 hours ago,🚜 Agricultural Drones,https://news.google.com/api/attachments/CC8iL0NnNTNTWG90YVVSdU1GcDNPV2hmVFJDZkF4ampCU2dLTWdrRmtKS3Z1ZWVwendF=-w200-h112-p-df-rw,2025-10-09T18:40:07.811940
Japanese Farmers Send Out Automated Laser Drones to Defend Chickens,https://news.google.com/read/CBMib0FVX3lxTE9UbXJqN3hpbFl4SFNWbllGemJCY2k3T1Q3bE83U2w1eGxIOEJHTXNGUFFUZjhCanJMX0JsVzFweUhmdncxZFZESE1RdW8tQi1ZLXNpV19SWXM3dm4wSF9haVdqR1czLVRPVUJkLUZMRQ?hl=en-US&gl=US&ceid=US%3Aen,Futurism,20 hours ago,🚜 Agricultural Drones,https://news.google.com/api/attachments/CC8iK0NnNURUbkJoUldWU04xUlFaamRTVFJERUF4aW1CU2dLTWdhbGRJcXRQUVU=-w200-h112-p-df-rw,2025-10-09T18:40:07.811942
"How to Extend the Service Life of a Drone: Maintenance, Common Breakdowns, and Where to Find Spare Parts",https://news.google.com/read/CBMiygFBVV95cUxOZXVMTGJsU1NYekJ3SWxXMnU0TFpONWU4NHNqLUhoRmE2UkJvSGp5bzktWW9wcnJkMHRxazlRaFBoWHRMbnZqdGc4a2hBakU2MHNOY0NVUUtPVkFVaWkzLWxlWnFMbnN2MlY3QzJpNXl5a3gtd0dpSGxMLTBtWGR4ckJNWHM2S21lblY0YldidVlXX2llaFJHbWVic3M5UTJoUFhnSkVKZmNQcjAwbzJLTWI1TThzbzMyYTN0bWxlYlJXaTZ6ZXhqTnpR?hl=en-US&gl=US&ceid=US%3Aen,Новини аграрного бізнесу,7 hours ago,🚜 Agricultural Drones,https://news.google.com/api/attachments/CC8iI0NnNWhabUZCWVMxV00zZE5kazVKVFJERUF4aW5CU2dLTWdB=-w200-h112-p-df-rw,2025-10-09T18:40:07.811944
Russian Air Defense Repels Massive Drone Strike Over Volgograd Region,https://news.google.com/read/CBMipAFBVV95cUxPOTJZMUNwWXRvWlBoell4U1p1R2VqVG40MlZDU0xtNjA3VlhSbUxzU2RUVTczalFtMXVjSXVWd0lUTEJQZ3lDR0NQUkNWblJWcHZHRTFXNWlrMDBYSmR1NjBweUc3Y0FNVXJhdzMyRFd5eVEtUFhjWTNHLWs2WTFnV25zdDJTV1c3UmlEOEtjRy1jbFZXM1hMd1g4UktQeHRyNWhkQw?hl=en-US&gl=US&ceid=US%3Aen,Букви,15 hours ago,🚜 Agricultural Drones,https://news.google.com/api/attachments/CC8iK0NnNHlPVFl5U2taaE0yTjVhRXBhVFJDUUF4al9CU2dLTWdZVmc1U3BzUWM=-w200-h112-p-df-rw,2025-10-09T18:40:07.811946
Eyes in the sky: DJI drones cultivating farmers’ futures :: Tekulima,https://news.google.com/read/CBMi5AFBVV95cUxOVUYyVFRrczhxeTNoOXNJczkxTmxnYXI0TDM2T1EyMjcyMmtUS3V6a0xvZW96ZW1kS1FhbE5PRDRuLXdycGxIdFlvandOb2dnY0x4b0ZLRE1ldUgxU29PQTFHSkFhY3lGRjAtajhYOVFWM2N4b1NDeVI5d000ZlJnbGxnSXpsX3RBY2ZQRlBpaTUtWG1qTGwwZXBVcUtyRnlpREtxdndKemxYQ3RuaTdLOGtmdzQxNHVBZ2tCaV9TcWRubkdfNzlIRFE1U1hFa0UtTkIyOUdsQkV4YjA4R3hSMzNhenk?hl=en-US&gl=US&ceid=US%3Aen,Times of Eswatini,16 hours ago,🚜 Agricultural Drones,https://news.google.com/api/attachments/CC8iK0NnNWlaMGhQV1VwNmExTlZSakI0VFJDZkF4amlCU2dLTWdZdE1KQXduUWs=-w200-h112-p-df-rw,2025-10-09T18:40:07.811948
AI in Drones Presents a $47+ Billion Market Opportunity by,https://news.google.com/read/CBMivAJBVV95cUxNLTlmUHp2a3VXOG9weS11YXFWZndPVVdVVU9GRjhWZFc2NldKbXNlRUc4bmVoQUc2M2FDb3RUWC1COGgwTThvbVBNaEtDYTNYTFB1N2g2ODNnVERaTlpSRVlnOEdxS1JQbjQxTkVoMnVTSG83UDk2bEZVWXZudWNNUWoyNlF4bjZtNzZvdTQ1djNrU2NTOXlTdGlFb3BlTzY3RmNGd2hDUklkbmJYeXFPNUFseUw5ZDZPanBpV1A5U3lKU0xpaElBb1pKZ1Z1eE1DWFdjNkxuSXVyQWdKYUJFRER2aGZMSkdLWnlxZDZrUkxqTjB3dW41Y1g4OTRKam1zYVhuWmRhV3NaaTh3VGo0WFN6NVdyS28zRFBVemVRaWhHWUlxUVdfaVdOUzdYbVhvSVpwSktZS0h0NkdB?hl=en-US&gl=US&ceid=US%3Aen,GlobeNewswire,13 hours ago,📋 Drone Regulation,https://news.google.com/api/attachments/CC8iL0NnNWhOMWhVYUhsMlJIVTNZM0JTVFJDM0FSaVRBaWdCTWdtaEE0cHlNZWRySkFN=-w200-h112-p-df-rw,2025-10-09T18:40:07.811949
"From courtrooms to the cosmos, emerging trends in the legal profession",https://news.google.com/read/CBMi2gFBVV95cUxOaVo4a0ZMZ3E5dXZURUU5VHE0NUQ2Rmlqcml5OE9JSDJadHhucDdFWUNKNVJDTjZfeVhGS29Cc2U3dEktOEZYSDdKMEw2Y1RGN2RHYjR0UFFoOTVDVUpMakdIUHppRU1hUDFTTFNtUmdLemJTX3NzVWlGcGx2ZXhOMzlzSW1velc5SzZBWEhUcTl2UjdNSWhhX1pyYXcyUS1SYmlnVU44dkppZGNMeUMyXzVGQXZlSDJvbGtBOTJfYUtnb0VpTVNMMjdYRmJsLVFTUmJkZE1MYkN3dw?hl=en-US&gl=US&ceid=US%3Aen,Education Times,13 hours ago,📋 Drone Regulation,https://news.google.com/api/attachments/CC8iK0NnNVZlVXRUT0RkNVRtUnFVVXRoVFJESUFSaVFBeWdLTWdhUmNvaFFSUVE=-w200-h112-p-df-rw,2025-10-09T18:40:07.811951
UAE Space Agency unveils digital platform to streamline space licensing,https://news.google.com/read/CBMi0wFBVV95cUxQYTZIUmlMWmFQR3hmb3MxYnhEUXI5V202YUxNWU42c0IzcjFaMlU5cVZORjRtXzFZWDNOU1NBdlJOQnIzbm1aekNoSVlXRE0zcGhldkVsUUZfWW52RElTWFd5b0J4TnZSeGFnMEx2bmo1azYzbFh5ZlRSQktnYy11dkFlMTFscC0yZmhsNUszU3VyT0Y2dXlQelI1N1RXZVNzeDVJSXhlSnRWVnJsMHd2SXZaQTU1bElRaXVmMVIwUTFnQ3lVWWtHTnJXQnVhbWFxRnFZ?hl=en-US&gl=US&ceid=US%3Aen,Gulf News,7 hours ago,📋 Drone Regulation,https://news.google.com/api/attachments/CC8iK0NnNDNSbXRwVmxnd2VWWkljbTFTVFJDX0FoamdBeWdLTWdZRlFacW1JQWs=-w200-h112-p-df-rw,2025-10-09T18:40:07.811953
EPIC & ACLU Respond to FAA’s Proposed Rule for Beyond Visual Line of Sight Drone Operations; Urge Agency to Implement Privacy Protections,https://news.google.com/read/CBMi5gFBVV95cUxPaFVmNVNRZ04wNDJKazZQNHBuc2U4NjN5djdrRFdCLV9GYWFYM21NcWsyTzlxWDhxMlBMWWhRU2lIOC1UekRMNHZzQURxX25iNFc4cHhwb0Y5OF8xVjRVMm1MbFdrTGdvS3RCcE40cUxoQVBGYWRoUGNFVXFCeHUzcEhKYVFfNUxEcVVQXzJwNGJ3QVBOdkMteGIwclV4QXZDQ2xtd1U1UnVYRDFVMDBMTTRkanc1b0hReUNieGZEU2haLXlVTkwtc2FXVTd5QnJkYlFCcHJ2T0FfMURiVnpIOV9VUloxZw?hl=en-US&gl=US&ceid=US%3Aen,EPIC – Electronic Privacy Information Center,1 hour ago,📋 FAA Drone,https://news.google.com/api/attachments/CC8iL0NnNDNaakZRYTBZdGNUVlpjMXBVVFJEb0FoaUFCU2dLTWdtUlU0WnFMZWRqa2dF=-w200-h112-p-df-rw,2025-10-09T18:40:07.811955
Can you shoot down a drone hovering over your property in Georgia? What the law says,https://news.google.com/read/CBMivAFBVV95cUxQelBFdGdPZmR0RU9WR3NEMk1SaXItUU85eU11b3dDNVhMUVFVWkIwR3RQMjhuT0xJYXp2dEZuTWRwOEhsdzhDZVduYVhJckNMd0JGNGVMdjE4cnkwRW9vc1NzcVRxVTl4Y3J2eWlQSFpENlcxM3hRdlk3OTBQQlF3UFhaTEdkTFZJUEpGOHFSUTRHaE1ETlZWSDFCeER2N096bkM2QjdJeHgzUTd0MUVBLWdXZm1FVTdvYXFNdw?hl=en-US&gl=US&ceid=US%3Aen,Savannah Morning News,4 hours ago,📋 FAA Drone,https://news.google.com/api/attachments/CC8iK0NnNDVha3RYWTJsUGFXdFZXRlJ3VFJEekFoaVVCU2dLTWdZQnNJYnp1QVE=-w200-h112-p-df-rw,2025-10-09T18:40:07.811957
Another Automaker Thinks Drones Flying From Cars Is A Good Idea,https://news.google.com/read/CBMiVkFVX3lxTE1FcEhuTV9vbm0xN0F5QTJpQ1QxbGt6WGphQXRQTVhab1QzXzlBNzY3b1ZRRmF5ZFdyb3k4ZWFveHRjWWJKNEpuNjdJRUJkaUI3emRkSFZB?hl=en-US&gl=US&ceid=US%3Aen,CarBuzz,21 hours ago,📋 FAA Drone,https://news.google.com/api/attachments/CC8iK0NnNTBkMW8yWVZFd2QyUXpOakpKVFJDZkF4ampCU2dLTWdZeFE1SlBvUWM=-w200-h112-p-df-rw,2025-10-09T18:40:07.811958
Azov’s FPV ‘Shotgun’ Drones Blast Six Russian Molniya UAVs Out of the Sky in Donetsk,https://news.google.com/read/CBMiwwFBVV95cUxQMHlRaVdTeFFMZ1l3a0Itd3d3Y0NhQzJ0VFJaekdYNUxNd2hLcHpFa21nVTFyQ1hWR1gtZ3h3SndXSmQ0aTQyLTY3aXgxdXd0SVB6V1ZsS0o4U1pvTGtuZFlVMnFXN08tU3dzTDJQb3NheUI1aXhGUEltcjRYRHFLLTdEdFJJclNrUWZtV2VKRDhZeFJhT3ZkQ1lhMy10M29qVjNHcWY0cldBa1Q2aGVlUWR0YkNyZFN4WmZIdFgtaTU0c2c?hl=en-US&gl=US&ceid=US%3Aen,UNITED24 Media,2 hours ago,🎮 FPV Drones,https://news.google.com/api/attachments/CC8iK0NnNDFWVXh6YWxsVVNWRlVaazVOVFJERUF4aW1CU2dLTWdZWlY0WkpwZ2M=-w200-h112-p-df-rw,2025-10-09T18:40:07.811960
Red Cat introduces FANG line of FPV drones,https://news.google.com/read/CBMif0FVX3lxTE5JTy04MmZ4eG1iNUZoVXN4cUFxQzZqWTZiZ0EzSTNBMmdSWm9RLWVYR0V5Q0Y3OUVTN1diYTZPdF93X2w3ZHAwdDB0RTNTNmZGbmJRc2p4YXVjeE1YVEtxdlV3Z1J3NXBPYnpiSEFXRXpTR255NzExU2R3dVFQVDQ?hl=en-US&gl=US&ceid=US%3Aen,Yahoo Finance,6 hours ago,🎮 FPV Drones,https://news.google.com/api/attachments/CC8iJ0NnNXhUbkJhVW0xRU5IQkVhekJZVFJEQUFSakFBU2dLTWdNQklBSQ=-w200-h112-p-df-rw,2025-10-09T18:40:07.811962
How to Protect Yourself from FPV Drone Attacks in Zaporizhzhia,https://news.google.com/read/CBMilgFBVV95cUxOaEhJZF9Ia2xfY1hoUXVUNjFXbnlGSHc3RGpOUmFzcXNNOFRpM0hFRUtodDF0Zkd2YmRFeVNySlgxcDVzQ2NXdlp4b3NyX3lNMVdXZWg2aWZ1ZlBDR3p2V2txNVYxWmRvVHRfOENRVTYyeDRYMFpQdkhfVWw2TkdxYU5LMGRwYmpJZFYxWG5jS2pjWkpudVE?hl=en-US&gl=US&ceid=US%3Aen,Букви,3 hours ago,🎮 FPV Drones,https://news.google.com/api/attachments/CC8iK0NnNVFkRWhaVGtScFIyMTFSa1puVFJDUUF4al9CU2dLTWdZUmc1WXFNZ2c=-w200-h112-p-df-rw,2025-10-09T18:40:07.811964
Lithuania’s Luna Robotics Raises $1.08M to Expand Drone Imaging,https://news.google.com/read/CBMidkFVX3lxTE9JTnZjbXc4ZTlaOFMzQTFoRUw2cGpRZmQwUEhPYlQxTDBmSm8xSENhOEVuTTVnQ2NrNmRMemYxM2ZrTVFTSmJrcG9vcGVkOXZTTTljYk82UzBycmN6al9TdkN3SzhCVmt3V1V0ckdQYTF0VHNIQ1HSAXtBVV95cUxOcnhOSGxFcTBMV0RMVGpjQkNiZWFZMDA4SlA3T01aT3lyY0E3WUE4cTNXd3FCamFkemF5TkNRWVhBRFBNSy1WLU9zb0lpMzQyTFNQSlFRQXJfRk9IMmxuSWVpd2tya1EyTFNSQkJGdkx4TkxuTXF5RjBNOFk?hl=en-US&gl=US&ceid=US%3Aen,The Defense Post,5 hours ago,🎮 FPV Drones,https://news.google.com/api/attachments/CC8iK0NnNTZaMjlQYlROTExUUlVUbE5JVFJDZkF4ampCU2dLTWdZTkJJNm5FZ3M=-w200-h112-p-df-rw,2025-10-09T18:40:07.811965
"Red Cat unveils low-cost, U.S.-made FANG F7 drone for defence and security operations",https://news.google.com/read/CBMisgFBVV95cUxNZzVmb0J5eXZ4bC1sTFY4aF9KeDdyZmFCeVpHVlEtVFdMdjNXRXZHWnMyUEVNaGl5clNqVEFLNDE3V2VLSzVrVnlFYV90RGVHUHFFQ0RacmphaXgwTWlONlNXZmNOV29HSjl1QTRQU0t0U3J2Q24xZ1BvcnlrNU54aWZWWVVpYW9RTXJXQWxibWNuVGZ0enhVdWxfak5OcHBBOVliR3JleXJLX0VHYnpnQmJn?hl=en-US&gl=US&ceid=US%3Aen,Defence Industry Europe,5 hours ago,🎮 FPV Drones,https://news.google.com/api/attachments/CC8iK0NnNVRlVk5WV25rdGFrTnZZamRhVFJDWkF4amlCU2dLTWdZSllJcHByUVk=-w200-h112-p-df-rw,2025-10-09T18:40:07.811967
Ukraine has invented an unusual way to destroy Russian FPV drones,https://news.google.com/read/CBMioAFBVV95cUxQbzVfU2VNem1OaGdmc1dYWVpQNUs4RzNnYXJkaHFxM1E2SjJCUHdxUVVzR1M3SlFLeXB1bFlRSFhwRDI2TUo3LWdVYVlsdTR6OHhvNHFTV1BoTHJGbVRVb1QweXhpMWk4bnhEYlRpYXJpQVNpaFdLUDNkMEdmd1MxSFRQWFJQTXlGeExpQUJGTnRFUmhMR29Kdk9KQkdNQXN1?hl=en-US&gl=US&ceid=US%3Aen,Online.UA,1 hour ago,🎮 FPV Drones,https://news.google.com/api/attachments/CC8iL0NnNW9lblp3UVRsbGFubFVVbmh5VFJDUkF4ajhCU2dLTWdrQkk1cFJsZXJRYVFJ=-w200-h112-p-df-rw,2025-10-09T18:40:07.811969
Phoenix border unit drone pilots eliminate about 50 occupiers using FPV drones. VIDEO,https://news.google.com/read/CBMi0gFBVV95cUxNQnQ1QUFpVHFHa0Ric1o4dVByNENnVjBKY2hrT3FGV0R5U0RFVWEzaUhWYlBPT1ZrdDNqU01qdzI2SkYtSVM5Z1FSX0xmX1hhVmtKS0x0bFVZTS1BOWQ3RU9qdTU2OWFlQ2F3WU9OekdzbVNTMjZZN082cmZjVllSSEdHeF9QR2V5NG1zZTVYYmIwajhRcWNfU3lxNkNPdC1rRVlhVDRXbFYxclY0T09QeE1vdGVCYTFlQy01OWx3cnE5c1hZc3Z6Q2ZhM0FENjZ3alE?hl=en-US&gl=US&ceid=US%3Aen,Цензор.НЕТ,4 hours ago,🎮 FPV Drones,https://news.google.com/api/attachments/CC8iK0NnNW9OVzVLTlZkbU1raFdkekV4VFJDb0FSaXNBaWdCTWdhNWNwSVNMUWM=-w200-h112-p-df-rw,2025-10-09T18:40:07.811971
DJI Osmo Nano: The Ultimate Wearable Camera For FPV Pilots And Daily Content Creators,https://news.google.com/read/CBMieEFVX3lxTE1jelFJSEhTbmVIUVd3QzNGa0NtSzFBS3dBTkdpYkFWSnVmREdUeXJSVHFlcXc2TGdkRFF3NUh0QnRibUc5LWNKckRTRGw1RHlEVEtjTUMtdVNCSmZFRl9HOVdjb29RMGYybTNRSkRiNmpqbnZRNFd3Mw?hl=en-US&gl=US&ceid=US%3Aen,DroneXL.co,21 hours ago,🎮 FPV Drones,https://news.google.com/api/attachments/CC8iI0NnNUJWekpVVjNGUGF6RjVYMjUyVFJDZUF4amxCU2dLTWdB=-w200-h112-p-df-rw,2025-10-09T18:40:07.811973
Soldiers of 7th Rapid Response Corps Destroy Russian Truck 40 km Behind Enemy Lines,https://news.google.com/read/CBMitgFBVV95cUxNamhpanktd2t2WHdwS1hjZGVZa1BVTXlBcmdNSV9hZmV2eDEtLTlwOS15UXoxWUpUbG1NZXhJd2lkN3pSSHRUNkZtTHdETlBJT0dQRF9TTm0tb0hseHppMF9qcUFXclRQS0R3cFkxOVBhcEZKTjItNDQ3S2cxMUpWYVltczVVSjFvZHdhS2dNR003V0txSG1UOG5VRDMyeG5wMFAyal9PQW9xNXJDTVhLczQ3cUpxUQ?hl=en-US&gl=US&ceid=US%3Aen,Мілітарний,23 minutes ago,🎮 FPV Drones,https://news.google.com/api/attachments/CC8iI0NnNWxUSEp0V0VSRlh6bFpRbUpYVFJDbUF4aldCU2dLTWdB=-w200-h112-p-df-rw,2025-10-09T18:40:07.811974
IG Drones to establish manufacturing facility in UP Defence Corridor,https://news.google.com/read/CBMi7AFBVV95cUxQS0pjeWxqTlBXUl9mMHdCd2J2TXRGSDdzMzhXV20za0hJdnc0aUhzM2ppQlUwUG5xdlhyZElnLUp2QnZUaEVMVS1aOXdoNzAxaHlPUXlYX2JrN2tkSjJXNk92V1UwOTVjVTE1NDFMQVhhZlFsZWIwVG5EQm1oSW5LR2Jva0ZHRDd6N3FFdTBaMmw1RVJTZjFsb2Npbm5wUUNGOXJyRUJrVDhZdWhJb010b0FNc3lqVW9kLU90bVJFcXlCeWFRNE9QenQwTkNrcFBYUmpwV0c3djlNSUR1eS16cGQ2NC1CY0hsZE9peNIB7AFBVV95cUxQS0pjeWxqTlBXUl9mMHdCd2J2TXRGSDdzMzhXV20za0hJdnc0aUhzM2ppQlUwUG5xdlhyZElnLUp2QnZUaEVMVS1aOXdoNzAxaHlPUXlYX2JrN2tkSjJXNk92V1UwOTVjVTE1NDFMQVhhZlFsZWIwVG5EQm1oSW5LR2Jva0ZHRDd6N3FFdTBaMmw1RVJTZjFsb2Npbm5wUUNGOXJyRUJrVDhZdWhJb010b0FNc3lqVW9kLU90bVJFcXlCeWFRNE9QenQwTkNrcFBYUmpwV0c3djlNSUR1eS16cGQ2NC1CY0hsZE9peA?hl=en-US&gl=US&ceid=US%3Aen,ET Manufacturing,4 hours ago,🎮 FPV Drones,https://news.google.com/api/attachments/CC8iK0NnNTZaRzlQVEd4aGJGODBhSEl5VFJEZ0F4aUFCU2dLTWdheFlaVHhLQWc=-w200-h112-p-df-rw,2025-10-09T18:40:07.811976
PDW to Supply C100 Unmanned Aerial Systems to US Air Force,https://news.google.com/read/CBMibEFVX3lxTE5VV0NoeWxWT0lDek5EQ09ab0doeXRrQW10YTNOWTg2WDBCbEU3Z25JRHNSQ3pmU0VZRTA4ZlpreHc0ZEdTb2RFanZRakxWMnY4SDhGZy1tY0VqZHVlcDlzVm42TFBKVkYtaTg1b9IBckFVX3lxTE9WTk9Ea1FOcXk3VFh3WTB2SzlQM3ZVdmlWUHM3UzJqWFd4LWE2akpWLVNSTnJzOXRpd3EySW1zV1lMbHdYRkRZNmdPYXB1S1E4TjVhRUczMTlRUXA0SVNnM0NNbFZtUFBIcmNKMGZJelhFZw?hl=en-US&gl=US&ceid=US%3Aen,The Defense Post,8 hours ago,🚁 Quadcopters,https://news.google.com/api/attachments/CC8iK0NnNUxUbnAwV2xSUmJXTXdWMFF5VFJDZkF4ampCU2dLTWdhaGs1S3R0UVk=-w200-h112-p-df-rw,2025-10-09T18:40:07.811979
Drones Stick the Landing on Rolling Runways,https://news.google.com/read/CBMijgFBVV95cUxNT0Y2SUdrLTFxT1c3V29pTGptRnFUczVCQjVmQmdtTG1sbFVNUGFFZ1Z1bzhWUDJkYUM5ek9qNV9NVTVKVnhreEhzSHhsZ1U3VDJKTTBmcm84NFFLbFZnSWlNc1Vsa3NyT1ZrNFYxWDJLMnJNa3Jlam9BRUR2ajUtNTdwZXZMYVF6NU9fX0130gGTAUFVX3lxTE1JalRGMGltZF9BS1EtdHZhZWQ5a3hUQXZaSlEyWGM3dDJ1d3FmQjNnNUhwQl9nVWotZ01zY2xFeGxTelpUeDNQZUVWQmdYM0g2WHdIX21LbnB5X01GQ3hHeTF0TlRyZVZVUnJ3TndsWWpvaW1lakdCUWFxRE1KakJ5MjNEN1FNR2M1MFpyWGZQZEdIZw?hl=en-US&gl=US&ceid=US%3Aen,Hackster.io,12 hours ago,🚁 Quadcopters,https://news.google.com/api/attachments/CC8iK0NnNDNOMmh2VjJkZk4xQXhRekpUVFJDZkF4ampCU2dLTWdhSk00YWxIZ28=-w200-h112-p-df-rw,2025-10-09T18:40:07.811980
Russia shows new drone that looks like Ukraine's AI-guided Sting interceptor tested in Denmark,https://news.google.com/read/CBMizgFBVV95cUxQeG13TGExSnhWNjkzU0R2ZWtHYXdTMDdManhkeHZzSVZfbWgwYVVPMXRUZXhDTHdvZ3NaMHZyM1FhNFNGdjdhbnhFSG1jU2xKWEkzSUktYlk0QmhMZVpnQ1JuOEhERXNHb213MnFJNVhMQzRPOFVpay1FeF91Z0lEZm9hQjU0WVJPQ2xyLWRtQjBDdTBONFVhWWh3aWE2UW1QTTNzTTI3UldlZU1ISEVPaXZsckkzYkJHM01SeWcwRGF5Sm94bFZ2ZlJoUURmUQ?hl=en-US&gl=US&ceid=US%3Aen,Euromaidan Press,21 hours ago,🚁 Quadcopters,https://news.google.com/api/attachments/CC8iK0NnNTViRmxpWjBwc2RHTjJaemRSVFJDZUF4amxCU2dLTWdZcEJJYXRBUTA=-w200-h112-p-df-rw,2025-10-09T18:40:07.811982
Israel bombards Gaza City and Khan Younis after ceasefire deal announced,https://news.google.com/read/CBMiogFBVV95cUxOXzk5UzVpb254UzB4T1RkLUcycUhkWFRLNURDazFvTHZIZTEtZUJBU1VlSVBMOG1NV3NHOERaN3lkVzdGODk1aXhtR1otZGxaSmJHc25KS3pqSng3OHNFYVRVd2VLOGh1ZjRZaGVPTHFiTWppN2NXT2c2OUZWWFRXYl9ZWHpYN0lnV2RxbHRzNUtWQmR5Z245dnZaLUJzeEs1VWc?hl=en-US&gl=US&ceid=US%3Aen,Middle East Eye,12 hours ago,🚁 Quadcopters,https://news.google.com/api/attachments/CC8iK0NnNW9abTlrYTI0dGFVcGhja1JaVFJDZkF4ampCU2dLTWdhUlFvQXpIUWs=-w200-h112-p-df-rw,2025-10-09T18:40:07.811984
Lebanese Houla Hit by 4 ’Israeli’ Drone Strikes,https://news.google.com/read/CBMikgFBVV95cUxQSXRKMjhXTTBXRjd4S2ZITHp4TjJodnRidkhsZW5QS2xCU2c5cU40OTNLVFpFdTNSMmE4V0ZaSmpKQUlMcEY4d0pmRVo5Z2Y2SmlXcWtNMTh6YnJEYzdHcFFjdmNEdDZqZnJNSEN4UmxySU1FOEdoYUNERFktTDVfQmZsWHB4NnFNV19hMkpLLVBmUQ?hl=en-US&gl=US&ceid=US%3Aen,islamtimes.com,20 hours ago,🚁 Quadcopters,https://news.google.com/api/attachments/CC8iJ0NnNVVjWFYyTWpBeU55MXRVbGh5VFJEVkF4aU5CU2dLTWdNWkZRSQ=-w200-h112-p-df-rw,2025-10-09T18:40:07.811986
"Meet X-WING: 50km VTOL Loitering Munition Designed for Squad-Level Strikes, Already Testing in Ukraine",https://news.google.com/read/CBMi3AFBVV95cUxOM3hJZ1g1QWJBYVlyREdkUlNQSlRxS3VKNUV2TUZ6UjhWRVpBRHpEeEZpdHpkd1VWc2IwNk1SbGdOQjdJa0FpOWFxS2VyWGJYZTBWWHk3c0lHemdrTzR2ZXVfc2RHeUE3OU1hVEg5ODVJSGFhVElfa0RTS0Z3Z2p1ZmdEQTJEa3ozeDVBakxJXzVMbGZ3SVBkLUhrcU9lN0d0VjJ5dDJSTnBIVVFYU2t5OWFnOU5YMmpLSTRHYUtOdURLdDdjRjB2a2VIR0VERzZGSXZYc0dmOEpNLW52?hl=en-US&gl=US&ceid=US%3Aen,UNITED24 Media,8 hours ago,🚁 VTOL Drones,https://news.google.com/api/attachments/CC8iK0NnNWtSVEJMVjFwWVNESXhXWGhvVFJDMUF4aS1CU2dLTWdZcGxaVE5OUWM=-w200-h112-p-df-rw,2025-10-09T18:40:07.811988
Sikorsky unveils Nomad family of long-endurance VTOL drones,https://news.google.com/read/CBMiggFBVV95cUxQZ19heVNPR1hPMDNrcDVHNTRsWVhEZjdwM0FDaDZKX0RROFRQZUg5blBwWXAwREJMdmRiQkdocDJNU3NMX1ppMnJhcDVZWXVMVUU2cXhXUVVaTEZKU28yYlhyOWNPUHZzNzJvbThiMnhRU0toV3RwbXNJaDVjUzNNU0lR0gGHAUFVX3lxTFBSV2VuYmtHT083Wnp4ci03SnlFSEVkZmRVYzVxamdBUnJLZ0t4Q1RobEZ1RmhRQk1zeGNSVXFkR0FERjlabnRXcGNDVnpKd3V3SXZYbjNLcjdDeEM3c05EWTF2U1lYcDlTbFNsOFhoTUplQ1Jldm13YlJIT0d4a1RJOERuVzR0NA?hl=en-US&gl=US&ceid=US%3Aen,AeroTime,23 hours ago,🚁 VTOL Drones,https://news.google.com/api/attachments/CC8iJ0NnNUZkM2RrUVcxVkxWbHRXVWxXVFJERUF4aW1CU2dLTWdNQmtBNA=-w200-h112-p-df-rw,2025-10-09T18:40:07.811989
"New X-WING Strike Drone from Lithuania, Priced at €10,000, Being Tested in Ukraine - Militarnyi",https://news.google.com/read/CBMisgFBVV95cUxPaWJVdGdpbXc1WDVCc21WZ01kZk5yRGNUb09jQnJha0dtaVBiY1hIRXB1Q1RUN28yal9BR0JPS3NISGZJTjc0Zkh3Zl9GYnkxUF93bXJTUUM1WHd6eU9LT1NjUkdEakpzS2hYWmxLMnpWNTBsWU1mb3ZYLWNvLVFqVG9ZUHpQb3M5cXB0Mjdzd0pYXzF4NTNLNlFCVVVfTmdvR09pazZHZEtXQTBXMjJYQld3?hl=en-US&gl=US&ceid=US%3Aen,Мілітарний,9 hours ago,🚁 VTOL Drones,https://news.google.com/api/attachments/CC8iK0NnNXBSMGt5V0VNeFJFSlRlVmhWVFJERUF4aW1CU2dLTWdZQm9ZclJ0QVk=-w200-h112-p-df-rw,2025-10-09T18:40:07.811991
Aether Announces Completion of Initial Investment in Xentera,https://news.google.com/read/CBMikAFBVV95cUxPdXF0UE41REJpcWlJNW1PMlltV29TWGZKZEdvTnBtMUpnRDhZLVZRdzdURnZjV2h1eER4RWdhMTBhMHZUaUx2SldHckxWSkc4YmE3ekNSa01LNm5FRVBNc0pscmVNV3h4SVpjM3AzcVRPVktyV3dPeERCUFd3MThuUi1kRlZncWJ1TldVZmpmNFk?hl=en-US&gl=US&ceid=US%3Aen,Investing News Network,16 hours ago,🚁 VTOL Drones,https://news.google.com/api/attachments/CC8iK0NnNXlOR2MzVXpKbExVdDZlbHBSVFJERUF4aW1CU2dLTWdZTmNvd1N3UVE=-w200-h112-p-df-rw,2025-10-09T18:40:07.811993
Canada commits to first 16 F-35s with US,https://news.google.com/read/CBMilgFBVV95cUxNa1FtUVRlazN4OXVFenMzckFmTTU1ZFBZbGQzV25jeEdTVW15X0Y5akZPU1RFWTMweWtDS0tuenNZUnA2WXZUZDhCcmlrLUl4OWlocmEyVlV3LUNEWHo5RjVrdlJCV2ZtRTRQZ1JIYUY3b19DaXl5bHRkOUJDZDJOdTc1WHByY01yRF8xT1ktU2lRMXhqbXc?hl=en-US&gl=US&ceid=US%3Aen,Shephard Media,8 hours ago,🚁 VTOL Drones,https://news.google.com/api/attachments/CC8iK0NnNUtZamxZWDNkcVFsUXpkekJmVFJEREF4aW5CU2dLTWdZTnNZckh3QVU=-w200-h112-p-df-rw,2025-10-09T18:40:07.811995
"Lockheed Martin’s Sikorsky Unveils Next-Generation VTOL Drones, the Nomad",https://news.google.com/read/CBMinwFBVV95cUxPbVZKLTRaYzdiREF5cFZwZ1MxV2E1Rk83TDVOREVkMjdpSU1NQ0p4VXIwVU55VXphRjduSVFmdVp4LUt4UVFWdUhpZUR5TnBNQXY2QXJSanFZT2VkRXFrQ1FkaFN4M0ZIaFluNk5xNTRva1M5OEtTeUIzRFhEampOWF9hbnVkMm51aDdUNFg0Y1lWMXV4ZW9uWXN3anA2Q00?hl=en-US&gl=US&ceid=US%3Aen,SSBCrack,17 hours ago,🚁 VTOL Drones,https://news.google.com/api/attachments/CC8iK0NnNXVUWEpMYUhCdk5qbFVNRFJUVFJDb0F4alVCU2dLTWdZVlU1UXFwZ2s=-w200-h112-p-df-rw,2025-10-09T18:40:07.811996
Unidentified drones spark security alert at French military base,https://news.google.com/read/CBMiygJBVV95cUxQUzVTa01lTF9OSHBSOXpRcFBOenJPcFJ5akxwLUxid0NQZ2ZtbUVHVU9wck04RVVLVTRENWpIVDk5QmxOMGZaSnhIMzNwR1pUbzVwQzl6WDRJUXR5R1laWGtka0haQ2dxVjZCN2JCSVJKOHA2NU5oSlBRbUphQ1BtaFk2UlBmdExqTGZRaGU3bHJjQjVhY0hhSGpFNkgwbVMyR09KdWhURW1kY3pOSWtPUGQta1BnRDZKQXdQaENlVW1XYWFWR1R3RWZUWU9HRzh3UFpCVzRYS1R6X3J6T3Y1N3Bnek5FRFJzLWg1MW50a2ZGaG5haU1CZDlJNEFzQ3kwOWNSSTJRZHJvV2ctN3FzUUNndmhuNXVmYTBOdTlFbWI5Z2wtX0JVOWcwNHZRZzNoTzFxQ2I4UDRnLUMyMFR4Z0hDRmZidjFUdnc?hl=en-US&gl=US&ceid=US%3Aen,MSN,11 hours ago,👁️ Surveillance Drones,https://news.google.com/api/attachments/CC8iK0NnNUVRVXBRYVdKTGQwcHVURmRUVFJDZkF4ampCU2dLTWdhSkJwd0ZsZ2s=-w200-h112-p-df-rw,2025-10-09T18:40:07.811998
Jyoti Global Plast Gains 5.32% on Entry into Drone Surveillance Sector,https://news.google.com/read/CBMiaEFVX3lxTFBHR0FoN19SZVhXUGFkc3k2TUZGWmhBaUM1TjFWX1Z2YWM0TXB6c0g0Vjhxd3FlR2xDRVM5UkFIaTVCR2xPSzBBZjdTSG1PUzRvQ042MTBXSE9CZU1zdXAzZUVMMTFKb00w?hl=en-US&gl=US&ceid=US%3Aen,HDFC Sky,10 hours ago,👁️ Surveillance Drones,https://news.google.com/api/attachments/CC8iK0NnNVNOMUpJYjFnMWVGTnljekV6VFJDZkF4ampCU2dLTWdhQmdZNElQZ1k=-w200-h112-p-df-rw,2025-10-09T18:40:07.812000
"Bayraktar Drone Maker Defies Russian Attacks, Keeps Building Major Factory in Ukraine",https://news.google.com/read/CBMixwFBVV95cUxQOWhYaHZzMzd3dVVpVktEQ3NBVV8xMk5KaTZPeGJ4SF9leEg0eGtkUzB4TElCdnhTZTltdElLajNlNkxYTHU3ZDFNQVpNcHpiTC1wUEhPS0NVVktTTVg1aVd6SFRiSUJVa2JEME9renJjOXduU3VheFZQcDhoYUxrbktTd29EaHEyOEZ4SnZRVC1nbGZ2WHdmaWJPUEFTVXdnQVU3QTQ5YUpROGVaSlZ2YVdpZjFsT1lhSEhKSE1XYVBEaHVOa1FZ?hl=en-US&gl=US&ceid=US%3Aen,UNITED24 Media,3 hours ago,🇹🇷 Bayraktar,https://news.google.com/api/attachments/CC8iI0NnNWlPSFJFTkdZMU1FRmpibE5zVFJERUF4aW1CU2dLTWdB=-w200-h112-p-df-rw,2025-10-09T18:40:07.812002
‘No missile can hurt our friendship’: Baykar CEO on building drone factory in Ukraine,https://news.google.com/read/CBMi1wFBVV95cUxQcHQ3S2dUU2V5ejJfS3Z3a01oRHFlVXNUZFZNZVZVS1dFSUxuWEVRejV1ZERMblh0Ul9Mc3Y2WnowM0ZocWk2Z1FCcThXRkpQM21Rbk5JRFpfZWlfNmVfcUl4aWdnZ0RuY2F5cFl6eGc4Q2c5RFBwNVN4Zlo0ZGtSSi1Dd3U3WUctOUtEMFlrWHNFb2dqVjRlNDhKbHZZcDNDX0tCbnJwZUIwVFZIRV9OWFc1T1pTc0V4WXUtcHBpNlpndTF3RkJXYlFZVi1SVXFRSXNGQU1zTdIB1wFBVV95cUxQcHQ3S2dUU2V5ejJfS3Z3a01oRHFlVXNUZFZNZVZVS1dFSUxuWEVRejV1ZERMblh0Ul9Mc3Y2WnowM0ZocWk2Z1FCcThXRkpQM21Rbk5JRFpfZWlfNmVfcUl4aWdnZ0RuY2F5cFl6eGc4Q2c5RFBwNVN4Zlo0ZGtSSi1Dd3U3WUctOUtEMFlrWHNFb2dqVjRlNDhKbHZZcDNDX0tCbnJwZUIwVFZIRV9OWFc1T1pTc0V4WXUtcHBpNlpndTF3RkJXYlFZVi1SVXFRSXNGQU1zTQ?hl=en-US&gl=US&ceid=US%3Aen,Ukrinform,8 hours ago,🇹🇷 Bayraktar,https://news.google.com/api/attachments/CC8iJ0NnNU1XR1IxT1c5ck1UVTFOSE5MVFJDUUF4allCQ2dLTWdNaGRCUQ=-w200-h112-p-df-rw,2025-10-09T18:40:07.812004
Drone developer Bayraktar trains engineers to work in Ukraine,https://news.google.com/read/CBMikwFBVV95cUxNUWtmYjJmUTYyd2hnbV9uMWxxckM0NHV2ZXNFbEM2Szg0RTFLaFQ4SmFhUTZRQTBlRlpUZnNXTVBRbm5EeHM3RngyelFKWi1WMmlyM2R0WjhOR0NvZDFWLW54SVZabjlWMEQxUm41MGVKLVBHWl9uNExNeDFfQXpxUkptaDhiOEpzWUd5RVcwaUZiT2fSAZMBQVVfeXFMTVFrZmIyZlE2MndoZ21fbjFscXJDNDR1dmVzRWxDNks4NEUxS2hUOEphYVE2UUEwZUZaVGZzV01QUW5uRHhzN0Z4MnpRSlotVjJpcjNkdFo4TkdDb2QxVi1ueElWWm45VjBEMVJuNTBlSi1QR1pfbjRMTXgxX0F6cVJKbWg4YjhKc1lHeUVXMGlGYk9n?hl=en-US&gl=US&ceid=US%3Aen,Mezha.Media,3 hours ago,🇹🇷 Bayraktar,"https://encrypted-tbn3.gstatic.com/faviconV2?url=https://mezha.media&client=NEWS_360&size=96&type=FAVICON&fallback_opts=TYPE,SIZE,URL",2025-10-09T18:40:07.812006
Bayraktar plant in Kyiv to be built despite Russian attacks,https://news.google.com/read/CBMixAFBVV95cUxPb1d2aDZVSTFUMVAydmJkY3JuRTY0Tlc5Z0xycUZQRnhpeks0b3laTVRQSjRubWdmN0dBQUFHMGpSMGgydFdfRkxYME0yaTFUcDNFTi1UVGk0cXl1MnRSVXN4YmxlenVtWmZYTlBWVGNuNDBKQWI3MldkMFFFTVVNM1c1MXBiT0RheEtCNXFleUN2R1RXci1xa21VV2ozZGhhR0lUZGs0djV2TjJEdU1DcFFLS2Yzb19FQkRNdjJzbEFqVkhi?hl=en-US&gl=US&ceid=US%3Aen,Цензор.НЕТ,2 hours ago,🇹🇷 Bayraktar,https://news.google.com/api/attachments/CC8iL0NnNVdSMHQ2TUU1YUxYZElabmQxVFJDbEFSaXhBaWdCTWdrQmdJQmhRQ0pFWEFB=-w200-h112-p-df-rw,2025-10-09T18:40:07.812008
Türkiye comments on future of Bayraktar plant in Kyiv after Russian strikes,https://news.google.com/read/CBMimwFBVV95cUxPV0FKa0ZTSjZRUGJjUURoTmNQSi1QclNyS1lwdXBpY1haWFAxejhqd2ROYkhXRXgxakZ4SVZCLXB2WFlRN2k3N1BYZXdnQXh0ZjBlMm03dEg2SEpiNFJLUTl3YWN5Y1BKRzRkSUhNTlkzVTdlT3U5cDg3UTdaYjhxZkNtSlZUZThXZlpLeUZqU25nanNfNmpBMTh5cw?hl=en-US&gl=US&ceid=US%3Aen,RBC-Ukraine,4 hours ago,🇹🇷 Bayraktar,https://news.google.com/api/attachments/CC8iK0NnNUdiM0JmYjAwNVZWOVhWbUZIVFJDZkF4ampCU2dLTWdhNU01cFJIUWs=-w200-h112-p-df-rw,2025-10-09T18:40:07.812009
Unmanned fighter jet Bayraktar Kizilelma scores direct hits in first live-fire test,https://news.google.com/read/CBMixgFBVV95cUxQZnFuZHBxalBEbDNWREhXdjM0VHJkY0FhcC11MFJfOWZnamNVQnlFODB6M3plTm5nSzNOS2szdkFQSEdrM254YnpTY1pSeVpUeVpmaHRiSk5aWmg2eWR3OFB2RmJKYlAzSjBOdDNFbkVvZVJ0ZjlpaEtHRFhzbWgweUZIbEsxQ0Etc0lNSUIzUWVGdkI4aHpSZ3dPQktscXZrRWp2bm9RdUZnREd0WjNqcWE1bEt3Sk5WTEk0cTFzcXhWZHRfVHc?hl=en-US&gl=US&ceid=US%3Aen,Türkiye Today,10 hours ago,🇹🇷 Bayraktar,https://news.google.com/api/attachments/CC8iI0NnNWxOVzgxVG1kUk5rbEpkRzVJVFJERUF4aW1CU2dLTWdB=-w200-h112-p-df-rw,2025-10-09T18:40:07.812011
"Haluk Bayraktar, CEO of Baykar",https://news.google.com/read/CBMiiwFBVV95cUxPNV8yX2RjRWQ1U1Z6UnM2Yi1mZDNFNnNVd0o0bk13R1RJcF9TMWg1bUZfeDlVQ1FmRVhDSS14NmtadnJDSHFsY0k0NDV2SnVJX1B4LVEyUFRWOVZzWjU4NGN3RnVEbDA2eDczSDU1ZXN5UkRpVTcxdmc4R0xKWW9VZGNjdlZLMXU0VjhV0gGQAUFVX3lxTE9lR01zUzRrV2ZhUTlvUExFNGRnU1F1ZXZ3WUE0WFk0aUhhTXR0WW9pX1ZZMDJjcXRFMThUSXo1cmtPb3BzSlBNMVpsU0RMVFhUbUpSbGVEN1FBZ2QtQW9hV2xxTmMtekJDOFFwYXZ1bDV3cERBMlA5S2RCdnpnRHRCNVlzREtuMDVjal95VUFrcw?hl=en-US&gl=US&ceid=US%3Aen,Ukrinform,9 hours ago,🇹🇷 Bayraktar,https://news.google.com/api/attachments/CC8iK0NnNU9URTU0VEVwck1VZ3dla00xVFJEb0FoajJCQ2dLTWdZbEJwUUxrZ28=-w200-h112-p-df-rw,2025-10-09T18:40:07.812013
Baykar’s Kyiv plant to continue operations after Russian attacks,https://news.google.com/read/CBMijAFBVV95cUxOMVd2NVZ6d2tGVWo2czI4cXVqVmRqaFVVQ0x0dUJfLUNtYkpvaWttWnREZ1BtbDZEcXEySERXTVZaQTQzQ25BRThSdG9FTXlxRFoycWJtaHRKM01kNHQxTk9obFZZd2FMckpJTFdab3VKMTlLajBycW4yVnN6TFViXzRMZnRSNEFYRXdLZdIBiAFBVV95cUxNYnZyRDZBTmNnMWNOVG5BVGU2QmdfcElqT3hNOVJOdUUwLWtWWm9UdzZWUHl4cGZ3T2k5Z1lLbUZ1WDNidFdTOFBEdS1jd2pHRzE5WVI3dW9zMktvRUd4UUMxS2pBZkZuSFVHdUo2ZTR2WVVQZ18xLTB3SGFsQi1MM01JZjgzaDZW?hl=en-US&gl=US&ceid=US%3Aen,The New Voice of Ukraine,10 hours ago,🇹🇷 Bayraktar,https://news.google.com/api/attachments/CC8iK0NnNWhNV3BHZUVkWmJWUnBNa2hzVFJDSEF4aVBCaWdLTWdhVlI1Um9vZ2c=-w200-h112-p-df-rw,2025-10-09T18:40:07.812014
Backpack drones with lasers are taking a critical job from multimillion-dollar aircraft and protecting pilots in the process,https://news.google.com/read/CBMingFBVV95cUxPcTFWenVERW9aTE9fcGQ4eWdUZmtSQ2s1Z3B5UHpFbVpYRDQ5Z0NmajM4Mlh4Ym9kRjVERDY1M1Bpa1dyNUNwTWtQYVhrd2NHOElMQXBUMXhNNVNMdGRwOUpRMlRTd3VxWDEyNkgxLWtOa1g1SEl2anZTNmVBUGZoaHB0WU5CTkl3SXNKSXRKcERCZ1otR0xSNXduM25IUQ?hl=en-US&gl=US&ceid=US%3Aen,Business Insider,7 hours ago,🇺🇸 Reaper Drone,https://news.google.com/api/attachments/CC8iL0NnNUdSVE5oYXpoUlZIbHNVRUp1VFJERUF4aW1CU2dLTWdtSk1JcG1uV2hUcndF=-w200-h112-p-df-rw,2025-10-09T18:40:07.812016
The U.S. Congress: Your Go-To Source for UFO Theater,https://news.google.com/read/CBMijgFBVV95cUxNVDlETlRUNHVya2hYWU9wNXVnemVyM1RpRUNTdEMzY284dDYxdFk0aDV1N3RnRkRNSVlmM2k3Qnl4WHJ6Rk41czVka0loeW5Xc1VaMVZtUHpnXzFwN281amR3QTdHZjViM29BQWw5MWF3YjJSVFBueXZIYnBHQnVqMlZKbm1vc1dIWDViRGRR?hl=en-US&gl=US&ceid=US%3Aen,Truthdig,2 hours ago,🇺🇸 Reaper Drone,https://news.google.com/api/attachments/CC8iJ0NnNWZjbTVYTTIxSllXeHpOMlJ6VFJERUF4aW1CU2dLTWdNQmNBUQ=-w200-h112-p-df-rw,2025-10-09T18:40:07.812018
Area 51 crash mystery deepens as FBI joins investigation into 'tampering' at site,https://news.google.com/read/CBMiiAFBVV95cUxNRk9FRVBhX29BbVBwQ2RReFJ2bUtZWGhtNFRvZ0U1VmU1MXNScWg4R0ppZ25LYy1rUHJHeTh4allLZEFvRFdVZVNHSFhlM1lrekFaTUdZMUluRGgxUG5YT1VGeFNfUWZ4dUlTUV9WUkZzTEZXRzNsd0hlSlZfdnlhTkRTbHlSVXdu0gGIAUFVX3lxTE1GT0VFUGFfb0FtUHBDZFF4UnZtS1lYaG00VG9nRTVWZTUxc1JxaDhHSmlnbktjLWtQckd5OHhqWUtkQW9EV1VlU0dIWGUzWWt6QVpNR1kxSW5EaDFQblhPVUZ4U19RZnh1SVNRX1ZSRnNMRldHM2x3SGVKVl92eWFORFNseVJVd24?hl=en-US&gl=US&ceid=US%3Aen,Daily Express US,16 hours ago,🇺🇸 Reaper Drone,https://news.google.com/api/attachments/CC8iJ0NnNWhjazVFT1VaM1lYVlVWRTVoVFJDUkF4ajhCU2dLTWdPQkJ3dw=-w200-h112-p-df-rw,2025-10-09T18:40:07.812020
Airbus and Turgis Gaillard join forces on Foudre long-range launcher,https://news.google.com/read/CBMigwFBVV95cUxQZ2NBTU1TWTRRWjhSNmhEOUxfZ3BFbUZoa0h4QkY4SDFpWmZhcnZ6Rzk4RnA1QXZEc1RJeFl3UVlRcnFuOFZ5TE9oZ3dJSEtmdjgtOTlLbDFtc2lCdWRGMC01MXdQWlZTSVF0eUJqdUY0bXg4UFNKa252cXFydGhiRElXc9IBgwFBVV95cUxQZ2NBTU1TWTRRWjhSNmhEOUxfZ3BFbUZoa0h4QkY4SDFpWmZhcnZ6Rzk4RnA1QXZEc1RJeFl3UVlRcnFuOFZ5TE9oZ3dJSEtmdjgtOTlLbDFtc2lCdWRGMC01MXdQWlZTSVF0eUJqdUY0bXg4UFNKa252cXFydGhiRElXcw?hl=en-US&gl=US&ceid=US%3Aen,AeroTime,8 hours ago,🇺🇸 Reaper Drone,https://news.google.com/api/attachments/CC8iK0NnNTVibTVtYm1veGFsRTBhSEZFVFJERUF4aW5CU2dLTWdhQmtvSXdzUVU=-w200-h112-p-df-rw,2025-10-09T18:40:07.812022
German Lawmakers Approve New Eurofighter Procurement Amid $8 Billion Defense Spending Initiative,https://news.google.com/read/CBMidEFVX3lxTFB6ZnVNQ1FhVmJQSnNiV19KcXE5WFhpQ01XM0tIN2pZVDVWWjJlTW01cmlnc091TWtCSkFzWjB3ZWcyT05jV3Z4bWl4TXg5WkF5czZkTjVlb2tseElZeVdPMXEtZzhzTGpIWUoxV1RwdzR5RUwt?hl=en-US&gl=US&ceid=US%3Aen,DEFCROS News,17 hours ago,🇺🇸 Reaper Drone,https://news.google.com/api/attachments/CC8iK0NnNXZiRUp6ZDNGU2JETklOak5wVFJDMUF4aS1CU2dLTWdZQlVveUhJZ1k=-w200-h112-p-df-rw,2025-10-09T18:40:07.812023
US Drone Maker Enhances Soldier Safety with Compact Targeting Drones,https://news.google.com/read/CBMimwFBVV95cUxQeWJxX0Z0V1k0VmhzSk5vOVU3cllZZks5UzZaeUVaVTktU3ZlNEVrdmRmZ0hLdE5tdm01QkpwdFhFVGhVM0d0RUdlQXdqTjBoanhMWW4xNjRYcVVTLXBDN1Q4SkphNkxwYnNtMHZLYXlFV2JZUF9tUm4wc2dDUDNVSF82LWRkS0cxQjRWYVNfaHlwOW1XQ0dBdHdoWQ?hl=en-US&gl=US&ceid=US%3Aen,SSBCrack,6 hours ago,🇺🇸 Reaper Drone,https://news.google.com/api/attachments/CC8iL0NnNVNlR053U1c1RldrMXZVWE54VFJDSEF4aVBCaWdLTWdrRkVZWm1GV2xUN2dF=-w200-h112-p-df-rw,2025-10-09T18:40:07.812025
Xtra: the company that lets DJI sneak its popular cameras into the US,https://news.google.com/read/CBMijgFBVV95cUxQUW8xdFhaN1VILVN6YldvWDhMbWIwa0h1c1dMaUdSYmFMTHRjV0JtNGt6WlR6RnAySXdDOWtoR0w5d3Rfcm5mY2daVmVDcG5lb2VMWXZDTERFY056UTFHQmllcmhic01QbW9OeUJqWnVnS0xvWXp3bmhPdHN5eWZlUmpwYWlwM3pLN0xrSmVn?hl=en-US&gl=US&ceid=US%3Aen,The Verge,4 hours ago,🇨🇳 DJI,https://news.google.com/api/attachments/CC8iK0NnNDNNbGh5Ym1KeWFESmtlRzE0VFJERUF4aW1CU2dLTWdZSkFZWXFpUWs=-w200-h112-p-df-rw,2025-10-09T18:40:07.812027
The Most Affordable DJI Drones Are Even Cheaper During Amazon’s October Prime Days,https://news.google.com/read/CBMisAFBVV95cUxOdlRwamdtc2pHQnA5c1RTWkhGN1VESVVfc2JtR2QyNjhNVTJYQ1dYM09EQ3Mtbm80T0Y2UjdSM3RubkVqdUJsZ0Jobkc0alB4T0xIR19ObWhucXd4TUhpZGpoUnh4V1FrZnVNdl9mbHJZTHpScXJ1bkUxRGZSMVRfRk1xaXAxTnd6WlB2a0gxOVZja082dllZS0Rob05XcXkzcHZBUlkyWjNOejNCbzUzYg?hl=en-US&gl=US&ceid=US%3Aen,The Drive,18 hours ago,🇨🇳 DJI,https://news.google.com/api/attachments/CC8iK0NnNHRSRVZqUkRKTmVsVmZjbFk1VFJDZkF4ampCU2dLTWdZVlFvaXJLUVk=-w200-h112-p-df-rw,2025-10-09T18:40:07.812029
Grafton (West Virginia) police chief seeks $40K drone purchase using opioid settlement funds,https://news.google.com/read/CBMijAJBVV95cUxNU0pJdEFyQktLeGpqbXRhLXlrZ0YydnRnUElJZS1CTE1iMHc2ajVjN1dMby1ZdzVUN1NDQUNSQ2x6Uml5VGtXcWY0akxNcWJYVHpodExrcUVyMU1nQXBTaFJZNjJINkgwZjZ4bmRkMTJKdGs4QXlGREZ0U1N4WjBVVE5LVkV1STlKNlh2ZXpIVUNmZktOaFQ4UzJyVkJ4QU15ODdheDdzMXNwR1lXM0FoWi1RczFQWDRmTXpDX3hHeTl1dlRNbnNPUzlZN0hmRWRmcThCclA3ZWNKVDl0a0FuRzBjMjdURVMwTzlOQ1BTVzVpN1p5eTdIWGNDOFBOS3RzN21WbjVGQ2RrOXZC?hl=en-US&gl=US&ceid=US%3Aen,WV News,2 hours ago,🇨🇳 DJI,https://news.google.com/api/attachments/CC8iK0NnNVhlV1JaUlRCR1YzbHBlVXBVVFJDQUJSamZBeWdLTWdZWlJwd3FuZ2s=-w200-h112-p-df-rw,2025-10-09T18:40:07.812031
Disgruntled Buyers Return Items as Chinese Drone Giant DJI Cuts Prices by Over 20%,https://news.google.com/read/CBMihwFBVV95cUxONEJVNy1xclppM2NaMkp4eHdFT1RHSmZMVC1Dazh0RW1FRGJmVDlDdEpkbHpjbkEzZ09INkdhcWEtNkVCbnEzb0ZRX1lWQy0xa24xdDczZHhtczV2YVBDRjVYWTlDQ0tDTktkZ1ZQbWVGbEdjbXFpXy1FWm5sYWZYb2Z1M2Q4Zm8?hl=en-US&gl=US&ceid=US%3Aen,Yicai Global,13 hours ago,🇨🇳 DJI,https://news.google.com/api/attachments/CC8iK0NnNTRVMk54ZG0xWGMxZDBZbEkwVFJEREF4aXBCU2dLTWdZQndZSXV6UU0=-w200-h112-p-df-rw,2025-10-09T18:40:07.812032
Aerial SLAM LiDAR scanning with the XGRIDS L2 Pro drone mount,https://news.google.com/read/CBMikwFBVV95cUxNbUx0NG92LVdTUzlGcGNYeEsydXpyVGZZUkRTWXRwSFZ2X0pCbmpUU0ZpaTc1NjhpamxRcjBGOEJqeHZDQXVRQndUeHZycnpPOU4wbzlLQTljZGlPZVRXNW5QQ3hzYmNfbTlvTmlLM1FocWh3ZTdkc3RYdlBYZ0c0dUY2VmxyOG13eS1BaDRoNDNoaTQ?hl=en-US&gl=US&ceid=US%3Aen,Heliguy,6 hours ago,🇨🇳 DJI,https://news.google.com/api/attachments/CC8iI0NnNHhOa3AyYkdWRFdFeEZVakUxVFJDb0FSaXNBaWdCTWdB=-w200-h112-p-df-rw,2025-10-09T18:40:07.812034
Taiwan's drone maker eyes DJI throne as US$1.6 billion military contract looms,https://news.google.com/read/CBMikgFBVV95cUxQaElud3lBTDlMRUZfdEtEdkh2d3FWR2FPNmUxdEo1OEdybFBVcFRpa2d0ek5Jd3NlQm1OYm81ZU5DZ1VTck4xa3BTc3VJazZ5ZmRReUFPODFVRDVCR0JHNW5sX2VFVU9ZcFZlU0I2R2RjLVNQVUJ4R3RXcUU5RG12dWlEaURTVXNJNGh6bHg4ejhpQQ?hl=en-US&gl=US&ceid=US%3Aen,digitimes,19 hours ago,🇨🇳 DJI,https://news.google.com/api/attachments/CC8iK0NnNXJaWGxqVVZoTlZGRTRWVGhsVFJDckF4aUFCU2dLTWdZVk5ZWnBHZ28=-w200-h112-p-df-rw,2025-10-09T18:40:07.812036
The best Amazon Prime Day drone deals in the US end at MIDNIGHT as Big Deal Days sale draws to a close,https://news.google.com/read/CBMi5gFBVV95cUxPdHNBVlZaQzVXZUExWklHMVI0U0tPbWRWQnh2N0lDSUlhbUkyNlAwUFNBNlNOVDBJZWt4YXBIQllLZkozaEI3SUN4alMxUWRRTVd3VFZzMWlQNEFVWXlYNFo2aS11djFhb1RvZnEtRHR1Tl90R0Z5X05rcXkzM29CRjdxUTl1cDhUcVczbHQ3Skh6S2lpTlc2aVNWVEdfc0ZCTFVmd2Z4RFBMOEpkLTViU2RwTC1mY3F0dmUyRDQxUDVldEVzdkdMTmJ2QlNSRXNOWkQyQ0IxamxDRW8xR2RTRk1sbDZGUQ?hl=en-US&gl=US&ceid=US%3Aen,Digital Camera World,23 hours ago,🇨🇳 DJI,https://news.google.com/api/attachments/CC8iL0NnNTNTM2xqUVRBNE9YbzROMlJZVFJDaUF4amRCU2dLTWdtTllaU0dMaWROREFJ=-w200-h112-p-df-rw,2025-10-09T18:40:07.812037
DJI Power 1000 V2 power station review:,https://news.google.com/read/CBMid0FVX3lxTE5kSlRGaUdmY2dOTW5ILWY5ZXFaSjA3cWpnMHIxd3k3bG1kUDVxUnJmNkNqX3liMWY3UjRzdTlvS2JwakdFT0ZaZEhkLTJJSzRVaHZsWlYxRThxOFpvWTlnaEdGUFF4SHFtaDZRTW9jVmdsLXdPeXZn?hl=en-US&gl=US&ceid=US%3Aen,GadgetGuy,21 hours ago,🇨🇳 DJI,https://news.google.com/api/attachments/CC8iK0NnNWZXVTFYTUVsRU9HWjRNRlp6VFJERUF4aW1CU2dLTWdhWkFwQXlOUWM=-w200-h112-p-df-rw,2025-10-09T18:40:07.812039
German Cabinet Approves Law To Shoot Down Threatening Drones,https://news.google.com/read/CBMimgFBVV95cUxQajVCUDYtYWQ2eGdQRl9ORHNDcWd0cWp0ekFpSFQ5VW5ycl9hU2trVlhMNXhCNDF1MUQwbnlaMVl1Y1laeHdaYkI4WFJCaWhrS2RpYkE4dnVRRjVXa2NnRjlzdHhpVVJHR2xHalg2Wnh2akVLa1k1VFZVRXhwRGJNNjZJODVZM1JpODRmRDNiX0NEdWtuYVdYUy1n?hl=en-US&gl=US&ceid=US%3Aen,The War Zone,18 hours ago,🇺🇸 General Atomics,https://news.google.com/api/attachments/CC8iK0NnNW5VbVJSUjNKV1pWQk9OVnBxVFJDZkF4ampCU2dLTWdaSllaSzJLQWc=-w200-h112-p-df-rw,2025-10-09T18:40:07.812041
C-130H Eight-Bladed NP2000 Prop Upgrade Plans Cut Short By USAF,https://news.google.com/read/CBMikwFBVV95cUxQQWI0aWY5cTRJVmFreWlRSjIxbzZEcHNTUFd1aWRtaGZfU3ZYVVlueHBsYjRYSE5RYzdFTDllVklvb1oxYmFsZWprMkdiQURvRUh4eFB6ZGJSNWY1cGNQbU1WQlg0b2lUNTNBeHZTRDZRQWc2STI1RmxGOVhFWjhqMHNKU2J1dGE0Z1ViMFo5TzBxdlk?hl=en-US&gl=US&ceid=US%3Aen,The War Zone,18 hours ago,🇺🇸 General Atomics,https://news.google.com/api/attachments/CC8iK0NnNVJWWFJOUXpCVU9FMU5SalJtVFJDZkF4ampCU2dLTWdhVmNvNk1OUVk=-w200-h112-p-df-rw,2025-10-09T18:40:07.812043
Cruise missiles are the present and future of warfare,https://news.google.com/read/CBMiowFBVV95cUxQMmNENkNOUVczaUlXVXFsU24yYXlEOXQ3WlFVUGZOMnVzSVowZGhOV09nTmd2cHBIZUltdzRLbFF3c0NuaUhSd29vMUdTRVM3SDRiekJWQUU1bE4yUjNxVHk2RjVtcVNmTHZOcDg0djVrcnJZVzJvckR0NlFCZzJfb1IxbG12eDlSbm8td0ZIaFhwbXU1eTlWOU1mTHhod0ZGTkEw?hl=en-US&gl=US&ceid=US%3Aen,Defense News,7 hours ago,📰 Defense News,https://news.google.com/api/attachments/CC8iJ0NnNTJja2R6TVhkQlptODVUM2R4VFJERUF4aW1CU2dLTWdNQlVnbw=-w200-h112-p-df-rw,2025-10-09T18:40:07.812045
"Israel and Hamas agree to ‘first phase’ of peace plan, Trump says",https://news.google.com/read/CBMiwgFBVV95cUxNdHBhY2ZKemlsS3Y4VFVnaVZXYUZidjNPSkZtcGxWNXdsdnMxanU1TjBiV2haT1poZjhMWm9ILWNtRTMtc2o1dU83SmlaM1NtYjluUUo1UWlsTmh4alJLOE1pSGs1MmVRbGM0TmExamR0QU9Rb082V0tSZGs0UnprWHRoaEd3dHkwZmRIUTVHeGREVVkxLTNBSGN0dHZabk51RFRjV09RLS0xQndLaklPajR3b0xYOHhnMEhoNUx0SUNNUQ?hl=en-US&gl=US&ceid=US%3Aen,Defense News,18 hours ago,📰 Defense News,https://news.google.com/api/attachments/CC8iJ0NnNDBOR1pSV0ZRd1ZpMU5hak5DVFJERUF4aW1CU2dLTWdNSm9nSQ=-w200-h112-p-df-rw,2025-10-09T18:40:07.812047
Italy unveils €31 billion defense budget with NATO target in mind,https://news.google.com/read/CBMiugFBVV95cUxPcEt5UjNQWTF2VjAtZndwdnZlSWRBVGxFQmFUdlRyd2Y3aGFsYnVPR0JnNUtVRXJhbnZHd2ZLVVpiTENCWmFUanZhTHg5ODZ1eVVTOU5wZ1JwcHFuVVMxR0ZCTVZUUFBBcUFBRGtWcVFnMjhGWTIxZXh2UVB5YjB4Wng4aDJEUVRGOTR6aTlFWmRrUmJYRVB1OGJvZDRiQm1yOXIwZjJMVF9mTzh6ck4yTTl6YVBVTGVhd3c?hl=en-US&gl=US&ceid=US%3Aen,Defense News,3 hours ago,📰 Defense News,https://news.google.com/api/attachments/CC8iK0NnNXNXVlpJTFZFemVIZHZaMk5DVFJERUF4aW1CU2dLTWdZQmtZeXZzUWM=-w200-h112-p-df-rw,2025-10-09T18:40:07.812049
India to buy UK-made Thales multirole missiles in £350 million deal,https://news.google.com/read/CBMixAFBVV95cUxNS3JNdGRkdGV0YWtfU0FGLW9HbmpDSDkwU3R5ZkxOamJNWmNTWXZwWlc3UlBjcHdrdWR1Tm81WVE3YlBuQzN1dHZsd2h6a1dtVFhPSzUyOHFDTTJSM2FFYmx0cEtZNEx2UTJ3ek1pR01fd1l3WTdOREZuWGM1Tk85a1BlUm1GRENYd0dnQm9xWW5paHp3bjVxU1ZDamFUNFhHRDlKaDlnZWZra1d3b0hRM0NLWjRvRHdBb19qRk5jN1Mtc2hy?hl=en-US&gl=US&ceid=US%3Aen,Defense News,2 hours ago,📰 Defense News,https://news.google.com/api/attachments/CC8iMkNnNWlOelF3UTFGTlVrTTBaRk5KVFJERUF4aW1CU2dLTWdzQkFKd0NDMnNXaGVwZWtn=-w200-h112-p-df-rw,2025-10-09T18:40:07.812051
Latest defence and security news,https://news.google.com/read/CBMiXkFVX3lxTE1NV2RKMWptVEl2dGJsRF9NelBvRFQxczZ3Y3FobnpYYVlQVk5CcEhBbEE1aXUxeUtzVllUeU9GaFAybkFxV2RRR3B4VW1oSk5tQTFXQmJqTVp3b3BFWXc?hl=en-US&gl=US&ceid=US%3Aen,Janes,"Jun 4, 2024",📰 Jane's Defence,"https://encrypted-tbn0.gstatic.com/faviconV2?url=https://www.janes.com&client=NEWS_360&size=96&type=FAVICON&fallback_opts=TYPE,SIZE,URL",2025-10-09T18:40:07.812053
The Army’s New Intel Playbook: How AI and Data Are Rewriting the Battlefield,https://news.google.com/read/CBMitgFBVV95cUxOVlcwbWFhVEt0U0loc3lncjVENGVjMkNQelFCRk9ueThBeTN4dktUWld2RExYekc2eV8zbXFHQkp0OU5NT1Blck5NVk9YSEg1S1VlRUxZMThJRVFvU000TUIyZmtTTDdDTG16R0IzVlE1clgtbjlGNTl4Z1gwdWJZY01jRUtZYzlMNHpRQU9xNmJaaXhVMEJaTFY1SlBNaWVBTHZUaE5LSUNvbnJadzJRQWpaa0xfZ9IBuwFBVV95cUxPY3dOT1N2bUFxNzZHbmU5TVQzTll0R3pKWFBHZnNHMmtEUVlqVzhreF9icFpHbWdiMlgxZ3VJV3ZtX29NcHJBR2tITFo1MV9FdS1FZldjQUFVYmhlc3V6ejU4dVNMRlhZRU9hNzNvN1RybzBJV1FZdjA4YzZMUGlzekdqeExFeS1BUjFlUV9Sajk0cHFRY2taVTVBTzBTMVdjQkhkSjY4SF9sUUNVUkFsQW9Ld0JRNURFNUk4?hl=en-US&gl=US&ceid=US%3Aen,Military.com,21 hours ago,📰 Military.com,https://news.google.com/api/attachments/CC8iK0NnNWZaMmRQZEVVdFpHMXNPR3RtVFJEZEFoanRCQ2dLTWdhWlE1cFJJUWs=-w200-h112-p-df-rw,2025-10-09T18:40:07.812055
"Trump Has Yet to Provide Congress Hard Evidence that Targeted Boats Carried Drugs, Officials Say",https://news.google.com/read/CBMi1gFBVV95cUxPZHJXSEhrSDY1NWNGT0NoWTdYU0dCNG5XNHFNcVBTVkJpLWx1N25iYmZvQjFiM05CQlprc09zNEZ1YU1HaDVQUzIwNlJMM042aFVzWk5hMXR4U0VLTEFRN1dXekt2Z05mVXdFTnliTDhBYXViS0RXZDdLdkY0anF0VkNfNl9jMFlvcmh4b0duQy1ZbDdDbWRKSGJFQjJDRkctRVN2MVR1X1JMR2lFT3pZdjB4cVJCNXJLOTMxdDd2RVM3TzNXWDZRakx3MUNuZkZ3M2dSVWRn0gHbAUFVX3lxTFBDbjhPLVpQLUZyS0ViNkY5QVFWR1JHOVVLZ252b2pMUWxGVWxsOW50TjlOVXlDcEVEeWoxWFAwLWxpbHFQU2FSTGpMM2VrWGNBQWl1VFRrMG1PbElBWmQ1RUdkSlhrb09DdGdwb1hkeWU2VlV4VDYtTWVRel9qR3FsOVBkOUZHbGlZR3pmeWpqQy1lXzZHcl9Cb2hSNmNVMDBIYUFpRVowNURoSDRRWEFMcXBpSlBZSlVGTHU0U1pVcjdzdWdkaUVRbF9Jak9ha1hQSDV2Z3FyWFpXYw?hl=en-US&gl=US&ceid=US%3Aen,Military.com,20 hours ago,📰 Military.com,https://news.google.com/api/attachments/CC8iK0NnNDJjSEZSYUhJeU5GWndlVkZQVFJDZUF4anRCQ2dLTWdZcEpvanRsUW8=-w200-h112-p-df-rw,2025-10-09T18:40:07.812057
"Israel and Hamas Agree to 'First Phase' of Plan to End Fighting and Release Hostages, Trump Says",https://news.google.com/read/CBMitwFBVV95cUxOTUFoam1zZmtuclB2anJCdXM5SEFtUXZvZzJCYVYxUmZ3NEMwNjd2bEh3VFV2U0hqMFZGWG5UWUFBYWNwVm42NlFBbHluR252MDdaMEZPMlB4UG5RSFVtTHlvNnVFZEJ1dUxyN1hEOU4tdHg5ckt2RkFvUkRuTVRieFItbHhaMVNRb3doVnZCYUR5cV9DdHNheVNVMW1UN0hOemJPYXJsMzVRRFF3LU94YlZMYmF4aTA?hl=en-US&gl=US&ceid=US%3Aen,Military.com,19 hours ago,📰 Military.com,https://news.google.com/api/attachments/CC8iJ0NnNUxVV1kyWDA1WE0zb3lYMGxKVFJDZUF4anRCQ2dLTWdNSnNnSQ=-w200-h112-p-df-rw,2025-10-09T18:40:07.812058
"Putin Says Russian Air Defenses Were Responsible for Azerbaijani Jet's Crash Last Year, Killing 38",https://news.google.com/read/CBMi3AFBVV95cUxNeHZabS1MX01BM2dGMC1kbmdZTVZLcXByMGgyVW5QajJGZjNPZVd3V280MktIOGRPaUxUS0lhbllHZy1yLTA4VnBpbVdnUXRMLUhjVHY2WjIwS2dQbkZMVzhDOEtvVUtXWnpXckVNRk9udkdpVkpZTkFWYkVUVE1qdmlRSFpHQnFJaXRiOVFZdkNJT3owNXdtWm1ramRHeE5GSklvNEpzZG92UThVMDJXTnZtdEJfTTNDaVdSN0plNkJsSXVvSnhKbnp0UnZfcVlWdEFaa2YyV2h6Wmlj0gHiAUFVX3lxTFB0OFhlbTZaTktCanhWUV9acXQzMU9Pb3ZGM2RaUzBqVzhuOVFsaDR0NzR3Q3hJUHBjT2tGRmFSNVNqMnExdkwwVGVOeUhLa21XRXNSbDV4MklIN2Y4UW9iUnJ2VW51WWV4R2VjTER6OHJiRTVWYXluTU9EQmQ5V0hDVGlzQnZXcHJsT0psUGZoU045OEJaRXA2Q0JEQ18tSl9GRTFDdndnc2xpWWtQWXIwUjFUQlZDRzBUUW5OZU1INXpwb0t0emxQWDZqbFNUQ215OXZWNjFla1prVXpYYlBIWVE?hl=en-US&gl=US&ceid=US%3Aen,Military.com,4 hours ago,📰 Military.com,https://news.google.com/api/attachments/CC8iK0NnNW5aRkZ0WjI5SmRFeERkMGxXVFJEQUF4anRCQ2dLTWdZQlFaUkxtUWs=-w200-h112-p-df-rw,2025-10-09T18:40:07.812060
VA Tries to Keep Up With Drastic Veteran In-Home Care Increase,https://news.google.com/read/CBMingFBVV95cUxQMGZnRXRDVkdTUU9WRGRwYzBnbm9Zdlp6OXR5MEtaaDNUaVIycUtjaXE4VHJTNFIwOW13VmlKMkVDbkFnMnBXc2pZNFROcDBscHBBSkFYMnVVc2Z4aWRmSThmYVFHcDBJTmg5SnRWb1VtYlFwbEUweVQxMFVIdmh0cE8tOE1JYkV3U0g2UFExWXNXZUZRNVN4MlJOVzV1UdIBowFBVV95cUxNR2taQlpFeTdreW9fb0p2NkNkdWhCd2dmbU1VTGptTDROaGpEa2Jxa0dmWnlVZDhITmQ5V2tZYjU4TUhSOUw1bTJRN2ItelJvSkFHbFdQMjl3S1ZLU0RPd2lpY1JQN2NPTFd6SEZDdUpMM2lRdkRrX3VlMzNtVXg2SC1xcmhYRkkxNktVcm9QbEdTaUcyU0tyQTZ5amZvcnFwM3Bj?hl=en-US&gl=US&ceid=US%3Aen,Military.com,20 hours ago,📰 Military.com,https://news.google.com/api/attachments/CC8iK0NnNHRlV2wyWjJWRmIwRllhVEV0VFJDM0FoanRCQ2dLTWdiQlFwZ1VvUWc=-w200-h112-p-df-rw,2025-10-09T18:40:07.812062
"VA’s $262M Tech Training Program Faces Numerous Shortcomings, New Report Warns",https://news.google.com/read/CBMixgFBVV95cUxPdFJkNDNJMmdfWGZ1NXlUMlV2RzBQdlppR3p3NWtTOHF1SWFKOEJNYUZYTkZtMUt0RzlUUGNRalVyZE5iZjNqY3puQl9YS2w2eVNBdTcxS3JjYVZzdVlSU3Y1M0U1WHhJVDU3aHpvRkdHSVI1M2VicTFQazdWUUVkRGdiVzkyVmV3bkxNY2tJenk0R252Ykxyb3JaT1dRb2UyMkpYS18xdUpuVmwxb2hZVkVXVTNwTjRTS1lmMzJsYkFuQ3FDMXfSAcsBQVVfeXFMTzNFRlg2ZTZjSktBckQwS0lYbHd6ZEFETmtncno1V1JyaGVIdHpKNm1BaUhwQkU2QXRXTkxMb3MwZzRSUXJOYTltaEZ0QUtTeXdPbDM2bzVIdlR4U2RIZ1NYeTFzUFFBTEhYcDU0cFQ2X05VWUcyamY5YmJDeHQ2OXY4bnFvdUc4OHppVnUyMmtTaWdJUlZNMGlLalRLRE9CTXdsb05rZEJpNTFyYnNUTkdBbTdabWw0V1p3U2RuSE1aMF9EaDA0OXdvakU?hl=en-US&gl=US&ceid=US%3Aen,Military.com,19 hours ago,📰 Military.com,https://news.google.com/api/attachments/CC8iK0NnNHlabVJYWkZoSE4ydHhjSFJyVFJDZUF4anRCQ2dLTWdhTkVZeldFQXM=-w200-h112-p-df-rw,2025-10-09T18:40:07.812064
World Leaders Express Hope After Trump Says Israel and Hamas Agreed to First Phase of Peace Deal,https://news.google.com/read/CBMi3gFBVV95cUxQWUM5UkZ2QmNnc0tiRUtHWDFqMjBmcG05RGFaNDI3alloOTJ2VlltZEJMMFFuZXRVTlhNREJsdVFlekdGMWh5V19jQmNLME80MEZOR2JIMFducEVEcGNKSDFGNUFmOFVpT3pyLV8ycmVMQ1o4aHBhaHh1RHIwTC04WWh3b2JCOFowUE51eS1fV1BEdGJYNElpci13ZlZicjlaVXRjX3E0OEo4MS1jdmVUc2dWWE5hRFh2aElTYzBZXzlkVVN0by14MThLV0VqRThOWnV0SEEwMHNZeW1UVUHSAeMBQVVfeXFMTnYxTzlXMUw4NTMzZTk5VmZ2cFFQWkNxLU0xYUNXZ3MxcXFmbFpLTV9WUWh4UHRvQzl1bGh4bFRxRHRLdTQ0TlprSHR6ckVzYlk4VVZoTS1LLTdiQXhnMEkwcnpDRXlSdkw3aUNjMjBiWDhvcWRFQWVOWVB5a1QtbGhITnZWMU4ybXJuU1lEWmdEOHFqc1dENFlidkZQSjBOc05UYlRrdlRDYVBwQTB6NXUtNnJvOVJVcnVzRjVNSXg0Rl91RldBbTExZmN1Y216RzRVOFBsZHpLSHlLdG5ZcXlKdjg?hl=en-US&gl=US&ceid=US%3Aen,Military.com,5 hours ago,📰 Military.com,https://news.google.com/api/attachments/CC8iK0NnNHdSM0V6UTNWNlVHSlphbTVLVFJDZkF4anRCQ2dLTWdhaE1vb1NIUWs=-w200-h112-p-df-rw,2025-10-09T18:40:07.812065
"Pentagon, Journalists on Collision Course as Restrictions on Reporting Loom",https://news.google.com/read/CBMiuAFBVV95cUxNRExqNlgwNS1zaUtpbXdmaEltbzlTWFFJOTRzb2lyUzBTNWJ0M3A3X0ZPV1ZaY3AtMnc3cV9INHpfeXk4MGphNWRodlE3aVpXYWZxMkMzd0ZfNHkyZ3pTMzhYWXhUX2RIRVctOEI1ZlpxbllMVnNiX0pBWWxiUDJ3OUFkOTMzZnpqd0RnaU50V1pUZ3ZEZGdEckdQVUl6c0JxVEVyX2RxWlE3S0hqQ3BBYWZ4ZVdXU0hS0gG-AUFVX3lxTE9XVDk0MnpRVTJLbjJFLUdycVhMcVR2bHEyQkNxbWNYRVgydVpCQ1Z0TGp5ejkyTVBvSTZhRVB2VkxTMzV0V19WNER1RmRRMlRYX1JHa0hhaDdwdzRQeWRBcU5ZT3M5aGRlVVNwOVc2NmtpM2IxU19lRTAyTC00REpfYlh0cVgyQnZxeHhRTXhpbEY5NDAtcndJWGJzaGpqeDZqdFFuYmk1QlZuWnY0S2JCeF9EVjluOUJDQTZMbEE?hl=en-US&gl=US&ceid=US%3Aen,Military.com,20 hours ago,📰 Military.com,https://news.google.com/api/attachments/CC8iK0NnNVBOMDlDUjFSamJqVjNPWEpuVFJDZUF4anRCQ2dLTWdhdEZaek9sUW8=-w200-h112-p-df-rw,2025-10-09T18:40:07.812067
Senate Vote Tests Trump's Authority to Strike Vessels He Says Are Carrying Drugs,https://news.google.com/read/CBMixwFBVV95cUxOYzRGTFlwaFhlQjdmZmpqV1ZmYW1MRlhTWS12c0JyOGIxbXlPd0VQWmJDVHY0c2F6YmNUZmJqME1YWW9EQkxJTFNhMktrcW45aWpEUm5hdkVkUlg3eWM0SFVZeU1vbGpndHpVQjVJcUZEYVdDYXZsQXU3anhmTXVJSXJFMW9rUDZOWkRmSE1jd3kwWmpraVpnVmk3MEJDWHJEV3RwQ29QWFlxOElBNmlha1h1VWpTOGdOZjRJbEdjZWxiUGFkUFFZ0gHMAUFVX3lxTE9wR1ZDdTREVFhab2t5RlVQVk9BOEdBaWtESVpRT085ZHU5QmRSdUFEZkJ5Wm9WZkxGUi1OTEtyUG4zLUo1a3ltTFhPQlhxQTd6eVk0U3FTelk1YW1UWDRFWGVJSkp0R2ZNdXZJYlJzTE5rQU1EbElieWhNcGgwem4zb2w4YmZXZVFXQkZ3TURWZFB0amduc0VGY1I2ZVQ0SUhVclpCc1huNkc0RzQtUlY4dXhIXzIxdmVrT015THQ2ajRZaWFpN0dVM0pPOA?hl=en-US&gl=US&ceid=US%3Aen,Military.com,21 hours ago,📰 Military.com,https://news.google.com/api/attachments/CC8iJ0NnNXdTMnBCWkVGM1RYUXlTR1Z6VFJDZUF4anRCQ2dLTWdPOVV3SQ=-w200-h112-p-df-rw,2025-10-09T18:40:07.812069
Read the latest articles from The Drive,https://news.google.com/read/CBMiRkFVX3lxTE1QTXp0czYxZS1oa1JXMWZyMHZmT3R5WkxqQlVPbmh6SUZWY28zZU9UWUhyQjI4blhjR0tCQ3F3Y1J0ZEFDWkE?hl=en-US&gl=US&ceid=US%3Aen,The Drive,Jan 30,📰 The Drive,https://news.google.com/api/attachments/CC8iL0NnNU1XbGcwVVdSNlNrTjJPRU0wVFJDZkF4ampCU2dLTWdtWk00ckpJZWhiY0FF=-w200-h112-p-df-rw,2025-10-09T18:40:07.812071
Zelenskiy says Ukraine inflicts frontline losses on Russian troops in Donetsk region,https://news.google.com/read/CBMivAFBVV95cUxNS21XUGw0S0I2WDRxaktRZ1JZallCUi1iQTB4SzdwRE15VUhBNExKeGM0SThYZDg5V3g1dnhZYWx4Z3N2bjNkb2JCOUFvZ0xmTlBsNGpkSlJlOElzMURUYkowV2I1TmxvbnpzS0Rtdno0R2pDRzRlU21mdEQyTXNLM29SYndLZjFobGNUV0p4dDdQY1NDYWJ1ZXhUa1lsWGRqSUhaOHhpaXJXNU9idmpxSnpvN19sMjJNWXpKQg?hl=en-US&gl=US&ceid=US%3Aen,Reuters,11 hours ago,📺 Reuters,https://news.google.com/api/attachments/CC8iK0NnNXNka3hzZWpsYWREVjVNVVJtVFJETUF4aWFCU2dLTWdhbFJJek5wUVk=-w200-h112-p-df-rw,2025-10-09T18:40:07.812073
Putin tells Azerbaijan's Aliyev how Russian air defences downed a passenger plane,https://news.google.com/read/CBMi2AFBVV95cUxORGVoWmlWcmZpRVBtWlRaYTczTm5GSWxJSHpzX1hjRkhKb0JPdHBJckMzamtBb2tkVUpzcEZpTW92YWpVRlhKRGVWbFgyY285S25MbkU5c0UybVUtLXpNd244cmRXNW1IaENKLWpWZ1J3RVJlR1FVQnpXY1g4SldtNFYtOGJZb0d3c01WMy1hZEZWelJwYmRQZjhBZ1dkdUlMUzdlLTFCSzdlankzeE9KdEdRZU5HRkxsYzdfdkRXZktMT2NpdlNPTDQ0MDRmWXkycnFUcS1oUDI?hl=en-US&gl=US&ceid=US%3Aen,Reuters,5 hours ago,📺 Reuters,"https://encrypted-tbn2.gstatic.com/faviconV2?url=https://www.reuters.com&client=NEWS_360&size=96&type=FAVICON&fallback_opts=TYPE,SIZE,URL",2025-10-09T18:40:07.812074
"Pictures, News Photos, Picture Slideshows & More | Reuters.com",https://news.google.com/read/CBMiSEFVX3lxTFBOeVZtdW5NOUJjSDVvTTEwTWx0WnhyLUVVdkNWZ2lkX19iOG5TMDZTaUNMNldrXzFySl9jcS1DQTVKZk13Z2FSUQ?hl=en-US&gl=US&ceid=US%3Aen,Reuters,"Sep 23, 2018",📺 Reuters,https://news.google.com/api/attachments/CC8iK0NnNUJUbEZGY2toa2NVTjNaRFZHVFJET0F4aVlCU2dLTWdhQmtJZ0NNd1k=-w200-h112-p-df-rw,2025-10-09T18:40:07.812076
At least 20 killed in Myanmar junta attack as paramotors widen air war,https://news.google.com/read/CBMitwFBVV95cUxOdkhWQXcyaE5CRlY4ZTNURzVGT3VVSUIwYTZKVDZxTThxUFVscGJzNnhWd3p4YjZ3VXVBdVBRWDBLdmU5RHgycEdnSnFZb1phMTA1QjJGWUNFQV90aUtXZlJYdzFnTkxOalVsa1VsdEFlQ19ybG8wXzB4X1lWR2pmZURJZ3RXVHBQcTVEUC0waExWSVVCX2pzQktLQ0pvckwxTFdQRnhYaGRIZmR2cFppNU9PT2VyTjQ?hl=en-US&gl=US&ceid=US%3Aen,Reuters,22 hours ago,📺 Reuters,"https://encrypted-tbn2.gstatic.com/faviconV2?url=https://www.reuters.com&client=NEWS_360&size=96&type=FAVICON&fallback_opts=TYPE,SIZE,URL",2025-10-09T18:40:07.812078
National Guard poised to enter Chicago as Trump calls for jailing Democratic leaders,https://news.google.com/read/CBMixgFBVV95cUxNSXJMWnJBdzM4YU9Yd0EtdUN6RG1xeDQyMlBQczNnXzVfTUtCaV85aWVXSkVDZUVsZmNlTU0ybjFTNnZHWWs4QnhKNnJSWVQzWTdMblJ4UURSZDdPV29NVmdHU3RkblNzUzdndUVvSFI5eW9KN04zaFhlVTRTYVRjdkFIVmp6VmpnQmJwSE42OXVoV2pmV0VBcU56YUcwODB1WjdCaEp6VEdVR1VvcWoyald4bVV2TGJuRFU0QkIzbGJLQUlSRGc?hl=en-US&gl=US&ceid=US%3Aen,Reuters,10 hours ago,📺 Reuters,https://news.google.com/api/attachments/CC8iK0NnNUhTVkJFU0ZCRFQyNXhiVEIxVFJEckJCanZBeWdLTWdZQmNKS2tMUWM=-w200-h112-p-df-rw,2025-10-09T18:40:07.812080
"Oil prices edge up on worries about Russian output, higher US demand",https://news.google.com/read/CBMivAFBVV95cUxQNWRzY1VPeFgyUHZ5Q2JJX2cyR2wwMkVYMjZtY1VBSkFLdVQyTk5pNm1BWWs3NHYwdGVtYm5tbUYzaEE3RDQxQWp5QU90WGxtZzdWOXJDRzVDLU5nZzIySUM0TEQzcmJ5VGZkNWZZRnZVaTFtbVpMbEdtNnFEWnZUWDZYUU50cm1YUUhKOFNXbUpKUkZnUm1kTGVkSEptejNEd3dkbmZtb1kzSk1OR0psckxRODF5SEhOZDc4eA?hl=en-US&gl=US&ceid=US%3Aen,Reuters,23 hours ago,📺 Reuters,https://news.google.com/api/attachments/CC8iK0NnNHdMVU5XTnkxWlkzWnhkMloyVFJEQUFoamdBeWdLTWdZZFE0UndJUWM=-w200-h112-p-df-rw,2025-10-09T18:40:07.812082
"In Albania's new UNESCO site, environmental worries abound",https://news.google.com/read/CBMiuwFBVV95cUxPb2hzVFNuTkJuR2JsRUdlVXlLREFaaWZsVTJHaXFXSGJjM0dsbkZveXc0bV9WbWhQQ29sOFNDODMxdkhNMzZZOUszSVNndDdvNlU5SVNLYkZhQW9yX21fU1lmTUE5TEhkMnVwNGYxN0M3dDk2aVZHMlZOMHJ6NXVfUC1CN3ZPSDlCZHgwaVA3eThpN2c0TnFFb0M2cTd3d28wT1lGTmc3ZWlHXzFDNGVQQmdwMlFCOHk1b3BV?hl=en-US&gl=US&ceid=US%3Aen,Reuters,22 hours ago,📺 Reuters,https://news.google.com/api/attachments/CC8iK0NnNXBkM1V5YzFwU1IwZDVaWG95VFJDcUJCaXFCQ2dLTWdZZEFJY0wwUU0=-w200-h112-p-df-rw,2025-10-09T18:40:07.812084
"France's Macron to name new PM in next 48 hours, Elysee says",https://news.google.com/read/CBMiowFBVV95cUxPRjQzdWNDbUowVy1vd3lZQzFJMVN1TDVCbzFuSUY3MkJEdE9pdk5hcmlVZ1ctM2dKNmdxMGlXNVRRcWg2MmFYcnBCak1qUEY5b0RNR1hIbVd3VWM0Skg0UHBTZlNrYmxhV0l6QlEyUU5vTkM4S082LXJoajdidDFxUEpsTi1IRnlqcXZEdm15cWVCQTFxRlN3eVdNazRtWHltY1RF?hl=en-US&gl=US&ceid=US%3Aen,Reuters,22 hours ago,📺 Reuters,https://news.google.com/api/attachments/CC8iI0NnNUlNRTVzVDNCTGRHNVVVakEwVFJERUF4aW1CU2dLTWdB=-w200-h112-p-df-rw,2025-10-09T18:40:07.812086
Have Russians set up a military base in my childhood home?,https://news.google.com/read/CBMiWkFVX3lxTE15V2w1QzNpQXl4THdwRHlneVdUeEVvOTZaaW9XZ0VZdDJvZjNPY1pCdWYtTHZUbGNBNGpGZklzRlgzU3k1S2N5ejkxRFlnZzltc2NfRFl2Zjd0UdIBX0FVX3lxTE8xZlAwa044N0ZKSjdwSjJxYkh3QVhoYXc2Z2VzRU1yU1RkampwV09POU8tWUV3OXllYWxkQXBVVk41b2NOX0NKMS05bU1heUZuSGprMEZNQWg0VkRPZGZz?hl=en-US&gl=US&ceid=US%3Aen,BBC,19 hours ago,📺 BBC,https://news.google.com/api/attachments/CC8iK0NnNWFjRzFvWmtWQlVFWjNRMUkyVFJDZkF4ampCU2dLTWdhdFlZejBwQWc=-w200-h112-p-df-rw,2025-10-09T18:40:07.812088
Glasgow & West Scotland,https://news.google.com/read/CBMiX0FVX3lxTE5FU1o0MmNKbmUxTXBMcmtKY0NhTVB3alA0RVJmVHpBNV84dDdNaHpvb2hTeWl0cldOTG9qSURFWl90YzFqOER4bGx6TS1XdUZJMG5reWdkaUgtOFBkRTlV?hl=en-US&gl=US&ceid=US%3Aen,BBC,"Sep 20, 2017",📺 BBC,https://news.google.com/api/attachments/CC8iK0NnNWlja3BpTW1oUWFtWTBSbGxEVFJEZUFSaUxBeWdLTWdZcFJvYnRxUVU=-w200-h112-p-df-rw,2025-10-09T18:40:07.812090
Jeffries to Lawler: 'Keep your mouth shut',https://news.google.com/read/CBMiV0FVX3lxTFA4WGNBWTdWVVlkV1RkVC1RMVJwemNSeG9DV2lvY0hLTS1KUlA0OXFORGZhVk9jSTlscXRJa1ZZMVZUT011M2RsRTVodktyZFJvTnpqcGI0NA?hl=en-US&gl=US&ceid=US%3Aen,BBC,4 hours ago,📺 BBC,https://news.google.com/api/attachments/CC8iL0NnNVJaM2hpWDFkbVYzZENObDlQVFJDb0FSaXNBaWdCTWdtUlFvNG5vdWxNU3dJ=-w200-h112-p-df-rw,2025-10-09T18:40:07.812092
Trump says Middle East deal 'close' after note by Marco Rubio,https://news.google.com/read/CBMiV0FVX3lxTE1zSVJxelhJSHNrRndMbEYtUkdaSXpUNnVtYnZvQUVrMTRYSVFTS0Z5dWsxTmRCbjI3VGN1SnRIaElMaDJtRzJPN3ZXSXp4VFRTTlhVT3VJcw?hl=en-US&gl=US&ceid=US%3Aen,BBC,21 hours ago,📺 BBC,https://news.google.com/api/attachments/CC8iK0NnNTFNVnBQTTFwb1dWQmpUbEpGVFJDMEFSakFBaWdLTWdhcFE1UnVJUWc=-w200-h112-p-df-rw,2025-10-09T18:40:07.812094
'It was like a movie' - How immigration raid on Chicago apartments unfolded,https://news.google.com/read/CBMiV0FVX3lxTE5DZ3VPaWJSaDU4LXJ6Wk5MbWdqcGU0OTRlbUVWQ3JGTlJRdERlVHRoaDFSTC1MQzJlUnFDWHlEc2psREk2Ql8tNEI5dlpsODJDRHpBTE9iWQ?hl=en-US&gl=US&ceid=US%3Aen,BBC,13 hours ago,📺 BBC,https://news.google.com/api/attachments/CC8iK0NnNUlTazVNVlVkYWVqQnlTR2xCVFJDMEFSakFBaWdLTWdZSkI1Q21FZ3M=-w200-h112-p-df-rw,2025-10-09T18:40:07.812096
Watch: Scenes of celebration in Gaza after Trump's announcement,https://news.google.com/read/CBMiV0FVX3lxTE5sVFZIY1QzcFBldlJHbFEtM25tSk91WUFDSUtOcjJlbWhBaUxwSXphMmJCU3hjNXVuRkpSbENEYWFwbWF2VVUzVm9waXYydHg0UlhtbDlobw?hl=en-US&gl=US&ceid=US%3Aen,BBC,14 hours ago,📺 BBC,https://news.google.com/api/attachments/CC8iL0NnNU1Nemx0V1ZvMFIxUldkV0pSVFJDMEFSakFBaWdLTWdtQllJcnVNR2FSa0FF=-w200-h112-p-df-rw,2025-10-09T18:40:07.812098
'Half my mind is still in Gaza': Evacuated teacher begins studies in UK,https://news.google.com/read/CBMiWkFVX3lxTE4xU0xIZUg4amZLakpFcWI2TTdXYzJzbkdGZ0FZMlg5RVAwaVRDcjBpS21KSUtkWE84WTNWNTIyOC1MdEtadmptbURHRmdhLXo4cmpaSURtVHZiUdIBX0FVX3lxTFB0cDZwWnEzMmVHWWJkeHRIWG1XZUk1UUVjYXZNX1BHMk5mbDIwYUpLamc3NmE0LXBIWTEyRm53Z3VvNVp3MGVBdnJ6cFVVSExFalQ3TVFSUURZb1JuTnNv?hl=en-US&gl=US&ceid=US%3Aen,BBC,19 hours ago,📺 BBC,https://news.google.com/api/attachments/CC8iK0NnNTRYM2hzWVVKNWFsOHdWa0ZqVFJDZkF4ampCU2dLTWdhQmc0S09NUVk=-w200-h112-p-df-rw,2025-10-09T18:40:07.812099
Norwich school makes Harvest Festival cereal box domino run,https://news.google.com/read/CBMiV0FVX3lxTE41bndOX0REeFY4MGVEb1ZCWVVlcjFKbjFUbVI5VjZEcnBIclJnckVuS2lSY3dKUTIxUGdVUmNMZktyWTEwdExWdHhQMkdoVXhTTTIzOWRXbw?hl=en-US&gl=US&ceid=US%3Aen,BBC,11 hours ago,📺 BBC,https://news.google.com/api/attachments/CC8iI0NnNUJUek5tWmtacExVcHRObWRSVFJDb0FSaXNBaWdCTWdB=-w200-h112-p-df-rw,2025-10-09T18:40:07.812101
Man charged after drone halts flights at Edinburgh Airport,https://news.google.com/read/CBMiWkFVX3lxTFB1SVpRNUdtRUdBRGdnM0tzeFhlYmY3bHJjY3RVc0FuNHgxVTNnMFdUeTJSaFFSSkNEVkxyQzJUN29ibTdORnhRQnE0cnBYeDNsZ1dXbC1iMjNsUdIBX0FVX3lxTE1mTVlkek9tWGlRQmlqS2VFbDRYZ18xdWs4RThsM3hzUUMyN2JyUVNJUENyMmdvekJhSXpBNVg1b2dPd1Q1SUhKc19OZlVrbGVRZmZRaFdiTFBzbVRzS2Rv?hl=en-US&gl=US&ceid=US%3Aen,BBC,2 hours ago,📺 BBC,https://news.google.com/api/attachments/CC8iK0NnNDNUVVZDWmpaMlFVRnBlRVpWVFJDZkF4ampCU2dLTWdZQnNZU3h2QVk=-w200-h112-p-df-rw,2025-10-09T18:40:07.812103
Europe worries it’s already at war — and America hasn’t noticed,https://news.google.com/read/CBMilgFBVV95cUxNNTRWaHdLaTBOcmRrUFBzUEZqQjM3b1ZDSGRSSUt3ZnlnN3p0cjhaSmlmZ1RMMzdqRHplTmNNRk1GNWhvbFB3ZzJ1MVlZZ3NGdDN5WUlQTzlDQ1BDOVZKaXBzeVEwd2RtcUZZYWo5dDlWYlZEZU1JQUk1S19GckNxYWNkMXlMd29NMnNITmFrWTg5SW5RbWc?hl=en-US&gl=US&ceid=US%3Aen,CNN,14 hours ago,📺 CNN,https://news.google.com/api/attachments/CC8iK0NnNU5VbWhMTkZSTFR6RmtWMlJ2VFJERUF4aW1CU2dLTWdhWkFvajFoQXc=-w200-h112-p-df-rw,2025-10-09T18:40:07.812105
North Korea’s ruling party turns 80 this week and all signs point to a major Kim Jong Un celebration,https://news.google.com/read/CBMihAFBVV95cUxNajhHU0piWnN3TjAzQjVFa0dZaDJoR3RMZFo2blFfeU9mdG5yaGdSLVMzdGdDX3Bwa2FsaXo2WGstMVZFdW92Y2RSZ1dTVF9CdWxGV0NOV0JwbVJuM2FmY3VnMHB6TDk2VWFJQTVwczZqU0pkcDBoQ2pxVV95bng2NDdZcEo?hl=en-US&gl=US&ceid=US%3Aen,CNN,17 hours ago,📺 CNN,https://news.google.com/api/attachments/CC8iK0NnNUxVRTEwUVhSUWFrbE9Nek42VFJDZkF4ampCU2dLTWdheFpKU3ZxUWM=-w200-h112-p-df-rw,2025-10-09T18:40:07.812107
"Breaking News, Latest News and Videos | CNN",https://news.google.com/read/CBMiPEFVX3lxTE5ZOG45NUhZNzhWc1hXX0VRbnNCOVVPSmVzYWdqci1hQ3VQdG42ZzJuRmVXMThHc3Q0SkpoVw?hl=en-US&gl=US&ceid=US%3Aen,CNN,"Jan 3, 2015",📺 CNN,https://news.google.com/api/attachments/CC8iK0NnNW1hbG94YWpkR04wZFpiV2xUVFJDZkF4ampCU2dLTWdhQllJNnlPQVk=-w200-h112-p-df-rw,2025-10-09T18:40:07.812109
Jeffries speaks out after confrontation with Rep. Lawler about shutdown,https://news.google.com/read/CBMimgFBVV95cUxQYUhQQno4YjNCbjc2bWxpYktGYXZzcWd4dEszTG9oM3lqbngzZ1pIUVVrajAxZHB2eTZBQ0o3dm1kN29OUXIzdnlGY1VFNjVrRHd5S1BTbThiRnZjQS1qMGRpU2ZUWm5qVVNfdFU2T0Q0bHVWc3RoT1hITWo4YTBYa1JiUG5sNDFzNmhBT1VTR1NBM1VfYzgzZkJ3?hl=en-US&gl=US&ceid=US%3Aen,CNN,5 hours ago,📺 CNN,https://news.google.com/api/attachments/CC8iI0NnNU5NRjkyV2pOTmRFaHFObmRQVFJDTkFSajZBU2dLTWdB=-w200-h112-p-df-rw,2025-10-09T18:40:07.812110
5 stories to start your day,https://news.google.com/read/CBMicEFVX3lxTFBXcUpyeFdMWkNzQS1IVUpwcDQ2allWOEJNbndvWWlBSXNuNDdDYnFlRGdOb0VOYzh2M1VtQUpuYURiTmtKZllGLTJmLVdJS3pGa3Rnby1nUTNWZmpFbUx0Y09iRGNoWUhrVGVBY3RqdkM?hl=en-US&gl=US&ceid=US%3Aen,CNN,7 hours ago,📺 CNN,"https://encrypted-tbn2.gstatic.com/faviconV2?url=https://www.cnn.com&client=NEWS_360&size=96&type=FAVICON&fallback_opts=TYPE,SIZE,URL",2025-10-09T18:40:07.812112
Taylor Swift recounts Travis Kelce’s mix-up,https://news.google.com/read/CBMimwFBVV95cUxNVTFTSkwzX2dHOTd4dWFhSG54dUpiS2hCQ2JCNmNIQjU2WVlDU3l2YzItSko3bTlwWEVMQ2dhdWE5dWFpbFU4UUgzOTRRRWY5QTBQR2RJUmk5ZUdRU25GNnBQaWxCRjd2THRYMXIzUHN6eFo0LXFpWXNVbnFQdExhdFRLeHRCdkpmZ19MWGRjd2FRMWlQY2N0dXJRRQ?hl=en-US&gl=US&ceid=US%3Aen,CNN,8 hours ago,📺 CNN,"https://encrypted-tbn2.gstatic.com/faviconV2?url=https://www.cnn.com&client=NEWS_360&size=96&type=FAVICON&fallback_opts=TYPE,SIZE,URL",2025-10-09T18:40:07.812114
How Taiwan quietly became the world’s top buyer of a Russian oil product,https://news.google.com/read/CBMiogFBVV95cUxNRHF0YXBnSUxIRzdYOWExbDVwVjlod2hZWUhScFlZMUwyOGtub1JNLTBHNFVzaHFnNlFpQTVDQ3puYmluT3k4RFhqY21qM1gyU1BxQXVNR2hrU3E4WTdCOW9BbTI5ekdqTHFqcHVKMTVselRnSVpVSFRyVjdHYl9mUkx1VHBsVHVoZkltM1VCd09pdGZteXJhRm93dFo2RFU0UUE?hl=en-US&gl=US&ceid=US%3Aen,CNN,10 hours ago,📺 CNN,https://news.google.com/api/attachments/CC8iK0NnNWZRa1JEU1VOdGR6UkxWREpLVFJEakJSaWZBeWdLTWdZRk1JQ0tIZ28=-w200-h112-p-df-rw,2025-10-09T18:40:07.812116
"Sending in the troops, dust devils on Mars, world’s best bar: Catch up on the day’s stories",https://news.google.com/read/CBMimwFBVV95cUxQYzB1c0tsTTJIZXFvNmR6NlE3YURVMVlyUWIzRmdwbmx4b215akNHUnA2bFN3LXUzZkxFQjRzeVJTQU15WDFtakJiNUhSNFlBZGdJTWU5RFNVT1RPZ2x0LWdiMWIzT3JwMV96U1NHR2VnckJoZk0xZFRjOUFfM0NNWVJJaTVtMEdMVWpDSmlESXg4SjlZOUxGek9URQ?hl=en-US&gl=US&ceid=US%3Aen,CNN,21 hours ago,📺 CNN,https://news.google.com/api/attachments/CC8iJ0NnNWllVkpPVDFOZmJGb3hhSEp2VFJDM0FSaVRBaWdCTWdNMTRBSQ=-w200-h112-p-df-rw,2025-10-09T18:40:07.812118
The home run of destiny: How a Seattle Mariners fan manifested Cal Raleigh’s moonshot,https://news.google.com/read/CBMiwgFBVV95cUxQUmFxd3NqT19UWlYxeFRMbGRPeS1IUGVTV1I5M3VNdGxqUWw2WHBsNVc1U3VTOUF6dTlSaHV0Mk1TV2VienF0Y1UxLWg2RXVua0lsdHRJYWlYalFhWFhieVdyT3RMMnUzMHBoM0h4eE0xc1RTRzhsT1ZlUmhzR3lxN1p0bGNzdFVrVnVmLVMyRzZQQ1NNeDJpeUY4aUF5Zms2dFBWa1NrUHAybTJLN2QyOXBEd2tSNFBqMmpZVXN5cUJKdw?hl=en-US&gl=US&ceid=US%3Aen,CNN,20 hours ago,📺 CNN,https://news.google.com/api/attachments/CC8iK0NnNWFaVlZ4TFdSQk0waE5TME0yVFJDZkF4ampCU2dLTWdZWkk0SkxtUWs=-w200-h112-p-df-rw,2025-10-09T18:40:07.812119
Russian Drones Turn the Streets of Kherson Into a Civilian Kill Zone,https://news.google.com/read/CBMiggNBVV95cUxNN2hCUFlqMXkxTmdIRmNlSW50b2RjN3VJbVV4LVNhdnA0aklkYXppckF3ZjdYWnRxWlZPUkdyeVQtNWxnT285a3d0MDNRWkhKNEpueW8zaXo1RWdYZzd1aUxORFU2TUJvaGhSR1lZaXg5MUwxZGlxTjQ0NGZTSnhFRHE1dWtUY05Iam45MTVxamdHbi1JSzJ0elpZenhZQkdGZU9BbVVzeUpiM2pzeTB4OWs4UjJ3M0QzcGt3dGsyUC1BQTZhVjgtTTBvMklXU3hmSnJINks1SE5FYVlrNVJoTnRSRFJaMmNuZVg3bGVwNEhxM0xvZmQ1a19vd2M2QXhEQ3NadnV2TjZCN2Z3TkVad2ZiWHJQeVg3WENTb1U5UDVLbHVhS08xWWd2aW15ODl6TmxON2JXVFVtN0FwWEtPVkNEZ1JlVGxGN3NMTjhVODlmenBiN3hBRzNVUUtTR01mOHZ4b3g4Z2lQblhRcVhydkZrRHJrMVlwa3loUFRqREhGZw?hl=en-US&gl=US&ceid=US%3Aen,The Wall Street Journal,16 hours ago,📺 Wall Street Journal,https://news.google.com/api/attachments/CC8iNkNnNWlNMFk0Y1VkM1lqSmtaVzVHVFJDZkF4ampCU2dLTWc0QkVJTEFEaUVzYWJuRFBFcGxMZw=-w200-h112-p-df-rw,2025-10-09T18:40:07.812121
China Tightens Grip on Rare Earths Ahead of Expected Trump-Xi Meeting,https://news.google.com/read/CBMingNBVV95cUxNU1NSSTRQY2RxVW40X2ZkcUx6bXg5Z1A0eWI4QkNURjRETHZlalBENlROYkE2Rno3RWJocnFiYUxrQml5R3pXT19qR2JPVkpXZTNwci01bk9udWVKc2tlLVhrMXI1cHdLYWdMcGxMMFFoZVptZ0VwMTJ4cDRlamg4MG9kaEd6cFNuSDVvSkYtOXF3THZ1ejZfZlhVbEh3MkFac0x6UXd0bVZydXM3aWdZaENzNEprNFJWRHBoTGhGMnFUdjA3a2xJQ1ZyVkxTejZKbnVXZmpLQVVzTDR6UXhWclRHSjRMMzZna1Vnd2dzMHNVUEVUUERnRU1oYnltazZvS1hrNWtrdnNJZlk4Y3pBelZqNkdCSWU1dDlMbVliVmlEOFdOUHBXcXlSU1BNd2Q5ZVo3Yy1XLVV2SFE0Ul9zSXJnZWR4R0RqS2JjdHZYc1dCQlZYVnJmVS1LaEl5bW5mSnJzalk2MTBhTWRVejdMOGVKTDhyUjNrSzh5S2VsYzdTRlg2V1JYa1cxQS1LaXlMMGYybjhfTTZIc1dOckE?hl=en-US&gl=US&ceid=US%3Aen,The Wall Street Journal,7 hours ago,📺 Wall Street Journal,https://news.google.com/api/attachments/CC8iK0NnNXZNMGRyWm1neFFYTlhZWEZMVFJERUF4aW5CU2dLTWdhRmc0b0x1Z1k=-w200-h112-p-df-rw,2025-10-09T18:40:07.812123
"Bosses Are Cutting Costs, Just Not the Private Jet",https://news.google.com/read/CBMilgNBVV95cUxQMXJ6SmIxSk1xUklVSU05bEtlVTlydk8wb0EyaWl0QWU1M1RGS0xBNU5iSVRETWJfWDA3bnNKZkN5SGY3VUlwYlJYbEE2MGphZ2VhUExjZFgxVjdPU0gtdUU5LVBBaHhnQ1RZOUVqQzViV0EwZFFmNFF2UzA5b0ZRNlhQN0k0NUttQVdJSXZBSVlodmlSaWF2MnhsSVVSLWlRMHFOU2MtTHkxMTB1SmRnMUNqY1FhQVdMYW1ucF9pY0JMX2IzSGdHbkw4THgzX1laQkhacG1wMXdmd3VTdlI1c2RVVU9rUDhud216RVE5T1kxU0FkZ2lMblV6aktLSk1NNTI0OHZjUHRJVVdxc1Fvam93WWt5TUROQ29lSzVlSHo2N2liVEg4RW92RzM0VnlnRjUyeWpuYTRTVFZYUEhkMnl0dHlGZVNpSXEzWEZDQlNmMjFPeW1wMlQ2X29mTGF3VkxSWUxVcG9IQWNjcWRhb012N2FzaWNWck5kTE9VQUs2bFBLSFVTenduM0VnQzNLRjJVN1NR?hl=en-US&gl=US&ceid=US%3Aen,The Wall Street Journal,17 hours ago,📺 Wall Street Journal,https://news.google.com/api/attachments/CC8iL0NnNTRVVUZwY3pJeVMxOU9jRE0wVFJDcUJCaXFCQ2dLTWdrSlFwRFVvT2lwandF=-w200-h112-p-df-rw,2025-10-09T18:40:07.812125
Exclusive | Republicans Caution White House on Inflicting Shutdown Pain,https://news.google.com/read/CBMirANBVV95cUxPUUt4dW4zRmtOdVo3alZfd3AyS0lqQkFxTVRJM1dOSEFWMzNvM0NoRnM4NC1zMGRPYnFxN2NTVUROZjI0ay1LZUtHcmE1R0VoUWhTRjJqZ1Exb2s4UjFDbHBBeHZLNy1uRzBmd0t6SzBERnBOMDdsR0xBNlB3NXNYWU1tVTVEM0piS25rUWp4TE92V1BkSWJiSnRLbFJ1QjdQYmNmZEJlYzZKejJEaTBfQlhtb0VJdlhsdm9wbmtCVjJISk1KdmtZS0ExcFBpaVFQa0xOV0xNUU1YR2htUzFLTzlSV0RlX3F4RWV2YVUxNzF3NnFIbGZRRzJmZzVlenZkQkNMY3U1RUF6bEtzZG9RV1BOOWQzSDFUZU11ZlRBb3AyUlVIZHE0TGFmRVg2RzNoaWZxLS1Oa0M2S2NMMjhuZlFBcGN3YkVDSXczSVE2QW9OUVRrRzVIS29ubkRiTkRPQTNQTUN3TEpxVlZGV2tYak9wcUhZOHdVNmhmd19ROVNwMWUyejM5ZGV4MTRoUkcwSWFXUGxNdWJaNUdQMDkycWcwSTltOXZvbkt6aw?hl=en-US&gl=US&ceid=US%3Aen,The Wall Street Journal,19 hours ago,📺 Wall Street Journal,https://news.google.com/api/attachments/CC8iL0NnNXlRelpmWjNCcWNYTTNUVFU1VFJERUF4aW5CU2dLTWdrQk1KSWJrT3JBandF=-w200-h112-p-df-rw,2025-10-09T18:40:07.812127
"WSJ Opinion: The FBI, Senate Phone Records, and Jan. 6",https://news.google.com/read/CBMi5gNBVV95cUxNWVp5QlRUNjlwYzVVWUpSbW9ITFNKZllTVmdpcEMxc2NpdWlNNWNYS3dFaHhDNnp4d0EtVHBfR3YwM2Z2UkJzR09DZzlsQ25xdGlIODJxV3hUV3REMEdaRktJanNWWlU0bm1sY3g2NDZ5YWxSMTFGbWZ2eDFhT2wwUHVBbm14azI0TjdiSi0tb29FTzJWc2tJMWlRNmVxUU5KeFJxbWlLMkdoQU9TRHZURHRPYXlkOGxmalF6REdtdUVJVWtBVkdJWXBlaUhXVWhOVnpCeFR1ZHFYdmdYa04tczdoWVpDNGM0YlpfWG4weWNpQWJlXzJieXdPX1VadDNlb1VSR0lTbVhkblVnTmZXeG5hT09kb2ExWVdXc0hNdTY1V1luUnFuX1FJMXl0Mi1FRzFYNjlna1BGS2FGRm1vRXVSWUxUWGZWaUk2VmJWZVNSWkoxQ3hidlZLLWZ3QUVmQ21hMzNIRktHS0hNMjVTS20zZFpNTGlHdVpsOUp3b1FOSlBiSnVST1BLOFc2Qkt6TVJZbF9WM2xYdnB5M1puSERFcEhpTWNUSTJGQzMzblNSVlE1dkRsWjJweVdQT0pUSnRtdlh2TFlJcmt5T2Qxcy1RYnBmZllXVFdQOWZKUlI3bUwycVE?hl=en-US&gl=US&ceid=US%3Aen,The Wall Street Journal,18 hours ago,📺 Wall Street Journal,https://news.google.com/api/attachments/CC8iL0NnNHlWRTlLWVd3elFVaFhNRkk1VFJDZkF4ampCU2dLTWdtQlVKWURvLWdsS1FJ=-w200-h112-p-df-rw,2025-10-09T18:40:07.812129
What’s News - WSJ Podcasts,https://news.google.com/read/CBMi1gJBVV95cUxNR3lhNDBITURQUjUyS1ZyRTU4UWxWZmxXMTBweTVjTXNCTUJnM3ZyaWpjVC1Rb1doS0dEVjI3Snd0VVdvYzVrSzhZYlY5Vmg0bnZ4Wm5oMUdQa3gzRF9VWlVjdW55Y2dzR2xzdlp0ZDJyOV9JRGc3TzFGaUpKNi1VVWJDdzlPRGduOVhlVlpuNkJ6aU1mOGJmdE1lRFA2ck05bGpYaXFMRTdYcENhYUozbWxlRjBDMHZRUUZsalhxQ2dFOFVpV1lfN2g3Y0V6LWZEQThUVlpvV2xacmNJVXV3SU4tRDdOR2pYYW04TEx2aWM4OVBLV0pPQzJDaWxJQkdLa1BWbFpLQktrMjVkYWRKa01IV3hXNk1Lc2dRWmZaVzJRbE1IaGlDWkZDNzNQTWQxNnVpNjRCb0JTRGRQQVFoVVZPZDJxOEtfZ3YyQlNBWjVuQXpHcXc?hl=en-US&gl=US&ceid=US%3Aen,The Wall Street Journal,"Oct 18, 2018",📺 Wall Street Journal,https://news.google.com/api/attachments/CC8iK0NnNXVPVGxWZG14M1FsRTRhbFp4VFJDcUJCaXFCQ2dLTWdZUlI2QkhuZ2s=-w200-h112-p-df-rw,2025-10-09T18:40:07.812131
Eric Ashley Brock - ONDS | Ondas Holdings Inc.,https://news.google.com/read/CBMilANBVV95cUxOQ2ZhWlhKemdhcUM5NHpWM3R4eG05RVdJVENVWE5kSUQ3djFUa3lXMlk0M1JxS1RIb1NRdDg0N1ltQ2EzSC1rM1BGRE1ETHA1RWR5YVg2NEFSSmVCdUo1VGVZWF8yeEo2Rl9IRVNZN0JfbkttaDZ0eXloN2MzNzExLTRkUDZtcHBrd2hKNUNnSEVoRTFhR3M1aUZvTlk5WE1aWjRkbl9LZDhIcG9IZHl4UjhCNU9sdnpZZ1JQRXBHSGpubWp1MWQxcEFSaXB4bnRrS09xal84d1N0d1NuOHRPS21sQ2RKc2ZPdWtiSFFGQXk1Vnp0MG5ueWtEUmVfQ2hoRzRkNWtHWEJaM3RlNGlFWTgxazc5VHFubDAtNUpTRHJLWUFyWUxrVE9DWEJiTUpXQjVGOUxhbFZ2Rm5Wc2RpWVhVM2dWM0J2N1puTDhDWC1rbjl4cE1hZlBKRkR5Q1N1OU51b2FZU1h2akVmSDhNeXNBYXkzc2lnSmUySGtMWDFCOWRtOUNmTEtyZW1HM3ZEOW15Zg?hl=en-US&gl=US&ceid=US%3Aen,The Wall Street Journal,"Jan 31, 2020",📺 Wall Street Journal,"https://encrypted-tbn1.gstatic.com/faviconV2?url=https://www.wsj.com&client=NEWS_360&size=96&type=FAVICON&fallback_opts=TYPE,SIZE,URL",2025-10-09T18:40:07.812133
WSJ Reporter Breaks Down Gold’s Meteoric Rise Through These Three Charts,https://news.google.com/read/CBMi8wNBVV95cUxQNjh6enZka2puU1ZJOEVXeGlZNUx5dm45WWR2d280Y3dDSy1yWUxLV2w5UHUxUnFhMVg0RXBrdlpDa3lveDFTeGZGYXkzTEVEb0oxUTdGQzZidG9XRGhlVDVDSGNJcGFKUkE2WGNRamQ0eFlHV0xaU1hJUGlzODJWeWRQVzA2M2ZZY2owbTdKZ2k2ZHdXTHUwWTdLWGhlTEFTa0Y0T3BiRTBqTW5MQmVnVVNqMFZRcExSZmFXRFFTTlV5cFlXRkVRQzJXMWE3aEZXalNvM01VdmVQaTZYU2lEZlkyMHBTV2MyaXF0akxLYlU5Qnk4NzY0a2dZMnJmc2FLTlJTY0FzVk5nQ0NiSjd2ZmxwVE11ejM3andvMmd3LWs3NkdMbUJDM0JkS2FIc0pXc0NiWVBTTzlhclFEYmJvRk9iNngtdXBiejdESWlSRnhSU3B4RlVnbnFXcmt3bm1pdVZJcUVwb21rTFdXTTR5TTVGcUlBU0N1dzUzUHNPNFg2c3hKVHNULW9lM1lzbk5GM0lPYmMyaFNta1B4UFMtclluUWtMbFRyWVEtcnRKemh5c0NsR3U2Z3NwNUhMbGdkamtjUUttVjhGTEZ4Qy1rUWx5MkRQLXRrUTJwcC1sbDIxbEdRVTVNeGJQbS0zZzJkZ3Zj?hl=en-US&gl=US&ceid=US%3Aen,The Wall Street Journal,10 hours ago,📺 Wall Street Journal,https://news.google.com/api/attachments/CC8iK0NnNWZRME5ZU20xNFZqWkdYM1ZFVFJDZkF4ampCU2dLTWdZTmVaU21yZ2M=-w200-h112-p-df-rw,2025-10-09T18:40:07.812135
Putin Admits Russia’s Role in Downing Azerbaijani Passenger Jet,https://news.google.com/read/CBMirANBVV95cUxNSzJtYTZxRlo4eG9YbEFEdEZ0QTdQbFVEd3A2MVVkRV9HalFXc0kyNTFTNlhZR1pUWEcxYlllcENqRTdNSVQ0MURsVHk1N292YXIzRjZKS0JhZThjYm9fTGJoUXFyRVRWRkcyVWY0SzVoZDhGN01JeGxZY0VRZjBVeFpzQ01sRU9DZXRqd0NOUDdNLWNCdTQ2a3A2V0pfUExDY2MtS19oZlZfUjkybm5mbUFYSnptWjFwblFxLXUyTXZsVGNYVVBSSURWZ0pYSzFSMG9RSWhKRWxWV21MVGowQnZib3ZiR3VQN0ttYzRTREZ3MUprUTd4Y2d6b1NLNmdTOXJpRUpZaGJSZFVIQzlDTkZ4WjFwQ1gwVnpDZ0xuczRaRDlUOGtnZ2pkUU9DZGtmVU9XUjZlU18zcFZaTHlSX1ppRk1DbVV5bkExWTNfQXF4NVlSR1NwS3BMak84M25oRzZZYzdSSWg4WnRHREJfUTY5aUhHZEprSnNoeHNSLWItcTNNaE13QXFicVBCMGlCb0VlMk40M1dRcklycC1QOHMwWHhjSWRPTThiYg?hl=en-US&gl=US&ceid=US%3Aen,The Wall Street Journal,1 hour ago,📺 Wall Street Journal,https://news.google.com/api/attachments/CC8iL0NnNWlObVpvWDJaYVFqVm1NbU0xVFJEVEF4aVFCU2dLTWdrQm9JekZ3Q1c1RGdJ=-w200-h112-p-df-rw,2025-10-09T18:40:07.812136
Andrew Lloyd Webber's immersive version of “The Phantom of the Opera”,https://news.google.com/read/CBMi7wNBVV95cUxORjUzeW1PWWs1VEFPNVN0ekNqZ0dQRlY5ank2Q0lJX2JCQzFwOUYtYTlUSkZRbEJpNWNCN2tMRmRXX1ZiYTA4aldFbjAxQjhpWlRQbXgweTJIdXltZEJpVzhESHhDT0hocWxFX2JDVEJlLXg1RFJ0MjhxQ3J3RHpKM0pob3ZXNWxBR2VwbE1XMDJDNG9fSDFvMkEwa0dTR1o3alZwanRmb0hablBKTmVuYnZpdTRHcTZyV3g1YVRQeWJiT3piY21GQmRkQVgwTXBaX2hzVFhBdGNhUHo2RWdlQ2c4MXd4WE1pZkd1dGdHeFVaTWdwdVY0cnF0b05aaEEtZ0VhbUgwZzkzMEJ3NnhXcEJJNG1PNGZ2N2p5Y0w5aVRYWTloekV4R2ZiTUp1ZGIyU3lIc2NnSzBUNldPV0owVnFSSnNwVE5ETUlxT3hIbWtudmxvaDJCaS0xSnJIM21OYm1LZ2Fab0FtUUVaNlZRVHNmdmhUOENsc0xDTVJzU1JHVDFEb3BQd3JYeDFxd05tcDFUcjZNWDVhenNfWFJKbEpQaHhVVUt3bzVELUZxN1V5OGV6aWt2Y2hXd2Nicy1xS0lWaFFuSHBucjN3aG9wN0F0TjFVNnpLRDZWTm9tMWFLUFpsbE9sWURaZ0RWRVk?hl=en-US&gl=US&ceid=US%3Aen,The Wall Street Journal,3 hours ago,📺 Wall Street Journal,"https://encrypted-tbn1.gstatic.com/faviconV2?url=https://www.wsj.com&client=NEWS_360&size=96&type=FAVICON&fallback_opts=TYPE,SIZE,URL",2025-10-09T18:40:07.812138
A 754% Rally in Drone Defense Firm Lifts Australia Small Caps,https://news.google.com/read/CBMisAFBVV95cUxNZXpQRzlBblZ1X3dTNWlTS3NEbGQzb2hsSjdFd0FRcW5BelhSOTFQX3BVc1pTR3V1Y0QwamdkNmNYOWkwSzFQZzZPZElKOEoxN1VVLU9zb2RoU0ZMSDBYQWJxR0dQUl9ySmZzV1hZQVJpeGhmRnhaY0ZuLUZiYjYwLXlzU0JHTUdjbm1GWEQyMEtpcXJxSDhQUHJ1MlRWc0JDZjhEX1JMUHZZSTk1M2huRg?hl=en-US&gl=US&ceid=US%3Aen,Bloomberg.com,20 hours ago,📺 Bloomberg,https://news.google.com/api/attachments/CC8iL0NnNVNUelJpV1dSdWVHdFRRVmRZVFJERUF4aW1CU2dLTWdrQllwRE5LV2k1REFJ=-w200-h112-p-df-rw,2025-10-09T18:40:07.812140
Putin Is Taking His Hybrid Warfare to the Sea,https://news.google.com/read/CBMioAFBVV95cUxOazNycXFHb21vUzkzaFFUbEtnUDVTMExaSmFfbV9pSTN5Rl9ZbGc3RmhVcmlCOHpqeE9ERmhNOVdyRG8wTXlHMXpQZ0JGd2trdTR2bmJwZjZ5S2QxMTM0S0sxUkx2NU5VelZoOTZKWE5PZ0xlUnFyUE5aRlB2Qk9QYm5nWW5qMkliZXZFUDJnNU5YVHFpM3M2dHFmLXFhcXVX?hl=en-US&gl=US&ceid=US%3Aen,Bloomberg.com,15 hours ago,📺 Bloomberg,https://news.google.com/api/attachments/CC8iK0NnNVlTSGg1Ym1RM1pYazNVVFpwVFJETUF4aWFCU2dLTWdhQlVaS0pLUWc=-w200-h112-p-df-rw,2025-10-09T18:40:07.812143
Russian Strikes Knock Out More than Half of Ukraine Gas Production Ahead of Winter,https://news.google.com/read/CBMiyAFBVV95cUxQblIxSDN6cXk4amZqeDR3QU1iaEpZNTNKS2hvanE5MmR5b2JwLXNhRjBmOEhpaVR3NHppemN3b3NQZWxuWHNaVVVGc19OeGJDd3ZSNHlDUk9UVlZsYWdxYnJOT3YtVW5uYzlRMndEYnRGYUF4aVV2bEdxMWFlUXBGTFZOdEpBc3prOHhwaU9fSGp1NjZWWUdadENTVlVYc1RqU2xZUkY5VTNRNDRqdk9lbUFuZ2lGa2xBWTBtZDRhUndKM3RHUmg5Vg?hl=en-US&gl=US&ceid=US%3Aen,Bloomberg.com,10 hours ago,📺 Bloomberg,https://news.google.com/api/attachments/CC8iK0NnNW5iRVZSZFhwUVdYTjFRVk13VFJERUF4aW1CU2dLTWdZSkU0ekpyUVU=-w200-h112-p-df-rw,2025-10-09T18:40:07.812144
Chinese Units of US Chip Firm Sanctioned Over Ties to Iran,https://news.google.com/read/CBMirgFBVV95cUxQRm13ZW1hNEo5VExxODZvTUlqeWg3VXYzblU3N1JKWWVKczVrNWk1TGFmSVJnQzh6UGh3QmRYRm9IVlF4dTBhQy1scDd4Nmh2cDBIMjF1Rl93VE4zX3hHcDFBWVE3OGJ4TjNkUmx3b09sZUNhQTRzLTZTRDJ1NDRUUjh5SHNNVVV2Z3laUDlnMUFfM19fTElBTXJWNGVvZFBiaFlydThja1B6NE1PNmc?hl=en-US&gl=US&ceid=US%3Aen,Bloomberg.com,16 hours ago,📺 Bloomberg,https://news.google.com/api/attachments/CC8iK0NnNHRWM0ZVV1hOamVVcG1hVXAzVFJERUF4aW1CU2dLTWdhZFU1Q3NwUWM=-w200-h112-p-df-rw,2025-10-09T18:40:07.812146
Oil Gains With US Inventories and Global Supply Outlook in Focus,https://news.google.com/read/CBMinAFBVV95cUxQNXZkcmVaRTR1aWdzcU1vVW85ZDZSVGo2MWlXZ1Bsc3hwUmdueTM1bUEwU3FXb1JlblBMa05Bd3NNU2JHV0MxM1pqQS16QUcxRVd0VVdybnE2QnhROFpBS0NaMTUybXlTRmJKRGZKTnVOMEVtdmR3Q3JQZGRPeW01SGdpdHFNZHZrLXZiRUtoaVpSSWdFcHp2R0JwQzE?hl=en-US&gl=US&ceid=US%3Aen,Bloomberg.com,23 hours ago,📺 Bloomberg,https://news.google.com/api/attachments/CC8iL0NnNUxkR1phWTFnMlZuTlVRVGxCVFJERUF4aW1CU2dLTWdrQlFvVG5LYWRNOUFB=-w200-h112-p-df-rw,2025-10-09T18:40:07.812148
China Blacklists Researchers That Exposed Huawei Chip Secrets,https://news.google.com/read/CBMisgFBVV95cUxOVTVvQlAwNzd4cE8tX2FmOFhJUFVFSU1jcWF3dGtua2ZPS0pQYUd6WHRpZzFXX2FXYXNIU1NpSndXVVBxaVlPNEUzQjNpZUxuUjdiS3NicTJhdGpuemZKYW15djFzZVp2MzdLdElyTkhEaWk0Q3QwQzJpV3BrNVhoMm15cGh0aDhIbHcxM3RLbnVkQkRRS3ZBbUtXRHRob2MzdlpEUUx1Uk02VGdOVmpDa3FB?hl=en-US&gl=US&ceid=US%3Aen,Bloomberg.com,5 hours ago,📺 Bloomberg,https://news.google.com/api/attachments/CC8iL0NnNVpXR3c0WlZWQ2RVMXdVblV0VFJERUF4aW1CU2dLTWdtUkFKVEpGS2lLWWdN=-w200-h112-p-df-rw,2025-10-09T18:40:07.812150
Putin Admits Russian Missiles Caused Azeri Jet Crash in December,https://news.google.com/read/CBMitgFBVV95cUxQMm9Oc3NUUU5GRjZGRGhwYlFSNkhxWDRybVdGT0dVUVl6TUdJaDJldTdtVnlUaVNhRm9XeWhUMUJGUUJEa1luN1lPTUtnRGdBT2syWWFUdG9XUDcxYXRLUXBsZ2xVWFhjVW5qN1NRdWdFT3VhV2pNQU90ZVVWQm1Ia0JTTVNJTVZhZHBDSXY5XzdtVVMtRVVKQi1acHI5Y0VENUZZSDNZMHllcl9CbUVJd0JqN3RNQQ?hl=en-US&gl=US&ceid=US%3Aen,Bloomberg.com,4 hours ago,📺 Bloomberg,https://news.google.com/api/attachments/CC8iK0NnNUJjV1pDVDJJdFdtVnRWVWhaVFJESkF4aWZCU2dLTWdZQjBZaENSZ1U=-w200-h112-p-df-rw,2025-10-09T18:40:07.812152
Bloomberg Europe,https://news.google.com/read/CBMiR0FVX3lxTFB6UXBGaGRfUlBYN2lYVC1ZYlVGQXNYaVAxcXRKZjZoSlMtQm1RQ3BNd0EwdGFYbkw0WW5qQWoycWdHcW50NGo4?hl=en-US&gl=US&ceid=US%3Aen,Bloomberg.com,"Jul 8, 2015",📺 Bloomberg,https://news.google.com/api/attachments/CC8iMkNnNXVkbUpmU0dKQ1JEWTVkemRrVFJEaEFSaVFBeWdLTWdzQkVJekFFYXFLVVVsTGtn=-w200-h112-p-df-rw,2025-10-09T18:40:07.812153
Putin’s War in Ukraine Is Breaking Russia’s Hold Over Its Former Empire,https://news.google.com/read/CBMirwFBVV95cUxNRHA3ekwzWU5kZ2dhZ29qaGRJM2pBTmhfVHNfMGhNWDVleEtDWVF2eHNaVS1qdTd0U1VDZzJhUVVLWFNHWmZIek9yaFhpSm5BSnF4bUdDQlB0MEE3NW1MRVhDenpwWllnbm5EUW1JNVpVNjA2LWhHNldnSGUtcjBHOHRtV29Wa2tCTVZJVHF0OXYwSEhRTkFRSFVwTTVLclJYWUdrTGFHUVNJZlRsTUc4?hl=en-US&gl=US&ceid=US%3Aen,Bloomberg.com,14 hours ago,📺 Bloomberg,https://news.google.com/api/attachments/CC8iK0NnNTRPVzkzYVV0eE5saEtPRUZrVFJERUF4aW1CU2dLTWdhNVU0cHdKUWc=-w200-h112-p-df-rw,2025-10-09T18:40:07.812155
"Gaza Ceasefire Is No Peace, But Even So It’s ‘Huge’",https://news.google.com/read/CBMivAFBVV95cUxPdUhwX096UVFXY2h2blJnc0tad3pPNlctejNJaXdDOWVqcDREN0FJcVlqTm90UmFEU2xOcTlMLWVXU2xZTDBOaWRZY0tpampRMjRJVWlfendfZ20xeFhjWjVIbDlyd2cydFdkYzQwRFh6WlNRN0wxeU41S0ItUDFSMmRWbWpxSVZwVXV1cjNZNEs0U2dxM2toYVBXangxQV9aSWl3MVAtUmM5Zm5tbEVuRV83NVl4QTdRdmlhZQ?hl=en-US&gl=US&ceid=US%3Aen,Bloomberg.com,6 hours ago,📺 Bloomberg,https://news.google.com/api/attachments/CC8iK0NnNTNaSGxXVVc4MVJIRlFOWHBKVFJERUF4aW1CU2dLTWdZQmtJcHVRUVU=-w200-h112-p-df-rw,2025-10-09T18:40:07.812157
The City That Made the World Fall for a Monster,https://news.google.com/read/CBMif0FVX3lxTE5IYVJiaVBrSjRUZElBbUtndm95cWIxcUhMcm9vaE9SQWtYQWpLTGNQdXhvaUNubUdKTXB1TlB3Y0hiWTNHTVpZY2MtSEJPOGsxcTVKSkRwdFNwTURSNU9iUkdTQTF0NlhfZkoyQnZqWnVQMDNfc0UtWjhwT3B0QlE?hl=en-US&gl=US&ceid=US%3Aen,WIRED,2 hours ago,💻 Wired,https://news.google.com/api/attachments/CC8iK0NnNVRWRnBLZVdaVVJrTnpibDg0VFJDcUJCaXFCQ2dLTWdhZFZJRE5zUUU=-w200-h112-p-df-rw,2025-10-09T18:40:07.812159
Europe Pledges $600 Billion for Clean Energy Projects in Africa,https://news.google.com/read/CBMingFBVV95cUxOaGljalZTOXJqaENLRGpsMmdsRERFVUdPMDZSNHNpUE5OR0F6X0RSeXItZi1qWjlVTWxhSUZBWVNIV19GeGJTOHZXRW9oNHlERzdtSmlZUS1WQ2tMM0JzVnJpeTdrMVlYMWVCNFo2blpOa2l6cFcwRlBWVkJ1R3BCLUpGY3Y2LTYxdlpnWXlaWUM1RDdNOWFUOE9UclZUQQ?hl=en-US&gl=US&ceid=US%3Aen,WIRED,2 hours ago,💻 Wired,https://news.google.com/api/attachments/CC8iK0NnNVFXSFJFVWpSR1VHWlRlVVJZVFJERUF4aW1CU2dLTWdhdEpJYk5sUWs=-w200-h112-p-df-rw,2025-10-09T18:40:07.812161
"Science News: Health, Robotics, Climate Change, Space News",https://news.google.com/read/CBMiUEFVX3lxTE9wQ282VDlnZE90X0dPZTBESlA2WUVJN3JWQXpuOUZ6OVRYbEt2ZHZtOGRPRjRDWHpWaWd0UmZWVmo1NE5pb0FBakF5U2tmd202?hl=en-US&gl=US&ceid=US%3Aen,WIRED,"Mar 2, 2015",💻 Wired,https://news.google.com/api/attachments/CC8iK0NnNXFVMGxzV2tzM01tY3lUMFV3VFJDZkF4ampCU2dLTWdZdEpZak9HUWs=-w200-h112-p-df-rw,2025-10-09T18:40:07.812163
DoorDash to use Serve Robotics’ sidewalk robots for deliveries in Los Angeles,https://news.google.com/read/CBMisAFBVV95cUxOTXJVcVZ6Z0E2dGRXd1Faa3RTb19BTWZzQmpobk1pSXBhNWZ1bVJzNDR1cVNaMC1yWTFEa3duM2pUYmZZanBmTlZzNWtaUjN4WTRKblo4UTdSSkdXemxKZnlET2czMFg0SV9vNWZ2LXhUaExLLWQ1VmJ5STA1ZC0tN3l1VGtvQVQ4R2VtUlBpcXgxZG1WcWRfclg5Wm5vcm9TaG03RjZPd1pENFVkalR5Qw?hl=en-US&gl=US&ceid=US%3Aen,TechCrunch,6 hours ago,💻 TechCrunch,https://news.google.com/api/attachments/CC8iK0NnNVFkV2hzWVZrd1JISXdlRFI2VFJERUF4aW5CU2dLTWdZWkE1SUt1Z1k=-w200-h112-p-df-rw,2025-10-09T18:40:07.812164
Latest from Sean O'Kane,https://news.google.com/read/CBMimwJBVV95cUxPZVNnWVZyT0NGZnJ5SVpRbXI1WjJsaTdyZGdxQXVmcWlCRnQ1ckJBbExBT0VBZncyVzlleGpCbnBEdkhSdDJuOWx5YjYtZmg3anhPUDNaZjFOS2o5c3M1N0xMYzVvYW1Ld2h4SEN0c194RTFYZHBhZDBBbzh6N1VDdUktbkU4SkJ2b0NvVUlPUDZqcFZ6TWY5SzVOSmNDUXFPeUVnNkNpbGFjTHBub3VGLUxTdEl4c2lBY2I1S0VCSGMzOUNtaWF2VG9mbi10QUNzcldZeXVzSEViYkxPYVBEOFptcFBudnlPM0R2RXppNWZKZXk0SlBybUE3U19Ya3NCRU5NVlJYLVd0VUtLWlU5eEh3b0g5MTFfbEhn?hl=en-US&gl=US&ceid=US%3Aen,TechCrunch,3 hours ago,💻 TechCrunch,"https://encrypted-tbn1.gstatic.com/faviconV2?url=https://techcrunch.com&client=NEWS_360&size=96&type=FAVICON&fallback_opts=TYPE,SIZE,URL",2025-10-09T18:40:07.812166
Our favorite batteries and chargers are on sale for October Prime Day,https://news.google.com/read/CBMiqwFBVV95cUxNLXZKVzc2MWtWSVJ5ZXUwRGstVkhiZkwwci1lSlZlanBxT19zWE92ckx3T2d5UXJsRlhoWVlRaGhTVGdOaFNTajNzY2FWSUFscjQ2LUJ2NjZya0hDOXhkellvMHNVRVF2MUJvM080VFdEZ0JReEM0TEEtRE1YTDAzWU8yUjJGUnViclZudDY2blAzakR2OFVsYWc3aTBfSDF4V1FlWlVheVVFZ28?hl=en-US&gl=US&ceid=US%3Aen,The Verge,19 hours ago,💻 The Verge,https://news.google.com/api/attachments/CC8iK0NnNHRaSEJ2WjA1YVltaGpZa1I0VFJERUF4aW1CU2dLTWdhVlVJelVKQWc=-w200-h112-p-df-rw,2025-10-09T18:40:07.812168
"The Browser Company’s Dia is now available on Mac, no invite needed",https://news.google.com/read/CBMib0FVX3lxTE54eEdXVGhyUGI3OXcteEp4d0Z2UFh1UENzeEVUOXV3UzlURElXc2ZkRUtyS01wNzJCUnN3Q2pkZ3hma0Y1MlRUVU4xTm1fOEJRN3h5MVF4eW9mVFBFYVU1VUc3OGdrLWF1Z1djSzNobw?hl=en-US&gl=US&ceid=US%3Aen,The Verge,9 hours ago,💻 The Verge,https://news.google.com/api/attachments/CC8iI0NnNWtlWEF4VEZnM1dXczRZblZIVFJERkF4aWtCU2dLTWdB=-w200-h112-p-df-rw,2025-10-09T18:40:07.812170
"DC Comics won’t support generative AI: ‘not now, not ever’",https://news.google.com/read/CBMihAFBVV95cUxOMm90akQzZUt1ODNKX3hhTFp3SWYydGNBbjFlNnQxbG1INlJiWmRYcUNmNXU5UWg1OEx3VWx6NEoycGEteTctMGpYNzNkQlk1ckJCUzBvMDJUQTRsVTJBUElIT2ZKS2ZEVm9oZnZrU01RNHJ6ck0wNml4clpEVkR1NThqU1A?hl=en-US&gl=US&ceid=US%3Aen,The Verge,6 hours ago,💻 The Verge,https://news.google.com/api/attachments/CC8iK0NnNWxVazFoVVMxdlYyTk1YelF0VFJERUF4aW1CU2dLTWdZQlFvcFJIUWs=-w200-h112-p-df-rw,2025-10-09T18:40:07.812172
Have $50? Here are 63 great Prime Day deals you can shop,https://news.google.com/read/CBMingFBVV95cUxPUWlSVDY2b2xOblVOVnJXbmRrRXJZZS0tRzlnblBNRXdfUWZzb3BIVmhvM0dXZHI0M040aU1uaVByRFFLMkFfRkxMNFkwQzBVWW9ZZmJCUGZvMlVhdUdObFE4SkRmLXB0b1lwc1o0NG1xem9abE5UVC1QOTd1dlpvbmt5WGZfUzlRdjQ0VTFRTWZ6SkN5THdWV3NqNUk0dw?hl=en-US&gl=US&ceid=US%3Aen,The Verge,19 hours ago,💻 The Verge,https://news.google.com/api/attachments/CC8iK0NnNUxRakk1VkRRME4wc3pNSGhHVFJERkF4aWxCU2dLTWdZWkE0aU90UVU=-w200-h112-p-df-rw,2025-10-09T18:40:07.812173
The 104 best October Prime Day deals you can still shop,https://news.google.com/read/CBMinwFBVV95cUxQOG1RQnQ2eThEM3dOOHpaNldhQjF0Z0ZRVGtqcFNLMTBhWTF2VGdVY2NITzRXb1I1VXhPU2VMWjQwQUJfdV9pMkxtYXFhWmRMWFp1cGdabmhqRHF0NE1TU1R6bFl5QXFPaDZzSXpvLWQ3MGt4WktYcG5mdVNVVk9Vdm5aX2owbTU2TzRLQkNCTlV6WmdDRnFaSEtuY1Z2WHc?hl=en-US&gl=US&ceid=US%3Aen,The Verge,6 hours ago,💻 The Verge,https://news.google.com/api/attachments/CC8iK0NnNVRlSFU0T1dnNVJUVjJZMUJZVFJDdEJCaW5CQ2dLTWdZQkFJaUdrUVk=-w200-h112-p-df-rw,2025-10-09T18:40:07.812175
The AI industry is at a major crossroads,https://news.google.com/read/CBMiigFBVV95cUxPWnF1LVFWSTBveElCNTRPUzdhSWQ2UkMtSzd5bWp3c3ZDSTBMMjBNQXo4ekNlSDFBd3JQamJHNU41RU5HVmJJZ2RmUWJvRjBxcWZ5cGZzRTNEM0pDRzRydERjd3BiQ3AtWTNibW5wMUNOaWlLVGZHOWl0Tm5sdkZad2J1ZGVBTFN1NGc?hl=en-US&gl=US&ceid=US%3Aen,The Verge,2 hours ago,💻 The Verge,https://news.google.com/api/attachments/CC8iI0NnNTRNMmN5VERKaU5uQTFkM2hOVFJDdEJCaW5CQ2dLTWdB=-w200-h112-p-df-rw,2025-10-09T18:40:07.812177
OneDrive is getting a new Windows app and an AI photo agent,https://news.google.com/read/CBMilgFBVV95cUxPcF83SldqbXY3LXd5bTlHeUdtVWk2SFZQcldlSE5sSHlpVGRwNHdYR2VqSHdVXzE2ck1JVnBBQWtyR2V0RG0yTWp4OTdnZlU4WEhLWk5zYTBZNTNvY2htXy1rRTR6Wk5wT093UzUxc2NYU1FzdjBsX1NpUFRnWE12X2Q0OVdDZzR5RXRWYXZhck5mRG1YZ2c?hl=en-US&gl=US&ceid=US%3Aen,The Verge,7 hours ago,💻 The Verge,https://news.google.com/api/attachments/CC8iK0NnNTFURkpMU1c5cmFWOTRkVVp5VFJERUF4aW1CU2dLTWdZaGxaRE1zUVk=-w200-h112-p-df-rw,2025-10-09T18:40:07.812179
The best last-minute Apple deals to shop before fall Prime Day ends,https://news.google.com/read/CBMinAFBVV95cUxPRWQteXUydndZZHRVc3I2a3VlSVUxdWJOOTZYYkhMWnZpeUhQQmJYVHlEME5sV1pBbjByNlJuZmFlMnVISEhsdkYxWXF2UjFtYmVLbUZxc0lHaDdMZ1h2cnlHckpZZDVxMFhxUHFkbzdONlRQZDQ5bHdTNlBva1NrczJkcFFQRnZ2ZmotUUVNci1WYU1sSGRBNEJfcFc?hl=en-US&gl=US&ceid=US%3Aen,The Verge,20 hours ago,💻 The Verge,https://news.google.com/api/attachments/CC8iK0NnNUpTbGszUmpCVGNYQnlYelJzVFJEQ0F4aXBCU2dLTWdhdE00cVFuUVk=-w200-h112-p-df-rw,2025-10-09T18:40:07.812181
Get these Switch 2 accessories while they’re cheaper during October Prime Day,https://news.google.com/read/CBMivgFBVV95cUxNM3dueFF1QnFlNGltc2R6a3JFeUpsY0p5ZkQtTDhmcW1tLWQyc1FIa2x5ejJsVzUtbF9WcDhmd3pCU1l4MUxtb0RscFVOTGgxVVRrRjNEUDZHLXFaZGdzLUw0ai1KZHpRNTVqdVRmT3ROWGNsWFlsX2cwTmFZS2xpcFBLMk5kandkb0RsTEw3NHAxcUxQekFWRWZBdk9YalU0RXlJZG9QeFFQUjBwMVVCSEVuUWVfMmdwaHg2SlZR?hl=en-US&gl=US&ceid=US%3Aen,The Verge,18 hours ago,💻 The Verge,https://news.google.com/api/attachments/CC8iK0NnNUxTR2h2TWpCQk5VaEpPR1JHVFJEQ0F4aXFCU2dLTWdhVmtwS3NOUVk=-w200-h112-p-df-rw,2025-10-09T18:40:07.812183
Drone Supremacy,https://news.google.com/read/CBMiU0FVX3lxTE9od2VPQVZkLXQ0R3Z5RmppZjVSbG96bkZ1b1Rfa0RhcExYY2MzWUI2ZzFFajR5UWpXS05veEtJQndzVVNORHpnOHpDT3ZaT1ZMRjgw?hl=en-US&gl=US&ceid=US%3Aen,DroneXL.co,"Dec 5, 2022",🚁 DroneXL,https://news.google.com/api/attachments/CC8iL0NnNWhaRU5LZEZSRWN6RnphMGhSVFJDZUF4amxCU2dLTWdrSkVvSWxGZXB5VEFJ=-w200-h112-p-df-rw,2025-10-09T18:40:07.812184
Drone News & DJI Rumors,https://news.google.com/read/CBMiOkFVX3lxTFBZcTZSS0tsNFlfdThkZkVNdS1INzhDMUZPbUNOTGw5MmtWOHZ4SkdxWHhoQTdHX2xZVGc?hl=en-US&gl=US&ceid=US%3Aen,DroneXL.co,"Jun 17, 2024",🚁 DroneXL,https://news.google.com/api/attachments/CC8iJ0NnNWxjMHBpWVd4VlNqaEJjVVp4VFJEVkF4aU5CU2dLTWdNQm9BUQ=-w200-h112-p-df-rw,2025-10-09T18:40:07.812186
power grid inspection Archives,https://news.google.com/read/CBMiXEFVX3lxTE1XQmNuSldQNlBVT21BenBCcnI0bUdRNk5wU21YY0FXWV9wZjE1M1JkUGprZ083NEs5MDAxYnRUY3hOVmpNcXZaQld4d2lST1U2b0s2VXNHUEpBUlU0?hl=en-US&gl=US&ceid=US%3Aen,Dronelife,4 hours ago,🚁 Drone Life,"https://encrypted-tbn0.gstatic.com/faviconV2?url=https://dronelife.com&client=NEWS_360&size=96&type=FAVICON&fallback_opts=TYPE,SIZE,URL",2025-10-09T18:40:07.812188
aerial data capture Archives,https://news.google.com/read/CBMiWkFVX3lxTE1zVnl0RXlobGZtS29yRXl1NDdwbzc2RDlHZmp4a3ZGMFBfMC10SjZrcW10WTMwaVdVdnlCSDkxYlBndVV6OXdRc0ZTY1VlV0hweUU4eUxzWTl4Zw?hl=en-US&gl=US&ceid=US%3Aen,Dronelife,3 hours ago,🚁 Drone Life,https://news.google.com/api/attachments/CC8iJ0NnNVJia05xWW5aalZtazBNbU5vVFJDc0FoaXNBaWdLTWdPWmNnQQ=-w200-h112-p-df-rw,2025-10-09T18:40:07.812190
Drone News Feeds Archives,https://news.google.com/read/CBMiXEFVX3lxTE1kc3I5Y1RqN2E3QWc4UV9HTnVNcjNNXzJON0tQeXFUamZFZXVJOU1mRi1mRTB0cDUtUmZ2bTRqQ1R5ZWRPTkU0NHhWZTNMemxUWHBMa2xIT0N2Wjhx?hl=en-US&gl=US&ceid=US%3Aen,Dronelife,"Apr 10, 2018",🚁 Drone Life,https://news.google.com/api/attachments/CC8iJ0NnNU1lVEZsYTB0aVJFcHRSSGRJVFJDc0FoaXNBaWdLTWdNQm9Bdw=-w200-h112-p-df-rw,2025-10-09T18:40:07.812192
Dronelife - The Trusted Source for Drone Industry News,https://news.google.com/read/CBMiOkFVX3lxTFBtdGdBb1ltY3pOVUZUeEFwR000bllSUG1rTF9TOUhpYk1WdzRrVEZJaGxBZWlkWGc0ZGc?hl=en-US&gl=US&ceid=US%3Aen,Dronelife,"Jul 19, 2016",🚁 Drone Life,https://news.google.com/api/attachments/CC8iK0NnNWZlblE1WWxWdlRtVjBNbnBvVFJDMkFoaXNBaWdLTWdZZFZJNnRLUWM=-w200-h112-p-df-rw,2025-10-09T18:40:07.812193
Job Opportunity – Drone Surveyor,https://news.google.com/read/CBMickFVX3lxTE5IX1BIQmlwSmVJWGZ0bW5XckVsVzhHVzJBZlNIcTlyWHRwZ2U3R21sUllTQkprT1VwdmVET1dUOGlpOGY5NFNPZXQ0bXhIdXhBMVlHc1cwTkJnTHRfRnJfTnYzbUtudGhhbWJ2bXprN011dw?hl=en-US&gl=US&ceid=US%3Aen,sUAS News,7 days ago,🚁 sUAS News,https://news.google.com/api/attachments/CC8iMkNnNTFRWGROWWpGRmFXRnpTMDluVFJDRkFoajBBeWdLTWdzWlU0S05wU0pOMDVnbU5R=-w200-h112-p-df-rw,2025-10-09T18:40:07.812195
Press – Page 1747,https://news.google.com/read/CBMiggFBVV95cUxPMjBYaVBIbkhiY1Jrc1J2NF9paUxtdE1DQ2x1QndhbkFOMGRRMjFpUnlzQmY1MFN6UWtxZkdIalFveGRWTXZxX0doNnVDUW02RzZETmxHc04wU01tN0tycnFBQ0g1ZW9EYW9GVktJTTZLbEx0ejIzb01vMFRZa1FBYUdB?hl=en-US&gl=US&ceid=US%3Aen,sUAS News,17 hours ago,🚁 sUAS News,"https://encrypted-tbn2.gstatic.com/faviconV2?url=https://www.suasnews.com&client=NEWS_360&size=96&type=FAVICON&fallback_opts=TYPE,SIZE,URL",2025-10-09T18:40:07.812197
SkyBound Rescuer R&D Remote Pilot,https://news.google.com/read/CBMidEFVX3lxTE5EeTZuSXVnVDBvM1l3SVlkeGFLSURCbGkxVU03TG55N3o2TUJsSWlYcG1tSWc1RTM3Y19vVXE5Wkx3VjhEVGNzVVhIdl9pUF91MTc1RzlUOHhCV3hZNlJKTDUtRnUyMVllU2NzczN3YzlJcnpQ?hl=en-US&gl=US&ceid=US%3Aen,sUAS News,23 hours ago,🚁 sUAS News,https://news.google.com/api/attachments/CC8iK0NnNUlRM1pZWkRWUU0zVXdTR2syVFJDcUJCaXFCQ2dLTWdhaEZJcXNGUXM=-w200-h112-p-df-rw,2025-10-09T18:40:07.812199
Meteomatics Expands its North American Footprint with New York City Headquarters,https://news.google.com/read/CBMitAFBVV95cUxNNnBkZGR3QUFRRF91emVIV2Zxa2hNekFmNG5vOFV6X3VjMlRsUEFBYTl6LVcwMVBNVDVzQWZ0elJ0Wjk1LTZiZUxnWHg3akRKanR4bklOMnlyNXd2RUxQem9mal9senhiMHlmaVdrWU1DZzV4eHdiOTBsZjkzdHpWdTZQSllrZGctZG9jTm5UU21GTS1TX0VWRmpObXdIUjF2NkoxYmF5RU9iLWpLYXl4SngzOV8?hl=en-US&gl=US&ceid=US%3Aen,sUAS News,1 minute ago,🚁 sUAS News,https://news.google.com/api/attachments/CC8iK0NnNWtZbWRJVERkZlMza3RTVWgyVFJDZkF4ampCU2dLTWdhNXdJNnpRQVU=-w200-h112-p-df-rw,2025-10-09T18:40:07.812201
What does Gaza look like after 2 years of war?,https://news.google.com/read/CBMiWkFVX3lxTE84dlg4UFhWdkY2TFVtd2dGSHZmMWJpSno2Tkl0SlJ1aVlZSFFfclNQSTA5SjRWRTFJc1dHNVhZT1BUb1RObG1kYjBlMjJ3WjBjekthTkY3aVRjQQ?hl=en-US&gl=US&ceid=US%3Aen,CBC,1 hour ago,🇵🇸 Gaza Drones,https://news.google.com/api/attachments/CC8iK0NnNVVUR05sWm10WmJUTkdURXAyVFJEakJSaWZBeWdLTWdZQlFJaU5LQVk=-w200-h112-p-df-rw,2025-10-09T18:40:07.812202
France’s Macron: Paris conference on Gaza aims to complement US initiative,https://news.google.com/read/CBMi0AFBVV95cUxON1lxQjRYUll4MDNnQXdpQWhHajRmYk42UVB4UEhoUVcwZFFpbnpNYnpxRGMwVXFWVHdFVW1qX2x6U094NDlYQXhJQTZfRVNMemN2MzNoYkh1U1R1STNMMmo0ZWxFNEszcnozdWtaYUpPOWNKcktsNXJac0kxdnRaSDZzTzRrWS1FOF83ZnNFNlpwb3hlTW91and3SDZqUlhIVFFYWkx3d2JWVDFIWEl0TFR3eHFrc3RmNmQ3ZkljTzRHZFRuS1ZVTVY5Y2oyRHow0gHQAUFVX3lxTE43WXFCNFhSWXgwM2dBd2lBaEdqNGZiTjZRUHhQSGhRVzBkUWluek1ienFEYzBVcVZUd0VVbWpfbHpTT3g0OVhBeElBNl9FU0x6Y3YzM2hiSHVTVHVJM0wyajRlbEU0SzNyejN1a1phSk85Y0pyS2w1clpzSTF2dFpINnNPNGtZLUU4Xzdmc0U2WnBveGVNb3Vqd3dINmpSWEhUUVhaTHd3YlZUMUhYSXRMVHd4cWtzdGY2ZDdmSWNPNEdkVG5LVlVNVjljajJEejA?hl=en-US&gl=US&ceid=US%3Aen,Al Arabiya English,2 hours ago,🇵🇸 Gaza Drones,https://news.google.com/api/attachments/CC8iL0NnNUZSRE5qV1haR2MwSlhZelZXVFJDZkF4ampCU2dLTWdrZEE0b3FGaXBGSWdN=-w200-h112-p-df-rw,2025-10-09T18:40:07.812204
Israelis in Jerusalem celebrate Trump's Gaza deal,https://news.google.com/read/CBMiU0FVX3lxTE9KcFExU3IzV0hqRVctRnF0cDJLUFFfN0hGRktMeVQyc0tmVUNrRHd5MVQ4R3RsVG1HS0xET0FjV0NnNU40RnYxLXR5bDhQMC1EczI4?hl=en-US&gl=US&ceid=US%3Aen,Reuters,8 hours ago,🇵🇸 Gaza Drones,https://news.google.com/api/attachments/CC8iK0NnNXBhbTkwTW14SVlsWkNObXBLVFJDcUJCaXFCQ2dLTWdhNVlwUVRxUWM=-w200-h112-p-df-rw,2025-10-09T18:40:07.812206
Israel continues to attack Gaza as Palestinians celebrate ceasefire deal; Trump to visit Jerusalem on Monday,https://news.google.com/read/CBMi7wFBVV95cUxPU3pyamIwV3ctODA3MVFHanlCRUlDOG5MelpKcExSR25FbEpUQWdvUWxqVkJ3ZFQ3SG02R1dzempqU3dVb3lkSndQTjN3ZVJBT0JsWThOWWlwdk5yTElxbHlSY2d1cUdFRFZIeTdDdTdsV2taTGFlY0g3V0wwdWpiLWpWa3U5X2lSWnpNX0JyR3VYUHdsVUs5MHRJRGdmWkEtSkR3ZWU0RHNHMVB6V0pJenJfYUtJVGdsaG9wd21jNG9mVGxCdUExVlZNc1JnWDlRc1RNam54a1RXcnIxQzV6SGgwajdEX3Rlbk5raUFYWdIB_AFBVV95cUxQcjFIUm84WEN6LUllTHA0eTZKUDc0a3A4N0lNV0tlazJBb1BXb2Z2MHNBeHRuSi1weklwVWVqVHJ3YXhYaTR5QVFlZmJSOV9mT0ZMNVQwM1gxVW1aOXRxS3ZmaFBLSWd2THhOX3NaOGcwSUNnSDk2U29MZTRqUEVDN2V6a3ZSbGtxNkl1S3VtUmxROWZPNVpZUlpPejlmLThMTXpjR19ERnRTb2MxeXdlTm0tWUhybGZxQk5yQ0dfeHRCQVdaMFdEV2FsNG51cDd0VmZKRHhRWURpekdTd1V5Ty14Q1c3d2Z4b0plbDY5djdtSVlHRGJza0FtZTc?hl=en-US&gl=US&ceid=US%3Aen,The New Indian Express,3 hours ago,🇵🇸 Gaza Drones,https://news.google.com/api/attachments/CC8iK0NnNUZibTU1WDJkRFFrSTFZbTFyVFJERUF4aW1CU2dLTWdZSk1vNVJsUWs=-w200-h112-p-df-rw,2025-10-09T18:40:07.812207
"Fighting between Druze militias, gov forces dies down in Suweida",https://news.google.com/read/CBMimAFBVV95cUxQUG1SYzIyU090Y1pOTGRfX2tGR0VSMkNWUnI1c25LdWdOQW9vVjBXb2pfRHc0SVh6OUxWeWlYSkFYU1FidFduNXJ4aXN6SXRyQVRWcHN4ckh1N1NLYUtmaXJDNW5jbDJoYWI1dV92TUtjT0oxNk0wZklxQlhtUEd1Yjdid203Qk1UcDR0eDQ2TnFSNVhMN0dFT9IBmAFBVV95cUxQUG1SYzIyU090Y1pOTGRfX2tGR0VSMkNWUnI1c25LdWdOQW9vVjBXb2pfRHc0SVh6OUxWeWlYSkFYU1FidFduNXJ4aXN6SXRyQVRWcHN4ckh1N1NLYUtmaXJDNW5jbDJoYWI1dV92TUtjT0oxNk0wZklxQlhtUEd1Yjdid203Qk1UcDR0eDQ2TnFSNVhMN0dFTw?hl=en-US&gl=US&ceid=US%3Aen,The New Arab,2 hours ago,🇸🇾 Syria Drones,https://news.google.com/api/attachments/CC8iK0NnNXpXVXhqZW14bFozRmxkVk5DVFJDQ0F4aXRCU2dLTWdZeHNZYlVRQVE=-w200-h112-p-df-rw,2025-10-09T18:40:07.812209
"Access Roads to Ashrafiyeh Neighborhood in Aleppo, Syria, Reopened - Enab Baladi",https://news.google.com/read/CBMiswFBVV95cUxPenVsSl83RnBPU01sMXRObVNYTHdvaVE4bkp5aFFuUWlHVm84ZjRaeWw5RFR6M2poblFJY3kwVERXN0JPbUIxdnpfWTFoZXIzNEtHWWtYNFJqY2dPUjBMaGt4R0lNRmNzNUtpVkV1UHhxRDdjR2pkSUlqcjBhS29SUndMR3JubURLT1FuNlJueWc2QXo2RWEweU1PRW5CME5CZlpGUEFFT3NBWXBCTk9lSWR1QdIBuAFBVV95cUxNeHozMHBhRTVMMTdrc2NPNVdxV2VGOHdiSTlUZ2VBYUFkemxFVllyT1NDaFpSd1Z1WjFEcHJpMFJfMVdhTzZuVjFKbnNYQTBWVngzQTFUVWFFU0E3Rk1tLTB6bzdsRjUtUWk1RjI4UXN5NUhUdXFfSFo5X2tCazAtZFVSSE95eGJWbTNTS2hyd1ZEMnIxbVZBWXVnbDFlaWFyM0YzbjZjUV90T28yMzZBSkROaW10Yklj?hl=en-US&gl=US&ceid=US%3Aen,Enab Baladi,57 minutes ago,🇸🇾 Syria Drones,https://news.google.com/api/attachments/CC8iK0NnNUdjMUpmVUVodFEwaFZhMDFOVFJDZkF4ampCU2dLTWdZTlFKTG9vUWc=-w200-h112-p-df-rw,2025-10-09T18:40:07.812211
"Nearly 11,000 killed in Syria since HTS militants seized power in Syria: Observatory",https://news.google.com/read/CBMizAFBVV95cUxPU0poUFJCbzVhaWJnam5jcGk1UEVFNjFKem50ZHdXbWpvTW1kV21Ga2ZtbEVQRW9pX3BpZERTbmpkQ2JneUNXdDFrLWRyeDlfSVJGWUhUUXg5aW9SZVJuZjZwc3ZuTFAxblN4R213Z2tFbVphMkdVZmlWeGFPMDgxVlFSOGcxekpiSEpESjdnbnZPOVVLNW5CUVJ0R2pVUGF0NzR1OEh1b1l4NDBnUGJ5RlZRckd2NHJEdXVsd2ZjLU5xNVl6WHpqRDJmRHU?hl=en-US&gl=US&ceid=US%3Aen,PressTV,12 hours ago,🇸🇾 Syria Drones,https://news.google.com/api/attachments/CC8iK0NnNHplRzVJYUZOR1ZVaHZPRzFTVFJDZkF4ampCU2dLTWdZTmdvenpMQWM=-w200-h112-p-df-rw,2025-10-09T18:40:07.812213
Explosion in southern Syria injures at least 7: media,https://news.google.com/read/CBMikgFBVV95cUxQbFNkMVp4dm1lX2I2RWlDWm1xUVZsT2phbER0Nk5mWU00OXVJQ0JKeW1xQ0hVcW5lRnplZTNxa1dwMjlwSDFUSzBSOWU0NXNaOFdWNVZkT0FMb3Fiak5lSkRZVUpramE4M0ZUMS1YMzVKRFQzSjM2LWM0U21ydXVBaTd0ZGFvMnAtZkJ0RnVxa2Eyd9IBS0FVX3lxTFAwd3ZOcW44NldZbVpCTUJtUllMS3N0SGdCY1Y2bmNYb0J2bU1Wb3pFb2N3QjFrQ1NXWGswVVh0aVcxX2xmQXVaWk5lYw?hl=en-US&gl=US&ceid=US%3Aen,Mehr News Agency,12 hours ago,🇸🇾 Syria Drones,https://news.google.com/api/attachments/CC8iK0NnNUNiSGt0T1UxYU1ERk1ObkpaVFJDUUF4allCQ2dLTWdZQkFvUkt1Z1E=-w200-h112-p-df-rw,2025-10-09T18:40:07.812215
UN strives to work with new Syrian government to determine the fate of the missing,https://news.google.com/read/CBMi_AFBVV95cUxPZDZIcVN5cDZhcHpUZXlmc0RkazhoVFZNUWZVOVV2cmpBVWpqbHVHMVlVcnpPMURCendvN1dIdkVPSTl5RmR1UXBsUXVDRTk1WjNMZVVXYTdNQWpGU1ozUjdMeWVjRXZsWHM1dVlQQkhsWkE3eGp6VUhpX3JybGlMVE96d0VkQlZWRllqMncyRzhvRGQ5WGpvNGxLVTNwR0NtMjhjc0FXak1aUmtkTFhCeWlXMmRPMXplTl9lZVVKTzliWnBqMlBLZEVGc0NEbFpPRnE3YUZ2SXR6WjJ2aWxHVGxjTWFaal9lV0RmVjZGV3NhUzE5c3d6WWdyeDk?hl=en-US&gl=US&ceid=US%3Aen,thederrick.com,19 hours ago,🇸🇾 Syria Drones,https://news.google.com/api/attachments/CC8iJ0NnNU9TVGhJVERsbk4zRjJUa0ZoVFJDUkF4ajhCU2dLTWdNdEFBWQ=-w200-h112-p-df-rw,2025-10-09T18:40:07.812216
Clashes in the west of Suwayda,https://news.google.com/read/CBMihAFBVV95cUxQS3kxc0NLaHNxblR0RWxOQUJWUE5feE92TkR3SUJ2RENtX0lyNkFta2sxM29kLU14T1AxSzA1bFlfcUN2X2huR2pxVWdWcVcyVmJxYk1VQ1VkX2JDTHNuNXpoRFd4MjlDU2NNNDRQRVhXUzUzMlVwR1VSZVlINFMtRkJHSXM?hl=en-US&gl=US&ceid=US%3Aen,ANF English,8 hours ago,🇸🇾 Syria Drones,https://news.google.com/api/attachments/CC8iK0NnNTBZMWhKYVVKeVowOVNUbVoyVFJDZkF4ampCU2dLTWdZNU1wcnhuQWc=-w200-h112-p-df-rw,2025-10-09T18:40:07.812218
New evidence emerges of Ukrainian backing for militants in Africa - Moscow,https://news.google.com/read/CBMiugFBVV95cUxPNFk0QWhwcmh6UlptMGYzZWtwSkhXT3JULW1xRWg0aUZQanJtQVVkZzY5aUJNMmtfbmtkWTB1aTlEMFVTRmg1dDhvLWtpbThuT1BSTHlkWk5TQUxDNjl1Q25WUDNYRGVnYnUtLTBsS1JfRGVKeF9BZEdVLXZONVZJZUVncGRNRC1jZ3otdVJsYW9JUlhaM2NJclJjY3l1aG1nY3ZJZjk5Zi02am9mRWJEcmJLak41ZWhTanc?hl=en-US&gl=US&ceid=US%3Aen,Big News Network.com,7 hours ago,🇸🇾 Syria Drones,https://news.google.com/api/attachments/CC8iK0NnNW1NMk41VEVaQ1VuaDNabUpFVFJDNUFSaVJBaWdCTWdhZFZwQUxLZ2M=-w200-h112-p-df-rw,2025-10-09T18:40:07.812219
Taiwan Training Soldiers to Shoot Down Chinese Drones,https://news.google.com/read/CBMijwFBVV95cUxNZWZJZG15Q0JzdThnSS1ETmw0UktQT3N2el9PTV9UaEs2T0lsOWRwTmM1M0RHV0NVVHQ2M2pfdWkxejlUM3VqWGNLc0VDVzZad3ZSWXllVHZzaFBac1M5VGNKcmdJbDc4MUxLaG9DajFlY0doUlI0bWNSOHhtOHhTZ19CQlgwdjNRRG80Y3BtUQ?hl=en-US&gl=US&ceid=US%3Aen,NTD News,1 hour ago,🇹🇼 Taiwan Drones,https://news.google.com/api/attachments/CC8iK0NnNDRaVko0VGs0NU5YUjJVRzlYVFJDZkF4ampCU2dLTWdhVldKQ0lLZ2c=-w200-h112-p-df-rw,2025-10-09T18:40:07.812221
"US Cracks Down on Chinese Firms Fuelling Hamas, Houthis with Drone Tech",https://news.google.com/read/CBMirgFBVV95cUxNZTRvbXN4YWNVWnFZLVl3dDJ0OXFRS0RQRWlwNzVnSnpjMG5JNi1mSTU0eE5BbHNUc0dTbUdFdVlOYk8xdmtYbzZFQlZ1NGs3bjBqZDhZd0gxX01VemFRQlFtUWJBMHJNTzRNSE1zeWk1d1lVQ1dJQmRaMHYyOW9Sc3lMTmJ2aWdaOGNxSnJqWHIzamlzTDRXb2FESlBiVmJsZTVvZFdTUmhMZ1V0RkE?hl=en-US&gl=US&ceid=US%3Aen,Modern Diplomacy,23 hours ago,🌍 Africa Drones,https://news.google.com/api/attachments/CC8iK0NnNXZTemh6VlZwalZXdHNNa2wwVFJDZkF4ampCU2dLTWdiQk1ZejBIQW8=-w200-h112-p-df-rw,2025-10-09T18:40:07.812223
Is Africa the next frontier for autonomous weapons?,https://news.google.com/read/CBMilgFBVV95cUxNX1QzZDRtbFhIVTZYUHJsUzNpemFHR3kwVlBTeW9NRFNfQnJpZEdfenRCWFhfMnllemd0SU11WndlZTBsSHdnRmZaVllNOHpKMDBlb0Q1bVIxcHlXbDhzSDgyV2pZWHRjN3VaTnJlRFRIMTNpMUVJcEp0X3pwVEk4OWJTNGNjeTE0WTF1Y2dXSlpLdTNQSmc?hl=en-US&gl=US&ceid=US%3Aen,defenceWeb,5 hours ago,🌍 Africa Drones,https://news.google.com/api/attachments/CC8iK0NnNXphVTVEU0VGd1JEQkNiM0phVFJEY0FoaTFBeWdLTWdZSkFZN3lHQWc=-w200-h112-p-df-rw,2025-10-09T18:40:07.812225
Drone thief rumours: Two more arrested for man’s lynching in Rae Bareli village | Hindustan Times,https://news.google.com/read/CBMi5AFBVV95cUxOa2VnaEMxd2VKMnZtZ1ByNnpERVBoR2RwYXV0aEdDUjZCOUJDSTJUR01hUlMtTzkxMXpQWVZfTEtLQW1jNFNwMnB5cmQxWnZ0RVNjOWJIXzRtY0JENFpxbFVieWdCc3BtNFR6ekV5YUV6eFZYSXBmemF3MFRuUVlzSXBWd2hUd2hZOWMxZDVmQjBYUUJrNmxFOHlnV0NZdFBCS203aTBQVy1Yc0tNdV9rZVhLRGQ0Zm1UU2xLWUY3WWhPRVhIdVRlSTR3VTItbXNSWTBpcUF3Xy05ODNSTGl6NmUxTjbSAeoBQVVfeXFMUENxbU9lb2VXc1NpR1l5ZU4wc0I2NWlGSmoxWDhlb2tfc0w1dl9CRVNETmxaTFctZlREQVJvOENPUkRfZHVPbmRvRlZ3RTNHdHVVSmE0TnB4aUlBdWFxdmlER05XRlE1b2VLZzNzM1JVdTlmRUZ1S1lacGpOY3pITm1PZURFX2pQQ2QwbVVfMW9yaHEybGxyTTJPVVBaSmdMbXhILUhBcmhxQnlKdFRoVXVIcWI2N0pZVV9XaVBBT0FlZ0xJZEZ5UXVUZEFCbm5ob0pvMVRpLVgyOXF2c3JqOUp0Ym1NUFRxcEFn?hl=en-US&gl=US&ceid=US%3Aen,Hindustan Times,3 hours ago,🌍 Africa Drones,https://news.google.com/api/attachments/CC8iL0NnNUpVVFl5WTNKTk1uQjVTME5oVFJDZkF4ampCU2dLTWdrTkFJWUhwU05rNVFJ=-w200-h112-p-df-rw,2025-10-09T18:40:07.812227
Von der Leyen urges stronger EU response to Russia’s 'hybrid war',https://news.google.com/read/CBMirAFBVV95cUxQX0FxTm1acFkyOGhsSGNZZV9WR3FDTmJPbDRqdjRyVGR3aE5uWFA3U0JKekd4MHJtU0NmZmFrSGZhNkJvUjMyZUt0UDhRUVpGS0JhSnVuY0NWdGp5ZHdsZ0Z6c0t5Z3M4cl9KWWpDREZUMUV1ZlM0UTlTYUQtODltTEs1V014eGxoQWdxTnFfSFdsaThaSDhxeHpIOGVsSHlpRDBTVjZTRFFjZE15?hl=en-US&gl=US&ceid=US%3Aen,RFI,21 hours ago,🌍 Africa Drones,https://news.google.com/api/attachments/CC8iK0NnNUpOREZEYmtoaVQzVnFkWE0xVFJDZkF4ampCU2dLTWdhcFZaRE5KUWc=-w200-h112-p-df-rw,2025-10-09T18:40:07.812229
Man charged over Edinburgh Airport drone incident,https://news.google.com/read/CBMikgFBVV95cUxORzN0TU1TZmR4TklFRmQxUWlER2NzS0hDQ3FqX0FTa2hnSTVrYnV4eHFUbW9tb2FYMlVGcjJycXZwNVlOQ2l5RWU1T2FuRG5icGI3ckZYWEpNN21rdWJSb1VIXzAwRTBPanNOZTliVU9TOURBNDJ2cHVGNEFUUnIxS3dSUHBXSHN2VllvZU1RTGtsZw?hl=en-US&gl=US&ceid=US%3Aen,TheNational.scot,2 hours ago,⚠️ Drone Incidents,https://news.google.com/api/attachments/CC8iK0NnNTBPVXgzTWtVeVJGbE9UbkpYVFJDUkF4ajhCU2dLTWdZQnNJcXJPUVE=-w200-h112-p-df-rw,2025-10-09T18:40:07.812231
Edinburgh Airport flights delayed and plane diverted after drone scare: What travellers need to know,https://news.google.com/read/CBMiiwJBVV95cUxPS3RMelhLSmRJeHZXSW1FdmJUeXFfaWN5OFRhWHJtZ0JyTlZESXVKY0VmbzZISF9sdVB1UkhDZjN2VHRwcFozSkZMZFNvcUpkYzQ1OEdmSWJjZDZHT3VRbkJlc19SbmVEZjdGcDhOanh4Z21ORlM2RXUtaTlSdlNlcWJDX3Z5YUJkN044NFJocU01VmgzakpqRnFva18tNi1yNUJoOTVhRE9DZGxSMmVLMTBYMVM1QlhlV3duQTc1YWFQRjkxTU5UTUZZQ095LWxUY0I3ZDV3S1hwNU4wMnJ0MTBtV05WeVNHZmh4Slg2MUhRd0ZxTC1PU3Y0UWF0cjJWZmZ2c2ZxLXZmNFHSAYsCQVVfeXFMT0t0THpYS0pkSXh2V0ltRXZiVHlxX2ljeThUYVhybWdCck5WREl1SmNFZm82SEhfbHVQdVJIQ2YzdlR0cHBaM0pGTGRTb3FKZGM0NThHZkliY2Q2R091UW5CZXNfUm5lRGY3RnA4Tmp4eGdtTkZTNkV1LWk5UnZTZXFiQ192eWFCZDdOODRSaHFNNVZoM2pKakZxb2tfLTYtcjVCaDk1YURPQ2RsUjJlSzEwWDFTNUJYZVd3bkE3NWFhUEY5MU1OVE1GWUNPeS1sVGNCN2Q1d0tYcDVOMDJydDEwbVdOVnlTR2ZoeEpYNjFIUXdGcUwtT1N2NFFhdHIyVmZmdnNmcS12ZjRR?hl=en-US&gl=US&ceid=US%3Aen,The Economic Times,4 hours ago,⚠️ Drone Incidents,https://news.google.com/api/attachments/CC8iK0NnNTRXVFJTVTNobVgwaGtZbVkzVFJEZ0F4aUFCU2dLTWdZQkVJckh0UVU=-w200-h112-p-df-rw,2025-10-09T18:40:07.812232
Russian president: Ukrainian drone among causes of Azerbaijan plane crash,https://news.google.com/read/CBMipwFBVV95cUxQczdMSHhBaWZyWlRwcnFyT2RJWDA5SEtXMHJ4QnJZMlZ0SFI2bnRENmNWem5Baml5WE51OFE3aXNnR3hNbm42ZEFiLWs0MkgxMGtyZnJ1QnBYbl9uLU90WHN3c0I5U19vaWkwc2I0WHFuSUxZdFIxRzY5dlRWX3VlYXVGWVN4bEJoU0VNbVQwMnFfODQycWFnaGN2VjQwWkJZeUZoZk8wTdIBS0FVX3lxTE5XY21OZUpfekJxSXA1UW1iUkxNOUtkZWE3MnRjdFlUQm53NUVrZGZiR19WMXRxZDlubF95Q0pvNmFoYkFfNXJJb1ZURQ?hl=en-US&gl=US&ceid=US%3Aen,خبرگزاری برنا,39 minutes ago,⚠️ Drone Incidents,https://news.google.com/api/attachments/CC8iK0NnNURPVmRoUWt0S1dXNUZNblY0VFJDZkF4ampCU2dLTWdhQkVaUkxqUW8=-w200-h112-p-df-rw,2025-10-09T18:40:07.812234
‘Drone chor’ fears lead to UP lynching: ‘How can one be killed over rumours?’,https://news.google.com/read/CBMiygFBVV95cUxPUmlIYkFVMVNNbUIyYnA5N194RmNQalVhZkhHR3ZzZlp1RUZEcllOcFIteFN3aVgxQ29IUloxdGp2V01YbUpTVFFRN08za3FLVGNBc20zRkZ5eWstTnRsVE1YbTh5a2lsZm1kRUFmMmRfZ3N3WWFjZXJmQzR5LW55WGVmOHQ0dDBLRW1SbHI3ODgwUTc0WXJqVV9mS0c2Und0ZF9sTURmaUxoclZGb1hZUDlfRmdWUkxnaHZXc2ktdU83djJjQWlHc2FB0gHQAUFVX3lxTE9aOUNqQ0dFNDY5cVV2WWxTUlEwWnNwN0l5VGY5ejI4eENfX2Zldjl6V1VXNU5YYXdLWkFYbUxuWU84NjBOUUpBWVVrSkw2RTR4eVhwR0ZwVExlTlpuNXpEenNjdEhoazhHVF9qa1RFMTQzYnRSUmhSTVhDTFM3YktDcms5djhDdEtCcDJVQU96ZlhzSktkY2Z1U3FreHdSQWE2YkRZR3Jza2xjWlFJOXhuZFFRQjRsb3dCR2d2bXVpNU9HeWFSSjFfOElkUjZhRV8?hl=en-US&gl=US&ceid=US%3Aen,The Indian Express,10 hours ago,⚠️ Drone Incidents,https://news.google.com/api/attachments/CC8iK0NnNXhSVUpGWVU1Nlptc3RSMmxHVFJDZkF4ampCU2dLTWdZSko1eEZsZ28=-w200-h112-p-df-rw,2025-10-09T18:40:07.812236
Daily Memo: Drone Sightings Cause Headaches For European Airports,https://news.google.com/read/CBMiuAFBVV95cUxNelRiWTlJN0dGempVc2JWT0YzQVNyM0tZZkdrcWp6ZXZqa3pmV0F0S09PTWgzVUJicTc5ck1MbjBBNndibHI3X0tfc3NJSUVnM1JZVklXdnRUM1B6YkVTVURfaFVnSEY3QVQxdzB2dEZ5SmRaME4ybWQxTjJ4Rmp1VkpvbzJEaDNBZ0o3clRUS2FYNXJRWVhQend6T0xSY2U3ZHVPUkMtb0xuWjlfM3dDVUZPOVZlaGdW?hl=en-US&gl=US&ceid=US%3Aen,Aviation Week Network,49 minutes ago,✈️ Airport Drones,https://news.google.com/api/attachments/CC8iK0NnNXJURzkxYlRCU09VVlJXSEZYVFJDM0FSaVRBaWdCTWdZQlVJWlJIUW8=-w200-h112-p-df-rw,2025-10-09T18:40:07.812238
Germany news: Police to be allowed to shoot down drones,https://news.google.com/read/CBMilAFBVV95cUxNWmU2Qzg0QzBvZ1hjV01LX1p0aFNwZ2pJbzRidjdMamZfS3BZVHdOdVhxdGdyNFFqdDhLbTg1SlRJOG5BTkI3dEFmQXhCSm1NTkVnM0RTVUpVTUZnV2ozcXloUEV3ZUlxbUNDdXdDazdLam41N2RLdmJBM0Z2ZVlRejNfQklwcm93cGVLYlJvbDRiUkFo?hl=en-US&gl=US&ceid=US%3Aen,DW,16 hours ago,✈️ Airport Drones,https://news.google.com/api/attachments/CC8iL0NnNTZjM3BwYm5wRGQyWXROV2xFVFJDZkF4amlCU2dLTWdtQk1aYW5rbW85WndJ=-w200-h112-p-df-rw,2025-10-09T18:40:07.812239
Flights grounded at Scottish airport after drone spotted as police investigate,https://news.google.com/read/CBMilwFBVV95cUxOVU1zRmxVRWtIZnQwRmtYeExWcmE5UzhDSjJvak50M211NDV0QkxRUl9lUHExQmN6OEZlNVVFVFFZcjdQZVI2Q2V5ZGgtYURMY3BWRll6R3lkR3NSLTJTdlc2YmNzaFB6YnpNWXpLVERJQ1dWMlVFeVRLc2lGZkpJb01abGJBYVR4U1JfS2ZWVUJ0MEVwazVB?hl=en-US&gl=US&ceid=US%3Aen,TheNational.scot,2 hours ago,✈️ Airport Drones,https://news.google.com/api/attachments/CC8iK0NnNUVibXA1YVRsS2R6SkVYek4yVFJERUF4aW1CU2dLTWdhcDhZclFUQVE=-w200-h112-p-df-rw,2025-10-09T18:40:07.812241
Man caught using drone to smuggle drugs into prison,https://news.google.com/read/CBMif0FVX3lxTFB3M1V2WmpJdlY5SkI1SFA3VmQzM0NBb01BLXZOMkVWcnkwZ1dfOVcxQ1QyR00wSkJiOV9jNDVZanBxN1JWcDZHdEdYcWVjOHJJc2xEUFJvRVZMTjdhem5SZHZWbTNQbm1xTy1DdFpxVTlXOGhRYTc0M3QtNmlmQXc?hl=en-US&gl=US&ceid=US%3Aen,AOL.com,5 hours ago,🏢 Prison Drones,https://news.google.com/api/attachments/CC8iK0NnNWZkRzV2YzB4cWRFdDBRMFpXVFJEb0FoaUFCU2dLTWdhcGxaTE50UVk=-w200-h112-p-df-rw,2025-10-09T18:40:07.812243
"Inmates are having Mounjaro delivered to their cells using drones, says prison governor",https://news.google.com/read/CBMiiwFBVV95cUxNYTA0aHRzanJrLUJBYzRwT0NkOUJlWVdNQjhuajRSdkpmSGZPeDlfMWtHYXp4WkEyalU4NWNmQ0t3WnZ0aWRMTndRRnloUU5BUlc4S1JBV25MaTZ1Y2ZoTXoxekQyNThVY0VVdUpXSndtZzBsVDZwUFVBVEN5SHoyb3Jxd21JSXNMXzJz?hl=en-US&gl=US&ceid=US%3Aen,AOL.com,6 hours ago,🏢 Prison Drones,https://news.google.com/api/attachments/CC8iK0NnNVhaa2hsUlZOaVFUbEZWbFZhVFJDckF4aUFCU2dLTWdZbGxaYk1NUWM=-w200-h112-p-df-rw,2025-10-09T18:40:07.812244
'NCIS: Tony & Ziva' Episode 8 Recap: The CBS Spin-Off’s Most Unhinged Action-Packed Episode Finally Nails the Show’s Tone,https://news.google.com/read/CBMia0FVX3lxTE5VNWZJRnYyaVNSZXJDcU9SRS04WE5aVjcxZDQtallwdVFseG9IU25VakRmODljaTRFXzI4ZU05Z3JoSmgyblluVmRkZ0NnSVZ1V3hfUktTbl9QSUtTdHIxeS14U2RrSklmNmdj?hl=en-US&gl=US&ceid=US%3Aen,Collider,5 hours ago,🏢 Prison Drones,https://news.google.com/api/attachments/CC8iI0NnNW1RakZJZWtOb1MxVlhNVVE1VFJDZkF4ampCU2dLTWdB=-w200-h112-p-df-rw,2025-10-09T18:40:07.812246
‘Chilling’ rise in UK prison drone incursions – bringing in contraband,https://news.google.com/read/CBMinAFBVV95cUxOWGNRU21WaklBVUN1bzdaalo0cF9LU0FOMEw2TVJpd1EtUEpmQ0VZVHRqbTRDUndDVHI4dHdNSmxnZFAxQnl6bXF0ejBsRUlLUlU3Wm1aMktEdkxvY3NlNWFXQmRFZVhMS2ttVnZrQU9WR2l6YjJmVm5UWkhvV04tRGN4R3Y3RkZtV2FxYkJoWS16MTFUVFVVaEV0Z2k?hl=en-US&gl=US&ceid=US%3Aen,Channel 4,22 hours ago,🏢 Prison Drones,https://news.google.com/api/attachments/CC8iK0NnNUROVzVMT0dobVFscEdhWG80VFJDZkF4ampCU2dLTWdhSlFKYTNJQWM=-w200-h112-p-df-rw,2025-10-09T18:40:07.812247
Gravitas Special: Lethal Drone Boats: The New Frontline in Naval Warfare,https://news.google.com/read/CBMitgFBVV95cUxPV0tSZEtoSHI1aUxVX2xxWEd6OFZJbHBkMmQtcGh4cnd4MG9qSFRqSWtUb0lVbklERGxMV1M5ZU9NMkhzTHBMa2NweG1NSVkyaHkxZ3Vra2lEclZpa3ZWVTlZd2lZRW9jWFFhbDBkLVJZdW5tZ0xMRmpLTUNFUDFOZWxlT29WaEdzWC1nVy1DbDBVeFRySXY2Rjd3WTFnbFhWZVE2OTl0X0laLUVCMGVtZTZRVVdJZ9IBuwFBVV95cUxPbFdqTFZBcDhfWFU0VzVoVUY4YWtsRjkzUEs3WGYyM1o3cDJVWmx5cHVLa29NQmZGa3h1OUl2VUpjdGUtZzljaGpkLUQ0QjlxdG94aGd5S0hFWVRRVVlQZ1RqbllKT1BVWDlQSlBUR0tEYUt4UnlMemI0ZHR1TXl4UzNSMGNpYWtQeTJKRGxOUnBvMmNZZ2lGa3BoS2g5TWY4cWF5TnlKUUtMNlhEYW1JWHM2Z2pVa2FxUXJn?hl=en-US&gl=US&ceid=US%3Aen,WION,1 hour ago,🏢 Prison Drones,https://news.google.com/api/attachments/CC8iK0NnNDVhbFpvV2xFd1ZYSTNhekJmVFJDUUF4aThCU2dLTWdZRklwb0VuUW8=-w200-h112-p-df-rw,2025-10-09T18:40:07.812249
Carlsberg Britvic announces £20m expansion at Rugby factory,https://news.google.com/read/CBMiWkFVX3lxTFBRUDBCa2lTd3B3X1ZEZFhLZFJGQ0g5WDZzekp2QllUNmtJYlA4X2NoTHBaVGs3Y185RTdLbDNVMG9rQU9lVGxhSVVlb20ydS1ldmYyeDlmNlNuUdIBX0FVX3lxTFB3YmoxYW1ocVFmMG53RERrYUF5Nk1ZQUotWUUycGtvdFRyVjVPWTR5U0o0WnNDV2ZIdWpwUGQ1R01VOU82d2l5UHNLYjk5V3ZlZEM5N1ZFZzJzT3FMMzFz?hl=en-US&gl=US&ceid=US%3Aen,BBC,13 hours ago,🏢 Prison Drones,https://news.google.com/api/attachments/CC8iMkNnNVRUbU5ETkhZeVNEQlFjRzFUVFJDZkF4ampCU2dLTWdzQk1ZZ2d2V1EwUnhydVBR=-w200-h112-p-df-rw,2025-10-09T18:40:07.812251
