Title,Link,Source,Published,Category,img,Scraped_At
Israeli military says it intercepted a drone launched from Yemen,https://news.google.com/read/CBMisAFBVV95cUxPSDZKTWNYVHNVakp1dXo2bTVuY0V1QkxHSXVPaGZES3FqYWdoZlY0ZnlzdFBGd3VMV09yS29Ia1paaGN5VFgybzhIX1pzSkp1YXFLeUNRUFROMk4yZ2VMSGdvN01Ea1pkVWM4emtvRWJTTXVNajVoc3J5MmJkVFVQeldPS2l5SlVhXzhsY2IxSGFmbGYtUW42M2pCYUFkc3p3WnQ2aDFMYnVIT21laFRWdQ?hl=en-US&gl=US&ceid=US%3Aen,Reuters,3 hours ago,🎯 Military Drones,https://news.google.com/api/attachments/CC8iK0NnNTRSbm96ZVZaZlRYUk1lbG8xVFJERUF4aW1CU2dLTWdhQlFJclJNQVU=-w200-h112-p-df-rw,2025-09-08T18:40:05.870437
US Army soldiers kick the tires on a new class of multipurpose drones,https://news.google.com/read/CBMitAFBVV95cUxORU1HZ1BJbHRDLXE0OTFjSjctZl90clc1UjVJajUtWFFCXzE4T0p6SHA5S3AzeFF5THJGMEdOLXR4Y1VtQXIzQ0lVR2gtV0YzeWxYTEUxSFMwSGtzZ21wLUM3NGRGcDBBRGhMVEp2d2c0MWlINV9IQl83ei1kanBoanNBWHVsS2hXTE1pZl9Zb1hfa01jdkRna3RJV2R6aHZGdlpzTnhBSi1vb0wxQ2FlNjNsblA?hl=en-US&gl=US&ceid=US%3Aen,Defense News,12 hours ago,🎯 Military Drones,https://news.google.com/api/attachments/CC8iK0NnNWZhbEJqTldjM09UZGtZa0ZmVFJERUF4aW1CU2dLTWdhaFFZeU5wUWc=-w200-h112-p-df-rw,2025-09-08T18:40:05.870452
Army Rangers are testing out drones as anti-tank weapons,https://news.google.com/read/CBMibEFVX3lxTE42UHhEZFdCZ2MyS3V6NW5Mb3B6WTZoQXFYN0d3Tm1UeEJ3ZHNoZlJXWU9NcW56aFR0eUhHU0dNX09oVEtUNFJzTG1XclNVNnFYbXRFRG1sMlVHdmFrdVY1OGxGWVByZjlfcF94TA?hl=en-US&gl=US&ceid=US%3Aen,Task & Purpose,7 minutes ago,🎯 Military Drones,https://news.google.com/api/attachments/CC8iI0NnNXpSR05RUm5GV1RXOXZZVFUyVFJDZkF4ampCU2dLTWdB=-w200-h112-p-df-rw,2025-09-08T18:40:05.870455
Israeli military says drone launched from Yemen hits airport arrivals hall,https://news.google.com/read/CBMi1gFBVV95cUxPZ2FpdVJwVnZfR2swNGxLd2lnTHhEZWhvRGtLZmpwRWRma1YwSFpPaktfa01veVh1NmE2dTNjUVBFS2V2eUkwM3BxbXFSQzFjQUNCOWt3MWpuZ2gyVEVVdzlqX1EyUDV2QW9HcnBsMVZmMXFacVJzd1lYYmM5bFpGWXB4N2tiQnZVeF93ajM4M2ExLXFuSUtOU1BjWHEyaF9HVW9ocEhUM0JwaS1TaUM4M2dBWF9SaHZfaVJjcjZEVmxUaWNBU0ZTQ084bUV6NENYS0hQZGdB?hl=en-US&gl=US&ceid=US%3Aen,MSN,54 minutes ago,🎯 Military Drones,"https://encrypted-tbn2.gstatic.com/faviconV2?url=https://www.msn.com&client=NEWS_360&size=96&type=FAVICON&fallback_opts=TYPE,SIZE,URL",2025-09-08T18:40:05.870457
Drones for Ukrainian military to be built in Mildenhall,https://news.google.com/read/CBMiWkFVX3lxTE53U2V5UXI4WnJ6RnNPOEIydmh3TFlxZlFybXF0dUJtV25WNFdReGxvTWtZTFhtNHVyOXhrbkhzVGYwQWo3TElicTdEdmZ6cmduQVlONGlXTDR5Z9IBX0FVX3lxTE9sYmlnZFZiU2RNbVV4dXhYRmhISHlQVndTanEyVzZTR3p1MDYyaVJjUHk3M0hkb19jUlpIc0xmWGlKUDhSdzItdThoNWtFMzhxekxGYy1lN09LcDM4YXBZ?hl=en-US&gl=US&ceid=US%3Aen,BBC,3 hours ago,🎯 Military Drones,https://news.google.com/api/attachments/CC8iK0NnNVNaRFZzYW1GTFMyUjBaakZFVFJDZkF4ampCU2dLTWdZUlFJaFF5UVU=-w200-h112-p-df-rw,2025-09-08T18:40:05.870459
New Report Reveals U.S. Research Fuelled China’s Military Drone and Space Advances,https://news.google.com/read/CBMiuAFBVV95cUxQT0U5VUcwT2Q0RzRjc3J0Q2EwMUlqZVlsV2FvS1pYR3YxU0NCREg0RUo1OG54SFE1RHU3bEFJMklxYXRrX0VSTldJSlBSNV9QYXhWWkl4dWRoSkFjU1l5UmhCU0FKdlJvQmI2YXJOeXEtYWExOEVPcDZwbi02UHBhV3VnekZOajJkVUNaQkd6ekoxY0pMa1BlMW5aY1FpVnFWNUlPNVdISFQxZWt4Umd5ZXo4dVFJNDBH?hl=en-US&gl=US&ceid=US%3Aen,Orbital Today,11 hours ago,🎯 Military Drones,https://news.google.com/api/attachments/CC8iK0NnNWpYMjVUUVhsNFoxTmlOMFpLVFJDbkF4aUFCU2dLTWdZVlU1Q3JLUWM=-w200-h112-p-df-rw,2025-09-08T18:40:05.870461
Drones Lead UK Military Strategy As DSEI 2025 Opens,https://news.google.com/read/CBMid0FVX3lxTE04STR1VC1kMlZhZmdka0g2c1hiVlB4RXFzVzBUYWVHaFZObmh2Q09CX3hZOFhMTHVYa09SQm00VlFXbU1LRWxmd1lWNS1hOVo0YkFhZ09PNE9HWU9XYm93d3BmVGZDZHh0WFdWUjRPWVc5NzF6YjhJ?hl=en-US&gl=US&ceid=US%3Aen,DroneXL.co,3 hours ago,🎯 Military Drones,https://news.google.com/api/attachments/CC8iL0NnNUpXWEpoWkdGUVEzZzFTMlZ5VFJERUF4aW5CU2dLTWdrSlpJcXRSZVNwYWdJ=-w200-h112-p-df-rw,2025-09-08T18:40:05.870463
Ukrainian Drone Manufacturer to Open $250M UK Factory,https://news.google.com/read/CBMiS0FVX3lxTFBucmtyYUpxbHhMSDAyaXJPQVpvSG5aNlp4aEg4N3RNaGNEVWdRUmhTWF9OTXZUU1FQdHVOT3lBdXBFMG1lTmJFeHRYOA?hl=en-US&gl=US&ceid=US%3Aen,Kyiv Post,1 hour ago,🎯 Military Drones,https://news.google.com/api/attachments/CC8iK0NnNWpVRTVXU21rNVNXRkhUbXBmVFJDUUF4al9CU2dLTWdZWnc0ak1QUVU=-w200-h112-p-df-rw,2025-09-08T18:40:05.870466
"Geopolitics Weekly (Afghan Earthquake, US Drones, India Military Modernization)",https://news.google.com/read/CBMisgFBVV95cUxPTmtxM1RLd0pZRUNSYVhJaGJ6ZThZSUdPbXN3eEhfX0pybEdTR0VVZWltZm5yR3VIdm1qbVNHUTdHbnpxZklOU1NoRVBwYXB6WnB0VVVEYjAxZzN1NG5UVWVnMUw1LUJXSXdVOWZaa1p6X2s4WmFZWXg4Q3hqcmNkdnpxM243QmtEUjRfWkxndXZmUVBNd3E0VXhTbE9IOWxZS0FVcndtcURhOHZkVnBiRktR?hl=en-US&gl=US&ceid=US%3Aen,Geopolitical Monitor,5 hours ago,🎯 Military Drones,https://news.google.com/api/attachments/CC8iL0NnNUpUbWxhV1Zsc05VVlpVV2RTVFJER0FSaWNBeWdLTWdrUmdwTHNzT2FoREFJ=-w200-h112-p-df-rw,2025-09-08T18:40:05.870469
US Air Force's first official autonomous combat drone takes to the air,https://news.google.com/read/CBMif0FVX3lxTFBrX2VhSnc3MmdLMlcya1llX0RWWjNZOWU5UHVTbE14cGdacFNRQXNjZWdWc3BlUWMzaFh3Y1E3MHhwNHI1UU9jSm1vMmRUZUZKR09IT2g4ZWhrMnpwUGVMUWdCWjZVTTZQb0hLQW5RaFFGM3FIeGM0QmhpSDY1ZHc?hl=en-US&gl=US&ceid=US%3Aen,New Atlas,17 hours ago,⚔️ Combat Drones,https://news.google.com/api/attachments/CC8iK0NnNHRWa1U0UW1wcWEwWktibTlMVFJERUF4aW1CU2dLTWdZQjBJNE9SUVk=-w200-h112-p-df-rw,2025-09-08T18:40:05.870471
YFQ-42A: The United States tests its first combat drone - AERONAUT.media,https://news.google.com/read/CBMiyAFBVV95cUxQRnVaR29iNEhRTHdlYU1Ha0dEMk5lSHdlVnVaVlNEVmdKaGp3WjdlVTVpUGtrMVJyejRkd2R6Q3pMMlpCSE5YVUtZMU9lRjM5dlR6ZWJKai1ZbHFVNTFSbTdUVHJuUm1jb01qN3V6U2VRQ3RqeGVQOW1hZXR6emtKSk5KYjlabWZ5d25YVjNRbmZJc0hHYXcwNy0tZWhhVUFBcHNJdnZ6OEdrTWpTeGI4cTZiYnNyYktjbUJWdFNUelMwMkFjbm16bg?hl=en-US&gl=US&ceid=US%3Aen,Root-Nation.com,2 hours ago,⚔️ Combat Drones,https://news.google.com/api/attachments/CC8iK0NnNWtWMFo0ZWxKSk5rZGhWVTlOVFJDZkF4ampCU2dLTWdZUjBZNHRSUVk=-w200-h112-p-df-rw,2025-09-08T18:40:05.870473
Robotican Arms ‘Rolling’ Drone With Warhead for Stealth Indoor Strikes,https://news.google.com/read/CBMiekFVX3lxTE8wS2xiOG1UX3FOdHJHanZRaFYwemRicXBFb01GOWl2TmFCeFZtWlk4V0ZmbWEyMGx5SV9qTDVOd21YWFo5d1dyOGZXYWp0LVB0SzRaUlZkRVFqU0JuejJxQ3BUX2s2Q1lNcVV6VElWRkhnUFhWWFIzTkF30gF_QVVfeXFMTkhmeWtFdEVnQlRLNGNaOEQxVUQ3cGlyTkFoRlV3ZnAtRmJNQ1RQZ0ExR2pQQ3RJaGdWUGNLSEs1dHo4RVZhZmVPM3F4WERySWx3Z2YyeXBkTnJURTRtR1p4ZXNLS3gwMWhHcVloOVdPRlhLQWRnbTkxcWx2LUNyQQ?hl=en-US&gl=US&ceid=US%3Aen,The Defense Post,2 hours ago,⚔️ Combat Drones,https://news.google.com/api/attachments/CC8iI0NnNDBOMmN3VDNBeE5rdFhVbWx1VFJDU0F4ajZCU2dLTWdB=-w200-h112-p-df-rw,2025-09-08T18:40:05.870475
"""China Unveils Fighter-Sized Combat Drone"": Beijing Parades Autonomous War Machine That Matches J-10 Fighter Performance While US Falls Behind In Unmanned Air Superiority Race",https://news.google.com/read/CBMitgJBVV95cUxQeUIwR2VfTFdxMUJseFQxNWpfd0xJWjJ5d2h6b3p6NjhWWnoxdm9UdS1yQm5FejJiSUFTSkw2WlNNMUxYQmY0Y1k2ZmlxWmtBZk5NaldQcUNaZzJDeFhuemhmSW9rWFdrcmNfb0tubTJzU0U5M004VGNoSEhDUmtkVFB0VU1YZl9IWlA4N0kzbV9PcE9ZdWFBOG1uTk1WTGhRbmw0ZndSRnZ1ZHdfWUttaXdJYVNTTm5xa2UweHR3R2NhZ05FbXR3eXFSVGZIbDYwVUZCNlRBTzRKX1lVWmMtbmdOd1UybENzb2c3QWxleXhGVWltVTBfdFhlVGZuSTBxQk5WQ2ZQMWRLZk1VNkh5T3lzaE95c2tnZGZnOXBtc3djdXNaa29sYUdtenlSczJKU1FwXzZ3?hl=en-US&gl=US&ceid=US%3Aen,Energy Reporters,6 hours ago,⚔️ Combat Drones,https://news.google.com/api/attachments/CC8iK0NnNXhURlpOTW5RdFQxWkhRblZuVFJDZkF4amtCU2dLTWdZSllJaU5zUWc=-w200-h112-p-df-rw,2025-09-08T18:40:05.870476
"Top Ukrainian commander says drones hit over 67,000 Russian targets in a month, offering a look into the onslaught",https://news.google.com/read/CBMirgFBVV95cUxOVVZkSl9Yc3JjTWtzVVdjOE8tM3ZFOGhkVGRZVThLQ0dwbm82MjFZS0lKZGlBSUd5ZzRyX012c1NrUG54MHpZY0tXQVpHTFlSVXRfSmdrcmxlemcxcE8wS0ZaZGdpMm1FRlJYdFh6Uy10aklDZ2FtZUNuUXk4VnVRc3hTckdJUXJ3TTFWTzlMSWNpSWU1aFNSdDZ2enJ2NFk4aWg1N1VTT2dFVnFhWkE?hl=en-US&gl=US&ceid=US%3Aen,Business Insider,4 hours ago,⚔️ Combat Drones,https://news.google.com/api/attachments/CC8iI0NnNTVORTlIUlZka1lWaERSak0yVFJERUF4aW1CU2dLTWdB=-w200-h112-p-df-rw,2025-09-08T18:40:05.870478
Ukrainian combat drone maker to create 500 jobs with new Suffolk factory,https://news.google.com/read/CBMiggFBVV95cUxOSUpLei1KSVlmems4cTBsLXNQZTBVdjFFMlB3anJCQVcyYUN3d191OUZDRGhBNUVjVHBvRzdEaGhNTGR5RmlQc3gydVBEczJjdTE5TURtaDdvRDJodWlBOVRLTzZieUgxbkVaSXhWOWFnRGNlcW1TckVXckQybFU0TUpR?hl=en-US&gl=US&ceid=US%3Aen,Yahoo News UK,5 hours ago,⚔️ Combat Drones,https://news.google.com/api/attachments/CC8iK0NnNXhWSGRrUVhKMWNWRTRNVTVYVFJERUF4aW1CU2dLTWdZdFJKS1BwUWM=-w200-h112-p-df-rw,2025-09-08T18:40:05.870480
From 4K to 25K Drones Per Month: AIRO-Nord Drone JV Brings Battlefield-Proven Tech to NATO Forces,https://news.google.com/read/CBMisAFBVV95cUxPVDBZZmI4eVlWaGYzcEpwU2hFUDVYOHpYaEd6MXFpNWFhN3Q3ZFY4NFhkSzhRbjRGSTNmYkhiaHpHZUZRY2xOTlRJVVV0NzMyTElyOS1HNm5JOVRGQWs2ZXdUZDN0RTdGdlZiaXdrVm5hd0k4UGJNa0hGYjVaSTdKZktaUzhPNkN0bUdNWU5mdG9oTWRoZjBTVEhzWE9IUnF6RE1MRXduN3g3c0dkd2lZQg?hl=en-US&gl=US&ceid=US%3Aen,Stock Titan,5 hours ago,⚔️ Combat Drones,https://news.google.com/api/attachments/CC8iK0NnNVdaVko0YWpOdVVHeGhYMHBEVFJEQUFoamdBeWdLTWdhTlFZeHRvUVk=-w200-h112-p-df-rw,2025-09-08T18:40:05.870481
General Atomics’ YFQ-42A Autonomous Combat Drone Successfully Completes Test Flight,https://news.google.com/read/CBMiiAFBVV95cUxPcVJIMVE1QXJHN2RYRXhwU3JZNHV6Yk5OVGI1b0FCbXZtdFRjOXR6RHNZaFRHRVhqMjM1bmFrYmowNFV5MU5BaXpjQkl1R0hvWUZHWExGZHp0ODQtOFREX2d3cng3bmV5UmhkNVpNUjJTR3dCT1FfeUh4eEdDREZCbldGUmxWTzRy?hl=en-US&gl=US&ceid=US%3Aen,TechEBlog -,12 hours ago,⚔️ Combat Drones,https://news.google.com/api/attachments/CC8iK0NnNUpVVk5JT1hOcVJtZFZYM1ZsVFJERUF4aW1CU2dLTWdZcDhJWXh6UU0=-w200-h112-p-df-rw,2025-09-08T18:40:05.870483
Trump eyes new sanctions on Putin after largest-ever drone attack,https://news.google.com/read/CBMilwFBVV95cUxPRlNVZ0pVc3ZxSDdUazMxWnZzUDE2UGh6ZHVaYmYta3JXTlVLVFZXRmFpeElsOFBfWHVxWXhOZVExZ1BNM0I1cUJHc1hQRi1WRVozMTRkZDV6R1ZteklPb05VY3BOTHljQlFwWVlRaFB6azR3SmFHNS1WR29uY24yYlYzcFVYemJhRmhrdFJuR1BUTHYtMlVv0gGcAUFVX3lxTFBrU29lV00xMV9YelI2YWZ1WDA1ekZ0SzJQY3pfMXUtX0dzX1hVQ3FXTGNCUDJBY3RqLU55WUcyd0pVUmV0RDhEdG81SlpYT2FPR1puclU0bDN2SjE2NTA3c2U3WGVxNWN5cXl1WnkwblZreGRSRFNHelc5VERHQkUxZnhlb3U2c0pJTFJEVTB2X2YwZHg5Y3RGcHBhcw?hl=en-US&gl=US&ceid=US%3Aen,Fox News,3 hours ago,⚔️ Combat Drones,https://news.google.com/api/attachments/CC8iK0NnNWlUMWRDVjBreWNXTmpRVkV4VFJEakJSaWZBeWdLTWdhQm9wUlFOUWM=-w200-h112-p-df-rw,2025-09-08T18:40:05.870485
Video Ukraine hit by biggest Russian drone attack since start of war,https://news.google.com/read/CBMinwFBVV95cUxNVWtra0duUTFZdnMyWUFNUkRRWG9aSGtzODhuSkU3ZnBHTzRNRG9WX3RtZDJrM25sSzJLYzdDTElwMDZRMGduaC1laHRWektvOW1oOVNoT2VYV3c0ZWk1eldJdWNCRVVFY2kwMzhiVmJnclpncFZyendDNGtLR3ZGU0RvcTNIU3EyYzJmbk5odjZOX1pKVTJoZXNiNW5vWTg?hl=en-US&gl=US&ceid=US%3Aen,ABC News,7 hours ago,⚔️ Drone Warfare,https://news.google.com/api/attachments/CC8iK0NnNTBZbHBaWWxKRWRqQklPSE5UVFJDZkF4ampCU2dLTWdZUmM0cktNUWM=-w200-h112-p-df-rw,2025-09-08T18:40:05.870487
Data-driven drone strikes allow Ukraine to optimize battlefield tactics and track Russians in real time,https://news.google.com/read/CBMi4AFBVV95cUxPZDNhRWI1WjNvN3JNTm8wVThLS0Z3YkJmb216Q3FkQlNLckJzOXhWSlp2eHJlTmtlUmY0Z09mcndOVVdGX3BveXRZQWRqeHd0RklRYXdWV3BDSDRqZlJFRFEwUldvaVBlSmRCWGkzZ0JzMmhCclI5OWlMSDZuUGhUSWNPNkRPYWEzN1VRSllOR1Y3RXd5R19jYUVIb0kzNDZqQmdLMmtheXh3NVlXZk45MUlZZnAxY1piZkxhVDBrdUtuSUdycEY0OXBGTG1jWmZaTVVSTlRPYlNIaUQ3aUE4bg?hl=en-US&gl=US&ceid=US%3Aen,Milwaukee Independent,8 hours ago,⚔️ Drone Warfare,https://news.google.com/api/attachments/CC8iL0NnNXhWVnBTVjJ0WGJXUkVVRWxwVFJERUF4aW1CU2dLTWdraFE0cE5zYVZVcUFJ=-w200-h112-p-df-rw,2025-09-08T18:40:05.870489
Furious Trump vows to 'settle' Ukraine War once and for all after baby ruthlessly killed,https://news.google.com/read/CBMijwFBVV95cUxNT1lUclVCYmFTcjM4V2lHSHRTU2IxX3o1NnFJNmNKM3hTcUhBRkVKTjMtRlhNYVhuN3lTU1d0dExjQVp4RlRMcmk0VmkxWmJENU1xWG41OFFKVzBXc1loU2xlVGpJQkJmT1B5cU5qVmtSMk45Zm5YWlZ3b1Q0dFk1ZmtoWEo0TWRsZTYyUnJQSdIBlAFBVV95cUxNSWJJMkV6ODJWQ0tKRkxSYm9FQUgxY1BtSldweGJ1cXRTZE5vYkpjZnRKVmJJNV9fcm01Wno3MGw4dDlKT0dfWlR4SjlZNlhuVlpnSW5IN0JKS0ZXcGdndHlramh2V1M5V2ZRZ3lTV2hpWTV2QU1ua1NmVVdndzV6NGtiRlUyZEljZkxlaWtLSF9saS1v?hl=en-US&gl=US&ceid=US%3Aen,Daily Express US,11 hours ago,⚔️ Drone Warfare,https://news.google.com/api/attachments/CC8iK0NnNUtNREV4TTNWb1VtbGFaM2xYVFJDUkF4ajhCU2dLTWdhaFFvYnRuUWs=-w200-h112-p-df-rw,2025-09-08T18:40:05.870490
Russia launches largest drone strikes of war,https://news.google.com/read/CBMidkFVX3lxTE4yUlBMc0lnS1lpc3oxdVdMSGk5dG1ONTgxMDdXaWtlemQ4TklDOHFMTlJrSGhrLWRpYkpLSjRrMXVCSFEzX1ViV1B4UGVfbFNyZ3I3dlJ1WTJ6eTE2VVZnc1pES3JHSk5qdzhiSkoyMTZKTVZhRGc?hl=en-US&gl=US&ceid=US%3Aen,41NBC News,1 hour ago,⚔️ Drone Warfare,https://news.google.com/api/attachments/CC8iJ0NnNHhhbFpTVTJkUVlVMUVkVEZ1VFJDZkF4ampCU2dLTWdNQndBQQ=-w200-h112-p-df-rw,2025-09-08T18:40:05.870492
Russia To Deploy First Fiber-Optic Naval Drone to Black Sea Fleet,https://news.google.com/read/CBMirgFBVV95cUxNcEpzd3EyV01NVHFyMVBOWGhYeUJoRDBCUUZZcDN3elNyU3BmalB5ZUpRU202YlJiUzk3QlZjay1mVXNuRkRaY3NlaDIyZnpuRWJmUnR2TmRLZG5zMTczaWlIYVFxV25jNUg0eGZTLVNZZzFaSDFDU05xNlUzdEZNVElwZGNWdVUwMHJLV3ZKbVZRa21YV2pVVkI5MWxvV1ZWeV9lSDZPTjZBa3llLVE?hl=en-US&gl=US&ceid=US%3Aen,UNITED24 Media,15 minutes ago,⚔️ Drone Warfare,https://news.google.com/api/attachments/CC8iK0NnNTJVMXA1YVVKRE1pMTBPR3Q0VFJERUF4aW1CU2dLTWdhQlpJNnVzUVU=-w200-h112-p-df-rw,2025-09-08T18:40:05.870494
Ex-special forces soldier sets-up drone defence company in Swindon,https://news.google.com/read/CBMiWkFVX3lxTE4wZkkzVDZ1N09rUEtzcTYyVGNvbGJNc1B3am9jdzhLbmxVcHVHNWxIVFhwd25tanVhdTZOcExtNkpIWmd5U3ZpcFJGcVFiRjhheWNrQTlkUVpYUdIBX0FVX3lxTE5OLTdnRVQ1NzJtRjNudmgyLU82ak1RNExkMGdaQXZGSWgzb0VHWGk0NEExS2dpQnMyWjNZeTNpbURvcnE3QkpzNVl0YjJJWnRValotRlVVVC1qMHRfYWpJ?hl=en-US&gl=US&ceid=US%3Aen,BBC,13 hours ago,⚔️ Drone Warfare,https://news.google.com/api/attachments/CC8iK0NnNWpUMkl5WVdRdFJqWkNlWGRHVFJDZkF4ampCU2dLTWdhcFpaRE9LUWM=-w200-h112-p-df-rw,2025-09-08T18:40:05.870496
"Russia hits Ukraine with biggest air attack of war, sets government building ablaze",https://news.google.com/read/CBMixwFBVV95cUxNYlF3NGFyX0Mzb2I3Njcxck41ZlVYbjQ0aWpjc1dsUnVzRk5wU2ktOWk4Sm9kOHRPTUlaQWUxYWJYS1l5Z1JyWHlXMkFXSWtVbHp2bW1GVDBiRjVIS19wRzFFOHpEcjlqalFWa3VjRWVhWGdCSHZMM3h4WkFOQ0hmVVNoVjg0UXg3TjE4S1ZWZTh4TEI3blplczk2NmtXeTRqREdRNzlBNm1kMGdCZDUxa2FiaFNBT0tDUmdKYUd4QUtuS0N6YkdJ?hl=en-US&gl=US&ceid=US%3Aen,Reuters,12 hours ago,⚔️ Drone Warfare,https://news.google.com/api/attachments/CC8iJ0NnNVNSMFIzYW5vMmNFRlFjVXgyVFJDUUF4ai1CU2dLTWdPQjBRZw=-w200-h112-p-df-rw,2025-09-08T18:40:05.870498
Drone Warfare: Southern Israel's Ongoing Battle with Yemen's Houthis,https://news.google.com/read/CBMivAFBVV95cUxNSGVVaW1NNkJxekp1VkVRSmF2Y01uVDhoY0hOb3RjNF9HTXIyNVd6YkdubDV4ZXBicWJFeVhQVlBzQkVxaWJrNTNDenN5U1dUamhWbC1ySnVEdGt5MGJ3c1laSjc3SDdKWWRpdEUxSHUzTy1wcG8zbDdtdGMxQWt3SGhBcTBqaDZaeXA5VGJ0bHpxMEZyX2hBblc0RmhkS3V4bi1ncE1YNFJLR3ZQLUtVTVdoTUtXUXEwUW54QdIBwgFBVV95cUxQX016U0Y3RXdZOWxoVVQ0SWhjTHNzOFdoRnRxYy1uSjJyZUEwUnR3VjFSUkdFZEdLOUlXOHktRXRzMWVLOUR5eFp4R0ZWMDI0bl9jcDJzNDljaS1MbWVad2Y3VjZJTzBhcUU1TU1wcnQ4YkpFVTlIWTRDV2FtajdBajJrNVkyZDdTNnhWZkpVaDZtOTJiWHFJd0RndXI5T2N2SlBWZXNYaml3NFNCMGlFWDI0eFVEWFR2aGZoUkRUQ29Pdw?hl=en-US&gl=US&ceid=US%3Aen,Devdiscourse,3 hours ago,⚔️ Drone Warfare,https://news.google.com/api/attachments/CC8iL0NnNHlaa1V5VDNWMVNWRnhOVWczVFJDcUJCaXFCQ2dLTWdrUlFvaUtvU1JONndF=-w200-h112-p-df-rw,2025-09-08T18:40:05.870500
Russia Strikes Ukraine In ‘Largest Drone Attack of War’,https://news.google.com/read/CBMilAFBVV95cUxNQW5EdV9iUEh0UDYyZnoybWFWWXN5dW95UnIySG1aQ3JYYmlEYktnZ3FZYU9kdzVMZ0Rjb0lJTl9oYnF0UW84alZDd21MMlRsdUdPeTF6Q3l1elFpeHNYcjJXV2NoUVd0bXpLTmtvQW9nNWVyZ0x1UkZnczkwU1EwY0k4aDdUd2tFdTFMMlBGbVpZWjVQ?hl=en-US&gl=US&ceid=US%3Aen,National Security Journal,5 hours ago,⚔️ Drone Warfare,https://news.google.com/api/attachments/CC8iK0NnNXNNa2xwV0Y5b1IyWXlXWHBJVFJDZkF4ampCU2dLTWdZZGRKS3RxUVk=-w200-h112-p-df-rw,2025-09-08T18:40:05.870502
"Russia Launches Largest Drone Strike Against Ukraine, Hitting Government Building",https://news.google.com/read/CBMixwFBVV95cUxPbThtWXJDUThoUTJWdUNIbV95YUVJUTlzSE42UnVvLXlnLW1fX3MwNFJTZWp5aEFhcEdhX0JfU2stYVpyRnpFVFg1UDRJSFNFNnk3bVF5Q1ZwbjczS0xwQi1qdHhMTVVhMVhnTW5TbWVGNjhhZWNoTEpxY2JCTWNQQWpNeVdzZ1dTV1JyUFlOTERDcldONDFFR0tDdUhWazhWZ3Z6TmJPVjUtTTlFYkJOdm8tTUw1VkhxX095WGoxeG9wSGpudnY0?hl=en-US&gl=US&ceid=US%3Aen,Democracy Now!,4 hours ago,💥 Drone Strikes,https://news.google.com/api/attachments/CC8iI0NnNTVZME4yTUd4Q056ZG5OMXBhVFJDb0FSaXNBaWdCTWdB=-w200-h112-p-df-rw,2025-09-08T18:40:05.870504
"Russia drone strike on residential buildings kills baby, woman",https://news.google.com/read/CBMi6wFBVV95cUxNMW4wcUtmSkEyMDVXdVR3dm1kRUhDV0ZSQVZNb0NqenJXSkx5SnVxZVk4VjFUT0tPaHc0ckNCZ2dZd201ejdqOHpBSGEwd1dhRF9WeVNwSnFvQU9OR01sUWs0cnZVREtNU3dVMGg2QjJoM1VrM2tCYTdPdll4NlIwX1lvcy1MQ29UcTQwbkluMGZEbjJkcUxnTXlUU0hHVXJacFBhUG81T0IyXzE3anBDUVBDT2UxUjZrSUhzdGI4dTZmeUR2Z1dUaWlwOFVUQ3B5WnhzWHFrS3MwX05mSFRybmhGVXdkWlVxMkRR?hl=en-US&gl=US&ceid=US%3Aen,WCNC,6 hours ago,💥 Drone Strikes,https://news.google.com/api/attachments/CC8iMkNnNTRZazFLWjFaaVQxaE1URWhVVFJDZkF4ampCU2dLTWdzQkFJaWlQQ1FsSVNwcUxn=-w200-h112-p-df-rw,2025-09-08T18:40:05.870506
Massive Russian Drone Strike on Kyiv Regional Power Plant Causes Outages,https://news.google.com/read/CBMiS0FVX3lxTE5wMk9wTGFsUXJMXy1XX3FWY0dycVJLcFhvcU01OWlqa21SWHN3UlZ3UVN1SVJGYS1lUF9WYnVMc3piV2U2YXlhdXdvbw?hl=en-US&gl=US&ceid=US%3Aen,Kyiv Post,5 hours ago,💥 Drone Strikes,https://news.google.com/api/attachments/CC8iI0NnNXZOR1IwZG5wVGMxTjFObmhsVFJEZkF4aUFCU2dLTWdB=-w200-h112-p-df-rw,2025-09-08T18:40:05.870507
Zelenskyy Demands 'Strong' US Response To Latest Russian Air Assault On Kyiv,https://news.google.com/read/CBMioAFBVV95cUxPQkVubE5tRWp4aEJlRU1DLTJKVXFocU5odWYxaHpKTnRlUHBEc05xRmFWQk1NbnRHRVlSTUFUTGdCNlpTdHpab185QVRvZDR2Y3UyUGdIdE5XNHJZMlctbFpQWDF1bS1ldmNfN2dPSWlOUXh6ODFSS1B1TVo4NVRydGZ6czZJUDAxaWFSUnF4REdJbXlocktlYVdjdlRSZTh30gGjAUFVX3lxTE5PdGpvcnpXYmxER0hfbTF1bXVza2tEdjdPUEItVkdJTHUyOVU1emd1c1dtMGVQOEZaRkNZT2JpM0xDSWNKaHV3cmdBSnR6RjdHWHVKWi1kOERMbnJrYTdUUjExUkVFWlVIb3BqYi1oTHctWk8tT2lYcU00eDN1Qmc2amhpZFlhM0hVZE5BZUJhVUFndmhCVE51aEhnNUV4bWp5Vzg?hl=en-US&gl=US&ceid=US%3Aen,Radio Free Europe/Radio Liberty,6 hours ago,💥 Drone Strikes,https://news.google.com/api/attachments/CC8iL0NnNWhPVmczV2pWcWR6ZEVYMnhtVFJDZkF4amlCU2dLTWdtTm80QW9TdU5ybHdB=-w200-h112-p-df-rw,2025-09-08T18:40:05.870509
Russia Strikes Ukraine Government Building in Largest Drone Assault of War,https://news.google.com/read/CBMihwFBVV95cUxPbjVOSTVHU1BtOEhJeGdmUTdVZE5RNDJ0dm5JUktTWXR0amFpdGpCRFp1MjEtTFRvdXdrM2NYdDBEajNIMFVMLVF3NU9Wd3hFSFZXaDFFbDViQXg3TnRPMzZOZkZ3YUh1eVRmOEszdjVPcnRGZGphTWpOa2NWbVhJWmdiblFfbkU?hl=en-US&gl=US&ceid=US%3Aen,The New York Times,23 hours ago,💥 Drone Strikes,https://news.google.com/api/attachments/CC8iK0NnNUxNazlPY2tsWVlUSkxVRFowVFJERUF4aW1CU2dLTWdZQnNJSXN3Z1U=-w200-h112-p-df-rw,2025-09-08T18:40:05.870511
"Russia pounds Ukraine with largest air attack, hits key government building",https://news.google.com/read/CBMirgFBVV95cUxPZXRtZUtrTklBZENTRlh4VHZCRTFoR2ZIaEk3UmJUamRBdzJTbkZ0c25aNXM1QTdTMW9SemJ3UlJoY1JUdnRmZFBuRXJGeHVlSURkWW5TQ2k2RWxGc1g5RmUzUnBVWmZwWTJfQmE0UVAwdDMybnI5cGZXQ0daR0lVZzkwbnlMRDVCM0c3eVg0SHFaX0hQellRQUFfTS0xY3R1akNDT2FQVER6YmtBemfSAbMBQVVfeXFMTnc5SV9WWjA1VmU5ZGZZRjFHQ0lyVHVwcGVBR2RleXc2Wng2QWRZRUJZRUhvSmFEeE11ZG5ocWN2NElvTmZrOVFjMmNNZTh5U3UyZnJla2ZSMkVwRi03MFpqNUg5dzJKTDJTQTBGU3dtdGVjNmNUV3RsQVpPWktmTVROc09WYXUzc2JYS2wxVjRHcTZiMmlfYW42QzUtMngyYURuc195b2k2UmRIelZDNDBEY1U?hl=en-US&gl=US&ceid=US%3Aen,Al Jazeera,16 hours ago,💥 Drone Strikes,https://news.google.com/api/attachments/CC8iK0NnNUVhRXhzVDFNMFRVYzFUR1owVFJEZ0F4aUFCU2dLTWdZaFlwQk5LUWM=-w200-h112-p-df-rw,2025-09-08T18:40:05.870513
"Houthis celebrate drone strike on Ramon Airport, threaten further attacks: 'Real revenge hasn't begun'",https://news.google.com/read/CBMiVkFVX3lxTE40RWYwMUN2NGRlYUZxSi1rT2hhX2dtZ29RWDVmWHF3WXNSVDNVRTg5SDJnY3pteVhyV0dfMnlBRDFacTU5b2duNWtlcHM1aUFiekRaQk9R?hl=en-US&gl=US&ceid=US%3Aen,Ynetnews,12 hours ago,💥 Drone Strikes,https://news.google.com/api/attachments/CC8iK0NnNTRTR2hVVkhWU2JrNUxaRWM1VFJDMEFSakFBaWdLTWdZQk1JYXN0UVE=-w200-h112-p-df-rw,2025-09-08T18:40:05.870516
IAF intercepts three Houthi drones in 30 minutes,https://news.google.com/read/CBMieEFVX3lxTFBWNFQyNFVRR3NqTE9zMmNuc1lfY0dHV28xbTdlajdMZGVTT0MwSEY1dUJDNWFxOUU0S2lBMU5kLWh1cXVZRjh5T1lkbC1aZk5JTGxrVkVPZ1g0YURzTndFOUpjcl9nWVVhU2lGdE92Z1N2LWhfd1RXLQ?hl=en-US&gl=US&ceid=US%3Aen,JNS.org,6 hours ago,🛩️ Military UAV,https://news.google.com/api/attachments/CC8iI0NnNVJWR1IzWHpaeFYxOXFNV3RaVFJERUF4aW1CU2dLTWdB=-w200-h112-p-df-rw,2025-09-08T18:40:05.870518
Lockheed Martin to build JAGM and Hellfire II radar- and laser-guided missiles for helicopters and UAVs,https://news.google.com/read/CBMiqgFBVV95cUxPTHk0RmpTY180VkwwelB0TGtYUkkwTVpjaVcwMkFYZF9ZOWlNU0xsYzRuR3pRLTNUMThpYnRrbmlVSG0zZEVfa0RDOWs2dVdWVFZDeEJjektqSXFPd0QwUHNHVVJHVTRSOEhtTGd5RlVNSEpjTUJvYlhWbjdoZE8yd3ZWVTVwaVh2NGUwd1FJUkg5LW5ESHZjTHRZNFRUMHplTk5nbXI4NVJZQQ?hl=en-US&gl=US&ceid=US%3Aen,Military Aerospace,8 hours ago,🛩️ Military UAV,https://news.google.com/api/attachments/CC8iK0NnNUVaSEpsU1V0dk4ydE9YMjlJVFJEb0FoaUFCU2dLTWdZQkJZSW5tZ2M=-w200-h112-p-df-rw,2025-09-08T18:40:05.870519
Israel air force intercepts three drones launched from Yemen: military,https://news.google.com/read/CBMisAFBVV95cUxPMU54TGlrMVhBYWhHSDBMbnVPbzl3ekQyd2tPUWFQZGZXQjdrd1JwQVkwNHdCNkRBVHlfMFJlNGJOejRLVTlpeGdRdWRTX0lSelh1b0pPT0NXYU1hUjE1VTFHR3ROMkNncmk1N3JPcnVkZENVRkxuTWNYLWRDX2tZbFlrTGZlTmZqaEQxT1N2eGlnRmFhd0NsRlJURElVdUxoUWp6Qms4dkQydG9kXzM0Rg?hl=en-US&gl=US&ceid=US%3Aen,Space War News,16 hours ago,🛩️ Military UAV,https://news.google.com/api/attachments/CC8iK0NnNWpjVWROY2t4MVF6STFMV1pGVFJENkFSaXNBaWdLTWdhQklZREU0UUU=-w200-h112-p-df-rw,2025-09-08T18:40:05.870521
Fear of Debris and Law: Why Poland Isn’t Responding to Russian Drones,https://news.google.com/read/CBMiogFBVV95cUxNZXI2TEZmbkZ1d29yMnpnMnlsLTY1TGJyZ0lyS3lJMHhET0s5NS1kQmVfWWt2MTJpcFZ6azlSenpPZ19IOXVxMnpUOGlUNVBwMGlNT2dvN2ZkVVZDZWZ0Nmg3ZFBlYS02MTRwRjQwVk00YzBkNDE0a3p3eXBkSjFNbUxnWkNHcjlsYnRWMUNlS2FRZDJtbDFGbUxoODIzcmhiMWc?hl=en-US&gl=US&ceid=US%3Aen,Мілітарний,3 hours ago,🛩️ Military UAV,https://news.google.com/api/attachments/CC8iK0NnNDViSEV0YzBWRGFEZDFjbTV2VFJDS0F4aUxCaWdLTWdZcFlaTDBMQWM=-w200-h112-p-df-rw,2025-09-08T18:40:05.870523
Russia Downs Seven Ukrainian Drones in Overnight Attack,https://news.google.com/read/CBMimgFBVV95cUxQYXJXZTdyWk42YzRKLTFKUURSWWJBQ0p5dmRpeEtWTTFjVElyZnd1QTZ6OVVNNnlrbFdZTGhvVVZjNy1LOWhhWFQxaVlRSjBPcjJKWlBtNllHYWF6ZDFxZWZ0dHZueEZ5VXpqanJDTlNja0JLZl9iNDM4N1RQVXRGYTR5cGE0eDFmS0JUYTNaYzZ1b1RIS0p0Y2J30gGeAUFVX3lxTE5zMDdsTWVaaEJuU3I3SDliWFVhNTBCR3k1Rk5sdkZabzNkaURhNy1saEwxWTJFNjBqWDlDYU5QbmtNMXhZeXRkRVEyZ29mQ28tbTRPcTJtUjRCZGdiQ18yUEJIZDVMcWxrYkZCQ3FYX2UyX2NxLUtGdy1YY2F4TThPcVR5cDFhUGJ3Q0V4ZjdSVUJzOC1TRWZFNFNNQkt3?hl=en-US&gl=US&ceid=US%3Aen,Военное дело,10 hours ago,🛩️ Military UAV,https://news.google.com/api/attachments/CC8iK0NnNUtTSEEzV1RFNWIzRmtObTl5VFJDZkF4ampCU2dLTWdhcFE0eXVJUWM=-w200-h112-p-df-rw,2025-09-08T18:40:05.870525
"Houthi drone smashes into Israeli airport, injuring 2",https://news.google.com/read/CBMimgFBVV95cUxNYXBRbGU3NTRQQ2FDYWdQU3J0b3hFNHFxQW1xbjE4WXNqQzhBeFhZTlpJb2xBTWtaOUxzYzBzX2FadVRhUEZfbUR0TDdZVVk5bDRJVkRSOGlJTGZGcGFSR2FFRnc0X29rZGdhWGh2ZGttWVBybkZ6VENmekR5eEhueXV4SElkMXJsUWJ3aHB1Y0l6MWdjeWRZcGx3?hl=en-US&gl=US&ceid=US%3Aen,New York Post,19 hours ago,🛩️ Military UAV,https://news.google.com/api/attachments/CC8iL0NnNW5OaTFKZWpsWmVXcHdkRk41VFJERUF4aW5CU2dLTWdrSkVJZ1JsYVI3OGdB=-w200-h112-p-df-rw,2025-09-08T18:40:05.870527
Flight of the Flamingo Spells Trouble for Russia,https://news.google.com/read/CBMif0FVX3lxTFBOOUtZV0VYcF8xSDROQWRNOS1CY094VHJ2NlRpb3NiWjFhajliTlpXaWZ3YVZYSk1XUTBESG1oT3NJaTZZV1g3SnlLWjFpSU5QNXhGR0EyZGhKTGZLV3dWUElQTlFqLVZZaTdKaHVJNnVsQW9MeEFSdDd4OUR2Sjg?hl=en-US&gl=US&ceid=US%3Aen,Center for European Policy Analysis (CEPA),5 hours ago,🇺🇦 Ukraine Drones,https://news.google.com/api/attachments/CC8iI0NnNW1TVjg0YzBsNGVFUjZkME5qVFJERUF4aW1CU2dLTWdB=-w200-h112-p-df-rw,2025-09-08T18:40:05.870529
How the Ukraine-Russia War Is Transforming the Tank,https://news.google.com/read/CBMiqAFBVV95cUxPTGVfY21JdFRSNlAxNHhBdm1Gb3BodXp5VEZhRTBTX0tEX2NLSS10aDVtZmFSc195YnphemNORDBmd1YycG1adDdKRU9WWTcxZWNhamJaa0VMVkhvN2ROMG5oT1c4a0ZnOEN1cUdLNm5WSW5fM2ZpZURONEtxMDNDR1lVbjBkaEcxaXNQMVVEM0h0c1dCUDQwYXB0ak9pMDhZYmYzNFpsalk?hl=en-US&gl=US&ceid=US%3Aen,The New York Times,9 hours ago,🇺🇦 Ukraine Drones,https://news.google.com/api/attachments/CC8iJ0NnNTVlbTEwVlRFMGJVVktTWEF6VFJEQUF4aXNCU2dLTWdNTjh3UQ=-w200-h112-p-df-rw,2025-09-08T18:40:05.870531
"Trump and Chicago, Trump Assassination Attempt Trial, Russia Ukraine Drone Attacks",https://news.google.com/read/CBMiwwFBVV95cUxQeFU1MWIzdWIwZkRNTHlsM0dqWF8zUUJudmVfQnZVTGJ4T2dzdHRqcWZWYXFvZ1NiQlVfaGxSeGVYcVBPNGdkbWlybG9SOVFBWjRYV3BFNndWV0x4azlPOTJWNWhLbHpVcFdTanBUMmxlVjk0UVdrOUhlQWZwSlZoelZ3NzZwMXF4dC1mOUR2UGk1MkVtajdYVW5XaXFTbTBwSVBJVWM1bkN1Smh0TC1QbDhJRUhmWUZsZWszdHB5WTVSUWs?hl=en-US&gl=US&ceid=US%3Aen,NPR,8 hours ago,🇺🇦 Ukraine Drones,"https://encrypted-tbn1.gstatic.com/faviconV2?url=https://www.npr.org&client=NEWS_360&size=96&type=FAVICON&fallback_opts=TYPE,SIZE,URL",2025-09-08T18:40:05.870532
Ukraine cabinet building burns in Russian mass drone attack,https://news.google.com/read/CBMilgFBVV95cUxNLVNpVDRqNlNBY2VVRzhnSmJIZWZuRko1UzBqbGd0WWEwZlZtOC1sNllIbW84MzBqN1B4VGtYN1ZpTDhPZHhzZ1NFWUtGLTl5TmpBWl8zemNleExlWVdQTGl0Qmd0anc2ZWRDaDZrUVFxT3h2a1l3UFlYTmZmR0ZCb291N2VLbTB3RFMwYUdzalcxLXF3cHc?hl=en-US&gl=US&ceid=US%3Aen,wng.org,2 hours ago,🇺🇦 Ukraine Drones,https://news.google.com/api/attachments/CC8iK0NnNVZNamRDWlROaGJUaDFWVmhXVFJDeEFSaWNBaWdCTWdhSk00S1FWUU0=-w200-h112-p-df-rw,2025-09-08T18:40:05.870534
Russia hits Kyiv power facility as Trump says he's 'not happy' with Ukraine attacks,https://news.google.com/read/CBMipAFBVV95cUxOdGtjUHVaa2gzVkxmRWhQTVQwbk5LWUZiSE5PTUtPZl9uaGtWWTV2Ql9wa0N0U0lVLURvZG5VZ00weWk3M3Rqd2pwVmQ1VXpwSjNvQm5Qb3BHZ1FJdlpWUDJWLW1leEpOQUlpeUdnOFRnR1ZzRXJuNU9sNjJuS1BTY3V0YUI2LXVYOTlmUk82SklZZ3Q1dEZWVlJKN1pIcEdKZ0plWtIBqgFBVV95cUxNR2RmczRpWmxpOGxLMFk2Qy1TaHQxUW9uTURVWHZ0Z1RsMVVleExWMFE2eUtHMmxKc1NYUjQ3ZGF3d1lyNzF5VXQyLWRiaGtNSnhneDcwZUZGTDNMdHEzYVRjYnFPcE9BRk44SWpUMzdWTGRGV1V6UW55T3VBOExNSmdlTjJFUnRVSHlJNzB3X3hJaHI4bGZMVTJLZWttLVlINnFoNU5zQ21iUQ?hl=en-US&gl=US&ceid=US%3Aen,ABC News,9 hours ago,🇷🇺 Russia Drones,https://news.google.com/api/attachments/CC8iNkNnNUhNSFU1VkVWbVFtcFhOWFJ4VFJDZkF4ampCU2dLTWc0RkFJNG1uZWNkd2dwVHlTNG9HUQ=-w200-h112-p-df-rw,2025-09-08T18:40:05.870536
The Political Signals Russia Sends With Each Huge Barrage on Ukraine,https://news.google.com/read/CBMihgFBVV95cUxPNzVYSFNFV0RJaW92N3Y5YlhGZzFDRWJjU0xlcm5MODhfQ2E2ZzBzbjg0Tnp6RmZJbVoyYl9KbWt3bVVvbDNKdDJWUGM0U0Z6SHRBcXRNRUhlTWtER1FzdVFhbnU4QUZEMlRmVzRzdko5YWJ0ZTA2U25iTnRva21nUG5ZVmtZZw?hl=en-US&gl=US&ceid=US%3Aen,The New York Times,26 minutes ago,🇷🇺 Russia Drones,https://news.google.com/api/attachments/CC8iK0NnNHhhMVoxTm5wM1lVdEpOblJQVFJDMEF4allCQ2dLTWdZdFFveXZRUVk=-w200-h112-p-df-rw,2025-09-08T18:40:05.870538
Diplomats tour damage in Kyiv after Russia’s largest aerial attack since Ukraine invasion began,https://news.google.com/read/CBMiyAFBVV95cUxQbUlrRkxnWWQzYmdqYnRNMWJYLV9nakVTQU9ZSUI3REIyT0g3S1JqdGNVcnZpV1hFZ2Q0cm9DRTJ1RDVRUWJ1ZUU5Vm1ELVVWUDFjTHZUWEhwNGVxOVdCckstc00xZ24tVGdsWWl5UWhYdGVDUE9HR2lVSlFZWW5oNGxBLU82ZF9NLWFTSUxkRldvR0k2SFEwQkFOMTB6QjNrc2lkcE9xQy10LVJRd042QkgtY3BtS1hPWU9JSmk0eFI1eHR0bTdQYdIBzgFBVV95cUxQUHlZUXNEaUlUQ1RENmhZRm03Si1oWldfcVp0UU5OSEhJLTRuRU1HdzhiNEMzYXJzZG5zQmp5ZXVrNFRkNm9iYnllWVJNMkRtOGtMMVI0OGp4d1JRRlpLalRraU9BejJ6WnlDTlZ2Um40Y18wZHV2WHZmd3d0WHhLOTdMQnZrT05oQjhjbnFvZ2oyTFlRMDNiZ2Q1ckF4NVFxSnlBQTFmR1BYVHVySjl5cjJCdkk3UVpMQ3lvWENHN2Q1RnpRQWpSdGtTVmxYUQ?hl=en-US&gl=US&ceid=US%3Aen,PBS,1 hour ago,🇷🇺 Russia Drones,https://news.google.com/api/attachments/CC8iK0NnNVdTa2d0YkU4M1lVSlJiRUV4VFJERUF4aW1CU2dLTWdZQnBZb0t0Z1U=-w200-h112-p-df-rw,2025-09-08T18:40:05.870540
Russia’s largest-ever air attack on Ukraine burns Kyiv government building,https://news.google.com/read/CBMijAFBVV95cUxOWG8yb0R0MzhhbmNnX1dHdDVvX1pvMkVJSWFSY3gyVHRaa2ZWR0Z1a2VBbm1OZmpoaVYwejFjaEFZT1czZ2Z4OG1TSUZXcVRtSkpxcVoxeUgwM3RKX3lSTlBRZjJKSW9ZX2tOZHlBNXJmaVU5Q1hYaDg2aEpQVENnUnRKRnJMZ1pJc1RqTA?hl=en-US&gl=US&ceid=US%3Aen,The Washington Post,19 hours ago,🇷🇺 Russia Drones,https://news.google.com/api/attachments/CC8iJ0NnNXBjalpYUldSSGJ6VlhVWEJaVFJEU0F4aVNCU2dLTWdNSlJRVQ=-w200-h112-p-df-rw,2025-09-08T18:40:05.870542
Putin's Energy Fix for a Drone-Hit Russia: Dig up More Coal,https://news.google.com/read/CBMiqgFBVV95cUxOVHExY1NOemhUQ29SUDNvYXNnMzQ0dHZYS09iQVJ5WjFrU3ZyWk5xenl3cEM3eERjd0FzeWgteGpkLTIxMUoyNWE1anlybGFZU0VKTlFiaE1obXJRYWJxT2pYZ0l3b3ZvaHFZYXpEWFl0Y0phYUswdzhPR3dJdGlidzhXc2VIME1PUEZrQ0VRV3VvUU1ST3ZFREVBMkZGVWE3cGQ4MGJMV0hDZw?hl=en-US&gl=US&ceid=US%3Aen,Business Insider,12 hours ago,🇷🇺 Russia Drones,https://news.google.com/api/attachments/CC8iK0NnNTRUWGc1VTFablZHcHVRblUxVFJERUF4aW1CU2dLTWdZMUFwRDBpQXM=-w200-h112-p-df-rw,2025-09-08T18:40:05.870543
DJI’s Chinese Drones Face U.S. Ban,https://news.google.com/read/CBMie0FVX3lxTE1LazZsRFQ3RkU3RVV4V251UTZwUVBxUkR5dEZXdlplOHg0ZW1FRlkta2IydEFwUTIxNFc5WG02bFVmZVhxSzlpRXhEUmlIOUlWYnpyZHVqVXhaTTM0RW1UaV81X09wMFJKNUZSeWpyLU9DTDlQelU3eGFMZw?hl=en-US&gl=US&ceid=US%3Aen,The New York Times,2 hours ago,🇨🇳 China Drones,https://news.google.com/api/attachments/CC8iI0NnNTJVa3BIY0RKME16Sk9jRXBIVFJDUUF4allCQ2dLTWdB=-w200-h112-p-df-rw,2025-09-08T18:40:05.870545
"China's military parade reveals new hypersonic missiles, drone submarines and ICBMs",https://news.google.com/read/CBMi9AJBVV95cUxQZDhlaWpPckJKeHlYUFp0am03T2FDX0kxVjc0Q29DZFlOLTlpemZhZTNoSTQteXNBbmtISXNRNFl0UFFSZVdrU080b1NjZFpla3VmeVJ0MXdSX1hDdVB2SWtMX1FFUXlXdHdNc29xVUQ5WGNlVnRxaVhxMkdYY3B0QVRSMWh2Wm9GcG53TlNyVG1Ib2dLbnJtX0x0RXQycnJWdDhjck1RRWhQQ3FiTWhHWFUwRFRvRlRabWlVcWo0dTV1RVF3WXFCaFM5eVBqR2VoeEVYMkN5eHdzSlNSSVNkcDdscF9wZjVuZXF2RW0tTXB2YVRaSWdWSk5tX3QzV3U2UV8zS3VyRW1YU0s4QlNFbkYyMDdNTDF2VGZUcWk4WHRfSHhjRmJ3MDBGMFY4c21XeWlVTXdDM2xzY0Z3NzNXWkZReDZ0T2hZcjdkU3NqSTBuTHBBS2xneExXRXpmcmVfZExPaURMYXpLTm1BRmgtY0h6OTQ?hl=en-US&gl=US&ceid=US%3Aen,MSN,4 hours ago,🇨🇳 China Drones,https://news.google.com/api/attachments/CC8iL0NnNXRhRVZtVTNsVWRHUldTRlkxVFJERUF4aW1CU2dLTWdrQkVZQk9uYUkxbGdB=-w200-h112-p-df-rw,2025-09-08T18:40:05.870547
"China Patents Drone-Defense Armor for IFVs, Echoing Ukrainian Battlefield Innovations",https://news.google.com/read/CBMixwFBVV95cUxOMm9ZclJNQ0xGZXl5T0xMVld6S3lQZXN1R3ZPQnVpaDVxTTBvOGY4enM1cm40cUpvMXFDbmw3N0JqYndiZ1VuS3pueFVkVF9NUzN0ejJjanRqTnlEWU5WVllITjBOTldHRC11ZGpCbnV4WUpEdmpHLVUwZDRwZFM3ZHRwclBfdmdyTjllXy00eXRvVWJ1Zmh6VHc5Sm1hMVpNSWRISmdqV3BCVTBvSF9jWjZmUVFqR3RNZW9QYUdFQ3plSlNsM0VZ?hl=en-US&gl=US&ceid=US%3Aen,UNITED24 Media,8 hours ago,🇨🇳 China Drones,https://news.google.com/api/attachments/CC8iK0NnNW5abmxQZDJvemVWcGljRmRrVFJEZ0F4aUFCU2dLTWdZQm9Jcml2UVU=-w200-h112-p-df-rw,2025-09-08T18:40:05.870549
China is blurring the lines between civilian AI and military power,https://news.google.com/read/CBMidkFVX3lxTE16eFJsdlY0RHZCVnAtZFVEcFkwd3BFS0xUbEEwVnE4QmdHM2R2U0dkSmN1NTNxc3VmR1VOZG15UjluYlh4eWNTQ3hHT3ExTTBkY2FrMkhxV0tqczVNTGVXNjdhWGRpcWJLQlhYMno0U0tkdkRNRnc?hl=en-US&gl=US&ceid=US%3Aen,Cybernews,4 hours ago,🇨🇳 China Drones,https://news.google.com/api/attachments/CC8iL0NnNHpSVVF5V0RkdGJVYzBRMHBQVFJDYkF4anJCU2dLTWdrSkFJanBEU1c2aUFF=-w200-h112-p-df-rw,2025-09-08T18:40:05.870551
Ukraine Cmdr: Evidence Russia Using China Drone Tech,https://news.google.com/read/CBMijAFBVV95cUxQRUZMMmJVbTB6TlJua200bFRaMEdDSjRuZ2RnQWpzblB4aEExekxQR09TY1VqQ2hVRFJVZVdLN25PaTAyTUlHdk5qb2JWalhIeHBPZ19qUlA0a0VBdFJDdVBDWGcxRzVadXZHRDRvX1A5ZFVDNnNUenhxRUNpeEJ0cHgtbTc5eGQxWXZURg?hl=en-US&gl=US&ceid=US%3Aen,KABC-AM,18 hours ago,🇨🇳 China Drones,https://news.google.com/api/attachments/CC8iL0NnNXhWbGhXWlZZeFdVcE9kMFZ4VFJEMEF4allCQ2dLTWdtRklwanpwS2k1REFJ=-w200-h112-p-df-rw,2025-09-08T18:40:05.870553
"China’s growing civilian-defence AI ties will challenge US, report says",https://news.google.com/read/CBMixAFBVV95cUxPUVJHeEQwMVdFZEk5V1BQa2J2QkpDcTVOaV9ac3NNcHFvX0V6Y2YtcFRJYllhWThDUENZMjVSbDBXY1VxXzBuRTJXS1ZXYm92dkN5cmk1cUNNMXhrUWlQZkFkREtiaHAzMmowMjZnU2huQXBWQ3lRREJacTExNHBoWHZFa2gyWmhuLWxvTDlyQkdBaFQzZnd6dHVtWWJjSi0wa3NVdTUzX3AxVUZ5a2dEYWNzdTlHN0pZa2Z1c1pZZHlES0930gHEAUFVX3lxTE9RUkd4RDAxV0VkSTlXUFBrYnZCSkNxNU5pX1pzc01wcW9fRXpjZi1wVEliWWFZOENQQ1kyNVJsMFdjVXFfMG5FMldLVldib3Z2Q3lyaTVxQ00xeGtRaVBmQWRES2JocDMyajAyNmdTaG5BcFZDeVFEQlpxMTE0cGhYdkVraDJaaG4tbG9MOXJCR0FoVDNmd3p0dW1ZYmNKLTBrc1V1NTNfcDFVRnlrZ0RhY3N1OUc3SllrZnVzWllkeURLT3c?hl=en-US&gl=US&ceid=US%3Aen,South China Morning Post,6 hours ago,🇨🇳 China Drones,https://news.google.com/api/attachments/CC8iL0NnNHpPVmd4ZDFac2FXWklORTlEVFJDUUF4aThCU2dLTWdtQlFZSUhOaVowU1FJ=-w200-h112-p-df-rw,2025-09-08T18:40:05.870555
US rushing drones to carriers to blunt China’s missile edge,https://news.google.com/read/CBMikwFBVV95cUxOcVRrd0lzdEFZN0d5bURBWUpTdVlvR2xTTFM4V0xGa2RtblJ2Zm5NdmhTSklZUXdQazItaXQ4S1E2Qk1EeUZMV1VZd3FUb0w4aEZ2RnZkVkw1SzljMEphUEI4RWJnZ2ZVRnkzQ3VjaGQ3Q2VxM3RjbjVoSTBYUnNqWEpWUUhJLXpBZWczVU9YVkFVeU0?hl=en-US&gl=US&ceid=US%3Aen,Asia Times,13 hours ago,🇨🇳 China Drones,https://news.google.com/api/attachments/CC8iK0NnNHRPRXd0UjJRd2JHZzVjR1ZLVFJDbUF4aldCU2dLTWdZQlFZaUxPUVU=-w200-h112-p-df-rw,2025-09-08T18:40:05.870557
A Maker of Drone Parts Scores Success in Domestic Production,https://news.google.com/read/CBMirAFBVV95cUxNd1hWUzROYk5VU1dRZ3QzR1hDdWtFS25UeWJIZWlEemJ1dkNVWnFRcXNlbFNOOFZadUszZG9Fd0F3ZnpVUEx6RWhRNFVuQ3pzRy13OXJ1OERqaGQwa2h6T0k5aEVabUVTLW9OQzBjS25RMGpPS2loQTNhSXNxN3dHeXU3ZXBHWFNuNWlBbGpkeURkaE1NbVVMYXM2dmRMOGNJUkdJVGhpNkdJMkNI?hl=en-US&gl=US&ceid=US%3Aen,Supply Chain Brain,14 hours ago,🇨🇳 China Drones,https://news.google.com/api/attachments/CC8iI0NnNW9jVXBJVHpGbVJHRlFlbDl3VFJDM0FSaVRBaWdCTWdB=-w200-h112-p-df-rw,2025-09-08T18:40:05.870558
"Israel strikes dozens of targets in Iran, including nuclear program: IDF",https://news.google.com/read/CBMigwFBVV95cUxPS2RiUENNQ3V1b1pNRjl2U2lvbU1pT0VGVEZiUURMYVozaEVxZTRHN01LTk5rN0pFaHNqaWctYW05alZrWmhjN3JZd2dNZHpEWlhVS2c3SHJsS2lEWmtkcXF5Mk5ha1dIN2pwd2VhQ0dHM3JRZzYwbElPbzJlTFp2dkd5QQ?hl=en-US&gl=US&ceid=US%3Aen,AOL.com,7 hours ago,🇮🇷 Iran Drones,https://news.google.com/api/attachments/CC8iK0NnNWZhRVU1Vlc0NU5YRkljMVpSVFJDZkF4ampCU2dLTWdhaFpJN0xyUVk=-w200-h112-p-df-rw,2025-09-08T18:40:05.870560
"IDF intercepts 3 Houthi drones launched at south, day after attack on Ramon Airport",https://news.google.com/read/CBMimAFBVV95cUxQbGtVQzV0TVU4X2k2S1dITW9ySDEyWUcydS1RUm5nR05kbXRGM2NWX3dVNjdrR05kaFBCTEZhSzlYSjltVjB0NWROVFp1aHNEUm9nWE1rbVN3WFM3Q2Jxd2M3ekJocnFsRnJ6c05RUDdRLTBMVGo3UXZXalBuXy0xZmE0N3RJWGhYakJpWUlrbDBXaVpaZVZGadIBngFBVV95cUxOSGlsVllQWGh4NDNBOXdJenNWNlRwQmJJMUlrMTJvTGdzSkpGTmlGYXlQSWhndEVSazZzT21MUjMtSHFYamFaVk8yM01FakVLeGpyQWtnMGZUTU9IVXdGdGlLZnIyZXJJSnhuTUh0bTlrTzhtcVY0RXRpMVpEVmplbkxhektiUzRJT1pJOENGRlNmQjRJWTdnVWpvZ25fZw?hl=en-US&gl=US&ceid=US%3Aen,The Times of Israel,3 hours ago,🇮🇷 Iran Drones,https://news.google.com/api/attachments/CC8iJ0NnNUZUVWhhVkc1NWVFMDJZVWh0VFJEdEFoakVCQ2dLTWdPQmJRRQ=-w200-h112-p-df-rw,2025-09-08T18:40:05.870562
Drone strike on Ramon Airport shows hits from Houthis not a one-off - editorial,https://news.google.com/read/CBMiV0FVX3lxTE5pTFh5LVZsVmNBYkJ3ZXdwZEo5cl9UMDN4REdGbkVkdFVSWFdJMktYSzZHRm5vLXV0QkJRTmo3RE9xcmpaTU9YRS1HNzhLV3VCLS1aUjN5UQ?hl=en-US&gl=US&ceid=US%3Aen,The Jerusalem Post,15 hours ago,🇮🇷 Iran Drones,https://news.google.com/api/attachments/CC8iK0NnNVZOSGMxTmxOb1NIRlVhbkZIVFJDZkF4ampCU2dLTWdZQkFZYmtpZ3c=-w200-h112-p-df-rw,2025-09-08T18:40:05.870564
"Houthi Drone Breaches Israeli Air Defenses, Damages Airport Terminal",https://news.google.com/read/CBMirAFBVV95cUxOT0FzN1BXVEtKaGxodkxoUC1rQ3FwX3Ywd2FuUEdqWVdWSnoxR3QtTUlKVlJmN04taXNGa3FZa0wwMlV2ekw4SzBwRW93TUo2RlRjY3VHZWZFMXJwQjRybHBDdk1wSWRpRTF6RHhCYndhc3VHbGU1dUhsN19xNC1ab21ZMTNWR3FrVldEWG5MTDJmMnFNNW5pUHJxVFF4eXlVdTdZQlJsY2NmUS1D?hl=en-US&gl=US&ceid=US%3Aen,Foundation for Defense of Democracies,22 hours ago,🇮🇷 Iran Drones,https://news.google.com/api/attachments/CC8iJ0NnNTRiMVZRVmxKcVpVNU1YMnR6VFJDcUJCaXFCQ2dLTWdNQnNBdw=-w200-h112-p-df-rw,2025-09-08T18:40:05.870566
Houthi Drone Strikes Israel’s Ramon Airport as Gaza Offensive Intensifies,https://news.google.com/read/CBMitwFBVV95cUxNUDRpVnprOG5oWTcxd19EcmJlODhVeDE2MTk0OHJYamJCd2tzODBoVmZzeEJaMkdFZUFCUkNCMVU2MzJiSWNjWldUdzhJNzJJMVk3ZFZySlIyUG1mWnZlN1ZfLXZMTzlVNl94TURFZXA4cmEtcExFdjUwMlZfVkgwUWRxWmYyYWg3WmFGSG5mRUQ2VTRUQzlpMlVHWVBzRExnRWM2T3Nha1EzRzQ2YkRWU2ZwVl81Q28?hl=en-US&gl=US&ceid=US%3Aen,kurdistan24.net,12 hours ago,🇮🇷 Iran Drones,https://news.google.com/api/attachments/CC8iK0NnNVlRMVJ4U2xWME4yaHJaRFpRVFJDZkF4ampCU2dLTWdZQmtJcXN2QVE=-w200-h112-p-df-rw,2025-09-08T18:40:05.870568
How the Houthis Are Using the Conflict With Israel to Complete Their Takeover of Yemen,https://news.google.com/read/CBMi-AFBVV95cUxPUmtBRFUyTzkzQ0MyWTNJR19paW0ybXBTZ1VMeFBvbElSWUpXQ2N5ZEZ1N0IwSVJvX210bFhfZVVKY1pZLTdSMEhqbkRBcElUTS1nTW5xUUpGMHcydmtHREhkM3VFTVVTQ3JrUWRxaEU1Q1RrVGIyR3RKVkYxV29RVzlLY2ZnRGNGSVBjUXhILW5IQkV5NTdueW83MDE3ZFVGdkN5RUhJOUZQLTJpZTE5Uy1YVy1DZjJHUlZkMEtTR245NThVbnN2N29VVnZaN2dqaXFNd182NjA4Y1hINS1HWTZUUzl1eU9mdHdJLUp2WE5xRjQ0NU9ERA?hl=en-US&gl=US&ceid=US%3Aen,Haaretz,7 hours ago,🇮🇷 Iran Drones,https://news.google.com/api/attachments/CC8iK0NnNUpSbGxLVlVZd1MzbHFlVjlOVFJEMEFSaWtBeWdLTWdhQkVZcklsQXM=-w200-h112-p-df-rw,2025-09-08T18:40:05.870570
Houthi Drone Strikes Target Israeli Airport,https://news.google.com/read/CBMic0FVX3lxTE5OdFlJcWtLQ2VxS0o0LW82dUR1aVpUSEtnVDhFR3ZYbkM0Nmszdk9RdVZJZHN3X3pjeWxqM3N1VXBFb0NwdjBVYnhibS16M0hUdUpYUWRMMEUyc3FDeXZUTlotNVdHNnA2Zl9QVmU5WE52THM?hl=en-US&gl=US&ceid=US%3Aen,SOFX,13 hours ago,🇮🇷 Iran Drones,https://news.google.com/api/attachments/CC8iK0NnNURiM1YwYjNkUWRuSk9ORXBIVFJDOEF4aXpCU2dLTWdZQjBJUkN4Z1E=-w200-h112-p-df-rw,2025-09-08T18:40:05.870571
Israel's Ramon Airport near Eilat reopens after being hit by drone from Yemen,https://news.google.com/read/CBMilAFBVV95cUxPaEZNenFLS0hwendkT2RnOUlwTVI0QUlsTm1OcnNFZ0dMekZyNXlKWXVlRGNtanpCc3IzRXhNSTBqalJwOWszS1U0Qy1sV1ZWNTlrZkZLZG5HdUp6VkZBZlpVTW9rOEpuZHVqNERVNkhTQTlmMVRMUlpOMDRMc0JWM1dtVHpiR3lORmpsVGQwbGpOTUlR?hl=en-US&gl=US&ceid=US%3Aen,The Japan Times,14 hours ago,🇮🇷 Iran Drones,https://news.google.com/api/attachments/CC8iK0NnNXlRak0xUjA5d1RHOTRVV1JYVFJERUF4aW5CU2dLTWdhUkE0ZnFWUU0=-w200-h112-p-df-rw,2025-09-08T18:40:05.870573
‘Forced Israeli Jet To...’: Iran’s F-14 Jet Pilot Recalls Stunning Details Of 2-Hr Dogfight Amid War,https://news.google.com/read/CBMihAJBVV95cUxPNWZsTE1oTmJOdy03N3FmUG53djFKR3VUYUd4THJiTTYyb1lZdk5MN3FpYWNjZWdBNS1BaGxpd0EzZFdXS2ZkMk9TLXhpLVpYbWczT0R4dm1TNkp0R3d1dWtzN2UwQlozbktna2JhZVgzSzNha2ZlUUM2aTNoQWVJTTJwMGZJa3RVS05uX2J2eWZ5UlJSVnpfYlVCajFxQ29SRkxnQlFmbXhaUkp1RnA1Z0JvSzF2TjVKYWVPb0RzVk9BTjZoVTJrbk5qVk01aDhfMTlfaVVtMDhQRWswMkNnaXUxakMwdEpDMmFrYUsyQ2RtRWR4eEhJZ2R6ZDQ4QUZ5TGNqVtIBigJBVV95cUxOLTJvdms2Z08yRGMyN0llV1dWbWczOE9HTU1sS2pIYmY5cGtqajI3SThNc2oxN1ozUUxHaUZqZ01veGJYNk16ZDZfcjZmckhxVUhZYXlfN1lhU04zUDZ0aXc0RVRrMk4yTG9vOHJGTXhub2RhSkNSa3JHbjlFdUFYUDluUUpLSmloQUFpcE51T09pOVpMVnpqQmVBeU8zVzJvMWxZQnpRaWpoQ0wzbmVoM3ZCWlZ1UDkwSXc2SWVKZUR0bTFzb2dyVm11OWJwR1JSS1NweXNaYkpISWVnT21ROUZvQ3FZWXg0SllzNW9pbkJ2QXZ5enBWT183cFZzWU1EMFNtdmhnbnA1Zw?hl=en-US&gl=US&ceid=US%3Aen,The Times of India,10 hours ago,🇮🇷 Iran Drones,https://news.google.com/api/attachments/CC8iK0NnNDNjM05xUkVONVF5MUdNRmxIVFJEZ0F4aUFCU2dLTWdZQkFJeDRQQVU=-w200-h112-p-df-rw,2025-09-08T18:40:05.870575
KRG seeking partnerships for anti-drone technology: Minister,https://news.google.com/read/CBMiXEFVX3lxTE9NVDdHVnA0c1I3YXJaSVo5Ml9vSE9nUkNIVlBGLVJzbENIV2I5RW1HVVZzUVBjbUVlZkZjQmNjNEN6bHZUTVJsRlZJQnpJMWtzbmRjZjJSSExwYkZz?hl=en-US&gl=US&ceid=US%3Aen,rudaw.net,9 hours ago,🇮🇷 Iran Drones,https://news.google.com/api/attachments/CC8iK0NnNDFVbFZYTkVNM1FqVnVWVFpSVFJDeUFSaWNBaWdCTWdZdFJaU3VvUWc=-w200-h112-p-df-rw,2025-09-08T18:40:05.870577
Video: Israeli ‘suicide drone’ attacks Gaza mosque and blows up minaret,https://news.google.com/read/CBMiugFBVV95cUxPOERGTjdMWURvZnFvanZUekoxNnNGQmtwRXpMYUhlZWFTWlR2VmptZFNnaTYxcFZqYTNGS3FNQnpodlluRUstVDVVczdyZFc2VHEyRFN2dDVNV1VKSXU0TW9LU0pWTnBNVURJYWI2TlFWQ0R1c2FSdFV0a3g4OXdCaGZFdFlDU19HaWhZLXpvTWdVemV6c1FyZWRiWTcyaFpaczYyd2gzSWVLNUR1bk5Da1ZzTXZfaHZaaXfSAb8BQVVfeXFMTjJGbktFSm1mU2JJRDY1anVqeXBWQ3RzTnF3bEhzVXRuN056bm85RWNIY01lUEdBS2pXdWFnV0Ffb3RlTjlaUEZucVZjeXJheHV6X20xdllxcDZSUXJBUk5OUmM0TzV4N2NndWItY2pFZ3ZFR1pET2VnUUNWNHM3Vk5HTmd3ZFNIdmJqR1pBSHlfSmF6Ry1KYk9WZWwwQW82M3dWQTB6QkFLajAycENnaEQ5OEI4MkRaNmI3Xzhkb3M?hl=en-US&gl=US&ceid=US%3Aen,Al Jazeera,1 hour ago,🇮🇱 Israel Drones,https://news.google.com/api/attachments/CC8iI0NnNVhaR2hXWWpaSVptNURRWGRUVFJDZkF4ampCU2dLTWdB=-w200-h112-p-df-rw,2025-09-08T18:40:05.870579
A Houthi drone strikes an Israeli airport in a rare hit as Israel steps up Gaza City attacks,https://news.google.com/read/CBMiqwFBVV95cUxNM0I0QmxkMURzSlIyY2l0OEFyb0RSNnctMU1NSEZaQ25PbjhvV1E2UGt5Z3JYZG8tQmJYNnZqT1NwN0c2aDU1cml1TjY0WlNsNWJab1lzZHpONU1rWVFRMmhrNkV6NXJzbUlINW41RHQtQXBGN1A0YVJWU1RWVFQzV01OYy03MTBpZ0c5UnBMZm1FOFlrVlY0TmVBN0lkUFJfY1lxa1dYU2x2Z2M?hl=en-US&gl=US&ceid=US%3Aen,AP News,19 hours ago,🇮🇱 Israel Drones,https://news.google.com/api/attachments/CC8iJ0NnNWtUM2RGVVVwcmRGbzRhVkJUVFJDTEF4alhCQ2dLTWdNUmdBNA=-w200-h112-p-df-rw,2025-09-08T18:40:05.870581
"Sheikh Radwan besieged by tanks, drones, explosives amid Israel’s advance on northern Gaza City",https://news.google.com/read/CBMi1gFBVV95cUxOaVhlel9UUTBmMFFCZnNzMDBqb0lUZm5qSkJPT2hPWldwTXZFUGpEREJBVWJ1NTRNN0xqQllUVEwtcFU3R0U5c2hUWXJzaGJqQlFxZ3doWUstREo3bDdaX0M5UzVUTU9iYmlUdjNacWxHQTRBNDVpckYzYnZ6UVlnN0lULVY1Y2FOdHZlT1ZpcGl4Y0piUkgtNVBid3lQRHdiNGZjMGQ1Q0t1SnVobzNBbHN1QWVOdWN5aDJxeEE5NnUwZG5EMnZzVTZQdmpBRVplVDJnNE13?hl=en-US&gl=US&ceid=US%3Aen,مدى مصر,2 hours ago,🇮🇱 Israel Drones,https://news.google.com/api/attachments/CC8iK0NnNW5ZMmszYlROaU5WQm5UbnB4VFJEZ0F4aUFCU2dLTWdZQnNJUzEwQVE=-w200-h112-p-df-rw,2025-09-08T18:40:05.870582
Israel's southern airport hit by drone fired by Yemen's Houthis,https://news.google.com/read/CBMiiwFBVV95cUxNSEVNQTV2dk1DTWJfYjFFMndZTFJUTERpT2o4MUVBNFZ6U1paQTd4dWRCbkk2dGpiSl9xRXRDZWZPSlRpdklvNWRfRlRXS1kzTDQzZ0RaMnhMM1JpUm9aLUljWTQxeENJdzRBU2Ntc1BmNWxfR2kzRUU5ZWl1dHdZQnVkMEZ5T09SNjNR0gGQAUFVX3lxTFB3c05rRGpJcTlHQ3NVTkl1bXFVQjJDSFMwa2RMYzVMZW93eWFnMURjS3NxdmxkeWJiN3JlYjBXa3pheXNOMFVxejduQ0tSTGRUSWlIVlcxa2FRekZ5NVk2X281MFQzNWtOUHJESDN5emJXbmppYUtQeXBQaGNSNzQ2ODBnZkJFeEh3WlNKOXpPeg?hl=en-US&gl=US&ceid=US%3Aen,CBS News,23 hours ago,🇮🇱 Israel Drones,https://news.google.com/api/attachments/CC8iJ0NnNUhjRTExVHpGRVpWUjFWWEpyVFJDUkF4ajhCU2dLTWdNbE1BQQ=-w200-h112-p-df-rw,2025-09-08T18:40:05.870584
Houthi Drone Hits Israeli Airport After Warning System Failure,https://news.google.com/read/CBMijgFBVV95cUxNZVZfTllaRk9EQVlTc3NnN2Y0Y2F6a3hrdExjaEYyak5xX0poTExMS1ZDeUZ0Z3pITzhoRlczQ1hoVGNCSEktMXJvejYtVXRzeVh4TXBraDlqZXl6YU8xREpCOXQ1SjVYdU8wLWV5c0tEcEZZdXBtbTRjdkNFZHYzU1FRLUtrREJxSmhPNXZB?hl=en-US&gl=US&ceid=US%3Aen,The New York Times,23 hours ago,🇮🇱 Israel Drones,https://news.google.com/api/attachments/CC8iK0NnNUlORUowY1d0cE1qUldTR0Y2VFJDSEF4allCQ2dLTWdZQmdJcTF3QVE=-w200-h112-p-df-rw,2025-09-08T18:40:05.870586
North Korean drones monitored Wonsan Kalma resort during Lavrov’s visit: Moscow,https://news.google.com/read/CBMiR0FVX3lxTE1aWkRPLWgxcmRYY2NydkR0NnFvcm52eENEUmVrQ2l0YzJyWGtEczVqaUR6ak9wV01VNlNQWEl4N29yRnFNZlc4?hl=en-US&gl=US&ceid=US%3Aen,NK News,12 hours ago,🇰🇵 DPRK Drones,https://news.google.com/api/attachments/CC8iI0NnNVVOa3RMU2xZeWFXeGlkMDF0VFJDVkF4ajFCU2dLTWdB=-w200-h112-p-df-rw,2025-09-08T18:40:05.870588
"1,200 drones depict 'KPop Demon Hunters' Rumi over Han River",https://news.google.com/read/CBMiiAFBVV95cUxNT3JJMXBiQ2c5QXJEMlVpMlF4ckNVN2lYV0RRTm1vSVh1cS1rVVkwdGJNOF9pX2FjY1JHeUFFY3ktR1EyOHp3WXFFUUNtcnBwT3lYNGw1STVHX05Pc2wxRVhDUnhFc2kwc2N2RGlqUHBSSVJ0b3l2ZEZnV2tnNDNpME12aUNDcjFO?hl=en-US&gl=US&ceid=US%3Aen,조선일보,16 hours ago,🇰🇵 DPRK Drones,https://news.google.com/api/attachments/CC8iK0NnNWpOMkZHYmtvd2NEVldUMUJWVFJDQUF4am9CQ2dLTWdZcEpZVE9GUW8=-w200-h112-p-df-rw,2025-09-08T18:40:05.870590
"Ukraine updates: Drone downed over Moscow, Russia says",https://news.google.com/read/CBMi-wJBVV95cUxOQnB5SW9nc2VtcHQ0R0Z3OVpkV09tendBTEFPRkMzWlN2MDN1UXRBVlhueHZUOHJsYXZ5VFRBWDAzdC16dGM3WlVTUUc4NUpVSy04OEpBbms5cnJRMUxWQ1h2dzY4aWJ4N3UwTENrT3ZUcDRRZU13dEtXVkpTbmtqSEFpd21ZME5fX2ZGazZocUd5UGVqeTBYMGxrUDh3MTBVcmRMWHFyZUJPSVIzOFRpbUtLUkdTYlRwUk82YmdvSjF1clp4UkdVMUw5M3p4bTE1MjN1SUdHaW5FcjdmYVFWVjRHUmxkSmE0eEJRRkdHdmt6VFRIaGJVZVFPS1ZVZXJ3YzdZR1VZTmhyS2ZWNDh0X3VkUEF0ZzVSdzk5R0tVVnJzaENvTXBVNVAzVG5KR0dpNllXc1pNdU5sY043SFZFMHpydWl1WDlvZkFTTlpRNkFJY3Z0TG13dS1KS2tuaFZPa1VQdTRGU2EwRW5iSGsxM0ExdHhrMUtaeUlZ?hl=en-US&gl=US&ceid=US%3Aen,MSN,12 hours ago,🇰🇵 DPRK Drones,"https://encrypted-tbn2.gstatic.com/faviconV2?url=https://www.msn.com&client=NEWS_360&size=96&type=FAVICON&fallback_opts=TYPE,SIZE,URL",2025-09-08T18:40:05.870591
Houthi-backed drone strikes Israeli airport,https://news.google.com/read/CBMijgFBVV95cUxOWWhsRkxJYmwyYnZ3N1Rfd1hFSzh6eUtEQ0l5bzVMaVBVY0pnNEpIaW8tWnh2QV82RWx5VXVER3J3WDBoM3hUQTFRSHZ2NmhNdTltM1UtcTU4VVdqbi1EVDU1Z2pLdnVFY0J3RE9GU21yckJUU3pRbDhCcFVQUTRaVk0ybWJhazF1U3BpU1ln?hl=en-US&gl=US&ceid=US%3Aen,Space War News,11 hours ago,🇰🇵 DPRK Drones,https://news.google.com/api/attachments/CC8iK0NnNWpjVWROY2t4MVF6STFMV1pGVFJENkFSaXNBaWdLTWdhQklZREU0UUU=-w200-h112-p-df-rw,2025-09-08T18:40:05.870593
"South Korea Drones Market Size, Share, Trends & Growth Forecast 2025-2033",https://news.google.com/read/CBMimwFBVV95cUxQNzBQWjRjT09sNDI3bG5pRlBKaGUxYUNHU2M0N2c1NUxUSkYxa0dHRk5PMjdZY3ctQUphazBHUnhwa04wUkxjRHpOQzBKaU9rTzY3MU45ZnZQY1NiNlFpZFhLaTBmNG45VnQtV0JkUU1mYnUzLWxaR2h1MHNfLXhmeUpRUE1ETVF4MTVoQkNManBOTTEtbVN2MGJyNA?hl=en-US&gl=US&ceid=US%3Aen,openPR.com,13 hours ago,🇰🇵 DPRK Drones,https://news.google.com/api/attachments/CC8iL0NnNUtOak0wWjNNd1UzWTRTM05mVFJDb0FSaXNBaWdCTWdtQkFwQXVBVzNRYXdF=-w200-h112-p-df-rw,2025-09-08T18:40:05.870595
Ukraine war latest: Kremlin responds to Trump's sanctions warning,https://news.google.com/read/CBMi4AFBVV95cUxPdzl0VHlod1ZhWGhJVEZEcDBqTk1CaEc4Ni15TDlmbmYwWU1kaEdKMExfbFA2RURwajVYNHRCekVWZDRmTldPRWsybk9rSVR3Mld2ZDlIanB1eWl1VTFBdWMwOEFyM2RPeVdvVUl3THdiTUMwYXlfNERxUXE1V2RBNzZLUlFoTWNtRW5mNGEyQU9uck5Mc1ZkYjdEMTRiaTUzMm13N2dVcW8xbTdodjBqYTFFTU55VFNhMFRMOWJxS2RHUVZ2VnA1Q20tWkhnNHluNUJBSFY1VHpaa1pqQ3NqMg?hl=en-US&gl=US&ceid=US%3Aen,Sky News,4 hours ago,🇰🇵 DPRK Drones,"https://encrypted-tbn3.gstatic.com/faviconV2?url=https://news.sky.com&client=NEWS_360&size=96&type=FAVICON&fallback_opts=TYPE,SIZE,URL",2025-09-08T18:40:05.870598
US Congress proposes conditions for F-35 sales to Türkiye in 2026 defense bill,https://news.google.com/read/CBMivwFBVV95cUxQblFpYjg5OENSM0tDU1lNRjc0ZFlaOHNZTks0RTNzXzlRMmp6eUlzQmh2SThNZ1BZQTFmVElyREdqMzZxUmkwTE9yZmlxbkZGckFKM3BQakZlRE8zQ2x6cFduNEJiMk9WYUxxemo1cmVJZEdMUjVlaFlBNklBOFdRaWlFUkFVNkEySnh1UTFNWkloV3pjYlplVjZuRVFSbXQyTjkwR0NET3Jwc2lDSV9xdk1tcFZsVDM0OUhKZFlHNA?hl=en-US&gl=US&ceid=US%3Aen,Türkiye Today,11 hours ago,🇰🇵 DPRK Drones,https://news.google.com/api/attachments/CC8iK0NnNTFMVTFwYzIxMk9DMWxXVXRUVFJERUF4aW1CU2dLTWdZQmtZNUhOUVk=-w200-h112-p-df-rw,2025-09-08T18:40:05.870601
Russia attacks Ukraine’s government building in biggest assault in conflict,https://news.google.com/read/CBMixwFBVV95cUxPM1ZUUjZzWHMwem9DakhNMWtxYnp4clFuZDZzOG5JdU5CRGRoNE1GQU5VWUh6LUViTzRvZWZGd3hTU1c1elQ5ZllCVkhOR04tMmhBd3RlVEthQnNhdlNISXFsUi1fZ0lSZzZTeHhvLUlhaU1Ga2NkcEdaREprQzJVdEkzN2NTQVNQTE1nMG15UUJUUEZHbGRGQ0dZMkhSMDBWU3RpYndfOXl6MXR6Nnp3TlEzX0FDeVRFX1ZhOFh6NFMtdFRsTEVN0gHUAUFVX3lxTFA4MzJhMzFGbmdEQndzQ1JnMU55RWx4VFFzVE1Nc3ZTd1pkbWItbWtqdWt6NmhUbEtiNWhLcUtSbkxWWWhBaHV5YTloZUVFZGxLaUROT3FWVVh1OFpZTjhwbnQzSXJ2ZW1UTHB5X0dkRmtpa3llczlKR2diVXZCb3FPQkloV29ZYVdkZkRHa1A0NUZfODJoeWFBcHotRWNzbzJXWkR6ZHFpU05tR2lMQWMtSW1zS2VVYmM2WExoS3Z2anNGVHVtc1dJV3dfUWZwdG02T0VZ?hl=en-US&gl=US&ceid=US%3Aen,sentinelassam.com,10 hours ago,🇰🇵 DPRK Drones,https://news.google.com/api/attachments/CC8iJ0NnNU9WMTh3V21GWVUwMDBXbGRZVFJDUUF4ai1CU2dLTWdPQjBRZw=-w200-h112-p-df-rw,2025-09-08T18:40:05.870605
"Russia Signs 280,000 Contracts, Expected to Fully Reach 2025 Recruitment Plan, Says Ukrainian Intel",https://news.google.com/read/CBMi1wFBVV95cUxORFlVYkRLeHhfTzg4WUJEYTNILWxqTUFvbnlhSzFWOHJONHVvSzM1NlNmX1BjSTZBWGZYZVJyRldZOWJXNjBHN2JOYkRCM2ZyUmkzLXpRY0xSZW43SDR0Nk9sdU1SNFJrY2dqUkJkZVBYYnlVWGJMRTJQX2t0WDhxcm9Ba25pT3JTOE9iLU82WDB1bjgtZUtfRmNua1pWcldDdHJfNk4wWUJjWm13N1Q3RVhXZnFHQXJCeGJ4TTVuc3BmTmMwTFhGYXVkRkl4cmVCNXVpc3hrQQ?hl=en-US&gl=US&ceid=US%3Aen,UNITED24 Media,11 hours ago,🇰🇵 DPRK Drones,https://news.google.com/api/attachments/CC8iI0NnNW5kWFZhTkVoS1V6bElObU5LVFJERUF4aW1CU2dLTWdB=-w200-h112-p-df-rw,2025-09-08T18:40:05.870608
Türkiye adds homegrown electro-optical sight system to defense arsenal | Daily Sabah,https://news.google.com/read/CBMitAFBVV95cUxNNDJ3c0ljNjBYRjdNWEhodFlMRTBUa1h2WXBDbmNhSlo5czBHeVFKMVUwbWI2d2dzRmlhTVh0b1hfQnMtbl9nVHVsb0NUS200TnBoQUpRZm9FMDVDVS1NTjJjTlgyVWF2V3FOSkRTNEViZTMyZ3VkdnRtbE12Sm9zZHFFZHI3dlA2MEhVS0t3OXRUMzk0eHNsR05KZk9QUi1yQmx2cXpkcm0tc2x0Z0tYWElzSEPSAboBQVVfeXFMTW9oS3YzZVFweFFmajJjUG44aWtZR3gyQ3BLNjNzRHVueWpFVWcwelo3YU1NRGtJZG1pWm1EYnViVXhzbk1rMngzWmVFWTQ2OVdQeXh0OGhselVnMUlVem45SnNRN0x2V0tUc0xYcmY5ZHZnYUpEdnBxM3BJQ19EWGJJZU5ERkZpUVdGMVAwb0lNWk51ZE9SU2Rza1pfQ0c4ZXhQRUh2cDB6d1U0bW93bXdNaGp2OUpTd293?hl=en-US&gl=US&ceid=US%3Aen,Daily Sabah,5 hours ago,🇹🇷 Turkey Drones,https://news.google.com/api/attachments/CC8iK0NnNHpjRnBvTjBrNFVIUlJlVVZsVFJEREF4aW9CU2dLTWdZTlVaQXBLUWM=-w200-h112-p-df-rw,2025-09-08T18:40:05.870612
Türkiye: Proceedings against Istanbul Bar Association board a “direct assault” on independence of legal profession,https://news.google.com/read/CBMi_AFBVV95cUxPUzFzVHpyMnBoUFFMbklEM2VScnU0b0w2UzEzd2pxU1Ywc0hXRlVKMWNHN2w0OUxHUmxmNFk0OF9BU1ZoLUFXSWk3bnliLUpBaWFENXdSN3JsRzFHcUxJdWR1UzY4WlRnZmV1OXVwcHZpZHJHR1htY2R3UWNjVmlNYW1MTHRCLXR4OWZtdGNlMUxRd3lUWVJnNlFXSmFZLTFhVlZCeVlWM3JYNldOenUxbXV3OFlHVXJONGJEYU15Q2NXd1N4dm16bDYta0hiREVzbExjWmhaVk5VaHhiRVh4SUVvNHcwOXZSQVhiZ3BBSlRtX2MtUGJxNHptYTI?hl=en-US&gl=US&ceid=US%3Aen,Amnesty International,8 hours ago,🇹🇷 Turkey Drones,https://news.google.com/api/attachments/CC8iK0NnNVRWbXBDZUd3eE0xQXdVSEp4VFJEb0FoalVCaWdLTWdZTlFvUVN1UVE=-w200-h112-p-df-rw,2025-09-08T18:40:05.870615
Living under armed drones: an ethnography of terror and survival in Northeastern Syria,https://news.google.com/read/CBMisAFBVV95cUxPTXBMNEkxZnBZWHlxLUFZbDZJTFdOOWxIQkZxRVpzSU1fV1gtUW02TDhBSXVTZHJJYzBMQW9aUmtjT3dzNTN5cldIZDlyelkxX2NkSnViLVpTOW9kRDltRGp6TFVJV3gyekZBY3ZRd1VHYnV0TVNXZy1NR21jdFdBa1hLcTBXUlNKUGU2dmUtVDFSWFlReGcxTW9fd2hMa0RWQ2lxNjF5NUdId1J0Tk04SA?hl=en-US&gl=US&ceid=US%3Aen,Action on Armed Violence - AOAV,7 hours ago,🇹🇷 Turkey Drones,https://news.google.com/api/attachments/CC8iK0NnNXJTVVIyZFRkSGJYRnFXbXh4VFJERUF4aW1CU2dLTWdhWkVvanhGQXM=-w200-h112-p-df-rw,2025-09-08T18:40:05.870619
Int’l organizations warn case against İstanbul lawyers’ bar is ‘direct assault’ on legal profession,https://news.google.com/read/CBMi0wFBVV95cUxQa1NlZFJOZ0hmUTVEVW40ckN0SGRvNHp5VUZtS2R2blVXNm1PZ3dRZFVzUk9kNGdKZ1huVk9fUV9GOWowb092TmpsNWVMQVVlVV9FVGQ1NnoxX0syeVFfY0F4Z3V5NEpFcnZlcjhQMm5wa2llN1lrVmY5TjBaMGVaaUhpcmM0RHktT3NOeXBxaEl4SXdBMDk0aWxoZHVZS0R2Z2cxaHBHdmRzdk13MFlibktuMTRJYzBhaGtYV05FOHpwVzZtaFZSVUFMa1lTcDB5YTI40gHYAUFVX3lxTFB6c1dGRjJpNk1aYWF5YnBVVTlRVjlJZ0pFNlR4V3B2RDhTUmhMSTg5ZmFUN0thNGJMR1Eybi1JbWJjUjFzbG5TXzJHakUtVFdvRXNrZUFpSEFVQW9yeGpVYXhpRmJvVlUxcmdDMVJyam1uak5NRHNsZ056TWNVS2lsTkoxZEZkWXhhWFBaTTNWdnNRZkdUWmg0eFFJQ0sxMW03Q2lMUzdYUjVRdURHTWZyR1NNTTVVRTZRcF8xZHUzVHhPaDl4UmVObWFZLWhpT19ISjBubWNXNA?hl=en-US&gl=US&ceid=US%3Aen,Turkish Minute,3 hours ago,🇹🇷 Turkey Drones,https://news.google.com/api/attachments/CC8iK0NnNHpaMWROZFZFeGJVZFRhRWc0VFJDekF4akJCU2dLTWdZQmtJSVJ0UWM=-w200-h112-p-df-rw,2025-09-08T18:40:05.870622
Türkiye launches new İstif-class frigate,https://news.google.com/read/CBMihgFBVV95cUxPbWFnUVp1a3UyWE1RVi1OQ081QWNtaHBRMVA1SVo3R2lybWpoT0tOb3VkZHBSSlRobWk4ZWowa3pQZ1pyVHdYaEwxancwNDVUX1cyT3NnYVJHNXB6a21OMXE5bUtMOHZ4dndpNHZXOGxNbWpEdjJCOXlIdnBqSTRIRmZ2QVo4UQ?hl=en-US&gl=US&ceid=US%3Aen,Naval Today,6 hours ago,🇹🇷 Turkey Drones,https://news.google.com/api/attachments/CC8iI0NnNVBaazB5TkhsS2FtaE1jVzk1VFJERkF4aWtCU2dLTWdB=-w200-h112-p-df-rw,2025-09-08T18:40:05.870625
Türkiye considers privatizing iconic Istanbul bridges to ease budget strain: Bloomberg,https://news.google.com/read/CBMiywFBVV95cUxPVFJ5SXZLa0lEeWdaaDRFQkpZSldCZllKTW83ZktqOWVzRmlYQU5qbDBLYnZ0RTVrV3VFaWkzNHRSRGxPZEJEN1dKdUM5N09YZHdsb3piVTY4dmplU0tXR0UwSndxbUdhbUZlMEtsRmhYZzBzLUNhb0cta0RSSVFmakdXVmZpVE1wMkJjc2ZBczJCdEpLQ0pCbmdSUTV5d1I4ZGQ3WWF4N3otb1VhSDdHbTBhczRmZUh3OUo1T2p6Ty1kQWJ0RkR3TW1lQQ?hl=en-US&gl=US&ceid=US%3Aen,Türkiye Today,4 hours ago,🇹🇷 Turkey Drones,https://news.google.com/api/attachments/CC8iI0NnNVFSR0ZrWVd4bFJ6Tk5NSEpHVFJERUF4aW1CU2dLTWdB=-w200-h112-p-df-rw,2025-09-08T18:40:05.870628
"Halting Region's Oil Exports Has Caused $28 Billion in Losses to Iraq, Says KRG Official",https://news.google.com/read/CBMiyAFBVV95cUxNb29JVW5zQlBxVUM3UFUxaUdlT183RTVJNXE3TWYzRmJCQ2tUTHIzUkZtcGlZRmhCdVh4VmNiMWdQQTZjMmJqMFp2dWxzQWIxUVh6YzR2RC1SaHFKVC1acFl5QkVDdllodVJjVnY3MWlJZHBtSUliZ1pDYThQZDZVRVBoTFlWRHZ5d0kzb0RaVHh3SjdGN0VJWnJWdWdXS0x4Vm9oQmdSNDFTNXFTaWhJLWN1eUwyaUg0b21kMlpsdWt1dE1BNzBRSw?hl=en-US&gl=US&ceid=US%3Aen,kurdistan24.net,4 hours ago,🇹🇷 Turkey Drones,https://news.google.com/api/attachments/CC8iK0NnNW5NbUpTZGtabWQzcFpTRXB4VFJDZkF4ampCU2dLTWdZQk1JVFRsQW8=-w200-h112-p-df-rw,2025-09-08T18:40:05.870630
"Korea holds defense talks with Philippines, Turkey, Finland",https://news.google.com/read/CBMi0AFBVV95cUxPU0xoOXU5VWxGRTRrSkwtbDhSNzhnSzlzNWdFaktnb2NPVVFDNndaZUxMUlROcUhnQmc0c1U3NWhOSG5VS0d2X1o1N1ZlRlR0TXhPb09CZnBpbzlQTjYxYU1nM1NhNkFHS2tzdWdGVkRpNndWSnpuWWplYWlmRWJfZUdKemNOaVI5Qm1PdzFLMzFPV3pUMkM5amo0MHROemdVbWhIY2Z3YzhxaXQ1RkFMd01RSG5DcGdEdU9oRy1oNHpjaHdsMm5Ic0d5T1l4cjI1?hl=en-US&gl=US&ceid=US%3Aen,Korea JoongAng Daily,5 hours ago,🇹🇷 Turkey Drones,https://news.google.com/api/attachments/CC8iK0NnNWxjek5xUTBsT1RHWkxhRzVLVFJESEFoaXVCQ2dLTWdhTk1aREdLQWc=-w200-h112-p-df-rw,2025-09-08T18:40:05.870633
Study tests the feasibility of drone-delivered AEDs for out-of-hospital cardiac arrest,https://news.google.com/read/CBMizwFBVV95cUxNYzFmQ20xbDAzNDZwdXQtTk55Z1lZaXhTNkk5bVc5Um83Mkc5ZXh6OTB3MlFsLVZrVWtpQ05fNEJweVNLV0ZCaEZMaXVSS1kzVkpRNklkLVE4THFDY1JvOWVDbERnVjRmajlBbkdteGIzX3Q0bEpIeWNJcGVnZ0hDbEd0bUl4aXYwOG5ZdlVVS1BmalpqOFJJV0QtRjhWS0o2N3p1Qk9KNUlzWk4wRlg5VmZEd3V6RC1WYW1pbTdoQ2p4OUtsVzdTX1hzNzFfWjg?hl=en-US&gl=US&ceid=US%3Aen,News-Medical,2 hours ago,🤖 Autonomous Drones,"https://encrypted-tbn3.gstatic.com/faviconV2?url=https://www.news-medical.net&client=NEWS_360&size=96&type=FAVICON&fallback_opts=TYPE,SIZE,URL",2025-09-08T18:40:05.870636
National Grid launches autonomous drone inspections,https://news.google.com/read/CBMimgFBVV95cUxQd1hHN0hCSlliVlk3QmRidW9SQjE1NW1RLUlQRFhoOS0zWUJFV0xaM2kwcHAyYmVtZklQYi1HWlJQbXVUMlhEMnNVWUxIVk42VE00dGFOX0FVQXRFbWRnSzZReHhsRWFtNEs2RTRjNkJHWjBSRlR2QklUeW1qWVBUN1gtdFlEQUdiLWtlcXZCN2JMMjJLSk9sWHRn?hl=en-US&gl=US&ceid=US%3Aen,Transformers Magazine,12 hours ago,🤖 Autonomous Drones,https://news.google.com/api/attachments/CC8iK0NnNDVTbE4yUWtWUU4yc3dMVXRLVFJDQ0F4aWJCaWdLTWdZZFJaYXZzUWM=-w200-h112-p-df-rw,2025-09-08T18:40:05.870639
Quantum Systems announces UK expansion,https://news.google.com/read/CBMiZkFVX3lxTE1VeHFrdXR3UWVNTERHQWRQQzh3TzU5V0VIMGVPMVh0OFkyMHM2Zmp2S1p0WFFXNVBiMmF3THpDN0dGaE9TdndacWt0TXV6U0xFY3ZHMmt5WjZRMEpSV2JncVhJRG5lUQ?hl=en-US&gl=US&ceid=US%3Aen,Sifted,10 hours ago,🤖 Autonomous Drones,https://news.google.com/api/attachments/CC8iK0NnNUtTamhuWXpoWGJqazBaek4zVFJERUF4aW1CU2dLTWdZQllJSlpvQWM=-w200-h112-p-df-rw,2025-09-08T18:40:05.870641
New Drone Swarm Software Enables Cross-Manufacturer Coordination,https://news.google.com/read/CBMiSEFVX3lxTE1JaE9Ea1FzMFhxazRvaGRRcjRTc1gxOWVGSHJNOEpSZF9KNHg5WER2T1RSWk1ydktkOWh6UFBZUXQ5UWMtSVhOaA?hl=en-US&gl=US&ceid=US%3Aen,i-hls.com,14 hours ago,🤖 Autonomous Drones,https://news.google.com/api/attachments/CC8iK0NnNUJXVWhoZG5wc2VIVTRVbGxwVFJEQ0F4aXFCU2dLTWdhTmNvWlFxUWM=-w200-h112-p-df-rw,2025-09-08T18:40:05.870644
New Virtualitics AI Tool Aims to Streamline Defense Readiness,https://news.google.com/read/CBMiggFBVV95cUxOMy1VOXItRklpSndETEg1S3Y5SkdrZV9JeXRYMHFWdDNCRVYtYUdjUG8xR2VVcVlLOF9MR2RuaHA2ZHNGWG5ia2FDTkdqYlpNdEpiNkdRN2tqUGIweEdDVFhlYVJLMFJiSWNNaHVmV1ItczVHTE8wb2ZGRmFVZl9LOEdn0gGCAUFVX3lxTE4zLVU5ci1GSWlKd0RMSDVLdjlKR2tlX0l5dFgwcVZ0M0JFVi1hR2NQbzFHZVVxWUs4X0xHZG5ocDZkc0ZYbmJrYUNOR2piWk10SmI2R1E3a2pQYjB4R0NUWGVhUkswUmJJY01odWZXUi1zNUdMTzBvZkZGYVVmX0s4R2c?hl=en-US&gl=US&ceid=US%3Aen,The Defense Post,5 hours ago,🤖 AI Drones,"https://encrypted-tbn3.gstatic.com/faviconV2?url=https://thedefensepost.com&client=NEWS_360&size=96&type=FAVICON&fallback_opts=TYPE,SIZE,URL",2025-09-08T18:40:05.870647
UAV Expo 2025 Unites Drone Leaders for BVLOS Rulemaking,https://news.google.com/read/CBMikwFBVV95cUxQTkE2RDFPV0lGclVrTEhuTzJwcVRpbENNa0JpYkNFTzllZFk3d1pCSjlibDlvcmVUaFM2N2VRMXl4RUJmSHA3TFlyU1I0UlE1aFl6enA5M0ZBMVhlRlYwclQwUHFRRnc2ZFpYYzhqbW12OHQzNDdEZm96YWhjeWgtUmNEZTlZWHF2Um9LUjBrVFJUQm8?hl=en-US&gl=US&ceid=US%3Aen,uasweekly.com,7 hours ago,🤖 AI Drones,https://news.google.com/api/attachments/CC8iK0NnNXlXbWMzVjJnd2VWWlRNMll6VFJEOUFoaW1CU2dLTWdZQmNKSmhzQWM=-w200-h112-p-df-rw,2025-09-08T18:40:05.870650
Eagle A7 prevents landmine casualties with drone-mounted AI,https://news.google.com/read/CBMimgFBVV95cUxOXzE4Z3UzZWp6cWplQXR2TlVDclc1X0ZHSnBkdllIRkc5VmNVV0h4MUdLZFpnLV9ybUFaQUNmSi1TeWRBeUZHWXBnWkZLTUlGZVRSQU9scGYyY0tBblZlZzNYS2pGLVFWQTdDbEZmSlRTaGt1Z0oyOVFNQ1VMQUVnRGNZNEY4cUJPbnFRTkRLUkFqMTBQT2Z5Y2NB?hl=en-US&gl=US&ceid=US%3Aen,Design World,9 hours ago,🤖 AI Drones,https://news.google.com/api/attachments/CC8iI0NnNXpPSEpzWkU5elkxbGtibVJsVFJDWkF4anVCU2dLTWdB=-w200-h112-p-df-rw,2025-09-08T18:40:05.870653
Gelteq Announces Commencement of Preclinical Trial for Novel Gel-Based Antihistamine Formulation Targeting Allergy Market,https://news.google.com/read/CBMilAJBVV95cUxOeUdTWmcxYV9HT3M3RTNwOWctRlNwQ0F3OUh0bzZJV2dxS1NZdEQ4Smt4VWx2WDg4eGE3a09ZYkFBWlQ5LV9NOTRjcXNNeWI4LUhMams4S2JzcWJGOTA2LTdWNkJlVjNPVC1TODlVNzBDeDI4a21hNjh5c0ttWVZ6RmdNLVN1Q1RJbWd0bjhZWTJxa1RNU3ZpTlhVOUFuQmIwYmlxLU9XaWtkOURobkthTTU5d2YyblZDTjRhZDJ6ekRjTlZmeWJaSnA2SGJub0p1VlU0MDFjSjFXNU5kWmZGT2d3a2dSX1o0dkJZcmsxSnBuckEtMEZiSzdpMGhha1EzdEJBS0Zac0hPaFl2V3hQUHVuRjY?hl=en-US&gl=US&ceid=US%3Aen,Stocktwits,4 hours ago,🤖 AI Drones,https://news.google.com/api/attachments/CC8iK0NnNUVhMGh5ZDJOcGJGQjNORlJMVFJDcUJCaXFCQ2dLTWdhVnNwSXh3UVk=-w200-h112-p-df-rw,2025-09-08T18:40:05.870656
"China’s deepening civilian, military AI ties pose challenge to US, warns think tank",https://news.google.com/read/CBMi3wFBVV95cUxOX21PV0RnSmlxc0pVSVNvcDlzdk5ZaWRnaUxqU1RrUFFMaFA4THVHcmxIZ0FCWmsyN1BkczZhaC1uQnNmc0IyNWNNdG1YZ05IUjNha1dJUUNtTmZ1Y3FqNS11bXdNbEpqTDgyUTFETm9HQ1cwekkzc1R5QVJLb1JYY09QUXI1TEFOWEpCeFdxZXFwZHJjQ3BrWERFcWNwSi02R2xBbE9jOVA0U1JRUXhsTUxzR2pDblh1SlVfcVB3UE1rd013X25hMHVPSlVnSjg5NEFaYlZSVWFYZFZoeUxn0gHkAUFVX3lxTE45RnZRYzBCU1Z1UFJrQldyV09JRGdibDBXajNuNlpGZDJteV9CVF9xQXpLQTdvajMtalNsSnN3dmhRWnh3bHdrTktVZlg4NGFLa0I2X2ZuU0V2djhnLTdMRkJTV1YxZkZRa1BQWF9Ebl94dWhYOFBfY0VPUHE3QlpvdFNOUU1zMzBHQ1JzVVMwQ1RQZWxydklNT3JGaXdsRlVDdnpJSVlfbU82NjJZcFZJdGhRd0I4b0xBRm9BVUpQbW9BMkVwMmN4ZkU0aG56Z1BEanJWYU1kMGpzLVI0S1k0aVQ2ZQ?hl=en-US&gl=US&ceid=US%3Aen,Mint,4 hours ago,🤖 AI Drones,https://news.google.com/api/attachments/CC8iL0NnNURRMnhFZVhSM1ZIUnVRV2RuVFJDZUF4amxCU2dLTWdrQkFJaFpnQ3hjTGdF=-w200-h112-p-df-rw,2025-09-08T18:40:05.870658
“What’s at stake is not just building a company but building Israel into a world power”,https://news.google.com/read/CBMiZ0FVX3lxTE8tNWhDWTVCNndzbkNwZF9zUmVMTVJCa2s1RE83dWRGNE05UVFZYy1yMnF0aGxYcFQtZHhTcjFVNlVSeGFqME9lTkR6Qmh4b041WERLYUlpN0hmaXJLcUtTX252NGRhNVE?hl=en-US&gl=US&ceid=US%3Aen,CTech,11 hours ago,🤖 AI Drones,https://news.google.com/api/attachments/CC8iI0NnNW9XR2xTZUhSUFVIcFBhMHN5VFJDM0FSaVRBaWdCTWdB=-w200-h112-p-df-rw,2025-09-08T18:40:05.870662
Taiwan announces six new breakthroughs that address key drone gaps,https://news.google.com/read/CBMingFBVV95cUxNZ29xdGJsUXBPU2R6dW1uMHJMNHB2RUxaaDF1S3V0N3lKZVV6MEJOM2JLdXJyNnNteWJGSUdFRFJ4SmYwMHFxdi1WSm5OYW96Q3hnSlhLdG9ZS3hqUG5ZT3Jha19xaGhoUjltdkhhdTBuZUpGdko0OXh3NHYyT3BOMWlZMkR2QjZmYk9jNmxBRmFlUVpGbEdEY1lZTjRtQQ?hl=en-US&gl=US&ceid=US%3Aen,DIGITIMES Asia,14 hours ago,🤖 AI Drones,https://news.google.com/api/attachments/CC8iL0NnNXpaSFYzVFZZd2NYaEdSMXByVFJDckF4aUFCU2dLTWdrQk1Jb2lScVJFNVFJ=-w200-h112-p-df-rw,2025-09-08T18:40:05.870665
ExxonMobil Deploys AI Drones in Angola Operations,https://news.google.com/read/CBMihgFBVV95cUxQWU5LaU1CXzdlTFloRmZyeU0xend2V0NzVjV4U0RXdk1WZFptczR0T0dVNEhCUE1DV0NEdldxNlRJT2tWSm9LRW9LcE5GaTJkVjBWQnZIcml2U3ZUcS1sdjNQZVF0TE03SlpqQ0pJWEtncXJDejNqSWwtaWh6QkUzandjQjVCZw?hl=en-US&gl=US&ceid=US%3Aen,News Ghana,7 hours ago,🤖 AI Drones,https://news.google.com/api/attachments/CC8iK0NnNXhVRE5YUm5sR2NYVTROMnhVVFJDakF4aTRCU2dLTWdZWmNJN01yQWM=-w200-h112-p-df-rw,2025-09-08T18:40:05.870668
Air Force aims to gauge industry interest in making atomic clock to guide drone swarms,https://news.google.com/read/CBMisgFBVV95cUxOX3dFQ0hRUVhFRUZ3aEhhUVZiQi0zczNpZkxlNURvenctRE9xZ3ZIOWJwLVZpcHZDYlN5OVdNWlNORTRDalg3d0wyX1AwNWFRbXphcGViWWJ6YTFBVG1aakFYYlVCQm1DWTVCTVVYcjBIeEFPQldNUm9ZeXQxU0M2dXc0c0poV2NGcElWY3BFRHdWTG5fQjJ3cmtFdTVHc2tPbWppNk5yTmgzZ0t4MGtNZzJn?hl=en-US&gl=US&ceid=US%3Aen,Stars and Stripes,4 hours ago,🐝 Drone Swarms,https://news.google.com/api/attachments/CC8iJ0NnNUlRMlZDVWpWUk1XVm5SbmxXVFJDeEFSaWNBaWdCTWdNQjRBQQ=-w200-h112-p-df-rw,2025-09-08T18:40:05.870671
Atomic clocks may keep Air Force drone swarms flying without GPS,https://news.google.com/read/CBMiekFVX3lxTE04aXFDYTJ2V1NjU0l1RmVleDFmWEtLc0x2R0ZMWHdoQ0RMcXBtSHVEMGtGaUl1azEzQUM3LUZYV0RSeG4zQXREV0hKejYxazRsYkdaNG9RM2dCRWdER3F2Vy1Hb05IWFNWZks0MkNpWHE5Z2dHSkpuQjBn?hl=en-US&gl=US&ceid=US%3Aen,Interesting Engineering,2 hours ago,🐝 Drone Swarms,https://news.google.com/api/attachments/CC8iK0NnNHhhM1ZZU1dSTFZtUnNXR3R4VFJDZkF4ampCU2dLTWdZQk1Jd0dxZ1U=-w200-h112-p-df-rw,2025-09-08T18:40:05.870674
Army Plans Advanced Radars To Counter Drone Swarms Along Northern And Western Borders: Report,https://news.google.com/read/CBMixgFBVV95cUxPeF96UWhueUwzWVp2RkdXbGEtMnB1aUxRZVJuYzJOWUVtN0ZhanYxcGo5WUQ3dXI1VGNLV0RoUmgwZ0lEdVM0aFlhUFRBUlhzeXZzRXBaWk5HX3U5aG00c2FEbFhoVF8tSG9yMDQxbng5RjJjMTJHTUduV1E4SzJGeXhNdUpDVkNLb2RuZXVqX0xCY0hCNWdNdDFLZ1VlR0paeHpSSEZFV0FFbXlseUliY2kwbkJuTGxpUEF1M1FvY3JLTVh4SGfSAdYBQVVfeXFMT2FfSzRQemlucHNKS2xOeVVXdlJGN0diMUZEWldUb3NuVnFCT0hNTi1xNVdoa2RGTkx1bTVvR0dYZkhVbEE1TXNFWFNNbkxyTWU5SkQ0bElZLW5kVzUyRlAwdmdTRGR0V3AyR1g5UG1Sd2o0U09xSzJzY1N3SG5YUy1IT19Fa0pqekdUUmliREIzUU1XMWkxNThQT0JrSWIxQXIySGF4STdQNWhxM3JVelpYa2llQ1N6cU54cHB1WkYwc1FDZ1pTb2E0eEI2TXpBU3U2TGhKZw?hl=en-US&gl=US&ceid=US%3Aen,Swarajyamag,6 hours ago,🐝 Drone Swarms,https://news.google.com/api/attachments/CC8iK0NnNXZWRmxzZFhONGNGcEJaM1EzVFJERUF4aW1CU2dLTWdZbEE0b1VyUWc=-w200-h112-p-df-rw,2025-09-08T18:40:05.870677
EOS unveils Apollo laser weapon,https://news.google.com/read/CBMiaEFVX3lxTE9SNUFCREIwVUVjM0pfM1hjUkNlVERhQl8wLTRQZVlEY05GRmh5VXdBMUJpdG53QXpjUmdVWHZWNXFnZl8zS0tCcFl0SHdJRVdxUEJCaTNLUEs5c25iejhvZFhJUDRGTTVV0gFuQVVfeXFMT2haaWdsWno5MFpmVDFXa0RVOFQ1UzkwQ0lFX3ozRldSbHNFcjlBYnM4OVRfZTcyUmVQVFF5QXR4VnVQQ3lGRVE0LVVlamR0X3lvUUVhelZFMHg0WmhyZ1lBRHZDdnBfMF85a0ZSaEE?hl=en-US&gl=US&ceid=US%3Aen,Defence Blog,9 hours ago,🐝 Drone Swarms,https://news.google.com/api/attachments/CC8iL0NnNUVNRTA0T1hSSmVrODRVR0pTVFJERUF4aW1CU2dLTWdrQmdKQ01zS2ZJa0FF=-w200-h112-p-df-rw,2025-09-08T18:40:05.870679
Ukraine-Russia war latest: Putin strikes main government building in Kyiv for first time in record drone swarm,https://news.google.com/read/CBMi6AFBVV95cUxNeVN6NkhQSjFUeWVBV1d4dWMyVjEwZTdEOEFKM1hxN1NEa2U1T09IcHFtbmZNTUVOWjBldktxUDRLQzVrZHhxYmpQUGFVUGJReUpDV1RuV0NQTzl5WWpxcjhveWlxTEdTUXNuOGF1ZkdCNF9aYnEzY1RqQmstQjViMmkyVFVpcnp4WGxSakd3WlpRNlFEWE54aW9JUHpFclpHZlctRUlkc3p0TUp0aGRuSWdnbnBTSVpETEJmRm1SUzU1RmE3aGdmZjRWWUZBVTJkVmpQcmdaeDBWYVFvS19jTVU5QVdUQVJJ?hl=en-US&gl=US&ceid=US%3Aen,MSN,18 hours ago,🐝 Drone Swarms,https://news.google.com/api/attachments/CC8iK0NnNVVkbGhRTUVVd1RGZzBRMU55VFJEWUF4aUtCU2dLTWdZdFVveXZRUVk=-w200-h112-p-df-rw,2025-09-08T18:40:05.870682
EOS unveils ‘Apollo’ as the name of its High Energy Laser Weapon,https://news.google.com/read/CBMikwFBVV95cUxPWFBWNm1wS2ZvbUlDU18wNG1xOUx4eHA5Z293aGxPclYzcVVFNHB6OWtaN0xUVWdQSl9kdHFENV93aTZSNzRkTy1Mcm5lSUMzNE53YUEwbjNjN1V5SjU2N201MW9zbzdEYURjMWNqSUxOcE56TUE4QUlyY0dIU1ExNUFaa2NKZFJGR0JWODdLUjIzd1E?hl=en-US&gl=US&ceid=US%3Aen,EDR Magazine,5 hours ago,🐝 Drone Swarms,https://news.google.com/api/attachments/CC8iJ0NnNUNNeloxYW5oZmQxaEdOM0pZVFJERUF4aW1CU2dLTWdNWlVBZw=-w200-h112-p-df-rw,2025-09-08T18:40:05.870684
Missing Canadian soldier found dead in Latvia,https://news.google.com/read/CBMikAFBVV95cUxNckVjMnJVYkFWalh1c25sQ2NIRGJ4ZFB2S3EwcDBTQVdoZUludWs4aURYUzRqNk9oLWZXbzBRRkNPRHlhc0gwck1OLWtrQm9WTm9wVmVvcWk0bFdjR2Y1SXByZGdETTNqRjFVU0tubU41MWMwUFY4QWZXMm01WnQ5SENEVFNKazlqdG5sUlJoNGU?hl=en-US&gl=US&ceid=US%3Aen,Space War News,16 hours ago,🐝 Drone Swarms,"https://encrypted-tbn2.gstatic.com/faviconV2?url=https://www.spacewar.com&client=NEWS_360&size=96&type=FAVICON&fallback_opts=TYPE,SIZE,URL",2025-09-08T18:40:05.870687
ParaZero receives order from defense entity for its counter drone technology,https://news.google.com/read/CBMi7AJBVV95cUxPUVZpdU9BZWx0bDFPZjlZcWpCWW9uWG0xcUdfRlBPTXFJMlNLV0VocHcwMlM4TTFDc3FEZ2xPVHRhV0JVWWhyRWRWLXV2TkJvOWVRQkUzbnZPbmQ1cE9EZE9Gd1RQVHZzNWE2RlhLYVRzdVVFQnRUYlB3NEZlOFg2RkxkemlaUkNYMGlxc1FLYTBjelJqTGN0aWowVVc1M2VhNE9GcTViX3h4dDFSZWNUWTJxOGVwNG5pcjdyOG5LWUx6UVhhWFpCTFpSLWFyWmY4ZHRybXFCc25RSFBOYjFCSHJwTGdSTV9Hek9YN0I3eU1CbWd3WGl4dEw5Zm9lTGptb1dJejdYb005dDFGcUprdDNNWHFJTHNKVS1PZ0Z6Z0QzUUloOU1paHd3M2Izc2NWZkZOOEs4bFVQQmNxMU1LQng5VkZyWGI5ZTlfYm9kM3QyTnJ1ZTNIbXphT0hob1AtdW1SdVpRcWwtM21u?hl=en-US&gl=US&ceid=US%3Aen,MSN,3 hours ago,🔬 Drone Technology,"https://encrypted-tbn2.gstatic.com/faviconV2?url=http://www.msn.com&client=NEWS_360&size=96&type=FAVICON&fallback_opts=TYPE,SIZE,URL",2025-09-08T18:40:05.870690
"Haryana to become hub of drone technology, says Haryana CM",https://news.google.com/read/CBMi9gFBVV95cUxOZ2NSbDRDVm1PTDRPWThlQTRsX2k1UGFtSHl4U0hrMHVlRDY0UTVkUjMxMXFDUmZhellsMTlmZEdLUncwR01uN0NWdnBRWVJMY2I4NGFNclZkTUtITUtiSXpMemxHT2dtSktmOXBZV0J3cEstbWRZMjlMMEJDWmtMd3BiYVYtWmRYN1dhVEJLZ1IyeDJPellzZy1CTHBJOHA5cnRMYUh6YVpCSlIxYVlhMnRGcV9rTzFRbUkzWmZ3LVVuYjdLcTQ2aHQwT1g3RTlpbUhUc2dRMGE3bngzSjJtMXRwRmhVX2NmdUxuZ2hxSFNxd0d6X0HSAfsBQVVfeXFMUFo3TTdjVnVOVHFwb0RDRURJTmxaR0xsUnhWUXRxU3pJQXFQSE9vb3pZX1FtSXFEdG1uODF0YlZGeE1MV2lxbVpBV29YVmNfVlVYcjRzWENDOFg3b0NRMEltMW5MV2VsRk5ZVTByMXJ2YTNQYXpiWFE1RmtrcGI0SGhWeGRPUmVCSzBJQmhSTWVJdHdsZmR0aHZ6ZE55MmNhd1hURm9jWFl1ZWVLdTJNZVI0Z2FGXzR6R2lCTGxnMFRhc0JOYUV0TjVoVVVDbk1sRko1MnNtV1lnYkxWYW1zR2NWdXRSYXI2azRIYnIxZklZU3pHc1NjQnl2SzA?hl=en-US&gl=US&ceid=US%3Aen,ET Manufacturing,2 hours ago,🔬 Drone Technology,https://news.google.com/api/attachments/CC8iK0NnNTJWbEYxZW1zd05FbzRNelJpVFJEZ0F4aUFCU2dLTWdhbE01cU5IUWs=-w200-h112-p-df-rw,2025-09-08T18:40:05.870696
Blackwater Founder Targets Ukraine Drone Makers Amid Pentagon “Drone Dominance” Drive,https://news.google.com/read/CBMie0FVX3lxTE1ZVVZQRGJZbHU3eThzbnplSGFIQmJaQU00TmRIR1dHSkNGdl9fY1VMWm4xT3A3TDVpZkc4b3MxZTlwQ1B3SjdHekRsb3J1YzQ0M21ValFuY2tNT3R1cmlieUsxTzNmR3RZM19yai1OVWI4SHdsbUo1MGRsOA?hl=en-US&gl=US&ceid=US%3Aen,DroneXL.co,4 hours ago,🔬 Drone Technology,https://news.google.com/api/attachments/CC8iK0NnNTZOQzE0Y0cxcGNISk9hVGRYVFJDZkF4ampCU2dLTWdhSklvd3ZuUVk=-w200-h112-p-df-rw,2025-09-08T18:40:05.870699
"SkyfireAI, USSRC, Darley Enhance Drone Training in Rocket City",https://news.google.com/read/CBMimgFBVV95cUxQVE44QU9LR2ppdDR0aklHTDZCcVlFMks5ZDJyXzczbWx6VHdnSExYOTZtTGdGeFVrN2F6dHRkaFFwWUR3ZGpMSU5QWXhTQmh4SU5RdjdOMVlnTnF3SEVFNnI5ajAzRlVmUENUb0RINlFoVnRNMEZaTFJtbDJRSkFNNHd6MzNwdl8wN05aVEY1czY5T1pqQjd1Wk1R?hl=en-US&gl=US&ceid=US%3Aen,uasweekly.com,7 hours ago,🔬 Drone Technology,https://news.google.com/api/attachments/CC8iI0NnNWFNRmh3U1U4NFZXaDNXRzVrVFJEOUFoaW1CU2dLTWdB=-w200-h112-p-df-rw,2025-09-08T18:40:05.870702
EMERGING TECHNOLOGY HORIZONS: Accelerating Drone Munition Innovation,https://news.google.com/read/CBMiwwFBVV95cUxOMjNqQXlXQUVZOUEtVlZoVUItN04waFQyelgxeW4zRlVrZXI0TEJBdzFubVhBQkw1X08yc1ZMY1pBZEJVdGhJUF8xSlNPRWl2enpIbnd6S0dicFNyZkttcHA3ZXNuUXZhdFdfM3pUZ1VXb2ltTWo3a2FHX3R6M0E0bW45c3NUVmdKaHdxZkMxUWZOR0Fmcm9ad0R5dnZFMjV1MnFOMkloaERmcXNpQ1NSUkduVTAyRnppR1JDYm96T05fa0E?hl=en-US&gl=US&ceid=US%3Aen,National Defense Magazine,19 hours ago,🔬 Drone Technology,https://news.google.com/api/attachments/CC8iK0NnNHRUMlY1YjNKMVJXWnBkVTgyVFJDcEFSaXBBaWdCTWdhZFE0ek1zUVU=-w200-h112-p-df-rw,2025-09-08T18:40:05.870705
AIRO and Nord Drone Group to Form Joint Venture Aimed at Accelerating Deployment of Ukraine-Battlefield-Tested Drone Technologies,https://news.google.com/read/CBMilAJBVV95cUxOb1hKd1R4V2dfcVF4d0lqTnFSY3VvclFqZktXY0dlaGk3TUgtUzIzcm5yWnJxVVNkS0lFdEFxVGJFSlY5a1p5b1FVWVFfVlJqUVpSUm9jbFF5bFRybGRMb3dwX0lxVmN6QUdtdXZTV1ZDNFYtcGpnblJEeVI1aVpkcGx4NWZlVWpzc2JaeGtNdUUwNE5YaDJpRTNwZEpFbHlGeFp3NWZCanBDU1dZa2lhQjJDbHBTaVZZZ0dqOFhxbEJ5NU5vdl9KWkpSR1NRaXJMSGRlcUg0aGhNeHExZmphd0NPX1BmTE4wb29qdWZOV2piNFNpSy1aOVJWSmpWQVN6NkZSazNNMVlIWV9TemNMOGxXV2g?hl=en-US&gl=US&ceid=US%3Aen,Business Wire,5 hours ago,🔬 Drone Technology,https://news.google.com/api/attachments/CC8iK0NnNXpjVUZUZWtWb2JWUldaV3RZVFJDM0FSaVRBaWdCTWdhTlFZeHRvUVk=-w200-h112-p-df-rw,2025-09-08T18:40:05.870708
Washington’s Misguided Drone Ban Takes Aim At The Technological Miracles That Entertain Us - Inside Sources,https://news.google.com/read/CBMi2gFBVV95cUxOX2drTElFRE5yZXFjN3VZQXVUWU5MNk55MGc5STJYYk9fYmVsSzVYUFBVdkpQQ3kzNVBjeURTRDR4Ung3RjVRSy1RMXhMNmNFRDJkMmxpejNuQ2Q0Vjg1aUp6c3ZCRGNsekEtUTc0U1VGVUV5Qk5xU1VwTS1XZWpKWlBkVWZTbEhzcWEyeXZUY1EwR28yS2lNS1dzdFduenZnaEJZQ0NIRm9UWU9UOXlCOWpwTHVCV1hNXzF2Q1htal9pYkVFQjZ0dl9pN0h0UFgzekdJeDduanZkdw?hl=en-US&gl=US&ceid=US%3Aen,Prescott eNews,11 hours ago,🔬 Drone Technology,https://news.google.com/api/attachments/CC8iK0NnNDJaMFJXU2tad05GVnRkekpOVFJDUUF4ajBBeWdLTWdZQkVJWXVrUW8=-w200-h112-p-df-rw,2025-09-08T18:40:05.870711
Toy Drones Market to Hit USD 766.5 Million by 2035 with Rising Adoption in Recreation and Education,https://news.google.com/read/CBMinwFBVV95cUxQc0g0c3h3c0xvb0VlQlc4eGtqaHY3dlVqeERLMEVaN0RxaEJWZzFmMXNGNV9VN3hzdlFzMG1HaXkyZmVuTVZGOUl0RnI3cExHNnZQV1NmM0hIS2lFWXZWNUdXdlFTZGI3LWN3TnFkTjZjc0c1TmpqYnpwY0NpNFJmMGUyZ2ZCOVRtQTB1ZzhNbVhGcVhnWTNjYUpGVlFSRUU?hl=en-US&gl=US&ceid=US%3Aen,openPR.com,59 minutes ago,🔬 Drone Technology,https://news.google.com/api/attachments/CC8iL0NnNXRiV0pUUjNaelpqTnZlSE0zVFJDM0FSaVRBaWdCTWdtTkFvem5EQ3lpekFF=-w200-h112-p-df-rw,2025-09-08T18:40:05.870714
Swiss drone startup Flybotix secures nearly €8.5 million to reduce risk in confined space inspections,https://news.google.com/read/CBMi1AFBVV95cUxORnNzWjlZYUhfWjdWbmZJRXpWOHZuOUJMaEQ4b0dxckFfdzZEdHhYRHlSQkRDc1d6R2NPVWlSMlIxbTJSMW5VSDFKYUFMb2hubEc1MnNBREN4R0tzX1FFWVBzSzg4ZG1QdU0yc3IzTDBvc3MzdXNHcVdCRFpvc0U2WGNkcmdPZ1VBZHNSbXZic0RsQ0djdG02NFJreUVmd29nUFFGMHJobmRncVp3X1JIQ094SmNqaVBwTEpQSEJqYlB4X3dueFpIbmdxUVktWVo1OTFsTA?hl=en-US&gl=US&ceid=US%3Aen,EU-Startups,6 hours ago,🔬 Drone Technology,https://news.google.com/api/attachments/CC8iI0NnNVVOek16U2pBeE5WcFJlVkkzVFJDcEF4alNCU2dLTWdB=-w200-h112-p-df-rw,2025-09-08T18:40:05.870717
Alpine Eagle tests air-to-air C-UAS drone with Ukrainian Armed Forces,https://news.google.com/read/CBMi0wFBVV95cUxPLXI0cEdzVmR6dzVRRVVXUTN3MEJmYUczS200WVM4bGIwUHVPbmhRODhNSjlHd1BYQmxJRjFtc0xiMGlzWDIzRjZWR3R0ajU0VkNEemozNzBOM3QtNEJPMWMxd1ZSSnJwaWdCbFNtNVZicjR6X1dkR1ZkeUpoNGxPZXJTVnFvZFFZV0cyQTRmZXkyb0M0dWVLcWEwT2U0OTQ3aGtXZmJqYlNFTmNmMTNCb3hiVlJTSUFUQmllMUNuVzJiM2NtdnZWbFlKb2V1NXRfV3gw?hl=en-US&gl=US&ceid=US%3Aen,Unmanned airspace,13 hours ago,🔬 Drone Technology,https://news.google.com/api/attachments/CC8iK0NnNVNlR2RPVDE5b2RscHlhbFk1VFJER0F4aWpCU2dLTWdhWm81S3N1UVk=-w200-h112-p-df-rw,2025-09-08T18:40:05.870720
NBAA Surveys Members on Drones for FAA’s Part 108 BVLOS Consultation,https://news.google.com/read/CBMitgFBVV95cUxOU280Zk0wNERhNl84LXROd1VKWW85U1JuZTNSNHFRSFZiSnROSjJtNG1KaWN1OWVpOVZoUXkzZ19tMGUtcFh5eHQ4V2RuaTV1WGRlM1R5bjRRSzl6Z0NEd0JwZXRLbGFja3phWmQzRDRSb1pzWkdqQ3JCQUsyNUpMQlo3SjhFaERoRlgxZ3lwYURfa1llNzQtaHZYaUhLQmtkbzlEeXhMVU5hV1NkeDV5dTN6U2NuUQ?hl=en-US&gl=US&ceid=US%3Aen,Aviation International News,1 hour ago,🛩️ Unmanned Aircraft,https://news.google.com/api/attachments/CC8iK0NnNXhTa1UwUjBaTlZWZ3hhV1I0VFJDakFSaTJBaWdCTWdZWmc1Qk10UVk=-w200-h112-p-df-rw,2025-09-08T18:40:05.870723
Berlin launches three-year drone delivery testbed program,https://news.google.com/read/CBMiswFBVV95cUxOMmR4TW1Cd2dhS3F4cWlwN2wtNExHdlZqRlR5QXhGSld0ZnNka2ZFZ0JGdXQzZmhrVk9ERWJtdnlSU3p2ZTBHT25WZjR3eXRwSkd6Q1pULXdSQ2tNLUM1aEJhSlVhWlE4UktvX0tYMVpiNjdUY2w3RHlCQWtZMjE5Z190NUZmX1N6d2IyaVdpRzJMSFhmektRWTNEdHVqMUN0SzdDTmxGMWpKLWg5U2VXX0ZpYw?hl=en-US&gl=US&ceid=US%3Aen,Aerospace Testing International,6 hours ago,🛩️ Unmanned Aircraft,https://news.google.com/api/attachments/CC8iK0NnNUNTMlp3TkVKalNUVTBOR04zVFJDZUF4amtCU2dLTWdZMU1vZ1NvUWs=-w200-h112-p-df-rw,2025-09-08T18:40:05.870725
'Paradox of success': Former IDF chief explains interception failure at Ramon,https://news.google.com/read/CBMiXEFVX3lxTE9FdG1PanMxYzdXUy1hcGlrem1tQVdsQmxnaldOVWtSTWlhZTU0eU1sc1lPMEhlazBweU15VThaUWFXalp1V2U1R01WT1NkRUZrM1VWaHhXUk1nbmhL?hl=en-US&gl=US&ceid=US%3Aen,The Jerusalem Post,5 hours ago,🛩️ Unmanned Aircraft,https://news.google.com/api/attachments/CC8iK0NnNVZOSGMxTmxOb1NIRlVhbkZIVFJDZkF4ampCU2dLTWdZQkFZYmtpZ3c=-w200-h112-p-df-rw,2025-09-08T18:40:05.870728
Eglin hosting unmanned aerial system experiment on Santa Rosa Island,https://news.google.com/read/CBMimgFBVV95cUxQWkJudlF4V3hORzByT2VzRGlWLVgxODJEVnZsWWxlTjVhODk4RXp0YzRQU1NybzhFOXZ1SUJQTTJZTkNsVDc5S0J1QU96enF4MmhUbWZ5azZPcGE4VlRjZzZ6Z1R2REREU0lpUzdOQmZXR2lhQ0hUQmpqRUt0Mk1vemp6WHpQRGpiMjFUMFpPSmFFWkdNTG1SYzZR?hl=en-US&gl=US&ceid=US%3Aen,Navarre Press,2 hours ago,🛩️ Unmanned Aircraft,https://news.google.com/api/attachments/CC8iK0NnNXJhaTFhTW5OamMyMU9hRlpGVFJDekF4akJCU2dLTWdZdFVacHZvUWc=-w200-h112-p-df-rw,2025-09-08T18:40:05.870731
Ascent AeroSystems Unveils the SPARTAN™ Heavyweight NX30 UAV Platform,https://news.google.com/read/CBMipgFBVV95cUxQdmhBOEFURmZLR01WdjVLdG9VTVdRNmJfa0MyV0diNkV5Um8wT0I4a2ZUb3Jmbld2WGxsZWZRRVBkZS02WjRRQjBNUjJVc1ZIc3MyRzdvRUFOdkVTb21HZTZ2SVJwQkdqOFZYM1FBLVJncENZVGVqQkd1QTVKX3JsdXE0dTNaVllncUZvUFpHd0xpaFd1azlEWmphZlJkaUt1TTRZV0d3?hl=en-US&gl=US&ceid=US%3Aen,Inside Unmanned Systems,1 hour ago,🛩️ Unmanned Aircraft,https://news.google.com/api/attachments/CC8iMkNnNDVhMVZxYjB4SlltUnZVVkZsVFJEQkF4aXFCU2dLTWd1QkE0NnFHYW5RUWZ2YWV3=-w200-h112-p-df-rw,2025-09-08T18:40:05.870734
U.S. armored vehicles get anti-drone protection,https://news.google.com/read/CBMifEFVX3lxTE5hRHFOWVlRLXdKZlRXbmMxM0VQQXdhb0poV2F3WWpKTkV2R0NTbFBZcTZvVHI1bmlZalVtSzJRdEoxOVRqQlUwOTJsZUh2dmQzS29sVDVyTWc3QU9GdGRxVWRiODNUTTBHYkNnMm45bUk1NXU3V05CczY1VDTSAYIBQVVfeXFMTTRVWGJzMUI5UzZaMEU2YnVRN0M1a0RzanpGYzVkeUdxb1J5bUZpVU9oLWNwQkFmWDMzM0RxdDZDb3JKaTNKYVVqUUtEOFAyV2dGR3VCWl9fZlp1dTJUU0gycGVxcWYtcndsdmt0aGRHWDJselRqSU1MQlhnWlVFNEZyUQ?hl=en-US&gl=US&ceid=US%3Aen,Defence Blog,9 hours ago,🛡️ Counter-Drone,https://news.google.com/api/attachments/CC8iL0NnNTRTVmw1WHpkZmNsbDNaM0p0VFJERUF4aW1CU2dLTWdtUmtvU09OYVNTTkFF=-w200-h112-p-df-rw,2025-09-08T18:40:05.870736
"Anti Drone Market Size, Trends, Growth Factors, Latest Insights and Forecast 2025-2033",https://news.google.com/read/CBMinAFBVV95cUxPUkJPb0V0WnRUMVlnd2JpaG56Z0hfUXI5TWpvOHBJandUVm0xU3BDTmQxY0dDMGMwZGExd005bkc5dkZKVWVSX1QwZTFzMGRPR3pjNF9pd09VdE0wRnplTzRMaXlWZTVHR1lQX2FhQzFZUHBrRm8taTgwMHpCRjVJb25NYXpLemdxcHEwdmJDZm45YXFjU1k5T0RyRlY?hl=en-US&gl=US&ceid=US%3Aen,openPR.com,7 hours ago,🛡️ Counter-Drone,https://news.google.com/api/attachments/CC8iI0NnNVRhbGgwTVhaUVpUSm1aVTE1VFJDcUFSaXBBaWdCTWdB=-w200-h112-p-df-rw,2025-09-08T18:40:05.870739
Exclusive: Indrajaal Raises INR 48 Cr To Scale Anti-Drone Capabilities,https://news.google.com/read/CBMimAFBVV95cUxOWXRoMTZCWkdFVEZUbnBzdkM0ck1ER2U2aEZsTWZFeGctWURrRGs0VUpMZk1ySmpvNXhhbk1oNFNVb3VkbjhjZktGRjNHMmZuR0pDNTIybGtreThFbXVhdXAwemFpV1ZXLWZKcVh0WHoyQm13Sm1JSDZQRzhmdEExLWxXSU1PbEtZc21iazJVX09jcnJJcUprSQ?hl=en-US&gl=US&ceid=US%3Aen,Inc42,4 hours ago,🛡️ Counter-Drone,https://news.google.com/api/attachments/CC8iL0NnNDBiSFpCYms5YU16RkxWVkpHVFJEZ0F4aUFCU2dLTWdtUklveExIV2hVa0FF=-w200-h112-p-df-rw,2025-09-08T18:40:05.870742
UK disclosure reveals Ajax lacks anti-drone ammunition,https://news.google.com/read/CBMipgFBVV95cUxQMXd2MFJxVTJFdFdHNjJZWHBaWTVSd2s2ZF91TjdIZWtleW9ualNvbzhZbkdLVnhtM0k2QV9jcUlCTVVpX0xFUEppYXluNlhndWZEYUplQ2ltVjZVQ2JDWkxxVlFUMmF6T3BkX1RZOVA2V0ZuWWkxQS1OWE5mOGlOQ1BjQUFTbURzbm5FT3pvYlZkMjB1T1N2WGxmZmZOUHQwVFhjNkRB?hl=en-US&gl=US&ceid=US%3Aen,MSN,10 hours ago,🛡️ Counter-Drone,"https://encrypted-tbn2.gstatic.com/faviconV2?url=https://www.msn.com&client=NEWS_360&size=96&type=FAVICON&fallback_opts=TYPE,SIZE,URL",2025-09-08T18:40:05.870745
"France Launches High-Power Laser Project to Counter Drones, Missiles",https://news.google.com/read/CBMia0FVX3lxTE9yRlk2dVVCZF8tbDE3STV5WXQ0eDcwWU1JeGJnQXZaZzYtOFZXcVJxMlhOVF92N2pxZzdnbEFlN0lpdkluMUFRTGFZU25ZTldwdFNuZGFOOWJvcmJINEZfeUdPNmpMNkdTcEYw0gFwQVVfeXFMT1QxS3kwdm5YekJmbXNKZE9mdDJvejl4LUp2VmdTaHBubzRqM1dxRm5RQU01XzhvYUdwaVBuNW5XRmpmdTNLMXB6OGlwSEF2bXgyUGFYTlpMdGdvcWtrQzQtWEstLVJQeHZKM0JQanJUeg?hl=en-US&gl=US&ceid=US%3Aen,The Defense Post,4 hours ago,🛡️ Drone Defense,https://news.google.com/api/attachments/CC8iK0NnNUhPVU4wUzB4RFgyOWtRMjFzVFJDZkF4ampCU2dLTWdZZG9JYVRTQVE=-w200-h112-p-df-rw,2025-09-08T18:40:05.870748
AIRO Group Forms Joint Venture with Nord Drone Group to Advance Drone Technology for U.S. and NATO Allies,https://news.google.com/read/CBMi2wFBVV95cUxNbXMtSGFPazhRQ2lfcEYtWGRaSFNDTGdTZmNPX0wzZWNXYUxlS0hOVzZwUHRRUmQ1UlV3aHZfUWZ3R1J6M3NYM19nbzNPUU5ZNU5TYWJRcl9icHdodlY1bnY5UmI5MDBRNm5LRjNmQm8xNV9JUEJHSDZXNGZZNkF0WGpUV1NJOFlNUTVtU2VlOVhITlpZdVl4aU1lZVBjMlVkekpfMXhXd3hzZzJaTU94Zk51TTQydWFHS3BxQnN6MjJvZnZ3bkZ0NlpWdUVmemZrZnFvTTYxMzNXcms?hl=en-US&gl=US&ceid=US%3Aen,citybiz,2 hours ago,🛡️ Drone Defense,https://news.google.com/api/attachments/CC8iK0NnNTNRMjVuTldORGNVdENYMHBsVFJERUF4aW5CU2dLTWdhTlFZeHRvUVk=-w200-h112-p-df-rw,2025-09-08T18:40:05.870751
‘World’s cheapest shot’ laser weapon kills 50 drones a minute with 150kW beam,https://news.google.com/read/CBMihwFBVV95cUxQUTd5U3ZGaEl6QmZKcUdYaVI4SGl1Z3ZMMEhMSlhoTTZwdWRSUlhaRGV2UElCVnN1NlMzcUwwMFdVQlh0bHduSWU2ckFRY193elI1NlM2SEM1aThjOU9QSzZPOU8zcWlacG9WRTl5OWpFc0NRbDI4d044aktVbUloQ1k1UEZHakE?hl=en-US&gl=US&ceid=US%3Aen,Interesting Engineering,5 hours ago,🛡️ Drone Defense,https://news.google.com/api/attachments/CC8iJ0NnNVNVRm94ZDJwWVNFUjJORXhFVFJDZkF4ampCU2dLTWdPVk1nNA=-w200-h112-p-df-rw,2025-09-08T18:40:05.870754
Accelerating Drone Munition Innovation,https://news.google.com/read/CBMimwFBVV95cUxNUS16OWY0OWF5VTdXZEx1Q2F0TzFQTmJrbUxOcW1QSG15Nm41d3lNTm5mTmk4SEM3S0tUYzYwbWtnc1ZPa3F3UUp1ME4zeFM3alNNTnQybHVGRVpWdGl1c1A0c3B6RDdOcC1manJJZHJoVjYyR1BGWHJIMmJSTlRwV3dLdTBJOUJ0NEcteUxXdDJLalZWYXlyQ3QwRQ?hl=en-US&gl=US&ceid=US%3Aen,RealClearDefense,4 hours ago,🛡️ Drone Defense,https://news.google.com/api/attachments/CC8iK0NnNTBSV2RLYW1oNlprMVJiVkpGVFJDM0FSaVRBaWdCTWdhcEZZek5FUW8=-w200-h112-p-df-rw,2025-09-08T18:40:05.870756
U.S. Navy had a war-ready naval drone in the ’90s — and scrapped it,https://news.google.com/read/CBMikwFBVV95cUxPS3Y3UlRLY2liUEJieHJ2UFpxSmJhdGtURWZMN0VySXhYVWl3LXNUOU5HNXpFWGRpa2ZkaHhMbHJCbExlVnJsaWpJM2YxRHN3b3BwdUVVemwxaWg5TFNqeVBvTEF1aTU3aF9sM3ZxaEVhTnJ1ZmZieC1zNU9zOFJVb0lVTGVjTDRMa0toQ0tyRS1wY2vSAZgBQVVfeXFMUFRyWUU4MlRZTk80N25RQXJFcFRHVm9uMVNQeTh2cE9VcFlYZUdaYm0yV0FNdjBNNE5FVGtRN0RENFhqYnlGNG53di1yQVh1dkhKZ0c0MGhVLUNaR1Y4YUJsbHZ2dGR3NXI2dTEzc00xUVJnX3V6RFk1THgtRmtraG5jc19rRV85OGtMS2t6VGwyOV9vT3FrSHo?hl=en-US&gl=US&ceid=US%3Aen,Defence Blog,5 hours ago,🛡️ Drone Defense,https://news.google.com/api/attachments/CC8iK0NnNXBZMnROVFZkUldrUTBYM1ppVFJDMUF4aTlCU2dLTWdZaGxKQ05OUVk=-w200-h112-p-df-rw,2025-09-08T18:40:05.870759
"Russia’s Samara Region Bans Filming Drone Attacks, Violators Face $11,000 Fines",https://news.google.com/read/CBMiuwFBVV95cUxNdlcwaFNzbDRtM09pRnFNV3NKTGlYSXRyWmhkaXNIR1VRWUhJQXhrelFEMkJlYXN0RHU4NWR6RV83NE0yamlWMHZaaUEzb2hOQkMxNjZlVWxVLVV0a1F2WlNva2tqenE1dXJnZTk0azVNVGxVOEk3RFpObUlodTNXNnVua0NSRGhzS19IUTE3cXA0Y0tudnNWQS1SakR2YW9jSGpuUGM4NE9jZkx5TVJZLUpCMTBwaGxjeHAw?hl=en-US&gl=US&ceid=US%3Aen,UNITED24 Media,2 hours ago,🛡️ Counter-UAV,https://news.google.com/api/attachments/CC8iK0NnNUllak4wVGxreVYyTnNaMDE0VFJDWEF4anhCU2dLTWdZZFJaak1vUWc=-w200-h112-p-df-rw,2025-09-08T18:40:05.870762
US Air Force Arms F-15E Fighters With Laser-Guided Rockets to Counter Drone Threats,https://news.google.com/read/CBMiWEFVX3lxTE1Cc1BCbUpPUFBQcUdXdEJCWlBNUkdfT3pERmJUMmpVT3JpNXdJam5Ic3NyXzlZdi1wVHBQTmhvaDJvRHkzNERoYUlxTU11UmJ1NWV6cnVnQVQ?hl=en-US&gl=US&ceid=US%3Aen,Israel Defense,9 hours ago,🛡️ Counter-UAV,https://news.google.com/api/attachments/CC8iK0NnNXROWFY2UmpoNk5HZG9TbTVhVFJEVUF4aVBCU2dLTWdZZFlwQU5yUWM=-w200-h112-p-df-rw,2025-09-08T18:40:05.870765
Cherkasy Region Intercepts Seven Russian Shahed Drones During Night Attacks,https://news.google.com/read/CBMirAFBVV95cUxQSXJjV1l0QUxfNDNNQVlxejh1UGpmMlUwbFpnZTRrb3VOWFpNLXFNMHJ0MUVUN1lGdjVNSC11Y0FHR1MtSXNMZ1hxRmNqNzZOQzNCNHJCSkk1ZmswbUNlendWd25GMUtPYk5BYm5OYm1JUURWNGllcW5RVDNGYUowaWFmX2xnUk5aM2JiVzdCTzczZVpiMUt0NWVTRDVmTFNVTnhNOEpHY0pWNmN4?hl=en-US&gl=US&ceid=US%3Aen,Букви,12 hours ago,🛡️ Counter-UAV,https://news.google.com/api/attachments/CC8iJ0NnNUNSbk10YVdWdGMxRTVjVkp3VFJDZkF4ampCU2dLTWdNTjhRWQ=-w200-h112-p-df-rw,2025-09-08T18:40:05.870767
"""42 Rockets Per Fighter Jet"": US Air Force Arms F-15 Strike Eagles With $20,000 Precision Weapons That Destroy Iranian Drones At Fraction Of Missile Cost",https://news.google.com/read/CBMilgJBVV95cUxPcGM3Q043WTc0aVNTZ1M4NHlsVmRIVEtXQTk5bkZQRHlmblowVkQwTzNhMDZEQUZvRFR0Z1U0WWR4aFVlTUhvODZwaDRjRGo1aGVDZHlYYUdpaF9VV3gyWGJHTkcwWl9SVF82STFTeTlEbGMtWW82Ti1KWlFaUEstSlVNa1d5SnN0S1RnNTJSQVFLOURRMVlEV1JjUDdGN0V5VVRNVTRkSDhxamFkTHljSGdTODZKb2RJMlFTakJUV1ZrYnZfblBNd0ZVOXE4b2E5bjdEelhvUUNiWWwzcDVJYXFNSFh2YVp5dmc5Zy02NmZPSjc4WVNfLW5YeXlNWVlBNDVEZFZDZjl5bGlvRmlZZjdvWjdCdw?hl=en-US&gl=US&ceid=US%3Aen,Energy Reporters,22 hours ago,🛡️ Counter-UAV,https://news.google.com/api/attachments/CC8iL0NnNWtTRk42WkZkeWRHcHVPR2xyVFJDZkF4amtCU2dLTWdrVms0WnF1U1ZzOVFB=-w200-h112-p-df-rw,2025-09-08T18:40:05.870770
Taiwan firms strengthen drone and unmanned vessel supply chain,https://news.google.com/read/CBMiWEFVX3lxTE5MS3JiU0ZyYm1vWUVOOWV3T3ZZeXNLQTRZMGNqM3VLWEtrYlBPYWZpLVZxeVA5MjM0WHRMZGhrTDhqOW03RHhZR1ZhM0NnWTM5TmRYN0hjVGU?hl=en-US&gl=US&ceid=US%3Aen,Taiwan News,16 hours ago,🛡️ Counter-UAV,https://news.google.com/api/attachments/CC8iK0NnNW9TVmRUYTBoUlNVeG9aRTVEVFJEZ0F4aUFCU2dLTWdZQkFJaXd0QVE=-w200-h112-p-df-rw,2025-09-08T18:40:05.870773
"DAEP, Dubai Air Navigation Tap ANRA for UTM System",https://news.google.com/read/CBMiiwFBVV95cUxNRzdyUDd5c0d6U2NVd3I2R2ZnWEJEdS1BYzlwQm93QzFkY3BFNFhWS3JBekV2MDJwN3dQdEE1MTdtZGt4V1V0RFBPNDhpaU1LQVZaVXJycjhIa0YzUktuckI2X1FobEhXOXVfRFAtNllGMVp0TUt5QTBsaG53bHoxUHJLZUkxNHN3Rjdr?hl=en-US&gl=US&ceid=US%3Aen,uasweekly.com,7 hours ago,🛡️ Counter-UAV,https://news.google.com/api/attachments/CC8iL0NnNWlaMmxZY25CdmRYVllXR0pmVFJEOUFoaW1CU2dLTWdrSkVJQWwzcUl0MkFB=-w200-h112-p-df-rw,2025-09-08T18:40:05.870791
"Ukraine's new interceptor drones destroyed 150 of Russia's long-range UAVs in a single night, Zelenskyy says",https://news.google.com/read/CBMi7AFBVV95cUxPTjZGY1hkWFN6U2YyY24yWWl1M1FjX3puUFlJLVJCUXE4TmJpMXZtLUZ2SEhBMVNKZ3k2LWR4VTc0U0JpdDlMZEQxdmxsOGxoeTRtYW9RQ2ZSejZKLUJhdnAzV0g0Z29MQkFPVVhTMnVyXzd3SFNDbENfVy1wWFlzRkNCSl9UUTZUYmh2R25vVDVDR0xTLWxvSGdLNEN4MEdldG52bWEydG1JZnRkWGRzbFpaS1dmalkyZ0h6UVZhSV9ZOEVhSFdxU081a1FvV2ZQQnlzcEVfT1JHcTMwYXVOMG9Qb3RhY25KQktwdQ?hl=en-US&gl=US&ceid=US%3Aen,MSN,8 hours ago,🛡️ Counter-UAV,https://news.google.com/api/attachments/CC8iK0NnNVdNM0ZWVkhWdFRERjBjamxhVFJERUF4aW1CU2dLTWdZMWM1cFNxUWc=-w200-h112-p-df-rw,2025-09-08T18:40:05.870795
Hanwha Showcases Solutions at DSEI 2025,https://news.google.com/read/CBMinwFBVV95cUxNd09pT1ZJVmpaMFo5aThrSDlITzl2WnlHT2ZmWUc2NGh4Y2U0NkV4ZzZiWEdsZDBya0JtSzVVT2MyLXlzX25DM0xiSVZYLUhLVlFZbTBaVFZiQkN3Y2l1eEJmMDNCeDI3bjFVRVVGRVN0eXU3MVBaZW40b1NzMFI0d2pYNHhJMTFkV3ZRelczVGNzU0RjUFdHT25lSDh5MUk?hl=en-US&gl=US&ceid=US%3Aen,Joint Forces,9 hours ago,🛡️ Counter-UAV,https://news.google.com/api/attachments/CC8iL0NnNTVRM0ZJZFVaTmJXVnpRbTVrVFJERUF4aW1CU2dLTWdtUlFvWUh6bU5NWndJ=-w200-h112-p-df-rw,2025-09-08T18:40:05.870797
Commercial UAV Expo 2025 Convenes Global Drone Leaders Amid Pivotal BVLOS Rulemaking,https://news.google.com/read/CBMiiwFBVV95cUxPdGJZWmxUTGEteDlWUm9HRXEySnN3V1JPSVViWDJOLUZJdGU5TThqRzJESjE2ZEpaQjB2YUNraFNMb1pSSnVzdFdxQjluOV9OMzMwQ29DbFFCMkEwbE1tZWNEVTBFdG1TaF9XOW03ZjBwRktRR3IzU0g2eDhKRC1fOEtXLWg5d052dHE0?hl=en-US&gl=US&ceid=US%3Aen,Commercial UAV News,4 hours ago,📦 Commercial Drones,https://news.google.com/api/attachments/CC8iL0NnNVJZMHhVWWxOTmRUWkxVbGxLVFJERUF4aW1CU2dLTWdrQlVJclNNQ1p4N0FF=-w200-h112-p-df-rw,2025-09-08T18:40:05.870801
September 2025: The latest in electrification,https://news.google.com/read/CBMihgFBVV95cUxPdnpLWkRYa3pDbUpjZkZOY3lQeU1yRjlodUd4cVpZTmljYVJIU3BuRnBzVnJXckFQekZSRVFLTHRFOE9kTzV3UDV5SWE5U3M5cWtfSHI2STFfTEV4RUYyR2h5U05VWElSYlEyWjhIYWNHY3hWc2hjaTNPZGdLU0RyZmZUVmZuZw?hl=en-US&gl=US&ceid=US%3Aen,Design World,8 hours ago,📦 Commercial Drones,https://news.google.com/api/attachments/CC8iI0NnNTBlblJUY0VSdFZGTXllVmRaVFJEVUFoaVlCQ2dLTWdB=-w200-h112-p-df-rw,2025-09-08T18:40:05.870804
Global Drone Market to Hit $8 Billion by 2029: Precision Agriculture Takes Off,https://news.google.com/read/CBMirgFBVV95cUxNTE1fdXlIRnlEVFNjTFdVREZXaHFLMWFzTHMzUC1JZER5VFRoYnh0UE1OMmhpUzZodVcySFJYYlFRTmlYVkxScDVOdFRpWFdtY29ZOUpBSzF5NTlicTRhazhRdElQOUtZZ1EzdmhkN3NOSl9PbEpvYWpWS0k0UjNMM21uSGxZQndfUXNjbnVGbkk5SzVxM1I2dHdGZXNyOHBaNUxYMXlfMDlYcUwwS0E?hl=en-US&gl=US&ceid=US%3Aen,eeNews Europe,19 hours ago,📦 Commercial Drones,https://news.google.com/api/attachments/CC8iK0NnNTBiVUpCZURGQk1FcFVOa055VFJEZ0F4aUFCU2dLTWdZSmdwQ3R0UVk=-w200-h112-p-df-rw,2025-09-08T18:40:05.870807
From Detection to Action: Closing the 95 Year Gap in Aerial Wildfire Response,https://news.google.com/read/CBMilgFBVV95cUxQNnB4VS00NE1sVFFHWFNDN0szYXJjamxyZVk4NUhGYncwZy1sYVZYNEN1WFJjY3dlTVJGUXk2QzFESEdEM1U5bTZLaFUzOTN0VTZvMTlEeTg2Y3BkZlJfMVA1c1V5cUNlVXpTLUNFY25wYk5aTDNrUklqeEYzd002UmNlbGxGNmlxWHJ1VklJdVFhaFF5Tmc?hl=en-US&gl=US&ceid=US%3Aen,Commercial UAV News,5 hours ago,📦 Commercial Drones,https://news.google.com/api/attachments/CC8iK0NnNVVWMVpmZVdjNWJrdGtRVlpIVFJEZ0FSamhBU2dCTWdZQmNZcnBSUVE=-w200-h112-p-df-rw,2025-09-08T18:40:05.870810
Should I trade or invest in Shimmick Corporation - Earnings Risk Report & Weekly Stock Performance Updates,https://news.google.com/read/CBMiigFBVV95cUxQYUhZbEtBS3hfYVVXZmZyTTJ5eWZhVU1xdUZleXlMRWxaaU5OZlZqWFJoenQwS3YtYjliU0N5QWl0SGZuWDM0b2dhNFJfTXdvVHVoZkZyWm9EZEFaRTkwTkZwUGdaSGNXMEZkb1ZYODFOc2ZTME40REJrZjNNYk9jWHktbmJfdVNVOHc?hl=en-US&gl=US&ceid=US%3Aen,beatles.ru,4 hours ago,📦 Commercial Drones,"https://encrypted-tbn3.gstatic.com/faviconV2?url=https://www.beatles.ru&client=NEWS_360&size=96&type=FAVICON&fallback_opts=TYPE,SIZE,URL",2025-09-08T18:40:05.870813
Walmart launches drone grocery delivery in Southern Dallas,https://news.google.com/read/CBMingFBVV95cUxNQ0JfdWUwMjgwLVA5bmdBc3BfU1hnemNUclVoWl95Mkh2d3hQOHNDb04wd19CcWF6ZFBKZTFORklnaUJYdGxLZmZQVnFhUVl3NHU1T181bEptUVpfXzFHY1lSRUVraUNUMmhycnFZU1NWVjE2NkxEV3kxWmdZZS0yMVMzZV9zNy1PbHpHbXZGcEx3WVR4SmhWYnMwU0NxZw?hl=en-US&gl=US&ceid=US%3Aen,Audacy,8 hours ago,📦 Drone Delivery,https://news.google.com/api/attachments/CC8iK0NnNUhhMVZrWjFGRFQwODRiemxuVFJERkFoaWhCQ2dLTWdZbFpJNk5xUVk=-w200-h112-p-df-rw,2025-09-08T18:40:05.870817
Free Blue Bell Ice Cream is Being Delivered by Drone in Texas,https://news.google.com/read/CBMib0FVX3lxTE00QmZibGNvMHRxN0FwaF9jWk9SZVNHM0Jnbmd5N09iaWs2TER0Z2JKb0dGeEJManNWbm5fS1k5Y2diNWdSaUh2T29zTU9UU2pQQW5mY0dSYUxFV0hNNTBqejByR0RyUXBiOWlMeG84Yw?hl=en-US&gl=US&ceid=US%3Aen,DroneXL.co,17 hours ago,📦 Drone Delivery,https://news.google.com/api/attachments/CC8iL0NnNWZRVjlHZUhReWJFUnlTSEl6VFJDZkF4ampCU2dLTWdrRk1JcVdRT1dScXdF=-w200-h112-p-df-rw,2025-09-08T18:40:05.870820
"Rwanda Bets On Drones, Launches Air Taxi",https://news.google.com/read/CBMia0FVX3lxTE5pTS1GMFB6Z18waTV5OTFyTkgzWm84bmxfbm5HNEV3clRKVTVCUkQyM2ZTbFlxN1poV2JPbmlOcTM2UW9pemFMUDR1T2FISjhlRUlWUFF3QnhsVmJKbTZDa3hlRFBuUHFvazJR?hl=en-US&gl=US&ceid=US%3Aen,allAfrica.com,4 hours ago,📦 Drone Delivery,https://news.google.com/api/attachments/CC8iK0NnNVFjR05MY0c0M016bExZVjlaVFJDd0FSaWZBaWdCTWdZMVFKS3lvQWs=-w200-h112-p-df-rw,2025-09-08T18:40:05.870823
Pie In The Sky Ice Cream: Blue Bell’s Limited-Time Pecan Pie Flavor Hits DFW Via Drones,https://news.google.com/read/CBMivwFBVV95cUxPcDBidkVBajJMbTZ3bklROTlFX3JJUHhiMzFWSUZvMkczdFhJSGwzbkxIYWgwZ1JkMmN5dzg3TnRhTXFpVG45NDhKRUJuZ0dDVjk2cGhIUlBXUzdnLWJGdE1zY2I1N3MyNlljNFBQSk5ETXdjek5Ncllwb3hxbUs1ei1zSFlEdFBrd0hQMlZreWg4RmRpMlYyVDNpcjluZmdHNTFiTEU4eXoweVVkeGZWc01sNVJSUHFSMS1NRUhOWQ?hl=en-US&gl=US&ceid=US%3Aen,Dallas Express,16 hours ago,📦 Drone Delivery,https://news.google.com/api/attachments/CC8iK0NnNTZVVVZRWDB0eU9VdG1Ta0U0VFJDZkF4amlCU2dLTWdhQlVJcXRxUVk=-w200-h112-p-df-rw,2025-09-08T18:40:05.870826
DFW residents can try Blue Bell's newest flavor for free — and it'll come by drone,https://news.google.com/read/CBMi7AFBVV95cUxQUkNmWUdDUkpiUGtoNlNxaGw5UzFjU0lQZ3NsZjBGeWEwMGg3SnZVMndGSTdTV0E1cnBFcTduMXpJUjYtM1NkWVBJaTR1NVlGV3VmTEZHVDNCSFQ1ek1ZWWlkdi1NT3MyZ2paV0xDcGxGZ0theFlVcDMtejU4NDVqZlQ3aUQ5RndCM0lvS0ZIMlFNbXloVjZLRlZpSzNnZTZ2QXVSdHF2RzMyVUE1V1dXOGcxMzdVTTAxck0tWXlHdHNBWjFaNlRSLW5pdmpBZjU5MU9iRzVRejJFMmlkMk10ZTBTOXk2d2FZUnJZXw?hl=en-US&gl=US&ceid=US%3Aen,WFAA,15 hours ago,📦 Drone Delivery,https://news.google.com/api/attachments/CC8iK0NnNHhaMUJpTlRkNmNXcDRRVjlJVFJDZkF4ampCU2dLTWdZaGRJeU1xUVk=-w200-h112-p-df-rw,2025-09-08T18:40:05.870829
"Saudi Arabia delivers its first package by drone: A big step toward faster, smarter logistics",https://news.google.com/read/CBMigAJBVV95cUxOenF2SDRjT3FYeGM0NERzWGZ4anFBMnB5NlFJeU5CS0ZPcklVclZpaWQ5cmtTNjZqcEFrdEdwelBocW90X0hKbk1RS0VDQmtpQWFqZFR6aWs4cV9CX0R4TmZWcjVncUtYOWF0czdCVnZiQkxFTEY3NEtOUTVCLWFJR2cxVUVvWmh4cGRHOV93NU8yU3Zna1JYbVpBVjgtcTdkNnJjVWlkMzFwa1hQUnpabFZ4SS1SanRVRkRLbGJTQ0R6dTBSRDdMbl9IcFVaejFwamxwWUpxbUhrZHNEdlc1YTNBeHdLbmVaaGh6YUYtbVllVlZXaS16RkJUNjRQWXU20gGGAkFVX3lxTE5HY3YtZU16SlhrSUY4TEY3cEZZeDcyRjBVQnB0WGtSZ0d0UTVVWFUtQU1XOFVUX2FEd2hDc3dhT0xOOXE4NDl6bEw1R0dSMEkyZUhoUkk2OUZVbUltd2d4SXFJdk9oZkdnUkVPZERIZkxxOWd1VGFpX0lySVlSdjYwdEUtcmhaZFFEOTBsdDg1bWt1dkJSa1BmX0hrYWpHN21PejVxMFRiTFYyWWYxMWdjOXlmWTZ4dkpnTG1KcGZwZ2g1MVVTNy1POHhXNmJYSUdmeXk2V2RoVk9HVDRMcGN0OE9OaXRFRjRGYVZGMmwySUMwVTE2ODNwaHFCcGdWZFlGNy1vbmc?hl=en-US&gl=US&ceid=US%3Aen,The Times of India,10 hours ago,📦 Drone Delivery,https://news.google.com/api/attachments/CC8iK0NnNDVabVpCUlRjdE1ETnRRbFpOVFJDZkF4ampCU2dLTWdZRklZSzNrQXM=-w200-h112-p-df-rw,2025-09-08T18:40:05.870832
Drones that could help the NHS save peoples’ lives,https://news.google.com/read/CBMimgFBVV95cUxPTXBpZmZ4ODh3ZlZhOFZYbUI5bTU1X2cxVER4MXVfbF83eGppeEtfSWhuVFM3ZFVVLUoweUpWMlpfNVl2ZEcxNmZiMXZycTBmRURLV2MyRk82OVpwRS11Zm1FNlA3SUJNX0ZVUGNBc05KdUlFV05ST1JsWk52UTVoOXZBM1pIS2hUOEhnWWVMNUlTcy1ZcmxtcXln?hl=en-US&gl=US&ceid=US%3Aen,The Independent,8 hours ago,📦 Drone Delivery,https://news.google.com/api/attachments/CC8iK0NnNWpkbTFmVDFsS1prVm9jR05vVFJDbkF4alZCU2dLTWdiSmNaYldyQWM=-w200-h112-p-df-rw,2025-09-08T18:40:05.870835
The world’s largest agriculture drone can now hit U.S. fields,https://news.google.com/read/CBMiiAFBVV95cUxNQU1mUGRHWnJQQmxZUEdZcWhFRGNITC1meW95WUxCMVpmU3lQY0R0UXM3aXMtS0lvU0Y5R3BUVWZyX045eGNzNXJ5V3g0bUp6Slc5RFBLY2dJaTJRUjFLTWlNUXE4S1p3OXFzV2hsSUFHQUJSLUt6WTNKeFprLWNzR1lFUy1jN0lC?hl=en-US&gl=US&ceid=US%3Aen,RFD-TV,2 hours ago,🚜 Agricultural Drones,https://news.google.com/api/attachments/CC8iK0NnNXVZWGgzT1hObFQweFZTVWRzVFJDYUF4amFCU2dLTWdZRllJVHFOUVk=-w200-h112-p-df-rw,2025-09-08T18:40:05.870838
Ag Showcase features ways to boost farmers’ bottom line,https://news.google.com/read/CBMimgFBVV95cUxPX2p3cWJwN242bWtGclphd01sV0thdG81UGJsaEZiY2JGNU1wSUxtX1NMRmo1ZXVHeVdJaHlEQ3dyVWNfaGNsZmJ3R3JjOUFlMkRGTUtIZW1Oc25ib2hoM2RKSjBxcS10MkppSEJWNTgzQXZ0YXdPMU0xUFJOVGRNZU8zeG5BZ25teFByUm9USmJZODhNTEF6bUdn?hl=en-US&gl=US&ceid=US%3Aen,Bay to Bay News,3 hours ago,🚜 Agricultural Drones,https://news.google.com/api/attachments/CC8iK0NnNTZOV1ZOUzBWbVNtMVpNbU10VFJERUF4aW1CU2dLTWdZMVZKQndJUWc=-w200-h112-p-df-rw,2025-09-08T18:40:05.870841
Ukraine’s ‘Dreaded’ Baba Yaga Bomber Drone Now Has A Russian Analog! Here’s How It Betters One-Way Kamikaze Drones,https://news.google.com/read/CBMiekFVX3lxTFBqOGNIYzA2US1nNkJjZUF1NENVc2xoUmppek9nd2NsUTB4T2FsNzNfZi1hakxFdEtaV183MUtwaDVodjZLS29ZTVdxWjZEUlJyNTgtRWJBUk1SSEpQSFUwZkpYY19STEsyMFFjTUUwcktybHJET3BzYmxn0gF6QVVfeXFMUGo4Y0hjMDZRLWc2QmNlQXU0Q1VzbGhSaml6T2d3Y2xRMHhPYWw3M19mLWFqTEV0S1pXXzcxS3BoNWh2NktLb1lNV3FaNkRSUnI1OC1FYkFSTVJISlBIVTBmSlhjX1JMSzIwUWNNRTByS3JsckRPcHNibGc?hl=en-US&gl=US&ceid=US%3Aen,EurAsian Times,14 hours ago,🚜 Agricultural Drones,https://news.google.com/api/attachments/CC8iK0NnNTNjazU0UkV4RVVHeGtjVmh4VFJERkF4aWxCU2dLTWdZQlFJcHBLUWM=-w200-h112-p-df-rw,2025-09-08T18:40:05.870844
"In ravaged border belt in Punjab, drones bring hope, not death",https://news.google.com/read/CBMiaEFVX3lxTE1raTl1eWloRVNHNDNtX1F5T2x3aldfZXV1V3o1a0M3alNZTGtRZGd2X2tQMDJNRC1YenkzSXZYRlJsRmxxaWZsc3Y1UDdaeXhmXzBDVmJsNVN0SzI3UEZLRzZzYk10R1c10gFsQVVfeXFMTWQ0dFQycFZsNkllN1VFbV85Qkc2OE1fNzd0MzZkbl8wQ2hPX1B4Q1oydTZNalRKSDlsTXI1SzFscENVcnBHME5kY2NHWDdlZ3hfZUx2T0tiWGNfUmhlMlA5aFZRUnVjZkNkN3E2?hl=en-US&gl=US&ceid=US%3Aen,Tribune India,50 minutes ago,🚜 Agricultural Drones,https://news.google.com/api/attachments/CC8iK0NnNXVWRGcwY0haWlFWaHFkMDF3VFJDZkF4ampCU2dLTWdZQm9JaWxQUVk=-w200-h112-p-df-rw,2025-09-08T18:40:05.870847
AI can’t save farming if our soils keep dying,https://news.google.com/read/CBMimwFBVV95cUxOZk15cENQdGp4REdHS2lBSnpXT0ExSWhVYmxEcjJPTHVmajNuU1ZGU2lvLU9GYk1qbER4bFJQSHVGa1JEX1dHY0pjQm1kTVZBS2FKLWk5S0FUa21TV21Wd2JwZllZY19QNmc3OHRxLTJ0NXBZVXhzZndFcXZ0aGJuYV9GUTZ0UDBGSldiZHNobDdfWHdzOS1tX21YUQ?hl=en-US&gl=US&ceid=US%3Aen,The Hill Times,13 hours ago,🚜 Agricultural Drones,https://news.google.com/api/attachments/CC8iK0NnNUVabmRST0U1MFMwOVBTRjl3VFJDSEF4aVBCaWdLTWdhTlFwd0dKZ2s=-w200-h112-p-df-rw,2025-09-08T18:40:05.870849
Agricultural Surfactants Market Size to Reach USD 2.9 Billion,https://news.google.com/read/CBMingFBVV95cUxPUHp3dXJkWEpSamlCTlVLc1Q4b2RnVDB2d3JISy1LY2U4QWE4WUYzRjdiaGw3dGtPNk4zcUlsNmV1N003YUVWcW1nWS10TXA4N1hmaHNRbEU4dnNsRWx6T0RqdVAxRjM2ZkJTdGlCWHNJVkplZVBvQ0E4aVBnenIwV2pGdlFsdWktSXg3R096UEo4MjFDZFBEZmhvWHVrUQ?hl=en-US&gl=US&ceid=US%3Aen,openPR.com,13 hours ago,🚜 Agricultural Drones,https://news.google.com/api/attachments/CC8iL0NnNWthREJoWnpka1IyMTRWa0o2VFJDcUFSaXBBaWdCTWdrTkFJckpJQ1U5RmdF=-w200-h112-p-df-rw,2025-09-08T18:40:05.870853
Haryana Takes Flight: Pioneering the Drone Technology Revolution,https://news.google.com/read/CBMiuwFBVV95cUxPS3JKV0hfc2FSTi1MWUx1dXFoMHZEdktXZUNLWlkxSDB2OGlQQnNWVDJwNlVYWUc1Y1ZiV2l0RGc4V2s3OG5jNVJ4d3Vhc1dNeWFwNVE2dTFpTVZzMVdUbFhPZklNYlFDWUtQejU4YjNSdjhHVnFaemtlTzhuWUVqNGhZYnNQc0lTU3lsNmFCRzl2WnhacWc2dmhpbEFBQXpvNWxtMUdrdDhlRmRBWDdNcEpfUHJuWVlpcWh30gHAAUFVX3lxTE54ZllYdUgyX3FIQWlkRU5NLXlaekdKTkZHZGpoRDRJMUJLNDk1aElGcG9tSWxobk9jOWpVVjRuU1doN3pHak8yQ2pvRVhaYjNZNmVWb1VDLV9jR1VwbkpNQ1BJOEdmWW9rN2t3Z1dYbVQwR0d5Zks4ZHV1RHdvLWJMM185cWV5R0Mwd194dHd1bDZyOS1jZmRES1BuNDJIRVFnWXNsaDQ0RE8xSHlLSUxTMFdwaGNGNl9IRGdsY1FlRQ?hl=en-US&gl=US&ceid=US%3Aen,Devdiscourse,3 hours ago,🚜 Agricultural Drones,https://news.google.com/api/attachments/CC8iK0NnNDJTWFpzWlRSQ2JYSktSV2RDVFJDcUJCaXFCQ2dLTWdhWk5KTE1IUWs=-w200-h112-p-df-rw,2025-09-08T18:40:05.870855
Worldwide Adoption of Drone Window Cleaning Grows,https://news.google.com/read/CBMimwFBVV95cUxQV2REeFhXNExlWTFXcnNDdDJoLVVSdUdEeVNya2pLaUFDeFB5X29pN1VsRGoxZFc5Q0IxMzZBSDlMQURITlRrcldkWk03UmpRTVBFVzNoaFVmcHRmbTA1bTZobjNzTkhadWVpMEZYSFYzTHZXVV9LMzM5N3pOWkZiLXFCcks5U2Z2XzdBbENzdU5oc3I3MzF1ZGl1QQ?hl=en-US&gl=US&ceid=US%3Aen,cleanlink.com,1 hour ago,📋 Drone Regulation,https://news.google.com/api/attachments/CC8iI0NnNUNObDlPWjBkZlpXeHJWWGwwVFJDZEF4am5CU2dLTWdB=-w200-h112-p-df-rw,2025-09-08T18:40:05.870858
Drone Type Certifications: Over 50 Applications Processed Under NTH Program,https://news.google.com/read/CBMirgFBVV95cUxNNjR4U0RXR0J4UEdOVm9QckVUWWFReUNzSEVkR1V0NVkzVHdzRF9YRWt3eHY4QzRvY1JQS2EwWDliT2RzMkd1M1VVVTgxSHlrX0hVRFFDaDRPSFJSU2hIYUlJMmhDUjdZc0J1TXVZVzM5aDBwNnV4V19vZmVjbXlhdktUMzdQLTZ1ZV92bDJ4WExUdUpVZTAxaUxZcHhaREI2WkpjVkx3TTdJR3I0bUE?hl=en-US&gl=US&ceid=US%3Aen,Sahyadri Startups,4 hours ago,📋 Drone Regulation,https://news.google.com/api/attachments/CC8iMkNnNWZRMlF0UjFSMFpHcHNZekpPVFJDdEF4akxCU2dLTWdzdEFZaTFES3Q3OUFqWHFR=-w200-h112-p-df-rw,2025-09-08T18:40:05.870861
Drone Certification: Minister Joshi to Award DGCA-Approved Types by NTH,https://news.google.com/read/CBMipwFBVV95cUxNQzR1bjVFQU52ZlNCeXg2MWcxNGZ3Z1hpTTdpeW9OV3BxZEg5djNQZlo5OF9QeTZ0Zkw3QUJHTUFyMFByVzRTZ1M5OHhxMnRwekZqYnFiZnRBS0ExeHo2bHJid21KWVdiOTlMNnpLRHMxWi1Bb1B6MkZKSjNhZVpfTnEtZ1l0d2xReVBRckRSeFRES3VieEN4SV9jSGlQRDllcWpLeHc3Zw?hl=en-US&gl=US&ceid=US%3Aen,The Samikhsya,3 hours ago,📋 Drone Regulation,https://news.google.com/api/attachments/CC8iK0NnNWFiWE5qWm5kUk9IcGhTM2xwVFJDMkF4aTlCU2dLTWdZQmNKWUNMUWc=-w200-h112-p-df-rw,2025-09-08T18:40:05.870864
Union Food and Consumer Affairs Minister to Grant Drone Certifications Recommended by National Test House,https://news.google.com/read/CBMi1gFBVV95cUxPM0REVnBBa0dNbERNR2JEdkdnU192LTV2anFIMVV0aExHWHdPQVl5SHlkWTk2YlpNX0JMb3I1WUxRb1J0WHlqdEtidHdQeUpSdktRclRmNWcwbmlsUFJxUWZ5OGotTm1teENqUUJfYi1JQmhGN0JsU0NpZjFVbW94bTJHTzFydmJxY3BsZTlKRmdlYUdWT05HTDJWT2RlUUk5Z1Byem03X3paZDVBeVg5RTd2TC0zczhIbVpqeWdhMTJFV21jbmFsa0Y5aGs1YmVZX0FWWDlR?hl=en-US&gl=US&ceid=US%3Aen,Observer Voice,8 hours ago,📋 Drone Regulation,https://news.google.com/api/attachments/CC8iI0NnNVNMWEZQYW1nMFVEQkRhMGRSVFJDUUF4allCQ2dLTWdB=-w200-h112-p-df-rw,2025-09-08T18:40:05.870867
FAA Releases Privacy Impact Assessment for Part 108 BVLOS Rule,https://news.google.com/read/CBMingFBVV95cUxONkxBb1dUWTI4blVYUGlkeHFvdWpQLVdNaG04ZVNTU0FYNFlRR3ZLbkJNS0RKa2VJcm5kbW1VZzJ2dng2c2RYRlF6SmtUbFNyemEzQngwd3N1WVdGbFV2U25LM1drWFpuWFQ1RUZkR041cUNueVZlbGZ0NjJBZnIxNVhzWmVVeHJCZUxkOVBILWZaeTdNN21ydFpJUk5ldw?hl=en-US&gl=US&ceid=US%3Aen,Inside Unmanned Systems,2 hours ago,📋 FAA Drone,https://news.google.com/api/attachments/CC8iK0NnNHpSMm8xVWxwaFJESjNOWEJ2VFJER0F4aWtCU2dLTWdZVm80NnNPUVU=-w200-h112-p-df-rw,2025-09-08T18:40:05.870870
Looking for air traffic control overhaul clues,https://news.google.com/read/CBMiwwFBVV95cUxPT19pd05na0lDNmxJUFpENjNHdW91TmVva3Z4ZGE0VWtRTXhRby1pX0VHeTdNcU1rNHh2Q0p0a0FKU285MUJnODVVQzlpaXk2WVFHUG1UdU5GeFdPbDNaRzRvNFUwbWdQd3psMFhGRlNBNG9WU3RPekgtS3gxMzJsQXJ5bjlFc3ZvTWQ5SGlkR2ctTHhZVUxPWnVCUFVnbnk2c1RLMThoSmJzRG5PdXc2Rm9IdVNrT3VpZm9KZWREajJ0R1U?hl=en-US&gl=US&ceid=US%3Aen,Politico,4 hours ago,📋 FAA Drone,https://news.google.com/api/attachments/CC8iJ0NnNHpaVEp2V1RKcmIwSjNNR0Z4VFJDZkF4ampCU2dLTWdNTm94UQ=-w200-h112-p-df-rw,2025-09-08T18:40:05.870873
US FAA Extends Haiti Flight Ban Into Next Year Over Security Risk From Terrorists,https://news.google.com/read/CBMihgFBVV95cUxOVUl4T1E5LWU1a2piOGpwNjF5YURkbUc4UzlidGpqOHkwb1FZdVMzOHZVdVdYOEpndl9iX3N2RUhxaWZWX25ZeHVCdzZ2OXBfSkdCME42ZWpzYk50TE9LQ0xfUWlKc1U5SmRQM2tTbzgtUFlGZXJ1RWhXSWtKVzBNbUgxdDhkQQ?hl=en-US&gl=US&ceid=US%3Aen,Simple Flying,19 hours ago,📋 FAA Drone,"https://encrypted-tbn2.gstatic.com/faviconV2?url=https://simpleflying.com&client=NEWS_360&size=96&type=FAVICON&fallback_opts=TYPE,SIZE,URL",2025-09-08T18:40:05.870876
Renewable Drone Market is Powering Green Energy In United States,https://news.google.com/read/CBMiogFBVV95cUxNSTJBTlJaQUJBc3RhR1M4NmUzaGdxdDJDSG5KNjFITXI3ampCU1Z1VlNuYXNrLXI0U212a1EtT0ljN1R1WXladzJDVnhYUk1QMkJTZkVwTjVvNzl3ZzJoZldTakFDY2J2Y0tnYTFiOHBxbWwwNGVSTXpVVFJCWG40TDctTHVtbFZDQmpaM2FXN3ZNWDZNZFd6VlBMNWVNWV93Z2c?hl=en-US&gl=US&ceid=US%3Aen,openPR.com,7 hours ago,📋 FAA Drone,https://news.google.com/api/attachments/CC8iK0NnNTVZbUZ1WVdGUFRVNUllalJNVFJDdkFSaWhBaWdCTWdZdEFJaFBFUXM=-w200-h112-p-df-rw,2025-09-08T18:40:05.870879
"Drone ban could be setback for area farms, custom applicators",https://news.google.com/read/CBMi3AFBVV95cUxPVlNCQ28zMjdXb05JcWttSEdRSHFFTmFSXzk5WFlNT25ZWUJDSVlCaHlxQ0xvbGNuQ0xNZlEtWlBXc2lLTkxlaWNhY2l5MXkyZUpxQ1FBeFd4RlI1RmIyS0RuYnlQRTZCanNFU3psRFpzdGRnMW9IdzE4RktzQ0gwdTdlcmxyV1ptWnBIMHlBRXFjN2ZZN3h2Tk93XzZjTkpUdEt5N0ljb1J3d2p0Si1JbDlwYmRpTkxNdzR0ZzY1bzdXNmRfX1ZQeTZYc2xRR3Z6aE9EQTBFRHZWSUJ5?hl=en-US&gl=US&ceid=US%3Aen,Cadillac News,18 hours ago,📋 FAA Drone,https://news.google.com/api/attachments/CC8iL0NnNU9XbkpmY0RkRGRtdHNUSEIzVFJEbUFSaTJBeWdLTWdtVkFvcU9BZXhyY0FF=-w200-h112-p-df-rw,2025-09-08T18:40:05.870882
Vector Secures $61 Million Series A—Scaling Its ‘Modern Warfare as a Service’ Model,https://news.google.com/read/CBMiakFVX3lxTE45VHIwN3Bod21lRFVQaW02MTNOTDNseFJibWRpbGktdFVnOGtza1ZFUnZqRXh2X3kwYWJaemtfOVdFS09xUWZWZ1BoXzhnOVZWcUhKdG1HS29GbFJzdGN0dnV6RHpTTGlwcFE?hl=en-US&gl=US&ceid=US%3Aen,TechBuzz News,51 minutes ago,🎮 FPV Drones,https://news.google.com/api/attachments/CC8iL0NnNHpVMHRyYUdSWGF6QnBTbDlKVFJDMkF4aThCU2dLTWdrQklKeGlIT3FBSmdN=-w200-h112-p-df-rw,2025-09-08T18:40:05.870884
"Draganfly completed operational demonstrations of Commander 3XL, Flex FPV drones",https://news.google.com/read/CBMixwFBVV95cUxOU3RuRDJMUHc2ajZPMGVRemdGZVRhdlBrcWhYMFNLdDZCcWdpVWlPa05CUWQ4Zm9PY2ZpMkQyNjQtbkZjd3J3UW81Z0hnRGtkeS1LZi1pcjkyS2ZuWHVtd0FxbHBJck1DVV8wVXdITG9xeHp0TFhmTmxQVThfQjRuRzV1WHo5QU9sbGpHcGVfZkc2MEhKZjJ3RUgzZEVZUXVjaGtVWl80cktPSldJeUxIZGFMNmFzSGVVNmRhY3pZZ3ZlR1NOU3cw?hl=en-US&gl=US&ceid=US%3Aen,MSN,2 hours ago,🎮 FPV Drones,"https://encrypted-tbn2.gstatic.com/faviconV2?url=https://www.msn.com&client=NEWS_360&size=96&type=FAVICON&fallback_opts=TYPE,SIZE,URL",2025-09-08T18:40:05.870887
"Camera for FPV Drone Market Size, Trends, Growth: Global Forecast 2025-2031",https://news.google.com/read/CBMikwFBVV95cUxNdHgwRmlYU3FOaExTQmdBcy1KYXFEY0JXdEVlcG1HTjVPdEJlQjNsTVZUZmdWYVhNcWV3NTRic0Z3MklqQ2o2ZHQ5clpibkhuWFhxR0dnMFJKTXBUUEhvQktpNEVINkFuSW9NNkI5ZXdUSV82X0VKSUxQMzdoRVhRYlJhRHVGdmkwbFdJZWw4eHc0Rjg?hl=en-US&gl=US&ceid=US%3Aen,openPR.com,8 hours ago,🎮 FPV Drones,https://news.google.com/api/attachments/CC8iI0NnNDJlbGRVZW5JMVZGSlNlVU4wVFJDb0FSaXRBaWdCTWdB=-w200-h112-p-df-rw,2025-09-08T18:40:05.870890
Up to 60% of state-ordered FPV drones unusable or require reworking,https://news.google.com/read/CBMihAFBVV95cUxQSlhvcFNUWmZ1UUFNb3ZZUl9zVHFtVG5rdHVrdnJDVzU1MjhaNElBWV9yWmNHNFA5bmZ3LXZCNmdOcFlTSmtLU1pPcmNsSjJIWk5zeTgxdVdvVnR6Tml2ekwtUjdUU1IyZUg4SGNObFFzMXJ2T1lhby1WU2ktZVEzajBydFM?hl=en-US&gl=US&ceid=US%3Aen,yahoo.com,4 hours ago,🎮 FPV Drones,"https://encrypted-tbn1.gstatic.com/faviconV2?url=https://www.yahoo.com&client=NEWS_360&size=96&type=FAVICON&fallback_opts=TYPE,SIZE,URL",2025-09-08T18:40:05.870893
Up to 60% of state-procured FPV drones unfit for use – Sternenko,https://news.google.com/read/CBMimgFBVV95cUxQdm1OcTJQTVdjOTZNdkNQelJhRlBNZEVTV0lnQkpZYnZyV1FRRGlZb1FISXJlRnRXTjRmaVg1Qkh2VzZDT3QyZl9JcXo0N3BLbmV1akZ3X0JIb3k3eFNQcld6VlhQRzBFWl9HS3ZXMFlrRHliX29UbGtSU3RIOHl1NDA3SDllMWV1MllCd0JpSG9mZGhqRVFJT3B3?hl=en-US&gl=US&ceid=US%3Aen,Цензор.НЕТ,6 hours ago,🎮 FPV Drones,https://news.google.com/api/attachments/CC8iK0NnNUZTR2RIVUhWSFJqbExjME5oVFJDM0FSaVRBaWdCTWdZTkk0cHduUVk=-w200-h112-p-df-rw,2025-09-08T18:40:05.870896
Guinness World Record: SiFly Q12 quadcopter flew for more than three hours and can hover for two,https://news.google.com/read/CBMiuwFBVV95cUxNa21jVWJibWlDbWhjWGVmUkdiMGpJVGFJRmlydVRLY0NlRFJNS0VaOExLV0JEOGVoM1BRdzdqVnpqellhd3ZGcUNWaFUtcDBjMVBiS1NTWUh5TFVYVUxpZUw1WTVmbEZpNTR4SzZqZ3cxVTN3Z0x2QmkyOXNKbVpXVW94WmVrMHUwSlItNkZQTlNTTE0zajRLMEstc2NtVlFwRnJNY1lhbjVKVnpzM2YzZEREa1djQWpWN3lF0gHAAUFVX3lxTFA0ckpvcFV6ZHBWLUZsbThZUWxncUdUdDZrZjJadWNjR0N1cFhqQnVhNXppNGdaY0FXRVNjd0FRUDRFX0pmTFdYWTFLWERtcmJfVkZkX2ZkNWlDei1LaElhVmJ5UE44eDMwdDlWeC1EZ0ZYOVhJSU5renNKZkxhS19vOWc3cXZZNm1zd1ZqQ29MTlI5MWdtUUoyenJqZ0NhRmxvZnl3eGFqSlBmaUlrd2p4NS12ckFMWXZVWUxBcV9lWQ?hl=en-US&gl=US&ceid=US%3Aen,ITC.ua,4 hours ago,🚁 Quadcopters,https://news.google.com/api/attachments/CC8iL0NnNVVhRGR3TFVsZmJVTXhSV2xWVFJDZkF4amtCU2dLTWdrQmNJWXRNZVUxY0FF=-w200-h112-p-df-rw,2025-09-08T18:40:05.870900
MoD receives quadcopters from DRC to enhance demining quality control,https://news.google.com/read/CBMingFBVV95cUxQZVc5bi1JSkxyUGgwdjN4S0hBV0dpMm4yLWZ6a1djNFM3VUxEdEt4OU9Cd3ZVLXJETWxWQmFZd2pBN0Uwc2k0RkFEaWxLdFFyX3dMQlEzQWhaR2EyeG1HdU11elFQUGVVMTM3ZWJ0MEg5ZHZ2aFZVZTJFV3V5VTc2YnNjV3kyZEt5MnZXRkFrdTdNUjVPNWhvWWptWTIxUQ?hl=en-US&gl=US&ceid=US%3Aen,Міністерство оборони України,8 hours ago,🚁 Quadcopters,https://news.google.com/api/attachments/CC8iMkNnNWFNbTVtUVdGdFIyWkxjSE5TVFJDZkF4amlCU2dLTWd1QmdJWjN1T1o2N1NuMGdn=-w200-h112-p-df-rw,2025-09-08T18:40:05.870902
Canadian deported from U.S. after admitting to drone spying at Florida Space Force base,https://news.google.com/read/CBMi6wFBVV95cUxNVDBMWmdWdFZQRVI5a2d6Rk9CX21KR2Vfd2RXcXhJYUZhejVzNDB6Qy1tRjJ1bGJTOEZGa2RZMG5sWUIxeXl0MDdXc3FLNWlJTjdkajI5S0NlLUNCVVl2bTJnZEhZN1lGRGpiQ25nbzRHNXVMTG5CbVpmRVFid2FNOVdLUHNUQ2tBdVdnbGlmc3pHZEhfemRpSDlSTGdHWVpnZXRsd1BocUlNVWNXQTd2LVUyV3FTT0dIV3d6M3ZrZ2NGNFUwa1BrUlJBNEEzS3VVSEtNTkZkSElKT1RPQllrYTlOS3RSV1VUTTNn?hl=en-US&gl=US&ceid=US%3Aen,MSN,15 hours ago,🚁 Quadcopters,https://news.google.com/api/attachments/CC8iI0NnNWlaR2xCVTBaTFRuVmlRVWh5VFJDbUJCaXVCQ2dLTWdB=-w200-h112-p-df-rw,2025-09-08T18:40:05.870905
Pakistan security forces kill 8 militants in KPK,https://news.google.com/read/CBMimwFBVV95cUxQSThFSklXdnpJcW9YM3RCSlhOVDVWX1RtRVk3QjYxb1JfSllYUEIyY2NtakF0bGw3TTZieTVWeG5aUjJXeWgxOVdvUk9wRGxyZld2dHE2UGMzM2tub3F1ZU1VTm5UbVB4QWRtTG5fNjl0SUVpeWxza1Bqa0hpcW5KVDdVdW8xLXV6NjdtVk5ZSFR2MmhjRkVKeDhZRdIBmwFBVV95cUxQSThFSklXdnpJcW9YM3RCSlhOVDVWX1RtRVk3QjYxb1JfSllYUEIyY2NtakF0bGw3TTZieTVWeG5aUjJXeWgxOVdvUk9wRGxyZld2dHE2UGMzM2tub3F1ZU1VTm5UbVB4QWRtTG5fNjl0SUVpeWxza1Bqa0hpcW5KVDdVdW8xLXV6NjdtVk5ZSFR2MmhjRkVKeDhZRQ?hl=en-US&gl=US&ceid=US%3Aen,newsdrum.in,8 hours ago,🚁 Quadcopters,"https://encrypted-tbn2.gstatic.com/faviconV2?url=https://www.newsdrum.in&client=NEWS_360&size=96&type=FAVICON&fallback_opts=TYPE,SIZE,URL",2025-09-08T18:40:05.870908
"Great, This Drone Breaks World Record By Flying More Than Three Hours",https://news.google.com/read/CBMiS0FVX3lxTE9ObHZZX3hEQmkzSHpMTzZZUjJOaHVfcWg5T1BmbHFoQkJvd3FGdmZVTU1uaHcyMlVSTGtNSWpHWnljYnBob1JTLV9sRdIBQkFVX3lxTE5mMXdnRndVMWlPOENuQzZRWG1IMGMtSGlKd2haV0xzdF83OFAzV2t4ZWszNjBvUVZRcEhwM0xycmltdw?hl=en-US&gl=US&ceid=US%3Aen,VOI.ID,9 hours ago,🚁 VTOL Drones,https://news.google.com/api/attachments/CC8iK0NnNWZSSGx1YlhKSWNVUnBibXhhVFJERUF4aW1CU2dLTWdZQmNJcktzUVU=-w200-h112-p-df-rw,2025-09-08T18:40:05.870912
"Police drone may respond to crime scenes, emergencies before Dayton officers under proposed program",https://news.google.com/read/CBMi9wFBVV95cUxQSEZmUllRT09ncWYwLVJjMkk3c3ZhUG1jM1hfYWEtMzVodTVmbHU0VmtTQXU3cWh0RXRpdWc3RXpOWjFNdE9PQndqanl4bEdtTGgxLUFmUVNucS1mYlNQSXl1NWVHbTJydExLS2RaX0ZvWl9uY283Y09hemVMU3FpemN0TjY0ZTBJcmpvR0JUMktTY3RKUWxQek8wNDRsc285V1RBSjVGazR1SDlHamRDM3hOOXZCLXhmb1NCck15cWlWRnpWN2tVZlRHdjk4SUozdVZ3bmk2MHhxWUpNNTZQQjFwck5pTGR2YkNiNVdNNFRuQk5JVEZr?hl=en-US&gl=US&ceid=US%3Aen,Dayton Daily News,10 hours ago,👁️ Surveillance Drones,https://news.google.com/api/attachments/CC8iK0NnNU5ZMVptT0ZSblZYUTJabWRvVFJDZkF4ampCU2dLTWdhUllZYXJyUU0=-w200-h112-p-df-rw,2025-09-08T18:40:05.870915
Polish border guards find unidentified flying object debris near Belarus border,https://news.google.com/read/CBMirgFBVV95cUxQcUU4SERKalNjVHNCaVpGYmp0WjJXdmVvQVE0WFFPZlFReS1MU3JOVHNsZlVSZ3JxX1BBM3RINmlRNU9xNWVLbHVfcXF4Wllia3JuOVk3WDBIdlVRQnJkM283MHBQWUozMTBnZk1paVpXZWFJSEUtYWQxUDVyN3AxVlppSjZCZnZZRFh4OGNJcHBKUFJqcWljcWY0cjRPMElkeThhdTJXTUdSQ1d3REE?hl=en-US&gl=US&ceid=US%3Aen,TVP World,10 hours ago,👁️ Surveillance Drones,https://news.google.com/api/attachments/CC8iK0NnNVZXa1ZYZDFOMlFXOU9SRTVSVFJDVkF4alFCU2dLTWdhTlpJNm9xUVU=-w200-h112-p-df-rw,2025-09-08T18:40:05.870918
Border Tensions Surge Amid Nepal's Social Media Ban Protests,https://news.google.com/read/CBMiugFBVV95cUxQTGEwWVVEUmtyQjhaTFdEZlJFakhiQnRWV2cwX2lXdV9Qa0ctYjRNX1pwTHVMcGtveEZmMjRIOERGRjdrbk1XNnNwbGRyU1hfdVhILWR1bGZVdFQ2Y1dULUdSQWc3YzdHbGpBVXlIZ1N1Q240R3BIM3dEMll2cncwQWtqQ25HSkdrM1NyWUtGTWc4a19hbFhOWFhyLXFVeGlBWnlJNTBja0xnTk1qdGpEQk0zM0FxT1BZLVHSAboBQVVfeXFMUExhMFlVRFJrckI4WkxXRGZSRWpIYkJ0VldnMF9pV3VfUGtHLWI0TV9acEx1THBrb3hGZjI0SDhERkY3a25NVzZzcGxkclNYX3VYSC1kdWxmVXRUNmNXVC1HUkFnN2M3R2xqQVV5SGdTdUNuNEdwSDN3RDJZdnJ3MEFrakNuR0pHazNTcllLRk1nOGtfYWxYTlhYci1xVXhpQVp5STUwY2tMZ05NanRqREJNMzNBcU9QWS1R?hl=en-US&gl=US&ceid=US%3Aen,Devdiscourse,2 hours ago,👁️ Surveillance Drones,https://news.google.com/api/attachments/CC8iL0NnNDFVM3B5TW5sWk9WOU9lbFpHVFJDcUJCaXFCQ2dLTWdrQkVJaUVtS1NBOXdB=-w200-h112-p-df-rw,2025-09-08T18:40:05.870921
Nepal protest: Security tightened in Uttar Pradesh's border districts,https://news.google.com/read/CBMizAFBVV95cUxQVUsyS1FySTJwRG14V0FkVVpqQjNsRV83ZVlkQnJJeVdVSEptczFpRDNlOEppbURzRXdRWUtLSDFoQ3ItRm1GdDgtX01HWUJPMnNTbndTLTJfd0VoNGFpRjhDeElXbzBHcHREczFqQ0hKamY4LVFDT3dfVmwtSFZOU1Rmd3h0aS1ma3lzYkNFRlB1NkRBaWVZUHNGaHdCMkkycUZiR1JaSl9jbktxMmZJY003dWJ5YU9mTTlrekdOTjB2XzJnVXNqLThHaUbSAdIBQVVfeXFMUDFGc0pIeWZ2TzExaFZRUjdSYUY5MDFDcXdYd3hxZGZ2Z1BQcHJSZVFyQkgxSU82TGNCZUlhN3lqNmt1VENNZENFMTFPd3MxNm5jOFk1UTlkUUNGQjQyNThqWG9aeW1DSXhxWjVfRG0wLXRYcU1BcExFSDZKaXFUQ25qSExpTnl0UW1WRVlvX3NUQUJoUEd3ZFFxN3hVMi0xc0JFaVlyU0hVaUhxSGZrR0NrNndiR2VqaUpWbWhnNjR6T3JxMzhjci11akV1NnRJMXV3?hl=en-US&gl=US&ceid=US%3Aen,The Economic Times,3 hours ago,👁️ Surveillance Drones,https://news.google.com/api/attachments/CC8iI0NnNUZVVmRyUWpsM1lqbGtObVI0VFJEZ0F4aUFCU2dLTWdB=-w200-h112-p-df-rw,2025-09-08T18:40:05.870924
Security in border areas tightened ahead of PM’s visit to Gurdaspur,https://news.google.com/read/CBMi3AFBVV95cUxQdl9INmwtcjRFUFpMS1pvVFh3LTU3aWZETE9xQmRaUE9mdEpySWJYSWxiaEtkMG51MUpNRGhwLUZfSVpKc0s3VE9yQU1IVTRNRm9wOFFabDc1dllKQ2N6VTJDMERFT1hvMV9sY3E5cFVOb253OEF0RnRDU0o4cGVVc2NWSEFJOS1lbW5aMGg1OU5tWDRCeEdHYmFFRVBjMDVXdDdtc0d1Q2Jnb2g5V2hBaDNyaDVnWkRPVzNFR2dJNHlaSU5kb3JTekxUNVBBWWFaUF9HbWtNa0J2a0lY0gHiAUFVX3lxTE1XZjZsZEtDNmhVV2FILVEtZzJ2LWhfajhvQTNQMGl2UXAwRHJRR2hpdUo4NWdiUllIV09NUGFxUXpjMkl5ZWFKNU55MVhGMldwMEVvNDlfVXdSaEVBWEdheHd2TWVkUUdwbUZtbVFBbC1VN2VwYk5YN29UYU14VU5mVFJOYmR3alIyRE52UWNUQ3ZXQ0N4TndPaDB5bnZQM0dRVkU1MF9mYWFNdUxVTGVEY0dPcEpLazZrMDlhejFOSFpKQ3pjRXpDNEVfN2l0ME1HT1htaV9jdk93cVFyVUhTclE?hl=en-US&gl=US&ceid=US%3Aen,The Times of India,6 hours ago,👁️ Surveillance Drones,https://news.google.com/api/attachments/CC8iK0NnNUVXRkZXZEVKWU9WUkVkRUZDVFJDZkF4ampCU2dLTWdhbGRJYnNyUWM=-w200-h112-p-df-rw,2025-09-08T18:40:05.870927
Frontline report: Ukraine takes out Russia’s radars one by one in Crimea—now Bayraktars are free to fly and kill again,https://news.google.com/read/CBMi7AFBVV95cUxPWUJ3MWJsZUJwT1dUT29JMUY0aWs0SVJIMW5SLWh0TzItV3pzVlAyRV9nSGRZcUo4a1pZd2gtc2F6eldvV2ZXMndUVEJEWFc4MFA0MWxnM1lwd01iR29fRllYTWJVLXZpdFVEN25qSjVtaU56RXo1RjFYeUc0SlhhNEsycTNvTFdYNmNxOE51TW00YTZLMlBKUC1WNDc5Nzk5TEcxTllQWE5ZamNyRHppcTdYRTRtSXhMM1dqakgxeXAxcWxJNkNoQW5id0twUmh1RzR5bnFVM2x6VmkyajBRelJCV2tNc3A3SlNGTA?hl=en-US&gl=US&ceid=US%3Aen,Euromaidan Press,3 hours ago,🇹🇷 Bayraktar,https://news.google.com/api/attachments/CC8iL0NnNDJNVVppZFhoM1dHNTRNSGswVFJDZEF4am5CU2dLTWdtQlJJam14bVNMU0FJ=-w200-h112-p-df-rw,2025-09-08T18:40:05.870930
Donald Trump plans to reinterpret 38-year-old military treaty: what to know,https://news.google.com/read/CBMiiAJBVV95cUxQX19ZNmhhR2d0MDJiWHByUUFwamRTZE15N0dnS2llaS1OWms0RlVMbHFjNFhocVE5ZDJFZ2hmMHFvM2FqZUFfQ1N0NDJrWXJQdnBvNEVtM2NXOFUwZlJjVEtLNFlFT2Q2cURkdFVWYjIzQzF6akhsU2VyWGNRSFluOV9JeUdaYVEyZnZ1Y3ItV1RQdFUxQldSckRGdWN2dmVLNFc1eGlPUE9FNW5sODA3Zm9pYS13ZEx4Zm15LTVQX045NnM3R3BBWnd4cTRYa3hybUMtQU9lMm9zQzhzVEVFTFh1S3h5Q2xKVlFBUHFGUkFIcTNBRnNnTmF4SmhBNW82VUFfRF9MMng?hl=en-US&gl=US&ceid=US%3Aen,MSN,11 hours ago,🇹🇷 Bayraktar,"https://encrypted-tbn2.gstatic.com/faviconV2?url=https://www.msn.com&client=NEWS_360&size=96&type=FAVICON&fallback_opts=TYPE,SIZE,URL",2025-09-08T18:40:05.870933
Ukrspecsystems to build a plant in the United Kingdom - AERONAUT.media,https://news.google.com/read/CBMiwAFBVV95cUxPWjJzTXdfQXA0ZW5mNUF2d2RsTEpKbkZseVhlVzYzRTFmd2ZJMjZET1UxUlFHMW1EbVVoVFNJWE1rd2FoLXFFb3ZVcWtydVQ0UTJMcHo0WTdGcnZwcEgwMUtJMm5NNXR5blZPTFpnQnV1ZFBFX0JkYzd3TEJ6NEZIVEk5eEgxWDdHWmFVTDItVVZ6dDQ0NHU0RjlfMk9wcVB1SndUb2VxSC1kbnduaGxZNC13QTE0eV9FQXlrdUtwZms?hl=en-US&gl=US&ceid=US%3Aen,Root-Nation.com,2 hours ago,🇹🇷 Bayraktar,https://news.google.com/api/attachments/CC8iK0NnNXFia2RqTW1VMlQybE9PVEV0VFJDZkF4ampCU2dLTWdhcGxaVHROUWM=-w200-h112-p-df-rw,2025-09-08T18:40:05.870936
"Defense Express' Weekly Review: Bayraktar TB2 Drone Strikes, RAM-2X Drone Sneak Behind Lines, and Ukraine Targets Crimea's RT-70 Radio Telescope",https://news.google.com/read/CBMikwJBVV95cUxPbHRwQXNZa0RINHNsLUhGZkpHUXk2OFVaNG0xTVZVWVVyYktFMEd1N1ZLUnBwb1VrQmJhYkhTa2FxZlBWVnNpekdjYXJkR2dneFBHa215U2dWQkRaYmZTaFI2bFJzWERldGNuS09VZERycnJyeWQwMWlwWTZrcXlITUFkLXhxa19yUkwxN3Ita3UwcjhXa2JuOWpVTl8xb25SX0ZwZDY1MjBEOXJvdlpZSEtoNEx2Rmc5cE1xbW8tQVR2NVRSUmtoZ1MyMTNhZVlaSkt1SUV0TU02MkFoY2UwNUVrTU5oX3FpU1FTVzItejREU3pWbXR1TzVENGNDdkQ1N0VTWGNrbjdlWk1NZzF0d3ZzRQ?hl=en-US&gl=US&ceid=US%3Aen,Defense Express,23 hours ago,🇹🇷 Bayraktar,https://news.google.com/api/attachments/CC8iI0NnNTZhSEpuZVdsV1FtNHlkVll0VFJDWEF4anhCU2dLTWdB=-w200-h112-p-df-rw,2025-09-08T18:40:05.870939
1293 Days of russia-Ukraine War – russian Casualties in Ukraine,https://news.google.com/read/CBMipgFBVV95cUxPVjZtTmJsM0ZLMWY1M1pZNDF0SzduN2NGRTRVbUhkc1RIR3U5eXZNS2JYRDBXUHR3ME1fd3psRGE5bXF0R0RhNnB2RFNhUzN1M3ZiNFk2bTJUUFJIWkV3ZDZsWmpCYnphUGVaN3NycE90YnF4Z0liUlFkSnM2cHN5UnRnZ0ZxdnFLNFFaNVhnZk01VXJ0ZDVLQU5HM2kyYTZLSWJPZDlB?hl=en-US&gl=US&ceid=US%3Aen,Defense Express,12 hours ago,🇹🇷 Bayraktar,https://news.google.com/api/attachments/CC8iK0NnNURNekZZVUhWYVpGRkRhamRPVFJDWEF4anhCU2dLTWdhUlE0NkpwUWM=-w200-h112-p-df-rw,2025-09-08T18:40:05.870942
Future Combat: Military Vehicles Powered by AI and Stealth Tech,https://news.google.com/read/CBMilAFBVV95cUxPVDJVMU8xOXdDY05HdVV5c2lkejNIM01wNkFjaExYX1Q4X0wtZVdieE40blpqUHY3d1BfZFE2aU5yN25ER3ZHc1dyVzFVUDVpMjUxY2lXcmVMdXBPUFBzQkVtbFFod2FQVmFuTDFkM1k1Z0VRMlZSV3praktBMUlJZTJLMFZtT1Bpa1FsZ3NMLXpOVGNt?hl=en-US&gl=US&ceid=US%3Aen,yahoo.com,8 hours ago,🇺🇸 Reaper Drone,https://news.google.com/api/attachments/CC8iI0NnNDVTRVJPU1V3NVRFNDFRM2RwVFJDZkF4amlCU2dLTWdB=-w200-h112-p-df-rw,2025-09-08T18:40:05.870945
The US Coast Guard Is Finally Buying New Icebreakers,https://news.google.com/read/CBMimgFBVV95cUxNS19pUXFCSlNiV0tDQml4eDJsMzdzNGZYVWM5NWVUWmVJMDlnQXRDZ1M0Nm13ZDV1LTRlaGk1VzU0SnVKM0xtWEduRDlxWVdGeFZfanZhb09lNVQ1X1N5Q2t3aEJtZmpPWkdkWGlSbnFPdHNDb09VNkRkM2RmOUgwYU1vT254cVdJTzYyRmhLc0FqYjRhcFVvdXJB?hl=en-US&gl=US&ceid=US%3Aen,The National Interest,23 hours ago,🇺🇸 Reaper Drone,https://news.google.com/api/attachments/CC8iK0NnNU9URXRCWkVodFduQlpaSEF5VFJDZkF4ampCU2dLTWdZQm9JaElSUVE=-w200-h112-p-df-rw,2025-09-08T18:40:05.870948
Trump Set to Reinterpret Arms Treaty to Unlock Drone Sales,https://news.google.com/read/CBMikwFBVV95cUxOaU1SdDlaNy1RVFFlcnVmbmJqbndOY19YZVZyNWJhekM0U200NmdGdEVEcEFiUDJvSFlvUmJhbk5vNHE4OXliVnEzckFJb2xjaUZmaWcxbV9rMmVhTFE5NnFuSnFCTGl3dWJaMy1wSkV0NGFOYnd6Z21TLXdGZGxfaHQyX2I4eVk5cDRRbnI4RDJfanc?hl=en-US&gl=US&ceid=US%3Aen,thenewamerican.com,1 hour ago,🇺🇸 Reaper Drone,https://news.google.com/api/attachments/CC8iK0NnNTFZVzFoYzFjd1RWVlBTV1k1VFJERUF4aW1CU2dLTWdhUllKU1huQWs=-w200-h112-p-df-rw,2025-09-08T18:40:05.870951
U.S. Marine Corps Adopts Naval Drone UAV Training Model for Joint Combat Integration,https://news.google.com/read/CBMiywFBVV95cUxNM1Y3VF9QUlNvRkdrcHB0bnJxQktuZi1xUXM5ekx5ZW0wQlkzQTQ1SlFLbFdDa0xidUNESG1zWHVTWk1peFBLaFk5dHE2d2J0eTNrc3hhV3BhRWpnWVo1b1h4NllFcERjQUtObjBEeVZ2dzFSb2hnb3NlYkZOZkctVm84YUdSVmplRmJJUXA0OWM2aDRIaGlDVFQ0T2swYTd5V0FBNjZzT3RNQzhCMVlpTEZjMUt0N3dTYzl2Nl9iRDlFNkdrNjROX1FTTQ?hl=en-US&gl=US&ceid=US%3Aen,Army Recognition,2 hours ago,🇺🇸 Reaper Drone,https://news.google.com/api/attachments/CC8iK0NnNVNaV0kxYTFSWFRFbFplWEJqVFJDM0FSaVRBaWdCTWdhaGc1YU5NUWM=-w200-h112-p-df-rw,2025-09-08T18:40:05.870954
Beat a potential ban with this limited-time offer on the DJI Mini 4K drone at Amazon,https://news.google.com/read/CBMiX0FVX3lxTFBkX3llV3dfdk15TDVDOHdNckVyZmlqTFdIUzZkYllBZm1DWU9UM3NxRkNQMDFXdy1acHVLRGJ6T1lIaGJ5N0ZQVG9pOEpQMmdlaENHY1U3Nmo2blk0M19r?hl=en-US&gl=US&ceid=US%3Aen,Mashable,1 hour ago,🇨🇳 DJI,https://news.google.com/api/attachments/CC8iK0NnNUJaR3BDTFd3eGQyMVNhMFpUVFJDZkF4ampCU2dLTWdZZFU1YU5KUWc=-w200-h112-p-df-rw,2025-09-08T18:40:05.870957
Flying lifesavers: Drones could soon respond to cardiac arrests,https://news.google.com/read/CBMiXEFVX3lxTE1TUk82VUl6T1NWUHJmT3piZTVxOUw3NDA4RkdhOVd6X0QydE5RYXA2TXRtd0pmczBWRFJ2dUNqT2ZHcUczVWZEbFJzR003eUs4RjdmWk9sWUFaY1JT?hl=en-US&gl=US&ceid=US%3Aen,EurekAlert!,3 hours ago,🇨🇳 DJI,https://news.google.com/api/attachments/CC8iK0NnNTRaRGhXUzI5bmNFTXhRbE5xVFJDb0FSaXJBaWdCTWdZdGhZQ3VNUWM=-w200-h112-p-df-rw,2025-09-08T18:40:05.870960
Here’s why I’m eyeing Insta360’s Antigravity A1 drone for 360-degree aerial shots,https://news.google.com/read/CBMiqAFBVV95cUxNaHhCQVE2emlKVE9oSDZoMDRHNXo5bVFBWk9wRXlMQWZ6M2hqT0lmSWJBQ21NSHM0YldmajJ2eWNNMVhKcHdtLS0xM3pfSTQ1b21vRmxHaVJWVUp2SXo3eGIyZHRzdnFTaXFRWHI4TnJoZHYzT3FsdEdFYmVvQ3BUTkhQSC0zb1R4XzF0bDJYU0dxUFdrajZvbXBiS1kxS3I3NXAzX2w1Qmg?hl=en-US&gl=US&ceid=US%3Aen,Gadget Flow,8 hours ago,🇨🇳 DJI,https://news.google.com/api/attachments/CC8iK0NnNHliR2hQU1ZZMGNrVlFhbUp4VFJDdUFSaWlBaWdCTWdZWlU1QnJxUVk=-w200-h112-p-df-rw,2025-09-08T18:40:05.870963
The DJI Mic Mini is down to an all-time low price at Amazon,https://news.google.com/read/CBMiY0FVX3lxTE01T0RPTDBWQm53OTFVYkFaYUhzUV9PZUd1RmVSQ1pRWXE2SHpYNkQ2dXdYMmEycEJBWElwRXBVcjlWNTAzWTE1Unl2UFAtV2YxN0kxWUJHYzR3MzZ0WjJ0VXJYWQ?hl=en-US&gl=US&ceid=US%3Aen,Mashable,3 hours ago,🇨🇳 DJI,https://news.google.com/api/attachments/CC8iK0NnNVVSVTlLTVRWV01sRmpiMUZMVFJDZkF4ampCU2dLTWdhZFk0eFBLUWM=-w200-h112-p-df-rw,2025-09-08T18:40:05.870966
Drones Hunt for Great White Shark After Fatal Attack in Sydney,https://news.google.com/read/CBMidkFVX3lxTE5ONHNHY2U5Q3NRZTFRRXlhMDhReDhLVjFqZDJ6Q2pmSEE2WFRRWldZRmRaX0p1NWVLVV80X1U2Q3RKVGx6NmVSajU4VERjRUVpY3ZfTjdnZWJJRWpLdkJvZW5jYk1DSzd3YzJRSloySHI0ZHVES1E?hl=en-US&gl=US&ceid=US%3Aen,DroneXL.co,7 hours ago,🇨🇳 DJI,https://news.google.com/api/attachments/CC8iL0NnNTRWM2N3V0U0MGFXeEVZVFpLVFJDZkF4ampCU2dLTWdrQlVZeTJuT2pJTUFF=-w200-h112-p-df-rw,2025-09-08T18:40:05.870969
KDDI finalises drone flight routes for mountain hut resupplies,https://news.google.com/read/CBMiqAFBVV95cUxOZzVPQlZBTThZODNTdVByQWlYaTdDbWhPQTRxdlRadU9xSmNWemlUbVprRzBVb0ZZQUtsSGlwQlhfbVZ3U2QtNW1hV3Nwb3k2V0dpaFpuWjZENWVEXzFoSlBMRzNOZUNENEk0R3llXzRxaXlYaW82N1ZSN1JQeWJiRnB1eUNvRTk3OTRBNTRxbjJvYUJHZlJEWjdwdXEtNUtqNjJlZW5LMU0?hl=en-US&gl=US&ceid=US%3Aen,Telecompaper,7 hours ago,🇨🇳 DJI,https://news.google.com/api/attachments/CC8iI0NnNW5OM0ZyYmxKclpXaFVOalpDVFJDaUF4amVCU2dLTWdB=-w200-h112-p-df-rw,2025-09-08T18:40:05.870971
INDOPACOM to Evaluate MQ-9B SeaGuardian Drone,https://news.google.com/read/CBMipAFBVV95cUxQVkk4RWY2WWpOT1lVUnJvdmhFY0pwZUFXU09VeU02cEV2WW4xU2U2bUM0M3d1Zk1qcXpRQUhyUFRkZGo5YlV4TVBxRy1hVFoxdG9rSnBmQzdkZUppbTI3WlNwRk5kUzFycFZrbG1qeGJqMjBYR05UUExWTjFDZllMekZacTRPZVkxazlQbWZhMVBVN0V2UHpwTnh6N1VFZ1NESHVmdQ?hl=en-US&gl=US&ceid=US%3Aen,RealClearDefense,4 hours ago,🇺🇸 General Atomics,https://news.google.com/api/attachments/CC8iL0NnNW1hMFJrWmxKNmJVcFhhV0p6VFJDakFSaTJBaWdCTWdrSm80eUl3YVd4REFJ=-w200-h112-p-df-rw,2025-09-08T18:40:05.870975
First 2 MQ-9B drones to arrive next year: MND,https://news.google.com/read/CBMiekFVX3lxTFB6a2lyNkd3b1JNeEtBZWRYZk1JRkhoT0RDNThieXRHWjlRYlJyVXdOV1FVLWdlVE9wSmphY19JaWgzWU9yRlJDUEVUb0RHZ2hTT2lFNmRPaW9Sazk0NnNoQXN6LVVtcUd6TkdtN2tVRUhFVkZOR1dCOGNn?hl=en-US&gl=US&ceid=US%3Aen,Taipei Times,2 hours ago,🇺🇸 General Atomics,https://news.google.com/api/attachments/CC8iK0NnNWpXRVV5U2t4V2FsazRZVkU0VFJERUF4aW5CU2dLTWdZVm9wVEx1UVk=-w200-h112-p-df-rw,2025-09-08T18:40:05.870978
Boeing Eager to Sell F-15EX to Poland as Ghost Bat Drone Steals Spotlight at MSPO,https://news.google.com/read/CBMiwAFBVV95cUxQd2R5czFLZjF6UlZKcjRwWS1iNjNDczJCWDJLanc3MElnb1BBcktwQkhaU1VTUXZ4NlRQMTdadVd4V2lPdGJvakkycUxub0lPSlZaMW13d0hhMkNhczFhZWd5Qk9BS1hkTFh1T3FRN3NiSFVjUmNFZEtHSHMxdHo0dnh0SFpvblRuWFdnbFZON2RsdWpQRmFBM21nQXI1endBVnVtOVNtX2tFdVI2eTNfQURiX0thLURMOEczVm1oOTM?hl=en-US&gl=US&ceid=US%3Aen,Defense Express,4 hours ago,🇺🇸 General Atomics,https://news.google.com/api/attachments/CC8iI0NnNDVPVll6VUhCNFRsYzJhRWRFVFJDWEF4anhCU2dLTWdB=-w200-h112-p-df-rw,2025-09-08T18:40:05.870981
Space Development Agency director leaves post for academia,https://news.google.com/read/CBMipgFBVV95cUxORFZlU01heW8yV1UzSEVxcU90VDYxMC1raG5RQS1DaUVTVzRGV1Zuc1BPMW02QXJVa21BWjJYZkV4VGlseFhUOUdFdFRFZTdvZXFvZkZhNnZoc3hNMVBTUXpJWkVaZWdHU0JoY2Y0Q2tteDZJQjZoVVFYcXpFVUZXTkJYWTFRdHBhTjdxNGFrbjBQWUhwa1RvUEtad2sxb2VocU1mWVpn?hl=en-US&gl=US&ceid=US%3Aen,Defense News,5 hours ago,📰 Defense News,https://news.google.com/api/attachments/CC8iK0NnNHRSR3BOT1c0M1dqbENNbDlEVFJERUF4aW1CU2dLTWdheFJJaVBJUWs=-w200-h112-p-df-rw,2025-09-08T18:40:05.870984
The Top 100 Defense Companies in 2025,https://news.google.com/read/CBMiigFBVV95cUxOUElWUlpzaVV4ekRNUUVoSVpkUzViNm9pNlFOSkhTSjJYU3pBTTAxOXhvX2dyNUZoQnVGaWhYNXh5U3RmUEJhbExqXzVWVlYwWXZEUjlJVlVoaTZ0Y0xKbksxTXNxdERLRlU5MzV4T28xanpUTDVKcEs5WXFJSjhzUGo5RjVFN2hSaHc?hl=en-US&gl=US&ceid=US%3Aen,Defense News,1 hour ago,📰 Defense News,https://news.google.com/api/attachments/CC8iK0NnNXpVRVptVG1aNU5FUkZSV1ZRVFJDZkF4ampCU2dLTWdZcFpaRE5MUVk=-w200-h112-p-df-rw,2025-09-08T18:40:05.870987
Europe’s defense gaps loom large as weapon makers schmooze in London,https://news.google.com/read/CBMivgFBVV95cUxNd0ZKSXZxZHhlVzVwWWl0RVgxYU1LSmtnS1A4dUtpTTlyMkU1VnB1TVYwTXBHejBoY2RidXpmNXBidFU5MHBEbGFaRlI1UHV5N3FRRDlIbjYzOEE1Rk1ZSVdYVm9mZ0JDTFA5TXI5OGozb2t3VkY1NlNHanlFN3RCVXMwUVRKbUgtdkFyeVhHQllpZlpncVRaRzhBRGNnQVNkSkxHQUxpa0dndVJrUGZHSDk4alpHSnR5c3NnY2pn?hl=en-US&gl=US&ceid=US%3Aen,Defense News,25 minutes ago,📰 Defense News,https://news.google.com/api/attachments/CC8iK0NnNWpkRTV4TFVOYU5sSkVjRGRoVFJERUF4aW1CU2dLTWdZQnNJaENUUVE=-w200-h112-p-df-rw,2025-09-08T18:40:05.870990
Managing Recurring Expenses Made Easy — Money Minute,https://news.google.com/read/CBMinAFBVV95cUxQTVF5bkhFeGdWQkdoaEdROHo2RFFmWF9zalEzb0lINWVjWEFPQmMzWkk5XzhxRmpFajhTb0xqY3ZYM2lfcDRLYTJoNDlIdlRrMDdxdEo5dlFHOGhqbVlOMHZ2SElJbDRxLXdYQkdMeGVvS1JERkVXaGktZnJfOW1sempyYkdmMkVpUkYyQUZhNHN6Sml4aGpFNFRfNVI?hl=en-US&gl=US&ceid=US%3Aen,Defense News,6 hours ago,📰 Defense News,https://news.google.com/api/attachments/CC8iK0NnNWlZV3RxTFRkcVJIWkhhRXd0VFJDZkF4ampCU2dLTWdhaElhSXJHZ28=-w200-h112-p-df-rw,2025-09-08T18:40:05.870993
Security expert warns against getting lulled into complacency in the Indo-Pacific,https://news.google.com/read/CBMixgFBVV95cUxPWVM5MUxpSXF2Tl96QTAtMDJ2cDZtbEZ1WmY5c05ZOFQyTURySEpMUUc4aHRrWjk2dmRzeHAxRXJaZWk5V2x3WW93dTlwTzdtMVVpSEQtbDZsbHhtMHNfd2JsU09SdGRVeXFyNzhRZ1ViemM5VlE1aEljMjBrTDFQS3RaQldCdWw2aG91UGE3R0V5QXdhdm9RSWpETV9QSlR3NDlTd2dvWk5tWnZuRjU4QjZVdEs2N1hYMy1kdkg4MVRkbFZGYXc?hl=en-US&gl=US&ceid=US%3Aen,Defense News,6 hours ago,📰 Defense News,https://news.google.com/api/attachments/CC8iJ0NnNVdXbVpzUjJoTWVESnlaRFY1VFJDZkF4ampCU2dLTWdPRklRZw=-w200-h112-p-df-rw,2025-09-08T18:40:05.870996
"Congressman weighs in on U.S. deception capability, and the need to arm Taiwan",https://news.google.com/read/CBMivgFBVV95cUxPNklKU3NneGRnZXVrcmZyVm4tWV9XLWRna1ZhWVBaeXRTSXRuSUlhS0dja2x3dEx4eXptQlRuak1LWEtzVGM3Qk00SGp0aXI0bHhRX2pmRTVidzJXUXFCYVZMR1h6OWVFekVoMGcwbDRLR2pBUUs0aFI1c3Y2TzJrWXRtRkplOGEyZHZtVDctdkxlbW4yaExUSlZtSkM3aWxoLUsyZWxwSzhpTlZzb1h3cl84RkUyVmhTZHZKbnh3?hl=en-US&gl=US&ceid=US%3Aen,Defense News,6 hours ago,📰 Defense News,https://news.google.com/api/attachments/CC8iI0NnNUZNRWxvWm5RMVRVVTNTQzEzVFJDZkF4ampCU2dLTWdB=-w200-h112-p-df-rw,2025-09-08T18:40:05.870999
Where does the defense budget debate stand? Rep. Rob Wittman gives an update,https://news.google.com/read/CBMivAFBVV95cUxOOWJ4OHZGTDhtTkl0aXFydkRfb2xSSTJ1aWFtcktoSUtmSnVTRjNMQVNjblVSWEptMjVRby1yS3ROc25rYkpLMnhJMGdycFlwNzgxekotVmJVQkE2TmkydUJzSUkyQzJqRkpVcEpRVUxlcm1sc1N3RWgxLXQ5LWlaX3NBdUQzb3Y4S3FTSzFvZWhPN0JsSW90Z3NMM09pZHF1RFBJNmxxX283QlhTUmpzMkpnc3BucHYyV2plNg?hl=en-US&gl=US&ceid=US%3Aen,Defense News,6 hours ago,📰 Defense News,https://news.google.com/api/attachments/CC8iI0NnNWZTMGhzWDBSMk1IRnpaVXBpVFJDZkF4ampCU2dLTWdB=-w200-h112-p-df-rw,2025-09-08T18:40:05.871002
Red Cat unveils Blue Ops USV business,https://news.google.com/read/CBMinAFBVV95cUxONG5tRTFldUhqYXFPMDJHTDUwUDZ6SG5oeHVTbnhqRmtmNWY2eWo0NUJ3SWI1V25rUVNuUUtPTm9lRFo3bEF4dUdlVFJuU2VpTFZqVVVwS2dISGFjTk45WXpkYThkWGR6b3BIeVNxeWlsR3JaSWRPdVpvU0dMNkFrbjhhNEIxMXA3eXhFZzNxck9YRDZMc0ExbjZodW4?hl=en-US&gl=US&ceid=US%3Aen,Janes,12 hours ago,📰 Jane's Defence,https://news.google.com/api/attachments/CC8iK0NnNHdhVEYxVWpkb2JFWXdUVk5VVFJEQ0F4allCQ2dLTWdhZGNab09yUWc=-w200-h112-p-df-rw,2025-09-08T18:40:05.871005
Boeing completes MQ-28 capability demonstrations,https://news.google.com/read/CBMiqgFBVV95cUxQaVdiUWQwWXNoWUx4cWNocHMyek5BRDlUVGxkcFBOOHp6MF94S3lhcGdHbzZTd2xqbGh6bG1IZW9JTFlMcUNaeUI4UDJ6MDd2eEtUUzhUU1BRakFvY2o5MHNmVEU4TGd0UjhrQmlGV096aUQycVhjb0JTTndqLVBMQ1NhN2NBdjhfeVl2VmFKdktNLWlaUGM4clpOd2RTSTJsdU9XWGNzR0lodw?hl=en-US&gl=US&ceid=US%3Aen,Janes,7 hours ago,📰 Jane's Defence,https://news.google.com/api/attachments/CC8iI0NnNVZSbVJzY1VGTFZHZERRekpVVFJDUUF4allCQ2dLTWdB=-w200-h112-p-df-rw,2025-09-08T18:40:05.871008
Latest defence and security news,https://news.google.com/read/CBMiXkFVX3lxTE1NV2RKMWptVEl2dGJsRF9NelBvRFQxczZ3Y3FobnpYYVlQVk5CcEhBbEE1aXUxeUtzVllUeU9GaFAybkFxV2RRR3B4VW1oSk5tQTFXQmJqTVp3b3BFWXc?hl=en-US&gl=US&ceid=US%3Aen,Janes,"Jun 4, 2024",📰 Jane's Defence,https://news.google.com/api/attachments/CC8iJ0NnNW1aM1pRV0Y5Q1pFUTVWbEF6VFJEMkFSak5BU2dCTWdOQnBBWQ=-w200-h112-p-df-rw,2025-09-08T18:40:05.871011
Colombia's new rifle prototype gets upgrades,https://news.google.com/read/CBMiowFBVV95cUxOZkRNR2tONVZYVlZTcEVOU1kxc19yZWZ0VHlQenYtdjZ4VjZVQzhNWFBMWnY5aTAxMkFQb09xZ0xBVGJPLW1OeUozR01jNHZOcFNvR04xSU5NVkgyZ3VheENsQmlQV1pEcWxqVHJkREJwRlFoN0lnVzd2RGY3T3VGelY0NkZDS25yckVpX181LVpDbThsVkpPWWZRQTZ0RWNMTVM4?hl=en-US&gl=US&ceid=US%3Aen,Janes,13 hours ago,📰 Jane's Defence,https://news.google.com/api/attachments/CC8iI0NnNWxkMjR4Tlc1NWFEVm5aMVpTVFJEWUJCamdBU2dLTWdB=-w200-h112-p-df-rw,2025-09-08T18:40:05.871014
US Navy matures new SPY-6 radar variant,https://news.google.com/read/CBMimwFBVV95cUxOR2pac2ZCYjlGS0NTY0Y3NnZVSUZPYjlRUkF5SU0yNFFjMGtuWndCQkNJT3BRQ2xNb1FQSDI0djJ6WUVuY3AwY3FwMGh3cXhzYzM2UnZaWm95Wk1iRDRLRzFnRUtCMmNLbHVkR2FBNUdWdndPQ3N5bjZaNllRcHI3V2l3SWNpaGtHWENxbXZKWi10eFRHdm5sbmFFSQ?hl=en-US&gl=US&ceid=US%3Aen,Janes,13 hours ago,📰 Jane's Defence,https://news.google.com/api/attachments/CC8iK0NnNTFVa2hNWTB4Zk5XTjRMVjlvVFJDeUF4allCQ2dLTWdhVms0eU11UVU=-w200-h112-p-df-rw,2025-09-08T18:40:05.871017
"Hyundai Rotem, Rafael sign deal to integrate Trophy APS on K2 tank",https://news.google.com/read/CBMivAFBVV95cUxPZzZxLXZWc3l1WDRlek1hemdZc2Q4blVlMGZicmlEZUNNZ3ZvdHpnSXNXSlA5NFd0NGJhU2FOSVhpX2xLaVhPYklMMHQ4V3JMV2ZheEpxVGFUWGF4LU10YWt4dUxmTDhxMmx6Q2lCT3dYMjZtSVdxMXJVSmlteGh4bnhXU2xoc1Z0cWxHbVhlQzIzeWRjYjBjbnZMZHZCY2VpZzZNTEZ1dDc2WGM2NWNSN29DTmJreXVyWm9uaw?hl=en-US&gl=US&ceid=US%3Aen,Janes,6 hours ago,📰 Jane's Defence,https://news.google.com/api/attachments/CC8iI0NnNXdRVkJhYkhsamIyVk9VV3BoVFJEQ0F4allCQ2dLTWdB=-w200-h112-p-df-rw,2025-09-08T18:40:05.871020
Ukraine Government Building Damaged in Kyiv in the Largest Russian Attack Since the War Began,https://news.google.com/read/CBMiwwFBVV95cUxQeXJpT2tXQUgtaDdPZ0oxbmtZc0dlVjFVc3VVSHB3UUNtOGgwRUxWeWYzekIzeVMzeThaMTZMeTNNOWhSQi1sUzZIQ2dZZ2syc0dFX08wMkhVbDZEbG1UTVRtSUp2NnBHWXdCVUpOdVRZQ1Q0cVdvTE5MSG5meVc5eFBhZldaQkJoaGJ2VDNxekYyVlhHbkVFbXNwSGEwaTNmcUVrUlpXQWNRRkZRV2xNajJ1Nmg1X2tXNm1tNldqMUpobFHSAcgBQVVfeXFMTjZDVGNvazlYYzhsOGItTENLdEhYdFhUOThkbEJ4cWgzUk4tLWJVM09taUttQTFGanpLNE9WTzlGWnBlSUc1Q1hQbHg3TFhPT3Npc3NFR2F2NjZUVkpZWDNzQktKQS1LTzlETnM3TVI1RzNMWHBqd0VSYU85Y0NjbjlyRmdCeGZUdWVXZ2FzNks2Nmw4SGxXNkxCcFBLN0ZoQVRBaG1VU2g0TjJibjk2MHkyN3VNQzNicjRMbGNMVkwzYkFtRDZIVEI?hl=en-US&gl=US&ceid=US%3Aen,Military.com,21 hours ago,📰 Military.com,https://news.google.com/api/attachments/CC8iK0NnNWlNRTlKUVdjeFJVbEdURXhXVFJDZUF4anRCQ2dLTWdZbGxJYXZPUVU=-w200-h112-p-df-rw,2025-09-08T18:40:05.871022
"Military and Veteran Benefits, News, Veteran Jobs | Military.com",https://news.google.com/read/CBMiPkFVX3lxTE9DVDJ4UURidnBtTjBaSkxIWWFPSnF6LTlhb0FOTE1JMUV0ZFNCNnBBZTNSN0QtbmZOVzNsX0tR?hl=en-US&gl=US&ceid=US%3Aen,Military.com,"Dec 1, 2010",📰 Military.com,https://news.google.com/api/attachments/CC8iK0NnNWhaV2t4TjNoTGRYaHZiMHBKVFJET0FoajBBeWdLTWdZTlU1SW5LUWc=-w200-h112-p-df-rw,2025-09-08T18:40:05.871025
Poland finds debris of drone near Belarus border,https://news.google.com/read/CBMikAFBVV95cUxNMmk3YU52bEFkeTg0ZTNuei1SVXFsQ2NqUE5OcXo1ZWNaT1hlZnpaVlhzbmRJUG1lYzZfanRHN0I1UUo5QUs0U3JSLUh3c1NMUXZmUkNhSVREU2pERmNJSUc0UlRqVXRkQjJaUjNTemxuTGhWX0pId2JORHpSV0F2ZkI2bTl3djd4Y05BaUkyaUU?hl=en-US&gl=US&ceid=US%3Aen,Reuters,10 hours ago,📺 Reuters,"https://encrypted-tbn2.gstatic.com/faviconV2?url=https://www.reuters.com&client=NEWS_360&size=96&type=FAVICON&fallback_opts=TYPE,SIZE,URL",2025-09-08T18:40:05.871028
"Russian forces attack power station in Kyiv region, Ukraine's energy ministry says",https://news.google.com/read/CBMixAFBVV95cUxNUTlKU2NUTXVoN2ZGTXJrbTk5ZkUtdDhFVXF4c3daYUYySHlVS1hCNHJpN2pCTDNTTmZhX2JXNHAyZUlEQ1VRbEtOZVhGZXdqZ0dFRzJuclZwdGRRNlZLZXZveVpKTkl1ZVRxb2xTcjB1XzFVLXAwSkV4ckVyeDFKRHFQeFBrLTczOFpkU19CazZHUW9TSUxaWU45M0UyeWlGT2FiZHktdEVrX1gzUUxYVnJnZ05CY3Npemt3M3lDYlQ2dENB?hl=en-US&gl=US&ceid=US%3Aen,Reuters,8 hours ago,📺 Reuters,https://news.google.com/api/attachments/CC8iL0NnNUhVazlhUkcxblMzQlFTazQxVFJEZ0F4aUFCU2dLTWdrQkFKUW9KZWdsd1FJ=-w200-h112-p-df-rw,2025-09-08T18:40:05.871031
Poland finds debris of unidentified flying object near Belarus border,https://news.google.com/read/CBMirAFBVV95cUxNaWFCZHNwX3ZVTVNmeDZJUjBOS21Na0JRbzZSZ0VqNFNHQTBvN19KVENYeDJaRVdwZnRueG1jMGRBWDhQUVBnSE1mbVB4Vi1CYWJId0d4UHVRcjVROUpJZ2NXZDRHak1SdlRtTmFNS2xiQWFSQUk4V01fRFVjOWtSRnp6OVBoN1BGTnpZV25iZ0NGSTRQSVBtdDZZa0pJUjlZSkFJMzNEcGo3UFhE?hl=en-US&gl=US&ceid=US%3Aen,Reuters,13 hours ago,📺 Reuters,"https://encrypted-tbn2.gstatic.com/faviconV2?url=https://www.reuters.com&client=NEWS_360&size=96&type=FAVICON&fallback_opts=TYPE,SIZE,URL",2025-09-08T18:40:05.871034
Saudi Arabia's second quarter GDP rises 3.9%,https://news.google.com/read/CBMimwFBVV95cUxQVTlZSHUxTUMzb1piNktUelRnLTBXRkh1MS1FU3VlSW1TRmgtUGt3cHo1X18wdEFBWHczXzQ2MjdqQ2tiZ2V2TklkVmlEbjJSa3ZrQWQ5VDRBTHZjeEhpMGpyZVFHN1RNV0o3cFVETk9obmxzQ1QwTE9wY2tXYnZDa2VnYmIxYW9PWUxzczhIV3N2ZW5NTDlpQVNBUQ?hl=en-US&gl=US&ceid=US%3Aen,Reuters,12 hours ago,📺 Reuters,https://news.google.com/api/attachments/CC8iJ0NnNVhORGswU0hGSWNHOTJiMmhuVFJDZkF4ampCU2dLTWdNQmNBUQ=-w200-h112-p-df-rw,2025-09-08T18:40:05.871037
Cuts to US oil jobs and spending threaten output growth,https://news.google.com/read/CBMiqwFBVV95cUxQc0RaLXVONDhneGFTNWpxOFFMLTVaMTJKTDNDMDVaRFlQRDB3ZjBsOU95RExIOHV5STNqNEFOeF9ITndRRmZleVQzajcycVRwVnRpUmJPS0dWUVN6MnA1M0NwU1d1RVB1WmRETDhQZ2tGc2tVOUY0RzE3bXppcWNrV054b2lPZWVHb3JMajFWRlV3U2NWM21nRGxuSUlVUDZlSm93dlJtWmZhNnM?hl=en-US&gl=US&ceid=US%3Aen,Reuters,3 hours ago,📺 Reuters,https://news.google.com/api/attachments/CC8iJ0NnNWxXVlpSV1dwS09EQllSRXcyVFJERUF4aW1CU2dLTWdNbFFBZw=-w200-h112-p-df-rw,2025-09-08T18:40:05.871040
Wealthy ancient Roman's tomb discovered in Albania,https://news.google.com/read/CBMilAFBVV95cUxPeHhLeGowWThGRHpobEFRM05NTEd4ek5RVVhoX2tXUF9xaEg4dmFwVzhJRzFqSmV4bGNOZE5nVXpNQzZxdWtYc3IyQVF4cXVEU2RfZmZxdE5QQ0Y2MDFTOWlCT0dOdnZTWjNQeXpwelNYRFhJZXJpcTBpVUJuXzhJT0pKSTl6emRlamhjVnRzSXRidGhl?hl=en-US&gl=US&ceid=US%3Aen,Reuters,9 hours ago,📺 Reuters,https://news.google.com/api/attachments/CC8iK0NnNVRkSGxsVlVOblFsVk5UM1JVVFJERUF4aW1CU2dLTWdhQlFZNGtOUVk=-w200-h112-p-df-rw,2025-09-08T18:40:05.871043
"HSBC, Deutsche Bank push back BoE rate cut forecasts as inflation clouds outlook",https://news.google.com/read/CBMivgFBVV95cUxPRFEzNWRMMmJHLWk0a1I0ckNLRTc2SzlYUW1OTXNPUWJFTzlZVzl6bnZVdFVpUzdBbk04T3ZjN2prRVRZdXZ6bzE2QTNIRm9SSmxxb2pIck1YYmg5Njd0ek9sVm1US2U3Ukc3RjNRcXUwZ0daUDJ6VVI4YnRobk5GbWtiM2RxWlU0N0lyZVB5MlhQQWlDZmlYQkZkd1pCa2dqcGFmMTN6dmUzZGUySWJ1dkFnTElTN3FBbUJaQTl3?hl=en-US&gl=US&ceid=US%3Aen,Reuters,7 hours ago,📺 Reuters,https://news.google.com/api/attachments/CC8iL0NnNDFNbEJ6UzNacVl6WXRkMXBsVFJDd0FoamdBeWdLTWdrQmtJWWdPdVVqMUFB=-w200-h112-p-df-rw,2025-09-08T18:40:05.871046
WHO asks Taliban to lift female aid worker restrictions following earthquakes,https://news.google.com/read/CBMiyAFBVV95cUxOVDdKYTJuNUE5WUFCaUNtNlZMaXBIQkY0OVNZWW4xbU8ySjdKa0VNS181dEFUOWVXWTZTd21qbnVHODVqOExJYnc1ZXVFbDF0Vkk5eC00dndxNjB1SEhhNHl1dlNUWk9ESGNmYVRfYWhqaFNCLVQ4Y3FOcDdYVW5WQ0hfN0g1a0pjT084dEZiQkZXU1pNX0YyMTRrTE1BQTMzQ1Z6blF5WWoyNVMxQ2pOaFpYMkRmamRVTnB5ZTZBTkZLNmpUTUI2VQ?hl=en-US&gl=US&ceid=US%3Aen,Reuters,13 hours ago,📺 Reuters,https://news.google.com/api/attachments/CC8iK0NnNXZiamxSTkV3NGF6QXhObVkxVFJEWEF4aU1CU2dLTWdZbFU0WnRKUWM=-w200-h112-p-df-rw,2025-09-08T18:40:05.871049
"German exports unexpectedly fall, investor morale plunges",https://news.google.com/read/CBMipwFBVV95cUxQcXZRUlU1TWFvQ1ZSYW80Z2EzVkdQbzZJbTVGSkthNUpxZlhRUkxRMEQyMnFHcFRKS2t2UFdpLXhCYjh5TGJ3WlVLZ2dicE12TlM5enY3SkVvSF8zX1pqbWY0TlpRcXZVZ3U2Q0swdXFFMm8tLWF4SHhsODdVQTFSUDdlZlhDSE1aaXF3OWpnd1dMNGNQQ25jb2xMUFRNODUtLWRuVk9IZw?hl=en-US&gl=US&ceid=US%3Aen,Reuters,5 hours ago,📺 Reuters,https://news.google.com/api/attachments/CC8iK0NnNWlORFpvWmxKaVdWVjNRMHRMVFJERkF4aWxCU2dLTWdhQnNZZ2pSUVk=-w200-h112-p-df-rw,2025-09-08T18:40:05.871052
Zelensky condemns 'ruthless attack' after Russia hits main government building in Kyiv,https://news.google.com/read/CBMiWkFVX3lxTE4wT1NYTmRTNWkzX3d2RTNpVmU1ZHFkVXBHNnhkWFA1QzZ2MlQyYkxwVDBxWGduTW5FZkM2ZnZOdTFzS3NXenNXMFNKcTRUMWdMNEQtQ2N6Z0JXQdIBX0FVX3lxTFBWU1BfVnN4YWVRaHFnc1lkQ0NRdXdkMjB6OERvWEp2WUY1ZGpvODI3TlhrX25RN3BtRHRfM01pcWJfNE9GSlpqRFNvTzVTdVhSYkNUUjRzeFV4OE4xNzFn?hl=en-US&gl=US&ceid=US%3Aen,BBC,23 hours ago,📺 BBC,https://news.google.com/api/attachments/CC8iJ0NnNVZNRlJyTTFwa2RrcFFjMFpFVFJDZkF4ampCU2dLTWdPQmNnQQ=-w200-h112-p-df-rw,2025-09-08T18:40:05.871055
Hampshire & Isle of Wight,https://news.google.com/read/CBMiVEFVX3lxTE1LZW84WHV5X3RmU0h5ZVhFamNaUEM3bFU4UTE4M1lXd0MydkJwWUFxREJTVHhfYU50VmZsS3A2Q3hKNFpiWTQ5dzl0NXdSZ1JxQ1V3Sg?hl=en-US&gl=US&ceid=US%3Aen,BBC,"Sep 20, 2017",📺 BBC,https://news.google.com/api/attachments/CC8iK0NnNUxVakI1VHpNeE1tRkJSVkJWVFJDT0FoamdBeWdLTWdZbEpZcUxHUW8=-w200-h112-p-df-rw,2025-09-08T18:40:05.871058
Trump threatens tougher sanctions after Russia's heaviest strikes on Ukraine,https://news.google.com/read/CBMiWkFVX3lxTE1SS1VYbllicS1sVDQ1SmNEMzUyck9MUXNWNVdKc24tYjk0eGdSanFlVVphZlAwTFUtV0R3Rm9YdzRaU2JTd3lJekZvUy1zeDgycUtIcko2Y29JUdIBX0FVX3lxTE5ITGswdE9hU1ZQTzBva01xeFVqUTRmODJGUEVVYWhlLXJ0RjYyaXY4Und4VzFHNHZjOTJOUlBXcFltTlI4YVhOeW5JVlhteEpnVGx0a0Y3M3pCVGRGZnJZ?hl=en-US&gl=US&ceid=US%3Aen,BBC,9 hours ago,📺 BBC,https://news.google.com/api/attachments/CC8iK0NnNTVibTVTVm1wM1UyeElRM2xVVFJDZkF4ampCU2dLTWdZaGRvTHJNUVU=-w200-h112-p-df-rw,2025-09-08T18:40:05.871061
New Police Scotland appeal for hillwalker missing for a year,https://news.google.com/read/CBMiWkFVX3lxTE5qaXhmTTNHdDdfNE45Tmh5bFZkcUp5TGlmT1JZZV92dnVIWmtOS3RCTTkyT2dsY0Fva3dEZGtUd0wtd0hfc2RFQmlLb3N5RUVXYnF1WEgxcnRfZ9IBX0FVX3lxTE1VY0NwV09RRXhITHRnZDAzbVhrRlFhN19kUjNJTlRMb1FVNnA1UTdJMkljZjctMTQxdVlhZEZvY3VibGpkcF9GWEdBZFp1NGd2ekxuRFJJV2c4MjBRZGJn?hl=en-US&gl=US&ceid=US%3Aen,BBC,13 hours ago,📺 BBC,https://news.google.com/api/attachments/CC8iK0NnNVlSM1JuVURBNFlsWlBkMjF2VFJDZkF4ampCU2dLTWdhbGRZYk50UVE=-w200-h112-p-df-rw,2025-09-08T18:40:05.871064
In Pictures: Blood Moon captured across the south,https://news.google.com/read/CBMiWkFVX3lxTE00d1pyRmtsSXN5VVVXQ3k5X3prcXk0TGlDTUphcjRwOXpUMkQ3Yml2cmxubjAxU0FIWndnSTBoWDA3WHZSaXdQbnBzY0VDM1ZqZl85RmxVYlNoQdIBX0FVX3lxTE1FaDV1TnZObEd6TXJDYmttUXU4UjNQMkpqcUk0aHFSakZtR0lIMHFRTm4wc3JUS0RSeTJFUUpkM2poWnVXbkFnTmhhT1QwRGllczhOUThKVVRTdE85OTNV?hl=en-US&gl=US&ceid=US%3Aen,BBC,10 hours ago,📺 BBC,https://news.google.com/api/attachments/CC8iK0NnNU1TSEJLU2psa09VbFFRMVF3VFJDZkF4ampCU2dLTWdhWkU0TE50UVU=-w200-h112-p-df-rw,2025-09-08T18:40:05.871067
Europe | Latest News & Updates,https://news.google.com/read/CBMiTkFVX3lxTE5sQXo2Um1zR2JVLTN3ZFVTdjQ3RUZBQ2Y0eTJHVFFxRW1FVmxqZkhzTHA3Tk9HM0J2ZVgxWEJxTm12cks1YURBMjdVWUxuQQ?hl=en-US&gl=US&ceid=US%3Aen,BBC,"Sep 20, 2017",📺 BBC,https://news.google.com/api/attachments/CC8iK0NnNUplRmd4TWxWTFpEQnhTa2c0VFJDT0FoamdBeWdLTWdhWkU2SkpFZ3M=-w200-h112-p-df-rw,2025-09-08T18:40:05.871070
Russia hits main government building in Kyiv,https://news.google.com/read/CBMiWkFVX3lxTE9jcXktdGFSUlJOUXFBSkJUR0xId3BIWFNVcXMwNHBSalZHRW1TbU0tbGIxWE0yMkUwYzA3WHNjZjdvZVJ2S1J3dW5pZ3dnZVFNb19SXzV1d3dRQQ?hl=en-US&gl=US&ceid=US%3Aen,BBC,20 hours ago,📺 BBC,https://news.google.com/api/attachments/CC8iI0NnNWxUVkIyUVRVM1JWaGxSbFkxVFJDb0FSaXNBaWdCTWdB=-w200-h112-p-df-rw,2025-09-08T18:40:05.871073
"Veteran, 100, gets medal thanks to specialist team in Gloucester",https://news.google.com/read/CBMiWkFVX3lxTE9Ucm1vVGpSTkVyOEZodlktZWppdFRULU0ybDlaaVYzZkNVTXpIWjB2Q2V2OWJMUnVpd2hwbjRkdTk2aTBuNkVBMVZ3Z1hHSHBIdDQyMDJXQ0ZXZ9IBX0FVX3lxTE5GSkRWMVlmRGpOR21yV18wRHVwVEpISTZiVWtkdEtzM1RIYVdwTWdJS1dzMWZ6SmxwT0ZHZU1JTW9NN0p2OHNGNGk0dWI2WVljRzhTWHZ6LWJjTGRCcVI0?hl=en-US&gl=US&ceid=US%3Aen,BBC,13 hours ago,📺 BBC,https://news.google.com/api/attachments/CC8iMkNnNDFabFEwVkhabmR6TnNUVFl5VFJDZkF4ampCU2dLTWd1VkVwQ25EdXRqelZsUGtn=-w200-h112-p-df-rw,2025-09-08T18:40:05.871076
Trump hints at crime crackdown expansion as EU official to visit Washington over Russia sanctions,https://news.google.com/read/CBMifkFVX3lxTE1ZdFl2N195eTZyVlg5Q0VvblhrWk91NzllcTBCbS1TdFlBeU1nNTljUmpBQjdSWGpYRVNxZWF2NEg4TEtud3o2ZmpaclBnWUZKUGUwMFVOTHM1NzItR25Fd21SRmVIZlpDaWw3UWRXaHN4V3NocjNNaDRCaEVHdw?hl=en-US&gl=US&ceid=US%3Aen,CNN,18 minutes ago,📺 CNN,https://news.google.com/api/attachments/CC8iK0NnNTBiR0ZLVW1oUGVWZzFNWGxRVFJDZkF4ampCU2dLTWdiSklacldtQW8=-w200-h112-p-df-rw,2025-09-08T18:40:05.871079
Trump’s misreading of Russia has cost Ukraine. Now Putin is making his intentions clearer than ever,https://news.google.com/read/CBMilwFBVV95cUxQSTNMTjhOcTlMMTljNnFONGFXdjZSUmVRdFVNYWtsX1dqMHZsYjMwdG1qRElLakVhbUxpa2YtWXd3aUpsQ3JiSldMNGNhN09UTG50ZHhneEpRYThNbXZXY2VEQUhScjVUeFJqLWVHRHRKSWRGa0R3QnBQMWdDdnlQVWVoMzZ6UTQ0LTFxQWJQSVNWbk1SN1Jv?hl=en-US&gl=US&ceid=US%3Aen,CNN,2 hours ago,📺 CNN,https://news.google.com/api/attachments/CC8iK0NnNU1hMTgwWmpWcFVYWkRWSHBvVFJERUF4aW1CU2dLTWdhUkk1Wm9HUW8=-w200-h112-p-df-rw,2025-09-08T18:40:05.871082
"September 7, 2025: Donald Trump presidency news",https://news.google.com/read/CBMifkFVX3lxTE5CWl9tRDRHbTFvTzZFV0FQOW5WZ0pyMEZxWmpjQVBNNEJLcS12bkozaGtjdm8wbHhWaUF4R3VkVjl5anR1ZWJZU1E3cWUwaDJPNk5CX0diLVczU0ZGaEZOSkg2STdYNVdiN1JWUkpJNVdtc2VaQ0tNazBLZUFGQQ?hl=en-US&gl=US&ceid=US%3Aen,CNN,17 hours ago,📺 CNN,https://news.google.com/api/attachments/CC8iL0NnNW1XazlqUXpGUGVIYzJOWGRvVFJDZkF4ampCU2dLTWdraEFwZ0xydWN0UVFN=-w200-h112-p-df-rw,2025-09-08T18:40:05.871085
"5 things to know for Sept. 8: ICE raids, Jerusalem attack, Powerball jackpot, Russia-Ukraine war, Tariffs",https://news.google.com/read/CBMizgFBVV95cUxQVDNGRGlvWTN6cXFUaFN3cTVHaUJxR2lUMER2SUJWMGhDQWM3ekNYVUJsVVRKTF9rMDY4aVFpNnlXNzdPWEhrTWVSQXNJSy1JUExZZW5fRlluZGNHWWwweTNRdnYxQU1EUHE0a1VIWTJ4RWJ5cWgtRHVBZ1dzNDY5X0JkcVl5RjQzZzg1ZFlVYkFFSmJWMW9kSUIxTUhCbkNaUHhFdU50aWtIVzFTUFgySXJLNHRfdEZmMkZlbnVtdWZ2NDh6a0ZPVVpfWEtxQQ?hl=en-US&gl=US&ceid=US%3Aen,CNN,7 hours ago,📺 CNN,https://news.google.com/api/attachments/CC8iK0NnNWtWRVJCVWw5a2J6VmhjVzEwVFJERUF4aW5CU2dLTWdZQllJaW1NQVk=-w200-h112-p-df-rw,2025-09-08T18:40:05.871087
"‘They stormed the place, detaining everyone’: Latinos recount huge ICE raid at Hyundai plant",https://news.google.com/read/CBMijAFBVV95cUxQTVFKR2xaVG00TGxuOGxRcmU5eXVUUWVFUkc4bWtCM2E4Wk5Nd2NHY2JNQUtxc1d5bUdiaFFONF9aUk5zazZWdmVnS1VvQmhrZWQtdVd5ank1TGY3RWhMazNpUy1CeVBSaEV0bU5wcTBuV2tmZXpRS1g0c2xHelRIZWJlSTZNX2VtVmxZVg?hl=en-US&gl=US&ceid=US%3Aen,CNN,17 hours ago,📺 CNN,https://news.google.com/api/attachments/CC8iL0NnNWpPUzAzV21KMFFqaHNNa0Z3VFJERUF4aW5CU2dLTWdrVkE0NHJIZWRqY2dF=-w200-h112-p-df-rw,2025-09-08T18:40:05.871090
5-year-old sneaks out for solo trip to Chick-fil-A,https://news.google.com/read/CBMijgFBVV95cUxOMDRrMy14UzBPRE1lcjhCOFljRDZEUEZkMFk2b0hJc2NRT2NLZHpiRzJQNkE5UHlwTkF2czB2c0dTNmVOMk1MNXplNk1yR3pSTmFOYl9Oem1pWEtzNm1rQmozaUtiWWNiWUNMb1hIVkhrOWVTOEUyeUZPQnFtSFZXeEtlTDlEeW1ydlpmLVpn?hl=en-US&gl=US&ceid=US%3Aen,CNN,20 hours ago,📺 CNN,"https://encrypted-tbn2.gstatic.com/faviconV2?url=https://www.cnn.com&client=NEWS_360&size=96&type=FAVICON&fallback_opts=TYPE,SIZE,URL",2025-09-08T18:40:05.871093
Ukrainian refugee stabbed on Charlotte light rail train,https://news.google.com/read/CBMiigFBVV95cUxNRm9jUjZNM0xyZHh6WENOVU5kNkNhZkZmUkZhLWJBX1VyWjMtTUpJVVd4Njd4a0xHdkhxVWJVN3MycmtxT3AtbUJ3SnlsVEJJdnlEczBMcDJZQWNEWGs5cXpZQXhyMHFzUDIxb2NnTzMzZF9tdFR6U2dqWEVTSDMxa1NrdnpSN1VzZFE?hl=en-US&gl=US&ceid=US%3Aen,CNN,4 hours ago,📺 CNN,https://news.google.com/api/attachments/CC8iI0NnNXhWa3hGTm5SMWRHTnJXRVpWVFJDZkF4ampCU2dLTWdB=-w200-h112-p-df-rw,2025-09-08T18:40:05.871096
Mushroom murderer receives three life sentences,https://news.google.com/read/CBMiowFBVV95cUxQNkQwNk81cmd5NkJCTTU4QmdnZnVJMjY0cXY0MkR6bldLdDJfYzNPMnNHSDFHWTA3WFo1aGpKY19YQVFJb3Nid2lpYzJFZmFxQUR2d0YybWJTTGppV3k1MnFveXg2X2hlRjRkMC1YT3NlNUplcVFtUVRaNDU0YVNNSl9BNmI1cndwNFd4dTRvNU9EdmQxRTAtX1NSQmVJSFQyVGJv?hl=en-US&gl=US&ceid=US%3Aen,CNN,16 hours ago,📺 CNN,"https://encrypted-tbn2.gstatic.com/faviconV2?url=https://www.cnn.com&client=NEWS_360&size=96&type=FAVICON&fallback_opts=TYPE,SIZE,URL",2025-09-08T18:40:05.871099
CNN reports from scene of deadly shooting,https://news.google.com/read/CBMijgFBVV95cUxObDNuMTV6OUpaSXlfZV9YeGI0RWNlajBaSUpVa1VDVHUtMXFWRzE5Sm0xcXB3REdCZlE4blo2ME5ZbVBCUzlhVE96WTA3TF9TdDZpUndSa1FPbXNid3BaQzZwdjZJenZaUDFXMG9jSHdsUnZxVFVNVDY0S2lDdUlGLXQ2MHFtMHJiWUtDeWJB?hl=en-US&gl=US&ceid=US%3Aen,CNN,3 hours ago,📺 CNN,"https://encrypted-tbn3.gstatic.com/faviconV2?url=https://edition.cnn.com&client=NEWS_360&size=96&type=FAVICON&fallback_opts=TYPE,SIZE,URL",2025-09-08T18:40:05.871102
Several dead after shooting in Jerusalem,https://news.google.com/read/CBMidEFVX3lxTFBlUjZ5MGNSR3RMSW5IVEZ2RUFOQVBXX1oyZ3lFaDRMaXlBTWVSQ1p1X0d5MDBFVFRyRm5vR3ExUEROVjBqdTVJUDhMc2s0ekhjNVp1OVE4NURncUVQMW1qYnlJNGx4QkYwOVltVV9ubXA1WDRw?hl=en-US&gl=US&ceid=US%3Aen,CNN,8 hours ago,📺 CNN,https://news.google.com/api/attachments/CC8iI0NnNHlUM1JFZVVsdE5sWmtlRWRTVFJDZkF4ampCU2dLTWdB=-w200-h112-p-df-rw,2025-09-08T18:40:05.871105
"Opinion | Ukrainian Missile Fuel, Made in Denmark",https://news.google.com/read/CBMiiwNBVV95cUxOZ1Z4b1dtdTJnTTN0TXZCWUtISFhJb3dKd2xTOU1DbTBVMm54Y3hKbXN5Zk5lOFpibjRmeElSaGNfbk5HUU83ck5QaWtBYWpKRFZnVDVybEkyUUl1ZUs4UV9SeldxcmlWaGhUNm9EY0JLanNoTjlKVGZJVmFwOXVZazBxLVBpU29OamxYaXVWQ2Vfd2lQdFZaeXRmRlowSE9NRkFLdmw3Mi1BY0gyUzJ1ckRaWEJSOE8wUDhUSldhN2dOR0pHZDRuSmVHMzh0d0xUUHZlVkxJMl8tMEVJV0lNQ1F1Vm5wVkpWOTl1anNBdkhZeDRKa19OblotZURnRkV3Qk50NE1kUFRxYnVFYVZEWi1vQXh0TW91VzZKVkE5MkUtcFJNTmxCQl9uN1ZUWFVVeFpyOWc5VkNKM0NkUXd4Tm9Kendjd0FUdmc1U3pNQnR0ZXMwVkZ0YUdEYkp5QkNzb3oySDlEMm5ZX2JqZWI0WDRvSWNjMFNiUjlockxZdFRyVVpPUWstdUotYw?hl=en-US&gl=US&ceid=US%3Aen,The Wall Street Journal,22 hours ago,📺 Wall Street Journal,https://news.google.com/api/attachments/CC8iNkNnNUlSVlJMV1dOTGNEbDRabWx0VFJERUF4aW1CU2dLTWc0Sk1JWUtKZVkwTk9uWXVlTHlHQQ=-w200-h112-p-df-rw,2025-09-08T18:40:05.871108
Australian Supermarkets Face Millions in Staff Underpayment Costs,https://news.google.com/read/CBMiqwNBVV95cUxQM3A2dWVpcGxsU2Z4OXdVb21hMnNuWERTZndVRHowN0prVUtTaVF5d3Q2TkJIRUNGTzdsTWFkZ08tLVZnbW1TMExiNGZDbm93X0hReDJ0VTI1Q05fQmlON09ESVlwSGphYS1SeDFUUkdES2tORi1jcTM5dU41em1GOS1UMm1CZFlsQVp5R2JmVDdudkZnUlFUc1ktM0Q3NTVuTXRNN1ZPRDhEekotOUZrMlFHNTRmbmM2dHBOUHBKenlGTTJBNEhQblNFYy1uV29haWxPa0NZV0RhT2RKNjk2dFdTYWlaT2YzRk9QTkJPTjM5enhCTjNnOGVPb0NuWWtmdEl4eUFXSTVRRkxBNWphc3huMjF2LUZDUzVwVlpGcUowbzd3Njhvd3RkMFdBQUdaLWQwZjF6dE1TTjJIR0NpdWdZQjN1M3BTODBnczRhVnRLUGtaMHE4ZHRwNkVCN3RxNkliVndsZnBoOXJCNGh0NlpKOXQ0WVU5akxtbEZuNXhnTTQyYldHSkFSSVgtOWtROTUzbDdvUHJwc2x4YlU2T2hMTW8wdEg2T3Q0?hl=en-US&gl=US&ceid=US%3Aen,The Wall Street Journal,18 hours ago,📺 Wall Street Journal,https://news.google.com/api/attachments/CC8iK0NnNXNNRXBRUnpSdGNGODRMWFpRVFJERUF4aW1CU2dLTWdhUk1ZckhHQW8=-w200-h112-p-df-rw,2025-09-08T18:40:05.871111
Exclusive | OpenAI Backs AI-Made Animated Feature Film,https://news.google.com/read/CBMiiwNBVV95cUxPZGFoQkJ2N0p0UEx2enFyZ1NPWnVBeTFMWldxTlJkLS1ZVlhpNnZSWGV0aWtKTFRDZTJOc1JVbDJ4V1dacHYxRldXMTVUaUg0NTM5ajdOMWJDbEFjYm5uSFh1REJadThQLWdTa1ZpMEJ2aVZ0a3M0REZOVDlNYjRIdURubXpJcW9qcGtZSldGV3JrLVVXcEJnT2hqeVgxUm01SzVTVk5RTjBMbjc1ZTFjY1VtY3VKU3ZYZkhvTGw3UFVzaWpnZ3czbXRTOHBsbHlJZkF1R2IxRjZJaTRKb2ZBZ0ctVkFUclRsQkJyRUtuN2luOWNLVVp5dlhVMzZ4RjIwMWxwb1hVRDV3QnZSX2ZLOUlNN1lxRzM2VlFnUHBtZUxGMTZUS3lYblJUYTV6VG9lRjZHZVVUNU0wdXFHTnlwTURudDQ4aGhkSXJiSE93VFoyWjladEdlZm9sTGhLS0YzeVhwZHMtNy1aYnJDOV9URUtpeDJNRGhZQ3lLRjVGQ29KZHhPdjFiVmRCUQ?hl=en-US&gl=US&ceid=US%3Aen,The Wall Street Journal,17 hours ago,📺 Wall Street Journal,https://news.google.com/api/attachments/CC8iK0NnNXJkSE5rZFdGa1dqQldOelJhVFJERUF4aW5CU2dLTWdhNVE1aFJuUWc=-w200-h112-p-df-rw,2025-09-08T18:40:05.871114
Hyundai Raid Rattles a Hot Spot of Growth in Georgia,https://news.google.com/read/CBMimANBVV95cUxOQndqQzg3Ujh0OXdiV3V4TkpTTjhMOFpTOG9pa2Z0dE9SemRaOHhZQUZFM2xYSXNyQ192QUg0cC02NmZMc2pSWDR5TmxXY01vR3pUTk5lUWx6VnNBQnZfeTJFdGtlWVRwenRkZzR1TG1JM1NkZm9IblVzTWtVTk15OWIwaHJDWnhjUHJhbEcydThzRGNZNDRsOHdqV0xoMG5KaE9HWVcyQWlHZnRTLXU3TzlHNzF1cXVDM1lVeWIwS1h2ZjRMQ2JUUkdaSndYYkZQS3JCOFBYVE9INmdwd25McmJpQlMzR1VMVHdFTnRxU2FuMmxwaldfOWxNQnZfTVBpS1FDWjRQM0QwUlRibmNFNjcwaVFNY1lzYllwVWxSLVFNVC01MDJSbHBPbC11dXJuUWdUY1hHbWJpeTVmTk9hWllaX0VwY1V2WTBvWWU2cDZaa2JXU21KektkNV9QNDBXSldEd2s3aGhCV0N2UlVuT3ZZVVZNR2k1U2FaQXVuYXo2ZXU0clZhQ0YybDhDZTR0U3lIZFg0ejg?hl=en-US&gl=US&ceid=US%3Aen,The Wall Street Journal,15 hours ago,📺 Wall Street Journal,https://news.google.com/api/attachments/CC8iK0NnNUNaVGhJV2tsaVltNVJiMWxYVFJERUF4aW5CU2dLTWdZTmdJNEl0Z1U=-w200-h112-p-df-rw,2025-09-08T18:40:05.871117
Exclusive | Databricks Crosses $4 Billion in Annual Revenue Rate,https://news.google.com/read/CBMinwNBVV95cUxQNktrSWVMV1ZjaDNzdExwVGpOSXVzcW5lZ1ZhdnhOWmtFWnpMOXoxSTBJb1FfVDRyc3NaQnQ1a01oeEwwUmxFcGc4SV9jSXFoTHVuQTJ5N25MS08yVl9WRnJVVVh0cVhzQjQxMFdFTVVGOHN3YnBWS1h3ZmFVcUI1U252dENIOWhVVXJiUkRJaWYwZTBCNGhvSUozVTBzNXh6Z1FUZ0g3YVFBZ2c0MnhHYW5UX1lJQXd6cUtwVU1ZN3M3dkx1dkgtdjd2SS1XM1pGX2w1S1NxUTUyTW16VE9OdFF1bElOQVpIS2doN3J5VGVCWlp5a0RqbUh5NE54WkY5R2NpbmZrRThGb3lDNjJQcGtkaXZCbHZ2WVAyNk5SQmNDTWNJSkl0TERTMkJpTWZhUHhaOWxiNjJqN3dESldGc3NvYjFEUjhMblcwUmJnWmFxYWR5NTlnejZfMzNKODFzNUYyZy1JT0pQR1FLVVFQaFJXcUgzenZHeHZ1QUZNMGJHSHRxSUdEMzhmVElOMldwc2ZBVWxJNnExdVE4Wkpr?hl=en-US&gl=US&ceid=US%3Aen,The Wall Street Journal,6 hours ago,📺 Wall Street Journal,https://news.google.com/api/attachments/CC8iK0NnNTNSR2d5WmtGRVlVUndaVFZEVFJERUF4aW5CU2dLTWdZbE5vNE1uZ2s=-w200-h112-p-df-rw,2025-09-08T18:40:05.871120
BMW and Mercedes Take On Tesla With New Luxury SUVs,https://news.google.com/read/CBMi_gJBVV95cUxQNnY2MGl6RzBvOEt1cXU4R2M1ak1ZcGJJZ205NnNoc3JRUVA1R01ZeHpMYmp1bDdTd1BVWm9MdW1ROUpvZUVaa1lSRGN1WU9yMU1XbUIyUElaekdHczVYVFYzSENrejE0R250c2dUS1pYYU1BMjczTGtVZlh4czdGLWpRWmg1X3prSXIwcjYzY24yNUJwaXBocktpQm53S0pJZ2p5a3lmMGoyclZjOHhfWWVyb3Btc1JmNG5yendoWUpjSHFCdlBIQ0hpSzB4c3VxZWZXU2F2X1hfNnNBSHpWZldabXd0Zi15TjhUbEFMTDZBMFNnZFlwbFkxVlhxRm9qazdNSlQ3MHY5bXQ5azRDUUxWLXRON3pzNzRfOHBpcVg2WDV2MFRPRUg2dHJlaHFjcm1NMkhEaUxNUUNyTG5RZm1MTjN1VTQ2THJhWjZGanEtTEQtbFVOZWlvYUcyc3dpSFJVREhtN1RPOW10NDR2UW5hbTdfd1VrS2wtR29B?hl=en-US&gl=US&ceid=US%3Aen,The Wall Street Journal,15 hours ago,📺 Wall Street Journal,https://news.google.com/api/attachments/CC8iK0NnNUJkV0V0ZEdOQlQzVktia1o0VFJDb0F4aThCU2dLTWdhRlFvcHJJUWs=-w200-h112-p-df-rw,2025-09-08T18:40:05.871122
StubHub Sets IPO Terms That Could Push Market Cap Above $9 Billion,https://news.google.com/read/CBMihwNBVV95cUxNRU9oR0ZWMGhqTnZBV3VScHZBbWI1RmxYOG5MWjNiU0t2T1o1YXZ5OVFBMlZTUnVheUhKYmhhY1h6TEl2dUJSRi1nQS1lVFB1ZkVzR3VVVmlOZl83a1cwajBBVlN6aEZraTRURHRTeXFJcXZzeFpGUTQyWTc0NlZXbE5LZnRWR0ZZQjB2ZnVsRndFVTFGLWczMlNKQXJKOUJXZjJTMXFNRVFtT2NmNTJtUUhNX2RHMDdqdnBKUGE5ak5qRGpNOFlzWThvQXdaSVhudTFOMDB4QnRnWHNqc3ZWR0NnTlJZS0d5SlRpSGtiM2EzWkxWVHpQNDY1ZW9rNHF3TlhzU1BpWko5YnFsS0tFS2Z3ME00S2c3ZVltV0xFWEZ2YzQwM2NYcEJnZUVET0pZSjM5SU1MREdmM1ZWZy1HbmRNX3NuYWd5RHI2d3N1MmJncWlGV0dmWlJFUkdrVUNwTHNtRWFxTmxGTFhCUkFaUXgwUlZ4clpJbXl0aUNJYndpUWhwMHI4?hl=en-US&gl=US&ceid=US%3Aen,The Wall Street Journal,6 hours ago,📺 Wall Street Journal,https://news.google.com/api/attachments/CC8iI0NnNUNVa1JGV1VKRlVrZE5ha3B4VFJERUF4aW5CU2dLTWdB=-w200-h112-p-df-rw,2025-09-08T18:40:05.871125
Federal Prosecutors Charge Financier Who Offered ‘Guaranteed’ High Yields,https://news.google.com/read/CBMivwNBVV95cUxNanE2OU9VMDludlVheEFwRzFHYWNYUTlFOTdxYm1jbFBmQzRkUkhuYkhGX01GVGFWYWpvaU1TRWpTUmdCTEpTMVFLOVE3T1pyX0VNa0Z4YXF5NmNoaHNCcmpaYjhRRmFmaDM2dUpIMnVYWG12NjAzTjRnUGFmc05MUTZBbi1EazJsSjZLOFJDdUFTenpkcDJxTUhybkE1YkVvZWN3XzU1STBVOS1uUGR3TlJMWlRUNnFMVHBDbVVGQ25Va2c5X21ZaGxWM2ZIWUk4M01WeEk0ZGx1bEE4WEplRFc1TVZ3T1ZlM1VQZ3hvUjBwR3NrZElmdzBQdEJfOFlpMEM5MnNzcXhSR3B6a1F2WnEyeERkMFRPZmkzTjl0RjhHWVZuMGltWGRRRk5zZ2V4Y2o1cG5ia3h2S0FDa2llYjItVG5XczRNR2Y0LXVibmdtTGJtZmF5TGN1dkFGay1aS2FrZ1pEZTZncE5FSnVCNHBwcklIM250aUpCRjdSd1E1WHhtNVZXMFEwSUlZMXMwRUJEOUJLbmxSLTQyM2EzQkdoc3FVYm9DcG5kUmJqSHp1YTdWMS1fYlBNc2xKeDA?hl=en-US&gl=US&ceid=US%3Aen,The Wall Street Journal,3 hours ago,📺 Wall Street Journal,https://news.google.com/api/attachments/CC8iJ0NnNHlXVjk2TTFwaFIxZHlOMjVoVFJERUF4aW5CU2dLTWdNTlFnQQ=-w200-h112-p-df-rw,2025-09-08T18:40:05.871128
Milei’s Election Setback Rattles Markets in Argentina,https://news.google.com/read/CBMiogNBVV95cUxOSVVsMTJLUzFGTDdwcVBhNGwtMUlDdVZKa2lPOG5kWGtrNklzRWxycjNGTHdLTTUxY3BGQWtqQVRxZW5wdEVzUy1CODRjZk9fZTBPVVYyWW9Cek9KTWJRQnl5R3FKdEs1OEswZHlXS3FBZHJwclNDb0wwX1FIYWVlN0NrS1l0RGNyLU1Pd2ZsRkVCMnpNTjlYelNZU1B3YXhCeEJhRHBNVVVPLU1UY0N4d3dYRVo3bV9aeTJkc180NkJwNTJzZThuOFAzNVd1dXljZ2s2bXZJQVNQUTcxSVUxa1BnenJWLUtkdFRWdlc4SjdpWEk5M0wyQXJ5QWRBcm1ub3BVMzBuVDI1cTEwbFpUTGhaNlZHN1RwMnhBaHh1TE52QVZOVEZaSFFCR2xBRFoyVW9LREFWTTBEVF9kb09sX2puY1RIaFYyd296WDktRjlDLWNJMG40YWxwR3ZUc185ZVd5SFpVeGxTbHYwMHVuRDc5Y0ltZEpqVzQ5c0o4Xy1jN1BtcU1fRzVBdUNSbEFqNjdrQ09zZnBQX1VtMXhwaTd3?hl=en-US&gl=US&ceid=US%3Aen,The Wall Street Journal,1 hour ago,📺 Wall Street Journal,https://news.google.com/api/attachments/CC8iI0NnNDJTV0YxVkZad1gyazJkVmRJVFJESEF4aWlCU2dLTWdB=-w200-h112-p-df-rw,2025-09-08T18:40:05.871131
South Korea Says Hyundai Plant Detainees to Go Home Without Being Deported,https://news.google.com/read/CBMivANBVV95cUxNRW1qNDg5YU1hNmJmYTMydmMxbVJ6QVhmTnBtdnF4MkQtNUxGeDl1SjRjUHVjVjZzdUtSZElzOFBWYmdVbElwSkVzcHQ4eFhPdDB5NmdlMDBLRWlGUzZtLUFjRVNrakRuNWVManFsVE9GRjFsQV84WGFhQy15OEdfQzRGODR5cV9ERThmNk8tZjhSUzJ1MXlwSnRyQ2Y0blFwNWNpelh3dVRfTDRtZTdvZ2lIN2kwbUljclJxV3BDamFJamxhX2NRTTViZWlmS3pLTmswYmFBRVZFSHdKQUVWbWtaZldOYXlPVFg4dW9BVks3UWpmX0MtajE4aTEwNHkzWVo1aF9pcW9KaUJhVkxucWlfMDlwV0xrdG9mNjNtTUI3V1lqQVBJNFRhd0pYV1ZRWHY4cmVPcmREWjlRZE9YQ3RsVGVkRzN0OV9qYnF4VFA2SVlfUEk5MmhzWVZWWGVzTzJJaWRKcjI4aTlGLTlkaHJDRGFfdU92aVRSR1l4VUJ4cmN0MjZsVzJqR01OTHBpcndiblA1RUZTYmQyTjF6S1RZTlByX0s4NGN1Rm05UW1zT2x5WHY3VWlZVmY?hl=en-US&gl=US&ceid=US%3Aen,The Wall Street Journal,6 hours ago,📺 Wall Street Journal,https://news.google.com/api/attachments/CC8iJ0NnNURZVk5OWkc1eFQybEphREl4VFJERUF4aW5CU2dLTWdNcElBRQ=-w200-h112-p-df-rw,2025-09-08T18:40:05.871134
EU Weighs New Sanctions on Russia to Hit Banks and Oil Trade,https://news.google.com/read/CBMisAFBVV95cUxOaW5yQy1ONTVIREozbUJiZEdmVXE2ZHBnMEptRVhPSUZfOFZKZ2NHN1NJY09DN0dvaGh4MFBSLWQ0eDJHd3dwLVRPdnA0eS1mcm1Ub3JRcXY3alQxMjZ5U0NvMV92MEVIeGFrNWtkdTFWUWlxeHBvTV90VjJYeU13SmRpZHgtZHh3aFJvNGplc20xTkpSVDZBZDdHZks0RGJtVjRDZUZWbE5nanlxMElLbQ?hl=en-US&gl=US&ceid=US%3Aen,Bloomberg.com,8 hours ago,📺 Bloomberg,https://news.google.com/api/attachments/CC8iJ0NnNU9OWGM0V2tSNlZXMW1hWFl4VFJESEF4aWpCU2dLTWdNQklBdw=-w200-h112-p-df-rw,2025-09-08T18:40:05.871138
Israel Says Five Killed in Shooting Attack on Jerusalem Bus,https://news.google.com/read/CBMirwFBVV95cUxONEd3QjRocUlCT2ZGWXlLbG1mdTBMWmI3VzExbkRxMFd1eWpVdVVsaEZNS0lhNG0ySlZhbW1GNE4zRFdoRHhhWEhLaFBkN3p0NDJZaDFXMEZ1OWpPR0d5TDRrMzR3OGpvNHF0WUw4WEhrUGJvMUxncTBhYTR1TjVBVmludjFDYm9zTkVKaGtsTnozQWxNMzV4QzNSckx5NV9yd2ZfUDAyQ1lSYjRHa1Bn?hl=en-US&gl=US&ceid=US%3Aen,Bloomberg.com,7 hours ago,📺 Bloomberg,https://news.google.com/api/attachments/CC8iI0NnNXJTRFZqWWsxRFVqVTNTSEZOVFJERUF4aW1CU2dLTWdB=-w200-h112-p-df-rw,2025-09-08T18:40:05.871141
EasyJet Founder Adds Crypto Trading to His Cut-Price Empire,https://news.google.com/read/CBMisgFBVV95cUxNSHFXZGJsakxVQUxneEVFamVJbWVYblM2R2hhVDFwbE56TkwxckNvWU1QTkZvTGJiTEdhcDVtYVJlSk80TUJnNHBkTEFMbzZQblprc3VyZ2Q3bDhYUnFWNDJKNVE2LU1hWVNKSkRTbXpRNnhZMDN6VnZ2R0VKVnpJSU4tTS1TZHllT2d2TEtIZGZXQWFnWnV2eWRueTNSOVFodjBITUtLNUg4MGJsX1R4MnVR?hl=en-US&gl=US&ceid=US%3Aen,Bloomberg.com,13 hours ago,📺 Bloomberg,https://news.google.com/api/attachments/CC8iK0NnNTROazVyZUZNemJVVmZhV05sVFJERUF4aW5CU2dLTWdhSk01eXZwUWc=-w200-h112-p-df-rw,2025-09-08T18:40:05.871144
When Will Trump Get Tough on Putin? Maybe Never,https://news.google.com/read/CBMirwFBVV95cUxOc3dfV1Uyc1ZrSl9OMlh6WFQ1b2JWV18tOVI1eTM0MXY5dDl3dVEzZllLODc5ZHhHRWFFVnFVZnY4RkFSUlVGbXZlQkhwSU1UaTRYRVNNY3lvM3FhR0dxcWRoTVFRdk4ySWVadzIwZm9rdTNTem1oVXpkSlF0UU14SVVuZDV1MHdJbC1uaG9WQWFYYTZnQUNab2VZMHhSRk9xX3FybG4wQlVGSmh5Qmsw?hl=en-US&gl=US&ceid=US%3Aen,Bloomberg.com,15 hours ago,📺 Bloomberg,https://news.google.com/api/attachments/CC8iK0NnNDVTRWhQWmpWcWRGcHVZa1pzVFJERUF4aW1CU2dLTWdZcEJKS1BDUXM=-w200-h112-p-df-rw,2025-09-08T18:40:05.871147
China Is Cranking Up Its LNG Trade With Russia in Test For Trump,https://news.google.com/read/CBMitgFBVV95cUxQQ0Fja21saTNRMEh1NG0wMUN0Nm51Xzc0cHEzLXRWaUtNbHJLTUVlU3VGWG5oTFhKMkZXcFRjU09EdkhSOXpjcG95QmJ4VlNRdTdNdFF6NnJSZlVhcWtPYW9YUkpYQlQ1cjBVU2NlRC1NTHYxa3k2NVFhcUdYSjN0TEJKS1p3QjVCZTNoNDRXVmNKRkRPbjVxcmNzbV9pUjdxcG45S2tqWEpManBhYTVGQWpjWVlvUQ?hl=en-US&gl=US&ceid=US%3Aen,Bloomberg.com,14 hours ago,📺 Bloomberg,https://news.google.com/api/attachments/CC8iJ0NnNXdhV1JJTVV4TFlYTnZSR2MyVFJERUF4aW1CU2dLTWdNUm9BWQ=-w200-h112-p-df-rw,2025-09-08T18:40:05.871150
Wait for Stablecoins to Whip Up US-China Rivalry,https://news.google.com/read/CBMitAFBVV95cUxPaU5hYlFtczExamtRQTI4cTZJM2MxR2pPVllzdnRmalVzZWo1RTdNMm1jQ280MUpCWi1TbWdGSDJzQkVnOThrWHhLZ2ljTmJTbWM0OEtzWkFQMy1JUTNLQ3FTeDF4X0JCaWVVaXdFb3VXQmJBeFQxOGxselRrM3EtbFROZXlNNXZ1MzFzampoRXlSbG5XT0dMZDdraFNUUkd3TlJjZjFWdjZhaXhrUHlfZ0RQaWo?hl=en-US&gl=US&ceid=US%3Aen,Bloomberg.com,23 hours ago,📺 Bloomberg,https://news.google.com/api/attachments/CC8iK0NnNUhUemxhYURsU1Z6SkRUazFJVFJERUF4aW1CU2dLTWdhQlFZb2pMd2c=-w200-h112-p-df-rw,2025-09-08T18:40:05.871153
China Is Using the Pacific Islands to Squeeze Out Taiwan,https://news.google.com/read/CBMirwFBVV95cUxNX0VYWE02dXl5bHpnOUxtNmUyTHg0UG11M0hVMFYyUy1WMDR0elprQWVoVlF1Z0xLLTJaMFV4NGNqOUhhblRjLXFNcW00eE1JbFpjbDZpSk0tUGF3SjBJeWtoa25TdzZlVU11Q3FmOHRVeFF3TnZlTlgwbm1mbWZWYlltQUJPTm4wLTFkV05RX2pWX1ZzYlM3bzlhU09lTzF3SklzNFZ3ck5oTXJxVmpr?hl=en-US&gl=US&ceid=US%3Aen,Bloomberg.com,22 hours ago,📺 Bloomberg,https://news.google.com/api/attachments/CC8iK0NnNW9jbU5aT1RFNE9VeHRSSFZJVFJERUF4aW1CU2dLTWdZcFpJS1BwUVk=-w200-h112-p-df-rw,2025-09-08T18:40:05.871156
China Puts First Sanctions on Japan Lawmaker Over Criticism,https://news.google.com/read/CBMitgFBVV95cUxPT3dzZ0pScGUwYWxvYnRpblBmR3Bsc1VhZzJWQW9hVF9YdTh1SUhGdmlSSENmNGtPQnR5N1RMRUF3X3dlWVFvZDRVSkFHSnFoeVJNVHRZellteHZDWXhHelhDLUxKbkUyd3VjNXNQWWxSbXJLZHE1Y2x0QWxvWmpiNm1uNHdXWUFoZnpnSmx5eTNyTUlFb01EYlBzNXY1a2RJNm5MXzlreWFWUldKQ0xMTWtYbHF4UQ?hl=en-US&gl=US&ceid=US%3Aen,Bloomberg.com,9 hours ago,📺 Bloomberg,https://news.google.com/api/attachments/CC8iMkNnNWlXbEYzTlhwR1FsUnNOR3BpVFJERUF4aW1CU2dLTWdzQkFJaDJpR3FwcERyd0hR=-w200-h112-p-df-rw,2025-09-08T18:40:05.871159
"Ben Hudson, Bae Systems PLC: Profile and Biography",https://news.google.com/read/CBMiXkFVX3lxTE1oUTlXR3JaSVNWZWt6QllxWE8zYjlLX2Nod1lyd0ZRQUREZjRoSTdyekpSVk9ENzVNTWRtR0lCRm50ektFVi1vZ0pUVVhuSVM3NGRWajgxWmg4cnh1Vmc?hl=en-US&gl=US&ceid=US%3Aen,Bloomberg.com,"May 23, 2019",📺 Bloomberg,"https://encrypted-tbn1.gstatic.com/faviconV2?url=https://www.bloomberg.com&client=NEWS_360&size=96&type=FAVICON&fallback_opts=TYPE,SIZE,URL",2025-09-08T18:40:05.871162
Milei’s Surge Checked in Argentine Ballot Blow,https://news.google.com/read/CBMiogFBVV95cUxOMG0xQ3BBQW5seFpBUnpZZGhQRlIzZ3YxbzNiYWJLdWhqekdycjJFR3NvWEtzaXdFejNVN2ItbWVlWlJaX2hBNVRndDdSYjRQQkotVjBYVDRYWGNKU3V1ZGl2bGM5djAyVjdra3NsUXEybWtvV01PUEtnU01pSW5pckx6MmhRbVluMjl3cWpWU182UmNpQzJ0dWNRdWE4Rk1wWFE?hl=en-US&gl=US&ceid=US%3Aen,Bloomberg.com,1 hour ago,📺 Bloomberg,https://news.google.com/api/attachments/CC8iL0NnNWZkWG93VVZoVGNsVmpRWFY0VFJERUF4aW1CU2dLTWdrQmdZNW1RdVpMREFJ=-w200-h112-p-df-rw,2025-09-08T18:40:05.871165
More than 10 European startups became unicorns this year,https://news.google.com/read/CBMilgFBVV95cUxNRW12YkI2YlpveDNvSkZpNEc1b3RiandZUlU3V0RGOFNrRVVEZFFNcktFVlVhM1JEc1VGZkxjbjAwdFhsWWNKLWNMWmVqWmhfRnhEcnE2Y0tLbUpfZmdZUnRfR1FaUDdUbjZULTIwQ1pzY1B2Q1dnaXBsb2FIMk43cWI5NllMSU1vZUIwc21NWHV5VkdEaUE?hl=en-US&gl=US&ceid=US%3Aen,TechCrunch,7 hours ago,💻 TechCrunch,https://news.google.com/api/attachments/CC8iK0NnNHpXRzlGYW1Sd2RVdFBOSEZrVFJDbUJCaXVCQ2dLTWdhZFVJd01MUVU=-w200-h112-p-df-rw,2025-09-08T18:40:05.871168
Google admits the open web is in ‘rapid decline’,https://news.google.com/read/CBMidEFVX3lxTE8yQ2dRRGRjSzNjOTQ5RW84ak9qbGlIV1FneE41MHZVdEY5Tm5ZUW0tUWlWV0VtOUxuLWxTTkZZRXJZdEZRR2w2LWdoY0FsaXJtdnhCTUVqQUNERkdrYVhRengtSFlqWEJYdl81WllqMkxkcTVx?hl=en-US&gl=US&ceid=US%3Aen,The Verge,1 hour ago,💻 The Verge,https://news.google.com/api/attachments/CC8iK0NnNWhUVlJZVVZCTFdVcGlVbkJ4VFJERUF4aW1CU2dLTWdZWms1Skt1UVk=-w200-h112-p-df-rw,2025-09-08T18:40:05.871171
The influencer in this Vodafone ad isn’t real,https://news.google.com/read/CBMihgFBVV95cUxPQUt3b1ozaVJYVEduZ3lPb3NvWkhQZERxYVJqdWwtamVhQ2l4OHl3aTlpTEVoV2dQaTBFNTl6bVhjQnFxZ3BOc3FYOTFkelp5V0ZIWjhlWUdRZ2RqMnZiZGVkaElsWUpfZ0tiNHhQOEhuak5xZWprR09GNVJWakdZclZ6TDc2UQ?hl=en-US&gl=US&ceid=US%3Aen,The Verge,8 hours ago,💻 The Verge,https://news.google.com/api/attachments/CC8iL0NnNDNZWFUzTTNnMU4waExhRlp3VFJERUF4aW1CU2dLTWdrTlFaekdJdWsxWndJ=-w200-h112-p-df-rw,2025-09-08T18:40:05.871174
Sal Khan is hopeful that AI won’t destroy education,https://news.google.com/read/CBMi0gFBVV95cUxObFhWaGEwajRJdC1jSV9iNldjVjNYQmdxR1I3WlVXMGRlZVpGS0F2Nk5BNHYtdW9nbHBkS2JfQmJicXhFSWM1T1NiaTc3eEJSeXJyRF9HNnB5UzdocVVaUVZ6T09iZlhsWFVRWURjczhLaC1FWDRCVEFIWGlmNWxZOUpLa3VMd2d5RnVTUFJLY0Y4V09vZy1RRS0tRlJQTk9nRkhRS21aNDl1YVJ5T2M3eHlpc2liQ0loSnZJQk40azFhbk5JbUtuUTktRHN3VWphS3c?hl=en-US&gl=US&ceid=US%3Aen,The Verge,4 hours ago,💻 The Verge,https://news.google.com/api/attachments/CC8iI0NnNVZjRVpJT1dKekxYTjRNR05TVFJDc0JCaW5CQ2dLTWdB=-w200-h112-p-df-rw,2025-09-08T18:40:05.871177
The iPhone 17’s potential makeover might be just enough,https://news.google.com/read/CBMilwFBVV95cUxQdTRZWVF3eGhEQi1vSmVTSER1WkxTQWNKSnc2ZGlVX0t3Y3R6RnpyU1hJNmFJcmx3RXh5ekczRFoyNG9pYmdsXy10cUNEdjNIRFJTVGQwbFhpY3Z6dThKZEZEMGNrcUdiYUdVTTdXbmlLWndfV3oxa0s3ZlZaTXg4QUw3eFpGbjlodEgwYklzdmdnWXZlbTE4?hl=en-US&gl=US&ceid=US%3Aen,The Verge,5 hours ago,💻 The Verge,https://news.google.com/api/attachments/CC8iK0NnNUVZVTFQWm5wb2IyazJWM2hGVFJER0F4aWpCU2dLTWdhdGhZck90UVk=-w200-h112-p-df-rw,2025-09-08T18:40:05.871180
Google finally details Gemini usage limits,https://news.google.com/read/CBMicEFVX3lxTE5ZRUp1TzZwOXNLTURUMVJnUE5ia0s0S3hjbU9udGVPUXR3aHFtVmVfSTBFUmQtcVVMSjFfbG9CZF9Sb1VoSzBLcm52OVdqMEd5WjFrNWY0a0FmWDkyZUY4Zmo5VDNBVVcxR2VPdXhYYzM?hl=en-US&gl=US&ceid=US%3Aen,The Verge,22 hours ago,💻 The Verge,https://news.google.com/api/attachments/CC8iK0NnNDBWMVZYWlY5SWQxaEdNV0p6VFJERUF4aW1CU2dLTWdZTk1Zd0l0UVU=-w200-h112-p-df-rw,2025-09-08T18:40:05.871183
Ford introduces F-150 Lightning STX to replace XLT trim,https://news.google.com/read/CBMijAFBVV95cUxPd3h5M0p4YWdHVlhieGUyQldQdXp6elp1ZEJhVEZNRE5VNWJRVHFsY0lHVEVIUmhDeHpMMmNwYUxHMFEwaWFxNkFMMUszVTNZZU9ERHF4UzQtbW1DUWNuc3JPSFBRd1lUT1pkM3ZFTHZDQ2tveUV5X2JNTmdmb2lpU2tZV09JeU1yWDI1eA?hl=en-US&gl=US&ceid=US%3Aen,The Verge,8 hours ago,💻 The Verge,https://news.google.com/api/attachments/CC8iI0NnNW9kVlJTUmxKVGJYTXphbmhNVFJEQkF4aXJCU2dLTWdB=-w200-h112-p-df-rw,2025-09-08T18:40:05.871186
College Football 26 is $20 off in time for the 2025 season,https://news.google.com/read/CBMijgFBVV95cUxQSHZrcHVWWVZQN01nZnVyV3FtdnNlazlfdlc5VDhXWEczNjJ5bllYTkZjUE1Cd0Q0VnREQ0hsQ1N2S3BBMXVUdlF6a00xWVkyMF9ZcmNKcVBJd2hBVVFTUXNHa2JzZ0dUTVZSZ2RWZnlTQ3BYcGg1SDJ0NW5tM213YjF6eWtnOWwyeHpnMGdn?hl=en-US&gl=US&ceid=US%3Aen,The Verge,3 hours ago,💻 The Verge,https://news.google.com/api/attachments/CC8iI0NnNTZlVTVrZG0xaFNVdG9NMlpEVFJDdEJCaW5CQ2dLTWdB=-w200-h112-p-df-rw,2025-09-08T18:40:05.871189
Arco is stunning sci-fi with shades of Moebius and Miyazaki,https://news.google.com/read/CBMiswFBVV95cUxOcmEzYjdpRGZyM21Bek0tdFhocTAtNlc4bkZSbUVrNlFFUlEteFFxbmg2V0x1c3pFSXRSQXd4QkdVQjBwUjlKYUdUSURHWVJQM0JPTDg2VWNoZ00xT09GTDlwbWZiTzJFeW80UlBqeFdibnAtMndYcGdQUFZKd25oT2lnSF82ZUc3YUpJc3RUblFDVVpmSFNRZFhGWTRZUWN2WXNrY0xWVDNpeTJKTENVc2ZmVQ?hl=en-US&gl=US&ceid=US%3Aen,The Verge,4 hours ago,💻 The Verge,https://news.google.com/api/attachments/CC8iI0NnNUxNbVZMUmpWNGRVcDVaMkpPVFJERkF4aWtCU2dLTWdB=-w200-h112-p-df-rw,2025-09-08T18:40:05.871192
The best stuff announced at IFA,https://news.google.com/read/CBMiowFBVV95cUxPUEU0aG9IcVBwVXR2cHh0eTFxcnk4ZFNPMTU2eU9qckZJd1NTWEs5emhYcl9majd1dHNkb1FidHBDUUJUaUVteklGYUR1ZW0wd2FmZ3YzSWV4VV9XcVhyb2hqNG9EOVlPWWU1SV8xUWJDbWpDYXBUam9nMHJ1aXA5NnQ3ZS1IMHpob3BMSHM3UU05THkwM0dmVGRHOUJ2aXpvSFZn?hl=en-US&gl=US&ceid=US%3Aen,The Verge,1 hour ago,💻 The Verge,https://news.google.com/api/attachments/CC8iK0NnNHRSbVF4VkVoTlJreFZSRk5ZVFJDdEJCaW5CQ2dLTWdhbGM0cU9xUVU=-w200-h112-p-df-rw,2025-09-08T18:40:05.871195
Live Photos are coming to WhatsApp.,https://news.google.com/read/CBMie0FVX3lxTFBsWlFMS1E2WXBidmNkUlpXZVdLQUhQS2h1N2VVUVdjY0xsQWRiNS1nU1UyNHQzbHJUVUZKckRQZTRVTE9Jd0ctM2h3N2hpNEFqWlI5UXJxN2YwdUdnZzFIMTR0YkN4QzVraFE5MFlxYllIQ0pMcFlwdFVzZw?hl=en-US&gl=US&ceid=US%3Aen,The Verge,11 hours ago,💻 The Verge,https://news.google.com/api/attachments/CC8iL0NnNXZXVWRNVm1RelVGcHdlVkZvVFJETEF4aWNCU2dLTWdtRlVJcVd0Q1hCVUFF=-w200-h112-p-df-rw,2025-09-08T18:40:05.871198
U.S. Government,https://news.google.com/read/CBMiSEFVX3lxTE5LeG8yM0xRTmVqbDdIY3FyQVlnSFVKdUZvZDUzQkZCMGYwQUVBd0JTMS1acTBwcDRIbnItYXZxR1Q1SDQzaWpuXw?hl=en-US&gl=US&ceid=US%3Aen,DroneXL.co,"Jan 14, 2022",🚁 DroneXL,https://news.google.com/api/attachments/CC8iL0NnNTJXRFJ0WVcxM1dtUjNaVUpEVFJDZkF4ampCU2dLTWdrRk1JcVdRT1dScXdF=-w200-h112-p-df-rw,2025-09-08T18:40:05.871201
DARPA Backs Albatross-Inspired Drone To Extend Flight Range,https://news.google.com/read/CBMifEFVX3lxTE9kSURMdWV1ODBNcXpjWG1oeGtXWUxLN1VpV3JzMjFfWTBhN0M1LW9jN1ZqNVBDZEJRX2pYdDg0XzdmNWVpNGVkUDA1cXlmUFR2QldKdXFyQUFSZ0gwYXlTejBPajMwWks4NUpXbEZuVXhyT0NoQ2hzd3RGN0o?hl=en-US&gl=US&ceid=US%3Aen,DroneXL.co,3 hours ago,🚁 DroneXL,https://news.google.com/api/attachments/CC8iK0NnNTRhWEJhYkdkcldtOW1ZekpWVFJDZkF4amlCU2dLTWdhQlU0NnVNUWM=-w200-h112-p-df-rw,2025-09-08T18:40:05.871204
Drone Technology,https://news.google.com/read/CBMiTEFVX3lxTE84aDI3b0lvNlJEWGQ1X25fcFd1Y0REX0Q4eGItUDY4dHpQVFFIZ1R1Rlo3eVRtZ3o4T0tLSS0tSE5HaXVWTUFneHprSVo?hl=en-US&gl=US&ceid=US%3Aen,DroneXL.co,"Jan 20, 2022",🚁 DroneXL,https://news.google.com/api/attachments/CC8iL0NnNXJaaTB4TVRZMldITnNXVFUyVFJDb0FSaXNBaWdCTWdtQkVZcmxGYXcxQ1FJ=-w200-h112-p-df-rw,2025-09-08T18:40:05.871207
Search And Rescue,https://news.google.com/read/CBMiZEFVX3lxTE9EdHhMVlJIZHB1dzk1ckpXb0RYOWxKdC01eHJQZVRrRVJQNlZ3MV9ocE5zZHlhZms3TFBZYUJmZUtwSk9aQWowX0Q3RXFZY01XTFU0N3JlYnczRjJ4VXN0a3FvbzA?hl=en-US&gl=US&ceid=US%3Aen,DroneXL.co,"Jan 14, 2022",🚁 DroneXL,https://news.google.com/api/attachments/CC8iK0NnNVNTMFpTYUZOdFRpMURURVpwVFJDVEF4ajRCU2dLTWdZaEFKWXNzUWM=-w200-h112-p-df-rw,2025-09-08T18:40:05.871209
First Responders,https://news.google.com/read/CBMiTEFVX3lxTFBySnNURFhUejBFZC1VTDBPUFNzZ0lKcnlQZk9jdXhwQnEteDhkLXhRQ2QyY0VUQkF0Z2taTlVxc29mdGkxT0c0c0d1OUY?hl=en-US&gl=US&ceid=US%3Aen,DroneXL.co,"Jan 14, 2022",🚁 DroneXL,https://news.google.com/api/attachments/CC8iK0NnNVNTMFpTYUZOdFRpMURURVpwVFJDVEF4ajRCU2dLTWdZaEFKWXNzUWM=-w200-h112-p-df-rw,2025-09-08T18:40:05.871212
"LIVE BLOG: 11 Israelis Killed in Jerusalem, Jabaliya as Israel Continues Gaza Massacres - Day 703",https://news.google.com/read/CBMiuAFBVV95cUxNbWRDQmhPV290WlJKM2pHa1NjSEMzb1kza0hHT2dhYlZ1eXVlaVVkNEdRemNhYTVsYVFFYjZKUGVTc0QwdEtzdkZrUjE1SGF6TGw2ZS1KXzV0S1VOa0hoRnZTcXd2ei1oUEJIWXMwMHpITU1STzI3Tjlsd1pYNmIyYzRxaHl5TkZoV3RjbzMtVzFSR3pKQkJlanlhczRGcDVUSHZMUUhCOXNPWngxeVRwcVJYbnhYOG5W?hl=en-US&gl=US&ceid=US%3Aen,Palestine Chronicle,3 hours ago,🇵🇸 Gaza Drones,https://news.google.com/api/attachments/CC8iK0NnNXpjV1IyY2xSTmNHYzFRbk56VFJER0F4aWtCU2dLTWdhSnNvSnZ4UVE=-w200-h112-p-df-rw,2025-09-08T18:40:05.871215
Israel airport reopens after getting hit by Houthi drone,https://news.google.com/read/CBMiggFBVV95cUxPeVNNdE5GTEVlbVVrNmhOMTdSYmZlbEktMHU0QVdJdFFfaWxxcWVaRHV1bVppeEpScV9uOU85RVNGOXdiMW1mRVFfRmxVd0NIVmpZdHJsQXRLbnVMRHVpb3FvUFRIY2RQU0ZLNjdKbTNDQnBKdTR6YVJDc05iTnNObzVn?hl=en-US&gl=US&ceid=US%3Aen,Straight Arrow News,18 hours ago,🇵🇸 Gaza Drones,https://news.google.com/api/attachments/CC8iK0NnNXpkekJPY2s1dlptbFJjbk4wVFJDZkF4ampCU2dLTWdhRk1vR0czZ0U=-w200-h112-p-df-rw,2025-09-08T18:40:05.871218
"Houthi Drone Strikes Israeli Airport In Rare Hit, As IDF Escalates Gaza City Attacks",https://news.google.com/read/CBMi2AFBVV95cUxOYW5jTHlILUEzSzhZcmxCakl0VDJUb0haUno2c0RyRnltWS1zQkR1TWJVX1M0b1FESU5uY2xNVzlqNFl3WXJ3alplOERNVm5VZWdFNGw2d0I4NjJCU3BfNVJ5eFlyeThhU2xLVE9RY3B0OUh0Y0dDOFlFUGNLM1pqd1BUa0hOMnliaUZ3NWpyRWktZ2NsXzhOUXBiM01mXzBWUHVlcDZRM2FWdFJNckthVTFyVlBaNXJfNVJ3SF9IQURhVDNSM2pKX1A0elBiMk16bG92TlkydHTSAbcBQVVfeXFMTWdTTU90enJTVzlTQXJCdnBFUnNTVktJemZoMUhvLWxITUJST3B1ckhCa0pKWWE4X1JmODVUckdOMm5VMVFxSV9mRHZma2JneVZyMm8tZXM1OFYxcE9zRzU4NGpDSU9Ea1hsV3d0TFF1cXdReHdySFpNNGNRY0I0QV91a01tcDduX1lSZHVoUHl6U01rUUJzQ0Q2bURSRUFobjQweUhKU1ZjUWlnVHRheS0wRmJ2dFBF?hl=en-US&gl=US&ceid=US%3Aen,HuffPost,19 hours ago,🇵🇸 Gaza Drones,https://news.google.com/api/attachments/CC8iK0NnNWhaRVpSU1dRNFYwVlBkak5FVFJDZkF4ampCU2dLTWdZRm9ZZ1BQUVE=-w200-h112-p-df-rw,2025-09-08T18:40:05.871221
Live Updates: Trump says Gaza deal coming very soon,https://news.google.com/read/CBMigwFBVV95cUxNVjJsaFhoT2ljZVBJckU3RFA1WlpJeDZUX2o1b3NYWHFqb0ViZGRSSHVkVXlaaElrMlpYamV2QlpESlUxWl9uanpMRXlDY0RVMWRCLTMtN1lZNGIyMWpPY1ZZYmpCY0NzVWtRZlBpT1NBQ3lZNlRldnEzdUo3WGRjWDUxWQ?hl=en-US&gl=US&ceid=US%3Aen,The Jerusalem Post,18 hours ago,🇸🇾 Syria Drones,"https://encrypted-tbn2.gstatic.com/faviconV2?url=https://www.jpost.com&client=NEWS_360&size=96&type=FAVICON&fallback_opts=TYPE,SIZE,URL",2025-09-08T18:40:05.871224
"Three Palestinians from East Jerusalem arrested on suspicion of joining ISIS, plotting to attack security forces",https://news.google.com/read/CBMinANBVV95cUxNZm5EWDYzUUhDUlJ5WkxlQVNYZmFZS1FvV1c5UEpZMDZZTE01NUNJcWhlSWtENWxOZHhjZWtMOGE1dU9kUDVCLWR1cWZ6aFdXb25zT0hBdlFvaGRZLVF4Ny1oY3d0OFVzc3ExdmJTNkNWWFh0Z3FyU1Z4bG1ITHVjdVp2aC1TUUpQVkFMcmNwdlpZMng1ZC00SmhqWWhCdXVLTDJHQ0tEeWxLc3k1cnI3TDRJTy12dXhpNC1qczhoZm42M1FQOUVGZUpUcVlWbjJ6N1lYZXBncGdmLVJWMnRINjhIRERPcTZUbTFhdXQzQ3JNZjRJWjRSb3Yya3R5ZXl1NmR2UFViTFdtLVY2SlZZYjBMSmt0WDlpN0RETERwM1NCRGVJemZOeXNiXzlVUWJWTk9Xd2tLZzI3T1lnTVhDVk1BWTZ2YkZ0Z3RDREVqTEtQU244Rl9aLWU2bDluc0c5NTVBRUwxclJJcUxPUl9xU2xUTDd6eWN3dFFUYXQydHAxdFhRQ1NVV0h2WFpRdkJBYW9DLTA5WVlzeG9E?hl=en-US&gl=US&ceid=US%3Aen,MSN,5 hours ago,🇸🇾 Syria Drones,"https://encrypted-tbn2.gstatic.com/faviconV2?url=http://www.msn.com&client=NEWS_360&size=96&type=FAVICON&fallback_opts=TYPE,SIZE,URL",2025-09-08T18:40:05.871227
DEVELOPING | Israel defence minister warns Hamas to surrender or be ‘annihilated’,https://news.google.com/read/CBMiqwFBVV95cUxQTkZMQjZXcUpvcVh0QXlSTmYwQXFRNTFTeU9HMmVKLUxwb2N0dXp4bVFuSTJ6Yzl0c3haUmVlTW1yQ3oyek5uak9yUEJVNkJXR1ZQLV84dUhWcWVCajJHV2tCYTFENER0TTN2QjhiaDNlbWIzeEk4M2R1RDk1U3BZWUpjVG5xeVdXd2s0WDBpNllaWTZkMllXNWNSZmdhZjl4TWVpYmRCSU5PMGc?hl=en-US&gl=US&ceid=US%3Aen,News24,4 hours ago,🇸🇾 Syria Drones,https://news.google.com/api/attachments/CC8iK0NnNTBTRk5XT1VsTVZUTmhhRjlmVFJEZ0F4aUFCU2dLTWdZQlFaTEZJQWc=-w200-h112-p-df-rw,2025-09-08T18:40:05.871230
Somalia faces rising threat from foreign jihadist contractors linked to Houthis,https://news.google.com/read/CBMiywFBVV95cUxPMDJaQmhWbktsZFVnbDc3ZlJuTFdfd09OWE4tNWh4VXhBTUUwaDRjYlp3cTdydFU5TVVPeUhGMl9wUENlMXMweUFJWTc3UnhDWDBld0ZhUWdyandlakJJaDktSTZiUWRZTHFUbFRnV1RWZ3Frbm9GRjlhemxiX1ZnMXRCeHJUMlRscVpkd0Z1MDBGQjZ4bHJRNUQ5ckRjRjh5Ymc3YWUyWnJWZk9EY3h0QWY0VXNuSk41aks1TWgwbThTZ0JodF82Y1NFMA?hl=en-US&gl=US&ceid=US%3Aen,Hiiraan,23 hours ago,🇸🇾 Syria Drones,https://news.google.com/api/attachments/CC8iL0NnNWZVV2huVkRKSFFtMHROVzFMVFJEdUFoaVVCU2dLTWdrRlFJd3VKV2U1U0FJ=-w200-h112-p-df-rw,2025-09-08T18:40:05.871233
Drone Attack Claims Civilian’s Life in Northern Syria,https://news.google.com/read/CBMiigFBVV95cUxNNjN6RTNDYm5CSWhROGVsM0dRZFhhbEd0T0JhdGZRaEdURmp6QzNRYlBfWU9GMTJUbzhqd095d0JwaS1BNjJEYVYycFdrRkQ4N3ZfX3ZCUUFKUDZHdG13UGk2Q1VzQk9uMngzWGUxZTdraFJHTEFKaUF2OHZnWmdBRUwxbHhsNk5sSGc?hl=en-US&gl=US&ceid=US%3Aen,Menafn.com,9 hours ago,🇸🇾 Syria Drones,"https://encrypted-tbn2.gstatic.com/faviconV2?url=https://menafn.com&client=NEWS_360&size=96&type=FAVICON&fallback_opts=TYPE,SIZE,URL",2025-09-08T18:40:05.871236
"China-Taiwan Weekly Update, September 8, 2025",https://news.google.com/read/CBMimwFBVV95cUxNZm9RSUhjWWlBcmhxR2VqNkRaRkNfUDB1X1pnYUZ1OVVXS2lXendraHpvVW5MWWZ5T1QwcE5aUW1paXpJeWtmaDdPYXNVUmhRMlkzZDR5YW01SWdZVkJTZWt2cnBORDVHZmh0ekt4bW5VNUxMNUt1WnBtVGxuY2ZrNVhYNlVuMHJuMlBPd01xbHltcGlaQ056LUlxZw?hl=en-US&gl=US&ceid=US%3Aen,Institute for the Study of War,44 minutes ago,🇹🇼 Taiwan Drones,https://news.google.com/api/attachments/CC8iK0NnNUpUV1I1Y0ZWbVpsbGFSakZNVFJES0F4aWRCU2dLTWdZZEJJcUxPUVU=-w200-h112-p-df-rw,2025-09-08T18:40:05.871239
The Dragon’s Gallipoli and the Hong Kong Lesson,https://news.google.com/read/CBMikAFBVV95cUxNTWpKNTdLSmhmZUdrcG14NnE5UFUwRDQzM0U1cVZ3Q3lUdUdBOF9lRHFHVTZkZ3ZrOWtfUVJyNWJNVFJpLWlZTExZQTk5Uzd5MW02VWdRTHNRSVZVYkppQUpSVlFfV2xIZ3VWUVJUbF9BeXIxTFJiUEhjbGtZSHBJSWhSVktBZGtvSS1XQ0psT1o?hl=en-US&gl=US&ceid=US%3Aen,Small Wars Journal,12 hours ago,🇹🇼 Taiwan Drones,https://news.google.com/api/attachments/CC8iK0NnNXVSMUpoY2s5SlkyeG9ObnA1VFJDZkF4amlCU2dLTWdZNWtZYTF1QVE=-w200-h112-p-df-rw,2025-09-08T18:40:05.871243
Exclusive: Attending V-Day events is an expression of mourning for martyrs: retired lieutenant commander from Taiwan island,https://news.google.com/read/CBMiYkFVX3lxTE9EYVh6UVZLYkNhM2QzOVZjTzFrX0lmRnZWUS1FRG1lZHhNUnFUZTYtU09DZUc2WEVLelZueEp1VTN0ZWl2cU91U2h4dVZsM1NEVm55a0JkLUhJTm1YMC1BT2R3?hl=en-US&gl=US&ceid=US%3Aen,Global Times,3 hours ago,🇹🇼 Taiwan Drones,https://news.google.com/api/attachments/CC8iK0NnNVRka2hrWmtsNGEwTmFjMVJqVFJDcUJCaXFCQ2dLTWdhbFpKU3RLUWM=-w200-h112-p-df-rw,2025-09-08T18:40:05.871246
BM-35 Review: ANew Russian Kamikaze Drone With Foreign Components,https://news.google.com/read/CBMinAFBVV95cUxPTS1zaElSc1pyYmdkZHdscU10YnAxaVBoTTB3LUVHSEM5Mmt6MUZSU0YxenF1aHZpNW5mU19tQkV5S2xRUVBOcXhyUjA0Z05rQ2pkZXp4SndrR0p6V2F0MlF5NWg4NmhyOVpGUE0ydGtXbTdmZnFtSHM1dEpnUjg1M2w0eVZLb3dCTnBrMDlOUGtnT3lsM2VKRTJjalY?hl=en-US&gl=US&ceid=US%3Aen,Мілітарний,8 hours ago,🇹🇼 Taiwan Drones,https://news.google.com/api/attachments/CC8iL0NnNVFTRVl3WTNCcmJGSnBaVmRCVFJDVUF4ajNCU2dLTWdrQkFJcFBDYWN0TUFF=-w200-h112-p-df-rw,2025-09-08T18:40:05.871249
"Big worry for China! Taiwan developing most powerful weapon with support from US, may strike Beijing, Shangha",https://news.google.com/read/CBMitAJBVV95cUxQeUY2V2h2M1ZoclU3OG1yaUpfcHZLWEFrTnlJYTRJMmpFR3hvYlJlTXEyQ3I3ZnVvT3BGZUQ5TjhPbUhmOUlYMzFnUHI4ZUNsM1FwUjltOEwzX2tpM0NvamhRdE1nQTlrcGotaWg4NU5maTlWVDFKMG9yeGNBMUFGUjJwYy1fMFVwelpXY3lZdFJkU3lUeDlJSWVvX1BZN1hsYXhJME90SmFfWVpMaXZnVFU3aHhxeGpDWmo5a29Ebm1BR0dpSUxaOTdRZHNfSGJLU0VIZ3lHOW9QaXpwNmxQMlptTVctVGxzRXlZbUI2RTA0ZGlnc1VLb1J0RlV1WXcweDlya0NjN3ZMYndtWFFzaGtEc1VWRE0xR1VaeWRob040RGo3MTVSSTVkaHRZT1V5TE1jYdIBugJBVV95cUxQMlhGN1FRZ1NtcEJ3VldWTW5VT2lVeFgyeW5rRmRQSThqSXY4eVNCN3hrVXdXT3huM2d1bVNvMGM0aE5BQ1JJRjFJeVRzUmQwaTJSY0hldnlITlppQmMyNHdyVFowVDY2TWczZjF4RUR3N0pfTk1JV1YzejdxNUVCM0N5YXVqbVFuT0xVYmdQVUhfaDlPMnRTQjFpa2ZRTVY5OWVIcGx6ZmRIa1NRRHVOLXZhaXJZSGRtcE51bjFoV2czOUxnaGQxb2IzaDFzM3RTN016OWJQQmw1Y3lFVjBzb0NPQktTTG5NREdrYU1ydElWUEkxeHBmd2JiY3lRVThtVDVMR2FCMk9xVzhBQ0JCaGFSemlVWkV2U1dHX2x5eFo3V3BYSGNqNlIzZmM5MWV6ZllDRTUtUU55dw?hl=en-US&gl=US&ceid=US%3Aen,India.Com,17 hours ago,🇹🇼 Taiwan Drones,https://news.google.com/api/attachments/CC8iL0NnNXFPVFUyYVZoc2Rua3dPVWRrVFJERUF4aW1CU2dLTWdrZFlJN3lKS2h6amdF=-w200-h112-p-df-rw,2025-09-08T18:40:05.871252
Germany debuts at SEMICON Taiwan for stronger chip ties with Taipei,https://news.google.com/read/CBMiV0FVX3lxTFBSUTFtb1Q1anNaTGZNeVpsNmcxTHVlX0VtTF8yNDktY1RBZUtmYWZJZGRPX3U5dzlOeDhQaV9WTUtsWERZOVpDQUFjWEw1VGkxdWJublJVWQ?hl=en-US&gl=US&ceid=US%3Aen,Focus Taiwan,10 hours ago,🇹🇼 Taiwan Drones,https://news.google.com/api/attachments/CC8iK0NnNHdWbXByWkZsT1luVkxORkF5VFJEQ0FSaURBaWdCTWdZTkFJNEpNZ1k=-w200-h112-p-df-rw,2025-09-08T18:40:05.871255
Missed It? See The Blood Moon From Around The World,https://news.google.com/read/CBMilgFBVV95cUxPcXo0QURDUHN6WnhZLVBWbDNTU2JfN2t4YVptTlRqVmF2enh1QllXYVo3MXk4amVyYU8tU01hODNMbjhvMkkyWk81WFI5c3lFbHZJcXJRLXpacDdtRnBiRkNhNjdjQW9YcnlOblNTWHRfSG1wWDFtRU55aDVQMzhRQXNMNjVTcEZ5RzRkcmhaeXBHckVZV0E?hl=en-US&gl=US&ceid=US%3Aen,The Weather Channel,6 hours ago,🌍 Africa Drones,https://news.google.com/api/attachments/CC8iL0NnNVFSR1JsWTJwYVUxYzFaMDlxVFJDZkF4ampCU2dLTWdrWkFvb09qYXFhemdF=-w200-h112-p-df-rw,2025-09-08T18:40:05.871258
"Moroccan military officials met defence companies in Israel, says report",https://news.google.com/read/CBMipgFBVV95cUxQWUVqcDFBWTJ2XzJrYnhxcS1OblR0UTc2S3czc0pkOVhETkRSa1VhQWg0eUhKdUgyaEhuUHdsS2dmWENabjNZLWZkX3ljbmd3X1ZZd21fc1hRekJzb2xZUHB3Um1sQWNnX2hvVWdVV0lYZVFXUkpqWXQwSlVOZXJwUlJhUWtGOUo3M016TDhzbmEtS2J5alVIWmRlc2cxejNTYXBsamFR?hl=en-US&gl=US&ceid=US%3Aen,Middle East Eye,6 hours ago,🌍 Africa Drones,https://news.google.com/api/attachments/CC8iI0NnNVJUVFptYlcxYWRFRnROalpXVFJDZkF4ampCU2dLTWdB=-w200-h112-p-df-rw,2025-09-08T18:40:05.871261
"Russia plans to double missile production to 2,500 a year, incrasses drone output to 2,700 a month",https://news.google.com/read/CBMizgFBVV95cUxOWGVLQm0xS2w3MXJHdDRjLVo0WWpXVEdDNzM0Zkp4NTB0T0Ewd05PaC1YQnJuT1d2VHdkbkw0TjdLWV95SmhaMktkLU1LVGY2c1VpRmhlTmlZZngtajJoQzVZWHZJRkcyOHh0UlNfd3NmTUg0c1JJLVFlQmxSR0ZJYXI3LWNkelBENEkwbTJuY21FOWFTcDB0enM2OTliZWU0TmlRLWxIYTlSa0tMbG4wcVpmRlZkNHlPTnY2UFpHZUs5NFA5cmI2VWtTWG03Zw?hl=en-US&gl=US&ceid=US%3Aen,IntelliNews,10 hours ago,🌍 Africa Drones,https://news.google.com/api/attachments/CC8iJ0NnNDFXVFJ3V0hadmRGUm5OVFU0VFJDaEF4amdCU2dLTWdPQlFRQQ=-w200-h112-p-df-rw,2025-09-08T18:40:05.871263
The Platinum Belt in South Africa.. A Treasure of the Earth That Fuels Conflicts and Hopes,https://news.google.com/read/CBMiVkFVX3lxTFB0aTBJQXFrRkh0RzVkUjlNMmZUb1hnSnhBTHltbkY2Z09BclZ0dmlYdUFEUmVKNDZBeVFmV09BbkhOaW1DVDc4Q0IzcWVLMVI4ZFRPS2Rn?hl=en-US&gl=US&ceid=US%3Aen,وكالة صدى نيوز,10 hours ago,🌍 Africa Drones,https://news.google.com/api/attachments/CC8iJ0NnNWhUalo0Y0dZNWFsaEhPVGRrVFJERUF4aW5CU2dLTWdPQmNRZw=-w200-h112-p-df-rw,2025-09-08T18:40:05.871266
The geography of lies: Samir Amin and the assassination of Eurocentrism,https://news.google.com/read/CBMipgFBVV95cUxQXzM1dXFlY3NIbGFZRk5YUFFPQV94VkhibVNubmw2eGR0VFVJcGRIWldNSE1nd0ZCTWZjRzRWZnN6MUVUcFFfQ1I3QW81cndsdkNCcG9PVTJidUlQTkJnRFAyX0tfU2lVYXhoRmVRd3Z2NzdMYk9EUGZSNzM4dnhYZjdNWlI1RW9VRkthRWtJU0RPZWNVOXQ5UHFzeEU1THVGZGdmYWx3?hl=en-US&gl=US&ceid=US%3Aen,mronline.org,8 hours ago,🌍 Africa Drones,https://news.google.com/api/attachments/CC8iK0NnNVFSRzVuYkZOV0xUaEVVVWsxVFJEc0F4anZCQ2dLTWdZTllvd0lMZ1k=-w200-h112-p-df-rw,2025-09-08T18:40:05.871373
INVESTIGATION: Russia’s Alabuga Scandal in the Great Lakes: Caught in the Snow,https://news.google.com/read/CBMi4AFBVV95cUxOSXZybG1KQ3h4bFhlNVVfaThSMmt4RHAwX2hLMjdvNlJLSURiS1EyTVVFRFlGOXZMUXl3MjFJdTFUeUFEU1JPc2R5UFZNUjhMcFVGSGJmclJsZzRHWWkyb1hOUTN6dVFwRkdZQXpyZXNEbEVZZlhQU2padGJ4SmdLLWRxd3pMZ0haS1RwdzhKU19YaUt6dkFNRmdKd0VWNzc3d18xWEMxVGNER0k1Q01pTHVmVUdPWWlIQmRmbTc0MmVBTGR4bnIzazJOT2xTNVdUcXVlTlJoSC16RHB6Z2YySg?hl=en-US&gl=US&ceid=US%3Aen,Premium Times Nigeria,6 hours ago,🌍 Africa Drones,https://news.google.com/api/attachments/CC8iK0NnNHRUMVZUZWxreU1XNWZZalZoVFJEZ0F4aUFCU2dLTWdZUklJWnZsQWM=-w200-h112-p-df-rw,2025-09-08T18:40:05.871377
"Rwanda: Inside Rwanda's Bold Bet On Drones for Transport, Defence and Innovation",https://news.google.com/read/CBMiW0FVX3lxTE9fVzljNHZ4eUZfWFlJakxzaF9PYUFreXlMWGNRQlVwUjR3cHlnd1BRSzB6RWI5LXQtY0dsUEh5VTFXczR5Unc0SU1LV2pVYnF1NlBJQWpmdkpQdU0?hl=en-US&gl=US&ceid=US%3Aen,allAfrica.com,11 hours ago,🌍 Africa Drones,https://news.google.com/api/attachments/CC8iK0NnNTBNak5RVkdOb1JsSkdiakZRVFJDd0FSaWZBaWdCTWdZMVFKS3lvQWs=-w200-h112-p-df-rw,2025-09-08T18:40:05.871381
Drone intercepted near airport; sirens sound in Dimona,https://news.google.com/read/CBMimAFBVV95cUxNdlhDYTc2VlA1V01rM1BkLXFYNVJoajY1ckpmUDVNQ0NtTXhEd0ZHc01wMHIzeXk1WVlnRGttWm5vZVFhS3JSSVA1XzhadUt6VnhXU1FhUjExSXBhTzItYXVPd21OdGM0MDdtVk9FWS1lMGZVWnlaVllMSG8xVmZ2TEJyZ3FwVDNzbnF6NVJnWDdqaGtMVmY5bg?hl=en-US&gl=US&ceid=US%3Aen,www.israelhayom.com,6 hours ago,⚠️ Drone Incidents,https://news.google.com/api/attachments/CC8iK0NnNUdOemxCUWxNdGNVa3lkR0ZsVFJERUF4aW1CU2dLTWdZTmNveHZNUWM=-w200-h112-p-df-rw,2025-09-08T18:40:05.871384
"Now, Houthi Drone Attack Temporarily Shuts Down Ramon Airport, Disrupting Air Travel to Israel and Raising Concerns Over Tourism Safety",https://news.google.com/read/CBMijwJBVV95cUxQeUNlNG1WRV8tUlMwRWpKVjlXM09FZEk5QXk2elk2ZFhiQmpOYnViMGlzVUx4SlJzSmpfRENaM0lMdW13bEF3c3pqTHA3TXhDSmNPbm1OY0xpWFd6OXN3cDJnTV8wNF9ZNHc5TkdHWmRUOW5FekRTcmxOUFhSclhDUjhDb0w3Y1Z1Q1lTRTRhTWJlaHY5OUFyRDNXTW51QmhWaVFJVWJmNWdON0FCUWwyZWx4THR6eEZVNUYzU3BrcEI0V1FWbWlWc3ZwQ1RzUjVWVWIxQjB4Ukt3YXpDT1hmRkpUbnFweTF2cFNicE82N3Q5d0treHhqTUljSFRTaF82Qmd6Q0FVWXplRzBuRmh3?hl=en-US&gl=US&ceid=US%3Aen,Travel And Tour World,7 hours ago,⚠️ Drone Incidents,https://news.google.com/api/attachments/CC8iK0NnNXJRVFZwU2tsVFZGVlBVVzVZVFJDakF4amNCU2dLTWdZUnNJelB3QVU=-w200-h112-p-df-rw,2025-09-08T18:40:05.871387
Houthi-Launched Drone Strikes Ramon Airport in Southern Israel,https://news.google.com/read/CBMiWEFVX3lxTE13S01wUjVpU3JxcUJVbkpra3RyQldYUmZNU3JkTGQ3R2F4M1JIMlhsYllrYnZpMnJrNkFGMTRyOXVWN0RxYzB5MG40UXdreUlBSElpeXI3enM?hl=en-US&gl=US&ceid=US%3Aen,Israel Defense,9 hours ago,⚠️ Drone Incidents,https://news.google.com/api/attachments/CC8iK0NnNXNRVlkzZW10MFVtVk5WR1JZVFJDM0FSaVRBaWdCTWdZVkZJZnFWUU0=-w200-h112-p-df-rw,2025-09-08T18:40:05.871390
Ukraine informed Poland in advance about drone violating its airspace,https://news.google.com/read/CBMiY0FVX3lxTE5wVm5LekxvRXZzRjMtaDR3aXpUQ3NMVGxGSnh3eDlMb3ZFcWh4bFJNMENnUXpaRzZDXy1YcFBpMFNlbGZ2Uy1qdVN0S3F5XzNKdDhETGNnUVpjY1gwWXRTNGU4RdIBb0FVX3lxTE5pWXFsX2t0alhBQjV0UndjUlpfVTlfdnpXcUlXVXVxaXN3ektlaWkxTmJJcGhCMGJSSzJ6c1VMckE4akFHbUYwVC04MWxVYTRjNnNzVmtHcDB2TkNFWXVfMVd1RjZzaDZOX3d1UFdZZw?hl=en-US&gl=US&ceid=US%3Aen,Українська правда,8 hours ago,⚠️ Drone Incidents,https://news.google.com/api/attachments/CC8iL0NnNHRObDg0YzNCeGJsSm5ibUZ6VFJDZkF4amtCU2dLTWdtRllZd210dVpFN0FF=-w200-h112-p-df-rw,2025-09-08T18:40:05.871393
Yemen : Injures Rises to 8 in Drone Attack on Ramon Airport,https://news.google.com/read/CBMiVkFVX3lxTE5zcUE3cUo4UHJZTnk2SlVrOHV1MG93OEVEdGtIYzJ0NS1FclRYTVdOa1ltOUczcUx6S2pwR28zV2NPcEtuQ1VyOFRSRk9Qbk81dVVWSHd3?hl=en-US&gl=US&ceid=US%3Aen,Yemen Online,16 hours ago,⚠️ Drone Incidents,https://news.google.com/api/attachments/CC8iI0NnNVJTakZwTnpreE4xUlRaWHBNVFJDbUFSaXZBaWdCTWdB=-w200-h112-p-df-rw,2025-09-08T18:40:05.871396
"Drone from Yemen strikes Ramon Airport near Eilat, flights halted",https://news.google.com/read/CBMijgFBVV95cUxQRXJYaFQtUk41YkdCZC15aHBhWkh3RG1iYXdTZlFXUU5SVXRTTm5NYjE2NVBuVHp3OGhzand0RFVZT2FIWUx5MFNQSnF4akx1VlRSd242b285MDVqYWtfald3SllSTllRT2xUUjQtTUQtWWd6TG1FdjROMUg4eUVIVzV4YW1HcUpKSzUtbTZn?hl=en-US&gl=US&ceid=US%3Aen,The Arab Weekly,21 hours ago,⚠️ Drone Incidents,https://news.google.com/api/attachments/CC8iK0NnNDViMnBWTlZoaVFsaGxaMGxTVFJERUF4aW5CU2dLTWdZQklKclRwQW8=-w200-h112-p-df-rw,2025-09-08T18:40:05.871399
Wild boar charges police officer after being discovered in living room,https://news.google.com/read/CBMifkFVX3lxTE1JNWpCVi1xLUw5XzVIVEJpZGtQU0Z0R1VPMlN2ZE5Gc2o5SnRMMjEtYjI2Tl8yOHpJRWJ0U2YtNGlxRXVzeEdJaWtxN0hLU0RIS0NJRWx1QkpNMzRnMkpCX0ZjSEtNU04tcEVSUGRMajYwcmMxWjF2UE9GcWZyQQ?hl=en-US&gl=US&ceid=US%3Aen,Yahoo News New Zealand,2 hours ago,🏢 Prison Drones,https://news.google.com/api/attachments/CC8iK0NnNTJURmR2Y1djMmNXeHFVMDVuVFJEOEFSakFBeWdLTWdZTlJJS0xyUVk=-w200-h112-p-df-rw,2025-09-08T18:40:05.871402
Seventeen UK jails infiltrated with drugs and knives sent in by drone,https://news.google.com/read/CBMivwFBVV95cUxOX0Mxcm9ZeldHcjMwTG4xYW9yYTREQXpCVTFrWmoydXVXUXk1YjQxcTMtYWFHenFremFEMy1KQnMzRkFEQzBaTGd6VDFCRTM2cWlVRGNBb0JKdmVYdm5wM1NuTHpPTldfQ21JNlNIRW1vVEdxb0VGZWI3RUhIODlWaGZ3aGpuVkZvUUdlNi05UkF6RXZiY182TDE1aHRZS05TT0plTzczQlBIRlhHaERjV3diV0tOUllnWG1pMlRacw?hl=en-US&gl=US&ceid=US%3Aen,London Evening Standard,18 hours ago,🏢 Prison Drones,https://news.google.com/api/attachments/CC8iL0NnNXJSVEJEZFRocmVXSjRNREV5VFJEcEFoalJCaWdLTWdtTlFJcktwS2V4YmdF=-w200-h112-p-df-rw,2025-09-08T18:40:05.871405
"""We Will Not Be Silent:"" Hearing Stilled Voices of the Gaza Genocide",https://news.google.com/read/CBMiqgFBVV95cUxOVWpJbEpMTm9YWUxFLVVyRS15Um9MLW5sdDNNaEZlbUd2WFBqNENYTENjQ3BLSUhLRUlVVVBWdDQ1MkV3eHJ6SEhRZk50RktCUjE2Z1JLU3dWaGFISHVGQWVwUXgxQW9neDJiaFBxdUdwaHM1T0gtRGc0bjdYUUVlVHNaVzdGSGZnWFNNem44dTJ2VU00RzZfZ0thbVdxVlF5TlBNWVF0OGRRZw?hl=en-US&gl=US&ceid=US%3Aen,counterpunch.org,12 hours ago,🏢 Prison Drones,https://news.google.com/api/attachments/CC8iK0NnNHRWR05ZUkVWb1owaGtiVFpuVFJDUkF4ajhCU2dLTWdZQk1KQlpHQW8=-w200-h112-p-df-rw,2025-09-08T18:40:05.871408
Crook infiltrated 17 UK jails with drones loaded with drugs and knives hidden in drinks cartons,https://news.google.com/read/CBMi3gFBVV95cUxQS1E0clpLcEtpODhnQmQ5YmhwU3ZEcUh5SVY4WGNoMHdSQUZaXzFRdG1nZFlVNEZNUk45aGxkOGlYR2lPRmFTUGI2d09ueW1fa3ZxdDhTalZfSDFNUXU4MUk1bjJveGdZNTJYSXlmQ3RGUkRvWGx5RXpGY3YxZjE2VTFHV1NjMjRuMzdFY1E4b3NWbC1fM01tZG9vWDhIR05KSllMRFhkTXdGT0pnREE0bkp0VHpwSEdsWnFNRzBnaXF5eWVXbEd2NkZXcHh3bE5BZ2xtcUo3bVZWUHcxNWc?hl=en-US&gl=US&ceid=US%3Aen,MSN,18 hours ago,🏢 Prison Drones,https://news.google.com/api/attachments/CC8iK0NnNVhXR0pTVUZCZmMxcElTVk14VFJDZEFSaXNBaWdLTWdZSlE1U0dJZ2c=-w200-h112-p-df-rw,2025-09-08T18:40:05.871411
Man found living inside of crawlspace in Oregon home - and as cops discover makeshift bed and meth,https://news.google.com/read/CBMigAFBVV95cUxPLThXd09wM3ByMEpBYkhmSGVvdVNWU3NHQmR1OEcyZlNEUlJNcS1RVmpmVUg2WFVQaDl4ekc5LVFqR3AxNVBWV25nZUlhR081YlhtemlSZ1NOMjFobFNrcGZGV29mTnFRUVRYVjV4dXlLSXNORFA1YUpnSkZ6ZUNjMQ?hl=en-US&gl=US&ceid=US%3Aen,Yahoo News New Zealand,3 hours ago,🏢 Prison Drones,https://news.google.com/api/attachments/CC8iL0NnNHpTazQ1YVhOWU0wRkhkR3hvVFJERUF4aW1CU2dLTWdrQkVvVG5RV1BKOHdB=-w200-h112-p-df-rw,2025-09-08T18:40:05.871414
Video: Erin Patterson sentenced to life in prison,https://news.google.com/read/CBMi4gFBVV95cUxPYTZkZXBneFN2eS1YS0JCVW10U0VqcllYRlY2WEpEbEJHNnZIb3gwMEhyRzZpbmhDRmVyREJaaVRNUkhnMmlWVjBzUmotZG9VUXdIWWRpelFycnJyNFZTVzU4QzhnUWVGazZIOFAxX05IRFlCRjBrRFhlNjhsM3ZGY2xTMm9fLWh0OGIwd05NTmV2Zk9CNGF5T0Z0OEI3Q3lJbkRLMDk0VjIyVURPOGxYN1d0V3hXeWM0WHlYclZYQkY5TWhfbDdWeVMxeHBpazhabU9lYk5wbFpvMmlyb0hLVW9B?hl=en-US&gl=US&ceid=US%3Aen,Brisbane Times,17 hours ago,🏢 Prison Drones,https://news.google.com/api/attachments/CC8iK0NnNXFiV054Y1VSNGQyc3dkMHM0VFJDZkF4ampCU2dLTWdZaFZwRHRwUWM=-w200-h112-p-df-rw,2025-09-08T18:40:05.871417
Australia mushroom murderer Erin Patterson jailed for minimum of 33 years,https://news.google.com/read/CBMiqgFBVV95cUxQSEZPU0VaR1FiWHYybHVZQmMySElaQk5NMWdqeTRLeHAxekYtWFVpaDFCNElJQ2NHdXpMZ2JacFhpZkg3bTA0MTZwSkhOT2piUUhXb3hyX3Jval9ZaVVKT3k1SjlkSTIyd3RsWFRzNFZ4aXo2QXI2cFE2cUNXT21ZUF8zVDdIRmNLa3Z1U0R0SnlsX3o3Q2RWR1FkSlI2cEhsSkFadHFObXU3UQ?hl=en-US&gl=US&ceid=US%3Aen,The Straits Times,18 hours ago,🏢 Prison Drones,https://news.google.com/api/attachments/CC8iK0NnNXFNMEpPTmpsdFluRlpVM3BvVFJERUF4aW1CU2dLTWdZQlU1WXZJUWs=-w200-h112-p-df-rw,2025-09-08T18:40:05.871420
Russia hits Kyiv in largest aerial attack on Ukraine since war began,https://news.google.com/read/CBMitgFBVV95cUxPeVlwbDA4NXFlRl84ckJJX20zMVkyRGhGcEhKWWxGcERuV3ZjS19hVlhwVUhfbGluVEFNcjhxMjVTdmtMVTdzbUFIRDctc0RBN09aQ29EMTdCWmJXVldmcFBLb1k0b3ZGNDdtWGVhQUVfSldHZ0FpS2ZGaGY0SFV3WmpiT3QycnVYUHNwZG9OcFFHRGowZnRac2lKbk5WcVRiZzIxdUZhbExpYjFXVzRTU3ZUQjY1dw?hl=en-US&gl=US&ceid=US%3Aen,BreakingNews.ie,16 hours ago,🏢 Prison Drones,https://news.google.com/api/attachments/CC8iNkNnNVBaVWxKV1VoWlVVTmhaRkJPVFJEb0FoaWNCQ2dLTWc0RlVJeXVJQ1lYaGxxTHdTWXBGdw=-w200-h112-p-df-rw,2025-09-08T18:40:05.871422
Russian bombs kill 20 including 16 in strike on a prison hours after Trump told Kremlin to end war,https://news.google.com/read/CBMi9wJBVV95cUxONWI3aGJHeWh3bHo0dDhTM3p3OTZXblgzRlY4Q3ItZmtPME9XSWNlVWNZcGNmUjk5NlVHMlZSbkd0akt5OFI2T0FOb2ZNdDZhN1BseFJhd1JNYTVUYUZMMlJSMS12cWpLdzVoMmE1aUU0UmNkdDZBUjd2YTJ1MFloTkJmVnU4X3Y3WXJqc0t3Y1UxY0tSVzVydEJmODNhVWhzUm95MXhVcXpKNDBqb2t3X3hXQUpwRjlkX3ptdG5VdkJhbFBOTEF4X3N6N2RGazd1RWNYeV9HclUtbDcybHhDR1p5azZtaTdRREpfMG9GYjZvYV9rYmoyTU1YVnRvUkZ0dFE3MHI5bGdpYjM1cGdrZWJNX0xLSzRfNlN3RjlQaEhnYUdVMzNGZ3haUFd2N2JsN1NORlZPZWluakJEYjAtOE9RVlo3NWlBRk0xMzBRLVRIaUFEaGEtVVFpR0xqMk5sVmJYLVM1bnRiVS1MWmI4WGlFc1V2X1E?hl=en-US&gl=US&ceid=US%3Aen,MSN,18 hours ago,🏢 Prison Drones,https://news.google.com/api/attachments/CC8iK0NnNVFNMnQwVVRGMVVHczJabUpGVFJDbkF4ajZCQ2dLTWdZZGtJU1JUQU0=-w200-h112-p-df-rw,2025-09-08T18:40:05.871425
