Title,Link,Source,Published,Category,img,Scraped_At
"Weekly Drone Report – September 23, 2025",https://news.google.com/read/CBMiSEFVX3lxTE1vMVVZLWduNlphU3o0R2p4RTAyQ05sME8xLTBnMHRUUXJwSmxUcl9UaWdaS19RaE5hSC1UV05ESjBlR0E2aGU1Xw?hl=en-US&gl=US&ceid=US%3Aen,SOF News,1 hour ago,🎯 Military Drones,https://news.google.com/api/attachments/CC8iK0NnNVNRVzVxZWtRd2NIRkxUWHBVVFJEOUFoallCQ2dLTWdZRmNJRE9SQVE=-w200-h112-p-df-rw,2025-09-23T06:41:15.569005
"Drone sightings disrupt flights at Copenhagen, Oslo airports",https://news.google.com/read/CBMipAFBVV95cUxQYy1Mc3lvOFJYSWswS1VjVWFudWpZc25raFRjVk9KQXRrR2drU3p0a0FxSl9aZ2RWXzFkZ1pFN0JsNGplYXVxWXNiVlRsMVdNakhKb0FwdXYzb0w0WmNRYTc0NEtweVcxTk5ZWGRBWDJxWkdBdkZGb1pNQUpKTC1KYThQaDg2MlVROE9PNHlBWk12U2dSd0Q5TzJXa3ZjcVF2cGhYY9IBqgFBVV95cUxOTGVfeWEwRDFnQVJNUUpja0w1d05BbXpDNnRaWU5qV094aHdNckUyT1ZSMENUSUp5M24ybGljNDY4VTdZWDlfN3czWFZZUjdCT3E3Q0tpcGxuX1VzSkEyRjlNLWZUaDdKc21hVHpwM3V4emJBckg0MVhGTUVFVUM3RFEtRV9XZk04TmNpOUdPR0VzdEZaWlBYV2NfQVBFMlEyTm9uZGhPT2VMZw?hl=en-US&gl=US&ceid=US%3Aen,Al Jazeera,1 hour ago,🎯 Military Drones,https://news.google.com/api/attachments/CC8iI0NnNTJabmt4UWs5M05tZ3dPV2xxVFJEZ0F4aUFCU2dLTWdB=-w200-h112-p-df-rw,2025-09-23T06:41:15.569021
Secretive Lockheed Martin Skunk Works reveals latest high-tech military drone,https://news.google.com/read/CBMiqAFBVV95cUxPNzNIbnozU2t1Z1l3c0s5RHNTdWlTamdKb3Q1UzF0N1FtM29PUVJzdFE2ZXZPRWI5Z3pnblBxSFY5Y2hpVWJRSUZyMEN1Q3I2bE5qUXBfZ2xFeXhGUzNUU0hQcGVUVV9yX3RzTU1CbHN2bVAxdU8tLUdXS3BNSk03N0h1MVpMdnA4OFl6VzA0SnRfYzl0b2x1SE01RWZmRlBfVnU5eWV5UU4?hl=en-US&gl=US&ceid=US%3Aen,Todayville,4 hours ago,🎯 Military Drones,https://news.google.com/api/attachments/CC8iK0NnNW1WR2g1TFY4MlZVbFBZbEZ6VFJEZEFoallCQ2dLTWdhQllZZ09xUVk=-w200-h112-p-df-rw,2025-09-23T06:41:15.569025
Russia and Ukraine trade deadly drone strikes on civilian areas as Zelenskyy anticipates intense diplomacy at UN,https://news.google.com/read/CBMi4AFBVV95cUxQQ05UVnN4VVhtS1h4bHhtYjVyOHJ1X0xCTDlqMGlvNm1yN0YyMnNyeFZvbktTazI2QTBfTGhod2pWSU9qYUo4dk9IU2VHdllwX3RQY3RIRzhZU0RfbGVqTUU2R2IzUW5YQkZUUEVVaXVfMEJSdzFIZjZhWllMOWhrbW1UQUJGb0RDQ2ctNmJWQTMzTloyMnNQWEoyZFpxdXNfb3gyb05YLVJrNzgyblkxNHItY3dCM2gzUy1lXzVHZUtoaTVNbTlpUDhJeUs2NVA4Q29uLTc5ZkNmOTRLaVJGb9IB5gFBVV95cUxPM2M5NWxIWk9OUG9NdHA2SU5DT09HM0FqNDJPNThPMEJPRGlndi1uUHBZVjl6a3Rkak52Y0ExNlB1aVNpWVAyY0RRU1llZm5za01RTkZDTjJ0M0lRQTdDUHlmNW5YR1o1bEV6YVlTdjN5Zmp3Wm8tOUtob2ZnLXZab0lVSTd0a3NfSHBKdHhSLU5qMmgtamZtVFAtN1Z5UmtDNnNTVFQ1cUU0aFdqeUNzb1laLTdlTTgzVVJibm4tcVNWYWRjOUhNcnNqdDVtQlZ6TUIwb1lFdW5Wbkk3a21QTXNBTDk2dw?hl=en-US&gl=US&ceid=US%3Aen,PBS,15 hours ago,🎯 Military Drones,https://news.google.com/api/attachments/CC8iK0NnNXBORzVGVnpCc01uQlViV2x1VFJESUF4aWhCU2dLTWdZQnNJaUZ3UU0=-w200-h112-p-df-rw,2025-09-23T06:41:15.569029
US think tank says military’s drone defences are “insufficient”,https://news.google.com/read/CBMiwAFBVV95cUxNcGtRUjdMcERVenpiWHZSZktRYUhoTHJoeklFTFlBRDdDbktDTDM4d3I0QTYzeUVtbjk1RDFsWlhwcE5fak0wdmh5LWxjaDgwaGFjOUY2NTZIYkZYTnpsN291SVZ6M3o5T3U4a3I1N2hNeDdlSkFMLUJSQm1LRHQwVkRBLWFDWlFWYjd2dWRHSlFqUkh5UTRDZnc0MFl3aVQybTAwdzRDcWVjMzFwT2EzdjBFbnZZS0hOdmZXcjY4bU8?hl=en-US&gl=US&ceid=US%3Aen,Unmanned airspace,18 hours ago,🎯 Military Drones,https://news.google.com/api/attachments/CC8iK0NnNVVkMWx1VjB4WmRUZzJaM015VFJERUF4aW1CU2dLTWdZQmNKQkNMZ2M=-w200-h112-p-df-rw,2025-09-23T06:41:15.569032
Honeywell successfully demonstrates counter swarm drone technology to military operators,https://news.google.com/read/CBMixwFBVV95cUxQZ0I2U042VXJNYXk3dUNNM2p4aWNLMEdLR0FVTS1Vd2JTQWdvOG9KRVFMYzByZ2xkWG9hcHlCa0ZBRF9jSTdmQ1E1UW0zRkctRGkwd1l5VjRibThjUVlfaW1BU2tBQjRTbnp5dDczTFFrYzh3enpWazRXNE9rQjJyb3RSQzlzenVpdTJuazNqcXQ4bnQwZ04zUTlval9YYTJMalFpbGxJN2lQTDdIaFNmRkRZUUFFeE9fUWVUMUdkOU4tZHlWSXZJ?hl=en-US&gl=US&ceid=US%3Aen,Satellite Evolution,8 hours ago,🎯 Military Drones,https://news.google.com/api/attachments/CC8iK0NnNVlkRll5TUVobVpGaExWVU5tVFJEQ0FSaURBaWdCTWdZSnNJd0l1Z1U=-w200-h112-p-df-rw,2025-09-23T06:41:15.569036
Predator drones shift from border patrol to protest surveillance,https://news.google.com/read/CBMitwFBVV95cUxPc1hPTTg5SF9KN0tnRlZ5cWlfdE5wb1lEbTJMMTg3eV8weHhVNTROLW03cjRWNUotRzBCVHlWNllXbXBLM05XNUt1QWE5SXhsYzZYZFVRUUM0cTlOZi1vb25FeUlHdmptcERKSkdHOFlXSW45ZV9pTlBlQ2xENms4dVF3QWlfY2xnVi0tOVhWM3NJcGFUTzA4VXpKaFcycDRoM1E3bjBYMW9sRzBUa3FxQmY4RldZS0U?hl=en-US&gl=US&ceid=US%3Aen,Los Angeles Times,20 hours ago,🎯 Military Drones,https://news.google.com/api/attachments/CC8iK0NnNTVVRWh5ZG1WeFowb3pTSFp1VFJES0F4aWRCU2dLTWdhVlZKNEtwZ2s=-w200-h112-p-df-rw,2025-09-23T06:41:15.569039
"Army aviation to shed 6,500 positions to make way for rise of drone operations",https://news.google.com/read/CBMinwFBVV95cUxPRmZsOUZyLXVjVlJlaFlaNVZncTBkdzhOU0NqYW5fVHJFWjVqRmpOV1VLY3dIR3Z1d0ZCc3JjZVhLd3BTSXZOSmRVVWJVSjliVkxjUzNJcnBOUUs2aDYwYzMyb3N5NGJ6Nkt3MkV0eDFsc29NT1hQQVpPRkRMNXJRSmRDeG9ZbXBUeGZ4cFFkX21ZT2F2akRtTnlrTU0xSW8?hl=en-US&gl=US&ceid=US%3Aen,Stars and Stripes,14 hours ago,🎯 Military Drones,https://news.google.com/api/attachments/CC8iK0NnNVZTR1F5ZEc5U2FucEhaSFo0VFJDMUF4aTlCU2dLTWdZVlVwUnB0Z2M=-w200-h112-p-df-rw,2025-09-23T06:41:15.569044
The PLA turned a Soviet-era fighter jet into a drone that could swarm Taiwan,https://news.google.com/read/CBMiwAFBVV95cUxNN2VqN1pna1JzQ1EwaktLaTViQkx4cEtORmdTLW4wT0F2MV96ZFh2VHNPeWdXTzFORkR3dGhkSHZoTnFrbVdpTjFyN3NSV1hrSUJCTmZlWjhzLWZsRlhRTzNxa3Q0blAtODJTcFEyWWZiaTgzZmk2ZEFFXzNzLTRqbUU4Y3h6dlladVdyVmx4V29Dc3pKWm9UUnFiSzBrczlQTE5hcEM0c2p6SjU2ZmZwa1FGM3R6UllBYV8xakV4UVLSAcABQVVfeXFMT045LTFtV2hYdWx4VnRvTVcyWDRGVFkzYXo1U21JTkFQTm5GZ1h5X0NYVl9ad2FKeXFRc1pBR3NlMHlXV3BCaEU1QmFLbXc4THdkZjhKMmY1NjZ4cjlvdzVmbk90OUhfRmNsX3lLNm5MMXhOX1Q5eUFCdFRSeGh0VVlCNERCbjhsUzJPcjhGaTdnVjAyc3VLV2ltRXl6VUdCd0VvbkJEWS1Ca05EMHJrU01PYUhxZzdLZlJCVENDenFa?hl=en-US&gl=US&ceid=US%3Aen,South China Morning Post,16 hours ago,🎯 Military Drones,https://news.google.com/api/attachments/CC8iK0NnNU9kR2RVUkY5b1NqTm9UVU5xVFJDUUF4aThCU2dLTWdZQmtJenFPUWM=-w200-h112-p-df-rw,2025-09-23T06:41:15.569047
US Counter-Drone Defenses ‘Insufficient’ Against China: Report,https://news.google.com/read/CBMigwFBVV95cUxQSU8tZHhXR1JIUGRHMkpkVWNVakFSN1VLRkJMSnpuUTJ2NEZ0dGpPejZ6SmNtclFfN1dNblN4RjhBdHRKRjZiU0xkODRDam9oT3VPYlJFcTVkbk8wRlI1YkRmX3hTNkk1cWh0WVgzM2tpQ0puSDlheGhsZVlUUGtvOGUxWdIBiAFBVV95cUxPR05hTUxRbzl5VUpzWGpqVW5vSENPaTcza1NNQ0Z3QzFJdVZXeENxY0ptRmkyU3JZZmd2OWhNQ2tTNXUxbFZVeEE3Uml0MEgzbTJUdk83QU1xVnJqNmE1akxJLVZaTTV4MW5TejQxSWNLa19ueXA2UG9CWmpCSGVOQ0Q0eWIwUkMz?hl=en-US&gl=US&ceid=US%3Aen,The Defense Post,19 hours ago,🎯 Military Drones,https://news.google.com/api/attachments/CC8iK0NnNHpNSEo0U1RWM1dGOUlOVkJCVFJDZkF4ampCU2dLTWdZVk40UnFJZ2c=-w200-h112-p-df-rw,2025-09-23T06:41:15.569050
Anduril’s Fury Will Take Off For The First Time At The Touch Of A Button,https://news.google.com/read/CBMiswFBVV95cUxQc0NRd19kRTYzdXFGZHUwN2M3Rl9QTUNRSW8wNUlmS2xSVXpEYURrcjVPRlRodlY3UmZmVlRvTFpHc21OLUVLX1NEWV91UWJOU1dnbnFDZU5Dd3FJTE5JYUhkUi1yU1FGX0dBUUduNncxVzlMLUw0VDRxRWlRUlE2R2ZjM3dmakROZW5SYTRTZmRYOVRBYzJCeWI1WG1TTmdzdjJQckJ6VmFqVmJlVFhXbmFqOA?hl=en-US&gl=US&ceid=US%3Aen,The War Zone,7 hours ago,⚔️ Combat Drones,https://news.google.com/api/attachments/CC8iK0NnNVpiVFJaTlc5eFoyTTJZVU5xVFJDZkF4ampCU2dLTWdZbFJZck5wUVU=-w200-h112-p-df-rw,2025-09-23T06:41:15.569054
Lockheed Martin Unveils New US Combat Drone 'Vectis': What To Know,https://news.google.com/read/CBMiiwFBVV95cUxQd1RoOVFtR3VHMDhDdVhKWVF3ay1NSUxpeWFtNmlncHJUUURyZ0piZnBEcWN2RjlYUFlEb2J6SzRBa1hsOE9FSjdrZTlQaFNOaGhGZ3FmcU9VdVVCWDJ5MDVNdVBTZ1ctTHI2MW45dnhaNXpoX3YxZWJ6eG9GRTF3bDFWa1NsblBoNjYw?hl=en-US&gl=US&ceid=US%3Aen,Newsweek,18 hours ago,⚔️ Combat Drones,https://news.google.com/api/attachments/CC8iK0NnNWZia1E0UnpSNVVHeFRiMkY2VFJDakF4amRCU2dLTWdZQllJZ05MUVk=-w200-h112-p-df-rw,2025-09-23T06:41:15.569057
Lockheed Martin Skunk Works reveals Vectis stealth combat drone,https://news.google.com/read/CBMinwFBVV95cUxQUk5CeW83Mlh5Y1dYeHV4Yklnb1ExNDhnVTJwdnVZRjB4ZmI5N2I4QnYwdDM0clppcjFMeHVORkxoVUdjd1F3dUthT29UTDRXaXNoSnJkNHlKYnZXa3Rnal9IWVVRNUYwbEtnbDNheGxIWE14a19NMTZjcWZOOTFVUlF3TmlPTDJ6OFBIWkhfMGFPeVZuWFNNbHNrcTV5dWvSAaQBQVVfeXFMUERDSnJ0Y0Jmc3ZqUVlUQ1RIVU9XWkV3WFRHODhHYjhia0Q1ZGdFNVUtTFNBVnJxQ1N4eGxkSWlSbVNZUl9vYy1lSUppWU1BNGZFZGNhc2hVQVBRUlh0ZUtDd1c4MWFkeE1BX0x4MzQ1N296dkVLelNjbEJkdjNXWmQyZU1xMkpuYm1OMXlYTnN5SVdnb2QxbzV1U0hRY1ZYS1BuT08?hl=en-US&gl=US&ceid=US%3Aen,AeroTime,15 hours ago,⚔️ Combat Drones,https://news.google.com/api/attachments/CC8iK0NnNVJTVkpDVkdSNGFHeEJhRWx2VFJERUF4aW1CU2dLTWdZQllZUU5MUVk=-w200-h112-p-df-rw,2025-09-23T06:41:15.569060
Lockheed's new combat drone shows the premier stealth aircraft designer is moving into the 'loyal wingman' business,https://news.google.com/read/CBMimgFBVV95cUxQWExhb2x0VmRfYjlNbWY4M0U1dGpFSGxJZ1VPZkdtZTVRLVJjSkFSczlXY3hBNUR2ODg0LU9hX1E5OFhfYXFJSlI1aUJyVzNzSEZISTV0OTdYWWNXZjd2TVZMMmxJcjJpSXIwUzk5cFlCRU0tRWJFZVJqTVNld19SZkRnV0lsdTBCM0NtVEhqeDNuak1mWC1Ga0R3?hl=en-US&gl=US&ceid=US%3Aen,Business Insider,11 hours ago,⚔️ Combat Drones,https://news.google.com/api/attachments/CC8iK0NnNWpaVUZmVVd0RU1rdzFTV2Q0VFJDS0F4aThCU2dLTWdZQlVJZ05MUVk=-w200-h112-p-df-rw,2025-09-23T06:41:15.569063
Lockheed Martin Unveils Stealth Combat Drone,https://news.google.com/read/CBMifkFVX3lxTE9MaG9OZldrNVFSVTlCcWQtLU92TjFmWldwcHFWc0NIWU9HUlFHNXU3UzV4NXktdkJLVVpVTWJjTTJVVVlyY1JoeE55blNrdldmYU81aDRXVlkzX3pQVFNFZk4xR2dwd2dObWhxeEdtRFp4cHp3QUVWckEwSV9BQQ?hl=en-US&gl=US&ceid=US%3Aen,AVweb,16 hours ago,⚔️ Combat Drones,https://news.google.com/api/attachments/CC8iK0NnNWxOamQ0YUZwWVQzSnVMWGR0VFJDZkF4ampCU2dLTWdZQlVJZ05MUVk=-w200-h112-p-df-rw,2025-09-23T06:41:15.569065
Lockheed Tries New Formula With ‘Vectis’ Next-Gen Combat Drone Design,https://news.google.com/read/CBMidkFVX3lxTFB3OXZZcURZS1ZQanBOLTRycWJnRjhUWGRUTzVXRkZyVWFBSjdzYU5QUFdUVTh6ME5IUlN5ZXh0UWp4c0NlYmVfTjNZd1hYWmNCbzNxLXdrNGM2YlcwMXVfZWNHQnZTR2RQcW53UHkxblk4dWdTclHSAXtBVV95cUxQSVR4UVVQd0g5OGliX3lmVGY4S3E5UE44Uy0tS0xyZDV0M0tNSHMwdE5KSjg4Wmw5ZnRSTmYxcnlPY0h0NkZYNVBFTWI0WlFzT2NXcy1OTXozSGE4NDNaOFRyaDg2TGRsODdTemo2cGRKekNtNTNIeUJvS0U?hl=en-US&gl=US&ceid=US%3Aen,The Defense Post,18 hours ago,⚔️ Combat Drones,https://news.google.com/api/attachments/CC8iK0NnNVNaMEoxWTFocE5XTXpiMmx6VFJDZkF4ampCU2dLTWdZQlVJZ05MUVk=-w200-h112-p-df-rw,2025-09-23T06:41:15.569068
Ukraine Shoots Down $7M Russian “Forpost” Combat Drone Armed With Precision Bombs,https://news.google.com/read/CBMivwFBVV95cUxOSk56NE9FcUtzWnlWaFVOWXdUUHpSdVp0QW9iNkt4QkVOWDBYeklTLXFyLThRX3gzZGh2R0g3czQzdnNTa1FuaGg0RGUtbFRJc3daSTRVNXdqeGRVTUtqNGhHRXoyTVkyS1BQWkM1LVdtZy1VeWs4S0tPWlVIeHlyMzJsNGtiMEs3UklxM3FiblNSUEpXaVdrR0ZDVkZaY0xWUzlZUW1aZTdzT1hGbjd1SW81OWxUSjd1R05ZbEZ0TQ?hl=en-US&gl=US&ceid=US%3Aen,UNITED24 Media,17 hours ago,⚔️ Combat Drones,https://news.google.com/api/attachments/CC8iK0NnNWFkVVJsY0VWaWFYQmhSbUZDVFJERUF4aW1CU2dLTWdZQmNJclR3QVU=-w200-h112-p-df-rw,2025-09-23T06:41:15.569071
'World’s first' ship-based stealth drone may be deployed by China,https://news.google.com/read/CBMiggFBVV95cUxPYWRVVWxCTDQ1aVhqcjNiZWFvbDZZZ2dCQnRHT3JIcVVGX0U0X1BjdGxKVUdRck9hejZwRG9ORThpMWVBT2JUbTJUTGJtWU5XaklaMnJlT194bXBmYmlQTEJNeWZ2cEdUWEF5VzgwQ0xxMkE1OU42aExlLVBnVW82Z1J3?hl=en-US&gl=US&ceid=US%3Aen,Interesting Engineering,17 hours ago,⚔️ Combat Drones,https://news.google.com/api/attachments/CC8iK0NnNVZkSEZFYzE5SVdXNUVWemxvVFJDZkF4ampCU2dLTWdhUk1vVHFMUU0=-w200-h112-p-df-rw,2025-09-23T06:41:15.569074
Oklahoma Guard sharpens drone warfare tactics during Exercise Thunderstruck 2.0,https://news.google.com/read/CBMitgFBVV95cUxQbWhVeTE0SS1NZHhEemVVUjdseU81US1tNmhrd09rMEczVU1GNG4yWnVibS1uTGQxdDZwcnoxOUxIWjdfMWFDeHJPT1F4X1RkdG9hRmE4ZEk2bGEtU01yNEVLQndBekRDWklpY0h1UGtGN2RHMEJzS1pMQzA5Wl9UdHMyXy05SlhnWDJwREszYzMtdVIxRXV4QUFzYnNNYW9meDVieFg2WUdpMnhWTEdwdzlWZW5Yd9IBuwFBVV95cUxNYzRucUpfTkZ4Uk1WdWZKZUdvUjlnWFRoRjRobVRReWU3QkNvU21QZlVvN0F0aGc0eVNDNUxuWnI1eGM1akNtYW1LS1ItN2FCbU95TGdjbUtBYlhyaURBNTNPYXlCQVdnek5BMDNUa3Q5Sm9SWHJjbmJ3S1FEME5fbHdCcDd0R3YwRDFrc2FhbXZXckxVdC1FNnhHRFNUQTh4bEh4Z2VuS1NISVBEWThlNGVqa1l6ck41T0R3?hl=en-US&gl=US&ceid=US%3Aen,army.mil,17 hours ago,⚔️ Drone Warfare,https://news.google.com/api/attachments/CC8iL0NnNWxSMTg1ZVRocFUxOXhTM2xzVFJDZkF4ampCU2dLTWdtaFU0aFFRZVNLU0FJ=-w200-h112-p-df-rw,2025-09-23T06:41:15.569077
"Russia, Ukraine exchange deadly drone strikes ahead of UN General Assembly",https://news.google.com/read/CBMihAFBVV95cUxQYXczREFtVmN1VG12V3FzSVB2MXhHbUxPN2tIUXg1UU43MFRKQkhoVDhOYUx2Sno4VzBrSzVtVlZHS3ZQZEtMVUgyc0gzVE1raGYtNFZJRFd5eC10U2hfR0xFQUtZZDBnMzVBMjRlRkU1WHQ5REVlaWpFaUQxS1FiSWxYeDPSAYoBQVVfeXFMT0szalpyRWNnd29zcVNvVFBocEFFa2Y2YmF4UGFWalhJRkNUYjNwazBySWlSLWFkcVBlb0ZMdi16bnd6VTVHaDQ0dlk5TTNCa2pSZUdqWnM0SDNFQS16cGVuNFFpWVNZUHlfOFg3bzgyRHFIUEd6SkNzWVZkSFlUV3N0aWJzcHVZLVdn?hl=en-US&gl=US&ceid=US%3Aen,The Hill,14 hours ago,⚔️ Drone Warfare,https://news.google.com/api/attachments/CC8iL0NnNUZjRVZOV0Y5NlFUSkdXVGRYVFJEb0FoaUFCU2dLTWdtQnNJU0d5U0pOY1FF=-w200-h112-p-df-rw,2025-09-23T06:41:15.569080
Russia and Ukraine trade deadly drone strikes,https://news.google.com/read/CBMizgFBVV95cUxPSnFFbFIwQkhUajBwcmlDeF8tVk9Dc3BxcGZsY2ZDZDdKalZQclQ4UWpoaGFkRHZGTzdHamU3VHBHaC1Gb1M2TDZSSkd6VXBjTXdfalRDNEFXSWZqX2FaT3NMV09DcnkwWDhhSHVlVzY3aDhYMXI4VHdSM3VsZlR4ZUVDTHEyRHdaYkVjaUUwcElxSnYwaXpkbHBLT0xsc2JHVmFHc2U5Z0ZabFU3Vkh1MXZXVGlrZ3dDY3JIZTJIb1prUnVQRFFjbm9xZ295QQ?hl=en-US&gl=US&ceid=US%3Aen,timesdaily.com,1 hour ago,⚔️ Drone Warfare,https://news.google.com/api/attachments/CC8iK0NnNVBRMmh3ZURaT1JWQnZXRTVNVFJDTEFoaVFBeWdLTWdZTllJZ09zUVU=-w200-h112-p-df-rw,2025-09-23T06:41:15.569083
Russia’s Rare Beriev Flying Boats Were Lucky Until This Weekend. That’s When Ukraine’s Drones Attacked.,https://news.google.com/read/CBMirAFBVV95cUxPMU9NMmhsdENwT1ducnNFYk53ekdlRGotd05IU2VsQkRmanhYeUVWdDhHY015Tm5DZ2N2eEFYQ3lqV3J2WDBMbDQzMXIyRlVmX3B3dHlES1RzbUkyUkxaTFlpUF9EOHB3d2tCT2JJamdNOGFQNTZiSnBWREZHSE5NOEIzZEFJdnh0QWVIR3VWWWxtd2FTeF8yZHFKOEtYNEQxa1Q1djdvd3dheHQx?hl=en-US&gl=US&ceid=US%3Aen,Medium,8 hours ago,⚔️ Drone Warfare,https://news.google.com/api/attachments/CC8iK0NnNUhVVjlRTXpaUldGWjFiMnhNVFJDUEF4aUFCaWdLTWdhQmtvNXNQUVU=-w200-h112-p-df-rw,2025-09-23T06:41:15.569086
"Israeli drone strike kills 5, including 3 children, in southern Lebanon",https://news.google.com/read/CBMipgFBVV95cUxQNldVWEd2LTRyT01IWF9XRkNlamNaajF0Z2FkSXg2UFA5aTdDVmtBaDRnSzVCWkVKVDIwbU5IdkxHOXFJOE53a09wQ0J4SGtxWFlvVUJ4VlduZ3R3NkRkYlJ0b2g5ajliNHRlbWxJQkpDQkt3UUpLVUJmM0s1dXVHMEIwOUNLeV9kYUZUTkxYeG84UWJIUzlJX3VRQ0RwdWpQWHJ1ZFNB?hl=en-US&gl=US&ceid=US%3Aen,AccessWdun,2 hours ago,⚔️ Drone Warfare,https://news.google.com/api/attachments/CC8iK0NnNURNMmhwYlZoU1YydHhWMDlGVFJEQ0F4aXFCU2dLTWdZbEVZeVFHQW8=-w200-h112-p-df-rw,2025-09-23T06:41:15.569088
"Drone strikes on Ukraine’s civilians are ‘crime against humanity’, UN official says",https://news.google.com/read/CBMijwFBVV95cUxPZi1HLW1BZ1hLLURwVjRFSjVrUlF2LWNvNnBfSmJPa19pOGlqQkFNM2thRXR4U3d4OU5uSDJncGYwcGVmVmJuY2tZWExhcUNVSVIxUjdZRXRYeENUZUdFYnBBM2RQRTZkQ1lBSFlILTBSOGwtaW1wY2ZZd3VqYy1maWpsMnpTd0dkQ2NhT3NvWQ?hl=en-US&gl=US&ceid=US%3Aen,TVP World,12 hours ago,⚔️ Drone Warfare,https://news.google.com/api/attachments/CC8iL0NnNWZPR2hoVEVKVGExZHRhbkZMVFJDb0FSaXNBaWdCTWdrQllJNkZOaVltcndF=-w200-h112-p-df-rw,2025-09-23T06:41:15.569091
UN Commission: Russian drone strikes on civilians near frontline amount to crimes against humanity,https://news.google.com/read/CBMi5gFBVV95cUxNRmJBUF9Dek9sTGVHQm9fa1BaUmI2eGlDRUdZS2R3RGZ4RDZvZ1R0azhER3pNV24zbzAwTDRZdEhtRnZydnJzaXczblFwTDNUdEhJTWhUWWVwTWZqQi00Wmx2a2ZzaVZLNkd3RTFJektUVVU2eFNxcmVRZVR0ZlZtd2JiSGtPNkFEUkxqSGRFWVNBb0gxRTY0bTNmWHBHYVJ1UU9YZ2dlMi1ac0p0cUJjaVNlbWNRYWtDbGUxM1FhRlM3Ul9lUnNhdmJQV1ZMTnJkb1h1NWZLTmhoeHdHVklWRHZPd3E4QdIB6wFBVV95cUxNcmVzMmwwa2FFOWUyTy1nRXlyZlh2eW5IRmlUXzAzUEhtcFZLbjBmMjI4aXNPZkVEcHBQdnVnS1NmbnYtSm4xREEtTG9BLXZ2VnBHVEhCbzZtM1RmdHNNTnJoVnVaTE1IZVFlM0R6ZEE3VG5CNS1Oc1Z2aWxtYzhCNWdXTHB2M3lSM1FSSjEzZFpRVDVWQTZxODBZQWh4NzJwNkd6ZUwxbFVxRGM2TU5td1hwQzVyaTd5aG44a0VMQk9Mbi01elNZUG9wNWREQzFJRndPeWdkSW9qUEJheFpTMzYyYkkyNm1CNXRr?hl=en-US&gl=US&ceid=US%3Aen,Ukrinform,16 hours ago,⚔️ Drone Warfare,https://news.google.com/api/attachments/CC8iK0NnNDNjVFZ5Y0MwNGQzWktTRmh4VFJEb0FoajJCQ2dLTWdhQkVZUVRFUW8=-w200-h112-p-df-rw,2025-09-23T06:41:15.569094
"Israeli drone strikes kill five, including children, in southern Lebanon",https://news.google.com/read/CBMirwFBVV95cUxNYjF4UEQ3TmNVZThTdlMtVlNlNzNUWnh6T296RkNkV3lwcUo3ZTRmVFFLdG5UQXdUZGI0YlB6X0Rzcm9CbTBXazRqX0JpdXFsRVlwaDhvNkh0WWhpSF92ZE9UZ3lPX2J1QmdDalZQQjlMdmFyald5UFhRczFYSXRZMktHT2dWUVI4U1FEMHlBd3kxRU5pUHQyV2dZNTdrellVTHpUSElRTTZaWUpJT2I40gFWQVVfeXFMUDRLdnpDeWdkc2oxT1A0bjZuR3RrS04xODhfUS1BVU1fNnVaZEtnaDlCekNZd3p1Q3pMNHNMdnRVT0NJOVFwbEtENGtfWE1jcnh4S3owNXc?hl=en-US&gl=US&ceid=US%3Aen,NBC News,22 hours ago,⚔️ Drone Warfare,https://news.google.com/api/attachments/CC8iK0NnNHdPRmxEVkMwMmRVcGhWV0puVFJERUF4aW1CU2dLTWdZTmNKQ1VyQVk=-w200-h112-p-df-rw,2025-09-23T06:41:15.569097
"Drone attack in gang-controlled slum in Haiti kills at least 8 children, injures 6 others",https://news.google.com/read/CBMi2gFBVV95cUxPZ0pBc09mM1NoYjBuMmRGUnU3QVBCSXdyTElvb3IyLVpUTXFGeXNEMVczeWRldnA3aC1jM0h6WnhPb095SFJHcGZONmZfVDFtRVhfWkpnVi1WaDNyVjB0RXlaNHQ2c2pXMzk5QzhxbFFVSEFfbmZSUkQtazBzYkxFN3RhSC1FYXRzbTZPNjhQZTduZmhrTm5hR19ncERiYnJ0YmJQTW5Tc2hOc09sOWtpdkhDTlVNYTN3S2d1cGN0c3VWZzZYRUdzbFhwbjVIUVZPMllxZjNqaksxUQ?hl=en-US&gl=US&ceid=US%3Aen,The Washington Post,3 hours ago,⚔️ Drone Warfare,https://news.google.com/api/attachments/CC8iK0NnNXlkV1JNYlhoTlF6aEJVVWhsVFJDUkF4ajhCU2dLTWdhWmc1WkxzUWM=-w200-h112-p-df-rw,2025-09-23T06:41:15.569100
Sudan: RSF Drone Strike Kills at Least 85 People in Darfur,https://news.google.com/read/CBMioAFBVV95cUxPeFBheXk1U2U1bWFZaDVielB2RkNvcWluaFFoa1ZHZE5WZXRyVlIzVUZZYUlfeDVHRUozOG5iekFyRWFLdE1Kdk0zc0xCZzhzU05iU2lvNTdyQllhUnU3NTNtZkdQMG56b3VKVWVySVNRaElrUURYUktsUXZqeExmaEw0czJ1cDhLS1hub1FIUE9qeVdfT1RiZUVSaFk1RG04?hl=en-US&gl=US&ceid=US%3Aen,Genocide Watch,1 hour ago,💥 Drone Strikes,https://news.google.com/api/attachments/CC8iK0NnNDNkemhrTkhWUmJEaFdVRzF0VFJDb0FSaXJBaWdCTWdhcE5JU3VSUU0=-w200-h112-p-df-rw,2025-09-23T06:41:15.569102
Ukrainian Drones Strike Russia’s Rare Be-12 Flying Boats,https://news.google.com/read/CBMihgFBVV95cUxNOWJhWFNiU0t4SURWSGlQUUZnc3ZJMmZnSDI3eTBsZ0FFeUk4Q0NENWV3NV9FV3VBRHpRWVBEdWxRT0tPX2FNOVZtbzU2OTdvbTNCNTRpMnJOV0sxVGw1bVZTazE5VjlaenpzSmZscGNDdF9VbGlmeWNiaXlKQ0RrZ1RweWlqUQ?hl=en-US&gl=US&ceid=US%3Aen,The War Zone,10 hours ago,💥 Drone Strikes,https://news.google.com/api/attachments/CC8iK0NnNTVVMWhPZW5wSU1GbFlSbFppVFJDZkF4ampCU2dLTWdZRm9aQk9OUVk=-w200-h112-p-df-rw,2025-09-23T06:41:15.569105
"At least 11 children killed in el-Fasher drone strike, UN says",https://news.google.com/read/CBMiowFBVV95cUxNZWVQdWVwYkN0dWdBMmlnZXBjOEFQdkhsU1J1NjFjb1RZNnVNd0FNTDlhVzBQM2d5dm5ZOEtoR0t4RGdvcmZFSjJGWGo3TGFUUGYtNWVXVFdJSnRXdHo2eE10aVh0eF8zQTdTU1Bmdk8xVmdnTUlaWDVfYmJzWFo1OEE1OXQxSWNtWndwd0M0TGJINzl1T3FWbXE0SGFOZ21PX0hJ?hl=en-US&gl=US&ceid=US%3Aen,Connecticut Post,4 hours ago,💥 Drone Strikes,"https://encrypted-tbn3.gstatic.com/faviconV2?url=https://www.ctpost.com&client=NEWS_360&size=96&type=FAVICON&fallback_opts=TYPE,SIZE,URL",2025-09-23T06:41:15.569108
‘This was my only child:’ Her daughter was one of 8 kids killed in Haiti drone attack,https://news.google.com/read/CBMikgFBVV95cUxNRnRXWFpwZGtSbDZoalhqZy1jUGJfenNSd2ZjZ1JYTVpWNEZOTlBjdlRHV0tka0JWQTR1cG55aGJwWmxqVkpIMktYNGlCNkFrcXNjSXBHSGF4S3d1OGFHM0dtMnVsNnZkam5yRnZOWHcxVFExVm9CczZwckV3SmZoRGFSM2x2OEhRWUFQTk1QNnp1UdIBkgFBVV95cUxQZkF4anhZRTdZMGoxU3g1T3g2RzRKclhXOUpjV3VJUGFZMm8xODhBeXdqbFdyMG9UMlY4VXp4NEROalY0TEVKOUIySEJhdkcxSWl1RGRIRHgzX0xZWURQX2tBb29TeTZjZzE2dDJRS2xDd09WYVJ3ZEpIR052eXM3bDZ4QUVaV2hpeTdPSW5LQUZWUQ?hl=en-US&gl=US&ceid=US%3Aen,Miami Herald,6 hours ago,💥 Drone Strikes,https://news.google.com/api/attachments/CC8iJ0NnNTVablZ6YkZCUVZVZGljVTlCVFJDZkF4ampCU2dLTWdNQklBQQ=-w200-h112-p-df-rw,2025-09-23T06:41:15.569111
"Moscow comes under drone attack, explosions reported in nine districts",https://news.google.com/read/CBMiuwFBVV95cUxNdHdRTVViUklFMkJrN1hMQlVqQUx5TW0zdWNHM2RHOEtJTVpqcjhMYzkwUzFjOHRhSUZaQmgzSWlhUnBSN1oxMTZNWUZQZXBIcjZrTktQR1JpdXdIbEg5MUFsY0VBc0lSSFhMOHo3dTRCSS1ZdVVyUmJaMVg5bjVaRXR2VEh4RmFJYnhEeXBJcmhoVzZfRVYwal9JUVpxelFhYmJGTFNoUktYbmtaX1RJcVJlVm5aNktUNkRj0gHAAUFVX3lxTFBGTFEyTGNIQkpCamJEYzlUSGhfcHVrakNRanFFWENDdWNaWTBRSmJHQjg0VS1FUThwT1NZUDlyZmRRNzYyRnpZVno1bFFvTWdmODZwYWo4cWtLV2ZGbzBUU3JDb3p1TWlydTdpSjN0eHJQT29NOExrMTR3a2U1NHU5dVFSaERaSlVtZkt3azRGakdGdlQxN3JZcG4yRzVYVzRvLV9fZFRuOWFWalVxdXdJeG03NXc3TzlHeXpZN2ZWeg?hl=en-US&gl=US&ceid=US%3Aen,Ukrinform,12 hours ago,💥 Drone Strikes,https://news.google.com/api/attachments/CC8iJ0NnNDJSR3REVkRaRFJrSlFXbEJDVFJEb0FoajJCQ2dLTWdNaEVBNA=-w200-h112-p-df-rw,2025-09-23T06:41:15.569114
Drone strike on Sudan mosque a ‘gross violation of humanitarian law’: Tehran,https://news.google.com/read/CBMipAFBVV95cUxQNjM2OEZTUS1XSXk3c1ZySDdjdzBRS0QxNmJhZkJyeGtFMk9WN0pXTTRyaTNSbTJUcHE4SVNZN1UwNHlvSUg5YThpdGdiZWk2a3dlUWYxUkl0bjVuczJOSS1jVVRGeHA3ZVhrZk43TWlfbC1HczRYOVJpUm5ZeUgzaEttVkQ5emQydDZIZXBGcVUxYzFicXRzMVpOaWIzVWs1ZmplTQ?hl=en-US&gl=US&ceid=US%3Aen,Tehran Times,8 hours ago,💥 Drone Strikes,https://news.google.com/api/attachments/CC8iL0NnNWpTMlJNYmtJelgybDJlWFJQVFJEQUF4aXRCU2dLTWdrQlVJYUFwaVdMU1FJ=-w200-h112-p-df-rw,2025-09-23T06:41:15.569117
Ukraine: Drone strikes destroy Russian amphibious aircraft,https://news.google.com/read/CBMiqgFBVV95cUxOODh0cXBFU21ILWtXMTdiN1dKM09GSGVfdWZYajVsclVaZjBzcU1lclpsNkZ5RlZKTzdJblBLTUlEbjhBTzdYZ3ZVekFOa2pkZl9ibHhYSldmOE9ucjg2emJzc180U2k5b0gtYjdBSklORDhXaXlIRFRFRnl1MUc2Rmd2bDJNVGY4Uk1oUXZnVEc3bmxTOWtlYm1rOUJyT0hsMWN3NWFiWllKUdIBrwFBVV95cUxPeWdJOS1aaFR3NWlxSHI2TnFkcjZUaVB6SkRXT2Z1SDk1WWhXbmJIUExiYWE2NkQ0TTdrb0VGZ3d4RUxPLWVQTmoyZnRtNVZYRzJuaFJiTGJJdnRvV0tiU0VGRzloSjFtYmJ3QVNwQ3FNMWUyNGJMdERfZjRtNE9pblhlNFVGYnVnWGtNYm1VYTVQNzdVOWVpR0w5SDRUTU1tVi12ZHpySVJua1JVLVRn?hl=en-US&gl=US&ceid=US%3Aen,upi.com,17 hours ago,💥 Drone Strikes,https://news.google.com/api/attachments/CC8iJ0NnNVVTRlJKZGtoRE5YZ3lZM2xHVFJENkF4amVCQ2dLTWdNbG9BUQ=-w200-h112-p-df-rw,2025-09-23T06:41:15.569121
Predator drones are monitoring anti-ICE protests,https://news.google.com/read/CBMiigFBVV95cUxPcDRtZXBJRmtJRmNSQkJlT0NLQzlUWnJiMWNKZDREU2poTUJVMlB1M0ZNSFhBbGFPSzZFd0dWZ0ZUcnZENDNDVHNYYWVwZXpaRmlIZ1ljRmZrMlQ5TlpKakowWjllWkp4Q2J6U3BiMzRPSFk0c2xSOTBvM2FVSWVmblRlTW1wYlBDS2c?hl=en-US&gl=US&ceid=US%3Aen,Salon.com,13 hours ago,🛩️ Military UAV,https://news.google.com/api/attachments/CC8iK0NnNU5XRGxFWWpkUFZtWnNOaTB5VFJESEF4aWlCU2dLTWdhaG9aVHh0QWM=-w200-h112-p-df-rw,2025-09-23T06:41:15.569124
Small UAV Market Size Worth USD 16.06 Billion by 2032 and CAGR of 11.6% | Coherent Market Insights,https://news.google.com/read/CBMi-wFBVV95cUxQcWtkaUdlb0RqUTBzZTdMcngycHRtUkh4SG5YaDAyWEdxb3JZSHA3UUF6U29BZ2lWY2Q5dEJLc0JBc0NuR09WU0Q5c05BbmdWdEdxUl9iT2k0TWdyUElGRWlQZTQ5bjNZSGU5Qm5MamJjRTJFeE9MSXAtZHE4VDZHTHdtMlpfMm1vYlBPcTNFTlZfUFR2SkQteEx0OUFvclhPVWR6bVlNZklid1BMaWEzYjk0SWZnVWdIZHFsTGpDLV9XT1JDNk84ZFRJb2RkZXA0WkhrSW5WTGVtMmJ6MXA4QzJCLWNRNXZ4NjNEZmJxMUJHWENFS2VqOUlHbw?hl=en-US&gl=US&ceid=US%3Aen,GlobeNewswire,15 hours ago,🛩️ Military UAV,https://news.google.com/api/attachments/CC8iL0NnNXBOblJHV1UxT05ERmxURnBWVFJDZkF4amlCU2dLTWdtQkFZZ0R2NlJFcEFJ=-w200-h112-p-df-rw,2025-09-23T06:41:15.569127
Military Unmanned Aerial Vehicles Market to Surpass USD 27.42 Billion by 2030; Driven by ISR Capabilities and Modernization Efforts – Mordor Intelligence,https://news.google.com/read/CBMinwJBVV95cUxNTng3LWl6anlIRjNLRUYtS0t2RUpSX3JoaWV0dS12SFh0Z1ZIOFpHeUhxaVA5VUJBUHpCaFJuVXMxa1FRRlBwNFBWbkI2bGhYUVZWejNTeU1FUU1rbndrUUZ0bFNwTDVSSG9hT3FHMzlpRUZnWXRrWFJwZnVYbURBSzU5VG92ZktzMldidzFpdWROemxKbzZYdy1BUlBlalE5c0pzZTJTN0UyWWV5UW05U0RPM2kzNE93RXdHc2psNUFNQVdCVEw1TldPUWRmRldGeGtKemVrM1BDQXBqazh6ZUF4X3hvTHY2WnBVWFc4d0RhTDQ1UkktT3I1bjYtNXR5UFVXTHNkODZ3VGxtQzdrTU9LbVlqY1pKT2pxNEdDMA?hl=en-US&gl=US&ceid=US%3Aen,Barchart.com,10 hours ago,🛩️ Military UAV,https://news.google.com/api/attachments/CC8iI0NnNXVMVXg1T1V4Wk5tcHJVbFZoVFJDbkFSaXRBaWdCTWdB=-w200-h112-p-df-rw,2025-09-23T06:41:15.569130
"Dynamic Aerospace Systems, Ticker BRQL, to Demonstrate Its Advanced Military Grade Drones for US Air Force Global Strike Command on September 25th, 2025 at Strother Field in Kansas",https://news.google.com/read/CBMipwFBVV95cUxPX0QtYnBvMWtDZnp1OUpmWllQUF9yOE03eDJBdXktOS1nMXo4MkhpZ3JSa1NrRHpHQUtQMndZZjI5Q09QNUhVdF9xOUt2RXdFVWhnNUhBcUg4aFE4eENkSWxPb2FaYjR6dEZtNjVabF9qaWgxX3dCcFRKcmk4MDZMYURWdEF6bXhITzN6eHR2blY1djZickFHeWJHRnBOOHJfSkpxbHlfcw?hl=en-US&gl=US&ceid=US%3Aen,Newswire.com,17 hours ago,🛩️ Military UAV,https://news.google.com/api/attachments/CC8iL0NnNXJaakZXYzNCb1RtRXpZekprVFJDaUFSaTNBaWdCTWdrcFZZU056YUo3S1FJ=-w200-h112-p-df-rw,2025-09-23T06:41:15.569133
Ukrainian paratroopers destroyed a Russian Forpost UAV worth $7 million,https://news.google.com/read/CBMiogFBVV95cUxOdDl1T2h2dHR1NDBadzJVUFQ5aUdPR3N5eHZIWkdpRFJlUmtwVVRxUFZHaDB3di1OazFxNDAzcGVmNm5MZUhLcjgtaFlsTmJTTjNDTkhCYnhZOXVuY290enF5SmQ1dzJfTkdlTThJQXFlaHhhMzQ1SkhocmE3RnNpZ3VzRFNTcTNpYTRuVm1CdW5JZG42RnUxcXdRR015TUs1U1HSAaIBQVVfeXFMTnQ5dU9odnR0dTQwWncyVVBUOWlHT0dzeXh2SFpHaURSZVJrcFVUcVBWR2gwd3YtTmsxcTQwM3BlZjZuTGVIS3I4LWhZbE5iU04zQ05IQmJ4WTl1bmNvdHpxeUpkNXcyX05HZU04SUFxZWh4YTM0NUpIaHJhN0ZzaWd1c0RTU3EzaWE0blZtQnVuSWRuNkZ1MXF3UUdNeU1LNVNR?hl=en-US&gl=US&ceid=US%3Aen,Українські Національні Новини,3 hours ago,🛩️ Military UAV,https://news.google.com/api/attachments/CC8iK0NnNHliRkJGVFY4d1UydEhTbmxGVFJDSUF4alFCU2dLTWdZaHNwQU13UVU=-w200-h112-p-df-rw,2025-09-23T06:41:15.569136
TEKEVER Opens Ukrainian Office to Support Military Drone Ops,https://news.google.com/read/CBMinAFBVV95cUxQVFh1R213SmltQ21lbmZMbjViMGRQbWpDbVBpVUF1dmhaV1VfZ0dZT25qc1hpakNidndjeGp5RUJoNm1wc1FBaENMWFZwaGY2MTVYSWViYWpVT3VaS0ozRTlkcW9aRFlOa0lUTmNsQVBmMHRsank2WHVsQ21hZGJ1NmMwV2FnTGU5RXFUb01kZmd5X0FaOVJhUHd2S1M?hl=en-US&gl=US&ceid=US%3Aen,Odessa Journal,16 hours ago,🛩️ Military UAV,https://news.google.com/api/attachments/CC8iK0NnNHlOa3N6U0RkbFRrbFVkamREVFJDZ0F4amhCU2dLTWdZaGdZNk5OUVk=-w200-h112-p-df-rw,2025-09-23T06:41:15.569139
Japanese drones set to bolster Malaysian military's strength in South China Sea,https://news.google.com/read/CBMiyAFBVV95cUxOcjlWZjVEallsRFZhRnIzV2JuOWdicGNqb0NLYUxiWXpaWEZSdkk4V2w3bzZuMjFib3NZVEtOd2dOMTlWMm9VWnh0S21Sb2JuRkFjWVZRbWVFT1hhVXczSHl6OFhhb3kyS2t1OGRpRGxaWXNpZHl2amVRNGRBM2plc21WaEVIbnFXemNuSDFZQUE1Z25RaG1pdnpfMEhVbkViUmhaejMyeW4zYzk5eFJhUXFScThDWjdDTk1XelZjOWQyeVNOQjRCOQ?hl=en-US&gl=US&ceid=US%3Aen,Punjab News Express,10 hours ago,🛩️ Military UAV,https://news.google.com/api/attachments/CC8iK0NnNWFYM2hUU1RWMmIwUnlVMmhuVFJDOEF4aXpCU2dLTWdZUk1KS0tLQWM=-w200-h112-p-df-rw,2025-09-23T06:41:15.569142
CNAS Report Calls for Urgent Investment in Counter-Drone Defenses,https://news.google.com/read/CBMiogFBVV95cUxNOUoxZ3dCcGotT2oxSW1xM3ZKZmtYeTk0X0xGcnVfbWItN2RycGtVa0dwX1luUG0tUTZxSzdLMEJNa0lQMUFlb0lHcXowUklZaU1xQmJ5WDNrdHNtOWtCTzFTLUE4NjRXcXl1dTRmR3dia19MbVR3RmJQdFJwaXBjMFAwb01LUEhwZ1BmdDhsdXJSWHlJWGI1dVNXVUd6QmZJVHc?hl=en-US&gl=US&ceid=US%3Aen,Inside Unmanned Systems,12 hours ago,🎯 Tactical Drones,https://news.google.com/api/attachments/CC8iL0NnNHhPWEZMTWxORk9UbFFjVXA0VFJDX0JCaVZCQ2dLTWdrUkpJQm40YUp6cFFJ=-w200-h112-p-df-rw,2025-09-23T06:41:15.569146
Two people from Springfield arrested for allegedly burglarizing Viper Mine facility,https://news.google.com/read/CBMixwFBVV95cUxOMkhFMG10U3AwdVd0dFVOTWpxMmtaekVHQkcwLVRMNXBJclJxUXBGNUo4Vkdqb0lOMWFPZXZYRnVQakJXdklQZUNObzkxZzdtQWEzSTdHc2stVkxfby1GMHk3aDhjMEV2MlowaWFRRkRJblZWWHJacHVwVnFPMzZuN01zZnRFTTZXMzJzMkpWR0NNWnFCNDNyVF9uemNYTkNMdkZndFFKYkNmc05ZYnh5SFJlTkZTUmlLVC1ZdGMtSkJYM3k2Umlv?hl=en-US&gl=US&ceid=US%3Aen,The State Journal-Register,11 hours ago,🎯 Tactical Drones,https://news.google.com/api/attachments/CC8iL0NnNU5XVzR4VlZSbU1rOW1URXd6VFJDb0FSaXNBaWdCTWdrWlU0d3BJcWhNVXdF=-w200-h112-p-df-rw,2025-09-23T06:41:15.569149
Countering small drones: A big challenge,https://news.google.com/read/CBMimAFBVV95cUxQdy1sTTlRd2VwdzYtNzAyWnNnSF9hdkVNQko4TElSOVo3dm1hZVVJbW5zRUVmR2hjM0NfcVdSZFhUSGZfaFlNNHMzOG5jUEpTa002Z3RTNE9aSnZ4ZnFnaGNOS0x6YzdLOGE0Vy1wUllkOGRCSG9ycTJ1NGI3cmphOEtoQVJvNUJ0a3ExMjdCV0dQZWkxUG1HNA?hl=en-US&gl=US&ceid=US%3Aen,European Security & Defence,18 hours ago,🎯 Tactical Drones,https://news.google.com/api/attachments/CC8iK0NnNXBhM0pYVWxCa1QxSTJablExVFJEREF4aW9CU2dLTWdhSkJJNE1EZ3M=-w200-h112-p-df-rw,2025-09-23T06:41:15.569152
Lee meets S. Korean residents in New York,https://news.google.com/read/CBMid0FVX3lxTE5oM0R5aTVTdW53SU11RUFTQl80LV9zT3hvbDhtY2ZzNW03UzZaZXQzOTNIUWc3cTQ5WHV0TVkwVkhMeFRjV21Cb0kwNnRXdkRXb0RqM2NMZFFNTjh2ZGU1S0w0TzIwY0VValk4aEF6UkhHaERReUg0?hl=en-US&gl=US&ceid=US%3Aen,Yonhap News Agency,4 hours ago,🎯 Tactical Drones,https://news.google.com/api/attachments/CC8iI0NnNUlkVGt6Ym1samFHVllNREpNVFJEYUJCajlBeWdLTWdB=-w200-h112-p-df-rw,2025-09-23T06:41:15.569154
Russian drone attacks grow more sophisticated: Analyst explains how to counter them,https://news.google.com/read/CBMivwFBVV95cUxPaUVHZy01aHNTcWxUYWJYbmhGSXdjMmZXQjRDS2ExNmlJQ3ZLQ2JjUlh3aWdhcVNKWjdPbXZoQjJlXzNSb3JsN1F6S2JXTGFjNHlOOTlCU3lkUjRhbGsweTV2WGh6ZXhad3lvT043dnUwQThOSTRFREs0OUhBVlVGRHA4YmRMODZ1bVl2blY2WDBoOGo5QlREb0N0Qi1ORmt6Nzl3aEIwU3V5T0NPSXphODJUUTRSbnR6a21ZMmNtY9IBxAFBVV95cUxNMFV4bklwUEV1NEkyemNkSUlCSUFWYWRwaDhCbElVWDdJT0NCUDFJTW1jakhsWklUcWc1dU5keGt5QjFFWEtnUF9qZnNXQzdQRW1icDhmS05NQnRNeUx4RW9hSEFTc0JJSFgxOGFBRnVKOWZNdzUxRkxtem1kb2xJYVNTR0RWVnVRTXVCcHFwMUdoOEcwM3lQWWR0LS1RYV9vRVA5Z0ZfM0hPU0xYQlQwOVFWUjVxYjRWcGp6MG4wT3MwUVZu?hl=en-US&gl=US&ceid=US%3Aen,ТСН,17 hours ago,🎯 Tactical Drones,https://news.google.com/api/attachments/CC8iL0NnNXpZa2QyWkhneFFUZGZVSFJrVFJDUkF4ajhCU2dLTWdrTkFvekUwcU5FSWdN=-w200-h112-p-df-rw,2025-09-23T06:41:15.569157
Chilean Fighter Guzman Supports Ukraine with Drone Warfare on Zaporizhzhia Front,https://news.google.com/read/CBMiswFBVV95cUxOUUZRdHM3UUV6Z1diRnJLTXQwNmdXQW5vbVljRzJfSVFhbkpONTBpVXd3NW1tblFCN2ZfdllFRDM2Rm95X1ZrMzRQb0tISl9JOUx6NlJMU0NOOGNJeGJuZ1lKalhZbkY2VjJveTNKUHhNQkRBWFJMWkJMcmxMaHFPWW5lOW1MTmNTMVdXMnhmSHYzbkktclUwWGtoYThseHU2Z2hheTRWNWFjODJnNEFuTzlLTQ?hl=en-US&gl=US&ceid=US%3Aen,Букви,15 hours ago,🎯 Tactical Drones,https://news.google.com/api/attachments/CC8iK0NnNXNSbU5JVkdwalYxOXpRbUo2VFJDUUF4al9CU2dLTWdZTlk1U0lMUWc=-w200-h112-p-df-rw,2025-09-23T06:41:15.569160
"At Taiwan’s Defense Show, Europe Steps into the Spotlight",https://news.google.com/read/CBMimgFBVV95cUxNTHNJR0xXeG1pWlAzZk1xQjE3R2FzLTdJeHdOM24tbmtiaVVJbExPV0N3N212R0FyZ19PQUo5TmxhR19oa0I1N2JNV3pKVksybUJiSjNUYTRfM3llczdBTFhBOVNUZHBhZ2ZUT2ZLNHlKRms4RWVnN1poWFBPSVljb3V2d3hYVy1ra05kelFMVldBbkhBZHdrWUZ3?hl=en-US&gl=US&ceid=US%3Aen,Modern Diplomacy,21 hours ago,🎯 Tactical Drones,https://news.google.com/api/attachments/CC8iK0NnNUdSM3BFZUhCVFlqSkJVMkZPVFJEVUF4aVBCU2dLTWdhbGRKQ3ROUVk=-w200-h112-p-df-rw,2025-09-23T06:41:15.569163
RMX Demonstrates VAST™ at Tough Stump Rodeo,https://news.google.com/read/CBMilAFBVV95cUxNS09RRXJodExHa1F1dEdBLWxUMDVKRDlKTnQ3d2U3d1RHaXFvQVd4WndBcnAxUnZzYWVNVElzN2NQRjFwUjVLdERKTVd4OGx5aGJPRzhhLXgzMzh5ZnVCaDZCVVRpR3huUGxidFozS0M5STg4bXJmWGl3NFVoTG5uRzRYMV9adjM0aVZmVXNKUE4wYVZz?hl=en-US&gl=US&ceid=US%3Aen,The Malaysian Reserve,11 hours ago,🎯 Tactical Drones,https://news.google.com/api/attachments/CC8iK0NnNTNNRGhuUm1ZeWR6RjFVRXBEVFJDSEFSaVFBeWdLTWdZQk1JeGhsd1E=-w200-h112-p-df-rw,2025-09-23T06:41:15.569166
Russia's drone 'tsunami' potential: expert details countermeasures,https://news.google.com/read/CBMipAFBVV95cUxOT2dDd3BoTEUyVVVBLXl5V1N1X3JGWU5jSDl5WnJlbHFHcUI4SkR5YldnNlFOcndHOWhuMkhtbjRzZ3NEdzFSMm5IYzdYVDR3eXEya3hCRjMtN1RsVDktVmxlZnpsVGd2THgySWhKMWM3aWpUUkNFWnFEQzc1TlBOMW9zNWVSNjFCVFFsUnhyYUd4N19QZzNVeVgxbnBBdDNYVVBFT9IBqgFBVV95cUxNcXVzejhrbEFNVTBnVW1hWjlkcUpndm91dnM0UlFESjFjUjJ6VGdYa3hBRlUyUkxYcjFsaDctQlVudXhQeE5ILXpkLWQ2VGJhNkwyS1c0SDBxcWxjQVRETkc2LWJYYVRFQmh2Y0RlQkd1ZnM4UUF1WWVjWVhLRUJ5bkpuZ291Y3pGX1RVeFh6dllkSU9QdmlZZW1OMjNtbXhDSGhOQnJEVURvQQ?hl=en-US&gl=US&ceid=US%3Aen,Espreso.tv,17 hours ago,🎯 Tactical Drones,https://news.google.com/api/attachments/CC8iK0NnNDBjWE5uYldZd016QjBabk13VFJDUUF4aUFCaWdLTWdZRkFJUjVnQXc=-w200-h112-p-df-rw,2025-09-23T06:41:15.569169
"Use Ukraine's counter drone expertise to protect NATO's borders, Lithuania says",https://news.google.com/read/CBMi0gFBVV95cUxPUV9QY0oyNzl4c05VWDNGdTBqeXBvUi0wclluRWpVTVZ6dVNfbE5PX2NhWFpjbm5VVXdOc2NLamotZ2pTRDNiY1Q2TGxjWHZZOFdLOGp2M2VVbTU4VWJwMXJfbjY0VkNhNVY3NG5GTVQ4RXU4R20zTlBqdnAtdUtEOHdEd09QbUVycm9QUE5CM2xMdHdrMDlQN1V5MGlCbU1ybmZoczNrX2VQbUowSWY2bGtKMTcxUmhTUE9YeUlLYUxWTDJaOGI4bkdQM0JUTW91aFE?hl=en-US&gl=US&ceid=US%3Aen,Reuters,5 hours ago,🇺🇦 Ukraine Drones,https://news.google.com/api/attachments/CC8iI0NnNTNlRFpoWjJGWVJWUk5lWGhzVFJERUF4aW1CU2dLTWdB=-w200-h112-p-df-rw,2025-09-23T06:41:15.569172
UN commission finds Russia targets Ukrainian civilians using short-range drones,https://news.google.com/read/CBMitwFBVV95cUxQcm9ndGpPUUJmUm1PMVhnUHB1OWcya1FqNU42SVZES2xkNHJFM0lVcUhybXVjN2U5SjQ1T0tNd18zcEN3dmRqdllKaUNZMzJyUFJCelZ2QTdXeno3LXRwa19yUEJNd3dSYUNPZGJiNkpKQkdMWVNKVWFWYmYtcl9qSzlVR0tWU0FEOFI0aUlzS01pbkFxM19EN3hudjVSZHc2LThSQ3VLanJTdkZVX3FNendROHdVRHM?hl=en-US&gl=US&ceid=US%3Aen,Jurist.org,4 hours ago,🇺🇦 Ukraine Drones,https://news.google.com/api/attachments/CC8iK0NnNXZZMEZQTWkxd0xTMVJSemxhVFJDV0F4anpCU2dLTWdhaEJZY0wwZ00=-w200-h112-p-df-rw,2025-09-23T06:41:15.569175
"Ukrainian drones attacked Moscow throughout the night, mayor says",https://news.google.com/read/CBMimAFBVV95cUxNdFYxa0pGMHUwMlJYcjRaZ2x4MGVLcXQzcTRXdHJ6X2N6WGN0bHZUVzZYNXF6NXJIMU00TmRYdVdHVEYwU1lDYXcyai1UN0kzaTIza0dBSzdPUUI1WXpuY1REQlhNTThoOWt2RlZjdEZsRWRYandFRE9jNjU0dXd0c2lndnVrT0NEelNTWWtXWXlvX0FKQU9laQ?hl=en-US&gl=US&ceid=US%3Aen,The Kyiv Independent,11 minutes ago,🇺🇦 Ukraine Drones,https://news.google.com/api/attachments/CC8iJ0NnNUhZekZaWlZoek5WRlZhRFo0VFJERUF4aW1CU2dLTWdNSmNBdw=-w200-h112-p-df-rw,2025-09-23T06:41:15.569178
Russia Has a New Low-Cost Battle Strategy,https://news.google.com/read/CBMihgFBVV95cUxPYjRtMzFaWHhBS2N2TktwcWl1V3dqUV81cXhTSWlYdWpVWldrU2QxRlFNa2R4YVl5Mi1oSVZmcFQtOFFIcThvclREaGxaRHp3T2FZR3NhU1JlalBpbGF0bm5QeGd0Zmo1UHZwZktkSTFic0ZlUklwSXBDNzdTM0wxM0dUeTFJZw?hl=en-US&gl=US&ceid=US%3Aen,Foreign Policy,2 hours ago,🇷🇺 Russia Drones,https://news.google.com/api/attachments/CC8iJ0NnNXFUVU0xUW13M1dqQTJlVFZ6VFJERUF4aW1CU2dLTWdPUlpRTQ=-w200-h112-p-df-rw,2025-09-23T06:41:15.569182
Russia Needs to Pay for Flying Into NATO Airspace,https://news.google.com/read/CBMiowFBVV95cUxQcGNaYzJOX1JxbXRsdTFRd0lzaXVWdlBxMVdVV0xJUGlwdEwtTUtMM0VXUGZoWktRX09qRXpkSnltNWk2Nm5helVBTDZldVNjXzdDeFlyUFB2Xy1ueFd6ZzF3d2RjWU5IbXFWQlowbFZLNV9PMFVjT2tNYVBWam9VNndfZTlRcmJtREFMenNTamJFOG9xWGlNYkRyRm9OWFRZd0tZ?hl=en-US&gl=US&ceid=US%3Aen,Bloomberg.com,2 hours ago,🇷🇺 Russia Drones,https://news.google.com/api/attachments/CC8iK0NnNUlhMkZRWjJGMlIwNW5PRTVFVFJERUF4aW1CU2dLTWdZbGhZN05zUVk=-w200-h112-p-df-rw,2025-09-23T06:41:15.569186
Copenhagen and Oslo airports forced to close temporarily over drones,https://news.google.com/read/CBMiWkFVX3lxTE1UTTNqWVZLQXpNRXQybjRtcGNtVlRuV2RhNWdPNXZ4RFo3M05RMjU3ZzVsTmZtOUNnWGhoTUtFdjhfY3lNSVlDa2l2LXBZR0ZQRVdWZEo3c0RPZ9IBX0FVX3lxTE1YNlNaNEdrZmFNYXBkc3VJMlJycWh5ZkJsaWt5MkhWNG1CZzc3bmFuSFZUNllpZVRkeTU4X2dSeFEwcDhlZFVHSC1IZ1FDZEdnNWlUZlI2Q2VYejMya3pJ?hl=en-US&gl=US&ceid=US%3Aen,BBC,1 hour ago,🇷🇺 Russia Drones,https://news.google.com/api/attachments/CC8iMkNnNHdWVmxJV0dKTk4xUTNRWEpyVFJDZkF4ampCU2dLTWdzVlVJSm9vcWdzRUFrUFBn=-w200-h112-p-df-rw,2025-09-23T06:41:15.569189
"Drone sightings disrupt flights in Norway, Denmark",https://news.google.com/read/CBMijgFBVV95cUxOZGxlNVhFcWpDM2VwNHZ1U2dPX055Q2lwVlozTmtTdFJPY2pqNUZYTXNIbnpwXzY1VWNldV9haGlUZ2V5U05ORDNlcldma25kS0JVaHBaOUh1Q1VUZ1BiWXAyeTlNS1RZYUxQNWREcmdVZjNJSk9rYUpvUkk3a2trMUQxam9wZlMtN2tibWNn?hl=en-US&gl=US&ceid=US%3Aen,CNN,9 hours ago,🇷🇺 Russia Drones,https://news.google.com/api/attachments/CC8iK0NnNXlibTFXVkhadGIySmZRM05pVFJESkF4aWZCU2dLTWdZWklKUkttUWc=-w200-h112-p-df-rw,2025-09-23T06:41:15.569193
EU steps up ‘drone wall’ talks after Russian incursions,https://news.google.com/read/CBMioAFBVV95cUxQN28xVFBIWTBJa2ZqMkUySFMxTUl6Ym5HSFBkVDhwV2Y0dmtZZFhBTjRfMGlqVnhIMGlMUEp3bk50dVBuQ2Q5UjhqR0ktaXR3dU1mRU1WUDZpalZrbnluaHR3M1VhdU1Mc1U2ZmZOYnFMbzZDMmZSWFJBVDVZQXBDakxCd19BRjhCQkdZTEhwZVVRTTQ0RDdQZmEzXzhxUWFO?hl=en-US&gl=US&ceid=US%3Aen,politico.eu,14 hours ago,🇷🇺 Russia Drones,https://news.google.com/api/attachments/CC8iK0NnNTBZWGRDU3pkRldVOU5jemhXVFJESEF4aWlCU2dLTWdhNVE0NVJvUWc=-w200-h112-p-df-rw,2025-09-23T06:41:15.569196
AVIC alters drone to aid sea rescues,https://news.google.com/read/CBMiggFBVV95cUxNa0haS2RKb0FKSkpfdlRwQ2VhYTJFTmNKdUlxVVBoS1pxZmMtN0Z3Q1ZzMGVIbjVRbl84X3J4b0JkNXp1QkVHaHZMYzlDbnZXZGxvX0hUS0NQYzBKWlhtSHpJWV9MTjB3OEM3TjJkR2JlMVNiX2ktQjN2NXFoREZCNDZR?hl=en-US&gl=US&ceid=US%3Aen,China Daily - Global Edition,4 hours ago,🇨🇳 China Drones,https://news.google.com/api/attachments/CC8iK0NnNVNhRXQxUTFkSU0yaHdjMDlrVFJDR0FSaVpBaWdCTWdZUkVZNHNyUVk=-w200-h112-p-df-rw,2025-09-23T06:41:15.569199
China unveils new stealth flying wing drone ahead of Changchun Air Show,https://news.google.com/read/CBMi_AJBVV95cUxONW5WRkFNNnR3NXF5NDBfQnRGalJRb1ZlX0ZYUHp6d0pDMVo3Sm1ZWE0zOExoUzdXQjRJNGh6ZjhHQzZjTlNhZnZlY1JINVBhdFpNa0NEYVMwVXVmV21iNVpWNjhSc3Q2VFQyak92bEVBNGtyLUtXQlcyZUd1SnRPWnFVdjZ0a3JGdElpcHBTejJ0Z0lHSGJDYzkyQWdVdm5qLVI4eXYzaXRnRThaOGVleGYwUTFfeXVtdUpfWFZKQmRvQktMOURTVzhkUHVNQnQtVWRfTmtxUDNFTzNXV0pmcFNaY3FxdTh1WDB6Y25BbHlmNkxzcmh1Uk5vNU1XVVJaZHpJZ2FQd0ZZWjV5aW55T1VPalVtZElJalpuNUR0T1FnUzFmV0NlX0VaZGV3ZTBwUElMSHZWOWFKUk1rbEhtUWIxZlp0TmtsVE12T0hlaEhJekJsaXN4cTJWa0luaHNoYjFUVlJmOWNXbEtReTU2Z3JOTFY3cHJqVXpnWA?hl=en-US&gl=US&ceid=US%3Aen,MSN,14 hours ago,🇨🇳 China Drones,https://news.google.com/api/attachments/CC8iL0NnNDFXbEpHWjFSVmFteFZjMEptVFJDZkF4ampCU2dLTWdrQkFJb3dDYXh6Y0FF=-w200-h112-p-df-rw,2025-09-23T06:41:15.569202
Generali China Insurance uses drones to improve solar plant coverage,https://news.google.com/read/CBMiqgFBVV95cUxQUV81S2hGU1dfdU1kcEo3QkY5bm5TX29zQUJSUm9IeDRjR19PTzY4dkVSdUFFZ256eVBjbnVlVmJRekpwcjRXR3ZLdVZkVVYwN3lJX2haRVJMcEstdlN1cjNSYkxqOE9sTkNRamktUXdhY1ljSVgyaFNZSXRCN1k3ekNqUEZqMWNEclpyS19SY3lObmE5dnA1aGw3T0pXLVZvamN1Z1c2TmsxUQ?hl=en-US&gl=US&ceid=US%3Aen,Insurance Asia,3 hours ago,🇨🇳 China Drones,https://news.google.com/api/attachments/CC8iK0NnNUViRU5uZFZWUWNrNW9ibUZIVFJDb0FSaXNBaWdCTWdZRmFJNkZwZ2M=-w200-h112-p-df-rw,2025-09-23T06:41:15.569205
How China’s playbook could guide Grab’s drone gamble,https://news.google.com/read/CBMidkFVX3lxTFBoZ3FkSXJiRmdwcGc3alVCS2dmZ3ZLaUVTRTAyLWFZaVp6cmxUUFpia29KNFEyWEdLVTFqbFgyODFfM2xXcVFmbkRZWXBvbXp4NEgxT3kwZk1yNngtQWdOaktDZEhSeHRQQllDd2VzNmpka2FJQmc?hl=en-US&gl=US&ceid=US%3Aen,Tech in Asia,5 hours ago,🇨🇳 China Drones,https://news.google.com/api/attachments/CC8iI0NnNVJlVkZ5YWpSNlFWbG5SMGhoVFJDZkF4amlCU2dLTWdB=-w200-h112-p-df-rw,2025-09-23T06:41:15.569208
China and Georgia substantially conclude negotiations to upgrade free trade agreement,https://news.google.com/read/CBMiYkFVX3lxTE01N0NIYnZ2WGhPNVdLaTJ0ZmQ5NWZxYWQycUVaa19GeFhQZmo2TmxNbGt3dHFucTMtRXNxa2cwV2lYcWJCRU5FTGNoNVl6dzNBdE9rcldBdDh0b3V3QThxLVRB?hl=en-US&gl=US&ceid=US%3Aen,Global Times,16 hours ago,🇨🇳 China Drones,https://news.google.com/api/attachments/CC8iMkNnNXhVa2d0U0c5NFlVVmZZa3B2VFJDdEF4akxCU2dLTWdzVkFKQXdpR2FEcFdySlhB=-w200-h112-p-df-rw,2025-09-23T06:41:15.569211
Xi Focus: How Xi leads China to feed itself,https://news.google.com/read/CBMifkFVX3lxTE94bzE2ODRVelVQcmNUZFFjSVljaHE1aWUwTTRiU1ZCNmROVkM4UmNGcTJjVmZYbFkxUGZyeE05MmsxQVVjT2toY3NTWFFEVVdjelJSZnVCR2FRa3Jnb0JKMGYtTmF3VVNDOHRiRlNyOWJCczc5Y3ZpMjMwbkdjdw?hl=en-US&gl=US&ceid=US%3Aen,China Daily,1 hour ago,🇨🇳 China Drones,https://news.google.com/api/attachments/CC8iK0NnNXZNamR2VGxONVIyaFZOMnByVFJERUF4aW5CU2dLTWdZSkY0WkVVZ00=-w200-h112-p-df-rw,2025-09-23T06:41:15.569214
"Op-ed: Iran’s drones give Russia the edge, and NATO the bill",https://news.google.com/read/CBMiqgFBVV95cUxQa0Z6dmN4cVlnM2V0aWdMbmJaMGF3bG1TSVZpX3ppa3lHSExDT0hfTW9pNktyZFpiVGRQUnpxeHphcGNOdDY5ZlNUZHlWVHRuZDJtYTE1aTczckVsa3BXQUpJeF96X2VjeEdIeDdYMVFEVC1vZG9ra0RHSXFMMkVsS01TeUMzeG1NUUZ1eGpzRTRVa0FRUldUbDVqYV9GTVZpenpJVWxWZUp0UQ?hl=en-US&gl=US&ceid=US%3Aen,The Parliament Magazine,19 hours ago,🇮🇷 Iran Drones,https://news.google.com/api/attachments/CC8iK0NnNDNiWHBrYzJzMVYzSjRSRlJ0VFJDZ0F4amhCU2dLTWdZQllJTGhLQU0=-w200-h112-p-df-rw,2025-09-23T06:41:15.569234
MARSS's New Drone Smashes Threats Out Of The Sky,https://news.google.com/read/CBMigwFBVV95cUxPZUg3cnBCM0RDVkMxamw5dWZnZjBDT29UbXduYTBjcENPVkhJM0VWRUVINk9USnRiV2M3eEpHMks1SVkwUU5ldGpYcjNldFUzOEhTQkRQbUVGUGFtS3UzYWF6WXFaS1cwM2sxRDAyZ0xrTm5TTWl2TEFUTU82Yk1ORWdIZw?hl=en-US&gl=US&ceid=US%3Aen,DroneXL.co,18 hours ago,🇮🇷 Iran Drones,https://news.google.com/api/attachments/CC8iJ0NnNXZZVmg2VEZoVFEwYzFRVGh0VFJDZkF4ampCU2dLTWdNMU1odw=-w200-h112-p-df-rw,2025-09-23T06:41:15.569237
Russia Reportedly Turns to Iran for Gas Turbines as Sanctions Limit German Imports,https://news.google.com/read/CBMixAFBVV95cUxOem1pVGNtRUFkU1VvakJza0ViN1NtUHE4b05kWU42c2FfQzZoNUpFQWFTMWV6SzczR0Y5eGw0dktjeUJQVUV3SDVwUXRfWmlHQ3o4ZnhfenB0T3FXTGowTVhuSlQ5Q2taemdFR1NfdzQ0Y0FaRzk2c1hleUxXUDZscl9NMTZrLVZvODB3SjZpWUhIaUVpbVl4Tkp1Tms5cUlMSkdoNkJ6RWtmMVdlNWlqeFVyZXpMNjZYcTNtdThkd3VxOGF0?hl=en-US&gl=US&ceid=US%3Aen,UNITED24 Media,17 hours ago,🇮🇷 Iran Drones,https://news.google.com/api/attachments/CC8iK0NnNHdhalI2VUhWT2IyWm5aRGxpVFJERUF4aW1CU2dLTWdZUnNJcnV2QVU=-w200-h112-p-df-rw,2025-09-23T06:41:15.569240
Lockheed Martin Is Betting on New F-35 Drone Tech for Future Flights,https://news.google.com/read/CBMi5gNBVV95cUxNcmRoQ3hTdkt2U0ZSdUZIM0ZxdFY5WjRlNkI3a2dXS29IX2huX0l6eFdhQnlteExiYVpnQ3BWMTZKVEk3VGxmMFJyWElwLUR1U19FR0Y4NWRSaG1iRGVWQ0pwcXgxd3hNNDA4MHpoNjRYUG1ZdDVsbDBaLUlzVFFaRzlLUmxBcGM3RjFkYXhwbkcybTRtNk9xZ0hRV0t4MzUyaWxBMHhiRTZ5SVlNWk1faHh5dVZBaWZFZDRfRGFMdjR1WGgyakl5M2F4LU5kamU0N3F1SUtaQ0txYUUtYWJyRzRpV2cySllQdWhEV0NYbnM3WXR3ZlRpWTJZazRCV0VQLWlYUGhiczM3c2huY3FWdDlyUUgxanVLNlZGVXAyYjhyVk40LUJWbHdsMFRiT2FCalhhZEgxXzU2ckhGNmJvcUt4UUk4TXlhSUFfb0RKZWIxX3hYNnZ3cXBFZFNocFBEMHZTU3ZlRll6WEd0b0lHenVFRXFpRkR3MHFiMjR1bnJiUGxBcHluekFDNXV4TEZ2NFFJcU9hU2QyUnVSaENzRjhoVk9fR05OUmxmc0FCdktnc1RZZ3gwVWRGUkxady1sVVg5WWdLcTlSZnZMRE00YVgyak9jcS1KTTVwMnVJOTRKcHNUMWc?hl=en-US&gl=US&ceid=US%3Aen,The Wall Street Journal,21 hours ago,🇮🇷 Iran Drones,https://news.google.com/api/attachments/CC8iL0NnNWxNbTVEVVRsTGJteGFabDlIVFJDZkF4ampCU2dLTWdtZEE0eHREZW1DYmdF=-w200-h112-p-df-rw,2025-09-23T06:41:15.569244
Children Among 5 Killed In Israeli Drone Attack In Lebanon - Iran Front Page,https://news.google.com/read/CBMihgFBVV95cUxNcVBOaWgwb3lJTzZuYk40TFhJc1hGVGRMWGJHMXg3N3hXSkdyRWtZWjZ1QkxWWEhTc0lxTXZzZW9kUkprdlhialp6RGF1R0x1S1ZrZDEyOHFZc2dGanFSakdnd1N3Nmdnb25jLVdsOXU3bi15YnppQjU3VGJnLS1XcHBMeDJmZ9IBiwFBVV95cUxPaDFMTkNPenk1TWExM0xkQnZwN3ZCZHRhMENRTzR3RnN1Sm5ob2MtQW1aell4NUtMYkNraFJNZkpaYlEweGJ3YWFiQ1ZQR3VsZi10V1NPQTAxU1NzYmI2V0ZrdWVkaXJxZVNYVmxOTjcwbmpZMjRjek1hNGxTYjhJdFJFdGlIcDUzengw?hl=en-US&gl=US&ceid=US%3Aen,Iran Front Page - IFP News,22 hours ago,🇮🇷 Iran Drones,https://news.google.com/api/attachments/CC8iL0NnNVFSelpWZFZOM1lUWm9Rbll6VFJEZ0F4aUFCU2dLTWdrQlFKQ090S1hBcHdJ=-w200-h112-p-df-rw,2025-09-23T06:41:15.569247
Russia's Drone Aggression Against Poland; Warsaw Responds by Activating NATO's Article 4,https://news.google.com/read/CBMihgFBVV95cUxOVGQ2b09mSHlUVEdGVm90QlFHVm11eTd5YmdsQzVWdC01WVQ3MzRBNFdqWk1uZ0p4bVdTVnBwRk0tVnRrM0Q0ZzMzb2d1eTByLU9zX054RmNPbXdKQzBZcmNLV1ZlbEptRHBBaDQzUmVHODFzQnB5S3otQnJSdFV2SDFFUXRDQQ?hl=en-US&gl=US&ceid=US%3Aen,آسیانیوز ایران,9 hours ago,🇮🇷 Iran Drones,https://news.google.com/api/attachments/CC8iK0NnNXJPRjg1TUhFdFoyMU5hRmxrVFJDMEFSaVlBaWdCTWdhQkVveUpOUVk=-w200-h112-p-df-rw,2025-09-23T06:41:15.569250
Lithuania Urges NATO's 'Drone Wall' Collaboration with Ukraine,https://news.google.com/read/CBMiugFBVV95cUxQYmZQU2RMWjZkRmFhZXBkQjBUdWdzTGdVSEhFM0JkbTdzUGM4bkFxUVhFZzZZRWQ5S2hld21uaWwwVllTdkQzbXlWTWZzckY0d05sem1qWDBFUWltWFpsX1JkQUhRdXpqc2pDaHJHRjBGSFprZ0l3Qm13OXV3T2RZNTh1cjRTazRyaUY0TU5hRUVtWGUtVmVkRlZhVVFIaHkyX2p5eHg3d0FvMjc2NlF3U3BJbHdOMGJoUlHSAboBQVVfeXFMUGJmUFNkTFo2ZEZhYWVwZEIwVHVnc0xnVUhIRTNCZG03c1BjOG5BcVFYRWc2WUVkOUtoZXdtbmlsMFZZU3ZEM215Vk1mc3JGNHdObHptalgwRVFpbVhabF9SZEFIUXV6anNqQ2hyR0YwRkhaa2dJd0Jtdzl1d09kWTU4dXI0U2s0cmlGNE1OYUVFbVhlLVZlZEZWYVVRSGh5Ml9qeXh4N3dBbzI3NjZRd1NwSWx3TjBiaFJR?hl=en-US&gl=US&ceid=US%3Aen,Devdiscourse,5 hours ago,🇮🇷 Iran Drones,https://news.google.com/api/attachments/CC8iK0NnNVNTMFZIZDNkV1lpMVlkVjlSVFJDcUJCaXFCQ2dLTWdhTklZaHRtUVk=-w200-h112-p-df-rw,2025-09-23T06:41:15.569253
NATO Faces Urgent Challenge: Can It Keep Pace with Russia’s Expanding Drone Arsenal?,https://news.google.com/read/CBMiywFBVV95cUxQZ0MwazRDVVdESEM0Sm9zMWQ1cWprWnNkend1RlZuLVdvTjlvT0dzMk5wLTVpUVRRZzU1aTZFOHFGbHJieW1ZQ2dSam45cUJWam5CY1h1NHZIenhHY1hwdnd3djJCR0JRcERIZ1lic2FJWGVZTEdMWERYbkg5THRTU1FMRkJrX21mSms1TlRwcXdQSlZpSjhfejlmVzgzS1hNY29xNUFMbTBfTEFDYl9aRDRtaTllaS1MdkwzeDVuOEdPWnRIb1dEMVhjSQ?hl=en-US&gl=US&ceid=US%3Aen,رکنا,3 hours ago,🇮🇷 Iran Drones,https://news.google.com/api/attachments/CC8iK0NnNVlkMUZQU0ZwdmFURTNkMlJvVFJDZkF4ampCU2dLTWdZUmNwSXBNUWM=-w200-h112-p-df-rw,2025-09-23T06:41:15.569256
"Confirmed—China is already showcasing its Hurricane microwave system, and the United States is responding with the Leonidas weapon, capable of shooting down 49 drones in seconds",https://news.google.com/read/CBMidkFVX3lxTE1WaHhNNTdLSWY0NWk1aWFCMDlFbTl0cFd3bjRrZllsOHNTU014bC1BNVNFSk5XQmZ0NFR0dXRpd09JcHpEY0RTOUMxbW1QYzFWejJJS2JROUoyNVAzTnJ5STJJRzhFVzRfVzVVcDJ5NlEwYmx0b2c?hl=en-US&gl=US&ceid=US%3Aen,Pedirayudas,12 hours ago,🇮🇷 Iran Drones,https://news.google.com/api/attachments/CC8iK0NnNUZPRGcxVTAxVVpHMWljREkwVFJDZkF4amlCU2dLTWdZQllJckRNUVU=-w200-h112-p-df-rw,2025-09-23T06:41:15.569258
Drone infiltration warning sounds in Eilat,https://news.google.com/read/CBMikgFBVV95cUxNZGFNX09kUWVIUUFaQS1MRVJlWWNJWW1KZlFLZU5hdV9uSXhQYjZWd2VtLWlOWmxHZXVuUmtXQkkyVE5wZTZ4c1BPZDNIei1mQmdBXy1fQjdUaTU3UmswNFFsSVBwd05VVGJvNHVra0V2REZFXzNZVVlsYk5YUzEyd1VTUURwLW85VWlyNlJTQnpNQQ?hl=en-US&gl=US&ceid=US%3Aen,The Times of Israel,10 hours ago,🇮🇱 Israel Drones,https://news.google.com/api/attachments/CC8iK0NnNHdSamxDVkdOdVNraDBkRWhCVFJDUkF4ajhCU2dLTWdhUm9wYXF2UWM=-w200-h112-p-df-rw,2025-09-23T06:41:15.569262
Israeli drone strike kills three children in Lebanon,https://news.google.com/read/CBMieEFVX3lxTE5mWlBuUHZoUzhocHR5SmFlYnIzbmlObXZiMXlQNkZxNnl0MDVJcU5EdHgwMXZnNUFMaFJZVmMzSXNST2tOZzJxS3pzbFl2cUdSbldBM3BncFB4dF9nRkFLeWdLek9mZF9ZZ1QyWW1nS01nTzBJbS00ag?hl=en-US&gl=US&ceid=US%3Aen,Taipei Times,14 hours ago,🇮🇱 Israel Drones,https://news.google.com/api/attachments/CC8iK0NnNWZUbGw1Y1U5bk5XRkpPVkI1VFJERUF4aW1CU2dLTWdZTkU0NkdFZ3M=-w200-h112-p-df-rw,2025-09-23T06:41:15.569265
$UBER: Drone Delivery Investment in Israel — Yet $200M IPO Settlement Lingers,https://news.google.com/read/CBMizgFBVV95cUxNNHVoM2loMzlwWUVxaHktdUpjTHc2QXhUWUZXa2JrLTA0QU9RZ3FGcUw3VTdRZTk2SDJJbDRNeC1tMlZ1c2pXZXlFOTdVU3IxNTlIQ2pDRWVBVHI5NVYtaUZqUUFHMUJybFdENmh4S1VPWmVuOWUwQmtRVnVFbUJXbzRocU9sbmdCY09EMnF1TWstT0R2MmZLM0hwUGd3RWFHZU4xMmVZNTFxanNmTFhmR3VlakZoOU5aQ2R5U0lHTWRMem5ublVoRy1nZ3F6Zw?hl=en-US&gl=US&ceid=US%3Aen,TradingView,18 hours ago,🇮🇱 Israel Drones,https://news.google.com/api/attachments/CC8iK0NnNURZazV6YjAxTVVtMDBUVGxSVFJDUkF4ajhCU2dLTWdhQlVZaUV5Z00=-w200-h112-p-df-rw,2025-09-23T06:41:15.569268
Israeli strike kills father and three children in south Lebanon massacre,https://news.google.com/read/CBMinAFBVV95cUxOb2lad2hkV0M5cFExYWFPY0ZlTFUwa0NNSEVCRGx3TVlfUERMODhUT2pKbFQ5ZEVINUZQcURvZ1ZyOGlrUnNBTUZWSGljRnBzQjBta0pwN296YURPdXA4ZFZ5RlhibENkd2Y1bEJUSWRlNVF6SFBSRW1uX2tZMVc3dFhGc3NMTDhLYnRObHcxWXZWVnhkRTk5eVVadmc?hl=en-US&gl=US&ceid=US%3Aen,Middle East Eye,16 hours ago,🇮🇱 Israel Drones,https://news.google.com/api/attachments/CC8iK0NnNHdiVnAxZFhwYU0wdGlhV2xGVFJDZkF4ampCU2dLTWdhdE5JYXZLUVk=-w200-h112-p-df-rw,2025-09-23T06:41:15.569271
"Israeli Drone Strike in Southern Lebanon Leaves Five Dead, Truce Under Strain",https://news.google.com/read/CBMisAFBVV95cUxNT3h1bk9FekptZjBzaVBZZ2tIV3dKM3RkOXhiRVZ1dl9JUms3Q3FOQkFqeDhDQUhwLUpqR0tTOGNlSDRuSUdvRDhDMkJBWG8zTk44UWlDWG5yNHZBTTQ1RGY1cDRWZnp3dXhnWDRCbElsLUUxTnRTLU5Lc0dIcnZBQlpzZXo4OGZjWndmWGFyWGFrSEp5dDlabnRLZXlTQ0pLY00wZ2RoNk16RGNHbUt2ZA?hl=en-US&gl=US&ceid=US%3Aen,Grants Pass Tribune,18 hours ago,🇮🇱 Israel Drones,https://news.google.com/api/attachments/CC8iK0NnNW5ka2h6UjJWRGMwbHdhWFF6VFJERUF4aW1CU2dLTWdhTlU1eXNKUWs=-w200-h112-p-df-rw,2025-09-23T06:41:15.569275
Three children among those killed in Israeli drone strike on Lebanon,https://news.google.com/read/CBMirgFBVV95cUxNRE5mM1Uxd2hfMjY3SERIZkI3NUpzb1plTnVaYzBFbllaU2FDbDNCRnN0bDdtbXFYbnZkM2x4NjVwVFRBNDgyRmstU3B2U2M0VUl2eXM2NF9uLWRlRnE2ZDZ0SGFoOHhpQU1YbTROOUtkR1FFbFNucUxuSUF3VGh4NU1zeVJjbDFoeTFvMFZzUFRVa2lSbW8yOTkzb0R6Q3ZuenBROGZ4dW92VjFfREE?hl=en-US&gl=US&ceid=US%3Aen,Newswav,18 hours ago,🇮🇱 Israel Drones,https://news.google.com/api/attachments/CC8iK0NnNTBkV1ZCY1RsMlNrVldVRGt4VFJERUF4aW1CU2dLTWdZSlFKYVBuQWs=-w200-h112-p-df-rw,2025-09-23T06:41:15.569278
"North Korea’s Kim Jong Un says he will strengthen ties with China more vigorously, say reports",https://news.google.com/read/CBMi7AFBVV95cUxNUUVYOGhJQjFjaEFGZmd1aUhpYXRfZC1uLWo2UFdaNWFPVEhuZEFjQy1PTlFyX1ZPblJoZ1JURlhVQm1yMnh3YjJ1QVBwbFJsemVlZWxROS1LY2hUWmJ2bW8tZ1VWZDhFWnlLWXoxUjBKZXd1RlRYSzB6MDRRcEhWdXJKOUo5MF9lRXR4V0s3VHpESEMtZDlIU01sX0RFZnhhbklKbG9RbHVyd2Q2U3pTUXFkTHdValdjN0tVSHpfZjhGMEZFYjdUS2ZKMTlqeHF1ZXZMYksxOW50TlFJM1RXaVp3NmtXdzJLWUo4OdIB8wFBVV95cUxQeDhZQnpaNmVPWFRfMjg2WEh4bUN1VVpTa2tNcVByZGpubVdaZU5lSHduNVdtT1dlZUloWmVKVDJzYTB5cVRYZDktSC1ZbkdLY3V1YVlfRl9LUjhuUGU3aENyaE1RRGpqX1FfaG8yUnpnaEtNY3JNQVhPMVgtRUpqWUpLTERnSmVRRmRsLW44aWpYTDYyeXpvSTZESzcxNFBNU2ZrdUZvcGFkWUpfanB2YU1yVFo5WTNnU09UUmN3dFF6OVF4VG1jWkF0UkFVMVZmeVc5OHZ1dmVGaGpyY3A5WWQ3amF6bW5KS2FBUGN6eUVvbWs?hl=en-US&gl=US&ceid=US%3Aen,The Hindu,3 hours ago,🇰🇵 DPRK Drones,https://news.google.com/api/attachments/CC8iK0NnNHpXbXh4Y0ZkRlYxZExkVkJuVFJDZkF4ampCU2dLTWdZcHRZek51UVU=-w200-h112-p-df-rw,2025-09-23T06:41:15.569281
North Korea Claims Dialogue Possible With Washington if Denuclearization Push Is Dropped,https://news.google.com/read/CBMizAFBVV95cUxNRVV3VUVZdTdKbFhwNTlLU3U1YXBua2x3UkZBNmI4SXJQRjFxVVlNcjBiNGlIUk56TmJXZ0NFeGszVHl0QjAxMXZfdHltNVlyQnBkWjJwb21paFZjSEhQMFJHa1FSQ3hpbTkwLUMzSjF6TFBrazcxMkt3bW05OEJYcWhLUGM0eTRLMWpKMDktdkRYX1dtbGdkeDRtZ1MyRTJkd0o3ZTJsSVdnNDJrdmF4dlRWSUlFdmozb1ZYbTFRNndBNlZYR1FWcndRLXM?hl=en-US&gl=US&ceid=US%3Aen,UNITED24 Media,17 hours ago,🇰🇵 DPRK Drones,https://news.google.com/api/attachments/CC8iK0NnNVhiWGN3TUdKRWRISlllSGxNVFJERUF4aW1CU2dLTWdhTk1aenZtQWs=-w200-h112-p-df-rw,2025-09-23T06:41:15.569284
N. Korea promotes off-season tour activities at Kalma beach resort,https://news.google.com/read/CBMi3gFBVV95cUxPLURJRnZmTGpqanBCYlZFb2R0RENJY28wSmtYY0ZYRTJKTXVEcFVlQnJBdjRqOUY3VnNucUlvNFl0d1NxMzdYalYweXh2MDQwOElyaEdVMGdldWotSHdyTmJFd0p2QTdlQUpSUzJ5NEp3ZUt3Vmh2NVp3WDZNTUVETmF1OHpwc2pNOGxRZWExWkllU2IyZjBDTmRmNWdzXzJYNEdrS20xMmZIaUdFWHFSLWNLLXppQTU4ajF5bFktbDQ4R1FCTWVWYkdjQU9ubUJzMWpQTnRzLUdCMVZKWlE?hl=en-US&gl=US&ceid=US%3Aen,Korea JoongAng Daily,4 hours ago,🇰🇵 DPRK Drones,https://news.google.com/api/attachments/CC8iL0NnNU5NbXRxY2tJeVpFRmxTVTUxVFJEMUFoaXdCQ2dLTWdrQlFKcUFKR2l3NXdJ=-w200-h112-p-df-rw,2025-09-23T06:41:15.569287
"Analysis: Russia’s drones and MiGs show its weakness, not strength",https://news.google.com/read/CBMiiAFBVV95cUxPUGFsUnZfNGU2N1QxcFE1V3JieEh4WjR2Z1BMc3ZKd3l0dDFVS1o1OG5LNnJjejlZYXdUZ3ZmMHdCaHVBN29MZW5ia015aDRPcWFMR2Ffb19mSmU2NTkzZGI2RTJySTVIbTdxS3A1WUstNkVhMHZ6Z3NlX29JRmRIdk9WU092Mnct?hl=en-US&gl=US&ceid=US%3Aen,TVP World,16 hours ago,🇰🇵 DPRK Drones,https://news.google.com/api/attachments/CC8iK0NnNHhlRXc1TUMxcFUwZHRZbHBPVFJDZkF4ampCU2dLTWdZQmNJNlB1UVk=-w200-h112-p-df-rw,2025-09-23T06:41:15.569290
Global Shifts and Policies: Turbulent Tides in International Relations and Economics,https://news.google.com/read/CBMi0wFBVV95cUxOUGVZYjBCelB4d1hYd29GMmxPaHZ1bnhlcjV2cmFyR083MU40cUpfOHZId1lVSGkydUVGSF9zeEZJRUJDaGlHSkdqRFRSZXRYX1NFbHR2Ym5YMDdUMzM0SWl1NGtReFkyU2JYODEtX1RfRWFjV2JZUTRlcDdWMTRNSmp6N01SX0ZxczJVOVVrcHo3VENnM0xYUjBxaWlGd3o3YXd1TzZ4c1IwekJ5YjlEWFdDai1iV0pGQXdFdC1mTDM1UHZic2E4eTVYVDB0cVo2UGdn?hl=en-US&gl=US&ceid=US%3Aen,Devdiscourse,6 hours ago,🇰🇵 DPRK Drones,https://news.google.com/api/attachments/CC8iJ0NnNXJRblpSUjIxdE5XNU1aVEJFVFJEaEFSamhBU2dCTWdNQllBZw=-w200-h112-p-df-rw,2025-09-23T06:41:15.569293
"Latest DJI Osmo Nano Leak Spills Almost Everything, Packaging Included",https://news.google.com/read/CBMifEFVX3lxTE5HNGR0S2FFYXVMMEF4M1hZR2pBRnZrM2VtOGVDM0hmQzNrQi01eHNxT2tURWVlbFdvZzM3enp3WG94RDBvUnRpMmN6MDc3RDIyaHlfeEFJZ0I5RFBwak9pNDJxTjR4RG9yNy13akNzamE1V0tBSm9OdUl0NmE?hl=en-US&gl=US&ceid=US%3Aen,TechEBlog -,10 hours ago,🇰🇵 DPRK Drones,https://news.google.com/api/attachments/CC8iL0NnNUdZVWs0TjNCR2VIZHFjRGRDVFJERUF4aW1CU2dLTWdrSmNvb3B0V1dLaWdJ=-w200-h112-p-df-rw,2025-09-23T06:41:15.569297
Roundup: Countries recognize Palestinian state; Trump ramps up retribution; deadline drone strikes in Ukraine,https://news.google.com/read/CBMi6wFBVV95cUxNTkx3RFVtZmYycU5xTmlpT2ZEMWxSa1R5VldCMk00eld1YzhiNkFFc19PN3lCNDZHZnp6MUp2OVd0b2ttOUU2OW94MWNaSEFEbjgwVDVvdHlCVWg4UURnbGl2NEZsYnl3M3Fjc2tiTmIzUll4bnVrWHYwd2xLWlAzMFRieEF6TE1ua21FTEdLeEdGMzNJN0pJVy1fQkVfTVRuRHJYUWhPaENGSllMaXZlcVNPX01MTHB6ZWhGb0RKR1JwaHUtYUtRYTAzcHdpcE9zb3ZPSmw1N0hMRFF0SjE2ZHhpSjVFZEhIWWJz?hl=en-US&gl=US&ceid=US%3Aen,LimaOhio.com,17 hours ago,🇰🇵 DPRK Drones,https://news.google.com/api/attachments/CC8iK0NnNXdkVmxvTTFsM1dUZGZZbXd4VFJERUF4aW1CU2dLTWdZcHBZTE5UUU0=-w200-h112-p-df-rw,2025-09-23T06:41:15.569301
"S. Korea pushes for 'peaceful coexistence' with DPRK, China",https://news.google.com/read/CBMilgFBVV95cUxQT0pDb2lCUHl5cG16RG5JZnNiY1d1WVQ0YlNXU0lieThLLXJmMVZQWndzb1pOX05iWUVrQ3JlR3UyM1o5YlpDSDRwRXpTeUYxYVk4MEN2QzJyZ3VGbUVPTnZKTFZkUGhrcGV3TmdZV2pZRl9McDBvTDU0S3czanQyNlZqTjN3VWlDZWgzVm1vdTkyc01DbUHSAUtBVV95cUxNZWc0bVBSYkhET3NrT0VrUl81dlptQTJhZ3ZLRW8tMnFWbndZdmZpbktydkZVclBSUzc1Zm5ySVlNaEFUX25rNnBHYkk?hl=en-US&gl=US&ceid=US%3Aen,Mehr News Agency,21 hours ago,🇰🇵 DPRK Drones,https://news.google.com/api/attachments/CC8iK0NnNVliSGg0WkRWUk1uWm1TVWczVFJEREF4aW5CU2dLTWdZaFpaS3VxUWM=-w200-h112-p-df-rw,2025-09-23T06:41:15.569306
"Defence diplomacy: How Turkey is arming itself, and the world",https://news.google.com/read/CBMikwFBVV95cUxQS1VFRk9YbVg4NlN5RzQ0dmRKbGtQcExoUnpXU1E4YXVOLWp4dkdraFJoSms3b3h5N1Zoczd5OFNfQ2twOUF0VWZaMEN6TlA2NC1kd3dkNE1QNWJPTzJTamhKV3luOVRXaUhBN0hVMlN4TklBV194ZjVxOWVCLWZKeDBPMlg1anVxZngwNmJocVI2NVXSAZMBQVVfeXFMUEtVRUZPWG1YODZTeUc0NHZkSmxrUHBMaFJ6V1NROGF1Ti1qeHZHa2hSaEprN294eTdWaHM3eThTX0NrcDlBdFVmWjBDek5QNjQtZHd3ZDRNUDViT08yU2poSld5bjlUV2lIQTdIVTJTeE5JQVdfeGY1cTllQi1mSngwTzJYNWp1cWZ4MDZiaHFSNjVV?hl=en-US&gl=US&ceid=US%3Aen,The New Arab,19 hours ago,🇹🇷 Turkey Drones,https://news.google.com/api/attachments/CC8iK0NnNUxlWGhJV2pRdGVHRlhZVXh1VFJDQ0F4aXRCU2dLTWdhTlFvZ0lJUVk=-w200-h112-p-df-rw,2025-09-23T06:41:15.569309
Drone Racers Converge on Istanbul as Teknofest Stages High-Speed Showcase,https://news.google.com/read/CBMiugFBVV95cUxPTUQ1Vzd4U192UFZCUU10X25vdWcwcno2akV3N19IWG5hT1E5c3hQMjIzVHBqQlJnOHR3NS1MUzlISXlRelBTUUlFRnc2UUt0S0FGV0JCVWltaWR2ZEd5dnVIZHhNUUdfdmNmQWZmYmdLVXNmMG1aSW1laEFGcVN2aXZVc3VFV2ZPVGNqdjh1akszbnVPUFlXcklBTmgwbXcwMWdNcVpZTXlFZzd1T1Z1ZEltUlpVLWtydkE?hl=en-US&gl=US&ceid=US%3Aen,The Media Line,18 hours ago,🇹🇷 Turkey Drones,https://news.google.com/api/attachments/CC8iK0NnNVNPVUk1U2w5bGNraEVYMUZaVFJDZkF4amlCU2dLTWdhbEk0cFJFUW8=-w200-h112-p-df-rw,2025-09-23T06:41:15.569312
Estonia urges NATO to act on Russia's airspace violations,https://news.google.com/read/CBMikwFBVV95cUxNaHBkZHVLcVhhQkp2MWxtcW5mWXUzRkl4TEpMa3gzQTduVUlGcENVdVZoS19qSTh4R3RkNGVBaFhSVnVxZzB5QTFpeDYtYUlJbUpUdjd1QmlKeEYzd0lOUTEwYjBubmUyQVpydV9wdjRMUWtrT2o0SFdwZmZ6RHcyM2NfVTkzMUF0cXUwZHVuVGE2elnSAZMBQVVfeXFMTWhwZGR1S3FYYUJKdjFsbXFuZll1M0ZJeExKTGt4M0E3blVJRnBDVXVWaEtfakk4eEd0ZDRlQWhYUlZ1cWcweUExaXg2LWFJSW1KVHY3dUJpSnhGM3dJTlExMGIwbm5lMkFacnVfcHY0TFFra09qNEhXcGZmekR3MjNjX1U5MzFBdHF1MGR1blRhNnpZ?hl=en-US&gl=US&ceid=US%3Aen,DW,10 hours ago,🇹🇷 Turkey Drones,https://news.google.com/api/attachments/CC8iK0NnNTNjVmwyWlhaTFZXaFBUMkZ4VFJDcUJCaXFCQ2dLTWdhQllZN1dPQVk=-w200-h112-p-df-rw,2025-09-23T06:41:15.569315
"Russia, Ukraine exchange accusations over deadly drone attacks in Crimea and Zaporizhzhia",https://news.google.com/read/CBMiWEFVX3lxTFBtb3ZGdlJQMTJ2WUZyV3FzdUpDWTUzSDdrZ3N4alQ4WjE2R3pRbDMxdnFXV0E4djIxZWxoc2cwT1NIUmJSX0FzcHZDanhjLXNQeWFRa2VTdnI?hl=en-US&gl=US&ceid=US%3Aen,TRT World,21 hours ago,🇹🇷 Turkey Drones,https://news.google.com/api/attachments/CC8iK0NnNXlSVmd6UVhOU1FrZDVSMFpLVFJERUF4aW1CU2dLTWdZUllJd3RzUVU=-w200-h112-p-df-rw,2025-09-23T06:41:15.569318
"Anka-3 stealth drone could shift Middle East military balance, US defense outlet says",https://news.google.com/read/CBMixwFBVV95cUxPZmN0YzYwYjBKcGItOURVRURYQ1JvRWc1OVJTQnpLenoyTXFTelFlT2ZjLVppYUhMNmhyRnRtZndLd1htN2J2VlBwLUFUVFFoOS1WVkl0X0xHWW95S3pZU0NkYXlNd0NZOFd3MkFLSFJYNXV0RnVieWw0MkI5THZ1VldaTHNMSW93Yy1zVnRQRDA3MEtDclp2UnRpMGMxdnU1dzA3X04wdlJBX0wxSnNVNUxURW4yZjVRUXJVV1JnWGRXbnNvQ1Bn?hl=en-US&gl=US&ceid=US%3Aen,Türkiye Today,22 hours ago,🇹🇷 Turkey Drones,https://news.google.com/api/attachments/CC8iK0NnNURMVzFVY0dSUlpIQktibkI1VFJERUF4aW1CU2dLTWdZQlk1VHRxUWc=-w200-h112-p-df-rw,2025-09-23T06:41:15.569321
"As NATO Mulls Response To Trespassing Russian Warplanes, Can It Shoot Them Down?",https://news.google.com/read/CBMigwFBVV95cUxPNEc2TjlhUTdiTWRtLURBbFF0bUJZbHhFOU9RR2h2alhFbzgwUjdHU0ZEcVFwTmVPa1Boc1NhMDBZSFZXdFNVMF85MXhwa1BENDBMcXFDVlg3QnZtUGJYR2tsSXkxdVVxbTZvZ3BEUW9XaW5HbEZibURrMnJkM0ExTUJoWdIBhgFBVV95cUxQREw3VVQ3dVdPa2h5OGtPUTBWaDlfR1VXeTh1TGlpNTA5bDlMWjZsOEg0djZPY2tGT2JITWUtZEotOGFxR0VoelB0QzZ5TEx5cnJHeGtyUFRmTWpYY2RHd3dyRTBVNHRYOVJqLVRwWGJIMFVBTmZZUVN5Vm1CX1o4aXhEa2o2QQ?hl=en-US&gl=US&ceid=US%3Aen,Radio Free Europe/Radio Liberty,14 hours ago,🇹🇷 Turkey Drones,https://news.google.com/api/attachments/CC8iK0NnNHhVR3BuZG1SV00wNXBjbGRIVFJDZkF4amlCU2dLTWdZVllwUlBKUWc=-w200-h112-p-df-rw,2025-09-23T06:41:15.569324
Türkiye Facing Geopolitical Threats and Opportunities,https://news.google.com/read/CBMiS0FVX3lxTE8tMmhvY0pZLWlDblRucmtPZTRTbnhta0kzUmMtMGt4akRPRVNqdThmREVyNzYxSV96NW9Sc2pnaVZaWlNxQklSMUpwVQ?hl=en-US&gl=US&ceid=US%3Aen,Kyiv Post,19 hours ago,🇹🇷 Turkey Drones,https://news.google.com/api/attachments/CC8iK0NnNHhRMU5SYlVsaFIxUkRjVkJGVFJERkF4aWxCU2dLTWdZdGNKQ1ZyQVk=-w200-h112-p-df-rw,2025-09-23T06:41:15.569328
"Panic in Denmark: Unidentified drones in airspace, Copenhagen airport shut; planes diverted",https://news.google.com/read/CBMi4AFBVV95cUxOcDk1X2x4QXFrR1cxWGdobG1hc3NobkE5aE52ZzdsZlh4YjhYUE5RdUZfUjY4eUl2RnZBMklyMDhyX1JUcWFnOVJLbnAxZE95WW1ibnNYaVktN0JEbTRvQ1JtOGFpTjZKYmczQUd1X1JZSkdvRi1aVTlSQ1FPOFAxeHZDWFJKc2NVTmxIZlJWbXduRGpRV3VaWmNEX1hLZ2xELTJSNGZoS2xqOFotWjBxTjdLZ1MxZ3hMN2NGRUdORzNpNlJSRTV1c3IzQV9Fd0JmeTdOc29aOExvZ0xKbFVkStIB4AFBVV95cUxOcDk1X2x4QXFrR1cxWGdobG1hc3NobkE5aE52ZzdsZlh4YjhYUE5RdUZfUjY4eUl2RnZBMklyMDhyX1JUcWFnOVJLbnAxZE95WW1ibnNYaVktN0JEbTRvQ1JtOGFpTjZKYmczQUd1X1JZSkdvRi1aVTlSQ1FPOFAxeHZDWFJKc2NVTmxIZlJWbXduRGpRV3VaWmNEX1hLZ2xELTJSNGZoS2xqOFotWjBxTjdLZ1MxZ3hMN2NGRUdORzNpNlJSRTV1c3IzQV9Fd0JmeTdOc29aOExvZ0xKbFVkSg?hl=en-US&gl=US&ceid=US%3Aen,Firstpost,5 hours ago,🇹🇷 Turkey Drones,https://news.google.com/api/attachments/CC8iK0NnNVhORlY1YmxjMlIzZFROMGh6VFJDZkF4ampCU2dLTWdZQjBJclZ4QVU=-w200-h112-p-df-rw,2025-09-23T06:41:15.569330
Turkish President does not believe in a quick end to the war in Ukraine,https://news.google.com/read/CBMimAFBVV95cUxPaVdQVzFtWDhLT3NCYjVmaDVFaFhsei1CSllSbUd6cThRTHpLZkhTOFd1VEREUjM3VlIxWG96MUVueEJWcTkzRkhEOFFTVktYbElobzlVRVpWdlpiMW5pVndJZTUzdFJuZjF1cWFfa0NFMUdaOW96bFBjX0xlUDYwbDFvMDRRRUs1Rnk2UjVpdXpWeTRocWZHb9IBmAFBVV95cUxPaVdQVzFtWDhLT3NCYjVmaDVFaFhsei1CSllSbUd6cThRTHpLZkhTOFd1VEREUjM3VlIxWG96MUVueEJWcTkzRkhEOFFTVktYbElobzlVRVpWdlpiMW5pVndJZTUzdFJuZjF1cWFfa0NFMUdaOW96bFBjX0xlUDYwbDFvMDRRRUs1Rnk2UjVpdXpWeTRocWZHbw?hl=en-US&gl=US&ceid=US%3Aen,Українські Національні Новини,5 hours ago,🇹🇷 Turkey Drones,"https://encrypted-tbn3.gstatic.com/faviconV2?url=https://unn.ua&client=NEWS_360&size=96&type=FAVICON&fallback_opts=TYPE,SIZE,URL",2025-09-23T06:41:15.569333
Turkey’s Erdogan says will negotiate F-35s during meeting with Trump this week,https://news.google.com/read/CBMi1wFBVV95cUxNLXlvYjlfbVd2SlBsUERhVWxnMmoweWRtclBKaHpvRV91TmpGOFpDVHlKemJqM3paNDk2c1h6SnVuYUF4ZUc0TWh2NG8wei1XU0h0NXBRclVNX0k0c3FVVTAwR3FvSUhHcjZraUFQRXdrVU5URzRLLXhROEFqWDR1YVRhYldJRVQyb0R4WlljVmZUY05nLTFGLXhBU1FnUjE2Y2pPLXRmQTRBc0ZfUmh6QmxNcFN2UG5SZjR1M3ljWlE0ckkwb1k5cTU0cUduZ2lxUC0yQWRnNNIB1wFBVV95cUxNLXlvYjlfbVd2SlBsUERhVWxnMmoweWRtclBKaHpvRV91TmpGOFpDVHlKemJqM3paNDk2c1h6SnVuYUF4ZUc0TWh2NG8wei1XU0h0NXBRclVNX0k0c3FVVTAwR3FvSUhHcjZraUFQRXdrVU5URzRLLXhROEFqWDR1YVRhYldJRVQyb0R4WlljVmZUY05nLTFGLXhBU1FnUjE2Y2pPLXRmQTRBc0ZfUmh6QmxNcFN2UG5SZjR1M3ljWlE0ckkwb1k5cTU0cUduZ2lxUC0yQWRnNA?hl=en-US&gl=US&ceid=US%3Aen,Al Arabiya English,8 hours ago,🇹🇷 Turkey Drones,https://news.google.com/api/attachments/CC8iK0NnNHdZemxTVDB0R2NWUmhjSFJPVFJDZkF4ampCU2dLTWdhWko0aEpGZ28=-w200-h112-p-df-rw,2025-09-23T06:41:15.569336
"Anduril’s CCA Within ‘Spitting Distance’ of 1st Flight, Firm Says",https://news.google.com/read/CBMiiwFBVV95cUxOWnBGN2RjRkR0V2FEa1lnWUpIblhTRTFiSzd6RHFrTnNFU3B2WjFYT2Ytdjk3dkE1bzY2TEpmR0E2RnNCNzBJZjNrR1FaV18tU2JMdFNmY090OVZGN3pFZlJMblVKeWpjbUFtX0dsazRqVnZOTGVtU01JQ3JpT2NlWmFkZlpUUENBSncw?hl=en-US&gl=US&ceid=US%3Aen,Air & Space Forces Magazine,6 hours ago,🤖 Autonomous Drones,https://news.google.com/api/attachments/CC8iK0NnNTZWa1UyVVhGdVkwZFRRa2MzVFJERUF4aW1CU2dLTWdZUmNJb3VzUVE=-w200-h112-p-df-rw,2025-09-23T06:41:15.569340
Innovative SWIFT Drone Takes Hits Like a Woodpecker,https://news.google.com/read/CBMieEFVX3lxTE4xby1IR1dxdmk2MlRzZTlHRTRxVFpSM3J4RkhnVTBmTW9CS2g0ZDhEWF81dEMxRTdLQUNaaUhJUHh1T01fVnF2ekZoeVdHOFYzWlp2Yng4QUxhQ1d1cDJZTXRHVndNTnZ4X3U5WS1EN1hPeTdXRmRxTQ?hl=en-US&gl=US&ceid=US%3Aen,TechEBlog -,54 minutes ago,🤖 Autonomous Drones,https://news.google.com/api/attachments/CC8iMkNnNHlkREkxZVhwRWNFcDBiREJLVFJERUF4aW1CU2dLTWdzTlFJYUdOYVZ6YUVwTlpB=-w200-h112-p-df-rw,2025-09-23T06:41:15.569343
Polaris RZR turns into an autonomous ground drone equipped with a machine gun and artificial intelligence system,https://news.google.com/read/CBMikANBVV95cUxQSUVyb1A1aDlSdFo1MzVQcldScUdIQUN5UUxJUmFpaVJIbTRjUGtIUVVPbUdBQjU0U05qc0I3SnFvcERWZDBHNlR2clJfOHNLVWloSTE3cDRIYkFRZkt1bkhVR2I4RHhJTEFQTEoxZWdDQTJYN0VLaXlPM2FNZDFHcWdKYkJ0T0dtZnczTW5wVmVqaDhCblBNMWRoclBkcDNmX2ZrUnV0eTZldWxLWUV4RTNjSDlkT0tMREN0aTZkQXROR29fVDM0UEdWT3R6OGJTMFNJOHh0bzhEa3FELVJucDBTTV9mcWF6WGNaQjFKWVJ0djZhQ3hId3UtZ0x5Yy1wUzNFc3R2UmtaNmtnUU1Sa1BSbllkbjF6UlptRE10dmR6Y2J6VlNIT1pVcUM3bGw2Uk1Pdzk1SUFwQU11NjRGZURVU2pGTG13ajFhN0R4dmZVTnBnNGVWZWlmanZrZEJXVlF5a21wa3FTd1pUOVk5STB2MFlFWHo5SW02WHhwbXBQTEtUVnRnRURMQjR5SUE2?hl=en-US&gl=US&ceid=US%3Aen,MSN,6 hours ago,🤖 Autonomous Drones,https://news.google.com/api/attachments/CC8iK0NnNWZVRzB5VEZaU1dtTjZkSE4wVFJERUF4aW1CU2dLTWdZQllaQW5yUVk=-w200-h112-p-df-rw,2025-09-23T06:41:15.569346
Uber to pilot food delivery by drone through partnership with Flytrex,https://news.google.com/read/CBMif0FVX3lxTE9DUEdOVDJEenZ0eDBpZVFHZjcta3YwZTF0MmVKbzRPeEdmQW5UR3hnUkhRMWVYdmpLVWw0anRXMGFhejBtcnJlZjNyWlU5T0hRcUoyb2JPeVFLRE1vbENoS3FGTEhOOEZ6NkEyQk1pSnRNRWtDTzg0Y2IycnNVYnM?hl=en-US&gl=US&ceid=US%3Aen,AOL.com,3 hours ago,🤖 Autonomous Drones,https://news.google.com/api/attachments/CC8iK0NnNVJWMlpMUVdaSVJWOW1Na2RZVFJDckF4aUFCU2dLTWdZcGRaVE5MUWM=-w200-h112-p-df-rw,2025-09-23T06:41:15.569348
A Ukrainian developer of autonomous drone solutions has raised $1M to fund its rapid expansion.,https://news.google.com/read/CBMisAFBVV95cUxOTzF5RV91aTdWUVppSkVXUDZjTVRvUXlQc1p0TUtycmFrall2S05FZFIxakhNV2I2WGpEMDJGeklNNDgzNE1tLUhRbjM5bU1PdDRGdmpmeVIxUWhhMjZGbVdCeU5TYWVzSTBaTkZXdXdVdnQxMllIQ0tSVVBFUnJIQkNYOS1qam5JWGdvRHpaQ3ZaZVpUSlZwZEZMVE5sSzNTV05JcnFlcHJzaVJWRS12U9IBuAFBVV95cUxOVDJXVndsWkQ3ZVQ2TGJEc3VscWpZSHlUbGpSOE9UUmg1bXZwaTlFUXhwLURodUxpdFdocmNjN1VqZWphbk9QN0ZmRTNlak1scDBDQ055bGpvYkJiVTlPRzk2Tk1CclpGY1l0VEpjNWFQeFRJN3pLbHJJRkJRbi1fMlY1bVpwUmtva0VlN0h2Z2FlVXptQko3ZktMNElJQjc4NFVCSHVDam9DZkZHUVZKb2xOLTlOS2Zf?hl=en-US&gl=US&ceid=US%3Aen,ubn.news,8 hours ago,🤖 Autonomous Drones,https://news.google.com/api/attachments/CC8iK0NnNW5XbEZNVDFaTU0yUjVUM1ZsVFJDNUF4aTRCU2dLTWdhdEk0eHdtUWs=-w200-h112-p-df-rw,2025-09-23T06:41:15.569351
"""We're Building Killer Robot Armies"": Autonomous Drones Hunt Without Humans While Military Control Vanishes",https://news.google.com/read/CBMi3wFBVV95cUxPV09vUDJ6ZE16U1FOeGExeGY3azJWUkdYWDRNNG94TjdpRG5HbUxJaHc0c09BYVd5TDNMRDZCM3lUR1YwM19nX2h1NlU0N3NUem5STDJCdWk2WVV4ZzFoU1c2TVlVWXlXVWMwZ2dxTEQtTWdKUzVvdzhjaDR0Q0hnaUJ1VndPdnk2UTZWdlJPa0ItbW1nTXk2UHdZdzYwTjNyTTllM2c3WGdJVDdqQWpQVVlZM21KSkplODdEaXlXUzBaMndyTGp5M210M0czWFZEeFlSRXQ5VGxZYm1CQTY4?hl=en-US&gl=US&ceid=US%3Aen,Energy Reporters,18 hours ago,🤖 Autonomous Drones,https://news.google.com/api/attachments/CC8iK0NnNDRWMVIyZVRBMFpGOTJlWFpVVFJDZkF4amtCU2dLTWdZUmtKQXF1Z2M=-w200-h112-p-df-rw,2025-09-23T06:41:15.569354
NORDA Dynamics Raises $1M for Autonomous Drone Tech Expansion,https://news.google.com/read/CBMisAFBVV95cUxNN05MRnVzdWczcWkwNkJoTlpnZk8wSVVhYWM2bTctamNLTW9SUkx0TzN3ai1jeTB4WHBXbVVXT21ZWXljZmhEeThLMWxxcTg1N3VTZzBZUmFiOTI2V0xaaTJWT1g5TldzMGpkQkxnQ1dnMTVQQWJpenhVZE1OOHdtTXh5RUVNYmZTcldodzJZRFVmQ3VUVHZONkJ4bkhJbE9LemxzTUVqRWJkWUZ3c25HNg?hl=en-US&gl=US&ceid=US%3Aen,Odessa Journal,16 hours ago,🤖 Autonomous Drones,https://news.google.com/api/attachments/CC8iK0NnNDBOVlZmVG1oSkxWaEVRMVJ5VFJERUF4aW1CU2dLTWdhaGs0NXR0UVk=-w200-h112-p-df-rw,2025-09-23T06:41:15.569357
Ukrainian Defense Tech Company NORDA Dynamics Raises $1M Investment,https://news.google.com/read/CBMiS0FVX3lxTE9kSjVOZERrVWxUa2lsb0tabS1TZlZoczNDemhjMUxzTUlMeGpnNVhuZkdHSXBZOENYbnlMWU5BX3JVR2FWdzJvelVMMA?hl=en-US&gl=US&ceid=US%3Aen,Kyiv Post,14 hours ago,🤖 Autonomous Drones,https://news.google.com/api/attachments/CC8iK0NnNHljMlk0TlRWMldpMVlSa1pwVFJERUF4aW5CU2dLTWdhOVFvZ1VIUWs=-w200-h112-p-df-rw,2025-09-23T06:41:15.569360
L3Harris and Shield AI demonstrate AI-powered system to defeat unmanned threats,https://news.google.com/read/CBMinwFBVV95cUxPTG5ScXhnSzFtOE96UVZiSTNvWUQxWkhZUEdlY0xsQjhWb0FxQnB3YmNhZHViaG5GVGZUdHc0V3dEaWdpYkRRZlJaNmh6Z2otOGlVb0FDX2ZDM3lKa1RPS2ZTV3IxUVhqREt4VkxPWVE1TDdlbGZWX3dtbTdnUHZacmNnR1FWY1FTOW1HSjQtcUMtd0lZVERXa0VaRGtJaHc?hl=en-US&gl=US&ceid=US%3Aen,mönch publishing group,50 minutes ago,🤖 AI Drones,https://news.google.com/api/attachments/CC8iK0NnNWtUR1ZaZVdocFVXVkdjVTUwVFJES0FoallCQ2dLTWdZTndwUXl3UVk=-w200-h112-p-df-rw,2025-09-23T06:41:15.569364
Lockheed Martin Upgrades F-35 with AI for Drone Swarm Control,https://news.google.com/read/CBMikwFBVV95cUxPaUpHMV9nNk9TVzBWeUR6aF9fVEpPbGNGSEd3LTVEYnVKek9VR0loMmJUS1R3cXhQbjRIcE9zSGx3eldidnltWlhHb0trWVpkRWREWGhsVVZvdExKX0xwU2JMYm1fM0tlU3JRYmZZZVJtZE82akE5QmhLQlJpVXUzbTNGYXNzWGhGRTd0TURGQzBaRGM?hl=en-US&gl=US&ceid=US%3Aen,WebProNews,13 hours ago,🤖 AI Drones,https://news.google.com/api/attachments/CC8iK0NnNVJWMVowWVU5cmVIbGFiMDV3VFJDQUJSamdBeWdLTWdhWmc1aXJNUWc=-w200-h112-p-df-rw,2025-09-23T06:41:15.569367
"AI’s electricity demand is a challenge utilities can’t ignore, but subsidies aren’t the solution",https://news.google.com/read/CBMiswFBVV95cUxNTms3MEZKbXNiaEVLZG1KVmRWVjZWUkFydHZlM2FKcFlRQ3NsYXhYUW44RVJndXhhX0xTWUhJWFRtVEpGbDB1eU5Kb2JPVnZwOTRGZnhTWDVkOF9uWmUxV0lLbjdyQUlLVzFfQWotMVRiRW5OQXV2ZjRFNXQ5amVpa2Z1Q1lQc05zaTV0Rk5UcC1tNWMzSjZMeU5sQjlaYlpZeF9rT212dXlBbUp2NE5uY2thYw?hl=en-US&gl=US&ceid=US%3Aen,Utility Dive,16 hours ago,🤖 AI Drones,https://news.google.com/api/attachments/CC8iK0NnNHliM1JvUkRObll6Y3hVWFI2VFJDZkF4ampCU2dLTWdZQlVJWUlQZ1E=-w200-h112-p-df-rw,2025-09-23T06:41:15.569370
"AI-Powered Drone Market is Going to Boom | Major Giants Parrot,EHang,Flytrex",https://news.google.com/read/CBMikwFBVV95cUxQZEk0QWFVYzhxZnBwdHZUc3h6WlYwZXU3ZHpuQXpUb3VYRmZqYnJEUWY1RVVONV9MUUZwejBpOGlHbERLMmM1eE14dURJWU1BOTkxbG5FU281WTB5YXlJRDJTaFpWblBoVHF6dHpxclpXZWFwRnBqdXhIUVdKQmlxaE9qNVJneVV4Rl90NGUycTd3MEk?hl=en-US&gl=US&ceid=US%3Aen,openPR.com,12 hours ago,🤖 AI Drones,https://news.google.com/api/attachments/CC8iK0NnNXdRWGRIUzBnMk5XNWZlRU5aVFJETUF4ajBBeWdLTWdZQlFJSUpSUU0=-w200-h112-p-df-rw,2025-09-23T06:41:15.569373
Shield AI Advances Navy’s Autonomy Goals with Successful Drone Test,https://news.google.com/read/CBMitAFBVV95cUxQYU96b1c5M2JMak02V3FjNmhKV0FzWXI5TmF1UHpwN3gyMFBnY3NnS2psOUktMUVPdHhCbGhsOXVXS3NKa05kQVNTWFptTWU3SWZnRVpFQVdhTTNjNUlSYU5aeWc0N0JRaEY3clAwM3ZzbklFS1FKSWVLMlVDX3FDaUE4Vml1WjRNZXpRQ1I5UEpKUHN4QmhMVHMxUnJCR210SkxSUHRVM1RWbjR6YzdsVUpCSEo?hl=en-US&gl=US&ceid=US%3Aen,TipRanks,10 hours ago,🤖 AI Drones,https://news.google.com/api/attachments/CC8iK0NnNXVWV0Z5WW1GeWJsWkxOMHBaVFJDV0F4anVCU2dLTWdZQndJTEtTQVE=-w200-h112-p-df-rw,2025-09-23T06:41:15.569377
Granta Autonomy Unveils X-Wing Loitering Munition with Sensor-to-Shooter AI,https://news.google.com/read/CBMirgFBVV95cUxPWXFIQWMxdVQ0eUlVNzU4ZENlbWhHRnlnekxCanMxbjZLemRyVElqbEdwc0ZscVg5NFNoR01CTE1yWS10amlnTFRMMnppTkdCbldIdG9tR0RPOWhTUFdrVGIzY1FkaUtGM1ZMV3JaNW9xUE1GQ3h5RzZxbVpyNUFNSVFhQXd3TGtsVXhDRUhCQnh5RVFIWThPLUtWN09DTjBTNzNBMGtweHpSTDdPNmc?hl=en-US&gl=US&ceid=US%3Aen,uasweekly.com,18 hours ago,🤖 AI Drones,https://news.google.com/api/attachments/CC8iK0NnNUROWFpITjJ3MVlWZEdia3RrVFJEOUFoaW1CU2dLTWdZZFE0eHNxUVk=-w200-h112-p-df-rw,2025-09-23T06:41:15.569380
Tron Future Tech announces Canadian AI partnership and Sweden contract,https://news.google.com/read/CBMi1AFBVV95cUxObU9lZHN4c1Y0S3hMYnFSTENfbm13dTdvZmZZc19XUk5nVlFqdTNrcE9XT3czd1FsTTlFaEFzZC1nOUpfOUl4dUhlZGlhU1RicVczZUdSU0xjWVdkRjBWTWtObngwbmpDX0YxQ0hLWTRvMlg4VFJxQVY1dFRNbWJlYVgyVHotSFpXbUlndlpuUi1FZXVhaFlfVzNVSEduMjN5MlM3aFNXWmpmSld2c0NFX1I3ZEk4a0pPUjBoRDRaX0Zrc2lXVS10ajQ0Z3doSkctRU1tcA?hl=en-US&gl=US&ceid=US%3Aen,Unmanned airspace,21 hours ago,🤖 AI Drones,https://news.google.com/api/attachments/CC8iL0NnNDNNWEpQVEdFNGIwcEdVM0pEVFJERkF4aWxCU2dLTWdrSlFJaG5wbWM5N1FF=-w200-h112-p-df-rw,2025-09-23T06:41:15.569383
"Ukrainian Toloka showed three underwater drones with AI and swarm mode, which will go into production",https://news.google.com/read/CBMikwFBVV95cUxQSnNPYzZsaVZHcUNOY2EzTXJock55WlZzMHZKcGszZHdWNHU5Smw3QzFuQU41YWZ5QjNjeG9YWU11VDB1UlNNcFVrNWR0Nk11RG1Yd2hfRWlPOEwxVXFXYUszUldUNUdVSkc3X2JSU2c4SVlMWTF0LXk1dTNKWWlDdTFhWXViRGZfakJkQXZGRlFEak3SAZgBQVVfeXFMTzEyTmhlaVljOXcwZWphZmFNb0o0a3FFOG9ZNm5XLXBiRG9GS013cEZxRXc1NUp0T3REUHdGRFlVV3BNbTl5YmpqdmNKQTNRVVhwSG9fSV8yTHpmWk91R2ZHTTlKTzZjQ3h2eFJPUmNteGEzZzBnZ0Y4ZmZpbkU5cXlPbk9TVzA4THZ6MTBLOGFlOHgyOTRUMG4?hl=en-US&gl=US&ceid=US%3Aen,Mezha.Media,15 hours ago,🤖 AI Drones,https://news.google.com/api/attachments/CC8iK0NnNXRRVGxhWVUxWmF6azRUSGhuVFJEOEFoaW9CU2dLTWdZRklLSldsQW8=-w200-h112-p-df-rw,2025-09-23T06:41:15.569386
Why modern air defense demands layers: inside Türkiye’s Steel Dome revolution,https://news.google.com/read/CBMi0wFBVV95cUxOQ3Ftb3UwZ1dzS0o2SkJHRUw1RlBpNVNIVUxYU3dGWDhaTE9YclhUazBFX0I5Qk55a2J1ZWEzbWFQTjJHZlROd2gxWGE5eUFWX3JYbUtVQzVSMFZYYTFxejhWWVQwbjllVnZQeFNNQ3pDSzE1a2pXMWhQRlEzUERYMmhHa3RjWmlJT2hQcGo2Mmc4ckFlR2MydU5yWWpucHo5ZHlHUTVNS3hWakJzdmRBMjhzQ3hwMGlhTldHQ2tyWnNUVGkwWjIwZXlVbEY1aXl5aGZ3?hl=en-US&gl=US&ceid=US%3Aen,Shephard Media,19 hours ago,🐝 Drone Swarms,https://news.google.com/api/attachments/CC8iL0NnNWhVMTlWTjI5WVpXTm1Va2syVFJEREF4aW5CU2dLTWdrQkFKTHhqT3VDYndF=-w200-h112-p-df-rw,2025-09-23T06:41:15.569389
"AI, Stealth & Drone Swarms: How India May Benefit From Europe’s 6th-Gen Fighter Jet Project",https://news.google.com/read/CBMi0gFBVV95cUxPdlpKMFFyNmxZMGxGWkh3NHpfVVQ1VVBJTTBxNUVmNUhibXFmdXNtZWg0ODFtLTVqQ0ZLME1CVDRhWUF2bnl1c2pSUm1EbFNPVVVNUGRSSWVhb201X3JCNHl6OXpBaUFqQ0NIZXdsQmM1TWFlYTk1NklmbWN2Rnk3YnI2aVBfRTVsVVNGdE5aX3pKakFobkVkRVBfYnFhMGsxZjREeERlQUlUWG1NeXZ3UmNIR1QxRGlUS1kzUjlDMDB2Y3kzRV9nR0ItV2NGUGprWFHSAdcBQVVfeXFMTzRIU2x0U09RVVMyNmt0djJhSzR3eHJ2TFFweFFCU0FtVlVXYjBKamp1NzhjNzFrZVZhcC12SkRQbUNQbWFIV1hmeldyU01qeF9rdmtHQ1UxRWctZjRzV0hLNTFDR2JidThnM3AxQTJpWEVicWxHQ0RRQXlWdWJsdWdqRzZoM3ptdEJNNW1YMWlXcG5QVDVNam9pZUY2Vk1QZkFFRmpaX1dfakU4WGJZM1F4Yk9UUGxsbk0takxyWVNZd21YUXBmeUlsVUpsbWl2b0M5T25kMzA?hl=en-US&gl=US&ceid=US%3Aen,News18,10 hours ago,🐝 Drone Swarms,https://news.google.com/api/attachments/CC8iL0NnNWxiRk54YlRaeWFscHVPR1JWVFJDZkF4ampCU2dLTWdrTlFJclNvS2RUVVFF=-w200-h112-p-df-rw,2025-09-23T06:41:15.569392
"""China Builds Digital Great Wall"": This AI-Powered Defense System That Shoots Thousands Of Drones While Protecting Naval Ships From Swarm Attacks",https://news.google.com/read/CBMijwJBVV95cUxNXzBXOUg3WEpXSzZpOEg3YVZnRVBRWnJZYjBXMG1CZ19EM1pxeURQV29hYU1qZ0VoMUZZanNVTjdiSmRwOVZxQllHblh4TGZmNUcyVjMwZERQX0hkMEFBZ0kxUEhVOG01US1zUHhQYV9yVVp3QXhKZjAtLV9xRkR3NVpOVFIwT3ZuNUIyMTVtRjloWkFQZ05ENGxzYm93R3lFNjhUQTJ1b1NBdmlnTmpfeUF1dFY2bFRWR3NrWjVNM0ludGhXNmhodm15SXFnLWk0ZWNVd2RIMF9lcmk2Rk40cnZpV0JLOG5RLVFfWmtVMEx4NmVLOFFzejJod3BKMHl6RWhkb2dCQWs2eVhyT3Jv?hl=en-US&gl=US&ceid=US%3Aen,Visegrád Post,29 minutes ago,🐝 Drone Swarms,https://news.google.com/api/attachments/CC8iK0NnNXlUR2xtZEVoWUxYZHdOa1ppVFJDZkF4amtCU2dLTWdZSlVvcU5xUVE=-w200-h112-p-df-rw,2025-09-23T06:41:15.569395
"U.S. Military’s Counter-Drone Capabilities Lag Behind China, Report Reveals",https://news.google.com/read/CBMioAFBVV95cUxNMmxnQktJR0dIX01hVnRsQldXM05LVEZIci1xMzdtbnVoQVpac3ExT0pkMEVGamxka3RQc3F2UFN4REhWOGpnMkJ1T0diUnVrNmo1QlBiMGU3R3cyWmhXNW9iaUxnaHdZd0d3aEExbXFkeUxQcWNWWVdabXJrV3ViTHdHb1NSbl9WaVhqZS0tejY4aXFlb2JVMEhRcFE5a25N?hl=en-US&gl=US&ceid=US%3Aen,SSBCrack,3 hours ago,🐝 Drone Swarms,https://news.google.com/api/attachments/CC8iK0NnNXFlVzVLWjFCWFIwVmpaV28yVFJDV0F4anpCU2dLTWdZWk40UktuZ2c=-w200-h112-p-df-rw,2025-09-23T06:41:15.569397
"Exclusive: National Grid says drone program keeps crews safer, can reduce outage times",https://news.google.com/read/CBMitgFBVV95cUxOR21MYTNJWFdnblRXektibC1HRnVSd09EcHBjSFp2OGNmcFY2Y2h0TVFNV1hmdVRXR2Z3T3VGbDV0SU5KR0I5ejJJa2l6SVpacGlIQ3p1QTBNZ0swb1FYSGhOY1BfQU4xcVJxU0Q5NmY1bkdTaW4ySHZidksxWmF2Qmtib3BPTlBfazRTdGhHU2FwTUVCTlg2d1RkOWFhQlY4TEtNbTA2a1NZbUpMajlxZHFFOVhvQQ?hl=en-US&gl=US&ceid=US%3Aen,WSTM,8 hours ago,🔬 Drone Technology,https://news.google.com/api/attachments/CC8iJ0NnNW9lVXREY25neVMzQkxOamx4VFJDZkF4amlCU2dLTWdPdGRBdw=-w200-h112-p-df-rw,2025-09-23T06:41:15.569401
'First in Flight': North Carolina's first Drone Con held in Piedmont Triad,https://news.google.com/read/CBMinAFBVV95cUxQMThScHlNZl9VVzU5YmV5UUc3T2l0eDBhSk0zUXpvM1dTZy1CRlhrYXRMRWFtZW9PNUFkUFJ1aWxNX2syaWhyMVJLTkpmNDBSUU5IZjVlWm1YRXZ0YTB6Q2tsbG5DVjZZSERoc1ZNeUc0cXpHUDJwRkZCX0ptSkNRMVdKREo3b1RIX2tzMDdJWHB4SlJvcDd2RGxrZ3o?hl=en-US&gl=US&ceid=US%3Aen,WXII,7 hours ago,🔬 Drone Technology,https://news.google.com/api/attachments/CC8iK0NnNVFXRlkzWVdaUVRVSTBRM3BWVFJDZkF4amlCU2dLTWdZQklaRExJUWM=-w200-h112-p-df-rw,2025-09-23T06:41:15.569404
Wiregrass introduces new Recreational Drone Piloting Class,https://news.google.com/read/CBMiqgFBVV95cUxQbFhSYzV0d21xczYxblA4NWRTMlhSUjg5NUZCQXY4em5sTTVRSkVMQVZvS0ZXb1Zod0R6LXVldUFOel82SU1sSzVCSmRqWmgyU1lZZ1c3SUwycnJqOVpESXIzb2VBbndKSktibnJTaWE1NWY1WE1DYWJzTi15V2hET2diNVYzaEhMQ29PWi1QR0ZZblMxWFAyLVVCUG1fNi1DZlJlVnU2Zzk4dw?hl=en-US&gl=US&ceid=US%3Aen,Valdosta Today,7 hours ago,🔬 Drone Technology,https://news.google.com/api/attachments/CC8iI0NnNW1SbGRwWW1SNVNUaGhibmxIVFJDN0FoajJCQ2dLTWdB=-w200-h112-p-df-rw,2025-09-23T06:41:15.569407
DroneShield Announces New US Research and Development Expansion,https://news.google.com/read/CBMingFBVV95cUxOeG1tMnlIb2d6cWZELTR0YjV5bC1iTTZTcHRHX1phbFVNT0M3Q3A4Ym83WWI5RV94dWIwWUdMMnBhOVlMcG8ySWk2MUVhZXRpZktiYWtEeXRwUk41cGwwWEhZcjlsNFdhSzBfYkJ4QWJlMEpsN3pac2xJQnM1U3hfYmZmdEctTVJIUmpFR3FQU1pjWld0STdkMjRvN3JEd9IBowFBVV95cUxOVXJEME9Eb3lvaVB4VVRsM1htLXUwOURZWjNjcXNyajFMaFlRb01pOGhMYVVTalk4ZUNlSWVraUlNWFEySWd1ZWNFVXZGa25wb2hfaFkyQ3JHVmI5cmZFejNSNmNXcWxXd0RjM2YwUTExZkxaWU8tb0ZDRGpkYXBmTHBOdTZrREhQSi1DRGRCUEg1bTNFcGRBM0VUd3d0Y1Vub1k0?hl=en-US&gl=US&ceid=US%3Aen,Dronelife,15 hours ago,🔬 Drone Technology,https://news.google.com/api/attachments/CC8iK0NnNTVRVGhxZGtkdVdISnZZM1EwVFJERUF4aW1CU2dLTWdhQlVaRDFuQWs=-w200-h112-p-df-rw,2025-09-23T06:41:15.569410
Worries mount over drone incursions on sensitive sites,https://news.google.com/read/CBMirgFBVV95cUxOLWpTX0h1MHVxUENyVE41RzBiSFM4MndBUFhLYkVRckcyN25rWEhDc19DQXFJcjBhdzlNbmI3cE9ZZi03OUlPcFA0ejRVb2VwOHdZWXI3Mlp6NHJ0RV9UOGM1R0l1bVpfRzM2VjBkUXh5cHNaeDJneUMwTEhud0tfajk1MWZWdHNCRVJJM2E2WlNTdjlHdnpERDRSY3pPanZialNWMkc5LTJJV3FwUGc?hl=en-US&gl=US&ceid=US%3Aen,Route Fifty,13 hours ago,🔬 Drone Technology,https://news.google.com/api/attachments/CC8iI0NnNTVSVVpUWkdFdGNUVlBYMUZqVFJDWUFSak1BaWdCTWdB=-w200-h112-p-df-rw,2025-09-23T06:41:15.569412
Startup develops game-changing drone to fight back against disease-carrying insects: 'The technology only works if ... people trust it',https://news.google.com/read/CBMikAFBVV95cUxOMTVtaDAydzVaN0ZuN1ZUWnNrTy1nWllCV2VaalRHSm1hWGlDRXdOZzAtbjctRlYtQm9pVWN0bXowcnpLZHJnYUpsNVBjbjBxaTRYLU5FVkJDdkR5cnVHUy1OSW5Jc3lybkFhZlhkZlZxOFpHa1Q2YnFnQy1DMldXTEx5Y0VIRUFUby1zdHNjS24?hl=en-US&gl=US&ceid=US%3Aen,Yahoo,2 hours ago,🔬 Drone Technology,https://news.google.com/api/attachments/CC8iK0NnNVhlVkl3Y1d0UFJXNTZVSGxQVFJDZkF4ampCU2dLTWdheGtvWXpOUVk=-w200-h112-p-df-rw,2025-09-23T06:41:15.569415
That Drone in the Sky Could Be Tracking Your Car,https://news.google.com/read/CBMif0FVX3lxTE9nTF9BSF9IUGVnR2JmTS05YWpWVTVQcTl5Q2kyb2VJRW8zamFiVWdabEVJQV9oaTE1a0I2Z2J5N3RUd1hGNzRWQ3dDTjJuMXF3NTk1cmlTS0xVWl9mM3ZUcGQ3cDRtdVJKUlV6NE54M19VS2tZYms3Z2F6WndxNE0?hl=en-US&gl=US&ceid=US%3Aen,Electronic Frontier Foundation,18 hours ago,🔬 Drone Technology,https://news.google.com/api/attachments/CC8iK0NnNTJRamxTT0dwRU9GWXhOa3hVVFJDSEF4aVBCaWdLTWdZVllvd3JyUVU=-w200-h112-p-df-rw,2025-09-23T06:41:15.569418
"US, Japan formalize SAMURAI project arrangement to advance AI safety in unmanned aerial vehicles",https://news.google.com/read/CBMi0gFBVV95cUxPbGdOaVRKRGw3VVRVQ2J5T1c5aDNZdVRoWVFIWEVCcGpvdUNKZmJSZzRGb3M2ZEh4UFpfMjdTLW1TeWFfdmhqd3RqWVUyMThTS2RISnlhbTZORHJLa2k4dmNGeDVBTTV6WExPZ0ZiMUh3OG1tRXpfZGdCM3lmZnJjcjhhY3lzZVZXZVc3Z3JGT1ZfcnZ5WHJ5N0NXNnNYSUNqSnpsRWNGWk1jNkJjaFVqNXlZLTRUbm5MZ2t5dWpHOFl2dTF1ZnlZSmpnOFFnamo5OHc?hl=en-US&gl=US&ceid=US%3Aen,af.mil,10 hours ago,🛩️ Unmanned Aircraft,https://news.google.com/api/attachments/CC8iL0NnNDJhRlZMUVhJeGF6RlJMVXBtVFJERUF4aW1CU2dLTWdtQlFKS0hKdWhVQ2dJ=-w200-h112-p-df-rw,2025-09-23T06:41:15.569421
CEAT’s S2FAR Lab leads the way in next-generation flight research,https://news.google.com/read/CBMi4wFBVV95cUxObTE2MVg1RGRRTzJjMGJlM1o3ck50SFVBVmdWNHpfYmRPdUo0Tlo2WmVEUmthdE1mY3lUYkxoQ25iTzV4UVNrdjBIMGJVb0o5TVgzT2dITnVSRlltdVpDMmE3a3BjbVRHVU84Z01tbTh0eW5pTld6c3o0aHpDNnRWcEdDS1I5SFBxTGsyZ3k2eHFZck9zMUwxcS1zVTZXMEZNeGl6dk5wLWVjX1VaSlhJaDJEUnk1MWNYVDVMa1pCSXNJZ0xDZWd2M3FYTUtrVVV2QzA2bkJra3hVYUZCZTlFSHE1MA?hl=en-US&gl=US&ceid=US%3Aen,Oklahoma State University,14 hours ago,🛩️ Unmanned Aircraft,https://news.google.com/api/attachments/CC8iL0NnNVlkVkZWYkZsck1YQkhXbTFKVFJDUEF4aUFCaWdLTWdtSklwaEhuaWs5eGdJ=-w200-h112-p-df-rw,2025-09-23T06:41:15.569424
The best travel drone of 2025,https://news.google.com/read/CBMiakFVX3lxTFA3eHpJWlJHQ3NLd29hLUJ1eUhvVlFLZk9WV3RnVVpENEV3MmVhZ04wVmY1NlpQZWZwdWZVWHJqUVphQ2dhb0Q4Y05fX2w3NlRfbXU1dlliWTZGTmo2eU1SbTZ0VTZ3eVpwTVHSAWpBVV95cUxQN3h6SVpSR0NzS3dvYS1CdXlIb1ZRS2ZPVld0Z1VaRDRFdzJlYWdOMFZmNTZaUGVmcHVmVVhyalFaYUNnYW9EOGNOX19sNzZUX211NXZZYlk2Rk5qNnlNUm02dFU2d3lacE1R?hl=en-US&gl=US&ceid=US%3Aen,The Drone Girl,2 hours ago,🛩️ Unmanned Aircraft,https://news.google.com/api/attachments/CC8iJ0NnNVROamhQZG5rd1lYUXhNMlZXVFJDZkF4ampCU2dLTWdNQklRdw=-w200-h112-p-df-rw,2025-09-23T06:41:15.569427
Drone sightings close airports in Copenhagen and Oslo,https://news.google.com/read/CBMicEFVX3lxTE9WQkhLdUdiR3YxOGFfdGxxNmN1Y3RMcGtVYnVKbnJGNUdLanM3Q1VsSkVpeVpXV2NjeE5tdVlYandYVUV3cHpfSm9fOUVzSEJGUjFQR18ycTd2c3daTlFPc19xcmxUNmFRNjFISjRaR2Y?hl=en-US&gl=US&ceid=US%3Aen,Financial Times,10 minutes ago,🛩️ Unmanned Aircraft,https://news.google.com/api/attachments/CC8iL0NnNVpaMlE1TVV4Mk0zVmhhMk5xVFJDS0F4aThCU2dLTWdrWklJaVBOQ1NhWlFJ=-w200-h112-p-df-rw,2025-09-23T06:41:15.569430
Paras Defence Eyes Government Procurement Of Drone Jammers,https://news.google.com/read/CBMiqwFBVV95cUxNLWYyTnBlUnFzUDlfOGZWdGYzWloyaDdqeFlCWjc4WjZVaFJKNGJyLVZuRTI3Mk93dno4RVpfWUVaQjdfR1ZfOHhGNU5ORUtPOFQ4SF9jbHdvRUZHQXdKOHFJMmRCS1pOWnp4TzlGVEhEVWpVeGNRTXVhaFJIU1UxTjBwTTRMMjl0TVM0UGthQTNIMThodHZlQWp3UGE2N2FFWUFEcmJ4T1J6NEE?hl=en-US&gl=US&ceid=US%3Aen,Electronics For You BUSINESS,27 minutes ago,🛡️ Counter-Drone,https://news.google.com/api/attachments/CC8iK0NnNUlNRzU2U2xCelNWYzNSazR4VFJERkF4aW1CU2dLTWdhbHBKU3RPUWM=-w200-h112-p-df-rw,2025-09-23T06:41:15.569433
"Russian anti-aircraft units down drones in Moscow, other regions",https://news.google.com/read/CBMixgFBVV95cUxQS0FUSG9SRU81NVhjZTNCeldtbWdIXy1zNWNpcXFwMUQ1RVRXSHVrWmNHamdTYS1oWlRUMDF3NGc1UV8xcEMyQnlQbllKTFdieWVfcjA0UHlBYnlYV0RXczRQNGNmczEyVy1jODdrYUZuQ2R6MndxR3BJdVJMNEF4dW94N2VyUXFaSlVFNTFLN243UjlFVUtPYjV4SFhQMlpzcTRUVml0d1ZxQjNUVFFSZ0o5N1IxYmdkZEItQ1M2ZXhjV3l0UmfSAcwBQVVfeXFMTnhtQWRIeVFFOHFPT3VqSW5MMzFBZ3RyeS0wbVlHcjhKYWRhRl9mQ1dpT3BlMXBIMFVMM0VxUG5UckpsYVoxaU9SOXRaUHNZd01oakZsY0pHV25NWGd3eWZTZWxGbUdjZ0h4dGEwU29ZSEtsQk5SV2l2RFVjaDhqdnNYNHRhcFViWXN5eHVSQ0ZfSnpUOWx6SVdNLXBvbkNhZldNb0syb3FYRGhybFIyVnFmNW5jTEJrSlZtVVRlZzZRUHNWaVZrdS1VZk1T?hl=en-US&gl=US&ceid=US%3Aen,The Hindu,3 hours ago,🛡️ Counter-Drone,https://news.google.com/api/attachments/CC8iI0NnNVZPVGxoVlhSRk9HOVlOVFI2VFJDZkF4ampCU2dLTWdB=-w200-h112-p-df-rw,2025-09-23T06:41:15.569436
No European Country Has Tools to Defend Itself Against Russian Drone Swarms?,https://news.google.com/read/CBMitAFBVV95cUxPTl95dVhWVW9sTHEtY0R4SjJNYUxEc2FwVGlHdHJpcEREbnFWZWZHeGtzZTZjQmFmRHZyZV94Q2hMR1NSbGh1TFFtQ3lmTnNHS29uRnlmc1lXSUdNZUM2NmYyRHVRaWVoZE5HUWhmUlBqYlR1MTBpTW5tRHJ6TFJmT1J2OVBTMkF3QmVLV1lGaVZMeVpKZXdvQlowZlpJS3cxV1lXckRLZmVmekpkYUhrR0I0T3A?hl=en-US&gl=US&ceid=US%3Aen,Technology Org,16 hours ago,🛡️ Counter-Drone,https://news.google.com/api/attachments/CC8iL0NnNVBhMXBYYUcxb1gybGhhVTFHVFJERUF4aW5CU2dLTWdtQlVJRFRxQ05yZUFB=-w200-h112-p-df-rw,2025-09-23T06:41:15.569440
EU defense commissioner to meet eastern flank countries on ‘drone wall’ plan [VIDEO],https://news.google.com/read/CBMijwFBVV95cUxNS1Y5MWJ2Z1BzYUcwQmRmeXRZUUI1d1lVbVFFTHByQ3VNTHZrZEo4TmdWRkVmcWJ1OXIzeENCMzNsNEJLcGQxeHRlVHlGb1hObUFmNW9UODBNejFQNTdxUTZzck83bTJsN21uMzNGS3gtREdqeDRrZlpSZERtd0xzdW40d1lVYWJsbHhVUGlLRQ?hl=en-US&gl=US&ceid=US%3Aen,TVP World,13 hours ago,🛡️ Drone Defense,https://news.google.com/api/attachments/CC8iK0NnNUpTRGRpV0RSVFNYSkRSRk5wVFJDZkF4ampCU2dLTWdZQlZKQUVKd2M=-w200-h112-p-df-rw,2025-09-23T06:41:15.569443
Ursa Major Wins $34.9M Draper Engine Contract for Space Defense,https://news.google.com/read/CBMidkFVX3lxTFBYeWx2bWhxcEZMbXR3ZGRQakRIV21uYnVCa3hGT3VVZ2VDT3ZvWnk2U29JTlpGQmo1ZmVleHpsbE8tSWJ5YTItZV9VQ290UTZSdzdmd1dnU1I0SXhrbGFfd1JnOTVjcHI4STNXS21zdWVEXzZMNVHSAXZBVV95cUxQWHlsdm1ocXBGTG10d2RkUGpESFdtbmJ1Qmt4Rk91VWdlQ092b1p5NlNvSU5aRkJqNWZlZXh6bGxPLUlieWEyLWVfVUNvdFE2Unc3ZndXZ1NSNEl4a2xhX3dSZzk1Y3ByOEkzV0ttc3VlRF82TDVR?hl=en-US&gl=US&ceid=US%3Aen,The Defense Post,1 hour ago,🛡️ Drone Defense,https://news.google.com/api/attachments/CC8iK0NnNWpiemxoZEhWNlRFUmpXRWxPVFJDbkF4alZCU2dLTWdZWmtJcDJ3QVE=-w200-h112-p-df-rw,2025-09-23T06:41:15.569445
Taiwan parts makers capitalize on defense export surge as drone wars reshape supply chains,https://news.google.com/read/CBMilgFBVV95cUxObFhsa0RlS2k0Q0Z1ZXpWUFhsVVBsd1BkZnItUW9RbmY3N1ctNkJHUnBlaUZPZzVlSnpMRHZjdDIweVpjVW1QRERRYml4TzFyNlByRGY2cGlmZWZFTXJqakZKRlJfSnVNcDF2VEREYUFyVERSQzJScDR1cHBFbFd1SmYteDFzRDlnNFFRQnR4amRFbUc0cVE?hl=en-US&gl=US&ceid=US%3Aen,digitimes,5 hours ago,🛡️ Drone Defense,https://news.google.com/api/attachments/CC8iK0NnNDFSM0ZJZDFGaWJEUjFVMGR4VFJDckF4aUFCU2dLTWdZQmNJeExOUVk=-w200-h112-p-df-rw,2025-09-23T06:41:15.569448
"Ukraine Repels Russian Missile and Drone Attacks from Kursk, Orel, Millerovo, and Crimea",https://news.google.com/read/CBMijwFBVV95cUxQMGN2VHB3ZVB4Ul91NGttRXlzWXM3X1VoVTczM1duR0RDWkFGb2NHQkNQT3J4bUNJblhmdWM4SmgzdU1IS3M4OFQ2SExnbzA4cVNyOXB3aEYtQnItZWxjSnRxNGM2czhidTZMTVBPU05VWnhWd29aWnBMeTM2aWFtTkhKYVI3bklkUDRuUDhNUQ?hl=en-US&gl=US&ceid=US%3Aen,Odessa Journal,9 minutes ago,🛡️ Drone Defense,https://news.google.com/api/attachments/CC8iK0NnNWllV3hqVDBscmFWQXpjVVZUVFJERUF4aW5CU2dLTWdZRmNvWUdQZ1U=-w200-h112-p-df-rw,2025-09-23T06:41:15.569451
Game Over For Drone Attacks? NATO's New Laser Can Zap 20 Per Minute,https://news.google.com/read/CBMib0FVX3lxTE5Mamg5aEdOeUNXZWdPNVhmbU9peW55bVd6R0hhWXMwalFxSFc2cFdRRlA3elZ0ZVJaYlFrSjBQcWJUN2lOOEhxb2lFLVV1R2JxdkZXOUhwWjAxSHl4OHk5OUVrQmlWdzRCYnFWclZRUQ?hl=en-US&gl=US&ceid=US%3Aen,DroneXL.co,18 hours ago,🛡️ Drone Defense,https://news.google.com/api/attachments/CC8iK0NnNUVlVXAwTkZobGFVMXZORzAzVFJEREF4aW9CU2dLTWdaQmNJUzFVQU0=-w200-h112-p-df-rw,2025-09-23T06:41:15.569456
DroneShield Expands U.S. R&D Operations to Drive Next-Gen Counter-Drone Solutions,https://news.google.com/read/CBMiswFBVV95cUxNaDVEZ0kySlVPcDc3QWNSSHU2b1dmYlhiRmJNb1gwbjBzcVU2MUhxcXVFNmI1czF4MEcyZHhvOFVBNXY2ZmNEZW1saUZuSW4yQmFZbzJHZS1LbVdrN1ZXU240akN4MzN6VU1HNU1YZ2d6b3hFWXRaa19KdE5XMkdWUGVlT29udy1yTWQwNk1SckZ1SEJFQlpCSmZHNl8yaHpvVVAwaTh2WmQzTTlGbVVJcGg1WQ?hl=en-US&gl=US&ceid=US%3Aen,sUAS News,14 hours ago,🛡️ Counter-UAV,https://news.google.com/api/attachments/CC8iK0NnNWlXa3hwUkVad09XaFBNVkZFVFJDY0FoamFCQ2dLTWdZRkVJRElsUWs=-w200-h112-p-df-rw,2025-09-23T06:41:15.569459
Robin Unveils Ukraine-Tested IRIS Radar With Longer Detection Range,https://news.google.com/read/CBMiZkFVX3lxTE5WVlZ2S3k4elVjX1MybUI4R2dPYTFTV0o2bmNPTnVUd1Q0RU9DRWFsUFB0Vm52b0hOeFl1X3JJUWRqODl4UmZmek5wcUt1NzNkbk1xSm9BV2h1RXFla29QTzJsWWtHQdIBa0FVX3lxTE96YjNFNVNFSUV6c2FIVTYxd0JQcnJ1NnV5QTctLUxQUXFMdjFUWDVsU0pLY095QWppWW1KUkhQanlnOHVEVWFBM1REcGtVc29XeFVpbW5wb0NnSWFHMWUxU1d6eWQxSnFjZGJj?hl=en-US&gl=US&ceid=US%3Aen,The Defense Post,17 hours ago,🛡️ Counter-UAV,https://news.google.com/api/attachments/CC8iK0NnNVBWRFJHT1RkRmJqTlVXbEl5VFJDZkF4ampCU2dLTWdhTjBvZ3Z5UU0=-w200-h112-p-df-rw,2025-09-23T06:41:15.569462
"Unmanned Aerial Vehicle (UAV) Industry Growth Is Unstoppable - 2025-2032 Trends, Investors Must Know",https://news.google.com/read/CBMimgFBVV95cUxPenR2dElvVzBZWlFTdWxnUUtwY1RfbFlYT3VUZXFIZ3VpekhoWlh4SjFBTzZjUHVQS3lLR3Z2c3JseGxwRVNhanFyMVJVQ1Q2SXNkT1VVNVBZczNJanFQU1M4X0ZrbHZob2RBcWg4YzNvT1Y3NDFHMkpCOXQ5ZTZLcmFoNmJsbkdnT1dwd3FsbzdiN0FKMXRWSlpR?hl=en-US&gl=US&ceid=US%3Aen,openPR.com,20 hours ago,🛡️ Counter-UAV,https://news.google.com/api/attachments/CC8iK0NnNWhiVjkzWDNWRlRVMU5PVXRWVFJDM0FSaVRBaWdCTWdhQmM1U05MUWM=-w200-h112-p-df-rw,2025-09-23T06:41:15.569465
All Scorestreaks in Black Ops 7 & how to earn them,https://news.google.com/read/CBMikgFBVV95cUxPZ0dXVWFJMUM3Um81UjlhRVpPa1B3cllxNUQ0SVN4VHg0MWhsbTZNSTZudkJuQkxZRWpNY3Y2UEhtcVV0bjJZXzhoek80cWFFcGxLNUFYRGN1cnNxbS1DdlUyVi1Qb2pNVVFHZ1ZydkVPWjMtZjIzZzNDaDg3Y2tMdWtGWS0tS3pYT25FVlJ6NXB0dw?hl=en-US&gl=US&ceid=US%3Aen,esports.gg,5 hours ago,🛡️ Counter-UAV,https://news.google.com/api/attachments/CC8iI0NnNDVUMm8zZVU0MGVVVXhia1JUVFJDb0FSaXNBaWdCTWdB=-w200-h112-p-df-rw,2025-09-23T06:41:15.569468
Europe At A Crossroads And Berlin’s Leadership Opportunity – OpEd,https://news.google.com/read/CBMipAFBVV95cUxNZUoxc0x4TGxMQnk5WS1BNHFKczgxSU1uUGl2dkNGOU9faGhIdkNBc0VvMUdmR1R5UGFwZmdCOUFDQ282Z2U2MGJvZmwxRU5WQzBKT1lteFVocU11S3J5WUhsNDNpZnZEenlYSl9pMEFvLXZJRmQ4RmVycmpDdU5MVFdIRWl3a2NibFhhNnRVMXBmX1VYYy1JM2NVZnZVbmR3N1FINA?hl=en-US&gl=US&ceid=US%3Aen,Eurasia Review,14 hours ago,🛡️ Counter-UAV,https://news.google.com/api/attachments/CC8iK0NnNVdhak55VjNKbFRtMDRiVkZKVFJDZEF4am5CU2dLTWdZTk1vNUpOZ2c=-w200-h112-p-df-rw,2025-09-23T06:41:15.569471
Apellix Launches Spray-Painting Drone Program,https://news.google.com/read/CBMihgFBVV95cUxNVWo5SnFpd3VLSEJPSTVDdXBNY0FmT0ZVQU1zS0l0RWdzTS1qQXNPakNWN2F3NXpIUEhRMFFLVE55V0t6QXZmUXgwaEhiWGV0WHBrX0sxQkNPX0VXRHdrcTZyaEVETm1xSjhCOUd6YV9OZkxUZGJwTDBUa0szNk9sNEJKRUplUQ?hl=en-US&gl=US&ceid=US%3Aen,Commercial UAV News,13 hours ago,📦 Commercial Drones,https://news.google.com/api/attachments/CC8iK0NnNUdSVUpXY25sR1gwbHlWa1JLVFJDb0FSaXNBaWdCTWdhQmM1cUtMUWc=-w200-h112-p-df-rw,2025-09-23T06:41:15.569474
We Tested These Drones to Find the Most Responsive and Fun Models Out There,https://news.google.com/read/CBMigwJBVV95cUxOOGZEZmlWMVA4bEdfNGZSTHozWWdlRnh1Rmp2cjM2bk0zbGhsN2JfNVBMV19Sb0pWVmVmRGZ5ZldLRTZMT1RqWk9WaGRtN1kwVHdCNmIxMEZpcEJYd0hYOWt0MVN6OEpCV3RGVnJEc0ZhRUJKYmM1WWhqck9EZVBMN3V0Y2lBN3VJaWNtUGZwYUtNNVFoWFRGX0plaXBtRGZuRFZzajNFMjU4SUFoYV9xMGpwZ2NRdm94QXE0RjNpd29Wby1WT3BrTThFeV8tcEstQlFacnptVXZZaGhybVR6SXZvSllrQzNyZmNKUlpmUFFXS0xDV3BIR212Tzc2RnFMcEJv?hl=en-US&gl=US&ceid=US%3Aen,MSN,4 hours ago,📦 Commercial Drones,https://news.google.com/api/attachments/CC8iI0NnNTJVbk5IVEhOd2RUWm5RMkZYVFJDZkF4anVCQ2dLTWdB=-w200-h112-p-df-rw,2025-09-23T06:41:15.569476
Zipline is expanding as it looks to build more drones quicker and move into home delivery,https://news.google.com/read/CBMipwFBVV95cUxOYXVhVE5pdU52aF8tVVNuUm5NNGc5OE9aeHBxWVNpUVlGTl9jdDFkOHcxcFZsbGN3eWhvdWF1aWdQdEtvd2k2a1h1Zm1JQldSM29hTlQtUkQtUHhpMHZLSzZaS2R1Yk5PT1B0ejk3dl9PS1BSYm9YR1VjYWpwQmlIVFFtVlNqTkVNdVJ0UE55bzk1bjhNOFpUZVlkeE1QOGZUQXZlYTNDOA?hl=en-US&gl=US&ceid=US%3Aen,The Business Journals,13 hours ago,📦 Commercial Drones,https://news.google.com/api/attachments/CC8iK0NnNUJVbTFpY0VGVFZXSlVZbmxJVFJDZkF4ampCU2dLTWdhdE00U3ZuUWc=-w200-h112-p-df-rw,2025-09-23T06:41:15.569479
"The Future of Drones Is Policing, Not Delivering Packages",https://news.google.com/read/CBMiowFBVV95cUxQYkJMOFpVQS1qNFdtc1JmejAtT1lLSXZBbVBZZDZKRWNjQk9SdHpFY2xyVm5BTFdyRWstT2g0ZTY4N2pyLXlCR2RDaWFWVlV5d3B0cDZ1MkZxQVJZSjhKdFdoS1dhSldjSmVhUy02MkxCZ1kweUhteDVkQU1xUWI4WXRXbmZ5TVFuNGxab1BaWnRZbnhDTzFENzkwc2dfUFpEbHRF?hl=en-US&gl=US&ceid=US%3Aen,Bloomberg,19 hours ago,📦 Commercial Drones,https://news.google.com/api/attachments/CC8iK0NnNXlZalIyTm1vd01GRXhNemxRVFJERUF4aW1CU2dLTWdZOVFaVDBwQWM=-w200-h112-p-df-rw,2025-09-23T06:41:15.569482
"Saudi Arabia Commercial Drones Market 2025: Size, Emerging Trends & Demand by 2033",https://news.google.com/read/CBMilwFBVV95cUxOSlNBSzNmOUZ1ZXJIX1FSVWx2UUg1OU5XQnlvSkhfWndkM2c0VkxaX2pIbFByS3ZEcnNlUVZGaGMxZ2JyajlVWm9pU0dxZ1BiUXVRbTJuREJPUmZ4T1JSd1ZIQVh3NzE3dVA2VEZDVlBRRFR5dml4ZmcyU01sN1JQN0FCMWRGWW91Z19lOVk0LUxKQ1hpWXNR?hl=en-US&gl=US&ceid=US%3Aen,openPR.com,20 hours ago,📦 Commercial Drones,https://news.google.com/api/attachments/CC8iK0NnNWlUVEZLVVVkVFQxUjZkMUJRVFJDckFSaW5BaWdCTWdZQk9acmpLZ2c=-w200-h112-p-df-rw,2025-09-23T06:41:15.569485
"DJI’s Mini 5 Pro Raises the Bar for Lightweight Drones, but U.S. Buyers Left Waiting",https://news.google.com/read/CBMiogFBVV95cUxQUWZMMUYycm90ZWE1cUpUYnJBb3ZKdDZjaXRiM0ZvTzZkbkUxTzhtYXJFVW5DOWdPWENKRkcwRDBBZ29TVFVxRGFMXzAxUE5MMGRHRG41ZDJxVGtPZ1BPZFZvanFMRDJUeDVLR0Zid0dwemN2YVQ1dUNZX1NrWDNvZ1V0bTFnSzU4Z2FUNnJRRm8zUE15STBBQnotS0c3bmE3eHc?hl=en-US&gl=US&ceid=US%3Aen,Commercial UAV News,14 hours ago,📦 Commercial Drones,https://news.google.com/api/attachments/CC8iK0NnNUtNMUJvTWxseFRqQkZNbVJoVFJDdUF4akpCU2dLTWdhbFpJN09wUWc=-w200-h112-p-df-rw,2025-09-23T06:41:15.569489
"Fresh drone scare in NATO country, biggest airport shut: Europe to blame Russia again? Ukraine War",https://news.google.com/read/CBMi6gFBVV95cUxOd0Y2czNCNjR3TmxsV29pWWNlWVBqQzV2R3dvbE5NT1pyTElGcE0xZXNCSkJwa20xQ1BNMlp6TUxQY0Z0cUpXZjNlWnVRQ3RNSTZDRHNEVG1kUW5wNi1lWW5CeGlPd2RpblBJMjZXRTZueUFKcmo0dXNwWWx0alhpM0hycDZwc0VzUTVyOW5TZ3NBVUpROFFjSzBfQjhIWmlyX3VReXlwbFJ1UExXdFBYVnRJWUFERFhxN3NlcEZEU1pxT0V2QVZ4ZnAwcXIxSHdKR3N1clFtUXVqU09waE1Yd3Rva3J2RnVyc0E?hl=en-US&gl=US&ceid=US%3Aen,Hindustan Times,2 hours ago,📦 Commercial Drones,https://news.google.com/api/attachments/CC8iK0NnNDRPRkIwVEV4VVVFZEZNbnBpVFJDZkF4ampCU2dLTWdZRkFZNkVnQXc=-w200-h112-p-df-rw,2025-09-23T06:41:15.569492
Royal Navy makes first drone delivery between ships,https://news.google.com/read/CBMicEFVX3lxTFBydXpVZ1NMSEJLa0ZCNmNkeUF1bEJ5aENXWlhGampkQ3VHeG1nZ1BrZ3JIcksyT3F1U0FFVEg5c0NHM2tmMS13aFhaYUtPRm94MS1NOU41V2FxUmVkcVl4eW5wd080SnJiYW82TnRNRU4?hl=en-US&gl=US&ceid=US%3Aen,AOL.com,6 hours ago,📦 Drone Delivery,https://news.google.com/api/attachments/CC8iK0NnNWZkRzV2YzB4cWRFdDBRMFpXVFJEb0FoaUFCU2dLTWdhcGxaTE50UVk=-w200-h112-p-df-rw,2025-09-23T06:41:15.569495
Uber’s betting on drones to deliver your dinner faster,https://news.google.com/read/CBMia0FVX3lxTE9JTnVaeEtENllpQWk1dURxMVNOajVuYVgtUUozaHFiVlBraTd5SmNEUV9FMWl2MUxHcWt6eDVxeWhUOFFmbkNRYkNiVjBLUXFxY3ppQlVoTXdqSkx2M0R4QjluVUxVeWh0WFhB?hl=en-US&gl=US&ceid=US%3Aen,DroneDJ,15 hours ago,📦 Drone Delivery,https://news.google.com/api/attachments/CC8iK0NnNXRWV3R0VURKS05saEViVUZPVFJDZkF4ampCU2dLTWdhbGRJek5yUVU=-w200-h112-p-df-rw,2025-09-23T06:41:15.569498
Cardi B nabs Guinness World Record with D-FW album drone delivery,https://news.google.com/read/CBMiyAFBVV95cUxPV3RucUNYOXhNSllZV2NiVVJMTHEyeHZDVjVFVkxId0JJYUd6cXpoTGF2ZnRRV0hiWGFsS0FSYTlQVnFZVU8zTzhEYWhUUG9xQy1KcGthQkV2MFVqbXlpcV9TZ2otbkN1TGZVem8zYk9pdUpfQ1NBeTZoYXZUZWE2QmV0c2ZsWUNMcXdLOXlJdm0zOXczU1lZLVYxZy1jQ0d2YlJReEpMMTlEU2FicFJZbDBhMFhqSmJrLWppckt5WGN4dHVvVjROMA?hl=en-US&gl=US&ceid=US%3Aen,Dallas News,12 hours ago,📦 Drone Delivery,https://news.google.com/api/attachments/CC8iK0NnNWxWRUZZTTBKUVprRnVWaTFTVFJERUF4aW5CU2dLTWdhaE5wb0xtZ2s=-w200-h112-p-df-rw,2025-09-23T06:41:15.569501
Detroit showcases aerial mobility know-how with drone-delivered donuts,https://news.google.com/read/CBMihwFBVV95cUxOUVhtWlZqUmRQR0F2akFfXzVDUVd2WlJtTnhENW1GRGxNMDBRZEd6ZUNMbmFxZlhmNFdRWksyMWJ1ZU12T01jRjNYTDZZMXA3NVMtYklxcFBOU2F5b3NaN0xhaFZCeE1NSndUMEpkNXZHUzdJN203ankxLURyeXBTNlZLMHhnOTA?hl=en-US&gl=US&ceid=US%3Aen,Tech Brew,10 hours ago,📦 Drone Delivery,https://news.google.com/api/attachments/CC8iI0NnNTBSbEJJWkd4TGRHUlFNVlZrVFJDM0FSaVRBaWdCTWdB=-w200-h112-p-df-rw,2025-09-23T06:41:15.569504
Cardi B’s ‘Am I the drama?’ breaks Dallas drone delivery record,https://news.google.com/read/CBMinAFBVV95cUxOU2FCc1pGZXZDRy1LdWlQbktFYmk5cXdIRVdCeDl4M3VaWXZxWXBzZmxXN1F5bmtUNHZtUENEUUlzallQdkJFS3BMU3NPRjJuajBSZTFmOE8wV25jSmxTOG1DMW5paWxKbmtzbjRxejI4dEY3bFNoMV9IT0JHWVlwNXl3QWltdGxwU2Y1R3c0bEFFbjNTQTF1bE5DWWXSAaIBQVVfeXFMT3NWMERzUUtaSnNaZC1CWm1OMUo4ai14NFUwRWhYTDloT2U3WHBSaW1jV1JNMndZaU9qVktQUi1qSTRDUmpWX2h3VlZDSjFQZFZxS1FzOVZudFRrcVNkVVd4M1FWa3ZEM0gxUjlsaTE3aF8xVzV6RzRzc0N6cFVhLWt3alRjZW5CVVNmcTNOU3NPemJMSTVqT0VPQ2FEZ1E3cmZ3?hl=en-US&gl=US&ceid=US%3Aen,CW33.com,16 hours ago,📦 Drone Delivery,https://news.google.com/api/attachments/CC8iK0NnNDBNMWwxY2w5eE5YUlliVVJIVFJDU0F4ajdCU2dLTWdhQkFZWVJPUVE=-w200-h112-p-df-rw,2025-09-23T06:41:15.569507
Amazon hits $100M pharmacy savings; Walmart & Cardi B set drone record,https://news.google.com/read/CBMilwFBVV95cUxOaW82bzhlSHJpLTN2WENzcjJrV3lNOG9JTjE0bngzb0pQMkdScnlzMTZTZWFNOXFGZ29rU3kxV05SanBpemxiWkxkRzRUb2J5RkhaOC03RW56OHJHLWpRMkJmcGxFZ0tDT25vaUtZWlNEQjY5b05iQmRQRWZmLWxjaDlIdXBpb3ZDSFNKTDktWjFVRC1sMmM4?hl=en-US&gl=US&ceid=US%3Aen,Chain Store Age,14 hours ago,📦 Drone Delivery,https://news.google.com/api/attachments/CC8iK0NnNVFlREoyZFRWemEwVlJkMkpxVFJDb0FSaXJBaWdCTWdhQk1veXNvUWM=-w200-h112-p-df-rw,2025-09-23T06:41:15.569510
Southampton drone firm helps test life-saving defibrillator delivery,https://news.google.com/read/CBMif0FVX3lxTE16eUpiVTZxNDRYbDVMMFgtTnBrdzVoNWFGUFlPNzVlSkVVMmpSSEdVQm1NcC1zRFd3YkhWUVVjQTlGM1V3Y0NxbE1oeEhWcENpd0Nrbmtra1Y1Z01MNUpCaVZ3MV9aNXdrV1JhYnNRZThqY1EwQ2Z0NnpBQnRrZmM?hl=en-US&gl=US&ceid=US%3Aen,Yahoo News UK,4 hours ago,📦 Drone Delivery,https://news.google.com/api/attachments/CC8iK0NnNDFNREp2UlVGUVpYQjVZbkZ3VFJERUF4aW1CU2dLTWdZdGhZQ3VMUWM=-w200-h112-p-df-rw,2025-09-23T06:41:15.569513
Satellites and Drones Are Unlocking Benefits ‘Hidden in Plain Sight’ in Michigan,https://news.google.com/read/CBMihAFBVV95cUxNWnd3WmVZblJBc2dtNkVvMVdNSjh4YmpGZUVBNGxCeDg0YkE4SzhpOEw0UTh1eWR0U1Y1MTZ1WVN1MS1sekVVbnZOMEZic1otODF6MWNkWkJQUUstLWMxeTlCaWVzdTNsaVdwZWNISmVpWmZkODgtWW80MWtadmtpMUI2X0o?hl=en-US&gl=US&ceid=US%3Aen,The New York Times,6 hours ago,🚜 Agricultural Drones,https://news.google.com/api/attachments/CC8iI0NnNWpPR00yU2xjNGJXOXJVMFpuVFJDZkF4ampCU2dLTWdB=-w200-h112-p-df-rw,2025-09-23T06:41:15.569516
"Drone-based multispectral imaging offers fast, affordable mapping of crop photosynthesis | Newswise",https://news.google.com/read/CBMivgFBVV95cUxPNUN5LVNLZmhiR1NlNG80dVplSjF1S0hWT2tnY3VycVFURG03bTR2VFpFdUFDNEJzQmxVODFqZDZGNnlBM3MycW9JZy1tOFBfZzI2S0pKTjFwX1ZIUmc2SXlXMFZYTEdHM0VNRTZ3aGZNbDh2NjhoWmpZbHJaN2oyY2VCY1dOamN3eEgwQ2RHX1p1M1ZwdUgwaE5aTVRUMVFCR0lEN2RwdmFielFyQ2pZbmVWYlpxLS01X2Nwekt30gG-AUFVX3lxTE81Q3ktU0tmaGJHU2U0bzR1WmVKMXVLSFZPa2djdXJxUVREbTdtNHZUWkV1QUM0QnNCbFU4MWpkNkY2eUEzczJxb0lnLW04UF9nMjZLSkpOMXBfVkhSZzZJeVcwVlhMR0czRU1FNndoZk1sOHY2OGhaallsclo3ajJjZUJjV05qY3d4SDBDZEdfWnUzVnB1SDBoTlpNVFQxUUJHSUQ3ZHB2YWJ6UXJDalluZVZiWnEtLTVfY3B6S3c?hl=en-US&gl=US&ceid=US%3Aen,Newswise,3 hours ago,🚜 Agricultural Drones,"https://encrypted-tbn1.gstatic.com/faviconV2?url=https://www.newswise.com&client=NEWS_360&size=96&type=FAVICON&fallback_opts=TYPE,SIZE,URL",2025-09-23T06:41:15.569519
MSU field day hosts turf professionals,https://news.google.com/read/CBMilwFBVV95cUxPZzRIMkpvUXlQbDQ3ZGNjcm1fN05PbHZjYlo4RjE1TnpHM0tRZU54Q1Fhajl0TWRlZ1RfWGRVbUJKN1BBZmhpR2JQanhRWmxaTDYzNnRYZFNSejVvZFp5V2QxMllvYU5LOVUyN2VUV2hVZjFFUXJUQTkyQjRpSkxiNU1IQThEMjNLV2ZkM2NFcm5lN0RVOGxN?hl=en-US&gl=US&ceid=US%3Aen,Mississippi State University Extension Service,13 hours ago,🚜 Agricultural Drones,https://news.google.com/api/attachments/CC8iK0NnNDJlV2RrWm1jeFNUTjROR3hCVFJDZkF4ampCU2dLTWdZQllKQ0JOd2M=-w200-h112-p-df-rw,2025-09-23T06:41:15.569522
Amish drone business transforms local farming,https://news.google.com/read/CBMisgFBVV95cUxNbk9PME84MmhDRFI1X21VVHZ0d0RJQnpiVkRoVFJhTWg5TWRLcDYzRDZ4T29IUF9VY3ZFQ19sT3BmaVUyWFNMMFVQeGlLaUExNmQ2YmU3YmM2T3IwOXJSRExZSlFzN1dGa3pLUHloVERkY0RiTHpvMEp3bTQ0WE1sZG11VzdPN2xBYzl2WXhLeXZuSDY1TnowSmlybzZmdkhmWWh1RGhULU9ieHdtZDVHUUZ3?hl=en-US&gl=US&ceid=US%3Aen,Farm Progress,23 hours ago,🚜 Agricultural Drones,https://news.google.com/api/attachments/CC8iL0NnNTZkR2wyYlhGeExWSnBiVTB4VFJDZkF4ampCU2dLTWdtUk1vd1RGZXFwS0FJ=-w200-h112-p-df-rw,2025-09-23T06:41:15.569525
"China boosts soybean buys from Argentina, Uruguay amid US trade war, sources say",https://news.google.com/read/CBMi4wJBVV95cUxPY1A5WEVIZEhCNFA1ajdoaGdnQWVVTTZNb0NxQ3dKNHF3SURsTlRuTUpjbFR5NTgzOFZzVnNuankwcTRySzY0dmlCTXM5MkloVVZtd1ZjXzFxeGpZR1VCOUtRYkNUT2doeHZMaVpjOXpUTDhHQVNyVzlBRGNlc2FLdlp3eG5yWmJBTUVpZlJUN05hMGpNNmtXYVFoZjl2UjdnMkhZR0RMd3hrcnF5WTFDbmZCYUxZQXZMYmlFbnVTTTJhY2hPUl9BYUZyV29xcElTZUJBTHdBZG5fSkNMVnpDQXN5dnhQQzk0ZzNlWnFmVmhOV3dHVVBmdDBCTDlRSjhwVi1qcWd6TXU0RzhGc01MdjdrNnU0UUstQzdEVlFaQWtwOW94NlpqallZcEVLMXZwZS0tX1l5NnlKLUJuYWwwX05JMTVEYkY0MHFiLTN6SnJUcm9zcGhscnU4VVMzSS1SRWF3?hl=en-US&gl=US&ceid=US%3Aen,MSN,12 hours ago,🚜 Agricultural Drones,https://news.google.com/api/attachments/CC8iI0NnNUhWVzlmVmxWVk9GYzRUVFUwVFJEUUF4aVZCU2dLTWdB=-w200-h112-p-df-rw,2025-09-23T06:41:15.569528
"AI revolutionising agri, say experts",https://news.google.com/read/CBMisAFBVV95cUxQa1NYbDIwYWR1YmtOSUstS0xVbE1fOHh6MXVpQmtRd3N5TVFMQ29hVWY5YTBaQ2t0MHBEb3hyem1pRWV0NFlxSk01Y01vcUtWS256cUhQbFJpNmFKVXh6cWoxZTBGVE15THVMVzRxSm1ELWVPZXZKaUJJeWViMXlDSkxBVGpPWjhfV3k1V2lVQk9QazI0TzFOZUZnTl9FYmxoNnQ0QVFRYnU5QkFMWW9BbNIBsAFBVV95cUxQa1NYbDIwYWR1YmtOSUstS0xVbE1fOHh6MXVpQmtRd3N5TVFMQ29hVWY5YTBaQ2t0MHBEb3hyem1pRWV0NFlxSk01Y01vcUtWS256cUhQbFJpNmFKVXh6cWoxZTBGVE15THVMVzRxSm1ELWVPZXZKaUJJeWViMXlDSkxBVGpPWjhfV3k1V2lVQk9QazI0TzFOZUZnTl9FYmxoNnQ0QVFRYnU5QkFMWW9BbA?hl=en-US&gl=US&ceid=US%3Aen,The Hindu,14 hours ago,🚜 Agricultural Drones,https://news.google.com/api/attachments/CC8iK0NnNUxjMll5TjBOVFpUQjRNSEZ4VFJDcUJCaXFCQ2dLTWdhTmtwQUlOUVk=-w200-h112-p-df-rw,2025-09-23T06:41:15.569531
"Drone Marketing Service Market Set to Witness Significant Growth by 2025-2032 | DJI, Parrot, senseFly",https://news.google.com/read/CBMimAFBVV95cUxQeHlhT1RWamxrNnh6WXl5ZGhfWjQ4RUF5blRuWjlQanhxVDhVZmtBVVQtWmJIb2xpdUVQTFpmNlI5MUt1OWhYaEhzeUY2UVJzM1RsbHBicnhDRTJ4ZEwwQ29KSkdycU1iaFdxSDdPNVdvU3VMZ0dpb0I2dHU1UEFqMndUOFZEYi1nZGh5aFZvcFljQ3k2d0huSg?hl=en-US&gl=US&ceid=US%3Aen,openPR.com,18 hours ago,🚜 Agricultural Drones,https://news.google.com/api/attachments/CC8iI0NnNVRhWGd3UjNFMFdEUXpNWGxZVFJDb0FSaXJBaWdCTWdB=-w200-h112-p-df-rw,2025-09-23T06:41:15.569534
GTIPA Perspectives: How Smart Deregulation Can Unleash Powerful Innovations Worldwide,https://news.google.com/read/CBMixAFBVV95cUxOLVNudVBfX0swdmN5dXJoZzQwd3NiSWpKMXlMQzlidnRhOG9fb0xEaFVQTjdXbkt3STRiX2R4M29wME91Ri1zZWtSbWJpSFc1YUVEcmVGVVNVNzRzeFZ6Mjh2ekY3cW91QmR5S1ZHWENCNWtkMlFoeFZleWdLaFp2Q21RRDZQRmlMdUNrbXZDYVlXQzBKRTVrRDF0VkRpU19iNzZ6ZFJBMFBzS0pzQWxXZDhVU2hHNHR4RGsza2cwX2F2dEhu?hl=en-US&gl=US&ceid=US%3Aen,📋 Drone Regulation News,2 hours ago,📋 Drone Regulation,https://news.google.com/api/attachments/CC8iJ0NnNDFTblZMVUY5UFFXNVVRVUpHVFJDT0FSampBaWdCTWdPdDVBdw=-w200-h112-p-df-rw,2025-09-23T06:41:15.569537
US Congress Advances $804M Hydrogen Pipeline Safety Bill Under PIPES Act of 2025,https://news.google.com/read/CBMi0AFBVV95cUxOTEY3Yk9tb1NQWlRUNW9YNnpralhjS2hvMzVoUVRCU0JuYTl2UlJaUWtuTGFZd3VxWG5UbTVabHlMRkJvT01FZ2hzaWczSDViLWpHZlVTblkxNzhYdEtPSUI5OThCQlF6SkFpQXdXSksyYnZzZERmT1ZVUG9DYXg5aWdfZzNQcWJScVVYbFpPNmpDa2s0ekZ3Y3A1T2RGZnNsMElHdXZUc0dkNTFOUUs4ZTVWZWE2U01nNlZtRkN1cUx3blhKU19PTjUxY0N6MFhJ?hl=en-US&gl=US&ceid=US%3Aen,Fuel Cells Works,14 hours ago,📋 Drone Regulation,https://news.google.com/api/attachments/CC8iL0NnNWZkVEE0VlhGSVZtMTVYelZTVFJDZkF4ampCU2dLTWdrQlFJU0twU1N5NndF=-w200-h112-p-df-rw,2025-09-23T06:41:15.569540
How State AI Laws Threaten America’s Warfighting Edge,https://news.google.com/read/CBMimwFBVV95cUxOdWxrNVZYOXFsSXFkcDBUbzlRX1JUYWx0aXA1UkxYdk9NcDdWSTgyYzhTTk5lS2UwUm9oVUdrOWVncjVaTUVLbU5yS2VvMk1Ec3dOTDN3dmFxaUJDcEh0T1YzaGJKUkNCWk1oWUg4T2FhUENUTmxMaXFFaUxhaWJfRGpSRDk5b2J1eFNqTFdUOXUyeGVGSGdtRk03MA?hl=en-US&gl=US&ceid=US%3Aen,The National Interest,9 hours ago,📋 Drone Regulation,https://news.google.com/api/attachments/CC8iK0NnNVNWRVY1VG1SVGRGWmFiak5OVFJERUF4aW1CU2dLTWdhWmNZekxPUVU=-w200-h112-p-df-rw,2025-09-23T06:41:15.569543
Copenhagen Airport: Navigating Drone Disruptions,https://news.google.com/read/CBMiqAFBVV95cUxNcUtnc21lRVpRR210dmJrSF9OOERBTnVSSzBFbEZ5bm1KSDhrNFdvSWJkSXNoQ0VrM3BJLWtoNldyZUNDRzl4M1lEX0VIQ3ViZW1SeGJPTWhEUHBKQ3hGdkVHMkhPa0pHMTVQSllwRGlRc29tc0RRRVljWnFrcE43b2VnMGJabG9xOGRlQU9OSXQzbjN6cDBub2d5ZXdGTWhuRDV1NnFjalbSAagBQVVfeXFMTXFLZ3NtZUVaUUdtdHZia0hfTjhEQU51UkswRWxGeW5tSkg4azRXb0liZElzaENFazNwSS1raDZXcmVDQ0c5eDNZRF9FSEN1YmVtUnhiT01oRFBwSkN4RnZFRzJIT2tKRzE1UEpZcERpUXNvbXNEUUVZY1pxa3BON29lZzBiWmxvcThkZUFPTkl0M24zenAwbm9neWV3Rk1obkQ1dTZxY2pW?hl=en-US&gl=US&ceid=US%3Aen,Devdiscourse,7 hours ago,📋 Drone Regulation,"https://encrypted-tbn1.gstatic.com/faviconV2?url=https://www.devdiscourse.com&client=NEWS_360&size=96&type=FAVICON&fallback_opts=TYPE,SIZE,URL",2025-09-23T06:41:15.569546
DJI Mini 5 Pro vs. DJI Mini 4 Pro: The Ultimate Mini Drone Showdown in 2025,https://news.google.com/read/CBMimgFBVV95cUxNbDJXSElDWFk1VkF6d1JXbEdFYUNZQTEwN0d5RDhPcXJtWUtiNDQyU3Z1LUlQdy1VTnROUW4wQjQ2eENsTEN0eWlHYXFUb3JJb3VPMWlJZWtEQ01ydzFHNklzXzI0LWk2NUxWV0dGOHk0UlRxZ1BvNDBNSHd3RFQ2UkU0Rk5FNlJidHFhRGlmT3E0X2hGWTZBOTlB?hl=en-US&gl=US&ceid=US%3Aen,ts2.tech,10 hours ago,📋 Drone Regulation,https://news.google.com/api/attachments/CC8iK0NnNHdaM1oyTUY5NVdIZEpiMEY0VFJERUF4aW1CU2dLTWdhQmdwU0xzUWM=-w200-h112-p-df-rw,2025-09-23T06:41:15.569549
UK CAA opens consultation on ground risk mitigation and Remote ID,https://news.google.com/read/CBMixwFBVV95cUxOcVJmNkh5bUl4ajhnWXdrWFFYT3pTS0NCMFc0cUUwaDVIVkhEYzlZcG5iUGRjSmpfaW5USjFRTVB3ZXVMbE9pRUNQX1g5QmhKU3M1VTgzTXVyaUxRV2pKUnY2bUlVMVU4bDluUld2S2diUWxKbVhoMVg5aWcwdnBIcWFYUll4b3l6TzFXRjRnUUFkSjJOWldCdWpyOXA1NFlYTkU0ckxVVDI1OGp4TjB3R1hfMUUyR2lnSWpWV3dncjZYQXU3elhv?hl=en-US&gl=US&ceid=US%3Aen,Unmanned airspace,14 hours ago,📋 Drone Regulation,https://news.google.com/api/attachments/CC8iK0NnNHpTVWQwVERjMWRrNXpURFJCVFJDZkF4ampCU2dLTWdZQmc0aFNPUVk=-w200-h112-p-df-rw,2025-09-23T06:41:15.569552
CAA consultation on UK drone regulations,https://news.google.com/read/CBMif0FVX3lxTE9qT2tVcGZTY3FjUnBpcm5nOXdTSmZVbHVBMkFRQ2xXcE1SWDhqb3BkVkxOV3I3UUhFQzhCQTJwemRwOTJQV3BBczdmZjNfTU5IQk13TTROSmtjalhWT2tXUTRqekJrb2phbkdHc3I0ckROaHlyU0dVamFTQ3RDR1k?hl=en-US&gl=US&ceid=US%3Aen,Heliguy,17 hours ago,📋 Drone Regulation,https://news.google.com/api/attachments/CC8iK0NnNWFaa2xDTW14dWR6QmpablJJVFJDb0FSaXNBaWdCTWdZdEE0SVRrUW8=-w200-h112-p-df-rw,2025-09-23T06:41:15.569555
Travel Advisory – Border Safety Measures in Place Across Eastern and Northeastern Thailand,https://news.google.com/read/CBMivgFBVV95cUxNcHVaSkJsVXZBWm9ucnlzTWJlckttaFdNSkQ1VFJ1cXRHRjVZVXV1RFdsSElwcTJWbjZSTl9TeHRwSXVIMEg3NTdTcGlyRnFhYXRlM2Ixb1M1cUJ1anhBaHNsQlE2VEI3X0hsa3lrS3hmN0J2UU1EWkUzNGMtQXEwVDQzd2Q1ZTZvZ0tYMzkyNFduSGxIMzdVRmstaU9XenRrYlJ2LUI3VWJBR3J0NEd4bHV6QWFuWHF5MURveHNR?hl=en-US&gl=US&ceid=US%3Aen,TAT Newsroom,7 hours ago,📋 Drone Regulation,https://news.google.com/api/attachments/CC8iK0NnNUJiVUZLVmxwak0yTmtZbk14VFJEY0FSaUdBeWdLTWdhWlFwSnFtUWs=-w200-h112-p-df-rw,2025-09-23T06:41:15.569559
Critical Part 108 Public Comment Period To Shape Final BVLOS Rule,https://news.google.com/read/CBMiqAFBVV95cUxPdzAwSF9VbnBESFljcDQ0WDRQMmtjVXBRb0Npd2I2blhXWDlrZDc3LTlXdHVmek9FTEZxMTRvX2pjNDE1bV9IU1ZWT2xxaWRyXzZTd0hiTnp1UWJOcXVTX3VqTWZDaTl4VGRqSUVuVDJNMnJSanQ0N1pkd0dOM1l6U3V1MlNvQVNRNTBOV0dtX2xQb3hqcENRclRuekxIV19lMzUycGx3Mzg?hl=en-US&gl=US&ceid=US%3Aen,Commercial UAV News,17 hours ago,📋 FAA Drone,https://news.google.com/api/attachments/CC8iK0NnNTBSVFpzWHpWQ1RGSlVOMFo0VFJERUF4aW1CU2dLTWdhRjU0eEVSZ1U=-w200-h112-p-df-rw,2025-09-23T06:41:15.569562
Yikes! A New FAA Draft Rule Could Potentially Ground DJI Drones in the United States,https://news.google.com/read/CBMiVkFVX3lxTE1lTUdrNGwwX3R1Umt6U3ZCV0lTb0xMLVFDYWcxaTFZUkw0ZlZUSm1lVHNSd2ZvUy1Xbms1S25LeVhPWEo2dGpRTUpNT0QzNGhDaW4zLWpR?hl=en-US&gl=US&ceid=US%3Aen,No Film School,13 hours ago,📋 FAA Drone,https://news.google.com/api/attachments/CC8iK0NnNXVZbXBrZGpWek9IRldOWHBhVFJDZkF4ampCU2dLTWdhUm80N0xPUVk=-w200-h112-p-df-rw,2025-09-23T06:41:15.569565
FAA Imposes No Fly Zone Over State Farm Stadium in Glendale as Drone Pilots Warned of Penalties,https://news.google.com/read/CBMivwFBVV95cUxORXM3RkZUaTVtWEFLd3hRQ1A0cFp6YmdsRVJteDVGVmgwYjM1OTQtOTduWHJ6YTEtajY1dktfNkRqeF9lVThoejJiLTVVbUNkcUFlNjc4b0dMc0pVbUdaNktSd3JwOVYxQWhpVi14dlFHZjJXbWJ5cnA3S2JJRDdNbkVETzZCejFqOEhlZlc4eFpGeUxGc3Q1R1YzRVB6N3dINDVqU1V2M01YUkZiUW55NUdlRzNacDBLMmlHc1V5OA?hl=en-US&gl=US&ceid=US%3Aen,Hoodline,14 hours ago,📋 FAA Drone,https://news.google.com/api/attachments/CC8iJ0NnNXhWR2N3VEZFMVVWUkJNMlZUVFJDckFSaW5BaWdCTWdNQjRBQQ=-w200-h112-p-df-rw,2025-09-23T06:41:15.569568
"Uber (UBER) Stock Trades Up, Here Is Why",https://news.google.com/read/CBMinwFBVV95cUxPTmFzelo2czVlb0t1UE5JcnhLdHpuOGxzUWx1bGs1TkZXZDZGNjY1OVZRSTFLSzBVQVZjM2VULWR3YXZXMjEzU0dTbGg3TEN4NkdmM2FRYTNzWmZiTTMzU004NVRTbGdzOFZKMWpfbmFhMFAzRmM2UkNEWWR5U2hudXNpWVJlU2luT2JTMVlwY2lscUZ5SGM3Vk9FZ21EWlE?hl=en-US&gl=US&ceid=US%3Aen,TradingView,13 hours ago,📋 FAA Drone,https://news.google.com/api/attachments/CC8iK0NnNURZazV6YjAxTVVtMDBUVGxSVFJDUkF4ajhCU2dLTWdhQlVZaUV5Z00=-w200-h112-p-df-rw,2025-09-23T06:41:15.569571
NUAIR and NIMAC Highlight Ready-to-Deploy Surveillance-as-a-Service Powering Drone Operations Across New York,https://news.google.com/read/CBMikAJBVV95cUxPRjVWZXdOeGlPb3dQSkEzV3RKQzZKVy1wanpmMkVfUmN1Q2tzOWozc05WbDZpb0tGSVVMTTBHa0MxWFk4R2Q5VktDNmFLbklWaDl0cWZZOHlnaFR2dE5OODlTdmk4LTYxN0RGWk02RnBYMUk2WGw5WlZaSXJTN2xNQ3N0N1ZXR000OFRyZ0RObE5lTTZ4QU80eE1IbTRoaXpDaXNsYlVDc1BVRXFIaFduLXRYTktubWJzT2ZGdnNJcHdKT3NBd1hlS3I1dzhoZmtHWnFsZXFSVWFaa0JNLTdpTmdXTV9QTG5KZTF6Q1EyalZYeVF0dUhsMGFYSGVSaG9pT2RncWg3V045RVI1QWtjTNIBlgJBVV95cUxQcFNpbFJmV1VVZUdHVXR5bXA2ZndTOUlsQVV2VS1hay1BVUxyZVR3R2JaaFZZMWlBMkl0NzJWMkJTc3QxbEl3VTVOV0RIWUs0RTVlUzlGVjZXdl9ZRmhldW5RcEtzQlRhdWU1QVVCcWVZVWg4WWZnczJfNVVENGZBZDNGZmg4LWJuZHY0bnJaZXl2djV0b2cxaXdSUzFwendBczJYYWZKcXZfb1VDZUFQX0hCSU5kUHdsUWFXV3l1dHMwRTVscmx5S3NGRW9EckJScHlfeDVjSmRMcXM3aFY2U2hDNjU4U2VmNks3MTItZEpCM29pQmFmZmxlazZ1OWRDU0Z0cHFVbzdOM01hbi01N2JEWEdtZw?hl=en-US&gl=US&ceid=US%3Aen,The Manila Times,13 hours ago,📋 FAA Drone,https://news.google.com/api/attachments/CC8iJ0NnNTROa2hyZFhCcU1IWnlUVVZZVFJDNkF4aTJCU2dLTWdNZGhBbw=-w200-h112-p-df-rw,2025-09-23T06:41:15.569575
"Notice Regarding the Acquisition of Aloft Technologies, Inc., an Equity-Method Affiliate, as a Wholly Owned Subsidiary",https://news.google.com/read/CBMi_wFBVV95cUxOX2pDWGZha1VjM2VjWTlidlhVRzdZUHdqV2VOUkJEQW4yOWVCREVlM3NDdU5FNmxNU3BhbklzdG5iOEJ6UnZtRnQ2dUpCZklNMkxHWWhPeDNEZGg5WC01ZTZEOUpqdkdLc0pVQ0NkMExPbkdzT1dmbWQ1cXdCYnNuMHotYnp1ZExjZnBIaTNUeEFSN3FWSkJPRFhFNURSeFREN1pJT0JtaUlyaUxSc0ZwVXRuV1pxMnJkTDRLeDF4MnhIdjVxRW1CSFJabVl0QmRPejA1dk84cWwzSGJUQUpHLXY3ODRhakE4N0ZsZ2tSaWpqY1gxaVEzamlpZFFyS1k?hl=en-US&gl=US&ceid=US%3Aen,PR Newswire,10 hours ago,📋 FAA Drone,https://news.google.com/api/attachments/CC8iK0NnNXJhMkpYWkRaT2VtZzBOV2g2VFJESUFSaklBU2dLTWdZVmc0cEx0UVE=-w200-h112-p-df-rw,2025-09-23T06:41:15.569578
Finding the Right Drone Deal Online,https://news.google.com/read/CBMiekFVX3lxTE5fZUh2SERwcDdMMGpFZjdLSnlPd3VNZlNxZFBXbGRrcmh4ZWU2SU5kandZeC1tcUJVQmZwZ3hVUTBUdXF3ZTh5ejAzM1lKSHpLS3VtMlEwZWVXa3pyZU8wQzNDOHhFLUQwSzhCMDJzcC1VcWE1SkNTMW9B?hl=en-US&gl=US&ceid=US%3Aen,AVweb,11 hours ago,🎮 FPV Drones,https://news.google.com/api/attachments/CC8iK0NnNTVTa0pZWmtwcU1WcE1PV2x3VFJERUF4aW1CU2dLTWdZVmM0b3dRUVE=-w200-h112-p-df-rw,2025-09-23T06:41:15.569581
"Ukrainian Inguar-3 Survives FPV Drone Strike, Drives Through Fire to Evacuate Troops",https://news.google.com/read/CBMixgFBVV95cUxPdzFOUWFvUk1lMGNIbjNHY2ZxQzV1dzh1MXVxY2hCNndCb1F5aW5UWlNBZnB1YnV2QlFDWXZTa3VqTHB4Tk9CMFAxQ2xMalZadDBORF9tVmxPNTdqMkloa3ZpT0l0WENSZTluSThKRW5TaEtiR1M0OG8tWnZ2aUwtV0YzbDFyRHNweWNyeE05YU1KRGtqZ2ppUzhIT2s2eUFzb0U0M29fLTIwVG4yRkROUXp0ZWZPdlhjOUhJZU0xN3Y4cWRrVlE?hl=en-US&gl=US&ceid=US%3Aen,UNITED24 Media,16 hours ago,🎮 FPV Drones,https://news.google.com/api/attachments/CC8iK0NnNWtkVkZzT1VrMlJUTjFORU5sVFJERUF4aW1CU2dLTWdZcFJKS09KUWM=-w200-h112-p-df-rw,2025-09-23T06:41:15.569584
Russian FPV drone attacks firefighters in Sumy Oblast,https://news.google.com/read/CBMiZEFVX3lxTFBUbWxta2cxN3BYaGVTS0Y0aFJONGtNcVdkbHNEYmxHSGNwdnlyM19YQVczYnNabTN4bGRpOWV6ek1lYzBWVDI5NGNTUnBhLUVyVW83eFc3NklOeThBMXFrYUdQVVTSAXBBVV95cUxPM0pEZjZzV0dIQkhWMG92OS1FNGxWYnRxcmVGakttNGtGOUVFMlVNczBLcjdJZXRzSE9iM0UySXV5aDZTOTJyWWZCQ2ZoMERmVWd3bXNoSWV2a19yOW10SkxibFpULV96REdmMk1xcjNy?hl=en-US&gl=US&ceid=US%3Aen,Українська правда,9 hours ago,🎮 FPV Drones,https://news.google.com/api/attachments/CC8iK0NnNXpaM0pWVVhWWE1IUktOREpaVFJDZkF4amtCU2dLTWdhaEk0YXRHUVE=-w200-h112-p-df-rw,2025-09-23T06:41:15.569586
YPG-led SDF says US-developed FPV drones used in Tishrin Dam clashes: Report,https://news.google.com/read/CBMiuwFBVV95cUxPTTFya0tEYUREUGdGYTZYNEJiNXg5TUlEQ25NS0NnNk9yMjlNT3ZDRFZKZ0s5SHd2NDBja3d6V25Na3VuTWpHY1Nab20zZTNUYUZMYnM4bkhjaTZwV0hFQ2t1MGZjYUFiMlV4RlpHNTM0U2t2d3lSc3JyOE1iQzc0N0FsUkVtYnR4b3NxMElDZnVwbG5RdnhnNDVoT2xyQ25NcVQxZEZJYUxCeVJTb2RxVjc3dFJjWmt0R2hj?hl=en-US&gl=US&ceid=US%3Aen,Türkiye Today,21 hours ago,🎮 FPV Drones,https://news.google.com/api/attachments/CC8iK0NnNXVjVkpFTW5wUU9IRXpkRVV0VFJERUF4aW1CU2dLTWdZbFFJYU9KUWc=-w200-h112-p-df-rw,2025-09-23T06:41:15.569589
Drug Dealer Who Used Drone To Deliver Fatal Fentanyl Dose Pleads Guilty In LA Federal Court,https://news.google.com/read/CBMisgFBVV95cUxQWm5xVE5fSHVXSjJWN2xVT2NsejIxd2xfWmp3R3VfQVl6dGEyZ2c3alF4bXNlUUx1VnNvTnlMWkVybE5XZlhhQUx4ZDVHbGxRclB4XzE4blN5UVhaM0RXcGowRF90eTU4RFlRS1FQWm53d3NWR0o1emtHclRUekNOM2FaanBiSUY5bGNRWkE2QzBwNkxvWVpUNUdxd25WMVBjblVCTUxTZTcxQjA5enY4a2pB0gHeAUFVX3lxTE5TYzY2U3V5aWVrRVV1UjJqa3U0TlMyb21DbXNEbFcwRnhNYXNPck1MczR4QmZrajl6aTg0V0NnQTR6UDZ0YVVyaWdwRzZNdUdDaVhiOXROMERjNC1fN3FXRVJKQWxqOVVkQlhBZWV3VTBSajFpTk95Sl9lR2NWcmtQdm9CdkN6NjB5TnB2dHVWdzNxY1NKWk5QV0RnenByS1NIVGRMalE2NFpaZkU3X3ZqMUlOY1g5RjBRc3NiQlVGV0t2VktNWmplWno0RzVOZ09QRl91blRJMlJPTFhEZw?hl=en-US&gl=US&ceid=US%3Aen,Patch,8 hours ago,🎮 FPV Drones,https://news.google.com/api/attachments/CC8iK0NnNU1UVVpqVms1VU5taG1aMmRzVFJEZ0F4al9CQ2dLTWdZQm9JaEl3Z1U=-w200-h112-p-df-rw,2025-09-23T06:41:15.569592
"Russian jamming targets ships and aircraft in the Baltic Sea, Danish intelligence confirms to The Insider",https://news.google.com/read/CBMiTEFVX3lxTE1TVnIyUWtCcEZSOG80TzJ5LXBKZTJfNGpzdmdpT0prM2ZsZzZwY3NRTVdXZmNzSE5xWnhQeTNhcjdmRjRBN2t4bk5tVXQ?hl=en-US&gl=US&ceid=US%3Aen,theins.ru,13 hours ago,🎮 FPV Drones,https://news.google.com/api/attachments/CC8iK0NnNHdMVkZEUzNadmNFVllWVGRyVFJDakFSaTJBaWdCTWdhVkE0b0lEZ3c=-w200-h112-p-df-rw,2025-09-23T06:41:15.569596
Ukraine allocates UAH 2B to boost ‘Drone Army. Bonus’ program for troops,https://news.google.com/read/CBMixgFBVV95cUxPNXQzcElXUjAteHNPZk1vczd4N2t0R29UbHprMFNuMHBLc1NKYUo4S2VIVC1INzQ0RWxENG9LYS1ySGd6LUJSTlNsRnNnaFAwOG5Sdi1MN05YTTM4YllLRjhoQk9FczJxbkRCQW5kSGg5eWg1R1VzMVpGUElwVzNLS1ZKUUE4Ym9vdzA3cGY0SnJ3OTRPMV92WENuOHNQRHpsS3BNVnNISVBuYWthYXgxU1pWZFQ5N05WRzlWNWptLWdkZ3gyTlHSAcYBQVVfeXFMTzV0M3BJV1IwLXhzT2ZNb3M3eDdrdEdvVGx6azBTbjBwS3NTSmFKOEtlSFQtSDc0NEVsRDRvS2Etckhnei1CUk5TbEZzZ2hQMDhuUnYtTDdOWE0zOGJZS0Y4aEJPRXMycW5EQkFuZEhoOXloNUdVczFaRlBJcFczS0tWSlFBOGJvb3cwN3BmNEpydzk0TzFfdlhDbjhzUER6bEtwTVZzSElQbmFrYWF4MVNaVmRUOTdOVkc5VjVqbS1nZGd4Mk5R?hl=en-US&gl=US&ceid=US%3Aen,Ukrinform,17 hours ago,🎮 FPV Drones,https://news.google.com/api/attachments/CC8iK0NnNVdSazExVkhsdlFXd3RVRWRmVFJEb0FoajJCQ2dLTWdhSklZaXRIUVk=-w200-h112-p-df-rw,2025-09-23T06:41:15.569598
Ukrainian “mother drones” strike Kursk border areas,https://news.google.com/read/CBMikwFBVV95cUxQUXpWN1gtX2FneTVBUlVSckk4aDQwaG1Hc0xCUzdRdXZmTzJSNWMycW1rWnMzM2czaHNjc1pyWmMxelRGMmozdnN2MmZRZHlxb0NLdzMwZGxSd2dTaG1LZ2Z1T2VVUGJTLWxzbVU5eHlFZ3dlM1pydTJNaXZNUHBsTkZ3dThwam1lcUtCZVdvbFNUVEnSAZcBQVVfeXFMTUllZkpJWDNTSVJKUHQtcXhCMTFqeEVJQnlzNlEteFpQRlN3TWRoazZOVlZTWS1UZkdMdU1yb3UyZU1QQnI2TFh1OHhxNS1mcXVSZzNPMng3OG8zakh4UmMybFBYUVNnaldGWXlfSUJDWkIwc2JoU3lBcFJfVl9KX1JPbGJGRVVqcF8wbjRYZnc4SHc3eDVGZw?hl=en-US&gl=US&ceid=US%3Aen,Военное дело,23 hours ago,🎮 FPV Drones,https://news.google.com/api/attachments/CC8iK0NnNXhURVp5UlVkWGFuQlJUVU5CVFJDZkF4ampCU2dLTWdhWkE0cXNrUWs=-w200-h112-p-df-rw,2025-09-23T06:41:15.569601
"In Sumy region, the enemy attacked a fire truck with rescuers - SES",https://news.google.com/read/CBMikAFBVV95cUxQeTJJcVFVdWhFTF9jQllkUW1wVk5FQll6dU5udzF6RU14ZkU0NlZydEhwVm9QcnVpZWpvSy1oUlF6QjZhNHc3X2taQmxaZkFDSzVMRVVqZzNqOGhqUTRTbm1vN3BSS1RBaWh2NU85UmFNc1h2UFBQN19yTjlIbjB1ckpVZDVwMkhJalhnSUdwczLSAY8BQVVfeXFMUHA0N3dCYmxoWjBJQWdLS21GWWE5R1AxYnlyc1BleUMyTXpUR3ZobTMxM3c4R25ZYnRPWkQ0ck1qcVBvMEpLQUJRZWc3VXF1YkV1X2VOWDYwdUs4TTM4M0cxcEMxdlJUbE9BcUNNZmFvNTFjaFFTZ3dGTmJVVDdVSG9xZnBZblFaRllhYWZpQ1k?hl=en-US&gl=US&ceid=US%3Aen,Українські Національні Новини,10 hours ago,🎮 FPV Drones,https://news.google.com/api/attachments/CC8iK0NnNWZlalJSVDNreVZUQmpRVk5WVFJEakJSaWZBeWdLTWdZQlFKYnNLQWc=-w200-h112-p-df-rw,2025-09-23T06:41:15.569604
"It's a Bird, It's a Plane... It's a Robot!",https://news.google.com/read/CBMihgFBVV95cUxORm4wOHE4QXpsU0d3RFVuVURtck44TS14aVdYSkswZDdJaElzRmRKVHRfc0Y4c050WS1sbXN5M3BpTXV1OHRVeGlOVDFaNTZoRDJXdFhhZDdydng3YVJ5dnliR01mekNMREgxSjNKdTRveXR0Y0hqd2dnM09sWUZrSjIzRGw5QdIBiwFBVV95cUxObWJ6QkV3TDNfXzByYng0dFdNemNLRTRVZ2tjaDJiYWh6Vk50a21xbVZiQndQbG8xUWVMaU1ZamxtNUJ6LURmVmVMZWRDWXdSbDJYNlRoMWVEN19YRUptNDNVb2VpUUZ5UDQxZHNKSjJqT2ZhSi04eGlFOU53M2drWnNpZmp4Wnk0ZnFR?hl=en-US&gl=US&ceid=US%3Aen,Hackster.io,19 hours ago,🚁 Quadcopters,https://news.google.com/api/attachments/CC8iI0NnNUlObXBMUVUxMldYRjRjVEJoVFJDZkF4ampCU2dLTWdB=-w200-h112-p-df-rw,2025-09-23T06:41:15.569608
HRCP expresses shock over civilian deaths in alleged aerial bombing in KP’s Tirah,https://news.google.com/read/CBMiwwFBVV95cUxQcFVic1h0Nm95VjFSRDJsZmN2T182TjEzRVhYWkZRMkRnYjZmS1pFTVRidTVheHl2Tk5heTZPODl3LXpOSVNnTHhSWnctSmtLdXphbElHSHo5bkNrdWJQczVrX1VYNUZKM1FOSzRiVWhKVlFHYTAtb0Z4T2hNWHJwR3pFYWZFclA2N3BrSkFORWVaZWxKRFdncEluLWlsa0oteTRHalpwYTF1Szg4S1J0a1NLWkdhWWE0ZFZCN1N3eFNVeWM?hl=en-US&gl=US&ceid=US%3Aen,Pakistan Today,13 hours ago,🚁 Quadcopters,https://news.google.com/api/attachments/CC8iJ0NnNWhZV1JVUkRKaFQzZEhNbVJUVFJDdEF4akxCU2dLTWdNVmdBbw=-w200-h112-p-df-rw,2025-09-23T06:41:15.569611
They were being transported to Bashkiria: A batch of UAVs capable of carrying explosives was intercepted at the border,https://news.google.com/read/CBMi7AFBVV95cUxQc20yWUxrTEsxS21rY1ZwNUxsVkppVEk1MU8yUFk4MHg0bFBBXzZHQ1JCdDRkdXFDYUwyX19FUEtuVWZITGs2RS1lT1VYRVRwTHhTQlFrQ0U3bHY0cEYtcTc0U2ZKamw5VHVsV2NQUnVkemd5MEQtYlRZWmFHTnFSRU1kNkZDdUhhTWs1MjctTlhkT1lFMlEyM1hhV0I0WjZlMDduM1ZraDk4MnVDeGNvZjVSYnJVY1FNaFptUFhKcC1ZYnRlRVhDYVdfNlAzQzdqQjBjaldGQi1Rbm0ycTREaXpQUDdYT2F2Y2xyetIB8AFBVV95cUxNUUZDTmRJejFmMXpJY1VJY3F4NS1mU1dkT216amx3cWsyMWd0UkhWTTd5X2NocGMxZDhEalRRank5UmMtYzBkZzBNd1JOLVBxRDlyZHpsbGVIOWxUSlRLUm85bDY5NTVRMzBEemZNUFNTMkRhNHE0a0dUTk9Yc1c2T25DRXZKbUNzYmJteG01RmRxQVV6ZGFSQTUwOUwtM1dGbFFOM1VPNEZHNXhOeUoxc01SOEZKVUlId0xXMGhWdmpDNllzOVhDZnZrZFU4a1VlbHkxZjBxSF90aXNfX2dad3NDaE1WbDlqWF82N05jXzY?hl=en-US&gl=US&ceid=US%3Aen,EADaily,10 hours ago,🚁 Quadcopters,https://news.google.com/api/attachments/CC8iK0NnNXpkemN6TUc5a1ltWnROamcyVFJDdEFoaVZCQ2dLTWdhQkFZb3FKUVU=-w200-h112-p-df-rw,2025-09-23T06:41:15.569614
JJRC H132 RC Quadcopter Review-Brings Pro Features to Beginners and Kids,https://news.google.com/read/CBMiogFBVV95cUxNWExVZC1WQlIzaEdHTXFvLTItUk0zTVVYcjVueUlIOHM5QjV1cFhac1FaWnpPREZYb3FwQ05fTVllVHZhbnZKZXFpOWpMS185UDlLVEx3LTlwUmV4SktxUHMyMGlialhiWGxIUU13WEJweGJGem9LRThCVVFVY1Y4VUw3bk1fNFBPcVAxUU1xVFVfSFJMTmlFRllrUEk4ck1aWmc?hl=en-US&gl=US&ceid=US%3Aen,igeekphone.com,23 hours ago,🚁 Quadcopters,https://news.google.com/api/attachments/CC8iK0NnNWhkbXh6U2tKSGExcFdjSHBKVFJER0F4aWtCU2dLTWdZTlVaQUtJUVk=-w200-h112-p-df-rw,2025-09-23T06:41:15.569617
"Israel kills 5 Palestinians, renews evacuation warning for Gaza City",https://news.google.com/read/CBMiqAFBVV95cUxPM1ozc1RzQmpnNjl1bndLVnJaUFNfN2ROV0E4RUFqTFcxV1dnWGQwU2FzV0c2Y0M2bkdielFJRXhRSUdPXzJzcWxGOW9qVV9VTnVwUWhuWnVNcXZybmhSYUk3eXJfQkZxTHNySTFIUlBTQ0hsbDZOdS1FZXRKM0lFUzVkcERMU25iMFpyN3hNTWhRdWNwSzRhQ21rRWlQTFF2bFk3NjJ6NlPSAbgBQVVfeXFMTUpLMWJWSExSSkZLZHZhSE43VVdpbkJSTTFuMVk2al81Zm16Vm9VcW9mM0l2M1lzdkN2U21xMTl1NkdfazBVbHlnVWgyNTliSkZ4TTAteWZWWFZxcGo1RkJSVEZWZUVrLUlNOVIxOHlrNXlvNUU2LW9PamhFR2xoM2hoaDJkZFF4NWRjbVV6UzYtRlZlOGdpMzZsMlN1MEJwQTlfNXoxSFRRYkc4Qk9BN29NS0ptMjZpdQ?hl=en-US&gl=US&ceid=US%3Aen,usmuslims.com,23 hours ago,🚁 Quadcopters,https://news.google.com/api/attachments/CC8iK0NnNTBjakpFUVRKdGQzZ3RSMkUzVFJEaEFSaXNBaWdLTWdhSm9aUUl2Z2M=-w200-h112-p-df-rw,2025-09-23T06:41:15.569620
Israel Continues to Kill Palestinians in Gaza Amid Western Push to Recognise Palestine,https://news.google.com/read/CBMisgFBVV95cUxPQVJnckp2ZGN5VWhwdnZ3RHpSemtrVDZtNGZKX2lBeERfcFhoZ2RFZ0pzWUFjbGFCSlc2aXZqLWFfaUhncTBiRnlrTmhqcnpmZEJVQVE3MTV2c2VUUmpENjFDSlNLM1F5VTI5YWNITVlILWxhZkMwRi14SnBYZXJUMTJmbllldkJqaUhHdzZYY1ZTTElrLV9FQzZVVHNLWHBfUlY2dUl4Qjhfb2RMSXUwWmxn?hl=en-US&gl=US&ceid=US%3Aen,Clarion India,19 hours ago,🚁 Quadcopters,https://news.google.com/api/attachments/CC8iL0NnNU1TMnA1WmxselVqZEpVelJSVFJERUF4aW5CU2dLTWdtQllvN01wZWloelFF=-w200-h112-p-df-rw,2025-09-23T06:41:15.569623
A Bulgarian Cargo Drone Company is Partnering with a Japanese Motorcycle Giant – Why That Makes Perfect Sense,https://news.google.com/read/CBMiRkFVX3lxTFBORGtxUkdETG1wS0dkdVl4SkRiVEtWa3VFZ2VYSkJwZDdCQllXalZLYlVjV3IxVWk2Q3Z4Ui01eS1uVWx2MVHSAXdBVV95cUxOVlB3MkQtUk1CbFRwMldHd2tHVEp6OVI3cHBrNl9jdVpDNm1LQ1I1aUtJNk93QXduWEIzVmQwM3ptTDA4a0lVZ2FlbGNjaE82X3FSV0ZRNmhBZ29ZcjBZbVoxc2hLWmVRWV96dzVZbnlBV2QwS0U2OA?hl=en-US&gl=US&ceid=US%3Aen,Dronelife,18 hours ago,🚁 VTOL Drones,https://news.google.com/api/attachments/CC8iK0NnNUtkR1pLU2tWNldsSmpabTQzVFJERUF4aW1CU2dLTWdZaHBaVE5PUWM=-w200-h112-p-df-rw,2025-09-23T06:41:15.569627
Kawasaki Is Going to Build a Drone Cargo Plane,https://news.google.com/read/CBMifEFVX3lxTE1Jd0J2TnRpdjhxYjFoUm9XWktrQzZKTUUzQmpzUjh2anlnUHk0cmVsOTdFdmt5M05DUlJSSVlsd1A3aS04NHYwZnJkNkp3aGZJaDFUMERMVXBOczJoM2Mwc3p2MjkwQnVPNWR3eTFBVmluREh1ODdXR1lTV18?hl=en-US&gl=US&ceid=US%3Aen,inkl,18 hours ago,🚁 VTOL Drones,https://news.google.com/api/attachments/CC8iK0NnNVFNRTVVU0hneFVESklVMjlhVFJDZkF4ampCU2dLTWdhZEFZbHQwUU0=-w200-h112-p-df-rw,2025-09-23T06:41:15.569630
"EDGE Puts Next-Gen UAVs, Radars, and EW Tech on Show in Serbia",https://news.google.com/read/CBMickFVX3lxTE40RFk0aENJYm1DcW1FU0NIUnhiZk1STGJsWU9QMHZrYnNOTGpoMHZxQVFVNjV5cWx0d0RCd1dRZzZXUE81S19pNl82OFhwbWNUVTQzcGVfOFpFTG1nLTRkUWxwYU5TdVFpLUVyNTBobXZCUdIBckFVX3lxTE40RFk0aENJYm1DcW1FU0NIUnhiZk1STGJsWU9QMHZrYnNOTGpoMHZxQVFVNjV5cWx0d0RCd1dRZzZXUE81S19pNl82OFhwbWNUVTQzcGVfOFpFTG1nLTRkUWxwYU5TdVFpLUVyNTBobXZCUQ?hl=en-US&gl=US&ceid=US%3Aen,The Defense Post,19 hours ago,🚁 VTOL Drones,https://news.google.com/api/attachments/CC8iK0NnNHhkVXBKVTBORVRrbEJjV1ppVFJERUF4aW1CU2dLTWdZQllKTEdyUVk=-w200-h112-p-df-rw,2025-09-23T06:41:15.569634
TADTE 2025: Reflecting Taiwan’s Strategic Themes,https://news.google.com/read/CBMikAFBVV95cUxQb2w0UVJySkJXREpWVm03T0xkN205V0Vld0ktZzNFQWw5bHI2LWZ6U2VuY1RLLUFuejVSalMxOFBGeURaYnZqNnl5YnA2XzlQc281YzV0U25LNl9JeC1PRC1pWFIyTFdXWmdadnRKaEpMOWpHRmFIM29xcnNMYm9fQk10OXBYUGtoRklqM2l0T1Y?hl=en-US&gl=US&ceid=US%3Aen,Defense Update,20 hours ago,🚁 VTOL Drones,https://news.google.com/api/attachments/CC8iL0NnNVVTMk5WZW5aa05sUlhjbXBsVFJDOUF4aXdCU2dLTWdrQk1JcG9LS2FKeHdJ=-w200-h112-p-df-rw,2025-09-23T06:41:15.569637
Greece Moving Forward with Fourth FDI Frigate Procurement,https://news.google.com/read/CBMiUkFVX3lxTE9UY3l5aFdQMmNHRktsakJnQnNobm5nc1dCM0N1bjNHTXd3cVB4bHNJaDBOSW1VMXRSc1BMeVVTYXBnUHVPMkVKN01rZ3lXeGROUUE?hl=en-US&gl=US&ceid=US%3Aen,Defense Mirror,14 hours ago,🚁 VTOL Drones,https://news.google.com/api/attachments/CC8iK0NnNTRUQzFTU1RsemQxWnRlbHAzVFJDM0FSaVRBaWdCTWdhVllwS01xUWM=-w200-h112-p-df-rw,2025-09-23T06:41:15.569640
U.S. Coast Guard uses Airbus Flexrotor drone to seize drugs in successful maritime operation,https://news.google.com/read/CBMi1gFBVV95cUxObndlNDl4R2U2VE9CZi1LSUFwVEhKSHZkVUU4ZlFCOVJfSjVaUm1HV3pyNE9IeFJZTENMZWx0RGYzZlVGRDZqOFpfa3VmYjdvSzJMVGRhOEdYeUphVEN1WHlOTVVNc25vV3BkOHdnYzZEdW0teTJiRkVNN1hZVC13dlhKbjVOVFJpTUg2cW5qd2NGOXdQSmd6TTZjMFk2ckY0M21DQ0EyOTFGSENyZzM3S0w3a19taVFndHlFcFZWVDJrV1pxUXgzNVJmWk5OVzFRN1ppUnl3?hl=en-US&gl=US&ceid=US%3Aen,Army Recognition,18 hours ago,🚁 VTOL Drones,https://news.google.com/api/attachments/CC8iK0NnNXRNVzVoY1RnM1ExVmhhbVp0VFJDOUF4aXhCU2dLTWdhQmRKRGt1Z1U=-w200-h112-p-df-rw,2025-09-23T06:41:15.569644
U.S. Coast Guard Utilizes Airbus Flexrotor Drone for Successful Drug Seizure Operation,https://news.google.com/read/CBMisgFBVV95cUxPSTFjVjVISGowX0lMR1FLVW9pRlVMQUc3eF9jUmEzWmhEaEM3Tm4zWDFpRTlvVTh6dncwTUxhcGlQbl9abmdCVmRqQmMtWGhfM2ZOVUZHVW1laWlpWTZsQ3FPWXktVDN2TW5NaFV5bG4wYVVNdTRiMGNpZnJNalNTX0tBclZ1WURPZVlFaEd2VVdDWWlpVGE4Y3gzVjFvV1c4OEpJdHppS0RlQUt5OG5hMGln?hl=en-US&gl=US&ceid=US%3Aen,SSBCrack,18 hours ago,🚁 VTOL Drones,https://news.google.com/api/attachments/CC8iK0NnNUNlRUZ6YzJwSlQyVXlUbXA2VFJDOUF4aXhCU2dLTWdhQmRKRGt1Z1U=-w200-h112-p-df-rw,2025-09-23T06:41:15.569648
All Scorestreaks in Call of Duty: Black Ops 7 (so far),https://news.google.com/read/CBMiaEFVX3lxTE0ybXI0Ulotc0UzNmhjVURUeVdYNm8yOTl4ZW1nbmM0QUdMTDRSbk11dGtMSDhlMlpGNEJKQWVic0dXSjFmdFJUbC1BTTNLQnJYT3JlcnhyMU5mMzVuNGstMmlkUWd5STM1?hl=en-US&gl=US&ceid=US%3Aen,Destructoid,15 hours ago,🚁 VTOL Drones,https://news.google.com/api/attachments/CC8iK0NnNVJPR0pTVmtWSlUyaFROVlZ5VFJDZkF4ampCU2dLTWdhZE1ZWk9HUWM=-w200-h112-p-df-rw,2025-09-23T06:41:15.569651
"Predator Drones Monitor Protests, Sparking Civil Liberties Concerns",https://news.google.com/read/CBMi0AFBVV95cUxPQ0dTTk00SU5VRUYtQVNTRkNyUWNHVER0Yy1Ob1NfNHlKTTBYRjFFUzV6LTRfam5CT3JZOF82ZXFudnZXdm1uZ3ljbUxHMzN3X1FaVm82eW1wM2ZHVDQ1VjZfckU2Z1pjR2NMaUNWczkyVnJ2emg1cHhXRDJCWHFNcWxaNzY5MTZYcWJfQVQtYzV6MTAwbFFNemtIZGVqUmpqZmViOGVIbzBOQ05Kb3dpNmVxQTd2dUlzSlpPWGhvTncyZVJuNXFVZk9RWkFDb0dE?hl=en-US&gl=US&ceid=US%3Aen,KFI AM 640,13 hours ago,👁️ Surveillance Drones,https://news.google.com/api/attachments/CC8iK0NnNHRhRUZQWmtoNVgyZHZRVXhWVFJDZkF4ampCU2dLTWdhZDhZanMwQVE=-w200-h112-p-df-rw,2025-09-23T06:41:15.569654
Japan Increases Maritime Surveillance: Coast Guard to Receive Four More Large Drones,https://news.google.com/read/CBMitgFBVV95cUxQWmtiSFhYSEtfckwycGxSd0tPWmk1dmtOaXoyLWxBM1RHSGw4LVFKZ0JhYl92VWROejZXOGRWOEd2Z2xqR0djblZfd1ItaGduNEg0WUIxZjlmYzczOG9QMG1ybWhzVndiUGFVNzJ6ZFU1dG1IejV4RDhYR3p6Sl9LdEFmTldfUmgwdmZ4eENPc2V0UE5DSWRWZHJoUjMwZTFxNE43dHd4R3F0LUkxWDRCUDB6QzZxdw?hl=en-US&gl=US&ceid=US%3Aen,Мілітарний,10 hours ago,👁️ Surveillance Drones,https://news.google.com/api/attachments/CC8iK0NnNHlhamRIZHpoM1ZsZDFUMHhEVFJERkF4aWxCU2dLTWdZSmtZeHFPUVU=-w200-h112-p-df-rw,2025-09-23T06:41:15.569657
"Drone surveillance nets lane violators, 453 fined in 1 day in Gurgaon",https://news.google.com/read/CBMi2wFBVV95cUxOam50VUt0eEN6S1hfM0c4UlU3ZEZpVjN4U0Vwa2hyY3lUWXJIZllZN2hmVGZWQnRBV1V6X0VQWk9JVlpKUWRjdTZWSXVYNEJvOVJiMFRVN2FScWR6RFdwY1JhaDdTMXVnMV84T1FQWm9BQXRVQUNhYWxMUkhYMFdsck55akUtSFF4dWtZRDl2QV9PNHJ5cWQyTVNkXzY3RGoyalpyYmJubnBibWtCc1JBeEQwTWZvdWo5ejZXbjByWjB3M1lodzZpc1RFcjJRd1UzdHVxNlZQaWdnLWvSAeABQVVfeXFMTkJ1NlRaYjR0aGttWWlKWXZPa1p3WkthVGxhTjE1WFhZRGxJMnZNWFNDbE5VWU5zdFFmR0VwX2EtaHllRk5nZldqR3g2WEFWSzlqc3RJNXZrOW9GYXhwOFFzc3FoX05kOHotTHVlRC1ubnlIeklwT2V4VGZmSWhpU0I5b0JRZ2tOcTZlcUNDNk5Fd0c2QTFYbG9VdDFCQWJzeHlCa2xLcWlGa1ExTFNwbU02S25XNUxXdTZEblotd3lFQjBETXp1VDlYSHlMTTJJU0pvQnJnNXhzWHF0bjVQSWo?hl=en-US&gl=US&ceid=US%3Aen,Times of India,11 hours ago,👁️ Surveillance Drones,https://news.google.com/api/attachments/CC8iI0NnNW9iVEpqZUROeFJqSTBlVFp2VFJDZkF4ampCU2dLTWdB=-w200-h112-p-df-rw,2025-09-23T06:41:15.569660
Malaysia receives drones from Japan under security framework,https://news.google.com/read/CBMiWkFVX3lxTE1fQzlfWEt6WmxnLWsyVHpEaWZ1R3l1Y200VkE5WUxRWmtQc2hSS0VkR2JfbmhhSGoyNS1OcFdoTFZyZGZuT0NiazdaeENTbFhrd3gtazQ5UDE0Zw?hl=en-US&gl=US&ceid=US%3Aen,Japan Wire by KYODO NEWS,19 hours ago,👁️ Surveillance Drones,https://news.google.com/api/attachments/CC8iI0NnNDNlRkU1VFZkRE5USkhXbkl0VFJDZEFSaWVBeWdLTWdB=-w200-h112-p-df-rw,2025-09-23T06:41:15.569663
Indonesia approves $450M loan to purchase decommissioned Italian aircraft carrier,https://news.google.com/read/CBMiwAFBVV95cUxQckpXU3haWHJFN2p2Q2pyTGtMR28zSjg3aWRuZHc5UlJBYVB3NlNsQjZ2YWc1VTRsd19tMlREd0Y5bHNSZUY2Q1d1aEZZR2xFbzhSWmdYSThCaUY4LXBlVlFrVHZHcTdLdXFyZ2VycmlzZThhdFFoZk5POFBTNUswVWVQNHpmcTRUaXlxUU13QmlsNHYwM3hDR0VVc21WbnNCcVhYOTJMYWQ2MTJyTGEydXU0RmRZdUNIWUpjcmF6Nlo?hl=en-US&gl=US&ceid=US%3Aen,Türkiye Today,20 hours ago,🇹🇷 Bayraktar,https://news.google.com/api/attachments/CC8iL0NnNXpiMWRTUWpCU1VtNUJWRFl4VFJERUF4aW1CU2dLTWdrUlVKRHB0V1llSndJ=-w200-h112-p-df-rw,2025-09-23T06:41:15.569666
Indonesia Approves $450M Deal to Take over Italy’s Retired Aircraft Carrier: Report,https://news.google.com/read/CBMixAFBVV95cUxPWEFiLW5GRS12V3Q1ZFp2QXNsWFp4dWZlSmF1OEpyemMzU3ZfMWNwZ1BjOTNYcWUxLXpscHV3Z1RtTXltcnhzSlJtWk9kYXE1S3ZfWDBEQjAtSkJVT193Q2s2R1g5NHJsU0xPOTFVSHRNSTlDMHhoSWV6c1NweGlhdDZoelRCS0RPVGJZMVRiMEYzRWhHRVR6bEhoSy1NaUVvc05wQU1XOG8yREZ0eFFZRXQxNy1RUk1SQzVQUUNCUmVOV1VL?hl=en-US&gl=US&ceid=US%3Aen,Defense Mirror,18 hours ago,🇹🇷 Bayraktar,https://news.google.com/api/attachments/CC8iMkNnNUpRV0pSZWkxc1p6QnJXRXMzVFJDckF4aUFCU2dLTWdzQk00WXlIYWlwOU1paVhB=-w200-h112-p-df-rw,2025-09-23T06:41:15.569669
Giuseppe Garibaldi: Will It Be Indonesia's First Aircraft Carrier?,https://news.google.com/read/CBMiowFBVV95cUxNb19XVEhVemcwejNzWm1LVUNaV0tqV3dKMWdpbTdlb0dsemN6SVhHWG5MQTQ2NExuQW1GeGlENXIwcXd4bnJzNjlkS0JZeExiVHhDYl80QzVjX01TZUFEZWNwMzJjOTl4TlN4SG14OWdpLUZmdlRZcjYtUnVoR1hEd1pKb3kxcFFkSzU3QUVBeTkzQ3NwM2lOR3ZoaDVGaVJMeDVn?hl=en-US&gl=US&ceid=US%3Aen,Kompas.id,12 hours ago,🇹🇷 Bayraktar,https://news.google.com/api/attachments/CC8iI0NnNWZOM0l4VnpaTFpISk5NRVp6VFJERUF4aW5CU2dLTWdB=-w200-h112-p-df-rw,2025-09-23T06:41:15.569672
Indonesia approves $450 million loan to acquire ex-Italian aircraft carrier Giuseppe Garibaldi,https://news.google.com/read/CBMi2AFBVV95cUxQUFVPQWN0ZEp4bmo5Y0ZGTThoT3RQSklfaHhxblRkZUJqem9tNS1nTXlWd2UxU0VxbTdTMHJBaDdTazk3TTlRd0FrdVU2WGV5VnJSYU1qalRFaTBDaHp2T2VVZlhGQUZtWjVJWW1Bdl9WUDhRNzB0bTJJVTh0OXYzXzlfY2ZFOExfaUNOMkVkZkdhWWZWVnQydXAxaktZTWF6VzBkc09ZcmJrZnJjbUtiWEtqSjBaUEpOYWtYS0I3d1B6ZmFIcURRaThGOHdLR05HMVh3dlRKZ2c?hl=en-US&gl=US&ceid=US%3Aen,Army Recognition,2 hours ago,🇹🇷 Bayraktar,https://news.google.com/api/attachments/CC8iK0NnNUVWbmhEVGs0d2VFRktSMVI1VFJEREF4aW9CU2dLTWdZQmNKU3R0QWM=-w200-h112-p-df-rw,2025-09-23T06:41:15.569675
"Predator Drones Monitor Protests, Sparking Civil Liberties Concerns | KOST 103.5 | LA Local News",https://news.google.com/read/CBMi0wFBVV95cUxNYzRyc1p2TFVEZ3ZaR2lVdTlzSHI4dUdvU2xHWWlXRU1OdnZTZmRSRjRGX0tWYno0TXNoWE1HSVdoRC1qSkR5Ym1meDdVT0ZFS08zWmVRUzhzXzRuWG01YWl4V0pUUWVocEdLVkRoRV9wWi1NYk5xTnlvSU80c0RUcmpGRG9HamFjRk9hemVyelRtVnU3aG9qNkszU0M2Zms0SHljTTlaSXo4QjZvaklKYkxiVjktaFpvTWpKLTdCR0N2VkNvYWd0dnQwTlNrd2pGc2Jn?hl=en-US&gl=US&ceid=US%3Aen,KOST 103.5,13 hours ago,🇺🇸 Reaper Drone,https://news.google.com/api/attachments/CC8iK0NnNHRhRUZQWmtoNVgyZHZRVXhWVFJDZkF4ampCU2dLTWdhZDhZanMwQVE=-w200-h112-p-df-rw,2025-09-23T06:41:15.569678
YFQ-42A Drone Helps General Atomics Hit 9 Million Hours,https://news.google.com/read/CBMiekFVX3lxTFA1OE1XVUtDakJZaDhxOWVQOXlxUXBiVFF2bHZtNE5vT3hUenZzV0dZRWlaVFJZeGhCQm1pelIwZUlESDRyTEt6bnZTRE5zSW5tMkZNcVVjdTIzNzRXZHpILWNRc0NGa1l4a0wyRTBUcVNDcXpaeHRRVkFB?hl=en-US&gl=US&ceid=US%3Aen,DroneXL.co,18 hours ago,🇺🇸 Reaper Drone,https://news.google.com/api/attachments/CC8iK0NnNXdRV2RYV1hkV2FrOTROazVHVFJDZkF4ampCU2dLTWdZSlVwQnFvUWc=-w200-h112-p-df-rw,2025-09-23T06:41:15.569681
‘Causes and consequences’,https://news.google.com/read/CBMicEFVX3lxTFBCNUszb2Z4X1ZtR04ycDlPTWpPNmU5M2x4VWRoWi1GYU1lZzJybllEOXVjSF81Y1Z0a1dRNFNYRU5idVlWUnA1ODg2MkRMTEhheWZHaXoyeXFCcVhHT1ZEU0o2NDV2aC1VRkcxYjloeHXSAXZBVV95cUxPRjkyMDhpdXpPM1htdzVIa3A4QmlvSUo5b0VvSW5Yb3ZnZThRRG9MV3cwZVhOa08zSDhQbTkxMS13QzR3enBheEdOSTBxV0FYdWx6SXJVbDVtb0hRN29RRFZxU1pRenNGejFfYjNBZ2x5Vy11b0VB?hl=en-US&gl=US&ceid=US%3Aen,Meduza,15 hours ago,🇺🇸 Reaper Drone,https://news.google.com/api/attachments/CC8iK0NnNXBZMGhHT0Uxb1JFdGFWM00xVFJEQ0F4aXFCU2dLTWdhcHBKU3V1UVk=-w200-h112-p-df-rw,2025-09-23T06:41:15.569684
10-foot apex predator with ‘powerful tail’ hunts off CA coast. See ‘rare’ video,https://news.google.com/read/CBMiggFBVV95cUxNWVVkY1NXU25yR0VEa3dOaVN4RDFjdFdXUUN2R0pScG9sb3B0dnFMRGozdHhrTnBjNWJCc2Q2VmhUZUpES3VzMjJPVDR5N25wQnhDX1l2SkNvWG1sbnZ6Rlo3QUNpOUs5X2tpcXRCTGhKcVdlTUFHeE9KNFZ6aFQ3bmZB0gGCAUFVX3lxTFBrbTlfQ2lWU3pReXE0N2tZRGRlcG9FcUtld1VFLU5hRVpzX0R1aHg0dkgwMUVnWTI0RDRnaS1UeTA0V29aS20wc3FFcHc2STdSTUtfTVMzUlZpZ2tKNG5oMTk3cFhUb2xkcGZITUJsR1VHQ0JxUlVrTGU5eWpGbld4YWc?hl=en-US&gl=US&ceid=US%3Aen,Centre Daily Times,11 hours ago,🇺🇸 Reaper Drone,https://news.google.com/api/attachments/CC8iJ0NnNVRWekpRWVRSRVoxOHlUelJvVFJDZkF4ampCU2dLTWdPUkV5SQ=-w200-h112-p-df-rw,2025-09-23T06:41:15.569687
The Strongman’s Surveillance State,https://news.google.com/read/CBMifEFVX3lxTE1Ud1dJTVdaN3l3dTZJZVFza3Zkb2tMcHhMQTdKU05VaDlObFJhMXJTOWc0dENVaWtBWV9zTF9kQW5RNWhwaC1EbDVUWldaMDRwdXlwblpyaTNHTWVvcTVLVVBQWGdVN21VRExUZWVpRlh6OUF0eDkwa3c5STg?hl=en-US&gl=US&ceid=US%3Aen,Boston Review,15 hours ago,🇺🇸 Reaper Drone,https://news.google.com/api/attachments/CC8iL0NnNU9Xbkk0Y1hoTFJYVk1NV2xEVFJDNEF4aTVCU2dLTWdrQllJNFFwU2ZCVWdF=-w200-h112-p-df-rw,2025-09-23T06:41:15.569690
Trump’s Caribbean Strike Escalates U.S. War on Venezuelan Narco-Terrorists,https://news.google.com/read/CBMitgFBVV95cUxNaTRCUUNGZnJPVnlMZFVnOTZSMGEtZ0dDR3k4N2pJMVdQRlk3Nkh0SnNMWFA5QzBndDdOZWVSLTFIUjlYR1MtZmlmbnJwc09ubGZ1eTBtLXhfaWZKSHZxRDJuTllYRnFPM2RGdlB4SU1xREJHdWRBZGtyd1hzbFp1a293UVpIbkpnN28xdFNoRHBnMVpUT2RFVVZZNHlRSHo1NGxqek03WnJYTDZ0R25vSWdXLV9JUQ?hl=en-US&gl=US&ceid=US%3Aen,LatinAmerican Post,17 hours ago,🇺🇸 Reaper Drone,https://news.google.com/api/attachments/CC8iMkNnNDNiWFJzUkVOWGNVRjJhWFJPVFJDaEF4amdCU2dLTWdzQlFKU2dJR2tWN29taXdR=-w200-h112-p-df-rw,2025-09-23T06:41:15.569693
DJI’s Mini 5 Pro’s Biggest Problem: It’s Not Legal,https://news.google.com/read/CBMifkFVX3lxTE50dUtLRVdhcUFIdjZsVDVGVlUyNXBFR2lWdTNmQW9iaU1CZ2drQmFQUGtEY1RHdnFHa0ZJd1lONUx0aklpSUlld1VXX0o2M0RfX25TRXFWMDM2S3ZXa2RNRXAtUHNmclZZdUdTOV9NTHY2TUo2TmtQc3M4RVRLZw?hl=en-US&gl=US&ceid=US%3Aen,DC Rainmaker,12 hours ago,🇨🇳 DJI,https://news.google.com/api/attachments/CC8iMkNnNTZRME5mV0ZkRk9FTmtRV0ZyVFJEb0FoamdBeWdLTWd1TmNZd211cVU5Q3dxWFZB=-w200-h112-p-df-rw,2025-09-23T06:41:15.569696
The travel-ready DJI Mini drone bundle has dropped to a record-low price during Prime Day,https://news.google.com/read/CBMiekFVX3lxTFBCUlE1clBJb0JDbnBQM3k5clNNaUYzY2pwcFRjLXBCUTJRNUFWRWoyWVZYd3VHTWVud3MtUERxTUN3cVdYaHFTcHhhRTlHLWhMZHlvOWxwUk9hYmRPNmZoLWl3R01sXzUxanJ2ZmlUalVPNFhNd3dNS1VB?hl=en-US&gl=US&ceid=US%3Aen,Mashable,8 hours ago,🇨🇳 DJI,https://news.google.com/api/attachments/CC8iK0NnNUZTa015V0VOVFdHdHdORko0VFJDZkF4ampCU2dLTWdhaEU0U3RuUUk=-w200-h112-p-df-rw,2025-09-23T06:41:15.569699
DJI Mini 5 Pro: Philip Bloom’s Comprehensive Review Unveils Game-Changing Features for Drone Pilots,https://news.google.com/read/CBMie0FVX3lxTFBSZ2F6VG1oeXdieGV4N01NazlEbW93ZHJaaTdCMWNrTThjWmtjVmZKTThHbVR3Wk1KRnNZelRTeGFnNi00UXNQZ1EtamV1VXR6T3F4STRIWjd5RlMxaG45ZmVoMEFvRlVxTThfcGtRTGZ5X3FiWTNqMTM4aw?hl=en-US&gl=US&ceid=US%3Aen,DroneXL.co,18 hours ago,🇨🇳 DJI,https://news.google.com/api/attachments/CC8iK0NnNVRRVUpaVW5CRU1qRlplRlZRVFJDZkF4ampCU2dLTWdhWmNwYU9LUWc=-w200-h112-p-df-rw,2025-09-23T06:41:15.569702
Save $50 on DJI's Mini 4K drone and turn amazing footage into sharable videos,https://news.google.com/read/CBMie0FVX3lxTE05ZGQ5UFZTVlBwSzlwLXVfZjNKT2Y3WGlKMWdlUUJncDE1U1EwMmQyUU5ZTzVDTlRnMzZLeUJfVlNjWVFTSDZ4cVFDZUROenFrVGtNR21IaXBRVGhhZTFhQWVWUjhVN2FFSjlnZDFNZmtJTVl3cWl6dHNzMA?hl=en-US&gl=US&ceid=US%3Aen,Currently.com,11 hours ago,🇨🇳 DJI,https://news.google.com/api/attachments/CC8iK0NnNVpiSFpwUmtrd01XeEhWMWxJVFJDckF4aUFCU2dLTWdhaE5JYk9uUU0=-w200-h112-p-df-rw,2025-09-23T06:41:15.569705
GA-ASI Line of UAS Passes 9 M Flight Hours,https://news.google.com/read/CBMijwFBVV95cUxNVEFwTmdGOXFwTXlpUXFPcWo4QVd0UTRqNGVrZGhDSGxBZFhZZlJmUlJ5QWxralIyT05RdnFMSzJoYk9DTklGT3JBamNHUkpiOXB2NGZoaTZxcmRUWm1TYWhLRnAzV2ZNUW9YTHNnamotLW1BNGg5cjhsWmFETzBsYjRFOUx1bGlIdjQ5V1ctWQ?hl=en-US&gl=US&ceid=US%3Aen,ASDNews,21 hours ago,🇺🇸 General Atomics,https://news.google.com/api/attachments/CC8iI0NnNUNTMFUyUTBwc1VuWlFXV0ZFVFJDUkF4ajhCU2dLTWdB=-w200-h112-p-df-rw,2025-09-23T06:41:15.569709
Only one company is positioned to deliver the future of airpower,https://news.google.com/read/CBMiowFBVV95cUxNUjh2Nm5kTUMtTHlsdUZMZkRlcVgtLTlkTi11RUZYTlotUHZvTmpZbFBCN2FtX2lHdGc5b3E1SUg5Q1hqNmI5eldkNzRKZGw4UXlZUVVmdDJrM0VJc1A3cUdudm1Tem5vczRFVDhGTnNBVUtybEs5SGNkQXdUZXlQTHJ4VHFXT0ZfVk5KTkx0ZzNkUjZUejRyaDVtS3JtYXotZDRJ?hl=en-US&gl=US&ceid=US%3Aen,Breaking Defense,9 hours ago,🇺🇸 General Atomics,https://news.google.com/api/attachments/CC8iK0NnNUdkMk5EUkVKWGRucG1XRTFWVFJDZkF4ampCU2dLTWdhZDBJNHVRUVk=-w200-h112-p-df-rw,2025-09-23T06:41:15.569712
Vectis: Skunk Works Just Unveiled A Stealth Drone That Could 'Team' with F-22 and F-35 Fighters,https://news.google.com/read/CBMiyAFBVV95cUxOUkFQN21ydW5CRUloemRUaEQ5a3NjVXFlV0NvOXIzdm9oMDBYekxlYjdyQWNsem9BLU14SnNxNlM2MF9QOUFDQjNKemIzNHBpS25kcXdMMk9uMjl0eExHeUw0ekZqd3o0YnMtOTdYSHdnSjE1RlZlaVlNSllnRnZDWE1TaUFnbVN4ZlRja3kyLXpwdHpkQnRadnlfbWFCX0VlZGVXVG11OTJjcldmQW14ZnNrYXpsc0lXS0l6WTd4Si1zMk43WWVycg?hl=en-US&gl=US&ceid=US%3Aen,National Security Journal,15 hours ago,🇺🇸 General Atomics,https://news.google.com/api/attachments/CC8iK0NnNUZVa1UyV0dKTVRFVjZOa3gxVFJDZkF4ampCU2dLTWdhSllaQXNMUWM=-w200-h112-p-df-rw,2025-09-23T06:41:15.569715
"First F-47 now being built, will fly in 2028: US Air Force chief",https://news.google.com/read/CBMiqgFBVV95cUxQd0Znbk1PREpDSGFkeklrV3hFM0F4NXMyd2NyV3VNVVFYejJIeEVWMUJnakdvcVBjV1BaVlk5Y0pwaUpRLUc2SG5xQkNlclVZRU9GOHE0WlhqMHZkVnlnRFNRQ216ZFRYS2ZYM3hsMU4xNkJrU2NEN0UyUHF5SFRrU2FUdlRRaXZPT0p2Q1hWeEM1emQxejViSmdpelRYVlBmMDhOQm1QbE9ndw?hl=en-US&gl=US&ceid=US%3Aen,Defense News,13 hours ago,📰 Defense News,https://news.google.com/api/attachments/CC8iK0NnNHRNMjlsTmtka2ExUkZURkIwVFJDdEJCaW5CQ2dLTWdZQklJeXROUVk=-w200-h112-p-df-rw,2025-09-23T06:41:15.569718
France seeks ‘mutually acceptable’ accord on next-gen fighter progress,https://news.google.com/read/CBMivwFBVV95cUxOSUx5NmtvdmxBYUltRktUVDBQdmZFaXZWV0MtbUFrVVAwMDRQY0VUeHlacGJEWDRsYmQwOC1lZnNrM25WQjBpVkhpRlljWjJnOGNKQ3BfVGQxSFBHWWtDdTZ5QjhHdlN1c24tVWVOSzJjOHRFT2dwSUR1V2NyUXg3Yjh1S0Rtd0E2TXhqcDZGblpaUEZBa2xyaVNITDdjVzVwVWMyZ0lNTTA2TmpoQlJ2SEprZlFXOGlKT29VcTd6UQ?hl=en-US&gl=US&ceid=US%3Aen,Defense News,18 hours ago,📰 Defense News,https://news.google.com/api/attachments/CC8iK0NnNWxZMnRHU1VoMk5VOXZTVGhyVFJEZ0F4aUFCU2dLTWdZQmdKUm91Z1k=-w200-h112-p-df-rw,2025-09-23T06:41:15.569721
USAF must focus maintainers on key planes as readiness suffers: Meink,https://news.google.com/read/CBMisgFBVV95cUxNWTB5NThJcllUc1hwVkxucldNY19URjVId3kxWnhQcjdpY1BTOEVKMlQ5NHdCcG5qemExV1JuQjRIdmlldll3aWpjUTA5TXAya1dSbjdHWmxHOGFPZWtlNGFxbW5QSFUxaE55eDlRUUJQTndQVmVLTHdGSVVhMDBYUTJOTHo0TUpMM2xNaW1PYVhiMnJyS0EyQThkZ3VYY1hMZDdhZDA4eDJzSzR4SjhpeWRR?hl=en-US&gl=US&ceid=US%3Aen,Defense News,11 hours ago,📰 Defense News,https://news.google.com/api/attachments/CC8iK0NnNWFSWHAxTFZSRlRVcExTMlZIVFJEVkF4aU9CU2dLTWdZQk00QVJtUWs=-w200-h112-p-df-rw,2025-09-23T06:41:15.569724
China and Russia conduct joint sub patrols — should America worry?,https://news.google.com/read/CBMiwAFBVV95cUxQdHMyOUp2OGU4a21oSHc4RnFIclZLTTZ6ckVHZHZsTld6ZE1BR0w5UnRnYjdxZmN5aW8yVmdwdGJzT0hUM3FzT3NtNXY0WXlVT0N4VFRIdjl0b3E2S3FJMHU0amV6bE4tOTduSmlITlN0d3RLa2Y0dVJOVnp5bTFtSnM5UWZRZ3JWY2w3Qi1GMVdyelJXTUNsMHIzU1hDZGltb1c3TU5rOEFNaUtNZEQzb0pFWDljNVlUSXpGMExmOUM?hl=en-US&gl=US&ceid=US%3Aen,Defense News,7 hours ago,📰 Defense News,https://news.google.com/api/attachments/CC8iK0NnNVNiRlZDVnpoSlYzZG5Sa2RIVFJERUF4aW1CU2dLTWdZWmdJb3FyZ1U=-w200-h112-p-df-rw,2025-09-23T06:41:15.569727
Boot Camp for Your Wallet: Financial Tips for New Recruits — Money Minute,https://news.google.com/read/CBMitwFBVV95cUxNZGh6NmpwRU5RTHk1bi1CSU55XzhTN0UyUVBwR3B4bklsX1docE9TY2lkdjdTanNqRnMtMFZxWVBIOXpGcnJKOEpmcTVPT3R6WDR6UVpsRk85VVh1OGtBNmFDZk12U3dNN0VuT2hNWUVCRzZHSWZSSHdrTVZsbEpKdGlyWjdsZ3I3ckJLRVNHOVdZdU5ROTF1d2pSOFIyVUVkME1lbmV5Q3dVMlhMTTNhclIwUUEwNFU?hl=en-US&gl=US&ceid=US%3Aen,Defense News,18 hours ago,📰 Defense News,https://news.google.com/api/attachments/CC8iI0NnNDRMVnBTWTFaTGRsUllVemhVVFJDZkF4ampCU2dLTWdB=-w200-h112-p-df-rw,2025-09-23T06:41:15.569730
"Chief of staff’s exit won’t leave gap at top of Air Force, Meink says",https://news.google.com/read/CBMiugFBVV95cUxPRW52M0FXYTdYbUVoZnZ0SDRaT2xnRl9lMlBUaFdVdlJWRnA5UVVTWFhEemlxRTgxbjlkMlRoakhidUtPUHg2Uk41di1YWnRkYVBLTTQzUjJKUnVrWUNTaXR4eUtmRTlITWIzeUswNnJHbGxNUTN2bzE0R1dnMEdIS0tWUmEwdy1WVkNUYS1HbkxJNWNjaG1ZNVFNNk9DR0gxU1RRTjVtalhsNXlwTGg3REY0RzhVNm5NQkE?hl=en-US&gl=US&ceid=US%3Aen,Defense News,9 hours ago,📰 Defense News,https://news.google.com/api/attachments/CC8iI0NnNUdSblUxYlV0TFJHNWhlVlEzVFJDeUF4akNCU2dLTWdB=-w200-h112-p-df-rw,2025-09-23T06:41:15.569733
TADTE 2025: AIDC unveils new directed energy weapon for air-defence networks,https://news.google.com/read/CBMizgFBVV95cUxOTjNSemxTMmZHcnNGbkhrbU5PUklrdmJQNDdFUTdCd2NZNjFpX1VncEdyWGtkd2NIYk9RVnBqRTk1Y0FGLTBTa1kxNjZqMTdwbmFaUWNmZlNtbkxnVEphTVYyUWdackRiNVk0V0JYNG9LbTB4M096TFQxbU5lOVRsM3RVdUp0WlJoMmV3UWIxTXkwSFQ4YmNxSXQ0dnRiX1dQTkZsRTIyWW93QnJVdl9UaU5CU05Gc0ZBazFsS3BSbndxTDFsb1BscDBtNVdvZw?hl=en-US&gl=US&ceid=US%3Aen,Janes,19 hours ago,📰 Jane's Defence,https://news.google.com/api/attachments/CC8iK0NnNXZXR2d0VmxObWNsODFVVWRWVFJDVkFoallCQ2dLTWdZRkpJWUpvZ1U=-w200-h112-p-df-rw,2025-09-23T06:41:15.569736
TADTE 2025: Taiwan navy hopes to receive first new light frigates by 2027–28,https://news.google.com/read/CBMizAFBVV95cUxOUzEzUVhEaWFBRjYyOUpndHNyMTFWdjA1TzZOZl9aS3pZZERqbmFpc1ExRy1rcTgtaFM2U0F3Mm5MRTdtQzVOWDdYQVJDX2JDMWNqZE40WGlQUlBnVmhjckpteHBnU0pFdXhXSHpfVHlFTTlPRTB6dU90bTAzbzlYWWNrakhQSlV2SU5CZ083djYyYlowM0dSNUVMeVc4eEtQVkxxMXM5YWdyZ2d5dDl2d3pwaVlDXzlEeTdUM0FnNDlyQmM2cFY0YnVDVVc?hl=en-US&gl=US&ceid=US%3Aen,Janes,21 hours ago,📰 Jane's Defence,https://news.google.com/api/attachments/CC8iK0NnNXhieTE0ZDNKUFVVMVJjVmt4VFJEd0FSallCQ2dLTWdhQkVZb3FNUVk=-w200-h112-p-df-rw,2025-09-23T06:41:15.569739
NATO protests Russian incursion of Estonian airspace,https://news.google.com/read/CBMirwFBVV95cUxQOTNxOVJacjUzRWJYWW1wM182YnRSQXAycmlGR0N5WWYtdFAyNGg4UUsyVVZWU3ZFbFdDN3NvdGpESkthQklsMzlaMkd4QVdyU3hIRHctWENrajJNMnI4STdRMmN2OERFNWpYNFB3enFIUlJBYm5vN250bjRlQWM4MkxIblNXc2tGOEQxZ2NNTmZab2t0Qkx3Q2tqRTFpRUtNa2g2WExRaTA2V3VOVlBB?hl=en-US&gl=US&ceid=US%3Aen,Janes,20 hours ago,📰 Jane's Defence,https://news.google.com/api/attachments/CC8iK0NnNVZNMlkwT0ZnM1RVaFVaa3BtVFJEb0FoallCQ2dLTWdhbFZaS3RKUWc=-w200-h112-p-df-rw,2025-09-23T06:41:15.569742
TADTE 2025: Taiwan Marine Corps receives Mighty Hornet I loitering munition,https://news.google.com/read/CBMizAFBVV95cUxPaGl0elUwT0JtVDYzNkVtZmY3NTNSRGtTd1RyQzlOczl0YXRxWDVOOUJjeWJWR0tFM1B2eFp5WGMwWDdaX0pIcjZpU3RoYlZ3VmVUaHk0b05pcHNadEhvQmxJcml1RHNycjZUUEtIMjFHQnd6VlZCN2R3QVNxNWQtbmlJemlHM3NBTHF0WWpxYUx4LWFYcHdXSlI2ZjRYTTdHdERGSDlMZjVIS0xwaVFSR3RySmR6ZGJPZjhmYlNmb21RS1NJYXpVYnFRa1Q?hl=en-US&gl=US&ceid=US%3Aen,Janes,16 hours ago,📰 Jane's Defence,https://news.google.com/api/attachments/CC8iI0NnNTVNSGxxWnpoU1UwWndWemREVFJDbUF4allCQ2dLTWdB=-w200-h112-p-df-rw,2025-09-23T06:41:15.569745
TADTE 2025: Sea acceptance trials of Taiwan's new submarine programme delayed,https://news.google.com/read/CBMiyAFBVV95cUxNSTJXX3lqMktvSzE1SXNMbjJaQTNkZWJ3ZElTaU9lTjVXak55MC1YbERqLXpCMTB4YmJRM2hzZ0FDeWQ2Umo5dkNGbFFMUkVsNXVuOWxOc19oOHdPeDFESkxLNGZsQlNYb2h0YU41WFZTWE1TUkJnNEZ6X00xVmNHc1A1RTZxWW9KWVpobHhmdFRhX3FoYVMzRTNaY05OSVlJVVVBZlNjc05RdnoxYXh0RElLNHVtLTdicGloV21OeS1XcjhGb0hYOQ?hl=en-US&gl=US&ceid=US%3Aen,Janes,22 hours ago,📰 Jane's Defence,https://news.google.com/api/attachments/CC8iK0NnNTBhVjlsTlhwaGRrTXpUbFZHVFJEQkFoallCQ2dLTWdZQmNJN21MQVk=-w200-h112-p-df-rw,2025-09-23T06:41:15.569748
AZAK develops electrically driven wheel with motor elements,https://news.google.com/read/CBMiuAFBVV95cUxOaWVMc3NxbXNMZWdJRkV2UzZCLUlwRXVuWkNqankxWnJEektJRjJSanFHbUFYLTRjLXRtN1ZzSG5BWG5QWjBWVGk4eUk4OTlISWhDV0tLejF2V19OeXpQU3BtQS1VZ2FaWXpaQ1VkaHNOV0JvYzk5UGJDdW9UZlZ6QV9RM3JOTFZ0ZVlwbjByX25VMU11VHp3Z2pDd1hKRENFQXVjaVlSVVdDai13Mnp0RjZGNkN6RGg5?hl=en-US&gl=US&ceid=US%3Aen,Janes,14 hours ago,📰 Jane's Defence,https://news.google.com/api/attachments/CC8iI0NnNDNiazVSUlRkdGVsQnlXVFJhVFJEdUF4allCQ2dLTWdB=-w200-h112-p-df-rw,2025-09-23T06:41:15.569751
TADTE 2025: NCSIST displays Rocket Turret Vehicle,https://news.google.com/read/CBMiqgFBVV95cUxOUW1OLVVrVFNFYjUwRUhiTTZQOGdiQkFRTFkwNVFuZ2hoU3dNRzZJRzdSS1pQNHZrdXFhZHlpWDhaYlp4azBiUEVNc2RJblB5c0JmMHVXZGlzSnMwaWx4UGNjRnFLc1dmYnJPNVZUTm5VdXQwbWR4N2xGMER6T2xyTjItbTh4SmFfRjNlRG1PWURzYlFuSm9EVjJpd2syOFBEUW5yV0lVZXRwZw?hl=en-US&gl=US&ceid=US%3Aen,Janes,19 hours ago,📰 Jane's Defence,https://news.google.com/api/attachments/CC8iK0NnNTJlVU15UVVoaVdYbzVZWGhNVFJEQ0F4allCQ2dLTWdZQmdJeU9xUWM=-w200-h112-p-df-rw,2025-09-23T06:41:15.569754
Kongsberg Maritime to supply fixed-built propellers for River-class destroyers,https://news.google.com/read/CBMi0gFBVV95cUxQaGEyel8xallnV1pMZlA1d191Wno0UEJRdXpYbEl1WnZqQjluazhDb1JDd244VENWS3E1d3RQTGNSSlhXUjU2QVJfbUNYeWw0bW8taEE5bTdQcm5pY0tKUkNzUlpSZzF5Ri1BLS14ZS1KWVNjZ2FacHRLLTJGd1J1YmljTWp1dk9fWXlYOWYxV3BlcDg3YXZEWk1LaXRDT0I1azBMcUE4ZEc1TGFlT2NXUnFlMUpoQmVHS2Q5aXRRSnRFZkkxR1R6alpob3R6eW5DTVE?hl=en-US&gl=US&ceid=US%3Aen,Janes,19 hours ago,📰 Jane's Defence,https://news.google.com/api/attachments/CC8iK0NnNDJUelI0YlZOWGJHNDFPV2xVVFJEYUFoallCQ2dLTWdhZFk0aU11UVE=-w200-h112-p-df-rw,2025-09-23T06:41:15.569758
UK's Blighter prepares automation function for BlighterNexus software with C400 coastal radar,https://news.google.com/read/CBMi4gFBVV95cUxQZkFWY1FqQ1RsNnQtaEFJdUU3WkR4a0toSk5SeUJYV2Vua1F5UmNkYnR2WUVkZEpWSU5tSFFNSkRvbE0zNVdBaC0tazhhX1dDTHk1RXF6MFk2QTF3MTktbEo3ZmcwbXM0WWNXMGhzaFlvaWJNWmFaWDl2QkFERldaZDZUOEYzdnVrVHFjQTE0NmlLZ0hudnNnM21kRy1WY180Z0QwTVdWZHVIbXRkZUhhbGZfU3NOUGlMTzk4U2czemdtaG5PSHVwZUd6T0VveUVmY1hUM3lUNF9NNUZOb2l0eUdn?hl=en-US&gl=US&ceid=US%3Aen,Janes,23 hours ago,📰 Jane's Defence,https://news.google.com/api/attachments/CC8iK0NnNXdlRTVGZW10R1VGRkRVR3B6VFJEYUF4allCQ2dLTWdhaEZJekt3UVE=-w200-h112-p-df-rw,2025-09-23T06:41:15.569761
TADTE 2025: Bosa showcases modular multitube launcher,https://news.google.com/read/CBMiqgFBVV95cUxQaEt2LWFBcnNlTzFJMlJreUxZTGVndmc5Z280aUdtajNNNFhqYnpSVERUT0NJb3FFQk5TdmJjQ3BScFNLVjFERkVXeUJqRGZvOEdmbDBmaHVpcVEwQVJHaHdjY3J2akJJVERJZlNzRWYzYTA2RkVCYmo0VHFaaTh3QTF0NkxKNWhHZXpNUU44Y2R1TktzUVhOdWtqcHN5UUVtYk9oNW5RbEJvUQ?hl=en-US&gl=US&ceid=US%3Aen,Janes,21 hours ago,📰 Jane's Defence,https://news.google.com/api/attachments/CC8iL0NnNTFlWGRSYWtSSmEweG9hVEp1VFJEQ0F4allCQ2dLTWdrQlFJU3BKU2pvQ0FJ=-w200-h112-p-df-rw,2025-09-23T06:41:15.569764
US Lawmakers Visiting China Seek to Improve Military Cooperation,https://news.google.com/read/CBMiswFBVV95cUxOcEdKbXhuakJ1azItMnFUQUFQSW9PNlcxSlJmblRUa2piNnBQYWNkSGZPMkFoVE5ob09sS05oYXNJcTVuTHJQaTc2MXI0emNfa1hmVmVVMm9nclhBQ2JCdFpReDFoN1FzVzdmamFwMGtKa2s2dXB2amNWVmVoVWdRSTdRZWp2bXdaOGlYS2E3RmpMUUdjX3NvbFVGMFZjMVA4RjAya25rRG5jRnZFWmUybzNvVdIBuAFBVV95cUxNY3JEb0FBeFp1Q2l6VEVHeDRUVEFQMGdrS3JDbDlRVlllY1lnMTBTV1JjVkxvaEtuUnhDTXN5bkpIdUNZN095bThkdVpIcU1wQmkwSVpQT0xWWXJQZzdET2R6a0NQN0F0bGVrVjdxOGVGNUxjTV80NndIRUdQTnVvYmJ4ZlphTFRsV1RnTkJ2OG9BR1FublowWTVuc3VMMmJxSFItSTljeVY3M2FQTGhFWEwtRXA0Q3lf?hl=en-US&gl=US&ceid=US%3Aen,Military.com,17 hours ago,📰 Military.com,https://news.google.com/api/attachments/CC8iK0NnNTJiWEJvTjJGRFkyUTJhMHB6VFJDZUF4anRCQ2dLTWdZTmtJeW50QVk=-w200-h112-p-df-rw,2025-09-23T06:41:15.569767
"North Korean Leader Recalls 'Good Memories' of Trump, Urges US to Drop Denuclearization Demands",https://news.google.com/read/CBMi2AFBVV95cUxQdWFCZi15S2toUEF0NllSWHdkUmxrbUpYM0p0WDJONnp5YW0wakJSUnlEZDNvRW43Q1BIdjJibWl5c1Bucl9mbFNxTHFTRXg0bFZpVUgzNE1wTFVtTzRkc3otOWdMUTJjZkh6OEx0amxjVDM0OXh6aVo2UHpNNmNZNHRQNHM2Y3FCOVAtSjAtbTJPX3NQNFJrbE5vdjBDdk45UUk4Ulh2UzQ4YXdsY19HSS1kNEhUUkVlQ0tVcGE3NV9lWjlkLV9zQWNGQjEtaXN3TGVQc3ZXeV_SAd4BQVVfeXFMTnlYVFh0RUJZejBVWUUzMFA3UTgzVzhOUlVuYkFkbF82NHRuZ2M0bXpib0RJejhnd1dNQ3NLUmpmTG9PV3l5b3FiMTZFYkFQRjlzc0NlSjhIaXBOM1BvZ1MwVGRKUzlsVjh5amJuSFZTLTV4TzJ2Y25LdE1iaXdIV3VWc1pHTi1BS2szSHZiWmFTaVJsYWt4elh0NVpoN0tBMjBTeUU2UzNLaGJETE9HWDlxblgyeHB6R1FybURscjEtSnlKMWIzRlFqTXhUNUNoeFlpSUktYlMyN2VhQTl3?hl=en-US&gl=US&ceid=US%3Aen,Military.com,20 hours ago,📰 Military.com,https://news.google.com/api/attachments/CC8iK0NnNWhTMVpDUVRScGJFSldZV3hXVFJDY0F4anRCQ2dLTWdhbGtwVE5NUWM=-w200-h112-p-df-rw,2025-09-23T06:41:15.569770
How the Marines Harness AI to Gain Edge Over Adversaries,https://news.google.com/read/CBMipgFBVV95cUxQcjNiTTVPdm0yTWVfdjV3aUlfZGQ4UXlzVFJVeG00YXJ1d2lqOU9IRklOOERzZGFubnVUUklxdnJxTzI1LUs1T3Z2YzZ2UnhwaEc0Tms4ckpuaTdyT0luT2VKZHpET0FOQXlhc2l1R0lqWVhMY0JjVFB4LUxwSUd3MFVxM1B1T056dk1GZWQ3bXp4c3prY21pYkJNZkpZQ09WU3ZwcHp30gGmAUFVX3lxTFByM2JNNU92bTJNZV92NXdpSV9kZDhReXNUUlV4bTRhcnV3aWo5T0hGSU44RHNkYW5udVRSSXF2cnFPMjUtSzVPdnZjNnZSeHBoRzROazhySm5pN3JPSW5PZUpkekRPQU5BeWFzaXVHSWpZWExjQmNUUHgtTHBJR3cwVXEzUHVPTnp2TUZlZDdtenhzemtjbWliQk1mSllDT1ZTdnBwenc?hl=en-US&gl=US&ceid=US%3Aen,Military.com,10 hours ago,📰 Military.com,https://news.google.com/api/attachments/CC8iK0NnNXJVWFJIYzNOdFVrdFFNRE14VFJDZUF4anRCQ2dLTWdZQmhKS3VPUWM=-w200-h112-p-df-rw,2025-09-23T06:41:15.569773
Russian Jets Breach Estonian Airspace as Trump Administration Plans Baltic Security Cuts,https://news.google.com/read/CBMi0AFBVV95cUxOS1h4Y0FfVFhUUkxQa1cybnNkNEdwSk03M0hWajNiN1NOWUxIdl9WejBhYnRVLXhDNkJpZG81X2NrN0drR1gyci1YQjdneW51eDBTd3prTDVZQlozNW8taXJ2SFVKYW1xQl83V04zdUZ3ZnYwVlJDOXN4WWJpQm9TOExXd0QzcHNJemprNU5GZ1YwVGsySHY4elFFWVQwYnE1RjFkWE41TDNWOXl3akIxallkVzNCc0RQaHl3MkpKQ3BITHFmQmc1OVNkWkpQbEFs0gHWAUFVX3lxTE0yakxtb05lLTNZU0NZU3g1YUpkc1NmbDg5SERMcFpxQXptRWh4RFhMLTJiY3lJcU9RLVg5cFZHVGE4SVM1aVFpVjRQLUJrX1VSMEdQTUtPckF0TFVJRVlmOE96TGNOMi1reERtNVB1SU90VWZRWTF2QkRuRTZYWDdBU2J0ZVV4aldfWm81VW1TbXg3WUoxdHNrclMwOWRDMkkxeUdCVXQ3VkYzVzJJXzJoelJGZHhCdWJrMC1QMzRBODMybVp4bGphWU03dUpZam5oWkU1M2c?hl=en-US&gl=US&ceid=US%3Aen,Military.com,9 hours ago,📰 Military.com,https://news.google.com/api/attachments/CC8iL0NnNDBlVUZDWHkweU5IQk9SM0YwVFJDZEF4anRCQ2dLTWdtUlVacjFMQ2lpaUFJ=-w200-h112-p-df-rw,2025-09-23T06:41:15.569776
Dominican Republic says it seized cocaine that was on speedboat destroyed by US Navy,https://news.google.com/read/CBMizwFBVV95cUxQeWtHUzVjRHowOENhcV9LMi1pSmQydWFYTHE3RFk5MUNmOWotbFN0Rkl3b0Y4V2lCdF8tUTVFN0dlVDEyQjV5WEN3Y2xnUUN2RWFPeHNSbmFHXzFQSDFNcGt6NkctdWNubEJxQ1N1aE1NOXVBTDRVWFlKUjZwM3ZLZkpjWE1DSXlDcTFEQmhVbERDMGU1clM4R2dWU3dkYUdseUN3LU10UU9qS2V4MXZPZ2R0SnBjSG1hbDI2SEM2TDVwMEVNYUVYZ2JNVWctQVXSAc8BQVVfeXFMUHlrR1M1Y0R6MDhDYXFfSzItaUpkMnVhWExxN0RZOTFDZjlqLWxTdEZJd29GOFdpQnRfLVE1RTdHZVQxMkI1eVhDd2NsZ1FDdkVhT3hzUm5hR18xUEgxTXBrejZHLXVjbmxCcUNTdWhNTTl1QUw0VVhZSlI2cDN2S2ZKY1hNQ0l5Q3ExREJoVWxEQzBlNXJTOEdnVlN3ZGFHbHlDdy1NdFFPaktleDF2T2dkdEpwY0htYWwyNkhDNkw1cDBFTWFFWGdiTVVnLUFV?hl=en-US&gl=US&ceid=US%3Aen,Military.com,15 hours ago,📰 Military.com,https://news.google.com/api/attachments/CC8iK0NnNHpkV3AwVjFKMk5qRnlOMTg1VFJDZUF4anRCQ2dLTWdZTlpJS3NNUVE=-w200-h112-p-df-rw,2025-09-23T06:41:15.569779
Find Money for School and College,https://news.google.com/read/CBMiYEFVX3lxTE40RWRMUnRUZzczRFo3LWZzcEQxQk9KSDY5U3U5WW1sV3pkN1F6NGZQLTlTNHJ1RThBODZuTW9MWXhYWkR3S2Y5MWpZMTU0M2Y1T3Rza3IwN0RNM1N2bUczMg?hl=en-US&gl=US&ceid=US%3Aen,Military.com,"Aug 31, 2014",📰 Military.com,https://news.google.com/api/attachments/CC8iK0NnNUZXalUyZEVsWWN6aGZXV05OVFJDZUF4anRCQ2dLTWdiQkVvb1VrUW8=-w200-h112-p-df-rw,2025-09-23T06:41:15.569782
Army identifies 4 soldiers killed in military helicopter crash in Washington state,https://news.google.com/read/CBMi0wFBVV95cUxQYXlnUW5PbUtyYy1NQm9TV3BVZzBFSF9BbDRKcDU5dmxnUmRYMDRUV1Y5b2ptOTFuZVdSV0E2dlRmdElnX0NHMXhieFN5Ny1iSm1QNGZhMW5qeHZ0MFIxVlFUV2tjb0dSR0RiVGQ1NFd0QU1fYk9GUEcwTE1QcURUT1R5TXplZXBZV244aS00anY3Z0tnOXVpTzhJVy1ncGtVdWpsb1BZOElyOEw3NXNOcXFNbFhyNmtJeVN0cktaTmlWTVl4b2s4dUhJUGUyUU1BenU00gHTAUFVX3lxTFBheWdRbk9tS3JjLU1Cb1NXcFVnMEVIX0FsNEpwNTl2bGdSZFgwNFRXVjlvam05MW5lV1JXQTZ2VGZ0SWdfQ0cxeGJ4U3k3LWJKbVA0ZmExbmp4dnQwUjFWUVRXa2NvR1JHRGJUZDU0V3RBTV9iT0ZQRzBMTVBxRFRPVHlNemVlcFlXbjhpLTRqdjdnS2c5dWlPOElXLWdwa1V1amxvUFk4SXI4TDc1c05xcU1sWHI2a0l5U3RyS1pOaVZNWXhvazh1SElQZTJRTUF6dTQ?hl=en-US&gl=US&ceid=US%3Aen,Military.com,16 hours ago,📰 Military.com,https://news.google.com/api/attachments/CC8iI0NnNU1hSHBwT1dwUE4wZEZXRzFHVFJDZUF4anRCQ2dLTWdB=-w200-h112-p-df-rw,2025-09-23T06:41:15.569785
Space Force Ranks: A Complete Guide to Enlisted and Officer Ranks,https://news.google.com/read/CBMiW0FVX3lxTE1DcUVnaWt5UVNNNjBObUl2ckpBNTV5NUtMR0habkVnN3pidUh1cnRHVTBFRkVxdEZlRFh5cUFSTW45RzA3XzYxQ1lLLWxvTUtDaENRcGlPV3l5aHfSAWBBVV95cUxQN3ZkcVFBTmdJejVtMkxxRkFtX3UwaXg5ZGtOTlJLdzBvT2hJU0Ffek1jRlFrYUpNTmJSbGRjVFJOQk5sZlRJNHpuVENPaU5jaWFteXd6bmsxdF92ZS1QeEs?hl=en-US&gl=US&ceid=US%3Aen,Military.com,15 hours ago,📰 Military.com,https://news.google.com/api/attachments/CC8iL0NnNW5ja05PTjJKWFVqbDVTazAzVFJDZUF4anRCQ2dLTWdrSllvUUl4ZU5yNlFF=-w200-h112-p-df-rw,2025-09-23T06:41:15.569788
"NASA Introduces its Newest Astronauts: 10 Chosen from More Than 8,000 Applicants",https://news.google.com/read/CBMiwgFBVV95cUxQV3ZDeTNqU3hGcjNVa09tcjdqQThncmo4b0VlRk5tUy1mVFVHSjZKZkwwclF6WVRtYmlHXzdkOGNsQWktR0s2UDJBdGNhaDk2akt5T3MwbUVTUjZDTkhKd3JKcG9mQ2NqWVNNY3lISG1aSm9IbFdIUnpiTWFkenVLSmg3ZnJVSUJ0eWVESGx1M3hKVHZFZEYyc2s0YXFyRmRhNUVOcHVib0xadlZ4b1RNbG53ZGNWMU5WeXUtb1g2N2I1QdIBwgFBVV95cUxQV3ZDeTNqU3hGcjNVa09tcjdqQThncmo4b0VlRk5tUy1mVFVHSjZKZkwwclF6WVRtYmlHXzdkOGNsQWktR0s2UDJBdGNhaDk2akt5T3MwbUVTUjZDTkhKd3JKcG9mQ2NqWVNNY3lISG1aSm9IbFdIUnpiTWFkenVLSmg3ZnJVSUJ0eWVESGx1M3hKVHZFZEYyc2s0YXFyRmRhNUVOcHVib0xadlZ4b1RNbG53ZGNWMU5WeXUtb1g2N2I1QQ?hl=en-US&gl=US&ceid=US%3Aen,Military.com,11 hours ago,📰 Military.com,https://news.google.com/api/attachments/CC8iK0NnNTBVM05rZEZwVFUyWmthRUV4VFJDM0FSaVRBaWdCTWdZQmtZcmxQQVk=-w200-h112-p-df-rw,2025-09-23T06:41:15.569790
"Drones that shut Copenhagen Airport flown by 'capable operator', Danish police say",https://news.google.com/read/CBMixwFBVV95cUxONWxGbVRyQm9nNXU3MVNNaU8taHBENHkwblRiQ2loUmd2N2NpWkhON3VQTC1ILUZsdmRlakoyVml2b2ZEV0VaUHNRY2ZXa09jazB1YlI0YUxlQ0tqQ0QxSVpRTEwtdmg0WFBjLW4zWk1NVEFMTDZVYjRvQlRUdTBPT2dyR25IbWtKaFRXUXY3eDFiM200VE16RTBUVy1qdnhhUmFDSGFGc3pkdll6S3AxU2tSbTYtcU9zX2U3M29DS3hmTXNYdkxn?hl=en-US&gl=US&ceid=US%3Aen,Reuters,57 minutes ago,📺 Reuters,https://news.google.com/api/attachments/CC8iNkNnNUJZMnBWWTFaSlh6Y3diSEI2VFJDcUJCaXFCQ2dLTWc0QllJaUp0Q01ITXFuY21vS2VKQQ=-w200-h112-p-df-rw,2025-09-23T06:41:15.569793
Switzerland's Gries Glacier melting at an alarming pace,https://news.google.com/read/CBMiqgFBVV95cUxPT2Y5Z18wZ2ZTN3U3SjhaX0EwNzc1OTRqX0phdGN1R2h6WWR6bXE0c2FRWHVROVNfeEk2SnlzUDY5U0IzbGpKeHBaWHdOZnhaeHJOUHU2YkUwWURBODRvV0lzc0Q4aEZPaUVDMHI2Mk9ETDJjR29IRll3dVh6Q1Yzb2U0ZW4wcF9IS3BIdXM5Z1BFQ09ZZUU3ZW9QTVdvcVdCQl85SmdiLVAtUQ?hl=en-US&gl=US&ceid=US%3Aen,Reuters,17 hours ago,📺 Reuters,https://news.google.com/api/attachments/CC8iL0NnNHRRbEZTUmpWTFpqWndhVkZDVFJEQ0F4aXBCU2dLTWdrQlVJWTBvQ2ZnOFFB=-w200-h112-p-df-rw,2025-09-23T06:41:15.569796
"Poland will shoot down objects in clear-cut airspace violations, prime minister says",https://news.google.com/read/CBMivwFBVV95cUxPbFRiYVFXWElCTW1WQ3VmTG5HNUFUOUNkTHdjODF4XzBPbjB6V0Nycm1GbUswMGhDQXluaVRFYXc3bmxCU1NvVC1oYXN0N25HbjdjNFU1N2ljbUVyaTBzaFFhUTJCamROR1hGWjY3M2w4ZFVGRXc2NVBnaDNqMEVEVkxnZl8yNG1nLUk2SjhkX1hUSW9jVGhwUkoxQl9oLUNRQ21fVkcxSnlxVDhZTWlFb2ZjTU4xdV92TWFlRjkxZw?hl=en-US&gl=US&ceid=US%3Aen,Reuters,6 minutes ago,📺 Reuters,https://news.google.com/api/attachments/CC8iK0NnNVBkMUZXV21odGVHZFhRek56VFJEREF4aW5CU2dLTWdhbFJZck5IUWs=-w200-h112-p-df-rw,2025-09-23T06:41:15.569799
Russia accuses Estonia of making false airspace incursion allegation to whip up tensions,https://news.google.com/read/CBMi0gFBVV95cUxNZEFvbk9hOWNKdGFqZ1R3S1libHdXRUNjNkkwcTNiN3RCeWRUWVVnVVl4bHRsUGpzRnZrd2xNWmppdFVjZlF1ZkNpamZzc19Gd2RpNFJBWThDbHYwYlU0RTdfS3NwOWFfVWJGYWJHdU1FMjdUTmt2MGY1X3ZRcFhSaWItOHRpd3BPU2FibWlxNDZQazRoVlN0T2lpRG9LcUhRaTFVRFR4N2JxN2JhVlNRTkIyNGxVaDNfYmpKSURiRnpMZmNkOTk4czlERXduelB3cGc?hl=en-US&gl=US&ceid=US%3Aen,Reuters,19 hours ago,📺 Reuters,https://news.google.com/api/attachments/CC8iK0NnNHpOVUpoTVd4dWRuQXRWalpVVFJERUF4aW1CU2dLTWdZeEpZaXZHUW8=-w200-h112-p-df-rw,2025-09-23T06:41:15.569802
"Russian attack on Zaporizhzhia kills three, governor says",https://news.google.com/read/CBMipAFBVV95cUxPcV9Fd3VQalVHaHZSdTFwRlA1ZFJIenFVOThieE1oUlQ1d01Mck9FR1FFc3FYNG1PUVZOQTBIZlNNbzdjYXdpcEt2QjVIanljZVhXbDFsQ0FfUVlhN1loZ180bkw2T1JMR1NrSldWVnBvRE0yTDNfY3BzLWpTMUJ3UXNsR3lYWFF2VHptVmVZNTEwdThPLTdZYlZ3U2kyaVc3MDlxeg?hl=en-US&gl=US&ceid=US%3Aen,Reuters,21 hours ago,📺 Reuters,https://news.google.com/api/attachments/CC8iL0NnNDVjazlDY0Vnd01GTmhXa05vVFJERUF4aW1CU2dLTWdrQlFJeXFzZVZyaVFJ=-w200-h112-p-df-rw,2025-09-23T06:41:15.569805
"Germany plans for 1,000 wounded troops per day in case of conflict with Russia",https://news.google.com/read/CBMiygFBVV95cUxOUDJFYjFELW5aV2dhaWdJYi1NWnlTLUs5UEVEc0ZiMWZhVzM2VFAwMjF2QkZibmV5TXd6Y3JLZEI0Yk14d0ozTkVOdnphbkwtWU54MWRnRmxnZldnX1hveDNWRlZ4T1otMGFrTkxSUzZKYmQ4ZWpxNDZqQlN2Q1VtdXo3NFFfekNWTzZRTUxUYTJzNzRfdThQdkRfVWdZVmtTMlg2QmYxSl8yT3JmTFBRYWVDaDhqRFpwSzczSTlxc1ZybnMtTzh3c1pR?hl=en-US&gl=US&ceid=US%3Aen,Reuters,19 hours ago,📺 Reuters,https://news.google.com/api/attachments/CC8iL0NnNUVTbGt4VTBjMVVUSk9SMDlZVFJEckJCanZBeWdLTWdrQlVJNElKU1l1REFJ=-w200-h112-p-df-rw,2025-09-23T06:41:15.569808
China central bank head pledges data-driven policy to aid recovery,https://news.google.com/read/CBMiqAFBVV95cUxPSFF5T29RZHZNMlE1UmVoWUFEODYzcC0ydFhMLTBlTXg5OUtFMWh0YzJEOUVKaXFfZkJHdExqSHBjczVaSFY5Rk1zcE1rM19nV1RGcW9mWFZZYTUxVGRpeDdxRUdyZGdfNk5YclZaN2FBY2Z4ajZoaXFseXlBNUkwMlJ3eWlEdGxwQ2ppcGo4MUE2OU9Bd3NDbmhtZEkyZ3FDb1BveXUzbTg?hl=en-US&gl=US&ceid=US%3Aen,Reuters,19 hours ago,📺 Reuters,https://news.google.com/api/attachments/CC8iK0NnNU5NM1JUVld4V1pWbFNlRlZoVFJERUF4aW1CU2dLTWdaRnNZajBPQVk=-w200-h112-p-df-rw,2025-09-23T06:41:15.569811
Russia presses global aviation gathering to ease sanctions over safety concerns,https://news.google.com/read/CBMizwFBVV95cUxNcnZBQWRfTXFZX1Q4OXNjYnJ6RWZodXNjOE13anJjOEFsMmo5REttekFQY1RhX1VtWGxyR2U3OFFsSGtWU2hmMjZTYkR3d3FMQVctM183ZnhMM2lISWhtOG1jcmdtTmRfUkhIdmI5OUotUkh2d2hWelpjZTQzQVBybWIwR2FUUFRWUzc4V1R1dVRxdmdVVEhrMnp6bUduQlY2bjFUNW56Wm5RV0tTQWhkX3RhYzh5WVRzblV0c09JZHBmbS1ZT2xNclFST0VZQWs?hl=en-US&gl=US&ceid=US%3Aen,Reuters,17 hours ago,📺 Reuters,https://news.google.com/api/attachments/CC8iK0NnNXdTazlTYzNWcmExSjRRMkZHVFJERUF4aW5CU2dLTWdZZElaeTFrQW8=-w200-h112-p-df-rw,2025-09-23T06:41:15.569814
Footage shows apparent drone attack on Russian amphibious planes in Crimea,https://news.google.com/read/CBMiVEFVX3lxTE9jQlpjMWgzdmx3aW1wb3dVQzB5V1R2NXRybTFpakNfRFIwbzF5ZGUwYkwyYkRvUWItY1BLZm1rNHREbGpGc2pFd2RtbGdmT1Y5V1hsSQ?hl=en-US&gl=US&ceid=US%3Aen,BBC,17 hours ago,📺 BBC,https://news.google.com/api/attachments/CC8iK0NnNUhOREk0UjIxclp6SkJVVmh6VFJDZkF4ampCU2dLTWdhQkI2cGxEZ3c=-w200-h112-p-df-rw,2025-09-23T06:41:15.569817
Man with crossbow dies and fire destroys Wootton pub,https://news.google.com/read/CBMiWkFVX3lxTFBjMDhoTlFMV3dHM0g3RW5KbExpVzRQMzluelVkQ0E0OEpLNHRpUldSTHIwTEV5bGg4VzBvTXJvbmU1b0tFMmQtaXB0S0VUOVlSVDFrc09UdFU2d9IBX0FVX3lxTE9Ra2RYRHdiVEdEWmE2NGpIV2pBMW5PbV9WbDFaaHNNZlJzaGd0YmdpTkl0SC1SX0NGS3g2eG1vVTBqa0NQM0tRd0x2bnQ1ZE1CYkx6U05KLTRGTkdKWVdB?hl=en-US&gl=US&ceid=US%3Aen,BBC,15 hours ago,📺 BBC,https://news.google.com/api/attachments/CC8iJ0NnNVJaak5HY1hkVU4yeHdaMWhPVFJDZkF4ampCU2dLTWdPQmtBQQ=-w200-h112-p-df-rw,2025-09-23T06:41:15.569820
World | Latest News & Updates | BBC News,https://news.google.com/read/CBMiREFVX3lxTE5aUW1MN1dXLUdVRU9VcjdnWDhmdXBwbl9qaWNJYlZBdzA2RGthQkVkVHFvWWw5WEF1MDVveHVBb3pCOEZn?hl=en-US&gl=US&ceid=US%3Aen,BBC,6 hours ago,📺 BBC,https://news.google.com/api/attachments/CC8iK0NnNHRXVXRUU2tOcU1YYzRaVUpzVFJDb0FSaXNBaWdCTWdhUlVvcjBuQWs=-w200-h112-p-df-rw,2025-09-23T06:41:15.569823
Hampshire & Isle of Wight,https://news.google.com/read/CBMiVEFVX3lxTE1LZW84WHV5X3RmU0h5ZVhFamNaUEM3bFU4UTE4M1lXd0MydkJwWUFxREJTVHhfYU50VmZsS3A2Q3hKNFpiWTQ5dzl0NXdSZ1JxQ1V3Sg?hl=en-US&gl=US&ceid=US%3Aen,BBC,"Sep 20, 2017",📺 BBC,https://news.google.com/api/attachments/CC8iL0NnNU5TMlpuTm5CQ1pYQnNVRzVSVFJDT0FoamdBeWdLTWdtVkVJZ3B1aVFlNHdJ=-w200-h112-p-df-rw,2025-09-23T06:41:15.569826
Israeli tanks advance into Gaza City as Trump to speak at UN General Assembly - live updates,https://news.google.com/read/CBMiVEFVX3lxTE9tQlk5d01jWWotbWFSeUh0Zi1YTjhsVG44bjlqd01vazYxM3pNU3pYVjluRmZrTWFITDdqR0hhU0VRSGhvcFJoM1dzMTEwNk1iR2V6VA?hl=en-US&gl=US&ceid=US%3Aen,BBC,31 minutes ago,📺 BBC,https://news.google.com/api/attachments/CC8iK0NnNVllRjltVFhoVldWazJhak51VFJDZkF4ampCU2dLTWdhcFpZTE5zUVE=-w200-h112-p-df-rw,2025-09-23T06:41:15.569829
Royal Regiment of Scotland granted freedom of Argyll & Bute,https://news.google.com/read/CBMiWkFVX3lxTE5TZjVEMTJVV0dKYk56bVExaGptWG84Vm5tekZLV1dqOFVwTGJWQXd0cFF3RFRWWTNLaFY4SHlvYjAtVl9qVDRVeXFmTmI1R1lxZ216c1Vud2tUZ9IBX0FVX3lxTE5iRDBwSXl2dUlzVGt3WWFvTnBxbUZhY2NmSklSalFNdjJYbzdrRVgxR192YndlTTJaeTNaa1lhRWxEeURJR3E4dE00bjZHWE1yMzZkdHpucS11Z2lTT3Bz?hl=en-US&gl=US&ceid=US%3Aen,BBC,20 hours ago,📺 BBC,https://news.google.com/api/attachments/CC8iK0NnNHpZWFJhWnprelZ6VkNZVGcyVFJDZkF4ampCU2dLTWdZQlFJaUVMQVk=-w200-h112-p-df-rw,2025-09-23T06:41:15.569832
Kenyan athlete Evans Kibet says he was duped into joining the Russian army and going to Ukraine,https://news.google.com/read/CBMiWkFVX3lxTE10Wi1hSHpKZC1zdHRzS2M5YlRWYnYwb1NEYXdocThQak13ME83OFFnSVFkMFUwRzZFeURwcC02a0RBNnFPbTljQzYwZFVWSGZGdGU1NlMxZ082d9IBX0FVX3lxTE9HekQ3SHJmdVZsY3VzakxaQU1LOHF5RVhjcTBaTUdCU3Y3dGtsMHExd2NsZ0E3ekNrYVM4Mlg2VU10ZEpLU2NDVDU2SlFYelR1ZWxYZGZFbTk5Q0E5UTlj?hl=en-US&gl=US&ceid=US%3Aen,BBC,20 hours ago,📺 BBC,https://news.google.com/api/attachments/CC8iK0NnNTFXbkJpVkRGaWQyY3RWVEozVFJDZkF4ampCU2dLTWdZMWRJSndPUVE=-w200-h112-p-df-rw,2025-09-23T06:41:15.569835
Footage shows public executions in Gaza City street,https://news.google.com/read/CBMiWkFVX3lxTE5JWHBjR0pjN0d0NGVyNHJWRElZX0k2cEh2cGtPakNvZUp0elBDamt2T19QVHltVng4aGp3UjRHenhQUTRxVGQtR05fWjNJbVE0eHQ2d3Aybjlud9IBX0FVX3lxTFBCazRYRFJtTGN0Zm5PMUtERmpBaE5NYTU5UjRTTnpjRDhiNC1ybm5DeXBhbzhzcTlndlFPc3ZtMGJmS3RLZ0hMR05PNzBsdmJvOHowWDdaMTEzYkJjVnAw?hl=en-US&gl=US&ceid=US%3Aen,BBC,10 hours ago,📺 BBC,https://news.google.com/api/attachments/CC8iJ0NnNU9WVVp6VkUxaFQxZEdla2N6VFJDZkF4ampCU2dLTWdPQkJ5WQ=-w200-h112-p-df-rw,2025-09-23T06:41:15.569838
"Copenhagen airport shut after drone sightings, police say",https://news.google.com/read/CBMiX0FVX3lxTE1YNlNaNEdrZmFNYXBkc3VJMlJycWh5ZkJsaWt5MkhWNG1CZzc3bmFuSFZUNllpZVRkeTU4X2dSeFEwcDhlZFVHSC1IZ1FDZEdnNWlUZlI2Q2VYejMya3pJ0gFfQVVfeXFMTVg2U1o0R2tmYU1hcGRzdUkyUnJxaHlmQmxpa3kySFY0bUJnNzduYW5IVlQ2WWllVGR5NThfZ1J4UTBwOGVkVUdILUhnUUNkR2c1aVRmUjZDZVh6MzJrekk?hl=en-US&gl=US&ceid=US%3Aen,BBC,10 hours ago,📺 BBC,https://news.google.com/api/attachments/CC8iMkNnNHdWVmxJV0dKTk4xUTNRWEpyVFJDZkF4ampCU2dLTWdzVlVJSm9vcWdzRUFrUFBn=-w200-h112-p-df-rw,2025-09-23T06:41:15.569841
Copenhagen Airport closed after drones sighted in the area,https://news.google.com/read/CBMihwFBVV95cUxQYzJGdm9sYW45NkI0NFpvS2k5WmVXMmpJVFVDUlFIa0g2U0k5OS1BQzZZczhmNTlvVzNLMUhQX0x0anVKQzVJUHZBaFhCVS0wSEtGS1kxc1dkNVJWX3duS1FpTm1GQ3pXOXNMREkyZXBLeGlWcml3dnFGZmZtVC1hbmYyRl9SQkk?hl=en-US&gl=US&ceid=US%3Aen,CNN,9 hours ago,📺 CNN,https://news.google.com/api/attachments/CC8iK0NnNXlibTFXVkhadGIySmZRM05pVFJESkF4aWZCU2dLTWdZWklKUkttUWc=-w200-h112-p-df-rw,2025-09-23T06:41:15.569844
"September 22, 2025: UN two-state solution summit and Middle East news",https://news.google.com/read/CBMie0FVX3lxTE9PTkNjN29pYVNmUi1UVUxxdGZkdEtkVGlYbXVibnpTUGJhclBpQTI0MHdieTJFQjhZdEhTblZQUEQyYWRlaVBORklpTHNxLW5VQ2t4Wnp3MjdsRmlBbk50Tmp4TUlrLWJFY0hkNWg3dzB5bm1YUDdOdElvbw?hl=en-US&gl=US&ceid=US%3Aen,CNN,5 hours ago,📺 CNN,https://news.google.com/api/attachments/CC8iL0NnNVNVMVJWWDJ0bE1FUnpSRnB5VFJDZkF4ampCU2dLTWdrTkpJQUhIaVpzN0FF=-w200-h112-p-df-rw,2025-09-23T06:41:15.569848
"Breaking News, Latest News and Videos | CNN",https://news.google.com/read/CBMiN0FVX3lxTFBRczY1ZTRWTE9NcGZPck9BTU52RmNKOEhocW5xemZlb0EtZTRJYmc1X2JBTjFDQTQ?hl=en-US&gl=US&ceid=US%3Aen,CNN,"Sep 22, 2013",📺 CNN,https://news.google.com/api/attachments/CC8iMkNnNVNRbWxJTTJoc2IxcElSMTh6VFJDb0FSaXNBaWdCTWdzSklZcXRFU3NtaDBweW1n=-w200-h112-p-df-rw,2025-09-23T06:41:15.569851
China’s latest aircraft carrier showcases new fighter jet launch system. Only the US has the same tech,https://news.google.com/read/CBMijgFBVV95cUxOQ1dhaUpkWFQ3OVlGTFhobnptU0FZTXZ1X04wX3JvYmc4WlN2RFE2Zk4xdHNMNmRscXItQ01FT210c2FPV0ZaQTFBdG5Uc0pjNTNady1wSk9FRFZpbXUxT2d6amJpejVWeTlidUYxSE4zTWtuQ2UzVVZ2TDQ5T1ZzV1dmQ0FhZUxySU1wQWRR?hl=en-US&gl=US&ceid=US%3Aen,CNN,32 minutes ago,📺 CNN,https://news.google.com/api/attachments/CC8iL0NnNXZlbnBMZFZCaFFsbDRjamxJVFJERUF4aW1CU2dLTWdrQmNJcE1yYWhGemdF=-w200-h112-p-df-rw,2025-09-23T06:41:15.569854
Asian megacities brought to a standstill ahead of powerful Typhoon Ragasa,https://news.google.com/read/CBMijgFBVV95cUxQTUw5U3JtZG1xMGZyaGlVVTFaakFzRVFiSnVMb0VVZXdFNUZTb2ppQVY0Y3ZvMzJGUG9LNGNfcTI4RkJLNmFYQVVQQmRDTjhOTVd1dWdycUw1dXVQY0dLREZEUUQ2WVhoSDhOSDJtSndJdEZlOHhIRHlmMkx4blVWX282a3VGdkVhNUtrWkJ3?hl=en-US&gl=US&ceid=US%3Aen,CNN,4 hours ago,📺 CNN,https://news.google.com/api/attachments/CC8iI0NnNWhRVTl2VjBJelpuWkZUbWQ0VFJERUF4aW5CU2dLTWdB=-w200-h112-p-df-rw,2025-09-23T06:41:15.569857
"Últimas noticias de Estados Unidos, Latinoamérica y el mundo, hoy | CNN en Español | CNN",https://news.google.com/read/CBMiQEFVX3lxTFBTaHBoNTIyQ1dJdHNDcm44c2tDVHVleEFqV25aNXZJODdfRDhJbDl5aFdRUFhPREU2eHNQTnFpcjg?hl=en-US&gl=US&ceid=US%3Aen,CNN en Español,"Jun 13, 2012",📺 CNN,https://news.google.com/api/attachments/CC8iMkNnNVVWa0o0VG1kbVRsbEVaR0Z1VFJDZkF4ampCU2dLTWdzSklZcXRFZXNsaDBweW1n=-w200-h112-p-df-rw,2025-09-23T06:41:15.569860
Doctor refutes FDA commissioner on Tylenol & autism link,https://news.google.com/read/CBMiuAFBVV95cUxQclFPSVRjR2JweEhUZms1NmtwSHFnN2hIX2o2Nmd6ZVRDcmpzSUZkbUlDVUZaOXA2NkVsc2VKcDYyU1Q4MDdQa2htUzd1YVViSXpzZkgyN3lBNEJDWWZUOXdiRDF6LWstMkswTmpKSXhJLXRlSG8zUlowSTZxUDI2aXprNWw4dFFOeXVadjJGTW9iLVB1SC15cnJNSHNsU1g5d3lsam9RVFlsOU5KdE5XQUtiTFY5a2tI?hl=en-US&gl=US&ceid=US%3Aen,CNN,7 hours ago,📺 CNN,https://news.google.com/api/attachments/CC8iL0NnNVRjMGxXWTJwWFNEZ3lkVmxZVFJDZkF4ampCU2dLTWdrUlFweW5vbWs5YUFJ=-w200-h112-p-df-rw,2025-09-23T06:41:15.569863
"Europe news - breaking news, video, headlines and opinion",https://news.google.com/read/CBMiR0FVX3lxTE4wS3pHcEZYN0pET2x3Zk9hbEU3X0x5OWlQcVY3MEtFcEo4aEJIaUlWUE1HdEI3WXlQeEJHSWduQ0tDWnpBYWlz?hl=en-US&gl=US&ceid=US%3Aen,CNN,"Dec 5, 2022",📺 CNN,https://news.google.com/api/attachments/CC8iK0NnNWxNVzkzYTBOa2F6aG1NbU5WVFJDZkF4ampCU2dLTWdhVklKWkttUWc=-w200-h112-p-df-rw,2025-09-23T06:41:15.569867
The WSJ Daily Crossword|Edited by Mike Shenk,https://news.google.com/read/CBMijgNBVV95cUxNRjhIemdfeGlTTWdINnZWN1ZXOFJMUU5pdk9hbFNkdlNaTEJ5ZDM0RkYxc3JGMUhNU3Z0ODh4WFVjQ0k1STMyQjV1clRybHNQT1lKNVFtdFg1Rm5VNjZxQ0hUYlM0S0M0ZWRYUGFZWWVqSi1JSlRQY2ZCaEttNy1tVzlvOHVwTnZIcTZDb0RDV3QxY2xLdnhDa2lxeGdwLTl4TjFPbWZHdVJGUEtGRTE1cTNVcVFPZUs0OTJKVXB1cXBvNlYtMUxaZlBKbndMS1ppZ3RYOUdpOVh1NFFzQW1MUVE1LUJ5WHpVZGdxUHRQbml4YTduV1oxR1JtSGhrMlVkZnFLTElhdXNQcVl6bEVGUDVKYnVFYk0zbndWMHozc0hoN3p2ZkY1MWxJbHpSRmhFMTVmY3FNWGhWQkFRQThrM19XSVM2aGtjNWdyVVZERTU0VXdmVUVaaHFlbk4xV1pGaTdteEJab2lwZWxWSy1HbXNUbkl6QjVCM3pIbDZxWlpndU0yZGgtbzZxXzFIQQ?hl=en-US&gl=US&ceid=US%3Aen,The Wall Street Journal,18 hours ago,📺 Wall Street Journal,"https://encrypted-tbn1.gstatic.com/faviconV2?url=https://www.wsj.com&client=NEWS_360&size=96&type=FAVICON&fallback_opts=TYPE,SIZE,URL",2025-09-23T06:41:15.569870
Oil Futures Settle Lower in Rangebound Trade,https://news.google.com/read/CBMioANBVV95cUxOSndqWDZvTVpnUWx6NFRTNHV1MFFkY3pnQ2tpNF9Qa1BaT0pNamN1R1ZvZFhtYm9OWEpEekt3RWhwcjRwRFJDVU80RGNkNXhybUhlVG10Z0RFdG1HMVF0VkI3bzBrbHhIS0R5ZmJIckZXREpfdTVhdUNXMlp2bmN2R2lkdEFqLWx1WURZdFhlb1U3RVV2X0ZMVzFhTFZhckxhZHY5c0JwUklybW1Pc1JpcDNaUEZjR25JYWhUNTJpN0ZhUmRCV3VKbHRjSmxmbW1xTXNmY2RaMC1ZZEExamxLNElrbjg4RVFDSFZMY240aUlERy01U043WEpyTmhDREloS0RkVFdWTmxoSFpwRDdFejFWQnJHcG4xQjVIeHQxVWplZDNXTENmWThtdl8zWXlFRmVzSmhFZEluMG9uVGFpVEVBQ3A0RGtydWNHclpGXzBZNUd5aER5Y05nZkZ2aHVpTWtsTDd3ZWppQVRjVXdqbWRpT042enoydmZpUEhYd2xPOGpBV2dfUnhPRW1XTkVUOHVCaTE0MkxDbFNkODZZcw?hl=en-US&gl=US&ceid=US%3Aen,The Wall Street Journal,11 hours ago,📺 Wall Street Journal,"https://encrypted-tbn1.gstatic.com/faviconV2?url=https://www.wsj.com&client=NEWS_360&size=96&type=FAVICON&fallback_opts=TYPE,SIZE,URL",2025-09-23T06:41:15.569873
NIO’s 2025 Loss May Narrow on Stronger ES8 Sales,https://news.google.com/read/CBMikwNBVV95cUxPckMzd1BjaGZ2cTJuZVpYZVNjNWRBU2VSQ3pBdDVDdnI5SWltME1lRVVmd2ctenlzNTFVM3ZnTXc2V2F4YjNRYy0xeWV6dGhtWV9jTEVtWXdsajU4X2RUZkRCMXlNWVllWm5ZUGt1dFVoZ1pIbTgtNHYzbmlCdjY4R1dScXFBR1BFdGhmbDJKZmFtbW1nZzJfYTV3SUhKUzBuazJvRFVkekRKYTFJQjUybDhhcmlCWVdrWE1GNDR3dTRxRHVrRVh6ZVhuSjFjd3ZEeGd1RW5SWFdwZHJjQzJlOUFhenFlM2NKcEtORDVtZlk3bjctRk5kNmxiVWFqV3lHVk0yRl9rNXI4dHNMc0R6S0M1d3A2NTV1Y3NCaUVMekNITGdFTW4takNYVDZ4RkFLSHExYVNhN3loLWM2a2g5S2c3NFVsOUVjRGgtaTJRdVBLZkZqQW1YdVVHMnRqOUJLQmlSRTY0YW9BZDIzVTJ0aFFzR2JLbzJWVXlvcnU2bC1xMUlJQ1JDcEVLNnpTbEJ5cFc0?hl=en-US&gl=US&ceid=US%3Aen,The Wall Street Journal,2 hours ago,📺 Wall Street Journal,https://news.google.com/api/attachments/CC8iK0NnNVlYM055VmtjNFdtWjZSbXhvVFJDNUFSaktBaWdLTWdZZGdJN01NUVk=-w200-h112-p-df-rw,2025-09-23T06:41:15.569875
"U.S. Stocks Rise to Records as Nvidia, OpenAI Link Up",https://news.google.com/read/CBMiigNBVV95cUxNdGxSSFlMc18tSVRidXBZNjJiN0FwSm9BX2hkQ2NvSWNlRmpiWnN3UzZrMDJGY3oxR1ZyZTZDaGV6WWgtaVBrMWUwdzhSRk9XOWxPVG1EWVpOVG83T0U0WkpocmRMR09zVzhyZFZMMnk2cDFONXdvVWNuWUxxdW9XUjhmTVVQSW1BYXVjY1VrXzVLWjI4STdfRjFxdmdDcTFxZmJlaDU3djZVTEdySms0YzNuUk5IQ2Q4YzRtTEl4THJHQlZiN0NVQmFnaWJhbGxZbVVBOVNYMWJEM1NUUGpQLXlZanV3RVN6MGRJaEMxXzRUclhyYURLQUxxcGg1dTNNTEFvZl84S2xvaXFBU1JLNnV6eXpvTkNXeWxfMzFJczM2bjFTeUVDb2VVX1hUUUZMdW9KaHJ0ODhjeDV0ZFV1cFlGakZTTF8xSlVjWHZNSUEwVHExSGN2ZU5yY2IyX1Q3ZDZUWGRxYjRQTjcyUXZRSmQ4ZW5NdlNUVUc3bHFWX2hWZ2dJamRCOHdn?hl=en-US&gl=US&ceid=US%3Aen,The Wall Street Journal,10 hours ago,📺 Wall Street Journal,https://news.google.com/api/attachments/CC8iK0NnNUlhVzVFVmpFMVYybFlTVXhYVFJERUF4aW5CU2dLTWdZUlFvenpvQWc=-w200-h112-p-df-rw,2025-09-23T06:41:15.569878
Exclusive | USDA Puts Food Researchers on Leave,https://news.google.com/read/CBMijANBVV95cUxNOWkxSHV4WlY2amtLcEgwcjFmVzZNVHRfYmhQMmZOZ0U4Yl9FaWRMaFhnQkRMUTdNU3dRRXo1VndNSXFFbDdOYXVSRU5jcXdoOTV2Y29ZODdhb2JwNkE3WDB0d3REQ0dJSEpZVk4yWlpMUWJhaHcyWkpxMy02N191blFLX0E4M3NVa0I0VnpWbENUSk8zdHE5OGZRTnFTaTk4ZlpMWHZGNWFaVkJHRTJpcUo2dGtnazgyamZ2Vm5EZE03b29FUjRxME40WjVTMEVTQ2xLRGtyQjhOWVRoRXM4TVhLN3AydW5VbGZwZ0VRQVctcGJDN2xVQzJXS0RGYjRXS0Y2OTRJWFQxSDNsMWl4bWR3OTZQSVZHbkh0MDdMM3c4TXBCSVFWRGhydTNIWkM5WS0yT2IzVkZJTjFUMFJoTDR2WHZlNHFyM25MNV9pZXlMbjdQeXZIRmRuZVNMaHlwaXhaWE5kU3c5ZlUtU3JmUTJLdlpOV2lGaHRWWEZrYk8xTDVrem5fRUt0bGw?hl=en-US&gl=US&ceid=US%3Aen,The Wall Street Journal,3 hours ago,📺 Wall Street Journal,https://news.google.com/api/attachments/CC8iK0NnNVpiMWRoYW5kNFlUVk9RVkpuVFJERUF4aW1CU2dLTWdhQnRJaXR6UU0=-w200-h112-p-df-rw,2025-09-23T06:41:15.569881
Firefly Aerospace Posts Wider Loss as Revenue Falls,https://news.google.com/read/CBMipANBVV95cUxNYUZfcHE1ajJIUTlNRktWWEJkQUtQZ2R3UFVRTG1jTWRGTlRMU0pxRTlqdFBJa2pCQXdUYjVZQ1RtWlB3dXA2Szl0MWMwSFl2TU9oTktpQjdIRlhNekpzS001U3ExSEwyT0xkZ3lJOUw1Mmc0YU5RS0lpelJ4RDNDSi1CbFozXzhmeXp1OVFYd2lMMnVLS1pXTDYzaUM1XzZ1VjBIcE9mTU0xTmtNbHBRUjBPQjBVZVJuY2V1bHdLWGVvSlg0cWtTRnd0dkJmVi10cTFXc3RNNzgwcjA1bHBGRGZFclh3VWFhYnByLXJGRVFnYmRXZTlhN1lPOWl4SHVpc29yRWNVUzExREdhYk9mNHhVTFB5UXNRc1ZhZURFRFZTQ3pMM2l6UHVZeVg4RVg5cF9BV3d0YXExZkpNejZyUzVSS1lPUXB0YWZuQW11WXBoTFFfUEVPQ0NKSEE2R2h6ajM4WTBtd0F4U3dZOFdlcXg2NXh1V2xqZWRQSkRrbk55WnFDNHlGSGZCU215dGd6RTN2Q191SERzdGZadXp1WDhaRHE?hl=en-US&gl=US&ceid=US%3Aen,The Wall Street Journal,9 hours ago,📺 Wall Street Journal,https://news.google.com/api/attachments/CC8iK0NnNWpOVmRLWTFCTmIxVnROV0Z2VFJERkF4aWxCU2dLTWdZcFJJeU9JUWc=-w200-h112-p-df-rw,2025-09-23T06:41:15.569884
"Wabtec, Kazakhstan National Railway in $4.2 Billion Locomotive Deal After Trump Call",https://news.google.com/read/CBMixANBVV95cUxQSEVZeE9vM1pwcmQweUhrZmF3RG14QTlaMWFYZkN4VVhIclRad1VrSzJrTnNyOHVJMDF5bkdEWWtxRUs2cnZENE1MdS00ZU5BeGZWTXB1SmhTWk5nZDFzMHNjLW9OYlc4Zkp0RUVWRzJBeVV3TjVJTnFGU2JSZHFfQmZ1Q0xGNXEzVzZnaGpRdXRKcGR5c244VF9RaTVqNUJwQmxuYnE0OWJxZkV0ZUpta0h4OXJNWUlYMzZ4clJldDE1b3g5aFpsRjFNYUwyX0JhUXdrTGM2Wm1TaElUUDRXMEZLbmtwU1J5NFhKWUJmQTBrWE1ZS3RBZ0hZX25SQ2xkQmtwaUVGT1Y1bElUVkJ3clJueFJKTWlOc0J5OS1GV0ktcGg2V3VvazBheFVIbk5tZGhsTGlwNWVEdFpMTFUyMC1qWmxpWkU3czBVVld3a3lVT2JhMmtJbGQ1UE9lNkotalNwWTkxcm9PcktsZU5EeklIU0ZnRllOd3oxZmcycWhDLXRUQTdoTHJpYzF4Wm5NRXVRTEMwUERMdUc1Q29oZmNTRFZjQ3FGYnFINjlNcTJOU2wzTzM5N1NSRWRxQzhMVVJIQw?hl=en-US&gl=US&ceid=US%3Aen,The Wall Street Journal,11 hours ago,📺 Wall Street Journal,https://news.google.com/api/attachments/CC8iK0NnNWFTMjlPZDFwcWFHVlZWMHA2VFJEb0F4ajFCQ2dLTWdZZHdZcXJSUVE=-w200-h112-p-df-rw,2025-09-23T06:41:15.569887
Pfizer to Buy Weight-Loss Drug Developer Metsera for Up to $7.3 Billion,https://news.google.com/read/CBMiuANBVV95cUxNazNiZWctVDk3SGpBUDZ0dlktSHBWNUxmRkdwUjRNR1pobVBiWWdHT05uUEVLbmNrYnFUelRiQ2N0a2MwcFRsd2xMU1hLS2hwVTJiaEQ4WjFFa3ZDeUtQNmFpY0k4bGxwaUxscWpoVUNZcWlUdks3V3hsZlNjbHFhSVpTRHhCdEI3ZHBRRDhVckxhQWNmaEh1SEotdS03WUlrcS1jS3FiaHJNN0I0TGI3aFRQNHRxWEsyUlNmSE1zZndPNTJseWtHdGlGemdhVExGeUtxdjlaYWs1Vlh5SDkwUWRoYXpJTnFXYjQtb1dlbGZjaUJVdHVoTkRkVll4TmgycWxPaE10OFhBTTJMdDBXRjIxNDdDeGdEeDBOWF91YXB2S3RFZV92RFg3MWc5UzNVVVJaaW9qaE5WOURQbGpHc012Vjk4UjhCUjlvM3Nfc3NHUXI1VFFpeHZBQkhhVTk4dmRPNVhIY3FMOTNaTUgxSlZZSmNSRGNnV3Q3SzRVOV9WUk5VcTl4WDZCbkdpZGRFN3hSXzB3RjdwbG9FYWhJMHR5UVpOUEJLQjNENUpHbXJzWUllZEtCeA?hl=en-US&gl=US&ceid=US%3Aen,The Wall Street Journal,15 hours ago,📺 Wall Street Journal,https://news.google.com/api/attachments/CC8iK0NnNXBXbVl4TUZjeE5UQnpia001VFJERUF4aW1CU2dLTWdhNVFxQXhIUW8=-w200-h112-p-df-rw,2025-09-23T06:41:15.569890
CMA CGM Group to Buy Freightliner’s U.K. Logistics Business,https://news.google.com/read/CBMirgNBVV95cUxNNVBRU0RPdzR4SGZIZ04tb2pDWGtrQlQ0VF9oT0FiSFE0SF9HbDI1d3liNHI2NVhEQTk4cHNYZEhPVENhdFZycENZMHUzcmtuWnEtc1U2R3BDWVBCT1VwNmFnQlJtQ1QxSFVCZ19NWWZiYnE2UXVIUzJidnowMTN5cF94WmtiQi1rMnctYndIUDMxd1BlcVFpNXVOWDZKNlAwNWdJWXFLeEpybE9hSTRTSGtMZTlRdm5xbjhyY3k1VTl5dlFaWEwxMDJ2TjJ1UFBLM084TFpLZEVCbk5vcW1jc2k3Y1lmYjZSMGg1ekVnYWdORTZQRnVXUDlwNFVpUW1fQlp3ODhRNmJEdVA3aUhxZ3AyVEd3SlUwZFgyU1hfV24wR2ozTGJxYk14ZUNUd3phWkhpWU9oVllhRmljanU5R0xjV0xrSG53YW1FbV9WS3VjeC1xZGVHbFVwZWRXVjhmdFpYeHlkVFhzRkY4MDk1bjZyQjNnZmp6VEFlQlcyTUtQY3Z4OVBjaFNWbUxFQ2t2T3o0cV9tTjNlS1JVQzQyTlVSemxOU0w5MXhjZVNB?hl=en-US&gl=US&ceid=US%3Aen,The Wall Street Journal,16 hours ago,📺 Wall Street Journal,https://news.google.com/api/attachments/CC8iK0NnNXBWVWxYWmpBdFVERjZPRWRxVFJERUF4aW5CU2dLTWdhQmdJUXkxUVE=-w200-h112-p-df-rw,2025-09-23T06:41:15.569893
Copenhagen Airport Closed as Police Investigate Drone Activity,https://news.google.com/read/CBMiswFBVV95cUxOaVVVXzBJXzh3QlBSUnZ2YWVoZTM5Z0V6SHFJc0F2V0lnX21FaEZ5TEJYR0ZVY1hLZ0lwUk1GcHRvcVZEaVlaVDNSb2NfOWJLUm80MmFjcDE4b3ZDcnVhaUd1QTVPTFFyZU1VSjJVdXhpLTUwc2N0X1dyYUhTSm5EN3NWbk0yNUx3dG45Y2ZxWVk5MDBrVlpvdER6WVotV0hYdk1UZnJaanI1WHhKWjFCWlc4aw?hl=en-US&gl=US&ceid=US%3Aen,Bloomberg,49 minutes ago,📺 Bloomberg,https://news.google.com/api/attachments/CC8iK0NnNXJWbkJ2ZEVaTldXUTVSR05LVFJESkF4aWZCU2dLTWdZWklKUkttUWc=-w200-h112-p-df-rw,2025-09-23T06:41:15.569896
"Germany to Award Saab, Northrop €1.2 Billion Fighter Update",https://news.google.com/read/CBMisgFBVV95cUxQRy1hMmd5aVNZMTEwUjE4MmpEQnNoak9CSlZYV0g4OWg5ejFaWHMtRy1aYkVFeDI1OWJndGxNUHZPc1FIb2V5MkVIRTVJaXBqdVhrVkRJdWxnNFJ0cDA1V2kzeV9vbGRpMHVEYkoyWERXSzllT2hiNGNMSFM1V3dkS3hVRlFabzJsd183TF9ldTFNSVFnS1VuV2x1UVJoQUhWR3ZQVTNTQmxhLUJrb0x4blZR?hl=en-US&gl=US&ceid=US%3Aen,Bloomberg,17 hours ago,📺 Bloomberg,https://news.google.com/api/attachments/CC8iK0NnNURWVzlWUTJGR2JFaHhSMnBvVFJERUF4aW1CU2dLTWdhaGxvb01OZ1k=-w200-h112-p-df-rw,2025-09-23T06:41:15.569899
Baltic Leaders Say Russia Is Testing NATO Readiness to Respond,https://news.google.com/read/CBMitgFBVV95cUxNT0V0d1BwODF2YUNaOFVGcFROUjJnbHNrLUhyQmJuQjc3WS1ObWZfclQ5NDVOdzFnTGxVaXJzQ2RLTFU1SVdBanQ2NFhvRngtZXhTM1I4Wm95V1ljU3NQdzJXUHFaemc1SUJCckV0Nkw1dVFLR2NSNW1TR05LT2VjM3pTeDJGNlJpN1M0VlIxd3JCSUZEWXRENEpVMksyN1J6SDdLeER4VXJRbTF2eDVTUHR2NFhtQQ?hl=en-US&gl=US&ceid=US%3Aen,Bloomberg,8 hours ago,📺 Bloomberg,https://news.google.com/api/attachments/CC8iK0NnNTBlWGMxVlhReFQwbzVNVEUzVFJEY0FoanNCQ2dLTWdZdFJJRE9JUWs=-w200-h112-p-df-rw,2025-09-23T06:41:15.569903
Poland Threatens to Down Russian Jets Crossing Its Borders,https://news.google.com/read/CBMiswFBVV95cUxORXlqdkdUSGVhUjhaa0huYTMxS0lFV2s1T091RTdYemkzcG10QkYxSjJxN0tINE5tNzlWeVBmOGU2RjMyQ2xjSkFNR3M4cXNVeGM4RlpSVWJyNjFqYy1SRjVpRWRsbENTc0N4T3A5OEh2eXN3ZkxmWkMzWWNVOUR4dXZMYTZfb2kzUWVJWEFzaDIxSDZHQllJMmg3MkQ4bEdCVmxoUG9Ed0Z5SkZEM2ZqczY4OA?hl=en-US&gl=US&ceid=US%3Aen,Bloomberg,9 hours ago,📺 Bloomberg,https://news.google.com/api/attachments/CC8iK0NnNDJhbTFaWDFwSVZ6bDBUVlYzVFJDb0FSaXNBaWdCTWdhWlY0UnBKZ2c=-w200-h112-p-df-rw,2025-09-23T06:41:15.569906
"Oil Steadies With Focus on Russian Crude Flows, Refinery Strikes",https://news.google.com/read/CBMinwFBVV95cUxNc2k1a1UxZERsdGFadlprMWl4WXRhN3ZMOWRPcWtMeThTWDllVDZWRUhCLTlmSXJ5azZKUkIzWThGZ2d5T1lqbE4tTk9LUFBfc29jUW9manhlV3FPY2xTcVI2NXZsWUUwbUYtQjZQU1QtNmdFbjh0LWthbGRtMDRzQXlEM3FzdXpKbnNVcFExTElMSVp0dy1fWkExMXBkYjA?hl=en-US&gl=US&ceid=US%3Aen,Bloomberg,16 hours ago,📺 Bloomberg,https://news.google.com/api/attachments/CC8iJ0NnNXZhRXcyYTFWSFMxRTFOV0pzVFJERUF4aW1CU2dLTWdNUk1BSQ=-w200-h112-p-df-rw,2025-09-23T06:41:15.569909
Ukraine Accepts IMF Forecast of Bigger $65 Billion Financing Gap,https://news.google.com/read/CBMitAFBVV95cUxQWG9yQm1zZU9abXBoTk15SjFPNVltWEh2VDNVeWVLZ0w3MlhCWEc3bENPZXVIOFFkVEwya1hoSXpkMGoyY285MDc2U09YaHNGRWxjVXJyemlUazh1VV9WZ0lxcGdEOHlGN0gyc19pZFl5ZGFwM0pITENBb1VGN1l0WjVQUktuRzEtSWo1enBSbHFydElSZ2RvTGdCaHNHRHpqaTZSQ0VyNEdKSE9yYmVPRnRkOXc?hl=en-US&gl=US&ceid=US%3Aen,Bloomberg,10 hours ago,📺 Bloomberg,https://news.google.com/api/attachments/CC8iK0NnNUhSeTF2VWsxb1NGaGhXV3Q1VFJERUF4aW1CU2dLTWdZaEpZRHRHUW8=-w200-h112-p-df-rw,2025-09-23T06:41:15.569912
Putin to Keep Russia in Last Nuclear Arms Pact for One More Year,https://news.google.com/read/CBMirwFBVV95cUxQZ3dVTGhldkNqTERfQTJLc3Q2ZDhHUzI4dkE4WW5kU2ttNkNYM2VCUmJuQ1daQzAzR000ejNZZERtdDAzX0Exd3JkVkdRMERZTm1ra3dGeEJOR0hPZVJEYXIzUHpDQnNZNFdrMVU0bG4xZk5ISFZ0WGdkZjFQVzVuLXNKMlRGcmluM2N5eVdrU2g3aFdGUHlVTDhzdGRMekRlWm9GVnUxWnc4VHp0Ul80?hl=en-US&gl=US&ceid=US%3Aen,Bloomberg,16 hours ago,📺 Bloomberg,https://news.google.com/api/attachments/CC8iK0NnNW9UV0ZRWkZCcU9EbHZORVYzVFJERUF4aW1CU2dLTWdhVk1JelNHQWs=-w200-h112-p-df-rw,2025-09-23T06:41:15.569915
Revealed: Putin’s Secret Plan to Hack Moldova’s Pivotal Election,https://news.google.com/read/CBMioAFBVV95cUxPRm5hQlR6dlE1a0x4MmFINEY1Tm84T3pqX0pEOXY0UnY5UFNkMm1yZUFJOFhxY3FENVlrU2ZJbEphVWZLNWRHeVBHN0tlZ0ZlLXRhOGRQU01UbWZIUU5jcHEySk9halJRZWwwQWhqOHprT0piNFNqYmlaelAzSk5vMTZ2NTBTT3dwejdMeFBPUDJpc0dKXzlTSU1CTG1CeXJN?hl=en-US&gl=US&ceid=US%3Aen,Bloomberg,14 hours ago,📺 Bloomberg,https://news.google.com/api/attachments/CC8iK0NnNXJTVk15UVV4WWVXaEJNRmRsVFJERUF4aW1CU2dLTWdhaDFJTE16UUk=-w200-h112-p-df-rw,2025-09-23T06:41:15.569918
Bond Traders Lean Into ‘Sweet Spot’ Amid Doubts on Fed Path,https://news.google.com/read/CBMiswFBVV95cUxQWjl5TXlLSDFJN1hfQVZ5dThjbVFMNGliVHdZNWtEblpHYVVsVEVpTW9URW9paVVMZU4wSnNOcEpyYUcwME1Pelp5WG5lN1JpaVFjRnNwNUZmTk9WekkxVzg5eE5RTFdxUzlHSUk0b2FYVUdXWXJ5V2FtUzZKd29ON1Y3TXEzMmJFTlZ0d2VSTTRaQU51TnlBT3RLN05LMXdxOXZTRGtQY0ppWm9CRHhzNFV3Zw?hl=en-US&gl=US&ceid=US%3Aen,Bloomberg,20 hours ago,📺 Bloomberg,https://news.google.com/api/attachments/CC8iJ0NnNHpNWGQwTjB3NVRqVTNRM0pVVFJERUF4aW1CU2dLTWdPRlVnNA=-w200-h112-p-df-rw,2025-09-23T06:41:15.569921
Palantir Wants to Be a Lifestyle Brand,https://news.google.com/read/CBMidkFVX3lxTFA5Y0V4b3Qyb1RmX0pJQ3hXZk5iZTZ0TjZPRi0xazQybWhwcGNuNW9RTVZVMTVib0tpQjRhTVkyNlR6cVFfWkMzcGliVEtDQmdNQldDUURKckp2Q1d1RlVPNW1IMXo4UTVUendRRzNOZnJlWWxHckE?hl=en-US&gl=US&ceid=US%3Aen,WIRED,20 hours ago,💻 Wired,https://news.google.com/api/attachments/CC8iL0NnNVdaMVU0V1RWVWQxYzRjV3RZVFJDZkF4ampCU2dLTWdrQklKSUVyaVpFWkFJ=-w200-h112-p-df-rw,2025-09-23T06:41:15.569925
Elon Musk Is Out to Rule Space. Can Anyone Stop Him?,https://news.google.com/read/CBMiZkFVX3lxTE55Tlp4ZExyakhRc0ZFaHA4UFhtdVZ4WWY3SkFuS1lSTk1IQzl1S2ZFTmVqZ2I0TWF2dXFOQWZXM0llSEEybzYtbUozdlRMTjJ0akdCTUwtQ3NBUTBIcktVTnFMLXhPdw?hl=en-US&gl=US&ceid=US%3Aen,WIRED,20 hours ago,💻 Wired,https://news.google.com/api/attachments/CC8iK0NnNXFPR0p6UTIxRE9YbFNZa3hhVFJDZkF4ampCU2dLTWdhQkVZekVMZ2M=-w200-h112-p-df-rw,2025-09-23T06:41:15.569928
Stellantis cancels plans for an electrified Jeep Gladiator,https://news.google.com/read/CBMimAFBVV95cUxOUTFRSVdrbnYwUEU3Y0VmSTBhWjQ0MUVrdnpnUFRtTk1QYU9LUDhvM1NTcHFjTmxjT0N0d05yWDAzRWo3bDUxTzBHM1RveF90V1Z5STNZdk5mLTNRUk5WckxqZDRvaWNBTFBLd0RuQTBiVVZyckNfVUdSOFc0WWNOWjFidzllUnl1QmZsUGxrNkc4VXdSS191QQ?hl=en-US&gl=US&ceid=US%3Aen,TechCrunch,10 hours ago,💻 TechCrunch,https://news.google.com/api/attachments/CC8iK0NnNU5jbDlQZFMxelRVTkxWV1Z5VFJDbUF4alhCU2dLTWdZWm9aQ0xPUVk=-w200-h112-p-df-rw,2025-09-23T06:41:15.569931
A comprehensive list of 2025 tech layoffs,https://news.google.com/read/CBMiaEFVX3lxTFAxNWRVX094WEhUNUNyZlg5SnpsbC13bGRHR1lCVEUyZTh2T3dsdGFBdlZhdno0dUI2WlRuaUpFcWVUeEt1TXphTUtaSGE4VXQybVF3NjJkY1JoQWVQV0FlRzlGTVQ4cERv?hl=en-US&gl=US&ceid=US%3Aen,TechCrunch,14 hours ago,💻 TechCrunch,https://news.google.com/api/attachments/CC8iL0NnNHljMmxQWmpkU1NYQXdXa2QxVFJDV0F4anpCU2dLTWdtTlFwSkhyaVpGYUFJ=-w200-h112-p-df-rw,2025-09-23T06:41:15.569934
Hardware | Page 60 of 2240 | Read the latest product reviews on TechCrunch,https://news.google.com/read/CBMifkFVX3lxTFBKT3d5MHVKRkNXVTMzcVZ5bk1TSjFLUmxqMGRiV0dOQXhMeFZnNXNfckFlN3Bsb1hLdHdoOFUzV1Y5a3lOSF80U3FtUlgwa0xmbEFCMWVEQktEQ040Q0EyZktlT3FZbmExVXJzYzgwVmJlSkppNDAzTkloMzFoUQ?hl=en-US&gl=US&ceid=US%3Aen,TechCrunch,12 hours ago,💻 TechCrunch,https://news.google.com/api/attachments/CC8iK0NnNTZNbDlyV0Y5WlZsQTBYMnB4VFJEMkFoaUVCQ2dLTWdZSktZakdtZ1k=-w200-h112-p-df-rw,2025-09-23T06:41:15.569936
"John Biggs, Author at TechCrunch | Page 69 of 401",https://news.google.com/read/CBMiogJBVV95cUxObThGR0ZmSHNXNTBUX1RfdElBN0JCWVBoMXFsMDcyOUowNmRVWW9jMVBEakNlYlpPbW11dEREektPMFladVVfaE1HNUt3aUEwTTV3Wk1WTl92M3MwaUdGWXUtcG1qbG1lR280cldLR1R0WHRid09kQW82Rk9zYVNfSTI2bzd4QTN6bF93LVFGMEhsQVM1bDlrcElOU2NZTDJUWGFvVDlYSDV5bkpwQURfTDFXQTJyMEVKalVVSHgxSGNaOFhvaF8xaS04bkMwMHRIOW54cEF6bWVmcjJ3U0VwcXVDN2tFbW1UQXMycFZCZzY5TFBLbklnY0ZEVGwxc0dfZkktYktVOE12YnFUaG9jcjNkY1hzR3NCTU4ybFRINGJTdw?hl=en-US&gl=US&ceid=US%3Aen,TechCrunch,11 hours ago,💻 TechCrunch,"https://encrypted-tbn1.gstatic.com/faviconV2?url=https://techcrunch.com&client=NEWS_360&size=96&type=FAVICON&fallback_opts=TYPE,SIZE,URL",2025-09-23T06:41:15.569940
Security News | Page 71 of 206,https://news.google.com/read/CBMibkFVX3lxTE1jMGlsVkUxSl9NdnhtaVRsVGdQckJXWFBaUTdVMm95TjR3eE0xbUYydWY1TUFNMFZqM2xZdU5FSXh0X1daZGxMS0g2TWhnZm1NNE5FREstTW5NeXlPTnViMnRoSDdWOGUxNTZ3OWhn?hl=en-US&gl=US&ceid=US%3Aen,TechCrunch,13 hours ago,💻 TechCrunch,"https://encrypted-tbn1.gstatic.com/faviconV2?url=https://techcrunch.com&client=NEWS_360&size=96&type=FAVICON&fallback_opts=TYPE,SIZE,URL",2025-09-23T06:41:15.569942
T-Mobile CEO Mike Sievert is stepping down,https://news.google.com/read/CBMilAFBVV95cUxPUy1UaGhoekU5b2xjTDd6T2pZR0o2cEVmU3d0Si1kMTdEdUdQVW5wWUNwUW1NOFlEbnVyeXI5U0Z5LXFEd0xnRlViY0Z5WlpoNUsxa1pMXzcxVjFXc0gwZW1IZ3hua0Y1RFU2WldicEZqOENrVUx1cUJNUFFYcEJDUV93NklOUnhobkRwcTlNbGNUV2NX?hl=en-US&gl=US&ceid=US%3Aen,The Verge,17 hours ago,💻 The Verge,https://news.google.com/api/attachments/CC8iK0NnNWplRXc0Y1hoWlZtMWlSVUpJVFJEQ0F4aXFCU2dLTWdhWlY1UkpvZ2c=-w200-h112-p-df-rw,2025-09-23T06:41:15.569945
Apple’s iPhone 17 Pro can be easily scratched,https://news.google.com/read/CBMijgFBVV95cUxQWGctUS14QlBsYW13MW9qb0I1aV94SWlJa1Z6RmxXeWRuVEJ4YjRkZXR1V1ZHTUd4Z3F5SWJxUkpJZHo3OWpIWnd1bkVTcEtRSUt2aTBwXzJfNGZSLUctdk5PdTduUWJXRlJ1Wjl5Y19lVjZFVlV4NUdYdUh1ZXA2Y3NfZkFaNjFsc0dDUXRB?hl=en-US&gl=US&ceid=US%3Aen,The Verge,19 hours ago,💻 The Verge,https://news.google.com/api/attachments/CC8iK0NnNUtNRU5CVmpkMVJsVktOVTVFVFJEQ0F4aXFCU2dLTWdZbEFwQXZrUWs=-w200-h112-p-df-rw,2025-09-23T06:41:15.569948
Nvidia is partnering up with OpenAI to offer compute and cash,https://news.google.com/read/CBMivAFBVV95cUxOQWE5ZjZZdTV6X2p1S01jc3lVajkzSXpUWVExTHlBVGZMYXVEYV9FOTExdmJucC1lYXVoRTRBVXZuMGppLTJfMUpNdUhCcVJ6dm5hUkpBN3hCbjR1eGY2azA1d1FGalFMZFUzaWlRWDNUcW15Z2UwVW5TcTNLNkoyMng2QVlLOUR6NmViaURObkpTaFQwWnBXWE53d05LclhsS2VzQkJiWElxcmVNZzduR2dIQjZFeUZIWHNhVA?hl=en-US&gl=US&ceid=US%3Aen,The Verge,14 hours ago,💻 The Verge,https://news.google.com/api/attachments/CC8iK0NnNDVXRlpUWmxkTVVDMXdXUzFWVFJERUF4aW1CU2dLTWdZaFJJcU1LUVU=-w200-h112-p-df-rw,2025-09-23T06:41:15.569951
Oracle is replacing CEO Safra Catz with two co-CEOs,https://news.google.com/read/CBMieEFVX3lxTE5sMmxwQ0h0RVBDc1oyeGZOR3I5UzhQeExyWmFsRGtYNTQ0TlBMVm4zVG9XM2VTMGZLNF9BcmVaaE9WZGZEb3dHVmpPbkt2bndOTTNXSnI2WHlESnJjMlpvOF82SGRObzExX2JVb3otZllmSExUR2tzUw?hl=en-US&gl=US&ceid=US%3Aen,The Verge,14 hours ago,💻 The Verge,https://news.google.com/api/attachments/CC8iMkNnNXZUazFhTm01VFZtdzRjR0phVFJERUF4aW1CU2dLTWdzUkVKUVNJV2dXQTNzc2d3=-w200-h112-p-df-rw,2025-09-23T06:41:15.569954
Facebook Dating tries using AI to end ‘swipe fatigue’,https://news.google.com/read/CBMilwFBVV95cUxPdFhka2NLLXo5U09aN18tZkN1emp1elNvNmtBakd2UkNYN25QSWtUU0Jya2lhYld3c1NKLTM4VngxOGkzTlNwdjFNaTdkTEtBU1gxLVllcjdhaWY4dHBTcEpPNmd0cC1vS3E5UDdONnIwbWRLbHc5YWdZdmFYb0VibV9obFFuRzVwaXVRVG52NndlYklOR2NN?hl=en-US&gl=US&ceid=US%3Aen,The Verge,11 hours ago,💻 The Verge,https://news.google.com/api/attachments/CC8iJ0NnNXFWV2hCUjBVNU0yOVJWV2xKVFJERUF4aW1CU2dLTWdNOU1SNA=-w200-h112-p-df-rw,2025-09-23T06:41:15.569958
Why your next car should be an electric cargo bike,https://news.google.com/read/CBMikAFBVV95cUxPWG9wUnhnNlV6d3dtWk9yMHNBSDZjUlROcFJZMUhpWlBTVXU4YmpSOGhDR1libzBEWEFtOW84M3hoazZOMTFrNXNPNlRFR0hXR18xTDFqVDYxNTM1bWFLWkVzZXk4c3JwQml6MnRIR3lSQTZ5TXFrOXFmX0oydHNHY0tYbmlsc3p6dzlQaHYxTUc?hl=en-US&gl=US&ceid=US%3Aen,The Verge,16 hours ago,💻 The Verge,https://news.google.com/api/attachments/CC8iK0NnNVpkbkJmYmxGMmJrdDVVVGh3VFJDMEFSakFBaWdLTWdhRkVweUVsUW8=-w200-h112-p-df-rw,2025-09-23T06:41:15.569961
Waiting to buy a game console will cost you,https://news.google.com/read/CBMihgFBVV95cUxPbFl5UXkyeUdGNE9zYUsxUUk0Wl93ZldqaDBYYjVwNk5wTno3d3NFTHI0UEtBVHhLLUpMSU9VTnozYkkzN05xbWhUMDZIYW4zaTQxdk5hYlg1ekFSOXJoTGtvUUhuSzBRVUw3NC1YRGFpVVQ3dk54Z3dteEt0Zi1OMExLaUctUQ?hl=en-US&gl=US&ceid=US%3Aen,The Verge,14 hours ago,💻 The Verge,https://news.google.com/api/attachments/CC8iK0NnNUxaMjVrWjBOc1YzcGtUVk5FVFJERUF4aW1CU2dLTWdhVmNveXNyUVk=-w200-h112-p-df-rw,2025-09-23T06:41:15.569963
Gemini is coming to Google TV starting today,https://news.google.com/read/CBMiggFBVV95cUxPZWpnbGVMVkpJSjdlRmZzdTR5dnl2OXVaaUNkeXZvZE1GQm9OMUstWEZjSjE1REV3UFU0c0ZHX05LUS1qa0lPVnNrcjNPdE1VTHAwaWw2X19FRldUVnJoTFlJRWx5SGdiTUowMk9RcHkyd25mQVp6RFpwclBZb1psTGpn?hl=en-US&gl=US&ceid=US%3Aen,The Verge,14 hours ago,💻 The Verge,https://news.google.com/api/attachments/CC8iK0NnNTVRVkJrTW1rMVZpMUZVRU42VFJERUF4aW1CU2dLTWdhSlVZcG5wUVU=-w200-h112-p-df-rw,2025-09-23T06:41:15.569966
Amazon has the best price on Apple’s new AirPods Pro 3,https://news.google.com/read/CBMiigFBVV95cUxPMllrbi1SVXVxWXdjeUhXRHhaTE5Yb2QxYU9FNXFsdmE1d0ZMN1RRclVVa29nOWh3ckh1Q0VIT1owUjlNSWtmcVB6VUFRb3BrenU2U3JfVmNOMzVqYndQV2tKeFJ2aF9kWVJBSGdSak15Z29nSFlidy1remgzMi1KdHhYTXFWOElKUnc?hl=en-US&gl=US&ceid=US%3Aen,The Verge,15 hours ago,💻 The Verge,https://news.google.com/api/attachments/CC8iK0NnNHhYemhaYUdzd2RtNDRkMk50VFJERUF4aW1CU2dLTWdZQklJcHRIUWc=-w200-h112-p-df-rw,2025-09-23T06:41:15.569969
TikTok is tagging videos from Gaza with TikTok Shop products,https://news.google.com/read/CBMijwFBVV95cUxQY1Rud3BQeURCanFMZ2g1ZWlodWs4ejFxM3NITXdacmhmRzJyLW8taC1sMDVfVUMtem1uZW5vQ1JjTkVfcHNmV0h0MjU5RmFCQnhSQjk2UjBMcmxaUTA4YnBnalhVcWtsOGdMcGgxd1pIRUtqRmp6UVhtM1NRVmZkcDhIUXZ3ZzQzY3pYbWJkdw?hl=en-US&gl=US&ceid=US%3Aen,The Verge,14 hours ago,💻 The Verge,https://news.google.com/api/attachments/CC8iK0NnNU9RbW80TkROUVJFNUlTMDlUVFJERUF4aW1CU2dLTWdhcFJZak5KUVU=-w200-h112-p-df-rw,2025-09-23T06:41:15.569972
Mushroom Pickers Become Drone Hunters In Poland,https://news.google.com/read/CBMihAFBVV95cUxOMUEzdG5JR1E5bk5IQTFfRlBmYjU5a3ZwMjk5M2xLRlIwaGJQMFM4QXBYZllnSktDWmVubkFVRG1XUGhyNF9LRUFmVEZweW1UY01nWFNRaEoxaWNobTR0dGdwMC12Vi1KMFgwa1VtSUJNN2kyaEt3Z2ZWWFcweGw0c3pkdVQ?hl=en-US&gl=US&ceid=US%3Aen,DroneXL.co,18 hours ago,🚁 DroneXL,https://news.google.com/api/attachments/CC8iK0NnNUVSWFZyVWtWWk5XcFRhR2xJVFJDZkF4ampCU2dLTWdhVkNJYUhnZ3M=-w200-h112-p-df-rw,2025-09-23T06:41:15.569975
DJI Mini 5 Pro’s Weight Problem: Are You At Risk?,https://news.google.com/read/CBMigwFBVV95cUxPWEZNak9iWEdQRmlPYVo2LVMxZXhoaU9yMloyMHBvZ2VDdGxsT1BOam1rRXB3Tjk1LXZmQzlYUkRYNFk2UWp6QlBTMnFZT1UyekhwekhJZnhPeU5zczVrU2pOUER3NmEyVkcyZEpZVnlxMnpJN1J5Y0o0VXdlTFF3MzliMA?hl=en-US&gl=US&ceid=US%3Aen,DroneXL.co,18 hours ago,🚁 DroneXL,https://news.google.com/api/attachments/CC8iL0NnNWZYMU5vTVdaQlJHMWlaekp0VFJDZkF4ampCU2dLTWdtSllZaGxOcVZNRlFF=-w200-h112-p-df-rw,2025-09-23T06:41:15.569978
U.S. Government,https://news.google.com/read/CBMiSEFVX3lxTE5LeG8yM0xRTmVqbDdIY3FyQVlnSFVKdUZvZDUzQkZCMGYwQUVBd0JTMS1acTBwcDRIbnItYXZxR1Q1SDQzaWpuXw?hl=en-US&gl=US&ceid=US%3Aen,DroneXL.co,"Jan 14, 2022",🚁 DroneXL,https://news.google.com/api/attachments/CC8iK0NnNUtSRGRyUkd4Q1dsVmlVRUV5VFJDZkF4ampCU2dLTWdZSlVwQnFvUWc=-w200-h112-p-df-rw,2025-09-23T06:41:15.569981
"Drone News & DJI Rumors: Mavic 4, Mini 5, Neo 2 FPV Drones",https://news.google.com/read/CBMimAFBVV95cUxPcW5rQ01CSWdTb3ZoVWt0X1V0TEo2c0NMNjdVUXBMQWV3TkNLOVAxWXdlUEk2czBia0tUWERkV0dBS0lpd3g2bENfNVlrQXJXaVVMYmNUSlM1MV9USlB1ZVNaWDNhU2M2aXNMWUtWQ3RDMUJFWVBZU2xXZXYyLTVrZ3NBM3VHeXRLZXFpSkJsNjN5NTc0bm53ZQ?hl=en-US&gl=US&ceid=US%3Aen,DroneXL.co,4 hours ago,🚁 DroneXL,"https://encrypted-tbn2.gstatic.com/faviconV2?url=https://dronexl.co&client=NEWS_360&size=96&type=FAVICON&fallback_opts=TYPE,SIZE,URL",2025-09-23T06:41:15.569984
Firmware Update,https://news.google.com/read/CBMiZkFVX3lxTE9wdXprS1pISFI5U096SldRZk5US3BsTmw0ZHg0UXpUX1ljNGNUWFBrdm4xMEpZM29hS29CQ3RiVkgxTFh0ZndyOWpKY202cGowMkU5WGtjNjlSQ2Z3THZadjd1bkNhUQ?hl=en-US&gl=US&ceid=US%3Aen,DroneXL.co,"Jan 14, 2022",🚁 DroneXL,https://news.google.com/api/attachments/CC8iK0NnNWFaR3BpUVZKM2VVRlhjV2xuVFJDVEF4ajVCU2dLTWdZZElZeVRGQWs=-w200-h112-p-df-rw,2025-09-23T06:41:15.569987
Drone News & DJI Rumors,https://news.google.com/read/CBMiOkFVX3lxTE5rX3haNk13Wkc5VWlWQUx3WHpBTFc1aGc0MlBaRWVHWGN1LWdZb3dPSXdZbXBVTk85Y3c?hl=en-US&gl=US&ceid=US%3Aen,DroneXL.co,"Jun 17, 2024",🚁 DroneXL,https://news.google.com/api/attachments/CC8iK0NnNTVUREpSVFc5VmVXTkdjWE0xVFJDZkF4ampCU2dLTWdhWmNwYU9LUWc=-w200-h112-p-df-rw,2025-09-23T06:41:15.569991
Virginia tech hub Archives,https://news.google.com/read/CBMiV0FVX3lxTE5OOEFNSExuOTJPd3FJWGphNF9oQV90TVJoU2VWVDBGRTF1U2pZWjdXLTY3UjFNeG11TmFNWHFYRzBmSk1WYklVbVpuOElYQmJpZDJvSzdBYw?hl=en-US&gl=US&ceid=US%3Aen,Dronelife,14 hours ago,🚁 Drone Life,https://news.google.com/api/attachments/CC8iK0NnNW1UWGcyVTJSa2RWOURWWE42VFJDc0FoaXNBaWdLTWdZQlVJcDRuQWs=-w200-h112-p-df-rw,2025-09-23T06:41:15.569993
Verizon Frontline survey Archives,https://news.google.com/read/CBMiYEFVX3lxTE5NSmJRNnRfTzBjZGprS2dxY1I5c0pReXdxWExFTTNoaFVtWWVpVFBHeWhMd05hUk5ETmpKUVJqWDRja29DUTF1NTk1ZlFXVnVlWUNQVUtxRHEtZlZueXVuLQ?hl=en-US&gl=US&ceid=US%3Aen,Dronelife,14 hours ago,🚁 Drone Life,https://news.google.com/api/attachments/CC8iK0NnNHdWamhpZUhoMFVGWXdZVWhyVFJDV0FSaVdBU2dLTWdhWmhKSkp0Z1k=-w200-h112-p-df-rw,2025-09-23T06:41:15.569997
Dronamics cargo airline Archives,https://news.google.com/read/CBMiX0FVX3lxTE1MQUhick5waV9jN09Sck54bEdKR0tLSVBxdm1BSTZwZi1obVQ4dzJRVFpVckNPZHc0bmI1YXM4c2JWQmpIdXFYOFFmTTVhR0N2QzZFSmQ1anlrcGpwekM4?hl=en-US&gl=US&ceid=US%3Aen,Dronelife,18 hours ago,🚁 Drone Life,https://news.google.com/api/attachments/CC8iK0NnNURVVE5zYWpkaE4xWkxUVkJ0VFJDc0FoaXNBaWdLTWdhZHBKVE1PUWM=-w200-h112-p-df-rw,2025-09-23T06:41:15.570000
Nearly Half of First Responders Expect Daily Drone Use Within Five Years,https://news.google.com/read/CBMirwFBVV95cUxOWXJuR2NtTm9DM3dBSWdCRDZpZ2NKY0F5RTB6QW14Z3VscG1NN0VIS3RkMUhsSS1NaXl2alpucTJmRTQ2djFKNF8weG0yTjh6Tk5rZUpnb3Vhd1hRcjB3cHpZRndDMmJHMmlfTElWdUJMaHB3RWkwRUxTeWF4TngzYWhaR3c5ZFhjZFFvLUFhUWZFbjJaT2RBenVxa1IzM0Z5YlUtd0cyWVA1c1RqNXY40gGvAUFVX3lxTE5Zcm5HY21Ob0Mzd0FJZ0JENmlnY0pjQXlFMHpBbXhndWxwbU03RUhLdGQxSGxJLU1peXZqWm5xMmZFNDZ2MUo0XzB4bTJOOHpOTmtlSmdvdWF3WFFyMHdwellGd0MyYkcyaV9MSVZ1QkxocHdFaTBFTFN5YXhOeDNhaFpHdzlkWGNkUW8tQWFRZkVuMlpPZEF6dXFrUjMzRnliVS13RzJZUDVzVGo1djg?hl=en-US&gl=US&ceid=US%3Aen,Dronelife,15 hours ago,🚁 Drone Life,https://news.google.com/api/attachments/CC8iK0NnNTJOa05WWDFZd2REbENSMFJaVFJETEF4amtCQ2dLTWdhZFU1SXF0Z1k=-w200-h112-p-df-rw,2025-09-23T06:41:15.570002
Drone News Feeds Archives,https://news.google.com/read/CBMiXEFVX3lxTE1kc3I5Y1RqN2E3QWc4UV9HTnVNcjNNXzJON0tQeXFUamZFZXVJOU1mRi1mRTB0cDUtUmZ2bTRqQ1R5ZWRPTkU0NHhWZTNMemxUWHBMa2xIT0N2Wjhx?hl=en-US&gl=US&ceid=US%3Aen,Dronelife,"Apr 10, 2018",🚁 Drone Life,https://news.google.com/api/attachments/CC8iK0NnNURVVE5zYWpkaE4xWkxUVkJ0VFJDc0FoaXNBaWdLTWdhZHBKVE1PUWM=-w200-h112-p-df-rw,2025-09-23T06:41:15.570005
SESAR Innovation Days 2025,https://news.google.com/read/CBMibEFVX3lxTE1XUlo2VnZ3VDVkbmR3dmRTdlplM2xMZ3Q3YTNVbHctUm42aFBfOE5wd3dRX0ppVjhWUUdCaWV5NTBzbkI3R2NzT0xQeHdQcGhKS0U3NDk0VDVGMTNVQ0xYNmkzQTVtUWNUWGZkVA?hl=en-US&gl=US&ceid=US%3Aen,sUAS News,15 hours ago,🚁 sUAS News,https://news.google.com/api/attachments/CC8iL0NnNXZNbkUyYVRCSFdIRjFjbnB1VFJDZkF4ampCU2dLTWdtQjBvSkdSV01XNUFJ=-w200-h112-p-df-rw,2025-09-23T06:41:15.570008
The memory of Chilean resistance sails toward Gaza,https://news.google.com/read/CBMilAFBVV95cUxNbkx1ZHRtY0NBNkNFZnhjN0FnR2VGaEY3YTB2MXY1Zkt3Y0xZaXB4eGZyN2o5cHdFRlBjZ3I1MDRYMHUyR0tfTFBIZFA1ZzVyM090X1ZQajlEQ1ZwSFBibjVfWlNRYkdONE9VQnZNNm9BNGhiRnlxcTdfLU5ETHI2MTRXdk9RY2o2ZlpJTFVjYlE5Z2Ji?hl=en-US&gl=US&ceid=US%3Aen,Peoples Dispatch,7 hours ago,🇵🇸 Gaza Drones,https://news.google.com/api/attachments/CC8iI0NnNXRPVVV5VDBKc1RWZzROM0ZoVFJDcEFSaXNBaWdLTWdB=-w200-h112-p-df-rw,2025-09-23T06:41:15.570011
Israeli conductor Ilan Volkov arrested in protest at Gaza border,https://news.google.com/read/CBMiaEFVX3lxTE1KQkpJb0dhclFQc1hKQUtDdGtNSjdiQXp0MWlRdmRyNTVSWENHQkE3YURFNkdiOVR2ZG5jNDh0Zkw3dDhUNlIybGNMNzBjeFp6cXlMNldyZUZUZUtLbHVsUUFocGNIeHdX?hl=en-US&gl=US&ceid=US%3Aen,World Socialist Web Site,13 hours ago,🇵🇸 Gaza Drones,https://news.google.com/api/attachments/CC8iK0NnNU5lbTlmTlRoVk1raFFZbFZJVFJEd0FSalNBU2dCTWdZNVFwTHlIQWs=-w200-h112-p-df-rw,2025-09-23T06:41:15.570014
Unidentified drones circle Sumud flotilla en route to Gaza,https://news.google.com/read/CBMikgFBVV95cUxOZWpqUmJOR09qS2tWMHBEM08xWWlNT2tmVzlkZTFoZk1zaDh3aUtSRXVkcEhEbzQ2ZmMyYjhURERpc1BMZDJHNXhmMURfaXpSMlgzdzJQb0VqOXdoTW1TU0VRNUgxM3p0aVdGWFN4UjljOFJWSDBFQzlNOWtCV0JsT3JVSjlxeDNaTDJIVDhDbDhvUQ?hl=en-US&gl=US&ceid=US%3Aen,thecradle.co,14 hours ago,🇵🇸 Gaza Drones,https://news.google.com/api/attachments/CC8iMkNnNUNkRTFVUW1WVVRrcGhYMVowVFJERUF4aW5CU2dLTWd1RkVZVEZ5S09CMmVoZXVR=-w200-h112-p-df-rw,2025-09-23T06:41:15.570018
Drone activity monitored over Gaza-bound aid flotilla,https://news.google.com/read/CBMingFBVV95cUxNUXF3eXdObVMxRUdHd2pzVlJxZGVtcDloUDVKTVA5Mm95QUVxLTY5bFR4UkZkWHpwaFRkMXZXbFI5YXdTREs2OHRDRnRPSlM0S2g4TFMwQmpQZlM0bko1WGlMYmxjVmx5YjlDak9hVm1nM0VoWXdZaVY2SUtWaWl5QWZNN2JOYlZIeDdYYUFzakxOTVhlQ3lHMU9ENm41UdIBowFBVV95cUxONTU4TXJaWXN0aE5VdjVpcE16aC1uQ0VZemtudllwQ2ZIdHhSeXBxNUVybFJTQlplNWhDcUNSYzdaclpUVk1LSlJDYzljMmpQdU5ZR3lEVkNBZzAteUFNYjZBYUNveWhJWWNHZy1KZXgxZENXd2hPaHFuV2Nmb0JsbWhBOUlqTG5DQXlCYk1NSldEUkFtdllzdzk3akdpUGdxM2xR?hl=en-US&gl=US&ceid=US%3Aen,Middle East Monitor,21 hours ago,🇵🇸 Gaza Drones,https://news.google.com/api/attachments/CC8iK0NnNDBVV2Q1VGtrdFdtOU1ZamxGVFJERUF4aW1CU2dLTWdZSkJJTExHUXM=-w200-h112-p-df-rw,2025-09-23T06:41:15.570021
Gaza aid flotilla carrying Greta Thunberg leaves Tunisia after alleged drone attacks,https://news.google.com/read/CBMirANBVV95cUxPVERaSy1FelVfOU1Ic09veDVacjdCNEEtRHBGbGU3UW9mR3VhMmNkTGJkMmVPYl80OVd3TEFVbWcwUVk1Y0FENlVUMVRScWdXWlRUd29VZkVVbnJUdWxKcHRQZ21peS0tVm5Vd2VadkpYMHlQaW5Ba0RlWnVkTlN1NzVzWlpoX1ZudU9yYzdZNjJuOXRPUzRpbkhhSjlSYXRzdndMWm50bmVWLWlxYndJcEs3ZC0wUDVkRFBhQlVYVGdKZ09SUVdxYV80RDZHTVhyREpyYzNRdFZsVEpERkhHMzl0cERfSjAtRlRSbnlGSDVJWkhYSFRhMTVrSEFOUFBjXzFEZW5UOGE0N2dzbVBJRmlvODNpZmZmY1FfVl9ER1NrVXFvaDVrRXpIYWg0M0JpelRrR05DNkZwSEFMMHRZRmo0b1dmbm5yZUw1LXB1Wkc2aHktMnhQRUVOaHBJVzc0SXFNOUtLcTl5SDlxT0N3aE5ld1J6SnVNS3BxaTMwVzRWQ242VTVSYkRkYlNmYmU5QWxucFRtbDRpcGY4R1lmSU4xaDVZVmZLR3haeQ?hl=en-US&gl=US&ceid=US%3Aen,MSN,23 hours ago,🇵🇸 Gaza Drones,https://news.google.com/api/attachments/CC8iK0NnNWtjbmt3YzIxMU4wOVdhVkkzVFJERUF4aW1CU2dLTWdhdGdJWXZRUVE=-w200-h112-p-df-rw,2025-09-23T06:41:15.570023
Unidentified drones spotted following humanitarian aid ships sailing to Gaza,https://news.google.com/read/CBMiswFBVV95cUxPMVFzZVpDcGxBVzhRS3djQzNRZ2RPd3YtbmFLT3B2M1Exd3RRZ2NMWVBKQlhMVG5nbERlc1hsaHRhYVVKQnJER3RWaUx1VnhDR1ZKQmc2c0JraGpld2NRNF9JeF9vV1JRakFxQVIxUTRocktrV2E5R1FYTFk5Vm1rdkNDakIwNlRQNVE2dzhhd1FJcDhLc1JCVTF1a1VOU0l0djZxdkpzM1RLRzNiTHdQZDJNWQ?hl=en-US&gl=US&ceid=US%3Aen,Morning Star | The People’s Daily,12 hours ago,🇵🇸 Gaza Drones,https://news.google.com/api/attachments/CC8iJ0NnNUZPRmsxWmtoTlNGZE9WVUZoVFJDM0FSaVRBaWdCTWdPTkFnSQ=-w200-h112-p-df-rw,2025-09-23T06:41:15.570026
Drones spotted flying over Gaza-bound aid flotilla 'Sumud',https://news.google.com/read/CBMiS0FVX3lxTE5uR2NXc3ptZmNnaVR4UnA0TlZBZG1qdWFTNjVpMmVmcVROa1JMcnl0RGFEM2FOZGU3ck8xMWdKdTlPODhsOFVMWXRUa9IBS0FVX3lxTE5uR2NXc3ptZmNnaVR4UnA0TlZBZG1qdWFTNjVpMmVmcVROa1JMcnl0RGFEM2FOZGU3ck8xMWdKdTlPODhsOFVMWXRUaw?hl=en-US&gl=US&ceid=US%3Aen,Mehr News Agency,21 hours ago,🇵🇸 Gaza Drones,https://news.google.com/api/attachments/CC8iL0NnNTZjMEUwVEZwVmFqaHJMVkZuVFJERUF4aW1CU2dLTWdrQklZaGhNMmRjaUFJ=-w200-h112-p-df-rw,2025-09-23T06:41:15.570029
Syria marks new school year without Assad printed in textbooks,https://news.google.com/read/CBMiXEFVX3lxTE5UOWNtc2VNZlhBcmFqVXR4eWtMajdzS3E3ck0xSGZXMjZWTTk2OEY2QXM1dW9ycXYweXQ5M1lWa3U0SFozMTFvdXo0MFN5MkR3X2lodmQtamFjcUpD?hl=en-US&gl=US&ceid=US%3Aen,The Jerusalem Post,12 hours ago,🇸🇾 Syria Drones,https://news.google.com/api/attachments/CC8iK0NnNUVWMVl6YjFCcE5rbFlUMmxFVFJDZkF4ampCU2dLTWdhRkFZaFBMUVk=-w200-h112-p-df-rw,2025-09-23T06:41:15.570032
"Iran Update, September 22, 2025",https://news.google.com/read/CBMiekFVX3lxTFB3Sm44cS1FRmw5MENIZHcwdU03bmViMFFxandZWE5ySENkcXhXQ3BxcGNxaTFSWWUza2NWVVZBV1lsSFBZcXZEeEpkN0RBb3dlc3RQcW9EUVFzUjJhNXd0WlU0WnY2cHZrdFhiSVlLWVRsVFI0VnFZc293?hl=en-US&gl=US&ceid=US%3Aen,Critical Threats,6 hours ago,🇸🇾 Syria Drones,https://news.google.com/api/attachments/CC8iI0NnNXVWa3AxT0VsTWJGZDRXWEpWVFJEMkJCam5BeWdLTWdB=-w200-h112-p-df-rw,2025-09-23T06:41:15.570035
"Kurdish forces accuse Damascus affiliates of militant, drone attack in northern Aleppo",https://news.google.com/read/CBMibEFVX3lxTE1oOFM4REE3RjZDV1VDb1dZLUU4MU5WOFB0c0RBTm03MHcwWWh2OHoxdy02NjFLYlJnUEdwSElyZThuM3o3NDl3X0g1NXdHckdKZzd4MDlBcE9QVXpZejMzYlVPckduVjNCN0E0SA?hl=en-US&gl=US&ceid=US%3Aen,rudaw.net,9 hours ago,🇸🇾 Syria Drones,https://news.google.com/api/attachments/CC8iJ0NnNXZhMlJtVUUweGQwWlVWV3RRVFJDeUFSaWNBaWdCTWdNQnNBQQ=-w200-h112-p-df-rw,2025-09-23T06:41:15.570038
"Israel kills 5 in Lebanon drone strike, launches ground operation in Syria",https://news.google.com/read/CBMitwFBVV95cUxNeE8yY3BlZWp0bnRGMUJCLW96NnN6Yk5WOGdjTmRkQnl3QzRRWm5yLW1kbnp4X0xIZDN2SEprczAxN2w2OHlEZ1F3WG4yak1hTHBaTTJkazhpdjR1dzBZcG1lZmJ5dGNwTWdRUl9SMzkxcVFVTTgweTlyY0pEclV6ajFtNnRBbWRIQmJMMEVYUHROYjdEdjVRYk1VVnNtZmZwWXdscjNyTGh1c0ROOEc0d0NSYzIydEk?hl=en-US&gl=US&ceid=US%3Aen,News24,19 hours ago,🇸🇾 Syria Drones,https://news.google.com/api/attachments/CC8iK0NnNVRjR0Z6T0MxeVozWkZSM2g0VFJERUF4aW1CU2dLTWdhQllKUlFuUWM=-w200-h112-p-df-rw,2025-09-23T06:41:15.570041
Syria President al-Sharaa meets top US diplomat Rubio in New York,https://news.google.com/read/CBMixAFBVV95cUxOcGdlajhNN1hqN3BXVDNBVk9WNnhYakVobzJfR01OMGMzT3N5TW5VTkdqTVlnYTdTemZsVWN2UEl1ZHNfQUNINnNSWGs0Zk81UDdDYXhhNnBQaXM2Y2VDanFVT2s0ZnBYUE9RWkJpLTVob0lGVFE0cUp3X3pVNHJXMFVFNUZPMEZud3RGQnlXNm1pcE1Mb3NWYU1xY21ZRGZYQXE3TjFLaUNqYmFXUjhCOFo0T2dKMmU2VFBUUnhEV3k0MUc30gHEAUFVX3lxTE5wZ2VqOE03WGo3cFdUM0FWT1Y2eFhqRWhvMl9HTU4wYzNPc3lNblVOR2pNWWdhN1N6ZmxVY3ZQSXVkc19BQ0g2c1JYazRmTzVQN0NheGE2cFBpczZjZUNqcVVPazRmcFhQT1FaQmktNWhvSUZUUTRxSndfelU0clcwVUU1Rk8wRm53dEZCeVc2bWlwTUxvc1ZhTXFjbVlEZlhBcTdOMUtpQ2piYVdSOEI4WjRPZ0oyZTZUUFRSeERXeTQxRzc?hl=en-US&gl=US&ceid=US%3Aen,Al Arabiya English,12 hours ago,🇸🇾 Syria Drones,https://news.google.com/api/attachments/CC8iL0NnNURVa0o2ZG01T05tMTNUMVF4VFJDZkF4ampCU2dLTWdtVkU2QXpGU3VpNUFJ=-w200-h112-p-df-rw,2025-09-23T06:41:15.570044
Syria: Government casualties in Aleppo clashes - Shafaq News,https://news.google.com/read/CBMiiwFBVV95cUxQMzhyWG9Vb2RPVjVZd2xvZWNIUUpTelpMYTlIVi0yS2VHX3hETDYzOFV0MHpDcGhZT1lkZTlIcVg1Z042ei05R1pta19RSVFMeTlwTTQycXZmTU5QUGoyWldhd1F6X3R0YXktNUpaVmFYVE1KUkpTR3UzS2VHUDR2MFBWOTVCZG9yVlhB0gGLAUFVX3lxTFAzOHJYb1VvZE9WNVl3bG9lY0hRSlN6WkxhOUhWLTJLZUdfeERMNjM4VXQwekNwaFlPWWRlOUhxWDVnTjZ6LTlHWm1rX1FJUUx5OXBNNDJxdmZNTlBQajJaV2F3UXpfdHRheS01SlpWYVhUTUpSSlNHdTNLZUdQNHYwUFY5NUJkb3JWWEE?hl=en-US&gl=US&ceid=US%3Aen,شفق نيوز,11 hours ago,🇸🇾 Syria Drones,https://news.google.com/api/attachments/CC8iL0NnNUVUMkpuVVUxdFpWVmFXakZ5VFJDaUFSaTRBaWdCTWdrQkVJSkp1U1FPT0FB=-w200-h112-p-df-rw,2025-09-23T06:41:15.570047
"Maxar, AIDC partner to deploy Raptor software in Taiwan UAVs",https://news.google.com/read/CBMikgFBVV95cUxNWERaTl9oSDRKZDJmdmdzUDRCRlNrMEVtLVRldkd6cXpIcVBvc1haamFSTVo4cXVKYjlsTGpFRWdMTi1NWW1mUDRYQmU2c3lOdDA5b2t4d2pYSnFGeDMtMDVGU0JZekhqb2RhRy15T0k1OHkyVl9fclNNX0tuSVA3bjB4S2hQY01RM3d4R3F4bjFEZw?hl=en-US&gl=US&ceid=US%3Aen,Engineering.com,8 hours ago,🇹🇼 Taiwan Drones,https://news.google.com/api/attachments/CC8iJ0NnNUdXRlJuUjI5c1VqTnZUMnAyVFJEVkFoamZCQ2dLTWdPTm9oUQ=-w200-h112-p-df-rw,2025-09-23T06:41:15.570050
Taiwan seeks low-cost cruise missiles via foreign tie-ups,https://news.google.com/read/CBMiqgFBVV95cUxPemxrclptbWVWeW1RVHgxOFVtdEM4N2FQWUp2c2M1SnVCd2JRak5kTjJrX18wQzJ5bjQ1NTQ1OEc0TU93eFJsZ1pnWElwNEJuQlpzMC01Wm1Uc0hkNDhfZDQzQTQ0TEVrSmtSOVB6X2RnbU9yNUg1b1VGUHJQbnJ1T2lmMXZfcEFrSGVyWndXaTlGTElBRXRmcGg1TTRNNl9WWjhGRTU0dXBQUQ?hl=en-US&gl=US&ceid=US%3Aen,Asian Military Review,1 hour ago,🇹🇼 Taiwan Drones,https://news.google.com/api/attachments/CC8iL0NnNUxhRmhqZVRCT1QyRXdkbVl5VFJEQUF4aXRCU2dLTWdrQlFKRGdwQ2RENkFJ=-w200-h112-p-df-rw,2025-09-23T06:41:15.570053
Taiwan Unveils Mighty Hornet IV Kamikaze Drone with Speeds Up to 980 km/h,https://news.google.com/read/CBMi6gFBVV95cUxPZFoteDRqS1RhSGRZbHJJNks5NUlGdnl4bXNVM3Y0WVRlMDFpUlo2MkxlY2dVckI3UVo1cTJMa0h6dEJpbjZ0X252SC04LXJpcGo3QzRERzZPUC1lVC1rUVBZUEZvSTRYZnlqaDRkXzVHSWhQNW5YVXM0SFhpMXMyYVhoOXZPckEybUR2a2dGcUpXMTI2aE9qZXlVdkZtRU1pY21xSXA0ZF9BQ0Y2cmxlMWlMMkdFMDJnaTlqSHhMejcwUjZwWDNaRlJPaXhDajlDMHFWc2lJdlpncHJRYUQ4cC1ydGdGTXhRMHc?hl=en-US&gl=US&ceid=US%3Aen,MSN,20 hours ago,🇹🇼 Taiwan Drones,https://news.google.com/api/attachments/CC8iK0NnNVdZMUl6UkZOYWFWZHBlR1pvVFJDZkF4ampCU2dLTWdhQllKQXJ0UVk=-w200-h112-p-df-rw,2025-09-23T06:41:15.570056
Europe raises its profile at defense show,https://news.google.com/read/CBMiekFVX3lxTE5Xb2lYSUZmaUNZT2YwY2toWHlXaGJMcVpkZ0JvMGY2anBZTjFVbGlOT2tfZ0tZV2Z5UnN0U1JUWk9kZjZDV3Nxa3NlNldTX3pHR2l0bERBcUZSSEpsdVBkUnNKX2FwbXFTZDk5cXFZem1qRVBFazV4S1V3?hl=en-US&gl=US&ceid=US%3Aen,Taipei Times,14 hours ago,🇹🇼 Taiwan Drones,https://news.google.com/api/attachments/CC8iJ0NnNXJaRGxZYmtaSlVEQnJhRWhDVFJERUF4aW1CU2dLTWdPQlFRWQ=-w200-h112-p-df-rw,2025-09-23T06:41:15.570058
How the Rapid Pace of AI Connects to China’s Threats Toward Taiwan,https://news.google.com/read/CBMivwFBVV95cUxOV3VrU1Foczh1MDY1Vm9US0dWRTdTUDM3dGdhNjBHdHhRVUFrbkZPRzlzczdZZmV2Y3A5bDBDLXc4MUZ1RVI5MzNHeWc0TU9uNlVEOUVXY0E2TF9vT2xST2U2MkQ4T2FIYUduRzRiYWNtZ3BISjRrSjJuYlRtV0Rna0NidlA1b3duQ200QjNYVGpMa3hYT3ByTUdYWmRKMXZ5YmNZdWZqZ3A0dFA5d2lYMkNYZWlJN01kX3luc3FuTQ?hl=en-US&gl=US&ceid=US%3Aen,RealClearDefense,18 hours ago,🇹🇼 Taiwan Drones,https://news.google.com/api/attachments/CC8iL0NnNW1kVjl2ZWxock1YWnVjRkZpVFJDOEFSaU1BaWdCTWdrWlk0cE1NYVdpQ2dJ=-w200-h112-p-df-rw,2025-09-23T06:41:15.570064
"Top diplomats from US, South Korea, Japan voice concern on Taiwan Strait",https://news.google.com/read/CBMipwFBVV95cUxQOFVKSC1Fb0VoYXhGdXY4Yld2b21oMkNfQzJOc3plYzNPYUVoVktXMGgxQ19KNm8zVFpHSkVybVphYU9ZNjNnRWpIbno3ZTM3LXFmQml6VTZKLUR0cEd2bXYzSkNrRDREZ1ljOGVfUFVhQU0xR1U1Tm5KYktrZUJJOFo1OFNqdHNjOG5kUjViV3dUNlZ0bzJ4SmY3VlJfUF9zM3pYN29nQQ?hl=en-US&gl=US&ceid=US%3Aen,The Straits Times,4 hours ago,🇹🇼 Taiwan Drones,https://news.google.com/api/attachments/CC8iL0NnNHdSVUpIVERsSE9FaGxWbUpPVFJERUF4aW1CU2dLTWdrSklhSzJGR3R4NXdJ=-w200-h112-p-df-rw,2025-09-23T06:41:15.570068
Copenhagen Airport temporarily halts flights after drone sightings,https://news.google.com/read/CBMiwwFBVV95cUxPRW9PRFpWX1AyS0ptbGk2ZjB1c1NFMkpnX0lzckl4My1feDRBdlNfWi1mSHN4a01mdEl4ZS1KbVg5YS1nejNXSk9BMXhRMVVhQzJjYzc4SXd6aXJ2X0hmbHFPcUtzNVpOVVYwS2tzbzdDZnNEMVhKQXBPTktEU1dia0FMT2VZeGdLVWxPUFZ2OVE1OTZGcUVnQUFpYy1EOEJJY2FFeS1MSFJzQllZTXo2d25OQ2hoMlBPMng5SUVrNUxaSE0?hl=en-US&gl=US&ceid=US%3Aen,The Washington Post,52 minutes ago,🌍 Africa Drones,https://news.google.com/api/attachments/CC8iNkNnNW1XVGREWkd0ME5qbFhTVUUwVFJESEF4aWlCU2dLTWc0VlVJWUpyZVdacUlvSlRFSlVFUQ=-w200-h112-p-df-rw,2025-09-23T06:41:15.570073
Drone sightings cause widespread disruption and delays at Norway and Denmark airports,https://news.google.com/read/CBMirgFBVV95cUxOdWhpaU5LV0RlejhVQXZsQ3FvN2hFUmQ1ZmNKZ0lMcncxallIeHJEODMxeWJ5M3JfNXcyekRHTzZaNVh1RzJrbFJLRUdQSl96ajdJeGdrZWdpY2FRTzhlQmFFb3RWQXJqQl9kS01uME52ckRQdW1obUhNc29uQkxqVUlHNlRUTHlfTm5iM1g4cDE3WTkyVFlhMkVlZGMzclk5X3FRTjVLeXN5dFpWMlE?hl=en-US&gl=US&ceid=US%3Aen,The Guardian,3 hours ago,🌍 Africa Drones,https://news.google.com/api/attachments/CC8iI0NnNUZaSGRwWTJWU05HZzVVbEpCVFJEMEFoalJBeWdLTWdB=-w200-h112-p-df-rw,2025-09-23T06:41:15.570077
"2025 Handgun World Shoot of IPSC held in Matlosana, South Africa",https://news.google.com/read/CBMifEFVX3lxTE9aNWFYZXFQd2Jidkg2TnZKS1VZM3FONHh5QzFHM29BQlFlX3lzZkR3Q3BIYzVmVDJ1REVwQ0tnMmQwZFVEY0xrSUM5cHl3R3REbGE5WHNlU05raHMtTWVaa1FtRWRHSDFFNUNRSzVsd3BoRFl0aGJEenJLdVc?hl=en-US&gl=US&ceid=US%3Aen,Xinhua,4 hours ago,🌍 Africa Drones,https://news.google.com/api/attachments/CC8iK0NnNWFlSFZRVm5nNFExVldObTVGVFJDM0FSaVRBaWdCTWdhUlNJaUhJZ2M=-w200-h112-p-df-rw,2025-09-23T06:41:15.570080
World Court says Mali drone case can’t proceed without Algeria accepting jurisdiction,https://news.google.com/read/CBMiswFBVV95cUxNMTktaWc5ZjF5Ym04OGEyVDgwMlNLc0ZCR0lGR2VVX2hfXzNxUUNHdmdORkhteVhWQTF0N1FXbEhRaVFvSTNCdE1zSldLaTFJb0pqX0o1SGJEUURNWno2d25ZV1RtZFBqbzVxeHo3SVdXdkY2LUtPMVN2MHhfTlVMeFBSLWRoUWRYY1lKN0ZBZ3ZVTVJrM2d4d0ZHZW1wanVNSm5WRmpKeGRZcHhaV3F5NUlNcw?hl=en-US&gl=US&ceid=US%3Aen,MyJoyOnline,2 hours ago,🌍 Africa Drones,https://news.google.com/api/attachments/CC8iJ0NnNDNhbVpuVWxsWVUyZFlXVXd4VFJDb0F4ajhCQ2dLTWdNbFVBWQ=-w200-h112-p-df-rw,2025-09-23T06:41:15.570083
Copenhagen Airport reopens after drone sightings,https://news.google.com/read/CBMiYEFVX3lxTE53MHdSVnJ3cGptRnUxbGZxSjdYOWloMzl1eUc0bldRWU9YRk5uVTNGWnItVm5xWVA0U3NlalJNcUZpTjUxa2VZamMyS0FmT2IwV3p2RGxBWTRlU1d1TjBHMtIBX0FVX3lxTE1YNlNaNEdrZmFNYXBkc3VJMlJycWh5ZkJsaWt5MkhWNG1CZzc3bmFuSFZUNllpZVRkeTU4X2dSeFEwcDhlZFVHSC1IZ1FDZEdnNWlUZlI2Q2VYejMya3pJ?hl=en-US&gl=US&ceid=US%3Aen,feeds.bbci.co.uk,10 hours ago,🌍 Africa Drones,https://news.google.com/api/attachments/CC8iI0NnNHdWVmxJV0dKTk4xUTNRWEpyVFJDZkF4ampCU2dLTWdB=-w200-h112-p-df-rw,2025-09-23T06:41:15.570086
Copenhagen Airport suspends flights due to large drone sightings,https://news.google.com/read/CBMiqgFBVV95cUxQLVpMS1RyOXhiaEhIYjFmZDh0N1BwUDVYeENJN211OVRQTHFSMU5yODdPT0RpaVkwOUE4ZVBiUVhWLW1HeUtUWWtjVTNWX1ZzeTNhS1lremU0N0VrM28wUTlDTTRHTlltSDlZT1FfT3RqclNRTVhIY0ZIbjhBSWlLMnFsRkJnN0pjV0hsbEJvbGNoZVYtVEpVcmgxTjdSVFBrcG4wM1puV2RPQQ?hl=en-US&gl=US&ceid=US%3Aen,New York Post,4 hours ago,⚠️ Drone Incidents,https://news.google.com/api/attachments/CC8iI0NnNUJURGxsYTFKRE9YbElTMGcwVFJERUF4aW5CU2dLTWdB=-w200-h112-p-df-rw,2025-09-23T06:41:15.570089
"🚨🇩🇰 DENMARK PREPARES TO RESPOND TO AIRPORT DRONE INCIDENT Police confirm that the large drones that suspended all air traffic to and from Copenhagen Airport have left the airspace, with no one knowing where they went. Their origin, type, an",https://news.google.com/read/CBMiYkFVX3lxTE15NHkwMUd5anh4djB2aDI5bHJ5cWh0bXBqVDhqQzVydkhhMF81S01XMHM3dHZtS29jWjYwell4VnRjcERKRVA3NGsxVE81NVM3QnlWLWVmVnQwaWthaVhXR1dn?hl=en-US&gl=US&ceid=US%3Aen,X,6 hours ago,⚠️ Drone Incidents,https://news.google.com/api/attachments/CC8iK0NnNWlOMjlQTkVoRmExODFSSFUzVFJDeUF4aUtCU2dLTWdZQndJQ2wyZ0k=-w200-h112-p-df-rw,2025-09-23T06:41:15.570091
"Madison police use K-9, drone to track juveniles after stolen vehicle incident",https://news.google.com/read/CBMiuwFBVV95cUxQd25ySzFXMnl3eUQ3Y0FsanZ6S3pIbXRNLWx1YU9VUTR4MmFkZzVBdVV3VlZZTGFlSEhZU1Z6REhEamlvU05jcGpWYUVNbDBVRnJOcnlkNG9qU3FtbEtQQUNFYklqWXo1amlQbEZJTGdmRkRXMlNrWGdWSHloWUxFbC1xZFJCT0p3ZVBHYlNwdzUzdk4taFdGV01mVE9Ia0wtQWJ6ZFM5VkRvaU9ydnBtVGFQalYtT3FLaXNN?hl=en-US&gl=US&ceid=US%3Aen,WMTV 15 NEWS,9 hours ago,⚠️ Drone Incidents,https://news.google.com/api/attachments/CC8iK0NnNW5SMlZNTmtkbFR6WnhNa2h5VFJDZkF4ampCU2dLTWdZUkk1WXRKUWc=-w200-h112-p-df-rw,2025-09-23T06:41:15.570094
Major airport shut down as planes forced to divert amid 'large' drone incident,https://news.google.com/read/CBMiigFBVV95cUxNbFVkeWxybVlNckFkQktZOXFsbEpRMlpYQmpWVEJzcFhKeTFkVjRtMHdGdWpQY2p2V1F4VEgxdV9hSERHcTctd2k5cHdXRE95c3hOQ1NDYjh6VEdUMmUtTFF4ZWJhWU9ueEwzZ1lQQ2hFUjFYbzg2S002RW9ZSWtodVZWR25QT1dqOGfSAY8BQVVfeXFMUDJxYnVVZHVJWHZSX2tkZ215OVhDY1pjQWRVY056amFjc0pCZTN0eUxxSGU2ZlhCUU5kdHJTMmxJaWh0TXhNRmZBcGV5ZklDSk9NUUQtRjllNVBBWjdOLXdjel9NSE1JakNQVDRKZ1BjdjVEcjc3OU1YY1ZvZ0lqaXAtaVlTbThXNEY3b0VqNzQ?hl=en-US&gl=US&ceid=US%3Aen,The Mirror,10 hours ago,⚠️ Drone Incidents,https://news.google.com/api/attachments/CC8iK0NnNXJVRGMyVDJSVWFDMHdjRVZpVFJEZ0F4aUFCU2dLTWdZWlVJZ3BJZ2c=-w200-h112-p-df-rw,2025-09-23T06:41:15.570097
Drones Paralyzed Copenhagen Airport: What We Know About the Incident,https://news.google.com/read/CBMimgFBVV95cUxPc0I2TGZHSzBEN2VTRG5oRTlvcXRHNWpwVlFVSWtmSEktUVdqZU1wYmMtV0hSeE9xSjE1d05ic0d2dHpZMWV5cjNsRDhhNnMyNXNrbjJmbF93RW9OQU1PLUpmODdTTXptVTk3ejNMQ2ZfSU8wY3pIUldmelZORWcwX1gzWkViVWhQTUE1OUhzODhNVl82SEEtUmV3?hl=en-US&gl=US&ceid=US%3Aen,112.ua,6 hours ago,⚠️ Drone Incidents,"https://encrypted-tbn0.gstatic.com/faviconV2?url=https://112.ua&client=NEWS_360&size=96&type=FAVICON&fallback_opts=TYPE,SIZE,URL",2025-09-23T06:41:15.570100
Flights Are Temporarily Diverted From Copenhagen Airport After Drone Sightings,https://news.google.com/read/CBMijAFBVV95cUxQTUNuZjQ0ekZOZEcxQlNsX09FakFQbmZ6bUNQRGxQRnZRU1lTdHZKYUoxQWh2LWd3Z0h2YWxHZkNjWmRPeThPMVp6NDktQkl6WVBES0ltc2lXdkk2VGJLNVJGMVUxbmhmZ2dDSnlKRDRiQmlaUm1YME1wdGplZlVISkpVVFdtcFZ0UmM1LQ?hl=en-US&gl=US&ceid=US%3Aen,The New York Times,9 hours ago,✈️ Airport Drones,https://news.google.com/api/attachments/CC8iNkNnNXdSMWxuWkZkbmFUbFFRVnAzVFJDVkF4allCQ2dLTWc0VlVJaElLYVl0TUhrbXNrWkZFdw=-w200-h112-p-df-rw,2025-09-23T06:41:15.570103
Two Scandinavian airports temporarily shutter over drone sightings,https://news.google.com/read/CBMiqAFBVV95cUxNRjNYXzVuRUstaVFCUTM4b0dWdmNXZkN6WG9CTjdnYTV6NzhsZC13Q3U0X1BzR0pyMVQzaVpHY3VwM18xNU9tX0dQZ3BrT05BVUxFRnZoRTBaTzlMRUp0bHAwRXFKTU5hdDJ3RVBTdFN5Tkx4X3ZPQzltd3c3Tlg0UFoyYV9SdjVyV3JKMDB1ejlsM044c05GbEVQZnFnZDN6QzlORjd0YkbSAa4BQVVfeXFMTWpDRExjdHNINnNlQ3RqeV9OWHJBUUQ2U1FrVkVsbzVDelRDaHZIN1MwTWl5RFNJdnRGTmhGTzhqc1M2bTlJelptYUdLODNtZjVjYnpSamdCSXVIZDY2MWFtdk9pb1oxNDktSUlETkEzYV9vTnV0RWR2WFhJUDJtejhRVDY1ZnNvOWR3cVRnS1NjZmV0ektnVjIzSENPX0h2OVBHRGtkc01PS2hwWlpR?hl=en-US&gl=US&ceid=US%3Aen,upi.com,2 hours ago,✈️ Airport Drones,https://news.google.com/api/attachments/CC8iMkNnNDFjbFpqWlRKWFRuRklNVEpRVFJESEF4aWpCU2dLTWdzVlVJakpzT1dSaUFwTFJR=-w200-h112-p-df-rw,2025-09-23T06:41:15.570105
Lorain County deputies using new weapon to terminate toxic ‘bug-drug’,https://news.google.com/read/CBMiuwFBVV95cUxPWEwzSEYzRWJhaUVZSnlRMHhNOHprLXVUQzhvVGVseG42ZURtTWR3TVduek96eGo4a1FoblRHVDIwWjNzRzlJeE9Jb1dmeC1yc180YnBqQW0xb19nOEVZMHpvR2pKVW93WTB3R2k0UHhXVTU2NjRya0lYcXR3WVg5M1ltTUl3cExMYXRick5LTEVIZzQxMVpWZ0loQmhKTUxDWUprczAxanh0X1Y0VnBwajFQTEJYcGJTSVpj0gG7AUFVX3lxTE9YTDNIRjNFYmFpRVlKeVEweE04emstdVRDOG9UZWx4bjZlRG1NZHdNV256T3p4ajhrUWhuVEdUMjBaM3NHOUl4T0lvV2Z4LXJzXzRicGpBbTFvX2c4RVkwem9HakpVb3dZMHdHaTRQeFdVNTY2NHJrSVhxdHdZWDkzWW1NSXdwTExhdGJyTktMRUhnNDExWlZnSWhCaEpNTENZSmtzMDFqeHRfVjRWcHBqMVBMQlhwYlNJWmM?hl=en-US&gl=US&ceid=US%3Aen,Cleveland 19 News,7 hours ago,🏢 Prison Drones,https://news.google.com/api/attachments/CC8iK0NnNWlSV05UVERWdmQzTlFkRlp2VFJDSEF4aVBCaWdLTWdZdEpZeXZHUW8=-w200-h112-p-df-rw,2025-09-23T06:41:15.570108
Man Pleads Guilty to Ferrying Fatal Dose of Fentanyl with Drone,https://news.google.com/read/CBMisgFBVV95cUxObEFJQjRzWnd2VlgzazdjUHpqR3c1al9LT1dhYVpWYlVRUS1HeVd0STAzWHJ5c1pSQWl2UGVXY3hQVktHWjdFVkxTc1NvQk1PdDdMSmZRX29xbmhxNUtWNzFlNWdDWU9FQWFhMmZpN3k0dTJZOW1PblF3ZjZMbVZJalhGOUdrMFR3VkpsUEhwMDY4RVd0Q0k4LW9MM0Qza01tdTNuX01qYU1Ta0FTRXJObWNB?hl=en-US&gl=US&ceid=US%3Aen,MyNewsLA.com,8 hours ago,🏢 Prison Drones,https://news.google.com/api/attachments/CC8iK0NnNVNVRE5MZURKc1JGazRTMFoxVFJEQ0F4aXBCU2dLTWdhQkVZcEdPZ1U=-w200-h112-p-df-rw,2025-09-23T06:41:15.570111
"GA man in prison led ‘cash bond’ scheme, convinced people to pay or they would be arrested",https://news.google.com/read/CBMi2gFBVV95cUxOcWVjSnV1Wkdnc0J0X3FCNEdyVzNzNG95ckNackdWQ0JIZVYwRWJiZzI4aUJBNHVoem1LQnlieHh5SzhWemM2clpsdmJkZXRlZVhBal9zUmF4N21kclVuSFNTbUE0dVpoQ0poNDhsUGo1UWxNT3U0aVdyRU9NbWhtc0wtS0k3ejRLQ201ejJ2UDBCaEE3WTNlSnI5WFhLNlV3QklNeTNINm5vdVhnb1JPVXlRdHQ0MnRCY095enU0M25vcVdEWkxjQ2o3ZEFKRG95VmNSZkg5OU9ZZ9IB7gFBVV95cUxQM29ia2toelItYnA5ZW1YTF9ROHNBRDU1MUxVN0xjODhrWVoxOVBlN3BHeG5Oak5NRjVQVmRXWDVOTHlrbjZnX25aRFhDcGpSQk52WWJhZ3BWa042akJMLW5ZOW9zV0xIZmY2NGJqdmNmVWZJdm9kOXF0MWl4cUU0enF2cjQ4aC1xNmdicC1Xc0d5R1NsVXE5UlNoVlNkWEQ5czBNQ0ZUVU1HTVVPNjltckNld3hjQ1d6MVdVdDNQM3V1VmpOV0ZXZHlqYTNVWUp6V0M2Yy1DU20wVi1MTC10bjFodS1VRmd3RnN2MkhR?hl=en-US&gl=US&ceid=US%3Aen,WSB-TV,15 hours ago,🏢 Prison Drones,https://news.google.com/api/attachments/CC8iJ0NnNXJhbkZ0Y1ZWVlFWTk1TVFJKVFJDZkF4ampCU2dLTWdOOUFEbw=-w200-h112-p-df-rw,2025-09-23T06:41:15.570114
Russian intelligence agent sentenced to 15 years in prison for espionage in Zaporizhzhia,https://news.google.com/read/CBMirwFBVV95cUxOa19Rbzc3YVdhNnVza2c5RGMydUJfQlVFNnM4Z2lHQ2tCX0xoZzFuZlZqVklzTGxxS2RVY3pibWNsSktFTEdBdW0wNTBIZ0JKd3FjdWJYR0dBaHNkR0dfeng0SzVyUTQza1A5WjQ0VFhZWlFsaUt1STJiS3RoakFBdUVPZkJxaXZjYjdERkhFZ2hnVGRleV85UEZuUkNVNU83MVZKdXQ0V295cGxnQTdn0gGvAUFVX3lxTE5rX1FvNzdhV2E2dXNrZzlEYzJ1Ql9CVUU2czhnaUdDa0JfTGhnMW5mVmpWSXNMbHFLZFVjemJtY2xKS0VMR0F1bTA1MEhnQkp3cWN1YlhHR0Foc2RHR196eDRLNXJRNDNrUDlaNDRUWFlaUWxpS3VJMmJLdGhqQUF1RU9mQnFpdmNiN0RGSEVnaGdUZGV5XzlQRm5SQ1U1TzcxVkp1dDRXb3lwbGdBN2c?hl=en-US&gl=US&ceid=US%3Aen,Українські Національні Новини,10 hours ago,🏢 Prison Drones,https://news.google.com/api/attachments/CC8iK0NnNWliM05CYjFGek9FcFhRa0prVFJERUF4aW1CU2dLTWdZUko0UXJGZ28=-w200-h112-p-df-rw,2025-09-23T06:41:15.570117
Lamar Jackson sacked seven times as Detroit Lions eclipse Baltimore Ravens 38-30,https://news.google.com/read/CBMixgFBVV95cUxPYlJCdEJNdGRTb3B6RG9mMnRpal9YRzY3UXpyTDJRV2FCZkowNmlPcktHc0pJQ3pxb1YwTUJkbGVsS2NEbGZLTml0NllMQ05hb3hlZGFTVVlfY1ZONW9odUdkRDZ1TDZMRkZEU0pUajIyeWRwSzlMZVB2d3J3TGJ5cnhwT1NvQkZ0ZXFaMWlpTjRSdHpGZlJzb08zMlNuOVJNc1ROMkY4SnAyRFN2eTZ1TWlaaE1xV05iNC1rOVF0SmJkMmdVc3c?hl=en-US&gl=US&ceid=US%3Aen,BreakingNews.ie,1 hour ago,🏢 Prison Drones,https://news.google.com/api/attachments/CC8iK0NnNUpVM05tU1Y5MFVHcHJSa3RDVFJDb0FSaXNBaWdCTWdZZEZZN01GUWs=-w200-h112-p-df-rw,2025-09-23T06:41:15.570120
Man to Plead Guilty to Using Drone to Deliver Fatal Fentanyl Dose,https://news.google.com/read/CBMitAFBVV95cUxQUUxMUmRWX1NxbUt6UGZrVlEzS3dkRVZPVDhDTGNOUW4xY05lRHFfUFlkaHpJQ3pJQmFhRUpjanBySXBsVWVPck43R21XRzJyUEhOZXJVVHhSSG5IQ2FuSkpmMG16RjhBNjVySS1STF9hS1ViSE9BMDJEN3JMYnNESjB4NUZLMTZ2VDBDd0pzLUhubmN6RDdrelFoTUxyWmdDSFNPR1B4WFAwbldLenlSSnVkcG4?hl=en-US&gl=US&ceid=US%3Aen,MyNewsLA.com,17 hours ago,🏢 Prison Drones,https://news.google.com/api/attachments/CC8iK0NnNDNkbU5MT0Y5c1oxUmpRbEp3VFJERUF4aW1CU2dLTWdZWnM1QXdQUVk=-w200-h112-p-df-rw,2025-09-23T06:41:15.570123
"Egypt's President Sisi pardons high-profile Egyptian-British activist Alaa Abd El-Fattah, al Qahera news says",https://news.google.com/read/CBMi4wFBVV95cUxPdkloQ3VpYUpjdGZ5anF3NndvaElYWWdjUklpVVFraTNqa3hLMlhTckRwS1RRZjVIRzRSMU9kUHJPa0szRUMyS05YZlE5bTVvZU5tOC1vdi1pVXE5TGZSZHFJbWZqdjh4SjcyQVgzYkpuYUkwZDFNdzNJUGJXLVZtTE4tSjQzWGlQN1MxSV9ENjgwMlZIcU9BZVNBLVFNY0NyNUw0S0FadEFqMVFwVkQ5d2FteXJTaldlekZoT3UxajhFTnRmaXpYQmRZUXQwUnhFMnNqQ04xSkxpZ1hmcWFUdEJsNA?hl=en-US&gl=US&ceid=US%3Aen,The Straits Times,18 hours ago,🏢 Prison Drones,https://news.google.com/api/attachments/CC8iK0NnNDNjVGxUTldSbVQwTm9OV2R0VFJERUF4aW1CU2dLTWdaQlU1UXpKUWc=-w200-h112-p-df-rw,2025-09-23T06:41:15.570126
British activist Alaa Abd El-Fattah released from prison after receiving pardon,https://news.google.com/read/CBMixAFBVV95cUxQVTBjRGFpOWlTYkd6S0swZUZ2NEx2eEJLYktWWkQ0RXVQRzh3TmdXenBHVjJCWlBHcngwQVA0Tmp1Y0V6SUpicGY5Qkp5WUVzT2c5LUFJa21oX2xkd0ZvMnh5ZzZlb2cyZlJ5R3ZnbmpkX292ZGwzUG1XQ3RieEJrRFNsTUdTZVVuY3RUZ0dhalVPWmRNeFFOSmRuaGprcGVfUXlnY0owUnVjbjY1MmlDeFBUb1I4cWxocHR5RG5nN0MzZW91?hl=en-US&gl=US&ceid=US%3Aen,BreakingNews.ie,4 hours ago,🏢 Prison Drones,https://news.google.com/api/attachments/CC8iL0NnNXROMVpXVFMxNVRsY3RSalEyVFJDM0FSaVRBaWdCTWdrQlVZUmdwNmMwN1FF=-w200-h112-p-df-rw,2025-09-23T06:41:15.570129
