Title,Link,Source,Published,Category,img,Scraped_At
Check Out Skunk Works New Stealth Drone VECTIS,https://news.google.com/read/CBMieEFVX3lxTE12ZjM2SDVGd3A0Y0tUczBfY2hCWmxZd2QxOWhxdXBMNFlEcmFxZzhNdEJmbUhDbWJqUGRWd0ZKUFlaeUI2YjF1WlJSWWplYzV3TF95Z25md1RPTld5X01odGstc1o4TUxFYjZYODlpVEtCbkVWYzZscg?hl=en-US&gl=US&ceid=US%3Aen,Avgeekery.com,7 hours ago,🎯 Military Drones,https://news.google.com/api/attachments/CC8iK0NnNU5Obk5QU0ZKNldqZDRZbEJsVFJEb0FoamdBeWdLTWdZcEZaS3NsUW8=-w200-h112-p-df-rw,2025-09-22T02:05:46.469063
What makes Lockheed’s new combat drone so dangerous,https://news.google.com/read/CBMif0FVX3lxTE5mNWpPSjBzMXRORFhmX0U5TDMwVy0zdGxjZmkybG55T1hIR2ZSTHlmLW1uaGU2V0dadXZaejN5WVgxUVRkbnJxdldBSlVCUW1rRFVFZUFXX1FYelJTY0k5NjRyc0NDS3BOMzhTSGYzRGlCaTJIMTlvTHg2a25PTEk?hl=en-US&gl=US&ceid=US%3Aen,Rolling Out,5 hours ago,🎯 Military Drones,https://news.google.com/api/attachments/CC8iK0NnNDJiM281YjBjek1GTlRiM2s0VFJERUF4aW1CU2dLTWdhTmdwU0pzUWM=-w200-h112-p-df-rw,2025-09-22T02:05:46.469077
Nightmare for Putin as his $4bn bridge faces major new 5-ton military threat,https://news.google.com/read/CBMijAFBVV95cUxPMzM5ZnFnOVp3aGdaWWhxQTBzX0tPSTUtdk9ud0lraG1QN25fWEI2SUt2QkRYbzNkcG5CS0dqRlZudHpTOGd5MTdBRkJCTUdRLVdjU1RMVGYyVGZldjNZVncwLWc4SnY1N0tIMnpNbVdzMmtnS2xxUlZZQWdPM3ZVSGRKUXhsY1lnWXhpZtIBkgFBVV95cUxObzFtOUtxcHZqcTRZbEk4SlRnNXV5aTFRZXdFSURCeGNjVEpleWpnMkxNQ0lBVTBDbEc0UEs4R1JGcVBrS18xN0MwTEpzM2ItT2MxOHdPWVJIT1RwZ1BzZzF1anVQdUVjYVY2U2EwQmFRMWhPUVU4Nk1yRzNKbXJwQVNKNUowZWJ3Q19OOXc4N3FhUQ?hl=en-US&gl=US&ceid=US%3Aen,Daily Express US,31 minutes ago,🎯 Military Drones,https://news.google.com/api/attachments/CC8iK0NnNW9iVjlmVmxKSlVTMVJiVlJKVFJDUkF4ajhCU2dLTWdZTllKU1RyQWM=-w200-h112-p-df-rw,2025-09-22T02:05:46.469080
Germany calls for supplying the army with anti-drone defense systems,https://news.google.com/read/CBMikwFBVV95cUxQZzVGZmhUcDJwcVJSc3ZSVEVSUGJUekRsTW5wWFJFeU82SHFTZEhKNlB3d3VIX0dMNG92bGdFV3M0WDZNSVhxUkE1LVNzaE9waE1TeEVCa011ZjVGOFBUNmt0cEZZSGpBdnQtc2R0UTQwWGpQck1lVkRJdUk4YjdXLWFKbDJLTG1RLTRKQ1d5YUdldm8?hl=en-US&gl=US&ceid=US%3Aen,Latest news from Azerbaijan,6 hours ago,🎯 Military Drones,https://news.google.com/api/attachments/CC8iK0NnNHhUVzFSWTJWek1FcG5MVWxuVFJDUUF4ai1CU2dLTWdZaE5ZYXUxUU0=-w200-h112-p-df-rw,2025-09-22T02:05:46.469082
Stealth Revolution: Lockheed’s New Vectis Drone Poised to Redefine Air Combat,https://news.google.com/read/CBMinAFBVV95cUxNQWFKa3Vxck9GWkRrQU9uYjlhY09McmxqSmVxVGlRNUFEbnhmTVM0RFRydHQ0eWdxR2ZUOXRoX1psUnpYRm1vdm4tdExOVndIa0t5Tjl1aTBONVV6UE9ZOE9xbkR4UUpiLUxtQzI0ZkZyckZ4MktGa1RyZVJCdVZkRjRJLWlVUDJsc0RBdEhXSXJ2UHVtd3JiUmVaY2Y?hl=en-US&gl=US&ceid=US%3Aen,ts2.tech,1 hour ago,🎯 Military Drones,https://news.google.com/api/attachments/CC8iK0NnNUhXVnBEY1dwTGVURnliUzFLVFJERUF4aW1CU2dLTWdZUmNaSndLUWc=-w200-h112-p-df-rw,2025-09-22T02:05:46.469084
Man Sentenced for Taking Drone Video of Guam Military Installation,https://news.google.com/read/CBMiuAFBVV95cUxNdFdvV19CWXVib21JaG05MExKcEJCZGpIRDE2WWY1dEZXVWhCRFVBNERoTHFCNjRYY1M3N1NZa1JSc0pfcVNkTlJ4elZtUWRVbzNNTUNOT1RXWm1KZ1BrMzJWQVZqRlBlZTd6eUc2azUxS2diVnUtdl9JczBHTVhVUS1pOFg3Z283cjNDWU5wR2tCbEdiQWV2dHl1X2xQdGRZVHBZX3F6cUxPODFLNUd2UExKUVR6RXY1?hl=en-US&gl=US&ceid=US%3Aen,The Presidential Prayer Team,18 hours ago,🎯 Military Drones,https://news.google.com/api/attachments/CC8iK0NnNW9jakZITm05Mk5HMUhTRk42VFJDdEF4akxCU2dLTWdhUkpaZ3BHZ2s=-w200-h112-p-df-rw,2025-09-22T02:05:46.469086
Best-in-Class Stealth Combat Drone: Lockheed Martin Reveals Vectis for Next-Gen Air Dominance,https://news.google.com/read/CBMingFBVV95cUxNaFhwaU5LeEpRRFpubERTOXQydWhVcDZzdW9oR1JUOGpUWlhEQWZzbnVkdWJOWlhMVlVkejJxYll6bms4Zmo1bTliY1drZ2Y2OG9nc2syaVZyT3RPal82QXNUaVBlVGxhREItWm5lTG5oR3k0al9HcDI4dzUybXNHZHVEVlJqTHdWQkszRmt4ejZGbmxhM2tTOGxLOEQ5dw?hl=en-US&gl=US&ceid=US%3Aen,Stock Titan,13 hours ago,🎯 Military Drones,https://news.google.com/api/attachments/CC8iJ0NnNDBUSEZYVEZNeFdWSnphMk5DVFJDcUJCaXFCQ2dLTWdPeGd4WQ=-w200-h112-p-df-rw,2025-09-22T02:05:46.469088
Ukraine says Russia's new jet-powered attack drone is full of foreign parts and immune to electronic warfare,https://news.google.com/read/CBMifEFVX3lxTE5tVjRUUzVJNG9yYW53Z1pGVUd0Rkw5ZW93c0xRNWt5Q3V6NW5TSVhPZGlwR25xMmY2cmIyMzR4dkQ0LWtGR2FYdXg5dUdaMjgycFV0ek5IUGxZc2N1WWFxcWl0d0JjQU1Rc2c3TTlBZURBMGZqTEEwc2gwS20?hl=en-US&gl=US&ceid=US%3Aen,AOL.com,8 hours ago,🎯 Military Drones,https://news.google.com/api/attachments/CC8iK0NnNDBYMWxVT0RFNU9UQnFSamhUVFJDckF4aUFCU2dLTWdhVlk0cXNxUVE=-w200-h112-p-df-rw,2025-09-22T02:05:46.469091
"A Polish Soldier, an Unusual Radar Dot and Then NATO Jets",https://news.google.com/read/CBMihAFBVV95cUxNZ3VhMFpGUWdrUHdUdmtiLXVGMTRQb0xiQjhwWW5ORVRlY1lmRWZNODJNZVRaMl9sMUxEeHFkeXVqTHljOC1NcDgyUmJrODYxYXBNcGozQkV3c3kzajkwemh2SUpWUnlCeGp6VlA2Q1BWUllRbUNNZWNQR3dUWENKTVhZb0k?hl=en-US&gl=US&ceid=US%3Aen,The New York Times,17 hours ago,🎯 Military Drones,https://news.google.com/api/attachments/CC8iJ0NnNHdUVTA1VFMwMFpHSmplSFpKVFJDUUF4allCQ2dLTWdNQndBbw=-w200-h112-p-df-rw,2025-09-22T02:05:46.469094
Libyan National Army Chinese surveilllance drones,https://news.google.com/read/CBMijwFBVV95cUxQQlNVZEFRb2hScmhXOC1KQWs3YXpoT0xiRWZLRFp4MTRrU2plQ29uMkRMelpaQ3kwYXhpcGViZnQtYlNJNkxPdUhabGk1NDBhYXZ4bmRrY3V2aDZlTVl0TGlGV1RPdW5NNnpNaVNCUjlKUzVnWE5PdHpVV01QN2NmbUZmQUNORk1KcGZXcEtPa9IBlwFBVV95cUxPclZCUDRjUWVMTS0zWTZNYXNJZG1ITWtPSGpTMFNRSldad1BGR2FZSWlzNU9OeWFwaU5pdXkyNEY3MjhnQkZ2Z0VsbHBFeHZkSFpselgzQ3JSMUQtYk45SFExdW9GTUY2Tm9HVFNUOTJBcGFiRUtrSy1HRWdFYlZQaWdJMnUxU0t1cElDbUxVVmwzSWN0bkFv?hl=en-US&gl=US&ceid=US%3Aen,Military Africa,14 hours ago,🎯 Military Drones,https://news.google.com/api/attachments/CC8iK0NnNU5XVEp3TUZndGVGbFFhVWRHVFJEYUF4aUhCU2dLTWdZQnNJajBQQVk=-w200-h112-p-df-rw,2025-09-22T02:05:46.469096
Skunk Works Unveils Vectis Air Combat Drone That Puts A Premium On Stealth,https://news.google.com/read/CBMinwFBVV95cUxQWW9NUG5tY195STl2UGJQWmNWcmVaVGNwOVhLTDV4a2FlUnQ3TTRFRnhsYzg4RHp1c2hNYmZkMUN0R0xIMUc2WXJtUmZDaU1ERWlaWklWcWs1TjhLVHU2MEw3MWpKTGZTQzNsTVNXbTJPRUtfdTktaXVCWWZ3aUdkYl96UXkzWUFmbUNWSjFvVXh5MkpES3lmSWZsSDUwWXc?hl=en-US&gl=US&ceid=US%3Aen,The War Zone,21 hours ago,⚔️ Combat Drones,https://news.google.com/api/attachments/CC8iK0NnNUVNVUZmWWxkc2FIbG9iVk5TVFJDZkF4ampCU2dLTWdhTmNaQU5yUVk=-w200-h112-p-df-rw,2025-09-22T02:05:46.469098
"Lockheed’s Skunk Works reveals Vectis stealth drone, eyeing first flight in 2027",https://news.google.com/read/CBMitgFBVV95cUxNbWZ5U3Z4QXhkbUhsNUtRUm4wTlQ3RXdNak5UaGtpbW4wVEpMMXp0NEFPd0hXQjBfLVdTNzl3c2hiVktyUGFIS2VnNlBJbVk4dVlWd2pScWlkVGZXY0tYRm5NMjM2U1FqZVp4SXlKaUV2NXNSZ1I5bGM2WVhmZGRhT2hYOTdKZXpWSnZ0UFVXMmlpaUpBQngzeWxla2xsSzlDNUxmRlRTNDVEa0NwUDRRZEJJWWJ0QQ?hl=en-US&gl=US&ceid=US%3Aen,Breaking Defense,21 hours ago,⚔️ Combat Drones,https://news.google.com/api/attachments/CC8iK0NnNU1OVEk0UkVoc1gwZ3lNekJuVFJDZkF4ampCU2dLTWdhTmNaQU5yUVk=-w200-h112-p-df-rw,2025-09-22T02:05:46.469099
Lockheed Martin unveils Vectis combat drone promising survivability and affordability [VIDEO],https://news.google.com/read/CBMivAFBVV95cUxObGFaQkFyeWRaT1JkQUpzN2Q5QlItRk1iVU5PSXRaQTNyelNQSERJTWlFcl9YdTZZYnF6bFpod1VRSHhLeWtlQ2NuOGJCWUlOeFI5NnNMTzZJYU9VM0l3ZEhNTmJpRmFVZlFyaGJxYmZBUnU2VVg5RmpfTHExcy0xWTkwaHZiODNORG1aYnprV0hrc0lxT1lKZUE1QlNnREx0NFNQVm1xNjNIY3JCYU01R3Z5bmh5TnNFMkkxUw?hl=en-US&gl=US&ceid=US%3Aen,Defence Industry Europe,9 hours ago,⚔️ Combat Drones,https://news.google.com/api/attachments/CC8iK0NnNU9ZbGR2WWtOQ1NraHdWMmxDVFJDZkF4ampCU2dLTWdZQlVJZ05MUVk=-w200-h112-p-df-rw,2025-09-22T02:05:46.469101
Lockheed Martin Vectis™: Best in CCA Class Survivability,https://news.google.com/read/CBMiogFBVV95cUxQbTBBRWIzS3F4SFFIdjQ0MWtzejNfSmVzNmxabzJWSGpETVZ5RHVVTkpkOE9OZzBrVF95NnpYRjdSOWxISUhGbUtaWVg0T3FxM0ppX0MzX0o2TjdqSldaYlI4Rm5wX1B6akRESGFnNm5qbkxXMVgzSE5fbHJIQVhPUS1ocFp6bUxST1dRYjNsb1FZMjhhWW51VFpnNUpNSDFvVEE?hl=en-US&gl=US&ceid=US%3Aen,Lockheed Martin,12 hours ago,⚔️ Combat Drones,https://news.google.com/api/attachments/CC8iK0NnNTRXbE41WlY4NFNITm9hemM0VFJDUkF4ajlCU2dLTWdhUlVZZ3NLUVk=-w200-h112-p-df-rw,2025-09-22T02:05:46.469103
"Lockheed's Skunk Works unveils Vectis, a stealthy drone wingman",https://news.google.com/read/CBMiekFVX3lxTE1PVGt2QUN4ZnUxYWlCNDJpd1Q3NWw2QUJEREtWcHMwV1lKWXJQRzhlSE52WXdMSUk0Ymc2b3g0WjltLUhuTDBFSHplYWhJRVVGZ2xxaW50R0x6Z0NfTjUwTWM4bVE2bG1hRzFMMHUtUE5uSTg2aENqS2t3?hl=en-US&gl=US&ceid=US%3Aen,Axios,21 hours ago,⚔️ Combat Drones,https://news.google.com/api/attachments/CC8iL0NnNU5ibmhWYkVaVU5XZHVMWGhpVFJDZkF4ampCU2dLTWdtTmNvcUh5dVJFS2dJ=-w200-h112-p-df-rw,2025-09-22T02:05:46.469104
3 dead and 16 wounded: consequences of unknown drone attack in Crimea,https://news.google.com/read/CBMikwFBVV95cUxOUDNqMXk3MmJWMXJQRVVvYnZISWl2LXFqTGRhNnJBNFZ4SU1pS0FVOFdrNzZJdWNWRzF4R1NDWkhyejhTRUtNck9ZaGNramlrZU5zNWlUaHFRU0dJT0wtRFFmaldqdUhmanRGZ00tVVBBLXk5eDc1VUdmeXRtTmJiNER0ZmplUlJQS0FaMzFGcnBuZGfSAZMBQVVfeXFMTlAzajF5NzJiVjFyUEVVb2J2SElpdi1xakxkYTZyQTRWeElNaUtBVThXazc2SXVjVkcxeEdTQ1pIcno4U0VLTXJPWWhja2ppa2VOczVpVGhxUVNHSU9MLURRZmpXanVIZmp0RmdNLVVQQS15OXg3NVVHZnl0bU5iYjREdGZqZVJSUEtBWjMxRnJwbmRn?hl=en-US&gl=US&ceid=US%3Aen,Українські Національні Новини,4 hours ago,⚔️ Combat Drones,https://news.google.com/api/attachments/CC8iL0NnNXNSelpWV1hKNlprSlJhVFF5VFJDVkF4alFCU2dLTWdrVllJakxLV2c5VVFF=-w200-h112-p-df-rw,2025-09-22T02:05:46.469106
"Israeli drone strikes kill five, including children, in southern Lebanon",https://news.google.com/read/CBMiygFBVV95cUxNSzNGZnA2M3kzWHRSUDYxRFNvb05BVlVxVUFKM3VGc3VHb2tBdmhrMWF1cWQxNGg5N2ZpWjNKb1NHa2dGb2hoNVVoSXZKZmJkWUNPVmhCdWpGU1hUS3A3d19iMW1uWU1PSTVZV3JqY25iTzFkNHpCd0xyd1B1cmR5NG1EZ2ZHbklpaF9SeDg5Z3BacVowVHQ1RTc1b2lIWjNNa05SbnpxX2NEZ2ZGWXVaNHhJa2Y0ZUVNV1A5TjZPalRmdE1vM29ZVXZ3?hl=en-US&gl=US&ceid=US%3Aen,Reuters,7 hours ago,⚔️ Drone Warfare,https://news.google.com/api/attachments/CC8iK0NnNTROMGRKWW5wb1RXTlBkMGRtVFJERUF4aW1CU2dLTWdZQk1Jb3V2UVk=-w200-h112-p-df-rw,2025-09-22T02:05:46.469108
"Lebanon reports Israeli drone strikes kill 5, including children",https://news.google.com/read/CBMiVkFVX3lxTE9tVk9hVnhSRVdUOGVfZHNPaWl1N2RnZlpYbFUwTFRjZGRUcWlfa1NNeVZkS215SUh4ZmNnQjlMRzNsRnkxT1hHYWJFNnpSRGtRRHM3a1RB?hl=en-US&gl=US&ceid=US%3Aen,Ynetnews,6 hours ago,⚔️ Drone Warfare,https://news.google.com/api/attachments/CC8iI0NnNXVWMDlwZGt0algyRlZUSGR2VFJDVUFoanFBeWdLTWdB=-w200-h112-p-df-rw,2025-09-22T02:05:46.469110
How Drone Warfare Is Breaking Moscow,https://news.google.com/read/CBMiTkFVX3lxTE5RSmtzdnJxRDdqbVFwR2V1Q0R5QXdybC1jOFlmU1NKZVg0eUZJeWZEcFZTbWJGU05zZVRoM2M5c0djZFRKLU91NXZmbTRydw?hl=en-US&gl=US&ceid=US%3Aen,Kyiv Post,16 hours ago,⚔️ Drone Warfare,"https://encrypted-tbn3.gstatic.com/faviconV2?url=https://www.kyivpost.com&client=NEWS_360&size=96&type=FAVICON&fallback_opts=TYPE,SIZE,URL",2025-09-22T02:05:46.469111
US children among five killed in Israeli drone strike on southern Lebanon,https://news.google.com/read/CBMitAFBVV95cUxPd3dHeHJoUTJXc2d1ay15TjlvYUF4WUVMWVRqMzd3Y3lUWTBVVGdNYjR3aDBGd21Dbmh3SG1Ba21TYXViX3dZbUJGYno1WlBseFRGa2NfdXRia2sxYUtZOS1GSDRkUTZRX3RlVU56aTFTQzBEV191VVlMM2hUMU9BT3VIT3YyQjd0dm9YRjA1YWhkbjRFTkVfclJlYTl1djF2WnljV0NwQjJSY1FzeGdqU0VWM1bSAboBQVVfeXFMUEx6VTBRb3FEWVczbUtyYzlsS2JHNWRYaHRZN1h4YlQ3MmxMaU5yM0ludFhPb2VzM0JSdTE5eGF2VVRkTXc1WDEza3hJLUtwUXJobkJfOGtNdUk4cm9waEVuY2pxNTlSbGpCMDlLckhiNW5tdjZlMGFWRURMYjN5ZHZHdDFOYU53Z2NfVndYTFFheVhNR3d5dzdXMVE3VG02MzR4WTlIS19OZW1XRXBjYWI5clNiMlkyODRR?hl=en-US&gl=US&ceid=US%3Aen,Al Jazeera,5 hours ago,⚔️ Drone Warfare,https://news.google.com/api/attachments/CC8iI0NnNUpaa0Z0VEU5R1gxVTBhVEJMVFJEZ0F4aUFCU2dLTWdB=-w200-h112-p-df-rw,2025-09-22T02:05:46.469113
"Israeli drone strike kills 5 people, including 3 children, in southern Lebanon, health officials say",https://news.google.com/read/CBMi0gFBVV95cUxNelFEdDFxZHlOZzVvTGdoLWF3NzlpYW5uYmlNTlBTSk0yZzN3X2xCS2xnTWsySURxbVlrTFlPXzdNaTNfdW5INHVOcFhNdEJ5a3cwclM0VVFxTDBxZlZtOHR5XzdRREtYZjE3LVplWUx6Y3dKb1hVMkxIOWo1dWthNm9iUE83OXBEZVYwUDY1S2NzdVg3akUzV3ZOUHVVXy0yNGh4ZzNKU0Mtd0djaklkZEpyZ2l1V01aWXJVdldmZGp1bEdrRVl3eHVCZjJBTy14NVHSAdIBQVVfeXFMTXpRRHQxcWR5Tmc1b0xnaC1hdzc5aWFubmJpTU5QU0pNMmczd19sQktsZ01rMklEcW1Za0xZT183TWkzX3VuSDR1TnBYTXRCeWt3MHJTNFVRcUwwcWZWbTh0eV83UURLWGYxNy1aZVlMemN3Sm9YVTJMSDlqNXVrYTZvYlBPNzlwRGVWMFA2NUtjc3VYN2pFM1d2TlB1VV8tMjRoeGczSlNDLXdHY2pJZGRKcmdpdVdNWllyVXZXZmRqdWxHa0VZd3h1QmYyQU8teDVR?hl=en-US&gl=US&ceid=US%3Aen,PBS,5 hours ago,⚔️ Drone Warfare,https://news.google.com/api/attachments/CC8iJ0NnNWtkR3Q0TW10VmJXTjFkSGg2VFJERUF4aW1CU2dLTWdNZG9CSQ=-w200-h112-p-df-rw,2025-09-22T02:05:46.469115
Fire erupts at electrical substation in Russia's Krasnodar Krai after reported drone attack,https://news.google.com/read/CBMiuwFBVV95cUxPRkF4LWJYd0NEQ1ZMd0gxUDctdTBJZmxybEtDLXNNeFJMQnF5c0ZHdktYQnZmOG04V3BLUFRzRWdaRXVTazJuMnZvWGJvYWJ6QU51eGVRTnk5NUJnVmNxSmtTN0E4dDVsU3FyMnZUbWdIMHF0RHZwNGZ3dldSUnhqT2Z1SEdscE5WeUlaSWo0dGI2b3kzTFZWNDBNU25DV3VTRTB5MGtTQUZnN1l5Qjdja1hSSm0xZGQtWXRB?hl=en-US&gl=US&ceid=US%3Aen,The Kyiv Independent,1 hour ago,⚔️ Drone Warfare,https://news.google.com/api/attachments/CC8iK0NnNHRlbXhaUVVoSllXZFBNVkY2VFJEMUFoaUlCU2dLTWdhQlVJclVvQVE=-w200-h112-p-df-rw,2025-09-22T02:05:46.469116
Drone warfare in BSF syllabus: What training covers; why UAVs matter,https://news.google.com/read/CBMizwFBVV95cUxOOEZ5RjhqMFdiSkcxUnh3Rm5iQ3hEb3h4NWZrdHZwSExYSWM0SGVqQV91NDRpdTY0ZExqYmVMRVNHQ3Z0dW9zLUo2MkhvcURRd3hLUDZGUE5sU0EyUzl4NTR0Z0hhRmhDbFgxZTFTSlFCdUJOZVRhNTZFWGRIblkzcGhGUGdmVU1BM1BwYmNuakxLSklJYWowSGV4X3RLU1pucTUwYW9qQ19SQndrdDZQcDhZeWVCc2ZxUDlaVE04d0dJQ0hHRl9uVUFqanFUSjjSAdQBQVVfeXFMTlVOVnhjRlhRUEdKZnM1czZaYmhPSC1vZ3U5MjdQRVdHenAxVGJUUXA5UHNzYU5IZkU0Ry1ueUV1UXFkb05JcjhxTUZFMFN1QjRaQTFqMEhCMm9HOVpxSmxsLU1wbGd2dDVUSGVxTE5YWXdGOG1DQWU2SzB1TlA4a3N6MzF3bmlyRTRRbzNzNUQ0Q3Y5WDBMZGNMdXNzeVVJNGVXb2p2dTZPSlJCbTFGYUQycEtaTWNGLXhPbW02NEt5Qk9lc2dPZEZyWWp0WEV6MGRsZVA?hl=en-US&gl=US&ceid=US%3Aen,Times of India,16 hours ago,⚔️ Drone Warfare,https://news.google.com/api/attachments/CC8iJ0NnNTFiM1JMY0VoalkxVldjbGhoVFJDZkF4ampCU2dLTWdNQmdBdw=-w200-h112-p-df-rw,2025-09-22T02:05:46.469118
"In post-Sindoor push, 1st batch of BSF ‘drone commandos’ soon",https://news.google.com/read/CBMirAFBVV95cUxNMWFzRUFnU2xxQ2Rva2hYQWdRUHY0ZVR2Sk41S1lPYThONHkyR2pDQUV0RHZNSW1pMHloNUV0MmVjNDZSdWszT2JpWlR0blVBaTR0MUxuajhDMlV3Ml9BREZQWGRMTWRQWWZpTmRqS2VVVkQycU40bUE2N3lkcHg3QlVVeWxOSFBtdVNFa0VpSnFpOUlUMzlRaFEySTB6Zk81NXJXdnhyWmdUdzFw0gGzAUFVX3lxTE1Ec205RXZDRmVMVGpELXRzUWx2TFJjVXM3ckQ1QURtQzJGMXROeXJ0Ukx1ZURSQThpbEs4bzFUZUlJVmc5TWtZUlBQM0d3YXFqeXZJWFV1MG1VN3BHY1NjRFRTWDN3V05XLTZLMTVYRG5fZWQyT29uNHpXVE5WNGhSbTF6TS0yR3FDeTUtRExuN2tJUk94M2hONUUyOXJjMnhUZ25uOVR5d2I2T0VIZW5OTWVF?hl=en-US&gl=US&ceid=US%3Aen,The Indian Express,2 hours ago,⚔️ Drone Warfare,https://news.google.com/api/attachments/CC8iK0NnNHlaVGhwWm1SWk5sSllhSEF3VFJDZkF4ampCU2dLTWdhUng0cG5RZ1U=-w200-h112-p-df-rw,2025-09-22T02:05:46.469120
"Drone strikes hit power plant, arms factory, refinery near Sudan capital",https://news.google.com/read/CBMi0gJBVV95cUxPMHRCd3NvQUFlS090dXJZMFVvT29MNm5XQmFWMzhkSU1SY29VN0JDUk5ObGZXcmFEQ0FNSEk5X0gxektXa1JPN2J0TVF0alpFaG5lV21rSlMtSl9qSjdFTXBFQXF5ZnZHdVdpbHFpNHhtY1I4dldDRy1ZUGpxaENaUWl5cUVjaWs4TEw1NGNpUlVaYlpOSnJibkhLc1B3ZTVIR3FCUl9NT3hDNEJLLUNIQXprY3lDWU5qa1gzRlVoVktVcWZrRWFvemJ6UEhBNEFUWWNaalZZMUFVWTE2S01ydWN2TFZzd3l6WE5rZC1ENzgwbk5fX3RfWVNyYzAyTnRDZmg0blFYZ2JRUkE4b01KMFR0aWlPbDNjejVpNVpIZXdXbG9CNzdxNHkwcDVSamMzQzMwXzRvVmJWTHZ6SjRlcEVGQTBhWFR5ZWEyOFBIX1R2QQ?hl=en-US&gl=US&ceid=US%3Aen,MSN,2 hours ago,⚔️ Drone Warfare,https://news.google.com/api/attachments/CC8iL0NnNVhObFZSTlRRM1pXRklhWE0xVFJDMkF4aTlCU2dLTWdrZEVJYnlFR3BjVWdF=-w200-h112-p-df-rw,2025-09-22T02:05:46.469122
"Russian forces attack Poltava region with drones, fire breaks out at industrial facility",https://news.google.com/read/CBMi0wFBVV95cUxPN0VkSGFJSFZWSmJ0TmVuOGlTb0ltSlRlcWNnN3ZrbjdfQ0ZMc2w5QXdKN0NQUkozVS1sNXNzOVB2MTA2QmJwVnlrM1hkZmlWREM3cUx2bTNMNW9GVmhkdU9UWEI1U193UGoyd3ZnRFFJajFmd2JLNWdrZWdHbVZUNHplYjBmVEszVXlNX29QaXhTZmlxOWVpRmEwWDlYNV8xRXNWc2Rsek9JLVBnWkVuVWFGZ3ktQUFlaDdUdEFXUjNRZ09PVVF2VHJPSHNnMXJxZno40gHYAUFVX3lxTE4xZDVrVVNxNTVIaUc0QkczRGY2QXFvbW1wU1RQWkE3Nm4wMGRRdnZzUTlibjlUQUtCekZ5SEJSMGYzdkF0YUoya2l0UV95YnJNSm9PS19zbTltVlhGRWlCX3NWWVRJRjJrczM4YTFLTDJSQkxJeHA4V0FZbTRpVHZNNEVjUXZVb1oyOXJxM1AtSmdMMDZ5SU53M2xzTE1aTzlvLUJXdDE4ZHh3VVVyYkZlYVRSWWtldEI2R0oyWXZyZHhIY2ppSmUzYWxoTTJiT2ZxOHB5NmZ3LQ?hl=en-US&gl=US&ceid=US%3Aen,Ukrinform,5 hours ago,⚔️ Drone Warfare,https://news.google.com/api/attachments/CC8iK0NnNXdObUY2WjJkQk1tRTFUaTFuVFJEb0FoajJCQ2dLTWdZbEpvSU1sZ2c=-w200-h112-p-df-rw,2025-09-22T02:05:46.469124
IDF investigating after strike on Hezbollah operative also kills 4 Lebanese civilians,https://news.google.com/read/CBMitwFBVV95cUxPLVdGQWhLdlVTQnBzT3YzVFQ2MFFZNEhheWt4Uk92RF91bjNxX3lFcW55cmdhb09MbFlhcG1Tekk4UVl1VFJWbHpPOXo5SkJ5aXBMaV9MbVZNVm9wMy1ESDE3SjVMSC0xY0JHYkszWFVnVHE2MjZidXpWSnFrVXlLa0lza2J2NTg1MjFGdC02Rmw1bENPWnN4ZWJ1MUpYelE5eGZ4bkNteDNSQVB6am1nNkFDdkNPME3SAbwBQVVfeXFMTWQ1S3Etc3RFQzVDQm5XeDdISWgyWDhQWTI2WENSOU9Wd21kazI4dEJDVWttaGc1YWd5RHFSS1FuelJwUlRObVk0MXhtR19uM3Bxc1ZZRUVZWmpYWWxXLWpnXzdLTUpyWTQ1cENuVFdFVDdSVlA3bmpQajUxTlBPU1lKYV9ZaENMRUMxWmRtV2luUEtmdjJQZ0F4TjA2a2M2bVprVHNnRGUyT3pBYXg4elF0ZUIyc3l3bkdHeWs?hl=en-US&gl=US&ceid=US%3Aen,The Times of Israel,5 hours ago,💥 Drone Strikes,https://news.google.com/api/attachments/CC8iL0NnNVNla2R2T1ZFMVdWcHhlVWROVFJDMkF4aThCU2dLTWdrUklJS0gwbUlXZHdB=-w200-h112-p-df-rw,2025-09-22T02:05:46.469125
Israeli drone strike in Lebanon 'kills five people including three children',https://news.google.com/read/CBMirwFBVV95cUxPNTFhUTQ2T3ZaRG9CVlJZSHhvSTNjWVM4bTJNQ0RwVndNcHM0b21BSWhRRWJhTjJQVXB6WDJKUjBxNFFFVnBZX3EzbEtBZlQ5bUFBd3pQOHc4eDc5OHNMc1FXUXJmZ05vRS1xN0d5OEpBNktqRVIzZFFOWkY5U1hZczQ2dVBQUl9TNElubU9hNmg1a1hhOWR1M0lmUk5EYWNlUGtIUDAxbDFrZk9Oc0dZ?hl=en-US&gl=US&ceid=US%3Aen,Sky News,3 hours ago,💥 Drone Strikes,https://news.google.com/api/attachments/CC8iI0NnNTVVMGQ2UTNGWFowNUZSSEY1VFJDZkF4ampCU2dLTWdB=-w200-h112-p-df-rw,2025-09-22T02:05:46.469127
"Israeli drone strike kills 5, including 3 children, in southern Lebanon",https://news.google.com/read/CBMi_gFBVV95cUxPZWlrZU53eDFFN3Y0eXFnWDlqMWVVM3J0Z0gtU3NTZmQwV1dPT0Q5U1JBYkxJcjFCMV9FV0QzdTR2N0QxRzlDQm5vMHN5T3lWa1RKZGRUU0o4eURQVmcwX1JHZGFhX3RVb1BxNS1wY294Nzh5aGRlTlB1OERyMmd1bWtrekpscHM0bVlHMVZtRlBWWFNBOHpoOXhfeFNGS3BUOGFrOVFhQW42SmdhSFVEdGdMRnNmcUluaG13N0VvX3R5S1hxdGdVczJPTENLTGdDSGxXbXVTc09zTUFMRFcyWFllNXdUbWVhbEh6MV9wM3JrU3l5WU1VeU1TcnBjdw?hl=en-US&gl=US&ceid=US%3Aen,The Sun Chronicle,4 hours ago,💥 Drone Strikes,https://news.google.com/api/attachments/CC8iK0NnNTZlVEZ0WW5WYVJUUlNhWFpJVFJEQ0F4aXFCU2dLTWdZbEVZNlBHQW8=-w200-h112-p-df-rw,2025-09-22T02:05:46.469129
Ukrainian and Russian attacks kill 3 civilians as Zelenskyy prepares to meet Trump,https://news.google.com/read/CBMiugFBVV95cUxPalF0ZXZSaTIyeFdzaW1WT1BtUHh2MF9ORVZnZU1FOWlUQTZiRDE3SXhleVVhMzlFaTBVSHlHaTFNektTSWl5Z3Z4Y21iY25NdHZQRnc0RnY5c3l4cmQ2WXhGMC1xUkJGMy1EOUJybzcwYmpGQTBWcHBacXpCb21kcGpJY2ZQaTB1MkV6bkxwSW1JVC05djZGeW1kYUZtcDMwdHVaT05hVW9hUFg5S1dUMWhabVRUZlpwZFHSAb8BQVVfeXFMTS1XYm9OUk1kWDVDcjRoVUpjU0lnNTBoeWplYzZXekoyRnh4ekRuWEFGdVcxRVlPMFZQbVItRlNFR1B3UGZEQWxWTW1ZLUhLSmh2eC1rdU1IRzQ1Q2ZRb1B2cHQxTlF4WTdqLVBQOTN0cUQ1bE5FSlZRZ2lKNm1fT0xtSEdndTVqeTBwa19ZWHo1NVMxaDQtSksxOE5BMUNveG1DN3JpcHVRRUpxNWhUcWExYjZVYUxPSmRGOXhJZ2M?hl=en-US&gl=US&ceid=US%3Aen,"ABC News - Breaking News, Latest News and Videos",7 hours ago,💥 Drone Strikes,https://news.google.com/api/attachments/CC8iI0NnNXNZMUJzU0hSSVRXdFdTWGhSVFJDZkF4ampCU2dLTWdB=-w200-h112-p-df-rw,2025-09-22T02:05:46.469131
"Israeli drone strike kills three children and their father in Bint Jbeil, southern Lebanon",https://news.google.com/read/CBMiowFBVV95cUxOZk9CTjZaTDZScHNkRjlBLW1faVlaQzg4djhJeUNqcDJYR2hGY1U2bkZyaTgtc1RBdktobW54LTQ5d2hoSHJDODNuYTNXVzVySi0tekNNZlV4TFVmeUZkNlFSTFJDMHd0NTFnanlnX0ZDUU5id2VpVzRqRnZoQTByWEZ2TV9fdms2VDR4WUJTWVpVWXd2NU5LNXpvXzdWSFhqa1F3?hl=en-US&gl=US&ceid=US%3Aen,Tehran Times,6 hours ago,💥 Drone Strikes,https://news.google.com/api/attachments/CC8iL0NnNVNlRk10TVMxdlNGbHlPWGRsVFJDcUJCaXFCQ2dLTWdtWklKckpHR3FDUkFN=-w200-h112-p-df-rw,2025-09-22T02:05:46.469133
"Israeli drone strike kills five, including three children, in southern Lebanon, ministry says",https://news.google.com/read/CBMiWEFVX3lxTE93QkExYVgySERfU2RfQllldUFlNXFhbnkzdmxJeWc2QU5sa1lzZWhqRHlPUzhFUXQ0SE9UWS00cVZxcUR5dkY3UjMwUTUzMllIQlFFa2ZXN18?hl=en-US&gl=US&ceid=US%3Aen,TRT World,7 hours ago,💥 Drone Strikes,https://news.google.com/api/attachments/CC8iI0NnNVZabk5sUzJGdU1uQXdiRUZpVFJDM0FSaVRBaWdCTWdB=-w200-h112-p-df-rw,2025-09-22T02:05:46.469134
US firm developing stealthy autonomous drone that can conduct precision strike,https://news.google.com/read/CBMimAFBVV95cUxOZEItY2ROcVYtWEM3U2NzODRITERqTkpiYXJ6YXVfZlg1N0x5QkN5dWdJRGRGU2pKclk0RjVTWVFzOElkaUdpSTNXTkR4dFVGd3ZNdzlHMmlnMTlWV1dSX1phV2drckM5TXRJWW1yd0pEekRZVzBlTTNKZjVOOGhXcnBUYzZ2S0tlcnJDVUl2S1NsR2FTWHAtQg?hl=en-US&gl=US&ceid=US%3Aen,Interesting Engineering,3 hours ago,🛩️ Military UAV,https://news.google.com/api/attachments/CC8iK0NnNWxNV2RqU1doMlRWUXhjM2szVFJDZkF4ampCU2dLTWdZQllJZ05MUVk=-w200-h112-p-df-rw,2025-09-22T02:05:46.469136
Kratos Defense (KTOS): Evaluating Valuation After Mighty Hornet IV UAV Unveiling and Global Market Expansion,https://news.google.com/read/CBMi8wFBVV95cUxNcThXNGZfYy01NWRtTEpLUlV2R1ZXZzd5cjFTOU1ZaDdhR0lFWjY2LVBoQ18tdnFEc2ZPdjJiUEZ6T21mZWIwS3kxWU43eTdNNFBkUlpCd0FHMGVCaF9iLU5rdC1NT2FsN0tLQnZYM01IN3poeE52aUhEVE5lWkpjRmJIVkFvT0Jyc25GUThRY1NOZUpJX2ZYN0VkQ24wMFBRSXAxcFcwcDVaZ19lV2cwdTVYWWMxRTk1aG5LTmhTeFJSUWJSb3ZXZGdPWnRSSFNFMFRaend3TVAwRVU5T0FZTEszYXNkMlMtSWtBbWN5NUdmdWPSAfMBQVVfeXFMTXE4VzRmX2MtNTVkbUxKS1JVdkdWV2c3eXIxUzlNWWg3YUdJRVo2Ni1QaENfLXZxRHNmT3YyYlBGek9tZmViMEt5MVlON3k3TTRQZFJaQndBRzBlQmhfYi1Oa3QtTU9hbDdLS0J2WDNNSDd6aHhOdmlIRFROZVpKY0ZiSFZBb09CcnNuRlE4UWNTTmVKSV9mWDdFZENuMDBQUUlwMXBXMHA1WmdfZVdnMHU1WFljMUU5NWhuS05oU3hSUlFiUm92V2RnT1p0UkhTRTBUWnp3d01QMEVVOU9BWUxLM2FzZDJTLUlrQW1jeTVHZnVj?hl=en-US&gl=US&ceid=US%3Aen,simplywall.st,8 hours ago,🛩️ Military UAV,https://news.google.com/api/attachments/CC8iK0NnNUlNM3BSU1ZkbVNrbDFZVXhqVFJETkFoaVpCeWdLTWdZQndJZ0hTUVU=-w200-h112-p-df-rw,2025-09-22T02:05:46.469138
RQ-180 Look-Alike? New Chinese Stealth Drone Breaks Cover,https://news.google.com/read/CBMimAFBVV95cUxPT2p5aElSWnFzTGR6NW92VElWTXBLMllLX3kyUndjZUdTRmdrRFhma0NkS25pZVRNdVBvVUQycGNWSWdJSXk3dlU1VjNhTXpxcnBrcVZxWmlGbXN5N3RjOGlVR2w5SGNwOW8yM1pUV1Q0OUQyN0dDdWxYcGFlX1hOTmw1NUU4SDZ3VjhVQjlHa3d2S2RIZUxCWA?hl=en-US&gl=US&ceid=US%3Aen,National Security Journal,11 hours ago,🛩️ Military UAV,https://news.google.com/api/attachments/CC8iK0NnNTNZVGRKTVZBNFkzcHBUVFZTVFJDZkF4ampCU2dLTWdZQkFJUnFHUVk=-w200-h112-p-df-rw,2025-09-22T02:05:46.469140
Maxar and AIDC advance Taiwan UAV sector with GPS-jamming resilience software,https://news.google.com/read/CBMiuwFBVV95cUxQZ1RzYmpZOUl6OFJKNGRHaE5xVGtoMi03Z28wcnNTNEctYXVYRnMyNG9ZSlh5Zl9EcDZJU05Sc3FBaVFxSjNMb243NXZzRG5jYm9mSHpLLXktWnloWXhWeGNwWnYxcVZpZFJuc3p1TzB1T2s2d1dBOFIyUE9PTGY5UG9zVkQtWXR0Nmk0Y2hRMzRTR2xaSlh3bTE3RXl5S3NoZ25qOXFPaFFHc2RfdEJCbTNhdXhpcTlTUVlV?hl=en-US&gl=US&ceid=US%3Aen,Space War News,11 hours ago,🛩️ Military UAV,https://news.google.com/api/attachments/CC8iK0NnNWpjVWROY2t4MVF6STFMV1pGVFJENkFSaXNBaWdLTWdhQklZREU0UUU=-w200-h112-p-df-rw,2025-09-22T02:05:46.469142
Enemy drones attacked Poltava region: fire at an enterprise and UAV crash in a field,https://news.google.com/read/CBMiqAFBVV95cUxNNm96c3F2dXdzNmlhemt0NWRUVE1DUHQxaHJkNkFpMmJyTEpIbUtiaHUwcXJBY3hTY3hLazhLNWtjODRpNlc3eXppakQteWJzMTZNRzdCZjU3Zi01WU1mclpkaFV1ZW41RVVJdDRvRUh4aUZmT3FrV3p0U3djRjlTcEliazR6X1QyYlVJdlUyRjRWZTRuOVFNbllXc1BWZEhkX0tySmZqd0bSAagBQVVfeXFMTTZvenNxdnV3czZpYXprdDVkVFRNQ1B0MWhyZDZBaTJickxKSG1LYmh1MHFyQWN4U2N4S2s4SzVrYzg0aTZXN3l6aWpELXliczE2TUc3QmY1N2YtNVlNZnJaZGhVdWVuNUVVSXQ0b0VIeGlGZk9xa1d6dFN3Y0Y5U3BJYms0el9UMmJVSXZVMkY0VmU0bjlRTW5ZV3NQVmRIZF9LckpmandG?hl=en-US&gl=US&ceid=US%3Aen,Українські Національні Новини,2 hours ago,🛩️ Military UAV,"https://encrypted-tbn3.gstatic.com/faviconV2?url=https://unn.ua&client=NEWS_360&size=96&type=FAVICON&fallback_opts=TYPE,SIZE,URL",2025-09-22T02:05:46.469143
NATO Faces Costly Struggle Against Cheap Drone Threats,https://news.google.com/read/CBMimgFBVV95cUxNcXMxVEZtMGZsbTEyalU4Tkl1VGhTOFp4TV9Ib2l5eDlYMlBaSF9TNEJoRGlVV2NyOGNiOHZjc3RfZ2lCd0kwRUhGbXp3TExoeWZraDZRU3FMM3pTQVhpekoyN2RUWlpiV1EyWTR6dHNiMEVOREQ4d1dyVUlCNk5fTE4yNDBHSWxrdGhTTkVGbXNOMFBlVUdYNmVR0gGeAUFVX3lxTE1TTl9IaTF6V1NJRkF1Z1RuRHdrSlJobmFJZ2NZYkhzYWFHbTItYS14VHVzeGNwR1FyZUo4anVDZlNNRXZ1V2loelRJWnlMVFNaSDNvSFdxOVhnWG84dXpsWUZLRXlBM25Ib01qa0htMkdhaTd6VDJkZ1ZUOEttR0poU3VzeHNuY081VTZrdWlvd2ZQbUY1b0pPMHJRUnpn?hl=en-US&gl=US&ceid=US%3Aen,Военное дело,13 hours ago,🛩️ Military UAV,https://news.google.com/api/attachments/CC8iK0NnNURiek5LVUhZdGVXMXlNbTUyVFJDZkF4ampCU2dLTWdZTmdwUkxOUWM=-w200-h112-p-df-rw,2025-09-22T02:05:46.469145
Can NATO innovate fast enough to counter Russia’s growing drone threat?,https://news.google.com/read/CBMidkFVX3lxTE1ESG1MZHZDbFlmRUNiMlZuejV2N3BIaEVzRWhkS1NDa1dzM1V2UzB0SUl5bGhPM3A0b204clJfYzIzWkRycEdVWWVsR3BOZlVvbzgwaWdqSUJLSzRDU0M4ZzFEeWtvVjJHR2JlSnFLMEN4aWNndnc?hl=en-US&gl=US&ceid=US%3Aen,CNN,22 hours ago,🛩️ Military UAV,https://news.google.com/api/attachments/CC8iK0NnNDRjV2hVY1Rsc2FIZEZNalZNVFJERUF4aW1CU2dLTWdZQndJckYwZ1E=-w200-h112-p-df-rw,2025-09-22T02:05:46.469147
Mushroom pickers find debris of 3 more suspected russian drones in Poland,https://news.google.com/read/CBMirwFBVV95cUxQYnRPSFY2UnBKVU1VUDktcjUzVHZHSXRUX3RzakNpU081SFhWVFJwMDdhUVg5OW95dmEtbFhoSUo2ZzFhYWMtS2pYN2Z1V2pTdldqMmpSRkE2RUl2LU1sQ0dWeF8zbnk0cjY5UmpPZWotSEdRWno3c1BhN01mVG56UTJxQUw1V1FuWlAwWTE2NEViUVZMUFRYUllxWnVWUGJnOUZQNUtfVURMRWRnRmhR0gG0AUFVX3lxTE5yQ2p0Z3hEYWhfbUViUmx6WVFZZFpmR0xvVTJUV3lxckF0dlY0dGRWZnlWR3VwTy1OaTVFeFkwNWs5VS1fWmlDUDJKSkc4a3doLURGWmtlNmVBSmJCT1d2Z2RWSWhaQXVBSnExQU11ek5CdFRkVzJrTnR6RWJ2UnpZOWVKMkZ1ZmFXV2JfSVVwd3ZsTXlPcFVGOUQ0Rk1nMGg1eW01T2s3U3NnWG4xakNwcldCUg?hl=en-US&gl=US&ceid=US%3Aen,ukranews.com,5 hours ago,🛩️ Military UAV,https://news.google.com/api/attachments/CC8iK0NnNXZWemRqVkhsR1FsbFVTVGhWVFJDZUF4amxCU2dLTWdZZGRwQXJ0Z1k=-w200-h112-p-df-rw,2025-09-22T02:05:46.469149
NATO Countries Conduct Dynamic Messenger Exercise with 260 Drones,https://news.google.com/read/CBMingFBVV95cUxOMUlYNF9aTHNPSkpFZ0JTb0hVQ2J3TUpDTFR5OU8zR21oU1hxU2ttUWc0VU1USWtRalpIdjlTdUdiRFZjSVhqQl85STlEREgzTkVIVFhjX3pCRzlwVWtOT1RJTDhEWUVhdlBfSGpBcnN5TEY1V05yOThRanFSTzJhbHZKWGFBcHR1QzEtam01NlpQSTMzbzdDM0tDUHF4dw?hl=en-US&gl=US&ceid=US%3Aen,Мілітарний,18 hours ago,🛩️ Military UAV,https://news.google.com/api/attachments/CC8iK0NnNWlZMjVzVGtscGRYVnJkVGRIVFJERUF4aW1CU2dLTWdZZEZZd05GZ2s=-w200-h112-p-df-rw,2025-09-22T02:05:46.469150
Drone unit takes policing into future,https://news.google.com/read/CBMilAFBVV95cUxPRmVVQkxlM3htQlZtdlRGSlhVcEd3RzBwZ2hieXdsUkJNWjBnWTJVbDRfUUc3eUU3b3RtQTh3dllPdWdlWlVmM1Z4SWd3ZXJRYmJoM1ExVVpHU2hVYVFpQk1xekZ6NTNaOTQ4N1FHdHN1aGx0X2k3LWtCel9zbFdQOUUzOGljeFhrYng0US1pRlR2UW1K?hl=en-US&gl=US&ceid=US%3Aen,bangkokpost.com,8 hours ago,🎯 Tactical Drones,https://news.google.com/api/attachments/CC8iI0NnNTVka2hxUldVMlpqTlFTV0ZxVFJDM0FSaVRBaWdCTWdB=-w200-h112-p-df-rw,2025-09-22T02:05:46.469152
N.K. leader attends parliamentary session,https://news.google.com/read/CBMicEFVX3lxTFBhaEE2N1JIdTJIVS1DUjd4Um5tc19CN0JJd2JBTGhNRm90NFpWTlh1X2cyMW5JYzhVMGJWVmlrTWZtZlhRTklRNGpTaE9pcU50YUM5cVhQekhKTmZQMTlMcVNVY1ZlNWdFajhEdndOLXg?hl=en-US&gl=US&ceid=US%3Aen,Yonhap News Agency,3 hours ago,🎯 Tactical Drones,https://news.google.com/api/attachments/CC8iK0NnNUljV2hGTFZsQk5FMWZWRzl1VFJEWEJCanpBeWdLTWdZaGhaVE5zUWM=-w200-h112-p-df-rw,2025-09-22T02:05:46.469154
"BSF adds drone warfare to training, commissions innovation centre",https://news.google.com/read/CBMilgFBVV95cUxQSHpNb3l6UHRYZmVvSnNCYTJ0Qm5rYzVMWlphR3ViUm95QlFyTnI1anRNT1VaYXBkcGVSTF93eGhUcFJ1aVpKNlVkZnpFb3luV2pWbDZQVEktZXF6dXBZanQybHRLY01LdHdUUzMwd2VOa2pQUFE0eWlKa0Robk03M1htbVJfSGtsV2dEaDBhaWZ0ZkZmdWc?hl=en-US&gl=US&ceid=US%3Aen,Telangana Today,15 hours ago,🎯 Tactical Drones,https://news.google.com/api/attachments/CC8iK0NnNUhhVEp0TlhWRGFXMU1aa1l6VFJDRUFoaTZBeWdLTWdhZFE1aU1JUWs=-w200-h112-p-df-rw,2025-09-22T02:05:46.469156
Russia claims heavy Ukrainian losses and drone interceptions in latest military operations| Gulf Times,https://news.google.com/read/CBMi3wFBVV95cUxPZDU2akQ1ckZyM01XbGZXY3AzTVNqUE04Sjg4ZzBKUGxKVnZMZnBoWmh4M290SXNuMmRDeGdsTk4yNHdheHpXb2V1emVVZHRxczBxV1Y1bHNBWDRnZEFxVTY4QnBnQUo2dmxKMzkwRjVlQmY4STFta1VLVl90U2VSUDdyQnpmU0VZVldYVnNONkFXQU5DN3lkYmFrQ3JvV1FMZ3NRVnJrWm1MbXpwM3J3REtzaEd6eS0tUXNXTDFTNGRreWZvMktiMk1DbVpxcjBSNXhkY3R6NEZUVVpDMVpJ0gHkAUFVX3lxTE8xai1jQ3owSHBqRnFkam9saUtyTEhWb01Hc0ZONF9UdEc5T2p5eXQ3RUpPaDdwb3RhQVREU3pSS29PYXhsWWU4LXBOYWZGd25XY3hvSUNIR2Fxb2s5X21JeDAwcF9kTFhCdlJLRDlPRWdzZ19kOWh2YkhXMGVLVW90TVBCbmVJdkxMOUx2NmxMTXpHc2JoWnV4Y0xuaDA5WTlSRjV3R0pJU1hkRmpMY1pzLW14MU9EZ2VRbFRJaWgyOU9FSjZ5RjlGU2ZwdDVROUtOZ2MwLTluOEdnTTJvS2lCNDBKTw?hl=en-US&gl=US&ceid=US%3Aen,Gulf Times,12 hours ago,🎯 Tactical Drones,https://news.google.com/api/attachments/CC8iJ0NnNUxWbXAxYmpoa1pqZHFkblp2VFJES0F4aWVCU2dLTWdNQkFEdw=-w200-h112-p-df-rw,2025-09-22T02:05:46.469157
"Russian Offensive Campaign Assessment, September 21, 2025",https://news.google.com/read/CBMirgFBVV95cUxNVEgyT1Vtc041NnY0X082M2R6TmsxME1zRjZTX3djeGlPOWo3aUlmQnJCNWdrdjB0UkdFZG5Hd3M4N3NSRC16ZTZ6QTZiUzdvQVEyb3FoemRKUEs0a0JKVzNWMVVyNk4zN1hQNklTbFhFYmV4NkNvZF93UmYwclZkQm1DLUZFRjNDajNQZWhkNWhBQTlZS1ZiU1NablRFVmdYa2Z2RGtidzhXUVpXd0E?hl=en-US&gl=US&ceid=US%3Aen,Institute for the Study of War,1 hour ago,🎯 Tactical Drones,https://news.google.com/api/attachments/CC8iL0NnNHdVMDUxVlVZd1MzUmpNVmQwVFJEckJCanZBeWdLTWdrQklZNWttYWxiTFFJ=-w200-h112-p-df-rw,2025-09-22T02:05:46.469159
NATO scrambles jets again after Russia launches fresh drone strikes,https://news.google.com/read/CBMiywFBVV95cUxPMUlTZEV6MUJMOHlnMFRDaDNEVC1zMlRjQmcySWdrOGVSOHcycUhvRXRWVXA5MVhjbUpGX2FtMzgxSU4xd3ducXgzdnVFS0F1Vzhjby1FZV9iUmUzbm1fRHF2azRTMXZpaGdaaWpWcXBraTU0Ump4SHVUZEVaNDBSVTlTOHF4bXVZQlExUG0yLUVRRU9GczROd19MOUVMdFVWS0FKNHlZcWVsN284QVRiQ3k4Snl6Y3RHZjhoX3AxVnFJMXV0d0RLdjNvRQ?hl=en-US&gl=US&ceid=US%3Aen,MSN,23 hours ago,🎯 Tactical Drones,https://news.google.com/api/attachments/CC8iK0NnNXVRVzFNWXpRNFkyNWlhMFV6VFJDWkF4ak9CQ2dLTWdZSmNwREhNUWM=-w200-h112-p-df-rw,2025-09-22T02:05:46.469161
"Ukraine Invasion Day 1,307: every day is TACO Tuesday",https://news.google.com/read/CBMipgFBVV95cUxQbU1adkxjSXMzWlVRbXVBbzdSUGlBLTYwRnJrWlVKQ0dWMDR5aVBja2puVmVCdHptZ3VsZW8tSV9vbVBNYmgyQnFxMWYxdHhFUTRRM2hGZHdEQzdPVkh2XzV1ejdXTXRZYmI1aFF2YWJ0UFFKci1qNkJrVXFreWZzS0ZidjBhUklnTWxES0VfZjdLc3ZreHJ4VzNCY1pUMVQ2VEJOQzdB?hl=en-US&gl=US&ceid=US%3Aen,Daily Kos,21 hours ago,🎯 Tactical Drones,https://news.google.com/api/attachments/CC8iL0NnNXRlbW8xTTNKNFFVaFRNME5wVFJEVUF4aVBCU2dLTWdtQkFZNkhOU1UxUXdN=-w200-h112-p-df-rw,2025-09-22T02:05:46.469162
"Russia-Ukraine war: List of key events, day 1,306",https://news.google.com/read/CBMikAFBVV95cUxNUkEzSmVDNWpibVQtUFlTNF84aUgtYVozQ0xTVG9ZSlJweGhQeUZfSFJIRWNnNHJoU3BqZ1NFVFUzemJCTEc2S2k0YmpMUDdqWDNfSnZWT1F3SWg1SGUzNHRpTHJZdzdHcTItQXF5Ymo4MGpzdklza3pkQmp6QUNEY18xd3RkTnFEaGFDaEpBNG7SAZYBQVVfeXFMT2xGSlRnVEtHVEdYaFpIaUJHdXE5dUpxNzlZTHZQVUVtemQzYjRnenhTRGpNbG8yek9XbnJXWU9nem9hZG8teXBSSVpCV1U1ZWN4Ny03a2lqMkl3b1dMVUI0aDZCZGMzX2lmYVczN21Ba0RaT0VtcUQ5eFI1bTFob1FYVFB5VHNqT2QyVGhmZDBHMWc1NGlB?hl=en-US&gl=US&ceid=US%3Aen,Al Jazeera,2 hours ago,🇺🇦 Ukraine Drones,https://news.google.com/api/attachments/CC8iI0NnNXpiV2xDTWtocVRsTktTVU0zVFJDUkF4ajhCU2dLTWdB=-w200-h112-p-df-rw,2025-09-22T02:05:46.469164
"Ukrainian drones strike resort in occupied Crimea near Russian state dachas, Kremlin proxy says",https://news.google.com/read/CBMiwAFBVV95cUxPRmVDRzB5Ql9neGJCbTd1dUVFRktBdWszOG5CdXUzb3YxMVlXR3d1dUlQWVp0dThfMEFCOGZCMlZCTDZNVHhoLWJDazAtdi1wWDRHMU1RSmhsdnhmUmJPZ2t0MklQaGJRYjlRcHk2U3lLaHpKeHYyQzVQaXI5MGFRZTB5dmlRSndMd0ttTnIwTGo0UFliRXN0UTdFR3BtWFYwamZFNWFBcHFtNk85b2IxWVlIVjgwcWg3VUZPeGFLLUI?hl=en-US&gl=US&ceid=US%3Aen,The Kyiv Independent,4 hours ago,🇺🇦 Ukraine Drones,https://news.google.com/api/attachments/CC8iJ0NnNXBSek5XV2tWSU9FSm5aMkpmVFJEZ0F4aUFCU2dLTWdPUjBCQQ=-w200-h112-p-df-rw,2025-09-22T02:05:46.469166
Ukraine’s Supply Runs Turn to Nightmares as Drones Menace Roads Far Beyond the Front,https://news.google.com/read/CBMivwNBVV95cUxPYjRoellqTndIajhnMTNnYUNaQkkxTXRhS3pmQThsNlBmbzRrV1R4MW5qWmN1Z1RsejVFQzFvU2FZR3NrcnhRbWEzUWRJb01aNFRscHVHekc2UGtUQ3NEMkhBa1lxTDBtekFXRVhaeWlESE14dDM4NnJEcWFsczBKR25sNDVLcVJmNXd5YVd4dm5kZ0NqUWFNay1ISmxJREJFdnJJZWtYUlhRbjlzMHRIY0dadktWUE9sRVlwNUk4ZEFuOWV5djVHdHZrZ2VXWkpOVWllQlBYeUlMT0Q3bjhvY2l1WE14UXoxQS1QWERyVEdUNThOWHVmbE9mb0hXeC1lanNCWE9UREhfby1uOHRaSkpGTC1yMURTYnRtQzBQN3ZrZWR4ZU1qZnYtY2F4Zkl1ZkEzeXlyRmVnNWlyVUZZUHA1U1RNZjZEZ0Rlc29YNXZPOFphYThCOE1TSVRjVnNMZE9PQVp0bDdXYkFGS2tveXJ3b0pUV0lxVWVvQUNOYU54LWo1ZjdxdDFSb2dHMmI1Y2hZTTQ2MkZhdnVOc295ajVpZFVIV0diYjBUYXBXTjJHSlN6LVkzdGUzTmE1UXc?hl=en-US&gl=US&ceid=US%3Aen,The Wall Street Journal,10 hours ago,🇺🇦 Ukraine Drones,https://news.google.com/api/attachments/CC8iJ0NnNTBXRVZKYzNSRll6UmpSMDFJVFJERUF4aW1CU2dLTWdNMWdCQQ=-w200-h112-p-df-rw,2025-09-22T02:05:46.469168
Ukraine-Russia war latest: Trump says US would defend Poland and Baltic states from Russian attack,https://news.google.com/read/CBMiwgFBVV95cUxPdWtTOVUzTHJFbGRqY3VJSXEyZlJSeFMxS2ZKT3ZSOEUxenlZWm1md011SklkVjh1SWNjdDg5UnNiOEVEb0NuWlhRR1Z5cnFMSWJLdi1VZVJucGh1OWdzRmlHRjlhY3RVSGFMazd1M05icDF4VHktRDhfamNQc1Bzak1ZYnNzdVduaXl2ZkwyZkpsQ1d5M2MzYkZNZ2d4UDNTenVCZE1FOW13M0YzR2tEdmZMbGJxd2trQVdINkdlU0F1QQ?hl=en-US&gl=US&ceid=US%3Aen,The Independent,41 minutes ago,🇺🇦 Ukraine Drones,https://news.google.com/api/attachments/CC8iL0NnNHhObmMzVmkxNFpGVklOVkl5VFJERUF4aW1CU2dLTWdrSlFwckZubWs5YUFJ=-w200-h112-p-df-rw,2025-09-22T02:05:46.469169
Russia launches hundreds of drones and missiles across Ukraine,https://news.google.com/read/CBMirAFBVV95cUxNVnhnU1NiQ0N2NVpQTTF1NGpzdS02ZkxteXNVYXhZWWpzVHA5YnJBTkZRaGE4UEZkZ1BpdkpJQzMzdHNsOXVCcENudVlIaWR4NXdTdG5lNDhuTDNfUFExM2JNbXJnSkdCVHREZzFSQV84UE5SMmNaSHlxRTVLeGdya3E1a0J0ZVRjYWlxU09lU2l4Q3FqRW9LOUdEUndfVkVYeGk0Z0N4QzBEbFhB?hl=en-US&gl=US&ceid=US%3Aen,CNN,17 hours ago,🇺🇦 Ukraine Drones,https://news.google.com/api/attachments/CC8iI0NnNUZaMXB1Y1VoSVIyWXpSalpIVFJDZkF4ampCU2dLTWdB=-w200-h112-p-df-rw,2025-09-22T02:05:46.469171
NATO Boosts Eastern Flank Defenses After Russian Drone Incursion,https://news.google.com/read/CBMihAFBVV95cUxQMnZJQkZMdFRfME5aeUlDdXgzM2xsRnNGODQwUWlaaTBQYndfWk0xaHNORC0ydUtJc2pDOHhSN2xXdXNDLVZVVWl4VlhvSWQtVmtCWDkzYUdzem5QQnptS290MkJObWlsVFlRS1poVjRqaW42bU5hNWdHT3U0dlNhTkF3ZE3SAYcBQVVfeXFMTVNBUkItM3RwTVBRR1RTMVFQMERldkV5RWQzYVM4dHB4Mm1sMDN3MzFwdi1JZXhDdVNxMWhZS0piM244TGc1RU54UHgtNkJUVmtTUHZ2Zmsya2VkNkRKWkw2TGRTUHE4UW9mUlJYeVpWVTRQY2l2VkNPZXJOam5uVThUVWJlQ1Uw?hl=en-US&gl=US&ceid=US%3Aen,Radio Free Europe/Radio Liberty,4 hours ago,🇺🇦 Ukraine Drones,https://news.google.com/api/attachments/CC8iI0NnNUxRVkYzZW5FMmMxWmlOMmt5VFJDZkF4amlCU2dLTWdB=-w200-h112-p-df-rw,2025-09-22T02:05:46.469173
Zelenskyy: Russia must ‘feel consequences’ for Ukraine war,https://news.google.com/read/CBMimwFBVV95cUxOdU1BMW5HS0RJekFZMzRqT2o5X1l6YTc4d2xKbUhjVVJ0Y2EwZmpyQUl3UlZUM3pZQkJjYVlQTWpXbGFmNGpwaTEta0tUTGdqX0NtMVZKLXY2eFQwVVJ2ZFYtRGZBTDNmQTlwMmxhTnJKaVl6VVh0OXNVU2UwY3dOUWQ1eW9tc003SXM5UW9FXzAxcW9oMzhQQ0l2bw?hl=en-US&gl=US&ceid=US%3Aen,TVP World,12 hours ago,🇺🇦 Ukraine Drones,https://news.google.com/api/attachments/CC8iI0NnNUZTRTFXTldzMGJYZFFRMHRSVFJDZkF4ampCU2dLTWdB=-w200-h112-p-df-rw,2025-09-22T02:05:46.469175
The Russians Keep Parking Helicopters On the Same Undefended Tarmac In Crimea. The Ukrainians Keep Blowing Them Up.,https://news.google.com/read/CBMickFVX3lxTFB4b09acFZSWDlhRTEtMm1mYkNlaXMwM0ZIb1NBbGFYQ1JNSy05MXBMSzdpLWp6aFpXQTVXaE9IWnFOMU1ObDJ6eXM4RXE2ZXVkWHBHT1lJRXdnYWFLRkxuTGhFaTRkcmFOYkplRWZWRENSdw?hl=en-US&gl=US&ceid=US%3Aen,Trench Art | David Axe,2 hours ago,🇺🇦 Ukraine Drones,https://news.google.com/api/attachments/CC8iL0NnNVpTMjUyTlc5emJsTnViRkJGVFJDb0FSaXNBaWdCTWdrdE1ZQ01aU0V1NWdJ=-w200-h112-p-df-rw,2025-09-22T02:05:46.469177
"Russian defense ministry says Ukrainian drones kill two, injure 15 in Crimea resort area",https://news.google.com/read/CBMiU0FVX3lxTE42akJMY3ZEV213VWFJdG1GSE1EMV9BcFhpTUtyU2p4Y3VYcU5lQl8ySlhjaXhkUnF0c2hEc2tqYWZPWUZFYVdFSGNlZUdoVmROZGI4?hl=en-US&gl=US&ceid=US%3Aen,Arab News,3 hours ago,🇺🇦 Ukraine Drones,https://news.google.com/api/attachments/CC8iJ0NnNHRTSFF5Y25OZk5FTmFTa3AyVFJDb0FSaXNBaWdCTWdNQkFCUQ=-w200-h112-p-df-rw,2025-09-22T02:05:46.469178
German and Swedish jets intercept Russian military plane over Baltic Sea,https://news.google.com/read/CBMikgFBVV95cUxQTWRUVGNZOVM4OEhNNzBCRlYxWXNLNE5Va196WG1IUmduUEFlSDEtdVM1alhIMURzdXlTSFI3THd5NEE4eHI2STRrRHBBOWszS3FMVVRoczRELUNrMksteWtrTWVtQ1NkRk1INFJLek9ram95QjYzVGJ0Wk1TeVNEdlpHOWY1cTltSjgtYWtiekNRZw?hl=en-US&gl=US&ceid=US%3Aen,NPR,1 hour ago,🇷🇺 Russia Drones,https://news.google.com/api/attachments/CC8iK0NnNWtVWEZaU1VKbU9XOHhjRmxxVFJERUF4aW1CU2dLTWdZZHc0NU1RUVk=-w200-h112-p-df-rw,2025-09-22T02:05:46.469180
Europe’s half-measures only invite Russian escalation,https://news.google.com/read/CBMif0FVX3lxTE1rcVp4aGZrZzA4VUFxalQwbGNEUUpBOS1IUy1hNmpPOVNpUWdiMkIwQ25LUGpTTEMydkstczAxVnZjVHozeTRyX2lORTQ4Mi1rRkFvek5YTkM5QTVlMFpLbFkzMGN1MFpZRFdVZzNIVldqbGRuYm9zbWIxSldMTTjSAYQBQVVfeXFMTVQwbjE2U0pEdlM0WlgyWUZHOExnTUVfY0dUUy1ja2NQQVd3Uy16STBaQm9yQVRhS3FNZFExcVJQOFZORDBQUVBiREFVQVk4dGtQMDZ2MDdZcjJtT2J1LTFDMHR4dV9CLUdpNUZoV0pQUmM3ZU5KX055c1F4RnNzQVZ2YzU3?hl=en-US&gl=US&ceid=US%3Aen,The Hill,7 hours ago,🇷🇺 Russia Drones,https://news.google.com/api/attachments/CC8iK0NnNHdhRFJoTmxCVWFqbEpaa3ByVFJERUF4aW1CU2dLTWdZQllKUnlxQWM=-w200-h112-p-df-rw,2025-09-22T02:05:46.469182
China develops UAV defenses from spoofing detection to covert links and shipboard landing,https://news.google.com/read/CBMiywFBVV95cUxQdkRERzczY2Y5UmdDUzVlYnFLYzdLRkUyRnFDYjJOSDYxZXBBQ3VwUHh3VkxSS29iVW1QRHZxLV9jSHkwSjNrMTNGNndabGIwME9DMzNtdjVpUW1PdmhtNmwxNGxCWmFkeDY1VExZeFVMazFpbUFRSHV0ZWVHendOTWU4MzNpVlh5d2p3bzVUbG5SNkJPT1dNTlRJbFFOM0I1Z2JkZXNiNTNiR2FETldnYTlMWkpuWHlEb3lHMkpiR1BjX1ZBb2tMczUyMA?hl=en-US&gl=US&ceid=US%3Aen,Space War News,10 hours ago,🇨🇳 China Drones,https://news.google.com/api/attachments/CC8iK0NnNWpjVWROY2t4MVF6STFMV1pGVFJENkFSaXNBaWdLTWdhQklZREU0UUU=-w200-h112-p-df-rw,2025-09-22T02:05:46.469184
"Ukraine can build 100,000 drone engines monthly—if officials stop favoring China",https://news.google.com/read/CBMiuwFBVV95cUxQNDFiSDZ3RmJlNFdkQ3RxMGh6bjl3V0lscnFzUUpHRHRtZ0RwMk5xcEpMWGZHZ1BmQUN5ZlFtOF8yT3RFWmVYSWlNbEMzbUE3Mkk0S3J0OHRZYW1RNUpwY0FtQ0RvQ2ZBUWc3bFNSX054M1hGMlVTZVpQdVZVMlNIV2RUWVJWd0FFOEpyS2ZfVjNMZUt3S2NZNjZFeGtGZmdIb3JqM3dKSlRuckVhcUx5Z1NweEZ1bDJfVmpF?hl=en-US&gl=US&ceid=US%3Aen,Euromaidan Press,9 hours ago,🇨🇳 China Drones,https://news.google.com/api/attachments/CC8iK0NnNHRTR1UxUWs5MVJtc3hVVFJ2VFJEZ0F4aUFCU2dLTWdhcGhJcU92UVE=-w200-h112-p-df-rw,2025-09-22T02:05:46.469185
Drone pilots compete at Istanbul's Teknofest,https://news.google.com/read/CBMigwFBVV95cUxPb2hLYmNVdVZPYUN2UzJ4U182Yks5ZUprMEtIUWdobmNDZ1JaX2IwSXAzNzEzX0czN1dGUXhITm0yZURxYU9LZHpTM2N6c0lSMWJOY3EtdHQ4c3d0UFJsaFFkcDNBYXZ2LXJrQ0pTVm1uZkJoRkFMbFM4NjRpdmxfNkFSdw?hl=en-US&gl=US&ceid=US%3Aen,China.org.cn,9 hours ago,🇨🇳 China Drones,"https://encrypted-tbn0.gstatic.com/faviconV2?url=http://www.china.org.cn&client=NEWS_360&size=96&type=FAVICON&fallback_opts=TYPE,SIZE,URL",2025-09-22T02:05:46.469187
China-Laos railway handles over 67 mln tons of freight volume,https://news.google.com/read/CBMifEFVX3lxTE5LOTVqekpTWXptYVE1Nm94OExZc1J2N2RackN4MF84ZGJxcUhDalY0OUI0QVlzbXY4Mndqb2hXdERQcXRkYUVJc0M2enpfNzNlMFBneExKbmpyY1MzUVZBdDFzdXN5cEpSeF9PSk5QSFdFUTRwcmxsVUw3Tlo?hl=en-US&gl=US&ceid=US%3Aen,Xinhua,12 hours ago,🇨🇳 China Drones,https://news.google.com/api/attachments/CC8iMkNnNTNSamN0ZGtGME9Fb3RNRlJqVFJEQkF4aXJCU2dLTWdzQllJZ1dPS05SNmVsYVpB=-w200-h112-p-df-rw,2025-09-22T02:05:46.469189
Automotive production sees year-on-year rise in China's Chongqing,https://news.google.com/read/CBMiY0FVX3lxTE5RMk0tSUowTWhHQkhxM05RWlpMQUxDUzJXRHU0U0xXMS1jSmtXQnRVT0xFSW95LXZqVEZuRENwa1lYalptaktwbEk3ZmtZLUVxMzJUVUhJYktyM1hVUnNlT3ZVRQ?hl=en-US&gl=US&ceid=US%3Aen,People's Daily,42 minutes ago,🇨🇳 China Drones,https://news.google.com/api/attachments/CC8iK0NnNW9TbFZGYTNaSFpVZEpVbTlJVFJESkF4aWZCU2dLTWdZbFU0YU9yUVE=-w200-h112-p-df-rw,2025-09-22T02:05:46.469191
Defense chief meets Saudi Arabian minister for national guard,https://news.google.com/read/CBMid0FVX3lxTE1NMHZwU0xOZVhVaWdiYlFnMnhGbTNLWHJOYkhSWXpCZXJyM0s2TmFKbVNVd05ZS3pxek4xMVhzSHVhNTN4U1Z2b3VvaGlCWEpQTmlSdkRyaDJnMjRyczBvem5hVXhEdXUzWURHVFFRR0NsQ1hPaFdv?hl=en-US&gl=US&ceid=US%3Aen,Yonhap News Agency,1 hour ago,🇨🇳 China Drones,https://news.google.com/api/attachments/CC8iL0NnNVVNV2hhU0VKaGMwRnNPRVIwVFJERkF4aWxCU2dLTWdtSnNJeTN1R2F4a0FF=-w200-h112-p-df-rw,2025-09-22T02:05:46.469192
Iran Condemns Attack on Civilians in Sudan,https://news.google.com/read/CBMib0FVX3lxTE12QXIzYUpCSjBZNUhBZFV5RDF0NWp0MUhwWFJaNk9Gd3dIdmEwZXdkeTV1STV5ZnpFdHBKbW4xRGMydVgxRnRoRGpJRzJWZGlSdV9lTkF5NF9SRlI2aTNOY1BqRlY5emVXbHVobkVIQQ?hl=en-US&gl=US&ceid=US%3Aen,WANA News Agency,8 hours ago,🇮🇷 Iran Drones,"https://encrypted-tbn2.gstatic.com/faviconV2?url=https://wanaen.com&client=NEWS_360&size=96&type=FAVICON&fallback_opts=TYPE,SIZE,URL",2025-09-22T02:05:46.469194
Israel and Hamas at War – Day 716,https://news.google.com/read/CBMib0FVX3lxTE93TGNNMmNnSFJ2bzUxTDNURFRaMzFOWFdURE40R1pkbmJ3T1lQVjRKLVF0akFnY3hOdEVIQnpGSXUzNEYtclZaTnVFbFlFem5SOXBZbHJBYW5JN3ItVWs1Vm1mLVVfQXFTMExmTWhtWQ?hl=en-US&gl=US&ceid=US%3Aen,The Media Line,2 hours ago,🇮🇷 Iran Drones,https://news.google.com/api/attachments/CC8iK0NnNDBNWEJGV0ZneFZVUjVURlZqVFJDZkF4amlCU2dLTWdZQk1vZ0ltZ1U=-w200-h112-p-df-rw,2025-09-22T02:05:46.469196
Iranian President could talk with Trump at UN,https://news.google.com/read/CBMiiwFBVV95cUxPb0N0OUJJa0IyZlhMUmFTREtDX25MUjB4amY1MHZCbnF1amxrYWFiYm56NXZONmlIM1hMYldSNmZXV3dMemdXUERpamsyMVNvLW91MDFWeUtOdmlvU1dEdlBBWkV4S2cxeXRmQlN6TDN3aWRmUFl1cVIxOXRoeW1XMzJrME9rWUtWRUZF?hl=en-US&gl=US&ceid=US%3Aen,bne IntelliNews,4 hours ago,🇮🇷 Iran Drones,https://news.google.com/api/attachments/CC8iL0NnNTRaVlZtY1MxcWJXMVhlWEY0VFJDaEF4amdCU2dLTWdtQmtaTFZNT2ZBelFF=-w200-h112-p-df-rw,2025-09-22T02:05:46.469198
Report: Mossad Deploys Over 100 Foreign Agents Inside Iran Before June War,https://news.google.com/read/CBMirAFBVV95cUxPNDVzc3ZuWnQ0OXhscjF5amhROG1TeW9NcW0wOHkwWmpJb2l0YnIwLXdmQlVwVi1sOTF1WkFrbUstYld1QURFdGFZU09HNjgyQTJMQXdDYWlSSUZoUy1OTXdrak5DcFllMmxhSnJqd2RUTXJjLWVTYUtFUDdfV21vM2xFdFpBeXFTLTFUY3JXNUFndU9oZVR0Sk5xWGZaTEdrUUJ2Y18tZzBRUHlI?hl=en-US&gl=US&ceid=US%3Aen,tesaaworld.com,10 hours ago,🇮🇷 Iran Drones,https://news.google.com/api/attachments/CC8iK0NnNXFiR2RHTjB4RU1XYzFTelV3VFJDMUFSaVdBaWdCTWdZUnNJcXN2UVU=-w200-h112-p-df-rw,2025-09-22T02:05:46.469200
IRGC voices readiness to deliver decisive response to any aggression on Iran,https://news.google.com/read/CBMitwFBVV95cUxNcDE3d3NQYlU3OVBDX0JEcHFoSURVMkNaWTIyZDJFaGJjWG5ZNlNsblZqSXA5Zi1VbWpHZXR5S25wUEJWUVFwN09tNUdrWVJDZ0FpR29iMS15amg5RS1zRFYtNzlqa1dYdDNydUhoMUxQNXltUl9vcWtUWWRCWXdJYktPWmRheG84QkE1TWc2MUVjd19JX1pWdVhfVHY3bjJGUlQyNjE1WXFod3hDNGpMY3dmOERnQ28?hl=en-US&gl=US&ceid=US%3Aen,taghribnews.com,18 hours ago,🇮🇷 Iran Drones,https://news.google.com/api/attachments/CC8iL0NnNUJOV3BsWDB0bVRGcDRkMk56VFJDYUF4allCQ2dLTWdrQkFKQlJwS2FEandF=-w200-h112-p-df-rw,2025-09-22T02:05:46.469202
"Israeli drone strikes southern Lebanon, killing five, including three children",https://news.google.com/read/CBMi1gFBVV95cUxPWFpqTzFaSldya2dNQzZtb2p4bFo5U1FoRjY5Mzlla2lsenNraHktSVZHRVZUQUkxVHhzakFDclpuM1lDYnRieVZ0UENZZUk4elRZQ3pLd0lZRkZmS2RaRWpTVUxmSEx2WlgxSEhYXy04SUY0aWNsc2dkMFVuYm9EZmd1QngwU2lSQ1hCcndoTWFFM1lueHZ1NUZGNXhXTkc0dDE5YncweUNWb2dxRjF1ZjdMYTNnS2FEM0NhSmNxeF9ycUtmSzViZWtkYUFIUDBMZzdwWkZn?hl=en-US&gl=US&ceid=US%3Aen,The Sunday Guardian,2 hours ago,🇮🇷 Iran Drones,https://news.google.com/api/attachments/CC8iK0NnNXlaazlGVTBGb2NFdEZVVWxzVFJEZ0F4aUFCU2dLTWdhZFlJaXRxUVU=-w200-h112-p-df-rw,2025-09-22T02:05:46.469203
"Israeli drone strike on south Lebanon kills 5, including children: Beirut",https://news.google.com/read/CBMiygFBVV95cUxOcldHSEJZRmt5SG5LZDFVZ2JlT0J6NXl1MFJaSTlkTS04ZnVzVDFCYmIwUnVoSHFKc3dOYVR5TE9WRC1MNFAxWDhSS2pDNTJGS2JzX01BRGNFM19HNHBoZDYxMHNPVHE0M3BHR2U2QXR6cXZ0NGVGLXZyeTN6Ym5XTWFndG5CWGQ1SzE0dVNEWGcyTzlPUnB6TmF0QmM3N2UzOVVKdU5WNFktTkNDcklRaUlsWDVhMzdaejBXUjB0bnFFUTNOaTJ4LUl30gHPAUFVX3lxTE11d05ucDlYU3Zyd25faEMxWWtzTmtVS0d2ZWpZWEdLRUFsMUpPN3dxa3JMY0tNdE5yWVpSZENMQ3gzWFpRbDdHSVVWUF9hMFNFcnJlV0xlNE5TamQxT203Vl84cGVDWGRSRE1pSGhLQzl2RTRpbXdoZjZyLW5RdUlCOU11SURmc1Nvakk0dTlIZXR1UWtRb0pfUUlBdWZNVlBZaHkxekJaZVhtVFpieENsY25TdnhhV3FwVHYzUnhnanhVY3FjWmpTaklhckx1NA?hl=en-US&gl=US&ceid=US%3Aen,Al Arabiya English,11 hours ago,🇮🇷 Iran Drones,https://news.google.com/api/attachments/CC8iJ0NnNU5ZbVJvYTJjeFVIcFFlVkZzVFJDZ0F4amlCU2dLTWdNWmtBNA=-w200-h112-p-df-rw,2025-09-22T02:05:46.469205
NATO Was Ready To 'use Force' Against Russia: Estonia - Iran Front Page,https://news.google.com/read/CBMigAFBVV95cUxOTkxqVno2V09OSVgwYzVSQzdMQ3Fwb3hhSUFWRXQ4MGk2XzdkQmFhRHpqYlhpS0kxS2tQcTNERzF1SXlxdExxZy1MVWNaRE1NdmNmbVVBNUZjS2lucDgyb0FWWU5NVW5kQngwSklvVDZjZjFXM2sxLTNhY29nN2JNcNIBgAFBVV95cUxOTkxqVno2V09OSVgwYzVSQzdMQ3Fwb3hhSUFWRXQ4MGk2XzdkQmFhRHpqYlhpS0kxS2tQcTNERzF1SXlxdExxZy1MVWNaRE1NdmNmbVVBNUZjS2lucDgyb0FWWU5NVW5kQngwSklvVDZjZjFXM2sxLTNhY29nN2JNcA?hl=en-US&gl=US&ceid=US%3Aen,Iran Front Page - IFP News,11 hours ago,🇮🇷 Iran Drones,https://news.google.com/api/attachments/CC8iK0NnNVpSVzlYVkZsNFpXVXpaVUZNVFJERUF4aW1CU2dLTWdhbFpZcnRxUWM=-w200-h112-p-df-rw,2025-09-22T02:05:46.469207
Three drones spotted flying over Gaza-bound aid flotilla,https://news.google.com/read/CBMiWEFVX3lxTFAxd2dVX2FyQUZKUnVwRk0zUGV5dHc5WHVBZUxIUVh2Ui1qVW82Um9XVkZyWFFBclNFM2k1OWc1VFFINnhIbjlfb3NYWU9XeXJRS3VZU2h4WTU?hl=en-US&gl=US&ceid=US%3Aen,TRT World,4 hours ago,🇮🇱 Israel Drones,https://news.google.com/api/attachments/CC8iK0NnNXJZalJSVWpkdmJtWktWa2RUVFJDM0FSaVRBaWdCTWdhVkFvcExSUVU=-w200-h112-p-df-rw,2025-09-22T02:05:46.469208
North's Kim closes door on unification with South but open to talks with Trump,https://news.google.com/read/CBMi7wFBVV95cUxNMXRHOUFkbDYyQWtxZ0hvTGlGLXN4MTFtcmtWd3dqUnBVUEtuNmpqWld5aGllVGpwYk5qckVnZzd6VDNvdk9RazBXdC1ReEJfUlA1RDVZbjNTQm4xSkEwc2RYX0NhQTZHeVY1T2kwSlo2d1oxVi00R0VIN05zRzZTYzRoZWhHMnhmMHZRcUxUdnFjQklVdFRQRWp5RGYzZ2ltZWhXVFdlaTZZMHN1d2xzdzVEZ1UzZno0VEl1LVNpbjgxOWJTd0VQS2ZNd3NmbDBBTjVfX1NZaUdEb0d5VUV5d3hLNU8tekxhNTVmX0Jzbw?hl=en-US&gl=US&ceid=US%3Aen,Korea JoongAng Daily,2 hours ago,🇰🇵 DPRK Drones,https://news.google.com/api/attachments/CC8iK0NnNXNSSGs1V0dsbU5GTTVlRVZTVFJEekFoaXZCQ2dLTWdZbGxKTE5NUWM=-w200-h112-p-df-rw,2025-09-22T02:05:46.469210
North Korea's Kim Jong Un recalls 'fond memories' of Trump as he expresses openness for US talks,https://news.google.com/read/CBMi2wFBVV95cUxNMkJxT2I1VmVXODRxUzhIOElZckZIQnBvTHVCZ2E5SEdQalR6UnhHY0Njd2JDdjBnaU82SEgzOEVRcFdZUjhLcXh2dU94RXY0X3BJNTBqSk1JMHdEWnBST2d4cUhHN1VqT3Bla2RVelJMRTBqQXRDYkFfbklNOEF5TnVKNzUyYTY4cm5DX001bXN2ampGVFlyTnpJQkd1ZkRLVTFhVmYzZURieF9leno2TVpRVDRjREFGN0ZPejRKNTlTdlFXTEJ4cGNJZWxTZGVaODQ3Z0JTLXgxSzjSAdsBQVVfeXFMTTJCcU9iNVZlVzg0cVM4SDhJWXJGSEJwb0x1QmdhOUhHUGpUelJ4R2NDY3diQ3YwZ2lPNkhIMzhFUXBXWVI4S3F4dnVPeEV2NF9wSTUwakpNSTB3RFpwUk9neHFIRzdVak9wZWtkVXpSTEUwakF0Q2JBX25JTThBeU51Sjc1MmE2OHJuQ19NNW1zdmpqRlRZck56SUJHdWZES1UxYVZmM2VEYnhfZXp6Nk1aUVQ0Y0RBRjdGT3o0SjU5U3ZRV0xCeHBjSWVsU2RlWjg0N2dCUy14MUs4?hl=en-US&gl=US&ceid=US%3Aen,Firstpost,2 hours ago,🇰🇵 DPRK Drones,https://news.google.com/api/attachments/CC8iK0NnNHdhakEwUzJOcE1GVmtkSGxsVFJDZkF4ampCU2dLTWdZWk00NHFJUWs=-w200-h112-p-df-rw,2025-09-22T02:05:46.469212
North Korea can talk to US if it stops insisting on denuclearisation: Kim Jong Un,https://news.google.com/read/CBMiwgFBVV95cUxNdWh0WncwemhZYVpNTkJQU2FpQ1pBUVVBS1ZxUzJidUlIeUV6cjdULXJpUk9QaHVVcnd1eWZUbGh0OERjM1ZEUTRFWTVSN2kwLXBFX1B5VjJBTnhPcTZQclNGdXlwMnNaLUcyVWcyM2JmUk81bXpIQlNlZFc5a0N6aWFKMjBJZUFXUENzRGVvdTlBUEV6YUNDbDFhV1JicGpzaEg4ZVQzdkFlbHFYYk9jc1RUT19vQ1I1TU1ua28ycTYwZw?hl=en-US&gl=US&ceid=US%3Aen,The Straits Times,3 hours ago,🇰🇵 DPRK Drones,https://news.google.com/api/attachments/CC8iK0NnNUZNRlZVY1haaFF6STJkM04zVFJERUF4aW1CU2dLTWdZQmtJeVBQUVk=-w200-h112-p-df-rw,2025-09-22T02:05:46.469213
Special counsel summons Yoon on treason allegations involving drone incident,https://news.google.com/read/CBMiV0FVX3lxTE9DTGxnd3dpZmJLblU0eFlHbDdPZUlOSUlXSzRDbnVxTF9IZXRSSnBxR0R0d09hNllDWE82YUpQT3BxVkxrQmY0MGlPMnVJbG1SWHhiRklmNA?hl=en-US&gl=US&ceid=US%3Aen,The Korea Herald,19 hours ago,🇰🇵 DPRK Drones,https://news.google.com/api/attachments/CC8iI0NnNDVZVGd0WlZVNFF6VjNaR2t3VFJEc0F4anZCQ2dLTWdB=-w200-h112-p-df-rw,2025-09-22T02:05:46.469215
Kim Jong Un Open to Dialogue with U.S.,https://news.google.com/read/CBMimgFBVV95cUxNeDZ0YlJ2MWpfVG5XblJxU1ctbnI4T3JfQXF1VlE2SkRuN2tWRVFYaThkd0x5MzlUMHlWYnM4YldhNkc2WkFiYVJ4LUVwTVlJOXVadHY4dEhmdDJnODJ4bkVkMTdNYWxxWVZwbk1TWkpIMUZ3dzIwQnRUYl85MGIwakM1THEyZnhtRTdaamZ5dFFZSk9vVENCOUpR0gGaAUFVX3lxTE14NnRiUnYxal9UblduUnFTVy1ucjhPcl9BcXVWUTZKRG43a1ZFUVhpOGR3THkzOVQweVZiczhiV2E2RzZaQWJhUngtRXBNWUk5dVp0djh0SGZ0Mmc4MnhuRWQxN01hbHFZVnBuTVNaSkgxRnd3MjBCdFRiXzkwYjBqQzVMcTJmeG1FN1pqZnl0UVlKT29UQ0I5SlE?hl=en-US&gl=US&ceid=US%3Aen,Devdiscourse,4 hours ago,🇰🇵 DPRK Drones,https://news.google.com/api/attachments/CC8iK0NnNUdZVmRzVUhWamRYSllXRGQzVFJEZ0F4aUFCU2dLTWdZQk1wck1uUWs=-w200-h112-p-df-rw,2025-09-22T02:05:46.469217
"Special Counsel Summons Yoon on UAV Infiltration, Treason",https://news.google.com/read/CBMiiAFBVV95cUxNcVE2U0FSc3dmV19rb0pHRzlzd1NpaVFJRVRVM2dwQ1RDbGpyNWxreXI4MDRDSndZWEUwcXZ5RUFidjVqR19WcG5NQnl0ZFNkeEJHbE10TFJ3MDdFR1lUWTQxSE9BTGZjSnFkekxmel94N3MzX2FrektwTnpyQ2NmS0g1eEpHaWRx?hl=en-US&gl=US&ceid=US%3Aen,조선일보,10 hours ago,🇰🇵 DPRK Drones,https://news.google.com/api/attachments/CC8iK0NnNVJYek51Tm5OTE5uWnFabHB0VFJDbkFoallBU2dLTWdhaGM0Nk5xUVk=-w200-h112-p-df-rw,2025-09-22T02:05:46.469219
Special counsel notifies ex-President Yoon to appear for questioning next week,https://news.google.com/read/CBMisgFBVV95cUxNaWxTLWNmdGduanBCQnRKVndNb0lpclRUZHdYUFNjcnJzRGRtZzRhTmNURjZpbURmcXNXMC1CRHcwYmVuQjZjc1BHQkRLalhTY3lyNTBlUndPUlNQUUFiV0dXQlBDNWVkMnlWTkxscWJGZ2ZnVVgwOWtVLUp2X0tNWTFPMlVzS1JkV19xY3dKbXg0czdkdGFmUWJfOHl3RkxBM3ptcWlETEdxMUQybFRxT3Z30gGyAUFVX3lxTE5Oal9PaWE5V3RrbDZxYU9iUXI3RGk4V0lGbWhkR3p4dEtqWEcxV2xBVnJrWUEzbDZVck4yVmR0NzdibWJyYkZLeXdtbl9KdS1JbVBwMzlodExJYnFOY21jMnkwbi15azNONUo2LUYtT0VuY2ZpaU10OEFrSVJiNGlEOVY1azdyUWU5a2tleXdYTFROUGxDcDV6ejRYdHlsZ2JFMW9UMjN5VElUUUFlNFJyd0E?hl=en-US&gl=US&ceid=US%3Aen,qazinform.com,19 hours ago,🇰🇵 DPRK Drones,https://news.google.com/api/attachments/CC8iK0NnNXRSVWRRZDJwMlVuVjFhVmgxVFJDMkF4aTlCU2dLTWdhWlY1UkpKZ2c=-w200-h112-p-df-rw,2025-09-22T02:05:46.469220
"NATO to deploy Turkish MEROPS surveillance system in Poland, Romania after drone incidents",https://news.google.com/read/CBMixwFBVV95cUxQZ1hVSTlER2FQRTFuaGU5WjZ0cVVkV1BlU2RXWVh3N2x0ZGhpWWREemNIWExIWUN4MFZQS3VIUW1zeFBwT2VjVUhSaFBwY056SHlyZW9OSDFIVHNPWDVaMWZpMkJKakhqZWFXYVZmWEs4bE9kUDhmaTFoSmxiTURreC1aelpVcGJxMC16TjJRWHJBMUtxdGdJejJ3eVExQkdRbVpNMVR1SzhMSTlnZ3d2aDE0UDZDQ05nMTdESXY1ZEswY3hxRUNz?hl=en-US&gl=US&ceid=US%3Aen,Türkiye Today,1 hour ago,🇹🇷 Turkey Drones,https://news.google.com/api/attachments/CC8iI0NnNU9iRmswYVRka1gwVnJVM0UxVFJERUF4aW1CU2dLTWdB=-w200-h112-p-df-rw,2025-09-22T02:05:46.469222
"Poland, Romania to deploy Turkish Merops air surveillance system",https://news.google.com/read/CBMilAFBVV95cUxNSHJ1bHRWTEM4aDFfQ2pFMWc0YzNrRklHTFFNVW5FVldFYm83WlN0VlFEYm43Y19ieWViNXVtZnoydk9uNFFZVk1EbW1pRVpyYzdzazZoRjhsRGxpZ3p0cmh4WVJWNy11bWxGV1VuUG1BUXNHOHRDUThUNWxGZGZWQkNpVFFfM2t2Tm1zWmJzdnhlRlhr?hl=en-US&gl=US&ceid=US%3Aen,Caliber.Az,13 hours ago,🇹🇷 Turkey Drones,https://news.google.com/api/attachments/CC8iK0NnNDNjVFJTUWs5VFRXbEJkVk5NVFJERUF4aW1CU2dLTWdZTmNJcElwZ1U=-w200-h112-p-df-rw,2025-09-22T02:05:46.469224
"Teknofest concludes with spectacular air shows, world-class innovation",https://news.google.com/read/CBMirwFBVV95cUxOZGd6MXZ2aFVZOGlhdXVaR0ZoRmV4dDRZTmt4eXNobGQwUHVYVUs2UzJCaG5WZ2VaVUhFTW92eEZ6UTBBNVgzSm5McmY1dVhJQWlrT0hnbG53V2hhalMyZ2o1SDRlandranhEd3VKMHZGUnE1TTJNc2VDOHdZaDBaWHhJTHBJNGFtR3BWbjN0VjEteFhBeU96cERjQ0ZUcGxDZUdmcVFLY2hoamRGTlJF0gG0AUFVX3lxTFBmam9udWdkWlF4elJjc3hDdW01YmpvUmFoWWtDQ0l1bWotV2ZpVmtYVE8yQUtsZEpTcUJzY0tSX1lyNTlSVXVnZGtUS2tUTV9obXpqa01uakdCVW1ZczRIblBWNXZEVGc0d1VQbzMycjl5aGllMDBkWmt2cVVzSWtzRmgyOTJJaHpCZlZHejVxWlhoSmNLa3dUUGlDVkhyRGxDLVVIMy13OU5XUlBUS2R5R3RRYg?hl=en-US&gl=US&ceid=US%3Aen,Hürriyet Daily News,17 hours ago,🇹🇷 Turkey Drones,https://news.google.com/api/attachments/CC8iK0NnNXdUQzFYVVdsVU56UkNiak5JVFJEeEFoallCQ2dLTWdZQnNJYkN5Z1E=-w200-h112-p-df-rw,2025-09-22T02:05:46.469226
"Three unidentified drones spotted over Gaza-bound Sumud Flotilla, activists say",https://news.google.com/read/CBMiWEFVX3lxTFB2cVQ0b1BJdVpvZ2NHTUE0WXB0d3J0MlFkQmc0V3IxcTVBTkgzc2xwUFg0TkxRZ05QeVJOa2tEQlNWWHIzWjdERlpERUtUck5TRVM1aDVGUlk?hl=en-US&gl=US&ceid=US%3Aen,TRT World,5 hours ago,🇹🇷 Turkey Drones,https://news.google.com/api/attachments/CC8iI0NnNXJkMlZxZGkxVVpUWjZaeTFZVFJDM0FSaVRBaWdCTWdB=-w200-h112-p-df-rw,2025-09-22T02:05:46.469228
"Erdogan says Palestine, US ties and Syria talks on agenda in US trip",https://news.google.com/read/CBMiyAFBVV95cUxPblM3NllxSTJoSlVNMk1SN3I1dk5ieE5FS1dFOTJ5emE2OEVOM0VhNUNsM25TVkNhbDdqbTZYNURnQ0h3cFpZRXc5ZEM1RkxseEZDMzkzc3ljWGlwbWROb1hRcFpYUFVSSWxwVmY1QzZadzlEMjhUMF9JMlc3NHF3aW9wbzgwRUdqVng2X3Z2a2VxNU05NENEUWM5R0ZZc0FqTzZUcjNCZnRiQ2pHc0RoS0piOUpUbHp6OS1EeE5sM3Z1WU53YWU0atIByAFBVV95cUxPblM3NllxSTJoSlVNMk1SN3I1dk5ieE5FS1dFOTJ5emE2OEVOM0VhNUNsM25TVkNhbDdqbTZYNURnQ0h3cFpZRXc5ZEM1RkxseEZDMzkzc3ljWGlwbWROb1hRcFpYUFVSSWxwVmY1QzZadzlEMjhUMF9JMlc3NHF3aW9wbzgwRUdqVng2X3Z2a2VxNU05NENEUWM5R0ZZc0FqTzZUcjNCZnRiQ2pHc0RoS0piOUpUbHp6OS1EeE5sM3Z1WU53YWU0ag?hl=en-US&gl=US&ceid=US%3Aen,Al Arabiya English,18 hours ago,🇹🇷 Turkey Drones,https://news.google.com/api/attachments/CC8iK0NnNUhlbGhPWVUweVZrcGpaMTlCVFJDZkF4ampCU2dLTWdhUm9wUnBPUWM=-w200-h112-p-df-rw,2025-09-22T02:05:46.469229
"BREAKING NEWS: Cyprus Bolsters Defenses with Israeli Barak MX, Sparking Turkish Outrage Over Illegally Occupied North",https://news.google.com/read/CBMijAFBVV95cUxON3o5RmJOMjNySVNhcV8xZ2pUZ2lzZDhKN28yU0g5UGg3dmNsZTBCaWtEWkpEUW1hby1oQUQ3Q3ZJckdhZldqdVE4dFNEWXJ0LUtQcmtjQ0FHLV9hSTZNMWw4RXdYbDBXcUhUTzMyc25ITDlYYmFXX0Y3bFl5T1RZX2h6NmZpYU1KSHV6X9IBjAFBVV95cUxON3o5RmJOMjNySVNhcV8xZ2pUZ2lzZDhKN28yU0g5UGg3dmNsZTBCaWtEWkpEUW1hby1oQUQ3Q3ZJckdhZldqdVE4dFNEWXJ0LUtQcmtjQ0FHLV9hSTZNMWw4RXdYbDBXcUhUTzMyc25ITDlYYmFXX0Y3bFl5T1RZX2h6NmZpYU1KSHV6Xw?hl=en-US&gl=US&ceid=US%3Aen,Greek City Times,19 hours ago,🇹🇷 Turkey Drones,https://news.google.com/api/attachments/CC8iK0NnNVlhRUpzYVRobGFEZDFUVlF5VFJDZkF4ampCU2dLTWdZQlNwZ0RJd2s=-w200-h112-p-df-rw,2025-09-22T02:05:46.469231
"Defense firm STM reaches 80% domestic production in warships, expands drone exports",https://news.google.com/read/CBMiwwFBVV95cUxQTUtEVTZCS09xZXZXWTlVNVdwSURIQTg0a0ZJNzlJS1dkaXNra3ZzeHc5MVlBQUdRcm1rN0wtZUVTV2xZSGdZM0lRYVcyaXN0bXlBaGNURF9OUnV4SWdIeU9CeC1YYzhhSk1SRGtIaTFfbVlqeVIwTFdTb2lXNnl3bVVia3QwbkMwa2RNN3lGTmp4NnN6TkJzMlFxdzdIRHFyRUZmZE1wV0JsTVR0dHRMejNhaERKYmM5X0k5Mm9HY2xGYkE?hl=en-US&gl=US&ceid=US%3Aen,Türkiye Today,23 hours ago,🇹🇷 Turkey Drones,https://news.google.com/api/attachments/CC8iL0NnNWtSMDFXWlVabU9URXdTR2R3VFJERUF4aW1CU2dLTWdrQmNJREN3YU55ZVFB=-w200-h112-p-df-rw,2025-09-22T02:05:46.469233
Meet ‘Vectis’: Lockheed Skunk Works Unveils CCA-Like Fighter Escort Platform,https://news.google.com/read/CBMidEFVX3lxTE5Gd0hsUXotY3pjZ0NteWZjRWt1T1U5Nm1DYTkyenp2MkpLbEtwaVB2UFpVNWdLX1RzcmFiU184V1l4R0VhekI4Si1oaDlIWlRXVUJwOFluR2tvWDFfMWRpRkRfNExMN2R3MjNWYkY1QWtJOHZQ?hl=en-US&gl=US&ceid=US%3Aen,Air & Space Forces Magazine,12 hours ago,🤖 Autonomous Drones,https://news.google.com/api/attachments/CC8iK0NnNUNlVUY0Y0hSemFVOW9NMWQxVFJDdEF4akxCU2dLTWdhTmNZNE5yUVk=-w200-h112-p-df-rw,2025-09-22T02:05:46.469234
Uber to pilot food delivery by drone through partnership with Flytrex,https://news.google.com/read/CBMif0FVX3lxTE9DUEdOVDJEenZ0eDBpZVFHZjcta3YwZTF0MmVKbzRPeEdmQW5UR3hnUkhRMWVYdmpLVWw0anRXMGFhejBtcnJlZjNyWlU5T0hRcUoyb2JPeVFLRE1vbENoS3FGTEhOOEZ6NkEyQk1pSnRNRWtDTzg0Y2IycnNVYnM?hl=en-US&gl=US&ceid=US%3Aen,AOL.com,8 hours ago,🤖 Autonomous Drones,https://news.google.com/api/attachments/CC8iK0NnNVJWMlpMUVdaSVJWOW1Na2RZVFJDckF4aUFCU2dLTWdZcGRaVE5MUWM=-w200-h112-p-df-rw,2025-09-22T02:05:46.469236
Your food flying in? Uber Eats plans drone deliveries before year’s end,https://news.google.com/read/CBMipAFBVV95cUxQN3JmdnBxTjYyOHJYMElYRWR2eGZzb3J5NkFuLTJfVVZkTTVBeDk1QmNScGNvNFU0YWV1dmp6YTFZZVlaMmtRdUE1cHhCakR5OTBCdXBMbTVPUVdCbkhOZ1BEbEhMT0RJbl93b2VLZ3lyNmpYOU9YN0RSdWFLLU1yMFVJQUI5Ylp4ZXB2eTJpRXc4ZEdkcnQ1bXhTdndDUS0tY182btIBuAFBVV95cUxQLWhuOUo2MmR4MEZBZTM2STlJYmdEekZoV25LZWR1dmd5TFMwcWZuNEdLWGVERmp3TWtveTJKUUo1dWtrY2lDRkhQZGZQcXc3MU5LVVdtMDZTaUtxSm1IOEg5VjBWeUJ6ejBQNWJsc1A2TnVOaGJ4R2tQVUFMYkh3M3BKRFlSYU1TekxWaEhwMnZ5WXBXSUJtbEJNcGhvLVhILXROYTJidkFNMl9sbVB1dzdIc1hxOXhv?hl=en-US&gl=US&ceid=US%3Aen,Diario AS,16 hours ago,🤖 Autonomous Drones,https://news.google.com/api/attachments/CC8iK0NnNXpUblpMTldVeGIwUlhlV0pQVFJDZkF4ampCU2dLTWdZUnNvenlRQVU=-w200-h112-p-df-rw,2025-09-22T02:05:46.469238
Autonomous weapons are already here: How close are we to machines deciding between life and death?,https://news.google.com/read/CBMieEFVX3lxTE1jeDlMbW91RWloS2JJUGtoM3RpRlNLNWEweThLdDU1WWx1akYwMXhjTlA2NVFuZy14MHFkSFNQalN3YVpJVFR6dVRkRmoySk1fOVhaRGF1RmtJWFRkS0drbTNEaU5oTDVobFpLNWE1YW5FVG8zMmlROA?hl=en-US&gl=US&ceid=US%3Aen,Cybernews,15 hours ago,🤖 Autonomous Drones,https://news.google.com/api/attachments/CC8iK0NnNVNSVXgzVmxWVE0ycGZXaTFXVFJDYUF4anJCU2dLTWdZQlFJUkhzUVE=-w200-h112-p-df-rw,2025-09-22T02:05:46.469240
Uber Eats will soon launch US drone delivery in partnership with Flytrex,https://news.google.com/read/CBMi8AFBVV95cUxQLWlDXzB5OHk5dEt5NUZJanRYYjZxT0lNVFJUVkp4NUl4U25CUmtZSnNEZmN3cTBxcDI1Vk84cTJubkc3NVBleXk0S2hWUmpaaE8wS0hZM094OGNGTmZIbGtCdF9saEhTd21rNEtxU2JFczFMdjYtWGRjWnB0YTZjVlN2ZUd1dUZyUGpWd1FscWljdGVhVEpmTFAyYllibnJwMmRJTEZISWtvcFZsRHhMaHp4NDRrbnJxMDMyV2lKbUc0a0JBb2FBRHRxNTBJVjRwSWJLSmJtSjJhMXBTNjFqeHh3b0RqYWtJQmcyYjlvMU8?hl=en-US&gl=US&ceid=US%3Aen,Mid Florida Newspapers,19 hours ago,🤖 Autonomous Drones,https://news.google.com/api/attachments/CC8iK0NnNHdiQzEzT0MxVFprUmZVMGw0VFJERUF4aW1CU2dLTWdhQklKSUdIZ2M=-w200-h112-p-df-rw,2025-09-22T02:05:46.469241
Uber invests with Israeli company for drone delivery services,https://news.google.com/read/CBMiT0FVX3lxTFA0bThPVjBvTUFyVkJGNm1RMXQ2YXo0amhkVFNGbUc4blp5czFneDYyLU5KRU1uN1R3SXNNSUZJbDlWOHRuU2w2Yk56RE5oU1U?hl=en-US&gl=US&ceid=US%3Aen,Ammon News,14 hours ago,🤖 Autonomous Drones,https://news.google.com/api/attachments/CC8iK0NnNVdjVGd0YVhwTFJ6RmZaVTFXVFJDb0FSaXNBaWdCTWdhbGM0cXRyUVE=-w200-h112-p-df-rw,2025-09-22T02:05:46.469245
"""We're Creating Smoke Monsters"": AI Drones Swarm Into Wildfires Creating 3D Models That Terrify Fire Chiefs",https://news.google.com/read/CBMi5AFBVV95cUxOU3o4QjFEd243cThhUFhjaHR3MTIxbGdLT0VyVXVxb25mbXphYUFreTlCWHF4M2xyU21Gel9nRm0xd08xM3ZaQjR1NjAySzBjemQ3aHdmVzdBMGUzeTdwSUtTc20tMTJDNkFQblpwZW0tbDNSalZSQWlyLXpQVGowaDAwbHhGYmRpWF9BekV3Q3lxMnlsSmlUQ0ZnZW8yVzBhVjFYUkNtWlFEUnlDX01LNlhnQTM5dVdTNWVwb2F6UXdkVlZrWFhRVHdfcUZ2NFlUSFMtYU1heDUtWWJhVE1Cd0otM3A?hl=en-US&gl=US&ceid=US%3Aen,Sustainability Times,3 hours ago,🤖 AI Drones,https://news.google.com/api/attachments/CC8iL0NnNXJTekJRY2xFMk5ubDBXbUZpVFJDZkF4amtCU2dLTWdrSkFJZ0tGYVpFWVFN=-w200-h112-p-df-rw,2025-09-22T02:05:46.469247
Buck Sexton: 'This new AI race is our last chance” - Former CIA Officer Reveals Possible Bold Orders and the Global Battle for AI and Artificial Superintelligence,https://news.google.com/read/CBMi0AJBVV95cUxOVUlRbFlVX3ZnS0FkYXFCdGRRbzNVdGl3SUhDTXFNSVBMeG1LYWcxX2hKOTFaYWJYVEZmQ1VPN0ZQRElMdnJoSTVUc0oxVlVlWXZOU2czWUNuM0pLZDlzbnZiYm91LUxrTWFmcE5oWFNaZ0phUndxZUNxQmpTMnA1NDQ0NG9VRTBuQWtKSU5INWxtM2psWDVVNTZtQWgxNXVHTFpxSVd6WldiZE12SENFTFJwNlhSY2dPNUtWWTZiRjVuYUNSclBmNkFoRmZOUkJ6NGQ0ODFKN3I1MEZUWkd1Y2p3bTJoS05YSXpQVFFvNU5nMXk1Qy1vQVd5UHZqc0RlLTNVN3FLdUNtVVloZlg3WkJZOWRfYWZpT1Y4N044WGVnYmRyT1RBb0dXR2k4Y1VRbjh3RWxXNFZLU1pMdnliQWVIWTdJR1J6OVpfbThicTTSAdYCQVVfeXFMTWRnN3JvQnctZ2RMN1dMQjZhZE9ZLXhXS1k4NFN5UDRlUnJja1BvSVFjckJQX2oxYV81M1FLeHhMNEpLblFZb29WZERFMmZsd3FVWEk3QmI0Z0hMelZvbWJPclpRVUdDcVN4azZjeFVIRExNdlhVcVFoRkNYUHJDdk1yc2l1SHR5N2JjOUhtVEpSbnFrQXJJNzNqMllKMnpzTEJQN2NmeXJJMkZTcXlLS21sZGowMVQ5UTBvcnk3VWdpaU1iRlhjZDJZWUR4SmkxN0ROYXExYzQtdElIR2NZdFZGdExwSDhmdlpQanNVcndqVklxam91Y25YN1hBVmhjei1UOWxyTzItTXJEWndvZGQ5ZFU2X2NrcXNxLTdKMGR0amFkNE5uQjdkcGQ3NXAydEx6OV9IV3NDZHFTeS1WTkFBWnVxd1ozZldkYjVxdXFEWXVmZjR3?hl=en-US&gl=US&ceid=US%3Aen,The Manila Times,11 hours ago,🤖 AI Drones,https://news.google.com/api/attachments/CC8iK0NnNXVhRGx2TUhKYVVXWXdkeTB3VFJDUkF4ajhCU2dLTWdhcFpaTE5LUWM=-w200-h112-p-df-rw,2025-09-22T02:05:46.469249
Ukrainian Drone Attack Strikes Crimea Resort: Fatalities Reported,https://news.google.com/read/CBMiwAFBVV95cUxPM0VvbnFmV2dfbTZSaWhtZVIycm5ETjM2R01CUDAtV2tVLU9TZjh4cWx1U0d3Qk1RVTAzRnF2djYyZU5pYWdKRWRpclhzanpXZjNRU3FHb0YwbGN5dFV4UU0wM2dMVzNBUU9kbFhGc2hNYm1RdlpGMC1QNEVPU1pLMGp0SFVxQm9vWl90cnRCX1dwUFNYM2d5MERWZXVzTE5xQVI4OHF2enlwVzNMVHF0b2dIV2NqOWRudG42MVpueDDSAcABQVVfeXFMTzNFb25xZldnX202UmlobWVSMnJuRE4zNkdNQlAwLVdrVS1PU2Y4eHFsdVNHd0JNUVUwM0ZxdnY2MmVOaWFnSkVkaXJYc2p6V2YzUVNxR29GMGxjeXRVeFFNMDNnTFczQVFPZGxYRnNoTWJtUXZaRjAtUDRFT1NaSzBqdEhVcUJvb1pfdHJ0Ql9XcFBTWDNneTBEVmV1c0xOcUFSODhxdnp5cFczTFRxdG9nSFdjajlkbnRuNjFabngw?hl=en-US&gl=US&ceid=US%3Aen,Devdiscourse,3 hours ago,🤖 AI Drones,https://news.google.com/api/attachments/CC8iL0NnNHdhWEo0V0dWSFF6bE1iek5VVFJDcUJCaXFCQ2dLTWdtRlFab0dJaWxjU3dJ=-w200-h112-p-df-rw,2025-09-22T02:05:46.469250
Zyxel subsidiary ZyFlex launches reusable hard-kill drones,https://news.google.com/read/CBMimgFBVV95cUxNYnp2bjlPSnh2YllQcXhFWGJpYWNGSjF2SzBQdW93TnM4UlRJOWVNcWR0cXAyaXJydGszR1NxTHlEQktBTUFzOXdCOGFyN2ZhZEVIUm54Zzk0Y0hkQ2lHTHdoWWp1SlZKcmFmaGJaQUgyUXpWbWJBaGNRZHVxcTR4MVVJU0Y3aVZJUjhhTVhIRXlhRnVFbFZ1SDRn?hl=en-US&gl=US&ceid=US%3Aen,digitimes,23 hours ago,🤖 AI Drones,https://news.google.com/api/attachments/CC8iK0NnNXpVM0pTVkZKbVppMVVMVkJvVFJDckF4aUFCU2dLTWdZWlZZek5PUVk=-w200-h112-p-df-rw,2025-09-22T02:05:46.469252
Ukraine courts foreign cash for military 'Silicon Valley',https://news.google.com/read/CBMirgFBVV95cUxPdjA2VVJuSUVqYzVOMXdkOVpLS1REQkt1Q2w3WlJEWTZWM0JRdEgwVVItem1VdTN3RkF6aFdDQjNWWUVDNldIM1JLcFlYbU5qajVrUWlHa1ZLWGpyc29YMEFJM081LWRfTzJxMTJIT2JjQTVGS1BoTS1INzlXVWI4eXFEX1V1SHdXN2laNVFUNVNlOFY2aUxHYmdlbWY4UnlhZUNXMVVrMmEtdi1nLVHSAbMBQVVfeXFMTTc4VEdyU0VpNHN2OHZKbVRHTktxeTJyZzQtY3RfRF9fUWVINXNuV3RtZGZ5U04wRmtad2s1ZkpvMGw2SERBRW5UdE9QRGJjYmd4MEozbThkR3lWZ2h1VzBqaEItMURDOGhfUnowUkh6T09KT0thQzJnQXpybVBNVDFUV3lYTHNFUlhxVTl5WnQ4dnR6dHlQX2Z4UW1DdXBWY05zQ0JLa3ZMOEhjV0xTcWxFSGs?hl=en-US&gl=US&ceid=US%3Aen,NST Online,1 hour ago,🤖 AI Drones,https://news.google.com/api/attachments/CC8iL0NnNUNUVEZTVVhsbFoxUm1ieTB4VFJDd0FoanNCQ2dLTWdrQkFJZ2xUdVJUVkFF=-w200-h112-p-df-rw,2025-09-22T02:05:46.469254
Cutting-edge safety: Kiwi team builds AI chainsaw drone,https://news.google.com/read/CBMisAFBVV95cUxPOXEyY0t2aTFpOHdNTU5ZbHgzLTNhMHZaUzA0dkJ1eEE1b2RsenBYVzU0ODdneU1RR1UtNjFXZlkyOGdNNElyZWVweXBTQUFBNFl2Mmg3aFdxQUNFdWtXY1RKR3FWVnF5QUhxU3FJZXZfaFBBNDd0dTRSTWt3WlAzUXU5dXBGNVBqMVV1NGtYS2xjcDNBUFMtel9ZN0l6d0hCX0FDazhTLXdnaGpGQ0dsMg?hl=en-US&gl=US&ceid=US%3Aen,Newstalk ZB,22 hours ago,🤖 AI Drones,https://news.google.com/api/attachments/CC8iI0NnNUdiMmd3Y21sQlgyaHFURVpMVFJEN0FoaWlCU2dLTWdB=-w200-h112-p-df-rw,2025-09-22T02:05:46.469256
Deadly Drone Strike: Ukrainian Attack Rocks Crimean Resort,https://news.google.com/read/CBMitwFBVV95cUxPRV9vNlNXeTVySTlPT2RHN0pZZDIyOWFNaUl3Zmo5OUxrX1E2Qm15elk3Q09zRmw2WjlWMUZaSzk1Z21PSlpRMGVpSzJJb1gwd0NjQk5KTnNqR3hGWGJJTzNYeWU5RVRFUlBKV3RDOW0wVlhGQkU1X2xOTU8tWXpNRGtmbnNtblFSUTNtdWluZ21sTWd2OXFhVDFFbEdTMG0zRG4wSzhKNVpDMmp1Vk9zTVQ3SU5WcGPSAbcBQVVfeXFMT0VfbzZTV3k1ckk5T09kRzdKWWQyMjlhTWlJd2ZqOTlMa19RNkJteXpZN0NPc0ZsNlo5VjFGWks5NWdtT0paUTBlaUsySW9YMHdDY0JOSk5zakd4RlhiSU8zWHllOUVURVJQSld0QzltMFZYRkJFNV9sTk1PLVl6TURrZm5zbW5RUlEzbXVpbmdtbE1ndjlxYVQxRWxHUzBtM0RuMEs4SjVaQzJqdVZPc01UN0lOVnBj?hl=en-US&gl=US&ceid=US%3Aen,Devdiscourse,5 hours ago,🤖 AI Drones,https://news.google.com/api/attachments/CC8iL0NnNHdhWEo0V0dWSFF6bE1iek5VVFJDcUJCaXFCQ2dLTWdtRlFab0dJaWxjU3dJ=-w200-h112-p-df-rw,2025-09-22T02:05:46.469257
How AI is reshaping India’s industries; A journey through Poomaale Estate in Coorg,https://news.google.com/read/CBMimgFBVV95cUxPcWMxelc3TDdzRDB1SDVlTWN4WGV5aGZaM3VwVVpxUFhJN2JoRGlkbHVPLV9PY3A3UnM0Uk9QS3dNSTQzMkVaY09kZGZmc1BFZ3lnUmVHeFhXUVZoZnJGV2wydjdZdnc2R2Y0d2p3WTQ2VE5McEx3R21ENTZBVDRVQmVpaFEzaTYtZE80ODZ3T25Xbm5OR0h3U1Jn?hl=en-US&gl=US&ceid=US%3Aen,YourStory.com,23 hours ago,🤖 AI Drones,https://news.google.com/api/attachments/CC8iK0NnNXBiMHhsYTBkcVVEZG1TRkZNVFJDZkF4ampCU2dLTWdZaFFKS3VtUWs=-w200-h112-p-df-rw,2025-09-22T02:05:46.469259
"New model allows drones to make complex formations, just by observing their neighbours",https://news.google.com/read/CBMisAFBVV95cUxNeW01eFhaYmJ0djFqeUsxRzFRcGNod19EaHhxeGdPSkRfV0l0Z2JFa1l0dEVXS0VZN2xoWVI5Y25CVXlCVU9uVXJZY3ZuZk5QeWdBYm9ESVpFcW5uLUJnWEdfeERwRV9TSzhXLXo1Tng4SjhhR3pFR2hGRmVtN0ZrTVh4eVJxM3ZHT3k3VzFLWkhWd3NXdW1BbFZVa0NLQzJneE9uYUdNbXdLeUJZZjIyUA?hl=en-US&gl=US&ceid=US%3Aen,researchmatters.in,1 hour ago,🐝 Drone Swarms,https://news.google.com/api/attachments/CC8iJ0NnNDVNbGxPTm1JNFZsbHJNRzB4VFJDb0FSaXNBaWdCTWdNWkFnQQ=-w200-h112-p-df-rw,2025-09-22T02:05:46.469261
Is India Vulnerable? China Unveils Futuristic Naval Digital ‘Great Wall’ Inspired By Israel – Everything You Need To Know,https://news.google.com/read/CBMi8wFBVV95cUxObE9YbW1Xd3VzbThxb1dnUlRBWG9Gckl5ZTVxVGNFcnotYWZXaWtjSDhWdW90S3BMYkNJd0ZXbGRMQkFpd3BXcjJjX2o4RDUzVzkySlFYeklpeWowS29WTUJIQXZLZTRuaGtsUUoyMlhCYkotMXBKbC1nWlVzcW1CUnhKUXBDWFNYNE1HNTQ1YWJlOWRYVVlxQ2dpa3dxZE5QaXJwelNPN3NIWldrbU5ZVjFUR2R5TW5iRExQalpwRHJjTHV6QzV4SVVmcXRjWGRlejZ3Xy0xVG5Xa3NVQjNHZDZEbTJIdVIwV3BCZ21Ha1dDSmfSAfgBQVVfeXFMUF82VWxvSzJPZXo5aXJtV21zMk85U1MyZE12eU5kajc4bkd4Z0M4SXZmOWZCYW9kTHd6T25CVlZoWk5UU0JwZTUzTXZGcEE2T3RLem1Xb29MMXdaVjczRDJjWjNEb2dsMnVNcU5SVWRYRDZjbGJlVXdpdThnOGxTcDBWdUYtUDFjOGhVNTc4Zk5xbFJYTjIzdFczNGhuMFVreDJZMzd0SEo0aUt4QllnUjgzZEVEeUNWVWc0VHVmcThvQUVOaThvRjJPLU9FVWtqZEdHWDRaYVhfVndiZkZiUGd0c3RnM0ZSX21DaWZMZE9iNi1uNHVUcHo?hl=en-US&gl=US&ceid=US%3Aen,Zee News,5 hours ago,🐝 Drone Swarms,https://news.google.com/api/attachments/CC8iK0NnNVJkVFpEWW14TFVsUTRVR013VFJDZkF4ampCU2dLTWdZUkZKaXRFUWs=-w200-h112-p-df-rw,2025-09-22T02:05:46.469262
"Russia shifts from talk to action, targeting NATO homeland amid fears of global war",https://news.google.com/read/CBMitgFBVV95cUxNWlZjTDdzemx6aTRWcWEwaHhCMFdlTk5WcmRCWWNSSWFoTjJEUWZEaFk2MVhtUWpDTWE0Y3gzUm1ybHNlS3pMdkpQWjhpNnhTMDB0aG5nazFPSzA0OGFNaGExOGtoWUNnM2lraWlFNmhfNnpuMWZqdG5tRUZVQWVRRGJUNm1xdnAwSkI1MVNLTVdGWjBOa0hZb0JBdzd1NDM3Tkd1dzQweXZNT2FKcjFVV2hTRnkwUQ?hl=en-US&gl=US&ceid=US%3Aen,wwbl.com,13 hours ago,🐝 Drone Swarms,https://news.google.com/api/attachments/CC8iK0NnNDBNbkZITUdWclpsTTBia2RNVFJDb0FSaXNBaWdCTWdhRkk1QndKUWc=-w200-h112-p-df-rw,2025-09-22T02:05:46.469264
UK Drone Wars: Hunters And Saboteurs Clash In High-Tech Aerial Conflict,https://news.google.com/read/CBMiekFVX3lxTE5HcGpvZkIwdTRKaDBqNnc0UTVkcWdQZlRzYkJZdzJBSlBaUTdCa2kweF9CTHpQOHh3a3p5OURkMksyY1pFaFlFalZYd3pwTnNNNjhLMVdMck1rMk5iODZQazFzNEk5M1BEeXlmanRxQW1xdW16RUVIejRn?hl=en-US&gl=US&ceid=US%3Aen,DroneXL.co,1 hour ago,🔬 Drone Technology,https://news.google.com/api/attachments/CC8iK0NnNUpSakp4YUZOWk9HVjJlbGhIVFJDMkF4aThCU2dLTWdhQmNaTHp0QVk=-w200-h112-p-df-rw,2025-09-22T02:05:46.469266
What is Europe’s drone wall and what tech could guard its border?,https://news.google.com/read/CBMiywFBVV95cUxQZWFTbGdzYW9FaEQ1WG9LamU3cHZMb0daYnpvZmFmdUk2c0ttY3VYY0tJb2NrWE5NLVFwZlVvbUtpZmVQN0dJZ2VYSFRaN3VNLVZYYjQxUXg2WWJVSWVRTGJNR3hXRkJWbG9SMFNXLU5OZ204Slg1UFNRMlpIU0RIZmxSZWhGblFqeXhOa1pSVl81SFRURXlkc19uMzdSeVhnQ24zaEZ2alE5cmZmNjczeU51LTVheTgyek5PRGQwa3pYSnhjV2YxQUpBVQ?hl=en-US&gl=US&ceid=US%3Aen,Euronews.com,20 hours ago,🔬 Drone Technology,https://news.google.com/api/attachments/CC8iK0NnNXdOSFJpWmtsR2MwWllWbkEzVFJDZkF4ampCU2dLTWdheGRJQ09yUWM=-w200-h112-p-df-rw,2025-09-22T02:05:46.469267
Empowering Women in Agriculture: The Drone Didi Revolution,https://news.google.com/read/CBMisgFBVV95cUxPYXFNYmxUZ2lybWx4UU1PU0NWUkw4WXdkWFM5LWItU0hpUENoYnA1OVEtQ1BkeElrVEFjTUlvSHV6SElFODh4RUZVUkZsRWNDYjFGbmJSX1hVM0FYZ0dmODFla3VWaGpVZFR5SWpUeEtYQUM4alRvdW9DSG1EdkgzLTFVZUU0a283eFQ0R1NfQldEdWVQbmp4d01takl4UlZDWHMxd0djNWhLbFRyY1hrWUp30gG3AUFVX3lxTE5PSWVRVnJueEo1RFRKY2VKU0RqTFQ4Z0YwNElCOFduTDFlRW9vdWxENnlmSy1BUGd5UXBaWGlzVXVFOE94S1FHUlVEeXVTWmR6U2dZRTBmNG9lMnYxQlpEQVdQOWJ0UWt2YTkwdERKRXA4ZDFRcU1TYkVGeHp2azE5b2dCdG10c3JnT21rZHlwRnBSWmdXdXlpdXp4TVg0amo3SFAzaGlPWkN4VlQ5OVZodTFCWGlWWQ?hl=en-US&gl=US&ceid=US%3Aen,Devdiscourse,7 hours ago,🔬 Drone Technology,https://news.google.com/api/attachments/CC8iK0NnNUdSME5XYjFkYWRFNU5lbE5aVFJDcUJCaXFCQ2dLTWdZQmdaS3JzUWM=-w200-h112-p-df-rw,2025-09-22T02:05:46.469269
"General Atomics unmanned aircraft surpass 9 million flight hours, YFQ-42A testing moves ahead",https://news.google.com/read/CBMivgFBVV95cUxPcWxuRmowMjhVc05NTldac2RaQm5Ham0tNXh4eGJkdmQ1R2I4YTZKSFlELUdMa0ZWNnN1YVlmUTdoTlM2c3Vhal94WUxRX3lpRW1EcDhGN2cxSnNfSlFkUm96QllVaXRzcW45enlIU2x0LVpQbFU3LWtGZmozZWk3M0xyZzRRMnY5UV9FWkNlODRZZUFoN2hWRGRPdTBQZkxRdWZRV3dkTVFCeDU4X0RpTXgzOU1LdVFWSC1mTDF3?hl=en-US&gl=US&ceid=US%3Aen,Defence Industry Europe,3 hours ago,🛩️ Unmanned Aircraft,https://news.google.com/api/attachments/CC8iK0NnNXlWamN6WVhGRWNGSXRiVGhPVFJDUkF4ajlCU2dLTWdhSnM0NnBQUVk=-w200-h112-p-df-rw,2025-09-22T02:05:46.469271
GA-ASI UAS offerings pass 9 million flight hours,https://news.google.com/read/CBMijgFBVV95cUxPV3NIN3FFdGVnTFBubFhaWXFFZi1YMGxyNDZNRzU1ek1LTzg0QUN0eDNnTkdoYlBFSnRBX1RUMVRsS05razFMR2NGanhCb0RJbVZ5N0RBalg2aFpXZGlyTXVtM0pCT1hMRWZIRW40MkM1WEJKYWE4TjVtOTFXQ3JEa0Rwek40YUZCaUZBTmRn?hl=en-US&gl=US&ceid=US%3Aen,news.satnews.com,4 hours ago,🛩️ Unmanned Aircraft,https://news.google.com/api/attachments/CC8iK0NnNU9TMm90VmxGM1NsQlBWRGRGVFJESkFoaWtCeWdLTWdZWkVKQXFNZ2M=-w200-h112-p-df-rw,2025-09-22T02:05:46.469273
Skunk Works Introduces Vectis Stealth CCA,https://news.google.com/read/CBMieEFVX3lxTE5reUZZblljOGRMenVnZTdVWk5sX3JueC0yaEhMXzVpQ0pIVkpFZERORTBMY05HUHFJUm1vQzBrcUJVdTdsMGo1R1pTcm1VX0VMQjk2NU9YQWJiT2EyQ2l5bVdoVVZPMkZsRlBHSl9RdXBiNC1KNGNJVA?hl=en-US&gl=US&ceid=US%3Aen,The Aviationist,8 hours ago,🛩️ Unmanned Aircraft,https://news.google.com/api/attachments/CC8iK0NnNTFlRGN3TUdWcmRraFBOamRFVFJDZkF4amlCU2dLTWdhTmNaQU5yUVk=-w200-h112-p-df-rw,2025-09-22T02:05:46.469275
GA-ASI Line of UAS Passes 9 Million Flight Hours,https://news.google.com/read/CBMivgFBVV95cUxQLUpubXkwRWNQd1JDdERoVjhuWjhmUjhHTW15TGhzZmRHaUJEOHVxZjN6ZFc2RWUxdjVuZEd5U0RNZXpXa2swMXVuTmtSZFBLcnAzMkNYRG5TamxPQl9VNkJxNlBiRnV2Qk43WVIyZ204djg1S0N3V19IdTh4S01vQUZCLVVXNWN0UVJhWVp0VURaMFIwQkJsVFB3RzRzMWJjSmFETllkb1FnaW5objFYUTVhVVNCbjlCd2pMMDhn?hl=en-US&gl=US&ceid=US%3Aen,ACCESS Newswire,4 hours ago,🛩️ Unmanned Aircraft,https://news.google.com/api/attachments/CC8iI0NnNUhURVpoUlROaU1UQkJOMnhYVFJEQUF4aXNCU2dLTWdB=-w200-h112-p-df-rw,2025-09-22T02:05:46.469276
Europe’s Drone Wall: Shielding Ukraine and the East from Russia’s UAV Threat,https://news.google.com/read/CBMimAFBVV95cUxPdHVzWmQ2OUVpdDFwUVBjVTJiVlg4TUVRRlczUkNrR2ZxMkJfUHBXdGluclVxTWxQdGsyMTBlc2oyQ18ycEx3SkZWZWM5UVRiQXRaLTVmeGJCWWdqZ2JmX0VRNllmWXlpMFRSWFhCSmhuUWx0WHdnNkNwczRGWXRlTU1NOUVSeXl2UU5XNWc2bFR6WFQ5R1pzZA?hl=en-US&gl=US&ceid=US%3Aen,Azat TV,12 hours ago,🛡️ Counter-Drone,https://news.google.com/api/attachments/CC8iJ0NnNVBhMEp5UWxkaU5HZEliVEo0VFJDTkJCaklCQ2dLTWdNQllBdw=-w200-h112-p-df-rw,2025-09-22T02:05:46.469278
'Helpless and violated': Residents frightened by drone 'flying near windows at night',https://news.google.com/read/CBMingFBVV95cUxPczMteHZqbmI5WGJyUFlvOVp2ejlsMS1sZmlKeGVDaWZmNXFCVVpNakQtZndrWkVzandDT0hQYUZnS3Z2c0JJMVBqdlA4b3daNTZjb0stSWF3SURvcnV0aDdzQkdoR1dERG82dWZia25zNlRoOEpFRE9lWjdOb1Y1QzVERkJrSEpQMEdzd1A5cEpKb1hPMlJNdE53a0t6dw?hl=en-US&gl=US&ceid=US%3Aen,Dorset Echo,2 hours ago,🛡️ Counter-Drone,https://news.google.com/api/attachments/CC8iK0NnNUxWalJGVnkxUmFVSTNXRkJyVFJEUkF4anNCQ2dLTWdZaE1KU1hHQW8=-w200-h112-p-df-rw,2025-09-22T02:05:46.469280
Lockheed’s Skunk Works unveils work on a potential CCA competitor,https://news.google.com/read/CBMivAFBVV95cUxPR01waHlXRE1Ub0NtdEVsU2pmandwVUZkVzNkYUI2ZjdOWEVvX2ZReDNhcWZjTmtWRnF6VzNKWUUwNHlnOWNqYWI5QTRUaHlueVdrOC10SWF6NVRxbEpLRFpheVJSaXBPZHUzNjZXS3lHTXEyQXNfQ3VtV19WM1p6UW5OYWhMMGRlaC1RclVfRzU1TEZkVGhIaGEzeUpIUUo0VFNuRk03ODBjY2RJOGJrR1lJNGVvVWVacDZCZQ?hl=en-US&gl=US&ceid=US%3Aen,Defense One,8 hours ago,🛡️ Drone Defense,https://news.google.com/api/attachments/CC8iK0NnNDVibWxvYm5KcldqUnJaMDUwVFJEM0FoaXlCaWdLTWdZQllZWU5NUVU=-w200-h112-p-df-rw,2025-09-22T02:05:46.469281
Billion-Dollar Defense vs $10K Drones—Expert Says NATO’s System Is Stuck in the ’80s,https://news.google.com/read/CBMiwwFBVV95cUxONkw4ZTZTb2Q1Qk9MSUNobkZjbWxGUWpuR2FjY0lEUWVyY194ZHlUa0x5aHJJZTROT3JyeDdyWW5ybzhkei0zRUhRNGdqTnJubEJYYjJUSDZkcFlKdkRvVzlOeXFtN2pPSklHdV8wcXlGSUJxY0VNUXFPekpwR3JPTDFrWS1RbWZBUVhJRGxMdjJBRVozVWtZVU95QTlmejBoYXA2YzV0V1JOWDJ3YnVxZFNpd3haRzFvaE1VMnhDbHdjWWs?hl=en-US&gl=US&ceid=US%3Aen,UNITED24 Media,14 hours ago,🛡️ Drone Defense,https://news.google.com/api/attachments/CC8iK0NnNXVWa3h5YTJObGEzZFJkSGhpVFJERUF4aW1CU2dLTWdhUmdwSXBOUWM=-w200-h112-p-df-rw,2025-09-22T02:05:46.469283
NATO Faces Urgent Challenge: Can It Keep Pace with Russia’s Expanding Drone Arsenal?,https://news.google.com/read/CBMiywFBVV95cUxQZ0MwazRDVVdESEM0Sm9zMWQ1cWprWnNkend1RlZuLVdvTjlvT0dzMk5wLTVpUVRRZzU1aTZFOHFGbHJieW1ZQ2dSam45cUJWam5CY1h1NHZIenhHY1hwdnd3djJCR0JRcERIZ1lic2FJWGVZTEdMWERYbkg5THRTU1FMRkJrX21mSms1TlRwcXdQSlZpSjhfejlmVzgzS1hNY29xNUFMbTBfTEFDYl9aRDRtaTllaS1MdkwzeDVuOEdPWnRIb1dEMVhjSQ?hl=en-US&gl=US&ceid=US%3Aen,رکنا,16 hours ago,🛡️ Counter-UAV,https://news.google.com/api/attachments/CC8iK0NnNVlkMUZQU0ZwdmFURTNkMlJvVFJDZkF4ampCU2dLTWdZUmNwSXBNUWM=-w200-h112-p-df-rw,2025-09-22T02:05:46.469285
Mobilicom Showcases Cybersecure UAV Solutions at TADTE 2025 with Alifecom,https://news.google.com/read/CBMixwFBVV95cUxQSGszNURYOEV6MGhnbFQ4VjNpTEhWNVVCOXZLbFZ0Zm5ueERhT1FmN2kyenVjX2FmMlcxbEM0eDdfN0RpbkhKSl9wLXJfTkpPMDJLSUZacFJPQnA5MTEtc3dYVlNKdFI4ZFBDNGtwWVVhcU53My1GY2dYd19TUUhWOGRULWZHN091bmRSU2JKVDFqN1lVTnRsZVc2cXpxdV8yZXI1UjVlMmNIUjlHcEhWLWk5LWRDYTZEZ2d3RTdpUlktQU5OSU9n?hl=en-US&gl=US&ceid=US%3Aen,The Fast Mode,1 hour ago,📦 Commercial Drones,https://news.google.com/api/attachments/CC8iK0NnNVZlalJWU0dWR1JWVjRjakJtVFJDWUF4andCU2dLTWdhcFk1Q3VLUWM=-w200-h112-p-df-rw,2025-09-22T02:05:46.469286
Mauritius Drone Laws 2025: 8 Critical Rules & Recent Updates Every Pilot Must Know,https://news.google.com/read/CBMiogFBVV95cUxQeVM1cXNqSEFmdE9SZVczeWxRYWhkeTJPWkV4dnpkMDUyZlNWaEZSdTBGR1BWRF9SdUpKaUNNaVkxNXQzdUJ3cUpjaVNQeTlpRFVXNWNkQmNTLVduSjRrZTZISGZCRG43OEl3TS1DaVREVWlUalctN05TaUlQMFk2VVluQnoxaEhXOE5aMHN6b3NfM3BKUkFsalVKd05uNFBUeWc?hl=en-US&gl=US&ceid=US%3Aen,ts2.tech,10 hours ago,📦 Commercial Drones,https://news.google.com/api/attachments/CC8iJ0NnNUxWVFU1TTJwZk5VTjBlR2QwVFJDZUF4amtCU2dLTWdPaE5Bbw=-w200-h112-p-df-rw,2025-09-22T02:05:46.469288
"Unusual Machines (UMAC): Valuation in Focus After Acquisition, U.S. Expansion, and New Growth Initiatives",https://news.google.com/read/CBMi0gFBVV95cUxOX3k5Rk55eXdaSTRaZGhWbTlWWHdCeG8wWkxFajIwdTdRZjBBWVVaVWR6TG5BcUVSNzZWanlVRFBkNkNDQjRqbzYtX1NiOVo3WGJTNTFqWDQtN2JCTDktR1RKR0tHM3FRTm1Ma015S01jU2wtdURVTTZzN194bnNsREl5NzVFanlqOEZqTDUwUUlLRG5TQm16ejhPNDJDSGhPSWx5bmhTcjlndTBIVWNSenYyeUNBMVRTOXpYaWNUQnIxNGtiZnJqaTliclNJNE9RdlHSAdIBQVVfeXFMTl95OUZOeXl3Wkk0WmRoVm05Vlh3QnhvMFpMRWoyMHU3UWYwQVlVWlVkekxuQXFFUjc2Vmp5VURQZDZDQ0I0am82LV9TYjlaN1hiUzUxalg0LTdiQkw5LUdUSkdLRzNxUU5tTGtNeUtNY1NsLXVEVU02czdfeG5zbERJeTc1RWp5ajhGakw1MFFJS0RuU0Jteno4TzQyQ0hoT0lseW5oU3I5Z3UwSFVjUnp2MnlDQTFUUzl6WGljVEJyMTRrYmZyamk5YnJTSTRPUXZR?hl=en-US&gl=US&ceid=US%3Aen,simplywall.st,7 hours ago,📦 Commercial Drones,https://news.google.com/api/attachments/CC8iK0NnNHRlR0ZQVkd4bWFUQmlUSGxEVFJETkFoaVpCeWdLTWdZQkVKS3dGQWc=-w200-h112-p-df-rw,2025-09-22T02:05:46.469289
Drone operators call for CAA to speed up certfications process,https://news.google.com/read/CBMiqAFBVV95cUxOVVJYZTdUVkRQbUFiZWM2dUthc0ZoQVdWek91cXRCeWFmY1kwNm5oZFdmdmtsZ21IVzBrblg2aEV4dnlvRjZpOVBDQ3NueVV1Q2k4V3F1THc0bHdKWV8zZ3RYeHFDMmVFNmh4RW9odXdacnNPQ3A3RmxIdlRvTmt2LURfMkk4ZHBDc2lUazE1V09rTUZUOC1XaGhXY041TVNTb2tLMlFnTko?hl=en-US&gl=US&ceid=US%3Aen,RNZ,2 hours ago,📦 Commercial Drones,https://news.google.com/api/attachments/CC8iJ0NnNDBVRjlyVDFBMWRIUTJiRTFCVFJDMkF4aTlCU2dLTWdPWnN4UQ=-w200-h112-p-df-rw,2025-09-22T02:05:46.469291
Cardi B Makes Guinness World Records History Thanks to ‘Am I The Drama?’,https://news.google.com/read/CBMiqAFBVV95cUxPcmxpTEh1QnNkRUQ4Y0hIVHQ3UTlLNUMya2VBNHpJWXhFaEJsaG50b1BFNkhuSWZtcVNsLXFSbnEzSERvTVRoU0txY21QNVNFRzVwZU1UekpDNXhqMmtVNnZWTEhSemlwbFJ6aC0wSTdVRFVvd1UxRzRKSEl1cnUyNVFycmtRbmtzeWo0TzlQcXJmRFdacHp3YnlwVkhfanhFRDU0UVpXcU3SAa4BQVVfeXFMTWY1MXVDLVdWNHdzUU5udG5yaW95MWwxZ3pINUlNT3RFQXJXQmkxRjlwek85c3FNeGpVcmp0OHgtN0g3RFZGS1hMLVl3ZlFUSm9vbkxEWlk0cHhVSE1oZUhJSE1qVGJJYzhLcGhYTXZLUmlKMDFpQVI2RkEybkF2cTdXdll2VTMxVHN3WU9GZzFYUzVPek1nUWgycnowUkR4NUQ5OEtma042NWRBbTFB?hl=en-US&gl=US&ceid=US%3Aen,That Grape Juice.net,6 hours ago,📦 Commercial Drones,https://news.google.com/api/attachments/CC8iK0NnNVZSVlYyZWpsdVpraGtVelpuVFJDcUJCaXFCQ2dLTWdhcGRZN05MUWM=-w200-h112-p-df-rw,2025-09-22T02:05:46.469293
Gyalze fireworks: a cautionary tale of greenwashing practices,https://news.google.com/read/CBMiggFBVV95cUxQUXBnZlZfQW9qQUFqdzNkX0Q4YVdiWDRmd2dDWDJJcGRaNlQ4WEVZcnhpWDMwMDdPTFFPeFQ0c0N6emhGSmZ1X0EtWWFZR01WUEF6OE1BdlQ2dGJoYVNhTXFWR3B2OWprZEVGWk05dlA0VXBhWHM0UTdzMlFPUnNWVVpB?hl=en-US&gl=US&ceid=US%3Aen,China Daily - Global Edition,1 hour ago,📦 Commercial Drones,https://news.google.com/api/attachments/CC8iK0NnNHdNMWRFY1ZWZlYwNVNRWEpIVFJDM0FSaVRBaWdCTWdZQm9JNE1QQVU=-w200-h112-p-df-rw,2025-09-22T02:05:46.469294
Cardi B Sets Drone Delivery World Record With ‘Am I The Drama?’,https://news.google.com/read/CBMimAFBVV95cUxPRUpieUhyT3RpWlBIc1ZuTURBNm0teEtqeGlkMlFadjJNaFZqdlptUGZQZmZuMzJ2SE5KODk1blh2N3p4MkJ1WWhodUhnQzZCckxnbkNhcExPbDJBbUJTZUJzVjBzTHU3TnlxXzFTbUlrM245LVRFX2tYTHAwRmxrQVJ3S0xISWdUVDlwTzZ3U1J6eGxXWklLTw?hl=en-US&gl=US&ceid=US%3Aen,Yahoo,3 hours ago,📦 Drone Delivery,https://news.google.com/api/attachments/CC8iL0NnNW9hbkZXZFZacGFWVjJZMWt4VFJDZkF4amlCU2dLTWdtQllZeXRKV2pZVVFF=-w200-h112-p-df-rw,2025-09-22T02:05:46.469296
Cardi B sets Guinness World Record with 176 drone deliveries,https://news.google.com/read/CBMilwFBVV95cUxNa2FoazBUcUV5YnR4NFJVX054RkpfZHJYOUZlaE1QV04yMlNZR25ZVldsM0FacnhYTUw4RWpWTEpVRnFMRnhUNXNrX19xUVFoR2h5dzJHLWUyYkxLU2FqS0xlb1UySTh3LWpCaXNPZHpWNmtMNFRXN2ZsOTdnSHVEVFB3d0RyY3FsUUEybU9HVFEyLW1STTRZ?hl=en-US&gl=US&ceid=US%3Aen,The Guardian Nigeria News,4 hours ago,📦 Drone Delivery,https://news.google.com/api/attachments/CC8iK0NnNUNWM3BvVjBaeGIydHFOSFJ2VFJEb0FoaUFCU2dLTWdZaFpZNnRLUWM=-w200-h112-p-df-rw,2025-09-22T02:05:46.469308
Cardi B’s Guinness feat changes music forever,https://news.google.com/read/CBMie0FVX3lxTE1XdmRVRkQ5eTdVV3NMR1VGX1VGUjJMYXJYS0JQTXJOY3U1ZktmNWhaRkhFUFFvSlowR2xvY1pZNzNkQ2pGdFl4RUtfa0pPZjBqUkdhQnhMSUVHcU04czBQaVh6NGRVbm9jNkc2Ml9jcW9WdjUzMU9xdU9PRQ?hl=en-US&gl=US&ceid=US%3Aen,Rolling Out,11 hours ago,📦 Drone Delivery,https://news.google.com/api/attachments/CC8iK0NnNWZaamw0YlRaWmJVOTRVVkZXVFJEb0F4ajFCQ2dLTWdZcFJwRHNuUWs=-w200-h112-p-df-rw,2025-09-22T02:05:46.469310
Cardi B sets Guinness World Record with drone deliveries for ‘Am I the Drama?’ album launch,https://news.google.com/read/CBMiwwFBVV95cUxOMGpENU13U2M5SGw1Smd0TWdnYWFmblUza0o2TW5qemhwakVraVlCNUJrSDdYZWRhUHEtUW1TZy00NXlyMlBUNVpaWVBTVEo0Zy00TDNLZHFVeUhmUFRKVU5oTWctdlhPNTYtMDNLbHN2SGlqZ0VrZXNUbjN1QkRwQUR6NEtYVTNUa1YzV0V6T3hmUTNHSTltT0Rub1lEZnV6UzFnMWdCMVJDRk1QY05OQ2VKV3NjaklBaGRrYXRLS1hvNHPSAcsBQVVfeXFMTnotclh6N2tCbkxLNUZXdTYwczZzelhYSG1CS3RFNXdfdkF2NFJrbXRzUUJBQmlLVm80OUU1ZFBZV056Ym91NHNiYVc0ZGlnd3RkQjdjcWtmUWJEWDZObTZJMk5Md0ZTdFh4S240LTZSM2ZNS0p0bk56Q0FSNG9TWUxMd0FYQUVINE51SUphUGRwQlR2NVJ3ZjRZa1Q1YWJPQ1RVMmtaY1lzdlNMWEFEODVTc1gySi10YkNack1BeUhpWDUyWlRqdHRsU0U?hl=en-US&gl=US&ceid=US%3Aen,The Express Tribune,18 hours ago,📦 Drone Delivery,https://news.google.com/api/attachments/CC8iK0NnNHhPVWxMTmxaU1RWWlFabU5uVFJEZ0F4aUFCU2dLTWdhSlI1YkZIZ2s=-w200-h112-p-df-rw,2025-09-22T02:05:46.469312
Chipotle announces changes to delivery service for certain customers,https://news.google.com/read/CBMihAFBVV95cUxQMXR6VVIzSTFIOENPdDVPQi1zTTBVb2xuYk1TSF9HajNDSnd4T041QmpCOHZ4Sm5EODJ6VDBUVVBibEIyZkYyQ3Q0ZkpJU0ctYTlrY05SM3Zwa3VndjhtaVJULS1ENFJzOFRwS01YVHItOFVBRnVOc3FnU0ppRGZDSHBSVWc?hl=en-US&gl=US&ceid=US%3Aen,AOL.com,11 hours ago,📦 Drone Delivery,https://news.google.com/api/attachments/CC8iK0NnNVhhMWRLU0V0S1dVZEJPVzlFVFJDcUF4aUFCU2dLTWdZQm9KRExPQVk=-w200-h112-p-df-rw,2025-09-22T02:05:46.469314
"DJI Osmo Action 6 Camera Possibly Leaked, Wants to Tag Along on Your Wrist",https://news.google.com/read/CBMic0FVX3lxTFBlSXN1NURnWTlkQmpMQ0tqWlIwdEhlRzVOVHNPb1pEZjBSN050bzhVVjlsZHlzdjBjYXk0MXZLcnUyd25WdmpBX25jQVlIQ1dSUkoxRm44M29hS1FqNUtiUWNCT19hdnQ3OHY2Rm5pT0w1cHM?hl=en-US&gl=US&ceid=US%3Aen,TechEBlog -,5 hours ago,📦 Drone Delivery,https://news.google.com/api/attachments/CC8iK0NnNTNPRmhPVG1WMFVtdExRakJCVFJERUF4aW1CU2dLTWdhWlVwQVFKUWc=-w200-h112-p-df-rw,2025-09-22T02:05:46.469315
Citrus County High School Students Learn Careers in Agriculture,https://news.google.com/read/CBMimwFBVV95cUxNanE1c05KVnBTWnNtWEZZYndVQlNEUGVsYUY1QjJralJTVVRkNTk1THdka1l0VDNwbkJ3dkdMaUxqRHplTW1pdUkwMHV5eWRNZXFPR25HelRsb0pGVG15VDVmNC1nQm1oUHRPODU3Nk1VRWl5ZzczQWUwVTRFWXk2N2R4eHd2ZHRiX2VveFpyb1hZeE9JMTgxY3hSTQ?hl=en-US&gl=US&ceid=US%3Aen,Morning Ag Clips,6 hours ago,🚜 Agricultural Drones,https://news.google.com/api/attachments/CC8iK0NnNUtaVEpLYTFVNE1HNHRNVGx3VFJDUUF4alFCU2dLTWdZUm80NXV0UVk=-w200-h112-p-df-rw,2025-09-22T02:05:46.469317
"Taaffeite Gemstone: Rarity, Price & Sri Lanka Value (2025 Guide)",https://news.google.com/read/CBMif0FVX3lxTFA2alFUMG5qZ05RcWRNTTE3RVZmbnQwLUV4eTFQLURTd255ZzJDZkV3SXVfY1hnOTd6N1BKRWZ0M1ZfODRkSDN6Uk1EVGRDckdFVnMxZ3VjaVdJbkVGNTBscnBNYWU0QXNlNmxSSnVNRThIUTZUQVJsTzd5YUwzQk0?hl=en-US&gl=US&ceid=US%3Aen,Farmonaut,6 hours ago,🚜 Agricultural Drones,"https://encrypted-tbn0.gstatic.com/faviconV2?url=https://farmonaut.com&client=NEWS_360&size=96&type=FAVICON&fallback_opts=TYPE,SIZE,URL",2025-09-22T02:05:46.469319
"Women forging new path in agriculture, says UP Governor",https://news.google.com/read/CBMikwFBVV95cUxPRVl5VXVsMnVvZGVyUlNON0k3TFpRNDV5SkdGMExDejE5Y2NtTVZyOG9YbkJpMUluMWxPOGl0cHhzdm03VnByS0JiYkFjeWpfM3U5Y1J3Q1ZnbDRHcnJEeGo0RU9JWXNYWTVlT1dFY1FhM09salAzYU1qSU5wd3FPaExURWlGY1pQN3pBV3d6M0FZclnSAZgBQVVfeXFMUHNuS2s2a3M1WnpQUUtsaWtPZTZMVnBVeF9va0xjTktvcFhBWnRkU0otWi02QTNOYXVnVjdONHVpQ2hIMzlkSUJCejZ1alJITjBBd2J3dnZsUHVQN3lnZlVYaWxfbGNRY0FOUDhfX0ZqdHE0S2FQVEthVk8yYk5uMGs4blRQRU9WS3gxQU5RVnBZczRVd085VjM?hl=en-US&gl=US&ceid=US%3Aen,ThePrint,8 hours ago,🚜 Agricultural Drones,https://news.google.com/api/attachments/CC8iK0NnNXpibkF0VGpOcmFGOVpkRW8xVFJDZkF4ampCU2dLTWdhTmNaYW9MUWc=-w200-h112-p-df-rw,2025-09-22T02:05:46.469321
Russians hit car with drone in Sumy Oblast: driver injured,https://news.google.com/read/CBMiZEFVX3lxTE5VNC1MUTNuS091WGNPc0QxZl9CQzgwRkVRanhTRlJFNWRYWnpOV0JaVl9ucldjNE9DUEV4M3ZRZ1cyaUo4Q25lZnJBaE1faFFhT2JGRFBILWxHcDFHa1pUSUZFN3TSAXBBVV95cUxOQnpoSVhWMkxmaWo5WlZDdEJCV3VuS3M1WENzWmwtMXFtMzZmdlRSSml1R0xJM3YwVXdYUEs2WTZBMlRXWU83NnVlcmUyNk5jemk5a2ZydUF0WFFQWlA0TnNvXzZ3Qlc4LWk1UklPUFJX?hl=en-US&gl=US&ceid=US%3Aen,Українська правда,16 hours ago,🚜 Agricultural Drones,https://news.google.com/api/attachments/CC8iJ0NnNVhWazVYWW1ad05XdFVhR3htVFJDZkF4amtCU2dLTWdNMUlnZw=-w200-h112-p-df-rw,2025-09-22T02:05:46.469322
"GST reduction on drones to encourage wider adoption, boost domestic manufacturing",https://news.google.com/read/CBMiqgFBVV95cUxQc1p5bUJrM081LWZ1MTNxY01JYWdlZ29lWEhZRDctUXMybW5ZX1VWU3FjM3lIb1QwX0g5aXYyZXl2WWJOWTAtVVlPNVQ4MUhaZmZxeWdaRGJHaEhaMm1JTGlDU3NwTnVzUXNpdTEwUzBhdVlRa0paTmJXaDZodWIxbjhPWHNYMHJTdTd3SVFodzdTZ1diajVUTmNhMW1OTDZXU09JS1luSE1Bdw?hl=en-US&gl=US&ceid=US%3Aen,DD News,14 hours ago,🚜 Agricultural Drones,https://news.google.com/api/attachments/CC8iL0NnNTRibWxGYVdGSmRsSnJWMjV0VFJERkF4aWtCU2dLTWdrSndJWlhRS1NKVUFF=-w200-h112-p-df-rw,2025-09-22T02:05:46.469324
Pakistani authorities target farmers instead of fixing agricultural collapse,https://news.google.com/read/CBMiywFBVV95cUxOUFAzVW15a2x3b0dPMWJUSEtJMTdHYTdjdGtySEVuSzlTbUkxV2FKWDkzdUZqaFJ6Ymw3RWV4YjlONUZpRXJFZGV2clNhajQ3YTJ5R1B6VXFsU1NiS0M0LTJ6dm5RUTJ3aUhaQ0FSZEpTREVFbGQ2c21ncl9lX0MzdzVtQ0wyNlF0dDdGWFNDdllSWGwyMGRUdnN4TERUcEc1LWpCLXBaMWlEZHlZZjYtcTVCS25WMEQwZE43RDRRb0dUNDRmX1dDM3hRRdIBywFBVV95cUxOUFAzVW15a2x3b0dPMWJUSEtJMTdHYTdjdGtySEVuSzlTbUkxV2FKWDkzdUZqaFJ6Ymw3RWV4YjlONUZpRXJFZGV2clNhajQ3YTJ5R1B6VXFsU1NiS0M0LTJ6dm5RUTJ3aUhaQ0FSZEpTREVFbGQ2c21ncl9lX0MzdzVtQ0wyNlF0dDdGWFNDdllSWGwyMGRUdnN4TERUcEc1LWpCLXBaMWlEZHlZZjYtcTVCS25WMEQwZE43RDRRb0dUNDRmX1dDM3hRRQ?hl=en-US&gl=US&ceid=US%3Aen,The Statesman,14 hours ago,🚜 Agricultural Drones,https://news.google.com/api/attachments/CC8iJ0NnNTZNRE5FUkdONlJuRndNWEpIVFJDZkF4ampCU2dLTWdNdFJTWQ=-w200-h112-p-df-rw,2025-09-22T02:05:46.469326
Pakistani army accused of war crimes after drone strike on Zehri civilians,https://news.google.com/read/CBMiyAFBVV95cUxOQlR1dUhPRHlQQW5tRmpaVG0taFBoZi1XWTV3ZTBGZ2wzYUsyc3VhZG9uTVloY2M5cFI5clZEMnBIMmlTeElneUx5cjN2UVhxNWFwSV9BbWgxcEhTZ1VJd1UzMHVYM3FzdnFhXzZJeGd6bGxlVmRRdXF0VFhXTTRkeWRaUEl0ZGxHeGsxZ3hJbi1hWmRycmJ3VmZYNWVVT1k2Q1pyODZUcTg4a05Rd3hMbWhNZUttUUtFTGt5c3RTRldpZzRmb3BiTNIByAFBVV95cUxOQlR1dUhPRHlQQW5tRmpaVG0taFBoZi1XWTV3ZTBGZ2wzYUsyc3VhZG9uTVloY2M5cFI5clZEMnBIMmlTeElneUx5cjN2UVhxNWFwSV9BbWgxcEhTZ1VJd1UzMHVYM3FzdnFhXzZJeGd6bGxlVmRRdXF0VFhXTTRkeWRaUEl0ZGxHeGsxZ3hJbi1hWmRycmJ3VmZYNWVVT1k2Q1pyODZUcTg4a05Rd3hMbWhNZUttUUtFTGt5c3RTRldpZzRmb3BiTA?hl=en-US&gl=US&ceid=US%3Aen,The Statesman,14 hours ago,🚜 Agricultural Drones,https://news.google.com/api/attachments/CC8iK0NnNDROazV0TFVwV1h6Tk1XR1JyVFJDZkF4ampCU2dLTWdhVlE0ak9PUVU=-w200-h112-p-df-rw,2025-09-22T02:05:46.469328
Guess who wants to be a drone pilot?,https://news.google.com/read/CBMieEFVX3lxTE5mc3dnV3hsTkttZ2hVRzVRd1dZNDNBRDdpVUh2R3pKc0ZvbTN4ZXlJekRWYmJxWks4YlFnVllSTllQUkNxemVGMzRQZ1Y2WWNUZGxaX1QxRlVqdTZ3NHhYUDBNTGEtOGk0bEVHaXJYczlZYWRVYnRySQ?hl=en-US&gl=US&ceid=US%3Aen,South Gippsland Sentinel Times,3 hours ago,📋 Drone Regulation,https://news.google.com/api/attachments/CC8iK0NnNTBaVE5tYnpWUllXVmFVMGQzVFJDM0FSaVRBaWdCTWdZQllKaEVyUWc=-w200-h112-p-df-rw,2025-09-22T02:05:46.469329
DJI Mini 5 Pro vs. DJI Mini 4 Pro: The Ultimate Mini Drone Showdown in 2025,https://news.google.com/read/CBMimgFBVV95cUxNbDJXSElDWFk1VkF6d1JXbEdFYUNZQTEwN0d5RDhPcXJtWUtiNDQyU3Z1LUlQdy1VTnROUW4wQjQ2eENsTEN0eWlHYXFUb3JJb3VPMWlJZWtEQ01ydzFHNklzXzI0LWk2NUxWV0dGOHk0UlRxZ1BvNDBNSHd3RFQ2UkU0Rk5FNlJidHFhRGlmT3E0X2hGWTZBOTlB?hl=en-US&gl=US&ceid=US%3Aen,ts2.tech,21 hours ago,📋 Drone Regulation,https://news.google.com/api/attachments/CC8iK0NnNHdaM1oyTUY5NVdIZEpiMEY0VFJERUF4aW1CU2dLTWdhQmdwU0xzUWM=-w200-h112-p-df-rw,2025-09-22T02:05:46.469331
Civilians Caught in Crossfire: Tragedy in Belgorod,https://news.google.com/read/CBMirAFBVV95cUxPQmxVX1ZIQnZCU0Rzc0V0SG9BTHRkNmZTZVZ6YzYyS0x1aGNsT2dwTmNuMlFkdFlhYjFMbzZTaW9PbXV3cXA2dHVwcGFuNW9vdVBjSWVMZGV3bGNPdEtqWDItZ0Z5Um5NT211cF9seU1qMlY4cW5TSWJMZ0VFa0pTM2djWjBkd3c1TElLRnhneTZEc25KUHFuVVM4N2ZIcjQxU2RRWTR4N25zWG4w0gGsAUFVX3lxTE9CbFVfVkhCdkJTRHNzRXRIb0FMdGQ2ZlNlVnpjNjJLTHVoY2xPZ3BOY24yUWR0WWFiMUxvNlNpb09tdXdxcDZ0dXBwYW41b291UGNJZUxkZXdsY090S2pYMi1nRnlSbk1PbXVwX2x5TWoyVjhxblNJYkxnRUVrSlMzZ2NaMGR3dzVMSUtGeGd5NkRzbkpQcW5VUzg3ZkhyNDFTZFFZNHg3bnNYbjA?hl=en-US&gl=US&ceid=US%3Aen,Devdiscourse,15 hours ago,📋 Drone Regulation,https://news.google.com/api/attachments/CC8iK0NnNTVVR05RUXpGeE5FOTFaVzF2VFJDcUJCaXFCQ2dLTWdZQlFJcUhJUWc=-w200-h112-p-df-rw,2025-09-22T02:05:46.469333
Adivasi leaders in Andhra Pradesh demand cancellation of hydropower projects,https://news.google.com/read/CBMi5wFBVV95cUxQenZ1N0k3VmJCN0pqeGUyMTRxM1dpNXBoRHNGbHRPZHAzeXBobUJnLTZRVVNPaWVMR1VJUnlLRUFMMEphOXI0ei0yekppNDRUc1Y2dXlMc0RCd0tiSHZodGVWMTREamdfcnVxZWxVc0RPal9zU3U1WFZpTVo3eHQxRGk0N1hoUmVnMWdsQWM2ckNiYjJ5Y2VoWW5MWTVDLWkzM1N6eEV5cXJKcTE3WE45ZElZTFZsd09jNC1uTVR0T28zSjFWaW15ejR0LVJEWUFIV3V6NVlzVTVtMm51WlJhd1cwT3A2S0XSAecBQVVfeXFMUHp2dTdJN1ZiQjdKanhlMjE0cTNXaTVwaERzRmx0T2RwM3lwaG1CZy02UVVTT2llTEdVSVJ5S0VBTDBKYTlyNHotMnpKaTQ0VHNWNnV5THNEQndLYkh2aHRlVjE0RGpnX3J1cWVsVXNET2pfc1N1NVhWaU1aN3h0MURpNDdYaFJlZzFnbEFjNnJDYmIyeWNlaFluTFk1Qy1pMzNTenhFeXFySnExN1hOOWRJWUxWbHdPYzQtbk1UdE9vM0oxVmlteXo0dC1SRFlBSFd1ejVZc1U1bTJudVpSYXdXME9wNktF?hl=en-US&gl=US&ceid=US%3Aen,The Hindu,11 hours ago,📋 Drone Regulation,https://news.google.com/api/attachments/CC8iK0NnNWtVMGM1UkVZMmRrdERjVjl4VFJDZkF4ampCU2dLTWdZWkk0YnRIUWc=-w200-h112-p-df-rw,2025-09-22T02:05:46.469335
China strengthens low-altitude tourism regulation with new CAAC directives,https://news.google.com/read/CBMiuAFBVV95cUxNZmJNeEdmNFFfYlhHS3cyUjllTVdfUFFQcGZHVC1OX3prZ1pnRWhWRFNNZW54MkFHMmJhM3hzbjUtcGhmck15N2wxbmlLdzBiaTFhNnNJZXktbG9oQnhYLXd1TmRreU9FazlUS0F6VDNiT2JGYWphcHVqRXVJcVBoajVGeWxZU05kUkoxN01ZckF0Vm1ObFBqUGh3V0ZJdldRcWY2ejNPb2p2TnV0b1NWRGRGU0I2b05v?hl=en-US&gl=US&ceid=US%3Aen,Travel Daily News Asia-Pacific,4 hours ago,📋 Drone Regulation,https://news.google.com/api/attachments/CC8iJ0NnNVFWVUpqYXkxbVJEbERhSHBQVFJESUFSaXFBaWdLTWdNQmdnNA=-w200-h112-p-df-rw,2025-09-22T02:05:46.469336
"This DJI Mini 4K Drone Is Flying Off Shelves at a Record Low, and No FAA Registration Is Required",https://news.google.com/read/CBMixgFBVV95cUxPSUxEMUNoSjB6MUFrblp6eERhamdIUUlFZVZUSlpQVEp3SFFZLU5tbkw4R0kxV2FHRjNQTnFsWXRyaUpNajdrcmVGeFFYdEhuWUpvaFV2ekJKYmR0ckJJVzY4RVM0SHI1QnlkdGFiZ1NIaXpOVWVnT196dEZuZ2tGZGFsWEZXTmlIZTZRVUNqWkQzRmFKV0duR1FoaEhzQWI0VkpBSXdxUS02aUhIOXdIandjLXNzOXZydGV1eHJyWnFvWWgxRVE?hl=en-US&gl=US&ceid=US%3Aen,Gizmodo,11 hours ago,📋 FAA Drone,https://news.google.com/api/attachments/CC8iK0NnNU5TbVkyUXpCR1QzQk5PSFZJVFJERUF4aW1CU2dLTWdZaEZJVE9sUU0=-w200-h112-p-df-rw,2025-09-22T02:05:46.469338
Oswego County Drone Program Enhances Response on Oneida Lake,https://news.google.com/read/CBMinAFBVV95cUxPMUhKOHNhUmlEc1NYbFBjenpnUjBXQUg1U045UUZXNlRubmNEeDAtS1ZNamVzUUVibUtlVUk2OXBHMU44dmtUQlRQSmUzZ0JwT0JrVU5fZEJpaE52QmU5aUloQUVxVHFlLURuNG5IMGpqRGhIdjNuZTV0NFRGamFfN2g1RjBnLWxYM0hpYUV2NXVfZm1ONWNlRElJQlg?hl=en-US&gl=US&ceid=US%3Aen,Oswego County Today,12 hours ago,📋 FAA Drone,https://news.google.com/api/attachments/CC8iK0NnNXROelkxT0VscGExVlNZalpmVFJEOUFoajBBeWdLTWdZWk5KWm9IUW8=-w200-h112-p-df-rw,2025-09-22T02:05:46.469340
"Arizona Flight Ban Today: 30-Mile No-Fly Zone Set Over State Farm Stadium for ""VIP"" Visit",https://news.google.com/read/CBMipwFBVV95cUxONTU2RlZ5R2prR3JfM3NYMW9QbUU4ZHhFSVlsUWhDWEhxR3FsZmFuWlhHZldtT1pGX2c5TEFZM0NlTmN6bVJrckNLbkpXN00xRlFTaExNVU1tQkZzOU13X3dEalZDZGpUb3MyRm9xNUJxVEo5UEs5amRrRW5HNFpqU0ZCN2VUdTVlbDhXMlVoaXpxVHVubGtNZ3drb1VDQWxpY1dpeDdCTQ?hl=en-US&gl=US&ceid=US%3Aen,Country Herald,10 hours ago,📋 FAA Drone,https://news.google.com/api/attachments/CC8iK0NnNU1ObGgzZDNwTmFucDZRV2xrVFJEREFoaVVBaWdLTWdZZGdvNU51UVU=-w200-h112-p-df-rw,2025-09-22T02:05:46.469341
Ukrainian Inguar-3 survives FPV drone hit,https://news.google.com/read/CBMidkFVX3lxTE83aGc4dFJqbmhROHBBaDh1UFJwVWpuWUxtOExwY1lRM1VIeHMtNlhhTE9BQU1kRzdQRUdwMGZSMHVaWGRqQ2VsZng3QnBQVVBsdlZHWWFFRXQ1Smo4Zm1RalQ3NGVmRWRjMkJ0MzNtbzdHZnNXUlHSAXtBVV95cUxOS0k5SG9jMzc2RlVqQmZaWGF6enpuMTlwZ2drNWdVM0ZadWZINHNTNTRJSmNGQzJnSTk4STNCUVhRcmdTWGppT1daaVozNktvR3l3ekR5U2RJUFFiNm1LVFVxbkJnWGJrUWN1OFMtd0UyU2tGSm9DXzZCY0k?hl=en-US&gl=US&ceid=US%3Aen,Defence Blog,17 hours ago,🎮 FPV Drones,https://news.google.com/api/attachments/CC8iK0NnNVRUMjF5VldGM05HaFNha3h0VFJERUF4aW1CU2dLTWdhbFpaRE1yUVk=-w200-h112-p-df-rw,2025-09-22T02:05:46.469343
#UKRAINERUSSIAWAR Ukrainian Front: Testing New Drone Prototypes,https://news.google.com/read/CBMijgFBVV95cUxQNlpQTHgzNHl6MnhzQ04zblFmbUhUZE91Y0FaNWFISjFFN1J5Z0VHWWZwX0JVamU3SV9VbktfclVSd3h3Mms5STItR2hHdzJkTklOUnBZbmVZLVlBdFZYYkNpbF9TWkVzWkFZY2xyc3p0d1gxNmhrdHhjdlRMNzVkZU1ocm00WEwxeUxhSG13?hl=en-US&gl=US&ceid=US%3Aen,agc communication news,1 hour ago,🎮 FPV Drones,https://news.google.com/api/attachments/CC8iK0NnNXZSV000UldSVVJEUlVTMjl3VFJEZ0F4aUFCU2dLTWdZQk1vUUhvZ0k=-w200-h112-p-df-rw,2025-09-22T02:05:46.469345
Top 85 Gadgets Trends in September,https://news.google.com/read/CBMibEFVX3lxTE02bWpzTnZ0UlV1cGd6U0NGSkZfOE51UElNZzNRbGI3Z0JnTHpDb2NkUGtmSUgxdVBHWUxSbkdzV3d6SG5QbTBSR0ZHcHRIT2Rsd2tkeUJxaF9CQWRSMEQwMnYyd0NWZDhJTXBmOdIBckFVX3lxTE5PZXVjbm11d3piTnhWREdKT0R3NHpXMklMRXo3SVJ5bTZ1MGdYV0gzSkI3anJBM25aWXNmS0lzSEduMlVmZVdyWnhCVUNTU0ZQaGZzMjBlYkNHNEdUWTNRd1VKZlduRzBRSzZlN2V0aVFzQQ?hl=en-US&gl=US&ceid=US%3Aen,Trend Hunter,8 hours ago,🎮 FPV Drones,https://news.google.com/api/attachments/CC8iK0NnNXFWQzFMZWtwbE1VOTZjWEZtVFJDZkF4ampCU2dLTWdhQlU0aHJTUVE=-w200-h112-p-df-rw,2025-09-22T02:05:46.469347
"Occupiers were left without dugout, shoes, or toes after their ""encounter"" with Ukrainian drone. VIDEO",https://news.google.com/read/CBMi1gFBVV95cUxQTEtXb01tdEk1RlFFNVZIQXNoMTU1LVdtWENwUFVyMHJXeG85SWZMUmFYaUlOVGFGdmhodjh5YWZDWWgtaWZFXzVlX0tyVlNJdVBfaHVpWkl0amdNNklqMkEzZE03S0Y0WUhMWG05MkNieWUzSjhxaTJMVjNDdlVjV0wyN0JvekMta2ZhV1hvb2hsOWg4N3lQNWFFWEQ4TjhDNF91RV9YZlhMSDNZcWxJZjFCYW5DMllvcWlzY1p5cUg5QTJwd0lUZm5EN2o1MXo3bTg3a0Zn?hl=en-US&gl=US&ceid=US%3Aen,Цензор.НЕТ,13 hours ago,🎮 FPV Drones,"https://encrypted-tbn1.gstatic.com/faviconV2?url=https://censor.net&client=NEWS_360&size=96&type=FAVICON&fallback_opts=TYPE,SIZE,URL",2025-09-22T02:05:46.469349
Russian Forces Expand Control in Zaporizhzhia and Stepnogorsk,https://news.google.com/read/CBMiowFBVV95cUxQRXJ5R0l6OHZBN2dDS3gxeVFWNlFuLWp5ZDdiNE8yNG5oSkJ2czIxSmRtdFlQeHZaNEQwbTl4eDlYSy1QUFF2N2s2MTFGNGJUTmY5ZWRDRU5TUklBaW11Y3h3ZXNocDJUR3FVSW9mWWlEYjQ3X1QwMHNWdkUxb2Z1dk1RQ19aZ2NfMGdjdEtxaWkxMG9IdjRYWjJxbWRicHVlZHNN0gGnAUFVX3lxTE5CREsyVXBuM1R6VVVFVEtLd3FQM3hkM0RQLWF1d3kwcXVNNlVFYVFDLXI1MmxLblFMMmZjOGhSZXZmMlNOSHhCWElaSTAtWjBTLXRoMlZoYVM0RGlaR2szQUN5cHNRYkxvMHZqTk5URU1QeDJCeVV5cDJ5OXBfZno2bm9OcXJRcVE5TUg4VkhTOGNCbDNGYlF1NW1TZkhTZVVlVWRFN01B?hl=en-US&gl=US&ceid=US%3Aen,Военное дело,18 hours ago,🎮 FPV Drones,https://news.google.com/api/attachments/CC8iK0NnNDBXVk5OYzJaV1h6SnRRa1JMVFJDZkF4ampCU2dLTWdhbE5ZVHRKUU0=-w200-h112-p-df-rw,2025-09-22T02:05:46.469351
"Russian attacks on Ukraine kill 1, injure 8, target rescue workers battling fire",https://news.google.com/read/CBMie0FVX3lxTE0tWjU0RXVEZEhwcEZiNHRZYjllSGNRTU5HUDFzNDNDVDQ3SjZ6bVMzdFMzejlZYXNaSktaN05JOVRTRUprY3lSMDVRLVJtOVltNWFlVDgzWnRBVmZVYmt2c29taG9ydllJX1BVd3psN3BVRDB2ZXRvNlpYUQ?hl=en-US&gl=US&ceid=US%3Aen,The Kyiv Independent,18 hours ago,🎮 FPV Drones,https://news.google.com/api/attachments/CC8iL0NnNU5aMVIzUzBaSlVUVlFWakY1VFJDdEF4akxCU2dLTWdtQklwSlFwV2U1YUFJ=-w200-h112-p-df-rw,2025-09-22T02:05:46.469353
Russian troops shelled Kostiantynivka: one killed and wounded,https://news.google.com/read/CBMiiwFBVV95cUxNUENBLVJlNXQ0UUdUQjJkSkVrZlIwRkU3ZE1EOXVjSzFKZ3FMYWtYaWszUmZvVEs4dWJRMWdrOGVQVEQ4c1QtOFM5RHdBSWotWHZSNmZoUHdMeGtjMm9qbzE3em5pSWM1UHZwWEZEZi1Cek1jMC10eVpseHFVX2o5UkJVNkZoS2Z1cVRZ0gGKAUFVX3lxTFBzWElMaE5BYlR6YWY1V0dvcno3TEJOTkJUWlZCTkpacDdtZVpRT0xqdE1xOFIzQkpkNzZBTDZic0hKU0lhNmhKdGtJX2ZiTkFiV2tQekwwNWtjMnVVR2FGaWkzRXBodXZid1ktajFDM0U3V1lsUTRQRDNMdmJxSVBLSUZEcXMxQVBrdw?hl=en-US&gl=US&ceid=US%3Aen,Українські Національні Новини,14 hours ago,🎮 FPV Drones,https://news.google.com/api/attachments/CC8iK0NnNXFSWEk0TFdGUFNsUXdhV1JqVFJDNkF4aTJCU2dLTWdaQmdJYVRUQU0=-w200-h112-p-df-rw,2025-09-22T02:05:46.469355
Ukrainian kamikaze drones received FPV modernization: what new threats have emerged,https://news.google.com/read/CBMikwFBVV95cUxNQS1JcUZtbUlHdTFGVWw5ZExFTXRKQTVOMnFCSldjX2Z4aUdyemI0N3B2c2xoNlNZZWw2bmM1QkhlLXlQUURNcWc4YV9uYno0M3BsQXdZQnBscEtNa3Y4R25nV2x0eVNZaTdSX01BbkgyRDZrZGtMWnc1VnBld25fRjZ6NXh0eVdCM251bzhfUVlxbUE?hl=en-US&gl=US&ceid=US%3Aen,112.ua,17 hours ago,🎮 FPV Drones,https://news.google.com/api/attachments/CC8iL0NnNVFZWEJGVDNkbmIzWkhOMDB4VFJDZkF4ampCU2dLTWdrSlk0SXF6U094Q1FJ=-w200-h112-p-df-rw,2025-09-22T02:05:46.469356
"It's a Bird, It's a Plane... It's a Robot!",https://news.google.com/read/CBMihgFBVV95cUxORm4wOHE4QXpsU0d3RFVuVURtck44TS14aVdYSkswZDdJaElzRmRKVHRfc0Y4c050WS1sbXN5M3BpTXV1OHRVeGlOVDFaNTZoRDJXdFhhZDdydng3YVJ5dnliR01mekNMREgxSjNKdTRveXR0Y0hqd2dnM09sWUZrSjIzRGw5QdIBiwFBVV95cUxObWJ6QkV3TDNfXzByYng0dFdNemNLRTRVZ2tjaDJiYWh6Vk50a21xbVZiQndQbG8xUWVMaU1ZamxtNUJ6LURmVmVMZWRDWXdSbDJYNlRoMWVEN19YRUptNDNVb2VpUUZ5UDQxZHNKSjJqT2ZhSi04eGlFOU53M2drWnNpZmp4Wnk0ZnFR?hl=en-US&gl=US&ceid=US%3Aen,Hackster.io,13 hours ago,🚁 Quadcopters,https://news.google.com/api/attachments/CC8iJ0NnNUlObXBMUVUxMldYRjRjVEJoVFJDZkF4ampCU2dLTWdNTlVRdw=-w200-h112-p-df-rw,2025-09-22T02:05:46.469358
LIVE: Israel kills 14 Palestinians in Gaza since dawn,https://news.google.com/read/CBMiqgFBVV95cUxPekVaQlJoRnkzV2gzN1NmN2twXzlZdlRXQkhPYTVxRU5BMXh1SGFncWx6Y1Zab1ItZXp3V29NR21LUFJ5c3NCM3FWOXU5VGlIS3JTa3psbVhhVXdJVjMyRmEtVGVCVms2cnJkblg0ZldqcC1Vcm1ncXBBc3BBemdXRHNfSUx3WmJOS0NRT3RiVUtuMHktUzJpUmpCdldmc2tEdFZ6bDhQSmpEd9IBqgFBVV95cUxPekVaQlJoRnkzV2gzN1NmN2twXzlZdlRXQkhPYTVxRU5BMXh1SGFncWx6Y1Zab1ItZXp3V29NR21LUFJ5c3NCM3FWOXU5VGlIS3JTa3psbVhhVXdJVjMyRmEtVGVCVms2cnJkblg0ZldqcC1Vcm1ncXBBc3BBemdXRHNfSUx3WmJOS0NRT3RiVUtuMHktUzJpUmpCdldmc2tEdFZ6bDhQSmpEdw?hl=en-US&gl=US&ceid=US%3Aen,Al Jazeera,19 hours ago,🚁 Quadcopters,https://news.google.com/api/attachments/CC8iMkNnNWljR2xaUVRFMlVrSlVVM05RVFJEZ0F4aUFCU2dLTWdzQllJckp3ZVJURFdvdVRR=-w200-h112-p-df-rw,2025-09-22T02:05:46.469360
91 dead in Israeli strike on Gaza on single day; protests erupt in Tel Aviv,https://news.google.com/read/CBMi1wFBVV95cUxNNmRkTXptNUh2VUtKMGMySWRUenFCazduZGlqeTZJeXNub2hGWk5jMGRBOTh2M0NKR29vclEwM3hwM3lCN1RTbUVxT0V0R1p2MHlVc2c1MFBRa1htRkt2TUVWcmRRMlJMX0wzSHg4RDkzQmVkN2JjR3FRR2ZLbkZOeG1sa01ERVhPQ1ZOdExuREkzdW96anppLUhtaU52LWdtVVdDR2N0MGhlMVBxMUIwWTNCaE9ZTmV6bkN5MTNEdncxMkE5QVY2SEdvUUthM0ItMTJ1QVVBZ9IB1wFBVV95cUxNNmRkTXptNUh2VUtKMGMySWRUenFCazduZGlqeTZJeXNub2hGWk5jMGRBOTh2M0NKR29vclEwM3hwM3lCN1RTbUVxT0V0R1p2MHlVc2c1MFBRa1htRkt2TUVWcmRRMlJMX0wzSHg4RDkzQmVkN2JjR3FRR2ZLbkZOeG1sa01ERVhPQ1ZOdExuREkzdW96anppLUhtaU52LWdtVVdDR2N0MGhlMVBxMUIwWTNCaE9ZTmV6bkN5MTNEdncxMkE5QVY2SEdvUUthM0ItMTJ1QVVBZw?hl=en-US&gl=US&ceid=US%3Aen,ANI News,18 hours ago,🚁 Quadcopters,"https://encrypted-tbn0.gstatic.com/faviconV2?url=https://www.aninews.in&client=NEWS_360&size=96&type=FAVICON&fallback_opts=TYPE,SIZE,URL",2025-09-22T02:05:46.469362
Schiebel Unveils Next-Generation UAS: The Camcopter S-101 and S-301,https://news.google.com/read/CBMiwwFBVV95cUxQR1pkeTUwbE9ScUIxcG1nQUg1blF3RnRLTndlNUE0bWltNFRhd0JjOEdBa0dTZEVzU0ttRTljZXNDQ2wtMHdsTlc3N2x0WmZ0V3F5azBnN013b0JxcjNtWFc0Uk1va2ZaQ1pWbjlrUGRja1l6dldLdjRvbGdZMGZfUm9BQ1J6dWFYcW56dkpITmlTOFJpY21Sd25FZlVNZ3pKdWo0ZFpUMTFXSy0zdElJdXQ0UHFod1NsTHJjSi1CcjE3WFE?hl=en-US&gl=US&ceid=US%3Aen,navalnews.com,14 hours ago,🚁 VTOL Drones,https://news.google.com/api/attachments/CC8iK0NnNVRaVUpyUkV0MVpHZDVkMFZZVFJEaEF4ai1CQ2dLTWdZQlFJb0xwUVk=-w200-h112-p-df-rw,2025-09-22T02:05:46.469363
BSF trains to sharpen response in drone fight | Latest News India,https://news.google.com/read/CBMirAFBVV95cUxPLUlnRl9FMnI4Vy1rRmloclp4Y3d1RGFJSWJXeFRWUW9GUTBYV2pkZTJ6UVl2WDNMWHg4VGRPdHdqNVZUN0gyMXEzc0V3UmREMkt3dnRaV09JQzJ5eE1jTGFxM1A4Zi1SbWZzaE1qRmtQNmIzMHRoWk1uOHo2TE0wRGFkMUIzWHByMzQ5NzZ4Y1dGY2R5NEdldFl4emxONGJQMWxycFgzSC1ySXRh0gGyAUFVX3lxTE9oaERhcGxqUzgzUl8wWVVHZ0NEamt2QU5SQVRmeUN4MjZ1QjZ2NWdEYVlOVW1YaWRabHNhRXdFSlNhSU5fbzBnT2VVSDNtd1hmbUZQcjZHdzBpX3ZpbXlUTWEwWHRBcFlWQm1kLTcyYmVNTFJ5dE8yUTA4SkwzTHl6LWtFYWN0SWFBRmxpYkRVWkhmQ1doUnBtdTc1Wm5RT0dWQ2g0Z2tPNGhVWVY0RGFYcHc?hl=en-US&gl=US&ceid=US%3Aen,Hindustan Times,3 hours ago,👁️ Surveillance Drones,https://news.google.com/api/attachments/CC8iK0NnNDFlbGxNYmt0NE16bFFVekZMVFJDZkF4ampCU2dLTWdhZGs0cEx0UVU=-w200-h112-p-df-rw,2025-09-22T02:05:46.469365
"Defense Express' Weekly Review: Ukraine's Black Raven Strikes, EU Air Defense Debate, Mirage Jets Transfer, and Denmark's Patriot Rejection",https://news.google.com/read/CBMihAJBVV95cUxOYmp3aHpuQmlqdEp6amEtY2NiUkZ3LUJSS2pTNDY1QkZPWHhKM0tWSEs0RXpvbDBMMFlsRnRKVVNwZDJqMUpkSGZldUJUZjJlcmd5TGVJYTIwOFJnakpHU1FGRlYySlk4dHl4QXJab2JLamh4RTgtS2dkVW90TzByekx0dkVObWtoMEJXazVtbndwak5DLVZXT1pnb2lzTzZDRjh5N2VLYWstdVQwRzAtMktJYUxyR1hKMlZodVRTWktoeU1qZExrVndEVGZwcVVONWIxR1piT0N3THRIbWc1RzR2T24xZGFrTW9zNjR3N01rUTFVcldmd3lyOGRTSXlMZWVxZQ?hl=en-US&gl=US&ceid=US%3Aen,Defense Express,9 hours ago,🇹🇷 Bayraktar,https://news.google.com/api/attachments/CC8iI0NnNWxkRFZpVVVGUk5sSTJTbXBDVFJDWEF4anhCU2dLTWdB=-w200-h112-p-df-rw,2025-09-22T02:05:46.469367
The Tianjin Pact: Towards a New Multipolar International Order,https://news.google.com/read/CBMirwFBVV95cUxNS2NFbzVqZTZ3SFQ0enBuVXZVRHNYVU5IQkZyQmVaMTJkd0xhZDhJZUdJLTF5RVZ6VXRaLWpKYzZ1T21oNVlFZjZJdVlqV3NQWnZ0dER3M2lhdE80MWtMSlRYQVc1M1ZiNFZnZXQteU8yQUlEeDdYY0ZWaUhTWktkSFYzd3JEdmxBZWdtMm5EMEZsSFd6MXN0QzRQLXAtLTJDOHRzT20yd00xUzNZSEtz?hl=en-US&gl=US&ceid=US%3Aen,Morocco World News,8 hours ago,🇺🇸 Reaper Drone,https://news.google.com/api/attachments/CC8iK0NnNVFSMU0xWDJGZlozRmFZVU0zVFJERUF4aW1CU2dLTWdZQmtKQURzd2M=-w200-h112-p-df-rw,2025-09-22T02:05:46.469368
The DJI Mini 4K drone is in-stock and on sale at Amazon for a record-low price — but there's a small catch,https://news.google.com/read/CBMia0FVX3lxTE0wcEFvOWJYdURNTVBvRmFkY0lTWjhaU0N5Vm44dHN6Yk5vNlFHaGN4VkdWOE5GVXJfZjB1LTN5a2FmZl8xNDF2Xy1DUDRkX1B1b2xBNUY2MEwwTlQ3VXNjN3V5YldYa0ZDaU1r?hl=en-US&gl=US&ceid=US%3Aen,Mashable,57 minutes ago,🇨🇳 DJI,https://news.google.com/api/attachments/CC8iK0NnNTNZbmhuWVhSZlN6TnBUMmhRVFJDZkF4amlCU2dLTWdZbGhaTE1MUWM=-w200-h112-p-df-rw,2025-09-22T02:05:46.469370
DJI Mini 5 Pro Leak Shocks Drone World with 52-Minute Flight Time and 1-Inch Camera – Everything We Know,https://news.google.com/read/CBMiwAFBVV95cUxQbFRVX09Wb05fOWtsblM5TTkyckxXR3Mtd204MVpocVhqcnJFWVZqVndySUlLWWJ3YXkzZkRYNnYzV1hZNFVOcmFWYTdvSFJrNVgtV01KdURJMFd4VmdadXlyNnZvbWY2MTFzVm9IZVFudTBVcUo4Qllrdmh6NXI3QnlKdm54VUNOWGE0aExyUmV5aU9BRm0yblhhSmdDT2ZIRmdCOFR4ZEg5Q0lvOGhJUjR4djJaZ3VUeVY2NnhJN2M?hl=en-US&gl=US&ceid=US%3Aen,ts2.tech,12 hours ago,🇨🇳 DJI,https://news.google.com/api/attachments/CC8iK0NnNDRRWEpoZVVOUU5sTklkRUZSVFJERUF4aW1CU2dLTWdhbGRJcXRMUVk=-w200-h112-p-df-rw,2025-09-22T02:05:46.469372
Drone shot of downpour in Crystal River,https://news.google.com/read/CBMihAFBVV95cUxQYnhyeVMxSEtzeHVuaE56REJlOHlBR01PLVk0N3RZdHk5Y1FUX2hDcGRNOGk3VlRWQ1h6d0l3aEtCOHhNdVZlckxzbG5hWEtDcWpZcEJzdFY0RTlhWGE5YlF3d3I0bldQbU1STllETVJxWDViUXFvYjNlTktiTS1hYWJ5dVc?hl=en-US&gl=US&ceid=US%3Aen,Ocala-News.com,1 hour ago,🇨🇳 DJI,https://news.google.com/api/attachments/CC8iJ0NnNW5YemM1TWxSMFRqQnhlVmQ0VFJENEFoaXZCaWdLTWdNSk1BSQ=-w200-h112-p-df-rw,2025-09-22T02:05:46.469374
"DJI’s new portable power station is faster, tougher & cheaper than rivals (aff)",https://news.google.com/read/CBMihwFBVV95cUxNWU44LXZqUlJFdzhONVRfclFjcE9qdFMwREo2blhSZlZSUE5pYlZqYlJRWU43YlpIRlZjWFFwRGFkU29DYjdLeWpOVmI5S1VoV250cGN2ZGwxY0hzVnEwN3I2cVNKaHpfVmUzZkVOb0R0eVo3b0MtcTc5dHdUR3hoNHRZUC1ITlE?hl=en-US&gl=US&ceid=US%3Aen,The Scotsman,19 hours ago,🇨🇳 DJI,https://news.google.com/api/attachments/CC8iK0NnNU9URW96UjNkMk1HRklXV2hMVFJEMkFoaUFCU2dLTWdZUllvNUtxUWM=-w200-h112-p-df-rw,2025-09-22T02:05:46.469375
The versatile DJI Osmo Mobile 7P is within $1 of its lowest price ever at Amazon,https://news.google.com/read/CBMibEFVX3lxTE1DNkY3VzQyU2VnNEp6bHh2djY3SEVyaWNqbE52RWZWYWVyNWFtMzBDcWxRdW5kaFhPemdRX2psazNfSktWMk1jaUtzUmJCTXFZeG5lUkFBMlQ2eDU2ZFlHNGYyTVdpUlhoNlpfcw?hl=en-US&gl=US&ceid=US%3Aen,Mashable,3 hours ago,🇨🇳 DJI,https://news.google.com/api/attachments/CC8iI0NnNXdTbXB2UlVsNlpGTjFUMHgwVFJDZkF4ampCU2dLTWdB=-w200-h112-p-df-rw,2025-09-22T02:05:46.469377
Drones Proposed to Boost Policing in North Iceland,https://news.google.com/read/CBMijwFBVV95cUxObU8zMk1FUEtGSkE2R0Iwak9QbTZLZVFhVEpuRy16cTVMQ29qRHlxS0E3bGRfYnBoZF9hczFSR0IyemFRbW1ZSkd6Smp0Z0NidHc2TV9PclM2SEM3WTlYSXJMMWdzRHdrLW5tN2drcjVuMHpiNEFhcHNjYnMwbkp1NWFMNGJJajEwTVR1VERaOA?hl=en-US&gl=US&ceid=US%3Aen,Iceland Review,14 hours ago,🇨🇳 DJI,https://news.google.com/api/attachments/CC8iK0NnNXFVRFJVUlROMU5raG5SRGRXVFJESUFSaXNBaWdLTWdhdFE1cHZIUWs=-w200-h112-p-df-rw,2025-09-22T02:05:46.469379
Lockheed Martin Unveils Stealth Drone Vectis Designed for Collaborative Combat Operations,https://news.google.com/read/CBMitwFBVV95cUxQY2dOYW1LSkdHNWZlaGNJMnJhenVDdklhUXdwSE51WW5oTFUzcHFZazl6eGxmc2NUeFZYZTVhUzB1QjJzSHFJN01sbnZsUjVvdW5ibnh2elc3aFZjekt1ajhjWjZZeHptUy11V0c1dmxGS09md1MzNHZLRVdVZDYzNER5djFMVjRxcUFqWFNfYW5Oenh3Sk1XNzJfbzU2c3pPRnRtZHRnZ0wwczRHQTNhOVExVExiM1E?hl=en-US&gl=US&ceid=US%3Aen,SSBCrack,9 hours ago,🇺🇸 General Atomics,https://news.google.com/api/attachments/CC8iI0NnNHdlSEJzTm1nMGMzZElRbkJ5VFJDNEF4aTZCU2dLTWdB=-w200-h112-p-df-rw,2025-09-22T02:05:46.469381
School Choice and Homeschooling Plans for Military-Connected Families,https://news.google.com/read/CBMiuwFBVV95cUxOMGFQYm4wVVhoQzBIcjNJU2xRODNZRWZVQWQxUElyX1drUF9lQXM2MWRMUDAtX29tbmJvY0p0Nk5jczdld29CdDNMc1AxOEM1WVEtejVUbVdMYnlOLURGb205X0ZucnBpeWppbVJSbmttcWU2NWVBdlNQcmswdzJqZVgyRzlYS3h4cWl6ZDB6RmxUQ0hnTWdkMWcxYXc4a2hqckxDZGZSWmU4SkVkNDJfSzN5ei1NNWk4VWpR0gG7AUFVX3lxTE4wYVBibjBVWGhDMEhyM0lTbFE4M1lFZlVBZDFQSXJfV2tQX2VBczYxZExQMC1fb21uYm9jSnQ2TmNzN2V3b0J0M0xzUDE4QzVZUS16NVRtV0xieU4tREZvbTlfRm5ycGl5amltUlJua21xZTY1ZUF2U1ByazB3MmplWDJHOVhLeHhxaXpkMHpGbFRDSGdNZ2QxZzFhdzhraGpyTENkZlJaZThKRWQ0Ml9LM3l6LU01aThValE?hl=en-US&gl=US&ceid=US%3Aen,Military.com,11 hours ago,📰 Military.com,https://news.google.com/api/attachments/CC8iK0NnNDNTVGRhU21oUU0xTTRRbk51VFJDZUF4anRCQ2dLTWdhVmNaREpMQWM=-w200-h112-p-df-rw,2025-09-22T02:05:46.469382
Trump's Peace Efforts Falter as Conflicts in Ukraine and Gaza Escalate,https://news.google.com/read/CBMiuwFBVV95cUxPUlVibGlNZF9EeGVXaUZlcURoNWo5S1dDcUZnR25pUzgzQW1feXQ1SEdEUFl4aUpSdlpyNnhLYXk3VHhDYjc4WGtpQW9TZGdLRFJwQkcwdFpmNDBWaFk4VjBWd19wSHJFTzZVbWpTWXdMMkUxc3ZYQloxWDRmZFRHRlNMczQ4OVlHQjY1UTNlQW0xbFQ2RlkwbERMeDZna3FaM0hacEZfeTFKb2s2YmRCNG9GX1FuaXZENm530gG7AUFVX3lxTE9SVWJsaU1kX0R4ZVdpRmVxRGg1ajlLV0NxRmdHbmlTODNBbV95dDVIR0RQWXhpSlJ2WnI2eEtheTdUeENiNzhYa2lBb1NkZ0tEUnBCRzB0WmY0MFZoWThWMFZ3X3BIckVPNlVtalNZd0wyRTFzdlhCWjFYNGZkVEdGU0xzNDg5WUdCNjVRM2VBbTFsVDZGWTBsREx4NmdrcVozSFpwRl95MUpvazZiZEI0b0ZfUW5pdkQ2bnc?hl=en-US&gl=US&ceid=US%3Aen,Military.com,11 hours ago,📰 Military.com,https://news.google.com/api/attachments/CC8iK0NnNURlV2R1Y0hGbVNtWmpSRE5vVFJDZUF4anRCQ2dLTWdZbE5ZeXVIUWs=-w200-h112-p-df-rw,2025-09-22T02:05:46.469384
"Pentagon Steps up Media Restrictions, Now Requiring Approval Before Reporting Even Unclassified Info",https://news.google.com/read/CBMi3gFBVV95cUxPeHU4dENfNVVJRjREc2E2VmRhLVR4eDE0NU1XM0Q5RWJTcU83RG54UlVDYWd0cGdUYWhISkFiZGtpU054N1ZvQ2RXSGxzb3pPcXdUMDV5ZkUycjZZOHFlV1NzOXlCTDAwQWdLZmFReG5MRDZvQkFzNUZkdWwtWUktR0JSRmhhdjdmcVJoaWFlNGdoY1Vsb3R3S0ZSQkNmZzVWTWtRVXA2YjNUYnltOThBODBqN2l4eFhMRjY1NmxFVmdwT09FUlVwbGIzY1R3dEthcUx3TjZFQ09lSkZkNkHSAd4BQVVfeXFMT3h1OHRDXzVVSUY0RHNhNlZkYS1UeHgxNDVNVzNEOUViU3FPN0RueFJVQ2FndHBnVGFoSEpBYmRraVNOeDdWb0NkV0hsc296T3F3VDA1eWZFMnI2WThxZVdTczl5QkwwMEFnS2ZhUXhuTEQ2b0JBczVGZHVsLVlJLUdCUkZoYXY3ZnFSaGlhZTRnaGNVbG90d0tGUkJDZmc1Vk1rUVVwNmIzVGJ5bTk4QTgwajdpeHhYTEY2NTZsRVZncE9PRVJVcGxiM2NUd3RLYXFMd042RUNPZUpGZDZB?hl=en-US&gl=US&ceid=US%3Aen,Military.com,13 hours ago,📰 Military.com,https://news.google.com/api/attachments/CC8iK0NnNUpRVFZSVDNoa2RFaEhjRFpOVFJDZUF4anRCQ2dLTWdhQlVaTFdIQWs=-w200-h112-p-df-rw,2025-09-22T02:05:46.469386
The Taliban Reject Trump’s Bid to Retake Bagram Air Base in Afghanistan,https://news.google.com/read/CBMitwFBVV95cUxOenFEMndVekdBRmlpTzVXQ3VMdXgzTzU4NmpuX1pBeDhHb1p3NkkyOVVHYmc4WU5pWUM4LUJMUllHcVRCVWpYUlNhQk4zS2RLQU00Rl92a1lYZzRNT1lYUWxNYjdKLXZZZ2l3cnpXZjhsdGFaWUxIMmRqVEVBa2QzOXBDSFlBQTE2aUFkN1U4ZXlLbjJPZmlhdy1YUkwzZWtPTUg1Z2hfclBIa0k0SEtzYnplQUk2ZEnSAbcBQVVfeXFMTnpxRDJ3VXpHQUZpaU81V0N1THV4M081ODZqbl9aQXg4R29adzZJMjlVR2JnOFlOaVlDOC1CTFJZR3FUQlVqWFJTYUJOM0tkS0FNNEZfdmtZWGc0TU9ZWFFsTWI3Si12WWdpd3J6V2Y4bHRhWllMSDJkalRFQWtkMzlwQ0hZQUExNmlBZDdVOGV5S24yT2ZpYXctWFJMM2VrT01INWdoX3JQSGtJNEhLc2J6ZUFJNmRJ?hl=en-US&gl=US&ceid=US%3Aen,Military.com,11 hours ago,📰 Military.com,https://news.google.com/api/attachments/CC8iK0NnNHdiRmN6WjNaTWExVlVia2hEVFJDZUF4anRCQ2dLTWdZQlFJbzFRUVk=-w200-h112-p-df-rw,2025-09-22T02:05:46.469388
"Iraq increases oil exports, sees extra revenues, state oil marketer says",https://news.google.com/read/CBMivwFBVV95cUxPMk10MlhOOUp5S3hJQ1k1UHpEdHJ3VFg3amYyV0lKMHNOM3lGdVdIakpLNm16YXNCa2tCeTBmZURlT05yejQ2azVmazd6Tk5VeVEwT01oWktTUHZTX1A0ejJOLW1IZUNiajRJZWl0THpYTFptWXhCUzhSV09ueWpXOXF5dkJTWlRJT2U2X3dNc2o2Y1RQRzM5QXJpb2VIM0h6OTJlZnBsdG1wU19IdTVVSnFSZC14cjFaRmg4MlJrYw?hl=en-US&gl=US&ceid=US%3Aen,Reuters,11 hours ago,📺 Reuters,https://news.google.com/api/attachments/CC8iL0NnNVhYM2t5VkhOeVIxSjVhR2hZVFJDZkF4amlCU2dLTWdtTm80cFF0YWFoTWdF=-w200-h112-p-df-rw,2025-09-22T02:05:46.469389
"Three civilians killed in Ukrainian attack on Russian region, Russian official says",https://news.google.com/read/CBMitgFBVV95cUxNdE9ONm9YbGROVi1HVktsTkozc3d3LU1aWW5MY2Y3aG83MldiME1DMnVuRXBma3Npb25McTRoZVhsMUpkdXM1Q2pESEJtYk5UcHVOcm5aX2JJQ2ZmdkRZZTI5NlZuZElwS0VNUzhtalVmRjRZRThJMTB4ZkVnandFR3Z2dlUxcjB3ZzR2MHFzNWR1LWstY016blU0R0ptb2Y5cGhFSGh0am1QRjNoUnhpeEZXeXEwUQ?hl=en-US&gl=US&ceid=US%3Aen,Reuters,8 hours ago,📺 Reuters,"https://encrypted-tbn2.gstatic.com/faviconV2?url=https://www.reuters.com&client=NEWS_360&size=96&type=FAVICON&fallback_opts=TYPE,SIZE,URL",2025-09-22T02:05:46.469391
"Russian military plane entered airspace over Baltic Sea on Sunday, Germany's air force says",https://news.google.com/read/CBMiwgFBVV95cUxNSlRxR05DQ3NhamRuRURSd1prdkhkYnc0alhTb2phWHMtN2hNU3NpeUdVcmdKT2JSZTVsXzdicHdxZ0xabk40Z01NSmtoVW0zOE1EUUJkbFNoNGxYRTZ2VGxOQnlQVUtPckk2SjZFLXJZeUtHOXFtWlc0QnpjbU84bC16WVBsS1lEZURCekFEVnpWM0V0QTFCdzFodU9RMEZyQ2J6T0U3MEY1b1lONHRmRmdycnhueEkxMEx2ZmdQY2RKdw?hl=en-US&gl=US&ceid=US%3Aen,Reuters,12 hours ago,📺 Reuters,"https://encrypted-tbn2.gstatic.com/faviconV2?url=https://www.reuters.com&client=NEWS_360&size=96&type=FAVICON&fallback_opts=TYPE,SIZE,URL",2025-09-22T02:05:46.469393
Sharaa to become first Syrian leader to attend UN meetings since 1967,https://news.google.com/read/CBMiuAFBVV95cUxNTGY2UllkY3JsblJxVE04SmJSNVdpLVJPQldEZmNWdm9WRkJTQzd0YmhQS3ZfQ1YtcFRjUnZxR0VSTEFwTERKQ0d6bHNRM1ZtOGstYTZLcjZLMGt0ekN4cUphR3hJaWM4bVBZMTVNcUtmbDl4LVVDejJQNkpkVGE1Y3Q3OV9sb0pqVHFFWDhwQTdaRmdVYml1VlhCLTdnc0NRdTltdkRMajNYQnh3X2dLNThIRGhrcVg0?hl=en-US&gl=US&ceid=US%3Aen,Reuters,3 hours ago,📺 Reuters,https://news.google.com/api/attachments/CC8iMkNnNUxhUzFwTm10NFN6SXRPR1ZaVFJERUF4aW1CU2dLTWdzQklJNWdvU2M4c1FtdXdR=-w200-h112-p-df-rw,2025-09-22T02:05:46.469395
Exclusive: South Korea's President Lee says US investment demands would spark financial crisis,https://news.google.com/read/CBMiwAFBVV95cUxPRU8xSlBkZGl6QmkwZXJSRUc0RG5aVjk3U3BGVkJpRktIYUV4TjlRR3RkY0FmZ3Q3X1lCS3hlSDktZVJBckhmaWRIUlpZSGVWVGtNMjZnNTZMQWpKOUszaXdqSmcwems1SXNYNHBDRHEyaV8zbElBVURwTEVNbUlCN0M2eFZwZ01sZ1JEYlZLQy1TWTgyU1ZONTJjRXlOWmpRQlU1MmY2cVZrcWhLOXJGX0NBc3BJZzRfTGF4RU5fX0o?hl=en-US&gl=US&ceid=US%3Aen,Reuters,4 hours ago,📺 Reuters,https://news.google.com/api/attachments/CC8iK0NnNWZORXgyV1hkNGFHZHZhV1pEVFJERUF4aW1CU2dLTWdZdFZaaXVwUWc=-w200-h112-p-df-rw,2025-09-22T02:05:46.469397
Israel says Allenby crossing to stay closed Sunday in coordination with Jordan,https://news.google.com/read/CBMixAFBVV95cUxPRGRUOFRpRUlWSFhSV1VpbjVFTjg1ZDdhb3dPbDhJaWxNbG5GeTN3bnc4SjdDNlRKTzZjUEE3M2tZZk8xY2hzVjVIak9tUEFrTWVwSDVPLXhaZ3YyV3JNV1dVVFZYN3dKMGQ5NWFxQVlMUjlZNGNtd2hiaTRITW4wZDFNQ0sxUExjM2Yyb3F6R2NIZjFXR3FJMlNsWXJjZjRnaWk3a3ZMQmZ6Tl9QcmM2ZlZicnRCUG9UcnIyYU5JU2g2OGo1?hl=en-US&gl=US&ceid=US%3Aen,Reuters,17 hours ago,📺 Reuters,https://news.google.com/api/attachments/CC8iJ0NnNVBOVWd4U3pWR01FTlpUbGhVVFJERUF4aW1CU2dLTWdNQm9CWQ=-w200-h112-p-df-rw,2025-09-22T02:05:46.469398
Congo to replace cobalt export ban with quotas from Oct 16,https://news.google.com/read/CBMioAFBVV95cUxOWlNweFhiUzV0Z0c0THpiSmZ5Z3Axd0Vvc3VRT0JaSHNDdHd5bGJtZ0VpRmpWd1lZSHFiUUJ0dkEtSFNOSzhUNkVQNW8zLVRUS1lDbnlwUnh6TjZuM3lYUkdpbW4wZDVTam5PVWtFbnh0OVE0c01OTHJwZzFrR0N2VjNUY0N2YzV2N3RQOUcxZXdHQl8wN2JMVGd2eEMzcEFB?hl=en-US&gl=US&ceid=US%3Aen,Reuters,12 hours ago,📺 Reuters,https://news.google.com/api/attachments/CC8iJ0NnNVNTRGRwV0dsQ1YzbDJXazVuVFJDb0F4alRCU2dLTWdNbE5nTQ=-w200-h112-p-df-rw,2025-09-22T02:05:46.469400
Malawi's ex-president Mutharika takes early lead in election,https://news.google.com/read/CBMiqAFBVV95cUxPMTV1UU12YTB0dVhZZXdFcG81empmNVFCbGFjQXJzQUl4Q2pzZi16QWdoQ3J6QUhleVJIeGF0WUoxU01JalNjai1zdGRhRFpBTmhkUmNmNFNDRnFJRFBWR2JCbzEwdVJ3aERkMEF5UnRDTTBtQ0FjdUNJTi1VV3NtdVRlUzZjeFQtNlM5bEZuSDNmMDQtb1pzU0pBb1RpVlR1OHFvRGE4WHY?hl=en-US&gl=US&ceid=US%3Aen,Reuters,18 hours ago,📺 Reuters,https://news.google.com/api/attachments/CC8iK0NnNTZXVWxQZGtobE1YWk9ZMHBZVFJEUEF4aVdCU2dLTWdZQlJJaVBHUW8=-w200-h112-p-df-rw,2025-09-22T02:05:46.469402
BBC Audio | Radio 4 | Listen Live,https://news.google.com/read/CBMiYkFVX3lxTE94bExqOE5ZYTBWZmdxc3J2SkcwMUlKMlFJaFducE5Tdkx4dUlDellJUktEQ3NNUFFvQUQ4dTVwQ1gxbnZTSEV5d0Jlek9ncXZEUUlVazJLdmJ5eGZpN3FIRjZ3?hl=en-US&gl=US&ceid=US%3Aen,BBC,Feb 12,📺 BBC,https://news.google.com/api/attachments/CC8iK0NnNXZZMEpKZHpSYVlXdG5TRGhYVFJDT0FoamdBeWdLTWdZbEJJeU1NUVk=-w200-h112-p-df-rw,2025-09-22T02:05:46.469404
Southampton boat show organisers insist industry is resilient,https://news.google.com/read/CBMiWkFVX3lxTE1YWjBwVW1ySHR3VjBzQTl2SWx4QThYbWQyamFCT25xYlJUS3kySW9GMmYwcFA4WmxwT0otcGhpQ2dueTlmdlUxU3FBME9sTXl0VTMxMXJkTjE5QdIBX0FVX3lxTE1zeWpMMnBTa2xrdUQwV3h4Yk55NW9aMEJaYzZhNFVUdWVkQlNyenF4ZUh1WXVvMXpqSDNFM3dEX1dDVzZPamN5ZW9GMzBwQTJfaUdMaVpKOXl3TTdXbExz?hl=en-US&gl=US&ceid=US%3Aen,BBC,19 hours ago,📺 BBC,https://news.google.com/api/attachments/CC8iJ0NnNWtkRE5SUmtNMWNtaFpVVTFLVFJDZkF4ampCU2dLTWdNQmtnbw=-w200-h112-p-df-rw,2025-09-22T02:05:46.469405
Watch: Philippines anti-corruption protests turn violent,https://news.google.com/read/CBMiV0FVX3lxTE1lRC1NbkV5NnJ5WXU4SXJTaVFkQnJHcjAxNXhjUldTeERuRDRwLWhsd2RkcldVd0hEMEhWdEpmMHhuUVEya0MzWGxOWWZpSkxCSThwUGJvQQ?hl=en-US&gl=US&ceid=US%3Aen,BBC,15 hours ago,📺 BBC,https://news.google.com/api/attachments/CC8iMkNnNXBiRVIxZUZCWmFsVjJia0pVVFJDMEFSakFBaWdLTWdzVkFwRElxT1kwY3huVHVR=-w200-h112-p-df-rw,2025-09-22T02:05:46.469407
Agnes Wanjiru: 'The British Army cannot keep ignoring the murder of our friend',https://news.google.com/read/CBMiWkFVX3lxTE9wU2VhcUZySlpCc0ctdFlVQ1hWc0RJbUZDNHYwbE5oanRwNTNaYi1hdTVjVElVV2tJYmh6MTdDYlh1clJpNHg3c0dkYklUcjhaQXJvYzB1RFlQZ9IBX0FVX3lxTFBNdHRBRmQ2aE16WlZCeklzb0l3bW9QQnprQVhBRDM5LWlnSU1oQnAwWWJXTzZFdmE1V25ma1ladzJ3c0hfaUFySnphcHM4SVFQU3NsVjYyamRQRVpoZE1z?hl=en-US&gl=US&ceid=US%3Aen,BBC,17 hours ago,📺 BBC,https://news.google.com/api/attachments/CC8iK0NnNU5OVlp2VFROTlZVazBiMHRQVFJDZkF4ampCU2dLTWdhdGRaTE9MUWM=-w200-h112-p-df-rw,2025-09-22T02:05:46.469409
King Charles III visits 116-year-old Ethel Caterham in Lightwater,https://news.google.com/read/CBMiWkFVX3lxTE16LTM3RnpQTFduYW9OUEFzYmg3S0xMVUxMTFNYbExLYV9tbzdUWTgzU1NPdGlVUG1UMFlORU9zZTZQN1d2N1ZaNURScFA1RXZydWxudVcxb0oxQdIBX0FVX3lxTE1sRngydTltX0hUTFN1MzVjM3Q2ZVZ4cnhkaHdIcUt3ZUJSd0QtdkFPYTlVcHI3eDkxZTh1ck0waHIyX0M0NDI5b29vQXI0ZTd1QTF6andxR1pLVEtxY2Z3?hl=en-US&gl=US&ceid=US%3Aen,BBC,18 hours ago,📺 BBC,https://news.google.com/api/attachments/CC8iK0NnNWFlVzk1U2sxeU1tVk5lbTFPVFJDZkF4ampCU2dLTWdZZEU0Z3p2UVU=-w200-h112-p-df-rw,2025-09-22T02:05:46.469410
Napoleonic prisoner-of-war camp site opens to public near Yaxley,https://news.google.com/read/CBMiWkFVX3lxTE1RUjVLb21JUTJwOV9LQ0dLeXFjck5rem5QbnA4bHh1RnRXemlkb0tMZFE1S3ExZlhNQjFoa1lBZVhTTFNQblM1c0dKOXdEdDNpRnhrVDlPV0dlZ9IBX0FVX3lxTE5SWEkwNWdJUEhzUnktSlZmQURjaEM3ZjZPZnpzMnppczZxNmtiSmstRjlveFpabC1Ld0t0dlVGY1BNNFNSaU51b2Y3TVdza1J6R0JpS09JRmZVVVVuR1lv?hl=en-US&gl=US&ceid=US%3Aen,BBC,20 hours ago,📺 BBC,https://news.google.com/api/attachments/CC8iK0NnNU5hV3RJU21WaGJHeDZOVVpzVFJDZkF4ampCU2dLTWdZRmNKQ1ZNQVk=-w200-h112-p-df-rw,2025-09-22T02:05:46.469412
Global conflicts drive demand for war risk insurance,https://news.google.com/read/CBMiWkFVX3lxTFBVM0hpeExSV1JxQmg2d2hZX2dmc3hybEpydXpMMGRzeU5DTk83bk9Ra0tVNjdEeTFvek9RY3JjYUxpdjhQTzFFLVd0N3kzRE9UZTFRQ3BpZXNQd9IBX0FVX3lxTFBMenp3bU9QSVVwTmdhekVzUHRLTnlwdUxNLWRmNUk1aElCZmRXVGJva3FkZ2VGSDU4T3I3U0FZQUxRNHZvc1FQWndwOHhNMTJEY1ZGUlo5OXBzOXFBek1z?hl=en-US&gl=US&ceid=US%3Aen,BBC,1 hour ago,📺 BBC,https://news.google.com/api/attachments/CC8iK0NnNDNWMTh3ZWpaU1IwNDNWMHhWVFJDZkF4ampCU2dLTWdZQllZS0N5UUU=-w200-h112-p-df-rw,2025-09-22T02:05:46.469414
Berkshire | Latest News & Updates | BBC News,https://news.google.com/read/CBMiVEFVX3lxTE1pcGhTZm5fdFA5NUpBd0swRWZRNEpZUVBwTjVvaXBtZHhCV25uOVp2NmhXM3NqNHd6OG9GTDgzZXlZU3czNk1wZVl6d3hOVlFma1RUTw?hl=en-US&gl=US&ceid=US%3Aen,BBC,"Sep 22, 2017",📺 BBC,https://news.google.com/api/attachments/CC8iK0NnNDBTMWhEWTJkQ1MxaENRbDlxVFJDVEFoamdBeWdLTWdZVkFvb0tqZ2s=-w200-h112-p-df-rw,2025-09-22T02:05:46.469415
"BBC News - Breaking news, video and the latest top stories from the U.S. and around the world",https://news.google.com/read/CBMiPEFVX3lxTE1fU1RxaFJPN3owdV9ycENhQTlQM2loT2ZJZHNjeGZoRUZYOUJ2SzBESUdYcGNraGREdU95Yg?hl=en-US&gl=US&ceid=US%3Aen,BBC,4 hours ago,📺 BBC,https://news.google.com/api/attachments/CC8iK0NnNWtNa0l5VTFVMVgydDBUR05vVFJDTkFoamdBeWdLTWdZbEpwenRHUW8=-w200-h112-p-df-rw,2025-09-22T02:05:46.469417
Science & Environment,https://news.google.com/read/CBMiXEFVX3lxTE1wSmFiYkVFWXFQcE54XzFvb1ItdmdlX1UxRE90a0xBaHc3LUd5dkw2SVl2Vmd2dWFUV19sS1Q0YnZ3eDluNEowMXFqZEV2NHVEY0doNmFkRHdMYWE3?hl=en-US&gl=US&ceid=US%3Aen,BBC,"Sep 20, 2017",📺 BBC,https://news.google.com/api/attachments/CC8iJ0NnNTNOSEZwVUVKcVVIWndia2MwVFJDT0FoamdBeWdLTWdNMXNnUQ=-w200-h112-p-df-rw,2025-09-22T02:05:46.469419
"Four US citizens killed, including three children, in Israeli strike on Lebanon, says Lebanese government",https://news.google.com/read/CBMimgFBVV95cUxNdjZOSmk0YkNUc0w3aC11S2VYWnNzMDJjN0tlY3d1dE5rWGVhNkd1Sks2QjhXd1Uxck40QVlsc2c2aXdQQXhaOXhGbUZPRFBtZEpMNzRWMW9xMW9vd2ZHWDVyd1lIYjZxMkJld1BwZXRaMkgycld5NkxPa29CMG90VDJIMGt4SnFGTGV6SFlrRkRlUEtQQktNNXNn?hl=en-US&gl=US&ceid=US%3Aen,CNN,3 hours ago,📺 CNN,https://news.google.com/api/attachments/CC8iI0NnNU5TbE5RTjBVeWJISlBTbVpRVFJDZkF4amlCU2dLTWdB=-w200-h112-p-df-rw,2025-09-22T02:05:46.469420
UN Security Council to hold emergency meeting on Russian jet incursions over Estonia,https://news.google.com/read/CBMioAFBVV95cUxPZ1FKUG1ia0VtQ2F2SDBrdzBIRVNGSjY3RFFxd2lHR0N4aW5IMUY1ZUJmcEp5UDlSUW5FUWNGU0NldDFyeThydmUwMk05N3JHVFpZYTN3WEp4V2VhRWRsbnZEcUs2STh4UGZaSWRFYzZEOWRLUS13TUtOSlJaRWFlUkZKSk55azhTUXZjZUVhT0V0ZFBud0c0SGhMT1ZwNlBD?hl=en-US&gl=US&ceid=US%3Aen,CNN,3 hours ago,📺 CNN,https://news.google.com/api/attachments/CC8iK0NnNTJXR3Q0Y25GNlYxTTROWEY2VFJEQ0F4aXFCU2dLTWdhcHBKU3V1UVk=-w200-h112-p-df-rw,2025-09-22T02:05:46.469422
"Grief, recrimination and a watershed moment for the conservative movement Charlie Kirk founded",https://news.google.com/read/CBMikgFBVV95cUxOdzd1elpxVDlvWnRQazdjZ3VpbGFsaDRXc1NDSVRzcnE1dTBMZzU5XzdkdUNHd2lHLWVYRnk0UEJCVTYzalVSMGRxdmsyWE5hZnI5OFVXY2s1ZkJJYnlfMVo2RzBQbkEzTkxiUndjcFRXbVFWellXajY5a2JCUkRHcmJjcWZybG5ETWpQa291Tkc5dw?hl=en-US&gl=US&ceid=US%3Aen,CNN,17 hours ago,📺 CNN,https://news.google.com/api/attachments/CC8iK0NnNVJObk5uUkZwYVYyNUZSbTl6VFJERUF4aW1CU2dLTWdZQlFJYXJKUWM=-w200-h112-p-df-rw,2025-09-22T02:05:46.469424
European airports race to fix check-in glitch after hacking disruption,https://news.google.com/read/CBMihAFBVV95cUxNRnZ4dDNSMkZ2eGFiNkZBX01BanZmQkRZS0h2ZlA5bnFFbk5WWTFqblluMUt0b0Y0OWhtU1FXY3ZocDUwRkNCS0VjaHZDZ01BYWRudnF2OEQ5NFpYdnFvUmRPNjZCVXRTNV9XVXJNMVVfQk1CSmJaZ0VnTzh1UWVKcFh6REU?hl=en-US&gl=US&ceid=US%3Aen,CNN,15 hours ago,📺 CNN,https://news.google.com/api/attachments/CC8iL0NnNVFZbUZKV1VadmRpMDNVVlpVVFJERUF4aW5CU2dLTWdrQlVKQlBIZWlJcndF=-w200-h112-p-df-rw,2025-09-22T02:05:46.469425
"Live updates: Canada, Australia and UK recognize Palestinian statehood",https://news.google.com/read/CBMihAFBVV95cUxPVkJzWnhFdEVTc2c4M3BZRkJ3SVFLd3ZseUFHbkpFWlJxOFZqWUlLXzFsQ3NtRWt4ZVZnd21WRnBVUEhVb3c3ZHQwV19BWkgxMDloaEJDNWpNTG5IUDlBZUxDcEN1YUNSRXRyR0p6eFkxbGZLblh4U0w0TVBZM0VaSDRwT1g?hl=en-US&gl=US&ceid=US%3Aen,CNN,9 hours ago,📺 CNN,"https://encrypted-tbn2.gstatic.com/faviconV2?url=https://www.cnn.com&client=NEWS_360&size=96&type=FAVICON&fallback_opts=TYPE,SIZE,URL",2025-09-22T02:05:46.469427
CNN This Morning,https://news.google.com/read/CBMickFVX3lxTE1CUEh6RWVFUmViZ1AyYkVBMFJucHctM3VDMlpxbUNydnMtaHZXaGdGdE5zUV9mUFhJMW5sR0pyUVFWaVJQb3JhT25iYW1BYjFLOVRTdFA2a1kxZGZURnNmM2tLNHFMTjJjRXZYNmR6c2FPdw?hl=en-US&gl=US&ceid=US%3Aen,CNN,16 hours ago,📺 CNN,"https://encrypted-tbn2.gstatic.com/faviconV2?url=https://transcripts.cnn.com&client=NEWS_360&size=96&type=FAVICON&fallback_opts=TYPE,SIZE,URL",2025-09-22T02:05:46.469429
"Breaking News, Latest News and Videos",https://news.google.com/read/CBMiV0FVX3lxTE5vM0N4a1ZtOXVhN2V0XzlDR2ljenVOVktXTTlLdjNla2dmVjl4NldPeTA5SVV0c3BQLXhBbDhSOVRUR25leWJYZTJNSklpNlpqc08xZmQzMA?hl=en-US&gl=US&ceid=US%3Aen,CNN,"Jan 25, 2018",📺 CNN,https://news.google.com/api/attachments/CC8iK0NnNWxSMjFTYkZOTVprNVdkbDlsVFJDb0FSaXNBaWdCTWdZQndJcWx6Z1E=-w200-h112-p-df-rw,2025-09-22T02:05:46.469431
Opinion | Is There a Manstein in Kyiv?,https://news.google.com/read/CBMikANBVV95cUxQTmZHTU9IQlRfQ2JxWVU3a2pCOHZEM2dxaG50bnk0aExnVGI3Yk5HbjFzaFhGbHNTQkxNVWJsdjV3engxSGFFNDdlbC1OUmFTOUpwdi1kM2pPMVVBWlFmdS1McGFUejIzRXE2S2xTTGJ1VWc5eWZhV3g4MmZKSzVQYXBNU0ZHNVpXN0taU0ctT01Cb25GYVRkdUFwRi0tX3d6Q0ZjaUpqQU9rWXVSSFNlSWlzdTljT2x2enZFSWlXdFdHYng4bnR3elZGOWxjN0t3Q04tQXZ1VThva1NIbzJsejB5SjZUMElFakZvTlZ5d0VDajYxdFE2X1ZTQXNGUWRmYXBKd3JUUEI3ZlRXTnpIeUlRVVg5dEl2bGNVZ2hNakZfQWdqd0FMOERUb2tEWmU1MjBTeDVGMXg1NTg4emowSF9mdTRPd0hIekVkYTk1TEkxMzBOMGFTcUlpWlVxQ1Fhb2haSzVFRVFkc2FNZV82MnlCWjhGdFRDLTd1MWZGWDcyd3FDd2luM21vZG1JTTlx?hl=en-US&gl=US&ceid=US%3Aen,The Wall Street Journal,7 hours ago,📺 Wall Street Journal,https://news.google.com/api/attachments/CC8iK0NnNUNVVVpuV1MwMlZYZEZjRXQyVFJER0F4aWtCU2dLTWdZQlVJZ3ZQUVE=-w200-h112-p-df-rw,2025-09-22T02:05:46.469433
The Daring Caper of a Faithful Tibetan Who Outfoxed China,https://news.google.com/read/CBMi9AJBVV95cUxOMFE2N3VzYTEtTVhyUnhjem9TaGlOcmpyczQxMkpZZ2d0UHNJRnEwcTBISTVJQ24wY1lBdklYVjlyMHBlVDlaRzhNX1c0R2c4TFl2UXp0ZUZEZnBhLUJXWWo2TVB6VGRadzJfaXZ2a2JhaFVNOGNpMW1ZcmxxU1phMW96Sms1TjRMZ2JyZzhHaHMwLVU3aVhCejBxZDRxWTNjTFR0T1N2RXdwZnVSLW9zOXRzZ2c0SU9abS1WSDFyR180NUNEdDZteU1iaTdKcmJBUjVrN0Fpd0FETlZKWkdOMFkxMnpSaTdVZFJnRWlEVGFfLWp5YkNMUy1Xb0xaR25OU1M2WUVxaE82Xy1sT2VaeUd1YjR3ZHJ6ejhnMk5kLVFnNEtkUkxqVVdEaWlFWUF3dWFGc0FoVUxIVE1uVVRxeFFWS3VxZWdDTUtvUjdlZDhJTlQ4ZFhjb04xMWdDY1BhZnV6N3J3NVJ0RnN3U2pfUWxlVVg?hl=en-US&gl=US&ceid=US%3Aen,The Wall Street Journal,9 hours ago,📺 Wall Street Journal,https://news.google.com/api/attachments/CC8iK0NnNUhPVXRLUzFoSFpGSTFZV3c0VFJEckJCanZBeWdLTWdhZGRJeXNMUWM=-w200-h112-p-df-rw,2025-09-22T02:05:46.469435
WSJ Opinion: Hits and Misses of the Week,https://news.google.com/read/CBMizAJBVV95cUxQWlhxcDNXLUVPeUkxaUNhQ2pUX2hWU3h6V2c5TVROaWZXTElXckZ1d1l3YU1kZWcwem5ycHJYdEduMFhGMUdmOFZyUVFfNzludkRwcFpOMklndFJyVnBkcWhqc2NTSC1HMkVzcjYyWFBxQTh6R2RVaGVmTWxwcWUwcmtKOFJzQVl4NzFhdXJrdVZHdHNCXzRkay1UM01oMTBwMXduc094a3YtUGQtQUkyOWRkSDg3YkMyYlNYc0UxR3NjNmk1dWZkWXI4NEFWNHdURGhOeTBBRG5BY3ZabERfSl9LUkZTVHA2bnA0WExyOEpVM1o4aUhvUjhxaDhCakpIYWtVU2tHZ0NNMjB3UjZrbV81cHBlbUpweWhpY3lNRVNCMHV2ZFdlbGctUFJtQUZYeFFoOVY4bk5Cb1dwcThVYURoMjRaaFhhQ2Itcg?hl=en-US&gl=US&ceid=US%3Aen,The Wall Street Journal,"May 22, 2016",📺 Wall Street Journal,"https://encrypted-tbn1.gstatic.com/faviconV2?url=https://www.wsj.com&client=NEWS_360&size=96&type=FAVICON&fallback_opts=TYPE,SIZE,URL",2025-09-22T02:05:46.469437
Trump Calls for Replacing 'Obsolete' and 'Horrible' Immigration Laws,https://news.google.com/read/CBMi9gNBVV95cUxQU29oTi1pS2trVEY0a0dTbF9OZFFrZlVHaV9Vd3VDQjc4M0E3OU1rMTBOTU1mS3dzV2hMQ3QyaFZYRHFFZUg2dW9md29ELU9ud3BKeWJLWDFNQjZ2QmhEbFZrWEF6STRuYW1XTjY1dGlPaWhwSUpaRVItZXBNTVhxWkdMblAxOTdSZGM3NG9DWnZxQ0V2NW1falVmcjl6Yi1SZzNrbVNDME93N3JHTlJ5aFdtMGZrYWVCNzNnOVY4c3BmZ1JsLTllNzhWc3pwZkUxVkx2cEJDOXJ6NmxZZVlyVGVuYzNDeVRiRWgtdnRfUU5CTzJaSFcwb2dXUlJwXzk5NEhsU2ZtbmZaNFZxSUxaWGRUcG5aa01BZmRxemszcUlDV3ljWWdHcDJYeURlZS1odXRUdFNudmVGS2R1eXlsWG1LOXB6cm5QTmRtMkpMeFlZTUJXaFBvWHowQlZiMENyUVczME90d0RqclhfRnhOUGRQUGpHcEJIRFUxZExyQXdNQkVheDBaNldTN3hZR1d2eTZMNVRfZi1pNWQ2dTlMN3VTdVdJWnZoeVhyTHJxbnJuS2RfbUQwX3ZfTGpod0pNZkpzU25qTmZ0cGxUNHVteGpqUHY0WlV2cUJORGJwVDBqUHBTdjh0Y2ZTYy0xLXFIWmswTkV3?hl=en-US&gl=US&ceid=US%3Aen,The Wall Street Journal,16 hours ago,📺 Wall Street Journal,https://news.google.com/api/attachments/CC8iK0NnNVlkRFUyVldsRk5qaGpkakZtVFJDZkF4ampCU2dLTWdZcE5vYk5tUWs=-w200-h112-p-df-rw,2025-09-22T02:05:46.469439
Charlie Kirk Memorial Dispatch: Massive Crowd Packs Arizona Stadium to Mourn,https://news.google.com/read/CBMi8wNBVV95cUxNekRDQ3FwVnZFOV8ySFVwaWZHR3RDa2xvYkFYVmVOYVRnMlRpclZyNEVGX2JnbFZqRmV2akx1MVZXVHJyMWVtTE9UQll3LURTdDFlMlpYNE5aSFBHdVNoWmdwMzQ2U3JPY2VyZVpqVWZOLUtQZmI2TWEzZDdsbDVjSm55YkdOVHN5aTZqNmdKeWhOZERFRGQweDNZQjFqa21iaHc5cmRCdEdfcWlxdFF6SThxbnczeUpsOFlHVkxZTllGWGRseXY5enRNOHE2UG1JVEVnSlExWWl3MENXMVJNS0ZwOW14X0FJcnh2ektfSHFyMWR1aEZCOUtFRHpuLXA5ODRzYjBtRHlFSm9ZcHZ5TlhiUDVpellTa1ZJYTAzcnJ1SGZhVGUtNEVHb1ZSeEJXaUJWaUU5UlNfMVpEYWI0MWhld2RRWWltSGlJTEV4bTVzTXZqRGgya2djcmhWSTV6TDJjcXVIblNyZGFGd3B5S3hISXJoVkw4LVZFV2VzcVhKQmUwX2hITEtBd29ielEtN19YRmp4ZlVQZXktbFg5Q0lidkdTSmJEYUtUemh5ZDVIR1RucmxaczZld1dBQWwxdjEtZlFKYWY4SHlwaWYyVkI3ZE9ZZEJ1QjVqbUJEN01JSFBuZkNOVG9TLVdITUJfdlJj?hl=en-US&gl=US&ceid=US%3Aen,The Wall Street Journal,5 hours ago,📺 Wall Street Journal,https://news.google.com/api/attachments/CC8iK0NnNVZlRlJWYkU5dlVYa3dZVzR4VFJEakJSaWZBeWdLTWdZQmtJaVBzQVE=-w200-h112-p-df-rw,2025-09-22T02:05:46.469440
"Rubio, Hegseth, Musk and Others Arrive at Charlie Kirk Memorial Event",https://news.google.com/read/CBMi8gNBVV95cUxNNWVqVE5aS010aDBoQjBfTllkb3VHMElDVnZKblRlNG4yb0FaTW8xMTBMYnhiRTZtVzNhalZWQ2hnNGZKQ3p0ZGMzRF9YN3FUTVhHSWNUZm5SY2s2MTVVbmlLcDh3OF9lbWNvem5SdmxKdW5oOFlXQ0xodUtfR0xnaW5zVVdyR0Fqdm5HVVJKY2V3SUVicXNsNUo4RDdJUVdJa1lLT3poZlBENk42VC1wSHk5QkxOMFRoZThyVHlZaURNNnNaeEkwQXAxYmxncmxlRE1MTjBpblNmVnJfcUVoakJ5b3ZrTEcwNUkyUlY0SGt0am5MS0JaSlAybVZwSUU0MjM3QmVMd1kxLTk4SllVaWNkYjU2NGdlT2VIcEozN0RZSG5nMkJDcl85QVpqZzdHM1JMYzZRbFBFdDhKbWpRODZ2WGw3eHRlRHF3TDA4OEVlQ0VIdzZ0MnpLVkpaeXZFMkhtS3l1WkFSSG1RMDAtdmtCazMyV1BGdWNiUEpsM0trdjdveHhVY1cySjNWcEd6S003cUpLd1Zsc24wVFBYZnlDeHplNEJ2VkhBYjdDSjNOcUNmSWt6aEdZZzctQlhsaTJjbXpGeG1CZmcxemI0ZUtuUG5QWHlvN0xVRWhlR2w4c3RpVnRoZnJSbXZ1eGNmZWc?hl=en-US&gl=US&ceid=US%3Aen,The Wall Street Journal,3 hours ago,📺 Wall Street Journal,"https://encrypted-tbn1.gstatic.com/faviconV2?url=https://www.wsj.com&client=NEWS_360&size=96&type=FAVICON&fallback_opts=TYPE,SIZE,URL",2025-09-22T02:05:46.469442
Trump at Kirk Memorial: ‘It Was Charlie Who Helped Unite MAGA’,https://news.google.com/read/CBMixANBVV95cUxNNkx2d2x1X2dHemZobkE5My1hV245NENsNjFPeFZnd3cxb1Q0Nmlqai1tZ2Y4b1FsRURNdldjanU5a3lGTEF5T0RjUjV1cXEzZFFVRmI5bHpBRU9pbnkwT1hfSThXZFZOTUcxNGZQbG0wbkt4ZlFwOUNOSEw1MUQ0UFlVNVJrbVVORGZvaFpvUm1fV0R5SzRaQUF1T1NmNFFyNzR1NVVjQXNTS2VjMHdndkY4N0dyR3VqemItemNsaEsxbEZpT3hIRXVXTHk1Sm4wU1QzNU1XLU9MXzFGYThTZTFzOXV3WTExZ2Q3dmxqNmNVV0dpaWRYazJlTWxPX05TTU5ab3ozYjBaa0l1UE8yMEtfTEV0NjVKSkY5Nnpjb09ZWi1USXRqWHF0blNmTzdJd2YwSkNHX19vTDRfcEh4cFJWcmktVXJXVTRfenp3X1VBZ25Hby1CMktZY0hsR1RMMi1GREEwY295dEVMNEVEaFNlSEFTNWJMNmE5ZWx3eXNWbE1QZFYxcW5Ld1lTY3dBdG44ZU9QcnJIbGh6WkJTVi1SWU83UlZMTlhEWHBnTkxGVTF1X2hGY1FGMTl6Q2pvTXEzWA?hl=en-US&gl=US&ceid=US%3Aen,The Wall Street Journal,1 hour ago,📺 Wall Street Journal,https://news.google.com/api/attachments/CC8iK0NnNHhkRXBET0VKZk0wdDFZV2ROVFJDZkF4ampCU2dLTWdaQklwWVRtUWs=-w200-h112-p-df-rw,2025-09-22T02:05:46.469444
JD Vance Honors Charlie Kirk: ‘He Is a Martyr for the Christian Faith’,https://news.google.com/read/CBMihwRBVV95cUxNX1Zrb1RUckFMV3hoNGhERzdpV3BMYW1tbkVtUE91VlFpOFRyRTV4ME0ycGlzMWg2Y3VpVWU4dFZMUGd4bHBGZGY3LW80cXJmNk9SS0ZiV2h6R1FkczU4TVd2WDBRRENDYXQ0ZENZYTlOQWFTcF9MVFRyRUs1NTlXRmFlNU5ONF90dDRtQ1Jmek1BZ1Fxc0g4QXZLc1M2WDhPM0FRdmRPeXd2V2JsaU00d2pTUEhreFlaQ1ZNSjhIdDJ4ZHBwMGlma3RSdzduaFk5ZlVUbFRrZEZoSnNRNXZ6LXlTMEN2c1YzUkZMMFoxNTZmaW1OWnd0RU1qbWI2XzljVUw5R3RoWWh3WXlCQ2NwV3pSclFuODZLZElISXE5TEJVS2ZJblM0YmlhV1NZeHdTWDNHSEluMkFnOXdxWXdnOHRDNUpKc0ZwTDA3clRaUjdmcmk4N3ZoOG9RY3V6UEljeEFrWGdKSW1DOUlVOV9XcWFrejB6dDlmenBSS2tkd0NjMjc0ZUg2THpFSTFxYXF5WWhISV9WdTZQMTJEckFxQWV6bkcyM3dFV1FWTERPSVEtRTRMalpic01PbF8wTWR0OHJOTjJlY1NqNUtmNTFfSmtpaXlQc0hmZUpZNGp5MEZnbmxTaGlYYkR3alRvMUdlUTBPU3pIMXJ2TURmZ3Bfb1VwUWZrenc?hl=en-US&gl=US&ceid=US%3Aen,The Wall Street Journal,3 hours ago,📺 Wall Street Journal,https://news.google.com/api/attachments/CC8iK0NnNVZjbXRaVEVVeE5rNU1RWGxZVFJDZkF4ampCU2dLTWdiQk1aVDBtQWs=-w200-h112-p-df-rw,2025-09-22T02:05:46.469445
WSJ What’s News,https://news.google.com/read/CBMi5wJBVV95cUxNbGR4Vm9PZDhzOHFtYzB6N0ZRT3I2T3gxTEFVTkFBdEI2bzdHbGZCeFlLbzlkRDFBa0tfSFJVc1FqMXJtMTVKWXJnRW44VEJ4eGg2dXFINlJyc2VZZmZ6eHpYWGF4Yy03QVNBUEc0RlBLeTdycGZJb3hkYjNQOTBJQmNyX2RDWXQ0RUYtNnJkV19HeFVnRlItZ2l3MGlVV2FhQ0xGVm9SMXNLM0NzNUgybWFtakdYWlFnZm9MdGc1MDAtbmJ0d2lVX3VGV0F4dTNCM2VCQXF1WFRkN0JSd1hvX2d2R2NYRTVndUZyem1NOEhjUHpjRWpDeDVncjA3WU83cXJFUG0xVWtQX1J4OFBfb1ozNUdBbEJNa1Q0d1o0eGJvY09CREZrR2xablo0amtFRElsUUpBSDFYYUhxZUR2Snc1Q2lTenNtcm1iRkpIbDRxak14OE00NmtFWnZlSzRKRkFBQzZHMA?hl=en-US&gl=US&ceid=US%3Aen,The Wall Street Journal,"Jun 27, 2019",📺 Wall Street Journal,"https://encrypted-tbn1.gstatic.com/faviconV2?url=https://video-api.wsj.com&client=NEWS_360&size=96&type=FAVICON&fallback_opts=TYPE,SIZE,URL",2025-09-22T02:05:46.469447
Macron Says Europe’s Russian Energy Imports Are ‘Marginal’ Issue,https://news.google.com/read/CBMiswFBVV95cUxOVzRuMWUybVh1cnNPbllLRzJNY2tlellqa0RTX0lnOGIzMFVzb01hUnRueWJUZjVLREZ2Y3IzNEVzYmVUM2dhSmcxNUkyX3dhVU1WQkUzVE1PM2NEaWRmR1NDLUVrdFZNdktBSER2VkJDSTBhaTloUUxkOVdLUnFLNzM4aGQyN1FZNV9BTUJPVWF0T3pyMFc4QUtUazRkU2o1MDNsMWxrMHc5TVo4VmROcVFCQQ?hl=en-US&gl=US&ceid=US%3Aen,Bloomberg.com,9 hours ago,📺 Bloomberg,https://news.google.com/api/attachments/CC8iK0NnNTBXRWxXTW5WYVZqWjFhWFJHVFJERUF4aW1CU2dLTWdZdFpaU3VLUWc=-w200-h112-p-df-rw,2025-09-22T02:05:46.469449
Ford Is Leaving Its Longtime HQ to a Walkable New Campus,https://news.google.com/read/CBMiwAFBVV95cUxPdUdnS2ZwZEpXYWFLRThweGo4TEQ4X1FLYnJlMmVMVGx1SzdCN1hEWm1aRHBsR3BMZ1JLMVJWQUN0em5UTVE0UHJGZmo4XzhzcGR4YlpLRlNzc2VsbGdhcmEwSlpWX0tmd1o4MnRzM3p2R09nTXVqWGhubW1icDN4Q296QkZGTkxLdnB5M2ZmNldzS0JyS2lwX0FReTE3X3NIV1NvWTZFT21vWnZNZmxoTndvYXRmcExrVXJ2VVFFdmU?hl=en-US&gl=US&ceid=US%3Aen,Bloomberg.com,14 hours ago,📺 Bloomberg,https://news.google.com/api/attachments/CC8iJ0NnNUxia2g2ZURneFNuQjZUM2w2VFJDcUF4alBCU2dLTWdPWmN4SQ=-w200-h112-p-df-rw,2025-09-22T02:05:46.469451
"Trump’s $100,000 Visa Threatens Business Model of India IT Firms",https://news.google.com/read/CBMitAFBVV95cUxNdWRYY3pYel9qNjNYcU9IZEJYRTdYMHZrM29RQXRSbE4ya0c5Vm5VVkZmdDlWUUFDRlFUZ0JicE9vc0RxbjhoR2NWMjZwVmdrSGxpRGEzVnlJUDFOM2MwZUxRS2hzLVlqYWhfWXdhZ09Na2sxRTBWak1zdDBvN3Q1Ym4xNWwtSHdaZXl4OTVkRWpVU2RFb2N1U0hSTERrenFfR3VyWDRqRXNwSzVlQ1pKWC14SDU?hl=en-US&gl=US&ceid=US%3Aen,Bloomberg.com,10 hours ago,📺 Bloomberg,https://news.google.com/api/attachments/CC8iK0NnNUNTbTVEYTBkNGVETkllRE5DVFJERUF4aW1CU2dLTWdhcFU0cHZxUWM=-w200-h112-p-df-rw,2025-09-22T02:05:46.469452
The End of Jimmy Kimmel at ABC,https://news.google.com/read/CBMijAFBVV95cUxQblQxNTNOUjdCdmRQOUd6eGtpTmJURmd6alJFVkxEU0RIMWwxTWdDdmxKemVzWlZMZGg1bFFGbkl6WVBoTjZBc1JrM2g5bHA1ZGRVLXV1cEZlMEJlb0MzdkpIWl9yeUxzSGRkTHd1Q19fVS1vYjIxT1M1dFROVnViMXZoXzRXQVY4V1lQVQ?hl=en-US&gl=US&ceid=US%3Aen,Bloomberg.com,4 hours ago,📺 Bloomberg,https://news.google.com/api/attachments/CC8iK0NnNUhkM0ppVVRaT1oxWm5VVEJNVFJERUF4aW1CU2dLTWdZQllJS1UwQUk=-w200-h112-p-df-rw,2025-09-22T02:05:46.469454
Apple’s iPhone 17 Shows Device’s Staying Power — At Least for Now,https://news.google.com/read/CBMizAFBVV95cUxNSi1aUWFlVzZNQXB2SGZnRXdhZXBXT0VjMmhodXI4TkdJMDg5NmlTalNRMGIzVUhtbGoyQ2diLTVhLVhCYk10cnBxUmNMcS1VemhCWmZYbHNzWlhfT242MFl4ci1mYWlzZWFsbFdpYzlFWDVNM21sUEFwaFcyYmtVc0VBcndKaFo1YUVlR0VPNzBTd245UWt5a1loaGlNTVlPUDVpa191TnhSZEp2TmVwNDJsb3hfdEs5VVptMkEzRnJ5X0NQNXVkdzBQTzU?hl=en-US&gl=US&ceid=US%3Aen,Bloomberg.com,14 hours ago,📺 Bloomberg,https://news.google.com/api/attachments/CC8iK0NnNUxZMFZKV25wM2QwWlpVVXBGVFJERUF4aW1CU2dLTWdZQk1JeG1yZ1E=-w200-h112-p-df-rw,2025-09-22T02:05:46.469456
"Snipers, Secret Service, Gridlock Mean It’s NYC's Annual UN Week",https://news.google.com/read/CBMirgFBVV95cUxPUEtXUDhrWEMzSDNHQ3paSW9CajRaYU1xQjRKc2pfcVdzWU1jMnQxYlFtMWZ3ZkhsNVlNaVI5X0dKdGRTcFVJSnJQdTJJeHFsczBfa2ZZcUt5Z2FSX2llczBHREdFVkp3UkRsQ2Ryd1JETzdURE1KbTBzZ1JaaDlocEpVUVBvLXA0OVdyb1RLXy1MY185aWdUOF9nQm0zYkhIcFduS3lDWVF4Qkp2S2c?hl=en-US&gl=US&ceid=US%3Aen,Bloomberg.com,11 hours ago,📺 Bloomberg,https://news.google.com/api/attachments/CC8iK0NnNHdVelZNY0Uwd1RYVnZhbk5FVFJERUF4aW1CU2dLTWdZZHRvd3F2Z1U=-w200-h112-p-df-rw,2025-09-22T02:05:46.469458
"Oil Steadies With Focus on Russian Crude Flows, Refinery Strikes",https://news.google.com/read/CBMivgFBVV95cUxOWTg5QldhZmNiQUNIcmlqdktWakVONEYtOTM1bnllYWJDd2ZEUkdKR05TSU1LdnFCRDIwTmpoT1dSckF1b200ZWZkU3ZYNVR1cnExSEphSkFxd01GSWhKcUh2QmVvdUlMN2dJWXdnVDhLNVZOcHE0c0I0ZmRPdk9tdFpTOXFKMENHeEhNTWZzcGRkeEVQZUpRNjFKTmVoWXhaVlVnYVJadUJvSDVIaDd2RnhIQUc1b2NRUEt4U0NR?hl=en-US&gl=US&ceid=US%3Aen,Bloomberg.com,2 hours ago,📺 Bloomberg,https://news.google.com/api/attachments/CC8iJ0NnNXZhRXcyYTFWSFMxRTFOV0pzVFJERUF4aW1CU2dLTWdNUk1BSQ=-w200-h112-p-df-rw,2025-09-22T02:05:46.469460
Cosan Reaches Deal to Raise Nearly $2 Billion to Aid Finances,https://news.google.com/read/CBMisAFBVV95cUxQU1QxYzNrS2EwdlRfNVo3eGFtUXdGNnY4Z2JNTUZsVHlhVDFjVWhmbTdtY1c0bkhTS014cUpDVXBvN2JFQUpRSF9GbnN6N2drbkJuVFJYdFBDUHJaZnVac0libG8zRWtQWFg3WFFST3VuUkNuaVV6dnZvTTduNlE1ajBIREZUd2NMeFZVdjBpazUtTmVNUWFrckZNaUNfZWVoR3hMYkhuUThZU3lKRVFiRA?hl=en-US&gl=US&ceid=US%3Aen,Bloomberg.com,5 hours ago,📺 Bloomberg,https://news.google.com/api/attachments/CC8iJ0NnNUpRVXg0U1hkaGNHdFpPVWhDVFJERUF4aW1CU2dLTWdNSmdBWQ=-w200-h112-p-df-rw,2025-09-22T02:05:46.469461
"North Korea's Kim Jong Un Touts Good Trump Memories, Rejects Denuclearization",https://news.google.com/read/CBMiswFBVV95cUxNN3hENnd5bTBRc0RpLTFvdFhJLVM2UFpEeFhXSDhmbkw1eWl2aU44TVpmRW5rWFRZSlFVLVJlNkJZVXgxeUxBT0xuTG45U295cUdWYUVVWDdGVDBiTXlOZVZ2cXNYcGdKeXBubExFcGJwUU8zVzNpVEVhZGVhSEJPSmJHaU1xamtrNlhaNEtxOEFrTjkzV1UzNlo2ekhxNkRMV2E3enhwU1llYlFZV3VEUUpiQQ?hl=en-US&gl=US&ceid=US%3Aen,Bloomberg.com,3 hours ago,📺 Bloomberg,https://news.google.com/api/attachments/CC8iK0NnNURPREJ6YzJoM2RXbGZjWGh4VFJEUUF4aVZCU2dLTWdZZFFwSU1wUWs=-w200-h112-p-df-rw,2025-09-22T02:05:46.469463
"Saks Global in Talks to Sell 49% of Bergdorf Goodman, WSJ Says",https://news.google.com/read/CBMizAFBVV95cUxPaHFueGZ0QV91MHBtYVBzY2Y2UEE3NG5obHNhT0ZYM0tMOFFYVDYzQTgweWJhQUJPZXUtbl9tUkdhajJlUnI0OUZXU0g0aEpKbU1WM0YzYnJ3R1FtLW5LdDhNODA5QlhiV2laY3V0MGRrYk56S1JsVk1tR21KQjh6WXU1bnNmNkNzZ0lwT1JTSDgtLXZwbVF6Z2ozUlRMbWhjNVdFSE4wbFR2S1dFRVliODU4R2NBZHEtMVp2eFFrei13SkxzOHlCZHFVZnc?hl=en-US&gl=US&ceid=US%3Aen,Bloomberg.com,4 hours ago,📺 Bloomberg,https://news.google.com/api/attachments/CC8iK0NnNHpjbWx4V210TlMyMXhVM05qVFJERUF4aW1CU2dLTWdZQmdvUnFXZ00=-w200-h112-p-df-rw,2025-09-22T02:05:46.469465
TechCrunch Mobility: The two robotaxi battlegrounds that matter,https://news.google.com/read/CBMingFBVV95cUxQOU5IQnA0SFpEdjNKU05yRlVJb0dQelJDd3N3VnkzWHlqdFVUd1hvSXMwU3EwRXhsZkJaaFJOY01WRVppRm5NclYwcXY3V1VKb1VpeG9LVGV6RmFDYjVKRnozR0RVMGNaVGpRdHpJSGhvaWpwUHNxN3I2Z0JsMGxDZDM2YnRVOWN2cTd4c3lPS0RWYXRnTWttaG0yVWdtQQ?hl=en-US&gl=US&ceid=US%3Aen,TechCrunch,10 hours ago,💻 TechCrunch,https://news.google.com/api/attachments/CC8iJ0NnNWlUR2QxZFVFM05Fb3pkSEZuVFJERUF4aW5CU2dLTWdNUllBQQ=-w200-h112-p-df-rw,2025-09-22T02:05:46.469467
"Sony, Microsoft, and the future of game consoles.",https://news.google.com/read/CBMimwFBVV95cUxQTHJldlJZaXdPRnRBSjF5T1NiNlJENjlaRnpBTGtkLWVmVDRfMWJxeDNqaHV5YXJOdVI4azhRTFdyU2JZZ0hrUmphM1NOODRSM3F6U1RIZHF2d2RlSlpESDR3VXR0cU93bnJhR2cyYTItMGtwdEtOckM4ejNrd2RjTXBYWFFsenMtby02TzZ1WXhvMkRMNkJfUEFDdw?hl=en-US&gl=US&ceid=US%3Aen,The Verge,14 hours ago,💻 The Verge,https://news.google.com/api/attachments/CC8iJ0NnNDFTWEYzTW5WUWVFeEVRMkZyVFJERkF4aWxCU2dLTWdNQllRZw=-w200-h112-p-df-rw,2025-09-22T02:05:46.469468
The foldable iPhone might look like two iPhone Airs stuck together,https://news.google.com/read/CBMihwFBVV95cUxQRi1VRDcwOUhFZnpLSHp3Wk9vLUhYOWlzTkJ2bi13QUw5WDUzWUJIOVBYZFNLTnlvRlpQdGZQdEZyYkxQRk9nTk9tNzRfYjBYZTlaa1ljSXZ1Tl9aY3cxYVhxcGVaZUpVcDRMSl9LU0o2VnlWNHg3N1lsQ2dxLWpqVi1Ma3BTdFE?hl=en-US&gl=US&ceid=US%3Aen,The Verge,5 hours ago,💻 The Verge,https://news.google.com/api/attachments/CC8iK0NnNVRaSE16VldGcGRVeGpURFkxVFJERUF4aW1CU2dLTWdhbE5Jek9yUVk=-w200-h112-p-df-rw,2025-09-22T02:05:46.469470
The touchscreen MacBook rumors are never ending,https://news.google.com/read/CBMid0FVX3lxTE43R3hWTHBtdGtTaUVuT2gxY0FMSXBBVjVxX2RKcENMeEtkTkZNczdRNFZEOEQyb25rR2M0TnIxc1BFRGhUUldlR1BnX0RpTXlOMnoteGVoblJqU1RTTFV0WUF1eDBpci0tX1IxcGJrVmdDdktUekhn?hl=en-US&gl=US&ceid=US%3Aen,The Verge,7 hours ago,💻 The Verge,https://news.google.com/api/attachments/CC8iK0NnNWlOWHBTVEZNeVlYaGtPVmc1VFJERUF4aW1CU2dLTWdZaGhJcXRPUVU=-w200-h112-p-df-rw,2025-09-22T02:05:46.469472
Montblanc is getting into the digital notepad game,https://news.google.com/read/CBMikAFBVV95cUxOMXBrdW90UlFiV3VWRWlnNFNXdldFZHhuTlBVa2FkTHFZcDg2dVN2Zzc4d0YtVXRwRF9fQXp1R2Vyb0N2eDZ5UG1BS1R6RjhBLVRHbU42a3VNRzV0MDE3NFJySXUySUNxRi1ITGljRlREMGdGZmdmSVpzRlg1SzhmcTVJVVpmUEkwU09mNlRObTU?hl=en-US&gl=US&ceid=US%3Aen,The Verge,9 hours ago,💻 The Verge,https://news.google.com/api/attachments/CC8iK0NnNHdNVVpoZUV4eVVVaGlTWFk1VFJER0F4aWpCU2dLTWdhQmFKYmpyZ2M=-w200-h112-p-df-rw,2025-09-22T02:05:46.469474
A jury will decide if Amazon illegally tricked people into paying for Prime,https://news.google.com/read/CBMiiAFBVV95cUxOenBha2hmWmdobVMySG1LbjI3blhWczQtQ0NoRENEUzJCNFp1ZWE1eVFZYS1vVUpsaWpWd0owWldreEFGNmtBS21mOVBpbzUydlEyY044Q1MycUdGOFZnWl8xVUgzd0FKVU1HSm1LZVVJQkVtckl4T2VHVjVuRmdkblMwZW56UVNX?hl=en-US&gl=US&ceid=US%3Aen,The Verge,10 hours ago,💻 The Verge,https://news.google.com/api/attachments/CC8iK0NnNVlWMjk1UjJWNGRqQmZTbEkzVFJERUF4aW1CU2dLTWdhWmc1U0xNUWM=-w200-h112-p-df-rw,2025-09-22T02:05:46.469475
"Trump’s H-1B visa fee isn’t just about immigration, it’s about fealty",https://news.google.com/read/CBMioAFBVV95cUxONTVCcWstRjVQaTZmWnloUDcyYlpfZFF3SXlYZEpBT2xsYTBKT0kwU1F3LW5nVzUtYnRjbE9sb0ROa3dZUlhZTzQybHlSNlFwZDdjYl9xX2lsSTBhWTRYQ3JXWVlDazg3ZVE1Y2pISmZqX1RscXp0dTNSbVBiaDVpY0hoT2YyYVFnYmMwMHAwSjVSRU9nM3AtanhTd0ZaQlRo?hl=en-US&gl=US&ceid=US%3Aen,The Verge,11 hours ago,💻 The Verge,https://news.google.com/api/attachments/CC8iK0NnNXJla0p4YzBwS1F6SjZlWGhmVFJERUF4aW1CU2dLTWdhcGRKQ3VyUWM=-w200-h112-p-df-rw,2025-09-22T02:05:46.469477
"RIYL: resist t-shirts, history lessons, bodice rippers.",https://news.google.com/read/CBMikgFBVV95cUxQNFliY0F2YWRuY3VvSEZxTEdLd0FPaVZoaXgyRElrV0VSMU9UN1NwM1Q3ejBjNzVhTFBfMi1vS3p6VVhnQndwS1Q5Ylp1OTBjdTgwd3A5Zm1WYWNmQU1CUHI4aW4xMDRyLWdKejZSeXFrUzJ3Mno2RG9Pd1pIOUhYRlotTV9tdWFRQ1dDWVl5ZmtrQQ?hl=en-US&gl=US&ceid=US%3Aen,The Verge,7 hours ago,💻 The Verge,https://news.google.com/api/attachments/CC8iL0NnNVJSMk5sU1dVdFgzUlVVVVo2VFJDUUF4al9CU2dLTWdrQk1KQnltQ25CaHdJ=-w200-h112-p-df-rw,2025-09-22T02:05:46.469479
The best smart glasses got a little better,https://news.google.com/read/CBMihwFBVV95cUxQZk1kdE41aVB6T2VoMVE3TW1HWlBvbGlEaV9OczFMeFJXdVljXzd2Vk5FVmpySkFjckVsYWNrT0ZodnZLY1VEajlFWUJENE5CenNMeU1LeFpjMy1wU2ljTUtzcThGV1JoYWZ1S0EtcWdhLTZoZFI1SG1yVDl1Y19ZZ1RfYmwxYmM?hl=en-US&gl=US&ceid=US%3Aen,The Verge,14 hours ago,💻 The Verge,https://news.google.com/api/attachments/CC8iK0NnNXdjRk5RTTNGUFh6YzNWbXRSVFJERUF4aW1CU2dLTWdZQlVJeUpLUWc=-w200-h112-p-df-rw,2025-09-22T02:05:46.469480
Drone News & DJI Rumors,https://news.google.com/read/CBMiOkFVX3lxTE92ZGw4VVhKR3NTOWtmNkd0S2E2VWZsZ1FrSXA4Yzc2MDRqc0VYZDJ1TEswaUMwdEdGckE?hl=en-US&gl=US&ceid=US%3Aen,DroneXL.co,"Jun 17, 2024",🚁 DroneXL,https://news.google.com/api/attachments/CC8iK0NnNXVjRmxJZFRoWmVYUXRhbkE1VFJDZkF4ampCU2dLTWdZbGtJanRSUVE=-w200-h112-p-df-rw,2025-09-22T02:05:46.469482
Drone Technology,https://news.google.com/read/CBMiUEFVX3lxTFBVd1hEcnhIQ2lyNnVFZUxoS2R2OWdEa0Q0dWpFQ3lwb3d4cHBzTHdoMl9iMEtVWjlwMnFuaEU4TUdzd2xFdWY1R0tIRDhSejdP?hl=en-US&gl=US&ceid=US%3Aen,DroneXL.co,"Jun 18, 2024",🚁 DroneXL,https://news.google.com/api/attachments/CC8iK0NnNXdXRzFoWVhZMWNtMDFXbUkzVFJDZkF4ampCU2dLTWdhaGRJak5RUVE=-w200-h112-p-df-rw,2025-09-22T02:05:46.469484
Gaza-bound aid flotilla says drone spotted flying over one of its ships,https://news.google.com/read/CBMitwFBVV95cUxNbFJIWGdLTDEtaFlodklYUFc4NXJlV2RuT01WQXA4Z25WQ2dBS2d2LVp3MlprajU5VWpWNGg5WHRNcXcycUhaVDJXaFgwX2FKX2ZHaWVyWFRLLTlvQnJQN2IyaHprekg2M1VTUlFrRHhUMWdhTmRndjVuOXQwY0tNQ0tYeU1TcmwzQjc2bTNFaGhEZEVtTy1XY0tUSkxGNGN6T1ZtQWVHaUlvY2tWRDZUV1dHVXhTVjA?hl=en-US&gl=US&ceid=US%3Aen,Anadolu Ajansı,8 hours ago,🇵🇸 Gaza Drones,https://news.google.com/api/attachments/CC8iMkNnNTRhRkozYWtKWFZXSk9aazh5VFJDZkF4ampCU2dLTWdzRllZTHZxR09LdFVoTHNn=-w200-h112-p-df-rw,2025-09-22T02:05:46.469486
Drones spotted over Gaza-bound flotilla as convoy continues toward blockaded territory,https://news.google.com/read/CBMiyAFBVV95cUxPMXhSVlZRWE96SFQ0ODh4MmlDQmxlbDVmRmZSMFFfekozSGVWUkdUa2p0V2xmdnBfZlZiVDBJRC12TXVHVUZJZUJXZ0xoWlJFSkZaQnlRVXJzOGJCVnU4aVRHNU1iQ0N0T29IN2JOanA2VkQzdmtqNmpUVE5vZnNOUm5UTGZBajI4M2lqNmlqZ3NsS1RxVEszQXFYTHBDd1lJNHcxQ1lLRTEzTG1MSTNSd1hLQWxoUGdwOVZyM0R5LTdvcDdrWmNKTg?hl=en-US&gl=US&ceid=US%3Aen,Türkiye Today,6 hours ago,🇵🇸 Gaza Drones,https://news.google.com/api/attachments/CC8iK0NnNXFVbEpWUkdSMUxWaEpNV1pMVFJERUF4aW1CU2dLTWdhcG9JNXZ1UVk=-w200-h112-p-df-rw,2025-09-22T02:05:46.469488
"Al Jazeera: Israel drone attacks, explosives preventing evacuation in Gaza",https://news.google.com/read/CBMiYkFVX3lxTE1BQjJMMGhGTTZ3dHR4dWVUUkQyYnRPTDZPVThRa0JwcUxLUlFIYjR4UEMtQ2ZmMFBxbnhMbEdwRDJGQnZOV3ZVLXc4SE4wRy11STlmVHl4VVBhTDZaRWNYR2hn?hl=en-US&gl=US&ceid=US%3Aen,nhk.or.jp,13 hours ago,🇵🇸 Gaza Drones,https://news.google.com/api/attachments/CC8iK0NnNDJOamMyTkU1d2VFSTNSRTVxVFJEb0FoaUFCU2dLTWdZQklJYUVsZ2s=-w200-h112-p-df-rw,2025-09-22T02:05:46.469489
"Gaza flotilla drama: Spokesman quits, Greta switches boats after fire, activists drop out",https://news.google.com/read/CBMiVkFVX3lxTFBIcUc4cGI3N2pGWnFVd0lFd2RVTmdKYlVqRHNDVVk4bl9JdEp1MnFYcGtEclVCQ1RYN3FZWDVUR0RxOTVjbmZ4TU1weWU3R2o2YnFReDJR?hl=en-US&gl=US&ceid=US%3Aen,Ynetnews,17 hours ago,🇵🇸 Gaza Drones,https://news.google.com/api/attachments/CC8iL0NnNXFhSGQzZEZkeE1XTnFhVzVLVFJDZkFoanFBeWdLTWdrQlVvcW1xcWhrN2dF=-w200-h112-p-df-rw,2025-09-22T02:05:46.469491
"Saturday Update: Gaza Death Toll Rises to 107, Dozens Injured",https://news.google.com/read/CBMijwFBVV95cUxNczU5SXF4YV9Xd1l5ZkRfcGNsWGo3T0VkdWJVal81eldNekZkWllkQ0ZKWmZwNXdiaTd4ZDJ0bUgtWkNuVUh5TEhiaUZvSVVlR1o0MTByRV9CcXJsemluSGZmeWdNcTN0Y2E3LWZndDVvTTN3RG9pQktBVFNhLWVGTWVwOUpKcTJYLXZERm1fMA?hl=en-US&gl=US&ceid=US%3Aen,- IMEMC News,23 hours ago,🇵🇸 Gaza Drones,https://news.google.com/api/attachments/CC8iK0NnNWxhRGhxTlZCcVptaHRSVzFTVFJDUUF4aXZCQ2dLTWdhVkVvSXZIUVk=-w200-h112-p-df-rw,2025-09-22T02:05:46.469492
"Israel kills 34 people in Gaza, say health officials, ahead of UN meeting",https://news.google.com/read/CBMiuwFBVV95cUxNU0Roa2t2d0dGTkxjVlAtdnZrcVoxbE1RVHRiVGVMdVVIb3FJbEdFSm9YdHkxaUd1SFN5T253dWdoZXVPQ2V6UDU1cDlHZFBob2FMdkw3U3ZBbEJaWmFSMWZpM0xTbi1TNHVUdFRwcVdOR1dwSi1CcE9EOTdlN3lMd3RFVW1rbGY0Y1hHYklqZ2Y0bkt5TlIzazVPbHVwNzk3ZUlTV1ZZQ0xCZDVnNU5NbGZRdzF5VzVYY2pF0gG7AUFVX3lxTE1TRGhra3Z3R0ZOTGNWUC12dmtxWjFsTVFUdGJUZUx1VUhvcUlsR0VKb1h0eTFpR3VIU3lPbnd1Z2hldU9DZXpQNTVwOUdkUGhvYUx2TDdTdkFsQlpaYVIxZmkzTFNuLVM0dVR0VHBxV05HV3BKLUJwT0Q5N2U3eUx3dEVVbWtsZjRjWEdiSWpnZjRuS3lOUjNrNU9sdXA3OTdlSVNXVllDTEJkNWc1Tk1sZlF3MXlXNVhjakU?hl=en-US&gl=US&ceid=US%3Aen,The Korea Times,12 hours ago,🇵🇸 Gaza Drones,https://news.google.com/api/attachments/CC8iJ0NnNUtibEJwVkhkQk9YRktWblJzVFJERUF4aW5CU2dLTWdNWjRBZw=-w200-h112-p-df-rw,2025-09-22T02:05:46.469494
Syrian President al Sharaa says blocking sanctions relief amounts to complicity in killing,https://news.google.com/read/CBMiWEFVX3lxTE1mdzl5ZjRLVlZDOEhZdGpOOWhRQ2dUcjItbHpncElmUktFbElOSkpfREl4c2pURWJOaDRMWE02NWVtaEVFeklsQ0lkbl9fREdlLXozT2oxTks?hl=en-US&gl=US&ceid=US%3Aen,TRT World,6 hours ago,🇸🇾 Syria Drones,https://news.google.com/api/attachments/CC8iK0NnNWpTbkZuZWpOeGFHRlBWRVJGVFJDM0FSaVRBaWdCTWdhQlFaYk1yUWM=-w200-h112-p-df-rw,2025-09-22T02:05:46.469496
Syria to select new parliament on October 5,https://news.google.com/read/CBMiqAFBVV95cUxQRld4ODJKU3VfMEU2bFZ6c0NDWG1XVjhiT1RWUW5HRS1VWldMdUF0OW1MM05hLWJTdUJGMUNCSWM5R0szcXFZaUt6d05rc0tWVWJwOTVaMHpiQi02TGRvOTZxazlNZFhwVjltd3YwYjVaLU5kSXNMMDU3NURxS0ZKWHVjVEZJTExubXRvcGRfMlFubjFnTjZjTklIVnBqVUdZQUlRSWo4UmvSAagBQVVfeXFMUEZXeDgySlN1XzBFNmxWenNDQ1htV1Y4Yk9UVlFuR0UtVVpXTHVBdDltTDNOYS1iU3VCRjFDQkljOUdLM3FxWWlLendOa3NLVlVicDk1WjB6YkItNkxkbzk2cWs5TWRYcFY5bXd2MGI1Wi1OZElzTDA1NzVEcUtGSlh1Y1RGSUxMbm10b3BkXzJRbm4xZ042Y05JSFZwalVHWUFJUUlqOFJr?hl=en-US&gl=US&ceid=US%3Aen,Al Arabiya English,9 hours ago,🇸🇾 Syria Drones,https://news.google.com/api/attachments/CC8iK0NnNDJUMk4yUTBKWmVWWTNSMGhpVFJDZkF4ampCU2dLTWdZbEFKU1FFUXM=-w200-h112-p-df-rw,2025-09-22T02:05:46.469498
Syria Monitor Says 7 Civilians Killed in Gov’t Bombardment in North,https://news.google.com/read/CBMigwFBVV95cUxNYTFGRk1Edkdlck5ZNnpmU2tHZDY3cksyUjVYLS1jN2lDamdyT1FYTWVaZnhScU85VjYySVJkSkpENVF5Zi1IZUhFcjJnV2lYVzg4TlRDRk5vbm5PTDJXa2F0aXBXczRndmJkR0xMU1ZCcDBwU2FMcHlTUVN1VVV2allyUdIBgwFBVV95cUxNYTFGRk1Edkdlck5ZNnpmU2tHZDY3cksyUjVYLS1jN2lDamdyT1FYTWVaZnhScU85VjYySVJkSkpENVF5Zi1IZUhFcjJnV2lYVzg4TlRDRk5vbm5PTDJXa2F0aXBXczRndmJkR0xMU1ZCcDBwU2FMcHlTUVN1VVV2allyUQ?hl=en-US&gl=US&ceid=US%3Aen,The Defense Post,19 hours ago,🇸🇾 Syria Drones,https://news.google.com/api/attachments/CC8iK0NnNXVRMU54VFRkVllWZExWR0Z4VFJDZkF4ampCU2dLTWdZVmdJcEpyZ1k=-w200-h112-p-df-rw,2025-09-22T02:05:46.469500
Damascus denies responsibility in deadly attack on northern Syria village,https://news.google.com/read/CBMiZkFVX3lxTFBYdWd5d0tmSnBnUDZ2TllsdGExU1BYVGVmOFlzWG5udC10R0dEMVVIb0NFQXA3WlZBR3N0dXMxMTQyVjBQbm5tVjY4ZDRkeDlUZ05PRGIyeU1zbWZ0UlAwOUl1bzhjZw?hl=en-US&gl=US&ceid=US%3Aen,rudaw.net,17 hours ago,🇸🇾 Syria Drones,https://news.google.com/api/attachments/CC8iK0NnNVVXSGd3YTBGeFZETmpjblowVFJDeUFSaWJBaWdCTWdZaGhJYXR2UVE=-w200-h112-p-df-rw,2025-09-22T02:05:46.469501
Israel makes fresh ground incursions into southern Syria despite talks with HTS,https://news.google.com/read/CBMixgFBVV95cUxPTHE2SFZibGRGb0ViVWQwdXhBSEVzdXBQeUM1YWlJM3NWVmFRLS1mR0Q4UnQwZUFBQ2J1QXdTWmxEZ0QwU2lQU1FWeTZJTGFoZVZZSXFZLTVhMkJnenZINnRqcVJtNkMyWmRhZ2VodU13TWZsWlNZODdlQzVINXhWYXFSdUJlUEZ6UXdjVFVoUjFjTGRDSmZreGJNMGNLWHowQ0VqUDVmMFRISEdTeHVTUnRhM3VCeGkxcHJ4UXZVZ2d6UkN2N3c?hl=en-US&gl=US&ceid=US%3Aen,PressTV,16 hours ago,🇸🇾 Syria Drones,https://news.google.com/api/attachments/CC8iK0NnNTNaMWhyUmtSU2FsTnJjRnBQVFJDZkF4ampCU2dLTWdZQkFJcVJ3QVU=-w200-h112-p-df-rw,2025-09-22T02:05:46.469503
Syrian Interim Government’s militants commit massacre in rural Deir Hafer,https://news.google.com/read/CBMingFBVV95cUxOQVZPRW1qRmJKMWlQSF9iNFMzRlNETzJNRS1TeVBfMnlxQnFPYnVGY2F6Uk53SUdkU21hNXJHWkVfVmlDREZQSHN4T3pCbmtQeGduQnRDNDJ3UF8wcnVnbnRuNjlsZy1salVYbVdHNTNOdVBzSGFNSnN0MTZRMjNNSDVEb0h6TXNFU2JGU1RsblJGWGtDYUl1WDlJS0JaQQ?hl=en-US&gl=US&ceid=US%3Aen,ANHA,19 hours ago,🇸🇾 Syria Drones,https://news.google.com/api/attachments/CC8iK0NnNHRUVzFyYjBoRlVrTkVTV3RUVFJEN0FoaXBCaWdLTWdZTk1JaEtzUVE=-w200-h112-p-df-rw,2025-09-22T02:05:46.469505
Follow the money: arms makers flock to defence exhibition as Taiwan’s budget rises,https://news.google.com/read/CBMitgFBVV95cUxQMVlvZEE4cG1ORGU1TW9Zem5vaDlaTTdLbDBJeW1ZamJJVXJ1a0E4X1pFdFVFU2tUc2hvTzAwaEdHNXdrYmVMbnlqWlFweDlTVEdpXzQyZHhINEFET0lIWTBENy1LcFRpTDFnU3hMQ3NOYkRCVnlyeC1BOWlZMndKUmxJcjRTbS1obEpkbG94VzdMbXRidWN6SnZQVTdEMXlYdmVoY05ILXBGaVBhdEtBZEtjVHoxdw?hl=en-US&gl=US&ceid=US%3Aen,🇹🇼 Taiwan Drones News,22 minutes ago,🇹🇼 Taiwan Drones,https://news.google.com/api/attachments/CC8iK0NnNWxVMUF0WnpoTFYycGhZa3ByVFJERUF4aW1CU2dLTWdZZFFJQTEyQUU=-w200-h112-p-df-rw,2025-09-22T02:05:46.469507
"Taiwan's Altek secures US police drone orders, shipments to begin in 2026",https://news.google.com/read/CBMikAFBVV95cUxNUlo2N1BuTmhyUm50WDZidTVTTWgtZ2dqQmwxd1pNLS15TlpVckRZYnZ5Z2tSczA1Sk9ZYWtwZ0RVdWJBN1dvX3NzNWd6MXItR25keEtUS0NiQnBSZUhXdWxQZHBaTkFCMU9vRGhUNFl1VlVsYV83Mmo1dEVpT2dDNkExX3duTVR5RF9GYTZPZTQ?hl=en-US&gl=US&ceid=US%3Aen,digitimes,23 hours ago,🇹🇼 Taiwan Drones,https://news.google.com/api/attachments/CC8iK0NnNWljMUpXZFdoM1NYUlNTMVJhVFJDckF4aUFCU2dLTWdhbE01Qk1JUWs=-w200-h112-p-df-rw,2025-09-22T02:05:46.469508
Taiwan unveils first missile jointly developed with American arms company,https://news.google.com/read/CBMihwFBVV95cUxOY3Q4WjdSa0pVaTBTV1hOWnFBaWtoaHY4ell5SFNRZGh5Y3p0X0lYTWlnME56Vkg4RFhqeldVQTExMmlfRGNoTmVrY0x5aG03bXNRbHhYTWc5M2tzRE5jTEhLZzhtTTRldWpIOW1NaUJMdE9Ia1dPNzRtQWd3UjJycmpIa1VBWkU?hl=en-US&gl=US&ceid=US%3Aen,AOL.com,19 hours ago,🇹🇼 Taiwan Drones,https://news.google.com/api/attachments/CC8iMkNnNUxOMGg0Wm0xUVltUlNTRTVDVFJEb0FoaUFCU2dLTWdzQkFJNGpnNndPWnpyVmF3=-w200-h112-p-df-rw,2025-09-22T02:05:46.469510
"Evacuations in Philippines, Taiwan as super typhoon nears",https://news.google.com/read/CBMiswFBVV95cUxNdXVQdDUzQ0t3SUFkeFNMZllwUUlPMXhqcTRrZ2kzUkhSaUFLQmVXOGxXeGhoLXZZWHdFWWhVSVluR3VQb2lZOGxTeTRWLUEwYkdZX0NJd3FhNTN4TS14VnJVM1RWQlRxOGtUVTBXcnlVeDdDRUFsa2tVelo0ZXV3NmdfUkRFdjM2MUQxWUV0aDNlRkNuajk5UGFtbmtOMzEyakJKTUp5S2NiMjhJQnowbGpXWdIBswFBVV95cUxNdXVQdDUzQ0t3SUFkeFNMZllwUUlPMXhqcTRrZ2kzUkhSaUFLQmVXOGxXeGhoLXZZWHdFWWhVSVluR3VQb2lZOGxTeTRWLUEwYkdZX0NJd3FhNTN4TS14VnJVM1RWQlRxOGtUVTBXcnlVeDdDRUFsa2tVelo0ZXV3NmdfUkRFdjM2MUQxWUV0aDNlRkNuajk5UGFtbmtOMzEyakJKTUp5S2NiMjhJQnowbGpXWQ?hl=en-US&gl=US&ceid=US%3Aen,Al Arabiya English,18 hours ago,🇹🇼 Taiwan Drones,https://news.google.com/api/attachments/CC8iK0NnNWpjMGRNVm5OaU9WVk9TblYxVFJDZkF4ampCU2dLTWdZRmM0SlJTUU0=-w200-h112-p-df-rw,2025-09-22T02:05:46.469512
"Russia Hits Ukraine with Barrage of Drones, Missiles, Kills 3, Kyiv Says",https://news.google.com/read/CBMiugFBVV95cUxPU295YVBsZU9ET1ZLZGY2VWFzTjQtb2pFRUlQZkRCcHM0aXJtM2FNTDNtWi1Fd3RTTnJ6bjVIbG4wdVctVU55WkxGOXZSNURJeWtWdjhpeWdheGRDTnNqcThITnN5aWhfYkRtbjZTSGdhZGhfSWJWWUpZNkFxYnRwaUxqb0d2RGk4VUdYWEN5R2FxRUROZHM5TWQwLTZFMUxVOWRHZzR0MjdfbmdLRTI3aFZ0NmNNNm5uVFE?hl=en-US&gl=US&ceid=US%3Aen,MSN,23 hours ago,🇹🇼 Taiwan Drones,https://news.google.com/api/attachments/CC8iK0NnNWZUbU54VGtkaFNXVlRTRWxUVFJERUFSajhBaWdLTWdZNUVJcDRxQWM=-w200-h112-p-df-rw,2025-09-22T02:05:46.469514
Philippines President orders evacuation ahead of Super Typhoon Ragasa landfall,https://news.google.com/read/CBMiywFBVV95cUxQNjR0VWhBM3JndEtlMDd4R3M2WWpwRFRFSkR3MFV4MlRZQjdSYk9EMkRWWWR5cEswRVh4THBXMUR5ZnZYdWp1bE1QWGJ5WWNESlM3bHBuLTA1UnNNbU1sR2c1YzBrMDg4XzUyYzFOcVhBRHAtblAzeXAtUHo2YTBHdVlvbkxsY0txSk1adzhpemdJNDVTbTB4aU8yZjNMMlBfYlE3cThwZm9UaFk2NjlsbW02X3ZHLW13NXpMV1VGeW1FNk5sb1FybE1jc9IB0wFBVV95cUxQYXdicWg2NVNkUEhGTThwTnlldlNUY0s1akNUWVo5Z1g1UGJwSzlrcGZla1NFOWZNeEN1UGptVnNoZjVISU9tUWFyQ2g2eHh0SHVmM0Nsbk5jVmFjUFlyMG5hQzNnTklnb1RaamUtdGFnRDV1dUxmTWdFUFpobmo1Sm5NMTZiRjdHWWtBNDBJbThoa09MMTRvTlBVQ2hGWVFfMFNRV19sMHNhUlJlUWh3RndaemZabU9OckJwaHNxS3Z3bVQycTl0Zm5BMEVxTHROUndJ?hl=en-US&gl=US&ceid=US%3Aen,ANI News,15 hours ago,🇹🇼 Taiwan Drones,https://news.google.com/api/attachments/CC8iL0NnNXhWME40VjFsbFQyVjZXR3huVFJEZ0F4aUFCU2dLTWdrVkVJUXF0ZU10OUFB=-w200-h112-p-df-rw,2025-09-22T02:05:46.469515
South Africa marks World Rhino Day as poaching slows but one still killed daily,https://news.google.com/read/CBMivwFBVV95cUxNd0taeTI1MFZQWTU2U1hKSG03RllDNDRRc3ljUlVvbmtrX19EQUZud3VOVkZlR1J1UER3X09SWE1hNlYzSHotS1dmUzQtZGc0dFhFNHdpUXRyQ2VjemF4UnpZeGJac2FVSFRLQ3dPU2pTSUh5THlQLUhyeGZ3My1wOVV0eGNPbl9KSFBJclMwaWlmZ0tpNmp6bU1PU18zcWdFRUE5ZW9YS3NqeWdURlFEV253dlhEMWdZQjdVN0t5WQ?hl=en-US&gl=US&ceid=US%3Aen,The Seattle Times,57 minutes ago,🌍 Africa Drones,https://news.google.com/api/attachments/CC8iJ0NnNWplbTlYVUhBeVJrOVJNMEZxVFJERUF4aW1CU2dLTWdPdFpCdw=-w200-h112-p-df-rw,2025-09-22T02:05:46.469517
Fight to the death under way in besieged Sudanese city after mosque massacre,https://news.google.com/read/CBMisgFBVV95cUxQNm1zZFdiQTJYcTZmZF9iRVBHSjRrWTBVa0QxMHEtOFlISjZLUVVMeW13U3RTZDFWbXhiVVNJUlFqV3dQS2xhVGw0ZU1NT2dyem5Ma1lkUVFpWnNTZDc1WlhsME9KSkFrcnJrUmE3WFlrNUdyUmI3TFpIbTBpMGNPU3VYOTJ4QV84VEZYeXhSYUxTeW05YUJGZ0JObkJzUFBRVlF3VjRnV0puQkg3SmRaMzV3?hl=en-US&gl=US&ceid=US%3Aen,Sky News,51 minutes ago,🌍 Africa Drones,"https://encrypted-tbn3.gstatic.com/faviconV2?url=https://news.sky.com&client=NEWS_360&size=96&type=FAVICON&fallback_opts=TYPE,SIZE,URL",2025-09-22T02:05:46.469519
China’s Renewable Push Meets Climate Reality In Africa,https://news.google.com/read/CBMisAFBVV95cUxPWnhnYV9tWkJ2TkM0QkhYYWc2RUxmZ1Q0M2R2OWkxYmEyT0VDWTN1ZnItUU9ISDVrSU5ndFNlY1JGWFVvVEg2Wjh5aFVQZHRvTkpfZGh6a1d5VnBWZ002UWZ1YVVxVXh4cEFiV1lMRVBWX0dRcV9pdFJ3T1RaSVI5UVZGUzhjUE9wTVZEcUg0VlNTdC1JNnNTN1ZGelIxVnBsZWtzc3EzYzhRT05jdWctRg?hl=en-US&gl=US&ceid=US%3Aen,MSN,8 hours ago,🌍 Africa Drones,https://news.google.com/api/attachments/CC8iK0NnNXFlR1l5Y25WellrVldhVU10VFJERUF4aW1CU2dLTWdhQlVvNGtPUVk=-w200-h112-p-df-rw,2025-09-22T02:05:46.469521
Netanyahu suggests peace with Lebanon and Syria possible,https://news.google.com/read/CBMinAFBVV95cUxQYXVJTUphdEFxdFVVQ015bFB6UHlZU3Y5MUJjZnhBVFphd1VPMzNUZUxjNTMxTTZtYThBS3p6OVM0QVV6cFhoNkpvWHpLeTNWcjJNQjNRSWtGUy1LRTd6cFRDTmFlVnNWb2o5SVV5TTNTY3hwWTFGajFPRVY4TWFfYWFocDZ1QVlTM21uZjNhMldMMmYyVWxaMjRtLUU?hl=en-US&gl=US&ceid=US%3Aen,bne IntelliNews,50 minutes ago,🌍 Africa Drones,https://news.google.com/api/attachments/CC8iK0NnNVdVbDh3WjJabExXOHhYekJtVFJDaEF4amdCU2dLTWdhWlpKU3BLUWc=-w200-h112-p-df-rw,2025-09-22T02:05:46.469522
"Even when hope fades, supply chains carry aid to those in need",https://news.google.com/read/CBMirwFBVV95cUxNdWdZRXVNdEJ1V2NoVmgxdlVDZkxxM0hna0RVMEY5Rmhya1p0MlJKOW5iQjZJY0U1YVlpRUIwRDVqdnVYWWhJYks1SXo4ZER1a1lXd0dROVowQTdyNTdkN3NtRVg0eEJxSHE3X3NJYU02NGYxTjR1bkhzWFJnSTZ1aFcxUFk2eVVVV0p0azVEdVZBOEVaaVNUTTZ1SFdValRiQ1pZN3hET2xIMUJjU0lZ0gG0AUFVX3lxTE14WFBONHptZDFhMmlCYUxPeEtkaHVHR0ctdkdnUUZXUlZZNE9DaFdvUnFCbVFENkprTGc5ZE95MmdaQUhEV2tud0ZLTlRFanZiSzFWQmhXa1RTT01tSEhWMjRGZ2psbDA0dWd6WnRHa0Y0eTBwN0lIMi1QR1JoTGFoNUMwdEZ4LTdITm81UHVYaERMd0VvLVk1aVF4dEtES0sya3p1eldCMkU2MDh2S2VyLUlEeA?hl=en-US&gl=US&ceid=US%3Aen,Logistics Update Africa,15 hours ago,🌍 Africa Drones,https://news.google.com/api/attachments/CC8iK0NnNVhNVTlWYnpCaVp6aDZUamRKVFJDdEF4akxCU2dLTWdZQnNJd0xPUVk=-w200-h112-p-df-rw,2025-09-22T02:05:46.469524
Uzbekistan Formalizes Diplomatic Relations with Kenya,https://news.google.com/read/CBMinAFBVV95cUxOZGFBb2JMUDh2ZnNJYlY3ZmZmVTVsUHZuOTVxWE9CZGxkWURFaHNsUW9qTjlHR2NLaTVLTloxa05SQWRaTERfcURsRHRQdWdiTkxUdnBHTHNOZVBCQWxGQ2JZenRQb2JudFpJZHhsMTJydjVobFBudlJNUWxjVjM3aXhsRUczbGt3OUJIQ2x6QVdhYkQ3MnNGZnM5Q0rSAZwBQVVfeXFMTmRhQW9iTFA4dmZzSWJWN2ZmZlU1bFB2bjk1cVhPQmRsZFlERWhzbFFvak45R0djS2k1S05aMWtOUkFkWkxEX3FEbER0UHVnYk5MVHZwR0xzTmVQQkFsRkNiWXp0UG9ibnRaSWR4bDEycnY1aGxQbnZSTVFsY1YzN2l4bEVHM2xrdzlCSENsekFXYWJENzJzRmZzOUNK?hl=en-US&gl=US&ceid=US%3Aen,Kursiv Media,4 hours ago,🌍 Africa Drones,"https://encrypted-tbn3.gstatic.com/faviconV2?url=https://uz.kursiv.media&client=NEWS_360&size=96&type=FAVICON&fallback_opts=TYPE,SIZE,URL",2025-09-22T02:05:46.469526
"Macron Warns of Possible Russian Drone Attack on Poland, Calls for Stronger Sanctions",https://news.google.com/read/CBMiuAFBVV95cUxQNHNJSFFHU1hsbWE2Qlp6Z19xeXNFQmtjQklJMm9UQnVKUkc3Y1hubE9iMHF0LWxGdklwVnh3UFFFaG9nN0xHc1VMT0JFdFBXQWRvVDZVX21pRDVJX2xvRXBTbGx2RHJmVzFfQm16XzZGb0wyd0xVWFpDUEtmZTVka1AtWWpJdEpva3dveU1zdEs5QkFLdkRObGFBZWp4NTJ0aWNualh4ZmczMlp0anhFUWRXemNtZTE2?hl=en-US&gl=US&ceid=US%3Aen,Букви,8 hours ago,⚠️ Drone Incidents,https://news.google.com/api/attachments/CC8iK0NnNTFTRFJsZDFwRFdIaDBSSGd0VFJDZkF4amlCU2dLTWdheE5aS3VuUWs=-w200-h112-p-df-rw,2025-09-22T02:05:46.469528
"US vows to defend Poland, Baltic states if Russia escalates",https://news.google.com/read/CBMimgFBVV95cUxNZG1TTnM2dnliQ180b0tBS3UtM01icXR3Njk0YzI3Zi0zSGZGd1djdjZMdmlsalh6SFlxUnY0SkhMVTR6SlhDODVrVWxNNVkxeV9McXZFZExyWEZpRlNfVTN3ZkV4MGdEdko1ZjdMZ1hiR0ZkTFV0Z0hjVjRWaDFyN2M2dVJ5eWlWLVNIRHVmdnVzV3Q1QmZTVm1n0gFLQVVfeXFMTnhBVWZQOWpkbmFBUmFKT0JXWlFUamstQk9ZWDUxb0xiV3pLTTJIR0pPRUItaGdRZURGa290dWxSeEdYaFlCOF9QSHFR?hl=en-US&gl=US&ceid=US%3Aen,Mehr News Agency,9 hours ago,⚠️ Drone Incidents,https://news.google.com/api/attachments/CC8iK0NnNTVSbkZsVUhBd05tMTROVkpSVFJDZkF4ampCU2dLTWdhcFpZak5wUWc=-w200-h112-p-df-rw,2025-09-22T02:05:46.469529
Crimea Drone Attack: A Tense Escalation in a Historical Context,https://news.google.com/read/CBMiuAFBVV95cUxNZWtReEppSVZRQTJib1M0azBpSnBmWThnSEZEZlZDZXdSeDA3WkRQM0d2bHphcW8zc2ZFT0xLeU13REs0MHd3MU5wWmM1ZFY3NGd6V3FWZlB4d3pSc3UyRnhyS2s1TW9Kem5IdVVEUzZsWlVWZ1JFRXRObVZOeW9YdmR6S1B4bmhqWjFxSWJqTi15bUtjbU1TRVJlWnNwdnF2bm9qTkRSYk9obUlWSGhTeVJPSEZfUDVu0gG-AUFVX3lxTE1mc1d1a0xPZzZGSkI3U3R6UW10UGV4WkxRNVZXNG9DNXhKXzZVMWRUaVFlQ0F0SlotbW1yaXhZY0dmbU43MWxtT3BJcnptSXVoR3NJckwxczYzSWNVM0w2alY5dmNGa01nemV3aklpcDFCSnRjcVdndm5GQXo3dF93SGxMbW5fUS1INmY2WERoTllLdlV2Q21mdFpwdVFrVnJMUDZObVBIX3VlZEdZdnZuQWhCZGZSN1pQZ3dfZ1E?hl=en-US&gl=US&ceid=US%3Aen,Devdiscourse,4 hours ago,⚠️ Drone Incidents,https://news.google.com/api/attachments/CC8iL0NnNHdhWEo0V0dWSFF6bE1iek5VVFJDcUJCaXFCQ2dLTWdtRlFab0dJaWxjU3dJ=-w200-h112-p-df-rw,2025-09-22T02:05:46.469531
Fighter jets from Lincolnshire RAF base join NATO air defence mission after Russia drone incident,https://news.google.com/read/CBMi8wFBVV95cUxPZ1ZoV09LT0xPY3E2RHQxb1RfRkNVaUJpRjctNDVTbUJTVXI1Wm82YUU2YmxoWnF2c0gzdzd0aUdBdnhoQXVCUmJjcE0zc0hPcEhodi0yTlJReFFwU1VoV2NyZmdyQVhTSlgzYkhibmJIR3o2QVM3VWFxcTFVMkViZkRoMk5MMVBsVkY1ZDRiLVFNTDMzUkphdjRWbkgzd3hPa3N5THZtN2lIZVNfeUQtLUxBTzZTSmNEaHh5OWdrM3VaVFNJdG0tc2lhZy1qSUNkRmhlZGFBRkNSVEZsVUNQb1ZTYklhQ25uZFliU2V4aW9iblE?hl=en-US&gl=US&ceid=US%3Aen,MSN,15 hours ago,⚠️ Drone Incidents,https://news.google.com/api/attachments/CC8iK0NnNVdkVk0xWHpabVlsSmxTVTFKVFJERUF4aW5CU2dLTWdhQm9Zd3B3UVU=-w200-h112-p-df-rw,2025-09-22T02:05:46.469533
Baltic Airspace Tensions Rise with Russian Violations and NATO Response,https://news.google.com/read/CBMipwFBVV95cUxONmdnc3FoajRVdnE5ak1URWRMZkpQVENpODZmemwzbVI5VFdqR1o0MC0ybmZjTjF5MWFSQlJZcHo1OVVNWjBEWE42RlBpU3EwY1M2M1hCMUI2ZF93YmxqS1VwMHFzcGdDOVY4YmIxQUpndUxlWVBHbjZyNnZtMWhPVUFLQmJRVEg0QlJ5NDByV1JBX0RlTzRFOFJueS1BS3M2NURZWUE5MA?hl=en-US&gl=US&ceid=US%3Aen,Букви,4 hours ago,⚠️ Drone Incidents,https://news.google.com/api/attachments/CC8iK0NnNXlhbkpGVW05VVkxUmphV2xoVFJDZkF4amlCU2dLTWdZdElZQXduUW8=-w200-h112-p-df-rw,2025-09-22T02:05:46.469535
Drone wreckage found in three voivodeships in Poland,https://news.google.com/read/CBMilgFBVV95cUxPUzJubDRIOFZtSFk1RHpaZ1JYUXJ0V0JiM0pFNmdmNTZFRmpKbnRuLURyUG5ERXpaQ0xnYURxT3pRVEVQTGVnM1pZOWVfUERzYmw2M2FaMUpXNmRCT3I0NVN6VVUwaF9LS3h2c25LYWpKUkxMU0w3MGpQS0pnMHl0LWNhMnJVbnJodmNPNkxQMnpnUXFjbmfSAZsBQVVfeXFMTndKSUs4WDg3bnkzY1BjQ3lKblZyVjJRVFA1MjE3VnpNTng4eHNnTllGa3ZvV2pJWWMwRjlTRGlGRkt3VHpLRk5BZndkTXpSS0VuRS01SnlpVFpjQnQ1MUwzZ1VuSGV5bWZzMVBCUEtoS2JZcWVPYnVpQUpWNVNuNUdvcFBBd1VRRkxsQUFmbXpVeWR0ZElPYjlTX2c?hl=en-US&gl=US&ceid=US%3Aen,news.liga.net,15 hours ago,⚠️ Drone Incidents,https://news.google.com/api/attachments/CC8iK0NnNDVXR3hHYTJ3dGJFVlFXQzExVFJERUF4aW1CU2dLTWdZTlVaN3lJQW8=-w200-h112-p-df-rw,2025-09-22T02:05:46.469536
Drone Debris Ignites Fire at Russian Power Substation,https://news.google.com/read/CBMirAFBVV95cUxQcFdBQ2NpV0lNOW1yN2dNd0liSEdFOHJMMWZPVU5Cb19zOF9WZDk2aVQxalhMTVhhZ1VHb2paWlY3VzNUVmEwSlFtM2l5SVJkcG5DYXpGSWcwTVNLMldFcEs5Y3pSWEVvMVVuT2dCSnJ6NFZzYjhzbHlPcUJuUWNtNlFfSHVHVFNKSUVpZTlRNWhZUkc1elhSLTM4eDBEdmVaUDZIeFZLQUdlWUlx0gGyAUFVX3lxTE5lcUEwVS0wM0dqRUgzaUZMTlp4dDYwNFhpR3FYMEN0RHZvZXZ3QVFCVTdnM2w3SE1scjFTTzNRZ0FndzV4Mjhyd3FaM2M5UUtsNFhvSFJpTFNnWmFPbnk5YlI2SEtVSWxsQklLalFXUW1uQjBwSTZhNlJmTzFpTlRXMDdkZHB5elNLUmFWOHo5T3Joa1B5NEhkS2hhVFBNa1lkcEF1dkdINldHY29aZ2ZSS2c?hl=en-US&gl=US&ceid=US%3Aen,Devdiscourse,3 hours ago,⚠️ Drone Incidents,https://news.google.com/api/attachments/CC8iJ0NnNUNXRFJTT1daMVEwVmtXRjh6VFJDcUJCaXFCQ2dLTWdNSmdBbw=-w200-h112-p-df-rw,2025-09-22T02:05:46.469538
Security Officials Are Treating Charlie Kirk’s Memorial Like a Super Bowl,https://news.google.com/read/CBMiigFBVV95cUxQNUhyLUthT2w4bTItdXBTLUVDX0k5YVdaSk5IRWZ2TlhOSDlZc1Q3cW9OYXY2LWJIMW96VzZ2RkN1UEhabVFndXVxNEhHYWU0NEF5MjVlUmxUSGczdlpQNVRwUHhDRWZSMzQzY09VS3JyY0NqR2p0QmI4bWdFWDRLYTFhV0V0eXM1V0E?hl=en-US&gl=US&ceid=US%3Aen,The New York Times,12 hours ago,✈️ Airport Drones,https://news.google.com/api/attachments/CC8iJ0NnNUpVRk4yUzBzeWMxQlpSV1U0VFJDREF4allCQ2dLTWdPQklnUQ=-w200-h112-p-df-rw,2025-09-22T02:05:46.469540
"Ukraine war latest: Ukraine strikes oil refineries in Russia's Saratov and Samara oblasts, military confirms",https://news.google.com/read/CBMiYEFVX3lxTE9fNW9NWmdmbklCS0VkY0ViWEkxT1NCUjhKTFRHbHFJMFM1T3Q2VHMwdDJfNGxXRDk1eWNFVGFvcmt4MC02ZlpLcXpBTlBaTDl1Ymx1el82YnJOSm5oazJPSA?hl=en-US&gl=US&ceid=US%3Aen,The Kyiv Independent,7 hours ago,✈️ Airport Drones,https://news.google.com/api/attachments/CC8iK0NnNTFiWEpOTFhVd1ZWUmtabGhWVFJETUF4aWJCU2dLTWdhQmNvcFByUVk=-w200-h112-p-df-rw,2025-09-22T02:05:46.469541
Poland under fire: Russian drones breach airspace as NATO scrambles jets,https://news.google.com/read/CBMiqwFBVV95cUxPNjRmU3Btc2d4Ti1lSFNrTmNwdnFsamZTLTFMdWJ0RUVoUzU4WkEyWUo3VGdnLVQ3bTZ1dGkxZDJNVWlBMnQ1cGRsVFZPUnRIOTkwR0p4MkgwMURPWGRySXNXQk1BMzFPSE9kTFRlQUdMb21OeHcyenZIb3NkdG0yekxVQ3hiNGZwOTE3Q0ZhUlF0Y1NYZHplS0ZRVkQ1eVVQcmpGOEpOdlZyeHM?hl=en-US&gl=US&ceid=US%3Aen,Herald.Wales,5 hours ago,✈️ Airport Drones,https://news.google.com/api/attachments/CC8iL0NnNUpPREY2ZWxSM04zWlpTRkYxVFJERUF4aW1CU2dLTWdrSmNwSlJMV2c5c0FF=-w200-h112-p-df-rw,2025-09-22T02:05:46.469543
4 Men Sentenced in Warrant Scam Targeting Women From Prison,https://news.google.com/read/CBMib0FVX3lxTE5SMEpqVkR1N1VnVEVXa0k4QW1zNnNrczkzMllVcWlnU29EeXBPNDJEbWdzallKNTg1cld6RkQxX1RCR0h2SnpZZkRCUWRqNUFRTVJ0d05rQlFKVERuMk9DWXlkbDNPTS1pcW9KRWVwMA?hl=en-US&gl=US&ceid=US%3Aen,The New York Times,14 hours ago,🏢 Prison Drones,https://news.google.com/api/attachments/CC8iK0NnNXFkbEJIY3pkWU4xcHdWMkZNVFJDQUF4allCQ2dLTWdZbFZZck1MUVU=-w200-h112-p-df-rw,2025-09-22T02:05:46.469545
What Life Is Like Inside Infamous Dubai Prison For British Law Student Jailed For Substance Possession,https://news.google.com/read/CBMid0FVX3lxTE9ZWjdUaHZKX1gzSnpqU3ZQeTVDTXVrOUNpYm13eWFOVWFGXzR3alFDS0VGcHY2UGNLb3ZrUkswR1RQUFdwVjZkYmRWRDlTb0JEQnFiYS1kTTN6Zi1sWmhmdkV3MTBSU1E2RmVITFdPVGdHSTlHSS1Z?hl=en-US&gl=US&ceid=US%3Aen,AOL.com,17 hours ago,🏢 Prison Drones,https://news.google.com/api/attachments/CC8iK0NnNHdiV2wwTjBaV0xXUkJRbVl0VFJEb0FoaUFCU2dLTWdZdGRZYXV0UVE=-w200-h112-p-df-rw,2025-09-22T02:05:46.469547
"Chinese COVID Whistleblower Gets Additional Four-Year Jail Sentence, Watchdog Says",https://news.google.com/read/CBMiuwFBVV95cUxPWTdaMjZGaHMzMW9kUjdOR292SWpFTDlhQWpmUlNOLXlQT1ZvY3VEanp5dnZNb3ZQR1VIZG5pNmNyMUdmV1VaV0xQa2ZmS3I3d1VsRU9aamRfZ3ViVjBNS09xVHRSTmJFOHF4eWhLaUprRDJycUtCelpwMjZQMjQyV1VtQVVFX1NGYk5MSkJvM09wR0F2WDEtVkxiRTdxbERibzhYbVkxMjhxR29fOG1tSjRranpMTzBVSHZr?hl=en-US&gl=US&ceid=US%3Aen,StratNews Global,16 hours ago,🏢 Prison Drones,https://news.google.com/api/attachments/CC8iK0NnNDNRVVpyYW1oNVkya3hjMlZUVFJDUUF4allCQ2dLTWdZQmNZNHZ1UVU=-w200-h112-p-df-rw,2025-09-22T02:05:46.469548
"Fraudsters and thieves among prisoners most likely to get temporary release, figures show",https://news.google.com/read/CBMi0wFBVV95cUxQVU45UnZYN09uaXFyVWxWTWRTRWpGV0prLUdjYzd1XzAxOGVLa3RwNGZCeW1SSDFZUG1hbFgzZEJ6a29SQ184T0pRTF81ZXZKaHpGYzlQUnBiVkdtT2xsSm50ano1blp4dUVEbVdSTkQyV2JrZnI1UTBFZjJjdklEYXJSbjdualZRd1B5ZnFNcmF0NE53OWNwaGZTdWVfRGdiVEItS1pQUWFIbUtPRFkyRVpLQ3BrY09fYU9WMERhWS1SclpySWpBdktjMHpFNXh1dUYw?hl=en-US&gl=US&ceid=US%3Aen,BreakingNews.ie,11 hours ago,🏢 Prison Drones,https://news.google.com/api/attachments/CC8iMkNnNWhNa3BYV21SVGNtTjNMV0p2VFJEb0Foai1CQ2dLTWdzSkVZQ3BGZVpEdERoVm1n=-w200-h112-p-df-rw,2025-09-22T02:05:46.469550
Brazilians Rise Up: Artists Lead the Charge Against Bolsonaro Amnesty,https://news.google.com/read/CBMixAFBVV95cUxNa2FESG1rbE9yY3JhckxNSTFnVy1ST19XRnM3bGpyTzBZbFhVNHl1UGxjTzdMOVlaaEM1YVNRMmtpVXdFVC0zMFV0dmR2QlprS295NWNwajBBUDRjcUc0NDc4dzZwckRPNnFNcXczdk1ScW9HekQ4WnhYSFVDLUZidnZvSWNXVDBlRXhnNjBsemM4T1E4T2pGTkFzSFg1M2RMSldpa01sOUU1WUpKckdaMnR4RkQ5NmdFMHFONVNzclhEUURP0gHEAUFVX3lxTE1rYURIbWtsT3JjcmFyTE1JMWdXLVJPX1dGczdsanJPMFlsWFU0eXVQbGNPN0w5WVpoQzVhU1Eya2lVd0VULTMwVXR2ZHZCWmtLb3k1Y3BqMEFQNGNxRzQ0Nzh3NnByRE82cU1xdzN2TVJxb0d6RDhaeFhIVUMtRmJ2dm9JY1dUMGVFeGc2MGx6YzhPUThPakZOQXNIWDUzZExKV2lrTWw5RTVZSkpyR1oydHhGRDk2Z0UwcU41U3NyWERRRE8?hl=en-US&gl=US&ceid=US%3Aen,Devdiscourse,7 hours ago,🏢 Prison Drones,https://news.google.com/api/attachments/CC8iK0NnNVhVWGxMU1ZWTk9Fb3laVEprVFJDcUJCaXFCQ2dLTWdZQlVJeEZzQVU=-w200-h112-p-df-rw,2025-09-22T02:05:46.469551
Killers and grooming teacher among south Londoners jailed so far this month,https://news.google.com/read/CBMiogFBVV95cUxOUmo5aDdQOUpLUUUwcmRBMnJySGVwM2ZNb1RVbW1raWoxY3dmRDlOMl8weGs0RlVpTlgzdm5tVzNxaC1MTUpIX2RIdUhOX09LX21pa2FoNzJYZ0hReldlRDFFZVdlWFB4T3VpWFMydTdiU2RwN1ZDQ0w0SEh3SHhTd0pTcnRHcnVJYnE4T2hmOWxQWUN1RXhleTNaRk0wWV8wbFE?hl=en-US&gl=US&ceid=US%3Aen,Wandsworth Times,15 hours ago,🏢 Prison Drones,https://news.google.com/api/attachments/CC8iNkNnNTRWVlZxWWtkNlVIRlBhMnBFVFJERUF4aW1CU2dLTWc0SkFZU21qdXNsMVdoTnVicG5EUQ=-w200-h112-p-df-rw,2025-09-22T02:05:46.469553
Almost €9.4 million laundered through money mule accounts in 12 months,https://news.google.com/read/CBMiuwFBVV95cUxNNGY0cGZRZXFIQ2VZS1ZfVlZERzFjOEpUTmRWZmVBTG00dHRfX1FzNlk2NUxyeUpFVGZDQjdvQ3lUOVlWZzRGenJ1b1pNU29tejlfVEJWN3lhSUZib0Y4UDVOR3EySU96ek0tV2VSMVVhTnNQZ2JYVzhVUktpS09PQ2FXNGc1aGlSVGNMdURYT2xNUXJ5U29ubUhtRE1wZmJUanlSTkFJTXFoLW9oSU53UjFNNThOdHU1Rzhn?hl=en-US&gl=US&ceid=US%3Aen,BreakingNews.ie,3 hours ago,🏢 Prison Drones,https://news.google.com/api/attachments/CC8iK0NnNXVlRTVEVFZKSWQyOTVPWFZmVFJDM0FSaVRBaWdCTWdhWmRaQUxzZ1k=-w200-h112-p-df-rw,2025-09-22T02:05:46.469555
Air raid alert declared in Kyiv due to UAV threat,https://news.google.com/read/CBMie0FVX3lxTE05d0F1bUJUTE5GaWxYTndjVWJiNWJUQ0VNMnVCeUxaVWtrUy1rbnc5d3BQRFZZQXAyakVQUEl4akVQdHREcUR4TE9DV2ZBZVhMYnI1d2s5QlVFUjRlX0N2dzNWQnJNcTNXU0RtbE1ESmJBWnI1eVh5QUFoY9IBe0FVX3lxTE05d0F1bUJUTE5GaWxYTndjVWJiNWJUQ0VNMnVCeUxaVWtrUy1rbnc5d3BQRFZZQXAyakVQUEl4akVQdHREcUR4TE9DV2ZBZVhMYnI1d2s5QlVFUjRlX0N2dzNWQnJNcTNXU0RtbE1ESmJBWnI1eVh5QUFoYw?hl=en-US&gl=US&ceid=US%3Aen,Українські Національні Новини,3 hours ago,🏢 Prison Drones,"https://encrypted-tbn3.gstatic.com/faviconV2?url=https://unn.ua&client=NEWS_360&size=96&type=FAVICON&fallback_opts=TYPE,SIZE,URL",2025-09-22T02:05:46.469556
