Title,Link,Source,Published,Category,img,Scraped_At
Did Unusual Machines' (UMAC) Record Army Drone Parts Deal Just Shift Its Investment Narrative?,https://news.google.com/read/CBMihAFBVV95cUxQQWRmWGpYa3BkSml5WUpkZi1xX2RHemx5QXZjcVNGcXlXZ2k0Z05oQ0F3NWw1T1FCMVl1elBhVlNXQzlnLWNjdlBTZmFQNkU2NnFUS2NGVGRRQkdhQ1J0dUNSYmJtUWtPWFdOSmU0cmFOTHpMMUJwRG45dk1TN1E2bl9TRV8?hl=en-US&gl=US&ceid=US%3Aen,Yahoo Finance,2 hours ago,🎯 Military Drones,https://news.google.com/api/attachments/CC8iK0NnNWtkRTB0WWt0bVUzTndjR001VFJEZ0FSaUFCU2dLTWdZOUk1QlNsUW8=-w200-h112-p-df-rw,2025-10-26T18:38:26.247055
What does a Chinese drone competition say about Beijing’s military ambitions?,https://news.google.com/read/CBMiygFBVV95cUxPNTFrU1pmLWFzZ0wzd3hqcUJXbFZSdmk2NXdsNDRLZ3AzNVNZbkFlblZRWTd1OFRDOFVnZktra04zRHdsXzdnUU1vMklaVkh3cUdFa2U0LUFrdkkzaTR5YTMzeDNnb0x6Y2JSMUdZU2tEeUM0ZjFKZ3hmam54dWxkakZCUWk0YkFYZHhLZHVuaUw4aVJkQTZEYVhmaXZoMERWWUJPX3ZDNGJYRERPdl9waDRDUmpkbDQ4cDlWdGtubzdzbUVkTnNSMG530gHKAUFVX3lxTE1GNmxLTnhKT1l2cVd4cjBsS3pFdlpJWmNFdHd6NDF1RVZpZ2RweTZ1dmU5Q3cwcWFxZWUzQ1E5OERxcmtVR21rVUtZRHZER1VsRGJDMUFseXlpdGF5aGRlVXJOTlV3Y1ZMU0lWVjdqaGdhNUc0Zjd3aWJDZm1TWFRGdk9Lb05pUUxzendwY2dhSFczNXRJbDBVckstRkxRNGs1bktqT3lFNEswcTN4NE9vQ0xSaHkyOUxYUlBsU1RJazN1RVRPdjBCWnc?hl=en-US&gl=US&ceid=US%3Aen,South China Morning Post,5 hours ago,🎯 Military Drones,https://news.google.com/api/attachments/CC8iL0NnNUxaRUZuZWpsVGRWZFlTMFozVFJDUUF4aThCU2dLTWdrcEJJaU9qV1NUTHdF=-w200-h112-p-df-rw,2025-10-26T18:38:26.247070
3 Years Ago It Was a Casting Agency. Now It Has $1 Billion in Drone Contracts.,https://news.google.com/read/CBMikAFBVV95cUxOdUFBWnBxNnJzdjJvR2hTS2E4YmZGeGM4d09femRmZHhQUXM1UnVnaXVIMlN4aFZBaVNQNUlEZG1jOFRiQTZWRUJ1QmRDaUgzYnJCRzJYVXBZNlg3ckR3YzItYzRiVk9SNW1XV1ZDQXQtTm9QMFZSclAySTlGQmNyMnVweFViRm5GUUVfWUgxZ00?hl=en-US&gl=US&ceid=US%3Aen,The New York Times,5 hours ago,🎯 Military Drones,https://news.google.com/api/attachments/CC8iL0NnNXhVMnRhZVU5U1NHZHlkbGhJVFJDUUF4allCQ2dLTWdtQklZckRtcWVhQ3dJ=-w200-h112-p-df-rw,2025-10-26T18:38:26.247072
Wake‑Up Call: How China’s Colleges Are Powering The Next Drone Arms Race,https://news.google.com/read/CBMidEFVX3lxTE85eTBNMzNCY3ZCV2RvUnhZMjBvT0o0N2gzOEFDbUZ1bmxYR2RLVE9WbmdCUEdNSEVpRGZsLWpPem85VHcycEFhTEtCMEgySzl3V2NwVy1QYUNmVTRmSDM2enFNMGlYd1d1TmNkRFU5ZTVON3Et?hl=en-US&gl=US&ceid=US%3Aen,DroneXL.co,3 hours ago,🎯 Military Drones,https://news.google.com/api/attachments/CC8iK0NnNXFkRzFVV25GVU9VVnBMWEZpVFJEREF4aW9CU2dLTWdZcEZJcU9GUVU=-w200-h112-p-df-rw,2025-10-26T18:38:26.247074
"Russia Unleashed More Than 5,000 Suicide Drones on Ukraine in September",https://news.google.com/read/CBMiuwFBVV95cUxOWTJnM1VJNGlGdUwtczdoVU5UcTZabFlQd25VS1A3a2F2YjNLNEc4OGw5R1lkNFRJVWNtMDZGaVY5Q21FYWpFWWIydW9mbm15US1hUnpEODJ1U1cwel9hWHVwLTVtcUF2VW0yRGkyOXZOSGNBNVFsT29zS3RhdE1jUjNoU1dHbXhMMWx6M2MxMVhaN1A0WlBlUHFXc2FDOGZidUplMHV6dTNZbGhLZ25reGZDd3hpVWJaU0Vv?hl=en-US&gl=US&ceid=US%3Aen,The National Interest,1 hour ago,🎯 Military Drones,https://news.google.com/api/attachments/CC8iK0NnNU9WVlV5WmxoRU1HcE5XQzFEVFJDNUF4aTNCU2dLTWdZVm81QnB1UVk=-w200-h112-p-df-rw,2025-10-26T18:38:26.247076
Israeli military says it conducted 'targeted strike' in central Gaza,https://news.google.com/read/CBMiuAFBVV95cUxPVHZhOUtFdTNKZGxXLWo0Z1VNTjFXSkFLbTlzazJKVDNKclFJY1h5d2hxbU43cGlPdUtUdVRwcHpWTzZNWnRwbV9ZMXNrNXJxXzlBTElidURpb0lKVjFCTHh1ME1tM0t2MXpkc2ptRWdaU0xxU202U2tJUnRPckhSejVRMDRZSFdjSnQyYXZpS0lGTUdUdENXT2R1R1hXSXgwanVETUJKUXpMcWotM3FNdll6RzN3Nk9P?hl=en-US&gl=US&ceid=US%3Aen,Reuters,9 hours ago,🎯 Military Drones,https://news.google.com/api/attachments/CC8iK0NnNDNURFYwV2xsWlRHeHFhVkUyVFJERUF4aW1CU2dLTWdZSkFJZUgwQU0=-w200-h112-p-df-rw,2025-10-26T18:38:26.247079
"Russian Drone Strike Kills 3 in Ukraine Capital, Mayor Says",https://news.google.com/read/CBMiqwFBVV95cUxOajVZZXlzZWdUeVNXTTR1NlVHY2hkek45dkFyWmNBWEdxZTM1UC1jVXNMRU1sZ2ZiUDFKdVA3elRYRXZCRHYyMU4wSmIyNGhoS3JuZ2Jwc1BwaFgzQ1JkbF9VMlhpZTRQSndscU01X2ZyY2pqTXEzTzRBc3JNTm9XWk9lWmNwSHdEZXlaSHZOOFg2WERQNXRKdkVRTlZ2a1RHRDJ6UW9BY0RUTHc?hl=en-US&gl=US&ceid=US%3Aen,The Moscow Times,10 hours ago,🎯 Military Drones,https://news.google.com/api/attachments/CC8iK0NnNVZSbXgwWDJGZmRHbE5TV0pwVFJDZkF4ampCU2dLTWdZUmtZNkhNZ1k=-w200-h112-p-df-rw,2025-10-26T18:38:26.247080
French artillery showcases new drones at Paris defense event,https://news.google.com/read/CBMijwFBVV95cUxOOE5IN3M3TmNQOVFaQmlEYkxaYVBSVldlQWdVOGx5QVFMZ3lCY3EwOWhZQ0JENnR5VGhXUUpvQnRoUTk0Ml9RYlFubXhiMDhRU0xDVXFTZm02QjFIalN2WDN5X25ZdjFGLXBXdkJuc1N4SE9Hc1ZrU2NOamYyZmJOemtiUzVWNG1LX1dhUkhlMNIBlAFBVV95cUxPdUpabmdHSUlMSFV6Zmh6S281Q2FoX19kaTVNd3dwUmF1aThHVGJMdEtFbjRWZmU4d3gyX2oyWFJCZzVoRjR0YVpHSU9raEtSYUloM3lkM0RubmJ2Y3prYkVLdkw3RDNNM3U1eWoycjRyZHgtcFZlRzBneEtTM2JTbXh6TkMydFpPVXgtQkNhRkpxMWdM?hl=en-US&gl=US&ceid=US%3Aen,Defence Blog,8 hours ago,🎯 Military Drones,https://news.google.com/api/attachments/CC8iJ0NnNDJjVEZpV21GS01tRlpkRGRPVFJESkF4aWVCU2dLTWdPQkVCSQ=-w200-h112-p-df-rw,2025-10-26T18:38:26.247084
Israeli drone crashes in Lebanon,https://news.google.com/read/CBMid0FVX3lxTE1PS3dMRGFFMFY5ZWlGOG1rYWc5aXJVdnZmQnBIYU9XZXZyQ3owT0JvZzBrQnZza2FOR0VuSVZBOWd2LTBJcExUeEpva0lGaGpIOUtzbGN6ampNOXYwd185M2h2S1dkZVg5WXpwRm5SY29OSTlNMmww0gFLQVVfeXFMT1RKLTltSlBXVXpFTThXRmY4ZjM2UFRDX3Jlelk1MlVVbHBFRmd1aWtfRlhhdXM3b3VzcDFRMDZnNHlWSlhaZ3REZXBv?hl=en-US&gl=US&ceid=US%3Aen,Mehr News Agency,1 hour ago,🎯 Military Drones,https://news.google.com/api/attachments/CC8iK0NnNW9iekpTVmpaRVdraHpTMjkzVFJDM0FSaVRBaWdCTWdZOWNZZ3l2UVE=-w200-h112-p-df-rw,2025-10-26T18:38:26.247086
"""The enemy is working on increasing the accuracy and range of strikes by the Molniya UAVs,"" — military expert ""Flash"" on improving the enemy's technologies",https://news.google.com/read/CBMivAFBVV95cUxPZ3FMTldOVUFaQTAtUlVMQWtHUmx4aldGUEFKZFZRaEZPQkttaFY2TDFfQkpGUkNnVEUyNEg4eXRRNENCNFNCb3hKQ2FCUExrbnpteDdIX3BpNW5CTDJDd3ZoOFNjS0ZKWlozd1Y0cDRaMHpPR0tHUndyY1ZKa3N2NkVFRzJTYzZxTTNPY1NGbkgtNmVMMDl2UlAxbUxQcFlzazhQckw5cHZmdDRrLXd2cVAwNDg0RHVMS1ctUA?hl=en-US&gl=US&ceid=US%3Aen,dev.ua,8 hours ago,🎯 Military Drones,https://news.google.com/api/attachments/CC8iK0NnNVNiVWhOUWtvMFRXdHplVWh3VFJDb0FSaXJBaWdCTWdZaFpKYU5LUWc=-w200-h112-p-df-rw,2025-10-26T18:38:26.247088
"Russia targets Kyiv with drones, killing 3 and wounding 29",https://news.google.com/read/CBMiiwFBVV95cUxNeFFNcDNrR0VURkpkNThUODN1NlRzTzFWVlJRbi1PV3FhSlNPN2FGR2JRTU14V3h5c0l6NFl3bFF3Mlp1QjdQdkRhRWxPaWpXdF9QUjJ3ZndkQjUyX2ZSZWI0Z2VWbWcwT0FRdzhYX3RURThKN0ZvdDNvNkVUMmk2RldCZk1HaEtBdDg4?hl=en-US&gl=US&ceid=US%3Aen,AP News,5 hours ago,⚔️ Combat Drones,https://news.google.com/api/attachments/CC8iK0NnNVVXRVozWmpGU1oyVjJiMU5zVFJDUEF4alhCQ2dLTWdZWkVKaXFHUWc=-w200-h112-p-df-rw,2025-10-26T18:38:26.247090
"Russian drone attack on Kyiv kills 3, wounds children",https://news.google.com/read/CBMifEFVX3lxTE00QXpWMkg5WklieTRFcmlGNEJlclhaaXQ2bTFwLWdYNF9mWldsc2I0UV9jekFCQjRzRDlVWnh6ZmtWU1Z5VlRjYXZQVXM4TkpmVFZnZWVfNWVGeFhIT3hRTm1jak9zWU1vM044YkFUMVJIQmFxdlFQcndvRno?hl=en-US&gl=US&ceid=US%3Aen,Yahoo News Singapore,40 minutes ago,⚔️ Combat Drones,https://news.google.com/api/attachments/CC8iK0NnNXdTVXRaTWpScGVEQmpkR3RKVFJERUF4aW1CU2dLTWdZQkVJU2xQZ2M=-w200-h112-p-df-rw,2025-10-26T18:38:26.247091
"UK to Build 1,000 Ukrainian Octopus-100 Interceptors to Boost Frontline Drone Defense Capability",https://news.google.com/read/CBMi4AFBVV95cUxPdFp2dU5DQm5tS1ZMMzZyVzh5dUhmUFE3aHRPa0h4ODhBQkpNUjVjZjhubmZhckFoNW5kbS02ekYwc0pjQlM4b2JmdlJKck5jUDQ4LXliRHM3NWY2YUh5S21VSlZ4WHBzYTlPbFdobWtoaXhWaDNYaGhndHdpSm5jZENSeFpvajBRZUFhMWFUUlVpTW1lbjNiNFNwb1dpRHZJUU91U1Z3d2ZtSHZpYXpsRVhPbHJ6a2x3WEVUNGI1WW9KeFNrMXVONXhXX2lFakM3OHd2aTRkZXV5alFFUkZYVA?hl=en-US&gl=US&ceid=US%3Aen,Army Recognition,3 hours ago,⚔️ Combat Drones,https://news.google.com/api/attachments/CC8iK0NnNUpPVEpGVVdwT2QyTmZlbTFGVFJERUF4aW1CU2dLTWdZQklwanlFQXM=-w200-h112-p-df-rw,2025-10-26T18:38:26.247093
UK to build pilot batch of Octopus interceptor drones under joint project with Ukraine,https://news.google.com/read/CBMixAFBVV95cUxNcTl1QmU3VDBtX283a1phUTNkSU83MDlwbmtsTW0xZk1CSjdZbEhIM0lLb0J1UXgzelJYUEdtaWpUSEhMQXZxdTIzWGxqMXJiRF9PbmdCS3B5d19SMW1JTVhHUnIzT0FTSV8wRUdDX09DTl8xR3NqdmFyZG9idWFDRVNpN2dFcDBXVGhyTmJ4NWR3U1FTMW9LdnB2cW9EcnVSZ0RqRXdTOVB1NU0xT0JOSWh1ajdKcHFUWUxXVHdNdlc5bzhf?hl=en-US&gl=US&ceid=US%3Aen,Euromaidan Press,5 hours ago,⚔️ Combat Drones,https://news.google.com/api/attachments/CC8iK0NnNUVOMVp4U1dsU1VERktZVlZVVFJDNEF4aTVCU2dLTWdZaFJaSU9yZ2M=-w200-h112-p-df-rw,2025-10-26T18:38:26.247095
General Atomics integrates laser weapon into Avenger drone,https://news.google.com/read/CBMijAFBVV95cUxOLUNkaTBOS0tPOEIxZTlEWnE3Z2IzSmtObk5vcFBtTGtfWEwtUDUzSXdSOFFfYVBvZTR3NjU1ZWV6aFdQRU00aTdrOEFFZUR0TjBRU2w5dC1HTHNIbW9vV255ODBaQjdaT2xBNk9rX3BEYk1md2NreXBHZkpqQ3lRa29YMi1Id1lrS1lWTtIBkgFBVV95cUxQU1ROV0xlSW9ucDRwS05acnlRWEhRcXpRYmdKMlliLXFISi1icklPekZnbWdKdGN0MXJIb2V2b1lORG50aUVYQjk3NjVIN0pyYkhUcnJFR2EzNllVcTZFTUNFREdyenFTc2tEWERFcW5ra1FwTm95RVJEWmYwQmM3SlllY0ZieFlMak9uY1Aybk5RZw?hl=en-US&gl=US&ceid=US%3Aen,Defence Blog,9 hours ago,⚔️ Combat Drones,https://news.google.com/api/attachments/CC8iK0NnNWlXRlZXVkY5VE1WaGhYMUZKVFJDekF4akJCU2dLTWdZTmdwZ0hzUWM=-w200-h112-p-df-rw,2025-10-26T18:38:26.247096
Six residents of frontline village evacuated under drone attack in Zaporizhzhia region,https://news.google.com/read/CBMi0gFBVV95cUxQUXVld2xILW5OZE1FM2hOM0NJUG5nZTc1MnQ2WFBhck9TU2hKdUJ1MVNMR1JybG5maXI0SEZPQ25hRkRoWGlZWHdwLVNLcHZmRm0zZExOSVpHSVVKQ1RzbUdyUzV1V0t4anEyT0ZuTldLLU5ST01PTXVmNHg1LUdaMVJhOXpKQVExY3NzeWlkTTJxaVZGUWRxSzd6XzY5LTljdUxmc3JHUTYyTE96eElPcFBwSExWM1FxVFBRNzlCZUFubGRITDZ2dUI5a2g2ZHFiLVHSAdcBQVVfeXFMT0swWDVIOGNsTHJOb1A0S0gwdkJQaUREUktjdm50a21SNmFVUEFENG9OVVZnV3RoNkdJSkJ6ZlZSZXJvOEUxR21HZjJWZDJEWUdiUjVNa1hpUWFteHY5bGVKT2xEMjFUb3c0dkFiN3V2YVlxb3RCb3hCZDN3Q3N3NlQ2ek81UHBvamZKUmdOS0pVNVIwX085TkZsTzdBWUpTdEtNYXRqWHd3UEFZOW9zRndiSGZtakZsd3M0a0FpNFp1X1VacVpfN2ktY3ZrWDlOc1dLcUU1Zkk?hl=en-US&gl=US&ceid=US%3Aen,Ukrinform,13 hours ago,⚔️ Combat Drones,https://news.google.com/api/attachments/CC8iK0NnNU5WakZWV0hka09HWnVkMlJCVFJEb0FoajJCQ2dLTWdZVlpKeUtKUWs=-w200-h112-p-df-rw,2025-10-26T18:38:26.247098
The first Ukrainian combat drone will be mass-produced in a NATO country,https://news.google.com/read/CBMiqAFBVV95cUxORUZ2UkcxZkFCOVM3WFR3cW0tZC1tT0k2a0tTR25qazdtQ05ZcnJaNi16cC0wM1h2c2ZaM2JPSGJibjBsSno4TXBhUm1BQTcxNGlKd21OMHg5RERnV1JRWnI0c1BlS2ZKejNyVXhwWXByb0JLYW9EalBLREhvblhNUWxzSmxyWHlPZmttdUJNNGd1X1EwR1ZhSzM4Q2ZFSE9WdG5FZUozem4?hl=en-US&gl=US&ceid=US%3Aen,dev.ua,10 hours ago,⚔️ Combat Drones,https://news.google.com/api/attachments/CC8iL0NnNDRSSEJwYVdvNWFsSTBVSEpWVFJDb0FSaXJBaWdCTWdrQlVJaVdzT2FDamdF=-w200-h112-p-df-rw,2025-10-26T18:38:26.247100
Ukraine’s AI Drone Revolution Hits Hardware Reality: Full Autonomy Remains Years Away Despite Battlefield Success,https://news.google.com/read/CBMiiwFBVV95cUxQWXJOajV3eFFIWTVWSVpGQkI5SFo1TWl3c1p6MGVDQ3ktSUFUOVFNdk9YNlZVNVVXVlNYV1otaHhQSlJKaGNoSWl4UGlGWWJ2ZXZBUDVmOGlOdG5ta05zSU9sOHo2X2xmQWtXc1pkX2xMSmJwc0dWVmRnbEh4b0JKblY1NnNCbE9OaW1Z?hl=en-US&gl=US&ceid=US%3Aen,DroneXL.co,13 hours ago,⚔️ Combat Drones,https://news.google.com/api/attachments/CC8iK0NnNU5jRTV0WWpaeGJEbFhWVXRRVFJDQUJSamdBeWdLTWdZQllZZ05MZ2M=-w200-h112-p-df-rw,2025-10-26T18:38:26.247102
"Ukrainian Battalion Trains with ""Mriya"" Drone for Reconnaissance and Strikes",https://news.google.com/read/CBMiqwFBVV95cUxQVFllRURxeC1hOG1ocVVJX2ltbDdJenVSaC1lZjdLUjVwQUZ5OTVLeVJmX2paaUtyYlRXQUw5alU0cXNHazQwZVVFWURGdGRCSTNZWklrNm1IeHp3TUpDQmpVRF9vUGJqN0JQem5SV0dKT0s0YS1RQXBvUjA3RVdlT3d2dGc4VEc4aXQ5MXRMOEJ1b2JUMHVCNGNmbzRfd21qSExzdFFwWUZvRjTSAasBQVVfeXFMUFRZZUVEcXgtYThtaHFVSV9pbWw3SXp1UmgtZWY3S1I1cEFGeTk1S3lSZl9qWmlLcmJUV0FMOWpVNHFzR2s0MGVVRVlERnRkQkkzWVpJazZtSHh6d01KQ0JqVURfb1BiajdCUHpuUldHSk9LNGEtUUFwb1IwN0VXZU93dnRnOFRHOGl0OTF0TDhCdW9iVDB1QjRjZm80X3dtakhMc3RRcFlGb0Y0?hl=en-US&gl=US&ceid=US%3Aen,Букви,6 hours ago,⚔️ Combat Drones,https://news.google.com/api/attachments/CC8iK0NnNTBUVEJEWnpkdVgya3dSMFk0VFJDUUF4al9CU2dLTWdZUmc1SkxOUWc=-w200-h112-p-df-rw,2025-10-26T18:38:26.247103
"3 dead, 29 wounded as Russia targets Kyiv with drone strikes",https://news.google.com/read/CBMiuwFBVV95cUxPMXlWYTA2WDQxLTJhdEdpM1g5RkRYbm9UeEVBOWdaR1BDWU9HSEVhbWFtcGRJOEZPR3h2RTcwZEs0b3ExZ3NEaDRnaGV4REJiSVBYWFJCa3lpbWFQa3NqNnhmQ05zbW9GcnU5MnZVNXdGZXRGc0IySWlDN2xscjNWMzhlT0FhRUM5RXBVQ2RDN0VpeW0yclA4REJPbXVfRFRES1QwYU5HVVpuNy16U1pqZ0FlX1hoZU9GX25R0gG7AUFVX3lxTFBjTUVoUmNzRUs0Z3VzRmIzYWpXWkpRMGJlUDNLMHJrYk1PVi1Sd0lkVVlKRy14VVVGS0s5Skw3QXkzUzJtOEltcmRnOUtVLWhXR21NVGd4XzdqWTNDdmt4MFNUS0xEY0VYUUZrcmVaSFJ2TlRwOTdwcS1wNXZlZnVsRmplb1BwRENlTVltY3piNHZLWmRUZWhsM3hoSUlvOTUzVE52U0JIbjdzX0hSSDVPRkJ2UXFWZEgwU2M?hl=en-US&gl=US&ceid=US%3Aen,South China Morning Post,1 hour ago,⚔️ Drone Warfare,https://news.google.com/api/attachments/CC8iK0NnNVZhRmxoYkdWRldFY3RMWHBsVFJDUUF4aThCU2dLTWdhQk1JRUVaZ0k=-w200-h112-p-df-rw,2025-10-26T18:38:26.247105
Ukrainian drone strikes injure 16 in Russia's Belgorod region,https://news.google.com/read/CBMijAFBVV95cUxOR1pxVG0xR1RGMjBxSV9wTWs5QnIzMWtFeThqcFlCYjkxaVZMSGZVb2o5MERCNnJSNV8yNkhuY0VuMGpOZXhtUnFIQl9KLWU2bzRnRUY3dUhicTJBaHVEVno4OFB3aE9MNlZURmN6Mm1ibFhfWjhsTGNNRzd5ZTduNkFqcXVkeHJpQ2F6Xw?hl=en-US&gl=US&ceid=US%3Aen,Yahoo,2 hours ago,⚔️ Drone Warfare,https://news.google.com/api/attachments/CC8iK0NnNWlWRWxVUjI1YVoyNXphVmhuVFJERUF4aW5CU2dLTWdZQkU0UmdGUWs=-w200-h112-p-df-rw,2025-10-26T18:38:26.247107
Ukraine’s ingenuity alone will not be enough to win the war,https://news.google.com/read/CBMipgFBVV95cUxOc1lReTFTZzBoeURNNlJsZUtvcXlyUktnMjhVYmhWV3NUc0VaN01td01GRTRnbE92d2d3TllFTXVWTWZyY1dBeXBzNUk0VDdCNnpKS25JY3UtelZQeHZXSkNydkNnTUFzc0htckZUTllfTDNVZXR2RGhCU1hZamdkZVFWWWRBN0VwTTB2eFo0SWJ6Ty1femdYYXFDUExTemFfQWxidkJB?hl=en-US&gl=US&ceid=US%3Aen,The Independent,1 hour ago,⚔️ Drone Warfare,https://news.google.com/api/attachments/CC8iK0NnNTFhRkZYVVcxTVZUQTRXV05TVFJDMEFSakFBaWdLTWdhWlY1QkpMZ2M=-w200-h112-p-df-rw,2025-10-26T18:38:26.247109
Russia Deploys “Molniya” Drone Carrier To Launch FPV Strikes on Kharkiv,https://news.google.com/read/CBMiswFBVV95cUxOLURreXBScWlWS3VSSWlELUJCMXVJckYtUjN1TDJwT1lMRUF4dVdKT3VIencwTzBUY1RwUWxpWmtaQ0k3S2Q5bGEwR0x1YmM0YVljNzhMcTM4NUNMN0N3bmtiY0ZEVXRmZVJST2JzQlVKS2FEamZZcG8yck5ReFBNTWlJTmpEWTY2SGk0blVJRXZIUTFIRVA4bUdiMnZFU0NDdUpyMXUxaUtTV295cVkxRFlocw?hl=en-US&gl=US&ceid=US%3Aen,UNITED24 Media,6 hours ago,⚔️ Drone Warfare,https://news.google.com/api/attachments/CC8iI0NnNVdVbUkyZEhoZmQzZFdNWGRFVFJDeEF4akVCU2dLTWdB=-w200-h112-p-df-rw,2025-10-26T18:38:26.247111
Zelensky Issues Tragic Update After Russian Drone Strike on Kyiv Apartments,https://news.google.com/read/CBMijwFBVV95cUxQMERyeVNiMXg2eVZ1Zm12MWFhWlVuRzc4QktjMXNpVVZ1OC1XSWs5SnVUNk5nZWxHYWN2YWZMZ0lOSGdrYW9FM2UzQ0d3Rll6TjdWSkJXWlB4SmUybHFLc3F1VEtKNVJ5QjdQbGswU2Ixc2xyQ083Vm1NNGNZVThQT0NBcjgxSGtlWTVtbU9qTQ?hl=en-US&gl=US&ceid=US%3Aen,Newsweek,3 hours ago,⚔️ Drone Warfare,https://news.google.com/api/attachments/CC8iI0NnNDVPVFJpZEZsTFZIaHlaWEJVVFJERUF4aW1CU2dLTWdB=-w200-h112-p-df-rw,2025-10-26T18:38:26.247112
IDF says it killed 2 Hezbollah operatives in separate drone strikes on Lebanon,https://news.google.com/read/CBMiwgFBVV95cUxOc1hjZHgxaVd6SXd6R0lHcFd1OFg3cFJhOEVlNUd1TXQ2aUswS3phTy1iTXJDQmtKNDVlY1A1WFZMWEdpMzZFR3ZYSTh3Ym9jVTRLUDd6V21COW9KYUxWOFRpR0djNnFjdU9DMUZwMzVPbTVFWXg0S2xiNnB0dTJ1TGZ6bHllUFNNSlZiRWF2MkdmWjVDQUgwOFM0LW12MVlDOGFOOTNGUUxyVkF6UUp0MTI1NmU4SmtmNVU2QjJrVE9ZUQ?hl=en-US&gl=US&ceid=US%3Aen,The Times of Israel,1 hour ago,⚔️ Drone Warfare,https://news.google.com/api/attachments/CC8iK0NnNXdNRGhEZEZScVpXUndWSEZ6VFJERUF4aW1CU2dLTWdhQlU0cVBMUWM=-w200-h112-p-df-rw,2025-10-26T18:38:26.247114
"Ukraine war latest: 3 killed, 32 injured in Kyiv amid Russian drone attack on residential buildings",https://news.google.com/read/CBMixAFBVV95cUxPVUVUU2x3S3B4WmowMWp4VXVLMnlFWnM3QVltbEg4LThTU3pWeGpTOUlueEVFYTRJNGdCT3RiYnc5YTFwVnVYampfTDFNR1FvY0V6SlJucS1GLVN1YTg5ODVkZk5yZUd1WWJsc3ZQTnV1ZTVSUUVpanZwYzc3cjE2YUxCVVF4UlZ6WDlPZS1yOXEwMXNzczRNUlZkb3BWTzZMQlhVdEpocWFCVnRXekd5Zjlmc2txbHByc29KLTd0RlNsTFhS?hl=en-US&gl=US&ceid=US%3Aen,The Kyiv Independent,39 minutes ago,⚔️ Drone Warfare,https://news.google.com/api/attachments/CC8iK0NnNDNhREpLZVhaR1JrNTRUMmRuVFJERUF4aW1CU2dLTWdhQjRZVHd5QU0=-w200-h112-p-df-rw,2025-10-26T18:38:26.247116
"Israeli Drone Strikes Target South and Eastern Lebanon, Killing Two Civilians",https://news.google.com/read/CBMisgFBVV95cUxPcnFGbDVua2d0Z0hfWjRpbWliaGxVQlozUDRqU05jYzJFZTI5MDhTZ1U0bFh4cmV5Q0ItRjFnMkh2M005WTUyanZZZG9GZkR5OWE0WUgxSnhyM1BYdlkzdGVqclJnUnM0T195WFVfdU5ZdFB1TVhfOUIxYW9KQVdpVTduWGY3RFU3dTc1ZWY0b1YySmxpdnRaUFJPbTU1SXI0ZTBfdlFCY1JubU1hQ256TnJB?hl=en-US&gl=US&ceid=US%3Aen,Palestine Chronicle,1 hour ago,⚔️ Drone Warfare,https://news.google.com/api/attachments/CC8iK0NnNWxaSFpwVDJ0UU5FSkpTR1J0VFJER0F4aWtCU2dLTWdZQmRZQ0gzZ0U=-w200-h112-p-df-rw,2025-10-26T18:38:26.247118
"Russian attack on Kyiv kills three, injures 31, including 6 children, Ukraine says",https://news.google.com/read/CBMirgFBVV95cUxOX2FCUnhnc3U3ekFaMkNKaF92TTRnRndRY29tRGN6SEtpc3U1dlVLN2hSVTFMRFg1VXllcmtmajNvOW00TXM0MjZYYTdGbEI5Z3RnV2Vzdm5fQzZXZ2ZoQ0F3V2JkV0J3QTJJdTdkSFluQ0VIZzByNDJsMXRsV242YzJQMHkwempxSHRNT04xOGQxVlJVWFZpdFQ3M1E5OE9tUE9uclFaSU5INDBaYnc?hl=en-US&gl=US&ceid=US%3Aen,Reuters,5 hours ago,💥 Drone Strikes,https://news.google.com/api/attachments/CC8iK0NnNVBiR3huT1hkQlNGOWlMVzFHVFJERUF4aW1CU2dLTWdZQldaTENKZ2c=-w200-h112-p-df-rw,2025-10-26T18:38:26.247120
Russian drone attack kills 3 civilians in Kyiv; Zelenskyy asks for More Pressure,https://news.google.com/read/CBMiuAFBVV95cUxPSU40M2NWcVBHRFVsaVJmR3NuWEx2bnZxMHdZY0d2VGs2Wm9MUHlvTTczYmpWaWFLeGhlTGR0bVZuZ004SzZLZHgwbFdoejdGRVduOFpJMjltb0I5VFI4TnNYamF6eEsxQXNpX0hLTFhjWmg0UGhVdzN4Q2ZHbGowZjJURmliNXpYUTVSOGZMRG1IbGplS1hDTzVRNzBxdlZWeFdoLXNkOWRuZEJWTXVQVWh4R3cxeng2?hl=en-US&gl=US&ceid=US%3Aen,Washington Times,2 hours ago,💥 Drone Strikes,https://news.google.com/api/attachments/CC8iL0NnNXVZMVYzTjNsR2JWOUVVbmhsVFJDbkF4alZCU2dLTWdtQm9JalV1Q1M0andF=-w200-h112-p-df-rw,2025-10-26T18:38:26.247122
"Ukraine Destroys Russia’s “Eyes” in Crimea: S‑400 Radar and Warship Hit in Drone Strike, Video",https://news.google.com/read/CBMizAFBVV95cUxPWXpCekJXdWlNS0hrTEgxX2Iwb0UxRDJkRktFeFdhX1doakFVYllFS0hpRUxjZTZkNEdDVmNLMGExLXBraXV0a1dLQUxhUTdFZHkyQ3phdHdSVHRpWEZ5YnZ0YUM2STdSRnBMNDE1WEt3czNIdkhPQjI1VTRFeTM5b3ladlhnem9oeXlRRzdzSU5CSWFwWko0X3JHRnQ1eHp3enlUeHNnTElXeGxUZGhkVTkxc2JiRzkzX25nTkI4RUgySDNRMWtsNFNob3Y?hl=en-US&gl=US&ceid=US%3Aen,UNITED24 Media,3 hours ago,💥 Drone Strikes,https://news.google.com/api/attachments/CC8iI0NnNUZjazh0UTNoVlRtTnFYMHRwVFJDY0F4anBCU2dLTWdB=-w200-h112-p-df-rw,2025-10-26T18:38:26.247124
Hezbollah commander reported killed in Israeli drone strike in south Lebanon,https://news.google.com/read/CBMivwFBVV95cUxQM1dEa2NiSWdPWHAzcXJLTjFKMVk0NEhqWi1HREltdlRWRVQtYnp0eFdXcEZVaWhpY0h2Y2RCaXdmTEYxSWVQcDRaSjFYeFNWdlRaSzFYb1NXbDY2emdkYThyT0lBcHpFb0lCcjJacXVWX3Y4RXBnUWFPY0kwZ2JJQ3lQQXdHX1lWejFfZXQyU2twZGtBcndNanJDYURiZUNVeW9YVU1OR3J3ZXVkT09JRkV1bk9xaHRhanJPcTFJZw?hl=en-US&gl=US&ceid=US%3Aen,The Times of Israel,6 hours ago,💥 Drone Strikes,https://news.google.com/api/attachments/CC8iK0NnNXdNRGhEZEZScVpXUndWSEZ6VFJERUF4aW1CU2dLTWdhQlU0cVBMUWM=-w200-h112-p-df-rw,2025-10-26T18:38:26.247125
Former IRGC commander says Iran’s missiles and drones now outperform Russia,https://news.google.com/read/CBMirAFBVV95cUxNUDkyTTdGaml2dmd4eGhZSkZTYkpKRjlmNTNsajdnNmpzUVBTX0JIWVFwSU95ci1VRDZudzVCREZ1d0YxUkZOR3JVdVBOWUtIWEwwbFZOZVNMSzM0bzBJWi1qc0Z6akwwU0FHMmFsQVFJMHA2MVpaeF9TME9sN0g1NDljY1Ficmp1ejNyd0dTWmEtd3pMQ0VYNTNlNlUzVXhCbm9XNlZlRHZrZHdF?hl=en-US&gl=US&ceid=US%3Aen,Tehran Times,57 minutes ago,🛩️ Military UAV,https://news.google.com/api/attachments/CC8iK0NnNXNjM28wWldwUlVqQnVNa295VFJDZkF4ampCU2dLTWdZQlFJaUtOUVk=-w200-h112-p-df-rw,2025-10-26T18:38:26.247127
"A Russian landing craft, three radars: Ukraine’s ""Ghosts"" erase Russian defenses in occupied Crimea (video)",https://news.google.com/read/CBMi1wFBVV95cUxNQU91QkxpU0tRN2VqYTFfbW1iMXBTZDJVMllObWhVOXI2VzFXMlU0OVVMZDhrOVlVOVhhQ3pCSlpZa2JTNmtWZkREbmZhZV9Ca3p6TV9zN2NHUDRobW1BcWdlbGVMMVdfYmxEN1RVWHh5VVNqV0NSQVVieXhEc0JwbEVoVWNwTzVPZmlWeWFsMHpUcEVtOXdSRmVKVklxX0ZEVXJWRFBtLThDR2hyMm9CV00yc3NJQlBNdlJIOXZucnJGZVpTaGREQUZzdTJyYzZNX3FCY3ZVbw?hl=en-US&gl=US&ceid=US%3Aen,Euromaidan Press,3 hours ago,🛩️ Military UAV,https://news.google.com/api/attachments/CC8iL0NnNVBjRWhEWlRCU1VWTk1ZakZFVFJDSkF4aU1CaWdLTWdrQklJZ1BLU1F1WndJ=-w200-h112-p-df-rw,2025-10-26T18:38:26.247129
How Ukraine and Russia are playing out a deadly cat and mouse drone war from underground bunkers,https://news.google.com/read/CBMifkFVX3lxTFB6RmxuaG40SjhTVktlOUg1eXdBN3NpOWs5NTZPcy1hUnVLYTFtd3YzR2dObG5MRDZDUEJSUzM3RnZ1NXctRExWM3hGTXZ3UjhyVHRhd0l1VTU1RHBPRkpSLWpkUHJ0R0hIbTJDTFdLT2xHQ3FDZzlZNWY2Zy0wZw?hl=en-US&gl=US&ceid=US%3Aen,AOL.com,2 hours ago,🛩️ Military UAV,https://news.google.com/api/attachments/CC8iL0NnNUJWV016VlhKMWRXcEJTVUYxVFJERUF4aW1CU2dLTWdrQkFJemxtS1pUY3dF=-w200-h112-p-df-rw,2025-10-26T18:38:26.247131
Drones of Ukraine’s 422nd Battalion Disable Enemy Energy Infrastructure in Melitopol and Berdiansk,https://news.google.com/read/CBMiygFBVV95cUxOdzNHLVgzRDRKUkpmcjNta3U3Sm01Qm9rdmVfWWxWV25WWkxyaEtHWkZPY05GUV9xLWlFQ0tVcURNZTlJVjRVeDFaVzk0ZFJOUHZGdzNfUENsV3BBZkRTMlJDZl8xejhkaDB0eWprZ04tejNZeXRxd2FrclUxdXFBUDJiMllwUGZoWjhXRDZ4bXRDeElyNGd4NFlKZEgxZEI1Z2VBVmF5MW5JRTJ4VGRQRWhHSkJBbFgxSGREanpUaWtMVXYzaGZBcWVn?hl=en-US&gl=US&ceid=US%3Aen,Мілітарний,7 hours ago,🛩️ Military UAV,https://news.google.com/api/attachments/CC8iL0NnNUZWRUY1UW5GblMyVndabmR4VFJDZkF4amlCU2dLTWdrbEFJb2FoR3VEOHdB=-w200-h112-p-df-rw,2025-10-26T18:38:26.247132
Explosions near Moscow. Drones attacked the Belgorod Dam ᐉ News from Fakti.bg - World,https://news.google.com/read/CBMikwFBVV95cUxOS1NMVE5VTERpdUdQaU0wQXJpS0RjOWhYVDh6WU9RZmh2dTZ0RUEzd3JZbldBbzNmMGZMSlBWc3B3cEk4SmcxWE1VLTFxSkxWLXEwMGpZN3JxdXZtZFlDdHlZSllJVUpTWW5xeDBoenJzdUpETzAzS09rNDRfd3Y4ek52U2x6SEZRTzRiRUo0RFlaZVk?hl=en-US&gl=US&ceid=US%3Aen,fakti.bg,3 hours ago,🛩️ Military UAV,https://news.google.com/api/attachments/CC8iL0NnNTZOazEwUm5oaGNESnJVWFpYVFJDcUF4alBCU2dLTWdtQllJQkFWMkV0NndF=-w200-h112-p-df-rw,2025-10-26T18:38:26.247134
Drone boom looks more like an arms race than a bubble,https://news.google.com/read/CBMiugFBVV95cUxPenZRQ1JCcHpSQmJnZXA2SUpSb2JoOWFxTnJDRHVva0pvUXp2R2ZxTjU5YkVjY25SaXVaZnl2VUp6S0stZ281TmZrUkdhYzIxSS1rVTd1QVpDUkdpXzhYWWpIVlc2YXN0SURYNGczRDBUNXhMd1o3VWpVdHBuSjNtWVljTFlnSXE3Y3g5UTRUWnowQzVOUkNOV1NvLS0wWUVuZXB2Uk41TVhzVmhpSWVObVNFbzBLOVUyZkE?hl=en-US&gl=US&ceid=US%3Aen,Investing.com,9 hours ago,🎯 Tactical Drones,"https://encrypted-tbn1.gstatic.com/faviconV2?url=https://m.investing.com&client=NEWS_360&size=96&type=FAVICON&fallback_opts=TYPE,SIZE,URL",2025-10-26T18:38:26.247136
India Approves New CLRTS/D Swarm Drone System for Precision Deep-Strike and Base-Disruption Missions,https://news.google.com/read/CBMi0wFBVV95cUxOckk5OFJXWHdqbUxEblZoWUhPQjJvRHJsMXBNSGNoWV85dU9RVkg2U1BVRUdwZmFWVzljWE1iZE81LVE3dTdwSUxBWkl5TE4taE5kZFJLZ1pJSTNmQzBFaXU3ZlJNTkt4OG1MRVpJVV9oOVVxaFdXb3JWWjdjWWhoUnltR0phcFpkbnpBYUlGbUJsaVhPOHlIZGNSTXZ5OHFKblFPWmZ3UnJkYVRnLWVzRHZ5dDFsdzFVdFNKSXJmdDB1NXVKR3pnbDJqRl9TVTRjNDJB?hl=en-US&gl=US&ceid=US%3Aen,Shop SSBCrack,1 hour ago,🎯 Tactical Drones,https://news.google.com/api/attachments/CC8iK0NnNDVSVFpsU2pGR1dHSXRlRll3VFJERUF4aW1CU2dLTWdZbEE0b1VyUWc=-w200-h112-p-df-rw,2025-10-26T18:38:26.247137
Taiwan to trial drone strike capabilities in live-fire exercise,https://news.google.com/read/CBMiWEFVX3lxTFB3anpxRHNyRnpnTk9FdWdHMkV1dFhELWZlU1BjU1c0dWQ2UmNjVE5xS3F5c3RlUmcwRmJ3REw1NlNGV3pmM3FOd3BqeUhuYVExM29JRFNtNVY?hl=en-US&gl=US&ceid=US%3Aen,taiwannews.com.tw,15 hours ago,🎯 Tactical Drones,https://news.google.com/api/attachments/CC8iK0NnNWFWa1pFYmtRNU5rdG9NSGx4VFJEU0F4aVNCU2dLTWdhUlVvaXJMUVE=-w200-h112-p-df-rw,2025-10-26T18:38:26.247139
"Despite 1.1 million dead, Putin still believes Russia can win a long war of attrition against Ukraine",https://news.google.com/read/CBMizwFBVV95cUxOeFJqNFZ6MElKOUJaMDN0OGNHNURma2tNUlJuY0pIa2hiN3EwVnZWLXBpVWhjTXNXYXNsMzVtcjhJVWN2c0l6cG9qQ3ZOdFhTbjRFTlVEYXlTZUJKalZ1U1d3V0xOeV9Ial9tQWFtOUMzOU9MNkU1VGNPUWVnVFJZcUtueXltSmFKQW9mS1J5RkJzN0RoNlVDeUxUTU42enpvc21MZzc0RXJFZTFNU2ItQWt0THgzM2FHRUhGMXdRejI5elNkRVpJWmh1YmhLbW_SAcsBQVVfeXFMUHpGV3ZsN0dkUTItNjZnUlZWdlpiRHJPMnB3TlB1cmx5OWFyeV8xZTY5WkZqc184Nm5pNThFV3E1LVBhNDlEaVFhZ241RDlTN0hkLWR2bVNXaVN1cE55QWFmWHNqc1FiSjl2NU0ycXdzTk00MkxIUE8tbW5taHdNNGZtYTZQNVRtRE90d3IzZjE2a2llNkRBRW9lU0RSYldYQnNJREpLcVljNjVwcFFjYktzZE1OTGV0Nll2eEFadTI4bmE3ajRqdG5Tczg?hl=en-US&gl=US&ceid=US%3Aen,The New Voice of Ukraine,14 hours ago,🎯 Tactical Drones,https://news.google.com/api/attachments/CC8iJ0NnNTRaalZGTW5OclRqRTJMV1ZvVFJDSEF4aVBCaWdLTWdPQklCbw=-w200-h112-p-df-rw,2025-10-26T18:38:26.247141
The Fast Terrorist Order | news.qlsh.net,https://news.google.com/read/CBMijwFBVV95cUxQNzlDY2N5OUd5a1ZBeE9Kd2Z0SkdVczBpcmF2alpxOFhmR0hNcjQ1djFINjZqdmlTZE1TM2VkQ3NfaUZyVjRyOC1BNzZ3cnljM2tkVndPYlpGbjBlRFR1MHBBbmp6ZU93UnhIazRLSGJadndPbUFQSDVYX0JoSEJEcVVmeDcxX0hMU2lqbThPTQ?hl=en-US&gl=US&ceid=US%3Aen,news.qlsh.net,15 hours ago,🎯 Tactical Drones,https://news.google.com/api/attachments/CC8iK0NnNW5lVjlhYUZGTlVVNHRhSFpWVFJEZ0F4al9CQ2dLTWdZZGRKQ0xNUWM=-w200-h112-p-df-rw,2025-10-26T18:38:26.247142
Asio and IDF roll out battalion-level tactical computer “Taurus”,https://news.google.com/read/CBMiWEFVX3lxTE91STVtSmVkanZlajBpbVRVSjZOa2FDT1ZNYUxMVWJheDRqalZueEpHNTYxbHlJR3pDZTNNem5ucXc2RU1iUUQwVlBMVlBHUkVVY2FDRkMwTXE?hl=en-US&gl=US&ceid=US%3Aen,Israel Defense,23 hours ago,🎯 Tactical Drones,https://news.google.com/api/attachments/CC8iNkNnNTNSbWRYWm1KMlJHZFNlblF0VFJDLUFSaUtBaWdCTWc0QkFvSUVGZVBBWXB1Y0xnTC1GZw=-w200-h112-p-df-rw,2025-10-26T18:38:26.247144
Russia attacks Kryvyi Rih: First possible use of KAB bombs,https://news.google.com/read/CBMikgFBVV95cUxQWDBrRFBTR0ZtMU0zd1Fkb2tvVnhIUk1lMFg3aVVJNVJkQ2R5aWhvR3hfUUdlbjlvNkN5SmlVNzRGdWs2eDNLSjctZ0JMZmYxS0pyS2p2S2xoaGR2ZFVrSFZNMThBbU52eUN2WWN2eGlNQXdMQk1ZVWpfdDJaTHhGQjU1LTRHbEl3bUdnMHZqUmFSZw?hl=en-US&gl=US&ceid=US%3Aen,RBC-Ukraine,8 hours ago,🎯 Tactical Drones,https://news.google.com/api/attachments/CC8iMkNnNW5hemxDWHpKNGNUUllSbEJ4VFJDZkF4ampCU2dLTWdzQlVJVE1OR1ExaUtxb1JB=-w200-h112-p-df-rw,2025-10-26T18:38:26.247146
"Russian Offensive Campaign Assessment, October 25, 2025 | ISW",https://news.google.com/read/CBMiqwFBVV95cUxNcVB2VmgydjlaTjN2aE5nWDRQT0FrWkFtYU96MFZ2OFl2czdjd1hqaFVuMzRDR2V2SkdmTWFfY3U4Z3dlWm1MekFIdkRoSzJsM1NOMXpHbjZka1BxYll3QjNXTzM4VXNKOVItbzlISUZlX0NMMUpvVE1GNVl4QmR3NEp2ckw4bHBxazcyRjNvVFpOSk1scEJQVThGUENMVXJUaUI4cE1GUDdpWDA?hl=en-US&gl=US&ceid=US%3Aen,Institute for the Study of War,16 hours ago,🎯 Tactical Drones,https://news.google.com/api/attachments/CC8iL0NnNHRlRWx1VWxRNVptNU9NUzB4VFJEckJCanZBeWdLTWdrQklKQW1JU2hUc0FF=-w200-h112-p-df-rw,2025-10-26T18:38:26.247147
"Overnight Russian attack on Ukraine’s Kyiv kills at least 3, wounds dozens",https://news.google.com/read/CBMitAFBVV95cUxQSElZQXI5ZWxfUmtuX09sRVdIZVpnd2xZNFM3UE5VcnppeFJBMjRDS3paNXhkb29KZzZYR2tRVldRNHdrV3FyTWFZTG1feWg4MUFLanprOVZZeTd3aElZM09mWHZpOUlBcHVubXN2RzVkR2swYkRoNDhBa09sWTBUQ0RaMUdUSmNyQnVpQ3MtYmxFS0h5c1NUMU9GcDlLWjA4NnVOczE4UndjeUZjci1NcE5FQTPSAboBQVVfeXFMUHI5Vmtqank4anQycXJGNE9UUGxkNUFfMUt3cHo2Y2w1dmx0WnBGVTN3a19uOUl3TW4tRk43QWxpdkF1ZGVrQUFBajE2clRvcFE3UFNIdEVKUHBaY1NrVDIwZF9hcmpXSzI3V2VSaFIyN3VWZ2xNRFdGUnBQR0FiMTlvTUhkXzZLYWNxd1FtcWEwQTc5NDZjSUloUmgxSGN0QmV5ZDctdnhDdFpqM0NfS0gxWFRzMzg2eXJ3?hl=en-US&gl=US&ceid=US%3Aen,Al Jazeera,2 hours ago,🇺🇦 Ukraine Drones,https://news.google.com/api/attachments/CC8iK0NnNUpaa1ExYnpSZmFsWlZWVVE1VFJEZ0F4aUFCU2dLTWdhQmdvNmpNZ2M=-w200-h112-p-df-rw,2025-10-26T18:38:26.247149
China Unveils 'Ghost Jellyfish' Drone For Secret Underwater Missions,https://news.google.com/read/CBMiowFBVV95cUxPMUo0NWRHSEdPYnlUUHlMdEpraVd1T1N6X0FkQXk5dGNiQ0N2Wnp5VWg2ODVQeERsZ1hLR1k5OFU0Q1o5MDNEM0xHMldDSkE5RFVXeXVlb1QxLVBBVndJSWJqX2h0cXFxOWY1Mm1pbnBHcmxweTk2allfYW9OLVRHNlFSRWtoSXNvcHJvMVAxSnhVcmNfeG9GVWFocGgxNzJYLVJz0gGrAUFVX3lxTE95b0pnQnJVRjU2OW9maWRkN09zbVBjQlJXNTVXRGFrRnZ4QjVqVFpDU1NMOGJwZmc4TmZyTjR6dWR0Qk1IV3kwemZBc2R5SmtJNUQ5dVpPcmVrSFI4cHZLc295SmFhb3EzTVREZGkxVk1zZmxzOGwwR2hlME1xMVlmRmp2cHhvbWFPMFEyc1B4QUFjM0JibXl3NnRLZi1uWDEzUUZnMllocnRQcw?hl=en-US&gl=US&ceid=US%3Aen,NDTV,8 hours ago,🇨🇳 China Drones,https://news.google.com/api/attachments/CC8iK0NnNUZURGRzTWtWRlUzTjRiMGRpVFJDeUF4akNCU2dLTWdhcGRKS3VzUWM=-w200-h112-p-df-rw,2025-10-26T18:38:26.247151
Chongqing's 'must-see' drone light show: visiting European researchers,https://news.google.com/read/CBMizAFBVV95cUxPUkExUndPMV9aTVhLR29IaDFXeDlLS05xM2k2TTdLUFoxYmJCc2JCMjkyUXNPd2NOeFdVYjZqSDFUZDY4bGhIcmJYMm1zTW8xX1llTHpCcWl5SEtIeVNla0ptWk96VkpucUdpUTVyZFF4OFphdl9MSHYtbjZWZGJ1LWJQTFhTaWROQVYxYWpfd3lHbW5JUFNlN3VGUjZVeHZ3UWk5aE10U3lrZ3lFcmlNUVhrMWl5Y3RPQzlzVXJHN0JnMmpmYnRQRXZZaDc?hl=en-US&gl=US&ceid=US%3Aen,news.cgtn.com,6 hours ago,🇨🇳 China Drones,https://news.google.com/api/attachments/CC8iK0NnNTROSEpJZURkM1pGVlJZbk5XVFJEakJSaWZBeWdLTWdZTkVJd1RGUXc=-w200-h112-p-df-rw,2025-10-26T18:38:26.247153
Fireworks and drones light up night sky in China's Hunan,https://news.google.com/read/CBMifEFVX3lxTFBHZnFiX3h6RTJYMFEyYVd6U0ZkM0lTVkxLdlFNQTJpZWlUU2FSTXd5aVMxOTM4aXhaMk5nU3A0MlB5UUdhUGRsQzJVZDJyZ1hEUjcyS0VqQUdjdFBDOVFzQXpNOEgtU2lWSlp2NWVjaFJ1RVpuc0lSZkcwS28?hl=en-US&gl=US&ceid=US%3Aen,Xinhua,9 hours ago,🇨🇳 China Drones,https://news.google.com/api/attachments/CC8iK0NnNWZORTkwU1RKcVNWcEpXbVkzVFJEakJSaWZBeWdLTWdhSllvcExMUWc=-w200-h112-p-df-rw,2025-10-26T18:38:26.247155
Chongqing drone light show showcases China’s advanced drone technology: Hungarian scholars,https://news.google.com/read/CBMiYkFVX3lxTE1kX2pIcVJ3MFBseXEwZ1lOQVBlaTZmY2ItZEJkUkVlRDgxUGh3NUNSdjQzTHZHNUJSWWNEWjZzbUFfT3JvTV80aFViQmxyR0x1dzV1WkZncDViOXdCR3d2cGdn?hl=en-US&gl=US&ceid=US%3Aen,Global Times,11 hours ago,🇨🇳 China Drones,https://news.google.com/api/attachments/CC8iJ0NnNW9WMjlKYVhVM2MwWXdUakZVVFJEakJSaWZBeWdLTWdPQndBQQ=-w200-h112-p-df-rw,2025-10-26T18:38:26.247157
China has created a ghost drone that moves secretly underwater,https://news.google.com/read/CBMiogFBVV95cUxPNVo1ZjZIYlEzdFV3XzVvaktTdk1JbmMzM3RpTUNNTjN0Tm9ER3dzbTVYSHBxc1hXZmdRWHNpU0Z6eGFUbHN4YU4wUXp1ZjMxemVvZllBbndSMVFhU2lEbGtpOFdBXzlxWk1JaWhUemVpWUd1M1BVZm5tN1MtQmN0VjhabTB3R0tjb0UzVFRvYTNXQU0xWnNfZHpoMGQxdzJXc1E?hl=en-US&gl=US&ceid=US%3Aen,Zamin.uz,4 hours ago,🇨🇳 China Drones,https://news.google.com/api/attachments/CC8iK0NnNVNTak5MZFdseFlVbFJMVVZ6VFJDZkF4ampCU2dLTWdZdFpKVFBMUWc=-w200-h112-p-df-rw,2025-10-26T18:38:26.247159
China unveils jellyfish-like surveillance robot built for silent underwater missions,https://news.google.com/read/CBMilwFBVV95cUxQbGZPeUlVamhHSkJwaXY5WUk4N3pybFNjYXhGNDVZTlN0UlBQcUlNYmlzcWVLMHZjUzQ4eklKa2x5Vk5HeFZmOW95V1c5b2RSeHRpaDlxU1VHanhkZXA1SlF3cFN4aEN4ei1WYVJOeWlobHJDd01ka1c4VjloTmZIdVlUbF9WVFJmUGZWdnFJT1dHcFFWTkdr?hl=en-US&gl=US&ceid=US%3Aen,Interesting Engineering,20 hours ago,🇨🇳 China Drones,https://news.google.com/api/attachments/CC8iL0NnNVlaMGh3UnpGeFZXWm1RMUptVFJDZkF4ampCU2dLTWdrVlFZN29yS1pFY3dF=-w200-h112-p-df-rw,2025-10-26T18:38:26.247161
New Chinese drone spotted flying for the first time. Is it a next-gen bomber?,https://news.google.com/read/CBMi1AFBVV95cUxNYjRmQk5GUnozNDJnU1o0cm9Jc0pYb1lLV1Y4Wk52LUVlVjF4SzFjTFJsbUFWc1diT19xR2Z1V2s3MnJUalhMazd1dHd1QkNUUjRnaEk3bXhsaDNuVkJOX3pCMWNiZWtTSDdFb0dHanJmLXJla2czbDYtQWx3REZ2a212TmNxdzM3ZXNPazlkYUpDd3hQdG5LSG9aSjcxQ1J4MUNyR0FVZ0g1UjFZQ0xsUEVNRnRUTmtiaWJidXJuazFJUHZ6NjlLNlNjcmRlY1pfOURNNw?hl=en-US&gl=US&ceid=US%3Aen,The Star | Malaysia,9 hours ago,🇨🇳 China Drones,https://news.google.com/api/attachments/CC8iK0NnNTJUMk5RVjBkcE5WTmZVMUk0VFJERUF4aW5CU2dLTWdZaG81Q052UVk=-w200-h112-p-df-rw,2025-10-26T18:38:26.247162
China-Africa agricultural cooperation boosts modern farming in Mozambique,https://news.google.com/read/CBMiwwFBVV95cUxQcF9Fd0pBNDQ0QXBHVXBraGFCV2E4WXJfMXllOHZXdzR4aWQ5clYyNmY3emJGSURjSHRHbWpSd2FmV1Exb2lkQ2dWSEVQOUdxbmZvS2JXQ1hFV0l5bHBJeFlkcy1IZjZadEZyQ3RyS2Uycm01VG5WTUpmbm1sTEdsREhLeDJ3ZWwtRDNULTdUaTRrMkthbDY1S1ItLVBxN3NHQm5RbWhoQlZWdzlmTlNJTW4yUGVmX21vVnFLWGxKd1dKOTQ?hl=en-US&gl=US&ceid=US%3Aen,bastillepost.com,5 hours ago,🇨🇳 China Drones,https://news.google.com/api/attachments/CC8iJ0NnNHhlRGw1VldWdGNHdGtYMk5QVFJDaUFSaTJBaWdCTWdNWk1BNA=-w200-h112-p-df-rw,2025-10-26T18:38:26.247164
Drone photo winners will amaze your eyeballs: From a high-up horseman to a holy river,https://news.google.com/read/CBMivAFBVV95cUxPekNWNU5fS0xMSlRka0tmb2hDaGxWck9CbmZka0UtS3BWS2ZXQ1dtd19tYnNMZFlGdHFvWFVQMDZ2eGRHN1drbUxSck9fSWdDTERLRjJybUhNZlAxUnpjdEZOZDl5bkx6UHg1WHktaDBnLXgxNE8yM3RFU3hPSVVGa2EybmVwc1NpdWJVekxFQjhidU11NzZkS2NpeE1FUHRlYnB2MVM2ZmVZTW1zek5sOHVreEpqTzJsT3BTcA?hl=en-US&gl=US&ceid=US%3Aen,Louisville Public Media,2 hours ago,🇮🇷 Iran Drones,https://news.google.com/api/attachments/CC8iK0NnNXdVR3hMTjNCUmJGODBiVVYxVFJEZ0F4aUFCU2dLTWdZTmNJcTJ0QVk=-w200-h112-p-df-rw,2025-10-26T18:38:26.247166
"IRGC general says Russia needs Iranian missiles and drones, not vice versa",https://news.google.com/read/CBMiUkFVX3lxTFBfNjBpQmhrU1JScVFDWHdMMlJRUzVseWRTY05IU19aUFJkdDlFa0lCbFJ6c2tfSEVURlhocW90YUpHcy1hUGVnU3VEanZvZHpQSXc?hl=en-US&gl=US&ceid=US%3Aen,ایران اینترنشنال,21 hours ago,🇮🇷 Iran Drones,https://news.google.com/api/attachments/CC8iK0NnNUJhVGx6TmpjMlh6QmtORUZ3VFJEMkFSakFCQ2dLTWdZQklJaTF3QU0=-w200-h112-p-df-rw,2025-10-26T18:38:26.247168
31 years of peace that Jordan kept long before it was signed,https://news.google.com/read/CBMiqgFBVV95cUxPYXhGWlRLNmhqTjEyQlptWkFsLUxoUTBGLTBfSV9LdGJzdTdETy1aakRBSGw0RVpuZGFqZFE3SERWV0JfUDY2U3JvS1FkVDFmOWpkSG1oUEVUb1c3Ny1JUlVVLVZfR25OTUNFNE16WVJYR2FLT2hLQXJKNXhTcTJ0Tktlbmo5XzB4SWFtbmlseVY2NG9CbVZ0MmgtRGNPNWpETm50M25SSUVMQQ?hl=en-US&gl=US&ceid=US%3Aen,www.israelhayom.com,8 hours ago,🇮🇷 Iran Drones,https://news.google.com/api/attachments/CC8iI0NnNVZXRXh3TjNSdGQzRkxla2xuVFJERUF4aW1CU2dLTWdB=-w200-h112-p-df-rw,2025-10-26T18:38:26.247169
IDF publishes new footage of October 2024 retaliatory strikes in Iran,https://news.google.com/read/CBMitgFBVV95cUxQd3NPeDVxdF9sODFFeVo3SkM1SlQ4YzNPbmhFWTFzeEsxd1l4X25EU1JpTWx2ejZQdXBMUm9pYnNkYUprZTc4Vmd6NnFzeDJGN25zLXpLYnIzMWlRemF1STM1TTFCa0daSEU0VWJaakxMNGFNa2RBMVdabWRMWER6UGhMbkFUbkV6WG9VYzV2YmNZTW5pbmYzZmFiTVpPVC1wbVRMQThmS2dmWjVIR3lLNU92ZXZydw?hl=en-US&gl=US&ceid=US%3Aen,The Times of Israel,1 hour ago,🇮🇷 Iran Drones,https://news.google.com/api/attachments/CC8iJ0NnNHlhMVZSYWkxYWFqVTBSRXRMVFJERUF4aW1CU2dLTWdNQjRRQQ=-w200-h112-p-df-rw,2025-10-26T18:38:26.247171
"After Israeli Strikes Cripple Sana’a Airport, Houthis Turn South",https://news.google.com/read/CBMitAFBVV95cUxPV2ZPby16ZkZGQzRPUllKT21rVzREZDB1WUFQX3hEY3RHZ0pHcGNqc1Z2TXR3eUFXY0tzeXdOM3dOU0p0ZWl3NWVwdHFGUWNpWmF6M2I4bW5iU3QtZGtYRDRLeC13M0FRNjdoY25ZUl9pR3RwaUg1dnVLWl82UFpVQVhhTGFEVWVjWWxBaklUV202MEJzVExqU3EtWi1iUlRHeE0tNnlTZ1oxLXEteFFLTUZYbTg?hl=en-US&gl=US&ceid=US%3Aen,i24NEWS,4 hours ago,🇮🇷 Iran Drones,https://news.google.com/api/attachments/CC8iK0NnNXpRMW93WWxKS1YxUndVMXBwVFJERUF4aW1CU2dLTWdZQlVJUm5RUU0=-w200-h112-p-df-rw,2025-10-26T18:38:26.247173
Is Israel in trouble – or at least under pressure?,https://news.google.com/read/CBMinAFBVV95cUxNWFVRYkhGcjJRSUl5WVdvT2JZV29ya3YxUXVoRUlVbElBMkk0Z2Z5OUNhWWZFRjd5akJoU2c4MG1LSVFjMER1elpLTDZWTXBvdWR2eWlzNDJhelFEcHloaUl4eGp5dWJnQllJN1o4NXIxRDVwX1RDZzlvWmtfREZudmNZQ2V4YXozWXNrR245QjgzNTNKSGE3R2hSTy0?hl=en-US&gl=US&ceid=US%3Aen,Jewish Voice for Liberation,3 hours ago,🇮🇷 Iran Drones,https://news.google.com/api/attachments/CC8iK0NnNUlhREJJVHpSbldEQkhkRUZYVFJDbkF4alZCU2dLTWdZZEk1QnZuUWc=-w200-h112-p-df-rw,2025-10-26T18:38:26.247174
"Two workers killed in pipeline fire at Iraq’s Zubair oilfield, officials say",https://news.google.com/read/CBMiswFBVV95cUxOUnhJZTc3dWNQc01Fb0hicTM1dnBCU3MyOWxKOWRoVThvZ0lwUXZEV0xLTHRuWFN3OEhQRkFsemZ2YVhXQTF6T1RLUnlVcEd0QjRBU0xXV0djRUM3T3pPT0YxZmlVcW1sRjgyRjlOY2dibzdmbjg4S0g4ZkNfaHZ3UEszUmpjQXA3cmVsbkw1ZmtaSWZYNk1SdzRSUHFJMTR0dm1uMUxFcXRtUjB0dzNqOGJRNA?hl=en-US&gl=US&ceid=US%3Aen,AL-Monitor,7 hours ago,🇮🇷 Iran Drones,https://news.google.com/api/attachments/CC8iJ0NnNXVWM3BVWnpOWGVWRjBjRFJvVFJDb0FSaXNBaWdCTWdNSjBBSQ=-w200-h112-p-df-rw,2025-10-26T18:38:26.247176
West Asia according to Trump: Iran as the pivot of regional strategy,https://news.google.com/read/CBMiqwFBVV95cUxPSmpybm5HVFk0bHd1SWwwRHdOOGdmOXpINWFSM1FnemkyaUZ2WTF5T0c1U3VMUElnc05lM2FnbnRZanVVX2NqM2Q0dkhrdWtIV0l3ZGVjY1cweHV2TUhydjZkUF9BXzJOV3B0X1I1YmhYalRLdVZYOVFEeXJTaFJpUl9TWG5GUHh0Zm5sTHhyRG5kMnR5OW10YkpEOERDMzRFLXB5endBcDN1NU0?hl=en-US&gl=US&ceid=US%3Aen,Tehran Times,59 minutes ago,🇮🇷 Iran Drones,https://news.google.com/api/attachments/CC8iK0NnNXNVbXhETWpWQ1RURTVTMUpZVFJEc0FoakpBeWdLTWdZVlVwYXNvUWc=-w200-h112-p-df-rw,2025-10-26T18:38:26.247178
Netanyahu says Israel will decide which foreign troops acceptable to secure Gaza ceasefire,https://news.google.com/read/CBMizwFBVV95cUxNcld4Q21VT1NvOW54WjJlN3oxUlhiNHdmazBGWEZmY0FmOUg3d3hOYXZHS29XWVhuMG5HV2MybGV1MDl4M3o4ekNPVTZkR250clR5MXJOdjJUekI2UTBYdlIyVnYyODl0elZqN190WTFUdnFNR09uS2FWSVY1YmpXUEd2d0hFMTdiSjl5Vy1iNWRuTWtyWGxHbE9tcXRSTU9STTY3RGIydVVqSFlveXJYS2xlZlNpQ1diNHlxLVNDZ2oyY2dJbzMxRWllM242TFk?hl=en-US&gl=US&ceid=US%3Aen,Reuters,2 hours ago,🇮🇱 Israel Drones,https://news.google.com/api/attachments/CC8iJ0NnNW5VekpUUzI1Uk1YcHViVzlUVFJDNEF4aTRCU2dLTWdNQmNBbw=-w200-h112-p-df-rw,2025-10-26T18:38:26.247179
Israeli Drone Strikes Kill Two Hezbollah Operatives in Lebanon,https://news.google.com/read/CBMimgFBVV95cUxQSnozY1cyYVhkb3lJam9CTGlSVFcxQ2hhZFlTMDZ3UU1GTE45RVUta3lNRUdtUUs3Mlo0QlgweWpKZVpOWjBTeE4tWkg5d3NMbFk2azVTOGdZazhNb19ST2lfQjVCNTdFY1dqTVZmRGxUNnFsOUd1ZHFlNnk4SFA3b2lBamo4NGNtZnkwVHlhNUUtVVJadFh0ZndR?hl=en-US&gl=US&ceid=US%3Aen,VINnews,6 minutes ago,🇮🇱 Israel Drones,https://news.google.com/api/attachments/CC8iJ0NnNUtVV3B1UW1wbFYwcHJlbE14VFJEM0F4amlCQ2dLTWdNUjBCQQ=-w200-h112-p-df-rw,2025-10-26T18:38:26.247181
Israel conducts new drone attack on southern Lebanon,https://news.google.com/read/CBMikgFBVV95cUxNcndURVQ3ZUZJRXdtQmZET0hDVTJCaGVQOHBFLUEzSjJTTDBaUHVUMVEzZTFJdnZJbFNHX2hXM2ZjbmpJZkhWV1JBbkkyLWQ0RXJEMmJBemp2OC1QVHJoT1hYNUU2V2tkdVN3VXdIZ3d6amwxUE9vTDAwMWtxY2pRaDhyUS1hcWl3N0lMUkdWakNfZ9IBS0FVX3lxTE9XSnJTWmZEMkNmSGxnUGQ2Z2RDNlVJTEpHa2FLTUZCZmNtc0NxTTc4cGNkZDhwb2dxYl9XbWhSUzFFWHQ3My1ubVdqZw?hl=en-US&gl=US&ceid=US%3Aen,Mehr News Agency,6 hours ago,🇮🇱 Israel Drones,https://news.google.com/api/attachments/CC8iK0NnNVZWMUJhVTFOZllrbFViVWg1VFJDUUF4allCQ2dLTWdhbHBaTE51UVk=-w200-h112-p-df-rw,2025-10-26T18:38:26.247183
Israeli airstrikes kill 2 in southern Lebanon despite ceasefire,https://news.google.com/read/CBMirAFBVV95cUxQLWhKN3lYcWVmdnZoTkQtR0VqZ3UzMkNaWVNpSkNjVnU4YnpSM0tEbnNTc014NWVsX1dJMWhYUllzdEw5YTlONTNnWUZ2aG9HUkRnTEZqUFZuc2RLWjhKcnBjMDhjbFByNGVyRjBKV0JNUjd0Q0lZYUZxaWd5VHVNUjhlTS1CQmFNWjYzc0dhMzFNMmxFUE9LVGtpdVA2VXBkMUdtejQwTjNrM2Fn?hl=en-US&gl=US&ceid=US%3Aen,Anadolu Ajansı,10 hours ago,🇮🇱 Israel Drones,https://news.google.com/api/attachments/CC8iL0NnNUdMVFp5VFVoMFh6UkRWVzFvVFJDZkF4ampCU2dLTWdrQklKSWNIQ21TU0FJ=-w200-h112-p-df-rw,2025-10-26T18:38:26.247185
Hezbollah commander killed in Israeli drone strike on S. Lebanon: sources,https://news.google.com/read/CBMifEFVX3lxTFBjczZhNUVRb1Nmb2RqMUVsT1NFLW1rU1kzXzVJYmpLUG9pb3ZyOVlGeFFtd2IwWkdYS1doWnpOZ1dlcXdiWHZvNHRWWG9aRDZmRkRZdGFfUUhYZnFVMFgxNWhqZnNWQTBEb0FLNEw2SHlhTWNIMTFPSGJBY1c?hl=en-US&gl=US&ceid=US%3Aen,Xinhua,22 hours ago,🇮🇱 Israel Drones,https://news.google.com/api/attachments/CC8iMkNnNVFSRVowTVV0eVNFWkNYM1ZRVFJERUF4aW1CU2dLTWdzQklJUW5xV004eGtxMFRB=-w200-h112-p-df-rw,2025-10-26T18:38:26.247187
Israeli drone strike kills Lebanese citizen in Naqoura,https://news.google.com/read/CBMiV0FVX3lxTE5uVlQ1anBaR3k4WW1xcW1SQWtYcmpMakZFRk9wQnZjblVXS3BJNE1MZ3RVQ2JXWm5Nd3lWZ2JFX0tvVjVXMXNlSHljNFZ4M0N4R2VVNkt5WQ?hl=en-US&gl=US&ceid=US%3Aen,WAFA Agency,5 hours ago,🇮🇱 Israel Drones,https://news.google.com/api/attachments/CC8iK0NnNUVXSEpMTlRkVVlrUXhRamxHVFJEZUFoanpBeWdLTWdhZGxJeUx0UVU=-w200-h112-p-df-rw,2025-10-26T18:38:26.247188
Israeli strike in southern Lebanon kills one in latest ceasefire violation,https://news.google.com/read/CBMivwFBVV95cUxNX0EyTC1sZkFUdTBpTGd6akdZNGxZNktJcTEySXViTHlIZlFXWGpQZzJCaHhyUndXb1k5MWlTeEk5eWxxczYzUlNNQkZMMklsVUJMNk9IQXR2VmZFOWNDR3pMNldhdzBWYUNqb0gtMTZIUGRwTlBiMW1EeTRvWDVjNGtKUVVmdWNoR3NwdHJsQTlCSmFOcVVVRXc4eUxBam83NTIta3BrLWVGakw0ekl4bk13akgySVQ2OTlvcDlJVQ?hl=en-US&gl=US&ceid=US%3Aen,PressTV,9 hours ago,🇮🇱 Israel Drones,https://news.google.com/api/attachments/CC8iI0NnNUdUMU5zVDNwTlQzcEZRbEJyVFJDZkF4ampCU2dLTWdB=-w200-h112-p-df-rw,2025-10-26T18:38:26.247190
Israeli Drone Strike Martyred One in South Lebanon,https://news.google.com/read/CBMijgFBVV95cUxQTGlKZklPcVRwYmZPbVR0anFISWsxdk8tcXVfTzBZaHhuSTEwZHVqLW1CTXFIMHVOeHJ2dVlaNHlXaUdEcVRfWXN6a1hHTThLeHhlbGJNcVNBdUM4OG5YdHlCanhITWNyZFdQanhnbG1YdWc5ZHZnUE9sb2twT2hVOVVvdzk4dFQ2RGJES2VR?hl=en-US&gl=US&ceid=US%3Aen,ABNA English,12 hours ago,🇮🇱 Israel Drones,https://news.google.com/api/attachments/CC8iK0NnNXJhVjkxVmxaV1NEUTNSRXhxVFJDZkF4ampCU2dLTWdZQmNJeE5OQVk=-w200-h112-p-df-rw,2025-10-26T18:38:26.247192
North Korea's Top Diplomat to Visit Russia From Sunday,https://news.google.com/read/CBMipAFBVV95cUxOeHNqLTk0VHkxVWl3WW91elk2UGc4R1kxUG4yeW1QRzI4eFQyMEFDZGN2WHFDekJaQjBsZ0pXbnczRWpUMU9na3ZUa24xV0lHVFVkTjMtRS11TTZWUGRob281enVGRkxVbWs2TnFCSm9udTFPUTFpazNTYzJuVmltcGMxT2RPYlJHeDhFX0hDdHA5R2Z2VW1sNnh6eG5oX1VENzlIRg?hl=en-US&gl=US&ceid=US%3Aen,The Moscow Times,6 hours ago,🇰🇵 DPRK Drones,https://news.google.com/api/attachments/CC8iL0NnNXJlRmcwTkY5bU1sZGlZa1YwVFJDZkF4ampCU2dLTWdtUk1vNFVHYXFwVUFF=-w200-h112-p-df-rw,2025-10-26T18:38:26.247194
Russian Drone Attack Kills 3 in Ukraine Capital: Mayor,https://news.google.com/read/CBMifkFVX3lxTE1LVjdiOERHa1pGWDRYc05nS1BiTk93dnhLd2pIMXR5cjgzVzc5U3NTMENIQXpYTHlySkR2QUdWT0dXT0F6OHliek1rWGdDeV8xQlZNZGw1RnRERzIzWmhPd1UzYUpMd0xSTVN6Q0I2OTlFcDFXdDdoUE1pbHJnZ9IBfkFVX3lxTE1LVjdiOERHa1pGWDRYc05nS1BiTk93dnhLd2pIMXR5cjgzVzc5U3NTMENIQXpYTHlySkR2QUdWT0dXT0F6OHliek1rWGdDeV8xQlZNZGw1RnRERzIzWmhPd1UzYUpMd0xSTVN6Q0I2OTlFcDFXdDdoUE1pbHJnZw?hl=en-US&gl=US&ceid=US%3Aen,The Defense Post,11 hours ago,🇰🇵 DPRK Drones,https://news.google.com/api/attachments/CC8iL0NnNTJTM3BTYTBkSk1ESXlNMVphVFJERUF4aW1CU2dLTWdtQlVKQ0t2YVhJQndJ=-w200-h112-p-df-rw,2025-10-26T18:38:26.247196
"Trump says North Korea is ""sort of a nuclear power""",https://news.google.com/read/CBMilgFBVV95cUxOMk5ETUhvNzFPOTF3OVdnU181bVB4WWpNNFZvSGpsd1BWN2E2TkxmS2VVdzFId3dMRnprcWg5VXBpbEk5ZkFIMndrUUM4c2RCQ3N4c3Exd0NfVV9wMGZicjJReUFrcG5DcWlPOFZEMmdFT3RvS3pJbVZvNkZ0ckdEMDd4bHUtZjE4ZThqYzVOaHR2ZVJCS1E?hl=en-US&gl=US&ceid=US%3Aen,Space War News,17 hours ago,🇰🇵 DPRK Drones,https://news.google.com/api/attachments/CC8iL0NnNHRaMmhXTnpKSE1IaHVUVXBKVFJENkFSaXNBaWdLTWdrRllZN3lyS2l4U3dJ=-w200-h112-p-df-rw,2025-10-26T18:38:26.247198
Russian missile and drone attacks kill 4 in Ukraine as Zelenskyy pleads for air defense,https://news.google.com/read/CBMi8gFBVV95cUxQTXhCanpfUEhOSldpOTFqemtNNjJFazJlQUNhRHo2V0VMcUpWcS02Q083MGRVX0oxNmlzdlQ3UFpoVTJ5OGI3X25LLUNjT3dfakYtT0k0UHdrUkFsZ3d2RS16MkVCN2VsUWJWMFltMzFyVEFoNUxZNm5tbVhNV3U3S3RWcVUyaWF2cXBrNERROUlQbWNxT2xNSFJwQWVyR3VwcXJaT2t5TmpCU1pXU3ZMN1Z6QW5Hb2pjbTFINldKM2dsNEk3ZzJMcUU1ZDdHSUppT2dwNXpnVW9pendTWW04MVdnR1ZRTXl2ZmVJN2kxbE10QQ?hl=en-US&gl=US&ceid=US%3Aen,Korea JoongAng Daily,14 hours ago,🇰🇵 DPRK Drones,https://news.google.com/api/attachments/CC8iK0NnNVlUVFJYUW5RdFVrY3hkVkJCVFJEMUFoaXZCQ2dLTWdZaE5hRE9tUW8=-w200-h112-p-df-rw,2025-10-26T18:38:26.247200
African women in Russia’s drone factories: Between hope and exploitation,https://news.google.com/read/CBMiuwFBVV95cUxNMnVUdEt3UnVhLTNHXzdSMTVOZExlcXVkZkJRb3NLMEQ4V2pLTnNGNEt3cC1CUUVXUHFSdDhleHh4TzBzSW5wY2tSeFhSWnBra2g2b2dyZXh2NUVKdi01dy00TlNkaWI2ZHY3Mmt1VkwteTRHZEh3UzRCZmZPbVJXYml1NE83OW56UXd3UFdnYXBGYTF4eEhwNVdUT19SSWdNNWpYbUZOWGlaQ04zc0RFWXdua3hUZWlvNGxz?hl=en-US&gl=US&ceid=US%3Aen,Daily Nation,8 hours ago,🇰🇵 DPRK Drones,https://news.google.com/api/attachments/CC8iMkNnNXVTbHB5YWt4U2JHMWhjbUl4VFJDZkF4ampCU2dLTWdzQlVJU3BNT00wZW1pdVl3=-w200-h112-p-df-rw,2025-10-26T18:38:26.247201
Russia may try to open second or even third front in Europe — U.S. General Clark,https://news.google.com/read/CBMivgFBVV95cUxPWWlhVXdZdUZNWFdDMGNsRnlwSko5RjJOczRsalRHVG5KSDAxZVVqWXlySFYzbG16NWc0NnNuSlZyOTBLOUY1eWxTN1dnZy0xZ2NYVTNCX2lvdkxZMEdzcmRueWlFRXh5WlZDVUNjNEMzbTdUckpHZ2dNSXFNR2ZLQjlJNmdhcVhTQmNheVhhWWxYeVlLVlJ2QS1XVEZQRkF2WXVGTGVwVmYxcnRwMXhRVHd5VmxWTFhhQk5aUkVB0gHDAUFVX3lxTFB3azh2N3FXZHRaakhZQWxDMFEwSmhEanRDenBicmtPRzMzSUxobmdXTlVZNWhYa2k2N2NTVzFRaVBmcF9QVFZENFZhYy1CakpFTzN1MmhIZkFiYzdfaW91dXR5YnhYcmhJaXRuM2NMejJnYkE5NHAxcVMzR2JFWkxkaF9LNmlzSllMbmhPbmFuMk9HRDFuLTdyLWE4V2F2S1daU29pMFFRQ2Fxc0NPQkt1RXVnSkRRei1qb3NOTnowVlZ5NA?hl=en-US&gl=US&ceid=US%3Aen,Espreso.tv,3 hours ago,🇰🇵 DPRK Drones,https://news.google.com/api/attachments/CC8iI0NnNXJPR3BzY1Rkd2EzSTNSbWwwVFJDUUF4aUFCaWdLTWdB=-w200-h112-p-df-rw,2025-10-26T18:38:26.247203
Police scale up security in Gyeongju ahead of APEC summit,https://news.google.com/read/CBMiV0FVX3lxTE1hblFoQ2RuVTRIcUQ5RmZYTFViNzNHcVhUbDhZRG9lOU9lT1BnV1RBZzQ3aUdFVVdzNldfY2JkMEZOOW5XWVB5MWhXM0x2NS1HNTA3d3ZyQQ?hl=en-US&gl=US&ceid=US%3Aen,The Korea Herald,16 hours ago,🇰🇵 DPRK Drones,https://news.google.com/api/attachments/CC8iL0NnNWpNSEpEVnpjM1ZYSnZVMmRSVFJERUF4aW1CU2dLTWdrQmtJb0JSNlUxY0FF=-w200-h112-p-df-rw,2025-10-26T18:38:26.247204
Seven injured in Pennsylvania shooting| Gulf Times,https://news.google.com/read/CBMinwFBVV95cUxNUS1HLUp3V2Y0Sm9uZE9PRktCcDZIUGd3QzV2UXl1bTlPMndEM3VTb0ZvZkkzbG9HT3NISC1JelB3ME5SLThfR0ZmbXhiOHJCUXBZX2VOUVRhN2ZZcVlhN29jN0phd01EaXc4OGZQTkt1TE1Bb2pUX3J1Nl82Z0ZocXdTZHJvYTZsWTI3UVBELUhmMldFazhFTUtFVmxaT1HSAZ8BQVVfeXFMTVEtRy1Kd1dmNEpvbmRPT0ZLQnA2SFBnd0M1dlF5dW05TzJ3RDN1U29Gb2ZJM2xvR09zSEgtSXpQdzBOUi04X0dGZm14YjhyQlFwWV9lTlFUYTdmWXFZYTdvYzdKYXdNRGl3ODhmUE5LdUxNQW9qVF9ydTZfNmdGaHF3U2Ryb2E2bFkyN1FQRC1IZjJXRWs4RU1LRVZsWk9R?hl=en-US&gl=US&ceid=US%3Aen,Gulf Times,10 hours ago,🇰🇵 DPRK Drones,https://news.google.com/api/attachments/CC8iK0NnNXliRVkyWW1GVU1ubE9hVFZGVFJDRkF4aVVCaWdLTWdhUmNJenVPQVU=-w200-h112-p-df-rw,2025-10-26T18:38:26.247206
"Russian drones kill at least 3, injure 30 in Ukraine capital Kyiv | Daily Sabah",https://news.google.com/read/CBMirAFBVV95cUxPOWI3anNRR3JOS1A4ZGZnMElnNm5Yc2FIdzZpd3BvSUlDSjZiX1Ffd3B6UXhIZms0d0RfZmo3YWlCZzB0Y3I2YXp5Z2NyRE9KTU9GYWF5bDByOWh3cWhmZ0VLVm1fQzJhNUtNZDZjN0kwVElSSlAyc29jaTlfOVpzSEhOaWhrRDVxQ0NKcndIOEU2Ni1fTXZKNnVTdGV5UzBPNUtlQmJmMlpxYjNE0gGsAUFVX3lxTE85Yjdqc1FHck5LUDhkZmcwSWc2blhzYUh3Nml3cG9JSUNKNmJfUV93cHpReEhmazR3RF9majdhaUJnMHRjcjZhenlnY3JET0pNT0ZhYXlsMHI5aHdxaGZnRUtWbV9DMmE1S01kNmM3STBUSVJKUDJzb2NpOV85WnNISE5paGtENXFDQ0pyd0g4RTY2LV9Ndko2dVN0ZXlTME81S2VCYmYyWnFiM0Q?hl=en-US&gl=US&ceid=US%3Aen,Daily Sabah,6 hours ago,🇹🇷 Turkey Drones,https://news.google.com/api/attachments/CC8iK0NnNXhkVWh3UldVMVlsRk9Zbk5tVFJEREF4aW9CU2dLTWdZQlVKRFRwQWc=-w200-h112-p-df-rw,2025-10-26T18:38:26.247208
Kurdish rebels say withdrawing fighters from Turkey to Iraq as part of peace effort,https://news.google.com/read/CBMiyAFBVV95cUxNVGxBbUJyamgxQU00bXZoNlBHeWtjbHNfVnRaNWhxWm1ZRjRQV05aSUZ2VTlnV1I0ZFJ6YU1INF9CMEFjWndWYnNOZkZGQUxZUTRLMGRyUVNWUVpjaVd1UVhITEFld2t2UThtSFdFV1JTVmRTTkpoakFsUU1kWEpHWS1ENTRjTDZ5ZDNnRU05NkRkMFlmcUgxcV9pTndVd3lpYlMwTEx6eElGWVlsaTdPd19kbmp1N2UydUphcDhzM0JPX2pPNGRPbw?hl=en-US&gl=US&ceid=US%3Aen,The Times of Israel,10 hours ago,🇹🇷 Turkey Drones,https://news.google.com/api/attachments/CC8iMkNnNVlTelZ4VVhaT1pVdHJTSFU0VFJDMkF4aTlCU2dLTWdzQk1ZNk9GU3JCYm1rTm1n=-w200-h112-p-df-rw,2025-10-26T18:38:26.247210
PKK Withdraws Forces from Turkey in Historic Disarmament Move,https://news.google.com/read/CBMimgFBVV95cUxOSnU2YTRTaGRoQ09JdnN1X2tvaVU3R0pWT1IzN0lHakdLajZJR2twWVE2YWVLQWR3VEFjbVdrS0ljcVprT3NHbkVEQURYUlRxamRPOGRqbVpnVDAwSkdPbEd0VGQ4T05YVm0tZ0x6LVhMRWo4OVJOai1aQl9VZ0VYRzFWWFhycmwyeTN6dkJyWl9WZnNBaXVfVHJB0gGaAUFVX3lxTE5KdTZhNFNoZGhDT0l2c3Vfa29pVTdHSlZPUjM3SUdqR0tqNklHa3BZUTZhZUtBZHdUQWNtV2tLSWNxWmtPc0duRURBRFhSVHFqZE84ZGptWmdUMDBKR09sR3RUZDhPTlhWbS1nTHotWExFajg5Uk5qLVpCX1VnRVhHMVZYWHJybDJ5M3p2QnJaX1Zmc0FpdV9UckE?hl=en-US&gl=US&ceid=US%3Aen,Букви,3 hours ago,🇹🇷 Turkey Drones,https://news.google.com/api/attachments/CC8iL0NnNU1hemg0UkdoaE5EaGxlalZHVFJEb0FoajJCQ2dLTWdrQklJNGhKLWdLeGdJ=-w200-h112-p-df-rw,2025-10-26T18:38:26.247212
"🚨🇹🇷 AFTER 40 YEARS OF BLOODSHED, KURDISH FIGHTERS PKK LEAVE TURKEY In a move that could redraw Turkey’s modern history, the Kurdistan Workers’ Party (PKK) has announced it’s pulling all its fighters out of Turkey and relocating to northern Ir",https://news.google.com/read/CBMiYkFVX3lxTE5ZRmEwb08tWWZ5WTg4WnQweW1JMDdKel94Tjk5c1JQMENjTldzUXBpOHd2cFlSd3ROdkhwelpDY3lhMVZNcGdNMVhiWXA1R3JPaDEzSmMycXJnX1BWa2xibTJB?hl=en-US&gl=US&ceid=US%3Aen,X,7 hours ago,🇹🇷 Turkey Drones,https://news.google.com/api/attachments/CC8iI0NnNWZRVnBLVDBWcVJVTnVTREpwVFJDZkF4ampCU2dLTWdB=-w200-h112-p-df-rw,2025-10-26T18:38:26.247213
Kosovo's parliament fails to elect government in months-long crisis,https://news.google.com/read/CBMizgFBVV95cUxNOEtLaXlWV3g2Mml0S0FvWU1PWm1iN2ZmS1lBbDAwRVNJdzJ2bFhwSng2VVF1d3didXBsSk4tdTU5OGZQVjJhWk5YUWFxcjNTZ2xSSVVXeU9wTGtsbDhfc012bERyTUtQenV4TElNMkJwb1ZrdGZmelJxemUxOFR0eDE0ektONGY4T25sNlpUeFh5UkhMdGp2RUdIQUw4SEtTVmhuZVVCSFdJSExRYS1VQVVLa2NrQVN5X3VwSk4xMkxfVi1HT2dKamZSSzE5Zw?hl=en-US&gl=US&ceid=US%3Aen,TRT World,5 hours ago,🇹🇷 Turkey Drones,https://news.google.com/api/attachments/CC8iK0NnNXJSRWRyU1VoMldtZHFYMDA1VFJDM0FSaVRBaWdCTWdZMUpKcHhsUW8=-w200-h112-p-df-rw,2025-10-26T18:38:26.247215
Türkiye’s FNSS develops PARS ALPHA 8×8 combat vehicle to counter new battlefield threats,https://news.google.com/read/CBMilgJBVV95cUxQa3F4cFpUcmRtMGw1NWlyWHVsTTJScE1lOGlKWjUweW0xZ2lReVh3a1l5R2cta25YR2ZEZk5KZ3QyMGZtM0F5SjlzSjhkX0tieEZna3poWHBqNHotQlM4cFhIZmRxajVCTkc4LVFKSl93RjJKa05FNG9uZGFEaVBGS1pBcFF6Y3hyUGFzblNsY3BpbUlvZHlUc3NoOVdkR2Zuc0tXRnpYVmhsdjRaUmZvWVFHWXBFSWVKTjIyOXFqc0Y3c2UyTWVxLWRla0tSLXU1OFVWY1NCSmh0MW8zYU8tSW82bkw3Qkt6bENzTXNFbUk5UXlJSTdndmY5M05Ja1ZQNkMzZmtwdmItQ3RfSlB6a1FCaHA2dw?hl=en-US&gl=US&ceid=US%3Aen,Army Recognition,2 hours ago,🇹🇷 Turkey Drones,https://news.google.com/api/attachments/CC8iL0NnNUthVVZmV1djNVRGODVjbTh3VFJDMEFSaVhBaWdCTWdtTlFvcExvV1ZNRlFF=-w200-h112-p-df-rw,2025-10-26T18:38:26.247216
Türkiye cannot be ignored in European security architecture: CHP leader Ozel,https://news.google.com/read/CBMiwwFBVV95cUxPdkduczBHeWNxSFJhODRvMzN6T3pHRS1Gay1VVmNUcXZLTVdaZ3F6b2JvU0xqWHRoamlidFpxTXlSX0UzdW9XMUhhR3plcTU4VlM1aENtTW5OX1NneHBYYnVLLTkwcjVZN2wzMmFacjVpUGxRZFhfNm14MjdCeHJZRlU2aUl1bjhWUGxzZUF3ZHZjeVZ5WGRkY0VNRE5HTGcyaEJYam5jQnRTQzM0X203TVl4TDFheFFwZV82b3U1NjZ3ams?hl=en-US&gl=US&ceid=US%3Aen,Türkiye Today,10 hours ago,🇹🇷 Turkey Drones,https://news.google.com/api/attachments/CC8iL0NnNDBhMVp1ZFhGdFJtSmpTa0YxVFJERUF4aW1CU2dLTWdrQkE0Q3ZSU0hZQXdN=-w200-h112-p-df-rw,2025-10-26T18:38:26.247218
Zipline ft Keller Cliffton – Reinventing Delivery with Instant Drone Transport,https://news.google.com/read/CBMiqwFBVV95cUxQblRNNnFYYWNXSkdQUFhtQzVVR1FFOXNUX3RiQnlzTU53dUJtYkpwTFB2YnhSVHZHWWx3em5wMHhJUDYtcjFMTENVOGltR0N6T1FreFJQelpJSjBrNFdDMUZCSjV3cEh1eW5lRVJWNGw1UEwyRFo1bklXMmVwd3F2OERoRWxFblVEdlFXZVpYOG5jcTcyWHp1NzhkM2ZpZ3lNWFA5VC1BOHVYTTQ?hl=en-US&gl=US&ceid=US%3Aen,Sequoia Capital,22 hours ago,🤖 Autonomous Drones,https://news.google.com/api/attachments/CC8iK0NnNTVOME5EU1Y5aFV6UkhkR1ZoVFJDZkF4ampCU2dLTWdZbFpwRHNyUVk=-w200-h112-p-df-rw,2025-10-26T18:38:26.247220
"Miami police unveil self-driving, drone-launching patrol car",https://news.google.com/read/CBMingFBVV95cUxQWnZzUExqZmZTZlJaeEQ4WlA0aTg5c05VZVlUUlRMNFBhMFU4cERPejV3N0VhQi1YM21DX0R1T0tNbWVYdVYxektPSElmcUpDcUNLMWlxOTFhX2NxdE1Id05VZXZHa0pyR2RrdmxUT2NsY05FemVMWXVIU3VrZk1mZkZSRDJ2Tjc0WG5zLVBEdlo3SWp2NmxyeFhKZ3RfUQ?hl=en-US&gl=US&ceid=US%3Aen,valleyvanguardonline.com,19 hours ago,🤖 Autonomous Drones,https://news.google.com/api/attachments/CC8iJ0NnNTJUbEZhT1VNemFHOVNSVzh3VFJDZ0F4amhCU2dLTWdNQlVRNA=-w200-h112-p-df-rw,2025-10-26T18:38:26.247222
Ukrainian Air Defense Destroys Russian AI-Powered Drone V2U,https://news.google.com/read/CBMilwFBVV95cUxORkVuU3E3MFVBVjhWZFplOVNiUkNJUjJYZXhCOXZhY1QtdEJWcnFEeHZPV0xGLTRzRWZaMS14a3d1bUZQTHQ3MXJ0U2R6X0V3R1FEZGJDWDhzdlFOdHI0WnVxZ2pubWgtRHYxNF9qaTJ0dHNWVkltZ0Q1cWlqNWxOSTl6QTdzYmtwS3lzVjRxaWhTdTZQNDc40gGXAUFVX3lxTE5GRW5TcTcwVUFWOFZkWmU5U2JSQ0lSMlhleEI5dmFjVC10QlZycUR4dk9XTEYtNHNFZloxLXhrd3VtRlBMdDcxcnRTZHpfRXdHUURkYkNYOHN2UU50cjRadXFnam5taC1EdjE0X2ppMnR0c1ZWSW1nRDVxaWo1bE5JOXpBN3Nia3BLeXNWNHFpaFN1NlA0Nzg?hl=en-US&gl=US&ceid=US%3Aen,Букви,13 hours ago,🤖 Autonomous Drones,https://news.google.com/api/attachments/CC8iK0NnNHhTM3BhTXpBeVJuZG9lVVEyVFJEb0FoajJCQ2dLTWdhQkE1cXNuUWc=-w200-h112-p-df-rw,2025-10-26T18:38:26.247223
Ukraine’s forces shoot down Russia’s new AI-powered drone in Donetsk region,https://news.google.com/read/CBMivwFBVV95cUxPRFd6aVVuZEVnLWNCS0otM1RlSi01MjNXLTM1TUtNNXVHZzk4VTROYjg5ejl5TzY4aTVaOENXNkVqTC1lRlkybVdMSHJnWHRsd0FUakYyUkM0U2hfR3owRzlLRmRVd0xRNUxLakRMMkRSSGVWOWN4aGNlTHZsSnZwaTVNUHgxaTV3VW1YbWo3Z2FXRFBfLTZPTjl0SF95REpTeVhubGh3aWZyekxfT0dYRUxWNE1EbXNuUEN5VU1BQdIBxAFBVV95cUxORk9rdkxNVHdIb2xDZVZNM29DenpXMnB4OF9jWTNJYVY0QkN5WDFpcWJNcEZBWXJ1VkZOZEY3dmJ0Q3BxUXhaTi1jUmxiZjRtS1czQ2M3T0dKSkZKSmh3aEpudHlGdVk2b0ZWUmtKcWdaZU9BSm9ZZVc1LVJrQ2xpeFp1MkdHNjFZbzAya1BnQ1hkQm1BMkFHb0pURnNfRVctZ0Z4Vlk4c0FhSDdDdmZ4OGRhenVIVGNSQ0xnMUpfSmNFbEtQ?hl=en-US&gl=US&ceid=US%3Aen,Ukrinform,13 hours ago,🤖 Autonomous Drones,https://news.google.com/api/attachments/CC8iK0NnNTNhVUU0YjNrMlgybDJVbUo1VFJEb0FoajJCQ2dLTWdhQkE1cXNuUWc=-w200-h112-p-df-rw,2025-10-26T18:38:26.247225
Trump’s Son Is Poised to Profit From Pentagon Drone Proposal,https://news.google.com/read/CBMifkFVX3lxTE4xcHc3WGRtYTJFUjE0SjB5Z1h3c1lBZ25OMlJ3cTQwcDZEc0lBbXROUlVtN1VvRmVxdmZYZTc1c3pKa0l4V1pkdGgzclprdV9peG84S2swMmNORkN0aUtvQm5aU2h1NWhEMWQ2X2piYUZDQzFQTy15MzdUcHhzUQ?hl=en-US&gl=US&ceid=US%3Aen,The New York Times,22 hours ago,🤖 Autonomous Drones,https://news.google.com/api/attachments/CC8iK0NnNW5TbGQyZVhaSWQwcEpNemRKVFJEX0JCamdBeWdLTWdhWklwNHFHZ28=-w200-h112-p-df-rw,2025-10-26T18:38:26.247227
"Inside India’s ₹79,000 Crore Military Modernization Push",https://news.google.com/read/CBMipAFBVV95cUxPMktCUUxBZXdjb3dZNFFGX3hST3MyYkt3TEJ6RnpkeGI5QXlaNk1COHc2SU5kRXEzUFc1c1hXTElxRE1sUFI5ZS1JWWFjdi16dEdHZjNhNktTWEJYY2dvTFBiMXZ4OHRVNDQtcVI2ZGk4Um9mS2pBWEhJSzlLbEdYYlk5NkpqQjM0TFV5a1R6RGhxVHFzMm56ak9mRXQ5UVk0YnNrMQ?hl=en-US&gl=US&ceid=US%3Aen,India Narrative,18 hours ago,🤖 Autonomous Drones,https://news.google.com/api/attachments/CC8iK0NnNTRVM2w0VTNrNVNHbGFhbFIxVFJDY0F4anBCU2dLTWdZQmdJckZ1QVk=-w200-h112-p-df-rw,2025-10-26T18:38:26.247229
Ukrainian Air Defense Shoots Down 90 of 101 Russian Drones in October 26 Attack,https://news.google.com/read/CBMisgFBVV95cUxPUUxSdFkxQXlFMER2V3pjOHRBTVV6OV9zcGVJY3JoVEZlVnhjQTFhQWlQQWZBakstUElKQTI2OE8wZWtNb1RPTUEwVko1cGZGSC1wRFlocG9xaTZUakhrY0RfeEhaVEFsZE9VREdJLUx4bHFIR0QxN1RDMng2YzBrSVl2UG5hdGdIYlk0RXJkMWVaRTM5dG9jR1lYcVF4dFdwYkJQM3lOTmdSTE1lN0Z6amN30gGyAUFVX3lxTE9RTFJ0WTFBeUUwRHZXemM4dEFNVXo5X3NwZUljcmhURmVWeGNBMWFBaVBBZkFqSy1QSUpBMjY4TzBla01vVE9NQTBWSjVwZkZILXBEWWhwb3FpNlRqSGtjRF94SFpUQWxkT1VER0ktTHhscUhHRDE3VEMyeDZjMGtJWXZQbmF0Z0hiWTRFcmQxZVpFMzl0b2NHWVhxUXh0V3BiQlAzeU5OZ1JMTWU3RnpqY3c?hl=en-US&gl=US&ceid=US%3Aen,Букви,10 hours ago,🤖 Autonomous Drones,https://news.google.com/api/attachments/CC8iJ0NnNWlRa1JFTUMxaGVsWm5TV1ZqVFJDZkF4amlCU2dLTWdNQkp3WQ=-w200-h112-p-df-rw,2025-10-26T18:38:26.247231
Carnegie Mellon’s AI Drones Can Build Mid-Air Structures With 90 Percent Success Rate,https://news.google.com/read/CBMirgFBVV95cUxPeXI1TW53Q3FJTS00NzJJdmNaYkJDOGdUM21VWFB3aWFXSzRONHBZc29HLVFrdEJPQTZIcXQ5TTlyUk9jdnYtWjNBdm1qQjdNcTVuZ3VGMzlRSndHQ1ZDaXB4bVlfR2F0dlRXNk5Dc0d3b2I2c2ZZMVFERlJjN1lVbmtZc0pvN0psekNBV0xQRlpoRzE0Y1RSR191TVVkQ1dxZzU2UmdhSFgxRS1FN3fSAbMBQVVfeXFMT3NEcTFVSEVDVUZGN1BfZkJMSldIcW4tRTl5ajNlTUU3M1J6SnhBaXlrWmtEbUllejRiVUdmZmJSRFdSa2pWd1RINlExV0ZBcXVRTzZmSHRtTjBkaTNLR09pLXNBS1V0TVZRbGR5Q3NVTy1Tel82blU1QW8wNzBGazJVc0ZqbVhCWXV5U0w4T1V3Z3VCUEUwRzBlMDltUXZ4NV9wU2g5UVlVU09oZW9ScGxPUm8?hl=en-US&gl=US&ceid=US%3Aen,Gadgets 360,10 hours ago,🤖 AI Drones,https://news.google.com/api/attachments/CC8iK0NnNDFVbGszYmxRNU9HSmxSMDVHVFJDZkF4ampCU2dLTWdhQmdvcE12UVU=-w200-h112-p-df-rw,2025-10-26T18:38:26.247232
ThinkEquity Boosts Mobilicom (MOB) PT to $12 on Cybersecurity Drone Platform,https://news.google.com/read/CBMijAFBVV95cUxNTkotMkhhV3pfYjRIWkRTb2h5WXRXcVhPQlFadVFBbHhfV3VURFdNcUg4bFhrSlhwcnQwUExZMWU4eHJvMVh5Yml0RkViNGh1and5ZlRqM1ZYcnBuV2FkZ1FZVThrZmNDWHh6Y3k1QWhTOTJoZFVGZm9tZlhyQ0ZBaTlORVlySGFoQkNNbg?hl=en-US&gl=US&ceid=US%3Aen,Yahoo,8 hours ago,🤖 AI Drones,https://news.google.com/api/attachments/CC8iI0NnNTVNRXBCVnpFeGVuTXlPV3RDVFJEbkFoaUFCU2dLTWdB=-w200-h112-p-df-rw,2025-10-26T18:38:26.247234
CEE Startup & Tech Weekly: A Startup Taking Drone Tech from Film to Defense,https://news.google.com/read/CBMicEFVX3lxTE0zNVZ4R3VZRU9wQ1oxcFQ3bUM5aUlXbm8tVkRwaU1SMGpSbHZmdzVIRktrcXc3eTZsNHV3UFh5aUxvR3B2RWxqWmF0U3M0am92dWNwT0dfblo1QldhN1lBWV9sNmVXMElvazVacTQtcEc?hl=en-US&gl=US&ceid=US%3Aen,The Recursive,9 hours ago,🤖 AI Drones,https://news.google.com/api/attachments/CC8iL0NnNVlhRVE0TTJGZlJTMXBaakpNVFJDUUF4ai1CU2dLTWdrZFE0aE1vYWR6c1FF=-w200-h112-p-df-rw,2025-10-26T18:38:26.247238
"Moth-Like Flapper Drone Flies Like an Insect, Can Navigate Autonomously Without AI",https://news.google.com/read/CBMiaEFVX3lxTE5WZ2hSbTdWcTRYcF9OOFR3cUlNZm1ramRqRzFhTjBaUGhEOTJqaFludmxvdGpNbDVSbHV0aU5mUm1BaUpaOUdNMDNPaVR6T2t2cTRvaEl1QkpzWUYxb3kwQlhCSXEwRXlC?hl=en-US&gl=US&ceid=US%3Aen,TechEBlog -,22 hours ago,🤖 AI Drones,https://news.google.com/api/attachments/CC8iK0NnNDRTVzVWVEdkTU1tVjBNV1JxVFJERUF4aW1CU2dLTWdZeEpZNnZGUW8=-w200-h112-p-df-rw,2025-10-26T18:38:26.247240
Honeycrisp Apple Tree Innovations: Top 5 Orchard Trends 2026,https://news.google.com/read/CBMijgFBVV95cUxPcHhMajhxZDctbTJNb1REUG1KRFhBYUZjSFZFVVlVWDc2UUFBMExOQzdSal9nV2dJRC1SWnRfQURuREVNelo3WDlkS2pLQnNHeXJfTlRCWkVIWGZteHVtMzUzb25va0NOQTUxZ0xXTnlxT1U3LWEzY0M2MVlfWEo0X3h0THZKdWZsU1hKNEN3?hl=en-US&gl=US&ceid=US%3Aen,Farmonaut,12 hours ago,🤖 AI Drones,"https://encrypted-tbn0.gstatic.com/faviconV2?url=https://farmonaut.com&client=NEWS_360&size=96&type=FAVICON&fallback_opts=TYPE,SIZE,URL",2025-10-26T18:38:26.247242
US company unveils X-Bat Fighter stealth drone that can strike targets 2300 miles away,https://news.google.com/read/CBMimwFBVV95cUxNYUJTZXZ2NTE4M2VUQ19HYmhXa05ET2lKbGp5WnBiSF9INkxtU0lWQ19SRjF5bUhlZEQ5TXF2TlpFR0kyRVdjMzVYdUZ4VHBPRnA0QUdDSjkydjRfTUw0eUt4dnpyRnVxS2FHOGNfanYtNGlmN0szNDF6NkFhVFh1dmxDZUlzcHZGU3ZZX3ZtV2RjYS1WeHBVYmpOWdIBoAFBVV95cUxPaTB3TlZraGJ5bWZQQ1dRREUtN1hpZ3JGbWNqTWtlbDNrWGRKNXA2NDVXaDctYldJSTJMNkFiYjR4RS1RUFItOC1BUnZoYkFiNzluUDVjbVJyU3BuNzAtYUlXYnp1R3p0YjU0N1RsNFN0T21McW5ZUlJRLWlWS2xLWXpIWFZzVDVLV2NPd0tEQmJEV1p4b1NidG9rdDlxVXRY?hl=en-US&gl=US&ceid=US%3Aen,Daily Record,6 hours ago,🤖 AI Drones,https://news.google.com/api/attachments/CC8iL0NnNHpkR1pCYkRCbFUxWm1RVTVKVFJEZ0F4aUFCU2dLTWdrWm9JalR1Q1JyVWdF=-w200-h112-p-df-rw,2025-10-26T18:38:26.247243
SAF deploys largest coordinated drone swarm at this year's Exercise Wallaby,https://news.google.com/read/CBMisgFBVV95cUxNSW5kRkRHRV9vdWRkalYzQ0NRakhXdXd5ZWdQSDFIRXAwOHA1UFdPd2tLSjU1ZUphWmJER1lVUkdGU2NzSV9vUElGYTZBR0RPdUh5ekl6RUpabk56cWZ4X3Rkc2d4MFN2TTFDb2lXUEY0TTRKV0lMLVBFeGpBRXFWa3NfNTRldS1LX3ljWl8xUjFNbVpBRUlab21FQmZKNlFNanU1TDAzbjFFdE9ZR0lNYTJR?hl=en-US&gl=US&ceid=US%3Aen,CNA,3 hours ago,🐝 Drone Swarms,https://news.google.com/api/attachments/CC8iK0NnNU5VMUE1T1Vrd1IwWjRhRmg1VFJEb0FoaUFCU2dLTWdZeE5JeVFHUWs=-w200-h112-p-df-rw,2025-10-26T18:38:26.247245
Russia-Ukraine war: Iskander-M strikes and swarm drones hit Ukraine's heartland,https://news.google.com/read/CBMiwAFBVV95cUxQZF9XN2gydkFGYU5RN25HbkxPQ0J5dDRnMW1GOHhjUkxBZ2h6STk4dnNTalVaek43ZWxRYVdzS0pwS0FRbFkxcjYyNWdKakprSzRMRk1vZ240aXNCSVlmQUxwMEhKa1hWa2ZjQ2pzRG1NWGxkelNxRThjODZCaEozREEyZU9mMVZvX0NVN1BqUktuNXlTUkhWdTV6aTBucVA3c0czMkNqbXRlSk81YmpyTDVmQWpCeEx4YWZWRGFYRFHSAcYBQVVfeXFMT1J2RmtRT1EyamRoNEROdjVZMk1KLUYzR0lIa1JURVUzT3NTcHUya3pVdUxtNnFrajN2TE9vRVhNRHdjS1ZFNmdrbTl3OXFfaktWT1NoWjB1MUxDa3lldWxGbnNnYUlSbU1abk1TalNCRHlnMEdqRnZCbGV6QjZnWHIwRnRRMjh0Q2hpWnJpaTZjT3lxX2N1RXlHTUY0Wi1kWmdfRndhcElPX0x5cjhZWlBjcjhHRWpLZllvNl9LOHNMeXAyN253?hl=en-US&gl=US&ceid=US%3Aen,WION,11 hours ago,🐝 Drone Swarms,https://news.google.com/api/attachments/CC8iK0NnNXFPVEZHT1VSeVptcDNlQzB0VFJDUUF4aThCU2dLTWdZdEpZVE9GUW8=-w200-h112-p-df-rw,2025-10-26T18:38:26.247246
Everything we know so far about speculations on ‘Supacell’ season 2,https://news.google.com/read/CBMitgFBVV95cUxQR0ZkN1FVZWJHRjI5dVhxQ292OWdhUmpTaGtIeHhUS09abmkwUWp1NnhEYk93VGttcHZrMjlqRlh0cUlCMld1TmdYSVRUb2IxY0NMM2t6UDFJWFlFdVEtM1dET3hzTm1hQXRZX0JnWlRzQ01UMFk3dHVpdjRQUEtfdnBCbnhueXdISVJWSllmM2RjU0J3OGUydndTUHkxaUloYUc5M1NaOEVkRTZsQzhNRDBkUElUQQ?hl=en-US&gl=US&ceid=US%3Aen,Business Upturn,5 hours ago,🐝 Drone Swarms,https://news.google.com/api/attachments/CC8iK0NnNDFVbEE0TFdzd2VraGZRa3RMVFJDZkF4ampCU2dLTWdZcFpJck9xUVU=-w200-h112-p-df-rw,2025-10-26T18:38:26.247248
Over 500 Drones to Hover Over Dallas in Touring Show,https://news.google.com/read/CBMirAFBVV95cUxPVENjdnkzYno3dmQxNFZKdmFMaDRiYzRKa0FXWnBGbHNGYXprWDJMTjIybnJnR2lEQ3FySE9sZTh3M21Xdi1sQ01IYVdyeWducUZBQnExTXdyT24xQm1uTlNPUnJjV1FOaUdTRkNRX2UyOFN6Qlg4RzRCYXk3VmE3Tlk0cWI0TWhwaFJvbUpxX1ZrVWl1dV85MmgxN1hfNFB5aWl4TG5oU1ZvWWlx?hl=en-US&gl=US&ceid=US%3Aen,Dallas Express,4 hours ago,🔬 Drone Technology,https://news.google.com/api/attachments/CC8iK0NnNU5VbWQyTlZVMmVpMW1hVzkwVFJDdEF4akxCU2dLTWdhQk00cU5vUVE=-w200-h112-p-df-rw,2025-10-26T18:38:26.247250
Are Stratospheric UAVs A Missing Link In Earth Imaging Technologies?,https://news.google.com/read/CBMipwFBVV95cUxOa2tIZEtJYkR4aEExQks2Z2hkY1RmM1JLVnVfRnNsM1lzX0p0UGs1ZkpsaE9XMEdaVFJsQlY3QV94UW5UeWVtVzdGMGtMVGQ4dldFTEtSUlVIZ3lYTUotZzZBVGdpZUxKYWZSV3RvSzhwTi1wbm42NW1XYWUzNjVDc29KcC02TlBGazVHcnZEcVlZcC01SG5WRWpILU9ETEJpNzdFbHlsZw?hl=en-US&gl=US&ceid=US%3Aen,Orbital Today,2 hours ago,🔬 Drone Technology,https://news.google.com/api/attachments/CC8iK0NnNWxXa3BZTkhOSGQxWkJkVFo1VFJDWUFoaW9BeWdLTWdZQndZcFN3UVU=-w200-h112-p-df-rw,2025-10-26T18:38:26.247251
Eyes in the sky: RCMP tests cutting-edge drones to strengthen Manitoba’s border security,https://news.google.com/read/CBMiwAFBVV95cUxPRWx3ejR1cUxrcXB2Q0xoamtFTTZodk1hRURIaTVnQWg3NXhlcEg2OXNnN0Rpb2JlUGpjQTJSNEkzMDNzMWZDYWh1LTRFRHNhR3NuNDEwVEZURi0tZnpZbDZ5dWlaaTE1a1ZZdXZlWWcydVM4U21FNXBCQkp5YzJlYTZxOVpib3hDUllpa0dtaTFDeTQ4Q2FvVVhGTVhwcFNRcWllZXpSX3ZTaXZ0bkNKT1Nuc0ZXSGpKTGtnbjNYbjM?hl=en-US&gl=US&ceid=US%3Aen,SteinbachOnline,8 hours ago,🔬 Drone Technology,https://news.google.com/api/attachments/CC8iJ0NnNXlTblJ2VkVSdVpUSmhZMnh5VFJEZ0F4al9CQ2dLTWdPUlNDQQ=-w200-h112-p-df-rw,2025-10-26T18:38:26.247253
"Sanction untrained drone pilots, ARCO Aviation urges NCAA",https://news.google.com/read/CBMimAFBVV95cUxOeWRUVVIyWVhXOU1CczJkRGFXMEx6WTZ4aVVLUG9vZU1oV2RLdndNY2x2aFZqZ3p2YV9YXzZNY0loY2hKb3ZrVW5lWXhWdUE2SmtMRmxpR0xBcU84aUxRM3BmRXdGNUNTRUZVbllpNUxtSVFOSDFnekc3ZnhVblFHbU5TME9Ka3RFZVRvdTBoZ19SRWdZN1hSTtIBngFBVV95cUxNc2E5YV9FSEpxdlIwTXROLTlIcmNBZmhweThlSFdBM29nMUpPc19ZNEVnRGRHSS1LbFNtSWlxWjNsc3hwOVlUSWFyTEliaFlhZjhvNTFldEdGc2ZVRWxCVzkzYlQtbnd5U0JhdDhiQUpjTWt6SGRQM2tLZ1ExNkFQM1ppUFE0UG1iZGlpVWhidW9FSm5ubmFoOUZDSXhZQQ?hl=en-US&gl=US&ceid=US%3Aen,Vanguard News,5 hours ago,🔬 Drone Technology,https://news.google.com/api/attachments/CC8iL0NnNXVlR3RzVWpSRlMwZG9ZMmRSVFJEdkFoaTBCU2dLTWdtTmNaTFNPQ2VxNmdF=-w200-h112-p-df-rw,2025-10-26T18:38:26.247254
Can you shoot down a drone hovering over your property in Vermont? What the law says,https://news.google.com/read/CBMi0wFBVV95cUxQcjNNencxcHBpRWRuRV9WQU9UaFJqenJBV1N2dFRGUTF0bzkzSnIwUFRZQzEta0lnbTB0SEVoeWVUanQ3M0xkOHNBcHZiWnJOMXgyU0FCWTRTa3hyREVMNWlqQ3RVSWNfR0REUE43NEVvak9lcEJQb3FNdXVEdzFGeVpfRzhyVFdjVjNBUWVQbmlrUU5HN2YtWnZ0RXZ4a3lIQk5OazFPQ0V4aXBYaVAwWExJQXF1XzJTbjBNV3dTcy01NWtSTWg5YVhER2xPWXFLenZv?hl=en-US&gl=US&ceid=US%3Aen,Burlington Free Press,29 minutes ago,🛩️ Unmanned Aircraft,https://news.google.com/api/attachments/CC8iK0NnNVRWV3RQWW01Wk5ITlFjVUUxVFJEekFoaVVCU2dLTWdZWkZZN01GUWM=-w200-h112-p-df-rw,2025-10-26T18:38:26.247256
America’s UAS Proving Ground Hosts Annual Summit at Alerus Center,https://news.google.com/read/CBMinwFBVV95cUxQSmRqX1QtNmNkbmJrLWJHRC1RY0hDa0k3cER5akJQVkFJVThKd3BBbFFCOVBSby1jLWZJNVhaMERONkFvQWRWbjRQeGhOR0VOQjQ1dkJrTE9Nb2h2bUVsdXV0MldXc2ZhVXJPel9jaUo1eWd6aUZmMjJiVE5GSnFCSkl6UXZ1MUZvYVFod0RyaTFOQk5JZWhjWXFHaW5rNTQ?hl=en-US&gl=US&ceid=US%3Aen,knoxradio.com,5 hours ago,🛩️ Unmanned Aircraft,https://news.google.com/api/attachments/CC8iK0NnNU5jMFpJWkhGQ2RISkVRalEyVFJDM0FSaVRBaWdCTWdZaEJZaXJIUWs=-w200-h112-p-df-rw,2025-10-26T18:38:26.247258
"Russian air defense systems destroy two drones heading towards Moscow, mayor says",https://news.google.com/read/CBMizAFBVV95cUxNLWJVYy1LNWk4Nm1EQTBtUG4tWFpXQURaV2ZTSFFNQWR0VWowWmlpcGwyQXllNU5HMzE3QXl2TnNwaFNlY0lEMGJpS2NGa1lNaDhuS3ZMTFo1QzM3TE12YjJHdUhnMXlLR3JzaTAxem9CMjFSa0hXMFNJbFd3a0pfejUxaThxbzFncmhZanQ2NWZFblkzLWJnTnRSZG1KbjZ4M3N3SGFEY1B2bGNNTHd0Y3poQUpwRktldl85ejEtaUNWYmE4ckswR3BoeHHSAdIBQVVfeXFMTkUzYnRCZFItTmNkUHZQdl9DNmh0MWpWdTRsOHBEam5CWkJNMWdjSUloTlVQX0toM01YYU5tY1ZwOFlmZDJWeGJ5emY3R2lqaFB3YjdoaUZJWm9OR3FPdmpUSklBajk5XzNKVmRaS2Rybm5LQWxiM1NWTHljVFU5OVFvcWNuRUdUa2hGaXdPMXktckVRT3N3eS1EREFVbnBIaXRVdURjX3hac3BGcUVhajEtVWFYQURqN2JjZ3N5bGZmR2NseHZ5TXdQNUhvdS1oYzFn?hl=en-US&gl=US&ceid=US%3Aen,Al Arabiya English,3 hours ago,🛡️ Counter-Drone,https://news.google.com/api/attachments/CC8iK0NnNUtZa2RUWTA1YVpFUXlUblpmVFJDZkF4ampCU2dLTWdhWk1vcEptZ1U=-w200-h112-p-df-rw,2025-10-26T18:38:26.247260
"India’s army to boost deterrence along borders with new commando, drone units",https://news.google.com/read/CBMixgFBVV95cUxQTk8wZzkzZ3BjSDBlSVV5a3dxVGk4VlBPMjAtcGdWVDV4WHRuZ1pXbDMzMmFuajhfb3M4cG9USzlVNTdaenpoT3RPelpnZllQcVBjZno1eWVWYk9kSVVsSkVzbE5DSEMxZzFjTE1sdmI0M05WSFFLQy1JakEwb0ZvOVJjXzVpUENMRl94eFZ6OTEtN0VkOWRjWVotRHVuYW84Y085MGNqMEMyRlBqWVdHN05vVE5aZFp2OVN6d1A0ODRpekRLbXfSAcYBQVVfeXFMT3hoWWUxelNoeFZSMDNyaVZnbjJsTjVFVmFjaVU0NkdOZDJLbng1ZlFjeF9NcC1aTjh4dGh6Rm5GRUdZRkcxVFNlQUs5NGYyckpRVTlKT2U1aGg3ZERzaVJDRDFUcW5vYjBSUHlNQWV3anlJWjdwUmRIT21QWGhwSkM5eUtpQldoLWZnRDFVbU5TM0h6Q25jSGVhTWdPcUp1SnBWODFiajRJTUNzRGRScmhCOEZDVmUyYVZzbzFjNkNwYnkxV3hR?hl=en-US&gl=US&ceid=US%3Aen,South China Morning Post,11 hours ago,🛡️ Counter-Drone,https://news.google.com/api/attachments/CC8iK0NnNVBOMGs0Tms5eVYySlhiVUkxVFJDUUF4aThCU2dLTWdhWlZaQXFJZ2c=-w200-h112-p-df-rw,2025-10-26T18:38:26.247262
Zen Technologies Reports Resilient Q2 FY26 Results Amid Procedural Delays,https://news.google.com/read/CBMiwwFBVV95cUxNYlBJSC1qaElfTlBSZTlJdXhvbWgwRktkNFZrQ3B3Q29uVmtoTk1RRmN1T0w1UnVDcmdXSGxfdVhPSXE5ZEVCVDNjN1B3LWh4azBRWmVQZ05zY1l0SXRSeV8wdDhtcEpEOGFTNWFXeEtnbHYyeUlsV0RvUU82M1hWc2wtRnRzelE2YlVPUlhGeThEWHRiRi1fYURuWk14SGRvZmczcEIwZmprRmdKS1RJRFpmWUFxZjN6d3NHSG9ZTTZYVFE?hl=en-US&gl=US&ceid=US%3Aen,TipRanks,7 hours ago,🛡️ Counter-Drone,https://news.google.com/api/attachments/CC8iK0NnNDJOWE01VlVoWWFEZDJRazB5VFJDV0F4anVCU2dLTWdhSmtZWnR4UVE=-w200-h112-p-df-rw,2025-10-26T18:38:26.247263
SSU Drone Strikes S-300/400 Launcher,https://news.google.com/read/CBMid0FVX3lxTE4wUTdyR0dDSEhsVmEtay0xMFNiTHQ1NVVHaElIR1ZjdDdyS0U0Z1pkdDQ0bjQ0M1ZxSmVkdmhTZjNKd3JxSVpyeTkzVGIwVjJ4eDZtbF9qcFI1d0ZQUmJlSHo1NjVzTmhTUDc3THpGMnBNZjZ2YlRr?hl=en-US&gl=US&ceid=US%3Aen,Мілітарний,10 hours ago,🛡️ Counter-Drone,https://news.google.com/api/attachments/CC8iL0NnNTVURjl1TkRnMVprODRWR0o0VFJERUF4aW1CU2dLTWdtQnRJWkZ5aVBCendF=-w200-h112-p-df-rw,2025-10-26T18:38:26.247265
"Marine Corps’ latest plan for war in the Pacific emphasizes logistics, firepower",https://news.google.com/read/CBMic0FVX3lxTE1EU09DbVpYLUtBOFZjNjdfYUpwdjA0RFMySnNIUnE5YjR5c0JPa2d6My03NHJXZC1EUUJ3SGhyNmtRN19FSkdabjVqcmhUTkhNQXZzMXYxMU9NcEJRbXlYaUtNT2l4cnBCYUg4NzhaSXBjUE0?hl=en-US&gl=US&ceid=US%3Aen,Task & Purpose,21 hours ago,🛡️ Counter-Drone,https://news.google.com/api/attachments/CC8iK0NnNU9jMVYxZDNrNGVITkZlVWRsVFJDZkF4amlCU2dLTWdhUmc0enBzUVU=-w200-h112-p-df-rw,2025-10-26T18:38:26.247267
"Putin fears coup as Russia sinks into debt, drone strikes rise, and sanctions bite",https://news.google.com/read/CBMizwFBVV95cUxNWTF1NmJhVi1MNW5SdElZWm1YZ2dhOFFFd1haLXg1UUJuR0hFMkcwMGpaMmYtLTE4QVNWY2JGUUlBYXB3emtWMUVTZlJsS0ZUTlV3UEJSb1d2T1JSS1d3enZzV0ZGMHl6NkRSMDVPck1lZzFIQjZEci1VSmdvNHVkRU0tTVBSbV8zU1Q0Nm5NNWZWbklDbmdqSnVYTjdFMjBGTnZydmphTzBOb1FjX29oalNFckJuOE9STC1HWG9JdktrQkVQREVQWG03Sm9FbGvSAcsBQVVfeXFMT0ZfLXgzS01GOVpKM0h6THQ0OWxZaTVuMFlBdWhFTk42M1VGRWxCYVdienNRWVhOcHNQT01XTGJOQXc1c2haMDVLeV81NjV6THJIV3hNYjA4WTA0ZktYcFdSdHJqZEdDTFF0RmFqcUxxZTFEWHpPZm9pUUtvX0s4WmpvSDZWWENKcV9jUlBNOWNqVm5HUkpXYldaN3UxTHBpejR4VEExVFdxZHNLdGs1ZFJPYmcydm1RTEkyM0dCaXJ1T0VwcWhuTm1YcDg?hl=en-US&gl=US&ceid=US%3Aen,The New Voice of Ukraine,12 hours ago,🛡️ Counter-Drone,https://news.google.com/api/attachments/CC8iK0NnNVpVamRpWVZGWU5GRXpXRGt0VFJDSEF4aVBCaWdLTWdZQkVKcU9IUWs=-w200-h112-p-df-rw,2025-10-26T18:38:26.247269
From Film Casting To Billion-Dollar Defense: Ukraine’s Fire Point Faces Corruption Probe As Drone Industry Matures,https://news.google.com/read/CBMijAFBVV95cUxPNEh4d2p6anpGdUtYd3FlNjlJems0WVVhYXozUmY0VFRmbmZuMkp2dHh3RXJ3UjFBR3FfMF9IWFdRQ2tNSmJqR2lyVFE1S2tzMldydVA5RGV4Ym54NjUxbUtTNmpBT3Y2X2NoZkZQVEVzRUFmQ0RWbmtJOXUzelZDOWJqMnktNFNxZS04ZA?hl=en-US&gl=US&ceid=US%3Aen,DroneXL.co,3 hours ago,🛡️ Drone Defense,https://news.google.com/api/attachments/CC8iJ0NnNHlXV0UzVTJwWlIzazRObVZDVFJDZEF4am5CU2dLTWdNTllBdw=-w200-h112-p-df-rw,2025-10-26T18:38:26.247270
"Despite Air Defenses Thwarting 90 of 101 Russian Drones, 34 Casualties Reported in Kyiv",https://news.google.com/read/CBMiS0FVX3lxTE5vbUFJZURJMFpteHpQbnZ3WDQxYm0wMHE2U1lJbHdobkdTWEhfRDFRZmF4OUlGQU9qUHdWOHlVSGNJX1drc2s0bWZTWQ?hl=en-US&gl=US&ceid=US%3Aen,Kyiv Post,6 hours ago,🛡️ Drone Defense,https://news.google.com/api/attachments/CC8iL0NnNTNYMFZLV0c5M2IwUllNVXN0VFJERUF4aW1CU2dLTWdrQllJeVVzQ2JvelFF=-w200-h112-p-df-rw,2025-10-26T18:38:26.247272
Maneuvering from Pantsir: Ukraine’s Defense Intelligence Drones Hit Three Russian Radars in Crimea,https://news.google.com/read/CBMiyAFBVV95cUxQQUxHQmVaN1plSW1WWkMyQzgwZ2tiY2JvS1dhQjZtSmROY2JkRnVnX3ZQSXBSdnFxMkppN1VaRElsMXdZRElkZDRIOXItVEg0M2N4RVpRQWVsUjVLbzZwbGNaaW10eGxIRUVXTWJzcFA5OGR2bmdoYXlfQnJmdDVrYjlwdkxKRHRXSExzZUJZNmt0NV9ydkdURHcxYnE4eV9kcEVUSW5hMDlrUDFLLU5BeTRHNVY3MkZLSlpzNW4xRDhFVnBkdy1WRA?hl=en-US&gl=US&ceid=US%3Aen,Мілітарний,59 minutes ago,🛡️ Drone Defense,https://news.google.com/api/attachments/CC8iI0NnNXZVRTV5YnpsWFdFSjVkMWsyVFJDWkF4anVCU2dLTWdB=-w200-h112-p-df-rw,2025-10-26T18:38:26.247274
Air Defense Forces destroy 90 enemy drones on night of October 26,https://news.google.com/read/CBMitgFBVV95cUxOMjVJRWlaUWY0RVFXaFdOMkE2VlV6Mkp3OV9rY3paN3lGU0QwaV9OOGwzYk5HVE1nMElCTU95RW1lclpIU2Z4SzA4RC0yOHRLQ29WclNJZkJCYURNbEpEZXpOOGZwTzFLenVIMFdfZGFERTl5RW00YlpQUVFOSEdIVGxkNk9JZmdxcWxrbVBWMHZYN2xiUWo4enhEa2NuQ1dRei1lZlZqa24xYWVkdzJ5OFZCRG93UdIBuwFBVV95cUxQcHNWRnUyRVhYSW53Wk9NOGZ0bjFtdjQ1LVVfRW8ybXd1UVd1NWREdW42Sy10N0dSenpocUljZFhYRjlFV3dyZi01Y1ZQQ1FzZDdic3lxWnlPcWF3MUJvdlJJZm5ySzNOQmxjRjdROE5jVUNndDdtR2lyeUJPMWpnclR1X2ZtcE1rNUFLNDhBUl93RTlwbGxJTXAyUzFwa3RIbzdkVElsczlqd3Z0VzhrZW5fN0xoSGNhM1JV?hl=en-US&gl=US&ceid=US%3Aen,Ukrinform,11 hours ago,🛡️ Drone Defense,https://news.google.com/api/attachments/CC8iK0NnNVVlV1l5TTFSdVVteFJUVlZMVFJEb0FoajJCQ2dLTWdhZE5Zb0pyZ1U=-w200-h112-p-df-rw,2025-10-26T18:38:26.247275
"ResilienX, Valgard Ventures partner to progress digital airspace operations in Europe",https://news.google.com/read/CBMizgFBVV95cUxPamJvMk1jZXEyQWp5YmpGQzVEaWsxZEhoVVJKSEozSDF3dmhqT3RTd1hrZHRvWmhMWDlObnNQRlV6UUdmODJnQnF2LUFWVVpKOXREWm0ySVZRZ1g0Mk9tUVpac2tWLXFhajFMTXB1bTc2T1J3cXRUT0tQMndsSS0wak5QUS1rNi1VV0M2Zlcxek15c3MtTzlGcVBXNlVqYTkyYlVSNGZVZkcyd0tvZEFMZjl0UFAyV0JEVUdDcWY4NWZPT28wRmQ1SDRiQlFrUQ?hl=en-US&gl=US&ceid=US%3Aen,Unmanned airspace,7 hours ago,🛡️ Counter-UAV,https://news.google.com/api/attachments/CC8iL0NnNW5iblJhY1hJeFQyUnFSVkp5VFJDdEF4akxCU2dLTWdtQlVJcm9vR1F1TWdF=-w200-h112-p-df-rw,2025-10-26T18:38:26.247277
Ethiopia begins manufacturing its own drones for defense and trade,https://news.google.com/read/CBMi2gJBVV95cUxPQUpjaHlQSWljMnhONlY0Z20zX1FjQU5obmczQ3hTSnJNTzc5NGVYSmVOelB5WjFVS0xxOFZaSF9ZSlkyeUNlMEtuRXR4b01GNEt5ejdaZGZyTlhvSl94Q0VIQjdIcWp6YVhuY1F2QTVIZ2hQTDlkcXpoLW0tWEFDMmtvY1BlbnhsMUJXUkxjSlZTdGZTVDlTM3kwNzVzZnpUMnVsQUVCMU5HVDVOLVJqXzY1ZTEwVGo1dlZ6SFVHdFlJOUpQSmNiOXQ5cHhhOTFlT3Y3S0V0YzluRWQxUTlucExsY3NWOTFHNllCbGlRR2NRRUstYVpOZXBkX21VT1VqemM0eF9UNlhJUVJickNBXzFPV05UdF9ST2Q0ZnNOY1Z6TWprNGJhWnBOZWFFbnlZaVBKejBDRkYxcnI3M0ZobkVxOEFCeWp5SDliVVZWcW9CMGR4RGNzVVBn?hl=en-US&gl=US&ceid=US%3Aen,MSN,9 hours ago,🛡️ Counter-UAV,https://news.google.com/api/attachments/CC8iI0NnNWxPRFp1UmprMllpMXFkalZsVFJERUF4aW1CU2dLTWdB=-w200-h112-p-df-rw,2025-10-26T18:38:26.247279
"Football photos: Freedom vs. Liberty, Oct. 25, 2025",https://news.google.com/read/CBMirgFBVV95cUxPaWFNQkR4clEzNzhQcjFoaHdpb1BQV1B6NFhXWVM2bFE4cndoZDVkQUFZWnhEaExMb2VXd2t6M0RuazBnX3NXdVcyaVlua2NjdnVRdWRlYlNaN0JVVHYzLW5xTlFwQy1hNUgwZ202N2NheHlPdVl1cTVBREJ4TVNJZTFxcGNJVm9wT3o2ZDM1dE4xU2J3V1NMVnpuRmk5WUNMSzMwekhPMUx4WXBjaGc?hl=en-US&gl=US&ceid=US%3Aen,lehighvalleylive,21 hours ago,📦 Commercial Drones,https://news.google.com/api/attachments/CC8iK0NnNTZOREZqYUUxV2IzSlpTRFkwVFJER0FoajBBeWdLTWdZQk1JeVZxQWM=-w200-h112-p-df-rw,2025-10-26T18:38:26.247281
Further Cumbria and Yorkshire bird flu outbreaks discovered,https://news.google.com/read/CBMiX0FVX3lxTE8zSjU2REZWOUhwbTI1M19ELW5nVnduY1hRcFJrMmp2Z09Fb3ZyWEJDNHlDUDZlWmlrM08xUDBwaW1CZk5pRnlpTGItMzVsUVQ3VFo4cFM3LTE0d1h3dm5z0gFfQVVfeXFMTzNKNTZERlY5SHBtMjUzX0QtbmdWd25jWFFwUmsyanZnT0VvdnJYQkM0eUNQNmVaaWszTzFQMHBpbUJmTmlGeWlMYi0zNWxRVDdUWjhwUzctMTR3WHd2bnM?hl=en-US&gl=US&ceid=US%3Aen,BBC,6 hours ago,📦 Commercial Drones,https://news.google.com/api/attachments/CC8iL0NnNWtSR3BCUzFaWVNtNDNWbDlpVFJDZkF4ampCU2dLTWdrQmdJUjRRT1hBN0FF=-w200-h112-p-df-rw,2025-10-26T18:38:26.247282
Is Amprius Technologies stock a buy?,https://news.google.com/read/CBMihAFBVV95cUxQeUxHbUE5eDVHRFhkXzNiYmZPa21XUzVtajl1NjF2NWt1VXdFdDZ0UjhQOWstQUFHb2NMOUhBdTNoLWt5UEtxQXRpQ2I5VTQwQktHMlRldHdHQUp6V2o3OE9GVlQ3cEpuSGVhTy1nSkN6eXN4R3NGOEpWTjJycEpKaGRmSEXSAYQBQVVfeXFMUHlMR21BOXg1R0RYZF8zYmJmT2ttV1M1bWo5dTYxdjVrdVV3RXQ2dFI4UDlrLUFBR29jTDlIQXUzaC1reVBLcUF0aUNiOVU0MEJLRzJUZXR3R0FKeldqNzhPRlZUN3BKbkhlYU8tZ0pDenlzeEdzRjhKVk4ycnBKSmhkZkhF?hl=en-US&gl=US&ceid=US%3Aen,Cantech Letter,3 hours ago,📦 Commercial Drones,https://news.google.com/api/attachments/CC8iK0NnNWtiek00UlVaQ2IyNTJiRVpFVFJERUF4aW1CU2dLTWdhUmc0aHFSUVE=-w200-h112-p-df-rw,2025-10-26T18:38:26.247284
Unusual Machines Wins Pentagon Drone Deal Amid Scrutiny,https://news.google.com/read/CBMikwFBVV95cUxNWTFLeENpd2I2RW1VTEk1SmtyMjhrajliUVg2aGRkS0VheS1DOXRVd040Q2JUYU1ScFl5MjZEWkFuQWZUd2p0aEs2eUpwdTdnN2JETUs5Ui1EXzRhLUQ4elNXaW5SMDBiNmVUTjg0RllkZzdSWW80REZ2RHY3UTNERFlwVlVvb0gycmRfRTBPVXczazA?hl=en-US&gl=US&ceid=US%3Aen,Evrim Ağacı,16 hours ago,📦 Commercial Drones,https://news.google.com/api/attachments/CC8iK0NnNXZTemcyTURkV1NVeFlNRVJUVFJERUF4aW5CU2dLTWdhZFpvZ0xNZ1U=-w200-h112-p-df-rw,2025-10-26T18:38:26.247286
Donald Trump Jr.-Linked Drone Maker Unusual Machines Wins Major Pentagon Deal,https://news.google.com/read/CBMipAFBVV95cUxOVGg5SWNWMWxCWkNfM1FpeWVxa2Q5T1pXcFJkTy14QW1rcHB3c1ZmVzJDTkg1VkFERUVxcmx3VmZSXzJDZEw4WFZZMXlEQXpwY0h6MVo5YzFYOUN0RllUc04tTEpYYkFXUW8ySFhrZW1oRzN1UF93RmxHY2pWNzFRMkhDdG9qdmlleW9EUEFkMDVWN3JaMWtmRFFfWGh2eGNMOVZvSg?hl=en-US&gl=US&ceid=US%3Aen,inkl,11 hours ago,📦 Commercial Drones,https://news.google.com/api/attachments/CC8iK0NnNUxlWGRrTVZsS1IzQlVRVkZxVFJERUF4aW1CU2dLTWdZcFZwTHRKUWc=-w200-h112-p-df-rw,2025-10-26T18:38:26.247287
How Russia’s Invasion of Ukraine is Shaping War in the 21st Century,https://news.google.com/read/CBMivAFBVV95cUxPaWQ0UjFSNjBXMkh2S2Y4Vi14OUVRczVOS2pGY3BqUXEtbHdhZEVUem9NOXNaZ2JzZXYzZTJPRUtKbmQ2TnlXZ2tXbjNSSXJNYkNHa2lDQVpyUjEtMmxLMUdiOVV1RGFPLWIwLWZFWW1RVDgtQkdfWnVRVGhhOVlyVlM4dXhoaWlpWllDY1FhRWY2TzU5b0RndUJaZlF0RzhwcVBpQnNuS2NITTI1V1RXYW9DMWtuWktrQ1Y5Yw?hl=en-US&gl=US&ceid=US%3Aen,The Sunday Guardian,18 hours ago,📦 Commercial Drones,https://news.google.com/api/attachments/CC8iK0NnNTZaV2hxUVZOQ2NWOHhiSGN5VFJEZ0F4aUFCU2dLTWdZSlZKU1BJUWs=-w200-h112-p-df-rw,2025-10-26T18:38:26.247289
FDNY drone rescues person in East River near Queensboro Bridge,https://news.google.com/read/CBMikgFBVV95cUxNV3lYa2ZaaTJHaGJ6NkZnSGpuT1JuM2pPZmhraEkwMzhnRUMwYmlJeG5temM0VGxtZmdwclNzd0dCNzdOQ0laMkZjeEN5dEhQOHIwTTlNanZZRUNYM0JuVTZDd1pxT0lnWEN5aTdTUFJxOTBGNl9oR1dDTElwQm90Z3dwS09BWTBHU3h3U0RIelI3d9IBlwFBVV95cUxPRTlJWGZEb0ZHRGxTeGNIcWxhREpWN3VWLUt5aDFBc1ZGOXdkOEtoWHVVMGZ4akdQSzkwcVZZTkk1aURYQVZPWnJ2ekdzbmpKR0djVmRTWkdoYVRKYVpST29LM2ZLMVB6VXF6enZZMERfREVBY3hDaHVfWHEwN0R4WW83cm01TE1femY2b09nSnZJS19ONGpR?hl=en-US&gl=US&ceid=US%3Aen,ABC7 New York,18 hours ago,📦 Drone Delivery,https://news.google.com/api/attachments/CC8iK0NnNHhObTlwVEVkUllUTkpSazFJVFJDZkF4ampCU2dLTWdhSlJKYW5IUWs=-w200-h112-p-df-rw,2025-10-26T18:38:26.247291
Video: Russia launches drone attack on Kyiv,https://news.google.com/read/CBMiiAFBVV95cUxPcERhYmFrdTlSVG9pNEtIV0hxVDkyT0JMTUktYldzVWEwdVl4a0J3MTR2VFU3SERicWNKLVZXVTFwUFJXMkVicnB3ZFFfTjdhWGFjOTJiQ2FyeFpGa0pHU2gtMEdzc2YzbHZkX2xkQ1hNTmNFSzFYNnZOWDA5ZmNIOC0tRXdydngz?hl=en-US&gl=US&ceid=US%3Aen,The Globe and Mail,4 hours ago,📦 Drone Delivery,https://news.google.com/api/attachments/CC8iK0NnNUxhWGhMVkU1MFMzQkVjMlZGVFJDZkF4ampCU2dLTWdZVlo0cEpwZ2M=-w200-h112-p-df-rw,2025-10-26T18:38:26.247292
Moscow Leverages Kirill Dmitriev’s US Visit to Influence American Media,https://news.google.com/read/CBMipwFBVV95cUxPWDYzY0xFYjRKcnpkMEp3d1hDV0M2dGFSRTNDWGUxVUd2WlhVV3Z0RmZXVEFNWFNMMFJQRnFSZ1BFZEhKdDhBNGxlRnRrTWJPbnBVaEw5UEZOT2Z3R0hJYzNLN2hUQ1U4aXhhRnVPRWFYV0NhUkFRbnNGcWFZd2IxbUVyc1BWeEU4TkZfTXd2RlV0VE11d2dOWEY3UlBPR3BsSFo2ODMza9IBpwFBVV95cUxPWDYzY0xFYjRKcnpkMEp3d1hDV0M2dGFSRTNDWGUxVUd2WlhVV3Z0RmZXVEFNWFNMMFJQRnFSZ1BFZEhKdDhBNGxlRnRrTWJPbnBVaEw5UEZOT2Z3R0hJYzNLN2hUQ1U4aXhhRnVPRWFYV0NhUkFRbnNGcWFZd2IxbUVyc1BWeEU4TkZfTXd2RlV0VE11d2dOWEY3UlBPR3BsSFo2ODMzaw?hl=en-US&gl=US&ceid=US%3Aen,Букви,2 hours ago,📦 Drone Delivery,https://news.google.com/api/attachments/CC8iK0NnNDVRa2R5YUZGWWRGRjJZMXBxVFJEb0FoajJCQ2dLTWdZaEpJYnJHUW8=-w200-h112-p-df-rw,2025-10-26T18:38:26.247294
"AE60 Ultra: Cheap drone launches with zoom camera, 4K video and load dropping",https://news.google.com/read/CBMivAFBVV95cUxOQlZOeUlYVk9VYjdDYVNYNE1LMmpzTEtZUXBTajZjX3RlRVpvTXNYZTZyanZWb1h1alhSeWV5N1dMM09xYVpMajFLWnY4Wnpzd185Vmk0bkM0bWc4VEstSHJNQlJ1ZTZIblQ0NXNGRzdjR2Etd1FVQjg3ZlR3b0x5cmJpWUNhMGhKYjFMakR5c3IyZmx3a1lFWkpfeW9jUFNySGZvWG9zTTdzUmZhRVc1Rm1iMUdLTFlXQUVxQQ?hl=en-US&gl=US&ceid=US%3Aen,Notebookcheck,8 hours ago,📦 Drone Delivery,https://news.google.com/api/attachments/CC8iK0NnNTFlbFJJVVc0MFkwNTBiekZ6VFJEZ0F4al9CQ2dLTWdZQk1KWVFHUWs=-w200-h112-p-df-rw,2025-10-26T18:38:26.247296
A Ukrainian company is testing drones for organ delivery. How much does it cost and what are the prospects?,https://news.google.com/read/CBMi6AFBVV95cUxQSjlxbHlpUnQ1VENReEpxRVJpLTdqY2Y0b2VWdGlodXVFTWpuOGxrbW90ZkljaGFoZEhxV1JPUWVwSFl5RElCRzJsOWhMUV9lbWxUbHpuOFoyX2wwMzF1NjlMbnNRN3hQS25DaTRQTHRjQ1QxSlhvMUhvTXVzMDJyVDhSQUplOFd1VHBKZ1k5NVJhZUZnb2lTVE9BR1VaY2U1U1ZCbXlqOUpwWV9NSFJucFVZeVZEVTR2d3hnTGNhSEg5a280ZHN5UmJPT0tRRXBkSDk5dGFwczJfbW5Hc0xPV0VYN2tfMG5Z0gHoAUFVX3lxTFBKOXFseWlSdDVUQ1F4SnFFUmktN2pjZjRvZVZ0aWh1dUVNam44bGttb3RmSWNoYWhkSHFXUk9RZXBIWXlESUJHMmw5aExRX2VtbFRsem44WjJfbDAzMXU2OUxuc1E3eFBLbkNpNFBMdGNDVDFKWG8xSG9NdXMwMnJUOFJBSmU4V3VUcEpnWTk1UmFlRmdvaVNUT0FHVVpjZTVTVkJteWo5SnBZX01IUm5wVVl5VkRVNHZ3eGdMY2FISDlrbzRkc3lSYk9PS1FFcGRIOTl0YXBzMl9tbkdzTE9XRVg3a18wblk?hl=en-US&gl=US&ceid=US%3Aen,tech.liga.net,11 hours ago,📦 Drone Delivery,https://news.google.com/api/attachments/CC8iL0NnNWhSSGg2TTIxaWJHMU1VR3QwVFJERUF4aW1CU2dLTWdrTllKUUd0dVlsU0FJ=-w200-h112-p-df-rw,2025-10-26T18:38:26.247297
"Food delivery truck hit by enemy fire in Sumy region, driver injured",https://news.google.com/read/CBMikgFBVV95cUxQRklaU3F0NllLaXdxdm9GYURPTEd3cVJlMEtjSFViN2E3MG9CbFBGVExpc3RFc3QzRi1jVlhlM1lEODlORXM1eGFvMnIwdUtPXzFycXdTRTZaWWlnNF8tbWdsOE1idEZfYVlIa2RaaWFnelYtQWFHZEtvTk82dXh3SnlNQlhua0hZLXM3dnNfYkNodw?hl=en-US&gl=US&ceid=US%3Aen,RBC-Ukraine,7 hours ago,📦 Drone Delivery,https://news.google.com/api/attachments/CC8iL0NnNHhjMjUyYjFndFNVNURRbnAzVFJDZkF4ampCU2dLTWdrQlFZaXp5S09veXdF=-w200-h112-p-df-rw,2025-10-26T18:38:26.247299
Three killed in overnight drone attack on Kyiv,https://news.google.com/read/CBMiZEFVX3lxTE9JRzVrRHd3VFFfTjhoODFJbWN2TTE5aUFUSXBFMGx2TjZUaVZlSGdEckZZc2F4a210UG02TVI2WUdDeGxoazJRWkJ2QnIxRHRZOXJYdDZnUm14VnR4cXZpcVlacmU?hl=en-US&gl=US&ceid=US%3Aen,Irish Examiner,11 hours ago,📦 Drone Delivery,https://news.google.com/api/attachments/CC8iJ0NnNXNSWGhFVkZGR0xUQXlVVVZIVFJDZkF4ampCU2dLTWdNQlVBbw=-w200-h112-p-df-rw,2025-10-26T18:38:26.247301
32nd China Yangling Agricultural Hi-Tech Fair kicks off in China's Shaanxi,https://news.google.com/read/CBMie0FVX3lxTE5nTlk0al9BYjExN3dQRW1ESU9Ia3E0dGdrX0hEOGMxVHdPb2dRblZrSENGbmh6N2Ria3FrRlJXRDhvTjZkNXp2Ukpvb21hTXVFVi1DNmhqeEJ5YkFtaFlMWDlYMU9Hd1hfZ3ZqSXpjU1h0bUM5eTJFLVJTaw?hl=en-US&gl=US&ceid=US%3Aen,Xinhua,7 hours ago,🚜 Agricultural Drones,https://news.google.com/api/attachments/CC8iL0NnNVNiak10WW5VelV6SldiVTV0VFJDM0FSaVRBaWdCTWdrUklJaE94ZU9aeEFJ=-w200-h112-p-df-rw,2025-10-26T18:38:26.247302
Bangladesh Deploys Drones to Build Climate-smart Agriculture,https://news.google.com/read/CBMiY0FVX3lxTFBPejVBcGF3NXRGQ1lKc2ZTRjVzRWc1VzdnYTQtY0w5TUFhUWh5UTVkWW1GRklOX005eFVPR3RZQ0RTTWFDMWlxMTNhcFc1Z0phTVNqMmNXR3VPQnI4UmIxa1lTRQ?hl=en-US&gl=US&ceid=US%3Aen,daily-sun.com,20 hours ago,🚜 Agricultural Drones,https://news.google.com/api/attachments/CC8iI0NnNTNZV2xYU21nMFQweEdlR3N6VFJDcUFSaW9BaWdCTWdB=-w200-h112-p-df-rw,2025-10-26T18:38:26.247304
PSCA uses drones to monitor smog in Punjab,https://news.google.com/read/CBMieEFVX3lxTE45bXpDdmQzOVg0MTdOdWw5MVRfd0NsRHc5UEFldzlJcU1ZWjVoaGNkbW5tM2thRjV5QXc5a2RscmxmRkZBempObVl3b0U1T0h0WXluaVNyZ3ZGbEViVHZkdmsyVks1WTBhVThac2VoMzI0M0w0cXFJbdIBgAFBVV95cUxPNUVWUWZudnRsOXZzYjJiekM2WTZUcnF4WFl3X3VnRVp2WTRobTlrYWs4M19fZjFWSDNiUk1DVE92dnhhcWRZLUs2UUxYcW5INEpuNGJRNjZTc1BnN0ZRelNBTlFKcmh1R1ZFRC1pUldNTHBvWjl1RkMyRUoxY0JwSg?hl=en-US&gl=US&ceid=US%3Aen,The Express Tribune,22 hours ago,🚜 Agricultural Drones,https://news.google.com/api/attachments/CC8iK0NnNVphVWxTYTA4eE1HWkJOMnA1VFJDbkF4anhCQ2dLTWdZdHNJRHkwQUk=-w200-h112-p-df-rw,2025-10-26T18:38:26.247305
"BSF seizes pistols, drones, heroin in border areas of Punjab’s Ferozpur, Amritsar",https://news.google.com/read/CBMisgFBVV95cUxPNVVZWDdHakVGQ2hfWFd0VUVPZUpnTWpNcHpHTno2bW1EU3E0ZGNQSmxnU3B0R2pfYUtsa2lHb0xVcHNoQUFyS0VlVGZWN0Z1NGVOQ0ZBdWNLYnRXZUt3eExObHQ0eENEcXoxY0dEb0I5a1RTS1lzaE95N1BFVG00eVlPSkxvd05mQ2xzS2Q4b09aZkdVVXNKdFBnVVAtTzh0M3gwTFY2MzJDeHNNdF9XUy1R0gGyAUFVX3lxTE81VVlYN0dqRUZDaF9YV3RVRU9lSmdNak1wekdOejZtbURTcTRkY1BKbGdTcHRHal9hS2xraUdvTFVwc2hBQXJLRWVUZlY3RnU0ZU5DRkF1Y0tidFdlS3d4TE5sdDR4Q0RxejFjR0RvQjlrVFNLWXNoT3k3UEVUbTR5WU9KTG93TmZDbHNLZDhvT1pmR1VVc0p0UGdVUC1POHQzeDBMVjYzMkN4c010X1dTLVE?hl=en-US&gl=US&ceid=US%3Aen,Mangalorean.com,11 hours ago,🚜 Agricultural Drones,https://news.google.com/api/attachments/CC8iJ0NnNUtVSEJ6VG1GUVVEWkpZME5vVFJDN0FoakNBeWdLTWdNTklnbw=-w200-h112-p-df-rw,2025-10-26T18:38:26.247307
Fredericktown FFA’s Ag Day connects students with local agriculture,https://news.google.com/read/CBMitAFBVV95cUxQSFdUNEpfU1BmbmtneGY1aEp6X2VOV1FpdjdNam5TTUpyNXd1ZndCT3JpejNMRWUzWkpmV0ctMFpPTFBxZ2pwZHU2SmRQeUc3bXEtUnFRaGZWRGFxc0NHbnktUDlDVTZlTjBTTW1tSmZ6STBObFRCTjN6WWNhZG9VY1A4aVU3cWx6a3o4WVNRbUNXS2dULTgydk8wS1ZpRFYtMUpKaDlTSExua0xoenJuak02Ykk?hl=en-US&gl=US&ceid=US%3Aen,Your Ohio News,21 hours ago,🚜 Agricultural Drones,https://news.google.com/api/attachments/CC8iK0NnNWtNVXMwTlZseVdFbDRkRzVsVFJDcEFSaXBBaWdCTWdZQndKS1ZRQVk=-w200-h112-p-df-rw,2025-10-26T18:38:26.247309
Xinhua photos of the day,https://news.google.com/read/CBMifEFVX3lxTE9pZGtrMy1GVDlYNmxuNUNPNkF5MUxaWUJSVWtBLUFvWUZicTc4S2xZakxaMUxnWHpJVDJxMS1JZVpGQ1JNQTJEZjQ0TFhOZWxMYndqVG00cVBMcVlHU1VCMkNRNGNxS25zbjU2MWx3ZlZjcFFwOVE3MjZZd0Q?hl=en-US&gl=US&ceid=US%3Aen,Xinhua,11 hours ago,🚜 Agricultural Drones,https://news.google.com/api/attachments/CC8iL0NnNTNVa2xKYUdwbFFrWXdXRzlWVFJEQ0FSaUVBaWdCTWdrWlE1SlJNYWVLWndJ=-w200-h112-p-df-rw,2025-10-26T18:38:26.247311
"Lahore tops world's pollution chart as AQI hits hazardous 412, authorities launch crackdown",https://news.google.com/read/CBMi4gFBVV95cUxQSVFuUGFYWmdmSkw0MWJLanRDQ2NGR2E1ZnVrQ0lCaW4xOTNHenl5VTNNV3U5VGpYU0J1Q0N3bU11TnlSUVhDT0FmektzdDhNel9qVENVeldxSTJRb3VuVlZKdXlsT1BYRFNFVjNYWV9pUjhzWTlSV21zTktOTngwMHh4N2VkaGhNRkVJNDZLcFhldFhvV1RseGZkUWkxNWlVN3BtaFZVN0hqNUpyR3JOa191cV8yaTZDSGZFcERDRGRxWTI5Y0dkeUVGQjVGYU5FcktIMFJqOFFFNFdHX21raHR30gHiAUFVX3lxTFBJUW5QYVhaZ2ZKTDQxYktqdENDY0ZHYTVmdWtDSUJpbjE5M0d6eXlVM01XdTlUalhTQnVDQ3dtTXVOeVJRWENPQWZ6S3N0OE16X2pUQ1V6V3FJMlFvdW5WVkp1eWxPUFhEU0VWM1hZX2lSOHNZOVJXbXNOS05OeDAweHg3ZWRoaE1GRUk0NktwWGV0WG9XVGx4ZmRRaTE1aVU3cG1oVlU3SGo1SnJHck5rX3VxXzJpNkNIZkVwRENEZHFZMjljR2R5RUZCNUZhTkVyS0gwUmo4UUU0V0dfbWtodHc?hl=en-US&gl=US&ceid=US%3Aen,ANI News,14 hours ago,🚜 Agricultural Drones,https://news.google.com/api/attachments/CC8iJ0NnNXBPRGhMVEROaWRYWjZPVXBOVFJEQ0FSaURBaWdCTWdOOUFEdw=-w200-h112-p-df-rw,2025-10-26T18:38:26.247312
Lahore records world’s worst air quality with AQI at 412 amid toxic smog,https://news.google.com/read/CBMiuAFBVV95cUxNal9ZRi1tcnh4Tmh5cjRTRHZESHRTc1NrWFNlNWF2TExNcWIwQjhKc0V1bnZyYUN6bTI3RTZOQ0JzSU44aTFjSDJvcTJJS05YUGEyVnhER2J4MmszSE9IMmtFQzJFTVF3a0NBSzZlVVdvdG9rYVp1MmNIUEtNWnNhOUtPVEpURVNxTTVWbTQ5cnlMZ0d5cDBIVWVWWktnUnE4OXlmYnVFdUw4NTB5RjNNd3ctdURCdGNI?hl=en-US&gl=US&ceid=US%3Aen,Zee Business,13 hours ago,🚜 Agricultural Drones,"https://encrypted-tbn1.gstatic.com/faviconV2?url=https://www.zeebiz.com&client=NEWS_360&size=96&type=FAVICON&fallback_opts=TYPE,SIZE,URL",2025-10-26T18:38:26.247314
Texas A&M trolls LSU over cancelled drone show following win,https://news.google.com/read/CBMirgFBVV95cUxORHBXYVdBdGUwSmVqQjRNQVVvT2VCbVNzdmRkalgzOW5RNFF3cU50ZzVCSDltaDFEc3BPUVBlMXBmRkpjTUtUWF9uYl9oQ2s0ZXdJb2dNSTA2ckc4NzJpYWlmX3NmU3JvbzA5SXZhenBWODhvN2JZM2NHakNkZXNNZGd4TUpIYU9tYzQwWENaNHhMU3J6THhnYjNqcU1Rbi0yMFdkYk9TUkpNaFV2eGc?hl=en-US&gl=US&ceid=US%3Aen,On3,14 hours ago,📋 Drone Regulation,https://news.google.com/api/attachments/CC8iK0NnNDBXVWhyYm1aQlYwbEpNMVZvVFJDUkF4ajlCU2dLTWdZaEk0YU5HUWc=-w200-h112-p-df-rw,2025-10-26T18:38:26.247315
"Russian Drone Attack Hits Chernihiv Enterprise, No Casualties Reported",https://news.google.com/read/CBMipAFBVV95cUxPRlNCSUliN2xLdVJSY1pHSjZMb2pHZlRObGhxQnRRUW9xVWNFeHFyaFRNSEFUenJPRnZIVGJwMWVaQ3lyUzNhMVFBWm5WdzNFdDZuOF9fUl80RjJqNEpwYjFGZ1psdUZmQ09mUzluR2RMS2RUa3RrR0xTSW5YcUxQbWN2S2RnTjVPWndlWmtNbXQwN1JsOTQ5RFczcUQzTll5WFhUONIBpAFBVV95cUxPRlNCSUliN2xLdVJSY1pHSjZMb2pHZlRObGhxQnRRUW9xVWNFeHFyaFRNSEFUenJPRnZIVGJwMWVaQ3lyUzNhMVFBWm5WdzNFdDZuOF9fUl80RjJqNEpwYjFGZ1psdUZmQ09mUzluR2RMS2RUa3RrR0xTSW5YcUxQbWN2S2RnTjVPWndlWmtNbXQwN1JsOTQ5RFczcUQzTll5WFhUOA?hl=en-US&gl=US&ceid=US%3Aen,Букви,20 hours ago,📋 Drone Regulation,https://news.google.com/api/attachments/CC8iK0NnNTJhbFYzWmt4SFlscEZPV0Z1VFJDUUF4al9CU2dLTWdZVmc1S0pzUWM=-w200-h112-p-df-rw,2025-10-26T18:38:26.247317
"FDNY Drone Saves Life In East River Rescue, Dropping Buoys To Mark Drowning Victim",https://news.google.com/read/CBMiggFBVV95cUxNa1FHRWZOLTNMWjFOWV9HekI1bEp2MzM4TDRYQy1pRmtLZHd1UVJxc0E0d1JmU3NfSkVJblMxSEdGRHFDYW9WR0RPYXQ1UFNaN2ZSN1BnRjFzNEJ3eERHb0hOZjMtOTQzTV83SXI0ZFZEb2Q1cVNWOFFlMU1oLVFaOTlB?hl=en-US&gl=US&ceid=US%3Aen,DroneXL.co,16 hours ago,📋 Drone Regulation,https://news.google.com/api/attachments/CC8iK0NnNW9SMFI1V0RsQ2EyTldSRmREVFJDREF4aVpCaWdLTWdZQmhaRGlzUVk=-w200-h112-p-df-rw,2025-10-26T18:38:26.247319
Hong Kong Railway Operator Cuts Tunnel Inspection Time By Two-Thirds With Automated Drones,https://news.google.com/read/CBMijwFBVV95cUxNekpuUFN0ekIxbElYTFNiTHM1bUpLeHU1UlY4ZnBpWU92TTY2cHI3TmhQZWY2anF6ZjRWal9wdW9LTTctbTYxS1U3WUFyWHZpS05xT0dlcjd0R0RZV09jcmFTdDVQNDZVeDRWSjBFNENLZVpYSHRZMWNMRl9CSkZycV9FSUY4c3VkS2lyemVrQQ?hl=en-US&gl=US&ceid=US%3Aen,DroneXL.co,21 hours ago,📋 Drone Regulation,https://news.google.com/api/attachments/CC8iK0NnNXlOMnRYYVhkNlZUZDFlR0ZEVFJEQUF4aXRCU2dLTWdhUlVZalVKQWc=-w200-h112-p-df-rw,2025-10-26T18:38:26.247321
Trump Jr.-Linked Unusual Machines Lands Major Pentagon Drone Contract Amid Ethics Concerns,https://news.google.com/read/CBMiiwFBVV95cUxQeW5WcEgwRHhoZnVQalQyZmd5dXlGNW4zQ3FqeFQ4Z0MxaWpLdUkwUUhVUHBjOU9jZTg2UmE1aW9sN3o2MThmYVR3Qy1tU3ZabjJNNHZvUUFDWTJ6MGZsaml6eklVUGhWU2VrNjFmSEx2MmFKSGo5Sjk0eXVpNzB2cl9GMHpxT0FLNGcw?hl=en-US&gl=US&ceid=US%3Aen,DroneXL.co,21 hours ago,📋 Drone Regulation,"https://encrypted-tbn2.gstatic.com/faviconV2?url=https://dronexl.co&client=NEWS_360&size=96&type=FAVICON&fallback_opts=TYPE,SIZE,URL",2025-10-26T18:38:26.247322
DJI Mini 4 Pro Vs Mini 5 Pro: The Biggest Upgrade Has Nothing To Do With Image Quality,https://news.google.com/read/CBMiggFBVV95cUxQY01KLWh3a3FSWG1oSW51WTRFTWFVaUsyenRaUEYwR01kMURTNVFjQ19HcWZjY2JaQXZyXzZQQTFTTEE4ZVV1Y3VjMi1CUTRsRnRiVlFzT0NqdTRyRWpmdElkbzJ3Ym5aU0dtd0Q3S2J1MWlpSTNoa0J6SERQbndQb3V3?hl=en-US&gl=US&ceid=US%3Aen,DroneXL.co,20 hours ago,📋 FAA Drone,https://news.google.com/api/attachments/CC8iK0NnNTVOMUl0Um5oeVIxQk5VMU52VFJDY0F4am9CU2dLTWdhVlU1ak1wUWc=-w200-h112-p-df-rw,2025-10-26T18:38:26.247324
More than Tomahawks: what Ukraine’s soldiers say they actually need,https://news.google.com/read/CBMimgFBVV95cUxObS05Nkw1OTBwMXQwbXBWcFpxNWYxbDVneTNOX1JINGlQWG1oWjdKZGZKLV9seFZOTWF2SGpyZFBRV01oR3B0Z1FQNjB0dXZ4SnZaZzBoemk2R2Q3cGNBVV93VXZkSHN4UU1FckNuN2p3RzctYXZReF9kSVg0QmJZTU5JOUw5cTM2NmkwZWdVZFhlbTl1R0NYdEtB?hl=en-US&gl=US&ceid=US%3Aen,The Kyiv Independent,2 hours ago,🎮 FPV Drones,https://news.google.com/api/attachments/CC8iK0NnNUZOVFJUYVRaSGNrdGFVMGxMVFJERUF4aW1CU2dLTWdZaEU0cHRHUWc=-w200-h112-p-df-rw,2025-10-26T18:38:26.247326
Russian Attacks on Chernihiv Border Communities Using FPV Drones and Mortars,https://news.google.com/read/CBMirgFBVV95cUxOY2p0SFphREs1ZGZUeXhxRXg4RHBPbnJnb3FxWmlRemR4Y3BSZTRYRmNicDZZMWtmSUhtQ0w2aktfUURyTWV1R182QktfNk10NnNacDNiY2JxVUhtV2dGUlMwMjV4bU9UWmFzd283UV9ldHNRX09hMkk1eU0yRlEwZ3JGZTZ2M0s0Mm9OMkduZlg1WHlfWWs4TThrM3pQU05UQ1FsMDhpUUlkaDNVZ2fSAa4BQVVfeXFMTmNqdEhaYURLNWRmVHl4cUV4OERwT25yZ29xcVppUXpkeGNwUmU0WEZjYnA2WTFrZklIbUNMNmpLX1FEck1ldUdfNkJLXzZNdDZzWnAzYmNicVVIbVdnRlJTMDI1eG1PVFphc3dvN1FfZXRzUV9PYTJJNXlNMkZRMGdyRmU2djNLNDJvTjJHbmZYNVh5X1lrOE04azN6UFNOVENRbDA4aVFJZGgzVWdn?hl=en-US&gl=US&ceid=US%3Aen,Букви,11 hours ago,🎮 FPV Drones,"https://encrypted-tbn3.gstatic.com/faviconV2?url=https://mezha.net&client=NEWS_360&size=96&type=FAVICON&fallback_opts=TYPE,SIZE,URL",2025-10-26T18:38:26.247327
Drones And Stalemate Define Ukraine’s 2025 Battlefield,https://news.google.com/read/CBMikAFBVV95cUxPZXA3SDByX1dnMm1OT0xLTkFweExxdUh0Q21ERkhxenlsb01YcTRPcVdBVFJTd1ZxZ2RTMlV1a2VTajZzdmlFOXBxakR4eEJDaEZfNjM1UnNoWmxaNUVnU00tWU9GODl2YVYwUXlYdmJaSGw5V3hIbFJrZUdURUtLY3NyUVB2ZFZaNHhEaDFyV0Q?hl=en-US&gl=US&ceid=US%3Aen,Evrim Ağacı,1 hour ago,🎮 FPV Drones,https://news.google.com/api/attachments/CC8iK0NnNTFSbTFuWWxSa1FrMVVRV1pTVFJDNkF4aTJCU2dLTWdZWlU0aHJwUVk=-w200-h112-p-df-rw,2025-10-26T18:38:26.247329
"Injury toll from Russian attack on Kyiv rises to 33, three killed",https://news.google.com/read/CBMiugFBVV95cUxQc0V2ZldjMURZV3pBZzg4NEZteHhqb0tqc2xwMVRsR0ZRSm1lREM5am50eEhrTWp1R011RW5xak1ibFpQWEYxVUx3NXZ0YnEyM3VQUmc3UU4zTG0zbTlxb1hzVVZuM3AwQ280SHNRUHlFMXlpeTcxUmpyYTFPX0FpYXQ2VnhZM2R4RGtkME9VWjdldDNIbTFWaUcwU2VaNFpmZEpmd08zS0U3cmZBYndTMW45bWc5bW9uTmfSAboBQVVfeXFMUHNFdmZXYzFEWVd6QWc4ODRGbXh4am9LanNscDFUbEdGUUptZURDOWpudHhIa01qdUdNdUVucWpNYmxaUFhGMVVMdzV2dGJxMjN1UFJnN1FOM0xtM205cW9Yc1VWbjNwMENvNEhzUVB5RTF5aXk3MVJqcmExT19BaWF0NlZ4WTNkeERrZDBPVVo3ZXQzSG0xVmlHMFNlWjRaZmRKZndPM0tFN3JmQWJ3UzFuOW1nOW1vbk5n?hl=en-US&gl=US&ceid=US%3Aen,Ukrinform,4 hours ago,🎮 FPV Drones,https://news.google.com/api/attachments/CC8iK0NnNWlTemgyYlZCUk0ySjRWRnBHVFJEb0FoajJCQ2dLTWdZUklJaXhOQVE=-w200-h112-p-df-rw,2025-10-26T18:38:26.247330
Russia Turns To an Old Ally in Its War Against Ukraine: The Winter,https://news.google.com/read/CBMiogFBVV95cUxQUjdQUXhCaXIxSVdCZGdDSU1GbGdkRjRhRm9pQTNCeUZWa29pXzZMVTZKWW9sRS1xSFNBVmFDd2l4ZENtd1ZjUnRMeXRrdWpGd2kzYTktak5KMVBUZDEtU2lJWkVXZG9ZSlJQN09iMTM1N0phS1h1ZTE1QS1lOU1pNVF2Uk9mZTJtQ1dHM1ZObFhWbE9KcTFFNmdxV0VObFp5ckHSAacBQVVfeXFMT2tpSW5Ya01sZWFTdEVMMWRTb05lR2xOemt5bFFELWo0UkkwM0taaGk2OUdkcDdfY21kdVotb0I2R2dtY3RpUmNfUjFrRkszUVdrUzZZN0NWdjFobk9lRGc2blZCMllNX3oxeEh1cEF0MndHMUJJa0pNX3ZDUUt3MXVPcE96czhvN092TVBWM1RLcGhZcTRXRWdTeUtHbjRxeW1zd1JLM28?hl=en-US&gl=US&ceid=US%3Aen,TheWire.in,5 hours ago,🎮 FPV Drones,https://news.google.com/api/attachments/CC8iL0NnNDVRakJqYlZFMVMwbE1ja2hrVFJERUF4aW5CU2dLTWdrQm9JakF2R1UxTlFF=-w200-h112-p-df-rw,2025-10-26T18:38:26.247333
“Demilitarization” of Russia’s air defenses continues — new SBU strike disables S-300/400 launcher under night sky (video),https://news.google.com/read/CBMi6wFBVV95cUxQcm50YS1OS3Rnc1pvOWR3TlRsdUI5eHV4WTVITi1aZFlESFpIUmVwV0kxTjNhbmpKdHBFQXhPaUo5elN4VG42QjhQbzhUUGhIQXVEcGxNTG4zLS1lNWRmS1FOQ1VkclFQWEFwYXJ3eU1lLU9UdTBnWUluZ0ZYY3ZDQ2RWZGxqN2lndFFodjZpeEppNWFaVzVJQlJkMDhvZENJMndyYUczcnpwNkJoVDhmcTFVc19rRnNvR0l5cHBKQXozaVlKWERtaG5oSEZ6WGs5MUliN1kxYjRwalk1YVhnalp5TzBoOE1sb1hB?hl=en-US&gl=US&ceid=US%3Aen,Euromaidan Press,22 hours ago,🎮 FPV Drones,https://news.google.com/api/attachments/CC8iL0NnNTVURjl1TkRnMVprODRWR0o0VFJERUF4aW1CU2dLTWdtQnRJWkZ5aVBCendF=-w200-h112-p-df-rw,2025-10-26T18:38:26.247335
"Drone, rocket strike in Khyber Pakhtunkhwa kill, injure civilians; PTM Holland condemns violence",https://news.google.com/read/CBMi5wFBVV95cUxNb0VoQTdRYV8xM2hPWm0xV2pzVmRFLVJ5bGJpS01JMU1VNWItQVVsUkdrNEswZkd1WFczb0QzcU4wejdycjRJOXRBX1c0YTBBeTExaEU5b3NWWG1ZcDVrZTFkQUcxZWhhdmhMd1NfQXEwSlhhLUxLUlZ1LW1WTEhsdXdNeDVqZVQ3ZWo2TWhkR3FhWUpESnA2SDJvMmhCa3pnT0RXNmdfS0VRLW9zcUtraW9vT0habENIRnhLVVNuSzFvUjRNVmdtQVMya3hCVUQ3VjZJS2VtMjV5a3VfQnR2cllvYzdSRDTSAecBQVVfeXFMTW9FaEE3UWFfMTNoT1ptMVdqc1ZkRS1SeWxiaUtNSTFNVTViLUFVbFJHazRLMGZHdVhXM29EM3FOMHo3cnI0STl0QV9XNGEwQXkxMWhFOW9zVlhtWXA1a2UxZEFHMWVoYXZoTHdTX0FxMEpYYS1MS1JWdS1tVkxIbHV3TXg1amVUN2VqNk1oZEdxYVlKREpwNkgybzJoQmt6Z09EVzZnX0tFUS1vc3FLa2lvb09IWmxDSEZ4S1VTbksxb1I0TVZnbUFTMmt4QlVEN1Y2SUtlbTI1eWt1X0J0dnJZb2M3UkQ0?hl=en-US&gl=US&ceid=US%3Aen,ANI News,7 hours ago,🚁 Quadcopters,"https://encrypted-tbn0.gstatic.com/faviconV2?url=https://www.aninews.in&client=NEWS_360&size=96&type=FAVICON&fallback_opts=TYPE,SIZE,URL",2025-10-26T18:38:26.247336
Odisha approves multi-crore 'B-MAAN' scheme to boost aviation sector,https://news.google.com/read/CBMijAJBVV95cUxPUlZzTGRFaDZ1SzlTamFRUlBLbTR4Q2x5X1lOXy12bEg2cDVmQURoa3d4ZExJTGpKNkltUklaa3gxZWlVQ2ZTdUpQUzlXeVlUZXNJdDVfSGVPYTBLUDFNLXhUaDI2LXJBS2NGekp4YkNEWWY3d29ZVmZmYXEtSTdFVVlLeHVFNWc0YncwOHdfV053LVI2VXpmUzJZOWpkTjBUeHpOMGRLdzRwczhwb21ydXpDdkFsX2hNaTBVSmdzUUItOXQzSjRLOUdlTjVHNmpMZWxneFNpNnZpTEpVQ00wTk9XWHphNnJRdzJ4RDRkRVFXVU9KZVFaT2lwNkRmQnB0THFFbWZvdFZoYzlk0gHbAUFVX3lxTE15c21kQTNrLUZ4d1djZThia3Vadkdhd2VYX0ZHUkRFSlFfM0xRNDhtOU5tUFpGSXhtLXRMVGlTTTNDNGF3cEFQbkI5ZnV6aE1pdU11U0lVQXEyUlRWNUN1cVZLMEFoTDNaRHJUOE9BOHhCV1M0bHB6QldPZ2U5c3ljRVdMODZhbjUtWENjUWFFY3hEX1BWcWRBQUlxZnlDR01rY2U0U1lZMGtocXI2VFd6ODhTd3FvM3ROb0dFbkVZbjdRV21lTnhwdE1pN0k4amU2OUdyd0VfdHZzdw?hl=en-US&gl=US&ceid=US%3Aen,ET Infra,13 hours ago,🚁 VTOL Drones,https://news.google.com/api/attachments/CC8iK0NnNVBObVJXY1hwR1RsTlJSVmhSVFJEZ0F4aUFCU2dLTWdZNW9wQVNPUVk=-w200-h112-p-df-rw,2025-10-26T18:38:26.247338
"Odisha Cabinet approves ₹4,182 cr-scheme to give wings to aviation sector",https://news.google.com/read/CBMi2gFBVV95cUxNVTRaMExnZlZPRFN3bHFUd2M3MGp5UUxyTGdCZGFld1g4aVBIWTljY3ZySHVqTXVFZ1d0bGdULTRBV21NaXdtU0xuSmp2dXZNbXNuQlo5Z3JuSGJ2ZG1EbDBZai0tRUw1NlJXSFQ3WE1PUXZnRVJZRFNMeGt5RnpFdUJIcUczNmxHa1NzVlVSR2l3akRlVjFDU3ZoYVVOUzhGZ0IxbHQxUkJIX1JibncyblExbVhQQjY5Zk05eXJGTnZzcV80aHp0dVVXYlJEUFBHV2w3LWlNdVhvQdIB2gFBVV95cUxNVTRaMExnZlZPRFN3bHFUd2M3MGp5UUxyTGdCZGFld1g4aVBIWTljY3ZySHVqTXVFZ1d0bGdULTRBV21NaXdtU0xuSmp2dXZNbXNuQlo5Z3JuSGJ2ZG1EbDBZai0tRUw1NlJXSFQ3WE1PUXZnRVJZRFNMeGt5RnpFdUJIcUczNmxHa1NzVlVSR2l3akRlVjFDU3ZoYVVOUzhGZ0IxbHQxUkJIX1JibncyblExbVhQQjY5Zk05eXJGTnZzcV80aHp0dVVXYlJEUFBHV2w3LWlNdVhvQQ?hl=en-US&gl=US&ceid=US%3Aen,The Hindu,17 hours ago,🚁 VTOL Drones,https://news.google.com/api/attachments/CC8iL0NnNWxkMVJ3WVZkQldVWnNabXhKVFJDZkF4ampCU2dLTWdrQmdJYVN5S1BBamdF=-w200-h112-p-df-rw,2025-10-26T18:38:26.247340
Rochester Police Gets $8M For Surveillance Drones And Cameras To Monitor Protests—Part Of Hochul’s $127M Statewide Push,https://news.google.com/read/CBMikAFBVV95cUxPZHNyYmdHUnhMT2YxY05MemI4UXFnU25VY2hSU2ZUXzhiLWlSUjlINGNrdmpCUFdTbjNHWFMzbmFmRmZPRmMzdG9Eb09PemxvY0FERm11R2xLeEJGblNHVVJJSGE3NTdkOU9kZlN0aDNNQzA0TDB4S3ozTXI3N1Zza3JaQXlIdW1iYk0xakIyWVc?hl=en-US&gl=US&ceid=US%3Aen,DroneXL.co,18 hours ago,👁️ Surveillance Drones,https://news.google.com/api/attachments/CC8iMkNnNTFabkZoYVc5b2JHRlZZa1JWVFJEQUF4aXNCU2dLTWd1QlVJeXRzV1l0WndwNmd3=-w200-h112-p-df-rw,2025-10-26T18:38:26.247342
Drones deployed to help Met Police's 999 response,https://news.google.com/read/CBMiggFBVV95cUxQcFRfanNHVmMyelJNcTltX1Y4QldmdUI3ZUVrcjZiMHE1d0EtQWZnbXpLMjc4MmRwYW9mVks2eWJxUnExTTlPamMzYVp1cjdpYktPYlU4LXpha2ZjWnhmQkJRcDJIdmt3LWZIZVRmM2JfcnEyQXJ6VEtYbTZuUnBIX3hn?hl=en-US&gl=US&ceid=US%3Aen,AOL.com,4 hours ago,👁️ Surveillance Drones,https://news.google.com/api/attachments/CC8iK0NnNDBhSFJLYjNvNFIxcHFNM3BuVFJEb0FoaUFCU2dLTWdZQllvcU1OUVU=-w200-h112-p-df-rw,2025-10-26T18:38:26.247343
DroneShield expands airspace security with ADS-B integration,https://news.google.com/read/CBMipAFBVV95cUxNT0xHY2J1SmJFb1NIRm40R29PRlZ4dVZ4ZVAzTjBUdjlVVDJCeXczS09UWk9UQjJIS2cwV1l2TVlueVotUFFoSnZKT2VscjVfVEFBWWJRV0x5azBrU0ZwOUlfa3ZZY3JSOEpUdEVmRjJ4eHJUeFZCaVNNV3V5VVkwbVJHX0l2bkt3emNvTVFkMzI4Q1Rfcm1qbTZzWnhBSERLR2o5Sg?hl=en-US&gl=US&ceid=US%3Aen,Asia Pacific Defence Reporter,19 hours ago,👁️ Surveillance Drones,https://news.google.com/api/attachments/CC8iK0NnNVVYelJ6V0VWemFXRjRSa05yVFJEUEF4aVdCU2dLTWdZRlFJd21wZ1k=-w200-h112-p-df-rw,2025-10-26T18:38:26.247345
China Unveils ‘Ghost’ Jellyfish Drone for Stealth Underwater Surveillance,https://news.google.com/read/CBMimwFBVV95cUxPWEFWSFlKMTU4UklKR2JwbGJWZkx0RXA1UDIyREhFLTJOVUJ0YWZMaGo2QkRUcnNzbVJLR0xIbXBzUHRueWE0b053WkNZUkpmeVVZZTVuN2Y2LVNTcE9JYVpCdzZMWWppcEpPUGlPUzExb2E1Mi1JQ1MzZVZSaWhvRGZLNk9aQ1JOQ3lhOXVncVpmV0N6S0xaUkhuVQ?hl=en-US&gl=US&ceid=US%3Aen,GKToday,5 hours ago,👁️ Surveillance Drones,https://news.google.com/api/attachments/CC8iI0NnNVVjV05PWXprNFMwMXZSM1pZVFJEREFSaXNBaWdLTWdB=-w200-h112-p-df-rw,2025-10-26T18:38:26.247346
1st Asian Country To Arm NATO State With Tanks & Jets — S.Korea Aims To Emerge Top-4 Weapons Exporter; Can It Topple China?,https://news.google.com/read/CBMibkFVX3lxTFBwM2FNQzJhVUJwcElzSHh4Y3RMeGZOdHVOblU2UnRTSnZremdtQ1A1cTRBXzA4NUN4WEhtUFk0b211LUFwcFFmSGhEU1hja0pBLUVGWXRpU212MEF2YjRZUlNqbXhlaWpDZTZtSGx30gFuQVVfeXFMUHAzYU1DMmFVQnBwSXNIeHhjdEx4Zk50dU5uVTZSdFNKdmt6Z21DUDVxNEFfMDg1Q3hYSG1QWTRvbXUtQXBwUWZIaERTWGNrSkEtRUZZdGlTbXYwQXZiNFlSU2pteGVpakNlNm1IbHc?hl=en-US&gl=US&ceid=US%3Aen,EurAsian Times,11 hours ago,🇹🇷 Bayraktar,https://news.google.com/api/attachments/CC8iL0NnNVRYMHhWV0VkSWIxbEhRMlpLVFJERUF4aW1CU2dLTWdrQlFZenNMQ1Z6cHdJ=-w200-h112-p-df-rw,2025-10-26T18:38:26.247348
What’s So Great About the MQ-9 Reaper Drone?,https://news.google.com/read/CBMikAFBVV95cUxPbkN4eldYbUtLcVNsQXI4S09QSkx5NGZPczZWbVBoUGE3U0tXY1VVQjFqbUlYZzg1TGY0T0Q1QVJBWVdoaUVtR2NublgtU2ZaYzZUYVpOLVVVTEx2YlhiSEQ5THZVY2hQN1REemhjVzhXX0l0X2RhSnhpVU5YTnlNbTJXb0F3SXo1NXgwQ0ZmdzY?hl=en-US&gl=US&ceid=US%3Aen,The National Interest,4 hours ago,🇺🇸 Reaper Drone,https://news.google.com/api/attachments/CC8iK0NnNW9ielV0VFRkQ2Jrc3lUbWwxVFJDZkF4ampCU2dLTWdhWlk1QnZxUWM=-w200-h112-p-df-rw,2025-10-26T18:38:26.247350
What to know about the U.S. forces closing in on Venezuela,https://news.google.com/read/CBMiiwFBVV95cUxNOWhLNTZsRHJFNExRLWlCZGhrVElncXhfdmVPMFU4SHAtSmE4RWNZNWx1cUpEM0c5Wk5rSm9qZXhFaHQ5ZDBpRVJuT1VIUm1pSmpHM0tpQm45RHhOWm84aUZvQ0pTT2VrbnZKQlRFR1Y1ZzN1eWIwZm1sSXkwZWo1UFJmQ1JEb0ZvNGh3?hl=en-US&gl=US&ceid=US%3Aen,The Washington Post,1 hour ago,🇺🇸 Reaper Drone,https://news.google.com/api/attachments/CC8iK0NnNUxORzR4YTNvNWN6VXhjMGhNVFJERUF4aW1CU2dLTWdZQkFJR3VWUVE=-w200-h112-p-df-rw,2025-10-26T18:38:26.247352
DJI’s palm-sized 4K drone drops to its cheapest price yet ahead of Black Friday,https://news.google.com/read/CBMirgFBVV95cUxOT0lmQW93R1piNjZ4WkFMOHBDTElBSzlpZDhDRDE2dXIwSm5ZUXBmWF9jQ29EVUpHM1ZXbmtHam1Yc3N0U2VGem44YmVQOXlnNEtqWHlZdnlfcHJtdkxuREFqSC1uV1lWRUNxenVzMTNyWEN5bkc2UDdwYXJKX3V5Z2VkVWgtU3diT19kd2VVYTctcEs3VjMybGFhbmlGamJEZkZWX0JmNHZIc2JXMHc?hl=en-US&gl=US&ceid=US%3Aen,T3,6 hours ago,🇨🇳 DJI,https://news.google.com/api/attachments/CC8iK0NnNUNaMmgxV1ZSamRrWlpWa3gzVFJDZkF4ampCU2dLTWdZTkk1RG1GZ2c=-w200-h112-p-df-rw,2025-10-26T18:38:26.247354
"Xtra Muse, the Rebranded DJI Osmo Pocket 3, Gets Its Biggest Price Cut Yet…For Some",https://news.google.com/read/CBMigAFBVV95cUxOcUQ4UmdkY0x3MGdxQVJabF84S1YzMmYtN0N6RnNKUHlFeGVTei0wOWZ3b0d4ZDFUOTQ3bm9JUDlRS1dXY21mc21XMHprWWNmR3FGYTBEWWZlSWtnTVNiTzRNZnU1MkpURFVuUHMzSWJFZDBlc1V2MVNHZGhidm0tTQ?hl=en-US&gl=US&ceid=US%3Aen,TechEBlog -,21 hours ago,🇨🇳 DJI,https://news.google.com/api/attachments/CC8iK0NnNHlTWEZHUkZCTWQwaFdRM3BLVFJERUF4aW1CU2dLTWdhTkFZeTJnQXc=-w200-h112-p-df-rw,2025-10-26T18:38:26.247355
"Thailand, Cambodia to Sign Peace Deal as Trump Arrives in Malaysia",https://news.google.com/read/CBMie0FVX3lxTE85d0h2WjlvUW8xanBQcENhdHZvaGVsUVJWaE9OWU9TbDNnWkxUTW5lcUx1SWNhbGxrQVcySXBZUkFrSk15QXRIQUZ0aEFybzNKcFJsRDYtYVRsSHVsUVFLeFVjaWNzZW1MMmhTVmFpMG9oOHIxMUc3aHRhTdIBe0FVX3lxTE85d0h2WjlvUW8xanBQcENhdHZvaGVsUVJWaE9OWU9TbDNnWkxUTW5lcUx1SWNhbGxrQVcySXBZUkFrSk15QXRIQUZ0aEFybzNKcFJsRDYtYVRsSHVsUVFLeFVjaWNzZW1MMmhTVmFpMG9oOHIxMUc3aHRhTQ?hl=en-US&gl=US&ceid=US%3Aen,The Defense Post,13 hours ago,🇺🇸 General Atomics,https://news.google.com/api/attachments/CC8iK0NnNVZSVFJOY0VFMk9HaEJTRmhXVFJDZkF4ampCU2dLTWdZTmM0aFRMUWc=-w200-h112-p-df-rw,2025-10-26T18:38:26.247357
Venezuela's Maduro Says the US is Fabricating a War,https://news.google.com/read/CBMimAFBVV95cUxPZERCNUUwWlMtaVQwb291czJ6dUZYcndIbkdhRXRyVE1MWmFkZTI4V3d5QTZwWF94dDZkVWxiOTQ0SXFtNlJ3ZFIwYTNrUUxjMVZOWFVTZHplanhKQjF3UGFfNnRMcm1YQ25PMk9JTGhuY3lHZDF2TDJNZW45X2VJbmVkekZYZTJkeloxUHV1b1Bzb3dySGFaY9IBngFBVV95cUxNZHhMTm9BSXltc1BKSzNmTU1MUThhLWJXRm1jb0toSTJOZGQ5M0VZaEZ4OFJBbDN0MzlLZXlVYXVMVWVOZEhrSVNkaVlhblUxSlZ2R1ZRYndNUFUyRVVLOFZOSzRXcHBCZzhsaXcwYmtLcldyeTdpTjNQbmJyRFpXSVZ3dlpMS1FzQkhPcGk4eWd6azJvWmpxMENpRzUxQQ?hl=en-US&gl=US&ceid=US%3Aen,Military.com,20 hours ago,📰 Military.com,https://news.google.com/api/attachments/CC8iL0NnNXdkMlZ0YkRSallrUTRVMGxVVFJDZUF4anRCQ2dLTWdtTmNZelZxS2U1Y1FF=-w200-h112-p-df-rw,2025-10-26T18:38:26.247359
Rubio Says Mediators of Gaza Ceasefire Shared Information to Uncover a Recent Threat,https://news.google.com/read/CBMiywFBVV95cUxOSUdqMjFIZ3hCWlcwTk1iWHRNMERsMFplQktQSDdTVHpvZ0J2TUhYQk1LYVd2Qk1rbkhIV2hXcGpHYVhLODBYOVV4QVR1a2xsUnpMaWVCZVluOUUxSF8tNVBxX3k2VnNtLWFSX2F2OEVmV3psV3p6SjVscXdXTGdNQm1CZkI3R2MyZkZ4ekdaUnZfVElidWVwUkZIbktnZ1pqV2NxSnMxZzRoSmtISkFYUmthT1kzekFsVWREeUF6alpxNlJPanZ2TFFvZ9IB0AFBVV95cUxNS0JZTDFKRzJhdjFNWjZwd0haS1F4WUt1NEhnV3piYnhIV05fd2tRT09aWHFGWU45ZkNqSUlnM2tZSFc4VVhGQndUejBRMEx3RU5vWXA2eDl5MFBLcDB0Umt2V25JeVNFUTA3aWwxN2NBWGFWaUlNYlhab2tmNGNyczJtLTNjT3oxRVc5Rlk3ZVhNazV6Qk9XY3AtejVCOHd6U2JsN0w1aEk0QWw5TUppYmkxdXpLV3hOZHpTRG94Q2RjalpieHVfcEZUeEZ6VXZn?hl=en-US&gl=US&ceid=US%3Aen,Military.com,6 hours ago,📰 Military.com,https://news.google.com/api/attachments/CC8iK0NnNWZWak5NUWpoTU5sZG9MWFoyVFJDZUF4anRCQ2dLTWdZbE5KaXRIUWs=-w200-h112-p-df-rw,2025-10-26T18:38:26.247360
Trump Says He Will Solve Afghanistan-Pakistan Crisis 'Very Quickly' as Peace Talks Enter Second Day,https://news.google.com/read/CBMi3wFBVV95cUxQNEVNTGRrdUtQZmRUclBmWWh0LXE3RFRxOVRMYTJlLVNIZXFZWVRZeGljQkgtWHlWbzg3Z2Rqd01tcUNtRzZTdXlyVE1GeFp3NDJVNnp2dDR4LTVvRi1CTWc3VkNtNmhJb21GUUtjY3lBY3RYVUdxWTQ1dEtqckQ5NkhrZjhpaVpWWTkyMlI1S3ZlMEFyU1VVQ21pcTMxaFRsSmVFcTNJZlJYMFg3M3ZzTTRVNEQ3T1o1SUY4VlV4d2h4NVpHLUpTc0tXY1VKZVlNNkU1U19UenRsU3lYeEFj0gHkAUFVX3lxTE1JbWNzS1FMeC1RRURlWm5jWXZvVmZhcHY1UmJObkhpMGkzbGNONEg1RUpES2p5d2dXTXZfc0tabnBkZEJLN2pCc05nZUZvT0FvdGpWSHBOeUlQc0ducERsLXdFUDVKeDJobjlKSUpfa0FOZ1llMkpzR2FTWnVrRXdheXhGM1BZcmU4bndGV1I2eEplWU1jZGE1eWh0SGE2S1pJU1VQeTlvYWlGaHZrMEU0QmdKNGRuTjBUQnhzZDd6Y0VGWmNXTUQ3dzhUUmU1V2FfUmpkVmg5NkJrSjdTaHpzVG9sRg?hl=en-US&gl=US&ceid=US%3Aen,Military.com,39 minutes ago,📰 Military.com,https://news.google.com/api/attachments/CC8iMkNnNVNUMnh4UW5oU2RWZ3hNV3N6VFJDZUF4anRCQ2dLTWdzVlVJUTRvQ1ZDMUZoUlpB=-w200-h112-p-df-rw,2025-10-26T18:38:26.247362
"The Drive: Latest Car News, Car Reviews, and Culture Stories",https://news.google.com/read/CBMiPkFVX3lxTE5hTGxsN1pYd2d4SDBJY0xFOVpyVWxSNjJVMDBOODhJOWVpQm9MTDY2NGpJLWhfeFBtUkZaV21n?hl=en-US&gl=US&ceid=US%3Aen,The Drive,5 hours ago,📰 The Drive,https://news.google.com/api/attachments/CC8iK0NnNXpjV1ZSZDFod04wWlpTazF1VFJDZkF4amtCU2dLTWdZWlFvNUtvUVU=-w200-h112-p-df-rw,2025-10-26T18:38:26.247364
"Lithuania again shuts Vilnius airport, Belarus border over balloon sightings",https://news.google.com/read/CBMirAFBVV95cUxPWTZfOVgzUnRaM3BjbzR0VElnZ2htcUdaTGF0a0h4bWpvVnZBX2lrMkhpOUlSdVkyaGZnQ01jcDRCa2xpSEIwSnJHdDVVN0ZGMWxRLUJyWTdMQTEwWEdLZ1czbVFTTGNIYTBRcjg0cVBHc3F6YXo4aEZ1dHN2NnJQOWhaTFlvUHk5cWJWQmlRSEVqZzRvVDNvMzFmYjhzX181YUhfbGZKb1hHcDJ0?hl=en-US&gl=US&ceid=US%3Aen,Reuters,22 hours ago,📺 Reuters,"https://encrypted-tbn2.gstatic.com/faviconV2?url=https://www.reuters.com&client=NEWS_360&size=96&type=FAVICON&fallback_opts=TYPE,SIZE,URL",2025-10-26T18:38:26.247366
Sudan's RSF says it captured al-Fashir army headquarters,https://news.google.com/read/CBMipwFBVV95cUxPcmx1TUxsb2Flc2NIZVRRS25uMHdxLWxFOFU3akg5dEdvSWZiNm1famNndndZQ0tLRGFiNEtSWnJtVmpneVBNWXNranMtZnhGRzR1UkcwV1luVUprZjdtTXI1aGdKdmplUm9URzVaRmNJbEZNQ2RnVGdmMFN4YTl0TjRDZ0NrU29DMzFBQnp3aHF4cHhmX1QyWHVGZkhRa0ZwZnNDUmJpMA?hl=en-US&gl=US&ceid=US%3Aen,Reuters,2 hours ago,📺 Reuters,"https://encrypted-tbn2.gstatic.com/faviconV2?url=https://www.reuters.com&client=NEWS_360&size=96&type=FAVICON&fallback_opts=TYPE,SIZE,URL",2025-10-26T18:38:26.247368
"Thai, Cambodia leaders sign expanded ceasefire deal with Trump present",https://news.google.com/read/CBMiwgFBVV95cUxOLUl6aThrRGxOOC1mVzFNV3JRSU9fQVpybFVxbGpTbWYzM3h3QWk5bjF5UUFEUG9NbldsX0lpUm5PMW01bmxoM1kzRnl5SjJKdW9YaDlBRDdTQzZIbGNYbzBFZ3djV1BIbThiLW1MSTBDWWY1aUh5RWZDYWplVkRQTTliQmFNLVdtV2JCZktFbjMwU2R4dWRndC1jUGd1eWlxVGtlanRVQWczMzlFaVFNQjMxTzBORWRueGNhX3NZcEtwQQ?hl=en-US&gl=US&ceid=US%3Aen,Reuters,13 hours ago,📺 Reuters,https://news.google.com/api/attachments/CC8iK0NnNTNWbnB4UTA1dVIyeFpSbTFGVFJDNkF4aTJCU2dLTWdZQlVaVGxxQWc=-w200-h112-p-df-rw,2025-10-26T18:38:26.247369
"Kremlin: Wrong to talk about cancellation of Putin-Trump summit, agencies report",https://news.google.com/read/CBMivgFBVV95cUxNWHRzWktrX3Bpb0hJRFhmcllkRmFvenJIMzNQdFBkc0FRM2M0RWFxS0FHTGk0U2Z4eEE4MW1qb1BOSUw1aU1OT2s0QVZBbk80a29rY09TMTM0SVVEblNESXYtSGNrQVVsQkJrSnU4TDNtSF9qMnVjdVdMOUZUdjBNXy1LVkxBUENENnJPTWVIRlQxNWNFY1gyWl9aRV85NnJlVS1jSmQwV1lEeUFnQWNIRmpVMXNSaU1vWTdHRHZB?hl=en-US&gl=US&ceid=US%3Aen,Reuters,7 hours ago,📺 Reuters,https://news.google.com/api/attachments/CC8iL0NnNXhOQzB0VDJwdlVqa3hVRm81VFJDdkFoamdBeWdLTWdtUklwNFNHZXFwaGdJ=-w200-h112-p-df-rw,2025-10-26T18:38:26.247371
"Brazil and US to meet 'immediately' to seek tariff solutions, Lula says",https://news.google.com/read/CBMipAFBVV95cUxQVjhRMm9PQldQNVJWdXhFZ043UzZObWNYRktZbEl1X2dEMFd4RjJVMnBMQ1VLMVFaMGo3UmtlT0ctMlpyNVN0TTZ0cjdqeklPWTFZUHh3Mldta3lncUZmbEp3S0RtNS1NbXFsOEVGR0gxRVA5ZTYybm1EZFBmSFhrYllBZzZhNC13UVBiVzYwc0pfa2h1ZHhfT0dwbTRCOWlhbUxEVQ?hl=en-US&gl=US&ceid=US%3Aen,Reuters,4 hours ago,📺 Reuters,https://news.google.com/api/attachments/CC8iL0NnNWpaa0ZaVTNKbVUxWlhaVXRFVFJERUF4aW1CU2dLTWdrSk1KYVhHS3E1eFFJ=-w200-h112-p-df-rw,2025-10-26T18:38:26.247372
"US, China reach rare earths, tariff pause for Trump and Xi to consider",https://news.google.com/read/CBMiwwFBVV95cUxQcTdoT1B6ejFjeFhvaF9vUVBIbWF5MDRScEI4Z2cyU0g0YUx2MzJmeTFXdTZSZnpwdXYtMkNEZnF5STN5b1lMQnA1aGNROHhwSHE2LUM4SHVVNlRCSnNoOG9sZmQwWVBBUnQ3VlBCVkdTekpDZTBzZnAxMEhwSEkxTWpTa1phMjRvdExOdmVnZnJNOHE4cmNPYUd0bDhsYmFVdGVJeGZJUFZqNlBSUlVnc0g4X08xY0s4TGkyVWx2Y3I2VkE?hl=en-US&gl=US&ceid=US%3Aen,Reuters,2 hours ago,📺 Reuters,https://news.google.com/api/attachments/CC8iK0NnNU1ZelV5U25aRVkydEtUVFp3VFJERUF4aW1CU2dLTWdhQk1JcHRGQXM=-w200-h112-p-df-rw,2025-10-26T18:38:26.247374
Trump oversees truce signing and trade deal flurry on first Asian stop,https://news.google.com/read/CBMitAFBVV95cUxNMlN1ZUZ4b0FaUllQUXhTaVlfNXRucXFxX2VlOWhUeFlqbFdkQUVrMWZEQUctbjQ0ZkZ4eFdXY2pRMnozM3cybHluR1NfVWNpWjd1bk1fZXVIdU5rSHEwSldqQy15S1E0MWROZG1uLXNiR1pvalNLSlBFcEVEdWxWcHJ5RnV3azZNTVlhcXJtcG1aVmNNbFBoSUNsUUJDeHBQLWJRb3dEdWJwMmZ0XzhQSUlyZ00?hl=en-US&gl=US&ceid=US%3Aen,Reuters,3 hours ago,📺 Reuters,https://news.google.com/api/attachments/CC8iL0NnNWtUMFV3WDBsdFUzSk1PV3ROVFJDUUF4ai1CU2dLTWdrRmdJcG5OV1lsN1FF=-w200-h112-p-df-rw,2025-10-26T18:38:26.247376
How 48 Ukrainian children were saved from Kharkiv kindergarten hit by Russian drone,https://news.google.com/read/CBMiWkFVX3lxTFBfSVZIdzk4WWJVTjV4amZDT3VxZkdKYzFhRV9fZV9FdHFndjVrN3prWmx2N2xHUGFiQ1lIeGI2YVJ2TmFjaFROMXpFRGRCRmpsVmRnT3ZvQWR3Z9IBX0FVX3lxTFBlNWdZTU5yTElpM2U1R1JLRDRkNGF4OXZwS3dqNDZ1YmpLTVNDVGNKMTFQaklJalFFWXktbDJfdndPZGtudy1sd2JfekdjZEk0MUY0NnljM0cyc25YOTJJ?hl=en-US&gl=US&ceid=US%3Aen,BBC,19 hours ago,📺 BBC,https://news.google.com/api/attachments/CC8iK0NnNDVTV3B3TkdsNE9ERlpkbXh1VFJDZkF4ampCU2dLTWdhUkNJS25pZ3M=-w200-h112-p-df-rw,2025-10-26T18:38:26.247377
"Three killed in Russian strikes on Kyiv, Ukrainian officials say",https://news.google.com/read/CBMiWkFVX3lxTE94R1pSYkw4MVRWeWZxVGRjbnh3NnBGdXItajFyR0V0ZmtZMVVuRkpOWlBuVVdJSW81dDBRN2lDcTFBODhzUnI4aXFhNXp6NllOUk9GaWZxS0dpZ9IBX0FVX3lxTE12MTE0SG1NRWVMaWQyQXN0eXh2RUg5RW5nTzRkS3RNeS1LQVBTVXNBNDVTeWJDcHp3U2plQ2NoOWJDR19DR2NJajZDcnd2OWZtUjYyelBDamFmLWZEQllj?hl=en-US&gl=US&ceid=US%3Aen,BBC,3 hours ago,📺 BBC,https://news.google.com/api/attachments/CC8iJ0NnNWtORnBZUlhoMFNGTjVaSGc1VFJDZkF4ampCU2dLTWdPQlpBSQ=-w200-h112-p-df-rw,2025-10-26T18:38:26.247379
"Russia tests nuclear-powered Burevestnik missile, military says",https://news.google.com/read/CBMiWkFVX3lxTE5zakMzNmtZbEtNdHBtd016LUxDUjlUOXVrczAwZ0pwa3JldU5xanBlSU9EYnJuX3hncm1RUEhPdW5scF84X3paQk9wa1dqWVZIekFBMVRnRlNCd9IBX0FVX3lxTE54ZE80UV9yRkJoOS1JQ0tnbTdtMUk4azM3YlNucmt3ZHYzbENreVdGZlBkem9tR1FOMHBBZUxfZERCZEVrcUt6cEtsakR5ZDJPTEhWbkJCRUNzVkJuQW1n?hl=en-US&gl=US&ceid=US%3Aen,BBC,5 hours ago,📺 BBC,https://news.google.com/api/attachments/CC8iK0NnNWxkWFYwTlZsSmFIRXdSRjlpVFJDZkF4ampCU2dLTWdhaFZvNHJJZ2c=-w200-h112-p-df-rw,2025-10-26T18:38:26.247381
"BBC News - Breaking news, video and the latest top stories from the U.S. and around the world",https://news.google.com/read/CBMiPEFVX3lxTE1fU1RxaFJPN3owdV9ycENhQTlQM2loT2ZJZHNjeGZoRUZYOUJ2SzBESUdYcGNraGREdU95Yg?hl=en-US&gl=US&ceid=US%3Aen,BBC,"Nov 8, 2010",📺 BBC,https://news.google.com/api/attachments/CC8iK0NnNUdMVGRtZHpsSWRHeHhlVTlpVFJDT0FoamdBeWdLTWdZWmdJN0xMUWM=-w200-h112-p-df-rw,2025-10-26T18:38:26.247382
Moment migrant sex offender arrested in London park,https://news.google.com/read/CBMiV0FVX3lxTE4tb25DTnFfYWs0T01NMXRmZ1VILWp5eDRvM0NaczhTYmwwenJ1N3I5Z1E1VmtxT1ZYZk51MVRQR3NOaVJNcEFiN1pGQkV5SF8wbHcyZ19OQQ?hl=en-US&gl=US&ceid=US%3Aen,BBC,6 hours ago,📺 BBC,https://news.google.com/api/attachments/CC8iJ0NnNWZTRXQ1V0dkVGNUbDViVGh5VFJDMEFSakFBaWdLTWdNMUFCQQ=-w200-h112-p-df-rw,2025-10-26T18:38:26.247384
Europe | Latest News & Updates,https://news.google.com/read/CBMiTkFVX3lxTE5sQXo2Um1zR2JVLTN3ZFVTdjQ3RUZBQ2Y0eTJHVFFxRW1FVmxqZkhzTHA3Tk9HM0J2ZVgxWEJxTm12cks1YURBMjdVWUxuQQ?hl=en-US&gl=US&ceid=US%3Aen,BBC,"Sep 20, 2017",📺 BBC,https://news.google.com/api/attachments/CC8iK0NnNUdMVGRtZHpsSWRHeHhlVTlpVFJDb0FSaXNBaWdCTWdZWmdJN0xMUWM=-w200-h112-p-df-rw,2025-10-26T18:38:26.247386
El-Fasher: Rebel forces say they have seized Sudan army headquarters,https://news.google.com/read/CBMiWkFVX3lxTE11dnV6UjBEYkYwbnNTeEN6R0ZLbExqYWdpYUphNC1oRnU2NlY0VVdka1hoR3BQdi1kZTkxT3gwOHJPTmU5NlpXNWg3R3lHYVJzbzRJN0pYbFZEUdIBX0FVX3lxTE1aM1lrV1pUdm5kRERrX3oyRmxVeHdKTXNKbHZiZU5YdHJTaW8wUFp4SjJpZWVJSkRWTlJ3RzZUc2FFbDVGVUpPMFJ1dUNfeGpaR0Yxa3h4Yk41bHdwSXR3?hl=en-US&gl=US&ceid=US%3Aen,BBC,7 hours ago,📺 BBC,https://news.google.com/api/attachments/CC8iK0NnNTFOV0U1ZUcxM01IVnNTRkpPVFJDZkF4ampCU2dLTWdZQk1JcE1KQWc=-w200-h112-p-df-rw,2025-10-26T18:38:26.247388
Watch: Moment nuclear plant towers collapse during demolition,https://news.google.com/read/CBMiV0FVX3lxTFB5Z2drWlJKUWJEU0ZuMzVGdHNMTEYwMUliZDhXaExiQVg0Q3pMZXJzM3V3Tndod3BSSDFUeHFWcGt0a3ZqUkJGcHZuSGI4Y01zamtmb2hybw?hl=en-US&gl=US&ceid=US%3Aen,BBC,18 hours ago,📺 BBC,https://news.google.com/api/attachments/CC8iK0NnNTFkRzFPU3pWb2EyMTFhekJtVFJDMEFSakFBaWdLTWdZQlVvNUpyUWM=-w200-h112-p-df-rw,2025-10-26T18:38:26.247389
Watch: Met Police release new CCTV footage of Hadush Kebatu after mistaken release,https://news.google.com/read/CBMiV0FVX3lxTE10OWVjd3ZQemNlbWgwWGV6Nngtc3lCUTQxMG5kQmJQa2VqMzFnMTJXUVA0OURJZXhVeTQzczV3LTJlODNTTWd5djRPNUVVWWpoVjExZUZOaw?hl=en-US&gl=US&ceid=US%3Aen,BBC,20 hours ago,📺 BBC,https://news.google.com/api/attachments/CC8iK0NnNXFVM0Z6WVZkT1IzTlBjbm8zVFJDMEFSakFBaWdLTWdZZEI0d3JrZ28=-w200-h112-p-df-rw,2025-10-26T18:38:26.247391
Sudan's war: The fertile Jebel Marra region where food is rotting amid the conflict,https://news.google.com/read/CBMiWkFVX3lxTE81azNJYUFaZFNwRXIxSGdGelg2TmtGd3VuenhhWGJ0a090MFBlVjFaVzg4M2F1SEdXSjJabVU4V0V1dTkzN0t5dE9GN1ltUXNsRkNQNDB2Y1gzQdIBX0FVX3lxTFBvdkdVLXVXdjhoZTkyenEtYVIxOVlKbllVZkRoc1pSX0txSmFYQWRKbHduQVAtZUR5aTBBdUNwWUM1b0t0MnQ3clZ6NHlIZnNzXzU1eFd2cTJwanU2TWZN?hl=en-US&gl=US&ceid=US%3Aen,BBC,19 hours ago,📺 BBC,https://news.google.com/api/attachments/CC8iL0NnNXBVblE0VFhVdGVISkRUek4xVFJDZkF4ampCU2dLTWdtSkFvQWwycUZFakFF=-w200-h112-p-df-rw,2025-10-26T18:38:26.247393
Putin claims successful test of long-range nuclear-powered cruise missile amid diplomatic breakdown,https://news.google.com/read/CBMijwFBVV95cUxQdUxVSnpCOWlHclpUTXQ1NVI3ejZOUUNuSWZ4Q3c5Y3B5cm1fS3I3R3Q4Vk9mVWQybE5hUk5pa0NYSXJwUjEzOWMzQkVnZ2EwbHhZeW1jRl94NEVFSUxHTm8tREJ6V0RydHJnaEtrX05iSEZnaklaQlJncEZRYTVpMEVDMGxKeV9fSk1IdVY3dw?hl=en-US&gl=US&ceid=US%3Aen,CNN,14 hours ago,📺 CNN,https://news.google.com/api/attachments/CC8iK0NnNUNiR3h6ZWxOZk1pMXhUeTEzVFJDZkF4ampCU2dLTWdZQklvYnl4QVE=-w200-h112-p-df-rw,2025-10-26T18:38:26.247395
"China’s newest aircraft carrier not as capable as 50-year-old US ship in one key respect, former US officers say",https://news.google.com/read/CBMijgFBVV95cUxORTZqOC12dC1Xa25hLUhreW1rNWUwZ1lnWGxRakxiSEhEQzc1WlVfdURkZFNsay0yVlpJUUFyMWM5NGx2dHhjV3JqUS0tdVBqc04zYjhzTDU4QkF0TDI3bVdZRG9RQVB2MjVKX1g0aGhVVlFFWS1wbXJ4OVgxODk3b2c0TFZUSTZkcUdpUWR3?hl=en-US&gl=US&ceid=US%3Aen,CNN,17 hours ago,📺 CNN,https://news.google.com/api/attachments/CC8iMkNnNVVPR1ZNV1ZwZk0wdElXbmxLVFJDZkF4amlCU2dLTWdzQklJcWtMQ1l0cGxvb1RR=-w200-h112-p-df-rw,2025-10-26T18:38:26.247396
Germany demolishes cooling towers at nuclear power plant,https://news.google.com/read/CBMiiwFBVV95cUxNYXVWTk50dVBHVUVrZlg1bW4xVHFxLTdVNU9DOWo2T1J2TU9pdHdOQnptNy0td3RqTzF1RFkzVDR0c19tLS1vd3Nad05uSlFvOVNVTURHS3VKczVRcHFYOC1wNUIxTXJQbjhxaTBWZFNuWHJodXZrbTNDbzdpYTg4TzVTeUZQVjVjZFNJ?hl=en-US&gl=US&ceid=US%3Aen,CNN,14 hours ago,📺 CNN,https://news.google.com/api/attachments/CC8iK0NnNXlaRmR6YVZZNU1HNVlia05WVFJDTkFSajZBU2dLTWdZQmdvQVVyUWM=-w200-h112-p-df-rw,2025-10-26T18:38:26.247398
Thailand and Cambodia sign peace agreement,https://news.google.com/read/CBMikwFBVV95cUxPaHdZdEh6ZXluUzJ2MUZxY0ZlU0xlbC1BV3VGX1BTMmlyV2w4VjZma3NUUmNubk9IM3MwYVEzLXBOMzN4YUFPSXJiSy10dXFmZE5CQTRoMTdsdkt5amlKR2Nrd0tuVDlmb0I4UFFHSkJ2QWNLcFdFbDdtWUw0aG9HM2Q1V2VCQlFVb2UxQ04yWXUzMkU?hl=en-US&gl=US&ceid=US%3Aen,CNN,9 hours ago,📺 CNN,https://news.google.com/api/attachments/CC8iL0NnNXBlVzFrWlRsd2VXSm5RMnBKVFJDZkF4ampCU2dLTWdtTkFKaW9uR2sxUlFN=-w200-h112-p-df-rw,2025-10-26T18:38:26.247399
On GPS: Is China prepared to take on the US?,https://news.google.com/read/CBMigAFBVV95cUxPWlJlVXdkMzczSXFEcVNJSFdDLWVLNmk2R0wyTW5LM08zSFZvcUNsOHppMVpzWi1XWHVZZ0lsMFFXa0R1T0tVbDl1VmpIMWktR3RUNURyakdfbHFoRlpHeG1BbUxCVkg3X0dwakh2WFZTdlpUM2FFeXlkV3FIUkktdg?hl=en-US&gl=US&ceid=US%3Aen,CNN,3 hours ago,📺 CNN,https://news.google.com/api/attachments/CC8iL0NnNUllazF0UVdWcVRFOXBhbkV3VFJDZkF4ampCU2dLTWdrSk1aVEdHdWtsaHdJ=-w200-h112-p-df-rw,2025-10-26T18:38:26.247401
Trump administration news: Shutdown drags on as president embarks for key meetings in Asia,https://news.google.com/read/CBMitwFBVV95cUxPU0lmSU1IOTFrQ3M4TllqUk51UE1wMGhqbTVBUUJPRG9DdmFPQjJfbTQ0ekZjUXg1bThraTRxOFdmV2pVaVdCTzVaV2FvaDNXQ042aE1ZT0hWU2RWNjFRODVMRl9mRGphdmtBbkdta09nUGVrUWFiS2RDdGJHUkRZU1ZLcEU4VFB6Y2hTakxrZlB6ajNTdUUtdHJQalJLXzZLNEluMDRHR3dhNE5XZ2xHMVBId3VPMGc?hl=en-US&gl=US&ceid=US%3Aen,CNN,22 hours ago,📺 CNN,https://news.google.com/api/attachments/CC8iK0NnNDRXVnB1UkhOcVJXdG5OMDVSVFJDb0FSaXNBaWdCTWdZbEJZT3N6UUk=-w200-h112-p-df-rw,2025-10-26T18:38:26.247403
Exclusive | State Department Intelligence Agency Dissented Over Putin’s Appetite for Peace,https://news.google.com/read/CBMinANBVV95cUxQSXJyNzgydE5vRy1yeWhacjFEZVVoQmprcXlrMWlCcGNoZG5DNmcwcW93NTVyVHZYZWI2MFF3V0J5NTkzbnVSS2daaWxVMnhLVmFuOGdrVWQ4VGZiZmlUTjVLUW1IaDVzNGZ0eW1SZ0xBYUxBR3QxaTh5MFhlaXBsRzljWmhXdC15Y0ltXy15YVowazNxX0xoOWZtOVpTYWdnMHl4T29uaW90dWVFU2hhWmc0SGctOHU4WlFfVWx6ZDFCSkpLZl9PcGJFamtNREZib25HUU16VGZmaEI1LVlkYkVjaVdOMmEyM3RmWEFqaHpacjVBOUhFcmRKbklTU2x1c2UtZVVEaFpjeWZuNE5zVVdPcHJaUVpyRVljT0RFY1I2MlJCOUM5bnN4NnlMYkRrWHN0MnVfT3B0V0N1RFE5cDgxOFpCb2N4Y0RWaDMtbWhJVmY2SFhuWk5TZUlvSjQ3QXJXdU00Mk1odTBKQVdoRmNiUTk4MV9XVGRPZWxDMDFmcFNLd29WaHZxM0w5cXRHS2F4Y3lZMmY2MlhV?hl=en-US&gl=US&ceid=US%3Aen,The Wall Street Journal,9 hours ago,📺 Wall Street Journal,https://news.google.com/api/attachments/CC8iK0NnNXVSR3A2WTJGSlRGODBVWHA0VFJERUF4aW5CU2dLTWdZeGRKQ1BMUWM=-w200-h112-p-df-rw,2025-10-26T18:38:26.247405
"As Trump and Xi Get Set to Talk Trade, Asia Worries About Impact on Its Security",https://news.google.com/read/CBMiggNBVV95cUxOSXFoUkRTOXYyNkVENGxaOE56NmZNZHU2RUlQRm9VVS1mVUlKVFlJRUZ3VnZPY0NCanFvbXFBVkdlMTNxY2s4MmtXdjhXWVl1bXFlcThVTzJaQXdEeWtESGgwa3ZzQTlLam93VGUzVmNXdkRRczZDTWRQczFOSmxpQlNTZjlZbVltY0xveXJwSThMZm5MdlhFNkgxUEJOekh2bE9KRWN0bHRjTmwzY0dhVUJ4ZUJFTjRHenRVRXhqUDhXTFNWM21Kb1VPTGJuWUpQaXpxNEhMcnAxWndZZmFiUnBTejJ2SjdLZ1FOTW90VlpwZ1ZGQUIyNlF5MGRHQTdjU1ZnS0Q2c1l2bF96SlhKY1Q5SnFNZDViVUl5SFZQS0dJUlJnSXRIMlUzQTVQRFpJSjJDblNldDVuM0JUdVBMYnhtcl9WRTNab3JKaFkwbzFseU0zc2UzWjA1SzBBVVBQZjBGM2wwYmp0dFFwTGltVjVmRWZZZEdRSEdKc0Qxc2Zodw?hl=en-US&gl=US&ceid=US%3Aen,The Wall Street Journal,19 hours ago,📺 Wall Street Journal,https://news.google.com/api/attachments/CC8iK0NnNUVXalJxVmtRMVVscHlUak5MVFJERUF4aW5CU2dLTWdZaElwUXJsZ28=-w200-h112-p-df-rw,2025-10-26T18:38:26.247406
Inside the New Era of Emergency Readiness - What’s News - WSJ Podcasts,https://news.google.com/read/CBMivwNBVV95cUxQTzFweGx5Tnk3OFo3dE92SjRmUnNSZUl5Y3BOWXpNZzdvendlMWtwMVZFNWFVM09TSm1sUHhqME54X1NWb2RWSVpLN1ptN2piZVNaOXlobmNJSC1aeG9CLWM2YVBkTVJPN3JXUEFYZDAxR1BnMnZ6TWlOdlNjaDZGUDRUZ2dxa2JLV2xjX3RaSTBCZVJ3ZWdhWDBFcDRVMUlub3hjVG5BZEU3WHRSbVVxenJrRHJPS0FXSk50OVlNWjc1dVhnYWZ2M0lkRDlsbTVseXNfdHVOQmJiak5acTB4eE1TWWxYYzE2SmpPN3hJMEJMSlc5MjRJMFE4eDZISDZYN3FEVTAxU1RSQ3lYWE44eEVYNnNGSVREQW55NC1XY1g3dzhBQjZBTUdUTURJajVNNXpDY3lCb3ZkdkJrbWR5cHNuODNkbXBOaG1LWjVxZ2pyRlRlTkQ4RzdmUXpTZVFJcVNCbGt1OWRmOXVVVHZsRm13MWozVUtaYWpvZlFtUjFaVXRvVnFVX29QZjFrVVNxVUM1SWN5TzhDNTJTRFg1ZEhfeXNZNG5FUFZ4TDBJS1BPYS1rTG5NVkRkTzdieE0?hl=en-US&gl=US&ceid=US%3Aen,The Wall Street Journal,8 hours ago,📺 Wall Street Journal,"https://encrypted-tbn1.gstatic.com/faviconV2?url=https://www.wsj.com&client=NEWS_360&size=96&type=FAVICON&fallback_opts=TYPE,SIZE,URL",2025-10-26T18:38:26.247408
The Tech That Powers Tap-to-Pay,https://news.google.com/read/CBMi5ANBVV95cUxOY1E3SE5BSEhVcDFLOThOUF9hNzkwQnJrRl90WlR6V3VwZ1N5Z25VYkhsLXRtVmNrdm9LaXZIOVVYUnBzTXViOXZGTkJuczlvVlFjY0Q5M3BrbWhNMmZrN0RRU1RQb0RTQ25QQUFMQ2R6bmxLX015NjgwSzB1QmwzMmpDX3Y3emVqM2xKWlJnN3FNUHRIUVBLZG85ZkRxWmFaSUlTUlh3LUtYSzY5NDdNaHUzd1k4VXVpOHB0QmU3aTYwMnZ6Y0ZzekdPSC0xY1hhSEJfVDJsMG5zdmZMWUd0bVl6bkRrTmwzYVRaS0xWaGxrUVFPWTFaUGFjQUFBLTI5dzhfV0xfQ3NvRWVKdkFfUGRKRUsxa1JxOG9ZeWMxVzh6a2UzNzNBYnd2elpVbnJHdF9PdFhNbm9BTVlSSkdlZEpSTGpUVXlqbWhkQWRFbHFUUThGaktBQ2wtTFBIczJEbk5UOEdBOHRkWmVuM2d4czBBM2VTT0xFRzk5dlVOby1PTmhSZ0FIWmkxM2ljcjVFbTRQYXhqSUZ5TFR5QWlDdU1mU1k1N0tWTzBKY3c0M3lzQjNsNUNzOGZ0VnJmTjhyT2RrOTFGMTFrR0hpdGNHVjM1dE1wRFhXQWt0YzBZOXlPNVJK?hl=en-US&gl=US&ceid=US%3Aen,The Wall Street Journal,10 hours ago,📺 Wall Street Journal,"https://encrypted-tbn1.gstatic.com/faviconV2?url=https://www.wsj.com&client=NEWS_360&size=96&type=FAVICON&fallback_opts=TYPE,SIZE,URL",2025-10-26T18:38:26.247410
What's Next For Diplomatic Relations Between the U.S. and North Korea?,https://news.google.com/read/CBMi9wNBVV95cUxOX1F1TWs4X1hGX0Rjc2F0OGtJTXpnUHVCb01iRkVTLS1LOEtqY2poLUlIOUh2QTE1Tko0WGE5THNRX0VzS1FkNGpZREJCb21vNHd4LXA1djVFNE9NdGNTNlZ5T2JNcHU0emFvSk1USjB2NDA3TmcxczExTHJlbWxIRzdfbDlBU1dNRy1WNVNNVXpmTjZqbnc3eUZOWjl5OW5kaWtELWhpWGFZUkhGeHhhYThvMUpkLWZpMmNuYU45cmF0SERHUzUxM2h5dFBOS1NHR1dYVFdRQVVLOGlCWHh0R2pjYW1tUjlNcmduX200RGVBXzE3N3JvOFh2Yl96OERJWVRoMnMwbkRWV2RwNjBYLXFFVEJnQnIyeFZhTEtBbjFRZ3RlZEF1clhIOW1jRUhtTTQxZWNvRTJSVWFuM3VDNndnLUI5ckk5aV9lc2JTUjYyY1d5c2x4RWRDdnpFbFBnUjhNb0dyUWNNX0RzQTZWOWZWM1g5T0R4bGs4X2tDVHdnSVowNjMwSDZuQndNdUViQmVQdm9nQ1RTdFA2M1NYX1dra0RoTzd2NjdvZFB3SXBQY25seDB2RnZaOGwwY1piYkV4QUl0ZkFWYzhMUUk1aVk2aEdXZ09vU0xwVURaQm5MS081SmhpUXhPTEZZWWxiZ2pwN1N2OA?hl=en-US&gl=US&ceid=US%3Aen,The Wall Street Journal,8 hours ago,📺 Wall Street Journal,"https://encrypted-tbn1.gstatic.com/faviconV2?url=https://www.wsj.com&client=NEWS_360&size=96&type=FAVICON&fallback_opts=TYPE,SIZE,URL",2025-10-26T18:38:26.247411
Trump Dances With Performers After Landing in Malaysia for ASEAN Summit,https://news.google.com/read/CBMi1ANBVV95cUxQd3ZSczNQUVVjS25ja3FVdmpJMlBwNGtvWDZ3VjBWN3MyT3pNOGtYdlcydXdFVDA4aHdOVjdtbG5hZk5nNVpacDlpTFBtQWxpYWpPcTdYZUJUandyck9yYWc4YVdJVFJSLXVPMWhKSUZKWnNQaUNKU1I4RktOcEQwVTh6MElBdGZwY2tDR25OaThjMEliY2F1NmFfaW5hbGhsOGlPM1VVTEoySWVYNU5OV3dGLUQ0bVNvbXVmemR2bXcxOC1sNUl1eFQ4Wm5SSm5KQ2I1VXltcU5WUG5nMTVXbFF2V2Q0UHBETmg3dEVFeE5PV2t4Y3dhX0FzWmtnSm5BWEtjUHpIZEt2YV9Qb0dsbmtUTEZGZFNWQzRkelJLdlpCTXRIbXVnalB0VF9hTEQyVUJSaVp4b3JVS3VQcTl2cy02d1ZqajlQWkhDTVY0NXU3TlZ4ellEbzUwU2VrWG85djdWNUR2TWp1ZmVldldYbE4xMXNUZkVYZ0JoUjdxMk9KSDZMSFJMZ19nV0dPQ0hEQUNzVGs5OFNVdzNlLVR1Mm1HWkMzMVNPZEZCZ0VRUXRqc0hnRGJEa3dGY3FVZWg4bDRVem5QQm5YeUw1dDhJd250VzI?hl=en-US&gl=US&ceid=US%3Aen,The Wall Street Journal,1 hour ago,📺 Wall Street Journal,https://news.google.com/api/attachments/CC8iK0NnNVdaWFpWUkhsQ04zQlVPRVp2VFJDZkF4ampCU2dLTWdZQlFKcUVIZ2s=-w200-h112-p-df-rw,2025-10-26T18:38:26.247413
WSJ Opinion: Trump's Endgame in Venezuela,https://news.google.com/read/CBMi0wNBVV95cUxQTXVXM3FqSjJwcGpoWkNCNXlMV3A1RldScnp4dFliWmxKak9LNG9ob0xIOFYycmd4VmtTcGpYcHFqLUsxMmx5bUdPRXZsZjFsbTE3d3RmempfLU5vbERPNTVaSlBHS080bmZzYlk0SEZlVFhHR2paYTJBTGJWNDJFN2FCLUJ4WFhROUVodHBUblhLMWtfS2J4Z2RkLUhZRElXV2o2Nm80Zkg4MW9IRWxJdEZodnNjdmFESXhOeldjRnU2WlNhUlpBSWJmNkRBQ3U5a09fXzFpaDkxcTFpVnNTekRxX2hxbk5DZUx1aWtBMk1CX00tX2RVTFhrUkE3emNZTFM5Wm0xUzdncUV6b3dETGM2M3NJSkx0aS1xQTdEVWpHbWR1SklQXzFHZEpDdHBUdzFPMjBCalp2NDdlVFVPTktNRGwtUGd0Q2xDdXFmdkV2MGJmTUNmRmZxbEhJcXREWC1tN1MxZGVrU3ozOXlSQTVESDFmR3Y3dEJ6WXFDdG9SeVRSd2Y3VnRIdTJpSkliM3lYSWFsOFo1T1VwZWhuRUg5Mk9HQXdKRVR6a1k5SHhsYXdVeXN3VU1XLV9xakxud3lweUdwNmIzMkVjSDZXLU4waw?hl=en-US&gl=US&ceid=US%3Aen,The Wall Street Journal,7 minutes ago,📺 Wall Street Journal,https://news.google.com/api/attachments/CC8iL0NnNXBhVk5JY2xkMWEwcDRSa0ZRVFJDZkF4ampCU2dLTWdtVlVwS0hKbWhGQ2dJ=-w200-h112-p-df-rw,2025-10-26T18:38:26.247415
You’ve Stolen the French Crown Jewels. Now What?,https://news.google.com/read/CBMiywNBVV95cUxOVFIyb0hLZ2xSaWE0TVV0ZUhVREtiSGhxM2VuS2FlQU9yOEVBeUYzMERmOW5oM1dhY0hCUDEzVkthX2EtTXRhNWNLbDRzb3FpRmpNNnpQVnFJOC1IamlZNnNtal9EQ2RWdTRhbWJ5ZW1YdG5wYlJoeXVGa3pPaEFzckE3SnV1SDUtWjNCXy1BdklnZFFGV2xucFd2YXEzLVFBOTk2UHJ5Rm1OV3JDNUVWZ0xrQ3ZWSmptNnN1MFh0d1psQm5JWW5SSXJMMlV2SEhNdkpXV2ZzZW9QXzRTd1R1Z21CUkgzZnBONERuRE52UmV3eEZOcFllQW5lUV83OHcyQWc1SWgzajJOZDYxd1hYbkFDaDI4Sk5jMXNCYlN0X3pPV2xyU1FLeTBzYWRWdXNpWHBNekhmaW41T29TQWZEOFN2TzE5OUtUZ0l0blZRMzZlQUxYMVo2SnNSbWlIazI3b0hLM25vUkQwREZjWl9fRmFvTHBqRWxqT3lkUnlfdWNWNU5td0J1M1U1c0RBZ05NS0k2Q1VGQUJwUTJkNV96U2ZZMFZ2aktfbkVET25ueDRtMnZZRlJFNER5emI5YnNGYUh0NjlnXzlBbkU?hl=en-US&gl=US&ceid=US%3Aen,The Wall Street Journal,10 hours ago,📺 Wall Street Journal,https://news.google.com/api/attachments/CC8iK0NnNXpSR1o0ZVdkamVYQmxWR2xMVFJDZkF4ampCU2dLTWdZWllZcjBNQVU=-w200-h112-p-df-rw,2025-10-26T18:38:26.247416
WSJ Opinion: Zohran Mamdani and the Democrats,https://news.google.com/read/CBMihwRBVV95cUxOZ3lua29QbjJNNXlKUHFJaUlxUHBKdU52bkE2Nlp5Nng3b1JHMjIzaXNYcVlfZ2Y1TUllMjBrNm5paUR4NkVCX2tzN0tuR3pGOGduLUdOUElOYTNFVUpjNWhSVzg1RXJxd3o0bEFPWnNRdldYNkNuc1dNZjdvUFZIdEYxZTdiUFEyS3c1VVVzd3RPUHoyUzRNX0JRdE9UeEVGU2JoY2hpVnpldnBraTVBSVFXY1RxeGg2M1llU3FUWnZzOHlIZTBVbnYzeU9uYTZDQ1QyTU9iT1Z5WXlZTF9TeGhjaHFoX0RvTkhTQ1J4TG5UOXRRUkM1VUhWUjJPazR5M0lsTGpYbmJUVnlCZGhwbndxVXRtMzVRUzQwSjBCSkdvVjFjX2dEZGhLUnlUYm5EaHk3YXF3dDdDZW5OdE5QbzNzUDIySFJmamJNM011SEdRYTYzZ0pwcl9BcXVSTldZQkVINVVmMm54NWhTMHJFR1E5bDFWdFUzbXZ0WG5yMVpQd3B2MmZiX1BVLXJwVlZzaVowanFYZHh6LVhDamdDS0EzcUhnd1RfZW5wRnVuV2RYWmludHlIVV91YWp2cGFucmZQVlhwNlJXajJLZlFWVWlTczZORld2SGxLSzVydURVRS00dWJPRGRxd3lVNEM3MWdmeTN0NlE2YkdPVXM5cjFYUFVrekU?hl=en-US&gl=US&ceid=US%3Aen,The Wall Street Journal,20 hours ago,📺 Wall Street Journal,https://news.google.com/api/attachments/CC8iL0NnNWZTbmxYVjJNeGMwSXRWMmhVVFJDZkF4ampCU2dLTWdtUlVaUklKdWcxemdF=-w200-h112-p-df-rw,2025-10-26T18:38:26.247418
Zoetis CEO on How AI Is Transforming Health Care for Pets and Humans,https://news.google.com/read/CBMivgRBVV95cUxOcEtRbDhWZUZ1a2s4aXh0WXNkTl9idGNUekttOHRQQWM1RHBUbTJqSi12ZmQ5QUZSSl9sQlJ4QnFfQTFvQUZyamFfMUt0LTVLUWpMN1F1N2x2bWo2TGIzdDd5Q1FicGpweDYwYTQzdU1DM2xqMUdiRDJwUEZnaThOOHZveXFKYnF1MENMcDhiUXJFd0xJMXpMQXNSd1AzZVkzSVJqZ01FczljODhJSlc5aDdGUzhsUkJaeTJaR2h2MXRuUGdEalVWaC12Tm1aTjI0ZjZ6Ni1taS1HV2VrRnhlYXJkd1VrdnhDYVBYMzhveHNVbVp2M3dXeU84cTBUanQxZk83WHJTZi0tUGROdHI5N3pqLVBmRkItcmN6N3NzTDZXOWMwcFNaTE9XbjFET0dIa2ZDSUtFM2hhMXVNOW1NUnpHLUxieG5oaEpBTlAwUXV2dUtPalZCLWd3V1RlS0Rick5kZU5XTWNqUjRXV0dUTXZyZEFaUkdLaE5OVnFGMEdtOXNLZTFVQTJNX1Zoc19wUzdEc1dMR3JpZGxtMmRibEw2c1NqQlRSNmhzVlBpY19vaU81NndJWk5ELTdkcVZ5VVd4eDIyWGk2a0VwMm1Mc211eVVxUEMzWG1HQXFlRFFpTEtNV2tERVgzNFp4Ql9La0s2Ty1MWHdXZmI1Q2ExcjZUM1RyS2I1WXdQXzQxZFF0ZDFFcFh1c0lxUzNjYjJpbkhUVW5xdGRocTJqaWMzQjNneFl5QTU0b05xaXBR?hl=en-US&gl=US&ceid=US%3Aen,The Wall Street Journal,6 hours ago,📺 Wall Street Journal,https://news.google.com/api/attachments/CC8iL0NnNHdNM0p0ZW1oWFVWWkxaREZuVFJDZkF4ampCU2dLTWdrTmdwTEdNbWRGekFF=-w200-h112-p-df-rw,2025-10-26T18:38:26.247419
Putin Says Nuclear-Powered Cruise Missile Tested Successfully,https://news.google.com/read/CBMisgFBVV95cUxOTWhJTkFQOXowR2dVQ1ltRm1IQ1JLTnZEWnI3WjhtSF9zQ0o5RzVSbHRlRVJYU2RDam45MUVmS2F5eDVwRkhlMVNRMFZjUEdoOTU0YXZTejBJSy1lVnF3R3pKd1pUOEIxVjh1UVd6dFpPNjBqb0x5M09JTGcyb2ctblpBMFFfaVFUN3pZV0RmWGszZUdMMUl6TmZkd01HWjJsLXpjM3BVZlRzeW9STy1qb3BR?hl=en-US&gl=US&ceid=US%3Aen,Bloomberg.com,3 hours ago,📺 Bloomberg,https://news.google.com/api/attachments/CC8iK0NnNXlNMDR4ZW0xclJqY3pjR1IzVFJERUF4aW1CU2dLTWdaQlk1WXpLUWc=-w200-h112-p-df-rw,2025-10-26T18:38:26.247421
Bloomberg Europe,https://news.google.com/read/CBMiR0FVX3lxTFB6UXBGaGRfUlBYN2lYVC1ZYlVGQXNYaVAxcXRKZjZoSlMtQm1RQ3BNd0EwdGFYbkw0WW5qQWoycWdHcW50NGo4?hl=en-US&gl=US&ceid=US%3Aen,Bloomberg.com,"Jul 8, 2015",📺 Bloomberg,https://news.google.com/api/attachments/CC8iL0NnNHlkekZGTm5oNGEyTlNNM3B1VFJERUF4aW1CU2dLTWdrUllJTDAzR0dTYVFJ=-w200-h112-p-df-rw,2025-10-26T18:38:26.247423
Palantir to Sign Letter of Intent With Polish Defense Ministry,https://news.google.com/read/CBMiswFBVV95cUxPQjNtN3B1QzdzaTJyTWNkWHZlOVFuQ0JKRnlsWDVOR2JrdFQtYV9VdENCdGdQdXZuQ3ZvNWk3ckp5RHhYWkRhYXBIUE03TzNicUx1SFFkZGFETzdlM2ljNkJqOXB6a0toanhvelloUk9oYm9INmVkT1ZqUVY3bmlqZWR0VTBHaEFjRlh2UGlQYmNvbzBvTXNNdEJMdERvMHBhWW1nLWtjeW41WGFINXZ2NGdrYw?hl=en-US&gl=US&ceid=US%3Aen,Bloomberg.com,1 hour ago,📺 Bloomberg,https://news.google.com/api/attachments/CC8iK0NnNUlYMnR0TW5nMFRFeDVVVXBFVFJERUF4aW5CU2dLTWdaQkk1Z3psUW8=-w200-h112-p-df-rw,2025-10-26T18:38:26.247425
Citi Opens Riyadh HQ as Wall Street CEOs Forge Deeper Saudi Ties,https://news.google.com/read/CBMi1AFBVV95cUxQMkhnSm9TSnBmY0Q5WnVvX1MzWjFPRVdmWEhpdS01UnRwVlQwLVczTDFaTHRfd1A4S0c3aVVkZUFtcXdja1EtUVozejZWa1RITEMzdEgzaVpFeUpzdlkzNHR5Wm5xZFh1Y0hFSk9aZS1GcFlITVZLRk92dm9NdmZra0RsdHVqcm13SV9YcE5oLUFvc3BfWE9SLVVfOVJEcUVSNE9hamlJNmgtVnhtaE53Zkk4TmZVcmZ6UmtKMmt1akZUSjVaTmQyaG5FOVlHNnBpZGtwUQ?hl=en-US&gl=US&ceid=US%3Aen,Bloomberg.com,3 hours ago,📺 Bloomberg,https://news.google.com/api/attachments/CC8iK0NnNHhVRTk0TmxseVYwWm5YelIzVFJERUF4aW1CU2dLTWdZQlVJclBuUWs=-w200-h112-p-df-rw,2025-10-26T18:38:26.247426
Industrials Sector & Industry Performance,https://news.google.com/read/CBMiY0FVX3lxTE1BR3dSV21neEpjUWY1VnIzVUVtZDFoRExhamR1bE94NnhUR3hoWUY5YlZlZWNGVDIxUmQ0clpRTXdlSkRESEFZdUJZMERtY1A2LUgtdUF5bjNDaGJaZjMtWFlTQQ?hl=en-US&gl=US&ceid=US%3Aen,Bloomberg.com,1 hour ago,📺 Bloomberg,https://news.google.com/api/attachments/CC8iL0NnNTZhMDFXYW1KSFVYWXRibFYwVFJDMEFSaTBBU2dLTWdtQkVvaUNQZVE4QXdN=-w200-h112-p-df-rw,2025-10-26T18:38:26.247428
Sora Isn’t a TikTok Killer,https://news.google.com/read/CBMirwFBVV95cUxONnRLeFMySFp4VHpvc095WF9NR3VlUlNqSFNDM0RoaEUxVlBudzgxTHJmSHlrSFpQcngzVFJKeTZJQzlscTN4V3NBM2dZMW1sQjVOaHJSQkN5ajJhQlpReFdBN3RtRVhVZFQtcjNXTWpjc2RxdElsczRVaE1UbVBjTXVhR0FDSjR6ZUhFMzNhREZDOVNJaUFYdHhKaXFwYnNjRUVCbHUzWkstcjR4dUJZ?hl=en-US&gl=US&ceid=US%3Aen,Bloomberg.com,10 hours ago,📺 Bloomberg,https://news.google.com/api/attachments/CC8iK0NnNTVXRlpaVFVKYWRVZE1UMlZ0VFJERUF4aW1CU2dLTWdZdFJZeXVJUWc=-w200-h112-p-df-rw,2025-10-26T18:38:26.247430
I Would Walk 500 Miles Wearing Any of These GoPro Cameras,https://news.google.com/read/CBMiY0FVX3lxTFAxd01aU1U2RXA2dE9uVkptZlVCN0duRS1oN2R0UGtrZGFnSzlKUHVQNy00czZjUExoaHVPbkJJNjBFVnJIMno0X2l2TXlFUi00WERCWWczOGtab1dxNDlCQzBGUQ?hl=en-US&gl=US&ceid=US%3Aen,WIRED,"Nov 5, 2023",💻 Wired,https://news.google.com/api/attachments/CC8iL0NnNVFNbEI0T0dwSVozWnpaRUYwVFJDZkF4ampCU2dLTWdraFJJcFNUZVNTaUFJ=-w200-h112-p-df-rw,2025-10-26T18:38:26.247432
Latest from Sean O'Kane,https://news.google.com/read/CBMinAJBVV95cUxQRDlIcURvQWRfaVAzRlJGUkJ2MmFzSHdwRDN4WXlkRDNEbDlVMUNMUVloQnZHQUhBSWJ0dktZa0VLMjRkekJqdHM2Z19fMTVxNkRiejY2SG00alF1cm53YkhSanJ4TVQyajYwd01icVpzNVQxRUE0ZzgzLU82Ny1Id2I0U2hCUVRSQnlhT1U3WG05NTNxWUVTV2hFT0xEelBwTml3eW44dU9fOXhzcEJJUThISG5GMHNTdVZqOExNU1hZRU5YYVVXVk5ndWlXdk93T3pzVVpSazVDX3ZGOVM1TVBFaTE5YkFCMUNjb1BGZUhhWU9HWXdEaUxSWWpZMGFsemJmYmQyWmRuYTlPNmlTUE04djNsNjVXRWhLeg?hl=en-US&gl=US&ceid=US%3Aen,TechCrunch,16 hours ago,💻 TechCrunch,"https://encrypted-tbn1.gstatic.com/faviconV2?url=https://techcrunch.com&client=NEWS_360&size=96&type=FAVICON&fallback_opts=TYPE,SIZE,URL",2025-10-26T18:38:26.247434
You need to listen to the brutally oppressive I’ve Seen All I Need to See,https://news.google.com/read/CBMinAFBVV95cUxNeFNxQVN6ZDBqWmI2emlIUDF5eDFiZjdBTlNrN1EzVUpKUy04SnpUTHhCN3puclE5SzZEQVNMV3VydjE0cnhYdTFvV3FaaUNCX1RBcWlZQndKQUw2ejBtbFc5dk01SURFdkVEMU5lZ3hkNVkwSFcwR0VYVmg3T1pVdHF1UVIydmZQYWlrRzVCOUtOUmN5RzNoeXRiY28?hl=en-US&gl=US&ceid=US%3Aen,The Verge,2 hours ago,💻 The Verge,https://news.google.com/api/attachments/CC8iK0NnNHlkelpSVTI5a1ExTXdaVWRSVFJERkF4aWxCU2dLTWdhZE1vaXRwUVU=-w200-h112-p-df-rw,2025-10-26T18:38:26.247435
Adobe’s Project Indigo camera finally adds iPhone 17 support,https://news.google.com/read/CBMinAFBVV95cUxPVmtBZ0tTWVcyQUs5ZnpqZlFCUG5Mck9faHBqUzdIZGZIY3BWNy13cmdXSVF6eXdiVW9CZkVzOGxuOEVSYURqQmJwVVVWczd4QjBER3pkZ1hXZm5EX1lCTV9nT3UxTmJlaEpYS1MzSjVETFd5NVV2eFN1ZFB1ZWMtQVMzRXV4N2RYMU1xM213eUlpVUY3TTlxNkFFa0w?hl=en-US&gl=US&ceid=US%3Aen,The Verge,3 hours ago,💻 The Verge,https://news.google.com/api/attachments/CC8iI0NnNXFaVVJuZFdsRk4xWnpWV0p3VFJER0F4aWpCU2dLTWdB=-w200-h112-p-df-rw,2025-10-26T18:38:26.247437
The next legal frontier is your face and AI,https://news.google.com/read/CBMiigFBVV95cUxQTnhVRkVSeEtIYkhFR0w3UnZyQU5Vdkx1SkpGaDV5Qm04WXFVZ3NCLUNHV1c4cVRkWUtDc0dqczFnWndUcm96eTlqRVZzcm9CV0RoM0kybDhrbXBBZDZhU2pPTHBBQk1KdnRjekhJVWJjUzNvWm9xUk5wS1JuV3duemx2X2o2R2NKOHc?hl=en-US&gl=US&ceid=US%3Aen,The Verge,6 hours ago,💻 The Verge,https://news.google.com/api/attachments/CC8iMkNnNXhOR3B3WkV4Qk0yUTVUMFZIVFJDdEJCaW5CQ2dLTWdzQkFJZzNrS21oTUVtUGd3=-w200-h112-p-df-rw,2025-10-26T18:38:26.247439
How Guitar Hero made everybody a rock star,https://news.google.com/read/CBMifEFVX3lxTFBrRG9KTnllbGl5djJraVE0b0Z5anZPLU5Vd2gxZmF2RDd3blpPY3FSVTZTVXRtTFVSV21KQk01NU43S1ZWMjZEb2p6MFpsVU5uMWVHQXZtWmRHd3J2MktxZkdqUlpNbkdiMm5URmZyR2pnQV9sS0RjaG80UGc?hl=en-US&gl=US&ceid=US%3Aen,The Verge,3 hours ago,💻 The Verge,https://news.google.com/api/attachments/CC8iI0NnNXNZbEJmZVROTlRWWXliRkJJVFJDUEF4aUFCaWdLTWdB=-w200-h112-p-df-rw,2025-10-26T18:38:26.247441
A 16-year-old was handcuffed because AI thought an empty Doritos bag was a gun.,https://news.google.com/read/CBMitgFBVV95cUxPczBYUE1iUnBEdlhqNXE2enlPX3g4TUh0ekhMLVJuQTVqT21YNExDNGJDd0tIcE00RmlKcmlKR2YzYW13TmRmc3Foc3dWWHBsN2x4ekpjVHhhWDhzV29RV3hQbTZhMDg1OWN4S1oyblVoZm1mQ1BPSUhqV3BfWjloZWZDdWI5QW5oLW02QjQ2Zjl1TUdjZjJtOUpfa2NxakN6SG5fbTBQdU82VmZwQllDMW5FS0F5dw?hl=en-US&gl=US&ceid=US%3Aen,The Verge,1 hour ago,💻 The Verge,"https://encrypted-tbn2.gstatic.com/faviconV2?url=https://www.theverge.com&client=NEWS_360&size=96&type=FAVICON&fallback_opts=TYPE,SIZE,URL",2025-10-26T18:38:26.247442
Apple is supposedly adding vapor chamber cooling to the next iPad Pro.,https://news.google.com/read/CBMiugFBVV95cUxQMEw2R1BUaUFKdzVFY0xxYWFZck43M0NiTkJUMEhiWWx0SUM5YnRTU3BDU0dSLURFQlVvcFEyZm9UMkdiSFZlUm9kSzdEWFAxQzNuUnU1TnZ2N1JzV1owd0MxbjJnUGxGbElWSmhETExIZHRRdW9JelFYNHJkblZMRUhYTElIWmZhaWRHN0JIVDE1M0Z4YUwyVUQyNW1vR2RTWEFPWG5WYkxqNGlmYWsybkVEY053ZDJ1QVE?hl=en-US&gl=US&ceid=US%3Aen,The Verge,2 hours ago,💻 The Verge,"https://encrypted-tbn2.gstatic.com/faviconV2?url=https://www.theverge.com&client=NEWS_360&size=96&type=FAVICON&fallback_opts=TYPE,SIZE,URL",2025-10-26T18:38:26.247444
Terrence O'Brien Profile and Activity,https://news.google.com/read/CBMiXEFVX3lxTFB6VEh0TEpCY2tKNi1CM203eHNFYzVNNXlCN2NmQVREaHpJX25VazlEUVlqeXk0ZjZNblhOVkR0aFdhR3p5R2FRLVptMkhMa1FQaVNoM0ZxN3J3Rkh3?hl=en-US&gl=US&ceid=US%3Aen,The Verge,Jan 25,💻 The Verge,https://news.google.com/api/attachments/CC8iK0NnNDRhbEZ6TkVsZlkwcEtlREJzVFJDcUJCaXFCQ2dLTWdhbFJZRE9JUWs=-w200-h112-p-df-rw,2025-10-26T18:38:26.247445
Robert Hart Profile and Activity - Page 6,https://news.google.com/read/CBMiZkFVX3lxTE45dWx6Z3IyWDh5T2htcXhzMk5MZHVvdHVET2ZVdTV4cnNzemc5eTVfSUVMTlJLRnhETnVmblRDa0prdFd6RnlVd2N1M0loUzNLSXBjWWdzUGx1S0xqNlEzOGh1S0hKdw?hl=en-US&gl=US&ceid=US%3Aen,The Verge,14 hours ago,💻 The Verge,"https://encrypted-tbn2.gstatic.com/faviconV2?url=https://www.theverge.com&client=NEWS_360&size=96&type=FAVICON&fallback_opts=TYPE,SIZE,URL",2025-10-26T18:38:26.247447
My favorite e-reader just got a big update,https://news.google.com/read/CBMikAFBVV95cUxNbWI2b2FnS3ljWlNrZVd3WFJuZnlacTZ0Y2VQcm9fQ2hPQ0IwNmdsZ0VoXy1MQ2VqZ00xOWMxTnlnZ0hSN2ZWckkwdGJlaV9JVTF2dzNwRmZoeF9zT19Ra0pmYUw1U2VxZ2ZseHpQRnBEZmg0TXhPY1BnSlVJdXRBRk9MLWIwbEZWQ3JpdXRuaEw?hl=en-US&gl=US&ceid=US%3Aen,The Verge,6 hours ago,💻 The Verge,https://news.google.com/api/attachments/CC8iK0NnNHpXV0o0UjBWTlgzaHhMVzlFVFJER0F4aWpCU2dLTWdZaFU0b3dKUVU=-w200-h112-p-df-rw,2025-10-26T18:38:26.247449
"Drone News & DJI Rumors: Mavic 4, Mini 5, Neo 2 FPV Drones",https://news.google.com/read/CBMiNkFVX3lxTE5qeXVGNFRZZ1g2Zlg2WHI3Zmo0MHRLSTQ3dHRDLUlHUW5GWDgwMkJuYjhrd1ZRdw?hl=en-US&gl=US&ceid=US%3Aen,DroneXL.co,"Feb 16, 2020",🚁 DroneXL,https://news.google.com/api/attachments/CC8iK0NnNWFNMWxVY0VrMU0xVk9NbkpsVFJEREF4aW9CU2dLTWdZcEZJcU9HUVU=-w200-h112-p-df-rw,2025-10-26T18:38:26.247450
DRONE NEWS & DJI RUMORS,https://news.google.com/read/CBMiOkFVX3lxTE5hbFpseGZPU0JtemtyQ3MySl90UUtIeUh3cFlSME9zRGdXM0xIejNnNHNzd0E3OUJPWmc?hl=en-US&gl=US&ceid=US%3Aen,DroneXL.co,"Jun 17, 2024",🚁 DroneXL,https://news.google.com/api/attachments/CC8iK0NnNXRZM0kxZWxJMFdYTjVXRTFQVFJEQUF4aXRCU2dLTWdhUlVZalVKQWc=-w200-h112-p-df-rw,2025-10-26T18:38:26.247452
Inside Aerial Fence’s personalised security system built using FlytBase APIs,https://news.google.com/read/CBMirgFBVV95cUxOdFFudm5hRzhTRnVwdHYzMl9TcUtubXRmME9XOXpMcEFXTjA2VXp3TjRVS0tKRDZGX3ZDTS1WSGh5eENCeFoyYlQ2cGpZQ1hrSXV6MTBKS05CX3Jyc3l0b1pvN0J6MFFCUTFqSG1SUEExYk5aUlJmREo0MmNjRDhrRUxfcHQ2dC1CdnVyVlZTMnMzZEYzSjM3MFNoMDNuT2ZkRmlBbGFoN1BoQUg0S1E?hl=en-US&gl=US&ceid=US%3Aen,sUAS News,Yesterday,🚁 sUAS News,https://news.google.com/api/attachments/CC8iK0NnNTNOM0UyVjFkUmVqWlFNekJNVFJDbkF4alVCU2dLTWdhRlFZeWx2Z1k=-w200-h112-p-df-rw,2025-10-26T18:38:26.247454
Join Us at Swiss Drone Finance Day – 30 October 2025,https://news.google.com/read/CBMijAFBVV95cUxPeTZFVHljX3M5SVByZW1DdDh2R1NSY0VReVpsQ0dPWk1VLXJLUXJJSTZ0Z2VwcS1TZDFKdFN4WFVjZko1SlJ3aHNMTGlzMExEd1djTm9GYi04UXJ1bFRrUm9Qemlaa3ZZV2Y3OVlEdmwyNk5GRjE4dy1UdExjck9QbEZiS2FqeFpwT2NQUw?hl=en-US&gl=US&ceid=US%3Aen,sUAS News,16 days ago,🚁 sUAS News,https://news.google.com/api/attachments/CC8iJ0NnNTFjR2wyU1RWSVkyVk9NemwxVFJEaUFSajNBeWdLTWdPSllRZw=-w200-h112-p-df-rw,2025-10-26T18:38:26.247455
RoBird™ Fixed-Wing: A New Addition to Our Wildlife Management Toolkit,https://news.google.com/read/CBMiowFBVV95cUxOSy13a09fREVuU3J3bWt3bGZTQktSd0RESlo1X1JqU0wtOTFFQXktbjBjODViNmZJX2J1cUVPWHZJVV8tZlM1MVR2X21yT2U4OUJDVUNrZHkzbjY2Vko1N01LYjByTU9BT19KSDZjeXZrM0s0cEswRnM0WHpwT1lER2lyN1Z5RU5ZMEFrNHJsTXh2cXRfU1ZRQ3NJYlhpblBJa2FR?hl=en-US&gl=US&ceid=US%3Aen,sUAS News,11 hours ago,🚁 sUAS News,https://news.google.com/api/attachments/CC8iL0NnNUdlVVZoVkZkcldXeGxabmRyVFJEWUFoajdCaWdLTWdrQms1UUNNLWRNemdF=-w200-h112-p-df-rw,2025-10-26T18:38:26.247457
US Staging Drone Flights Over Gaza To Monitor Ceasefire: Report,https://news.google.com/read/CBMipAFBVV95cUxPWHplaU15TjNHWkYtbS1QQlNDOWJGa295TEU3Y0JSUUFfWXdaRXJRSDVwalRRQm5mWmZfSzdmdWJsYTJsT3JzQ2pBQzJLYUphNk1zMHlNOHRfZEFQSDhueUNMWHpIb1BRdm81dWIzNTRRS1FnX3BkcHpWdTJsV2hmc29ma0xQTG4tMmNrZXpkZS1yLVNhdlFpcF9uOFpUMElRbkNQZg?hl=en-US&gl=US&ceid=US%3Aen,Eurasia Review,18 hours ago,🇵🇸 Gaza Drones,https://news.google.com/api/attachments/CC8iI0NnNTBTbmx5WlZOVVNIZE1ialp0VFJDZEF4am5CU2dLTWdB=-w200-h112-p-df-rw,2025-10-26T18:38:26.247459
"Gaza: 4 Palestinians, Including A Child, Killed On Friday",https://news.google.com/read/CBMihAFBVV95cUxNTUhoREVELXlpX3VYdE1XVkRGcTl6X2tPbHhXWDI0VGl3cUh4dE03QTFmUVRqRDhMMmtjUWhvRkZyX0JxcWwyWDl4SUR5ZG81c1JoRWxQZmZ3MWtVTTRYaTd3Y19jSngyV005TTVIVzh1WXQyT0J3SWNaLXNZa1JLeDNqSWQ?hl=en-US&gl=US&ceid=US%3Aen,- IMEMC News,19 hours ago,🇵🇸 Gaza Drones,https://news.google.com/api/attachments/CC8iK0NnNTJNVFZqTUdaeFdIZDJhbUUwVFJDX0FoaVFBeWdLTWdZSkVveFFIUWc=-w200-h112-p-df-rw,2025-10-26T18:38:26.247461
Israel says it conducted ‘targeted strike’ on Islamic Jihad militant in Gaza,https://news.google.com/read/CBMixwFBVV95cUxPcWxsSkdmSFhrQ0pZa09oVHR6LU1Ja2hUZUdFOWpEM0UwR0RNY3p4WXlvSWtXTWNrZGRRZEZQdVBxR0VWVUpTRW9oSW1XdW5tSFB2YVRMNlZNM2hoaFVOQmlkdHp1eVp3YUZXcUFpOWdEdDM0OEUxbGgzdkY4X1pKYjJfTy1lYXA5clZ4aTJFUFp0eDBhWWFwMnBVRWNLRThoTzM0MlY4SjJTTURzVkg2cUdUV2N5ck9vZ3p5a05BRUFZOTljQk1J0gHHAUFVX3lxTE90akhNb05JQklUYVE2NXNPQ0lrck5nQjhrUXQ2N1VUMGtNQVdBZVp5Wmpha1dVTmdybDhQZlpxWW9BRWxuWDlBOGdiN0R2TnlhNVJ4c09hOWU2V0h6YS1Bek1tWEFOX3BaTmFLQk9XaTlaVDZ5aWEtYXFuQ2NtcWlYeHZ1RTFtbFVoVWM0eVNJdnBfRGx6eDdXTjVObWxWd2IyeG5tbG51OVNyUkdrbW5RRnJCOGxtelg1V2FEVmxBdXBjb0lubFE?hl=en-US&gl=US&ceid=US%3Aen,South China Morning Post,23 hours ago,🇵🇸 Gaza Drones,https://news.google.com/api/attachments/CC8iK0NnNWFOVWh0V0VSQmQzTktTVUZpVFJDUUF4aThCU2dLTWdZbFk0cXZxUWM=-w200-h112-p-df-rw,2025-10-26T18:38:26.247462
Israeli Military Conducts 'Targeted Strike' In Central Gaza Amid Ceasefire Tensions,https://news.google.com/read/CBMiwgFBVV95cUxQUzJZU1pyMzlHdDZacmNhYTREYkZoTTE2SVkya08tVVJTek5kY2M5NllhMHA1TmpjSUVxczFORzNCTWVZNjRtekE5YWhhLUZCYlRpZ2xhZ1V6cXBDSDl0Q3d0b2YzMjFYRW82UFdYOW1Zc3VNQUF3TlJPdmdUZnpiMUJhWUliczMwdUhHeWJZLTFzbkhUSkVXWDhkUDFhdVpSb2t0d1BfUVAwd0h2ZmFtcXZ4U19TRC1kYnNVYzZWZ3ZtQdIBzwFBVV95cUxOa1VIM0FOcHM1N05KZnlEN3VHOUxRejdtSzFjYWg3Q1VYcHliOUUyLWprWE5tdHF1UWhPeDBvbDQ1bUs1MTVycVpRb2NLd2lZNWJUa01sLUhSNTM2MXJQd3NnQjJmT3BpV1h3a19ZUVV3THRSOFZ0WndFTV9Qa0RZRGhmN0pzaldqS1JRRXRLemhxS0xEN0VjY1BnUlViQkw5YmRFNVBzdVB4eHRrRG5lQ25WUTFsT1BURUdHemE2NEtiRDdjdjdQMHBjUm9xTUU?hl=en-US&gl=US&ceid=US%3Aen,Outlook India,7 hours ago,🇵🇸 Gaza Drones,https://news.google.com/api/attachments/CC8iI0NnNXdaRXBoTjBadlZIQjBNRU00VFJDZkF4ampCU2dLTWdB=-w200-h112-p-df-rw,2025-10-26T18:38:26.247464
Many injured in Gaza despite truce,https://news.google.com/read/CBMijgFBVV95cUxQSG1LS01ycVpJdElmWEEyMktLRHpqUGJvekEtc3J4VnVyZUdGT2cxZWRvOEl0OG0xR1NlQjBxZm5VNVNTdUZDd05CWkRGeHhFLW5hMDlZMDhyeUJhdHJKcEdjVzgtOXJld0NaLVY2dXAyV3o2WVl1NnJFdTYxSFNGU3hQdFRPSWtpSVdnZE9R0gGTAUFVX3lxTE84ckp1engtb3AxelJHeldCYlpvOWtOc3ZSQ1FiSnFrYmVIWWRjYzA2bEpuVVM0Y0pPaTVUQ3ZLQWNtbndGbThFc094Vi1qRGlZV2ZnZnFGMVBuNHRwcFFpdmthQ3o2ODNXdXB3cnBFTjB0QjlBVWY1VjQtam44TVpyR19fSWVlNHlTZC1keXFhcmRQbw?hl=en-US&gl=US&ceid=US%3Aen,Qatar Tribune,17 hours ago,🇵🇸 Gaza Drones,https://news.google.com/api/attachments/CC8iNkNnNUZPV3RDTVhKNWEyUjBZbHBtVFJDM0FSaVRBaWdCTWc0Qk1ZNGxvZVpqYzNsUGlvNnRJZw=-w200-h112-p-df-rw,2025-10-26T18:38:26.247466
"Ceasefire under strain as Syrian army, SDF trade fire in eastern Syria",https://news.google.com/read/CBMimgFBVV95cUxPQWxKSktHUTd3MDlhX0FrcjQtN1oxalZkamtyU2xETWtKQ3NOeHdYaUFvbUs1dWRRLVZ4LTV0N1piMWtjWUlQMmUxYUtQR2p3Y3hVUGVkaG9DWmdVdXRzaFo3bkhiY0NueW8xQXByU2MzWHA2QS01TnJ2UlJPUU90NTV3RGZibWJyMjBOOE1PU2VkbXZCcmNGbFln?hl=en-US&gl=US&ceid=US%3Aen,The Arab Weekly,2 hours ago,🇸🇾 Syria Drones,https://news.google.com/api/attachments/CC8iK0NnNUdWRkZQZERGZmFuUmhWSGQ0VFJDMkFSaVVBaWdCTWdZUmc0NW5MZ2M=-w200-h112-p-df-rw,2025-10-26T18:38:26.247467
Renewed clashes between Syrian army and SDF in Deir Ezzor - Enab Baladi,https://news.google.com/read/CBMiqgFBVV95cUxOTlJxMG5SQ2pDNG5xRzhfbE5rcFUtLVV1VklmYTd4Mi00aWRPZUlDeU5PanJZbnFVc0o0WkI0cXJyWjRoaTlhU21oajdjUkU4VDg2TVdDMlJWX19oQkJrNFl2bXBtVmhWaTlPTm5MeFZCVG50LU5EbFNIQU1JTmxZcXBCMUl5SUpGdDB0OWpvdG44ZFQ4a19ELXNyWkloYktNQTFxbF8wa2ZBZ9IBrwFBVV95cUxPZVM1cEZHamdKaEZuYjBTSnpwR2R1eXVrOHcxMXl5ZkZfc1V1d2xOTjktXzBiaXJNTWRsWHRkaEQ3RV9Nc0ZGQXpnaVJCcklhNkpBQVp4ZG5Hb0NJVEh6YkxzQUVLUEcxTmRxWjhXQUNIeVNKemQxbFRrcnc0YUtPdDJtZmRKSUFvQ3NpWnRDd2pKdXVVSGFTdGo4OEFJT3pFaDlJYnF0YTZ0ckRPRVhZ?hl=en-US&gl=US&ceid=US%3Aen,Enab Baladi,5 hours ago,🇸🇾 Syria Drones,https://news.google.com/api/attachments/CC8iI0NnNVJXSGxQTm5OM1ZYQkNSMjFyVFJDZkF4ampCU2dLTWdB=-w200-h112-p-df-rw,2025-10-26T18:38:26.247469
2 killed in Israeli strikes in Lebanon despite ceasefire,https://news.google.com/read/CBMiogFBVV95cUxOUU9iWnBSUTlYcHB5WWkwUTF0Qmpwd2ZaNEpCTFhlLUppdERfRjNUTDNlZERyLVVlWEJXUGp6TnFja0lSdm1ialNZZkhoZjM3Z3F6RHlVTHBOUVg4TGhSWmRRU2xSR0xhUHIzQ0N3TVM5Y1Q4Q1BLWm1PNm9KMkE3aGNnX3B5ZU1VRndCVmRfdTFGNzZpZ0dGeGNZM1laZVhvNVHSAacBQVVfeXFMTUxJNXZfZHhCOG54eVY0ZFhsSVFBVGRpTGdrN3MzbHpnUGxmR0dsc3RFZ1Q3aUp2RzhUb1duY1VmYWoyNmlBMlB5REE1Rzh5bTdUa1dUU0MxQ1piRG1YdVgxS0tSNXB4S0tTTkstWXF2SWpxbV9FbG1OSjBLcnlIX2JmQkswcWhYVS14N0pzbVZJRXZ1aGJPWllmM2tPRGswUVFhWHJ5dUU?hl=en-US&gl=US&ceid=US%3Aen,Middle East Monitor,4 hours ago,🇸🇾 Syria Drones,https://news.google.com/api/attachments/CC8iL0NnNVFlRGRyVVhreU5Fd3dlbGx4VFJERUF4aW1CU2dLTWdtQlFZTENNT2M4cVFJ=-w200-h112-p-df-rw,2025-10-26T18:38:26.247471
"Israeli forces conduct new incursions into Syria’s Quneitra, set up checkpoints",https://news.google.com/read/CBMiywFBVV95cUxNU1JSZjRMSk00TGpVdUxfQ1NXd1FoeW5wcHZyTWp4S3BxUThSMXFRcUpiWHhBSFpudHRoRFVpY1JVTmtIdzNTVDlLeFgzQXF0RG9oVVdUUWJFejRPak1LRmtFMm9pUC1XR1ZTTHhZeWUycXdnLXZxUmR1TWdqMXZGVTdERjFFaWlxRmNqTDdoaERQZlRBZC02ZnVzN0pSRzl6SndpWTVUX25qX2tMQmgtVFRTeW1oWUxYcTM4MUxiLTRLeWZLVE1KMGt2dw?hl=en-US&gl=US&ceid=US%3Aen,PressTV,12 hours ago,🇸🇾 Syria Drones,https://news.google.com/api/attachments/CC8iK0NnNTBOMUpKWlZCT1lVaEtVVkpCVFJDZEF4am1CU2dLTWdZQllvd3VOUVU=-w200-h112-p-df-rw,2025-10-26T18:38:26.247472
Heightened Tension Reported Along the Lebanese-Syrian Border,https://news.google.com/read/CBMiqAFBVV95cUxORXotaHJ0OEU0Mlg4dGtzZ054cWU4VGswWmxuWWFkLWNvdkdYTFAtaGpzdlJvNXp3YkZEa1JsZ3dGUDhKNkI3ZDRncFQ1b2J1dXB3b2FyQzJsa085WmpHWWw0Y3RFX0JqVlZJckZKcG9tLW1WS1BtTW9GRmZTeWdwOUdjRHpZbTFvMTlSa2VWTVVSQUMwR0VjRDlYZ2lCSVVJNklXRUIxTWg?hl=en-US&gl=US&ceid=US%3Aen,MTV Lebanon,4 hours ago,🇸🇾 Syria Drones,https://news.google.com/api/attachments/CC8iK0NnNVFYMjB4TVROcWJYSmFTbVZYVFJDb0FSaXNBaWdCTWdZQklJRE1tUW8=-w200-h112-p-df-rw,2025-10-26T18:38:26.247474
British drone flights from Cyprus in October prompt activist scrutiny,https://news.google.com/read/CBMipwFBVV95cUxNTlFGdlB3cUp3d0RKdXVqT3hjbFdMQnZZLVJVdmsxbUJCdE4xNjZpX3RsZFkzb0dvNWRaZ0Q4UWVSRlBZaGFIc0lYYWhuQ0ZDWFQwTWd4SUdGdV8yWHVZemlQTVhTczZSam5HdlVYUFNsRVFiTjB5aTVIUEIwTms1VFlkTVF5OEhIRDhsdFZfb0JWLWpldHZ5djd0TWhDZ1JSUW1ZdUozaw?hl=en-US&gl=US&ceid=US%3Aen,Cyprus Mail,10 hours ago,🇸🇾 Syria Drones,https://news.google.com/api/attachments/CC8iK0NnNURSbUl6ZEdwUGRGOVdaM2RHVFJERUF4aW5CU2dLTWdZbHhKQ3R2UVU=-w200-h112-p-df-rw,2025-10-26T18:38:26.247476
Casualties Among Civilians in Nighttime Russian Shelling of Kyiv,https://news.google.com/read/CBMilwFBVV95cUxQTGFNdWJ1SnQ1U0t0QnA0SG9qXzlxUzVRbXI0cnlMOVdIVHpWWS1yd1pHR1pYc0hNdm5rcFZDUV9OYVVFMkpHTGl5cHRBX0hKMEZ5ZXVZelMtdF9JZEpXYWhDeHRoenUxaEtYTWJxVkNMSGE4bmZDVkhzYmFkX05pTzh5dGFwc1g5MUhlTWxtZTZKQmtSZnRB?hl=en-US&gl=US&ceid=US%3Aen,tesaaworld.com,12 hours ago,🇸🇾 Syria Drones,https://news.google.com/api/attachments/CC8iK0NnNXNhMHBRUXpZd1ZrdHBXbVpsVFJDZkF4ampCU2dLTWdhRlVJcG1yZ1U=-w200-h112-p-df-rw,2025-10-26T18:38:26.247478
"US Rejects Trading Taiwan Support for China Trade Deal, Says Rubio",https://news.google.com/read/CBMinwFBVV95cUxNOTlPRUtJWGc1Z2lTWVB1b3FpNnRrNEVJRjNEb1VneFRhN3VOVDFFejJOU1BZR2llVDlwckxYdklDOTViX3ZoaFdWYVJfRlJLem1JQ1p4UEdldnBTVGl3ZzdpTVIwVHlLOE9WeHBqOUFTTzJtR3Vmd2hmay10akR6UWtTV3VzTUJuUmt1cnZ4S1VySTBIWWs5bTVPdmlNWFXSAZ8BQVVfeXFMTTk5T0VLSVhnNWdpU1lQdW9xaTZ0azRFSUYzRG9VZ3hUYTd1TlQxRXoyTlNQWUdpZVQ5cHJMWHZJQzk1Yl92aGhXVmFSX0ZSS3ptSUNaeFBHZXZwU1Rpd2c3aU1SMFR5SzhPVnhwajlBU08ybUd1ZndoZmstdGpEelFrU1d1c01CblJrdXJ2eEtVckkwSFlrOW01T3ZpTVhV?hl=en-US&gl=US&ceid=US%3Aen,Букви,10 hours ago,🇹🇼 Taiwan Drones,"https://encrypted-tbn3.gstatic.com/faviconV2?url=https://mezha.net&client=NEWS_360&size=96&type=FAVICON&fallback_opts=TYPE,SIZE,URL",2025-10-26T18:38:26.247479
A new level of partnership in the field of defense! London and Kiev will jointly produce interceptor drones,https://news.google.com/read/CBMi3AFBVV95cUxOaFlVYjF2WXFGTG5CNG4wTWtBcl9OdndISzFKbnJIUXVaVnFGQ0RGWWxiNUlnY2FXdTVUMUN4VnV0aG9WTVFHRlNjaE1WeUYtWjU0SnJoZ3ZfQi10WlBUMjYtcml4MkJpT004QU83bHV4cldWN0k0S2F6VFhMdlc1N1dTV1dCOXdUcE8tYklrT1NOY2dJUUZVRU5HVkRRMVNnaGpGV1JwcTBtOEphVHZHdHQxSkhZcXNBMkNheVl1eDRaRGx3WHQ0MUxGcXVRWUxTeVI3c2hFUWtlTGRt?hl=en-US&gl=US&ceid=US%3Aen,fakti.bg,8 hours ago,🇹🇼 Taiwan Drones,https://news.google.com/api/attachments/CC8iJ0NnNXVlVlJ5ZDNGM1NVZGtURUZRVFJDcUF4alBCU2dLTWdPMU1RQQ=-w200-h112-p-df-rw,2025-10-26T18:38:26.247481
Ukraine Endures Over 50 Rockets and 1200 Drone Attacks in One Week,https://news.google.com/read/CBMioAFBVV95cUxQRk9UNFdDR0Nsc21ublBrTHZ1ZmtPRk9wQjFwQTJ3aTYzVGExWXF6VEpncTNNR0RMOFI1Rk5mX2lYUjhZRWRrRUFGM0lEdlI0U2FIeUdGMEw2YXo2S1FjNi1WTXdEalUxa1dEUnRiaHdBT1V1YjMtZ2lqVkNNLTNLTEJaVlZOOVlVYVlIcUVRZXdvZWtMNzN6RWdXVEdBRXd50gGgAUFVX3lxTFBGT1Q0V0NHQ2xzbW5uUGtMdnVma09GT3BCMXBBMndpNjNUYTFZcXpUSmdxM01HREw4UjVGTmZfaVhSOFlFZGtFQUYzSUR2UjRTYUh5R0YwTDZhejZLUWM2LVZNd0RqVTFrV0RSdGJod0FPVXViMy1naWpWQ00tM0tMQlpWVk45WVVhWUhxRVFld29la0w3M3pFZ1dUR0FFd3k?hl=en-US&gl=US&ceid=US%3Aen,Букви,10 hours ago,🇹🇼 Taiwan Drones,"https://encrypted-tbn3.gstatic.com/faviconV2?url=https://mezha.net&client=NEWS_360&size=96&type=FAVICON&fallback_opts=TYPE,SIZE,URL",2025-10-26T18:38:26.247482
Russian Drone Strikes Damage Civilian Infrastructure in Kharkiv Region,https://news.google.com/read/CBMipgFBVV95cUxOdzZCNnZBSWdUV1h4d2tfekw0U1hZSmR6d1IzUkxXM0JHOHg1dGZ4WkZnem9sM2lJeTFNTGtpbHVuVnY3VFgzanFmQ2kxcXp1T2xybG92a1NzS2oybmh4YXhwWUpzR2JSSkN0QXFYT293cFJ3eElkR3JSM01jM1RLTndlZ25jS1lGVmVDc2o1a20xV1paQUtOR2JuWDRGWFZiYjl6T2tR0gGmAUFVX3lxTE53NkI2dkFJZ1RXWHh3a196TDRTWFlKZHp3UjNSTFczQkc4eDV0ZnhaRmd6b2wzaUl5MU1Ma2lsdW5WdjdUWDNqcWZDaTFxenVPbHJsb3ZrU3NLajJuaHhheHBZSnNHYlJKQ3RBcVhPb3dwUnd4SWRHclIzTWMzVEtOd2VnbmNLWUZWZUNzajVrbTFXWlpBS05HYm5YNEZYVmJiOXpPa1E?hl=en-US&gl=US&ceid=US%3Aen,Букви,9 hours ago,🇹🇼 Taiwan Drones,https://news.google.com/api/attachments/CC8iK0NnNDBia1ZFVmtkNWMwWmZUMkpsVFJDUUF4al9CU2dLTWdZUlpKYnBMUWc=-w200-h112-p-df-rw,2025-10-26T18:38:26.247484
Sudan's paramilitary Rapid Support Forces claim capture of key Darfur city,https://news.google.com/read/CBMiugFBVV95cUxPc0M3VnNMNVBDOGZ5b2ttQlFsaEpPaWhkTDhHUWw2emlKUjlBOFVhUTI0ZzVGUkVFTi1Na00tWUt1dmM3bXFUbTJxcFZDak02aWlsTFpWNFFjdTRHTHc5dTdMUFczREZ6ZGo5QURhb3daN0hRYzE5LWM2bzN3WGhuVE9HQWhGdzRHU25SLTZrS3JjanVLMVRVUnN0dzg4a2JwbThkWV82ZnpXRjNjaDVrTFNrbjkwdnE5NlE?hl=en-US&gl=US&ceid=US%3Aen,France 24,3 hours ago,🌍 Africa Drones,https://news.google.com/api/attachments/CC8iK0NnNWlNVE5xYTFodFEwUTVkamRzVFJDZkF4ampCU2dLTWdhSmNZcjFxQWM=-w200-h112-p-df-rw,2025-10-26T18:38:26.247486
"Russian drone attack on Kyiv leaves three people dead and dozens wounded, mayor says",https://news.google.com/read/CBMiyAFBVV95cUxNN1NtUWI1RWZOMHRkVGoyRjFVV2k2ZkMybTBHbTdqT0lidVBfdEkwVU5lNDBXS0xDWUN0T3pWMmplUG5RR3RtQWV1V0RLa1FJejluTTUtZFhPNlE3bTQ1Qzd6cUczODVGekFMTnN1Z1U4elRQVlNrYVpqRGdZVEZ2d0Etd3dzb19hWl9tTVIyOU5oaEtVazRyZWV1cktydWNSNEVFUG40YnpyWXZrVFJNTW01LWRlZUt1MGdvMjRTRHlXb1NSeWx4dA?hl=en-US&gl=US&ceid=US%3Aen,The Guardian,11 hours ago,🌍 Africa Drones,https://news.google.com/api/attachments/CC8iK0NnNU1iVlpQVTBKalRtUlpVVVJ3VFJDMkFoalJBeWdLTWdhQldKTENKZ2c=-w200-h112-p-df-rw,2025-10-26T18:38:26.247487
Sudanese paramilitaries claim to have taken control of Darfur's El-Fasher,https://news.google.com/read/CBMinAFBVV95cUxORzFkTnEydS1IMWNnMHh3dXlVQS03ZEY3R2hUdmljd3Z1TFlKd3BXZHZnRk9Ybjh1UTVwSVFTQl9STzYzYURFTWpmc3RmVHd1V19lYTVWTjJ0dGU4SUZiVUdUYU9OSTYwUlJPUkE4SlVHRHM2TWNIUldJWi1pWU1XcHpkc3kwZzE2ODBzdWYwQ3V4d2NRZUFUUkpXWTE?hl=en-US&gl=US&ceid=US%3Aen,RFI,3 hours ago,🌍 Africa Drones,https://news.google.com/api/attachments/CC8iK0NnNW9OazFvY1ZOT1JrOHlZVjlMVFJDZkF4ampCU2dLTWdZQkVJanBOUVE=-w200-h112-p-df-rw,2025-10-26T18:38:26.247489
"Russian Drone Attack Kills 3, Injures 29 in Kyiv",https://news.google.com/read/CBMidkFVX3lxTE1oZUtpanZZVzNQWDR2d0lITVJycmNYekd1dTk3VW5xNzNBSEhaNnhQaUlmSFM3c2hIVkxqMmxPcjBFYVZqZnFXYnZ0ZDA5MUV0OF9XU2FuZ2phMUYtTzB4Z1lYdktmQWpPc2x1TGpPRXVxZ0tHWUE?hl=en-US&gl=US&ceid=US%3Aen,Voice of Nigeria,25 minutes ago,🌍 Africa Drones,https://news.google.com/api/attachments/CC8iL0NnNUxia2czYVdkQ01WTktSMWxJVFJDZkF4ampCU2dLTWdrWklKQ3NLV2FTeFFJ=-w200-h112-p-df-rw,2025-10-26T18:38:26.247491
Drone attack hits Sudan's capital ahead of planned airport reopening,https://news.google.com/read/CBMiggFBVV95cUxPdmJRVkJyNXZIVnRHTmUyVTZrTmZ6VDIyOHBJTVF4cmtDN2JsUHlndEZsWldJX3VnaTkweUtxQURNVmdiZ0ZXQXhjNUVhVGU2aUxBU3NNS3lxRGJMTFNUUGVPQV9IeDA4UXR1aW5naDFPVmFLZVdyWFA3UW5GXzA0emxB?hl=en-US&gl=US&ceid=US%3Aen,AOL.com,22 hours ago,🌍 Africa Drones,https://news.google.com/api/attachments/CC8iK0NnNXRTMFJ4U2tOdlFUbEVUM1IwVFJEb0FoaUFCU2dLTWdZQllJak5xUWM=-w200-h112-p-df-rw,2025-10-26T18:38:26.247492
ARCO Urges Aviation Authority to Regulate Drone Operations in Nigeria,https://news.google.com/read/CBMilgFBVV95cUxPN2w1RWMxNWpTaS13cGZsd3NzR3BHS3lBblFOZGdpQlZ2YnIzczNpTy1lWFlNOFktN25HWVV1TnRGdk12RmpuZTFUaGtXMzVYSGNCQ1RPNHl6MVlGY1BkX05IQ3hpZXVkeVI2Y0Z1OE0zUThVY0x3c3I4YzVUNDNsMWVySDRUUmZEcEZiUU9lVW16cTUzSEE?hl=en-US&gl=US&ceid=US%3Aen,Arise News,11 hours ago,🌍 Africa Drones,https://news.google.com/api/attachments/CC8iMkNnNUNTMWhYUXpWRFVqZHRlWFJWVFJDUEF4aThCU2dLTWdzSlVJcFdKS2k1Q2VyY1RB=-w200-h112-p-df-rw,2025-10-26T18:38:26.247494
Sudan’s RSF claims capture of al-Fashir army headquarters,https://news.google.com/read/CBMirAFBVV95cUxPMmJ3dFhJTzZTbXJpY3pFSW5QWFBZNHREMmE1LVpMUndIUE1xWTMtS2FxRXlILU9BUlcyLVhGbzhUU3p2aHBnanRlR1NzRzlUVUN6by1Wb2F3ZmQ1TFRGLTVzRW5UUmtMUE9xcTZPVnN0STJ0SHdxeElmaldfTTRFRFVpMFdGamVIeWxNcmNxVVNwNDJKX09GZlVSRkJPbjRkdklfMWRIOU1rYkFM?hl=en-US&gl=US&ceid=US%3Aen,Channel Africa,7 hours ago,🌍 Africa Drones,https://news.google.com/api/attachments/CC8iK0NnNVBaRU5uUXpsQ1pqSXdjVlI2VFJDZUF4amtCU2dLTWdZUmxJcklOUWM=-w200-h112-p-df-rw,2025-10-26T18:38:26.247495
"Lithuania closes airports, Belarus border crossings for second night in a row after 'smuggling balloons' violate airspace",https://news.google.com/read/CBMiswFBVV95cUxQdXpVWXZ5MjBxc2F2OU9IcnFqTkVRVGloako4MnBVYzhiTGJER3FVSG44WmNCMFJyQTJheEtKVWo5cWYzaUozUDVJTXpBXzhxaFM0ZlRRSE9hOHg1c0ptV3dNWG9tVHMxeTZ5N1kwSHdwN2JULTdjWnRyMXBRbFdjX0tja0llQWdQSWY1MFFhZU9PMWxiZDRJM0JuaE9sRGlaVmpOYkRqOTYxSnVkUmZsMkNwYw?hl=en-US&gl=US&ceid=US%3Aen,The Kyiv Independent,3 minutes ago,⚠️ Drone Incidents,https://news.google.com/api/attachments/CC8iK0NnNXZlQzB0YkZKUFoyMVNSMWRQVFJERUF4aW1CU2dLTWdZaEY0WXJGZ28=-w200-h112-p-df-rw,2025-10-26T18:38:26.247497
"Russian Drone Strike Hits Passenger Minibus Near Sumy, Injuring Five",https://news.google.com/read/CBMiogFBVV95cUxOMGh0RjgzdXctV2J2SnVHUWtLQ01RTlFlWEtLSTE1YjVreGh4aEc2Tzd3SU9NVTlPSG9FTElQcC1TVHREQngwLWRZMXMyS0x2ZEFoSGtSamNUOHNwdDVUX3lPUjVZbG96aTVzVjNhVFB4aTd4WTNHMWlQblFyNFJTaWpYdE1EV3N5Z00yUTdJY3pjVU5Vd05jSlZiYWFzM3FfSHfSAaIBQVVfeXFMTjBodEY4M3V3LVdidkp1R1FrS0NNUU5RZVhLS0kxNWI1a3hoeGhHNk83d0lPTVU5T0hvRUxJUHAtU1R0REJ4MC1kWTFzMktMdmRBaEhrUmpjVDhzcHQ1VF95T1I1WWxvemk1c1YzYVRQeGk3eFkzRzFpUG5RcjRSU2lqWHRNRFdzeWdNMlE3SWN6Y1VOVXdOY0pWYmFhczNxX0h3?hl=en-US&gl=US&ceid=US%3Aen,Букви,2 hours ago,⚠️ Drone Incidents,https://news.google.com/api/attachments/CC8iJ0NnNUZXbU41UkV0aWNXOWFOR3czVFJDQUJCalhCQ2dLTWdNQmNRbw=-w200-h112-p-df-rw,2025-10-26T18:38:26.247499
Lithuania Does Not Rule Out Longer-Term Border Closure With Belarus,https://news.google.com/read/CBMilgFBVV95cUxOMlpwWmk3Z0dBU21JcWE0eWlCa3VJT1dVSnZOeTdqaEhqS0xXS0N5SDdwbzFsZmdKZ240XzVOcEFFc1NMT2l5V1BRWFRYdmJMckhhaXdFUGVFZ0FXMDd0cUFCM3FwUFBzbTFvYzE1eHdhUlZqYU9UZFNsT21PWlpwZWdiQXg4Z19xSEhlRmQ5OVJVUWxZY3fSAZoBQVVfeXFMUHkwWHVub2pkdko4QkthMnVFd0wzWHNjN2ljWHJZTENseXhtQ3F5LW0yWjdwVjNyc2xjdm5kWkxOSkdWUWE4aUhsVGpyYWNjYi1PVW5oMXVvS2R3QVdwcjBMMVpRU3F2cS01SGg4a0lTRFdfalIxN0tJSDFIaDJuelB0NWY4Mm5OWnVKbXl5dFBCZl9ScThkVHBNdw?hl=en-US&gl=US&ceid=US%3Aen,REFORM.news (ранее REFORM.by),7 hours ago,⚠️ Drone Incidents,https://news.google.com/api/attachments/CC8iK0NnNHRiREpOTjFCbWJVUlpTMDR4VFJDZkF4ampCU2dLTWdhdE5ZeXVIUWs=-w200-h112-p-df-rw,2025-10-26T18:38:26.247500
"Russian drone attack kills 3, wounds 29 including 7 children in Kyiv residential blocks",https://news.google.com/read/CBMipwFBVV95cUxORVdZWUlkN2t6bVUxQi1aWXAzSldNcmgtaFAxRTk3SllSRjFTdkcxQ0dYU0R4MVBIT05SMXBWd0dSM3o4NkMxSVo2OHhNc0RpSmFIc3BaLXpmZWJUS1VOd0c5RkdHNGJhU2FOSGhIM1JtV0pyZVNaR0kwSmVLNmQyNWJxUElyUjB2T2lYb0NXWW9kVGVXaFZEYnBEM3hkNjNJWWcxYno0QdIBpwFBVV95cUxORVdZWUlkN2t6bVUxQi1aWXAzSldNcmgtaFAxRTk3SllSRjFTdkcxQ0dYU0R4MVBIT05SMXBWd0dSM3o4NkMxSVo2OHhNc0RpSmFIc3BaLXpmZWJUS1VOd0c5RkdHNGJhU2FOSGhIM1JtV0pyZVNaR0kwSmVLNmQyNWJxUElyUjB2T2lYb0NXWW9kVGVXaFZEYnBEM3hkNjNJWWcxYno0QQ?hl=en-US&gl=US&ceid=US%3Aen,Mathrubhumi English,4 hours ago,⚠️ Drone Incidents,https://news.google.com/api/attachments/CC8iL0NnNVJNMGd6ZWpNNWVtZG1Sa3hRVFJERUF4aW1CU2dLTWdrQm9JakF2R1UxTlFF=-w200-h112-p-df-rw,2025-10-26T18:38:26.247502
Sudan Blames RSF for Death of Prominent Tribal Leader in Kordofan,https://news.google.com/read/CBMiowFBVV95cUxQOVNXV3FsV2JtbWxoTkwyd3o4VFc1OGJOd2tFMWMzcEJKZnZlcWgtRUpFRFhDODRTUmROSDNveGRCWS1SclozNTF5QnBVbFJHRnY2aldwRHp5eXVjNUVKQXNISW92cmFMUFh6Snp1S3BZcWNHRE45UHBpUGxiNVZROVd5ZV94LWJ2RmZJN1BlXzlKdWtlUjVNYWVTVFc5NVh2YUpJ?hl=en-US&gl=US&ceid=US%3Aen,impactpolicies.org,19 hours ago,⚠️ Drone Incidents,https://news.google.com/api/attachments/CC8iK0NnNUZRM2hTWTNsNWMwUmphR2hQVFJDZUF4amtCU2dLTWdhQlFKakNvZ2s=-w200-h112-p-df-rw,2025-10-26T18:38:26.247504
"Russia launches overnight drone attacks on Ukraine, killing three in Kyiv",https://news.google.com/read/CBMivgFBVV95cUxNcmFucTlfMkNTN0ZXZFZYYkk2dlliRzB0enpSMU9pRW45THROQzFUOHhHNTNYdGpjRUtvRTNSR0pVcEgwS3BfNEdGTGVaREp5R1p1R04yTjJrUVdtTW00TzR0cm5ZWGxCTlBiTXR2TlhPb29FVWdwOWJlNFJrbVA3b1lCMERDMENZQjNOUGl4QzdKY0Qxc0loWUMzLW4ycFNxYTBPZkdpc001SzhydlNwQWt2dWZiV1lodVY1TjJB0gG-AUFVX3lxTE1yYW5xOV8yQ1M3RldkVlhiSTZ2WWJHMHR6elIxT2lFbjlMdE5DMVQ4eEc1M1h0amNFS29FM1JHSlVwSDBLcF80R0ZMZVpESnlHWnVHTjJOMmtRV21NbTRPNHRybllYbEJOUGJNdHZOWE9vb0VVZ3A5YmU0UmttUDdvWUIwREMwQ1lCM05QaXhDN0pjRDFzSWhZQzMtbjJwU3FhME9mR2lzTTVLOHJ2U3BBa3Z1ZmJXWWh1VjVOMkE?hl=en-US&gl=US&ceid=US%3Aen,Espreso.tv,9 hours ago,⚠️ Drone Incidents,https://news.google.com/api/attachments/CC8iL0NnNVRTMms1WVRaMlMxQmhWbWx5VFJEQ0FSaURBaWdCTWdrQnM0QkFUcUp6ZUFB=-w200-h112-p-df-rw,2025-10-26T18:38:26.247505
"Russia violates NATO ally’s airspace, president vows to 'react'",https://news.google.com/read/CBMi8gFBVV95cUxONEZmSHI1eFljWWlSNjR3Y1lpbTZjcE12NUJhbFA3c1l6ZDd2YWFpdGhMaXRERzd4Zld5NmNDallreHJTWGFOMmlvRU5vbGF2WU0zNHM4QmF3LUt5QVIwajJmVjkyT2NySnNXSW5uQlZHeHNGalRQSjBXVFdva3FKS2ZPZWFRaEh1a05QcHFKS3ZVYTlDRWxMWUREdHFtZ0R2Z2VITXBFNExtTUNVMjktbl80WjRFTGlVLWpBdkI5WFZPcmxGVFRlWWQwY0JqQVBoTGJZSTFPVUQwYUVCWlJuSWhJX1AxQ3BRUU5zd2V6cC00dw?hl=en-US&gl=US&ceid=US%3Aen,MSN,12 hours ago,⚠️ Drone Incidents,https://news.google.com/api/attachments/CC8iL0NnNVFabEJQU1MxWlUzcG1SRnBOVFJERUF4aW1CU2dLTWdtUmNwWlByYWVLRFFJ=-w200-h112-p-df-rw,2025-10-26T18:38:26.247507
Battle for Sudan’s el-Fasher intensifies as RSF claims seizing army HQ,https://news.google.com/read/CBMisAFBVV95cUxQR2Izb1pZdFN1SmE0MWN4MUgzdTBtVGtsdXFrYlkycVBpb09pdFNhRVdlbmNWbDZFV3NDVlE4Qm1RbGVmY2ctNzMwNm5hRVRWRzR6eTVSWWtaWGJiYVE4Vm5pd3hsUWhZeXpINnZKRG1hd2JfSTNqMmZkdFhOUTdGT1NtYTdHOWlaQ05ZeFcxdHdXUkg0cVM3T1hSWHNUTlpWNS1YWVpmZmdUbFpJd0pDMNIBtgFBVV95cUxPS0xUZVp5MHpoRlRrbTVDdEJZYk1IM3Z0cjBzcC1EZjdpQVlnUFA3WERqUXd4N3JRTWYxbV9xOEN2aXlVeDBxbUdoQXVMNHZwV1h6R0JYeFBjR0dySF9iVlhWNkczMUM5enQ5SDV0ZHBxRW5lcFVpclNGNko1WExXS1dYODZudmFLUjNKd2V0aG43azMzSHpkZTZJaTZVNEFicDQ4YXlCamZrQjgxV3JtekFQVzgzUQ?hl=en-US&gl=US&ceid=US%3Aen,Al Jazeera,7 hours ago,✈️ Airport Drones,https://news.google.com/api/attachments/CC8iL0NnNWlNMk54UjNGYU5ETXhkemxUVFJEZ0F4aUFCU2dLTWdrQllJamxScVkxY1FF=-w200-h112-p-df-rw,2025-10-26T18:38:26.247509
"More mystery drones near European airports, military bases disrupt flights",https://news.google.com/read/CBMigwFBVV95cUxOaDFsN0dXLTNvaU8wYlN5OGpvanhWR0wyRW9QU2hlWjlJQVpyOVUtQzV6NnNFdHVzbDVYbnhJNzExMHp2ZFUtTUh5ZnNyM1pHU21mQmFaSVBiYThFQWNqSGJTcFdJdXM0RFdnZU15alZKTVhlY1piUE9RVFRpYXVtUlI5MA?hl=en-US&gl=US&ceid=US%3Aen,AOL.com,21 hours ago,✈️ Airport Drones,https://news.google.com/api/attachments/CC8iL0NnNUZTa3hhYlV4aE9FVXlkSFF6VFJDckF4aUFCU2dLTWdrQlFvNEFHMnBNY0FF=-w200-h112-p-df-rw,2025-10-26T18:38:26.247510
"Ukraine drones attack on Moscow forces airport closure, Russia says",https://news.google.com/read/CBMirgFBVV95cUxPam5Ydi1ZbHJGYkVGTDR3ekdLMTdweDdDTlhFbEY1aW1GRHJ0RjFnTjgzUndudlJ0Q0h3cVduWUU0YzlKeDdPSEtZOE82MXZRbjRha1h4RnpBbmFLc0QyYWttR1Y3NkMyOEZyNXpaTFJjSXo4MDJtQU91cDV2c2lCUTlpbkMzaWpEQVJDaUFxTURxU0tUaVZPbVhsVHB1WVVfZGNFaW9JandtcWZRLUE?hl=en-US&gl=US&ceid=US%3Aen,Global Banking | Finance | Review,9 hours ago,✈️ Airport Drones,https://news.google.com/api/attachments/CC8iL0NnNUZia1JIZEU1eVRGQldVWGxYVFJDdUF4aUFCU2dLTWdrQlVJSmlKbU1XTkFF=-w200-h112-p-df-rw,2025-10-26T18:38:26.247512
Lithuania shuts border with Belarus after another balloon sighting over Vilnuis airport | World News,https://news.google.com/read/CBMi5AFBVV95cUxPeVMyY3Rmcm91SkFYY1h3OGZTdmdwVi00MFdtNEFSLUF6R3g4T2V3SGM1d0pwbmRDdXh0eW9Nbm9oXzc5V2M4MzBSVUw0aThOZFZkRkdsR1VRdXNjT3I4Y3RYUEo5ZW51X0doZzVHSWNJZGVmRURpVXdzamZmR0NJeXZPOFkycDhYZ2UwWG9VX0JnaFQyYUgtUXpzblFhYUFvdHhKX05kTGVPeGtzeTdQMXhzRzEzMXhxVkduUUIzWThhNzR0eGhBdmw5Tjk5d2RrTFlUdmEzcXBQME1XNGRPUHNPa1HSAeoBQVVfeXFMT1RZUktidUc0YlZ6RUJGUm9WQjNNQ244S1NONDZNSlBWeHBQVDcyLUpLOHczdDFtQldWZ29ZSFh0STczQUNQM3RqeHZBN090Snh3di16OHR2WndrX1o0WXNvTXFtMHljVWJhbHltZGxwVGQ5al9NU3M2U3JBR2s5Sk5wWGllT0RNQnFnU1RGY1hGOGZOblZ3RUVEYjRtYmtXZXVMMzBGS3MzOFZ5eUk4bUJyV1ByVmNDb01icTRIYnR1S2d2WUd5X3E3QkFwUmUyVm5kaWdOdy0wdG9FdkRjRk1aNHQ4M2ZaeDFR?hl=en-US&gl=US&ceid=US%3Aen,Hindustan Times,15 hours ago,✈️ Airport Drones,https://news.google.com/api/attachments/CC8iJ0NnNDFNV1JCUkU0dGJrSmlaRGhUVFJDZkF4amlCU2dLTWdNQmNCUQ=-w200-h112-p-df-rw,2025-10-26T18:38:26.247513
Russian airfields under drone attack: Explosions reported near Moscow air bases,https://news.google.com/read/CBMimwFBVV95cUxQTTlrVVItUU9JdlJ4Z0RyRWE3UWJKVmVYQkRXUEc1Q1JsZG5TMFptY2dhUl9ITGUzbkUySEVqSDY0M0JBd3gxWEpLSEFPNDYta3M5NUF6SHdHYXBzYXNpek1sMVdNY1l3ZTN2RkhGZkh3ZTBGc2taUWcyV2l0b2VBUVM3eHE4dXFKNlhmOC1yclBYNE5xR3VIWTljSQ?hl=en-US&gl=US&ceid=US%3Aen,RBC-Ukraine,2 hours ago,✈️ Airport Drones,https://news.google.com/api/attachments/CC8iL0NnNUNkekE1Y1MxUGJFNWZTSFk0VFJDZkF4ampCU2dLTWdrUmtJS29NU2NXZGdB=-w200-h112-p-df-rw,2025-10-26T18:38:26.247515
Moment cops arrest ringleader for smuggling £300k drugs into prisons via drone - as pair jailed for almost 10 years,https://news.google.com/read/CBMi1wFBVV95cUxNUFJUbzdseGhCcUhtYmZaYnhjQ2FrX0ZabGN4c292Ym5tLXl1SjFXSGlzc2hwZ0NCbHM3bDI1R2VJaUczSmZhMmlldEtnX25EVTRQbGtocWNtOE1OcW05NWJmMzNzY3AwNkZLQngydG5DU1JLWkNobFBBLVc2aWZXTW1mdVlYeHFRZWFMS0FwNlJnTUoxaHV4dGtRSTR5SGV1SGd4MHVEZ3UzM0VzYTBZeFVmLXktcHBzUmk5MHh1akZIZHFUcVVMWWd4dlVzREtnMmR5XzA4TdIB3AFBVV95cUxQZ1kwUjVRRmJmMC1zOWdJdGMzWlhEMGxadUdqdjNqUmFjUHlJM1psR0oxWjdCOVZyU0ROQVRYNWowYlVreExVS0JGdDdiMnQ0bXprZ2xOTWZSWmlVRGdNVWVtaHFCYzFsM2lEWTRlU1RFZW9UVHpHQTRqU2JlNG9QUlpCdDFKemUtcGxjcGE2WW5zd21nbC1mMXNRc2JMVWFFaXhwV3pWN2NxeS1sT2liYkxPbkNiOERVSWhEeXc4dUtWeEw2eDhPZ3k4X0FPRFREQWZNUVFXeU55WUlR?hl=en-US&gl=US&ceid=US%3Aen,Daily Mail,6 hours ago,🏢 Prison Drones,https://news.google.com/api/attachments/CC8iI0NnNU1Wa0ZXTTBaMmNrWkJiREppVFJDZkF4ampCU2dLTWdB=-w200-h112-p-df-rw,2025-10-26T18:38:26.247517
Search launched after two inmates abscond from Sudbury Prison,https://news.google.com/read/CBMiX0FVX3lxTE1TZmF2NlAwbzZXZ00tdUJUTXgtVnVNRTNqQXdIUFpUWjhCanphR2JZMlhZNk92ZVo3elBJdXl6Uld5R0FHbEh4NHVWS1c5TFhjeGZuczB3UjdPWUd1RzJv0gFfQVVfeXFMTVNmYXY2UDBvNldnTS11QlRNeC1WdU1FM2pBd0hQWlRaOEJqemFHYlkyWFk2T3ZlWjd6UEl1eXpSV3lHQUdsSHg0dVZLVzlMWGN4Zm5zMHdSN09ZR3VHMm8?hl=en-US&gl=US&ceid=US%3Aen,BBC,4 hours ago,🏢 Prison Drones,"https://encrypted-tbn2.gstatic.com/faviconV2?url=https://www.bbc.com&client=NEWS_360&size=96&type=FAVICON&fallback_opts=TYPE,SIZE,URL",2025-10-26T18:38:26.247518
Denmark cancels purchase of Israeli air defence system,https://news.google.com/read/CBMijAFBVV95cUxPSjJYN0NQUlI2M2RTdjlMY29CZDB4Z1ZOdDgyNXVSRDNSRGllMW5hOUpmamtSRU04ajNndFB2cTY3VmdBamlOWXZKM1NLam9fTEZoM05YcVZTbjhTd3B2LUY4cmZxMGdPYkVhSmprU2tTaEdBQ1RWb0dRcURxaFVNaFNKcDkwVk85TFBsS9IBjAFBVV95cUxPSjJYN0NQUlI2M2RTdjlMY29CZDB4Z1ZOdDgyNXVSRDNSRGllMW5hOUpmamtSRU04ajNndFB2cTY3VmdBamlOWXZKM1NLam9fTEZoM05YcVZTbjhTd3B2LUY4cmZxMGdPYkVhSmprU2tTaEdBQ1RWb0dRcURxaFVNaFNKcDkwVk85TFBsSw?hl=en-US&gl=US&ceid=US%3Aen,The New Arab,6 hours ago,🏢 Prison Drones,https://news.google.com/api/attachments/CC8iL0NnNTFUbWM1T1hCYWJtWlFSblYxVFJDQ0F4aXRCU2dLTWdrcFFJSWJtR2xrdHdB=-w200-h112-p-df-rw,2025-10-26T18:38:26.247520
Migrant sex offender released from prison in error arrested,https://news.google.com/read/CBMiX0FVX3lxTE9YQ3BuOGxMN25YUlRubTBWQUpJU1cyV0t0YnJnRmdJMklSRVlweFZmdE9CVlFvZC1PTVpleGZqclBVZldTeHY5UVZQOGZJZTNYM2xEZVlaMEpLdDFtekpv0gFfQVVfeXFMT1hDcG44bEw3blhSVG5tMFZBSklTVzJXS3RicmdGZ0kySVJFWXB4VmZ0T0JWUW9kLU9NWmV4ZmpyUFVmV1N4djlRVlA4ZkllM1gzbERlWVowSkt0MW16Sm8?hl=en-US&gl=US&ceid=US%3Aen,BBC,9 hours ago,🏢 Prison Drones,https://news.google.com/api/attachments/CC8iK0NnNWhWa0ZXZEhWck1HWk9URzlCVFJDZkF4ampCU2dLTWdZcFpZek9MUVk=-w200-h112-p-df-rw,2025-10-26T18:38:26.247521
Drone plotters smuggled drugs into prisons over more than 50 flights,https://news.google.com/read/CBMimgFBVV95cUxNQ3NXS1paNFhNbXJHZWpxVmNFV1YzNno2dVl4Y0JXMllfOGhTR0ZaQ3hJNlB1YkdYRm1teXQyUmNzajBGUUJKSFRlbGotZnFNamFfMVhOcGJhNWl4cjFLaFBFaTZ4NVBDRThmbHV6R3NQX3VlYnlURk0yQ25QU1BtZnhYLWJsOHI3UXhib292cFdxRE1YYjVuTVVB?hl=en-US&gl=US&ceid=US%3Aen,The Bury Times,13 hours ago,🏢 Prison Drones,https://news.google.com/api/attachments/CC8iL0NnNWhlWFF0T1VSWWJuZEJTR2hQVFJDZEF4am5CU2dLTWdtSllaVDFxS2V4NmdF=-w200-h112-p-df-rw,2025-10-26T18:38:26.247523
London Police Operate Drones For Faster Emergency Responses,https://news.google.com/read/CBMiQkFVX3lxTFBRS0JyOFN3M3kwVEdyY0ZsdU9TcWhsMUlSQnU4Y1ozYkxuOTFEN3hWUnltb2ZoTWxmNVpoWTFuaWxCUdIBQkFVX3lxTFBRS0JyOFN3M3kwVEdyY0ZsdU9TcWhsMUlSQnU4Y1ozYkxuOTFEN3hWUnltb2ZoTWxmNVpoWTFuaWxCUQ?hl=en-US&gl=US&ceid=US%3Aen,VOI.ID,13 hours ago,🏢 Prison Drones,https://news.google.com/api/attachments/CC8iK0NnNXVkRFpNTFRWcGRtbDRRVWh0VFJERUF4aW1CU2dLTWdZSk1JcW9xQVU=-w200-h112-p-df-rw,2025-10-26T18:38:26.247525
Scotland's prison population hits record high,https://news.google.com/read/CBMiX0FVX3lxTE1zcEJ4TV85YVNwc3QtSk9zSkFMUllaVXJnd0Q3UmxrQlhWbkExSVRaelN0bWxZa0JKV3g5Q3k4RnFhTWoxX1FlRjRKQUtJdVBJNDdFSmJjdl9SeHJoVjNF0gFfQVVfeXFMTXNwQnhNXzlhU3BzdC1KT3NKQUxSWVpVcmd3RDdSbGtCWFZuQTFJVFp6U3RtbFlrQkpXeDlDeThGcWFNajFfUWVGNEpBS0l1UEk0N0VKYmN2X1J4cmhWM0U?hl=en-US&gl=US&ceid=US%3Aen,BBC,9 hours ago,🏢 Prison Drones,https://news.google.com/api/attachments/CC8iK0NnNDNNVFZPYzJwM01UaE9SblpEVFJDZkF4ampCU2dLTWdZWkJvUXFQZ1U=-w200-h112-p-df-rw,2025-10-26T18:38:26.247526
Inside the battle to stop trespassers causing chaos on London's commuter railways,https://news.google.com/read/CBMi1wFBVV95cUxQaV9VM0NoZHlwbWFnbGFiVjNmVjFUVXdEQUZhcThsUEZyVG5NVEJfTEpnYjNDOXJJeXg4ZlZ6OU83VlYwa1d4LVYwUWhKUWdxMEZDbmtKbVJ6eU9UVkgtM0xnbzI5TDMzZEdaR2tBQnE1eU1ub2dacHpRS0NmWlc1bXpSYTRxT0NRM0g2M2JxYlBiaE1nUzdmTG1fY0pUQWFYNHdkSTJTLVJRUUl0Ym8yY3luUDdFYUI2aFRtY3FGZ003dGVYWEtSVW8wMGxKOVpuTHBoVVliQQ?hl=en-US&gl=US&ceid=US%3Aen,London Evening Standard,9 hours ago,🏢 Prison Drones,https://news.google.com/api/attachments/CC8iK0NnNTBUbEpsZUd4VlRtdGFXWFpwVFJEcUF4anlCQ2dLTWdhdEE0UXlDUXM=-w200-h112-p-df-rw,2025-10-26T18:38:26.247528
