Title,Link,Source,Published,Category,img,Scraped_At
Drone attack in Sudan threatens Khartoum airport’s reopening: Reports,https://news.google.com/read/CBMirgFBVV95cUxOR3U1QmpUc0MtZzdMN25WQ3RNbjlveHQtWWNuVVdPOE45Vmg1NmVheUZGSjI3R0RYR3pQXzRzZmN3NXNzdWw2SWtJc1VGWnlVLXNoTHQ4SXVBblJIVm9MelMtb1BXSVpPVktfVGxFZkR1VUgtbUlrWVQ0YWx3NnJVTXhyZFpWTktwN2FzWURHMXdqd2ladkdKUkM5aVl3dnFaTXZFaGZrR1RqWmQyOEHSAbMBQVVfeXFMTVV0UmhidVV1WlRYclc5RXNmbG40dmdDRzhZSnBOYWtVYmNMdEstVEJEZVM1dzlDVElRRWJMUng4R01LcWRfTFlnZFltYjJCR1liMk1CMmRLeGdHc0YxMEViZUxnOXlxbm5qRkNtQWJlM1ZvUXZrNnZhakdac2ZZNlVTa0FjNVJKMzFaOVVPcWN4eTdvVlZkT29DZ25fR0FjWDBBeTdDR2kzcHQ5ek1OUjFlcDA?hl=en-US&gl=US&ceid=US%3Aen,Al Jazeera,2 hours ago,🎯 Military Drones,https://news.google.com/api/attachments/CC8iJ0NnNTJiMHAxWkZZNVZtSldZbW81VFJDUkF4ajhCU2dLTWdNQjhBQQ=-w200-h112-p-df-rw,2025-10-22T02:04:50.623515
CNBC exclusive: First look at Shield AI's new AI-piloted military fighter drone,https://news.google.com/read/CBMipAFBVV95cUxQQmNfMG1CMEZIZGpEUC1uZ0lfdHZWT0tZa1dEa2V3VnVQVExiZ04xQ29naE5Bcm9sLTBUNmZGOFhCRVFUX1F4dFhkYXhYRnJPTFRMcnNYdGR2Nm5obFA4dnRkVk83R3JyWnJrR3JZRUFTVEYtME8xZjZMbmNSaXFFXzdJeXBvY09vRVpObkxXQU9KSEdZdU5WZjE4cGtsZGxtUmhmYtIBqgFBVV95cUxOeWR1d0t5bkNob3BUWjZuSnNvWXYxNnBDdGU4S2lWY3RnVjZDb1VPWHNiZzFqMlJaSDBNYWJnQ3VJSTdEbUE3T0Vub19rcXhYMzZRdExEbnhzMEZlVjVMNkpfNDNFdkdZX011MHlCLWwzUDN0MnhhY0VsV1FsN0ZMV3phSkg2WVRkd0hOTmF6WFVhNF9UMDJpUU5qZnFWNUE5TnFjbF9lTDZQUQ?hl=en-US&gl=US&ceid=US%3Aen,CNBC,4 hours ago,🎯 Military Drones,https://news.google.com/api/attachments/CC8iK0NnNVBXbGM0ZFZGMWFIVlRaekp3VFJDZkF4ampCU2dLTWdhUmtvWXN3UU0=-w200-h112-p-df-rw,2025-10-22T02:04:50.623524
UK drafting powers to shoot down drones over military bases,https://news.google.com/read/CBMitAFBVV95cUxNaFIwUjdiNWoycmpqT09EWDVGRkJsRzZ2b0pTZE45SEhyVmNGN3lrdlZ6MGVRQTJicjI1RG0yMHZoOHptaGswSzZnMGFSX3R1bGhUMDFHZXNsaTVKU29tbDZpOXU1Y3hDQlR4MndVYnczUlppY09NNk1BbTNCbzRkaXRaZ1diVFJKOEtrdDhGVzMyR2NLM1I1UG5YUktMc2N0RW5seTlSNGZud0ZlLXVqNzNITi0?hl=en-US&gl=US&ceid=US%3Aen,Reuters,20 hours ago,🎯 Military Drones,https://news.google.com/api/attachments/CC8iK0NnNUZPR3gxVWpKUWFrTjJRVlp1VFJERUF4aW1CU2dLTWdZUk01Q25HZ28=-w200-h112-p-df-rw,2025-10-22T02:04:50.623527
Mass production of Ukrainian drones in the UK to launch within weeks,https://news.google.com/read/CBMivwFBVV95cUxQRmRBU21ocGk5UzJmZVFaZDU5TEtoV1A0SjN0VVJJRzZFOElaRkhjZVkwbGdFLWQtNGcwYTlMS2hWMW9fU1l5d2loaTg5TFRGMlRHTVlfamFOcGpCSUZwbklFZk12Z1dLQ0FZd19hNkdncjNmRzM4ck92anUxLTRUVVJZWkpQSTdsUmNLVjNpNjJXZHU3LXdlTTJPdlcxbVlMZnpoZVZKN3p0YlBZVzJ6SFJYX2cxQUFGOWFURDVUSQ?hl=en-US&gl=US&ceid=US%3Aen,Defense News,14 hours ago,🎯 Military Drones,https://news.google.com/api/attachments/CC8iL0NnNWFZMkpIT1dZMWVsSktZMWt4VFJERUF4aW5CU2dLTWdtVk00WnJJU3A3RXdF=-w200-h112-p-df-rw,2025-10-22T02:04:50.623528
David vs. Goliath: $800 Ukrainian drone destroys $7 million Russian helicopter,https://news.google.com/read/CBMiywFBVV95cUxQQjlWT085WXJnSjJqalJxTW05VWlpTTdEdFA1eW4tR2N6SVpiWWljeFZDQm1RVE5LbERITFdHUXBLbDdsaDQzQU9Hdm5RbVRsNkJwRXpwNjZhSm5ndGFidWdxTDFmcnZCYzBMLUpGeUxzUTQ0WmFSbXhvZUdTMUM2LWhZLVdZZGxPc0ZVSEJMYkYzSzF3eGhVbzFBRW9tTDdtY2lNLWd5WjZlaUJQeDRRNkswalpGZU50SjVQeEZRZGpZQ0p2TXU2UF85WdIB3wFBVV95cUxQSUpHZVpKSmpzcE5hS1c0YTRwOVc4SVFHVXp0dUgtS25pX0pCT1JqakRGazBENFFrLUhsTDRVZTBFMklhYmd4OHhPcHZDOURmNlUtT292MWsxelBLbldHdlVPbFNma2lsaUJEY1BSLWExaHNFM19zOXFBOWNuVmp0ZE5uN3VKckd1M2ZYUFFzVngzTWtPYTI2ZWNibkd5RE5WRFBvMmZnSHVlWk1GVmxka3g1OVlTUlBTdkRtYVl5OU5sZVBRWFJRbkttRTljc1YtZ0oyNDQ5ZnprNVlkWXpj?hl=en-US&gl=US&ceid=US%3Aen,EL PAÍS English,11 hours ago,🎯 Military Drones,https://news.google.com/api/attachments/CC8iK0NnNTJSRUZUVkd0eFFWa3lOa2RyVFJDZkF4amlCU2dLTWdZQkVvWWlEd3c=-w200-h112-p-df-rw,2025-10-22T02:04:50.623530
US Army Seeks Fire-and-Forget Drone Munitions,https://news.google.com/read/CBMid0FVX3lxTE96bVpmN1lrMzY1WU1MTXIxemtXNy1jb3BzN2xhb2QzVE1qN3hzaGc0UWViSVV4VTFaWFFzYTBWVWh1QWJzcHBDVldPbktmY2I0N29WaVhZanpXU0k3TGdYcWRDdkIxSlgyd0lDYzF4MGlfVTRBTUVZ0gF8QVVfeXFMTjl3YWFEbEVVdFAyRV9jUWp2S3kta0N3UlE5cTNHTzhwcG94a0pUcVBjbHhBT0hWUktlOGtzQ09CS3A0TUJsdDRoNWMxb2h5ZDFER0ZNZC0tSFpXSEo2QkNvYnVPV2pEVzFmb0hIMXFsdm1OSWZxTkZTR05wTQ?hl=en-US&gl=US&ceid=US%3Aen,The Defense Post,11 hours ago,🎯 Military Drones,https://news.google.com/api/attachments/CC8iJ0NnNVhWMkpmY1ZBdFQwcFNVamxXVFJDZkF4ampCU2dLTWdNSlV4QQ=-w200-h112-p-df-rw,2025-10-22T02:04:50.623532
Oregon National Guard advances drone capabilities,https://news.google.com/read/CBMikAFBVV95cUxQZFJRS3N4WGVpSWp5TDY0VWptOTJkZlZVY1hOMEhLcFJDNXF1dG9pTnE3ZVN0cEp6NkJFbmJVMnVwUXlZdlYtR21sSUJnNERVcS10LVlpMjZIdXBEaWxwUm13YlVLOUFyREtuTWM4RXd1VzJRM0EwMkJRdzAwN21VZi1OY1JjaEp6Q0ZOaXBoSVU?hl=en-US&gl=US&ceid=US%3Aen,East Oregonian,13 hours ago,🎯 Military Drones,https://news.google.com/api/attachments/CC8iL0NnNXpTV3RqVVZCTVppMUlhVzVpVFJENkFSajBBeWdLTWdrQlJJN2xIaXBjemdF=-w200-h112-p-df-rw,2025-10-22T02:04:50.623534
California Police Department Withdraws Drone Research Proposal After Community Backlash,https://news.google.com/read/CBMifkFVX3lxTE9zWVJldWZlX2J2MWZaM1ZFaEF3RmRMU2xPWnJRSy1oTTkwRnJlSGpqY0tUeWxkRmMzaDA3M1R6d2FoLUlsY2JSNGlpS0FJRUx4WXZXb2g3WFFQRjFRdkczdER6cEN6dUZOVldsNHFqaUwteTFCVzl5eW1aSDVrZw?hl=en-US&gl=US&ceid=US%3Aen,DroneXL.co,10 hours ago,🎯 Military Drones,https://news.google.com/api/attachments/CC8iK0NnNWtXa0pUVFhsWGRHcEVZVkJQVFJDcEJCaXFCQ2dLTWdhWjFKQUx3Z1U=-w200-h112-p-df-rw,2025-10-22T02:04:50.623537
Private contractor reportedly behind mystery drones last year,https://news.google.com/read/CBMijgFBVV95cUxOVEtBQVNTcXA2MlEzelNoYnBOeG9vS2x2d3RrVmJNQXR0bkE5UDRrWjNXRks4YTJUOEVoY21IeWJLb3FocjlCbkFfTkY2WnNNa2x5ZHdKLTVaU2tBMTJ4TzNmdk9yQmswYXBMRXpvME9FX3MybE1LcHREUEg0U096WEJ1NW5iNDN3UUdOVFRn0gGTAUFVX3lxTE93bmw0bW9SdVA4cmp4RjFXMkN3bGZyeGhiTGZncmZKSDdpWjU5eGpXeXR1a1poajQ3dWdzYkpqWU1UNUJYa0dYQ1RGZE5FWHBiZ0pkcTVRSk9xZk1JYnc5WEpDWU1oX1JOVmNfeElWMTlldEw1QlBLaTBBZmNXd1BJbTl1YlphRXhuUjRPN2tDNTJ2OA?hl=en-US&gl=US&ceid=US%3Aen,The Hill,14 hours ago,🎯 Military Drones,https://news.google.com/api/attachments/CC8iK0NnNTRTbVpsVDNaYU1ESlhPREIwVFJDZkF4ampCU2dLTWdZZFpvQUtKZ2c=-w200-h112-p-df-rw,2025-10-22T02:04:50.623539
Russian drone kills own soldier attempting to surrender to Ukraine – Ukrainian military,https://news.google.com/read/CBMiqgFBVV95cUxNeE05aXpJSGxGOVpidTBELUV2c3h1dW43WERtbWVoeG5pcVRKajdyWm0wM2paWDhNd1E4UWczeWkyamNzeWdVRGpLdDVXcjllYldXSDZCRGNBWFlSRFNhcGZLT1FUd2RKMldnYkVUZW1FV2lWd01SNktid21OeHV4ZTJqWWltOGotMXRkd3I2RjM4aUZOb1ZvUnFScFRkTUx6TmlJWGIyR1NGUQ?hl=en-US&gl=US&ceid=US%3Aen,Euromaidan Press,15 hours ago,🎯 Military Drones,https://news.google.com/api/attachments/CC8iJ0NnNUhNMWN3ZDFGVlkxTjNlbWR3VFJDaEF4amdCU2dLTWdPQk1ndw=-w200-h112-p-df-rw,2025-10-22T02:04:50.623541
The Rise Of X-BAT,https://news.google.com/read/CBMiU0FVX3lxTE1zQkd2ZlFQNWlFZ1liZ1NQOVZ3a3JtbzMtc1NvcjFXR0xpakUxWnAtWWZOZ3MzbC1qVHUzSzdrTFFjaTBKNi1COXZ3VkEzQ2JYVUN3?hl=en-US&gl=US&ceid=US%3Aen,The War Zone,4 hours ago,⚔️ Combat Drones,https://news.google.com/api/attachments/CC8iI0NnNW9XRlV4VFhoM1JUWmFUa1V3VFJDZkF4ampCU2dLTWdB=-w200-h112-p-df-rw,2025-10-22T02:04:50.623543
Expect A Brutal Battle For An Underground Drone Base Near Pokrovsk,https://news.google.com/read/CBMipgFBVV95cUxOVnhpc2VPN1Q1a3JucTJOMVNLd3VfQllkNmEzeTlsTUJCMm1pWEt5cnpMV0drYzBhTWhMXzQ0QWltbGNrNThkMjQwLWY4N2x2bVJPdGpKclFrdDIwU2VWVmdKbk1qOHA2SG9ISHJrUjBnR29pVmtiVEJLVGM5SlFYdUFUaUx4eU85aXhFeG9hclZoQW9RNHZkUjJ6V1FUSTRLbEd1Ym1n?hl=en-US&gl=US&ceid=US%3Aen,Medium,3 hours ago,⚔️ Combat Drones,https://news.google.com/api/attachments/CC8iK0NnNVBhRWROV21oeFNsbzFYMHRaVFJERUF4aW1CU2dLTWdZQmtKQmxQQVk=-w200-h112-p-df-rw,2025-10-22T02:04:50.623544
Russian drone attack on car in Kherson: Number of wounded increases to three,https://news.google.com/read/CBMiyAFBVV95cUxNNWpBRjRBOHZMZWxOZHhRZWdaY3dlWThoMEZ2bkcxRnhuODczSTZJcTNfZ1V6TTdwQXlpUWtZZ1h6UDVhLXR6bVdXT3BieEkwOGtzWjNDdjE1R1VvbXVCM0wzUlNXQ3J4VGJBalpxVXNoTnR6STgtbXBQd1BHcGIzZXIwcUl5MURJNUozR0xBUEFpb0pKWTJzaVNuWmxpbGU3SmV5RHhpaDEybmpwUXRMczlLbkpyYW9IRWVURWg3VUN2V0FIaUxfRtIByAFBVV95cUxNNWpBRjRBOHZMZWxOZHhRZWdaY3dlWThoMEZ2bkcxRnhuODczSTZJcTNfZ1V6TTdwQXlpUWtZZ1h6UDVhLXR6bVdXT3BieEkwOGtzWjNDdjE1R1VvbXVCM0wzUlNXQ3J4VGJBalpxVXNoTnR6STgtbXBQd1BHcGIzZXIwcUl5MURJNUozR0xBUEFpb0pKWTJzaVNuWmxpbGU3SmV5RHhpaDEybmpwUXRMczlLbkpyYW9IRWVURWg3VUN2V0FIaUxfRg?hl=en-US&gl=US&ceid=US%3Aen,Ukrinform,10 hours ago,⚔️ Combat Drones,https://news.google.com/api/attachments/CC8iJ0NnNU1XR1IxT1c5ck1UVTFOSE5MVFJDUUF4allCQ2dLTWdNaGRCUQ=-w200-h112-p-df-rw,2025-10-22T02:04:50.623546
ASELSAN’s MURAD 100-A AESA radar makes first flight on Bayraktar KIZILELMA combat drone,https://news.google.com/read/CBMitgFBVV95cUxPMDNwZ3dTUkRocU4ySDlVeEp0RGwzclJGT1lOMUdWZ1VBVUw4aU5zVmJyZ1JwUWJmcDMxcklVYWJmbk9DS0JIWXk4QzlEcTdXTWdpWmU4R0I4TnYtdGl6YUtjRTlhOHh6Y3RhTmJaemFOSmlUb3FqTHFyeVNPNWFBSmIteXhUbXdrN28yd3VjQjdFeW1XTGRsc0ltUHNha01PbFhiQmNOWnJ4SmJCby1qN3FsSzllZw?hl=en-US&gl=US&ceid=US%3Aen,Defence Industry Europe,13 hours ago,⚔️ Combat Drones,https://news.google.com/api/attachments/CC8iI0NnNDBPRzFyV21GWFJrUmpVSFUyVFJERUF4aW5CU2dLTWdB=-w200-h112-p-df-rw,2025-10-22T02:04:50.623547
Colombia Is Struggling to Keep Up With A Criminal Air Force,https://news.google.com/read/CBMimgFBVV95cUxNTWZTMlVydU9KcWRYR3Q4LXJvVHNrTjVwTzlUY19Wd3lnOGp0RVFXSUxPVVFfcm5ENXREYjBhOHNxLW1QOU1Qdm93LVk1YnZSbUpXQnhmWWpnVFg4VTFvTzVNcDR6X0FzcmtMRVNUakhfYXFkQzY3bkstcjR2LVR0Z0o3b3lfaFBFZkJSUkp5ZVBjcDdyNnU5NUp3?hl=en-US&gl=US&ceid=US%3Aen,War on the Rocks,18 hours ago,⚔️ Combat Drones,https://news.google.com/api/attachments/CC8iJ0NnNDNSRzk1WjJ4alNtTkVkalJwVFJDZkF4amtCU2dLTWdPQmtBNA=-w200-h112-p-df-rw,2025-10-22T02:04:50.623549
Russian bloggers publish video of drone attack on UN convoy in Ukraine,https://news.google.com/read/CBMigwFBVV95cUxPMWRYVkNsY3lDRFJXQXh2UXRYMzJQM0xXWVp0TnhldHc3R3UyWU9zcWFhaVhFMXk5YmVtbzBaSm5taEhCTGpNb3hXc2s0dGxFWDV2NngtWUdodHpJb29qN25tenpjalhUQU8yUER5YTR5QmJ6RDZ3X2JtTlQ4ajVFaTlycw?hl=en-US&gl=US&ceid=US%3Aen,Yahoo News Canada,9 hours ago,⚔️ Combat Drones,https://news.google.com/api/attachments/CC8iL0NnNVROa1JXV1VsQ05HWmhaR2xJVFJDZkF4ampCU2dLTWdrQkVZakFwU2Q3Y1FF=-w200-h112-p-df-rw,2025-10-22T02:04:50.623551
"Sweden pushes ahead with future combat air system, Saab receives study contract",https://news.google.com/read/CBMiqAFBVV95cUxPOVp0TERscnJDMjd2VmlXcG5PMnZWV0NqUmp3OFh2NC1DcG4wZFFJbU1ZTTNFYXdscEliMGhQeVJ4V1RqU1QtdmN3aERFd1VnV0ZaYXgtVzZvdk9DZG5mTTlUOWx6X3BCVE5mSXpZRlRWRU5wb3JTVUgzYlk5ZTZUODdpc3JhamlockVjVGhuM3VRdXd1M183ZWYtbUdsbHUxNVo5NTJUdEo?hl=en-US&gl=US&ceid=US%3Aen,Caliber.Az,25 minutes ago,⚔️ Combat Drones,https://news.google.com/api/attachments/CC8iK0NnNTBYMFZGWWpSbFQyaFdhWGRUVFJDZkF4ampCU2dLTWdZVlU0eE5LUVk=-w200-h112-p-df-rw,2025-10-22T02:04:50.623552
Khartoum Airport hit by drone attack ahead of reopening day,https://news.google.com/read/CBMiswFBVV95cUxQamZHU3c5RjJxNzkxNUFwN0ItZVZXSzVaZ1V5SUJkY0d1MVJmbzdZV2pMaWg1cXhOZEc4cWtTMzNMaWpHN0ZaXzlGa2hjRk02NzZBNlB6clBjUEJtOFRxQnVZU1VzRmpsWWt2TnZRX2xlS0ZfMnFZY0F1UGJCeGpxOERTOWdXZ2o4OU1nbUlIOUpyS1pBVXpKcXhtelVvTUVLMG4zd3d5OGVveXRSUDdQbktGcw?hl=en-US&gl=US&ceid=US%3Aen,thenationalnews.com,13 hours ago,⚔️ Combat Drones,https://news.google.com/api/attachments/CC8iJ0NnNVdXbmcxVDJ0NFltdEJhbmc1VFJEaEFSaVFBeWdLTWdNQmdCSQ=-w200-h112-p-df-rw,2025-10-22T02:04:50.623554
European leaders say Ukraine's battle lines must be starting point for peace talks,https://news.google.com/read/CBMixAFBVV95cUxPYUhQUEJfZl9vd1p2UDRmMml3QnRNX0lnRlFpVmxlUm5QT2Ria0hLS2ZYcDJkLWFsTmt2ZHFSVkp3bEUwRDVtY1VxWTBuLU81dWRLWDFkWHhUSEFDdE5odldvMUhYSGpyTlVaMlRVcGh6YnluZlZmbFRDT29lSUpJT2NoMzRUSTdjdUd6R2ppWW1UdWtuTDBNWFVVUnFmaDdWYUtTckhHb2hIc3ZSUmRTRnY1d0dyTC1MWkZRcEdhVXJ6SURB?hl=en-US&gl=US&ceid=US%3Aen,France 24,12 hours ago,⚔️ Combat Drones,https://news.google.com/api/attachments/CC8iK0NnNUZiMVJ5VGpKblpsRnhibE5DVFJDZkF4ampCU2dLTWdhWlVZandMQWc=-w200-h112-p-df-rw,2025-10-22T02:04:50.623556
Ukrainian forces destroy Russian drone-interceptor aircraft,https://news.google.com/read/CBMijgFBVV95cUxONWlienFTU1g2NHJDNkNhWXJ4bW42NVo0OXp1eTVWRjdFQXI2WDczWS1IMElMZUFNc1o1VUZGXzJyZ05YandldlFaR1Z6VGlBUjdWSmdnUHNkMlkxcjhUYkpFcllRc3hwU3VxVENheG8tcGNLS2FjVzFyeGJIZ2ZpNG5oR2dsWE8xUjNMZWpB0gGTAUFVX3lxTE5fUXZ2a1BhcDFLLVlPa3BGSlMxZl9zVTE0SEVGRWRmckZYWktUMFdVeWZ0NHBZRnBIZDZXZlBPVDltamJ1WEFaVVNFNV8tT1B6LXp3Q0dBU1AzZEZXYi12Y2VpS2JJcHJMdmlwWDZrTkgxeHhJVXRuRHVjdUVjcjVLY1hyOHhxVGU5ZUw3aE54alViVQ?hl=en-US&gl=US&ceid=US%3Aen,Defence Blog,9 hours ago,⚔️ Drone Warfare,https://news.google.com/api/attachments/CC8iK0NnNHhRek5LUmw5aWRXeGxVbDlOVFJDZkF4ampCU2dLTWdZcFZaYk9KUWc=-w200-h112-p-df-rw,2025-10-22T02:04:50.623557
Ukraine's Drone Strikes on Russia Are Disrupting Central Asian Gas Flows,https://news.google.com/read/CBMiuwFBVV95cUxOdVFXdVBNZnd6a2ZyVG1lLVUwTzBLYlJOcXN6RFd2S0c3WnRURXlsbDBjM0t0Zl9fM1RGWS1KaFFxdndzbEdpZFY3bHdHbHZ3NDg4eTNMMm0xYktfRXB1ejQ0ZTRZNkMxa2pUTDh3YUJJVVkzSzVzY1dXVGhMMUZBdzhOVXFucENCNVJuY094OGxQWk5vV2tuaXRiNmt6bFcwc01YOWRzeWVlR3dIQUU1SmZfUVE4ek44TnlR0gHAAUFVX3lxTE1PSV9OSmd4OVMzYmVXb3d2LVlGUjQzT0ZqTUNQT2FnQlM3WFBRWThvTlRZQUgzLUh4ckNIM2swek9ENk5ENk5MRkNIVk9YWG5HajJZUHBiYVVoeEh4ZjNzd0R2OVZCWWZIQmd1eC03VTZqZ1pkdGVFWk13QlRjREZDYm4tUVZYaF9fRmVacUIzemx1STdkZUpLNmhJVHcwN1kxWElkem4zTWlGVG0wXzhJUU8yc3FPaDhYaDhGNGZzZw?hl=en-US&gl=US&ceid=US%3Aen,Crude Oil Prices Today | OilPrice.com,9 hours ago,⚔️ Drone Warfare,https://news.google.com/api/attachments/CC8iK0NnNXFkbEV6UVZsUFMzQk5TMloyVFJEZ0F4aUFCU2dLTWdZQk41YWlJZ28=-w200-h112-p-df-rw,2025-10-22T02:04:50.623559
Drone attack hits near Khartoum airport ahead of planned reopening | Daily Sabah,https://news.google.com/read/CBMirwFBVV95cUxNMExWQnowOU81U0ZhM0h2LXNMdjRPeU96UGNkenAtY0lHd1VhV2lTaldpNlJoQndyNmJtekNLU2RDM0hTZGxoQ1Jja2I5dGlweTRfVVVkZGJCSzliV1RjVVRTR0ZPNEhjSndmM0dfWWU3ZV9fRlAxTUNxR0x1UERlTFNHN0o2NWpiSUIybHNTcUNLN01BLVM1NXE4el9SbGsxcDFWQUZ3WnJsa0VDX1dr0gGvAUFVX3lxTE0wTFZCejA5TzVTRmEzSHYtc0x2NE95T3pQY2R6cC1jSUd3VWFXaVNqV2k2UmhCd3I2Ym16Q0tTZEMzSFNkbGhDUmNrYjl0aXB5NF9VVWRkYkJLOWJXVGNVVFNHRk80SGNKd2YzR19ZZTdlX19GUDFNQ3FHTHVQRGVMU0c3SjY1amJJQjJsc1NxQ0s3TUEtUzU1cTh6X1JsazFwMVZBRndacmxrRUNfV2s?hl=en-US&gl=US&ceid=US%3Aen,Daily Sabah,5 hours ago,⚔️ Drone Warfare,https://news.google.com/api/attachments/CC8iK0NnNXhZVTlzY21aVlJqVktkMk5zVFJEREF4aW9CU2dLTWdhTkFvS3ZpUXM=-w200-h112-p-df-rw,2025-10-22T02:04:50.623561
Build the Drone Wall – but make it a dome,https://news.google.com/read/CBMiqwFBVV95cUxORmNuT2RGbGs1OTc0UVhOLWY1dDZMSWtpbUJtOV9SeHFGekdYenFNdkk2a1NPRV9TTl8ycjRTUEFQTGktWGFIaHlUdmlYMXZBRjh3RUx5eXY1cEIxREpleFNydnJ1VFA4a3lXQmdOMS1ZdHI4aUUtZVhGcEpfRmRUSGJZSHE0S05qRHZuWkFEMk5ndEF0b2FCOHkyVkl6MzRhQjZ4cDAxQ0oxdDQ?hl=en-US&gl=US&ceid=US%3Aen,Unmanned airspace,14 hours ago,⚔️ Drone Warfare,https://news.google.com/api/attachments/CC8iNkNnNXBSV3BQWTNST2FtcG5VV0ZZVFJDdEF4akxCU2dLTWc0QnNJYWdRS1FzLUJqcWcyNUFFdw=-w200-h112-p-df-rw,2025-10-22T02:04:50.623563
Sudan war: Drone attack hits Khartoum ahead of planned airport reopening,https://news.google.com/read/CBMiWkFVX3lxTE02TEg4WFVYNklLTTVtOU04di1CbDM2cjdfQk9zbm5mMFRmUWVOQzlnZkMxSnBqZmFFdm1PWm5BZEFFang3aU5UbWg0TkszNG5JMmUwNmRGWEY1QdIBX0FVX3lxTE9ySnQ1azdJUDNJT1I5SDhNNjhyTU1DalVwdlgxcDRGTTJDWmo4N2swYTVwRFhPX01hdFhrNmZxSmoyaVdyekpUczJrY21TTzllUW9iOWZSNG9GdVVvYVk0?hl=en-US&gl=US&ceid=US%3Aen,BBC,17 hours ago,⚔️ Drone Warfare,https://news.google.com/api/attachments/CC8iJ0NnNDJkbGRHUlRsemJXRmhZbU5hVFJDZkF4ampCU2dLTWdNQmNBSQ=-w200-h112-p-df-rw,2025-10-22T02:04:50.623564
Ukrainian city in total blackout after 'massive' Russian assault,https://news.google.com/read/CBMimwFBVV95cUxNNlFCazNZTFFaazk3TFBWeVpDdzJZUzloNkJTd216T2Y2eU9pdlhFWFJnazdqZzRHbFJ3OG9iV3M4YnE4ZmJQSWVpN3p1ajRzVG9SdTdrb002NVlWeUdnbVUwWHNuV1dNZlQzdXZoeGRaV1VIMjNIeUNFZWgwZjN1Rlg3SDBrVXh6dEQycWtfd2g3SlBxbk1zZHBoWQ?hl=en-US&gl=US&ceid=US%3Aen,AnewZ,5 hours ago,⚔️ Drone Warfare,https://news.google.com/api/attachments/CC8iK0NnNTRjRUUyY0dJeGNXcFFiazF3VFJDZkF4ampCU2dLTWdZQms0d0ZNd2c=-w200-h112-p-df-rw,2025-10-22T02:04:50.623566
Eye on Africa - Drone attack hits Khartoum airport area ahead of reopening,https://news.google.com/read/CBMiugFBVV95cUxNTTZWTW5PUDloUDBkMjhtNUlISkJRcGNtMXFFZ0k3MjFzWGFNWk9ON0ZfMm9rWngwdjJEQ3JpbjVhSlZZTVM2ZFhKTWcyTHc1Q0JBeFVSa2ZyWTJpa2tSRW9fbkNqSTRUdDNJX0w0dS0zUUVsN3NtVXEyZ1NRLVVvcHVrNlc2TkZDek9mZ3FxVGJIWVRCOHh6S1JUZzI3VG9CNUlnMFhrZXhWR0JsaC1YcXNDaERvOUFSVWc?hl=en-US&gl=US&ceid=US%3Aen,France 24,5 hours ago,💥 Drone Strikes,https://news.google.com/api/attachments/CC8iI0NnNVlhMU5zYm5wWVVpMXZUVEZwVFJDZkF4ampCU2dLTWdB=-w200-h112-p-df-rw,2025-10-22T02:04:50.623568
"Chevron, Shell cut oil output in Kazakhstan after Ukrainian strike on Russian gas plant",https://news.google.com/read/CBMiwAFBVV95cUxNTWxOMzhsUDlrdnFmbXRrX1ZRaWU0YkVQOFVONGoyX1dJZ09TR0tvZ1R6QzhxNGs4WFVjLXZsYlk0UG5pNmtOQTE5TTNqMXZUMThENk5ZSURsOWViWG1nOGJtUkVlSUVhTFFMUEs5QkZVaGRUNEtGX3NhUW8tOEdrcWU1c2hETVVFOVdyd0FCMWF2bFlaSkNjMjlCRVBVeDQ1RmlITXVxLVVleXVoMlZrb1FRY2JhbnM1blduQlpLRGk?hl=en-US&gl=US&ceid=US%3Aen,Reuters,18 hours ago,💥 Drone Strikes,https://news.google.com/api/attachments/CC8iK0NnNW1RVmhHTjBOMGEwOUtjWEpHVFJESkF4aWZCU2dLTWdZQjBKQ2d2Z1U=-w200-h112-p-df-rw,2025-10-22T02:04:50.623569
Drone attack hits Sudan's Khartoum airport on eve of reopening: What to know,https://news.google.com/read/CBMirwFBVV95cUxPT2xNVm9hVGpjZ21IbjYxYjlTQlMwaUo0TUVtV1JxaU5iVzZSYjV0bmhwYXJhSWJvbTdsOTZvLUhTNUFWWGtLd1hGNWpQNlJKNGFGMGViYzdhcEpBSFQ2bnNuUWNFVVJ5QThBZUlzWUZtcTBoeEpqbmljS3Z4ekRRMGRubk9hcEFsVHdDM01iLUFLUjVUQmNxR3hHYmdRekxfWk5sb0s5MDNLbXNIVkxV?hl=en-US&gl=US&ceid=US%3Aen,AL-Monitor,10 hours ago,💥 Drone Strikes,https://news.google.com/api/attachments/CC8iK0NnNUpkVFJQYkRkaVdIRXdiM2MxVFJDZkF4ampCU2dLTWdhQkE0S3ZnUXM=-w200-h112-p-df-rw,2025-10-22T02:04:50.623571
"Russian Drone Strike in Sumy Injures 12 Civilians, Damages Infrastructure",https://news.google.com/read/CBMitwFBVV95cUxPM3pnTl95V0l3ajJncWdyLVl6Y2IwZlgxcXNReUdKRjNlSW90MF9LeV9zTEdWQWNzVER0cHNodlJ5YmtHM1cyX0U0WE5fMlh0TlRCOXhuNDdzY3c0MkFsU1FRcDN0bVhBQTF2SmhJNUFFZ1lXeDhocVh2ODYwQUlnMG5TLXQzZ2plVFROUTMzTDhjNWRiM0gtMGZLN1dOajU3WmVueVc3OF83VjQ0M1U2QmpDdWlzclE?hl=en-US&gl=US&ceid=US%3Aen,UNITED24 Media,7 hours ago,💥 Drone Strikes,https://news.google.com/api/attachments/CC8iK0NnNUhSa1ZoV1dFNE0yRlVYMFpQVFJERUF4aW1CU2dLTWdZRkVKakpsQW8=-w200-h112-p-df-rw,2025-10-22T02:04:50.623573
Russian drone attacks resident of Tomyna Balka in Kherson region,https://news.google.com/read/CBMitAFBVV95cUxNbUZqRVJETG1FWWpKMGtzZzVHT191RzgyTldtQnF5OWNNX291bFhMM215R3J5LW9BU0Z6bHBsdmlTRXFRZTdHeUxPVzFMdGNZS1BKU3o0VlJPYmlOZGkxckRKVHh4Q0xYNmNtaUJEeG13Y2UzYXBybWVEd0dtMThScWhmeEFLVDBWbUJfUEw3eC1tZl9sMjNFRW1OZ19FcGtNRlFQRVAxOGZRd2dOZzNQdFJZSUrSAboBQVVfeXFMUHlhSXhFbDNLMnF3MXA4c28tdERadHpaVG51TDh1Z0ZEWkpJNnJPR294OHRHbEFsaVg1S292d1JTRzhVQTA5WWZPRFg0RzdSVTZ2bXUwR3o5ajBuMERrTDVYMVhSc1hPTEIySUpvVUlwUUF1cFhLSDJRRUE0blBPNmpleGdKRFE4a1ZlTDg5Rl93WTVURHN1MS1HQVZLOUlyb3psWVJWN3pqRzBKcGY5TkNmQkRzUGNTRFN3?hl=en-US&gl=US&ceid=US%3Aen,Ukrinform,5 hours ago,💥 Drone Strikes,https://news.google.com/api/attachments/CC8iL0NnNUphM0JpYkdSMWFVNUpSMWhmVFJEb0FoajJCQ2dLTWdrQlk0eUlMZWRUa2dF=-w200-h112-p-df-rw,2025-10-22T02:04:50.623574
Several Wounded in Russian Drone Strike on Busy Shopping Area,https://news.google.com/read/CBMijgFBVV95cUxNVVZsZkxaY1JkdFRPQ0FXWjFrU2habzVwWmU0Z3NYZVZSbkZPSXlwZlFsbXl0NGRQSXczSDd0T2NIanQ4WnZzUDhqUnJ2N2ZMOE92Z095T1R3TXo3V1c2QWJ4LWlzQTN1SEFwZ0lGSzZ1MGtYYm1lSDN3cFZlWE9nbDRZd0lPcm9ONy1xR093?hl=en-US&gl=US&ceid=US%3Aen,Yahoo,4 hours ago,💥 Drone Strikes,https://news.google.com/api/attachments/CC8iL0NnNXNSWFE0YmxGaVEyMU1Tak53VFJDZkF4ampCU2dLTWdtTmNaQ21zbVk5ckFF=-w200-h112-p-df-rw,2025-10-22T02:04:50.623576
"Russian drone attacks kill 4, injure 16 in Sumy and Chernihiv oblasts",https://news.google.com/read/CBMid0FVX3lxTE1mN3lzMTQzOHpzMkt4UG1qQWJKNWlFblkxS3lMODJIWndqSk1Sd2M5a0prUnpGTG9FNW1oSm9oVlcxcXdLY2RQQk1ibzgwYnVkbzlEdDJXNnByVV82UlNvMENxUjAyRmpraUZKOHFFbEpUbS0zTmJF?hl=en-US&gl=US&ceid=US%3Aen,The Kyiv Independent,10 hours ago,💥 Drone Strikes,https://news.google.com/api/attachments/CC8iL0NnNHliM05XT1c5VlZWYzFRVkV0VFJEZ0F4aUFCU2dLTWdrQkFaYlBDQ3ZvYndF=-w200-h112-p-df-rw,2025-10-22T02:04:50.623578
The Army Wants Its Own Fleet of Loyal Wingman Drones,https://news.google.com/read/CBMirgFBVV95cUxQQVlBV0ZWUnZFWWdxbENDWkNlekRWQ1hEbDl6MXdLblY1dXdDdkEya3plN3ZpUFBoRHJSNnFJcUFzTVQzUkI5U192MU5tdzlwZVVxRko5V3Z1bnVLLUl2UjZMS25URExDRHRmbkg0NE9fa2lJOWpkVkNuWFZhSWY3a09iTS1Id2VYS1hQcFNLaGZzSnRUQ0hSR3o2MDhCMTRrRFpxczlxMTBFcjlJQVE?hl=en-US&gl=US&ceid=US%3Aen,RealClearDefense,15 hours ago,🛩️ Military UAV,https://news.google.com/api/attachments/CC8iI0NnNUtWazVXVW5OM2FXcEhPSGhYVFJDb0FSaXNBaWdCTWdB=-w200-h112-p-df-rw,2025-10-22T02:04:50.623579
UK military to get new powers to shoot down drones,https://news.google.com/read/CBMilwFBVV95cUxOdzdhdXRMd29qVzZrQzN5a0RhVHJKV0FkRFhiZjlwRWVHV2JYZjVpMTB3TWMyUURRVzZFS1dpN0xDTkRTSEkxVkY5WEo4VU0zZzh3cWRsX3VzaWtMQXdDOFFxT2Z1YUpCdExrMFVNc20tZzlNRzdyblNieUhDdklIamp0ektvcGQwRTQ1YXVaVmpjUGo2ZlhN?hl=en-US&gl=US&ceid=US%3Aen,Space War News,21 hours ago,🛩️ Military UAV,https://news.google.com/api/attachments/CC8iK0NnNWpjVWROY2t4MVF6STFMV1pGVFJENkFSaXNBaWdLTWdhQklZREU0UUU=-w200-h112-p-df-rw,2025-10-22T02:04:50.623581
The rise of loitering munitions in high-intensity warfare,https://news.google.com/read/CBMilgFBVV95cUxOUm82ZVhaWTNMQlVMaHlENmpPNDFGZEVuVXVzMGxUVW9PcTZPX1Z3em5EOHZWZU9FLURndHpuU2lSUEZRSXRQWl96VWM3d1Qwc2l5ZTVEeXJ3UFpUbU5ITXRBbnlGcmh6OHU5aU5ESlVpR3pvWVFUa01HSWhuMGowQ09TQThlaURSNTdRd2tTU2xRYXRZTUE?hl=en-US&gl=US&ceid=US%3Aen,Army Technology,11 hours ago,🛩️ Military UAV,https://news.google.com/api/attachments/CC8iK0NnNTJTVkZKUjI1elJpMUZZekl6VFJERUF4aW1CU2dLTWdhUmdZanl0QVk=-w200-h112-p-df-rw,2025-10-22T02:04:50.623583
"UAVs, AI, and Anti-Drone Defense: Top Military Tech Projects by Favbet Tech Supporting Ukraine’s Defense",https://news.google.com/read/CBMiwwFBVV95cUxQU3YxNUt5cFgxa1VWVElFM3Y3MVd4RHJ6TEdZM1RaYkdqeUEwb0VZWXhWc3VMLVVkYkRGMXlNdF9XYUNYVG5JbHNFWFAwcTJwX0tNNnVlcS1QTjNkUDJTdHdvT0N0MkVSM0d4SUw3dXJQU1RZc1k5UFZHekhEenMtUnRvbTVTMlA5akZsNXNkbjBEM1ltdmRtTG5rNW0waHEwVkRyWVlhMW9oUVhlVFN4eTRoUzlYUGVGaWVXSWE3Nk5KckXSAcMBQVVfeXFMUFN2MTVLeXBYMWtVVlRJRTN2NzFXeERyekxHWTNUWmJHanlBMG9FWVl4VnN1TC1VZGJERjF5TXRfV2FDWFRuSWxzRVhQMHEycF9LTTZ1ZXEtUE4zZFAyU3R3b09DdDJFUjNHeElMN3VyUFNUWXNZOVBWR3pIRHpzLVJ0b201UzJQOWpGbDVzZG4wRDNZbXZkbUxuazVtMGhxMFZEcllZYTFvaFFYZVRTeHk0aFM5WFBlRmllV0lhNzZOSnJF?hl=en-US&gl=US&ceid=US%3Aen,Українські Національні Новини,10 hours ago,🛩️ Military UAV,https://news.google.com/api/attachments/CC8iK0NnNWFVRlJXT1daU1JESlpiV1I1VFJERUF4aW1CU2dLTWdZQmNZNUR0UVk=-w200-h112-p-df-rw,2025-10-22T02:04:50.623584
"Target Drone Market to Reach USD 8.87B by 2032 | Growth Fueled by AI, Military UAVs & Advanced Drone",https://news.google.com/read/CBMi4wFBVV95cUxOWDhOQnpScXpCcWFqYktzVzdLX0Fnb0FjZWRod2k4cWkwbnBLTllIemZNSlZtRE1sWFJxOHRHdmV4bWhvU0ZNZlZvZEI3ZXhzQU1DUjdvamJQSnZ4LXVfNFBEUnpzTW9oc0l1U09FX1pFaS1ZTE9iUUh3bmFwVmFZSmNCaTRFczdVVzBTVzlHOHZDOFpCX1VjOC12RmhPNmZuZmZ3djgzQm1ndTdYeU5sb2k3bTQwaldEQ1Y4dE9GQVJBb2liSkExMUlfQTNtUktNUjQ3ZEZVNzAwa3pXWUhheWJyUdIB6AFBVV95cUxQSWY3elhmRlVZYi1tT2puYU95Q0tnZ3daeFViMi1OdklGcGNqNVdvdTZ5ajZYQnBvNk1OeXY1Skk1VkVmanpFWW94b1VWa21PeDZGdXd4YS1wYnN3ZVF5WUhwamNqU0hCNklJSGFyblVON3ZNN2NpQmJFUlpUYVBoREVjR3ZjMFJCTy0yNUFjbVBtakhvbmk0azhLdDdEdUJwY0NYSXdRcHdLRW1uSUVYbmswVWdXbFRoNHhqRGZmLTByZXlGbzdLdlM0amFTNEpMNnI4OHRsV3lJeFlVSmcyd19lYTAtYmo1?hl=en-US&gl=US&ceid=US%3Aen,EIN News,17 hours ago,🛩️ Military UAV,"https://encrypted-tbn2.gstatic.com/faviconV2?url=https://tech.einnews.com&client=NEWS_360&size=96&type=FAVICON&fallback_opts=TYPE,SIZE,URL",2025-10-22T02:04:50.623586
Ukraine Launches Major Missile and Drone Attack on Russia,https://news.google.com/read/CBMingFBVV95cUxOa3VFWHE0eDJhVmdpX3VxMDBzTFE3MklhRGM2WkN0M0NZUVd2U0owT2laQTFETjh1My1ORXlPVXYyYURRTE9sbGh2RkpLQ1VsWG1VWXVKNHowMGttRzk0bDk2d19QZnhVZWMxVS1MbDdIdTBBUFYzZzRvRHlDZlU4blh2Ny1tSzdsRTdCdlZYRXNwNW5ack5JWW1STjhnZ9IBogFBVV95cUxOdEJNZTZlOGRYRWJSWUdrZFpwTDJWenhyVEJWMlVMV1pGT3ZRVTZtNnZlU2JhLV82NkZVRUNYcWVwQV80SnFhbHcwRUIwUmlZb1J3TlJTb0g3VnFQOVBKSFNNNHBtRWkzSWw3WXBrRjFBd19LNFRTSEVvdzFEaE1pbjFIQ1Y4cnlnS1ZpMjF5dndEcENSXzdaaklCZlFVNmk4QXc?hl=en-US&gl=US&ceid=US%3Aen,Военное дело,11 hours ago,🛩️ Military UAV,https://news.google.com/api/attachments/CC8iJ0NnNU9YMll4WTBSemRGZEtZV2RRVFJDZkF4ampCU2dLTWdNQll4Zw=-w200-h112-p-df-rw,2025-10-22T02:04:50.623588
Switzerland to Spend About EUR 350 Million on Drone Procurement,https://news.google.com/read/CBMimwFBVV95cUxPZGlMZ3ZhS205T09tV1FTN3dobVlBYmRzOS02VWs1ZTZWYkphT21QeEJ3LXdkY2R1ZWZDMFhlUWt5SXNxM1JPSGJTVzhieWxUcjZqcUxfTHEyVUNnamt6dUJQc0hJWlAzbGNNSkJMaVU5bl9LZ2V2TkRxMDFCSVhvaUktRlFlSnpEWU13TVpWR1ppY1QtWmRmOFJIZw?hl=en-US&gl=US&ceid=US%3Aen,Мілітарний,13 hours ago,🛩️ Military UAV,https://news.google.com/api/attachments/CC8iK0NnNVNTMmR5TlhKQ1dXZEZXbVZWVFJDZkF4ampCU2dLTWdZWnM1Q09QUVk=-w200-h112-p-df-rw,2025-10-22T02:04:50.623590
French paratroopers test new PROTEUS anti-drone system,https://news.google.com/read/CBMijAFBVV95cUxOQl9qcWtoY0MtV3ZydmJ0c0lGaUt5YlVmTVB4alQ2TTgtd3plckhTLVdHZjdkYjIzRlFiTElWT1lNbldrMWVtbHBSa0Zjdi1tdU5XNVdpNVBhSWdPS3pjYmx1VG1ZemFwRlA2VnJiYzkwUU1ndVk5Q2ZtRUYtTU9tSDlsdHJRVEpTbFp6c9IBjAFBVV95cUxOQl9qcWtoY0MtV3ZydmJ0c0lGaUt5YlVmTVB4alQ2TTgtd3plckhTLVdHZjdkYjIzRlFiTElWT1lNbldrMWVtbHBSa0Zjdi1tdU5XNVdpNVBhSWdPS3pjYmx1VG1ZemFwRlA2VnJiYzkwUU1ndVk5Q2ZtRUYtTU9tSDlsdHJRVEpTbFp6cw?hl=en-US&gl=US&ceid=US%3Aen,Defence Blog,16 hours ago,🛩️ Military UAV,https://news.google.com/api/attachments/CC8iK0NnNHlSVkZFUld0VGQyUXdUSEJ3VFJEMUF4ampCQ2dLTWdhUmc0eXNNUVk=-w200-h112-p-df-rw,2025-10-22T02:04:50.623591
UK defence chief announces new counter-drone legislation and support for allies,https://news.google.com/read/CBMi4AFBVV95cUxNcTMxY0twZ3hBelpsd0VZV1A4dXNvS3FrZ3hpM2ZrcFY5Zm1iU3pfcW9BN1R2VUFPWGtMSkNCbVBWRzFlNlplX1pYZGNrMTlpekV6cWQ2YUJzeTZFaXJ1djJTV0JldzNqTy1oalNrbjJ5VEU0UzVyZkxVbVF0ZWVrWkZJLXF3QlZ5cEsxTUMteDdDMDVGX1k5OUhxOFRaOGFiSF9adzlseVlmamJLQmN3T3Q2cDVUTm92SkVZOVZfelRtcVpId3VMaV90NE9ObHpDN2gxUmtPempac1dsZ2JOdQ?hl=en-US&gl=US&ceid=US%3Aen,Unmanned airspace,16 hours ago,🛩️ Military UAV,https://news.google.com/api/attachments/CC8iK0NnNWtSRk5CV0VKc1EwTTRlbTQxVFJEVUF4aVBCU2dLTWdZWkVJcVNIQWs=-w200-h112-p-df-rw,2025-10-22T02:04:50.623593
Volatus Aerospace to launch Innovation Centre and Drone Manufacturing Hub at Mirabel,https://news.google.com/read/CBMiwgFBVV95cUxPdUpjLVIwdTJpNENsODlhLWxncktCX1dkY1dYRXZ3RTYzVy1sb01vZXFkcTdFZ19VYkp3NXVWU2xmM3RTbHdZaTJqeFVFY0hmLXFUcGRPa2VoSnNkVFpnSDdrSE9YUTBpTEEzSkRoQkM5RzJ1cXczTUhWdnZLdVpKMEthVTNfbXJHUnB2NmdkRktac1BUWi1yVUUzTlJ1LTJsV2xubWRibTVFOHNqdGJCc3FmMDdjTVVCWTBpVDN2N0NqUQ?hl=en-US&gl=US&ceid=US%3Aen,Vertical Mag,10 hours ago,🎯 Tactical Drones,https://news.google.com/api/attachments/CC8iK0NnNXlZbGx5UWpKVWRIcG1SWFZ5VFJDZkF4ampCU2dLTWdZWnM1UXF1UVk=-w200-h112-p-df-rw,2025-10-22T02:04:50.623595
"French Paratroopers Fire Up Proteus in Live Anti-Drone Drills, Adopting Ukrainian Tactics",https://news.google.com/read/CBMizAFBVV95cUxNSE5ST2pQTWhnS1hzTVdiX3dnNmNaUU00eGVzdmZUTkljbUxMR2lpNHo3R0ZabjBBS3hXZkxTVEMwOWgwcGhqRFJreFJTR3JiTFBlQXIyMkpPZTB6dnVBLVhnZ3dSZmcySGpXYm9ZQkQwQjFESWZrWmJDREQ0TXV3elhLUUFMbUlfME9RVTg1VUFUcG8yQlR4bEt6NlZmSEtrODdncks5SDBaSVZGcGU2TFJFRU9XZm9LelV2YWplZ0l6ZTNkc0M3SDI5cHc?hl=en-US&gl=US&ceid=US%3Aen,UNITED24 Media,10 hours ago,🎯 Tactical Drones,https://news.google.com/api/attachments/CC8iK0NnNTVjRjlRUTNCQ1kyZGxUVlpMVFJERUF4aW1CU2dLTWdZQndJaE55UVE=-w200-h112-p-df-rw,2025-10-22T02:04:50.623597
ADEX 2025 – KDI’s Compact Munition Drop Drone: South Korea’s new benchmark for precision strike systems,https://news.google.com/read/CBMiwwFBVV95cUxQc04tdHJhQ3ZUV0o0VW83cmFYMGpCZzBJeDlGQUhZWF9uYXZNdTVYbVVNSjBkV3hyTUx6aktLN25felhqeG83aVhCamFWbktFRTJyZGV5eS1XeUpLYXpyVjg5bUhwSi1fbXBVLWE1dS10QUY4aXFZLVdzeDV2LXJVWWliLXlYY1NveEtJN3JTY0JWQUw0aWNLS2RxRHJzOEhmUUVTblVGNjJhdjdUeW9ycTItSFNyMEJDdWRUNUEtZHdRS2s?hl=en-US&gl=US&ceid=US%3Aen,EDR Magazine,11 hours ago,🎯 Tactical Drones,https://news.google.com/api/attachments/CC8iL0NnNTVWRnB1YkRaMVlWa3pRbTVUVFJERUF4aW1CU2dLTWdrQkFJZ09qYVFXVWdF=-w200-h112-p-df-rw,2025-10-22T02:04:50.623598
Ascent of the drones,https://news.google.com/read/CBMiYEFVX3lxTE01Yk5RQ1daRmNxalVLRkgwbWp3RE1kYTQ4RUllLThVQlhsT3EtdTdyZzF4aWNnQ2hzWGcyMnlWeGJkNkxoNk1tY0JvUUFoLTRiS2lJZ2t3M2dYd2dRSFFuU9IBZkFVX3lxTE9NX1dCZ01UN19yVnAtWFF5Ry1IcmtqZVVCUlE2ZG81WlhMQzVReXE1eXJBTVdWZWtQTll0V25wY0tYbnFTMUI0cHg5WUFPcHYtejhQVWVVVFNLTXJQZERoTmpkX3VFdw?hl=en-US&gl=US&ceid=US%3Aen,Skies Mag,12 hours ago,🎯 Tactical Drones,https://news.google.com/api/attachments/CC8iK0NnNDRiRlJxTWt0dmEyUTJjazVCVFJERUF4aW1CU2dLTWdhWlJJYXRPUVE=-w200-h112-p-df-rw,2025-10-22T02:04:50.623600
Drone attack hits Khartoum airport area ahead of reopening: eyewitnesses,https://news.google.com/read/CBMiswFBVV95cUxNWEFtQVJHSk9CbWJTRTNleFU3LXNRckFkdjRkWU9wckI4MUxmdjNqeHNOaVAwblpyQ0ZyMUxjVXZHZEZMS0RNdVVWNDRzNWxueV82RzUwdzRMaUNWSmlWZG16ZWNGbXVXU3NCcUlBUEszc2dwMkk2TjI5dlhPd1lpOWxPOG1ZclRpVHg3bElmeERmVkFNbUN1VC1teWp1QjhJTnJXT3pBa05ZNmdNbHlPMjJsbw?hl=en-US&gl=US&ceid=US%3Aen,Space War News,18 hours ago,🎯 Tactical Drones,https://news.google.com/api/attachments/CC8iK0NnNTVaMHR1YWtsSmVYRlJXa2gxVFJEMEF4allCQ2dLTWdZUndJcDJ4QVE=-w200-h112-p-df-rw,2025-10-22T02:04:50.623602
DroneAcharya Aerial Innovations Faces Auditor Resignation Amidst Major Army Contract Win,https://news.google.com/read/CBMi2gFBVV95cUxNMVdHNHJ3eEhxUVVnWkF3VkVYdU1hYS1CNVVxcE9DS2ZaQ1ExbHdTRXo5TUFUU0ZNOGxWZlkydDBtcUEzM1NLcFdRb1E0b3VEZWNzQWZoNDktQmc1SHlramE0Uk9mUHo1UlFsOG8zU2NvOW8zNThvNVZCOEFOUVRhMWdnLTZRYVpycVdjUlJIcDJMRTAxZXEtU0VxVDZmTjUzWERIVXdsUXBMajd5TVZ5cVlDTk4wOE5ZOXloVHA0c2lOTkM2QUlidEZUUmxLMnhPSFRLbUZpMlFnUQ?hl=en-US&gl=US&ceid=US%3Aen,scanx.trade,7 hours ago,🎯 Tactical Drones,https://news.google.com/api/attachments/CC8iK0NnNTZOa1o1VVRST1JHdE1hWFpIVFJDdEF4akxCU2dLTWdZQmNKS05yUWM=-w200-h112-p-df-rw,2025-10-22T02:04:50.623603
From Ground to Sky: How SAKSHAM Empowers the Indian Army’s Tactical Control of the Air Littoral,https://news.google.com/read/CBMi2gFBVV95cUxQcndEdlA4eG9oUWJhSHZPZ0ZqQ0RTVEhvdkFIUlJOWmpORm1xaENsZ2k5N0NHckM3TzgzT1pRYWVzNnF6MzQ2b3hZZ3RNTnFXZjdjX3dYUU1NTnFfX0FNeV9GajZmSlBzR0dHc1ZMZWlST3FhbE9XOEcwR3h6U3VVVjJIOThMUFFJcXhRZklyaEdzSTFyM2owczMxQmtUWHZmSTd4VDdUMGxlQmk0Wm1zQWtYUjNycFJLbEZnMGhQamZtVHE3RGxDTFF4MFVhY1R4V0h6U3ZZYXcwdw?hl=en-US&gl=US&ceid=US%3Aen,The Sunday Guardian,14 hours ago,🎯 Tactical Drones,https://news.google.com/api/attachments/CC8iI0NnNUVZbnBtZVdkbVRYcE5XVmxtVFJEZ0F4aUFCU2dLTWdB=-w200-h112-p-df-rw,2025-10-22T02:04:50.623605
"Swarms of Russian drones plunge parts of Ukraine into darkness, as Zelensky turns to Europe again",https://news.google.com/read/CBMihgFBVV95cUxNRHczUVZrYW5BMi14NElvSkNUTFMwN2tKSmpOWVp3MmVaSm9TZ2xVdXRnejhNck16VHF5Q2lUYWgxbjJZT29XbnQ4a2JCYll1WmRxRGNsWXR4VmNwRnk1dTBFaDQxbjhUTmtBQnB5cFpoT0x4VE9JcTNZQlAyY3c2QlpyZGNZZw?hl=en-US&gl=US&ceid=US%3Aen,CNN,12 hours ago,🇺🇦 Ukraine Drones,https://news.google.com/api/attachments/CC8iJ0NnNUlRV3hLUlV0VU4xcDViVmg1VFJERUF4aW5CU2dLTWdNZDhndw=-w200-h112-p-df-rw,2025-10-22T02:04:50.623607
"Four killed, thousands lose power in Ukraine after Russian attack",https://news.google.com/read/CBMiqgFBVV95cUxNY2VHbTN0MmQ5WGNFamhyZ1MyYkZwY3hoLWhwOVY5N2lpd24teVdGR05LN2lsSnczNzFQaUd5MWVPLURmaG42cktzRnhmWmlUY1hFYXJ6c19oYXpuMmJna2R6bTN6a1h6dTA0bU90OGFwdWh0VmxGM3JPYm40OHJaVGx0NmUxeWxkNmFvSHBOb2JHM2pGUW9VTHNKOFF4Ul9MRmpFMW1JTTVUd9IBrwFBVV95cUxOdnF2M3NLYzRnaV9RcEd4ejZNZHZnSDZlQmVVRklzVkVCbENjdHFnTklGdkgxN3hqbjF4MWw4Vnhia2REMGFXaWp4U1ZJMXlObnRxa01lbmRBbXJ5MVVmZlhPX3A3bFFWWjN3U1FFOUNmTFpaazRoejl0YkhyVmtwSjVCeEhvOVlKbXhOYzd3XzNfTHg3a1ZTcWI1bjFpNkdoYmJZLWxiTHhoOG5mUlZZ?hl=en-US&gl=US&ceid=US%3Aen,Al Jazeera,4 hours ago,🇺🇦 Ukraine Drones,https://news.google.com/api/attachments/CC8iL0NnNTFSV3RXTnpkblRUZDFVRFpUVFJEZ0F4aUFCU2dLTWdrUlZKQ0tzU2V5U1FJ=-w200-h112-p-df-rw,2025-10-22T02:04:50.623608
Russian bombardment plunges hundreds of thousands of Ukrainians into blackout,https://news.google.com/read/CBMiswFBVV95cUxQeXd1Yi0zcDBvZmxHVXJNYlZCRHlIZV9SRUtTUThfZXRvcEY1bkV5dVJ2NkJWMi0zcW1IdjNqQnpPVFVBTnR3d0NfZWFrYy1OU0hwNlROY1hrVDBfRnR4dTY4cmxWNlA2MzhPbHRQYnltSm9fYWo5aFU0ZUdRblhqam5ZMnNVUk91RVljV1JfTm5mcGNpYkx0OWRhR0l0ODU5WmZ6dVdiallFZ3l1WlFJMV9lSQ?hl=en-US&gl=US&ceid=US%3Aen,Reuters,10 hours ago,🇺🇦 Ukraine Drones,https://news.google.com/api/attachments/CC8iK0NnNDFabEk0ZFRZeVVFaFlTVzl6VFJEVUF4aVBCU2dLTWdZQmdJaUV1QVU=-w200-h112-p-df-rw,2025-10-22T02:04:50.623610
Russia claims Ukraine's drone attacks killed 20 last week,https://news.google.com/read/CBMirAFBVV95cUxNTWZUUkJHNnlCLVdPc3AxWXAyTVhtT3dxZExWbl8wd2RPamhQMm9HM1dZcEZrbHVJQkZ6OXdsbUdCc2FNS0dhR0hsUFFYRXNvdjVGZHJZam5qdEE4c0lPUVJHRTF6WFJzVC12ZmE2V21lUGtNcTZDSjZnMDJUa1hxWEF2LUhuTDZnWVByREVtczhiWWdtZ2tKaEs5MnAyWVJ5UkxNRnFtWmNvRnlB?hl=en-US&gl=US&ceid=US%3Aen,Anadolu Ajansı,15 hours ago,🇺🇦 Ukraine Drones,https://news.google.com/api/attachments/CC8iK0NnNWthVEU0Y205cU9EbEVOVE5SVFJDZkF4ampCU2dLTWdhQnk0TEFVd00=-w200-h112-p-df-rw,2025-10-22T02:04:50.623612
"Ukraine Says it Deploys About 9,000 Drones A Day to Fight Russia",https://news.google.com/read/CBMitgFBVV95cUxQelZSZlItc3N6dnZ3NmQ0dldqVlo5TVF0MDZQZHZISFBIV3RoSDVmZnZOMU1zVTdNN2pETWNZeGRnR1JHSk1MM2lTbks0QkZOVW9ybDNoUjZvVXhZVGJLMUpZZEhRdXpyUXAxZmRUb2tGRkpmWlk2bVp0UWxsanhLcE1VeDZRYUgyMHVFSHJsTVRXandBZkdqWVlhRDZzQzNaZmZ4STgzTDVVUXJjWHVOU2dzdllXdw?hl=en-US&gl=US&ceid=US%3Aen,Bloomberg,10 hours ago,🇺🇦 Ukraine Drones,https://news.google.com/api/attachments/CC8iK0NnNVhXa0Y2V0ZZNWJUaG5XRWR5VFJERUF4aW1CU2dLTWdZVk1JZ01sZ2c=-w200-h112-p-df-rw,2025-10-22T02:04:50.623613
"Iran, Poland clash on Russia drone sales exposes Tehran’s fragile position in Europe",https://news.google.com/read/CBMivgFBVV95cUxNRUxsakRhcG5fNXdzQmNsNy1iN2lwWW5LZTNuN1pqRkJqbnNlT2RvRUpJclVUVU9qWWNOUmlQNEhhQllveG1ZRTJYTnM1UVZVM1psbEtQSVlFZUxKSWRBME5hXzFrNDJzUmVSQW13c3NjbE5IbXZweGpCUHVxNE0wRXpvLUNVblNvNG9iVEgwbWI3aElrREdSaWJaWWFvX0lBUEZGT01wNEIwb1ZGT204MGJkMmVicWhfaXFpNXln?hl=en-US&gl=US&ceid=US%3Aen,AL-Monitor,5 hours ago,🇺🇦 Ukraine Drones,https://news.google.com/api/attachments/CC8iL0NnNWlTMlJxV0hGemMwUlZiVzl1VFJDZkF4ampCU2dLTWdtVkE0YnJRZVJiQkFN=-w200-h112-p-df-rw,2025-10-22T02:04:50.623615
Russia Unveils ‘Multik’ System to Counter Ukrainian Drone Attacks,https://news.google.com/read/CBMia0FVX3lxTE9PZ1VyNkpsbjB4OW03LUNvSnIzQWNQV3NVWENOZm1DemdXNDJkSGo3VjhFS3p2SWlLQXNxVE15bUltcWVDRTljSGVqS1p3ZE1QUzRmQXdqM241ZHFVWnpXS3hZQWVXY0tZMUVv0gFwQVVfeXFMTWlkWmpuamJSZ1JYVDNFYUs2T3o4RFdybnFhaDBEcDFqMGVMYzk0NUVLNGVhaUxkblRwQ1gwS202NWhWQWVTY2V2dFBiQ1RvV0k4YkhWb3BpSkotUi14cllEWVE4bDVfX3VLYm5FUE52Uw?hl=en-US&gl=US&ceid=US%3Aen,The Defense Post,11 hours ago,🇷🇺 Russia Drones,https://news.google.com/api/attachments/CC8iK0NnNDVYMkp6Y3pObFFXWkNORkl5VFJERUF4aW1CU2dLTWdhcGdvNk51UVU=-w200-h112-p-df-rw,2025-10-22T02:04:50.623617
Kazakh Oilfield Cuts Production After Russian Gas Plant Drone Attack,https://news.google.com/read/CBMijgFBVV95cUxPZW4yMlhnWVNuemVHN3dtaFI5blYwekxWLVJfTHRha2hxYldadlNONHk5bnRYQlptbjhuakhDby1tZ0lfbVZoYWYtX0lkZ0VtNGpFbkJINkNTSFdNYi0ycW5ZSG5QOXlqeGpwSFFPR1B3MWgxalROeHhxMkphSWxjZWZPTy01OFJoZ3J0UG93?hl=en-US&gl=US&ceid=US%3Aen,Yahoo Finance,11 hours ago,🇷🇺 Russia Drones,https://news.google.com/api/attachments/CC8iI0NnNUxTVTB4WkhZMk1EUnpXVUZvVFJDc0Foak9CU2dLTWdB=-w200-h112-p-df-rw,2025-10-22T02:04:50.623619
"North Korean soldiers are flying drones for Russia and directing strikes in Ukraine, Kyiv says",https://news.google.com/read/CBMihgFBVV95cUxQclRubkxhZ2xsSVZSZTMteHo4cUI4Y3hBVWdYNXRrRklROXZFM1Z6VWg3Rk9NTFpqRDRVay1MQmJHcUI0V2ZINGhCcWt3dUxDOHZwdTMwc2kzckJBVmRSYXdJcm5VRGZmRjE5WTlZS21vWDNwbUZTZXZRdUtVWDhiMWNqaEhUQQ?hl=en-US&gl=US&ceid=US%3Aen,AOL.com,2 hours ago,🇷🇺 Russia Drones,https://news.google.com/api/attachments/CC8iK0NnNU5kVGc1VVVKT1FYRXhSekoyVFJDakF4aUFCU2dLTWdZQndJSzQxQU0=-w200-h112-p-df-rw,2025-10-22T02:04:50.623621
DJI takes Pentagon to appeals court after judge says there’s no proof of Chinese military ties,https://news.google.com/read/CBMidkFVX3lxTE11ZkdrTVlUdmJ1Z1V4ZGFpLWk5a1haaHJtRzlXTTN1ZG9Ya2EyOGp5TjFfbzZZX0FXMlNWSk5GMVF4MVlPQ0R2MnRIX1JMNEtKWmJjTWgtbUNyRnl6Qzk2bDhKUE56b3NvNzFKUHFaTlhJREZEclHSAXZBVV95cUxNdWZHa01ZVHZidWdVeGRhaS1pOWtYWmhybUc5V00zdWRvWGthMjhqeU4xX282WV9BVzJTVkpORjFReDFZT0NEdjJ0SF9STDRLSlpiY01oLW1DckZ5ekM5Nmw4SlBOem9zbzcxSlBxWk5YSURGRHJR?hl=en-US&gl=US&ceid=US%3Aen,The Drone Girl,5 hours ago,🇨🇳 China Drones,https://news.google.com/api/attachments/CC8iK0NnNHhOa2x6WTBOcGFHUmtTMjV2VFJEZ0F4aUFCU2dLTWdZQm9JNVFPUWM=-w200-h112-p-df-rw,2025-10-22T02:04:50.623623
China's low-altitude economy takes flight across multiple industries,https://news.google.com/read/CBMisAFBVV95cUxNT3M4LTlSb01jQ2VzRENXdW5UTm1PMTAzTEdCZU12c1VhWDBPZE1OOXJjeC1rdi1ZYVRtUHBwWk41bmkyTzFTY3lpRlNrRm5EZU5pc3hWSk9uVVJlekc0bHdKYjBaajRGTU55SGQ5Z1BUSTdmUFAxTGNVbUNaZlVNRXAyNFpxNzhKVk1hbjhxMF9fem52T3lyNk5iZ2twbVlaYUFEVk9ETm5RUFI0MC1MdA?hl=en-US&gl=US&ceid=US%3Aen,Space Daily,5 minutes ago,🇨🇳 China Drones,https://news.google.com/api/attachments/CC8iK0NnNTFUMWwxVjA0eVVESm1VMVI0VFJENkFSaXNBaWdLTWdhQlFZREZWQUk=-w200-h112-p-df-rw,2025-10-22T02:04:50.623624
Florida senator urges FCC to fast-track DJI drone ban,https://news.google.com/read/CBMiZ0FVX3lxTFBrenJjVlJaVUE2dWQ1bDg2YXVjaGpfcXRLbmQwcnc0T0w4bzB6VERsa2FVc2YtRU42RW5DWHZfODV4N2VnTkZyVDRELUZqd2VyQmRXc25BNXE3LWZKVk0xaGp6ZWNmTEU?hl=en-US&gl=US&ceid=US%3Aen,DroneDJ,8 hours ago,🇨🇳 China Drones,https://news.google.com/api/attachments/CC8iK0NnNWtkRXBMTUZBdFNXaFlhRWc0VFJDdEF4akxCU2dLTWdhTk1aQ0pNZ2c=-w200-h112-p-df-rw,2025-10-22T02:04:50.623626
NATO is trying to beat Russia and China on drones and robots. A top commander says it's not moving fast enough.,https://news.google.com/read/CBMifkFVX3lxTE9PX3ZtTTJBZWdWS3dyaXBjeVRkN1NwWmJiOGJhcXRRaWhGWnpHd3ptMEpGeVExMVZQR0RibVNGVjBMYUIxUHREV2xLUnFmaWNHWUg5UEVlYU9oX2x5eW5Iay15bS1yd0lQM2xZQ3lUNFZNcWktbE1GTzVuZm0zZw?hl=en-US&gl=US&ceid=US%3Aen,AOL.com,13 hours ago,🇨🇳 China Drones,https://news.google.com/api/attachments/CC8iI0NnNXZRM1ZRVmpOalgzTXhWSEZHVFJEb0FoaUFCU2dLTWdB=-w200-h112-p-df-rw,2025-10-22T02:04:50.623628
China's 5G-for-drones and 6G appetite is the envy of Ericsson,https://news.google.com/read/CBMimAFBVV95cUxQdS1ya09yQ1ZJOGxWcUVaYnhQT3hTZmxfa2d1N0gxYm9xbTdncE0wU0dfWk9LYjRFNW5XV0Zyb1RoRnQ4OWgxTGlvSUVKZlNPTExLdV8tVW5jYWhkekhvMjh5RndFeVVzcjhxQjB1al9DbGUwR080SUswY01TaDg0U3dZOXhmaVM2ODN6bFBkc0t6Z1cyYkhEaQ?hl=en-US&gl=US&ceid=US%3Aen,Light Reading,20 hours ago,🇨🇳 China Drones,https://news.google.com/api/attachments/CC8iJ0NnNHRlRzVFVkdRME1VVldXREpPVFJDZkF4ampCU2dLTWdNQmtBUQ=-w200-h112-p-df-rw,2025-10-22T02:04:50.623630
"Scenery of populus euphratica forests in Hotan County, China's Xinjiang",https://news.google.com/read/CBMiY0FVX3lxTE80YWpzbFMwNzFhbjI0dzhzRlJUTDlaZUNPZm15RmY5YzVEa1NzbnlhaWRYQ210dFI4MFZyUF9YVndXZTVhUXFVRjE0LTFOOWZsMnR5Q3Q3V0dMUDRRVDJ3NXI4WQ?hl=en-US&gl=US&ceid=US%3Aen,People's Daily Online,1 hour ago,🇨🇳 China Drones,https://news.google.com/api/attachments/CC8iK0NnNU9YMlkzUkRCWlNVSllMVTlxVFJDM0FSaVRBaWdCTWdZQkVJb21KZ1k=-w200-h112-p-df-rw,2025-10-22T02:04:50.623632
The key to winning a Pacific war: cheap cruise missiles,https://news.google.com/read/CBMikwFBVV95cUxNUzJrWGFJMU1VV2ZpNE9ya3JYaWZETGdBV2gxdVROVzJhRFk0dDA3Y0cwLUpKOVh2a0dvaEFaTTNFbGI0YWdvbktNR3VSeElDanotSFdOV0NwbFY0eWxwcnRsS0xkV1dadVVkVlFkdU9KWjB0MnBTRFFwZ1U1aVFRSlFfLWNwT1p4ZzNMM0c3V3RxTjQ?hl=en-US&gl=US&ceid=US%3Aen,aspistrategist.ru,6 hours ago,🇨🇳 China Drones,https://news.google.com/api/attachments/CC8iL0NnNTJka3h6TjBjeVIwOXVUVVUyVFJEZ0F4aUFCU2dLTWdrQk1JcXJuQ1dxQ2dJ=-w200-h112-p-df-rw,2025-10-22T02:04:50.623633
New rules allow Taiwanese troops to shoot down drones with light weapons or jammers,https://news.google.com/read/CBMilAFBVV95cUxOb05vV05UYkN5Z1UycDNSdENrbFF2YlZoWDdCbjFDREpnVUdscG9MakxUdXdYM3VXcWhxaXhraS1IQVVoNjZKcXE3RkoxQzlJWHhkSFhJN25KcHkyT3pnWGQ1SmJ0d2w4cmZvLThlcGV4VVZ4UkNzUzNPd3RwNmUzY1BFb0VuR3ZkSUpZWENoWGVERVdH?hl=en-US&gl=US&ceid=US%3Aen,The Independent,13 hours ago,🇨🇳 China Drones,https://news.google.com/api/attachments/CC8iL0NnNTRVSEE1UzA1RlN6Y3hTMGRwVFJDOEF4aXlCU2dLTWdtRm9Zd3p3V1d4cndF=-w200-h112-p-df-rw,2025-10-22T02:04:50.623635
China/France • French defence ministry's 'homegrown' jammer is Chinese,https://news.google.com/read/CBMi2gFBVV95cUxQdEVvaGJ2am4tOXF6Y0V2aTlXeDJ4X3g0S2dsVXhEdGV5VERFVUFHUWhXaUx4M01VdmNZckYxY05zLXd6UWJlX21mMk80ZUtyaGgyaW1lTS1lX2diQV9FeXVYYkp6WFpjbjYtVm5tdkoyQVdocFduZGppVHliRm5yTGE3RFJUeGJXR0ljV1dSQ3NfSWkxQ0xJOFRhUHNwbU4xZTFPLTljZjQ2Z1p4UmZLTGZVNHVZaTFMbFBhbGhHYnFsSC1ROVNwaHV1RjNhWEMyNHVrdWhQOFZJdw?hl=en-US&gl=US&ceid=US%3Aen,Intelligence Online,22 hours ago,🇨🇳 China Drones,https://news.google.com/api/attachments/CC8iK0NnNVJiSEJQV1VKdVRXRTRVbDlOVFJDaUF4amRCU2dLTWdZWlVZclV0QU0=-w200-h112-p-df-rw,2025-10-22T02:04:50.623637
"Liuyang sets Guinness World Records with fireworks show of 15,947 drones",https://news.google.com/read/CBMifEFVX3lxTE5vV1NTaEdJZzdOZFNRYzNfa19nMXlja0tWb2JrX1k5QmU4cDRZa2xkYUF4NDVqZTlEcWVTaG5PQ2VmUXMwR1o3OVpzUTJuZzJES3ZDSVd3Y28wanp3Vy1LaFRwUDZtSXA1LVhsSWpaT1RueDJ4NFhUMlluSGo?hl=en-US&gl=US&ceid=US%3Aen,Xinhua,17 hours ago,🇨🇳 China Drones,https://news.google.com/api/attachments/CC8iK0NnNU1jbGhyTm1sSVR5MUtkMU5FVFJDb0FSaXJBaWdCTWdZWk1JNEtvZ2M=-w200-h112-p-df-rw,2025-10-22T02:04:50.623639
Assessing Air and Missile Defenses During the Israel-Iran War,https://news.google.com/read/CBMimgFBVV95cUxNejR3eTB1WmZBaFZPU0l0V1UtbFdSQzhnZktldWxNR3pQQWttbG9mdVdlVGxJclgyclJZSkNQZXB5VmowM09EWmcxNVBfdUxETF9VZEc1Zk9hMWYxYXJ6d1Q3SklNNWZsZDRSeDBPU1BPUWJOX3BBcHl1ZmlBVzZDdVAwSU0tVUsxMGxpMENiRGlMcGN4b1ZGVDh3?hl=en-US&gl=US&ceid=US%3Aen,Foreign Policy Research Institute,12 hours ago,🇮🇷 Iran Drones,https://news.google.com/api/attachments/CC8iK0NnNUNSR1JtYkZsMGIxSmxWMVZNVFJEVUFoallCQ2dLTWdhOUFZQzJBQXM=-w200-h112-p-df-rw,2025-10-22T02:04:50.623640
Undoing the Agreement: How Iran and Russia Are Redefining the Nuclear Order,https://news.google.com/read/CBMitgFBVV95cUxQWUNaR3FpcU9CODlnZUwyc0N3Z3NxMjlGVVJTVjM5MjQzX0ZFN3dKZ3dpbmNSWEh2LVNuQmEtOWg4R0FSTEhPdElIb1RLQ092ZFp6a2ZpWDBRLUtkd1I2LTNVMFRsaUs0SEdrd0dpZE8tQlJRVDUtUlhuZU1pY1djMHVGaTk1UHVYWDE1Zl9zNlBUOWFVakJLRjF4UTZnZGV2WExTZzRodlhGaXR4LXMyMWNDQnIwdw?hl=en-US&gl=US&ceid=US%3Aen,Robert Lansing Institute,11 hours ago,🇮🇷 Iran Drones,https://news.google.com/api/attachments/CC8iI0NnNVBOME5UTTJsR1gyVjVNM2xRVFJDMUF4aTlCU2dLTWdB=-w200-h112-p-df-rw,2025-10-22T02:04:50.623642
"Houthi Ansar Allah Movement Summarizes Its Military Contribution To The War Against Israel In The Last Two Years, Including Drone Attacks",https://news.google.com/read/CBMivAFBVV95cUxNTHNEUG1JM0FqaW9BMlAtV0ZKM1RkOFBoSjhoVkNHYVNYQzl0N0lFNjI3M1diWmx1QzB2aC1hUUtoZlZVU2pER1hzajM5Nzgza1l6OUNTTWdTelFXdTNfRTNVZU9jRlBGNFpTamtPaUI5WXQzdkx5OGxjSFh5NlpzLUd0dm82N3cyVEYzNDM2NElxdTg5NjktY0FBbHRNaFFMcktVTVNoWnh2NHZEMk15WklFZ29kcllpTDZjQg?hl=en-US&gl=US&ceid=US%3Aen,MEMRI,4 hours ago,🇮🇷 Iran Drones,https://news.google.com/api/attachments/CC8iK0NnNUpTM0JQWmt0QlZHWlJSM2w0VFJENEFSakxBU2dCTWdZVlFZSnNNUVU=-w200-h112-p-df-rw,2025-10-22T02:04:50.623644
Keep dreaming...: Iran leader Khamenei rejects Trumps offer to restart nuclear talks,https://news.google.com/read/CBMivgFBVV95cUxNSFQwTzlmdHV1TDNHbHZSNXBWR0xCUFNkME44bk5qa1E5LWdseWVkQ1RIbVhFaU41R0t1YXdqRmh1aV9IeW96S0xNai02WmJkMmlhU0hpNEFWUlRsSktkOXlnS0p6N1hKenBHWW93M1R5bkhHUk9rMzU5c0pWaUhDaVJkRC04STNNdkhqclhid3k2cktsOWVWUGpzRkZFYndwUDl5RWg1OEJfZ3pjUmdJWlVvR0hsOWVFX2pUVGpB0gHCAUFVX3lxTE00UkRpVm04WGo1NHFxa2JCY3pKNzhGRG1jd1ViVkEwVFRlZWVLNHVYSnl3Uk1ybXhSaVNQTXhTd1RMdTZKSlBxRG9ORV8ySnBGQ3J0S1NadlRZVGZKck1FR1U4S01Bck5sTFljMEkwVVNkbEE0bnZNUXYwZm9WX29XNlZ0eUlFMTVtdmFIRUtrLW1Mb1VHSm5EWHNRNXBLTkRyZHBKQ09HVG5jVUYwWVZZd3QtX095MDlkZFlfNzdyRmNB?hl=en-US&gl=US&ceid=US%3Aen,Tribune India,14 hours ago,🇮🇷 Iran Drones,https://news.google.com/api/attachments/CC8iK0NnNVNXRGhOWTJKQ1MyYzJTamMxVFJEZ0F4aUFCU2dLTWdZSldZN0ZMZ2M=-w200-h112-p-df-rw,2025-10-22T02:04:50.623646
Poland and the Dishonorable Game of Iranophobia,https://news.google.com/read/CBMiigFBVV95cUxQU1Z2MXlZNlZRbDMzMURYR0t2TFpMcFBxQ1VZX3B5Rm9CQTNGZ045NEhGaDBFbVAtZnJXZXlfN0FUR3hFREJ1T0FOMjZRNzJMVnFiM24wNkptZWg0QXJEbUtWZHlVcmNIdkxJb2Q0VlJ5VjM1RG8zUVdTdVlEMFQtTm9vMUNvWWRCUXc?hl=en-US&gl=US&ceid=US%3Aen,نورنیوز,13 hours ago,🇮🇷 Iran Drones,https://news.google.com/api/attachments/CC8iK0NnNXlNVVJWU0UxeFIwbzJVMWhpVFJERUF4aW1CU2dLTWdZQk9aakVtZ2c=-w200-h112-p-df-rw,2025-10-22T02:04:50.623648
Tensions Escalate as Ayatollah Khamenei Rejects Trump's Nuclear Talks Offer,https://news.google.com/read/CBMi0wFBVV95cUxNZ05NdmcxMzBpVy1PaERKYnNNbkw2Wlo1TWFQc2JXZWtqUFB3cW1nVlpFNUFZaFR5ZGUzYVhxOWRHa1NySGxtZkpmUVhTNFZncE9rblp1MGxVVXR6WUkyVWZlcVpET1hBdkN1cEY4TjRST21rVTdQY3hUeHI3a3padEFXamFHY0g2MWkwWlhWdVRoOUpiWFhlWS1sQmJZbFVya1h2T3FXQlNKZmdERll1STUta1dScE15eEQxRjVDUDMwdTJ5RHVmOVlIYWpweDdTMy1N0gHTAUFVX3lxTE1nTk12ZzEzMGlXLU9oREpic01uTDZaWjVNYVBzYldla2pQUHdxbWdWWkU1QVloVHlkZTNhWHE5ZEdrU3JIbG1mSmZRWFM0VmdwT2tuWnUwbFVVdHpZSTJVZmVxWkRPWEF2Q3VwRjhONFJPbWtVN1BjeFR4cjdrelp0QVdqYUdjSDYxaTBaWFZ1VGg5SmJYWGVZLWxCYllsVXJrWHZPcVdCU0pmZ0RGWXVJNS1rV1JwTXl4RDFGNUNQMzB1MnlEdWY5WUhhanB4N1MzLU0?hl=en-US&gl=US&ceid=US%3Aen,Devdiscourse,14 hours ago,🇮🇷 Iran Drones,"https://encrypted-tbn1.gstatic.com/faviconV2?url=https://www.devdiscourse.com&client=NEWS_360&size=96&type=FAVICON&fallback_opts=TYPE,SIZE,URL",2025-10-22T02:04:50.623650
"Iran to Poland: Repeating baseless, meddlesome remarks won’t solve anything",https://news.google.com/read/CBMiS0FVX3lxTE54bW9EbVVmdzBwdER1Und4ZGVRNmtnNHh3VEdXRFlRV2ppeHo4UXBNUE1oNXU2eG85dWNyeExBaXBZdWJwd2xUX2pBd9IBS0FVX3lxTE54bW9EbVVmdzBwdER1Und4ZGVRNmtnNHh3VEdXRFlRV2ppeHo4UXBNUE1oNXU2eG85dWNyeExBaXBZdWJwd2xUX2pBdw?hl=en-US&gl=US&ceid=US%3Aen,خبرگزاری برنا,19 hours ago,🇮🇷 Iran Drones,https://news.google.com/api/attachments/CC8iK0NnNVlhRTVmZUdWa1QyWjNUelJ0VFJDZEF4am1CU2dLTWdZVldKQ0lLZ2M=-w200-h112-p-df-rw,2025-10-22T02:04:50.623652
Araghchi blasts Polish officials for statements on Iran,https://news.google.com/read/CBMilAFBVV95cUxORnJaeDRHbTF6YWRGOTNFcmFyMERudjZydVpOMXNrQV9ZVUVsSVE5bnhRbFR5ajBpdHdwd19Jc0NuRGI3TlAtRmp4alQwdU45emhZZGNuelRrTG9MeklGWDN0X1BVYllCVk12ZGljS1k3eFk4Nk5GNGhrTmNDRnNzR1FhZWE3eGVGN2dNNU82Q01GRFBM?hl=en-US&gl=US&ceid=US%3Aen,ABNA English,21 hours ago,🇮🇷 Iran Drones,https://news.google.com/api/attachments/CC8iK0NnNHRNMVpFTkZsUVkyNTJRMnQxVFJERUF4aW1CU2dLTWdhNVU1WlJwUWc=-w200-h112-p-df-rw,2025-10-22T02:04:50.623654
Report: Iranian site hit in Israeli attack in October 2024 is being rebuilt,https://news.google.com/read/CBMivAFBVV95cUxNOE1RQ0t0MU0xQTRZWTFVT0ZMRmRycTh3eXU5WjJ1S09HR0ZXZmJQMTdxY2hPbS04YTktUnlJUFduWTVydkNFTFp4emNFSmRSN3I0OXgyTU5zT1hJQUgwSFRzRlZlZnMtOU1oZFFEaHpHVXJ0Q3FlbXNBaVF2V0hBN3pYRlpMbnQ2RU5FR3V1YlNwWmRvay1EaGxQZXhnWWNFMlNkUVBrdUxaSmRxXzNmNEJrTTdwTHppV1Fueg?hl=en-US&gl=US&ceid=US%3Aen,The Times of Israel,4 hours ago,🇮🇷 Iran Drones,https://news.google.com/api/attachments/CC8iK0NnNTZOMVpQWWs5U1UwcHNhRU13VFJDbUF4alhCU2dLTWdZRk00U25vUVk=-w200-h112-p-df-rw,2025-10-22T02:04:50.623655
My Time as a Prisoner of Israel,https://news.google.com/read/CBMigwFBVV95cUxQN2tYVjdJTE9xNzFTV1I5MFVSeFBHb1FCeTdhU0dlLWFDMEtHUl8tOENTdVhYQ2hBX1pLSU1CUVRlSnhlQWxyeE5jeGdSSkF1UEJibFhLSHpna3ktQzZ3NlNSVFVoQmZpM2o1T21vWTRDbWNETGNuRmRqbUhGQU8tSHRzNA?hl=en-US&gl=US&ceid=US%3Aen,Home ❧ Current Affairs,2 hours ago,🇮🇱 Israel Drones,https://news.google.com/api/attachments/CC8iK0NnNUhPVTFzU25OSWFXbDFiREJmVFJDNEF4aTZCU2dLTWdhQlI0S0hKZ2s=-w200-h112-p-df-rw,2025-10-22T02:04:50.623657
UK deploys small number of military officers to Israel following US request,https://news.google.com/read/CBMiwAFBVV95cUxNamdnSXJZdEZSaHBqZGUwUW9ockdLalllUFZQeUhDZnhvVnE4aU5XUjU0ZDJfZnNfc2dZUm1ZZFBTSG01NWhBRlE0SjZxNk1NaW91bEI0Rl9MUFpoU29OYXg2Qm1UUE5nZnF2akRoekVmZTNNbkZpeEdnUTlfb29hRUJ2clRyejlYbFJQWW90T2VZNGZKdUNrb1JxSEVLanc1R2tLTEZPcDM5eF9QTGcyWGl5YzFmTk9qVDJmLTdNdEM?hl=en-US&gl=US&ceid=US%3Aen,Reuters,8 hours ago,🇮🇱 Israel Drones,https://news.google.com/api/attachments/CC8iK0NnNVFPRWxKTkVWMmFsTkNWVEV4VFJDZkF4ampCU2dLTWdZQlFJWU9OUVU=-w200-h112-p-df-rw,2025-10-22T02:04:50.623659
Three children among those killed in Israeli drone strike on Lebanon,https://news.google.com/read/CBMigwFBVV95cUxNdFUzd2RocjN3eEZIWko5MzRfZjFEZVNiT0NqVkxzZ1BvaF8yNVRaRVdDOUF4RkJuWDBVMXJ6MWJia2l3QXNYYXNwd1J6ckxHazJRNEotT1gtaHBFcks5RE1Ubk1OZ2g4aTJHU09nM0VsYmRpMGZ6RmFOMER2TFdISHZCaw?hl=en-US&gl=US&ceid=US%3Aen,AOL.com,7 hours ago,🇮🇱 Israel Drones,https://news.google.com/api/attachments/CC8iK0NnNWxPRkJDZUVsWWFEWjNlbFkyVFJERUF4aW1CU2dLTWdZSlFKYVBuQWs=-w200-h112-p-df-rw,2025-10-22T02:04:50.623661
Israel identifies the remains of a hostage as Hamas says it's committed to ending the war,https://news.google.com/read/CBMiwgFBVV95cUxNQU93ckhENWhSLS1BZFlxQWRZeEVmWHVjeXF3Unphc296ekFFSHFhUnliZDh5Vzg3cEpaZl9HN3Vna1FTR2taNHFmM2VjWDR1TkxNdUlyYlNscFZ2QXhwelN4SzNSeU1UeE1tUjN1TGU3Y2s5c08yTGFkTGVUSzhZMEZKOEowSTNKTlRUcHRNREg3YzIzTklPX01PWnlKcGliLV9RakNrUkZWSjczeldpXzV6SFlaUlJTdDB0RDdyaGdMdw?hl=en-US&gl=US&ceid=US%3Aen,WRAL.com,13 hours ago,🇮🇱 Israel Drones,https://news.google.com/api/attachments/CC8iK0NnNUhOVU15T0ZwWVltUnNTbEEyVFJDZkF4ampCU2dLTWdZQmtvQ05NUU0=-w200-h112-p-df-rw,2025-10-22T02:04:50.623663
U.S. seeks to enlist Azerbaijan in int'l force to stabilize Gaza under Trump postwar plan,https://news.google.com/read/CBMiogJBVV95cUxPeThSWlhlX1ZXNEVuUTY4a09SbHFjSjN3emZLMENzbVlDd3JMY2NqWDNVaFEySGUydFEyc2U5OW4wYk1DdENvUVVUMWlIV0ZYcUxidzRDVW5oeEJLV09jaUhZeXc2RnA5SVVubkdSQlRWYUN0eGdHWWt2SEo3WjVETzBBOVpkMHVTZWxWbFc1UnIweXY3ZzA2clZGSHZpVWpKNWF5V2IwRTFoZzFHYTdFWjdvckFFc1pEM1RxVlVlbzRFOGJiTmFLWi15Vnh4UWc1cU1TN3oxZ1JLVVRjQlM3cUN4VGh4bHczU1JpVlVFODM4SHFySUYwQlhKdGdJdlJBc2M5alZHcG90bmtpRVgzT3JlSjE1NGV0V194ZFpYZW9LQQ?hl=en-US&gl=US&ceid=US%3Aen,Haaretz,19 hours ago,🇮🇱 Israel Drones,https://news.google.com/api/attachments/CC8iK0NnNDVZalJNWDJKbFJtcFlTRVowVFJEMEFSaWtBeWdLTWdZQmdZUnVyUVE=-w200-h112-p-df-rw,2025-10-22T02:04:50.623665
Russia accuses Ukraine of killing 20 in drone attacks last week,https://news.google.com/read/CBMilwFBVV95cUxPbGRLSkQ4ZWJGN1JZZEl1VWtSc0dpREk0ODMwQUh3SlRoc1BWcTVHWndpMEYwSUtIMUx5RjVIaUYxWHduOV90VXdBaFItOThQMElwbzlyOUhxTHRXNzRtZmJZOXVOcVdBRVBMbzBTR2FyTWQwNlNnVjlKM05aUzJTQUNWLVN1YTBxTzFyTnpERFIzWVhqSnl3?hl=en-US&gl=US&ceid=US%3Aen,Yeni Safak English,6 hours ago,🇮🇱 Israel Drones,https://news.google.com/api/attachments/CC8iK0NnNXJWMjFvTVhGRFdVUkhSMlJTVFJEbkFoaUFCU2dLTWdZQkFKSXdCQWM=-w200-h112-p-df-rw,2025-10-22T02:04:50.623666
Israeli drones resume overflights above Beirut and suburbs,https://news.google.com/read/CBMiowFBVV95cUxQMjFralU3Y3F3VmdLcjBrUkpxdFpjYnU2VnJ1Z18wX0pBZkMzdXRXX1hoajY4TDlUOTg3YkRqN3NrTDJ0TF9LeFBDOHdBalZVNER5MXE0MUl6WXdSLWl1MVR3NmxaaFZWMGVEYXctVEZCVUZHUlRLeDVVM3BXakVJbWZFNDFtYms3QUt3Ty0tY2pGVE5lR1IydHNKN3UyWWZmX3lN?hl=en-US&gl=US&ceid=US%3Aen,Naharnet,16 hours ago,🇮🇱 Israel Drones,https://news.google.com/api/attachments/CC8iK0NnNWFZVTVrTjFoSVJUWmFaV2hJVFJDb0Foak1BeWdLTWdhdFJKQ3ZNUWM=-w200-h112-p-df-rw,2025-10-22T02:04:50.623668
"Drone footage shows the destruction caused by Israeli strikes on the town of Khan Younis, in the southern Gaza Strip.",https://news.google.com/read/CBMi6wFBVV95cUxNTV9oSWt6UnpiMVp6Q0cyZ3dWbTNGUDBNODhBNkRMQktIV3I2NXpXQ2RWWDJud0FrUjl5UDVvRHBHSUpjTzZjSXRTc2FUS0I4Q3B5T2ZRRTJ0ODJmV0hSVlJ3czhBbTdrQm9lVHZYcHlyMW9aZVYtV0F3ZWh6VEF4LUFtNC1SaUFOQ1VzY3ROR1ZvbUtiVlJQMWcwemtHTTZxNlpjcF9RYlM1QW9ESnBwYzNmNjZ4VFZveGY0b1lTeXF2bjEyU09ieDJCVS1KVlRMUkxUTW81SWVNNHZWQ1djT0JiaDNwTzlTV2Yw0gHrAUFVX3lxTE1NX2hJa3pSemIxWnpDRzJnd1ZtM0ZQME04OEE2RExCS0hXcjY1eldDZFZYMm53QWtSOXlQNW9EcEdJSmNPNmNJdFNzYVRLQjhDcHlPZlFFMnQ4MmZXSFJWUndzOEFtN2tCb2VUdlhweXIxb1plVi1XQXdlaHpUQXgtQW00LVJpQU5DVXNjdE5HVm9tS2JWUlAxZzB6a0dNNnE2WmNwX1FiUzVBb0RKcHBjM2Y2NnhUVm94ZjRvWVN5cXZuMTJTT2J4MkJVLUpWVExSTFRNbzVJZU00dlZDV2NPQmJoM3BPOVNXZjA?hl=en-US&gl=US&ceid=US%3Aen,Telegrafi,10 hours ago,🇮🇱 Israel Drones,https://news.google.com/api/attachments/CC8iK0NnNXZWbE5yTW1ocGFVRXhRV1ptVFJDZkF4ampCU2dLTWdZQllJYkhNQVU=-w200-h112-p-df-rw,2025-10-22T02:04:50.623670
North Korea fires first ballistic missile since South’s new president took office,https://news.google.com/read/CBMiogFBVV95cUxPb21VRmZSMUdJdnM2Sy03R21fZ20xYzM5WFl6aFhxLXlKR2t4Zkl1MWl2UnVBbWh2TWlXcGZVNjl2cFNLaENmSFFSUHVrc01pQWdNTjg4Q3Nwb1NWcUxuUmhOMzB4cUsxanVwdm8wYWpPSEdPanJRUnpuenRpSkdpUmhFWldFaHljWjNSYXhmUlVWRFhrU003TW1yQi02b0lqTEE?hl=en-US&gl=US&ceid=US%3Aen,Stars and Stripes,1 hour ago,🇰🇵 DPRK Drones,https://news.google.com/api/attachments/CC8iK0NnNUJaMFo0ZGxWR1puVm1Na3RJVFJDeEFSaWNBaWdCTWdhQmQ0eGpyZ2M=-w200-h112-p-df-rw,2025-10-22T02:04:50.623672
Indonesia-North Korea Thaw Opens Door to Closer Security Ties,https://news.google.com/read/CBMinwFBVV95cUxOMnZFWWQ0ZHVKUmxjcmgzSmJ3dkRwZE1xMFRLU3RmNF9YU0t2ZFZGT0NBQk44TDFLLXU1bmNLclllcFFFSnlsQnhaMEJxanpzZWVJQlE4TkNOSDh2SG1RV1hTQVhSbHI3MzlkdEo1S202Qnd5RW9NQUNuSDJtYVJ1WDRZSVBIc2VXNUJDQTFROWFxWEN4XzVVb3h0b3lsYm8?hl=en-US&gl=US&ceid=US%3Aen,Geopolitical Monitor,13 hours ago,🇰🇵 DPRK Drones,https://news.google.com/api/attachments/CC8iK0NnNHRSVWxpWDJkSVpFaFNUQzFqVFJER0FSaWNBeWdLTWdZUlU1aExKUWs=-w200-h112-p-df-rw,2025-10-22T02:04:50.623674
"North Korea fires ballistic missile towards east, South Korea says",https://news.google.com/read/CBMiyAFBVV95cUxNdjZETUtLZkhNOUtiVVZybE5FSVZlMDR4TWRsOG8temYyUDNMWVVUUlppLXpwNGZlclRRSWtNem9ybjBudzU4U0dTM2JuYm42NkFmSW91TXJzMnFlZ3ctajVBc1RwanAxRHFwbS1OWkt6NUtqalVZOS16NThxR3B4azRpcWpUdzZkeGhBWlF2emdwU2JRcDB6OXk4T0h3UTZnRXJzOFB0ZGdPVVoxY2hxeGZrdlQzU0lKRVN4YU5wNGxhaHFiR19YQtIBzwFBVV95cUxOalVsXzRpdWVRSnBEaWNBS0VEOUN3VUUzQWJTcW9NRTRUUl9FeV91eHM2eU9LT2Fpckl1dFRCcmw3YUdEcGRtVTlETEJncnBEZ1JBTnVtekNreXM5bkpuajRXNU9SX09FUVFVMGFIcjZtZS1DOE5EUjBkZFNrelRGTFlsU2djSXBZcEtUZlRMbGlTQUdsOVdKdFY0aE95WnpfdTFhNmU2dFhpb2xod3ZkaW5kRDlXUE5KTjhFLXZHWWh3RERQZlh6eUNwbU94WHM?hl=en-US&gl=US&ceid=US%3Aen,The Hindu,2 hours ago,🇰🇵 DPRK Drones,https://news.google.com/api/attachments/CC8iI0NnNURUbGRrYlU5dGRHcHlOM3BZVFJDZkF4ampCU2dLTWdB=-w200-h112-p-df-rw,2025-10-22T02:04:50.623675
"The Ukraine War’s Asian Dimension: Situation Report, October 2025",https://news.google.com/read/CBMilgFBVV95cUxQem5kVTBDZ0NOb01RaDFRNVFVREdDOFFTaWx4Q3JUanY5ZUJmWlVtaG51RC1NcFRyNUVOSjBlNzFnYzYxaElFNE9EZTlRVXM5bjUxRE9zT3BhYzQ5SjZZUjFzaW9SX2ZTNUdibzEyTDVyRGljWjRiMEQ5ZHg1UVhsS2ItdVFwTGhtcWhtd0hjVzUtNG83bmc?hl=en-US&gl=US&ceid=US%3Aen,SLDinfo.com,17 hours ago,🇰🇵 DPRK Drones,https://news.google.com/api/attachments/CC8iK0NnNTJZakYzVjAxM2JqWTJOM0ppVFJDZkF4ampCU2dLTWdhcEJZck5EUW8=-w200-h112-p-df-rw,2025-10-22T02:04:50.623677
Putin humiliated by Kim Jun Ung's troops as they turn on their Russian masters,https://news.google.com/read/CBMirgFBVV95cUxObG5ZYzhlZFV5eWdIVXBZemxBRllBYUN5QWM0Z3VjWURwMEc1VGIxdGdQYjZidG44UGx6a3ROZTVWcVRUeUlhdlg1VFFOWnlfVFZweW8yYnk4ZUhKSWRYVXpfcUpOZ2Y1WlNacFNORlQ4VHpmZGYtRVgybnlLa0ZuWURhNzJuSE1uMGtFSUNrNHNwcEd0ZnZIWUlJWWpVbXRUeGZOam5YbmVHeWZFY3fSAbMBQVVfeXFMT3o3bnk2SzMzN0dKS3J1VjRScEM1a2pUXzh6Zkd0eGcwMnh3Z0dldWdmZ3h2elZPbnNVYlNrcERPRTlaZmJ2M3VTcWNOUkkwLTN3MlcxeE1jVndzTl9RclhxTUdNRHpYYzJNamtFY2xaS1FYTVpoanJSMmE4cWVxWmxTR2hTTjBkYkhnUjJUYUprWXgtY01SSVNmb0VwRGkzMjdLdzlhYkVDWU5ScVhwWVBjZTA?hl=en-US&gl=US&ceid=US%3Aen,Daily Express US,18 hours ago,🇰🇵 DPRK Drones,https://news.google.com/api/attachments/CC8iK0NnNDRPRWhMVldSWFMweEdXRUpVVFJDUkF4ajhCU2dLTWdZQlFJd2pHd28=-w200-h112-p-df-rw,2025-10-22T02:04:50.623678
Russian Disinformation Followed Drone Incursion of Poland,https://news.google.com/read/CBMimwFBVV95cUxNQ3JBdTNLOWJWZWk2eDJwYVNWeGs2UFFYd1RGMUxUVTRQU3NrUS1OTmdWY1JESGFlQllOVlRiQUtSYzNhSGFNT3BFZkVCbUlOc0d3bEI0T0g2NE9wbUtlc3NheGpnZ3lpc0dhdmpuMk5xUTBrb3ZqWWZSd0haSkJBNFA3blllbXI4Z1o4ajVLZnlNSlU4dmhxemtQUQ?hl=en-US&gl=US&ceid=US%3Aen,Bank Info Security,9 hours ago,🇰🇵 DPRK Drones,https://news.google.com/api/attachments/CC8iK0NnNWxWSE5NZVZkSE4waEpVVTk2VFJDdUF4aklCU2dLTWdZTkFvcXV0UVE=-w200-h112-p-df-rw,2025-10-22T02:04:50.623680
"South Korea kicks off arms fair to showcase unmanned, AI weapons",https://news.google.com/read/CBMikwFBVV95cUxNY18ybWo0MkhRV1BuTnFJbFBQMkxwR0l4SXo1OU9WQVZjazlqUVlCVzhtMS1BUnA3LWpuUHlnaTZmRW04eThCcU05ZXRJZGxZa0RMYmVHdlVaQkc5akNBLXM1NXVTQk16RTlSNFIxckxnOU1xcHItYXJDSkhYSGlobTZ0RE9ZRWJJaW5mbjNjQVhDbjg?hl=en-US&gl=US&ceid=US%3Aen,DD News,9 hours ago,🇰🇵 DPRK Drones,https://news.google.com/api/attachments/CC8iK0NnNDBWalJyWDJ0ME1YTkRTVjg1VFJESUFSakpCQ2dLTWdZQlFJcW1vZ28=-w200-h112-p-df-rw,2025-10-22T02:04:50.623681
"Korea Electronics Show 2025 begins with spotlight on AI, robotics innovations",https://news.google.com/read/CBMiVkFVX3lxTE5IVmVqNFIzM19VTkJ0YXNJNy1PZjVadEN0UkhzTEtHYVZZQjAtZTFJc1dFUVhfX1k1T29BNzgtdmZxUnlnV1ZYQV8yQ0IxbXpINzhrQ0pB?hl=en-US&gl=US&ceid=US%3Aen,Arirang TV,18 hours ago,🇰🇵 DPRK Drones,"https://encrypted-tbn0.gstatic.com/faviconV2?url=https://www.arirang.com&client=NEWS_360&size=96&type=FAVICON&fallback_opts=TYPE,SIZE,URL",2025-10-22T02:04:50.623683
"GÖKSUR, ULAQ and the algorithmic defense of Blue Homeland | Daily Sabah",https://news.google.com/read/CBMiowFBVV95cUxQRzc2LVBTSXVoR2VYQVByVnBQdWNDaldCUFdQanhVUlBrb3FLZk0tX19hdEVoVEFSUE10S0xCVlEtQmxVcjlqZFNyS3NDZVhXekw2WGJib0Y4R1RfdXFZQXIyZlBnQzkwQzNPcm9wSTNUWGlXd0dXeC1LZzFRM0JqYkdERVRueHhJQmdYeDNsbTVXY09YSU1mWGMwZEFpWnlwNTVN0gGjAUFVX3lxTFBHNzYtUFNJdWhHZVhBUHJWcFB1Y0NqV0JQV1BqeFVSUGtvcUtmTS1fX2F0RWhUQVJQTXRLTEJWUS1CbFVyOWpkU3JLc0NlWFd6TDZYYmJvRjhHVF91cVlBcjJmUGdDOTBDM09yb3BJM1RYaVd3R1d4LUtnMVEzQmpiR0RFVG54eElCZ1h4M2xtNVdjT1hJTWZYYzBkQWlaeXA1NU0?hl=en-US&gl=US&ceid=US%3Aen,Daily Sabah,4 hours ago,🇹🇷 Turkey Drones,https://news.google.com/api/attachments/CC8iK0NnNU9ZbTVaZVdWRVVHZE9SMDFpVFJEREF4aW9CU2dLTWdhRm9vNm91UVk=-w200-h112-p-df-rw,2025-10-22T02:04:50.623685
Turkish kamikaze drone unveiled,https://news.google.com/read/CBMiaEFVX3lxTFBmOVFnOG4yanRreVRicndHbFJrNzBUc3J6SEw3dGRGREJaVTVCaGdRallfaExEVEJ2emtlajBrYUZvUl9aQzBuYTdTQ1otTDQwLWZ5WEJ3b2x3MWJTaXRvZ3hnV3FPVzBX?hl=en-US&gl=US&ceid=US%3Aen,GPS World,13 hours ago,🇹🇷 Turkey Drones,https://news.google.com/api/attachments/CC8iL0NnNWZjVjlSUVdsWFQyRkhNV2xVVFJEOEF4amJCQ2dLTWdrQkVaRFBHQ25vSndJ=-w200-h112-p-df-rw,2025-10-22T02:04:50.623688
"Telecom group to build new $116m undersea cable in the Black Sea, bypassing Russia — project set to connect Bulgaria, Georgia, Turkey, and Ukraine",https://news.google.com/read/CBMijwJBVV95cUxOWWpBRnJTcWg1WFc4bDZzSVRtU2thMkZOU1RNTlByMWdRaWN2MG41dnJVMlY1OWVWY3lLY2VPbzE0Ykc1UlUwbHVUZVh6SThXcDNuM2hLMDJ0UWRMcDB6aHhEUXVmNXE4RXhNRlFsQTJNdm9SNEFVSmlxQkVrSnluN1E0eTZ0SGgxWFVUcVZYSGRSWHhYWnhXZG5venVaaURvRlhCV3UtVmwwNTJqRlZwWWY2V3Bkektzb2RoRXVoNzR4dGFLWHFiQVJoRjA5SXN6N2lHX3FHcC1YUUwwWFRBWlR1OVBaN3JGWTdtd2oyRTU5c3VoSFFLa0dRSm9QWEE1TTBkbVRLSXlsRnA2cEVJ?hl=en-US&gl=US&ceid=US%3Aen,Tom's Hardware,11 hours ago,🇹🇷 Turkey Drones,https://news.google.com/api/attachments/CC8iJ0NnNVNkRVJpZG1FMmJqTnJOM05vVFJDZkF4ampCU2dLTWdPVjBBQQ=-w200-h112-p-df-rw,2025-10-22T02:04:50.623690
Türkiye extends military deployment in Lebanon by two years,https://news.google.com/read/CBMipgFBVV95cUxNbEM4ZlVKdUdYa2ZkQm5uSU55VThDZXV3NzFaSkFfNlExbTNtUTVFLUZLUDA0T0MtZ3Z6cEJGRU9mU2FLLUpHWFRqMmpHOHg0akczS3Z2czJFQnZsaVBROHFRTzg5VUMtMTc5cmZZY0phekhrTUx3WFc3R1pwbDk3am5oaC10OW9fYlM2TkJpMlhUNHp0SW4yakE4Y2dSMFlIZVY3aGJB?hl=en-US&gl=US&ceid=US%3Aen,Türkiye Today,7 hours ago,🇹🇷 Turkey Drones,https://news.google.com/api/attachments/CC8iK0NnNVBXa1pUTUZWR01VSk9UWFkxVFJERUF4aW1CU2dLTWdhNUVvb3lvUWc=-w200-h112-p-df-rw,2025-10-22T02:04:50.623691
LIVE BLOG: Report Reveals Sde Teiman Horror as Netanyahu Fires National Security Advisor - Day 747,https://news.google.com/read/CBMiywFBVV95cUxQT1JLRnBuOXkyZkY4VGJqSUtVd3VGaTZSTHF6bzFiNFVXUFc5TmVrNUxfcE9zZ0J2enlicnVhUVhoeWtWZVNGY2lyNWh5MkMtX1BILXdHTGdPS3hDOVhQTFZTZHczWE9temNwZ0h5Q05qUHlmY2swLVNuSk9fcUJGMVcxaXBxRGdCaHBDQ2hxWTZxTVNsS0lnR1dRSkNRelVNUnY4V1FPSDdiNzk4VmFiMno3Q0R4TGxNbWsxX0FHNjZ2UkxFdi1VSDl1QQ?hl=en-US&gl=US&ceid=US%3Aen,Palestine Chronicle,5 hours ago,🇹🇷 Turkey Drones,https://news.google.com/api/attachments/CC8iL0NnNXBOV3RQVlhKamVGZFZSbkYxVFJER0F4aWtCU2dLTWdrQkVKclBGQ3JZcFFJ=-w200-h112-p-df-rw,2025-10-22T02:04:50.623693
"Shield AI unsheathes X-BAT, a missile-toting autonomous aircraft",https://news.google.com/read/CBMic0FVX3lxTFBBWi1oUWNyTU93Q3FOdWc3bGtnVUQySUU3cXZaN3VyWlFQY0ZTdnVlOTZyeUJZM09yNDZFaDMwZzhIby1PcnlTWXZKaEJ6UThleHcyMGRzVGw4d3BwM01wVHkzOEFkRWdybk1TejIzZnJFNFE?hl=en-US&gl=US&ceid=US%3Aen,Axios,3 hours ago,🤖 Autonomous Drones,https://news.google.com/api/attachments/CC8iJ0NnNVRWV05yYUZKaVZGcDJTV00wVFJDZkF4ampCU2dLTWdNZGhRQQ=-w200-h112-p-df-rw,2025-10-22T02:04:50.623695
Draganfly Expands Autonomy and Swarm Capabilities through Partnership with Palladyne AI,https://news.google.com/read/CBMivgFBVV95cUxQcVRSS1cya1pBd0Fod0F4Vzg1X0c2RFk5Yi03NXJ5dUI2ZzRjUFRNekpsOEJ0V3ZicnVadFd1NUhCQUJ2aldWTE5JcnhFelNXbkVra3lhaVIyNTZNMTZCalpMcWlLeTJDTlFUVWZWNmZlWXk4ck1BWWZqaWtMVzROZjlWdnhhSXVjZXVSaTN2anhGTWNwM1JuWXZWbjJCTWhvUldpUHJaVnlQSmFLT3hVMWpDM3gtRUdiRkczUV9B?hl=en-US&gl=US&ceid=US%3Aen,Commercial UAV News,7 hours ago,🤖 Autonomous Drones,https://news.google.com/api/attachments/CC8iJ0NnNU5SSGxCU0U5eWJ6VkRhVjgwVFJERUF4aW5CU2dLTWdNUmhSWQ=-w200-h112-p-df-rw,2025-10-22T02:04:50.623696
Draganfly Teams With AI Firm Palladyne To Bring Autonomous Drone Swarms To Defense And Commercial Markets,https://news.google.com/read/CBMihwFBVV95cUxPWkFTYVNwT1pFN2JpYXV2OHctSzMwMzAweUY3Nm9DZ21URlVIRUhyRy15aGNYcnBKSHNselVrWEVNRVo4U1pRXy1NTkNjUS1jd0JjRjcwSlM5N1Y4azFzaG0tUXNMNjFaLW9hZE1uLUJ4ZFZSbndwWjBTRFRLVU9CV2hHUzlRcGs?hl=en-US&gl=US&ceid=US%3Aen,DroneXL.co,10 hours ago,🤖 Autonomous Drones,https://news.google.com/api/attachments/CC8iI0NnNU5Za2sxWlhOMFprWnpOMVZYVFJDRUJCalNCQ2dLTWdB=-w200-h112-p-df-rw,2025-10-22T02:04:50.623698
Draganfly and Palladyne partner to develop drone swarms for defense,https://news.google.com/read/CBMikgFBVV95cUxPU2JPODUzSEZFckFFQUxRaVptYy11TVpQUDNTV1lQSTVhMGhHYVI4dnJZbHdCV2FkWllWVVpad3NwVzBPVDlNQ3RmSUJGZG92VWRaUHJDUGVRenZTZkhFRnpHWEhHdVZ3ZVU0N2dQMnVpNXBLTHN6dERESlZBZUsxMUo2TUZHUmRnUjZxNHBZWXYzQQ?hl=en-US&gl=US&ceid=US%3Aen,The Robot Report,9 hours ago,🤖 Autonomous Drones,https://news.google.com/api/attachments/CC8iI0NnNWtVWFYwYW1oUE5rMHlialZXVFJDOUF4aXhCU2dLTWdB=-w200-h112-p-df-rw,2025-10-22T02:04:50.623700
Draganfly and Palladyne AI Collaborate to Enhance UAV Autonomy,https://news.google.com/read/CBMitAFBVV95cUxPU2FtMDlfVVpOZ2NhVXBkR1RNWkZJY21CUS1oWG1lS0REMzRxSXctQXJNbkRmZEZ2RndtanI4aHRZWmhOc1pZb3VBR3c5NmJzVFoxbDN0MzJJeV9DRG1RMGs2eWNHdkx4dU95RnRyUTdBYllkNHhoWVBWeFlfd3I1eUswV2tLQ3AtVnFqNDZpR21iQTVqYS0zVVlBR1ctMnQ0SVR2eGdleWR2cHI0NjJ6bTY2Y2Y?hl=en-US&gl=US&ceid=US%3Aen,TipRanks,9 hours ago,🤖 Autonomous Drones,https://news.google.com/api/attachments/CC8iK0NnNVllbGgzVVZKT1NtdDNPSFZOVFJDV0F4anVCU2dLTWdZQllJQ0dTQU0=-w200-h112-p-df-rw,2025-10-22T02:04:50.623702
Palladyne AI and Draganfly to integrate drone autonomy software,https://news.google.com/read/CBMivAFBVV95cUxNcUJERXZPSzJPU216b2xfYk9xZGJXTlBBcHpfM1BYVXJZX0F0S1JCQjJmSjY1Mm1tRldvUUExaEVxSmdOdHhTclRmR3liM3VxQTJIT2FyaHk1N0ZKT0NSTno5ZXQzcmhqMFZpZmdSQU5sbWFBMS14NWIzcVNvWGJZUVdPalFuVkJLZ3Flb1VKUGtENnZ0ZjBLaUhmRFZ1cTNnbWxjWU1qdkNOTmw3aUFtUVh1TnltbEJlZVVaUA?hl=en-US&gl=US&ceid=US%3Aen,Investing.com,12 hours ago,🤖 Autonomous Drones,https://news.google.com/api/attachments/CC8iJ0NnNVRkMWsxTkUxWVRHeFZUV3BpVFJERUF4aW5CU2dLTWdPQkVndw=-w200-h112-p-df-rw,2025-10-22T02:04:50.623703
Fincantieri Signs Deal with Defcomm to Develop Autonomous Surface Drones,https://news.google.com/read/CBMirgFBVV95cUxNbFZQdWlDbldiV0paV092OGhJa1haNmI0ZG5CVkUtY19sOWRMUS1EQkdqOTNJUENDLXlyaXV5SnJzdlNhYm4yRm1wdDE2RlpHZjFtVGY3Qlhvb2lwUVhXSXE3RFkxOHMzbFB5MjJaR3QyUWp1dzdNTXQyX2NaNThIMzJINC14VnQ2eHlaTEp0OUhoRWVTNVFTT3FmbGFHNldNUkI2WDZ6aWV5d0NBaVE?hl=en-US&gl=US&ceid=US%3Aen,Defense Mirror,14 hours ago,🤖 Autonomous Drones,https://news.google.com/api/attachments/CC8iK0NnNUtVR0Z5UzI5M2NYbHJka2wyVFJDM0FSaVRBaWdCTWdhQkVvRHJGUXM=-w200-h112-p-df-rw,2025-10-22T02:04:50.623705
Fincantieri and Defcomm sign strategic agreement to develop high-tech autonomous surface drones,https://news.google.com/read/CBMiwgFBVV95cUxNRHVUUU91amZObjY5RzQwTEZ0MllIT0p0bmxhMy0yMUxBVXBoNmkteV91MU95UVNsS1puSWVfUUdtVFBtd2hILUZSa0hOSmY0d2RUbVZpWlFoT3BtbUxJMndOZXRLZDR3dEc2SFl4QkRSaXl6cFhURVhQaVIwRzJFTHl1VE5Pa2JPZ05PcjEzN2NBc0k5YVdFc2dFa3NpdjJoOVNGV3BFdWx1R3lhUk1HSGhielZYdWVnN0hZczg2NDNrUQ?hl=en-US&gl=US&ceid=US%3Aen,Defence Industry Europe,16 hours ago,🤖 Autonomous Drones,https://news.google.com/api/attachments/CC8iK0NnNU9OVTAwY0hCVGRFRmpSMkpYVFJDLUF4aXZCU2dLTWdZSm9vNUtPUVk=-w200-h112-p-df-rw,2025-10-22T02:04:50.623707
Palladyne AI and Draganfly Inc. to Collaborate to Enable Advanced Autonomous Operations and Swarming Capabilities on Draganfly UAV Platforms,https://news.google.com/read/CBMiuAJBVV95cUxPcEVpTHh2VHgyeWhjZ29wdjlCdEJRbS12Mi1ZT2JTTTY4RTNCd0VfLW9fbHVpYlNoVS1VTnRkTjZWaGctUFdlNjl0d3BnLWVfTUlXLTZjOEgtYzc4WFZkYXBXX0txR29oaTJrSnBmR0hSRUlYQmtVWDdTVUoydkQ5bklXd3o5TjRiWmhnbU5Cd2ExTmRIckliMngtc1RaMG9NRVk5QjRJOGRKRFpBRjEweTFPN04xQXBxNlh3bHY1QjNkaTRndDA2eWZMNDU1bzhBb0JRUnN1S3ZzSUxDU3dzWnZxRkt4dmtpSlFZZlRodThOTHVvYUN3S3NyTUdERnBPWGZyM0ZkRzNjS01YZ0VQS3NxVko2eG43NER2djFlSHZPVkd3ZXhINEhEdktkbXBkaHE5OU5fNULSAb4CQVVfeXFMT3BMb09OTDRTREEta2lybzd3Q3FoVkc4M2xQX3NBaThCYkxEMGF4ZWFXa0JLLW5QZUdnVGpRczZud0NPNVJGWk5ySUw4ZXRwR3pFYlE0N3AzdExuLWE3OTlqTDFTRVNRNVIzVG1ZUWZtdEJKRzFjOUNWczc0TTVoY2NjbDRpdVJxTDBoeGlSUWZsNWRDTUIwWlllRGpSLVAwdnVmRU9BcVB4NHE0UGxpTnVfLWgxeklkQ29Rdk1GamRSSDFYYUZWSzlPa2RHSmZMRXRoemtaT0tZVGdDVFV3WkU2WWV3NC1NZ0RMLTN0MmJrMHBROVR5R25HZFMtclFnbXVmZFExYk9sQ2pIcC1JUUtRQVg5ZnB3MEFmemljTm9kRDc1bWRSbnhQdEhwczlyX3VpYU5qQk5QR2VaNzVB?hl=en-US&gl=US&ceid=US%3Aen,The Manila Times,12 hours ago,🤖 Autonomous Drones,https://news.google.com/api/attachments/CC8iL0NnNU1jVnBHVGpsUVh6aHlkRXd4VFJDQUFoaXJDU2dLTWdrQmNJNTJMT2U1N0FF=-w200-h112-p-df-rw,2025-10-22T02:04:50.623708
Shield AI’s unmanned fighter jet concept pitched as a drone wingman or solo aircraft,https://news.google.com/read/CBMiygFBVV95cUxQQ01EWmdINnZFTE5zd0s1Um9CY255T3J1d1FlNEdlUm5wRTduR1o0RS14cWdMZXd5YURiWEZfY2ZWSFhNNjNzVTNmc1dUT2JMOUNsYmZlWDJBY1VrVFdOdFRsYWNsdldROTdzdVZNNDlDLTVvQ0JSOTd4M2V3bzZsbXpPcEpOTWktOXBqUHY4Uy1ZNEowZGNnN0YzUnQ3UHJ4TUE2VTVxMmFVUVRhc1BNN09tdV9PMDgweHRuc1Z2bG55SFZUZlROdVFR?hl=en-US&gl=US&ceid=US%3Aen,Defense One,1 hour ago,🤖 AI Drones,https://news.google.com/api/attachments/CC8iK0NnNU1iRzFIVlRnMFprUlpOWEZ0VFJDWUFSak1BaWdCTWdZWk5JeU5JUVU=-w200-h112-p-df-rw,2025-10-22T02:04:50.623710
Primatology goes high tech — from bioacoustics to drones & AI,https://news.google.com/read/CBMilwFBVV95cUxNWnhSS3p1dWFkU1dwaUZrTlRRMkdzLXVDbWtVcTRxLVJhMllmbE1xd1Y5TEJ5d1I5VV9XQzMzVlBrR1pXMDNfdzdxSVpDYkIyRndRVG9nOWxKbjFTXzJDMHJmVWR5bktDWUthMWl6WEctQXhiRGtVYVlwalNEX3NGbWxZZzNXRkJ2V2xIVDVuTmw1OTZfY1ZR?hl=en-US&gl=US&ceid=US%3Aen,Mongabay,8 hours ago,🤖 AI Drones,https://news.google.com/api/attachments/CC8iK0NnNDFla0ZuTWtac1dsTkZabGc1VFJERUF4aW1CU2dLTWdheG80aFFOUVk=-w200-h112-p-df-rw,2025-10-22T02:04:50.623712
Quantum Systems Acquires German AI Company Spleenlab,https://news.google.com/read/CBMijwFBVV95cUxQTWlFd01GRkQ3ZDlTcmhISUZKbFo5SDQ4U3VXQzFXd2xVeG1DSmY0T0k5M01uQUEtWDMyTWpkWXdTRUpva01mcC1vMXl2QXZ5SXJmZ1hMcmJteGpTWXBQQk9xRGd1bTBTY1FBa1dhRjVGWnpXckhsRlhoVTloeERTZklReUhjYTdIQ2VTUm5Id9IBlAFBVV95cUxOV3VkdGlqZTJHUUZSbTFKdHdhTjZGa3BUclZtU2tIcmhtQkhINlRRWV8wWi1STGVPbjM4d3dCbVRCUndrX0hUR3paWTlnWmpzMGJrWVpoREJvTHkwS1lTV2J5UDE4ZzRTT0x3b1VxQnlmOWljUUwyOGF1MmtaTFpQM2VHT2JlYTd5RzFJelMyaVNjNHdF?hl=en-US&gl=US&ceid=US%3Aen,Dronelife,7 hours ago,🤖 AI Drones,https://news.google.com/api/attachments/CC8iK0NnNURkMGd5UzNWaFpXMWZiVUpVVFJEdkFSallCQ2dLTWdZVm81VHBPUWM=-w200-h112-p-df-rw,2025-10-22T02:04:50.623713
Palladyne tech gives Draganfly drones smarter swarm control,https://news.google.com/read/CBMidEFVX3lxTE0tNUNwQUFJNUQxaER4aF9HMm53amVjLWMtOUlXZFhvQl80Ulo2X3VpM05MWkR2eGhyS3cyQzJ2NnFWZEpwd1prVU56Um5WZkw2eDlzbDB2Rm9TUWlyVzl1WXl2bzlIRzRTYnBucVZfNkc2emFt?hl=en-US&gl=US&ceid=US%3Aen,DroneDJ,8 hours ago,🤖 AI Drones,https://news.google.com/api/attachments/CC8iK0NnNW9aRGw2VW14U2RqbDJlRlpEVFJEY0FoanhCaWdLTWdhSllwQ3FMUVk=-w200-h112-p-df-rw,2025-10-22T02:04:50.623715
Private Contractor Claims Credit For Unexplained Drone Sightings Over New Jersey And New York,https://news.google.com/read/CBMimwFBVV95cUxPQVBjd0U1cVBmX1FhejV1M05OdzdEbFJsQVdqUWlkUHZIUmlHZGtYY0xUbko0Q2xZdThpYlc5bnRSNDVQVXp1NjIwWEl3Q0pzVHRHY0EtTWpkQVZITU9TSTE5TDJOaG9XZUJEem5IZWNzUVZ1bnl4cFE3NDVzOGQxaUM2WjJyQmRwbFk2YnEySV8yNmJOLXhla0VHRQ?hl=en-US&gl=US&ceid=US%3Aen,BroBible,11 hours ago,🐝 Drone Swarms,https://news.google.com/api/attachments/CC8iK0NnNUtZV1JuU1VKVFdWbFNSWGhFVFJDZkF4ampCU2dLTWdhQmNZNHlSUVU=-w200-h112-p-df-rw,2025-10-22T02:04:50.623717
French Paratroopers Test PROTEUS 20mm Counter-Drone System Amid UAS Swarm Threats,https://news.google.com/read/CBMiyAFBVV95cUxOZTZDNkR0U2tBLXhNYk5OV2RWRmpzR0xzbUMyejN5V3JfTTdPTWxFZ1ZzN0N2azg0SFh1UEdwTnFmRkZITEEzWm10ZUZ6SFpEOFBOZ0lUZlJPWVM4ZlZ4Mk82SV9CUS14WE5Eck5aTFdSTlNUa3pVVmY4Z01TTXlQRWVKSjdLUUNtWnJWSmNOUDNnOE9DLWVnNDhLZURSdWIwS3gzQ1UxSzRlV1RHbER3MHdSOThiQm1TTzA0eTAwQkltUEQyNEdBQQ?hl=en-US&gl=US&ceid=US%3Aen,Army Recognition,11 hours ago,🐝 Drone Swarms,https://news.google.com/api/attachments/CC8iI0NnNUdRV1JMUTJ0MVdqZGhhalZRVFJDM0FSaVRBaWdCTWdB=-w200-h112-p-df-rw,2025-10-22T02:04:50.623719
ZeroEyes Takes Flight With New Law Enforcement Drones,https://news.google.com/read/CBMiiAFBVV95cUxOY0E0UjZEWm5PWF91QWdkUldac00zVjlzZG9CRC01NmRwVXBmQkZpc2VBeXBlNHZmYXd6ZWgzNkJQVzN0MC1jYkk3czZhYS1iczRnUFZPZ2NxRThqWl9pbzMwSDU5bVotdXM3U1FzNUNzZ2lLem0wVTI3aFVTQnYwVmtnbmt3RW52?hl=en-US&gl=US&ceid=US%3Aen,GovTech,5 hours ago,🔬 Drone Technology,https://news.google.com/api/attachments/CC8iL0NnNVFjbk13Y1RBMlJuZDFUMGhrVFJDUUF4al9CU2dLTWdrQkVJcm9HR2hyc0FF=-w200-h112-p-df-rw,2025-10-22T02:04:50.623720
Denver high school students learn how to use drones at police conference,https://news.google.com/read/CBMingFBVV95cUxOb2xkbk5FUFd6Um9vbnFxT3dmbjZ4MjdtMEczanJycmxIWWJiLVhvdGJ2TndZcl9TZElvQk56ai13d2VvclVfSFcwNkgtUno2QmdBcDMwWTRIU0ZEemR5bTI2eVBheW5GUVRRQnJiSUhyMmxlUkE4YW9SSk5xbm1uekI2UF9qTXVsYWNjZmV5bGZ0eXM0M011dlQ1cWIyQQ?hl=en-US&gl=US&ceid=US%3Aen,CBS News,22 minutes ago,🔬 Drone Technology,https://news.google.com/api/attachments/CC8iL0NnNTVYM3BXV0VwWE1teEdUV1ZTVFJDUkF4ajhCU2dLTWdrQkVKVHVKS2pZSWdN=-w200-h112-p-df-rw,2025-10-22T02:04:50.623722
Korean Air Showcases Advanced UAV Portfolio at Seoul ADEX 2025,https://news.google.com/read/CBMinAFBVV95cUxNSV9LZ2xudGRiaGIwWEg4djV6SUlBcC1zTHlWQXpoMGxWclZZU0R5TzFYT3F3Mm4yNnpHYU9ZUng4MnFSbmxHQm43XzNnVm5QSlcycjYtRGY4VjFHSVN6OC1maWVKekhZTmx1V2wwU0F0YldUcm55MTFuaXJ4WVZjMnpQcGZsRTEyMkFnVVB3aktSZENNeVJWcjdmYlPSAaIBQVVfeXFMTUcwb2p4NXFPNFFGQ3pyVFlFNzBQNlJ2YmNFalRidmhEekFHanhDNXIxM20xcGJUenZHaE0zYUE5b0JTTnJnRmV2QWJxRTJVQVRoSnlfU1liWHpNcDdJRmZpTTIzZ3pvdWsxWFVTUGd4UVhQSmxyOE9WbnNldXB4eHZKLW45Z3l0elAzbmpWNjZBelJBRjJEVndRc0p4YUgwX0JB?hl=en-US&gl=US&ceid=US%3Aen,Dronelife,7 hours ago,🔬 Drone Technology,https://news.google.com/api/attachments/CC8iI0NnNDRhM3AyY21aWlFUZHBORVY2VFJDOUFoallCQ2dLTWdB=-w200-h112-p-df-rw,2025-10-22T02:04:50.623724
Wrap Technologies Launches First Drone System That Can Physically Restrain Suspects,https://news.google.com/read/CBMifkFVX3lxTFBDcjZXUkhBS29oejhQMDl1WWdwUmtGT2NvdTBjYzJZY1VnUC1IemxkUm9reW1VZmZxUlBLNUR4ZkZDRnRoZUxkTjlUdnhMRXNURDRYWXZpaFpTRGRuZk8tdXVLWlM0c1RCYzFnZDhFUjFpZ1ZBbHRfLTJ4N2xlQQ?hl=en-US&gl=US&ceid=US%3Aen,DroneXL.co,9 hours ago,🔬 Drone Technology,https://news.google.com/api/attachments/CC8iK0NnNVBkbmRyWVZobGVXOUNla2xQVFJEVkF4aU5CU2dLTWdZZGc1Q05yUVk=-w200-h112-p-df-rw,2025-10-22T02:04:50.623725
AeroVironment to deploy counter-drone system at Grand Forks AFB in partnership with GrandSKY,https://news.google.com/read/CBMivgFBVV95cUxQWWVBbHRtME5WdmFUakJ3cGk1eXBaVTBTYjhTNFpRSTRaY1JEOF9sUUtUczVpRDNUMWllQzkyNlYzc3kwa0ZUbzFYdGxuZHNtU2xSbnhxbV9XUngzdzJtaTVjLXlKRVdLclQ5TzlJcGxqX053c1paWmtqUF9veGttT1pJcHRoR3pROGFUekw4cDhyR291QXJSNDZHT2xXaUNOVzB4LUZkNWJyTmhZOTA1ajhabG9HMTdZUHpqMDFR?hl=en-US&gl=US&ceid=US%3Aen,Defence Industry Europe,7 hours ago,🔬 Drone Technology,https://news.google.com/api/attachments/CC8iK0NnNUVaRVZtV25oSFpGZFVWbUpJVFJERUF4aW1CU2dLTWdZQlVJNUpMUWM=-w200-h112-p-df-rw,2025-10-22T02:04:50.623727
"Drone company to bring AI technology to battlefields, humanitarian missions",https://news.google.com/read/CBMimAFBVV95cUxPRVpYaW5hVEU2bUlQdktqOVZLejlFNHBIY1JILWdhQ0NXazdDbXZ4SHdCNFdfX3lScUF3eS1iRHhOQy1raFVaY1FNMVNkS1pBTjZiU0lvVURFbDhoUlhoeDhTcHZWM2twMUdzb3VjNko3MkQxV29TM0VpcGZ0SmZGTFNQMTV3YTAzN0U2VDg5VXV4VnJOOVJsNQ?hl=en-US&gl=US&ceid=US%3Aen,The Business Journals,11 hours ago,🔬 Drone Technology,https://news.google.com/api/attachments/CC8iK0NnNUlaV2QzWm5OTFZtVnRZVlZhVFJDZkF4ampCU2dLTWdhdElKb1JtUWs=-w200-h112-p-df-rw,2025-10-22T02:04:50.623729
Commercial UAV Forum Partners with JEDA to Advance Europe’s Drone Industry,https://news.google.com/read/CBMiyAFBVV95cUxNdVVDVVpLVG1qN21haG9aYXA4SW5INk5nbzZLZDlUVTZsSVgwdVdKcHFweDN4UUNTbjd5czZrTi1zR0pvN3BRQjhXOGVad21tMTRqbWtfM1VUMjN6X0tJWWFXZkpLcVU0aFdrNVAtMXVvdVhaaVZxVXZUYWVNNlFyVU5jVmVaaGFrY0hsTmdHclVqSkwxS2hMYUpSUGZ0R1Zkc2xrY2U0dFZWUklYTmdhS1E1Wkp3dllla21RWTJqUGNHOV9aY253OQ?hl=en-US&gl=US&ceid=US%3Aen,Robotics Tomorrow,5 hours ago,🔬 Drone Technology,https://news.google.com/api/attachments/CC8iJ0NnNVRPV2R3Vld0aU1EQlNjakJhVFJENkFSajZBU2dLTWdPRmhobw=-w200-h112-p-df-rw,2025-10-22T02:04:50.623731
Securing the Skies: Landmark Proposed Rule Contains New Security Requirements for Expanded Commercial Drone Deployments,https://news.google.com/read/CBMirgJBVV95cUxQLTNoeUhNVC1oRWl5a0U2OVU0Ml9HSUI5RW5COFN1akFFUGVDTVlhcWxBdlhodUFxeVNDeC1Qekg2cTBGSWZ1ZGJjaDNpVDRTRUZWQ1JFWjY2OFpjUURqMzc3M1ZMNFRVbnhkSkNUUUFuTG4xVngxNXlHM3ZNZ3hlZmd1cEpGc09oYnZ5NVJfVjR5UkxPV2ZmQXlpQzdZa1h5MWlXbklJNjMyQjVwaW9lZkhFcmpMZnhyRHJxNlZYT2xSMXFHUFlpUEZfZjQ5ZmltZGRjM3NpY0JSdjFQaWdmRG5XV2lodXZ0cTNSZ2psM19Tc0NLNWFteEVWUnpKQ0FhT0RPUXV4OXBEdS1ISFg4bjRsU25SZFJEYU9md2xpaXdwTC1XYWZaWjJZZUhEQQ?hl=en-US&gl=US&ceid=US%3Aen,Government Contracts Legal Forum,9 hours ago,🛩️ Unmanned Aircraft,https://news.google.com/api/attachments/CC8iI0NnNUlPRVpLZUc4NGJsWnlUMDlyVFJDUkF4ajhCU2dLTWdB=-w200-h112-p-df-rw,2025-10-22T02:04:50.623733
AeroVironment partners with Korean Air for unmanned aircraft systems,https://news.google.com/read/CBMiwwFBVV95cUxQX3ZJcXFhc3VXUDlTbDRXMGdHb1lHNDdKTEJZTDQ0em5sVTBfcVdxZ0E3bElQRG8yVHVzSVdzNmFTU3g1TFhrc3lzMlM0THExQVd2TDdKYnFDeXZvTi1uNDdjR0ROV1VDdTN5YmN1a0ViTWgwTmk5VDVDWjlKTW1lQnZLNmc0M2laRDkzYy14VnRVMVhyd0VLR1JwZlpTdVJvMlBrdDZPcEFDR2Z4R1o3TmNad19BZnY4VlBBczVtTS1jTGs?hl=en-US&gl=US&ceid=US%3Aen,Investing.com,12 hours ago,🛩️ Unmanned Aircraft,https://news.google.com/api/attachments/CC8iJ0NnNTViV0Y1TVZGSGIxY3dXV3BZVFJERUF4aW5CU2dLTWdNQmd3UQ=-w200-h112-p-df-rw,2025-10-22T02:04:50.623734
Versaterm and Vantage Robotics Partner on Public Safety Drone Integration,https://news.google.com/read/CBMiqwFBVV95cUxPdm1WdGxjRm5wU3JYeTJwQnJFVDAxTzVwQXRwQlhnR05MTHN1eTk5b1k4YWxZbnlwQ3ZzR3RwSy1JdU5lcElLYnpReU16ZnFxX0VodGIySkpDYWFTSGJXNENUSTlSdEJEN1FnMXJYMThPcjJtM2dPb3lPallHSmowQ180R0N3Y3BGMWd3VTIwbTljM2xkSFZybkVpbzBsMFdkT1h2cTd5MHVuTzA?hl=en-US&gl=US&ceid=US%3Aen,Commercial UAV News,5 hours ago,🛩️ Unmanned Aircraft,https://news.google.com/api/attachments/CC8iK0NnNXZjaTF0U2swMU5HcFZhRWR4VFJDQ0FSaUZBeWdCTWdhQlFJaEtxUWs=-w200-h112-p-df-rw,2025-10-22T02:04:50.623736
AV and Korean Air Sign Memorandum of Understanding to Advance Medium Unmanned Aircraft Systems for the Republic of Korea,https://news.google.com/read/CBMiiAJBVV95cUxPYlpDOEd1c0NHLVU2eWxXeFlHRERRVXRDaWhUQ2hGbjkwbTlsV0huQWlrdlRKUHFtYUcxeFdaVGRYeDE2eVdORkprSTQySlVHOEhIQ3B0MGUyZEo1aGExNHVYZE83RDJ5bC1NazRCUmZFV0tvRGFlREYyWWlpUHVKN0xKNTNMeEJfVGtkZDhCLWs2SkJmTm9FUW1RRVN4M2VzUmZNWElWaVZ6VGpSY0RaNnJEQXc5WmJkU21VeUR3VGRwLWVIcUoxS3N5WUlpODRXeEJsNFJDbkN5aWxWWVRNaFFVeW4zaEhOWWxnUFI3aUJhdlJHTDEwTUZYWnd6WUFrQVFTbEtadmo?hl=en-US&gl=US&ceid=US%3Aen,Business Wire,12 hours ago,🛩️ Unmanned Aircraft,https://news.google.com/api/attachments/CC8iK0NnNXlNMjVzUzFFMFRIVXlWQzFRVFJEZkF4aUFCU2dLTWdhcEk1SnRtUWc=-w200-h112-p-df-rw,2025-10-22T02:04:50.623738
Russia’s newest anti-drone radar destroyed by drones in occupied Crimea (video),https://news.google.com/read/CBMirwFBVV95cUxQSF9PY202ZldKNF9BREY5REZhOVBXU3g0c0l1UE9QSWpiY05EelFvbDJtTnVHbWcyX3ppamtXOFNiNG5GY0k4SkNEeDFpQ3V4Q280SkloR1pKZnpmNFgweGwyN3Z2NWttREhveno4RGlUcndtdmw0Z2VMNC1tXy10b211TzhDZHBmZ192amtES3V4aS01SVhGUWJOeDdDN09rSGZieXNHV29Zbi1WR2hv?hl=en-US&gl=US&ceid=US%3Aen,Euromaidan Press,15 hours ago,🛡️ Counter-Drone,https://news.google.com/api/attachments/CC8iL0NnNVlRVnBqWmxCaWRWcFRMVk4xVFJDZkF4ampCU2dLTWdrQklJeDNFQ3RVTWdF=-w200-h112-p-df-rw,2025-10-22T02:04:50.623740
Western boom in anti-drone technology: Ukraine becomes testing ground for these innovations – WSJ,https://news.google.com/read/CBMisgFBVV95cUxNVGdiR0FGeDBhSnVwM3Jnd3VjTU9kakhJRDUzd2J4STVtemMzNzA4MzhGaWVlankwRkJWU3I2YTRXQ2ZsMk9qdGpVZC1jVUJIcERiY1RpQnZzRFQzY2RIV0xydXR3VHYxZkdxN3RZeGFUNnZfUVJjMGhPSWZrLUttVGpjS0NIOHVTdGlrcE1QdGRfWmNTaDNEVnVPX19ORlFQYUtIMXl3Ql91V210WWZHbnBR?hl=en-US&gl=US&ceid=US%3Aen,Цензор.НЕТ,10 hours ago,🛡️ Counter-Drone,https://news.google.com/api/attachments/CC8iK0NnNVNVMkV3V0ZRdE0yTklaVjkxVFJDZ0F4amhCU2dLTWdZUnNJN3Z3QVU=-w200-h112-p-df-rw,2025-10-22T02:04:50.623741
"Drones, AI and anti-drone defense: Top developments of IT company Favbet Tech for national defense",https://news.google.com/read/CBMifkFVX3lxTE9SQVV2QkJrMzV2bkJrLXR5RkpRakwxX1pxT0pvbHZDNXJ6blZRVUp2MnFXcUJ5N0hXMXRFa0lIVmtkWnlyWTlMellaaE5Pa1ZadFVNV1Uwd3Vsanpza2c4RE9DV2V3S0xvZEh5b193ejMydHZKOUdGU19WQmt1UQ?hl=en-US&gl=US&ceid=US%3Aen,dev.ua,12 hours ago,🛡️ Counter-Drone,https://news.google.com/api/attachments/CC8iK0NnNTRWWFZwYVc1UVluWkdjWEJSVFJDb0FSaXJBaWdCTWdZQmNZNUNzUVk=-w200-h112-p-df-rw,2025-10-22T02:04:50.623743
South Korea’s Hanwha debuts K-NIFV infantry fighting vehicle with AI drone defense,https://news.google.com/read/CBMiyAFBVV95cUxNUGhLM2UtUUZpdHVVX082RHJlYzhhaW1JTXVjdlBSSERsZmdyRk1XcVdVaFFOa1VKTHhHU08wVkJ6U0Y2XzN5U3JfQXo0dW1udm9XU1dFUV9kaEdGTk1GRlZ2a1RsTXpDR1dRNkgwUGVyZUNieV8tMmFQTnR3Qks2MjU1NTllRm1GSjA3WXBwUkVHaDYyUGh5RFZ0MVE2UmFkNlAxNnBtWlpYaDlEemFLbkFFZGRvTE1ibkp4elpISEFpVTVmRmRORA?hl=en-US&gl=US&ceid=US%3Aen,Army Recognition,10 hours ago,🛡️ Counter-Drone,https://news.google.com/api/attachments/CC8iI0NnNUVSRFJ3VkdodmVWQnBaMEZoVFJDOUF4aXhCU2dLTWdB=-w200-h112-p-df-rw,2025-10-22T02:04:50.623745
The Army wants drones that understand ‘commander’s intent’,https://news.google.com/read/CBMixgFBVV95cUxNdVlibU16c1BQUzVab3FtcXlyTGd1RUEtUEZrRjlGNk45bHlES2ZDRHFEZHFKNExtWWN3VXVOb3Y5ZFExQkZVbXJNNzlPNnVnaU81eGN4ODB0TDBma3NIVEFSRlpHR0dxOVNrTm8wdnl3czBfX0lrUGp0MURaSDctSmhpczU5MHB0Xzl0TFpUWkpuaHhxVDJDS25pTWZPQ2xzb2J6aVFGNWkxWDBydWpqZl9qOFVobHdCZHRTRkotM1d2NkVVMEE?hl=en-US&gl=US&ceid=US%3Aen,Defense One,6 hours ago,🛡️ Drone Defense,https://news.google.com/api/attachments/CC8iK0NnNDBTWGRLVDBSVVptcFZPVkpLVFJDWUFSak1BaWdCTWdZQk1vcjFGQW8=-w200-h112-p-df-rw,2025-10-22T02:04:50.623747
Guns Not Missiles Will Defeat the Drone,https://news.google.com/read/CBMic0FVX3lxTE5MamNVbkFlTXJQcWtGVktvOFhVcVlhbGhyWDNhWFZ5NHhaZXh4T2JNSDJoNWRkNHBjbGdyLU1kb0VMWC1NWnlzV3dJWTNXS09iYU1YRGZxUTdrT3M0akdqRHJXVmFhZFFHNVNEMHNINUZhSDg?hl=en-US&gl=US&ceid=US%3Aen,Center for European Policy Analysis (CEPA),10 hours ago,🛡️ Drone Defense,https://news.google.com/api/attachments/CC8iL0NnNXBWSGRTVGpJeGVWYzNZWFo2VFJERUF4aW1CU2dLTWdrUms0eG93dVZNQ3dJ=-w200-h112-p-df-rw,2025-10-22T02:04:50.623749
MicroVision (MVIS) Gains as Defense Policy Shift Boosts Drone De,https://news.google.com/read/CBMiqAFBVV95cUxNMWwyWHFaNWp1M1B6Y1JZUDl3b2l2VEx0V09uWEVPQ056OWNxZGdhcjNsVWZJQnkzUFZsdmtSbkVUZHlnS0hEbHVPSXhxNTRYXzlBdzJzbDJBVTEwejlvZnprc0lQNW5mNUxVencxcVhyRjRFZXlfOFVmbTlxQTdSWkU4S0ZmdkYzSEtMdTA1QUdXVWdhbHpQWXNrelFPOFRpRHVLbS15UWQ?hl=en-US&gl=US&ceid=US%3Aen,GuruFocus,11 hours ago,🛡️ Drone Defense,"https://encrypted-tbn2.gstatic.com/faviconV2?url=https://www.gurufocus.com&client=NEWS_360&size=96&type=FAVICON&fallback_opts=TYPE,SIZE,URL",2025-10-22T02:04:50.623751
"Drones, drones carrying drones and counter-drones on the AUSA show floor",https://news.google.com/read/CBMirAFBVV95cUxOMXEyNkJZeHQ5T0M0X3JvOXRkaTh0Y0pLN2J2d252R2gtZ0d1enhMTmQ2blF5QmJQbGdkWW1IemR6RjRMLVRNaEUyeDJBWHhvRWhSUEg4Rl9WM3BQSVVrX3dibTRvbmJjWHVndjk5Qy1jc3FWeXVwWGxWa3VCc09XdEc4NjEzZEJpdnJGZ0hGeWs1QkV1VDE1VGlPbTNIQnJIMUh3MGo2R09RNzVZ?hl=en-US&gl=US&ceid=US%3Aen,Breaking Defense,9 hours ago,🛡️ Counter-UAV,https://news.google.com/api/attachments/CC8iK0NnNXpNV3MwTjFaNVlqSlNaMUJPVFJDZkF4ampCU2dLTWdhVkFvSktqUWM=-w200-h112-p-df-rw,2025-10-22T02:04:50.623753
American AIRO Group and Ukraine’s Bullet form joint venture to produce high-speed interceptor drones,https://news.google.com/read/CBMidkFVX3lxTE5EWXhnS19XcUFiQ0p4c0VaOThOZ3ZaVkkyTkQ3bF9YclVtSzhObGh2MHVaeVl4VEVMd2hxTHl5bWFuTWZTaWhJQzJaNHY3Y3diTDI4U29YcTJDaVQ5NzBnWFFaTFc5OEl2Rk5QYXNMY0cybi01a1E?hl=en-US&gl=US&ceid=US%3Aen,thedefender.media,16 hours ago,🛡️ Counter-UAV,https://news.google.com/api/attachments/CC8iI0NnNHpORmh2UlVVMVgyZFNialU0VFJERUF4aW1CU2dLTWdB=-w200-h112-p-df-rw,2025-10-22T02:04:50.623755
This drone is so tiny that it can fly through a Pringles can,https://news.google.com/read/CBMilwFBVV95cUxQNFNiT29lbl9xdkl6eEpXZmtRdWhYZjRjOWJKVzBlN1U3RlJpeE1icUhNNTJ4LWJRSVVUYmNBQ3BOZFFkdldXMGY0aXN0NGNxQXhBV3NlelRpWDVkODdyVHl5NFlTSWtIYVI0NE1yOURJNmE5bzRGNWVpV1lhRjMzZmJZZzhQYlZXRngwSVlXQmRrOHgycWI0?hl=en-US&gl=US&ceid=US%3Aen,Fast Company,15 hours ago,📦 Commercial Drones,https://news.google.com/api/attachments/CC8iK0NnNUZaall6ZEZWaWNHbEtjSEJQVFJDZkF4ampCU2dLTWdZcEJZYXRRUVE=-w200-h112-p-df-rw,2025-10-22T02:04:50.623756
"With a $355.55 Billlion Opportunity, These Drone Stocks Should See Higher Highs",https://news.google.com/read/CBMi9AFBVV95cUxQV2hlSlhPVkdOTWthcFFMNjV6dHhkeThJbDJ0Uk04WEQwMGpITzhyeklka1VfN25ncUd6cUozbEhENWkzSU40TTU4T1VXaEQzaUpsQ19pZ3NJeWVnbHpJMUZNdm8wUmlERmNIRGRkUW9iTFVhSVVXU2EyYVN5VG0zbW9BR2J4T0pnNTZKYUVkcUNhNHVfVWhaZjA2dHllNEFNQkNKMVdfdVE3WENQYUxlZlE1Q0V0amVXVWJseDF0VUV0c1NlTlVudmdPRWtuXzlMUmt4QXFVUENid1BVcVA3UlhqMW90SURuSjVhdFJvS0g3eUlH?hl=en-US&gl=US&ceid=US%3Aen,The Globe and Mail,11 hours ago,📦 Commercial Drones,"https://encrypted-tbn2.gstatic.com/faviconV2?url=https://www.theglobeandmail.com&client=NEWS_360&size=96&type=FAVICON&fallback_opts=TYPE,SIZE,URL",2025-10-22T02:04:50.623758
Innovation takes flight: Drone standards and Digital Tethering,https://news.google.com/read/CBMie0FVX3lxTE05bE5vYmhGZC1FVXNranptUS1QT080eEdaS2NQZy1zelExNWVPR1N6YmwyNXRiVHlxekNSOTFfaDI2ekJiSjJCUjNPLS1iWTFwYXB6VDRRUDNDbG9ybC1UN05wTV9mV1BsTFRMVFQyTHZSbnliOWd6QlBhOA?hl=en-US&gl=US&ceid=US%3Aen,Security Journal UK,12 hours ago,📦 Commercial Drones,https://news.google.com/api/attachments/CC8iI0NnNXJTbTV5YlcxNWQzRnVRemgzVFJDZkF4amlCU2dLTWdB=-w200-h112-p-df-rw,2025-10-22T02:04:50.623760
Uber Eats takes flight with drone deliveries,https://news.google.com/read/CBMifEFVX3lxTE02cDltVzlDVVN1UVhvTTNZTUhzQWVIeWhVWXlwMEM5TnU4N2ZlVU5tTTJxTzl1RS1CQzdXb2xGcmZIVmNQVkRVc3p2Wk90VW9uYjNqRENWS0ZpWVhKSVZyNjl4Q2J4cXowQ2JXQk1SeGE0bWp1Q0ZpbGotOWw?hl=en-US&gl=US&ceid=US%3Aen,AOL.com,9 hours ago,📦 Drone Delivery,https://news.google.com/api/attachments/CC8iK0NnNTJSbTlGYmtJNE5tNVhRVGR1VFJEb0FoaUFCU2dLTWdhbFpJck5yUVU=-w200-h112-p-df-rw,2025-10-22T02:04:50.623762
Regulator’s roadmap unlocks economic and societal benefits of drones,https://news.google.com/read/CBMiowFBVV95cUxQZm8xX01tMEU5bWZVcS1aUXlpYWd4NXM5VE03b2lucG9fa09LUnB0LUp5djkxTEl3S2dTS2I4enVJR2lZWGhUS2FsYjNnZVd2U1NXRHRIdEl5ZXh4cE52NjdXM2ROelM2MERrdUplT0VjMXlVUGNXQnpFc2t2alZOeFlySXlHNFpwWUp6OGMzeDZiMEZLOUlCOV9BRTN1VXp5aURV?hl=en-US&gl=US&ceid=US%3Aen,sUAS News,11 hours ago,📦 Drone Delivery,https://news.google.com/api/attachments/CC8iK0NnNTJZMWxIYVV4ZmNFdDBZM1pqVFJES0F4aWRCU2dLTWdZQklJcUNwZ1k=-w200-h112-p-df-rw,2025-10-22T02:04:50.623763
Are Hydrogen Fuel Cells the Next Big Thing in the UAV Market?,https://news.google.com/read/CBMimgFBVV95cUxOMFJ1cFM3b3BWdVRoUE45Vkw2VlJnb3FwR2RTM1BvWnBJNkNtMWZRSkZqbUVpeko4UFlweXZBR1F3N2RlM1BTMkEzQUcyU3FxQnNURmNUNmFEMnRQVXdjUUJWWVdnakdIZmpkVDdHOXZrRDBneS1MWTZsdm84cFdiaWhGMm5tMjVOd1dfSlBPUmJnQWJucml0UnFn?hl=en-US&gl=US&ceid=US%3Aen,Commercial UAV News,12 hours ago,📦 Drone Delivery,https://news.google.com/api/attachments/CC8iJ0NnNVpNMnRpV1hBNGVtbFdOWFprVFJEQkF4aXFCU2dLTWdNQkl5UQ=-w200-h112-p-df-rw,2025-10-22T02:04:50.623765
Amazon customers report delivery delays after major AWS outage,https://news.google.com/read/CBMimAFBVV95cUxPb1RUSXZucGxKckxuMlZzLWhfX2lVSTJiVkF6YkZ4S2NWbHl5X3hDSjctbVo0SmJGbjN0bi1TLXZ6YktJQm9UbnhBcUZNRTViLTV5STdtSTIzTkxNMDljclRtcFB2MktuekxnOHBjbW5FSVcxRE1PSnJDRHlSTWE5RnY4UjNlTHRiU2VDWFhvRWNDQ1J6WTlGRg?hl=en-US&gl=US&ceid=US%3Aen,GeekWire,10 hours ago,📦 Drone Delivery,https://news.google.com/api/attachments/CC8iK0NnNVZhRTFhVjFOcFFVWlVXak5mVFJEbEF4ajVCQ2dLTWdZUlFJeExvUWc=-w200-h112-p-df-rw,2025-10-22T02:04:50.623766
UK CAA releases updated three-year BVLOS roadmap,https://news.google.com/read/CBMingFBVV95cUxQanBvX2RzMTcyZjlncW9yVWdUbFNPRG9hd2hISnhTMUhaZWQ4SDltTHR5V2F0QVpQUjF2WUllTndBdmV4MFltdEVsV25lQVVLUldSTjJIZFVhR1FSOXM4c3JZZ0ZNSmRNWFRCRWFQekQxd0o3c0s1MVBid2ZuQUIzc1BuYmN2bWMwZ3o0YV9vUzZ1M2RYMGJmTDVpWEY3UQ?hl=en-US&gl=US&ceid=US%3Aen,Unmanned airspace,11 hours ago,📦 Drone Delivery,https://news.google.com/api/attachments/CC8iJ0NnNVVTRmgzTVVSSlRXUkJiamR3VFJDa0F4alpCU2dLTWdNQkFnNA=-w200-h112-p-df-rw,2025-10-22T02:04:50.623768
Suspects try to sneak contraband inside Georgia prison with drone,https://news.google.com/read/CBMiwwFBVV95cUxNWXg1eUZZQkZyWTdQOHJfWFFSblRKc2laaVBBaHhoZWVwbTVPdHN0WHlHNUxrdEh2WktVTUl2dWphZU1RM29Wa0JfWHVtTzdvR0pNLVp0azVienhIcHVheTA0eEJORzc0ZWJtcHpCeV9xcFpNbUVlMUg1c0tXTExkVHBYM0p3VXYxaW1VaG1RNkIwd0VtX1gtLVhKVE9zVmV0aU1QVUVINDhQLThzZFB0MjI4cDMxaHN5cTl4UHRFM0xHMDjSAdcBQVVfeXFMUHlaMkxGZ0lHT3ZlRVRuR3Q1dlF0RWU3ZDNVb2J5Z0NzUzUyTkF6OHJrcHFYcHdDZEZMUUR4Yk5tV0RuZnZYclNoaEFXd1BCQ3NCZ0U4MmYtXzlTck44MXdVanFtR2NpR0RaQmtNaEc4Rk1BX21yZWlpbkpXZUFVYXdOMDd2OVk4YWNjamJ0S2dtT3ZLakhWaW1saENBYm55TW9hbkpmYXYyZHJzS2hqMTIySkVjWVozenZ0Vkc3T0xtS0IwejhBWWF1eUFsdmJqakFXTVNwaHc?hl=en-US&gl=US&ceid=US%3Aen,WSB-TV,5 hours ago,📦 Drone Delivery,https://news.google.com/api/attachments/CC8iK0NnNXZabkE1ZVVaVWFsZHNOMVJxVFJDZkF4ampCU2dLTWdZUk5KQ3VuUWM=-w200-h112-p-df-rw,2025-10-22T02:04:50.623770
DoorDash Taps Waymo for Autonomous Delivery Service,https://news.google.com/read/CBMigwFBVV95cUxPdTgySmpfRUJ2aXZuSG1DQVpYeVhDRnotQzZyUzd1eGFLdjVyZVNYZW5ZbTJyMlpzcjRnNzFGZ0VNZllCTDhVTjdDLTNRZ0JsanV4eDVDX2xQMzg2YlNGdl9KUHg3VWp6MDdkSERwUHMwSXpObFVtdlIwVmdqV1l5aW9kRQ?hl=en-US&gl=US&ceid=US%3Aen,Progressive Grocer,13 hours ago,📦 Drone Delivery,https://news.google.com/api/attachments/CC8iK0NnNHdiVlJaVVUxYVpGQjNWSGxtVFJERUF4aW1CU2dLTWdZTkVvaHVHUWc=-w200-h112-p-df-rw,2025-10-22T02:04:50.623771
Versaterm integrates drone operations into CAD to streamline emergency response,https://news.google.com/read/CBMitgFBVV95cUxQbXR5ek1faGl6Vy1aTEM3MTFnbUt6RTBGbXVCdzBleHV0cHhPTFBZMERvVnZHLXRHQmpiNlpHNlBrYzYzQzVFVTJlY1NPMUlTR2hzQ1FRMnh5bUJYVkZXdWt2aEdXUEdIZHZTQ3dRQkMzckZ6TEtGVldrZndtV1oweDhoNFg2UGVxUUNUSGhfV1d5ZmZtbWp2aW1fRlJPa250LW1ia0ZxSV9WX2NVTlE1NlF3a3l4UQ?hl=en-US&gl=US&ceid=US%3Aen,AirMed&Rescue,16 hours ago,📦 Drone Delivery,https://news.google.com/api/attachments/CC8iK0NnNWxNemxaWlMxR1owSTJNMFY1VFJEUkFoallCQ2dLTWdZSmtKUW5PUWM=-w200-h112-p-df-rw,2025-10-22T02:04:50.623773
EAVision J150 Spray Drone Conquers Steep Terraced Fields with Automotive-Grade Terrain Following,https://news.google.com/read/CBMif0FVX3lxTFBncUdYZFpYRGE4ajhsUVB4NktDVUNhOWlGZy1FcnFBOUt0OVNWcFU0bVQ0a0R3SnhKZVhqTlB4dGdSZVhZcjYxQ2NQYV94TkF2RDAwQVNUbUZPc0xWd1hMdEhxTDlCSm5ibWdRZWwxVFV6WEJJQk1oNzhXX2pQTnM?hl=en-US&gl=US&ceid=US%3Aen,DroneXL.co,8 hours ago,🚜 Agricultural Drones,https://news.google.com/api/attachments/CC8iK0NnNVFVRWR4WTFoUGRsSnRUMmxVVFJDZkF4ampCU2dLTWdZUlVZQ1AyUUk=-w200-h112-p-df-rw,2025-10-22T02:04:50.623775
Is Now the Time To Start Using Drones for Spray Applications in Your Orchard or Vineyard?,https://news.google.com/read/CBMi0gFBVV95cUxNdlZZd0Nxazh5RWpvUWFWem9BZnpNRWFmOHRlRDRrcVU0cVhNcmNkdnhOWXhEYWNHNGh2OXIxMW9zYmxTQ0ZYTHV6TWVFQm91RDJwLWY1b1JSLVVlSk91aTVMRTBGT3k2akFWeDduY3luei12THlNNDl0ZkVqbW00bWpZeWg4bGNHeHdwZ0EyWnpvUXIxM1YtYmxQSnhEMzhTVHVZUzhwRWk5Q21EczJlWENZamE0VTlxMXlQY29ZRmNOVDFubGQ2N1ZPZGJtLS1GRXc?hl=en-US&gl=US&ceid=US%3Aen,Growing Produce,12 hours ago,🚜 Agricultural Drones,https://news.google.com/api/attachments/CC8iK0NnNWtkMFUwVVVWSGFqUkdSSFp6VFJDb0FSaXJBaWdCTWdZUmc1aXNMUWc=-w200-h112-p-df-rw,2025-10-22T02:04:50.623777
Robot drone designed by University of Minnesota students aims to scare deer away from crops,https://news.google.com/read/CBMixgFBVV95cUxPYklxTW9TOW05S3I5X015bmRFS2ppMnZMbWFxLVlXRXFKS0tMa3NJeF90TmE3S1NQQ0N1dzZtZURCVnRCSjFzUFdXWWY2NXdVWGlhTE05VFF3aTBUbDZ0dnRncElwWFJnbk9XTFBwVlVnYTdBZ0p3YVlRbzVqRVJSbmIzaUV2RjBOTEwtbmpQU09kdkJWSm5oNEF1YWhCaTk0cG9OZ1ZST1ZYS2E1NFVjY0dKRFBBclNHUE0xeFpaVmdkS3hoRFE?hl=en-US&gl=US&ceid=US%3Aen,Agweek,15 hours ago,🚜 Agricultural Drones,https://news.google.com/api/attachments/CC8iMkNnNDFPREJSTkZKVlFuYzNNR2RyVFJDM0FSaVRBaWdCTWdzQmdJeEF0Q1lkY3dudW1n=-w200-h112-p-df-rw,2025-10-22T02:04:50.623778
Pelican 2 Agricultural Drone Manufacturer Pyka is Moving Into Production of Autonomous Long-Range Heavy-Lift Military UAS,https://news.google.com/read/CBMihAJBVV95cUxQZVZ0dnZ2ZFRFU3pOTVB0ZW5XWXpnS0J5UTg0bTE0TnVLSnZUUzNKY1Z3YnlTd0tUNUF2TTlWS0FINFJXMFh2TVY4cm5DeWZ6M05jblhfNWtqQ2R0ZXAzUVlrZHJlOWplT1lXUFlRdUNIRHFBTWRYdG13OWRXZHlIbl9hVVVqQk05ajdnUTZTbF9ObnBzQmpTMmlfcFZSTXNmMTBJOE9xajlmX3o5cHk1d2hkS29tYnhINi04R2dnWUdXUWNTcktDNnJLRk9XczlaNmJoSkNMc1JJT1F2Z1lpUk93NnFnTFR5ajFVSHpWQkFNdnpGMDBwanEzekJ1NmNERkU1OA?hl=en-US&gl=US&ceid=US%3Aen,Defense Express,21 hours ago,🚜 Agricultural Drones,https://news.google.com/api/attachments/CC8iK0NnNTRUVmRRTXpBNGVYSjNObkZLVFJDWEF4anhCU2dLTWdZWmNwU09NUWM=-w200-h112-p-df-rw,2025-10-22T02:04:50.623780
Precision Planting Market Analysis Report 2025-2035: Adoption in Specialty and High-Value Crops and Utilization of Drone Technology Fuel Opportunities - ResearchAndMarkets.com,https://news.google.com/read/CBMi3wJBVV95cUxPTkJWck5QLVk4dEdkQVlDdkdCckNzUzVFWnRYSnNpYzIwbTVOdHMtVDJsWkU0el9lanFjVkthTUdKV0ptS0huR2x3M2FKTjhaZWNiUjJzVzJ4YzNmMWZNMU9iaDdQRU1iZm42RzY4QWlJNGlueldmNEV5dDlRcmxtdWVEdFlxd3h0REp3TFhyTU9pbUM5eGJ3U0Rqc19tRXlPMExyYlBldjkxdmhMZ0NKX1NXVnBuYnVqcEo5Vk5VRERxZ1dJdGN6NHVrYmJ1UGd5V1lURHVzOHFKaUR1eTZZUlg2OXl6UU5yLVZWU0E1bEhSTWNBYk54OVR5cVJaR2s2SU56cmcxeEJIalZBdU9FOXdMcmJGRXpMTUc4dldoZXpOZDJ1TGllUkFUTVNtZ3hhMlozeEpJVHJXU0h3MEJTNzdYbHJadEx3akNhZUxSa28xTjd6WnVHWG9aSU5lQXM?hl=en-US&gl=US&ceid=US%3Aen,FinancialContent,13 hours ago,🚜 Agricultural Drones,https://news.google.com/api/attachments/CC8iI0NnNUJVV2c0Tm1GU1RsUXdhVmcxVFJDSEF4aVBCaWdLTWdB=-w200-h112-p-df-rw,2025-10-22T02:04:50.623781
"CVE GRSL, GRSLF: Top 7 Sustainable Land Innovations",https://news.google.com/read/CBMijwFBVV95cUxNdlBOcFhOYlFPc1hGZk9TX2JmdXRYT195RHBYaFJaXzhXMUtRU25kWFZKNXByRmo4dWVqOS03TG9VY1M2Mms5WEtWNHE1TVRWNUJXV2NCNk9ReDN6b1JaVVBLSFZCRVRSWWVuZXpodWVpZE90bVBNcHlxeU0xdHlWbVByWmdscW1paGVYdnRpZw?hl=en-US&gl=US&ceid=US%3Aen,Farmonaut,19 hours ago,🚜 Agricultural Drones,"https://encrypted-tbn0.gstatic.com/faviconV2?url=https://farmonaut.com&client=NEWS_360&size=96&type=FAVICON&fallback_opts=TYPE,SIZE,URL",2025-10-22T02:04:50.623783
Demonstration of Agri-drone for Biopesticides Application Organised,https://news.google.com/read/CBMiiwFBVV95cUxQVEQxOU91QUxTblI4dnNUb1hsRXIxT3BJQ0V5X2dXanNqUEppNGRabzdSYVQ2U0V0N1FpS2FEZHpVQUhDV1B5RXlxaVNlbmlMWHEtUUR1ZXFHMXVMQUw3ZXZaS3RCSnpsVU1YMFBJUHhfMi1yRUtmY0ZkRlNscU5PdFc5d3Fob3hXa0Jv?hl=en-US&gl=US&ceid=US%3Aen,Indian Council Of Agricultural Research,13 hours ago,🚜 Agricultural Drones,https://news.google.com/api/attachments/CC8iL0NnNUxaMlUxYW5rMVFVdGZiVmhOVFJDV0FSalJBaWdCTWdrQmdKUWJ0R2JJREFJ=-w200-h112-p-df-rw,2025-10-22T02:04:50.623785
Drone Sensors Market Expected to Grow from $1.9 Billion in 2024,https://news.google.com/read/CBMinwFBVV95cUxQbGhFRjM5YjZmS3FBaDA0eWJnb2dRRU9fSnlRallSX2R2dGlxZEdzU3Myb0FYTGR6NHdBb1l6OE9UZ1Ywc3hjX2J4aTA1aVg3dElTbVU0REFoNzNiRnNKa1dhLWgxVUx4UnBuaXltcGIwVWRuUThoN3hBRUkxTE93c0I0d29mUS1mY1hqeXZvQXgwcjBPSkVYNmp5RjlIMnM?hl=en-US&gl=US&ceid=US%3Aen,openPR.com,21 hours ago,🚜 Agricultural Drones,https://news.google.com/api/attachments/CC8iK0NnNXJRalZFVWs1NVkwcHhWVzlaVFJDZkF4ampCU2dLTWdhTlFZcnpIQW8=-w200-h112-p-df-rw,2025-10-22T02:04:50.623786
'Urban-Rural Harmony Event' to Be Held at Yongin Rural Theme Park on October 25-26,https://news.google.com/read/CBMiY0FVX3lxTE5TNTUzVFdBeERQY0ZsQm93ZEtNM05VWG83ZnJtMmxqOFFPck1IaEVYUnJsRUNzSE5waW1JSGo2TXFaOUJyOGRVVllUaFA0SHkwOVJZbTM0b2x0MlFJTXFHUG0xUQ?hl=en-US&gl=US&ceid=US%3Aen,아시아경제,2 hours ago,🚜 Agricultural Drones,https://news.google.com/api/attachments/CC8iK0NnNTVkbnBuYTJwelVHd3RNa2hxVFJDZkF4ampCU2dLTWdZWllvcE1xUWM=-w200-h112-p-df-rw,2025-10-22T02:04:50.623788
U.K. CAA releases BVLOS roadmap for drones,https://news.google.com/read/CBMiiAFBVV95cUxQamJ2VlBWZmRpZ2tlc3AtYUtZREd5a2NOUWdlaFE2czNWMWNQaVQtOGdPRUFUY0Z0cGhreVd5RGxnUkc2Z293Rlh2LXBPSUx0UzVJWTVmaXZBUktKY2tPeFVES0UxalRtVTVkNnZpWW5HWW5TOGh6THNldXMwSjNGWkN1Q2lEYWpJ?hl=en-US&gl=US&ceid=US%3Aen,Vertical Mag,13 hours ago,📋 Drone Regulation,https://news.google.com/api/attachments/CC8iK0NnNU1XR0V3ZVVKQmVtbFFXVUZsVFJDZkF4amlCU2dLTWdZbFlZeXRyUWM=-w200-h112-p-df-rw,2025-10-22T02:04:50.623790
"Florida Senator Forces Emergency DJI Ban Vote, DroneXL Opposes Retroactive Punishment",https://news.google.com/read/CBMidkFVX3lxTFBJVmNQTFo1a1B2SW5Ga21jSDBjZkFFYkZjUThEUzJDOGtzdm0wQjVMMFRDNXVXa1JCeDlYZU5LcWIzZGpJX1NaM05WcEcwUTFnTGVSRkFBQ2xqcEpKbm5lbDB5WVhINXV6MkxxTTdlNUQ3TmlHbmc?hl=en-US&gl=US&ceid=US%3Aen,DroneXL.co,5 hours ago,📋 Drone Regulation,https://news.google.com/api/attachments/CC8iK0NnNWZkME5hTTBsNFREY3RUVVZrVFJDZkF4ampCU2dLTWdZaGxKRExPUVk=-w200-h112-p-df-rw,2025-10-22T02:04:50.623792
UK CAA publishes updated Future of Flight BVLOS drone roadmap,https://news.google.com/read/CBMikgFBVV95cUxOejNmQm9YaDlQaFM0RUl2bE1OTkJqR0xvam4yUC1uSE11cVVtNkYzVGlsOW1DOWVTTUhBeVhvWFloU3RaMmlSNXMtR1dvZjh6TTZEQy1WRUphN3NCaVRqQnZHdUxycGtaYWJnVUtKcmFTTFZMQXFIbVdZNi1RU3kxbjFpVzBiRUM5SjU2dmtaSnY2QQ?hl=en-US&gl=US&ceid=US%3Aen,Heliguy,15 hours ago,📋 Drone Regulation,https://news.google.com/api/attachments/CC8iI0NnNTRlV1JJVWpRelFreFhWV2g0VFJDb0FSaXNBaWdCTWdB=-w200-h112-p-df-rw,2025-10-22T02:04:50.623793
Navigating the drone dilemma: Legal loopholes and flying over historic sites,https://news.google.com/read/CBMivAFBVV95cUxQdk5GQ1UwNG5kXzEwdWtKQWdXdXJEeC1iVXVfY3pTSFFEblNlcjBLMmRfbXoyOGFrQmFkamNUcUIzSVVzWEFabzIwbi1MRXE2S1FUWVZIcC1qQ3hlYlZ1VzBRRzZXR1E2ZGFyVFk1TXYxdXVwcjJySnR3MzZELS1QYVhnM1ctTHZXdmFHbDduRUpSbks5QUZyY2FObFp1N0xTcGpyQ1BBZmlTaHpuRDNVUThMXzFUUF9jQzVGZg?hl=en-US&gl=US&ceid=US%3Aen,Legal Cheek,19 hours ago,📋 Drone Regulation,https://news.google.com/api/attachments/CC8iK0NnNUVNMDR3VEZkeFFtb3hVMlpwVFJDSEF4aVBCaWdLTWdhcGdwUXZNUWM=-w200-h112-p-df-rw,2025-10-22T02:04:50.623795
Remote ID 2026: What it means for UK drone pilots,https://news.google.com/read/CBMihwFBVV95cUxQSFBUWWI5amxCSkVWYmVYcGlQRm94NzRYa2JWQXF0b0hKYUtGT3dtVDVENG1ZYlVBWEdORFRLUEkwU08wWHE0MTI4Sk1qXzF4S3M0TURvV1RFcmlwMktLNFZ6RXo0LW90SWNkdkdqOHllUC1Ybno4Z0lvZ1g3YVFsVExoLXNWQVE?hl=en-US&gl=US&ceid=US%3Aen,Heliguy,17 hours ago,📋 Drone Regulation,https://news.google.com/api/attachments/CC8iI0NnNTZjek40TkhNMFpsbHVSMU5SVFJDb0FSaXNBaWdCTWdB=-w200-h112-p-df-rw,2025-10-22T02:04:50.623796
Charting Indonesia’s Aviation Technology Horizon 2035,https://news.google.com/read/CBMihgFBVV95cUxQR0FacU5BMjJRUUpVZTJEQlBQR25RdmxRSjVzVHpEUFRqamZhN0hyLUpYTTdJRHpiRVYtTDZLRGJtVk8taEw4MXQwVDVwYW1FRVUtMUJibnBmc0czRk82alNXaURQSHo3WHp5S1NCTldvUnNlampyaTlCeFJtX2h0aXo2bklNUQ?hl=en-US&gl=US&ceid=US%3Aen,geotimes,20 hours ago,📋 Drone Regulation,https://news.google.com/api/attachments/CC8iK0NnNW5RMk0wZGtwcmNsTmtSbkJaVFJETEFoak5CQ2dLTWdhaGhKS3NNUWM=-w200-h112-p-df-rw,2025-10-22T02:04:50.623798
Navigating America’s evolving AAM policy landscape with Dr Tracy Lamb,https://news.google.com/read/CBMinwFBVV95cUxQMzlBUnlRVGFhN25JLXVKYnhsMEhoWlVWSEFUdWQycElfZFZRT2NmMno4MkJzWUQ0NWtOYVdYUGJGcTJOQWpDRDdLOVlFUWJJSHFad1VNcFc4MXpsajh1Y2R2Y2pWX3hPRjVMMElRLUEyYXNjU0xVOTR4UzhNQjdmRVNTN0M1dGlMTGxUb2FBM0dBMjF1Q3RxTnkzRDQ1dkU?hl=en-US&gl=US&ceid=US%3Aen,Zag Daily,14 hours ago,📋 Drone Regulation,https://news.google.com/api/attachments/CC8iI0NnNUZjVXR6WmpCc1FtSmZWMXBoVFJEZ0F4aUFCU2dLTWdB=-w200-h112-p-df-rw,2025-10-22T02:04:50.623800
"Chicago drone class gains popularity at Olive-Harvey College as police departments, real estate photography search for pilots",https://news.google.com/read/CBMi6AFBVV95cUxQRFhJempHQ1lfOXZjZVJZZkVSNlBqRzN6eV9JSWd6dHp6eGlEcF9lNHRaZHRTb3VVTFRQR3NrR3ZDTXJPaVlmeGllUGkzWkY3THQ1dEllVnJHX3Z4RGJjQXk1eERSUnV2a0d2VW5OM3RnOGhESnZ5ZnVyM25MS0UxQ3JRdXBDQTZwUktLVkdEY1NPUEhiempXOFNnV0ZpWDduRHRuOUZ5cHFJNjBCenJxOWR4WGxvaVJkcnVseXJqMnVpZ3FrQzJFRFV3N0VkSU9hRkxnQ2hRcloyRTJMXzlmaWdDQUdIT3hF0gHuAUFVX3lxTE5oODkweklDRU5jazI5OHZ3MFEzOWctQk1KRy1TakdfR3NrOElfVlRYNWk5TVpsODY3RTV2T2szX2Q3OHh3Q2FhdjZJcENNMXBwM21KTkZibTdubkVmeGZyZ1RWb0VrWF9vTVdOSTVSY3RpWHhQcVJNNEZSZ3dXdFZsc0xrNVloQy1LQ2pmU0hOTWNMemVBUnMtSURJV0xfcUI0c2dkeDgwYXk4dHNrV3FPRENFcG5FTlFnRi1XdEpRVUpVZzMwSXZ5aHBaZnR0ZVNGcFJoNzBuOEV2MmdMM3lvVm5RWkViMURQblp4ZGc?hl=en-US&gl=US&ceid=US%3Aen,ABC7 Chicago,10 hours ago,📋 FAA Drone,https://news.google.com/api/attachments/CC8iK0NnNWFUbGg2VUVwclNHdG9lV1E0VFJDZkF4ampCU2dLTWdhcDFZak54UVE=-w200-h112-p-df-rw,2025-10-22T02:04:50.623801
"Lobbying Update: $3,080,000 of COMCAST CORPORATION lobbying was just disclosed",https://news.google.com/read/CBMiuwFBVV95cUxPUzVaYXJJZkNRbkJ4Rm9SOE1fVUR6M0Jvb08yNWlWRjluV3ZISmg4Qmk1LXBUczRMeEMtNGgtaXNOVTBqclFqMTYwNkV2SUw1R3p6ZDVfbVZ0RWhrR1NqV292dnZ3emdGN2loQVU4ODBYckdyVkVuZ0FrNHc5akFLM0dmUlF0TGpsSXVyWFkyS21LM2tHYkhhdlR3S203TWpPQ3lpcDlHQ2htVVdLaWJQQmhTNmkwcTB6Y3Yw?hl=en-US&gl=US&ceid=US%3Aen,Quiver Quantitative,20 hours ago,📋 FAA Drone,https://news.google.com/api/attachments/CC8iK0NnNDNPRW96VTBkclVtNXpRblZYVFJEM0FoaXhCaWdLTWdZcFpZNnRMUVk=-w200-h112-p-df-rw,2025-10-22T02:04:50.623803
"Object that hit United flight's windshield may have been weather balloon, company says",https://news.google.com/read/CBMiqAFBVV95cUxORGRBLUtXaGxWN2VWRGV1ZW5TdWc2YThBSG5udkRmZG53bnZpV2Y4YmlfUFIxeDRpZkRDVnEwblJobWdBMDhiYkxrVU9NWnNRU1R0Yll3X3YyTTFnSGxzVVd6dFBVT3pjdUdHNlpmX0pNWXZIUTRGVlFTSldjVGlJUzdfYjBwUjlSSXZLdHpIYXpaYUxWSVdldG53OXQ0MnRiazJrMmNFQ0rSAa4BQVVfeXFMT2I3NVJiemQ2T2c5ck1qMG1LaW9HanVoeWtBNmFGam9BQjJFS25md0t5TGZjUExoU0ZsbnNjUDZoLW9mMDlySnJ5T1U0aEtySzM4WVJKeEdWLXRueVFNRkNUYzRPUUNtYjlOWFBoYWZfektldUhhUzgzYl9MWUNyTUlpY2N3VGx2OFdmSVhsZnRRcnVWUl9oQTRWT3FqX1gtYmp6ekxNdnlrbkh3Q1NB?hl=en-US&gl=US&ceid=US%3Aen,"ABC News - Breaking News, Latest News and Videos",22 hours ago,📋 FAA Drone,https://news.google.com/api/attachments/CC8iJ0NnNU5iakpTTlZFeVNrOTVjVlZQVFJDZkF4ampCU2dLTWdNQmdnZw=-w200-h112-p-df-rw,2025-10-22T02:04:50.623805
EagleNXT Debuts MicaSense RedEdge-P Triple: A Game-Changer for Precision Drone Imaging,https://news.google.com/read/CBMi8AFBVV95cUxNdkRxZGhYMzRRY0hIV1JzN0NOOUw4cEtITS1qaEVyMVhCa2xQbmdFaXJOYXZVZGlzbTFFelBFTWFRYTNXb2dmOXlUb1FJOXpGRnhOYVA5VEo1S2M4Rm9XQ1NzNzFEVTJvZmpqX1NUYWJxMDV2Q2hLZVdZZTlES3RQZVJQd0xGb0lRcE1BYWlncjNQZGZuR0dXNURUOEZ4RFpsZkIwQTBGVXpfLWVZdTZKcnhlUnB1MDZsRXZwcFhvU2lQUGNkQ2VzY1ZsVmRGYUtxcFpLTThvNG41ODdTbzNpb0dSS3c5Y2UxamtDX2tjVV_SAfYBQVVfeXFMUFUtYTZHNG5Oa0Nsb1kyUnVmZmRDRl9HUmR2YVlWbjJhck9hXzB4Znc1NWVJUnM0Q25oTHU2ZEFTQjFWTm1VbWV5eHh4clJQd1ZUczN4bEw1cDlzTjJJbExzQUtkQlVObFpCODFiQU9vSnpiMl91UGxBa1ZLQ0ZDemFEbE9zaTg3bmdBVldFR2lVSXh4QnppTlRWVllwWF96S2l3NzJfN0lQZWtDUmZrVjRsRXVNYVQtRzdWLWpwcDlrR3BpQW9EU01xMjJUaFlQUkNYay1sanRFWjBBcjlYbEQtUWFEdVZ0c2dYVVo4bXZCU1d6YjVR?hl=en-US&gl=US&ceid=US%3Aen,The Manila Times,13 hours ago,📋 FAA Drone,https://news.google.com/api/attachments/CC8iK0NnNHljeTFUUkZGdlZraDNOV015VFJEQkFoaThCeWdLTWdhbEJJeXRFUW8=-w200-h112-p-df-rw,2025-10-22T02:04:50.623806
"Enemies attack car with FPV drone in border area of Kharkiv region, two victims",https://news.google.com/read/CBMixwFBVV95cUxQNHhWWFUyaDg5RllNQ1JUdEpydTZGaEk3OVRXekYwWmJ2MUw1bmxMdnJ2dF9lNUxESG5yUE51ZFI3emlvWmNqMFB4blZHZUl4RWstTnJHYVdMaGJZbEtCUWdJa0JSakw1dnNydXUtMDFGTURWV1hOUktCSGVtMm5lNHNGUWNSUjRnNTRfcl9FS2p5OHExNjJXY3hLamJ2Yk5GOHZFdmxsa1BLa0hyZWI0eE1VcFZaSnJVbWhTR1pOS0paX3VBSzJJ0gHMAUFVX3lxTFBVMVVKSW1LR2NkSWg4WUw3WEdkN1J2YXl3dFZZcXl5MzRtYmh3T2xSdjN3UlVGVkxMcUYtU2lSc0hRUFhTaXZkMGdVQXAzSktTZkFRTlBFdW1Bd0lBSkZhZy10amtLWjQ1RnlLS0c2MXF6WkFFOVNQSm5TSldqcVA0YVVXM1ZOSm15YlQwakJvS0xpTXFlZHc0cDhpZE04Q2U0Nk9rbWUxdmhCRlFTZWNRUUE5R3Bva0M0NXlZWEsxSDRDdUh6SzNMRWtrdQ?hl=en-US&gl=US&ceid=US%3Aen,Ukrinform,11 hours ago,🎮 FPV Drones,https://news.google.com/api/attachments/CC8iL0NnNHpPRWhyTFZadlZYb3RjWFo0VFJEb0FoajJCQ2dLTWdtUkFvS0xXV0p6aHdJ=-w200-h112-p-df-rw,2025-10-22T02:04:50.623808
“World's smallest FPV drone”: DIY YouTuber builds a 0.88-inch drone and it flies,https://news.google.com/read/CBMivwFBVV95cUxNcnpaa2djY3VubUU2Skp6Ym5uSkJ0anBKeUFMLTY0TkozTXY3OHFwVzhyWnl5dWhrZXNWZVR3dndRUEdRWTBkcFVPNjhsXzNxTlFRS3dtcXBHTkNodW9WbjVVZVphSjg0T3RSZTlGTDVZZndramQwd2VQaEJpMXJNalB6ZGFfTHA2bjQyY0ZUUWIzcHlhV0QzbkRpa2ZnSmFJRHozVmV4Ni10N3diTm81NlFYakJxX2hZZExnM1lBYw?hl=en-US&gl=US&ceid=US%3Aen,Notebookcheck,11 hours ago,🎮 FPV Drones,https://news.google.com/api/attachments/CC8iK0NnNHdZMnRZYmxkMlZGTlpSR3hDVFJDZkF4ampCU2dLTWdZQlU0NU9KUWc=-w200-h112-p-df-rw,2025-10-22T02:04:50.623810
Orqa FPV – Vacancies,https://news.google.com/read/CBMiYkFVX3lxTE41cC0tYVhQSVlaQ0VtcjZGdXBNLTdONGtGVVFwcWlkV0xTeGNQbzlhdUl6cnA2M0l6aHZUdXdmY3lEZ0gxVXVUZHBrWkpodGs3ektwSldfMUJTMDlub05GOGp3?hl=en-US&gl=US&ceid=US%3Aen,sUAS News,11 hours ago,🎮 FPV Drones,https://news.google.com/api/attachments/CC8iK0NnNXNTMW8yY1MxUVNGTjRiRWd3VFJDcUJCaXFCQ2dLTWdhTk1JU3BVQU0=-w200-h112-p-df-rw,2025-10-22T02:04:50.623812
Russian Drones Attacked a UN Convoy Near Kherson,https://news.google.com/read/CBMiZ0FVX3lxTE1GT2phN21HekhqVXJHdWgtVTk3amFmb3hwTHVJc0oyb2EyeHZ5bXVtWWJJaDJ2RW9uRzhEMmFvTG1NLVV0MzJBMWJ0RU1SX2hwV3RlYzV2b1Y2WXVjTVJudXVyalRtbTA?hl=en-US&gl=US&ceid=US%3Aen,SFG Media,8 hours ago,🎮 FPV Drones,https://news.google.com/api/attachments/CC8iL0NnNUVVbWRHV20xQlEzVTFlbE0wVFJDZkF4ampCU2dLTWdrQkVZamdJbWh6akFF=-w200-h112-p-df-rw,2025-10-22T02:04:50.623813
Ukraine’s Barracuda naval drone launches air strike against Russian boat (video),https://news.google.com/read/CBMisAFBVV95cUxQRVNMbng3TTFsbDZsTVVQcmlUbW9CYlhENzBHSktQZHlHalB1M1BGM29NazdXTlRlTExzQWktVTVBdk53bkQxa0tWbktpVUEtUUU2ZEhjU0JvSndkbGU2d21oN0J2czE0VFhIOXhzcTE1aVdZQ1hGQzZndVFKLVFMMjRValRRRjRjSmNEUTZzR3VmaXg2OXNSTzgxSHRKOVhCUnowbEx2MnVmaGxrNUVEbQ?hl=en-US&gl=US&ceid=US%3Aen,Euromaidan Press,11 hours ago,🎮 FPV Drones,https://news.google.com/api/attachments/CC8iK0NnNDNSV3hMUlRCVmFtbDBPVzl3VFJDTUF4aUhCaWdLTWdZVmtvaXN4UVE=-w200-h112-p-df-rw,2025-10-22T02:04:50.623815
Stanzel Museum to host Drone Racing Day Nov. 22,https://news.google.com/read/CBMiiwFBVV95cUxPRktVMUJ4dDB4bHMyejhIYTMtVVhTQ3lWUEtTTkMwc1lMNTBTeUNUQm94Q0pnajN2S0x6dldKekNudV9rQTc2ckNQNnp5Q05XVXNlRTd4Qk9TbmFEZ0xZby1RS1dVTXRSa19RdnB4eEp5ZHIyS1hKUHVaR2ZqdlVNdjN0WFpOX1RxbTI4?hl=en-US&gl=US&ceid=US%3Aen,Schulenburg Sticker,4 hours ago,🎮 FPV Drones,https://news.google.com/api/attachments/CC8iK0NnNWhURlZITUROVWNsaERSa2h5VFJDcUJCaXFCQ2dLTWdhSkFJakZ4Z00=-w200-h112-p-df-rw,2025-10-22T02:04:50.623816
"Israeli operations in Lebanon against Hezbollah: October 13–19, 2025",https://news.google.com/read/CBMizAJBVV95cUxPTjVBY2JKdDBFUkV1cHhkYXdwTTllZVc2TktDanhJRkxaZ1FNclA2Rkk4Q1N6RHdWX3VXZ2lXbUJsTDZ4cmZKdHRudkxnd0oxVk1kSnFKX1lsM3V5dzQ3WDdpNlBfSVpGZXpqbVZldkx3d2NFRDJLNGhJanl2RWRUT2x1N3JaMkpXUkU2LURQb3pFLUtpUUh3RXY1M1JvR0ttSzFkdzM2NjhBNHQzMDVLTUFrWUotaUttLXRRQWR6WDRkN2dRdzFBSVBsem9ZdXBhYmZXWF9HN2hqT1ZrX0Iya1FVczBTd2IyZFpQQ0JvSGVra0ZrREtKa2dtYjBpOTNNUzRVUW9TWkxuaGwyTWRnRmVSTkktYWVDUWJEZGF3VmM0Q3hUZDlObzFwcnpzNC1PbUhNck9CbXg2MHhtWl9iWTlRWGZKWWs1bzFyWg?hl=en-US&gl=US&ceid=US%3Aen,Long War Journal,3 hours ago,🚁 Quadcopters,https://news.google.com/api/attachments/CC8iK0NnNWpWbEkzVW5VMllVTlFZblJtVFJEREF4aW5CU2dLTWdhQllaRFVNQWM=-w200-h112-p-df-rw,2025-10-22T02:04:50.623818
Russian Forces Deliberately Attack UN Aid Convoy,https://news.google.com/read/CBMijAFBVV95cUxOWS1QRndyQWFSbUZNRTJhNWhfc29iclUwc2hzXzl2QjRvblB4aVZ6V1lPMEpvMDFLZTh6bWtQdXFwdVZIT1dBMmRHUTlEeUx5X0FTdnNJMXctN01kVldQWDhPN203NnFCZlVPY2Zxckk1Tm40a1hLYnFtUDd6UXdUT3U3eDF0TzNzQVEzRg?hl=en-US&gl=US&ceid=US%3Aen,Human Rights Watch,10 hours ago,🚁 Quadcopters,https://news.google.com/api/attachments/CC8iK0NnNVBaSEpWTm5sQ2EwcEdjbTlFVFJDREFoakNBU2dCTWdZcGNJeTF5QVE=-w200-h112-p-df-rw,2025-10-22T02:04:50.623820
Pakistan shoots down two Indian quadcopters,https://news.google.com/read/CBMirAJBVV95cUxPZVJDY194MXdMS2dLSVk1VVVJemJmS2tLZzlHTG8wLUdCazN3Q3kxcHRkdmtoTGFnOXpBa3dOTnFLSXdtMU1Pb1RFVjAxTVBPUk9sWTg3VGNTX081RU5Rb2FsNFdEZFpxWUctNUtBQ1JHS015OG9jQ0NQbHBoVUxDRXo1RDVwTUxVSFJ1c1ZhMG5sTC1jd3hTOTF0THFhLS1NLXBHZDgzN3dXUVRJUVhkSlp4MGloQ0pQcDZ1cEw1Uk9WTGVENGU4QlNpRWJfd3RlanFtUE9uR2ZpbWlPNWZ5UkNJcTdNTVpoUi02Y3EtVk9kRmhnTjZ5MlBHcmZUREZOYlUyMDhBcl91Z1dzb05NRjBvb1Rya1hnRjlPcUNYOWRxZ2hSZ3l0eG5ZTnA?hl=en-US&gl=US&ceid=US%3Aen,MSN,18 hours ago,🚁 Quadcopters,"https://encrypted-tbn2.gstatic.com/faviconV2?url=http://www.msn.com&client=NEWS_360&size=96&type=FAVICON&fallback_opts=TYPE,SIZE,URL",2025-10-22T02:04:50.623821
Moscow's High-Speed VTOL Drone-Interceptor Unveiled,https://news.google.com/read/CBMilgFBVV95cUxNTjVxb2oxYXM2emZwM21Kb2xQQ0s4M2ZKRXVMZU9FLXFSdVFpV3BTdWVoclpDa0tCY1FNbkVnT050eWNtQXlOLTBIb1JnbndRbnNtX2JtVEdwUXhjdkR0UXlvWERmS2R3Q1ZBeTRCaUtFaEs2X19GS1V4bzFTMi1Wd0VfS3A3TkVxdXpmcHMxWDYzU015Q1HSAZoBQVVfeXFMT3BPME4xbm1lbUF2SnY2amxNMThuTTJjSWZ2Qk5jbklyT3hENTJtMGVySXFaSExLTWxZRVJ6MXc3OWhMSktuMU8ySFZUQlhmOXluSnRKZHhYRW9CQm5uek0zRGFUQ2pFNjFGamVkOUthZ1hrX2Q2d2ZtOE5KZnphQ04tNWRHQlpCeDVuTkJXV21LbUNvQmhjZ0RkQQ?hl=en-US&gl=US&ceid=US%3Aen,Военное дело,18 hours ago,🚁 VTOL Drones,https://news.google.com/api/attachments/CC8iK0NnNHlNMmw1Umt0T1YwNHpOemhTVFJDZkF4ampCU2dLTWdhcGs0NXZNUVk=-w200-h112-p-df-rw,2025-10-22T02:04:50.623823
L3Harris Debuts Stealthy Target Tracker,https://news.google.com/read/CBMigAFBVV95cUxQclY5bHVrQXdWZngxVm83dnNWRmg5RDlvaXhXNXFSRFZhakdKclVOTThKaEdWeHlPejJUMzdHZkhwVEFnSkVEUk9oZHBaWGNQRS1ZMXFkM0N1NFV4ZnBDTUVfaEpPbzl1WVU1Nk5pbVViZjlJcWJMWnBZSmtZVXY4U9IBgAFBVV95cUxQclY5bHVrQXdWZngxVm83dnNWRmg5RDlvaXhXNXFSRFZhakdKclVOTThKaEdWeHlPejJUMzdHZkhwVEFnSkVEUk9oZHBaWGNQRS1ZMXFkM0N1NFV4ZnBDTUVfaEpPbzl1WVU1Nk5pbVViZjlJcWJMWnBZSmtZVXY4Uw?hl=en-US&gl=US&ceid=US%3Aen,The Defense Post,21 hours ago,🚁 VTOL Drones,https://news.google.com/api/attachments/CC8iL0NnNUZTVEJpUjJOd1pqTnVkMlYwVFJDZkF4amtCU2dLTWdrSmtZN3pOS2VLY2dF=-w200-h112-p-df-rw,2025-10-22T02:04:50.623825
Korean Air unveils UAVs at ADEX 2025,https://news.google.com/read/CBMiiwFBVV95cUxNdndtVEcySFZIUkJPSzNVMDRINVNmdGw3Q1VtZFM1MFU0LWFIdnZxOFhoNnROVlpVN1lYZkRkaERsTkpCbXpMZlFPQUNYLU9pY3l4TTc1SHkwTW8xdVByTDVDdlZVRTNUU2ctRmpIaVlCTmhsUDlIMkpZLW1VQW5DNVJFSmNFOXFwSG04?hl=en-US&gl=US&ceid=US%3Aen,Australian Defence Magazine,2 hours ago,🚁 VTOL Drones,https://news.google.com/api/attachments/CC8iK0NnNVlWVVUwV2tkV1FWaEpUbVExVFJDaEFSaTZBaWdCTWdZZEZJcXRrUW8=-w200-h112-p-df-rw,2025-10-22T02:04:50.623826
Archer Aviation (ACHR) Stock Sees 8.5% Upside as Canaccord Reiterates Buy after Patent Deal,https://news.google.com/read/CBMiugFBVV95cUxOM0NtOXltckpQaTZxYi1zVzE4dzFMcEJTQTFkTnZNVDgzS0QweWxmNmEzUXRHMUw4SHZfczR4ZGY0WDV2LXZhTmhrWkhldVhoRXU5ZE5QcUMtd3BhM1FWaGlWeUk1QXhTQ0NsSW5hMWZrUW5taXZiZ01ndUtrbVBVNVN0ekdHT0U0b24tenRzWXd6TFF5enlnbElQaDBCa3FaMUl4UGVHWXpZNURmd3RENzVkdF9CVTEyUUE?hl=en-US&gl=US&ceid=US%3Aen,TipRanks,15 hours ago,🚁 VTOL Drones,https://news.google.com/api/attachments/CC8iK0NnNXVOblJWVTNOZlMyeFpUMUZ4VFJDV0F4anVCU2dLTWdhWmNvU3FyUWM=-w200-h112-p-df-rw,2025-10-22T02:04:50.623828
Eureka withdraws police drone research proposal amid public concerns,https://news.google.com/read/CBMivwFBVV95cUxPaGlSZWR5TWZ1azcxaVdXU2VhZFJFZk1MUG1XVjR0bnpQdTFtOWlieFdZb2FyUHpYMmRCYm1EWkxRWmFpejhxOHZLVTMweUVmUklsSUJaX1JqazFZUms0NnVTZHJXUWVYZWdoVXU2cjZ0aUlzQXB4dU5ZSE9mUDVvX3hlR0JYakhaeUtYdjRqNGVxektlX3hoVUpzcThPTTJoSm42eXJDaDNZWHp6RHRHZWNxYjM2SXBVNDFYTlJ2MA?hl=en-US&gl=US&ceid=US%3Aen,KRCR,4 hours ago,👁️ Surveillance Drones,https://news.google.com/api/attachments/CC8iJ0NnNWhjRk5pVG0xU1ZUWm1TamxDVFJDZkF4amlCU2dLTWdNQmNBQQ=-w200-h112-p-df-rw,2025-10-22T02:04:50.623830
Drone Manufacturer Wants to Protect Africa’s Assets,https://news.google.com/read/CBMifEFVX3lxTE1iUTVlU3FQRkw0Y0MwYmdsM3pfQkJwUGRFLXpJWW9leUdfVjlZNUxtR0U5c3hLVjlWZnYwc0xWUnZCTUdWLXNhMU5na19UemhCV1VidWZBSDlNLWxoSnBmV20wLTk3UElJcmxwTjBBaFB0VURndFY2MXdsRi0?hl=en-US&gl=US&ceid=US%3Aen,The San Diego Voice & Viewpoint,5 hours ago,👁️ Surveillance Drones,https://news.google.com/api/attachments/CC8iI0NnNXRlbFZOV1RadGNrUlRSWGt6VFJEQ0FSaURBaWdCTWdB=-w200-h112-p-df-rw,2025-10-22T02:04:50.623831
"Drone flights at Tulsa International Airport used for inspections, security at perimeter",https://news.google.com/read/CBMi2gFBVV95cUxQMzdJUVh2WDlNdnBYRHAySHItZ3A2bWE4WGYwdWN3cHlxMmNmZDVNeTlXVXI2R2tnUHlNS29QVG1nUXZ0T0pwYVlFNGdxdndIZWxmUUwtVWZESGYwTFlGUl9wLXlnalQyZ2ZxTzUza1pRN1NzSWMwTkZzYVVLZmZySWtlbDZqVTZqeHdONDNoeW5CNk4xMnluNGpDbkEtUjF6cDhQc0RwMFBIQ09Ia1FDdHNYa0U3QXJhbW1UVl9jWlJTdFUtMkJlUEM5cVgyaTMwLXd3VFg4bWNQdw?hl=en-US&gl=US&ceid=US%3Aen,News On 6,10 hours ago,👁️ Surveillance Drones,https://news.google.com/api/attachments/CC8iJ0NnNUxWMEZUVGtKMFMzcFBhblE1VFJDZkF4ampCU2dLTWdNQnNBSQ=-w200-h112-p-df-rw,2025-10-22T02:04:50.623833
Countering the expanding drone threat,https://news.google.com/read/CBMid0FVX3lxTE10bnB2UFRYTDBmVFFiODZZR1dsV0xDX1I1Wm5sQV9jVmZyd0pXZ1g4NzZjbWhZRUQ5Y08wSUVhZjhrTlRDV1Q0NHZEQzlwWk9NOWRlUThUYTgyWjFaZ2pQcktkZmpOd0x2NjNSMnUzUUxBcjRDQjlJ?hl=en-US&gl=US&ceid=US%3Aen,Security Journal UK,12 hours ago,👁️ Surveillance Drones,https://news.google.com/api/attachments/CC8iK0NnNWZTMnc1UTBSaExXUlhWRVJsVFJDZkF4amlCU2dLTWdZZHBJeXJ1UVU=-w200-h112-p-df-rw,2025-10-22T02:04:50.623835
Fincantieri: Agreement With Defcomm for the Future of Autono,https://news.google.com/read/CBMixgFBVV95cUxOUXJUYUhXTjIyb3pvV3dCUl9qY3NzSGlleXNqbE5Yang0eUlOZVZyMzhfS0hkQTNBVFRXcmUxTnc0M2xpcUt4WFVtbkh3ZVQzcHNhX0tfNGJ1bXo0LU56VkFjRTBtZXFmRVE4SVBzMWZ0RHVfeEdQU2tYNFNRM2xuUk0wTGY5MDNCa196VVdZSWtNSFZjbkJpc3VZUXNFc1pDTzVkd283cU8tYy1OM2poUGpIUXpFOExmOW1lNHpJY3pJaUFwS2c?hl=en-US&gl=US&ceid=US%3Aen,ASDNews,16 hours ago,👁️ Surveillance Drones,https://news.google.com/api/attachments/CC8iK0NnNU9OVTAwY0hCVGRFRmpSMkpYVFJDLUF4aXZCU2dLTWdZSm9vNUtPUVk=-w200-h112-p-df-rw,2025-10-22T02:04:50.623847
"Ghana Police, New York Police to position officers at each others headquaters",https://news.google.com/read/CBMimgFBVV95cUxObW00dXdPanN1TktSdGUxUGdXRWxicVVvV3hkWWRDTzN1UWdmV1doa2ZMT1ZEV2JKQVotU1N4cG5DZDFQOTFrZjJ4YjVaWkpMY3EwaUYwWFhwREp1c1Q0bGhoOEZ3M2htVWR6MlFpcmVvNFlNYUZzOGNFLUl6X1dhdDVPbG1DcXVnOEhnNERxUXdzbUQ3akpEYl9n0gGaAUFVX3lxTE5tbTR1d09qc3VOS1J0ZTFQZ1dFbGJxVW9XeGRZZENPM3VRZ2ZXV2hrZkxPVkRXYkpBWi1TU3hwbkNkMVA5MWtmMnhiNVpaSkxjcTBpRjBYWHBESnVzVDRsaGg4RnczaG1VZHoyUWlyZW80WU1hRnM4Y0UtSXpfV2F0NU9sbUNxdWc4SGc0RHFRd3NtRDdqSkRiX2c?hl=en-US&gl=US&ceid=US%3Aen,Modern Ghana,13 hours ago,👁️ Surveillance Drones,https://news.google.com/api/attachments/CC8iK0NnNU1NMlJYV21aamIzcG1aRU42VFJDekF4aXlCU2dLTWdhQk1KU0huQWs=-w200-h112-p-df-rw,2025-10-22T02:04:50.623849
Türkiye to build ammunition plant in Kosovo as defense links grow | Daily Sabah,https://news.google.com/read/CBMiswFBVV95cUxNUF8yNk55a0h0OU9wR3FHT3JnVXBhVWlQZnN6aERjcW9DeEhSa2g5N2cyMG5lbnFObm93ejlJUDg1T3pLQ0xMOE1IVUFkQmdSSW9GMlFpOUVfRXhnTXN5YXlIVW9NX3h1S0VqRGpsY3ZFNTBQSTduVC1DTWRleFdXT3NKU1UwQnVsNU5DZENPVnF1aWJsalBKWTVUZmZtQnlnRndiNGRIbEdXcE52RmdGY1pwQdIBswFBVV95cUxNUF8yNk55a0h0OU9wR3FHT3JnVXBhVWlQZnN6aERjcW9DeEhSa2g5N2cyMG5lbnFObm93ejlJUDg1T3pLQ0xMOE1IVUFkQmdSSW9GMlFpOUVfRXhnTXN5YXlIVW9NX3h1S0VqRGpsY3ZFNTBQSTduVC1DTWRleFdXT3NKU1UwQnVsNU5DZENPVnF1aWJsalBKWTVUZmZtQnlnRndiNGRIbEdXcE52RmdGY1pwQQ?hl=en-US&gl=US&ceid=US%3Aen,Daily Sabah,10 hours ago,🇹🇷 Bayraktar,https://news.google.com/api/attachments/CC8iK0NnNXRiV2xpVlU5ZlNuUnRlRnB1VFJEREF4aW9CU2dLTWdheEVaUlJIUWs=-w200-h112-p-df-rw,2025-10-22T02:04:50.623850
How Russia’s new tactics pose fresh winter threat to Ukraine,https://news.google.com/read/CBMioAFBVV95cUxNb2xnVXpsRkFjek9LRVk3X21wd2t4V0w3MGRrVjJhUHEtYW9KVW9MUFhxczR6NVJUUmxIOWpscWhpTE5ySWZ3YVNSME5JWmVJalFVOGJ3YzlMWWlOVlQtQmx4RWhPWGduRm5HMkdWU3ZFZzgxVGZGelF3RjhnRUNIaE5CbTRwWWVvdFIzWXNpRGhITXhWNU5BRUU2QUh4LXF20gGmAUFVX3lxTE90aHFINElUOVZqNmE5LVN0UUFVN0JXT3ZpVEtSTHVjX29EQm03SDFtMWcxOHQybTZXNDNzaGk2MnpTa0pyUjEtVFZGc1BLM0ZreWJNZUstdzVYTmdoQmlFb0ZycmRVLVRRMzhSWFF0MXdUY1cxVHVSS0NiZ3NyRGhKOUw1Qm9ybThkenJnc1RTRUlHUzFIa3o4Si01bjEzWTloM3JkZHc?hl=en-US&gl=US&ceid=US%3Aen,Al Jazeera,13 hours ago,🇹🇷 Bayraktar,https://news.google.com/api/attachments/CC8iK0NnNVFRakZCVlROMmJuaHFha0ZyVFJEZ0F4aUFCU2dLTWdZcE1weFBIUW8=-w200-h112-p-df-rw,2025-10-22T02:04:50.623852
Aselsan’s Murad 110-A AESA fire control radar makes first flight on Kızılelma UCAV,https://news.google.com/read/CBMie0FVX3lxTE1aZzhsbl9XRWI2eks2S0JaeXVDLVhUMks0OGRzU3d4VXhlSWE2cFNSNEtLdlJzTEFmTUhYZ1BZcm02TlNabGFHQ1pXdlFnczJOeWZsUU1fc2M1X2hsejVuZENiQi1qdGgzNUlKMHFHaUFtWjJFQnVYWEJmNA?hl=en-US&gl=US&ceid=US%3Aen,Euro-sd,9 hours ago,🇹🇷 Bayraktar,https://news.google.com/api/attachments/CC8iK0NnNDBjRWgwTXpsV2MyOTBkRFV0VFJERkF4aWxCU2dLTWdZWmNvd0xzUVU=-w200-h112-p-df-rw,2025-10-22T02:04:50.623854
Turkish defense giants to showcase capabilities at SIDEC 2025 in Slovenia,https://news.google.com/read/CBMiuwFBVV95cUxOQkJzZF9yb3g5VnVFdzNPeDBRcmdQN3JhS0hZVmt5em9kYU5ZejJhUmFOZC1xUHB5S0VReHNrYTZ0YzdiZlRmS1ZIMXl5T0Z4RUpxelFsZEhDQ2djRzRvaUJCUEI4WUtwUm9EVmtKdVBwbHd4bUxpbGd2UVltcUdoWGNEbWxmVlFXdlRkWWR5OWN6Rk95Q2t3Vm13R1NDVFdyX2V6VjlWR3dGU01vWXBuU3AydTdacloxZzVF?hl=en-US&gl=US&ceid=US%3Aen,Türkiye Today,18 hours ago,🇹🇷 Bayraktar,https://news.google.com/api/attachments/CC8iNkNnNWliVmxDV2tRdE5UQklRMEo1VFJERUF4aW1CU2dLTWc0QkFJVFVsQ0xBeEtwSnFjWldDdw=-w200-h112-p-df-rw,2025-10-22T02:04:50.623855
Kosovo ammunition factory to have production capacity of 20 million rounds per year,https://news.google.com/read/CBMiwwFBVV95cUxQQ2lZSEhQcmtuaWswZmxjamMxZXJJLUhEZkZVQS14NXFHdUgyczE2N1ZHYXJveGN0cGJZbkh5eUJ1Q2NCSmFsU3daUUtVVU9OckpsbHF6MDlDd3UtZGJoMVlEUWstbFZVdHVFNTJxR2pCUTdsVjVmSzhFcmVRQ0YzajAwbnYtcG8wXzlEaHJ5MjVFREdDU1lPS3ctNnhtLWVKdm5nUHFYcUJQbGVVeGhzejNMeEFlTnN5Y1dxTGtYaDU0TzQ?hl=en-US&gl=US&ceid=US%3Aen,KOHA.net,5 hours ago,🇹🇷 Bayraktar,https://news.google.com/api/attachments/CC8iK0NnNW1WV2xMUjNGbU1EWTJkVFpFVFJDN0F4aTFCU2dLTWdZNUVKVHluQWc=-w200-h112-p-df-rw,2025-10-22T02:04:50.623857
Turkey to start using self-made AI robot dogs in 2026,https://news.google.com/read/CBMiigFBVV95cUxNOWlBUm9CUkVTUmVLVWNtVWFhTi14MGEyS0hpV19IU0tTSTJ6N1RfQUlLbDN2dHVWREl2VDEzN1hnaDQ4bW1NaW9Sc21ucjRRQmc2Z3hMY042UWZPWDhvZHMzOFNIRENTSlJZSHVPSFN0bnZMckpoTlBlZ2ktZXBTY2RWdXdWelZJSmc?hl=en-US&gl=US&ceid=US%3Aen,Hispanatolia,4 hours ago,🇹🇷 Bayraktar,https://news.google.com/api/attachments/CC8iK0NnNUxhVlZHU21nNE1YbzFSQzF3VFJERUF4aW1CU2dLTWdhVkFwQkpsUWc=-w200-h112-p-df-rw,2025-10-22T02:04:50.623859
A look at the US military’s unusually large force in the Caribbean Sea,https://news.google.com/read/CBMiwAFBVV95cUxOLXhaZUp4anB4TS1iNGxJMUxBLTg4aDlyZDJ6eURjY2dzQTlyaE5wVG1EbjI0OURoOVd6X2Y0al8wS3JPbXFoQkRwTnVWeGw1a3RrUkhZWXJ3SXNFOGZITFNsQk5ycjhwMFFOTTBCR3N2VnpUOTR5aVA0R0pIcllDcEFVLU1fNnFVZm1oSVkzS1FLSjBkNEN3VDRaM285WUhzYnNUN083SUM3Y09ObGFXc2F5a3d3Q0dNTDFhRE1YMko?hl=en-US&gl=US&ceid=US%3Aen,KTAR News 92.3 FM,7 hours ago,🇺🇸 Reaper Drone,"https://encrypted-tbn2.gstatic.com/faviconV2?url=https://ktar.com&client=NEWS_360&size=96&type=FAVICON&fallback_opts=TYPE,SIZE,URL",2025-10-22T02:04:50.623860
U.S. Navy Looking for Carrier-Based Jet Drones to Fly Alongside Piloted Aircraft,https://news.google.com/read/CBMiwwFBVV95cUxQVEhzdVpsX0x6Rlg3TUh1RVR1QTV6eWN0aEVVNUVsTUlLRWpmT1BvSTVyQU13eE9FaXhmNENUbTdpTHFFMTg2ZWNZU0ZyRXZCSkFXY0hkWlBPQU5vaU4wOGg5T2d4blJaMDFla0pXQ0VlTHdVNHdLVTBObmROYUoyanZzZ3A2QWtIZHJWa2R5X3FqVWVWZmszRS1acUJLMlMzRk9BODFydC1iZDBQNWNzRFJpbURTNGVMRXl5c1hoQXZ2Z0E?hl=en-US&gl=US&ceid=US%3Aen,autoevolution,17 hours ago,🇺🇸 Reaper Drone,https://news.google.com/api/attachments/CC8iL0NnNUpUVFpmUVZvMWNVdFNNSEIxVFJDUUF4al9CU2dLTWdrVklvd3BMdVU4eFFJ=-w200-h112-p-df-rw,2025-10-22T02:04:50.623862
Air strikes and insults: Trump’s feud with Colombia threatens key alliance,https://news.google.com/read/CBMizgFBVV95cUxOaDNfRGNKRVVXNEdHa0I5eFhuRXl2c0lhaDc5dXNWa1NGdHk5N0FQallGdVMzR1Q4dXFSejFhRjc5clVrNks2YWJfUEFTQVdvMlRpYnphX29Relp1YmlqQUpsMk5kcmUtNlhpcUNIYkwzZWU4QV83aFV3dmdhbjEyajdKb0xfNlFpenRKRFhmMjZIRUtZb0hXaDJ5OGkxTU44LTRSRjVRNG5UOXg2a2tDcnlfYWtsRngxNHZCWUdsZmhsMU85Ym9OeGpsQjBmUdIBzgFBVV95cUxPNzVNYURuZ2c5OHJvOU5pWEdVTWMtYjE5eFB0MjgzVm0tazZXVzlCQlRMTFFWNGdLbE9hS2poY3V5V2NWc3ljSFFCZFpjc2gxVEthWTBYVDBNcjIyRkptR2lPckNRQl9CTHJhZTlwVWdGRm5FTFdkR2NlNFVibDdWTTFnS1Awd3FIQ1hKdUFHdGxWc2ZiakUtQWNjbWJPWGxudVBLZXZhZTd6S2ZoUWpfY3JUMmhFa3VuMjduV2NSQm04MGJTeDJUcWJLS1gwZw?hl=en-US&gl=US&ceid=US%3Aen,South China Morning Post,19 hours ago,🇺🇸 Reaper Drone,https://news.google.com/api/attachments/CC8iK0NnNDBWRWx2WXpneU1sRmZaRWRCVFJDUUF4aThCU2dLTWdZQkVKWURLZ2c=-w200-h112-p-df-rw,2025-10-22T02:04:50.623864
Autumn harvest in China's Tianjin,https://news.google.com/read/CBMiY0FVX3lxTFAyV3VqOGpLTlJDWE5EWGx1RHRvT1MwdTVRZm1pVnpSYjVKLTZURHpvVlJUbWs1Q3g2SUR4bE5OdVNpc0NOUEM0eDEyT0J4WlpEejE2c2pkSFNyS3FmWi1BaFpOcw?hl=en-US&gl=US&ceid=US%3Aen,People's Daily Online,19 minutes ago,🇺🇸 Reaper Drone,https://news.google.com/api/attachments/CC8iK0NnNUtObUZhYzJ0Zk16SjVNSEo2VFJDM0FSaVRBaWdCTWdhNUE1SlJEUXM=-w200-h112-p-df-rw,2025-10-22T02:04:50.623865
Beyond Narco Boat Busts: Rethinking the War on Cartels,https://news.google.com/read/CBMigwFBVV95cUxNWkpJOTMyLU9LclVsRlhHRDEyNld4T3RNblFDSDdqT2sxc0VGYW84ck5CMFlEMzBQeTVBakQ3Q1N6WWxHX3R5MkVEcWFNQTFjUWRLTFZ0bGR2YmJDYkk4eWZuSUtraTdudlpiaS15TWJfZVMtRnpEWE9IcjhmV3VsZWZYTQ?hl=en-US&gl=US&ceid=US%3Aen,Sri Lanka Guardian,14 hours ago,🇺🇸 Reaper Drone,https://news.google.com/api/attachments/CC8iK0NnNTVkRFpZYzBObFdGZGFZMmxpVFJDcUF4aUFCU2dLTWdhbFFwQnNLUVk=-w200-h112-p-df-rw,2025-10-22T02:04:50.623867
Huneed nabs $130 million contract from Boeing at ADEX,https://news.google.com/read/CBMiywFBVV95cUxNaDdMaGg5NG9vQm45MEZBVjQxTEItWEZ3YjF5aE5uMmMtSEI1RnNTaThLdFNXRldlVXpKWFNYbC14SmtlZ3VxUDBYejVRWmNaTjdrMWNDQVlmbTZydVRHdDZwMjBjNmhqSXdHSllqSFA4SXRQRUIxaDlWMmk4U0loeXZBMkliSFBFUnVGYjdQUDhwdUV5YWY5bWdlQUhrRXpFdXl0T1l0SE9CNENlZk1SWXV3VXFUOXZuQy0yZWtQQ0lGajFuSnVEZG5SZw?hl=en-US&gl=US&ceid=US%3Aen,Korea JoongAng Daily,20 hours ago,🇺🇸 Reaper Drone,https://news.google.com/api/attachments/CC8iK0NnNW9kWFZvTFhkellYWlBObEkxVFJDZkF4ampCU2dLTWdZUkpKQ3J2UVU=-w200-h112-p-df-rw,2025-10-22T02:04:50.623868
Eurodrone: France abandons European armed fighter aircraft project: what happens now?,https://news.google.com/read/CBMiwgFBVV95cUxQXy1qdDNvVXBfQlN5cW9lbGNDM1cwWlNaSHhRR19VamJuUUhuYTNiSjh2Q1Y2RzJpMWFLR2dWaUhTaVpqMGRHNzl3VVNkTXpPLVEwYlhpUDBvanZrODRZVU5QNWNVbVMyUG1lMFdmSGpiZm81WF9CXzVNVGtzbk43Q2FmTmROZ2l5Z1FEeWpFb292UTRyd253Ymt0N1l0RE8zaUJ0ZjJMVGRZTTVRTHJJWVBLd0ZRcUlKSGltZzJTeUpCQQ?hl=en-US&gl=US&ceid=US%3Aen,AVIONEWS,16 hours ago,🇺🇸 Reaper Drone,https://news.google.com/api/attachments/CC8iI0NnNXdZbVZNVFdkWlZIbE9kbWhVVFJDWEF4anhCU2dLTWdB=-w200-h112-p-df-rw,2025-10-22T02:04:50.623870
UK looking at using Protector drones alongside P-8,https://news.google.com/read/CBMiiwFBVV95cUxQYVA4YzlNMFdMYmdTX3FCdF9QS3RxQk04QUN4WjEzZnlMaEZQM2cydEJSSThYRnNETXJnSFZ3Q0hKckN4YUk0MDN5dmtfTTM3VXp0WnlEUUdDUE50MllPOC0yTW1OT3ZJcjVCa05JaEdaQlNGZC00N1gwNExHVjlxNmY1T1BOVl9HVUpB?hl=en-US&gl=US&ceid=US%3Aen,UK Defence Journal,20 hours ago,🇺🇸 Reaper Drone,https://news.google.com/api/attachments/CC8iK0NnNXZWVlZXWkhKSFMycGhjVXBGVFJDdEF4akxCU2dLTWdhRlE1aW1yZ2c=-w200-h112-p-df-rw,2025-10-22T02:04:50.623872
The best Prime Day DJI deals are here — and you should buy them while you still can,https://news.google.com/read/CBMicEFVX3lxTE0yejlPbG5lajVOd2djMjFuZ3AyS3daM2RsMXNnTDhXTjVJbm1xZmNhLUJ5VkJ2Q2ZpTzZZTl9WemMySklzOWJNS0djS2JhN2RBTFdxeFBKZVRBdi0wQnpUamd3YV9oZmc4VUo4bzJMZE4?hl=en-US&gl=US&ceid=US%3Aen,Mashable,9 hours ago,🇨🇳 DJI,https://news.google.com/api/attachments/CC8iK0NnNUJXRE5YV0d0SmNFeFNTelZIVFJDZkF4ampCU2dLTWdhQlFwS3N1UVk=-w200-h112-p-df-rw,2025-10-22T02:04:50.623873
DJI Removes Video Shot in National Parks After It Raises Eyebrows,https://news.google.com/read/CBMioAFBVV95cUxQZVMwWldjUmxEWEh3UHpFLU9FVmNUa3dfNDZvZ0ZLaXZLa0xoclJaYUszTkZ2cnZXWk9LVGU2ZHJXbEV3djdJT1J3NFhXMmFyMkhNZVI5eWtFU2d6aThQZVk3UGFyM3hESU5Pck8xbGI1bEFEanlXeWZ4eXFDamVEX0h3S00zRUNvS215Qm5hQjVwRG9oazNHTUd1MDNwNDV3?hl=en-US&gl=US&ceid=US%3Aen,PetaPixel,6 hours ago,🇨🇳 DJI,https://news.google.com/api/attachments/CC8iK0NnNWxOVFpZWVVwTWEwODFOVVZxVFJDUkF4ajhCU2dLTWdZSlVJcWxyZ2M=-w200-h112-p-df-rw,2025-10-22T02:04:50.623875
DJI Removes Video Featuring Drone Footage From National Parks,https://news.google.com/read/CBMipAFBVV95cUxOODlDdGxiUzhGXzg5NXc0QVF3aXU2dFJkWjJYS3NaSEgzU2pXRm5Qa3Y1U0JWclU0WTdnYUJKUVZvYkdWTnZYY2VJRlVvUEQyTkYzaF9heW1nZWp1R1hrZzk4YkNhWThlcm1fOVd3Zl9iODFBSlItZ3VPdzk5cnlDcS03Q1hmUzlmZFRXeHRCUDUtRmRnc2duZ2w5UkFGd3BTbWVVWg?hl=en-US&gl=US&ceid=US%3Aen,National Parks Traveler,14 hours ago,🇨🇳 DJI,https://news.google.com/api/attachments/CC8iJ0NnNDNVRTFuUVRKdVJ6bEhWbEZWVFJERUF4aW1CU2dLTWdPOXNBdw=-w200-h112-p-df-rw,2025-10-22T02:04:50.623877
Buying this cheap drone can ruin the holidays – but buying the same one can make them amazing... Confused? You have every right to be!,https://news.google.com/read/CBMi_gFBVV95cUxNVGMtRWJmUjRpQWx5Q0NkbVhEVFlKaEotZXpLWjBIdUNWMHlpNFJLM2NjcllTNDhYWDgzVEprNzhKSTk2OWpnbGhGYUNTd2lldDk3VUh5UE9VNjlJdjh4M1JvMWpRR1FiZ0ppNjhCSG1Cc0N5ekl0UmVVNlJlbWhSeHlLX281UGhLdEFBYk9MVFRGSXRMaThDUFRoYzNzY0tuWE9FTkpfdm5xcjVBc0lVcjB2VXZObWczMFZkeFFVaGdGSHM5ZU55M3JxYUJtTUNzWDZ2VS1ObC1vSTgtYTZZT0dZMVZKU1lVbTNVbmJ4VGYxSUs1bzJIV25MUldJUQ?hl=en-US&gl=US&ceid=US%3Aen,Digital Camera World,10 hours ago,🇨🇳 DJI,https://news.google.com/api/attachments/CC8iI0NnNTBORWxCU3psVmJEVkNNa2hyVFJDb0FSaXNBaWdCTWdB=-w200-h112-p-df-rw,2025-10-22T02:04:50.623879
Score the best deal for content creators — save over $200 on DJI vlogging camera and mic combo,https://news.google.com/read/CBMiZEFVX3lxTE84S1EwUjVVVElacmJ3UTBQcGk5ckpvNjFETVMwb1BsWXg4N003cjZJc3E0RmZFZmJRT0Fqb2dwcUFQYnpGR0RHWW56OEN6ME90Q0k3SDZZdDIzWTBLZUhoanpXUng?hl=en-US&gl=US&ceid=US%3Aen,Mashable,12 hours ago,🇨🇳 DJI,https://news.google.com/api/attachments/CC8iK0NnNUNVVXBJWlZOQ1preEJSbEJLVFJDZkF4ampCU2dLTWdZaFZJNnNvUVk=-w200-h112-p-df-rw,2025-10-22T02:04:50.623880
DJI Mini 5 Pro vs DJI Air 3S: Which Drone Should You Buy in 2025?,https://news.google.com/read/CBMifkFVX3lxTE5XOGRJVzQteFV2c1FPTFBneHNEQ2RyV3RRT1VUQ2ZKRnQ1N0RQcjUybXBVbE1mLXJ2RE5YWTMzUF9oYmgwT1NPSkZZZzc1ZGZDOXRfRnJVM0h0ckNiN3NiRVdObjBXWHhRSklrQzZLZTlRLXZSc2FqM1pyb0luUQ?hl=en-US&gl=US&ceid=US%3Aen,DroneXL.co,14 hours ago,🇨🇳 DJI,https://news.google.com/api/attachments/CC8iK0NnNTBiV1Z1Y25KNFkzTlFWV05aVFJDZkF4ampCU2dLTWdhcEZZek5rUW8=-w200-h112-p-df-rw,2025-10-22T02:04:50.623882
Multiple LRMP Payload for ER-GMLRS and PrSM Emerges,https://news.google.com/read/CBMihAFBVV95cUxOMVluWUVjMHlhNzdJZUdkV1hGbThDWUxxUzRSN1g3RUV4X19VTE1xcXRJWEdlZUdVZkxJNUVsdlZGR0JvWm54M0g3c3Z6SHM2NHBCNkJ4YTZhSG5QUlBCM2lGQUVKOUJHSWxJME95d1BxVlp6S2RrMk82U2w4VVNmOFpSMDY?hl=en-US&gl=US&ceid=US%3Aen,TURDEF,3 hours ago,🇺🇸 General Atomics,https://news.google.com/api/attachments/CC8iK0NnNVJWbXRFUmxoeWF6aGhia2xCVFJDSEF4aVBCaWdLTWdhQkFvd0xUZ1U=-w200-h112-p-df-rw,2025-10-22T02:04:50.623884
Netherlands Joins US Air Force Collaborative Combat Aircraft Program,https://news.google.com/read/CBMikAFBVV95cUxQWWJrSklyVk1YTWpmRzlxMHhxclRHMUZ6UlNBZWw5RTBhWjJQZWtJeW9ha3FEMXppek1UT1hFTzVPajJoNXNyZzlnd1pTTmtGbHNVQU1OWlFaVjM0di1pN181VDQwNmZBSE93WEtuakljODFjZWthd3RCdzFlZjJ3TjQ3cXpIQ1NuUmc4YzAtZVM?hl=en-US&gl=US&ceid=US%3Aen,Air Data News,6 hours ago,🇺🇸 General Atomics,https://news.google.com/api/attachments/CC8iK0NnNURSM3BJY2xNNFUxOVhiMk4xVFJDcUF4alJCU2dLTWdZTlFZaUxPUVU=-w200-h112-p-df-rw,2025-10-22T02:04:50.623886
"The Netherlands Joins US Air Force's Robot Wingman Program, Sparking New Era in Military Collaboration and Innovation",https://news.google.com/read/CBMi6wFBVV95cUxPVG9UTzZCSEIyMmhTQjNBamNqc3d1Rm4wbG55Z3k4dU81OUx2b2FhNmhVZEJkUnl3eWhpQ2tOaWxqMmZfWkRucUlrTHBNNTZOUUFNcDdVYjdma3hZS1ZJSi1zeEZaaWZxTTFMT1BidnhDLWtrVldIMHhZQW9DaDViY3J2elh3UUJiN005akcxTlVTVkJwdjk3dUE4WmxfSnVvYm12QXBleDN6OXJGRDNWenp5dFVnUjJHUVZXN2pXVTZXUHV5dlVvb3U4SWxwZjdnTmpjT3JfR1I5NHZ3b0FhMG9ydHRUemVQM1JF?hl=en-US&gl=US&ceid=US%3Aen,visegradpost.com,21 hours ago,🇺🇸 General Atomics,https://news.google.com/api/attachments/CC8iL0NnNDVhbmhDVGtSUk1YZFlOVVJSVFJDZkF4amtCU2dLTWdtQkFKU3RzT2E0WndJ=-w200-h112-p-df-rw,2025-10-22T02:04:50.623887
"In a war, the US Army could destroy China’s ports. Should it?",https://news.google.com/read/CBMitwFBVV95cUxOOTlUaVI5ZnVPNGJBY2dTOS01RVZwQTU2S19mci04SEN4WnhaSlpfVV9ETHJkaWJXUm9SVGxWczloaGJlWGQtcDNBNGwtTkVnSDZuRUxuMFpOekZla2tsRGJoLTZkMUNvNTFScmc1Z1ZDTklpNmNJOVVXYTRtdzFBYnRCazUxOUJSa2ZzS0lPcHk5X3N6ODBoMHhaN0FwV0FJN0F0ekZvUVBvMExUVTBfZjRCaUJnRUE?hl=en-US&gl=US&ceid=US%3Aen,Defense News,10 hours ago,📰 Defense News,https://news.google.com/api/attachments/CC8iMkNnNU1OV0pEUXpsbVkwRjVPRFJpVFJERUF4aW1CU2dLTWdzQkFJQ2lzR09obVppaW9n=-w200-h112-p-df-rw,2025-10-22T02:04:50.623889
Unmanned Warfare,https://news.google.com/read/CBMiTEFVX3lxTE55UVp5MkFlUUNOMy1tQnRrSUFoT2NjTzFjTnI3NFBWWGRyNjQteXZDWFlrTllhLTMzMEpsbHVpZWRqbF9UaXJubEZ1MVU?hl=en-US&gl=US&ceid=US%3Aen,Defense News,"Jan 29, 2018",📰 Defense News,https://news.google.com/api/attachments/CC8iL0NnNWFZMkpIT1dZMWVsSktZMWt4VFJERUF4aW5CU2dLTWdtVk00WnJJU3A3RXdF=-w200-h112-p-df-rw,2025-10-22T02:04:50.623891
Daily News Roundup,https://news.google.com/read/CBMinwVBVV95cUxPNEdpcjVUdWJyN0p6ZU53Uy11NTlrU1hvM0JOLV85TUdoTl9rOW8tTEptWTVnUXNja0lnekZtQi05V3FRY1llZXBUNkN4MzRRcmNLU2Jrck9scXhEb2hlR3piekNFaHRFSVY0eTRJUlhBWEtOanVUak82cHZ3SjZuc0ZYUDFkZnFZZFFZemxXR1hkS1Rpd1lfSE1rM3kzRTNqQ1BhTkFjRnZmOWxVeEFScXJueTU3Q0NSdUVyczBWeHZSeFNWVHNMdFFpdGIybU1raFlNdlhDby1HR0k3S1FtQTJvME9tZVRyemZyZl9uLUtWMHZDdHcyelpXMFhPdXlXMEtWLVA5akh3VmVCTHJHLTJoVVRvRW9QRDJOVFhhbm5FVUlBSmhfV0l2Ynh0dkc2eWR2Y3I2Y2EySTBiTS1WeEswVzZzVkpVVkRIUXpxWTVTaFRJbkpsaUFmci1LYTlyckstSWw4eTBZTUFIakZ2eHZkM0ZZN0RraWgtdXRmM01RMnZSdGx5UGhQWVhfVUdVX3ZKbVhQWkxPX2ZqX2Q3NU1xbGJ1Q21LVzIzMXI1V09vVjVTbDZtSC1qb0RzdzRWckpxZml4OWpZN2xjUUZNeENRWDFHR0pFZ3pFOExiWkRxcGxQMGl0QWVnR21pRVJFQmtiNXN3cVpuLXFjd0dTclQzbmZXMzZ0ckhWbnBNclc1WkpRbjI5QXI4UFl0NndCN1NPaFRzQkxJNWxpS2IxalBKN09GXzRaTlowWmlIY0s0VW5EelZEWkpXSlBnQzBTaGswc0RMN0ZyZndERG5jM081SVl3elBjMWRJenVlbWxnb2xCenVoaV9OSklRMTdYY25sMUJfbEZmWEFia0RvalFxOGtlLVlmOHNza3RPRQ?hl=en-US&gl=US&ceid=US%3Aen,Defense News,May 12,📰 Defense News,"https://encrypted-tbn2.gstatic.com/faviconV2?url=https://www.defensenews.com&client=NEWS_360&size=96&type=FAVICON&fallback_opts=TYPE,SIZE,URL",2025-10-22T02:04:50.623893
Trump backs US nuclear submarine deal for Australia,https://news.google.com/read/CBMingFBVV95cUxObFhYZUsyN01wRm1aYmtVT254Q016aUZIQWVTbl9fdkFaM2ItSmliNWFKX0NCeENVcFRBaDBmQUtLLWg0aXlVMDcxRm4xY0FyMGNzZXVwaGQ1MWhiN0lNQkZFd216VWhsUlhQTE9RX0ZBLXBub3k5OEh1Tlp5MlgzRGxRLWgyRF94eW05dVJpemliZVpJMC1mYTBCOFFUQQ?hl=en-US&gl=US&ceid=US%3Aen,Defense News,7 hours ago,📰 Defense News,https://news.google.com/api/attachments/CC8iL0NnNXFVbTl0YTJwYVJ6ZGtlSGhGVFJERUF4aW1CU2dLTWdtTklwSXhIU21xaUFJ=-w200-h112-p-df-rw,2025-10-22T02:04:50.623894
"Army Southern European Task Force, Africa turns to AI for wargaming",https://news.google.com/read/CBMisAFBVV95cUxQak0zYmxwdnZrQjg2TEJ4bFRFQzZSaENvMDVSVGJ5SXBSbG5wbGNJa1ROWVN2ckxVNGlKbjZPM0pnVFlTeHhGQl9zU3lNOXpJQTJJR2RWTFo2emVqT0FycmJ3c0lMS0pCRnF3VEZkaHB0c1I3eDB2bjdrOVVxLThMTTNRNlphdnhqX1lVWlUtd2pTV0MtWURFdElNWVdKVzhIUThCS05RZ1Y0RkI1cGU1TQ?hl=en-US&gl=US&ceid=US%3Aen,Defense News,2 hours ago,📰 Defense News,https://news.google.com/api/attachments/CC8iK0NnNUlSR055WlRoSU9UWkdTV1kwVFJDZkF4amlCU2dLTWdhbFZaRHNMUWM=-w200-h112-p-df-rw,2025-10-22T02:04:50.623896
KNDS sees timing of potential stock-exchange listing for June 2026,https://news.google.com/read/CBMivAFBVV95cUxQZkxieXRaLVZkWENXWVVnUWdoWl9MVXNQODg3UmJWNnlPUTlvVlo1bUx6NUMyX2xrNXZ6MUMtRF9UMFJCMFkwaExjcW9WaGRDa2JXNjhlcDFHQmt0alBtR0hrdGwwaDZWMjRVclB4MjRhNkx1ajV3QVFVMnRhT2cxdFM1MVpKOVhvM1oyMWVYLXQyNFMyeUZ4ZnNSd2VRdGE4cHdNMm4xU1M0VTRyZWJXbGN0M3FJcDJJOHFwMQ?hl=en-US&gl=US&ceid=US%3Aen,Defense News,16 hours ago,📰 Defense News,https://news.google.com/api/attachments/CC8iK0NnNUVUa1YxYm1OSlNtRlhTMGxLVFJEZ0F4al9CQ2dLTWdZZDhJaEwwUU0=-w200-h112-p-df-rw,2025-10-22T02:04:50.623898
Soldiers now equipped with next-gen navigation system,https://news.google.com/read/CBMirAFBVV95cUxQMjlYaVRrTXQwR0dxMU9mOFU1RlhmU3FtWWhnb0gxb09iSUtJbDBLTDdnT3FOUHdoNzZSUDEzV2dHTWRpaElUR2JzREZpdVBZTnlBejl3eDRHaEVWNUpZTElhV2lFZnJqTHhiVUkwUlczZ09qQi1rR3Vvb3lBSkxJTVZKNDJwUWI1eVVnaVhfTGFxSkI4OUlLQUhfTzE0RWY3alg5QklsWDlGVDJp?hl=en-US&gl=US&ceid=US%3Aen,Defense News,4 hours ago,📰 Defense News,https://news.google.com/api/attachments/CC8iI0NnNUdPWFJrTkcxeFdIZGpjbWRhVFJERUF4aW1CU2dLTWdB=-w200-h112-p-df-rw,2025-10-22T02:04:50.623900
"Army to downplay bonuses, ramp up job flexibility in retention efforts",https://news.google.com/read/CBMiwgFBVV95cUxOSFVORXlleF83cGgwNWxsY2FCYVduSzdjWjF6REt1TkFnRkJvMkVMMDF3ZE1jMTczSWwzTmU3dmI1R3Zra3ZfYW5KWEJEb3RUM2FJam1YT2hheGFNanJmWTRKTmQ3bHlWcmNTM3ZWS2JENFVsWERyalNYUXNtSmh4TVpKVzk5LV9YNzBXazdMN1U3YV8wLW5UaWdBLWxLcEIzZWZ3M1BYMkdhcDNENEV6WURiNTBCbHJwa3ltV3BDeHB2dw?hl=en-US&gl=US&ceid=US%3Aen,Defense News,9 hours ago,📰 Defense News,https://news.google.com/api/attachments/CC8iK0NnNUxVbGxvWW1sV01Vd3pUVVJtVFJERUF4aW1CU2dLTWdZQmtKQVNNUWM=-w200-h112-p-df-rw,2025-10-22T02:04:50.623901
"Army, Marine Corps vehicles not ready for combat, watchdog finds",https://news.google.com/read/CBMivgFBVV95cUxNYWY1SzZ5aHBtZ0M1OUJOR0pnUHp0cWJJODdXVjNDNmJMQWZpYWJHWktvWF9xb2RlLW5vTVU2NlQ1Sklvc3A0VVdtRTlqbFd5YjhUa3djcjJHTUVuM3dBV0h0ejZMb18zWmprRm5BRXpiU01oakRORHV6NVo1UXV2bUFGb2NTN01ubC02aFVfVVdYMHd5WEg0SjBRZ3MyOFNvdkZKbXlrRF9ZSVJ6aWtTV2kwMm9uRmVIYlBaZGNn?hl=en-US&gl=US&ceid=US%3Aen,Defense News,11 hours ago,📰 Defense News,https://news.google.com/api/attachments/CC8iK0NnNVdialZNU1VOM1lWaDJWblZ6VFJERUF4aW1CU2dLTWdhQmdaS0ZyZ1k=-w200-h112-p-df-rw,2025-10-22T02:04:50.623903
ADEX 2025: LiG Nex1 says KALCM being prepared for additional flight testing,https://news.google.com/read/CBMizAFBVV95cUxQMFpGYWtoZUt5blp0Yl9oM2ZST0VJZWhMVkVTUWgwSGpqdWx0VnpjbnZkSnlzZkpnZ3ZORjIwTXF3Yk1JSHdjeDVHaEZaQ0tEdmo2M2lsbmFWZTBablhUamVyNVdOWDVQZzJLdEJIb2lNWWpxS3o2cHdKdU1kQm5SczdpQng3TGdDOF9zb0JEVk56WkJDS3JmdGxrSHdsVmdCOHBadlF3clRrY1lnUFlxRjJnZ3BpUU51S215bms0c0tGaEtHSDJubEZrdG0?hl=en-US&gl=US&ceid=US%3Aen,Janes,16 hours ago,📰 Jane's Defence,https://news.google.com/api/attachments/CC8iMkNnNHRUR3d5Y21OeVRFMXBNVE00VFJDVkFoallCQ2dLTWdzQkVJeEFHQ2dsUk9zS2ZB=-w200-h112-p-df-rw,2025-10-22T02:04:50.623905
British Army reveals UASs and UGVs used during Exercise ‘Forest Guardian',https://news.google.com/read/CBMiwwFBVV95cUxQOE80d0ZyRGpmYnNOVVY1V0JQY2owR3haVVI4cEtWSkwxRUphQV9pOUN0bEI5aEVEbm53WW9GMENNeUlDUWpJNS1fNFNOZ05iR0FnYUxDRDc4ZVJXQ3o4TlpCSTNNeEhvOGkyTmZBRVN1YklENTJnandOTDVIOC1YOTllV0NidEM1LXh5ZHZzZk9rNVZjZ2xEcHFIdXFwbWZNaUkyOWlta0pobE1vMjRjVkM0YlZPWTUxaE5XRFR2VTJ4SVk?hl=en-US&gl=US&ceid=US%3Aen,Janes,12 hours ago,📰 Jane's Defence,https://news.google.com/api/attachments/CC8iK0NnNVpja3BvY2tWdFFuSkNTRzVxVFJEeUFoallCQ2dLTWdhbGtwSnVOUWM=-w200-h112-p-df-rw,2025-10-22T02:04:50.623907
ADEX 2025: KAL-ASD reveals new CCA amid plans to flight-test LOWUS loyal wingman,https://news.google.com/read/CBMi0wFBVV95cUxOdG9BMGRISzVEeHFYSE13UG5ENm1xMGhFVHVyRXFkUVdhQWZ6blB3WUE0MFA2Q1VGdHR4dEU5bkhpQnBMZDc2dy1Vd2s0blQtWVZsVEZEM1RTdFJIQmZLN1VrcEQ3M21OVWRpOVh2SmU4SVhhWm5PMkxpV0tKd3lwS01VWnppSklIM3MwaVA0cy13ZkQ3ZXUxZF9NSTJ3NmRMR0hEX1k0NTlKNHd6cHZ4eEdsZnpxcHhLSms4U3h4SjZiaDdUYzdvTng4ZUtvOXRySVhB?hl=en-US&gl=US&ceid=US%3Aen,Janes,12 hours ago,📰 Jane's Defence,"https://encrypted-tbn0.gstatic.com/faviconV2?url=https://www.janes.com&client=NEWS_360&size=96&type=FAVICON&fallback_opts=TYPE,SIZE,URL",2025-10-22T02:04:50.623908
Latest defence and security news,https://news.google.com/read/CBMiXkFVX3lxTE1NV2RKMWptVEl2dGJsRF9NelBvRFQxczZ3Y3FobnpYYVlQVk5CcEhBbEE1aXUxeUtzVllUeU9GaFAybkFxV2RRR3B4VW1oSk5tQTFXQmJqTVp3b3BFWXc?hl=en-US&gl=US&ceid=US%3Aen,Janes,"Jun 4, 2024",📰 Jane's Defence,"https://encrypted-tbn0.gstatic.com/faviconV2?url=https://www.janes.com&client=NEWS_360&size=96&type=FAVICON&fallback_opts=TYPE,SIZE,URL",2025-10-22T02:04:50.623910
Russia’s New Energy Assault Pushes Ukrainians into Another Winter of Blackouts,https://news.google.com/read/CBMixwFBVV95cUxPQ1VTUHhJcldFcUtnY1J3N2F3WkNXSmdDVkQ1S2Vhck5jX1ltUXlKN2g0Y1hHU2pndVp0bExWSDdlYkU5cDFMNVdCOTVuLXdEdU5zX3RZQm9vQmstdzh2V2xNZ3F1NzVuWGNRMW1aektHMWFuX3NfRUV5YmxjMXNhOUNtbnJqZE9UTEtPbWRWU1p2THplRFptbmt0aHI5QkZqMFBCc3hDQ29pNWhMdU9pdUx6enI4emdTaVIxczBORGtJZUd2OElR0gHHAUFVX3lxTE9DVVNQeElyV0VxS2djUnc3YXdaQ1dKZ0NWRDVLZWFyTmNfWW1ReUo3aDRjWEdTamd1WnRsTFZIN2ViRTlwMUw1V0I5NW4td0R1TnNfdFlCb29Cay13OHZXbE1ncXU3NW5YY1ExbVp6S0cxYW5fc19FRXlibGMxc2E5Q21ucmpkT1RMS09tZFZTWnZMemVEWm1ua3RocjlCRmowUEJzeENDb2k1aEx1T2l1THp6cjh6Z1NpUjFzME5Ea0llR3Y4SVE?hl=en-US&gl=US&ceid=US%3Aen,Military.com,13 hours ago,📰 Military.com,https://news.google.com/api/attachments/CC8iK0NnNW9OMFZ4VTJ4amVEZzFVVWxZVFJDZUF4anRCQ2dLTWdZQmhJalBNUWM=-w200-h112-p-df-rw,2025-10-22T02:04:50.623912
Houthis Release 5 Yemeni UN Staffers in Sanaa After Weekend Detention at Offices,https://news.google.com/read/CBMixAFBVV95cUxNMnBHNy04NDJCX09hZjA2MnRjVGJUNm9kQnpnT19mMlFtanZmNEdESGZCUnlJSTQ0bGstU1YzTExCXy0wc0h3X2dXYk5fZGgyTDUwRS1zYW9lclh5U203MGYtNTJETU5QcDdGUmZXQll1R1FvZEdQV0tkR0JQMUlmZWo1NTdsd0huMGpQckRlN1o1SVgxMm1XZlQzUjMzUFpLWHBtdWNCYXYxbUNKcnc0VkxrVWtzNnRnZVBGX3l3NEpfVzNO0gHKAUFVX3lxTE5rM3h1dFpGTXBOLTViWUFBemwyd09CN3lNcjkxMkxiUVFQdWNoMy15bk9HS3ZzSncyLVRQVjBZRW9ESzl4UGthbUVQaGN6RWE3Z0RCNk1kMDhTbkUyMHVDb05XMzJVU0NiRmtWT1J4Tl91V3pCdDBUaUtaQTFuS2FKaTNmV293alBxUS11SDFtSHdXS0kxT0E4VWwyamlWX2s4US1NWlpkN3l0Wmd0TG81eFp5Wjg0RUJGMkpqUDZxMzQtV3NxVzBRUHc?hl=en-US&gl=US&ceid=US%3Aen,Military.com,15 hours ago,📰 Military.com,https://news.google.com/api/attachments/CC8iL0NnNWpjSGwxYkZkeWMzbE9RbDlPVFJDZUF4anRCQ2dLTWdrQmNJYUxQQ1RRY0FF=-w200-h112-p-df-rw,2025-10-22T02:04:50.623914
"Inspired By Father, Filmmaker Shares Stories of Iowa Vietnam Veterans",https://news.google.com/read/CBMitAFBVV95cUxQWUM3LS0xRWtzR0Rha05kaFhVY1VMQ09aSjUwbTE0aXQ2N2dVdGVrUm5PQkM3ckVLUExYeWNNZFlNbkJLMlhrMVh2a1luSEhBMGNjTF8yTmNIZHgtYlVNRm9xTG92RC0tQjF0Z0NIbU5WODJGRmZBMjFGSkRObnJnZkN2aklUb3dHN0hyN3M1U19BSXdCNnpVSXZoM0lwV3RZTjFmYUhTeXdNNXltMFhXXzg2aHXSAboBQVVfeXFMUGhka0t0OUJTMnY0QlNYdnpFTnlkLXVNalVyZDVlNmRPTmR2SWRkU0luOGZqNHlodnF1Vm4tWVVjTkhfUEoya0UzaUZoakREOVZteG5QX3NoMXlrWGtuYXBKbndwLUhvejRUUlZDZHdSRjNPcHduVkpvaTdCUkVlNmRPLXhDc1BhRG15amZpMzlZbkRITnpQVmpnZVpSd0Z2NEVxM1hjbjEtNU52dElYdGFQdF9obEh6d2pB?hl=en-US&gl=US&ceid=US%3Aen,Military.com,5 hours ago,📰 Military.com,https://news.google.com/api/attachments/CC8iI0NnNHdVbUZRWW14eFNXaG1MVUZFVFJEckJCanZBeWdLTWdB=-w200-h112-p-df-rw,2025-10-22T02:04:50.623916
"In Chicago, an Immense Show of Force Signals a Sharp Escalation in White House Immigration Crackdown",https://news.google.com/read/CBMi1wFBVV95cUxNNDZKeElLT1gtUk5uWHRaWlpIUWJVaGtEUFFYa0tCTTE1V1VteW9Kcy0tZG1Gc1VuOVByNE1QZHFqbUFBdWtxTDNsZXFnQjBHNFNXSk9QUm5mVFpnUWp6WHFOdlNLUGhJaFA2VHBCRTgxWVJpV0JMWUM3MWZoYnFwb0tlYXJfN21XNTJ1a1R3akhFbHktSlZNaXJnQktFRS1QNHBUNnljVUdfZGFEQ1FlUTFyTTdiYUxTeUZNakR2cG5uak9pRXpJOU52ckxrMVFzVlE1S3JWZ9IB3AFBVV95cUxPN0pjVWRrY1QtWUhEZ0pTYWstbUtWWURLTkFUU3llZmxTeURKMzQwQjl4YWZpTWN4akJwalhtZG5IMXpsaGV5blU5QXBzdjFyYnhvTXFzTjFmeGVMeGxPc2ltb0hzU3lueENuRGpXR0RnVVo1ZzJLeFZNWFRhVExMMXk0Vy10OWROZGdPN2NDQkpWR2dkTG1yVjZQTE90Z1VTbEVYeWQ4WktvTExpeDZ6VWNfelpXM2I1NndVQ1JxUGVuSVQ3am5xR1ZWQ3M1NVZPYTZBVnZ5UTZTX2lR?hl=en-US&gl=US&ceid=US%3Aen,Military.com,11 hours ago,📰 Military.com,https://news.google.com/api/attachments/CC8iJ0NnNVZRVVJNYzBGNlNtTlJWRzVtVFJDZUF4anRCQ2dLTWdPWjhBSQ=-w200-h112-p-df-rw,2025-10-22T02:04:50.623917
From Front Lines to Protest Lines: Veterans Speak Out For 'No Kings' Events,https://news.google.com/read/CBMisgFBVV95cUxQalU0MkNfZnpDdlVqek4zZTFqWWp5MkxKWFVhenRGbkFkQlNVRFFPVkNUZkZiNElGazBMQy03MG9LMXd6TVV1d3FJdXRsVW9wNm9GUVZJUjdRemJaS3VhTU51UnItWTNVYVJUVHZBZGZlSGR3dG5yOTdPM2RrUF9HaVQwVS1OclgyTFRmV28zM3hYd3V1WkRXMW5fZF9uNnBJMXhIWTA3U2JEbGpxb05sQlZn0gG3AUFVX3lxTFBpOUJFVl9Ud2EyZ3VKdUgza0NpYUw5M3FDSTlWZzFaZjRldDJUX2NQVXZoNUFVLXBISk1sLTNmY2lMLU9qQWhNNjFWdksyV3RaYnU5WFRkQ1dRVndCWkMyQlltQ0ZhT2JPQVJhdzhKWEs5TFE0d2h1WDc0S1NIbFpVa1lOcGdVQUZsOGFXMkpIVnMxZEd4QWhmT3NTT1JleXVXelVJQjhSeG12YkNrREdRQmJaeXI0QQ?hl=en-US&gl=US&ceid=US%3Aen,Military.com,9 hours ago,📰 Military.com,https://news.google.com/api/attachments/CC8iK0NnNXJTMnh4Vm1sUGNtRjJWM2x2VFJEU0F4anRCQ2dLTWdZcE00cU5IUVk=-w200-h112-p-df-rw,2025-10-22T02:04:50.623919
"Visiting Israel, Vance Says Gaza’s Fragile Ceasefire Is Going Better Than Expected",https://news.google.com/read/CBMiwgFBVV95cUxQM0dJNC1iTk5pbk9OQ1pTSnVaUXczOUZjQ2xVRTRrWUh1RmthYnhzTFdMaFA0cTV6RmNVUnc4ZUNLSmI4dkliQzdvZDJ3cXU5R2J0MEFYbmtVLWRDd3RwcVhYRHdKUGMxcW4zNlFuVmdPRm9Bdy1BdlF1c2tFdUQ2dHFnUkZzYnFadFRYdU95Smw4a0lGSXd6VkpNVEx5X25kbGR5WWRNUUkzU1BfRy1BSnQzQXg1VTV3NlRXZU8tRTJQd9IBxwFBVV95cUxQMGRxdnpHVXRqM3NTQ0lVaGlTNHN6TGZSRjROX2h3WlE0di1OWlFEZ1dURGpOT1pEZW9rRDdBRGo0WW5XbmF2VE51ZzJJc0JOT2dteFN5cDhrREVLMW5KYjV5MG9wU3FfT0xodVBXNzVfT0IwZDVVYlhKR19fMENOaDNHVGl5dHJ3SU41Y1dGSjBORkdLVkdTbTRNUVVxSV91VXd5alJQd092NVJJbGpNX3RqUEptLWRCQ2xhbXN6LU05RE43UkVF?hl=en-US&gl=US&ceid=US%3Aen,Military.com,10 hours ago,📰 Military.com,https://news.google.com/api/attachments/CC8iK0NnNWFkVlJyUVZwUkxWSm9SbEo1VFJDZUF4anRCQ2dLTWdZQkdKSnBFZ3M=-w200-h112-p-df-rw,2025-10-22T02:04:50.623921
Inside the Corps: Netflix’s ‘Marines’ Docuseries Premieres on the Marine Corps’ Birthday,https://news.google.com/read/CBMivgFBVV95cUxON0tBUnF2V0JVVEJJS0Q5QWg0WDByWHAxd1FRTzBFSjJmS2h6S1M4LVhmZG9zb3ljX01QYVgtWV95dHo3aTJ3LVdHQkEyQi13WjJwT2gwNFpiRjBwUDdTbWpQTi1WWkNLQ19qeXlhRjJWQktob3lxRXcydkZMN0t1MDN6Qlk1RDgxYW9fWW9LYzJiTkR2bEdWWjBCV2pFUDFXa1owaGEyZmNPMGJvNE9lNlpKdjdrMlpDdnMyWWtR0gHDAUFVX3lxTE5mMnNaRmwtaEY0VjJIRWdKd0xkck41Sm1nUlJITEc0OEhIUlR0OVFGVXBVbk56cG91UnhIRlVKa3BySGJYQ3BnQVhzQktXN3ZhN1FkZmpkYVhJSlhyMEN1RjltY2FoOHRBckt6d1ZZa1puRkhYeHF0OHJpNnhtYjVjSDZUdmJSdU4tUEJ1WjJ2WmZDZkNlTkp3WnRjVGpSR2JCR1drX1lYSF9yaC0zTTUtUE44Qy1xUlUzZG94U3pEYUVINA?hl=en-US&gl=US&ceid=US%3Aen,Military.com,3 hours ago,📰 Military.com,https://news.google.com/api/attachments/CC8iK0NnNTRWSFJCVTFaaExWOXVPSE56VFJEZEFoanRCQ2dLTWdheEZJYVFtUWc=-w200-h112-p-df-rw,2025-10-22T02:04:50.623922
A Timeline of US Attacks in the Caribbean and What Congress Has Had to Say,https://news.google.com/read/CBMitAFBVV95cUxOWVFmeEpXMlpXZnQzME1oTzItcW5DR2wzVG95clBNN2Y4dnpMNHpKdU0wU2Ntb1pxQ1NMcEhUdk1sM1RaTkY1WllvWEJUeGxoQ2p2TmRqbUd2RTd4UzBPcm1JeDlFcW4yMk94R1BnVk1mUGkzdkJxWHJaTUlqc1BGUkphdnBtV0UydjJJRjI5YUNjRy01UjNtYTNJekU5STh4STlqd0Y2QzlVRFdmTzVaZ2Z4VmTSAboBQVVfeXFMUDk4MkZVZmZRRU84dm1aczcxakQ3Y0JCenp0bGlYMl8wX01PU080QU9TRHJYbkhOTHAxREpiVmZ0Q1RJZ3pjYm9NUWlHcGlpdVJibWdoblNMTUI1Ry1iWGVtTVZxRXJ4UjMxcTdmc3lpdkxJbGdDdWY5aG1tN21YM19PYTc2ZWFmQ3FIRHZvajB4aEUwbkJialhTZjVXaXYwN1oxUXdfSUx3bVE3UEdveHJPMGpXdGhwWTh3?hl=en-US&gl=US&ceid=US%3Aen,Military.com,8 hours ago,📰 Military.com,https://news.google.com/api/attachments/CC8iL0NnNWlORTF0WDNSSGF6RTFVazlVVFJDZUF4anRCQ2dLTWdrZFJJeHdQYVdhaUFJ=-w200-h112-p-df-rw,2025-10-22T02:04:50.623924
"Russian drone attack on Ukraine's Chernihiv region kills four, police says",https://news.google.com/read/CBMisAFBVV95cUxNTENrRUtQQVNNekpVNkRBYmEtTVFmWkdUY0xvcFA3R3BlWUlrSHhlb04wY1hmU2c5MXJGVWtFdVRGZWJWanYxdTg5UDgwYVQ1Y0xRTk9pbHBVR0t3eVlKQ3RhZTdJNEw1cDJUYkVRTllYMkZMMHZfN1FBd0VaNHFJb3REY0tudTVORFRGQ0xLYlBYdVNpUFBjN2Q0ZlJ5aXktdmwzWkkza1Brd0ItX0c3Nw?hl=en-US&gl=US&ceid=US%3Aen,Reuters,12 hours ago,📺 Reuters,https://news.google.com/api/attachments/CC8iK0NnNDFabEk0ZFRZeVVFaFlTVzl6VFJEVUF4aVBCU2dLTWdZQmdJaUV1QVU=-w200-h112-p-df-rw,2025-10-22T02:04:50.623926
JPMorgan seeks to attract staff with $3 billion skyscraper in New York,https://news.google.com/read/CBMitwFBVV95cUxNWUgtMzhLNnhwb2VzV2VlcXJhWGhGOFhkSkUwNGJLVkRkWnU3Vm4xXzBLOTRGbE5ZaVdNNXZqOVI1VHpBaFZJbWJXNS1Bd0RkcEtlWUpfcVdjbXdscHFIMm9oWFlzN0lmSzNJTnc5cnRUa2hVNGl2Q0JhX2pZUmJmeXMxc1AycTJ2Y3VpUnFUUnJzRjdkSlYtaXF1Ylp5RnpLdDVUTDhQUFFteHd0SHhtX3Y0LURFMHM?hl=en-US&gl=US&ceid=US%3Aen,Reuters,7 hours ago,📺 Reuters,https://news.google.com/api/attachments/CC8iK0NnNVBXbVJ5YmpSWWRVbzBTSGhhVFJERUF4aW1CU2dLTWdZQlFJeGdvQWc=-w200-h112-p-df-rw,2025-10-22T02:04:50.623927
Lithuania's capital airport suspends traffic over smugglers' balloons,https://news.google.com/read/CBMirgFBVV95cUxPcVdPN2hTY1ZKdEgyRkN1Y2sxMkV3X2VDd2VNdHBjZDBOZWp5Y1g2ODFHd2xwbk1tVlA4UWFON3JqcEpGcXZHTjlXLXAtTXlKUWI0cDJKRlhpNF93OC00TG10NnZ3MXFhQUM2cEJMN3hVMVlMRUxiYnRXX0Jkd1lrTDFFY3ZMOGlUbHhQVzNiNGxEaTlLeFlObU1oQmZ4dHpiam1VYlktYTRjaklOa3c?hl=en-US&gl=US&ceid=US%3Aen,Reuters,5 hours ago,📺 Reuters,"https://encrypted-tbn2.gstatic.com/faviconV2?url=https://www.reuters.com&client=NEWS_360&size=96&type=FAVICON&fallback_opts=TYPE,SIZE,URL",2025-10-22T02:04:50.623929
South Korea ramps up security ahead of high-stakes APEC summit next week,https://news.google.com/read/CBMiwgFBVV95cUxNVUZhdWpNNG1mSHFHWF9ZZENnbnl3NGRFZk1HQXQwcmVmdFdYOERqVVk1WE1yUFotcDFRQkg1eUl5Q29VbHlRbDhSOENpNlRnVmQ0LVRSTUQxZUNCN1dHYmUxeEt0aUN1SVRxZWZILThwT2E5dzhNdk8yTVpId3k0YUxOTzUwM05QVTYwRW9XMWhlaDZkM0FJVjlDakk4RlY1QjluazRBbUE2YkstYk5oX24yckRPS3FHQ0NCVEdUTk1Sdw?hl=en-US&gl=US&ceid=US%3Aen,Reuters,14 hours ago,📺 Reuters,https://news.google.com/api/attachments/CC8iK0NnNDJjMDlpV0hkR2EyaHFhak4zVFJERUF4aW1CU2dLTWdhaFk0Nk5xUVU=-w200-h112-p-df-rw,2025-10-22T02:04:50.623931
"Cable that broke in Lisbon rail crash was uncertified, report shows",https://news.google.com/read/CBMiqAFBVV95cUxPdzljMTJTODV6aHdGRENYSlhsT0xYRWR2eUI3OGVOVVU5VVpSMzN6MXB3X3JDbEF3Qy1jZWI5T0NoMU5feF9odF9GbHc3OEk2VGNIZlQ5SUNiYTNQWVN1cXp5OGIzLWI0MmtWY2dhZEZsTmxLZkdCVllneFN1T1AxeGZKZjRpakRBWDhrQ21LY05YZ2J4YlE5MnExTjkta0FtalV5a21VY2Y?hl=en-US&gl=US&ceid=US%3Aen,Reuters,16 hours ago,📺 Reuters,https://news.google.com/api/attachments/CC8iK0NnNXRWazVYVGxSQ1pIUmhjRXhyVFJDZkF4amtCU2dLTWdhTkk0VE9NUVE=-w200-h112-p-df-rw,2025-10-22T02:04:50.623933
"M23 rebels loot $70 million worth of gold from Congo mine since May, company says",https://news.google.com/read/CBMivAFBVV95cUxNVkYxZ3ExRWlMZk9ObHJMc1pka0ZVc0FxdEU1OWl6el9aSGVmNXdXem5QU0JXRDJjdUNYV3VRU3hzbjMteUJqZ2hPYlJsMlhtUUROMmVGdldJcE1VQ3R3OTJKWDNhUzF2cno2aDlrRENpQUpIcTlDT1Q1WnRBQmJUQlp6el9USXk5UW04dXhVYzk2YTE2R0w5ZmxLcTVrZ0N2dEZZbzFPb0hlckdnME1uREpYYmtTOGkydF81Yg?hl=en-US&gl=US&ceid=US%3Aen,Reuters,13 hours ago,📺 Reuters,https://news.google.com/api/attachments/CC8iK0NnNXhTWFpXZWxVNWMxbzJTbFZwVFJERUF4aW1CU2dLTWdhdGc0YXVOUVU=-w200-h112-p-df-rw,2025-10-22T02:04:50.623934
Why is inflation so high in the UK?,https://news.google.com/read/CBMirAFBVV95cUxPaGpQcUgyUExsdWN1b0hwQ3hhRF9JWllzeXNJY0ZqczJyaExmSTNtR3k4dlFWWEJmNTFEbFFzTDBpY2lVZGxYSGhfMUttWGwtZU1PVktlV20zNmRDUlhVTV9FVk9mcTE4MUtGRU40NXRkQ2c3NXN4b0d3eDRsT3dQZzI2eTdEd2lrb2FwTHA0aTAyUjRIbUc3WTRuZXZYazZpTDVxZjhaSFVPM3VK?hl=en-US&gl=US&ceid=US%3Aen,Reuters,16 hours ago,📺 Reuters,https://news.google.com/api/attachments/CC8iJ0NnNXVRVmxUWlZkbFFuQjVNVkF3VFJDZkF4amlCU2dLTWdNQmNBQQ=-w200-h112-p-df-rw,2025-10-22T02:04:50.623936
New satellite images show Alaskan village devastated by typhoon,https://news.google.com/read/CBMiVEFVX3lxTFBGc3IwbmQwQUlJS0dRZzB2bWxfVno3UFJCVzFCZGZ2QVZENHB0dTh0aDJSRnVrOGw1U0xDbmhmeGVERmdrODg0RGREZTFrNkFPVVEyXw?hl=en-US&gl=US&ceid=US%3Aen,BBC,10 hours ago,📺 BBC,https://news.google.com/api/attachments/CC8iK0NnNVdUbFJVVEVkM1lUZEdZMGQwVFJDZkF4ampCU2dLTWdhSkJxUkdDZ3c=-w200-h112-p-df-rw,2025-10-22T02:04:50.623938
One dead and 10 injured as sudden tornado hits Paris suburbs,https://news.google.com/read/CBMiV0FVX3lxTE9VWDFNRjN5bmh2VWkzdi13czZFeHRYZno0QVlSZ2NhNzFVYV95MDZKc0lKQzlPTFROeXA5eGZ0OEVNY29YUEszSnVNMGtkU005MzA3WlpKZw?hl=en-US&gl=US&ceid=US%3Aen,BBC,15 hours ago,📺 BBC,https://news.google.com/api/attachments/CC8iK0NnNDFjR0pIYjAwelZqTlBPSGRFVFJDMEFSakFBaWdLTWdZaHM0aU9SUVE=-w200-h112-p-df-rw,2025-10-22T02:04:50.623940
Europe's leaders back Trump call for frontline freeze but Russia says no,https://news.google.com/read/CBMiWkFVX3lxTFB5aktoMkFGaGs3dmRzcG90eFRfVHo1YXJZUFVhYW1YS2k5S3dNd0R5LUlMZExEX3oxeG5BWEp5QmhLcklfTUMzcm9Nc2JybG1OX1NZNjl4QzJlQdIBX0FVX3lxTE92aWswMmp5NGVNbDFpTUlERnpGeFE2SjRqdzdnQkxLQTdjU090ajFtZTZVbnZ5NHZMZ0pZOTlRVEc0RlhucGc4S3pzNkVwRzNKb2xFVGd6cWQxMFhTRTNn?hl=en-US&gl=US&ceid=US%3Aen,BBC,11 hours ago,📺 BBC,https://news.google.com/api/attachments/CC8iK0NnNTVNbXRWVERWcVNGaFNiMkp0VFJDZkF4ampCU2dLTWdZVk1ZanhwQWs=-w200-h112-p-df-rw,2025-10-22T02:04:50.623941
Devon | Latest News & Updates,https://news.google.com/read/CBMiT0FVX3lxTFBSYTVFRS0xTW9BSkFGb3pjSWw1ZGg1T1doVTZyTERaaHk2bXdHM0F0N21IeG1nMGJrbXpzU1pJdl9GZzBpRUhCSjU2aGZoNFE?hl=en-US&gl=US&ceid=US%3Aen,BBC,"Sep 22, 2017",📺 BBC,https://news.google.com/api/attachments/CC8iK0NnNTRaVkl5TWtkcFRIcFRZMWhyVFJDT0FoamdBeWdLTWdhcFJaRE5vUWM=-w200-h112-p-df-rw,2025-10-22T02:04:50.623943
Private island Hallsmead Ait in River Thames up for grabs,https://news.google.com/read/CBMiWkFVX3lxTE1vVXd1dW9rSG4weWl2SzlITlRxV3U4VHlIbURyWUJpdVlfVGZmaGFFc3VJUDBPeFR1cnNIYll6SzhSVWkwQkdCSVJtTDAtdThTMmdueDY0YkJud9IBX0FVX3lxTE55LXlfTGY5Qkk4Q3BONTR3RFIzYXVmaXZDME4zS29EQXVZdlpQY2hlV1J2LXRCNHFHeTlwcmo0NFg2ZGc4dkx6WDNzSlc5aHptNzFVY0JBWXRaZzRodmlr?hl=en-US&gl=US&ceid=US%3Aen,BBC,20 hours ago,📺 BBC,https://news.google.com/api/attachments/CC8iK0NnNDNVSEprTWxwWWJGbGZXRWROVFJDZkF4ampCU2dLTWdZQllJSlBOUWM=-w200-h112-p-df-rw,2025-10-22T02:04:50.623945
Ethiopia's Somali region: Passengers jump from windows in fatal train crash,https://news.google.com/read/CBMiWkFVX3lxTE9YSS1qZ2dLQ0tQY0xSb1NCRV9DY0ZaSm9za1pjbFhKazM1U0hhVGtOSktPNlZWSngtbTVwSVdGamJPLTFxNkZhNEk3TGg3aHZESWQ5eVZBOGk3Z9IBX0FVX3lxTFBfbHdiUzlGNjFsbXV2Y0o0a3NkNnhrLXMyVHMzZnFjOEVQMWNQb1ZwZWFYWFZ2aXA0UWcxTWZBdHJLR0x3eWRZWG9VdmZXQXRyamJqVEJzdEsweXBDbkln?hl=en-US&gl=US&ceid=US%3Aen,BBC,10 hours ago,📺 BBC,https://news.google.com/api/attachments/CC8iK0NnNWpORmRQWjNnNFUwOXNhbHBVVFJDZkF4ampCU2dLTWdhQmdZNk5PUVk=-w200-h112-p-df-rw,2025-10-22T02:04:50.623946
'I need answers over dad's Chinook crash death',https://news.google.com/read/CBMiWkFVX3lxTE9QSVlYNldjbER1dW9jcktOdmltQ0pZd3JvN29HN3ZlZENsRklnbjBfc2tqUkI3d29hQkdnX0tBRmZ0Q1NoRW14N2JDeFM5MDhpYjF6RVhhWVVmd9IBX0FVX3lxTE9iQlFHRi1QSnJJaWZRLW53elhZdUJFYkp5clNjVGZlYWV6WnpFT3VXcXNLSExhTGM4TTFJcXVUMHBXa2JCdl80WnIyV3lRTmxSTGJjazduZzBoMXVGSGRF?hl=en-US&gl=US&ceid=US%3Aen,BBC,12 hours ago,📺 BBC,https://news.google.com/api/attachments/CC8iK0NnNU1UamcwTVZWSFpEQjJhVWRpVFJDZkF4ampCU2dLTWdhcFZZak9KUVk=-w200-h112-p-df-rw,2025-10-22T02:04:50.623948
Trump’s hopes for quick second summit with Putin have stalled out,https://news.google.com/read/CBMikwFBVV95cUxPZ05zZ295YmxzN1ZzdkdLZlJSWnNCMTFDT0ZxaFk1d0tjclNTc0VVQVZmMm85OFNNamNzZGZDTEViaGszR0p0bEdaM2VYY3BiWnppMW5wOVZOb3l3ZGhfMU0xRjNMUW5kTFEwRGl2VmtWUXhlYzRLZFE2SV9nZWRNMUU1S3Nad05TUWFxY2gyaExzQ0E?hl=en-US&gl=US&ceid=US%3Aen,CNN,22 hours ago,📺 CNN,https://news.google.com/api/attachments/CC8iL0NnNVZWRVZLUVhGMVdtVlBSMHRUVFJDbUF4alhCU2dLTWdtUlFwb1VHZXFwS2dJ=-w200-h112-p-df-rw,2025-10-22T02:04:50.623950
What does Japan’s first female leader mean for Japanese women?,https://news.google.com/read/CBMiswFBVV95cUxNa0JDTlZQUHFKRkdtc2pQX2RmOW1felpEZjR4SXRHZEktaThUenFWSS1PYUVnTWtNZmRqZjR6OGhpQlFpaWtGU1VnN1ZQcmk5MzdIWl9uSldJcTBoQUFWLUR1WkJ2ZzJfTXByZC1MV0F0VXd1STlHSmdfUW9XMDg0Y2JWbmFYMERzcWhTZ0RYcy1EOGhKNUdGcHVqT2dkajdpcl80aTl3NTRVVjNBS1hxQzFBYw?hl=en-US&gl=US&ceid=US%3Aen,CNN,9 hours ago,📺 CNN,https://news.google.com/api/attachments/CC8iK0NnNWZWVXRaVHpsclIxVndablkyVFJERUF4aW1CU2dLTWdZdFZZN09vUWc=-w200-h112-p-df-rw,2025-10-22T02:04:50.623951
Trump tells Australian ambassador ‘I don’t like you’,https://news.google.com/read/CBMipwFBVV95cUxNVGtkNU1tOFpPVU0tY1F0RUExcW0zakFPTlhpWFhYRUt5NTR6OXV6aWlTZ3lWVG1obDlLUzRteXRkVTI5eTR6ZExlWV83dWdpd2ZyT0FMbTktUE1zQ1FvcmVFTlFuYkZSaVJtODFXaVNrMFdiTE9jdzVBeDVveDFGb0MwTlRXWnctVE5QNE1QeXY5cHdGLVd5d3BMajQ3LWlXSE1TemNGVQ?hl=en-US&gl=US&ceid=US%3Aen,CNN,17 hours ago,📺 CNN,https://news.google.com/api/attachments/CC8iK0NnNXJVRWxEYjFCM1dsbzVjMGxyVFJDZkF4ampCU2dLTWdZQklKSUR0d1k=-w200-h112-p-df-rw,2025-10-22T02:04:50.623953
France’s Former President Nicolas Sarkozy leaves home for prison,https://news.google.com/read/CBMiowFBVV95cUxQYXU3M0d2WUw1UnlwaGpuaWtZTFhJV2hPQUZ2anBHT2hvbDhWU0paWFlyeGtmaU91WW9KdFdxdmY1eFhQYlQxUXNqNzAxMzMzTng0a19NUkNzcV96Zzk2R0hoMEdfam5qNWpCSDZrUWUxYmhEdDNBVVdvRjZhNTU0Slg5T1lwRUJNTUprVlVWU3VFVGNaRHR1Y0VCSG84ZDBmME40?hl=en-US&gl=US&ceid=US%3Aen,CNN,16 hours ago,📺 CNN,https://news.google.com/api/attachments/CC8iK0NnNTBVMkowUkVKa2NFdHVlR3RRVFJDZkF4ampCU2dLTWdZWkFwenFHQW8=-w200-h112-p-df-rw,2025-10-22T02:04:50.623955
The French prison now home to a former president,https://news.google.com/read/CBMiogFBVV95cUxOTVlTVFYtbjVDRV9ocU15YnY1aHMxcHBVb3FGeVlWV2stR3Nja2gtV3F2ZFMzaGg5cjVsSnFwWVhDRGxvSmhkSFRwLWYzMWdXWVM3MzR3VDN0T3V4T245eTRHenljeW1mZjc5U3ZZcEpaTjRwTFBfNlFjN0ZoTHpXUHFYd3BrTTJOSVJiUmF4dG9oRnNyX0V3ay1YbVFmZGVZdFE?hl=en-US&gl=US&ceid=US%3Aen,CNN,15 hours ago,📺 CNN,https://news.google.com/api/attachments/CC8iK0NnNTRTRFJQVm14NE1HUlBjbXAwVFJDZkF4ampCU2dLTWdZUk1JQUtzUU0=-w200-h112-p-df-rw,2025-10-22T02:04:50.623956
Iceland just found its first mosquitoes,https://news.google.com/read/CBMic0FVX3lxTFBjMnZNNm1RRDVseklCZUhOY1hTU1Y2LXRUVW0yZ2h3OEtQaE1Qa09iUHA0WE5wMFNBZTEyQ0xES2R4QzE4OTh1emVQSlZGN0tvdU12aUVhYngzdlJ1Tjd1WnFMQUlEOEFJS011ZG5QbDBkbWc?hl=en-US&gl=US&ceid=US%3Aen,CNN,8 hours ago,📺 CNN,https://news.google.com/api/attachments/CC8iK0NnNHdWa2xLWlUxaGRHOXJiVGw2VFJDNEF4aTRCU2dLTWdhaE5JN01NUVk=-w200-h112-p-df-rw,2025-10-22T02:04:50.623958
The new East Wing: Caesars Palace meets the Palace of Versailles,https://news.google.com/read/CBMie0FVX3lxTE5pU08zNTZyb3dyYVEtTkI4a3JhcmRwQWl5VDRNSjJxNThjQTlaY21LdUVMOEhjVjlZQkR3WVF1MHk3MDlMQVhKTGd5X2NhS3BIMzlHalVPLUNPdDFSbGlhVkhaa2NocFVqTGJWdFBzR1dUT2lwSEJrSHFoRQ?hl=en-US&gl=US&ceid=US%3Aen,CNN,4 hours ago,📺 CNN,https://news.google.com/api/attachments/CC8iL0NnNVViSGM0VWxWSU5tUkNSa2M0VFJDZkF4amlCU2dLTWdrQllaREZxcVl0S0FJ=-w200-h112-p-df-rw,2025-10-22T02:04:50.623960
The Lead with Jake Tapper,https://news.google.com/read/CBMibEFVX3lxTE1UMGV5RGdYSktBMGFnd3Y1UDFIZWpjNTR4QVdMTXpXdV8zOER1czF0WHE2MmhRNzFvb1BraTVFQmlaNVlXM1FXVFNIR1A3YzV1T1ZEekV5a2dodXpIRWUxM2QtUURndTRXeXhKaw?hl=en-US&gl=US&ceid=US%3Aen,CNN,"Mar 30, 2020",📺 CNN,https://news.google.com/api/attachments/CC8iK0NnNDRPRVZYTkc4d1EyY3pVSEZWVFJDZkF4ampCU2dLTWdZRllwYjFvQWc=-w200-h112-p-df-rw,2025-10-22T02:04:50.623962
A brazen jewel heist that took just minutes at the Louvre where priceless treasures stolen from the museum.,https://news.google.com/read/CBMidkFVX3lxTE1XSWlqTUtQZ2JqcFM0ZEVBbmpaZXdvY1RLbXJYTzdWcXV5OU5idlZ2NHpQdWJzLThwcUNZX2pqMTFNM2RqSUpnMEJZYlNQUW41bFRuQnIySlZkbDFPbV9WS0l5dDhLYzFqeHRuZzlpbGVFeEEtSUE?hl=en-US&gl=US&ceid=US%3Aen,CNN,7 hours ago,📺 CNN,https://news.google.com/api/attachments/CC8iK0NnNWpVMUpSUTNRMVlWODNWVUozVFJDZkF4ampCU2dLTWdZZE41b3FIZ2s=-w200-h112-p-df-rw,2025-10-22T02:04:50.623963
Russia and Ukraine Are No Closer to Cease-Fire After Trump’s Pressure on Zelensky,https://news.google.com/read/CBMixANBVV95cUxQOWYyRVJiOWh5NGdSYXhHc0V4N2lNU2podURJSzQ1QnFTTXNuWHJXbF93dHNGSkJqT3V5YTcyQkZnSTltNjhGSG1UVkc3VVV5SlktczhrSTVCb014ems4b1k0YkFXeTRXOHJCWHhnT3gtdEQ0bzMtSUE4bERnRWJ0ZUhVZFF3UFZqQlBlakRKVExTeGs2TXRtOEF1SEpSc3JsN3FZRlhjZmd0cnBDSWo5SklJa1Y3M20wRGFmNDRpOGNwNUdZTjVEWkFyQXY4LW9hNUpES0hoVGZZTzlnT1MyWXlVR05ES3J6QmtORUxHRFQzN25CVVZTVW1IOXJwd2JhUTU4TXpoZ0hPaW1wcF9rNjJJVU1VbnJIemVhZk5HTlJwZ1JCSHJXLWtGYWVFQzlfLUg2THM3bFVkdTRPOW4tc3dxajVXZERYQWktc3dnTkhucnB4TmtYWDJVS2xia05LZW5vZ0RZcFF4UWVSMnZmWXVWV1ozLU5haXJPQ2p2dFlZTmpkQ29Qd2xzQ1ROYWFQNTA0RmNrLXFSZHlnVFZ0Zy05V3ZtMWVTSFk2U0RTY3B5NllOenpLZExxZG1zYWNFYXI4bg?hl=en-US&gl=US&ceid=US%3Aen,The Wall Street Journal,15 hours ago,📺 Wall Street Journal,https://news.google.com/api/attachments/CC8iK0NnNXZhR2RNWVMxTlozVnFkbmhoVFJET0F4aVhCU2dLTWdhWmtaQkp1Z1k=-w200-h112-p-df-rw,2025-10-22T02:04:50.623965
Opinion | Is All That Videogaming Really Harming Your Kid?,https://news.google.com/read/CBMikgNBVV95cUxOS21raGNyV0g4VVVXSDgtRU1jRWUyMzhZVUltOFlnN1pJdVFjRFJ2bDJ3dUwtdE1xb3lwckVUOTVsMC0wS2VmUHpuRHdJRGJobWxIMG1IYnRfazR1cjI3aG5ieW01ZmZjRFF5UFJkWUZZc1Blb0QzSUtKTnFVclpLc21EeVpYYXdoVUh1SGFOVVVBYU1URFJEdUVIekt6em1pOVBBZHV1UEdrOXJPa01HNTYzTElsLXB5UVpMTUIwdmgyX0lLYVM5R0E5NnVaaVV1bWVWQmxnSG1WUTVyYVJRNEQ3WUliUmVmWDh1WEtLUkR0R1kyemJZRkxnRE54SzdaMjNVOVM5ZW1CNnZJVktkUGtTT2ptcVJOejFDek1NU3dlZHVuOTlOcGhlUjN2MFBzU01XV1NGcUtYajNwd0xQUy1PQ3lrVE4zZVh3UEpyZkxXTV9zSlJ0VnVxb3hxM0tWWDVNQ2tXS0JJXzZlUTdQRGZpSGQzOTJ5TEdBOVpmRUlRMkllSTQ2TU02cEI0c0dIU1E?hl=en-US&gl=US&ceid=US%3Aen,The Wall Street Journal,3 hours ago,📺 Wall Street Journal,https://news.google.com/api/attachments/CC8iI0NnNUVWREpCWVZkbU9FTjVabWRxVFJERUF4aW1CU2dLTWdB=-w200-h112-p-df-rw,2025-10-22T02:04:50.623967
Trump Says Ukraine Summit With Putin Would Be a ‘Waste of Time’,https://news.google.com/read/CBMisANBVV95cUxQRlJCU0c3bEFVNnZkdzNZeElZZ0NGS0xNcGJISG1PbGhiM2pQRXB4MTB1Rl85ZjUtbUNGS3ZsZGNfaVpFWW9JdmFzbUNlUUp4RjdvSHZCcmJseHg4TXlyR2JzcWhBOG9KTDY1dnNUTG91UE1BN0dpSS1TZEFTUjZpZlRUeEFwcGY0ZjFER0kybVR2YXc2OXpsQ2NwTFN0RnhVUGprSHZ5eU9kbi15Q2Y3MkpoaWg5NnJjNVIzdlo1N1UzSjZBcnZMbGNfajBmRzdIdWRoQWhUd2VRQzRkLThXSTg1MWxsWVRELVBpaWJDTVlQN0NCVWNOTTZGdXdXY0VlTUI1WjVpbmkydzZBSl9ZekVfY2RWNDlSN2VyV2RMb0ZpN05Td05tajRQY1VrSkpDUU55N05oWVcxR0NDcnFoM2xYR1ZhWkJwQ042MVdnT3hpalVfZzNHbGlNVW1WaUR3QnF0OTM0RHVUV002Tm5BaWlzTXZwZWpTUkNjc0habmQ4MkpJOE10OU14ZGZsLWRaR3VYQW00aUNoZ1JyVW5JQ3NraG8xaVFXd01sMXV6YlE?hl=en-US&gl=US&ceid=US%3Aen,The Wall Street Journal,4 hours ago,📺 Wall Street Journal,https://news.google.com/api/attachments/CC8iL0NnNUVaekpHY3pkdVpHOU9ZVlIwVFJERUF4aW5CU2dLTWdrVllKU1lJQ21pcmdF=-w200-h112-p-df-rw,2025-10-22T02:04:50.623969
Opinion | China’s Big London Spy Platform,https://news.google.com/read/CBMivwNBVV95cUxPSFkyRFBEYU15Y1NWVFc3TW91MkxRUDk4TDd3ZFBwLXBvZm9xWmtWdnJYU1owME9mVzRzTFBzSjA3LTFhdFI4RnJubDIyWDFWVW9jQnlKblFtbUc2Tk5pTzYtdVFaR1hZdGJPcVRqbFlrRnZMQXNhazBGOWNOd0J3TG85TDF0ZDVnd09lLXNBWlFLMUFpd2ZyRzdnbFF0Y1JqMEcwMTg1Y1VQQUJON3BCWjRFUlZTQjdfRjNFUnN5QnFwblhDWUJPaVBUR2lkMlRnN2QxRkZfU3hMVlBaaEgtdW0ydEw1Y0Mwck9JUFMtSDAySmVuLVRWM0l3cE1zZ05lVmNrX2Nkc2Z1QU1BaFpOR2lfcERTUmt5VV9Ka2NRb0hXNGRBbmVxT1kxUWI2bldLUkVuZk5fdWg5ZWV0NFlidFhRNWV1LVBUZDY1TGt1VU5ScExKaW4yRXNTNU1wbm5ZWkNNTDdJMElWZUM5UW5nNV8tcU5WXzlqR0djQVMxRWk0UV9OZ0J0bE9VRXA3aW93Sk9oUE4zR21HdmMzWjg2alNiNFd1eDc4QWN3b1dXU0hPZlpnNTVFWGV0c00zeFk?hl=en-US&gl=US&ceid=US%3Aen,The Wall Street Journal,4 hours ago,📺 Wall Street Journal,https://news.google.com/api/attachments/CC8iI0NnNTZVSGhPU25nNU9FZFBhVWhVVFJERUF4aW1CU2dLTWdB=-w200-h112-p-df-rw,2025-10-22T02:04:50.623970
‘Ancient Desert Death Trap’ Review: Excavating Ingenuity on PBS,https://news.google.com/read/CBMiuANBVV95cUxNaHk0T2hLb2U0NkVOOWV5YWU2TTV6LUQ5anR3bmt4QTVxOFk3a2hxNVNBM0N6dUpwNFp3WjhGbnJPZmVBQU9qak93dmpUa3kzVjZVc21kenZBc1E0NnN5NEJpaDlyc2o5VWZHNUU0Y3I0Nm5vRWtOT29oTGxkekRRRTR4cER1WVJxZXZoRlhjcXg3Z3lsMUE5eERPX3JEaGxWNkZwOWdQZzZTRmpUNDlIU1lScndBUV9xenJINFROVVI1bUpkbXZIR2g3SUdTbHNjaWJnaVlJX0lTV3hzV003UENzYWJscENLVHZHUHV4cFFSTTZyR1Q3U0F6OHU5Z0tBZFJJX1pKWnVYdTlvTGxuZWdhVUxrTFdJZGZlQTdFRVhCZzZCT3FkbkNqb3l3OVk4R1dMNEEwMjQwMDFORnhvc3ZadW1ZMFBkbDhZX0Fkcmc3aXJEMzA3YURRQlZvZjFtUWN4YnJocnJtcmRTWHNIc2dsdHA2UVlpZFRkUUh4Y1hWbUptbzJHTkpOaEdKMkFpSnM2QU12MHZNejhLeGpkWk03bjJMX19ZaTFHMFBLUHU2eVB6OEN0Mw?hl=en-US&gl=US&ceid=US%3Aen,The Wall Street Journal,5 hours ago,📺 Wall Street Journal,https://news.google.com/api/attachments/CC8iJ0NnNW1WV2t6UTNsUFYxRmpaWEJGVFJDZkF4ampCU2dLTWdNaGRRdw=-w200-h112-p-df-rw,2025-10-22T02:04:50.623972
RTX Raises Outlook On Growing Demand for Munitions and Missiles,https://news.google.com/read/CBMinANBVV95cUxOaWZRQmxYb2RXTWRFUWVBc1pjZDNwV01PdUN6R1c3UjFVMzBYN09aVnowYjRkR0xWeFhDMndOV1hwd3ZidlBIOTNybHl4dlRZbFRmb3BvQjZpVXJkbDR0ZFhUMEswVW5mY19mekV4NHFfa2pwQUhieW5fYzNUai1IUnJqcncxYng2Z2hfd3VHX1NkTjVUaHEzZElvRWNFME9BRlphWnpXQ1J1eU1WNG9COGctZ0FPbzR2Rk9oY0pmaEE2WHBNUmZVblg1ZW1oMDNsLXJGTC1fUExPd0FIdGMyQTd1U3hfYVM5cnBkWWlEdnlVcFdkVDg1NmhhQkExUnRGZmxEQng0UmJyam02dUF5bEFZUmtUcU9yN0RrdGx1WkhBbzk3OGhzUkdNSXJwVzdWTU9EYWpiT3JGX2ZPWlVXVktxN2lfX3RZWV92R0hUTjcweW5pZ3Bad3p6SGEwMFV6UTY0Q3N4bmlHb2h4cTFmQ043TE1sYXdBdG1ub1RBbkViMWxIQUdqVnhudkUtN2N4blcwa0s2UlBQWkpR?hl=en-US&gl=US&ceid=US%3Aen,The Wall Street Journal,11 hours ago,📺 Wall Street Journal,https://news.google.com/api/attachments/CC8iK0NnNTFiR1pYWkhwTmJqSkpaVWRuVFJERUF4aW5CU2dLTWdhcGNJWVFLUWc=-w200-h112-p-df-rw,2025-10-22T02:04:50.623974
White House Tears Down East Wing Facade to Build Trump Ballroom,https://news.google.com/read/CBMi4wNBVV95cUxPb1dTOUlVVWM3aDh0aUFobjJvUVpETkRTM3N4clFBNVN6QnVBQWpDX3JaMkQ1dExlN0lCNFhpVk5McmhRbGJvUEJJUE5oQWZhWTgteUllakhETExHUkhrV0NpTnVxZHhDWW01aHV2YlBBQW5PY1F5VFZhZ2NWSldDY3ljVE12aU52QUV5M2pnOXhsbjhWQS1XWjJHTjBQZGdXNDJfUzZhdFF4T3MyTGFQaHJraDJOcUdlaWZKUThsUmkyTm5VbmxDbjRxT2plLWxDQWY1RlM3U3RRUUhqSVRwcmozN09iLTdxR0RldFNNdDI0MGJWc3RRWkNvdURvN1ItenN5LW1qakstdXVmV1JwQzJjNmlMTlZ6blZsTlZ3TFZjTk5LdVBad3VqaTlDSllTV3BjZTFyOHZ2ODNzVHR1VlZsZGsyMExlYXQ0RFBKdXM2TzBZNlpCMjl6ejBaREhOT21ET2hqazFCU2dVbkl2dUw4QWR4V1NVanNpcFduTzhicXpybmFtUF9qdFBVd3ZaMl9LbGg2aF8xXzNWTHA1Nm1VQkltbHpLRzZ5dnEtQ0lLdWNtcUpxNW8zUTdBc2ZxZVJXa2Y1dEl1anJLUTMwZ2dsVGFuMHVFMXZJTng0RXlLOG8?hl=en-US&gl=US&ceid=US%3Aen,The Wall Street Journal,13 hours ago,📺 Wall Street Journal,https://news.google.com/api/attachments/CC8iK0NnNDBUekY0U1ZnMFF6aG9SV016VFJDZkF4ampCU2dLTWdZdGNJSXdzUVk=-w200-h112-p-df-rw,2025-10-22T02:04:50.623976
The Tech Wizardry Needed to Stop Drones - What’s News - WSJ Podcasts,https://news.google.com/read/CBMivANBVV95cUxQYzdHTk5faWxEN2d6UVp0a3pTTThrYWxJZDQ5S09NUjh1elhHY1hDZmpSODRBcHV2eEExX29tTEpHRW5TblM3c0x3RkpPaWxKN1E5UmkwRWxvbVJlV3c0d01OVURadDJ4M2ZnU0ZEeDZNQTdhZV9ITzg4SFJNTC1ET21HeWRJelpDYmE5bUt4UmZUTHNUSEtCRUZOeFdOOWt6djVrbTdLWU0za3doQ3RmRWtaLUxiZ016aXZEMkE3YndoekVaVUFrM0d0d1BsblVOYUFCUktMbVA1OE5JX0RTOVRIb2p2RE1hMl9GY0hCZGNlSHZlSGRFZS1INTJ1ODM1Y1AxYWdXZ1hOTmNRckhPUVViR1BFdXUycDU5WlRuNGZDMlFCZHpPZGY1alNnb21pTWlrcWdEQzZXNjdUQTBRWTc2MVNIanVtRF82ZlMzaW1ocmdRa2FOempBRUJtdFV2cEZSUmNaLUxKYmc5VVVyRDVtUVNkMXYyeTNBaGdsX1pTYU1fUUVxMHNaUlc5V2RTQ3lpWmZ4VndQb0xXcU5RUGVSWm1RdWFhQlJVamYxZ0ItWjJKMW9qWVFCR3U?hl=en-US&gl=US&ceid=US%3Aen,The Wall Street Journal,15 hours ago,📺 Wall Street Journal,"https://encrypted-tbn1.gstatic.com/faviconV2?url=https://www.wsj.com&client=NEWS_360&size=96&type=FAVICON&fallback_opts=TYPE,SIZE,URL",2025-10-22T02:04:50.623978
"Defense & Aerospace - News, Articles, Biography, Photos - WSJ.com",https://news.google.com/read/CBMi5gJBVV95cUxNU185YVB2RUlpN2FINHVDanlQR01hZ1RoMEZKeFFuM3p3cE5aM2VKb0FQcUd5MW5qNVBVN1VCZHQzZDY3THFJZmU4bFRzTlBySFg2X1h3SHRZOHhxb1pqTkgyM3d6MHQ5cE1FcWVXYjNNUHVlTXg2eXljMHVSNTNuZUFCWERzSUU4WHBqYmJEU2hQSlBxbVp4a1pndUZuVmk0NmJFUng3OHdYWHVUanhmZl9wQVZqYjNXRDg4dzAxSDRvWWhUU1NDM0o4aE5oSjVITUpKWXd2NVBoaVBiUlVhczNDSlNsWDlWRmw3dG44Z0R6SGk4N0tPT1dZVTJ5QjlRWkVlMlJoa1p1dUtxQmxjd0UzSkluTXBLeE5MaFlqLWhPVl9GLUdLWWlmeUtPMTFiSzNKclFmM21fdElGN2h3a0dibkExVFBxclJrUGYtX1MxeVFBWURrLTlaX2c3djJNSms1RVF3?hl=en-US&gl=US&ceid=US%3Aen,The Wall Street Journal,"Jan 20, 2016",📺 Wall Street Journal,"https://encrypted-tbn1.gstatic.com/faviconV2?url=https://www.wsj.com&client=NEWS_360&size=96&type=FAVICON&fallback_opts=TYPE,SIZE,URL",2025-10-22T02:04:50.623979
What’s News - WSJ Podcasts,https://news.google.com/read/CBMi1gJBVV95cUxPbWdxRkFNR0p1Yll2T0NzbW5PQm0zSjA3aFdjQ3RZMy10enhtSGJFd1MydUpfNGlvOVFZaENCenZYMzlJdDRCR2Y3OFd3SDI1R1pWT2s5cU16OGgzYXZTQW9zTG1oUFhNR2lGQ3F4ZU5RLTd6VHhvSVRuaXVpbUZHTXVBT0hQbm9TWVVfTHpQaVdybE5SNTBMTEZOVjRwbUJ0QWhPWGM5cEVYcEgwYnVGZTFzYW9yMG9zUkJBSEZUN3dGTmQzNS1zaU5WS0VXMVdTbVpjSmgyblQ0SXNqdFloY2UxQmxhNWRBbUJoZ2VVeF9GMHZPOHdqZXpCY0xaZGlfZFNNaGNHMFhyRGNaSkxnWUhFX2NBWTctdzdQLS1wMzJGdG9lc2tjV0VCVG9XRmtxMVlVQ2pDdFlGcGJFLVpQSjZ4OFBVcW5ZRGJZV2h1R0FLLWptYkE?hl=en-US&gl=US&ceid=US%3Aen,The Wall Street Journal,"Oct 18, 2018",📺 Wall Street Journal,https://news.google.com/api/attachments/CC8iK0NnNWZRa3BtUlRsdE1VVm1RbkZTVFJDcUJCaXFCQ2dLTWdZUlI2QkduZ2s=-w200-h112-p-df-rw,2025-10-22T02:04:50.623981
8 European Defense Tech Startups to Watch,https://news.google.com/read/CBMib0FVX3lxTFA0RHY4eXNFN2c1ek5IcG5ZeC1LMlVJREhwUzlGS2dLYnRhWlBNU0g1QWxubUItZDdIbTZhRmt1TFN3YkZPdEhCUGNBRnZmRGloeDMzZUZLcDBWRzI2TmJiSFFLNG1hc0Y2WGF6c3ZVUQ?hl=en-US&gl=US&ceid=US%3Aen,Bloomberg,22 hours ago,📺 Bloomberg,https://news.google.com/api/attachments/CC8iJ0NnNHpaemRRZUVNMGVWVjBXbk5NVFJDT0Foam9BaWdLTWdNQmNBUQ=-w200-h112-p-df-rw,2025-10-22T02:04:50.623983
Reeves Pledges Crackdown on UK Business Rules in Push for Growth,https://news.google.com/read/CBMitgFBVV95cUxPQjBsRDZ2YURSRmdsMUZUWmFrYW9aTU9sclU5TWtPeXUteElGWk5zLUJxLU1NeVBCSHNoUnZBZ3Z1ZFYtZURSMEhiWlUtSEt5VDRGOEc5TFhUNllWNlMwQU03N0ZGNHM2RUtseG40NVg0RE1vcGJGSTg5VkpBQUwzZnEzWUt3VzU4R2oyVFlWcVptWWZWN1BFdFhfdFFha1Y1bWJxVGRMRE9WYjFLZ0hla2lJZUlpZw?hl=en-US&gl=US&ceid=US%3Aen,Bloomberg,14 hours ago,📺 Bloomberg,https://news.google.com/api/attachments/CC8iK0NnNWhaSHBHVEZwTlVWUkNiSGt0VFJERUF4aW1CU2dLTWdZaE5wb01uZ2s=-w200-h112-p-df-rw,2025-10-22T02:04:50.623985
"Europe’s Sovereign Tech Push Moves Capital to Rockets, Drones and War",https://news.google.com/read/CBMivwFBVV95cUxQMWtTUTBxMDB3YWxCdEpCOUIzQTBEMlpmV2k5cFhVa1YzTXJyay1iV2FNZTZBdDIxSndMd3JFRkNtcFFhaHZITF9QQ2t6OGpVV2QzNDR0Q25xWVBaOUEtb3YtV1FxNkRPbWl4VnBKWktEYVhGbXVqbDc0anFzTG52TTQySUMwaGtCNWZhVHJfeEZfeEY2NDNmTF94eVJrb21nZVZ4LUxXVmNLdmZjeU94Y0xndGx5N3ZDU0FNS3doWQ?hl=en-US&gl=US&ceid=US%3Aen,Bloomberg,18 hours ago,📺 Bloomberg,https://news.google.com/api/attachments/CC8iK0NnNXJOMGw2Wm1zeFEzTjZVbVoxVFJERUF4aW1CU2dLTWdheFZKQ1BJUWs=-w200-h112-p-df-rw,2025-10-22T02:04:50.623986
Europe and Ukraine Prepare 12-Point Proposal to End Russia’s War,https://news.google.com/read/CBMiR0FVX3lxTFB6UXBGaGRfUlBYN2lYVC1ZYlVGQXNYaVAxcXRKZjZoSlMtQm1RQ3BNd0EwdGFYbkw0WW5qQWoycWdHcW50NGo4?hl=en-US&gl=US&ceid=US%3Aen,Bloomberg,"Jul 8, 2015",📺 Bloomberg,https://news.google.com/api/attachments/CC8iL0NnNVRhVEpDVjFCTlNHNVVObXRVVFJDUUF4allCQ2dLTWdtQllJeVhJT2hwalFF=-w200-h112-p-df-rw,2025-10-22T02:04:50.623988
Walmart Pauses Job Offers to Candidates Needing H-1B Visas,https://news.google.com/read/CBMirgFBVV95cUxOMi1xVWNjM0FjTENld0Q5V04zVHFFUzBWMWNtTTdFSmgwYUpWU1JSOXY3TUxaQWdzbmZ0M3RIWkhWUnJ0YWJrdHhfa0Q5RklncmNWXzZUZ2pUUUxGVXk4d2tQdTdveUJCUGZZVm41UGc0bVdwUDBCM251bV9uWGsybGZWOWZWSFdCTko2MmNRV3FqeFVOeVhNa2w4ZXlES255UnBYWmlqSFJHU193bVE?hl=en-US&gl=US&ceid=US%3Aen,Bloomberg,5 hours ago,📺 Bloomberg,https://news.google.com/api/attachments/CC8iK0NnNU1aSGRqYlVvM2QyazRNR3hsVFJDNEF4aTVCU2dLTWdZQklKRHhyQVk=-w200-h112-p-df-rw,2025-10-22T02:04:50.623990
Helsing Co-CEO Reil Warns of Defense Tech Bubble in Europe,https://news.google.com/read/CBMisgFBVV95cUxQSmpXdXFLMDZ2Wno3R0xUazVWaUkzQnJlUTJBMUlQb1BiTExGd2NVMXk4OGU4b2pFUFFRQjhSNHp3bnpUYXpCTHBZbW5TS1JrZi1jTUwyUzVTcXU2dUdPdkVRSER6WEQ1eHZGTDNrWGJKbW9RRG5sbF9wRDF5UVN0OTdmYzRFeDNaVWxQWU05N0tQSzdac2VoOF9BU0g5R3dMTnE4X1lxVkJoVEZ2Vmd2QnFn?hl=en-US&gl=US&ceid=US%3Aen,Bloomberg,11 hours ago,📺 Bloomberg,https://news.google.com/api/attachments/CC8iK0NnNVhUVmxYUzNNeVVHNWZVV1JzVFJEY0FoanNCQ2dLTWdZcEZwRE5rUW8=-w200-h112-p-df-rw,2025-10-22T02:04:50.623991
Russia’s Crude Shipments Climb Close to a Post-Invasion High,https://news.google.com/read/CBMitgFBVV95cUxNZjBna0EyMFZDbFNlUzVzb3dScWMyN2M3ZUowaTZTLThsTFRWWS1CZUpGMmZsbFk0dE81Q2hFdWFKX3ZpRW9iT0lKX1haMmMyQ0cxNEloTEdOMkZCZy1JMTlVbTNzbnBvVzUwY09STmhkMGJ5ZnlzVlhKb3hWVFE0bExUR1F3TExPYWFwcndhQmpwMWxvQ254YWlKXzVEY1NDeGUxMWhxam53QV95TGdybHRIN2JUdw?hl=en-US&gl=US&ceid=US%3Aen,Bloomberg,14 hours ago,📺 Bloomberg,https://news.google.com/api/attachments/CC8iK0NnNWxOM2RPUkV4NWJHNHhRbFZTVFJERUF4aW1CU2dLTWdZVmtKQXBzZ1k=-w200-h112-p-df-rw,2025-10-22T02:04:50.623993
"Poland Detains Eight People Suspected of Sabotage, Tusk Says",https://news.google.com/read/CBMirwFBVV95cUxPc2RpQWZJMEJ1d19ualR1YWZyNlRaS0tnd0R5cVAyUWltU1BVTGk5bFV5V09UYWRIRVJfRXQycnJIM2Z2UzZ6VDFSQk85eWdGeU5GWDAzSmFvWXdldGhfZjhqU0pHU0RKR09yQWxNeWhpOF9kZHI4RkVmai04NDJtcmpPQ29LWVNPamxTbjAyUWtBT1VTNnh0SVpsdHVvNm03M0ZJUHFQVXRhYnM4X0I0?hl=en-US&gl=US&ceid=US%3Aen,Bloomberg,14 hours ago,📺 Bloomberg,https://news.google.com/api/attachments/CC8iK0NnNHRlSFp4VEZaSU4wbExlR2haVFJERUF4aW1CU2dLTWdhQjRJakZUZ00=-w200-h112-p-df-rw,2025-10-22T02:04:50.623994
Walking the US-China Tightrope,https://news.google.com/read/CBMijAFBVV95cUxNSmVpYnVwNWU2NHdsTHNYRmdzZmFnVlg3T3JYVFNfNm5LUzZhVDVUWHhucmxnVXBNd2J1VDlNY1BtRDdDWUF3VDZmVjJiWVRnZF9RZktaU0NBNDd0RlZFbDNGNzQ1bGdXdkx3ZzBWcUgzLW9FWkZ3TjVGNlU2S1JYMjFaX0s5eXNwTmFkVQ?hl=en-US&gl=US&ceid=US%3Aen,Bloomberg,14 hours ago,📺 Bloomberg,https://news.google.com/api/attachments/CC8iL0NnNUVZMEpOU25KSkxXMHhWbkJxVFJERUF4aW1CU2dLTWdrQmNvNFNLZWlaQ3dJ=-w200-h112-p-df-rw,2025-10-22T02:04:50.623996
Easter Island’s Moai Statues May Have Walked to Where They Now Stand,https://news.google.com/read/CBMinAFBVV95cUxPR2xORmZZMkJKOGRhdnVtWXNYWEoyYXlQa2ltUVFFNWVkekFSWEhLUXZFbGJqSHRsbUUxdXBWY0NZZWMzTmJ6bmFxWUFXbUpIa0owRmctczlKMVVZTWtubFJxaGlCMjE3WHpDWThnVkZpR2hQNS14NXlfN0wzeFpXd3lFVGpfQ2RlTVlGN1BYRnczTUhiMHBESnc4dzg?hl=en-US&gl=US&ceid=US%3Aen,WIRED,17 hours ago,💻 Wired,https://news.google.com/api/attachments/CC8iI0NnNTNhbFpLVTB4elNrSlBiekZ1VFJEQUF4aXNCU2dLTWdB=-w200-h112-p-df-rw,2025-10-22T02:04:50.623998
Hardware | Page 205 of 2241 | Read the latest product reviews on TechCrunch,https://news.google.com/read/CBMioAJBVV95cUxOV1hpbW01eGplX2hIR2d2Qkd1dF9hVWJyNGxLN0EtbzVPVDh4R2dHUEpFanpMM21NMERFdXg1VU54aHZDczFfMVBFN1FOSDFCTm1YVmNBNUlHajVsdmptZHJfckpCSGJ4SjRTbXVtWUJpU3M0QXNvTzdQMHpyTnU0V19NSG12SXFxTVo1cnEtRldaNEJ3cU9aa0oyY01qVVJYMDVSb1BKd2ZJVjNMOWZBdFlSRE9sdW1HOEhJOV9aSGpuN0YycUtZcEtvVmE5Vm1YNXI0Y1puUGlkNHJmWUFjMnV2WWZhS0hFMmZLaFh6bFlETGJ4X0hZaFB3Y3NaZi1QdTc3OUJWWVZuREtWUk5pNXkwRmFnTUNTbXItVk05cTM?hl=en-US&gl=US&ceid=US%3Aen,TechCrunch,20 hours ago,💻 TechCrunch,"https://encrypted-tbn1.gstatic.com/faviconV2?url=https://techcrunch.com&client=NEWS_360&size=96&type=FAVICON&fallback_opts=TYPE,SIZE,URL",2025-10-22T02:04:50.624000
Latest from Sean O'Kane,https://news.google.com/read/CBMinAJBVV95cUxOOGVzaVk1clBvNTkxNDFLV0hwVkNqWlpuckwxTWlkRVBRRFVUbHpjd3FZQk9WU0Zudms0anphUmFkQW1XRjZIeHF6ZTRrQ2ZQXzN6VXNaZjZTa3BoalZQVWZ0Wm52Y0pVaFk0OXR6MklOVllUUFBHMDRJWmhJRVFGeWMyZHlWZ2lzN3loYW40M0ZTemhtbU5HN0NmNlhQSndXT3dMdWhvSF9CMlpEWTBtX1VaS2VCOE5GQUpPSkFwckVCd0tybzRMZHlaN3N0bmdYNGlqZGVUR2tyaTNiazJvN2x4Z0lpT2lmR0NGclhaUVkwekc2ajdWTW1DUU9qdFpiY0dub3ROMk15NzVoMUIwcm80YktucmV5TGNheQ?hl=en-US&gl=US&ceid=US%3Aen,TechCrunch,18 hours ago,💻 TechCrunch,https://news.google.com/api/attachments/CC8iK0NnNVdNVGw2TTAxdk1IZElPSFo1VFJEM0FoaWNCU2dLTWdhTlVvWk1MUVk=-w200-h112-p-df-rw,2025-10-22T02:04:50.624001
Transportation & Auto News| Page 43 of 344,https://news.google.com/read/CBMipwJBVV95cUxQbkdaQTlheENjRjM0SVF0ZzJobVZvTkxnRk9OdFZNc0N3X3pJSFItUVR5Smp4R3JObnUzcUZLMGE2Y1M0QjhHRU9GcWQ2SG1sZ1lwcHdjb2JqRU8xcnBzR3JCOE83U3hRZWNFUmxld3g4dHh1UmtvU3BqUmhvQzg1amxkcGFaTElGRGNESGx0VUUwMDJlTlYtOUxwS0NmcHAwVVVZTDRSa1lOenFwSTlNeF96V2RnUDNaQ1NOSVFxb3Vpc2hoNTZzRlEteTVQRmNEcjNtU0pzOG05SUVRXzEwZXdYQ1JOVGJ4WEtZUzZiVnR3a2NEZ1labkJxaVU1MjFWTUZEX1VpOG4tR21DVjJUWnU2bURVMU9FazdUODJRc0pnVkF4dVZJ?hl=en-US&gl=US&ceid=US%3Aen,TechCrunch,19 hours ago,💻 TechCrunch,"https://encrypted-tbn1.gstatic.com/faviconV2?url=https://techcrunch.com&client=NEWS_360&size=96&type=FAVICON&fallback_opts=TYPE,SIZE,URL",2025-10-22T02:04:50.624003
The Space Domain Awareness Challenge Pitch-off and winner announcement,https://news.google.com/read/CBMixwFBVV95cUxQUHJET0Fid2R3N3NYeU5XcEtkSW5MOTNBQjkyekVNY0wwdlJCNk1nVXJLanFCZ2MxVHFhaUxOQWlPZVRzRmFTUk1LQThoYUlLOS16ZFpPb0pQZTBSenFnS3JHc0wxUlk2RFlEM0MwMjRzYUNsd0VWWEc3UDVJQnJxRWMzLThxMmFTN2Y0X19SRUc3VUtzRFUyVGdHdzZKRG9DX1M2NTdvWDE0VEQ3b0puUS1OY1VVdFJWYU9saEpzVElOXzU3WHE0?hl=en-US&gl=US&ceid=US%3Aen,TechCrunch,20 hours ago,💻 TechCrunch,https://news.google.com/api/attachments/CC8iK0NnNDVSV2hSTmxSc2VIWjVXV281VFJERUF4aW1CU2dLTWdhaEFZck5qQXM=-w200-h112-p-df-rw,2025-10-22T02:04:50.624005
Even Xbox developer kits are getting a big price hike,https://news.google.com/read/CBMiiwFBVV95cUxPYTlKTW5WNnBISFl6ZkU5aFdPeUU3Y21ISXB2a1B1b1ZzaklIZEFBTWlNZWNlbEw0Tnh6endaZDYtZ21VcG9Qc3ZXeUc0cWZoc2pQN2RYTDlCZXZmUThJYmxlNlFDTWVWVy1EX0JNcVNEMk1zMjJVZDk1MjNMY3EtSGlDaHlRYnhrV0xz?hl=en-US&gl=US&ceid=US%3Aen,The Verge,9 hours ago,💻 The Verge,https://news.google.com/api/attachments/CC8iK0NnNUtWVnBvUlRKVU9XRlZjRWswVFJERUF4aW1CU2dLTWdZbFZJcXVLUVU=-w200-h112-p-df-rw,2025-10-22T02:04:50.624007
Microsoft’s emergency Windows 11 update fixes a nasty system recovery bug,https://news.google.com/read/CBMivgFBVV95cUxQdUwwOXN2MGV1cW9Sa3MzZVp6RE00NHl4OV9hNm1LQXpBbXBZR0lXQU51cS1ac1RpcVR4M3ZyeFVpNUNTME1yYUNoWC0yRnRGaVlDRmZRNkVSbXByRVpfcmY3OVE5c1ZRVVNSVS1PWTc3R3AtX2RNT0xDdFBMTEt4cUs5SF9xdGZESlloMmlxcmZsQXBnbDU1X1JmRHFsZWJxYnI4UzdyNldLWkVrMVM2U19HSDRna1lwbzl5bTl3?hl=en-US&gl=US&ceid=US%3Aen,The Verge,12 hours ago,💻 The Verge,https://news.google.com/api/attachments/CC8iK0NnNWFPSE5UTVZaMVFWcDFSa3BtVFJERUF4aW1CU2dLTWdZTnBKS0x1UVk=-w200-h112-p-df-rw,2025-10-22T02:04:50.624008
Jon Prosser says he’s been in ‘active communication’ with Apple over lawsuit,https://news.google.com/read/CBMimAFBVV95cUxQR0laekRBdmxVSElkM2V3RHd5eWI5eUtfVS1GdXg0bzU1QXM3RW95NGNCYUZRbjl1T2tjNVlWeHYtcVNMZldtTkFUekZvM3lFZjFKWlRNWDZHZ0xTRzI2dnRCQkN5UkUwSDBMWi0wZTRMQmRQZ3pJaDU3TkdPeExPaUZmaENUMVRyNlExOUpGMHBVZnRuclBRdA?hl=en-US&gl=US&ceid=US%3Aen,The Verge,6 hours ago,💻 The Verge,https://news.google.com/api/attachments/CC8iI0NnNVJWazFTZDFkd1VtSk5SbGhCVFJERUF4aW1CU2dLTWdB=-w200-h112-p-df-rw,2025-10-22T02:04:50.624010
"OpenAI is about to launch its new AI web browser, ChatGPT Atlas",https://news.google.com/read/CBMihAFBVV95cUxOaHhfVlZmdEt1NnU1SlJJVnhrNjkxejhHbDJHZ2JFRlhLVnNKRDFSUlJaMDhwTnYyOC03cG9wRi1IdHptUGZqMVluaXZQVDVOMzUyWncteV9YQ3c1MkRqUnZBY0RZS24ycWpKaE13X1U2RmNiOWU3SFpjWFI2NVBtMTduZ2g?hl=en-US&gl=US&ceid=US%3Aen,The Verge,10 hours ago,💻 The Verge,https://news.google.com/api/attachments/CC8iK0NnNXFaa2M0WHkweGF6bE1ZM0F6VFJERkF4aWxCU2dLTWdheG9aTHh1QVk=-w200-h112-p-df-rw,2025-10-22T02:04:50.624012
"Apple iPad Pro (2025) review: fast, faster, fastest",https://news.google.com/read/CBMiiwFBVV95cUxPaU5Pbk1qQVhacGhndUc3VklnbjJWWGJpYTVQS2dnc21TSHozRWQxcmRKLWF1a0pjbDNRckkwXzlfUzcyaTZ4bkItWmtwRmxIWXVmYkJmbXVLZkg5eWZlQVc1dThxMzBmakdXYUJqbVBUczZQOWdiemtoZ2ktdVhEdkVaYldNT01LV0U4?hl=en-US&gl=US&ceid=US%3Aen,The Verge,13 hours ago,💻 The Verge,https://news.google.com/api/attachments/CC8iK0NnNVJOR3M0Ym0xbFRFSk5OR1JWVFJDcUJCaXFCQ2dLTWdhaEFaWXZxUWM=-w200-h112-p-df-rw,2025-10-22T02:04:50.624013
"OpenAI’s AI-powered browser, ChatGPT Atlas, is here",https://news.google.com/read/CBMiywFBVV95cUxQZnFqU01NMzM3YW5COG9hVGZGUXVsNVUwX0VZeHo3a2dZTnhRbUU5dE8zR3M0NnQwaEpOSFFQMS1RUWh2TTRmSFZYLVhJQ3JlUG9HdGNGS3J5SXY2U2IwVFFrTlp1WFlEZnpiWW93YXB5T19qajRoYVJyLTlFb3F4Q21pTHlvalluS3JPU2o1QldqTGFJV0hPY2U2c3RoSGJza252VVBWSm9GNFdYN2hMaG9RdjJ2SkFEWUJ0bHlES0ZibGJyTHJPZDl0WQ?hl=en-US&gl=US&ceid=US%3Aen,The Verge,8 hours ago,💻 The Verge,https://news.google.com/api/attachments/CC8iK0NnNUJSa2MyZFcwM1FWUmFTMWwxVFJDUEF4aUFCaWdLTWdZUk5JQ3FJUWM=-w200-h112-p-df-rw,2025-10-22T02:04:50.624015
HBO Max is raising prices for the third year in a row,https://news.google.com/read/CBMihAFBVV95cUxNX01ERlF3bjlrM05ScHhpQVM3QlROeTJwV09DdEdFem41Yjk3SEh3TG1sQlEwVU5sWEQ4d2ZEcFp5SUhuQVB2VkhUbGFjdTFSakU4Q241clk1NE4zbjFVUk5RQTI3WldiWi14R0R2bGtCMGVQX1RUMXV2NmszM3ZFQWxISUs?hl=en-US&gl=US&ceid=US%3Aen,The Verge,11 hours ago,💻 The Verge,https://news.google.com/api/attachments/CC8iK0NnNVlVRmROUkV0TmJWbDRPRkozVFJERUF4aW1CU2dLTWdhaGRJNkxNUVk=-w200-h112-p-df-rw,2025-10-22T02:04:50.624017
Here’s how Google is choosing 15 fans to test the next Pixel,https://news.google.com/read/CBMif0FVX3lxTFAtTHROV2otTUdQdHBYcnlxZHFuTWRRdFZueUJPdWlxckJ3dG1iOFdwcFNLN3Q2RVVRTU5QWk11VDlPRGNWNkRCcEhuei10VDNJVFNLaVRYdmxodXdMRVp5TFEyNUxpWURrNnRrdENjUExPSEY2YU9NZklaV0d4Skk?hl=en-US&gl=US&ceid=US%3Aen,The Verge,6 hours ago,💻 The Verge,https://news.google.com/api/attachments/CC8iK0NnNU5VR2xPV0ZSdWIwODBOaTEzVFJER0F4aWpCU2dLTWdhQkpJN3NJUWs=-w200-h112-p-df-rw,2025-10-22T02:04:50.624018
Hallmark’s glowing Xbox 360 ornament plays the Halo theme,https://news.google.com/read/CBMipgFBVV95cUxOZU9pNEtzcDR6c282TV9FUUxYM2ZhNjNsaEN0M0FSQ3ZhbWVtV3ctMFZ2UmZEZnhTLVItcW1FSlhiazktYmFLXzVYemtIQVRfcENjNE5mY19paW9IMEZNMm95LWNLZlJNNU1rb01HejdQbXk1X3c1a19LY3M1bmVFbGZvTkVpTklYMmljMFRTSTBDblMyM2dHd19ObUJjaUxGXzBlcDBn?hl=en-US&gl=US&ceid=US%3Aen,The Verge,7 hours ago,💻 The Verge,https://news.google.com/api/attachments/CC8iK0NnNUJiazlDUm0xa2F6SlRaemhMVFJERUF4aW1CU2dLTWdZVk00eXRIUVU=-w200-h112-p-df-rw,2025-10-22T02:04:50.624020
"Amazon hopes to replace 600,000 US workers with robots, according to leaked documents",https://news.google.com/read/CBMikwFBVV95cUxQdlBubjZNN04ydDhtYnBTX3RjSnFNQ3dfZDdmSW9IcFdXWGQ1dmRBWDBLUFE1QUNybVBFVmY4NmVpcnpxT3phZi1tWnhXckRGTzVoV3pKdXJQdmZqT0xaRFZHeTFUcE41NWE3b1NTZHUyTEJaYWI2OFowck8wdUtYSk9hM2kxTnAxMG45WEtEa2Q4dEk?hl=en-US&gl=US&ceid=US%3Aen,The Verge,14 hours ago,💻 The Verge,https://news.google.com/api/attachments/CC8iK0NnNHdZak5aWVhKYWRqY3dUbEl0VFJERUF4aW1CU2dLTWdZUkVJcnFIQWc=-w200-h112-p-df-rw,2025-10-22T02:04:50.624022
Three Arrested in Latest Drone Contraband Drop at Georgia Prison as State Battles Escalating Smuggling Crisis,https://news.google.com/read/CBMigwFBVV95cUxQcV9zbzNCZHZmR2FTcExCdEVIN29rY3FVZHU1QlRLYXFLekI4ajY4QnNwSGxZNG1FNHdFcXd4YjVlZ0p6ZWhYV2hzS2M4WEMxVWNBZktfWncxOEdFTTdkV2MzZXhwMXQxUE1YNDA1YXgwbi1SWEp5UVVzQzBpWm1RamN0UQ?hl=en-US&gl=US&ceid=US%3Aen,DroneXL.co,10 hours ago,🚁 DroneXL,https://news.google.com/api/attachments/CC8iK0NnNXpVa3R0VkdSZlIyUTRMUzFXVFJEMEF4amxCQ2dLTWdhQklZd05uUVE=-w200-h112-p-df-rw,2025-10-22T02:04:50.624024
Search And Rescue,https://news.google.com/read/CBMiZEFVX3lxTE9EdHhMVlJIZHB1dzk1ckpXb0RYOWxKdC01eHJQZVRrRVJQNlZ3MV9ocE5zZHlhZms3TFBZYUJmZUtwSk9aQWowX0Q3RXFZY01XTFU0N3JlYnczRjJ4VXN0a3FvbzA?hl=en-US&gl=US&ceid=US%3Aen,DroneXL.co,"Jan 14, 2022",🚁 DroneXL,https://news.google.com/api/attachments/CC8iK0NnNUJSVU5SV1d0MVVFNXdUSE5RVFJDZkF4ampCU2dLTWdZaHBKRExPUVk=-w200-h112-p-df-rw,2025-10-22T02:04:50.624026
Department Of Homeland Security,https://news.google.com/read/CBMic0FVX3lxTE5aZnJ4SFVWYTM4a291aUJ2NkNTOTEtX1l6UDhpRWVFM0VVVVZpRVdTelA3cHRlaXhWLUFyOWdpN0NkSS0zSGRPWHVPc0hyTkg3NUJrLU8wdERDZ0pIaVJBbFVvZFNMVGVmX21uZnNNMmlFdEE?hl=en-US&gl=US&ceid=US%3Aen,DroneXL.co,"Jan 19, 2022",🚁 DroneXL,https://news.google.com/api/attachments/CC8iK0NnNVBkbmRyWVZobGVXOUNla2xQVFJDLUFSaUpBaWdCTWdZZGc1Q05yUVk=-w200-h112-p-df-rw,2025-10-22T02:04:50.624027
Drone Technology,https://news.google.com/read/CBMiTEFVX3lxTE84aDI3b0lvNlJEWGQ1X25fcFd1Y0REX0Q4eGItUDY4dHpQVFFIZ1R1Rlo3eVRtZ3o4T0tLSS0tSE5HaXVWTUFneHprSVo?hl=en-US&gl=US&ceid=US%3Aen,DroneXL.co,"Jan 20, 2022",🚁 DroneXL,"https://encrypted-tbn2.gstatic.com/faviconV2?url=https://dronexl.co&client=NEWS_360&size=96&type=FAVICON&fallback_opts=TYPE,SIZE,URL",2025-10-22T02:04:50.624029
Artificial Intelligence,https://news.google.com/read/CBMibEFVX3lxTE01dFA3U0w5dXdHY1JhVHBpQmxiTU5tT1pib21CMHpXNy13cmQ5ZG9GMUVCUWU3QThWTjMwYlI3LVdKZllIaFluTERTYzBPMmZiVG5CdkxZWmdNdzhTdDhzS2ZJd0FLZGhjU1FQag?hl=en-US&gl=US&ceid=US%3Aen,DroneXL.co,"Jan 17, 2022",🚁 DroneXL,https://news.google.com/api/attachments/CC8iI0NnNXdkWFpmVXpaZlJUSjBTWFIwVFJDRUJCalNCQ2dLTWdB=-w200-h112-p-df-rw,2025-10-22T02:04:50.624030
Eagle Eye Innovations granted RAE(PC),https://news.google.com/read/CBMieEFVX3lxTE5NV0xzazlTcnkza3A4R3Vib0JEOUZhNzV2MEJoTGVvajJvOFZ1akd0Z2N6SjRyejV2UVpJeXh6QjlUbnBhaGxpZUVnZzdWVEhpa21EVHlackFPbC13UzRqdks2aXhqVkR6aU1sblRuNFEyajVJTG5WWg?hl=en-US&gl=US&ceid=US%3Aen,sUAS News,6 hours ago,🚁 sUAS News,https://news.google.com/api/attachments/CC8iK0NnNVlZWFE1VFdsbWNWVnRkRlZIVFJERUF4aW5CU2dLTWdhWnRvNHF1Z1U=-w200-h112-p-df-rw,2025-10-22T02:04:50.624032
CubePilot’s Sarah Vesey Wins 2025 Women in Defence Award,https://news.google.com/read/CBMikwFBVV95cUxOVjZUek04Z2VFc1M4VGdzNGVab0paR3AzNnZSdkxoZlk2R1p2TVZhM1FxbGYzOUJzLXdNakRFejNTQWkyWjVNcHBLWjFyLTBsd2Q4Si1YLU02bGVYdTZmRmZrdkJWdFpSczlLS1E0R3g4V01kb1lURzFVcnhYLXZCWnRzVTRvVWlRSGVwVDVZeXkwaXM?hl=en-US&gl=US&ceid=US%3Aen,sUAS News,11 hours ago,🚁 sUAS News,https://news.google.com/api/attachments/CC8iK0NnNWxlV1Z4ZFRKU1VFTnRVeTEwVFJEYUF4aUhCU2dLTWdhTk1ZcTJtQWs=-w200-h112-p-df-rw,2025-10-22T02:04:50.624034
Netanyahu Hosts Egyptian Intelligence Chief for Discussions on Bilateral Ties,https://news.google.com/read/CBMiugFBVV95cUxOMms0RTFCVF8zbzdCZlJvdUxsblpuZ3VubGxkZGdGcGxEbDlwNFRIei1WdWNMWVlOSEs1SUplZ21fZVFWMTBtcWx0VGZFaG5iM3drS1J4WmVmRDJrUmJOdWFtaVAtVFoxbk5vV2F1eTR1QmwtY1JQX3FLRThNNkxQQktSbE9DTDhYRUpwSTlOdmN2Y3lOZW1FblZ6VG1EdlNNc285ekRHNWs5dEFTNEt6dzhYZThOWDE4Ymc?hl=en-US&gl=US&ceid=US%3Aen,Foundation for Defense of Democracies,9 hours ago,🇵🇸 Gaza Drones,https://news.google.com/api/attachments/CC8iK0NnNHRlR3hEYzNadllrbEdUbWswVFJEZ0F4aUFCU2dLTWdZbEpJeU5uUWM=-w200-h112-p-df-rw,2025-10-22T02:04:50.624035
"A drone view shows the destruction in a residential neighborhood, in Gaza City",https://news.google.com/read/CBMi_AFBVV95cUxQZU56bE84dmplbkxQTTkzM181UUZqNTJ2MllONUphd0JaMENZejJreFNXSjBTcWg0QUNtRXlnRjRKUlhib0FYMklqSVdhanJGUzBZMjZ3OWcyTzdkaDBKakkzLTBmX19DdUptZ2pHdVNnY0dfcmFfQkwzS25tRGtTQzA5bWFWNTYtS0lwemZCM0FQZWtjaktvS0tqcWp0UnRhV3UzU2dYV0IxazlyX0hVMXhxa2tmbUIxVmhBMVNNNmd6Wko5RXBJN20xUjIxWENfUXpDT0JkN0libTdvNUhrNEd1UGx1NTdmV0F1Tl9tclhsWEdDcVJmQUY1aVc?hl=en-US&gl=US&ceid=US%3Aen,Reuters Connect,10 hours ago,🇵🇸 Gaza Drones,https://news.google.com/api/attachments/CC8iK0NnNW1RbVowYkV4RWJFZ3dSVjlLVFJDb0FSaXNBaWdCTWdZQlVJanh4QVE=-w200-h112-p-df-rw,2025-10-22T02:04:50.624037
Iyad Abu Ramadan says Hamas will weaken if war ends,https://news.google.com/read/CBMiXEFVX3lxTE9Sc2JDSTBwREMtRTFwdjVfdTVpMkdYYVo1LU50MWZ5dG1NNDRjNFNNYUZvclkyd1YwSzNJQll3akJlNnpNVE1DNUdKemZSbnhrTlo3LWhxOHctd19Y?hl=en-US&gl=US&ceid=US%3Aen,The Jerusalem Post,12 hours ago,🇵🇸 Gaza Drones,https://news.google.com/api/attachments/CC8iK0NnNUJlSE5rWDJ4alIybFpNMEppVFJDZkF4ampCU2dLTWdZQlVJTElQUVU=-w200-h112-p-df-rw,2025-10-22T02:04:50.624039
Drone Reveals Completely Destroyed Gaza Neighborhood,https://news.google.com/read/CBMiqAFBVV95cUxNb2ZTcFVBNVB5VVBqNVZSZk91aWUyamR6N1g2Zk9vX0ZOZUhvYXhUNmd3LXVoUWFaaHBqY3V6QWpWNUZKWVFmRkplb0JpQWZ2ZXFsV08zWERra1RScl9Bc3czMzdCZENDQmFyR2lScERQZlBxbk5PUlZDbEpkUV9EWUNabEtKSHh0QWJRZXA4WFprV0RxeVA5bkZmbHlmeE85WjBRQWcyV1rSAa4BQVVfeXFMTVFjQ0pZeHdpcGdYMktFbmE4NHBILTVzV3J2VHlXVkx3UlJrVVBGZWVpRVRNS1FiYW93OFZyZkRDSWtGUUMzMDBpakY0ZDhCR1N2a3ZOY2xiUGlpOTdmUnpMRDBoWHUwYV9rc2wxU0RNZFRtT3ZXdGZuWXo5S2d4SDQtOVV3cTZYODN0ZzFiQWQxTDJMTzFVajVSdm5fY09aQzFzQVBFS3lXVFVwcUVB?hl=en-US&gl=US&ceid=US%3Aen,Al Arabiya English,13 hours ago,🇵🇸 Gaza Drones,https://news.google.com/api/attachments/CC8iK0NnNTVTakJXWmt0bFZFeHlaRlo0VFJDZkF4ampCU2dLTWdZSkpvRWwzZ0U=-w200-h112-p-df-rw,2025-10-22T02:04:50.624040
US Vice President JD Vance arrives in Israel to shore up the fragile ceasefire in Gaza,https://news.google.com/read/CBMivAFBVV95cUxPalRMcGNuTDNZQjhrLUY0UG1uSlQxQktuQ0Y3RTRWT1ZKbFJPMFMwMjh1dHBvTW1KdXdHVk9JMGVSUXRHa2hBYjZrdG1aQXNSdVk2eXF2Z1RfMmpMaWtwZlU4cFRnUElucWR2QTRuMmt6eEtrMHpOY1RWN2Z6bFZGS3I0Z2U2VVd5eVItY1gzZFE5c0xIa2x4M3dRV0FQVHZDUlhHZGgtRzI2ZDBrMnZIR3A0dUdwVEpzYkdhdQ?hl=en-US&gl=US&ceid=US%3Aen,AJC.com,16 hours ago,🇵🇸 Gaza Drones,https://news.google.com/api/attachments/CC8iK0NnNWxNVEZMYlZGSFJuRmxaVmx3VFJDb0FSaXNBaWdCTWdZQmNZWnZMUVU=-w200-h112-p-df-rw,2025-10-22T02:04:50.624042
"Putin’s Blackout Blitz: Kyiv, Chernihiv Shiver As 50+ Russian Drone Storm Hits | Zelensky Pleads",https://news.google.com/read/CBMigAJBVV95cUxNOW5ZZFc4N1h3alU3RFQ0OFl0N05aVk9rOFNUc0prY24zS3BNX25IZTc5clo3M05WM3lqVHJieEJZUWFDY1BfSjhKSHd5eEw5ejBUcHdJekdBOF82LTZNclZHQm1QdXZVT0pYa1Y2Rkl0elgwdnJvcEk2ZUZ1cElCaWk4UjNBSGRKYWNjRXFnSkZUcmZWVU9BNDJJX05nbTdMSXl5YlZvbE8wbUt3bVBrTTBuSEQtZ21MSE5uSU1jZEJVXzdLSXhOYWpYbkt4WEt4cjVfQmY2MkNmOG16MzNHTXVpMDdmOTBfdHN0bHA5RUdMbF9sN1F3c2lTRU5xS3I50gGGAkFVX3lxTE1MVmN2c1pfT0RObktUQk9wNVJoc2tWUnFHYkNhVlFLb3JaSHJSWEVaeFFQakdMN0lIeUkxYzdBSlhQRTZydUJONjdUM00wZTViM3dxSHRqb3phNXVhdE15SXhxeVpqT2ROalY4RkdfOUV6bTNwZ1ZUbm1pMzdPXzdGYmdlWnJsNG1iQkFwcnBwRXJlTVQ1LUhoQ1RKUC1MZzZjTmJiWFdyUFA4Q29POXhCaVVhc3FXX05GTUV2LTJYbVBlTE1WUzFwYUttQndWenp5MWV2cFhieURzUW5iTURXUjNfRXdNR3F6bnFFa3hGa0ZDOG9ERjB4Uzh4LWdBUWk4WUYxTHc?hl=en-US&gl=US&ceid=US%3Aen,Times of India,1 hour ago,🇵🇸 Gaza Drones,https://news.google.com/api/attachments/CC8iL0NnNXZVREpQVjJWMFN6RXliMVJvVFJEZ0F4aUFCU2dLTWdtQkFJYUlCQ3pCZ1FN=-w200-h112-p-df-rw,2025-10-22T02:04:50.624044
U.S. Bolsters Counter Drone Efforts And Adjusts Iraq Strategy,https://news.google.com/read/CBMimAFBVV95cUxOeWgzaXk0aHdWbENGSFV0enJySC1LSVEyMGJMVVlfMlBld0x0S1I2aXdqMmI4MFROWHhJSlRaVWluX1FNUThrYk96ME1KQ05VUmx0QnFUU3ZaSGNsY25idG9sVXVmZUhqemsyc3BJWkhEenMxbXNWbnAtcjVEWmtvdVNsekloa0prck5jSDBjS0QyZWMzN1N2MA?hl=en-US&gl=US&ceid=US%3Aen,Evrim Ağacı,7 hours ago,🇸🇾 Syria Drones,https://news.google.com/api/attachments/CC8iK0NnNXZTWEZvWHpkTlpVMVBWMFJxVFJDd0FSaWVBaWdCTWdZQmNKRE1KUWc=-w200-h112-p-df-rw,2025-10-22T02:04:50.624045
"Future Resilience Forum gathers leaders in London to address Middle Eastern, global challenges",https://news.google.com/read/CBMiU0FVX3lxTE1JZHZqbXR2VUFvSDMxVGFzc0hkYVpCQjlqMEZ0dXBiX2t0cGpqQmM0bERyWFhlWXRwQUQ3TjdWUEgxYm5nNjd0WnNEMVpXRzZIRU84?hl=en-US&gl=US&ceid=US%3Aen,Arab News,7 hours ago,🇸🇾 Syria Drones,https://news.google.com/api/attachments/CC8iK0NnNUZUVmd0VFUwMGNrdzJjMDlrVFJDdUFSaWlBaWdCTWdZZFI1b0xIZ2s=-w200-h112-p-df-rw,2025-10-22T02:04:50.624047
DRONE VOLT announces the success of its HERCULES 20 drone in detecting anti-personnel mines,https://news.google.com/read/CBMi4gFBVV95cUxQQXpoelR1OTlrdXBiajA3dTlEaFdNU09MSlNlTlgzajZtalJGYlJjalhDcEVERzlhUC1WZWNxZGJIOUpLcjZWQ180a2FvWTdnMUZJSWIyMUp0MGZtR0liMExUaTFXVnVyY0dXSUhmcTFOQVp3V25PTUNMV2hTdnZrNzJwbEZMVm9tcERMTTd0cmE2aHBZZU05M1kxVFBQYThFX1BGbkMzSVRvVE1xQ1pydkFTYXdNRHlFZ1Q0WktxWGxxSldZU2RMRVRILUxLV2ZIYW5ucnR6aC00R2EzenBhTFBn0gHiAUFVX3lxTFBBemh6VHU5OWt1cGJqMDd1OURoV01TT0xKU2VOWDNqNm1qUkZiUmNqWENwRURHOWFQLVZlY3FkYkg5SktyNlZDXzRrYW9ZN2cxRklJYjIxSnQwZm1HSWIwTFRpMVdWdXJjR1dJSGZxMU5BWndXbk9NQ0xXaFN2dms3MnBsRkxWb21wRExNN3RyYTZocFllTTkzWTFUUFBhOEVfUEZuQzNJVG9UTXFDWnJ2QVNhd01EeUVnVDRaS3FYbHFKV1lTZExFVEgtTEtXZkhhbm5ydHpoLTRHYTN6cGFMUGc?hl=en-US&gl=US&ceid=US%3Aen,Actusnews,9 hours ago,🇸🇾 Syria Drones,"https://encrypted-tbn2.gstatic.com/faviconV2?url=https://www.actusnews.com&client=NEWS_360&size=96&type=FAVICON&fallback_opts=TYPE,SIZE,URL",2025-10-22T02:04:50.624049
Ukrainian expert: EU focusing too much on drone production over skills,https://news.google.com/read/CBMi0AFBVV95cUxPWlh0RGszeDFqN09pT250WDJaSkpTWDVaTXBRai1WczBpaWxvLUhEZUp0NHVNemVvLTBFaGlYZnRUbDhfZW5OUFBFLWNudmpEbXRFZThXN0RmZzAwWXdnS1lOcnVwTlZvVVBvUGFwQ3FiZjlROFJ3a0JwTHpObnRnMlNPdUVMazk1RWd5VzRpNFdqZldjMlM0LV9xMTFsUXJYaExKVUc1NmZhcWJlNzlJQ0h4Um1wQXJtSllOdEJya0pPeTBlWUZLLUluRzVkUWwt?hl=en-US&gl=US&ceid=US%3Aen,Euronews.com,17 hours ago,🇸🇾 Syria Drones,https://news.google.com/api/attachments/CC8iK0NnNTBia0Y2WkhVMFYxZFNRWHBCVFJDZkF4ampCU2dLTWdhaEE1Q3NrUVU=-w200-h112-p-df-rw,2025-10-22T02:04:50.624050
Drone attacks strike Khartoum international airport,https://news.google.com/read/CBMimwFBVV95cUxPUU1Gei00a0xPYUozclprcUdJeHFoaFlzSFZDemlFUElyZXJjaGxWTVNSQmc5YXNWZHF3ZmFHUko4V21zYWU0Rkw2WERSU3pwQVplS0VWRnh0ZUJKaUNqRWlNMG15Zi12ODJFSkFNQ0VHaFJUbTJrMVpFc1ZnWUcxekJtTlNESUUyZFZpc05iaDNpRGVwdXROeVpFQdIBmwFBVV95cUxPUU1Gei00a0xPYUozclprcUdJeHFoaFlzSFZDemlFUElyZXJjaGxWTVNSQmc5YXNWZHF3ZmFHUko4V21zYWU0Rkw2WERSU3pwQVplS0VWRnh0ZUJKaUNqRWlNMG15Zi12ODJFSkFNQ0VHaFJUbTJrMVpFc1ZnWUcxekJtTlNESUUyZFZpc05iaDNpRGVwdXROeVpFQQ?hl=en-US&gl=US&ceid=US%3Aen,dtnext,13 hours ago,🇸🇾 Syria Drones,https://news.google.com/api/attachments/CC8iJ0NnNW1XblJtTldKNVVHOUJjMTh0VFJDdEF4akxCU2dLTWdNQnNBQQ=-w200-h112-p-df-rw,2025-10-22T02:04:50.624052
Syria gives banks six months to absorb losses from Lebanese crisis,https://news.google.com/read/CBMiywFBVV95cUxQdEtrYmdFVnNMVlVabEV6M0ZBcFpTLWx3QjI5c3U3dERGb1ItYzBXdHJQTXpuNTY3VVF5T1Eyd2xRbE8tVThaVVZuN2M2ckhOeWtXRFAzaEdCV3NRODBjYTRtSU5ydENZS0VTekhmMWxLUlNxRjd3UEZ5TnNtVDBPVk1QNzBMN3B6blRqRkJndzl0WFVCQkVSb3NRcGNmd2ZybXA5aEVCUV9OWUFoWG1abG80NFBYN0VSS0hHNzdQQUJ5cm9UMjlPQVhCZw?hl=en-US&gl=US&ceid=US%3Aen,ZAWYA,16 hours ago,🇸🇾 Syria Drones,https://news.google.com/api/attachments/CC8iI0NnNVNiMGhrTlhFelRsZFFiSFpWVFJDM0FSaVRBaWdCTWdB=-w200-h112-p-df-rw,2025-10-22T02:04:50.624053
Britain Grants Military Powers to Shoot Down Unidentified Drones,https://news.google.com/read/CBMiU0FVX3lxTE1LNk5iakdjQVRzdHNzYkhKWklUTklQRjRVdTBEUnJsaWtnS2ZOako0NWZFU3JiYXl4VzQ4VnBJdEdHYkZhcWNUeTZYYVVLXzB0UHhV?hl=en-US&gl=US&ceid=US%3Aen,سانا,18 hours ago,🇸🇾 Syria Drones,https://news.google.com/api/attachments/CC8iK0NnNDBSbEp6VjBkYVQxZG1SM2x6VFJDZkF4amlCU2dLTWdhcEpaek5HUW8=-w200-h112-p-df-rw,2025-10-22T02:04:50.624055
Former President Biden completes radiation therapy for prostate cancer,https://news.google.com/read/CBMirgFBVV95cUxPNXZ3RWJkUnFQb3RmSG9LVjgyb2RXVm9zdUpHMktmN3BLNUFDRU1DUFgyeHlEUHRUeUNHUTY1eDlVRmtkT20tMmwxanJTc0h2WHhJSVpSTmZvZW9lUnRWQVhWWTFna3V2dGpjOUVlWVNPXzFMcW1FY2NramVaTkFxeUppbC05YU9oZlpNU3RoUWJNYzB5cFZsX21xSXA5MmxjSzFOa1JETDktb2xYQnc?hl=en-US&gl=US&ceid=US%3Aen,Yeni Safak English,11 hours ago,🇸🇾 Syria Drones,https://news.google.com/api/attachments/CC8iK0NnNWxVbkoyTVRoTFIzbDFRMlp4VFJEbkFoaUFCU2dLTWdZOWM0WXlzUVU=-w200-h112-p-df-rw,2025-10-22T02:04:50.624057
"Taiwan should build a space-enabled kill web, not big warships",https://news.google.com/read/CBMijAFBVV95cUxObTNjR2FndXBWTlFwNjQ2Q2o5U19Ra1NLcU4tZWdoaGRnQ21RNTZrTnNhQXBnNUNTTzkwUTRnR3ZSaWs3S3BLYmFrRWhVOGIzbGZ2aDFNQzdtbG50TFd2NUFYOVg0MldCUUs1UldkS2YycW9ab1c4clpCdWNtUWkyU2FvQlI2aU1qZ1pZTA?hl=en-US&gl=US&ceid=US%3Aen,SpaceNews,13 hours ago,🇹🇼 Taiwan Drones,https://news.google.com/api/attachments/CC8iJ0NnNVJaWHB5TjFVMU1URXdOSGxQVFJEREF4aW5CU2dLTWdPWk5Tdw=-w200-h112-p-df-rw,2025-10-22T02:04:50.624059
Taiwan's drone industry value doubles in two years,https://news.google.com/read/CBMikwFBVV95cUxNdW5naW41eGd4OUFPRWpQOVdjb1JhU0J6MDNaTU4zYWYtejBYOWNaRkVPYnRidWxiM2pKaE00VlBYZTlkNjBEWjhBU2JoUG5fRGw3cFFrbThLdHhnd2U0MEFQRV9aZjg5RklPbUczYjhOOHpaTEZKVnZGMWpkcmtoNWNxMnlRaThiNFU3eWc1V2xLalE?hl=en-US&gl=US&ceid=US%3Aen,digitimes,18 hours ago,🇹🇼 Taiwan Drones,https://news.google.com/api/attachments/CC8iMkNnNUdXbEYxVFVKcWJVcFRORWhpVFJDckF4aUFCU2dLTWdzQlVJYnVSQ080S2dwWmVn=-w200-h112-p-df-rw,2025-10-22T02:04:50.624060
"Taiwan, US in close contact: official",https://news.google.com/read/CBMieEFVX3lxTE5TSHFmd2NPaWZYNUNOTlZMRFRrN3FoZFE5dDhBNGc2cFVYVjVuQk9LOXZ4TkpyLVNTTVN2RmVreG42MlpKeWY4RzRIQlhzS2xqX2gxUVFUVXBud1dDdnlKTTloMmpvUTFtR004cTZETzJVT2tuS3pJaA?hl=en-US&gl=US&ceid=US%3Aen,Taipei Times,10 hours ago,🇹🇼 Taiwan Drones,https://news.google.com/api/attachments/CC8iK0NnNU1iREkxYjNKQk4xSnVPV2QxVFJERUF4aW5CU2dLTWdZZGc1UXFNUWM=-w200-h112-p-df-rw,2025-10-22T02:04:50.624062
shownews - Taiwan is ready to build its own T-DOME air defense system,https://news.google.com/read/CBMimgFBVV95cUxNZ09PQndSVEhLcHV4OWdBUjItV29aSUxDanlKSWJaenRtcmNBWnBaazd3TUVMWDNNRE0wTlJRVU1nVllrX19KQTl2TF8xS1FES1lxZEJ2dmlqZUFjUUkyRWpZMmtpWnU2OENMbXdoTGhVV0FKY0xLRmtGLWlvMlluWUR3QUx3ZklwclNYUEloNmkzckh4dFhxa0d3?hl=en-US&gl=US&ceid=US%3Aen,FW-MAG Future Warfare Magazine,13 hours ago,🇹🇼 Taiwan Drones,https://news.google.com/api/attachments/CC8iK0NnNVVXWHAzYzJWTFgzSnlUSGROVFJEQ0FSaURBaWdCTWdZQlVJN3FJUWM=-w200-h112-p-df-rw,2025-10-22T02:04:50.624064
Taiwan in India’s Strategic Perspective,https://news.google.com/read/CBMigAFBVV95cUxNRzNJUlhsOElRQTNiMjBPajF6VVdsenVnRGxLUDNMWW0zTjItQVFQUzNwVEpVdUdDUUYxcWZ5VF9SUjl5RXBOYzhzdy1uYURaTER5LUdkNUs3dmJINUZaUUpXdlVkZ2w2REdMU2tGbjRlWUFZb0pwdVJrU043VEp0Vg?hl=en-US&gl=US&ceid=US%3Aen,Geopolitical Monitor,14 hours ago,🇹🇼 Taiwan Drones,https://news.google.com/api/attachments/CC8iK0NnNDJWalJ1ZUd0S05GRmxZazFDVFJER0FSaWNBeWdLTWdhaGdwZ3RMUWc=-w200-h112-p-df-rw,2025-10-22T02:04:50.624066
Trump Says China ‘Doesn’t Want’ to Invade Taiwan,https://news.google.com/read/CBMid0FVX3lxTFBjT25DQ29yWGlBeXE1NWctVUJUNmVmUHhyRGtvVXMzMDFwSWdNXzZXMEZrZGtKMkV4RFVxSzlaWVZiUGQtWUdiZGNCbnQ2bmVhQWhmNU5OdlhaMTNnZ0wxZFlLdWVUR1ZJT0lyNlFmU3NRVGJ5bUVv0gF3QVVfeXFMUGNPbkNDb3JYaUF5cTU1Zy1VQlQ2ZWZQeHJEa29VczMwMXBJZ01fNlcwRmtka0oyRXhEVXFLOVpZVmJQZC1ZR2JkY0JudDZuZWFBaGY1Tk52WFoxM2dnTDFkWUt1ZVRHVklPSXI2UWZTc1FUYnltRW8?hl=en-US&gl=US&ceid=US%3Aen,The Defense Post,21 hours ago,🇹🇼 Taiwan Drones,https://news.google.com/api/attachments/CC8iK0NnNHpaRlU0TUdrMVp6STNXVll3VFJERUF4aW5CU2dLTWdhVk5KUm5uUWs=-w200-h112-p-df-rw,2025-10-22T02:04:50.624068
"Spotlight Israel, Taiwan Israel's helping hand for Taiwan's 'Iron Dome'",https://news.google.com/read/CBMiyAFBVV95cUxQTC1hZjJoMExwNFRMQUxwTVBrQ0VLWERVYUQyYzdfM05tWUhreS1FX19OVExlT3hXYVJsRUZYZ0Z3U3pUc3c2elZVZ1Q0azk5RlN6RmtzNXBIU3BIVkVObFNnQTRnRDFCRFlTVkRxZVVCaEg5bzN6UXk3OTB4d3M1Q0xsNngtb0Z3RFpJcVVRYWhPRjdKVWN3aV9pREZpM21HWmthZ2lZbTJqblB1NGdKck9obHI2Qy00LXFOUDlHMDJZLWxTM1dfQw?hl=en-US&gl=US&ceid=US%3Aen,Intelligence Online,22 hours ago,🇹🇼 Taiwan Drones,https://news.google.com/api/attachments/CC8iK0NnNUJObUl3TkV4b1N6UmpWM1o1VFJDaUF4amRCU2dLTWdhVmNvNVRxUWc=-w200-h112-p-df-rw,2025-10-22T02:04:50.624069
Drone attack strikes Sudan’s capital ahead of airport’s reopening,https://news.google.com/read/CBMioAFBVV95cUxOSFVuUks5ZHhpOXpGSGtwdzYwT3Y5Q2lRY0VpM3RvMVM5cTk5SDFpYXp0eVJGYkVrTU1xNXVYOHhGOUhiUXU0T0RtLTd2Z1hQUXdOaGhfUGVia3kyRTBEeXp3Mk9Wa2R1S2dUZHpqeWMyMkZ0MTRTcVJGMUtxaEZmb01nM1k1LUNMUEdQenRlZ3k0Yk80UVJSSk9zcnZNUEdM?hl=en-US&gl=US&ceid=US%3Aen,Face2Face Africa,10 hours ago,🌍 Africa Drones,https://news.google.com/api/attachments/CC8iK0NnNTBaVE5QUldOSmVVWk5RM05FVFJEUkF4aVRCU2dLTWdZQllJVE5wUWM=-w200-h112-p-df-rw,2025-10-22T02:04:50.624071
BNP's Loss in a US Court Poses Risk to Africa's Financiers,https://news.google.com/read/CBMitgFBVV95cUxON3VNeDNXeTVxVlI1TGZ6bk5DQ3kyRmpnaFlvU1JTeWhSWElHQUNWTXAxRGhXOGV6SXJhd0wtS1F1c2FQQ1NfTVpwcFFnVnFWeDNjWEpoX2taRDJneWZMOEp2TGFuT0xraVdqNkxFWHpjSzNob2x1TXFmRkwyTmFINldEdjB3NWVEZGpyaG5OOGtSbU5ISl9yclBaQlpPNEJyWE5SOGdqUlZ4dDZVLVpNbjNReVFEQQ?hl=en-US&gl=US&ceid=US%3Aen,Bloomberg,13 hours ago,🌍 Africa Drones,https://news.google.com/api/attachments/CC8iK0NnNVJXbUpxV21wdE9FcDVRemxpVFJERUF4aW1CU2dLTWdZSklvUXdHUWs=-w200-h112-p-df-rw,2025-10-22T02:04:50.624072
Sudan: Fear And Hunger Grip Al-Fashir As Residents Shelter From Drones And Shells,https://news.google.com/read/CBMitwFBVV95cUxPYkVpbVRMdXIzWUo1UkFKMmEtX3F4UlpCTzN2ZmVYdFk5N3VCRkZqcUpsOFJWUG1aQ0ktRWJXc1lURndwX3FpT01VcVJDQlh5Qkk1RUVqX2FwNExyYmE0R0pXbE5XQ2QwRllkZGNfT285Z3I3V21LcW1OaVZqN0hxU1V5bWxhR0g0UTVLaDFzMmpheURIMG1tcVhXSlZfY1ZLZTdtYkxfZ1VQYUlHXy15eGxyNGctMFE?hl=en-US&gl=US&ceid=US%3Aen,StratNews Global,18 hours ago,🌍 Africa Drones,https://news.google.com/api/attachments/CC8iK0NnNUdSa2RYV1RCMmJISnRkRzEyVFJDTkF4allCQ2dLTWdZQllJWklyZ2M=-w200-h112-p-df-rw,2025-10-22T02:04:50.624074
Drone attack strikes Khartoum Airport hours before planned reopening,https://news.google.com/read/CBMiqwFBVV95cUxPbVl3cS1OYlRCVW1zZ3FwaXg3MFRrTmp0dW9uSG5FbVB5QXFPRXkzVTRuYThTRk5XVWZJa0NhUGQ4dlVIQ2JxS01jaEJxTkdxVGQ3V19tTHg4VHkyWGFMQXZFdXVDMklBU3A0cXZIRGl4YnlXZTlzekxvVEpneUc2M29hOTR0ZkE0Vk5jdHYxSUZxdkdBdEF4b2R4eXNlVHVJcnVEWFhxdUd5eEHSAbABQVVfeXFMTVp4eEx1OF9nZ012Ym9rUDJkMS1RRE1FTWdWNlV5YjNoZmtiS2doN3c3RDlWRksweFM5M2FkZlpDVy03RkYxeUE3Vll4X0NmN3MzYlBUSUp1cVZXbVRvNHowcG9MTXFnMFVseDV6NlZsSmg2TkhJaTd1aVNUMVRHYmxUZEN4ZURtNE95Q1VHVnRjMWpOSjl0Q3RzTlRGNkl4bTRHNWlEVHBGRnFtcEx4X20?hl=en-US&gl=US&ceid=US%3Aen,africanews.com,20 hours ago,🌍 Africa Drones,https://news.google.com/api/attachments/CC8iK0NnNXVSVU5MZVVnemNGQlFjRmR0VFJDUkF4ajhCU2dLTWdZQmtJYUZTZ00=-w200-h112-p-df-rw,2025-10-22T02:04:50.624075
Versaterm launches the future of dispatch with native drone integration for public safety,https://news.google.com/read/CBMi2wFBVV95cUxQdnJ2dnQ4U1E1WFc3QjN2NUxEMXh2ZFZtaThrV1RmUDVpY1ZkTS0yQ0stdmZjc2E5ejlZaUtsNXV4MEl2RV9ZOFlUUEJLcEg2UWlQYi01cDItSUIyc182MkljLU1jS1M0MlA3SjduNDhPdnAwS0ZXMW1PN1k0RXVVOHJqYm5SbkNSZHlYbU5KeEFfQ1NaUWdJZENDNmw2Z2UtMGVOQ3JDS2NtSWZKVGE1M2NyODB2THZlaFd0b19kUDNhN1lYSDk1c0ZWbjhHWHVYeWhVLW9DYmRXekE?hl=en-US&gl=US&ceid=US%3Aen,Police1,5 hours ago,⚠️ Drone Incidents,https://news.google.com/api/attachments/CC8iK0NnNXJPRVJMT1ZWemEwdFFZemMxVFJDZkF4amlCU2dLTWdZSm9KSkh2UVk=-w200-h112-p-df-rw,2025-10-22T02:04:50.624077
How dangerous are airport drone attacks — and will they ruin my trip?,https://news.google.com/read/CBMimAFBVV95cUxNU1I4aGhrTHFQMUdKTGR2eTE5OURMT1QtWkp5MFQ4LTY4RnhCUjBuWmY4Sm9NWG9ka3I3VEs2WkRURkV5dW5tS1hEVlpxZlUyWnphR3B1bVBNbGpQX2RMS0YzZTlnRnBxTEtjYUk1d0o3QXNwTDRsM3R4NVpjcV9WdVV6TDR6T2ZGdVlBcHozNDB3elVqblJZVg?hl=en-US&gl=US&ceid=US%3Aen,The Times,14 hours ago,⚠️ Drone Incidents,https://news.google.com/api/attachments/CC8iK0NnNVFXbkZJWTBZMVJWWmtlWGRqVFJDZkF4ampCU2dLTWdZQm9Jd1pzQVU=-w200-h112-p-df-rw,2025-10-22T02:04:50.624079
City of Eureka Withdraws Eureka Police Drone Research Proposal for Now,https://news.google.com/read/CBMipAFBVV95cUxNSVhLZmg1anQ1ZWZpdGFPSm9zZ2tJMTJIVUhpUjloTUdJVFNJMnB4YkJLNXVtcDNxZ05EbG1Hb1dpcEh0NGE0Nm9ZUDM3Z0tUMFpGMlJWemQwRnRvLUJ0UmZvcnlkS1BVMWZITFJicVJpTHR0YUtxeVFNMnNtZ0V4cVlUdWlnSUhGSTR2b0pBZmNNaW1VNDFCcU1mWHZsQVBNVkJocA?hl=en-US&gl=US&ceid=US%3Aen,Redheaded Blackbelt,19 hours ago,⚠️ Drone Incidents,https://news.google.com/api/attachments/CC8iL0NnNXplV1ZhUlZKT1YzaGtiamwxVFJDM0FSaVRBaWdCTWdrQmNKSTJyS2JBN0FF=-w200-h112-p-df-rw,2025-10-22T02:04:50.624080
Tourism Setback at Palma de Mallorca Airport After Drone Disruption Leads to Flight Delays,https://news.google.com/read/CBMi1gFBVV95cUxPbXBZVEk4RE0yY1N6czlSblp2Ny05ZGhQWHowS0JQRjhLNzcxZHhLNVBLOE9mMjc4cDc1eTVDQTV1Rk1fWVdaOXVHRzc3dXd1Y0FHR29MdXBVTFVCQzdicDRCcGJRbEFiUUh0MWtoZnVUQmhjdUhkRkZ3VmZ1UWVjNDU3Y1ZfRU9nXzFyOW1PbENVR3NlakdPOG1LMXV0RmtCYXU4aXNZc3hiV3VXOWhjaTFwRmhxd184ZDN3YmloNzdXWXVTY1k0SDlReTRsNUs4RU9jVzl3?hl=en-US&gl=US&ceid=US%3Aen,Travel And Tour World,21 hours ago,⚠️ Drone Incidents,https://news.google.com/api/attachments/CC8iJ0NnNVphMFUxTXpScVZYWmFjSFl3VFJERUF4aW1CU2dLTWdNQmtCWQ=-w200-h112-p-df-rw,2025-10-22T02:04:50.624082
Drone attack in Sudan jeopardizes reopening of Khartoum airport,https://news.google.com/read/CBMijwFBVV95cUxOa1c5LUk2cVVuYUMycWsxenVKR2ZvQlk2QkFiWU9hMlNyUzhsZTJ1Rm5pZEdudlZCZmZ4RFBKc1I2OVRySWRxajlqYWMtZ0FnT1AyenRYcDZwUVI0TnhybWNldmZMU3k0bGVPcXFQYmxFWUM4MlByVmdFUE9pTW1MYmlYdTF1eGplWXBZczZ2Y9IBjgFBVV95cUxPQnNpSDA4bGgzWlA4ZnpPZjgyT05Mc0cxai1neVNudGhIZGEzbkpqUGtIVVRna01BU3ZadnhqU05xQWRSTUtLa29SODhKNjJuZmswZ0pJSUNCcGpBUVJPU1BCb19Ydm9HdXJvT1ZsY1VqMVVFbklDUVBMQWFmRlFzRjN2Q29pc0ZtMWJlSEhn?hl=en-US&gl=US&ceid=US%3Aen,Українські Національні Новини,13 hours ago,⚠️ Drone Incidents,https://news.google.com/api/attachments/CC8iJ0NnNDJhekJ4TFdoS1NuUnJXbXgxVFJDR0F4alFCU2dLTWdPbEJnbw=-w200-h112-p-df-rw,2025-10-22T02:04:50.624084
"Russian Drone Attack Injures Civilians in Kherson on October 21, 2025 | Ukraine news - #Mezha",https://news.google.com/read/CBMiowFBVV95cUxORHRlcHpSX0tVTDhTZFpaOWxlMFI3YzZJbHlPYzFnU0tpUFM0dTh6cHJkYnB2VWxGd2E4TlN5MmdPRS04RlZHeEstM21SMFlZTVV2THVCV3Y0THF3QXVMbzJGQ2t3MWlsNi1CRG1pMlVrM0RDMmptSDFxdVh6Y1ZYRVR2RHRoRktyOFA3MHZucHdRYTFnWVhXcFpNLS1iWUw5a0dV?hl=en-US&gl=US&ceid=US%3Aen,Букви,15 hours ago,⚠️ Drone Incidents,https://news.google.com/api/attachments/CC8iK0NnNVlWRUoxYzJwVFRYUlVUM3BRVFJDUUF4al9CU2dLTWdhUmc1S29yUWM=-w200-h112-p-df-rw,2025-10-22T02:04:50.624085
Kazakhstan's Karachaganak Field Cuts Production Amid Orenburg Drone Incident,https://news.google.com/read/CBMiygFBVV95cUxNUGdqc1lRYUN0MEJ0aDY3dkh6Wm1oQi03R1BfLWJzb2lUNHdvdDFHdWEzTzJNYjJPTXhKY3lxZV80dEZpcUtHMFktZk44VUxVcnU0VklwdnFqYWJfUGxhWkIwbDNyaFc2RWhRYUh0bzl6VjF5UzdqMkVLVG5vZk5LYTVVaHNBMXdPOEZhMHBWdS1vaF9RTlFaTkpDRlUtM2ZOMG1mS19jd014TVhXTXBxZUJDbHBvdHRSWGhFSFU3Ui0xVkVHNlBud1Rn?hl=en-US&gl=US&ceid=US%3Aen,Devdiscourse,20 hours ago,⚠️ Drone Incidents,"https://encrypted-tbn1.gstatic.com/faviconV2?url=https://www.devdiscourse.com&client=NEWS_360&size=96&type=FAVICON&fallback_opts=TYPE,SIZE,URL",2025-10-22T02:04:50.624087
"NSCN-YA Condemns Alleged Drone Strike in Khenmoi-Loiyi, Claims Civilian Casualties",https://news.google.com/read/CBMiqgFBVV95cUxPMGdGRlZQYjdabktHTExYRzlkR216SjllaUVubFFwUC1yNUk5WHlJQ3RpRmlqWFNLdUY3WldkRVRYbXlPMmlFa0NFenNSNXdKRWw1Y1k1MnZiYzJ3MlJXX01VdmI2dlk4Wk1aeW5mZ1cwb0VGSWN1VW5MNUZManlZY1FnNjhUUFkydUZsY2Q0bE9qbkprMXdWWTlSby01QmVJV1NNOEJkdHIxZw?hl=en-US&gl=US&ceid=US%3Aen,Ukhrul Times,13 hours ago,⚠️ Drone Incidents,https://news.google.com/api/attachments/CC8iL0NnNHRXak5oTlZSZlUxSjZSbUZ0VFJDSEF4aVBCaWdLTWdrQlFaeTJJS21TYWdJ=-w200-h112-p-df-rw,2025-10-22T02:04:50.624089
Fines up to 4.5 million euros for operating drones in the vicinity of Palma Airport,https://news.google.com/read/CBMi2wFBVV95cUxNRTVXa1draWFlbDhmdHNCa2N6SVl1cnFrcHJsSXZ6aXdMamRJLUE2akJfS2hfTjRUM1JnTE1pcTUyY3YzQkdMb3lzME8yMV9TUFFxQV9SaUZ0VmNLOTlUa2VZVVJMYVZYbEJVYml6ZmxJY2kyeW81RS1zbGt2a0RXbUVVNFJPLVExWmJQdlhUcDNPNjRXeUhSM3ZzQjJQX25ubll4RlRZTVNkaWU5WUF2bngtNUtLV1B0VzcxQ29lVzF1NTJ6V0ZQeVBzejdOQmlTSmx0SzM3dGdjTjjSAdsBQVVfeXFMUHh4VW5HRVJfSlJ4dWg2WjB6TUR3TGRkYmdlMXBnRXRFRDZfMDhhZDRSVmZlek94TEZlcTR2UzM4RWhFSVBIaGNOZWZrUkpWdkhESnVPUG56MmRHamUtVDVab1FBaU1YS2hSUWluaV9Hdzk3aHROOEVLOGVPaTZiTERLQnREZkFoMkdtWGVSeG9LT2pRc2t2cnJDVTAxLS1JSldleVdVU3owaVFISFN4MXlZVUFubEpOLWdweXVjNEo4cFd6R191a2RLMmIxbHZxcTR0RVVJaUlwZmlV?hl=en-US&gl=US&ceid=US%3Aen,Majorca Daily Bulletin,19 hours ago,⚠️ Drone Incidents,https://news.google.com/api/attachments/CC8iJ0NnNVFlWE5LU1hWNmR6aFdZM0Z5VFJERUF4aW1CU2dLTWdNQlFRdw=-w200-h112-p-df-rw,2025-10-22T02:04:50.624090
RSF drone strikes hit Khartoum Airport ahead of planned reopening,https://news.google.com/read/CBMiZEFVX3lxTE1KdWlDWXFlU3FZVGFuSVZyc3ZQZFJpSkdyQWVVb0FLYU8wSmluWEt3TFJXYnVTd3BmaF9Pc1ptMUQ2NmRqNklFbXEwdHFJS2h5cjFsZmFCcTFGbml3VzA0YkxpV24?hl=en-US&gl=US&ceid=US%3Aen,TRT Afrika,17 hours ago,✈️ Airport Drones,https://news.google.com/api/attachments/CC8iK0NnNW9VV0pVTURkdGF6SkJOREptVFJDM0FSaVRBaWdCTWdZRmtJeG14Z1E=-w200-h112-p-df-rw,2025-10-22T02:04:50.624092
"Man arrested, accused of trying to deliver drugs to Ware County jail with drone, police say",https://news.google.com/read/CBMi1wFBVV95cUxQSldxa2g4ZmZnZGhsbzVuUWgzZWlSS0tFS0JrNjBmQjNiMS1XVG1nZXBlYzBlVTVMZ1R2UnEzMlJfblhtMUNkQkhRV3FJa0VOQzJiRG5jVFBMVEFFcXM4ckR6WHZLcGp1RW1KMVRiMkZQVzY1YnNBaVAwM0hDNVRUczFDRHVGMXF6bzA1NHRGZlIyUUVjQW0zeHY1ZnJRcDREdDUwTktPVWlUTWRXV2JLX2lXOUZob1RxTURobUZ2d0hDOGMxM01mVjBZZS00X3RiWkFiU3Rodw?hl=en-US&gl=US&ceid=US%3Aen,firstcoastnews.com,11 hours ago,🏢 Prison Drones,https://news.google.com/api/attachments/CC8iK0NnNVpUbFZ6VVdNMFpVWm1kVmRqVFJDZkF4ampCU2dLTWdZTlNaVEdwZ2M=-w200-h112-p-df-rw,2025-10-22T02:04:50.624093
Pleasantries of politics gone as shutdown drones into day 22,https://news.google.com/read/CBMinwFBVV95cUxNdTE2c1lNWFh1bDUxbUJzMU1vWlZRSVlwWjhPeldpQkJZamd3TXZjX3RVeHMyZjRkbVZKblRVX1phcmdNa1U5cUp1YmtwZ2VxSTVzcDk0WUp0OEljVW94VDJqRHAtUHIwSXo4U2VUaFZYRG1rWEh3YmdTS3JHTFZYMk1wc3VGNVNLdlBXYlZFWFBVZnZiM2hYUlJVdUZfWVk?hl=en-US&gl=US&ceid=US%3Aen,Live 5 News,2 hours ago,🏢 Prison Drones,https://news.google.com/api/attachments/CC8iI0NnNTVZMHhLTjNWaE9VOHRSR05qVFJDSEF4aVBCaWdLTWdB=-w200-h112-p-df-rw,2025-10-22T02:04:50.624095
An LA activist's view from inside a Gaza aid flotilla,https://news.google.com/read/CBMiYkFVX3lxTE9EMEpJWDUxUWEtVFpRdjlLcmFvYjNMQjZIMnhnd2lvT0lOYzdqV1FLeUhuZU5pd2g0MTFxTEJQNEU1di11ZkxITWJzb3Y5WTRaQzZCVTNqSVpMdklzZ3dBRFR3?hl=en-US&gl=US&ceid=US%3Aen,LAist,14 hours ago,🏢 Prison Drones,https://news.google.com/api/attachments/CC8iJ0NnNXNZVjgwVGt0RGJYZzVXVXcyVFJDT0FSampBaWdCTWdNQkFBUQ=-w200-h112-p-df-rw,2025-10-22T02:04:50.624096
Russian man sentenced to prison for keeping grenade soldiers gave him as a thank-you,https://news.google.com/read/CBMixwFBVV95cUxPcXFaVllhWWlhRUZsckQ4WHVmYkM4YXpYeG5SVEFkQ1ZrWkR2b01wMW5mdEZ1ZFVUWmdHbElDYTM3YmhEZ3lVZ1dPd1ZER0IyNl9tS3BLUERlRlMwMnlLZkQ1SzltcDIyTFVLXzVENkhKMUlONE9GOXg2X2Q4YklaQjNTMWZvV3RybWZjeXBnYmYtQXNSM25SbURCTk5sXzctTG1jb1Z0MVBCaWhqekZIRDR3bDBHZU5vc1B4a3RiOXNVVkhGNTM00gHHAUFVX3lxTE9xcVpWWWFZaWFFRmxyRDhYdWZiQzhhelh4blJUQWRDVmtaRHZvTXAxbmZ0RnVkVVRaZ0dsSUNhMzdiaERneVVnV093VkRHQjI2X21LcEtQRGVGUzAyeUtmRDVLOW1wMjJMVUtfNUQ2SEoxSU40T0Y5eDZfZDhiSVpCM1MxZm9XdHJtZmN5cGdiZi1Bc1IzblJtREJOTmxfNy1MbWNvVnQxUEJpaGp6RkhENHdsMEdlTm9zUHhrdGI5c1VWSEY1MzQ?hl=en-US&gl=US&ceid=US%3Aen,Meduza,9 hours ago,🏢 Prison Drones,https://news.google.com/api/attachments/CC8iJ0NnNHRaMFZtU25sNmNEWnZZMmxUVFJERUF4aW1CU2dLTWdNZFpnSQ=-w200-h112-p-df-rw,2025-10-22T02:04:50.624097
Political prisoner Aliaksei Halauko given six more months in prison,https://news.google.com/read/CBMilgFBVV95cUxNbFVpZzBMRXJVNExJTUE5MS1YUmNydmFFbElJRGxYdVd5VDZzbUF1NFRXOXlib0tIaF9Ya1FmUDVVcDJvUTBrN29BLTVodElqdlVXXzZqbUVlT0o5LU5xcGpnRmw4WWdHakxyUzRVS012SEctV1JwdWFmNV9maFRab3g3SVJmTWtnT2k5M2JULVRJX1pyQ2fSAZoBQVVfeXFMTm5tNEtXLUg4eS1uSDNjbDEzazdqNXBzcjkyVlhzQWt5aFBaUnI4Vi1McmdKcTZoSnR5dTVCLXlWTjBVTFFzcVlkNVdrWk00LWtyZmZuRE9fYzRLYkYyOVcxVFdFcHBRZUc4SThxUFF3ZFJkRGdNTUxsdjNNUFk1XzRvRjA1TlVaTnFpd2FKVElNaU9NbVhjdWtMZw?hl=en-US&gl=US&ceid=US%3Aen,REFORM.news,18 hours ago,🏢 Prison Drones,https://news.google.com/api/attachments/CC8iK0NnNUZhVFJmZEdkQlZqVTBOMHhCVFJDZkF4ampCU2dLTWdZOVU0UXpLUVk=-w200-h112-p-df-rw,2025-10-22T02:04:50.624099
