Title,Link,Source,Published,Category,img,Scraped_At
"Cartel drone attacks growing exponentially in Mexico, Colombia",https://news.google.com/read/CBMipAFBVV95cUxPTlJTOVdpQTdwQ0ZNSzQwWmdqTFFDZTZtUUlvRmpDSFZUalF1RmJNMjcxdW54QmQ3SThEeHI4bTZjN041bGo0S2R0MDd1cERCeEFVbV9IaGtrb3RyV1kxOGRZRXB3RDdWM2xBVXBLYW8xWElnVEcxZEV3ek8zVXpRYWZtMkoxTVNBbWF3OGhVUW1za2FJVWp4LWdkeFB5dnlSeF9ybdIBqgFBVV95cUxNZVFOMFBnc3lJVERVUFRWbXBkVHo3QlE4eFJjYmxxOVk1ekZSX05GLUlSdGNkZ2tLSmFQZG9ldnRWNXJraVlKdm84U2o1eEtMV0lpV05SMHRCUXdwZnVwZEp2SklVeDMta05OT1ZqQ0wzWWMyUy1qQXI4MnV1ZUUxeHJ2VnNPSTJtSElPZEdxVi1CRDJrZkNLaGhZSWJwZzN4SVFiNEJ3SjZpdw?hl=en-US&gl=US&ceid=US%3Aen,BorderReport,5 hours ago,🎯 Military Drones,https://news.google.com/api/attachments/CC8iJ0NnNUtWVjkwWWsxUU55MUVXSGszVFJEREF4aW9CU2dLTWdPWkpSUQ=-w200-h112-p-df-rw,2025-11-21T06:44:12.325776
Integrating Drone Technology into Military Medicine: A Collaboration Between KACH and USMA,https://news.google.com/read/CBMiwgFBVV95cUxOQlhWaEZNUnhwblNueGh5XzhrV21FTm5pTWJ0VUIwcWloVFFyTmRrMjRiVjBpZzUwblZBeHV2ektvZDVRU0hkOGU0RmlPdVNUYlB4NzY0OURGcmpuRFY0RUJnel9tNkRGLUVnWXRaWS1aZmpYdmtTZ2JvU1d6Z3FlNjB1ZUgtbC1jaUljXzNBZ0g1cTBFdmo2QVduZFJmelZUU0FUR1g4djc5Zi1kdFltWE9UZmRBYnZYcjRabXhvY1psQQ?hl=en-US&gl=US&ceid=US%3Aen,DVIDS,15 hours ago,🎯 Military Drones,https://news.google.com/api/attachments/CC8iK0NnNXNTVUl6YzFWdmREVjBOVTkzVFJEX0JCamdBeWdLTWdhQlVKeTNJQWs=-w200-h112-p-df-rw,2025-11-21T06:44:12.325792
Trump Ally in Talks for Biggest-Ever US Military Drone Deal,https://news.google.com/read/CBMijgFBVV95cUxNWUtDR3laRmExT0tseHVKdHZtb1R2M0JLRTloTUlqMHhyRXBMX2c5ODhtM1pobEVoY2QyeExxZXVURGE2VHd3RnJTTFk0dVFKUU5mZUQ5VG1pVTdRazBya0haaHJ3MV94QUI3cU9nWEd0ckVGczNnZWNyTjlpejFQbHhWSUVYMVJNUkZGZHVB?hl=en-US&gl=US&ceid=US%3Aen,Newsweek,18 hours ago,🎯 Military Drones,https://news.google.com/api/attachments/CC8iL0NnNUtUV1ZyYjNoSmFGTTFOMWt5VFJERUF4aW5CU2dLTWdtUklwNFNtZXF4eGdJ=-w200-h112-p-df-rw,2025-11-21T06:44:12.325796
DIU approves hydrogen-powered drone for Blue UAS list,https://news.google.com/read/CBMipgFBVV95cUxORzBNT0x6SFZxQnY5UER4SFpLVGc3bzkwRnNLS3l5Y0Z2cHA0clhtRFdGZGhYVHltSGIzQ2xHbEFKU2FFRlJUUnhBZFFFU2cyUXA4RXdUWXdqc0lZSXQ5Q05QWndFTzB0Q1YxV2Z0czBUblJGX2FDWFYycFZaRl9ld1dDMk5sTmE3TG9IUnRlV2Vfa3JOYVJRZ1NPckI5R0JWSlo5V29n?hl=en-US&gl=US&ceid=US%3Aen,DefenseScoop,17 hours ago,🎯 Military Drones,https://news.google.com/api/attachments/CC8iK0NnNXNOazgzZEdadlEzQTFiSGRxVFJDTUF4aUhCaWdLTWdhQm9wTHF1UVk=-w200-h112-p-df-rw,2025-11-21T06:44:12.325800
ideaForge Wins $11M Indian Military Drone Deal,https://news.google.com/read/CBMieEFVX3lxTE1NVGI4bGNVWU9GMlRHSkVaVlRMMlVSVTQ1cjYxQlU3V0RTcHVLeVNiZVhaV3laUEwtRk85QzFDYzFmT1VCdGxHZ19KMTdSaGFCVnROTGd3SEI4MGFPRW02cVRXUmF5T0hQZnpGUklpbmg5SHltOWxnc9IBfkFVX3lxTE1BVHpxVlpfSDIwaFVKRGhFNFp4NDhhc2dXZlpUYWVndmpXNDEtbmlTa285Z3lyTkR1RFNOaHpfQWJDSHpoSk5zNzJGQzY5b1JoRXdyWWh1T1M5ZzN0WWJPWXFhYU1tc0wyT2RFamVRSFk4akxXMXJ5bE9vT3U4dw?hl=en-US&gl=US&ceid=US%3Aen,The Defense Post,15 hours ago,🎯 Military Drones,https://news.google.com/api/attachments/CC8iK0NnNHdYME4wU25wWGFFOTZNWGhUVFJDZkF4ampCU2dLTWdheFU1UnZxUWM=-w200-h112-p-df-rw,2025-11-21T06:44:12.325803
Draganfly shares jump after landing new military drone contract,https://news.google.com/read/CBMi2AFBVV95cUxNM2tGU0FiY3c3QVRTX2E4eU1sZHYxZ3R1LWpETC1YalZvSjRjUVM0aXNLMFNqd3BOSWtGYmJjZ3RNalN6WU9wXzdOYnBTaGVJbFg0Sk5RUUVzN3BlckZoM0ZBTmNpLXlTeFJqelNMLVIxTEp6MVpZbVZxUzBZeE9nWk1jTjZlMGh2MzhYejQ5algyYTNZRnJCLWUyM3FpZDFtQ18teWhOSkN5a0x2NTl3Tk1ULTl6RWROekJLRXpYVC1BS01WUFprNHlCTkhOcG1wOTUtVXBjSEw?hl=en-US&gl=US&ceid=US%3Aen,MSN,14 hours ago,🎯 Military Drones,https://news.google.com/api/attachments/CC8iK0NnNHhTM2huYUU5SWMwdEdjRGh1VFJEZkFoaUFCU2dLTWdhVk1wcU5IUWs=-w200-h112-p-df-rw,2025-11-21T06:44:12.325806
The US Army's drone surge has limits. A commander says more tech isn't always better.,https://news.google.com/read/CBMie0FVX3lxTFBvRVI2NmU0dGZGWVVUeGdBbkVqYVNPN1hFcE5jMFVZRXdjS1VpWUtOSE55ZS1iNXZRdVp5WmV1TVVtVUxvb280WC1oemxtYWtNV1BLVkNjTFVac0w4am81OUd5UVdyelhyNUdSakF3bmxLR3g2eXJZY2QwOA?hl=en-US&gl=US&ceid=US%3Aen,AOL.com,8 hours ago,🎯 Military Drones,https://news.google.com/api/attachments/CC8iL0NnNTZaWGRXZWtkbFgxVkNjblZvVFJDckF4aUFCU2dLTWdtQlpKU3VKZWpRS3dJ=-w200-h112-p-df-rw,2025-11-21T06:44:12.325809
History Made: F-22 Raptor Stealth Fighter Can Control Combat Drones,https://news.google.com/read/CBMipgFBVV95cUxNSkttQ2dFaWx2NFN5NXc5RFp2cTV0dHZrS2lwb1JrbEI5Z0N3S2E0emRIZGI0ZjVyMVVFUVc3LXA3WldBbkdMT2wzV0VFbXYtdnBkYlBUUjFWTHdDWXNRM2JmQ1ZSWFQ4bjZfVUdSbGlmNDZ6VkhPc0NKR2k5SU5uWGJYTzhnZUo4eHlNUjV4Q1ZwYXVibkRidW8yVGk0NXVfVkdpM0V3?hl=en-US&gl=US&ceid=US%3Aen,National Security Journal,5 hours ago,🎯 Military Drones,https://news.google.com/api/attachments/CC8iK0NnNUZkbEpOUjFkbk9TMXBXRTQ1VFJDZkF4ampCU2dLTWdZcEZZalBGUVk=-w200-h112-p-df-rw,2025-11-21T06:44:12.325814
Draganfly Secures Key Military Order for Commander 3XL Drones,https://news.google.com/read/CBMiswFBVV95cUxNTG1fVkZaMjhSblRudHJLUm1UVE9lUjNTOTEzYXZScVJiV2NVM3hrRGx4TE5vQk9QMUZ4OUJDUFlnSnFwLTFyVndtNFBrQ2JnWFFzZG5UWjFsZmFoaEpWUHVFc1Y4Vi1JMXB6OHp0bzBPb0tzMTdaSUgyRUFlMC1CN3k3UEY4TGJQS21sNjR6Zko5Ti1zdTdBM1Vuajc2b2w2RDlzeVRXYy03aUhobmZCS2Vudw?hl=en-US&gl=US&ceid=US%3Aen,TipRanks,12 hours ago,🎯 Military Drones,https://news.google.com/api/attachments/CC8iMkNnNHRhV3R1YWw5blJFNWxVVkpSVFJDV0F4anVCU2dLTWdzQkVJcEZtZVRZQ01yZVBR=-w200-h112-p-df-rw,2025-11-21T06:44:12.325818
A look at the U.S. military drones positioned near Venezuela,https://news.google.com/read/CBMikwFBVV95cUxPb3I2N3ZKM29WMzZGYUw2bE1aNUE1NW1HalFPS3A2dGZRaS05TjRKZkotbW9nT3E0TENTTTBkUXpwMWpxOE1qNTR1NnMzV3pDSjVrQUpPbVB4VkxEbkl6X2xraHBYa0dpS3FJcmwxWkd5WXJGOTA1Z21QMTJ2Y3RGRzdkb1lDclg4OFJMVkVyWWRyRDQ?hl=en-US&gl=US&ceid=US%3Aen,CBS News,15 hours ago,🎯 Military Drones,https://news.google.com/api/attachments/CC8iK0NnNVhVMmROVjBoWGVXTTBUbE5SVFJDZkF4ampCU2dLTWdhRktJekZsZ2s=-w200-h112-p-df-rw,2025-11-21T06:44:12.325821
ONDS Stock Gains After $35 Million Investment To Scale Combat Drone Production,https://news.google.com/read/CBMi2AFBVV95cUxNQjVleEZIcGprN2pKZEFZZmZsVHpwUjJadE9SY1lxaFRsam9wQTkxNW9OVkxvOE1iSFNnaTFRdkhESzhkbFc5aFBvVGtIY3NRZ01KQmhmQVlmQUM0SmtDR1NEVktEZE5oeTQySGkyemloZmNJUWxaU1lJN1pEcm53TTVDNlR4TXZIVzdqUXdUbDZmVVBweExMeVdpUzBtMEFlakk5dHNzLUV5V0I2ZUNHMGZsOE4tWHZwbjJPRkZ5bWlKcHhiYzlLUXhfX0JuM2VwelpGVU9uUmU?hl=en-US&gl=US&ceid=US%3Aen,Stocktwits,17 hours ago,⚔️ Combat Drones,https://news.google.com/api/attachments/CC8iK0NnNWhRVWRDWVZsYVdERldNamRaVFJERUF4aW1CU2dLTWdhWm9ZN3J1QVU=-w200-h112-p-df-rw,2025-11-21T06:44:12.325837
"Crossroads community proposes off-duty officers, drone patrols to combat rising crime",https://news.google.com/read/CBMivgFBVV95cUxOYVVZZEs1c0o4blk3RFVNWU9iVDZFNVhCeW94RElVSGl4TXMxSUJBSTY1LWcxaGFmYzRKckFoaUFjaVM4T3A5UTFxQW81Q1hHTmZxN0N2Sk5hVU0zalpfajd4VERSdUluQXpVM2UyNFpIcTNUQldKcDJFVU5WNHNSYllzdmNEaGg4SzlaTnJEczMzVnl1WkZvMTdSNXJsRkRmNmNWNHY2cXVGTG9FbG9POWk5aks4S19yMVpXMnd3?hl=en-US&gl=US&ceid=US%3Aen,KCTV,7 hours ago,⚔️ Combat Drones,https://news.google.com/api/attachments/CC8iL0NnNWlWSG8yVDFOeFdXSlJVRkp1VFJDSEF4aVBCaWdLTWdrSlVZS0UzU0tES1FJ=-w200-h112-p-df-rw,2025-11-21T06:44:12.325840
"Proposed drone squadron won’t significantly affect the environment, Navy memo says",https://news.google.com/read/CBMigAFBVV95cUxOYlMwd0JMUUpKWDRaRWhNQkhlWF9EMjB6eGhfNzVPdjhVWk1NaWlTTVRCS1pHZk9nQUpXMmk5NEZDN1k5b1paMkRFSTFyUzFFdC1Udk1UREpVNlgwVzhLUkVtMV9ReTZ5d0c1V3lmMkp1cmVmUlgzSUFHbzQ4UWl3TA?hl=en-US&gl=US&ceid=US%3Aen,The Virginian-Pilot,7 hours ago,⚔️ Combat Drones,https://news.google.com/api/attachments/CC8iK0NnNXNPVWRRVjJ0aVlreG1Xbmx3VFJEZUFoam1CQ2dLTWdZQlU0N0VxZ2M=-w200-h112-p-df-rw,2025-11-21T06:44:12.325843
"We watched NATO's new drone-killer with nearly 2,000 combat victories go to work. Here's what it can and can't do.",https://news.google.com/read/CBMimgFBVV95cUxNdWxzOHNwWFl1ZWxlLUJyd0d0TzM4VUNHdmFGMXNPTmNEa2x3WG41WklGN0RHUDBUR0tGdnhLaTVrajFmVi1jbmI1bHpBbXRxQWxHQjVYU2hJZUoyN0htanNWeHpFVnV4R1NlM2RnV2JSVmpUazd2M21NQ0doSGM5eHBsTk40ckhiMWxTdGFmVGxrd21NeF9tR1lR?hl=en-US&gl=US&ceid=US%3Aen,Business Insider,16 hours ago,⚔️ Combat Drones,https://news.google.com/api/attachments/CC8iK0NnNU1OakZGUzBkSFh6WnlibWhuVFJERUF4aW1CU2dLTWdZMVlvNFNxUWM=-w200-h112-p-df-rw,2025-11-21T06:44:12.325846
Australia’s Ghost Bat Drone Preps for Historic Missile Test,https://news.google.com/read/CBMiqwFBVV95cUxPRlM5dUxPYVZFQ21mdDZpN0hRdlJkYVJKeGRQdThTal9IWGhVWjRTdmNTTU0yZUJ4TUV0MU16MkxJYkdENGsybTVHLWdlMXFkcGpCS0I1empIM1dqYlBNUGQyenZTdWh4SlNaeVdBUWhPUkJUWHN2ZVliZzZ4MHNKTFRYdC1Ha1BrYjA1MDF4WEdRMHluWjFkem1CRzVaVkdCWHBfbG1HNjc5OEk?hl=en-US&gl=US&ceid=US%3Aen,nationalinterest.org,8 hours ago,⚔️ Combat Drones,https://news.google.com/api/attachments/CC8iK0NnNXdPV2x4UVZsZlQwMXJaWGhWVFJDMkF4aThCU2dLTWdZRmc1YXVzUWM=-w200-h112-p-df-rw,2025-11-21T06:44:12.325849
Destinus Adds Combat AI to Ukraine-Bound Missiles and Anti-Drone Systems,https://news.google.com/read/CBMitAFBVV95cUxNS0dEWTdfUFEtWXJtZ05WN3RQUjZUUjk0R055bFRlbktDR3I2TVgwNE5FRWNRc0lWZ01mNFdRMW9iWUFmNVRqQ0Y4UHZQUEhfWWZFSmVnSEl3OUgwU3lEaEVOenFvSEVWZjVyczB5YjdvZEVMNnRkTnVXNENhbHpDSzV3NHBlYl9BcENaRUNrMlZmY0piQkJreGlmRlU4NlNvZzZub0xvV0V2bkpkR1hSblp3UGs?hl=en-US&gl=US&ceid=US%3Aen,Defense Express,7 hours ago,⚔️ Combat Drones,https://news.google.com/api/attachments/CC8iJ0NnNVdhbUpWVG1wWWJWYzBiblJpVFJDWEF4anhCU2dLTWdNQkJRbw=-w200-h112-p-df-rw,2025-11-21T06:44:12.325852
US and NATO Forces Conduct Drone-on-Drone Combat Exercises Utilizing Pickup Trucks,https://news.google.com/read/CBMirAFBVV95cUxPbDNpZGhLekYwWHpHaDBVd0tvNDhNNnRmS1Jra1k0Qmg4Tk1ZYnl5VHJUZGdrU3RJdkRyRmVRN3l5MlBuTkUzTWh1dVNZY0xmWW9QMWZ0UGRUMFBaYXZ2aDRVLUNVZlpnVWVWWjFGYlpJbWZNR0NuWDcxckU1NGVTTkFUZ3l0LVF0Nzlad2JEUDZENW54TEFsWXpONGprejQ0NnJXUnR3MklNdEVC?hl=en-US&gl=US&ceid=US%3Aen,DEFCROS News,4 hours ago,⚔️ Combat Drones,https://news.google.com/api/attachments/CC8iK0NnNXFWV3hqTFV4UmJXVnNkMlY1VFJEZkF4aUFCU2dLTWdhWmtaQXN0UVk=-w200-h112-p-df-rw,2025-11-21T06:44:12.325855
Boeing’s F-15EX Multirole Fighter Jet To Lead MQ-28 Ghost Bat Drones In Future Air Combat,https://news.google.com/read/CBMi3gFBVV95cUxNU2cyY296U1M1eUlFRWNuT1JtNGpGczdDeWxzWUhXZzZ2U0pZVDlCaDdyZFUwOW54MWJ0dUtsdjhsWGRWSXp4YUlTczhOV1NINklJaS00U0l3SEJiM19LTFd2UmdIV1FTQThnUFE4cHcyTEdSZ2pBRFhoLUNqT2tXRUFfaDVfTmoxMjNNNnhRVFExeG94ZnpuZWV0cmpseVBlZ0FJSGd1N0hiS0pBclhfeVlNcHZZR3BTWDIyTGZaYjl4X0JCRWZsQ1hCeGhBQUlnTTBYQUs4OGJBemVjclE?hl=en-US&gl=US&ceid=US%3Aen,Army Recognition,8 hours ago,⚔️ Combat Drones,https://news.google.com/api/attachments/CC8iL0NnNDRNVlIwVXpaVmVreGFSMWgyVFJERUF4aW1CU2dLTWdrVk1ZcUxyU1ZGY1FF=-w200-h112-p-df-rw,2025-11-21T06:44:12.325858
"After a Tragedy in 2002, Special Forces Soldiers Learned That Armed Drones Are a Combat Necessity",https://news.google.com/read/CBMi9AFBVV95cUxOOFZSaUhBMmMyNTI1T2hXeG9MOUo4SjcxWHVGQ1c0WmIzNGNoOU0wT3NhT2NJR1NwOGxlTUpMN3pfMkRWM2FHZHJ2Z1prUGUwRzZLUGRYVWl4WEtxbWxmQ1RTMENnTEtRcUlWYjREZU04OGRyMmFMTDhOczEzWmphZkZBbVVQUTNSSDd2SlhhVDRNWUNsMkxvdGw4MkUzOFNheU00eVpxSGkwQkFEcjNpSFk2S2xJeGpZQnB0cjE2aHhJd3RxNFFIQ0R6UHVKNHNzdEw0VFYzc2l3aDQ1dDFZMEJXNS1fSWxkQldxLUpaelZkdl9a?hl=en-US&gl=US&ceid=US%3Aen,Smithsonian Magazine,19 hours ago,⚔️ Combat Drones,https://news.google.com/api/attachments/CC8iK0NnNWhXbEZYZVVFeVdUZ3RjVUZNVFJEZ0F4aUFCU2dLTWdhWlU0eUxwUVU=-w200-h112-p-df-rw,2025-11-21T06:44:12.325861
Alon Unger talks on future of Israel's drone warfare,https://news.google.com/read/CBMiY0FVX3lxTE5aQUctcy1tUTF0VVBnbmROUlR5dkxIVzlmZUpkdWFTaWNZWUxoZDZZMDVzSlVBNEdEQ2RjMkR1dkdBejAyMTlpbzdKenFLQi1VeHF3QURZMldNZ2NUSEZfcGpjYw?hl=en-US&gl=US&ceid=US%3Aen,The Jerusalem Post,16 hours ago,⚔️ Drone Warfare,https://news.google.com/api/attachments/CC8iL0NnNXVlUzExTFRkVmFrUnZMVXhsVFJDZkF4ampCU2dLTWdrTllwVDFOR2V4NndF=-w200-h112-p-df-rw,2025-11-21T06:44:12.325864
Transition Period Warfare: How the US Army Should Organize to Fight in a Time of Rapid Change,https://news.google.com/read/CBMiuwFBVV95cUxQdTZDSWZXbFF3SzZDOS1vbVhZVE5CNVBzUTlXcG1yY0pRUkRhUVE2TzBBbmUyY3NTQlpmWlBPQW9xQmJIa0tYM25nVkJ6cHpwR2NtcE1ITTh4RlVyYkl6QnkzdnFKanJSUnBOZy1uTFNKTWxfNVdEdW9fNnF2WU5SNDRFazE3cFI5S0EzTl9Xa1NoZzQwNFJEMVdJNHA2MGhNdVkxWWVYa3JPd2JJRmJnYzNuMXQ5VzlDdjY0?hl=en-US&gl=US&ceid=US%3Aen,Modern War Institute -,18 hours ago,⚔️ Drone Warfare,https://news.google.com/api/attachments/CC8iK0NnNHpVbFoxZDNOa2VXUkZWVUkwVFJDVUF4ajJCU2dLTWdZVlY1QklvZ1k=-w200-h112-p-df-rw,2025-11-21T06:44:12.325867
The future of war is the future of society,https://news.google.com/read/CBMickFVX3lxTFAtb0NfVkRwTU1GSEt3eXI0UHB0d0tzRjNuQl9ibUxJRUIzMW1RN2VPdVRCSEZVOVFVQnc3dHV0VUFXQkZDWEE0WEM3b2x3aVhpTkFTUGpabG05UHdCa0tWb2drT1lQZVh3Z2Q0NEQweEFaZw?hl=en-US&gl=US&ceid=US%3Aen,Noahpinion | Noah Smith,22 hours ago,⚔️ Drone Warfare,https://news.google.com/api/attachments/CC8iK0NnNXdMVUp6V1hCdVRuRXdTRFJFVFJERUF4aW1CU2dLTWdZeFJKWndvUWc=-w200-h112-p-df-rw,2025-11-21T06:44:12.325869
Lasar's Group Leads Drone Warfare Innovation in Ukraine,https://news.google.com/read/CBMijAFBVV95cUxQRE9kbXR4SHAtVzE2bEVTNHBZcWZvMC1lb2ZfV2w5Sl9MVjU5Q0hReWlYUHVIbFlvb1JOT2k3UUhueVFXcTNhd0xfZ0JZM3JtdlQxTU9QNk5PYXJXdng4RFQtSlN2ZUx6S21aT0gzZ2FJdnBfOEcwOUM1UkRya1BhNTFKeXlxOGFBdEF6ctIBkgFBVV95cUxOT1RaU1R6eHgyb2hyMUNwNHU0YTBXd2h5OW5RZzVhZXhxdm92VzB2OHV3M0x0VHY2WFRfZ3VsMDBkQXAtQlhObEVLc3c2OFp1bVMwbzk1WXFqN2ZIdTVUd0IzWXdyLXc1bTV2OVJNVHhzU3JobWJZOEFKMHdIZjM2QkJ0VjRSQzE2djJUNWpZbkp2Zw?hl=en-US&gl=US&ceid=US%3Aen,Букви,12 hours ago,⚔️ Drone Warfare,https://news.google.com/api/attachments/CC8iK0NnNVlhMFZaWkhkblFtZExibEJ1VFJDZkF4ampCU2dLTWdhWlY1SkpwZ2M=-w200-h112-p-df-rw,2025-11-21T06:44:12.325872
‘Training for a War Without Drones’: Ukrainians Slam Polish Military Courses,https://news.google.com/read/CBMirwFBVV95cUxOSjRqYURmTm8tSmhuaXVmU2w5QzIxUGJVbk5YM1ZMWFA2S1pCQUZ6TGQxZ0FwNEZDRnhyazZlN1dNb3hvcUp6VFd4U2c5RU9LaVpHaVVBcmZ6UzctaVVXTUlJbzV2U29ucXB5eldJS1ZNT1huZ09YamlBUDZodlluVmpPWks1UnhyMFJLMEJXc1lzNGVJMHZTdVB4YXRSMnRUcVIzcFRWdy1lakNGd0Zr?hl=en-US&gl=US&ceid=US%3Aen,National Security Journal,13 hours ago,⚔️ Drone Warfare,https://news.google.com/api/attachments/CC8iL0NnNWpTRWMxYW5KYU1tbFVSRE4xVFJDZkF4ampCU2dLTWdrQmdKQzJLS2Vwa1FF=-w200-h112-p-df-rw,2025-11-21T06:44:12.325875
"Russian drone strikes UN warehouse in Dnipro, destroying 10,000 food packages for frontline civilians (PHOTOS)",https://news.google.com/read/CBMijAFBVV95cUxPOTFmR2J6X1hmU1ZQM25XN3lNVU9nZ1FOZVBOdEdmQm45MlRUd1ZHamdiVDdMODc1WERZOFVQZHhfRFJYUlU3c1hTeWpxS3hvbEJfNG83c085c0hVOTViUEl4ZUZkMnRIbXVsNUMtUmZVa19UTko2djI3VTNRUWlLLWNYeFJmVTItZ3hScQ?hl=en-US&gl=US&ceid=US%3Aen,Euromaidan Press,10 hours ago,⚔️ Drone Warfare,https://news.google.com/api/attachments/CC8iJ0NnNUtXR1JwVVhGV01ESlVTVFpqVFJDZkF4ampCU2dLTWdNeGtRNA=-w200-h112-p-df-rw,2025-11-21T06:44:12.325878
Video: Ukraine Searches for Strike Survivors as Peace Plan Is Floated,https://news.google.com/read/CBMinAFBVV95cUxQWGVkVVNVVFUyMW01Z3FJazRoeGU4YktPMzJNREFKak9RYW1JU3NrUmJPakJzTDA1T1hmX3FVbXFtZjBrbTJYbk1TM2kzN0xXMWt0Zm9aNExDT3g2OFo4N2xJNU5CTXN5TnF1d3A2eHNXWWpOLUZ0LTJBMnFhUzJSdThIZTNsX0VHQnpjMnRMaGd0UmZ4VUdZUWd2bDA?hl=en-US&gl=US&ceid=US%3Aen,The New York Times,14 hours ago,⚔️ Drone Warfare,https://news.google.com/api/attachments/CC8iK0NnNTBZbkZuUkhrMVpFeFhVVmhxVFJERUF4aW1CU2dLTWdhVmdZUk1PUVU=-w200-h112-p-df-rw,2025-11-21T06:44:12.325881
American volunteer injured by shrapnel from Russian drone strike in Ukraine,https://news.google.com/read/CBMiogFBVV95cUxOc1J5b183UER4LVZrT1RpVGFCcW5xY09ZMUtiRVJmWF85RWY1c0tvU0tJajN4RVd3S2ZqLUs2QzV1N2FHVG5wS2EyME9fYkJIZkd2OFdSMVFLNTd3T1l0S2NGSWlFQ20tVXNyMDB6aUdPeERlcVF0T0ZCdlNoSG1LTjRhbE9mUXh1SDVBY0V3dGFYNGpOQWpfZlRZQ0JucmJrMmc?hl=en-US&gl=US&ceid=US%3Aen,New York Post,8 hours ago,⚔️ Drone Warfare,"https://encrypted-tbn3.gstatic.com/faviconV2?url=https://nypost.com&client=NEWS_360&size=96&type=FAVICON&fallback_opts=TYPE,SIZE,URL",2025-11-21T06:44:12.325884
Rescuers Search for Survivors After Deadly Russian Drone Strike,https://news.google.com/read/CBMinAFBVV95cUxQVTNTb1JVSDlJemFUOG1XQ3g4YTdvUXdnYndLdmRVUld3T1FRbUJaSjNkY24tbUJ4a254SWpZQzFSaTFFY0JJZVltejFJd2s2cXpqLURPSjBUVmE5RWhienhQVHRVN3lQeUpsenNuejNEa21uQXJURmFRTGROQmc5V1BrOE5IRThYcTJqUzVHcl9nOHliZGdjUW5yRzU?hl=en-US&gl=US&ceid=US%3Aen,NTD News,2 hours ago,💥 Drone Strikes,https://news.google.com/api/attachments/CC8iL0NnNXdTbmhLWW1kZlgzSnlWazUxVFJDZkF4ampCU2dLTWdrZE1JaHJwR1llNXdJ=-w200-h112-p-df-rw,2025-11-21T06:44:12.325887
RFE/RL Reporter Captures Narrow Escape From Drone Attack On Camera,https://news.google.com/read/CBMijAFBVV95cUxNX3dhR1drRVM5akZMRFNPaDdGZ1BsdUtiUy1FTDd2cjNFa25RN0xsZ1hLQzFoZWFzWlFOM1dfTy1YZlZTZlotOFpZSGhnNTBGeV9LX0JLNTVtTW5ZR3hiaEt4c1Y1WEZSRjNGcVRGUGhqa2I5aDZyN0xUdGIwLUNxbUxuSFJWd01BaGFtWdIBjwFBVV95cUxQSlVhUVdlMXBscWxoencyOTJnVUZLa1JaYlhpYmJIZ2JsYjN0bV9IOFFiVktDR2h4d1ZHeEdZNmJtSGVBNk9WMjFVUU9Fb0NxVHpydlNZNmdOU3ZJZ19CamZ2cE83MGtDbXNuRER6Z1lpc1lQR09yNUhlUEVneV9wZXY5eEJEajBDU00wdFY5bw?hl=en-US&gl=US&ceid=US%3Aen,Radio Free Europe/Radio Liberty,13 hours ago,💥 Drone Strikes,https://news.google.com/api/attachments/CC8iK0NnNVVhRE5sVjFkd1pqTnpZMnd6VFJDZkF4amlCU2dLTWdZVktJeG9MZ1k=-w200-h112-p-df-rw,2025-11-21T06:44:12.325889
Vladimir Putin ‘paranoid’ about being killed in a drone strike and now ‘lives like Saddam Hussein’,https://news.google.com/read/CBMi2wFBVV95cUxPV1F3djlsWGc4bmhLVW9xdlRmWGFwYlA1bUhvdElZODkwTEdWa1U5M2MtbUVvUF9LSXc4STlyVTcyVUFiQ1RBYm5NS1hhYmJYRm9fcElTUElWbkZzOGMwbU9hTjBLdHVTRFRwOGV1TTFiU1B4UlJseGJSUEE5aXVKQTJVYnlWOTQ0b3hWTWZ2a0hIcFJtWmlJVktscVRtQWM3cDdWT3lQN0FsUmNjV0xieENGNm9VY19YSmhpdUNZNGRwbjNTUUhlT3hVUWUwcllidnplai15Rm1FSkU?hl=en-US&gl=US&ceid=US%3Aen,MSN,5 hours ago,💥 Drone Strikes,https://news.google.com/api/attachments/CC8iK0NnNHhkSGd0T1dNeExWcE9TVUZvVFJDZkF4akhCU2dLTWdhaFZwSUxKZ2c=-w200-h112-p-df-rw,2025-11-21T06:44:12.325892
"Russia downs 33 Ukrainian drones overnight, Defence Ministry says",https://news.google.com/read/CBMiywFBVV95cUxNOG1zV3B3RXdwdXRyWjlld1JYZ0NMQ04zaUV3cWZqYnd6WXNWdXMwNFBzSm5FMlBvaV9Bc2J3WnNRUVRJYklzd0pYVnBkbUl3RXJfT0FabE9ZMFlGN1hUR2JtNHBVbTJzWFVRUm8zWWJqeER1cDV6T0ZiUVlmS0JMNGx5YmtjMFJmUDZrczZSai1mbl91aGpkQzhGdm5VOTc3b2F6VVBKVTdqNlVuUVVfWWxEOGdBWV9nWG1fMVBsTTVTb3MwOGVlNkdiTdIB0gFBVV95cUxPYVFEOWtOeGR3Y2xoQlI1SDVmWHZYcDJMbnQ4NDFXY2hrdV92Z1ZwTVVDQTlwUDlaMnJDMWlMZDMwQU45aDU0Vlp6TDJwLXdPLTJvTFl4eGJDRXB5dTNvbWF2Vk1mR1hBT1FyN2VEWlYyZi1sSno5UFEtZElPMW5NM1FmSzBXU0FST05tSDBiRU9rSEVpWVMxcnh1Mzd3QUs3Um5RM2o1TW9LQUlhTjVmSTFvazU5WHVabVdxR3Yxd19DUm5GWlJ4aXlQTzd6UVVDZ0E?hl=en-US&gl=US&ceid=US%3Aen,The Hindu,33 minutes ago,💥 Drone Strikes,https://news.google.com/api/attachments/CC8iJ0NnNXZSMlZEUjNwS01rbG1iM2M0VFJDZkF4ampCU2dLTWdNTkZ4SQ=-w200-h112-p-df-rw,2025-11-21T06:44:12.325895
Russian drone strikes tanker in Ukraine’s Odesa after Zelenskyy closes US gas deal,https://news.google.com/read/CBMiggFBVV95cUxNelZpVFFUS1l0SU12ZFN2TXJid1VDTVRHZWdMSE5VWlhUNF9aVkVDXzJwVHE3VGlRRk04bzVoUnkxUE5kZWpQWlNMbEhVRko3M1dmMHVTOUNWNjlFU21WTHlRd3hlTDFTODNFV054M1MySGlpMG1UZWxNem1aa0dwWUln?hl=en-US&gl=US&ceid=US%3Aen,AOL.com,7 hours ago,💥 Drone Strikes,https://news.google.com/api/attachments/CC8iJ0NnNWZOME55TkVFNVFVdFhkSHBsVFJEb0FoaUFCU2dLTWdOWnNBWQ=-w200-h112-p-df-rw,2025-11-21T06:44:12.325898
Aftermath of a Russian drone attack in Zaporizhzhia,https://news.google.com/read/CBMi2gFBVV95cUxQc3RfcW1odVd6WHplTTdZLU1FWENKWW1uX2ZjTXlxSUl2SE1OdkIzRElyOWRNMmc5cmM0LVFRYW1TYXNiZUg0Q2ZQMFg5SGMwc01QR0FLb2MyWU1QTC1vdzhxZmpzUHI4VjBTNmdFVFFJOG83aC1RTEJId25OWkR6VmU0bkRXa0V4T29ucEJZRXVfTW9KM1RWZmUtY2c2amNNWTQxVlRza3pOd0JXM3JqdEg0Y2hjQ1d4QXlkRU1yaHRnbUctbXZndXhrUDVIUzh4VXRXUDR6LXNvQQ?hl=en-US&gl=US&ceid=US%3Aen,Reuters Connect,6 hours ago,💥 Drone Strikes,https://news.google.com/api/attachments/CC8iK0NnNUxXWE5NYURoU04yOXFiRVpVVFJDOUFSaUxBaWdCTWdhUnNZanRTQVE=-w200-h112-p-df-rw,2025-11-21T06:44:12.325901
UN World Food Programme Warehouse Damaged in Russian Drone Attack in Dnipro,https://news.google.com/read/CBMiuwFBVV95cUxQYXZ6RzFOUHp3TjVzcVBLSl9GN2otc29QUjZoQ3hyRXJWX3h3UnhITVVrRjJYcTFWTktSYWpjY2ZuUjRrUHpzUG9rVk5RQ2VDMWxPb0dncVZSU1FyellzNS1DT3pkS3BrdW1MTHVSVWxxMXJxNG12MC1MN3ZWb0k4aFlZZkpnMk9uY0RvRFc3MkdxaFgtRXZ1cGp4OVFWeTRjZ0Fyb0pzTTBxMjBjWTJuWDFDZUc3OHBnejgw?hl=en-US&gl=US&ceid=US%3Aen,UNITED24 Media,15 hours ago,💥 Drone Strikes,https://news.google.com/api/attachments/CC8iK0NnNXhMWFphUkZWUldGRXdlREIyVFJERUF4aW5CU2dLTWdZQlVJcUFwd1k=-w200-h112-p-df-rw,2025-11-21T06:44:12.325904
Pentagon’s growing list of ‘made in America’ drones has a loophole for certain parts made in China,https://news.google.com/read/CBMiigFBVV95cUxOTXo0aGtXTy11SVE3RkNsbER1T0lwajRRNGRueUV0cm1iUHB6eXA5dE5XWWQ1MWl1and5alhydmpCR1lkakFBajNUcWJrVGhWZGI3TmZLTEMzS25JSmpJMTlNZUlCTF85SE5vN0VMSG1xWk9XdWQzb3ZmZG1ZYVc5bURLVFlCZDJDTEE?hl=en-US&gl=US&ceid=US%3Aen,DefenseScoop,14 hours ago,🛩️ Military UAV,https://news.google.com/api/attachments/CC8iL0NnNU1TM05VVDFsNGVIRmZUVnBGVFJEWEF4aUxCU2dLTWdtTnc0YVBQZVdoVWdF=-w200-h112-p-df-rw,2025-11-21T06:44:12.325907
"IDF brass, security agencies meet to discuss response to drone threat",https://news.google.com/read/CBMikwFBVV95cUxPVE13bHQwcGVxQ0plYm9oMGFENk85bGhydklBREN6WXZqQTBmTGVMTHE1QnJqVDFpVVZqOE1maktyUmxOM3pJaVdobmc1U2JTUEFvakxaUExYZUc2WGlwZ1dlV0xaMU5tM2poaW9jNnRSN1N2b1hrU0lfby1mRzd6OEYxa2hvVnRGeGNhOHZpM3ctUUk?hl=en-US&gl=US&ceid=US%3Aen,JNS.org,1 hour ago,🛩️ Military UAV,https://news.google.com/api/attachments/CC8iJ0NnNVBTWEZJVG1OT1puWlpNMEZpVFJERUF4aW1CU2dLTWdNQmNCQQ=-w200-h112-p-df-rw,2025-11-21T06:44:12.325910
"Aero Vodochody Turns L-39NG Trainer Into a Drone Killer, Yet Can It Really Challenge the Super Tucano System's Dominance",https://news.google.com/read/CBMigAJBVV95cUxNcGJ6amd1OV9YQWtlWXhWbDVONlZZZkptdTRVNGVoSnBzRjZuTGx3cFRuQ1NtUmVidklMRHczVXk0U1FtSnk4bWRFX1lRSzBrWE1sUGJzN2QxcTBCa3Z3VEVvSzJqX1dQaGZiV0ZhQ3lwR1JNWXhKNWRjLXFTQWtlQ0RWTG8waU0tQXdJN0hpZlhUd3dOLXZaZVBMZFNhOWxvRFhVTzdKOVNXLUFTeHdOc2pxOTdfVlJMdm5WY2FJX1dzQmV3dTJaQ2c4djc2dzVlX01xbE13NTBCeDhXeE9sUmxLTXZJbzluU21jZjI4T1ZVMGlPZVNyWHd4WmRmNjVp?hl=en-US&gl=US&ceid=US%3Aen,Defense Express,3 hours ago,🛩️ Military UAV,https://news.google.com/api/attachments/CC8iI0NnNW9NemM0YkVsa1RWZDBkVzVtVFJDWEF4anhCU2dLTWdB=-w200-h112-p-df-rw,2025-11-21T06:44:12.325912
"The Rising Importance of Drone (UAV) Detection, Tracking, and Identification Systems",https://news.google.com/read/CBMi5wFBVV95cUxQQTVWc3hfbFl1VzV2MzFvTlFaR1pMOTd6YTJ3VlN6UVhTYkRXNVA4eGtCTHF2YmpGSzMyb3pNMTdVS01lUjhpMXI4TWdIOGhGdnczbEtIZzNJd3c2SzZPWTA0RUFpSkItbFRjeTNCVlEyZzZEWlhFVm9lMGFVeFBNZmpfSDdoMjlnYmNKSm0zUW8zaEhvTUc2TmdHSS02b1dqZkc3Z1RzaEZPWFlWQ3YyT0tBX0FDeGJaQmFKYWNmQWU5M2xMbXE5S0ZOZlUwU050Z1NMYXVmajRqTVprVzcwclh4V2c0RWc?hl=en-US&gl=US&ceid=US%3Aen,GlobeNewswire,16 hours ago,🛩️ Military UAV,https://news.google.com/api/attachments/CC8iKkNnNTJVa1ZvYTJ4NGVHWmtNamhNVFJCbkdLd0NLQW95QmhWRGdNMGhDUQ=-w200-h112-p-df-rw,2025-11-21T06:44:12.325916
Europe sleeps as Russia arms for the next Great War,https://news.google.com/read/CBMilgFBVV95cUxPRV9NNU5OWnlINUYxM2FLOGRVWldMMlhidlRSZnBmQmJZQlBWaDZQRVBweEJnSTZlbmhNZHJyRUJvc3Vrbm9oR2FSeVVWaDEtWVI4T1Z5SEhuMFlVTzhrTDd1V1prZWQ3Nm9GV2VPOXFqVEVqREkxZ3ZxLUJiMjJ2YWRualRMVFJ4V1Rpc0dTQ0lIVjZsY2c?hl=en-US&gl=US&ceid=US%3Aen,www.israelhayom.com,15 hours ago,🛩️ Military UAV,https://news.google.com/api/attachments/CC8iK0NnNXNWWEZWZFd0TlpYZzNhVVZXVFJERUF4aW1CU2dLTWdZQkZLQUtFZ3M=-w200-h112-p-df-rw,2025-11-21T06:44:12.325919
Unmanned Aerial Vehicles & Systems - October 2025,https://news.google.com/read/CBMidkFVX3lxTE1mZVlPQnZXbkFFRmtxYnlJSEE5T2xFeTJKcWVYaDB2ekIwemlnY2lFdzNUYWFnTFE2M1V2REJ5YVloSlZBZ25YelBiUjBydjdoTmllbTFpMFF2eTNNamZ0TnhZNlIxSEdfWm9YTDRETkJrNmhCeUE?hl=en-US&gl=US&ceid=US%3Aen,Tech Briefs,23 hours ago,🛩️ Military UAV,https://news.google.com/api/attachments/CC8iK0NnNWxhMlp5Tm1VMFVHcDFOM2RVVFJDREFoakNBU2dCTWdZSkVvSUhsUW8=-w200-h112-p-df-rw,2025-11-21T06:44:12.325923
Drone incursions raise national security concerns,https://news.google.com/read/CBMiigFBVV95cUxQMmJwYmY0ZHpOQk9NVzd5MzZNU3B5OVlKSnlPejBzS1Y3WXZaV2djNldVZFJDMThRRU5DaHVkNXAxQ0s1ZFRMaTBPOWxvNk9BQUZ4SnFVTjFIUDFJTlhsNU1tZWtRTzI5b3JHOXZkVHA5S1hDSDVFalc3eXg0TExsbi1aakl6Vzd4emc?hl=en-US&gl=US&ceid=US%3Aen,KSWO 7News,15 hours ago,🛩️ Military UAV,https://news.google.com/api/attachments/CC8iJ0NnNUxjVVp3TTJ0aFMzUXplWHBwVFJDZkF4ampCU2dLTWdPRk1RQQ=-w200-h112-p-df-rw,2025-11-21T06:44:12.325926
France’s Elistair Debuts Dual-Payload Tethered Drone That Runs 24 Hours Without Battery Swaps,https://news.google.com/read/CBMif0FVX3lxTFAwNk0zUnk3THp6SnA5bGtaT2s0WDR3cng4V1NzZk51bWFKdTNBZHhwV0xnOUEwbWJicnpWZEo2NEhfcUNxTFh1SkJiUXRfQ0w1YW0zSVdpb1FMU1B5WFFuazR5Y3M3VmtIRkZhZVlpQzhMakxyVTUyUTNkWGFJWmM?hl=en-US&gl=US&ceid=US%3Aen,DroneXL.co,17 hours ago,🎯 Tactical Drones,https://news.google.com/api/attachments/CC8iK0NnNTFSMUIwVVZjNGQxRkxiRGQxVFJEZEF4aURCU2dLTWdZZGxKYXNOUWM=-w200-h112-p-df-rw,2025-11-21T06:44:12.325929
Uzbekistan selects Airbus Flexrotor VTOL drone for long-range surveillance missions.,https://news.google.com/read/CBMi1wFBVV95cUxQdjMwaWdSbm9rVnNpR2NPanZoN2xpZ1dDVzh0WEZDTVBVVjc3UTRzUU1lNVFNb0FQajlLczBFbllLcUl2WUY4YWF5STVwVEJYR1NqcUF1QktOaWQtakJQWDB1dHpWRmxUWUZSTHlrZjhKcU52cFFaRldlMGl1T0l2YXBWSnJTdmNKbHI4VnN5X2wzZkxPb3VCM0JxeG95Q1FTcG5IOVN6V2I5ajI5NHBGaDI3Y25uS0J2UTBFM0hNYmFTWkhKb0syS2FmNkljNHJmdUQzTE1Idw?hl=en-US&gl=US&ceid=US%3Aen,Army Recognition,14 hours ago,🎯 Tactical Drones,https://news.google.com/api/attachments/CC8iK0NnNUtRMVUwUjFkcE5XVk9kMDVYVFJDOUF4aXhCU2dLTWdZRmNJTE9LUWs=-w200-h112-p-df-rw,2025-11-21T06:44:12.325931
Stove-Piped Systems Will Strangle Advanced AI in the Cradle,https://news.google.com/read/CBMimgFBVV95cUxNd3BWcllQQVJsdHZHeUVyQmdUVXd1SXd0ZzJ1TFA4TzZiUWtHOEJmWTlhMmkzSmRuTjEybWc5UVBtYkNJNU5yVlBkY2dPaVVPYWsxLVFUeWhqbW0yblJkQnhvNXhDTkFkalFTc29fcEVUQ0tTdjRaQjNSN2pwU1N3RlZhTDdVNWZ2Vm9zVnlubG51V2tsM3RPSG9n?hl=en-US&gl=US&ceid=US%3Aen,War on the Rocks,21 hours ago,🎯 Tactical Drones,https://news.google.com/api/attachments/CC8iK0NnNXRibU54ZGpsWGNtZGhOMng2VFJDZUF4amtCU2dLTWdhQk1ab1ZHUXM=-w200-h112-p-df-rw,2025-11-21T06:44:12.325933
"JATEC – first successes: counter-glide bomb technology, drone swarm system, tactical medicine",https://news.google.com/read/CBMi2gFBVV95cUxQcFIzM1c4Ui1TaW5Hb1lFWG80N1NmRnEyS0pLbk56THpqZmRjcjJaQktYMk5GUnU1VUZqYTNyd0Z4MHlTZHhiU0h1ajZMOU4wb1V4UGtWMVFWVTdxa21acGRhSU5nQVJGOFJpeFNkdFZiWDh5SDQ4N19MUWFib3dkUE5wZC1Va0ZCbnhxYVFTTG4xX1pQQUNSUWppdzJQOHpBRFpmOXUxOU9KVzRrXy1JZWQwYWhpUjlfWXNGYXh5a09qZ2xyX2RzbURGZVFiY2pqaXdZN21pSmFnQdIB3wFBVV95cUxOOTd0bzNaZk02R0RGdzREZGlMZFMwdmNVNC1Fano4NnBUMldJVWg1Mk5DS3BsMzBQeFhoYVdlcEtnUzZaSjJuMDRZRHJINXN5S1ZMWEdtcHQ0WGd1elNPeWFwMU9mR0xEeVQ5VFBvVk16UWJUT2NTdTRLMUxIc1BLbG0xRnE4ZkpDMTVGVGl3Z1BGZk1xMjlXTWdmZmJEemExTk94Z0wxVmdqLVlOY3BUNlN1MU5Kc255UDN6V2VuTnF6cGhmWGFQRlV2NjdrQUNVZElRN3RKN0Q1ckVudTFr?hl=en-US&gl=US&ceid=US%3Aen,Ukrinform,23 hours ago,🎯 Tactical Drones,https://news.google.com/api/attachments/CC8iK0NnNDNWV1ZETWsxQ1NGWnRVRFIxVFJEb0FoajJCQ2dLTWdZQmxvb0x3Z1E=-w200-h112-p-df-rw,2025-11-21T06:44:12.325935
Ultra-Compact 50cc Heavy Fuel Engine for Long-Endurance UAVs,https://news.google.com/read/CBMisAFBVV95cUxOOG0xeHVrZDVGQmlVLTY0SWVERkFYTFQwMy0xUmQtaUtQM09pZ3dvakp0R1VQV0t0RnIzdmE5NzN4UUdwTVpjM25YeldOb3piY0NLd2tVT0ZWeTVkQmt2S0I2RkkxY2twWXMwOEVjMGJpNFo4U0hJQUF5YURNVUg2eHk2TG1XMVJ2eDR5UDBYWW1VYkZicDBBaFBMY2pFOFpDV1NraEV3QzFsd0ZsZ05aaQ?hl=en-US&gl=US&ceid=US%3Aen,Unmanned Systems Technology,23 hours ago,🎯 Tactical Drones,https://news.google.com/api/attachments/CC8iK0NnNDVUbGszU0dKYWNteE1hbk5IVFJEY0F4aUVCU2dLTWdZTlZvcElLZ1U=-w200-h112-p-df-rw,2025-11-21T06:44:12.325936
Why Have Baloch Separatists Not Weaponized Drones Yet?,https://news.google.com/read/CBMijwFBVV95cUxPdHhCUmU1anl3VlQyckJPWXRsUFBCa0JvaWEyUTFOVmtGaTFKQmliTk84UWRldFFyNlhVZ0hqNVhNYWFXRlZrQjNqRXc4WG9TRldiSVFqcTdFMFVaWU5PSHhaaWRtbnRKTU9hVU5DaWhuSjRYemxxeFlaVU1qQmE3VlRURWZOY0xCQkdNM2tkSQ?hl=en-US&gl=US&ceid=US%3Aen,🎯 Tactical Drones News,15 hours ago,🎯 Tactical Drones,https://news.google.com/api/attachments/CC8iK0NnNHRXR1JLZFhKd1JHMVNNbE5yVFJESUFSaXNBaWdLTWdhUmxZN3B0UVU=-w200-h112-p-df-rw,2025-11-21T06:44:12.325938
Russian Drone and Missile Attacks Kill 26 in Ukraine,https://news.google.com/read/CBMipAFBVV95cUxPbnZsYWtiRzNQY2lLVF9xSzJ4U0EwSngzZC1ENjZkTlJUNzFKc1YzWHlqZlZNZ3pZTGQ2dDBqcER0MG9jZXJ1STlRTVlya0FObGdSVXVDc3Y0bm13M3IzSHBjWnk4Wlp1ZU4wb1F3RXFXQWZUelZ4aHdnTUdJOGV6OFc2a2plRTNIRF9obDVIY2NKR0JteVE4VjU3NWZxRmZteVpzNg?hl=en-US&gl=US&ceid=US%3Aen,Democracy Now!,15 hours ago,🇺🇦 Ukraine Drones,https://news.google.com/api/attachments/CC8iK0NnNHdlSHAyTFRCdVR5MHRkVkIzVFJDZkF4ampCU2dLTWdZUmdZU3R5UU0=-w200-h112-p-df-rw,2025-11-21T06:44:12.325940
Trump's peace plan for Ukraine: What we know so far,https://news.google.com/read/CBMiigFBVV95cUxQRHFTeDJwX0ktdjg3VmdWU0RBc0piMDB2TW41cXVpOVdTSUZ4MGFldS1jN25KbHZlZmFyejUzaW5wVTB2eG1wZklLenExX0xraHJUMmkzUUFpT0lhcUpLVUlYU0FTSVJFY2tGeDVXY3JtNjlkM254SVdfWGRCU1E5OTItQWpTRGdRdXfSAYoBQVVfeXFMUDNoamdTMEpKUXlCS2VFNG01NkF6MU5HREZYOFByc1Z1SGdLNVlqLW96UnZmR04yU0ttREVvd2I1Y21GQzBFaXFBX2NZd3FoM2ZMeUVBbVRxX1lnN2F0RHRQbVcwbDdvRGJHUzVZQmlFakhudDdlMDJpSXd6d3JjaG5uUFd1ck5vZ2xB?hl=en-US&gl=US&ceid=US%3Aen,DW,2 hours ago,🇺🇦 Ukraine Drones,https://news.google.com/api/attachments/CC8iK0NnNUliRXhYWW5sWFZtOWpWazVpVFJDcUJCaXFCQ2dLTWdZQmNJekFNZ2M=-w200-h112-p-df-rw,2025-11-21T06:44:12.325941
Video Drone shows Ukraine apartment block devastated by Russian strike,https://news.google.com/read/CBMitAFBVV95cUxOSGk4azBUazF6UWlMWEI0Yl9fNFVXaHgzVkswclVpTzRxY2ZVbTRIdmdFbnozcnB3TXJ1RHZzcEQ0SnBoSGZVclZQbGczYkdodlBLZ1J2V2JxTmpndVFRczRWTGxjTHNieEdoV3BYSFlGT1h1VGdReGRmc25nbGZxdEpTVkJwMThSdl9XbGxuSTgxWVJwTnFLOERGV2NPTUs3WnViY1M4LXJtWUw0ZXFQb3dmUE4?hl=en-US&gl=US&ceid=US%3Aen,ABC News,17 hours ago,🇺🇦 Ukraine Drones,https://news.google.com/api/attachments/CC8iK0NnNUlPV0ZqT1ZSQlYwVndRMmR3VFJEakJSaWZBeWdLTWdZQk1JYnZLQWM=-w200-h112-p-df-rw,2025-11-21T06:44:12.325943
2 Minutes. That’s How Long Many Drones Survive In The Constant Electronic Duel Over Ukraine.,https://news.google.com/read/CBMixAFBVV95cUxQNTlwdjJZVUlWbXd1Z3h6cGtjTENGckYta29raHBYSXphWDg2R0xRSC05azZFdi1NeHFoMkRkdzg5VGdjWDBGT1ExaVJjZ2RXXzZaaGVEVDlyZVN1S184QWlVX08teGVOM25aRE9TTjUzdWdLcExLeUF3ZWJIV0ZQd3Q2ZDZCOUo1RmJnaGFxbElSZHNuNVpobmN5WnhMNDRQbEtDTklsUEhWMndNMzdZLXJNVTNER3p3aXp2MzFQS2RRcW9M?hl=en-US&gl=US&ceid=US%3Aen,Medium,10 hours ago,🇺🇦 Ukraine Drones,https://news.google.com/api/attachments/CC8iK0NnNWFNamhPVERkTWMzcEtRVlpRVFJDUkF4ajlCU2dLTWdZUkFvNUtoZ3M=-w200-h112-p-df-rw,2025-11-21T06:44:12.325945
"Ukrainian drone-maker Skyfall shows off tech at Dubai Airshow, eyes US, NATO market",https://news.google.com/read/CBMiugFBVV95cUxQRWFuNE9PUVI1eTk0c0cyMzI3X2RxYjROcDVtU1VFdzRFUmkwb0ZhOUMtY2xDNkFSMzNIdDdXQVQ0VjRlMmx1VEpiRm00dWxhWlBQT25ocXNYRjNVbTY4TGhBZy1tWGJ3UVBFR2tWRlVZRzNObXBBbm5LY2UteDBFR292TVpGVVc5X241eklQNy1DcWJqZGFSR0JwaFVyLXlWNjZ6cjR6OVUxd2pBQmlHeHk5SHR2NFREY1E?hl=en-US&gl=US&ceid=US%3Aen,Breaking Defense,15 hours ago,🇺🇦 Ukraine Drones,https://news.google.com/api/attachments/CC8iK0NnNW5TbTV3T0RGT1kzWnpjVVpmVFJDZ0F4amlCU2dLTWdZTjRJSVEwUUk=-w200-h112-p-df-rw,2025-11-21T06:44:12.325946
"Russian Offensive Campaign Assessment, November 20, 2025",https://news.google.com/read/CBMirAFBVV95cUxOM0lNUHBIRWxNbi12UUkxYVgtMnNOOW1MT0lrcmpkMFlyOHhlbnVhWlZNUm1NbC1FRF9CZEI4dG9QZGFhU1oxZEVXZlB4LUQ2a2VaLXR3dWI0S3pBcUpvMmhuWDdoSEVZTXE5eUM0UnEtN1BmQnVidHBOWFdXUnZBUEpmUXdWUGVBR0o3SktBWTJpa3JEOFZhWUNYamtQaUxVYS1uS3gxUFVFYlJq?hl=en-US&gl=US&ceid=US%3Aen,Institute for the Study of War,3 hours ago,🇷🇺 Russia Drones,https://news.google.com/api/attachments/CC8iL0NnNUpkREZKWW5kVE0wOVRkRmRNVFJEckJCanZBeWdLTWdtQlFZNHdJU2VEN2dF=-w200-h112-p-df-rw,2025-11-21T06:44:12.325948
Homegrown Ukrainian drones take the war deep into Russia,https://news.google.com/read/CBMihgFBVV95cUxPSVAwZkhIX3pCU3JvVjk2YUI1WURxRlFtZUs3NDFzU1FPNENVMU15T0dncW0zYkFEblVhcnFfQ1Q0bkRXMWxWWnFvenU1emcwQ2t3UFdvd3ExdUlhX0Vibk03cEVHU28wRnYycHR4eGNGdTNuVlNCYXhTc0VZSkVpNUc4Um4wZw?hl=en-US&gl=US&ceid=US%3Aen,AOL.com,4 hours ago,🇷🇺 Russia Drones,https://news.google.com/api/attachments/CC8iK0NnNTFjV1pFUW5kSlkyeFROM1pyVFJDckF4aUFCU2dLTWdhaGtvenNzUVk=-w200-h112-p-df-rw,2025-11-21T06:44:12.325950
Ukraine Latest: Pokrovsk Under Pressure as Russia Uses Record Drone Barrages against Ukraine’s Cities and Power Grid,https://news.google.com/read/CBMi1gFBVV95cUxNZmZCcmwwZS11VGRQWldsNldBRXZLcTA5M2FmM21fbXVUVmg1U3g0RkZwQkhUUUx1U2pGLUc2WUlCbUNsZmVLa082YnA3aFpyVDhGY1kwV0s1a2JGOTROOVdtbTVsbzB1cGJNbTRGdHNGa2F4dE9SRjFtWG5Hck1vcTc5QnNBeG1hRE92aFR5NUFoYjhCSWxfeklkR0lEN1kxRTRoMVBVS1J1MkZrazFZRVluY1V5aW9YQVEzYlNsbk9FYzhQdVczTFBiVE9LVkV0U3k3T1p3?hl=en-US&gl=US&ceid=US%3Aen,Georgia Today,15 hours ago,🇷🇺 Russia Drones,https://news.google.com/api/attachments/CC8iJ0NnNXRNRzlsYVRaQlZqTnVURFp3VFJDUkF4ajlCU2dLTWdPcEF3UQ=-w200-h112-p-df-rw,2025-11-21T06:44:12.325951
Japan scrambles jets after ‘Chinese drone’ detected near southern island off Taiwan,https://news.google.com/read/CBMif0FVX3lxTE52MXQyaHc4WVY0TjV3alJLV1YtNWJ4RXVPUWxjX1k5YTZmYjBNSjBFUWs4cFczcE9qSmZEbm45M19CZ0V3NUxCZGt4SlRueUx3TkhuTXpLR0l6VENFd3k1eVBGWDRpYk1UUzRsVzMxbWRTcjU4LWh4azBaYzA1bjQ?hl=en-US&gl=US&ceid=US%3Aen,AOL.com,4 hours ago,🇨🇳 China Drones,https://news.google.com/api/attachments/CC8iK0NnNVNVR2t5TTJSUVdERktWREJhVFJDckF4aUFCU2dLTWdhcGc0TE50UVU=-w200-h112-p-df-rw,2025-11-21T06:44:12.325953
"Chinese Startup Debuts $45K Drone That Tows Paragliders To 3,400 Feet",https://news.google.com/read/CBMieEFVX3lxTE5ZQWZVTXhNaER6MmMxV2UtSGM5TlY2a0xkLXZrYjFxNXZTakIxY0E3UHhGanRqTDN3VlBKMGY2bTQwY0xWeEFRVWk2MXdOY29sWldzU2YtXzlXR2dXUC1NVEpwcXRPWHhYNWw4R04zcmVJRGZUYkFEZQ?hl=en-US&gl=US&ceid=US%3Aen,DroneXL.co,17 hours ago,🇨🇳 China Drones,https://news.google.com/api/attachments/CC8iJ0NnNWZhR0V3U0dSelFYVnNWWEZZVFJDc0JCaW9CQ2dLTWdNSkJnTQ=-w200-h112-p-df-rw,2025-11-21T06:44:12.325955
Chinese Drone Ban Is Necessary Despite the Pain,https://news.google.com/read/CBMiowFBVV95cUxQVGhSTTdmc21wRlZSY2NqWEtuMDRKdy12THhxSFpsOWU4Ym5MSGQ2RVlqRWRrVUlrMGNlSi00UXlQeHpmWkdjLXpjZUhPVzVEUGJBSl9qRGNEdzItb1NZNy1PeG0zcm14Sks5Ql9leXQtbjUyYmpKaEJNQjVnRDh6dlB0cmlXWVhpZVBNN3FJTzRvN0JmOWRlNWVldUluRWwyUDBZ?hl=en-US&gl=US&ceid=US%3Aen,Bloomberg.com,19 hours ago,🇨🇳 China Drones,https://news.google.com/api/attachments/CC8iK0NnNXRiRUZuVFRNeFdsWkVhVk5CVFJERUF4aW1CU2dLTWdZTkpZWm1HZ2s=-w200-h112-p-df-rw,2025-11-21T06:44:12.325956
US Stations MQ-9A Reaper Drone in Philippines to Aid in Maritime Patrols,https://news.google.com/read/CBMidEFVX3lxTE43VkEydGYwbTRzajNOOTBSa3N3N0RKdWk5elg2NFI2UkZEUUcxN3dTeUstdGE2UkpHRnNNQTFUMjIxUWNsbFdGaGlJekRHSjY0Wm9ReVlLQURYeS1tOXVTVHRwU0FHUktzVHZMVFFqbThiSlZr0gF6QVVfeXFMUGV3TzNXc3gwWlB4NWhBajhIYVo1VlVGSEs1VzNsT09ydkhGNExOQm9DaVlPdEFCQkRPeks5WXc1dzM2QkR4YTJzM0FtZ3hyLWV2SFg5RUZDVUFqNHRqaG9VVE82ZmxDdUJoREp2emYzZ20zVTI4c3F5ZkE?hl=en-US&gl=US&ceid=US%3Aen,The Defense Post,16 hours ago,🇨🇳 China Drones,https://news.google.com/api/attachments/CC8iK0NnNVRUblowTTFCa1lXZFRZbE5sVFJERUF4aW1CU2dLTWdhQkFvbU0wUU0=-w200-h112-p-df-rw,2025-11-21T06:44:12.325958
Early winter scenery across China,https://news.google.com/read/CBMiZEFVX3lxTFA4dEs2TU9GOHdCc0xCYzNobFJLVmxUV19JRUg5ZVpPbUtFbkJQUkpaa0JPcVZpMTJMempHZDBYT2dwR2ZzR1JvUE5mb0k2UGNzNFFWM1poQUpKVEZnUkVDajF2UU4?hl=en-US&gl=US&ceid=US%3Aen,People's Daily Online,6 hours ago,🇨🇳 China Drones,https://news.google.com/api/attachments/CC8iJ0NnNDRSM0J6ZEhkQlRVSnBRMkk0VFJDZkF4ampCU2dLTWdNQktoQQ=-w200-h112-p-df-rw,2025-11-21T06:44:12.325960
China’s Boar-Hunting Drones Fly Into a Legal Vacuum,https://news.google.com/read/CBMinwFBVV95cUxOeDJJQ1RRZUdmTktSZE9ZNDBYZDNjeGh4dXU0V1pobEdLYzNvajZqdmRhRlp4dkdJamRNVHRwV1YybTRtZDQ1bjFaaW90Tmkwa1NlNnlwQnVnMExreTVVNG13LVlnV1k0MGhJMDZTcWJnUnd1YmxPRXlOWFMyM3prNDZOT3k4OE11UENMRnNMR21fQ2Rpc0R6bm04UGRFcmc?hl=en-US&gl=US&ceid=US%3Aen,Sixth Tone,20 hours ago,🇨🇳 China Drones,https://news.google.com/api/attachments/CC8iK0NnNVRObDlXVWpaemIwaGxNSEJNVFJDSEF4aVBCaWdLTWdhVlVaYnpvQWc=-w200-h112-p-df-rw,2025-11-21T06:44:12.325962
The British universities helping China expand its military power,https://news.google.com/read/CBMipgFBVV95cUxNR1liRVRhNldEWVdEZzI0Rl9Ed04yRlRiNV8wMi1aQUVSeW1naU55U0hTMXNuZjZPUlhNbXZKTDNLR0JGcHJPWGdUaG92cVMzSHl5aHhxbnFZX19uU0hsZnd4V1Z3S2pXLVkyeDZveWJpdUZ6TnAtYXF5bzRmeEZEM1JrWklNN3FuNENkLTlBNzhvTldlZDEzdWhXbjl4WHQ0SFM4LXZ3?hl=en-US&gl=US&ceid=US%3Aen,The Telegraph,39 minutes ago,🇨🇳 China Drones,https://news.google.com/api/attachments/CC8iL0NnNDNWWEZoUVU4d1YwODVRMmRxVFJDUkF4aUFCU2dLTWdrQkFZQXVtZUl0bFFB=-w200-h112-p-df-rw,2025-11-21T06:44:12.325964
"Ukrainian Drone Pilots Wipe Out Ancient Chinese Type-63 Rocket Launcher, Video",https://news.google.com/read/CBMivgFBVV95cUxQdlNWV2dkcGQtWnkyTmxjZjVYT1NiMzZ4dF9mTUdTQjRfS3JWSno3ZHBtbWFqYmlFdUxIa0dGNHlXMkdYcGE1TTVGcXVNZjNTRzRuNUVITlNXMTJ0YTYxSFZ0NXlSOFEtUGJtbFpBUEh3eFpfTDV0YjI5Qi10R1FrcFRFeXRIYndmeUtPSXpRSjQ2ZTdaT3BRQlBUWkU3X1dTUExxQUhwV3A1LWg3ZEo5UzRyaEpScGVLRTVQcHR3?hl=en-US&gl=US&ceid=US%3Aen,UNITED24 Media,21 hours ago,🇨🇳 China Drones,https://news.google.com/api/attachments/CC8iK0NnNXRRVjlIZWxaeFFUQm5TRmhSVFJEZ0F4aUFCU2dLTWdZUkVveXFtUWs=-w200-h112-p-df-rw,2025-11-21T06:44:12.325965
Western Powers Submit Resolution to Clarify IAEA Reporting on Iran’s Nuclear Program,https://news.google.com/read/CBMiwgFBVV95cUxQU2lxYnB3YXdnVS1UeE9zaDZRZ2NRQ051Um41b1FIWUcxeDFhTlV3MXlNSGJLWDRuRXJvZlBRUW5MVnVKT2F6dF9uV2JxQ2s0RnhiSDd2ZmwyOHVpZ0hFYUlDZDVnS1E4WG9rTHRqTXZVWThIYjdJYzgxWV9ocEdUZW14OTlad0tlcXhHalN5Z004VmlXdkcwSVd6UV95S0E2MDZ0Y1ZvLTBhSk9qRy1QQlI5b1RrZG1sUTRfMjhoMF9id9IBwgFBVV95cUxQU2lxYnB3YXdnVS1UeE9zaDZRZ2NRQ051Um41b1FIWUcxeDFhTlV3MXlNSGJLWDRuRXJvZlBRUW5MVnVKT2F6dF9uV2JxQ2s0RnhiSDd2ZmwyOHVpZ0hFYUlDZDVnS1E4WG9rTHRqTXZVWThIYjdJYzgxWV9ocEdUZW14OTlad0tlcXhHalN5Z004VmlXdkcwSVd6UV95S0E2MDZ0Y1ZvLTBhSk9qRy1QQlI5b1RrZG1sUTRfMjhoMF9idw?hl=en-US&gl=US&ceid=US%3Aen,Iran Focus,10 hours ago,🇮🇷 Iran Drones,https://news.google.com/api/attachments/CC8iK0NnNXVhRlJKY0dwaE4zbDRlWEZHVFJDMkF4aTlCU2dLTWdZQllZb3VyUVU=-w200-h112-p-df-rw,2025-11-21T06:44:12.325967
"US Anti-cartel Campaign May Hit Iran Hardest, Former Intelligence Officer Says",https://news.google.com/read/CBMi2AFBVV95cUxPMXdyWnBtemRIV2tDYmhYRGRINE9ISW5sNnhLRkpvZ0FDSUNTNjlPRnpBM2tCLXJ6V3dVRHo3a2RhUFB6Wm8tMWZMVV9ZaDlPQk1FTDJxR1JDcWQzWkwtTW1JSmk4UDJETFRTTUZtd0VwRjZ3emM4TmJhVDg2WFIwQUE2SzBVdkp6LTJsb3IyZ3BuWFNXQVFKYVBNdExkUk9HNlZqU0dkZDVBVWw5cy05N0ZVcndrSU5YUlVlYmhxXzhJNUlpa2hucHRMSGwzYnlpR2RWenRFdjE?hl=en-US&gl=US&ceid=US%3Aen,i24NEWS,17 hours ago,🇮🇷 Iran Drones,https://news.google.com/api/attachments/CC8iL0NnNXNUakJ6TkhwUVIwSlphVkJqVFJERUF4aW5CU2dLTWdtTlZKQ05yU2VhcmdF=-w200-h112-p-df-rw,2025-11-21T06:44:12.325969
Will Trump’s sale of F-35s to Saudi Arabia reshape Middle East's military balance?,https://news.google.com/read/CBMiWEFVX3lxTE1OQnFjRVlxcHV2NDdscTd4ajdrbnhmQlpVd01kTTlaeGpXcnlod3EzME5xV21tMFhCM2k5eUxGRzBxem1yUUdOem5vcHdRUEdPYklqSnZZcjXSAV5BVV95cUxONmI4SVV5NW9HXzZBcFZmX0lFUVp0YV80SXRsYmd3RzRXcmg1dDBiUnNqVTNicFFoUW50dVBDNFhsYWxESzQ3MGcxaVBwYWJoVy16a1Q0NmtROTlIQWVn?hl=en-US&gl=US&ceid=US%3Aen,TRT World,16 hours ago,🇮🇷 Iran Drones,https://news.google.com/api/attachments/CC8iK0NnNTVaalk0YlY4MFVqbHVOVGhEVFJDM0FSaVRBaWdCTWdZRndvN21RQVk=-w200-h112-p-df-rw,2025-11-21T06:44:12.325970
"Mirror of Menace: As Hormuz Heats Up, Is Bab el-Mandeb Next?",https://news.google.com/read/CBMilwFBVV95cUxPNG91Q1k2elFnTTFBeldLUjZ0b0pjNUZpcFYzNXNMN3drSHFPQkwzVDZkT2RESUpqbDM4c0FMem1kM2NDYXN2dE5DYUR0UGFYVE15cHR0RkQ1N3pCTWUtMFRBVGJoU2M5WFFjRHo1RkJlNWUtcDFEbXdBa0JYaXA3MTd4b1Y0c1pTWmdBaEEtQ1h1NnR5cjB3?hl=en-US&gl=US&ceid=US%3Aen,horn review,18 hours ago,🇮🇷 Iran Drones,https://news.google.com/api/attachments/CC8iK0NnNWpTV2RzUlRkNldFRndOM0V3VFJDZkF4ampCU2dLTWdZQklZemtsZ28=-w200-h112-p-df-rw,2025-11-21T06:44:12.325972
US Imposes Sanctions on Networks Supporting Iran’s Illegal Oil Sales,https://news.google.com/read/CBMiowFBVV95cUxQZFQ2amNLQlIxaXhyZzBsazRvQVZoTi11dEctYUI4ajhNWWNpTFQxTEtpUUxGM0liWi05djBIUFpCX2g3V0U3dkxIYmxzeGJfcDJHbmRYZlZLX0Z6SUNsYXdyUzE2amVDSFUta2VaRnZVeUZ4UVh6Y1d2aWlranM4RFg5bmFzMjJWZi1UNDE0TzNTQTd0b2VRZmMtVy1Rc2VWc3Zn0gGjAUFVX3lxTFBkVDZqY0tCUjFpeHJnMGxrNG9BVmhOLXV0Ry1hQjhqOE1ZY2lMVDFMS2lRTEYzSWJaLTl2MEhQWkJfaDdXRTd2TEhibHN4Yl9wMkduZFhmVktfRnpJQ2xhd3JTMTZqZUNIVS1rZVpGdlV5RnhRWHpjV3ZpaWtqczhEWDluYXMyMlZmLVQ0MTRPM1NBN3RvZVFmYy1XLVFzZVZzdmc?hl=en-US&gl=US&ceid=US%3Aen,Букви,7 hours ago,🇮🇷 Iran Drones,"https://encrypted-tbn3.gstatic.com/faviconV2?url=https://mezha.net&client=NEWS_360&size=96&type=FAVICON&fallback_opts=TYPE,SIZE,URL",2025-11-21T06:44:12.325974
IRGC: Miscalculation of Iran's true power led to enemy's defeat in 12-day war,https://news.google.com/read/CBMiwwFBVV95cUxOZWtZMVRwdEFiNTU3SDUyRW94ZWljQk0teDdZa2hnRllqUVpjUWdHSmQ3SzhORzlzUkV2b1ZkbjlyZ0s4bkljaEhDRzhhcnVERFQxSkRBWkFVOEFXYmFVcG1fV0c3dHRRRlVmUUlwaUhUdml6VHhCeUlINVRUOFYzVmR4VnNRYWpuSnBhZVdULXA0Uk1HWkgzNFAzMEh5eWVsa2xOU0x1V2pXbGoxVGRTOGtZam5zSkgxcGpTZGRuTjVaN00?hl=en-US&gl=US&ceid=US%3Aen,PressTV,11 hours ago,🇮🇷 Iran Drones,https://news.google.com/api/attachments/CC8iK0NnNUpiRVEwUTI5amVISmZUSHB0VFJDZkF4amlCU2dLTWdhcE5ZRE5HUWs=-w200-h112-p-df-rw,2025-11-21T06:44:12.325976
‘Friendly country’ signs MoU to procure Pakistan’s JF-17 at Dubai Airshow — army,https://news.google.com/read/CBMiU0FVX3lxTE12VDA1a3YtaF9oQ04xeVBCZlphUTQ4eXU5VWtPdDdHVE1XWFU0WXZzRnVqRGItU213TDVtUXRYMGR0bUxjaFVzdUxLakk4aE96aURn?hl=en-US&gl=US&ceid=US%3Aen,Arab News,14 hours ago,🇮🇷 Iran Drones,https://news.google.com/api/attachments/CC8iK0NnNHliemxSTFhCdWJWTnlWbGxLVFJENUFoaWVCU2dLTWdZQnNvcHFRUVU=-w200-h112-p-df-rw,2025-11-21T06:44:12.325977
Iran releases Marshall Islands-flagged tanker and crew,https://news.google.com/read/CBMiqwFBVV95cUxOaVpKVXNoZHF3UDRwUGdkRm1MNkd2Ym9UNkh5MGJ3cG8zOTZIYU5KbFhadjZocXNmQTlLQ2pUV21UZHRFOFlTOHJBMG9hcVlTNUtqbkt6NWNhZVNTZ1NRY3RzVzBob0lBRFpSQlR4N3I3TC1nb2d6UTVfMFh3em9taDE2eGQ3Ujc2WVdUVmpXVnZGOTNvMUJoamNBbUtzSmhPejZ6VURNY0taeGs?hl=en-US&gl=US&ceid=US%3Aen,FlamboroughToday.com,14 hours ago,🇮🇷 Iran Drones,"https://encrypted-tbn0.gstatic.com/faviconV2?url=https://www.flamboroughtoday.com&client=NEWS_360&size=96&type=FAVICON&fallback_opts=TYPE,SIZE,URL",2025-11-21T06:44:12.325979
Displaced Lebanese architect driven from home by a talking Israeli drone,https://news.google.com/read/CBMipwFBVV95cUxPRzZzQWhmUlg5X1ptckxQOXltbEVDRFdDOGRoNDB4eEp6TktvWk9MOEwwRjZVZ2tnQXhFYzlndUt4QzRydl9EalZIbV9PZGVVc2tPdnJKcXhDNzEtaVB2d3U4NGNzLURaMzBCcW43cEZHRjB3aGVtclEyckVoWWhCcVNDV3RNOWw5Q3B3ZzBkWDh4MGFnRjNUSmxxeVozbXljd2xXNTNQVQ?hl=en-US&gl=US&ceid=US%3Aen,New Hampshire Public Radio,13 hours ago,🇮🇱 Israel Drones,https://news.google.com/api/attachments/CC8iK0NnNDFPWFZzTVRKSWMwdE5SVXRKVFJDY0FSaVlBaWdLTWdZTkFJQm0wQU0=-w200-h112-p-df-rw,2025-11-21T06:44:12.325981
Israel announces major expansion of its national drone and UTM programmes,https://news.google.com/read/CBMiuwFBVV95cUxPbFhyajlheGlod1dfdlgzMGdkbm50eDl2ZVhZekdOV0trSTJQc0VQUmN4NW9kSm90YXdmdEhxSThfQXIzeGNCQnduQ0ZMd2U0X3B0WjVyTDRIMDhoY3o1enVzNTctdmxCaFRGVkItVENkeXFNOGI1Mnktd2d6YWd5aF9PY2phdHRnWTMwYVpmb0gtbG5MRGFaY1VjQXRWTjAwZ2lvTzlzbHgwSDJKRWVnZVB0TWtoT0RfYUNN?hl=en-US&gl=US&ceid=US%3Aen,Unmanned airspace,19 hours ago,🇮🇱 Israel Drones,https://news.google.com/api/attachments/CC8iK0NnNUZjakpTUVRadVVXNUJNak5aVFJDdEF4akxCU2dLTWdhUkVZNU9sUXM=-w200-h112-p-df-rw,2025-11-21T06:44:12.325983
Rubble and drones: in the no-go zone between Lebanon and Israel,https://news.google.com/read/CBMirwFBVV95cUxPcTNzYVgxaGpYZWpCalZlWmhTSXRQX2tHY1Q4T0EzOGdfWktMN3k3OHRYaEM2cGp5OWtMMExlRTZzQUEzbW4tS2hKT0VKS3h1ampoTFNFNzEyeEFNTVp5QlV2R1hULWxXbmY5bUJmTTVibkpHMHBEZFZpLUctcG91SWo1Z3BzdFpJRDgzZW5uV2JiaTZvY0R5UjhZVE5yVjRkRk9oRzlXejJHODZFUDNV?hl=en-US&gl=US&ceid=US%3Aen,SWI swissinfo.ch,22 hours ago,🇮🇱 Israel Drones,https://news.google.com/api/attachments/CC8iL0NnNWxTSGxWTUcxdmJVOVFWMTltVFJERUF4aW1CU2dLTWdrQnNJNUd3bVVXandF=-w200-h112-p-df-rw,2025-11-21T06:44:12.325984
Israeli drone strike kills another Palestinian in Khan Younis,https://news.google.com/read/CBMitgFBVV95cUxPRFo2ZEFfNzFLTFk5TFpRZ0Mwc1RLT0Fac0JzYkJvV0U0aWVhdWJNU29uNVVNMjVxYlVsOUc5R2dEQS1TSUtxZXQyQWdrdnpRNmRGbUtrdXd3ZnR6QlNSZE4tMlgyanJTQzNWUEhXQnJnMDZydG5waEdVMndXS3VoOHJhNXlvano5cDZxNlBqY05vZEszSWU2bHRBcGpuZ2RLRXRuXzVTVDJ2NWZuaUt4LVZkSnpQdw?hl=en-US&gl=US&ceid=US%3Aen,Middle East Eye,19 hours ago,🇮🇱 Israel Drones,https://news.google.com/api/attachments/CC8iL0NnNHpVM0poTjIxa2JXaDNibTF4VFJDZkF4ampCU2dLTWdtQklvYUVIV1RnOHdB=-w200-h112-p-df-rw,2025-11-21T06:44:12.325986
"Airwayz to Lead Large-Scale, Multi-Regionand Multi-Operator Operations AcrossIsrael Under the INDI3 National Drone Initiative",https://news.google.com/read/CBMi7gFBVV95cUxPQWh0cmlDdGZHRm5rcWdHeV9OT3paZmxiTkVyZHhLUVRKVVZEdVVnRnVHbDVONkcyTWdJMklQc0NSUThTQ0p6anBKaVdIN2VNUHhWQ1hQcnRTYWdtZFJlQ21hZzFhWGUzaFB4T3BfblF0OWN1dVNCS2N4RWZyN211NERLZ3BkSkVrZDRIRFVQTE1wY0dWVkU0V0ZScVIzc3FSQjdZaURqTDNhczZvOXhfa3A2UVItSjhYbG9qMVc2R1JralJ2V2ZueDN1cWUwREREWEJIZE5oNFY3aEZsZ1dCc2hWUjdZWFVMM085bUtB?hl=en-US&gl=US&ceid=US%3Aen,sUAS News,20 hours ago,🇮🇱 Israel Drones,https://news.google.com/api/attachments/CC8iK0NnNUNiRkp4ZGxaVGRVdEtNRkl5VFJDZ0F4amhCU2dLTWdZUkVvcE9sUXM=-w200-h112-p-df-rw,2025-11-21T06:44:12.325988
"Israel, US to accelerate Iron Dome, Iron Beam production",https://news.google.com/read/CBMiXEFVX3lxTE5FMXEtbVVBM1lJUVhQWTdZN2lLaGdZTnhuelpMWUZqdjVqVzl2RlBKVGJraG9USVlOZWdUVUtfSVBNU2JFcXg4LXkxN3VYbHRMWE5YLTNKazZZSV95?hl=en-US&gl=US&ceid=US%3Aen,The Jerusalem Post,12 hours ago,🇮🇱 Israel Drones,https://news.google.com/api/attachments/CC8iK0NnNHplRkY2UlZaalJXWnBURVZKVFJDZkF4ampCU2dLTWdheFJJNlFwUWM=-w200-h112-p-df-rw,2025-11-21T06:44:12.325990
Israel advances to next stage of drone-based commercial deliveries,https://news.google.com/read/CBMikAFBVV95cUxQQ1FEYWJkWlVhMEREZHJCME1vcXZzZlVIVHdVTjBzRmo5UjhpTUNEdE5GZFFVY1JPUEkyMGlYS3l0clBVeGdwRWZ1UWR3U0ZsUUF5d0tqanMwZjlQX1p3aURoZ1ZBYTFoNlVWS19CTFhnWGFHaFJ3MkN2NVlWZjZGQ0RHYzVSS2lxbm43TWtnbXU?hl=en-US&gl=US&ceid=US%3Aen,JNS.org,19 hours ago,🇮🇱 Israel Drones,https://news.google.com/api/attachments/CC8iK0NnNWplbVp1UVhwb1FVZHJhVE5RVFJERUF4aW1CU2dLTWdhWkE0enRzUVk=-w200-h112-p-df-rw,2025-11-21T06:44:12.325992
Indian Air Force's Israel-made Heron surveillance drone makes emergency landing in Jaisalmer,https://news.google.com/read/CBMi-gFBVV95cUxNR0piaEZ3dXVMU3NQaVdQYWN0alRHNmtweGhSNHJLRHppbGk4V25OS1VxejFUWGxlSzFib0JNbmE2ZEgwRVdXeExidzFLN09TdmlObWJ2RlZVQk9ZT1NSTkg4WEMybHRrb3ZHRWJrMkdUSldUbl9IM2lOdTRWWmw5NlNKbzVOdUVVMy0xRGNoWUF1cU1nMVowM0NzTjc0MlJTZWNUS2haYUpWREFXeDhNcEFraERqNGhjYjY2dFgtRF9Tb01LQ1F6SURVQi1rY1BEa0NFT05SWFE2QzNEUEZaeXdpOGZFRzZNMmpOYWNwODJoRW1LSFotZXlB0gH_AUFVX3lxTE83TGlsRUNteGVxSUFTNjFWYUNuMjNiZ2hNb1BiVThpVHFnbDBGejJxX3JRZjZMLUs4TnJCNHZwUHo2dEdjbTk2LTdQb3pfOFI3cVIxVmFXcU8xVG9CVTdNZm82X2l4UHptNlNnd0RwUGZ4bjR5dVE2YmtxTmhpVEEtblBjbllKNHZFcUJDX2RfWWJVTVRYUS0wZ3NiVS1sVkQ1TzVtV3ltbzVpNWlMVkNkWGRVOTgzR214YjVLRWdjdTNJZGRSam5pS050QTB2eXFJaUstYVFxV2dQSUluUE1PUklpVS1ZRjhEaW80cW0zZU5GT3NELVJxWThZR25GYw?hl=en-US&gl=US&ceid=US%3Aen,Times of India,20 hours ago,🇮🇱 Israel Drones,https://news.google.com/api/attachments/CC8iK0NnNUZNRVpwWlhKS2NWZzNkV1EyVFJDZkF4ampCU2dLTWdZUmxaUUp1Z1k=-w200-h112-p-df-rw,2025-11-21T06:44:12.325993
"North Korean soldiers are flying drones for Russia and directing strikes in Ukraine, Kyiv says",https://news.google.com/read/CBMihgFBVV95cUxQclRubkxhZ2xsSVZSZTMteHo4cUI4Y3hBVWdYNXRrRklROXZFM1Z6VWg3Rk9NTFpqRDRVay1MQmJHcUI0V2ZINGhCcWt3dUxDOHZwdTMwc2kzckJBVmRSYXdJcm5VRGZmRjE5WTlZS21vWDNwbUZTZXZRdUtVWDhiMWNqaEhUQQ?hl=en-US&gl=US&ceid=US%3Aen,AOL.com,22 hours ago,🇰🇵 DPRK Drones,https://news.google.com/api/attachments/CC8iK0NnNU5kVGc1VVVKT1FYRXhSekoyVFJDakF4aUFCU2dLTWdZQndJSzQxQU0=-w200-h112-p-df-rw,2025-11-21T06:44:12.325995
New indictment accuses Yoon of manipulating investigation of South Korean marine's drowning,https://news.google.com/read/CBMixgFBVV95cUxQTkY0R3B1cUV1b3VqaVhNQXdpcnhhcGhaTEV0aDBpUXJUTkhSOTJJbUw4eG1WcU8wbW1oX3VTUHEwakNNX0RKMzZaT3RsVkdkMnpSbXpJdkU1djN4UEhKdGNZODhmZW93eU5abWdzakRyRmNadlJNUzVWQ29NM1Q3Q1BidzJNb25mLXREV1Y2dU1KQTZmUmxVMVdhdktrdDZwZEtEVFZLLUtTdEM1bXhHMENTMDRUekJ3bzdNXzhBMEJNUFh6bGc?hl=en-US&gl=US&ceid=US%3Aen,WRAL,35 minutes ago,🇰🇵 DPRK Drones,https://news.google.com/api/attachments/CC8iK0NnNVJUemxJZG0xM2VqZzVTMXB6VFJERUF4aW1CU2dLTWdhUlFKYk1HUW8=-w200-h112-p-df-rw,2025-11-21T06:44:12.325997
"North Korea forges closer ties with Russia, China in quest for new power bloc",https://news.google.com/read/CBMivwFBVV95cUxPX21hYm1JdlVFdXRLTXBFTERRWk0tSHMzOFBTaFd4Tjh6NWo1cEMwRTZZYjhrbTZGQTllRFY4VzFKYTl4MGdZWFEteTdYdXUzYVpIUkwyQnd5N002WjU1OTltQUFsdDBlYzdaejVZVHpiVnQyUy1YbXVEVFl1akdGUm5TZDRNdXRUWGJPYzlLRjJ6WDRNTld1V0c1RHplNXFXWFBsMXY4X2FETDJHOEVoQmVHUGRQYlh1QU1UenRkRQ?hl=en-US&gl=US&ceid=US%3Aen,Nikkei Asia,9 hours ago,🇰🇵 DPRK Drones,https://news.google.com/api/attachments/CC8iMkNnNXRPR2h5V1hGTmR6QjBVMEZVVFJDZ0F4amlCU2dLTWdzQm9KQnZOZWZJcnBsSFhB=-w200-h112-p-df-rw,2025-11-21T06:44:12.325998
Details emerge of Yoon’s defense chief ordering strikes in response to North Korean trash balloons,https://news.google.com/read/CBMie0FVX3lxTE1wdWh3WXdGR2QwQWl1YjM2d1lkV2ZOeU9TZG9DYXFqd1ctcS1wbFNTMVZDaVlVVWdmR2I1NFA0WGMyUnBkUlU3Ukl0cmxNRkZMR3VUcU11MGc0YmVSckJTTnJBbjczN0RyNTZOU2xhT05CYmlxbmNuMWlSWQ?hl=en-US&gl=US&ceid=US%3Aen,Hankyoreh : English Edition,21 hours ago,🇰🇵 DPRK Drones,https://news.google.com/api/attachments/CC8iL0NnNXVNR0ZZYW10RmNFRkdkRWwxVFJEZEFoakdCQ2dLTWdrQklKeVZuR214U0FJ=-w200-h112-p-df-rw,2025-11-21T06:44:12.326000
"Dick Cheney's funeral brings bipartisan tributes, but Trump was not invited",https://news.google.com/read/CBMi3wFBVV95cUxPSUI1LVNfTEpGVC1Yd2FGRFB0VW5aaGVILWcxckttM0NvUVNWVmplZkRQSm1Zdy12SFVTU0pxUXRwc3VlY1Jkd2h1ZDdCNGNEVVFsX0xYMFZBVVZJV25kbllCOW13Q0wycGdNYU1ZZkprZERvNTJNVUliVEFFV3hUcHotSmFvem5ZTFlNN0dVZUxGTjBBTVc2d2g5cW9oX2JETlNuTFM0dy1Pbmd6UHBHMDczVHdYLVVmRkN6UnpGa1JfdGJQTmdZM3ZBOW13VW41WTVhbURtRUZqS1pQdl9j?hl=en-US&gl=US&ceid=US%3Aen,Korea JoongAng Daily,5 hours ago,🇰🇵 DPRK Drones,https://news.google.com/api/attachments/CC8iK0NnNW1PWFIxU0VsclJWSlhXR053VFJERUF4aW1CU2dLTWdZRklvcE5JUWs=-w200-h112-p-df-rw,2025-11-21T06:44:12.326002
Seven Daejeon Defense and Drone Companies Achieve $15.21 Million in Business Consultations in Poland,https://news.google.com/read/CBMidEFVX3lxTE85aTVLMWg0RVdrc2ZpTGVxVVkzaU5fSkgwdExmMk5KMk9aRENINUNZellvV3NpSExZQ1Q4eDl1aTlTVk9TRldlVUkwS2wzTUJYcHJzRXo2QUFzSXFKbXA5WTJJNVVjY1pZNnI1QXIzUTczRm5j?hl=en-US&gl=US&ceid=US%3Aen,아시아경제,4 hours ago,🇰🇵 DPRK Drones,https://news.google.com/api/attachments/CC8iL0NnNU1aRmxLU25scGNVODFRVEo1VFJDekF4akNCU2dLTWdrQmdJcFV1R1N3elFF=-w200-h112-p-df-rw,2025-11-21T06:44:12.326004
Ukraine updates: UK's Starmer to meet Trump in Washington,https://news.google.com/read/CBMi8gJBVV95cUxQcTRfS0VzNW12eG8zWEEzZHFnTTEtc3k5QjlJN2YxaUttQWt0MkxtRDZ1RkVYNjRWdXdYNko5NG5fM0puVElOelJfdmJLUGl3NDd4YXR3QUEtbzRuZk5XTHJHR2ttZXNXOS14TlZ1Qm1yZDY1MHJxb0Y5UE0zMHVaYkx5Tk1JMS1rMFZfVzVmODV2MDBMajJPTm5fR2FyNmFtT3VFS1ZHSmlsQ0twQ2ZGSzBMLWtiQ0ZNel9YdWd0dXB5QktKRlJCdk8yVWVBMTBaRU5ESWJwOW1ldGNiUVNRSTNWZk5yRHdzTjFOQy1tc1BDdkNNeE5rakRqOFpkM2dNZmZFbnctbEI2Z3E2UWtZNG0xVmJJTmJRWHBEemd2Z2M1bFFCcDdZdENBWGpuOWx2VDliT29HRnZXdC1KNFlmOUVkTzV4VTV2d2NMRk1rR3paVlZra1YtRTFnRGxzaWlmSHdaMXVsUFNabXNURWV3TVN3?hl=en-US&gl=US&ceid=US%3Aen,MSN,10 hours ago,🇰🇵 DPRK Drones,"https://encrypted-tbn2.gstatic.com/faviconV2?url=https://www.msn.com&client=NEWS_360&size=96&type=FAVICON&fallback_opts=TYPE,SIZE,URL",2025-11-21T06:44:12.326006
"Middle East and North Africa Drones and UAV Market to Hit $1,195.7",https://news.google.com/read/CBMiowFBVV95cUxQR1ZFYkJaTVpTdTFVcFd6ZHp0VWxpM0swcVNtcURQUGZoQmNKeEFVcGRaalhXd2c1QmN4eGk3bTJEZDR5QVhTcVJUSEJKZTR1RTFmUVJiRGk2REt6cGxOVjdIUElsLVZ3OTVLUUpqYW5MUXVybUpudllVVTdmbXlCczNZTW9pZVNncjJldlNzcUhlTVFkbDBrWTJ2RjJsOGJjcG9z?hl=en-US&gl=US&ceid=US%3Aen,openPR.com,19 hours ago,🇰🇵 DPRK Drones,https://news.google.com/api/attachments/CC8iJ0NnNXBSRUYyTFZNeFRHaElPRkJmVFJEaEFSamhBU2dCTWdNQlVBWQ=-w200-h112-p-df-rw,2025-11-21T06:44:12.326007
"View of Bosphorus Strait in Istanbul, Türkiye",https://news.google.com/read/CBMihgFBVV95cUxPVzQ2UldYN0M3MUNPRkpPRjhIYTJua25vZ0ZOWlV1ZWVOcWMtMVlRLUViaF8xOHZTSWlhUXVBYzB3VGdHSXA4OG15T2ljQjU2VlJaV2RLTmRZdFR1Qkl4dXNDNF9QQVpVamJWYW9IUHdXUEpmcXZyU0p5SFU3V2FQOGx5RG12Zw?hl=en-US&gl=US&ceid=US%3Aen,Xinhua,6 hours ago,🇹🇷 Turkey Drones,https://news.google.com/api/attachments/CC8iJ0NnNU5NVTVTUm01bExXVlVPWFI0VFJES0F4aWRCU2dLTWdPQmtBbw=-w200-h112-p-df-rw,2025-11-21T06:44:12.326009
Turkey’s SHORAD System Is Designed to Knock Drone Swarms Out of the Sky,https://news.google.com/read/CBMisgFBVV95cUxPNlNIdFZUTnlscXpTRjNFaFdaNUdXbVpKVDFXZWJVQVp0bi1NckJUajZSSG5ZcXZCdS1YLThYZExoalFPdEdUQUJfQkIydVFWcXdVV1FqVjVKb3QxVzhZbXYxS3JXRDhiX2V2OTJLc21yY0JtNlU2LUZwejJ0Z2dXbDV2QWxzbjJXMXRuV0I0TUt1QU05WHgwUllfLUwwbHQ4UXlpMUkzcTZiY3E2QmhfVnFR?hl=en-US&gl=US&ceid=US%3Aen,nationalinterest.org,14 hours ago,🇹🇷 Turkey Drones,https://news.google.com/api/attachments/CC8iK0NnNXlibDkwY2tkTlVtNXRVMTl3VFJDZkF4ampCU2dLTWdhcFlZWXZxUVk=-w200-h112-p-df-rw,2025-11-21T06:44:12.326011
Stunning shot of Turkish rider wins top drone photography prize,https://news.google.com/read/CBMi6gFBVV95cUxNNG5uMERNM0djNHUxb0VnN2Y4NG1aNkVHb1NuT1h1aFhsMDA3Q3QyN3FVbkpHbHNNakZCNG5HQ0NWR0MxdjhLXzVRMW1uaXd3eDNGQ3g5LWlrNDBoTDJvV0JWaDRWSnlKbXNlUmNaUFd3UmRSOC1FNm1SUmNFYXlZVlhyV1lfNlFZQ053aE5USWlNVG9IYlZMNUVPOTVOV05haWh2RTJpZnRYR2x5U0xyOFJPRWhMempSWVJyOXRGQTBMOE1kR3hVZWVQMmJ2ZDItYktOTENkd2s3RnV5X3d4dWF2TkRWbHZ6N1E?hl=en-US&gl=US&ceid=US%3Aen,The Grand Junction Daily Sentinel,12 hours ago,🇹🇷 Turkey Drones,https://news.google.com/api/attachments/CC8iK0NnNDFlRk5rY2tGNmQycExkamMwVFJEQUFoaVFBeWdLTWdZQkFaVEZoQWs=-w200-h112-p-df-rw,2025-11-21T06:44:12.326013
Turkish UCAV ‘Shoots Down’ F-16 In Simulated Drone vs Jet Test; Turks Claim Big Success With Kızılelma,https://news.google.com/read/CBMimwFBVV95cUxOeF9hdlRuTFpDQW1JMWk4SG1pVEhrakQyTjRaNThOS1JEM0cxNnYxV0Rmd09IN1RKTVNkaFRlbFZMVjBsckhyOFJURnlWa1pyVGc3ckp2dTgxSjRHSFljRzR5N0liVE5wa1h6RFlFSkhTdjJCWGlsNzFneU5NVV9wNHBaaVZtUGxQZ09qM2p1YjRfNVJIbk1ZUVNtY9IBmwFBVV95cUxOeF9hdlRuTFpDQW1JMWk4SG1pVEhrakQyTjRaNThOS1JEM0cxNnYxV0Rmd09IN1RKTVNkaFRlbFZMVjBsckhyOFJURnlWa1pyVGc3ckp2dTgxSjRHSFljRzR5N0liVE5wa1h6RFlFSkhTdjJCWGlsNzFneU5NVV9wNHBaaVZtUGxQZ09qM2p1YjRfNVJIbk1ZUVNtYw?hl=en-US&gl=US&ceid=US%3Aen,EurAsian Times,4 hours ago,🇹🇷 Turkey Drones,https://news.google.com/api/attachments/CC8iK0NnNXFhR1EyU0VOQ1dIQkRRbmhtVFJDMkF4aTlCU2dLTWdZQmtKQnR0UVk=-w200-h112-p-df-rw,2025-11-21T06:44:12.326014
Russian attack kills 25 in Ukraine’s Ternopil as Zelenskyy meets Erdogan in Turkey,https://news.google.com/read/CBMi0AFBVV95cUxNODVyUFdVcE93WlN2Sk84SEZCV0tuTHZacHRmQ3k3TDBvQlRCdG1hRjd5ZXNVSkFyQUVqcnpvbEpDeElYMVo2NlhxR3RWeEY4N1A5QWhBbUVGQlh0ZUNnekRQSERjRkRRekZWTUJVOE12X2J0XzJjeGdqNW03UnJiaVExbWxNeFFvSURfOG1jbmU4RW1NTlJlWl9xY0xxODYyVmVxSXdhaFB3QW81d0c4bWxZMFp3Vm52VG1FOExTbGEyUzNWQUJUSVZ4WUFyNVB3?hl=en-US&gl=US&ceid=US%3Aen,The Washington Post,23 hours ago,🇹🇷 Turkey Drones,https://news.google.com/api/attachments/CC8iK0NnNXFibkpJVGs5WlpVOHRhVloxVFJERUF4aW1CU2dLTWdZQkFJWUdTZ00=-w200-h112-p-df-rw,2025-11-21T06:44:12.326016
Turkish combat drone KIZILELMA scores virtual hit on F-16 fighter jet - PHOTO / VIDEO,https://news.google.com/read/CBMinAFBVV95cUxQVERfZTBsVmktUWhiR1BkNXdoNWxCUEVPbV9sUGdDUllSLVAyQmVIcVpPdThXcGFnVmRIWkdmSnpCb0VOUW9GZWJQbms2QjVrREN4TVlDbE9UMk5Od2ZuOUFoMGRfNXhLZHVPM1JKZUlQZGYtOUxIQzhIdmlWWjlkWl9xbk5vOWVwRjlqV293M2hEY0JuclF1bDY2OUg?hl=en-US&gl=US&ceid=US%3Aen,Caliber.Az,18 hours ago,🇹🇷 Turkey Drones,https://news.google.com/api/attachments/CC8iK0NnNWtXVXN0YUMxWFdsOW1hbE5hVFJDZkF4ampCU2dLTWdhbGxZak5OUVk=-w200-h112-p-df-rw,2025-11-21T06:44:12.326018
Baykar’s Kizilelma: Stopgap measure or another game changer for Türkiye?,https://news.google.com/read/CBMitgFBVV95cUxPdmwxWDRjc3RGYi1kcm9LZzBXbmd5d1hsdFQ2VXBWLXMteWJqbzF3WG85MHlMRU1ZVjYzZERLVDZycWNXWHpLQTc3ZTZOTVVjYnA1cVQ4eVVrS3ljWUg0MkpCRWQ0TG1vZ3h4ckVVMk5iYlJLcWV2ZzY1VGhWSk55ZDVKUWNFT19ZUWJwNV9XSVpScUhjOTZpcVRBNU41cmt3OVB4WW1TcTVFZ096amhkVFlzUnE4dw?hl=en-US&gl=US&ceid=US%3Aen,Türkiye Today,22 hours ago,🇹🇷 Turkey Drones,https://news.google.com/api/attachments/CC8iK0NnNUxVV05TYVZCcVRIcERiMDVpVFJERUF4aW1CU2dLTWdhSllaZ1JMUWc=-w200-h112-p-df-rw,2025-11-21T06:44:12.326021
Rift Raises €4.6M to Build European Network for On-Demand Aerial Intelligence,https://news.google.com/read/CBMigwFBVV95cUxQLTNJbVpMdWl0bVZGWU5MOUZOSnVWd2IzdGVnaWFPd3ZabWtBRi0zX0dxcUJ4WGRYWTY3dktrXy1FTkRQY1hROXd1akFyVXMwX3Itd1BBSEpHUWRLQ3ZGc3dxS2FCZUNwT2t5cmJTYzBIZHdZcExwVnZibHZyWmJoZHp2UdIBgwFBVV95cUxQLTNJbVpMdWl0bVZGWU5MOUZOSnVWd2IzdGVnaWFPd3ZabWtBRi0zX0dxcUJ4WGRYWTY3dktrXy1FTkRQY1hROXd1akFyVXMwX3Itd1BBSEpHUWRLQ3ZGc3dxS2FCZUNwT2t5cmJTYzBIZHdZcExwVnZibHZyWmJoZHp2UQ?hl=en-US&gl=US&ceid=US%3Aen,Dronelife,15 hours ago,🤖 Autonomous Drones,https://news.google.com/api/attachments/CC8iK0NnNDJPV3c0VW5sMlZucHRXbnBNVFJEOUF4amJCQ2dLTWdhUmtwQ3N2UVk=-w200-h112-p-df-rw,2025-11-21T06:44:12.326023
"Next in aerial autonomous weapons: 'Operator on the loop, but not in it' | Daily Sabah",https://news.google.com/read/CBMiswFBVV95cUxNVHZLdmUyUDk5VDdERXRSdXM4Zm9CYjJiQVZueWpRUEsyM1FsZG9uc3dBNWFyV3JVeFMyQU5qTlN1YXRZc1d5Q09uZWl2TUpISUs2MjZ2dmtYanVENHlnWV9PMUJFNFlXZ1pnVHpmRGVsV2hyRzdEbUdLNDRyMTY1cGpReXdYbWRHZG5iMGJrekpHeGxUN0EyRms5Rzl1SUhXWnloNTZIOVU1WmF6MFpiOG5aNNIBswFBVV95cUxNVHZLdmUyUDk5VDdERXRSdXM4Zm9CYjJiQVZueWpRUEsyM1FsZG9uc3dBNWFyV3JVeFMyQU5qTlN1YXRZc1d5Q09uZWl2TUpISUs2MjZ2dmtYanVENHlnWV9PMUJFNFlXZ1pnVHpmRGVsV2hyRzdEbUdLNDRyMTY1cGpReXdYbWRHZG5iMGJrekpHeGxUN0EyRms5Rzl1SUhXWnloNTZIOVU1WmF6MFpiOG5aNA?hl=en-US&gl=US&ceid=US%3Aen,Daily Sabah,9 hours ago,🤖 Autonomous Drones,"https://encrypted-tbn2.gstatic.com/faviconV2?url=https://www.dailysabah.com&client=NEWS_360&size=96&type=FAVICON&fallback_opts=TYPE,SIZE,URL",2025-11-21T06:44:12.326025
Fighter Pilot Controls Drone From Cockpit in Test,https://news.google.com/read/CBMiggFBVV95cUxQcWJnZmxXdi0xMk5Pc0RaU3phcEVYNFk0eERmdDNLSnZHazlERTIyak5PblozQkR1YzhfdXFPMzN5UHRXOXpNMFVINjlOTzRMSThrZmtXM09NLW5LX2QyUDM4QjFtQkZWS2dydzZlSzZjZEU5RVYxaFRScURacG81MUZR?hl=en-US&gl=US&ceid=US%3Aen,FLYING Magazine,17 hours ago,🤖 Autonomous Drones,https://news.google.com/api/attachments/CC8iK0NnNU5OM1p3Y1dWa05rNTBWVXQyVFJERUF4aW1CU2dLTWdZWmhZeXF0UVk=-w200-h112-p-df-rw,2025-11-21T06:44:12.326026
"Next-Gen Drones Gain Electromagnetic Eyes With Rohde & Schwarz, MILTON Collab",https://news.google.com/read/CBMie0FVX3lxTE9JeGprNko3Tld0TDhwYWZXWmF5MW1Pc0JkUjVsazJCR3Y3N2ZXYnNNUTZYLWh1LV9BMmozWEFKbnZtM29Hem1OTzRVbDcxQk5GU20yLUU4UzZGQUE3SkJLQXpNeFZMLTVpZld0UUJ4bjRTOFZEUVR2T0dFTdIBgAFBVV95cUxQMm1GZlF3bHdWeDNva2l2V0d5MWEtb2lHZkNzVVZNYUtVUG15Nk9WNFBvT01aVFdTVlk3N3AxU3RJbDhzZXR2OXduUlFCNDlJYmdnTWVfcXhPcjh0aHFnckItWHB0ZDBPcHdvdFAxd1U4M2VrcXdGVUJQWXdzZ09jTQ?hl=en-US&gl=US&ceid=US%3Aen,The Defense Post,18 hours ago,🤖 Autonomous Drones,https://news.google.com/api/attachments/CC8iJ0NnNW5RbFpHV21WblpEVldja3BPVFJDZkF4ampCU2dLTWdNWnhCQQ=-w200-h112-p-df-rw,2025-11-21T06:44:12.326028
Emirates SkyCargo and LOdd Autonomous sign MoU to explore drone-powered delivery solutions,https://news.google.com/read/CBMi2wFBVV95cUxPMVdUV3phSnowYm95TklIM0FvWGgwdWlmTGxPeFN3NG1QSVcxSDZPb1A4OGt0R1FTaUpZR1JXcVN0QVktVDZGS2ZQbnZTQVdadnhoVWdLdkwxNFNvNng5OHN0QnliUlVSTVc4cFMycnhTbXFsVW5sOGlMTDB4c3FaSUxKbjNtekFJYUZxRVM4SkZqczh0d2V2NlBmeGhYdHJSTGdQYjJQN0pmS2VGYU1CWUJjbXJZU1FpQXYtUjg3RFMyZC1GME05azdLRXhvOC1fczExYi05NzFaTGM?hl=en-US&gl=US&ceid=US%3Aen,MarketScreener,33 minutes ago,🤖 Autonomous Drones,"https://encrypted-tbn2.gstatic.com/faviconV2?url=https://www.marketscreener.com&client=NEWS_360&size=96&type=FAVICON&fallback_opts=TYPE,SIZE,URL",2025-11-21T06:44:12.326030
French drone startup Rift zips €4.6M to build Europe’s first autonomous aerial intelligence network,https://news.google.com/read/CBMijgFBVV95cUxQd1F0MHBfZnNjTWZuRWtjak9OZUpkOWVhVU9OVlRTZ3ZnZ3hJS09JWUhrME5jZHlCNEZVNHNvdU9hdUM3SXVDdFdqZ0hvY2NJXzA5RUJScFN6M2duZWpSRzBiYnctdDJOVFBNbW4zaGVwZFJmYlRUYVJJclg1N3J5VGxNVjZUb0hTZWNhQ1Z3?hl=en-US&gl=US&ceid=US%3Aen,Tech Funding News,22 hours ago,🤖 Autonomous Drones,https://news.google.com/api/attachments/CC8iK0NnNHRiVzVUUjFRMFQxRmtOVmR2VFJDUUF4ai1CU2dLTWdZVmtvNXBOUVk=-w200-h112-p-df-rw,2025-11-21T06:44:12.326031
NIT Rourkela develops autonomous real-time land mapping drone system,https://news.google.com/read/CBMiugFBVV95cUxORTNUSkdZNkNFdXgwdktaTEFGU0FTbllxZS15VktTa21JU1dfdUppYXluM201NUhQUnJoUGh4TWpXODA0bDVINklIOFRiMEx5Qm5UdjFaM3UzMUx3SFFNaktiWXdZOTVBYjFER2tOX2wwRi03Y1lLZndfdmZzUDBkQjBCZEF5T1JMcTdNcHNPeklRam5qSk1VbDJUTFBtOVZWM2Z0eE9XX1FoYXVpbDJfMWxzR1I1N0E3N3fSAccBQVVfeXFMTk5DNXBlNzJjZHNRaUVIaWhNQl9VM1JuNHBPSjc0MmR0Yy12N3A2MFlTaGluX0gyclh6Z0U1Tk5KNmUyZTlpYXdrSHZEbVFYN09rcUhnVi1MOUU0ODhZSE1YOWRPUGFsT1hvN3lFb0dOcl8xMXVnQ1NNUWpyTkZhYk5UanFRb2UtdjlETVNVemlDVWF4eFZuZ0pUbnF5YWt0Y3hscmhKVThnZ01peW5IMHFFWVRGWWF2eWNHd2xSYmRnVk9mR0VyYw?hl=en-US&gl=US&ceid=US%3Aen,Fortune India,1 hour ago,🤖 Autonomous Drones,https://news.google.com/api/attachments/CC8iK0NnNXlVMlo1WjNCcGRGZHVTMk5sVFJDZkF4ampCU2dLTWdZSjRZakhSUVE=-w200-h112-p-df-rw,2025-11-21T06:44:12.326033
NIT Rourkela secures patent for India's first autonomous drone system for real-time land mapping,https://news.google.com/read/CBMihAJBVV95cUxNMjZ3cjlWUnk1RzRHM0xGRlJXTWhMcVkzcjhjZ1l3ZGhoMGlxQXhKdEdYMExDbTFOTW5sT21xVklpa0cwTDR0dlkxSDRnMU1KcVJMSE9RZFNUR1RwenpVSTVZVXFNZXk4QWlHM0NuamdoMVN2S3lxams0VW9LUlctS3pwdWtqcVZfWUp2ZTRfeEU1VEFxbEt5SFhSZFp1emUwYnRCSFZISVlvek1JOHpnUmVHeFk5UV9VOS1BckRxQjlTenJmSENsTWRwMlFldnRTTUN2NXpuVnRtdzB3alV1Y3lJRkljN3FXeTN2OTY4S3RSWUxtNzdnSGNaUTBrZWlSYnppc9IBigJBVV95cUxQNnNPNjNCTl9nZnNYU3Q3dW9kcmRhS2R0MElONzhCOXdDYmxPWVppWTlfa2c3VXhTbE0yQ1hmZnJac2hXb0Raa2w3U0VETHNucFowRUtIeEkxOV9IdWdzNmVDWi1BN3FSenNiSl9mczNNMFpPMTN4NnZZeGVFaFJ2MWg0UTRBdGxfd3JpRW1PSjdYMEg5djRHMENEUFRyYTl6enRoR0tRNThEYTNjRmtwZjFoMWpXT0ZwQ0ludnpSSnplNE5RYktTdUFyZ3V2Wlk3MG50Z09Jc3pWNEQybzl4d2lkVWFkRE5aa0lFRGJCSVhMakk3ODA4UmxUOXpDcS0xcG9fRGdFSV9pUQ?hl=en-US&gl=US&ceid=US%3Aen,The Economic Times,19 hours ago,🤖 Autonomous Drones,https://news.google.com/api/attachments/CC8iK0NnNUtUa05KUzJjMFoyTlFURlJMVFJEZ0F4aUFCU2dLTWdheEE2QlFGUW8=-w200-h112-p-df-rw,2025-11-21T06:44:12.326035
EDGE and Anduril To Form Autonomous Systems Joint Venture in the UAE,https://news.google.com/read/CBMirgFBVV95cUxQbVl4ZzNuMDMyVndxZU0yRmpTRzNpX2pUTzZyb25sVDN6S1NrazE4bFpqTnBvUGlROUJuZDVRUTRkTlNtQTUtaDUyUGhjY3ZmNDYtS3Nnb0U0RV95SlFzbUY2SVhkV3BkbUVLemZNYWhoQTFNU1JUSDBYR2R5bF9HaGhRWmNOTWpLa09NRlQxME85Rm5BUzczOWhEd1dwU01BaEwxc1k0cFJnVVBremc?hl=en-US&gl=US&ceid=US%3Aen,Overt Defense -,17 hours ago,🤖 Autonomous Drones,https://news.google.com/api/attachments/CC8iK0NnNVhOMmRUTUVwblNHOVVlSGhWVFJDbUF4aldCU2dLTWdZSjA0cUh5UVE=-w200-h112-p-df-rw,2025-11-21T06:44:12.326037
NIT Rourkela patents India's new autonomous drone for land mapping | Tap to know more | Inshorts,https://news.google.com/read/CBMiswFBVV95cUxQUVN6QVVmdjQ3UW5TSGQ5dU5la2dDSEd5RVcxcFYzcW9lM3dPUWdPOG9XMk9tTnJpSjlBbFlPN0VINEd0TnJkZFQ0NWNuRkNrZ1FqNjlGVWdnY3hCRFNSbjltMDJYYzBiZkhEaHlLUUtLWUhrM0UyRHlhdFljWXhZLVFMd3pYQ3dsTmk1WW5hLUhqZmdRd1poOTJPYXBxc0lOdC00S1ltZ1RuRHhBYnotTnNNWdIBswFBVV95cUxQUVN6QVVmdjQ3UW5TSGQ5dU5la2dDSEd5RVcxcFYzcW9lM3dPUWdPOG9XMk9tTnJpSjlBbFlPN0VINEd0TnJkZFQ0NWNuRkNrZ1FqNjlGVWdnY3hCRFNSbjltMDJYYzBiZkhEaHlLUUtLWUhrM0UyRHlhdFljWXhZLVFMd3pYQ3dsTmk1WW5hLUhqZmdRd1poOTJPYXBxc0lOdC00S1ltZ1RuRHhBYnotTnNNWQ?hl=en-US&gl=US&ceid=US%3Aen,Inshorts,14 hours ago,🤖 Autonomous Drones,"https://encrypted-tbn1.gstatic.com/faviconV2?url=https://inshorts.com&client=NEWS_360&size=96&type=FAVICON&fallback_opts=TYPE,SIZE,URL",2025-11-21T06:44:12.326038
Building a Decentralized Drone Imagery Network: Spexi on the Drone Radio Show!,https://news.google.com/read/CBMirwFBVV95cUxNc25YMEJXQlhuLTdHMzVQU3JtTTEwMHZGczhzTVRJVU15VHBRc1FyRFplUkJjUmVjM09FNjF0ek9DZlpZbzUzRmtiMzN1dG5nTnZxWTF3U3J6S2Nmc2d2Yk1KYkRLLWg5MTJrcF9XbWhXbE4tWkpiaVlPTXduX2RNTXhqZU56c1p0cUg1c3N4bWpwWHY0YUJMMk9kTmtXYmhXYnpGNVdDaU5mMW9Yd2tj0gG0AUFVX3lxTE1oM3FBY2lJcHpSclR1Qm96d09fQW5sc29oa0NOUC1XR05ET2x3ZVN4d1lOeW1Zb3ZZRV9na3dnX0NGemI0ajVZU24wclUyYUJBMXpwRWZVdkttMkZEcklmY05xQ0hBbFZaNG50d08tMjJVT0F3eGlobHJ6d0dpdzNVMUQ2dkRtQVM4cGxGTHI1cGMzbFl0b2pjdS1HWEQxcVg0R3h4Z3BsQXlnVlh2TkxIeVZkcA?hl=en-US&gl=US&ceid=US%3Aen,Dronelife,15 hours ago,🤖 AI Drones,https://news.google.com/api/attachments/CC8iJ0NnNXpVa3hyVkZKT09GcGtOR2xmVFJEd0F4anFCQ2dLTWdNZElBYw=-w200-h112-p-df-rw,2025-11-21T06:44:12.326040
AI “Hivemind” to Power Ukraine’s New Missile and Anti-Drone Systems From 2026,https://news.google.com/read/CBMiugFBVV95cUxOVE83MGpPdGRfSVlveU5WZ2NPRzRreDFtQm1NMmpHdWVKZVVxNy1YU2RURGROX0JoOXloankwem44VllsMXFoeldyQjMtYk1QYWNJaHhsRE1SSjhtSlJxUTJ1ekxnZXZHODQ1b25PWF9rTE52cUJHZ3hpOUhRS29HQkMwNEx4TDh1LVIyS0tQT3BuSnVUR2RQM2QyVXFNaUlyZjlfZDg1YVVvLTlYc0FUVFFhVDlqaUk0ZlE?hl=en-US&gl=US&ceid=US%3Aen,UNITED24 Media,14 hours ago,🤖 AI Drones,https://news.google.com/api/attachments/CC8iL0NnNWhaVWx3YWw4MmVtSnpSRkpJVFJEREF4aW5CU2dLTWdrQklZd0dMYWV3cFFJ=-w200-h112-p-df-rw,2025-11-21T06:44:12.326042
AI Defense Stock VisionWave Holdings ( Nasdaq: VWAV) Gains on News of Due-Diligence Team for Solar Drone Acquisition,https://news.google.com/read/CBMikgJBVV95cUxOY2o4WFg4NV9JcnNLWmJubUIxdkZLaFQ4ejRGSWlLb0pCbmhQV2VGXy1mNkZiOFFHbElJZzh3dVN3eko2QmRPZXZwaTk3al81eHRjTVNnLU5OTFpNU0YtYXNBZDl6SndVVWx5R2Z3QXJMTU9LSDBrYzZjNkpLMHhoSHhsX1VVTE1VSjJCdTNpbUp6aEIzejBuVVFWUlpUMUZlSXBZdEY0WHFCb2p2c1hwVmdXdUVQUHVfWnF5WmpZWlZDR3hYMmlUYTBudDN1VXFyb0JacmN1TzF0RDBvNDUtTGg3NTk0MFIxZUdsTjJDaFViSkdncEJDYnRlNmx1VXdOeVo5UGRGdWhNUkpzTDEtTlVB?hl=en-US&gl=US&ceid=US%3Aen,FinancialContent,6 hours ago,🤖 AI Drones,https://news.google.com/api/attachments/CC8iK0NnNU1UMnhZWm1Sa05rcExNa3BSVFJDa0JSakZBeWdLTWdZQllvNEZzUVU=-w200-h112-p-df-rw,2025-11-21T06:44:12.326043
Taiwan sets first drone chip rules to curb reliance on foreign suppliers,https://news.google.com/read/CBMijwFBVV95cUxOb0hJYUloeFRUamdRUlNveTZGWGdpZU9lSGYxVDVxOXdVM0tjMmtCTG1IOWp5QW5FLUlPOVh2M1RILXE2VndFUzljZWNUYTZvelJyREU1TWRENFFCLVVPRlZhOXZhZGdsWTI2WnJUMjlTV05ZeDhQVlN1OVZTODhWRlJnU2JBS1dMQWtpbzVUSQ?hl=en-US&gl=US&ceid=US%3Aen,digitimes,2 hours ago,🤖 AI Drones,https://news.google.com/api/attachments/CC8iK0NnNXNNbmxUV0hobk9ESjVka2hLVFJDckF4aUFCU2dLTWdZQmdwUUhMUWM=-w200-h112-p-df-rw,2025-11-21T06:44:12.326045
ADIPEC spotlights AI to boost safety and reduce methane leaks,https://news.google.com/read/CBMi0AFBVV95cUxNM3ZBZUZEMUszZGZ3WFVpOEoyQTllNFdfcXZZN0FHSlhyU24tNXZISkd6WFNvc0hQWjBPODVoaUswOVhiTDFZOHpXaU8ySktXU3NjVEc2S1piWG52d1BMUWtxODhFRmkyVHpWOHg2RmUzOENsc0F3dGduRW1zZVBtS3pjR3Z3eUJOQjlFX2tfOWd2ZXRuYmxwaEwzN0h5Y01LNHZtT0t1UTBPTktLd1VnUTRrVjhDaHl2Y2hzUHdld0JQOUhJWkFLQ043WlI5TkVQ?hl=en-US&gl=US&ceid=US%3Aen,Euronews.com,14 hours ago,🤖 AI Drones,https://news.google.com/api/attachments/CC8iJ0NnNVdZVGhyUTJWRU9ISlNZemxVVFJDZkF4ampCU2dLTWdPQlFBQQ=-w200-h112-p-df-rw,2025-11-21T06:44:12.326047
How drones and AI are protecting the Brazilian rainforest,https://news.google.com/read/CBMijgFBVV95cUxQS1UyVWQ1eldVY2dHV3VkaC1Hdmx1eGJ2Mk9ZR05wSlZzWVZUY2p6Y21zc0p6V1U5bUN0aElkR0FmUWhlZjJleUVkNThKTEhlUWQxdkNMTVRzSTh2TGZPaVNfVWxsWGlEWmVOMEg2bG1MUGZ1akMzcGdHT082eUtKenJUaldnWWVFYUJKcDdn?hl=en-US&gl=US&ceid=US%3Aen,AOL.com,12 hours ago,🤖 AI Drones,https://news.google.com/api/attachments/CC8iJ0NnNVRVblJDY214TWMxcHdNRGw0VFJEb0FoaUFCU2dLTWdNRkZ4NA=-w200-h112-p-df-rw,2025-11-21T06:44:12.326049
Auterion says Rheinmetall stake to boost drone software group’s growth,https://news.google.com/read/CBMiogFBVV95cUxObmtKNEg2TF9yZDJvWUcwdkVzdUJTWEpYVkJoREpXTjdDdXo5dFVmM0FoTjN1WWpOOXc2VUhjVGl1amFrcjN5NEpsOF9nUW9WN092dXRkWHNWazVVMmFNQ1ZEb2NRc2dwSGtDYjg0djlTb0JiQWhfeHZMOXRjRDc4RFQ5TEJISEhyMG9DcG9wY3NBeEhUcXh6YkFGcS1rRTc2b0E?hl=en-US&gl=US&ceid=US%3Aen,WTVB,15 hours ago,🐝 Drone Swarms,https://news.google.com/api/attachments/CC8iK0NnNW1VVE0wU0hZMlpIVXlURUkzVFJERUF4aW5CU2dLTWdZQlFwNUZJUW8=-w200-h112-p-df-rw,2025-11-21T06:44:12.326051
Russia claims to have shot down entire Ukrainian drone swarm - the burning power plant says otherwise,https://news.google.com/read/CBMixgFBVV95cUxNSVA5Q2FzdGtmdjFqSEdETHJjM0NyZXVKSG56NUs3RFJsb3h2Y3lKTmVWd2RqOVlqMkVsLTJFdzIyb21LNV9ZU0hTOVBxdjhrWE1VUkZzZ0VFeHRWeWNqSDdZZkptVDlaV3NlcFE3dXZZWWhXQkZvMm9KeHNPTjdTbjJvams3c0NWZEx0TjRCMzV0d2l4NWVqTE1fTVpUVlNmYjIxeFR1cFgzM1ZfQlZ0aDJUMHg2RTBzSHhZNk11anU1UHRpU2c?hl=en-US&gl=US&ceid=US%3Aen,Dagens.com,22 hours ago,🐝 Drone Swarms,https://news.google.com/api/attachments/CC8iK0NnNXJhRXB0TnpCSGRXaFRkM2htVFJEekFoam5CU2dLTWdhSllZaHJyUVU=-w200-h112-p-df-rw,2025-11-21T06:44:12.326053
British laser weapon downs drones off coast of Scotland,https://news.google.com/read/CBMikgFBVV95cUxONW5vUEt2bTRqOVZkb3FFVWN0ZVlfT2VlelRkZFVxMl9NYjIwQm9kZ2JLbDdhMUFGUlExSHFhaTVkeG9ieFhrWW9fWUYxQVRoVlpMdU9GbXdRZERsWHdVdk9zbnRvWVh0cWhjNUlsMWk3VVd0SlZFcDJFbEN2U3Z0VFlSbEpmcU5nVUVQNm11aTNyQQ?hl=en-US&gl=US&ceid=US%3Aen,UK Defence Journal,17 hours ago,🐝 Drone Swarms,https://news.google.com/api/attachments/CC8iJ0NnNXZYMEZaU0dWdmExaDNWVkI2VFJDMkF4aTlCU2dLTWdNSkJBWQ=-w200-h112-p-df-rw,2025-11-21T06:44:12.326054
French Startup Rift Raises €4.6M For ‘Surveillance-as-a-Service’ Drones That Cost 10x Less Than Helicopters,https://news.google.com/read/CBMiekFVX3lxTFAtRjloVGdYS3ZNRUJPZUpSWE5WMWMxaVJ2QnVEM1ZZcFhSU0JTVzhKakFZa0Nldm1tdktfRTBjZlFDMFFfa01fUDdkSzlmekVBbUlzUG1GTEFGMV9jb1VvbWM5U2xWV2xfeUstYUZxTVotYjlfb0RMb0VR?hl=en-US&gl=US&ceid=US%3Aen,DroneXL.co,17 hours ago,🐝 Drone Swarms,https://news.google.com/api/attachments/CC8iJ0NnNVhXamhpWTFoTFJIaGllakF3VFJDVkF4ajFCU2dLTWdNQlFRTQ=-w200-h112-p-df-rw,2025-11-21T06:44:12.326056
Will ONDS' $23 Million Backlog Support Its 2026 Growth Target?,https://news.google.com/read/CBMitgFBVV95cUxNZjVCUWkyVUxiVEZLand2SS1pSTlJdmtqSDRJOVlhQWJQY1F1QldzNDRqcG1zWng4TVRtNTBab1cxLS1Vc1ZURnZPckx6cHhEaFhhc04yeGlwQ1F5NXplYjFjWDRxNzdHTms2RnBDYTVYdWZId25FWlNjVVBKZi02S1dvdlVGVDdsZHdmek5ZdDV3ZXJUbWRFNXMyMWZfQWhhM0pGalZrV2Fla2pIMlg5OHNtbmZYUQ?hl=en-US&gl=US&ceid=US%3Aen,TradingView,16 hours ago,🐝 Drone Swarms,https://news.google.com/api/attachments/CC8iK0NnNURZazV6YjAxTVVtMDBUVGxSVFJDUkF4ajhCU2dLTWdhQlVZaUV5Z00=-w200-h112-p-df-rw,2025-11-21T06:44:12.326058
Details of U.S. plan for peace in Ukraine emerging – and it sounds like a Russian proposal,https://news.google.com/read/CBMitgFBVV95cUxOeFhaRUl3ZnlIUUhlNTJmUVhzeVNiV21ZcnctTko1WUdDcm4waE9BQ2Mtcmx4eExIT2lhbWZ0QUlYbm8zTXZiYm1JOU1WT3hXWGNCdTA3R29ST1AxV1R5YmtodnNUUkg1cXE5NVc0ZzNhekVneEdRNWd0MDY5VEZ4TDBhZ3VlR2lwc3hRbUoxV091eGxtNXNrRWwyTnZmUUxoeENXdnlpTk9YcXoxQV9fTGE1dUVwZw?hl=en-US&gl=US&ceid=US%3Aen,Dagens.com,21 hours ago,🐝 Drone Swarms,https://news.google.com/api/attachments/CC8iK0NnNU5ibE10YVhSV2FraEVUa1Z5VFJET0F4aVhCU2dLTWdhaEpKcUxGUW8=-w200-h112-p-df-rw,2025-11-21T06:44:12.326060
Russia detains one of its own priests for hiring Russians to fight for Ukraine,https://news.google.com/read/CBMiqAFBVV95cUxPMmRCTVVvQ0NjX0V1U3BOa1haWGp5MzNnbUtGVTNyWEZ4R3V4Um9fMDhnZFBoTl9aRkxxT0xfYklQYUlmV3JPZ2R1eTVLVFlEQWhIbUlReU1wc2h4cUZYc0FNNGVtOW11RWpkdEs0a1pUeE9xRnNaVEpKSG9wclFSTzlrc1FXZDZ2Q2NkTldJN1FWVXRqWTJQMVdXZFNBbWhOUnVGWDJybDQ?hl=en-US&gl=US&ceid=US%3Aen,Dagens.com,20 hours ago,🐝 Drone Swarms,https://news.google.com/api/attachments/CC8iK0NnNXViRGN5U0V4UGJHcEZaRmR2VFJDWUF4andCU2dLTWdZTkVKaDRqQXM=-w200-h112-p-df-rw,2025-11-21T06:44:12.326061
"DMR Technologies and Drone Institute To Create Shared Drone Facility in Lafayette, LA",https://news.google.com/read/CBMivAFBVV95cUxNVXVVdTkzeWRxbjVkaWVBUUQ0S3ZyZjFqVHJkaExrbFI4LV82dER6em9TS0xGeWYwd1hYWXhyclA5TVFqdE9EbDlUakVlUWdCYXpGYVgzMTJiUHBiNk1qdi1fM0FHZldINVJDOVFEbk0ySTg3OHI2ZDVVMUFqNmh5OTBfaFRZZFhaVHNKaW5ZcGRqeVM4SGNsQ1Fab0xTN2lFRHZSa0xTTi1VRUkzdDlJMjVZSGFadnJoNGM3Mw?hl=en-US&gl=US&ceid=US%3Aen,Developing Lafayette -,4 hours ago,🔬 Drone Technology,https://news.google.com/api/attachments/CC8iJ0NnNU1YMkp4TlY5MFdqUXhZbU5JVFJDdEF4akxCU2dLTWdNRmdCSQ=-w200-h112-p-df-rw,2025-11-21T06:44:12.326063
"Drone Institute Expands Lafayette Headquarters to Advance Innovation and Data Technology, Creating Nearly 1,400 New Job Opportunities",https://news.google.com/read/CBMigwJBVV95cUxNU3h4SEQ1THpOanhYTlM3LXgzdkZHSzRzRjV4Mi1XdXlFUU04cDRDeTBLMVhrZjRGd3lCRG90ek1vaE1CZEpoUG1TMVdPSG1KbFd4UWtOTHR0VmFuN3A1MUIwSWcxT3NYNUNHZzZGMk11X2NLSTdCbm52VkFXTjNGUTlvSWU5cjB5eWR0SWpiQkJrTmVYbjdOdnNHWEdBQkQzcDNFa29XYnVrRnhVLWpuNkRmWl9JSDhteU9ndV9lOXcwNzF6ajFISWIxRnFNb3MtR2haWGtUcG9EYU9qTGFKaE92UGcxczROTE5wc1NtbDd5ZDZEZGlYQVpPQWlrTnFIOXJv?hl=en-US&gl=US&ceid=US%3Aen,Louisiana Economic Development (.gov),16 hours ago,🔬 Drone Technology,https://news.google.com/api/attachments/CC8iK0NnNWlhV2hzUkhwTlZETlJUR3RPVFJDSEF4aVBCaWdLTWdZcGRZek5MUVk=-w200-h112-p-df-rw,2025-11-21T06:44:12.326065
O'Fallon police unveil $1.2M tech hub and rapid-response drone system,https://news.google.com/read/CBMiwwFBVV95cUxNRkRlZTBQd0hfZnpsbkd2eEV1c1hjek1Wb0ZPcl9yWmhGVlNmUkpsZzJHM2VWYk1FM1JzMjJCMktGb3FWTzNmRkY5YkRPM3R1NGh6Wmg4d1hjUEdHSlpQOFZDOGxTaTAyczMtcE9JajBxOXllb3pxZ3BkaXE1dHRFTW9rOE1oa3V5SXBfYmFoSEZNdEtPNE9pRksxWTRCNjQ1WHIyVnJqRWVaR3IzT2lqYnl0NHdoMHFwcTlTb3JkTkM0RDA?hl=en-US&gl=US&ceid=US%3Aen,KSDK,3 hours ago,🔬 Drone Technology,https://news.google.com/api/attachments/CC8iI0NnNHhSbUZqUmxWUWNraFFWVmRZVFJDZkF4amlCU2dLTWdB=-w200-h112-p-df-rw,2025-11-21T06:44:12.326066
"Drone Institute expands Lafayette headquarters, creating nearly 1,400 jobs",https://news.google.com/read/CBMiogFBVV95cUxOSnpMcnpLbjI2U3VRNk0tRE5oY2lTbnY4TkMwaEprZ2lLMVNobUpYdHRMM09WNlZuSlI5ZTJSSVVPLUR0ejdPVVdqSGNWMmVlR29teHUzUTBWOVZSenJzRFV0OU5tZnBXZTh3Y0dXTHJ0aDVWQ0FteXVwV1JteE9qamtaZHdKZWFGR1dVQW5ibGdVSHBybXMzQzFkakhlVjlLOWc?hl=en-US&gl=US&ceid=US%3Aen,New Orleans CityBusiness,9 hours ago,🔬 Drone Technology,https://news.google.com/api/attachments/CC8iK0NnNUdURWRtZG0wMmIweDVla3hwVFJDOUF4aXlCU2dLTWdZbGs1QnROUVk=-w200-h112-p-df-rw,2025-11-21T06:44:12.326068
"NYPD drone flights rose 3,200% since 2022, with little public oversight, watchdog claims",https://news.google.com/read/CBMikAFBVV95cUxQRVlldXduMlE4TE5vc1MxU1Y4UGg5TGQ4ZFBqcXlKQThnVGZsWVQ1QThWZVlzR2ZicE1va0lfM2FEcDFWLW1haXBSTU9DSUNYcHl0SVE1cGkxd2JtODF2dEs2cWtUUHAwTVMtR1k5VUNhd3NWNVZMNnBMTkZwVWRTRXR3c2xyVWIyMktRcVJlMV8?hl=en-US&gl=US&ceid=US%3Aen,StateScoop,11 hours ago,🔬 Drone Technology,https://news.google.com/api/attachments/CC8iMkNnNHpZMDgyUm01bE1GOVdNM05RVFJDZkF4ampCU2dLTWd1QkFZU3JGZXNsSVN1eWtn=-w200-h112-p-df-rw,2025-11-21T06:44:12.326070
KCKPD applies for drone security grant ahead of 2026 World Cup,https://news.google.com/read/CBMipwFBVV95cUxOZTkxZXBsTUZTWndmTDhtaWdDVEhlNWh3eEE5Q2tVZTdxSVJqeWRSTlRIdTM4cEs1amFaX1dBQ0V5N0MyM1ZlMVlhZkVOcmJsV1M1bkM5NTdIWHFjQWZ6YWZSaVZXbUpONXRrREVkVjRfdkhMc3pHNFQwZ3JXOGs3TGNrZEpoeTJHanZSOVJuZmtCWndUZkYxSEpTX3NoVU5EYnc2aWNWZ9IBrAFBVV95cUxNeXMtRGpXU3J2MU1HOXhPQmpKMklhMFl1UE1LRnJOQ1FmSlZYMGxsbDV2dk45akVPZGl1YVlGeGZfTEpGQUdrbGtkOURpb2VfQ0tYd3NRdnVjT1pYSERwb0NMRk02SVdDTWc1OWpRMU8tUXpXTkE2WC00cFRUUmZEbWFHRDY1T2lXMGx0bVZkWWYyNlhDTlNBcUU1SnpWYmJmU2RCQUF6UHFOQ2dk?hl=en-US&gl=US&ceid=US%3Aen,FOX4KC.com,10 hours ago,🔬 Drone Technology,https://news.google.com/api/attachments/CC8iK0NnNXVhRlE1Y0doV1VXWkJTVXcwVFJERUF4aW1CU2dLTWdZTmc1Q05zUVk=-w200-h112-p-df-rw,2025-11-21T06:44:12.326071
"Second drone company to open in former reptile tannery building, to employ over 600",https://news.google.com/read/CBMi9gFBVV95cUxPY0RreEJVUnlMbEU1Znh5T1FKQVVKdEV0Y0xsaThNcWtPc180QzhsbU14T3BTRzg2dXoxenA5aWZTMDBrV3BmN2lCam9DVG5UQ1FoOVVCTnZtZ0E1SXdMR2M1angwblFqWFVWV3Nrank3cEVMcVpsMEJvOUpuTUNmQ0UzTGdwa2JjbHdXTmRzSk04NW9KckpzdFZJNktaNGJvcUFkRlB5b18zcWdhWWxpMkJ6N1NOY1ZHOTRIdnZLVm9UMTdYNUpTbGZneFI0S0dhMkh1WmpadkZvX3JrcE93WDJUTTA1eU4tdUtTWVhSdkpId2pia3c?hl=en-US&gl=US&ceid=US%3Aen,The Advocate,12 hours ago,🔬 Drone Technology,https://news.google.com/api/attachments/CC8iJ0NnNWxURUpuVjJGVFMyRnlibGd5VFJDakFSaTJBaWdCTWdNQm9Bbw=-w200-h112-p-df-rw,2025-11-21T06:44:12.326073
Mississippi State Launches Innovative Agricultural Drone Video Series,https://news.google.com/read/CBMiqgFBVV95cUxQRDByZ0RkamQxdWZ3TktfR3FkeHptVmVFN1RiYWhKalJsMFUtYVBJNWcxc2lNeGhmUmVCbk5ZcDhGUEFVTU5Pc0c2al9ucURXaF93SWFYQXZIMGZhR18tU2VDMGFjZTROS041VkJFSXhJVkNEMTVWUi0xZEFkRklXMUp6NnEwM0JnTmQxLXIzb18zdkt3X1ZxSjNiN0syOFhGU1BNbTNabGN3Z9IBrwFBVV95cUxOZ2xVM25ZY2FONS1zZ1UxUWJGOHNhbW5sMHl6WVR5a3ZwWUFUVnc2T1ZROEI4aGhwVGdsNkV2XzZMZFpiaUI3M0FYZWJBcHYyaWJEZXhBY09Qd09ubXIxT1pjVjJHQ0txTVlwX25rV2dPa3lPZ1BwT3J1QlJFYmdjZURwV2VrRjU5RkhBNEpEZHAyV2w1ZHBOckNlLW5JUVY0SENKSzhpZkRtWkFuYTZr?hl=en-US&gl=US&ceid=US%3Aen,CropLife,11 hours ago,🔬 Drone Technology,https://news.google.com/api/attachments/CC8iJ0NnNHhlV3BpVDJ0aE9EQlRTMkZxVFJDZkF4ampCU2dLTWdNMVpodw=-w200-h112-p-df-rw,2025-11-21T06:44:12.326075
CISA releases UAS detection guides to help critical infrastructure counter drone threats,https://news.google.com/read/CBMivgFBVV95cUxOSVRhVEZNT1QxTnVXeThFNWRvYzBxNkJWcFplUlIzQ0ZwVVR5TUk0U2FadmpEc2NiOU5OS2Y5UW4zdjBTYVdVeGhZZnlaSnVLeEg5bTdvd0dyelE1S2RmZ1B3WHBtN3BGNHh4Mjd1UHNIUF9uc3J4X0pGNE5DZDFnRmxma2xzdkV6VXk1UV80eExNUi04c3VOMDhlSmotakxUejBQZkkyRHp5VG9vM3ByajNHcjkyZkpPYTBkR3VB?hl=en-US&gl=US&ceid=US%3Aen,Industrial Cyber,51 minutes ago,🛩️ Unmanned Aircraft,https://news.google.com/api/attachments/CC8iL0NnNHhZbWhuYzNGMlVEYzBNM2RUVFJDUUF4ai1CU2dLTWdtQklZekRHR3Q3VVFF=-w200-h112-p-df-rw,2025-11-21T06:44:12.326076
CISA Publishes Guidance to Manage Drone Risks for Critical Infrastructure,https://news.google.com/read/CBMiigFBVV95cUxNZFp0MFVBRXp0akxjUG9kSVpZVUZUX2p1bGdTaDhYVElXUGhGN0kxTmxrd1dIYjFVZ2dtMERkcVp6UlNnalJxeVhXR09LVzVKdUl3bmRJLVZlV2ZNQU5KR2U3V3RZa0pNNDh5b3dFUUs4TWJRRllkU3YxcE5HdDJLSFlfR2xJRXc4U3c?hl=en-US&gl=US&ceid=US%3Aen,ExecutiveGov,8 hours ago,🛩️ Unmanned Aircraft,https://news.google.com/api/attachments/CC8iK0NnNUpXbXh4WVhkc1dIUnNVREU1VFJDUUF4ai1CU2dLTWdZSlFwVDBJQWs=-w200-h112-p-df-rw,2025-11-21T06:44:12.326078
CISA Rolls Out New UAS Security Guides for Critical Infrastructure Operators,https://news.google.com/read/CBMisAFBVV95cUxQZkREa2hQYmUzZnZEZ0FnSmZNVHdvYm1zUENKWWk2ckx3eHp5N0JPMkJSQVByek9fSWtXUkNENHhDVE9tdFVkdDlCTFpQNE5XM0d1ZG00YU45dFZXNFVid3podVI5TFE1ZXNNMnhidmFNQVU1NmhOUFd0djRpZVlrVS1QMnpoa2FLT1JnMkxId3BMVHFXcnR2czV2UmFHMjd4eTdaay1oSnJhYkQ0TEVqQQ?hl=en-US&gl=US&ceid=US%3Aen,Inside Unmanned Systems,8 hours ago,🛩️ Unmanned Aircraft,https://news.google.com/api/attachments/CC8iK0NnNW9iMmRUWW10MFdHUXdRM0E0VFJERUF4aW1CU2dLTWdZZHc0eHNSUVU=-w200-h112-p-df-rw,2025-11-21T06:44:12.326080
The Navy has approved a plan for a new squadron of refueling drones for Hampton Roads,https://news.google.com/read/CBMi0AFBVV95cUxPOEtYY2N1UU5MRWVhV3hNUDZjN0lZYWF1QTRXS1lKVXlMWjdRZS1lUVA1SFNSVTJ1eXdVY3AwT2VUYnQ0bkNiX1c1LTFsVy1LVjFEZ09lM0ZBdk4zbTQ1ZjZPT1hfdjhlVm0xTzlBOWdrRjVGVUY5aGlnNW1zZnJYZHlRYTB5WmVfNXB3Z0NpTUtobDUxN19zdFZLSGhGUnZZNE1vclJfVTUwcFE1UjZFMDZsOERJYk9YQ1JmMy1pVWtxRjh2N1JnMU5rbnNkVFBj?hl=en-US&gl=US&ceid=US%3Aen,WHRO,10 hours ago,🛩️ Unmanned Aircraft,https://news.google.com/api/attachments/CC8iK0NnNW1YMk5RY0Y5UFkwWmljVmhrVFJEVUF4aVBCU2dLTWdZUmNJb29OZ1k=-w200-h112-p-df-rw,2025-11-21T06:44:12.326081
5.56 mm drone-killer bullets turn any gun into an air defense weapon,https://news.google.com/read/CBMie0FVX3lxTE9lc1dfbG9rMXJyZXlXNDc4S2xFVVBIcWtJeEx6UDZTdGNoMFFHMm1uZFV2bVRWM0NxRGE3cmt1S2pPanRKb2pvRFNDS3d3OGZ2Ym1JV1ZVT2Qtd000dHFKZEowNTVhdC1mRU5jdFFiTmZLSnkzMmc4M2p1bw?hl=en-US&gl=US&ceid=US%3Aen,Interesting Engineering,17 hours ago,🛡️ Counter-Drone,https://news.google.com/api/attachments/CC8iK0NnNU1lVEJMZFVoak0yWktXWFpPVFJDZkF4ampCU2dLTWdaQkVJYTBvQU0=-w200-h112-p-df-rw,2025-11-21T06:44:12.326083
​Ukraine Approves New Anti-Drone Ammo for Frontline Troops,https://news.google.com/read/CBMirwFBVV95cUxQcDg5Z2ZaWFlxUExVdG1iUzRNbHp3X19QQkF3VnBFb1kzd1JYaEFMb2tLRHZELWJreFJ3QzBGN3k2U1Byc3N3SVdBSWhjR284ckFLLWoyTmdkQ1FtaHVUYjVJeldVRFlGUHRUVTJCYV9lYUtZVDlBUndfNlBpNFBpWkFrOUEyaVVSazF4b3VXajZRdThsS2N3cGRna0RsZ2dlTWdTakhxbHNaTFlGdklz?hl=en-US&gl=US&ceid=US%3Aen,Defense Express,1 hour ago,🛡️ Counter-Drone,https://news.google.com/api/attachments/CC8iK0NnNUhjM3A0ZVRkM09Xb3hVRnBoVFJDWEF4anhCU2dLTWdhWmxZYnNOUVU=-w200-h112-p-df-rw,2025-11-21T06:44:12.326085
UK And MBDA Announce £316mn Anti-drone Laser Contract,https://news.google.com/read/CBMimgNBVV95cUxNODFveUZFN1ZoNXdDbVNkTDFpMTBBemlnZjFacHdodlV3RDlReEpRd0l6SmlwU0x4WEhtMlhtcG1HS3IyZF95V043dWUzX052bkNOa1RTSWxNSHdPWmFWNWVHY1NjTnNpVzZYZG5ZcEcxYUNIYXl4Rk5KVW00cGw3by1qT2FuNWhZUHJvQWpwRmFFSjJkaWtod2lhRVczNjlLTWxFQ1VPTXlKSmcxb0lCeldTeUJCRHJyUVJkT0NOUTEwUkdtV2w5eThBWUVzWjk4VlBkaWRHNmJUMUo0ckcwbURNd2h2cXp0eUhockVYcGpybGgyWkVTQmU2MVdab1BpM1FDUVR5OHQ5ZGlwa0VnZDhEQ01WeFhXUWZkR1BvUl9uS0duakE5Q0lNandZVkRnMFNOMm9weWNCbU12QUdGcVBhc0pnQ2NxaDByWjZnZ1BhdERqS01hQUc5czNndnh5QmtJOG1Wd1J2cGh1ZGRJZ29Vd1FjenUxX1RCOUJCc3hFbnE1OVplNXZOdTRvcVc1YTZrN2Z5R1MwQQ?hl=en-US&gl=US&ceid=US%3Aen,Barron's,15 hours ago,🛡️ Counter-Drone,https://news.google.com/api/attachments/CC8iK0NnNXhSa1ZXVVhBNVNqRmhUREl0VFJERUF4aW1CU2dLTWdZQlFvNU5IUW8=-w200-h112-p-df-rw,2025-11-21T06:44:12.326087
France Rolls Out Anti-Drone Upgrades for Leclerc XLR Tanks,https://news.google.com/read/CBMilAFBVV95cUxORTA1Nlh2dEdRZHhjSkxsNjFLQ3FFZDcyMEFDOGxUakFxMkRBdmNEc2dYVF9PTU4zUUV0SUp6WWpTRlZjVVJEaWs0ZC01b241clhacW00SWc5U29SRTREQWZjdUpJajZwQjhhb0x1TzlFSl9makhxOF91UFJrdkhyYV9kZDVaQmNPWVlSTE9pNkZkWGVS?hl=en-US&gl=US&ceid=US%3Aen,Мілітарний,13 hours ago,🛡️ Counter-Drone,https://news.google.com/api/attachments/CC8iL0NnNVJNVkpTTkRSQllYWnRPSFIzVFJDMkF4aTlCU2dLTWdtQllJcUd0V1RRa0FF=-w200-h112-p-df-rw,2025-11-21T06:44:12.326089
Autostrada Protects Ukraine’s Frontline with Anti-Drone Nets,https://news.google.com/read/CBMiowFBVV95cUxQbHRzNEFvYXY4UXJYb052RXkxV2pURzhLM0E1OFIwUkVKYjAyVU9kVnpYaWIzYWlQbHpXZVBvS25HNHBZNC1hUTBMVENnN2hyTlB4RDlsWmpCaWRnQ2pWYzhtRTk3UlFJTS0yUGYwWThvVlNoUlhhd2NydTFZanZ3dU9Temk5V0NjVW1BY2Q1ME0zcExDbTF4TWgwUy1GRXJVQ1hJ?hl=en-US&gl=US&ceid=US%3Aen,Odessa Journal,12 hours ago,🛡️ Counter-Drone,https://news.google.com/api/attachments/CC8iL0NnNVlUM1l5Y2tSdmEydFFRVUpyVFJEQ0F4aXFCU2dLTWdrVmtJVE55YU9hN1FF=-w200-h112-p-df-rw,2025-11-21T06:44:12.326090
Ukraine arms infantry with ammo that splits mid-flight to hit drones,https://news.google.com/read/CBMiiwFBVV95cUxPa3dra1ZKYUNHdjN6M2V6ZlFTRUJpSG5DS0ctemU4RGV4a3pBaTd2TVc2OVRRVms1V05zWWJMSEV5RjV5Q0pLNlp2RUY4a2dINTRhNU1YZUZCYTd3c1ZqUHdHS1FoR3BjMm8yTWdWeU1zbFljR3VFMWFjcEg2SENxTmhzT1hicEdWODk0?hl=en-US&gl=US&ceid=US%3Aen,Euromaidan Press,11 hours ago,🛡️ Counter-Drone,https://news.google.com/api/attachments/CC8iK0NnNHpRbkJUYlRCZlVqUnVZMmxLVFJERUF4aW1CU2dLTWdZWmxZak1OUVk=-w200-h112-p-df-rw,2025-11-21T06:44:12.326092
Belgium buys drone-on-drone tech made in Latvia,https://news.google.com/read/CBMiowFBVV95cUxOcXl2Ymg0cjNKNFQzZUZ4cjlDU0tieVFuNzZpM2xuNmpUU2V1aUxtTDZRWlBPWW5WeHNVTm1BVTBJTmJldldfMVE2Y1FJbnM0NTJYbEh6Vmg2WTJRMnIxd0ltQVlZWWhIc2t4SEluYnptV3N3UmFfeVdaNEFOcmd5MlgwMGlkZ3VISFBpNW1RaU9yQWNBOGRQZFJ4VUhjeVZYNFBJ?hl=en-US&gl=US&ceid=US%3Aen,Defense News,19 hours ago,🛡️ Counter-Drone,https://news.google.com/api/attachments/CC8iK0NnNUJjRkZKTWxaQlRVYzBaRUY0VFJDYkF4anFCU2dLTWdZZGtJYnJ0UU0=-w200-h112-p-df-rw,2025-11-21T06:44:12.326094
Ukraine to scale up manufacture of anti-drone rounds,https://news.google.com/read/CBMikAFBVV95cUxOZ1Z2SmF2RFY1S3RvLXRqUGY1TWh2OWVhS1U3dGZ2dTdBbC1QYWRiN1V3V28yRWhsMENLX2ZJN1lvSmEwTy1LQm83VjRFc2VBMlpEbXhCcko4REtDWGRVY053NV9RX2R6TGliZjRPQUZEZDBYQk81UDhCVWQyaFlqZzk1Y1ZxRDNPeVBkZzJUZmk?hl=en-US&gl=US&ceid=US%3Aen,Yahoo,22 hours ago,🛡️ Counter-Drone,https://news.google.com/api/attachments/CC8iK0NnNVJRMDlhYUUxa2NETTNXRUZsVFJDZUF4amtCU2dLTWdZQmFZckhyZ2M=-w200-h112-p-df-rw,2025-11-21T06:44:12.326095
UK Royal Navy to equip MBDA’s drone-frying lasers by 2027,https://news.google.com/read/CBMirwFBVV95cUxNbUwtUmdaR2Ntc0J3Yk41X1JDbktFRmwybkwtZDNIcmJWbU1lbUl1QjFhUjVVT042ZURPakJJWEp0Yk50NTlCeFZaaXhqeHo0NWw2OEF2VGI4RjAyemdOUFVvcVpwbFUwMVAyNG1KZG1fLXJXclN6dURWdGU0RmEzcmFneE5LQUZHVTVod2FRdUM3RjgzYndoN3Q3WS1VRlVsMGx3WmRiNVpGTWQ0R0xr?hl=en-US&gl=US&ceid=US%3Aen,Defense News,14 hours ago,🛡️ Drone Defense,https://news.google.com/api/attachments/CC8iJ0NnNUROM2hKWnprM2MzVjNhMjR5VFJDckF4ak5CU2dLTWdPSkJBWQ=-w200-h112-p-df-rw,2025-11-21T06:44:12.326097
Criticism of the Aviation Security Act: BVZD wants more powers for private security services,https://news.google.com/read/CBMia0FVX3lxTE43R2dLbVFQaDVBQUJDVHdKRVhlellIblRFRGYtWkI2ZUJ2OERNcGpPajhBWUowaXhReC1CYnR5aHR1LTFZOFo5c3BiQnZIY2h1cGNhcTFmMmdHYmRLZjlLaDh2SDk3Wjl3blZN?hl=en-US&gl=US&ceid=US%3Aen,Table.Briefings,2 hours ago,🛡️ Drone Defense,https://news.google.com/api/attachments/CC8iK0NnNXJSeTFvVm5wRmMyeFlhVlZpVFJDM0FSaVRBaWdCTWdZQm9JcnlQQVU=-w200-h112-p-df-rw,2025-11-21T06:44:12.326099
US Counter-Drone Tech Turns Shahed Kill Count Into NATO’s Next Edge,https://news.google.com/read/CBMibEFVX3lxTFA5dmE3bVFCMU9MdWpLT2FsNjA1bnpiOXpCUzkteEt3R0tGRmFxSDlsNmxneVFmQ0RXdjlzVllCUUhXUTJuVWxTd3U5YktpeEU3QVBuZGNwYnNPQlE3bUJocW53TzY1VjdPVHEzZtIBckFVX3lxTE0weWZtLXB1aUxYRzZPRGRqSXRnUTFZZVgxRTZkSHZwNFRNaEhLZmJWNXRmU3NrSk92bXhNYzF1eVJQaU95Y2lfdFJHTVI0VjY1UEtXU2JLSTRyb2hZcklrVWdFVndDNzk5TWZlekR4WVZtdw?hl=en-US&gl=US&ceid=US%3Aen,The Defense Post,18 hours ago,🛡️ Drone Defense,https://news.google.com/api/attachments/CC8iK0NnNHpXSGd0UldOQ1pVOWtTbUkwVFJEZ0F4aUFCU2dLTWdZQndKSXZ2UVk=-w200-h112-p-df-rw,2025-11-21T06:44:12.326100
DFJ | Rugged fixed-site drone detection & defense system with up to 8 km range,https://news.google.com/read/CBMib0FVX3lxTE9PQmUwUV9zbWpDWkNRYXRPczhPa0NDOHQ2RHpoOHVQZXMyY09HT0pCWEhBcF9vZGpFMk4zVXMtczdVdVI3cGQ5SDNhVy04UUt2azZIVzA5Q0xzUWNEWVk2bFdYWXNwSFg2UDE4N3BGVQ?hl=en-US&gl=US&ceid=US%3Aen,Unmanned Systems Technology,16 hours ago,🛡️ Drone Defense,https://news.google.com/api/attachments/CC8iK0NnNTRNSFl4V1Y5eFYyWk5VekZsVFJDcUJCaXFCQ2dLTWdhdEJZYnVsUWc=-w200-h112-p-df-rw,2025-11-21T06:44:12.326102
U.S. Army tests shared counter-drone system with Polish and Romanian forces,https://news.google.com/read/CBMivwFBVV95cUxPOVR1X204MlVNNWx1R2g2NVNnVFZtVW5DVnoxMm45TG1WejhfaExGUlE1UFJHMlZ6TnBsX3R3S3VFeGhfWnBVZlU5ZWxtSzEzaTUwTFd6QjZoZ29CWUNwTVVmaUR6U0k5UDBhTlpKdU03UU9BcjFsTEhiWjdJdXNyUklXLUhTRm5BTV83T1RPT1Z0Yk4ybHFUbXphWVRDbjBPT3k3LVA1T19IMGV3bWZvd2ctaWhaV1d6TmxKRnM1SQ?hl=en-US&gl=US&ceid=US%3Aen,Army Recognition,19 hours ago,🛡️ Counter-UAV,https://news.google.com/api/attachments/CC8iI0NnNUVNMFJCTmpCQldsWlVUR0p6VFJDM0FSaVRBaWdCTWdB=-w200-h112-p-df-rw,2025-11-21T06:44:12.326104
Ukrainian Defense Firms Ready to Mass-Produce New Anti-Drone Rounds That Fragment Mid-Air,https://news.google.com/read/CBMizgFBVV95cUxNN0VRa1dyejhSbXpaZ0VmZTMxcG1CU0l6dDlzWGdYbGZ6aTBrQmo4bUhHSFhaU2lhVzFuNmxiLTk4Skk0cWVGM2VRTVdnMWRjdkNiUEFjb1Naek1TYWtaVlZiaDRXY1RZZTFhOXlFS0VjQl9qVmdfNUdXLVI5b1JfbzRtMk5Nb0VfWlJyeVNzckhBWGJJbXZKUm9uc1ZHSkVvQUtlUjJWcEdERi1nV1cxeS0yMWZnTUtZaktqYmpWakU3MkpqQWtJRDk0a0VrUQ?hl=en-US&gl=US&ceid=US%3Aen,UNITED24 Media,18 hours ago,🛡️ Counter-UAV,https://news.google.com/api/attachments/CC8iK0NnNDVTVVF5TFdNM2JuTklSamszVFJERUF4aW1CU2dLTWdZTklvaFFwUVU=-w200-h112-p-df-rw,2025-11-21T06:44:12.326105
"Solutions to win: Ukraine ramps up anti-drone ammunition production, approves domestic models for mass output",https://news.google.com/read/CBMiY0FVX3lxTE55d2h2a0ZMLTlnTmJ4eVV2VnB5bl9pWHJqUzN2OTdYRVlXY0RBZ2RFTDdIZ1czcjhUdHhfVkFUaEJFOTdFSks2VUFQZUNlYjN5YVhJVUJDYjhmLURIRWp2cHk1TQ?hl=en-US&gl=US&ceid=US%3Aen,Рубрика,18 hours ago,🛡️ Counter-UAV,https://news.google.com/api/attachments/CC8iK0NnNU9PVkZNVjFwVU0xZElYM2hDVFJDUkF4ajhCU2dLTWdZQmFZakhMZ2c=-w200-h112-p-df-rw,2025-11-21T06:44:12.326107
ParaZero Secures European Distribution Deal for DefendAir Anti-Drone Systems,https://news.google.com/read/CBMiWEFVX3lxTE9LZkhNYnZqdU93WGh5T3FvZW43YTBmNnJQMndmOEdVcnZTYkkyRGJYdGQtaV9ocW1SVWlYU3BYNG9COEVwQ2lQeUZNMVJZaGJwbVNtd2NHbmw?hl=en-US&gl=US&ceid=US%3Aen,Israel Defense,22 hours ago,🛡️ Counter-UAV,https://news.google.com/api/attachments/CC8iK0NnNWxOVlJaYUU1aVdYb3lSemR4VFJDLUFSaUtBaWdCTWdZQkFxd3ZEUTA=-w200-h112-p-df-rw,2025-11-21T06:44:12.326109
Navantia to Propose ALPHA-3000 Frigate to Royal Thai Navy with C-UAS Focus,https://news.google.com/read/CBMivAFBVV95cUxPVWNJdnBpRHlVcThjT3h2SzFvQjhnOGd1cTNHVE5hZUlnUTZtYmpfQ0VaMFVtNXNsa0dyaGprQTdZcGgwT2JldENUbmkyTHdnMVk5SmdEZGFGWGJUR0Y2QndUbkVPQ3o1TjdGSjR3QUNqQmZfUHltUnRhb1JVOXJmR3FlamRKOEdobVRZYmxMaUctUnE4R0oxQUlEcDlmZFdfa3lfV0NTYndmRkI1bGdWYW1QRGFOdUJBQVBXbA?hl=en-US&gl=US&ceid=US%3Aen,navalnews.com,8 minutes ago,🛡️ Counter-UAV,https://news.google.com/api/attachments/CC8iK0NnNUhUSGhhYmpOYWJVaFlSWEpPVFJETUF4aWFCU2dLTWdZUkFJU01qUWM=-w200-h112-p-df-rw,2025-11-21T06:44:12.326110
Drone Maker DJI Invests In 3D Printer Giant Elegoo Amid US Ban Fears,https://news.google.com/read/CBMiiAFBVV95cUxQRTlvY2FjeW4zSjJWOFg4U05jeGxrdU5vVW5jdjgyTlAweF94SEo1b1d6N201dlQ1OFhPQXA0RU1WWVdpQmp5Y2dwb2lqX3F3SWNkUnNRXzM5QVkydEloTWV6WWdXT2xhOWdvMVBwSlJhYXQtWVM0akxyZkl5Sm10aWFGWi1xYlBR?hl=en-US&gl=US&ceid=US%3Aen,DroneXL.co,5 hours ago,📦 Commercial Drones,https://news.google.com/api/attachments/CC8iK0NnNVNNemM1WVVwUFZrbGphMHBUVFJEZ0F4aUFCU2dLTWdZcGM1aVBMUWc=-w200-h112-p-df-rw,2025-11-21T06:44:12.326112
French Startup Rift Receives Funding for Aerial Intelligence Stations in Europe,https://news.google.com/read/CBMiswFBVV95cUxOSHExckllNi1vdG9GdkdteXJLYVlJSkt5aGttNkpSRHFXWTBhUERwdzFkUE94SldXM29uVDVIRXhQdkhQWjhuREFzaXhMaWh1X1dtd290Zi1qTjlOalNTcmN4TU9qazVCTXV2T3hiRnJtSG1PVExSSC00MEtzMDIzMFBpUFg0N1NOQTB4V1c1YkktNVd2TTdoUmdQdHRrY0lEZkFQNHFqSWQ3MVl2N0NTNVhHVQ?hl=en-US&gl=US&ceid=US%3Aen,Commercial UAV News,16 hours ago,📦 Commercial Drones,https://news.google.com/api/attachments/CC8iK0NnNTVOV2wyT1ZneVNtVlRPV2g1VFJDZkF4ampCU2dLTWdZVmtvNXBOUVk=-w200-h112-p-df-rw,2025-11-21T06:44:12.326114
Simplo Technology expands into drone battery modules with shipments starting late 2025,https://news.google.com/read/CBMikAFBVV95cUxPQjltd01lS2VUV1B2UW1jNVJHdUI4bXExRHE5bkxSTDgtZTNleGoyVnA1MWI0ZTFsdkxyMEJmNi1ZRmo0Smd2VEYzQ0prWE42VW1vdnJzSWp6T21URVlkZUdjQXJ0cnZ0TC1TNVRSVTJPYWtfcVBCU1p5VjhpOTNoWWc5S3dFSDAzU3NkZmF1UUI?hl=en-US&gl=US&ceid=US%3Aen,digitimes,1 hour ago,📦 Commercial Drones,https://news.google.com/api/attachments/CC8iK0NnNUpjbFZLVmxVeE56TkpNamRHVFJDckF4aUFCU2dLTWdZQnNJYWt2QVk=-w200-h112-p-df-rw,2025-11-21T06:44:12.326115
Amazon Prime Air drone delivery program expanding to Hazel Park,https://news.google.com/read/CBMijwFBVV95cUxQaVpDb1IzTlcxWkxlVi1ndWxBN3drM0tvMWc3T3dsTzZuUzRjN0ZFMTk4b2R3NmVpMHNwbUFCV0VveE1XMzBoOEVUWkJuV042cWcwRFRsY18wWWlWZnp4TzlBMU5tcjlvdmtlNmdpTlFPdVEwQUJSaW80TnBhdjVKVWdFNDhHQmFZdXVoZXRaYw?hl=en-US&gl=US&ceid=US%3Aen,CBS News,7 hours ago,📦 Drone Delivery,https://news.google.com/api/attachments/CC8iK0NnNTFYelpOYkhsWlJWZG5OVXRaVFJEd0FSakFBaWdLTWdhQkZJNnNxUWc=-w200-h112-p-df-rw,2025-11-21T06:44:12.326117
Amazon launches drone delivery in Metro Detroit,https://news.google.com/read/CBMiqwFBVV95cUxQeDlGYUZpc2JWVWNVQ1lzeTlRaV9tWlQ1QmZ0N3lWT3FXVDJLM3l0RkRZNHYtTjU5LWhqSlNtekRmQ3FLWVRNcXU2NDhqYlJaZE9SOGVYSWhxbFdrdGpLdXZKakFFMEVzRVdZazBzOWJXRmV5QndqT1VQU3Q3MU9QNURXT1VkdGZkbEx4QUw2aE85T2lOTzY4eWlvbHY0ZGJCWkl0MDNEUTJ3MUk?hl=en-US&gl=US&ceid=US%3Aen,ClickOnDetroit | WDIV Local 4,10 hours ago,📦 Drone Delivery,https://news.google.com/api/attachments/CC8iK0NnNW9UV2RFZFc5TVZ6ZEhZbTkzVFJEaUJSaWZBeWdLTWdhQllwTHJQUVk=-w200-h112-p-df-rw,2025-11-21T06:44:12.326119
"DoorDash Wins Its Appeal to Test Food Delivery Drones in the Mission, and the Teamsters Aren’t Happy",https://news.google.com/read/CBMi0AFBVV95cUxQdmN4a0ViOWY0ZlZ0c1lPVElQT0stZmt0Qlo5T1VOenZ3N0ZlTk41dzFkY2Rrai1hZ3BKTGExeGZaVEdXZ3lYakRPSzVuOXkyVzhNc3VpcHNBRE9aaUJ6TVpLNWMzemZYcGRxZmJkMzZ4Z2R3UjU4T0pZUjM4MU5pY0dlWUFkaHFSbl9qR3ByM09FMjRUaUJEdUR4Sk1LRHJqOW5McnB0XzRPWnlTRkdKaUVOdGxESF92X0RRc2MzWjFzaXpPSnZWeEkzNFZTcFhI?hl=en-US&gl=US&ceid=US%3Aen,SFist,7 hours ago,📦 Drone Delivery,https://news.google.com/api/attachments/CC8iK0NnNVBSMkYyV2pCcVltRlZjVE5yVFJDZkF4ampCU2dLTWdhZFFwWXVLUWM=-w200-h112-p-df-rw,2025-11-21T06:44:12.326121
DoorDash Wins Mission District Drone Testing Fight Despite Union Fury,https://news.google.com/read/CBMioAFBVV95cUxQSFZPcGRaaGltSVNOeVhnSmV4UG1kYWp5VEdMNkh2U09PbTlLVUFwZlFGbDJ2eU0yOVNoUmI1bUhReDFrNUxzeWx2T1ppOGpkcHllV1NQWGxPZ3NSc1lEOWVuUS1MaVNHZU5DbEp3bUFFRGZuTzZ0VnNiVGVySXZEbkNIVk00bVhBS0p6N3djSnNaOVhScUtQMUgwakZ3bGw3?hl=en-US&gl=US&ceid=US%3Aen,Hoodline,6 hours ago,📦 Drone Delivery,https://news.google.com/api/attachments/CC8iK0NnNDNNVFo1TVRaMk5qZHpXVnAwVFJDbUF4aldCU2dLTWdZaE5KS3RuUWM=-w200-h112-p-df-rw,2025-11-21T06:44:12.326122
"Black Friday Beginner Drone Blowout: Up To 30% Off DJI Flip, Mini 4K, Mini 3, Neo And Skyrover Sub-250g Camera Drones",https://news.google.com/read/CBMigAFBVV95cUxQeXBTVDlmdk9DcUthdGY1Mko0cEZ5bm5xQXFmaFdpNHA5R281aFZQU2UtdWNBYThFbGNNZFpiNFVtcS1PQlJWMXFJQnhIWFlOWFNHd0RscHRXbWlHaEVYNlo1c19NNlFYVGM4cW45VEVwaTBKUXZOM2JoTG9DZUNSNQ?hl=en-US&gl=US&ceid=US%3Aen,DroneXL.co,8 hours ago,📦 Drone Delivery,https://news.google.com/api/attachments/CC8iK0NnNURYMHR6Ym5CWVl6Qk9ZbXBhVFJDb0FSaXJBaWdCTWdZVlpKS3RMUWM=-w200-h112-p-df-rw,2025-11-21T06:44:12.326124
Amazon's drone delivery service expanding to Hazel Park,https://news.google.com/read/CBMimAFBVV95cUxOdWsydWVQemNuVGhnbDRmUzI5Y3FEbnc4S0NxbmxYWGFPazdTaklrYVBPTjdLeTFmaFpOSzl2c3pYeWV4ZUdsOXF5a1UzX2Y1bGQxb2RTOWNKdGFUX0RzNTg3blJrcEc2ZjBvcEk1MDl6eHhDZmpjeHE5MFJxVnlyeklTdkItUURGTnlQRzk3ZlI4cEZvS1VBSA?hl=en-US&gl=US&ceid=US%3Aen,CBS News,7 hours ago,📦 Drone Delivery,https://news.google.com/api/attachments/CC8iL0NnNDRhMjV2YUhjMWNXRnVXbDh3VFJDZkF4ampCU2dLTWdrSk1vb3BNZVY2cUFJ=-w200-h112-p-df-rw,2025-11-21T06:44:12.326126
Amazon drops update to Prime delivery — here’s what members must know today,https://news.google.com/read/CBMi4gFBVV95cUxPZ0t0NUhScl9zRVU1Mi1hTXZyNTZIRS1xZUVXd1FmWi1rMHBFZUlRYlg2S0o2X1NZcGVISFIwdlBNNW1xRW9LQlhVVE0yakE4UFktSlFncWZWd2NSc1Jrbi1fS3hKVGJIM2FLd0dROS1MaWEtUHF1d211Q1poeDRILVJvNjFnZk1rQVZPQjdJUWNIUFB6ZVFCSFRYV05WS3FMYmxwUGRZWlQyeEFjUjY3eGZ1SXJteG1PNmh6ekxJRVBVNkFLRERMV3dtdEFFVy0tbEt5VWxaVTZJUFBwM3g4RDZ30gHnAUFVX3lxTFB4VVAyTkpkeVMxVW5ZRndxWFZMUTd4ME00NG5EOFNyM2FkZVhkcFFxandCbHRYXzloRVVTNVhqVDcwUkJsVlpjc0YzMHE0OWd4Z25JZWQtWklBN2U5U0pkQmpDRzhCcjdmd2RQVVlWZ0s4Ykh6TllFNV9LblBwZ1dUX18tMUdWWC1iWTEyM0ExOW1peWRfd1ZlMUUwNkhBdEtOb3J3Z3gtdEhQS1BLaHNYY2lfM3Y3QVJndVROSGFicUI1d2o1QU5WSEpkN0s0MjU2eUEyTWZ3eUZJTXNXZjV2SXh5N2xtNA?hl=en-US&gl=US&ceid=US%3Aen,The Economic Times,12 hours ago,📦 Drone Delivery,https://news.google.com/api/attachments/CC8iI0NnNHlVVEpuYm1OWE1FcEZSMXBhVFJEZ0F4aUFCU2dLTWdB=-w200-h112-p-df-rw,2025-11-21T06:44:12.326128
Biome Makers Launches Its Largest BeCrop Farm Update,https://news.google.com/read/CBMiugFBVV95cUxNN3gwRXRzdEdYZ2xnOWJQaVJTRzNuZHdaYmh0ZjlKVXN5NjZsRm1pVk1OWXVfZmpNVDVxT0gxTHN5VkVFV1A3Xzg1T2UzdWRHWVpSa0JoLXNDUTJnbGIxbkUwT1QxM3RsbEhsV2NFSHdqa0YxWGlaZHNuZktHZHpHVy1sMXZ5cjdHS09mMzBiY1hBbk9MU3poWU9xdlNaNzdzZFBZT1B1MWtYb3d2NkhVMkNIUkt0Y1JQd3c?hl=en-US&gl=US&ceid=US%3Aen,Global Ag Tech Initiative,9 hours ago,🚜 Agricultural Drones,"https://encrypted-tbn1.gstatic.com/faviconV2?url=https://www.globalagtechinitiative.com&client=NEWS_360&size=96&type=FAVICON&fallback_opts=TYPE,SIZE,URL",2025-11-21T06:44:12.326129
"As the Occupying Power, Israel Must Let Gaza Feed Itself",https://news.google.com/read/CBMi9gFBVV95cUxPRHR6ck4yeUxHaVpvSnBHUDRDc1BKNjJ3THdOQ29UVmgxbWNZUmd2eW9wX0FLYV9zMzBJTER4YnJ3VVlPdTR6VVJyRnlNVVAzNnplRnNRQ0JXWjRvdmRUNVB5SnNlYVVSeWdoTDJQb0RTQUxiUXFIWDU1SC1pQ1dBaVRsTHlwbGVqU1VfRllBUldTZWpHb2lyWDRXNTcxa1poTm5QVGQwUHBHTFB5NlprY1FpVVJ4T0ZndE9lMDBpU1NWS2ppYTlwOXhnNUtwZ09PWmNwUFF4T2ppRzJMcjVCVUJ6a1Vzc1R3S3FmMzFKZXVSSVFTaVE?hl=en-US&gl=US&ceid=US%3Aen,Haaretz,8 hours ago,🚜 Agricultural Drones,https://news.google.com/api/attachments/CC8iJ0NnNXZTM1Z2UmtoUFRsSnhPRGh1VFJDZkF4amlCU2dLTWdNeGtBUQ=-w200-h112-p-df-rw,2025-11-21T06:44:12.326131
Drone Application Map Tool Research Report 2025: A $10.75,https://news.google.com/read/CBMi5wJBVV95cUxNSTFzNVo2Q2cxMDhVRjhqUzlZVTBtYUxLZ2k3ZlJPZTdLSWRsbXBmcGNNdlZwQXVac0ZyQkhuY0dxcUQ5amRtY2hudXc5bm1FeXR6VEZWWkd3T2wxTi1QNGgzcHNSSXlrMU9GMjdDVngtZWRlLUNVamdTRU5XdF83TWlsQVF1T0FlcE1RaGVOeUd3VzZxRl9PT01Na09EUGJaTF9Za3NWeG1RR3dVS0IxZ3djQXhnOW53N20xdl9CU3dNMVNIZGJ4RmFSTjR0V1ZNcGxhTi1QSUFJcmpTSGViY3hFc2xiU3BfT2s4RFNyUDU4MDdkcXJid1BfWC1nQ0dGRGZCdEdreDVNdGVKbUtmc0Rpb3RWb0lyczZYVlVqT1k1bm9IUnZkVHQwT1pPdXRZTXlHRkptRXF0cE5STjBXQXZPNXJvbmVkM2c5d1daVEsxR0dDWnVIVW1YM0tmRng2MUM5R3A0aw?hl=en-US&gl=US&ceid=US%3Aen,GlobeNewswire,18 hours ago,🚜 Agricultural Drones,https://news.google.com/api/attachments/CC8iL0NnNWxiR1JOTUY4MVoyRlFTMmhHVFJDM0FSaVRBaWdCTWdtaEE0aVFqYXhjclFF=-w200-h112-p-df-rw,2025-11-21T06:44:12.326133
Vector AGR Unveils Full Line of Smart Agricultural Solutions at AGRITECHNICA 2025,https://news.google.com/read/CBMi8AFBVV95cUxOZl9KeHJhSFpoNjc0aW5QRVRkck4tMndYamJLYkEzQ3Y1Q3Fpak1RSzYyUEJ5dFZkc2g0R21ENGt3OC1zZVBuWHkwM1JISzJxQU5ZSnJQSXlsb0JySmZ6QTFlNjNuMkFDVzBQLXZvUk1qbUVhNHRPaldwWlhZUzJTV0lDd1VxM3Jpd1NuZktBc2tNem9iMUgxZnZvTG1oekZjTzEtOVlja3VBRnhIWTFIdTBLbjlHRFcyeEQ0bzB5Wjd3MDI4YVNQSHVoRkdaV0hPcFp0MzQ0VjBMV3BFNmROOWwtSUd4SFFxWC1jLW9SLXU?hl=en-US&gl=US&ceid=US%3Aen,FinancialContent,17 hours ago,🚜 Agricultural Drones,https://news.google.com/api/attachments/CC8iK0NnNHpNMHQ0ZDFKR2F6bHZWMGxWVFJDWEF4anlCU2dLTWdZQmtJNlJOQVk=-w200-h112-p-df-rw,2025-11-21T06:44:12.326134
Drone Ag’s Skippy upgrade promises farmers sharper crop insights with on-demand drone imagery,https://news.google.com/read/CBMi3AFBVV95cUxPUW5IOVBFamVXbXQwOUZtM1N5SnVWbTVpRXlOSnVnamJtOFVJcVNqemk2U044TlNQdVJ4WVRWa1I5Vlc5UEdqck5FMWhOM1RGckxiRHVDQmRnRFlsVFo4bVJIZElxXzczby1HRldla0NzU3Vra29EU252ZHdGMkNFV19NQVVEVlFvYjFSMmNOajJIU0FXYlpROFpDcXNmV1c2NUM2elFpWF9XdEN0TW9JaWczRk5CWW1ib0JUU0t1RHVfdm5pT1h4UEVtamJJZ0JXWXRGZVRxUFBkc1lv?hl=en-US&gl=US&ceid=US%3Aen,AgTechNavigator.com,17 hours ago,🚜 Agricultural Drones,https://news.google.com/api/attachments/CC8iK0NnNWxSSGRpVFZCd1J6aE1WbTlmVFJERUF4aW1CU2dLTWdZbGc1Yk9NUWc=-w200-h112-p-df-rw,2025-11-21T06:44:12.326136
DJI releases pocket-sized RC Mini AG drone remote control with small built-in display and up to 10 km video range,https://news.google.com/read/CBMi7wFBVV95cUxNOHBEUmhXUGtMQ1M4OHJDZEw2MEFTQWtZVFI4SGVhbjRDX3k3TTZkb2dRdE5GdnRjSG5vaXhxZHpDc3hEdGlvZThieVNDM2xTWGpWTTJVZUNxOE9KRE9EUlZTd3ZiWDZjby1LZUZOaFgtOVpBLUJMNW5FQ01WanlpRWt5bUJFMktWc096bnZHU0c2WDlFMGxhVjFkY1pIbjdiWU5EYkxaWVd6TVlnV3RiSlEyRXFzQzNnenlGdzh1b08zdF9wdThnZjJ0RWVUMi16X2hlQ2ViaF9kWVMwV3NoNk92cm9QbFpHMkxMbkozaw?hl=en-US&gl=US&ceid=US%3Aen,Notebookcheck,14 hours ago,🚜 Agricultural Drones,https://news.google.com/api/attachments/CC8iK0NnNWZkVEY0Y21aVlZHSTBTVlV3VFJEZ0F4aUFCU2dLTWdZbFpvanRxUVk=-w200-h112-p-df-rw,2025-11-21T06:44:12.326138
Psyence BioMed Reaches Major Breakthrough in Pharmaceutical-Grade Ibogaine Supply for Worldwide Clinical and Therapeutic Markets,https://news.google.com/read/CBMinwJBVV95cUxPWU5SaEFIYTY5aFZLUUNtcU1jLTl0c25XdDNxRDlRZlJrYWd6RHdHTVMwTGtzTTI4MG94X0djLWYxa0poNnhBTF9mVGg4WXZ0ZWxsT2JoMDVBNDVwOEc3UXBLUnI5MFRaYXdkX1hzSld4ZmZudHROYkdLczc1Z0gxY3NWbEd3SEMzcXNtakYwRDJwZHg0M2lWVG9CRVdUakN3WnYwS1JTeUMxakE5SEFSMkVNbHJhdFV2NU1GVHBseVAtcjhVQ3B0Q0t2WTFkR2dRTFE5czVtUDh5Skx1OS1yQnJYRHFXZ2dCOTFMbmJjYjF3ZWhIdWdXaGNhZXVnVG5XZzdic2RXanM3QVByY0pBYU4xZUNaaGFFdV9WeEJlUQ?hl=en-US&gl=US&ceid=US%3Aen,Stocktwits,18 hours ago,🚜 Agricultural Drones,https://news.google.com/api/attachments/CC8iK0NnNVNiMUppTTFoc1YwNXpUbFI2VFJDTUF4aTBCQ2dLTWdZQmtaVElOQWM=-w200-h112-p-df-rw,2025-11-21T06:44:12.326139
Key Players in the Multirotor Drone Market: Share Positioning & Investor Performance Outlook,https://news.google.com/read/CBMinAFBVV95cUxObGZjVWdFYW9LMHpXZFJCVmNaSGhwYWFzNXpfM1RBT2UzRFN1WUpkWGZ0THJyVXFUNWdCd2V5STJlQkZCSEc3NV91bF9QTzNyVGYzb2VjcTk1STJQdElINWd6WHQzYVdSVHdraldmcVRNcWgtendZYkM5eXp2OVhWMEREU1JYeE9nNnlsTk9WN0REdlhlOWN3amFvNW8?hl=en-US&gl=US&ceid=US%3Aen,openPR.com,19 hours ago,🚜 Agricultural Drones,https://news.google.com/api/attachments/CC8iK0NnNHhUV3RCT0hSdk0zbHZWRVpwVFJDSEF4aVBCaWdLTWdZTkFwUUttUW8=-w200-h112-p-df-rw,2025-11-21T06:44:12.326141
Agricultural Microbials Market to reach USD 38.1 billion by 2035,https://news.google.com/read/CBMiogFBVV95cUxOb19sZ3F3RnJuWFFEYzJRNGRWbWhSM2Z2c1hKMHhmUWp1cGlvS3lidFlLaHpPcktHTHhlZGNsMkZRLUFsZUFYMlQ3d3M3RnpKMk52SmJ3M0dnWjNOOF9aQkl6Mkl6WEFmaTZjZmRzSUpLQm1jNGdmbFI2Q1FwdnBTT2hiejZTQUdJSDRtM1dCMXpOaS1XSndYNDlQbENhaGt0aHc?hl=en-US&gl=US&ceid=US%3Aen,FMIBlog,17 hours ago,🚜 Agricultural Drones,https://news.google.com/api/attachments/CC8iI0NnNUlVR1JXTFVGRGMxVjNVV0p3VFJEN0FoaUtCU2dLTWdB=-w200-h112-p-df-rw,2025-11-21T06:44:12.326143
"Innovate28, Certification, and eIPP, Oh My! An Advanced Air Mobility Update",https://news.google.com/read/CBMiigFBVV95cUxPY2RHRDVfSHNldzFNWWVzQjFRMG5MZU9FM1MxZERuSEFfeUVNUzg4eEVLekpCdERHeW5rajVSbjZMV3luYkpGN0t3UV9aR0ktZWFtVkpMOFprX0x2alloenZWV3YtY2dmWllvUzNaZEtDclV4Q2xnLU9mMTRyOGNpQWQtRjI2YW1LX2c?hl=en-US&gl=US&ceid=US%3Aen,JD Supra,16 hours ago,📋 Drone Regulation,https://news.google.com/api/attachments/CC8iKkNnNHpTRWxFYWsxRk1WOUNlbW94VFJCdEdPRUJLQW95QmdreGlNYWdCZw=-w200-h112-p-df-rw,2025-11-21T06:44:12.326144
Investors risk being hoodwinked by grim energy transition vibes,https://news.google.com/read/CBMivgFBVV95cUxNTWkzTjVDWWUyLTBWWEVYTFNvT3Q0aDgzbFFkNThvZmljZm9sOV9ZXzV1X1dYQlhSU2h6Z2E4WlVZWW9ENDBVaThHUGVUVk1zYUpNMVBzUE1yRlNwWWRwQlREU3pabXV6RkRPN3duMjBmMnlMX081bVJiYnBUNE8wRzdfcVJPTTVXTFZQdE9DdmRZS2tta3I0UVNNYVBFSUxFOE9GQUZwSzk2RVd5VXJ6cU96bjM0aE0zUUZ1c21n?hl=en-US&gl=US&ceid=US%3Aen,Reuters,19 hours ago,📋 Drone Regulation,https://news.google.com/api/attachments/CC8iJ0NnNTBXbEpDTTJST2NEVjZla0pJVFJERUF4aW5CU2dLTWdNQlFBUQ=-w200-h112-p-df-rw,2025-11-21T06:44:12.326146
An improved roosters algorithm for constrained 3D UAV path planning in urban environments,https://news.google.com/read/CBMiX0FVX3lxTE94d29rcG9qbXZ3SzVQN2kxQkJSbFlTWldQXzNRdDFxNUdiNHJuWmZTQVVVcnFQeEROSUIxcEFpMXNXaTJ4OHpiRkgtWTBSa0JzWDdRQ1NnVW1hcWp0eTZZ?hl=en-US&gl=US&ceid=US%3Aen,Nature,18 hours ago,📋 Drone Regulation,https://news.google.com/api/attachments/CC8iJ0NnNDRhWE5xVmxoSlZ6aFhkRlJCVFJDeEFSaWNBaWdCTWdNSk5Rbw=-w200-h112-p-df-rw,2025-11-21T06:44:12.326148
A new bill could sink India’s drones from the sky,https://news.google.com/read/CBMie0FVX3lxTFBKeW1HTWE1MXJaaHFrZlI0d3lVWURJc0VYVDBSLTVpU0drX01sQlEwdUotaGExR0VJU2hsdUJvMWRZbjM3Q3ltSlhSZk9OQ0Z4S3dJVjBBcUppMlhmV3dhNkxLMU5KQTR3MjFrRWIxZU00N3ZOSlMtd25ncw?hl=en-US&gl=US&ceid=US%3Aen,The Daily Brief by Zerodha,4 hours ago,📋 Drone Regulation,https://news.google.com/api/attachments/CC8iI0NnNW9kakJoWTJsVVRXZGZTVFp6VFJDM0FSaVRBaWdCTWdB=-w200-h112-p-df-rw,2025-11-21T06:44:12.326149
Travel chaos as FAA orders ground stops for two Dallas airports over phone issue,https://news.google.com/read/CBMiekFVX3lxTE54LWlDejJsTXVOYlRPTDRvV1E1YlVkaDF6MWtRV2ppWlQ1LU1HeVpnYVNRLXNQZXU3QkFfSERpX182Xzd2cjBoTFRPYjlQSm5feEFhdzVTZnhaV1IzbEZKTWEzcEVLdHBLMkJrVEtrRnhxc2JleUhYRnR3?hl=en-US&gl=US&ceid=US%3Aen,AOL.com,4 hours ago,📋 FAA Drone,https://news.google.com/api/attachments/CC8iMkNnNDBZV1JOVVRaMFEyRkpPWFpMVFJDckF4aUFCU2dLTWdzQk1JYk5vS1lsQkl0bWF3=-w200-h112-p-df-rw,2025-11-21T06:44:12.326151
You got a drone for the holidays. Now what?,https://news.google.com/read/CBMiZkFVX3lxTE00bk44TjI0R21wUDNSVmFrcmc0LXIzMlN1SFBfTEFkazJ4MUxycG5xVHdGbzBKZ0V0Q2tKNjJQVU90dGo5bE5YcVFldkYzdnAyY1pNY3Z4cDFleGlSR0R2ODRwcDl3QQ?hl=en-US&gl=US&ceid=US%3Aen,Tech Xplore,16 hours ago,📋 FAA Drone,https://news.google.com/api/attachments/CC8iK0NnNUZja3hPVkY5aWVYSmtlVVl3VFJDZUF4amtCU2dLTWdZcFJvcnNIUWs=-w200-h112-p-df-rw,2025-11-21T06:44:12.326152
"Evidence of fatigue cracks a 'major clue' in fatal UPS cargo jet crash, experts say",https://news.google.com/read/CBMixAFBVV95cUxOUUJtWTI1eXpjOWFZbmxRNmEwY1RPSkFQbkppZTlsQURMVjZaR09JVnNjak5ySzIzT2dFYjFKdzVMYUxaQmdHZmZkZ3FPeEJfai1qY0hlM3AyNWFTTk83UldDWG9ZekhJd0hhakw4VUZHWk45enpOLTd4cGxrdVpfVi1ONnZVZGdLX1dtYkx4WnNMUVJZNEZvaFNvcWdDMVhKaTJFdS1mdFpxc2V1UWd5NmxKTkpEcVhrVGlSQU9OaVhUME5V?hl=en-US&gl=US&ceid=US%3Aen,Reuters,11 hours ago,📋 FAA Drone,https://news.google.com/api/attachments/CC8iK0NnNUpiVFUyT0hSWVZFTkdjVVZHVFJDZkF4ampCU2dLTWdZQlFJQVZRUVk=-w200-h112-p-df-rw,2025-11-21T06:44:12.326154
DJI’s $159 drone deal steals Black Friday spotlight,https://news.google.com/read/CBMiakFVX3lxTE54dHBBTzBROXRvTms5N3YzTEppQnBPTkhSYzMyeGoxWFpWMFV6Y1dXYjd3bjRQSHgtbDJSdlFTenNhR3N2TGpnTGYxMEh4eF8zUXdDRThWalZ4TWlqb0p5alUtcGx3eUpqSWc?hl=en-US&gl=US&ceid=US%3Aen,DroneDJ,20 hours ago,📋 FAA Drone,https://news.google.com/api/attachments/CC8iK0NnNVpPWGN6WnpSR1kzSm5TalpCVFJDVkF4ajFCU2dLTWdZZEZJYXN3UU0=-w200-h112-p-df-rw,2025-11-21T06:44:12.326156
Local resident's photograph earns magazine cover,https://news.google.com/read/CBMiqwFBVV95cUxObkVxTGEwck1jRU9fOHdMdjQzNXdBaGg4bThNYWtqOUpTRXhRbmVfdUVaekIzM25IX2syX3Z2czYyV2RRRk1tWW55Q3kyTUw5Z0tRR2RxZ0NtWm1MaU9OTTk5MkVIMWJiMnktSXNKNzNHaE9ZdEg1NGUweFhjVXYwSkFmMHJmTFVNOXhCbVlSWGRBZGV3VmFxOWYxYkN4N3hKM3l2TUgxWTlnOUE?hl=en-US&gl=US&ceid=US%3Aen,RIVER COUNTRY - NEWS CHANNEL NEBRASKA,11 hours ago,📋 FAA Drone,https://news.google.com/api/attachments/CC8iK0NnNUhaSFJmYVRKb1EyZE5iVkF5VFJDVEF4allCU2dLTWdZWkk0cVF4UVE=-w200-h112-p-df-rw,2025-11-21T06:44:12.326157
UAS Nexus Launches Drone Syndicate To Solve Blue UAS Component Supply Chaos,https://news.google.com/read/CBMijAFBVV95cUxPVmdndFRKX09GcklFa3dwV0cwTlBSVDZjOXNkbEVmMk9SVFhxdExuQ19nMTB0bTZVZEdlSUl4a3lWVHliUDZyekpEVnhha1MwNmNheTdCeGFMalY5NXpxZEY3Rno4NGhEYnNCNUJsTWZLaUktUHgydlJoM3NoRVNWT0hleUJQaFY1cmVjeg?hl=en-US&gl=US&ceid=US%3Aen,DroneXL.co,3 hours ago,🎮 FPV Drones,https://news.google.com/api/attachments/CC8iK0NnNXFWelJ2Y1VaRWEyUlRjVUpEVFJDcUJCaXFCQ2dLTWdhTm9Zd216UVE=-w200-h112-p-df-rw,2025-11-21T06:44:12.326159
Inside Ukrainian FPV Kamikaze drone unit with ace pilot 'Darwin',https://news.google.com/read/CBMickFVX3lxTFB6eFNoMHBaazFuN2JRa2ZFX3paMzlGdFJnQWI5ZmhCX1pMd3hfWjVOdUZHR2txVk1odVQ2Qk0wTkFzNE52N1FiLUJYdzRaU2ktUEJfM2xQUUhXM0YwaFRXNW5oUWJZU3VybU5IMmMyQy1lQQ?hl=en-US&gl=US&ceid=US%3Aen,AOL.com,6 hours ago,🎮 FPV Drones,https://news.google.com/api/attachments/CC8iL0NnNXdWVEJYTkhSNlVVcHJjRWxPVFJEb0FoaUFCU2dLTWdrQmtZZ1NMU2VwTkFF=-w200-h112-p-df-rw,2025-11-21T06:44:12.326161
Pokrovsk & Myrnohrad Have Fallen,https://news.google.com/read/CBMibkFVX3lxTE9UdkdLQXB1cHlaU3ZhU0IyQ2s5cHFGcHlvbWI4NG5GcGpxdmJqaGxrQXFfR3RoNVhrTVR0MkI2N0RuSlBXcmdCcElYUURPeDVIUU9GRmVzZUFJT1pvRWlKTU15M3FJWE1ORUh6VXFB?hl=en-US&gl=US&ceid=US%3Aen,Trench Art | David Axe,8 hours ago,🎮 FPV Drones,https://news.google.com/api/attachments/CC8iK0NnNVBPV2Q0U25sQ1IzTkdhV0kwVFJDb0FSaXJBaWdCTWdZOVVJRjFZQUU=-w200-h112-p-df-rw,2025-11-21T06:44:12.326163
Russia Demonstrates Supercam S180 Recon Drone With Claimed Anti-FPV System,https://news.google.com/read/CBMiqgFBVV95cUxPODJkNmJSN3BJeUlfS1kzeDA3YkhIV3B6TXhtaE11THpHV0N3anM3bG1ZTURLa2xXd2x4SXdqYTZqamI5RS1Yakt0QlNKdVhiZEtYTVAwQmhreHpmOUdDbExTcFFwLVB0TlNsWFZQX2g5RUZ4QlF1am9xMHgySlkxOVR1c1hlQ1Bqa1pIdDFVZzk3ckUzLWVVYnJRcklobUVLWVI2Y2xycm9QQQ?hl=en-US&gl=US&ceid=US%3Aen,Мілітарний,10 hours ago,🎮 FPV Drones,https://news.google.com/api/attachments/CC8iK0NnNTVPWHA0UzBZeFZtcFplbkpNVFJEZkF4ajlCQ2dLTWdZTk1JanRPQVE=-w200-h112-p-df-rw,2025-11-21T06:44:12.326164
UAS Nexus Launches New Curated Drone Syndicate Store,https://news.google.com/read/CBMijwFBVV95cUxNeC1BbGJ5WDlidFRlV1JBMjg4NDFJU045b19FRm1vc3Z2QnpyX042TndxOWNkVUQzMDFkckwweG1Pdmhlb2o4V0I1SmdfT055d2pUWHA2Zi0waGxRUVZIVW5HZElXMXRzNHdESzhSajI4Yi1NXzh6UXU4d2VJOUoybk5wZ18tVXAzZS0wdjNBYw?hl=en-US&gl=US&ceid=US%3Aen,sUAS News,11 hours ago,🎮 FPV Drones,https://news.google.com/api/attachments/CC8iK0NnNXJXazVyWWxrM2JHSkZVVmRZVFJEYkFoanpCaWdLTWdZUklaQ0xuUWc=-w200-h112-p-df-rw,2025-11-21T06:44:12.326166
"Russian FPV drone strikes evacuation vehicle in Donetsk Oblast, US volunteer injured",https://news.google.com/read/CBMikAFBVV95cUxPdzZYQVg3Uk8zQVNZU0kzaHdjdTlnbEFxOUlMM1E5T0hHUXBHbkRVbzN3Mk9FcnpGb0lmNlRRb052aDVzMm01c2stM2dkcEg4Y19KZUlqY0gza2FnMDBrUTBmeTdvczRFd3FZejJwSWE2dWwtZUsweVFaTERmZ3VHdTh5NHN5d3VNYWRqWmY4MGU?hl=en-US&gl=US&ceid=US%3Aen,Yahoo,18 hours ago,🎮 FPV Drones,https://news.google.com/api/attachments/CC8iK0NnNXNVa0pYVjFaNldrcFFOalppVFJDZUF4amtCU2dLTWdZZGxZenN1UVU=-w200-h112-p-df-rw,2025-11-21T06:44:12.326168
Tornado-S Rocket Obliterates Ukrainian River Crossing After FPV Drones Fail Precision Strikes,https://news.google.com/read/CBMihAJBVV95cUxPdlhpTElZTHRLSGg4U2EyMm1RMmxjdElrU0JlVU5WZDdycHVhcG0wNVB5ZEtqTDQyUy1aTUZFdWFoVnZwbkZqQnNwT1ZsWWhSb2Nfc3FsdzFmZHFOZmRTNmR5TEgtdGMyWWpEN3pjZXlpUnRJb2VaaFV1dkVQT1g1UFZ0MlBOQ21ZcnQxWlNLcm9rdUNHT2pWeHlwamJSWmRDU0lyLVJ4Mjg5bmFXYjJOckFfS2xObGc1dTRjNFFCbFlCdmE0RGtMNUN0emZNMnNHSU04eTZGSXhHMWtYS2F4SG5TTkhFMmE3OFpwQjlVVzR6NXppQzFpa1Rqemk0NUdlMGhJVtIBigJBVV95cUxNRW9id1pjU0Q4cHlwNUVEOEhBVUZMaThhYlRCdEpweEJnVl9QWVp4VmQ5TzhvWHpMelZ4UHVQVHdxVFMwYmlFTUpIVjFuRkJEUXh0d1hONWxnNm1vNUpTUHZZWW42dElYZ0NqTkxYRlBIdGlfOWdxV3NpU0tWRnVkY2xKbWV5VW9wMjlYRUswTGlGUjhWYS1DcG1NX2lqTWpCUmx2eFM2cUs4WlYyeW0xc3dyS2dZejU3ZzRYUVNOa1Rva2EyRm9yZTFsTzIxZlNteEtGQzROczlseDhGRVo5YURRWVluTFY1cmJIaTc2ek8xNmx6SDFJdHNqRDVoRHhWdEk5cFgzWVgydw?hl=en-US&gl=US&ceid=US%3Aen,Times of India,11 hours ago,🎮 FPV Drones,https://news.google.com/api/attachments/CC8iL0NnNXdhWE5hVEVoS1Z6Y3RkMnAyVFJEZ0F4aUFCU2dLTWdrQkFJcEJ1MlVXVHdF=-w200-h112-p-df-rw,2025-11-21T06:44:12.326169
Russian FPV Drone Attack Hits Civilian Evacuation Near Lyman,https://news.google.com/read/CBMimAFBVV95cUxOWEZmT3RKVlp1Rkt6MWJaVzVuR0hWMkFrMXRVTTI2Y1I2SW42bWFseC1Mc3UtTGo4eXk3dk82Z0JvRld4a0h2TU93eGxGR09xbXZGTHVya2RvR3dFc21uY0YtQUdKVUprUmJPRklBQTNwQ2xianlpMmRGX2FfMDNtc0pIUm9LVHlTcnllSTFNUE9uV2Z3Z0djWdIBmAFBVV95cUxOWEZmT3RKVlp1Rkt6MWJaVzVuR0hWMkFrMXRVTTI2Y1I2SW42bWFseC1Mc3UtTGo4eXk3dk82Z0JvRld4a0h2TU93eGxGR09xbXZGTHVya2RvR3dFc21uY0YtQUdKVUprUmJPRklBQTNwQ2xianlpMmRGX2FfMDNtc0pIUm9LVHlTcnllSTFNUE9uV2Z3Z0djWQ?hl=en-US&gl=US&ceid=US%3Aen,Букви,18 hours ago,🎮 FPV Drones,https://news.google.com/api/attachments/CC8iK0NnNUtPRTFtUjBFNE9ITm1hVWhJVFJDZkF4ampCU2dLTWdhUm9wSW5OZ1k=-w200-h112-p-df-rw,2025-11-21T06:44:12.326171
Milipol 2025 – Drone Volt presents its Kobra quadcopter,https://news.google.com/read/CBMihwFBVV95cUxQSGtiNEJ0MFc0N0pZRF9ZY3lkOC16NVdJeFFORXM3Q0FuSFJoa0czekRueUZFcG5OTlhxN21vS0pjRDRDZVlycmo1QTMwQXNDNldQVnJGcmdMRm9jYU4xTlNUQ29hX1FDRmQ3Z1ZCTHdDcHZ0ZW1peG55bmhlc0lHQTd6bVNvQ3c?hl=en-US&gl=US&ceid=US%3Aen,EDR Magazine,15 hours ago,🚁 Quadcopters,https://news.google.com/api/attachments/CC8iK0NnNXBYMlJDTFdaWGJuWkNhVU56VFJERUF4aW1CU2dLTWdZSkVJUUpKZ1U=-w200-h112-p-df-rw,2025-11-21T06:44:12.326173
Kirkcaldy pupils reach finals of national STEM competition,https://news.google.com/read/CBMipwFBVV95cUxNVUpTWWY4bk9SdTJFUFJSdDdhaThTeTk0YTJRUG9EOGZoRjVvNkFlYjFjVzkxLXVuUDlxVGw1Mnk4UmJzc2pSUzNudXFXMU5abi1QRXpGTUJlLVprQ20tZGFJcDNGUXhLZVA0WGxnSlBfMXpTa3ljeTF0UTBnOHhTam5lLXNjeGNUeFBqeVNPTjdPVjJ4RHVtcE04TUFEOHNKTWMtZHhObw?hl=en-US&gl=US&ceid=US%3Aen,Fife Today,41 minutes ago,🚁 Quadcopters,https://news.google.com/api/attachments/CC8iK0NnNVBaMDB3VDFGSVJWVmxRbVpJVFJEakJSaWZBeWdLTWdZQlVKSWxwUWc=-w200-h112-p-df-rw,2025-11-21T06:44:12.326175
Japan orders Italian anti-drone shotguns,https://news.google.com/read/CBMidEFVX3lxTE85N1NFeUs3Z25vNk1sMVZrczhWWUVJUUdBU2xiNnUxcmJJQ182dFJDbHJtZlpjb05tYUtjdW9jTWxudmpIcXEybElBcUEyU1VUUGlGbzU2V3dRREphRWVIV2NrMHpMbmNYNlRnS3gzTC1FYi1n0gF6QVVfeXFMTk1BOXhhTHNyMHhOSkNUTk1LcTVDLUdBMXl1OURkRnZCODl1VXEzLU9oVGVJTzVScExVT2Q0SzlOOTRzSlBQNU9QMDNYeER0ZW1LMWk0bl95RWJRVmdGUFBHenBOTTk4WUZWZzNTY3JJcWR4SHhSQndSQUE?hl=en-US&gl=US&ceid=US%3Aen,Defence Blog,23 hours ago,🚁 Quadcopters,https://news.google.com/api/attachments/CC8iL0NnNTRiR1oyYWxKck9ESm9lbkl0VFJERUF4aW1CU2dLTWdtQmRZenJKYWpJelFF=-w200-h112-p-df-rw,2025-11-21T06:44:12.326176
‘Litmus test for democracy’: Protests mark the long-awaited Filton trial as Palestine Action ban review approaches,https://news.google.com/read/CBMi6AFBVV95cUxPdjlXeUFDdmZsSFpwdkdRQ0pZbkR5cWpqWTJDbzIxa2dQNFBiX08zUHd3d3l6M1NDbzB3TkdlcjE3aWhYTFpGd2M4N1d3U282bWlycTlZdEVHME54TXpPM29OMXlTSHV2X2hHNWpIWmNHcFJsS2dfbUpfVV91cWVkbVdUblBqZjhZSm03c1A5MjNob1ZIMjJPWmk4MkFvMjNva1U5UXk4OFJlTlQzcFNQb2ZBVmhXRDBXM2taQk13RHQ1WkpnU0RPWGd2Sy1nQzBMWnNfOUd1RkhaaG9qeHlqN0hFZGtjM3Bn?hl=en-US&gl=US&ceid=US%3Aen,Maktoob Media,18 hours ago,🚁 Quadcopters,https://news.google.com/api/attachments/CC8iK0NnNWthRGx2YTNaWFluWXRTbFk1VFJERUF4aW1CU2dLTWdhQnNJd2dQUVU=-w200-h112-p-df-rw,2025-11-21T06:44:12.326178
High-Tech IAF Drone Found Near Indo-Pak Border In Jaisalmer,https://news.google.com/read/CBMirgFBVV95cUxPRk1wbWxSa2tOekFFcmJhaXlVV1dfNWtVLXNMNnYzeXBSVC1JX2Vfa2dYb3VYNzlrREFTNlhzcnVieW1hUXJCTnlSeWF4UFpuTzNXemVYajcwOGhEU01SMHRkWk5jM3hrbHhwYTAtV0lDb2NYSW9OcXZEMTZ0OHlJbmViY0lxd0t1cnA0WDktU3h3blA0WlNBVVdvYTNILTZmYVFQN2UxUWFiREtpTVHSAbMBQVVfeXFMTlNVVU5GanRDY1BBd0ZLNG0tcXBGSXRDRFc1TkJsc2hRek1LRFFLNFd4bU9jWmd4Z1B4RjJCX2lwSm9XZzZEcXBIZl94MHI3WlZPMksweGhTYXo1dHo5UXpvOE5qZXFjcnZqcDl4ejBZN2FZR25rT212NkN2REVqTHpsWWFPWGdfQ21TeUstUmtIQkEtTEsxbVA4NS1nbzdTWjdFV0tiRVp2eFVRbHRiSklQQWM?hl=en-US&gl=US&ceid=US%3Aen,ETV Bharat,17 hours ago,🚁 Quadcopters,https://news.google.com/api/attachments/CC8iK0NnNVpSVU5OYUdReU5uaEhXREJIVFJDZkF4ampCU2dLTWdhWmhKU3FNUWM=-w200-h112-p-df-rw,2025-11-21T06:44:12.326179
Fixed-wing VTOL UAV Market worth $1.20 billion by 2030 - Exclusive Report by MarketsandMarkets™,https://news.google.com/read/CBMigAFBVV95cUxPU1RBY1Q0MzIyY0VGSXVGRHF1RlRsaFJuTkh3czFwOHBXajJYSzZsSEhLQlBfaUVFNEVHa295bzBKb0EtUnlMQVp2NWpiWnczLVFUd2w0SjhiUkhwQ0RsYnpBQnYzNXpnTmYzTjFjSUpJWGNZc0hQd1dPZ3p4a0hJUg?hl=en-US&gl=US&ceid=US%3Aen,Yahoo Finance Singapore,19 hours ago,🚁 VTOL Drones,https://news.google.com/api/attachments/CC8iK0NnNUhNVE5ZT1c0d2FWaERlbk53VFJDSkFSaVFBeWdLTWdZVlE0RHRJUWs=-w200-h112-p-df-rw,2025-11-21T06:44:12.326181
Paris' Rift raises €4.6 million to build Europe’s first on-demand aerial reconnaissance network,https://news.google.com/read/CBMiygFBVV95cUxQVnZsSGN0cVhuNzZQQjl4ZThQdnNfclM1UFotOXY1MDF6MnQ1ZENIS3hjbDM5VXNWVFNIVTdPUWNUcEczVEJubkhQOGRycGxucGg3RXpwcUprVTVzcUVZZUJCR0xUVjBNY2w5dTZRbjhuWnduNUNjdjNtVWl1aHBTbHpyeTdTdzBTcXB3dUZ5RDVqeXhWRWkxNVotejM4MGZSX3ZxRTI2R3QwNlJHbGFSbHRudWdkcVdWQmYxY3VJQ1IxLW5TSUNSeGhB?hl=en-US&gl=US&ceid=US%3Aen,EU-Startups,21 hours ago,🚁 VTOL Drones,https://news.google.com/api/attachments/CC8iMkNnNVlTWEJ3UnpGdlRtbERNMjF6VFJDcEF4alNCU2dLTWdzSk00aWxxaVpVRk1uZXFR=-w200-h112-p-df-rw,2025-11-21T06:44:12.326183
Record Drone Drops Into Hurricane Melissa’s Fury,https://news.google.com/read/CBMifkFVX3lxTE8taV9ua2N2dE52Z2thdmRjYlpMMDdjMldWeE9vbFY3eXZVeWkyTVB4UlhxejBPQ05PbDlWdUV2bEU1QzY4NUpnMnh1Y0gtY3AwSWtmMXRyLW5fWHZaMWU1QlV2cVRtQ01JUmJIcWtOaFBzTm9yMXN2N19YNnhjQQ?hl=en-US&gl=US&ceid=US%3Aen,DroneXL.co,9 hours ago,🚁 VTOL Drones,https://news.google.com/api/attachments/CC8iK0NnNUdObFpUUlUxU2QyMVpiMXBVVFJDZkF4ampCU2dLTWdhbFU0S1B6UU0=-w200-h112-p-df-rw,2025-11-21T06:44:12.326185
Lockheed Martin’s Skunk Works uses F-22 to control UAV in flight,https://news.google.com/read/CBMifkFVX3lxTE4tbWloZkNOVG5laVVucXZKb0loMG1EX3IzTnhrb1JwVmpRSHM0Z3dOd0Z3SERWS2RrSmFqQ0tuSlZqYXFhdWl5bHFYUjNtMDV6ZVBRZGEwMzNjZ3BCTVRMMXNqVThaUmJmV3U3d0FKa0RBaVJjLWl6TUp6LWY4UQ?hl=en-US&gl=US&ceid=US%3Aen,European Security & Defence,15 hours ago,🚁 VTOL Drones,https://news.google.com/api/attachments/CC8iJ0NnNVNRa2d0YWxCdmRsWXRRVmRWVFJDOEF4aXlCU2dLTWdNQklBdw=-w200-h112-p-df-rw,2025-11-21T06:44:12.326186
Omaha Police introduces drones as first responders — a first of its kind in Nebraska,https://news.google.com/read/CBMipwFBVV95cUxOWTNQZ09yRXJNR0RoVkFKRGU3TVc1QnFidllzdkpoX0hqTmU2UWpydzRVOEZQMWx1SUtoLTRxc3BuOTVsM0xnd0tpWG1qLVhwVlVxZzdDcldCWThfOU1ialJGUk5YWW9XTkdoUVJyaVVQYV83R3pRZTN0Slc3ZGRwNEl6X3p1V05jUmtMUU1paWYyb1FLb3lkRmJndDNtOVVQUUdqX3ZPcw?hl=en-US&gl=US&ceid=US%3Aen,WOWT,3 hours ago,👁️ Surveillance Drones,https://news.google.com/api/attachments/CC8iK0NnNUhXVTkwUVZsM2JIZ3RaaTFSVFJDSEF4aVBCaWdLTWdZQllJeE1zUVk=-w200-h112-p-df-rw,2025-11-21T06:44:12.326188
Omaha police department launches ‘Drones as First Responders’ program,https://news.google.com/read/CBMiowFBVV95cUxQdndlQTNIeHZUY1dKdFlURm1UOU1laEdaYU5IZjNkVlpWWnJBU21QQ2F5OXNNMWFybHNndlpOX1doN3R2ZXlSNXZyS3FFMFVNbnJaX2ZoRFJDMU16V1dtanpJQk1sMUJYWjZ5TEFXa2Y2Y0hlT3gzZ1I1amdYNEFlR2ZHVTJFbkJMWDM3MFlvSHcwMjVjQlB6V19lNkl3amlxQ29N?hl=en-US&gl=US&ceid=US%3Aen,thereader.com,7 hours ago,👁️ Surveillance Drones,https://news.google.com/api/attachments/CC8iK0NnNVBhMjEwUTNBelMwaERUVmh4VFJEVUF4aVBCU2dLTWdhWkpJWnhsUW8=-w200-h112-p-df-rw,2025-11-21T06:44:12.326189
How the RQ-4 Global Hawk Changed American Intelligence Collection Forever,https://news.google.com/read/CBMiugFBVV95cUxQSnpuOGtrSEJUcENEbTFTZzh4UFJJMlY0SDRCbU90SGFxb0dFNzVHQ3E4a21rSUg5RW5qZTZSRnljR0wxNXZ3SW9RaW9qNzFxWERxVzVnYTZwRHRhRnpmRGdZVXlMb1I5REIyV2xhNE1QdlJFRDBLWURvMzZhNkVaQndzOVN0cVg2aGVEaHZVYnhyVXZ0QUZ6ZXZSRHhYVlNHRlJFcF9seWg2RVRJN3Nqb1Z3S25WeTk0Q2c?hl=en-US&gl=US&ceid=US%3Aen,nationalinterest.org,16 hours ago,👁️ Surveillance Drones,https://news.google.com/api/attachments/CC8iK0NnNXVlVXBVYlVSTFRGaFRlV2xJVFJDZkF4ampCU2dLTWdZQmtwUXJzUWM=-w200-h112-p-df-rw,2025-11-21T06:44:12.326191
Britain develops sea drones to hunt Russia’s spy ship ‘shadow fleet’,https://news.google.com/read/CBMinAFBVV95cUxNdGxydzZyaVpjVmlNSklMUVRfc2xfZWhJaktGMWpLQWIyV3VReXFmOXlpYjNaSnBtV3hkeTcySFFPMWx5cHlObGZtTURUc1YzaUNlUE9VZmZTcUhIU1JqbE5JNE1oNGhKRDg4Y0ozdG9CcVRXMkp6RTlUWHF5d2d3TU9OdDVmZldSZDB3bloyNHBjQl9UQTZVdXhlN1A?hl=en-US&gl=US&ceid=US%3Aen,The Times,10 hours ago,👁️ Surveillance Drones,https://news.google.com/api/attachments/CC8iJ0NnNUxibWxoVFVwR2RYQjRMVWhQVFJES0FSam9BaWdLTWdPQmhBbw=-w200-h112-p-df-rw,2025-11-21T06:44:12.326193
"​Baykar's Kizilelma UAV ""Intercepts"" F-16 Fighter Fet for the First Time During Test Flight",https://news.google.com/read/CBMiyAFBVV95cUxNZ1pxeGhzQmNQb0tjUDdKV2pQZXFPZHYwUEVEV3hMVTR6UjIydEFzeDRCdGMxLWxyV2V1NGxYUHFCcHR0OVd1MXJQazRFaFJBZUw5bXkzbTJySGQ0REx1UVN2TzJkbVctVnlDOUJzUWk1QzdPeTQ4V1BTTjB1TG1xX2pwN3pmaDA2VWtMOGhWWmNEQXdCWHNHSlJrU3Z3VjRxYWFrWUlCZDhKbmdCWXIyZFlrSGppWVplSDdXZEVWQ3VPSzJkaURxbg?hl=en-US&gl=US&ceid=US%3Aen,Defense Express,15 hours ago,🇹🇷 Bayraktar,https://news.google.com/api/attachments/CC8iK0NnNU9iekIyTldaa1R6YzBSVUZ3VFJDWEF4anhCU2dLTWdZRmNvekl0UVk=-w200-h112-p-df-rw,2025-11-21T06:44:12.326194
Kizilelma UCAV Flies with Gökdoğan Air-to-Air Missiles,https://news.google.com/read/CBMidEFVX3lxTE56WXlUeWR4TnZEUkpsM29ncEJnRlNwaWJLRnQ2RGNoenBHYVJkWC0zOEdfRDQ0bEp6cVY1MEltWWU4OE9vNTRSZUNoWmtadEV2WmFfRGZNU3BDLWFCUWJzRm9jWkU1QVhhQkJCVkJNN2FVNlFk?hl=en-US&gl=US&ceid=US%3Aen,The Aviationist,12 hours ago,🇹🇷 Bayraktar,https://news.google.com/api/attachments/CC8iL0NnNUNUWEZmY0RCZlNXNDFUbkZPVFJDZkF4ampCU2dLTWdrTllvd25RaVU5YVFJ=-w200-h112-p-df-rw,2025-11-21T06:44:12.326196
Robot Fighter Jets Are Here - Meet Boeing's Loyal Wingman Drone,https://news.google.com/read/CBMitgFBVV95cUxQeldyTTM3dVNSdUJKRVhQWUZRdElKWUJra1VMOW4yaFJzR1JCRXBuLTcyc2N2QkUtY3ZGQkdOMnVCTG5tTk9Dc0VDY3U5aWZVaF9JQ3I2ajRBZUdia3pBWjM0eGl6TWQ1c3pTZ1Q2TFVKWGxmazJ1aHpraFowTlZMMk5mWU9rWmR1X1VSNXVhajVwZ254TjlBQkdYZFdYUWVJNUsyeFRxVnc2T0pFSEh4c090RUNUdw?hl=en-US&gl=US&ceid=US%3Aen,MSN,22 hours ago,🇹🇷 Bayraktar,https://news.google.com/api/attachments/CC8iK0NnNVNlSEZKYkZoSGQwSmxhVFl4VFJEb0FSaWNBeWdLTWdZSmNJclZRQVU=-w200-h112-p-df-rw,2025-11-21T06:44:12.326198
In pictures: 2 Para jump out of Japanese C-130 aircraft during Exercise Vigilant Isles 25,https://news.google.com/read/CBMiwAFBVV95cUxPRTV4YjhLU1o3RXNROVJmbkNKRUg2SHdYNFNNVVZjTUxYa3VQTUFXaXl2bUdTeGxJOGZabDBpYVBVOUJUZERZLXlLVFp5QXVEWTFSSENiZEZTWGJDMEh5NnY4NndDN3Y2U01GR0VUTkpvWHl5OGp1Skw0dUFyNkItMmlzTWVVaUx5eVotUzhBOVVsSGgybXBjTEp6Q2VRdDg4aFZoR3I2b0JYOWFtdFNTT2lUekZoVjZfZ2dtaUlkQlM?hl=en-US&gl=US&ceid=US%3Aen,Forces News,18 hours ago,🇹🇷 Bayraktar,https://news.google.com/api/attachments/CC8iJ0NnNVZNVkl5WDFad1dtaE1WRFpTVFJDb0FSaXNBaWdCTWdNWkF4bw=-w200-h112-p-df-rw,2025-11-21T06:44:12.326199
NAF wings new UAV pilots amid fleet expansion,https://news.google.com/read/CBMiigFBVV95cUxQRW8tVFZKcE1xOTdhN00za1VSZTl2ZVVOSWE2aW9XZGY4dXh3ZnpwTXNmSHhsc3dwT3FjeTlzZFctVzYzd0wtcUc4NjVpMFhlWWZPenREcjhIblFXaG9BOTYtcFJ1bzcxN2dzWWFCM1NqOUJaZ0FoSFJVQjJMcEtrVTA1UVBhbzVIQlE?hl=en-US&gl=US&ceid=US%3Aen,Military Africa,20 hours ago,🇹🇷 Bayraktar,https://news.google.com/api/attachments/CC8iJ0NnNTNVbmxPUWprNGVtaGFZMWgyVFJERUF4aW5CU2dLTWdNQmtCQQ=-w200-h112-p-df-rw,2025-11-21T06:44:12.326201
The U.S. Military Is In ‘Crisis’,https://news.google.com/read/CBMidEFVX3lxTFAyTkVwSGlBNXJTaGpnZWdFaFNBUmNBMGRiTEp3aVAySURkTGtwWG9INng5S2ZYTGNUMDU5eldfOUVfMlFrMzdnSUpYMFZCbkdtdWNkejc1b2R0QXZuaU1SZ085NlBFajNGVW5Zb09mTDdmUjd5?hl=en-US&gl=US&ceid=US%3Aen,National Security Journal,10 hours ago,🇺🇸 Reaper Drone,https://news.google.com/api/attachments/CC8iL0NnNW9YMnMyYkZGeVRqaHpjRVZoVFJDZkF4ampCU2dLTWdtQlVwVEFwcWRTREFJ=-w200-h112-p-df-rw,2025-11-21T06:44:12.326203
Britain rules out sending reaper drones to Ukraine,https://news.google.com/read/CBMiiwFBVV95cUxPVzRXeXd4bUFGam01OC1mMV9HN29TZU15bGcyNjRLQ0RkLV9yTEMya3RhcmNqWnlrWWI3LUMxLVVHVGRlVm41TW44M0pFWkl1R1o0WW00NHIxRHgxdXJzSk5aNmFDN2JfeWRfZ0p5ak9XYnZhSVdQdXlCR21xRklVbkpOR0ZpLVF6Y3Vr?hl=en-US&gl=US&ceid=US%3Aen,UK Defence Journal,23 hours ago,🇺🇸 Reaper Drone,https://news.google.com/api/attachments/CC8iK0NnNXFkMmM1YjBOemFHSm5SREpwVFJDdkF4aklCU2dLTWdZVlFwQ01LUWM=-w200-h112-p-df-rw,2025-11-21T06:44:12.326205
UTA Research Targets Muscle Repair for Blast-Injured Troops,https://news.google.com/read/CBMic0FVX3lxTE1CQzNQSnVJT2VFS3c5Q095SjNzbnJlamwwTTIzbDZlRWc3NE5ManZOWFQ1UjV4ZTlWdERWWEhVS3ppWUtMQzAyMGtWMmMwcnBsbWhQdGkxOEdGUG0wMm5ydFhiTHhHMGFURWI1c2FUWGdEcE3SAXNBVV95cUxNQkMzUEp1SU9lRUt3OUNPeUozc25yZWpsME0yM2w2ZUVnNzROTGp2TlhUNVI1eGU5VnREVlhIVUt6aVlLTEMwMjBrVjJjMHJwbG1oUHRpMThHRlBtMDJucnRYYkx4RzBhVEViNXNhVFhnRHBN?hl=en-US&gl=US&ceid=US%3Aen,The Defense Post,16 hours ago,🇺🇸 Reaper Drone,"https://encrypted-tbn3.gstatic.com/faviconV2?url=https://thedefensepost.com&client=NEWS_360&size=96&type=FAVICON&fallback_opts=TYPE,SIZE,URL",2025-11-21T06:44:12.326206
Predator filmed himself raping woman while she was asleep,https://news.google.com/read/CBMimgFBVV95cUxPUndLQVJUMVpMZ2MtUTJ3a0QycnNNZ3dveHV6RXh5dWQ1bnF0QWNPOC1ndm40dWhIaXFvcTRVYnNKYnVpUmR0S2ItOFY2QWo2RnNqOVRyb09makxCSEJqWUhSOUNWbUxGM3U5YXJNWXJhQnJ0VUlYUkQ0eG5jS3lnZXlwdTVKQk5vR2dZSWtFMGpMcEdwX0RMTnR30gGfAUFVX3lxTFB6X05LWFNUWXFpdFFQb1BRZEhETjQtNmRiZG9jM1FNODBrRFU2VVNlcGR1WGZxWllMeG8wMnNBbXItY2NfU0dKNVd1aWRfVW1YT0JuYzJlNkJmdGw4LVFkWXFUYmJhRmhuNnhjQkNRQ3hrYlhTRXhOdmZEZjd2cGxVeTFWTFBuZkxOaS1ZTFVtcUhPaHBtSG05Um5rRFNOZw?hl=en-US&gl=US&ceid=US%3Aen,Derbyshire Live,15 hours ago,🇺🇸 Reaper Drone,https://news.google.com/api/attachments/CC8iK0NnNW1kMGw0VFdaT1Z6bGtUa3AwVFJEZ0F4aUFCU2dLTWdZZEU0WnNtUVE=-w200-h112-p-df-rw,2025-11-21T06:44:12.326208
US Marine Corps Deploys MQ-9A Reaper Drone to Enhance Surveillance in West Philippine Sea,https://news.google.com/read/CBMitwFBVV95cUxNTlBmWTNVbmFjTUUzd1F0S2g0VUZjOUdOVW8tMmpOS1N3NVpnQWxINktuYjBJbGt3Z2FiSm1DT0U3SUxkUmhfSFF6VllJU3QyUmcyTFdrb21MZlo0eGRKOXVRdjJpTkt2YXd4NjNTSmFRODNHZTNfWmNlQXNBR3dJejhUbWxPNl9oU29BaDd1X1kzVWs5YXhrLUpGaVgtUWhBQ1EyeW9tNE1TTGNFcWw5S1hJbERQaVU?hl=en-US&gl=US&ceid=US%3Aen,SSBCrack News,9 hours ago,🇺🇸 Reaper Drone,https://news.google.com/api/attachments/CC8iK0NnNDVjMU55UjAxT2RYZGZiR05UVFJERUF4aW1CU2dLTWdhQkFvbU0wUU0=-w200-h112-p-df-rw,2025-11-21T06:44:12.326210
U.S. Military Deploys Largest Force to Caribbean in Decades Amid Operation Southern Spear,https://news.google.com/read/CBMitgFBVV95cUxNNHgyWWVocUJjeTJvMWpGdlUyYldtdlEwYkdhaVBRVU5QMDJaWDh6c0xWb0VCbmdTeVhtblg0OFFVSmI0bWptLWV6WWh5NkQ0LUpOa2dVbWhzbkVEcXZoeGVqS3FQZk11VGF2WmlJZm1EVW9sbUxiTXB4aVdOSThOR1RhYTVLTWc3Z0tuQlhKOGRfUzFLVDROcTdPUERsSF9OSkdZblZUb3ZvdFNjdWtqNDYtX2RZZw?hl=en-US&gl=US&ceid=US%3Aen,SSBCrack News,9 hours ago,🇺🇸 Reaper Drone,https://news.google.com/api/attachments/CC8iK0NnNHlWbHBPYTBJMGVDMTBhSGhNVFJDZUF4anRCQ2dLTWdhQk00NkhuZ2s=-w200-h112-p-df-rw,2025-11-21T06:44:12.326211
Old Trafford Regeneration Project Unveiled as Major Sports-Led Initiative in City Region,https://news.google.com/read/CBMitgFBVV95cUxOUkd5UFNNTGJzUjZSSXR0NEpaTDdEaGNpS200OUhIekFBellTdnRXVEYyc18zdWZaUUtNc2dWNUZMNGtabDFvcXVCaTg4OGRWNlo3V3hTR2tTaTBmdGYycExRTUdlOWs5MURTaU9NNUVpa2R6WWUxZjlYeFZzelpqZFJxdXZNYmFwSGhHbEFZQm1UcmZjaW9fOGVDVzVzalhLblIycE5ZZFNSQWtZZ0s4b3RHQTBZdw?hl=en-US&gl=US&ceid=US%3Aen,SSBCrack News,9 hours ago,🇺🇸 Reaper Drone,https://news.google.com/api/attachments/CC8iK0NnNUdWemh1TURaRmVYazBUbHBFVFJDZkF4amlCU2dLTWdhQmtJZ21SUVE=-w200-h112-p-df-rw,2025-11-21T06:44:12.326213
Black Friday deals we hope to see — the DJI Mini 4K for close to $200,https://news.google.com/read/CBMiY0FVX3lxTE5qQjdnbDh1aXppZTVybDBIWWNMWjZwZUpBa3ZEV0tLMU1IMVJIX2ZmVGxnSHFXQklTdDkyVzJ6YnJoOC13b0JueV9SLUhuTHVGb0tRRVNJOEQ5TThhWWpJdzQ4RQ?hl=en-US&gl=US&ceid=US%3Aen,Mashable,12 hours ago,🇨🇳 DJI,https://news.google.com/api/attachments/CC8iK0NnNU9lRm93UjNGc1RIcFBZMjV2VFJDZkF4ampCU2dLTWdhbFZJNnRwUVU=-w200-h112-p-df-rw,2025-11-21T06:44:12.326214
"Best Action Cam & Drone Deals: GoPro, DJI, Insta360, HoverAir (Black Friday)",https://news.google.com/read/CBMirgFBVV95cUxNRGJjUVVhNEhUUDNfcHRjTFNmTjRWc0JaTjU0SHBGVUR0NmJoTnZPalRTUUdFNVJXOXRWMm9GUHhUNHBBZmRqZWg4a2tIWEo1UVYtSHZ3RlVKQmpzQUk1S0s3M0tIakJNV3FXaWY5WjhzNFc5ejZNTzhHZnNKcHluV1B3OUVRek9vdkw4Z0VZQk9QU0lzbnJiV2xlano1WjJuN0dqR0V5VTdGUDZOWVE?hl=en-US&gl=US&ceid=US%3Aen,DC Rainmaker,9 hours ago,🇨🇳 DJI,https://news.google.com/api/attachments/CC8iMkNnNXRiSEJpTkU4eFFsRmtXbk5NVFJERUF4aW1CU2dLTWdzQkVJU0NMS1JTMlBoSXFn=-w200-h112-p-df-rw,2025-11-21T06:44:12.326216
What’s Going On with DJI in the U.S.?,https://news.google.com/read/CBMihAFBVV95cUxOSnNMRGZqenRkX2hQS1d4ZkttdHk3cFc4Z2RhaDFZUzBzMklDTmpxdUlpcG5fNFpkZDI1eFVMYlVIOVltb2JFZXhTSVVvbTVJejFjZ2E0ZWtFakVNLVkzczlMUDJzVFNYSUNYME5ramUxVnl1NnJPMVlsZDVNMUVsSVNNdEfSAYQBQVVfeXFMTkpzTERmanp0ZF9oUEtXeGZLbXR5N3BXOGdkYWgxWVMwczJJQ05qcXVJaXBuXzRaZGQyNXhVTGJVSDlZbW9iRWV4U0lVb201SXoxY2dhNGVrRWpFTS1ZM3M5TFAyc1RTWElDWDBOa2plMVZ5dTZyTzFZbGQ1TTFFbElTTXRH?hl=en-US&gl=US&ceid=US%3Aen,DJI Blog,15 hours ago,🇨🇳 DJI,https://news.google.com/api/attachments/CC8iK0NnNTViMmhmZVdZM2REVm9WM04xVFJDdkFSaXNBaWdLTWdZQmxJcXJzUVU=-w200-h112-p-df-rw,2025-11-21T06:44:12.326218
The DJI Neo drone is back on sale for $159 for Black Friday,https://news.google.com/read/CBMipwFBVV95cUxPQmU1N2wteU5KdjBGWnNFV00zUW9KNHZhREVud2R0SzZEa3RfZnlMR19fQ2FhUzJBQlRpTEFoSkY4eC1pYzl5SURwekFaQUFQQllxSjV6SWN1WUVIQjM2U0pBcmlvWlc2SzZvdlk3anQwa3B1UjJiaXdNRTkyN3dEN0E4WTRiUUJtLWxpQVV1Y2FzbzBOY09kOWwxRFNZcmtwRWN5dmVGZw?hl=en-US&gl=US&ceid=US%3Aen,Engadget,14 hours ago,🇨🇳 DJI,https://news.google.com/api/attachments/CC8iK0NnNUxRbVJwY0hGUFluaGhhM1JuVFJDZUF4amtCU2dLTWdhcGRKYk5MUWc=-w200-h112-p-df-rw,2025-11-21T06:44:12.326220
DJI Clears Out the Mini 4K Drone Combo at Its Lowest Price of the Year as Black Friday Kicks In,https://news.google.com/read/CBMiowFBVV95cUxQRTZMRHFVQlB0VzZpbVp3U05ZUml2aEcxQ0ZjWjQwUkUyU3hsVk1iN05GZmY1SDFJU3ZOa2lEdVUwa1NxZTZWcVlPREdVNXpMR3E5Qmx6SjUtVExlWUZ0b2JaOHdIT3NCc1p3RjNhc1FZYzNDWjFURkhleTMyeGxDMXhrVkZ6Q1NrVUhmb2tPLXJTR215YXJ1aWxVWnRuYXQzMUtF?hl=en-US&gl=US&ceid=US%3Aen,Gizmodo,17 hours ago,🇨🇳 DJI,https://news.google.com/api/attachments/CC8iK0NnNW5NR0pJUlV0Q01ESTRaeTAyVFJERUF4aW1CU2dLTWdZZFZJeXNLUVU=-w200-h112-p-df-rw,2025-11-21T06:44:12.326222
DJI’s beginner-friendly drone is a steal for Black Friday,https://news.google.com/read/CBMidkFVX3lxTE4zREdJT0U3NGliYTBmQXk5RGhBQ3JHOGo5enFuZzZCLVFQbDhfeTJsbUlOd0txbW4tbS13ZlB2Z1VjQ0xpU3lUOXowdXVOUUpjLUN1LWxvUXdFM2dITFd4UDRmOHdMcy1GUDRzampYbDBPcHVLeUE?hl=en-US&gl=US&ceid=US%3Aen,Trusted Reviews,13 hours ago,🇨🇳 DJI,https://news.google.com/api/attachments/CC8iK0NnNDJiMHQ1TTJ4RVFsWnpRbVpZVFJDZkF4ampCU2dLTWdhaE00U3RtUU0=-w200-h112-p-df-rw,2025-11-21T06:44:12.326223
"Best early Black Friday DJI deals of 2025: Save on mics, drones, power stations, and more",https://news.google.com/read/CBMidkFVX3lxTE5weWQyR3pxRktwa1FTUko0YzFVcHQ5c1hFSU5PaFpLUi1fOHlLVFk5UVp0eGVlLW91SFF4c1pqUzFFUW92ZExRS19NVE8yOGFyOTh5N0xCOEFaX1pHeE5LeHpyc2xjaHYyclNoaGxhVHNpdmVzZXc?hl=en-US&gl=US&ceid=US%3Aen,Mashable,15 hours ago,🇨🇳 DJI,https://news.google.com/api/attachments/CC8iL0NnNUlSRms0UjNaNlRucGZVVk5HVFJDZkF4ampCU2dLTWdrQkFJS1hIT2pJdGdB=-w200-h112-p-df-rw,2025-11-21T06:44:12.326225
U.S. CCAs: Breaking Down the Field,https://news.google.com/read/CBMiigFBVV95cUxPMmd1bGZ5ODFOLUpoWTRVWE01Wl9zYnl5TDdTZEdoNmIyamw4R01uV0xMR3hnNXBMSUFSWlBQUHoxbEthLWpvNWhKRUNtZmlHX2NQa1Z3Z2Q0Tnd5UHo4cmI1bXpkWnlhQ0NrNFlvX0FFUVJkZkc3SzhNMGh2aVdXV1Y0Y3NUMXJhbVE?hl=en-US&gl=US&ceid=US%3Aen,Defense Security Monitor,15 hours ago,🇺🇸 General Atomics,https://news.google.com/api/attachments/CC8iI0NnNXlXa3A0T0RGdU1taEpXVUZGVFJDcUF4alJCU2dLTWdB=-w200-h112-p-df-rw,2025-11-21T06:44:12.326227
OA-1K Skyraider II Has Off-The-Shelf Rifle Sight Mounted In Its Cockpit,https://news.google.com/read/CBMimwFBVV95cUxOX18yQWZxR2NpVTNwWjRicjIxanRwS2c2SFpEMXFRSmtBdHdzQUlkdDFJS2xQNFZkM0RpcURoeVBjeW9QMU1ORTJDdF9CN1llOW9jODBSNENHVDVvUVNuLV9NMzl4cGZDUmpjRDh5dTdLWmFfakFPTlVNeVRIM21YNzh2cnBIa2VXRWVzV0NUSU9TUnJwRFRHSVVIcw?hl=en-US&gl=US&ceid=US%3Aen,The War Zone,5 hours ago,🇺🇸 General Atomics,https://news.google.com/api/attachments/CC8iL0NnNUxha1o2VkVkRmJsQmZORWR3VFJDZkF4ampCU2dLTWdtQk1JYnRwR1F0NWdJ=-w200-h112-p-df-rw,2025-11-21T06:44:12.326228
"Russian official claims ‘huge demand’ for Su-57 fighter, as jet makes debut at Dubai Airshow",https://news.google.com/read/CBMixAFBVV95cUxNZ09lVGlpT3R0NXNaT2FRclNxbGlaQ0g5czBmcDR3dEdnajVIZWV2NGl5dkNuS2N4bzU0VW1DZ3pOd3NNay1Wd2ZNbkhDUUJSTmNZSXYtZ0JLZUJHTWJjYWQta3JyV0puOXQ1NFdDZVFlbTYyZVJnR0h2UGpCaDBzNWk1V3hKUUtySlcteng1MEFjX05MeGJTYmtobHNUNkpIZDc4cmQ2TXZvRXk0eHNid29XT3NUNjZGdWxxbldZRHZpR192?hl=en-US&gl=US&ceid=US%3Aen,Breaking Defense,16 hours ago,🇺🇸 General Atomics,https://news.google.com/api/attachments/CC8iK0NnNXJNSHB1YjBGRVgyNWxlbTlmVFJDZkF4ampCU2dLTWdZQmNJd0lMZ2M=-w200-h112-p-df-rw,2025-11-21T06:44:12.326230
"KNDS unveils the Leopard 2A8, first new battle tank build since 1992",https://news.google.com/read/CBMivgFBVV95cUxQWDg3dDdXSkJrNjZjalByNmpRT2sxSldvbk9pREVyd0RGcTdMXzd5UUdEQzJFMkhveEd1Z1hOQllMVjlaYUxaSXg3bmZld1NHVEcwVm1rNWFkT2hmZlRGREJnTWN6ZDRWeFVhT0FBV2RtU005RVljR1dzcW1vc0o1VDdPeUt1b0dldmxLZjVGaWp2SHJqUGE5RU14dlBaSkxJaklRTlBYMkFlOTAxUWlmVjdyb25RMVl6d0dxaF9B?hl=en-US&gl=US&ceid=US%3Aen,Defense News,17 hours ago,📰 Defense News,https://news.google.com/api/attachments/CC8iK0NnNHljWFV5TWtWTlIzbHVNMnREVFJES0F4aWVCU2dLTWdZQllKQ1RxQWM=-w200-h112-p-df-rw,2025-11-21T06:44:12.326232
Two-year flight delay for DARPA X-plane that steers with air bursts,https://news.google.com/read/CBMisAFBVV95cUxQZm9GSVFmT21DMHF2TVVxZjFKMzJxMHUwMUtjLVpoRFhIeUhKLXFpWTdsa0N2WUtOZzFFb2VyRlZ5WnlkSkpJZmlBdkVldTlNSHBiN3JCRHNYalluT29iU0ZVV2dudVVIRktjTTNROU1hWWhTdDcyRUNtX3VndzJxOWE4RDU3UTRuQjJjU2NYSGdTOXJLRmREbU8wNnVtdXo5N2d5ZDA3aXNiWEtKYTZVdQ?hl=en-US&gl=US&ceid=US%3Aen,Defense News,12 hours ago,📰 Defense News,https://news.google.com/api/attachments/CC8iK0NnNVJTMDlLZW00eWRsWlJVR2QzVFJDSEF4aVBCaWdLTWdZUlpJd3BOZ2M=-w200-h112-p-df-rw,2025-11-21T06:44:12.326234
Daily News Roundup,https://news.google.com/read/CBMixANBVV95cUxOZ294ZXJCUF9UdDN1ckgwbHZDczM1Zld2U3Rqa2FNQXhzOFVEZkx5emFQaVo2MDRVTVZ2QThsLVVVM3U5X1gwejVtejJERVJ5WVV6amZLQkVBSUMtU19GZi1CZDhpd29JcXB5QmhzU3YzYnFtMllDb2Q3bmVnWlZiZWVLMGlkSXpCTVk0S05OTG1LSnpPcElTZ0RBSG5wVHdXdmg2ZE42dzZkZVJjY1RYOEhwWHNtMFl4U1UySXRhZGViYlRjMEpVM29XYkVvXzdkQWxSUnNfSWpqd0FYVkhHQ0Z3bGtTQWZPSlEtXzdWak9nd2pDbGFrZm9DNEVwWEt4dGdtbmJPU0FHYTNvZGV3Mmt1ZGtwcGRDbWFDekM0VU9ROXk4TlVScG5heUN4T2FETkNwb0FnOWNmMFRCYmpnaW5oVTMwWUpYbk9QbWJBX3hOQjlLQThnVFpGUUlmZUIxSzhNVS1PODljYW44aVpNU19Ycm50OExBbzlsSEY2YWp4NnhHTHJEdEkzcV9FdXE2d3JuaHY1Ty0zcmwwVUY3dm50LUtPbnZIMEY0T2Y4VUgtTWFHRlpZbGp3VlJNbWhuM2U0Ng?hl=en-US&gl=US&ceid=US%3Aen,Defense News,12 hours ago,📰 Defense News,https://news.google.com/api/attachments/CC8iK0NnNVJTMDlLZW00eWRsWlJVR2QzVFJDSEF4aVBCaWdLTWdZUlpJd3BOZ2M=-w200-h112-p-df-rw,2025-11-21T06:44:12.326235
Latest - Defense News,https://news.google.com/read/CBMitwJBVV95cUxQS0U1ZGd1LTVSdmJEblQzZnBOMndhVmxJTm1XeXRQR08wZ0pwZFo0ZnpIOUtVdjk5YmJ4eEdndDIyQVE3c1pJRllNb2lIUVBOWURTUi1CRTVpQWRhdWV6eEhpeVFqWml4MjUxWnB2SVRCV01kemN2NkYzSGFDSDBDSlRNelRlMzc3UXNRSm13X2tBb3pIcnRSbDg0UFJJMVRfeUdwYVhYT191OTVRZERSRllZRkVjblhoSWs3cG01cnNqc2pkMm9jM2NielFHYXM3TmczZlhmRFFQTTJ3ZXFqX091c0FkUEdsR1pmNlhEWGt6djRmOGQ5LUZvc052T1RqS1ZaUkt0MFZRZGtCWDZMQzltYW9yNVdpQzZlZlN5VzFZaXVQS1ZZR2l4RmhDRzZ4ZG41MWJvUQ?hl=en-US&gl=US&ceid=US%3Aen,Defense News,4 hours ago,📰 Defense News,"https://encrypted-tbn2.gstatic.com/faviconV2?url=https://www.defensenews.com&client=NEWS_360&size=96&type=FAVICON&fallback_opts=TYPE,SIZE,URL",2025-11-21T06:44:12.326237
"Kongsberg, Thales ready StrikeMaster for Australian evaluation",https://news.google.com/read/CBMiuwFBVV95cUxQc2xTWWFvUWtnWUVFS3lGTjV1R3FDWV9oVXh5eVBMMkdsbFU4X0tqbDVvVTB0Si1kQzlZMTZycGtQcFExRW9Wek13S2owNkpDamZDcmVIU2xBYVdTWThfUTBvRDBlSzBQVUQ5RG4tWU9IaktPdEtkOE54NGhFcW4tb0ZiaXh3cUhoM3FnTG93YjFnbV9VbWVGQTc1eDd6U2YwTXpzMlFkWVNsTmw0aW12aWhBZ2ZqQUhVWXk0?hl=en-US&gl=US&ceid=US%3Aen,Janes,16 hours ago,📰 Jane's Defence,https://news.google.com/api/attachments/CC8iK0NnNWpSVmxLVnpOcGJWRm1kRUpSVFJEU0FoallCQ2dLTWdhQmM0d0dOZ1U=-w200-h112-p-df-rw,2025-11-21T06:44:12.326239
US enhances Agile Combat Employment with Diego Garcia deployment,https://news.google.com/read/CBMivwFBVV95cUxObG5rbFluZUdRbkZRY1czQjZ5WWd5dmVBekdNcUk5UWJsNS1ySm9IRzRFU1djWUtHUE8wZ0NmOUpQRWVvSkpRWXRpeGRpZF81SktENkpiVTdTNVVwb3hOVDRGVkhTaFJ5VWQzTGtRcjFJdmQ3cWtfSVN5bkt3cGdEU0JYcGV4UzNXa3E2QUV6Qk1FVzhCZV93UUhPalp4VHJDS1N6c3FISmFiSTBvV0NVdzBnVmhXNC1kV0poT0ZvSQ?hl=en-US&gl=US&ceid=US%3Aen,Janes,18 hours ago,📰 Jane's Defence,https://news.google.com/api/attachments/CC8iK0NnNWZjRFpKYjBsdlpHODBiR1Z4VFJEN0FoallCQ2dLTWdhbDBZcXRSUVU=-w200-h112-p-df-rw,2025-11-21T06:44:12.326240
Australia's EOS invests in C-UAS capability,https://news.google.com/read/CBMiowFBVV95cUxNTUQ1c20wdWREa0dKNVd5R0JJdGw1OFBrYUVzcHBjS0FqWEZ2Z1ZBM3MzZ1pHWl9ZWnZaVTh3clgwQUxRc0hXYTJiMTJRX3B3dG5NWGRFWjFjTEM0OGViTHM5TzZIb0NGc3NqM3dzTkd3QUt4YmVUc3ZTTG9TOThoOHhUUHJRWE9NcjlDNElYSGxucGZsUGxhaXJyRGlGc3Z6YzAw?hl=en-US&gl=US&ceid=US%3Aen,Janes,20 hours ago,📰 Jane's Defence,https://news.google.com/api/attachments/CC8iK0NnNVJTRFUzUTE5SGVGZFdWMU5yVFJEWUJCakNBeWdLTWdZVmNvNHZNUVk=-w200-h112-p-df-rw,2025-11-21T06:44:12.326242
Latest defence and security news,https://news.google.com/read/CBMiXkFVX3lxTE1NV2RKMWptVEl2dGJsRF9NelBvRFQxczZ3Y3FobnpYYVlQVk5CcEhBbEE1aXUxeUtzVllUeU9GaFAybkFxV2RRR3B4VW1oSk5tQTFXQmJqTVp3b3BFWXc?hl=en-US&gl=US&ceid=US%3Aen,Janes,"Jun 4, 2024",📰 Jane's Defence,"https://encrypted-tbn0.gstatic.com/faviconV2?url=https://www.janes.com&client=NEWS_360&size=96&type=FAVICON&fallback_opts=TYPE,SIZE,URL",2025-11-21T06:44:12.326244
Granta Autonomy expects to deliver first X-Wing loitering munitions to Ukraine in 2025,https://news.google.com/read/CBMi1wFBVV95cUxOQzBvVkVtZFBNT3ZkNjdBcVUtTWMtcFNiTzBQYUg5WFZxUnZpRGEwNWJxT2Fha3QyUkNuWHFzUXFSUHh6eWhxenJRVHB1Sk1Sc2Z4R19aUzdUYm9TUFdpQU1FUlNrSFJwbjY3MFNNMkJuLUhSbjhLbFk1R0l6MWJ6WnFseFVkTUN0Rk5pMXhEQ09zY2lFMTU3UDF0dmM2X09SWG5YLW9nbmlPN0pDRzNqYnIxTU9pcmxwQWdoZmdVM3RuRGVtd0NzN3E0S2hDRjR1cG5RM2Q5QQ?hl=en-US&gl=US&ceid=US%3Aen,Janes,14 hours ago,📰 Jane's Defence,https://news.google.com/api/attachments/CC8iK0NnNWFWSGM0YWpOUWEwbGlRVXMxVFJDUUF4allCQ2dLTWdZQm9ZclJ0QVk=-w200-h112-p-df-rw,2025-11-21T06:44:12.326246
Irish government plays down potential changes to multirole vessel programme,https://news.google.com/read/CBMi0wFBVV95cUxNalpxLTA2bmo1eFFyekctdk1yQUxqWFVETWtoUWR4YnpoX1RZYk80ZkxabjQ3TjVreHZlZnRZRmxjTGdOdW56NDJMaVhIQ3JPZG9saEszZlZUQzRQcTZSbXZqUEFucmFwT3gyU2tUemFGV25HVUdTY0pCY3ZKcnVxRDFjelZVMEhqQjVaREhfVlpPVnlEajUybFQ3clFDRldlU0FUR1FBMzJkVE5iSlR5RVZ3NGhlTGRzWjdzZ2wySVZlRmpfT0Q3eGg0d05ld1hIajFZ?hl=en-US&gl=US&ceid=US%3Aen,Janes,14 hours ago,📰 Jane's Defence,"https://encrypted-tbn0.gstatic.com/faviconV2?url=https://www.janes.com&client=NEWS_360&size=96&type=FAVICON&fallback_opts=TYPE,SIZE,URL",2025-11-21T06:44:12.326247
Canadian Air Task Force's UK operation at Prestwick expands,https://news.google.com/read/CBMisgFBVV95cUxQUGRUZy1NaUw4N3U3S05JT1I0a0h4NFhRY1gwcWI4WnFwRi11NUZUR0MwUTVsS0lXT3BZOHl0b2VRS3BiTkMxazNSTFpfTXRwazNqYTlRRnp1UnNQTzhKTm9zZUlWc0FYUXQzUWJYeHVrdnM2WVlSQkVtdE9TWEhxeC1Jb2FMZmxidm9yZE1BYUpCMjNlRzdGUGdJQy1Ta0NUeUVya0VaNENIOXQ5RGo3UFFR?hl=en-US&gl=US&ceid=US%3Aen,Janes,16 hours ago,📰 Jane's Defence,https://news.google.com/api/attachments/CC8iJ0NnNHdMVEprUjJFNFNUaENNRkUwVFJDUUF4allCQ2dLTWdNQmdCUQ=-w200-h112-p-df-rw,2025-11-21T06:44:12.326249
FAVS 2025: Canada outlines military priorities,https://news.google.com/read/CBMiogFBVV95cUxNaDRaWTc5WFk2cDNnbVRYeUJQTlZRSmtsc1NJRUFjM3RiQ1pqSUlpVHlFdHNramtKQ3hsMXQ3am51bnJEb29jX0FUeEJvYUI2Q0dDSGxSRi1UdzZKOGFQSXJhckdhQ1Z5VDc0cFF3T19ielNQaGo3aEQ0Y3ZHOUtWTzcxbEpnTGdKclJmd2FTV3hHaXZLQTBWaEptQ0RNRFFmUFE?hl=en-US&gl=US&ceid=US%3Aen,Janes,15 hours ago,📰 Jane's Defence,https://news.google.com/api/attachments/CC8iK0NnNVpWemRwWDJoR1ZWVklaa1J6VFJDOEFoallCQ2dLTWdhUmxKWU1zZ2M=-w200-h112-p-df-rw,2025-11-21T06:44:12.326251
Helsing to produce SG-1 Fathom underwater glider at UK Resilience Factory,https://news.google.com/read/CBMiyAFBVV95cUxPb1U5cHhPOWpaNWFYNkFrT0lVWWpUM3M0dkpPR0syVktrUlFtcElibnd0a2dNdW1tTGk1X216S0VYenF1V19Ka1V0WWhjWUpwVmRuNFQ3b2NhZ0IzZERPOHFZYmNWWXZNVjFOWXo5b2FVSGMyNFdpTnJpZVp1ZDEyT3VJbU5YNkNCQ3NXMy00ZWtyREFDUUp3T0dHekctR2FMZmZyZDl4Q2YzbHlhR192MnpwOGtNQkF0S05nNWdLVzl0cXRYdjhpcQ?hl=en-US&gl=US&ceid=US%3Aen,Janes,1 hour ago,📰 Jane's Defence,https://news.google.com/api/attachments/CC8iK0NnNXpRUzA1VDNZNVdGOHpZMDFHVFJDUUF4allCQ2dLTWdhVlFZaHJuUVE=-w200-h112-p-df-rw,2025-11-21T06:44:12.326252
"US approves Javelin, Excalibur sales to India",https://news.google.com/read/CBMipAFBVV95cUxPOWhJRFAzX19DMHNiVGdrQ21ValJkOHhySjhOQlhseU44aUdvdTlfM0cwZW9SZ3VkSGI2clJKQUdwekRTaTV3U2Z2TUM4XzJ4WF9KT0JFUHlhUTdhQU9pUUpscnVkb0pBN25yejBCd0xsZWZYZkhZTEdzMFB1YzVOaEphanVvMzhLcVM5V3ZndWxoRk04YkNVVnozQUJYSU1lVlhSMQ?hl=en-US&gl=US&ceid=US%3Aen,Janes,18 hours ago,📰 Jane's Defence,https://news.google.com/api/attachments/CC8iK0NnNVhlVEJIYlVVMmMyZDVZVkpRVFJDUUF4allCQ2dLTWdhSmtZZ1ZzUWc=-w200-h112-p-df-rw,2025-11-21T06:44:12.326254
"Army Secretary Set to Meet with Zelenskyy to Help with Ukraine Peace Talks, Officials Say",https://news.google.com/read/CBMiwgFBVV95cUxQdTQ1YURhYkxIYloyWXBZaGdsY2xwRUtEd2JvUVlyRUQ2SkZlMUFjbUVvNUFXU3BIcGEwVVZvVEVRWFVFTmM3Rzd2cUxsRjhWM1VoRW9hbkFOMGNESm5QLVRGeGVVbnBibWNOWmJzYkw4dDNqUWJ6T2VHOWlEREtKT3ZEdlkzdFdJMG9iTzZlV29SR0ZoS3hoRDR4dkhOdVJROTVONlJXVE0yZFE0MnhoU1hYY0NFTk81cFQ0aWZ3OE1OUQ?hl=en-US&gl=US&ceid=US%3Aen,Military.com,18 hours ago,📰 Military.com,https://news.google.com/api/attachments/CC8iK0NnNUlWbTFrUmpZMVgwWjFORFV6VFJDZUF4anRCQ2dLTWdZcE1KYXVtUWs=-w200-h112-p-df-rw,2025-11-21T06:44:12.326256
Massive US Marine Buildup in Caribbean Just 7 Miles from Venezuela’s Coast,https://news.google.com/read/CBMitAFBVV95cUxOTFY3NVJFRjQ2T25SajZpX3VvNFdDRm1jZnprYW5rVlpqQS10ZjlUdC1ZcF8yMG40M1ZnZHJmT3FSRmhpQ203VXVGODVnTi1GTlJNckctWGgyeXgyUGhVbm9IbjVMVE95TlFSRFRKbHc2RWozMVFrNzU3RWNWZnJlb3VOb3dBX2lxdkhPTWJkS0c3UFdpekRMWFk2ejQyTjVhZ0dqd3ZMamx3VWZyNUlZejF6dU0?hl=en-US&gl=US&ceid=US%3Aen,Military.com,18 hours ago,📰 Military.com,https://news.google.com/api/attachments/CC8iK0NnNHlWbHBPYTBJMGVDMTBhSGhNVFJDZUF4anRCQ2dLTWdhQk00NkhuZ2s=-w200-h112-p-df-rw,2025-11-21T06:44:12.326257
"Mississippi Delta Farmer's Wife Fell in Love With German POW and Helped Him Escape, Leading FBI on Chase",https://news.google.com/read/CBMigAJBVV95cUxNZkNWRWdhTVpzR0l4cVlCTHUwRnlFdVZhNFBqX3NrbGhjQzBIV2o0YnpjdVpFdEk3S2YzTWZJbXp3aGtQMnZfSUQ4ZFBGWjJZWEtOdS15cDNzY0JaaFdpbWpUcFl3NkNib1FWYWplZ1U3RmVtLWQ1SlhyYzVuMlRvRVJtOGJpM243Xy0wd29pSDFRU1hGUmJWX3hWQi05ZzRTbExYNUZ5VmM5Zm1fdEQtRndPdG5jZFA4STc2c0RQVFdTQ2VVSGpITDJOMmZObmhPRmdVblFJeUNMSTJ3dDh0UGdtOThOUERXemtKUVB5SmVGUlQwa0xERkpxMUdHMmxV?hl=en-US&gl=US&ceid=US%3Aen,Military.com,18 hours ago,📰 Military.com,https://news.google.com/api/attachments/CC8iL0NnNVROMWQ2T0daQ2VXWnBRak5HVFJDUEF4aXRCQ2dLTWdrQk1aalNtR2x6cUFJ=-w200-h112-p-df-rw,2025-11-21T06:44:12.326259
Judge Orders Trump Administration to End National Guard Deployment in DC,https://news.google.com/read/CBMiugFBVV95cUxQbnhIZXhxZlMzUkhxY2k4aUZxakNGeWxleVJ1czhJaWdyTnhEM1NUUGtsY3VvT0thM3lHVmlHVHRTNGpVOHVObFdrX1M5Sy1sSWR3ZnFaaDlRSGhRTWozTjBPWFduTTIybUdvM0JhNFpnUi1EZ2thMDZhbndlVkwtczJrLWVMRkVFcndtYUdCTWg1bF9sekpueE9Zb0J3MWR4T0xDd2ZtUWtQWUp3ZFpPc3BpNnlucVVpeXc?hl=en-US&gl=US&ceid=US%3Aen,Military.com,9 hours ago,📰 Military.com,https://news.google.com/api/attachments/CC8iK0NnNDJSVk5JY1UxVlZFSlVZWFY1VFJDZUF4anRCQ2dLTWdhQllaUW1KUWc=-w200-h112-p-df-rw,2025-11-21T06:44:12.326261
$77M For Veterans: ‘Woke’ Biden-Era EV Funding Finds New Home,https://news.google.com/read/CBMiqAFBVV95cUxOUWgtR2haNlpKWm1rSkluUG9ZWFc0TnQycWlOWVViSVNfSzU5d2lFZjFUMjlnRnlUMEZ0UDNKRUVyLS1ZWUg5REdPLW5rUEpkNHRvVlZSTUs1dkdmMzZJQXBOSUNfbzhhMlFaQVRDUTE1aWxjdnRlaC1vX3ZtNVg4UkktZXpiV2hCZFY2MDYyTlEwNEpNcFE1QVhOU09JNDZFOFEtT2FxaVE?hl=en-US&gl=US&ceid=US%3Aen,Military.com,12 hours ago,📰 Military.com,https://news.google.com/api/attachments/CC8iK0NnNUpiWHBGY2tkSmRtcHhZMHhUVFJDZUF4anRCQ2dLTWdheFJJNlBJUWc=-w200-h112-p-df-rw,2025-11-21T06:44:12.326263
Trump Says Democrats’ Message to Military Is ‘Seditious Behavior’,https://news.google.com/read/CBMiywFBVV95cUxQQzRhQWRESFF5b1hnWmZiS3p5dEpHaElJLVg4bzhwck5kSXg0dlVLUzBJdGh5RFR6VHJoSFlSVlBxUnNuZGtQS255MWExQU82N2JXSG9PWmFXX1p0dy13WWlzUjBmMmZmX04zTi02ZElMRVZEUWdGVGo3UnNoSml4TTBvaTVNaklaNEJCTXVBMG5qVWZEbUR3ZUhKeU8yUkxCcjZRLVpZNlViM3BOWlFGNFQ4RTluWmJNZXI4V2Q3VU5qMXV4Ml83TUNsUQ?hl=en-US&gl=US&ceid=US%3Aen,Military.com,12 hours ago,📰 Military.com,https://news.google.com/api/attachments/CC8iK0NnNTZSa3QxUkVWR2VIaEZSRzFpVFJDZUF4anRCQ2dLTWdZMU5KWndJUWc=-w200-h112-p-df-rw,2025-11-21T06:44:12.326265
"Post-Government Shutdown: How Record Closure Impacts Defense, National Security",https://news.google.com/read/CBMivwFBVV95cUxQX0NDY051NktuNTJmN3V6ZnhDS3drS29fc1oyeGROVDZHdFFqMDh5NmZCQjVZbWFTa210SDRKbldVNnp1U1NBaEpWaG40VzFveUwtN2lnQVJpSzJsUlppQUVSNnBRa1BOQzg4dXRsT2RPVXBrR0NlYi1pVnFlcmF3NUl3WVA1UHU5anVVcXJYaTljQTh5NDdscUozcjVHZnZrSHN3UUp0VDd4Y054eHVSdV9qdTM1cXBtZnpCM1Z4Zw?hl=en-US&gl=US&ceid=US%3Aen,Military.com,19 hours ago,📰 Military.com,https://news.google.com/api/attachments/CC8iK0NnNTBSV2xOTjBkMmNtdzFia1l4VFJEZEFoanRCQ2dLTWdhQkVZd1JKUVk=-w200-h112-p-df-rw,2025-11-21T06:44:12.326267
Zelenskyy Under Pressure to Accept US-Russia Peace Plan,https://news.google.com/read/CBMirAFBVV95cUxPbXBVQmFPendKMmNqbExvcUhKRGtjZVBUWnBCdFQ0b3Z6cENjbTg3bmp0U3RPM0dvSWMxVUF3NGtKOVRmT3ZjZ3JxdGVDTGVBX1JtZXgtcnV1TS0wS3d1MXZXRkNFVVducEdtUG9MeXZtV05PdEpYbzhKRTk0aU40Xzlva2JqTnl2dFZXZDhNWXUxX3FSQXZwTWxiRjBYOWZnU2RaY0FndENMeThQ?hl=en-US&gl=US&ceid=US%3Aen,Military.com,13 hours ago,📰 Military.com,https://news.google.com/api/attachments/CC8iK0NnNWtjbGRHVkRoWlNIb3RZamRIVFJDZUF4anRCQ2dLTWdZTlJvZ0tLZ1U=-w200-h112-p-df-rw,2025-11-21T06:44:12.326268
Hero to the End: Marine Corps Veteran Killed Rescuing Coal Miners,https://news.google.com/read/CBMi0wFBVV95cUxPMUN0bjZfN0xpQ2pCc19nSWp5OXV3WG5iTFM1OURTWTVmYWVJSlpqLWZ5X3RTb1VUQUp6TndhbTQ0SW9qX3VoRHNtZ2tzbWFXbFNLZ193bC1TSVFhVmlJLW12Ry1KaDYtWWI5TDcxa01rNlpuS182bHIxSnJfM0RHdFpHTExMQVBOVGx0bnlwVjFXN2JKZDd5ZDJuRExzQ2x6d3FEQUp2dFkzeEJScFdnU2tSTGwxRkxPQm5OQkxWTlNaSUNBQXZROW80MF9VTGFtWG53?hl=en-US&gl=US&ceid=US%3Aen,Military.com,10 hours ago,📰 Military.com,https://news.google.com/api/attachments/CC8iK0NnNXFabXcyVkZkdU4waE5lVVJuVFJEZ0JCajRBeWdLTWdhQlJKcXRvUWc=-w200-h112-p-df-rw,2025-11-21T06:44:12.326270
"Free Audiobooks for Troops and Vets: How to Use Libby, Hoopla, and the DoD MWR Library",https://news.google.com/read/CBMivgFBVV95cUxOeHVtSXNPUmFhM0h2WHVFYVpQOGVjRVh3ZFNpNXFROTREaDRoeTdLbFMydnl2dHB4M2pIWUFtRnBaeVJfMl9sUnFwQ0Z1cHlpZGpFdXlsSzJiX3Btd3N2V1lrekZIMjNxVmgxMmFEMzc3TTlZeWFZa1R5dGMxWC1wRVJuRzRLdkpfMFotd3loU09pYzlHcU9uVkloUmRoNWVtN195cG4yUGR0SVpaTU80Wk5iTDV3WHI3YjFhVDlR?hl=en-US&gl=US&ceid=US%3Aen,Military.com,14 hours ago,📰 Military.com,https://news.google.com/api/attachments/CC8iK0NnNTJjRU5xVkZsclVVUjNZV0Y1VFJEMUFoanRCQ2dLTWdZdE5ZQ3ZtUWs=-w200-h112-p-df-rw,2025-11-21T06:44:12.326271
UK beefs up Royal Navy counter-drone tech with $413 million laser contract,https://news.google.com/read/CBMitAFBVV95cUxNaGVWeGVRVE52aXRPbUZvRksxNFg1dk1vVDZBalgtNk5ZN2lnSlRJeVFSbS1jX2pUUmZTOVhPS1ZvMXJjcWlJOFdmMnRZckdBOF9Nb1ZUYzRoWkRHUVpRd05FMzBkajVwNkNueWZzYUx6RjhWTFJKRmFzTldvekVWdlB1NDlkUHpRckpMQTRNeFY5ZE4wemdJQW9KU3U0TWRtblhkRUxtdV91eDRQbE0tUVVNT2Q?hl=en-US&gl=US&ceid=US%3Aen,Reuters,18 hours ago,📺 Reuters,https://news.google.com/api/attachments/CC8iK0NnNVdXR1F5UWxGUFluUkxVMVpVVFJDUUF4ai1CU2dLTWdZTko1QkpGZ28=-w200-h112-p-df-rw,2025-11-21T06:44:12.326273
"US considering sanctions, Pentagon engagement in plan to protect Christians in Nigeria",https://news.google.com/read/CBMiwwFBVV95cUxOX3FHUjYtVFVPOEQ5c09CcGhmajdSMlBHclFwVUVBemxTVk01bXhJUEpSdkEtNTdhdEQzdXU4RmEwTEdGOGNSbTZiSXZIazlNaHhQVURfVHNlWmpLMmFpanA1VEk3LXJFNU52ZXZLTjFXc3NoRTZvX1hjblhWSHdreUxteWs0TXVTNm9KVGJvVVpYb1FucGJRbDVQUjNuOTdRQnRqMDVvWk1sdDVWcXh3VnVWc1hQT1BZMFpJMWZ4b1NCaVE?hl=en-US&gl=US&ceid=US%3Aen,Reuters,7 hours ago,📺 Reuters,https://news.google.com/api/attachments/CC8iK0NnNW5kRU51VFVaaFIxWk1iMjB6VFJDZkF4amlCU2dLTWdhQmNZSXBRUUk=-w200-h112-p-df-rw,2025-11-21T06:44:12.326275
"COP30 host city Belem, Brazil, tries to stoke economy while preserving Amazon rainforest",https://news.google.com/read/CBMixgFBVV95cUxPY3ZxWm9oalB3RUlRRjdwR3Y1RExCaXRZMFp3SGhSdEg0ekdZVU55MkQ3VkJpQjNqTlNYY2tpQWhPeU1Qd0swclpEd21ZRGQ1bF9NdGVVRXdUSEd2SkFkeXB0SkF3ZjliQ3NJMldXa0w1R202SjdBaGdPeG5KdmRyY1JOWjR0SldMRjdJMExaTlgzd213eV9ITUE0WjNodkZoNjdSWkpWeEdnNkJfWXNPd1dwT3d5VkYxajU0NTB5dUtES2hEVmc?hl=en-US&gl=US&ceid=US%3Aen,Reuters,1 hour ago,📺 Reuters,https://news.google.com/api/attachments/CC8iJ0NnNVVlWEpDTm10d00xcFplV2RQVFJDZkF4ampCU2dLTWdOOUFEbw=-w200-h112-p-df-rw,2025-11-21T06:44:12.326277
Latest Ukraine and Russia at War News | Top Headlines on the conflict in Ukraine,https://news.google.com/read/CBMiXkFVX3lxTE5STzBSVEszeWtRMTR2ZzRnUVB3WWluM0ktZ1VGNmVpSllpQVFPQWdGbDQ5VjdjcVdXQXRxNGNjZklxRnhXUDJKc0lwRXpNSmRhQTZ6MFVKRDhGV1pXNlE?hl=en-US&gl=US&ceid=US%3Aen,Reuters,"Feb 27, 2024",📺 Reuters,https://news.google.com/api/attachments/CC8iK0NnNHdjMDlTYWxVMGRtTktiRGd0VFJERUF4aW1CU2dLTWdZQjhJaG9UZ1E=-w200-h112-p-df-rw,2025-11-21T06:44:12.326278
Nigeria shuts some schools in Kwara state after church attack,https://news.google.com/read/CBMiqwFBVV95cUxNZ0tXNnN3cmNkWEtNaTBWM0RPOVFEdk5EcHVNSXFfMURJR1l2ZDktSGoya0c4RklPSnBQSFZjejhwb1pyc1FIc1d2cHNvaHZQekhwY0xzY3RmU0xoVFc0bmh4RGJnYk12alRGcTZ4eF9kTGU0Z0p1SzBZYjVWQmJWcWhsR0FyTHpMVVJSdWk0OVcySU92WHhrNWhlUXJCWTkxclRaQWFUVFZDaWc?hl=en-US&gl=US&ceid=US%3Aen,Reuters,19 hours ago,📺 Reuters,https://news.google.com/api/attachments/CC8iK0NnNXBhMUV5UlRkdlltWlJRalpVVFJEVEF4aVFCU2dLTWdZRlFJcWtLQVk=-w200-h112-p-df-rw,2025-11-21T06:44:12.326280
A relative’s desperate search then fading hope after Russian attack in western Ukraine,https://news.google.com/read/CBMiyAFBVV95cUxNQWxJLVdReXNITkNZSEd4WlBEV25fVWtHOFJtRGRucWxiREZqV2lCeVY1MDRjdTF5YU5aQzZWR0FONG5ya2dvd3VXYUNMWlJJcmxOeTgwbDRjNW9nWjdtOGpsSFR1Z0lNTmdMeXJNSTlPZV9VMDVJOTVoUTI4dHNVaGxSMmlVZGlJZ3RLbm5wNnd6LUloZ0dmZ2YxVTFRaEVKM2FlSjB6ZGNuTWNMVGE3a3RySVFlSVVSbEhEMzVNQktTd0g4SXZVNQ?hl=en-US&gl=US&ceid=US%3Aen,Reuters,16 hours ago,📺 Reuters,https://news.google.com/api/attachments/CC8iJ0NnNWZWSGM1VFZVMU9XSnZjbWd0VFJEckJCanZBeWdLTWdNQmdBZw=-w200-h112-p-df-rw,2025-11-21T06:44:12.326282
Lithuania's Vilnius airport closed briefly due to balloons,https://news.google.com/read/CBMitwFBVV95cUxQQkMtWkF5UGtqaFJqbjc3U0VlNmxMcXB1RHFwZGRUdmtxZ0xaRnk3THUwcHVIdnV4cFhiWEZ3R3NwdUpwWVJtSDR4UTFMbHZvOUhNS1hDNUQzQ2syM3FNc3FKNEdkZGZjbEQ3Y1RDQlBVd1NxcThBX0hsQm1RYzliQ21FSGxMSmo5WEs0UEozbkhPZFVBYkJoQkNzNUpDeFZqcHk3eUE4WG43SEo3QzNGc0RWQ2x3dFE?hl=en-US&gl=US&ceid=US%3Aen,Reuters,11 hours ago,📺 Reuters,"https://encrypted-tbn2.gstatic.com/faviconV2?url=https://www.reuters.com&client=NEWS_360&size=96&type=FAVICON&fallback_opts=TYPE,SIZE,URL",2025-11-21T06:44:12.326283
US DOJ investigating handling of its own probe into Senator Schiff,https://news.google.com/read/CBMivwFBVV95cUxOM3M2YzBUenlLaHZSVWh4cXJqUlJNX2tKTG1vQWMySjdNeVVmLThwdi03Z2txME5TbUN3RTZxN0dQdmRVd3pGN2l4STktRWpIaFRpdUwwb1ZKalhvY0FTd1RBUldNc3pJWFVPMDVYNzFxTnB1eGlNbVEzTklxZE1jTExXUmp1YzM0WGRZX1ViTkJtdnJkZ1hkZkFUZ3ItTjZwUnZ5ZUdfSk05dzhnbjlEZHZTVHdjcDkxQlJoLTY0MA?hl=en-US&gl=US&ceid=US%3Aen,Reuters,8 hours ago,📺 Reuters,https://news.google.com/api/attachments/CC8iL0NnNXFlWFJrVkdWdWJEbGxabEJhVFJERUF4aW1CU2dLTWdrZE5vVE9HYXFDdGdB=-w200-h112-p-df-rw,2025-11-21T06:44:12.326285
Contract signed for laser that can take out high-speed drones,https://news.google.com/read/CBMiWkFVX3lxTE9KNkhhTW50N2RVZnBHdEtiT1plREczUWFidlJ1ZTU0NWlDR2R0dFByYzlXeUI5ODVpbUVDRnhmQUxpTXBITUxEOG5hd3psOTJfNWlIRVlEV1cyUdIBX0FVX3lxTE5MZ2RmR1lNNzNLT29WdjBIa0s0dk4xcWM2NXkzWWkwZHdoTktETDV4bHhGWkMtVUZMbGh0LXlkRDNnaEJwYkJONk1KaTVUdkpjNnkwT3NDUEo5UGppYVI0?hl=en-US&gl=US&ceid=US%3Aen,BBC,14 hours ago,📺 BBC,https://news.google.com/api/attachments/CC8iK0NnNUxRelZ5V2xOMFJtVXhSVk5ZVFJDZkF4ampCU2dLTWdhQkVvSk5tUWM=-w200-h112-p-df-rw,2025-11-21T06:44:12.326287
Russian refinery blaze seen on video caused by second Ukrainian attack in a week,https://news.google.com/read/CBMiVEFVX3lxTE9kVHNjUkQ4R0EwV29GQWI5R3lwT3JoeEdIQTNPMFdkVWp4bnE4ZGtFY0lBXzhtUFMtUHdEeUhSOVhIWVh6LU94eWdBMTVsME9DYlM0dg?hl=en-US&gl=US&ceid=US%3Aen,BBC,20 hours ago,📺 BBC,https://news.google.com/api/attachments/CC8iK0NnNWhkRWh1ZW5od1NGbFpNek14VFJDZkF4ampCU2dLTWdZRkI2cEdDZ3c=-w200-h112-p-df-rw,2025-11-21T06:44:12.326289
Europe | Latest News & Updates,https://news.google.com/read/CBMiTkFVX3lxTE5sQXo2Um1zR2JVLTN3ZFVTdjQ3RUZBQ2Y0eTJHVFFxRW1FVmxqZkhzTHA3Tk9HM0J2ZVgxWEJxTm12cks1YURBMjdVWUxuQQ?hl=en-US&gl=US&ceid=US%3Aen,BBC,"Sep 20, 2017",📺 BBC,https://news.google.com/api/attachments/CC8iK0NnNVhNRzF2Umw5TVZsZElaRmxmVFJDT0FoamdBeWdLTWdZdE1ZajBtQWM=-w200-h112-p-df-rw,2025-11-21T06:44:12.326291
Power cuts and school closures across Wales due to snow,https://news.google.com/read/CBMiWkFVX3lxTFBMSVpXSUlvZ3NmZnpjNnFXbkN3WC1McHIzRHZUOGw1OGhreUJEeEFRYzgyVVFqc3JFR1pDV2xFZTN2Q1NtQ3NvZFhLWkNTRF93aE5CdFE5V2lXZ9IBX0FVX3lxTE84ZzRxWEdCd2MyQ2FRZDBtTW9KQlJPU1J3Rkc4UkxJRXJ4cEJnZHU2ZTZCQlhzb0czQXU2NlQxdFpETDJjd3lid1hNVExYQWtGY2tSVW52bkNEWS15c3cw?hl=en-US&gl=US&ceid=US%3Aen,BBC,12 hours ago,📺 BBC,https://news.google.com/api/attachments/CC8iK0NnNXhXQzFxVWxWc1FXUTNRVEY1VFJDZkF4ampCU2dLTWdZQklJU3JIQU0=-w200-h112-p-df-rw,2025-11-21T06:44:12.326292
"Israeli strikes in Gaza kill 25 Palestinians, health ministry says",https://news.google.com/read/CBMiWkFVX3lxTE5fZDJnaWlKN3NfWWM4NHE0cmY0Ty1BYkQzYV90QnVXT2JkUHFtakl2cnBhVloyME0wZEFTUF8ySXREWTlQUWtlQzY2ajhJX01xUmNQOTVUQTE2UdIBX0FVX3lxTFBRbTRTN3J2Q0ZNejZ3NVlRRlRNcjNRTlA3U2cyNVZRanZROEZlcGtCejJrUmJyV2JWNXV3NmVkSkF5NGlycUZydGpWaGVZbzhfRTNuV0N3ZWFNYzFaSVpR?hl=en-US&gl=US&ceid=US%3Aen,BBC,23 hours ago,📺 BBC,https://news.google.com/api/attachments/CC8iK0NnNDFWVUpmT1VRM1NWVktVREUzVFJDZkF4ampCU2dLTWdhaFZZYk5yUVk=-w200-h112-p-df-rw,2025-11-21T06:44:12.326294
Greater Manchester unveils £1bn economic growth plan,https://news.google.com/read/CBMiWkFVX3lxTFBUY2VUS25TZEdFQlJiNUNsSFZiQ01GV3JmOWliZjJjbmtqWGR2TktGY2hQZ3FjZmhKSXZtLUhZck45Y3RSenY3SjdNZ2l2NjQ5Uy0zYlhuSzBtZ9IBX0FVX3lxTE1iQk5aSnR4M3FJOEVfemp2WDhVbWtxbFdWckpxOHNydF9walJyWjRIMk0xMEsxWHNJVVozTU5aZVhCQnJVdW15X29CNTA3ZDBfSGtvOHVqbFpVRkhXWUg4?hl=en-US&gl=US&ceid=US%3Aen,BBC,13 hours ago,📺 BBC,https://news.google.com/api/attachments/CC8iK0NnNUZZVmxpZW5GWldrOWpWMVYwVFJDZkF4ampCU2dLTWdZQk1JaW9PUVU=-w200-h112-p-df-rw,2025-11-21T06:44:12.326296
University of Warwick students evacuated after fire in halls,https://news.google.com/read/CBMiWkFVX3lxTE1hcXhZM204d0Zpbmo1QUh3RDNFWTBCbUpoVFVMejJmcnJ5eVBUeTl3YzNyZWFhMFU5cDhJRFhnMmtZT1JTS1hoU0FCbzRaRzdMeTZjT3cyWjlyd9IBX0FVX3lxTE1kdVJvRUZpUlNEbF9zS1V1d09fRS10ajBVTXNPSXNqYWp2Nm5YOHkxcExtZzc1cmlCZHg3QVlTa2Nacm10NU9IdHNxcDRoOTBOd3hMWWluUkozazBoOWJ3?hl=en-US&gl=US&ceid=US%3Aen,BBC,17 hours ago,📺 BBC,https://news.google.com/api/attachments/CC8iK0NnNDFZM2RET0Vvd1pFSTJjRGhwVFJDZkF4ampCU2dLTWdZeE1vd3dwUVk=-w200-h112-p-df-rw,2025-11-21T06:44:12.326297
"BBC Business | Economy, Tech, AI, Work, Personal Finance, Market news",https://news.google.com/read/CBMiQkFVX3lxTFBSemU2Q2g3a2hhblNxOWtsSEREV3BGek8zYmd3ckxYQ0dsY3JxaUJqdU9jTlhsbUVIdm9WaFF2STlkQQ?hl=en-US&gl=US&ceid=US%3Aen,BBC,"Aug 4, 2019",📺 BBC,https://news.google.com/api/attachments/CC8iK0NnNTBjekZwUldoWVgyWjJReTB3VFJDb0FSaXNBaWdCTWdZeFJaaXZJUWs=-w200-h112-p-df-rw,2025-11-21T06:44:12.326299
US military officials in Kyiv as Europe warns against reported Russia peace plan,https://news.google.com/read/CBMiWkFVX3lxTE5ubkw4cUR0N0ZDOGZ3V212VjZKTmNSYXA0ZkpjQ1BUYnM4YU83b24zbTJGMEQzZEFYb1kxWmVSRUdtaThaRHRwU1JvTjducFA5MDVvdzVYbllyQdIBX0FVX3lxTE8xcXpRUjZpOUFWYjdRY2JLbUpVelduZ0dQSjhNdUtOdXg5OThwaVN0SldYSlJRTmM4ek9ydTBXS2FfODVpaVFCRXBzRW5xTEhMa25yWE56U0Fxa2hfYk1N?hl=en-US&gl=US&ceid=US%3Aen,BBC,14 hours ago,📺 BBC,https://news.google.com/api/attachments/CC8iK0NnNTNlR05UVG05T1FVOUZjSEpMVFJDZkF4ampCU2dLTWdZQlFZYjBtQWM=-w200-h112-p-df-rw,2025-11-21T06:44:12.326301
Zelensky to speak to Trump after US proposes Russia-Ukraine peace plan,https://news.google.com/read/CBMiWkFVX3lxTE5lcmxXMVVJWmhMdFpyUjh6S19FQzltRlhaeWdIMmlHTm5IVG9LdG9oa05RYVF6cHRMQzBTZElGVHZ6Y0FLa1o3U1lOOEE0eHRRZk9ZWmRKTTJMZ9IBX0FVX3lxTE5YM3QweHI4N09KLTJrMWVpWl9jel81cDltT2RmbVY4QUd1NHRnRnJIOG1JSDhZZHljVW5kODVoOE5WWjhBNzZ6ZmxQWDkzaGZua1pzd3VPc3QwNzN4T2ZF?hl=en-US&gl=US&ceid=US%3Aen,BBC,10 hours ago,📺 BBC,https://news.google.com/api/attachments/CC8iK0NnNTZMV3h6T1ZOelozRlFTV2g2VFJDZkF4ampCU2dLTWdZMVJKUndJUWc=-w200-h112-p-df-rw,2025-11-21T06:44:12.326302
How much energy is AI using?,https://news.google.com/read/CBMiiAFBVV95cUxNcW00WmJsUVlhMGRIZG5OYzZaTk9PZ2RIS05nRkx6WHlhVlU4cW9NWjZPS2d6OGtrUlNvbzF6QkRnQWNqdjBQbEVranU1blVoQWZMeXBpM2ZMaEZZNm9mTGEyMzloVV9ILVc2VEFQTnlwajN4d1Q0R280cjBmVmd3Y2dKMW5rRG1Q?hl=en-US&gl=US&ceid=US%3Aen,CNN,12 hours ago,📺 CNN,"https://encrypted-tbn2.gstatic.com/faviconV2?url=https://www.cnn.com&client=NEWS_360&size=96&type=FAVICON&fallback_opts=TYPE,SIZE,URL",2025-11-21T06:44:12.326304
"‘Oh my God, this is our Tanzania’: CNN investigation shows police fatally shooting protesters, signs of mass graves",https://news.google.com/read/CBMioAFBVV95cUxNcjgzcDVfQTl0NHh1cDFhU3drTndXZkJxYnpUaDFiOGtlVXFqTHdoczh2Tzc0N054T3owdi1UQ1czYW9MYWNWYWtyTnd1eXVJR1k5bDF4V3Q4c0pfMjdfemI0VmJ2c1ZPc3ljUzFrcm9rUFpXalpyZGtTYk9KMm9NalhpMVVzTFhCQVpyNzNoRTJ2ZkdmaTd6WXNHdkt5VFFP?hl=en-US&gl=US&ceid=US%3Aen,CNN,1 hour ago,📺 CNN,https://news.google.com/api/attachments/CC8iI0NnNDBhRTlsVXpoNFJVZG1SMjgzVFJDZkF4ampCU2dLTWdB=-w200-h112-p-df-rw,2025-11-21T06:44:12.326306
"Israel’s forced expulsion of Palestinians from West Bank refugee camps amounts to war crimes, HRW alleges",https://news.google.com/read/CBMif0FVX3lxTE1ZMHRaanhnbWVMLThOLVVHWFpjUUxpT1JQd3BLeU1faUNLdGhMa1dwLUhnSHZlcWQtQWpqSVNlRUdSWGJ2eDFNc01jMjM4dUZ4dC1rZVVoc2RzODJBeFJGbER6M1REcXEzcDFwdUkwX1BiVWtxY2dVLVZQQVpQaDA?hl=en-US&gl=US&ceid=US%3Aen,CNN,13 hours ago,📺 CNN,https://news.google.com/api/attachments/CC8iL0NnNXFlR1ZCZERaaVkwVnhVell5VFJERUF4aW5CU2dLTWdrQk1KSkZudWdscndF=-w200-h112-p-df-rw,2025-11-21T06:44:12.326308
Mother gives birth on side of road after being discharged from hospital,https://news.google.com/read/CBMieEFVX3lxTE5XdjNXS1pJOU1aQWVHRHJsUTFTQ3JVa05NZTludDVGTHhmV3lRUXU2c3FlaTVNX1pWNUd4ZW0tREFRaGFqNGFLWVdqcW92X0JhQWl5aUxrcjV5cU1KVXFwZnhwZ3lZX0lpbm9Pa1RQWVVMR1E0dW14Ug?hl=en-US&gl=US&ceid=US%3Aen,CNN,6 hours ago,📺 CNN,https://news.google.com/api/attachments/CC8iL0NnNU1SbmhWVmxkd1VERkhURWhLVFJEakJSaWZBeWdLTWdrQkVJeGtGU2xVN2dF=-w200-h112-p-df-rw,2025-11-21T06:44:12.326309
ONDS Stock Quote Price and Forecast,https://news.google.com/read/CBMiUEFVX3lxTE9aQWpCeFFjNXlGNi10cXdUVUY3REtzTThPd2FMZHYwNlN3aXpYUlM1LURPdFctdXpMNHJhLTNZUEQ3WDlKR0JwcE9aQWc3NHd3?hl=en-US&gl=US&ceid=US%3Aen,CNN,"Jan 12, 2024",📺 CNN,https://news.google.com/api/attachments/CC8iK0NnNUhhVFI1TFY5U1QxWm1SMGxoVFJDZkF4ampCU2dLTWdhcGhaVE5NUWM=-w200-h112-p-df-rw,2025-11-21T06:44:12.326311
Bush remembers how he picked Cheney to be his VP,https://news.google.com/read/CBMijwFBVV95cUxQcjlWRlpYN1hoVVRFbnpfRURDbmNfRDdsUkRwblE2cUtJMVozUy1nbHNSazhtT1haQmFmbk9hWXRib0czNFhCX3FZN184Y3B3b0ZYalZVTDd2SWFDbUE3SE9qYXBXbWxmc3hfQ3lfX3BEV3gxSWFRbWVYbVZfTnV3cGlMa1NpdE9wQ1JwQnpnbw?hl=en-US&gl=US&ceid=US%3Aen,CNN,11 hours ago,📺 CNN,https://news.google.com/api/attachments/CC8iK0NnNHhOMGR0YTI1M1NVdFVNR3hHVFJDZkF4ampCU2dLTWdhbFZZTHNyUVE=-w200-h112-p-df-rw,2025-11-21T06:44:12.326313
The key US-Saudi deals you may have missed,https://news.google.com/read/CBMingFBVV95cUxOTnlNdnpYZWNZdl9pekpRWmM4VzdnRzNpMUhlUXRHX3lPaGhBQmY3WmxOVWJmeEprbUMtM2pFU2thRDFfYnNMWHF3VTVleXVWSmJldGVoWmJTMDZqQmJEN1VfS2pmWFVkak9fWExTUV9tbVhmY1lUMGxIT2VnbHM4amRVYXlJLWx6M0dfTWhaVHBCb003WlpPeWpEd29Idw?hl=en-US&gl=US&ceid=US%3Aen,CNN,1 hour ago,📺 CNN,"https://encrypted-tbn2.gstatic.com/faviconV2?url=https://www.cnn.com&client=NEWS_360&size=96&type=FAVICON&fallback_opts=TYPE,SIZE,URL",2025-11-21T06:44:12.326314
The group recording the entire history of the internet,https://news.google.com/read/CBMikAFBVV95cUxPSG9QUzB4NTdsQUxrcUhGSGtMVjFhOTVKT29RTnlsamtZNS02cDA3bm42ZFJfblY1eHNWSFpwY0swckt1UDRCdEp6VE13a3F6bFgwNEV3a0s3VTJXTGg0eFNZU0t6V3p1VF9yOGIxZWItMHoyUGJVMjJYZ3FneWtVUldpUC1RenNlNFpRVzhHQUI?hl=en-US&gl=US&ceid=US%3Aen,CNN,15 hours ago,📺 CNN,https://news.google.com/api/attachments/CC8iK0NnNDVXR2RMUm1KcldWRXRVVVZyVFJDZkF4ampCU2dLTWdZTk1wajFsQW8=-w200-h112-p-df-rw,2025-11-21T06:44:12.326316
How the Philippines became a pageant powerhouse,https://news.google.com/read/CBMiiAFBVV95cUxQM2k0Sjh4cUlYWHA0c0dNcld1TTJoWG50R2VKaFhDMkhsOEZ1WC1ETUt2RWIzZEVHQV9TNUI5bDN3WXJmSDVJbmlyd2dRQks3emlDQl9wVkJXdC1Zdm9DbFFUNE9hS2RkeHRtLXRPN2ZvZzB0UGJnaUhDWk4wUDBIT1RkZl85MjB2?hl=en-US&gl=US&ceid=US%3Aen,CNN,10 hours ago,📺 CNN,https://news.google.com/api/attachments/CC8iK0NnNVFWMU5XZFhOMFlrczJkRXBNVFJEakJSaWZBeWdLTWdZUmtJb0tOZ1k=-w200-h112-p-df-rw,2025-11-21T06:44:12.326318
The Lead with Jake Tapper,https://news.google.com/read/CBMiUkFVX3lxTE9aRDlhSkNiYlZsMG9JVF9hV1RzdmJmWXhWbXRRLUVmUHk5LTFVTURoTmhTTjdMQVRBZ3puc3ZpRVZCMmJtX3hiaGxHNFFIT2ItekE?hl=en-US&gl=US&ceid=US%3Aen,CNN,"Apr 7, 2023",📺 CNN,https://news.google.com/api/attachments/CC8iK0NnNUtVQzFTU3pCRmRFaFNYMjgxVFJEaUFoajJCQ2dLTWdZTlFaN0dHZ28=-w200-h112-p-df-rw,2025-11-21T06:44:12.326319
Opinion | Railway Sabotage on a Polish Line to Ukraine,https://news.google.com/read/CBMilgNBVV95cUxQSGFtNHNKaGZvRXZmcFJ4dHdPemxJRmYtTzUwSjY0Y2VRYzg4M1RsekNGbEJSN2VPeGpFUGFjeXM0Y1VtcmFhYUJuRVl3Q09jdW04M0NsSE5DeTdNTWpaYkhGZlQwNS1hSldWemlEaTFodFdZcG9RLUxlVUxFV3E1cVl4T0pJNG82UXNsYmFZN2JWTUdCbDNETFFsdmdzWVJDWWV6bjUxcHVzV3VkamotaFl1Wk9vVXNPVWt2WlZpZ3ZnSUlFM3ByNWNMeE1sSDM2NXlVaV9nYkczLXVkSGdFUU4zNktVbER3aUloQjBzMUYtVkw0MEhXUzVfQ0ZjdXlzVFd3X2tuLWZCWjJZSE5XQ1BhRk1uaThDSWJuc205bF9ScjhabE9lajdMNlFLSEJqb2tSNGhSSkpJU2t2ZnBxalladGdFVWNEcFNtdFU2TWp0QUlycW85dkIteG9QaEFVLUNwVWZidUdLOGp5SFVhME90em5DT3hIMURScnZRMkx1QVVScEctNm5LWUNoeW9JZVdpRW93?hl=en-US&gl=US&ceid=US%3Aen,The Wall Street Journal,8 hours ago,📺 Wall Street Journal,https://news.google.com/api/attachments/CC8iK0NnNU9SbFF0TUZWdU4zSkNWWFZoVFJERUF4aW1CU2dLTWdheFk0NXdxUVk=-w200-h112-p-df-rw,2025-11-21T06:44:12.326321
Opinion | Halfhearted Allies Keep Ukraine in a Futile War,https://news.google.com/read/CBMikgNBVV95cUxOMjFuQ3ZqM0lBa3FqME90bk5PVWhWOGJ3d1hrVkFUN29lRElSZ0M0SVlibFFQYXE2bVRGVVJHWmN3VTVhdXF3Y3hFRlJ0aTlSbUpxWlROWVlGMUt5RU01MThweG82NmduYzYzNXZHZW5oeU1ZaXZhaGhfWE0tMVlmZFM4cGxwbmE5N0dsS3N0LXFkbkxBTFU3QmlVRDlfMV9MYVRGVkhyVUFiR3hBMXJLSXM5eXpwYVhDV2k5M3BVVGJuNXFYRC1oZmdJcmQxaW42N2psbjlZbTVFd3p6dmJWYmZadUpXNzI1Y1ZZTVlFVWtOWlU2VFAwZEhzY3ByRWpvcVhSNGgtWjdDd2hPaXEtUzBYbS1oTTM5aGhPUkNsQWxRblZIdnhhR1kyVmZTMEp1Q1VMdTctM0NmQ2NRS0tvbHFqbHlMeW15aXA4MGJRZFlzai1WNWhCMm56QjQ3NkQzZG1xck9ZT1JYdXVIY3d3U1FtTTNHS2RnRVFEeUlFWXJUZGRGSVBYSVJmVi1lOVdRY2c?hl=en-US&gl=US&ceid=US%3Aen,The Wall Street Journal,1 hour ago,📺 Wall Street Journal,https://news.google.com/api/attachments/CC8iL0NnNXZhMW8xVVY5eVZVYzJPRGRtVFJERUF4aW1CU2dLTWdrUm9ZYXBPQ1Z6OWdB=-w200-h112-p-df-rw,2025-11-21T06:44:12.326323
12 Holiday Gifts for Every Type of Traveler,https://news.google.com/read/CBMi_AJBVV95cUxOTUJxNlpQZ3MySUIwRkhKcFhsUkRXNkFJUXlnVzI4S25DUzJMQ1Bfc0ZUNTBnMXo1X1ZfR2toUE9xc0FuRmtFM2t2enZuM1VhSVdXNDZCMGNjQWJTTmZXdHQ5V2YxVjZXREpYaEotbm03RjhhZHhXWTZoeE1PVy1NdVlYMzVBTE5wRWZJNXdXeUJfNlBlWVJJX25xZlVlMlFheHUyWG9pdHZrbVV6WlB4emsxclFTcFktSW1Lc2FpYXRSeVhBUFAxN1pNVmEwUkZQeGxxNXdXNmtQTk96bnhsSFpuVUtJRllGcHlTSnhjUzZTNElTSFlWTFpOY0xGc2Ywcm5ydHhsVFliMTNjN25lY0VreEt2WklqRUFDRzZMTnBnV25sVEtUNVZTVzdNSFNaTnZFU2djSFUyMGQxMnJLQ2xESWI4ZUtlUlRZUFlKVk5IMlBBUXNuU3Y2ejFxWXluRXlOVVpkMnRjTWxiWHhkT013RDVIeWgwd1lXSQ?hl=en-US&gl=US&ceid=US%3Aen,The Wall Street Journal,10 hours ago,📺 Wall Street Journal,https://news.google.com/api/attachments/CC8iK0NnNXZNVjlPTVU1eFNsOWxaRWsxVFJEakJCajJBeWdLTWdZaFpJN01LUWM=-w200-h112-p-df-rw,2025-11-21T06:44:12.326325
‘One Shot With Ed Sheeran’ Review: A Singer on the Streets,https://news.google.com/read/CBMisgNBVV95cUxORkxYOU16X3NEZ0ZSU2hiLWpjSVRzb0V2bmNoVktiUS0xTjkwUU8wZUpaeENBYXl5cUhudHNCbVhUanVaQ0ZfZU5qU2NJQjlTT0pCRmxCR05maWZmYUxZTjhlMHdWamlsZHZaZHlLaGRhOTFCaGhxRld4SnI4Sy1GTncyaVRkR0tIUm5QNWZyczlsaVVrTDBJMm1zQzIwcHZmbW9PLUppNDM4WXp0VjNSOHJZZlVwZExFRmlTWWNLZ1JSMzRTZi1VbUw3bDFvMmFjNWlEOEx0aUFjT2lsV2t1d0RfbzBoS21yQTFjNWtJY2F0TXFiUkRDcTBTN29kOExsRXZ1eS12Nk9ESUtMQjk1TjNxRHNLQWlDTC1sb1o2WVhkWk5IY3ZzY2ljdHlhNnBXZ1NXZ3JiU00tM1QzQ043aThsbDZGRWtFcll5b19PX1dDNEtfVDNHelpEQlJVOTNRdFpxdGZHemY5UENadTlUTkc3ODB3YTh0MFRTRHRpeGF5LVhqdzBEQUd2TWxWaEZ5NnRBUkVBTGlOa05HcFVKXzVnSTR5Zk9rZGl6SVJ2X2EtQQ?hl=en-US&gl=US&ceid=US%3Aen,The Wall Street Journal,9 hours ago,📺 Wall Street Journal,https://news.google.com/api/attachments/CC8iL0NnNVFhUzF3ZFRsSGJGTkZhMUJsVFJERkF4aWtCU2dLTWdrWmNJNVlzR2Q3REFJ=-w200-h112-p-df-rw,2025-11-21T06:44:12.326326
Germany’s Renk Lifts Midterm Revenue Guidance as Europe Bulks Up Defense,https://news.google.com/read/CBMiswNBVV95cUxNbi16Z0FGVkx0SndvQ3otOWEtUDdQTzcyU3piRmMwSGJDNWRPUmgybFEyemMyOEliaVVlUl92c2hpd2NTSUFfbE1sMjl4UGVNb0lwb3ZPUWhVcUpoWWhCOEVLYXZSS29hQ3k0SFk2cmJNd2xqWUwzdW9KOGlOYlRQQTgyZ1RTSTZvLTI4c1FGOVRmLTR5Vm9CNjZnNmZHT1NKajlYaGhzSTE1bUZIbnU0VzJhSm5vSUNBWDRPUEROR0NWODFFeVlLR2RXODZWbmIyOEd5UklLWnZHZXFaUVZnOHl6WlpDZEZ2Mlk4MHhTZU9DeUY4RV90eTkxMTZrSUE2YkRPendiVVA3X003NFRvRUtqVHc0czZZaFpYX0lvT3FaOVRVLTN5akJ0WDhfWDBUN25OZzc1Y0FuSmNWdHdiZmNsdk1qMjRyUEVmeFRFVnVWbThWLTFTZEhGd1prY1F1cE9ZQS04bkJJcUhrWXgzSWxxWngyWlVtRFVSeF9NRnpraVZwd2xRZDNCaC02emhxZ2FLemhDT21NVTFJUURpaGdHaURGMDhReWVicHMtVF9US0k?hl=en-US&gl=US&ceid=US%3Aen,The Wall Street Journal,21 hours ago,📺 Wall Street Journal,https://news.google.com/api/attachments/CC8iK0NnNDRXVTl2TTJWcU1TMVpVa3BNVFJDOEF4aXlCU2dLTWdZQk1JYmpuZ2c=-w200-h112-p-df-rw,2025-11-21T06:44:12.326328
"Energy News, Oil News, Gas News, Nuclear & Wind Industry, Gasoline - News, Articles, Biography, Photos - WSJ.com",https://news.google.com/read/CBMi4gJBVV95cUxOZ0lPaU44MTk5SXFuekJMVXhyQmFOUDJyZlhzVGROR1FSS2p5RU1waWVNTW5KNGFFa0ZBYWRmWk5INmlVeTlYOHhqTlQyX0xKUG5sQXNDWnY3SFl5cldIWU42am1sWFBpd2NNd3hDb3pCZlFZRDVBN2ZIckdtdWpJWlZ6dmZHQ0VnTGdsV2xOTTJUY3pyMkcyQUxFdm1nUHZ6eEhuQXFldGxKTkI5VWhMY0U2TWZEZ1FfS2VFOUkxNXc3UlJzR04xZ2R2QzFTSXQtZ2xDenY2S2Fac3JNWDRZZEZiaWRmb05pY3NzNTJZSFlva214VzhRdy1KQWM4aWdXTW8zYlVvQ2NoakZZN2VtdWtDVnJSeGNrRmZTQUhuSWJ1b1VINjl3S3g3Zl8taXoyTTNLTm13SU5ROG05SlV3RlNZdW5WTXpHWFB4eV85RUtLcnRZWWx2Wk4tdFdUYVZRcWc?hl=en-US&gl=US&ceid=US%3Aen,The Wall Street Journal,"Jan 20, 2016",📺 Wall Street Journal,https://news.google.com/api/attachments/CC8iI0NnNW9XRzVqT1VaR09VZGtNRkZNVFJEQ0FSaURBaWdCTWdB=-w200-h112-p-df-rw,2025-11-21T06:44:12.326329
Cease-Fires in the Middle East Look a Lot Like War Anywhere Else,https://news.google.com/read/CBMitgNBVV95cUxOM3FNOE9xWDZZek9aSmRJeHlZcVZnN1BZQVpNRU5PZTl6d280UG02VFBYMS12WHNFc21SZkJRRElYdDRmX1BkTnZ1Y2ZONUtPRDlmcElVZlp0UkdEZ0dVQ2ZNTjFiUHZmOS1fcGIyLXVFSFBfcS01eVdMbjhtMi1VRDk2Ym1GZHo4YklhdVJPb0RCU01CYTNoX0p3Z1J4eS16bm0tT2ZSSDVfX1Y4ZVU0di1INE1sS0xLSGdnMWg3R1lIdnVyTkRWYTJoWXVENm1sQU9UQVJyMHFYcHlNdThjN2NNMWl6VC0xeGNCS3NvYzJ5ZWNGLVhEUTBEUUtXMlZoSXB3YnZMbUdSYmlaM3ZrNzNHaldrTUlabDRDdTdpT2g0Q3hybzhZVkx5LXNwNTk5Q2J0ZW1heEc3Mjd3OFEzZWJTWlh1WnlFdFZrWk92c2NVZmVOMHF1TWV5MThYbXJVanhqUGRKTWNxS19rVGdVRjAxTl9MMEhuc0h1WWRlZGRDeEcyT2FpTTdzTlZXSG5JRW0xWHZ0bzY1dFk4TExiQV9yYnljRlNaYzFtN2lfQXp6SG16MHc?hl=en-US&gl=US&ceid=US%3Aen,The Wall Street Journal,18 hours ago,📺 Wall Street Journal,https://news.google.com/api/attachments/CC8iK0NnNDBaVmxJVW0xc2FrOTBOakJJVFJERUF4aW5CU2dLTWdZQmdJZ21zUVE=-w200-h112-p-df-rw,2025-11-21T06:44:12.326331
Audio Articles & Podcasts,https://news.google.com/read/CBMiwwJBVV95cUxPeDBsZGc0YlIwZGpnbkFjdk5jUHVMczJ5T0FEZ0lpS09NRFoyeVV2V0p3YklGcE1adHR0VDlZV3NaSjlpa25sQjBKRHRkdHJ4RU5yNHZIWjlhcE1QRkctMTYzZHZ5UDRxS0kwX3FTekRiRFkya1FEcjlzaW02WkN1VENPUThXS2xUM2lYUV9OYi1jcWg0UjY5RVNzVzBFbDgyMnVyYl9xVkJjZHd0UVNmZTAwcE9zZzk5NkVJcFkzd2s0YjFvVjRXRkpESTVueFRKLVlvNW8yZ0dsNThickNnQUVLbVlxdzBTT1l0emxieHlJQkZmZ2JMcFgxXzFEbTNVdnFWWDNLdW1OeFZRMnYyYUhkend6R2M4X0sxOWh4Uk50NUdlX0tZNXlWYzJRRTJsbjJCOURKOEtVZTBPaTVWMENCZw?hl=en-US&gl=US&ceid=US%3Aen,The Wall Street Journal,"Nov 27, 2022",📺 Wall Street Journal,https://news.google.com/api/attachments/CC8iK0NnNXJRMVpFUzNSd2MwdHRWV2xDVFJDM0FSaVRBaWdCTWdZOW80aFJPUVU=-w200-h112-p-df-rw,2025-11-21T06:44:12.326333
"Keywords: Christopher Mims - News, Articles, Biography, Photos - WSJ.com",https://news.google.com/read/CBMi1gJBVV95cUxQT3JDRkljR2tTY2hXYXNFMy1rSEZuRDg5TzJQVjF6SzktVXlVWXdLQ3pfNktZaENTam8tektEaEZGbnlNVGVWSEpxaEhadXJSaVdBM3d2SWQ5RHd0Ym9sT0FxTzBrT1FfcFMwQlVtX3hzd3VvaU9oN3IwM2MtdmlnamhISUVIaV83dlFVbFViaUlEQ3NPcUo0RXdtbThEYzJCSkI0V2RqYllSeTNwNnU5WVFPM080N3hzaUVWR1VUcVVZT2pRYWtkT0daOE93RVNUdjkwNlJNSWxmRHNXR2ZVTGVFTFlITzhzQjN6cUNjMTFxYWlfdE9lZERSNVpDRE56WFJRYzhhWnhseFNQR0lUemR2YzJRTmZEYlNNRHd5Wklta3JyNkZSVDNvaF9LeVBOaWZRRmQwWEo2VWFGQU04d05oWWhfWk9GMjNPaUptOWNKZGc2cVE?hl=en-US&gl=US&ceid=US%3Aen,The Wall Street Journal,"Jan 18, 2016",📺 Wall Street Journal,https://news.google.com/api/attachments/CC8iK0NnNWpURlZWYzNSeU9UTTRWbWRRVFJDckF4aUFCU2dLTWdhTkFhcndEQXc=-w200-h112-p-df-rw,2025-11-21T06:44:12.326334
Germany Pushes to Let UK Join €150 Billion EU Defense Fund,https://news.google.com/read/CBMirAFBVV95cUxQYzVNTW1nQmpZUFlPYUgtV1c4R2dNRWk0Zm53aGtucy15bjlkZEpFVENMM2lxdkMyOHpKcmI1WkFBOGtFelBfM0VxU2pYT0diZlg1LXJMQ1AtWFcwLUxqZnRLQy0yYlJJQmNERklKM0N2Tm12N3pWd1ZaYWhjVkJ6cHJvRGlEUVE5M05DY2plWWh1OFRuY053WjBRalFkakFkM2c3ZmJTWkNaNTdG?hl=en-US&gl=US&ceid=US%3Aen,Bloomberg.com,8 hours ago,📺 Bloomberg,https://news.google.com/api/attachments/CC8iK0NnNHpjbU51TW5WWFdWcGtPVFJMVFJERUF4aW1CU2dLTWdZQkJJNnREUXM=-w200-h112-p-df-rw,2025-11-21T06:44:12.326336
EU to Discuss Imposing New Sanctions on Russia’s Shadow Fleet,https://news.google.com/read/CBMisgFBVV95cUxQOTg4Z2twSW01RHp5VlczbUtiUWp5RUwxLXBKZ002Z3Z5YkhPa3M3TGVpaWE3TVFnVV9MNEl4YmdxQlVNRHNqdE0teF9QdFZnRzYtck1GWHAxbndYTmV3RVVkVHhMZ19yc2hXc0h1d2VDOG9UQ1BMNGxaaVFxM214Ujdwa01KX3hHOHZ3RXpuZVlvUmhrWUcyQVBqQWlDdV9aSkJFRUVEbUdCZm9yUzBfSXJ3?hl=en-US&gl=US&ceid=US%3Aen,Bloomberg.com,22 hours ago,📺 Bloomberg,https://news.google.com/api/attachments/CC8iJ0NnNWxWR1JhVEZONlYyWnVPWHB6VFJERUF4aW1CU2dLTWdNSllCbw=-w200-h112-p-df-rw,2025-11-21T06:44:12.326337
Zelenskiy Pressured to Accept Peace Plan US Drafted With Russia,https://news.google.com/read/CBMitAFBVV95cUxNa2Q2VFE1cnlxaDVIdzhaVmtIc0pYelRYTmpfc1RYRi1JeXI4OFNFR21VNENwYUR0cEpuV2QzQkJoWlN4bW5OcDZjNzlFemtQcEtRSU1VR052LUUzZ2preGhHWFkwRDVZb0JLMmZOLWdvbXRtdWZfQ09Oa0xFWlc1Sl92NHF5bXRDNU9GRGhpSTRHcGJiNzNSaGRubmh5U1RtV0hlNzR6c0RqYXYxdnJTTkRmcUQ?hl=en-US&gl=US&ceid=US%3Aen,Bloomberg.com,15 hours ago,📺 Bloomberg,https://news.google.com/api/attachments/CC8iK0NnNHRRMnBCYzNwdlUwZG9SVnB0VFJERUF4aW1CU2dLTWdZMVJKWndJUWc=-w200-h112-p-df-rw,2025-11-21T06:44:12.326339
"China Rejects Japan’s Stance on Taiwan, Demands Retraction",https://news.google.com/read/CBMirAFBVV95cUxQYXFiVEhveXpRZm9Od3BTX2NJYXllV1EtelZ0Q0E1QnAzazF1WXJERnJaNF85NWo5M2lsVjE2VzlCSzh0OFhramJvSGh5MFl0TkI0bjEyblYtZzRyZDdqWFBEWmoxQWNTcnVjLXpnbFE0S3VxX3VsVjFOUHAzSGZCM1A0bG96ODhPRUpsUGJQbEx4RDRlYzhUTnNLVUhaVWI4V05zeDNoZGhXSG94?hl=en-US&gl=US&ceid=US%3Aen,Bloomberg.com,21 hours ago,📺 Bloomberg,https://news.google.com/api/attachments/CC8iK0NnNVBkV1pxZVhwVVlUZHdWVU5aVFJERUF4aW1CU2dLTWdZaFZJaHdwUWM=-w200-h112-p-df-rw,2025-11-21T06:44:12.326341
Zelenskiy Says He Agreed to Work on US Draft Plan to End War,https://news.google.com/read/CBMisAFBVV95cUxPNnJuaWlmbFF3d1JlV180LWUtRTVGRXl3dXVUaGw2c09sckRaU0VjTUR0MnZuWjJSVWpseHFyb3M4TTlTS19vNzdCOF9wUGNUUGNqT0pESXVSZkRIWmp4cU5RNnE1WU1ubl9SbVAtMlBCWm9HV1RURktNT010ZTA2ZmNWVGtNWDVueGtNS2dXdTZ3N0hxbWJOWTZBWkNMcUpqdlQwNmc1QWtKQ1ZHVHEtbw?hl=en-US&gl=US&ceid=US%3Aen,Bloomberg.com,8 hours ago,📺 Bloomberg,https://news.google.com/api/attachments/CC8iL0NnNWFWRlZmU0ZwMWNFZHROMkUzVFJEV0F4aU1CU2dLTWdrZEE2QXpHYXFLQXdN=-w200-h112-p-df-rw,2025-11-21T06:44:12.326343
Opinion Business,https://news.google.com/read/CBMiVEFVX3lxTE1Ma21Xdzk4cWpib2tleFNCRy1pSWpySFVGR3RxU1NoTTlVMXdCSlFkQnpuVXlIZkN5VUY1WGF2TFY1Tl9QZ2VSekgwSE0wMlh4a20wQw?hl=en-US&gl=US&ceid=US%3Aen,Bloomberg.com,"Sep 19, 2018",📺 Bloomberg,https://news.google.com/api/attachments/CC8iI0NnNUZURXhHZW1FdFptaEdURjl6VFJERUF4aW1CU2dLTWdB=-w200-h112-p-df-rw,2025-11-21T06:44:12.326344
The Long Reach of Trump’s Nvidia AI Diplomacy,https://news.google.com/read/CBMiwgFBVV95cUxPejVVUTdPMkE1d0hDX1o2U1lPMXhXUUxhMFRkNGZtNEFCN3FjTHhpS1lrSDliZnBWS1lfMVVqY2VZdHlPdVB0bWdKYVlnSGlPTU9XTUZzTVFsSnNiSlN0MDdxbWZWc2ZPR0owR1RORXlSZGVrWWVCTTJocFBHdFRjOEFKYTNOTXFBck1ESXVuX01KenZqZXUxN2ZTNzRoN2UzVzFIcU5qWlU0N0tSaE1YV0tkMm1IUnItN0JyV2lpeWdsZw?hl=en-US&gl=US&ceid=US%3Aen,Bloomberg.com,7 hours ago,📺 Bloomberg,https://news.google.com/api/attachments/CC8iJ0NnNUtPRmxVVDA1M1lVSTJYM1ZUVFJERUF4aW1CU2dLTWdNQlVBZw=-w200-h112-p-df-rw,2025-11-21T06:44:12.326346
Macron and Merz's $100 Billion Plane Is Stalling,https://news.google.com/read/CBMiugFBVV95cUxONW9FLUlsTVY4UE5ycFE0OFVaSXhXSnRCamxiYmc2bTZXaUJnTThCLW9YUTV1ZDFYbWtPUjZJTkxOVTFtSWhSTDlFSnZtejJTWUY4NzNsZFU2blFXMV8zZUJrbDdPLV9QbXkwdHVJX0syZkRGb0djMnZjdzh0QVQ4a3l5R0RPaGQtWlozWjdsNHJXdjJBYlFic1ZsT1dzUlFwZkdOc2YwNUtSYVAtSXM2RXZrQWpCTmN6b1E?hl=en-US&gl=US&ceid=US%3Aen,Bloomberg.com,2 hours ago,📺 Bloomberg,https://news.google.com/api/attachments/CC8iK0NnNXFNRGw0WVhScGRFVkRaek52VFJERUF4aW1CU2dLTWdZVlpaQ3ByUVk=-w200-h112-p-df-rw,2025-11-21T06:44:12.326347
ModRetro’s Chromatic Is an Easy Way to Play Game Boy Games—If You Look Past Its Founder,https://news.google.com/read/CBMiXEFVX3lxTE9CZjNMZ3Jjc0hnQ0hqTFpDV1l3QmxsYi13d2RGOXROWE56SnpTY0k5YjBDRTRHaU9QZWV1aGdEMjdQVnpxYm9zQ0taM3BBLVRUbWp2NlY0NVZiOFlM?hl=en-US&gl=US&ceid=US%3Aen,wired.com,17 hours ago,💻 Wired,https://news.google.com/api/attachments/CC8iK0NnNVJOVzlTUW0xUVJpMTNOMHhXVFJERUF4aW1CU2dLTWdZSmdaSUpPUWM=-w200-h112-p-df-rw,2025-11-21T06:44:12.326349
"This Khosla-backed startup can track drones, trucks, and robotaxis, inch by inch",https://news.google.com/read/CBMisAFBVV95cUxNY182MkFZNmZsUjc4NnJlbnJhUlF5S2lnWGpHSUVPWFREM2k5eGlUcDdSVV9udlFZUTNRdmczcU5zRFQ1NzlQR1E5Y3lFM3ZSa1hHYWROelRCN0d1XzhFSUdwSkw1V1htXy1BMVg2VW1QMlI4NWRBZnFFS2ZBWEM2QW43UHZ2elk0ekIzcVJjX1JJS3V4X3M1aXZHZ3RIQ1YtTjhsV0NTUmRMaVdfMXFqZw?hl=en-US&gl=US&ceid=US%3Aen,TechCrunch,12 hours ago,💻 TechCrunch,https://news.google.com/api/attachments/CC8iK0NnNHdiRmxoZFVKeWJrbFhYM2xhVFJDZkF4ampCU2dLTWdZUlk0U0tyUVU=-w200-h112-p-df-rw,2025-11-21T06:44:12.326351
Uber Eats will use Starship sidewalk robots to deliver food in the UK,https://news.google.com/read/CBMipwFBVV95cUxQQkU4Z1lPaDg1SUhMMXNJUzEzeDRWc2ozNUF6TFZjZFlQcVY1NndhYmkxZm1pNjNxRmt4ajBQdVktWmtzaW5LcFpUazV4cVlqQS1XZGtDdGN2cTV0UFlOcXhDMFR3NWVTVXpCMWZRejYyd2lTQURUdkR0NDNLYVg5eDUzSEFCTU9kcG12cDFfM2dHTkhNTDB0SDFjRXFnaFhRcVJ3SURJSQ?hl=en-US&gl=US&ceid=US%3Aen,TechCrunch,18 hours ago,💻 TechCrunch,https://news.google.com/api/attachments/CC8iK0NnNHRNMGR3UzFkRUxYSXhZV000VFJERUF4aW1CU2dLTWdhQlVJNnRPUVk=-w200-h112-p-df-rw,2025-11-21T06:44:12.326352
The marketing guru who helped turn Khosla Ventures into an AI powerhouse is moving on,https://news.google.com/read/CBMivAFBVV95cUxPUW1qRm54WHU4N3dicFVRNkNhcWpVWDNjMlNEb3pEbUdjRzRTUXcta2dRVkRfaldLd3hKV0Fxd3dRY3dSUEVyT0xScFJsWHNCVmZhMThpS3BSNlRHOWlFT0FuRlJyWHVUSnB3azh6VGJ2Z2xaNWZPdXN0Skx1alY3QVpTVm9qS2dBdVdvR1ZiWHZua1R0cm1EekhaMWVNX0lHNk0tdVp3amNnaVlzZl9BQ09QVTc5LUUzRk95dA?hl=en-US&gl=US&ceid=US%3Aen,TechCrunch,12 hours ago,💻 TechCrunch,https://news.google.com/api/attachments/CC8iK0NnNVJTbVZKZUZOTGNtRmlOa05TVFJERUF4aW5CU2dLTWdZcFZwYk5wUWc=-w200-h112-p-df-rw,2025-11-21T06:44:12.326354
Latest from Sean O'Kane,https://news.google.com/read/CBMinAJBVV95cUxNZDlmTkdHZE9ydmM0b2I2NjFxMVVWZ1k0cVJyTWdHaFAwYk1rUVJSdVFMUWxOVmVxR25lVWE2QmU2Mml5Z3dlam5DTWNGejJNN2FyWTltMDF6RFVnMVVIQ2loMmNiM2JKS2xUTEE4QnUtRm4talF6bFV5WTFaMkpxclU5NVpJT1VkTXhvYWZGa195T1o0Z2FoQVhaWUkyME1uOU01b1RIYk02STItXy1rTW5UYlZpSmRCWTc4clhnT3g4Wjc4ZkxVejZqSFgxazJrSjQxYk5wbzZURzMyTVItbVNiUXFiOUpWMC1lN3d6cG55OW5rNzhtZUtYcDJITmtvUDFEd084dno3QU02Sk16N1I5RDVEU1FsS3JqRA?hl=en-US&gl=US&ceid=US%3Aen,TechCrunch,4 hours ago,💻 TechCrunch,https://news.google.com/api/attachments/CC8iK0NnNUpZMUkyV1V4NWFURXlTWGhhVFJEM0FoaWNCU2dLTWdZQmtJYVB2QVE=-w200-h112-p-df-rw,2025-11-21T06:44:12.326356
The DoorDash Problem: How AI browsers are a huge threat to Amazon,https://news.google.com/read/CBMiogFBVV95cUxQbzVXSy1vOVAtTFBiYk9QNm9mWmFnLVJERU12eV94Yk9pTGdNanJiSFZRZUthbzg1eGh5cXczVUpNVzFCMVQyamZVdklkbzMzOEk5aHBzN3lDR1B1VlFhMFlmcXllcVdDN3I3ZWMybWNkR051c2lMSXFsdWVYU2t0N3FuRnY1cldQR3RwSnZHbTY5YWx5WmRNSlFqc0RiemlvQmc?hl=en-US&gl=US&ceid=US%3Aen,The Verge,15 hours ago,💻 The Verge,https://news.google.com/api/attachments/CC8iK0NnNTNWMUJrZFRSbk1FZHBaVkI1VFJERUF4aW1CU2dLTWdZcFZZYk5LUWM=-w200-h112-p-df-rw,2025-11-21T06:44:12.326357
Google’s new AI image creator took my shirt off,https://news.google.com/read/CBMickFVX3lxTE9qNF9ZOHVtTEV0SExuRVdSUmx4S0FsYm9oQkQxb1cyN2VNWXhBdW12anRWLXlXTHNSZ2tSZlh3b0lKUjIwUUhUOFZqYUJtMlI0MkYyYjZwMlk2dGJpYzV5dkNqYlRtcE9LdjgtSjR1NDREZw?hl=en-US&gl=US&ceid=US%3Aen,The Verge,8 hours ago,💻 The Verge,https://news.google.com/api/attachments/CC8iK0NnNHRhUzFKUmxwaE9ISkNkRXB1VFJEREF4aW5CU2dLTWdhQklJU25GUWc=-w200-h112-p-df-rw,2025-11-21T06:44:12.326359
New Chromebooks will come with a year of Nvidia’s cloud gaming ‘fast pass’,https://news.google.com/read/CBMikAFBVV95cUxPM0NIdjZuTVJwX2doNU9HVTFjeHQ3aDk1N2ZsbTM0WFZ3VjdISnhnemZJNE9lakI2UkpFRlA0dHJrdDNtNmlYbDdBR1VqR3pGQnZ5OE4tUGZTZ0MydGNEUXh3b2FGbnNRcFlXNk10bE96cHRRX0NFQnlHQ0pIdzRoUS1WdVY2Q3NyR3p3WmZGS2c?hl=en-US&gl=US&ceid=US%3Aen,The Verge,13 hours ago,💻 The Verge,https://news.google.com/api/attachments/CC8iK0NnNDJjVmRSVDJ0MGRteHRUMjFyVFJERUF4aW1CU2dLTWdhaGNvcE92UVE=-w200-h112-p-df-rw,2025-11-21T06:44:12.326361
"Verizon is laying off over 13,000 workers",https://news.google.com/read/CBMifkFVX3lxTE94eE5yY3Q1V0xzempVRG1qWjZYUmJZV0J6dExUbTNvSFJldW5ieU91SEFBYUxaYmFwT2UyRU4xUXI5X3JfRVV2MGF1Nkg2ZHdZZHo2WXRkbTZTa1lUN2QtNUh0cEY3WHNxNTZybTY1RDVqMUlaTTh1c1I1d0VIdw?hl=en-US&gl=US&ceid=US%3Aen,The Verge,16 hours ago,💻 The Verge,https://news.google.com/api/attachments/CC8iK0NnNVlObmhSYmxkelNHWXhkMkZoVFJERUF4aW1CU2dLTWdZZG9wSXJ1UVk=-w200-h112-p-df-rw,2025-11-21T06:44:12.326362
Bethesda’s $300 Pip-Boy 3000 replica can measure (harmless) radiation,https://news.google.com/read/CBMioAFBVV95cUxPLXc5NEdxTXY3WEI3eFk2S1AwSnI0OVA3bWxYelBLalNKcG1HQ0haamFTdi1CMlhYLVpsekhDWnZ0dW5td2M5cTE3NXFSRzVKbFFtWkhHY3QwaUVTenlMX1pZVF93ZWY3OGVlbm9JRUJsY1hwZERNaUUxYWdTbGdoMVM5VkNpWVl6aHJ0SHYzeDVvV2xLLTRyTEZmN192UVpw?hl=en-US&gl=US&ceid=US%3Aen,The Verge,9 hours ago,💻 The Verge,https://news.google.com/api/attachments/CC8iK0NnNUJTbWRNWjAweVZXVkpUMTlFVFJEQ0F4aXBCU2dLTWdZUmRKU3JMUWM=-w200-h112-p-df-rw,2025-11-21T06:44:12.326364
Google’s Gemini is now on Android Auto,https://news.google.com/read/CBMif0FVX3lxTE5FRzhzdFdSeUdmUWZMYUxvYTlWYUExMm84eVZlS01idm42R1NKbUF0djNuTHJVMHNOWmpKdnphTVhlcU8yVFBuRkxGWEZqZ3lpeDJhejV6TDZxOE90T1drVWZKM2NHdTFYVldNNGEyLTJ2anlOQkMtdktPa2R6YTg?hl=en-US&gl=US&ceid=US%3Aen,The Verge,13 hours ago,💻 The Verge,https://news.google.com/api/attachments/CC8iK0NnNDBWMVZYWlY5SWQxaEdNV0p6VFJERUF4aW1CU2dLTWdZTk1Zd0l0UVU=-w200-h112-p-df-rw,2025-11-21T06:44:12.326366
The FCC is rolling back steps meant to stop a repeat of a massive telecom hack,https://news.google.com/read/CBMid0FVX3lxTFBJbUNza2VyYkJXVmstaEplbGpYYUJEYWoya3FiTGFfdkxEM1JsY25lUV90aFB6cGRvbHhNNkJ6RE9Vc2VfNnYxeEtNMnZ3aGNCNlEwYXNSOEs3NGkwbGJqYmUwMUhOQmVwRGZucG1CYWJ6MXdqV3lR?hl=en-US&gl=US&ceid=US%3Aen,The Verge,17 hours ago,💻 The Verge,https://news.google.com/api/attachments/CC8iMkNnNXZPVXRQTmpONFRsWjRNRWhoVFJERUF4aW1CU2dLTWd1QkFZQWltU09aV1FoOHNR=-w200-h112-p-df-rw,2025-11-21T06:44:12.326367
HBO has renewed its Game of Thrones spinoff shows for more seasons,https://news.google.com/read/CBMisAFBVV95cUxQR1VNSVl3VERCQjhZOTZ0LWJLR1pRX3hJdkF1eTVOaVhfVFRCeC13bS1KeUZWZGl2ZkpqRktvak5IdUREWkNCSmhDbjJOamd5LXlMTnV0ZEo4ZGNYOTYtX1RVeXhoSEFDY3Q2akZKMUVjbmhtS3U2aTFGTXBiODVYNktENUltX0tZcWkyS0xRVWM3Vk04UklFVTVPY01peXl2bU53U2lwSGZDel9mOFBhYQ?hl=en-US&gl=US&ceid=US%3Aen,The Verge,14 hours ago,💻 The Verge,https://news.google.com/api/attachments/CC8iL0NnNUJWRFI2Y3pWcFJubEtTbXB0VFJER0F4aWtCU2dLTWdraEpvRE5GZXFTbUFB=-w200-h112-p-df-rw,2025-11-21T06:44:12.326369
Camera support could be the boost Matter needs,https://news.google.com/read/CBMipgFBVV95cUxQTFZsWXFpdGtvSmZFMXNSb2Q2czZhdk5zc0RnSExqem5pMV9UQ29UTGNVYVBqY0pkNDlOY3hXZThpUnpnVnZ3VTVDdVBfekVJRVJfOUpVSkN4Um9FaHFGNjA0ZFJYVlplRUNxaDlCTnJWMmxxRHhBekRxdzBQcjkzdG5EZThBOWk2U3NNNi1fOHFKQTRMYW5mUWdWclNBZ0l3NEFFaWlR?hl=en-US&gl=US&ceid=US%3Aen,The Verge,17 hours ago,💻 The Verge,https://news.google.com/api/attachments/CC8iL0NnNVpSV3BRWkY5T2FVeHhOWG80VFJDdEJCaW5CQ2dLTWdrQkVJZ25LcWd0OEFB=-w200-h112-p-df-rw,2025-11-21T06:44:12.326370
Everyone should keep this gadget in their car,https://news.google.com/read/CBMidkFVX3lxTE9sM2ZsYThYRTUtVHhwQXV4YUcwSUt1cldXTWE2Sm8yX2p6UjFfVGdiM1hGMHZEWHlrS1hMd05pcXAyc3M4S2pzZkRhWUZvc3BDWDhralpleHVaa1JDRjJaeFRUU0owalQ3MVdFa3V0TmJFZVctT3c?hl=en-US&gl=US&ceid=US%3Aen,The Verge,16 hours ago,💻 The Verge,https://news.google.com/api/attachments/CC8iK0NnNUdVazlQZEhSUVQwSkNkRTVqVFJESEF4aWlCU2dLTWdZQk5Jb0xsZ2s=-w200-h112-p-df-rw,2025-11-21T06:44:12.326372
"Drone News & DJI Rumors: Mavic 4, Mini 5, Neo 2 FPV Drones",https://news.google.com/read/CBMiNkFVX3lxTE5qeXVGNFRZZ1g2Zlg2WHI3Zmo0MHRLSTQ3dHRDLUlHUW5GWDgwMkJuYjhrd1ZRdw?hl=en-US&gl=US&ceid=US%3Aen,DroneXL.co,"Feb 16, 2020",🚁 DroneXL,https://news.google.com/api/attachments/CC8iK0NnNURYMHR6Ym5CWVl6Qk9ZbXBhVFJDZ0F4amlCU2dLTWdZVlpKS3RMUWM=-w200-h112-p-df-rw,2025-11-21T06:44:12.326374
National Guard Prepares for Drone Threats at the FIFA World Cup,https://news.google.com/read/CBMif0FVX3lxTFBlc3JhbkJFVzBlT21vV1hib2NKTWdiN24yLThtb2RTVDdZMDgzaTA4aHhCdTdUbU1panJBRUNhT3ZzeU4zNkh3YnVXVWM0QkY0WTdMTGJRVzRRSlpHMlJ1WmJfdFFGMzRHX043UWpNOEJ2R0llZUR4Skt4S2ZBekE?hl=en-US&gl=US&ceid=US%3Aen,DroneXL.co,15 hours ago,🚁 DroneXL,https://news.google.com/api/attachments/CC8iK0NnNVFXVEUzTW00elRYbDRjbmhuVFJDZkF4ampCU2dLTWdZQmNJYW95UU0=-w200-h112-p-df-rw,2025-11-21T06:44:12.326376
Rheinmetall Bets Big on Code: Major Stake in Auterion Signals Shift to Software-Defined Warfare,https://news.google.com/read/CBMicEFVX3lxTE5pWWx6cjBVVTVUdDRiQXlWS3l3UjV3YklyNUxrVncwM0w5U1Rld0FJcnhqc1pueUN6UjRGT0l0LTM5UXFfdXRaZngxSGRsdzZRNFFsRWIxQXc5SHZpaUluUVlKUlgyenEtUU5YVW1Eel8?hl=en-US&gl=US&ceid=US%3Aen,DroneXL.co,4 hours ago,🚁 DroneXL,https://news.google.com/api/attachments/CC8iK0NnNWFkbkp1VTFkblZrRXlSSEo0VFJEYUJCajlBeWdLTWdZaHNJcE14UVE=-w200-h112-p-df-rw,2025-11-21T06:44:12.326377
Police Drone Spots Manatees And Dolphin In Florida River,https://news.google.com/read/CBMif0FVX3lxTE1oWnVQdlNoS2ttdk5sWlRWREhUd2QyTXJFYzVCNDJyZVAwWk5BUHN2Q0JNY3FFQ1EwcTVhRTRGalBydmJsa25JM0x5UkktZUtqV0VhV19oX3ZyQVZ1RlZza1JGa0pzdU1vRi1BN3JnOWRhejM5OTdGTTBUMldfMlk?hl=en-US&gl=US&ceid=US%3Aen,DroneXL.co,9 hours ago,🚁 DroneXL,https://news.google.com/api/attachments/CC8iK0NnNUJRMmh3UkZoWFdVWlNjMGx3VFJDZkF4ampCU2dLTWdheEZJT1AxUUk=-w200-h112-p-df-rw,2025-11-21T06:44:12.326378
Hydrogen-Powered Heven AeroTech Z1 Joins DIU Blue UAS Select List,https://news.google.com/read/CBMipgFBVV95cUxPV29FdXBndkZnbUVENW11VU8zOVMwTEpzR0UxRVRrVlRHdGQ4OWRhMEl1ckZjYkVPS09BN1VDNi1qeG5kanNseXQ4QXhzZTdHbXl6MXQtQ0F6aTNMbjFmWllITFJjTFZTbmJnMElFMnN2RW9NMHhLVjlIcUhybG5BNDdEdW8wbkEyZU5GcmRRMUJrLURjUEpUUkRzYlZFTlg0dm9FR3JB0gGmAUFVX3lxTE9Xb0V1cGd2RmdtRUQ1bXVVTzM5UzBMSnNHRTFFVGtWVEd0ZDg5ZGEwSXVyRmNiRU9LT0E3VUM2LWp4bmRqc2x5dDhBeHNlN0dteXoxdC1DQXppM0xuMWZaWUhMUmNMVlNuYmcwSUUyc3ZFb00weEtWOUhxSHJsbkE0N0R1bzBuQTJlTkZyZFExQmstRGNQSlRSRHNiVkVOWDR2b0VHckE?hl=en-US&gl=US&ceid=US%3Aen,Dronelife,15 hours ago,🚁 Drone Life,https://news.google.com/api/attachments/CC8iK0NnNXFXSEZUWkZsRlpVaHdUMEpuVFJES0FoajBBeWdLTWdhaHNZeXR2UVU=-w200-h112-p-df-rw,2025-11-21T06:44:12.326380
decentralized drone imagery network Archives,https://news.google.com/read/CBMib0FVX3lxTFAteFh6LVAzTEdpZHBWdDdNLU9nLUR3U3U1OFVHN2ZSbVVoVE8ySDd5YkdkX1FadnY5RTdBcFQ1OW05ODgxM1BqX2RXSHFnME5PcVRzODBCUTJlay1KUGVxRV9LMWplOW1wTm81dUFCdw?hl=en-US&gl=US&ceid=US%3Aen,Dronelife,14 hours ago,🚁 Drone Life,https://news.google.com/api/attachments/CC8iJ0NnNXpVa3hyVkZKT09GcGtOR2xmVFJEd0F4anFCQ2dLTWdNZElBYw=-w200-h112-p-df-rw,2025-11-21T06:44:12.326382
Drone News Archives,https://news.google.com/read/CBMiVEFVX3lxTE82SEFHSlN2ZFYxc3BBQmU1Y25aWG5KVDNaOUNPbnVxT2UzTmxJVGV5SXpaTmdLRzE2U0p2NTI0RnNERjM1TzBKRnJqcGREV0FZVE1nZA?hl=en-US&gl=US&ceid=US%3Aen,Dronelife,"Sep 12, 2017",🚁 Drone Life,https://news.google.com/api/attachments/CC8iK0NnNVJObmt5TTJKQkxUSmpNbVJuVFJDc0FoaXNBaWdLTWdZUndJN0xQUVk=-w200-h112-p-df-rw,2025-11-21T06:44:12.326384
Regulation – Page 234,https://news.google.com/read/CBMiZEFVX3lxTE5hZTZwekQteXVsQjJWTTg2blY2MFVkenQxaDVxYjQ4REo4QkhtbEx1cExRWEZrTGxnUDRSV2wyN2t3bk9oN0l1Zk95UUgzdkc3ZW91WUNSSXB4ZVd4dXRYb0ZWVTg?hl=en-US&gl=US&ceid=US%3Aen,sUAS News,20 hours ago,🚁 sUAS News,https://news.google.com/api/attachments/CC8iK0NnNTJWMHhuVFZKdmEyVnJZemhOVFJENkFSaXNBaWdLTWdhWk00aHh3UVk=-w200-h112-p-df-rw,2025-11-21T06:44:12.326386
Event 38 – UAS Deployment Specialist,https://news.google.com/read/CBMid0FVX3lxTE42dUc0ZXZvdjBVTGZxZGFrX09rR21uN203Nlp5YmZoNk5uUEVwSDVYVW0zbFI0dzduWXRIdVFha0Y5Z3QxdWI0a014Wk9OS090YUVaMkJjaVZOcG5SaVNvbjhVSEw0Q1pQd2prVXRLMU4tOUN1RFVr?hl=en-US&gl=US&ceid=US%3Aen,sUAS News,16 hours ago,🚁 sUAS News,https://news.google.com/api/attachments/CC8iK0NnNDVlR3hUVFUxWVFYRm1WRWxJVFJEckJCanZBeWdLTWdZUklZeW9SZ1U=-w200-h112-p-df-rw,2025-11-21T06:44:12.326388
The Observers - Gaza faces Israel’s ‘yellow line’,https://news.google.com/read/CBMikwFBVV95cUxOMFZHMjMtTmttZGhydktEQlB5SmVUbVZZM3JrZnlINVZ4U1Y4Z0E2WExBeGUxSDNlZEU0ZFVjamhsVzlGeU5uSjVKSC1RSU8wNEY3a0JYZUhkS1RWMU1ON0Fjam16WGgyOXdKYzBwTWFOOXg4Y01HNFFSMEY0SHpwdVlZWWtYektPaEkwckpyZkdwd0U?hl=en-US&gl=US&ceid=US%3Aen,France 24,14 hours ago,🇵🇸 Gaza Drones,https://news.google.com/api/attachments/CC8iMkNnNWhaVlZRUTJwU1JsUmlWV1ZJVFJDZkF4ampCU2dLTWdzSkFJVExCV3M4Q2lyVnNR=-w200-h112-p-df-rw,2025-11-21T06:44:12.326390
"Israel, Gaza: Exclusive: Inside An American Mercenary Group Accused Of War Crimes In Gaza",https://news.google.com/read/CBMixAFBVV95cUxNOHl2VkliUzBHVk9LLW1EUklJeG5OT1cwaTVhR280Wms4Q3YyMWg2ZVdmMmhhTUxRaGVzR21zdFRYUS01UUxHbmlJczlUd1ZyVXItNjVnaEFjeUQtME0zNW01REFQdmFpSkUyMzVqUFNILUdWUWlZVmtIUUtoMGRpNWJUeU9JNVg3eWJaVmVuN0p3UkJKUmNyYlVMTWxxUmxhNkVqZXl4N3lFZkJIdWZmdjF1THZ4Z0dOZG4ydWktaThsaVZL?hl=en-US&gl=US&ceid=US%3Aen,NDTV,3 hours ago,🇵🇸 Gaza Drones,https://news.google.com/api/attachments/CC8iI0NnNXhRa010VnpScFFsbFhZaTF5VFJDN0FoaXdCQ2dLTWdB=-w200-h112-p-df-rw,2025-11-21T06:44:12.326392
Israeli drone strikes in southern Gaza kill one; Palestinians say airstrikes the previous day killed 33.,https://news.google.com/read/CBMibkFVX3lxTE1EejFMRkR4dG1IZ08wd2pLemE5MWZ6Ul9nWW9rYWh4VnZOd2NmRmg5cDlZQTVFLUJTSjJGQjJCWHd2b2RUTHRIRUN5UEZ3TUtJak1pc3ZOZGQ0bEd4Z0NMajFSWlB2eDBialE1dmpB?hl=en-US&gl=US&ceid=US%3Aen,news.cgtn.com,22 hours ago,🇵🇸 Gaza Drones,https://news.google.com/api/attachments/CC8iK0NnNVVkRlJ3Vm1WVlUzTnJibmd5VFJEOUFSakNBeWdLTWdhQmdveEtSUVU=-w200-h112-p-df-rw,2025-11-21T06:44:12.326393
"Dozens killed in Israeli strikes on Lebanon, Gaza",https://news.google.com/read/CBMingFBVV95cUxPOHlUcnptM3RwLXdWR3pPLWNTTFh0MkhGUDhUR2FzVjBreFVLV3lndlk3YkIxTlBFaHJ0Vzg3cXA5QzI2M3ItcnV6X1RDdjNOd2t2am5nenM3OF9nSXpzUGNjVXFWQkNrTFhKTDMyamhoSl83bTJZRjVQUjB5VVJ5ekFiVUtDMzFjMmNRTnEyTmdmWnc2eHl6T040bmpmZw?hl=en-US&gl=US&ceid=US%3Aen,The Arkansas Democrat-Gazette,21 hours ago,🇵🇸 Gaza Drones,https://news.google.com/api/attachments/CC8iMkNnNXpWVkZ0Wm1sRFUwcEtUMU5QVFJEaUFSakFBaWdLTWdzQkVJaUdvU005VWxtMFln=-w200-h112-p-df-rw,2025-11-21T06:44:12.326395
LIVE BLOG: Israel Kills and Wounds Scores in Gaza as Raids Intensify in West Bank — Day 776,https://news.google.com/read/CBMiwgFBVV95cUxOeW5GLXJOTHB3X0p5WVNCTmNfZ0pHUmhJc2plTHlvcERHREJkZDE2dV92M3ZHbUlyd3pjMjcwTlhBVk5ZYnMwZzFuQ3NBYzA4cVBlTFVHWWNYTkI2SFA4OXhkVjE1RDllZHgwdzB2VjhsREhIVTg5cHRIam11SmI4ZFFETFZDMDFCS1lsY1Z1cjNlRTFNdmxJd3RFREJMNjh0T19XMm1UaW9PVWJpMXBKT1NDeDNkajNRM093R3dMUmg0UQ?hl=en-US&gl=US&ceid=US%3Aen,Palestine Chronicle,11 hours ago,🇵🇸 Gaza Drones,https://news.google.com/api/attachments/CC8iMkNnNWZhak01YzNsa1RGTTFlSFZYVFJER0F4aWtCU2dLTWdzQkFJU3NvQ1E5SmRzZU5n=-w200-h112-p-df-rw,2025-11-21T06:44:12.326397
"Israel’s military carries out strikes in Lebanon and Gaza, killing dozens of people",https://news.google.com/read/CBMikAFBVV95cUxNd29ST1A0UHZ1THZOTC1iSF9sZEtBTXVkcmVWdkhheUkzdV9OZ1AwU0ZZNmNlNXIxWVVhVHZ3V3hNWVdMMWhMeWN4aF9fMHBzaVRIYVNta19MTlFfZjU3bjVTdVF1NGRITXRKejkySjNCRktwUVNmRExPWVMwSUJvbjZWYkV6VHJlX0E1V3lrVy0?hl=en-US&gl=US&ceid=US%3Aen,Hot Springs Sentinel Record,20 hours ago,🇵🇸 Gaza Drones,https://news.google.com/api/attachments/CC8iL0NnNDFNWEJaTmpBM2VHcGFVamt4VFJEVkFSakFBaWdLTWdrQk1JZ3F0YU10cUFJ=-w200-h112-p-df-rw,2025-11-21T06:44:12.326399
Violence erupts in north Syria as SDF accuses Damascus of ‘facilitating’ ISIS drone attacks,https://news.google.com/read/CBMiuwFBVV95cUxPYVB2Skh3UC1PRkthTk8yMnVhSG1wZmtoNEtUYVlGTVhLRHlaOGZZX2RucTMtY1Y1YnI4OEZWV0xjMm9JcVJEY1lRLTBqSjA3akU2aHF5MENlU2RBWVZ6V0tJRWliU1BVMXZWSWxCVGsyNktjY2xHVkQ3SjZOMVYyRUs3N3A1cG9KQTdNa0xkcmlCNkVDc3Q2M05PYlJOZmVIZExyVW5nX21kRXdhN2prclpib1NuQklzaklN?hl=en-US&gl=US&ceid=US%3Aen,thecradle.co,18 hours ago,🇸🇾 Syria Drones,https://news.google.com/api/attachments/CC8iK0NnNTJkMVV5VGtwZkxXbFhjV1Z3VFJDZkF4ampCU2dLTWdhQmNvNEN0Z1k=-w200-h112-p-df-rw,2025-11-21T06:44:12.326400
SDF warns of ISIS regrouping via Damascus links,https://news.google.com/read/CBMibEFVX3lxTE1mbERtQTFXbEt1MWpzY3phZmZJR1VyUDMwMk1YaDVackJmUjhocWVwd2syXzdyVDNiTXlBakVDSXNPaUNMTldyNW9EMWYtLU56MU9wMHVEa0sxNDNZOXJTRF9MUWJXQ3A2TUhBZQ?hl=en-US&gl=US&ceid=US%3Aen,The Jerusalem Post,16 hours ago,🇸🇾 Syria Drones,https://news.google.com/api/attachments/CC8iK0NnNW1UM2xLZG5rNVFXUnVZWFJhVFJDZkF4ampCU2dLTWdZRlFaQW9MUVk=-w200-h112-p-df-rw,2025-11-21T06:44:12.326402
Syrian Government Condemns Israeli Prime Minister’s Visit to Troops in Southern Syria,https://news.google.com/read/CBMiwwFBVV95cUxQQ3AyNVFNdG5DS3l6Mi1BQ1BxSkVUXzRDNGdCRTNHaXl3eXFYVU1kMWdxMHVWeEdvOS04WTVROElIYl9GTk5sNkU0Vy1LSDBtQV9KMTk1QklkSGVSNEJHdndrd210cnZOV1U5eWRUMjFDWFVBblp3RTlhZkttQ0g4a3p5c0tnUTFwZk05VVVTaEpEYjlYcGVteGpQZW8xQjlYaUZlNnBQcWJZMVg4TjJabWRadFlnaTdySVFMUVFUQUo2UjQ?hl=en-US&gl=US&ceid=US%3Aen,Foundation for Defense of Democracies,10 hours ago,🇸🇾 Syria Drones,https://news.google.com/api/attachments/CC8iK0NnNXJTSE5TWldGVU4yVTBiR1pqVFJDZkF4ampCU2dLTWdZTk1JNW5KUWc=-w200-h112-p-df-rw,2025-11-21T06:44:12.326404
SDF shoots down two drones launched from areas held by central government,https://news.google.com/read/CBMitAFBVV95cUxObnlscUJ1SEY5dVNMRHQ0bTN6ZGRTRDUxLWFJazYzSlMwYVllV0xyMFpTWlF5czJIdDVxNXFWcUlHcXUtcVY0ekJQYnBqVW5VMVVyWFFJNGNRZWx3U1Jib1g3azZfc3EtRlZUUGJxc0lJOXVLOG5Ha2JsLWx2Tmw1MjdGNGN2Y01VekNUODlac291ekh2V0dHdEI0R1FUdjM3Z1J1UE54RURyTDcybHlNai1wVE0?hl=en-US&gl=US&ceid=US%3Aen,SyriacPress,17 hours ago,🇸🇾 Syria Drones,https://news.google.com/api/attachments/CC8iL0NnNXRaakpuTjNsblVXUnZhRzFwVFJDWkF4anRCU2dLTWdrQmtJSllzR1ZybUFB=-w200-h112-p-df-rw,2025-11-21T06:44:12.326406
Syria Condemns Netanyahu Visit to Israeli-Occupied Southern Region,https://news.google.com/read/CBMitwFBVV95cUxONGpoWHFnWHVqaTY2dld3U1dScldaSVgwVFdrVEhDUi1IWkM2akxlR1hqd2ZrbGp1TXQ5Ym5ETkZNREs3VEptSVhYZ1VTUnhicllWSW9pX0N1ZjJKTlRHUE9RMUx0cG5XeG95ZUNoQVVXSk1vaFZ0RjlCYzBxRF9YbDJWbndyYjdYMjJPbHVTQVU2LTV2d1pPcGM5cW9zYnMyNFpjTlNld3RiYUc4NDhkNTdPTTlYRTg?hl=en-US&gl=US&ceid=US%3Aen,Democracy Now!,15 hours ago,🇸🇾 Syria Drones,https://news.google.com/api/attachments/CC8iK0NnNHdSVkJMYmxWeFpGZHpSVXhuVFJDZkF4ampCU2dLTWdZbFVKVE1xUWM=-w200-h112-p-df-rw,2025-11-21T06:44:12.326407
Amid exchange of accusations and escalating drone attacks | Fierce clashes leave six fatalities among governmental forces in Al-Raqqah countryside,https://news.google.com/read/CBMiSkFVX3lxTE8zVzZJRFNpYzN3ZUdoQnFaUzc2TEdtRS1ZLTBpTGF3VkdibmN0SnJ0dmdpWWI5bUd5UFpSbkZ1NFZoVmVyLXBKMmRB?hl=en-US&gl=US&ceid=US%3Aen,المرصد السوري لحقوق الإنسان,22 hours ago,🇸🇾 Syria Drones,https://news.google.com/api/attachments/CC8iL0NnNVNWMVY2VHpGVmFGWkxWakl5VFJDZ0F4amlCU2dLTWdtQllKUUJzeWRFQ3dJ=-w200-h112-p-df-rw,2025-11-21T06:44:12.326409
"Damascus, SDF trade blame over Raqqa violence, ISIS drone attacks",https://news.google.com/read/CBMiZ0FVX3lxTE1TeVQ2R3FTZGFUTktBamhsZmVDRlllTUJzMlJDUklNbzZTZnVvQktLM09kQ0F6SXF1a0gtMWMybExVVUlJcG9NejQ4RzJTcDZtN0Nwb1NWZkM1VzVwc0JUd0ZWWHRTdjA?hl=en-US&gl=US&ceid=US%3Aen,rudaw.net,22 hours ago,🇸🇾 Syria Drones,https://news.google.com/api/attachments/CC8iL0NnNXNXbWhxVWpabVNUTmZRMUExVFJDeUFSaWJBaWdCTWdrTm9wQ211aVZGcmdF=-w200-h112-p-df-rw,2025-11-21T06:44:12.326411
Syrian Kurdish commander says his forces pose no threat to Turkey,https://news.google.com/read/CBMisAFBVV95cUxNaXhCMXZ0ajhpc3FHRGhWTzRabWxKMEpBOS1OdDRPNVYyZTlpamRhR0xlLXNrOU51bEFUc1pCcDRXc0xQSWo3WS1VNkFMaFRmVkNXaVNYNXdVck55RF9PUzdWZU4yZEpvVjJaMnZmLS1yclA5VmRkS1RjM0NSNjF3QzRSMGVzVm40NWhOSU9MSGN3dk0tLUJja2JVdFJHVWViY1hybEhYdy1md0FGUG5zWNIBsAFBVV95cUxNaXhCMXZ0ajhpc3FHRGhWTzRabWxKMEpBOS1OdDRPNVYyZTlpamRhR0xlLXNrOU51bEFUc1pCcDRXc0xQSWo3WS1VNkFMaFRmVkNXaVNYNXdVck55RF9PUzdWZU4yZEpvVjJaMnZmLS1yclA5VmRkS1RjM0NSNjF3QzRSMGVzVm40NWhOSU9MSGN3dk0tLUJja2JVdFJHVWViY1hybEhYdy1md0FGUG5zWA?hl=en-US&gl=US&ceid=US%3Aen,Turkish Minute,16 hours ago,🇸🇾 Syria Drones,https://news.google.com/api/attachments/CC8iK0NnNDJZVWx1WmpsS05HTXdSblUxVFJERUF4aW1CU2dLTWdZNW80eFNPUVk=-w200-h112-p-df-rw,2025-11-21T06:44:12.326412
"ISRAELHAMASWAR. With the Emirati proposal for Gaza, Sudanese Rapid Support Forces would patrol the streets of Gaza City. Escalation on the Lebanese and Syrian borders: Israeli jets strike Russian and Turkish barracks",https://news.google.com/read/CBMiwAJBVV95cUxPVEYwVHh2SDVqNUl2aXRFTjJ0UmdSWFViUmFIQ0xBSUZzbFJXZmtmV0d5Y0xTUDNaLXRVWVdMZDhhUVlBSFZxcU1Bc05ZQS15c1ZOVW5CVWh6NENtekRaWXpFUEtKQnNNT1dDcUo5NlNTa1Y5WllHQVBuMGlSMk9QYTBTbEVPYTZzcDZvZXg2eW9CMkN2S0RuN3IxZE9WYXN0Sld6RGJhX3V6cGFOQnE3bDR1U0EyVjZGb1c0RjVJMG94N1hYSTBHY29KM0doV3JuM3dLLVY4V0VZWHJuY1dIMzdrSmpFdUxvUjVJWjFfWEdlUURzZkxTVV9OYlhXU3J0eUxvaXFnbm9kaFZtQXpPYXA3VmNkTVFvQWJodEhyNHdVYU1venY1di10LVl3UG1pU1N1WEFJOERfdkg2NUdrdg?hl=en-US&gl=US&ceid=US%3Aen,agc communication news,5 hours ago,🇸🇾 Syria Drones,https://news.google.com/api/attachments/CC8iL0NnNDRhWFZCZUZZMk1VMW1NR053VFJER0F4aWpCU2dLTWdtWlVZWXRvZU0wdVFB=-w200-h112-p-df-rw,2025-11-21T06:44:12.326414
Two Syrian Soldiers Killed by Kurdish Forces: Ministry,https://news.google.com/read/CBMihwFBVV95cUxNbzVhZXFLQkFid3M0MXVVdmY2ajR0UVVEYVY0OEFKTjRRUExYa2tvSVY1cVZkbEpBTHcwWmp3Z3dDQmM1azRzS1pzalBENENCR2FzbmFCMFJ4MUZNS1hPYV9jQk14Zk51aFlUMk5ZTmxFamRiMmNuSTRDQW14c0NIX2VGTWk1bmvSAYcBQVVfeXFMTW81YWVxS0JBYndzNDF1VXZmNmo0dFFVRGFWNDhBSk40UVBMWGtrb0lWNXFWZGxKQUx3MFpqd2d3Q0JjNWs0c0tac2pQRDRDQkdhc25hQjBSeDFGTUtYT2FfY0JNeGZOdWhZVDJOWU5sRWpkYjJjbkk0Q0FteHNDSF9lRk1pNW5r?hl=en-US&gl=US&ceid=US%3Aen,The Defense Post,20 hours ago,🇸🇾 Syria Drones,https://news.google.com/api/attachments/CC8iK0NnNUZZMnA2WkY5T2JFWk5RVVZIVFJDZkF4ampCU2dLTWdZZEpJeUtuUWs=-w200-h112-p-df-rw,2025-11-21T06:44:12.326416
"US must speed up arms deliveries to Taiwan, create stockpile, Senate hears",https://news.google.com/read/CBMizAFBVV95cUxQVnhIRnBrV0tpSVkwVFdNajZGLWRULTlBakduN3VkcFJkTnA1a1lYM3BFYWQyZDZRRmZjZ3RkcVhUUHhMdzBYWUgwSFBxX2NJRW00SmQ2YXZuakJrbjU0WjByNnFENWtGODc4UF9RMlJ1NjlPRWNobmNMVFVKV0pNRGZUYnJQbmRqYjN5bDBDcjA3UU5oTlNzb3JjdmM5R0J5TG9wX0hOZ1VpSGN3eEF3OU1ydEJBeXhvdWFwbG1rZzhzM2VMY1YtczhXdELSAcwBQVVfeXFMTmk1WnFsQWRib1RFeTU0Zi01cnhlc0pKSkdpd0ZDOVlnTl9DUkI5dGR4RmQtM2RuMnExcXMyQzE1aG9SOFZ6VnFKUEVmcXAyWTJUN1VKVTl3T0F3ZGZnV1Bjb252YTRKa2xUbHlROXFwZ08wOFNaYl8tUGNyRnVYdVpZU3ZTdzZpNklHNjFNWnVOYUJHX1NxcGtEVUcyZHBlUUVBZWh4al9TeU1GX1Bpb2ZTd2VxeEUzdk5sYjBySWRsRjNlSUtUYnB6R01J?hl=en-US&gl=US&ceid=US%3Aen,South China Morning Post,7 hours ago,🇹🇼 Taiwan Drones,https://news.google.com/api/attachments/CC8iL0NnNDFPWGROZFhCV2MzWkxZa1J5VFJDUUF4aThCU2dLTWdrQnNJNjJQQ2E1a0FF=-w200-h112-p-df-rw,2025-11-21T06:44:12.326417
Taiwan's leader shows solidarity with Japan amid standoff with China by wielding a plateful of sushi,https://news.google.com/read/CBMiekFVX3lxTE9TUXVoQjVzN2syU00xdVhMRDBwOUs3YjEtbVBoTWtDY0VmM25NTXdkZUMwQjc1QXRXVzliaklLZi1kSzdOcVl1TkNzY3FTd09tYXlkYVdMMThvME00WnFQZl9JY3dmbzBHSHNxZ0FNLXdzem1UN0o5MGRB0gF_QVVfeXFMUEJ0UkZpTTV6MEFlb0d4NUQwNzZvVzJ0OWhyaGJ3cEZmMGNIYWJVb0twRmx0SU9teEdGZ1RvRVgtSUhCQTBDVC1RUk9tWmx3a19NRHB4ZDMwM2kzWVV1WVpRWGt0RmVvaXdDUi1CUld1ZUE1Nk9JV2Jyc2JTT1N6WQ?hl=en-US&gl=US&ceid=US%3Aen,CBS News,19 hours ago,🇹🇼 Taiwan Drones,https://news.google.com/api/attachments/CC8iL0NnNWpTWHBxTkZGT1ZIVTJkM0ZyVFJDUkF4ajhCU2dLTWdtQklaS21udWt0eFFJ=-w200-h112-p-df-rw,2025-11-21T06:44:12.326419
Taiwan's US$1.4B ambition to build a global drone hub takes flight,https://news.google.com/read/CBMinwFBVV95cUxPc01QM1NLamZHYm1IVEU3dGhRQ1RpalVibDV6bUFXQ3JQM2xaM1ZoejFXMnQzYzVaR3hMM1c4aEdSTW5YRGhGNmFYN1ZaazF1OGxEWEJkMGI0YU1EWmExaGNvSG1uV3JnTnMydUpXSnhYLXlBbG45d195bGFyOXdwZmZNeUc3UjVlbXJ3WllseDluUkNXSXRXeFNnSGYtdkk?hl=en-US&gl=US&ceid=US%3Aen,digitimes,6 hours ago,🇹🇼 Taiwan Drones,https://news.google.com/api/attachments/CC8iK0NnNDBhemRtY0ZoclJVODJTaTFVVFJDckF4aUFCU2dLTWdhQlVZWWdKZ1U=-w200-h112-p-df-rw,2025-11-21T06:44:12.326421
Taiwan drills U.S. Altius-600M loitering munitions in first public training,https://news.google.com/read/CBMivwFBVV95cUxOOE5yV19yTjFyQXExaWx6RmdJNjNpUnVlbmlzT2lGczJKMFNuaXpNQ19tMTFqcGlVT2puR1Q1RmdMQ0E2QkFvTVhEdWNsa0htVDdLTUE1WWpUVTk0Zy1JdldENFdvMEhUbzhrN0RzWlRzdXNUd0J0Y2ZVT0NMT3IzWHBiT0tKc05GazREa2FjMmM4V2g4SFVHWU1vUTBDQWd6YmpkSEw4SkFwV18wSlJPZDl0QzlOV3hFbjd5N0VwNA?hl=en-US&gl=US&ceid=US%3Aen,Army Recognition,16 hours ago,🇹🇼 Taiwan Drones,https://news.google.com/api/attachments/CC8iJ0NnNXpRMVZGWVU1bVUzTmZhbEphVFJDM0FSaVRBaWdCTWdPQkFRZw=-w200-h112-p-df-rw,2025-11-21T06:44:12.326422
A Taiwan war would be global,https://news.google.com/read/CBMia0FVX3lxTFBINlhtN3A4LTdoQzZENXBaNzFtTjlyOTRXbUdURXZ1WVdfN0hxWkhHcVkwQkFORlc1dzM4WjRrb3JGYW90VVBKOVg5TFBqR3lPOWRxSGoyYTNlaXpHTWxDbFlEMTFhOEM4SjhF?hl=en-US&gl=US&ceid=US%3Aen,The Australian Naval Institute,3 hours ago,🇹🇼 Taiwan Drones,https://news.google.com/api/attachments/CC8iK0NnNTRSRGxTVW1welNHcHJOR2hOVFJDSUF4aU9CaWdLTWdZVk1ZRE5VQUk=-w200-h112-p-df-rw,2025-11-21T06:44:12.326424
A Shadow War in the Global South: Are Kyiv’s Operations in Africa Paying Off?,https://news.google.com/read/CBMiyAFBVV95cUxNbXJYZVdDR01uenZlVEFiSVpWdU9WeXNuN29qQ28yQUEzUU5GYlhfSnI3X09fM05mYUFoZWNudFZ1REF4ZkdpS0FFbm5nYUgwTFBNRjJ3dzh1RnZTRWo2SkNBNmh2SlE5dkQzQmthel84dU9kaUNSRDVpMGh6TFZsZWFGSjBqTmRKSVhJQWhrblFoWUg5NUlxY3NtNDRtNzR2bjVERUtFRlZjSmdLX3JQcWluYUdNcEEzNXVZSldMR0RUalhJUFdodA?hl=en-US&gl=US&ceid=US%3Aen,Carnegie Endowment for International Peace,15 hours ago,🌍 Africa Drones,https://news.google.com/api/attachments/CC8iI0NnNTVNRmh4ZWxSWk9VODFjM1JNVFJDWUF4andCU2dLTWdB=-w200-h112-p-df-rw,2025-11-21T06:44:12.326426
Devex CheckUp: US pivots to market-first health approach in Africa,https://news.google.com/read/CBMipgFBVV95cUxNdjJ1cGVuRmJWaGFxVVlvWXY0OUZGV3J0VGFlMHpGSXBuNmNGeEtqajRocHRRakI3YnBVLW1wU3Qyd3A5ZF82NkZVbE8xMnBrOFU1YU42ZjhldmdJWXRFRl9kbmpDMlNrNDNZcEVsVERDUWkyQnc2dGp4R2xweEVJSzA4bTlaSHQtNkM2QnI4ZURRcEMtVlg2N0E3UU5nRy1kb2dUaVpB?hl=en-US&gl=US&ceid=US%3Aen,Devex,9 hours ago,🌍 Africa Drones,https://news.google.com/api/attachments/CC8iL0NnNXZURXRDTkVNMlRYVjVhVEU1VFJDakFSaTBBaWdCTWdrQklKTGpybWMxcEFJ=-w200-h112-p-df-rw,2025-11-21T06:44:12.326427
WATCH | Milkor’s 380 UAV military drone tech puts South Africa on the G20 radar,https://news.google.com/read/CBMizAFBVV95cUxQN3NTM2M3SENJTW1HMjNEMXg3Q3ZZNVpTTEFqSkhQN281NW13cVhqSml3ZzU3SmxpR1RYeU9zaHhYQzMycFZ3OVBKb1M4aTVCYi1uRjNYUkYtMmVMTVJ5ZlFpckZWUEp5Wmd5T2tXTE9ESFQ2UzZ0R3Fhb0E3eEtrSy01TVU4NzJ6Y2psSDdqTXJ5b3czY0xGTkh6aFp1bHJDOVVETDN0dGtvLWJBZjNvTlBUdlZzYkpySjJETTlMOHFkUXFtMFM0ZVd1ZU4?hl=en-US&gl=US&ceid=US%3Aen,News24,2 hours ago,🌍 Africa Drones,https://news.google.com/api/attachments/CC8iI0NnNWhhM0ZCVGtKM09WTjRWemhXVFJERUF4aW1CU2dLTWdB=-w200-h112-p-df-rw,2025-11-21T06:44:12.326429
How SORA Technology is fighting malaria in Africa using AI and drones,https://news.google.com/read/CBMif0FVX3lxTE5TWWlXSmZuWURjTzJMSGtNSHVwUjZLVmxuYlJ1djY5ek1URmNSclNwdkZKY0FpbVlzelM1UDBmOU4xTlN5TnBKZmJQMENJQ0pzZl9zaFBva1NiYnNEVkxNa2NqcEhYcVFMVkw0eWNfM3BNWjQyZjgzODRPalJGM2c?hl=en-US&gl=US&ceid=US%3Aen,TechNext.ng,22 hours ago,🌍 Africa Drones,https://news.google.com/api/attachments/CC8iL0NnNUZlbWRvVWpGVWFHSlBiMHhrVFJDZkF4ampCU2dLTWdtQlVJb0N0cVExU1FJ=-w200-h112-p-df-rw,2025-11-21T06:44:12.326430
Hegseth meets with Nigerian official at Pentagon following Trump threats,https://news.google.com/read/CBMirgFBVV95cUxQMm5iWE1iSjAzMVJBVHNXRG14c3F1bldCWmRlVUhGU3F2bDJMYUJnUmZGLVJSR1FwRVZUblNEb1lSRDBXWVh5OF9CaXdZaFlJdl9uM3AzRzA5czYyU0RMZWxuSk54M0E2YkU4WTJHMm5JeHNHMzd3dDFvQkdsZlQ1MnJPeVRreDh2cmctaFpRZUxEdUZtZVRwU3ZWaU5SYllDZWZDQkt5R3I1TW14M0HSAa4BQVVfeXFMUDJuYlhNYkowMzFSQVRzV0RteHNxdW5XQlpkZVVIRlNxdmwyTGFCZ1JmRi1SUkdRcEVWVG5TRG9ZUkQwV1lYeThfQml3WWhZSXZfbjNwM0cwOXM2MlNETGVsbkpOeDNBNmJFOFkyRzJuSXhzRzM3d3Qxb0JHbGZUNTJyT3lUa3g4dnJnLWhaUWVMRHVGbWVUcFN2VmlOUmJZQ2VmQ0JLeUdyNU1teDNB?hl=en-US&gl=US&ceid=US%3Aen,ABC News,8 hours ago,🌍 Africa Drones,https://news.google.com/api/attachments/CC8iK0NnNVZZVTVHTWtKZlQzTkZNall0VFJDZkF4ampCU2dLTWdhNWM0WlJ1UVE=-w200-h112-p-df-rw,2025-11-21T06:44:12.326432
Discovery off Aussie coast sparks war of words between locals and Canadian company,https://news.google.com/read/CBMi0AFBVV95cUxOaVROQWRta2ljNjB5d3V5eEVraUFBZDZ1aDFuR295bVRZM2c2NVMxc0VuVlV2dHdkNHFfS01YUWhjdWZqLURiSTZ4MVJydFJfdktHdVZtNEFqT1NMOU5DZHZVVjEyazgtMXNRRC1mWmlCbkg2OXY0dHdCSUpBU2FyR0lrT2o0VW1HbUNmT1h4MF9ZOENteVE4STRFc2pRaXlLR1czNFZOV3ozc0ZzNE4xRGdDcDJZSXNTREhXVGdrZjRtTmZ3WTBlakxuRzRHQkkx?hl=en-US&gl=US&ceid=US%3Aen,Yahoo News Australia,1 hour ago,⚠️ Drone Incidents,https://news.google.com/api/attachments/CC8iK0NnNHhjbVpFU1Zkb1FqRXhUM0pvVFJERUF4aW1CU2dLTWdheG9Zek9PQVU=-w200-h112-p-df-rw,2025-11-21T06:44:12.326434
Fact-checking Europe's 'drone problem': Why are airports closing over drone sightings?,https://news.google.com/read/CBMiygFBVV95cUxPVXU3NUhTcG1Wdk9ZUVNqMlR2bWMzTFd1UTVjVTZVSlB0ZE9yalFNRzl2WkZqaC16M3d3T05vUkNhU3hXWkZDVXp0WkRPNW9Cd0lVVWNIblhSU0dDVVRONzVINzVYWmZxbWQ0eU51NG9IMDhRUnNEVzdsTTFsSjB6czdxSnlqS1dkM045X3JMemNrSzJZbldKOWVIRlpCTGlueTMxZEVaQ05OOTJlSWxKMDRNX1hGS2lwbnl4YWdUT1J0WWtuSEhkWEx3?hl=en-US&gl=US&ceid=US%3Aen,Euronews.com,16 hours ago,⚠️ Drone Incidents,https://news.google.com/api/attachments/CC8iK0NnNUhTRmxUTVRkd2IyczBaMmxSVFJEekFSaXdBeWdLTWdZQk81WkRId2s=-w200-h112-p-df-rw,2025-11-21T06:44:12.326436
Moldova summons Russian ambassador over drone airspace violation,https://news.google.com/read/CBMingFBVV95cUxQVmhmb2UzTGQ1bHVGQTBYcEM4Zmx2bUQ0Y3E2aDItTVJEQUNaZVJaR2FocE9pMVhKMmFnNFlRYVlHREV5WjAtWWh5MTBDOGlfckE4SGY1M2FrZWFHYW1pWTYwZU1RT216WXhJMER5WVZYVHZna2s4eWJPcFZhZGhDS1lwazc2Z0RuYU5JWjdDaW1VRHprZkVPaDVXVjdId9IBngFBVV95cUxQVmhmb2UzTGQ1bHVGQTBYcEM4Zmx2bUQ0Y3E2aDItTVJEQUNaZVJaR2FocE9pMVhKMmFnNFlRYVlHREV5WjAtWWh5MTBDOGlfckE4SGY1M2FrZWFHYW1pWTYwZU1RT216WXhJMER5WVZYVHZna2s4eWJPcFZhZGhDS1lwazc2Z0RuYU5JWjdDaW1VRHprZkVPaDVXVjdIdw?hl=en-US&gl=US&ceid=US%3Aen,Букви,15 hours ago,⚠️ Drone Incidents,https://news.google.com/api/attachments/CC8iK0NnNUdlVmRpZUcxbVFqbHZkMk55VFJDZkF4amlCU2dLTWdhQmM1Q3RzUWM=-w200-h112-p-df-rw,2025-11-21T06:44:12.326437
Moldova hands Russian ambassador a note of protest over drone strike,https://news.google.com/read/CBMiqwFBVV95cUxPT19LVWkxVlF1bS1SUGlKd2ZiUFNDZmpCTWZ4VnlOZzduaVo1cjdGRWxEY2tSOFdwNVdNRmVfamtEN3N2QjUwTzVyVzhGN2lBWGdhSnlLM2FhbXlQWnRkME9JREdzdnFmMHdhVE9FTzc2VVJnSEIwaUpTaFJ2akhqUUVndVNkM2tSTUtsU3pxSHVJamdNLWxkWlZUdktweDNVVF82Ui1RM1IwbTDSAbABQVVfeXFMTnZYTml4X0VfcEVvaHctY3BycUYwa0RRT2tKcnlyM2lVMkV6VHlkR25JM2Q4dUlrLUtFb2lwU2otdllNUUMxMllLZ2FZajNGME5CSG1uM0pNTzdyeDdzYkwyUkJJVXp4dTJzUzJHeGU2UjhOQXdnSlZ1WFdNc2h0WjJiYkRWVWRmOXo3XzhpQVRycDlEMzdkRzZGRGJhb0lTekNlRVNHZWp4SUFjMjJyTnE?hl=en-US&gl=US&ceid=US%3Aen,news.liga.net,17 hours ago,⚠️ Drone Incidents,https://news.google.com/api/attachments/CC8iK0NnNUpkMnRYYVZNM2QyWm1PVzVxVFJEZ0F4aUFCU2dLTWdhdFZaak9wUWc=-w200-h112-p-df-rw,2025-11-21T06:44:12.326439
Russian Ambassador summoned to MFA after drone overflight. Ozerov denies any involvement and suggests possible Ukrainian origin,https://news.google.com/read/CBMi5gFBVV95cUxPMnUxMXJON3d4d3ZaRUVLVThhaGVBRFo3ZHNvRTh5eXMxYWJEelpEa2hvdmNNdnZxWjB4NG5VUmtmR29RRDcwUUpneVJjVlZUY0VwekIwUVByQWI1dFdYWW1wR2ZqakNhbkZWZ2drTTA5VlNpZlJER2VWZ012Rkt6ZmZHbW8yYWlKRTZMZTZ4bVF2eWI1MmVLcVl2N3VZZTZNaEVHUEZHSmxmNWJZakhQdURFNUIwTWRidVNBZlpQVlBXZzZISUFoeThDcVZGdzNra3F6cUNUNHZPRjhBNWtxSXo5Nng3QQ?hl=en-US&gl=US&ceid=US%3Aen,cotidianul.md,20 hours ago,⚠️ Drone Incidents,https://news.google.com/api/attachments/CC8iK0NnNHhVa3RNVjNKb00zVnBhR1JHVFJDMkF4aThCU2dLTWdZcFlvcXVvUWc=-w200-h112-p-df-rw,2025-11-21T06:44:12.326440
Drone and dog help police find driver who fled this incident,https://news.google.com/read/CBMilgFBVV95cUxNRXRqNWxjQURscHNEUklMcmNpNm93bENMa01mNC1Zam8tWlpSclNtZlItQ2U0QWtURHVpcTlQSnJQZkREajBweVpoaHFRUHVfNU9vcDE2SVVZYWhHMTVreWZLd2JURjlMOVpoTW5PTERRV2lLMmlSY0xybUp6U2thNmo4a3pGazlfM1J6LTVhVVlEWnFOUkE?hl=en-US&gl=US&ceid=US%3Aen,West Bridgford Wire,22 hours ago,⚠️ Drone Incidents,https://news.google.com/api/attachments/CC8iK0NnNHRTa3N4WDJ4T1RWQTFVV2QwVFJEcUF4anlCQ2dLTWdhSk00cXFuUVU=-w200-h112-p-df-rw,2025-11-21T06:44:12.326442
Car flips over after crashing into string of vehicles on residential street,https://news.google.com/read/CBMikwFBVV95cUxObmlxNUdhaGFvYXplSWJDSXVrWVRtdk05VTJuaTh0azlhU0RkUGZuSVpRbVpQelg2U2o0N1dRTkpRMXRGc1UyUW16eTgydkNyQ0VJMVZTWl9sLWswWGp3ZktFeEVyNGI4ZTVqcm92QUw4UnhfVDNHeFhHMVhiMkNLUVJJaUpKVUFwd0N5eTJLaHFDU03SAZMBQVVfeXFMTm5pcTVHYWhhb2F6ZUliQ0l1a1lUbXZNOVUybmk4dGs5YVNEZFBmbklaUW1aUHpYNlNqNDdXUU5KUTF0RnNVMlFtenk4MnZDckNFSTFWU1pfbC1rMFhqd2ZLRXhFcjRiOGU1anJvdkFMOFJ4X1QzR3hYRzFYYjJDS1FSSWlKSlVBcHdDeXkyS2hxQ1NN?hl=en-US&gl=US&ceid=US%3Aen,Nottinghamshire Live,18 hours ago,⚠️ Drone Incidents,https://news.google.com/api/attachments/CC8iL0NnNDFNbnB2TldSdlJsTnZUMlZFVFJEZ0F4aUFCU2dLTWdrQk00YUptYVM1RVFF=-w200-h112-p-df-rw,2025-11-21T06:44:12.326443
Gov. Ferguson issues emergency proclamation on pipeline leak near Everett,https://news.google.com/read/CBMiygFBVV95cUxOQzViTHl6V3YtR3BkaU1BNHhkelBISzJuZVRlMkR5QUN2Nm9ITEpmWXJZNW1NdGdmOVlhRGNxNnhHS3BUX2NlUDVxdHV6a2h6VUQzeTI1TDZjb0lJaXEzeENYbG1uZi1pMk8wOFYxb1lsM1p2TllBVVItdHZHMmlfOEczbjZDUkx0UUk5emo5VGp3TUlTekE5Mzlvdkk0WkZYaDRTTkxUOTNHN0NlUlFlTi15Zk83TnpycmtRd0FFaG9SSjJrVDI4UWRR0gHeAUFVX3lxTE1RUzdxVzJ0d0FHN0t1TnJaTjFtektWdHVMdkJQaUxQYVFxVDQyckE5Ry1qanRLNm84TnB4STJjREROSWljRmNUblRZNC1WQlJtbGFGU093aGV3eUFTaUxJbS1TaGRNRWlqUVhFOWQ5SXRiajlzWmtQSkFtUl94OFBkRGRuZWlEZklpYU11alAxendKOV9Nd0pXenNxdHU4RkczdWExYWFaZ0JHRDF5N0Uzem9wdGZ1SUhwNnRNaHQ0amNvNjNqNURRa3F1TDQxU3RqU0p5clRRMkl1OXpEZw?hl=en-US&gl=US&ceid=US%3Aen,KIRO 7 News Seattle,14 hours ago,✈️ Airport Drones,https://news.google.com/api/attachments/CC8iK0NnNDFiRmczUzJWWWJEbE1ZMDVNVFJDZkF4ampCU2dLTWdZQkFJaHNCUWs=-w200-h112-p-df-rw,2025-11-21T06:44:12.326445
"Terra Drone’s Group Company Unifly Signs MoU with CorePeelers, An Indian Aviation Technology Company, for Deployment and Demonstration of Drone Traffic Management Systems",https://news.google.com/read/CBMitAJBVV95cUxNVWpvQnQ3am1ESHpFVnVQalFXaVltaHpnQzFZaEZ4eVIzU2l1Q3dYWklXa09IUWQ4b0h1bklvRVg0akgxd0dtZjdkeU0tSnVzRjNhekg5blplcE9nN2s0OENwNlpBUjdTVDVYcWdnaXYxRlVuT2l5M3lWQ2hUbFhsRUxmWlJPNWF1Z2diSG9qRk5hRDNlNHEtWDlDT1h0a18yczZ4Nmo5OTJfSkdUUWpTXzlxZVFwQl9OSm9qMGtSMHNoLUR1RXhTak5VQ0xYQS1uamx2ckVidVNqZ1NqWGVmUUtJNl9Sam5ZV2hQY25lYkM0Qzk2a2d0SWZiSHlPaE1JR0U1TWRPU2NmMUdtZWdyQlpmaUhVVDVuYnB2cWZYYlFjQS1sX1o1WDd6X0NmX1g0UGFqNg?hl=en-US&gl=US&ceid=US%3Aen,Terra Drone株式会社,23 hours ago,✈️ Airport Drones,https://news.google.com/api/attachments/CC8iK0NnNVBRVGczZFd4Q1JGbDNkM2d0VFJDZEFSaXNBaWdLTWdZaFk1QkxzUWM=-w200-h112-p-df-rw,2025-11-21T06:44:12.326447
Latvian Blaze interceptor becomes Belgium’s fast answer to rising drone intrusions,https://news.google.com/read/CBMi1AFBVV95cUxORWRHak9VWmV6dl9TQ3FYblMyUW1aQjdNNVpfeHkzNUFzSUdjRnlYdzhMRzRHcG1ITUh6ZWFnWmtnS3gtRlItTHh2SUhaWl9XU20waGRxX3c5bDJtU2VxQzFOTHhGZThLaVhfbXNGeVZKUWQ4MXo3c01nYU5fd3BPS1NJQXRYLTFvVFVzbDIwbkcxaWJoYWo2OU13ZEdWcTNYczVRampVQW94TlVEQlFoQzNTMzItejcxWHVYRXBpSlRwaWdtMnQxQUZ6QlJydzNDNmUtNA?hl=en-US&gl=US&ceid=US%3Aen,Army Recognition,16 hours ago,✈️ Airport Drones,https://news.google.com/api/attachments/CC8iK0NnNWxWRGQyZDFoZlV6YzJUVWhxVFJDM0FSaVRBaWdCTWdZQk00ck1KUVU=-w200-h112-p-df-rw,2025-11-21T06:44:12.326448
Drone warning issued after major rise in unauthorised flights around Newcastle Airport,https://news.google.com/read/CBMimgFBVV95cUxPbFRQOHRjeU1KMnpVaGNvUHJweXcxaXo0WkRqQXpQWnZKNi03UXAyeEZzQURNU015ZzlOZlQwbUYyVHZwMUtTUmZxQkl1cEdvakxHZXpuUFdaOUgxazlCZVRmdWpFRDU5dmEtaTg4YktyZXhUNWRKUjJSWjd5M0dNUzRwOHE1NlBvTVJ2TENhNmwwV1FiaG5lZGtR0gGfAUFVX3lxTE94WmZhMlE1M1o3djRNbjRRVU1hSk9EVVcxVTdnTF8wbHBYYk92dGM1YWpSMmZXU3VVTHJjclVwVnBPNi1VXzFiazRfaENTSGQzUy1xYkhCLUo2c2FZVTFiY1ZSMHRfMC12UmlKS1FkV0x3ZU1KNnFJaS1YbFNSRHczYmhyWnZkXzBmYS1DYjZWX0ppY1REUjRuMlFCM21pUQ?hl=en-US&gl=US&ceid=US%3Aen,Chronicle Live,15 hours ago,✈️ Airport Drones,https://news.google.com/api/attachments/CC8iK0NnNWtNVVE0V1doTGFXRkVjbmR4VFJEZ0F4aUFCU2dLTWdZQk1KU1RJQWc=-w200-h112-p-df-rw,2025-11-21T06:44:12.326450
When Layers Collide: The Integration Challenge in Multi-System Counter-UAS Defense,https://news.google.com/read/CBMivAFBVV95cUxOeE4wdTYyaldKSVlsX2NWMl9DcENOblFaR3BfSmw0aFR2WF9nWHFwamFmemF0eHBZeUYySHgtdEVxWTNSMEdhQ2lybmdFMFhmRXltQy1lZDNFbWg5YmJJMXczclZ3X3cwMVpmNTlsTzJwSW9XOGM5aVlfU1Z5T1I1a21teE1XUllvN0laTEszV3FtM1lWekJray0wUl9yWE1oeHpaaDdGTFBBOEVnRFBScVpFSVZYanY3RmphUw?hl=en-US&gl=US&ceid=US%3Aen,Technology Org,20 hours ago,✈️ Airport Drones,https://news.google.com/api/attachments/CC8iK0NnNVVjMWw0TUVaaVdFaHBSVEkwVFJDaEF4andCQ2dLTWdZVko0eHFzZ1U=-w200-h112-p-df-rw,2025-11-21T06:44:12.326451
Traffic delays expected on Rickenbacker for the sold-out Drone Art show,https://news.google.com/read/CBMi-wFBVV95cUxOODc2dUNuSzlXQVNtNE9fYllpRGU1QjlENm9qNURhcjg5anRXN3hPMWc1NVk5TUJIcXYyWXFKampzdlhDLWprNkpveTNGUGhmYXVEMXNxV3ZXMWtUVmMyM3lxTmkyN1QycjZIMjdDdXNoa0x6V3NWUGV4a1BwdHpGOUJDZFhQZERwSUtKVEVFMERkalp2VlNuR0FFLUZESHJZRjdNRW5GX0FPNFVVSU0xX2dHRlVnWXN0YnU0V2tjZWdPMFFhaTdFYUNsUjlYS3lqZWtsbEtHc3VRc1NSZ0daX3J3akhfc2ExSkptdFFuOTB3Z3YwbW9ia1RvTQ?hl=en-US&gl=US&ceid=US%3Aen,IslanderNews.com,10 hours ago,🏢 Prison Drones,https://news.google.com/api/attachments/CC8iJ0NnNUVXVWx2Y0ZoMk1uZHdaV1JTVFJEaEFoalJBeWdLTWdPZFV3QQ=-w200-h112-p-df-rw,2025-11-21T06:44:12.326453
Prison death prompts concerns over drug supply,https://news.google.com/read/CBMihAFBVV95cUxNcGFvR1dCeXZzTzlIaEw1TnRLYk1aUmRQdVdEdzBYREswaXY3ODJwcWFkRUcycWlYMExPT0doZGJVMllvNklsSDNWcUZ5TkhteTJnZXhuLWQ3QWVCNVdUd2RhOXFhdTQ1WXZaS0llWHh5Tld6bGtLbVJ6UEJFM3JhYS1QeDk?hl=en-US&gl=US&ceid=US%3Aen,AOL.com,12 hours ago,🏢 Prison Drones,"https://encrypted-tbn2.gstatic.com/faviconV2?url=https://www.aol.com&client=NEWS_360&size=96&type=FAVICON&fallback_opts=TYPE,SIZE,URL",2025-11-21T06:44:12.326454
"KIOS FM Local News For Thursday, 11/20/25",https://news.google.com/read/CBMigwFBVV95cUxQQ3RFeXRlQ29aS3YxR2M3OEhQZnFtR0MzeldHelFGQTlHb0Y5WE1ZNTlXb3RJMURselNaNXpMamt6RWtnQm9oUWY4OTY5WDNWcEFvMXdyQUtqazQ2ejNhZ2tPeU8zNEw3UC1rOC1CTExjbmJLTmw1Q2NUTFRqUnlDSUR5Zw?hl=en-US&gl=US&ceid=US%3Aen,91.5 KIOS-FM Omaha Public Radio,13 hours ago,🏢 Prison Drones,https://news.google.com/api/attachments/CC8iK0NnNDNiRTlyV0hnd1pUUkpaVEpzVFJDZkF4ampCU2dLTWdZVk1wZ3dIUW8=-w200-h112-p-df-rw,2025-11-21T06:44:12.326456
Ukrainian Security Service detains Russian agent tracking drone operators in Kostiantynivka,https://news.google.com/read/CBMi4AFBVV95cUxPWFZlcVAzdGtSeUJLdlN6emRJLVk0c19JQU9wSWIzZ0tKWGZwcVgtMHVjdWQxdGZrVVpIX2NvbkRyS0JESEFCMk5oZXk3bmRzMHZETzN6RW1KTmpJQWZWOENiR0pEc2xIQWo4Q1BfWE9uWU9YOHVCd2JlV0FHNFV0VHZIclQ1Slhub3hSTnFxQU5RVk1OUndBNnpmZHNiN1VRUU1KQ18xdkU3WGc5U0JZU24wMGZPS1A3dWtYMVREenVnd1EzRmxpVGZyRHpwX1plN0xiVHk2VEo5ektSQzRrNdIB4AFBVV95cUxPWFZlcVAzdGtSeUJLdlN6emRJLVk0c19JQU9wSWIzZ0tKWGZwcVgtMHVjdWQxdGZrVVpIX2NvbkRyS0JESEFCMk5oZXk3bmRzMHZETzN6RW1KTmpJQWZWOENiR0pEc2xIQWo4Q1BfWE9uWU9YOHVCd2JlV0FHNFV0VHZIclQ1Slhub3hSTnFxQU5RVk1OUndBNnpmZHNiN1VRUU1KQ18xdkU3WGc5U0JZU24wMGZPS1A3dWtYMVREenVnd1EzRmxpVGZyRHpwX1plN0xiVHk2VEo5ektSQzRrNQ?hl=en-US&gl=US&ceid=US%3Aen,Ukrinform,8 hours ago,🏢 Prison Drones,https://news.google.com/api/attachments/CC8iK0NnNXZWVzh6YVdKQllVYzNTVGhoVFJEb0FoajJCQ2dLTWdZaFFJcU1LUVk=-w200-h112-p-df-rw,2025-11-21T06:44:12.326457
Lebanon captures notorious drug lord Nouh Zaiter,https://news.google.com/read/CBMiowFBVV95cUxNaFdSTnpJb09GeEphMlcyV3FnSHhxeWhYMGNPNnhUZUtWcld1bzJHYzVNVzRlSlExaTJYWm8xaDhJcHF0TXI4ZEVQaDNNZi1BQXN1UXhtWm5GNWtiaFBUZXdKV3RDenZZN3BoMnFYRUk2VTZJSlhOZmdJMlF0dlRIdUlEUlJCUTNEOENnaEpWVnZkUF9nVVoxS1BrOFFSWUpZUVR3?hl=en-US&gl=US&ceid=US%3Aen,thenationalnews.com,10 hours ago,🏢 Prison Drones,https://news.google.com/api/attachments/CC8iK0NnNUJNMFJJT0VkZlFqZFBXa2R3VFJEaEFSaVFBeWdLTWdZbE5ZYk1JUVk=-w200-h112-p-df-rw,2025-11-21T06:44:12.326459
EA drone shot at during Derbyshire waste site probe,https://news.google.com/read/CBMilAFBVV95cUxQZENtRjgwc2N5a0JpSElWVVFHQ0hlendBbDA1WnZ4ZUFYUFg5Zk9RWkNOajlqYWZyZXMyVGRCcUlfMktCYUFWQlJxaTktcndFV19kTFZFRkFkSjI3NndGYXlISjFWQUVkZS1qNmd1ZjdrZ3BmMjI2ajdndENhb2k0NHJnM1AxS0dDQnZualFpd1R3VnJs?hl=en-US&gl=US&ceid=US%3Aen,Materials Recycling World,15 hours ago,🏢 Prison Drones,https://news.google.com/api/attachments/CC8iK0NnNVFXVUoxT1hJMlVVOXpXRmRKVFJERUF4aW1CU2dLTWdZVmtaVG9NQWM=-w200-h112-p-df-rw,2025-11-21T06:44:12.326461
Baghdad police say object near Communications Ministry was a ‘toy drone’,https://news.google.com/read/CBMiTkFVX3lxTE1Jd2FfYkctSVp3czl3U1lfNWd2UC1pX2NRVHVkcmVpb2hhZlJLelU3bnRmZzRQQVN2TlBjOEdRbnp2ZXJBWllVRU14T3JGUQ?hl=en-US&gl=US&ceid=US%3Aen,964media,22 hours ago,🏢 Prison Drones,https://news.google.com/api/attachments/CC8iJ0NnNHRRa3A2VVMxR1F6ZEViVWhMVFJDZkF4ampCU2dLTWdNTlNnbw=-w200-h112-p-df-rw,2025-11-21T06:44:12.326462
Ukrainian Security Service detains Russian agent coordinating Lyman attacks,https://news.google.com/read/CBMirAFBVV95cUxOYkpwWjhSekgwYzJiTmlYMHdLTUk0TGhYMWFtNFc3NUN6U09ndi01al9lY09hb0YxMkZZY2k5bmtVT3lsNk4tUExnTjFrQzJ2eGdKQ09WejlqR1ROVnZvS1Vtd3ZQaWd6UHNhWktwUGlPVktsNkJQSjhYMm1YT1ZFSndQODlwTjJsS0U1cWlRdFFsVFN3OHVaZkJkcU11ZmN0TURyWmhYdzNLMXJJ0gGsAUFVX3lxTE5iSnBaOFJ6SDBjMmJOaVgwd0tNSTRMaFgxYW00Vzc1Q3pTT2d2LTVqX2VjT2FvRjEyRlljaTlua1VPeWw2Ti1QTGdOMWtDMnZ4Z0pDT1Z6OWpHVE5Wdm9LVW13dlBpZ3pQc2FaS3BQaU9WS2w2QlBKOFgybVhPVkVKd1A4OXBOMmxLRTVxaVF0UWxUU3c4dVpmQmRxTXVmY3RNRHJaaFh3M0sxckk?hl=en-US&gl=US&ceid=US%3Aen,Букви,22 hours ago,🏢 Prison Drones,https://news.google.com/api/attachments/CC8iK0NnNW9aVVpHWjA1Wk5FWlFkMFJ3VFJEb0FoajJCQ2dLTWdhcE5Zck9IUWs=-w200-h112-p-df-rw,2025-11-21T06:44:12.326464
