Title,Link,Source,Published,Category,img,Scraped_At
Denmark bans drone flights after latest drone sightings at military bases,https://news.google.com/read/CBMitAFBVV95cUxQRnRGdDFfUlpKbDBvMEtLaVJtVEZkdnotN21ydlpwTEJkTU1TOF9pcXRaOVdWTjE1VElrT2JfcWhWdlQ5aERPa3hMZ0JLeG1EeHFPWXNZcmZnclZNYXg4NDNvRHFqejJHNWFJck1KVFNZWWdFTGJBWTZVSUdrMG1RbjlRWnR3bUJ0T0dWV09ud2RaeWM0eWNpMHF4N0NqeTlKeEFXa25qVmg2ZDgyaUY4TjdhSVLSAboBQVVfeXFMTnhLc2d6S2tnd2QtNXFOSlRrV3VkR0swbTJVVlpYNURhdWExNXMydnFCYkdQWXN5czRyTW1Wb3QzRmw2SmVJZEVvY3pWR0JHYy1WVXdxYVdkLVlqWC1DTTVWVlZ0SzNwdTJDZEpFeVg4OHZhcDV2bDFXQ3ZWZWNHY21kUjczLVRCZFdQTGFYQnBublpiMkJuREg4MTVSSkRKQUc3OVE4NnBJMFQtRGppLURnMFdscTZKcjBB?hl=en-US&gl=US&ceid=US%3Aen,Al Jazeera,3 hours ago,🎯 Military Drones,https://news.google.com/api/attachments/CC8iK0NnNWtZa3BxZUZOT1lVY3lkM1pSVFJEZ0F4aUFCU2dLTWdZQnhJTEJ6Z0k=-w200-h112-p-df-rw,2025-09-28T18:35:14.604490
NATO Warship Deployed As Denmark Faces Seventh Day Of Military Drone Incursions,https://news.google.com/read/CBMigwFBVV95cUxPdzAtNHl0YzJsTjhCMWU5a2JxNFl0eTFrUmVhV3ZmLTdjUHVhd1VhUDJKWC03RkZteWhDcmpMMHdfWXQ0NWUxcWR5U3o2dEROWnBlWmZuUVpqX2ZwR3haWEUyVVNkRENfdUR5UnpWUGZZRE11Qk5mNk9qMkRhRl9oa1FZSQ?hl=en-US&gl=US&ceid=US%3Aen,DroneXL.co,3 hours ago,🎯 Military Drones,https://news.google.com/api/attachments/CC8iK0NnNVNSMEk0U0c0dE1uTXlWREZ5VFJELUFoaWlCaWdLTWdZUllaQm9yUWM=-w200-h112-p-df-rw,2025-09-28T18:35:14.604505
Russian military personnel to teach children at new drone school,https://news.google.com/read/CBMieEFVX3lxTE1kTTIxeW9LeTVJRUdkemttR2RYQ3NHX2M3NWI2eUhWQUpPUXJQY2ZjemQtNExLb3pnRXdCVER0NHhBQVB3TkpwRHR3Z2NRZ3FmdmlXSVlhaVJHcnN6aVI1REd6cW5zbmxqUmpkWnJJMGxUVkhqQno5NA?hl=en-US&gl=US&ceid=US%3Aen,CNN,2 hours ago,🎯 Military Drones,https://news.google.com/api/attachments/CC8iK0NnNUlVak42YkZoWWIwMW9RMjlqVFJDZkF4ampCU2dLTWdhQllaSnZvUWc=-w200-h112-p-df-rw,2025-09-28T18:35:14.604507
Denmark reports new drone sightings at armed forces' locations. NATO boosts Baltic Sea vigilance,https://news.google.com/read/CBMi4gFBVV95cUxNdmsyd1FWS2dlc3ZBSjZSa3B3YV90SERGQThMdUVCd093alJGYnFpTXc1Q1puWWhOYWpDVmZZR1o3WTFuQmJCVm1Eai1CanFkY0VyOVZtQTQ0SnpfV196TTF5cVdXTWlKNnFMdEE3Qm14RUZ3c2RBMEpQOFFTallVYTdNd1QzMGNvVWg0ZWNpX19ta3F4SzVZa00tbHdwUVNFOEpsd1JEeWFRWXBLa3FaSl9yRWhXNnV2WFowdHBHeHR0TGdrMGN5NUFwX0JmTDI4Ni1ETG9CNGlWUmpVUWg2NV93?hl=en-US&gl=US&ceid=US%3Aen,Los Angeles Times,39 minutes ago,🎯 Military Drones,https://news.google.com/api/attachments/CC8iK0NnNUZVMUprUmt0ck16TlBhelEzVFJERUF4aW1CU2dLTWdZQnNJSzQyQU0=-w200-h112-p-df-rw,2025-09-28T18:35:14.604510
Germany may allow military to shoot down drones,https://news.google.com/read/CBMihAFBVV95cUxNNWYxZjlzOFh3UnN4dmh4dHpvMC1oN2phSGhCSjJUWDRSbU5ZOG1SRTVlV21VU0hUNENqMXlIUzkwckZLR2hPUmpLbV9BaGhjd2VtUURWbjd3OWFiM1A1dy1Dck5ZLU43M1ZnUlYwd0lURExsQ0FxQ3E2SHdQdGVjV0RaN1I?hl=en-US&gl=US&ceid=US%3Aen,Euractiv,10 hours ago,🎯 Military Drones,https://news.google.com/api/attachments/CC8iK0NnNVZaWGQ0TnpsQllVOHplVXRhVFJETUF4aWFCU2dLTWdZWlpvZ0pxZ1k=-w200-h112-p-df-rw,2025-09-28T18:35:14.604512
Denmark reports more drone sightings ahead of European summits,https://news.google.com/read/CBMirAFBVV95cUxOT2FUZ01kc3NrQWUtWjM5OTJhR2V6N3RaV2owVnVnUG1Cd1BQTUhiY2xDU2E1ejdJVURubndTblhpUjFrdEpHSG1IVExOSEdILTFCbWNoR3EyU2Jjd1VrRnBXYV85YkxQaFZ2Q2lxQjktZXV4Q2VoQkIzcVFZTXFLZTJPRGN6dnVhX25kTUU1eFFjMmFqcmtEOGVIeWZQUHU2X2hTcXVWRTdxZjNG?hl=en-US&gl=US&ceid=US%3Aen,The Guardian,2 hours ago,🎯 Military Drones,https://news.google.com/api/attachments/CC8iL0NnNVRTVFpmUTFWV1kzWTNaMDFaVFJEMEFoalJBeWdLTWdtQlpvZ0hJaVh3YkFF=-w200-h112-p-df-rw,2025-09-28T18:35:14.604514
Denmark bans civilian drone flights for EU summit after new sightings,https://news.google.com/read/CBMiswFBVV95cUxPZDgtd2ZJdEZlNXFqdHdzMTVvT2d3cTV0M2F0RjI4TXRsSjVIUzk0b1JSQ1gzSXR5YWRhY3BtcGNWbzNfVFJ6SGJyLTd0aUo2M0E1NjVlQkw2NTlidjl2dkpoSHN5N01ORXMta1ExTGRHQkFvOE93dzQ5YWREejczMHF1YUwtWmV0eG9HSGNlTWVyNTYxdzdYZ19HSFZNMlh1ODc3dlpvdXdfdDFoVmhZRXcxWQ?hl=en-US&gl=US&ceid=US%3Aen,France 24,1 hour ago,🎯 Military Drones,https://news.google.com/api/attachments/CC8iL0NnNUJUMmw1YTFwTVEyMTVSelp0VFJDZkF4ampCU2dLTWdrQlVJU1BLV1ltOVFB=-w200-h112-p-df-rw,2025-09-28T18:35:14.604529
Denmark: New drone sightings over military infrastructure,https://news.google.com/read/CBMikwFBVV95cUxPaUp6TzJ6SVNTNkhhRTN5WEQ5cFA2blRfSVpmRTRseWZWM0drQ0M4RkJlcWk3RWh4UkY0c01STTJuMkd1cm5RSmRtaWdyWWlSbVM5SlNGTEsyQ1RJaUpfSTR2M0h5QlJGaXJwRWhaZEE1Mzh0YmtTSnQwc2dQM09fODRxWXQyTTJkTzc5bHBjSU1lcXPSAZMBQVVfeXFMTVNZem92MUJKaWZjNnZNUmxoNzVxSW95bW9FZDcxTFBodi01dFBuNjdGRGxJVWlMdlJ4dy04U3hURVhhRzdhd29Ga1hZa2I2MnNuQm00MmIwWERvRGxSQ0ZpV3hCZ1lyWnRUazdOVU5BMmMwTnBBSVo2Z25FcGxDemlGdWFZbGd1QmNLSlotZUdnaHJJ?hl=en-US&gl=US&ceid=US%3Aen,DW,16 hours ago,🎯 Military Drones,https://news.google.com/api/attachments/CC8iL0NnNW5WV1UxVjBJdFNHOW1jVWhaVFJDcUJCaXFCQ2dLTWdrQlVKWWdzR2NPaVFJ=-w200-h112-p-df-rw,2025-09-28T18:35:14.604535
"Russian drone and missile attack on Kyiv kills 4 and wounds at least 10, as other regions hit too",https://news.google.com/read/CBMilwFBVV95cUxPTS1OWDNRTnZhRno2Um8taG1iNk1vZ1FVVXpuZ3l6WWZicG8yWUV6MFJNNFZxM09yZG5aLXVSeTVBRkkwUmRIMnRscEthR3lJVndJYU9MNnhMbVdZVGZyWDFuc2g4eUROdW5OU0xIT0pWanFNbnZNV1VJNTVyZmJvUWIwbFB2T3JxU1QzTGpqR19FOTcwdkh3?hl=en-US&gl=US&ceid=US%3Aen,AP News,3 hours ago,⚔️ Combat Drones,https://news.google.com/api/attachments/CC8iL0NnNXRabk0zYzNVNFpETjFjVk4yVFJDUEF4alhCQ2dLTWdrQkVJUUVIbVpNYUFJ=-w200-h112-p-df-rw,2025-09-28T18:35:14.604539
Lockheed Martin's Skunk Works unveils stealth combat drone,https://news.google.com/read/CBMizwFBVV95cUxPLUZnSk8yVEo3ejZaR1ZxbDBBTTJTajN6dFk5UDdySlZVQ2pTLTRkYWYyY21MMURHQjhXYTRHU1JEcV90anNFV3V6b2t1Uk9MSE5nQWVLQ2VnR1E2MW5kQkwyMkthTmlqejhINWlRaEo2cDNJaThRdW1YSnlYMlpVdkpQUWhxeF9VX2dtWnNPZTZhRl81a0tURVNhMDBkMFptenJsS3dRM0RQVXJQSkFpVW4xUlhNNnEzdWtaamZEMF9ndko2XzNkX0pWUFh6SFU?hl=en-US&gl=US&ceid=US%3Aen,MSN,6 hours ago,⚔️ Combat Drones,https://news.google.com/api/attachments/CC8iK0NnNXRiakIzY1RJd1lVeEtYM0ZWVFJDZkF4ampCU2dLTWdZQllJZ05MUVk=-w200-h112-p-df-rw,2025-09-28T18:35:14.604542
Ukraine Turns Helicopters Into Drone Hunters With Surprising Success Rate,https://news.google.com/read/CBMiuAFBVV95cUxPVXhCUWhPNnNNNjRxZXVEcTBELU90M1BraHh6c2JmU21LdDUzaVBBb2ZKbTYxRjlwaHltamJ2ZUpQN3J3SXBPNUNpcGVCRWZ0Zmx6bXY5aWUyTmZkWks2QWhaM2d0dnhlNnMzM3h2ZVBTcXY3NE9KcGtNYmFlQ2F5RXIwSVBjanpYWFFPaHpIa3lvN3hWei05b05teTN5MVlNTVUtZ3NvSHJBOGpGalRoSjRZbVlnb2J0?hl=en-US&gl=US&ceid=US%3Aen,UNITED24 Media,4 hours ago,⚔️ Combat Drones,https://news.google.com/api/attachments/CC8iK0NnNVNPSFE1YW5GVVUyZDVOR04xVFJEZkF4aUFCU2dLTWdhQlpvcEZPZ1U=-w200-h112-p-df-rw,2025-09-28T18:35:14.604545
More Drones Over Danish Military Sites Overnight: Military,https://news.google.com/read/CBMiggFBVV95cUxPY19NWmp0MmlGOXFPdXRlT09ZSkdqZUF1aC1xV0oyNGt4cEdxQ0VsRkhQMVM2aE9EeXVFTGdUeUpiekcwRmFPM1BlaDZ2SnJNR09hSmx6cC1fSWZBa241Qi0tNGhuUUxyQVJKRjdyRU5wQTJTOEpPTlRwdGdLMUliZHlB0gGCAUFVX3lxTE9jX01aanQyaUY5cU91dGVPT1lKR2plQXVoLXFXSjI0a3hwR3FDRWxGSFAxUzZoT0R5dUVMZ1R5SmJ6RzBGYU8zUGVoNnZKck1HT2FKbHpwLV9JZkFrbjVCLS00aG5RTHJBUkpGN3JFTnBBMlM4Sk9OVHB0Z0sxSWJkeUE?hl=en-US&gl=US&ceid=US%3Aen,The Defense Post,6 hours ago,⚔️ Combat Drones,https://news.google.com/api/attachments/CC8iK0NnNDVURVZRTkRReVRHOXNYMVpvVFJDZkF4ampCU2dLTWdZZE01Z3ltUWs=-w200-h112-p-df-rw,2025-09-28T18:35:14.604548
"Germany creates anti-drone Center as ""swarms"" detected over border state",https://news.google.com/read/CBMioAFBVV95cUxNcFI3UE40X09ZWG81VE5DXzBzMm1MM1c5U1BoaHZyWHpIalZ0cXVTSnRyUHYxUzJSQzB2Vm5DZ2ZlZVhNTnpRd0JxRnZBYmlKLURJU0pDbEVzN1pWMzJvTm1FZWJoR1piWkJLTmdBTlU3WjVCejJQaTBaWWJ0X3YzYmhTZy0yNmpHTE82M2V5V29Ua2gwX2c5bF9sc0RpeEJl?hl=en-US&gl=US&ceid=US%3Aen,Euromaidan Press,4 hours ago,⚔️ Combat Drones,https://news.google.com/api/attachments/CC8iK0NnNTNUME5NWVVka2FEWklSRVp0VFJERUF4aW1CU2dLTWdhbGhKQ3RNUWM=-w200-h112-p-df-rw,2025-09-28T18:35:14.604551
DJI just lost its biggest US court battle — here’s why it matters for drone pilots,https://news.google.com/read/CBMic0FVX3lxTE1KX3N6SnVjX1lYQmdGN3ZjUmpUWEdSNzBDNDVwaS14aFBpYmloQzFxWXdONEF3Rncwa0duNHBmWTd2cDJSX0k0MmQ5d08wOElZTmR5WkRjN2tNU2xjbmJHN2o2Z1RRRURicUJQWVBZWEVERm8?hl=en-US&gl=US&ceid=US%3Aen,DroneDJ,11 hours ago,⚔️ Combat Drones,https://news.google.com/api/attachments/CC8iK0NnNHdPVGd5TldaV2RVOVNUVzlTVFJDbkF4alZCU2dLTWdhWm9aQ010UVk=-w200-h112-p-df-rw,2025-09-28T18:35:14.604554
"12-Year-Old Girl Among Dead, Hospital Hit as Russia Pounds Kyiv With Drones and Missiles",https://news.google.com/read/CBMiS0FVX3lxTE5hdkd0XzZ3MnpKZ3RSRnJuYVd1VklCNXRfWHI1MkdQT1BBSHJSUy1xdVVXZDBXZXRxNHZtWHR4MDViQXc0OU9OVGgwMA?hl=en-US&gl=US&ceid=US%3Aen,Kyiv Post,7 hours ago,⚔️ Combat Drones,https://news.google.com/api/attachments/CC8iK0NnNTVZM015VlZKUldURlpZMTlDVFJEZ0F4aUFCU2dLTWdZQm9JZ212Z1U=-w200-h112-p-df-rw,2025-09-28T18:35:14.604557
Washington Offers Baykar to Localize Drone Production in the US,https://news.google.com/read/CBMimwFBVV95cUxOREprcVZHRUtmQ2xzaU5hTTNUdjAzSG9aMWx2V0pzQmRzT2s5Mld3UnVCVEgtZUVvRHFaS2l3Rk9oNnQtMzZHS0ZvWGpGMmxpaUF4eTQtVEE2Rmh0ZW9adG1yeTllZ2JHWFhmWGZKcHQwR1ZXNVBGakxnUi1yVFY2cFFRb1hQa3VrM3N4OTJWQUV1X0tQakZ0ZTZUWQ?hl=en-US&gl=US&ceid=US%3Aen,Мілітарний,3 hours ago,⚔️ Combat Drones,https://news.google.com/api/attachments/CC8iMkNnNWFlSFI2UjBvNVZHVkhlbmxRVFJERUF4aW1CU2dLTWdzQkFJN29yYVZUcHhyYmdn=-w200-h112-p-df-rw,2025-09-28T18:35:14.604560
Ukraine war latest: Huge Russian drone and missile attack on Kyiv 'kills at least four people',https://news.google.com/read/CBMiywFBVV95cUxNN0VCaHViNlhuRlJycnpTWjdpY3dnQWQ3N2dEckRNRVMzbEdXaDdBc3NhaXZGRUhIUjlLVkg4RTZCMjFiM2p1dmJzMGl4TVFNem1VcUk4ekJTN0FlTGctMm4xc3pTeWNlOEhPZmhrZll2aGpoMEpTUUozWHcydXZNUDAwbFd3UnplWFpfakxveU91bnBIZjhHaTlpaTllQk16dGhiYms3bk55X3UwYWdEZ2FidjlIellsSktCZEJJakFldS1TX01fclBYVQ?hl=en-US&gl=US&ceid=US%3Aen,Sky News,6 hours ago,⚔️ Combat Drones,https://news.google.com/api/attachments/CC8iMkNnNUdPRjlHUlRaalkwNXBRa00wVFJDZkF4ampCU2dLTWdzQlVJYXB4U080OVVnVlpB=-w200-h112-p-df-rw,2025-09-28T18:35:14.604563
Putin unleashes horror 500-drone strike in devastating 12-hour Ukraine pounding,https://news.google.com/read/CBMilgFBVV95cUxNTmFGZk5DU3NqNnB1UHpmaklodEx0Sy1VTDRISnVYWW9wTkY1MUp1THJJOEFMQlh4YTViRkZzQXJTZGhOc2RpZ2tYODVyZVVvNUNHTHljdXVZcTJVa1B1Y3N0eENORUFfXzFDNEhxZ3RvVTJEMFAzZHNDXzJhbDNuZ3hkWWJYT2hpcTljaUhWczVvOTk1c0HSAZYBQVVfeXFMTU5hRmZOQ1NzajZwdVB6ZmpJaHRMdEstVUw0SEp1WFlvcE5GNTFKdUxySThBTEJYeGE1YkZGc0FyU2RoTnNkaWdrWDg1cmVVbzVDR0x5Y3V1WXEyVWtQdWNzdHhDTkVBX18xQzRIcWd0b1UyRDBQM2RzQ18yYWwzbmd4ZFliWE9oaXE5Y2lIVnM1bzk5NXNB?hl=en-US&gl=US&ceid=US%3Aen,Daily Express US,8 hours ago,⚔️ Combat Drones,https://news.google.com/api/attachments/CC8iK0NnNU1kUzB3VG1SdlFWcDBNRzVDVFJDUkF4ajhCU2dLTWdZQllJUWdSd1U=-w200-h112-p-df-rw,2025-09-28T18:35:14.604566
Russia Hammers Kyiv in 12-Hour Drone and Missile Assault,https://news.google.com/read/CBMihwFBVV95cUxObGp2WE9wLWE4LV9tQTI2Z0N3YTkzVHAwLU9SNnQ0MXp0WFlOcTF1dnpqMkNqb1pVbUY2cXBZcnpDaGdWVDVxNFYzVlFuSEpPdEM1SzR4Z1V6Q01mYVJ2X2NpOFlnMjRheWhPRW5MMFV1clpnNFJhMXljeFI5eE0yWHJSS2dTX0U?hl=en-US&gl=US&ceid=US%3Aen,The New York Times,2 hours ago,⚔️ Drone Warfare,https://news.google.com/api/attachments/CC8iK0NnNURPVkJoTUhWSWVtbHBOamN6VFJDUUF4allCQ2dLTWdZQlFJd0hKZ2M=-w200-h112-p-df-rw,2025-09-28T18:35:14.604569
Europe Builds Historic “Drone Wall” With Ukrainian Interceptor Drones to Stop Russian Air Intrusions,https://news.google.com/read/CBMi2gFBVV95cUxNNXAyYW5WM1hhanFBMmxDQmRISHRVdEQ1QjQyNlZpQzhoV2NHWDdfSnQ1N0ppemg4U21HTTNOVmpKQXdKeUczZkFXQVdBVEZPNUhEZFRkZl82TTJ4MWh4ODlMaER5RGZNRmhmNDBIZkljNUtaZjhLbWh2cHdMNVVRYm9rUUpUVWJtRHkxVm1UT1JfUmlGSkpKQXk3d1kxTkxTSlRiSkMxZy1pd25RQmNfd240N1pFWnlabTYwempwZENGNG1pTVJRMGdzS1FUaHFCWGpkQkhkbU94UQ?hl=en-US&gl=US&ceid=US%3Aen,UNITED24 Media,5 hours ago,⚔️ Drone Warfare,https://news.google.com/api/attachments/CC8iI0NnNXRlWHA0Vm1GblgzQlNRbTFXVFJERUF4aW1CU2dLTWdB=-w200-h112-p-df-rw,2025-09-28T18:35:14.604572
Lithuanian children learn drone warfare at school,https://news.google.com/read/CBMijwFBVV95cUxNTGpvSHU0VjVsSWZ4WFRTemMydzhhV3BqejJEWVNRUFh3UGI2Y056QnJQdGE5bW1uc2VUeENiUHNuUVNJeEhqUVdpM2tmVFpKZUNtdGkzQ3k1YzNVQWFxYVBmaDU2STBka3FKdU1KQTNTMVNvRGM5clVlSkFIVW9SVzRQTlJreF9ncndDcExyQQ?hl=en-US&gl=US&ceid=US%3Aen,DW,14 hours ago,⚔️ Drone Warfare,https://news.google.com/api/attachments/CC8iK0NnNUxibWhNU0RjeFNUVmZPRFl3VFJDZkF4amlCU2dLTWdZTlFKWU9IUWs=-w200-h112-p-df-rw,2025-09-28T18:35:14.604575
NATO Isn’t Ready for a Shadow War With Russia’s Drones,https://news.google.com/read/CBMijwFBVV95cUxPc1RUTFlJQ2dYVERNaEdaSzFnRjNQR3NPeWtZOElKZmZBbktDVXp0bk9hcW5nOHFfN25Ob195elRpNC10bHRnc3FwTG1uUDB6WEI5cTNZU21yYjA4QzJHVVdzV0pKMG83WF9ib28yRHdxRWV2b25lXzdUN2xpZTl6cmRhbGlNNF9rc2hQXzV1UQ?hl=en-US&gl=US&ceid=US%3Aen,Newsweek,9 hours ago,⚔️ Drone Warfare,https://news.google.com/api/attachments/CC8iK0NnNXhiMGhxVWtkc2VYTlNjVkZ5VFJDZkF4ampCU2dLTWdZeFk0cHdMUVk=-w200-h112-p-df-rw,2025-09-28T18:35:14.604577
Heavy Russian drone attack kills at least four in Ukraine’s capital Kyiv,https://news.google.com/read/CBMivwFBVV95cUxOd0pHaHk1dzdzZmNRT3B1bkE5U2lMN096U0Q3akdmaGFQNkVqMzlPMmFJMEdvdWJxaHgwbTUzYjB2aHZ0R05kdElPUHNHSTBhZG0tSFEtM05sRXl4MlJKemp3M1BYcktYS3FvS2ZqRGRDb1NfdDRmNFcySVEyMXJSQUI0ZEtIa1N6aU1yYThHemdLdDJKcFFHTXBvWGt0V25SM2dPaXZSWXNRaTNTZUV3VXhnTzlHbk1QRkFTUGw1SdIBxAFBVV95cUxQYUF1UE8wdlpsR080VThQeFp0dzB0S3QwS2ZQVHJqZUlKeDlheDhqVlctd0xha3ZCVmdfSGUtTkR5eGZVWkFqT0tDVWZOd0M3cmZfY1dfZktlZ25oQVM0V0E0MWpBUWVmVlBNY2E3NllPX1AyZWc5RzVUWGJwN1YwVFprSW9PZlhJM1NvcEZjdzNaR3JXZlpGdm9lZDZIeUo5bDR1X181TVo4ZWlPU05HbkFXLW9seGtEWFp0YzhuNmpZbTNO?hl=en-US&gl=US&ceid=US%3Aen,Al Jazeera,2 hours ago,⚔️ Drone Warfare,https://news.google.com/api/attachments/CC8iI0NnNXlYMUprVkdwemJEWjVVV3AxVFJDZkF4ampCU2dLTWdB=-w200-h112-p-df-rw,2025-09-28T18:35:14.604581
"Russian strikes kill 4 in Ukraine as Zelenskyy urges world not to ""turn a blind eye""",https://news.google.com/read/CBMihAFBVV95cUxOS2ZDYjlacEwzVl9vNzh3ZC1VWjF3R0h3ckZOOHVNWmplS3I2WlVEbTVGMGthQ1NpTFdXMWJ2c0MwVzZXcXFmcTVkbUJIRkRzZFY2YmpBVTUxeU5Hb3NpZXVoVWowMHdraWRkVUZ2U0p2SEhPSEQzR3VJX1c4TFBXNE44bGc?hl=en-US&gl=US&ceid=US%3Aen,NPR,9 hours ago,⚔️ Drone Warfare,https://news.google.com/api/attachments/CC8iMkNnNTRNMTgzTkVnM1NtZFlaa05KVFJERUF4aW1CU2dLTWdzQllJQ0l3Q0VQVFhtSmd3=-w200-h112-p-df-rw,2025-09-28T18:35:14.604583
NATO fighter jets scrambled in Poland as Russia launches deadly strikes on Ukraine,https://news.google.com/read/CBMiswFBVV95cUxQYkJYajJvSU5UbXhHTFBiZGRGMTBidEZCWlh1WGtfLUhEVFhrVG9OVnM5ajlpLVNoc2tuUk1RS3ZFelhPV2MyNC0yX0xGTnd4cUNtZzFSX0NMVkFfVmQ2cGpoXzB2YnR3WWROTjg0ZEEzSEktZFphT3RvZ004dWRQTUl0NVdaQklRWTIwc2w1djFtVUJhVGdnVEpUZTVpWC1hR2U1TzV3bm5wbFYyM0NpaDdaTdIBuAFBVV95cUxQNG55M2EzemhWOGp2dlZsRlJ3ekt2UDBYd2VEUzFNbTZ6bzBQdngxR29INk1wSEU3VmtSZEszRElRbi1tc2p6NEJzZFNOcWl4akZ0Ny1QS1NVbi1MR1lWZkd4aERSTHBYZ1lDTmtjeXFpNWRFRVZfa0xZXzNpbVl5MVNnZEppSlViS3Q1UjJzUnVoZ0VFT2dtRXl0N0VYd0JSQkRpcDY2OWxRRjlIbDlLSmJLV3h1aEJB?hl=en-US&gl=US&ceid=US%3Aen,"ABC News - Breaking News, Latest News and Videos",10 hours ago,⚔️ Drone Warfare,https://news.google.com/api/attachments/CC8iK0NnNU9VVVZzYTFoRFowd3diRTlsVFJDZkF4ampCU2dLTWdZUlVZQVRvUVk=-w200-h112-p-df-rw,2025-09-28T18:35:14.604587
Russia pummels Ukraine with ‘massive’ missile and drone strikes,https://news.google.com/read/CBMiwgFBVV95cUxQaVBtUkxGbGpIdngtZ0pfUWVkUzZzVGNqRGMtRHJ6emZTcm5qQzdHa1JlQjR2UzBGU2JSUVFfYnJLMTV5QllBMzhYNVBraXp2bzV3MkdDMkVFc216UnFJS0xDWGhIQlZJcWxIYndHYUxWcUhyT1E2UnY5MDlyOGd6aEo3OC01YW5iN0tEckp2clJOQXNXcTRsdS1ZUGx5MHpVRnFPenVLdDZ5U3FSMkVyRVVqRllfc2YwNnU5YndJMlFuUdIBwgFBVV95cUxPYkludzUxNnV0RWwtY0pfVk9jYXhPcWdfblFhY0h0NjBSSWNmZ2tDMGRubnJxbzctWGx6djMzcGlVNE9FUzNTcnN3cWN1dk9kOEZWeUxZZU5EVjNpc0RUSnBpTzBqeWJ1N2dkM1pnOWhXLVVFUUg0OTF0YVFQM0tmVm1GSWFMLUQ4dXJKRFBHYy1EN3AyczB2Uy1YeWN6M1hEWE5vcF95YUFlVGhEYno2eUhrWkhxUFN4QVltc1hwTGlDUQ?hl=en-US&gl=US&ceid=US%3Aen,South China Morning Post,10 hours ago,⚔️ Drone Warfare,https://news.google.com/api/attachments/CC8iK0NnNWFXR2RsVVV4bGFVOUtWREZFVFJDUUF4aThCU2dLTWdZQlVJaW94UVU=-w200-h112-p-df-rw,2025-09-28T18:35:14.604590
Major NATO nation launches response after more Russian drones spotted over military base,https://news.google.com/read/CBMikAFBVV95cUxPTjd0UTJNUEx3RXp3MlNyc2hrRkZMWTdpVzU4aUU4ejhrazRLckJUSzdpZkY5SU45Y3RBYUtmMXVxV2h0NDZjY0RpMmlqYm84Um1vV1VVeExwSHFQeXlHR2ExX0dWZUdwNUpHWi1jakFrRlBlS25tSnVSaG1pbUc5UzB1ZXZySGVsS0F1VmVuRHjSAZYBQVVfeXFMTmphb0FwZlZZN1YyUTNQUkxwd0xBYS1RMHVCUS1YVHZjenB6Wjc2WUhmRlc5TjNPN1BtUzVhdnhoak5lSUhRWVhiQnRQYk1nVGticmtsS09WcHVfT3FLVF9pR1FkQUtGbXozNktUSmZ3bTFjMUVqT19Ob2R0WERYQlBMWUUtMG1LMmF1azY3NVAzSnRsbDln?hl=en-US&gl=US&ceid=US%3Aen,Daily Express US,3 hours ago,⚔️ Drone Warfare,https://news.google.com/api/attachments/CC8iJ0NnNXRlbEJXTkUxb1RXaElaMFExVFJDUkF4ajhCU2dLTWdNbHhnNA=-w200-h112-p-df-rw,2025-09-28T18:35:14.604593
"U.S. Plans Potential Drone Strikes On Drug Targets Inside Venezuela, Signaling Major Escalation",https://news.google.com/read/CBMie0FVX3lxTE5VMVJCNkVZV1pMdVFYaTVSYXZtR29HSjBDVE5YZUgzbEZVT3hlWERramFNR2JoQVpJV0d5NTZCZjRreDFPdEZZd2k0V2F5c2I0NnNaX1VXVTZIYWhyUW5TWUVpcjdvTm1COHMzRnRCNl9TV0RpelVTNDUwYw?hl=en-US&gl=US&ceid=US%3Aen,AOL.com,1 hour ago,⚔️ Drone Warfare,https://news.google.com/api/attachments/CC8iI0NnNWlia3h3VGxZNVJHSXpZVEpqVFJEZkFoajRCQ2dLTWdB=-w200-h112-p-df-rw,2025-09-28T18:35:14.604596
Europe Accelerates Drone Wall Plans As New UAV Incursions Hit Military Sites,https://news.google.com/read/CBMidEFVX3lxTE56QzQ0YWhGWE4tVkl6TWhLaU5SMjlqVU5ac1NZZUpMQ1pKUmg2M1hTZHAtdkk0blg0a3JFNXNuRkpLX0JNbXZZODV3bW90cWNZajRXODRIc09hOS1TcVR3VHlFY0ZaSjNkM0N1VjJHN285TWpo?hl=en-US&gl=US&ceid=US%3Aen,DroneXL.co,3 hours ago,🛩️ Military UAV,"https://encrypted-tbn2.gstatic.com/faviconV2?url=https://dronexl.co&client=NEWS_360&size=96&type=FAVICON&fallback_opts=TYPE,SIZE,URL",2025-09-28T18:35:14.604600
Unknown drones spotted over several military facilities in Denmark: Ministry of Defense calls situation critical,https://news.google.com/read/CBMizgFBVV95cUxPa3dPdW5BUTVaU3ZpVllHM1lOblZEYVBDa1VxbVktRk51NkJlcEFBU3M3Q1RhMHpIbWEtbUFsQ0NzeXE5LXh5bVVLQ1EtUWFSMGwyYnpWWXRNWjhoV1FLTUdOYlpvb01qTWdIdmtoS0kzeWFndE5ZV05mN1RHWjdJbFNIZGxrT2RHbFZ5ek03VkdONUY0MFYwWFdGOFlsRnFWTXRrdGFGY3g3Yl9PQXYyLXBDeXlZWjFJc1ZEdHRFNkJYQUdnVGhLSERQSGdBZ9IBzgFBVV95cUxPa3dPdW5BUTVaU3ZpVllHM1lOblZEYVBDa1VxbVktRk51NkJlcEFBU3M3Q1RhMHpIbWEtbUFsQ0NzeXE5LXh5bVVLQ1EtUWFSMGwyYnpWWXRNWjhoV1FLTUdOYlpvb01qTWdIdmtoS0kzeWFndE5ZV05mN1RHWjdJbFNIZGxrT2RHbFZ5ek03VkdONUY0MFYwWFdGOFlsRnFWTXRrdGFGY3g3Yl9PQXYyLXBDeXlZWjFJc1ZEdHRFNkJYQUdnVGhLSERQSGdBZw?hl=en-US&gl=US&ceid=US%3Aen,Українські Національні Новини,6 hours ago,🛩️ Military UAV,https://news.google.com/api/attachments/CC8iJ0NnNWxNMEY1UlY5UlZUWndjRmMzVFJDMEF4aV9CU2dLTWdNSlV3SQ=-w200-h112-p-df-rw,2025-09-28T18:35:14.604603
Microwave weapon downs 49 drones with a single blast,https://news.google.com/read/CBMicEFVX3lxTE54VFFtcVYwSFE2WXJPblJOTlZDYXVEVUFaT2xuZDBPV2ZUckR0eHgxMkhvWUxEYk1CcHVzUGlCSzd0OXFxc2VXa2xXa3FYbEIzeTAxWXdyZENSN291a1FKck41ZTdtaTU1azVkRE9LbWE?hl=en-US&gl=US&ceid=US%3Aen,New Atlas,13 hours ago,🛩️ Military UAV,https://news.google.com/api/attachments/CC8iJ0NnNVdVbFEwVTJobE5FMUhWMHhuVFJERUF4aW1CU2dLTWdNaEJDUQ=-w200-h112-p-df-rw,2025-09-28T18:35:14.604606
Denmark detects repeated drone sightings near military bases,https://news.google.com/read/CBMikAFBVV95cUxQMG55MlJCTXBac1l4LVFXRGczakVzS1JlRnZJMmRCOFVBZHZ5d1dtbTlKMEpzajJ0NklwQ3IwOGlKNVdiX0pKZ3JuaGlzaWM3MXVsZFBKY1ROQ0dOeFR2VkpnMk0zMFZWbVAzcDB1S1N3WjhjNHF1Mm94R3pZR1FObk1vOVY5RThMX0ctd3hLMHI?hl=en-US&gl=US&ceid=US%3Aen,Caliber.Az,4 hours ago,🛩️ Military UAV,https://news.google.com/api/attachments/CC8iK0NnNHdaRFZPZHpOUFdWOUViMU4yVFJDb0FSaXNBaWdCTWdhUmNvUUpVZ00=-w200-h112-p-df-rw,2025-09-28T18:35:14.604610
Drones spotted near military facilities in Denmark,https://news.google.com/read/CBMikwFBVV95cUxNRnh5QnhtWVJRUUZBR1lzUjNESXBVd3NIcXBheHdvOEVRdlkwbC16Um9aOVhRejFuN3RtUG80Q2ZpWjlsYm56cmxjMkxqMmpsRDlKRTZpalJMM0RxUGhzU3lYREtaQktCR1RnYU1VMEtXQnRtMDVNYkpIRWFTcmtuZUlnWko0dGhkR1NNelpCeTg2YlnSAZgBQVVfeXFMUGZNenA4MjJPdTlJVkt4ZE9Hbm82SnIzT3d4YjBaZUMweHEya25UbnRncm1EamMwUlFwbFpja0xPRDg0RzJSbGM0Q0RUTlZBc2htMzNxeGgyaTZyX0x4YlFMbEFsdERQQ2xxaHhtLW94U1h5VnRSamJsWVJsdTJiNldjZDRGV1VjUmF0d3o2WEY2LTlHQ1A4aGM?hl=en-US&gl=US&ceid=US%3Aen,news.liga.net,4 hours ago,🛩️ Military UAV,https://news.google.com/api/attachments/CC8iK0NnNUJWbDlPT1c5NlVqSXphV0ZCVFJDZkF4amlCU2dLTWdZQng0Q2kxZ0U=-w200-h112-p-df-rw,2025-09-28T18:35:14.604613
Russia Expands Drone ‘Kill Zones’ Strategy on the Battlefield,https://news.google.com/read/CBMioAFBVV95cUxQMzRPb1Vwc3o0VWtxZXJOcjhyZkNYemFkX1N4TENUSnliWFJKVEVvUUh5b05iM1VvV1dVZUVPamRKRXdJWFBORlpYcFpfN0FnQlpOaW03NWJKS1hnaHRHU0FVbEFnNk8zNFlGOS1yOGttR0phanUxVThESUt6aWIwYVhVYkZHWFFELU4wZDMyVTQ4OW9qa2J3VmgtQVZ5RzVW0gGkAUFVX3lxTE1Ua1hRdzhWWXpwQ01KbGNfQlBvaG5BUEdwek9hOTFVMXVNa21Zcmd0STBqYW5xVlZHelZpb3lseHprRTZiMkVwSTZ0TVl5eWxUMmhwTnVZVzJnSU1LT0dMTVl0ZGdaT1Fya0c3TjR0Y3pJR3FicWxGRUtKX2NlQVBybkxzUDlYRFNTTnJ6OUNjdXFkNy1zeVozUjEtSlJwbFZLRWNS?hl=en-US&gl=US&ceid=US%3Aen,Военное дело,10 hours ago,🛩️ Military UAV,https://news.google.com/api/attachments/CC8iL0NnNUhVV3RwTmtJdFltRjVjRTlWVFJDZkF4ampCU2dLTWdrSkpJaVJRZWF4Q3dJ=-w200-h112-p-df-rw,2025-09-28T18:35:14.604616
The LongShot Munition Could Transform Aerial Warfare Forever,https://news.google.com/read/CBMingFBVV95cUxNdGU0TVY3S3JZeXppRWFlczlOazJlRnEyM2VRejlsUUpZNEpINERFR0ZuSWJldGxpanlLbVpUZi1MUTduZXZiSW1sYWwxSENCVVd4Z0RISEhsaS13TmZkOEt1eWtFQUFsaEp4RXBOLTBBWmtkb1hGSXJtOTlsSnBnaDExMS1zZjV6TzlNd2FwZDlLaUlTNHhpMkcySUMzdw?hl=en-US&gl=US&ceid=US%3Aen,National Security Journal,3 hours ago,🛩️ Military UAV,https://news.google.com/api/attachments/CC8iJ0NnNTJaRlZHWXkwelZ6Wm5aUzFrVFJDZkF4ampCU2dLTWdPQkFnbw=-w200-h112-p-df-rw,2025-09-28T18:35:14.604619
High-Stakes Drone Showdown: Why the U.S. Is Scrambling to Catch Up with Russia in Ukraine’s War,https://news.google.com/read/CBMiswFBVV95cUxNc2RQQ2FoemFweTcwRm93akRqd3c1RUdfa05GaXkwdjVpS3VjV29mZDRHRkh6TGw0elV2TG9qcVhLUVNLYk5GdFJWWFI0NVJad3p2Y0Z6Q2JyTlpmTlBIWm50RVdfUzhDM0pnSk9kMVZfZEpJYXVNSTRwRHdtdnZBZWp0bHFSOF9OcVA2TkpGRjB0TG5GTjNRcEZaN2k5d09YWEJCWjFwYXJTVEh2WUMteVVsRQ?hl=en-US&gl=US&ceid=US%3Aen,ts2.tech,12 hours ago,🛩️ Military UAV,https://news.google.com/api/attachments/CC8iK0NnNU1URzgxWlRaZlltMXhNR2gwVFJDZUF4amtCU2dLTWdZQk00NVJtUWs=-w200-h112-p-df-rw,2025-09-28T18:35:14.604622
"Russia pounds Kyiv, other regions in mass drone and missile attack",https://news.google.com/read/CBMixwFBVV95cUxOcnBySGRzMVFsa082VWRHX292dkRROTI2QXFsZ05DSnU3T3phRlhxTDFOZHNGTGRfdmR5Vk1iT1JReEZRZzBHdDFHVk5ydXg4MW5LbVMxb2ZtRlJHZUV1TWVKMnVUcl9Jd2pnektQLWdnYUtHVVJ2LTFMc2FKeHp1QklfNFEwamNIRENoc3d3ZHhjdnRoSGdoZTNCVkZ3OFVNbTAybnA5eEZaYW4xT2UxOHZkSkcyQWlpY3ZOVUgyblNoR3JrVGNN?hl=en-US&gl=US&ceid=US%3Aen,Reuters,2 hours ago,🇺🇦 Ukraine Drones,https://news.google.com/api/attachments/CC8iK0NnNTVjRmhyUWpZelVHdExORk00VFJERUF4aW1CU2dLTWdZQllvQ1FLUWs=-w200-h112-p-df-rw,2025-09-28T18:35:14.604625
"At least 4 killed in major Russian drone, missile attack on Ukraine’s Kyiv",https://news.google.com/read/CBMisgFBVV95cUxNMmp3bUNSQ0tndTBpS0RNV1ppT3hIQ1VVcnRnZUFXLUE3V1Vqdmtocll0R2M2V0k3NnVSNGNoQXEyWFVZM1F1a1k1SGlUc0xWQVFYRjFtTlc2ZV9NOExpVnBkZElPMXZyX0FQdDRHU0MzQ2g0R2hpaTJud296TGdScXU3TUJqaGdsU1N3LU1QanowdTNIbElBMGV2OUFRdzVBZjVsUXdEYkNGX29FNUs1RE9R0gG3AUFVX3lxTE1nUWZFbERXU0ZZeEpXNFl3YWJCdjFEZDg5VFFYek5CQ2NXNXpDTl9lYldvbk85RmVQMk5lODRCZzZ0dV9JajlOODJJWWpUVjJzS2k3TmEzNkdOY2xuY1RmUVFOLV9tUF9jTnBMLUN4NUN6eFFERDRrVkNGLXVUU1dLRFdzZG1jS3RoM20yYWdVZDBpYW8zY2kyNzRmYUk3NGFlM1pILUZPTWpsNnBuZUpNTndZVE1ydw?hl=en-US&gl=US&ceid=US%3Aen,Al Jazeera,9 hours ago,🇺🇦 Ukraine Drones,https://news.google.com/api/attachments/CC8iL0NnNHpkV1U1WVdwMlVIa3lNbE5NVFJEZ0F4aUFCU2dLTWdrQk1JQkIxYUc1YkFF=-w200-h112-p-df-rw,2025-09-28T18:35:14.604628
'Hundreds' of drones and missiles fired at Ukraine by Russia,https://news.google.com/read/CBMiV0FVX3lxTE9IN3lGZTFiT1Y4ZWF6MWVJMlRCY0FGSkRlZFlyZFB6Um1rbHNLY3dUMWRVeVFJTHhscFB6Vmw0dXltV09VVzlZWEN6WXptTW5MaTZ6M1NyWQ?hl=en-US&gl=US&ceid=US%3Aen,BBC,5 hours ago,🇺🇦 Ukraine Drones,https://news.google.com/api/attachments/CC8iI0NnNTNOM0ZxUjNVelJIZFlNVTVJVFJDMEFSakFBaWdLTWdB=-w200-h112-p-df-rw,2025-09-28T18:35:14.604631
"Russia attacks Ukraine with one of the largest aerial assaults of the war, killing four and injuring dozens",https://news.google.com/read/CBMiogFBVV95cUxOdmFzYzdfazEzSE91c0FmeDRiejdYSkxaRmExdi1FMmNaXzlIYXB3aWNhVkh6Y0FMU21mV0s5Z3QxSEtEUXRyMFpqZldRVENnbW4zQUFXYm9keG5KOUo5cFZsUWdvSzdHZEt2bXQ5MTNvdnc0QTlvV2JYbDZxelU0a21KLUN0aWdaeEZIOXZ4eVNvd0ZMbm5SbjBndW1CSTM4Znc?hl=en-US&gl=US&ceid=US%3Aen,CNN,12 hours ago,🇺🇦 Ukraine Drones,https://news.google.com/api/attachments/CC8iK0NnNWZXR3B3YUc4d1YxcHRNeTFvVFJESkF4aWVCU2dLTWdZVlVwS29wUWc=-w200-h112-p-df-rw,2025-09-28T18:35:14.604634
"Russia launches massive drone and missile barrage on Ukraine hitting Kyiv, other targets throughout country",https://news.google.com/read/CBMiyAFBVV95cUxNd2NId0hVSmFnUm9MNW5hT1dfYW9NV3A0ZHBwQ3hkd3hPZ1dCTUdSU19Da2xseGlmTEIwMzItcWIzdnVQUVpmWGRuZlhxNnYxVHo0LU1iR0ZiZnVreU90S2xUSVQwT2w1ZXp5ZGd2d29qVHRod3cyODJadDA4OFgyeEpHRWZiclhPUkFueDBuS2xmRThjQkFhbnpockEtWFl1LXRrNUxzTG9fYTJibC1sejNZRThyRTZQYzlnZFJ6bnZvaW80amU1etIBzgFBVV95cUxNcnd1a2p2SHpEdUNOMHdLUG5KbExheHliT3JWT2tIMUFBcFZWaVJrNkR4aW05N251RnM3SlJJOGcteTNHRk16YnBob0xLUnpRLWE3NjBaLWJMNmJUc2NLbEZzekViX0w3bkEyTmt3QWdxa1lYeXlkanBTUkZHa0lFOWhPZmxhWGZQQ19zSU1faHFWNFY1VU1oZ21SbXJVSS1KSENEZlNqNllvUUpkWjhjb1BBblJ1OUEzZlBXc3ZVdnRJb2habmwxY0d0ckNlQQ?hl=en-US&gl=US&ceid=US%3Aen,Fox News,6 hours ago,🇺🇦 Ukraine Drones,https://news.google.com/api/attachments/CC8iMkNnNUxSMlpIUm1kM05tTmhUMU0yVFJDZkF4ampCU2dLTWdzQkVJUWtJdVp6U0ZvdVRR=-w200-h112-p-df-rw,2025-09-28T18:35:14.604637
Russia launches “massive” drone attack on Ukraine cities,https://news.google.com/read/CBMilwFBVV95cUxQVk9aQXVFS0hUNUREbElaUnVRUjVyRnQ2UGFRN3ZMRVZjZHpJeHhxVVZESEhLaDZPdnhjTm9FamlnT2xFV1VFZFBiMy1vR01maWRsOTZLQVhLNTZuSWdDRlNYV2hMMHg3SVlHVUxNb0o1cmVBSFVpaXVtdW9pcU1LSGFVZGFGMDFtQ2YxeXZXVFdXaDNsNjBF?hl=en-US&gl=US&ceid=US%3Aen,Army Technology,4 hours ago,🇺🇦 Ukraine Drones,https://news.google.com/api/attachments/CC8iI0NnNHlPR2h4ZDJGSmEyRjBSalJmVFJEeEFSaXVBeWdLTWdB=-w200-h112-p-df-rw,2025-09-28T18:35:14.604640
Zelensky condemns 'vile' Russian strikes lasting 12 hours,https://news.google.com/read/CBMiWkFVX3lxTE9ONVA4Z1A1SlNjY0tvUFRsN29yeHBuRmxwQUxrVkd6ME9RM0I3UmRhMG1NWG4zLWF5VE5sU3ZGZEJqVGFkR3ZVZG9VdHVKYmJaVGg4MUc1elBqZ9IBX0FVX3lxTE1SYWZjYWRWX2xNMjkzM3o5anJwN0Y4ZnVjaTdRU19fNXVXckpZdzB6X3NNaHYyM3NnS3pXVnJOSm03Y3UtdFJCWE1CLXRuUXMwMFlLcllLbHFLdmhaNXIw?hl=en-US&gl=US&ceid=US%3Aen,BBC,6 hours ago,🇷🇺 Russia Drones,https://news.google.com/api/attachments/CC8iJ0NnNHRWWFJDTTJob1NtZzJUVzFtVFJDZkF4ampCU2dLTWdPQlV3SQ=-w200-h112-p-df-rw,2025-09-28T18:35:14.604643
"Russian drone, missile attack on Kyiv kills at least 4",https://news.google.com/read/CBMiekFVX3lxTE1qZHJwbTBXVkpfN2d6WlBMUFZyYjMxMG5hNFBlQS1rNWhSd0k5a2J0VFBVTXg5dkRZY080aXNuTHhRQkJWdTNqNkxmNlJWTUR6RU1ibDJXaGIwMlZJYkxBcWhuYW5BMzdBeTB5T1FkSWdFMGJmZ2s0UlNR0gF_QVVfeXFMTnNNNEpTSVk5cVNhSXRzempIdW9qdDUzcnluOHdKVjFUcEw4V2xlTldyQTlCWTNTRlpuZHdWYzhYLXp1Y1N6Xy1SNkJ0MUpYQXRUWHRsTUViVWpzWW1rdGlVVUxZVXR0M2pSQmlpUTB3TU4zTlhLODZCM0FRYkhXdw?hl=en-US&gl=US&ceid=US%3Aen,CBS News,6 hours ago,🇷🇺 Russia Drones,https://news.google.com/api/attachments/CC8iK0NnNWtZMDV1TUdGSGNFZFFNbkZTVFJDUkF4ajhCU2dLTWdZQllJcVd1QVE=-w200-h112-p-df-rw,2025-09-28T18:35:14.604646
China’s drone-carrying amphibious assault ship expected to start sea trials,https://news.google.com/read/CBMi0gFBVV95cUxOTmNpZXAtbEpHUW9NUlllWmVMTEhWSDNVSHhoMEdqamEwTEE2OFhuNm1zd1pRRVdjY2sxWnd0bFJyT0R4RkVjS2VsUFVnNVpXY21XZVhMN3c1UGczbVhfVkVQQ09MUmF5dEJnTXlSMnhwX2FJS2NxNXRmMmt4WGdwMW80ZDFNRzFKaWQ1eGtNalUtZFdRdDlCUzJGN2FkYjY5dzNpRTAyMzFNSHNKVUY5ZUtTaWRsZEdFTjdyRXdTOWg1Y2p3R0dkYUMyanprR0V4TFHSAdIBQVVfeXFMTzlBS0pNSy1KdjBucGo3di1JaUZlNlNJc1p5aTRBanZLOWk2VmFLWE8xS2w0MlFrM0VQcXNIcTk3ZEFCR0YtendKZGZFSVJvN3dEWVpYR0NYWGwtWXBMZk4yZUV2RWtxeEFmdlExRnRMNS1oNTVlWGJwNVVsc1JoSlotb1ZDSW1jWm5LTmM4T25GYVF2QVZ2cnJpcVY0MkNlWFo4b1prTzRKazM2Y1BWejl3SHJzNG5tdUFFdjlGSHRfRGlRR1NGTkpBUEFJVUQ3UUNB?hl=en-US&gl=US&ceid=US%3Aen,South China Morning Post,5 hours ago,🇨🇳 China Drones,https://news.google.com/api/attachments/CC8iJ0NnNWFZbmMwY21OMFkzUTFiMmN4VFJDUUF4aThCU2dLTWdNQlFBbw=-w200-h112-p-df-rw,2025-09-28T18:35:14.604649
Judge rules that drone maker DJI is affiliated with China’s defense industry — company to stay on Pentagon’s list of Chinese military companies,https://news.google.com/read/CBMijwJBVV95cUxOQnU3R2M3Q1htZUxTZHlSbmZzUFdyQ1c1MXRCU1RkQXJzbmVDbUJXWmlCMzViX1J5SXRYNFAydDVOVU51aXJXSjYzUHFaOXFCa3BreTNuaWxnLThhSm9zS3BZWEk0dENSVUF2LWlPZVdTYlI3UG5EYVVGTF9OS0ZnNW84cTU1ZXFpNDlGbmExdTlVMXYxNEhGbktYTjJCZ3FrbFBtRlVZWWQ0d3BqalF2enk5RmJFcnkxUElwUGdib25QdHdqYWtaSWZUU1lhRzJJZnpMblVRWTJsQmtSMnVSVEZDVmFfSkpSSnh3UTRfMFJlZGZmT09abkl3MC1acVQzYWI3b194a29zWEI2dE1Z?hl=en-US&gl=US&ceid=US%3Aen,Tom's Hardware,5 hours ago,🇨🇳 China Drones,https://news.google.com/api/attachments/CC8iK0NnNXhUa2xmVms5NmVGWjBiM055VFJDZkF4ampCU2dLTWdhZFlvYU1xUWM=-w200-h112-p-df-rw,2025-09-28T18:35:14.604652
U.S. lawmakers seek less reliance on Chinese drones,https://news.google.com/read/CBMiigFBVV95cUxQWjhoQ2FPd1BvREF0aHVycGlnNDBHU01wV0hGV0Y1WXpudHZ6UEpyLVlLTGNVdDZ6VTZHUVB5d0RiOUxjdFFTNzYyS05QdGVLNVRtSUJzWkRKMHhWNlcxYUktNEdzSVdTbEtLQlgtSzJ0OE5uU1E5NnE0X1o3c0xVNmlkRHYzTFdzNlE?hl=en-US&gl=US&ceid=US%3Aen,Times Union,4 hours ago,🇨🇳 China Drones,https://news.google.com/api/attachments/CC8iK0NnNTVUblEwTkVaTE5YRmtPVXRZVFJET0F4aVlCU2dLTWdZVklvN3ZHQW8=-w200-h112-p-df-rw,2025-09-28T18:35:14.604655
U.S. Judge Deals Major Blow to DJI – Could Your Drone Be Next?,https://news.google.com/read/CBMihgFBVV95cUxOWmlaVWNVZU1YX0xub1VvUHNrUkVvNmFwU1NBelk5d1hoMFVlXzFLWUNKV2VkWkdYOHZuYnV2WURUcWZvR0J6azZNcTV2bzNwTFJuUjA1MTNuVnQ5bXJfaGxWTktRVm90SUxvQ2QycVVPQ3FQN2lsU25EMmV0ZHNPX0tDWG9tdw?hl=en-US&gl=US&ceid=US%3Aen,ts2.tech,1 hour ago,🇨🇳 China Drones,https://news.google.com/api/attachments/CC8iK0NnNUljRzlKZVVkcmNGUnlaM2QzVFJERUF4aW1CU2dLTWdZSmdwUm90UWM=-w200-h112-p-df-rw,2025-09-28T18:35:14.604658
"China, North Korea vow united front against ‘hegemony, power politics’",https://news.google.com/read/CBMiWEFVX3lxTFBvSmo0N2w0WWs1YXh3bEptdVhycTNMU0wwbDNhNFZDTU5zN1k4TE90UldmN0lfOWZTMm9aVG1La1A5TjcxN3B0RHlOdnA0cS0zUDRqNHN6a0E?hl=en-US&gl=US&ceid=US%3Aen,TRT World,3 hours ago,🇨🇳 China Drones,https://news.google.com/api/attachments/CC8iL0NnNVRaMGRJY0hGSFRHOXVVRkJZVFJDM0FSaVRBaWdCTWdrQmtKVFVzS2VoN1FF=-w200-h112-p-df-rw,2025-09-28T18:35:14.604661
"China, Fiji celebrate 50 years with historic drone show, cultural extravaganza",https://news.google.com/read/CBMiggFBVV95cUxQUGUzbVl5dTl1MXVielpVdnFUa3BrQnFRdDN1UUxadFhaeGwxb1pKUk9aUnRZZWdGTmhEWkcyUTRyc1hxUzJBQW9OZWpwTmRFTlFzT0Z2bUFYdDBlNHg0WUk4aFYwbWhjWXNLS0VsUjJlOE9OSFJjTFlZWnZINFlBcVRB?hl=en-US&gl=US&ceid=US%3Aen,China Daily - Global Edition,9 hours ago,🇨🇳 China Drones,https://news.google.com/api/attachments/CC8iI0NnNTBNalprUm1kb1NqWkdWRXhhVFJDZUFoaXdBU2dCTWdB=-w200-h112-p-df-rw,2025-09-28T18:35:14.604665
China's new 'drone mothership' expected to launch for first test flight within days,https://news.google.com/read/CBMi3wJBVV95cUxPS0plREpjSGNmbEVhVEZLbVBLSG9fY05aLXZxZFpXZHV2OGN2bVE2NDRON1MtQkdzcXZjR2l6dV9wV19TR0lqMXkwaGdKMGdZQkh6UWhLdTZveXJYTmZZdHFhYmt4V3B2T0lXd29MU2xVVUNROEo2cThjazVkUHV5UFBzbVdZMHY5RFhJbTAxRTZaNnR5NnJ3bDluQVg1VEdqOU9XNVR2WGlGaENUckVwdE1UZHZvNHp1Qm9ZRktOMkJSNUQ0R0lINjdpNjRnYWNLLVZ1NTh4Mjlqdk5uWGNvd3BVZFVoQ29DQU5EQ0lSa0hhcVpzZ056eTBMcDFjRG5aYXgxckNUTVFrX2VrVjh5QXFJbmUxTlhQUmh4Q3JsTVhmNnRRXzQwaFZsa0J6Y3JUeWYyTG5udW1DV0Q1YXh0WDllX0UzVkM5N1BvYzk5Vmpla2VlNmVIVHV5TDhobWM?hl=en-US&gl=US&ceid=US%3Aen,MSN,12 hours ago,🇨🇳 China Drones,"https://encrypted-tbn2.gstatic.com/faviconV2?url=http://www.msn.com&client=NEWS_360&size=96&type=FAVICON&fallback_opts=TYPE,SIZE,URL",2025-09-28T18:35:14.604669
Attack on Europe: China and Russia agree on massive drone strikes,https://news.google.com/read/CBMiiwFBVV95cUxNOTc5SkxBUXIwSUxrMUUzVk9JcFFaNmFJaEZUMnJRallabDFITHVVYmJPdzBMeXRDYW82Y2FhbWtweXBPSXJhU0cxU3FTb3BzQ09KeDliaDBLSkhXZ1RQdGhHbUxwNGxtUFMzRDdseTdDSFA5aF9YNGU2WUtvZGtzRFhsOGk0cVVrWjlJ?hl=en-US&gl=US&ceid=US%3Aen,Прямий,6 minutes ago,🇨🇳 China Drones,https://news.google.com/api/attachments/CC8iL0NnNWxRM1ZEV2pCUVl6WkhSbEU0VFJDNkF4aTJCU2dLTWdtSlFKaUhHaWd0U1FJ=-w200-h112-p-df-rw,2025-09-28T18:35:14.604673
"DJI loses lawsuit against Pentagon, leaving its popular drones in peril",https://news.google.com/read/CBMidEFVX3lxTE1mRExxV3NWRjdxbDg1S2ZHalB3ZEp3N05nX1BXTThualotbUo4bWMyYnJjWUc3R3ItdDVMeGRZLTNkRmM1dzhXQWJwcWkwb2ZlZFhpTnNTOXo3WE9vaGhIcUk4ZURfNEFtd2t2bDBRN1ZKTUFj?hl=en-US&gl=US&ceid=US%3Aen,Mashable,20 hours ago,🇨🇳 China Drones,https://news.google.com/api/attachments/CC8iK0NnNW5UMVJ5V0Rsck1sVnBSR2h5VFJDZkF4ampCU2dLTWdhVllwS05KUWc=-w200-h112-p-df-rw,2025-09-28T18:35:14.604676
Explainer: Why every country is scrambling to replicate Iran’s Shahed-136 drone,https://news.google.com/read/CBMiuAFBVV95cUxPc2tFQ19xaWdDeHphQkN6RmdiV0xlRDE0dUFaYnlSRUtocFFxY01sMVBNQXRFbnh6Qmpick9rNVRxMWM5NURzd0dEVmlHTGRsRzRmcHRPYktobEtKMlNVbF9QLWsxNUUyWkVmQ01rblJvTklBSlZhZFdRa0l5YnV4eFo5ZXdUVW9FclZLSzl4NTJwLUtvYkEzaW16UnFhenVPUnN1VDBNUGhKSlVIcFFsdEF5eDFKdDly?hl=en-US&gl=US&ceid=US%3Aen,PressTV,4 hours ago,🇮🇷 Iran Drones,https://news.google.com/api/attachments/CC8iK0NnNTNUREZ4VDNOaVRXeE1halU0VFJDZkF4ampCU2dLTWdZUk1aQzJxQWM=-w200-h112-p-df-rw,2025-09-28T18:35:14.604679
"Russia Pounds Kyiv, Other Ukrainian Regions In Mass Drone And Missile Attack - Iran Front Page",https://news.google.com/read/CBMinAFBVV95cUxNQUJXeUdJbGR1UllOYnNUa2ppRmhMN19sS01OVFVpZ1FxellQZTNuRmlSOWd0eERGdDU0bS1nRlhZZTZyMFdtMkVJRkJmemRkNmM3VHAtVGVFMDZySUxBbUozb3RnOWpPak1DemctcHpIcDB3X0gwWkpHQk8zNHMybzNoQ3hJdmItLVFIY3p2aWVLdmlkSFpIeGNGUVjSAaIBQVVfeXFMTi1XaFQwOVFhZUVadjBwU0E4Wk5JaDhXaUNYYWZKbmlzS2ZUNlJINUN6T0FuQV8wazlfZklsQ1EtSm0yMU5FdEUzSGI0aFdkcGVOQWZvMzVncFdZQk1rN013aDA5LWpNcTYxT1ZtVHFCSmJhOFFHcFVOVTZyNGg1ODZ2YklsWnNRQkNMN1VtVlA1dnhLUzhQb01NOWdBZkVmU2NB?hl=en-US&gl=US&ceid=US%3Aen,Iran Front Page - IFP News,5 hours ago,🇮🇷 Iran Drones,https://news.google.com/api/attachments/CC8iK0NnNXpWbTgzVVRjNFNXdFJhV3hIVFJERUF4aW1CU2dLTWdZUllJcVVzQVU=-w200-h112-p-df-rw,2025-09-28T18:35:14.604682
How the Iran-Israel war made contraceptives popular,https://news.google.com/read/CBMilgFBVV95cUxPTlBCWWloZjktQi1kV1hOUGJuNGRQYmQ3U1VObnRoNk5weHlGNDl4VUtzRGk1cGU4NV9xVnRDdUtkZjZteWM0cjRrVlJhOHZseWhpeDJjQk9yMWJOeWdId3AtUUtMMHNpX3BDQUw4WWpUMmxOZnJIeDd5cmtMTVpOeEFEcV9SZHQ1bE1uYW1HVmREbUFlQ3c?hl=en-US&gl=US&ceid=US%3Aen,www.israelhayom.com,5 hours ago,🇮🇷 Iran Drones,https://news.google.com/api/attachments/CC8iI0NnNUJlVVpWVDBaNFYxQkpWVEo1VFJERUF4aW1CU2dLTWdB=-w200-h112-p-df-rw,2025-09-28T18:35:14.604685
UN Reinstates Iran Sanctions as JCPOA Dies,https://news.google.com/read/CBMihAFBVV95cUxOS3dzX2xWdl9EWm1rU3Z2ZXZHdFdVb0dMaW5oNzVya0otVTk2SXZ1c2NRSUQ5SDB0REcxbEl2Vk8tVmRLZzIybzFyNWpKRjZ1ekVCZWJoTGt3ZEU4a0tvcEFEMUxCSXB2aVFCMTkzdTRhSDlvaTZqTGNuNE0yaFE2bnFUMDU?hl=en-US&gl=US&ceid=US%3Aen,조선일보,2 hours ago,🇮🇷 Iran Drones,https://news.google.com/api/attachments/CC8iI0NnNUljblphWm1KbVFqWXdTMkZTVFJDVUF4am9CQ2dLTWdB=-w200-h112-p-df-rw,2025-09-28T18:35:14.604688
"Iran Denounces UN Sanctions as ""Illegal""",https://news.google.com/read/CBMimAFBVV95cUxOTUNSTGs4N1hDY1Y2a2VqSUp3RTRRVWw5OXhpbzE1VTh6NEtuSUJwNG9LWXlGRVl3dWtZLU1ENzYxV0QzVVNGUkNjYThsTTdCZmZTcG1iLXhKbU94aWdyck5RMFZjaVk4UHFNSUk2VExNWHNfUGczRzNmU1NVejc2dlZvTy1waWtoSjBXR3M1R09mZXpXQTc4Mg?hl=en-US&gl=US&ceid=US%3Aen,The European Conservative,11 hours ago,🇮🇷 Iran Drones,https://news.google.com/api/attachments/CC8iL0NnNDJRM1F3TkdSNFVuUm1NekJhVFJDZkF4ampCU2dLTWdtQk1JenBvV1JraHdJ=-w200-h112-p-df-rw,2025-09-28T18:35:14.604691
NATO beefing up Baltic posture after Denmark drone sightings,https://news.google.com/read/CBMiqAFBVV95cUxONUdFTHhyanN3QUhGRG1nTXNFa2NraHV4ZkctYXFBZjRGOHpGTkx2S2I5RXJPZTR4c2t6ZXI1d0UxQ3BhdDRSVVZ6UWhDcmpSNzd0SkJRcHdjSHdWdGpCU0lJSFMwWHJ0ZE93cUwwTG5Qd0UxUHJUZ3BkMjBKa09HUzdGbURYTHIwZjNmSTVmbXFBaHFEX0hHUThhUm1pa1dDeF9TM3dxQm_SAagBQVVfeXFMTjVHRUx4cmpzd0FIRkRtZ01zRWtja2h1eGZHLWFxQWY0Rjh6Rk5MdktiOUVyT2U0eHNremVyNXdFMUNwYXQ0UlVWelFoQ3JqUjc3dEpCUXB3Y0h3VnRqQlNJSUhTMFhydGRPd3FMMExuUHdFMVByVGdwZDIwSmtPR1M3Rm1EWExyMGYzZkk1Zm1xQWhxRF9IR1E4YVJtaWtXQ3hfUzN3cUJv?hl=en-US&gl=US&ceid=US%3Aen,Hürriyet Daily News,11 hours ago,🇮🇷 Iran Drones,"https://encrypted-tbn2.gstatic.com/faviconV2?url=https://www.hurriyetdailynews.com&client=NEWS_360&size=96&type=FAVICON&fallback_opts=TYPE,SIZE,URL",2025-09-28T18:35:14.604694
"Russian Nuclear Bombers Attack Ukraine; Massive Drone, Missile Attack In Kyiv & Other Cities",https://news.google.com/read/CBMi_gFBVV95cUxNYzJELXpIUnQtMlc0dGJPSUlqanRyV0lXZlM4cHNBYldLNmhKOFZuQkRRLWZ2RzZMa21sdzFid01TM05rNHlNZ18yOXk1ZkY0M3NCZXg3OV9EMXZZNXN3VHYybnROZFFsTjhyMHp4UmFoWWhDWE92OTN5TjN2aVBUcHIyY3VWcFdmU3haY2lRZGFUQXdNYXVMQWxRcnpLc0FsemRHclNKV0dRQWQ3eFBMMndhVjJWOGxpb0xadlNkMi1uekNVM21HNnVtazRhSUV6dVNfanVtQWFnV3NTaVZuX05wS3F2UlduTGdCVzZYMkg2Qlg4WVpvUzBId3M5QdIBgwJBVV95cUxPQ3pSOGE2VS1LNUdXbmp1X0otcmVpQ3RpaXE5Nm9vcFNTUDZUNHh2d3RwS3FCRWpCZEhxOVlnMEMyM21sLW15S2Y0Y3NjNlZ6TC03QnkwMXJueU95SldGSXR4QzBydElkMzNmVkRwbHNCb0hTZjBnclVZMG5KTnlBN0xuQ202YTdKZU01Z3VkcTBKYzZYU3lGSDhrakJxSWI1blZBd2tBLTBnYmNKTTZ0M0k4aFpoa3llMWdoMU5UY0pfZHJtdEpCOVhxTmoxeW51TnJJVzMwTzAwbHdMNXJpMzJVaWVscEFfMG9SS3pkZmdHZ2lSR0VQVFFZd0x1Q01qVzdB?hl=en-US&gl=US&ceid=US%3Aen,The Times of India,10 hours ago,🇮🇷 Iran Drones,https://news.google.com/api/attachments/CC8iI0NnNUpkVk5RUzFsR1pWOVVjbEZ4VFJEZ0F4aUFCU2dLTWdB=-w200-h112-p-df-rw,2025-09-28T18:35:14.604697
UN reimposed arms embargo and sanctions on Iran,https://news.google.com/read/CBMieEFVX3lxTE9ST2NxSmY5YWJ1TXJPSU44b3Uxb3dHQzdFM1d4c0hsVnhmWldLNDNXelk4TUdadXhaZkpnTHEzVy0zV21tTGYwbHEyTlBIaGdmUklVUzdiZlVEUUVpc0s5N09vOUIxemt2U3NueHd4eUNYblFzQTFuatIBeEFVX3lxTE9ST2NxSmY5YWJ1TXJPSU44b3Uxb3dHQzdFM1d4c0hsVnhmWldLNDNXelk4TUdadXhaZkpnTHEzVy0zV21tTGYwbHEyTlBIaGdmUklVUzdiZlVEUUVpc0s5N09vOUIxemt2U3NueHd4eUNYblFzQTFuag?hl=en-US&gl=US&ceid=US%3Aen,Українські Національні Новини,9 hours ago,🇮🇷 Iran Drones,"https://encrypted-tbn3.gstatic.com/faviconV2?url=https://unn.ua&client=NEWS_360&size=96&type=FAVICON&fallback_opts=TYPE,SIZE,URL",2025-09-28T18:35:14.604699
Russian missile and drone barrage kills four in Kyiv,https://news.google.com/read/CBMi3gFBVV95cUxNTkxkMHhONTdKcC1RNmM1aC1SamtJTFpZZzE2Ym0zd1JnQXpjOEwzeWtReW5KWFFQc0J2WHNYQTFXQXhvY1E4OVROYUFMUTZhclNTbi01ay14VUNOeTN4SXR6NHRsbVhib3FNNllsYkxVaS12RnZpR0Vqd1djNnNkZ19OWEV1OFg1ZUY5cFBxUl9hRlRuVTRlRXNqUElvTWhUS2xpamtQWUxCYk1vVmsxNXpxd25yU0RXWmNrNGUzNnlpanFwY0hvcTE2aGNBRzlpZFVhQnlGbkF0Ry1qQnc?hl=en-US&gl=US&ceid=US%3Aen,KMVU FOX 26 Medford,8 hours ago,🇮🇷 Iran Drones,https://news.google.com/api/attachments/CC8iK0NnNVRiWFpyZVcwd2J6TnJZMk42VFJDRkFSaklBU2dLTWdZMVFKcHdJUWs=-w200-h112-p-df-rw,2025-09-28T18:35:14.604702
"Sumud Flotilla Nears Gaza Despite Drone Attacks, Israeli Threats",https://news.google.com/read/CBMilAFBVV95cUxOZ2k5Tk9OWVBnMzFWamtsT0JoSVVRSld5QTBrY1V6dnlYbl9QN2o3N2dYV2xRcFpkY2hKd1ZwT1RmcDBvNGlkZElMdmNXdmhMbFFBUTFuT2c4WUt3S2tTTG5GVVd4VjduMl96dGZqVGl3eFBvdFRxMy1LRlM1SFg3OFB0SFNScTY3TU5yQXlqdll1cEhU?hl=en-US&gl=US&ceid=US%3Aen,- IMEMC News,6 hours ago,🇮🇱 Israel Drones,https://news.google.com/api/attachments/CC8iL0NnNUlRMkpHWmt4WVJEZFhSMEV0VFJDREJSamRBeWdLTWdrVk1vQnEzV0ZxaHdJ=-w200-h112-p-df-rw,2025-09-28T18:35:14.604705
Turkey drones monitor Gaza flotilla near Crete,https://news.google.com/read/CBMiXEFVX3lxTE5XSHppZXljVzlxVW5oT3hBUHJMSy03emtoRElFRFpPVW10a0RaeWhhYXAtZUdERS00UnZRbjE4MVpJU2dPRkZTV0h3ZWs1eHBKc29EeHpiYTZ6X20x?hl=en-US&gl=US&ceid=US%3Aen,The Jerusalem Post,3 hours ago,🇮🇱 Israel Drones,https://news.google.com/api/attachments/CC8iK0NnNWpiM0EzUTA5TlRXRm5WMEpwVFJDZkF4ampCU2dLTWdZQm9JeXl0QVU=-w200-h112-p-df-rw,2025-09-28T18:35:14.604708
IDF says it foiled attempt to smuggle weapons into Israel from Egypt via drone,https://news.google.com/read/CBMiwgFBVV95cUxNTjdORlYtWllIYXdHemlLdEJSMXlqSlFOUnAxZlItTzBDd3djeFVFczNEb2Z3djdfMzR0Wm5uV2k0em5sVzNZcFZLRGo5RVZ6TVh3cDhRNFREQzZaLUJzM2ZGQ1VlcC14QmRpbmJ4ZU9XdnBFT0VhZmduZHJPQ0dMYUEzY3lFUnB4Zy1fYlBXbHNGMjFRTEFERHVlaEplZXh2azBvbXQ5VnNkS3lqY09fTU40SDN5aFpVY3phLTA4cjFBdw?hl=en-US&gl=US&ceid=US%3Aen,The Times of Israel,4 hours ago,🇮🇱 Israel Drones,https://news.google.com/api/attachments/CC8iL0NnNHlUV3B3WWtKNmQwUjJRV2x3VFJDb0JCaXJCQ2dLTWdtQkFZZ0xKZVdoQlFN=-w200-h112-p-df-rw,2025-09-28T18:35:14.604711
Hamas says no new ceasefire proposals after Trump post,https://news.google.com/read/CBMiogJBVV95cUxNUEtYMHRMbEJMMGhSTFpRV2dVMXZmZkxBbWsxRmdCWExtSDM1WHMtSWFHa0NnN1BxY3E5WjJsUy14NGphTnVuNUpLbUlDNDFrWFdNTHAwM05IV2VGT1pNdy00VEdvR2Ryck84XzdNc0F1S3BEenAxWWZGU2p1TDh6TlNCVGRyZHItNjRJMVhZTkpWUW5RU0dLZVBTLUJNYVRwWWFSSkxTbmFsdTFOem1qbjUxaGY0c1dULUtPNm9ZZ1JJbElKenE3VXpDQ0tCaFpiemJwbHBqVU1pNS02dUhZUDhteVhDU1V2bTRBVE5HRmZPQjBSR1pwYmJzVG53X29tQUpFMkpJRVZZV1FLbDN0WDR1T3VnSkFmQ1NsNThPR0xZdw?hl=en-US&gl=US&ceid=US%3Aen,Good Morning America,2 hours ago,🇮🇱 Israel Drones,"https://encrypted-tbn3.gstatic.com/faviconV2?url=https://www.goodmorningamerica.com&client=NEWS_360&size=96&type=FAVICON&fallback_opts=TYPE,SIZE,URL",2025-09-28T18:35:14.604714
Gaza-bound flotilla resumes sailing from Greek waters in challenge to Israeli blockade,https://news.google.com/read/CBMijgJBVV95cUxQNTA2eWFBemIzWTRWeWthT0cxNEpXOUNPZTIwdVN1S295a21adUZiTEFKTjhPaTlYU2Q5V19Yei1VR0hPWURZVDB1b0otdzNXbm9BSHdmVXdXTWhOYTBCekMtUHh5SXZUOUstYVMtRmh0RXlrYnNtZnEtQ0s4S095eGVkWTNCN0sxS3RpNVlnWFZ6QVd1OEp0eXlmN1BSYmxYSjFwWnJIYXl6bVB1ZUZfQ3BIOUlEaXB6RWQ2bTRkSmVGZUctWWZyOVNzNlJtcGpQWGMzaXotTDBWS1NRQlRVcXlSTnl0dUZjZXZ4d2x4cjN3VHdPQ1h1bVJsMVhwQm4xb1FLaXBSVlk1cVJGWnc?hl=en-US&gl=US&ceid=US%3Aen,Haaretz,2 hours ago,🇮🇱 Israel Drones,https://news.google.com/api/attachments/CC8iI0NnNVRZeTFsVVVGd1pucFhXVkowVFJEMEFSaWtBeWdLTWdB=-w200-h112-p-df-rw,2025-09-28T18:35:14.604717
Houthis claim Eilat drone attack that breached air defenses,https://news.google.com/read/CBMirAFBVV95cUxQRGx2QlJRaFowRzgxcThqQktxV1VqVVgtUFJBTE81VmZTeWZzYzJwTjJPMGZlb0xJT3BENTE5Z0hsSnVaVmp0b2Nwd3U5MmhwTUlqeHVidkd2UU1jVEZ0blZNQmlIT0xhLU00UFVicTFRUjJ1ZmZVRDdfQ2hSSXZkaTMtZERza3lMTlJaaUx1bVNwWldHV08tVGpmNWR5dkxMMGZNNkhSUVd4WXNt?hl=en-US&gl=US&ceid=US%3Aen,MSN,8 hours ago,🇮🇱 Israel Drones,"https://encrypted-tbn2.gstatic.com/faviconV2?url=https://www.msn.com&client=NEWS_360&size=96&type=FAVICON&fallback_opts=TYPE,SIZE,URL",2025-09-28T18:35:14.604720
“Our drone is a one-way ticket”: Inside UVision’s deadly marriage of surveillance and strike,https://news.google.com/read/CBMiaEFVX3lxTFBMOEg0ZWJQU1g5WFFJQWRxWW5IbV9HYnZaMGU4bWktZkJ3eEtuOEFSZmUxZ3lHUlpmbDBMZ0tpWVYxT3VCenlwTDFCM3NjdF85MEV4U2FOblBLdnBSNnVhSTVxdDhmV0tG?hl=en-US&gl=US&ceid=US%3Aen,CTech,12 hours ago,🇮🇱 Israel Drones,https://news.google.com/api/attachments/CC8iI0NnNDVXRk13YW10cGVEUkJTRzlUVFJEQ0FSaURBaWdCTWdB=-w200-h112-p-df-rw,2025-09-28T18:35:14.604723
Pakistani ship attacked by Israel: Drone hits LPG tanker in Yemen; Houthis hold crew hostage,https://news.google.com/read/CBMigAJBVV95cUxQTkFDT3VEZUtZNUNLa1hvNTd0alJ6eUxsbUxBV3BucEZQODNvWHA3dUJkV0xTZF9sbmxsTGhDaDNJeGZPMGl2VEtvRWc5TmxfWmEtb0NhdFJ6Z3RldnZYaXE3V2w3VFhEVlRjVnFQTUdQVjNnaEtNeWRvODRYNnE3NWJYLU8zRVhUdGRkaTBVVEotQ09LS0tnbVZxRkxRbC1Ed1NpZ0hFYm1NR25mWjdDUWVINEtOdkZLNWtkaS1mbnNyQlZIcXltMmhHWFZDM3NTelE2UFVLTzE0djY5NENXaURXaTJDcExFc0FmT2xjQ0RzTHQ2REtUVW9jbkVZMjVD0gGAAkFVX3lxTFBOQUNPdURlS1k1Q0trWG81N3RqUnp5TGxtTEFXcG5wRlA4M29YcDd1QmRXTFNkX2xubGxMaENoM0l4Zk8waXZUS29FZzlObF9aYS1vQ2F0UnpndGV2dlhpcTdXbDdUWERWVGNWcVBNR1BWM2doS015ZG84NFg2cTc1YlgtTzNFWFR0ZGRpMFVUSi1DT0tLS2dtVnFGTFFsLUR3U2lnSEVibU1HbmZaN0NRZUg0S052Rks1a2RpLWZuc3JCVkhxeW0yaEdYVkMzc1N6UTZQVUtPMTR2Njk0Q1dpRFdpMkNwTEVzQWZPbGNDRHNMdDZES1RVb2NuRVkyNUM?hl=en-US&gl=US&ceid=US%3Aen,The Times of India,2 hours ago,🇮🇱 Israel Drones,https://news.google.com/api/attachments/CC8iK0NnNUdTbk5JYkZwcU5EZ3lPVFZ0VFJDZkF4ampCU2dLTWdhZFJKTEtyUVk=-w200-h112-p-df-rw,2025-09-28T18:35:14.604726
"Russia has no intention of attacking EU or Nato states, foreign minister says",https://news.google.com/read/CBMiWkFVX3lxTE5SQlN0RU1vUkFSTl95T210X2ZERkpBeXRGZjc3bGI1VmFqdDMtajFMb1dHc0RxMW9YN3NheUhRSDYtLWNFV3VxNFVQSV9zbFFHUGF6cWhWLWU1d9IBX0FVX3lxTFA3NDJ4cmNMRXJpVHVRaGt2bVRDeWZVV0JVZ0JndFJaUWl2ZDEzanVJU3ROTlVBdk41Z1dSSmtJRUV0Zm96YW04Y21adV8yMUtUd0ljVzF5Rk9GQ2cwek9z?hl=en-US&gl=US&ceid=US%3Aen,BBC,10 hours ago,🇮🇱 Israel Drones,https://news.google.com/api/attachments/CC8iK0NnNXVVbXQwZEVKWmJHVlZibVYzVFJDZkF4ampCU2dLTWdhdE5aTE5tUWs=-w200-h112-p-df-rw,2025-09-28T18:35:14.604729
Witness to North Korea executions: ‘He was only 22 and shot for watching and distributing 70 songs and three South Korean TV series’,https://news.google.com/read/CBMilAJBVV95cUxNY1NGbVlLX19aZVkzODN1Y3JKR3hnYVpjdVNRUVFuRTJYVzNqOGxyQzlDZ1FaLS05NlJ4SGh1TmhhekJOelU2cV9rYUNNN2tURGlZYWpHckdCSURNbDN1cV80WTk2VkJDRmlGYXdsSXRoWjRqbmVxaDE4dXZVTmgwMlJsemhwN3RUYzRIQlNOUy10QTJ4ZzhnUzNQSmI1S2hvcEk5bE1vU1dkc3E2NW56b3JzOUlidnZFZUQ2YjM4NHExcGx4WHozdFU3M2swMGJuZG50OVFveFBlbUwwSHNFNlYxMkZhOGNrWURxQ0x5RjNtYU1uSXQwVVR3ZW1XMFB3dEx6TklubEg2Vm1aWERobkQ4ZGnSAagCQVVfeXFMTm94X3F2SWpZeC1ld0xZVUIyUGZQbUVycDJ2d0RZRG00QWNLVmtpdGdSenl6UWYzVEQxRzBOQWQ5RC1idnFVSGlXTmExVy1TSEJTeWV2VERaeE5xZHBaT1I5U2IzUmItcEdLMWhkcll6d21hTUtMekN5UnBpY2tMUkRHalR6RkRYMXpxZjdQMTFQRlNQUGVBZHA2LXJIUkRRY3lJb0I4enhkYkpYWmNyckRaNTFUUC1iRU9MOGtzWTdfdHZPSGFUcGozZFV6ZkVTQ2FXYS1xaTVoNEtfOGZxU05TN2RUbjBrUm1HbXk4d2l6MExKU3J2UlFFbHJ2cXhEOXVLQVR3TXRaaEVQMElLVmlBRVR0MjhqVllpeTgyTXZtanpkMFZrcTc?hl=en-US&gl=US&ceid=US%3Aen,EL PAÍS English,14 hours ago,🇰🇵 DPRK Drones,https://news.google.com/api/attachments/CC8iL0NnNUVORXBZY1ZOMWRIcDZhVGwyVFJDZkF4amlCU2dLTWdrMUVKSlFxU2NtNVFJ=-w200-h112-p-df-rw,2025-09-28T18:35:14.604732
OPINION - North Korea’s quest for a strong and nuclear state: Implications for Northeast Asian security,https://news.google.com/read/CBMiygFBVV95cUxPMHpDa2VSazlVU1NmM3NPeExfOHp0NzhiQXNYU1gxQ3VnZXEzVmdieGhTSEktRy1ueGhTX0tCVVE2Y1FaNFFRWU9zRC1fWENHa0g3Z1o3Mkhzc29JTmZmTWxMa3VvM2J6SDZHcENZTmRPdDFDbEU5VC1HZkxsb0tDWkxCYlNWZGpvSTNpZFVWSVFzQVJFWkoyLUxjR0g1bmk3R3pyNzlLNFhqZ3h3OWpUemczb3lVblBaYzVvMlRCY3E3b05rQlljZHZR?hl=en-US&gl=US&ceid=US%3Aen,Macau Business,2 hours ago,🇰🇵 DPRK Drones,https://news.google.com/api/attachments/CC8iI0NnNXJSMlpQWXpkVlRqTTVUVEY1VFJEQ0F4aXBCU2dLTWdB=-w200-h112-p-df-rw,2025-09-28T18:35:14.604735
South Korea asks Trump for peace efforts — what we know,https://news.google.com/read/CBMikAFBVV95cUxQMXI5THM5UVUwaktSXy1QdHNpRVlVLXM1aFhtMkt5d0p2MVBsQUZzYWpCTFQwWEszcHFrenJIYTVDMkJWMC1GWFplajh2cm0yMFlhbFdpQlJscU9RY3ktRllsbmFoLUtKcUhHSy1OUVYwcU1WZzA5UUJYZUJmclJ0MmVfY2RfVVdweFhZY3BsSTg?hl=en-US&gl=US&ceid=US%3Aen,Online.UA,1 hour ago,🇰🇵 DPRK Drones,https://news.google.com/api/attachments/CC8iK0NnNUhkR3huTTFCcVptUldkakpuVFJDcUJCaXFCQ2dLTWdZQlZaVE1vUWM=-w200-h112-p-df-rw,2025-09-28T18:35:14.604738
Russia slams European Union (EU) reaction to unidentified drones,https://news.google.com/read/CBMitwFBVV95cUxNd25lQ0pMZ2lfeHdtMDh5MEVsbEsxTXEtMTFBbUJid1U1dElLNUpMbUZaUTVJajFJOGU1eERTQVhuZ09zQ3M3MWhMcFlwWVRvYzgyQjRwVjR4d3Z2cXFtSGxxYWI5WFZ1Y18tdHVlSnREaThrb2tkMG5nRXktTXp4d0xkNlpUbkdaWjZkZlVpYlEzS0Z0cXdtaGIxMGg3RHpMbGJlQU13bGIyQnNIR0RJZlBhRHR1S2vSAcQBQVVfeXFMTnIxSmU4WTBHOHFNcHdfUFE1dnc5UXhBMy00Wks0YS1WaU0zRVFSWG5SNUNkdk9xWDJkVE05ZWducUdOdkZ0MVFEeUYxMDVORmMwN1dwVVJtQzREZUVpNkNIWEZKUDNLYzJweGx1Q3BTRlU2SzJOZHhUaWxQWV8xaktROV93STdmRzJiQ3RZT3BPT2l0SHczckQ0Rnp6UERULV9YRE1hOTdVcGo1cU03SXA2RVZBajlSSkJDQ3BqWnJoaDFLZw?hl=en-US&gl=US&ceid=US%3Aen,"The Sentinel - of this Land, for its People",4 hours ago,🇰🇵 DPRK Drones,https://news.google.com/api/attachments/CC8iK0NnNXNiRlZqUkV0UU1qSjVkbnBvVFJDZUF4amtCU2dLTWdhZFJKQ3VJUWs=-w200-h112-p-df-rw,2025-09-28T18:35:14.604741
Kim Jong Un urges upgrade of North Korea's nuclear arsenal,https://news.google.com/read/CBMilgFBVV95cUxPVGxHdVFOOFRLellDdVVhclhWSFhDUjJub3B6bjJWNDdpYU9oQk1uT3FwT0s2dnMxYTdIZGNSbHF3X0c0THBMUGNDWEhPTmhySTVBVFVyU0JTT25IZ2R1UVFaRzdoRjBBWFZrNXN0a0xXTEFQaWs4Q1BvZTRfU3I3R3BLREJIbTNBdmhZYnNGbzJFM2wxTXc?hl=en-US&gl=US&ceid=US%3Aen,AnewZ,19 hours ago,🇰🇵 DPRK Drones,https://news.google.com/api/attachments/CC8iI0NnNWhjVWhCYlZCQlNESkpiVVIwVFJDZkF4ampCU2dLTWdB=-w200-h112-p-df-rw,2025-09-28T18:35:14.604744
"Russia-Ukraine war: List of key events, day 1,312",https://news.google.com/read/CBMikAFBVV95cUxOMi0yeTJScVM3NVZMdE1sdkluOFh4Z0tRSkRQZ0gzTVZoZzBnajdyWFotLTBTcGllMldVMkpYVXNUZDlnYnA2OFNmcXpSVGdIU0gzblhGS2IwdnJBWmxNVU9tVlhxeF9rTmRYcUxWUjk3UlpGODd0c3g2Vm9UMHFJZS1jaWh4R3lvMWVpTE91Q23SAZYBQVVfeXFMUFV3MGprcVEyT3ZOdzJWakhEU0E1TXdodEZkc3pJRnp1ZktsQUFoYUZ2TnZnUzZOa3ZIYnY5LXA5aHYxWUVzYllTdjhwYi1ickpOYktzMlFnY3hydUdjLTBsajFSOWZYZlIwSDdadTNmT0dvckY4ZmlmeXl3VUtjVWJTQlVZVHUyZU80UUN2YmNINGFaMEpB?hl=en-US&gl=US&ceid=US%3Aen,Al Jazeera,17 hours ago,🇰🇵 DPRK Drones,https://news.google.com/api/attachments/CC8iMkNnNWxYM0IwWWxsdk5YSldjM2M1VFJDZkF4ampCU2dLTWdzQkE1SXhpYXZBaHRwZWF3=-w200-h112-p-df-rw,2025-09-28T18:35:14.604747
Turkey may be using drones to show support for Gaza flotilla,https://news.google.com/read/CBMihgFBVV95cUxPYXRXbTZ0WURCak1JcU1OWWw3WDVtWnpWMVJyOGpvMXF3dFBLZGYyTFVmSzN4UFExT2dDNk90TnliVWRSNURza29ZVjhEUmtyUG5uTEhSeTdXLVNEbWQ5VnA5T25iUmhCalpzakxiOTNVX0Z4QnlvZmd1bWhyTUpwRTBvR0pzQQ?hl=en-US&gl=US&ceid=US%3Aen,Yahoo,5 hours ago,🇹🇷 Turkey Drones,https://news.google.com/api/attachments/CC8iI0NnNUZWMGhhTURRMGRuZ3lTMEZmVFJERUF4aW1CU2dLTWdB=-w200-h112-p-df-rw,2025-09-28T18:35:14.604750
"US officials seek Baykar's advanced tech, production: FM Fidan | Daily Sabah",https://news.google.com/read/CBMiqwFBVV95cUxPbVFKWS1WZVltVkZCNjZSTjZ0SktTbGtnMUNmdU90WVJtcVZQNnltcFhuLVB6cUtiLUxSRjZoRXZSRzVJOUZ3c0hGaTNQcm5UMEZFcVBsdVBVcHJfdjNyLTJnb2ZmSHdiMGdWeGRvdVVtYl92OHc3WGQ2LXUtNFlrenJleTdmWU1rb01NZnF2NTgwNzlLLUtLSzlFWnpXYm10TFRkZ1QyREJsSzDSAasBQVVfeXFMT21RSlktVmVZbVZGQjY2Uk42dEpLU2xrZzFDZnVPdFlSbXFWUDZ5bXBYbi1QenFLYi1MUkY2aEV2Ukc1STlGd3NIRmkzUHJuVDBGRXFQbHVQVXByX3Yzci0yZ29mZkh3YjBnVnhkb3VVbWJfdjh3N1hkNi11LTRZa3pyZXk3ZllNa29NTWZxdjU4MDc5Sy1LS0s5RVp6V2JtdExUZGdUMkRCbEsw?hl=en-US&gl=US&ceid=US%3Aen,Daily Sabah,6 hours ago,🇹🇷 Turkey Drones,https://news.google.com/api/attachments/CC8iK0NnNVpibmx2VmxGekxYcEhhMDFtVFJEREF4aW9CU2dLTWdZTmNJekpQUVk=-w200-h112-p-df-rw,2025-09-28T18:35:14.604753
Denmark bans all civilian drone flights due to EU summit,https://news.google.com/read/CBMizgFBVV95cUxOVDdOeC15RTZZdnJ3OVpxRHNNQkFXQmxRMFV3SEJyQnJmN3l2T3ZybXNhdDhVYTVWQ1BFMzFYa2dlNkdjRkJTSE1zREJRblNybzRKNjV6RVlkOE5SZHNHejFlQ0FCRjN1VHhGNkdRT0F3Q2x1SUZ1OV9CTWZmWHdiWk9aRjhVdDM2cHNLYVB2U3RHOUVrQVVjRjh0ZU5xN05sSVlhSU5pb0VycXo1SUYwcGdwWnhmWUhlUjdqUFp6UEtoR1d4Y2M2TWtlNUpXQQ?hl=en-US&gl=US&ceid=US%3Aen,TRT World,5 hours ago,🇹🇷 Turkey Drones,https://news.google.com/api/attachments/CC8iK0NnNHplSFEwTFVScFowRXhTMlJGVFJDM0FSaVRBaWdCTWdhaGRKaXRMUWc=-w200-h112-p-df-rw,2025-09-28T18:35:14.604756
Aleppo | SDF drone attacks two military posts of Turkish-backed faction in eastern countryside,https://news.google.com/read/CBMiSkFVX3lxTE84d2gtQVdVc2hoVTFTajg5QUtZQTBYbzdvUmVzdlk2aEtEMENIdDJ6SVAtT1pPLXd1cWhsMjNxUmsyVUV2N0Vfb1Nn?hl=en-US&gl=US&ceid=US%3Aen,syriahr.com,3 hours ago,🇹🇷 Turkey Drones,"https://encrypted-tbn2.gstatic.com/faviconV2?url=https://www.syriahr.com&client=NEWS_360&size=96&type=FAVICON&fallback_opts=TYPE,SIZE,URL",2025-09-28T18:35:14.604759
Turkey Operates Electro-optical System For Military Drones: Equipped With Laser Tracker To Tracker,https://news.google.com/read/CBMiQkFVX3lxTE4yM2phYlE1bE9HM3JMSVJQVzJxcGZMYkZvakNhNms0dE1qaTVGcXdNU0o5TFZfY2lGV2pNWXplaWV3QdIBQkFVX3lxTE4yM2phYlE1bE9HM3JMSVJQVzJxcGZMYkZvakNhNms0dE1qaTVGcXdNU0o5TFZfY2lGV2pNWXplaWV3QQ?hl=en-US&gl=US&ceid=US%3Aen,VOI.ID,10 hours ago,🇹🇷 Turkey Drones,https://news.google.com/api/attachments/CC8iL0NnNWtSbFZXVUhKWllrcG1abnBvVFJERUF4aW1CU2dLTWdrQlE1Q0hLZWRUeVFJ=-w200-h112-p-df-rw,2025-09-28T18:35:14.604762
50 Cents Defeats America’s $66 Million Dollar Drone War System,https://news.google.com/read/CBMiWkFVX3lxTE1xWVRDMUhNZUVhZlFnZ0pFRTU5M2xFWUk2RXRkalF3RDZaaE9WMERBUGxOcUowVnVYOGJPS0hnSms5cThFUzE0YVNYRXJLUW9iOWJydXlNUlZhdw?hl=en-US&gl=US&ceid=US%3Aen,flyingpenguin,12 hours ago,🇹🇷 Turkey Drones,https://news.google.com/api/attachments/CC8iK0NnNVdVVTU0UVVkVE4xcEthMnhKVFJDM0FSaXNBaWdLTWdZZFU1S0xKUWM=-w200-h112-p-df-rw,2025-09-28T18:35:14.604765
"US drone plan behind schedule, ‘WSJ’ reports",https://news.google.com/read/CBMiekFVX3lxTFBBUHp6VTkwM1Z3VlpLMkNDYzdDb1FaSEhyVWRoNHc0WUdmX3RSQmlYV0IzYlNCVmRGbXpINFdMdW0wV05jRjNFUEdEYXBzb2ZJNnVQNzF2a0RqRURHYUZkcWxxSGRCRFpzcVhUbWJVZEN3RlJvNnc2X1Z3?hl=en-US&gl=US&ceid=US%3Aen,Taipei Times,2 hours ago,🤖 Autonomous Drones,https://news.google.com/api/attachments/CC8iK0NnNHpkVEpqWDFGaVVXMUpWR1JTVFJERUF4aW1CU2dLTWdZVkVKb1RHUW8=-w200-h112-p-df-rw,2025-09-28T18:35:14.604767
"Hybrid spy drone designed to roll, fly for targeted city attacks",https://news.google.com/read/CBMitgFBVV95cUxPZFNQMnJuc0djcFFPNm1GRFF3VTBzd0xrNHFkN2dwQXZYLThfOWJoTUpLQ0ZMUTNWTVFvRUgtLWdxbXZhZkhCbE9aeFRNR1drVmN2RzZHUE5XelM3all0WVY3am9TeEp1bEs4ZElKTXlPcDU4UTBNVDlrQzRlamVESVQ5TXpZVk9nZWpJcUFDdmt6MHg1Uld2VmkyLXhrb0V6SWczMnBJTXpkUXY0S1VKSHFaNUxZQQ?hl=en-US&gl=US&ceid=US%3Aen,Electronics360,4 hours ago,🤖 Autonomous Drones,https://news.google.com/api/attachments/CC8iI0NnNVllRVZKV0ZGVlptOWlNM2szVFJDLUFSaUpBaWdCTWdB=-w200-h112-p-df-rw,2025-09-28T18:35:14.604770
US Special Operations Forces to Equip Boats With Robotic Turrets With AI,https://news.google.com/read/CBMipwFBVV95cUxNbDZsUVN0TVB1SDhrRVVyaVMtb1NIbDRDUVhmbnJ1aDVmalpTcWN6ZGlqZEhqWkp1QUNtN0F1M29yaXhXQ2ZEaVhVYXlJLWhMYTBBWGpYdGtHRVpGZ0duOWJLbmVSTkhYbXFXWThzRUZOMXdtUG5sTzQ4UmRUYWZLQllxODVqb1RQNVlXTFNZNndzWU1QS1N6UXREVjdQOHNyeTNzY0UtQQ?hl=en-US&gl=US&ceid=US%3Aen,Мілітарний,3 hours ago,🤖 Autonomous Drones,https://news.google.com/api/attachments/CC8iK0NnNW9aR2syWmtKVGExRkRRbkZKVFJERUF4aW1CU2dLTWdZdGNJcnlMQVk=-w200-h112-p-df-rw,2025-09-28T18:35:14.604773
"Zipline marks milestone of 1.6m drone deliveries, strengthens health logistics in Ghana",https://news.google.com/read/CBMi0gFBVV95cUxOdzJCUGUwclhQaEFXdUlOb2xjUUhmLWtEaXRZRXFsRXhSNnhVSUFiOFRWMEZ5TkY2R1BvZjlBUUFKN2xFS0dvUk5BTUxHdTN5X19KcXJhWWtKVHNhRDQtX054QVN1bjZlYXNCcEZxdWJWd0pzT09hUVJzWFVUU1Q4YTdUcGpPQnJSWjVING5IdGFSN2lZNkowaUJKcGZ2Mk9SMFFTd1oxbkM0ZGRRM0lKT1Rienp3MzdXckgzNFdWTTRNTERPQnpBY3RjaVVwWUxfNWc?hl=en-US&gl=US&ceid=US%3Aen,MSN,8 hours ago,🤖 Autonomous Drones,"https://encrypted-tbn2.gstatic.com/faviconV2?url=https://www.msn.com&client=NEWS_360&size=96&type=FAVICON&fallback_opts=TYPE,SIZE,URL",2025-09-28T18:35:14.604776
Scaled Composites’ Model 437 Vanguard Jet Is Now Flying As An AI Testbed,https://news.google.com/read/CBMimwFBVV95cUxQOS16dmIyNzVxY1ZoQ1d4bTNENVB4Ny1qdWVZUHFLcEY3N2dfWGxlSk96OGVsaVRRNjJuN2pEU3RYV0gxNG5BY2libkxacjBnXzlhSzFtWjJmcmVMLXBwTjgtQzRLeHpSZVdudk8zcTZFRnNtOWVvR0NsUDd0dUd2QUMtbmNmbG55ZXNXZjNKLXlGN2JWeWYybi00TQ?hl=en-US&gl=US&ceid=US%3Aen,The War Zone,22 hours ago,🤖 Autonomous Drones,https://news.google.com/api/attachments/CC8iK0NnNUhlbDlQVFROdWFFY3hiVEowVFJDZkF4ampCU2dLTWdZbFFvd3dvUVU=-w200-h112-p-df-rw,2025-09-28T18:35:14.604779
China's Xinjiang transforms deserts into renewable energy goldmine,https://news.google.com/read/CBMiZEFVX3lxTE1kRWRzRFNDTi14eUZqbWlGOWZBdDBwMHpjemhvQ0M4Mk10UUVpcFFCVC1qSUxyXzI0V2k3V1MxM3dKa1BhNmpWR3U2dUdJSEdaUlYtQ0lOaXNTamlrYTNkaVY1eWI?hl=en-US&gl=US&ceid=US%3Aen,People's Daily Online,18 hours ago,🤖 Autonomous Drones,https://news.google.com/api/attachments/CC8iJ0NnNVFSamhvVG1jNVVIbzNibU51VFJDMkFSaVZBaWdCTWdOVllBQQ=-w200-h112-p-df-rw,2025-09-28T18:35:14.604782
Windracers makes history with UK’s 1st international civil drone approval,https://news.google.com/read/CBMirgFBVV95cUxNSFZXX2o1VERud01DQktNUHAwbzU5WjJva0twUWJrZ3pvLW1uSnpuX2pwSFF3ZHVGNTJrWm0xX01LRnJKbF9FcW0wQVNWM00xNFI0eHdVWXhsWVpUQ2NZTVhXekRZWWZRUXNPY09PRzRPWXFCVHhvc19MQm1aNEl3Z3FnNTlxTFdhYWk3TU5oMDgwYUhBREdYb19zNE5vRUxuQ3NpX2VFUFZCNUJ5RGc?hl=en-US&gl=US&ceid=US%3Aen,news.satnews.com,10 hours ago,🤖 Autonomous Drones,https://news.google.com/api/attachments/CC8iL0NnNHRSVUpHYkVnM2RGZ3dMV1JrVFJEaEFoamtCaWdLTWdtQm9vNXJ4ZVRBelFF=-w200-h112-p-df-rw,2025-09-28T18:35:14.604785
High-power microwave system downs 49 drones in one shot – weaponized electromagnetic interference erases drone swarms en masse,https://news.google.com/read/CBMi-wFBVV95cUxPTFZoYklCWWVDbVRsOW5nSUkwXzBCRkVlNGtIX3dLd0VtZ2IyWF9KQUdydkVlVUJzZ3RhNk1FLVpEX1VZYW4tcEdPdFJpWDRmWXhVb0xZd2RaQXNTQ1dFRnlscDVXZVU0aEVoRGJFa0tveTBoTmZhbElUb1MyNklYUGVrMUIyTWVQTmJBWmtoOWM1Q3U4NjFwTXVkSFdXUFBhXzhyT0RsVl9ZZEFnZ1NPeG5yeGRJMXBWMFEwNXN0RXJRNjU0MTY0NGFsX2lxYklKMGI2TGxqTnRiTzdYZmRpQ1RablhkNEE4aEVYek90THlaN2UycmplQ01HVQ?hl=en-US&gl=US&ceid=US%3Aen,Tom's Hardware,3 hours ago,🐝 Drone Swarms,https://news.google.com/api/attachments/CC8iI0NnNWlkbmc1UWpKV2NqTktObkpFVFJDb0FSaXNBaWdCTWdB=-w200-h112-p-df-rw,2025-09-28T18:35:14.604788
Poland closes airspace amid Russian strikes as NATO steps up Baltic security,https://news.google.com/read/CBMiwwFBVV95cUxNaDZzSzB2ZTB3U2dQeVU3Z3BkLXRpb1BmSnVOODJfSE9fcUUxaDlGNXdnaTlaazRibEdTRTgwV1ZpWnhqLUhERFBfNjhjMkxNcXg4aklrMnJYdXlEVndkZ0hISUR2blRnUE9jNnhMaWpaTE9YMUJqSmNIZ094NkdWemR3YXNYNEpSd0pKNGtfSG93OS1Yd2RldkVIU1B6NDh5MW1JR09ucXZtejlHY0pEWjdWS2t3NGJCX3FibWdGdy1pNUk?hl=en-US&gl=US&ceid=US%3Aen,MSN,5 hours ago,🐝 Drone Swarms,https://news.google.com/api/attachments/CC8iK0NnNXlVVzlIVTBZeVJYUkVUa1E1VFJEZ0F4aUFCU2dLTWdhNU01UlNuUWc=-w200-h112-p-df-rw,2025-09-28T18:35:14.604791
Escalating Tensions: Airspace Closures and Drone Threats in Europe,https://news.google.com/read/CBMixwFBVV95cUxNdmc5RnFwSVRpbzR1Y0c4MkxLTmRzVVYwUzE0ekZrZ2U0M29NWVJvemxTZTY1T3JMWHRDRFMtd09vMm53V1Y0ampmVU5nQ2RYUWtpc0x2SVJGb084SE1MYTlpMXVFMjBka2twOE1oX24tVVlxQndiWE95MEhaYmJWSXcxMmpFUEZyNjdrVFJCZGFCeG9UOVcySU9GR3pkd002ZzNuMmFRZ0gxQTdMMll1VGJvcVdydXJUMVl0c1RfOTZLWHJndExR0gHHAUFVX3lxTE12ZzlGcXBJVGlvNHVjRzgyTEtOZHNVVjBTMTR6RmtnZTQzb01ZUm96bFNlNjVPckxYdENEUy13T28ybndXVjRqamZVTmdDZFhRa2lzTHZJUkZvTzhITUxhOWkxdUUyMGRra3A4TWhfbi1VWXFCd2JYT3kwSFpiYlZJdzEyakVQRnI2N2tUUkJkYUJ4b1Q5VzJJT0ZHemR3TTZnM24yYVFnSDFBN0wyWXVUYm9xV3J1clQxWXRzVF85NktYcmd0TFE?hl=en-US&gl=US&ceid=US%3Aen,Devdiscourse,7 hours ago,🐝 Drone Swarms,"https://encrypted-tbn1.gstatic.com/faviconV2?url=https://www.devdiscourse.com&client=NEWS_360&size=96&type=FAVICON&fallback_opts=TYPE,SIZE,URL",2025-09-28T18:35:14.604793
Traditional military defenses fail against new type of warfare waging on Europe in historic shift,https://news.google.com/read/CBMi2gFBVV95cUxPM2pTdnU5dzJwZklYYUc3Q2hUQXpBM3ZnZnd0TC1OT3FTWEtrdTBQUmdLYlFQQ3dVeXNCYTQ0ODFMc0Q3Vjd5b0NpMW5lWkhOV1RiN2hheG4xYk5nSm1Cd1VvR2FSZWNkenMxYnNVcnNiMHZrUFdYZWptV0t6Z3c2OG43cHpiTFd2NGE3UHI1cTVrSWZhekFYQ0RaanpDeS1UdE52aUxRZjJ4VlhmcUIzZGhPeTlWNTRWdFpBWjI0bzBWY1ltY0xsdVlRWWstNy1FbVBPQ1BLcDZYQQ?hl=en-US&gl=US&ceid=US%3Aen,Euromaidan Press,23 hours ago,🐝 Drone Swarms,https://news.google.com/api/attachments/CC8iK0NnNDNSRm80YzI1MVFsZHNlWGRYVFJDNkJoanpBaWdLTWdZWmc0aXNyUVk=-w200-h112-p-df-rw,2025-09-28T18:35:14.604798
"""China Launches 100 Drone Death Swarm"": Jiu Tian Mothership Releases Kamikaze Robots While Pentagon Scrambles To Counter Attack",https://news.google.com/read/CBMi9wFBVV95cUxNTFJtMDc0QkQtRHpXTWx5MWZSSmZ4ejdVRm93UHVLSnJCa1VtNkhocGprRmxWZmZvRGxHb2Z6eTJwdHlaRzM5Q1JkbVpNU3RXVEh5dGZSelIzaTJkN1ptNW1vaFZXT1A5Q2pWUXkzRVlsYnVKTk1MelpzOUJGZkRiLVhRelh1ZXdjd3lRYVhPOVFFT1B0Yl9HU3ctanp3dkgtZHpQUEdCOXV2NndfZ3V3YTYtZU9NUndKZ21ZckgxcGQ4OW02VmtqaUprOUdPT1dHZ24tX19iLUFSYXdDUjd1cEtpQXRzQktJTnBOQ2lJazNBaWdpU1Z3?hl=en-US&gl=US&ceid=US%3Aen,Visegrád Post,3 hours ago,🐝 Drone Swarms,https://news.google.com/api/attachments/CC8iL0NnNW5hMWxXZWt0ellVVkJXWFJzVFJDZkF4amtCU2dLTWdrSklZUUpOaU5VS0FJ=-w200-h112-p-df-rw,2025-09-28T18:35:14.604801
NATO Increases Baltic Presence As Mystery Drones Swarm Denmark,https://news.google.com/read/CBMimAFBVV95cUxNbTJCMVF4WHQ4eXRPczZCSlBsUzV4S0dqQUZsRmttNE1xLV94cVc2dzBtT001aUdsbWJGMzhNUU04LXlCNFA4X2Utd1ZMTHEwWWdqbEVnWUlqbzMxaWVhU3BESjVLMHBocG1vekEzUl9DQ1NkRXdtT1NZTnJ1RmlhTWxnaEl6cEdTeTJjM0tCbHRqM01fQzZxTQ?hl=en-US&gl=US&ceid=US%3Aen,The Daily Wire,16 hours ago,🐝 Drone Swarms,https://news.google.com/api/attachments/CC8iK0NnNWpVaTFLTWxCRFlWRTBiRXN4VFJDb0FSaXNBaWdCTWdhUlE0b3lHUW8=-w200-h112-p-df-rw,2025-09-28T18:35:14.604805
OQ Technology x UDS pioneering 5G connectivity for defense drones.,https://news.google.com/read/CBMioAFBVV95cUxPbHI4TmRHM3N5RHQtaTgyTTg5TFMxWm80NmhKMkFOMmdHRnFaZlN1bHdNc3BmYno5RjdmRGtQdlRHVlRNY1h3QVphYzY1aDg2VFVYSFVHYkNHQUNyTUUtU2dUaGNiMFJhcVNmVzVqR0xqbUFxeUZaUHVuY3RaQ2xpaEY2UTBYbGRLaDFLWnU1b0pQd19aeV9BNnhJY0wwVG9H?hl=en-US&gl=US&ceid=US%3Aen,sUAS News,9 hours ago,🔬 Drone Technology,https://news.google.com/api/attachments/CC8iJ0NnNDBSVmQwWjNkeE5USnZlV000VFJDbEJCaXVCQ2dLTWdPQkF4WQ=-w200-h112-p-df-rw,2025-09-28T18:35:14.604808
Pewee Valley Fire Protection District adds drone to arsenal,https://news.google.com/read/CBMilAFBVV95cUxNVVBVRm1YN1JZZFJxYkdhWmFBZ1ljY3JCQXdjcElhZ1NleTBlZ0xsZC1wMFY2OFNxQ3JaX0d0UmU1UTBEQkx1amFCbTVRVHE2a2JQOUtDb0tWazhZTmJFZVhmaEVobFRYMDNvS1JfNzE0YVkyeUpicGpSamFpTE5oNjhVd0dxNTl4S1I2OG51dG40eXZi0gGoAUFVX3lxTE90TVVaLTZFSXlocVE1a2RpLXBPR0U5VGtacjFxajQ4bWtJRFVXZV8xMElLQ0tQRTNjMGFDdERjMzVQRGY4dWpyNFZMWjVDdF9MTUZmOWZDZEVFdW5WR0FBNTcwYUFNU29yM0dmVnBQLXA0cDlSeWVfMU03RlkzZHRoU0NfVnVnMnNoQ05MYnZCNk0wdFhObWJaNWxEV2I3djg5QkxweG5WZA?hl=en-US&gl=US&ceid=US%3Aen,WAVE News,14 hours ago,🔬 Drone Technology,https://news.google.com/api/attachments/CC8iK0NnNHdiVE5TYW1KVVNtZHFjekJGVFJDSEF4aVBCaWdLTWdZQllZaHR0UVU=-w200-h112-p-df-rw,2025-09-28T18:35:14.604811
"Sweden Unites With Finland, Poland, and Denmark in Plans to Launch ‘Drone Wall’ to Enhance Travel Security and Protect Airports from Rising Threats, Everything You Need To Know",https://news.google.com/read/CBMiwgJBVV95cUxNa2M1Z2pDNmJ4NHl4ZnA5WHEydkMyYWZ3cS1tbWUzQXlIX3NpdzZ5ZEtUMHlHUS1BZWctRGdqOXh4NkY5WTBHd0J5V2F5dFZpYnctb0FCei1WNnlZZmh5blhiam5ZcUxlc2FfcFBJOFQ0SERTNTc1VkQxYlZoSlp2UVEtZ0hpTkpyM0Uxakc3UXB3bnZGcjRFemRRMXgwRlNkNUp4aENCQl9SM0tydGpLUXpHRExkcW1MOFMyeWhiNVJwNWZsWGZBNnNBa3BqX2MxNDU2aU9pNTdZcEtIN1FSS2c4ZC1XY1ZkYUE4eGM0Ry1XeXMyMHBvNmoyUjNqWjI2THcwQkt0TkpVWGt2MmsxWkdaend4OWhHRTNsbVRVVVRaajhES0huQW5NelIwcWJCLXRVSEpqQndpWGFRdnAtS093?hl=en-US&gl=US&ceid=US%3Aen,Travel And Tour World,7 hours ago,🔬 Drone Technology,https://news.google.com/api/attachments/CC8iL0NnNXVla2xpTUVSeVEzcE5PWG8zVFJES0F4aWRCU2dLTWdtQlFvd0tIaVYwVUFF=-w200-h112-p-df-rw,2025-09-28T18:35:14.604813
Pentagon launches rapid deployment unit for drones,https://news.google.com/read/CBMiggFBVV95cUxPb0thUEFzczVJWGNxalBjVzNNVjRabm92aXFCd0sxZ1JlV3FucVpQNVh0YlJZaWg3ZElaUkdpNVJaNXgzX3ZrejF6OFRqTmJSUkc4V2xUM3AtUi1rYlQ3SVltWXMwa0ppd2R3THFCZGN3SnlFLUJVOUR1M1pxTk1oV3Vn0gGHAUFVX3lxTE00YWlRTHlqRGdfdFlvVThXclZnNm1aZ2VSN29DeEZxUkZNNU9pR2tfUjIyb3BGOXgzTGJMQnlfX29IOHZCbDFLa1drWVlUbHctdThaU0ZqdzdJeUNVYUhWRU95YUJ6S1B0MFF4VFlCR0VkNHdNUmthRUNNeTcwZHlPYVFBVjFxWQ?hl=en-US&gl=US&ceid=US%3Aen,Defence Blog,7 hours ago,🔬 Drone Technology,https://news.google.com/api/attachments/CC8iK0NnNUVUbUp6TkhNM1MwMDBkMk5qVFJERUF4aW1CU2dLTWdhWmM1THFxUVk=-w200-h112-p-df-rw,2025-09-28T18:35:14.604815
"DJI Mini 5 Pro Sparks Global Drone Drama: Canada & EU Let It Slide, US Doesn’t",https://news.google.com/read/CBMimgFBVV95cUxOVkEwcnllWmRfYzVvWTktdVEwbTc2Nl9KOE5fM29BZ0NJUFVzdU1vTHN3empvN09lT05xd1U3S3d3X0RNSWxITjdvX1RqLTFRQ3NfZlR5Q2ZKRVJDVHFCcVVvT0JGYzhDYTNYbGJTMi15aVlxa25rRVhZQmtNR0FSRlFnZmxpTnBLSUtTQWZJLXdsU3I4SXVnRk1R?hl=en-US&gl=US&ceid=US%3Aen,ts2.tech,1 hour ago,🔬 Drone Technology,https://news.google.com/api/attachments/CC8iK0NnNHdjMEZSYmxWVlEyTjVhakZrVFJERUF4aW1CU2dLTWdZSlk1SUlwZ2M=-w200-h112-p-df-rw,2025-09-28T18:35:14.604816
"Anti-gang drones kill children, and Haiti’s government remains silent",https://news.google.com/read/CBMihwFBVV95cUxOdXJxN3pqcmZUbHdOb2d6NUFWaE5Bd0pEWlo5V0ZQUEp1R0dYUFhfc1Zzc09FRkdzMVdQcGZpUk1rMV9IT3BnVzI1dmtYNUsxNGZpSWQ0azIyOHJSY1FJMTBJZllLdm9uUzBSeGd4OW5UNmNEcElzcTMtczhkYm1GdXpPVC1BdFU?hl=en-US&gl=US&ceid=US%3Aen,The Washington Post,2 hours ago,🛡️ Counter-Drone,https://news.google.com/api/attachments/CC8iK0NnNXlNM0JNUXpobE5rVkpNSGxTVFJERUF4aW1CU2dLTWdZTklKSW5wUWc=-w200-h112-p-df-rw,2025-09-28T18:35:14.604818
Russia deploys mobile anti-drone units amid fuel crisis,https://news.google.com/read/CBMijgFBVV95cUxOWTVDZi0tckI2V1V1R09YUjFhQ2tCd0psTEhxUk40Q1dnUF9qLXRnbTlqMHZ0Z2hKSWFMQ1Y0MS1ITmgwNnREdFhHOHhSQ3F1U1prMWswSHEtM1dSLWVLYlVId3o4LU05QWpjOXJkWndYSE5uQUFHNkYtem1SbTU0MC11VjhVemk0NDNnYjZn0gGOAUFVX3lxTE5ZNUNmLS1yQjZXVXVHT1hSMWFDa0J3SmxMSHFSTjRDV2dQX2otdGdtOWowdnRnaEpJYUxDVjQxLUhOaDA2dER0WEc4eFJDcXVTWmsxazBIcS0zV1ItZUtiVUh3ejgtTTlBamM5cmRad1hITm5BQUc2Ri16bVJtNTQwLXVWOFV6aTQ0M2diNmc?hl=en-US&gl=US&ceid=US%3Aen,Defence Blog,8 hours ago,🛡️ Counter-Drone,https://news.google.com/api/attachments/CC8iK0NnNXFOelZXZUhveWMxSnNObWRwVFJERUF4aW1CU2dLTWdZQmNKTGtNQWM=-w200-h112-p-df-rw,2025-09-28T18:35:14.604820
Denmark reports new drone sightings at military facilities amid security concerns,https://news.google.com/read/CBMitwFBVV95cUxNdENsM2NBdVZsOVpVTlRDenZEcXZKV01DSmpsSkJsbklGdHpkUzA5cHN4U1dyS2k4U3BRa1FIOU50NzFCbWFZWFVvclZIZGkyT1ZMLS1ScFFqczJCQm4xdE5qdEhtUzN5VmV6VWRCTVV1ZEhEOXppcldhNWUxTDRibERFSFRwWU1LQ2FZQi05Y29BSVNLR3dWdFk5VEpfanpFMVpVb0c0M2ppM01BNS1RZng4c2lDYU3SAbwBQVVfeXFMTy0xTzgwalZXVXphbWhBdjd5b0k3b3pHVGFMVm9HS2poMHZvRmJFVWV3cWZETEhDNDM0ZXNPYWRLUEZZQUtyV3NBdU1zV042MTFOcTEydFpzUDlmdVJWZnhBLUl0eVc1MGsyZTVuMG9QOHp6RzJldlVXbGVIRWowS0VlTld4UUgyZS1BRDllZHpfNlZ0dWlZLTlxN05pNjFEb2lJbWpET2t5eFNlZkNPWmtyZF9vbGtDQldNVGw?hl=en-US&gl=US&ceid=US%3Aen,PBS,22 hours ago,🛡️ Counter-Drone,https://news.google.com/api/attachments/CC8iK0NnNVlORXRLUW5CVVVFNVFiRE56VFJERUF4aW1CU2dLTWdZQnNJSzQxQU0=-w200-h112-p-df-rw,2025-09-28T18:35:14.604822
More Drones Enter Danish Airspace,https://news.google.com/read/CBMinwFBVV95cUxPWEUxeUpaOVpVV3FvQ3dVaVhzb2VnVjRvTlpFUkc2dzFhb2lWdEFjNjRuUnJQc2t5SHF4cEExTWpfUF82VDZKYTl3dXFyYmJrVm5WUklFRzlXWDRuMkxNVDFOdjhsRHdqdWEteEhDNHdVV0VHX0JrRkxtWm01Y292aWR5c3dpbjZBckNCSDlndE1xLXBHNWZRUXJaNG9Sd00?hl=en-US&gl=US&ceid=US%3Aen,The European Conservative,6 hours ago,🛡️ Counter-Drone,https://news.google.com/api/attachments/CC8iJ0NnNWxUR2hLYjIxUWEwVkJkRVE1VFJDZkF4ampCU2dLTWdNQlVCWQ=-w200-h112-p-df-rw,2025-09-28T18:35:14.604824
Italy’s Fabarm launches extended-range shotgun for drone defense,https://news.google.com/read/CBMikwFBVV95cUxQRFFleHJFWWExNFBlaGtqd1VtTGs4emxEREZTM0ZvZWcwdWluWTMyTkt6d2U5QU1RZWdIWi16bk1iN0tQS2Q4dHNzR3hBUF85YzY1NHF4WmNHaTQ4R09LcVlsY3ZoS09jNGFzU2hKMG5hX05sQXR6OHlLekxvRGxoNlBBR1hwTFFDbTg5QXRiSUI0UVHSAZgBQVVfeXFMUGowVFdBbGtscHc2Uk4wdFlBZ09zRzRtSmktbEtNZzA5ZERfdXBPS2JHVTd2V2V2ejMxa2tnRXA0VzhhcHliUFRvcXYtTmJDLWJPLXN0WFh6cXpaM1ItWFNRdmphTkxTckp0b0tPWlhlS1ZkWVBQZFRtd29IX0dQZVNwRDhHT2dIYVRjSExJQ01iRDVwcVE0LWw?hl=en-US&gl=US&ceid=US%3Aen,Defence Blog,7 hours ago,🛡️ Drone Defense,https://news.google.com/api/attachments/CC8iL0NnNXlWM2hXT0hSb1lVbHpaMFJFVFJEb0F4ajFCQ2dLTWdrSllJekpxYWRFemdF=-w200-h112-p-df-rw,2025-09-28T18:35:14.604825
Defense start-up Auterion raises US$130m to expand drone software,https://news.google.com/read/CBMidkFVX3lxTE9qRnpiN1lQRG5YVU9XdWRyWEI4OVZmUVkzUGQwYkFIWGFyZnp3NEtFRHM0ME5KSGpwakwxd2stRjdxY3NUSGUyS1NDNERGY0pUcWVtTlZtS0ExZjlCZ0VyREp0eDJ4QllXRFh3d2dHVk1qb0NMZEE?hl=en-US&gl=US&ceid=US%3Aen,Taipei Times,2 hours ago,🛡️ Drone Defense,https://news.google.com/api/attachments/CC8iK0NnNDRWbEJ1VDJac1RqZG1ZMFF3VFJESkF4aWZCU2dLTWdZRllJcWxJZ2c=-w200-h112-p-df-rw,2025-09-28T18:35:14.604827
The gaping hole in Europe’s drone defences,https://news.google.com/read/CBMijAFBVV95cUxQQmJLWFRncWk3UUp6YWZMejR5bFFLZDVpNi1ET1dLUUhWYklFZ2NqSmNoSVQzazBEMm5ycnYzVndTTWpRXy1QMnNaVWVtYW1oYXlQaV9rSndpSnpDT2tMd2xYMi1lUlFsMDlIRU8zdE40UGJocXBZTUJTSmtMb0lhNTFWdW1JRGtJMGlJdw?hl=en-US&gl=US&ceid=US%3Aen,Yahoo,9 hours ago,🛡️ Drone Defense,https://news.google.com/api/attachments/CC8iJ0NnNW5NbWwwWVVWTldVUkhSbWRsVFJDMkF4aTlCU2dLTWdPaE1nZw=-w200-h112-p-df-rw,2025-09-28T18:35:14.604829
Australia is spending billions on drones — Ukraine says it can make that money count,https://news.google.com/read/CBMivwFBVV95cUxPZFJ5am5hSHJEWFZqNWRib0l1RUR0V1ZpbnYxb18xSXpnZ0tlNzhwUE42MWprc3ZqODVwdkVWS29ST1RHcVEtM3AwSlpQS1VHSnBrUXZqOUkzak9Dd2NZajdzTmVhdUFaeUIyNXRjWG5jdHl6NEU3MUdnTnNOdmV4WVM5WDZOMC1hUkVtdnNneVlxY1JBakNVdTJycU9kelJPaVlVZjZVSVYxU0djUGphaU1fQ2M3NnFDRnJCaS1OYw?hl=en-US&gl=US&ceid=US%3Aen,Euromaidan Press,7 hours ago,🛡️ Counter-UAV,https://news.google.com/api/attachments/CC8iK0NnNDBObXh4TW1aM1RHVjVjMUJWVFJDOEF4aXpCU2dLTWdZQllZYXVzQVE=-w200-h112-p-df-rw,2025-09-28T18:35:14.604831
NATO Expands Presence In Baltic Sea After Repeated Russian Drone & Jet Violations,https://news.google.com/read/CBMinAFBVV95cUxQM3B1UnVIQVd2cnh1UmdCc0dsT2NxR0RMOVN1QUs3MXVZVmVTcUVuQjMxdzFpYVNtLXZoOUFYQzlBdktzRFE5WThWS3Y2bWhwY0RGeE96bXg2VTJZZjc2a0F0Q1FwV0xtQlcyQmZsRWFycTRwMGJhYUVTLVl1VUtsSXFpYjBBTkNneG9qN1V4bFNqZkc0ZDdXNlQxaVg?hl=en-US&gl=US&ceid=US%3Aen,Simple Flying,4 hours ago,📦 Commercial Drones,https://news.google.com/api/attachments/CC8iI0NnNTJaMWhSZDA5QlpXMTRTVlY1VFJDZkF4ampCU2dLTWdB=-w200-h112-p-df-rw,2025-09-28T18:35:14.604833
Denmark bans civilian drones after new sightings at military sites,https://news.google.com/read/CBMiXkFVX3lxTE9tTS1KN2RoSkthZGFqME9TUWFvdWtZZnd3VnNhQllnY05vSGhwNERWemJYNGJvdFRFT29oazFyX29UV3ktejZGdUZNR2ZhWW5YcHZiamRNZUE4dFJ5WVE?hl=en-US&gl=US&ceid=US%3Aen,EU Today,2 hours ago,📦 Commercial Drones,https://news.google.com/api/attachments/CC8iL0NnNVllVkk0ZDBkWVpIRkdablppVFJEVUFoaUhCeWdLTWdtQkE0aktBYVN4TUFF=-w200-h112-p-df-rw,2025-09-28T18:35:14.604835
"Small Drones, Big Problems: Managing The Unmanned Threat To The Homeland – Analysis",https://news.google.com/read/CBMiuwFBVV95cUxNUDlHSVJ2Mjlqd09BejlVX1ZTMnBkQ01ZWFdmb1plWUNYZ2tZNVprNFRLck50SkZMV3hZdVA5UkhpRHVSMlBYRzM3VWxfVkZJYWVpR2lDU3I5dTJSM2VINnF5aXI5dWh2cEhjVVdEdFc3VXhsU1NwV1VUWm53OXk3N3dhcW00V0p5enpCNmRBVnN0Y01NNWpyNmhTbG1IUFloY1BHX1B2NmpWd3dJbVJFVGVDMnpTbjlnZms4?hl=en-US&gl=US&ceid=US%3Aen,Eurasia Review,16 hours ago,📦 Commercial Drones,https://news.google.com/api/attachments/CC8iK0NnNUNWRFY0Ym1WRVkyWnljbko0VFJDZEF4am5CU2dLTWdhcHBJeXRPUVk=-w200-h112-p-df-rw,2025-09-28T18:35:14.604837
Future lessons from Europe's drone mayhem,https://news.google.com/read/CBMiX0FVX3lxTFBtNjJ2TktBekE3ZFJHQXMtdk9HYTZVaFF6VE1rZTVMcXNZdHF1dHY4NVhUMVNTUkFieGxYTVRSLVpLZTMtTEVOWmJEdDc0aThJZ1dzcE1oVUwxbTVYMjJF?hl=en-US&gl=US&ceid=US%3Aen,The Jerusalem Post,22 hours ago,📦 Commercial Drones,https://news.google.com/api/attachments/CC8iK0NnNUNSbWt5WldWNE5uQTNXRFEzVFJDZkF4ampCU2dLTWdZQndvYU54UU0=-w200-h112-p-df-rw,2025-09-28T18:35:14.604839
"Drone Sparks Chaos at Amsterdam Schiphol: Transavia Jet Avoids Collision, Leading to Major Runway Closure, New Update is Here",https://news.google.com/read/CBMigAJBVV95cUxPWFpMamhOOVdQeWIwYndzUnhtbjNRc2lYVUMxc3ZGQXF0amdmNzQ1ckw1RGVrbnlJRVJxYlBfdWxtamo5VlV0T0JoRUg5VVJSbG02R2pvaXhxR25FZ1Z5MHRtQ0swZ1hmcV9NeV9hdUZQZVdzUzl5cV9vdGVxeGZrbE5mRGU5VGV2T3VSODJXa2JMSl9XeGxfSFJOVjdUYlQtYXBDUVN1akNoY1ZwaFYzOUQ1R0EyTElnaEJ2eVY1VXF2WFBwQndRcmtQcjUyb0lUV1hEQUE5MlI0WE5UbU5vbjkxVXc1NjR2emFEMjlTOThBeWNGbWd4Yk9iRE1HU2RS?hl=en-US&gl=US&ceid=US%3Aen,Travel And Tour World,23 hours ago,📦 Commercial Drones,https://news.google.com/api/attachments/CC8iK0NnNU1kSGx2WW10RFkyUnBiWGhDVFJDU0JCakRCQ2dLTWdZQm9JQ3R2UU0=-w200-h112-p-df-rw,2025-09-28T18:35:14.604841
Meituan Rolls Out Nighttime Drone Delivery Service,https://news.google.com/read/CBMiiwFBVV95cUxOaXJ0T1djVzVRTlItbE5uREE4NzV0QW5rZXVlNFUwZ2dfSXFyN1JSaDAzNFFUaklQYzAtYWN3Y0FBNXFNNVQ2QnYweWFIYXhvZ2lXV1E5a051RWFOeTNuUHhSREFsaEVlX0QteGFmc0ZqTG1oRmhIaVNkc3hpeUdjdVBtQ01ORUpLcmkw?hl=en-US&gl=US&ceid=US%3Aen,TechNode,12 hours ago,📦 Drone Delivery,https://news.google.com/api/attachments/CC8iK0NnNVBjbWxWUmpBeWIwWkJiakpFVFJEcEFoalJCaWdLTWdZNVFvb1NvUVU=-w200-h112-p-df-rw,2025-09-28T18:35:14.604842
Zipline announces 1.6 million drone deliveries globally including in Ghana,https://news.google.com/read/CBMivAFBVV95cUxNTVNWa0pTQUdYaWlwajF0cnZ2TGd4X2tRVkZ6Rkh0Z2FUbHFKamNpNlJDQ3JHMlhKeFBNSThxY2cyWGwyWlFSNmtuaHBYMmxvS2xnbzgyN19ramo1WnR4SHJKXzVGS18xbm1WNlFRZUtWOWdHcWZNTjB1dGpOMlFac1ViczFNSkViSDFCSmRIUEg5d2dkYlR4NVlMQXZMTW1LOERMT2FEN0hBeFVJeXp5NXU2Z2wxOXV6QnFqbA?hl=en-US&gl=US&ceid=US%3Aen,Ghana Business News,10 hours ago,📦 Drone Delivery,https://news.google.com/api/attachments/CC8iK0NnNUNhWEphVTBVMldsbEhUSGR0VFJEZ0F4aUFCU2dLTWdhQlVJb2lKd2s=-w200-h112-p-df-rw,2025-09-28T18:35:14.604845
Aerial applicator crashes draw attention to safety,https://news.google.com/read/CBMiqgFBVV95cUxORlpFeHhXczhibEgzbzlNUnd3NjIzSGdTOXk4bFdFaE5aXy1UZjlKZldnMFBRVnBSWWV3VVRCMnI4Yk5ZSm40aXg0c0YwaUIyU0NmZXZibWV6VlRHZEgzcU4yVnFhNUI3ZGxkN3JWV3ZIUGRpLVJOOE45VWZYeURjZGM0U1NfcmhWLVgxOWp5TTRRczBNY2lOeHhFbTNkV2VnZVdna1lwd3FMQQ?hl=en-US&gl=US&ceid=US%3Aen,Jacksonville Journal-Courier,12 hours ago,🚜 Agricultural Drones,https://news.google.com/api/attachments/CC8iK0NnNVlUREZ4VGxZME5GWk9kemxpVFJERUF4aW1CU2dLTWdhZGxaSUx0Z2M=-w200-h112-p-df-rw,2025-09-28T18:35:14.604847
Regional delegates meet in Türkiye’s Izmir to boost water efficiency | Daily Sabah,https://news.google.com/read/CBMisAFBVV95cUxNS0F0cU9YZE9BMXl6dUdnbmNLdEF1ZnljcHhXRm5uYldOdDZwVmJOaDcya3cyUTZnUWM1aDExMGx2dUNZeERhWkR1N2ZJalFfdkFuZHEzTGZRSXU0Z0hjaW5pZ1dEdFAycXo0LUNJN2pwb2M1dFFqUmNza29hUUV3N3RRUDBIcmNzalhZdGxFc1hQdmNOUXhXdzk1dXo0bUhSRlRDWDRkeGtsOHlhdnVyatIBsAFBVV95cUxNS0F0cU9YZE9BMXl6dUdnbmNLdEF1ZnljcHhXRm5uYldOdDZwVmJOaDcya3cyUTZnUWM1aDExMGx2dUNZeERhWkR1N2ZJalFfdkFuZHEzTGZRSXU0Z0hjaW5pZ1dEdFAycXo0LUNJN2pwb2M1dFFqUmNza29hUUV3N3RRUDBIcmNzalhZdGxFc1hQdmNOUXhXdzk1dXo0bUhSRlRDWDRkeGtsOHlhdnVyag?hl=en-US&gl=US&ceid=US%3Aen,Daily Sabah,6 hours ago,🚜 Agricultural Drones,"https://encrypted-tbn2.gstatic.com/faviconV2?url=https://www.dailysabah.com&client=NEWS_360&size=96&type=FAVICON&fallback_opts=TYPE,SIZE,URL",2025-09-28T18:35:14.604848
Russia raises emergency level in major agriculture region,https://news.google.com/read/CBMiswFBVV95cUxQT0xnTEpmR1JRN1JLWFI0MXVJZVVETHZvVlpxVElLMnl0dnpoa20yMEVUMmdsTW9mUG5aeG5iR0NlRlZ3eDFVX3NXTDE0Z1JQUC1GSDhhTFg0dG1WTUY2YmtGNi1zcnJGczUzd2hKOEF4dDNtdUtwYzBLd3UxZjB5WER5eVRYRzA3bTdTNlJ4eHVrZnlWa3gtWk84TGtkclJLS0E2WDgybGpWN1BMb0xPa05INNIBswFBVV95cUxQT0xnTEpmR1JRN1JLWFI0MXVJZVVETHZvVlpxVElLMnl0dnpoa20yMEVUMmdsTW9mUG5aeG5iR0NlRlZ3eDFVX3NXTDE0Z1JQUC1GSDhhTFg0dG1WTUY2YmtGNi1zcnJGczUzd2hKOEF4dDNtdUtwYzBLd3UxZjB5WER5eVRYRzA3bTdTNlJ4eHVrZnlWa3gtWk84TGtkclJLS0E2WDgybGpWN1BMb0xPa05INA?hl=en-US&gl=US&ceid=US%3Aen,Al Arabiya English,9 hours ago,🚜 Agricultural Drones,https://news.google.com/api/attachments/CC8iK0NnNHhaR0Z0TW5CU1IwNW1hbFJ6VFJDZkF4ampCU2dLTWdZVkFKQk5pZ2s=-w200-h112-p-df-rw,2025-09-28T18:35:14.604850
Former Chinese agricultural minister sentenced to death with two year reprieve for corruption,https://news.google.com/read/CBMijgJBVV95cUxQck95V2dyLXNOd091V0pHOHpPZUdTd3duSVM3dzU2RFdlZW1yblBVbWk1U0pmVVRnd2VkQ241bTNxblpDSnlZVmt6NEEydUJ5UFJBVzhhQl9QSWhaS3F0QzRSR0E1SnA2NUEwcXpEcXVDcl9FNVAwRlFhRTJENi1jdGJjSDJua0JUclVMQWdRdi1wS3llTTg1TmVmZGhpUFN1R2dENDZJLVc2TFB3WDR6WHpfS1E5cWRGZHhydlpodFBCWWhIVVpZaHEzWkRXRXRuYW52VF9VS1J6VmNhOU94TkZzZnZoY0YxRzNIMUUtV3otMkUxRmlOdlU1VXF5LTVmbFd2Yzc5UU1sMkZWaUHSAY4CQVVfeXFMUHJPeVdnci1zTndPdVdKRzh6T2VHU3d3bklTN3c1NkRXZWVtcm5QVW1pNVNKZlVUZ3dlZENuNW0zcW5aQ0p5WVZrejRBMnVCeVBSQVc4YUJfUEloWktxdEM0UkdBNUpwNjVBMHF6RHF1Q3JfRTVQMEZRYUUyRDYtY3RiY0gybmtCVHJVTEFnUXYtcEt5ZU04NU5lZmRoaVBTdUdnRDQ2SS1XNkxQd1g0elh6X0tROXFkRmR4cnZaaHRQQlloSFVaWWhxM1pEV0V0bmFudlRfVUtSelZjYTlPeE5Gc2Z2aGNGMUczSDFFLVd6LTJFMUZpTnZVNVVxeS01ZmxXdmM3OVFNbDJGVmlB?hl=en-US&gl=US&ceid=US%3Aen,The Economic Times,6 hours ago,🚜 Agricultural Drones,https://news.google.com/api/attachments/CC8iK0NnNTRSWE50UmprM1ExRTFOUzFCVFJEZ0F4aUFCU2dLTWdhUklvSXJvZ2M=-w200-h112-p-df-rw,2025-09-28T18:35:14.604852
Big Data Analytics For Plant Traits: 2025 Market Trends,https://news.google.com/read/CBMimgFBVV95cUxORDJ4dmlDSC1aa0FBMnlsaDhSOVl0aUNLTmUya3V1S3psdGx1T29GQl9oRklZbGc4U3IxdERhQmlIU0V4RFdrLXZFX2FIREZGSGs5OW9JaEwwZ2plbjJHVW1JQ2UtcTJmLTMyMnFVV01DczBzc00zRkZXeUpBWGxRU2FsaFY5bUx2UUc3Z3N5T3RHeGdxTmQ5S3l3?hl=en-US&gl=US&ceid=US%3Aen,Farmonaut,16 hours ago,🚜 Agricultural Drones,"https://encrypted-tbn0.gstatic.com/faviconV2?url=https://farmonaut.com&client=NEWS_360&size=96&type=FAVICON&fallback_opts=TYPE,SIZE,URL",2025-09-28T18:35:14.604854
World’s highest bridge opens to traffic in China,https://news.google.com/read/CBMiqwFBVV95cUxOMnJaV2tHb3lkRnhaZlFVNWhBbDFiR3pFTlpwYTlpNktPcEg4M1EzZUZsa2dqVmZXUEJxTi1aRElfYThXTkNZNVlDM2FsZXVJbVBOd29sbm4tcXhPV0RPQ0dFZ0J0WU1OWEwxYlRCcFNYOXZ5azlLNFl2Z1FMU2hPNTg3ck9QNU9HNVZfa0FmQ2lMNldTZlItdlFTZHE5ZFVEeVdRb1RERzBwTlHSAasBQVVfeXFMTjJyWldrR295ZEZ4WmZRVTVoQWwxYkd6RU5acGE5aTZLT3BIODNRM2VGbGtnalZmV1BCcU4tWkRJX2E4V05DWTVZQzNhbGV1SW1QTndvbG5uLXF4T1dET0NHRWdCdFlNTlhMMWJUQnBTWDl2eWs5SzRZdmdRTFNoTzU4N3JPUDVPRzVWX2tBZkNpTDZXU2ZSLXZRU2RxOWRVRHlXUW9UREcwcE5R?hl=en-US&gl=US&ceid=US%3Aen,Dhaka Tribune,3 hours ago,🚜 Agricultural Drones,https://news.google.com/api/attachments/CC8iK0NnNTFMVUZhYm10MWMwWnZUQzFWVFJDb0FSaXNBaWdCTWdhSlVJYXlyQUk=-w200-h112-p-df-rw,2025-09-28T18:35:14.604855
Governor Anandiben Patel calls on universities to take agriculture campaign to villages,https://news.google.com/read/CBMi5wJBVV95cUxQZU5TR1dScWtLclFNdUZiSEY5MFozd3phYlhKQWhyV1JSc212TEpuZlU0UlRKOFFoUktnalc0NXR4V3JwY0wxNTR5VkRJbHVwb1NBc2lrbkN6el9mckY3SXpYdnd5Z2xISDBsNXVKTmNXYlVJWU9haVlZVlF1S1R0TkZQTHlqVlA4QzdFZ205Vlk3TVRaWHNuQVlQR1ViRk5mNmZVNnd5b2tydHI2NEdZeTA1a1JpRmNqQWs4dnZLVk9sX3ZwM194OUFzYUR1SUVQamlVOFBPWGQ5eENIVHc0Tzl2c0FJU2hzOUpOQ0RmaHVLSUJsQS1neHUxaFkwaS1Kc0QtYzBNNW9ueWtTQUlkZWlaTkZReERBZmJWQ2JmRHdubU1uanlUYXpTZnZJYWtJYm1rbFZocG1QRDVvWHVCUEtlSGZ2SVJkQUF3LVU1RUNDVDN4VzdyNzlUSlNZUjlvbGhNVHl1bw?hl=en-US&gl=US&ceid=US%3Aen,MSN,19 hours ago,🚜 Agricultural Drones,https://news.google.com/api/attachments/CC8iL0NnNXlRMUJMVEdodVVucFNObnAzVFJDMUFoaW1CQ2dLTWdrZEVZeTFFS21DcXdF=-w200-h112-p-df-rw,2025-09-28T18:35:14.604857
Is Federal Agricultural Mortgage Corporation stock gaining market share - 2025 Top Decliners & Free Risk Controlled Daily Trade Plans,https://news.google.com/read/CBMiqgFBVV95cUxPWVhyZzdaTlpyTWs3M2xCN1ktdEl5MmVUMkRYYURGV0pfbWt5aXdGZFkyYjF5dkJmSGljQ2g2LXduWGQ0Z3FQd0VBR08zek5LekJyOEN0c2JMbmR0ckNhb3hqZGpUVXoxUk9MeUc1bkpQT0FVUmpkMUhjdkloN01nTC1fbHFJdzVtNTlpNXgyX3dKMlY2eno4MGRzZjlrdWxXUmlvcXpDQVE5UQ?hl=en-US&gl=US&ceid=US%3Aen,newser.com,13 hours ago,🚜 Agricultural Drones,"https://encrypted-tbn2.gstatic.com/faviconV2?url=https://www.newser.com&client=NEWS_360&size=96&type=FAVICON&fallback_opts=TYPE,SIZE,URL",2025-09-28T18:35:14.604859
Stellantis Secures Patent for In-Vehicle Drone Docking Station,https://news.google.com/read/CBMikwFBVV95cUxOWWpSZGs3YWwwVzV4SXlscVBiaVgxd3dUQWlOeWxqcU9lZG40OWlyWTQ1UGRYVDQxZjRuTGFaY091V3BUYldGc3RlUEJTbWNOQ0w0Sm4xLWpEU0hDdWxZMkpWSlA3WFpDYWY1MTgtOHR6MlYwZkJManR6ejJKcWlCcnNZVkRCdkxsekRaaF9aSkFlRHc?hl=en-US&gl=US&ceid=US%3Aen,MoparInsiders,2 hours ago,📋 Drone Regulation,https://news.google.com/api/attachments/CC8iK0NnNXdSRkZpVkZoTVoydEJXbU51VFJDdUF4aktCU2dLTWdZVmdveEpSZ1U=-w200-h112-p-df-rw,2025-09-28T18:35:14.604860
"Drones At Danish Airports, A Plea For Responsible Official Response",https://news.google.com/read/CBMioAFBVV95cUxQRy1NaEVNV2c5THdaVEMtOFYweEZqdmRxci1JY3NEdFkycF9FYXFmVXBmWVpVaC1tb2h2WUd1eW5KZVBNOThPLTM5RW5pekN6a1g4cmw2bllrekd1WG53bm40eFF3YXlWMXpla0hEZXd4MVdwTTFtcFlEeVhLblNPRkdrWElhMmpGNnlhQnNoNmdvcGFUaUpMdGtCMUxUNjdm?hl=en-US&gl=US&ceid=US%3Aen,Hackaday,16 hours ago,📋 Drone Regulation,https://news.google.com/api/attachments/CC8iK0NnNVBhMWxDUWs1eFowbGxha0pEVFJDdkF4aklCU2dLTWdhQk00NnRuUWM=-w200-h112-p-df-rw,2025-09-28T18:35:14.604862
Denmark reports drone sightings at military facilities as NATO warns Russia about violating airspace,https://news.google.com/read/CBMinwFBVV95cUxOb1I4UFJRdEhYQk9VSllpdXlYREZCa0RjWVp3RHlqMnB4RFhsQzI3LVRCNEdlekpPbElqSFR0QjRuV0U3VFNrZXRhSWVxR01Hb05vWkNaYVFpLXcxWWZXQkhaSV9wb1RseWV6V3ltNG5TT181SERCLUhPS2tQT0hsc3BNVkFmeng4NjRRNDdnLTNTdTJ1d0xjYWF1YWo2TW8?hl=en-US&gl=US&ceid=US%3Aen,Fortune,18 hours ago,📋 Drone Regulation,https://news.google.com/api/attachments/CC8iK0NnNDJla0pXTlRNMk5FZHpibUp3VFJERUF4aW1CU2dLTWdZQk1JNUNIQWs=-w200-h112-p-df-rw,2025-09-28T18:35:14.604864
Travel Advisory – Border Safety Measures in Place Across Eastern and Northeastern Thailand,https://news.google.com/read/CBMivgFBVV95cUxNcHVaSkJsVXZBWm9ucnlzTWJlckttaFdNSkQ1VFJ1cXRHRjVZVXV1RFdsSElwcTJWbjZSTl9TeHRwSXVIMEg3NTdTcGlyRnFhYXRlM2Ixb1M1cUJ1anhBaHNsQlE2VEI3X0hsa3lrS3hmN0J2UU1EWkUzNGMtQXEwVDQzd2Q1ZTZvZ0tYMzkyNFduSGxIMzdVRmstaU9XenRrYlJ2LUI3VWJBR3J0NEd4bHV6QWFuWHF5MURveHNR?hl=en-US&gl=US&ceid=US%3Aen,TAT Newsroom,4 hours ago,📋 Drone Regulation,https://news.google.com/api/attachments/CC8iK0NnNUJiVUZLVmxwak0yTmtZbk14VFJDb0FSaXJBaWdCTWdhWlFwSnFtUWs=-w200-h112-p-df-rw,2025-09-28T18:35:14.604866
DJI Mini 5 Pro vs. DJI Mini 4 Pro: The Ultimate Mini Drone Showdown in 2025,https://news.google.com/read/CBMimgFBVV95cUxNbDJXSElDWFk1VkF6d1JXbEdFYUNZQTEwN0d5RDhPcXJtWUtiNDQyU3Z1LUlQdy1VTnROUW4wQjQ2eENsTEN0eWlHYXFUb3JJb3VPMWlJZWtEQ01ydzFHNklzXzI0LWk2NUxWV0dGOHk0UlRxZ1BvNDBNSHd3RFQ2UkU0Rk5FNlJidHFhRGlmT3E0X2hGWTZBOTlB?hl=en-US&gl=US&ceid=US%3Aen,ts2.tech,1 hour ago,📋 Drone Regulation,https://news.google.com/api/attachments/CC8iK0NnNHdaM1oyTUY5NVdIZEpiMEY0VFJERUF4aW1CU2dLTWdhQmdwU0xzUWM=-w200-h112-p-df-rw,2025-09-28T18:35:14.604868
"Lavrov Denies Russian Drone Attacks on EU and NATO, Warns of Airspace Risks",https://news.google.com/read/CBMiqwFBVV95cUxPc0s3VlBWMXRMRTZUSHpaOWZMUGM4aDE2NkUtWmVENkl4anYyRmlwZ1FBRzExVmdHMHhoUTVTdWxtWUFhckh4ZVdpRlVFTWsxWTNQNFRDTjdFWnBRa1pWYWlBUE96NHVUb2x2eVFjU0h3WXl5NDN4MndJeWQxeVVjenczQVUzVTdocklZSmNYaGwzTXlXMVdFOExZOW5KUFV4ZjhyOWRrM1lKdDQ?hl=en-US&gl=US&ceid=US%3Aen,Букви,22 hours ago,📋 Drone Regulation,https://news.google.com/api/attachments/CC8iK0NnNVlVM1J6Y21NNFJYUkhkRXcyVFJDZkF4amlCU2dLTWdhcE1aYk5IUWs=-w200-h112-p-df-rw,2025-09-28T18:35:14.604870
Gabriel’s last-gasp header snatches Arsenal victory at Newcastle,https://news.google.com/read/CBMirwFBVV95cUxOSEx0WUF4YTF1WHlwal92aEFFWFE0TGNaT0Nwd3E4dC1qQnNXSUlQemttM2pib1Fsb3QtVDVNT2ZkSjdKRE1OcXdQSDFwWUJDTGMtbWE1SklJM2t6X2VTZXUxSUQ3OXZEV2h2VEZhOE41a0NTVlpZRmthOGtNRGtFV0VUVmVyRVVvSTRFc2JNcldaYnpJdjNRMUVHRjc0Rkd5MG0zOUN0TjNncG1kb1Bn?hl=en-US&gl=US&ceid=US%3Aen,BreakingNews.ie,28 minutes ago,📋 Drone Regulation,https://news.google.com/api/attachments/CC8iL0NnNUtTM3BTUTFGZmNEZGpSVmRxVFJDb0FSaXNBaWdCTWdrQlFKRGttcWxUREFJ=-w200-h112-p-df-rw,2025-09-28T18:35:14.604872
Secretary Sean Duffy is leading America into the drone future,https://news.google.com/read/CBMigwJBVV95cUxQS0Z2TjMxbW5GZU4zeGlWTHZrclhrdW1sUFZFRk45aEpWZl9uVnduSjhZTzNPMHc0YUdUVHRUazljVHM4YXVsVVdTYVc3akhOWTNieHRER1k3OUtNajlNYXdscUV6cEFIaVNIZl9iMUNIeGVCamNpN0J1YjQ3NGRJMFZyYUpnR05Nblg1X1lSamFWb3lxMm5rVS1DSTJGT1BGRV81aVYtOVUxMk5SODBuU3AyQVNSeTB6clVEVm9GQzRmV0JGaDBwSmtEdEF4bElYeENRYmJkc3FkQnFnNEJWM01BY0FzVnFWNHBZMnNoc3ZuS2RoektMM2pkdHNHTlpfbWlj?hl=en-US&gl=US&ceid=US%3Aen,apg-wi.com,8 hours ago,📋 FAA Drone,https://news.google.com/api/attachments/CC8iK0NnNUNabTh4Y0MxcmNYQjBjQzF5VFJEQUFoakFBaWdLTWdZcFJaVE9JUWs=-w200-h112-p-df-rw,2025-09-28T18:35:14.604874
Platform Aerospace – UAV PILOT II-III,https://news.google.com/read/CBMieEFVX3lxTE9jbEhVNGE4VVlza0swY2g3aHpQSmJzUF91OUluZU03Rlc4QnFEV2xuelAtUHBrdWtxQVFaS2k5Y3JuNlhiTWJoYnY1a3BuSGR5b3lkQkdGMGpmQXlLYlhJSlVSeGZtdXU3dm1LdTJSSGU2dDF2QUNYLQ?hl=en-US&gl=US&ceid=US%3Aen,sUAS News,10 hours ago,📋 FAA Drone,https://news.google.com/api/attachments/CC8iI0NnNHRRV2hPYkU4eE1WWnJUVkJ4VFJEZ0F4aUFCU2dLTWdB=-w200-h112-p-df-rw,2025-09-28T18:35:14.604876
From Traffic Jams to Takeoff: Israel’s AIR ONE Flying Car Nears FAA Approval,https://news.google.com/read/CBMisgFBVV95cUxPOTlZZG1haXd2Mmg1TGQzMng3d2hEQ2RmeUotaVYzY1BITFdtajJzZ0VDMXNDZkpIZWxxRlYyMVdQTGFZOUNDdThxSWlfS2hCdVl0TVZoR01ndkpZZG5qbG1CUTJZQk9QYlk2czlTRHc5VzVIWWNwSWN6VEpVY1lvSWpMb0QwUE1salMyeF9sSkctcFVpZXd3ajlNemdtNVA5ay1OSWxkYmpTV1FpOU9oZ2R3?hl=en-US&gl=US&ceid=US%3Aen,The Media Line,19 hours ago,📋 FAA Drone,https://news.google.com/api/attachments/CC8iL0NnNUtkVGxFT1U1aWIydFFZMmxDVFJDZkF4ampCU2dLTWdtRkU0YkpIYWg3c0FF=-w200-h112-p-df-rw,2025-09-28T18:35:14.604878
"Amsterdam Schiphol Joins Copenhagen, Aalborg, San Francisco, Frankfurt, Stockholm Arlanda in Facing Drone Sightings Across Airports, Will Your Next Flight Be Safe",https://news.google.com/read/CBMirwJBVV95cUxNTmRBOGRJanBSVm9sUjVCelJFRlI5dm5YZlNGRFZfaXJtRm9LeDJ6OVc2bzFONUVROHR3LW9KRGZrcG9FMEh1LWtHQVZHbS14Z0l3MzdEQmVUNWRXMWVJWUJNVlIxcF9OallITDdocVcwektMZWY1UVBJZVIySkxHRU5iWVBpWGJZV2xScXpSZDJEbWJzcG9OS3pyMTIydzYweFFpZUFWWEZYMU9WRkZFcnlHTll2MlhlSjJDNmlCMlBBMV83MFNET2F1RGFZRkFmTnEwZ1EzNFdXT3ZRSkkyWDI5VjlhQ3doYk9EOHU3N3JhSjExdUNrazIyRnNBaVpPa3NGb2xXWTlaRHFwRzZiWE1odko5RmFGcjBlZ3pIbUZHWHo4M1R3dkhQMXhlRTg?hl=en-US&gl=US&ceid=US%3Aen,Travel And Tour World,18 hours ago,📋 FAA Drone,https://news.google.com/api/attachments/CC8iJ0NnNW1VazAxWkVsSVFqRXpTVlF4VFJER0F4aWpCU2dLTWdPSkVRZw=-w200-h112-p-df-rw,2025-09-28T18:35:14.604880
"DJI Mini 5 Pro Lands with a Weight Twist — Canada, EASA Offer Leeway; U.S. Stays Firm",https://news.google.com/read/CBMivwFBVV95cUxPRFptY3hjamJpV0JVWWZadTVVVk9FbjZsUUdzRGREVkk1amtzMFByd1VQVmdNa1J6aDF6bXFXWnJyanBaZVg0UDlMWGRReDdXbFRtNVZpdkpsYkdqM2c5UTlxTzZXakVub19PQ0k2UEtJbktMOVRoLXNNWkx0Ym5TTEN4LVJMM2FnVnZMaEtrUW9DSWRETmcwd003QXhlRElmaFVHRE9fNVZET2VMZWJaZW1hZWZJUExIX3IzOVpjRQ?hl=en-US&gl=US&ceid=US%3Aen,NetNewsLedger,7 hours ago,📋 FAA Drone,https://news.google.com/api/attachments/CC8iK0NnNXVNMlJZT1hkUlNVNXVVRGN0VFJDZkF4ampCU2dLTWdhZGNwYU9LUWc=-w200-h112-p-df-rw,2025-09-28T18:35:14.604881
Top Mobility eyes Korea electric airplane airline to link regions with 30-minute network - CHOSUNBIZ,https://news.google.com/read/CBMiggFBVV95cUxQaGdnbC1xT1FsU2VvN3ZSM3ZUd0tJdUJqZldsTU9fTXhOVXdIbDc0UEVTblJycnpTZkRFUVlRY3JLbUFpcTJPRG5XQXdKNGpkWWxYU2FSbXM1OTFITjNoVW1YSklRa0pyTGhSTkZ6cEhWVUtTZWMyWjg4SnZCZUFqeUVn0gGWAUFVX3lxTE5NWGF3cml3ZGQyM1hkcmNEN1VmMXZWdmEtTFlGaWhBX2hiNHp6ZzBCVXNDQnpseW1wTVZueEZuTlkyXzhHUHVpUEpIZHZjbTRKTDVodlVuMVFmZGJaeEpRSm9FUWgzeHBEZ05IOXUzcy1VQkRyVkR4NmtQWTgwRmd0R0RST3RMNGNxRUlTVDdIZjVsdXpRZw?hl=en-US&gl=US&ceid=US%3Aen,Chosun Biz,21 hours ago,📋 FAA Drone,https://news.google.com/api/attachments/CC8iK0NnNHhNbVJVVmw5d2NXWXhVVUZFVFJDUkF4ajhCU2dLTWdhdGRZYk9zUVk=-w200-h112-p-df-rw,2025-09-28T18:35:14.604883
Sandboxx News | Military News with Meaning—Where Expertise Meets the Front Lines.,https://news.google.com/read/CBMisgFBVV95cUxONEpkREx0UWhickFOQkZMTlJiQ3pnQlhFalNIVlhTakJGUk1oTTZyb1lKczlKSVNKNGpEMmZ2TXJNSHh2cnUyb3lGVmJDa1BiMThQdFBuOWFjR1Q1VmtCRXVjdmstbGNfZ09BTFp3bkJlNVJYUUxuaWtYWUx3MDh0WFBtbmZKNWMxOWtCeHZyUDkxS3pqOEpmeWV4VDBiQldZeWNfcHQ4RzdkeUF3UWkzOGx3?hl=en-US&gl=US&ceid=US%3Aen,Sandboxx,5 hours ago,🎮 FPV Drones,https://news.google.com/api/attachments/CC8iK0NnNW9OVGN4UjNaaWNIaHFUa1JZVFJEZ0F4al9CQ2dLTWdZRllKQ21MQWM=-w200-h112-p-df-rw,2025-09-28T18:35:14.604885
"Russian FPV Drone Attacks Cause Damage in Chernihiv Region, Ukraine",https://news.google.com/read/CBMioAFBVV95cUxObjlBb2RKMmhnWHAzcXRiRXl6M1dNWjJpekZBMDdUSThvM2VzSVNGVkdNZzhaUWhaeU5NQmhCdGhGYmtOaDk0a3NqVV9pNTR3UktTMUdPajdvcVRycWZ3Ri0xY1pZOFRsMVlYMzRtci1XUU5SSWRHMktya0RWVUcwemY4QURfRXFuaFRfNVJoa3NPTDZyTlpaUGR2eG5nYkFE?hl=en-US&gl=US&ceid=US%3Aen,Букви,6 hours ago,🎮 FPV Drones,https://news.google.com/api/attachments/CC8iJ0NnNHhURTVHTFVabFkwUkNURXg0VFJDZkF4ampCU2dLTWdNQllnWQ=-w200-h112-p-df-rw,2025-09-28T18:35:14.604886
"Ukraine’s Sea Drones Now Launch Jam-Proof FPVs via Fiber-Optic Control, Video",https://news.google.com/read/CBMiuwFBVV95cUxNbW9RMXJBRzNDalJOMVdEZXgzcnV4WW5OTmIzaHFyU0Fob1c0OGhuVkhLbVpYVzZfYnFXN25VZ0FWeHhUeDIxdkZEdjU2UzJDVF9FcGdvSHpmY3ZPdEFGbzR6TzRYY3dnWHVXNzlBSWppeGVTak42c3ZaM0NzTjNYVjdST2FKZmNhZWJlNXlKQlJkbU00SlUyLV9rbzgyNm5CVjNjRXFPbHVpVE5NUWZ3cTZDNnZHMzZaOVdr?hl=en-US&gl=US&ceid=US%3Aen,UNITED24 Media,9 hours ago,🎮 FPV Drones,https://news.google.com/api/attachments/CC8iK0NnNVhaR1J5YUhWdmEwaG5ha2htVFJERUF4aW1CU2dLTWdZcEVJZ3dMUVU=-w200-h112-p-df-rw,2025-09-28T18:35:14.604888
Russians Disassemble Cluster Bombs for FPV Ammunition,https://news.google.com/read/CBMijgFBVV95cUxQcjk4T0I3bHpISjNtdVpSYnlwYVJpcW5TM0hHdjlyV0N1TzFhRkJjVWtscXhLU2VuYzktOENFOTVZR3RDQmNIRVY5YnJCTFRJc0MwT3UwcFRkX2g4azZZRE1vbjBfaUZRN2lGU19UYTJXQ1FZaDVyWUIyaUptMndDZHUwVkZaVW55SHpSOXFB?hl=en-US&gl=US&ceid=US%3Aen,Мілітарний,5 hours ago,🎮 FPV Drones,https://news.google.com/api/attachments/CC8iK0NnNTNUVzR4WTNFdE1tdE9XVXd5VFJDcEJCaXJCQ2dLTWdZQlFJeHNIUVk=-w200-h112-p-df-rw,2025-09-28T18:35:14.604890
Civilian injured in Russian FPV drone attack in Chernihiv region,https://news.google.com/read/CBMitAFBVV95cUxOWG00WkZ5Z0VmTWZnVUpiNG9RT1YyYUxMLVJQV0dzbUhudE92dXdBNW5nNDFBSEM4Y3U1UXNma2tkd0k3UzEwX0xFQ0pvLUl6V2tMdkpxcUd3aGpBWmpka3M2bzBUOGJLdDdCVDVJWkZqNjkzSFpQSFRXVUt0cHJncllZeTM4Yk1NS05oREZqVHpBTWNoV0ktNHdZUnpZMVdoX0EtZVR1bUFEVGxGZGVpT1JiTHfSAboBQVVfeXFMTXItaWJoQm1rYmEtQkZYWGR5YXlZOHBPR1ZsQ2EyYzBmS3ZPaEllOUdabE1iQ2I1SUR2dUItaVBBeFFNTE1Ra00xdDlNX3Zjc0ZmWHpuZktQM2lfb0NXQmFLYXgtdXFTVnNQbDlrcHUyOFNMVlBWbndIZGJWMDJzMTNQSW40LXM5ZDdvZ0dHZ3FRR2lTMUlKUEttVnI0UHlQdTVtSkZkTG5vanc5VHpPMUJzblVtekFfZTZR?hl=en-US&gl=US&ceid=US%3Aen,Ukrinform,23 hours ago,🎮 FPV Drones,https://news.google.com/api/attachments/CC8iL0NnNUhMWFpETkZWNldGWkJja0V4VFJEb0FoajJCQ2dLTWdtUkFvS0xXV0p6aHdJ=-w200-h112-p-df-rw,2025-09-28T18:35:14.604892
Ukrainian game Remote Reaper: FPV Drone receives one of its biggest updates,https://news.google.com/read/CBMihgFBVV95cUxOTVBwRDlHOGMxYVRMWVhGampSSkhjS09aX0QtZWxWN3RsRTc0a0g2bFNtMDAtcmNGc21ueXdJNlF6MUhMTFFieUtma0psbjVNM2RaLUtXVnRwZERyd2QzOWc0RzNpMFI5QXdWQnhpRWtKX1MyZWY4SmpiY2g5bTU1b0xsY0VFQQ?hl=en-US&gl=US&ceid=US%3Aen,Root-Nation.com,12 hours ago,🎮 FPV Drones,https://news.google.com/api/attachments/CC8iJ0NnNXVRV2hLYVhnNWVUVnpaM1JQVFJDZkF4ampCU2dLTWdNQmdBUQ=-w200-h112-p-df-rw,2025-09-28T18:35:14.604894
Has America Already Lost the Next Drone Race?,https://news.google.com/read/CBMihAFBVV95cUxQLUJwYW1mSUpGUFZ0ekFTRV8yQ0ExWG5WSVY1anl3cVVROHoyMXh3MG5SYWVaeVdITEQzWGRCa2xsbEFuT2hZdWtoZTZpVTVvX2JBN0M2MlBwU1RXMHFib19CRkVTSDhOQVR3bXQ3TlgxbXgyX2M2ZEdyQ2VGbFNfWDd2dlU?hl=en-US&gl=US&ceid=US%3Aen,sUAS News,22 hours ago,🎮 FPV Drones,https://news.google.com/api/attachments/CC8iK0NnNUlWRUk0TjNoWGRFaDVNWEZZVFJDbEF4alpCU2dLTWdaQklvZ1RsUWs=-w200-h112-p-df-rw,2025-09-28T18:35:14.604895
Naval Drones Carrying Fiber Optic FPV Drones Were Used in the Attack on Tuapse and Novorossiysk,https://news.google.com/read/CBMixgFBVV95cUxOYVEzR2dfWFh5ZTZZcUctbmVSX05VTFRpS1RXaWY3UkdFY1BTUHhOYXZIX2pWdmR2VjU1a0hHNWdkZEdVY0IzckprVDh3c0ZEUE54UTVDXzNucHRtc0pNdmpOdHNkSU1XYjhvQk1wbUFQc01pcTM4WjlmZExMQk5odHdQUXVnU3FYRTlBRUQxUWk0VVUzcEt2TXI5NS1YSXgxVFVIUWVXRmJUcVhadjRVZEZ2QVVVU0JQS1hrSkxFbUtBU0NKVkE?hl=en-US&gl=US&ceid=US%3Aen,Мілітарний,4 hours ago,🎮 FPV Drones,https://news.google.com/api/attachments/CC8iK0NnNHhkek5xU0dsd1pUaGlXSFV0VFJEU0F4aVRCU2dLTWdhQkFwTHRFUXM=-w200-h112-p-df-rw,2025-09-28T18:35:14.604897
Ukrainian naval drones spotted with fiber optic FPV for the first time - Defense Express,https://news.google.com/read/CBMirAFBVV95cUxQRWdVRlEyelA2ekNvdERNLUtfVG9sUjUxZ1NKVl9MckxqNnBRVUZ0UzZ6YzZhcXRYM3NoZ1RVTndTSjBFSVRKWTlwZWFXV3FJNmI2X0xsLVQ3SmgzTHNpdlQ1bS15TVQyOGhSQmx0dEtteUxQdkJwYTBza0k3ZElfbTdmdjFRdHU2dE1WX3d4dTFiNEJPZVZlZDV2dmRtc052RmpZdEczTENtWTVm0gGsAUFVX3lxTFBFZ1VGUTJ6UDZ6Q290RE0tS19Ub2xSNTFnU0pWX0xyTGo2cFFVRnRTNnpjNmFxdFgzc2hnVFVOd1NKMEVJVEpZOXBlYVdXcUk2YjZfTGwtVDdKaDNMc2l2VDVtLXlNVDI4aFJCbHR0S215TFB2QnBhMHNrSTdkSV9tN2Z2MVF0dTZ0TVZfd3h1MWI0Qk9lVmVkNXZ2ZG1zTnZGall0RzNMQ21ZNWY?hl=en-US&gl=US&ceid=US%3Aen,Українські Національні Новини,23 hours ago,🎮 FPV Drones,"https://encrypted-tbn3.gstatic.com/faviconV2?url=https://unn.ua&client=NEWS_360&size=96&type=FAVICON&fallback_opts=TYPE,SIZE,URL",2025-09-28T18:35:14.604899
Civilians injured in Russian drone attacks in Sumy and Chernihiv oblasts,https://news.google.com/read/CBMiZEFVX3lxTE11c2RqYUpHRjg5NXhJYVNhZzA1SVcwdmtBQVh5c1Q4cXpvck5BV190SWFUY2VGdzltazBVOEMyQW41Mk1BM0MwVktjdHc1Z1pURURIUU55WDdQOTYwU0JFRzgxVGbSAXBBVV95cUxQeTZ5Q056dkxKdG5ncTgyOW9FX1lCcmYzeXp5Z3d1VUJXbngydEEtVGNNNmltREtnVTc0VHl0bmpBQ0o3YXdOUm1JckxaVVRIQW9na01jRHVMb1pmYmhqT2Rvb0JIOVdaNDNSZktlV1pR?hl=en-US&gl=US&ceid=US%3Aen,Українська правда,22 hours ago,🎮 FPV Drones,https://news.google.com/api/attachments/CC8iK0NnNU9Ua2RuVURsamJsOHdOamxvVFJDZkF4amtCU2dLTWdZSmdJclVyQVk=-w200-h112-p-df-rw,2025-09-28T18:35:14.604900
Ukraine aims to expand its weapons industry to deter Russia and help allies,https://news.google.com/read/CBMi4AFBVV95cUxQdC1FZEw3MW9ud3l1OWpNUVV1WHJ0aWhhSUNicnNFMWVZVGRuOEdhNnNOZW10MWlQQXRuX0hlZ29ySUJVWHhvQ0hvbktiT1J3S25lMk13VndxRE5ubHA4MFNsbVhKTFZad2FuejlpVEhMXzJCM0h3el9YNGZjSXpLZXQ4dGJ2RGVlT0pIbGJJcDhscmYwdU1wNUNnMXBLNTN4X2tLUXByRF9XRjdEdEVwV19KUkpCZEh0dUtQa0Ffb1NiSGJId0picS1YY3JPTGRZdmYxRW1WOWpldHVTTEtVMw?hl=en-US&gl=US&ceid=US%3Aen,Pittsburgh Post-Gazette,10 hours ago,🚁 Quadcopters,https://news.google.com/api/attachments/CC8iK0NnNTNNRGcyT0d3d2FHVk9ZbVJUVFJEUEF4aVdCU2dLTWdZVkVvNExtUW8=-w200-h112-p-df-rw,2025-09-28T18:35:14.604902
Four teenagers killed in Bajaur shell blast as locals allege drone strike,https://news.google.com/read/CBMiugFBVV95cUxOaVhQZHg5U1V6VU9FeWJNS2U3QXczeXZoTjJCVWVxaDhkazgxenVTVUFKdElfMHJULTRsSmVuRE1tMkJnd2FRN3hNakFneDhHbFgwWVUtaEZheUxNYkYtOTQ3STZvLVZGY2JUZjlWU0J5cDQyVzBoUVJJcUNiNGFaYUU5bmFucklaVDBKXzBZblJQR3lRV1hXZmptTUdSOGtZejFMeGEtX3FxVDZGLUh2eHhyUWlYRHFSM1E?hl=en-US&gl=US&ceid=US%3Aen,Pakistan Today,21 hours ago,🚁 Quadcopters,https://news.google.com/api/attachments/CC8iI0NnNTBUazQyZVRsRmMzRmljVE5xVFJDc0FoajBBeWdLTWdB=-w200-h112-p-df-rw,2025-09-28T18:35:14.604904
Drones over Danish bases again,https://news.google.com/read/CBMiwgFBVV95cUxQOUEwSnFLVDEwTUNEQ2k1ZFUyS0tmdmdvS0hJZVpYNThVdVRoa2pHV0tPc3cxLVdBX29SMzhmOGtpWnZoMzJpdnBobHlXWEhiTlZLQUQxMzZaeHJ0ZVluTldMYWdXZnM2eWtIb0tUN0pRczVtTW5NbUxVUGlVTWpNZjJuRnpLbm9sREtkaWF5dlNXVTBydVktNVVEdXN3WWNzSGdiQnk1VGhiMUxJZ2J5ZDRicS01TFhvdTBtRGlNaVJIdw?hl=en-US&gl=US&ceid=US%3Aen,Euro Weekly News,2 hours ago,🚁 Quadcopters,https://news.google.com/api/attachments/CC8iK0NnNXJSRUZGTms4ME5FMVZhRXR4VFJERUF4aW1CU2dLTWdZZGRaYkxLUWc=-w200-h112-p-df-rw,2025-09-28T18:35:14.604906
Four children killed in Bajaur mortar shell explosion,https://news.google.com/read/CBMikgFBVV95cUxQd0V3ZVBWM2l6blpZR0VXUnJEdzFaSU5CMlRVemxCMU5DMU10dEVqVjRmNU9tLWJDcE80bUJTQ0VGTVFXcTlRR3NsalVWZ0hKbGpxb1k0NTBFQVNkVkRsVndrX3Y2M2VLWGlQblNhTk00NllDaEdyZ1Fsc1ZtemFkVEJUSGp6ejBSRjRJQlllYlVBdw?hl=en-US&gl=US&ceid=US%3Aen,Daily Times,18 hours ago,🚁 Quadcopters,https://news.google.com/api/attachments/CC8iK0NnNUZWVll0ZUZwTmVETnRXV294VFJDdEF4akxCU2dLTWdZZHNJeDFRQVU=-w200-h112-p-df-rw,2025-09-28T18:35:14.604908
Why Kratos Defense & Security Stock Popped Today,https://news.google.com/read/CBMigwFBVV95cUxOSTlaZHBOLWx0SVBPUUUzd2JoTm94clp1ejJmMEFqamRsVE16NTNlc3R5R2tHdDBqTEFLTVdLOVlXeXR2MHkzUVk5QTdzXzgtTGxrcUoteXRfUm85TVRFVDhSM2FqVDNFUHNjQ2hBNWpVR3k2ZTRVb2JUMVd1ejlUa0ZsTQ?hl=en-US&gl=US&ceid=US%3Aen,AOL.com,12 hours ago,🚁 VTOL Drones,https://news.google.com/api/attachments/CC8iL0NnNVRXR2RaTUZsTWNtSlhWMTlLVFJDcUF4aUFCU2dLTWdtUmM0eHBxcWRVa0FF=-w200-h112-p-df-rw,2025-09-28T18:35:14.604910
"Denmark reports new drone sightings over army bases, NATO ups surveillance",https://news.google.com/read/CBMihwFBVV95cUxQbDBvTkxzanF1d3Bycm5tZnFoTnNKWnd4U1BoYzE5bzJwWGxHS0FsQ2pNSi1EazhQMS1uS0tLWm9tWWoyN01wcFQ5R2hiNFc2VUtQMjR2RFlVcE8ybU1pckpQYkppelZEeGxPcXNHQllhTHk0QU1MUkNiZUk1ZEpoUHFKZW1nUGPSAYwBQVVfeXFMTjVyMWxVY1J2ZmEyQkhGUnY3MVhtUTlzOEdsZVA2TGJIb2dwU3hVVGVTaUV6WWh6cDlwa0pRR2pjSGdhcDllN0hkUlJMeGNVU0x1WGNWUlp0ckVOUTV5Z3NCUzNaV3FvaTJxaGEtV0tueENVQVVaZ0N3ZTZ1RXhLYU5TOUctSERwd3Fibm4?hl=en-US&gl=US&ceid=US%3Aen,Global News,3 hours ago,👁️ Surveillance Drones,https://news.google.com/api/attachments/CC8iK0NnNVRZMk0zZERoMmIxSnBNeTEwVFJEQkF4aXJCU2dLTWdhQmNKWmt0UWM=-w200-h112-p-df-rw,2025-09-28T18:35:14.604912
Denmark Bans Civilian Drone Flights Ahead of EU Summit Amid Rising Security Concerns,https://news.google.com/read/CBMixwFBVV95cUxPWkRUWnk2MlVTSlVYSFdxOFNsVFlZMUFmR2ZlcHRrdHNSVlRHNGc3WlpDcUtCTmJYclljajQyazVLdGdYNXlBOVZzekxKWmdvdVhDbVF1TkhKZnRYZDY3MklYanBxM01na21VbHJwcmpfOGRSSGF1NkJUWnhwWXJMR09aMUJHcFI4YUtmQWZjVGFpQmxFc0xxV00ycDBwVGpaUkFySHJqTXNyRDdkbk56bi0zZ21wQjQzM2FtQVR2R3VEX09GVUJR?hl=en-US&gl=US&ceid=US%3Aen,kurdistan24.net,7 hours ago,👁️ Surveillance Drones,https://news.google.com/api/attachments/CC8iJ0NnNWhiRmMwZHpodlEzcGhhbFZRVFJDZUF4amtCU2dLTWdNQnNBNA=-w200-h112-p-df-rw,2025-09-28T18:35:14.604914
"'Multiple intelligence, surveillance': NATO heightens alert amid Russian drone attack on Ukraine",https://news.google.com/read/CBMixAFBVV95cUxQTFU5MXhob3pYaFB3MnFJMVE3ckllUERzVXdPS19LUlJrWUU0YlM0TjdMWDV2b0ViM1dvTm9YV1BkVHBSeWFuZG1QNW9EUlNCVHZNSTZTaHM3ekNFWnpwbkhBMENrd21TeXJWem5wQmxqN1NDR21NSWlMU1UzMzFFenRPVnpOYnJ3NGhuZVlMV29JcU1GNG9wNEV0anI2cF9INFhiQWo5OEg0OTg1dFkwcnVCdXQ2NFJGd1Q2VTdiU2hnTXYz0gHKAUFVX3lxTE1sYkpVUnZxQ09xaEs2V3k2ckVSa1NMX3hGbVBENXBDMS04VDhjMTZ2R3RHRmVwR0ZqTVZyRWJHRzBXRVFQQmpKUzNvUVVKUXFaaUZMNVNwSG9zUndraldONE92U0U4WElnel96djVQXzVTV1dycXpLVUlUc2lFMS1IVG5CNWtIR2ZQNlNjSkdfaEh3T3dyLVNNQUVPalJZUkFvODJXbEE0M0ctZkRCYlRVLWhsZV9KUTFHbGNKSFdmY3lGb3BsenZaS3c?hl=en-US&gl=US&ceid=US%3Aen,WION,9 hours ago,👁️ Surveillance Drones,https://news.google.com/api/attachments/CC8iL0NnNTFTR2xrV1haalFtcFFNV1kxVFJEZ0F4aUFCU2dLTWdrMUFJQTZqT3R6TEFJ=-w200-h112-p-df-rw,2025-09-28T18:35:14.604915
Denmark Enforces Drone Ban Amid EU Summit Security Concerns,https://news.google.com/read/CBMiugFBVV95cUxNWEJTUlZ5Vm1wQnUtNTFMZlhCMXJUSzdlc0ZST05TMGRFU256czlSRm84NElSM3IwMFZRQlV0S2tEUHFKMVFhUktaZmcxM1lIQk1tOElIZU5pQnVsS052WHlXVDFZdFlzcjZPdUlTLXJpRmlGQ0NnZG1LTkJxRUdYVWtpaTBWZkFJUE1IVEJZTXRHdllhbGt1Q1Q3UHlWRnBDQUVNdkZsSVpjR1cyVlIwcHA1WENHZkxXTEHSAb8BQVVfeXFMUHZkWEFpR09hNzV4ZzlsZExtMzlrdGRPRnJ2RmY0TnhvMDk2ZXhrdzV0TnJFbTVucWZHZllNcjFSc0ZMRU45Sy1ZQkhranlEV3pHR2hFM2JvSlc0cUtNTUhXc283VEU5a1cwWmJBZ1JOOXBTZ1BuT1E5VTU3bF9peWtTT3RRdWhtN3NURS1VSE55NndSc0J1b1pESTdGajVYTWtWZkdULXZuamFuWEhKVkU5UW1HM2JwTDhveW8yX28?hl=en-US&gl=US&ceid=US%3Aen,Devdiscourse,1 hour ago,👁️ Surveillance Drones,https://news.google.com/api/attachments/CC8iL0NnNXdhRU4xU0cxS2VXWldkMWRKVFJEZ0F4aUFCU2dLTWdrVlVJaW9KZWNrRHdF=-w200-h112-p-df-rw,2025-09-28T18:35:14.604917
New drone sightings near Danish military sites raise security concerns,https://news.google.com/read/CBMivAFBVV95cUxQTlZFTldxT0NmMkZ3bVVLYjA0UUNrTmFlaGtrNDRIMHA2UURFQ2VNZXVPN3dJbGQyUHg5cGt5VU1vaWtnZEdBd2hjdUczN1hwWUZFTmFxcUdYeUhuZ2hMQ3MtaFNfS080TmVCUVdHS2JjWHZjZUlhNHRkcXkyT0dyOHVUSk81LXhOQk5oNkNUbmtqNVlXLWlrMERMeDVTbEpkRUhiYWlmWmtUbW96MUhUWmJNTkg0RGhGQmVwNA?hl=en-US&gl=US&ceid=US%3Aen,Helsinki Times,5 hours ago,👁️ Surveillance Drones,https://news.google.com/api/attachments/CC8iMkNnNU5kbFZHWnpGS1IyWkRPRmxJVFJER0F4aWpCU2dLTWdzTlVKYkZIbW9lS2ZvYWd3=-w200-h112-p-df-rw,2025-09-28T18:35:14.604919
Niger Shows Its TUSAŞ AKSUNGUR UCAVs after HÜRKUŞ-C,https://news.google.com/read/CBMihgFBVV95cUxQeDJRWTFCcWN6V2p6OTJDVng5OEt5LTBXbkNLVkhaUXZtQVBlN0lzMXRHVTd3VjRIcXVKSUcxbGE1SldoOUlJWTNyVFFvZXBFdGtValpVMVBtRDB3dk5LaFRkemZvVTZqcVBMWVNTd1huLWdCMklDVnAxa25ZOVpMZnB4ekI0QQ?hl=en-US&gl=US&ceid=US%3Aen,TURDEF,2 hours ago,🇹🇷 Bayraktar,https://news.google.com/api/attachments/CC8iL0NnNU9OM0V5ZW0xUVVuQlplRWRMVFJDSUF4aU9CaWdLTWdrQkFJemlodXhFVkFF=-w200-h112-p-df-rw,2025-09-28T18:35:14.604920
New era begins in energy cooperation Türkiye and US,https://news.google.com/read/CBMinAFBVV95cUxPakE2WFV4N3ExWDkwbGJFeXpKNzhNM3BYbEVPdFVWNzVXSERiRE9uQzlfVXlXMGlFVWN2Yi1FbHEtWnNxLVFiNlR6RWE2YVFDbVVKS3lqTlRkWVJKamR1VjBaMkg1b2dZcmczalJQMDh6c2d3OWxmVjdrY1M0QkxEQ2htYzRMaWdGZmVvUTFSb2JoZXdKanlKeWM5UFnSAZwBQVVfeXFMT2pBNlhVeDdxMVg5MGxiRXl6Sjc4TTNwWGxFT3RVVjc1V0hEYkRPbkM5X1V5VzBpRVVjdmItRWxxLVpzcS1RYjZUekVhNmFRQ21VSkt5ak5UZFlSSmpkdVYwWjJINW9nWXJnM2pSUDA4enNndzlsZlY3a2NTNEJMRENobWM0TGlnRmZlb1ExUm9iaGV3Smp5SnljOVBZ?hl=en-US&gl=US&ceid=US%3Aen,Hürriyet Daily News,12 hours ago,🇹🇷 Bayraktar,"https://encrypted-tbn2.gstatic.com/faviconV2?url=https://www.hurriyetdailynews.com&client=NEWS_360&size=96&type=FAVICON&fallback_opts=TYPE,SIZE,URL",2025-09-28T18:35:14.604922
Monitoring Global Sumud Flotilla,https://news.google.com/read/CBMifEFVX3lxTE5MZGJGSnY3Q1JDQmlwX211NzZzOVhXbDNXdlB0R2NCcFpOZms5bkZMVTV6MmFiM0tQV0xpWEpmY3RXN0ZOT0Z2SVpvaTFOX1l1bGtEZnNOQXV6Q3ppUVBlc0RZa2FBUy14dXc0N1RqbDFEanpIMUczeWRjcEg?hl=en-US&gl=US&ceid=US%3Aen,ItaMilRadar,4 hours ago,🇹🇷 Bayraktar,https://news.google.com/api/attachments/CC8iK0NnNXhhMkozWVdaalV6VXdUa3htVFJDZ0F4amhCU2dLTWdZQkpZZ3FTZ1E=-w200-h112-p-df-rw,2025-09-28T18:35:14.604924
"Defense Express' Weekly Review: Ukrainian Strikes on the Iskander Systems, Germany's Costly AIM-120 Missile, Iran's ICBM Test",https://news.google.com/read/CBMi-AFBVV95cUxPWWhOT19tMTVyMVk4ak9RWkc3X1R3eGZBM2JZX3QxRE5ZWGltZFM5YXUxY3FXa3ZBMTh2Q1htRUlGbnNvZnk1bERpNXpxM3JNUHhmcUtjbWh4QlRMOXlQSkx6WmNvOF9xV2lZZnBjZkJDR01aME5tX0hqSFZweVNhRUZqTmZ6RXRGMTJCSTdWQzlqSGc3X3hkNTVnNnNTT2p4VjJsV2FvSFhKZHM5UXdIR1ZzTlpGRVBSdHppVElBRUpXUGRFTVhlWmJKWjhEd0w4S3hxdjgySW53ZHFqalZCVzRMYUJkUFNiY3psdFEwUnBKN2VEYWR1Rw?hl=en-US&gl=US&ceid=US%3Aen,Defense Express,1 hour ago,🇹🇷 Bayraktar,https://news.google.com/api/attachments/CC8iK0NnNWpTMkU0YVhKSlIxQlVNVU5HVFJDWEF4anhCU2dLTWdZUlVwYXZMUWs=-w200-h112-p-df-rw,2025-09-28T18:35:14.604926
Five Guys Who Changed the World,https://news.google.com/read/CBMiZkFVX3lxTFBCeVNwZ0U1S1hmOWFVYmhJREJiOW5ieFVndGloZnF2NnRTTmQ3M0Y5dzdybFZwakVPdkZvbS1PdDJFS0taSjAxS09lUlBaaW5xdVJhY3dzU24zS3VNcXpYRHR4RkVVZw?hl=en-US&gl=US&ceid=US%3Aen,Field Ethos,57 minutes ago,🇺🇸 Reaper Drone,https://news.google.com/api/attachments/CC8iK0NnNDNhRnAyWmtST2FrMU1kVVJ6VFJDZkF4ampCU2dLTWdZRmNKUklzUWM=-w200-h112-p-df-rw,2025-09-28T18:35:14.604927
Houthis fire missile at northern Israel as US launches more strikes on Yemen,https://news.google.com/read/CBMiogNBVV95cUxPYVJSODBEejBhVGphOFBTaVBXeWJCZXFtcmwyRHVGa2FGVW1pTWhLc0JNUkZZejJqc1pha3ZjVDlaMnJ3NkhsaUZ4X1hWZ0FVSk9zQkYtMlplb2pjNGFPN1hETXd0ZEJyWkJvNWRrdWJBemtFUzYxOWZVR1VPOS1HQkYtaXRvRW8yZ2c2MVhGbEN3WVQxRUdaRTNzeGlyeXREa1VBc1JRYjhMX2hiUVlOOGh5SHVCWnZBR01mdFBDTnBfaGdNa25UeGhsNTVtNUh2UndtR2lJRXVMbHVaaTdFb1dDT0lFb3RDRGVmTUttY1hlbjRJODBobFVIdy0xRHdCU3RWNWhwUW9VRUJiZWktUy1pQWRnOExQTEJZVk16OEhfMjlrdi1MTzNONFNBY05MRjJuY2VpUGliUVg5bGlHMTgwZlRUQm8xaVh3eHZqVWZGbGVQblVYTEROTTVHaENrT3haaDhkcml2UVNlTlJab1lMLWJLNlRObDlWX3U2T3VRb2U4eHFOVkpRLXQxSVdBOF84eWx1R1V2QTBUWFlFTkNR?hl=en-US&gl=US&ceid=US%3Aen,MSN,22 hours ago,🇺🇸 Reaper Drone,https://news.google.com/api/attachments/CC8iI0NnNW1SVFpXZDNkaVpscDVUMHBqVFJEZ0F4aUFCU2dLTWdB=-w200-h112-p-df-rw,2025-09-28T18:35:14.604929
“You Really Oughta Go Home”: When an F-22 Raptor ‘Ghosted’ Iranian F-4 Fighters,https://news.google.com/read/CBMisAFBVV95cUxOY3hCeV9kUUdiTEd6SWJBMGpSNWl5T0xjRlhLa056ZWhXcjJzb3ltRnpfMFNhLWpsWkJERGI1ME1mNkFISmY5akhWalpIS2NhQkZ0NVhMeXByUmpTeFFXZXNldThGalBOUXd0dTYzUlNhRG5ENVRqTWFTbzgwRzhxRTd3ZTBxNGpvMDZDbVNhS2l1eEgzMWRPbGRqTFRDTjlILVFiLXFqWTRLbTBqUzFzLQ?hl=en-US&gl=US&ceid=US%3Aen,National Security Journal,18 hours ago,🇺🇸 Reaper Drone,https://news.google.com/api/attachments/CC8iK0NnNURhakZXU2toS2NHUXhXbUpLVFJDZkF4ampCU2dLTWdZWmdvNHNzUVk=-w200-h112-p-df-rw,2025-09-28T18:35:14.604931
Feature-Rich Content Creation With DJI’s Mini 5 Pro Drone,https://news.google.com/read/CBMiVEFVX3lxTE40Vmx1TkZkNU5oX1l1SXIxX0lBeVE1eVRaT1U0OTRtNDZnUEdSWk9DYmp5aXVnalBlOTJKdG5nSDVrTkxrQnUxLUNrRGFvbXlCTUw4ag?hl=en-US&gl=US&ceid=US%3Aen,Men's Gear,2 hours ago,🇨🇳 DJI,https://news.google.com/api/attachments/CC8iL0NnNXBNV0o1TldkVlZ6QmhkWE5FVFJERkF4aWtCU2dLTWdrWk1vZ0xHdXBNVWdF=-w200-h112-p-df-rw,2025-09-28T18:35:14.604932
US Revokes Visa for Colombia's President After He Urges American Soldiers to Disobey Trump,https://news.google.com/read/CBMizwFBVV95cUxORGNUNmdlV1JaRFZmcU9jT0h1WlVGU0RzdnYwZDRYb2FqYnJVZV9zaWp4X3JFRktwZC04ak9nNU9BVVVkdzdYUmRmTFVoMlYya003cWdRMnQ0ZHJ4eXhUMjctVE5MQTBkNUxyM1RsRWdCYnJHMmZHNk9DOENBYkJWdXdQTWV3TVF2SUp6ZXVrOGlpbWpEdmVDeDVnOWZjT2JXWUpiYzVOMUdxZ0lGQjJkVVlwYnZyd3p2cXVIOU1tNUZ2WmRUS1hRS3VUZmJPelHSAdQBQVVfeXFMUFFRQmFpcWRydFItY0hZZUFyd0Z6a3dLOXpqbXpNMGRlMGJvRkh4N2s1Zjd3NlVsV1VSbElHZ1RJQTlVNUlhYnJvMU80VVRRTXc2bkZKSzhneWtHelNUQUpydDVSQzFIMVF6ZkQtcG9iOEVKZWYzVDZLa2ctLS1yaEZ6NHdkc1ZTbHkxazd1RlBHSFd0M3FGZ1JVOEFhVXE2M2FSQkxwYXN2RGlrb05BeTVMWXVKWDdQaU1FeXEwTkNSakEydldFQ1NZd25zdm5CMUVacG4?hl=en-US&gl=US&ceid=US%3Aen,Military.com,6 hours ago,📰 Military.com,https://news.google.com/api/attachments/CC8iK0NnNU1Sa3B2TFZCV05GQjFNazlRVFJDZUF4anRCQ2dLTWdZcEZaTE5rUW8=-w200-h112-p-df-rw,2025-09-28T18:35:14.604934
"Trump Says He Will Send Troops to Portland, Oregon, in Latest Deployment to US Cities",https://news.google.com/read/CBMixAFBVV95cUxQemtHMUlRVlI4dHJTWkxjX0RITTBtc3dfaVVyelhHMktCTGQ4T3A3UGFkSk9nUlFQdklpYTlfUGRnSTl0RVZTd1JUMjRGMENLQ002VWRrS2hobzU2TlAya1BVeHJncXdQdDF6S0dZbGc1V3MwYW80NWE3RFJUTjI0anNpMER0RzFvLXRZeUhTT1V6QUNuSkpRUnZ4TlZVdnJTSC1YS3hiRE1HUTlLSVFqZVRxbEZHb3VUOG1qTk53dmpfR2ZU0gHKAUFVX3lxTE0zc1N2Q2N3MHZweVI2LXFVdVA2WGEwVE1iRWFSQ2hZNDMxTVVwTmFOMzBOOXZJbzlXUkZZNzliWG95M3BnQm5ySHcxbm5fSlZwVWcycENubHY0cVJVd2RsTk91c0xxVjFldDVEeE5JUTRXUHJYVElMaWJWTHhYQkExTDVXTEhYbnpmZ1hndnBibEFjLUhYenJWWE84Rm55ZVZoWl9ta3dubGQ0UjlncnJzOVI0SWdZVVJUNGlSaGN0bm9neFJiUXdHZXc?hl=en-US&gl=US&ceid=US%3Aen,Military.com,6 hours ago,📰 Military.com,https://news.google.com/api/attachments/CC8iK0NnNDNVelJCZERKeGEycFBRVXN6VFJDZUF4anRCQ2dLTWdZQnNJd3F4UVE=-w200-h112-p-df-rw,2025-09-28T18:35:14.604936
"Trump's Moves to Consolidate Power, Punish Enemies Draw Comparisons to Places Where Democracy Faded",https://news.google.com/read/CBMi2wFBVV95cUxQZ3JBSDZvLVdFdE9KSEFVbXBVaUdwX3BNLWM5OEJLd1NvMXppbzB6NTBUMXFyNDJSaUdHWVJFRlZqVnlPOTBNM1BXelZYLVloLXNnWEcwZjdUdFJValJrcXNRVjE2dXpmY1RYMnR2S0V4aVR3TGRseFpndmZnMy1YeTBqUGw4d0l4V1lRQkYtczE1V0R3elpGbHk1cm51Nk5zNkVueklMVVFENlFxYnEwQmpNRTB2RGRjdllKWFMtYkl4Y3FmeWFSQTBxYzlZaFFEQjFkWVVwNWFoQTjSAeABQVVfeXFMTldqZE5velZxaFMwdVg0bUFKNnByLVVDVS1USHg4cVFxaThrUTNXeGxvSHU2T2tiUE1jeHlXa2N4a1ZoWjlnMkFVM3FoZF9DZm1ZZWFrMFZ3MVBwSVVPMlJxSWpKWjBCRXdzZ0s1V0F4eUhoWTlvektSR25pc0VtdGZRYjZKYy1qdHNfLVpzY2h0em41c3FvOEozN1h5UnowclJEczdNaW9TNE55VHVickt3MWpLMXY4S0FHcERKZWptQmpxZmxQcnhUNDhXVUE3UmtVTDZGdnRzaHNaWGhkR0k?hl=en-US&gl=US&ceid=US%3Aen,Military.com,5 hours ago,📰 Military.com,https://news.google.com/api/attachments/CC8iK0NnNXRUR1Z3UkhOR1MwSnNVRE52VFJDZUF4anRCQ2dLTWdZVkZKWklGUXM=-w200-h112-p-df-rw,2025-09-28T18:35:14.604938
"George Hardy, Tuskegee Airman Who Fought in Three Wars, Passes Away at 100",https://news.google.com/read/CBMitwFBVV95cUxQX3pZRlk0OTc0UWpKem9hRGN4ZkV1RVlyNktIUTdSQzc3OFFVUlVFVkNHWWViRmliN3JEQWVUVzNtRC1xRVNPNjl2SkN3ekxpZTJZYWdIMnFha0I4cjctOHBTTHRmcGpJQzRXMllSY3NReGFlUkU2N1hQTmxLcVduQ1lYRzktYUtablJmNFVoeGI4VkNKUkVBYVdFSkFWR2w5bVI5RHIxdVFONVh2a2s3c2EyYWRRWnfSAbwBQVVfeXFMTWQ3UnlBRkhFV2l0RFAteVpYY3RNZ0J2TWhITThWZGhBWUpScGR3aWlVd2ViWjd2c2dhWUdPcGsxUGdwMXBjLXp1NkhlcTRjTUtVMWV1eVVwNmEzeExzQ0l1RWN3eXNmaFlIdHlZa1F5OHltdF83dUNMTUVVV1VFVDBLdXNRdWhVcWh2VDRpZTFBeklMMzc1Vmh0RWI3ejhVOWZlbXhIWk5NSzFDX0dvRmlOYjZrU20xZG5zNlE?hl=en-US&gl=US&ceid=US%3Aen,Military.com,13 hours ago,📰 Military.com,https://news.google.com/api/attachments/CC8iK0NnNVdOMkpTTnpscVptNVhOME0yVFJDQUF4akFCQ2dLTWdaSlFKUjRIQWs=-w200-h112-p-df-rw,2025-09-28T18:35:14.604939
NATO to increase presence in the Baltic after Denmark drone incidents,https://news.google.com/read/CBMiowFBVV95cUxPVGVSNW5hbDhWVWNncXZZQTJuVUZhZzVIaUd2bEs5T0kwNzBYVWctdG5qemJBakV1TUozaTEtd0JQWDJGMThXaVQ0cG9VampYYnFNTXpjWWJkTWhjSXFLektrbFdSdXhKV3BzcnlfaUlnc3MtMWZxeVpTeTJpQmt0djcwazBwVXhSR29LUDJ1M0dFSDc3ZnhQTzhUcmJRVlE1Yk5Z?hl=en-US&gl=US&ceid=US%3Aen,Reuters,23 hours ago,📺 Reuters,https://news.google.com/api/attachments/CC8iK0NnNXlORVJMUzBOekxYQllkbkUzVFJERUF4aW1CU2dLTWdhSmdaSUl0UWM=-w200-h112-p-df-rw,2025-09-28T18:35:14.604941
Russia tells West: any aggression will be met with 'decisive response',https://news.google.com/read/CBMiuwFBVV95cUxOV2dSSUtmYTJjTnlkVE4zTnBrX3RCc2dHYXBIaXRjOGFwaTI4UlZILW5BVnUzZm9laDVZTzZWdlBxNXlRN0hxRUxNYjNVM2llWWVBcXFuQUZSaU92bG1hNF9wbGZBWS1NTFh4RTRNSEF5TktWaFExR044V2doc3RycW5ORzdUaHgwbXhGU3Vla1VDcVdjcE1neXlLY1loSHd5RWFjQUlUVHBXTmlhQkRSaWJrdzYyZWNLN1R3?hl=en-US&gl=US&ceid=US%3Aen,Reuters,18 hours ago,📺 Reuters,https://news.google.com/api/attachments/CC8iK0NnNVhOMmc0VjFSTE4xOVBWRzkyVFJERUF4aW1CU2dLTWdhQlVaclVLQWc=-w200-h112-p-df-rw,2025-09-28T18:35:14.604943
"Airspace near Poland's Lublin, Rzeszow closed due to 'unplanned military activity', Flightradar24 says",https://news.google.com/read/CBMiwgFBVV95cUxQd0JYa0c2Qnp5dHdmdTgxbWpJM1pxQy1tM2NGb1A0cnowbTUyTlowQ29zeThTTm5nZ1hreEJzYlNiYWpYVEh3VUI5d09UaHAxcWRwYWdEWUFhck9ObHA3ZHFCOXNFdmdvTFlQQy1tUWlkM3I5eHYwSnFJLWFGSjgtblk3SFJXc01mOXVhUHNQQjBCOGxKVHIzZVFGYnN1MFg2N2F2Zk5md1B1alAyME82U1dvMlV0b3oteXpTRE14dlJMdw?hl=en-US&gl=US&ceid=US%3Aen,Reuters,15 hours ago,📺 Reuters,https://news.google.com/api/attachments/CC8iJ0NnNXZiRmh0VDAxS1NqSkRlR1pEVFJERUF4aW5CU2dLTWdPTm9SWQ=-w200-h112-p-df-rw,2025-09-28T18:35:14.604945
"Portland deployment, Ukraine, Iran, Moldova and Fat Bear Week",https://news.google.com/read/CBMiqgFBVV95cUxONWFxNkNobzJqX0tHVVUxN0EtN1doOU45VzJ4WkpSUG84SmJoVkY2Smstbl9DRnIwX1d2UTBMeWdUSkEwM25SdHdmbnNCeEJMUndiYlNYaTBsNjhaRkl2c3FQQ0dWUlAzV1lQb0otNTZ5Q1YtNmtWY3g4ajlQQ0N1NUMtYm96NVlTLW5NcXFuMnZrWEpKZkRqNjV0MktmSm5aeWVleGNPaGNFQQ?hl=en-US&gl=US&ceid=US%3Aen,Reuters,8 hours ago,📺 Reuters,https://news.google.com/api/attachments/CC8iK0NnNTNURU5oVFRVelRVVlpURmg2VFJDcUJCaXFCQ2dLTWdhRjFZWW1SZ1E=-w200-h112-p-df-rw,2025-09-28T18:35:14.604946
World News | Latest Top Stories,https://news.google.com/read/CBMiREFVX3lxTFBteW0ySEhETV8wVFhnYUI3bnljRHdKQzNkZU9PZjhfdURSMzNPMno5N2c2X2Q2R2tKZm1qakdoemZCVl96?hl=en-US&gl=US&ceid=US%3Aen,Reuters,"Jan 29, 2021",📺 Reuters,https://news.google.com/api/attachments/CC8iK0NnNVJUVVZCVlRZNE5tYzFaSFJRVFJERUF4aW1CU2dLTWdZZGhwSXF1Z1k=-w200-h112-p-df-rw,2025-09-28T18:35:14.604949
UAE president meets OpenAI CEO to discuss AI collaboration,https://news.google.com/read/CBMirgFBVV95cUxQR3c1SHBHYUVBcENlSkZyYXFxNkNFOHB4bGJFLWk4Z2xGVndMVy04b0RHVVR0YWJzWVVldHhCaFVCUVJ5aGdwSWxQWGJyblRlR1JXQTdfd0JWdlN1ZFpiZVNrdWFtU1l1c0tTQW9WUGVzSkNiSGhRZ2d4dW9Fc3NZd0lqMUVwMWs0MlVXQnFUS2FwVzEzay1PcWRqSUl2VmtpRUtFSXlDcjZGRDFaRkE?hl=en-US&gl=US&ceid=US%3Aen,Reuters,20 hours ago,📺 Reuters,https://news.google.com/api/attachments/CC8iK0NnNVZZMUJSYldkelMyWTBkakF5VFJES0F4aWVCU2dLTWdhRmdaYnBzQWM=-w200-h112-p-df-rw,2025-09-28T18:35:14.604950
Vance says US considering Tomahawk missiles for Ukraine,https://news.google.com/read/CBMimAFBVV95cUxQMkdkb0taUk14emNYMTh3OENKUmpwUVpkNGpwVVJzZmRJM3lzc2llQ0FuY1FRUDN0VU8ybWVsenVmekt3d0p6a3NFR1I4RDlObUo5dDBwZ3FhcVgzOXNRX20wWU56bFdlOTNlUzNtbnZfX3JQOXQxYXBHUllrM2tPT0FRakZFMzcxX0RmMTdldWlvSlRVenB4OQ?hl=en-US&gl=US&ceid=US%3Aen,Reuters,1 hour ago,📺 Reuters,https://news.google.com/api/attachments/CC8iK0NnNW9aa0V4VTJORmR6WlRZVnB5VFJDVUF4ajJCU2dLTWdZSk5ZN0xIUWM=-w200-h112-p-df-rw,2025-09-28T18:35:14.604952
"Exclusive: OPEC+ plans another oil output hike in November, sources say",https://news.google.com/read/CBMiqwFBVV95cUxQSUVFVmZHRC1jSmVFS1pxTXNnV2FFZEFVLXEybjZRTjhuT1JHeXNvMFMzU09oalVrTC1idjR2aG9iSzhIb0lUUWJJSFRPUlkybERCcVRIRUNJd3B3M0pKeHE3U0MyLWwwcnpnWmxvdENabEpEdjhWWm1DZlBIak5hR0xDYnU0U3pxNS1ZU3RLVHhoU2VxMFhmY1pNNjZBNmpWRTdwOENkam5WNlE?hl=en-US&gl=US&ceid=US%3Aen,Reuters,6 hours ago,📺 Reuters,https://news.google.com/api/attachments/CC8iI0NnNDBiV1pCY0haQlJWb3lNakJ4VFJDOUF4aXdCU2dLTWdB=-w200-h112-p-df-rw,2025-09-28T18:35:14.604954
Germany warns it may use military force to protect itself against drones,https://news.google.com/read/CBMiWkFVX3lxTFB4Q1hhYXgtcEZrYVZ6MjRpUEQxOEkxUGMwX2NqRjViM1ZsRGo2YTk3Rzh2UkI2TkdsbTR5M25TNnotRV9HN24zdVpGeHFZM2t2clMyc2NMNHBNQQ?hl=en-US&gl=US&ceid=US%3Aen,BBC,16 hours ago,📺 BBC,https://news.google.com/api/attachments/CC8iJ0NnNVdURXhaU1RoRGFuSnlibXBwVFJDb0FSaXNBaWdCTWdNQnNBQQ=-w200-h112-p-df-rw,2025-09-28T18:35:14.604956
Greta Thunberg denies claims Gaza flotilla is a publicity stunt,https://news.google.com/read/CBMiWkFVX3lxTE8ycXotbm5ZTU9BaktaZ2FTdkEtbGIyY2lOZjI0S1Y5RzBGUi10NEJDdGJya2xsQ0E4c196Q0d4dzgwTm5GQWx2MU1lMWFUZ0ZjVjBSQ2lMZ3c5Z9IBX0FVX3lxTFB6aFFZbHZ5QXpWRzFkdTllLVcyNGY5M1phX1gxQUFxb3Z1cWRueU13S2ppdzJpYnlUTEI0Y0s2ZnA3dDBjRWZFWERTVG8tMVRlSkpwN2tuMXN0X29yRGtJ?hl=en-US&gl=US&ceid=US%3Aen,BBC,5 hours ago,📺 BBC,https://news.google.com/api/attachments/CC8iI0NnNUZURVZqVkd4MlVETjBNa2szVFJDZkF4ampCU2dLTWdB=-w200-h112-p-df-rw,2025-09-28T18:35:14.604958
World | Latest News & Updates | BBC News,https://news.google.com/read/CBMiREFVX3lxTE5aUW1MN1dXLUdVRU9VcjdnWDhmdXBwbl9qaWNJYlZBdzA2RGthQkVkVHFvWWw5WEF1MDVveHVBb3pCOEZn?hl=en-US&gl=US&ceid=US%3Aen,BBC,"Sep 20, 2017",📺 BBC,https://news.google.com/api/attachments/CC8iL0NnNXpNMk5yYW5oTWNteFdSVkpSVFJDb0FSaXNBaWdCTWdrWllJbzJwT2RVemdF=-w200-h112-p-df-rw,2025-09-28T18:35:14.604960
Newspaper headlines: England's Roses 'rule the world' and PM heads for crunch conference,https://news.google.com/read/CBMiWkFVX3lxTE1lQ2JOZXpCNlYySUZIVkV4dV9seENkT1dSaVZPNHZ1THdodFhjNTJRSEo4UDI4dFg4dG5XeTMwcnRWRmtob2hhRjd4RDJ3VUNnUkVvRHZUMWQ4Z9IBX0FVX3lxTFBEbXk0YnI5a0c0ZmFFZnlINnQ2ZUFEbzVUQzMxVkxvN3l5N2xJeHN1eGZlZWkwcDc4bGFiaVRnbU9SZGlUOG1OalJ0aG5udDJ6eWoyLTk3WEh3eHNRTkV3?hl=en-US&gl=US&ceid=US%3Aen,BBC,19 hours ago,📺 BBC,https://news.google.com/api/attachments/CC8iK0NnNUtXbmhLZUZWMWJrZFNWVjgyVFJDZkF4ampCU2dLTWdZTkk0b25tZ1k=-w200-h112-p-df-rw,2025-09-28T18:35:14.604962
Switzerland votes on electronic identity cards for second time,https://news.google.com/read/CBMiWkFVX3lxTE5fZkhFdGJqOVVzNklEWlN4ZDBkQ083clZEaFlhTV9LZ2xfZnlXNXZ6M0pLcTlmRzlLMkpUcDZIRmZqVGxUSF9JNS1OaHBnTHFkNEJnTTE5MlJTd9IBX0FVX3lxTFA4MjJMc2VxRU15WFlFcHFCeXhYYml1QVQ4Nl9RM3JxMW5MWDZBVEhGOFNEUWs1ODYtTGFRM21aOE51NVE0Z1NzVjdmWmd4WUU0aFd0V3l5VndDUnU5X2JZ?hl=en-US&gl=US&ceid=US%3Aen,BBC,6 hours ago,📺 BBC,https://news.google.com/api/attachments/CC8iMkNnNUJYelp6VDFwb0xXZzVlWGhhVFJDZkF4ampCU2dLTWdzQkVJSXNsV2U0V1RqTFBB=-w200-h112-p-df-rw,2025-09-28T18:35:14.604964
Claims of Russian interference in Moldova's election,https://news.google.com/read/CBMiWkFVX3lxTE9JMjlMZTNWM3BzSFZHbXRhb21VNDY1X291S0ZHdUNjTVljWkczOE9HbEZVcnlnSkIxbFhJeDY1SmJXaXg2SlZsRFJNdlJQZkVzdjZWemZTMjBEUQ?hl=en-US&gl=US&ceid=US%3Aen,BBC,29 minutes ago,📺 BBC,https://news.google.com/api/attachments/CC8iK0NnNXpYMmh2V25kTWFuSjJiREpvVFJDb0FSaXNBaWdCTWdhNUlwVDBsQW8=-w200-h112-p-df-rw,2025-09-28T18:35:14.604965
Another migrant becomes latest to die trying to cross English Channel,https://news.google.com/read/CBMiWkFVX3lxTE9JdThaZkJrME9CZ0tzM1RzN1ZNcDFvQU92YjZOT1pLSmhMa3J1T3QtRVQwMllDWU5LMDlYNVJPVzVHak5mRkpnQktGSVZMUllQRTVBTDJTVndod9IBX0FVX3lxTE5EMkhYMHZBZGJQZWJJN2ViUkM5VUFWQjUtRW90TkhENlRmT1M3VkR3TW1fdTFUdURpdGI1V2RJSW9GNDE4bDZMSzlPY1JSMS1YNkJucE54WjVRX0RTSllV?hl=en-US&gl=US&ceid=US%3Aen,BBC,5 hours ago,📺 BBC,https://news.google.com/api/attachments/CC8iK0NnNVlNMVkyZWtOM05tUnNaQzB4VFJDZkF4ampCU2dLTWdZQmdZcTByQWM=-w200-h112-p-df-rw,2025-09-28T18:35:14.604967
79-year-old slammed to the ground during ICE raid,https://news.google.com/read/CBMihwFBVV95cUxNTVY5bnU0RzFGeXc2Zm5HS2tVNWxENFN0a3pNZVYwSWFfcks2b0VVREZackV1WHRCYjduOFlqY2F6ZjNhWURNYTZlclNPbDFXYml2OU9JQS1UR2JpOVFlQ3Q3NExVQ0NXdGJlZ2FDU2hCN25iMFZ6OG9Ta29ZNmgtSWk0MlJ4ZzQ?hl=en-US&gl=US&ceid=US%3Aen,CNN,19 hours ago,📺 CNN,"https://encrypted-tbn2.gstatic.com/faviconV2?url=https://www.cnn.com&client=NEWS_360&size=96&type=FAVICON&fallback_opts=TYPE,SIZE,URL",2025-09-28T18:35:14.604969
Israel-Premier Tech cycling team excluded from Italian race due to fears of protests,https://news.google.com/read/CBMilwFBVV95cUxQemdGa1lmd3ZfTWVvMVl1YkNHbVVTdUU1UmVjRXNfX1N4Z1Zkc1E5UmZSM1M3THdfeUlMQmowVEZsY2JqbVVZNmR1cXVwRC1iZjMwUTFBTGtHazFxaUhWejZBQmV6MWhWR3doTXpWMDR4XzlpR3dZWFVMTXZKemNQNlBPOXdvc3ljcndvU2R2bERXRjBHT3Vz?hl=en-US&gl=US&ceid=US%3Aen,CNN,20 hours ago,📺 CNN,https://news.google.com/api/attachments/CC8iK0NnNWxUMGhGWHkxRWNERjRhVXMzVFJERUF4aW5CU2dLTWdZQk1JaW1PZ1U=-w200-h112-p-df-rw,2025-09-28T18:35:14.604971
World’s tallest bridge opens in China,https://news.google.com/read/CBMilAFBVV95cUxOemhMUnpUUWsxSUxYZ2Rib1AySnhFWWRMYkIwU1VySmhDamdRc3kzLVdhOVhPYTBrYkhWaC1pOTF6cXZkZ3FtMWR6bXY3bFFRTjNyc1FPNjl1OUJmSjJzeHpCX0ZVWGhZem5sQzdmQnJMczF3V0xIQ3pJeG9vRncyM011dVpGZ1pyaEtBX0NUUTBrRnA5?hl=en-US&gl=US&ceid=US%3Aen,CNN,14 hours ago,📺 CNN,https://news.google.com/api/attachments/CC8iK0NnNHpaRkY1YWtscFRHcDFTRzlOVFJDZkF4ampCU2dLTWdZZFlJZ0xMZ1E=-w200-h112-p-df-rw,2025-09-28T18:35:14.604973
Live updates: At least 1 dead and 9 wounded after shooting at Michigan church,https://news.google.com/read/CBMie0FVX3lxTE90WDAzekdRMnp5c3lLUGpxMTBiVXl4M3RQRy05NXVjdEZxdXFKdmRaSXJYZlpwcXpLYXR2SDI4MUlDMkQyd3c4aDQ2QVlDZmhVNWtYblVhLUVOcTdGekZfeXJYSWpWWHBNTjdnLXNOVDY4V0lXemJRSWlfVQ?hl=en-US&gl=US&ceid=US%3Aen,CNN,7 minutes ago,📺 CNN,https://news.google.com/api/attachments/CC8iK0NnNW9SMFZGYVhsdVFWRk5VRzgyVFJDZkF4ampCU2dLTWdhQkFveXJpUWM=-w200-h112-p-df-rw,2025-09-28T18:35:14.604974
Poland scrambles aircraft as Ukraine comes under heavy Russian air attacks,https://news.google.com/read/CBMioAFBVV95cUxPOWJjSjNjQXAtYzdFUUpYeXpENkdxODhfNkZUMGNxbE05OWxTRlNxbWlOTTZZVDFQMzlkZWw4V0RYNG1Fck1PaHNJVldaR2tvRF9sdWpWaTlLYV9pd1FieHF6U2xLdnhCa1RPM0x2WHZHQ05qeGVzdzRYVzByLTRzdk5abUM4cVpSaFU1blhUNGpBYmFCQ0lCVC14MWxhUzJs?hl=en-US&gl=US&ceid=US%3Aen,CNN,12 hours ago,📺 CNN,https://news.google.com/api/attachments/CC8iK0NnNWZXR3B3YUc4d1YxcHRNeTFvVFJESkF4aWVCU2dLTWdZVlVwS29wUWc=-w200-h112-p-df-rw,2025-09-28T18:35:14.604976
Trump's granddaughter launched her new merch at the White House,https://news.google.com/read/CBMilwFBVV95cUxPc0ZlMVFtLUJSMEc5RFVuc1VmcUJXUVhVVVByTEhyaWhQRlduZlFQOWZ1T2dUdGVhMUlIR2VBeXhFaHNhQk00ZXlRenpwcjJ0TF9RWHJzSzFheENjZ1k5UnNJQldDanRQblVmLVRwNlh2Vng0TzVLOWJONjN4ZVZSc19NaEktVHMwV3hJMUxWTUNUQWxPbkdB?hl=en-US&gl=US&ceid=US%3Aen,CNN,23 hours ago,📺 CNN,https://news.google.com/api/attachments/CC8iK0NnNHlZVE5IYldGS1ZWRk1kamd5VFJDZkF4ampCU2dLTWdhcEJZek5RUVU=-w200-h112-p-df-rw,2025-09-28T18:35:14.604978
On GPS: Polish FM on his warning to Russia,https://news.google.com/read/CBMikAFBVV95cUxNRDFud2ktODRCdEdhLXhoTU1Dc1p3QVZLWkd0am1aX25hS2NXRHQ2dk1vNFlqdkRlWHNnRmpCOFJoX29JSnJrNG0tbEowSjE1YkJYUXZxeVYtYWpxczNKY1FYeWY3SWpTOUtZZVFQLVJRd3hnUzNxVzU2Nlk5dTZYQTh0b0VEckxrUkZmbmlnQ1Y?hl=en-US&gl=US&ceid=US%3Aen,CNN,5 hours ago,📺 CNN,https://news.google.com/api/attachments/CC8iL0NnNTBPWEpRVjBGa1NtbHdkakJWVFJDZkF4ampCU2dLTWdtUkVaUzJFS3VwcFFJ=-w200-h112-p-df-rw,2025-09-28T18:35:14.604979
On GPS: Syrian FM on the country’s post-Assad future,https://news.google.com/read/CBMimAFBVV95cUxQMXFSQ2RDUWtkOTBPUzFvQlpZRnJQMVhjYUFXbE9yMkpWbG1WY1B1TEtIODdjTU5vRENrSUFNU3lza2tRWkkyclg0bFVyUkxZV0V6TGIxNFVaRlNhcHRFcF8tU2g5bmU1Uzdsal84YTAtY1hVQWVXUjBqV2R1ZXM4WWZ0VjJlVEMxRWY4NU1POE9RUC1ERnotSw?hl=en-US&gl=US&ceid=US%3Aen,CNN,5 hours ago,📺 CNN,https://news.google.com/api/attachments/CC8iK0NnNXBWM0Z4ZVhkaFV6QkVUREJCVFJDZkF4ampCU2dLTWdhaE5wWUxvZ2c=-w200-h112-p-df-rw,2025-09-28T18:35:14.604981
Russia Hits Ukraine With Massive Overnight Attack,https://news.google.com/read/CBMimwNBVV95cUxOWExNZW0zR3A1MGJXcm45MGlJeXFOR1U3bWZSV1lGYnlFcm9UYkNqUUFqY1ZMRXZ1ejZEYmVlVzNKZ3dJZ1cwb0l1aERFSmxPc21Ud19HTGlMLWsyMnIweWVwcDJoTFh0QlJEaG1mNHItbk9xYkRkYlVCQW0zeXBVaGZYam5VRmNOQUllOUVOM3lNWko2Z0hFQy16SW5IeU1mb0NqV0VvWUhjbnBXVVFhMVFhdmlzRFZjN0xzV1VSWFFtSnVsQWdlQUlNdGR5S3F6eU9wUW1UbWpvbV93WTVmYkhXbHkwaHlRUjZIVDY2RDJRakIxWFZlcDVKTmJ4cm0wb0FxOUhvQi1RRVhIZlNCc1hEMVg2cXBidWlyRVJ2RGxLcGdrYnNYVi1WM3k4YXNEaFBDT0w2WWNrQXVVSTRNN0pYOGtTV1RicE9RUngwbHVxZ2VhYUJRSXFWSU5vM21QNmxkQWFLVDI0c3RYajRpSEZMWVpialVaMHkwWDZRc29pNnFxUXZGTld3aURKZTJZWTdDM1E0WDBNY2s?hl=en-US&gl=US&ceid=US%3Aen,The Wall Street Journal,8 hours ago,📺 Wall Street Journal,https://news.google.com/api/attachments/CC8iJ0NnNXNjbUYzWVhSRU9YSmtXbUU1VFJEREF4aW9CU2dLTWdNQkFBRQ=-w200-h112-p-df-rw,2025-09-28T18:35:14.604983
Technology - WSJ.com,https://news.google.com/read/CBMiwgJBVV95cUxPeXEzOXdDdTMwZW55LUFCU3dSSFZhdi1QNUNNXzFoeUltU0Z1MVo3dzZrVWdXMGk3UGpoVWpmbEUyal9BMHVOem1SLW14RE9WSVZfSGVHZGNCQzEzbDlHWWcxUTdMc1BWVkZBVDlIUkxZdF92VnJ2SUZSd2xGbHZwY053cnlmNnRGcXZCeDFHZmNrZkcycHQ2TmxBSjg4UXdqaDRpX0p3STVZMVBwMlFXMlhYU1dwbmFrUmkzR0RaWTZlcmtwVkJMZnpKblZrZVZxd3U0UmxDRWRqMkQ0TVBoV0l3a2pkOE5ZeHBteWlLWmlIQ19TbV9EWGxmZXVna3ZISWxXcjZoY1ctZDFqZDBPV0xlMFloZTlmSXZ1TEtkNE8wZ3FlTlJZdWZHWUdOT09JYmJLaFNrVmhSSlRmSWZqVURn?hl=en-US&gl=US&ceid=US%3Aen,The Wall Street Journal,"Sep 16, 2017",📺 Wall Street Journal,https://news.google.com/api/attachments/CC8iK0NnNVNjalF3WTBaaGNsaDJkRGR1VFJDM0FSaVRBaWdCTWdZQllZenVNQVk=-w200-h112-p-df-rw,2025-09-28T18:35:14.604985
Peter Thiel and the Antichrist,https://news.google.com/read/CBMi9wJBVV95cUxNS05jUHZRVmd3Mk05UFhsU2pkd0pIRW9ZT2s0ZGVGdVYwV0tCZm9UZnVvYTJsbnVxRmF3M1dmUDFkeW55UjdGeTFrVmh6dE51c082dlg3bHNnVElNNkl5RTN5UGsyWEt3ZWJ5QnNZcnNBWjZEUXp2VTh1TEdkSExyQ3FVRlJDdEhhXzlqLUhvZHVfOVNjOE1NQ1NDRjk2V0p4MnlrcVhzMWZVZnJnV2VTSWNIal9WSkVhR2Z3RWZUUVZzaFNWaDBNMnl4cDF3QzROaDJwSmpfSjVTdTVRejFfQnpPY09ReDBSTVZiZDR3TmNYOTNiVHRRMkRndGdEMHhTZDcwb0lUUmxZUU5xNktvSmc0ZHJIbVp4X291bTZ2aFpOMzBqdDB5VG1iRlJmOXFVWE5TRGxXZVBBZGQzUEJLMmpnRnV4am5TZ1ZMSUllWTJMMnY3YzlLYkZNLTdyX25PM29ubkFPY2xSZVBkeDZBMC0zcDQ4MGc?hl=en-US&gl=US&ceid=US%3Aen,The Wall Street Journal,5 hours ago,📺 Wall Street Journal,https://news.google.com/api/attachments/CC8iK0NnNVFSREpqT1ZKbU1GUlpTRGQyVFJERUF4aW5CU2dLTWdhcE5aVE5uUWs=-w200-h112-p-df-rw,2025-09-28T18:35:14.604987
Exclusive | Xi Is Chasing a Huge Concession From Trump: Opposing Taiwan Independence,https://news.google.com/read/CBMi_AJBVV95cUxNcHJoUTY3Q285MkNyVTFDa0s2RFYwQm5hV1hidFNjYm5sU0FqbktlUmxGb213NWN5b0tHV1psX0JZc2lDNjN3dzFibjNxRTNwOENxRkVDME9RZFljd3E5dUl3UmQtN2lnVjk1dzJXTHdwdm80RHpiVzN2VGhPb0k2QnNfWjFIUEFKVE5NeXBnbUd5R0JZeTQyU2Q1dDByWXhVbzZYajNEcTgzRGVfVEJBNUJ5d2Q5cGJUc0kyR2tfVE40RmQyM3lpTU1hTmlmZW03YkJjZExfY21nY254enJnb0tWNm5OZGN4MjFzV3ZsWjFIVnZ4UnZReHJZaHFhOU9QSmVjSE1hVkhROGVLZERrZ3RkeGIyMEVMRlVFVjU2WXVwSi1zclpPQjAzZWpDeVl6VXoyZGRZMDFfSVpvcnF2dXR2aGM3RUFTZTRQVmg4RGNuc3JwV3FRYWdFMFUzNVJEcmNaX1NGa3Q5bW9BaUsxcE5jeE0tTGh2QzdNSg?hl=en-US&gl=US&ceid=US%3Aen,The Wall Street Journal,17 hours ago,📺 Wall Street Journal,https://news.google.com/api/attachments/CC8iK0NnNUNhMlZvTFdoWGR6TkhOWFpaVFJERUF4aW5CU2dLTWdZUk01aHhtUW8=-w200-h112-p-df-rw,2025-09-28T18:35:14.604989
"How Two Young Men Got Pulled Into Internet Darkness, and How They Got Out",https://news.google.com/read/CBMirwNBVV95cUxObWNZcTRrb1JCSjhaVV9EYjhBYmxRMXFlb3pDQUd3Zy02d0tHYW5qZ2E2WUF3V096cFhIVGxLZzVpTExmRnFQTjl0QkRsZGJJdERsc1pxcWtfTDhrOHd2RldoUTh6OEJBSWVCenZOQmQ5WC1SaUpBbW8wUUFRdlFReERZd2hzUG1WT2lVMFFmYXJ6SEJvQkhDMm1KR0wtUWktLVJfQ1hwZVpxODhObVNtbllBcE1MVkE0M0tELW1RRDBPb1gxa3BMd1p5SmxIbzd4aEs0RnFyM19UakF6VVNOSDdEMVpfX05xNzZ6NXFJMEpyTUpJd21iM3BHRnNGT2pQVjZZcGpoZy1wcWNTZUFtSnVBRGh3aGZHVDNKWThrX3pHaTY4ZWduZnVXbVo5aUdzYmJoaXFXMHgzdEhFY0dTTWQxUGF6dUtzWm9vbE5lSzZDazBLZGFSVUFhUlBpOFFWTTJya3g5VW5YNW1QYWt3WXNkRFRSdEJ6QkxON3hVQXVOSUE5LWNRa3EwdVVMRXRmZGcxb0JYQUhVYzF4VXhYNGcwOFZ4WlNkclhuQ3FPdw?hl=en-US&gl=US&ceid=US%3Aen,The Wall Street Journal,7 hours ago,📺 Wall Street Journal,https://news.google.com/api/attachments/CC8iI0NnNVdiMnhqV2xCbFJGcGtVMXAxVFJDcUJCaXFCQ2dLTWdB=-w200-h112-p-df-rw,2025-09-28T18:35:14.604990
New York City Mayor Eric Adams Ends Re-Election Campaign,https://news.google.com/read/CBMiwANBVV95cUxPcHowQjl3UE5iMkljdGZBTTdrUFROdFFWRUZpdWRocFJSMm9mQ1dTN0VnOWRrM3lNNnNGSURYNzJ0M2lfRzZoZjBGSG5qSE12akljNXkySHZnVWsxa2RPQlhyMnhlQ21IUzVJR2kxN3NWMklqR2VvYkZKTjd6blRTT015ZEwxYWQ3Q1dub0hoWkdlLVo3ajk2VUpoRnZxQW4zM1N0bGkwemE4ZzkyQ3Q2ZWZqMkswYzh6bTFJNWNHSmh0c0N2NUFTSkJSY09fa3FHOTZwVGd4SlBsMV9xYVFkc2owNGJMa1FQZzBmN1pEY1oyWEZqMk5nVHhwcDRra2h5UHlyM25zSXByMW9Cc25LaFJwVHI4RGVuOFhlVTNTX3FyZ1ZtSjY0UnBId2VTVUJRTU5WWUZwUDlWN0lRWUVaclZyaUF1anh0cFhBWTNGRm9PdDNMUHpzb3ZIZmtQakxpRG02ZkQweDRUWVVKd0QzaVBVRmJCNS1OMHFMOUJjZi12dEF0YVhERTZxOHg3WDhQM3gwWWlzYnNGeFBDYWpmdUlsTVBjdDhKX3UzanJfdFZ0N3BhTk1tSnV1azZBODZl?hl=en-US&gl=US&ceid=US%3Aen,The Wall Street Journal,6 minutes ago,📺 Wall Street Journal,https://news.google.com/api/attachments/CC8iK0NnNVZSRTR0Y2pkNmJXOWphM2x6VFJDZkF4ampCU2dLTWdhNVlZNFRyUVk=-w200-h112-p-df-rw,2025-09-28T18:35:14.604992
"Michigan Mormon Church Shooting Leaves at Least One Dead, Several Injured",https://news.google.com/read/CBMi_AJBVV95cUxPWmVfZDUtZGk0Zm5xT3NJM3F3Qm9tQ190djFWZHMzbkRCaWJWbUsxbTMzOHhiLVhtR1Q5QjdodmY5YU5XNm84MFc1Z3R2OGZLelkwaGE5SFZHd3J3VTlvWllRejhzcGlkbmctYzltLXZVNDhpQlROejJlM2Nob012MHBqWWNxMGJIVG4yM1cxVXdrX0lFN0xhT3ExWEwxd3djTHM1YThXY200ZnRWX0lxb0RpVk40endSR0tvZ3I4aUdMajJTaVFlNEYwUkZxRjROMkFERVAwLTBNZFlEN3FDVzlEcFJjY0xxdGpIR3Q4aXlhT0ZlOElyTVNNbnczWTJyU0ptZzA0bmtBUnhYY2MzclRKQjlUYzM5NU5fZVBjcER6TkZsQjB0OEVtaDBqOGFLQjZxSkpHdG4xOFlHU0NVbkNmcm1yQ0FqYkQ4WlI2Unoyb3RwRzBkdzMxNkRDVmlpakpRcUJUcDNjZnJPczZLRXV1UTVRLV9hTG9Jaw?hl=en-US&gl=US&ceid=US%3Aen,The Wall Street Journal,51 minutes ago,📺 Wall Street Journal,https://news.google.com/api/attachments/CC8iK0NnNTBhRzFPUlhob2MyVkdlR0ZQVFJDSkF4aThCU2dLTWdhaFFZd1FMUVU=-w200-h112-p-df-rw,2025-09-28T18:35:14.604993
"Watch: Russia Strikes Ukraine With Massive, Deadly Airstrikes Overnight",https://news.google.com/read/CBMi8wNBVV95cUxOUEVMU2d6ZlA3YTB0bDItQ2l6WlhpYmdUbG5ERzEzcVVFZzJXdEZLNzJUSzlwMXJLMUVSSEJ2MlRMS25CVV9HQnFCdXVqdTF3Z3hPZkdVc0pqNlpDRWZUSnRRT09Ma01HaFpSNEVEdjZiWTJrNi1zX0c1S2tsQ3Z6SmoxYXJKMUY2TXh4ZTZNeUEwVElWeUJyUFVtSWJHVm9LNlZFWGxYdGZVSUFMa05KQlB2YWtKRnUxQjFWbG1LaU9DdFk4YXZ6Smdpa2owaVgwZU9zakJBazdjZ0dmNVZZdGRzU2JoZlJYb1p0QWkyNVE4aXZEcjZGMmc0QXpQT0t3bHhkZ0toUjFOZWFxb0hiUnRHVUdETFJSQTQxYnVNR3psbnpWSzBPUkY0ZkppcTBHUXluQnpTeHBCaGwzQ194REtRMEJibzluQV9HV0liWmd0S1dFZThzb3FoMjdtZTB1LTVOMHR3eWhuaW1XOVVSejkzWkRyb0M5SEhxV0IwR2RzbGRxSVE5cGZ5aTJYTFVEWkRVUHkzamxuNEZ2djRXUXBZZzJmYUM3X2VoeE51MlpvZXh4WTBOTWFIdjhady1LZDNMT2FUU2xqTkNSeExsc1FmUW1IM1lLdlVUREZNQWlZUk4tMWYtNk5EYzlPaFRYZjc0?hl=en-US&gl=US&ceid=US%3Aen,The Wall Street Journal,1 hour ago,📺 Wall Street Journal,https://news.google.com/api/attachments/CC8iK0NnNHRTakY0YW1ac1NVbFdNVkZDVFJDZkF4ampCU2dLTWdZQmdJd2l0Z1U=-w200-h112-p-df-rw,2025-09-28T18:35:14.604995
Automakers Are Hitting the Brakes on EVs. Will That Help Their Stocks?,https://news.google.com/read/CBMi9gNBVV95cUxNaXhIYWd3VzZ6MkRTdkxQam5Rd204NFVhYXF0bFRSdHdTMi1EbVBIakF5WkwtTEVCLVBMS29fNmQtWGVBQ2I1ZTlEdHFrOVdEVjlfSXZVYTBqYUNyTkRxRFZUbDJvcGxHbkIwZEVJLU13cWR6Y1BRQ05WQTNhWEFBU2JCMFF6NnNsemNWU2hFeDZOYjdMVDlBWHJRMGhSN2d1SkM3MjNlc19TMjEtWFh5dnhDTEtJSkZPekN2RzdXaGRadWlLdnJyb1BBUTNRb0phQjJCSlJVbjNhVnNfTldBcjdWZEZCemp3S2hmN284Z1FaRFNNU1Q2ZG1VbTJ5OFNnSEZjUXBfTzNVaVdDWnN0ektVTGt6ZG9tRlJwejNjUmJ5czU5bG5GRzFQRDNDdmFfdmZWYkc5SGJFbVQtTV9JbmxHYXNTYXRxeEF0OFJGaTJjTkI4Nm9wOGpPQWU3SUxndTFvSDZPNTBCZDIwREd4SkUyNDEwZHRLblFhZW9Kb19nZEJZbGljYnd2ZXk0eHh5S1JzMkItdHIwTnZoZ0pTT3BqSTBpdHV5a3RTaGMzeVh2YllJUndvMDlVXzFneXMzU0ZKb0txdWZHNEJGS1N6emo0YkJIYWpwZ1g4M0JYYi1VWFdab1daMTJJbHpfcGl0M0I5LWlB?hl=en-US&gl=US&ceid=US%3Aen,The Wall Street Journal,8 hours ago,📺 Wall Street Journal,https://news.google.com/api/attachments/CC8iK0NnNXZVblF4ZFdaa1ZIUlhlVmh1VFJEZEFoanNCQ2dLTWdZSllKS0ZxZ2M=-w200-h112-p-df-rw,2025-09-28T18:35:14.604997
A New Front Opens Between Zuckerberg and Musk Over Robots,https://news.google.com/read/CBMi-AJBVV95cUxQZ0ZpOWgxQ2FqcFMwa21HWnZjMFNadkN2WVRONE13QUVGZjFfMWJlM3NtNVNfSHZLSGlnVk10dW41Mkg4eUZBLVNHLXRRX1kyWGFjVmZEV1RkdVF4QjI1SlhfMkR0amlWdHdXRTJJd0JnQW1LN1RhWl9GQWZ2ZWo2Nm5XTkxqWlk5SjVzQk9zdnZFMktiYWxkNmtiLXFaRjZOWEZvYmplSHhfZ1NQbU94VlB3UHVBSFlpNmVKVkUtbnFuZ2ZCRS1EQnprYk1NRElXRE96cEFaU2pnU0R4QXl3Y3lmWllkY1ZhZFNyUTU2OEJmT2V3dzdaWDZRckRycDBxM20xbm5CTDZvQ056R2N0TjA5cGwtWVptNndMLVpiY181b1A5U1JVZzBUTzUtOF9yamZraUlSUjVodlBHZDJ3bVU5OXlUUkhaOExGTmQ5eVkxVEtaTkQyYVgwMHRkMHo2NVFxMzJFYzN5a3cyUFFmMGJ5S3JSMWU3?hl=en-US&gl=US&ceid=US%3Aen,The Wall Street Journal,9 hours ago,📺 Wall Street Journal,https://news.google.com/api/attachments/CC8iK0NnNTRjbFU0ZFZJek5XVnRWMk5yVFJERUF4aW5CU2dLTWdZZFI1WXFIZ2s=-w200-h112-p-df-rw,2025-09-28T18:35:14.604999
Denmark Reports More Drone Sightings at Military Facilities,https://news.google.com/read/CBMirwFBVV95cUxOaGozUXdIenRHLUZMVGtZT3IwakhDVGNxZ2M1TnJNT0c3TjdvMXJXaUZVbGsycGZOMjdIc3V3U2I3ckI4SGcyZmF0SHpjcEg1NjJ0X3JRV0ZVWlFrSDVMdlJIQU9nQmRsc2VRVGhKaC1PUHhkX0ZNdWMzanJzVE9xdTZmWmZvaGdQeDdrMXNwVnJSY1ZkY3EwbFM3T3JfaXBSUVBzNDhxV1VWVGlaWTJF?hl=en-US&gl=US&ceid=US%3Aen,Bloomberg.com,5 hours ago,📺 Bloomberg,https://news.google.com/api/attachments/CC8iK0NnNXphbTUzTW5CMlZIQnpkQzB0VFJERUF4aW1CU2dLTWdZQnNJSzQxQU0=-w200-h112-p-df-rw,2025-09-28T18:35:14.605000
Kyiv Comes Under Another Massive Drone and Missile Attack,https://news.google.com/read/CBMirAFBVV95cUxNMUc1T19wbXM2OFFKTVpBN3lySGNTNGJHMEd3YmZLVUY5ZjJPRW5TWFN4bU9oaDkwcENtOWJia29iVVh4MnF2Z1RFNlpxQm1MLWtDa050TlNlNGtoMGprZzhSTXdSeDUzVmJ0anZUQXJBYmRVSUpyb2hoQkJLaHNaWi1iUkFqSTVCU3VxQjl4YW8yWEFBa1RuMlgxM3kzUFhLMV96eHlPb1l0V3Vu?hl=en-US&gl=US&ceid=US%3Aen,Bloomberg.com,7 hours ago,📺 Bloomberg,https://news.google.com/api/attachments/CC8iK0NnNXJka1owTVRKek9HbEhWV1JtVFJERUF4aW1CU2dLTWdZbFVveE9OUVU=-w200-h112-p-df-rw,2025-09-28T18:35:14.605002
Putin’s War Machine Is Now Built Into the Russian Economy,https://news.google.com/read/CBMirAFBVV95cUxOcFFTYk5MbTBZMzlsd0xxVEl0bThXOFZJdXc3T0tITUxTcFZ4TGpPakYyRkc2SVdLd1lPblJzZGp4MXVVWEcyN1hMQWNrOGNoUmdRYTZNdHBqN25PRFl0Z0U5VWNMYmV4ZkJLTFg5V3EwLWNGeDkyVk11ZFR2YWo5R2xwa2lmZVo0dlkydlJnb002aEppempHeUM2TFlmWENqeXNRZVRnX21nYUZv?hl=en-US&gl=US&ceid=US%3Aen,Bloomberg.com,10 hours ago,📺 Bloomberg,https://news.google.com/api/attachments/CC8iK0NnNXFlSFIwTTE5eVNVbG1aelE1VFJERUF4aW1CU2dLTWdhQk1JU0xHUU0=-w200-h112-p-df-rw,2025-09-28T18:35:14.605004
Industrials Sector & Industry Performance,https://news.google.com/read/CBMiY0FVX3lxTE1BR3dSV21neEpjUWY1VnIzVUVtZDFoRExhamR1bE94NnhUR3hoWUY5YlZlZWNGVDIxUmQ0clpRTXdlSkRESEFZdUJZMERtY1A2LUgtdUF5bjNDaGJaZjMtWFlTQQ?hl=en-US&gl=US&ceid=US%3Aen,Bloomberg.com,"Nov 4, 2016",📺 Bloomberg,https://news.google.com/api/attachments/CC8iL0NnNTZhMDFXYW1KSFVYWXRibFYwVFJDMEFSaTBBU2dLTWdtQkVvaUNQZVE4QXdN=-w200-h112-p-df-rw,2025-09-28T18:35:14.605005
What’s the Worst Acronym in the World? UNGA,https://news.google.com/read/CBMioAFBVV95cUxPTERYMExqUXl0RkNJTlhDSmNXby1mYWVmdHQ3Zk5yZVZFUDdLSzJTQ0RHWUxCcE90TUdXaGM1ZHBucTktNUtVZlJxYV9BaHN4czk5eUl0cV9UdEFYNGhLb1lMRnZrYnVVTzh5ZW10eFVVTkY4TmI1ZEZmYUt1TExwVGV4NENrZzNwTkZidk5JRTlsWnczY1h6Q3ZWaXkzbmZG?hl=en-US&gl=US&ceid=US%3Aen,Bloomberg.com,6 hours ago,📺 Bloomberg,https://news.google.com/api/attachments/CC8iK0NnNDBNMDR5VGxOeGNXVldla2h6VFJERUF4aW1CU2dLTWdZVkY1cElGZ28=-w200-h112-p-df-rw,2025-09-28T18:35:14.605007
Opinion Politics and Policy,https://news.google.com/read/CBMiY0FVX3lxTE85R1V1TWZMVllQNFEzS1EtM3loal9KdnJManQzOVZ6cVF4VHI0VnVCdlctS0hXUVppRGRXNk45YnFJcnFxVnA0QldKSU44c1pxb245R0JPV3ZBUjVfS1R2M201Yw?hl=en-US&gl=US&ceid=US%3Aen,Bloomberg.com,13 hours ago,📺 Bloomberg,https://news.google.com/api/attachments/CC8iK0NnNXVObVZoZVdoVWVGTk1lRmxKVFJERUF4aW1CU2dLTWdhVlZKSXBvZ2c=-w200-h112-p-df-rw,2025-09-28T18:35:14.605009
"Drone News & DJI Rumors: Mavic 4, Mini 5, Neo 2 FPV Drones",https://news.google.com/read/CBMiNkFVX3lxTE5qeXVGNFRZZ1g2Zlg2WHI3Zmo0MHRLSTQ3dHRDLUlHUW5GWDgwMkJuYjhrd1ZRdw?hl=en-US&gl=US&ceid=US%3Aen,DroneXL.co,"Feb 16, 2020",🚁 DroneXL,https://news.google.com/api/attachments/CC8iK0NnNVVhRFZXWW1OaWMwUnRXRk10VFJETkJCaUpCQ2dLTWdZSnNJYUxSQVU=-w200-h112-p-df-rw,2025-09-28T18:35:14.605011
Amsterdam Schiphol Airport Closes After Drone Comes Within 50 Meters Of Aircraft,https://news.google.com/read/CBMicEFVX3lxTE1aeElFNmQ1a3NYalZDVzZPVmRRLWRsdkJjMHExY1VGZ212RW0tMkNjQlVTdC1qQ2J5SmRwQlFvODZfNUlnTnJweFlJNjJfZ1h6Skk2Rzduc2Y0MUtwR2pKSVh3ZGJVUXNueG5QRkVhZDM?hl=en-US&gl=US&ceid=US%3Aen,DroneXL.co,3 hours ago,🚁 DroneXL,https://news.google.com/api/attachments/CC8iK0NnNVhNbEl3VTA1ZmIwbElTRkowVFJDZEF4am1CU2dLTWdZQmtKTEpOUVk=-w200-h112-p-df-rw,2025-09-28T18:35:14.605012
Amazon - Drone Deliveries,https://news.google.com/read/CBMiVEFVX3lxTE43anJfXzZFN2lNNi1oejBtNzl2d2lUSFcwUFhRUU5kbTRNOHMwLThYc2FiQTRCVEJiMXNCSFJMMnk5ZlF5dU1pS1BQT09YUXZscERCVg?hl=en-US&gl=US&ceid=US%3Aen,DroneXL.co,"Jan 14, 2022",🚁 DroneXL,https://news.google.com/api/attachments/CC8iK0NnNW1aamRLWVRSdVZWTnpUakpuVFJDYkF4anBCU2dLTWdhWlFwTExxUWM=-w200-h112-p-df-rw,2025-09-28T18:35:14.605014
Drone News & DJI Rumors,https://news.google.com/read/CBMiOkFVX3lxTE5TNXZSVk1udjNQMW1sVzFuM2JMcnRmZktlMkhYQkw1bVFNMmd1WEdUZUtXV3YtQzhERUE?hl=en-US&gl=US&ceid=US%3Aen,DroneXL.co,"Jun 17, 2024",🚁 DroneXL,https://news.google.com/api/attachments/CC8iK0NnNW1aamRLWVRSdVZWTnpUakpuVFJDYkF4anBCU2dLTWdhWlFwTExxUWM=-w200-h112-p-df-rw,2025-09-28T18:35:14.605016
The Market – Page 984,https://news.google.com/read/CBMiZEFVX3lxTE5CSEpQLXAyeTFZejR5VUc4ejRpMEF0NUJUUm4xc1p2OEcxLWpBV3p1MXNVWGlLNWFNQnN5b29yNi1jQVVJMDVTVFVGeWRlZlAwLTRGRlhfT3ZqejVSWWJfZV9haFY?hl=en-US&gl=US&ceid=US%3Aen,sUAS News,4 hours ago,🚁 sUAS News,https://news.google.com/api/attachments/CC8iK0NnNHhhMVo0V0dWbFlVcHhPVzVNVFJENkFSaXNBaWdLTWdZSlE0VEYzZ0k=-w200-h112-p-df-rw,2025-09-28T18:35:14.605018
"Global Sumud Flotilla nears Gaza despite drone attacks, European navies to escort",https://news.google.com/read/CBMipwFBVV95cUxPZHplRE5KQXBHUXIyb2Z5NVRHZmdueEVkT0VYOFlVQVg1dGVPUTcwcWF3TnJvbmR0Z1RKejRNd2QybTljUUMyc21CejJUTWMzUFFYb3dEOFNSVHZzMUp4bVJlTlZ3VXVxR2p4ZU12LXllZnNqVGI4OFlNc3VmN0dfVGtXMWc5T2FYOFBvZzhGUElMX0lCdjJZR3pUOGFVcEFZa01yLVV5NA?hl=en-US&gl=US&ceid=US%3Aen,AL24 News,7 hours ago,🇵🇸 Gaza Drones,https://news.google.com/api/attachments/CC8iL0NnNVhTR05mWVZOQ2NraEJVbUZqVFJEY0FSaUdBeWdLTWdrQm80Z3l0ZVRBRVFF=-w200-h112-p-df-rw,2025-09-28T18:35:14.605019
Staten Islander says risking her life is worth it to bring aid to civilians in Gaza,https://news.google.com/read/CBMiwgFBVV95cUxPb2NxQXplUV9LVk1XbHpiYy1xUjEtVGFQbjQ3Q2psd0toOGRwc29VUy1oUkQ1TG9pZ281LXhqS0JubnRXVklzLTVTUVA0Wk93YXJkZlNPU2k4dkU1dWJYR2UzbTZBdUhzOThkVHQ4WXkzWWNudlJzTGMwWG9vdU9tV3lmZnVIVFNaTC0yNmkySVQ2YlEzNjFFZkZEQzIydnpBcDJuYmFmX2RKV0pJUW5nZURJaXJIbWQ2a1BXU09rZXJ1QdIB1gFBVV95cUxPTTQ5bXc3aXJDbWx0ZlBHQUhTV1J5Mmp3RHlEWkNaLUxMaTdIZnVrUGtMcGlYRWhEcG5CNzNlOGlGMmt2cl80V1JyUXJVOF82d1dmZzRxcWxIY1JjVTRvUFBLWUxKWkNwR3NSRW94LU90eGpSbFl1Ulp4eG5Kc2c3eVFaTEoxLUQwd0VVMkFxTHVIZTFOMUZJNlNzTkZ6aTlLSlJXRnJ0bmpUMzVJekVNYU5uR3MtZEllV3lIUkFHWEkyWXVRNXBtNFRtTnk0UDVjTjRPSEdn?hl=en-US&gl=US&ceid=US%3Aen,SILive.com,8 hours ago,🇵🇸 Gaza Drones,https://news.google.com/api/attachments/CC8iK0NnNUlZM0ppVWs1T1dHMWlNazVhVFJESkF4aWZCU2dLTWdheFk1UnZxUWM=-w200-h112-p-df-rw,2025-09-28T18:35:14.605021
"Two Italian Warships, One Spanish Ship Join Gaza Flotilla After Alleged Drone Attacks",https://news.google.com/read/CBMitwFBVV95cUxQbnRHZ3pObnFTLU9pRzJuQlo2M2ZCcnFkTDQ2MEdNREZyVVdsVy16OVc3Z3pUeXhCcjdpZTFFT0NRMWhTbXdHSi15QW5sblpWd0pUdXdocnFrNUxIT0ZXU0V6Y2JWTHhTN2ZsUFNRTDRPWkwtQ2oxU2QzQjBqcDZnUmJJQjk2MHJFSDdyZ2drTGpTbUptNi1MZkpTdVg4SFZBaXRjQlBVUkNqT2ZJZVJ0SkNKVWhmZ1k?hl=en-US&gl=US&ceid=US%3Aen,VINnews,19 hours ago,🇵🇸 Gaza Drones,https://news.google.com/api/attachments/CC8iK0NnNXdVMUIyUVVZeFZVZHZRVTA1VFJERUF4aW1CU2dLTWdhcFk0NXZyUVk=-w200-h112-p-df-rw,2025-09-28T18:35:14.605023
Italy and Spain send warships after Gaza aid flotilla hit by drones,https://news.google.com/read/CBMitwFBVV95cUxQUFJybUZiUWkyYjNLallNSF9uWW5BLUpkTjdyNXZrc2JJazFpRTRFQmJjelhFZERJWnhnc3Fva2EtdEhOakIzWDRoYTVreUE2WFNhd3ctM1FnMWxuazVQaVFJSmJ4ZHg1M0Z0UHU3QVpfTHV2TDJLSmd1dXZFODZHRU1GZFcyUDVOZzFBYVJtRWthSS1ZUWNzRWdTSzEwSEZsM0QyalBIaG03VWZZbmo2RERUeGVCc2M?hl=en-US&gl=US&ceid=US%3Aen,MSN,13 hours ago,🇵🇸 Gaza Drones,"https://encrypted-tbn2.gstatic.com/faviconV2?url=https://www.msn.com&client=NEWS_360&size=96&type=FAVICON&fallback_opts=TYPE,SIZE,URL",2025-09-28T18:35:14.605025
Washington steps up diplomacy to end Gaza war,https://news.google.com/read/CBMilAFBVV95cUxORWZaZ1VscUxZYXBRemdPM3NfdVFIRDNVdWJVdVRQV01uTDlMaXlOSjFPZVpCdlBJX3VyMFpGaVpmUjU3VVc2SmJTZnJjczM3ZVFBN3NSR0VQT2dHWHp2V2xBU1F4N3R6bzJtckdYT0RMajBwWkZNcVZQTVdtUWpJUUZOdFM0NlNWT3Fyc0ZmM3MyZjRH0gGUAUFVX3lxTE5FZlpnVWxxTFlhcFF6Z08zc191UUhEM1V1YlV1VFBXTW5MOUxpeU5KMU9lWkJ2UElfdXIwWkZpWmZSNTdVVzZKYlNmcmNzMzdlUUE3c1JHRVBPZ0dYenZXbEFTUXg3dHpvMm1yR1hPRExqMHBaRk1xVlBNV21RaklRRk50UzQ2U1ZPcXJzRmYzczJmNEc?hl=en-US&gl=US&ceid=US%3Aen,Hürriyet Daily News,10 hours ago,🇵🇸 Gaza Drones,"https://encrypted-tbn2.gstatic.com/faviconV2?url=https://www.hurriyetdailynews.com&client=NEWS_360&size=96&type=FAVICON&fallback_opts=TYPE,SIZE,URL",2025-09-28T18:35:14.605026
US strike kills former ISIS leader in northern Syria - Shafaq News,https://news.google.com/read/CBMijwFBVV95cUxNckpSWGZZQmNiNTBmeW9hYkdpZktTNUhWU3lkVGxheWV5VjkyMkIxYllMT1pscjh4b0pLRS1JREw2ZFB3NURxbTFJVHVyNzJ6TXItblhTcHJ4dTk0c2RpYjlFVUZUZ3FhWE9pXzN1dWdqTTlWNjlFdThSQW1lQmFraV8zN01Wb0FESURmMFhVONIBlAFBVV95cUxNbzVnMnBEVWxZdHdtVmNGbkRYTlNkTXdxTWdSQWFYVmdLaVd4WmlIMDRyMXlnN3hnUTBuU19yUVFMRFV3X3V6bEhSUWxvdU01aWI2TGxpWGdBa1ZQWjRLd1VNeG1Yb2dQSGVXay0xaUZGQmtpclZfd2QwR2V3N05QT3Vsc3F0Vm14LUM2RjVaeW9xaVdP?hl=en-US&gl=US&ceid=US%3Aen,شفق نيوز,6 hours ago,🇸🇾 Syria Drones,https://news.google.com/api/attachments/CC8iI0NnNW9ialk0U0U5eVdVVTRYME5rVFJDR0F4anVCU2dLTWdB=-w200-h112-p-df-rw,2025-09-28T18:35:14.605028
Hezbollah splinter group in Syria risks confrontation with Israel after rare rocket attack,https://news.google.com/read/CBMi8wJBVV95cUxPdV9wZVFBcVBwbGpjM25kUG02SDFaQXB2dl9zMndkRDhCY2F6Tm9MVk5ySHdOdWgzQlJ5ZnhIQy1FeVV4aGpwc3VXRjlCbTlfQlpORGVlU0tYNTIyNEs3UDVRRzd2NGRvaGRIYnZUNHJxaHU0VWxzYTBEakgtOVJqVGpKdEpGMFpCdlR1TXpqdkJTa1J2Z1UxaFdMQ1hRSjJ1WnJjVW55OHl1alFReWtkdVRVSEVzWklzblV5dW0xcDhEMXdLc0RyS0VEUERiV3JHSmRZZjJxaFpWRGN6NDVmb0FOc2x0cU1oR2s4TFVneDNJTEkwZnZ3clpZcDFUbUpKRG9XYUZiUEJfT3lHSUJ1M3luZFlSUlRsSktwZTVhZkdadzNUSzdLS1J0VU85dmQ1LU5FVWNvVzdMSmhCZHExLTNia1FKMC04MmFTUkJkMUEyb2NiczNVNmxsQTZuNE14d1pGU19nY1RnNlNYYTA1cHBxQQ?hl=en-US&gl=US&ceid=US%3Aen,MSN,14 hours ago,🇸🇾 Syria Drones,https://news.google.com/api/attachments/CC8iK0NnNUpVV3BOUkdGVFRGTkJSVUZxVFJERUF4aW1CU2dLTWdhaGNZN3RxUWM=-w200-h112-p-df-rw,2025-09-28T18:35:14.605030
Large Russian drone and missile attack on Kyiv kills 4 and wounds at least 10,https://news.google.com/read/CBMi7AFBVV95cUxPamstRFN4dDFRLU1wSndvN3FBM3VIUEhzenVMWTliVUdyRldZWkc0NGJkYmc0VkUtT0xFRV9VYlZ2RG9OVkF1YXpEVjNZdjA2WlBhc2pZbU1IZXBfVXVzYllHbWNBZV9IMFYxRHNHaXRIZ05FejZHQlNjUS1Nd1JlODhEZFQ3RWlzX2x6MC1UQ3owaHM0YUU2VHY2MXNqWGM2U2VoYi1MdTV6UkNaZFBpSXI0aERld05hYjV1RXZJNE41MGZQMUhDeWxfajhndFR1dmYyM1lVcG1Bd0FISkZYY2dCcTdpc1dha1I5Yg?hl=en-US&gl=US&ceid=US%3Aen,The Tribune-Democrat,8 hours ago,🇸🇾 Syria Drones,https://news.google.com/api/attachments/CC8iK0NnNTRkelpUY25WYWVVMTVhVUl0VFJERUF4aW1CU2dLTWdZQkVJUXZtUWc=-w200-h112-p-df-rw,2025-09-28T18:35:14.605032
Germany updates: Berlin wants deportation deal with Syria,https://news.google.com/read/CBMilwFBVV95cUxPU0RWZXRuVVRrcjlxM1dzRHlkQVQ5NlRKZ3B1T1ZmZFNaTUctYUZxZXZTLVpmY0U1SjUtVVgyUXdhZ2VNRHBFY3NGVkVrSllVOUlzaWFkcGVoUERfdEVPajVCTU5ielVBWlg5Mmd0TVBrcG1mWm55dGlTbWRId1c1ZXotMDhaOERIN3ltUUU1c1Q4QU1OVGRB?hl=en-US&gl=US&ceid=US%3Aen,DW,18 hours ago,🇸🇾 Syria Drones,https://news.google.com/api/attachments/CC8iL0NnNHlOak5DV2tWcUxUaDJUMmg0VFJDZkF4amlCU2dLTWdrQlFJeURJR2d0VVFF=-w200-h112-p-df-rw,2025-09-28T18:35:14.605034
Lavrov says countries have right to shoot down Russian drones outside Russia,https://news.google.com/read/CBMi0AFBVV95cUxQVlBSQ0FPV0VweUJEZGVOaDZTaUJTbnUtamh3ZTh1N3hvWTlVWEtmNW1NZmdUMFRlQ1hxZjNCVzFKdUxSSWZDVTdrMkNLaFhxd1pFZmNZbjA2YW9jcEpsTHhDdFRrblRYX3V6RnlWUGI0VzZhbmRSeXoyaHd0bkN2ZUhneGpmMU9vM1JvR25FY05nWXk4YTI5aGEwazk4b1Z4VFpHX0pvc2JoU3NURWc0d1Z4eW5EZ00xc1pIMWEyb01uSi1iZHMxLWE0TnJaSTBL0gHQAUFVX3lxTFBWUFJDQU9XRXB5QkRkZU5oNlNpQlNudS1qaHdlOHU3eG9ZOVVYS2Y1bU1mZ1QwVGVDWHFmM0JXMUp1TFJJZkNVN2syQ0toWHF3WkVmY1luMDZhb2NwSmxMeEN0VGtuVFhfdXpGeVZQYjRXNmFuZFJ5ejJod3RuQ3ZlSGd4amYxT28zUm9HbkVjTmdZeThhMjloYTBrOThvVnhUWkdfSm9zYmhTc1RFZzR3Vnh5bkRnTTFzWkgxYTJvTW5KLWJkczEtYTROclpJMEs?hl=en-US&gl=US&ceid=US%3Aen,Ukrinform,22 hours ago,🇸🇾 Syria Drones,https://news.google.com/api/attachments/CC8iK0NnNVlhVkZJYjNGbVNtVnJMVVpCVFJEb0FoajJCQ2dLTWdZQmdJWTVyQWM=-w200-h112-p-df-rw,2025-09-28T18:35:14.605036
LPG tanker with 24 Pakistanis among 27 crew aboard released from Houthis' captivity after Israeli drone attack,https://news.google.com/read/CBMi8AFBVV95cUxPb2RxSEg3N0xWTndub1lweHMwZUdsMDRVVjAySGJqZ0xRajBCMVU3ZEtVYWxnYzNSNDZYMGVXbU1hcUp5Y0hFUVpVeFg2VUtvek9NU0ctYk1TTHJMdEhGQ1d3ZUtzODdRMmhSa2FQM0pUVGZFa1BTRll4dHY0VlBvR0xJNFoxd1pjbmlXZVJGeVBvLVVpdFg3OFJYMnlCaU03SG1nZlhzeWtDOVNEUWxIS1U1Y2w1b3JNUjBTVHB6RE1SOFEzWTg0eEtVcjVmeTRMRUZfRXhTeTRPN2ZnWWw5cjhNc29rM2FaOE1nUHpyWHTSAfABQVVfeXFMT29kcUhINzdMVk53bm9ZcHhzMGVHbDA0VVYwMkhiamdMUWowQjFVN2RLVWFsZ2MzUjQ2WDBlV21NYXFKeWNIRVFaVXhYNlVLb3pPTVNHLWJNU0xyTHRIRkNXd2VLczg3UTJoUmthUDNKVFRmRWtQU0ZZeHR2NFZQb0dMSTRaMXdaY25pV2VSRnlQby1VaXRYNzhSWDJ5QmlNN0htZ2ZYc3lrQzlTRFFsSEtVNWNsNW9yTVIwU1RwekRNUjhRM1k4NHhLVXI1Znk0TEVGX0V4U3k0TzdmZ1lsOXI4TXNvazNhWjhNZ1B6clh0?hl=en-US&gl=US&ceid=US%3Aen,Firstpost,12 hours ago,🇸🇾 Syria Drones,https://news.google.com/api/attachments/CC8iK0NnNVllSEJaWHpOelZWQkdUa0p2VFJDZkF4ampCU2dLTWdZTnFJcUhQZ1U=-w200-h112-p-df-rw,2025-09-28T18:35:14.605037
Explosion in Idlib southern countryside killed person,https://news.google.com/read/CBMihAFBVV95cUxPUEFwTXRXai1VQmh1NllRdlIycWstMlpCM21zM0dpMDBvMHA4TzdKVDE3MGRyT0hNejlQSWxZQ3NZbkdMTkZUeUI1Qlk3dnoxX2RqSmRzaDNSTXJ4OVdudjVSclZib2ZDbWhuUVlWSnRPLTFtc09seDdYcnNnNlo5Z2tsNVg?hl=en-US&gl=US&ceid=US%3Aen,ANHA,7 hours ago,🇸🇾 Syria Drones,https://news.google.com/api/attachments/CC8iK0NnNTNUekYzWTJGdGFVbFpTVFYyVFJDb0FSaXNBaWdCTWdZQmtJS08wUU0=-w200-h112-p-df-rw,2025-09-28T18:35:14.605039
NORAD scrambles jets to intercept Russian planes near Alaska,https://news.google.com/read/CBMibkFVX3lxTFBIVjBfcktZQTAzVFZSZGtJOEJpS1haeGg3WGF0SndROFZPOEk1dUR2YnFHYlF2YTRTTkxRZjY5WUYwWXFWVUtsSmVSRzlkR0JySk95ekJrM0JuS0Y4SnR3SHBnQ0hXaXpEMVB2MnJB?hl=en-US&gl=US&ceid=US%3Aen,Task & Purpose,22 hours ago,🇸🇾 Syria Drones,https://news.google.com/api/attachments/CC8iK0NnNVlUR2hVUkVWNmRIaFViVWhaVFJDZkF4amlCU2dLTWdhbFpJN01xUVU=-w200-h112-p-df-rw,2025-09-28T18:35:14.605041
Taiwan Unveils Mighty Hornet IV Kamikaze Drone with Speeds Up to 980 km/h,https://news.google.com/read/CBMi3AJBVV95cUxPYWpjNG1hTk81MlRoN1p0TFoxektmcFF1ejRtNGk2MnF3dDgxSzlTUi0wTUV6U3h3M2lHVXdRaWFubV9Qdl85QVoyaF9jb2ZRcWhiZ2xaMzhIU2VNb0ppN29GcDktZ0RmVlh4XzJvRG45cnRubU05NFRVUEJlZ1IwODJfNFp4NUtsRXE0UURFbmNuVFpuaEhsVGVObkg3emdFWjA4WlBFX0tubExxTGF1elhOLTM5NmdkTV9wX0dCbk5wSjg2NlprU0hzd1NsZUVrTHMtY2lMY3V4S0JZMm85S3ZxckhSdl94QzBfNnVYR3hTd0RlOG12cnBOcW5EVzdnank5NWYtZ0cwUU52M0VZZ055TllFT21pNm1EMUkwOHFLSmQxdmYtUDBPYXMxYTd2Q0Y1NzQ4c1k4REhHQmpVNEUzb0tOZzEtdS0wWEVBVHRwZjZVa3dHbjV0ZjQ?hl=en-US&gl=US&ceid=US%3Aen,MSN,14 hours ago,🇹🇼 Taiwan Drones,https://news.google.com/api/attachments/CC8iK0NnNVdZMUl6UkZOYWFWZHBlR1pvVFJDZkF4ampCU2dLTWdhQllKQXJ0UVk=-w200-h112-p-df-rw,2025-09-28T18:35:14.605043
New Unit to Speed Pentagon’s AI Weapons Effort,https://news.google.com/read/CBMihwFBVV95cUxOVndqTXNXb01lV0dleElhS2VBZm1CYXpNVzdQVm9pTmZYbUtpQ3FEbi1KNkNfTVU1Zl8ycURjczVUWmI5Vks0YzR6YXNqZTVxQVA3UkZIYm1tOG1ORlJpVlR5Z1ZJQUN4NUZqSzl5ajBJYWFUckY3WDJXWEhhNllwZmMyM0dOZHM?hl=en-US&gl=US&ceid=US%3Aen,kmjnow.com,8 minutes ago,🇹🇼 Taiwan Drones,https://news.google.com/api/attachments/CC8iK0NnNXVjMHhhTm5NMldraGxlVlpZVFJEMEF4allCQ2dLTWdhTlVwS3JKUWc=-w200-h112-p-df-rw,2025-09-28T18:35:14.605044
In pictures: Taiwan’s Hualien in the aftermath of Super Typhoon Ragasa,https://news.google.com/read/CBMipwFBVV95cUxNTmp5d1NZdnFQNWNLTkZuWm83OE1GUlhiS2pyRUVyZGRkMjRuUXh3dzdhamZ1dkVpQW1VSFpsNVRhelYycnVqanV5RHBTSGxEaWo1eVhUb1pwTjZJNW9SZ0dJWlE0QXUwbkRfcHNvcUZTMHkzT2piZGs0Y3NydTJHZGNIT3RDd0xUS0ZUV3FOdkRJX3I3V29ibk80Y2NWQTJWeEU5TEMxWQ?hl=en-US&gl=US&ceid=US%3Aen,South China Morning Post,13 hours ago,🇹🇼 Taiwan Drones,https://news.google.com/api/attachments/CC8iJ0NnNDBXRGhuZW05b2VVSnpiRTlEVFJDc0FSaWxBaWdCTWdNcDJCZw=-w200-h112-p-df-rw,2025-09-28T18:35:14.605046
Doves for peace,https://news.google.com/read/CBMiekFVX3lxTE55d0hZb2FKdmFTX0tydTI5NWlzdGxIcF9qeE1VWWFCVHNZMVpQQWhuem9iM0F1UmcyX0VHSkVKYmtfU2swU1oyZ0k0bmV3UEoySWNXaWFFOHZxeE9TQVc4NFp2SEdUUWNldnFpWURJd1lYRnRNSFp4Y1NR?hl=en-US&gl=US&ceid=US%3Aen,Taipei Times,2 hours ago,🇹🇼 Taiwan Drones,https://news.google.com/api/attachments/CC8iI0NnNHdSRVZZUkd0NVgxUk1TRWROVFJEZ0F4aUFCU2dLTWdB=-w200-h112-p-df-rw,2025-09-28T18:35:14.605048
Denmark Drone Incidents Prompt NATO to Boost Baltic Presence,https://news.google.com/read/CBMioAFBVV95cUxQNEFvemZaNXBfWXBua3NtQS0yUnJiM0NBMlFlYURDUWF5a2dqSVBkeE03ejdCakdrNFhHOUtKeHdHb21wZ3NnTk00bnBmVDNxTHVnOUdScDR1d2xTX0V0RTVsczVYdFhzdHVqRzZDcFRMZFd4RV9jVmpsQzMtdXBabTUyN3BnYWQyeEdiY01LWlc3X1VpeDgxZVlwc0RYZExq?hl=en-US&gl=US&ceid=US%3Aen,Modern Diplomacy,7 hours ago,🌍 Africa Drones,https://news.google.com/api/attachments/CC8iK0NnNWpRVVU1UTJsbFJqRjVjVGh3VFJERUF4aW1CU2dLTWdaQjhJcTFUQVE=-w200-h112-p-df-rw,2025-09-28T18:35:14.605050
Chinese aircraft maker achieves historic feat with self-flying car: 'Actively building a future where our cities are more connected',https://news.google.com/read/CBMikgFBVV95cUxNdkVTSFh5MWhhb1MyeWVmZElEVDFub1VwQkMzalRJSE1OenJYMk9MTXU5QVZ1aThoRlNQUFF3LXNiRld3MFNuVkVieTY1Y20xX1FZSGZ2VXlSMzBZWFFnbWcwQ1NwQXZaTkRGcnpXb2RmVThSMEowazRmeDBkNEduYVctX0pST2F2TXFhTGhJeTRZQQ?hl=en-US&gl=US&ceid=US%3Aen,The Cool Down,5 hours ago,🌍 Africa Drones,https://news.google.com/api/attachments/CC8iI0NnNWhkRE5RUW5KbU0xWm9Va1pQVFJDZkF4ampCU2dLTWdB=-w200-h112-p-df-rw,2025-09-28T18:35:14.605052
"Telegram owner Durov says French, Moldovan governments asked him to block anti-government accounts ahead of elections",https://news.google.com/read/CBMi7gFBVV95cUxNMFZIam9wOWlZaXRmVVV5M0JqOHVUcW9xbzhIVmxlMUpDdXl4bWx0RzZwM251SG5PbjdHUFFZMk1RQUNCaTd2MXp5Q2t4VDFOT3Ewb3NOWGRIVjZFeS1BNUh3NExPN2FXcXNVSS1ZNmo3MzhLM0NUNVZEVTFSZ05DSjBhVl92cjdXNUZzbkxVVkF4YmU4a1k0OGRWeThnbWw3RHFsNzVWZmpkaWlDdkNYbk9mNnNKd2JHbDdMbm1fdUZGaGUxOVR2TnFIazB5U3NvTHJraVJIaHpaN04wWEN1NmV5eThXbldHaWJ5U3JB?hl=en-US&gl=US&ceid=US%3Aen,bne IntelliNews,2 hours ago,🌍 Africa Drones,https://news.google.com/api/attachments/CC8iL0NnNHphazlHTUdwNE5reGtaRXhVVFJDaEF4amdCU2dLTWdrUklvb3NPZVZ6NWdJ=-w200-h112-p-df-rw,2025-09-28T18:35:14.605053
Thousands left without power in Zaporizhzhia as Russian drone attacks cause damage,https://news.google.com/read/CBMilwJBVV95cUxPZ0Q1NS1wWXdDMHA1ZlFsaXY1dWk0bkxtaHdLUXdOSzZlQ3VHRUY0aTRyd0hXODdpWXN5VzVOaHNQdGJGR3NEMEdXaHVQVFBIeUQ3UC1iQ3VuLUFRVGotUTZZV2ZNTXpqQ2RBeW1pUFFnRnY1WUF3MzhhVzFtakdrY0J3YTZrOTY1SFJaRHhYdnBXYmhwVWo0ZHMyVVFtdnVmZ1U3UERrTG1QTUJTeFVOcldUMVVzN01mUmJjNnpWNE1QclJwU0lRX2trVUIxc1llbm5SVUZkc2lWTEE1UVJVOGJGelJFOWRCQk5fenBYZ2lDQUk2ZUNEZkMxa1I1amJ4aTRxZ2JJM05VSFR1Y0xNM241eTdBX2M?hl=en-US&gl=US&ceid=US%3Aen,MSN,12 hours ago,🌍 Africa Drones,https://news.google.com/api/attachments/CC8iL0NnNUdkR1JLU1ZwcFZsUnVlVWxJVFJDZkF4ampCU2dLTWdrQlVZYnJwQ2hyMVFB=-w200-h112-p-df-rw,2025-09-28T18:35:14.605056
Drone Assault on Ukraine: A City Under Siege,https://news.google.com/read/CBMipAFBVV95cUxPWEFHRGxua0V0cVBFQjFfSF9PVTBxWlBfUzduZHFYTmFGTXM3UUdISUoyMlpZWUJKcmc0bkhEQWtWN00zdVBuV09TdXQ1ZjVCVEFfV3FaQmZaM0tUdkRMbE5CaUVpUG51bkYtckM3UVNfLXk2TGFoTjFuWlF2ZDUxTHRCSHliVVFLcWd5TUxXQ3FsZGJMb1hCOUdtZnF0U2I0c3FpeNIBpAFBVV95cUxPWEFHRGxua0V0cVBFQjFfSF9PVTBxWlBfUzduZHFYTmFGTXM3UUdISUoyMlpZWUJKcmc0bkhEQWtWN00zdVBuV09TdXQ1ZjVCVEFfV3FaQmZaM0tUdkRMbE5CaUVpUG51bkYtckM3UVNfLXk2TGFoTjFuWlF2ZDUxTHRCSHliVVFLcWd5TUxXQ3FsZGJMb1hCOUdtZnF0U2I0c3FpeA?hl=en-US&gl=US&ceid=US%3Aen,Devdiscourse,8 hours ago,🌍 Africa Drones,https://news.google.com/api/attachments/CC8iK0NnNW5TVlIzVm1sblVIRlNXSGQ1VFJERUF4aW1CU2dLTWdZaFZZek5LUVk=-w200-h112-p-df-rw,2025-09-28T18:35:14.605057
Unidentified Drones Detected Near Danish Military Sites Amid Rising Regional Airspace Threats,https://news.google.com/read/CBMixAFBVV95cUxPQnR5OEx2b0V4QkwxSlNjbVQ1cGtQbGprZWVHamE0Sy1oMWFaTUYybllzN0NReTFXS0JuRmVJVTI0WVNZR3ptd1F5T3MzUDhDTEQxcldpWm1NYW9JU09Vb0RxWm80SlpkR2xiM29RczFYZmNsNUlpcVZ0YmUtU05rWlBuaUx6Wkp0ZmE1QjEtanhnYjJ5dXBSTFByZm8wWTRsZTZSaENIWU4yUUE1NFlYTVJPaXU4eHBVa21ZeWcyWDFGV2Nh?hl=en-US&gl=US&ceid=US%3Aen,Букви,4 hours ago,⚠️ Drone Incidents,https://news.google.com/api/attachments/CC8iK0NnNDBTamMxZEhabGNuTk9WbVpXVFJDUUF4al9CU2dLTWdhVmM1QnFyUWM=-w200-h112-p-df-rw,2025-09-28T18:35:14.605059
"Denmark drone incident: NATO plans to increase presence in Baltic, Germany to defend itself against drones threat",https://news.google.com/read/CBMirAFBVV95cUxObjByZnFzRGJfWm5oZk5XMkhiWl9YNG1iRmdSeVJKTUlEVHg1bUpoTGEyVzh2ZzhBLU45UTEtS044dUZjZWppdnhhTkc0MlNrR2U2YUhfRkN3Sk9XRkVqSVhpNlV5Y2p1NXRsR3d6akRjQlRtU3BDRW1wek9kTlV4b2VET1NzT1lDSzFyQ0Izbm1hcUE1V2tmUklEdTNleVo2MUU5RGVBeW1obTZX0gGzAUFVX3lxTE9oWkZSWndxeHRCUVFieldoR3poOVBVV2NWWFdmel90aHFKYjdLVVRjYUNtSzhGZ2xLU3o3bC1USGItSndBclhVTW0ycGpBVzRWZkM5Z05JOFFvV3pfc3hFdl8xWVFXMktjdUdjcXVEelMzNXJGb0FfcDVnUnRUQ2kxdU4wR3JEejBoN004VHJUTzZjcy11ZzBKdXJHbXR2VnJaV0FQeFMyOXl5VE1HcEV1OUww?hl=en-US&gl=US&ceid=US%3Aen,The Indian Express,16 hours ago,⚠️ Drone Incidents,https://news.google.com/api/attachments/CC8iL0NnNTJOR3h0T1hsRVRuRlhVbEl4VFJDZkF4ampCU2dLTWdrSm9aRHdRT2FaN3dF=-w200-h112-p-df-rw,2025-09-28T18:35:14.605060
Zelensky accused of 'losing his mind' by NATO nation over 'drone' claim,https://news.google.com/read/CBMiswFBVV95cUxQVThHb203bWlnYm93aEV6dzVFRWtIWEtmenJLV2xiY0FOOGtFQkZFQnUzSzZuVXBtYVVQQ0JISjNqbFFmdVJva09FdDNtbGdFeXRtQ1d2RVVsaXduZWptbWp2YnoyYW9vaFNRMktKcmt6c01RWjVKdVNzQ1hFN3RMYjE0WHBHUmp4YVUxblhkOWtZLW9mOUVmR25zZFl5Nm5VM3JRNm0xcExtSTRCalF5MnlUQdIBuAFBVV95cUxNbDlxUXZ4RGlVRVkwdTlMamlHck1CTGluZXNwOE9CUDZROFNEZXV0c2lTWmc5aTViRmowRl84Q0F0MXUzYzhGOG9qVkNsVDFKamo4V0IwSG0yTk0xdUJIQzlqam1ueDF5QmpBYVJQSmxhdV9ZMDRkb1N2QzZYcEV2REhESTl4N2JtdlI2THhQTkI1U29Qd2ZuRUJhcl93SDcycWFhM05OQzFYeWRBQjVsMkdnYy1JcW5l?hl=en-US&gl=US&ceid=US%3Aen,Daily Express US,12 hours ago,⚠️ Drone Incidents,https://news.google.com/api/attachments/CC8iK0NnNXlXbmhqUWxRdGQwNW1VRFl5VFJDUkF4ajhCU2dLTWdheFJKYVBvUWc=-w200-h112-p-df-rw,2025-09-28T18:35:14.605062
Drone or balloon? Amsterdam-Schiphol airport closes runway over near-miss,https://news.google.com/read/CBMiqwFBVV95cUxQbWdxOW1KR19CMHVOSmREUmFmaHJDZVkwNjA1RTVmUjhHTUZ6MHVTUk1tZExJMUtVa3BlWWo3YXQ4bG1XRllNTXpSVFFXVFVnaml6LWYwSDl4NjlIM2d3VkN6ZmdWWW9TVlMzVHpfSWhLRDQzMkNTVG9ZcmNZaXgxTGUycVRNZXNTdXphUUtvVXE4aWJseFpKVzNrMW5VMXA2RUV3RkcxbW0zNlXSAbABQVVfeXFMTmtMNTEyNWlSQXdUUVh0RzIxdEZEdGdZVVZzMmt0RG0tbUx0UEJzeVc5ZDFuSnUyaVNDSUNGS09IYzduOVVmSWFUemNrR05zSk56WUMtQmctdzRsNERneTJCaU0xYi1QNmJwakRnQ0FIOGlhNDNfRGZoMEliN3FzVTZuajlLSXNicmdPSmZpZmZZd1lKcWpKZkVpZ2hDdVlJX3VmeFkzNFJrWE5rLW52RXQ?hl=en-US&gl=US&ceid=US%3Aen,AeroTime,9 hours ago,✈️ Airport Drones,https://news.google.com/api/attachments/CC8iL0NnNXRlRlo0TTNvNFRISnRXalp3VFJERUF4aW1CU2dLTWdrQk1JSUlKU011MVFB=-w200-h112-p-df-rw,2025-09-28T18:35:14.605064
Denmark bans civil drones after more sightings,https://news.google.com/read/CBMihgFBVV95cUxNMkFvZFF3OXMwZlJJTWwxZ0l3MjVIaG02WTd3Q24zMmdETEhFc3MzZjM2N0w5U25hZ0w1UXA2UUh2V3YwbHpESk5aMUpRTWRHVVdIczJYOXRabVFhcWxuUVEyWUhSNXZFbm5LZ1M5RFFQa19qbVFaTzdLTkpzb0ppeGx6RW1Ld9IBhgFBVV95cUxQdXlJOGxjX2gtd3FPRmlNWlRCLWhRRnV6Zmd4MG9QU3o1Q0ZkNVRaemZtSDdwVFZydE5qQi0wRHgyZkI5c0J1ZEpOM0sxUEVzbkFJZ0REejhrTXRMa3ZWeUI0cW1udktwQk51VzY1RkZpZWxSVHBCWi1HOTJXZUFTLWtnZzE0Zw?hl=en-US&gl=US&ceid=US%3Aen,DW,1 hour ago,✈️ Airport Drones,https://news.google.com/api/attachments/CC8iK0NnNWFPRmRHZUZvMlkydHRYM1k0VFJDcUJCaXFCQ2dLTWdhQlVwU1BJUWc=-w200-h112-p-df-rw,2025-09-28T18:35:14.605065
Denmark bans civil drones for a week after sightings over military bases,https://news.google.com/read/CBMicEFVX3lxTE1vMkdWZFAzZkppdzRTSWk5UGVwWVZjMnJldXZwdFRkNmxUNVRjeEw5ZG5mZjd5eVlYZDRDalo3b2xoNURNdjZ1RTUza1JKbVA4T25iVlN0UHpiSjRCZXVzS3lCYVBfdzBsMFYtdnFLUjM?hl=en-US&gl=US&ceid=US%3Aen,Financial Times,4 hours ago,✈️ Airport Drones,https://news.google.com/api/attachments/CC8iI0NnNTJlVFppUm1KU1NUTlJSazFqVFJDS0F4aThCU2dLTWdB=-w200-h112-p-df-rw,2025-09-28T18:35:14.605067
Denmark imposes temporary drone flight ban ahead of European Union summit,https://news.google.com/read/CBMilAFBVV95cUxQWjdfTnNaUUo3OU9Qb3E1SjZSN1VPQllXVDRFS0JTT3R1NUt3Z3JjOU9wNUk2QTBNOHZyM1ZuOXJDVmF1UEZRclFGN1FYdnpURi0wdHBtVzdvaS1wNjVmM3ZpNUd1aDhpcGMxNkxsNWViTFl5dWpFekRLNUNsR09nWFo3OWVJd2psY3BEQTRlWE83Ykdj?hl=en-US&gl=US&ceid=US%3Aen,RBC-Ukraine,3 hours ago,🏢 Prison Drones,https://news.google.com/api/attachments/CC8iK0NnNTVSSGhrU3pobFZtUllXVzA1VFJDZkF4ampCU2dLTWdhbFU0eXZxUWM=-w200-h112-p-df-rw,2025-09-28T18:35:14.605069
Mass Prison Break: Return and Hunt for Escapees in Nepal,https://news.google.com/read/CBMitAFBVV95cUxOVTZXLWM0OEFmOU5DNEhPTnJmZVVwTWRCZGNzX2x4NUNkaWljRXhJSUFEZUV1VXBZQS10NmhJLVNFR0VRMm02czR1dVBRZjh2UERRNDlOUURpSjByZjdPUDMwY1dSd3J6YlR4QUt6aFpNMDVKTUc4ZEZkdzdyd1lfcGZoM1VVOHk2VUF2WTRBU1NPWGc4cndkZ0k2N3oyVV9GWW0yUWdrUThxUi1NOWIwdGZrU3rSAbQBQVVfeXFMTlU2Vy1jNDhBZjlOQzRIT05yZmVVcE1kQmRjc19seDVDZGlpY0V4SUlBRGVFdVVwWUEtdDZoSS1TRUdFUTJtNnM0dXVQUWY4dlBEUTQ5TlFEaUowcmY3T1AzMGNXUndyemJUeEFLemhaTTA1Sk1HOGRGZHc3cndZX3BmaDNVVTh5NlVBdlk0QVNTT1hnOHJ3ZGdJNjd6MlVfRlltMlFna1E4cVItTTliMHRma1N6?hl=en-US&gl=US&ceid=US%3Aen,Devdiscourse,3 hours ago,🏢 Prison Drones,https://news.google.com/api/attachments/CC8iMkNnNTVObWN4Wm1salVIWlhWbXgyVFJDcUJCaXFCQ2dLTWdzQllKQkFMMmNHQ1NwUGV3=-w200-h112-p-df-rw,2025-09-28T18:35:14.605070
Ukrainian Special Forces Destroy Russian Drone Operator Vehicle in Occupied Melitopol,https://news.google.com/read/CBMitAFBVV95cUxPZkEydy01ajBsSVhsaWNuejdwUHp0NXB5UEUzUTAtaThIaUVzdG1PbXZNN2toWV93OE5JQVBsT1NyblN4anJTZWhWYXVadHg4M21fbUdCNFZFMm96SzdFejNqdTZlV3FXMW9FSUdsd3FnZDBvOU0yUXZkNDdjU1ZsYVUtWHhfTUVYYUFfZkZwT2s2Ujdfbm9udnZxeDBSVE9pUU9TdFI3UFpPdmFVZUVnLXFjRjY?hl=en-US&gl=US&ceid=US%3Aen,Букви,6 hours ago,🏢 Prison Drones,https://news.google.com/api/attachments/CC8iK0NnNTVPVlZZU0VKaWEwTjZaa0ZIVFJDZkF4ampCU2dLTWdhUndvaEdSUU0=-w200-h112-p-df-rw,2025-09-28T18:35:14.605072
Four killed as Russia unleashes major missile and drone attack on Ukraine,https://news.google.com/read/CBMiuwFBVV95cUxPVWU1MVVVN2pHX21uc25nbEh3dDFIV1JvLUMySnZjRkpFU1BlektUY3lOV2E0MHlUdXdPcFNGVEpmaTllc096TWV5dzMtdi14RlVRVk4wam5mcGZOMnlZTFI1S0ttLXVNeGRzc2Q1TXB5ZGhGZUlVanViQ0VMcnBpQk01VHg3ZU1VX1hFVXJvalZtdW1yQVEwU2lMcEVBbXBDQVZ1SlpXTVB2NGNKQTNqbEJQVnlnX3pJS3lN?hl=en-US&gl=US&ceid=US%3Aen,Fakenham & Wells Times,8 hours ago,🏢 Prison Drones,https://news.google.com/api/attachments/CC8iI0NnNW1WR0ppTlVoNGVFSnRhbVI1VFJERUF4aW1CU2dLTWdB=-w200-h112-p-df-rw,2025-09-28T18:35:14.605073
