Title,Link,Source,Published,Category,img,Scraped_At
Joint Force team uses Sierra Army Depot’s airfield as drone testbed,https://news.google.com/read/CBMipAFBVV95cUxPZFc5ZnRwWWcwOE4zREkwelQ0SmJYcEVJallKMjBqYlF6WERaSGg3Q2FLOFZ1OWkyY0RfT3VfTk5EVWVvTU1IMzVsNEM2b01fdmJ4ek1wMUdyc21COTV0VDROZ04tRnNVUDJyTC1lOWZBWVl4OG1saTJocW9QRmU5Vi1IZ2pRMUhoWjlOQzVyU1J1QWRWZVFGTVhMbUN1bWR4Sm5FSNIBqgFBVV95cUxPNkpQV3RlZk45ODd1TlhOMlJoLTdpV0lwN2V3UU9WYlkzSkNYdFh4eFYzdS1hQkQydmw5SlprNjJ1R2hwX19TTlFYMHZqN0o0RkExal92aUMxamlOdFI0WTVLLWlxZnRodFQ4Wlh2WlFBVTJTb1M0S2dZeUdrV2F6RC11N2VBc3JWTTBpZk1GVjVjSVVmMzN3RjNNa0xySmlBc2tVX04xS2VIdw?hl=en-US&gl=US&ceid=US%3Aen,army.mil,15 hours ago,🎯 Military Drones,https://news.google.com/api/attachments/CC8iK0NnNWlaalpUVGtkQ00yZDBOR05aVFJDOUF4aXdCU2dLTWdZVjA0eExSUVU=-w200-h112-p-df-rw,2025-11-29T06:41:37.190949
Germany records a record number of drone sightings over military bases,https://news.google.com/read/CBMimAFBVV95cUxOVDM2cHhyYkVKckdtWGkydHU3QWZhdDdRVm8zMndkSVNnM2JxTUxIdXhpeHJMc0I2R3dwcXNaNlpwa19uQml3c1RGTGkyeUF6NUdoZjFtSUUzbC1iQnljd0pZaUY4YkoyeEE3bTZBRHFYdmhYblI5QnZwRE5sWjVzeHNlNkR2cVpVenhsUk90d2hGUVZ0Nk5oetIBlwFBVV95cUxQT3NCSEtwOU5qVHNNY2o1WHJPWElBZ203REhRdnEwbEZDZjJTVXdoMy16VzlEMXZPeV9KeUNyTHkwcThKRlA1ZG05N0ZaTnlSY3oxZ1lEcTZzTHZaMUE4aTFVMTNGVUQzRFJCMU1kRG8wUjEtMV9lQ21MakdLb3pKZWJ1SGZoSE9NMzBzbkV3SHlIVHZnaEJR?hl=en-US&gl=US&ceid=US%3Aen,Українські Національні Новини,1 hour ago,🎯 Military Drones,https://news.google.com/api/attachments/CC8iK0NnNW5lbGRzYkRGWll6aDRUME55VFJERUF4aW1CU2dLTWdZUlNKQ0lwZ2M=-w200-h112-p-df-rw,2025-11-29T06:41:37.190963
Eglin Drone Failures Put Anduril Under the Microscope,https://news.google.com/read/CBMiiAFBVV95cUxPSlNWYmFrckZhdFVvMjV2cGVOMXBsa2s5SWtyM0tVX3lTSGhWeXNUY2o5dFA3ZnFBdFZwUGJFeTdHbTRycUJQWGM3Mi1BS01PWEJKNm1ocmFpRDh3aVZwOTRlN2NPeVBPVFVIOEYzeUpuUmxBTmJvNFBTeEFkU0tHWFZmSkt6a2hV?hl=en-US&gl=US&ceid=US%3Aen,Mid Bay News,13 hours ago,🎯 Military Drones,https://news.google.com/api/attachments/CC8iK0NnNUlia00zWDA5WVVFaFdPV05JVFJDZkF4ampCU2dLTWdZSkE0d0Ztd28=-w200-h112-p-df-rw,2025-11-29T06:41:37.190966
How Russian Drones Targeting Civilians Are Turning One Ukrainian City Into a ‘Human Safari,https://news.google.com/read/CBMizwFBVV95cUxPNjJJMVd0OWoyZGJEWTZLOUY4Vk5IVi1SdEl6R2lDclpNMDBhNWpqZnpWMXlRdl9WakdJZXI2UUtoOWp4aXlSTkx0cGVCVnNUalY1ZUEtUl9iSmh5RnFvZFhjY2VPbzBVRDZOT25yR2NIcFlDMlloT0VYVWV4bUVIejFIVUFod0s2aTJVUUZKbFVvUDhGLUh1MWhLc3Zkd0RfbTZLZGNIdng2ZXR1ZW4tX1dkbGM2UjZtSUhjc3dieXNIaGQwcng5ZV9JdkdHdnc?hl=en-US&gl=US&ceid=US%3Aen,Military.com,15 hours ago,🎯 Military Drones,https://news.google.com/api/attachments/CC8iK0NnNXZYM1puVFRRelYzRnpkR3d4VFJDZUF4anRCQ2dLTWdZdGtvYXZ3UVU=-w200-h112-p-df-rw,2025-11-29T06:41:37.190968
‘We won’t win this war without women’,https://news.google.com/read/CBMijwFBVV95cUxPMEx6b1pBQm5vZkRlcGdTTVNTRVhycXVyNkJHV0lfQ0tUZ1loQVJJaWJtX2FqU0ZwNlBYdy1WQ0hPbXZvOUt2N1VsVEZCMkhQay1Gdk85X1pIeWYwdzBqdWRqX3lvaGtMNFVmMDI4Y0lfX0ZoWXlJY0ZuTldvSVYyZXE0Y1JtNmJPN1JpYWFyYw?hl=en-US&gl=US&ceid=US%3Aen,The Washington Post,12 hours ago,🎯 Military Drones,https://news.google.com/api/attachments/CC8iK0NnNHhVeTF6VTFkbU1GUjFNVkptVFJERUF4aW1CU2dLTWdhWk01WnJIUWs=-w200-h112-p-df-rw,2025-11-29T06:41:37.190970
Dutch military opens fire at drones over air base,https://news.google.com/read/CBMiggFBVV95cUxOSzI2a0RWX2JaV3VTZVBrZTQ1U3hqSmExU3hldUF4Nk94UFpDMUllS24ySEt2Qmx1QmxKbWo3eVpiUTd0OXR2ejJFUFNuSUdWQjR5V0ttdWJocTRZdUVfQldSVVpoRHJDUS00Vldmam1MSDBqVWRqcnd5NWhITWxvNkhB?hl=en-US&gl=US&ceid=US%3Aen,AOL.com,8 hours ago,🎯 Military Drones,https://news.google.com/api/attachments/CC8iK0NnNWxlV1pUVTFZeFdtWllOa2xUVFJDckF4aUFCU2dLTWdZVlVKZ3FwUWc=-w200-h112-p-df-rw,2025-11-29T06:41:37.190972
Dutch to cobble together mobile anti-drone system to plug C-UAS hole,https://news.google.com/read/CBMivwFBVV95cUxOSWtIR1lRRmIyYVkxb01zdUZtUF9lZF9BTjlNdWhXZTFOay02MjM3Y0hWNGdVUmtrTmVzUEJtZEpWRTJnY2VldTZNNTg5RVdzTThxTV9vZXp0YjMxY2ZobmFuMlp5cWVXYm5BWUNhd25WSjdaRHhVMjd6UWczR25YdmF5eGFtbjhscnllVm1yUFRlVUc0ZVZ5VF8xRlVIWGpBR3dCdC0wUlZjUThESWZsZXBjUGZ2WVowY0pQRWRtNA?hl=en-US&gl=US&ceid=US%3Aen,Defense News,17 hours ago,🎯 Military Drones,https://news.google.com/api/attachments/CC8iL0NnNVFPR3BSYjNWMFEwSnZSVVJ4VFJESUF4aWdCU2dLTWdtQk1Kb1FIYW5BU1FJ=-w200-h112-p-df-rw,2025-11-29T06:41:37.190974
Drones spotted over German base during Ukrainian military training in October,https://news.google.com/read/CBMiuAFBVV95cUxQTXhfbGZmdkJsWmROb2c0TlJEUUZ0bHlua1QwY0hMSE9ZOGZVTWh2UXdrcmtLUWhxdTNVcXZ2emsxY25hX3dGMG1KdzJBVTdOX3ptajJfN2xRcTk0UVVlQllkRTRvX1JmdmN2UWIzbWpRRHVxN2QzNUswalM0dkZBcm5Zd0JBX3pGS09Ibjgwbmc5ejk5Mmp0LW55bDM3bTRPcHlEREFZSlJvMjFUek9yVnBDOGJ2WjB4?hl=en-US&gl=US&ceid=US%3Aen,Euromaidan Press,9 hours ago,🎯 Military Drones,https://news.google.com/api/attachments/CC8iK0NnNXlWM05oUzBWSlpHVkVTMDFpVFJEQkF4aXJCU2dLTWdhRmc1SUd0Z1k=-w200-h112-p-df-rw,2025-11-29T06:41:37.190978
Record Drone Sightings Over German Military Bases in October 2025,https://news.google.com/read/CBMimgFBVV95cUxQY25NT0oxX0hRMkZnWU9HZkJibXpocXlkb2ZMQWNCNi1qXzAyeHRxY0Z1T21Rd054QjFjaG5YSmVlbUh5Z1R3RW5kZzkycFdxNUVjN2pjdWY3NW1CTkdnTzBWZzBJcGxXaFpnQW8xNWs3eXRkcnFKYldtQ3I3Wl82czFVOGl0em43UkNYbjBtamdDWGNCbjhfYmtB0gGfAUFVX3lxTE8zWXJTQThIOWU2dU1HUUZxY3lkc1BibTJ2b2llZlByZFdjU3MwVXZlMHJZUnNGMUdSMjBNSlNxRUtjcXRweklKTGFPNmE2dUI3WW82VFdMeUMyYWl0blVwVWdjVzJGbEJOSHRjSzk0ZUlSaVM2WVZqeG90czd1RV9sRy1DRDVWeGpUMGFmeFdWbXhfOHNtQV9RSjBCblVWMA?hl=en-US&gl=US&ceid=US%3Aen,mezha.net,10 hours ago,🎯 Military Drones,https://news.google.com/api/attachments/CC8iK0NnNUlkRlp2YUMxMVMwdEJjVEF3VFJEb0FoajJCQ2dLTWdZaGhKU3RyUWM=-w200-h112-p-df-rw,2025-11-29T06:41:37.190980
Anduril Faces Repeated Military Drone Crashes During Tests,https://news.google.com/read/CBMingFBVV95cUxQYWRKZFZncHVURlF2S3AzWm4wQlJ3ZVVXbHNYeTB4ZFpIck9fWjI0bjhPV2d6Z1lWTWg0bjI0cWhnVTk4Q3FSNHlMeDRiZjA1Y3pVaE9xS0VYWHhaVVlTdU1reXo2b0VhMlBPTEMzU3JJNjZvTG1LQk1idzIzYTh5T2xwUG1yNjN0VE1qOUttYWxwbW1maVgxNm52WWxwUQ?hl=en-US&gl=US&ceid=US%3Aen,Technology Org,21 hours ago,🎯 Military Drones,https://news.google.com/api/attachments/CC8iK0NnNDJWVlJhY0ZOU1N6Qk1SRVpIVFJEUEF4aVdCU2dLTWdZSnM0NXVRUVk=-w200-h112-p-df-rw,2025-11-29T06:41:37.190982
European interceptor drones are technologically world leaders,https://news.google.com/read/CBMi2gFBVV95cUxNcmNLQTJnQTVYcDNMNnY2bEFHWjZLRVBBNTZMMUpfUXpHTmNnTWdteTl6dzROYzhLbll0ak9FYThzZFZBQ1dGOE5QZHN3cXZzZy1SMXZuVUtqalFpaFl5TkxNenp1WUJCZ3R1ejlMWmFmV2g0QkkyYkE4QmpnMjRPempuRm9oWUcyMi1OT1lDOVg3TFA0ajRaQWlPeXNzdDM1N2t1WWNGN0xiX3pFdzJndGUySHNnaUM3ZklXQk9aYXBzSnVwbi1qQ1hvUXU3aks3eXFjTGkyTUl2dw?hl=en-US&gl=US&ceid=US%3Aen,MSN,2 hours ago,⚔️ Combat Drones,https://news.google.com/api/attachments/CC8iK0NnNW1lVE5sWjNOd1YyOUdha3R2VFJDZkF4ampCU2dLTWdZZEFvckxKUVU=-w200-h112-p-df-rw,2025-11-29T06:41:37.190984
Deadly Drone Attack Shows Iraqi Kurdistan Urgently Needs Air Defenses,https://news.google.com/read/CBMivAFBVV95cUxPNGJsek9KUnNQaENpekxIT3pibGFyTmtVOGNTRlJlQ3lPMENaTWN3bHlBVU1DaXl0QXlRX2xMTVB0Nld3WU93eUwtUHVuc2VxQ2ZyQUQ3Y1daTGFOXzNQQVBFTDZMNnY5S1pzRG9pTldjNjJ4TkdYNXBndmJBWHJKNjdhTU5xRGIzYjgtelZlVXlVeEVJYzl6VVduenJPZFlWS01YTkZJYVpXMHNEZ2M3QnF1NGptajFVdDhVUw?hl=en-US&gl=US&ceid=US%3Aen,Forbes,20 hours ago,⚔️ Combat Drones,https://news.google.com/api/attachments/CC8iK0NnNVRaMnBKWWt4NFNtcG9NbmhOVFJEREFoamdBeWdLTWdaTmtJcVl0QVk=-w200-h112-p-df-rw,2025-11-29T06:41:37.190986
Ukrainian soldiers say Russian strike drones are flying smaller drones into battle like an 'aircraft carrier',https://news.google.com/read/CBMirgFBVV95cUxQYTc2WWYxSFFyd0xvdHg5Z2tuQ2RlaGprcW5VRlkzcHlXWV91ODhrMEc0bkVlckhiSTJpSTFiZHZwSnJBSUhvaXZQT2RsdVEtMGYxVUtQVVpBTzdUemxLS001a0MtdkM2eUlnNV9vYXhBVTlJa1VBNlE0Wm9SaTdiUU1OaXR3Y2s2MFZfVjZTcTd4ZnNUSzZWMkpTZzhuaENIbnVHT3RIZ25vdlpzblE?hl=en-US&gl=US&ceid=US%3Aen,Business Insider,18 hours ago,⚔️ Combat Drones,https://news.google.com/api/attachments/CC8iK0NnNXdTMjlVT1VSSE9GbFpURzFaVFJDRkF4aThCU2dLTWdZeFVvWXh0UVE=-w200-h112-p-df-rw,2025-11-29T06:41:37.190988
Watch: UK's DragonFire proves combat-ready with stunning high-speed drone kills,https://news.google.com/read/CBMi4AFBVV95cUxQOHowekYzcTlhM0sxQk9MWkl5aWZONUlFcGZnOVpiQWxzU1FQaUI1M09BYnJQRzU4T1JYd0V5ZHNuTWVHclkybGdFUmxMRUkyUHo2ay1JRGhQY2dnRUdlak1EUlh3REhrTXVVd3NUSXpnbEtDX3ctaTgxUzNmRUh2bW81TUVCbjdhNGFxbnJxenI4cVkxX2xLZzV0S2FLblN2RmFKUzU0cFU5MXh5WUpkaUlER0wxMXVpMThhMHVfT0FpTFVQVnNYZ2ZHT3ZGbDE0QlpEekVjQXlGYmZCalgyTNIB5gFBVV95cUxObjY4VW92ek1USkh6dW5vbGVHZktrRHpycFhQVXN5UUdFRmpoaVp5ZktNc3NrTkxmMVUweVlXYWZ0WkIzcFh5VEdsTG5rOENrNkl1YWFvazZuRmU1S3BqSnItY1ZlRVhGX2RmN1EzbGJYNjF5a3FuU09aLUJ4Nkl3NTc4RWZERGp6TjVIRDFDakhaa1FrazVtcjd1NGxGeElnY1IxMW5iZHFBSWxlSlNmZ016UkVFOFRuVGFSbVZHcFg3a0xhSWJjS1JNTktuSEtyRXN4Q1M5ckxvTl94NWIzS1Y2VWFIQQ?hl=en-US&gl=US&ceid=US%3Aen,India Today,11 hours ago,⚔️ Combat Drones,https://news.google.com/api/attachments/CC8iJ0NnNW5hRW80WDBaMGIycHJZM0YzVFJDZkF4ampCU2dLTWdNQjBBbw=-w200-h112-p-df-rw,2025-11-29T06:41:37.190990
Iran condemns drone attack in Tajikistan as terrorist act,https://news.google.com/read/CBMihAFBVV95cUxOMDJZd1EyZk9VSXg4cE5vMGJ2YUV2YnI2MC1LSE5WcmZkMXppemFYNHBYYzBVSi1ia1B3QkZFa2Y4WVg1dndEa014ZENMQ0RNRG9LLTFmN3lVT0RQcU56R0t5NzlQR3dYbHI0N3U4WDVVcW5jX3VOX084UUVPNXBGZ3BnS0g?hl=en-US&gl=US&ceid=US%3Aen,Latest news from Azerbaijan,12 hours ago,⚔️ Combat Drones,https://news.google.com/api/attachments/CC8iK0NnNDRRbEJQZEdGNFpYRkNjemMwVFJERUF4aW5CU2dLTWdhcEpKeVBHUW8=-w200-h112-p-df-rw,2025-11-29T06:41:37.190992
New Ukrainian middle strike drone Shugai completes pre‑combat trials,https://news.google.com/read/CBMibEFVX3lxTE1QczNRZk9QVkIxVzZqSGRTaUdaVzB1R01jRVIxVkRGWTUteGlvenN1TU9oX0VrTjVDZlFQSWF4NERwRWdTb3NxUFZYTGNDVC11SzFXZDlWOTZsZFVVNDB4Uy1pd3Z0ZzNZR2xCTw?hl=en-US&gl=US&ceid=US%3Aen,thedefender.media,21 hours ago,⚔️ Combat Drones,https://news.google.com/api/attachments/CC8iK0NnNTVYemx0VTJJNFNrdDNhelIwVFJERUF4aW1CU2dLTWdhWk1vYU5MUVE=-w200-h112-p-df-rw,2025-11-29T06:41:37.190993
SSU Abandons Altius Attack Drones after Failures at Front,https://news.google.com/read/CBMikwFBVV95cUxOcDJDNlQ0NTZRdFA3eGJUMFJKNUFWOXh5Tm0xdXEwM2tnMnZjYVlzNm1pOE1BdjBPQW5DUHFrSDlfczQzWHM1RUhOeUhxcTVhTzZCNzBkZXJTdWh5M2FFZGo0X3U5bW5fNFpmc1NlY25EWmQ1YmozRk9YR2lWSzZqRjNvZzZYTmJ6VUkyX1R3RXdkdFE?hl=en-US&gl=US&ceid=US%3Aen,Мілітарний,15 hours ago,⚔️ Combat Drones,https://news.google.com/api/attachments/CC8iK0NnNUtSRzVIVkV0U1VUTnJUMXBhVFJDZUF4amtCU2dLTWdhRmdZUkh2UU0=-w200-h112-p-df-rw,2025-11-29T06:41:37.190995
"Enemy drone strikes car in Kharkiv region, man killed",https://news.google.com/read/CBMipAFBVV95cUxPbmxsZXEyRWUwbjJfQnd1cHJlWG9IOG8tSjBxRjZqQ3pOVFQwcjVvQWJ3cndtZ0tiR2lKaWlaOWFvc01aT3pRZE1KNkdyYTVjOXhYQll6U3lncUVhSTNoQ0dVQVJzWTE1cTdpdFNXdVpZcGREWjVEeEdfYjZ3MEwyeUJIanRpVVJPeUdLWXlRblNoQ1lBb0h2c1FvcUVDbFVyYTVSTdIBqgFBVV95cUxNN0J1TXVNekdYWWtoWThReU5KT0NWdmRmNzVlMm43Qkk2Y3V1NDhmMllQemI4R1dDblIxeXVMaEN6T05PMHJ3U1NVNjJwNmt1WWUzLTV4NFpPWE92VEJpYzdWRVBYeDFsTl9rSHB1c0xSdHVzTnhMckVwV1JqTFJaMUZ2RU50Z3VTWkJXZk9QMG9sRnVhUUd0VXBPTkpfc0ZEb01obk9hYU1UUQ?hl=en-US&gl=US&ceid=US%3Aen,Ukrinform,18 hours ago,⚔️ Combat Drones,https://news.google.com/api/attachments/CC8iK0NnNHdVVTl2WW5aZk4wMXplVEZYVFJEb0FoajJCQ2dLTWdZWlJaVExJUWc=-w200-h112-p-df-rw,2025-11-29T06:41:37.190996
"Russian drones, missiles kill one, injure 11 in Kyiv, cause damage",https://news.google.com/read/CBMingFBVV95cUxNR3lFaHFCdE9TWmxKeGZQN2lyWHRwMU5RSlp1MmpNcTR3QTJFbEVBdG5zRkdFSDVxcEl4am1zb25OZUQ3Z29kZ1dDcmpvazdhd3N2VEpua2lNUlRnVkNQOVJxQVg5N0lYTzY3RzRYVjl1UGhqY2c3Zm9URXJTTERITGtfQ2l3RmNseE9UQUJiS292N2FnZEIxbWVmNThhZw?hl=en-US&gl=US&ceid=US%3Aen,Reuters,2 hours ago,⚔️ Drone Warfare,https://news.google.com/api/attachments/CC8iK0NnNUlObVZrVERWVFlrRklaMWhoVFJDUUF4ai1CU2dLTWdZUlU0UUlRZ1E=-w200-h112-p-df-rw,2025-11-29T06:41:37.190998
Russia-Ukraine war: Drone strike hits Kyiv residential areas despite peace moves,https://news.google.com/read/CBMiWkFVX3lxTFBlOHFzRVkwRVdOX2hTUVdULVVfSGxlbXBxVmc2Q2RrWG8yekhidk1wQXZkNGNLX09VRTBqQ3FGVDF4aEl4eHZtczhpNG5qOXBtU3JIMDZHdWtlUdIBX0FVX3lxTE1kUUZSNk9rNGlYTU54LXRMalNocFB0X3RjQW5KVkU5WC1wYlU3cW50bEJIejFuYUhwS1NKTW1DNkNBcXRJSG53cTNJRVgyMGd3ZklBWEdXM1ZrMzE5Nnh3?hl=en-US&gl=US&ceid=US%3Aen,BBC,1 hour ago,⚔️ Drone Warfare,https://news.google.com/api/attachments/CC8iK0NnNDFUbFJzY0RSYVVUQlVkRmhIVFJDZkF4ampCU2dLTWdhQnNJSXJVUU0=-w200-h112-p-df-rw,2025-11-29T06:41:37.191000
"🇷🇺🇺🇦 RUSSIA'S HUMAN SAFARI: UKRAINIAN CITY BECOMES TESTING GROUND FOR DRONE WARFARE In Kherson, Ukraine, people aren’t just dodging missiles, they’re being hunted. First-person view (FPV) drones fly low, hover, track movement, and t",https://news.google.com/read/CBMibEFVX3lxTE44UWw1LU1qMUR4bUotQ2hZN3Fubm5HRy1Id0I4bWlId1V1TURPNDlMZ1N1MTI5M3VwbVJoTVl2NU1vQlFDaXVCLTNzT0l0ZEw1RWVJNnFRUHo1WnpjNm5SNjNCMEJxUDBMbnJwUA?hl=en-US&gl=US&ceid=US%3Aen,x.com,5 hours ago,⚔️ Drone Warfare,https://news.google.com/api/attachments/CC8iJ0NnNUVOMFpMZW14TWQyNDFaVXBIVFJDM0FSaVRBaWdCTWdNQndBZw=-w200-h112-p-df-rw,2025-11-29T06:41:37.191002
Fog Blinded Ukraine's Drones. So The Pilots Homed In On The Russians' Radio Chatter.,https://news.google.com/read/CBMibkFVX3lxTFBKa05lQ2dnNThpMDFtbHVCc0syeWJYd3NFUjRNZktmRG1yT1pGRHBERHNfQVhoZUNzaEI0d1NXWEU0WGFQZ0xvb3RfQWdvdmVtVW1zVHpEOWpJVWpoYlBPZ0YtdzRwMWxFbnJLenZB?hl=en-US&gl=US&ceid=US%3Aen,Trench Art | David Axe,9 hours ago,⚔️ Drone Warfare,https://news.google.com/api/attachments/CC8iK0NnNUZORkk0VVZGNVRGcFFhMGQwVFJEQ0FSaURBaWdCTWdZQlU0aUtNUVk=-w200-h112-p-df-rw,2025-11-29T06:41:37.191003
"1 killed, 11 injured in Kyiv amid Russian missile, drone strikes on residential buildings",https://news.google.com/read/CBMimwFBVV95cUxQSGVWekt5WEJ0VzVjakVXOXZCcWIxMWZWRW8ycVNDU05vSFB4TlBVT3hfalhINnJIb1FuZ0pyRjFiWXlpSXNJMjBDd19VZFJDRV9BR29TQUV1Zjl0blRQN3NnMW9QZ3cxMjVZd0lPdnJBM1dUbEthRzVfcVdzZFd3QlNXSk9wV3VLN3liXzhqOTdLcU4wOXZmc1NSZw?hl=en-US&gl=US&ceid=US%3Aen,The Kyiv Independent,7 hours ago,⚔️ Drone Warfare,https://news.google.com/api/attachments/CC8iI0NnNVhlREpEZUVkMGEwdG1WMkZUVFJDWUF4amtCQ2dLTWdB=-w200-h112-p-df-rw,2025-11-29T06:41:37.191005
Ukraine war latest: Kremlin reacts to resignation of top Zelenskyy aide - and gives Putin-Witkoff meeting update,https://news.google.com/read/CBMiqwFBVV95cUxNNS1sLTdOaGppOG5FWmFRTTkzTmtWQUZYZ3lxRDRiWWFkYS1HQVFLem1TZzdpdjcyV2gxVmdLTU15SE1KR2VqY3NqdXJTX2N1bi1hU2xBZzlDWEV4ci1HUlV1RmhkeDhDeDVoRENzeHZ3a09kUldMMlY3QmJyREVOVVNXYmYzVE9ZM05oZmlwajNHLTVWbzl0WjdOb1dPOW81NlY0M2p5TGFfalU?hl=en-US&gl=US&ceid=US%3Aen,Sky News,6 minutes ago,⚔️ Drone Warfare,https://news.google.com/api/attachments/CC8iL0NnNDFNVTlxZVRWNE1XbExRbEpVVFJDZkF4ampCU2dLTWdraEU1d0xJcWxNNUFJ=-w200-h112-p-df-rw,2025-11-29T06:41:37.191007
Ukraine’s volunteer vehicle pipeline is buckling under drone fire,https://news.google.com/read/CBMingFBVV95cUxOenpTWjMybEYtWU9PVVhweXpxX3I5Y3NGYWVQdGRFN3QyOTNqWksyYUp0cUI4UkdNRmZKUlNEc3V1T0hzOVVRUzFzTkgyZ0NYUkRjaHMwbF9yZVZPSk9NSUdyWmZVOFVjNllaTkNuVmJlaTIyZDJINEVTOGdoNU9YSk5kQVNUNnZtSDlsWlJqU05HQmVKNHktZEg0YzVIQQ?hl=en-US&gl=US&ceid=US%3Aen,Euromaidan Press,14 hours ago,⚔️ Drone Warfare,https://news.google.com/api/attachments/CC8iK0NnNVdTR1JtWXpWUVdVWTFlVTlSVFJDbkF4alZCU2dLTWdZQlVwQUdKZ2s=-w200-h112-p-df-rw,2025-11-29T06:41:37.191008
"Live: Russian drone strike on Kyiv kills at least one, injures 11 in Kyiv",https://news.google.com/read/CBMiuAFBVV95cUxQOHFLRGNWSGYxaTBSQ1ZXak44X3FILVVZV2JaZF8xTkRaTl9qSGdLN0tGdlJfdUh0RXlYSkpTYXpzX0x5M0NUMWF5LTRWX1dCNmh3ZmU4ZFBlMTVGRW1JeWZ0SkphdHg1UW4tNVFjR2RaSkFKSkR5SlBISzhrd0o0WXdEUzhBY1I0UDhoc01wYWFFM2t4WEJjSEd6TnpVTGtfWklobHZmQU0yT2luTGYyNk9oclNxbTJ3?hl=en-US&gl=US&ceid=US%3Aen,France 24,31 minutes ago,💥 Drone Strikes,https://news.google.com/api/attachments/CC8iNkNnNHlObVYxVlROcWVHYzFWMUJyVFJDZkF4ampCU2dLTWc0QkVJakpKS1JUNVVydVBLYVlEUQ=-w200-h112-p-df-rw,2025-11-29T06:41:37.191010
Russian drone strike on Kyiv wounds seven people — city officials,https://news.google.com/read/CBMirgFBVV95cUxPMUJSXzB2WmVzSUtqQWNNV0s2ME95eG1HUHNDaWlfMTg4dTlSeEwtNk1yWmFlX0l3QXotaGMyT1VhY1BHblFMcEx2VEpncXhNR29FWUlnbWFSbUE4a0k4eTA1M0lpTFdCSGJUSUdCQUoxakJMMm1OaXpCN0dxZWJOSlBSZEJzblJmdHUyb1VTbU9CRkIxQXRiTHZqYVE4MXNrVFplNVluNDBuUnlZOHc?hl=en-US&gl=US&ceid=US%3Aen,The Times of Israel,4 hours ago,💥 Drone Strikes,https://news.google.com/api/attachments/CC8iMkNnNVFkVU5mZGpCclRYYzVORXRxVFJERUF4aW5CU2dLTWd1QlVKTHJxT2k0ejVuZ2d3=-w200-h112-p-df-rw,2025-11-29T06:41:37.191012
Russian drone strike injures 7 in Kyiv as air defences battle overnight assault: city officials,https://news.google.com/read/CBMi1wFBVV95cUxORVlmMHhmbGFFVk84Z01ndVNia01LV1U2OE4tRXhkQXZDV1hxUVAydW92QnZBQmxHVUxVSVN1ZGd6d1d5RTRVU04wUTRnQ2piTW5wZlJ6b29DdFNwZU40SHFRaWt0aFRDQ01LSFg0SHBiY3UybGZhREpfaVFsYWY1Tzd1alNYV2tYalNkaTIzYmJzMlh4MnJBczlERF9sYkhWTEs1MlhOZFpvX01EY1JQcURKejF6WVlSVkZjMzFTX2ZTYTN1TVpsRmhqTkI1SDJjOWtFQlczSdIB3AFBVV95cUxORjFVcmxEdDh0Q0dVNGZGOFhUZktJS01PSUtIaVZmM3ltM1dLbjF0VzhWVE9LdjNKZHRpMUdpYThIMjJUeUZMWGk2SkJoUmo2QkNuaDdoZDY3YXVWX2pSNDdJUkYxNnNDM3BZXzZXUHhnclRmUnBCZkdHYzVEYjNNNmZ1QTVzSURIZE9xRVVkYlN3Vlc3UXBZWTF5Sko3Tk9GUmNYeE9sRkd6S2tSekJiTnFRQ1dmT2VfOGJ0WE5XNmc3T3pzNGtqQnQ3Nk5lZ3pBOHBhX3Q2V0xSaW9v?hl=en-US&gl=US&ceid=US%3Aen,Firstpost,4 hours ago,💥 Drone Strikes,https://news.google.com/api/attachments/CC8iL0NnNWFVMlJLVEdOeExWZHBZVGxyVFJDZkF4ampCU2dLTWdtQkVvaU9GU1JORWdF=-w200-h112-p-df-rw,2025-11-29T06:41:37.191013
"Russian drone strike on Kyiv kills one, several wounded: city officials",https://news.google.com/read/CBMifEFVX3lxTE1jdzdyUUhLV0UyN0tEamJodlhJV09PQWFYdkhnWWhfRU9sdTB5WDFCcDhqdDRBV2c2cHh3VGZIeVhXR1VsNmhoLU9fclVTTnlFYlI5Y0Z3LUNvNVFySFl6UElYWS1ZeExPZEM2REUwZ0NKZFZfS1VfT1dza2c?hl=en-US&gl=US&ceid=US%3Aen,Yahoo News UK,2 hours ago,💥 Drone Strikes,https://news.google.com/api/attachments/CC8iNkNnNXRZVlUyTlZrd2FWUnFUbWhWVFJERUF4aW1CU2dLTWc0Qk1JS0NKT01xNXdwOE5ITEJHZw=-w200-h112-p-df-rw,2025-11-29T06:41:37.191015
U.N. nuclear agency returns to Chernobyl to check damage from recent Russian drone attack,https://news.google.com/read/CBMiuwFBVV95cUxOa01UY3NpLVc3UVNjczNmZkk3N3dKZHhLNF9qc3J0cTFpQVBaVUZsdjZNd1JTUUhTS3BVZS15Yk5GdS16cVlrR0ZBb3pndXQtWmZsX2hmdk8yOXJocUhnbWVVMTlnemFfUEJPTHdqb2hPM1h4SWxXdzY0VDg5aDl1dzZUcUFXSm9Hd3pxZmZBQXZhMUM0bm9kMTdGS2VwZVJGNThBLUxEUVF4MXp1ek1iQ010d0kzbF9rSTZv?hl=en-US&gl=US&ceid=US%3Aen,Washington Times,9 hours ago,💥 Drone Strikes,https://news.google.com/api/attachments/CC8iMkNnNXFRV2xJTldoeU1tcHhMV1YwVFJDbkF4alZCU2dLTWd1QklvaWd2cU5NaDFvd2l3=-w200-h112-p-df-rw,2025-11-29T06:41:37.191016
Drone attack on a northern Iraq gas field triggers widespread power outages,https://news.google.com/read/CBMiswFBVV95cUxOUWlYV3oxYWFHMGU2TVVyelllekdKSjZRV3R4ZFM1QURPYTlUcWNveG4zbHNNVWFQZ2hDbFpEYktaNk9mMjNRMkRhOXBObDdPUGdrVHUxVThJOGNsbmVtM1A5WnZpd0xSU0xiQ1NpV2hxVDdCUXkyR3R0R3YzTm43bjNpb0xYdXgwNnRsLXBXUTdRYzAyMUtuOHlqOXFLbXhIY3o1M2MyZ2F4UTJlVlU4MElVUdIBuAFBVV95cUxQc3Z2ZmZxeXpqbldIUElvb2JpOVZILXRveFA3T3hjcWplemxjeHZvS1lXbm01UUhaTlU3U0pHNkhidVNsbEZpRzJHdkJodzFydnY1TWR0XzJxeDdxenBRUlY5ZUtSMEN5OFlFdHVFYW1KazRtSUNOeEYyVU5TazViMDRPWFBaSWU1MjVyX2ZIYTgtTjRuVG1LMHF6a21zOWJ1WWRsQ2FUZjllSmE2YVRPb25hdVBOQmhQ?hl=en-US&gl=US&ceid=US%3Aen,ABC News,23 hours ago,💥 Drone Strikes,https://news.google.com/api/attachments/CC8iK0NnNDViekJMUVZReVJVWktWRlZ1VFJDZkF4ampCU2dLTWdZUllaYkxNQWc=-w200-h112-p-df-rw,2025-11-29T06:41:37.191018
Two injured as Russian drone strike hits car in Bilozerka,https://news.google.com/read/CBMiqwFBVV95cUxPaFNoOXYxUGNZclRmWFBMMjBkdFppOURhSEV4c29qR08zSzFVRVZ0Z2FmS1J3dnZXWlBnRTdGYkhWQ04wR2dSMWY4UzVoSnB3ZXBGem9yOXVxcDFfc2x2TzJKRkZfTUZmZUtzM29WOEI4SHNDc043SExEMmdkNlVTb2k1VHg2WUtMR2pWOVZ2SUo3dHhGQjlSRDNLX014S1BxUnY4Y1RKOVBWTk3SAbABQVVfeXFMT3FKTXl1eUdCQmFpUk5KZlRXSW9WakdmWkNVZnZEdWJGbGhKYk9OUkpCa2RpTGxUMU9jVHRabU9hclJTdFBXWU9YRzFKNzZRZmcySFZDUjI3Qk5VUjVJdjVPUTI5ZkRYRGJEWDlnaTV5dTd3ZjZrUjEyUi1vLU45aU5CdGhNMk9RVzNqMk1yLUtQbE52ZjFmcHo1Nno1ZURsNFNIcktIUTZwUzhmbnNSZlI?hl=en-US&gl=US&ceid=US%3Aen,Ukrinform,10 hours ago,💥 Drone Strikes,https://news.google.com/api/attachments/CC8iJ0NnNUNYM1F0VWt0NVRXdzBXa1IwVFJEb0FoajJCQ2dLTWdNVlFBQQ=-w200-h112-p-df-rw,2025-11-29T06:41:37.191020
"UAH researcher on front lines of pioneering drone use to support disaster response, environmental monitoring, infrastructure inspection",https://news.google.com/read/CBMi6wFBVV95cUxOdzh2aHBjLWxxbmZJYS05VUdoQmJOSHpxMTRoRTJ6d3lLWVYwUUFndy1mbnp5Z1ZrUWpvbUVPYWJkS0ZrNURPN3pFSGR6Nl9Sdk5aM2VSdFcyY3pVb3BPbW5fcnRNUUFfeVZiR1lDc05wNHdMNl9LbTVZNnVxLXlqUHRtZzEyM3FiS0Y3QWhLckR5TXV5c3pWM2dDdTN3YW8xSld6ZkF0MjhJNFRpSzZqblNvbHN5enVjQ1JlU2hhalhoeHdRcGI2TW9BTkRiYkNYdjdfaW10U1dxMkplSUlmcUN6UXpDZDJ3aHdn?hl=en-US&gl=US&ceid=US%3Aen,256 Today,17 hours ago,🛩️ Military UAV,https://news.google.com/api/attachments/CC8iK0NnNHpiVWROU20xV016bG5SRUZOVFJDSEF4aVBCaWdLTWdhQmk0aGhOd2M=-w200-h112-p-df-rw,2025-11-29T06:41:37.191021
Volatus offers Canary drone for military last-mile resupply,https://news.google.com/read/CBMijgFBVV95cUxOQVpjd29rWG43d2JURWwwdVZrTTUxTTJnQ0JUbkdsN09lWC1pdDlIZEg2Zy0weHVhSERJb2FuWFp0bXk5U0V4bmtLN3VxSUwwRUgtSldNZkwyRHpWTjNqTDVLMWxZMnRxN2YyX0ZYclJGOE1BTzJuQWo3LWlXQW5nSWZpbVRrbUZacnhwVC1R0gGTAUFVX3lxTE1ncHdPYWlmTEdaVWxWN05HSzBTLWgySTJPMWRTWEFRYVNZa2EwMXlwNUFSVHhuejlXX2pCOEViNW9uZjJSenpmcDR5REpFN3JLMW9peFp3TXZhNFFwZFlJY3hoWUYtdGNUV3ZtQnZkMGhKRHMxLVlQLThWbFBJYWZ3M3BvRlhqblplWDM3cUphVm5SRQ?hl=en-US&gl=US&ceid=US%3Aen,Defence Blog,17 hours ago,🛩️ Military UAV,https://news.google.com/api/attachments/CC8iK0NnNUhMV1J1WWtKNWRXRkZRVXBhVFJDZkF4ampCU2dLTWdZVmdaQ3FyUVk=-w200-h112-p-df-rw,2025-11-29T06:41:37.191023
Exclusive: US defense firm Anduril faces setbacks from drone crashes,https://news.google.com/read/CBMitgFBVV95cUxNTnFhVTNnYzNFd3N3QVhRUWp3R3lPMmlIbV9CNXBMM2YxMUFuUEtpS3gyYndkRWQtck11UU1XZ3VPT01GQjhYcUt6ZGUxN3ZWSDRuSER6bFlGbmh5d2xyN0E2am5JbGNQbVZwckF1SUE2ZFVJTC05OGFhaEh5ZXlsVllLLXI5U2diXzU4WGNpNDF5OWRTRjlGenlZZHY1UzI4TER0V3ZMelpMX3RiRU9IT29WQzZJZw?hl=en-US&gl=US&ceid=US%3Aen,Reuters,21 hours ago,🛩️ Military UAV,https://news.google.com/api/attachments/CC8iK0NnNUxjMVJITTNGWWFEUXpUM0pwVFJDcUJCaXFCQ2dLTWdhQmdvNWlOZ2M=-w200-h112-p-df-rw,2025-11-29T06:41:37.191025
The U.S. Air Force Has a F-47 NGAD Fighter Math Problem,https://news.google.com/read/CBMilgFBVV95cUxPdUd2QmVfWkwxVE9NenFmclRad3lIMGFURFc3aW5BWkh2RWllWUF1cDU3YndHaEZUTy1zR0pITkd1b0pRTXBtS3V1R25lc0N2MG0zYmcxUGR0TjRteGl5ajdQb3hvQTI1LTZaR1E3c0RfTU9HaDNLMlIzeU9meHNfSU5fNm9paUFSVEVnVUZoV25Id05jLUE?hl=en-US&gl=US&ceid=US%3Aen,National Security Journal,7 hours ago,🛩️ Military UAV,https://news.google.com/api/attachments/CC8iL0NnNUhkRlZ2UWtaVloyRnZXVTFrVFJDZkF4ampCU2dLTWdrQlFJSXFPV080a0FF=-w200-h112-p-df-rw,2025-11-29T06:41:37.191027
"Ukraine Strikes Russian Refinery, Crimea Airfield, Drone Stockpiles in Massive Overnight Operation",https://news.google.com/read/CBMiS0FVX3lxTE9pU042QWhKS2hoS3lPVEhLWm9nOFhNRDZLRU9WWVFpU0dralYwcGp0THZWSkIzMGxaUVVvWmhDdDNCSjl3bDBzLTEySQ?hl=en-US&gl=US&ceid=US%3Aen,Kyiv Post,18 hours ago,🛩️ Military UAV,https://news.google.com/api/attachments/CC8iL0NnNDRSRU15V0dsSVVqaG9hVlZ3VFJDOUF4aXhCU2dLTWdrQlFJU0dQcVExRFFF=-w200-h112-p-df-rw,2025-11-29T06:41:37.191028
Diehl Defence reports successful tests of KDV and CICADA systems in expanded counter-drone programme,https://news.google.com/read/CBMiyAFBVV95cUxNODRVZ2xXTXc0SnhOQVFReXBKNVRxc3lfNDFpZFMxQjQ1NFEwLXB3RzFIc1lLNG5yeTBJZUNvQy1NbmppTHpTaUpNTHFQbDRSMHZ1Y3VnampRUnRSQ3dDWjI3S08yZ2NWOTA4eUxwdmNubERYSm1hdkV5T2FFbjhhOVJ4YlZITk1HTEZiZW9SdFF1WVdZanl3RTRNYndadlRHQ2lNbVdKZXZFS1dlS1dXNU1fWUlFSlFURWFNUGFiOUhvS3pmdENaMA?hl=en-US&gl=US&ceid=US%3Aen,Defence Industry Europe,11 hours ago,🛩️ Military UAV,https://news.google.com/api/attachments/CC8iK0NnNXFaMjVRTFdwbVRXMTNhbk5PVFJESEF4aWlCU2dLTWdZTndJWUswZ00=-w200-h112-p-df-rw,2025-11-29T06:41:37.191030
Iran Developed Anti-Drone Jumping Mines,https://news.google.com/read/CBMi6gFBVV95cUxPaVhyOG9SUW9KcHhLdjB3ZzIxQmZUeHNPaTVnaGV0YmVGT29UUW1kNVFxZng5akdENHZROEd0RnpTMXNGQi1qUEVteTAzdURJdGpSSEtBNWNfU3ZfOC1JZEl2M3lvMjBaMFQtUWwzY2UtM2k1dzlLYjBiek04ZXFUZWtVR0FoeVJvSjJPYmVXYUhKUjFOclEyUEVpaU83YTBreVZDVnVKTjRqbTU1VF9XYzctVFVUZ0dDcDJ6S1FyV1pYZW9xeGw5Nm9rX0RORXYtOFFBeXdGaVNIX3JVc21HOW5hWDlWQS1vMEE?hl=en-US&gl=US&ceid=US%3Aen,Мілітарний,14 hours ago,🛩️ Military UAV,https://news.google.com/api/attachments/CC8iK0NnNW9PR2hYTkVaaFQydzVaMUptVFJDbkF4alVCU2dLTWdZbEpwWU1HZ28=-w200-h112-p-df-rw,2025-11-29T06:41:37.191032
Estonia Launches Tactical Drone Course for High School Students,https://news.google.com/read/CBMifkFVX3lxTE42TmUzdTdzMmNDNTBUM2hSUDN4VlhXUGlWQW5vbzRYM3Z3TDZTRUJwazE3QUVzNnhUYm1Pb1VBbV8wYU1WU05xMjUyaXRVLTJrbV9VblFYdEd5SElnVURweHJpbktKcXpqejB2MWloUG9WQlpLNmFybzlRanB6d9IBgwFBVV95cUxNaVRaVko3WTdPY19falNlQklBaHgxNE5OT09oY1NZNTVEUmRsOV9KRjFXcVFvVENmSnJZV1gzMGpaNE80bTZQOFp4aUM4RDlqVnQ5akc1ZUFZTTVNSXloc0VXRHk2ZzM0MmJBV1BfNEpkMXhOYVlJWEIxYWFyZ0dfSmFwZw?hl=en-US&gl=US&ceid=US%3Aen,The Defense Post,15 hours ago,🎯 Tactical Drones,https://news.google.com/api/attachments/CC8iL0NnNUtiMWg1U2xwdmJqQnlUMlJPVFJERUF4aW1CU2dLTWdrRllZN2tOcWMxN1FF=-w200-h112-p-df-rw,2025-11-29T06:41:37.191033
Inside IDF women’s drone unit spying deep in Syria,https://news.google.com/read/CBMiXEFVX3lxTE9ZYktGNW9ZeERRTC1UVEw3WW9BSzJ4RkcxdENrNmFjUlZPU21SVGVtQklkZEozSW1WX3pOdHI3UUtyTmczS21sQ1VEaTdfM0d2RDF0U2YyWDFKcEdQ?hl=en-US&gl=US&ceid=US%3Aen,The Jerusalem Post,22 hours ago,🎯 Tactical Drones,https://news.google.com/api/attachments/CC8iK0NnNTFibEp6WDJkTVJ6WkdhemxHVFJDZkF4ampCU2dLTWdZUlVZb3V1UVk=-w200-h112-p-df-rw,2025-11-29T06:41:37.191035
"Germany spends billions on drones, rifles, and AI systems - Bloomberg",https://news.google.com/read/CBMikgFBVV95cUxOaFNKNHNWMV9KS2l1aE03b1hHVllxLVYwa09LZVJ5YWJ6YmFqLUJrZERXSWQ1amVlTS1GZGhuNVhJRVBGb2NILW5rOEhEZEhpZEUxTmJ5RFlkNW9iZzBUSzNwaVFvOXdyTlFZU1pfb3RzTHdKQUtaVDJHUkhJYzVQMTI4NFNUcVdiUXdGd1AxX0ZQdw?hl=en-US&gl=US&ceid=US%3Aen,RBC-Ukraine,51 minutes ago,🎯 Tactical Drones,https://news.google.com/api/attachments/CC8iK0NnNTFTRWRJYms1VVJYcHBhMnRCVFJDZkF4ampCU2dLTWdZZFFZcnNvUWc=-w200-h112-p-df-rw,2025-11-29T06:41:37.191037
"MatrixSpace Named Active Sensor Winner in US Army Operation Flytrap 4.5, xTechCounter Strike Competition",https://news.google.com/read/CBMi2wFBVV95cUxOV1RMZWMxV1NzamNCRTBQMXJhVDlxNThKcE11NlNxWXNKWTg0V0RmNGFnQ3dxanMteGFvNXlJTGdMUjZCb0ZnTmtNRjFQeDhGbDBmTUQzc01DTXoxbUVTLTZVMXBEOS05VlFiWUo3YTJiZzJHVVFVci10RlVKUmNOTVNmXzFLWlU5YkpFZzI5U0haN3lNYzAyWUhhYVNVbl9TTlpmSkkwRWNpSFdVYVM1SXR4eU1tVzJXNnI4T1VTajcxT0NJc2hWQ0VqSGdJNUU5SXctY3dHM1JuOUHSAdsBQVVfeXFMTldUTGVjMVdTc2pjQkUwUDFyYVQ5cTU4SnBNdTZTcVlzSlk4NFdEZjRhZ0N3cWpzLXhhbzV5SUxnTFI2Qm9GZ05rTUYxUHg4RmwwZk1EM3NNQ016MW1FUy02VTFwRDktOVZRYllKN2EyYmcyR1VRVXItdEZVSlJjTk1TZl8xS1pVOWJKRWcyOVNIWjd5TWMwMllIYWFTVW5fU05aZkpJMEVjaUhXVWFTNUl0eHlNbVcyVzZyOE9VU2o3MU9DSXNoVkNFakhnSTVFOUl3LWN3RzNSbjlB?hl=en-US&gl=US&ceid=US%3Aen,MundoGEO,10 hours ago,🎯 Tactical Drones,https://news.google.com/api/attachments/CC8iL0NnNDJkMGhWWjNweWFEWXRablpvVFJDUUF4akRCU2dLTWdtVklZaEpHdXM5VHdF=-w200-h112-p-df-rw,2025-11-29T06:41:37.191039
Under Ant showcases satellite-controlled swarm UAV system ‘Avalon’ at MSPO 2025,https://news.google.com/read/CBMiowFBVV95cUxOWmdNMllJMFFDbDhPNDEyZ29EdWg2Q2ZJSi1RMnJCM2RBLTk1TExBMFByRVdPYmtITFd6c2tJUktDa1FDMlFEQ2FGMTd4Q0NLNVNqbWRHVzVZVFVWenFWU0wwcGlWeHVES2xjMHRVc0hyTmJIZWJmWVZnVVhqN2ZkTF9yRURBR3ZhZ0FHZ3hxZUg1VTNIdUVvOEFxZHlWVGljNk1n0gGoAUFVX3lxTE5uamhYTlVua3JFMVNZeUFkZU5sNHlrQ2Z5WjRLNnQyTktVZDBldkhBZ3Y3c3ZsSnhwX3ZlWFREWlF5TmZlTV8yLXc3Z21iT0RsRXV4TVg1d2YtZWF0cUp1anp0WGlKYkF6WlQ0Z0RWa3FWdDJLTFRGRmJpanFvalNESjRPUDBOTjV4VmpwLVNUdzVfRkdVTG5YTmFiZDFsRWhDajlJaG1oaw?hl=en-US&gl=US&ceid=US%3Aen,Defense Here,20 hours ago,🎯 Tactical Drones,https://news.google.com/api/attachments/CC8iK0NnNUZjRTFpTWxsVFJrMXNVeTF0VFJDZkF4ampCU2dLTWdhdFJKaXZvUWc=-w200-h112-p-df-rw,2025-11-29T06:41:37.191040
France unveils MUTANT XL next-gen loitering munition,https://news.google.com/read/CBMihAFBVV95cUxQcHlFblROSG9VclNOcUFkUGJZMlA4NFJkN092b1VGbkliYzg2VXBnR1daeFJSR2FieVlMTkQ4RzlTTnJUZjFSQXJTLU0yalZEcVhrY0tvLWFXcUdSNWdhck8yM2c1WGJoci14dmd2TnQyT2hBZFh2ZGZQUkpXX01ydG1WZjTSAYoBQVVfeXFMT0NtdUNBZWFyd1lSeElycmFPb1lPbUNPVXM2WHNoLU5TUFp1aldJMDBjMm04bHhveDlweEZsZ0UxbVlZbEpOZEUxM1RVbEszY3ExaDBKX2pyWUFkZzVzU0Z6RHltTmlzdkJORWVsYmRuc0w3WWF1R2gyR0xnelYxUVdoNEU3SmZIQ0dB?hl=en-US&gl=US&ceid=US%3Aen,Defence Blog,17 hours ago,🎯 Tactical Drones,https://news.google.com/api/attachments/CC8iL0NnNXNXbFZLYlhwc01FTlBSM050VFJEWkF4aUlCU2dLTWdrQkFaS0ZHaWxyRGdJ=-w200-h112-p-df-rw,2025-11-29T06:41:37.191042
Ukrainian FPV Strike on Russian Osa AKM Short-Range Air Defense Reveals Frontline Coverage Gaps,https://news.google.com/read/CBMi2wFBVV95cUxQSVgyLUlkaWlBX0lYbDVSM0dKLVFzUDluNHh6TDVKbHBvOHBZSkJLenBhQlF6NDllN09kZW5nVlNlNEg0OXRobGpXZmE5UzJiblFTQUE3TGhzQTIyWm5uYTRGNmNnREY1UjJBOXdXRHpnbXRaSzBES0g1Rmd1RWRsUmhEa3l5Y3pxUi1fbDIyMzNVeFVMN0w3N25yOEdseEZmS2xXNTV2Tkp4al8wQmg2bmZOdFpiaEt2dXRXSEttblhZc0dETXpaV2RodVUxV3czTUtWblRkY1RKMFE?hl=en-US&gl=US&ceid=US%3Aen,Army Recognition,20 hours ago,🎯 Tactical Drones,https://news.google.com/api/attachments/CC8iL0NnNHRiVGRaTTJsMFRWRnJSa3QyVFJERUF4aW1CU2dLTWdrQklJb0dIcWd0cFFJ=-w200-h112-p-df-rw,2025-11-29T06:41:37.191044
Ukrainian Drone Forces Destroy Three Russian Air Defense Systems,https://news.google.com/read/CBMingFBVV95cUxNYjJaZlY2UGUxQzBFei1ibVFOd05tTHJydFhNYTNZSTVLS0pkVE9pakZxVlJCbWVOYzhYR0ZGOUhiTFNpVHRNT2I3V3FUa0paVVdUZVdZNkZQb19ZUlBHS0RWeUtkWUh1TFR4SzB5R0RJbmhzblhsVDcwUHRuRUtuRGhNN3RmNG43UFM1QjdzV21nUXNfb0E0M3lvN2V4Z9IBngFBVV95cUxNYjJaZlY2UGUxQzBFei1ibVFOd05tTHJydFhNYTNZSTVLS0pkVE9pakZxVlJCbWVOYzhYR0ZGOUhiTFNpVHRNT2I3V3FUa0paVVdUZVdZNkZQb19ZUlBHS0RWeUtkWUh1TFR4SzB5R0RJbmhzblhsVDcwUHRuRUtuRGhNN3RmNG43UFM1QjdzV21nUXNfb0E0M3lvN2V4Zw?hl=en-US&gl=US&ceid=US%3Aen,mezha.net,14 hours ago,🎯 Tactical Drones,"https://encrypted-tbn3.gstatic.com/faviconV2?url=https://mezha.net&client=NEWS_360&size=96&type=FAVICON&fallback_opts=TYPE,SIZE,URL",2025-11-29T06:41:37.191045
Secure drone operations,https://news.google.com/read/CBMiekFVX3lxTE93N19pT3U3YnVKLVpleEhPejdyV3BBSy10OGgtRDFld3pZUnJveHUwQzI0WFM5bUVHV3NraXdxNlpBSUx0SG1jRTJ0QXk3UWNrM0Z0b2JnNjVzUGllRHZIOTN0Y2t1VUg3TUhzQkxXSlo5eXluT01XYVB3?hl=en-US&gl=US&ceid=US%3Aen,Australian Defence Magazine,18 hours ago,🎯 Tactical Drones,https://news.google.com/api/attachments/CC8iMkNnNUdSbWc0UzNwUVRVRjVTbHB1VFJEZEF4ajJCQ2dLTWdzUk1vN1ZuQ3FpcC1xY21n=-w200-h112-p-df-rw,2025-11-29T06:41:37.191047
Denmark’s Terma Forms Unified Counter-Drone Powerhouse With OSL Technology Acquisition,https://news.google.com/read/CBMibkFVX3lxTE5kRW5oWHl0bDJhRTk4OHVvUHpsNUF2V00zbndGTE9zM2xnRmdBMUZfWnJJVWd1V0xJbTVUTTRPXzlFLVB3RW1UYjZjWUctWG5NMUlNVnlENUNTc3d3WU12eGE5Tk1WazZpell3QWt30gFuQVVfeXFMTmRFbmhYeXRsMmFFOTg4dW9Qemw1QXZXTTNud0ZMT3MzbGdGZ0ExRl9acklVZ3VXTEltNVRNNE9fOUUtUHdFbVRiNmNZRy1Ybk0xSU1WeUQ1Q1Nzd3dZTXZ4YTlOTVZrNml6WXdBa3c?hl=en-US&gl=US&ceid=US%3Aen,The Defense Post,15 hours ago,🎯 Tactical Drones,https://news.google.com/api/attachments/CC8iL0NnNTJVMDFCUWw5SmEwVm5UbU5CVFJDZkF4ampCU2dLTWdrQklKYWpvcWh6QlFN=-w200-h112-p-df-rw,2025-11-29T06:41:37.191049
Ukraine’s Drones Cripple $60M of Russian Air Defenses in Just 3 Days,https://news.google.com/read/CBMiS0FVX3lxTFBXaW9jSEhDajRkalpqbTZZNmdDZVR5VnFYN1k0LWYwUXpXN05RSWU1TDZCRVBYMUZBSkNSbEZIWkk1SDVaalNndjZuUQ?hl=en-US&gl=US&ceid=US%3Aen,Kyiv Post,15 hours ago,🇺🇦 Ukraine Drones,https://news.google.com/api/attachments/CC8iK0NnNDBiM3A1VERNeWMzVnJSRmRVVFJDMEF4aV9CU2dLTWdZWmxJeXN0UVU=-w200-h112-p-df-rw,2025-11-29T06:41:37.191050
Ukraine's Long-Distance Drones Take Toll On Russia's Oil Business -- And War Chest,https://news.google.com/read/CBMimAFBVV95cUxPYXBGM1d2cHd5TEFwQi1KTWZ4UEJXSWVJTlB0WjdZdGU5OGZVTzNtTjY3NWdtTWU3QkJ5c2tUcGJCUExCREF4QU9qNkIzY1lZakdnSWJIY1Rvcm9jSVhVR1ZXRkdrLWFhUlVXYllqclI5U2RBS2s5Z0oyMkJFM1A3Rno3S19nd0lWNHlyVld3WXBQa0d0dUlqTdIBmwFBVV95cUxNMUhFZ0J4Ymd0amtnZ19jTS15YWFUeEJIRUsxVHNFOGYzajhMWXBDN1M1anBGMzBHZXFUNlFrbDREbHI5YUJja21GTzUzVm5LTlNFMFVjUjFMYjl5TUNJbk1GeTdCREpxbWU5TGNZSzd5TUJpdXFoeFpIQ212enhiUDNxTmlBN0Q4aUxIeFRaY0htbngtT3dFTHRITQ?hl=en-US&gl=US&ceid=US%3Aen,Radio Free Europe/Radio Liberty,22 hours ago,🇺🇦 Ukraine Drones,https://news.google.com/api/attachments/CC8iJ0NnNDJNMTl5ZFVaeFNrZFVVa05sVFJDZkF4amlCU2dLTWdNQlF3Zw=-w200-h112-p-df-rw,2025-11-29T06:41:37.191052
Millions of Ukrainians face dark and cold after one of Russia’s largest attacks on energy infrastructure,https://news.google.com/read/CBMiggFBVV95cUxOOXUybVVEbzFOTTVoR0RpVG1oRllCWXo2UEpxYTA0OWZtOFlTbDRnNTVOSlpkWm94dy1jT0VLdzJNVVZVMjhBc2YyRkVWcVVqRDlnclZFUmRvZ0VPM3dzalhRVVp3d1RFN3BNQ1M4YXVWb3RqU0s3aFBvUXpvVlRtR1FB?hl=en-US&gl=US&ceid=US%3Aen,AOL.com,3 hours ago,🇺🇦 Ukraine Drones,https://news.google.com/api/attachments/CC8iK0NnNDRUVGQxUmxsZllscDJOekpmVFJEb0FoaUFCU2dLTWdZUlFZS0xLUU0=-w200-h112-p-df-rw,2025-11-29T06:41:37.191054
Russia Makes Advances As Winter Weather Grounds Many Ukrainian Drones,https://news.google.com/read/CBMiwAFBVV95cUxQOE1NRjk5SDZsdldBUXZHNlJ5aHhwSk9lM3RuWnlPS0FhT3pQN0tnelhkNTJBOUpIcS1ncTFWRFVyYldFZGpuTnRkTGVOZFd0dWdkY2JOWENVR1JqYVdteEJyVmpyMm9ORjVYQlhRVFJmeWNxMmVHU0RQSWtjNGdvUktCRjRpZUVwenBMWlR4bTFYQ0ppOGFQRE11V2FfOElYMzhvSjNVa0s2dkpocVlJSVVhdHlXMUl6a2FucTdqX0c?hl=en-US&gl=US&ceid=US%3Aen,Forbes,9 hours ago,🇺🇦 Ukraine Drones,https://news.google.com/api/attachments/CC8iK0NnNTRSRFZqYTNRM2JIZE9ZVWh1VFJDa0FoamdBeWdLTWdaSndJaFh3QU0=-w200-h112-p-df-rw,2025-11-29T06:41:37.191056
"Fire Spreads Across 5,000 Square Meters at Drone Assembly Site in Russia’s Alabuga Zone",https://news.google.com/read/CBMiyAFBVV95cUxQbW5PazZOaDQ3T3BwYnFhMUdlbllMRE1ndDBUYnlLQVdQcVVLSEQxMEtuQmxhUF9vZzVqd2lObXh1aGkyQm9TSjlvNzBSaEdhWTFNNVFEVGttRUpzWnM4anhjXy1VanVsUnBIN2g4WHh4TVVtQS16ZURENGl6N1k0dFNMNmdBOVBvNUdDNlVhNERZQ1JudmVQaE9sUExnVHlUWVU3MVBHc2k5UmRCSW9WLUtwQmd2b0JneDYxNmxTVjExMGtBc0djYg?hl=en-US&gl=US&ceid=US%3Aen,UNITED24 Media,9 hours ago,🇷🇺 Russia Drones,https://news.google.com/api/attachments/CC8iK0NnNVFhbEZGUkU5WlFVcG1NelI0VFJEZEF4aURCU2dLTWdZQk1JQXhwUWc=-w200-h112-p-df-rw,2025-11-29T06:41:37.191058
MAGA infighting grows over White House-backed drone legislation,https://news.google.com/read/CBMihwFBVV95cUxNRUVvZ0M0ZHZma2VjVlpsSHJtd3R1RUJENno4ZDFsSkdtVUZvNUN6dDlRMUxJVDNhUXNnX1J6VFY2YW41SnZVcmdEZl9EckhXVzNUWnkyckREb1RsNGpwVFE2OHlpb3RXTmRxTjZJVnItNGROb19vUFczWUw0S25BY2NxLTNHQ3fSAYcBQVVfeXFMTUVFb2dDNGR2ZmtlY1ZabEhybXd0dUVCRDZ6OGQxbEpHbVVGbzVDenQ5UTFMSVQzYVFzZ19SelRWNmFuNUp2VXJnRGZfRHJIV1czVFp5MnJERG9UbDRqcFRRNjh5aW90V05kcU42SVZyLTRkTm9fb1BXM1lMNEtuQWNjcS0zR0N3?hl=en-US&gl=US&ceid=US%3Aen,Irish Star,2 hours ago,🇨🇳 China Drones,https://news.google.com/api/attachments/CC8iK0NnNXlaV1V4Tm5ORGF6VjJORjlXVFJEZ0F4aUFCU2dLTWdZOVU0Z3lvUWc=-w200-h112-p-df-rw,2025-11-29T06:41:37.191059
China’s AEP20 turboprop aims to offer low-cost alternative to piston engines,https://news.google.com/read/CBMikwFBVV95cUxNbDhfdmhqX2RUd3lRQWRudEZFN3M3bnlxbFFXT3EzUEpNVVhSRWxfbjdkYTFmelpMUkdkMEVRWHpYUWhROWpJS0l1aGowTzliUUg2QzZKNU9FMHJqcDZaX2ZsbHV4T2hxMG5tM29OSC03R0ROcE8taE4wdE5CbEJ1N2gyRGFrbEpHeUpJRmNQOUFpMFnSAZgBQVVfeXFMTld3UHFsNGVoOFF3VFFscTRVRTV1WFJRNnRLS2ltanpOM2RHRjNkczR0c0FoVnVxd0FkQkEtMkJzSEVrUFJHcGdVUzZneWRGaFdlNF9TYzhmVkNYTl83cXExbDlhdXNBSWVDZHh1c1hHUDFMRHVDdXRqaWFDVDVWemZzaU1CX0tHRXlJcVRZSlBhanNYcklzZm8?hl=en-US&gl=US&ceid=US%3Aen,AeroTime,13 hours ago,🇨🇳 China Drones,https://news.google.com/api/attachments/CC8iK0NnNTVZMGRtZDBZeUxYVmljWHBDVFJENEFoaTBCQ2dLTWdZQlVKWUxwUWc=-w200-h112-p-df-rw,2025-11-29T06:41:37.191061
What new weapons did China show off in its massive military parade?,https://news.google.com/read/CBMibkFVX3lxTE9NU3RZOTdVc09ZaW9RUUpid0tkNWhORmtuTGpMLVBQRUJBWHFERXd4bktnblBZVXNyV2tGc3BSM0VsUFI3OFVTMWVVcUFCbE43dFFuOXlzZ0lsNjg1OTJBZDJPV0FEcXlWVXpRUkFR?hl=en-US&gl=US&ceid=US%3Aen,AOL.com,6 hours ago,🇨🇳 China Drones,https://news.google.com/api/attachments/CC8iL0NnNDBibEE1VkVFMU0wVTNjMFE0VFJDckF4aUFCU2dLTWdrQmNJaWtyQ2FoY3dF=-w200-h112-p-df-rw,2025-11-29T06:41:37.191063
Pakistan Condemns Drone Attack on Chinese Workers in Tajikistan,https://news.google.com/read/CBMingFBVV95cUxNaDNoWmc3cGVKU3lJMllPT0xlajlRdTh2YjB1azBCaG9vTkNGNnRMc0l2c2NJeWQ5Nk96Z3Z6MlUwbWpBY0V6aW55QTl2Q25sQzFjUy12QVlwcG83NVN2NVI3ZHF4cDVteHp5YnJ0TWNVR1d4MUJiVDBVNmU1MXhQM2tjNVB1U2VKMzVqT1k5MXhnUUN1Q3BZdDdQWUZEdw?hl=en-US&gl=US&ceid=US%3Aen,The Diplomatic Insight,44 minutes ago,🇨🇳 China Drones,https://news.google.com/api/attachments/CC8iK0NnNTJNR1pxWmpCSmJEWkVURE5NVFJEZ0F4aUFCU2dLTWdZQmtKQUNNZ2M=-w200-h112-p-df-rw,2025-11-29T06:41:37.191064
Afghan drone attack kills three Chinese in Tajikistan,https://news.google.com/read/CBMiX0FVX3lxTE5DRTZhSXBCMnFmNzVGem0tVVNCUEExT0ZpVVdyanROa1pwNUk2X2U2bURBRlJQQkJaTThBTWEzZ3d4YUdLNmJ5M2xOa19YNTM5N1RFQ3FmZzRhZndPQm1F?hl=en-US&gl=US&ceid=US%3Aen,The Jerusalem Post,23 hours ago,🇨🇳 China Drones,https://news.google.com/api/attachments/CC8iK0NnNHdkaTFoVEVkc05sSkJOV3R3VFJDZkF4ampCU2dLTWdhVnM0eUxQUVU=-w200-h112-p-df-rw,2025-11-29T06:41:37.191067
"Thanks To Drones, China And Ukraine, A Record Number Of Military Startups Became Unicorns In 2025",https://news.google.com/read/CBMi4AFBVV95cUxQODg0NjlaR2Y1NmJKMXZWcHhHVHJJSkxmUUhTbVotLVFkQ2JkN3F2ZTN5Q3lUZVFvXzdyVDhVVThiSlFoS3ZLNmpGWFQ5eFYzdUhVZTdkXzk3TUF1Y0ROei1PZWdiTUh5STBxbUhIaUVkOUgtaDBzbVBsOUttcUZsWUVuZUJ1RGdzOVA2ZHdYYnI4WFduS0gtdzktZlQzUkNzdWJnTVVqaVF5SkhBajFrQjBnelZSdkNEenlvX0haX2lVUkVuekVUQklBR1lLQVZBRDJEYzhLQnlqa2trMWJxRw?hl=en-US&gl=US&ceid=US%3Aen,Forbes,19 hours ago,🇨🇳 China Drones,https://news.google.com/api/attachments/CC8iL0NnNDRWRlYxU0ZCdU1IQnNMVUpuVFJERUF4aW1CU2dLTWdrQklveXN0ZVRJaUFJ=-w200-h112-p-df-rw,2025-11-29T06:41:37.191068
"Drones, Rare Earths, and Risk: How China Shapes Global Military Power",https://news.google.com/read/CBMiqAFBVV95cUxPZzVXRnNxcU9ta0lxVWwwT0M3UWZyV00tZU82REJxY0F5Tzd6NWsyM09uLXFKVS0tUGF4TFdYYWphWTdoV0ItdThKTnFNdnJ3ZHBJQTU4WDMtdnhzZ3dHeGphUFdEaGRGbkhJMkc3cnphY2hDd3pDVjBTMXIyV2hQZFNEZ21NT2JydVBtZGdyM1lRelppdGVwXzVIRXV6UWpjRGI1VUJBSGU?hl=en-US&gl=US&ceid=US%3Aen,Modern Diplomacy,22 hours ago,🇨🇳 China Drones,https://news.google.com/api/attachments/CC8iK0NnNHpSWFl5ZEZOb2FHSkpiSFpHVFJEZ0F4aUFCU2dLTWdZQlo0NGlNd1k=-w200-h112-p-df-rw,2025-11-29T06:41:37.191070
"Environment quality of China’s Huangyan Dao remains excellent, report shows",https://news.google.com/read/CBMiYkFVX3lxTE9zTDlvbS01aG5mdXBiVkZXLUZ2c2ZPelNzNDRfSnNQQ2ZZOVBKSjBocmJKZWozeGE0M0xIUFRySTdOR183QnNONjRTRkVIRXdoc1dtMDNzOWFoZXhMbVI3b3VR?hl=en-US&gl=US&ceid=US%3Aen,Global Times,15 hours ago,🇨🇳 China Drones,https://news.google.com/api/attachments/CC8iK0NnNUlObVk1V25KaFdIZDZkVmRpVFJDdEF4akxCU2dLTWdZQnNJSUdXd00=-w200-h112-p-df-rw,2025-11-29T06:41:37.191072
Chinese scientists test drone swarm technology to jam Starlink,https://news.google.com/read/CBMikgFBVV95cUxNWnQtek1WTXJ6WjJ0aHRHanZqdDhtU0JlZVFHdDN1RXpLTDBCMjBWMEtJUTJUVVFDWnlkWEJzdnhDTm44MFQyWmY1MlRhMnBlaEYxMG4yX3VzdE1EcERrNzFaaW5hTFV2cUZGUWt1cTZDX3g4cVJEU0hraElNcExoTTZmMTBjTWprYnVkbU9HNXF0Z9IBkgFBVV95cUxNWnQtek1WTXJ6WjJ0aHRHanZqdDhtU0JlZVFHdDN1RXpLTDBCMjBWMEtJUTJUVVFDWnlkWEJzdnhDTm44MFQyWmY1MlRhMnBlaEYxMG4yX3VzdE1EcERrNzFaaW5hTFV2cUZGUWt1cTZDX3g4cVJEU0hraElNcExoTTZmMTBjTWprYnVkbU9HNXF0Zw?hl=en-US&gl=US&ceid=US%3Aen,Harici,18 hours ago,🇨🇳 China Drones,https://news.google.com/api/attachments/CC8iL0NnNXVSemhpVjFkVmMxOXZhMlJyVFJDZkF4ampCU2dLTWdrVmdvNUlzcVpFY0FF=-w200-h112-p-df-rw,2025-11-29T06:41:37.191073
"Caverton signs MoU with Chinese university on UAV development, training",https://news.google.com/read/CBMiowFBVV95cUxOWmhYZ0d6Y201X1phNDVkVGhTQnpqNmdlVV9PTjFoSWxJeUxXUWtIcVFHTi02WF9mQy1ieWNyM1g5XzVHVjVhU3pTZGgyRnJSY0dHWXhQNEZ0QkpJVGtmVDZKMWl1SEdBZjNOam1CRENfeVVyaUdKdXU1c3JVYVlwNHV3VkJsMjQ4M0RCUnpRbnowT1kwTzZ1ck03VGtYZnJTLUU00gGoAUFVX3lxTE56LUd3VWN2Y2RHbjJOZDVyQkNFN0ZEYkhXNTF6WVRLdXJ1Nk1vQm5hUHQydHZPOE9NQ2UwcTJzbW40NTliTUJJWHJMZDNiWi1uRDRYbWNOUF92by1SUWkwbFNjTTl2V0R3Tmo1OE1rWk9XY01Md1FJbjJZUzUwN21vdGx0NE5RdTRhYkFmNzlldjdzeWlUc0NWaXAyUkNhendsTnd3ZWhGWA?hl=en-US&gl=US&ceid=US%3Aen,The Nation Newspaper,1 hour ago,🇨🇳 China Drones,https://news.google.com/api/attachments/CC8iK0NnNHhjWFZLVVZKTlpTMDNOakpUVFJDb0F4allCQ2dLTWdZZHM0d3N2UVE=-w200-h112-p-df-rw,2025-11-29T06:41:37.191075
Iran goes shopping for advanced fighters and missiles,https://news.google.com/read/CBMiqwFBVV95cUxQNXVsamRiNHNmWDQwV3Exa19rZVJPQlVDaHBUZXBXMWItLVVlTTJWbjhlMzdSR0FBclFWdHhUZFI1eThOSG1FRUpmeGJYeUtqVEQ0ODRIRHdsd2pQeC1XSldLUTVaeHlxcDEyUEZuOTdLVUVGRVVURUdieXZsR2lRX3pGamtsNDM5akVTVjF3WFI3Y24tTjFpeDZ0cTFKcHR2dVJwVlRYaDFYUDQ?hl=en-US&gl=US&ceid=US%3Aen,thenationalnews.com,21 minutes ago,🇮🇷 Iran Drones,https://news.google.com/api/attachments/CC8iL0NnNXVibWczVDI1cVkxcHBWRFoxVFJEaEFSaVFBeWdLTWdtVk1ZclVUQ1NpcHdJ=-w200-h112-p-df-rw,2025-11-29T06:41:37.191077
"Iran Update, November 28, 2025",https://news.google.com/read/CBMieEFVX3lxTE1lYXgwNmRWbWZDZEV3aVQtNHJ6WFFkdjd2SkJ1MDI3Rkw4SjlqU01OODBPNVBwMUdvUDA1cUg3Nld2d3hBN0NFQUd4ZkdLVy1sMzBwQl9MbTdodEM4LTVVQ09Ob19ka1NoYUZEZUpmcV9BOXFEdWNxRA?hl=en-US&gl=US&ceid=US%3Aen,Critical Threats,7 hours ago,🇮🇷 Iran Drones,https://news.google.com/api/attachments/CC8iK0NnNWxhR2xzZDJFM2QxQkNVazFRVFJDcUJCaXFCQ2dLTWdZVlk0eE5LUVk=-w200-h112-p-df-rw,2025-11-29T06:41:37.191079
Iran condemns drone strike on Kurdistan’s Khor Mor gas field,https://news.google.com/read/CBMiZEFVX3lxTFBBcGtIQ0xsaXVTLXgwcWFpcmxadU9jM05KNEZBZEdqcHlpRW9PNHhvVTRwdUNHQlJJRVJ2Q0lfaHBpVkFKd2dZUTltSWRBN2EwQjkzcjVNVTVSb3dHTU11d2V6ZTQ?hl=en-US&gl=US&ceid=US%3Aen,rudaw.net,15 hours ago,🇮🇷 Iran Drones,https://news.google.com/api/attachments/CC8iK0NnNWpRbTFVUzBKdGMwMUJja3hzVFJDeUFSaWJBaWdCTWdZbGxaS3R0UVk=-w200-h112-p-df-rw,2025-11-29T06:41:37.191080
"US envoy to Iraq blames ‘armed groups operating illegally‘ for Khor Mor attack, pointing finger at pro-Iran militias",https://news.google.com/read/CBMivAFBVV95cUxPRWJvRGNDd1o4SnM1MmN3YjNwZFZsZ2FlV3BXQjNqaFZ4clJMOEYwbjhKRVBFM1QzZzE2WEpFTExBS3hmQUN6U2NLb1Yybm5hYjROVDFXRXJoZmZPODJSeWYtb0NRRFF6Tm82dFU2Q09LZVNuQlBOMFlIQ2FBdEppeWphMmQ4N3VJcWlVY0o1VVZIaFZNSmU2anMwaEVtZ2JFQlhGU3B3cktaS3ZQOUR0NHlCV0RJTXp0Q00yUA?hl=en-US&gl=US&ceid=US%3Aen,The Arab Weekly,20 hours ago,🇮🇷 Iran Drones,https://news.google.com/api/attachments/CC8iL0NnNU5ablZPWlUwMldIWlJNMDlIVFJEOEF4amJCQ2dLTWdrVklwNW9ubWs5eFFJ=-w200-h112-p-df-rw,2025-11-29T06:41:37.191082
Attack on Khor Mor ‘unacceptable’: Iranian Consul,https://news.google.com/read/CBMiS0FVX3lxTE04enk4R3lRaUtScC14Z21OdUZxNS1xNjNoZUpiQVlTSlZ6YVhuQ3VweVdXNFBhUzVfcXFJSUVqblI5Y1BRc3BsUmF5TQ?hl=en-US&gl=US&ceid=US%3Aen,The New Region,12 hours ago,🇮🇷 Iran Drones,https://news.google.com/api/attachments/CC8iK0NnNW1ZVWxRZWtOUE5FWk1OVVZoVFJDb0FSaXNBaWdCTWdheFZKYVFKUWc=-w200-h112-p-df-rw,2025-11-29T06:41:37.191084
Gaza live: Up to 80 Palestinian fighters in Israeli-besieged eastern Rafah cut off from necessities,https://news.google.com/read/CBMipgFBVV95cUxOTFVZYXl1LWpnUVQ3OGMxX0JySEJGQk95bkZUdjZ5Q0NjcEFoUUxfZ2xOVk1Ebi05QUFadmhkbmdzRUgyR2FnYVVQYWtCSW5GVkhiam1JQ1l1Yl9Scmh3emo1SDVmdU5VMFc5ZWpNbjNKZVFJQzZXR0cwY3hYaHFMOFhmLVZDRDRZTG5OR2FsVlRMZVNpVjdWdGhEb2x1SE9nSFRpMUFn?hl=en-US&gl=US&ceid=US%3Aen,Middle East Eye,6 hours ago,🇮🇱 Israel Drones,https://news.google.com/api/attachments/CC8iL0NnNVVkRk5qTjJocVFucFdRVWR4VFJERUF4aW1CU2dLTWdrQlFvYUZ3YVJVU1FJ=-w200-h112-p-df-rw,2025-11-29T06:41:37.191086
"Despite Gaza genocide, Morocco opens Israeli drone factory",https://news.google.com/read/CBMijwFBVV95cUxOUElZQzhxV3Z6aVB5ZXBRZlFJN0dkalhRemFNdVcxZktyVld6OHh4U20tWHBXdkltMDJOcGVCN1JqdWJxOURkQWFtVEo0SFAxQXg1QVludGdUbHNpRmgtQ2dtTUdCZkFseHBBSXJIVVZkNEwwWFdSeldscU5KYmJleWd2LVZjSjFFTHh0QllBNNIBlAFBVV95cUxQcXVMR3pBRzB4WXpjOEkyMExQTDl6dy03QkFkS0NfUG9iYWdBWjVnNzc2OHFMeDZUT2xGSWg3MnlzT3M3TllXa1BGdjFFdjhfaWJTekk5UTdTWV8wZVpkSnd5WkU4c0s0QUFCdjk5anVPaUNMaUtSX1A2OEtTSGVlYk9tVnhsT3BzOVV1UG82ek5SQnJC?hl=en-US&gl=US&ceid=US%3Aen,The New Arab,18 hours ago,🇮🇱 Israel Drones,https://news.google.com/api/attachments/CC8iL0NnNXlTbWxMTm5ad1VVSjVNMkZFVFJDQ0F4aXRCU2dLTWdrRk1JWUdRV1J6NVFJ=-w200-h112-p-df-rw,2025-11-29T06:41:37.191088
"From drones to robot dogs, Israeli startups are reshaping emergency response",https://news.google.com/read/CBMiY0FVX3lxTE12clM2NHo1RzVjbUJBTDhTRjd3clZra0JQbEpTVkZpdjhQNUFSRllNTXV1Zm5GY3hUUWN4U3F6UzRKNFZzMmVNWkZsWlBvODZITjNpLWo2ZWZURWQ0dVg3MzRISQ?hl=en-US&gl=US&ceid=US%3Aen,The Jerusalem Post,20 hours ago,🇮🇱 Israel Drones,https://news.google.com/api/attachments/CC8iK0NnNXRUMXBuZDA5Q1NIQm1ZVGhzVFJDZkF4ampCU2dLTWdhZEVaeE1HUW8=-w200-h112-p-df-rw,2025-11-29T06:41:37.191090
'Artillery and drones': 13 killed in Syria after Israeli operation; UN slams ‘grave violation’,https://news.google.com/read/CBMi-wFBVV95cUxOdElqUjQwaG5MRk5DY2JtQl80blBIdnZmR2RDYXFQZjZTelBScE1tMUlkZUFWcjZ3UWtPckxJWEFiN2lBMWZWNHUwb1RlS2g2UTFSVGcyUm9KbmZFd0VCM1lZbzNOUWEwWGdJTE82ZXlpdE5reXlfQXh0NHROOUR3LWxIUjdhOFhKV1hsakRCNms4NExzeEM1cms1a0ktUmhSWFR6c3o5VjE0X2dxWldXeHRsR3pJR01sYUVpeVl3S1hmUk0xbFBPaXVaY1VhcEwwZkYzMjRkWkhLZnE2Y0lzS3UweGJKVEVQa2t3akJIOFVyTkU4ZzFYSHVoVdIBgAJBVV95cUxOZF84S3RxeC03VjZOQnJEVkpIYU0yNS1EbE1mNU5kTk1RS2ptdlFjMG1JcGRNVGhYMDlkTmg0QkxsMkRxNldqYkh3bldaZ19JSVNhR3hMZWdvX0tQNHZKb2FVZjFsVUJLMElHNkMwRHdKTFZLT2toUmR5Wnh6Z283cGRKU1ZtVzlYbXIweFdLMTJoOGFNczNQNTh1RDVjTDgwZ3c4dTBjVlhmcFgxaDB2NWJSRkw0aW1haVZBT19KQnNSd2tOdHRObmxuVEo0VmsxTmp0Zl92U3l0OE5yWlBUd1dyZlBQbGV1Ql9LWl9ETDZiVklnRXg1Ui1mX1lVZExl?hl=en-US&gl=US&ceid=US%3Aen,Times of India,4 hours ago,🇮🇱 Israel Drones,https://news.google.com/api/attachments/CC8iK0NnNVhZVjlOV1Y5V1duSkZTRTR4VFJDZkF4ampCU2dLTWdZQklJSVNsUWs=-w200-h112-p-df-rw,2025-11-29T06:41:37.191091
"'Or Eitan' laser is about to rewrite air defense, crushing drones and rockets for pennies",https://news.google.com/read/CBMiYkFVX3lxTE5FRDlVUEtSdmp6VGNMdzN3TWZjRll2QnhDQUstZGtBcnMwb1FkUDhNTzZTNmJrZERkR2JEOUMzS0tEQU5CVGZHZkJhbllhLTd3OUhDZ0xLNFI5WklVV3JueEFR?hl=en-US&gl=US&ceid=US%3Aen,Ynetnews,14 hours ago,🇮🇱 Israel Drones,https://news.google.com/api/attachments/CC8iK0NnNVRNRnBXYkVad1RVbzJRbWxRVFJDVUFoanFBeWdLTWdZQnNZS253Z00=-w200-h112-p-df-rw,2025-11-29T06:41:37.191093
Yellow line of death: Israeli strikes swallow Gaza wave by wave,https://news.google.com/read/CBMipAFBVV95cUxNZ0MzMlRoYmdiSnMzZkRRQ0tac2NWd0NHZFRzaWoyN1BJdEtXTDRsS29FOE50UndxWkZCSEN5eWRpLXJ5b29BSm50X3l6bUF0ZHdrRmZnQ0VvXzRzek5DbDJfbEVhRTQyNmpTb3VBNVNjM1RJbkR6YThYaDNHOTJTMlRuS1RKbUZ3dFFrUnJOdm93ZVltQlRIZkRpS1JWNFFDTGYtVw?hl=en-US&gl=US&ceid=US%3Aen,Tehran Times,11 hours ago,🇮🇱 Israel Drones,https://news.google.com/api/attachments/CC8iK0NnNUdZVU4zTmtjMGFVUXRaa1pxVFJERUF4aW1CU2dLTWdZQndJd0tSZ1k=-w200-h112-p-df-rw,2025-11-29T06:41:37.191095
Israeli Drone Bombing Kills Palestinian in Gaza,https://news.google.com/read/CBMif0FVX3lxTE83RHVEdGxXVV9zS1hreUlNSWhCUklWMDJSazIzajd3UDR6T3ZsVEh1azNHZklrQ19fQjd3c2lTYWF4LWJGdGNyeXJhcG56VHE3R3UyTDdqTllwa0xuSEswRnJWUmhXWEpoR0h3TElJdnh3S0RxZnlUTWRkQmhFNzQ?hl=en-US&gl=US&ceid=US%3Aen,- IMEMC News,22 hours ago,🇮🇱 Israel Drones,https://news.google.com/api/attachments/CC8iK0NnNUVaa2x1Tm1jd2MxRTBPV3gxVFJDWUF4aW9CU2dLTWdZQkFJVExsQVE=-w200-h112-p-df-rw,2025-11-29T06:41:37.191096
Yemen's Houthis claim new long-range strike capabilities - Shafaq News,https://news.google.com/read/CBMilAFBVV95cUxOYkVjNF9EUkZ6LWNLMkhxaENPMmE4VHE0SzM4MWgwVjJKME1sZ2lZdlVydnFxRjNpNVlVSDVRekJka1p1R1AxdDNra1M0enphUFhndVhXbEJYT3JnamRScmNXbWVFQzZuOTlxRXpSSUxCb3BOMjJjRktiWTBFZ3Fza0ptaW9ERUg5N2N4Y2NwWDRhRmMz0gGaAUFVX3lxTFBBMFlLWDdlNDdRVUJsRHJtUXE0N2liUDVwQnZrUWhlOHNkY3YyTnB4NjktcW5ZelJsWThSVVZpWjhCYk9YYkFFNkd1dWVpUnNiS3hMdGEtU3hLWkwyc2VSWHRKTmNFYVNHMFhKVG93UHZUaFJWRXhrLUJPN2VxYmw3d2lMTE1nWnp0eW9ONTl1cThkQUd0Qk00THc?hl=en-US&gl=US&ceid=US%3Aen,شفق نيوز,11 hours ago,🇮🇱 Israel Drones,https://news.google.com/api/attachments/CC8iK0NnNVFNamt6VG5NelVEbFFVbmRaVFJDUEF4aUJCaWdLTWdZMVlJaTF5QU0=-w200-h112-p-df-rw,2025-11-29T06:41:37.191098
Israel Delays Watchkeeper X Delivery to Romania for Five Months – First Drones Expected in a Few Months,https://news.google.com/read/CBMi2wFBVV95cUxOaEZMdkNzLWtVdU52RXNEN2REaEtBSDFNX0oxXzM3QlRaRHJYM3hqdUI2aHhqb2MwbS1jLXktdV92dXBOMFhEWmJnakxVTHR4alJ5NlZPMk5OSnd4NkhoakcwbFRkc3F0d0xGaXBwZFRmSXNvci1UV0FJN1lqUERDN0J0S2lmQnBsdWVUcmpuNmM5ZVdTcDJGQmxUbnVydUVCRXNDTzBCVDBwZjVXN0tVbUpHc2NEVWVXLVlzQ2hFTnlsNVFLbnR5aWtiWkZQbjBfVzNYN1RhV2R0Uzg?hl=en-US&gl=US&ceid=US%3Aen,Defense Express,18 hours ago,🇮🇱 Israel Drones,https://news.google.com/api/attachments/CC8iK0NnNTJiSFJKT0c1Uk56aG1jSGxoVFJDWEF4anhCU2dLTWdZQndJZ0p6UVE=-w200-h112-p-df-rw,2025-11-29T06:41:37.191100
Kim Jong Un orders North Korean soldiers in Ukraine to blow themselves up with grenades to avoid capture,https://news.google.com/read/CBMi0wFBVV95cUxPQVVhTXN4M09GUDdyWUdyREFELW9PUDFyTXZuZExFLWRYcFA5YVRzbUROS1dyNVNNTmkySWlyWlRQbkQ5Z05DUmt5LU14QUZGYnJDcmJWOHRiaXVGXzNNZGlsTWs5c05STl9CS0xsVW5rZ2cxanRuMG9yeUtmSC1UeWdpQkFhd18zdkF3Qk9KZzVGeHlTRG9mUDVlZHhjQktja0ZUVFRXcjVyTGx0Z2gwNmpwY1V1TENJRGU4NWxxaGJ5YlZYZDhleEtKZ3ZLbXZ4ano40gHTAUFVX3lxTE9BVWFNc3gzT0ZQN3JZR3JEQUQtb09QMXJNdm5kTEUtZFhwUDlhVHNtRE5LV3I1U01OaTJJaXJaVFBuRDlnTkNSa3ktTXhBRkZickNyYlY4dGJpdUZfM01kaWxNazlzTlJOX0JLTGxVbmtnZzFqdG4wb3J5S2ZILVR5Z2lCQWF3XzN2QXdCT0pnNUZ4eVNEb2ZQNWVkeGNCS2NrRlRUVFdyNXJMbHRnaDA2anBjVXVMQ0lEZTg1bHFoYnliVlhkOGV4S0pndkttdnhqejg?hl=en-US&gl=US&ceid=US%3Aen,Українські Новини,17 hours ago,🇰🇵 DPRK Drones,https://news.google.com/api/attachments/CC8iK0NnNDJkMkV4VlVkNFFUSjRabTlCVFJDZUF4amxCU2dLTWdhQllZYmd5Z00=-w200-h112-p-df-rw,2025-11-29T06:41:37.191102
US Air Force shot down its own MQ-9 Reaper off the coast of Korea - AERONAUT.media,https://news.google.com/read/CBMiuAFBVV95cUxOYU9UQmlOcmFVM0FSN3NGWmh6TGxfenY4eDEwS3djWHVUX05zdnExUUxpRWxoVGRyakduaWtCMC12ZDRnaU9YZkhKWUFlN2ZxZ2w1Qm9yQ2xpMXJWYXBlQkxoWXMzN3pIQ2ZoY0JPRjhYU1FNWTl2SzJlVnZ6TEpaT29JVWU1V1lnOFhOM0JYVUZsNzIyZDFFZ2JJb2ZLdTZPUUo2TWM1Ny0zREFQa3llZXk3RE1tekNG?hl=en-US&gl=US&ceid=US%3Aen,Root-Nation.com,17 hours ago,🇰🇵 DPRK Drones,https://news.google.com/api/attachments/CC8iK0NnNWhOVWhoZEdGa1ZFZEZkMUJQVFJDZkF4ampCU2dLTWdhVmtvNU1PUVk=-w200-h112-p-df-rw,2025-11-29T06:41:37.191104
USA Shoots Down its Own MQ-9 Reaper Drone near South Korea’s Coast,https://news.google.com/read/CBMinwFBVV95cUxOb2c0VXVWV2U0Qi0tTU5aZUh3NFZ2Nlp5dUxCRHZiV2dLd1NiZDU1a0NPczQ5QWpJckFFVHFsX3FHY3dfeE1tbEpmc1NVZ2s1TFpWbUFWYjY3YXBtLUpKWGdaUUQ4eHNqWWNId3BobmxkTjNROS00S2FhNmNlYTk3QnBMczJGWkNyYl9ZejVrTEh6Q0pRb3JjNlRvcGJjem8?hl=en-US&gl=US&ceid=US%3Aen,Мілітарний,20 hours ago,🇰🇵 DPRK Drones,https://news.google.com/api/attachments/CC8iK0NnNTNNRmh4ZFZCT1kzTnpWbkJhVFJEQkF4aXJCU2dLTWdhVmNaQVJzUWM=-w200-h112-p-df-rw,2025-11-29T06:41:37.191106
Man in His 20s Found Dead in Busan Reservoir After 9 Days Missing,https://news.google.com/read/CBMiiAFBVV95cUxNc01SdE1KRzRya3E1QXFlSjY1SHRVd2dUN2VGNGdpWXNSYVJBbXEyR0M4bWJ6cU5ZYkF1TTRxZXN1TmpSd18tWC0wNy01V2dSX0FyR2Q0NWptMVFTMTRGVG42d0Y4MTVET0lKU0pPZ1F3UUUtVTBWQWlFdGJmS3BKUlprTUl5ajQy?hl=en-US&gl=US&ceid=US%3Aen,조선일보,20 hours ago,🇰🇵 DPRK Drones,https://news.google.com/api/attachments/CC8iL0NnNDVOV0p6TlZkMlJUQjJTMnBTVFJDYkF4am9CQ2dLTWdrQmdJekdOQ1lsYXdJ=-w200-h112-p-df-rw,2025-11-29T06:41:37.191107
Ukraine war latest: Unmanned Systems Forces blow up $60m worth of Russian air defense systems in 3 days,https://news.google.com/read/CBMic0FVX3lxTFBfdFFoMGVsTlR1UXFrR1ZIcWE5M000b2FWd3AtWldJUjBfTUhDTFIxcDg0UjJmNFFLSzF4dFlEY08tWG5oX216R29obms4cEU1bFVvdzJVMUNYSWU2TkpLXzZnSEVSc0JkVm90dVVFYzNxdE0?hl=en-US&gl=US&ceid=US%3Aen,The Kyiv Independent,18 hours ago,🇰🇵 DPRK Drones,https://news.google.com/api/attachments/CC8iK0NnNWpWa2x2WTBGQmFuRk1NM2QyVFJDR0JCalFCQ2dLTWdZZEFwRE9oUVU=-w200-h112-p-df-rw,2025-11-29T06:41:37.191109
Death toll from floods and landslides on Indonesia's Sumatra rises to 164,https://news.google.com/read/CBMiqAFBVV95cUxQSUZfT2t3aHpvTVkzR2RYb0pldmtaNGE4cjRsT3BBQkl0N21qVUpldjJsdlpOR1EtdXRHNVdBVnc4cVJpcE5tMWVhM004dkV1SFE0T2hLNWVMU2JWUGNqamROX2J2Vk5aRTEzc2lfekhTQXozT0ZYVFhtZVZVWFBKYV9seXdMUW1EMGk0THpNNnVuMElqQXBVeDV3YkxlLUJPSG9yV1VKOS0?hl=en-US&gl=US&ceid=US%3Aen,NPR,17 hours ago,🇰🇵 DPRK Drones,https://news.google.com/api/attachments/CC8iL0NnNDFVVnB3VVU0NWVub3llV1JYVFJERUF4aW1CU2dLTWdtQkFZUUdsaVJNVVFF=-w200-h112-p-df-rw,2025-11-29T06:41:37.191110
Chinese nationals killed in Tajik-Afghan border drone attack,https://news.google.com/read/CBMiowFBVV95cUxQSXJQOTVWV2Q5M3dIZW9aZlBaaXU1dUVhYnNSSzFOOUQtUWxLYWd0a3c0QUk0aVNNZkpZV0FYc0RQT19vckpFR3hDelFMcFlYVE41eV9oZGd3SlhlVGhJRTBRRDdXRm1BUEJ1bHlQM2JvSlJBcnZUQkt3WF9uemd0WjBDX1N4akRuSWN5cVcya255SWxTU0l3OXFoR05EZk9XS1Nr?hl=en-US&gl=US&ceid=US%3Aen,Newswav,20 hours ago,🇰🇵 DPRK Drones,https://news.google.com/api/attachments/CC8iMkNnNXdUeTF2U1c1eWNXUTNXVUZyVFJDM0FSaVRBaWdCTWdzQkFaQUFsV2VCWTR0Z2JB=-w200-h112-p-df-rw,2025-11-29T06:41:37.191112
"South Korea suspects North Korea behind hack of crypto exchange Upbit, Yonhap reports",https://news.google.com/read/CBMiqwFBVV95cUxPODhpYy1vMjVBcVZ2VTh5NWJXMzN6Vl9RTi1TNzUwQ0pLbmpEZldOd25FenhpMUc5UWZPa0x6WWtCdVBvZENkYTA4a0piNTlET2VXZTg3d0RjTUlOMi01Y0FUQXg3MllGVmh4eFJJMDI3ZXNjZzBSN1Q1MlhZQzJwS1VKa0lOQ2g4ZWxHTlNmVW1peFBLV0NWcG1ZQThGb2ZEa0lUaVJ6ZzlZNEXSAasBQVVfeXFMTzg4aWMtbzI1QXFWdlU4eTViVzMzelZfUU4tUzc1MENKS25qRGZXTnduRXp4aTFHOVFmT2tMellrQnVQb2RDZGEwOGtKYjU5RE9lV2U4N3dEY01JTjItNWNBVEF4NzJZRlZoeHhSSTAyN2VzY2cwUjdUNTJYWUMycEtVSmtJTkNoOGVsR05TZlVtaXhQS1dDVnBtWUE4Rm9mRGtJVGlSemc5WTRF?hl=en-US&gl=US&ceid=US%3Aen,ARY News,23 hours ago,🇰🇵 DPRK Drones,https://news.google.com/api/attachments/CC8iK0NnNVhlbFppVjJVeVlrWmFjalZpVFJEeEFoaThCU2dLTWdZZE1JNnNLUVk=-w200-h112-p-df-rw,2025-11-29T06:41:37.191114
IAEA sends experts to Chernobyl NPP: assessment of damage after drone strike,https://news.google.com/read/CBMiiAFBVV95cUxQNGlBVzN3blBlSk5kRUQ0QlVtamZwcEVfZ3BpRGZHMllMa0pfb2FhSm50Sk9Ba0w2UVJlb1FFNVI0TVQwRlFiYnRCNGFYSURqbHh2TXZodDFGZ0xMWkRhbWhsRXlCOEVVb0dHMklDSklSZjIyd0Q5WU5LWkxZVFFxZE9VMDAyQXBn?hl=en-US&gl=US&ceid=US%3Aen,inkorr.com,19 hours ago,🇰🇵 DPRK Drones,https://news.google.com/api/attachments/CC8iK0NnNTVVSEp0WjJ4cFoyMUZVSFp0VFJDckFSaW1BaWdCTWdZQndvenN3UVU=-w200-h112-p-df-rw,2025-11-29T06:41:37.191116
AI Drone Tech Offers New Way to Track Turkey Behavior,https://news.google.com/read/CBMioAFBVV95cUxOc1g5Y2NnU1NpejFzajNMNVQ1V0U4b3NrNTFaZG5abXVrREJwTVltZTJaTm9hZ0dRamVHY0FuMXhBUjBtb3JfTlA5R2xYeWdoTUdtVkxqbExWa1IzdnlsdFFaVFRoU2N0Mlhsa0FiUGtwYWg0Y0ZwS1RnMm16dGloRnZmMWVBdzgyeEZ1ZGhJbzcwWHc0VnVfdVROTmNPQWtD?hl=en-US&gl=US&ceid=US%3Aen,Farms.com,13 hours ago,🇹🇷 Turkey Drones,https://news.google.com/api/attachments/CC8iK0NnNWtRall0VjNKNlJEWTJiV05NVFJESUFSanlBaWdLTWdhbEZZRHNsUWs=-w200-h112-p-df-rw,2025-11-29T06:41:37.191118
Mystery Blasts Rock Russia-Linked Oil Tankers Off Turkey’s Coast,https://news.google.com/read/CBMirgNBVV95cUxPREY3YmMxVlJZaXROS3ItaXZIUVBmWG1idXZpVGh1dnlfZFFMSU1vVzdsejVWczkxV0dTSjNNWTFnNUxib3FzUm52TVdNaHFBc3dGaTR0d2hsRG9ZMjh5ZmFrdTVXMl8yT0JsbW8zcEYwV2lEQ3JadDQxN3RKWERXc2J6enpGOXJkRi16aUdzTTA3NUIxVTl2MDR5NTgydFNwNDVxaVQxTXZkbWlPb3NBOHdUN3ZINlRsdVhzYnZiRmN1Y1FTcWdScGlOYWlSYlptVTVmTElUeEtqNXNKNXJ5V0RSMVBPMUZWQ2NHWlJmZVZBVmd5aE5hdlJOYkRzeVo1eHNVTzIxVTNhclNhOFJjc0tjOWYyUkdnWTRlaExLNHp4M1dHWEk4azNzZVh2NTF5VF91TDVHaWRhdmV1aFQ0Mm9GVEU3MXJtNWZPdWcyNzhVVlItN2NUSUlOSWowc3JaTjljb0tXNHhuZ2tkdEc2Ykg0ZWdZODZqS0w1MHRfRzE2U1hOdnU4SUdNazJTT2NUMzJaR2FGSmx1aU9CQ2tZaDBSbnRHRjVicE1VUHF3?hl=en-US&gl=US&ceid=US%3Aen,The Wall Street Journal,8 hours ago,🇹🇷 Turkey Drones,https://news.google.com/api/attachments/CC8iK0NnNWtaVkZGTmxWQ2RrSllZekZHVFJEbEJCajBBeWdLTWdZWmNJUXRNUVE=-w200-h112-p-df-rw,2025-11-29T06:41:37.191120
Türkiye unveils new kamikaze swarm drone as UAV capabilities expand | Daily Sabah,https://news.google.com/read/CBMisAFBVV95cUxPeWNvenhMT19NMk0wR19iSEg1R3ZKQklWQ2trUDhNQnkzMlZUOU5UbkxpZHFDcHE0TVZhV3BfN2tKdElnQllpcG9QSXQtUGNkeWV0YnplLTAwX29lWFV2cTNoNkJNTFNuSjBmb29reGFmaTRmVkpwNWM3R0JsRzZkVlVPUGNjcFpkWVV6cVBuR0Y5M25DdTA3NmstM1BWSjVsRUEzbndhd3VrWmlqY2Z3MdIBtgFBVV95cUxOaE9fZ2RSSFh3V0lPZW9XU244V0pFNUZoWlpMM2l6dVAwMVFQUU80OVY1eHFUQWJyN0pTRG8wdXVsN2xQQVp3Mi16dkM1dXprVXJLdGJsUFpmY1ZuNkgwekJON0JxU2ZLVEgyMnQwcklISUtiMjMwUDFPR1JHSWpja1hEWUpwT1JlTmtwMnJPQmJVanJjdHpTbEFDbTRMVTNjTnkwMGk1RFZJQmpQRkdLVF9NbkNHQQ?hl=en-US&gl=US&ceid=US%3Aen,Daily Sabah,18 hours ago,🇹🇷 Turkey Drones,https://news.google.com/api/attachments/CC8iK0NnNTRPR1UxY2pnMVgwWmFVMnRuVFJEREF4aW9CU2dLTWdZUjBZaTJ5QU0=-w200-h112-p-df-rw,2025-11-29T06:41:37.191121
"🚨🇷🇺🇹🇷 RUSSIAN SHADOW TANKERS EXPLODE OFF TURKEY AS ""EXTERNAL IMPACT"" SUSPECTED Two sanctioned Russian oil tankers suffered mysterious explosions in the Black Sea, forcing Turkey to evacuate 45 crew members. The 900-foot Kairos",https://news.google.com/read/CBMibEFVX3lxTE02WkZmV0tRa21vNUxDalJSeFNnRkU5TkkwTVFjTEdTWmdPcThnQjlJNnFMQkpXRVpxSHdPZGRfdjlNRHNlOUx6MEs1Y3BIbGhzTmROVVlnbFByR0NqZTJ0RzBQeVd6aGhORHc5aQ?hl=en-US&gl=US&ceid=US%3Aen,x.com,5 hours ago,🇹🇷 Turkey Drones,https://news.google.com/api/attachments/CC8iK0NnNWhVRnBCTm1kUU4wRmFXWEpqVFJENUFSakxBU2dCTWdZWmNJUXRNUVE=-w200-h112-p-df-rw,2025-11-29T06:41:37.191123
"Senators Against DJI Ban, UAS Nexus Syndicate, IFT & Ascend’s Partnership, M30T Drone Shot Down",https://news.google.com/read/CBMiggFBVV95cUxOUVotOFRNSjE0bWdfMXNVWjNORk82WDRxeFZ0ZDNjTlhZYmtCMGZfQTUtNEt3czVCdm05RE5nWkNKOTllQlFsZnE3Q2JOdHdybkN5anhTeEt0TFlKMnJpYkd6aHBHYW1hWkwxZWlDc2xfWmZOYklNZWtsNVlja2U0TTh3?hl=en-US&gl=US&ceid=US%3Aen,DroneXL.co,15 hours ago,🇹🇷 Turkey Drones,https://news.google.com/api/attachments/CC8iL0NnNXlSMmx4VWtkNWRrdDZVa0YwVFJDZUF4amxCU2dLTWdrUlFJelN3T1NoWndJ=-w200-h112-p-df-rw,2025-11-29T06:41:37.191125
"Sanctioned Oil Tankers Hit by Blasts, Fire En Route to Russia, Turkey Says",https://news.google.com/read/CBMivgFBVV95cUxPSzlJYVRKVHBGckMzZS1ock8yQXE5MEUtUGxHQ2w5a2N4RXN5QWNCc3R6WGtxRUx5TmJ3RjZhZHh4aEM3dWRFNWNMRm9uQW9TejBxVXNUZ2lCZnhVYTdNamJDYTJNOEdoWmtJUzIzNW1YM0VqMG1MMWpRTVByaTBpN1U1TU1rTFFZQzNGRjF2QzRQeE9ncUV6bU9tZms5cURCT3Q5SncyUTFIekZxRTRXUXF1S1dJdjFfVTBwY01R?hl=en-US&gl=US&ceid=US%3Aen,The Moscow Times,8 hours ago,🇹🇷 Turkey Drones,https://news.google.com/api/attachments/CC8iL0NnNUpWamswTmxWYVNFVkRNRTh6VFJDZkF4ampCU2dLTWdtUmw0QXFOcWV4T3dB=-w200-h112-p-df-rw,2025-11-29T06:41:37.191127
Two Oil Tankers of Russian Shadow Fleet “Mysteriously” Caught Fire in the Black Sea,https://news.google.com/read/CBMiswFBVV95cUxNTk1lWWVzbzNoVlFSWC1wNE42THFVcWRoT1paVzUzTkhpYmVlRHNkZ0w5TG05eEpxOU9NM245ckxnNTJpcGhPYnBXUHg0M3ExSDhSUHFLQ2hpcDY0MGpka2ZGVU5tRWV4TmtTVENrYVpxWWJaYVJ5Y1BaTlQyTmltSmp5NVJnNHIyNl9MTXVLQmFfSUVZbjlQWWVZeHlZOWxrVHpmUFA5bW9Mc3lvUzJtNnlBZw?hl=en-US&gl=US&ceid=US%3Aen,Мілітарний,9 hours ago,🇹🇷 Turkey Drones,https://news.google.com/api/attachments/CC8iL0NnNWlUMWxCVWpGcVVWazVlRmR5VFJETEF4aWNCU2dLTWdrbE1vWVNIU2xzendF=-w200-h112-p-df-rw,2025-11-29T06:41:37.191129
Black Sea Explosions Set Sanctioned Oil Tankers Ablaze off Turkish Coast,https://news.google.com/read/CBMigAFBVV95cUxQdzRVVjdoXzhrdVVMampGdHJYbVo3Rzcxa0l4WHJRRW9yTmh3cENfSG5mX2wxMDk5Q2hsc2hUckxCUVZFaWdJMlhOMS1wNTM5R1l4UFN5Wm9FMnVNZ0tFam5uSWRaNzloV0gyVS1oaFFpa0h6TkFfSWl0QVo3RjNEeg?hl=en-US&gl=US&ceid=US%3Aen,EU Today,7 hours ago,🇹🇷 Turkey Drones,https://news.google.com/api/attachments/CC8iI0NnNVVTSFZYVjB3dFFuQXhWRVE1VFJDMEF4aV9CU2dLTWdB=-w200-h112-p-df-rw,2025-11-29T06:41:37.191130
Baykar showcases new kamikaze swarm UAV as SkyDagger completes air-launch trial,https://news.google.com/read/CBMiwAFBVV95cUxOQ3VGZVlFTVJiSllMb2NoWUtCU3JtMDQ2UVUta28tbXpNN0pQRS05UUsxOWtJRHFab1dkOXpic2FObGRfZGd0UFFKYkRkN1BKWUIzSm5kNlhQWHMxVGtjaEZ3M3FhWkJxQmRGa2ZZSE5NamRBbHkzNkZHR1F4emFkSjdFYk9yLVNIa1RlZjFkOUc2NnZNMUNSeG5USThVMlJ4b2N4LTdnampldElIX2dQTlZ2RnZpWUxFMHoxbFBDeUo?hl=en-US&gl=US&ceid=US%3Aen,Türkiye Today,22 hours ago,🇹🇷 Turkey Drones,https://news.google.com/api/attachments/CC8iK0NnNWtka3c0TTBwalFubDVURmhFVFJERUF4aW1CU2dLTWdhdGxaYk5zUWM=-w200-h112-p-df-rw,2025-11-29T06:41:37.191132
Turkey Expands ‘Steel Dome’ Development With $6.5B in Fresh Contracts,https://news.google.com/read/CBMibEFVX3lxTE1Uc2syNTZlUU9rdGxaa0toRnR0NV8yVUMxR09RYlJDYjJrWVVHR184UnEyR1VndkVvT2prNmVXMHprbGtNNDAwZXBBd2NxWjh1eEVnLTFMb2Y2NjdhSVZkaEdBR0UtRHZVUTMtaNIBbEFVX3lxTE1Uc2syNTZlUU9rdGxaa0toRnR0NV8yVUMxR09RYlJDYjJrWVVHR184UnEyR1VndkVvT2prNmVXMHprbGtNNDAwZXBBd2NxWjh1eEVnLTFMb2Y2NjdhSVZkaEdBR0UtRHZVUTMtaA?hl=en-US&gl=US&ceid=US%3Aen,The Defense Post,16 hours ago,🇹🇷 Turkey Drones,https://news.google.com/api/attachments/CC8iMkNnNHhjVWczWTFsNWR6QmhVbmg0VFJDZkF4ampCU2dLTWdzQk1JakdLR1JqeHlwMFJB=-w200-h112-p-df-rw,2025-11-29T06:41:37.191134
School IB computer science class: Can a drone wall really work?,https://news.google.com/read/CBMicEFVX3lxTE5PT1N1Sm5RVno2eldKSFBBSDNVeFlqaWNBRl9TUnF3YmVJb0t1dkptb25LcmpaU3Z5YWtTaDNEU0xWODVFeTRnOVJxUHBlZEdiQ1ZjdExDZ1JyY0I1YmI2bXpDbjJsTllBVGczZ21zeTU?hl=en-US&gl=US&ceid=US%3Aen,Financial Times,1 hour ago,🤖 Autonomous Drones,https://news.google.com/api/attachments/CC8iK0NnNDRWRVI1WHpaRWVFZGpjVGM1VFJDSkF4aThCU2dLTWdhZE1veE5MUWM=-w200-h112-p-df-rw,2025-11-29T06:41:37.191136
"$150M Funding to Expand Drone Delivery of Blood, Vaccines, and Medicines Across Africa",https://news.google.com/read/CBMitgFBVV95cUxPWGVrOVh3Q3N1VHkxVTlqSTBjRU1ackxSLXpYcTA1RFpBRmNJWWxRWThaRUMtMklXQnBnVGRGRWdISFhwV3JzZUVQLUItcWFyRElaY3BVdmxjcUsyWkRxQy1DbF9ORzZwVHZZTlJPUlduVkVsYjlFN2toaElsTDR6Q0h0dFU3bzVRd3NwNS0xZGtIeUFrTFdkSlRFZ2FPR2p1NHBoWnBEampSc3QzQmhfVlRrUVhCZw?hl=en-US&gl=US&ceid=US%3Aen,Dawan Africa,11 hours ago,🤖 Autonomous Drones,https://news.google.com/api/attachments/CC8iK0NnNXdPRlJ0WldkNk5rZEhTbFZLVFJDUkF4ajhCU2dLTWdhUlFvakxNUVE=-w200-h112-p-df-rw,2025-11-29T06:41:37.191137
What a drone maker on NATO's front line says the West needs for future wars,https://news.google.com/read/CBMipgFBVV95cUxNMVhZSDczckZmZ2oyVWdPcEVPSE5PT0luUFIxX1FZUDhzM2NvVEJpWjRDV3AzZWdoTFVtVVdrdFp3Q2RmcVZJVWU0V0NOdlh3MGRXQjJ5NlNjM3lFX0hiNG53YmdRLTkxZHY1ZHc3VTBIeVI1b3ZObUhPV09kWkc2NFpVeVh5VFhLeE43eUF3Q3lzZERtTXhtME5IQjNXMHB4SWcxbkVB?hl=en-US&gl=US&ceid=US%3Aen,Business Insider,19 hours ago,🤖 Autonomous Drones,https://news.google.com/api/attachments/CC8iK0NnNU1jMHhRT1cxeGNXWjJjakJhVFJERUF4aW1CU2dLTWdZNWtvWlNQUVU=-w200-h112-p-df-rw,2025-11-29T06:41:37.191139
"Medical Drone Delivery Services Market Size Report, 2025-2034",https://news.google.com/read/CBMiiwFBVV95cUxOcXJwa21HNndqc2poSENvcVZWQld2eHVhQVJjTkh0X3lPMWFKbkNzTjhpUmU0Vk9CX0Vkc1NfU3JYc21PcFhmQXJHaFo0cDRyallaWnpGZ0QxSEo4ZXB0Q2NiQWtCZnBsTktVMTBzRWcxbFlpLTQ4Q0Y2eFZpR0VPbWh3bmYwSXVnRGM0?hl=en-US&gl=US&ceid=US%3Aen,Global Market Insights Inc.,20 hours ago,🤖 Autonomous Drones,https://news.google.com/api/attachments/CC8iK0NnNWFkbUZXYW1VMVFuZEVlbU5DVFJDSEF4aVBCaWdLTWdZQklvUXJuUVk=-w200-h112-p-df-rw,2025-11-29T06:41:37.191141
This Autonomous Submarine Is At The Center Of Naval Warfare's Biggest Change In Decades,https://news.google.com/read/CBMie0FVX3lxTFBybU9LYUEyTUdMOG1XTDFHbWREMDVpeGxZaENFbUxNREMxT1dQUHl0RUdWX2FEWk13SXFnQ3djU0dXaEJnUFZhb01CT3V5SVNEbllpMW9HQk5LajhPbmkwLTI3MUtza3FBTmtkUndNVFpHMF9BNmR6TENiUQ?hl=en-US&gl=US&ceid=US%3Aen,bgr.com,12 hours ago,🤖 Autonomous Drones,https://news.google.com/api/attachments/CC8iL0NnNUhWMVIwVmxOMGQxRlFMV1YyVFJDZkF4ampCU2dLTWdrQmtJd0xPdWNXTkFF=-w200-h112-p-df-rw,2025-11-29T06:41:37.191142
Future of Security: Global Anti-Drone Market Insights,https://news.google.com/read/CBMiekFVX3lxTE9xZk1ObXZLOXloUDB1Qk5zUjFNbEttMm5QUjYzU0s0QjRRYnBCTHhxdTB0b0VGRU1pQUtKN21EUnpneWpmVzRsY09BUkVGaEsxYVVrSzljbHE4SmVjem05WmxjTE1neVpseFJsVDVVSEYyYUZhNHRyMkZR?hl=en-US&gl=US&ceid=US%3Aen,IMARC Group,17 hours ago,🤖 Autonomous Drones,https://news.google.com/api/attachments/CC8iL0NnNHRkMHB5TjFOWVYzRlJOR1JPVFJDZkF4ampCU2dLTWdtSlVvU0dVYU5VYVFJ=-w200-h112-p-df-rw,2025-11-29T06:41:37.191144
"AI in Drone Market to Soar to US$ 47.14 Billion by 2033, Driven by 16.44% CAGR and Rapid Sector Adoption",https://news.google.com/read/CBMingFBVV95cUxNOUY4UXVycVpDcHY5dXNaU2JwMTlobzFkUGZYamVrN3RUQS1BXzBsR2c4SGR6a1Mxd3BHUmVCQjFIUldLb0Jmb1BoTnB1TEh2NEkxVWM1YTRHelNFYkJlN3dveGFWb1lnYkxNYVd0c3M3YTVuZ05UOGJ5Y2owWFVGUng5UmhRQUdrQWs2YnQ0MDZTRllibmtXQUFOeThuUQ?hl=en-US&gl=US&ceid=US%3Aen,openPR.com,17 hours ago,🤖 Autonomous Drones,https://news.google.com/api/attachments/CC8iK0NnNHhaemN3VWpkYVJVdHNjVjlXVFJDZkF4ampCU2dLTWdZQm9KTHFRQVk=-w200-h112-p-df-rw,2025-11-29T06:41:37.191147
Athena Security Introduces AI X-Ray Drone Detection to Protect Critical U.S. Infrastructure,https://news.google.com/read/CBMif0FVX3lxTE1DdVlnUkdzNWtUcU5fVDhqcnJKQktfVDd4elJLR2t3eGh4a2x2RXhoRHNjMnRmbFdDeWNaYU02U1U0THhkTi1CTTJPMlZvSEE4by1UU3J4ajhvdXhVMzlZcXlrcjdrNnV2ZDZTb0RfenVSa055QmtiRHNoRFRDcEXSAYQBQVVfeXFMTlZUSzlFcEtVQUhaRkxBOF8xV2l2NktKSlh4cUIzMlMxaUFxZ0ZQNlNQaUR2enlfN29ZMUZ4U2taZ1N4R25nRTVXa1NhWUlSdml5NHoxTWtVUmpQb3lYWFNIRjNLQWJPNDJvVm5QYTFsUkc0T1JjX3htaXhCN2pLVG43UFlN?hl=en-US&gl=US&ceid=US%3Aen,Dronelife,13 hours ago,🤖 AI Drones,https://news.google.com/api/attachments/CC8iI0NnNXJSbE56U1VoNlIzRlJURzl6VFJDRUJCalNCQ2dLTWdB=-w200-h112-p-df-rw,2025-11-29T06:41:37.191151
India's new AI-enabled anti-drone patrol vehicle makes bold debut,https://news.google.com/read/CBMi9gFBVV95cUxOSnVpMlQzUmk1LTdNWnFYYkF2YlozQkREV3pjdU44ajZyMThnR09XcW8xc19ZUkFxdWRSSjJGWG5VbTRKVFZTcm5CaTFKeTBIOW44X1RqRkZib0Rxd21McXZ0aVhXdEZOSGVQbTl6bEZRdk5QellzQVpyVU9xMTJGc0JEYmg3Wno0dDUyMU9YV2RLQlBHVE9EWHIzTWthZjFfS0pBdWpRdV9yNzZXWThzTU1zQVdxSFN5ak1MOUxuQW1sUEJJRjg2eEVVdzl1dHFEbEFBX3k5Ym1ORFpoUFo3dlBzdUNCOHg3X2JuMnN4ZjB1akUySlE?hl=en-US&gl=US&ceid=US%3Aen,MSN,9 hours ago,🤖 AI Drones,https://news.google.com/api/attachments/CC8iK0NnNDFZbU5TTjE4d04xZFpWbEkxVFJEbUFoajhCQ2dLTWdZaFpJU3MwUUk=-w200-h112-p-df-rw,2025-11-29T06:41:37.191155
"African Startups Showcase AI, Drone, and Smart Technologies in Nairobi Pitch Competition",https://news.google.com/read/CBMisgFBVV95cUxQSGJkRzJVRFREQklxOFpKTXNDdFdNU1IycGloMC1xbGFzVWk2WHBYaFUtLWI2M1l6WVVkd0FNb3JhWEFwSHZWX3lZX01NU0JGQ1RwQkhNVjNEVTd0SnRRZVlrS3V3ekhWdUMwN1hFZ1hDSHZnUWVMTU5JY1RVeEFWVlNjeVlHYWJuMk4ybUhEVjB1STZTWFFVb0VEdmpaM0I4T0ItLXRzdzFIRWFLb3Z4Mk9n?hl=en-US&gl=US&ceid=US%3Aen,Dawan Africa,10 hours ago,🤖 AI Drones,https://news.google.com/api/attachments/CC8iL0NnNU5RMDVsYVZCNE4ycFlkMlZ5VFJDUkF4ajhCU2dLTWdrRlVZejByR2lhS3dJ=-w200-h112-p-df-rw,2025-11-29T06:41:37.191158
Leonardo unveils AI-powered 'Michelangelo Dome' shield system,https://news.google.com/read/CBMilwFBVV95cUxNcnd1bkhreVkyZXVRR3I5czNPQmpESjNjYVA2SjU4Z2tDby00M0h0YmwzNWZTSDVJTjVjUTZmSklNb25aR2lGdkkzZVRxaEgtdWZKb1d5OHV0bUh4RHZxNm9ISjVvc2VsNmlrRkxtbC1fbkZLeUM5VFRXeDJ6VXpxYVdyS0pINE5hWklBczlvdlhrZUFuUUZJ?hl=en-US&gl=US&ceid=US%3Aen,The Tech Buzz,18 hours ago,🤖 AI Drones,https://news.google.com/api/attachments/CC8iK0NnNHdjbkJrTUU1WGNtUkdTWFpyVFJDcUJCaXFCQ2dLTWdhSmtZU05SUVE=-w200-h112-p-df-rw,2025-11-29T06:41:37.191161
‘An army of drones’: Elon Musk’s Starlink satellites have become China’s new military target,https://news.google.com/read/CBMi_wFBVV95cUxOTUs1TEduMXF2Ul9CT1BWQlVpWVBsaUVIREltYzlyX29uWkZrWXBsdk5hSjhJRjlPWUY4ajRLdzBXNmRFdVhxNjAtT0Z5bDZSdURVaWExbU9ZT2xnbDlQa3FLbHJDYl9JM1NKMjh1YnoxX1Fhc1hEQWNxODhXRGs2dV9BazJObFFHNHMwOVk1SWxyN1g5YlBmeGhUbkVOUk10VUFaNXRxam0zNWNYNzNEaU93SGMtYnBvWGJjNjVMbUJQTFFJMlFNWVlvQjBGbC1uWDFFcVpXd1ZUeDFQMmtTc091Z2pNMHFSOG1FXzRndjgwakdyUURMWmEtQnJDNFk?hl=en-US&gl=US&ceid=US%3Aen,MSN,22 hours ago,🐝 Drone Swarms,https://news.google.com/api/attachments/CC8iK0NnNTBURGR0ZW5sM1JGZzBNR2RmVFJDZUF4amxCU2dLTWdZcFJJcnRvUWc=-w200-h112-p-df-rw,2025-11-29T06:41:37.191165
From Guns to Smart Guns: Indian Army Evaluates Oerlikon Skyshield for Modern Drone & Missile Threats,https://news.google.com/read/CBMikgFBVV95cUxQVlNkRnRZbXpyMW5Vd3RQbUFzaDI0WGhEcGRILXFUXzF1MFBCTC1kaU9zTkZ1ci1mWmh4VlR2TGNUeWlobUdRYnRSMjIzUklqaU1hRVFRZTUzcjlrbmtuY3ZJOGhWYzRzb2IxODdlYXhlZ0dUT2dNamVYV09FaU9FUDdlTi14VVJ1c3JIeWdtWWlBZw?hl=en-US&gl=US&ceid=US%3Aen,Indian Masterminds,1 hour ago,🐝 Drone Swarms,https://news.google.com/api/attachments/CC8iK0NnNXphbWxvT1hkdVpIRklRM3BaVFJDeEF4akZCU2dLTWdZQllveEd0Z1U=-w200-h112-p-df-rw,2025-11-29T06:41:37.191168
Indrajaal Ranger: Meet the AI-driven anti-drone patrol vehicle,https://news.google.com/read/CBMivwFBVV95cUxQMWxJeXY2RHV1TkVMcVlfSzR0dHd3ejhONGxqM2dsdnNWOVFvbEk3ZDVneUJRVDRxeGJBYUkzcklVQVVKanNpQ3kwQjRhVURRTTFxZWx2QktPQTc1SnotVVAyRll3d3FNR0xpT0d6dUJMTUpRQk1SSGJHVVZoRkJkLUlSMWotbEhIdURtYTZMYUgxSUFLYkpXZnpjQkpkLVhEa2V3UG9EX1FzeFpwLTktY0lscTMwOE5TUWF1ZmdHY9IBxAFBVV95cUxQT0MwclpMdHpINXJXX2pjM1RWa2hGUHhFZ2VBT0JKd2ZXRnBGS3FuLWU0SXNGRE10anViU1lQTmh0cFp5QzItbjBDQTdKenFQYU1OLVRib1JTN19MSW5lX2h3WjZyUHZBUTc3MEtLODktaG5keDZDVURZdTFhX1dJeHpfSGxINWpJOTR3UDYwZzE4UW1TQkJZbVJwTzlGOE40aFBBZjBia0tPU2dWNGw3OWZnUlJyNWltRXdVc1J4VEhNdlJ4?hl=en-US&gl=US&ceid=US%3Aen,India Today,16 hours ago,🐝 Drone Swarms,https://news.google.com/api/attachments/CC8iI0NnNXBiVmhzVUhaVlNHczRTVWx1VFJDZkF4ampCU2dLTWdB=-w200-h112-p-df-rw,2025-11-29T06:41:37.191171
"Leonardo unveils Michelangelo Dome, a new multi-domain security architecture",https://news.google.com/read/CBMipgFBVV95cUxPS1hmRTlrNnJ0d0pUUm5QcG95U0VjRjFuaG9kSVM3VnB1d29SY0FHcGQtN3RBUjJIOVc0YXYzVVR0WlVWajM3ZHhBdnFkTDB0Mmp6M1JuRTlqZ2hHUXdRbDRoNG1PS2oyczlfOHg2WWIyeXJ0dHhRMnlMVi16NmVGZjhXSEx0T0kxbExMX3dhamNCVUI1WFo2UGR3LTZXRE53T1liX1FR0gGmAUFVX3lxTE9LWGZFOWs2cnR3SlRSblBwb3lTRWNGMW5ob2RJUzdWcHV3b1JjQUdwZC03dEFSMkg5VzRhdjNVVHRaVVZqMzdkeEF2cWRMMHQyanozUm5FOWpnaEdRd1FsNGg0bU9LajJzOV84eDZZYjJ5cnR0eFEyeUxWLXo2ZUZmOFdITHRPSTFsTExfd2FqY0JVQjVYWjZQZHctNldETndPWWJfUVE?hl=en-US&gl=US&ceid=US%3Aen,Defense Here,17 hours ago,🐝 Drone Swarms,"https://encrypted-tbn2.gstatic.com/faviconV2?url=https://defensehere.com&client=NEWS_360&size=96&type=FAVICON&fallback_opts=TYPE,SIZE,URL",2025-11-29T06:41:37.191173
U.S. defence firm Anduril faces setbacks from drone crashes,https://news.google.com/read/CBMivwFBVV95cUxObkgyX2xJVTBRT09LUnZBVkpTOF9EWFdIWFNsS1pfVzJOcHR5SjFfMlRkOUpQNFRESFMzenJna2VrZlFkXzFoUlVVTkhmS1FXRkZLTkJYX0JjNEdvTEk2VDdvU05neFkzbElWY2lzS0hjTENLUlMwQ3J2R0pRbWlodWN2bnF1VkNhdEpKdFBMN2RuMmMzY1BSYXdCRWFWMDNRT09qZFM4SVcyTzY5R0hzbHNfS1hNa0czTHZrN003d9IBxgFBVV95cUxPTnRPY3MzNFFiLUtQZ0JiWUhWRVQ0dzlWVkJlM2lHZkNJR214OE4zbXg1ZkVONVljRGlIN21fek1kZUlkeC1jM0gtREtGd2pPWldjak0tWmctMllyVkIzSFJTQXE5QkdRS0YtbXQxU2FjVFUtWlMzTzV2UVR1TE1abk1rTWJ1emswblV0cEE0VG1peHJ2TC1wdXFBTkRoR3hFcVBhc1E4UmZzQUI0VmtaUGItbTN4VTVJVTlvU1AtY193X3F2RVE?hl=en-US&gl=US&ceid=US%3Aen,The Hindu,48 minutes ago,🔬 Drone Technology,https://news.google.com/api/attachments/CC8iK0NnNDRhbWQzWTFKcWJXbHZUbEpNVFJDZkF4ampCU2dLTWdZQmQ0N2lNZ2M=-w200-h112-p-df-rw,2025-11-29T06:41:37.191176
"ZenaTech Signs Offer to Acquire Utah Surveying Firm, Expanding Drone as a Service into the Solar Infrastructure Market",https://news.google.com/read/CBMi6AFBVV95cUxOTnJhWC1uUDJBbUpzUjI3TTNveTlmcW4wZ0dTakQ0YnJrWTZfQjRTbmVMSGZHRkMtWGtnTWxGQ2FqZTE4cmRzM3RiQnZOZWZWUXlQTlN2R0VZQV9iMDFrdkg4RTQzamE4RlFuT0NvV1JBZDZaTzc2ZG83YUlRU05HQ0xvYzdlN3pxMVBLZGxVRTBCTnIyMGFveUJCUHFiNWZ2Y1kwemEtcHBuVmNlN052aHh2cHdUUlNIRmRwamtJZ2N5cFBFWTZQUXpFbFBaLWlzUENaWU0tVUp5ckwwVGJYeUtZVzNxNXlr0gHuAUFVX3lxTFBudDJpSDAzMEFEay1GaHJvWWYybkZnaktoTGdqejNZZGxFMDJCQldkR3lEN3NLYW5iVndzS2VYMzV5YmU0YTc3QTZDcDBqUDhMYXZFU2dqaVRDUEdTQVlnZ0tmWG1VbklaaDdZVzhST3NRdHo0cDg0NFJzRVk3QWtrU2Q2VFE1U2hpOWstcXVobjhObHhKc1FEdlZMeTRmNnVXLWo3Z2wycUZyVlR0RzdqdVVqcXRxaXVfaklyZzZSVDFWOTc4c3lweWlWZkthcnNoQjFrOUxxdmQ1eUtzTFoxOFhxNTJrTG02eTd1Wnc?hl=en-US&gl=US&ceid=US%3Aen,MundoGEO,10 hours ago,🔬 Drone Technology,https://news.google.com/api/attachments/CC8iK0NnNW9iak53ZFZsdFUzSk1OVXcyVFJDUUF4amFCQ2dLTWdZQmdKRG9OQVk=-w200-h112-p-df-rw,2025-11-29T06:41:37.191179
The FAA Is Investigating Multiple Amazon Drone Crashes,https://news.google.com/read/CBMiiwFBVV95cUxOdGwzVjBrQkNRWDU5a1Vxek5lSnhVUzlZTlVIWkZWRjNEN05TRnpnaU9BNjNLRFNuNnFNN0xTSzkyOFJMU1dxX3dQb0pEWEhEa2czRkNYYUhILUF2eFctWEtQRHltdlg5VTRQaDVxbnNVT3VRNTlOS3BVd0ZEU25jWmk2R1hIamlJYlFj0gGQAUFVX3lxTE1jdWc3bThIc25TdjJPclBNcGxuS2otZlFJN19ubE83YkVqVWdrS3VvV1ZWX3M4WVZnMng0aWpENjNfbDRveVB2allhQWUzc2xaV0V4bkRheWc4SUhTQWR1dTRWa1p0dE1kSHZJNU4tUFhwTlJvU2NOV2lyWDZzVGlTSXowdjJkRVNhd3JPZHo0bQ?hl=en-US&gl=US&ceid=US%3Aen,InsideHook,9 hours ago,🔬 Drone Technology,https://news.google.com/api/attachments/CC8iK0NnNUJTV3ByVm1sd01tSnJMV2cxVFJERUF4aW1CU2dLTWdZQk5ZVHVJUW8=-w200-h112-p-df-rw,2025-11-29T06:41:37.191182
"Top 63 Black Friday tech deals of 2025, hand-picked by a tech editor",https://news.google.com/read/CBMib0FVX3lxTFBlcWl6X3gyeDZXeTIwZnBjMTBjZG9GWTF4RGpuZllWckhaeUhqQnFVaTlXMnhHLUVYUHFWdkJNSTktNnFfeFQ4LWozakV1SnBpTGZSX2R6YXMyZ0JETVVUTXhabC1vUlRoMTZoZzFESQ?hl=en-US&gl=US&ceid=US%3Aen,Mashable,43 minutes ago,🔬 Drone Technology,https://news.google.com/api/attachments/CC8iK0NnNUhTRXBIT1cxZlYzQllVMVpLVFJDZkF4ampCU2dLTWdhQkFJNllEQXc=-w200-h112-p-df-rw,2025-11-29T06:41:37.191185
Terma acquires OSL Technology to expand counter-drone and critical-infrastructure capabilities,https://news.google.com/read/CBMiwAFBVV95cUxOTWRjUm9PM0o2NFEzdmtuUVBzZFZQVXNLczFsSHpLZnhRQ2hNeGxYajlzS0hhYVVkcTdZOVpXTkt1ZXpkUE9teGx3TF9YVmZnNWVaQk1kam1xS2lHZnhVX1dyNlZHcUJVejd2OFpZY3dydzNyUjRIMUpEcDF4ODFuUnhwcHFvZi1XVi13YVZBNXNlS2tVRFkyd1hoTUhCWk1VX2JmVUNjblpPVlhCRWRRQThUSXZiWFdxQVRsUWphT2I?hl=en-US&gl=US&ceid=US%3Aen,Defence Industry Europe,15 hours ago,🔬 Drone Technology,https://news.google.com/api/attachments/CC8iI0NnNVRZM05UZDJKQmVtSm5jVVZOVFJERUF4aW5CU2dLTWdB=-w200-h112-p-df-rw,2025-11-29T06:41:37.191188
DND advances innovation in drone detection technology,https://news.google.com/read/CBMikgFBVV95cUxNaHRaOWVBQnVoS216YzJSTkVRZFVKdDRIaHNlRV9rNVhMNGVpOHpqb1pVTnhjbE9ZTlhNQWhERnU5ckd3MWI1Z1doNlhkdGZ0S0xzNjNKckFreC1XX2luWVdfbnBTYjJxMVMzQXQ3dW51RG5SWFpma0ZRNUJhNGItQVM5cUwtZG5TamVBZnJubmlQZw?hl=en-US&gl=US&ceid=US%3Aen,Canadian Defence Review,4 hours ago,🔬 Drone Technology,https://news.google.com/api/attachments/CC8iK0NnNUpWSFJ2VlZwVFIwOXVURzF1VFJEYUF4aUdCU2dLTWdZSkFJQ1lJQWM=-w200-h112-p-df-rw,2025-11-29T06:41:37.191191
Counter UAS Technology USA 2025,https://news.google.com/read/CBMirAFBVV95cUxObFdyMmlHRHFkWFgtYWlReENoXzY5N1J1V2hjdHFtYThCT0k5YjVxb1M1ZU5LeHlxZWp0dWtYdEdTTVdZQVlHNmpZdVhJbkVFQmxWZml5MkVjTjBqZ0NmdEJUZ083RlZDQnBiTmdISHQzY0FzY1R3el9IWkRNN3hfT0pKRjV0aS1PRU1WVE1fSGk3dURSQXdOMjlZMTdTbXFGWFFKSHRzaFFtV3c0?hl=en-US&gl=US&ceid=US%3Aen,The Courier Express,5 hours ago,🔬 Drone Technology,https://news.google.com/api/attachments/CC8iK0NnNWphVFoxYzFReVQzbE1ZMjl3VFJEaEFSamhBU2dCTWdhTklZVEtHQW8=-w200-h112-p-df-rw,2025-11-29T06:41:37.191194
How a Small Nonprofit Uses Drones to Fight Animal Cruelty: Inside SHARK’s Mission,https://news.google.com/read/CBMiswFBVV95cUxPbFJON3RreXZEQ2JuTGp4MWRTcFhJc1JlNDB1c01Nc1BLOGlvbk9NdVhzZUxUQ1F3VldXV242c0VtR1k4S01Hdnd6enZibUFLc3lyVVhZR1Z2dmExVm4wbS16Ry1pWERfYU5DZ3JpVE94SktCenRObEFxOEdjT0V0a0ZnR051TFdReERUVEdOdGs4cXphNldkenRYSm81cGdmRWJTTnNUTDhzYWVYWE9BR3V5QQ?hl=en-US&gl=US&ceid=US%3Aen,Dronelife,13 hours ago,🛩️ Unmanned Aircraft,https://news.google.com/api/attachments/CC8iK0NnNUlVa3RaTUU0eE5tNVFSRVpUVFJEREF4aW5CU2dLTWdhdFE1cHZIUWs=-w200-h112-p-df-rw,2025-11-29T06:41:37.191197
A DJI drone ban looks increasingly likely. Here's what we know.,https://news.google.com/read/CBMibkFVX3lxTE9jY3Y0VUNyaF9HNzRZVkVxLXRSOEtrYTFNaFpjQTNyOHpsUWhjbmo4V1p0SlFmSEU4dHktS1d3M1lkVUNLazJBY1hMLW43YWZIdC1MYm1relBLVVV2bnItQ0FNZ205RkJJZXVONUZB?hl=en-US&gl=US&ceid=US%3Aen,Mashable,1 hour ago,🛩️ Unmanned Aircraft,https://news.google.com/api/attachments/CC8iL0NnNVlWVFJGTUVsV1ZXTnlhWFpqVFJDZkF4ampCU2dLTWdtWlFvd3l3V1NLWndJ=-w200-h112-p-df-rw,2025-11-29T06:41:37.191200
Sentencing Due for Culver City Man Who Crashed Drone Into Super Scooper,https://news.google.com/read/CBMi-AFBVV95cUxNRUVLdTBhY0tXd1pfXzlvZE5hejFKT2s0NXNOVkZzZEN6SFpSMFo3cU95RHJndE1HWHVYdVhHSlRYMk9aSktPOGxmVDdJWGdWaU01R3pTb2I1Y1VjX0piMUEwUjVOVTd0ZzBfZjQ4X3p4OENiUXpBRHZFTTg0c05PYUhOZXNkUzdIUGNjMWVtUHlfQ3J0Sk9jREU1aEhJeEVNQzVZSzQtMzhKaVI5VzF6OGdvdFp6SUFaNkVUTHoxUWtlZlJ4UDNEemdSLWxSV2lpZkVHODI2X2dZSWpkX2p4T2g5dE5JNl9pX2ptcE1WcUY3NzkwWEZZNw?hl=en-US&gl=US&ceid=US%3Aen,Westside Current,11 hours ago,🛩️ Unmanned Aircraft,https://news.google.com/api/attachments/CC8iK0NnNTNlbW96T1haWE9FdG9abkZhVFJEeUFoaXlCQ2dLTWdZQm9JeGl4Z1U=-w200-h112-p-df-rw,2025-11-29T06:41:37.191203
What a Ban Would Actually Mean for DJI Drone Owners and Holiday Shoppers,https://news.google.com/read/CBMirgFBVV95cUxOWE9HY3BjOTlKeS1oWm5lTjV2ZmxjLWdZeHRfZk5sNDFIc0ZlYTBIQWhlaG9rQWxkcVdfTEdpMkZBSEUxeVpKeTJscWpyTllUT3JuWXpSVUdsTHdfSjk4aUZ6bDNDc0E1TjZlZWFOWDRsSkhiV1BsR2VXQWQ5Uk0tZE45S3YyaUVnbTNfQWpCY29fRzcxM2xsZUVjVXB1VUx6M3FzY0c1NklmVFdUb1E?hl=en-US&gl=US&ceid=US%3Aen,CNET,10 hours ago,🛩️ Unmanned Aircraft,https://news.google.com/api/attachments/CC8iK0NnNWpOMGxrVTBaVFZYUnlVMDR5VFJEZ0F4aUFCU2dLTWdhQmdJUW96UUk=-w200-h112-p-df-rw,2025-11-29T06:41:37.191206
Drone Competition to be Held at WHS,https://news.google.com/read/CBMizAFBVV95cUxNNElTX0huQW1LektldHhmZkVVQ0pOcFZiUlVWeFVqT29qVXdVOUExU21GYUNzQkotby1SMWJqbTJwUG80THdLZTY2RmQ1dF83eERmSmZFSW9pa29GWUc4aE1WTkxKT1FTQ1NyY2Y5emF0TDY2YzhtaFpzakFzMS1NYmRLU3JnV0Z6dUJDdi1FQkptUGxIR0dBYU0zZEVGXzhoUWloSTQ0VHY5NHBzZDAxaVlBdi1aYTA1ckdMNExiR0JnMjF3WEtlUUVzMXQ?hl=en-US&gl=US&ceid=US%3Aen,News on the Neck,9 hours ago,🛩️ Unmanned Aircraft,https://news.google.com/api/attachments/CC8iK0NnNWtkRE5CZG5FdFduWmFlV3hhVFJERUF4aW1CU2dLTWdZaFVwYU5KUWc=-w200-h112-p-df-rw,2025-11-29T06:41:37.191209
KRG U.S. Representative Urges U.S. to Speed Up Anti-Drone Aid in Wake of Khor Mor Attack,https://news.google.com/read/CBMiVkFVX3lxTE11Mm1CLTE1VzVLOWFValUwTU1XdE5vQ2VBbERSdXdfYU0yaWRQd19hZkZCQW05b0dqejlCTVBqRXFhTnprVnd6TlpQQmRORlRMVFA2VmJn?hl=en-US&gl=US&ceid=US%3Aen,kurdistan24.net,20 hours ago,🛡️ Counter-Drone,https://news.google.com/api/attachments/CC8iK0NnNHhSekZmWTNRemRWTlhVUzFzVFJDZkF4ampCU2dLTWdhTllaclZLQWc=-w200-h112-p-df-rw,2025-11-29T06:41:37.191211
The Netherlands Orders 100 Anti-drone Radars,https://news.google.com/read/CBMiTEFVX3lxTFB6VkFsRzhMS0J1M2VaTWFWVGhDWG1iMHlTN0YyTnlkd3ZUbm1pY3pkR09ZV0FxdGpWQlNFLVFLLVc2X3VHYTVhSWViOXk?hl=en-US&gl=US&ceid=US%3Aen,Defense Mirror,21 hours ago,🛡️ Counter-Drone,https://news.google.com/api/attachments/CC8iI0NnNTVTVXRWVkVoWk5YWkRkVmd6VFJDM0FSaVRBaWdCTWdB=-w200-h112-p-df-rw,2025-11-29T06:41:37.191214
"Lt Gen Khandare stresses smart tech, vigilance for national safety",https://news.google.com/read/CBMiwgFBVV95cUxPRFRFTjB4SUxSWEZRYW5NNWs5aWxVSXZhMG9YWUt1dXIxc1MxVlhZZC1hQTZtNkxsMFN4SlotcWU3MnNOekstS19vSWFNYlRSeC1KXzBYR0x2aEtwZnZ5Q1pQa09mbFJ1dnJQYkVXY1pDYTFrb3I3V3dudl9Yc3Nxczd4aWRfeWVRMk1JM0kyN2tXRGUzS3ROc3FFV3pfR0JVdkdNb3Nad0ZCaFRHNVE2WDg1NTNSRF9lSTJBTDcyUU0xZ9IBxwFBVV95cUxPSEt5REJGZkpNSUdOTERZeXBpdHVidW5CNjNoWDVESzAwN2xQMlZ6SWE0YWhJRG1tTC1rMnIydkR4U0xLcGRCTTV0R2FOOGNrMDB2VVpzVlRSZUxIcVRwVHdyR1B5SVpiRWlLZGx3c3ljSTJuczZ5RWZVMTFJV0dvN09xUXIyYWJZc2x1WUtlcG1USUZ1QkdQdFR1UG5EU0s2VWlhXy1GdEhSczNfaS0wUVU3ZVFnR01DUnBfSzlPWElzbzBzeUlV?hl=en-US&gl=US&ceid=US%3Aen,The Hans India,3 hours ago,🛡️ Counter-Drone,https://news.google.com/api/attachments/CC8iL0NnNUlSREU1TUU1bFpUbFlhRU5EVFJDZkF4ampCU2dLTWdrQlVKb2dweWd0U1FJ=-w200-h112-p-df-rw,2025-11-29T06:41:37.191216
"“Munir’s Threats Won’t Succeed: Counter-Drone, Air Defence in Place,” Air Marshal Dixit Warns Pakistan",https://news.google.com/read/CBMixAFBVV95cUxNMHpuMzAyWXJRZGRBSmdHNEJhdWEzWmFLRDQxMWNqeTlVY2NZVEhaT1h3OVlTS0NOTXF0X0h4VzlxSjhvRURRc05DYXV0YjFEMHpmMmhOQ2pnRWx5M1Y2cTZWV2U4SVJnRXNGRE1sV1hiMHVZRkp6SUIyWVJuRGxSNzVST0w4Z1FKRFNpSWg1SndZQ01wemNselBQLTlpX2J5bXgzeTZER3NsV3diZWpxeUlNWTU1SkpOSUFSdkJ5YzliVjR6?hl=en-US&gl=US&ceid=US%3Aen,vocal.media,15 hours ago,🛡️ Counter-Drone,https://news.google.com/api/attachments/CC8iL0NnNVpYMDVVV0hCSE1EUnBaRU5RVFJDb0FSaXNBaWdCTWdtSklZN0ZOcVkxelFF=-w200-h112-p-df-rw,2025-11-29T06:41:37.191219
[Special Report] 2000 Octopus drones per month: anti-drone defense is becoming widespread in the armed forces,https://news.google.com/read/CBMiiAFBVV95cUxNbE5wVnJqUVYtaDlmVjFjbDEwVm9JNTh3ZUdoZk85bVRwTkI1NmNOU1ZscGV4b3h4Rnp0STE1X2Ezc0tNMDBBLXdiY0dHSTBBMllVdlVSNzlELU9mT2prbXRHcG9fZ3BwQ1MzWUZEcXVFVDZVMXBCVElzQTdZN19iT0pZei16YjF4?hl=en-US&gl=US&ceid=US%3Aen,Meta-Defense,17 hours ago,🛡️ Drone Defense,https://news.google.com/api/attachments/CC8iI0NnNXNTVmxYYUUxTU9GaE9RV1JNVFJEZ0F4aUFCU2dLTWdB=-w200-h112-p-df-rw,2025-11-29T06:41:37.191222
"Ukraine Strikes Russian Saky Airbase in Crimea, Hits Drone Storage and Air Defenses, Video",https://news.google.com/read/CBMizAFBVV95cUxObjU0X0ZlSTNlY0NpRnhQbTZpOGNhSTB6RklJSG1EY0RHWFo2R3RlbWY1d0stSFVkQ2pMNFpDNkQxa1RNaXZGY01zWHpBUzlPeE9OcUl4U2IxN3d4VnZzQlVGQjlqTEJ5S2V4MjhxRTZGWXUxMXZaN2swdWUzVVRvMHRrTzg0d0ZVdVJ1TVEwNTNaUVlqNU9KZnNsRDRCSnI2UHRRWlAzODFORWJURFhJaVlNUUFfc2Rtcl80Sm01amFjZVBDY050TlAwOGU?hl=en-US&gl=US&ceid=US%3Aen,UNITED24 Media,8 hours ago,🛡️ Drone Defense,https://news.google.com/api/attachments/CC8iJ0NnNTJjVGhhUVc5WldIRjZUMHhwVFJER0F4aWtCU2dLTWdNQkFBVQ=-w200-h112-p-df-rw,2025-11-29T06:41:37.191225
Terma Acquires OSL Technology - Powering a Market-Leading Co,https://news.google.com/read/CBMi7AFBVV95cUxPR3FxSlVZMXdyQks1X0dvU0RaRVFKN3JXeXhleXJzNnNRS2taMHRYU01Tc3pYdFdRamQ0MTlrb2ZabzNKYzdEdW9tRnpIdUczN1lESy14aDZRZ1JJdVd6ZHNMVndZUmZneVhvcS0tcHljVER6VkthaUNMMjJvQWZmMjVTSUlSTTJQQmV1Ni1PTklsenhlaXJ4RS1uOWJyeENGUkRLS01KQ2RpUVY5X0RIS1ptemFfZUR6Z1JHRU1Vb0RlNFNkSVpkU2h5NHBmd2ZVQlMzNVc4Z1BVcjJxXzZCWGhnTjB4a1V1M3M5bg?hl=en-US&gl=US&ceid=US%3Aen,ASDNews,21 hours ago,🛡️ Counter-UAV,https://news.google.com/api/attachments/CC8iJ0NnNXVaMU00YWpkcGNWQkNWMjVPVFJDcUJCaXFCQ2dLTWdNVkl4WQ=-w200-h112-p-df-rw,2025-11-29T06:41:37.191228
India Launches Its First Anti-Drone Toyota Hilux — All You Need To Know,https://news.google.com/read/CBMi3AFBVV95cUxPQ01aaV8yb2VpY2dZdEFXYTF3RjU1RTZMdEtPakxtSURrUXpxRk9pSm9NWGs0YlJzNWhjMlJobnFjTXViNHdEYTJtYXdUSkJyTkNrdWdhZGJtX0M1ekxBUk05TGJjT2Z3aF9Hd1J0WWxyVE51c3BqRjBfZ25Vb1JqckZPMjhlc21iWW1paVBMNkJsam5BalNiZmFldDVoQkxfQThvREVWU2taVEZmenNfRGtPYVBFaVVzTnZRRTJoOGtuWW9PM3N3bWNUZ2lDM1Fma292bGF3NVpJQkxw?hl=en-US&gl=US&ceid=US%3Aen,MSN,10 hours ago,🛡️ Counter-UAV,https://news.google.com/api/attachments/CC8iK0NnNU9UMEpRVjNneU5UWm1kVTh0VFJDZkF4ampCU2dLTWdZUmhJREdaUUU=-w200-h112-p-df-rw,2025-11-29T06:41:37.191230
"India’s Answer To Ukraine’s Ops Spiderweb-Like Attack — Indrajaal Ranger, The Mobile Anti-Drone Patrol Vehicle To Fight UAV Menace",https://news.google.com/read/CBMijAFBVV95cUxPZHBYMVlXeC1qUmhzcWhQMkxUT1FUUjhjMXZQWkd5ZHdTSHp0V2dJR1RENVhyS0hXTjlaMlF3Ui1zdWRzM2hqdWF2RUhWRlZkWGdIQXBsYUdUMzlTTENzVnZnSXBPWlpFU09fcFlSVERYUGVaWTZYcGtvQVRtOEMyZmNEOTJSSEpfdmdJYdIBjAFBVV95cUxPZHBYMVlXeC1qUmhzcWhQMkxUT1FUUjhjMXZQWkd5ZHdTSHp0V2dJR1RENVhyS0hXTjlaMlF3Ui1zdWRzM2hqdWF2RUhWRlZkWGdIQXBsYUdUMzlTTENzVnZnSXBPWlpFU09fcFlSVERYUGVaWTZYcGtvQVRtOEMyZmNEOTJSSEpfdmdJYQ?hl=en-US&gl=US&ceid=US%3Aen,EurAsian Times,19 hours ago,🛡️ Counter-UAV,https://news.google.com/api/attachments/CC8iK0NnNVZhRXhWYVd0MmFubDVjMGhWVFJERUF4aW5CU2dLTWdZaE1JaHN2UVE=-w200-h112-p-df-rw,2025-11-29T06:41:37.191233
ParaZero Reviews Evolving Site Security Requirements in the Drone Era,https://news.google.com/read/CBMivAFBVV95cUxPWmRMdWhCMFZFa25tZ2JjRm8yVGpqZW5KUGpMWVVpU0pCbVVLMkpNeFRRajY2SzZGMGkzREY4UGJETS1ZTFotWTAwUGtyY1RTX3RWcUlHakJoazlwVXFENXJ4eG5sN2NQSkZGVXMyXzc1VWxtbFNvLXNXQ3Iwbl9UcllUcy1uVGJ6NUZDdnZ5UHZhM19hbS1IVGpKcEJTRzhCU3EteVpuR0ZRSjVfV0U5VE82d3pGaWxiME5kZQ?hl=en-US&gl=US&ceid=US%3Aen,Unmanned Systems Technology,23 hours ago,🛡️ Counter-UAV,https://news.google.com/api/attachments/CC8iJ0NnNWhWVFZUU1RGdE1XNVpiaTFWVFJDMkF4aTlCU2dLTWdNRkNCWQ=-w200-h112-p-df-rw,2025-11-29T06:41:37.191236
"Ukrainian Soldiers Step Into ‘Flyswatter,’ Facing Drones Without Leaving the Room",https://news.google.com/read/CBMigAFBVV95cUxQTWEwdndkbTQxVWxqZ0RLcVQ0UjNwZElIYUR2MzAwWktTT2tyeUFuZzFsUUlfaGJWaUdRcGR2WjF0LVNLVUI2S19XcVUzTjJpVlIySFpVbVFlazR4UGVKVk1pRkY4RkVJNHlldTUyQktYOGZ1aGhzSEZZY2hvdWItZtIBhgFBVV95cUxOZU1zbmdUR2tITVBSSWhIQ295TTZKMkkwNnlGYTJ6c0pzRnJyTGhfRVRiZFpyQVJ1VjVndExLQlhkbjFxb3ZhQWdrNFdxeHpIek1qOF9JaWFrSjUtVXY0dkFBWWJ2TVloVnVoN0tNZFhRSFdjOFZSWHV4Mlk5ZW4zUVhMUERrQQ?hl=en-US&gl=US&ceid=US%3Aen,The Defense Post,17 hours ago,🛡️ Counter-UAV,https://news.google.com/api/attachments/CC8iL0NnNUZWbU5oUlhKdlVWTkVSRFJhVFJDZkF4ampCU2dLTWdrbFk0cE90V2FEYVFJ=-w200-h112-p-df-rw,2025-11-29T06:41:37.191239
"The 6 Best Drones For Filmmaking and Flying, Whether You're a Beginner or a Pro",https://news.google.com/read/CBMihgJBVV95cUxQaXhBNF8xZjlTeGRFeGpuS3pFOGJzaWlSaEE1VmVSTUpja210bWdWVkdCN25uZDdsTVNWZVFSQ3JOM3lTMlF4UjhOUDRFU3c2cWdmWWlic1h1OWJGMzJaOHZTOF9qWE1WWE9KcmNZN2g2Nlk5M19GZ0RJS2pybE13Q0RWLVpobThwZG1neFBqQ2xyUnB6bERWeGFiOF9aUFVIQkcySHMwNGhNQ0lRSWFsb2R3LWhYZ2dzX1FkSXZDMkQ3bVduY2R0TnFjNkxyUXV0bEtia3ZNbnhXcWxTLW5HdFI0aUVKZTlDWTJNU1JkT3ZkTmNnN2lUVnhYT3FZcktlU3VUWTdB?hl=en-US&gl=US&ceid=US%3Aen,MSN,3 hours ago,📦 Commercial Drones,https://news.google.com/api/attachments/CC8iK0NnNTJVbk5IVEhOd2RUWm5RMkZYVFJDZkF4anVCQ2dLTWdZcFpaak5LUWc=-w200-h112-p-df-rw,2025-11-29T06:41:37.191242
Is drone terrorism coming to Britain?,https://news.google.com/read/CBMic0FVX3lxTE0xZ2FORHh5YlVtTGhfWWIzQlU2dzk1OXNRMWhWUnBCRWJwYllRYWpYS0lyTk5FU29XX1ZWNW1IUU14dzN2OXJheW56dHc5NEdLZjhFcG9HQnBEUkhZRjNfeWtISVNBQ3BoODlrT3ZnYnYxaUE?hl=en-US&gl=US&ceid=US%3Aen,UnHerd,12 hours ago,📦 Commercial Drones,https://news.google.com/api/attachments/CC8iL0NnNWlOREJXYmtKNFdGWkhjM3BNVFJERUF4aW1CU2dLTWdrQmdJbzVJQ2pZY0FF=-w200-h112-p-df-rw,2025-11-29T06:41:37.191245
Upcoming DJI Ban: The December Deadline That Could Ground America’s Favorite Drones,https://news.google.com/read/CBMivAFBVV95cUxNWGNxWm00X0g1OGpzeWllS3NNRnJKV0xWQ2NKLTZJLS02NDZubmZnYzZFZlVCTWFoMlAydUQ5WDk0dzVnS1Bidmc4YWhnNkZxZ3RxWjYyM3dLVFQydjEtbkRQLVhxRlY5enVpUW12b2U4MGpOUmFXcy1ZaHlRbEhWZXhuckxhRHVmZEN3bHdBdTF6OWhwRjQ0NHNjTU8tNkVneDBGLTZPR0tiaWlWdlI3QmF4NUVlWGZHcWNaTQ?hl=en-US&gl=US&ceid=US%3Aen,Technology Org,20 hours ago,📦 Commercial Drones,https://news.google.com/api/attachments/CC8iL0NnNURWVWRDWTFCdmRrWXdUbXRZVFJERUF4aW1CU2dLTWdrUkJvcUhnbXg3VUFF=-w200-h112-p-df-rw,2025-11-29T06:41:37.191248
One of the Hottest Drone Makers on its M&A Ambitions,https://news.google.com/read/CBMipgFBVV95cUxQV2VVMXFObWZ3NFMtWlI4ZC1qOWlxQl9QNEowcFppN3FoMXN6b21jSXZzZEZoN1N3TE1PTGJTakhoWENuSFNNSTdaX2d4bGkwMGNQcm9ueHdVRkRndFZwREMyNVFzc2U1LW1CY3BIdnlPbnZ5NXlrSmFxdWRtS1FRWnZuS0VJZ1hKNGE2dGlaQ3JYZkF1WXo3M3RjbXN2aEI3c2lMa0Jn?hl=en-US&gl=US&ceid=US%3Aen,Bloomberg.com,15 hours ago,📦 Commercial Drones,https://news.google.com/api/attachments/CC8iK0NnNDFjVXhYY3pJeGQxZHpRVWR2VFJERUF4aW1CU2dLTWdhQmNZeEFxd2c=-w200-h112-p-df-rw,2025-11-29T06:41:37.191250
Amazon Under Fire After Dangerous Drone Delivery,https://news.google.com/read/CBMiiAFBVV95cUxNd04waU9JNEFoN3pBek1aR25iUFVjSDdQLWJoNXlCSjhZaHJ6SHFBd0xTNUxpU1FwMlJLakdrbldvOEctRlVuTDJWWnc0SUtFWUt6ODlwSUFmYVlxenVLR3YzLWpQQlhSczlBT21YdTM5WFFydHpUQTljLThkQURieUxHdTdtNmst?hl=en-US&gl=US&ceid=US%3Aen,Men's Journal,9 hours ago,📦 Drone Delivery,https://news.google.com/api/attachments/CC8iL0NnNU9NamxHU2pOblpHNVBiVmgyVFJDZkF4ampCU2dLTWdtRkFZak14YVNTNHdJ=-w200-h112-p-df-rw,2025-11-29T06:41:37.191253
This Town Is Testing Drone-Delivered Defibrillators. Will It Work?,https://news.google.com/read/CBMingFBVV95cUxPeVRPYWhPOVoxUXVyRlJibnFaZUhqZl9NY1AyVzBlNjNFNU5rNTVUQUFEUlZpSmtJMDhlcEhNVkpVeFJMSkp6Wk9iT1lJdnZpd2huX3dQaDVydm9GSmx3QTBwWXhuX2Q5OE1wbk93OThjY1FQQkFvUE55SUZPMFRpRjgzVFU4OEFzM0xVTTdsUVpfUDdnbGxBSDNCdGhFUQ?hl=en-US&gl=US&ceid=US%3Aen,vice.com,13 hours ago,📦 Drone Delivery,https://news.google.com/api/attachments/CC8iK0NnNWtXVmhHWWxGRlpHNVVhM1I2VFJDTkF4aUZCaWdLTWdZaEpJak5wUVE=-w200-h112-p-df-rw,2025-11-29T06:41:37.191256
The FAA wants answers after Amazon drone downs an internet cable,https://news.google.com/read/CBMihAFBVV95cUxNd291Q2QwMUN1WERxUjNuN3EtR1RzMVBZWmQ2NUk4SFUxaW1yMWtLUWMzMm9lY0JsQWthQjlES3REd3AtaFdTaU55QWhHMGJYNDlLNnZ0cWtQNThfSnpxSVZMdW81aDJ4UkdLcVF1RXIzS2dYb2tCNFNmeDNPRDZkS19WSnk?hl=en-US&gl=US&ceid=US%3Aen,qz.com,18 hours ago,📦 Drone Delivery,https://news.google.com/api/attachments/CC8iK0NnNVhXVk56VWxWZk4xTnRkbmhWVFJERUF4aW1CU2dLTWdZcFlJcXZNQVk=-w200-h112-p-df-rw,2025-11-29T06:41:37.191259
Amazon Faces Second Probe After Its Delivery Drone Downs Internet Cable In Central Texas,https://news.google.com/read/CBMi8gJBVV95cUxQbVpKc1g3N29HNDA2SWFHMjRDS25nTFRGZE5ZMEwwTGFjeUJaazRQcXhnbjNOTWI1eGkzaG9hWWNvTVk2aGRjeTRFV1VSZ2x2enRTLUNjWWZsME00WjdqT3BxdHJFR19IUWRlRFRzeXlpUE9JZ3AxSGVHVDlfRmFQd0tmRWxpZjdnZG9JMm8wZDdkNFFMN05VeHJwRGtVZEY4NE9yeDdoQ0twRlJ2ZTc4UzVPWXVqWWdHWWdpSmtQLWRLcEF4NlBCcWRMTktlanZVWFNEYXRSaFNNVmFKdEdlRTFyRTNVR0ZBcUY0SndfbS0zYXFTSTVKUmZPVXZ1VVE3ZmEzeDNZNFgwYmg2ZWRNMTFGcy15Y3ZfUW5TZE1qMWhRSEltOXZmQ3AxM0hkVnJpQkU3YWYtSzM4SWJYR0ticHhXT0NRTTdYZGVaTTFlcDBFYk1TOHdUcEhramhReVY3OTg2RktON2pWSkFKUUtGenB3?hl=en-US&gl=US&ceid=US%3Aen,MSN,23 hours ago,📦 Drone Delivery,https://news.google.com/api/attachments/CC8iL0NnNDFhMnA2WmxWQlRUSlNNazVLVFJDZkF4ampCU2dLTWdrRklvWktGaXVERWdF=-w200-h112-p-df-rw,2025-11-29T06:41:37.191262
Majority Leader calls for cancellation of drone delivery contract with Zipline,https://news.google.com/read/CBMiowFBVV95cUxQcFZNZW9tRGZvcmNDSGtra1BTNXZrdTcxdlRWYVRSQnByQnV0YkFzb2ZwWWJRazFzcDYxeU9keEVQUF93RmFCNUtJWmRUQnNpdXk1Wm1nU3oyVlctUTJ3cTZvU1lQck5ldHNLTGkyZkp6TXV4dUpFOHhqbDJnM0lrWFNEb1RVN19lUXlRdVJnYjgwbXFLeEJIc3ZFTGdpMU9DdlV3?hl=en-US&gl=US&ceid=US%3Aen,3News,14 hours ago,📦 Drone Delivery,https://news.google.com/api/attachments/CC8iK0NnNXFRbkJyWVUxbWFXdHRRemc0VFJERUF4aW5CU2dLTWdhZGhaTHJNUVk=-w200-h112-p-df-rw,2025-11-29T06:41:37.191264
PRECISE Act reintroduced to boost precision-ag access,https://news.google.com/read/CBMitgFBVV95cUxNVE9jQlhva2cxUHJZVzRYQ0dFbkkxNGJQbmY0SjZZQVR0YWVFNG5nVUYxbWxFeUNsYUI0YTNRNHhqazlEdEdhSTFrZE03TlNYY0E0RlRpY0stb1RwX2xUcFB4S0pJRW9oMVJQMjI1eVR3aWRUdU9WQXVaMDdkNzRRaklsSklxMFZvNkI0aFpNeXhCSTNRbjRCV01EeUtLUmgtS3dyXzlVaDRuSTRyYzFTUkh3NjdYQQ?hl=en-US&gl=US&ceid=US%3Aen,National Hog Farmer,15 hours ago,🚜 Agricultural Drones,https://news.google.com/api/attachments/CC8iK0NnNWhORFp2YXkxd01FeE5ORVZ3VFJDZkF4ampCU2dLTWdhQlFZald6QU0=-w200-h112-p-df-rw,2025-11-29T06:41:37.191267
Four Cars Impacted In Mexico After Improvised Device Explodes In Sinaloa Law Enforcement Facility,https://news.google.com/read/CBMiwwFBVV95cUxNMnpvSWxmM2xzTDItbzFLNEJZUzV0bEd5eFdwbVh0OV9pWEFtRTRHVWgtNlN4aU95STIwb2RBTXBFR1ZkaEtkNU1pX29ZbEZyVVduemY4YXNHc3BXd0NidXZQX0JtSGhVcHZBNXF2NktRTk1HNTFaYzY1anlBeGUzLVdKZlNmRWlybENFWk9lU21pQm52THZ6c014YzFVc0RPNWtWSFBpMkhuRkp0bVNiWWV2Ql9yVWtpZ2FJQThWaHFvUDQ?hl=en-US&gl=US&ceid=US%3Aen,Latin Times,16 hours ago,🚜 Agricultural Drones,https://news.google.com/api/attachments/CC8iK0NnNWhlbFJrVWtkVFJuSjNNVGd0VFJERUF4aW5CU2dLTWdZQmdJcUR0Z1E=-w200-h112-p-df-rw,2025-11-29T06:41:37.191270
Man killed by enemy FPV drone strike in Kharkiv region,https://news.google.com/read/CBMipwFBVV95cUxPdW5IMHYyaXFmRm9reENkMkNHeE1XRHN0SEtaVTQtWEVHVFdpUTRxSjExdmp2b3hCd2ZFZGN1NWV3M0NPMHY2SFJMWFZSOTJiNTlVWFBCZmFBT0RYMGtCTS03QXVrbEJTSmN6bDc0N1RZUFBqa1lhVlFHejl5dmdxa3hDWk8xUXhFZVhQYmpiOVFDTEtQaFN2SVVJVTZMMVZIbDZKOWZWQdIBrAFBVV95cUxNNWw0c1huZVNTcU5lekwyT1RjUUdNSDJSb0JPME8wMmxjd2ppaC16cEp6RVJpZlBmc0thQUhQYlg1SzNmVFFHV2RmTFpFXzVTaUdKdGRBYW9pbkRkQmxQdWtJc3BQbXVwaUpCVU9fdGI4NFVDdmptQXhKcUljajBPNGZCX2JkeDVKUFRoNElFVGpwd1gyODlmQjJuVFBtLVJuQ25uN3NmSnhlZkVJ?hl=en-US&gl=US&ceid=US%3Aen,Ukrinform,17 hours ago,🚜 Agricultural Drones,https://news.google.com/api/attachments/CC8iK0NnNXVVakpUVWtwYVZsQTJTMjV5VFJEY0FoamlCQ2dLTWdZQllvcVFzUWM=-w200-h112-p-df-rw,2025-11-29T06:41:37.191273
Ondas Holdings: Cautiously Bullish On Explosive Revenue Growth (NASDAQ:ONDS),https://news.google.com/read/CBMipAFBVV95cUxOUXVqUURhMmk4Zkg3VlNIZVhXWFRrdU8xM25FcElXRWZxVnJFdFpPM2FCZFJ3QmhHQ1hLVGpwLUJqYnpaWVBHWHFQWGxZZHg1TGdwNlVrZXdaV3dzNzlEeTM4V2xYTDZVVVl4bTJ5Sk5nQU9xbHRCWE45QmVZcDVjb2Q4R1BHdndUTHFVWUVKU3NTYkl4UFdwNVAwYUFBdzlYUEtYag?hl=en-US&gl=US&ceid=US%3Aen,Seeking Alpha,15 hours ago,🚜 Agricultural Drones,https://news.google.com/api/attachments/CC8iK0NnNTFUV2RqYlRJeWEwNWpZamxOVFJDa0F4ajJCQ2dLTWdZWms1Qkx0UVk=-w200-h112-p-df-rw,2025-11-29T06:41:37.191276
Chernihiv Police Safely Neutralize Unexploded Drone Warhead,https://news.google.com/read/CBMilwFBVV95cUxPcUl3NDVRYjhfTG82WnFMWndxWk00WDgtN1RnWklLNllObTdzZTBGcGRIc3JtalZSYlJzcldXUmpkNGlFMFZqeXlJOU91YmFfSWJrWGF6MHhmYkJUSDNxQXc0TTd0QjRnTlVTN0Myd1BJSjhLZTR4ZnJUdjZUSEFxLW9HVHplREpWUDVGTFJ1NF81Q3Bnai1V0gGXAUFVX3lxTE9xSXc0NVFiOF9MbzZacUxad3FaTTRYOC03VGdaSUs2WU5tN3NlMEZwZEhzcm1qVlJiUnNyV1dSamQ0aUUwVmp5eUk5T3ViYV9JYmtYYXoweGZiQlRIM3FBdzRNN3RCNGdOVVM3QzJ3UElKOEtlNHhmclR2NlRIQXEtb0dUemVESlZQNUZMUnU0XzVDcGdqLVU?hl=en-US&gl=US&ceid=US%3Aen,mezha.net,5 hours ago,🚜 Agricultural Drones,https://news.google.com/api/attachments/CC8iK0NnNWphR0prV0VWM2NubzBSWFEwVFJEb0FoajJCQ2dLTWdhQllwYUhxUWM=-w200-h112-p-df-rw,2025-11-29T06:41:37.191279
My 3rd trip to India in 3 years | Bill Gates,https://news.google.com/read/CBMiiAFBVV95cUxNV096cWxlRDI5ZlhoRXdXYlB5RFFLdWc4UWxiYktqSEIwa3dQMWppWlhkZE5FRjNpQ0J1bGo2NDR6NU9oblpyMndTdVpKbG12RDVnclc5UTAtNkN4Mk83aUE2Mmc5ZFllTHVFRGJoU0NrUVJ2UUNsYnhyZngyVEtrTXNBOV9yMzhU?hl=en-US&gl=US&ceid=US%3Aen,gatesnotes.com,19 hours ago,🚜 Agricultural Drones,https://news.google.com/api/attachments/CC8iK0NnNXBUME01TVhkYVlrOTBZMGwxVFJETkJCaUlCQ2dLTWdhdFk1SnZxUWM=-w200-h112-p-df-rw,2025-11-29T06:41:37.191282
CAAT collaborates with drone distributors to assist flood victims in Hat Yai,https://news.google.com/read/CBMiYkFVX3lxTE1zdXpvdEgwWkZGaU8wZEx2RGtQOFZSb3dvUGZsUFU4bHo5cllQRUh3ckJ1T2kwdXRGRzdROHNHOU9JdVdCMExxSmxFbi1wS0RhVG15S0l5VVpCdDlhZVpNbzZn?hl=en-US&gl=US&ceid=US%3Aen,Nation Thailand,23 hours ago,🚜 Agricultural Drones,https://news.google.com/api/attachments/CC8iK0NnNUNlVkZXWVZoQlIwUTNSbk10VFJDZkF4ampCU2dLTWdZQlE1U0ZMUWs=-w200-h112-p-df-rw,2025-11-29T06:41:37.191285
Can AI and drones protect Nigeria’s school children? UrSafe thinks so,https://news.google.com/read/CBMimwFBVV95cUxPSUVPQXVrZnNXWXRHZ3NYMXp2TDVrd1htb3h0TVJyTnhZRjNnVGhENkRrTzQ3dmxaRkNOQUNfUW5hbW5TZkFDcGllczN3S0RZUFNIcUxUYVlMcVRVWVRQaGxzV1h6YlBTMWdPd3hOaW5aMU5ZWnBIUG9DbDFSbWU1QmNZb0NhdnRNNXhrYU5tWVZ6bjU2NWFPSDAyQQ?hl=en-US&gl=US&ceid=US%3Aen,TechCabal,21 hours ago,📋 Drone Regulation,https://news.google.com/api/attachments/CC8iK0NnNVhUa1pLYldkeU0wOTBXV2RoVFJDZkF4ampCU2dLTWdZQm80YXROUVU=-w200-h112-p-df-rw,2025-11-29T06:41:37.191288
"AIM Robotics / RPAS Wilco Launch 'Wilcoin' Reward System, Allocates $1 Million to Canadian Drone Users",https://news.google.com/read/CBMixAFBVV95cUxPZ09RNEN2cWxHRjVnRnR2WkhFa21LZlNvYl9MR0xyUExmcVB4NkVIaUNDeFlzSVZ6ZGVEdG1HSkxpdUlUZkR6Rmp4Q3plVTg3UnZiRVNISmk3Qnl1VFhTT0F6SGQweVpqQnNlRG9rYU9CZzFQMzhyTnhaYTllSFluOXR6Vk13MXE5ZWk3YmpnbW81VFdrbi12VXVRdEtkeXNnMTI4czZxUmtOZmJsNS03LXdYWU1WTmdza0w5aFdlNU5rOGM1?hl=en-US&gl=US&ceid=US%3Aen,AiThority,22 hours ago,📋 Drone Regulation,https://news.google.com/api/attachments/CC8iK0NnNVJTRnB3YzAxc1RWcExUMFpMVFJERUF4aW1CU2dLTWdZVklvaEhsZ2s=-w200-h112-p-df-rw,2025-11-29T06:41:37.191291
Beijing passes new regulations to protect Great Wall,https://news.google.com/read/CBMifEFVX3lxTFBkWG5QbGRUall5ZkNqTk9WdDhTeUYzTHlGd3JhbFNiRWpJdkUxak9Fb3ItckVDZHFqdXVBOEF3NXFOU3JmSWk4LUI0eXNRZWdyZ0FMaGIteUpxQXVqcUIybmNLdGJKZTJlbVF0TUl3MDZ3M3VGOGNBS01QRGo?hl=en-US&gl=US&ceid=US%3Aen,Xinhua,19 hours ago,📋 Drone Regulation,https://news.google.com/api/attachments/CC8iJ0NnNVpNM052VDBGSlQxbG5iM0ZTVFJDb0FSaXJBaWdCTWdNMXNRWQ=-w200-h112-p-df-rw,2025-11-29T06:41:37.191293
FAA investigating Amazon after Texas drone mishap,https://news.google.com/read/CBMihwFBVV95cUxNNVp6Rm4xVmk2b3NhWk50Nk10cXYyT25TSDl5MjZqdmtlbUFXOWNXdUdnMGx5UGpOZFJBQXFBaDM4YlFzSHk2Q21WOXVxV0lWMEsxNTNoUE9kb19YanlQUm12bU9seXhUQWJfUU5ySThva1dtVkFiUVYwMVBWQnZ4VU9FOGlGaWM?hl=en-US&gl=US&ceid=US%3Aen,AOL.com,6 hours ago,📋 FAA Drone,https://news.google.com/api/attachments/CC8iK0NnNW1UMjB5T0VsS1pUSkRhVkppVFJEbkFoaUFCU2dLTWdhUllaUUpyUWM=-w200-h112-p-df-rw,2025-11-29T06:41:37.191296
Frisco Greenlights $427K Drone Fleet to Patrol City Skies,https://news.google.com/read/CBMijwFBVV95cUxOYnpTZkY0cEFjM2FtY28ycTJFMGlYdXVJN3RLS28tb3dTNU43d3Z5TDB1R2I5OWhNXzNVNG9WRktmVUt0OTZHTnhEdF9UaUlXR0RaT2VGblZkenNPd2VWXzAxS0p4WEhiUGFhZUNPZC1iMW9SUXhvc051UmJSYW4yR2xqeENxck1KRDVQN1VnMA?hl=en-US&gl=US&ceid=US%3Aen,Hoodline,13 hours ago,📋 FAA Drone,https://news.google.com/api/attachments/CC8iK0NnNW1aRVpHZVRrMU1FeG9la3BqVFJDckFSaW5BaWdCTWdZcFZaS3RLUWM=-w200-h112-p-df-rw,2025-11-29T06:41:37.191299
Precision drone attack wipes out Russian positions on southern front,https://news.google.com/read/CBMiugFBVV95cUxPZWQ5U3NWTHZEamUtRnFhbXBCaU0yMC1hMzhWVEprZ21heHF5YVgwaHlPbUNwSU5GYnZ5UFdwcm00N0FXN1d1M2QzLUhxZk1tdWV3ZUNuWXNZNDVZS1VoTTdaZDdWY2FYZXhVclVpUklyY3ZrX0tRa3hULXZRcklLRDBBbk4wV3ZwekFQN0drRVVqTi1uSDZ5VEdpeXdXLXBZN2R6Rnlzc3pnNlJ3bWdsOE5hZXI0RzZYQ2fSAb8BQVVfeXFMUGFkWllyZnlUOXFxMURFbzB2NjhEdWdmS2FkVUkzbDlVbXAzeUtwRTIzYkV5cjgtXzhFYWJ4UDRqeHlHbWlZR2xSOEl3ZkxrUmVLQUlDM1JOVE4zMEFDLUcwWENIMjFtTlFJZkVHUTNYWTVBZDIwbTJZdS1pYXJhRVQ0SmtLRHBYNzk3MWo0Y3hDZjUyeTVWZXh4WWFOWGN5M29OOFZERHF3U2Vic3p2ZGMzQ0J1b3RSR2FIQkZsakU?hl=en-US&gl=US&ceid=US%3Aen,Ukrinform,1 hour ago,🎮 FPV Drones,https://news.google.com/api/attachments/CC8iK0NnNUlXR0paV2xabkxXMTFXVWQ1VFJEb0FoajJCQ2dLTWdhQklvcU1MUVk=-w200-h112-p-df-rw,2025-11-29T06:41:37.191302
Ukrainian Border Guard FPV Drones Destroy Russian Positions on Southern Front,https://news.google.com/read/CBMiqgFBVV95cUxPWXFnU29iMUpjZGNfM3dNTXBzdXVWcnZXY0RJNFV1TDlsWk5sbTc1dTBxUEQwRWZnU0RYSXByUEhoaHNjZHkybmpmTjVxWkZhQjhBUFpvWk5VbWFSMThuSVdxUTRIM1A2Umktc0FLdUVTTDVaS2pfUmJFcnNGeEpJdTRFMDZ1RXE4cjQzZGp1bWdWSWJjWE9VWTBCSTBkYm9xb25UOUlIenhrd9IBrwFBVV95cUxQYzh1RHF3RUhUdkdNWnl1SFZ4SGZTemh2dmZKYjNrZDFBY2pNOWNtTEFUUzE2TGxxMTVQc2ZHVXc0V21mTGJrNkhIT0dGLVVvUzVjMUhDeklzaWpHVXNsZldGVC1aRzFoSXJFSVFYTkhvWUxVczJmekhuTDFSeDRQRmxwb1dqdFIxV09MU1FJLVVHSXFBWlFHaEItRGpaUGg1M1E3TG5XdVE1Y0NTdWZJ?hl=en-US&gl=US&ceid=US%3Aen,mezha.net,58 minutes ago,🎮 FPV Drones,https://news.google.com/api/attachments/CC8iK0NnNVNjRVJyUkRWdmJHZGlUelJEVFJEb0FoajJCQ2dLTWdZQklvcU5MUVk=-w200-h112-p-df-rw,2025-11-29T06:41:37.191305
"Ukraine Delivers 100,000 FPV Drones Through DOT‑Chain Defence",https://news.google.com/read/CBMifkFVX3lxTE05OHpWcWlYVzRLT3d4eUFTcDBjNmoydWQ5YWRxUHg1aWd4eURQNFRxdnh0X1dSeHZzeUxaODllVDVOQWc0M2FBN21ISkV3WkdRaGFzTHduYm5NU3ZmcmRzYnhtOEhlQ2JNRDBYQXptWVFuY3Y1S3gyQUx6MTBxZ9IBgwFBVV95cUxOdmZSZDZoeHB3RHRqNktHMF90c1Y2aEROWGRxT3hVMUlQVW5PX0tNb3ZxcHA1aTQ2WWkyS1dJeS1jclVmdDY5UnlZWG5BSUFtY3BhTlNsYkJtbUNYUUppdGlJMnJlT0g5SkN6OWlfNlY5WVpfbXVoc25tNnRzek9YQmtwWQ?hl=en-US&gl=US&ceid=US%3Aen,The Defense Post,20 hours ago,🎮 FPV Drones,https://news.google.com/api/attachments/CC8iK0NnNVJSVm8wVm0xS00yNVVha2RZVFJDZkF4ampCU2dLTWdhVk00cHFGZ28=-w200-h112-p-df-rw,2025-11-29T06:41:37.191307
Two civilians killed in Russian FPV drone attacks on Kharkiv Oblast,https://news.google.com/read/CBMiiwFBVV95cUxOVWlXMGFzbWRNTUo0NXJocWFzY1V0ZHRnRnRZLUNXVlRkMlVKVEpWTFRjVmRIZjhPRGIzOElGa0IyeDZ4eVlrNlV5UlBOUDB0cE5ra0h0QjJodXotdGE1Rzd2dmRmUF9KQmc3Y21ZZWVETWdUMDRjTERzdS1RZnRtd3o0ZVMyWGh2cy1R?hl=en-US&gl=US&ceid=US%3Aen,Yahoo,15 hours ago,🎮 FPV Drones,"https://encrypted-tbn1.gstatic.com/faviconV2?url=https://www.yahoo.com&client=NEWS_360&size=96&type=FAVICON&fallback_opts=TYPE,SIZE,URL",2025-11-29T06:41:37.191310
New DJI Neo 2 drone firmware adds manual FPV mode,https://news.google.com/read/CBMiYkFVX3lxTE1RU0d5UjhLN29hVzV0U3c2XzZLenVxSHBtc253S0dYbGhIUXYxeE04OHcyMFB3eFcyQUFtb0JwVGVIM21wZUtyWTl1VmJDdi1RMW9hVVZETFlHZUczdWthb25B?hl=en-US&gl=US&ceid=US%3Aen,DroneDJ,23 hours ago,🎮 FPV Drones,https://news.google.com/api/attachments/CC8iK0NnNDRkMWxQTkRRdFdrTnhTalV6VFJDdUF4aktCU2dLTWdhaGhJaXNNUVk=-w200-h112-p-df-rw,2025-11-29T06:41:37.191313
Ukrainians are pushing small quadcopters to attack nearly 40 miles behind enemy lines,https://news.google.com/read/CBMikAFBVV95cUxONVU2QmdZdXozYXRYODNJend0Q1dHVUZNZWZoYWxFX0dRUXIwcmdtOWEzOHhKNTlPYVl5T29ZU1c3QS0yUURsVTJKUGhTSHQzVUJfbGYxaERGRGRqYUQ0VHJhR1RDS2EzNUFtTlhwSDFKSnNGVFVkNkptTU56Wm1BbzJ3ZjQ4cVVZTW4zYkhKMjU?hl=en-US&gl=US&ceid=US%3Aen,AOL.com,10 hours ago,🎮 FPV Drones,https://news.google.com/api/attachments/CC8iI0NnNHdWRmt0ZERCa2FVSTVTM1ZOVFJEZ0F4aUFCU2dLTWdB=-w200-h112-p-df-rw,2025-11-29T06:41:37.191315
Inside Ukrainian city that becomes 'human safari' as Russian drones target civilians,https://news.google.com/read/CBMisAFBVV95cUxQU05Wb3k3a01WVmlVZG50YmwxdlZVbEZIOEJpQWNtakVoUlhUQkllSGxzZ3YzQk5PMGNYREYtZGh0NGYyeHAwSVhhdDctaDlNbTlaNVdDdDJTdEpCblFmWTVCMktxbzNIdS1kVlE0ekNtZ01wd0owdzRpR2lfc3EzQkd6Z19LNE1QQ09XZ3ZnU1VENUJxaTE3SXByMGxGeGFsRTk5QzdFNHVEcHVqZ3AyNdIBtgFBVV95cUxPaXltRzB6OG0wanhfYUNrMzc5Z1pzWnE1U2RaUTZ4TG9qem5CNS1ZNzRPT211dFF5Q3BiTWRtUzRyYTNuSDdfYkRIVDdqeFlQOC1ENEd1V1B0V081c19NVVlfVkp3aGQzcHJZeUpReHBPVndYMkNQcWVuYVRoT2IxcVVzMnM4TTFpVXFZbS1qdU9JMHFvS2tBZWw3cnY5T2l2eUdCV08zOTNfdGUzLWYtVTJLYzBCdw?hl=en-US&gl=US&ceid=US%3Aen,Daily Express US,12 hours ago,🎮 FPV Drones,https://news.google.com/api/attachments/CC8iK0NnNTNNRGhIYUVWbFpGTkpha3d6VFJDUkF4ajhCU2dLTWdZQmtZYVJPUWM=-w200-h112-p-df-rw,2025-11-29T06:41:37.191318
Guard injured in ‘quadcopter attack’ on MPA’s house,https://news.google.com/read/CBMiSEFVX3lxTE9BRFBEMkVXUzFsaFpBV25neFRobWI1dDZ4VmI4SExyeGJURThXYTNPbWM2dnltRzNFSV9qWmpla1R6U3liZ292ONIBTkFVX3lxTE1GVkZPSDJ3ckNITDFlWnE1YWVLMkVmdWV4T3BhQTU4WW5wU3hGWUZvYk1JWjNVVTZ2Z0x1c3pKT2ZLRnFWaE9hZ3VkUmJpUQ?hl=en-US&gl=US&ceid=US%3Aen,Dawn,6 hours ago,🚁 Quadcopters,https://news.google.com/api/attachments/CC8iJ0NnNXhWV1pmVlhnNVUyUnNkeTFIVFJDdEF4akxCU2dLTWdNQm9BWQ=-w200-h112-p-df-rw,2025-11-29T06:41:37.191321
Kilmarnock Academy win 10th annual RTX Quadcopter Challenge 2025,https://news.google.com/read/CBMinwFBVV95cUxOWk14eHAxX2FlYzJ6Y29mdHFyUXJNV0tJdjg3MmlYQmRwT0VES0hzYXkyeFFRZ0JkU0lvM25DR242NkpFbEs4cUswV0JNZDRPYmZla2JhR1FnNmxwYU1ScmNZcWl5azF2RHFwQkQxay1HcUdGVzFhOGc4LVlhcHRJZ2lqenh1QjhRSE85UWNtRGxRdk1vTkpUNlNFbUxDaXM?hl=en-US&gl=US&ceid=US%3Aen,ADS Advance,20 hours ago,🚁 Quadcopters,https://news.google.com/api/attachments/CC8iMkNnNDRSRWxTYkVSblkyazRlRlJrVFJETEFSajRBU2dCTWdzUklJNFFtV2N1N0xuZ2tn=-w200-h112-p-df-rw,2025-11-29T06:41:37.191324
PTI’s MPA says his Bajaur home targeted in drone attack; one Injured,https://news.google.com/read/CBMisAFBVV95cUxPY1BqWVRyc21NVUFFRFlaRkNtSlNKbkVNTXBLcG9LY1FCcTJRc1VLN25JQzhFRmltRXFqWTM5ZE5MeXFLTVFjMU9VWklrNkFreFdzODZGaFhBcnR4RlBpalZpWmoyeS1oYVRBQldFeC1rQy1mSFJkUUY1ckdGV3IyVGI2NU5NRFVBdVpUZlJmUGtPR2ZHYnlGd0NoMG42YXdBTW45ZWxpVzRUZlZiVEtrbQ?hl=en-US&gl=US&ceid=US%3Aen,Pakistan Today,12 hours ago,🚁 Quadcopters,https://news.google.com/api/attachments/CC8iK0NnNUtZV1o1Y1d0YWRGVjVla1JVVFJERUF4aW1CU2dLTWdZcFE0WXlJUWs=-w200-h112-p-df-rw,2025-11-29T06:41:37.191327
"DRONE VOLT achieves record results at MILIPOL and confirms its leadership in drone solutions for security,…",https://news.google.com/read/CBMiiwJBVV95cUxNYzBUekluc0wyVGNZQkFjeUwwZElVR0o4clphMjhQcEhQUThiZmR3em92cF9ZUzZGRmVIWkhYNTcxcWppM0hrQ2JPQm40bkpYSjVlYjNtMW80cXJsWHpjdVhyYlgzSDJmU1FETy1xSGFvX2ZaVEtBdmVRSUgyS2JESUZ0S2J3M1JTQXhyNjJIMXlydUJRU3p1RVlrcHhTSU05OTFqQk42Rm5iY1RxQ0xQbjVkVVhidm43M19XS193MWZta01tUDZ4VUR3ekxKbEZqOWpELU5zQWM5d2J1M1A2QW5TWEY4azZUUjBYaXozbTNNY3ZhaXBQMEtBTF8ydGhrOEF6TWtxUG9TckHSAYsCQVVfeXFMTWMwVHpJbnNMMlRjWUJBY3lMMGRJVUdKOHJaYTI4UHBIUFE4YmZkd3pvdnBfWVM2RkZlSFpIWDU3MXFqaTNIa0NiT0JuNG5KWEo1ZWIzbTFvNHFybFh6Y3VYcmJYM0gyZlNRRE8tcUhhb19mWlRLQXZlUUlIMktiRElGdEtidzNSU0F4cjYySDF5cnVCUVN6dUVZa3B4U0lNOTkxakJONkZuYmNUcUNMUG41ZFVYYnZuNzNfV0tfdzFmbWtNbVA2eFVEd3pMSmxGajlqRC1Oc0FjOXdidTNQNkFuU1hGOGs2VFIwWGl6M20zTWN2YWlwUDBLQUxfMnRoazhBek1rcVBvU3JB?hl=en-US&gl=US&ceid=US%3Aen,Actusnews,17 hours ago,🚁 VTOL Drones,"https://encrypted-tbn2.gstatic.com/faviconV2?url=https://www.actusnews.com&client=NEWS_360&size=96&type=FAVICON&fallback_opts=TYPE,SIZE,URL",2025-11-29T06:41:37.191329
Autonomy’s New Fighter: Innovation or Reckless Leap?,https://news.google.com/read/CBMiiwFBVV95cUxPb2pZeTdLQmxVQS1lVWM4S3pEdEx0aGtUMUtIWldXRTVYVGg3aUxibGlTd3hEQjRRUWNIV2cwandidGg2UUJaUC1ZV09RZlBmWlA1UUpLdFZjQU53bkV5TTVoMmQ3dDdyZDN4aExYSTFuN0VycWRUVjQtOHB6aFhJajBibHp1R3VrbzFN?hl=en-US&gl=US&ceid=US%3Aen,The Diplomatic Insight,46 minutes ago,🚁 VTOL Drones,https://news.google.com/api/attachments/CC8iK0NnNVdWbGR0TnpFemNrdEJkVWhYVFJDZkF4ampCU2dLTWdZbHc0NVBRUVU=-w200-h112-p-df-rw,2025-11-29T06:41:37.191332
Drone Volt Shares Surge Following Positive Feedback from Milipol Trade Show,https://news.google.com/read/CBMixwFBVV95cUxOSDU3YUVBQmlsMkZSekczWDE2T1U3N2FKM290MmZOa1lEVnpxRURyQzRrd0U1bmU4ejVjVEpqOEJ3aTdmWGlDRC1jRG9maUZZeGdBa0ZZV2tDam5DUjRFcTJ4c3Y3WFplZ3V6TW1iSHFlWFNVQkxTQUlnbHd5VWw1cVF4Y0o5TlIyalZtRDB2SlVDY0NGMGxPM0djb09yQVhhZW9tNDVoZ0xINzRfYzZyRXlmMXRxQjBjTm1QNzBDQ3RrR1hJdURv?hl=en-US&gl=US&ceid=US%3Aen,MarketScreener,19 hours ago,🚁 VTOL Drones,https://news.google.com/api/attachments/CC8iL0NnNUtkbkJIT0hOb1EzRlNRVUZYVFJDZkF4ampCU2dLTWdrQmdJU3N2ZUkwTWdF=-w200-h112-p-df-rw,2025-11-29T06:41:37.191335
General Chereshnya copied Wild Hornets’ interceptor drone: what company says,https://news.google.com/read/CBMinwFBVV95cUxNcW5XV3dfUXpPbDMyY0VQQjd2eUt1dlpxZW5ZcHVmTHdsS0RrZ21rWkVxRHl1c0JkcUxOY1R0UlFjcExfVkJsTHZGOU5HVXNlTHpkdkdsZGpNWDE4X25iUktsbEJVcVdmd1FCcXhlaDI4MkFQa2E2YnBha1liVFl6UmF3UGY2QUQza1hSXzBwRGFhZUlESFhJX3JfOWUtSzg?hl=en-US&gl=US&ceid=US%3Aen,Цензор.НЕТ,11 hours ago,🚁 VTOL Drones,https://news.google.com/api/attachments/CC8iK0NnNUNkamhzVEVkZlVrcFJkRzlEVFJERUF4aW1CU2dLTWdhSk1JZ3NQUVE=-w200-h112-p-df-rw,2025-11-29T06:41:37.191338
"Hegseth order on first Caribbean boat strike, officials say: Kill them all",https://news.google.com/read/CBMipwFBVV95cUxNSzFhMlhYcEM5Z2dQR21EZzFTMFFSX0JkaHhqcWRONnpDZ1pQZ2Z5Z1E4WE5BVGlMakNFdDZYVVlnakZRRGxwNmVvSnhLdk9ONFFhNjZLenZOZGFLQlZLNVg0N1ExU1llYlBCT1huVTMtMmVEZ1NnQkZwZFAybXR6S2VpeFUwV3RseHFqc0JpLTBjeGRqcXBvRXg5Z1IxWnZsTXhpcWliZw?hl=en-US&gl=US&ceid=US%3Aen,The Washington Post,31 minutes ago,👁️ Surveillance Drones,https://news.google.com/api/attachments/CC8iL0NnNHRablpTWldwWE4zVnBUMjFIVFJERUF4aW1CU2dLTWdrQkFJVG5KR1pNVkFF=-w200-h112-p-df-rw,2025-11-29T06:41:37.191340
"Shark attack highlights need for remote first aid kits, drone surveillance",https://news.google.com/read/CBMirgFBVV95cUxNMlA5U0lYeXRZbHhtcGZSRFhkcHFNQW9MWXJzTW04ejFVVjExb0tmdTgteUJyNFJ2WHlTbEQ2bWwwWnNzY2h1YUFVRElweVRuZWVFNkp3eXMzQ3hGN05VX2ZNUHVmS2VtZms2dm5Xc1VxUFZ2VHRRR3BHZHVoVnduX1g2U2d6SF9FNE1tU1BMaE5xUTRpZHR1OVAxQmJkZzlwbDQ4eFUxcl9sTkpOMmc?hl=en-US&gl=US&ceid=US%3Aen,abc.net.au,10 hours ago,👁️ Surveillance Drones,https://news.google.com/api/attachments/CC8iK0NnNWhWbFpKWHpOM2NYTktjbk5IVFJDZkF4amlCU2dLTWdZQmNJNWpNd2M=-w200-h112-p-df-rw,2025-11-29T06:41:37.191343
Australia Boosts PH Drone Capabilities for Maritime Surveillance,https://news.google.com/read/CBMipgFBVV95cUxNWU54TVFzTG9RZVNTZFMtT0lyYVJJNVdrTFgzcUtldUdWZkVHZFdFWk5xaU5hUG9YNHV2RkpLY1VJSXgyTGUxbncwOUZIVWZOeFN4Q2tQSWRBajJSdU5SRVk1dHpRS2d5NE1ZWGZkUFQyWFkzNm1IVjZFRVVlR21WU3pxWkpibnM4NlFmQ19Yc0JLemQzbDJLQnZWV0dXVTJ0MWVZdHRR?hl=en-US&gl=US&ceid=US%3Aen,thephilbiznews,7 hours ago,👁️ Surveillance Drones,https://news.google.com/api/attachments/CC8iK0NnNWZVbXRhZG1SVE1FWmFRV3RuVFJERUF4aW1CU2dLTWdhRmtKWlJPUWc=-w200-h112-p-df-rw,2025-11-29T06:41:37.191346
Ukrainian border guards get ‘high-tech’ drone system from Poland,https://news.google.com/read/CBMijAFBVV95cUxPODBjb3JiTE9ja2NWdkpIVFJXdjZ0ejU1UzhRbDJtbVlva25KRi1RNWdlNFpNWl9hcmFRdVNCVlA4MkZmYmdNX1JlTnlDY2p2YVdReTBPVjZRVE1OTlNDdDhoS2dEX245Tno0Nl9FMnR4NERMc25GbGt0Q3pYMDIxdk5fVl9xb0hCazRDQQ?hl=en-US&gl=US&ceid=US%3Aen,TVP World,22 hours ago,👁️ Surveillance Drones,https://news.google.com/api/attachments/CC8iK0NnNWtNbTVvUmxKM2JrVlRTMkZsVFJDZkF4ampCU2dLTWdZbFJZcXZtUWc=-w200-h112-p-df-rw,2025-11-29T06:41:37.191349
US Deploys MQ-9A Reapers to Philippines,https://news.google.com/read/CBMic0FVX3lxTFBLUldfcjdITlR2TlVqeGR1VElaSVRQNldMdjREWUdaaDV5WkgzUmkyb040NWxPeEcxV2VyRWZIdTBpdWczYkZMdkJMMlF1a0VPaXRvZlNYcDVTbG9vRmpTM0N6c2llZGtreEV2bzAxbGtpdnM?hl=en-US&gl=US&ceid=US%3Aen,DEFCROS News,13 hours ago,🇺🇸 Reaper Drone,https://news.google.com/api/attachments/CC8iI0NnNXJkRFpzWW5kMU4xRkhXamxpVFJDUkF4allCQ2dLTWdB=-w200-h112-p-df-rw,2025-11-29T06:41:37.191352
"Tie-up with US firm will help India build high-tech UAVs faster, boost defence ecosystem: L&T",https://news.google.com/read/CBMi9gFBVV95cUxNYnBFd2NNZTdIMHhGMWZfR0ZsdldVejNWdWZUSy1sdklsUl80X2xQdzlVbU4wZy1DNWVwMTNQQnBKVElCS0xVNVFEV0stZHlUQmJmRWQ4eWFjNWJuZ25sNndjOUctOTllQ0ZDOTlrOHc3aGZoNUFPSFpiWW82TURmV0JGWjJpV3l4ZW5ZWHBJd090VjR2YTU0RE81VDlyVkQ2M1VCYmdfckx1LVJIazEwUVAwQkRCWHVnQU90Y3dXZy1ybENCQ2lkU0cteDJvOWNCal9Gam5nTGVPR09rR3hId0Iyd3RKMkpuYzVqdTFiel9HeGR3THfSAfYBQVVfeXFMTWJwRXdjTWU3SDB4RjFmX0dGbHZXVXozVnVmVEstbHZJbFJfNF9sUHc5VW1OMGctQzVlcDEzUEJwSlRJQktMVTVRRFdLLWR5VEJiZkVkOHlhYzVibmdubDZ3YzlHLTk5ZUNGQzk5azh3N2hmaDVBT0haYllvNk1EZldCRloyaVd5eGVuWVhwSXdPdFY0dmE1NERPNVQ5clZENjNVQmJnX3JMdS1SSGsxMFFQMEJEQlh1Z0FPdGN3V2ctcmxDQkNpZFNHLXgybzljQmpfRmpuZ0xlT0dPa0d4SHdCMnd0SjJKbmM1anUxYnpfR3hkd0x3?hl=en-US&gl=US&ceid=US%3Aen,ANI News,18 hours ago,🇺🇸 Reaper Drone,https://news.google.com/api/attachments/CC8iK0NnNVJUblZLUVhNMlowczNkM1I0VFJEQ0FSaURBaWdCTWdZVk5JeHdtUWs=-w200-h112-p-df-rw,2025-11-29T06:41:37.191354
The best Black Friday DJI drone deal is now live for everyone — score the best-ever price on the DJI Mini 4K,https://news.google.com/read/CBMieEFVX3lxTFBzd1M3TENvYlFQUW9kOHpJTmRmcEJOa1lyMGJtdkFhdUFfbEhnQ2tjd0pZRzRNb3Ytb00wckwtOXltWV9rU3h4QnpKb0lZWEZZaGxiS2RIQzRtUDVFOGJIdkVkeXZxZFNoRWpUMTRpbUhRWjF1Nzl0MA?hl=en-US&gl=US&ceid=US%3Aen,Mashable,2 hours ago,🇨🇳 DJI,https://news.google.com/api/attachments/CC8iK0NnNXhNek16ZEVkVFREQnlibkl0VFJDZkF4ampCU2dLTWdZWklZcVhGQXM=-w200-h112-p-df-rw,2025-11-29T06:41:37.191357
Antigravity A1 moves up launch as DJI Avata 360 clears FCC,https://news.google.com/read/CBMickFVX3lxTFBRMEdFeTU4eVVaMVVYSnBhazE2d21jMlUzUWljVmMzeElWTDZXNHBQSzlRNVFhWmJacUU3dUtDc0tISHdiWFpTWFRMc2JTeXhUVktwdjVNcFVQeG5ud3JjX2dpbVpZM0hzTERJaWtyS2pfdw?hl=en-US&gl=US&ceid=US%3Aen,DroneDJ,15 hours ago,🇨🇳 DJI,https://news.google.com/api/attachments/CC8iK0NnNVJhR0ZsTmxGVlpYZFZiMXB4VFJDSEF4aVBCaWdLTWdZSnM0U1BOUWM=-w200-h112-p-df-rw,2025-11-29T06:41:37.191360
The best Black Friday drone deals have landed hard!,https://news.google.com/read/CBMioAFBVV95cUxOZ1NoUV9ibUV3MHNCRHQ2alBHWlQxcnBpV3l0Mk1USFpab0FHaVVkVmV4VXJ3UHN3cksxWlRIblg2Wnd6dlRvckVFcHo2MWRoSFRJN0NaQzlIN1ZxU2VMbkpvTWhHSkR5b1dIdHVfeDBkVzlQb0VDTUZqM1FOQXNjRFRhdUVXZ3daTkd2ZUNaMWJfcWRtQjBmaHZzZ3lqVE9Z?hl=en-US&gl=US&ceid=US%3Aen,Digital Camera World,11 hours ago,🇨🇳 DJI,https://news.google.com/api/attachments/CC8iL0NnNU9WRmhxTWt0MGJVcFJkRnBuVFJDZkF4ampCU2dLTWdtSlVvTEZJdWxjdGdB=-w200-h112-p-df-rw,2025-11-29T06:41:37.191364
There's $280 off this beginner drone with DJI-beating features,https://news.google.com/read/CBMi0AFBVV95cUxNa3FfOXE2SGI3cXFkWW5fNjRDMkVYaTBId2x2d3dGUzhmQmh2Smd4VTRJRHdia1UtYlVOQVN0LVFrdFlFWnpqUklqQ1VfemUtOWdtY211Y01JWnRHWEdnMUx2eVRXTGdYN1JCenREamRXeHZPc290dkxRNDdhS0oxM2hvaW5mdzRGVmFhOVp0WjFfaE9DWXpGV1ZLRkYxY2NZTEFOWlVoYzh4bkk3eEFZU2dRc2ktRjZ2WG1VTE9veGRFUFh0cnpfM0NKa3cxSFRx?hl=en-US&gl=US&ceid=US%3Aen,TechRadar,10 hours ago,🇨🇳 DJI,https://news.google.com/api/attachments/CC8iK0NnNUlWVGhrUlhWU2JqUXRaMGN3VFJDZkF4ampCU2dLTWdZRlVJcUdvZ1U=-w200-h112-p-df-rw,2025-11-29T06:41:37.191366
"Black Friday Drone deals: Sales from DJI and other flyers, starting at just $29",https://news.google.com/read/CBMixwFBVV95cUxOR1pXZWNwUEhjRUQ0eDROdzcxdmhhbnFteGRUa1kxaHVYNWlxcjhzQ0tucG1mUTdvZmV4QVU5dzhqb21fYkpkeV9CdHhSTnN2anphNjNJTURFTVRwMFFrbVlsMUtUX2xYYU9leGdTR0w4RHNCQ2wwSi11aGxJYmUxbnJDaG5mT01UeVlPYWJYNURHSU5ZaGN6aUY2WjJESHRsYm1FN3FMLWZCNEVuWlM3Q3phdnNTWGF3YUFZai1uSDlzT2ZZXzRJ?hl=en-US&gl=US&ceid=US%3Aen,Yahoo! Tech,19 hours ago,🇨🇳 DJI,https://news.google.com/api/attachments/CC8iK0NnNURPV3A2UmpnNFlWZHJOWE50VFJDZkF4ampCU2dLTWdZUmM1S3RzUVk=-w200-h112-p-df-rw,2025-11-29T06:41:37.191369
Romania to boost its Black Sea fleet with Turkish-made patrol ship,https://news.google.com/read/CBMivAFBVV95cUxQOUkxVUl4N2dfSkM0d0RWWk9xTkVtemE0RUFFSlExc0d5RW5wb1hSdG1jVkVKczZjRnM0Z3VnNUdNOHFlVmRmanlIei1KcHZEb0trUENHNEVybVpmd25oQXI2dUFEbmZ3US0tUEdyYWdHWXBKWlV3bURsTDlnQ3YtRWo5ZHVTLUV1S2dIOVhsN0JOUmQtVERVb0hkcnFiTFBHWE9vY01xQlhrWmVlMk5yM2VYYmtGSDR2X1g3LQ?hl=en-US&gl=US&ceid=US%3Aen,Defense News,17 hours ago,📰 Defense News,https://news.google.com/api/attachments/CC8iK0NnNDJkUzFaYjBkVVpUa3lSR2M0VFJERUF4aW1CU2dLTWdZbGc1UlFMUWM=-w200-h112-p-df-rw,2025-11-29T06:41:37.191372
Hanwha Aerospace wins L-SAM deal,https://news.google.com/read/CBMilAFBVV95cUxNSmZ3TmxRdHA4bVBRdmpuNU1ETTQ4TUtRUDE0ZVcxVFROd1J0S01qZFNuNXg5QmUtbHJxQVkyZTg0VjYtN1hGelRMRE9EWUVBMVMyRU1KOGF0aEZ6QllTY3I0c3lGbU1hNUdNcDczNW01V0NhcGUwNW14bTZwSTlYZDBFTno3YVJxU210WFhfR1RoQlZX?hl=en-US&gl=US&ceid=US%3Aen,Janes,18 hours ago,📰 Jane's Defence,https://news.google.com/api/attachments/CC8iI0NnNXhOM0poWHpCUlIyWmlTa280VFJDbEF4allCQ2dLTWdB=-w200-h112-p-df-rw,2025-11-29T06:41:37.191375
Special Report: Joint Arctic Command eyes investments for greater Greenland defence,https://news.google.com/read/CBMi0gFBVV95cUxNREN6aWdDdTZCTmpTTjF4ZVZ3RjJOTi1Va3paVVN3NVJaazhFS2JyTzRpODZ5QkZycGE0MU5yMThFb3V1bzZjTHpqSFZub3JmeUVkRjg2VE8tVHdfSlNwdFdfaTRqYm9ZR1RPYmJzaEg5RTBGTFhTTHZaTFJhYXhiQU5PSHpPeDZvWENiZ2NwQXZOQVRxTno1Zi1hRFdFWlhPNHpmVlRkUVBWbkU1R0Zaa2NOSUstb1Y5Z1JOSko5OS15eXhCbzVKam44RmZ3WWJiTEE?hl=en-US&gl=US&ceid=US%3Aen,Janes,17 hours ago,📰 Jane's Defence,https://news.google.com/api/attachments/CC8iI0NnNXFWbmxqWjFoMmRXOHlSRWxWVFJDYkF4allCQ2dLTWdB=-w200-h112-p-df-rw,2025-11-29T06:41:37.191378
Latest defence and security news,https://news.google.com/read/CBMiXkFVX3lxTE1NV2RKMWptVEl2dGJsRF9NelBvRFQxczZ3Y3FobnpYYVlQVk5CcEhBbEE1aXUxeUtzVllUeU9GaFAybkFxV2RRR3B4VW1oSk5tQTFXQmJqTVp3b3BFWXc?hl=en-US&gl=US&ceid=US%3Aen,Janes,"Jun 4, 2024",📰 Jane's Defence,"https://encrypted-tbn0.gstatic.com/faviconV2?url=https://www.janes.com&client=NEWS_360&size=96&type=FAVICON&fallback_opts=TYPE,SIZE,URL",2025-11-29T06:41:37.191381
Poland signs for hundreds of latest-variant AMRAAM missiles for F-35A,https://news.google.com/read/CBMixgFBVV95cUxPMGYwTkdQUlJyMEFSTVBEWXluMG1VbkZTaHdTU012NzJ0QUtsM2IxSVBtYTNHd0VFWHRsejl2RXMwV0o3WXF0bXlOZ2g5NGphWUtEWXZRN1dtZnBTakh1UC1rZEdXOTVsS3pPV1V1RDBfcWIxXzRsVGgtcW44UE5CSzl5ZlhpNFhiNUtyemRKeVhhb3NsdTEtV2pRRXlwY3BhV2RTbFl3MWl6Z1d3WW4zbS15Zm9tbWNIY2laY0pnUkl2YTI5dVE?hl=en-US&gl=US&ceid=US%3Aen,Janes,18 hours ago,📰 Jane's Defence,https://news.google.com/api/attachments/CC8iI0NnNUhZMXB3UzJONGN6bHpkRXhUVFJDUEF4allCQ2dLTWdB=-w200-h112-p-df-rw,2025-11-29T06:41:37.191384
Hegseth Ordered Second Strike to Kill Caribbean Boat Survivors: Report,https://news.google.com/read/CBMiugFBVV95cUxOUVY2YlBTZFF5aGdaMGRMQ2hhX0o3Tzk4QnY0OFg4cWhYSENrVmdCdkoxcXlvVkNHUkcwdjFNTjJjZjBrUGV1bTFtbF92Yll4YlQzSExrR0JzNmpaRy1WZHRXeWlBVE52aUN0elUyZlVZM3hBSnpONzZsZVM2Zk5uRTItWFp5M3pwUmMtWUU0T2Z6X3JsS2tKUk1xeEJ4MnF0ZHJ6TXFxTWVZZUNRNnV3b2xOS2hUQUF2cHc?hl=en-US&gl=US&ceid=US%3Aen,Military.com,9 hours ago,📰 Military.com,https://news.google.com/api/attachments/CC8iK0NnNHRRVWxqUlVKdlMwVnBOM1JPVFJDZUF4anRCQ2dLTWdZZFY1UkpvZ2c=-w200-h112-p-df-rw,2025-11-29T06:41:37.191387
The American Destroyer That Sacrificed Itself to Turn Back Japan’s Battleship Fleet at Leyte Gulf,https://news.google.com/read/CBMi8wFBVV95cUxNR3pvSnJMQzVuQkZtQTZ6YXdvWVpvUWlYZElSbnNKRUxnRndIWlF4ZHNMWVpGc1lTWkh4eG15clZZRmJtanB1R2lqSUtsbFVuZWlZbHVtZ3Fydkh2b2pvMmk1QXhMUXZlaVVIT3h2Y2hRY0otXzRlUU5QRWhLa0c4S25vTnVsbDgzZkdOSFVRdmE1aTVUcG1CVUhuYnZ5SE1LcUxGcDJ1U0NhSld1cXptWDJRMTJzd2Q1aUhCVUxxd1lwZGlKTVZCRURzWHI1b3hXZWljQXk3Rm52R1RIZERzMmxsbVgwdVNPcDRIbmozRGJjMTA?hl=en-US&gl=US&ceid=US%3Aen,Military.com,18 hours ago,📰 Military.com,https://news.google.com/api/attachments/CC8iJ0NnNXRWRFowUWsxeU1TMHhiMFZzVFJEUEF4anRCQ2dLTWdNTmtCSQ=-w200-h112-p-df-rw,2025-11-29T06:41:37.191390
"Caught With Half-Ton of Pot in Nebraska, Veteran With No Criminal Record Heads to Prison",https://news.google.com/read/CBMiwAFBVV95cUxNdThGOUZzLUlSVVZsalp3S21WdWNCV3QybGg2MXJwbXdNOHNnaXBMYmszaWZ2TGlJUkJFRXpnNzFnX1VzcWdaaTJWWndQaUhCOXpBUVNTczFjT2JqQ2E2WGkxZkdCNFQ3SFZhSEZwR21fQVI4ZzdBd3Q5SUhoQ3M2amlHak5yeXZZU19NSUt5MDZBUDBQRUNSYWdlTk1YazZIeDAxdXZwcE1xWDBVTElSb19FOTV6cXJVZEJjeFBlS2s?hl=en-US&gl=US&ceid=US%3Aen,Military.com,7 hours ago,📰 Military.com,https://news.google.com/api/attachments/CC8iL0NnNU1kVTlFYWpST01FbHFWVTVNVFJEZEFoanRCQ2dLTWdtWk1ZUzBtR21LOEFB=-w200-h112-p-df-rw,2025-11-29T06:41:37.191393
Venezuela On Edge as U.S. Forces Expand Caribbean Mission,https://news.google.com/read/CBMisAFBVV95cUxNT2Izdnd4ODJPME5hVXVEOEpHYXEyWDI3RWF2ZWFoQ3hpcHhPY21TSE1jVUJHWWNpTFJPblFxQm5NVXVNTHl1UDZqY05ScU9OdU9qemcwNEpGd0owWlNDakJhTU4td2Vha211Z0hUZlItSVFITTBwNmpneHRaTWhWU0djQnE1cTlTcGRsdjJ4RVFDc2hOMTZRYjFXcWVXN0d2U1Z4MXkzTkVoa0ctVFZPcQ?hl=en-US&gl=US&ceid=US%3Aen,Military.com,19 hours ago,📰 Military.com,https://news.google.com/api/attachments/CC8iI0NnNXZkalowYVhVd1ZIUlpRbGMxVFJDZUF4anRCQ2dLTWdB=-w200-h112-p-df-rw,2025-11-29T06:41:37.191396
Military Daily News,https://news.google.com/read/CBMiS0FVX3lxTFBNV1NnMkJwaDFQUkFSazdTYm1kRjZheDVoZFZPSlNyWENHbFFoY2NZS0Z4WkJiYWpDeE12ZXVxaXZoZktvb0tLUEt3UQ?hl=en-US&gl=US&ceid=US%3Aen,Military.com,"Nov 26, 2014",📰 Military.com,https://news.google.com/api/attachments/CC8iK0NnNUpaR1ZOVldSc1VrUmxWalJOVFJET0FoajBBeWdLTWdZZFY1UkpvZ2c=-w200-h112-p-df-rw,2025-11-29T06:41:37.191399
Suspect in Shooting of National Guard Members Now Facing a First-Degree Murder Charge,https://news.google.com/read/CBMizAFBVV95cUxQZThUUmZtaUtxS05nam5TcmZuVGEzXzNVUGcwaGNQb2N4dDFaSzA5U1ZMZ0prTTBFbDFVWmNIbFZhblZpSmlrVHVKOGJST2ZLWGRXUXE1a3lZV3lQaElvbFBrTjdBYW5zVkFBdjB0bXpWMGhUcGJfeEVIUVZWVW9rdUJ1WHRvRDZNUks2dG4waGluQ2s0ZmFUS2htbVFuajA2SkhXT3Z0ZkJvS09SdDJnT0o0blF2bmZhYktCTnFYSVNYT0xSQWhOMzRJQnM?hl=en-US&gl=US&ceid=US%3Aen,Military.com,14 hours ago,📰 Military.com,https://news.google.com/api/attachments/CC8iK0NnNU1RekY1VkRaTE1ubGhaekJtVFJDZkF4anRCQ2dLTWdZMTlJU1FUUU0=-w200-h112-p-df-rw,2025-11-29T06:41:37.191401
French President Unveils New Military Program for Volunteers Aged 18 and 19,https://news.google.com/read/CBMiwAFBVV95cUxOei1WTi0tZkRYOHVXbTBqR3dCcU1ZNTVWMDlpeEZVb0ZNajlXWkNKTXhfQWtVUlNiY1lLVUs5MjdYdlp3T0pvUnZEQmpMZHNiVjdlaWRhVWo1ekpOTDM4dUJMNFg4UlJLN1E3UXFVUGFna1ByWkxKaC1pT3FPX1k3Zmw1VHVkUkVuUFFNVlhtQ0pyMVRUZ0JWdWctSTUzR0Ewc2ExU0k4NTcxcDhTZFhvUkc4NmNUdV9IZ1FCbUtHa2Q?hl=en-US&gl=US&ceid=US%3Aen,Military.com,8 hours ago,📰 Military.com,https://news.google.com/api/attachments/CC8iL0NnNDFNVEppV0RCQldqZFFOMUkxVFJDZUF4anRCQ2dLTWdrQlFZN1NzQ2F4UndJ=-w200-h112-p-df-rw,2025-11-29T06:41:37.191404
Trinidad’s Leader Backtracks and Says US Marines Are in the Country Working on Airport Radar,https://news.google.com/read/CBMizgFBVV95cUxOeVhSc0V3YlB0b2pQVXJlS2dnSDZVUnVRSENHVUpjQVZGTlNncGJFN2FfaTJKSUFscl80VWZNMWp3dmRuT1cwZlY4MWlkcGdud1Z3ZTNaWVhZRFBjU1VFOWJKU2FkQUp3V2NIa1NOdW9FRlNSeXhFU2lNRXVKT0R2aThBSlN4RWZ1SlZoNW5fOGFQZnhiQjVKNFhyb19LSnpkV3JQbHdxU05mRnJiYndMb1J5bUNXb25rdzJ2SWdQSTRUT1V4QmRfTjZxOVZfQQ?hl=en-US&gl=US&ceid=US%3Aen,Military.com,13 hours ago,📰 Military.com,https://news.google.com/api/attachments/CC8iK0NnNUlSVEIwWHpNd1ZYbE5RMFphVFJDZUF4anRCQ2dLTWdhcFZaTE5KUWc=-w200-h112-p-df-rw,2025-11-29T06:41:37.191407
Refugee Groups Worry About Backlash After Shooting of National Guard Soldiers in DC,https://news.google.com/read/CBMizAFBVV95cUxOVHhScHB6Q3NRSGxUaFhyY2s5UkpaQTNBM1VLbzdLTjZnOEdFY1Ribl9lX0E4MENSQzFEWmJ5VElJTVRyZ2pHREZtX0ZGM2RMOGdNMnVFX2E3WTZuTkxFWVRRaGUzcDFOcElpVDY3U0RDVHJZRzBYM2pHWlZjeUx1dUdPQ2ZFWEhiWGFRczhoTDlMQmt0YmxpS0lyWElxTXplR2VNWXVEQlRZUG1oUTZkM2R3TXVTNjlndlB3NHdYdEthRmZDYVhOVlJtb1g?hl=en-US&gl=US&ceid=US%3Aen,Military.com,18 hours ago,📰 Military.com,https://news.google.com/api/attachments/CC8iK0NnNU5RM0JoVlhkd1FuUmtkbFUwVFJDdkF4anRCQ2dLTWdZVms0eEpPUVU=-w200-h112-p-df-rw,2025-11-29T06:41:37.191410
"Drone sightings over German military bases hit record high in October, says official",https://news.google.com/read/CBMivwFBVV95cUxPcC1laE1VMXd1YUVfOUhhTFFobmxGdVV0TXZZSlQ0aXhxRDhGYllLbTEtNUtDdFYwSEw4dEs0eEJmcVZfRzJTdUsyaVRjY21PTUZHYmF2YVc3YnpqOTVyQzctdEhMWU5WRWNJZFJfV3FFazhpUHlWMjFvcVpoaGhleHRnQ3NtYnJDcmREb1hiYXlNTUpRU0NGZExjd0JuLU1ydFRBZ3JEOFdVQXo3UkRadlpSczFqZWJ6UFRtVXJNQQ?hl=en-US&gl=US&ceid=US%3Aen,Reuters,18 hours ago,📺 Reuters,https://news.google.com/api/attachments/CC8iK0NnNUJZVlEwT0dSalJIbzVSR2RvVFJERUF4aW1CU2dLTWdZUlNKQ0lwZ2M=-w200-h112-p-df-rw,2025-11-29T06:41:37.191413
"Serbia says U.S.-sanctioned NIS oil refinery idle until Dec 2, seeks sanctions waiver",https://news.google.com/read/CBMixgFBVV95cUxNVlhPdDdvZlBhREphcWFyUUpHdXZpNGplaTF6ZEFmcE5FYTh2MGxid1MySUh3RXlvWGpRQmg4aDd3TF9sTXdqRk40clE2LU9UOENfc3ppc2FVdGNaV0t3azNTRmpnMlRNUlpJSmpEUmthVEFsUXQ0X3FBV1ZEMnlnejlLMUdZQmF2M1BWeWc2dE0wc1dhRnhqQ041T0JCdEh3eUlrUkk3WU0telI1dlBfV1RUV0RzVUZ2cldlU1ZJR01kT0ZPOHc?hl=en-US&gl=US&ceid=US%3Aen,Reuters,15 hours ago,📺 Reuters,https://news.google.com/api/attachments/CC8iJ0NnNHphbFI0ZG5rM2IzUlNTekZqVFJERUF4aW1CU2dLTWdNaHNBZw=-w200-h112-p-df-rw,2025-11-29T06:41:37.191416
"Blasts hit sanctioned tankers off Turkey's coast, rescues underway",https://news.google.com/read/CBMirgFBVV95cUxQS2RYTGEzZGthNWlvUkZYV2V3NVlIWHViWXpJRzEtaGhSX2hncEpsTHQ3TjNGdTRKV1pyanJZcXdLM3Y3WnlhdnBHSmdZQkg5aVotWDFwQUo2OWFoMVRZZm5WVzcwdVg3ZWlhaEdVYk96RGVGd1o3S0tTU0NLQUE0cHNyci1zNktfTFJBY2RQTThUeGVscEZVZFR1WlJ5Z2t3aENKRjdMN2lSZ3p3OHc?hl=en-US&gl=US&ceid=US%3Aen,Reuters,10 hours ago,📺 Reuters,https://news.google.com/api/attachments/CC8iK0NnNTVXWFl6UkhsbmIzWTFkVzlPVFJEbEJCajBBeWdLTWdZWmNJUXRNUVE=-w200-h112-p-df-rw,2025-11-29T06:41:37.191419
China says armed attack on Tajik-Afghan border kills three of its nationals,https://news.google.com/read/CBMiqAFBVV95cUxQcXdsRU1CXzFvRHpkejhZMG1MOHU4SWhJXzl4UTF3cnh4eXRiUTVtVTF2ZU1xeFNIS1V3dHp2ODBvYjRpd3lqXzFVV2lETGJUVEhoZW9WWWRaVUVCWm9WMTh2aXlreVdwa1FFb2YwYXhMSk9DdV9wU1VzWFRHa3ZsNmFudGhCcDZPNDdiVko0OW5QUFdUR3kxaUhtSnQ0QTMtLUlhX1RUZDI?hl=en-US&gl=US&ceid=US%3Aen,Reuters,22 hours ago,📺 Reuters,"https://encrypted-tbn2.gstatic.com/faviconV2?url=https://www.reuters.com&client=NEWS_360&size=96&type=FAVICON&fallback_opts=TYPE,SIZE,URL",2025-11-29T06:41:37.191422
"Italian court rules against Sicily bridge, government wants to press on",https://news.google.com/read/CBMiqgFBVV95cUxQRTdqTVlrLWxGNllXcU5FYm1RWXlWVi02aGZpdnNkWW9XSmxzT1NNMy1wUEItU2ZwbU9oajhrd3IwWUxfTlJhMHpuQ3l5S0Z2WkJuXzVGRWFKdVVmLVVWdnZVNVVlQVh4dWhBaS1xOFFWX2pTRFRDMnY1UXB2ZmdJcFpOMlhHS1g3R1p5Zmw5SEUzWG9DNHY3bU9xZHVPc0Rueno1OVc3anhhUQ?hl=en-US&gl=US&ceid=US%3Aen,Reuters,21 hours ago,📺 Reuters,https://news.google.com/api/attachments/CC8iJ0NnNU5jbEJMZDBseWRHZFJabmx0VFJEZ0F4al9CQ2dLTWdNOUFCTQ=-w200-h112-p-df-rw,2025-11-29T06:41:37.191425
"In remote Venezuelan state, more surveillance follows US boat strikes",https://news.google.com/read/CBMitwFBVV95cUxOd1lDRTBPaGZ0c3BLYnlmNU9PRm4td21FVkZBeS1SN1dPb0xLd05PSkhIQzh6eFl2MlRLaHdTb3M0Q2YtUG9QNmNBY3lwR3E3YS1aSDVMempjTk03Qi05bmRVRWsxb2ctS2FGWnJGNEZyS3NBLTVTNmxMd2l4cEFyQVEwNURVMjZWeTJPQzhaeWc0MENmTG5ReEQwUFZFMGJBUU1NY1dCREVjOEEteVR4YmpITXFQMHc?hl=en-US&gl=US&ceid=US%3Aen,Reuters,19 hours ago,📺 Reuters,https://news.google.com/api/attachments/CC8iK0NnNXBaamh3VVRWb2NEWnlkbFJpVFJERUF4aW1CU2dLTWdZQlFaRFZMQWM=-w200-h112-p-df-rw,2025-11-29T06:41:37.191428
Ukraine's Zelenskiy says his chief of staff has resigned,https://news.google.com/read/CBMiowFBVV95cUxNZGVvRTZ5NlRHQ0xQYnNJR1I1S3JJdXZqaFVRV0RSY0Y0Nkl4SFZpNFpmYS1jVk5XLTh6TmxrWkstd0xOMVpXaURRTXhEc29XX2M4UzBqLWQ5VXVyUlhZVDFtajhvOUpGamhYeXJSWVBlOW1HUDh2OFJjOC1EY19fSDRnaEszc3ZhcGotUnZNOG96cWdNQUp0UGJEbGJKZnNST0NV?hl=en-US&gl=US&ceid=US%3Aen,Reuters,15 hours ago,📺 Reuters,https://news.google.com/api/attachments/CC8iK0NnNUtRVkpJTTNSV1NsaFdhbkY1VFJERUF4aW1CU2dLTWdZbFZwVHNJUWc=-w200-h112-p-df-rw,2025-11-29T06:41:37.191431
Hospital massacre caps a long series of attacks on healthcare in war-torn Sudan,https://news.google.com/read/CBMiuwFBVV95cUxQUG13bjRFZnZYaElVM1RXaThiUC1PVnF3SW5uOWpYWXRvcktkek5ESHNWOFFaRWphYnB6d0pYNk81cEZyVDB3RWNVVGxXSDl6djQ4allCaDhOUEZ1cElUaFVGZkZnSVBfcUhFdTYyNlA0MXRWN0VWdmdnRGxCZmk3QVY5VU1vOC1jS1U5RkFGYzRuVjRDMHlNY0l2MThBYVVBTGZpVlhQbTRQQ0UwZ1BwSkpjZmlkS2wwUUtZ?hl=en-US&gl=US&ceid=US%3Aen,Reuters,21 hours ago,📺 Reuters,https://news.google.com/api/attachments/CC8iMkNnNXFXbTg0WW5rd1NVcG5OamM0VFJEckJCanZBeWdLTWdzQllKQkFzT1lGaU1yVVhB=-w200-h112-p-df-rw,2025-11-29T06:41:37.191434
Satellites capture rare three-cyclone storm cluster causing deadly Asia floods,https://news.google.com/read/CBMiVEFVX3lxTFBRaF95ajJhWlFuelJsUnFQSTBXdUNKQXZlQ0ltYmNuSVg2TC02cG1aZEQ4VTByRnRpTnhWTmVzQng1b0tCY0UyRklXN0pzLW5BekFiRA?hl=en-US&gl=US&ceid=US%3Aen,BBC,13 hours ago,📺 BBC,https://news.google.com/api/attachments/CC8iK0NnNWtRWFZzVDNOV1FrcFVkM2RVVFJDZkF4ampCU2dLTWdZRkI2cEZDZ3c=-w200-h112-p-df-rw,2025-11-29T06:41:37.191437
Ukraine anti-corruption agents search home of Zelensky's top adviser Yermak,https://news.google.com/read/CBMiWkFVX3lxTE5OTDRYZHBscWdld1pDQWdkMVZ5aWphYXhGNG43VjFnQ1VmaUdaU1lFUmdiQ2tyVWNnVGZLOHc2OEdRTF9DWHVhandYT3Q1MXFZemVyc2gyLW5uUdIBX0FVX3lxTE00cnk2TF9JV2ozcGFtZGVQdVZ2dkF3MEZJSGNwTm00WDBQT1dnbVFSRTRkUEpDVEJPMVl5TUhoNDlkLUZrODVtU0NldWhwOUcyRUtwVGhaajZtUllObjZ3?hl=en-US&gl=US&ceid=US%3Aen,BBC,18 hours ago,📺 BBC,https://news.google.com/api/attachments/CC8iL0NnNVpla0owTlZWc05sUjRjMHAwVFJDZkF4ampCU2dLTWdrZFFKcVhuS21LU0FJ=-w200-h112-p-df-rw,2025-11-29T06:41:37.191440
Talks over UK joining EU defence fund break down over entry fee,https://news.google.com/read/CBMiWkFVX3lxTE5DSjdKcFZ1T0d4QksyTk54TlJRNEw0YzFrUmpnNzFpcVdaakp2aHpHc0pNSlhIRHo0TVQ1Vmc2X1I0N3NFejNuTV9pQ3NtMS1vbXBqN3RGT1Bxd9IBX0FVX3lxTE5oSEhDd3JqWXZpN0lOdkhPbGQwTlNFaV9XMHF1X0tIdnhrN2VQbjJrb0RhOXFIeFhzcTNPbkwtLXQ1RTZnb202ZkdZNmRiekFvQ18xXzZYbEtEUEx2NFo0?hl=en-US&gl=US&ceid=US%3Aen,BBC,15 hours ago,📺 BBC,https://news.google.com/api/attachments/CC8iK0NnNTViRWR1U0hKdVN6WkxUVGxLVFJDZkF4ampCU2dLTWdZTmM0eHNxUVk=-w200-h112-p-df-rw,2025-11-29T06:41:37.191443
Women in business 'scraping by' despite viral online success,https://news.google.com/read/CBMiWkFVX3lxTE4xVWRTWndUT0FXSmZ3RFNGb2ltM053YXBlY1NZMzdyOXh0ZTNacGFYY1JjaThlVy1XM1lYLWM0VFpUVFlza1Rrem5yQUUzcVZFOTZMc2xHZGR4UdIBX0FVX3lxTE1XNkF1UmRCTkZJUW1QdTFzLUZUdjJrbUlEdDlMX3BUNjVYNE9OOFNBNTZLUk5BSDBDT1ZCZlJLbHp3M3NfMWJVakF3eThBV3N2ZWoyR1U2UDNqM05PY05r?hl=en-US&gl=US&ceid=US%3Aen,BBC,7 hours ago,📺 BBC,https://news.google.com/api/attachments/CC8iK0NnNXFWVGRyWkRVNFRERlNkMmxNVFJDZkF4ampCU2dLTWdhdFJaVE9KUWc=-w200-h112-p-df-rw,2025-11-29T06:41:37.191445
Hungary's Orban defies EU partners and meets Putin again in Moscow,https://news.google.com/read/CBMiWkFVX3lxTFB0S1BRSXlyZXFrZFZDR1ZMREh5V3FsRkk1SU5ab0o1OHFnNVJrcXh6ZE1hdF9wOWs3b0ZZMVRJNTlvTlpiN29SOG9GMVQ2dktKdkljTFJXbFRLZ9IBX0FVX3lxTE1JSmRFT3RPcDB1Yk9iaTJldXhlc3kydGlCR055SF9LNWFWQ1E5YldHd08wQ2hhd3lTb2xORWdxd0UxNHotdEl6bWdvOU9VcUNBd1pBM21NSVJFRWdwT1Iw?hl=en-US&gl=US&ceid=US%3Aen,BBC,10 hours ago,📺 BBC,https://news.google.com/api/attachments/CC8iL0NnNUdjMTlvYzBRNWNIQnZTblpzVFJDZkF4ampCU2dLTWdrUklxQ25sbXBGaHdJ=-w200-h112-p-df-rw,2025-11-29T06:41:37.191448
Scores killed as floods sweep several Asian nations,https://news.google.com/read/CBMiV0FVX3lxTFBWNDJqMEhBcWphTXJoQnlPMFpNTG9YMnMtZGhoNzk1VXk0VTlUZUhwUFBuaHZ4VnVqNFl5MVJNQWtZdGo5algzcXFxSjdnMThfWnBqQ2psdw?hl=en-US&gl=US&ceid=US%3Aen,BBC,21 hours ago,📺 BBC,https://news.google.com/api/attachments/CC8iK0NnNWxSMlJTVTIxUk1IcEJiVUZGVFJDMEFSakFBaWdLTWdZQkVJWkhLQVE=-w200-h112-p-df-rw,2025-11-29T06:41:37.191451
Asia extreme weather: Ninety dead in Indonesia floods as cyclone displaces thousands in Sri Lanka,https://news.google.com/read/CBMiVEFVX3lxTE9PQkRoVnBkcVVHZjBseDh0dHFoSXR0bzROSVQ0ZDdseVdlVTM3ZXQ2bWNXSWdoeDd3NHg1YmpYaHFDQ1Y0OHVXM0xLSHJrSG1IN0RvaA?hl=en-US&gl=US&ceid=US%3Aen,BBC,22 hours ago,📺 BBC,https://news.google.com/api/attachments/CC8iL0NnNVZSa3AzZUZKbk5UVnZNMlpKVFJDZkF4ampCU2dLTWdrQlFKWjNJQ2lRU2dJ=-w200-h112-p-df-rw,2025-11-29T06:41:37.191454
Duduzile Zuma-Sambudla resigns as South African MP over Russia mercenary recruitment scandal,https://news.google.com/read/CBMiWkFVX3lxTE5sMGRMWUxsVU01QnNQeWR2bXh2UG1tVXBHSC1FWGlQNU92QW82bnQzcjRVWk10Tm1DTVJUaEJWX18yRk9yRVN1NUdUOF9JTkJmZF9nM0hRVHI4Z9IBX0FVX3lxTE1IU3pKeFdtZHg3YlpfcEpMdG1lSW13ZmFtdHl6bXdzVU9hQ0FNUWdpdkhGMk1JeUlwU1dxSUtrMWdfYnVMTFlIVU5PdGVmR2d2VENKTG9BN3BzMUxOTEYw?hl=en-US&gl=US&ceid=US%3Aen,BBC,16 hours ago,📺 BBC,https://news.google.com/api/attachments/CC8iK0NnNHdlVlpFZUZNNVZqaFFNVTlUVFJDZkF4ampCU2dLTWdhbFZaRHNKUWM=-w200-h112-p-df-rw,2025-11-29T06:41:37.191457
Power restored to homes after strong winds hit Scotland,https://news.google.com/read/CBMiWkFVX3lxTFBSSXlfWEJKZjVVNU82Q2dZYU5RUVFwUDZVNlg5VEZUYm1EdF81UXZVd3dnVmJpTHJHcmk3NTVjR2p6b2F2UzdDOGc0NzdzdElrR1FmcnVDNTVqZ9IBX0FVX3lxTFBFTFBtTWJBVXpyc003bHJSUmpTUlhlM25iSUlzNk5YVzFhdDZCMWlDdlJ1eUM4UDkyRzlNSVdSSkNnWEc5TXJoTGdydloxaXVEN0paeFhiVVkxcTFzRkNv?hl=en-US&gl=US&ceid=US%3Aen,BBC,11 hours ago,📺 BBC,https://news.google.com/api/attachments/CC8iK0NnNVVXalZoUTJkTGFIWlBhVzh6VFJDZkF4ampCU2dLTWdZQllJVFRzQWc=-w200-h112-p-df-rw,2025-11-29T06:41:37.191460
Inside Uzbekistan’s new multi-million-dollar cultural center,https://news.google.com/read/CBMifEFVX3lxTE05REV1bksxOGMwRnBtRFJfdWlvZWRwWFVoVmJaQXBoT1FQd2IycTUzYlo5Ri1UYjNoaUZqcDROQ0sxWW5pZkgyUHpFVDZrUUZ0aFVOeWdyZF9nMjFWNkotTWNLZGV6T2hQcFlJa3Q3RlBDSnNXbkp1ZjlkQ0k?hl=en-US&gl=US&ceid=US%3Aen,CNN,20 hours ago,📺 CNN,https://news.google.com/api/attachments/CC8iK0NnNU1UMU5MUjFObU1ISkhhM05aVFJDZkF4amlCU2dLTWdZQmtJYXVOUVU=-w200-h112-p-df-rw,2025-11-29T06:41:37.191463
"Europe news - breaking news, video, headlines and opinion",https://news.google.com/read/CBMiR0FVX3lxTE4wS3pHcEZYN0pET2x3Zk9hbEU3X0x5OWlQcVY3MEtFcEo4aEJIaUlWUE1HdEI3WXlQeEJHSWduQ0tDWnpBYWlz?hl=en-US&gl=US&ceid=US%3Aen,CNN,"Dec 5, 2022",📺 CNN,https://news.google.com/api/attachments/CC8iL0NnNTBjMDFCU2tkNWVGWlVZVTlaVFJDZkF4ampCU2dLTWdtTmdZcW50cVU5YndF=-w200-h112-p-df-rw,2025-11-29T06:41:37.191466
"Russia news - breaking stories, video and analysis",https://news.google.com/read/CBMiUEFVX3lxTE92TXBEX1NpeDVDX0o5QXFGX1ZqeGFYbDlmdDBmbEtvNlFHNmxFcWxMOE04N1lzVFdGV2Nzd08wS1NLUUpxbjE4OHRrTmhocm5r?hl=en-US&gl=US&ceid=US%3Aen,CNN,"Feb 24, 2023",📺 CNN,https://news.google.com/api/attachments/CC8iK0NnNWhjemRaWHpjNU5XRnlXbTFmVFJDZkF4ampCU2dLTWdhcFZaYk5KUWc=-w200-h112-p-df-rw,2025-11-29T06:41:37.191469
CNN News Central,https://news.google.com/read/CBMiTEFVX3lxTFBieGwxak1IRUg1Z0g0OFVDLVhMMUJhNnJoV0p3LVFKTmdMTzNOMFU0Zjl2Y3MxaF9KUXVhSDJOb0FjcVI1TU01czFKSmo?hl=en-US&gl=US&ceid=US%3Aen,CNN,"Apr 3, 2023",📺 CNN,"https://encrypted-tbn2.gstatic.com/faviconV2?url=https://transcripts.cnn.com&client=NEWS_360&size=96&type=FAVICON&fallback_opts=TYPE,SIZE,URL",2025-11-29T06:41:37.191488
CNN This Morning,https://news.google.com/read/CBMiTkFVX3lxTE9IT3hlVmlZVWVaN0M2RlhIZG9sTHNES3JoM196WXVXVG5zLWhBQzJVcHVMTDR0R1FCMjNKamJmaWNMLTcwUXY3N09CUjhYQQ?hl=en-US&gl=US&ceid=US%3Aen,CNN,"Oct 27, 2022",📺 CNN,"https://encrypted-tbn2.gstatic.com/faviconV2?url=https://transcripts.cnn.com&client=NEWS_360&size=96&type=FAVICON&fallback_opts=TYPE,SIZE,URL",2025-11-29T06:41:37.191491
The Situation Room with Wolf Blitzer and Pamela Brown,https://news.google.com/read/CBMikgFBVV95cUxQUzlfdjhRNGMyMU5ObWVSUW5TaWlfX21zd0tJbVR5RHByZTBxdGg2anVRN1BBX1RKWC1YZHBmMVhmQ292ek9pWF9uYklxSk1pTXMwSlFjVHF3QzhnaTVKckpJd21Mam00dGRRbFlkb1A5MmlfSFNzQ3kzemdKUlJyZ3EycEZ3ZFZtSXcweHFEeGFDQQ?hl=en-US&gl=US&ceid=US%3Aen,CNN,Mar 20,📺 CNN,https://news.google.com/api/attachments/CC8iL0NnNXFlR2x2U1dkUmJFdEtPRXRuVFJEaEFSamhBU2dCTWdtTk00SmxuU3BjdUFB=-w200-h112-p-df-rw,2025-11-29T06:41:37.191494
Opinion | Humanoid Robots Have a Long Way to Go,https://news.google.com/read/CBMihANBVV95cUxNZmk3WU95SjlGb2NGWWpIX2s5OWh5ZDR4QW8zYjVMaWlwVjRPSnJaakJlbFVCUkNsSzN4V2lJblBVckxMWGRnUjIyVHNuN1NXbVNaeWo0dmg1MkJWcWdnamJlUFUzWWRnQ1lRREpLdnNSbm8yRl9JX3J0MEtsTGlBNUdERG11WV9jcndjei1RNUF0aTluZy1BWl93bE1iOUNvamd3M1EwQXNCbFZjWEt3WHZlelVTRjVNeEVjclYwNWRIWVdjekNjaEZVcllwcC1YX25GM3FxVmEzTWJpQmpWS21ibDZEVFI3X0lQSXpJZHQ1MHFlQXZoUVZmdjhDUm9oSUVLQVNjTDFXNW5XcE8wamdBcVZMNmsxS1dGTm9tcXZIdUlTUlpiX1MxZm03ck0tcWhXUEdpT3ZpS2hBVU5JX3NqNkQ5Vms2SFpBS0tGRVRObnpMMVN0c182RjBLeFlSaVpFMXE0MzRjdWhNMXVhcFBSeENJWlpsWndCYW5BcUdlMnc0?hl=en-US&gl=US&ceid=US%3Aen,The Wall Street Journal,12 hours ago,📺 Wall Street Journal,https://news.google.com/api/attachments/CC8iK0NnNHphWFpvYWxWclYwRkpkRE5QVFJERUF4aW1CU2dLTWdZUkVvTExGUWc=-w200-h112-p-df-rw,2025-11-29T06:41:37.191497
"Opinion | The Press vs. the Truth, Cold War Edition",https://news.google.com/read/CBMihwNBVV95cUxOWTZXckcwUXYtZERORXc3WUl5ZGVrdHpOTWhSY0xJRWwtSURUYWhwWFp1bThiaXJlckI4WTAwR292cmhobmQxY0FxajJZdTY2MWpoamozTjFBeUxCaDF2ZUZmY2tRYXVDcTZaWnJJZzNENjUxcnhsU1k0UkxlZWU5TmEtQWxQbjdtdGNpQURlSmNYUHRiRER2REE4ekx5UHBMcXE0clVGTEM1ekd2WG9JZGNpZkd0Ym5jZy02OTlqMjktNEhoeHBIbExNeEFlZTQ0RThXVjhjcWw3NXFleGNNWmRCLUUxak4xZzh2Z3d0ME1rWUR5dEQxaVVEajJ2ZjZlaXYzbXRXU0hxMmVLdEdMdS1Ic2lWSmlMUVFTWUVzemFxWkNHalB0WjNvWmdQZGo5LXBfXzZRREN2cUo3MDNLeXp3eGNOSE5TUjBfQmlqZFZNaFAwU1pMUWxCbC16U3hONExiZmEtcF9EYUVvVHBkSnRfaThRZGUtQV9xQ3pmbENoNkQ3ejU4?hl=en-US&gl=US&ceid=US%3Aen,The Wall Street Journal,8 hours ago,📺 Wall Street Journal,https://news.google.com/api/attachments/CC8iK0NnNTBNMkp1YTB4aFNXVXRaV05wVFJERUF4aW1CU2dLTWdiQlFwZ1RJUWs=-w200-h112-p-df-rw,2025-11-29T06:41:37.191500
New Peace Push Offers Clues to Fundamental Question: What Does Putin Want?,https://news.google.com/read/CBMiugNBVV95cUxOaGpXVkxJYkJOMjRYdzlUejZzTkJqMDQ5NDR4Wndac1dVM085eVEwdWRUU0tWWjgzTFFHMWRhRlc1VVllRkJ3OTVPMGl3cF9iS2Y1d1M2UGlsZURpa09PMjRLeXRGdk4xVHNrWERSbzNoaFlkVGQ0bUtOWXZyMTdYdENDdldBc0JmSEFNY1pScktPMExMUThYVW1TYUZHSXVqelNJcDhfb2pPQmQtMjM5MU9SRGE1REY5djhsNjY1ZXdGb0IzZl90Ym9vcmJmSkVteFdmMEp3RGtUaGs4MGpBNVZfSVNmV2diV3ZqSHEzV1ltek95Q2pEZ2hFd09vek10NHBYME4zcWxPZVg0R0FfSkR0cVlHMy1qQ1N5TDE0cEJoMlpHczFXU2NyN2U5VUpRQkVQT2NSN0ttcUJ2emZybVFDanpfc2g4UzlTSEtQZGNQOXF6V2gzQl9fMVBFX1dUSTM4UDNxUXBlWjdtWXJMVUQwLWZ3MVBvbWRMZncxOHJPbEh3VXozS2dXY0VNYTVrNnRVejk0OXJWTkZ0dDlXek05NGNuTXNQOVBROWdTaC10ZnhsQk4xZnBB?hl=en-US&gl=US&ceid=US%3Aen,The Wall Street Journal,10 hours ago,📺 Wall Street Journal,https://news.google.com/api/attachments/CC8iK0NnNU9Rbk5RYW1NMk5XVXlhVkJTVFJERUF4aW5CU2dLTWdZWkpJRHFJUVU=-w200-h112-p-df-rw,2025-11-29T06:41:37.191503
Editorial Board,https://news.google.com/read/CBMi4AJBVV95cUxPZGgzVjRVZmI4bW9pR3N4aFBwallHSjRnMjB0eTNXcFZZdFBial9CQUdkWFhIc2lmQ3ZOT01TYXAwdURucVk3WGppdnpQXzVtUXFiYkYtYjNUR0pRLWN4X0VzaWZXLUdIYjR5VTVRQkZSaFQ5X1hBbEt6U25Kal9CM2oxRUhueGltbzhDOElPaEhNTEFCT3FOU0NWRFF6LWh1UXFpSG96UjR0NzE2N3M1Und4Sld2a1U5LUZ2Y0FnNEdBOHVvak9kTklBMDktQlRsa0RHYlFodTNTVW9LNW84UWlTcUhCMkVRaUFfaDd0Q0dsNVNLWFFkcGpFZjFEbHdIWU5XaVpIMlVkTnB6NkRpZ2dTb2dkc0NqTnBIREtBSDBmTzRBVlhyZkZrQlRFcVBQZTRvZ0kzV2E2dFdDV0ljOGtIZnlFUjhBN195eVZiU1dUaW5yS3Jrdm13X3FEUWtU?hl=en-US&gl=US&ceid=US%3Aen,The Wall Street Journal,"Feb 6, 2019",📺 Wall Street Journal,"https://encrypted-tbn1.gstatic.com/faviconV2?url=https://www.wsj.com&client=NEWS_360&size=96&type=FAVICON&fallback_opts=TYPE,SIZE,URL",2025-11-29T06:41:37.191506
Is the U.S. Prepared for the Next War? - Opinion: Potomac Watch - WSJ Podcasts,https://news.google.com/read/CBMixgNBVV95cUxQUW9kMWFGbnFxbS1iekd5ZHFjclZHemFaRF9TV0J0akVVRFpiWWR0WTBXZXBNY1dtaUtRS2NjVGxIcG9JZF9IU3FWQXRxZEktYzJHTElSeEpKZG03Rlo2cW5MZlc0dEJPemtnczNjZW9Belc0a1o5MWI0Nm1CVUtfN3BTZlcwS0p6czNrbGZKbFcxUWdXcVl4anllV0JtMllGTFBhRk1Qdl9lMXVldk14VHI5Tm40eXh2c1BrUUtSTWR3a0pfUjZiLTFBTFFOaUNOTkVhdDJWekhEeHo0OGlEVU1yaVNZV3RKQklnRE5XWmZNQXdLYjdXNXBEbmJFNjl5YjRPcGtDNVppUzhfNjZhWXZBeFBrRl8yNjRCaS16emhseFlxM3dMQkJWclZqWi1BalhfVER0TUl1RUJxbUVDeHZQOE9RZkZlNldxNDRVdXZWLWZKRE8wUFBKVGJaM3AzNjNaZERYa3c3RnJ1N0FkZU1XVWc0S1dCeEEyQkQ2OHVOZV9vbzdsNkVaM1BacGpXZnFFNWt3bDk2S1VHcTg1UTFiZ2xjS3JDWDJvdnFuT0ZUSVp6Q24ya0F4bDBJUnM0eGdmdktR?hl=en-US&gl=US&ceid=US%3Aen,The Wall Street Journal,17 hours ago,📺 Wall Street Journal,https://news.google.com/api/attachments/CC8iK0NnNXpiWGhDUzE4NVNVZDBTVmd6VFJDcUJCaXFCQ2dLTWdZUkpJTEhtUWs=-w200-h112-p-df-rw,2025-11-29T06:41:37.191509
The Deadly Mix of Factors That Made a Hong Kong High-Rise Fire So Devastating,https://news.google.com/read/CBMivgNBVV95cUxPWHpyMGJfZzA2R0Y0UmNhWmVoLURxcmpvWjNQV1cwQXVZREJyX1RtY1RMbUtwNVVKV0tSVVhIbXczMFRtVkJkZDhDM3NfUl9EV2RXcE9BSDZ4dWRxa195ZGZ1c2RSbnY1MGx0VEZnVWRUOGVYTUNFMThWZjVBUDJ3YUl2aVF6VDZQaGc3NDJMdXEyZG5MaEhGMGNrMjBtSFk0M0hfRmdkazJFc2ZsVHM1YkNncjlSUGoxNmx1LTNMMTBtcmxNVmZwMFVtcWZ1Y3J4WEtJTGFObWtMck1LS2c4aGtFeFVwa0g0akxhb215bUtxdzQzMEVqYzk1YVpFOG1fNjhxSzlNWGx0MExoOXNZd21mYjkxSGRSQmpkZ3VxYWJmUFFWOWZlQ1BfdnlXXy04elhqX3R3ZUQ5clZKcE1MV2w3eVJXMkJNYXVVU3FjQk5ndWVfMmtIdmxWR3FwdkFmTHF2UEJ5TFhMbUtzTlpUYWcxMzVXeVNKcDdTblhRWUpOSnlPcFRqNlZIMDlmbk5iUldaYVdvZk4zS0drbGhkaWZfc0h0N0NscklmYmpHUG8zcFktVG5KNWp2emxOZw?hl=en-US&gl=US&ceid=US%3Aen,The Wall Street Journal,22 hours ago,📺 Wall Street Journal,https://news.google.com/api/attachments/CC8iJ0NnNURaMkp5TkdRdGVWVmhjSFZmVFJERUF4aW5CU2dLTWdNTmtBQQ=-w200-h112-p-df-rw,2025-11-29T06:41:37.191512
SPECIAL WSJ Tech Live: The Man Leading Trump’s AI Charge Against China (The Journal Podcast),https://news.google.com/read/CBMivARBVV95cUxOb2twUnpPSUZWaHVrSnhicW9SOVVSOXV1SklVeS1hS2s0ckl1b1FCS1Zlc0Nndm43cDdiTk1UeXVUWk9xUG40bDdNQ3k4NlRRM1BtMExzbWRBclFUWnhBS2NFQm16YmloMXEwVjZDa0FhdWtGa1dpbm12eHUxNFRzYUgtdU5iRkhVd05yN1BhVUl3bEpkaUNmQUszaVVBUkJUd2x0RlRXcWRfSUZMRHQxRDFKQW4yWm41dUx3dldndmFLXzJYa2g5RlVPSUFCd2NVa3Iyb0h0bTVRU3lva21yU2FSYU5PVVBDQU93QTFOaGMzMVN6V0dqWGl4SlZOVXJfVTQ0cE84R2tidnBPN1JMUmNWemIySkhqd1RlWTI4NjF3VmdQbENIOHpGaEVTWmRxVFhTZUxibHJkakZfdGZyRFhfbGo0TzJncUlCRE9tUG1Hc0VNQ2hUcHBHRXFkVVRGdTJISk5zNkZkbkJMN1hMYXZfYzN5Q28zZ1Vud3UzVkc1WlhGdXo5cmgzVm9OUGd0cVRaV3lzMHJha1RMT2RPUUFEbW9XX3Z6Y1A2bmdUYlZTUTZZaU1rTnZSdmpVMmZQSko0T2VSM1BaRDRPaTBDWWVDblk3LUJsU1JBaERzdDkxcGJuUjhxMm5wbGJOTGJQZFg1WjV6R2haNDZnOFVqUjNxVEIwMUJQaVlya2QtYm93THZDU2t4dFpENmk2Q0NRT1Q3UGU4MjA3VGR0VEplY1RMOGZwd2pMbGZLdQ?hl=en-US&gl=US&ceid=US%3Aen,The Wall Street Journal,22 hours ago,📺 Wall Street Journal,"https://encrypted-tbn1.gstatic.com/faviconV2?url=https://www.wsj.com&client=NEWS_360&size=96&type=FAVICON&fallback_opts=TYPE,SIZE,URL",2025-11-29T06:41:37.191515
Opinion | Ukraine Corruption and U.S. Interests,https://news.google.com/read/CBMigwNBVV95cUxNdkJNWVdOYzJiUmhPYm8wMkI2dUlTVzUwZzR4bEM0OXRoUFlXT1ZheFc2SEJmaUZrU05fY2hacFkyZHhQTHN4cUg2RXkxU0lKdTM3amQ2WUVZdEZkd0NPOTdvY3ktYXhud3RIaUlrbDY3VEFRMFBLU0JqNjUtTzlvcTd6UURZVVlQTU9lVzN5RGxuTlVNc2xWTC0zVWFla0hhMkR3VnBIeGdOcklDVGhhV0htOU0zTTk4Rmk2bjRxSWh4dEljQlZ3d2xmQ0paLXJQZDM4QWJwdFZVN01XNFN5WWtQbHNZMVVjNGdwTC1HMXFDV1czQXltQ2RndW1rU19wR1Z6UzlWZWVmbi01VkJ1aGNKRUp1MDZENkw2S1JPck5SOXVrSExhNUZwN0owMlJ5ck5oR1FndmZvbHMyZWhFeEtwV2F2Z2dYcDFybjBjTHZaOU1SbWVzR3FjcURrWXhiRnlCamVYc3JoUWYwaGtQOHk0bTdTd0dMQVdxbVVra25WWFE?hl=en-US&gl=US&ceid=US%3Aen,The Wall Street Journal,8 hours ago,📺 Wall Street Journal,https://news.google.com/api/attachments/CC8iK0NnNVNSbEZtZDFKcFQyRkZiM0ZWVFJERUF4aW1CU2dLTWdhOVE1WXlJUWs=-w200-h112-p-df-rw,2025-11-29T06:41:37.191518
Make Money Not War: Trump’s Real Plan for Peace in Ukraine,https://news.google.com/read/CBMiggNBVV95cUxQSWp4Z2JLMjh6SWdMcXJPZUVmUkRUaUkxUW0xVmpmUWs0NU9DQ1pHYk5JM090eVpEMjNrZ1FORG5wTXJRRk52Z0xNWnlCdG9KVFRBRS1iUloyb3hCY0NRYV9lMjJxaEhXZmlkRm9lbWVpeWQ0N3J0NmZBWWZPV0dPV05wNDF3SV82eDZnM3AwTVhGYlNLUkpwSnZBRURWajNOSFZibTE4aFJsaWJjcXhLRWt6RHFHSVhwUjdNSDV0d3FXMno3XzNjcy1iT3pKaUMtbVpVajNiVDlaQlRpSHlKRXhXcDNNQjZBVHV3aXpqRXBQcDIydFJ1OE1FOFJhV0VaY2oydkp1MkJiR1JBZUE1ZUpfV1dNZi05Y3IwVkRudl9SeTZSVE5OZlVwSFItWFpnWXd5eV9jTVBSQmZ4Y3otbm43eDBkWm5wTm83XzZVQ1FCNzdjNm0ySmZ4aV9aRlRNWG1iakhBeC1wMWI1MHBuWFlWOFJ6dzQtSmptQ2lTUnF4dw?hl=en-US&gl=US&ceid=US%3Aen,The Wall Street Journal,4 hours ago,📺 Wall Street Journal,https://news.google.com/api/attachments/CC8iK0NnNW9PSE5hUmtsS05EWnROek41VFJES0F4aWVCU2dLTWdhbE5KS3NIUWc=-w200-h112-p-df-rw,2025-11-29T06:41:37.191521
AI Shopping Bots Threaten to Upend Amazon’s E-Commerce Dominance,https://news.google.com/read/CBMiugFBVV95cUxPa3oyZlJOd3JiMjdJWWhTdjRCdWV3RE00N3RaMmxiVTVvX3RHMHlTQ0NUZ05CYnVOMHhaQzZteXRWUVdWcG9SSlpwZ2dCMzlaZnNVSDVjTGRORkl3bXdVd3Nzc19lekI5QnpMX3N2ekU3YWI2OFJhRWpTODNCN0JkX1hhOTJQYl9MY2hSS1oyU1RzVzZuV2FIZkRyb2libmZieEJWR0VzVGc2QS1xN21xc3pNRzhfd0syb0E?hl=en-US&gl=US&ceid=US%3Aen,Bloomberg.com,31 minutes ago,📺 Bloomberg,https://news.google.com/api/attachments/CC8iK0NnNTNNa05IUlZocFMyRm9PVmMxVFJERUF4aW1CU2dLTWdhVlZKTEtxUWc=-w200-h112-p-df-rw,2025-11-29T06:41:37.191523
Ukrainian Nobel Prize Winner Sees World at a Defining Moment,https://news.google.com/read/CBMisAFBVV95cUxOaTRRLUpiVTlXTXNKSE4wU01jSmQ2UlNvdGl2ZFd5bWl2ZXlpeF9YTklGVEhqWUJmM0cySGM2YzNIdElzUXRrM24xUFJ0Y09lSllfdFlobUZzLWdhb3RZZEZGUy1WZkZuTTU2YjAwekRuTWRVbWlmaHpYcVRHcVlWNVhTMVYyNTJGNEdrZG1TTm9VTjZST3ZCSER6aFQzS3V1QkVnMFdNUzkyN29hdlBsLQ?hl=en-US&gl=US&ceid=US%3Aen,Bloomberg.com,17 hours ago,📺 Bloomberg,https://news.google.com/api/attachments/CC8iK0NnNHRWa3B1ZDJsSldYQkRSVnB4VFJERUF4aW5CU2dLTWdZQllwYXNwUWM=-w200-h112-p-df-rw,2025-11-29T06:41:37.191526
Trump: Permanently Pause Migration From ‘Third World’ Countries | Daybreak Europe 11/28/2025,https://news.google.com/read/CBMiiAFBVV95cUxOdzhwR2J4elY3OERJSWNJaXF5WjFoeGFYb2ZhcnNsbU1veVdwdXhUVFpqaHFwMHlQMUFJWmN3UVNiMmVMM25KRkt0cjBFMTVXeDRrU2ptUng2UUIzM0JMVEdwdF96WnVIOUJKaVdJWl9EekpsUVUxc0s2bmV4ZnQxd2VXQVNwN3dv?hl=en-US&gl=US&ceid=US%3Aen,Bloomberg.com,21 hours ago,📺 Bloomberg,https://news.google.com/api/attachments/CC8iK0NnNWZUbFF5ZUdGc2VVTlpTM0kwVFJEaEFSaVFBeWdLTWdZVmNwQ0lxZ2M=-w200-h112-p-df-rw,2025-11-29T06:41:37.191529
Zelenskiy May Be About to Lose His Top Aide,https://news.google.com/read/CBMingFBVV95cUxPaGE1cVdXMHVUSUNCRi0yNDc0WVNNLWo1MThnZ1l1eFl5c205SzJGQUNRM2VhNTgxTXV4S01hTGRTaTFkS0Y1d003UFB4ZmdlU3VkM05mVWozVm1CWEp0N2YwdFF2UW40Y04tYVQ4NWMxTjduMVEzakZCRHJCbDBjLW5fU3AtNlZpSkZ2NDcyT1Q4dTZvWm93dm1YTDN2dw?hl=en-US&gl=US&ceid=US%3Aen,Bloomberg.com,19 hours ago,📺 Bloomberg,https://news.google.com/api/attachments/CC8iK0NnNU5ZWHBaUnpkQlVXVjJTV2xXVFJERUF4aW1CU2dLTWdZQmtJWmlQQU0=-w200-h112-p-df-rw,2025-11-29T06:41:37.191532
Macron Brings Army Fatigues Out for the Young,https://news.google.com/read/CBMiygFBVV95cUxQb3FSVmlJWDh3UTlOV1FzQ2N6ZUtwNGJnTjduR05CR3FEQmY1VjNHZ015bTNHejZETm5MZkVMWHEwTzVncjRCc1ROV1U5Uy1JZHJ3c0gwNHNzcTRhdXlsRzNPWDFYLVFpSnlxaDRac1FET3NxWjNLckxCSjREM2tLWWVJTFdYVkJQOUZILUM2NnhWTS1zeEliMkk2OUVPdl9qZG5XTjMzaGlrd09OcW9HMG00ZWtySjhzUEZZdkVKXzF2M1BDWEZPelBR?hl=en-US&gl=US&ceid=US%3Aen,Bloomberg.com,5 hours ago,📺 Bloomberg,https://news.google.com/api/attachments/CC8iJ0NnNTBUVGRvYVc1Nk56TkJkakIwVFJERUF4aW1CU2dLTWdNQmtBWQ=-w200-h112-p-df-rw,2025-11-29T06:41:37.191535
"The US Needs a Strategy in Venezuela, Not Airstrikes",https://news.google.com/read/CBMiugFBVV95cUxQRm9pQ05rZnlkVnB0N0xvMjVqWWZmUDM4cWV1c3hBSVRTQlRjQlVvdEVoZHJYenlBY3VxWkQwYUNCR3JKa0pXMTdsMmk1TmFPbDhNYWhVVnIta0puZmRnNERoUlZwZlVWZGpvM1FVcnlXZDlzc3NtemNCTW1lSTZKejFLR1V0QUVaQmVzZ1pubG5DUTBoUGwxcWU4TDRULWVBTVBWU2I3aVBjM1JiMWRCUlZ2UnZlV0NBSkE?hl=en-US&gl=US&ceid=US%3Aen,Bloomberg.com,19 hours ago,📺 Bloomberg,https://news.google.com/api/attachments/CC8iK0NnNWFlVGd3UkdsblRYVldla1JqVFJERUF4aW1CU2dLTWdZZFJJYk5IUWs=-w200-h112-p-df-rw,2025-11-29T06:41:37.191538
Sheffield United Owners Look for Capital After Early Challenges,https://news.google.com/read/CBMitAFBVV95cUxQaTE2Qk1kSmpEeTdWTFVFSVRkSWU0RmhwNlEwOXRBdy03WmZBbHZCVU9mQThyM3pQTWJkQ3pQTWVTREs0T2tCSWNFeV83UHlBT3Ffb2hCRTNIaVNhMFY1cE92VWNDeGNnS1B1cE1nNU1GdHBKUnR5S19qM1E0MGU0REhyelpJSjRtaWZueFQxLTdXclkwWGViOXFCbnJuN1VDdGVwNE9vcVJiNzl1RTVBTlN1U28?hl=en-US&gl=US&ceid=US%3Aen,Bloomberg.com,17 hours ago,📺 Bloomberg,https://news.google.com/api/attachments/CC8iK0NnNDNXVGh0U0VORFlUZEdSVWRYVFJERUF4aW1CU2dLTWdhUk00S3BtUWs=-w200-h112-p-df-rw,2025-11-29T06:41:37.191541
Watch Hong Kong’s Fire Safety Regime Under Scrutiny,https://news.google.com/read/CBMiogFBVV95cUxOcU9tQUk4Q3Nmam5RZ2phRlNzcG93bTA0SUNXeW1HU0dSWl9iRF9CVXJrSGxoQ3lYNDhiR29wX0pwcjN3MlZPbm11MHNMOVNYQU05MGE0cVNUNV94TUpvYU1STFhkOFJkczhJeUxrb01SVl9VUEFVY2I2bzVBaS14UWlMdmRoV0UxZy16dEpnTHYtTzV0SUdxOGlWSXkwS0Q3UEE?hl=en-US&gl=US&ceid=US%3Aen,Bloomberg.com,23 hours ago,📺 Bloomberg,https://news.google.com/api/attachments/CC8iK0NnNWZjMGxTWTNKS01tdHlhazltVFJEb0FoaUFCU2dLTWdZRllJQ281QUE=-w200-h112-p-df-rw,2025-11-29T06:41:37.191544
"Norway Set to Keep Ukraine Aid Steady for Longer, Lawmaker Says",https://news.google.com/read/CBMiswFBVV95cUxOdk4yeVlOR0NpYlVEaUREUWEwYWRIVk5RZmhLZzRpQ0tJRWRwdl9GRURma0tOU2JHY1ZlWG1UdE1HNU1aMUZqWFBmWm9FM09zYXBvR1NSR0pTTU5iOXN5WHE3c0dLQ29CTFYyN3hvTWl2X2x2SHVrd2o0WnRxd2lkZXhuVFJwRUhOMUtrRTZoRUNVT1h0WkMxM3pGZW1yY2FwU3hEYW5BVklFTHQ5Ukc5LWk4SQ?hl=en-US&gl=US&ceid=US%3Aen,Bloomberg.com,15 hours ago,📺 Bloomberg,https://news.google.com/api/attachments/CC8iK0NnNUZRMjl4ZW5Kc01XZHdWVUZDVFJERUF4aW1CU2dLTWdZdFk0YU9JUWc=-w200-h112-p-df-rw,2025-11-29T06:41:37.191546
Security News | Page 182 of 209,https://news.google.com/read/CBMib0FVX3lxTE5ZUldGMUQ1ck1RcHNON2JpdHpnYm1oVTJ1OTVvWTFpd2Y2VUhiNXM2eXdtNVc1bGgyTmJWbEhDaGVDa1VhQWVidGJoQXVBY2I4UWFGSm9ENHRHekdNclZ0Mm1JQmZ2WGYxQnpQZWZDWQ?hl=en-US&gl=US&ceid=US%3Aen,TechCrunch,20 hours ago,💻 TechCrunch,"https://encrypted-tbn1.gstatic.com/faviconV2?url=https://techcrunch.com&client=NEWS_360&size=96&type=FAVICON&fallback_opts=TYPE,SIZE,URL",2025-11-29T06:41:37.191549
Black Friday deals on chargers and power banks we love from Anker and more,https://news.google.com/read/CBMinwFBVV95cUxQbGw0czJBVVJ4UzdBdWtIaklNTEJLUjNxYWFUNXhFWXplNjVQTWJ4b1U5b3oyMXVHdl9ySXRBbzc0OG42ZzRGZWRlSHotc0tnbWNDcDFhVm56NVVWNUFnanlFanJORXhoVDlENkMyaXdiT3V4c3E4akJYZkhpV3RRdEU1VFB6MVIwNzRmeWk4SDBZR21pWjk0R0hiUUZncnc?hl=en-US&gl=US&ceid=US%3Aen,The Verge,13 hours ago,💻 The Verge,https://news.google.com/api/attachments/CC8iK0NnNDJOakZOYlhZdE5XVmFOR2RGVFJERUF4aW1CU2dLTWdZdEpJU3ZtUU0=-w200-h112-p-df-rw,2025-11-29T06:41:37.191552
"Bose, Sony, and Apple headphones are cheaper than ever for Black Friday",https://news.google.com/read/CBMijgFBVV95cUxNQ1J0Zno1bmlSdVBaNDlBZFpaMEh0N2xZT2puSTVMMk1PWVlTWkR3c3UwZk9hTEtJTzBGbUxkYlZ2V3g0aE1XdkQyWHVKUFNoTWpUOS1XT1Y0YVBMYlJMbHV4cTNXelJZY2g1OGl6bzM1X24zSHpJOWthZ3VuYUIxekdVZmsyZ3dPcER1ZnBR?hl=en-US&gl=US&ceid=US%3Aen,The Verge,11 hours ago,💻 The Verge,https://news.google.com/api/attachments/CC8iK0NnNWpaM2RIUzFGRVMyTkdjMFowVFJERUF4aW1CU2dLTWdZZElJWnNOUVE=-w200-h112-p-df-rw,2025-11-29T06:41:37.191555
Apple’s most affordable iPad is over 20 percent off for Black Friday,https://news.google.com/read/CBMilgFBVV95cUxOeXBDX1JsUzhmZXpHZk5QQ2lEZlJ4OHc1dmFUbldpUWk4NXRYTkFEQ2JGTGZKUzhjdmNsRjJpTXdwaDAtUm84TExpUGF3RklzR0ViMFZrODY4Y1VTblNFeFl5c1A3RG04eDV5TG1WWFFwRTYyQm5ObmsxLS0zYlFpVTRQNWZ0OHdmSGtMVm9xMjVjVzlLTVE?hl=en-US&gl=US&ceid=US%3Aen,The Verge,12 hours ago,💻 The Verge,https://news.google.com/api/attachments/CC8iK0NnNVRjelJLY0ZNMk4xRldOSFJxVFJEQ0F4aXBCU2dLTWdZcE5Zek5IUVk=-w200-h112-p-df-rw,2025-11-29T06:41:37.191557
Intel could finally return to Apple computers in 2027,https://news.google.com/read/CBMifkFVX3lxTFBlV1BSTHJvMW92aF9MMnNLVEI1WnZTUUpiR0dhZ2RzXzRpbi03SnpvSGFGam04d0YwZDZFcHZnVExCN2JLWWxQNG81YnU4LU1SYnhrVXRieW4zbnpLT3JOSUNkbnpxalh0Sm1ISnkxMWliclJmN3NubWR2akwxQQ?hl=en-US&gl=US&ceid=US%3Aen,The Verge,11 hours ago,💻 The Verge,https://news.google.com/api/attachments/CC8iK0NnNVBNV1ZCT0dNelZ6RXdNbWRRVFJERUF4aW1CU2dLTWdZZHBJcU9QUVk=-w200-h112-p-df-rw,2025-11-29T06:41:37.191560
Black Friday deals that are most popular with Verge readers,https://news.google.com/read/CBMihAFBVV95cUxQR3JON1g2ckk3amRYZDNGQXVGRlptbGt1Zk5nM0tFenItYVV0Mzk5R0JKSkJBWm1NTmpUNlNOSUxqdHhZd09EUE1DVWI2ME9jMnROd25HUGM0dTRKZUlyWXdJcDJPbW1RRU5rZnJ2c0VmeXpkc1NGNUZUcjFlbDBjVzZfNk0?hl=en-US&gl=US&ceid=US%3Aen,The Verge,7 hours ago,💻 The Verge,https://news.google.com/api/attachments/CC8iK0NnNU1hM2RRZEVSQmVXTXpWbXAyVFJERUF4aW1CU2dLTWdhUlVZeUhNZ1k=-w200-h112-p-df-rw,2025-11-29T06:41:37.191563
You can pick up 32GB of DDR5 RAM with a whole PC for $999 for Black Friday,https://news.google.com/read/CBMisgFBVV95cUxQSFBQRzdnNGlPTGg0OTlkNW5UMlI1NWpFS0lXUWRnTlllSVZrSlhDNU9oZ0lpV1cteFJ5UEpSZk9jOENvZmlVRUVsNXZyN1lFd3RXUmF0ZjdWcjVFQUprdmVUTDZqS0JGdWpXSTc4bW9JRkZPcUZnTDBfc2R0UGxTczJKZ3F6aWZJM2VzNVM2cHFFR3NFVU5MQjhLejhPMW53eGVqX2VjM1lwdnNKa18xNFZn?hl=en-US&gl=US&ceid=US%3Aen,The Verge,4 hours ago,💻 The Verge,https://news.google.com/api/attachments/CC8iK0NnNUhWMmh2U1VOUU1XNVNiazl3VFJER0F4aWpCU2dLTWdZQkk1SkpuUWc=-w200-h112-p-df-rw,2025-11-29T06:41:37.191566
The BrickBoy kit for the Lego Game Boy uses floating magnets instead of switches,https://news.google.com/read/CBMikwFBVV95cUxPVVZMSDNIMklhNnlLVDROS0VFMlpkR1BUYWM0YVlKQjdWYXJTbFpoMWg0NDBCMEZiVS1RWVJ5VGlQVWhzVDg0NWVzTjZ3MEFudDlUb0hwa2p4aVJaNklXNUhTTXZPa0dMUDhjaU5xLU1hTWdaVlBJbTE5aklieFd2cHhnNGxHd1kxTGhFWERWRDJHaVU?hl=en-US&gl=US&ceid=US%3Aen,The Verge,6 hours ago,💻 The Verge,https://news.google.com/api/attachments/CC8iK0NnNUZZMXBSZERCRGJGTTRVa3hGVFJEQ0F4aXFCU2dLTWdhQk1ZcXVHUVU=-w200-h112-p-df-rw,2025-11-29T06:41:37.191569
Nearly everyone you know is still using Facebook,https://news.google.com/read/CBMid0FVX3lxTFB1YUx2VVUzNi1vTThwX3RTZWZXWllUYVFuelltYjFvZl9aNzJwTEExbWlTcHk0VDFRcGQxRW1jaWtSUUVWQ2FDaU41cmJCSklvQnZEbGdXV1E4NXVYUU5mVnY3QjE1TnFKUUZGQ2ZZd1d6eDhrWXI4?hl=en-US&gl=US&ceid=US%3Aen,The Verge,13 hours ago,💻 The Verge,https://news.google.com/api/attachments/CC8iMkNnNTZUR2xTZUVoQ1lVRnROSFZUVFJERUF4aW1CU2dLTWdzTmNvenBzV1ExYVdxdVJB=-w200-h112-p-df-rw,2025-11-29T06:41:37.191572
Ninja’s versatile Creami ice cream maker hits an all-time low for Black Friday,https://news.google.com/read/CBMipAFBVV95cUxNS3JpSnY3XzlvVlBWS0J1RzhUdktnanJOU1IzNWpqcUttbzByeWo4TGJwd0JxWmZFaVN2akg3M1pPSzlybkNNTmYtTk9SdUtuNU56OHRKbEVaeVJzVWVpeVRXa0s4al9FM2s4RjBmSlpoaG9ocTA3cV8ydGphdWhONmpFYUJhSkNXd0tPbnA2djdnQW5zUGtWcXpQRjdBTEVUdTJiZA?hl=en-US&gl=US&ceid=US%3Aen,The Verge,4 hours ago,💻 The Verge,https://news.google.com/api/attachments/CC8iL0NnNWtWRXB0Y3pjd1dFTTVNbXRUVFJER0F4aWtCU2dLTWdrTlE0VHJIZWhMTVFF=-w200-h112-p-df-rw,2025-11-29T06:41:37.191574
These 50 handpicked Black Friday deals are still available for $50 or less,https://news.google.com/read/CBMikgFBVV95cUxPQWhodVE5YlhJUkJMc0xpU1pINEhDeTNLSkg1Wk8xRGRsUDR3UGN6WjFtSzRhVnNtVFhzU2VXaWZlajExQ1cwT0tRRU5mbklwdWt1RUdYNjNTSlEzZFpxSWdERXdlWlNLRjdMZzNzZXl1TDdma1dvek1SVndZYml0SnZ5WWFGM0Q4TV90RUN2Nmg5Zw?hl=en-US&gl=US&ceid=US%3Aen,The Verge,2 hours ago,💻 The Verge,https://news.google.com/api/attachments/CC8iL0NnNTBRV2w2Y1ROYVVqZG5jV1V0VFJERUF4aW1CU2dLTWdrTk1JNEZwQ2VTTVFF=-w200-h112-p-df-rw,2025-11-29T06:41:37.191577
"Drone News & DJI Rumors: Mavic 4, Mini 5, Neo 2 FPV Drones",https://news.google.com/read/CBMiNkFVX3lxTE5qeXVGNFRZZ1g2Zlg2WHI3Zmo0MHRLSTQ3dHRDLUlHUW5GWDgwMkJuYjhrd1ZRdw?hl=en-US&gl=US&ceid=US%3Aen,DroneXL.co,"Feb 16, 2020",🚁 DroneXL,https://news.google.com/api/attachments/CC8iK0NnNWhPVVJ6WWpOV1VISnpjR1JQVFJEYkF4aUZCU2dLTWdhUlVwaHNwUWc=-w200-h112-p-df-rw,2025-11-29T06:41:37.191581
"$30.5B Defense Darling’s Drones Nosedive 8,000 Feet In Air Force Tests",https://news.google.com/read/CBMickFVX3lxTFBnOWx3WjVDRjdYelhyYmF4UExMM2hXenBLbEJleVlENUYteDdrdHZDY3M3QUtESVZLbmRDNlJ0RkZYRHp1dnlCeXdIVHM2QWU1dkhhbVV3bGZFT0hDLW1MV2FrX0V3cG5BeWFGeW9vZV8yQQ?hl=en-US&gl=US&ceid=US%3Aen,DroneXL.co,11 hours ago,🚁 DroneXL,https://news.google.com/api/attachments/CC8iK0NnNUhTWGN0YTBscGRFdE1jVWhEVFJEYkF4aUZCU2dLTWdhUlVwaHNwUWc=-w200-h112-p-df-rw,2025-11-29T06:41:37.191583
First Responders,https://news.google.com/read/CBMiTEFVX3lxTFBySnNURFhUejBFZC1VTDBPUFNzZ0lKcnlQZk9jdXhwQnEteDhkLXhRQ2QyY0VUQkF0Z2taTlVxc29mdGkxT0c0c0d1OUY?hl=en-US&gl=US&ceid=US%3Aen,DroneXL.co,"Jan 14, 2022",🚁 DroneXL,"https://encrypted-tbn2.gstatic.com/faviconV2?url=https://dronexl.co&client=NEWS_360&size=96&type=FAVICON&fallback_opts=TYPE,SIZE,URL",2025-11-29T06:41:37.191587
AI X-ray Archives,https://news.google.com/read/CBMiS0FVX3lxTE9Rd0s0czlJM21zd3BnenhxZG9kTDdsVVBvX0xzaUc3dXBjS2c1RkU1ODF4WGZwWTd0V1RRdHZWT3Q1dlFGNHo4V2FXRQ?hl=en-US&gl=US&ceid=US%3Aen,Dronelife,13 hours ago,🚁 Drone Life,https://news.google.com/api/attachments/CC8iK0NnNVZaM2RqZVVWQ05WOW1abmxUVFJDc0FoaXNBaWdLTWdZTmtaRExPUVk=-w200-h112-p-df-rw,2025-11-29T06:41:37.191590
cockfighting enforcement Archives,https://news.google.com/read/CBMiYEFVX3lxTE40UG5lc1BJNkdpRUZKZ1J0ZGQ3OVNBbFI1SndOd25RN2xqMWI3ZzF5WDh3SzRHT0F3dWRyckF5RWZCTFBjZ0JORUtkNW5kWXJocThsSDZhSGh6NHc1eG96VA?hl=en-US&gl=US&ceid=US%3Aen,Dronelife,13 hours ago,🚁 Drone Life,https://news.google.com/api/attachments/CC8iK0NnNDNWRzE1V1RoT1NVaGplVUV6VFJDc0FoaXNBaWdLTWdZbFFwb3ZJUWs=-w200-h112-p-df-rw,2025-11-29T06:41:37.191593
Drone News from PR Newswire,https://news.google.com/read/CBMicEFVX3lxTE4yMGlkYUpOay1NOFZfNmxTcmliRkN1V3k2ajVxbTZ5eWJva2p3ZnFKUU01ZHdXQXJDLXM3MUZ4cC1aSG9yMEZZLUZjS25KNWJnMk9uR1ZodVh3RkFUQjhzdzd4NDJLUDZfMXRsdmxKbnQ?hl=en-US&gl=US&ceid=US%3Aen,Dronelife,11 hours ago,🚁 Drone Life,"https://encrypted-tbn1.gstatic.com/faviconV2?url=http://dronelife.com&client=NEWS_360&size=96&type=FAVICON&fallback_opts=TYPE,SIZE,URL",2025-11-29T06:41:37.191596
Drone News Archives,https://news.google.com/read/CBMiVEFVX3lxTE82SEFHSlN2ZFYxc3BBQmU1Y25aWG5KVDNaOUNPbnVxT2UzTmxJVGV5SXpaTmdLRzE2U0p2NTI0RnNERjM1TzBKRnJqcGREV0FZVE1nZA?hl=en-US&gl=US&ceid=US%3Aen,Dronelife,"Sep 12, 2017",🚁 Drone Life,https://news.google.com/api/attachments/CC8iK0NnNVZaM2RqZVVWQ05WOW1abmxUVFJDc0FoaXNBaWdLTWdZTmtaRExPUVk=-w200-h112-p-df-rw,2025-11-29T06:41:37.191599
Palestinian killed by Israeli drone strike in southern Gaza,https://news.google.com/read/CBMirwFBVV95cUxNb0RkdFVCV0F1OXptZURWeklTUjNjSWMxeVhHZW5sd0JjZWFKVXUtdFgtdnNhQ01CR3RtZXhrQ0U2bkdaekdYanhTbl9CNGlXLUdSTXZTa09jWU9Pc01Mc3BfM0NIZ3JRazEwVmZvQ1pzY3JsT0V0RXFZR3lsNGM2NHVWQnc0RFJqMUlUelhhdy1XZVNPYmM1a3dvMzhQNGcxSTlOaUloZm5sTm9uSlNn?hl=en-US&gl=US&ceid=US%3Aen,Middle East Eye,23 hours ago,🇵🇸 Gaza Drones,https://news.google.com/api/attachments/CC8iMkNnNUVPWHBYV0VjMWQyUm9TRUUwVFJERUF4aW5CU2dLTWd1QkFKS0pFS3JBQ2xvTmd3=-w200-h112-p-df-rw,2025-11-29T06:41:37.191602
LIVE BLOG: Heavy Bombardment in Gaza as Syrian Casualties and Israeli Injuries Reported near Damascus - Day 784,https://news.google.com/read/CBMi6gFBVV95cUxOMnU0OFY2NXloeWtYeFl5R0JGSmFhQ25qWlpWX1dqeldaT0NNcHo4azRYWkFaSThhbkNpajUwN3RpU2tEN0N1REJLWTRIZmQ0WDRkZmZIbDM5cFZ5c3JsTEhVaE5CeHBKU3Y3eFBGSXk0UlJPbjdMV1lVbDZBamdiNU9wdEJGWFNFMkJZamZiX2ticGgtU2dSM1R3SnpRSDNNaUhERG9JdFhnRUtWTmljWHI0Q1h5MFlwVlREbGJTY29zSGhHRlFYMkdUdTIwaW96OUZPckVGUTBLampKS3lNRkZRWkZrbFZqQUE?hl=en-US&gl=US&ceid=US%3Aen,Palestine Chronicle,10 hours ago,🇵🇸 Gaza Drones,https://news.google.com/api/attachments/CC8iK0NnNVVSVEEwYm1obUxYaFZjVzVhVFJER0F4aWtCU2dLTWdhQmtJaldRQVE=-w200-h112-p-df-rw,2025-11-29T06:41:37.191605
How Israel’s use of AI in Gaza has transformed warfare and the ‘automation of apartheid’,https://news.google.com/read/CBMiZEFVX3lxTE1oUzhVTWxZZ2ZXSVJodkx0VDRrbkdMOUkzSXdaNkpmZFV4OHNUTmt6ZHVlMXphbEVkbU1TTUFEZWJkWDdWX2xGMTVCc3Q4MzNHY1B5SWp6MXN1Rk9nMjR2QnAxRUg?hl=en-US&gl=US&ceid=US%3Aen,arabnews.jp,23 hours ago,🇵🇸 Gaza Drones,https://news.google.com/api/attachments/CC8iK0NnNW5kMjVhTm5oMlRXOUpYMmR2VFJDSkF4aWVCU2dLTWdZQlFKS01wQWM=-w200-h112-p-df-rw,2025-11-29T06:41:37.191608
Nasser Hospital: One killed by IDF drone strike east of Khan Younis,https://news.google.com/read/CBMisgFBVV95cUxQaHZPbEY4YjBESmZuZ05odWhjaDNrTElfaXZKcjJINVVFS3V2emRrX0lWZ0xmbXNOVHJYZ0t4ZFNodWhrOTB0WXg2NFpyZUltYUpEa0dVRE5leGZMVDVnUzczNkJGLW5SNnlMTm4yOFFIRFMyUGR3V3F4OU5KYzNGWWllQkZ5S1hOS2lFLUtrYzhnMjgzaDBXUlcxNXdTM0E1ZlJlUHdNSnNRRjJZSGdCcV9R?hl=en-US&gl=US&ceid=US%3Aen,The Times of Israel,22 hours ago,🇵🇸 Gaza Drones,https://news.google.com/api/attachments/CC8iL0NnNVJjV1kxUkhsVE5ESjVlRVpRVFJDMkF4aThCU2dLTWdrQlVJeXBMU2dlTEFJ=-w200-h112-p-df-rw,2025-11-29T06:41:37.191611
"Israel bombs Syria, Lebanon, Gaza after executions in West Bank",https://news.google.com/read/CBMikAFBVV95cUxOQUtLTlBHYXhfODNuSUFqb2RZOE5Rd2lnS2NIanV6U01DVW5KRnZsMml2cWdHT3FUaGVWZjVZdzVmenhZSkFTaGxnQ2lQNThkdU9xei1sTkZuYnNFWnZ0Q1kxS0FsQ2lKU3pNVnJsYXdMQ0RqTFY1VUFfb2RTRFhyOVREaEQwMGRqVzU0dDJ0VVrSAZYBQVVfeXFMUHlZVHZTenFFbzZ5SF9Fck1Pd3J6MTVFd01GOTRCVi1nS2htU0l6R0thMFhMSmVkMmlNVHZFVmNkcGFqanpVY3JZemg4dHJtc2V0NnlGeGR3WlVkbVB6NkprWXJkZzg5NDlSdnNkTW01dF85RjdKSjJUaXgzS0pzWHNfdHZpaXdlbVZMNzFkRzlCVDNONy13?hl=en-US&gl=US&ceid=US%3Aen,The New Arab,5 hours ago,🇵🇸 Gaza Drones,https://news.google.com/api/attachments/CC8iK0NnNDFOSHBTT0hsYWR6UnZZbnBwVFJDb0FSaXJBaWdCTWdZQkE0S0hZZ0k=-w200-h112-p-df-rw,2025-11-29T06:41:37.191613
"FO slams Afghan link in US shooting, Tajik drone strike",https://news.google.com/read/CBMilgFBVV95cUxOZ29pb2xCRGpKRlF5Z1hUMURhYUlsc3BkUzVlVXduRVZ3bkFPVnVlT2lfM1ZjMldzYzdYS0duWTZvVFB3OVdZT3dDZERMNE1HdTRCZWl3S0RkWXpFb2FieVJBdzhGelN2Wml0LTV4bmNWcy1ES00xRjd3ZXF0Rk11RmpxZjFBWXE1RTdEd2x4LTVXNVhNZ3fSAZ4BQVVfeXFMTjdLbjNVc09TeGgxOTJXSWVPRkoxT2dqMWhoSUxsN1V4SmRrbkM2cGxnY0V6RXZacUdmY3dscVc5WUxlRmhudDRHaktyM2gtSkpRcHpDS2pzVjdKVFhiZUdZbEw3M3lDTWZYZ0FiMEhBc0FLUW92LU1xb1oyOERYMF83bk5mRXNQRVdZTUNSQ0t6UWoza2JpaUQwSXh2Smc?hl=en-US&gl=US&ceid=US%3Aen,The Express Tribune,19 hours ago,🇵🇸 Gaza Drones,https://news.google.com/api/attachments/CC8iK0NnNHpNM0l0UjNOVmVVNW1VRkZ2VFJEZ0F4aUFCU2dLTWdhdEpZRE9HUW8=-w200-h112-p-df-rw,2025-11-29T06:41:37.191616
"Israel strikes Syria, Gaza in air raids",https://news.google.com/read/CBMitwFBVV95cUxNRGFUMzFneUVlM2liTkRRQ1JjOFVaNk8tUDNONGIySGJSUjVqTXVZbXlZY0plSDg1OHVxWmdTWGpXNWhCZDVydmltVXNwb2JjaVRFS3BNLTVjQ0tZNjBvUkpoZnZ1OUQ0OXRrWG5ESTctalFQWVBnOWZzWUVTdnppV0FibUtuMVExVmtYbloyd3lJeWtjSmtSTXo3S2YydFF4bXJCMDZ1V1pNMUFRNlpkV21DQUJKNTQ?hl=en-US&gl=US&ceid=US%3Aen,The Daily Star,12 hours ago,🇵🇸 Gaza Drones,https://news.google.com/api/attachments/CC8iK0NnNHRhbTVtUXpNMldFd3daREUwVFJDb0FSaXJBaWdCTWdhZEFvcE5FUVU=-w200-h112-p-df-rw,2025-11-29T06:41:37.191619
IDF said mulling expanded op in Syria if it finds Sharaa’s forces fired on troops,https://news.google.com/read/CBMixAFBVV95cUxQY29jSmI4NWZNZkhDX05faFhjYTFTNURFeWJHRE5qWE5ac0VHQUNYZjF6VGJfY1NVZ3N6OUhWYVhPVGZoWFhzWFdKSXRROE5rQVZRRm0tYU5uSFRIdGs2cElTYkJnN3lsQWxsMElhTkhKQTFzMGJtY25Kb19mc1lDbnh5Sll3clZtako1SE5IcUpJZ0JaRFNfellKTnZsdUt6djdPTjNxQ1FNTU1hTy0xTXl2Ni1NVnhOSkd1WjhMUzludWtR?hl=en-US&gl=US&ceid=US%3Aen,The Times of Israel,9 hours ago,🇸🇾 Syria Drones,https://news.google.com/api/attachments/CC8iMkNnNVFkVU5mZGpCclRYYzVORXRxVFJERUF4aW5CU2dLTWd1QlVKTHJxT2k0ejVuZ2d3=-w200-h112-p-df-rw,2025-11-29T06:41:37.191622
"Ten people killed during Israeli raid in southern Syria, Syrian state media reports",https://news.google.com/read/CBMiwgFBVV95cUxOYnctT3h4X3pLM2FIRDhrX0FWQUxmdmpXbG9wSTlvU1JmalhocFNDUktUbEhmY0xZamlfVjdHeGhrZGhjX2RSU2Znakl3czBQLU0tb3ZTQnh0VnVJNW1VSlRLdVZzc19XRTJWN0VBT2VUV1dkaUs4UEMzQUNjNzJtV2xFQUxIS1dSZWg5MW5PMW9taVdiZGl0Tlp6a3V0MFVBQU1lNGQwWmozVlp6bm1PaXdNa0JPbXF2WUQ5ZS1LdE42UQ?hl=en-US&gl=US&ceid=US%3Aen,AL-Monitor,21 hours ago,🇸🇾 Syria Drones,https://news.google.com/api/attachments/CC8iK0NnNVBSbkJEV25ZMk9VOU1RemxOVFJDb0FSaXNBaWdCTWdZeFZZYVBJUWs=-w200-h112-p-df-rw,2025-11-29T06:41:37.191625
Syria’s Beit Jinn buries its dead after Israeli deadly incursion - Shafaq News,https://news.google.com/read/CBMinwFBVV95cUxOb3BIa215Qi1ZRzN3RHVJa0pWc3c3Uk9WQTNDMzhLVmpjZ04tdjFZdnQzTWFJUVg0eDlMQTJQY2lGMkxHS0VVRkJhZWsxeXZBV3E4TW53WE9pVDFreXM5Uml2M1MwMFFva1I2andyc1lpRzh6UnJhQnQwM3FicTRjTFhlbDhIcTVudlU5YmRtYVQwRV9UZTR5dkQzdUJWQVHSAaQBQVVfeXFMTmdOZ3VnY2tIekVzT2xxSGtvdUJpdnB3SjJiaUtVWWF3LVU2czI5NVZpU2VCd0hvdzBnYVVFVzU0dU1vcTZCc1lTVS1kc25KenIxU283Nk1yYzYxR0ptX3BMeTBYMmFvY05peXRWbHVSWmx0TFRZQzIxSlBDTkE5cDJqZEUxcWIwR0ZDU01RRkhaeE9uQ3ZnQktFbVd4YXAwQXJnQ20?hl=en-US&gl=US&ceid=US%3Aen,شفق نيوز,16 hours ago,🇸🇾 Syria Drones,https://news.google.com/api/attachments/CC8iI0NnNVBNbkZMT0cxdVRUUkJVVFZWVFJEbkFSaTlBeWdLTWdB=-w200-h112-p-df-rw,2025-11-29T06:41:37.191628
"Syria to build new 150,000 bpd oil refinery as Baniyas refinery’s capacity dwindles",https://news.google.com/read/CBMiowFBVV95cUxPRGhOckxGSlVHM2hFbFN1U1JJOGJXSjNQQXk2a2RTODc3QWJyenh4S2lEQ3VpNE93Y0xEM3ROSGJwandnYnI1cmEybHJIWmdhU2hSM1AybGJjb0drUUJFazBjV1hHRWxiSU40OVo5WGRQb2RwMmFSajVab2FRQWdDeUZja2lTaS1VOF9uaFNNMS1yNFVESXY4UnlsME9xNEwwcWdV?hl=en-US&gl=US&ceid=US%3Aen,The Arab Weekly,20 hours ago,🇸🇾 Syria Drones,https://news.google.com/api/attachments/CC8iK0NnNXVRelY0ZDBNMWVqTlFTV1ZpVFJDb0FSaXNBaWdCTWdZQmtJcW1QQVU=-w200-h112-p-df-rw,2025-11-29T06:41:37.191631
Israeli troops injured amid deadly aggression on Syria,https://news.google.com/read/CBMimgFBVV95cUxQYXQzRHNZZFQ5dDNTNUtoa3ZJc1pkeUVOSmpvMFR2ZDRGcExYRktWTkhnNXRwdGRseXh4TFBWTTZGMmFVc2hCVGVSdXhRMUp2a0V4dDdreDA1SE5ndXZiOXVWQWFwZHpFSkpuc0plRVpmaHNkQldnWGpESUd5eDdrc2ZPV1RJOFFkdzNOVlBlLXc2Q0JFbzlndDZR?hl=en-US&gl=US&ceid=US%3Aen,Tehran Times,15 hours ago,🇸🇾 Syria Drones,https://news.google.com/api/attachments/CC8iK0NnNWZlV2xSY0haaVJHaHhPR1UwVFJEZ0F4aUFCU2dLTWdZRmNJeXBzUVk=-w200-h112-p-df-rw,2025-11-29T06:41:37.191634
Japanese Defense Minister Koizumi Tours Military Bases Near Taiwan,https://news.google.com/read/CBMioAFBVV95cUxPalQyaGZtbHlxS1BEb19yM3M4azgwbE5FRnFCNGplMWFITTRYNmZETEU2cXN3cGM1emtuTENYUlJycXNTajZjTXNSYXpkYUNHT0owemZfTk1RTzJrVWlqbUhfbXdGWjNXMF9wUUxlNFlsZ2EyNHlPQWhiVTh4T0xTOGp3RWJwNTM4c3dNNk5oaXBCaDJSRmMtc085SzFhTjMz?hl=en-US&gl=US&ceid=US%3Aen,USNI News,15 hours ago,🇹🇼 Taiwan Drones,"https://encrypted-tbn3.gstatic.com/faviconV2?url=https://news.usni.org&client=NEWS_360&size=96&type=FAVICON&fallback_opts=TYPE,SIZE,URL",2025-11-29T06:41:37.191767
Taiwan purchases advanced missile system from U.S.,https://news.google.com/read/CBMijgFBVV95cUxPeElJVUxFS3JwV2lMS21aRFBfQmYyZHJWeE5MUGwtTGhGX2M1Nm5QT2szRGJmQzAxMWJSSlVXQkNIMlRoRWVmLWhEMFR5VHF5MWxkLS02Z3VOaHlrc3F1dzE2dkVJYnV2ZlA1Q0c4dWc3YkFBa1kyYVZKcmhHMUE3VFJjRDMzTi11ZHpQYmlB?hl=en-US&gl=US&ceid=US%3Aen,Indo-Pacific Defense FORUM,12 hours ago,🇹🇼 Taiwan Drones,https://news.google.com/api/attachments/CC8iK0NnNWxhVFE0T1dRMGRUbGlaSE5SVFJDdUF4aktCU2dLTWdZSndJVE9XUVE=-w200-h112-p-df-rw,2025-11-29T06:41:37.191772
Raytheon (RTX) Wins NASAMS Contract to Strengthen Taiwan’s Air Defense,https://news.google.com/read/CBMirAFBVV95cUxPWTNzX1h0SDBQRXpDTTVRMXhsUzktUW5VZzRja1NocDQzcW5iLUlCR3VYZVczMFEzeDlJT0UwZ09HdFBoNl81NnFDR3Q0cFlXa2d4bXl5amxIenNMQkhhbEdPQnVaUkR2amkzUjJ5UXIxZ2JSbkMybUlCazJQSFk1VkdPRm9MbjNNM2h0eV84ek43WndEZmVPSkMtVGxlejBmb1A0LXEwdTVtbThE?hl=en-US&gl=US&ceid=US%3Aen,Overt Defense -,16 hours ago,🇹🇼 Taiwan Drones,https://news.google.com/api/attachments/CC8iL0NnNDFVaTFCUzJSeFZqVkdiR0V0VFJDdUFSaWhBaWdCTWdrQmhJVExOYU9vTkFF=-w200-h112-p-df-rw,2025-11-29T06:41:37.191775
MILITARY: Conscription in Europe infographic,https://news.google.com/read/CBMif0FVX3lxTE1jV29JVzVSSnM5T1RWajMxaTd4V2M3bnRZM01yc2ZOYWx5elQxR08wRVJfNWRNSTBWNmVjWjE3c3I2cjhLbXo1eTZmSENNOGgtU0puTFU5V0l4aUFXMzhSdlltSWI1ZEZRaUlVWkNkZVI0ak9kMkgyT0RYOEs5UVE?hl=en-US&gl=US&ceid=US%3Aen,Graphic News,14 hours ago,🇹🇼 Taiwan Drones,https://news.google.com/api/attachments/CC8iI0NnNDBPRWRtVTJ4WVFuZFRhbkJaVFJDZEJSaktBeWdLTWdB=-w200-h112-p-df-rw,2025-11-29T06:41:37.191778
Drone footage in Thailand shows destruction after deadly floods,https://news.google.com/read/CBMiowFBVV95cUxNc2tYZ25uY293TGRfS3RwQXJRVVBqZ093YlRmZmtucERqdFlmeE9VWl9PWURCek1TZGNQSDgwaU5TN0dweTdOclM4aTRYVmFHT2JVemRWcnIyUjFfMk12VThXd3JIb0ZaY3kzaEVuZ3hIeEMyeGpuM1JUYVoxd0tfeS1xZDBTTTFLblJSMjNMa1lrYi1rcG5uWjE1S0Yyb0l2OUtZ0gGoAUFVX3lxTE5TdFlvVDdiSnBtMkRQQzA1VkFjNFlmaHZYdGxPaHVfYTdhVzVHbkNXSkFFanlzbVRnQnkxNi1JSjVfZndHc1NRV0dHVl9udTkxVV9iRzNzZXJSZXRxZGIzVDh3ZzFjc3pNRkVDOTJEUjZxSjNRUWpDeC13SmpHQnRkQWFrbXp1bjFqYm1OQzF1dG5RQ211N21lR19oRlV4aHZ0WlB5cTVyQQ?hl=en-US&gl=US&ceid=US%3Aen,Global News,9 hours ago,🇹🇼 Taiwan Drones,https://news.google.com/api/attachments/CC8iL0NnNUtUbll0VUhkRU1HOVNNVFpFVFJDZkF4ampCU2dLTWdrQkU0U3NIZU9oYUFJ=-w200-h112-p-df-rw,2025-11-29T06:41:37.191781
Italy Introduces Michelangelo Dome: A Networked Shield for Modern Threats,https://news.google.com/read/CBMifkFVX3lxTE5KMVZ6X3FvYnpJVkdTTU1aRUZjeFJ0Y1dFenZXTzJQNlFIbDRQYjdiel83WW9vQzYtUUpOajYzT1VpNng1SzludUxPUUFBaDR1NnBsa3hWOXhwV1BQWkcwQU1abzZKd0NtR3hDeko4WTU3S2I3SU5fdzc2bE14UdIBfkFVX3lxTE5KMVZ6X3FvYnpJVkdTTU1aRUZjeFJ0Y1dFenZXTzJQNlFIbDRQYjdiel83WW9vQzYtUUpOajYzT1VpNng1SzludUxPUUFBaDR1NnBsa3hWOXhwV1BQWkcwQU1abzZKd0NtR3hDeko4WTU3S2I3SU5fdzc2bE14UQ?hl=en-US&gl=US&ceid=US%3Aen,The Defense Post,19 hours ago,🇹🇼 Taiwan Drones,"https://encrypted-tbn3.gstatic.com/faviconV2?url=https://thedefensepost.com&client=NEWS_360&size=96&type=FAVICON&fallback_opts=TYPE,SIZE,URL",2025-11-29T06:41:37.191784
Elephants' calm response to drones opens new doors for observation - Study,https://news.google.com/read/CBMitAFBVV95cUxNWDZFZ25SWmJ6cmpCWDBTSm83WUZ2VFc1VU05ZVp6cVJMeEphNnJET0FNbFI0Y3dOakZ1akc0c3hMM2FRaFhRS0VGLVVhaGNCel85Z3hDSE9NbWRxRVJrQ1VFcy1ITkFrbWpFQzVpRVB0ZHBybzRQam9KMUk1YWp1YXlJX2NNUUdZZ3l1SHBlOC1pY1R2Sm80elBUaUFnVXJDQld1Vm16clhTNVAwYTZrbFBpWkLSAbQBQVVfeXFMTVg2RWduUlpienJqQlgwU0pvN1lGdlRXNVVNOWVaenFSTHhKYTZyRE9BTWxSNGN3TmpGdWpHNHN4TDNhUWhYUUtFRi1VYWhjQnpfOWd4Q0hPTW1kcUVSa0NVRXMtSE5Ba21qRUM1aUVQdGRwcm80UGpvSjFJNWFqdWF5SV9jTVFHWWd5dUhwZTgtaWNUdkpvNHpQVGlBZ1VyQ0JXdVZtenJYUzVQMGE2a2xQaVpC?hl=en-US&gl=US&ceid=US%3Aen,africanews.com,18 hours ago,🌍 Africa Drones,https://news.google.com/api/attachments/CC8iJ0NnNDRabTVaV21acGJsSkVaVlZFVFJDb0FSaXNBaWdCTWdNRlVBRQ=-w200-h112-p-df-rw,2025-11-29T06:41:37.191787
Namibia aims to attract investors: Envoy,https://news.google.com/read/CBMifkFVX3lxTE5YR3JaaWkwOEszMVFFS2dtcEZGcFlyZzBmWHRVTUthVmJCMl9XNnpDaHZTQXltY0NFV2lSOUNhNG10WXQ1UEx4YjAtWjlucVhWQjBRZTZWRExYUmJvaVJVcnBPaGJxT2NwSzZmR2c1bHVvX2ZHLW1CcVZkcXVEUQ?hl=en-US&gl=US&ceid=US%3Aen,China Daily,5 hours ago,🌍 Africa Drones,https://news.google.com/api/attachments/CC8iK0NnNU5hVmRUZVMxeFlVRmZiRWxxVFJDOUF4aXhCU2dLTWdZQlVJWm5zQVE=-w200-h112-p-df-rw,2025-11-29T06:41:37.191790
Night Sky Under Siege: Kyiv Faces Drone and Missile Assault,https://news.google.com/read/CBMiuAFBVV95cUxQc0RlNmlsVmJCaXRwRUJTVS03dC1SR0I4elloMGRjWW9sMUtiU1Z1Nl9CMlZIV2Q1Sy1YSEdtT0dITzhrMVhheVVrMGw1VzI4WmFHdW5BSm1LQTV0Y2JxdkdhaTgteTh6ckl4Z20xWHp3Q0RqZklyVk1JMERZZWdpYndxYlM1bkp3ck5ZSUw1ckNieW1rT2IxYzVRZjR6bFBRR2oxa2xydjIwSWc1ak5JRmhWcmRJTGhx0gG4AUFVX3lxTFBzRGU2aWxWYkJpdHBFQlNVLTd0LVJHQjh6WWgwZGNZb2wxS2JTVnU2X0IyVkhXZDVLLVhIR21PR0hPOGsxWGF5VWswbDVXMjhaYUd1bkFKbUtBNXRjYnF2R2FpOC15OHpySXhnbTFYendDRGpmSXJWTUkwRFllZ2lid3FiUzVuSndyTllJTDVyQ2J5bWtPYjFjNVFmNHpsUFFHajFrbHJ2MjBJZzVqTklGaFZyZElMaHE?hl=en-US&gl=US&ceid=US%3Aen,Devdiscourse,7 hours ago,🌍 Africa Drones,https://news.google.com/api/attachments/CC8iL0NnNDFRVTgxVEVVMVNpMXJkbTlNVFJDcUJCaXFCQ2dLTWdrQkVJQ2lIT1c0RmdF=-w200-h112-p-df-rw,2025-11-29T06:41:37.191792
"Afreximbank successfully closed its second Samurai Bond transactions, raising JPY 81.8 billion (approx. USD 527 million)",https://news.google.com/read/CBMi3wFBVV95cUxOQTBGcGt2ZEVCVWdrRjR2QWp2Y1BOYVdsUXdmc05UZTRYZFBFa1RKZF93YXc2WVFuN09jSXN1NmhhM0tNbElpOVNxR28yeVFubXhFWDVRMG4tME1USjVTQ0RnX2h2V1ZBOFNkQWlpTE82LURtejRaYXZnOXlhOWNENVFGNUhOZ3F5WEN2U3FMODVuZWQ0dHpwc213RnpiNjJJYkpsV19yczRBeHM3Q2VhMFl1WjROVlZLSTB3Y3JzTnY1N05EcnRDcWZMNXEtcVZVZ2ZMTHR4YVhUYTc1clVj?hl=en-US&gl=US&ceid=US%3Aen,Tech In Africa,15 hours ago,🌍 Africa Drones,https://news.google.com/api/attachments/CC8iL0NnNU9aVlZHVjI0NU0yWkhOSGx3VFJEZ0F4al9CQ2dLTWdrQmtKS1N0T2R3RGdJ=-w200-h112-p-df-rw,2025-11-29T06:41:37.191795
"Drone Analytics Market Projections 2025-2032: Key Trends,",https://news.google.com/read/CBMilgFBVV95cUxON0VqaHl1MnNyLUgwZjFXMTE0X09FMTlwcjd4aGl5YXU1bnFXQmcxTnJFUmhpRmJZMi12WGRxbjhIQ0oxUV9GTVpqLVJ1MkVjOTh0eHZidkYxSjlzM18zQmp4QTNTdDdwSTJuVUxpVlFfY1FNclN4ZlIwSDlXa1NxRWtxd2lVekNHNndTVHFNdlZONml0a1E?hl=en-US&gl=US&ceid=US%3Aen,openPR.com,20 hours ago,🌍 Africa Drones,https://news.google.com/api/attachments/CC8iK0NnNVFiMFV5Y201ak0zRm5hbFZGVFJDbEJCaXVCQ2dLTWdZQkZwQkRsZ2s=-w200-h112-p-df-rw,2025-11-29T06:41:37.191798
Russian Drone Attack Injures Civilian and Damages Homes in Bilbasivka,https://news.google.com/read/CBMipAFBVV95cUxOS21LajV4TXFHLWktNC1wU2VIZTlGQ0NubndUR0o2M3NzbTA0ak5yZnJKbDY0ZjRONTJvNDFRTXI2Mi1RejV0Z2wzRndwTDhjdERRMlIxa2V3SUZXdE9QUmx6MjVKTlhQOExJOTd5SGVvZGFwVUVLbldsWnhHN1VyN3dMOUtMNWI1U09Qc2o3N3gwQzhwMkhYSzV5VTRtRTBKT0VMU9IBpAFBVV95cUxOS21LajV4TXFHLWktNC1wU2VIZTlGQ0NubndUR0o2M3NzbTA0ak5yZnJKbDY0ZjRONTJvNDFRTXI2Mi1RejV0Z2wzRndwTDhjdERRMlIxa2V3SUZXdE9QUmx6MjVKTlhQOExJOTd5SGVvZGFwVUVLbldsWnhHN1VyN3dMOUtMNWI1U09Qc2o3N3gwQzhwMkhYSzV5VTRtRTBKT0VMUw?hl=en-US&gl=US&ceid=US%3Aen,mezha.net,13 hours ago,⚠️ Drone Incidents,https://news.google.com/api/attachments/CC8iK0NnNHhRVGxaY2tsSGIwWXRhMkkwVFJEOUFSaTZBeWdLTWdZQklvRHRMUWs=-w200-h112-p-df-rw,2025-11-29T06:41:37.191802
"Thousands of Passengers Suffer Across Europe as Air France, easyJet, Ryanair, KLM, Iberia, SAS, and More Airlines Face 232 Cancellations and 3,130 Delays in UK, France, Germany, Spain, Italy at London, Paris, Frankfurt, Barcelona, Milan and Athens",https://news.google.com/read/CBMi2gJBVV95cUxPYmlUSkZMN3NaM3R3RU0xdXJQNG0tWkJFVWh1Um4tbUd6Q1U3Q1FaLUlMUzRXUHBKalZkY25GYzZmRTNwajVJNmFpTDdZSUliWkppOXpDQWxGX2thQVFxME1pYlp6TWx1SWE3T2JjQkppZGNLRmxOSDVUQXBhUms4eHhIV3B5S0ozOHhUOGhpUE4wVHhtZTdMWnAxVFhJVWdudVN0Z1Vtby1yR2FDMHVMYTNhYlBqN0xZRmYwcHJZU1R3NzVSQXEtYmpYNjBqeG93U1JEQ0x0blMyRUs3TVZ1blAwSFB0eEZzb1Bjbks3VFZQWnFCQmNyVXVtTm9BR1VyaUJGTzcyd1VrUjZ4UlVjbll1ZlA2WDBpV2RnWTNLZFJyVXZabThMRFdYUjA0OUxWY1JvLWMzVE1tYU9yQmJQM3k3VzZPVThxVDBXZGgwaWppM2JUWTFBZWRn?hl=en-US&gl=US&ceid=US%3Aen,Travel And Tour World,10 hours ago,✈️ Airport Drones,https://news.google.com/api/attachments/CC8iK0NnNXNhV3hCU1VaRVEyVlRhaTAwVFJERUF4aW1CU2dLTWdZQm9JNmdQQVk=-w200-h112-p-df-rw,2025-11-29T06:41:37.191804
Drone alerts multiply in Europe – a major airport forced to shut down again,https://news.google.com/read/CBMimgFBVV95cUxQcTFxT0NUWm10cXZaUXExR2psZ1NSRy1YemZBNmhiMnduLWkybElvNGw5RUZObEg2SjJHWXFWZlFRS0I5dXdWaTRiMlVmVUZ1UlZaM25sUXd5alJEM0Jwd3RjVXNSNzdlek9VaTJmUFRoZlZSdTlSVVNNOHd2d0FSRzhWcUp2SHVDaDRkODFkdDB3REtUVlMwaTVB?hl=en-US&gl=US&ceid=US%3Aen,WECB,19 hours ago,✈️ Airport Drones,https://news.google.com/api/attachments/CC8iK0NnNHRjREJuVURObGIwMVZkV1JSVFJDZkF4ampCU2dLTWdhcGxKQ3V1UVk=-w200-h112-p-df-rw,2025-11-29T06:41:37.191807
Netherlands buys 100 drone detection radars after recent sightings,https://news.google.com/read/CBMipAFBVV95cUxPTE1xV3JKOVNjOW8yRVNYOGZHYTJMLUd6b2RMMU9NbWpVQTBPWmxzOGJ5LS1GYlVmcWwyOW5zVDJSQzE1RnJnbUNzSFRhZVRLcnY0a0RwNVBUdU5sWmFjTXR0cmJkWFBVMUFGdzRQMUpiWXMtZTJzME43UDBRNlRSUTFOWGdUbUp5dkU5c3N3Zk5kSWhvUmwxSEt3RW1iTjJMSnpYNg?hl=en-US&gl=US&ceid=US%3Aen,Gamereactor UK,15 hours ago,✈️ Airport Drones,https://news.google.com/api/attachments/CC8iK0NnNWxkbU5IUTNnd1puUlZibFp4VFJERUF4aW1CU2dLTWdZVllaTDJwQWs=-w200-h112-p-df-rw,2025-11-29T06:41:37.191810
​UK Defense Intelligence Reveals Ukraine Targets russian Massive Drone Stockpile,https://news.google.com/read/CBMivgFBVV95cUxOM1ZRbmxYMDNMSUxPWVRvVngwMUY1TmtKTTI5cGxOZ1N2S2VHREdwSmRIaG9leGYxNWREcFVRNXRBRkNaXzZFM0dEVVoxdzg4aU5ObUQzZVVjTU52eGV1SEdYR1RUa1Vqb3RkN1A5V1diSzlBcGFNeks0bGtvOVlhdnU2QkRIbXhVUnN0azktMkVheldYZ3BuVE1Xc0hJcHJrZ193a2RhcmpJVFREQmwyNmhqdjB3WXdSSkJCSER3?hl=en-US&gl=US&ceid=US%3Aen,Defense Express,13 hours ago,✈️ Airport Drones,https://news.google.com/api/attachments/CC8iK0NnNXBNVFJPYUY4MlRGQjVlRWRtVFJDWEF4anhCU2dLTWdhaFlveHNLUVk=-w200-h112-p-df-rw,2025-11-29T06:41:37.191813
"Fortem Cybersecurity, the New Global Cybersecurity Brand from Maguen Group, Officially Launches",https://news.google.com/read/CBMinAFBVV95cUxPWGZ4VWlQYVBZREV4RmVsZ0tDMFlfbWpVazlhMEN0VUtvNHVYYlJyVEt2bzJpTE9Kc09UdTI2WC1OVm1vaU9OQ2tCd2VYWnRHM2ctMDRuTlVGUWxNNFhfdDhiQ1RhWWNkZ0gtMmdyVkVQcTI5R0NhMGs3N0l6MWRVQ3RPTkc0RVhyd2VQZzIwUXM5UWdMMjJxMS0xUWY?hl=en-US&gl=US&ceid=US%3Aen,openPR.com,16 hours ago,✈️ Airport Drones,https://news.google.com/api/attachments/CC8iL0NnNHpRalpTYlhVeFJWZ3hSQzFyVFJDM0FSaVRBaWdCTWdtRlVwWVRvU25CYVFJ=-w200-h112-p-df-rw,2025-11-29T06:41:37.191816
Two inmates escape French prison using drone-delivered saw blades,https://news.google.com/read/CBMitAFBVV95cUxPYVhETXEyeXhqQWQyOVdQWmw1bGp5bDhGaWNjYWtSOFNfT2ZXV3ZoSnM3X19odzJMVkZhQjhCOXotb052UW9wenY2VS1NZUtNRmluNDJ5M3dNUXVESXdBY3phVmIxUU1MbktYX2l6NW9sVC1FWVZodi1oTTZzenBXQ2VJcDgxYzM1WHRnc1p4SlJxOXpmUE9OQ0UwU0NXb1IxZ2pIamJ6Yl8wamlCYlM3T25KVnY?hl=en-US&gl=US&ceid=US%3Aen,MSN,10 hours ago,🏢 Prison Drones,https://news.google.com/api/attachments/CC8iK0NnNW5NVm93ZFZKT1ZraEtVRFZMVFJDZkF4ampCU2dLTWdZUkU0U3RIUVk=-w200-h112-p-df-rw,2025-11-29T06:41:37.191819
France catches one of two escapees in bed-sheet prison break,https://news.google.com/read/CBMirwFBVV95cUxON0dtYXFPeWZzUWV2TDZjSUtXUTVaaE9kZ09feTFwMWJKaVlVQ0NVU0NrYXBETUFlMGpRaVhWNDZhRVk0Y1hhNjVZa2dCMnQxSDJCM1FLN0FsMm5ReGlFUGNMbkZrZHZBYWZKdjZCemhURFRPVDM2cnA5aFpZb1dnUVloNVNWSkU1N1g1VEhoUENBZ2REejh4eXpkdktBNldmWjNVcTNHaXFLbUV5M1NV?hl=en-US&gl=US&ceid=US%3Aen,RFI,18 hours ago,🏢 Prison Drones,https://news.google.com/api/attachments/CC8iK0NnNVlWemxhTlhsSGJYbGtUSFJmVFJDZkF4ampCU2dLTWdZQm9Zd0t0Z1k=-w200-h112-p-df-rw,2025-11-29T06:41:37.191821
"Former MP Kornatsky received 3.5 years in prison for illegal housing compensation of over UAH 900,000",https://news.google.com/read/CBMivgFBVV95cUxNaVhVMHdxOHBWS3luUlZjNnAxTFBjM2tZc1hNZ3RSN0pkWlhtdVdPNGIwc1BBc09HRWlteGpXejZqaVBXa1hpa0ZfOF9sdW5CNWg5QnpEYl9XVXJQeFdFTDZaWGxmLUYzYnVmc2p3WDk2TkM3UU9FVXV2eVFkdmNtejRzbWpvOEtRYXl3dWFCSnFSbGNaM0tYRFpnVlFwanJJSmRBX0NCYkhWR1Q5OW05c3RLSHdGSnQ5SDk0XzBB0gG-AUFVX3lxTE1pWFUwd3E4cFZLeW5SVmM2cDFMUGMza1lzWE1ndFI3SmRaWG11V080YjBzUEFzT0dFaW14ald6NmppUFdrWGlrRl84X2x1bkI1aDlCekRiX1dVclB4V0VMNlpYbGYtRjNidWZzandYOTZOQzdRT0VVdXZ5UWR2Y216NHNtam84S1FheXd1YUJKcVJsY1ozS1hEWmdWUXBqcklKZEFfQ0JiSFZHVDk5bTlzdEtId0ZKdDlIOTRfMEE?hl=en-US&gl=US&ceid=US%3Aen,Українські Національні Новини,21 hours ago,🏢 Prison Drones,https://news.google.com/api/attachments/CC8iI0NnNWhUVVJNUVRKT1dYRkZVbkF6VFJERUF4aW1CU2dLTWdB=-w200-h112-p-df-rw,2025-11-29T06:41:37.191824
Prison worker faked texts threatening her kids to dodge £250k drug smuggling charges,https://news.google.com/read/CBMimwFBVV95cUxNM1RPck42RGhKWEpjSU0zSkVNeHczckdFTWp2WWpQelJaVmVPV1ItbGlzbEdhUWxnMkM2ZDkyOF93X05PaWNpX0dMbkgzcUpQT0JsaUNJWmhaOXpZa1Z2Z0s4cC1BVDJVckpOSWVtaWQxY2h2Z3c2ZktYUVVMaF9qdExHMTRuU2ZIckpDS3hZM1NXV3ZlUUZJS0pUSQ?hl=en-US&gl=US&ceid=US%3Aen,thestar.co.uk,22 hours ago,🏢 Prison Drones,https://news.google.com/api/attachments/CC8iK0NnNW5NVE4xYkhSbVRXTTFXRWxyVFJDcUF4aUFCU2dLTWdiSmdZejFzQVk=-w200-h112-p-df-rw,2025-11-29T06:41:37.191827
