Title,Link,Source,Published,Category,img,Scraped_At
Poland downs drones during airspace intrusion as Russia attacks Ukraine,https://news.google.com/read/CBMisgFBVV95cUxOS25HSGhWOUhkM0hFb1BfM0NkdDk1Skl4R2tIcnM5a0YzZnprcHNpLUl1cUp5Nmcwa0Q5Y2NBdUxjbWRnb21tSlJERUhSSXJmSVZBTXRsaGRtYkRod25sM3R0MkpqTi10YVN4NG1MdW0zNlVva0Vmdl9JT05lSGh6Mm5EMWhtLWtnRnlpWTBYbTZNSDV2aWlsdVd4TGh0RmtpZU0xUlBOQnlqNVVibVI3dEtn0gG3AUFVX3lxTE1wMU50TndObnYzUzFoY3hScDVaUE1pR2ZEQy05TEdteFM2ZnFxYUU5MnVrdENEWldmZExoUlI0TnhNbVcwYWlVLVNiODZuTGN2dmFGV0dsUHY4bHNOQ3QyQ0VYT0M4QUJnUG9tZ0MyczkzeFBpR2szbjF2cUlZVnNrYnFaa2hwLWJ5ZGFiSENCZkE3ZzlVSXZiQU1ia25PS3VKaWVEWURUUi1jN2czeW1GWGdnclhmcw?hl=en-US&gl=US&ceid=US%3Aen,Al Jazeera,24 minutes ago,🎯 Military Drones,https://news.google.com/api/attachments/CC8iK0NnNTBkRkJmTjBwMGVtNUVUbEJtVFJEZ0F4aUFCU2dLTWdZVmtKVHJ0QWM=-w200-h112-p-df-rw,2025-09-10T06:40:27.586134
Poland says airspace 'repeatedly violated by drone-type objects' amid Russian strikes on Ukraine,https://news.google.com/read/CBMitgFBVV95cUxPM2szSkh0SXVhUmlhaXpkZW1MeHpGNjJCNWpkSGd4VFE4QV90X1F1Y2Zvb1FvQ1puYTlvTEVkNjY4RXpqb1UyekUxYXpSX3NoVGV6NEV1dS1rVGpkWXNYbGwycFVRdF9mbkhNMUFOZHY1b3IwNmFrOEpCblZQUkF6OEpLYU8xZlFKZnVVbU40LXQ1eWk3M1l1dS1qRmlMZGpDQXo0YXFXQTRYNkdwMWpDYmhMWVY0UdIBuwFBVV95cUxQRXVaMzBXN01PSTljcFZIaXVkWmU4RldWQUpNbk00d201d0plMDJuTUY2RjVvVF8wNXd2SmxNQzNWT1JaaFd1a29KS2dPbHYxRndvcG54VVFLM29Dd01BUlB0dGhCbW5BVk9ZUnpvUjl3WVE3ZFlpbWdnaVprZkxMNk0zc0tDZmdWWWV3by1PREhvazJ6WVV4S2R4V25KSmI5aml1N2gwQlFCRnVQR3ZlUElwR3hpWExkbnJn?hl=en-US&gl=US&ceid=US%3Aen,ABC News,50 minutes ago,🎯 Military Drones,https://news.google.com/api/attachments/CC8iK0NnNTNkVEZCTm1wa1luQllRVkpNVFJDZkF4ampCU2dLTWdhUlJJeG52Z1U=-w200-h112-p-df-rw,2025-09-10T06:40:27.586149
Poland Shoots Down Russian Drones After Airspace Violation,https://news.google.com/read/CBMiswFBVV95cUxQTFZlNkRnS0lQbnJDWTdOWVVyNUtCSE5DVHJGS0xCcV9ZOWdSVU1hOGZaYWxfZGlBX2RFYUZCYTlqRnNCSTJXRjIydlZRN0l4c2NQX3VXdktnTFZZTlBidmZ0c1dUQnhEcXdGcVlfSHJRWFdOZUZKQlJ2cFY2X3VOMVRRdjNwM3NVeDFnbHg5T2VxcTZaVm9mSE1QZTJ0Tl9XazZuS2gyT3U4VDhUM1lrcnJ3MA?hl=en-US&gl=US&ceid=US%3Aen,Bloomberg.com,50 minutes ago,🎯 Military Drones,https://news.google.com/api/attachments/CC8iI0NnNTBhRjlPWjBSc1pqazJhVEJoVFJERUF4aW1CU2dLTWdB=-w200-h112-p-df-rw,2025-09-10T06:40:27.586152
"Poland says its airspace was violated by unidentified ""drone-type objects"" during Russian strikes on Ukraine",https://news.google.com/read/CBMikwFBVV95cUxNRTNuaFNnWGNtVC04dGR2RkkyZHRuRDhTZ2lBX0ZLTFlMZjJXLUpfbno3Ry0xVzdleFNURkt1Q1ZBaGxvT3NKVDl5el9nQWdGRk5naDFTTC1FMUh2WjVoWDlEeHlOQlU5T3Z2U25yeWwzRlVHTVNHaFVhcHNBWDlpeFd0cF9zMWNoVDU5cU9xU2ZqWmvSAZgBQVVfeXFMUHBYS0VXWTJycW1PWWhUYkFXRFd6OGswaHR4SlRCNVgxTDZqaWxsOHliTXVxMThyWDUzNmx2aVNkMkswTXpFTC1HV0RXUHFKeVpFbE1yRmlub0ZwdTBvRlMwOU0tbGpRNjVPSkVScU1Sb3JIMU1kUWlGODJxYndxUXpKbUFWWjd6cjc3UFQ0Z1NRZHJvU2RkblM?hl=en-US&gl=US&ceid=US%3Aen,CBS News,3 hours ago,🎯 Military Drones,https://news.google.com/api/attachments/CC8iK0NnNVZSM3BRWDI1VVQybHJNV2RGVFJDUkF4ajhCU2dLTWdZcEk0VE1sUW8=-w200-h112-p-df-rw,2025-09-10T06:40:27.586154
Poland Says It Shot Down Russian Drones That Entered Its Airspace,https://news.google.com/read/CBMikgFBVV95cUxQTUpMWVJfeXJRV2h2eFNnU1pnb0p2SXNLdVpqSVZYSG1BUHFvWGpFNEVLMWRLd05QM3RhVDFmUVM5N3ltSmZ2OUw3YjhXMEpCbnoxSXJIVmg5RUZYUENDV1VHN2JsUmt0eUtoN1Y2UWpNeW5hdVlFdk5hTjZFZVM4bzBFZkRhNUFvbUdqZWNudmM2Zw?hl=en-US&gl=US&ceid=US%3Aen,The New York Times,24 minutes ago,🎯 Military Drones,https://news.google.com/api/attachments/CC8iJ0NnNWtibUYyV1c4ek0xWldRVUZ6VFJDUUF4allCQ2dLTWdPQmNCQQ=-w200-h112-p-df-rw,2025-09-10T06:40:27.586156
Poland says it has shot down drones that entered its airspace during Russian attack on Ukraine,https://news.google.com/read/CBMilwFBVV95cUxOODhkYTlRd0tVa1VhQWswR2V5bGRaUWRFVkg5X04yaGdCZm1GYWYtUnY3S293NFJXRTJ3T0FsSEJhSF9BNTByT05sNHJvNnp4dkpYcWxsQmVBRkZFcWFqc0FBMVdodUhxNjlMX3ZGdTRrS0RReGdaamNMakpZUmRhbTNxOFlkVFROcXBpbi1BbmNnazB5QVVR?hl=en-US&gl=US&ceid=US%3Aen,CNN,5 hours ago,🎯 Military Drones,https://news.google.com/api/attachments/CC8iJ0NnNXhTamxZZW5OcE1pMTBNMDFQVFJERUF4aW1CU2dLTWdNQjRBNA=-w200-h112-p-df-rw,2025-09-10T06:40:27.586158
Poland downs drones that violated its airspace during Russian attack on Ukraine,https://news.google.com/read/CBMiuwFBVV95cUxONFpCTUhsQ1V6RHB5Y2U2WXNKZ0FyREJSQlhTTXpkcDZ3ZTZCbXc5ZUhvQzNQOXAxVk9GOGxCM1RmaWlHeVRMUktGWGI4bHZ2TDlmRGhCRDNEa2s3aE1oY1NEZWhqelZ1dk9hUmJkTUFyQTVJcjdRWVpJT1k1aVV6V2lreTR4Rnc2amdfQ0lDa0JlOTU4c0gzWlhOc3JxbGl5cTA3X3c5ZmlRQzFsU2YyV1hSQ3VyTTJJaEhv?hl=en-US&gl=US&ceid=US%3Aen,France 24,2 hours ago,🎯 Military Drones,https://news.google.com/api/attachments/CC8iK0NnNWhVR0V6YjNBellsWlBVVmhoVFJDZkF4ampCU2dLTWdZbEk0QndKUW8=-w200-h112-p-df-rw,2025-09-10T06:40:27.586160
Military whistleblowers share new evidence of alleged UAP at transparency hearing,https://news.google.com/read/CBMipgFBVV95cUxNNFNjdGJGcHdvNExsNTFhcmJnWjZzemp2MFVZNktTUDBiaEFGUEMyY3prZXB2TU5wRzhhS3lEMXNIbXZWNFRQS1VPNU1fd0NvOUJWMXdfT2FTRkNPUnA3cmNlVWE2M1VYQjdsOFA4NWdhRF9Hb2tocW9zejVnNTVxQTEwaWtGU1hMRnhuejZaN193Q1pzQ2tyQjdLMnF2UkkxMnFONWN3?hl=en-US&gl=US&ceid=US%3Aen,DefenseScoop,4 hours ago,🎯 Military Drones,https://news.google.com/api/attachments/CC8iL0NnNVVjMkZZZVVGR1MwbExVRFUxVFJEZ0F4aUFCU2dLTWdrQklJNGJDQ3R5eXdF=-w200-h112-p-df-rw,2025-09-10T06:40:27.586163
Australia to spend $1.1bn on underwater ‘Ghost Shark’ attack drones,https://news.google.com/read/CBMiqAFBVV95cUxOWWZ0NUwzeHV0MExMLU11YW5Ia0F0eGl2eDlVZkZ1WkV1Y2d4WkRzbS11aFoxWEFQSW9KSFk5SXowWmtNU0JpdFpNNG5CcF9hTDNubkRXVXI4MmVpZE5PT2EtXzZWRmYxb2REbDM1YU1RSDZVRzZ4UldXYW5vb040Z3gtVDNEZXo5Mlo1ZXo2MzZXVGZxQ1pReEdfQzNKRmFIRDduUVRWRmLSAa4BQVVfeXFMT2J5enJKVnpMOXA0aVk1aENxa0o0WklWTkFla3lzdWVNcWxHNk90QWtHUy1NRXJsb3psR3FZZ1gyUVpKZ2lvOVV3b2F4TUtYdGs1NWx3VUtoQloweldZVXJoWHhtY0o0U0lRWXlyNGlmd2xDeTlmbUNzeUs0ODkxMnFZelMyZHRKdkM2ZkM2MnJ2T0p2akZwRVRPWWRDZW9hTS1VTHFwV3g4SHNSYjVR?hl=en-US&gl=US&ceid=US%3Aen,Al Jazeera,2 hours ago,⚔️ Combat Drones,https://news.google.com/api/attachments/CC8iK0NnNWpWM2haTUc4dFZubExUblpwVFJEZ0F4aUFCU2dLTWdhRlFKYkdvUWc=-w200-h112-p-df-rw,2025-09-10T06:40:27.586166
Navy Issues Five Contracts for Carrier-Based Collaborative Combat Drones,https://news.google.com/read/CBMiqwFBVV95cUxQMVNiWFJnOUpnb3dnNnRTXzk4MHVybmpHYkwxWDB0eEZpMDF5OGl2dTRyc184QVphalE3THVOMWREdk9kWkQzbTJTbWxvcExBZlJYcTNIeEI2MEEwdzhTckg5MDhCQlFXNEtKaU1kMExuckxfN3VsbDhTRFRGRlpmNlMzQjl4OHpXRGh1OS1Kc0lkYUlnNWJKa1o4eEdyQXpMNzFLeV9kbFFKTm8?hl=en-US&gl=US&ceid=US%3Aen,Inside Unmanned Systems,10 hours ago,⚔️ Combat Drones,https://news.google.com/api/attachments/CC8iK0NnNHphMHg1Y213NE0yTlVSVVEyVFJERUF4aW1CU2dLTWdZSm9aQXhQUWM=-w200-h112-p-df-rw,2025-09-10T06:40:27.586168
"Australia to spend $1.1 billion on stealthy, long-range underwater attack drones",https://news.google.com/read/CBMihAFBVV95cUxNN2x3cmlhX19RaE9GUnhZSG9hdnlaM3N5VzdGWWxFRE5nbU9qQkNDY0pOY1NET0UzNzVzd2tpbUE5QjRmMHZTcWI2cFhQbEdQakE0MTVkR3hDRGxxeDJOcFBjOXp0X1pyREMtRVV1bUZ1bElWZ2h2cFlIb2lWUmprVFBDUmg?hl=en-US&gl=US&ceid=US%3Aen,yahoo.com,2 hours ago,⚔️ Combat Drones,https://news.google.com/api/attachments/CC8iK0NnNXVlamxaTFdGc1gzQlZla3M1VFJERUF4aW1CU2dLTWdZQllKYVdKQWc=-w200-h112-p-df-rw,2025-09-10T06:40:27.586170
The US Navy Wants Its Own “Loyal Wingman” Drone,https://news.google.com/read/CBMijwFBVV95cUxNNG9vSFYtMmoyVnh0Y0xWX1pwZDdveXFFa3F5OW8xS1B4VjBtU1JCdURUempENXZNWDhTY1Vqd0pScG12UmhwcENqUlUzQnJabDltX3FSUFFrOThPOW5PSEFGWHhSemVOQnA1OWE2djVZd3hqdTdnWC12eFI4Z0YxVmZaVFZKeHIwdHN4S3VKMA?hl=en-US&gl=US&ceid=US%3Aen,The National Interest,12 hours ago,⚔️ Combat Drones,https://news.google.com/api/attachments/CC8iK0NnNDNYemhTYWpWek1HZEJSR3RTVFJDZkF4ampCU2dLTWdhUndveFBSUVU=-w200-h112-p-df-rw,2025-09-10T06:40:27.586172
Trump 'Very Unhappy About Every Aspect' of Israeli Attack on Hamas Leaders in Doha,https://news.google.com/read/CBMijwJBVV95cUxPdC1Kb19sZ0daSTZrVjYwdHRiY1loblBMakdMbXdJaUFLVng0cFRwV2pzLWlLQkNOSGFNU3E1WEJPOTllNTBhMVB2TGxwb1ZnSEJtd1N4V0tKOHNvNXVFNlV0c0VVUXc5dGZVdjFWckU1NXhNaXJVbTJELVU0UGhHVmFUZzZVa2xiLVBFM3BPWGJsTUh2RF82VlpJakZMZHJzVVppT0hJQmR2aWJnVWRsNTN6Ymt6T0VvYmtTV3RSbXRmLXdsampFUVhUV0hHRTlpcEZwOVVQWDl2bVBxV1dwX3VDaUhyR213eWpaRXM1LWlyWHYwdGctUlRzbzZpNnV4V3hCQzJpd0l2Z0l3bVA0?hl=en-US&gl=US&ceid=US%3Aen,Haaretz,4 hours ago,⚔️ Combat Drones,https://news.google.com/api/attachments/CC8iJ0NnNU5WRU5XYjBOblJYbGliRVZNVFJDVUFoamJBeWdLTWdNQllBQQ=-w200-h112-p-df-rw,2025-09-10T06:40:27.586173
Israel Presents ROOSTER Drone for Combat in Urban Areas,https://news.google.com/read/CBMikAFBVV95cUxQVXctWTA5dVVsQ3RTbGhMNmR2Mk5mem92QV8zQ29XMG5uX0JOd1dFdFdYeEJnR3BvSFhtSWJUWHJMTDUxLUREbUZ3a1dwc2pESFhBckJTU19UUGV2UlNXdUpWczljelJ2ZWZiSkttdnNNcDRCMnhwd3JsaHczSU5SaDE2SVNjUGNZWnhMMy11Y3M?hl=en-US&gl=US&ceid=US%3Aen,Мілітарний,11 hours ago,⚔️ Combat Drones,https://news.google.com/api/attachments/CC8iK0NnNWxSWEJCTUd3M2JUa3dkVkZPVFJDZkF4amlCU2dLTWdhVlU1Q3JKUWM=-w200-h112-p-df-rw,2025-09-10T06:40:27.586175
U.S. Marines field-test new combat drones,https://news.google.com/read/CBMidEFVX3lxTE9tZFNpd0kxb3NKcFFYcy1scVA4UnoyMHNJYU1MSWZNSUw1VGgxU0paZ3dvWFNzWnRuM05uSkxTZW1sZVV2azNya2pzbnByNmR1WWRxZHpfVDRscUZvaFM5LTJPSDZXa2ViS2hkRktYeUlYdTRw0gF6QVVfeXFMTVFtQlNqODVEQjAtMVJJSmF3blFPTXZyV0laaUN2NnV3TG5IakRKQ2p1WXNHY1BBLWZZUkxqOTFaSWI1MHJxTy1DZUlXTWNpUWNELWFOU0pGZG5vVWFmeEt2YW1rMEFtZnlVNWNJX2FJNWIybnN3a1JNV1E?hl=en-US&gl=US&ceid=US%3Aen,Defence Blog,22 hours ago,⚔️ Combat Drones,https://news.google.com/api/attachments/CC8iL0NnNHRSbnBsZGpCc1R6VnJZVWsyVFJERUF4aW1CU2dLTWdrQk1JcnpJS2pJcHdJ=-w200-h112-p-df-rw,2025-09-10T06:40:27.586177
Poland investigates two drone crashes near borders with Ukraine and Belarus,https://news.google.com/read/CBMigwFBVV95cUxPMzFncERlWnBTTFpHeEtBaXQ4WjF0ekVwaE1XeXJ1SkNvWFNPNkxtOVM1ZVNGaTFsTG1BS1AwdmdNV3VudVluOVN6TkhTNnZMOGxxNWNPaEhhOW1tZ1hORm5EZzZsQTlIcVpmYnhnSGEwdEU1V0U1NEhoeGx0UzRSbmdvNNIBiAFBVV95cUxQLXhtQ0hjdGFUZHlvcFktTVg3SkJlOGJhcUxBU0xKeVRXME5vT1BlMEJRYUl3SGZ0ckR0bDVycWJ0ZmFVckJzdUw2bmFUV0YyNThpeDJ0RE9iMEh1NUdiZV9YQmwxU1BmWEZ6SXNNR2c3MkUxZHpYN1d6NFdVSmNQcTV2YXRpSUpK?hl=en-US&gl=US&ceid=US%3Aen,AeroTime,19 hours ago,⚔️ Combat Drones,https://news.google.com/api/attachments/CC8iK0NnNWtWemRxVVU1VVNYQjJlbXhIVFJERUF4aW1CU2dLTWdZRndJNkd4Z1E=-w200-h112-p-df-rw,2025-09-10T06:40:27.586179
Aid flotilla activists say determined to reach Gaza despite 'drone attack',https://news.google.com/read/CBMi8wFBVV95cUxQQzQyeHVBRGNkSWpYNHZHVHBNeHl5VXRxTHVXZlR0cWtZY09xWFlnNlRJODVGdVhORDgwWWFGSmo4bFVsYm0wLVMtZS03QlNnSEdQTzY4T29QWWwxbmZXZEtBUVJkamtLMFNVNENfVFhueUpuUUtjVjFrY2MtdDV2Tkp0SlFFMHBwbkZ4RkdLQVZGVUR4X1NhdEtNU1lPbUxpWUktVFlBVFFXLWxZX0NPX1k4REFRaWtHemNIT255TmZoSXhDVHZfRGxoUDhOTDdXdWNGX1JvckFydWxxQWVaZUZuV2dsSzhqQXo2LTBaNDVlSDg?hl=en-US&gl=US&ceid=US%3Aen,Northeast Mississippi Daily Journal,18 hours ago,⚔️ Combat Drones,https://news.google.com/api/attachments/CC8iK0NnNXhiRU5uYzFSck5GZG9NVzk0VFJDRkFSaklBU2dLTWdZQkFJVEd3QU0=-w200-h112-p-df-rw,2025-09-10T06:40:27.586180
Poland on high alert as Russian drones cross border during Ukraine attack: Airport shut down,https://news.google.com/read/CBMikwFBVV95cUxOaGhIVjFrV1A4cEJwLTFLclplYzlicHBqaThtaDBfbFR3cGdETnEzajRtdng1aGZLQVBXQ3RTYmd0SktuZVNoX1RxRjY0YjBmdWRSWUlVUS1uV21lUklTYnhkX3ktRkQ1S0tSSkdva2ZiRjdHN3RQZ3poTUhLd0VYUm9mV1dBRjFZME8zTjl6SmlmMTQ?hl=en-US&gl=US&ceid=US%3Aen,RBC-Ukraine,7 hours ago,⚔️ Combat Drones,https://news.google.com/api/attachments/CC8iI0NnNVlkMVV5ZHpGeFJUWjFjbGx4VFJDZkF4ampCU2dLTWdB=-w200-h112-p-df-rw,2025-09-10T06:40:27.586182
"Defense One Radio, Ep. 193: How drone warfare is changing",https://news.google.com/read/CBMipAFBVV95cUxNb2l5aG9BYjNCUnZDT2ZTSGJJMTJXekVHS1RlbTUtdjlCc0MtQ0lHaXhrcUxGdk5wQTVVUEhvLTRXb3BSOVp2UFZVdzBDeU83b2Q5V1c5ZTh5SnZOLWxiSHMtZ0Y3ZXFVNDZQSVdSdk9IRy1JU2Z0S2ZEZWlidm03ZDI0dTdUNmlfcFJfOElZemNKVVkydm1ZRmhPR0E5OU56YmY5QQ?hl=en-US&gl=US&ceid=US%3Aen,Defense One,5 hours ago,⚔️ Drone Warfare,https://news.google.com/api/attachments/CC8iK0NnNDVPV0pKVm5Gd1RXTTBkbTVTVFJEM0FoaXlCaWdLTWdZZGdZcXVOQVk=-w200-h112-p-df-rw,2025-09-10T06:40:27.586184
From World War I to Modern Warfare: Ukraine’s Vintage Drone Hunters,https://news.google.com/read/CBMimgFBVV95cUxNTll5N3lwX1NFaF9RcFhTT2NnVkVCRjJhUW1JVHU0WTJsVzZJRTNDb3FGd1hGRVhhRXdKeHRiWUVJSlVsZEU5T3RhRG9FV0dncmRjb05RRnR3ZllCMVhoUnlBbzJmTXdTNFpJSkd2ODhoOE1HVV83elFieS1yR25Jc05EV3JjX2RaNjJBekxUYy03QnB2WkpiWWtB?hl=en-US&gl=US&ceid=US%3Aen,SLDinfo.com,2 hours ago,⚔️ Drone Warfare,https://news.google.com/api/attachments/CC8iK0NnNTJZakYzVjAxM2JqWTJOM0ppVFJDZkF4ampCU2dLTWdhcEJZck5EUW8=-w200-h112-p-df-rw,2025-09-10T06:40:27.586186
Ukraine war briefing: Russian drone alert in Poland before Belarus border closure,https://news.google.com/read/CBMixAFBVV95cUxOT1A0dkFINjVDdFdtU2dEU1QyRmJkak84VFdDUGZ6b3NrYWdPdGtGTE92Z0wzVzNUQzZvRllacngza2lEaG5QZ3lKSmRFaWUxSlVDeGh4UV9LZE1TMWpJTHIwMndoU0JsNUNLcEd0NXhOZzRQMFJkeHdmV2FPa0JBQmRZWlFnY29GaS1zV1V1VGgyeTczcVQ1VFFRMVRBV09iaUowMkRKRWRPNlY0bWcxRWdBcXY5N1ZMbGVGcEFHRERBU2Qy?hl=en-US&gl=US&ceid=US%3Aen,The Guardian,3 hours ago,⚔️ Drone Warfare,https://news.google.com/api/attachments/CC8iK0NnNWxhbUYzVG01WldURlVSbTlMVFJEMEFoalJBeWdLTWdhUlVKWW9JZ2M=-w200-h112-p-df-rw,2025-09-10T06:40:27.586188
"Russian ‘act of war’ using Iranian drones to attack Poland, congressman says",https://news.google.com/read/CBMimgFBVV95cUxNLV9ZX0w5NjJUU2oza0JBcThqcGtZR1FySWZFb05NRWsxcmpQSkhaQlRrb2EzMDJndi1ZSE0zZE1IQVNEWHhXRjVKUGV6UFBJcUVob0JFY29rQ1lzU19DNlF6UWZZNEFfZkRJVXA3eW5teE1jOVN6NUdZRWZ5Z2N3dERCOGk5ejVxbnJLS0lpcnhtdDRNSzB2MFln?hl=en-US&gl=US&ceid=US%3Aen,JNS.org,43 minutes ago,⚔️ Drone Warfare,https://news.google.com/api/attachments/CC8iI0NnNUdlWE0zV0V0RGRWQlVObmMxVFJERUF4aW1CU2dLTWdB=-w200-h112-p-df-rw,2025-09-10T06:40:27.586189
The Pentagon is trying to figure out which drones to buy. The Marines just put a bunch to the test.,https://news.google.com/read/CBMimwFBVV95cUxNakJhTF9uRTdUeEJycWxlZFVWZEJKaW11TjlQeFUwUUs5SG9BMGlUbjJ4YlRMM0ZJOTIySThXY2duMUlpNzIyQnVrZVJLbUpfUWlMNG1qU3B2OGhGaGt5Y3pHalUyVy0xS1Q5OVMyM0R5TlZuSUZBYVVjTTRtaTQtRVA1WDRldjBWWlBSUGtQSjRlZEhBUk1XQjNFOA?hl=en-US&gl=US&ceid=US%3Aen,Business Insider,13 hours ago,⚔️ Drone Warfare,https://news.google.com/api/attachments/CC8iL0NnNHRaMFEzUTFkUFoxRmtOR2xrVFJERUF4aW1CU2dLTWdrQk1JcnpJS2pJaHdJ=-w200-h112-p-df-rw,2025-09-10T06:40:27.586191
AI-Powered Drone Swarms Have Now Entered the Battlefield,https://news.google.com/read/CBMijAFBVV95cUxPN1NER3VROTNIOEQ2cXZDUG1LbWlpbE0zaXlLNjBqcGpkc2Q4Z1VwWmRLYXkxNHFENFFaLTBtYU44QTdqMWEteDFQSHplNVU3dUkzVElWYWR3UzI2UjR0RkMyVFVFbFRuVkFhWUpIMWU2bTZzTG9sd1c4MFFnR2NlakU2a3FRNFNJT2xmRNIBkgFBVV95cUxPeWNFeDR2cWZhckpDdUNCdFNtaEJueTdJMXlQUDZLeFdDcU50MklHd1VZOUpjMkdlNW9TN2J1NUJpdi1HbTNpQkFDUy1PVUQ1SVpyZjkzR1R0WHpEaWNKTkRmdVZEa2s4T24tNDBJV1kzaUs5UmpRTzlCOWZwc3hwS0JmX2didXhsd1JyRVJacWRpUQ?hl=en-US&gl=US&ceid=US%3Aen,tovima.com,2 hours ago,⚔️ Drone Warfare,https://news.google.com/api/attachments/CC8iK0NnNDRka2x3YTNKa1RVaENlSGhOVFJEdkF4anJCQ2dLTWdZdEpKaHZJUWc=-w200-h112-p-df-rw,2025-09-10T06:40:27.586193
Polish and Nato jets scrambled after reports of Russian drone strikes,https://news.google.com/read/CBMiugFBVV95cUxNQU5rTDhTa19JaG1VaXRwVWlrZHVmV0ltMXhETVltRXpaMlNBb08xX3FwYlJZUWk0QnJmUi1wUGs2UHpYeEM5Y2xzMzk1WHEwZWJ2T2xvREZibjdKSm5SYWFuMmFYY0NRblo2VjFpMFBSWVNjMkVCMmhtSEZ3VTZwTEZKcm5nSF91YlV3WkJwRUVCWDRvTmpFOEhMY0hHTzBfSjFGU0Iyb1lfV2xWMDZRck1xRFJnS28xOXc?hl=en-US&gl=US&ceid=US%3Aen,MSN,2 hours ago,⚔️ Drone Warfare,https://news.google.com/api/attachments/CC8iL0NnNXFOMXB6T0hKaVJtVnFOSFYyVFJERUF4aW1CU2dLTWdrQk00Uk5QU1dxdUFB=-w200-h112-p-df-rw,2025-09-10T06:40:27.586194
Ukraine war live: Poland shoots down Russian drones in ‘repeated airspace violation’,https://news.google.com/read/CBMivgFBVV95cUxQbnNHc1JwT3htc3Q1MHpMVmFQelNNTENySEowcjNtdlFuV2tVQ3ViQkhWbjdxR3ZmNE9hSDhzaVFKOE51OElKZVJkRnBsdy1PQy1zQUx5RHZwcnVNYTU3cDl5aVB5S3pobWt2cW1HWVhfVmZjYzFLbm52QkxOR0ZtRTRLcC0wLVBKUnRsSVkwUU1TQm4xbFluTjRucmpjcmprZTBRelJjMXkwQldhTHJSLWx4YTdLbmF0b2YwOVlB?hl=en-US&gl=US&ceid=US%3Aen,The Independent,33 minutes ago,⚔️ Drone Warfare,https://news.google.com/api/attachments/CC8iK0NnNUpZVkprTmtvelQxb3hSMGd3VFJERUF4aW1CU2dLTWdZaE00QndKUW8=-w200-h112-p-df-rw,2025-09-10T06:40:27.586197
Charting the past year of Russian drone and missile attacks on Ukraine,https://news.google.com/read/CBMirwFBVV95cUxOOHMxRjQ0Z0o0R2Fjc1IzcU1tQlBoTExmb1V4UkVjUHNyVHo3UkppdHJnZHkxN1NNNmpOMWpwR0VIcXU2c3RHUW5MbWo2V1BfY0NDX1pMX2hPSjlOWWNyNkNTcXBxeDNoY1p4bTdsMFVqQ0hPZGJGOU9pbldETktsb1RUSllUbjdnY19URHJYc3VnOG1GX2hmak0tWUNWUW16Z2lXMU9iUm5SdExfSE9N0gG0AUFVX3lxTE5ELS1BV09oenh1YTRqYVdCTy1tX3Qtb2gtbzBDVFpuQjVTT3VSQ1Q5TkhKQzdqZ1Z2RFZpOWRiN1FJZUFqRDRyU0djMmo1dzZPR0tQcE1INlVwLTItQ1FqNEF6ckt0QnJEMlM0VnIwajhIRzV3ODgtVDlnRUR2cnAtRk9oNjVjdUFiZ1dUS1FpRXphZXFJR2RQanNtYlFkZWkwMlNkbEJuQmdPQ0VyVm9faW0zYQ?hl=en-US&gl=US&ceid=US%3Aen,Al Jazeera,22 hours ago,⚔️ Drone Warfare,https://news.google.com/api/attachments/CC8iJ0NnNDBaMVJyZDE4MGQwRXlhalp1VFJDUkF4ajhCU2dLTWdNVkl4UQ=-w200-h112-p-df-rw,2025-09-10T06:40:27.586198
Poland scrambles aircraft to destroy Russian drones violating its airspace,https://news.google.com/read/CBMikwFBVV95cUxPNkJ1bXdHQWtuVGN0dzh4VVllNWk2U2QxUGNQMjhQaGFib2o2YjhzTEgzM2xCQ0I5eWdBZm1jbEdheDlRYmdYTUZvWUtSQ2NFb2kyRWhsTmpmUEJDUEd4T1ZFaFZBLXlJd090UDRxTXBHMXZLYjA4cVBvckVxU3NJS1JTVm9IcVB0UVlSMEVuVzBXVlU?hl=en-US&gl=US&ceid=US%3Aen,Washington Examiner,5 hours ago,⚔️ Drone Warfare,https://news.google.com/api/attachments/CC8iI0NnNTZTekpqTFhsRk0zcDRZVjlrVFJERUF4aW1CU2dLTWdB=-w200-h112-p-df-rw,2025-09-10T06:40:27.586200
Aid Group Says Gaza Flotilla Hit By Drones,https://news.google.com/read/CBMibEFVX3lxTFBMcHNkZHlVZmpmeTdDTkd3RTZnNkZNRUlsYm0tbnVfZU1BOF9LekZIUnNONWNMVnZNdFR5R1pVZW82c1MwN3FEQ2l1MmF2ZFYxS0c4Z3NBV1Vmakd3ZS1vNlZXT3FRN0x1MU5NZQ?hl=en-US&gl=US&ceid=US%3Aen,Time Magazine,2 hours ago,💥 Drone Strikes,https://news.google.com/api/attachments/CC8iK0NnNXZVMVJ6UTA1emRsVXlha1ZoVFJERUF4aW1CU2dLTWdZcFJZU3VLUU0=-w200-h112-p-df-rw,2025-09-10T06:40:27.586202
Flotilla for Gaza reports second drone attack on boat at Tunisian port,https://news.google.com/read/CBMitAFBVV95cUxNU01JZjZra21QNE1pV3FlUmZ3VFZ4M3l2c1poUEdILTQ5YkRHZFZWRVN5LTlsZmJvby15OVZISldOR09EU3ZsdUJ2VGo1TlNpM3dMWV9OQUkxeGlHWFhBdTZFQ05hc2dWRVFJVkZGVTVqYU42TDVtLU40U1FkM3dGSXVIY0ZxQkpZelk4UzYtUE9VM3hFT2swaGE5NjRPQmhpTkZLR3BHdEx6XzBoM0wtVG01VWE?hl=en-US&gl=US&ceid=US%3Aen,Reuters,4 hours ago,💥 Drone Strikes,https://news.google.com/api/attachments/CC8iL0NnNWhObkUxV1VOMlZFOTJZa00zVFJDZEF4am5CU2dLTWdrQklJeE9sQ2ZBRFFF=-w200-h112-p-df-rw,2025-09-10T06:40:27.586204
Global Sumud Flotilla claims additional drone attack,https://news.google.com/read/CBMiX0FVX3lxTE4xNTdycElHS0ZyUGhoVFZrWks0MGo0X2k2MGp0UTdkSlBlQnc3MXYtenpZbF9nU0luWXFxbnhnalo1T0NjNlQ1MHFHVm9iUWJ1ZVIwU3JKajJqWXFjNGpj?hl=en-US&gl=US&ceid=US%3Aen,The Jerusalem Post,7 hours ago,💥 Drone Strikes,https://news.google.com/api/attachments/CC8iMkNnNUljMDQyVTFwWlNuUkVlRWgyVFJDZkF4ampCU2dLTWd1QllJck9QR1J4TFhybWV3=-w200-h112-p-df-rw,2025-09-10T06:40:27.586206
Video shows purported drone strike on Gaza aid flotilla vessel,https://news.google.com/read/CBMiqAFBVV95cUxOckZBNHYzQ2FZZkdyQ3ItNXBsVXoyTGVobHFSR1otYlZiTElBeHdIWC1TcXo0N1U2T3ZfMFZhdE5PU1lHbk4ybThnUVpjNmxsLTd6NTZ6VjI1LS05WUs0ZmJyUTl1eW9XMFJmOHVjdWJnX3MxWkhibC1PZ2lxT283d2VmR01GTThnN0FjX0FaZXduTEY2WXFleUU4Z2tNY3FqSkM4cHNoRlTSAWZBVV95cUxOVzBFZjJQTDhhZmZYZlo4RWhzNHZZMU4yWjFNUmM2ZlJQaEN6ZEpMbi0wYjE5MDR1UzZVcWFBVDVrX0UxWmhnczc0c0dPN1UycmpwWlFKNWNhUjFhcTE3NXpqNTdKOXc?hl=en-US&gl=US&ceid=US%3Aen,NBC News,18 hours ago,💥 Drone Strikes,https://news.google.com/api/attachments/CC8iMkNnNW9ha3hDZUMxUFh6TjZiRFpqVFJDZkF4ampCU2dLTWdzQk1JUjFLT1JqdENqdWN3=-w200-h112-p-df-rw,2025-09-10T06:40:27.586207
Activists say Gaza aid boat set to test Israel's blockade attacked by drone in Tunisia,https://news.google.com/read/CBMipwFBVV95cUxOQVZNUzZnTUUzOVliNzRURU9RV2dKU3NxWHdWRlExRkVSYU5fUHZPOW1oWmh5cTdRWnlqVEk2aTFQUWlnWlZLQUhNYS1Kb3FNcW9BR3VpdHd4eUR2VDV0Q2VlTnVydURwVjlOMncwZlhucDBsVVZOa1B3dkhMVEN2bUhYemppODBrbWtFRnUxclBTdEY0ZmlrLWNmbkIwWi1jcEZ2ZGlUZ9IBrAFBVV95cUxNNlVHWG10enNCZGs0M1p4TEVLMGlST0l5QnhzaWh6TkRzRDNIdVFLWmJsVFpQVFRJYzg1eS0ycDl0UDdnUzJUc2JWUExUUHJaTUdHWTd2YUFlWXVTUDV1WXYyV3ZfakZmaUlJb0didDJRZkRqNlVjU0ZDVURWMExIZjM3UUZBSk1NeUdXOFdsQWhnRVZpLXQwaXVOdTRPLWZhUllOTXlaakJBUDQ1?hl=en-US&gl=US&ceid=US%3Aen,CBS News,18 hours ago,💥 Drone Strikes,https://news.google.com/api/attachments/CC8iK0NnNDNZbmxoT0RsaFgxcFFTRVZCVFJEVkFoaUtCU2dLTWdZaE1JUXpQUVE=-w200-h112-p-df-rw,2025-09-10T06:40:27.586209
Flotilla for Gaza says one of its boats was hit by another drone attack,https://news.google.com/read/CBMirwFBVV95cUxPTmNzWFdlWGdDbDFpaWlLTWIzUVBMZkJ5ei1vMnlvZmxPbjVRbnZ1QWlLcWllekhVSVAzRi1JYzlqWDJMbnAxTUt4ZWFHUU1jWFlORTFER3hwSlpEY19WOU9OX3pfUkV1Tm9zRGVPcGxGdnRyd21RZUE4em1oenltTE1kVkJlaEM5cjh5SU5SLXVEZGxXVEF1Z3B3TjR1Z01wa0hVeG0zXzNKMWhCcnVB?hl=en-US&gl=US&ceid=US%3Aen,Australian Broadcasting Corporation,3 hours ago,💥 Drone Strikes,https://news.google.com/api/attachments/CC8iL0NnNUNObmx6UlVSMmVGTldjbGxHVFJDb0FSaXJBaWdCTWdrQkFvTGlBdXg1RXdF=-w200-h112-p-df-rw,2025-09-10T06:40:27.586211
Nato scrambles jets as Russia targets Ukraine near Polish border,https://news.google.com/read/CBMiWkFVX3lxTE9HUWhTLTFpWHpTUTR4Z1lXMFBxejVlMVZKMHdza3ZNTWJodU4wbmIyd2FCbUN2WkVacTRyYWJnZm1CQWJDczlkWmN1M0dhT2dxOURvTEMyT014UdIBX0FVX3lxTE5tQTlCNWJHSDBDSGZxVmZ3M1k0UHRtcXB3Y3Q5Z1Y4OVVya2xhTkZxbE40bWw5WE1CTDRTUDZTVS15SmtOd2hvRTJCMmNjUGJuM0ljdHJwb0VJNHhYblNV?hl=en-US&gl=US&ceid=US%3Aen,BBC,4 hours ago,🛩️ Military UAV,https://news.google.com/api/attachments/CC8iL0NnNVdWbkUxYTFWWmJtNVZWVEp4VFJDZkF4ampCU2dLTWdtSlFJUXFNYVM1dFFB=-w200-h112-p-df-rw,2025-09-10T06:40:27.586213
"In a first, Ukraine's 3 AI drones decide when and how to attack Russian military",https://news.google.com/read/CBMirwFBVV95cUxNMnVDM2xTRGNMR25NZ3BhMkZGeUdEQVJSSExBRGdZVTRfTlM3TW1NTHpjWGx2alFwOGtTQk92azh3RGllMENBSzgxV0x6dndGQ0NpRlFpbDVnb3pIMzdGWVViMjBwVVFQUHp2QnBjVVVlZF9lQ1BOaXZ2Ty1FbDJRRlRwaURTa0k5WlhBa1F2cUkzSW92ekxPdE1ueUZwaVB6TTdfY0RWSXNPNS02SzRn0gG0AUFVX3lxTE51dUdCclFLMGVDTEpQMFhSdXBLUF91V3BQU0RTdzdOT0hHdWVmZjNtQ1I1R3RBSnV2WFJOdjltLXlEdHhBTlVFdkxiOHd2UUpfZENlUjMxYzdiTjRkd1dsWWZ4WlFiZmZPRC1hSFJtVU1KcGNKdklhVnAxcVVTVUhMWjN3U2xqajd5Mk0tNVAxTnJEb0txRHVEM0ZPd2lIa3BveTRwMXpGaG5ncDNEUUJYZzBXQw?hl=en-US&gl=US&ceid=US%3Aen,Firstpost,1 hour ago,🛩️ Military UAV,https://news.google.com/api/attachments/CC8iK0NnNVFVSGhJWlV0bVozRXRVakpuVFJDZkF4ampCU2dLTWdhQlpvQ0dwZ1k=-w200-h112-p-df-rw,2025-09-10T06:40:27.586215
"Poland shoots down Russian drones, closes 4 airports in ""unprecedented"" border violation",https://news.google.com/read/CBMiwwFBVV95cUxOSW5GT2hOUEhiOXhQQjJoekdaSDlRUWNidk5QRW1xMEtyWnhRWlVLQ3hySGEyQ2pRSXdJV05Pek5tWFBjYk9FbkYtWE5ucTZaMDI3VTdSTWtSSDlJNFB6cXpKczg1T1FDU0NWRVBGQ0dFa2xKdWtDd1VWR3h1V0FCbTdKQzcyQmVYNVJlU0haNzhzTEZGUDlXcFJxVzNqRHl1RTRxQ0tMUXI4WUpCWVBxTEFGUVZDM1lmVnEwYzB3UGNrQTQ?hl=en-US&gl=US&ceid=US%3Aen,Euromaidan Press,55 minutes ago,🛩️ Military UAV,https://news.google.com/api/attachments/CC8iJ0NnNWhibEJYYjBkemEwczFZamxaVFJDZkF4amlCU2dLTWdPVkVndw=-w200-h112-p-df-rw,2025-09-10T06:40:27.586217
The US Army is Unleashing a New Breed of “Launched Effects” Drones,https://news.google.com/read/CBMib0FVX3lxTFBhM0ZLRUF5cmN2VUluYm83UnBwVDJ2Q2h2V3lMQk83R0czTlVDcWpmM2ZlaWwxa2FmZ1RLMk5tRDFIdENMVC1pM0IycVcxSi00Z3NFVjFjbG5EelExZnIzMWt1R1RoQVhLTFJ1bzZNcw?hl=en-US&gl=US&ceid=US%3Aen,DroneXL.co,14 hours ago,🛩️ Military UAV,https://news.google.com/api/attachments/CC8iK0NnNVFRMjV1U1V3dE9GZE5TVGxrVFJDbEF4alpCU2dLTWdhaFFJaXRJUWs=-w200-h112-p-df-rw,2025-09-10T06:40:27.586218
Is 3D Printing the Key to U.S. Military's Drone Dominance? We Asked One Man Who Would Know,https://news.google.com/read/CBMirgFBVV95cUxPdE82cWNyS0Mtd3FUalVadEpUNWFsZXJyQkkxWno2M2UxdDlId1lBbFUwc0RCc1pGVEZQN3Q3bzAtcl9oUWNoM1F1S2l2U0dzRUpDSzlsSl82RnpyOG1RQlpxQ0xEd1c2SkUtNU8tYmtLTmE5NTFfVEVQUWJRYThBV1RVVEpqX19XajViSWk0dG1qUkZ5aXBfdE9pNS0zY0N0YjFlVVZ3X3h4cXRkQ0E?hl=en-US&gl=US&ceid=US%3Aen,All3DP,17 hours ago,🛩️ Military UAV,https://news.google.com/api/attachments/CC8iK0NnNWlSa2x2TXpNMlQzSmpkVmQ1VFJDZkF4amtCU2dLTWdZQmNZVHhvQU0=-w200-h112-p-df-rw,2025-09-10T06:40:27.586220
China Unveils Supersonic Stealth Drone at Beijing Military Parade,https://news.google.com/read/CBMimAFBVV95cUxOTjJ1c3dlMEI5YmJBTHF2d1AxTkVmWENqV3hTU3BDeXNSUHdRSldLSlBLOXRDZm5fRjNleXQtNXJKOXV3R1VKZlBfbDVGYnJNS3NNdVBzVWctc2hYaGRucUsyeDUwU3R3NjFyc1NiRWg2U2lJMURiblJ1ek5lYTF2ZnpWWFFLTjdzdktVdFFfQ3JSMFQ4Nm1pWg?hl=en-US&gl=US&ceid=US%3Aen,WebProNews,15 hours ago,🛩️ Military UAV,https://news.google.com/api/attachments/CC8iI0NnNWhOMnh4VFMwNE1XMHlWakF5VFJDQUJSamdBeWdLTWdB=-w200-h112-p-df-rw,2025-09-10T06:40:27.586222
Poland fires on 'objects' in airspace after reports of Russian drones,https://news.google.com/read/CBMirAFBVV95cUxNcVVLLWNaNWNSaUVHR3dtUEVuYmdvRFlDeFBJWkhVSld5ZGdKaHJFT1JLclpscXRzN25aWXVZYVZxSFRXUDNEYWU0Z3Vyc0UyaGwxenFwS3luVWxBdC1GUGRRT2dzMWRrZFoxQkRCWENOZ1pSdlpZcGFnWFBiOXpZLXRlX1ZYTkMyWG8xWGljSGRHZHFZUEFjZHZ5VlFFQ0tGaGIwbUNodG9fSGVx?hl=en-US&gl=US&ceid=US%3Aen,Australian Broadcasting Corporation,3 hours ago,🛩️ Military UAV,https://news.google.com/api/attachments/CC8iI0NnNVJSM1ZUVFVGSFNpMXdWVzlTVFJDb0FSaXJBaWdCTWdB=-w200-h112-p-df-rw,2025-09-10T06:40:27.586224
France • French army gives up on Safran's Patroller drone,https://news.google.com/read/CBMi0AFBVV95cUxPUE5wNEtLdy1YRlhHVXFlSkVDbUpKYVhTY0p1YlFTNjF6WHYwVTBSVEtTblphZW80cW1mY0hVcDZGbFM3NHFFYTkySzA1dmROUU9ZMzJUc0QzcFhtdlBaWWJuMXM5Um5pTHMxaldjYnpic2ZNeVg3c0RLd1ZzZmFPdWxGd0p6WXgxVEQ1ZWlmcVZ4SUlfVVNlMm40X0FsVkpKLWVVRS02YU1Rc0pDRVM4N2trUndLTWNSVWlmd2c3MWtzUHBJOXNJNGVhRmktYkpm?hl=en-US&gl=US&ceid=US%3Aen,Intelligence Online,2 hours ago,🎯 Tactical Drones,https://news.google.com/api/attachments/CC8iK0NnNVJaVkJ5WWtWSFozVnpPVkUwVFJDaUF4amRCU2dLTWdhVmdvZ29zZ1k=-w200-h112-p-df-rw,2025-09-10T06:40:27.586226
"Russian Offensive Campaign Assessment, September 9, 2025",https://news.google.com/read/CBMirAFBVV95cUxQYWNUWnpuZFhmVnNsU0diU3pRa0thNGtpcGJoRkVCazZjNlo5ajJlTFhYSmlheloxdS1qTXE3a1BaRWFyY0RYVnZGXy1KcC04dW5SakNDSTRYLWk5RXVFam1VQU1zWWw3bjRLQkZxSVA2NE1lcjJuajBELXRndFpzTUlPNEY1YXR0NXQ5RnZ6aUtLQ2ZBVEZOZ1NEdWR3NnJXbHM1NnhSQTBFMmlP?hl=en-US&gl=US&ceid=US%3Aen,Institute for the Study of War,6 hours ago,🎯 Tactical Drones,https://news.google.com/api/attachments/CC8iL0NnNUxlV3hvVDNoeloxWlFiMFY1VFJEckJCanZBeWdLTWdtQk1ZNHVJZWVTclFF=-w200-h112-p-df-rw,2025-09-10T06:40:27.586228
ASELSAN unveils advanced C-UAV at DSEI 2025,https://news.google.com/read/CBMijgFBVV95cUxOeWlPLWI1MkxxTXlpbEM5c091bEdaQ1VZUndyM3NTbzRqYUE4QVFaVVZyalJNS2lLbHktN2dHeldlQ1pQcVU5XzYtanRCYWswY19kX3U5SUtnZlg5SWhIQ1ZvSmMtcVlyajdqMVJQRUVwSGt3QVBJMWhTdzdSTGxITFRndDBuMUVmUWllVmZ3?hl=en-US&gl=US&ceid=US%3Aen,Defence Procurement International,13 hours ago,🎯 Tactical Drones,https://news.google.com/api/attachments/CC8iL0NnNURSREJRYUVKUFprczBTUzF3VFJERUF4aW1CU2dLTWdtQkVZN0RrdXBiemdF=-w200-h112-p-df-rw,2025-09-10T06:40:27.586230
AI Drone Leader ZenaTech Acquires 25-Year Defense Contractor to Revolutionize Military Inventory Management,https://news.google.com/read/CBMiswFBVV95cUxPdHVjUkxERDlSRDl6R01Vai13dTJkWThCSGMzRmhoWnNrcnE3LVJ3VUxvdFVldEtmU2ZUYjlCdXlFTTZQMUdwbnhlUFY3VldzLVY0R1lfaW1YeHMxV01PUTY1SHlWV0FNYmhXUWI1WnUxYUpaM1hXUXU5eVkzMGNWZ01PSnlHOUM3YzU3OTV2YTl3YlpEclp5U2dvZldTbnVFZTZkdUZQOUhPalpWeFpxNk1Caw?hl=en-US&gl=US&ceid=US%3Aen,Stock Titan,18 hours ago,🎯 Tactical Drones,https://news.google.com/api/attachments/CC8iJ0NnNUdVRmhPZW14TWRDMTNjSGd6VFJDcUJCaXFCQ2dLTWdPUnNoSQ=-w200-h112-p-df-rw,2025-09-10T06:40:27.586232
Aselsan unveils Korkut 100/25 SB mobile counter-drone system at DSEI 2025 in London,https://news.google.com/read/CBMisgFBVV95cUxNMWczTXBWZ1FEZG8zVjRyRFlYem0wOHcwY01pM2F5RmhwNXZpZm5QanY0N0NhNzJ6RkhLejhaT3JYQ2EwWWN6c2NSXzJvcnVwWkJnRjB3Um5BV1FnbmxHWWpjWVRiLU5qOXFYUGwwYmtvRTFVWlBNOEQ3SDNESUhtd3pBNzFKMzJmcmlJdnRlRUJERGdWU2FFal8zcC1JMm9OQlY3RGU5aE9NLW0wOGI3NXhR?hl=en-US&gl=US&ceid=US%3Aen,Defence Industry Europe,15 hours ago,🎯 Tactical Drones,https://news.google.com/api/attachments/CC8iL0NnNXdjMDR3WkVaZlZXaFBjMGxwVFJERUF4aW1CU2dLTWdtQkVZN0RrdXBiendF=-w200-h112-p-df-rw,2025-09-10T06:40:27.586233
"Need partnerships among industry, academia, military: Lt Gen Dhiraj Seth",https://news.google.com/read/CBMiywFBVV95cUxQSjQyNnprUVJnYTI4YnRBTnBkQlRJbG10dTVVNjRJQUpQUjd6Snc0bnRKcFpKaERMakVYMlFaNXV6WVVKd1RQdmdaVmRJTkthcHVFTHJkYzZOUXJXaDBCdnBVd2ItM0xkWEk4Sng0Z1ZHR2ExM1pRdDI4eVM3UWlFdnFhcTVrOS1qeHJhLWV1T0JKdWwxS3I5bk9uWUNZUmZNMkt1a2paTkgxcVkxZ0NkM25fMWhyOU5VR3NkU21UT0lfeUVqQ0ZvMW16RdIB2AFBVV95cUxNNmJRTVlJeFY1ZG5oQWJ2WVRmT1dMeHhUR25fb1NvWjFaenhhMHl1WDFwNzJPZFlBMFNHOTVGMTZ3WXZUSlBQdVRWU2dSbDRsXzFYQmNzbkNVbGNFZlhMaVgxUm1EbVE3dTNGaG13VDBnRGNtMFFLUzBIMFhFZTNqSFA0OTdRZUtCa0gzdExwd2IwQ05lZGl3QWdhSDJsWk9pWkFwMFFJLUdRdHp4aHFSLVRmaFZ5NGhfTU85cUthcjhkTURDbEtMTVZrckQ1akd2RHB2VzRXZW0?hl=en-US&gl=US&ceid=US%3Aen,The New Indian Express,3 hours ago,🎯 Tactical Drones,https://news.google.com/api/attachments/CC8iK0NnNU1XWE5ZVEZaeFVtMWlOelJwVFJDZ0JCaTBCQ2dLTWdZQlFweFFIUWs=-w200-h112-p-df-rw,2025-09-10T06:40:27.586235
"Ukrainian ""Clarity"" AI tool detects Russian military equipment in photos and videos",https://news.google.com/read/CBMiY0FVX3lxTE4tOVdxNkhYYklVdmt3NlQ2UzFybmQ4OWh0STlCdWtRWTNieW1HcFMtX2tjcUhPNjdyOXplUzI1WE03SWx3S1RxUk0zNTFsc3VoNGVub3BWSFdIUVBCTG93cjFPONIBb0FVX3lxTFBCQkxJMkVzQVNOUDFGQWw3V3VZdkdZWURrbjgwWWZiUnI0MlAtQlpWQUlzRHdPclN2VTJSME14NUs1TjRwamdPY3dscFZoVlZMU0c3UE1QYW15M3AxZ3FaLUphbEtkQTNoVXNsNWx6aw?hl=en-US&gl=US&ceid=US%3Aen,Українська правда,19 hours ago,🎯 Tactical Drones,https://news.google.com/api/attachments/CC8iK0NnNWtPWFJWUW1sSFVGZHdXbHA0VFJDZkF4amtCU2dLTWdZQkFKUWlod3c=-w200-h112-p-df-rw,2025-09-10T06:40:27.586238
Southern Command Army chief visits defence firms in city,https://news.google.com/read/CBMipgFBVV95cUxNU0xIb2pPZ1RSMDdUUDVuOWdLTG5LNURON1Y3TzVXR0xFVThDTllvcTRZTWNfanhwTGdTVHR4RkRCZkt1X2dvaUpwbEJ5TGh2TE43bVNaMm9mZE5fejNpLVdqV2lUZ0tidUI3N2llbHZ1aVlBVTlNSjd5NFQ1NktxQlo4aTJZQXAtUkFweU1xNnVDbzZZZnFkVXg5TVlWanVTOVlWci1R0gGrAUFVX3lxTFBtNVNHOG0takFvY19kcHhFaTk3SkpJOHRwdkFHOU1yTndSTFdFakxuRzZjRFkwOTYtVHgxQVFzU0k5VDlXc2Ixd3BtcDBHWnBVWkZLOWtNYnpidzFfRlBleHhpelB2blh0LWFxUXlDNkQ0cy1COFFxNEtRZk5qd0VMU0pRY29wSllVRmhaNU96aUk0SlNYM0loVUxIZG1RY2RxZ0lqVXZ5RXVsaw?hl=en-US&gl=US&ceid=US%3Aen,The Hans India,4 hours ago,🎯 Tactical Drones,https://news.google.com/api/attachments/CC8iK0NnNWtZVFl4T0doeVowRm1lbUZSVFJDZkF4ampCU2dLTWdZSk1hRFVHQW8=-w200-h112-p-df-rw,2025-09-10T06:40:27.586240
"NSCDC trains 174 officers to tackle cyber intrusions, drone-enabled crimes",https://news.google.com/read/CBMirwFBVV95cUxQQngxYzlINDd0UWdWZWNOcU9kOW5TaERiRjFWeDY0aHdKeURQSmNYWGt4ZFFfcUFyT2hoS0F4dkxfREVhTFFYUjU0d2xlNXpkTDB1N1JLN3BySlRRSG1wRlZIVmhiQmVqUDJLdHlSWWtvNVJaQ2RELUVJQVE3cXhid0xLRWFWaGRhaHdHeXcxcnA0RVJwd2RzMnpXQ1lBOEdLV3dQNDAtOWpBNEhwczhR0gG0AUFVX3lxTFBKRkxmUW8yZDFQa180UFhEcVlSMFpJVDVrZThBZGZqdkllOUdtR2Mwd0swU3VlZjQwUmN1Y2NNMVJhc0ljczRSamVRaHhwRl9peEozUlR1MWlTdXNxeGdSemRnbWg4SEpyb0xidFF4TDBpRGV0a3d0aTgxQ2xfRFFjWUVLcXhjaHBnZl9zclJPTmRkMk8tZ0VVcUJ3TWs2ZXh6dGYxZHBhLWdtNmtIX09CR2JuVA?hl=en-US&gl=US&ceid=US%3Aen,Vanguard News,21 hours ago,🎯 Tactical Drones,https://news.google.com/api/attachments/CC8iL0NnNXBlbEpxWjJ0bFoyZHlXWE52VFJDN0F4aTFCU2dLTWdrQmNKQjBzQ2FnRFFJ=-w200-h112-p-df-rw,2025-09-10T06:40:27.586241
Ukraine-Russia live: Poland calls emergency meeting after shooting down drones,https://news.google.com/read/CBMitgFBVV95cUxOQnZLNVpSYnhnVkRzWlhyZDZwYW1mMFVqZlpsX1QyZWZMWkV4M2dWTzBFSGlheEpWbDk2NDVNb2VBSlcyNTVrQXZwYkgtQm5yZjRKM1pNdU8xellRQXRwS01uNVEyMDlTbHdCMVNPZUFDd0RKV0R3UFpXeHZUUDFWSDRiaEJnMmlvejQ0enBvc0EtYlJ1cmVna1VjdzFLeHFJQVhSYnB0cm1fcmdUaTJHVU11aGR4dw?hl=en-US&gl=US&ceid=US%3Aen,Reuters,35 minutes ago,🇺🇦 Ukraine Drones,https://news.google.com/api/attachments/CC8iK0NnNVJVM2x4YURGTk5VMU5kVXBYVFJERUF4aW1CU2dLTWdZQmNJZ2l0UVU=-w200-h112-p-df-rw,2025-09-10T06:40:27.586243
Poland says it shot down Russian drones in its airspace for the first time in Ukraine war,https://news.google.com/read/CBMingFBVV95cUxOc3drU3lsZUNsbzQ2RTBWcEJUTmdyNE1IcDM1OW01eGpFek4yYmtudktzYU1RVGFGTUhTd3Q4blh6bGJGNDRVeFZUNzBtTG16UjBpbUtwWmVzU2xYamNLeHRfd1VVTEtOSkJNLVgzWDBWNWxDNkx2Q0hHeVNvZWxuRHJZcE5Mal9YU0RNQ0tzUy1QSE5OOUFSTlotanNJd9IBVkFVX3lxTE42NkVYaVAzNDRlVGRlTVo2VzhUbl9HOWo0M2l4RUJNTE9EQVFxLU1lSEVRRlFPc3dkQUF4M1o5eFFqbGJnTGNteG1tc01QbmNmeldXN2pR?hl=en-US&gl=US&ceid=US%3Aen,NBC News,3 hours ago,🇷🇺 Russia Drones,https://news.google.com/api/attachments/CC8iK0NnNURibXhyZFhwMVkwSmplRkpyVFJEQ0F4aXFCU2dLTWdhbFVaQXdKUWc=-w200-h112-p-df-rw,2025-09-10T06:40:27.586245
The Chinese Drone Flying in Your Neighborhood Could Be a National Security Threat,https://news.google.com/read/CBMiugFBVV95cUxOM1c3bEdKTzhyaUxlY082WlBiVGNPeE1Pd3lnTXQ5eFdHV2VvSG5oR0JCMFhtU0pDZ1JSNUNabE1hZjQtMDdtVHRqR2RGSXBRX2E3XzQwSTlpYWFURGtOY3AtYnRWU3dnbXdVUWdNSF9pV2kzZUpuYXdSZTN2dTJLWE9YT19NdlZGV1lYcXFnWlpqWVFoeWlBRHR4T1l0aXdPUVdSbzhOcXV0NlExZW5jZVU5Vk83YXFXTkE?hl=en-US&gl=US&ceid=US%3Aen,National Security Journal,5 hours ago,🇨🇳 China Drones,https://news.google.com/api/attachments/CC8iK0NnNUliV3RTVlVrelRFZFJMV0ZmVFJDZkF4ampCU2dLTWdhSkVvNm1RZ1U=-w200-h112-p-df-rw,2025-09-10T06:40:27.586247
"3 new Chinese weapons highlighted at military parade watched by Putin, Kim",https://news.google.com/read/CBMifkFVX3lxTFB3SlEzbnhRa1Z3Xy1sQ2ZDekdUbUo5XzVUb19SVnZrM2RGcFViaV9kR2JTWm5QRUYyb2lmQUR3R3VfbWNjYjNEOWlZbzlyZVNidW1FeHFoUkJDR1JBTmJ0cm5CYlZtaU5HRWFxdms4OFotRlJXUURQQmF1dE1OQQ?hl=en-US&gl=US&ceid=US%3Aen,AOL.com,4 hours ago,🇨🇳 China Drones,https://news.google.com/api/attachments/CC8iL0NnNURRM2hZZEZZeVlVRnlRVUp6VFJEb0FoaUFCU2dLTWdrQkVJWHoxQ0xRMVFB=-w200-h112-p-df-rw,2025-09-10T06:40:27.586249
What China's big weapons flex says about how it's arming for future wars,https://news.google.com/read/CBMiqAFBVV95cUxQRmxiZzBvUFdEcnNybDJIdV8yNU00NGhoZHl5bmRjUkZ0WFdRWlBqQkNoT0pNaXI3THltb0xUMFZmY25sX2FVY3hPSm1XYjhQR2J1emdwVGRRdGJiZW9Fb05yVlFTOElzMkxVV2xsWHZKaXN1bEtNck1tQmRVZGw4Z1FMcFJKZ1BlRHBkY19EU21CNzFOMS1IOGtDQTNEZXpqVE9qY3Y3emk?hl=en-US&gl=US&ceid=US%3Aen,Business Insider,21 hours ago,🇨🇳 China Drones,https://news.google.com/api/attachments/CC8iJ0NnNHpabXhYT0hGeE0wSTVhMjVhVFJEVEF4aVFCU2dLTWdNQndBdw=-w200-h112-p-df-rw,2025-09-10T06:40:27.586251
investingLive Asia-Pacific FX news wrap: Russian drone incursions into Poland,https://news.google.com/read/CBMiuAFBVV95cUxQT2RzMk9LM2h0SERRc3Nrc0tZOXlmbWdTczdmQUFPQlVNXzVuaGVmSnd6RERUa3dMQUpGRl9VSXRjZUxZcURsU3BiekhXQ1hlc1NlRV9ic3pWNzZ0WWdIS1FONlFsNl9jYUxyXzlyY1VMeC1qd29Da1pqNkwwSThlMFpNUktCb2dmZTItajhDV3c0dUFNSEdwVDR3eHhETU1JRERUUjc1Y1E3T1NtbTRzMmFmOUdGQUZ50gG-AUFVX3lxTE5ReEtoaVRQc0pybUl3YnRJZnRheUUzaExhaUU3UjQxVHFTRVFpd2djbjZ4N2N0OWJVWnR5ZVVBcVBUQ3dXbkh1SDc2S05LVDBLUmVpUWlSX1UtazN4ZE44blNWVGctOTQzaW5IZ2ppbHJOc0EwRkE3LWswRXM4V1NrMzY5M2xLTDJOOU9PRk5OUUhIUndGQXRBalNBckxKLU8xWVlJMHY2VTZSOW9XRGlQZktETDQxXzFfWno2dHc?hl=en-US&gl=US&ceid=US%3Aen,investingLive,2 hours ago,🇨🇳 China Drones,https://news.google.com/api/attachments/CC8iK0NnNW1Wa3BYVjJadFdtcFBXbVprVFJEZkF4aUFCU2dLTWdhSkpxSkZHZ28=-w200-h112-p-df-rw,2025-09-10T06:40:27.586252
Ghost Shark submarine drones to bolster Australian navy,https://news.google.com/read/CBMigwFBVV95cUxPUzZFaXZJaVhYSWdqTE82d0JxYmtDZ0M3MjUxVzBfRWI4aXNXb2hHa0p6UUVHbmM4Y05lbktPbnZTQzFjekF2WnB5YXVlMmJRTHNHOVBMbGRYM3ZrU3dTRkRRMzlhcHpucHlYb3ZfWE5kLUYtSGNsMzlOd1FtVDNmaXZ3aw?hl=en-US&gl=US&ceid=US%3Aen,Yahoo News Australia,2 hours ago,🇨🇳 China Drones,https://news.google.com/api/attachments/CC8iK0NnNTBkbTV4TlZWS1VETmlWRU0xVFJDZkF4ampCU2dLTWdhQllveHZyUWM=-w200-h112-p-df-rw,2025-09-10T06:40:27.586254
China consumer drone battle heats up as Insta360 takes on DJI,https://news.google.com/read/CBMiqAFBVV95cUxNMkVseEFIYXJJLXRvZzVKb3FaX1dkcnAteUxrbDlMNFN0Wm9famh4RENXNFB1V1NubW5ZeDFBZWVMRmduRzZDOEhISDA4YVc1UkRsYUROSzJPWUhRT0ZoOExFRjE3Wkl4VGx2dDc1blRaeFBPMHVnTTNPZkg4aTZzOEZlM2ZSRFFodmJnODFIR1Axc2xtSk5MTDhOWG93clJnVlNpMlUxRFI?hl=en-US&gl=US&ceid=US%3Aen,Nikkei Asia,14 hours ago,🇨🇳 China Drones,https://news.google.com/api/attachments/CC8iK0NnNUphVEkxTWs1dlh6ZGFNblJXVFJDZkF4ampCU2dLTWdZbEpvSU1tZ2s=-w200-h112-p-df-rw,2025-09-10T06:40:27.586256
Australia unveils $1.7b Ghost Shark underwater drones to counter China,https://news.google.com/read/CBMiygFBVV95cUxQaDhib1VwbTFscDRlM2ZtNDV2b1M2N0NrMDNqcHpQX0tPM2x0UnN2Q2ZWVzZUeWxGVmpwSU5INVM5QUM4N1NuZDNaR3drbUd5YTBaR0I3S2lycTB3enROS0ZCdWVPQjlTYzBXaWM3cnZ4bFloWkJXOGZJbEc0U1BSMGFrcUVRZE9MY0NFZGlGUjd3VlZPZGdldVgxdXJidzRZOURtaHdOZ0VGN1A1bGNQYV9TZTZLY080RUxFdXh5QS1Db01yRmVEMi1B?hl=en-US&gl=US&ceid=US%3Aen,The Sydney Morning Herald,2 hours ago,🇨🇳 China Drones,https://news.google.com/api/attachments/CC8iK0NnNVNjRkpsYVRSU01EaEpUblEyVFJDRkF4aklCQ2dLTWdZRllKU0ZwZ2M=-w200-h112-p-df-rw,2025-09-10T06:40:27.586258
Trump’s Inaction Hands Putin a Lifeline Through China,https://news.google.com/read/CBMiowFBVV95cUxOekRoTjIyZWJJejBjek0wNGd1UTVWVjFETjU0WWNOd0o0UmpITGFiMVlzWUtQRkhmdUlSY0RNMW04RU9TNnJ4TFJwdS1ONlBvZVF3TENxWldpVGYzbF9mZmg0clJaMV9ocmVhM0Q5VG1OdmxNcXNuTEV3cFAyNXFEaUU2S0V3QkNWWWxzbkZnQ0I5VUJyZ1MwVE9VaXluRXRiVTZv?hl=en-US&gl=US&ceid=US%3Aen,The Moscow Times,17 hours ago,🇨🇳 China Drones,https://news.google.com/api/attachments/CC8iL0NnNURZV2hETkUwMFVGa3RYMjV4VFJDZkF4ampCU2dLTWdrVklacldrQ3FhS2dJ=-w200-h112-p-df-rw,2025-09-10T06:40:27.586259
The History of U.S.-Iranian Irregular Warfare,https://news.google.com/read/CBMijgFBVV95cUxNWERLVFJwdS1zV1pMaWtkTXotLXI4U045NC1zOFhkZVJlcVV6RUpuR0txbGd6UXYwNEg1bzVLNkMyb2t2Tkl3Vmg2VTBISHI5TnRhNGd2b1BqYV91aGF5WHltUHJISGhIdUUyRG5NbW1VMWFtREpXV1F2V2oybXNSWUVRWWFlRzhxOGlnS0pB?hl=en-US&gl=US&ceid=US%3Aen,Small Wars Journal,32 minutes ago,🇮🇷 Iran Drones,https://news.google.com/api/attachments/CC8iL0NnNU1lREZEU20xVmQzUkxiVGx2VFJEZkFSalRCU2dLTWdrTlFZeW9vR2xNRGdF=-w200-h112-p-df-rw,2025-09-10T06:40:27.586261
IAEA chief says agreement reached with Iran on resuming inspections,https://news.google.com/read/CBMisgFBVV95cUxNTlp0Y1BQNlJRTGN5QTFJZXNlOGoxZWFjUUpOOTdFUUQ3blljSGxQdTBhekFudzBiSHRyeWh0THR0MmtMNTFSWE10d0NyRV9HSUV3TXVUNldwUEVNd1JrcHdIZ3dHeEgteWVzQ1hNSXJOb09GVFkwN0VIelV6NFpabGdlM0ZPaWNULTlBMHNwVVJlTC1GdDd6WDhLQWdqQ2dSYldBMm1WZy1EVEVxMHZDLVVB?hl=en-US&gl=US&ceid=US%3Aen,Anadolu Ajansı,10 hours ago,🇮🇷 Iran Drones,https://news.google.com/api/attachments/CC8iK0NnNUJXakYzUTFGTE5YRnNZbGxsVFJDZkF4ampCU2dLTWdhcE5aak9IUWs=-w200-h112-p-df-rw,2025-09-10T06:40:27.586263
Iran resumes cooperation with UN nuclear watchdog under new framework,https://news.google.com/read/CBMimAFBVV95cUxNQnB5Q0JKc1BnTGZ2QnU0OEctLVhaeDJzYmEyRzQzY3NTSENrNDlBWmhfdmFMb0hCYmptSW5LV2pRanczV240Y2lkQVZiQmVXZGVzR2plcV9nWjFFMUcxdkM2b25MYVZ6cDJiZzdmbGFyY1VyU1g4Mzl3b1FvZ2t0dmNoSkhxeFFqdjFjaUNab0lLamE0UXN1OA?hl=en-US&gl=US&ceid=US%3Aen,France 24,5 hours ago,🇮🇷 Iran Drones,https://news.google.com/api/attachments/CC8iMkNnNVZlVWhhV0RVMGJsRkNiRlpSVFJDZkF4ampCU2dLTWd1QkFKSUNFeW9lby1wY3VR=-w200-h112-p-df-rw,2025-09-10T06:40:27.586265
World reacts to Israel’s attack against Hamas leaders in Qatar’s Doha,https://news.google.com/read/CBMirgFBVV95cUxPN1Vpd21SSHJEZ1JZUm5OWGN5WWJqTm14enZCLXR0SVNiRlYzUC00dWdkM2RZUmVZYkYyeW1WQ2phQkhnQUNfaXBndkFFYjVET0hsRkozTjgtVEdfcFZuWWN6NS1YS0ZhVno5QkVPWjlvdUtfMTl5Y0s1QnhqcjZ1ZXZNemtPd2FrNkZ4MVpQZkpGRTdPVkZTclAtc1FMblVLa01md1gzUkRiQmtpZ0HSAbMBQVVfeXFMUDZhTmxTU2t1aW1ncXpXeW03RTdleS0wWTRuaTFCbVRqQTRnR1lReGtnaEY1Y09qZnpWNlMwYlQ0SmJQdF95RFR4WTQ2R0VrQjE0THZzODYyM0o2LUszOTVqYzJtNTlkZEF4N3hPODJhSGI4OS1vWl9Pd3VMcjFHY3ZRa3JUUnI4Q1JPOG0tV2doTGFuT1Y2bm91QmJ3dnQ2WVhpTE94N3dwX2VqbzViVkIyakU?hl=en-US&gl=US&ceid=US%3Aen,Al Jazeera,6 hours ago,🇮🇷 Iran Drones,https://news.google.com/api/attachments/CC8iJ0NnNUdibVkzUzJGWU4wMDBWalpKVFJDZkF4ampCU2dLTWdNQk1BUQ=-w200-h112-p-df-rw,2025-09-10T06:40:27.586267
Iran launches first major naval drill since 12-day war with Israel,https://news.google.com/read/CBMimwNBVV95cUxNdG5jaXRBMVhRRjJRZ1VPcHJnUEhiMW8teF80YzBUb3dzZEVZU19VbnFLUEU3MGI4VzZoLWFEVW1MMlhab2N5Mk9NTHV6MVByTVZnMTdtVXBITm4yV0QzUVNYc3lUOVlZWHdiTkpTSEpLMHdfVjNmNzFmekdmY01KeUZONXZLYXBrNlJVZzRqZjJyOXExZk5tMUdNYkhkQ192S1FTd1diMjNLdXFvSzgwa0l5STVGbzAyY2NuYlNpVjFTRWVhWkRkd0w5UDFFWFpYVUQ5ODN2Q3JZelp3ZTg1Y1g0aVZDNkY1cG5PZ2toaUNrRHRBRVM5TFJVMzRKQWRpYTB2TDRfeUg5QUVYQy1rYVBpQm5RLVZPVWlNVEN6QjBfWjBLcVFlY0JQcVJsTTl0U0FucS01c0RqeGRUWlQ2eTNTenJWR19DRnplVDRmUjdpZWV1WVJMQVNPQnN2MDZ0VTc5UGN6SmNnSUtUUmdiMGtJRVZkOW9WbWVQQlZ1SDIyeXZMRTZtc3N4WUg5YTM0MXBvUW56ZlBESEE?hl=en-US&gl=US&ceid=US%3Aen,MSN,10 hours ago,🇮🇷 Iran Drones,https://news.google.com/api/attachments/CC8iK0NnNHpkMmhuUW5SR1NrSjNkRzlVVFJEaUFSalRBeWdLTWdhQlU0WXByZ1U=-w200-h112-p-df-rw,2025-09-10T06:40:27.586269
Polish airport shut down following reports of Russian suicide drones in airspace,https://news.google.com/read/CBMijgFBVV95cUxQZUtGai1ya0xwUF9UTE92cnpIXzV3bmdraGN4SlQ3alVHeWRfcEFQNDk5WTJNbkMwdnB3blY0VkhyVVRzSDMyUDJ2MnZFdXRGdGpkUHk0emNaZjIwQlF1RXlXR3c1OWwtRUM3ZHR0M2lJaFRHcnAxbTd5TlIyWEdfN2ZTVXNtRWtRY3kxZDZn0gGTAUFVX3lxTE42RG1SVk1hYkVqNWF6aTNBQlJkc09xSzNhZFpJNlR1Rkh3R1U2REljSWZPNktsR0xwRnhQbFdaLXJ2NVNpWnZ6ejJJaks1c0VaZUVRREUzYmNGVTU3TVgzbnBDMnhFRkdzT0d2aUtocVhMREpxVFRkR3ptUGpzMFVCNjNjSGJtQzg0S0xETTdldk9xaw?hl=en-US&gl=US&ceid=US%3Aen,Daily Express US,7 hours ago,🇮🇷 Iran Drones,https://news.google.com/api/attachments/CC8iI0NnNUtWbmxvTFY5eFZHczBVSE4wVFJDUkF4ajhCU2dLTWdB=-w200-h112-p-df-rw,2025-09-10T06:40:27.586271
Poland claims it shot down ‘Russian drones’,https://news.google.com/read/CBMigwFBVV95cUxOc21Lc19kVkdfUDRMbU9LeUdSUmZfZDRqOUQzcDJiVTFOXzR0blJpaElFY1ZZWW1JTGZpa2VqVEUzQ2ZkckpwUi01ck95azgyZ2xUVGY2dnM4WW5aczVzcnRCMUd1aVI4Sm1NUHQ0VVFNOGtrVk9ydkhoMTBlaFk4Zmc3d9IBS0FVX3lxTE90QjZBM2VrMU1OeXc0dXlUbllVaklDTnQxUmtkVG02REMxMm55WUN4ZEpBLW0xTTQwMTVLWkUwVkE3R0t0MzdCM01TUQ?hl=en-US&gl=US&ceid=US%3Aen,Mehr News Agency,17 minutes ago,🇮🇷 Iran Drones,https://news.google.com/api/attachments/CC8iK0NnNWllRGxSWW1wNk5ESjJWRmxtVFJDUUF4allCQ2dLTWdZRlFJWW9NUVE=-w200-h112-p-df-rw,2025-09-10T06:40:27.586273
Iran has significantly weakened its support for Russia — what happened?,https://news.google.com/read/CBMipAFBVV95cUxQRUVKdVV6R01FTG41TWVOUG9LVzRQSkhzTFVzTzhTNC1VNi1ES2laNDMzNXVEQU5WblR0UnVDUVhNOVNFeDNzVXhHdUxTMXJNdTIzWG1kM0FRM2QzdTNnd3ZFWnBtdGh3VVotdDZNcnl1aEJ0cTZCT1VNX0Zudk5Ib0VuYTl0NmFoWmRUeFNidjlxY1BnMFVCZFdycDRrOUZZeXlYZQ?hl=en-US&gl=US&ceid=US%3Aen,Online.UA,7 hours ago,🇮🇷 Iran Drones,https://news.google.com/api/attachments/CC8iK0NnNUZOQzB0ZUY4NWFXZHdibEp6VFJEd0FSaUJBeWdLTWdhQkFvNnRsUVU=-w200-h112-p-df-rw,2025-09-10T06:40:27.586275
Over 100 foreign parts found inside Russia’s drones and missiles - Ukraine's intelligence,https://news.google.com/read/CBMilAFBVV95cUxQYzZta3hBY0ViU2VWQlpsS0Z4RzBTeUc3TDBYckgwb1hKYndLaWVWTzlQNjR4VjRJbVlPWERVWmRsdmUybGlDcFpjSDFHSXgyZG5yZ0t2M3MzWnRlR3AxV0FyYTF1ZTJyb2l2LVAtS01SRk9CMVVWVTRYM3Q4bzUyeHFzVjdCenF3elQxbXZ0LVFDTkdo?hl=en-US&gl=US&ceid=US%3Aen,RBC-Ukraine,21 hours ago,🇮🇷 Iran Drones,https://news.google.com/api/attachments/CC8iL0NnNWZSRGd4V2poTFFYRmpMV3BHVFJDZkF4ampCU2dLTWdtZEk0aXJvU2VMVWdF=-w200-h112-p-df-rw,2025-09-10T06:40:27.586277
Gaza aid flotilla says boat struck by drone at Tunisian port,https://news.google.com/read/CBMiiAFBVV95cUxPdURneGFiY0hqSlhVVjJEQnZSQ3FVRzkwM2RZUFRaUy1rZ2NWWFhFeTdwQ1ZDYWR0WURaSVRWbXA0cTJEWXpFM1FWVlp0a1RLQkp1eFFLVzVENG1rczVRU2poNXRBNTlyejNBdExmMHhWUXdUQmlaZ2dyOHN4WnlGVU9OX2FWdnJS?hl=en-US&gl=US&ceid=US%3Aen,CNN,19 hours ago,🇮🇱 Israel Drones,https://news.google.com/api/attachments/CC8iK0NnNXZUMHhCUm10SGRrSnJPRzFHVFJERUF4aW1CU2dLTWdZQm9JcW51Z1k=-w200-h112-p-df-rw,2025-09-10T06:40:27.586278
"Gaza-Bound Flotilla Struck by Drone in Tunisia, Aid Group Says",https://news.google.com/read/CBMijAFBVV95cUxPQWJYT2U4S18weUlXT1RaM0ZaSndsTm1aSlE1WWtSbWlRUzJfUm1NZnM4SS1NVWpPWTJ3bllSSFlHVUE5Vlg4UzhJNlNxcS1mRklEYnhWZTBHSlp6QXlmczVhM0FCTWhmQ2xYcmZ3UjJRNmZsMmlfSzJ1aTRiUnUxRHdqTXNaZlo4MGFxag?hl=en-US&gl=US&ceid=US%3Aen,The New York Times,15 hours ago,🇮🇱 Israel Drones,https://news.google.com/api/attachments/CC8iK0NnNUhRM0U0ZFRSVFJUazJSRmQwVFJDUUF4allCQ2dLTWdZaGhKQ3NNUVk=-w200-h112-p-df-rw,2025-09-10T06:40:27.586280
Moment of suspected drone attack on Global Sumud Flotilla boat,https://news.google.com/read/CBMisgFBVV95cUxPWVlWVy04NHd0VzBjeGdDakNsWmNRR0pYY19oWWR5TU9PY0l2V2ozNkxhVnBoYmFTRnZLNG5fX0w0c054TXk1bU53V3I4QjBDeEdlZ2hEczBWYmIyaE9JdnBKVFZvSUNqRGR1WWpNQmhRMk41NDdlODNPSXBOcGxBX2JLSWFmWjNkVUQ0dk5acHEwQnFac0U2dGVsNmdhM04wSlQ5TWlJUmNUbjN2YVBrWGVB0gG3AUFVX3lxTE0ySzIxeFY1MXBaTXpRVkVsUFpOYk1CRmt2ZWZXcDk2U2lBWk9LMUpuOGVubHRCbFVkQWllUkt2dTlqM2lXd1RrT3U5Y0hyRGFrd2hBRmlXaEduM0tPUE1nQ0NkWVhtU3JKNG9uUjlobE1EOWFidVNiN2s2TGxZbC1uOTRWWTl4OVlXOFZMNXRRdVNwVmpNR0ZZekpTSWd3am1HczVDakR3NGphZ2kwOWh1SzdkYVgtTQ?hl=en-US&gl=US&ceid=US%3Aen,Al Jazeera,13 hours ago,🇮🇱 Israel Drones,https://news.google.com/api/attachments/CC8iL0NnNTRUMVJxY1hGS1gwaDRlV0pNVFJDcEF4alJCU2dLTWdtQlU0QUhzbUpjTmdB=-w200-h112-p-df-rw,2025-09-10T06:40:27.586282
"Greta Thunberg's Gaza flotilla hit by drone, organisers claim",https://news.google.com/read/CBMiWkFVX3lxTE8yUjI3OFFSU2dUVERWM2VlTGxjM3VKNEx1cTQ3QnNjV2Y1VEE3eVpKSFFzY29tTUNNQzQyNDJyWHRORHR6WUVPMHV3blhHS3UtbXR6M0dOeVBhUdIBX0FVX3lxTE4ySHVFcHRqY0pBdVBIQUhIUTI0VUJyY0tlRzVWZG01MnFLRW14ZjI2Z1N0UHo2Y2xQYjg3V3EtcWxhMjlnOTR4NmJqbE10SjU3RjZNVnhoY0c3dkxrNkpV?hl=en-US&gl=US&ceid=US%3Aen,BBC,20 hours ago,🇮🇱 Israel Drones,https://news.google.com/api/attachments/CC8iJ0NnNTRSR3hJYkROc1ExVkNMWEk0VFJDZkF4ampCU2dLTWdPRlJBQQ=-w200-h112-p-df-rw,2025-09-10T06:40:27.586284
"Gaza flotilla ship attacked by drone off Tunisia, organizers say",https://news.google.com/read/CBMiuwFBVV95cUxQU1kyZGdiUGhpdXo5cUNFcTd6NkV1SmgwOWZ1OEZVNTF3NS0wT25IeDUxNVZEbHJTUE14OGxVZ01MRmxvbjhYWlMyVDRyanFnLUN6eFBmaHdBRlVMWl9wb2pIaDZNUWsxeWZOeG9uM2l4S3VLS0Rpc2VJU01UYmFyZ3FPY3BfZ3NJZkJ4SmZ2NUFLM1k1WlIwUWQtQTdWbV9lQnBLbVFIYUdVM3N3UFFXeDRiVC1xLXFwYkpr0gFWQVVfeXFMUHRsVGpOY2o1M3JzTm1XRmQ4UEtXOGdnNjVxbmZxSHNiYlNvMUxMbElhdnhqR3JaSk1sNGJBMHF6ZGFOb0NzSU8tOFUyRXh5SGtkVTE0Wnc?hl=en-US&gl=US&ceid=US%3Aen,NBC News,21 hours ago,🇮🇱 Israel Drones,https://news.google.com/api/attachments/CC8iK0NnNXdWbFZzUjNKV2NXcEtOalIxVFJERUF4aW1CU2dLTWdZWms0cUxQUVU=-w200-h112-p-df-rw,2025-09-10T06:40:27.586286
"Second boat hit by suspected drone, say Gaza aid flotilla activists",https://news.google.com/read/CBMitgFBVV95cUxQYllyV1BMalJGQXNxZVEtMTZnS1l0UFNndlhUUWxyWVlYZ28yRDcwSVR0d1VUUC1TOXN0TkhySzJ0R1BVRGszLXdwWVZOeF9KOVNFdmxvWlFVOUhVcS1OVTF1eTFSMURPT3ZfVzJQQXlMUDg5NlJNd1ZjSFZ0ZzFBbGQ3OUVncTVSR0dkbDNpZ2dzRmNtSFJha3VENHVsTndhNkQxSmhSZWhtYmJMRXdzZkZ6RW11UQ?hl=en-US&gl=US&ceid=US%3Aen,France 24,3 hours ago,🇮🇱 Israel Drones,https://news.google.com/api/attachments/CC8iK0NnNVFNVXRVUldnMmNWZE9VSEpQVFJDZkF4ampCU2dLTWdhQjBJaXV4QVE=-w200-h112-p-df-rw,2025-09-10T06:40:27.586288
"North Korea pushes drone development with secret tests, factory construction",https://news.google.com/read/CBMiTkFVX3lxTE53OG80bTNqcHQtbVI1SG1pVlY5MW1pRDBySl95TGVsYTh6LU4yYzNLU0ZrZVA5anVKMVpTTG0wemtLVm5DU3UxSUY3cGVhUQ?hl=en-US&gl=US&ceid=US%3Aen,NK News,23 hours ago,🇰🇵 DPRK Drones,https://news.google.com/api/attachments/CC8iK0NnNXRTVk4yYmtoMFpGQjRPWGxYVFJDVkF4ajFCU2dLTWdZTlVZVHpUQU0=-w200-h112-p-df-rw,2025-09-10T06:40:27.586290
S.Korea Launches Counter-Drone Hard Kill Project,https://news.google.com/read/CBMikwFBVV95cUxPckVCei1oeGJsX1ZWcmFsdEtkQmFuSDh1b1ZNSkhYTS1URTFpNC12dUNnc3dOcWRsZE5KQWpvQlAxOHAwTGlUaDlNdHBTdHNoZGlDQWE2NFRMWm1RRTRXSUd3R0h6TWROMFVORV9MZ0xuXzJyZE1BSmF0UlZBaEpQWEJfYkxrS1dZX2Z0UUFpeUZ5aUk?hl=en-US&gl=US&ceid=US%3Aen,Defense Mirror,18 hours ago,🇰🇵 DPRK Drones,https://news.google.com/api/attachments/CC8iL0NnNDRNWEZqWDI1TFNHbHZhVmR4VFJDM0FSaVRBaWdCTWdrUkFJcXNBRzFicmdF=-w200-h112-p-df-rw,2025-09-10T06:40:27.586292
Deputy Minister of DAPA on Polish-Korean cooperation,https://news.google.com/read/CBMikwFBVV95cUxOb3RJNEtvYkpPTkZHZjNUUm4zNERBZVlNOHR3bC1GYTVWUEM0V1UwWW1YS0NocmZqaVdWNmZhXzZMb25WMFpIRDlmaDhtY3I4RS11ZWNKUGYtc2VyV3dsZy1ENm1XX3NRSUdxYVlKT3RTZkNydjRQMGtSdUJ1M2VnWWR0b0ZDVHYteUgtc1ZZYWNmY0k?hl=en-US&gl=US&ceid=US%3Aen,defence24.com,6 minutes ago,🇰🇵 DPRK Drones,https://news.google.com/api/attachments/CC8iK0NnNXlUWHBtUVRCWGQwMUZPRWhOVFJEb0FoaUFCU2dLTWdhQjQ0aXR4UVE=-w200-h112-p-df-rw,2025-09-10T06:40:27.586296
Nato military shoots down Putin's suicide drones in first military clash since Ukraine invasion,https://news.google.com/read/CBMiigFBVV95cUxPRVRMZ2QzT2plbndKVVZXVk92eDJuY01tSUFpNk9ZeHpwa1pnWGdJLTZfa04yM01NWVlqZ1lFVjBfb1diSUsyTXpXUW1XZlVKUGNqdk04WnNwNFR0Q1hqOW1YSzYzM3NfcGtEUU5raDRjbVk0cWxSTTRPZ25Qa1ZEZXlncUhQcnBwRGfSAY8BQVVfeXFMUFRvTk1GLVV1UHRhdldjTFBCakFoNm5HejFrMDlHU1dUdUM2c1I5ZFJMUmhYQnc3Mzg0bnNpUnZCZDVVbUhVVFkydzVsZEREQ3hCd3ctV2hnOEU3dEotV20zVnl5eUlaWkV4N2Y4ZThhOUZfOHhNNG9tTU9seGUzYVc3Z09Wb1ZYV09WRGRlazA?hl=en-US&gl=US&ceid=US%3Aen,The Mirror,1 hour ago,🇰🇵 DPRK Drones,https://news.google.com/api/attachments/CC8iJ0NnNVlibGN6ZFhNeWVVcEpUVUpmVFJEZ0F4aUFCU2dLTWdNQkl4SQ=-w200-h112-p-df-rw,2025-09-10T06:40:27.586298
"Unidentified object survives Hellfire strike, keeps flying near Yemen",https://news.google.com/read/CBMihAFBVV95cUxQVnNBWGtNSi1LWmx4TGE1ZllNelF2UzBnOWQyVXRuX2lScTJLb1hSenBHT2tsRUd4dUY1RU92czcxWWZKdlRrVzFJYUF5dVNrTFBncGoyUHlndU5GU1J0Sm5YdTJkN0w5SjZXaXhFUVFKbVh3eDlnMkRpU2JPcXhpU1ZMODY?hl=en-US&gl=US&ceid=US%3Aen,조선일보,3 hours ago,🇰🇵 DPRK Drones,https://news.google.com/api/attachments/CC8iK0NnNXdhMDFQYUdWelJVdzBhSFJUVFJDZ0F4amlCU2dLTWdZdDFZcXVSUVU=-w200-h112-p-df-rw,2025-09-10T06:40:27.586300
Trial date challenging Kansas Sky Energy solar project pushed back; lawsuit now near Trump deadline for tax credits,https://news.google.com/read/CBMi_wFBVV95cUxOeHR3M0ZUWVFQa21lbV9HaGlNYUtUN2JIQWx2LVZvYU03bUJ0RXV2bk9JcGF0NEpVVnY2UDNrM0Jib3hGUUo5Q3lST2RoZTFTektGQ000ZXNBUnpDWU54SlNuTXo3VTlYY2szM2NHMW1JMlE1WE5GTHF0aGpubU5jWXJOTElSUW1IOWlXMTZHdGhSTWJORmpsLXJETmh1bDMwMkJtV20wemZmR1drMHpIU2VHYVpHZkpEWWtlWGREYzU4dm9aTGJNTVNDUGlxeURYRFAwV1ZaOEc3RDI1djZ5Sm9IOFRaRUM4bDFIWHpTY2poN3VNcFBlLV9yMGpSSDg?hl=en-US&gl=US&ceid=US%3Aen,Lawrence Journal-World,8 hours ago,🇰🇵 DPRK Drones,https://news.google.com/api/attachments/CC8iJ0NnNUxNVlYzT1c5NmVrdFNMVjlVVFJDc0FoaVFBeWdLTWdPRk15QQ=-w200-h112-p-df-rw,2025-09-10T06:40:27.586302
North Korea's Kim oversees ICBM engine test: state media,https://news.google.com/read/CBMinAFBVV95cUxPd3hrYl91M2lkbUZyb1lsdENVRTZfTU03NnlYY3N0U0FibFNOdy1PVWdDM2FKMndzOENDU2FrMDI2Z0NKRzBQdERsR1J5Q1VyaS1QekdBTDlRV0JBWF9zT2FPcEp2YTBoaU9QSWUxem5jMDJzYjlXdk14dGJYazN2ejBMVERXZmFnZFFmQ0lWM0V2RzlOek16X0JkRmU?hl=en-US&gl=US&ceid=US%3Aen,Space War News,22 hours ago,🇰🇵 DPRK Drones,https://news.google.com/api/attachments/CC8iI0NnNWZWRkl3WDNBM1IySTBRalZxVFJETkFSajJBU2dCTWdB=-w200-h112-p-df-rw,2025-09-10T06:40:27.586304
"Poland, NATO shoot down Russian drones for violating airspace",https://news.google.com/read/CBMisAFBVV95cUxOUW0zYzllbHJQdnhQRFpCdjM5MUljaDFrYXhoVlB3V1Q3UWhBWmdNMlNBYmpxTDNFMEh0S2o3cjNJQUVSUUt1aGpIZFJIY1pIVzVSUXZNRC10T2M3Mkc5VGZHbC0wVEZDdExRT2pXTXRSRVJjSEVuLWI4bFJ6ekVNQlhFY2RYSVRrQ0w4eXVsRUJ5eXQ0Q0dPYnhiSHB5XzI5dGY3c0RVSnpHV1pyT2NfNg?hl=en-US&gl=US&ceid=US%3Aen,AFR,4 hours ago,🇰🇵 DPRK Drones,https://news.google.com/api/attachments/CC8iI0NnNXVOM3B2V1RCemRXaDNlVFpmVFJDUUF4ai1CU2dLTWdB=-w200-h112-p-df-rw,2025-09-10T06:40:27.586305
Poland says Russia repeatedly violated its airspace during its attack on Ukraine,https://news.google.com/read/CBMiYEFVX3lxTE40WmNRUzR4QTFOeG1PNkJRNzBJQzRKMzNxNDdQRzd2dko0OEpDdTRhTmlZV3FwVnByVDQyYUtjY1FMUVE1b05hNkNCNVZZUWtGenNuajc0ZDBQamVuNFh0ZQ?hl=en-US&gl=US&ceid=US%3Aen,trtworld.com,3 hours ago,🇹🇷 Turkey Drones,https://news.google.com/api/attachments/CC8iI0NnNU9VVkZ1TUdORFZsa3lRM2RKVFJDM0FSaVRBaWdCTWdB=-w200-h112-p-df-rw,2025-09-10T06:40:27.586307
Organizations criticize proceedings against Istanbul Bar Association,https://news.google.com/read/CBMiqAFBVV95cUxOV20wSURxMVFmekVJZm95MldldGw2OWpEN0M4ckE3TlhCNHQwM2F1dThDelRKSGctMG94U1VJdmF0Tmk4b3JXS3hXOEdXWEZwRndncHdjWlZ2VG1kZTd2WGRrbnFkaXNFX1E4eTNoNXNxMFBxY0w0MHVmaURWeGRCUVdBclJ6YzlLMlI1MVU4cVBDSmNOSkhpSDlxZXFqMjl5Y0RRSVJiWkg?hl=en-US&gl=US&ceid=US%3Aen,JURIST Legal News,3 hours ago,🇹🇷 Turkey Drones,https://news.google.com/api/attachments/CC8iK0NnNURkWHBSUkdWVGRFUlhSWGxNVFJDMkF4aTlCU2dLTWdhWm9ZcFJQUVk=-w200-h112-p-df-rw,2025-09-10T06:40:27.586309
Poland says multiple drone-type objects downed as airspace violated during Russian attack on Ukraine,https://news.google.com/read/CBMi3wFBVV95cUxQZkV4ckxMeFFSZEEwRFBvWEJCR1Y3dzMxX1ZMcXU5UDh5RGNMSVpxWERoLTU5VHJPX2o2MkNUc1Z2Y2haSkNlYTJOckV2T1ZpRFEwVW9pQnA4YURtVmxLYURiLVN1SXNmWmxWcmliMUFkcVYzQ0s0aFVVa09mZmhiaUFUZ3ZyT2U0Z0lVNlBfRnk5M2dQbEdEVUUxcFFZZFltWFVXTFVTUHl3NGZGa3p0RE5XcUdkZk96VUpXZTllRTItbkw0STdkSXNMeUtoNTVvaU5EaElqRUcwa0lCd1Rj?hl=en-US&gl=US&ceid=US%3Aen,The Times of Israel,2 hours ago,🇹🇷 Turkey Drones,https://news.google.com/api/attachments/CC8iK0NnNHdSamxDVkdOdVNraDBkRWhCVFJDUkF4ajhCU2dLTWdhUm9wYXF2UWM=-w200-h112-p-df-rw,2025-09-10T06:40:27.586311
Israel Executes Unprecedented Strike On Hamas Leadership In Qatar (Updated),https://news.google.com/read/CBMioAFBVV95cUxNQ2ZJYjFCZlduZTlWUWVKUFJ6MmZ5MmNxYi1taWNTSENRT1FZQnNwX01JZUN3X3VVSldSb0hFUnpTNE9WbWoyTGUtbFVObXh1bktlQ0hfRm5iUFFuYWlrR1BVOVV2ZW1HdVNKelVlaDl3dXVDNUQ4U1RZeWdBajJ5OW9PMXJzdzFsUzdMVEVtQVpXYktSU2FtWHlYeldHbHNW?hl=en-US&gl=US&ceid=US%3Aen,The War Zone,15 hours ago,🇹🇷 Turkey Drones,https://news.google.com/api/attachments/CC8iJ0NnNUhOVFZST0VFeVdsWkVRVlI0VFJDZkF4amlCU2dLTWdNSnNBUQ=-w200-h112-p-df-rw,2025-09-10T06:40:27.586313
"Turkey, Egypt warned Hamas leaders weeks before Doha attack — report",https://news.google.com/read/CBMisAFBVV95cUxOVDNzRkM1RkxGRkV0M2l2dlU3SHVwQXZMeVB3djZBX2V2WDIzRGREbmYtUEltVnRVN3hwdlJncFlUdGlkei1VUTY3Z01taC1fU0NYV0JaRy1haFc1MEFrRFVoU1JtODhLVHp1blRvazV4WmowVTk0bHczRWtXN2ZtTFhTT0phOXNYMWtRU2t4Qzk0SzJGM1VZMUJJUktEck9WakpTQjZfdWNtcU9ua3RtTA?hl=en-US&gl=US&ceid=US%3Aen,The Times of Israel,28 minutes ago,🇹🇷 Turkey Drones,https://news.google.com/api/attachments/CC8iK0NnNW9OVzVsYVcxM2RqaElaa1ZUVFJERUF4aW1CU2dLTWdZQlVKQk1JUWc=-w200-h112-p-df-rw,2025-09-10T06:40:27.586314
Israel targets Gaza aid flotilla in 'drone attack' off Tunisia | Daily Sabah,https://news.google.com/read/CBMiqgFBVV95cUxPRkNMb0U5dlVkcHJOdVdfWURCWGE0QVRUaHVnV2NTaUEyOHVDUXlwWW9zcm9uVGRDUkpDTmxVZ2JwLWljY2N4M3FuZTJDRURZQXdxcFVGOWpOX0VzN0RYM3BBZ1UyQThTX2hBbUNQMFZMV1BXbkhMbTluRXJPaDRzMXpWYzJ1Rm1PX0lSVlJFMUxFTk1zOERNR25Ua29lc0hFcWhCemh5cl9KZ9IBqgFBVV95cUxPRkNMb0U5dlVkcHJOdVdfWURCWGE0QVRUaHVnV2NTaUEyOHVDUXlwWW9zcm9uVGRDUkpDTmxVZ2JwLWljY2N4M3FuZTJDRURZQXdxcFVGOWpOX0VzN0RYM3BBZ1UyQThTX2hBbUNQMFZMV1BXbkhMbTluRXJPaDRzMXpWYzJ1Rm1PX0lSVlJFMUxFTk1zOERNR25Ua29lc0hFcWhCemh5cl9KZw?hl=en-US&gl=US&ceid=US%3Aen,Daily Sabah,21 hours ago,🇹🇷 Turkey Drones,https://news.google.com/api/attachments/CC8iL0NnNVljMEkzZW1oVGQzaHZTREpRVFJEREF4aW9CU2dLTWdrQm80d3lPZVhBVUFF=-w200-h112-p-df-rw,2025-09-10T06:40:27.586316
"Türkiye's Erdogan holds a phone call with Qatari Emir, condemns attack on Doha as Israel's banditry",https://news.google.com/read/CBMiYEFVX3lxTE9CcG4yV2o2SmRWbjN2YUVJR0NvVnp4M1V6aDdfMWNDN1hIT1FQMVlmUldScTN1RzJVMWRuTDJRSXpMeUtLdEF1R1BoTlpybkhVNFZOdTRYR2VrbERtSFZ4aQ?hl=en-US&gl=US&ceid=US%3Aen,trtworld.com,10 hours ago,🇹🇷 Turkey Drones,https://news.google.com/api/attachments/CC8iK0NnNVVTbGhqUVhaWkxVTkNhSFp6VFJERUF4aW1CU2dLTWdheFZKS1BxUWM=-w200-h112-p-df-rw,2025-09-10T06:40:27.586318
Australia to spend $1.1 billion on Anduril undersea drone fleet,https://news.google.com/read/CBMiugFBVV95cUxOMFZmbVN1d3VIZmJvcERJWURoRUFsVkZCaVktVGZMV1QzOEtrbmNwRUNnYi16NkRqQXhaVVkxVnhkUzRQcERkT2hDM0dpT3A2eklGLUltTTR5TDRjSUJKWld4RUQ3UVM2NUxobTR4WndrUlE4QnUtU3lIaGNIY1FmN0Q0dVdvbEtzbk1PWkJKQ2VrRHVWWFdFR3I3OXVyMlRWQlkwMnRSTjJHeTd3bkdXVEdoN295a29JMFE?hl=en-US&gl=US&ceid=US%3Aen,Reuters,3 hours ago,🤖 Autonomous Drones,https://news.google.com/api/attachments/CC8iI0NnNTNVRnBaZG1wclVtUmhXRlpmVFJERUF4aW1CU2dLTWdB=-w200-h112-p-df-rw,2025-09-10T06:40:27.586320
Australia to deploy fleet of underwater strike drones,https://news.google.com/read/CBMiogFBVV95cUxOWVF3bEZzeURQNGpUMDlIZmUwWUtIbjNXR0pKbXdVRUliMDZIMnF3cEJZWHpwNEV3cEtXWFotdWdMckhZUkFqbG5YLVZOWDhNV1FUUExhdjRzZnQ0Q1ExZjI5RkV0bjRWNFBjcEgtZUVyVXpLOGJ1d0U3dXMwZWFLWVVEZGhtcFBqS21nS0dJRG1JNGR1MjV2RDEteWlpcGlFWXc?hl=en-US&gl=US&ceid=US%3Aen,France 24,3 hours ago,🤖 Autonomous Drones,https://news.google.com/api/attachments/CC8iK0NnNDRZMDlDZUVscGFIRmtjRkZtVFJDZkF4ampCU2dLTWdZQlVvcEhMUWM=-w200-h112-p-df-rw,2025-09-10T06:40:27.586322
Teledyne FLIR unveils SkyCarrier platform enabling autonomous launch and recovery of UAS,https://news.google.com/read/CBMiuAFBVV95cUxNTG5LTkR5WTcxbTNaRHpsMG5hMk10V3RqU2lubGhqQ2NuTDcyVFpVa2tNdUVpRzQxR1VRRG5HRUJHdzJ5Ym1IbjBiVUdNYnk4V1o3c0JkTEM3S25IT2Zva1RuX1JJTzQta2pCMGVXLUxibXhQcG9telNlMmV1Wm55THB6OWpnLTYzZ1pPM0hjdmh5eVUtcl9YRFljQ2VlbExERnJfZTJLblp1bWlBMzhuVTFnTmJqY0hF?hl=en-US&gl=US&ceid=US%3Aen,Defence Industry Europe,9 hours ago,🤖 Autonomous Drones,https://news.google.com/api/attachments/CC8iI0NnNXpUR3htTkV0c2QxOTRMVFJPVFJET0F4aVlCU2dLTWdB=-w200-h112-p-df-rw,2025-09-10T06:40:27.586324
Teledyne FLIR Defense unveils SkyCarrier™ autonomous UAS launch + recovery platform,https://news.google.com/read/CBMiuAFBVV95cUxNOTlLUEo0V1RkdkNSQS1sMEFLZU1TenNSLXZPZGx4MVVfN2FfTDFWbUVzS2ZYTFhIQ0JIYVQyTllRUlhZbDN0T1BSNl9RTkl0Zlhyd3BVdlJaci1tQ1VUX05LTmpnUGlHWS1WS0FOS1FBTzdDZ2ZQanRZcFBkd0dCMzlRb01wV3NvdVY0TWMwaGowYWxwc0pZbDFHb1dZVnhlMURxTEdvUC1rbDdWYXFqTzFmZ05xeUJF?hl=en-US&gl=US&ceid=US%3Aen,news.satnews.com,21 hours ago,🤖 Autonomous Drones,https://news.google.com/api/attachments/CC8iI0NnNVFUSEEwUzFoUVIzcE9SRFpvVFJEU0FoaU1CeWdLTWdB=-w200-h112-p-df-rw,2025-09-10T06:40:27.586326
Flytrex Appoints Former Waze CEO and Google VP Noam Bardin as Executive Chairman,https://news.google.com/read/CBMiuwFBVV95cUxNWE0ybHZ1NVk2V1J5dUZJLWc0cHlCNzBsbDVaLVZaMGdmNUQ4aVNzUF9kSnU0YTdieUZCc3RvUk1UX2RrOGhLZUwybnQxdF8zS2dLWmhLLU5BemdyZWxaRUNLWHk1VFFWUHYxZ3RKM1hhZTJJVjk2Q1o0RDdwM3hkeUY4d25RTFJJTnZUdnpZbkZaMmtybHBoZU01RFBRRndSQjRkZVJhUFlnakJWTk1GemV4U2tmQk1hazFN?hl=en-US&gl=US&ceid=US%3Aen,citybiz,13 hours ago,🤖 Autonomous Drones,https://news.google.com/api/attachments/CC8iI0NnNURlbEJ4TmpsVmIwUjNWVFk1VFJDckF4aTdCU2dLTWdB=-w200-h112-p-df-rw,2025-09-10T06:40:27.586327
UK’s New “StormShroud” Drone is a Ghost That Blinds Enemy Radar,https://news.google.com/read/CBMicEFVX3lxTE1WVm1tUWk2Tng1dTBEcGVpU1RrY21uOVVzREc3ZUhfcnZmcUd6bTBBQ1VFb0J4d1ItWEM5UktiLTBMcVlOV19Jai1IeDF5QzgyempqcmJQb05zRmp5Vmt1TlBmTDlOYllwUlZmRGVTam0?hl=en-US&gl=US&ceid=US%3Aen,DroneXL.co,12 hours ago,🤖 Autonomous Drones,https://news.google.com/api/attachments/CC8iK0NnNXNMVkYxVFdReU5WcHlUVVF6VFJEREF4aXBCU2dLTWdhTlFJN05yUVk=-w200-h112-p-df-rw,2025-09-10T06:40:27.586329
Drone Surveillance Market,https://news.google.com/read/CBMiY0FVX3lxTE0zOV84RTVmRXNDRmwtakpWTy04RTJ6akJWVWd5MXRpaHFUMUhLczVPOUZjQ2l1SzBScTl5al9rOUhFeTFxdXhfVUV4RVB4elZrRHlXSkVxNktRVWRGWWV4RGp5bw?hl=en-US&gl=US&ceid=US%3Aen,AeroMorning.com,11 hours ago,🤖 Autonomous Drones,https://news.google.com/api/attachments/CC8iK0NnNUZVVU5aT0RscVZTMUlUMjlXVFJDUUF4aThCU2dLTWdZQmtwQmtPZ1k=-w200-h112-p-df-rw,2025-09-10T06:40:27.586331
$1.7 billion ‘ghost sharks’ announced,https://news.google.com/read/CBMi7wFBVV95cUxPWWQyaHNKSlNyZ3lSYUdHQUFVSV9xdDY4bVVuYW5ibjFEMXFSX0VBVmdnNV9zSGJQQXV4UDRhMGdrcHZjSTFlQldyYkYtcFFqdkRYVGN2Z3FIWGdLVnNETlFNOTVfY3BLLVpVSGhZTkdLb1VfLXcxNjRxaXJRWUFRSXZkTjVTNFhseVl0M1RhZnhNYjRrZzZtdURtNGVxWnJNQzJua0FyYUIycmZWaFRweGV5MzF1UmNDNmlsbVhOUkphaUlyVThmOU5yMmN6dXluX0tKLUxrYzRUVERvNW9NdXMycGhvZTZ4dTVTSElnRdIB9AFBVV95cUxPbFhlLXVUS2VLdDR6QnAxUVRFSEpFMURPOEozR2hKbTJwSmQ5YlhDV1NSQnBWSzNjYU91V2Z5U0cweW9Uclk0LVFHa2VuZ2dYVXJ1VjBCZGhRcEtFd2VJUS15SGtiQ0NWU3hJLVVNR0NSVl9ubnFaMXlob3cyMlYyUDVFVjdOaWFNYVd3RHJ1REtqNWN5TnBoNWlWc0RkS2dMczE0eVZxVzlqckJXcGl4TnlUZFZPNENRZVJxQ054RGU3c2kzUXpmSEF6YnBhbDNsZHV6VFRYLWhQMnVwTExOeXJtUHJwM3hSaWFqbUNmT2h5Wi1S?hl=en-US&gl=US&ceid=US%3Aen,News.com.au,4 hours ago,🤖 Autonomous Drones,https://news.google.com/api/attachments/CC8iI0NnNUJkMjFxWjJac2EycDZXRmd5VFJDZkF4ampCU2dLTWdB=-w200-h112-p-df-rw,2025-09-10T06:40:27.586332
A.I. and Drones Will Reshape How Search and Rescue Operations are Conducted in the Future,https://news.google.com/read/CBMisgFBVV95cUxNbzllb3h6WXNrcGFyR0JETU80YzdMMkpVQXVzR1RySXZMOWhxRFhUVHNKdzJSMWZHWWIzdEZxZGFuTGtEb2Z4eURnc2dYNEtkVGFkRmVKa21HZnRTRC01MXQxeGgtRnZodG8tOUU2TFB5ZlNicENnQVdHc040QmpSeDlsMjBwZFNvbUotRVJ5UUU5OWxpdWNVNXRmTDcxT3FkNllkamtLSEgycHBiTEdnQTZB?hl=en-US&gl=US&ceid=US%3Aen,SnowBrains,14 hours ago,🤖 AI Drones,https://news.google.com/api/attachments/CC8iK0NnNUxMV2h4WmxsNlkyTkJZVGhVVFJDX0F4aXRCU2dLTWdZbEE0cXNxUVk=-w200-h112-p-df-rw,2025-09-10T06:40:27.586334
Space Command move spurs big leap for drone training in Alabama,https://news.google.com/read/CBMib0FVX3lxTE1PaTlDanZhTDVLVFpyaC1nZHlHMHlKX2hWSVE2b08wckNBNkwxN0lsNHB5TlB3VTd6S1VTcGFwSTRvVFV6NEIwZ3FTZThRX3pTb1FIM29vb2I0LW9na0tITjhyc1BuRFR6Q1VGSmlGYw?hl=en-US&gl=US&ceid=US%3Aen,DroneDJ,18 hours ago,🤖 AI Drones,https://news.google.com/api/attachments/CC8iJ0NnNVFhVUZVTkdwTkxYUkVhWEo0VFJEZ0F4aUFCU2dLTWdNTjFoQQ=-w200-h112-p-df-rw,2025-09-10T06:40:27.586336
"News Content Hub - Argent LNG outlines AI, drone and robotics strategy",https://news.google.com/read/CBMioAFBVV95cUxQVHVwSUNKMEFuMnQ3MDVpdnQwemNuWkhqbjZnQTNMeDY5bHBtVmtSUEJmblVEMEJzQXZWeGcxRHlaQlBlN2hGSFZWOGhzcDZNOXB2c194X0RoR3dfUURySlFUTFhXN296c2gzN3Z0alRxSFdudjlIQ2Q2TE14dHdyekhLM1dJeFhBNWJfZDNRZFhHZVZLSFFlVWNsdWxDVi1B?hl=en-US&gl=US&ceid=US%3Aen,rivieramm.com,19 hours ago,🤖 AI Drones,https://news.google.com/api/attachments/CC8iL0NnNDNOa1ZXY0d4SlVUSnlUbnB3VFJDb0FSaXJBaWdCTWdrQk1JcWxwT1VrVlFF=-w200-h112-p-df-rw,2025-09-10T06:40:27.586338
DroneDeploy raises $15M to drive development,https://news.google.com/read/CBMikwFBVV95cUxNVGdzZjZLelR3U3h6c2hXeFZlQzIxZGtpRkMyUjhERXhROWhMU1NhV08xNDNIYzdLUDFEQlhwNUdUNWt4bGd6QUJIdjBBVEd5Mmd6Tk1DcWRaYVVYei1WSURJR25NTC1VR0ltWDNCV1VCUVFfNFlYWC1XZnY1TVVWSERUcDB3NjRUZU5iWjBRWi1UVVE?hl=en-US&gl=US&ceid=US%3Aen,AEC Magazine,16 hours ago,🤖 AI Drones,https://news.google.com/api/attachments/CC8iI0NnNDJPVWRYZW1vM1duVlhOemR4VFJDZkF4ampCU2dLTWdB=-w200-h112-p-df-rw,2025-09-10T06:40:27.586339
AI-powered swarms that pick their own targets mark the future of drone warfare,https://news.google.com/read/CBMipwFBVV95cUxNR3gyMlExelFtb0ZKSVI4QWpvQVNPV0ZxZmNXazFsQlE2c2R5QTlVcUVUbTNodnl3TUNpcWFfbGx1OUFYcFJ5MjZhMjhJbFMtOHpsRFFpQXptSmhGWXNvUnZ6ek9RRHdDUzR2bTRpYVZFdGkxRDRXT2s3ZjZETUlhNkpEZDJMMlNIZ3hjQmpVNEpFcEtTbUhBYWZzQTdBNG5VMFByUlBjMA?hl=en-US&gl=US&ceid=US%3Aen,Forces News,20 hours ago,🤖 AI Drones,https://news.google.com/api/attachments/CC8iK0NnNTRRMDlsVmtwUWVFazRUSEpTVFJDb0FSaXNBaWdCTWdhSmc0YUpxZ00=-w200-h112-p-df-rw,2025-09-10T06:40:27.586341
"$845+ Mn Drone Construction Monitoring Market Trends, Opportunities, and Forecasts 2024-2025 & 2030",https://news.google.com/read/CBMi-AFBVV95cUxNWEhfNEwzdnFhaWtjeXFsbmpKQVF2R2JBcmNjazZ5UFhtcnhIdEM2V0JrVEFkcHNwdHR3Z2VhN292Z3VPbFdWcy1SRlBfTzB4U3RBV0pubHd4WXhxcThTRnJmQkp3NjVEeERMSGRqbWpHSC1KcG9Ld1NBdV9MbFQzNjM1UlhqaDdGVjBtOG9fN1hSSHhnUjVUMHBQRDNnRmVjMm5VSWg5ZUJVSDRtZTkweVBxcU41WEtXaGpRUk9HU0FGdkZyODdSYzl3TVdZbTAwd0dhZFNLVkZwVEhhTW5hdHFVLVphX080ZXJ1QjVXeTMyaVJLZ1BtdQ?hl=en-US&gl=US&ceid=US%3Aen,GlobeNewswire,15 hours ago,🤖 AI Drones,https://news.google.com/api/attachments/CC8iK0NnNVJlV2wwWjBOZk1rc3dYM0pGVFJDM0FSaVRBaWdCTWdhZEE0cHhOUWM=-w200-h112-p-df-rw,2025-09-10T06:40:27.586343
"'It's a game changer': Farmers, researchers and industry experts weigh in on benefits of AI in Ag",https://news.google.com/read/CBMiyAFBVV95cUxQLWUycVYwQWhmTXJxTTRCNXltQmJkMnlncXgxTTU5UlFaZ1RIV1BkQkRzTEdoQkFzTm1xNHBWUHRQdWEzallremNPRVpDTWZTTlBJaWxoS0JEWm1qN1RlVGVDd1J1a2h4TjUwR1BvdkU3SVR6a2FZOEthYmlmeS1IOG5fd0FreFZvNDVrZ3FuQ3hZbTNYN3ZyWmxMRC10WEJpSC1HZ2htQ0VYMXhCTG9meE5sX2pGelJ2Y2Q0RDVjTE5pcEJjNHY0Qg?hl=en-US&gl=US&ceid=US%3Aen,KSHB 41 Kansas City,20 hours ago,🤖 AI Drones,https://news.google.com/api/attachments/CC8iL0NnNXpZVE5ZZEZoZlJtVlhaR2gxVFJDUkF4ajhCU2dLTWdtSkVZcmxGdWs5eFFJ=-w200-h112-p-df-rw,2025-09-10T06:40:27.586345
Australia to Spend $1.1 Billion on Autonomous Undersea Vehicles,https://news.google.com/read/CBMiswFBVV95cUxQai1VeFZnWTl3TnVQS1FhUlJ6UkNOT0xmYXZBbjFHR3RYb1k4QUhIUE1yMHFEZWhmeVFfUUxpYllLZDVzWGh2SDdkMWU3aGMwQ1dEWC1pSmNWUFluZjViNS01V0NzOGFwdGxUc0RqN2lhVkdWWnFRTUlaWlhwT0tJMThVY29qUUt0MW5VNF9fMFZ0R0h5bnprYmxnZFRDWW5wWE5vM0NWTVpKQ1dURzlsRjh0WQ?hl=en-US&gl=US&ceid=US%3Aen,Bloomberg.com,3 hours ago,🤖 AI Drones,https://news.google.com/api/attachments/CC8iK0NnNUpXSEo1WVRka1UzSm5TRXhSVFJERUF4aW1CU2dLTWdZQllwQUhxUWM=-w200-h112-p-df-rw,2025-09-10T06:40:27.586346
LOCUST landing: Army gets hands on laser-equipped vehicles for downing drones,https://news.google.com/read/CBMihwFBVV95cUxOM1lKT1FzZDV1ZXNXV3BCbUZqZXMxWlhjdEVLbzlWLUF5bmx3akx0NDh5QmNSUFZEeXA3SmhUaVA1U3hSNjZGWUlFU3N3S0g0d1VtQzdDMjR5eVJuV1hzbjkxSU9zcVFDSTlwOUxjYXNJVmNFTzRVZ1hhRndmcmROY3FfaFRkdDg?hl=en-US&gl=US&ceid=US%3Aen,Stars and Stripes,17 hours ago,🐝 Drone Swarms,https://news.google.com/api/attachments/CC8iK0NnNWpUV2RRYlRoblQzWmZXVXB4VFJDeEFSaWNBaWdCTWdhWkZZcnFsUVk=-w200-h112-p-df-rw,2025-09-10T06:40:27.586348
Ukraine-Russia war latest: Putin strikes main government building in Kyiv for first time in record drone swarm,https://news.google.com/read/CBMihANBVV95cUxPYXEwTEhqT1ZWZ29qSzhVVkNZUGdxZlBZczBiSzEtN0pYUmR5ejIwbVhwTnhaMHU5NkstV012SHVab1c5R053aV9DN3VxbnZDblJhbXBEUXAyV3VOcFBzNGx6OUVlaXVZVkMweHdFY0NaTS1UVl84bG5ZZmRmM3hNd2t5Z0RGcnZkMW9jOWlMTTZJeFNMbXZKZks5a01DR1hDdDY1SnFjdjdlVmhqd0JheHg3UHdhUHMxM2NrM0JEQUdNVVZGUzVRVjdlM3ZPNHlKYlJmV1IxajlmWUIyRVhNakppR0VtT3ZXdzVQb21iZXJxWW1XR1JVSGhWa0JsSG9ISjhIOWZ3OWtXV3lpZ3BDMExYN1hCVWIzRkh6VXk1a1Fyb1QtdjVsbVB5MkVVTzc4S3NRMmpJSWxNZ21TOHRjMnVOaE1ocHhVY1FOMkJVb1ZPeFc4UXlTWTRIVzZUbUdkSUR4QV8xajZ2Ri12Tm1CZDR2VmEwV2NnYmNUdnBvZzZRNC1T?hl=en-US&gl=US&ceid=US%3Aen,MSN,7 hours ago,🐝 Drone Swarms,https://news.google.com/api/attachments/CC8iJ0NnNXVXRmxsVG1GdWIxaGhVakpFVFJERUFSajhBaWdLTWdNSk1BSQ=-w200-h112-p-df-rw,2025-09-10T06:40:27.586350
Scientists find curvy answer to harnessing 'swarm intelligence',https://news.google.com/read/CBMikAFBVV95cUxOZjd6VXJTZGRaSzVHUGpPWjJPRmJSWkdaV09vM0d3bk50R0lGSjIyREw2bHFjN2gyc01QZkpVb0Q0Mk1KOFhDN0FSbnRTbW9uUG01YzhvbUxwdmxHVzNxLTBmWERKdncyanJzNUpFWVNOUXZRS1Q3aTk4cDNLYUhlYTBsYlNjUlVTekNxOHIxSl8?hl=en-US&gl=US&ceid=US%3Aen,Tech Xplore,16 hours ago,🐝 Drone Swarms,https://news.google.com/api/attachments/CC8iK0NnNVdZM1puVkc4elp6WkVWRkpWVFJEREF4aW9CU2dLTWdhWjRvWUpUUVE=-w200-h112-p-df-rw,2025-09-10T06:40:27.586352
China’s Beijing Parade Showcases Hybrid Strategy to Challenge US Dominance,https://news.google.com/read/CBMiowFBVV95cUxPX3pOX010YUhLenBWMUl1N2ludUhFLVVqS2RiZUwzRVF0dDlEWU5TaFVLSjlvY29vVWROS1RYR202anJVZ3JwaEYyN0xoam1BUVdnc0pBMTFiSVBTazNkWlFKcEpTM1RjMmhGa3NFYklwRWo4MmVDN29WUkp5VF8ycnpqcWVoQ0xmWnM0RlU0bnl3M1lDb1I4a3MyMFBmY3Z2cXRz?hl=en-US&gl=US&ceid=US%3Aen,WebProNews,16 hours ago,🐝 Drone Swarms,https://news.google.com/api/attachments/CC8iI0NnNXVlbE5tTlZWRGIwTmFkRWswVFJDQUJSamdBeWdLTWdB=-w200-h112-p-df-rw,2025-09-10T06:40:27.586353
Is Europe Ready for Russia’s Shahed Swarms? Mapping Air-Defense Gaps and Fixes,https://news.google.com/read/CBMiwAFBVV95cUxNVUNjc1FsanAtNHpBYl9HMTQtZlRucklpSEoxd19WZnBJWlNPMEpMYlpzd0x4RDZKLVhxbVJkcXhEalZwOHc2X1JQOG5PY29MbDZoQXRnNXpsRkVFVEhJallQb1NuM09yUDJGUlFwckhFSXFWbVRNaS1ValRJM2FUS3hSU1lpc3piQzRkeEJibVlFWVRBcVZ2bmtlUkpTdUFTTG5MaE13dWNkbXduZDJaMGl6TEhKZ1VfYlQ1YjR3bHo?hl=en-US&gl=US&ceid=US%3Aen,UNITED24 Media,15 hours ago,🐝 Drone Swarms,https://news.google.com/api/attachments/CC8iK0NnNWlTRm8zWVRGbmNsTjFWVVV3VFJDMkF4aTlCU2dLTWdZcFZaTE5xUVk=-w200-h112-p-df-rw,2025-09-10T06:40:27.586355
Skyranger mobile air defense systems are heading to Ukraine — here's what they can do,https://news.google.com/read/CBMioAFBVV95cUxPOHdZNXBfYlhVWExKUDBrS0I2Q2c5bUlBUGlyNkRYbXVtR3UtbGotSDJjbUdpNW9FV3p2T2RCb0tWLVU3Tmh6dVpyRkdMWWcxU2g3a2pmV3VfeWdUNjAwaUUzMDZuaFJXQ0pJVHNCcWhGSlVYblBVYW1ZMENxdGJDY2Z2VHZ4V1ZCdTRkellhd2JTSkpLc0dxQUY1MGVCVEI5?hl=en-US&gl=US&ceid=US%3Aen,The Kyiv Independent,20 hours ago,🐝 Drone Swarms,https://news.google.com/api/attachments/CC8iK0NnNTVZek5wUm05UVdFMHpRMkZtVFJDYkF4anBCU2dLTWdhMVVaSVJKUWM=-w200-h112-p-df-rw,2025-09-10T06:40:27.586357
"It looks like jam-proof drones, a Ukraine war battlefield scourge, showed up at the US Navy's Silent Swarm exercise",https://news.google.com/read/CBMi0ANBVV95cUxQV3pINU9Id2VtVXdxVGs0dXN3LWpHWG9WU3hrSUViaWU1Uk1PLUFQZkFWSGhvT1Q2MFNUZ0V2Q2lCdmw0Y0NFYzBoNE4zU3FTTWo2NVR6dDZlZ2g5Ql8yNUg0TG9CYi1MTEttZWE0TGlQb3VhVUZhS0dONVNKTVQ4cEJWYXZqU25keGVDc0R4cVZrdVNLa25hZkhPYW1PektuT3YycWZNNHhaT0RWc0tHRUxSZ2E5Zks1VDhWYjM3OUQxY1k3d01ESmloSHNZS1ZoNWVLOGxMVThteDl1MkVpQng2WGZ3ZFdrTmtQNlFyM1ZkR0JLS2pyQkNVVHl4LTRTcGpPMkpCVi1FVkZYYnlrbFhTNm03UmRHNmtMQ0tFWXg5WF9vWnJQSUNGZVgxR3FId2UwYXZ5QlRhSndmdXVObGliWUZaekZHcXBkTjRXYTlZaHI3eXJBRWszZEx3ZEVmSlAzR1pWZ3R5aGNXQnJSRjluaXh1czRiNEFoTzNMTjZHUGtfVXZrRDc4RG5BN29PcVRRa3ZRR01DWDlBRVRzRWFZYmtQTHZXY01WMUliN1NEZEtQNzhfLXZmaFpNX09qZnUwVVduN3JFUEdiUVpVcg?hl=en-US&gl=US&ceid=US%3Aen,MSN,21 hours ago,🐝 Drone Swarms,https://news.google.com/api/attachments/CC8iK0NnNVFSR2hhWDJKdk1EbFZkM0oyVFJERUF4aW1CU2dLTWdZcDBveFFSUVU=-w200-h112-p-df-rw,2025-09-10T06:40:27.586359
Drone technology takes center stage at Husker Harvest Days,https://news.google.com/read/CBMikwFBVV95cUxQaXRMaWZScUVwN1VnbVJyNW1Wc0tvTkhwZ2o0N19sbXh5YXl0aTJ0dU5qWkJQYmlnZFNnZlo3U1BaSDVsVmNLOTZpc3VTMW43TVdmU1A5U0lLSHNBVkdCUnBIQTF5U1hlUE1hMGowbVRKWENlUGk0YUZfc0x3enZmZlFEbFBBOThGd3JKdEVWTEdVQ0U?hl=en-US&gl=US&ceid=US%3Aen,KHGI,9 hours ago,🔬 Drone Technology,https://news.google.com/api/attachments/CC8iI0NnNTBkRmR3YXpVeGVVWlFMVmg1VFJDZkF4amlCU2dLTWdB=-w200-h112-p-df-rw,2025-09-10T06:40:27.586361
Missing 83-year-old woman found in Medina County using drone technology,https://news.google.com/read/CBMi8gFBVV95cUxQclE5ZnZtNTVqVG1oQ3dLNmliTEVvZ1pkdENhaFlIQVlCR2VteExPNGN2Uno1NkV5RDZac3ZXU3FWYnVmYTZuZW04Z1Jrd2VrcTd4dzMxc2NmVGo1T1c0UWxMOGRNYVF4NzJ4V08xRnJTQTRtdmY2TDhaaldycFllckRlQUxVV0F1TExRYXdvRW5uSWZ3TzRiS2NvUG5GSFBXdlhuS0N0T0F3cWxCaHZPU0pVVm95X0lkRXEtMXdscUZBcDZpb0VhUWdvWnNkNUNoTWd1SUd6ZTJpLTd6dm1ZX1hZelN1bGhNTmoxYV9XUXIxdw?hl=en-US&gl=US&ceid=US%3Aen,WKYC,10 hours ago,🔬 Drone Technology,https://news.google.com/api/attachments/CC8iL0NnNTZiME00VVUwM1RHVnlSRWgxVFJDZkF4ampCU2dLTWdtUms0eEhPU2FpTkFF=-w200-h112-p-df-rw,2025-09-10T06:40:27.586363
SkyfireAI Partners with U.S. Space & Rocket Center to Advance Drone Training,https://news.google.com/read/CBMihgFBVV95cUxONjN2UG8xRTJiQzRLVzlGempGdE81VUlRQ0duNTY3em1SdURYVEFYSkdhUTNfVXN5RUV5V1FlWjhKMkxKdUd3US10R3lUREoxVDdkYnh0bE9PN3BBdGN2Y3hVaS1qa2d3M1JBUDN2R09aVy00aGZXNFZsRzc4dTZQQnZ3TTFaQdIBiwFBVV95cUxPUUo5ZWFrcnlZSmxUcDlMbVllRGVuTEx3SGRsTTdKT19OU3RPNjZxanVBZ3hIaW8tVHFoTnV2NUJhWUV4RXdIbWgwU0lfSzN4MExhLWFHODluNnhYbi1tTFhiRjJYVkhHSERLek45U3pZX3N3TEs5OG5lOFZqMFMxbVRxNF9lVldweGNR?hl=en-US&gl=US&ceid=US%3Aen,Dronelife,13 hours ago,🔬 Drone Technology,https://news.google.com/api/attachments/CC8iK0NnNXNXVlJaT0Zwc1lua3dPR1ZaVFJDZEF4am5CU2dLTWdZQlVJTElPUU0=-w200-h112-p-df-rw,2025-09-10T06:40:27.586364
Tech Advances Poised to Drive Drone Uptake in Private Security,https://news.google.com/read/CBMigwJBVV95cUxQVWxCVG5CWmQ2ZURiZzBVeEwxUkMzZnpvd2xxVEtZQk1ZX1JFdUtDXzZDR1podVc0TDg0N3VYN1VtaHhqRFVwZUM3bWFuZDlkZEJMNmplWWdHbVd4ckduU2dxY0dmc0gyeDYteGYyeTZVcG93TWJ1QlNTcVVVeldScDY5eU82LWpEdm93cXdXdXB4WmdlWVAxR0pRV1ZOQkpBRVBaMHNIRHBoRHZFVmJuWEpsZlhuSm43RHJxUUU1dWIySTZKTWo2ZTZDU1lqaWloQ2g1aFZZdkZjLTcxUXJSWkFyeHNtNXJtX1hLaWhrOThUZWE3TzNVM21JYkhScXdvX2pn?hl=en-US&gl=US&ceid=US%3Aen,SecurityInfoWatch,10 hours ago,🔬 Drone Technology,https://news.google.com/api/attachments/CC8iK0NnNWtOMjVJZURoMFNIQTBWR1IyVFJDckF4aUFCU2dLTWdheGRJcHdzUVk=-w200-h112-p-df-rw,2025-09-10T06:40:27.586366
Russia is testing unjammable fiber-optic drone boats as it turns Ukrainian war tech against it,https://news.google.com/read/CBMi2wFBVV95cUxPWlFnU2pJY2UyS0UwVk9nbVZVRnpPUHVhc0lORlBwVFBZb194SmJIU0R5RUpLVWJVSlhXenBJdzhCaDVJR0h4MHJFS0loejVaWWFPbDJuaTRVMHRScFlNUDNDUW15MXU1NmsyekhhWlpuWUFqTU96QnlTTGpuTXZRVkpqaXlxNVdrSWROWFFNemdaT0xKWHlVQ1Z0a1cxSkVjVW5tZmZVWmxVUWFFZDc1aF9CVXZ2dFlBUWJZRDR5SEN5bUg4Qkg5bE00Y1JUdU11NlE5R0pudHNHME0?hl=en-US&gl=US&ceid=US%3Aen,MSN,4 hours ago,🔬 Drone Technology,https://news.google.com/api/attachments/CC8iK0NnNW9VVFpIWVRNeFpuYzRUemd0VFJDZUF4amtCU2dLTWdZaGRZVE10UU0=-w200-h112-p-df-rw,2025-09-10T06:40:27.586368
King Gizzard and the Lizard Wizard Let Fans ‘Name Your Price’ for Albums on Bandcamp,https://news.google.com/read/CBMiuAFBVV95cUxQdXN6bktXWW5nMi1wdXFSVllFbV9WM0ZMeU9BM0xaZkZpMkg0MGdXelFBTjQ2c2c1c2lISGN3SmhZRDBBdFhhV3FGOHdwOVJWdXhvYjlvUktsWjdkZmFka2VjUVdQbnpSdlp0X3hGQXJ3SDcwX1p1d1dncVlrVV9PazZfZlJ3TExZQmFXNWlZYnVjbHBjY3lJWE5uN0Nfa0hzREZuRkk1dE9QZ3pVZXI3R0Z1QU9fTFR3?hl=en-US&gl=US&ceid=US%3Aen,Rolling Stone,1 hour ago,🔬 Drone Technology,https://news.google.com/api/attachments/CC8iL0NnNHlTVVZZVERKU1RuUjJVV05HVFJERUF4aW1CU2dLTWdrUlFJd05KU2c5QmdN=-w200-h112-p-df-rw,2025-09-10T06:40:27.586369
Ukraine And Russia Race To Deploy Advanced Interceptor Drones,https://news.google.com/read/CBMitgFBVV95cUxOX3A1aHh6NnAySjFzMlloQ3p0a1ZzWi1DalY4SkNVQUkwMUhTS2VDckhJSExSSjZjbE1wOUQ1RnlMZXNJbXY0TjhWZlFadW9qcDg3aVJETHpzR0c4STQzU3dHSXJ0MHV2OU1lRl9FTV9LNGxSVVMwbnNNY2JLTmY3SDdySVVvZE4yNHVnLXpPa2wwWFRxaEExQWdDMy1mdDZUckEyQ0NuLWszeTlSRU1rUWUySHltQQ?hl=en-US&gl=US&ceid=US%3Aen,Forbes,12 hours ago,🔬 Drone Technology,https://news.google.com/api/attachments/CC8iK0NnNHhiR0p4Vm1sUU1uRlJVek00VFJDZkF4ampCU2dLTWdZUklZYjBrQW8=-w200-h112-p-df-rw,2025-09-10T06:40:27.586371
Poland shoots down Russian drones that entered airspace after Ukraine's NATO warning,https://news.google.com/read/CBMijAFBVV95cUxPdDZ0MHVhUEpQeUUtSzRKUS0xSGJHZkY1RWdwNlZZN2R5WHdQMjFwSFpEeDJMQ283SXhNRS1yZTB1SUo4NkowU1lkb1MtWTU3OV8yN2g1OGRVVml4NWx3TlBjVHhGb3FHTk1BRW5DOHJ3N1JfZHl5cmtsb2lJSFR1S0hhVFJrTlhWaklnbtIBkgFBVV95cUxOYVFiY2FoMlRfUlVNX09FQ0lKN3BBWXJzS3hVQlYxRDNnRjJLeEoyVVI2YXJiendlTnNKWjRXbWFHT3EzajA3UDk0X0trTFdPdU96RExuT0kteXoxanFWbUlyRDRRaEh2WXlfTVI4QTdxMElrNG4weUc1cS1WRmZ6RUJCT0ZmVEtaYV9hUFdhNWU5QQ?hl=en-US&gl=US&ceid=US%3Aen,Daily Express US,2 hours ago,🛩️ Unmanned Aircraft,https://news.google.com/api/attachments/CC8iMkNnNWtSRUk1UjJaS1oyOVRVbUppVFJDUkF4ajhCU2dLTWd1QkU0Snh1ZVZpeFlxcU5R=-w200-h112-p-df-rw,2025-09-10T06:40:27.586373
DSEI 2025: Schiebel showcases next-gen Camcopters,https://news.google.com/read/CBMipAFBVV95cUxQa0JhM2Y3TmtKTVdheTlBVThlQ3VPRHR1WmdiazhvbHMyOW5rWmQyN2RET0xBTEJVdEwzcWlVNUNkNDZnRmdSZjBxTGgteWt3eS0tdnZNZEVmY1RHNkxuMTBaTi0yXzhIUV9ibEk0dTB0akxBREp6Qkp1aHVQcFJCRWpaWEgxRDRkWGZ3bTJXN3c3eUpSNW56UVpMOUU2Zk5xSE93Qg?hl=en-US&gl=US&ceid=US%3Aen,Janes,2 hours ago,🛩️ Unmanned Aircraft,https://news.google.com/api/attachments/CC8iK0NnNU1VWHBLVFZsRE16Z3paVmRmVFJEU0FoallCQ2dLTWdZTlVvZ3NKUVk=-w200-h112-p-df-rw,2025-09-10T06:40:27.586374
Airspace Link CEO to Testify Before Michigan House Oversight Subcommittee on Critical Drone Infrastructure Needs,https://news.google.com/read/CBMi_AFBVV95cUxQd242MHBEMDlQMFljQTFRbGYtTDE4ZC0zakVNR2VqcEVvUVdXc2dSSS1NcnBZWGlqMnRSRDRTaWJNWFdTMVJqenZRc0VHZkFCall3bERrNGNVN2YydGdBTlFuY2F5dklpUG54Ul9ibkxzSWFudVdjaFNTbEJHZ0hXcEFiUDZiWFN4czUyOE9VeDVRWjBCNE43NFU2YVlpN2gtVmJGSnJsRVVNekYtT19ZaEhXZXJBVDFYNnd6R1doamVkYmdRYXVHT3BTdWcyaVY2cldhdGUwOXBBeURJMmpQVy1OdkxTNG9MMmRBbm1EazNOUnc5U3c0TXJjdW8?hl=en-US&gl=US&ceid=US%3Aen,PR Newswire,7 hours ago,🛩️ Unmanned Aircraft,https://news.google.com/api/attachments/CC8iL0NnNVZNamh1Tkd4S1UwWTJUWGRtVFJES0FoaWlCeWdLTWdrQkVvVHREZXZBMXdB=-w200-h112-p-df-rw,2025-09-10T06:40:27.586376
Nordic Air Defence and Volvo Defence partner on VIPRO anti-drone system for military vehicles,https://news.google.com/read/CBMivwFBVV95cUxPaVBWWGxabkh2OEZzRjl0RXpEVEpxb3p2T0ZpUHNoLTd2QXpjc3BjcGlaTlo0WlNyZjN1T0llblA5TE02dktOdlU0Tk9iUkt1eG1MUVMtcnNoYlllVmxyLUtSQU96d3dyNWlVZzQ2SjFQTkRrQUpWSEVDTThsZTlEM19PejdpaUpFallrc2N4Q3RsOFBad0dONEp3M0pPQ3FzcnR2ZlNYTVFpZ2d6TTdIZFZrX2l1TmFLMU9hd01idw?hl=en-US&gl=US&ceid=US%3Aen,Defence Industry Europe,7 hours ago,🛩️ Unmanned Aircraft,https://news.google.com/api/attachments/CC8iL0NnNWFRakppU1daRlZGaFBjRlI0VFJDVEF4ajVCU2dLTWdtQklJekVGaWs5REFJ=-w200-h112-p-df-rw,2025-09-10T06:40:27.586378
"Next U.K. Pacific Carrier Deployment Will Feature Unmanned Ships in Strike Group, Says First Sea Lord",https://news.google.com/read/CBMizAFBVV95cUxOM0V3X05KZ3o3cDROODBHdEtyOHhBZ1lEQnFxTXFSY08wWktXbFJtS3NjNS15MERWeGpERGg4cEdvRDRnLVZqSm5hcXNQUXhNR3l6TXdfaElJSjY4bW1xUFNiT3p4WlhYdHVqS05CWXFTd3BlUndUNjFtUkRfZ2lTY3g1LVhrRHF4MnQ4VnUwbjJiRjRTY3d4SHZ4YWpqZVFRbU9HeW4yYWU0Sk8tVkV5eGJSQzJLV0dnejBlOV92WTRESktjSVhTNURuRlQ?hl=en-US&gl=US&ceid=US%3Aen,USNI News,9 hours ago,🛩️ Unmanned Aircraft,https://news.google.com/api/attachments/CC8iK0NnNVFWbXM1WVVsbFYwWXhkVkpmVFJESUFSamVBaWdLTWdZQnNJaXR0UVU=-w200-h112-p-df-rw,2025-09-10T06:40:27.586380
Wrap Unveils Patent Pending Wide Area Kinetic Anti-Drone Cassette for Effective Government C-UAS Operations,https://news.google.com/read/CBMi5AFBVV95cUxQOU9Wb004RHN5V1hERjg3cUNWSVBNUzNyREYwR2tHX1gwMjFCQlVzTWs2U1RRSzFJNVctSE1xZGx6OUVGRWxwSm8tSEptaGVQN0NWV3JZcjM4Unh1Q0FITEF0VWRHLVptdU5Fa0lVVThnckYwWUFLckZScjVhSHRkTE9HMldPT1c5WmtiaDRYeG11cXJudkxXb3ZCM2RXazQ1VjlxcTNScXNoVEs4dFVTYTlERlN5VkZhMnlTNEhkRGM0MUdFN3l0ZEVhZ2ZRRlJFNTRfb0ZwRWNHZUVoQlEtaDZMeXM?hl=en-US&gl=US&ceid=US%3Aen,Police Magazine,17 hours ago,🛡️ Counter-Drone,https://news.google.com/api/attachments/CC8iI0NnNXJaSEZwT1cwNWVHcGFNMUYzVFJDdUFSaWlBaWdCTWdB=-w200-h112-p-df-rw,2025-09-10T06:40:27.586382
"Smartshooter Expands SMASH Anti-Drone Sight to Heavy Machine Guns, Vehicles",https://news.google.com/read/CBMid0FVX3lxTE1GT2N3VTBycTMwOEVuaU1TdVQtNEtrRXN5QjBvalBBeGYtVTdqd2FHNFVVT2p6QkN3VWFycUdXSmNhdHFTUlFHaWhCbDJ6UW1LYTJJbEFxLTh3bURGMkg4X1pkTFY4ck1DbERKYjZ4aFJGTEZWS3p30gF8QVVfeXFMTVRrVnBIQ0NNQ3FMb0dwcGJHanNzRlZvcVd2bEo4Z25fLWlVQ29LdUpvSVdtSEp4Wk5URWdfSzNXTE5ZN2U3Nl9TMDNhVW55ZV9ENW4wQmRzc0NnV3RCSDZsTjNvS0JwZVVYN2NvMUxQU2tQdEw0c3lnamNEVQ?hl=en-US&gl=US&ceid=US%3Aen,The Defense Post,18 hours ago,🛡️ Counter-Drone,https://news.google.com/api/attachments/CC8iK0NnNTVTa3BpYVZOdWIwSkRTMTh3VFJDZkF4ampCU2dLTWdZWk00NEtuZ2c=-w200-h112-p-df-rw,2025-09-10T06:40:27.586383
Rheinmetall to manufacture Skyranger mobile anti-drone systems for Ukraine,https://news.google.com/read/CBMitAFBVV95cUxPa3BQbjNNaGNyRThIOGlFZzlBWVRaSG9iWGtRaTc5T0I2ZXMzMHg0SVpoVGtJM2Vhb3VsRVVtNXExZXNORXVkcnJlRW1TLVo0Uko2X2FuTHlVdDlaaTFZeV9fckRNUE0yOVRJSGxrbWs1M1ZNRmtPdXdjaDByb3JfLXQzYjRsTGtOQmF4NWhoMERQbS1YaFZoTF9UM0xwNDUzMDltM2VoLUpKblNmNGNLMzdRX0I?hl=en-US&gl=US&ceid=US%3Aen,Euromaidan Press,18 hours ago,🛡️ Counter-Drone,https://news.google.com/api/attachments/CC8iL0NnNWtXVzVVUmtkSWEzZG1hMGhuVFJDS0F4aUxCaWdLTWdtZFlvWXZMU1dMRXdF=-w200-h112-p-df-rw,2025-09-10T06:40:27.586385
Ukraine to begin receiving Skyranger anti-drone systems by end of year – Rheinmetall CEO,https://news.google.com/read/CBMikwFBVV95cUxQQmphWVZQN1I4VEFYOER4WXItWlZfY0xMM3QzZVBvZkE0M1lndktyU1hhVlBPaVM2OXJtY1NrYV9YQTlRamlEUE5VSTEtZFdsZ3BWRGUyaUZLYzY0VkxyemRNRXBQZTJxY3dVcHRWd3htYWNxa1RVT2gtOW0xaTJJa0NZMk5uYjFPWGtQbHZKdVA1LW8?hl=en-US&gl=US&ceid=US%3Aen,yahoo.com,19 hours ago,🛡️ Counter-Drone,https://news.google.com/api/attachments/CC8iK0NnNXJPVVpOVTJWdWJuWTJZVWt5VFJDZkF4ampCU2dLTWdZcEZKSndvUVk=-w200-h112-p-df-rw,2025-09-10T06:40:27.586387
Number of drone attacks increases in Kherson region,https://news.google.com/read/CBMiowFBVV95cUxNVm5wNC1hQVZxS0J4UjFLSUEteGVnUFg2TWluMGM3RVVhWkF1Rmt6QjJsUkdFR2V5UFAzNHQxaE11SHlpN09Ba2ZhTm9hWV9FNDdYdzNlaUN5dnJJOTJCc1JQRDRzcFM1ZW1LVDNjcTBvSVluX1plRWVoeXhQOHZ0WFdQZ2JJeTFUOEU2YU9SMk44TU9vWHlLZmFJZC1vbzZkQ2Fz0gGoAUFVX3lxTFBGTmxCakstZmM0ekNTNGRLTzVwUlpLUS11VEVNQXdNcGtYMnI4elk3SnRwVi0tOUpJR0xhMzZUTjhsRVVxMlBrQl9SNEpCa3ljVE1RaWR4QV9EdFJiZGZqXzYyc0NvYWYwVTVLSENuNEIySjhNUE9VRWZ5NE9hZllaaDJ6UnpodXZyZFFZSE5jamd6WmpVWklCYzR0SHcwSTFHSWp5NTJrSQ?hl=en-US&gl=US&ceid=US%3Aen,Ukrinform,18 hours ago,🛡️ Counter-Drone,https://news.google.com/api/attachments/CC8iK0NnNTRPSEp1TlVSVmNUWjFaaTAwVFJEb0FoajJCQ2dLTWdhcE5aak5tUWs=-w200-h112-p-df-rw,2025-09-10T06:40:27.586389
Kherson Oblast authorities reveal how much is being spent on fighting Russian drones,https://news.google.com/read/CBMiY0FVX3lxTE05Q1pnZnowZUJzN1RjVF9xSEZzNDF1LXZyX0taVkVNcll6bXBQVzRVek50eXhFS1FzVWZpYmxaX2tqUzkyMlB5REkycGREV1JmMnBFTWYxY1FpcW1ncW1vbGVtY9IBb0FVX3lxTE54S216Y2JtTUlmUG1jQTVNSVVieGxLd0pvU3RFbjd3U0htU2NXTEVuc05PdVowVVZOY05PbEM2dE4tNmIwZHdBVVh0bUJJRXZmeEd6a3FKbGJJZndvTUh2UXl4RjJtcXZSbU9XYzA0UQ?hl=en-US&gl=US&ceid=US%3Aen,Українська правда,13 hours ago,🛡️ Counter-Drone,https://news.google.com/api/attachments/CC8iK0NnNDVVMjE1ZVVOM2FYRmlia1JsVFJDZkF4amtCU2dLTWdhbFE0U3RvUVk=-w200-h112-p-df-rw,2025-09-10T06:40:27.586390
Rheinmetall Develops Mobile Skyranger Anti-Drone System for Ukraine by 2025,https://news.google.com/read/CBMipwFBVV95cUxOY1gyY1E3ZWd1M0RHclJyOE9NQ0V3NU1zX1NoLXVNbThrR0cybFdHN0NtOTg1aUExX2hSRFBYVlNpNlRJQS03VmMydlJFaTNIRmhwQl94Vm01alAxaVhNOVlDeGw4S2Z5NjVBRU53VHk4enZXYWhPU1MxaDVkNkhPb3hJQ09NSnkycVlibUxaU2pSbU1zRDdybVEtOW5VUC1JMEhsNi1CQQ?hl=en-US&gl=US&ceid=US%3Aen,Букви,15 hours ago,🛡️ Counter-Drone,https://news.google.com/api/attachments/CC8iK0NnNVZURzA1UjJGNFFsYzNUV0pWVFJDZkF4ampCU2dLTWdZQnNKQm94UVk=-w200-h112-p-df-rw,2025-09-10T06:40:27.586392
The Future of Criminal Drone Use in Latin America,https://news.google.com/read/CBMijAFBVV95cUxQRzNXdW1Ubk9yVW5VN0c5SkxkVFNBeXB1Y2oxQ2NJaEI5Q1hROHRJY08yVklqMS1UM3pXV05EWTFZa05LXzdrbjI3NWJzenFVYk9QN0g5Tjg3WnFocURzd0FOM0VjdzNaOXhlV0hUbDBQcDdwXzZuMUhfVERwR0pOUDRRcjNCTHI1N29HZg?hl=en-US&gl=US&ceid=US%3Aen,War on the Rocks,23 hours ago,🛡️ Counter-Drone,https://news.google.com/api/attachments/CC8iJ0NnNTFVbXhYUlRGV2NsRTNWRFF4VFJDZkF4amtCU2dLTWdNQkVndw=-w200-h112-p-df-rw,2025-09-10T06:40:27.586394
"Poland briefly closes airports, scrambles defenses after Russian drones appear in Polish airspace",https://news.google.com/read/CBMiwgFBVV95cUxNc3lzRjNUUDU5MjAtLV83Q3BNejZBSkctZ0tiV1c2SGI5OHFPcHJfUVdfT0RUZXlzejJlSzY2WERUVTBtT1VIS1NzTVNPX3Y1Rzg4c3ViZ1RlZ3JONU4wYUNlMEdmWG8taUNsdHhEUF9ER3V6MzJFMDlJdGM0X3VtSlI4c1k5WDc3RWJhUDloOXFMWHpVakNLV3BBb21Oc2wwQ1VnYzAxLUFWUE54aENqQWxxXzdFeXlBRVdyTWU5cks1Zw?hl=en-US&gl=US&ceid=US%3Aen,Scripps News,4 hours ago,🛡️ Drone Defense,https://news.google.com/api/attachments/CC8iI0NnNUZXVU5tTVZwc2NXbEhaV1ZYVFJDb0FSaXNBaWdCTWdB=-w200-h112-p-df-rw,2025-09-10T06:40:27.586396
ThirdEye Systems lands major NATO drone detection deal,https://news.google.com/read/CBMiY0FVX3lxTE9lWWtPeXcyWURyaWNhX3prRDJZZ1hsZE9MR09Qc3ZqdDMxaVpKOUJlcVNQbkVLWmZPdFNWSHJBVUxDQ1V6bUotNmNmNFIyQ3RPS0xPbUlYd0FxUHhXWUtidDBiSQ?hl=en-US&gl=US&ceid=US%3Aen,The Jerusalem Post,11 minutes ago,🛡️ Drone Defense,https://news.google.com/api/attachments/CC8iK0NnNDNUWEZGTmpGdlZYQTVRMVUxVFJDZkF4ampCU2dLTWdhQkk0N21sZ28=-w200-h112-p-df-rw,2025-09-10T06:40:27.586397
Poland engages drones violating airspace; says it is in contact with NATO,https://news.google.com/read/CBMitAFBVV95cUxOV1VESzR4LVBWUm5PUk02bjJYdE80YThZSnJyT2d5OEFha3RsSDJiSmVNTTFNN05rd0F5dzZQRzRwYlRwU3VRaUlDUWlPRTMzZ0pnYWtpZWE1dGlGQTNRQkFsRjdrb1pUWmVfOHN0MVNnaDhfNFBRbDVQdmdEZEpkX21mRlp5aTEzTWVXYkZJSXV0YzR4ZWFuVl8tUmxyWkFPSWNIWVNXMm5GSE1RYk1WY2ZVcUM?hl=en-US&gl=US&ceid=US%3Aen,BNO News,3 hours ago,🛡️ Drone Defense,https://news.google.com/api/attachments/CC8iI0NnNXhhVlUzU0hWVFNrNXRjRU15VFJEd0FSaVFBeWdLTWdB=-w200-h112-p-df-rw,2025-09-10T06:40:27.586399
Lockheed Martin Joins Forces With BAE Systems On New Ultra-Adaptable Drone,https://news.google.com/read/CBMinwFBVV95cUxPUWk0SS1yUGlSZEdnVTZSZ0xrRWVTa3h3dnE1a09fazItRm9wcV9qTDJPM3gtSE5HYUxyTy1yMEpIeUNDUHpFQ3FQQzFJS0FUZWx2ODlXWHhZRE5sQkdpVFdRNlg4Y2NDVHVPUGNSRFU3UDhxMGRYNVhOY242X3g4MW1PeVdwZXZxSm9INmd1WVpaUlJsZzdvbU9XRm9VRnM?hl=en-US&gl=US&ceid=US%3Aen,The War Zone,11 hours ago,🛡️ Drone Defense,https://news.google.com/api/attachments/CC8iK0NnNXNiMVJoTkVoNVIxOW9TRkE0VFJDZkF4ampCU2dLTWdhQllwQnVPUWM=-w200-h112-p-df-rw,2025-09-10T06:40:27.586401
How to invest in drones to profit from defense demand surge,https://news.google.com/read/CBMipAFBVV95cUxPd2h1b2JvSnRmLVhFTXhaUXhrYmoxM3ZraEExcldsaGt0cG9Zd0g1RWNsSC12S3RYMXRDZGtCZkhPSkhxdXNJQ0lVRGpMLTQ3dVpGMFdWMlh0TERTTmh0ZGVXaDJkb0YtQWQ5MkxGV0FjR0ZENWF0MzZBVTZ3U0VYZ2diemdfZURIWEYyVHJCY0w1a1hZUXhfX0F5THRjX0VjR1VXZA?hl=en-US&gl=US&ceid=US%3Aen,TheStreet,11 hours ago,🛡️ Drone Defense,https://news.google.com/api/attachments/CC8iI0NnNUpPRUU0VWtKek5WazFPVzFKVFJDZkF4ampCU2dLTWdB=-w200-h112-p-df-rw,2025-09-10T06:40:27.586403
North America Solar-Powered UAVs Market Expands with Defense,https://news.google.com/read/CBMinAFBVV95cUxOWWFqQ0JRT1hVXzdyanRycDhQZmZkQ0pBX3JWUlc0Sl82OWwzWEZKS2ZRU2poZVpuOTkySmZ3ZGJaMHpWcFpRRlc4UnJ4SGlBUFVwck9yR0kxRHBuYldCSF9SNTBYSnR6Vkx4S2hvaTZsVi1yclBjNnlFWm84MXAtZm5LNThGb0RXRlVRSEZsTVU4V2VmeXRxLWJBNVo?hl=en-US&gl=US&ceid=US%3Aen,openPR.com,11 hours ago,🛡️ Counter-UAV,https://news.google.com/api/attachments/CC8iL0NnNXFjMWRNVHpOWGVHUlpORVYzVFJDakFSaTJBaWdCTWdrQlFvcXR1ZWFhS1FJ=-w200-h112-p-df-rw,2025-09-10T06:40:27.586404
Robin Radar Deploys Off-The-Shelf Cuas Radar Capable of Dete,https://news.google.com/read/CBMizwFBVV95cUxOOGdvNkVHRTh0WVZrUVVaWV9DN3ZIemV0RF9UOWVEbVlCdlVfeXhpeFFKVHVfcVBVcm94dHBFRWgtWFJ1SmN6VldILUwyZHB2UkszY3R1Q0hwV3lGUUxyOTB3SG9NNjFGOXhxVzZaVnVXZDkxSDZGdDVwcXV5VmVDdUlpV1NMUFBQdGxMQVU1V2t3V0ttOFN2ZlJfdEVSR2JNYUdXV0ZDbTh5enl4enZXTmZHYy1MaUgtemJ0ZnlHbjBmbU1kTmdCOUtEenhFbjA?hl=en-US&gl=US&ceid=US%3Aen,ASDNews,23 hours ago,🛡️ Counter-UAV,https://news.google.com/api/attachments/CC8iK0NnNXpPVGxGWTJOVE4zcGFURjlvVFJERkFoandCQ2dLTWdZdGhaU3RxUVk=-w200-h112-p-df-rw,2025-09-10T06:40:27.586406
MARSS’s INTERCEPTOR-MR Drone Defence System completes successful UK flight trials,https://news.google.com/read/CBMiqAFBVV95cUxPOEF1SUM1SXdDdWRrZUV1cjVmTFhvdGw5ZjcwMkJUV0UzcV8zb0VGQUVUX3FMTGQwc216d0loSDRYelZZVGE1RWt2OXlybkVXS2hMQXdDYWd0ZzM0MEVpVE11WHIxeVRQMWlJdnc5QndUYlRwdXNYd0djMmotOGdIYkRvY3R1VTFsWm9XVzFLS19BQ0RnaUpfZkgtLXYtYkI1TmFvVjdvYWXSAagBQVVfeXFMTzhBdUlDNUl3Q3Vka2VFdXI1ZkxYb3RsOWY3MDJCVFdFM3FfM29FRkFFVF9xTExkMHNtendJaEg0WHpWWVRhNUVrdjl5cm5FV0toTEF3Q2FndGczNDBFaVRNdVhyMXlUUDFpSXZ3OUJ3VGJUcHVzWHdHYzJqLThnSGJEb2N0dVUxbFpvV1cxS0tfQUNEZ2lKX2ZILS12LWJCNU5hb1Y3b2Fl?hl=en-US&gl=US&ceid=US%3Aen,UK Aviation News,20 hours ago,🛡️ Counter-UAV,https://news.google.com/api/attachments/CC8iJ0NnNURVRlp3TkRWV2QyOTRTbGRrVFJDekF4akJCU2dLTWdNMU1pQQ=-w200-h112-p-df-rw,2025-09-10T06:40:27.586408
Oerlikon KBA 25mm automatic cannon at DSEI 2025,https://news.google.com/read/CBMiwAFBVV95cUxNQ3JGc3VaOTcyMXg2V3lFMDN3QmFLT1N3el9FamMtc1JNMmNHQ01mZ2poUW5nc25TbEFuUnZrU1JGbEhNTzFLYndCREZBQVVLVDlFX0sxVFFPZ3I4LXJGTFV5bzdfZFBsTjY4NGZZbXRtWm54ZlM1YnVPZG11anBFeVBIRzViNzBydGo4RkJQSFhEMGtLMUZrcXNJbGNJX1I3MEZsQkp1aW1qNHprZ0laMmpVa214RlgzWWxzQTZGaGc?hl=en-US&gl=US&ceid=US%3Aen,Rheinmetall,18 hours ago,🛡️ Counter-UAV,https://news.google.com/api/attachments/CC8iK0NnNUhRVXhYZEZwVVpHSm1NREpzVFJETUFoaWNCeWdLTWdZSllKSzB0QVk=-w200-h112-p-df-rw,2025-09-10T06:40:27.586409
"US Air Force Unleashes ""Falcon Peak"" To Hunt Rogue Drones",https://news.google.com/read/CBMidkFVX3lxTE0wOUNEbmloSWE1MWQxTVFNTVpJdXgxN2lzeUFOVzIzd0taakZKS2FWbElzTnYyaEwyME9LRzNxRXk1UHRHRWdSLUJ0S2FJWGZndTR1WlR2WkpiNU5uRllxZm12UzRQdFA4NWZNY1doc1lRNW10S2c?hl=en-US&gl=US&ceid=US%3Aen,DroneXL.co,12 hours ago,🛡️ Counter-UAV,https://news.google.com/api/attachments/CC8iI0NnNDRTVzgxVWxZeVNYWjRSWEZXVFJDZkF4ampCU2dLTWdB=-w200-h112-p-df-rw,2025-09-10T06:40:27.586411
"AIRO, Nord Drone partner to boost UAS deployment",https://news.google.com/read/CBMiaEFVX3lxTFBRVmFRSzd4U1lQZzJpTXZNdXZoV3dFVmRYSlVxaXlCM01VQ1FIZWU5aEJjRUJqSlE3WldBZXlwMml4Uy1Ud2wyVUV5Wk5mMzhIQVF0SHBHQlEzUkdmR2VrY0NlQTk3dzVY?hl=en-US&gl=US&ceid=US%3Aen,Army Technology,17 hours ago,🛡️ Counter-UAV,https://news.google.com/api/attachments/CC8iI0NnNWtTMGgxWkVsWWRXZGFRMlp4VFJEeEFSaXVBeWdLTWdB=-w200-h112-p-df-rw,2025-09-10T06:40:27.586413
Nordic Wing Upgrades ASTERO ISR With Amprius SiCore Batteries,https://news.google.com/read/CBMic0FVX3lxTE9FcWFmdFh6UFhydTNRaE9JeThrRnlxel8tWFk1Y0NGNGhMY2hHRlZVZ3BUcjYtYnFfaEVLWDRzemJUUFV1Q0ducEYxSldqU3ZkWTNuam96Zjc5OGM3OGJHQ0IybDAyZEtWOWptdnY1UlFJaDDSAXhBVV95cUxPbWRUWTBVQ0tvTnJ0YWZqNzJEeFdMd0RIUXF5b211Tnp0RDBoZDlIS0NsOTNuMjlCTGxVWGlZZ2ZGbzMyY3Z0SUdxTXdhRXJMVWdlVW81SXBDNmh5eXFiV0wwb0tuMVRTNGVkekxIUW9jaHNNOWJTSDk?hl=en-US&gl=US&ceid=US%3Aen,The Defense Post,21 hours ago,🛡️ Counter-UAV,https://news.google.com/api/attachments/CC8iL0NnNDNXaTFNZDI5U1dYZzNNR3QxVFJDZkF4ampCU2dLTWdtSlVZQmwzcUY3OGdB=-w200-h112-p-df-rw,2025-09-10T06:40:27.586415
"Michael Kratsios Lays Out White House Priorities, Discusses NPRM at CDA BVLOS Summit",https://news.google.com/read/CBMihgFBVV95cUxQS0ZZRWNLNGNoelV3T2kwc3lIaV91cHdEZ2FfRWdqN3gxUTBab2FIdmJEM2FrSDhlY0R6NnNWbTVuNEVNS3FHSjE2el9jcEVxV3ZucjEzZ2NvUWNpVGJOdGQzZ2RHSTFrNUJpTWhEUmV5a3d3ZGxXSGhBRUpoQ2ItZGg5U2Itd9IBiwFBVV95cUxQQ1hTUjFUUkZUNnpyX1RtdW1xZzZNQ3pIVFVEamxvUDAwSl9sSUhFQ2lBcmFWWDJQTncyOGVsNS13WFEwOXR3X2pjYmQtcC1NZ0JWWVVQcE1FaFR1cXMybUQ3UzBhbFdSRGFpYmVDWHZjN19SY0F2aGJYWFRjR0hVUEV6Ym5qZGxfbUpJ?hl=en-US&gl=US&ceid=US%3Aen,Dronelife,14 hours ago,📦 Commercial Drones,https://news.google.com/api/attachments/CC8iL0NnNVNhMlZMWlZsS1YyaHFYMHBXVFJEZ0F4aUFCU2dLTWdtVnNZcEpPbVk5VHdF=-w200-h112-p-df-rw,2025-09-10T06:40:27.586416
Three Themes that Defined Commercial UAV Expo 2025,https://news.google.com/read/CBMimgFBVV95cUxQYUtVckJIQy02ZmFjS1FnR3N4QkRSVG5wdXdSZnZGS3ZnVk93OEtGbDVkQmJTY3FDOW4zZWI0aFZ0OHcwSkFyMUp4RHRLcjNXWFpBWWxvcXZkQVFPMWRoTjhQd1VfaHRVb2tTVlNoU3NfWDVabmVxbXNVeWp0RUtIVk9fV2VKWFdhdzZSMDg2MS1BTXZzck11aTRR?hl=en-US&gl=US&ceid=US%3Aen,Commercial UAV News,17 hours ago,📦 Commercial Drones,https://news.google.com/api/attachments/CC8iL0NnNUhWMnBLVDJFemRscFRhMXBzVFJERUF4aW1CU2dLTWdrQk1wUmdyZWRqcVFJ=-w200-h112-p-df-rw,2025-09-10T06:40:27.586418
"DJI Drone Ban Looms In U.S., Threatening Agriculture, Construction, And Public Safety",https://news.google.com/read/CBMiZ0FVX3lxTE5zTGRTTDd3MVpqbGhzMUFqcHdlSVdTbml3TW5HMFlsWklBOUNYODJwRzJfRDV1ZVVlUVZWSkFLdmh5Q0xpUmZCV0xKNFB4QXlmRFZoZlF4MGgxLTRRVWY4WDI5MWIwVEU?hl=en-US&gl=US&ceid=US%3Aen,DroneXL.co,8 hours ago,📦 Commercial Drones,https://news.google.com/api/attachments/CC8iK0NnNUlSMGhSZFdnd1REUjRUWHAzVFJEZ0F4aUFCU2dLTWdZdFlvRFVLQWM=-w200-h112-p-df-rw,2025-09-10T06:40:27.586420
"New FAA administrator wants to modernize U.S. air traffic, ‘unleash drone dominance’",https://news.google.com/read/CBMitgFBVV95cUxOQzlsUWxIR3NjRDFSSzVzR29xaHh0eTlpQW1nT2t2eGttYUxRdlI4TlpFbkJKaGRDN3lDZ0dVZkE0c214cU5MSEFxQ3Zfc0E5RXUxUFdFWGJZNy1PdnVSclR5dGVhSTJRQmJHMmhwUHduU2lGOE50YldKakJBT2VFZWNwX090cF9TYWhnMUMtRHh2T1htVHpOS1RHRUZVYndFSjU0LXVTY1JQSV90b2VDV2hRU2RDZ9IBvgFBVV95cUxNelZJRDJwXy1Ja0VhOWtOTFNkb1JCU1RUODVCS2FiV2xUWnFyMzB0SjVlTlhQa0kwYlI0cjMwVEV6NEpKR0FtaFBMVkRrOWozZ3ZILVRoVk8ydXozdW9xYTM4NDF4dV9ZejFzZnFYU0lHM2VYNi1vX3hremJqTXV3cEZZZzF6ZmVIbzUyT296eE9RMWFja19seHFTbWpUamlYTmk4X2hHMFlKRzhaZnVaWFRLVTk0MGk5UFpsbEJB?hl=en-US&gl=US&ceid=US%3Aen,Aerospace America,14 hours ago,📦 Commercial Drones,https://news.google.com/api/attachments/CC8iK0NnNDRhbEJhYW5ocFR6bG9ka1ZMVFJERkF4aWxCU2dLTWdhcGhZek50UVk=-w200-h112-p-df-rw,2025-09-10T06:40:27.586422
Gaza flotilla fire: What the surveillance videos tell us,https://news.google.com/read/CBMiqgFBVV95cUxQWkNhVkRrSlR2WW1zOUdGRzJiUjd1SE41dk8za2VnRVpjOTRJREJielhqLVR1QmpRNVAzRl81Vy1oeXNsaDVMZ3JFQU9zUUpadEtUQU1CTm9vdzloUklaTU16TTlqNVFsa0N5c0RPeHc0Q0ZKRmxRM3NFVkZHZUVDQ2RIdGN6enl1TllFcFUyQXBKMTdZTlpFZmNKUWRWZ3ZteGNpaFVOdmZxZw?hl=en-US&gl=US&ceid=US%3Aen,France 24,13 hours ago,📦 Commercial Drones,https://news.google.com/api/attachments/CC8iMkNnNUlTR0pOVGpGR2FFTnNiVXRsVFJDZkF4ampCU2dLTWdzSkFJS0ZpcXN0MG5qUmNn=-w200-h112-p-df-rw,2025-09-10T06:40:27.586424
Businesses across the US rely on these drones. They might be banned,https://news.google.com/read/CBMi0wFBVV95cUxNR2dzWnVCN21qZGxacnhHdVBFZGpHOVRBQlhTMmZCaWZpdVYzY0doSnlJYUdScklXV0k3ODRMNHY3dUdjV3hHQ1o2WGtEd2paUGxvVTBjc0xiMFZ5cHhDelBPSXF1blRyT05MMjhGZkpVbHRKMmxmZ0FadHpBRGQyNXF3MXV2TWVSRUFyZlpUQnhtLU9NZ2FFdmxIM3luU1pSa0s2NWxUS1RLX1VuMTBDcXpKajZESE1COWE5LU9yWVFWa21NaHZvV2QzMnlNNVgwU2lv0gHTAUFVX3lxTE1HZ3NadUI3bWpkbFpyeEd1UEVkakc5VEFCWFMyZkJpZml1VjNjR2hKeUlhR1JySVdXSTc4NEw0djd1R2NXeEdDWjZYa0R3alpQbG9VMGNzTGIwVnlweEN6UE9JcXVuVHJPTkwyOEZmSlVsdEoybGZnQVp0ekFEZDI1cXcxdXZNZVJFQXJmWlRCeG0tT01nYUV2bEgzeW5TWlJrSzY1bFRLVEtfVW4xMENxekpqNkRITUI5YTktT3JZUVZrbU1odm9XZDMyeU01WDBTaW8?hl=en-US&gl=US&ceid=US%3Aen,Hawaii Tribune-Herald,20 hours ago,📦 Commercial Drones,"https://encrypted-tbn1.gstatic.com/faviconV2?url=https://www.hawaiitribune-herald.com&client=NEWS_360&size=96&type=FAVICON&fallback_opts=TYPE,SIZE,URL",2025-09-10T06:40:27.586425
"Walmart, Zipline Launch Drone Delivery From Walmart in Southern Dallas",https://news.google.com/read/CBMinwFBVV95cUxOTnJBNmFfWFZ2Uy1sbWRpWGtnLXBnQS1SN0ZkdVFaWlJGdXJRZG9sVllHYmZqZ2NEdVo3cklVd0NtYVlLbW5FNzlrUkV2ckpPU3VrZUFPRWhoMlhwU0JsaDI5ZWpoMnoyYzFhNjJTZkgyVEctZkFQb2lRSG9kZUhIMFFIblhyeVo1TFVPLVdIeXBMY0tpemRmNEQzMTc5VUE?hl=en-US&gl=US&ceid=US%3Aen,Dallas Innovates,10 hours ago,📦 Drone Delivery,https://news.google.com/api/attachments/CC8iK0NnNTZRaTFvTjJzemRHUnBaRmhQVFJEX0FoaWhCaWdLTWdhaFZKQ3NKUWc=-w200-h112-p-df-rw,2025-09-10T06:40:27.586427
Google's Wing expands into mall-based drone delivery with DoorDash,https://news.google.com/read/CBMi0gJBVV95cUxQNXJDS2dib0hPbWdxb1Y5VWcxZm5EWWZoMC1OVEJmR2ZVZDROSkdtVDdCal9rWVNwUUhNYnpHR2FSdThVZVhLNFhoRFVRN2VnMEdYQzRLRnNfRS1qVnk5QmNiU0taUkVzaUpXRWNBM2VFQ0ZfZ3prZGZyR0Q2NVd1dk1fTVFIWm43WjlBTE5CQXpBamhkU0RBN0JtM2FCbU0ySWN1bi1URnY5X3doWS1Ddk5KQnFycHRZeWVSZkJKU0Zla0JGS0tJUmRvS01DQTVhTDc4VWc2aG1vMUowempjQ216ZDE1aEdydTFhRDNYNzdESVlSam40VkQ3alpQNW41SjE0NmZGalpsTDRjVC11YnlGQ2tENVhNZzIwVXZEeFdoZlNpem01Skk2VmR6TDliakZmUE5rWUw5WEcwamlrRUhuT0V4NjY5MUl1Y2g4NTdnQQ?hl=en-US&gl=US&ceid=US%3Aen,MSN,13 hours ago,📦 Drone Delivery,"https://encrypted-tbn2.gstatic.com/faviconV2?url=https://www.msn.com&client=NEWS_360&size=96&type=FAVICON&fallback_opts=TYPE,SIZE,URL",2025-09-10T06:40:27.586429
NHS could use drones to fly defibrillators to heart attack victims,https://news.google.com/read/CBMiekFVX3lxTFBjcDJHeVdPWjVTRThadEZGNWdlVWFzUVFTRjBXcm5fbjBaNjNjT1FXR2VmSXdwb0JHMXo3d0c3QTk2RXh3NnRlWTdzeEJzS0pVdlRkakl4TkJDWDlVeUwyc2VrNHlORGQteXZjZUo2WEFWNEtmYjdyWW5B?hl=en-US&gl=US&ceid=US%3Aen,AOL.com,3 hours ago,📦 Drone Delivery,https://news.google.com/api/attachments/CC8iL0NnNUVlV2cxZGtkYVRDMVFkbkJLVFJDckF4aUFCU2dLTWdrRkVKeDRER3ZCcGdJ=-w200-h112-p-df-rw,2025-09-10T06:40:27.586431
DHL eCommerce UK and Evri merger wins CMA approval,https://news.google.com/read/CBMinAFBVV95cUxQcld3TDhzc08ySDVGZmNxQ0ViQ2ZjUmdhcG1Kamtib1owOHFfWEY5YWFnNVdoaVpPem5Fa1BkWC02N0h5YTlPVUtOZUtFNGkyQmNvVGJNNnF1ZWRhNWVFS2JEaUkzRmFlbWl0SXB4dlg2c201dFhWSW1ac0dsQXRZalY3WUFOSmhjZXpZdVlfRFJUcHRhdlJ0RVNCNXLSAaIBQVVfeXFMTjAtd2kxOFB5RHU4Y2NLMnEyblAyXzEtWmw3QVdxQi1IZzNER045eTZkZDhxNzZzemZwWlZrS3N3cFM5bmlYYk9BdXNweC05MFlmSW1fTHdQZVFjLWI3UU1sbWc0YUlOVGVvbjF4OEdLOGlZWHJENEZfN1pDTzg1VVZzamE2WFl1cEJtalNGT1JpSURHNEtfTk1yeXh2cGdYZ25R?hl=en-US&gl=US&ceid=US%3Aen,STAT Times,1 hour ago,📦 Drone Delivery,https://news.google.com/api/attachments/CC8iK0NnNUhZV2gwU2t4UWRFMTVYekZVVFJDdEF4aktCU2dLTWdhQlFaUnRKUWM=-w200-h112-p-df-rw,2025-09-10T06:40:27.586432
Ann Arbor area drone startup secures $1.25M contract with U.S. Air Force,https://news.google.com/read/CBMimwFBVV95cUxNQTVIVkRQLTBpbnVkSmtROHNUYXlrVUN3b3NBM3FaU09VWDVaQ3FsSG1FenlKLTBhVUwxajNJRW1nRlJQTW5sN2loR1BYSWJWXzNqNDdFaTNnXzhQNzdVOU9UQU9HQ1dyWEtrc1RGeVFOVldYMlo2TjdXWGVvaml5aEJMdkpsN1k0TzEzRFZRNmFGYmt0cTM1UTB0UQ?hl=en-US&gl=US&ceid=US%3Aen,Crain's Detroit Business,12 hours ago,📦 Drone Delivery,https://news.google.com/api/attachments/CC8iL0NnNU5ZMHB2VjFWNVEwUnBTV0ZQVFJDUkF4ajhCU2dLTWdrQklaQ0ZwV2Rya2dF=-w200-h112-p-df-rw,2025-09-10T06:40:27.586434
UK Study Tests Drones to Deliver Defibrillators in Cardiac Emergencies,https://news.google.com/read/CBMiX0FVX3lxTE5HT3lWTjQyYkVUdU9UZ0pzc2VrMmlCaEc5RV93dmtHQmQ0VHFWdEJ4SFlMd2xBZ2VhM3dQUmFxT05lNHNUb3J3ZEVERGY5bU5GcXBONjU2bWRnaXZHNDJv?hl=en-US&gl=US&ceid=US%3Aen,AZoRobotics,17 hours ago,📦 Drone Delivery,https://news.google.com/api/attachments/CC8iL0NnNVBaMkp6TnpGVFJFOXNhVFZOVFJDSEF4aVJCaWdLTWdtQkVaRFZqT3F4eHdJ=-w200-h112-p-df-rw,2025-09-10T06:40:27.586436
Gaza Flotilla in Tunis Attacked By Explosives Delivered by a Drone,https://news.google.com/read/CBMimgFBVV95cUxOQjhkckJUMUt6SE5wVWhCVXhqNGpSY3NfWTlUdkVTdkZZNXdwQUlodGxmNUtLS3ctOTJMUHQ0clAybmxvU04ta0JNOGR1Z05OYV8xUHc5WENYeTJQeTVSQTRGUnVOVTU4QTJFZlRscmxHSEQzRUhfLUZONG8wS0hRczJKVUFfR1FQQW5mNm1XVkJUSWNNc3p3Z05n?hl=en-US&gl=US&ceid=US%3Aen,World BEYOND War,4 hours ago,📦 Drone Delivery,https://news.google.com/api/attachments/CC8iL0NnNUdUM3BGU1hFd2NHbHJXREp2VFJDRkJCalJCQ2dLTWdrNUFJcXpnT3cxY0FF=-w200-h112-p-df-rw,2025-09-10T06:40:27.586438
Ace Hardware partners with DoorDash,https://news.google.com/read/CBMiYkFVX3lxTE5nNW1lOGVhWEFsd3dMbWg3emdJcG93LVo5bngzaTdrUUxCeGpjX0ItQks2TXZUTTNpSWZzaVoySmNnYmVqUU5FWDNsQ3Nib3pLUGZlWE5oNExETU5CYTBLQWJn?hl=en-US&gl=US&ceid=US%3Aen,HBS Dealer,16 hours ago,📦 Drone Delivery,https://news.google.com/api/attachments/CC8iK0NnNUNRbGxrV1ROYWN6RklMVFphVFJDT0FoamdBeWdLTWdZTnNwQUxQUVk=-w200-h112-p-df-rw,2025-09-10T06:40:27.586439
Drones show promise in cardiac arrest trial,https://news.google.com/read/CBMioAFBVV95cUxQdXo4UGxzdlFsTlVwc1pKc2JyeVhxckZ0Z3BpT0xnMTVSR2tfbXNDRjctUFd4aUxzQUctUDNhU3k4aUQ2c1hSa09qRjlIdXk0WEtySGtsMndJbDZKUWRzTURSVHF5SGtPU01QajB2V1VUbV92TzkzNUdZdWdfMDdXcEpRV0VUVHFXN1l3VVNsOXVobV85alFzWGNwakxub0Za?hl=en-US&gl=US&ceid=US%3Aen,The Engineer,20 hours ago,📦 Drone Delivery,https://news.google.com/api/attachments/CC8iK0NnNDFkekp0TkRFNVlqYzFUSGRLVFJDZkF4amlCU2dLTWdZVlJvVHFKUWM=-w200-h112-p-df-rw,2025-09-10T06:40:27.586441
"Amazon India Reaches 10,000 EVs Ahead of Sustainability Goal",https://news.google.com/read/CBMikgFBVV95cUxPeDVVNDlXLTlrYXVhMXJGX0VXbXdhbE5aWTNiYlo5WGgtYjh0di1QT1FiNTdtLXZWMmRtdmhlRlhPRXB0V3lOQjd0WldDX3lIVGNvMGNwU2p2YVZUVU1iZVRpWENRenpJczI4ZTVDWnlDcmp6ZURKTzJ3bmFKX2EwVm5hM1JqSzZNTEdlRF95VnRTdw?hl=en-US&gl=US&ceid=US%3Aen,EV Magazine,17 hours ago,📦 Drone Delivery,https://news.google.com/api/attachments/CC8iKkNnNTJkV3RmUkhaT05HNVhiblU1VFJCb0dJb0JLQUV5QmdHZ2pzTzlCUQ=-w200-h112-p-df-rw,2025-09-10T06:40:27.586443
"Precision Farming Dealer's Best of the Web: Sept. 10, 2025",https://news.google.com/read/CBMiqwFBVV95cUxPMXVGVlRTT0VCUjk2dUtYNmVqazBCUEc1MFJ1eHBPbkloenNwRDZGV2xBMDV6QUtXTkZITjQ3ZmxnbVRodlFod3lIWTI4WlYtd3NIUWxsNHRyY29zVm54bzNBWU1Dd1RMWXZhVF9Ud0lDTXg2T1BUS0xrZzFvWFBrSXBpWUZXSUtZU2hYS0c0VFhWYUJqMWNudzlzUGlWSVVXZ0hVeVNHaWE3LVE?hl=en-US&gl=US&ceid=US%3Aen,Precision Farming Dealer,2 hours ago,🚜 Agricultural Drones,https://news.google.com/api/attachments/CC8iK0NnNU9MVk5UTlVwc2RrbEVPR1JWVFJDdkFSaThCU2dLTWdZRlU1cWxLZ2c=-w200-h112-p-df-rw,2025-09-10T06:40:27.586445
WATCH LIVE on Wednesday: Key agricultural discussions at Husker Harvest Days,https://news.google.com/read/CBMirAFBVV95cUxQckM2WGpNbW9LbnozdnFTcURRbXpCaXpnOEVLV2JUcVU3bHZqdGJUTEtad040R0l2bzdRenVpRHZ6TEhXTnYzcXN1MjhqLVdiNDhxdDh6MDVmeUotTEg4X3FfelRKamNwQUJJb0hEd1dEN2xpclkzdTJwVnltVmJDTlpVdm5mNWFLYnZFUklvTS1OYXhmWlN6XzR3aFp0TVVyOGxRcVdRdXpvTlhB?hl=en-US&gl=US&ceid=US%3Aen,KSNB,9 hours ago,🚜 Agricultural Drones,https://news.google.com/api/attachments/CC8iK0NnNVhZbll6U25GMGFrY3lNR1pyVFJDSEF4aVBCaWdLTWdhWkk0eUpuUWs=-w200-h112-p-df-rw,2025-09-10T06:40:27.586447
Drone-aided agricultural research could help area farmers,https://news.google.com/read/CBMizAFBVV95cUxOWjY3Mnl3eHNibmZFcGpPazNGQ2pQbWdqMC1HUS1nVS1nbWVUYS1EcHRqWW90blZWY3hmSk8tV1lPSlVsaENIZnkwSUwtMFdla2QzSDB2YnFZWmliZ1htVVJvTDVBeUlwcW9STWJRdmxDUU5IaThPYlpZci1Cem9oTTJlamIwaHIyLUJBZFI0T2M5UnBFWXR0VXY1MFN5eWQ2M1JpMGdfNUc5X3B3N010dVc3WjF1c1J2blJMN0xpRkM4RXlyZDRUaC1saVM?hl=en-US&gl=US&ceid=US%3Aen,Northern Ontario Business,15 hours ago,🚜 Agricultural Drones,https://news.google.com/api/attachments/CC8iK0NnNHhZblZyYmtoRmNYRlVMVzlOVFJERUF4aW1CU2dLTWdhaGRaRHNzUVk=-w200-h112-p-df-rw,2025-09-10T06:40:27.586449
"Local groups awarded over $70,000 in RC&D grants",https://news.google.com/read/CBMigwFBVV95cUxNSDNJcVFiSHgwLW1nQjdULUJWcm5TUDZWY1drLXJDR3ZsTXR3bV92V1dqcG5vb0R0ME9JT2FoWWlVQXRnWmx2a0FSa0RtanB1eXJhNFk4a25YcFhlQ29zQ095UXBkNnFKUmtZSzVPTmd0SUE5aThZN0M0aGNBaTdGUkdYUQ?hl=en-US&gl=US&ceid=US%3Aen,Jackson County Sentinel,1 hour ago,🚜 Agricultural Drones,https://news.google.com/api/attachments/CC8iL0NnNXRabEIwWjFJMWFtazVTR2QzVFJERUF4aW1CU2dLTWdtTlVZU3BxR1ZUMVFB=-w200-h112-p-df-rw,2025-09-10T06:40:27.586450
A Ukrainian Farmer Fought Back Against the Russians. He Paid With His Life.,https://news.google.com/read/CBMivwFBVV95cUxNejl5RnVyV25QTkVHdkZmS1FEYUpfOXhacExXdEEtTXpkNnpLaGRvb1dtbncyUkV5TDJPMFUyaDloX2lWWWtQTmpPcjBvMWJqRnJ2ZGVUV2F1eWxvUHJlN1FIdUxBeGlQaGs0N05YbUlGRldCNzdfT0g5NUI3emQ2cC1vbTMzRkJ1TEl1c2FPYTBtWmpRZU1SRk1WbmlSejNjZW1NNmtSOE9JSThVU09HN3B6LUhkOGtSQ1NzdnYzdw?hl=en-US&gl=US&ceid=US%3Aen,MSN,5 hours ago,🚜 Agricultural Drones,https://news.google.com/api/attachments/CC8iI0NnNW1aMGxFWVVnNVdISnVUM1JVVFJERUF4aW1CU2dLTWdB=-w200-h112-p-df-rw,2025-09-10T06:40:27.586452
AgEagle begins international shipments of new agricultural sensor,https://news.google.com/read/CBMivwFBVV95cUxOUkRPblh2S0hjekpYV2xPUnpKazRRWnNzZnlJeGxLUFhzZU1iZ0J6U3UybWV2VUVBN3UyRElENEpadl9RemdzVjhPSnNsLUxGQXJka1lzdm1mVTMtQnFfQjkwWVpYN1FEaGY1RzNUUjNhSUZyQmVaelR2U29jcnNNNnBkd2RhOFQ1Z0hqaFJVMEloM05haG9fOXd3TmQ4T2JlVHRLQjJ4b3dYWFB2STJTTENuaXd5UjhUc0diNVhVaw?hl=en-US&gl=US&ceid=US%3Aen,Investing.com,18 hours ago,🚜 Agricultural Drones,https://news.google.com/api/attachments/CC8iJ0NnNVdiMjQzZGt4ZlgyNXpVMDVFVFJERUF4aW5CU2dLTWdPaFV3WQ=-w200-h112-p-df-rw,2025-09-10T06:40:27.586454
How Farmers Are Using Drones to Seed Cover Crops,https://news.google.com/read/CBMijgFBVV95cUxPTU1NbjhrZGNZU0dWbmJsM1dnNlk4VVU2VWVIempHYzlnUlVOMkJURmJGel9HYlZzMjl6ZUJYMG5QNkRYTVBaRXlJOVBvUVZTOWF0WF9oMnBJb3FjZWVFeEN5aVowblVBcnAtWVRaWVF0X20zQWZ1eUNjWU80cTVCa3BKdzZta1k4YUtHUnln?hl=en-US&gl=US&ceid=US%3Aen,Successful Farming,19 hours ago,🚜 Agricultural Drones,https://news.google.com/api/attachments/CC8iJ0NnNDBTRjlUWjBscVdVeDVVMVZCVFJEZ0F4aUFCU2dLTWdPbGhSdw=-w200-h112-p-df-rw,2025-09-10T06:40:27.586456
Drone Nerds Welcomes ABZ Innovations as Platinum Sponsor at ElevateUAV Summit,https://news.google.com/read/CBMi3AFBVV95cUxQbk1ER19jTmtITjZyZmlNU3o2ekYxMmdNV2hJUGN6RE1nYnRBNDlkd05UTDhUOXRfb0twN2t4Y2pXVTZHOHloU0lCYkRQd092Wm1DN21vQWJMaXNla0YyZnNmZEdJVU9IR0taRXozRnFtZVJEaTZnYjJEcldFQnFqZHhDQjhzM19vVXZ3X1NaX281MFhLT0lLemNuVlVMaG04eFlIMkZVMERyYUxGS0Q2d2J0b0tQZHh1T0ZmZ3gzNWJBYTYwakROSk02c29wcllMSEtDZldrUmZHdC1p?hl=en-US&gl=US&ceid=US%3Aen,FinancialContent,15 hours ago,🚜 Agricultural Drones,"https://encrypted-tbn3.gstatic.com/faviconV2?url=https://markets.financialcontent.com&client=NEWS_360&size=96&type=FAVICON&fallback_opts=TYPE,SIZE,URL",2025-09-10T06:40:27.586457
Meet the Chief Remote Pilot enabling drone research across Australia,https://news.google.com/read/CBMifkFVX3lxTE1yeWlYa203bTVJbVZCZ3l6bE5DXzBFdXRIR2hjYWMxekdxUkVPRGxMdW9FN2h2aGpoajVFSXowNEg3cFMwNjYyaUNyWFNpZlhvVUxwVUJ0cG9UaTdlVjJjajN0TkZJWWxxck1BWF9DcjA4XzhfVzBTLVVVcDJpdw?hl=en-US&gl=US&ceid=US%3Aen,cosmosmagazine.com,10 hours ago,🚜 Agricultural Drones,https://news.google.com/api/attachments/CC8iK0NnNW5jV2RWVkV4M2JXTnlNVnBtVFJERUF4aW1CU2dLTWdhaFFvNHJtZ2s=-w200-h112-p-df-rw,2025-09-10T06:40:27.586459
2026 Nuffield Scholars announced,https://news.google.com/read/CBMijgFBVV95cUxNbWt3T0tJRllKM3lKYmFIU0lvMzhENWlmOHJjSldZMmNDcXpzazdocmpIYlNHdGxsVXIxbGhvVEZ5N0pWU3JXeDNUcjgtUlllSS12RFdyZWpuTkk0amZOWE41aHBMT3VZeFdEYnA3T29IcEgzampQOWF6M0VFSUphTEZHTE1SM0g5X0VKcDVR?hl=en-US&gl=US&ceid=US%3Aen,Fruitnet,3 hours ago,🚜 Agricultural Drones,https://news.google.com/api/attachments/CC8iK0NnNWFaVFpyYTNwTFFrRkdZbmx4VFJERUF4aW1CU2dLTWdZdEpvYk5HUW8=-w200-h112-p-df-rw,2025-09-10T06:40:27.586461
"Geofencing, Geotargeting, and Geo-blocking, in Civil Litigation, Information Governance, and Regulation",https://news.google.com/read/CBMif0FVX3lxTFBSYjFrMm15dXdpVFphTFdncEs4MGJxX0JKUlRET1RwNTVWZW4zY1BhMTNvWFZaa1NJWjM0N2dwbVFtWUcxN2czY1hJZHJsM25sX21uVkxZeU1XMlVIODRDMWJ4dG1TSlU4alo3TFpCWS1wTXFPZEpHTVpOV0Y1Y0k?hl=en-US&gl=US&ceid=US%3Aen,JD Supra,9 hours ago,📋 Drone Regulation,https://news.google.com/api/attachments/CC8iK0NnNUJVMFZoTlROSmIyZzVYM1pOVFJEb0FoaUFCU2dLTWdhSkVvNUdrZ3M=-w200-h112-p-df-rw,2025-09-10T06:40:27.586462
Global Aerospace's SM4 Aviation Safety Program Provides Insights on Part 108 Key Features and Expected Provisions,https://news.google.com/read/CBMikwJBVV95cUxNSDZGSmZzbWd5TWd2QV9jX181Vkd3ZFRRVC1JVEhqXy0xLXhreU5aenAxQkxaR1haQ3pFZ2MzMGlfdy1qQXpJckpSUm5udDZ0Yy00WTNzWkhwUGVEb1JIQkV6cWdPSnl0OERuU1dyME9TTTgxeDl1dHRrSDFZTDRPcmZGM2NpaFJvX3JPZ1BPX1JhQVgxVlU1ZDRORHBsTGlkaGdjMWJCNjlOem93U0EzMkhNWF9yNS1WOENlX2FwNVBDdG9aYjZVVkxjZzVjeTdraFNaUE9CeWNnbXA3aWY0SlhjSkt6dTBIZHRfVHI0SGJNOENSa3lycmNpLVFrS19ySExpS1RKNlNScEtUZ1FIMzBzOA?hl=en-US&gl=US&ceid=US%3Aen,GlobeNewswire,15 hours ago,📋 Drone Regulation,https://news.google.com/api/attachments/CC8iJ0NnNW9aVVpHV0RsbWRHWk9jSEZwVFJDVEF4ajRCU2dLTWdPbFJDQQ=-w200-h112-p-df-rw,2025-09-10T06:40:27.586464
"Nepal Unrest: Gen Z protestor says 'want change, talks with President'",https://news.google.com/read/CBMi4gFBVV95cUxQNklybl9yZlJnWjM4ZW0xR3c2bHNESlpqZTdhWWpVM19rVnE5ejhHZmxsOGlPWWRWRUlBYWU1eXRVWDNjYXpPNjF2bkZKQWxFZXBqN0NhNHJNVUpndDUyNlA0eGNGUFJlaGRZYllQampQemdkaUFPQ3RidDdJZ2twcGh2dm9yaHphb29GaTlYY2dmUGhpX2dYT2VaeGZpUFJVQWhUd3VSUTgtQkoxeHhicFZlamVCU05QTHZaOVFDVi1Mc3RXdWlYVEJReGg0WXpLQm1YZ1NJUDI4YU03Zi1PTzZB?hl=en-US&gl=US&ceid=US%3Aen,The Economic Times,1 hour ago,📋 Drone Regulation,https://news.google.com/api/attachments/CC8iK0NnNTVOMDEwVEdzdGNXTm5ibUZRVFJESUFSaUxBaWdLTWdZdFpZVE5OUVk=-w200-h112-p-df-rw,2025-09-10T06:40:27.586466
Polish special act to accelerate defense investments,https://news.google.com/read/CBMi0gFBVV95cUxNaUJ2eFJaMkk2d1hFaDFDN0xfRS1STTVJUC14OGhod2tiQ28xZ21yMWd5SVhTLTVjSTIxOTRIRzNMemM2UnV0NUdFYmtrdFJRTHNCZHVXYzNfTDN3bFpVaWNwNUtqajRIXzVVVWtweUQzcWZnSVFpR3JaTjdqemRMX2JJeVp4cGJvd0RkRU1TclU1ZDJEbmhQLWdaSFNjRUZiU2I3VElzMlhFLTdfNmVQWmkwMjhsVDBVUTVzQ01oX2lyblZNZUZrRk94ZkNyaXpYYlE?hl=en-US&gl=US&ceid=US%3Aen,Dentons,17 hours ago,📋 Drone Regulation,"https://encrypted-tbn3.gstatic.com/faviconV2?url=https://www.dentons.com&client=NEWS_360&size=96&type=FAVICON&fallback_opts=TYPE,SIZE,URL",2025-09-10T06:40:27.586468
Analyst Targets Drone Cybersecurity Company for 77% Upside Gains,https://news.google.com/read/CBMivgFBVV95cUxNTjl5VmhvWEhvYV90OEtwS0liR3ZqV2YxLTFhUHhGbTg0a2lETVJqU0pfSDhhNXVYSGZtQTZzRDYzV0NKOURCdWZSb05KWDZHSGswTUhadndUMW8yaVZHMWVUSVZVcWxybElzZ05UcENHNlJkdGdhRFJhNE1RZ2tXdTdoelBWcGlYZmlwNlpkNnIySjNPRnRxYXNxblF0Rl9fQ2VRb2dYSmY3eE50b19qdm1INXIybDRpYmwybWNR?hl=en-US&gl=US&ceid=US%3Aen,streetwisereports.com,17 hours ago,📋 Drone Regulation,https://news.google.com/api/attachments/CC8iK0NnNXJUV2RRWlROc1FuTklaRmhvVFJDckF4aUFCU2dLTWdZQjBJSnR4UVE=-w200-h112-p-df-rw,2025-09-10T06:40:27.586470
Panic in Germany as Russian spy drones fly over - but army not allowed to shoot them down,https://news.google.com/read/CBMi-wJBVV95cUxOZ25oT2RXZDlhYkpKUkNhYnN6eXFtUFVpbkZjLVdxaERKTmp5RWszMVRrTnlmUWpJWVpveFlDS0tRdjNWMThrUXV4Z29ZZWRjcEdfaTdxU2dmbVN5Wk84WlEwdGhzQXJoVV9fTzZscVlzbkJ1bkVGZllTSW9KWk1PbldFN010YWliUEhldzQyTV9OdjMycWJaUEFJVHhGRTdsWkdkdTNYdnJTRERON0NQMFFteERCRFdEazlkM3hDQzJPbFFNQVZ6VVpwSWdBRDNwazdMNzV3TXpaemxrYjROd0w1MzVfOGNmQVVud0hoRjZaTlprdkpaeS1IY2kxWjRZaE1xQUc2aGFMWWE2Mml4dGhFUC1zYUJ5a0R6N0c2MmNTRWg0ODRWM3lzaFI1RWxMVXlPZElWTDh6M1VFdTV2ZHRMZU1qQ0t5WC13bk9aakptUnRPc2NxVFFIWUV2enNpZHlZMHBSNzJmWkljQTh1bVY2ckcxbWV1WU1j?hl=en-US&gl=US&ceid=US%3Aen,MSN,15 hours ago,📋 Drone Regulation,https://news.google.com/api/attachments/CC8iK0NnNWpablJSZVRkTlRUWmtNVFkwVFJDWUF4ak9CQ2dLTWdhbE00cXNuUWc=-w200-h112-p-df-rw,2025-09-10T06:40:27.586472
Apple's iPhone 17 Amidst Trade Tariff Trials,https://news.google.com/read/CBMipgFBVV95cUxPdGhSa1RHc25PUVZiN1RaUF9sQ2YybzdPaGlOZWNzajZobVpwUXQ3R3lnX1FGX3Fma3Rhc3FnaElVVHNkSS1CZUp6ZzdINjRWTGhFbWR1YU5ZTGNINVdxb0NQeFFIamc2T0o0R3FnaDVuel9ZLUd3NkFJOUNYWFF0S0ktY09qRHZzMHhmbm9QdThKRVhQQzRiMWhOR1d2WXV5MmN6RnJB0gGmAUFVX3lxTE90aFJrVEdzbk9RVmI3VFpQX2xDZjJvN09oaU5lY3NqNmhtWnBRdDdHeWdfUUZfcWZrdGFzcWdoSVVUc2RJLUJlSnpnN0g2NFZMaEVtZHVhTllMY0g1V3FvQ1B4UUhqZzZPSjRHcWdoNW56X1ktR3c2QUk5Q1hYUXRLSS1jT2pEdnMweGZub1B1OEpFWFBDNGIxaE5HV3ZZdXkyY3pGckE?hl=en-US&gl=US&ceid=US%3Aen,Devdiscourse,12 hours ago,📋 Drone Regulation,https://news.google.com/api/attachments/CC8iK0NnNWlhRE5mYTNOemRYUjVWSE5vVFJDcUJCaXFCQ2dLTWdZQmNJQXQxUUU=-w200-h112-p-df-rw,2025-09-10T06:40:27.586474
Cleared for Takeoff: Arizona’s Flight Path to Advanced Air Mobility,https://news.google.com/read/CBMihgFBVV95cUxOS1VpUUQ2V0JoNWQ2cnFTcHhrZTdGZWpHNUhFbDlkdEVsT3hiSE5LeWtudnFtejl5N3d0aGV2X204RUhDMmlSUG9CdS1lYjJaWmlydndIU0p1N2V1S0VpMTZsaURpcUo3WmFlYzdKMkgySV9JZngtdHZyZzlWaDVnLUJZaWgzUQ?hl=en-US&gl=US&ceid=US%3Aen,JD Supra,14 hours ago,📋 FAA Drone,https://news.google.com/api/attachments/CC8iKkNnNVJkamQ1ZFdoVlRGSmFjbWd4VFJCOUdMd0ZLQW95Qm9GNmtFTXJCdw=-w200-h112-p-df-rw,2025-09-10T06:40:27.586476
FAA extends ban on US commercial flights to Haiti’s capital because of risk from gangs,https://news.google.com/read/CBMikAJBVV95cUxQckpCR0NZTGFQU2FnNEtyaXlUaW4wRm52eEtLTENJNzVCUjFGZ1k3ZllUZGhkOExSY2JUM1hKOU5RUDJJMXdmR0ZPbHVpTFMwV2FJbXJ2SXZRb2VMV0RtS2pJdy00aGZoZi1DQVp4dHhlekNpZ3JYQUJFUDR2Q04zVC1HcTNMWC1WdWdtV1dNUk1zbjVnSmlVWVRzYmJTTlphOGFURndIczlnSHNQekJpdVhEV3V0QnZuQmNLOVBTSy04RGZvZXdDUmhtaElUblpha1VfcDUwMXRVaXhac09SU0RDOC1vQ0JCZWRMYlVCY1d3R0RPVzVRTU5IU3QwcENuWW9iUW5ORU5xM3NVc1BvatIBlgJBVV95cUxOSFJSLTFBSTNfTXNWNWs2amFxdjItaHF0clVlN0RjLVJmYVZVYU1oNXI3dG9IT0YtVXdRZzBKS0dBRVlLYVY2Y0k2Q2psYnk3dkh1ZE1hdnByTVVDbWxyZjZIZ25vQThjREc5MGxmcHhiWENZc2t2dmZXV1NUQ0RwbmJDdXYzNGpMUGQ2Snc2Z1ZYY2NGd0FZaHhmc1BYUWRjUV9Ud2xWeXhSVHRIME9tZDhzZEpBX0RrVWVweU9ycHNOSW52c2NvMV9Xb2t1aFd0bmFsVW5JaTVPbC1yWlQzTkU2Wms1VWN4WWotVFFmRno0OExmZDNad1dLMkhHRC1Va1c0ZmtIN0kxcm5Ydm41X1ZRUE9qZw?hl=en-US&gl=US&ceid=US%3Aen,The Miami Times,15 hours ago,📋 FAA Drone,https://news.google.com/api/attachments/CC8iK0NnNW1SVVZLY1RoVVRuVXhXVXhqVFJDcUJCaXFCQ2dLTWdZQk1JenVtUW8=-w200-h112-p-df-rw,2025-09-10T06:40:27.586477
Poland downs Russian drones in first direct clash of Ukraine war on NATO territory,https://news.google.com/read/CBMiuAFBVV95cUxPYTQ0aUM0ODhmc0ZIb04wOHRubV90WGlwMlVNYVVXWkJ5Y1RUUWFQd3ZJNDQ2Mkp6WWt6YnZmaHNuYy1lMEZwSUJtS2tCWWNyS0trSUVPQXk5VVRRc2JIanpkY0tWSnFfa054cmtQNDEyWmdsWEVHOFROZ0tmd1NYRHBuWDBDSDBDM3Z3RDhUNEtUYnFvYjVuWV9nUXNZM1dJbG5wOFJzNXB3X3lwNjNvdUVqUDJmcEUt?hl=en-US&gl=US&ceid=US%3Aen,Cyprus Mail,1 hour ago,📋 FAA Drone,https://news.google.com/api/attachments/CC8iK0NnNVRjRmw2UmxsNmJWWktRMmM1VFJET0F4aVhCU2dLTWdhSklvSm5QZ1k=-w200-h112-p-df-rw,2025-09-10T06:40:27.586479
"Draganfly completed operational demonstrations of Commander 3XL, Flex FPV drones",https://news.google.com/read/CBMixwFBVV95cUxOU3RuRDJMUHc2ajZPMGVRemdGZVRhdlBrcWhYMFNLdDZCcWdpVWlPa05CUWQ4Zm9PY2ZpMkQyNjQtbkZjd3J3UW81Z0hnRGtkeS1LZi1pcjkyS2ZuWHVtd0FxbHBJck1DVV8wVXdITG9xeHp0TFhmTmxQVThfQjRuRzV1WHo5QU9sbGpHcGVfZkc2MEhKZjJ3RUgzZEVZUXVjaGtVWl80cktPSldJeUxIZGFMNmFzSGVVNmRhY3pZZ3ZlR1NOU3cw?hl=en-US&gl=US&ceid=US%3Aen,MSN,4 hours ago,🎮 FPV Drones,"https://encrypted-tbn2.gstatic.com/faviconV2?url=https://www.msn.com&client=NEWS_360&size=96&type=FAVICON&fallback_opts=TYPE,SIZE,URL",2025-09-10T06:40:27.586481
Ukraine weighs lifting arms-export ban to make drones in Europe,https://news.google.com/read/CBMiuAFBVV95cUxQblJEVXBpdTVuQ3k2NlF1S2NfRHlYdFpTcWZvN1o1N0pzUFhXWExlcEpJSWsyOTZuWkhIbzZNNS1Yc3k3dWxabU5uMXZlVmd4VFRFOVNCSmhIV3l1SVl6MzJSX3hMcXBGTUhfeXBRUmJtZ0xoNUEtMi0tM29vZVJMczVDLU5uY2pGak9Wb3hhbUZHUjhYNjNJOUc2M0txUnc2UjVEZnpuOVFzMENBSXNMel9jcndDVDAt?hl=en-US&gl=US&ceid=US%3Aen,Defense News,18 hours ago,🎮 FPV Drones,https://news.google.com/api/attachments/CC8iK0NnNVBXVTVsVEhKWFRXUk1UMjVyVFJEUUF4aVZCU2dLTWdhaE1vNFRtUWs=-w200-h112-p-df-rw,2025-09-10T06:40:27.586483
Ukrainian soldier crawled for days through drone kill-zone,https://news.google.com/read/CBMijgFBVV95cUxPU3dVOWdTNW9oS3RiNWUyWXREU0xPX21ySkppQXZEa2UwbnY5UkRIU1U1MUJ3ZjVDZHlZTVhjamtvX0MwTkRWN01Ec3drVTA4ZHVQc3lTekhwZ0JhUWNITHRCOHhlQTRfOWZydUo2N0VJbmZZYk9WNHhKWVZRZ0V4eGdLSjJEZHNaQ3JYX253?hl=en-US&gl=US&ceid=US%3Aen,yahoo.com,16 hours ago,🎮 FPV Drones,https://news.google.com/api/attachments/CC8iI0NnNVNRbFpMY0VoaWNFZFZhR2RGVFJDZkF4ampCU2dLTWdB=-w200-h112-p-df-rw,2025-09-10T06:40:27.586485
Ukraine’s FPV drone problem: How it can be solved,https://news.google.com/read/CBMilwFBVV95cUxNellsbHpQRmVIZDBtWS11UVpXRHVJRkNrQlJnUmthMGtQZDdsVnBtWmMtcjRvTXZvSlVhazg3RG5OQk1VeTd1aWtuWXpCUUk5OXMtTDRxSUZadVBoSF8yeFEydTR3cTFEOWhaaGZXVmxOZTFEUnM2dm5xU3o5Y3BIQnZpNzVMN1haTVBYd1lmeExFNVU0WXk00gGcAUFVX3lxTFBqRFNpMjFpNnE0Z1lMdFN2Vmt4elRQTlhELTEzbDRNT1RaSl84bmxGU3pYYzc3MHMtaWE1Y3NDNjAwMzMzN0RsWDBXOS1wcGJ5V3hCeWlBandLN0VvSVhaZksyb1RWbTg5c1RCTXg2aUNIUkNmUVJCLTlzbFlMTEtobG9HbklFYUh4b3R2dEtTbzY0NnotdVdfd3NzdA?hl=en-US&gl=US&ceid=US%3Aen,Espreso.tv,13 hours ago,🎮 FPV Drones,https://news.google.com/api/attachments/CC8iL0NnNDRUbEpQVmpOb1kyNW9PVnAzVFJDcEF4aTJCQ2dLTWdrQkFJQnNvZUhBN1FF=-w200-h112-p-df-rw,2025-09-10T06:40:27.586487
"Russian army strikes Kostiantynivka with drones, artillery, and missiles, five wounded",https://news.google.com/read/CBMizgFBVV95cUxPSnVfdTBfQkEyNllzSzhSSlhkYjhtVG15bzNYVVJ4dmU0c1VUclE0Y1dvbzVuWTkyZUY4R1YxZlFoZjhHcXl0d1kzMjZoSHZzU1d0VkNNczAtb1c3TGc4d2R1VDluVWVId21pb05VRmJCZXBZZ2loenk1djJVWFFCM2xkRkdKUWpVN1lpTGJVMGNGVHRWdDBWQjFWcnNQaVVIRjd1dWxKbzNEVnZzNVl6NnczQzNYcWxsd1BRTnhHNFpxVjI1SldtWXN4cExCQdIB0wFBVV95cUxNcEtiX0VUQm1fdllBRnZaT3MwWGJpcXZpQkZ0VFR1eWQ3TkdrS3RZMXd3THdxRjc2OXFEclhLNllFTHpfWDU0bTVfVHRLN1U1TDhnZ2ltZHBMaGZNOWpHM0dsdk80eVNIaWF1NlZQb0NMTW5PME1nbUFEMU9aVm9FTTNLX1B0b1FEeFdMaVJCSVJyX0JXYy0yNkZzajJxMEt5SjNaT1JDazZrbEZ5RlRWcmljYU9TbjBucjBWcjVmMGZaSXZRQmhkVEVzR1VqcTM3V2tn?hl=en-US&gl=US&ceid=US%3Aen,Ukrinform,16 hours ago,🎮 FPV Drones,https://news.google.com/api/attachments/CC8iK0NnNHdZakJEY0ZkWldrRmtjVEV5VFJEb0FoajJCQ2dLTWdZQmNveXZNUWc=-w200-h112-p-df-rw,2025-09-10T06:40:27.586488
Ukraine now has an entire unit dedicated to fighting Russia with ground assault robots,https://news.google.com/read/CBMid0FVX3lxTE1XNFNFQi1veWhKWGNRT0tZZ3lvTnVDVmVpNmZiQ09nOGM0cS1URENybF9tTVlOTkdERU81aXFUQzMtYXJMNU1fNmFxUnlhbVRVRm50Njk3RFB4ak9HSHdMXzVJSkxuT0xRZDJwUnZYUWRmdF9fTUFJ?hl=en-US&gl=US&ceid=US%3Aen,AOL.com,14 hours ago,🎮 FPV Drones,https://news.google.com/api/attachments/CC8iL0NnNWpTSGc0YUZWc1JFYzBSbVpQVFJEWUFoaUFCU2dLTWdtSlVvZ3h5U09xS1FJ=-w200-h112-p-df-rw,2025-09-10T06:40:27.586490
Ukraine Officer Warns of Russia’s New «Sleeping Drone» Tactic,https://news.google.com/read/CBMinwFBVV95cUxQOXNnZmhEa2dRUUZHcDNod3dobEl3UzhyOGl0TXJ1UVNldGxEdERfeU5DWUY4cHp5b3MxV3JtOWtWajFWSnFhcGVXM0xWMEFWQ2hxTFBCSURaa2puTFpicmVFc3N3OVVUQVZja3hMc2dQUzh5cjg4UkFlbGJ5dHN6RFpfVGVDdHFfaWU1eVpQTU5lc29kbG0wejV1eXdOMFnSAaMBQVVfeXFMT1Rvb2hrV2Q0X0FBWEZWV0laR3EwR05uQ0c3c3Q3c2dXRTdjNEJFajdkNVRla0ZGck5jUjNlZlF2STkxclRVcHl1d1pzY0ZaanoxY0NXUkhRcGczdUhSOFRlUF84X1ZWaEtPcFdyY0l3QUZEbFRfQzY2TUJvLWEzTE5fcEVKR2k5M2U5S1VjMTlsSDRlazhQSU9odUF3OHdjeEUxQQ?hl=en-US&gl=US&ceid=US%3Aen,Военное дело,23 hours ago,🎮 FPV Drones,https://news.google.com/api/attachments/CC8iK0NnNVJTMVpEV25SUmRYaFdhMU4wVFJDZkF4ampCU2dLTWdZZFlab09xUWc=-w200-h112-p-df-rw,2025-09-10T06:40:27.586492
Ukrainian Drone Interceptors Strengthen Kharkiv Defense,https://news.google.com/read/CBMijAFBVV95cUxPNndVNFBJUTVnYUllbXJsMnltNmxiUVV3aGk1ZTlyV1BYNHI0WEFzNlhXazR0Z3pwTFlqSGg4dDBBWE5MdnBTM0toN0dBYTJCY010MEI1Z2ZOamRaQlRsM0lVekx6TjFLZDBaN3RiU0tWUUxLa1EtbjNOcmdXZjF4bFFiTEl6b2NuTFZLTA?hl=en-US&gl=US&ceid=US%3Aen,Букви,12 hours ago,🎮 FPV Drones,https://news.google.com/api/attachments/CC8iK0NnNWtkRVZCZGxCMFJXeDRNR0pPVFJDUUF4al9CU2dLTWdhVmc1VEpzUWM=-w200-h112-p-df-rw,2025-09-10T06:40:27.586494
"Meet Clarity: Ukrainian AI to Hunt Russian Forces in Seconds, Not Hours",https://news.google.com/read/CBMiswFBVV95cUxNUmZvYUVaYjVwSDAxU0NyRlo0YVpOLWJLNkxvV21xbU8wdExvbVRpMFB5a1NyTjhCN1JzM193NE52Wk9EMTBaV2poMHBUMG9pcDlOX3BZN0s3bm5vLUo5NFhabnNiQjFiRzJWQlgtX2pnOU5aOEdMX2JiakptbDFxSm9Idkd6R25qa21yMjJuVFUweldJWXUxZFk0MmtDTWlXZE1BdjVFM0tJOThhN05jQTZWTQ?hl=en-US&gl=US&ceid=US%3Aen,UNITED24 Media,20 hours ago,🎮 FPV Drones,https://news.google.com/api/attachments/CC8iK0NnNXRSVmhxYUhkclNqZE9jV1pGVFJERUF4aW1CU2dLTWdhNWdvZ1RzUVk=-w200-h112-p-df-rw,2025-09-10T06:40:27.586496
Ministry of Defense receives quadcopters from DRC to enhance mine clearance quality control,https://news.google.com/read/CBMi1wFBVV95cUxNQXl6TkJzLUdVQms0NHo5LWx1aVRMdGZJLTRRemFiWmJiMm9UMVZfbzl2MHhrY3RLYTc4enZzODhqZDlHLW0zYXMtLU01WWJtWTFuOUktbFo0bU96LU5wQXZGLUNMVXlPb09Fc25QbWRnXzZpczNCaG85dTNSQnNuLWhva1ZsSlI0S05fQklyd1h4VTFkbTRWeWp6RVVUSlpZMTNXWGZkZWwwdlk4aUpxZ3NITmNpamJaOHNTanNyNU1FQ1VXbzN0Wld5RmRWaklhTVVMemZEQdIB3AFBVV95cUxQTlV5T3g1WDVzZW5DcEh4cEFUVmtYSGgxZkFfRUprQ1hsMDI2UWwtNVdsTlA3QktiR3RmOU9ESHNtTnlmVGZReHFmNjRaX3c3MWJ2NkpPaVBvbzJYMTBlMGxzYlFPV0ZiNjJIZ0prc2lyYUtBeC1Cb1JkSWwyTV9Fb0FWVHNNNU5HYzYxS1pCRW5lUXN2NHdWeHRmT0xNY0ZVNEQxRG40dGhaSG4zOWplN2FZdm5NS0hoYUJLZnNpUy1EYjN3ZVhVUnFkTElpMjZDWXJzeWwzS25tbzBq?hl=en-US&gl=US&ceid=US%3Aen,Ukrinform,9 hours ago,🚁 Quadcopters,https://news.google.com/api/attachments/CC8iMkNnNW5ha3hVTkdWeVkyeGZUWFJmVFJEb0FoajJCQ2dLTWdzQmdJWjR1T1o2N1NuMGdn=-w200-h112-p-df-rw,2025-09-10T06:40:27.586498
"China's big weapons flex in Beijing shows it's gearing up for an uncrewed and electronic warfare fight, but that's not all",https://news.google.com/read/CBMi_wFBVV95cUxOaHRJQnpaYnBtbWF6RXBBQVZWeENMLWI2U0tpZmthOXo0dVpIdktKQzBUVEdZZVZNNFpnRVBjeTBfRlZ2dDhvTU5uZG5DbFZfeTVBcXJOdzBCdkxzbENYaXItX1RIWGIzVENXME4teC1Pam5rOHNSelFVX1gtZDk1VTE4a205WmZFWmVWMGs5T0RqVHJPRUM5QXF5bkt1aDhBOENaWUs2QVplMDRMbjlqbXZxYlhzakJpc2R5LURFQTdKWFZmdUlmY1pfQXViQTF6Ykx1WTY4ckt0bWtmNlIzWEJRYjhEQjJTWHJIQ3U4bHZKVUVyX3hIcE9GVk4xRnM?hl=en-US&gl=US&ceid=US%3Aen,MSN,19 hours ago,🚁 Quadcopters,https://news.google.com/api/attachments/CC8iJ0NnNTZPVWsyWkhKc1NUSm9jVmc1VFJEVEF4aVFCU2dLTWdNQndBdw=-w200-h112-p-df-rw,2025-09-10T06:40:27.586499
"DSEI 2025 - SkyCarrier™, an autonomous UAS launch and recovery platform by Teledyne FLIR Defense",https://news.google.com/read/CBMiuwFBVV95cUxNU3Z1RmtPUS1TZi1fdlNpWDhSQ0JXc2J1ZnMzZU5oN3A4eXRKR21XZEFWUjl3a0x2djJKNERPanBrNGpwWVBaNE1oa1VRb0pxUEZ1NWlwSkNLVUVyZmNPVV9oME9SY080V0xYcnQwSWpvT21KZDFEd2JzUFJyY1FnbWhNOWdKQlpEb1k1WmJRZFBISGdtYjRFa0diZlA2LXhqMmFPTG1hNWpQRzkwb0F3S0NHUXFxNFI1MHRB?hl=en-US&gl=US&ceid=US%3Aen,EDR Magazine,9 hours ago,🚁 Quadcopters,https://news.google.com/api/attachments/CC8iI0NnNUpOMkZoU25CdlVqRkhNekkzVFJERUF4aW1CU2dLTWdB=-w200-h112-p-df-rw,2025-09-10T06:40:27.586501
Teledyne FLIR Defense Unveils SkyCarrier™ Autonomous UAS Launch and Recovery Platform at DSEI in London,https://news.google.com/read/CBMiwgFBVV95cUxOdHVUX2hmRmtjOHA5bHQ1bzRvQkVzY3VLdUROWTJkWW9xbzFLMDNMaWxxdkRFZV9Qb0FjMXdEMjdpOFRSYnVmd3VZdnZUQW9qM0ZkVGtMR3Itd2t0MERtWFNGN0xITTV4YTdoX3RjUGJwam85R3c4YU4yX0huZUJ6TFNZMFBvWEZTQXNFU2E5cUFNN25sSUJadGJCT2NiZ3ZUQnVJOVRnem5uZGZJbER1YnVjSnlHQlJreENUQ21CRnM5QQ?hl=en-US&gl=US&ceid=US%3Aen,01net,21 hours ago,🚁 Quadcopters,https://news.google.com/api/attachments/CC8iK0NnNUphSEIxUlhoaWVtZEZibUp6VFJDZkF4ampCU2dLTWdhQmNaTHpMQWc=-w200-h112-p-df-rw,2025-09-10T06:40:27.586503
Mexican cartel was taught drone warfare in Ukraine media,https://news.google.com/read/CBMioAFBVV95cUxNbzExcVUwdzY5U2pPZjMwRFlGcW9hNmRZMlFVQTh6YXRrRVlzLTdsMnE0OExyTGdqb1hzcy00M3o0YjZFQzJibXhPaVV4ekVLYUsyc2k2aEZMV082NktEUlZTYTU0a1ZpMnV5ZnVkczNDb3JkcWRQN1NTa0FQQTZjZTRsbW1TZTNvRk9aNjFTd2RnQlUwTzBoT1lOY2xtUTFk?hl=en-US&gl=US&ceid=US%3Aen,malaysiasun.com,22 hours ago,🚁 Quadcopters,https://news.google.com/api/attachments/CC8iK0NnNVdUV3BYYlZSa1gwOXRNazlSVFJDM0FSaVRBaWdCTWdZQm9JNGlzd1k=-w200-h112-p-df-rw,2025-09-10T06:40:27.586505
China Unveils New Drones and Advanced Warfare Systems in Military Parade,https://news.google.com/read/CBMioAFBVV95cUxNVUVvUGtJRnY4eVpWYXRYdndDSGZjOXdhOVpjOUduSU5tUEhqcFdHczAyY1ktNTByOVFTOFJxalBweFNRUU5PWjJBY1E5MW9uTTljTzgxcVU5NzMtUVJ6ZVlHejNvVWJyUWRBaWhhQVhES1BwTFBvdDJlamR2c2l4b09WR3RnLVJPX2pCdzVpSWNEaUw4MEFlYjVwUUhjVi1p?hl=en-US&gl=US&ceid=US%3Aen,SSBCrack,19 hours ago,🚁 Quadcopters,https://news.google.com/api/attachments/CC8iJ0NnNXZVMnRJZDBneWRXVkRWMmxaVFJDSEF4aVBCaWdLTWdNQmNBNA=-w200-h112-p-df-rw,2025-09-10T06:40:27.586507
DSEI 2025: STRIX British Drone Merging Precision Strike with Extended ISR Capabilities,https://news.google.com/read/CBMizgFBVV95cUxQODkxVXlpQmI5WHpIMldqVjE1eUdSWnM1TUJnSmFXcEF0MDJ5VEUweXdyWWhCQ1V1V0d0WE5CbC14SmRaa2dKbWd3dlpsdVF3RmRRRlI1T3ZHYzJRZWFtNDdNR3BvZnYxREktZW1PNzlpemwtTURvWjN0NEJZX05qak5vMjVjZ3F5blpsVzQzZWFOYUZxX2hvb1N1YmlrNFYyektiaEMydjNjRFlpNlpubGNuN1NPRHRRZkhfTS1PV044eEVLM1R2U2w0NEU4dw?hl=en-US&gl=US&ceid=US%3Aen,Army Recognition,15 hours ago,🚁 VTOL Drones,https://news.google.com/api/attachments/CC8iK0NnNVVkMHhoYVRka1NFRkRTV28zVFJDM0FSaVRBaWdCTWdZUk1JcHJMUVU=-w200-h112-p-df-rw,2025-09-10T06:40:27.586508
AI Takes Flight: STARK Valued at $500M As Sequoia Invests In Next-Gen Drones,https://news.google.com/read/CBMixAFBVV95cUxNbVM2R2Fka1VTMkRRaGFZZVJLU0VicVdHcXg5bzBzSE9UMkdiTmVQZlpTbXUzVDBNeHFJVlpjakdKN2lZTUxiTmM5MGpTblk5RXFXZ1BERmZCdjdWWFV1RzlRd3lBQzhXVWlCWEN3M2ItdF9hbE03OE5tVlFBY3pCdUhYZXFNOTBFd3FHc0QzTGwzOEFNeUowcW5BbWxlZEI2a0xGT09vT21LWi1Lb01MSThtVTFjNVJKMzNYY1N5OEItaGVP?hl=en-US&gl=US&ceid=US%3Aen,Benzinga,16 hours ago,🚁 VTOL Drones,https://news.google.com/api/attachments/CC8iL0NnNWxOV0pGVmxVMmVYVnNiRXRMVFJENUFoaTJCQ2dLTWdtQlFwU0NvaWZ3clFF=-w200-h112-p-df-rw,2025-09-10T06:40:27.586510
Look who's making kamikaze drones for Army: Two 20-yr-old engineering students,https://news.google.com/read/CBMijANBVV95cUxNQm00enVrZzZpTHRINDFsM1VpLXRxOEw5dG16cWVqbVdMN3JrYk5mUjZJZm94Nk1BUmFqZHZKN1JaS25PV2YxRlJjMXJJS1dxa0dkVEJndVpJcWpYLTlVME9LSlUtSEFRTTNjZzdHb2FtNFJZaG9meXZCUGlRWFdtVE9FWXFFWThwdGJ4NjZtdXprS0I2YV9kT0lER3gzZ09SQkpCUk5MWk5pdTROT19mR2JjcHBjM3hpOWRVYXdNeVo5M2x0Y3IxbHh5V0NuY09SdW1tM0xPWVNVci1EMTFrenZUc2ZqYzJOMnRMZW9aRVVQd3JqQ1R0aFdTc09qSDNYdDZQcGx4QWVVaEtpNGRucE1oaEVuTllpSXZvQmluczVSc1RQM3Y0Vzk4QzgxbzhpdzZVa2tYWWVJcmpPbW1iemxZbDlHQzVUV3I5ZDBYTXZDa3JNUHFQMnlRU29lS25sSk5FYWh0QjA5MTZFNEdDd2diMkZCc3ZwODJMQ3M4emtPZVFwQnM4RUJ0SVk?hl=en-US&gl=US&ceid=US%3Aen,MSN,16 hours ago,🚁 VTOL Drones,https://news.google.com/api/attachments/CC8iK0NnNVRaRzVmTFdNd2VHbG1Zbm8xVFJDakFoak5CQ2dLTWdhdEZJSndsUW8=-w200-h112-p-df-rw,2025-09-10T06:40:27.586512
Russian spy drones over Germany turn into an even greater threat,https://news.google.com/read/CBMiogFBVV95cUxPVVAwQ1hHbmtWSWNyOXJuanRlcWxERWpzaDdPdnRMaFgxWkdvUVFMVUNRX0xRQ2hoQy11RVVjSjAzb3ZZU2N4RkE5YTlKS19aTml1cjU3NWdJYVNQLW56QUNPTzU0VnpVZ2huemZyend6TnFLTUs3UFRtd1pRa05KeDBJdVZaRWtHX3dBOHB0eXdaR0FFQVZFOGh6aVBkNFVWQ2c?hl=en-US&gl=US&ceid=US%3Aen,Euronews.com,2 hours ago,👁️ Surveillance Drones,https://news.google.com/api/attachments/CC8iI0NnNTVWakJOZEc1dVpEUlVlR05EVFJDZkF4ampCU2dLTWdB=-w200-h112-p-df-rw,2025-09-10T06:40:27.586514
How Weed Surveillance Drones Destroyed the Lives of These Californians,https://news.google.com/read/CBMikwFBVV95cUxNYmpZSlkzNGdIR19OT2FFNlVUTGxheW1jVUk4VnZWVmNUX21MbEdpenFNWTBwVV93TGtRYjhUQWUxS21NeW5wWlVidEpTQUhsQ29CMGphT2FjeUY1Y2xWWTdFOE5VRkhiclRrcUFtSjdwTGZxVi1TRHRpWVQxeGRQdVdaZWdiN3B6aTExMjVNSGFaVDg?hl=en-US&gl=US&ceid=US%3Aen,Reason Magazine,13 hours ago,👁️ Surveillance Drones,https://news.google.com/api/attachments/CC8iK0NnNU1lVzFDWldWNVIzVXdNelJ0VFJDZkF4ampCU2dLTWdZaFY0UXFwZ2M=-w200-h112-p-df-rw,2025-09-10T06:40:27.586516
Blue Cloud Softech Signs LOI to Acquire Defense Tech Firm 3P Vision,https://news.google.com/read/CBMirAFBVV95cUxPRzVtLU1DZWJubF9wckphV240dEtLZGg0a0ZmdHF3cDZDTDhZc3llSUJOaUllZTA3eWoxZGlEQWxtNllBcFlsTGExTEpjazFaUU1DRnZzQW5tY2ZaWC02RW5CaWVnNVZJVHp3WFNtX3Q3ZjJ6a3ZRbzBsb1A2UmZXYzFVTFFLNGhFcTVHUkFDZTIzS05YYmhUMFJYamVFYWdCT0J6WWpUejNwVWhJ0gGsAUFVX3lxTE9HNW0tTUNlYm5sX3BySmFXbjR0S0tkaDRrRmZ0cXdwNkNMOFlzeWVJQk5pSWVlMDd5ajFkaURBbG02WUFwWWxMYTFMSmNrMVpRTUNGdnNBbm1jZlpYLTZFbkJpZWc1VklUendYU21fdDdmMnprdlFvMGxvUDZSZldjMVVMUUs0aEVxNUdSQUNlMjNLTlhiaFQwUlhqZUVhZ0JPQnpZalR6M3BVaEk?hl=en-US&gl=US&ceid=US%3Aen,SME Street,48 minutes ago,👁️ Surveillance Drones,https://news.google.com/api/attachments/CC8iK0NnNVNhV05FYTBGSVR6QjBMVmh3VFJEZ0F4aUFCU2dLTWdhUm9wUUl0UVk=-w200-h112-p-df-rw,2025-09-10T06:40:27.586518
"After drone surveillance, 11 held for drinking & creating public nuisance",https://news.google.com/read/CBMi4wFBVV95cUxQQUxfc1RNWkQ3SC03Q0lMTzdtenRERlBsYXBnemdDV0xtOXlnOGxTdzJqZDAzaDMyNXh4T1pNU0dGRFlFWHpab1VqVEdjeVExX2Z1SksyeFEzN2hNbTFxeXc4OUY2YWNqb29hM1R5M2xUTDMyYVN1aWVuMWYzTkVUWk9WQWFEMWFnV1p6UGhFMGdwRm5wYy1FdlhOY0dhdWtlUmVwZmxIbmJYRWhTVFNib1RkejhvNTdwV2JwTDhiRFBlOHlEU3E5blpSU3pEMVdOSlJ0WnJKNnlsQ1lWem91RUFRUdIB6AFBVV95cUxPeWE1dGM2VkViRkxQdi1TMkNXZDU3YnZNZHZDSXpKYnFldm9WUmg3TWZobl84SDAxVjNHa2JyMzVPSUNoTU1jN25jNjVUMzN5emxoMnpyc1piN0MzZVBldGN3RTViUmF4U00xRWFtNERyVzlHMFlKNHNRODhTTHVYazN3ZGN3MldnbFdXT0htYjl5RlBKV0twMTBrSHQxQ3JKM2lobVlMVEl1ZTRoNnNobDFYZ3FVcTBubnhFdXpSbU5uUGM1U1UzZXgyWHRVWFNvTk9nNmFEbjM5V3NrUGJoNXZ3WXFFbzY4?hl=en-US&gl=US&ceid=US%3Aen,Times of India,16 hours ago,👁️ Surveillance Drones,https://news.google.com/api/attachments/CC8iL0NnNXNXREpJTjBsQ2JWWjJaa1pCVFJDZkF4ampCU2dLTWdrTllvek9wZVZVY0FF=-w200-h112-p-df-rw,2025-09-10T06:40:27.586520
"Rourkela decodes smart policing with AI-enabled drones, facial recognition",https://news.google.com/read/CBMizAFBVV95cUxORF9oeXJxZ2JqT2E4Z3lzc19STnBUb3RORTBrTVNvSUpyT2l1VWdJX2FMVG5sUVpyTVpMUnhlaE1qQlRmMmNZOXI1MXloMktwM1ZWQlFnWWRMVTFOWWt5dXdRcVJKQUJWLV9HeEVWM3k0Y09nVUZxZ2d6ZW5DOVJhNTZCd2JtdXlHaEYxMTVyTy03SWNrQ05ZOXNiekFVZWVLcHRYdUFDYzJRRFRHaS1LanljS01LTEp0U1h0UlloRW1TUG5mcmxTbG9BbUHSAdoBQVVfeXFMT3l1QzZOby1MMjFvbWlJNnRMMGVKNW1lMFNDQlllMW5yMGJRX1A1SDlYMUI3UGY5bHFTc21USldYQ3JoYUg2R1lOME5ib0xyM2l6VE4zZVZiUnFMZk5Cc20zWUZoLTVneGVsaDVzMmdZYWUwSk5VLS05bTNsSVlldHRZSExVVFV1QkZxVXVVY19yN1pvRkY0OE1ZeGk5a0NuWkJ2RnRnRUdEQXhsMlQ1YmlqSUV1enYzRmtZQTQ3N3Z4Vnc3ejRmOGtFa2pPeDFfV1VNMzR2XzRLS2c?hl=en-US&gl=US&ceid=US%3Aen,The New Indian Express,3 hours ago,👁️ Surveillance Drones,https://news.google.com/api/attachments/CC8iK0NnNU9NSGcyVmpCMGNXSmpaSEYwVFJEX0F4alpCQ2dLTWdhQlpaamhxUWc=-w200-h112-p-df-rw,2025-09-10T06:40:27.586521
Revelation That MQ-9 Reapers Are Now Engaging Aerial Targets Comes From UAP Hearing,https://news.google.com/read/CBMiuAFBVV95cUxOUW5scGVOV1JuUzRmUnNOdTI1RnNmMWhLRW0tanhRWEFYUEQ4UHBqQUl0OFZaN0FMcm9sX0s5YXB3anFZeGNOUWc5b0c0RFdBZUxGalRqdGNaRmVwMTlDX2ZKR0pDUjE3ZjRKc2hNVFB0Q0JSZmRxdzdEODJ6SG1hMDNwVzRSYzVSRUJoRGZpWmpEMXdILUdqNDBQREdLTDVDMVBOTnVRVEo5aGFxWVhwVTR2LUxZclBX?hl=en-US&gl=US&ceid=US%3Aen,The War Zone,8 hours ago,🇺🇸 Reaper Drone,https://news.google.com/api/attachments/CC8iK0NnNWtZUzF5TkZjMFlsTjRWRFpSVFJDZkF4ampCU2dLTWdZQkFKRGtDZ3c=-w200-h112-p-df-rw,2025-09-10T06:40:27.586523
Video shown at House UAP hearing appears to show missile fired at object near Yemen,https://news.google.com/read/CBMiuAFBVV95cUxNSlRUNXJuanQ3ZW4wR2g1WEl5OEpLMVFqT0MtdXExcjd2UFFZZUhBenM2Q1dHbjJ4eVVVS0J3RGttWlhTU2FjdFNIZDJSYjl6VlNSUXh1Mk5rakJhRlVFdzRURDJqTk5Fdy1oM1FMc2wyNllQa3JqOHlWZXRzSGdRMjdURGJOa1ZWeUlaQWVlMng0TlhVTDltdmxFM3VWcmJ4ZGt6S1VtOFdYY2VpLU5sM1haWl9YT2tu0gFWQVVfeXFMT1YxRjlNX2Nva0pLd0U0R3ItUzhTV3lWclZ3UWpzSlFnY1NMVExBSlVuLWVISUxWTlZnOXdQZzBRR3FGX0txeFBvd0xpN3Zvank0Z1JfQ0E?hl=en-US&gl=US&ceid=US%3Aen,NBC News,8 hours ago,🇺🇸 Reaper Drone,https://news.google.com/api/attachments/CC8iL0NnNTNUMmRtZERadFozUldha053VFJEaEF4ai1CQ2dLTWdrQnNJNU9PR2ZBVVFF=-w200-h112-p-df-rw,2025-09-10T06:40:27.586525
Congressman shows never-before-seen video at military UFO hearing,https://news.google.com/read/CBMimwFBVV95cUxNRFVBRm45THpkTWRFdk51c04xekVTRnotYzVnSnNyczNCNE0wQnhYZDdDa3dnNDhkNHBHZ3lxQ0dlUjZwY0syMzlFR29Rc0NvY3JxRnV4YkZCejdWQjRjMnROcGp1dlNFMERYTXFxWGJLY19WVHc3SUhVYmZqc2Vsa1Zld1piSHBRczZqZW9pRXVMRGNuSlM3eVl1RdIBoAFBVV95cUxOR0xOdUJSTUpkeXQ3SzgwNXIzSFBtVFgzazZlbV80TkVqUkZfcUFZMDZxd1BRLXEyUGJKT1BfVjJpc0lkOFduQ1lLRkx6YmtDd0VmbkxFU2R6MmhTTExIVWhRTjl0SUV6ZE1CcGozdHZZV2wtZ2k3MHp4R3NzSGtWVE1NLUN1TXk3S2dwQUd4Qnh3czNwM0tiay0yT2VKUE51?hl=en-US&gl=US&ceid=US%3Aen,ABC News,7 hours ago,🇺🇸 Reaper Drone,https://news.google.com/api/attachments/CC8iI0NnNUdPVVZWUzFJellVeDZZM2RHVFJDZkF4ampCU2dLTWdB=-w200-h112-p-df-rw,2025-09-10T06:40:27.586527
Never-before-seen video shows UFO hit by 'hellfire missile' & 'bounce right off',https://news.google.com/read/CBMiiAFBVV95cUxPQjN0c2ZWcDl1ZlMwOW1lYnJFenlLX3dTNWRwMlA5RFNOdE9jV3k4bWJma3dhaVRaNi1iSDJ3RThDaG1hLUlCSkFrUnpRd3c0YktsTGFIYUtnZ0NrRndlb1hLNmdzd2UxZVdscG0yT3A4cW9tNGQzb1hxTndfYjU2TnZtNFBLYmtJ?hl=en-US&gl=US&ceid=US%3Aen,The US Sun,8 hours ago,🇺🇸 Reaper Drone,https://news.google.com/api/attachments/CC8iI0NnNXRXWE53U1dSS2Iwc3hOVWx1VFJDZkF4ampCU2dLTWdB=-w200-h112-p-df-rw,2025-09-10T06:40:27.586529
"Video Shows UFO Get Hit by Hellfire Missile, Continues Flying Unobstructed",https://news.google.com/read/CBMipgFBVV95cUxNV3cteE0tY2pURU5YMW9kMEd1SlZWd1JCaXBMd0FsS3hSdW9UQVpmTWNuZ1lSczRJbGpzMWNLSC1xWm82eEdWRUNCSVZQaUlYSWptemR6TUxYbGZ2amhTeVpqLUtFRXBCMl9KdkcwZ2piYUxIU1JtSHUyTUtNRjZSMXJGRWJ2dkRrNUNlZEVpd2dGR3Q3bWVYdEFrTU9VYi1XelhTdl9R0gGmAUFVX3lxTFBRZ3dRTmpCSFZqdmMtVzhreXRLTXZGNngtWXdnLXA4QkhVaXFzQkJxV2JsQm5kdWRQUWVPY3g0N0tIWW1xb3R1cGhHVFVYcC1JR21WWVRVWnMxWV9OSHptbTM3Z0U1LWlnU2xYV3hMOGp0Nzh5TzFwMjhsLUtJUFZWa1NjWW1KTkg1Yno2SFBoQ2poSXBKUHVSbnEyOEs5aHlrZHlxVXc?hl=en-US&gl=US&ceid=US%3Aen,TMZ,13 hours ago,🇺🇸 Reaper Drone,https://news.google.com/api/attachments/CC8iL0NnNDFVbkJqYkU0NGRtMWlOeTFJVFJEZ0F4aUFCU2dLTWdtQklZaTJGQ3V4aUFJ=-w200-h112-p-df-rw,2025-09-10T06:40:27.586530
Why Britain’s RAF Is Getting a New Drone,https://news.google.com/read/CBMiiwFBVV95cUxOYVU3bWNNV0JxMy1zZUp4ZWZkZDAwQmVuM2JQYzZuODdueTJleDVwQXhxVm5zUzJLWnRZUE5COGxWT2hwVzM0cUtmNUMwVkFXZGxzZ0x0NTc5dnJ5cVI2cFh2SnE3TTRLem5xZUtBdFJMVmlLWWxWdnVVVDdMMmNLMHhoT0lEYVp1MGQ4?hl=en-US&gl=US&ceid=US%3Aen,The National Interest,17 hours ago,🇺🇸 Reaper Drone,https://news.google.com/api/attachments/CC8iK0NnNTJMWEptV201UlQzRnVkVjh0VFJDZkF4ampCU2dLTWdhcFE2QndJUW8=-w200-h112-p-df-rw,2025-09-10T06:40:27.586532
"Congress probes UFOs in hearing on whistleblowers, transparency",https://news.google.com/read/CBMiekFVX3lxTE81aE9jcVgtYWtpUEZzYl9vc3d4R09oQkI1eTdFMG5qcU1qMGkzT3ZjWUtTSEgtdFlDRmJNcncxQllKbnJxZ1dwUW9MOXBOaTQ1ckY2cHJlWWUxNGdYUEg0bEF0Q2ZtSkE0NzlLNVh4SHU4dTA5d1RTNWxR0gF_QVVfeXFMTllJUGQ5U0V4WGhKS0NDZnFRVnR3SzdZendRVnowMWJLbVdQdV9KQzNKbnJDNERNZm13QWFpZWcwal8yM0xacWJlQ1Rpa3BQTy11Wm9Ub3REU09saHR5R0FUNFd6WThaZXREMWdyQkpLTFowVENFTkhzZXNUSlBvYw?hl=en-US&gl=US&ceid=US%3Aen,upi.com,2 hours ago,🇺🇸 Reaper Drone,https://news.google.com/api/attachments/CC8iJ0NnNDFkbEZoVEVzNVdFWkljRWM1VFJENkF4amVCQ2dLTWdNTlJnSQ=-w200-h112-p-df-rw,2025-09-10T06:40:27.586534
"Alongside F-35 stealth fighters, the U.S. is also deploying armed MQ-9 Reaper drones from Puerto Rico for its operations in the Caribbean",https://news.google.com/read/CBMiiwJBVV95cUxOcEFtSTBtZUpPel9EVFBDNFpuMVVaWG8wZ2FqYXRKVVNTdU0xZUNPU1NtOXlJZW1WbXlwTEJtQlRPX1pOQ3RGN29jMzA5Tlptc0c3dDJXdUE2aENrSkRtT3dHN2ttLWJobWlxTlJvV1pBdEppTTg5UC1sX1JXOUpjemc2RnByek5JMGpNX0ZGVUlkOHlmZy0xc3h2NGdOOEdCR0JpcURDR0M5UWUzRlp2NEpsTGlQbXpQYmo5cTNRaEJESlpyRWdjYWctQVdTdTd5OUZURjIzTlpuQ0VvNnllUU14aGMzQW9UOXN5YU9UY2VDVkpjZjF0NXd0bDhudU1CR0VzSDNBTkh6MG8?hl=en-US&gl=US&ceid=US%3Aen,Zona Militar,13 hours ago,🇺🇸 Reaper Drone,https://news.google.com/api/attachments/CC8iK0NnNVVUSEpDY0ZSWGFVdHRWMVF5VFJEUEF4aVdCU2dLTWdZQm80aG1OZ2M=-w200-h112-p-df-rw,2025-09-10T06:40:27.586536
Beat a potential ban with this limited-time offer on the DJI Mini 4K drone at Amazon,https://news.google.com/read/CBMiX0FVX3lxTFBkX3llV3dfdk15TDVDOHdNckVyZmlqTFdIUzZkYllBZm1DWU9UM3NxRkNQMDFXdy1acHVLRGJ6T1lIaGJ5N0ZQVG9pOEpQMmdlaENHY1U3Nmo2blk0M19r?hl=en-US&gl=US&ceid=US%3Aen,Mashable,9 hours ago,🇨🇳 DJI,https://news.google.com/api/attachments/CC8iK0NnNUJaR3BDTFd3eGQyMVNhMFpUVFJDZkF4ampCU2dLTWdZZFU1YU5KUWc=-w200-h112-p-df-rw,2025-09-10T06:40:27.586538
DJI Mic Mini’s $109 Amazon Steal Rocks My World!,https://news.google.com/read/CBMiekFVX3lxTE5kaEdpaW1PX0tCVFJXNFc2TFB2YW9kZDE4bTJNMmtsakNDUkoxMEhoTW9jSkM1RnFZODhRVnhtMWlmVzNWWjVRaXI1b2Izd3NxdVVRTldxa3MtQ01GMGNZc0R0V3RGSnpZYWlxWlU2cHNiSXU0WENGaGRR?hl=en-US&gl=US&ceid=US%3Aen,DroneXL.co,14 hours ago,🇨🇳 DJI,https://news.google.com/api/attachments/CC8iL0NnNURSVWwzV0ZOc2Iyd3RVMGhyVFJEMUFoaTNCaWdLTWdtQkU0cGxwcWFES0FJ=-w200-h112-p-df-rw,2025-09-10T06:40:27.586540
Why the DJI Mini 5 Pro Drone is the Next Best Thing Since Sliced Bread,https://news.google.com/read/CBMif0FVX3lxTE9hb1ZFX3ZRREZoVW0xcFRHWkIyTVNZTC0tbldEcVhOaEFyd3pzYi1QYmhvVlRoNmF0Qm9Ld1pTU2JEVDVka1FrVExGTnFHd3RGa1M3MXVFbUFrMXpabjEyTmVqQWhpNmNCYmYtcUhidU5IdVN0YUJNdjl6WGxHM0U?hl=en-US&gl=US&ceid=US%3Aen,DroneXL.co,6 hours ago,🇨🇳 DJI,https://news.google.com/api/attachments/CC8iK0NnNWZUR2hOUkRCbGRtSmZZVm8zVFJDUUF4ai1CU2dLTWdhQmNaRHpvQWc=-w200-h112-p-df-rw,2025-09-10T06:40:27.586542
The DJI Mic 2 is down to its record-low price at Amazon,https://news.google.com/read/CBMiX0FVX3lxTE4yWHFOQVNNVUhsdnRPUjNoV2xMYm9LYnQ2aXZoV01hZGo4RWpKb2pzTFBTalNWSGIzSFkxT3VyOVo2SV9wSTJvSGhJSDJkbXJrbE1kcjFXYnlKLWtFSEkw?hl=en-US&gl=US&ceid=US%3Aen,Mashable,9 hours ago,🇨🇳 DJI,https://news.google.com/api/attachments/CC8iK0NnNXZMV05JWlhCcFVtTTNSazkyVFJDZkF4amlCU2dLTWdhbFpJaU5MUVU=-w200-h112-p-df-rw,2025-09-10T06:40:27.586543
Upgraded DJI Mini to launch exclusively on LazMall September 25,https://news.google.com/read/CBMi3wFBVV95cUxQU2tiNEJHcjR3c1JKZGRSYi1IeWtYRXJCUFUzWG1kWlBKdnhRcXRNbWFxRnIyUlg5MXNwSlFHVWpCRmZ5MnVnZDBtWlhaSE5vV1Z4aXNENFd4XzVnTmxNem80Yi1SWTVtN2RUOW1WQW1OM2xhTG9XS0N5c1ZlQklSTFRqM3VyOFpFWmZaZnRYLWh5Z2UyaWhLUDU1MFpYeUlRbFVXRjd6c1lJT1hCRktLalo0a3hTNWhaZE0tdl8tMWVSY0R6VlZBamVxMFJBMDRkb2dUWkpZX09GRTd6cDJN?hl=en-US&gl=US&ceid=US%3Aen,MSN,20 hours ago,🇨🇳 DJI,https://news.google.com/api/attachments/CC8iK0NnNW9RMFpvVWtWRWFrbHJVMGQzVFJERkF4aWxCU2dLTWdhSlVZeHFMUVk=-w200-h112-p-df-rw,2025-09-10T06:40:27.586545
The DJI Mic Mini is down to an all-time low price at Amazon,https://news.google.com/read/CBMiY0FVX3lxTE01T0RPTDBWQm53OTFVYkFaYUhzUV9PZUd1RmVSQ1pRWXE2SHpYNkQ2dXdYMmEycEJBWElwRXBVcjlWNTAzWTE1Unl2UFAtV2YxN0kxWUJHYzR3MzZ0WjJ0VXJYWQ?hl=en-US&gl=US&ceid=US%3Aen,Mashable,13 hours ago,🇨🇳 DJI,https://news.google.com/api/attachments/CC8iK0NnNVVSVTlLTVRWV01sRmpiMUZMVFJDZkF4ampCU2dLTWdhZFk0eFBLUWM=-w200-h112-p-df-rw,2025-09-10T06:40:27.586547
"General Atomics, Kepler Test Two-Way Air-to-Space Optical Communications",https://news.google.com/read/CBMijAFBVV95cUxOOWtfN3lxQ0pRNGRfM1NUMXdWaFN6MXYwLVRlRk4zVW5udEphenVrM2lQSXRRdVI1UHdDcHRyb3F2c3RDNWdUOEZkQlZ5YVZHM3hEVVd5dGN4YjVJMUdaaTF5aXVQa09tNFF4TTJVVnJLVjlkSWpuaDQtNEluZU9mbEpaN0RfQkFibnZ1WtIBkgFBVV95cUxNZnExVXc3NGgwbGhTMGx3MDZ2Z1YtVzhaWjNNMnlzMm03V3FNSWpGbWVGMnQ2ZC1JVzAwclhPMURVQWhHSHZoTzF1TndFVXNzWjlxSlBUNV9XdTBESUN6ZkVjeUtsNWNEendsOUllajFqU2xfZkJWQVJSZDBWbTVtZzhQOExndE8xSjJoeXh0dl93QQ?hl=en-US&gl=US&ceid=US%3Aen,The Defense Post,21 hours ago,🇺🇸 General Atomics,https://news.google.com/api/attachments/CC8iK0NnNUhTSGxoYzE5WlpXOHRTRmROVFJDZkF4ampCU2dLTWdZRkVZUUt2UU0=-w200-h112-p-df-rw,2025-09-10T06:40:27.586548
"""Aircraft Just Connected to Satellite Using Laser Beams"": General Atomics Achieves One Gigabit Data Transfer Rate at 3,417 Miles",https://news.google.com/read/CBMi-AFBVV95cUxPR2tUT3Q0czRtRkZoUHA2RW8xTVpYUkczSXBySFYzem5DMVNXZ202VE9RVzZ3dDJSbnJwZUtybnhnNzV6WHZhU0hzWGJOekxFTnNvVkRha3huSmNhMXFnSk9qTTFuTXFHN001NkJSdUNkX2NhZFFpd1J6dHpsSVpWT2RTNE5OaDhnR3NzdEhfT0RKRG44alR4d0t0NC00b2ctcnRRMTV1S0pPWC1NZW5uT3RWZkVmTUJGczk2bDhyZTZ4WkNSWEVzWE5aM3JIVGVtQ3QzVG5sX0NFRkNxUE44cjBmQTItS2VZeXh1eHlOSUNlNTVCaUdxQw?hl=en-US&gl=US&ceid=US%3Aen,Rude Baguette,19 hours ago,🇺🇸 General Atomics,https://news.google.com/api/attachments/CC8iK0NnNHRjbFJ4UjA5clExY3djV28xVFJDZkF4amtCU2dLTWdZTmtKQm5RZ1k=-w200-h112-p-df-rw,2025-09-10T06:40:27.586550
"World's first laser communication link between a plane and satellite ran at 1 Gbps — 10-watt laser which has a 3,417 mile range and 2.5 Gbps max data rate",https://news.google.com/read/CBMimwJBVV95cUxQU1l1dTJ2TkVVZU5zbUlRNXAxWE9GNHNKRWxkb2h3VHpGM21QQ0F2Y3M5TDUtd2o3TWM0SVlFWEdNNjRZZ2FLazhJUWFhRHZLN0puTzZSdE9FZmlKUFM1SVlqRldndFc4Qmt4VEtabmdOVU9SMkx5MWNEMUZMZGJHRjJmekFudnUxR2xiRzBDOUJnZmVTWjIyd095eVJSOHZEb211VXpmbmNNZzc3TnNGQ1QyVXlCQk1BcHIzbXMwNU5UakFLWmVMUnowejFLNmNmN1J2S2JmSFI0V0x3blZacWlsYWp0Q09YaTVoZjZRTDFMMEw3VnZZQUxoTlBCbHZUamVMMVBfQS01RVVoWi1JZ21RR1lvRnRFQi1v?hl=en-US&gl=US&ceid=US%3Aen,Tom's Hardware,17 hours ago,🇺🇸 General Atomics,https://news.google.com/api/attachments/CC8iK0NnNXZXV3RsYjFkM1VIUlZWbTVaVFJDb0FSaXNBaWdCTWdZQkVZUUt1UU0=-w200-h112-p-df-rw,2025-09-10T06:40:27.586552
Boeing’s MQ-28 “Ghost Bat” Drone Just Completed a Vital Demonstration Test,https://news.google.com/read/CBMiugFBVV95cUxQUEJIQk1nVUwzMU9udHpGQ1NPbkhrN2RXZTlWSnlmMDVTUURrOEhyM3UyalJkZVVYY082REpyUVRNX1VHS205bENJNWJEaEhQTklxZHpJZjlYTE1KdXdhTTBFa0pxUWNqdWpNWEZ3UTlvUHdQWlFEejU3NTNSV05fWHFXREhQTm9EQUtTTXBSZ0RHWkNiTmIzSjF3ZWUtTm1lV0hSRUdFVC0yb1FSazU1bE1xb0JWeGp6cFE?hl=en-US&gl=US&ceid=US%3Aen,The National Interest,13 hours ago,🇺🇸 General Atomics,https://news.google.com/api/attachments/CC8iK0NnNXJRelZDWlc5Q1FWcFpRVEZzVFJDZkF4ampCU2dLTWdhTmtwQ29OUWM=-w200-h112-p-df-rw,2025-09-10T06:40:27.586554
USAF Arms F-15E Strike Eagle With Counter-Drone Munition in 9 Days,https://news.google.com/read/CBMibkFVX3lxTE9rV1NNUkx6VjVQWGxXaE1IbV9NUllGQWtFa3FNckczdVU5dVB6d2pCS0Rybm1fUWVQNjFiUXlybnE2dmxNUG5mdlRWVndUMjluTjVfckxiaVJvd0hzaDJWeTNrbURqYVI4ZFNkUHp30gFuQVVfeXFMT2tXU01STHpWNVBYbFdoTUhtX01SWUZBa0VrcU1yRzN1VTl1UHp3akJLRHJubV9RZVA2MWJReXJucTZ2bE1QbmZ2VFZWd1QyOW5ONV9yTGJpUm93SHNoMlZ5M2ttRGphUjhkU2RQenc?hl=en-US&gl=US&ceid=US%3Aen,The Defense Post,19 hours ago,🇺🇸 General Atomics,"https://encrypted-tbn3.gstatic.com/faviconV2?url=https://thedefensepost.com&client=NEWS_360&size=96&type=FAVICON&fallback_opts=TYPE,SIZE,URL",2025-09-10T06:40:27.586556
AeroVironment Wins $240M Order for Space Laser Communications Terminals,https://news.google.com/read/CBMihAFBVV95cUxPTkZHWks0QUpSNXloeFh3bmxjVDlxcFF1MlFhSUNfVldwZ25BVXB0MlRHNktLNGt3Tjlsci1MaTNpZ3lYRUp3SnFXSWEwNWhBWXQtakVYcjEyUnhRc0M5QkdUQnE2aExaQXd3bENQcFVqVE42VzhEZElGa0NBbmlFSEJWa3fSAYQBQVVfeXFMT05GR1pLNEFKUjV5aHhYd25sY1Q5cXBRdTJRYUlDX1ZXcGduQVVwdDJURzZLSzRrd045bHItTGkzaWd5WEVKd0pxV0lhMDVoQVl0LWpFWHIxMlJ4UXNDOUJHVEJxNmhMWkF3d2xDUHBValRONlc4RGRJRmtDQW5pRUhCVmt3?hl=en-US&gl=US&ceid=US%3Aen,The Defense Post,17 hours ago,🇺🇸 General Atomics,"https://encrypted-tbn3.gstatic.com/faviconV2?url=https://thedefensepost.com&client=NEWS_360&size=96&type=FAVICON&fallback_opts=TYPE,SIZE,URL",2025-09-10T06:40:27.586557
Attacking these targets could cripple Russia’s war machine: Experts,https://news.google.com/read/CBMiuwFBVV95cUxPajlyOUtnZGtPeUhOaWhSQl9QNHRjSXBibmRMZFBJa2ZpWHdRamlQRWpITjVEaC1zdWNhMThxQXJiTms4RU9sMmVzSFp4eHdDQl9iMGJaTmRGaEFJVGl0MkxRaFFfdlpkOEMtU1oyWEtoLWxVSzlxaGhFVW82bTJhRGhBTlltQ1pMTmFiM1pzN2VUM1dYZ0xJX1RxWlJGY1FVTXFHdmcxVHNJNHhFWU15UEllRnhDaXVIaV9n?hl=en-US&gl=US&ceid=US%3Aen,Defense News,9 hours ago,📰 Defense News,https://news.google.com/api/attachments/CC8iK0NnNHROVUoxU1ZjM1VubEdVWGxPVFJERUF4aW1CU2dLTWdZUkJJaXFGUWs=-w200-h112-p-df-rw,2025-09-10T06:40:27.586559
Israel’s Rafael touts Iron Beam antimissile lasers at DSEI fair,https://news.google.com/read/CBMitwFBVV95cUxOZU1NbVVtR3hMdzhhQU9raG9ycHFOaTJab2NGWnZjZFR5QlBabTVPcmxyTWhHeTV2SGpkLV92OW5XdEwwbnYtb1pRbU5ySjhOeFpaWHBmZjdxNTN2RGdIOWpMYlZ6aEk2bXJXWGRxWFpvdUtMTGZlNklVTE5IQmZhckRNSUUzdXdpb181Y0xUOWh5ckZuSHZfRTNmSHFtZ0ZSMV9hNXBvT216dkJOa2NXdUpLY2k4N1U?hl=en-US&gl=US&ceid=US%3Aen,Defense News,17 hours ago,📰 Defense News,https://news.google.com/api/attachments/CC8iK0NnNTJaMUJ4V1hRNGRsOUdlREpGVFJEZ0F4aUFCU2dLTWdZQlFJaHF0QVE=-w200-h112-p-df-rw,2025-09-10T06:40:27.586561
"Vendors team up on sensors, comms systems for GCAP next-gen fighter",https://news.google.com/read/CBMivAFBVV95cUxOaDJPaVUwMHMzX2t2Sm1BdjIzd3ZyUFhGMUJXVmRITHFEWUNCUGFsRUJsRThSMTJrUlJTRTlZVzVZOUZxQmQwX0p6NDFSRXg3Z1lVLWpUQkc2NTA2N25WMldlMTRrcFVhdFctOFRMU0xUZjNBZzJpb3YzMGYweXh5dlhkNy0wMnNUNFpmd2RPdkllYXo4Z25tNzl0NGgyZlJwbTI5WmxUbkpVY3BVRHNobGlHdzN1RzBVX2luZg?hl=en-US&gl=US&ceid=US%3Aen,Defense News,17 hours ago,📰 Defense News,https://news.google.com/api/attachments/CC8iK0NnNTRhVE5aUlRkblduaEhVbXBSVFJERUF4aW5CU2dLTWdZUmtJb3FSZ1E=-w200-h112-p-df-rw,2025-09-10T06:40:27.586563
Finland’s Patria launches light tracked APC as successor to M113,https://news.google.com/read/CBMiuAFBVV95cUxPdlBtOWJGNUp2VTVVRGRiS0REQXk2czhrXzdTaV9Sb1lLb3pHY29DSzVnX1VfemlhX01oX2xJdWN0N1YzaHNITnpHd3duenZJbTY4dGc2c1FtdU9fZjM1dGdoMVFYcFR1aW16NmdXMXdMeVF6N3I1bWdPaHBxZjY0RnVYZEFSa0EzMWNQTGhTUGlDMG5xMnJoYmhYbU5FQUlfOThoYmJxLXhlLVNacjl6VGNxQnhCNVR4?hl=en-US&gl=US&ceid=US%3Aen,Defense News,20 hours ago,📰 Defense News,https://news.google.com/api/attachments/CC8iK0NnNW1kWEpJWmpCeVVrSkJiakpVVFJEQkF4aXJCU2dLTWdhTllaUU1yUWM=-w200-h112-p-df-rw,2025-09-10T06:40:27.586564
US military notified Trump before Israeli strike on Hamas in Doha,https://news.google.com/read/CBMixgFBVV95cUxPdktZclNINzdoWjFCUkNyMmdLWFh4bGZkYzlUVkQ5Z1RmQjNSMVZvUmVJd1I0VzNVT3VNdEluYlhhYnYxVWFsOXJoMUhKOGlnbU1XdXg2Qlc0NzhSbVlDcVhNRV8wR1pzODE0UDBoM0ZGRlh3TWJJOEUwcTJ0SFpWOUIxUEd4YUpUMXpKaHUtdWFKV2x3NW5aS3llX1pHSV9MYWFkUHFLMFkzSk1IbE1QazVfX0hEeS1qNnRQN3pyLXJXSC1tclE?hl=en-US&gl=US&ceid=US%3Aen,Defense News,11 hours ago,📰 Defense News,https://news.google.com/api/attachments/CC8iJ0NnNXlha1pqTTB4dmJYbFdUMEZ0VFJERUF4aW1CU2dLTWdNQmdBSQ=-w200-h112-p-df-rw,2025-09-10T06:40:27.586566
Israeli strike targets Hamas leaders in US-allied Qatar,https://news.google.com/read/CBMiuAFBVV95cUxPX2xob1hMZjVTRkViMDhseFJHZkdIZHJZMmg3UFp3aXcwTHZkQThnaHo0NEx1Tnl6Q080aDZPVUZpSVRJN2t3X3NDbVV4RTZQeXJ5TFRMUlVYVVpjczlwcXo2QUQyTU5VY1kwenZRSzg3eEpkcDRzY2kxX256VlZYWlJjTW1kS0dxeGRkYlhVeGlNTGtFSXROR2p5MjVLaDFfV2ZrOGhNTHVrUEE1OUZkM2N2UGdKZ1NW?hl=en-US&gl=US&ceid=US%3Aen,Defense News,14 hours ago,📰 Defense News,https://news.google.com/api/attachments/CC8iJ0NnNXJZbFZKTVU1YWNEazVZVFV6VFJEWkF4aUlCU2dLTWdNQndBUQ=-w200-h112-p-df-rw,2025-09-10T06:40:27.586568
"DSEI 2025: MARSS Interceptor C-UAS in advanced testing, NATO country evaluating",https://news.google.com/read/CBMiywFBVV95cUxPSFRnMVk2cTBuV0U3RFU5QzRNZ3NVd1NJYnQyM2FwX0tfM0lQdGd6M2Itd2stY3NvN3R0NkRaTXp4YTNCSlc2S0wwdUN0OVNzWjhJenczQUw1ZUg5ZWpiTm15Szk5LWFvSi1VMEQzWHMtN00zMVBNc0xkOHBvVnBQSVB3aUkwYWM0cW51UG9fakhWODZFZlNldDV1cGtfQVlabzI1RnVTVE1xYWQ2azh2Z05NaVNtbEUtNUVTdW41aHBKamtwcHlMMFVaSQ?hl=en-US&gl=US&ceid=US%3Aen,Janes,22 hours ago,📰 Jane's Defence,https://news.google.com/api/attachments/CC8iK0NnNVJTRFUzUTE5SGVGZFdWMU5yVFJEWUJCakNBeWdLTWdZVmNvNHZNUVk=-w200-h112-p-df-rw,2025-09-10T06:40:27.586570
DSEI 2025: Rheinmetall debuts MASS nova shipborne soft-kill system,https://news.google.com/read/CBMivgFBVV95cUxOaG5fMG44NURUNUhRUFhMTjItVnVZZWdBeElHNGdXc1ZhQmJrc0dFUjJQOThyVi15eHFLMkxDM1lhbzI1ME9hcy0zTlJKb1Bzd0RDSXB4TlFhX19RNXN3M05mdVRBMlFxNmF4X01NQndsQ2ZMam9CLVh0UzZCWmhjQWlJZ2xGNXI5WG8wS2thbXAyNExZZy1XRzd3QkVVYUhIbjlJRmtjRFFmNFh2YlREOWpVVWx1V1AwbFp1dXl3?hl=en-US&gl=US&ceid=US%3Aen,Janes,1 hour ago,📰 Jane's Defence,"https://encrypted-tbn0.gstatic.com/faviconV2?url=https://www.janes.com&client=NEWS_360&size=96&type=FAVICON&fallback_opts=TYPE,SIZE,URL",2025-09-10T06:40:27.586572
Latest defence and security news,https://news.google.com/read/CBMisgFBVV95cUxOb29nMFpDR3Z3VG84WnJ0aHZfLVUtUjRneUs3OFhTSGpmbWRsZWJ6NFNUWWRCRWNrQng2cmRlWUhxSmN4TUI5UFpSZUl2c25vZHZIRHJBdTk5VTJJSXdWTVY2M3dWeE5IcVF6UnlhdC1DUnhkUWFja0J2QmdGclpFMjdDMks3ak1GelFDbk8yaDJBN1hXNE1fVUlVNk9fMHE0c1U1N1RjT0hzY19LTC1rNjBB?hl=en-US&gl=US&ceid=US%3Aen,Janes,9 hours ago,📰 Jane's Defence,"https://encrypted-tbn0.gstatic.com/faviconV2?url=https://www.janes.com&client=NEWS_360&size=96&type=FAVICON&fallback_opts=TYPE,SIZE,URL",2025-09-10T06:40:27.586574
MSPO 2025: Poland's WB Group to locally produce Homar-K CGR-080 rockets,https://news.google.com/read/CBMixgFBVV95cUxOYWZYbTc0UHpFRUQ0UHNwc0dSWWw3VVFfWFpMa1ZSb2I4aVlHSEVpTTRuZ1pISHBURDJVVVdZU2hObTdlR2hiYm5neDF0U0R4LUhrY0MwS2xUNXMwVWJxTTdnb1l2MzZYcnpJTWR2RHNiUzRwTndIVUxNVnJKUTVPNExaRzhlQThVam14c1BpMnVUaVdfRW5YYjN6OUVxOXlvVjhwWUlOOUxORloxTnhONGJYRV9GVFdGNnFFamRfNXVfTU83VFE?hl=en-US&gl=US&ceid=US%3Aen,Janes,23 hours ago,📰 Jane's Defence,https://news.google.com/api/attachments/CC8iJ0NnNUtSMlJrY0ZKRVJVeFJlRVpEVFJEWUJCaVdBeWdLTWdNQllBdw=-w200-h112-p-df-rw,2025-09-10T06:40:27.586576
Russian Glide Bomb Attack in Eastern Ukraine Kills at Least 21 People in Line to Receive Pensions,https://news.google.com/read/CBMi0wFBVV95cUxOUU9VaDY0UzB1STk3MzVaeWVwSm10Um9vbld3eHZRWE1zaDBTRFA4TG1EUnhJNHo4Nkdqc2tMbjRRNmo4V2hKYmZPTm9EZGFGMkVCUGpoY3gyYnduQ1NEU3RMZjQ3OUtJckFreTRGWGlWRkdCVEtDOVZsTjRreENZczFCN2x3NzFRTUhYMlJidlZqRmREclJZZTBjaEZYdmpyZ3hyX1d3SGZMcldRYVFNQkxCOHNBVGxhNExvc0hpTkJ5NldHd0x5dEppMjVsQmJkR0k40gHYAUFVX3lxTE9rOVFHUWc3ZFRTNDhRZy0yOXotaWVKRU1FZVFWQ1UyYWFKZlh1WWVMY3p2akdhRHVYSzUxc3N4bnhLTGhWdllSeGZsOU1QemI3dXQtVnhGRGJQOG14aDVEVVhINzhib2NFc3lEYk93eGJQaFZRVmlYNVh2SkRweWFMMlBVX2RXV2ROSFhObkdCS2FYWG13NWNYcC1oY3FnQzZSQUVoVkhvTEZ5WVZjbG14c25mUy1PQW5xYW9xUmFCTmtabDdEdzB6c2l5amNjY2RXeGtQOHRDWg?hl=en-US&gl=US&ceid=US%3Aen,Military.com,16 hours ago,📰 Military.com,https://news.google.com/api/attachments/CC8iL0NnNUNheTB5ZEZCQk5tOXRhbXB4VFJDRkFSaklBU2dLTWdraEJJS04yYUo3YUFJ=-w200-h112-p-df-rw,2025-09-10T06:40:27.586578
US Tech Companies Enabled the Surveillance and Detention of Hundreds of Thousands in China,https://news.google.com/read/CBMi0AFBVV95cUxNaXA1dFU2eUtWYUxJVktWb0lLSmhGbU9oekVjcktoeTR2RThCZ0I4UnFaNWdCbTAtclRaeXpJNEhBVFMtaEhGRHBwdUJQT3FaUzBlSzhFZC1wTkdDZWZlMGgtaUFJbEtEQzEwZEYtQ2hpdHJ5dDRMZ3RGcGJzS0tQeXRUN1Atc3IybHpJLUZQQ19MV3Nqa19vdjdqYnJIRG1wMnVoeWYtWDJHcTFRVFUtcjIybFBzOExmVlE3T1RELVVQYTZtTHZvcW1MeDlBQTZ30gHWAUFVX3lxTFBnNnY4dWVnSXhhNzd2ZUxRNERnZXpNRXBRVkpVX0IzX3hrT2VGR1g5UDd5U1ZrRWRhNmVFUVRLcmpFcWd2cjVnR01uMTg3VW82UEFWbkZQR1Z4TnhhZExNTGd4R3JXaHIxdXMtUEplZU5pcXFpRi1zakhhNDQtejNQSEw4em53TjJQaVFWRHhETXU0bE44ZkZXaG5kOGZSNjcxeFpUdWN2QXQxUnVJSmk0NHhNRnBBRTVJdllFTzNfNlJUZ0xSZXR2UGhnSDhWSlluVzB6U1E?hl=en-US&gl=US&ceid=US%3Aen,Military.com,16 hours ago,📰 Military.com,https://news.google.com/api/attachments/CC8iK0NnNUhRMGhJTWxWQ1ozWldhMnAzVFJDM0FSaVRBaWdCTWdhRm1aRGtzZ1k=-w200-h112-p-df-rw,2025-09-10T06:40:27.586580
"Military and Veteran Benefits, News, Veteran Jobs | Military.com",https://news.google.com/read/CBMiPkFVX3lxTE9DVDJ4UURidnBtTjBaSkxIWWFPSnF6LTlhb0FOTE1JMUV0ZFNCNnBBZTNSN0QtbmZOVzNsX0tR?hl=en-US&gl=US&ceid=US%3Aen,Military.com,"Dec 1, 2010",📰 Military.com,https://news.google.com/api/attachments/CC8iI0NnNWpSMnRHWTFJNFFsZGtXWGw2VFJET0FoajBBeWdLTWdB=-w200-h112-p-df-rw,2025-09-10T06:40:27.586581
"Ferrari Testarossa Returns With 1,036 HP and a Rear Wing From the ’70s",https://news.google.com/read/CBMinwFBVV95cUxQcVREZVJYUjk4NHZjOGVxZmwxRHZYVVhQTzYweHlEaVRKRmdSeUFtb3BhTHZqRDJ2U3RrUjFBZ1A1djhrNGliNW44RUlzbUxTX0NMRG9jYkJiNG9HOWdlc05uY0pPeF9tc1BERWgtYlEyWVNpQUUtV0tIc1RVVC1oaHBCTWtlTjJzbktnc0RnOWc2dHZNZG5lZDFuSUZZbEk?hl=en-US&gl=US&ceid=US%3Aen,The Drive,10 hours ago,📰 The Drive,https://news.google.com/api/attachments/CC8iJ0NnNWlWVkUyZEZveVpVMWFaall0VFJDZkF4ampCU2dLTWdNQm9SSQ=-w200-h112-p-df-rw,2025-09-10T06:40:27.586583
"Poland engages Russian drones in its airspace, urges people to stay indoors",https://news.google.com/read/CBMiywFBVV95cUxQNUxpYWZ0Slp0NTFBcVhHLVlvUkRJT0twaF9SSnBlV0E3X1pKTlFVNDI2Y1lsdFZ2ZjQtckdubGx3VU8xc2pheVNIb1E5UFZVT05kS1pMV19vbUU0VlI3YmZQSjNXRC02N2hYLU03Rm9fczFRWnJIVU1XM1FfUWMwNHpDR0JaSlZ0UDBnYlRwRWJOTHFKUTJHZ0dUdVBUY041bG9PRkM2RUV2VWRHNnFKaWNmRl9hbHpOQTN5SEtLd052alQ5X0hyOFByNA?hl=en-US&gl=US&ceid=US%3Aen,Reuters,4 hours ago,📺 Reuters,"https://encrypted-tbn2.gstatic.com/faviconV2?url=https://www.reuters.com&client=NEWS_360&size=96&type=FAVICON&fallback_opts=TYPE,SIZE,URL",2025-09-10T06:40:27.586585
Ukraine's air force warns that Russian drones entered Poland's airspace,https://news.google.com/read/CBMizAFBVV95cUxNY1gxREhaS3NDY0dXT0tVUTZFVDRRSzJ4ZXFWclVVZmJaTjI0aUZDeVNSMjFEa1ZaVlB2TUF2NlQ3TE1lVFFodS1Ld242ckxJbTVvZWFicXBRcThEOW1tbDQ2SDFhaWV6NXpsVmpnMHNWSGpYcnVPN05PRG04aU9OY1AxSk41TFdLVkdJbWI4Tk0yZG53TmR5VThpSW8yczZQdjJRRkJHWkN4c29qNGtBbHEwN2tES2ZITTR6bDhJbjVXRl9HY1VIZ20tT0M?hl=en-US&gl=US&ceid=US%3Aen,Reuters,7 hours ago,📺 Reuters,"https://encrypted-tbn2.gstatic.com/faviconV2?url=https://www.reuters.com&client=NEWS_360&size=96&type=FAVICON&fallback_opts=TYPE,SIZE,URL",2025-09-10T06:40:27.586587
"Poland shoots down drones in its airspace during Russia’s Ukraine attack, calls violation act of aggression",https://news.google.com/read/CBMi0wFBVV95cUxObmlaSnlfb3hqMFRKemNFUldnR25zNkU3QjJCRmU5NGpGLW1PODQzRnN2b2dHUXZTb2g2SHRUR3ppYUYwZTZjTk5rUXBUVmZTRk93SlJjazdHZ2tNZnpjMjdpeTBZcGtCWHJoeXdRamNRZ2Q2ZHRUOXhINTU2X1J0ckZYamVVTGVCYnlBNFNkOGV5NEpqbmh3MUN1bnJETVl3bXMyc3Q2RVZLdVliaG5wQXI1NWx1RXRQWnJCcFA1QXZ1b1FiU3JudGdiU1praTRXcFdB?hl=en-US&gl=US&ceid=US%3Aen,Reuters,12 minutes ago,📺 Reuters,https://news.google.com/api/attachments/CC8iK0NnNWhOeko1UTI1bFVVbHJOazVoVFJERUF4aW1CU2dLTWdZQllZclVwQWc=-w200-h112-p-df-rw,2025-09-10T06:40:27.586588
"Poland closes key airports following Russian strikes on western Ukraine, US aviation body says",https://news.google.com/read/CBMi2wFBVV95cUxPUzJLOHVxeFZQWXFmUHJrZDNNaWFFV25ITnJ3a3hSZmcwYkJwQWp6XzBPY3FfZ2FFckRvQVkxUjJ2VmtxbkZDM0RNUFQtd3BXSXQ2dW1kazQzTUR1WXZUYldMZGlXRWlKZWdIV0tjLTRwMFctZm1HdHNxdlRlbVJoTGQyM0d1QkR5VXZFSlNCalVNZmNGY200UEhuTWNXV2JSd1gyS2JaNnZlYWtDUnd3NmNMamZDVmcxc2IxaHR2alJzb2dkc2E2cjRNMnphWVJPQm4zeV9Mc3Zhcnc?hl=en-US&gl=US&ceid=US%3Aen,Reuters,4 hours ago,📺 Reuters,"https://encrypted-tbn2.gstatic.com/faviconV2?url=https://www.reuters.com&client=NEWS_360&size=96&type=FAVICON&fallback_opts=TYPE,SIZE,URL",2025-09-10T06:40:27.586590
"Flotilla for Gaza says boat struck by drone at Tunisian port, authorities deny strike",https://news.google.com/read/CBMiywFBVV95cUxOaHo4WWJKYm51UEc3MEJjY0I3LWI1Z0NjRUF3cW1ka2hscFhsd19yWHI2Y3RVbmQ4TVlXUWJhVlVPWGY2SWxJT2phQTgwTjBXYjBrQ0xIUnlxMEJXcGFidjNBNGlqS3ItdkNTWldjamw2Uk5rU2tyQy11Y0F0UXIwdk9IX3F6U0dnOVRid0dVQ253ME05UE5lUmtoZWZsdmR1b3cxcHk4Q2FiYzRKNDhoMU01NjdXZURqSUJVWEREbGlaakQ3TjI3M2dvOA?hl=en-US&gl=US&ceid=US%3Aen,Reuters,18 hours ago,📺 Reuters,https://news.google.com/api/attachments/CC8iK0NnNHRXa2w2YmtoUlJFUnFhWGhPVFJDUUF4ai1CU2dLTWdZdGNJUjFQQVU=-w200-h112-p-df-rw,2025-09-10T06:40:27.586592
'Five days to get out': a Ukrainian soldier's remarkable escape,https://news.google.com/read/CBMiuAFBVV95cUxOa1Q1OEdSQ1ZleUstcFVWS0dRbXM1bUJ0dURCazY4UXc2RmhKam8yRDBBX0dJSVB1cHNPX1N3al9NVkVnb0hvaVA2eTFNWXRpZVBOd05kc1N6M2k1RGNqMDc5azlGOVNMUjNLRTZqajVVM3lJTWhGU05oV2s0WTFMbGJVMFd5eWNGOHlHVlpHZnlkOUI4NlZtSjFTYTI2YkFCd0lkSjlwRzR4UWE4QjhTamhwQVBJUEpE?hl=en-US&gl=US&ceid=US%3Aen,Reuters,15 hours ago,📺 Reuters,https://news.google.com/api/attachments/CC8iK0NnNTFPWGROYjBFemRYRkhTVlE0VFJERUF4aW1CU2dLTWdZQk1KREVJUWc=-w200-h112-p-df-rw,2025-09-10T06:40:27.586594
Using video to investigate reported strike on Gaza-bound flotilla,https://news.google.com/read/CBMiVEFVX3lxTE9kdWR0R29odXdxMkpyRllBblRVN3pCVlV3RmlCZlVXSFpseV9IOUpZRTNsU0M2UWdzcTZ4dk9WaW51R2ZnNzBPNm16WnBxRWw0aXA0Mg?hl=en-US&gl=US&ceid=US%3Aen,BBC,19 hours ago,📺 BBC,https://news.google.com/api/attachments/CC8iK0NnNUxRMWhFTjNrdGVDMUNPRGxhVFJDZkF4ampCU2dLTWdZQkI2cEdqZ3c=-w200-h112-p-df-rw,2025-09-10T06:40:27.586596
"Russian air strikes get deadlier and bigger, hitting Ukraine's very heart",https://news.google.com/read/CBMiWkFVX3lxTFBiZGNQWkdsYjY3cmVJdzBZcDJ2cEFwb0NYYnlxTE1UdzAzWnZWUHM2aVNjOW5qVm56NVJEY2pBU2ZrMDl4VDNJb1pBRG1XY3hEQXN3ZzNFRUdod9IBX0FVX3lxTE1RLUFLREppOU5nSnluampWbmN6aExybFROMkhZWnRuYlNIS2N5S19aMzJWWUVCcDR5U0RsYW9uN2h2QnZZY3B2ZkM4UFJNT0hPb3ZMeVNUN0RxeWZQbFFJ?hl=en-US&gl=US&ceid=US%3Aen,BBC,10 hours ago,📺 BBC,https://news.google.com/api/attachments/CC8iI0NnNU5TbGR5UkhKTE5sVlRNVFZFVFJDZkF4ampCU2dLTWdB=-w200-h112-p-df-rw,2025-09-10T06:40:27.586597
Watch: Missile strikes suspected UFO in newly released video,https://news.google.com/read/CBMiV0FVX3lxTE16eVd3NWoyeFJOZGJXZWlzR0lYVWRaUUd5V3FUTWV1Wmg5X2d4aXRGNm1qMHFZaEtickVxTXA3dmdUbmxvYTZzR1BySTlGVFhCd19OLVJaOA?hl=en-US&gl=US&ceid=US%3Aen,BBC,9 hours ago,📺 BBC,https://news.google.com/api/attachments/CC8iK0NnNWZWVmc1Y1V0emJGcHZlazFTVFJDMEFSakFBaWdLTWdhaFFwS3RJUWs=-w200-h112-p-df-rw,2025-09-10T06:40:27.586599
Ukraine War | Latest News & Updates,https://news.google.com/read/CBMiUEFVX3lxTE5uX2dBMFdQVWd0NFlxOGpsemhkdU9EaURBX2hCUlREQnIzbzUtMlNtTXF3UDZZQzUxT1V0Vks3ZFhWbFU0MUlrUUdWUFVjTWlQ?hl=en-US&gl=US&ceid=US%3Aen,BBC,"Nov 17, 2023",📺 BBC,https://news.google.com/api/attachments/CC8iK0NnNDRXV05yVURKTmMwNW5TMEpzVFJDb0FSaXNBaWdCTWdZSlFvWm1MZ2M=-w200-h112-p-df-rw,2025-09-10T06:40:27.586601
"This drone manufacturer wants to protect Africa’s power, mining and oil assets",https://news.google.com/read/CBMidkFVX3lxTE5qSnFNaEwyNGt2akI5d0h1UjVjMkh5TmR0SUtUNFNLckN1am1GRjJZQ2pqc0VJSzNLN2Fra1ZXNlNLRWk5R0ZzSVBTSkRvUnVkU2pjcDI0RjNWWlozNUoyWDBDb1R2T3V3NHhzcHFQcnBFcC1nSlE?hl=en-US&gl=US&ceid=US%3Aen,CNN,18 hours ago,📺 CNN,https://news.google.com/api/attachments/CC8iK0NnNTJUVW8yY1RSdllVeHZkR290VFJEZ0F4aUFCU2dLTWdZdEpKcVBtUWc=-w200-h112-p-df-rw,2025-09-10T06:40:27.586602
Video shows flotilla struck by incendiary object,https://news.google.com/read/CBMigAFBVV95cUxOYjVIZXluTy1IeTFRM015UG9aR1hCT0o5UFR2cjRuQWZnS3ZqajQzQlhnRVJZMXUxVFc4Rm0wV1lXeEUtdnZSOEsyMkVBS3RnQldBWlZVOG1YUm10Q0NRNmdJb00yQkxBb3J0UHVLZjhHQ2xxQW05VjJFUk1RWUdOSg?hl=en-US&gl=US&ceid=US%3Aen,CNN,16 hours ago,📺 CNN,https://news.google.com/api/attachments/CC8iK0NnNU5XVUp2VjJ3NVUyVm5aRGxxVFJDTkFSajZBU2dLTWdZdEFJQXp2UVU=-w200-h112-p-df-rw,2025-09-10T06:40:27.586604
Israel carries out strike targeting Hamas leadership in Qatar,https://news.google.com/read/CBMifEFVX3lxTE1FblpNcUxNS3drVk1obFJDYVhNdFZKUzhiZDFlOWViSWFCQ3VzakQwVW5LaHdNZjFid3o5VFpmTGU4NEoyWjQ2bXZLeGhzcXhYMUViMktaU3ZLOU15dGkwcUJUalVNcFBiN1h6ME1KZ3dFY1h5LWpwWWRfaGI?hl=en-US&gl=US&ceid=US%3Aen,CNN,17 hours ago,📺 CNN,https://news.google.com/api/attachments/CC8iJ0NnNWFWRUZSTVcxSmRqaEhWRzF5VFJEZ0F4aUFCU2dLTWdNQm9Bdw=-w200-h112-p-df-rw,2025-09-10T06:40:27.586606
Israel carries out attack against Hamas in Doha,https://news.google.com/read/CBMifEFVX3lxTE5SbmhBUkZJWTNrWkhhUS0xNVVzNTFObl9YTUdpMmlRdzY2NDVHblpqdEZsbk9QcHczQVA3M3Z5Z25YN2Y1SnZGUWMzbDdkemNZanczVTlMVFBoclAzQnNCSmdWdHNOQU1KYXNsc2Z6Y0Z1S1REcnZBbUFkQlY?hl=en-US&gl=US&ceid=US%3Aen,CNN,16 hours ago,📺 CNN,https://news.google.com/api/attachments/CC8iJ0NnNUNhMWg2ZVdoT1kwNXRWRkowVFJDZkF4ampCU2dLTWdPQnN3Zw=-w200-h112-p-df-rw,2025-09-10T06:40:27.586607
Ethiopia opens Africa’s largest hydroelectric dam to Egyptian protest,https://news.google.com/read/CBMiiwFBVV95cUxPdFlFQzV4eDFYN3NFTVVCM19IQWZrQzBDcEluSzBIN0xzcEtGVjFXZXE1OGxNZl95U1hmRTgxclA3bGFya3hLU19UaEVHbDMxV0RwbncxZGNBNlo0WS1HUGFLZHNIQVBteVJ5OG9sa1pIZ05lSUdESlFZU3NIT194NG1Kc3RkV3A4X2RB?hl=en-US&gl=US&ceid=US%3Aen,CNN,20 hours ago,📺 CNN,https://news.google.com/api/attachments/CC8iK0NnNXJVVEJzTW5WeE4wSkVWbUpYVFJERUF4aW5CU2dLTWdZSk01U3JIUWM=-w200-h112-p-df-rw,2025-09-10T06:40:27.586609
Passenger jet forced to abort landing at Reagan Washington National Airport due to vehicle on the runway,https://news.google.com/read/CBMiakFVX3lxTFBfZ2NEaU1ISXhNQk9KNTdrN3doM3RXdGh6VU9mQzhNUUFKT3JoUGNXSzhBc1NDVVpmdkJ6eWp6cXktckVvMjhDaU9uZGJwM0V2SDVfX0h0QnJFZ2hsNHdDcHItTVZzY01ZWXc?hl=en-US&gl=US&ceid=US%3Aen,CNN,10 hours ago,📺 CNN,https://news.google.com/api/attachments/CC8iJ0NnNXRiVkZrV0ZOemRrVlhNamhsVFJERUF4aW1CU2dLTWdNQllBbw=-w200-h112-p-df-rw,2025-09-10T06:40:27.586611
"Russian aerial bomb kills at least 21 civilians in rural Ukrainian village, government says",https://news.google.com/read/CBMimAFBVV95cUxQbmRNZGNSdm1MVERtNzdoZTZ6aGYwNUpobWM0eWhzT0dCVC1QRzBmY2U3eHhYZUtrR3BKcmVWQTY1OEFrZUtidnVJR3BaSXRJbFJCTUhZbTJ4REFjVVRXVm9GYlpfdFpaY3VYQmNUQU1DVV9KZ0dsdTM3UkpPVjZSeTgtTXFHbjNWNVFkSktrdHlKWVE5VHhQcg?hl=en-US&gl=US&ceid=US%3Aen,CNN,21 hours ago,📺 CNN,"https://encrypted-tbn3.gstatic.com/faviconV2?url=https://edition.cnn.com&client=NEWS_360&size=96&type=FAVICON&fallback_opts=TYPE,SIZE,URL",2025-09-10T06:40:27.586613
FAA ‘safety alert’ warns airlines about the dangers of lithium batteries,https://news.google.com/read/CBMiakFVX3lxTE5NOUE3b3Ywc3Y3ZFFfY25ZT0RJMV9CZzVpcWlMay12WThmcWlLeVdlT2JsbmFKT1dNSWRtV0tkMHIySG1SaEdTWFFCWXJrSWhTWmN5VUJCNXR6c3ZjV2RYTk5fbExDeGhLTnc?hl=en-US&gl=US&ceid=US%3Aen,CNN,9 hours ago,📺 CNN,https://news.google.com/api/attachments/CC8iK0NnNHllQzAxYVhrd1QycGxSRVJsVFJDZkF4ampCU2dLTWdZRmdZRDFaQUk=-w200-h112-p-df-rw,2025-09-10T06:40:27.586614
Poland Shoots Down Drones Deep Inside NATO Member’s Territory,https://news.google.com/read/CBMiqgNBVV95cUxNaVI4aU5ZMnFRZGJOOWNwVjB0ZWlDMGtoalVUaTFaVXByQkxDdTUxUS0yUEJFZWQwUnVYYkhDX0trTk81RnhGX1dEM1NsR1BIYjJVVGZYeVJZVUVXVUFlUDhtTWV6NlBLVXlpc3puN1hDeHBja3hIcl93MWw1M2NPa0habVBMSDh4Q1h1R1kxb1pxbVdRREwwaC1yY182TWJfMHNXc2NxQWNTNDhHN2NjRVYwWFV0TWNjQXpEMVVXN0hiQWRsdUhTdlJtbHlNaGxTY0d2Sl9mQTVnNVg4UW5HS1Ryelk3blFvUnBTQnNhOGRmRWE4QUZOeURRUXltaDNHU3h3Z05vWlBGUXc1djZlRzgxaU9hemppMnc4bnhBVnlsRWN1TTNtdS1CZ3JZZVkxc1IyTlJmUDlqOFhYYTNTaDJiMWg1MDhNc1BHRFhaZ0pPTTRfRjFucWMyTVAxVTdMRXZPc250SHZXZHVMMUd3ZUFZbDN0NGVQMnNmMTN2akhKZnZNVnRYNjRONGRRaFBnMG9oYTlEaHU5NWdyYUhIZ0U2QVdDVzFtV3c?hl=en-US&gl=US&ceid=US%3Aen,The Wall Street Journal,2 hours ago,📺 Wall Street Journal,https://news.google.com/api/attachments/CC8iI0NnNWhNVmhwVVU1d1RWQTVWblJxVFJEQkF4aXFCU2dLTWdB=-w200-h112-p-df-rw,2025-09-10T06:40:27.586616
"Israel Attacks Hamas Senior Leadership in Doha, Qatar",https://news.google.com/read/CBMipgNBVV95cUxOejlfZHpIcmc5LUJCVDlzVFVpd1ZKM1FGZVFHTkZnbTZLUGNROV8tUDh3U2R5Wm00VnJjZVZuZkZwZHZvQ2JleGFvMU5UNHdJNGdqWnhjUGVDOUpBOHJBZVprSm1QZTVPTE5VSmFqWWNRcmxiVzI5SFpEQWctWFRnYnFjc0JIZ1RzWk9DUlZKOWR0dWpKQXZoZ1RSR2hGZE4yNjRKQzZyT0R1bDZmTkZSbmpOdW9fOGxKQ0RHaGp0bmJJdWVPY1NzeDc2Vi1Ea3BFX0hqM1JCTC1UZ3FRSVRxLWpyc2ZvVWFnakxub2o3VXpWTnRFeGg0V1hBdEVoOEh1czBlb1VTSXhvQXR1QUZlbkhVSFdFd2d0alJ6bDlnRTRoNFY3VlBvR3dlYVJLUHR6SDJhb2ZnUFNmcTJFSjNGenFuMUNXMGRfSU95eXo5cm95bi0tZ05QeU1wMVhtR3IxSXZhQVBWU1JLb19vUlQtRzJ1ZV9WNzRybElsWTFTOXVVSWRpNk5tOENqRjA3SGJMN3R3VHBoc1NHN19mWlhWMWdRZk5yQQ?hl=en-US&gl=US&ceid=US%3Aen,The Wall Street Journal,17 hours ago,📺 Wall Street Journal,https://news.google.com/api/attachments/CC8iJ0NnNWthMDluVmxZelZWZEVhbE10VFJEZ0F4aUFCU2dLTWdNQklBRQ=-w200-h112-p-df-rw,2025-09-10T06:40:27.586618
Israel Strikes Hamas Senior Leadership in Doha,https://news.google.com/read/CBMiswNBVV95cUxPMHdBR1d0cko4M3ZQZVpWeTJtVHZ1UWVTbC1fVUJVblVQczB3c184WjEtd1dTaDh4d1RZZExmakdtUDFpcGtYdlhfTnZSUTZ5OGY3ZXluOUF5MlRjeTllSm5jUEF2amUtbndtREk1UTc3OF9xbElycmdIeVZTS2VBbkxYWVU0YzNaS2lMY1RlSEVoYTE4NGxFZTRTZzF1ODlldmdEQldwb3BjdUlvQmg2ck4wRWpkUjM1b3IxUHpJRXIwT01OVWhSbkFPblFXWE8xRUxVVW1Kekc3eXlWU0otZ19nbFcxdndaSnB4NUtfQmNvMlduSmxaQTZOcEZRZzJ2Y0pBRzZnbDVyeXlLMi1ZdFU2VEhpUjNpblBhdldUdHgzYTJsOXNmLTBrLTk0cmxzQlQ5akoxcmpDd0ZaRk5sb0I1UFBKTWxrZUJSS0E0VFhtdktYakQ0Tlc0U1ZLVXpTbEoxV2N6T2xKZ0NsaWMzd3VFRF96NXN2clpDNmlPMnR1QTlTVEZOVGVYNDJ4NGJuaEt5Q2Y3cVQyZHFSeXZzRkoxSWFoaTQ2aEJvbS1ud2ZYcXc?hl=en-US&gl=US&ceid=US%3Aen,The Wall Street Journal,13 hours ago,📺 Wall Street Journal,https://news.google.com/api/attachments/CC8iK0NnNHlRMEo1YkZkTVR6Vk9VWFJ5VFJDZkF4ampCU2dLTWdZQjRJUTcwQU0=-w200-h112-p-df-rw,2025-09-10T06:40:27.586620
"Stock Market News, Sept. 9, 2025: Indexes Rise to Records; Jobs Revised Lower",https://news.google.com/read/CBMijANBVV95cUxPeTR1TEhDZy1YamNSRU1ERGhlZnl5N2Q1WVJtMUlqOUtETVVTdWlxU2l4ZHNwdkZtZi1lZlExaS1BZW1sejNLTHpRbXR0dHBtOGhNdFJxckE0ZjBnSnZCUFdCSVpOcnB6ZkI5TmJ0NjZ1VFEwZklHVGVYaThGazJqRVUwSUJuT2U1ZmlwanE0ZGpicV9JaHF1WlJoMTN0cmg2bkw1cmdWOEtjSmpCYjlqRkFEeTJCbTNEUVpoTWN0ZUVpRFhEWGVvTGdpdFdrN0p6TWtVcDgzSHljeTFobTQ0NWxfOEthN3dNd0xwQ1IwZWJSVjNnajRkNXRmRTc2ZnRxMnd1aHpHWjM3ajR5UHpNQ1RMNFlwenRnQTcyZTA3eXRfdDFYRldXWGxrWTk3MHJDXzlrZW5odFlzcGNQWHpRTzl5V056dFN6c0diMDNjVEdINGJOOVgxd3N6UUpzZUJHTkJ6dy1icHlfZFAzanVNeUpFZnFNUUtBZHNxNWl3R2E2ZHJFM2pmRzJERnc?hl=en-US&gl=US&ceid=US%3Aen,The Wall Street Journal,5 hours ago,📺 Wall Street Journal,https://news.google.com/api/attachments/CC8iL0NnNUVOa05yTTIxRlEyTTFSelEzVFJDSEF4aVBCaWdLTWdrTkFJeHJrS3FDU3dF=-w200-h112-p-df-rw,2025-09-10T06:40:27.586621
"Stocks to Watch: Oracle, UnitedHealth, Apple, Teck Resources",https://news.google.com/read/CBMi_wNBVV95cUxONXRaOGNnNEhqcUM0cGx0c1F0RVotbkllSkZOT0M2UDZWX0hsS1plT3BSR2QyMVdzQVNzcUtfN2ZwRWt4U1pFZVJnNGxQbTJrMHRYSlRnNVNRQVhYN2JHcDY0bHdsM3NicmtJc2xTcGRJOGFTc2c5a09XZVE1WFlpWU95VEV4bDhTRnc2Z3lzX2U3TWJqb3A4RDNaNnNzZVJlY2ZhS2Q0UUNrbE42VzVVNW9BcmRmdmF4b09OZk53OE9UUGFKT2J0VEQtNDQ4Y1djMWtoazdwT1RobERlRnFSQV95U2YxTU15ZkY2REF4WG1MQ0wxRFVfZnoxbjVibjl2eVp0b29OQ1B2eTQ0aElvQWpiQUtIYjZ3Z3U1anliMGNRLVJXWWlYWnRmQ2lxQlpXb3ktbVlLMlNvQXU2ZUh3U3pEc0xjLUhhYk5pVmJSN1B3OVJHeTVDRDZIa0JUQWJZQlpuRXJWbGlqREhPeHJLdlpYREFzdnA2OGdsb1llY3JlNVJTVFRkV0c0RUMtVmw1OVZBZXJ0UFo1OEpZdGVrNGJEd2ZIRFRfZGdCMldEYXJEdEdPVDREaVRQQnVVN196VXNlSjBGWkpqS2MtZW5kT2hCZkdFQndaMkVkWlBVbVdVamdxTEt5VzZJQlR2WFU5bEJES3NqM2o2UlBDLWxZ?hl=en-US&gl=US&ceid=US%3Aen,The Wall Street Journal,22 hours ago,📺 Wall Street Journal,https://news.google.com/api/attachments/CC8iJ0NnNTFRVlY0T0doMk1WQmlSM1Z6VFJDZEF4anNCQ2dLTWdNeDhRUQ=-w200-h112-p-df-rw,2025-09-10T06:40:27.586623
Jamie Dimon Says Economy Is Weakening,https://news.google.com/read/CBMi4gNBVV95cUxNQzVuVXlrR0swZUxwNUNGWEZJY1YtMWNUczBlNFF1LUtLSWJYWjNnZUFEdC00RnZOT1hpdzljTUF3SWI3Z1Rwd0hWNEpxUkw0M2N2TzdfVzNEZm9oYVg4LWZScWJfWEdETnFWY3pVelZiZ1dhekhVMVExMjBXS2l4T201dVhlT2NUZ3lKb21XTXgtZFhNVFh6VE0wRGt6MW11N29sSkZ4SlNVckdxbUNzcTkzN1JvWEx3Y3hXMDdlOTZwdDVmV1BvbGdjNkt4QWxCSDNBQUg4UU9rakZlN3F0WU9VRTVaTkxLenB6b0hzNnQxYzBTd0tPOTk4T2FEeVhpOFZ1cllfUWZzQnhybG85WEc5ems1NDBvX1pKMzc0Sk5sT3JfcFpOSkQ2c0tvNHA5aXB3d1RVSVFlSnVEWU5UclV0XzQzVm1nUURuM21ZLUx1Mm9hdEc2eVNjeElRVTFtbGZRNi16LTJoMXZYLV91WFlzTW1SMFYzd0t1Y244a1MtQkhxeVJCanVkZHFaNGxPdWc5N0dUaTgyYXhONEhpcjByNVh6WVFmLW95TU9jbmdKRjRmV0w1NTRLWVNSa0Q5eERfQXBRV3E0dkhNZE5lZE1pdm1XWHotdVZ4SmhNSmJKQQ?hl=en-US&gl=US&ceid=US%3Aen,The Wall Street Journal,22 hours ago,📺 Wall Street Journal,https://news.google.com/api/attachments/CC8iK0NnNW1NVFptWlVOSVltbEtaRWxoVFJDZEF4anNCQ2dLTWdZNVJJNXhvUWc=-w200-h112-p-df-rw,2025-09-10T06:40:27.586625
Exclusive | New ‘Got Milk’ Campaign Tries to Build on a Dairy Milk Comeback,https://news.google.com/read/CBMipgNBVV95cUxOZFJGYl9lUkhiOXZZdk9TOUQ1QUFEWmtaYUxVMDlHRG91eHFOVDlkVkNLZW8wNkdrWkxSdzJWWm15MVIxa0h3enhFNnY4clRra25RaERTM1lRTUtyR0xCazhyTUdEb2ducUNiaUNTc09oTDJrTWNSa1VDSHRXUGxqVno2WHJKSzZaXzd5X1hvZXB6RC1VVGdVLVJndkpzX2xlelJNVDJ0dXNZeWZIMEVxUk1rNUd6RDZrMk1TQk9mSjR5WndWTjEzYmw3WGJmc2h0QVVySDduZi1rTW42MTZEODRscndwbnJnYjdNaDVQWmF6Mi1rYlRhNXlweXR2Q0xyZ0Y4MnlMUkxHS0MtT2syenkxZUpzUzhTUkJ1LWFRNVRpcXlTdllOZ1JmWDdXTEFKcUZrVm5CYlNZMm1kNW1jRk90dzltXzVqa3ctei1JV1ZtMFZrbHBlcUF6Wl83VnFBSlFjVC1WVjdaRUJSekVfUXN1U3hOZHo2QVBnczhjVWpRVE5YRERJTzJOWkhKckY1Snk2Q3l4ZjczYTdENkVaaDJVSlQ3UQ?hl=en-US&gl=US&ceid=US%3Aen,The Wall Street Journal,19 hours ago,📺 Wall Street Journal,https://news.google.com/api/attachments/CC8iI0NnNTBNMjFXY25wZlFsTnpWbGN3VFJEU0F4aVNCU2dLTWdB=-w200-h112-p-df-rw,2025-09-10T06:40:27.586627
Inflation Ate Into Wage Gains in 2024,https://news.google.com/read/CBMi4gNBVV95cUxOeHQ2NTdiNG5BWE9ZNFgzQ1JPNncyemVYVlgyek5PWHBiR0dCUHFaTWhoa19SUmtBbHp4Si1RUEhhZ2ZMazAwVWtjNU96M3RpUWhSUS1RcGhQcVZtNm1UNFNKVHBjYVNxZlZYREhfdk1hZDJWLWxNbTJBbzNqc0Z2c0hqVS1ZSGN5WEVkNkl6aHU5OU5uOGxZSUpWV1JfaDZJZkt0X3VEV0RxMlZNOUowdlZrX0RnRkYxYnlEMmNVZzBvUldyVlpQLWJUNzh5ZXl2SHF3ajR2N2ZiVVpKMkRLRkE0a2N0Mm1hUzRuZkh3VWhwbGczZUNEOUl5Sy1JbXRZME1OQVNNajdNU0Jpa29iNVNSQ2tpUEdpaF80UU5rWkVoc0hCVkZ5Smp1SElZeUZqQ0g3bDE1RzBvX2t0XzREZ0szeGZ6aUFPbWJMcEpjSEpsdXhtM0VaZVV6dHZMTjYwREJldHV5S3U5T3Z0bDJMbUYzcjdVSUxFQ25QT0RlTGpNejd5cUFZSWd1V2lvUHNoanhCU0JxQ3pMYTBUVzZIV29oc1JNbTQ3RFVBbDU3aHI4WUxJazdaSkx3dFZiNENRVTFWQTdqSk9RQ3pySWxXWWVDczUwQzdfZkY5TG5UVHJDZw?hl=en-US&gl=US&ceid=US%3Aen,The Wall Street Journal,22 hours ago,📺 Wall Street Journal,https://news.google.com/api/attachments/CC8iL0NnNUVOa05yTTIxRlEyTTFSelEzVFJDSEF4aVBCaWdLTWdrTkFJeHJrS3FDU3dF=-w200-h112-p-df-rw,2025-09-10T06:40:27.586629
Oil Steadies as Saudi Price Cuts Put Demand Outlook in Focus,https://news.google.com/read/CBMingFBVV95cUxNVE11NEIxLXpkSjV6TDdwLWxPdjF5SFNmLWlHOE9RLS02YzhpLUtkd3V5eUxEano4UlU4anFJV1ZrZWE1WkJhNUN3NFpzcGtUbWNZeHhPQnBuTGxDZk9VTW1idHVEMVlBNVRqaWZKLXg5bmVIaGh6X1JvWXowSENleWdtTUxXcnd6cU52S2piaFQtMmk1Z0pwRVVMTWRLQQ?hl=en-US&gl=US&ceid=US%3Aen,Bloomberg.com,11 hours ago,📺 Bloomberg,https://news.google.com/api/attachments/CC8iK0NnNDVibkJQYVhWcFMyeDZOMGRTVFJERUF4aW1CU2dLTWdZQkFJVE9tUW8=-w200-h112-p-df-rw,2025-09-10T06:40:27.586630
CATL Readies to Restart China Lithium Mine Earlier Than Expected,https://news.google.com/read/CBMitgFBVV95cUxOWlpKZkFJZk8tNmZwaVNXdENsVmxfSndjU0NRV0pDTlVyVzFLbThwS0RfU3VHd1RFd0ZaTHpzTDBxZ0VKclZPWjdrTzQ2ZXpsSG14d3dZZHJNcFRhbXlnbU9iNnVuY0Q3c0ppT2Zaell2UDFqakgyQTE1YURadlZEci1Fcy1RUnppYlBiTGVRdlJxUEZ1V09BRkxBTVVCX1ZiVGRHT0NJbHp5TXd0UlJHZGxmNXMtUQ?hl=en-US&gl=US&ceid=US%3Aen,Bloomberg.com,9 hours ago,📺 Bloomberg,https://news.google.com/api/attachments/CC8iK0NnNUNabGR5V1cxWmRXdzRjR1ZqVFJERUF4aW1CU2dLTWdhQkVJQ3hGQW8=-w200-h112-p-df-rw,2025-09-10T06:40:27.586632
Spain Moves to Ban Smoking in Stadiums and Bar Terraces,https://news.google.com/read/CBMitgFBVV95cUxNMDNBZU5IUlRheVAzWUpBeHcwVWJMMnA3VGI4WDZmekszVnY0MXY2X2dhSmtCM2RIT1U3VjdaU0M5YndkRUVqUzd2WDViVTY1djhXeWxYRzdwYURlQVV1RXAxeUU0YU9Kc3hDblNwaG5IQkl4RFNvc1pabHNJM2U5cEU5TDc4ZU9tc1cwd0VTS3M0S3N6T0Z3ZEl1MHRvREZKNnB1SFpUVEJkd3FJQkljUlBZandlZw?hl=en-US&gl=US&ceid=US%3Aen,Bloomberg.com,19 hours ago,📺 Bloomberg,https://news.google.com/api/attachments/CC8iK0NnNHlZM2cyVDBseVVsb3dWbEJaVFJERUF4aW1CU2dLTWdhQmNJTHhRQU0=-w200-h112-p-df-rw,2025-09-10T06:40:27.586634
Hong Kong Property Woes Weigh on Schroders as Banks Seize Assets,https://news.google.com/read/CBMitgFBVV95cUxNaXpBT1k0VE16WnhqRnA5bDhLQnNOYmkyNEhLTUhOb1UzLUE2NklLTHNYLVZlWmkydjFybDhkYUJpbFRFWDRnM2xDODN4ZXNhX1daX01NUGJ4MV9Ud1JpMTJnSXFyT1BSc25BYnowRFhrMS16X0F0cGlobTZPY3NMTzRrczBLdjV1QXN2QXJudlREQzBHeVpldjhPamVmczVFMjBETnhyTUtjV0hxM3ZBaFFZNk1HUQ?hl=en-US&gl=US&ceid=US%3Aen,Bloomberg.com,3 hours ago,📺 Bloomberg,https://news.google.com/api/attachments/CC8iL0NnNDJlRlJFY0hOMFJVUmpiblpRVFJERUF4aW1CU2dLTWdrQkVJU3dMS1dCTEFJ=-w200-h112-p-df-rw,2025-09-10T06:40:27.586636
"Israeli Strike on Qatar Upends Gaza Truce Talks, Gulf Arab Ties",https://news.google.com/read/CBMiswFBVV95cUxOLUlTN0NRbm9aUUlyb3VzX0Vpd2lBbG15TlZWdEwtX2xmUk9kNi1WWTZGVjJmNzVmMkFaVTNYX3NhUnJwTDMtQm1SbzBRcjJraDI1M2JKSy1sSVFOc2YyY0dSUW5xZmczR2NGTkFrRXF6blJ2NFhDVWhOMFlMMXNJWWNFSzVhN1dwcy04Tk0tSjh1NDlsbEpQbkZra1lfVGYzSmZLeWoyR0k4UEUxSTk2ZnB1Zw?hl=en-US&gl=US&ceid=US%3Aen,Bloomberg.com,12 hours ago,📺 Bloomberg,https://news.google.com/api/attachments/CC8iJ0NnNURURmMxWjJ0NFpGbFljV1JGVFJERUF4aW1CU2dLTWdNOVlBWQ=-w200-h112-p-df-rw,2025-09-10T06:40:27.586638
Scientists Warn Against Plans to Artificially Cool Polar Regions,https://news.google.com/read/CBMitgFBVV95cUxORWxkZlpyQnZodGFDRlNLTXNvaUliYjQtUHBPd2RSREp1V1JLUzNfUkE5cVNLMW9RODhQZXhWbUpRWllOMFBSclEtNEVvNk83Q2VRX1VuNFFDREREdmdzN2s2V0lybDA0clJIQ2VxTjFaZEtqcVN0Zzk2Snlwc3VlM1ktZ1d2QnRNOWViY1ZsbUMzU2NpczRMUS1XVmRWNk0zY0UtdnY5U0VsdWFmZDZkQ0ZNMmpSZw?hl=en-US&gl=US&ceid=US%3Aen,Bloomberg.com,21 hours ago,📺 Bloomberg,https://news.google.com/api/attachments/CC8iNkNnNVRPVEJ1WXpVM1JtRjZhVmxWVFJERUF4aW1CU2dLTWc0QlVJcXVwR1NhOUxoRmlqcDJEdw=-w200-h112-p-df-rw,2025-09-10T06:40:27.586640
Nasdaq to Invest $50 Million in Gemini Crypto Exchange,https://news.google.com/read/CBMisAFBVV95cUxNN1h1NWp6VWF4T2xYZHZHSHMteXUwYm1YZDYtWnlya2MyM2d5bm9CVzZobGFoZkk4Rm9QUFo4LURVTXI3eHctbU1LeTIxZ2ZkdENsc2VmQnd0b2tvVXppeVI4NEZsNHkxREExNnc3Y2IwUEtENFpYQjZzTkRWdWhmUm5HRjFtLUptQndSaERsWFQ4NmFtMjRTMnI3cnRBZG5FdHJXZzFpWXU0RWNDZU9HbA?hl=en-US&gl=US&ceid=US%3Aen,Bloomberg.com,16 hours ago,📺 Bloomberg,https://news.google.com/api/attachments/CC8iK0NnNWtlRnA0U3kxbFRIaHhhMjFJVFJERUF4aW1CU2dLTWdZTmdaRHFOQVk=-w200-h112-p-df-rw,2025-09-10T06:40:27.586642
Treasury Bulls Out in Force as Wall Street Awaits Inflation Data,https://news.google.com/read/CBMitgFBVV95cUxQLTZZSHU5eUs2Y29tZWhDd1N6QWg0a2UwX0ZwUUEycV9SbmRRaFRzd3Z4M3Zjbk1XbW5MQWdsR0tQQmxOYjRTMklYaUdTQWtrMzE2ajRSMEE2dVBabWxCX2NoZ1pxbUJQREZBRTU5ZTU0RVpzb3NNQkhLRlA0NDUtaTRnSkQ3ZGg2XzI2clVaS292aE5GTk5LcXJXTFZpSDljOVREdmQyY3FlT014dGZLNTI2cDRrUQ?hl=en-US&gl=US&ceid=US%3Aen,Bloomberg.com,10 hours ago,📺 Bloomberg,https://news.google.com/api/attachments/CC8iK0NnNVVVVkZFZHpRdFl6TkNjMk5SVFJERUF4aW1CU2dLTWdheFk0cHZMUVU=-w200-h112-p-df-rw,2025-09-10T06:40:27.586644
Draft Senate Bill Waives Federal Rules on AI Companies During Testing,https://news.google.com/read/CBMitAFBVV95cUxOX1phV0VYbDk1Wm1sZERXV21LUThSVG1fX2x4NWhkbjBZZFQ5ZDljcHZ5S1daWjJjR0RNMndsWmxEZ2ZaeTAzMnBna3dISzlsUklHZ0V5VGtmLVRVbVM5Uk94Vi12Qk1VQl9zeENCY3VMMnR0VnBTMGNTckh6WlJMb0FoMmw0b3lVMGU2NC1BMW1ucVNQRDdpT0dzbDJKYmpxQlh0R1ZpRDhOOXFfcy1ITlpBQkI?hl=en-US&gl=US&ceid=US%3Aen,Bloomberg.com,12 hours ago,📺 Bloomberg,https://news.google.com/api/attachments/CC8iL0NnNVliamhKU2t4Q01uRTVjRTA1VFJERUF4aW1CU2dLTWdrTkVacUhEcXMxYVFJ=-w200-h112-p-df-rw,2025-09-10T06:40:27.586646
BlackRock-backed Minute Media acquires Indian AI startup that extracts sports highlights,https://news.google.com/read/CBMiwAFBVV95cUxNRTRSa3AyM2hTaEh6dnRpa2M2SkdOWXJ5V1hVZnU4WVVCLTdvUmIxOGhyNUYybV9zN3U4d3JPUU5GaHU4dUdrMnJfTUY4czN3bmo2c25mMGNIOXNiam9oS0cxcDJEU1luSDgzUEVnMmJzR2xfWmtfV2FuRmVUNzFDR0J4QmFDOVdWN3lWbmVxcW90eUpoOHpKQ0FxX2ZwNXdjaVd1N3NSa2tFTzVFbDlwbl9HX01pd0FQbGh6NU9mZGg?hl=en-US&gl=US&ceid=US%3Aen,TechCrunch,18 hours ago,💻 TechCrunch,https://news.google.com/api/attachments/CC8iJ0NnNWFhWGsyUW5WRU9UWmlSRlZhVFJERkF4aWxCU2dLTWdPUmd3Zw=-w200-h112-p-df-rw,2025-09-10T06:40:27.586647
TechCrunch | Startup and Technology News,https://news.google.com/read/CBMiO0FVX3lxTE5oc1hqR1YwYi1VQTM1alk2dEVDNS1TaXp1SnlRdHdNQzBINUZvN0hxaDdWeEhSUGoxWm5v?hl=en-US&gl=US&ceid=US%3Aen,TechCrunch,"Feb 9, 2010",💻 TechCrunch,https://news.google.com/api/attachments/CC8iI0NnNXJTM013UTFOUE9UTk9aR0Y1VFJEdkF4anJCQ2dLTWdB=-w200-h112-p-df-rw,2025-09-10T06:40:27.586649
"At the Abundance conference, right-wing anti-regulation ideals were in abundance",https://news.google.com/read/CBMijwFBVV95cUxNUnpLYm5pMnoxbUhHU1RmQXJNXzZJRVB1UWlYTXNtc2hOeDVvY0RBdzRWYjFmTTV6VDNSQmxGMURmWGJMM0IzOEFBTkNRZlp2eGI3TTg4Z19wOUxwNkJQYkw2Qi1jMHpReFNqZEtURGwzX0gwcXh0dDR6dDdNMmhmdTcwZkR5Ul9za3RkdnU3Zw?hl=en-US&gl=US&ceid=US%3Aen,The Verge,12 hours ago,💻 The Verge,https://news.google.com/api/attachments/CC8iK0NnNW5NbU5mWjI5aFdESmhkbWt5VFJERUF4aW1CU2dLTWdZSkFZeEdqUVk=-w200-h112-p-df-rw,2025-09-10T06:40:27.586651
Hyundai’s out-of-this-world EV concept is a glimpse at the upcoming Ioniq 3,https://news.google.com/read/CBMihgFBVV95cUxPZmpSNlFJOXFVU1VKTE1mcEJvZms1UFM1eURYOVZNZ2tKbTdscS1aT2d4ZTlfRTdQaWlvVU8waUpUcEF6V1JtYm9OWHBFRkVqQjZZa1VHOG5rMExDSl83VDlTclZfNlk1ZzZBdFJqbGYzdDRxVDlhX0NoWXNLOVpZS1B4aG9Fdw?hl=en-US&gl=US&ceid=US%3Aen,The Verge,16 hours ago,💻 The Verge,https://news.google.com/api/attachments/CC8iK0NnNXViRGMzWDFkdlZVaFVUVlJvVFJERkF4aWxCU2dLTWdhVmtZNXJPUVk=-w200-h112-p-df-rw,2025-09-10T06:40:27.586653
iPhone 17 event live blog: on the ground at Apple’s keynote,https://news.google.com/read/CBMilgFBVV95cUxOd1NkR0pWQjdtM1pNT2R0TXdITGdKUFplYU9QZnUzMmo0VEp3M2hGVW5CckRLN1BYeWNid2JaQU92ME9DUlhZbHRFblB3TFFsSWF0eTFqTnFkMHBfZ1VEVDdseHpmd0JydDF6b0R5NmMxVFN2V0lEZmlmcW5kRkRuUDJCZFJ1a1lrbkhYSkhodVo0eHBzVXc?hl=en-US&gl=US&ceid=US%3Aen,The Verge,14 hours ago,💻 The Verge,https://news.google.com/api/attachments/CC8iJ0NnNTZPRnBNZUhaUFJsWk9RV2xXVFJDc0JCaW9CQ2dLTWdNRmdRNA=-w200-h112-p-df-rw,2025-09-10T06:40:27.586655
Apple announces AirPods Pro 3 with ‘world’s best ANC’ and heart rate sensing,https://news.google.com/read/CBMilAFBVV95cUxOVFdBLXJEYlNhWGxka0tVVk8yVEZ2SW1HcGk1dXRhRV9xQnpUWGQyanA1R2NlcWY3eTVfSFREc21qcTIzMGp0Z29aME9oNHpaX3c2N2F2OHVlaEg2OXEtLVRzRWVNR3d5X2hPQm1xNm13T096TS0tZUZHVGhPeTZUZmxGZXJLS25QV1YzZl9KNzlKOGti?hl=en-US&gl=US&ceid=US%3Aen,The Verge,13 hours ago,💻 The Verge,https://news.google.com/api/attachments/CC8iK0NnNWhZa2xKWW14a2RrNTFZMEpXVFJDZUF4amxCU2dLTWdZSmNKYVdMQWc=-w200-h112-p-df-rw,2025-09-10T06:40:27.586657
The eight biggest announcements from Apple’s iPhone Air event,https://news.google.com/read/CBMixgFBVV95cUxNM0dtZjBHb3pLajVscDFubGhVS3FWMTh5ekJjX2RfWWhPdllVWUJHb2RaYmc2WTRfNXp2T0wzU1Z2akVKTjdGVUc0TTJGcWpZMnBOdzRtVWZJcHJOWmRENmRVaGRzQ1BkRDJ5UDZ0ZjBLbFVjTUxKbVFibXpkV0xqNW1wYXlLcmpTZHlqMDlLeGRBZkRpZjVsQnpiQWJMY2toRHpwTkJuaTd3OFBOX19ZOFVvYWpjcHI4dmZ5MnNUb2Z4bkZHeFE?hl=en-US&gl=US&ceid=US%3Aen,The Verge,11 hours ago,💻 The Verge,https://news.google.com/api/attachments/CC8iI0NnNXJOVkJhYVcxTFdFaFJkekJuVFJDZkF4ampCU2dLTWdB=-w200-h112-p-df-rw,2025-09-10T06:40:27.586658
Microsoft mandates a return to office,https://news.google.com/read/CBMijgFBVV95cUxOX0p1NkdZTlFyZ3VRcVFXQzg2UlpwdkFJcjFaZjNlRGtHZGp4anYzSG1uV3d1Znhtc2lDMXh6V0JLdXhJenl4ZENGVV9fTHlOaXlVYmYtOENQZzBUZDNyU3dkdHFmLXZ1aGNmb1ZQSGFYancwOXJoWktnMFl6SHl2cjI0c2d5TmtzQnE5d3FR?hl=en-US&gl=US&ceid=US%3Aen,The Verge,15 hours ago,💻 The Verge,https://news.google.com/api/attachments/CC8iL0NnNDFTekl3TWsxemJXZG9jMWxUVFJERUF4aW1CU2dLTWdrQmtaQnBPZWJJY1FF=-w200-h112-p-df-rw,2025-09-10T06:40:27.586660
Apple barely talked about AI at its big iPhone 17 event,https://news.google.com/read/CBMimgFBVV95cUxPQjdrYTZla3RTTXdoUnpDd1Q5a3dIaUh6bFNIdl81NEtWekI3XzV6RER6TE5UclZabjlvajN4QVpORHcyVDIxQ3RaMkFuU1JhT1BLOEdzaDc2RktMRjFJUmZKNVpjZF9aYW9peFdBNmktbjhQWl9BTkJQbE0xMXNtdmdpbW5hRVlZS0dfMWlZalhld0JIZkR1S2J3?hl=en-US&gl=US&ceid=US%3Aen,The Verge,11 hours ago,💻 The Verge,https://news.google.com/api/attachments/CC8iL0NnNUZXR0ZqUTNGS1ZVRnVaM05WVFJER0F4aWpCU2dLTWdrQlVJUnpxR0thU3dJ=-w200-h112-p-df-rw,2025-09-10T06:40:27.586661
Apple announces the ultra-slim iPhone Air,https://news.google.com/read/CBMieEFVX3lxTE5NX3FYRjdWODRXN09HSHVVSHVwem8yRjBVTmt0WUFkRW40RlB0ZUItYm14YnhKbldWU1l0Q2FUVzlRdm42eHE1YjBUcVV2dkE0RHowem5uamsyb2ZxNUg2dDFkcVVMU2VnUXd0R3ZrUzJfMHRkZC11RA?hl=en-US&gl=US&ceid=US%3Aen,The Verge,12 hours ago,💻 The Verge,https://news.google.com/api/attachments/CC8iK0NnNVlRVVpXTXpSWFpFVmlhV010VFJER0F4aWpCU2dLTWdZeE5JR1E2UUE=-w200-h112-p-df-rw,2025-09-10T06:40:27.586663
Apple announces new entry-level $249 Apple Watch SE 3 with always-on display,https://news.google.com/read/CBMimgFBVV95cUxNWG4tcmhVWjU0U0xscUZOcnNibWxIRS0tYkd0QlBzUi12am5SdnY0aG85bDNtLTVmRlZtRDVhNENWV3ozZURDSVVPdTNzNGthVktBeDhrSjJuRnZkLVJWU1pIcHhLWU1TZHFTT1Y0ejhrdk9hM0xjbGtXZDlLOHhyMW5VMDNla3BUWTltQ0l4MFRGQmpBQW9DZ1hn?hl=en-US&gl=US&ceid=US%3Aen,The Verge,13 hours ago,💻 The Verge,https://news.google.com/api/attachments/CC8iMkNnNU9VM0ZWWkZZNGIyZGFPUzAyVFJER0F4aWpCU2dLTWd1Wk1vb1NIV2x6cmFub1RB=-w200-h112-p-df-rw,2025-09-10T06:40:27.586665
The new iPhones all have Center Stage front-facing cameras,https://news.google.com/read/CBMiiAFBVV95cUxNMWdOdW51ZTUtLVNURXJtOGpXWXFTNXFVNm4xOHpfbFpKVUY2cFlaeHFpOWJRWVlhSHZWcnNPLVNJTzBaSWk3TURjbTlpLXNSSDl0MHFHc21fQmZEWjJzZnFnYjl0VkRWTDlXV09NMFZoRnpaN3lyb1ZBUFVxUkd0NkhvbFhTaUR3?hl=en-US&gl=US&ceid=US%3Aen,The Verge,12 hours ago,💻 The Verge,https://news.google.com/api/attachments/CC8iK0NnNXFNQzFETWtaRlVsWnhjMHhNVFJER0F4aWpCU2dLTWdZQm9KS3pQQWM=-w200-h112-p-df-rw,2025-09-10T06:40:27.586667
DJI Matrice 300,https://news.google.com/read/CBMihwJBVV95cUxNQ3FqbnZlOGxWRHRlV3dKNndEMU9YZENRX0FmNkdPVmkyanZFU2VlbzRuNXhMV2VYbkhKejFsWjZMcEtCTXFMVXBLRDZGYTJyNkV3a2cwQkJSRWM0Vk1wczRYZE9Tb1RNNkkwVDc0MHV3RGNSMUVYZEtLb2FxR005dkdLczNBMGg0WG53ZlNVbWdkWjBISlZ5RG9md3ZWWTBZSlZweUV1Y3Fhck9uU1pGbXZ1RWd5Tk9LYWw2WnByNmszWFZFOTZmelRpQ2FyYW9ZY0xYYWxORFEtVHZrWnFfc1NzUmlrallMZkU3SkxmQjdlUmZDTTNNS2VKRkE5SnlWQUY3bWNhbw?hl=en-US&gl=US&ceid=US%3Aen,DroneXL.co,"Jun 25, 2024",🚁 DroneXL,https://news.google.com/api/attachments/CC8iK0NnNUhXazVHVURSVWRIaFFjMlIxVFJDZkF4ampCU2dLTWdZZElvU3RvUU0=-w200-h112-p-df-rw,2025-09-10T06:40:27.586669
UK Police To Deploy DJI Drones To Guard Trump's State Visit,https://news.google.com/read/CBMihAFBVV95cUxNMzhILTZ5VjN6VXJzZ2lYX3NXN3liUVdUcFhYRGR2Sy1IcE03YXBVaEZISzNHd3k1M19HSGxka2JWRjNRdldHX245ZDlvVnYyQUtfNi1yWXJfU2s4XzRNVkQzNGRhTXNSWXZocUp4cWtRd2VNZXZzOXRTRHJGQWpIbHpIVk4?hl=en-US&gl=US&ceid=US%3Aen,DroneXL.co,4 hours ago,🚁 DroneXL,https://news.google.com/api/attachments/CC8iK0NnNWFhMk5IUlVRMk5tWklVV3B0VFJDZkF4ampCU2dLTWdZZEk0NHJtUW8=-w200-h112-p-df-rw,2025-09-10T06:40:27.586670
Drones to Deliver Defibrillators: UK’s National Health Service is Using,https://news.google.com/read/CBMieEFVX3lxTFB6eFRSbkhrQmhMUGhxcTlIS3laZUZObGMxNFFTM0c0cUo2RHR4cWt1R0hLTDd1NUJ2ZXhpOVlVdHRrUFJkc2doUlpEN2dPbDB0NHp1cWEybFVsaGRQYVlhUDFsaFRHMTl0ZnFvUVlIWlFxTTQ0SVdGXw?hl=en-US&gl=US&ceid=US%3Aen,DroneXL.co,17 hours ago,🚁 DroneXL,"https://encrypted-tbn2.gstatic.com/faviconV2?url=https://dronexl.co&client=NEWS_360&size=96&type=FAVICON&fallback_opts=TYPE,SIZE,URL",2025-09-10T06:40:27.586672
Hollywood Fire Department Unleashes Lifeguard Drones,https://news.google.com/read/CBMidkFVX3lxTE95NmxHNXEzOTBIMjZ0MnVNejgyc0ZZcUZja215bUdSdVIzUHVVMTRSQ3VBMUliNTl4cUVuemNDZ2NKYTZ2VjRxcWFhT3pIS1pTVVlDMjVWb2paRnNCVDFRc0tISzJhQWxyemdhSy1GdENMcWxaWFE?hl=en-US&gl=US&ceid=US%3Aen,DroneXL.co,17 hours ago,🚁 DroneXL,https://news.google.com/api/attachments/CC8iL0NnNDFVSEpoY2tkbmREQjBiVVp2VFJDZkF4ampCU2dLTWdrZGdZb0xMdWNsamdF=-w200-h112-p-df-rw,2025-09-10T06:40:27.586674
Drone News & DJI Rumors,https://news.google.com/read/CBMiOkFVX3lxTE9Mc25KZF9PRnhMRE9YM0doU3Z2RG1GUVU5Zk1Nb1Q3UVJ4bGRuMHZwOVdURkdSaDBFelE?hl=en-US&gl=US&ceid=US%3Aen,DroneXL.co,"Jun 17, 2024",🚁 DroneXL,https://news.google.com/api/attachments/CC8iL0NnNHdXVzEyWjNvNGRUazFNak4xVFJDUUF4al9CU2dLTWdtQmNaTHpwR2lpN2dF=-w200-h112-p-df-rw,2025-09-10T06:40:27.586675
U.S. Space Command Archives,https://news.google.com/read/CBMiV0FVX3lxTE9zVm5DX2IzcnBRQzdoVmZqOUlXVFRWWUNKVjNlVEFweGZXMG1mcnBQT0txU24yU2Z5Y0V1RjMzeGNSQVNCeHItVXZJQV8yblE4OFV4MTgzOA?hl=en-US&gl=US&ceid=US%3Aen,Dronelife,13 hours ago,🚁 Drone Life,https://news.google.com/api/attachments/CC8iL0NnNUNka0p1VGt4RlpteEVXa1kzVFJDc0FoaXNBaWdLTWdrQllJSmxUaU5zemdF=-w200-h112-p-df-rw,2025-09-10T06:40:27.586677
SimActive Enables 3D Calculations from Drone Imagery at Mining Sites,https://news.google.com/read/CBMipAFBVV95cUxPVlRXTG9rYTl5ekxHVDR3dFJScXBKeWIwYWtMOG9qNVhvaGZmQU5Kd3loTjBXeEQzMmpXTW82RHV0U1pKMldPOXNvV1FFOVBmaExEVndFUmZBakp0cVJSb2pIbHlndHlOYkxKNFRmM1QtNUhPbUZzeWNXQzRNS2NqM294ZmJSNzJic1lnSl9qdld4V2dHbmdmeG5HSW5GNzB1Q3pretIBqgFBVV95cUxONVhFUjFfWHVxdy1iQ2pzdUl5MV90UFg3UlM0b3RJTnhGeU15bG1tcHN3MmdLcWlWOV9CLXZ3a0hOM0hoVVBFX2RpU2J0cjlYVWl3QWYxZUxna0dYc2FMLVduS3hlRzl6MTVPVGlfZ1hsNjNJcE1UQ0FTTE8ta2FCMFVRNE5EYm1LeHRIRU1qSzhUUFpYLXlGTDhkd3Y2N0ttcWtPVktyNDlXUQ?hl=en-US&gl=US&ceid=US%3Aen,Dronelife,13 hours ago,🚁 Drone Life,https://news.google.com/api/attachments/CC8iK0NnNWthVWhPTURKQlZHeHlWazFXVFJEOEFoajhBaWdLTWdZWmtJUU5XUU0=-w200-h112-p-df-rw,2025-09-10T06:40:27.586679
volumetric calculations Archives,https://news.google.com/read/CBMiX0FVX3lxTFBSR05pMlo1V1M4RWNtckRicTBEVmxwLWpSUW5TdElmdzYxQ0dUYkN3M2JIYWhKM0dwRUVpakRyaXIydGpFUWZ0MGludHJiSnNKLXlhLWY1UTVrMnhwb2JB?hl=en-US&gl=US&ceid=US%3Aen,Dronelife,13 hours ago,🚁 Drone Life,https://news.google.com/api/attachments/CC8iK0NnNHlXbkZ4TFRVMFRucDFUV2xxVFJDc0FoaXNBaWdLTWdZWmtJUU5XUU0=-w200-h112-p-df-rw,2025-09-10T06:40:27.586681
technological dominance Archives,https://news.google.com/read/CBMiX0FVX3lxTFA1ZHRHWWE1eWs4RkRVRkZRX3ZiUXBvbUFsZVdRSXZkR1VOOVo4bXBXOFc4RTF0c3VLblloTTQ3ZUxVRy1TWXlSa1dzOUd6Q2JqaXAtUkJGc244OFlZZ1ZN?hl=en-US&gl=US&ceid=US%3Aen,Dronelife,14 hours ago,🚁 Drone Life,https://news.google.com/api/attachments/CC8iL0NnNTVlVUowWldNNGNYRTBTRVE0VFJDc0FoaXNBaWdLTWdrUnNJcVh2T1doamdF=-w200-h112-p-df-rw,2025-09-10T06:40:27.586683
Drone News Archives,https://news.google.com/read/CBMiVEFVX3lxTE82SEFHSlN2ZFYxc3BBQmU1Y25aWG5KVDNaOUNPbnVxT2UzTmxJVGV5SXpaTmdLRzE2U0p2NTI0RnNERjM1TzBKRnJqcGREV0FZVE1nZA?hl=en-US&gl=US&ceid=US%3Aen,Dronelife,"Sep 12, 2017",🚁 Drone Life,https://news.google.com/api/attachments/CC8iL0NnNTVlVUowWldNNGNYRTBTRVE0VFJDc0FoaXNBaWdLTWdrUnNJcVh2T1doamdF=-w200-h112-p-df-rw,2025-09-10T06:40:27.586685
Dronelife - The Trusted Source for Drone Industry News,https://news.google.com/read/CBMiOkFVX3lxTFBtdGdBb1ltY3pOVUZUeEFwR000bllSUG1rTF9TOUhpYk1WdzRrVEZJaGxBZWlkWGc0ZGc?hl=en-US&gl=US&ceid=US%3Aen,Dronelife,"Jul 19, 2016",🚁 Drone Life,https://news.google.com/api/attachments/CC8iK0NnNVNWMVpOTkVsclZIcFlOVTAyVFJEZ0F4aUFCU2dLTWdZaDBJWXVSUVE=-w200-h112-p-df-rw,2025-09-10T06:40:27.586686
Drones in the News Archives,https://news.google.com/read/CBMiX0FVX3lxTE9tVnNZSnVhcmxBV2pNc1ptNnhFQWp1NjMxZFZWd0hLYlJ6dDYwYmw5enlCMlptV01SR1liVGt2VGhlTE1tbGpsVjY5OFJlSXZGaWNNWnd1UUZlcDUxZVhz?hl=en-US&gl=US&ceid=US%3Aen,Dronelife,"Aug 27, 2017",🚁 Drone Life,https://news.google.com/api/attachments/CC8iL0NnNTVlVUowWldNNGNYRTBTRVE0VFJDc0FoaXNBaWdLTWdrUnNJcVh2T1doamdF=-w200-h112-p-df-rw,2025-09-10T06:40:27.586688
"TEKEVER unveils new battle-proven, shipborne-capable AR3 EVO system",https://news.google.com/read/CBMiogFBVV95cUxQWXB1UmFkMEdYM2J2X000VF9MWWVmN0dBWnZJOWxoSGlrbWh3TnFtU2hKOXk0ZnBoN0dmNkJwMnpJTmpKWEtrQkV0aHNPNkFXTV81RG1ZY3J5YlBKb1pxdnczSWxuT3JOYXR4WVlKZ1pTOEdDc0kteTJrS0N0UlhBUFlvS0tmWUZCQlFjajFBdklWRXpqT3pTdjJvT0FablBwTkE?hl=en-US&gl=US&ceid=US%3Aen,sUAS News,21 hours ago,🚁 sUAS News,https://news.google.com/api/attachments/CC8iI0NnNXdXVVZxUzFJeGJrWkxiVTlhVFJDbkF4alZCU2dLTWdB=-w200-h112-p-df-rw,2025-09-10T06:40:27.586690
Flybotix secures close to USD 10M in Series A Extension Financing to Accelerate Growth in Drone-Based Confined-Space Inspections market,https://news.google.com/read/CBMi_gFBVV95cUxOQXJ4VllKcTU5S3I1U04tUFhMWktqU1NvMmItaGZnd0R2OURfamZFamFERTZ5LS1ha3lOb044MU4yS196Y04xWnVSWTRSaUVfZUdNYmNsbUVlRVJTcmd1YVJNNU1lMkk4TkE4cENmQWoyOHc1cUdMTGtFRXl1WDB0V1cwTDZ2RUtsUGkzQTRuWUpmM3ctd1EzclV0V0ZpckZYLUZ0dlF3QldUT2Y0ZzhJTTA0WkVzV3R5QTBnNElvWTM0X2xHNUtwTlFHM0c0LWdpWGw2c1Q5LWxaY3l4ZmN5b1hUdkhlbFA4bml3QmdjNzFobzItX2NuNmktWV9Tdw?hl=en-US&gl=US&ceid=US%3Aen,sUAS News,22 hours ago,🚁 sUAS News,https://news.google.com/api/attachments/CC8iK0NnNXVORmsxY21ObmFVMW1lR1U1VFJDWUF4andCU2dLTWdZaGRaRE1MUVk=-w200-h112-p-df-rw,2025-09-10T06:40:27.586692
Activist group says a drone hit a Gaza aid boat in Tunisia. Authorities deny claim,https://news.google.com/read/CBMikAFBVV95cUxNTEZHQUtqUWtvYnVKY3hTbVJaR1N3VUV5X2k0SUFKd3RRdm4xM0NQR0k2VmMzZnhQX19aYlF6elNFalhIaGswX2FnOGtHSUlIUkY4S2VJSU0tQl9xVWN3TlhySFpCZHFSeFdRRTQzaHpZQi16Ny1lcnlydTJoNENBU2RfSHJWcGtrbE85V1Z1bGw?hl=en-US&gl=US&ceid=US%3Aen,AP News,13 hours ago,🇵🇸 Gaza Drones,https://news.google.com/api/attachments/CC8iK0NnNXRSelJxUkdaWVJEZG5jV2h4VFJDU0F4alhCQ2dLTWdhQktZTGxuZ1k=-w200-h112-p-df-rw,2025-09-10T06:40:27.586694
ISRAELHAMASWAR. Attack on Doha as operation on Gaza City intensifies. Lebanon and Syria bombed. Houthi drones targeting Israel.,https://news.google.com/read/CBMi4AFBVV95cUxOajUzb2Y1R3lrNjd2akFFMlhVaGVlV3Y4RVhLUkUzQnNFTUxZUmVxRm1QanZ1YzZ3YkZBcHNjYzlnbVh2MFZCV1JtUUhrQ3d0aHoyQ1dvcWlxc2RGRzNJYXl1dUpvRzM0OHJJRjVIdUo4emlta3pUdmNUVENfNEY1RWNxUkxEclR6Qklqa3dzRkxiZFUteWoxR1Vld2pQTWlmdjhPX1FVbXFYaWdKWDJRdmdrVFo1TVZsSGU3VkhrTndXeGxNWEpPa1IxRl9FWnFqWGxBaHZBSzJVcjA1Zy1XNA?hl=en-US&gl=US&ceid=US%3Aen,agc communication news,6 hours ago,🇸🇾 Syria Drones,https://news.google.com/api/attachments/CC8iI0NnNUVXRVY1V2pKSlgxZ3hSVVJsVFJEX0F4allCQ2dLTWdB=-w200-h112-p-df-rw,2025-09-10T06:40:27.586695
"The D Brief: Israel bombs Qatar, Syria, Gaza; Caribbean buildup; Marines’ JLTV choice; Headset head-to-head; And a bit more.",https://news.google.com/read/CBMihwFBVV95cUxOVDJnZ2plTUdiQ3NQZlFQQ2NSTnJTTEgwWEllRjFEeVZkNkNfVV9FV29hQUJuYVRTTUhjeERuTklrQTFybFRNd0htNkZiUEt5ZjY3U2hYXy10YUtDZkE2Wkp1WTNQTjZNMG43VVVUOTB2YXkxbWRPSS1SaF9uSHZlODl1d18weDA?hl=en-US&gl=US&ceid=US%3Aen,Defense One,15 hours ago,🇸🇾 Syria Drones,https://news.google.com/api/attachments/CC8iK0NnNVhUVk13WDI4eFVsUXRiM1puVFJEM0FoaXlCaWdLTWdhZHM1U01QUWM=-w200-h112-p-df-rw,2025-09-10T06:40:27.586697
Updates: Hamas says leaders survived Israel’s attack on Qatar’s Doha,https://news.google.com/read/CBMiuwFBVV95cUxOVFRCa1pxWjB0QWNoTkRkYzJYNVRfX0xSZ2tyQlpzLXUxRzBneThzZl81TDhLdmJjT2ZhWVFZTktSR05aUERXR1dMbXJBajB4ZG1vMVpCUXRTYjluS3J0UDk2UEpoMnBLS28wYS04MDUxTlg5ajdESkE0cmVfd1BIQnl5aFNWRjlobDZLclJ1NVFkMnlzLTlTREtGM3gzZ1hLUm1odU13WkNJem1uckFqX3RvVFlOSHdIWmJz0gHAAUFVX3lxTE4zUjNsY1dXSlVhQ21JU0JPRENPR2VXT0dZblNLbUJpTU92cU1DMzd1UVAtWHVsOWh1bThrd1VST1FJenk5OThLcUNpZ0FZQnhwZzhTUjVYbmdHcXU3NGdON09xN0pGUFg3Z09jbW1ILTVCZ2h0ZU44cVpfMHVRU1IwMTV4Q1VaNG1Ba09PXzZBTWNwbXFXOThuTnhwVnM0bTRDelVoZmZsMjN0bGFjTGYxcnBjYXRQQzRWVG5nTnVsMw?hl=en-US&gl=US&ceid=US%3Aen,Al Jazeera,13 hours ago,🇸🇾 Syria Drones,https://news.google.com/api/attachments/CC8iI0NnNXlPVlZPYjBGT1pVeElNazFXVFJEZ0F4aUFCU2dLTWdB=-w200-h112-p-df-rw,2025-09-10T06:40:27.586699
Syria Alleges Strikes Are an ‘Ongoing Escalation’ by Israel,https://news.google.com/read/CBMimAFBVV95cUxNUk1NakM1NlBuNWNOWm81SVZybjlpNk0wMFlfdE1icEFyUTdwLV9qSGsyMkFsXzZmZnlsM0dSemRxdkdfMHVDZzlLQ2Y2cjVrTDREckVZU3oxQnpya2VyQ3h2elBUVUdubHN2ZDNBc2huREZ2SDBQbFhGa3lqOHk2TDg2eUN5YmlXT0o0azFlcmg0cW9TQWNqcg?hl=en-US&gl=US&ceid=US%3Aen,The Media Line,18 hours ago,🇸🇾 Syria Drones,https://news.google.com/api/attachments/CC8iK0NnNXBVVm93Wld4TlIxZFNjakpaVFJDeEFoaWVCQ2dLTWdZQm9JYVl4QVU=-w200-h112-p-df-rw,2025-09-10T06:40:27.586701
'New historic phase' of relations starts with Syria: Russia,https://news.google.com/read/CBMiYEFVX3lxTE5JX094WG5GNTBaaHM3dGxvNzYwZ0tVQXZ4d3RPWjR3bE16ekJSZXlvejh0RWduN1Y4VVZjM3RJYUxnSDFjYzEzdndTTlE2SlhybDNjRFdKZF9oQ0xwY2xLWQ?hl=en-US&gl=US&ceid=US%3Aen,trtworld.com,17 hours ago,🇸🇾 Syria Drones,https://news.google.com/api/attachments/CC8iK0NnNXlNWFJGY21VMmF6QnJhbGRIVFJDMUFSaVdBaWdCTWdZbGRZYk9zUVk=-w200-h112-p-df-rw,2025-09-10T06:40:27.586702
"LIVE BLOG: BREAKING: Israel Bombs Doha, Targets Hamas Political Delegation – Day 704",https://news.google.com/read/CBMi1wFBVV95cUxOMVAwYTNfT3plODFMMVhsN0Y3Zk4zNC1POTBsY1dyOXlvNWdZUXJvSFdYbmxja0t6QWV4dFFfMXJyVkdOb3JDVlBSRzI5THkwZTRjRUs1UjZqT1ljSWVEZDFXdHh6eTFUUktaVzRGNEwzMU1wLTFfczJzOEpTRkVQY2FReWxnSGdxLWZrRnBXZWxnNy0zUkZ0aGRPdWhZbUw4bFRVMC1penc4TzNHMTZkanRrRHhHV1RWVWxIYVhrUEhRbV9FT0FOcnJxR0ZHUDFjQjJLeGZ1cw?hl=en-US&gl=US&ceid=US%3Aen,Palestine Chronicle,9 hours ago,🇸🇾 Syria Drones,https://news.google.com/api/attachments/CC8iK0NnNUdja2cyZVd0UU1VdEpRMGRFVFJER0F4aWtCU2dLTWdZTlFJcVVSQVE=-w200-h112-p-df-rw,2025-09-10T06:40:27.586704
Israeli strike hits near Syrian city of Homs: state media,https://news.google.com/read/CBMinwFBVV95cUxNYV8yUU5Fb282NjNRRmZMWmRfQURFM2tTdkF0M2x2Xy14aUxsa1ptU0ZhWk0tdnp5bUlDbDlYX0R0UXY2VkF6SHFIcWNUY3NYSlRiem16YmlwUFZFeFRVMVZCaldyU2U2M05kd2JuS00wQ081LWlBNTQ5ZV9VUHBWdWEwQnkyY0ljcEY1WVVpQXlxV0p3amRuX2E2VFd6Um8?hl=en-US&gl=US&ceid=US%3Aen,Space War News,22 hours ago,🇸🇾 Syria Drones,https://news.google.com/api/attachments/CC8iI0NnNXRVR0pWVEZwRldGaFZaVUpwVFJENkFSaXNBaWdLTWdB=-w200-h112-p-df-rw,2025-09-10T06:40:27.586706
Advanced Crop Health Monitoring: AgEagle's RedEdge-P Green Sensor Launches in Three Asian Markets,https://news.google.com/read/CBMivAFBVV95cUxPclpsenR4MHFfRjVYNXBzc0EySzNLcEZQSkc1RGw5M3hUNUVGQi1IcE1vMkk2Z1hwbXNDVmx3Z29fd2FIMk0tTkltNXVEbzZacTRpMFBTSFZfdlhteXNib2dHLTNXdnhveWdMeDM5TEk4UWxlOGNlaDFlcmNCRGpmenlYSEpyWENMNjk2QVRBNFJKeXN0NkVISXlUSTh0OHFIOEtFM0txbUhDQWtwbjJuaERWRkF1cnA2dTRHYw?hl=en-US&gl=US&ceid=US%3Aen,Stock Titan,18 hours ago,🇹🇼 Taiwan Drones,https://news.google.com/api/attachments/CC8iK0NnNWFYMDh0TkdkU1EzcHNNRk5FVFJDcUJCaXFCQ2dLTWdZTnNwUktRUWM=-w200-h112-p-df-rw,2025-09-10T06:40:27.586708
DOD Backs $65 Million Tin Production Facility In Virginia,https://news.google.com/read/CBMioAFBVV95cUxNRGw4OF9zWDZFZ2xaRUNIcVEyeVFGTHlkTE15UEtiU1N3TE5rNmNpZ3FJTDVpelBuOWI4aWNPWWVmWi16aWZVWi1zZEJtUHlkdTlSUEJDc2hyZUp3YXZLalY5bkVSSnVpYjYtZHctajdyOG95anZTUjg0MUZBN3J4T1daRXlwa19WcWZ4Q2dSMEZLQzZzVDZicWJzeEVscmpm?hl=en-US&gl=US&ceid=US%3Aen,Aviation Week Network,6 hours ago,🇹🇼 Taiwan Drones,https://news.google.com/api/attachments/CC8iI0NnNWhZVmxNUlVnNVJVSllNRnBxVFJDM0FSaVRBaWdCTWdB=-w200-h112-p-df-rw,2025-09-10T06:40:27.586709
"Beijing sanctions Japan lawmaker for remarks on Taiwan, islands",https://news.google.com/read/CBMipwFBVV95cUxQWl9LOTIyWDdsRFN2MUdzQlVUV2NENGlhX3FuVXprdWQ0Vm0wV09WZlVQbElYV19YRV9TX1VEblhsZEFSQThoYk9tSE1aVXM2Y3lDb2F3NGswWC1MVGNOaTlMeUp3b3ZKWUVnUldnQ2Q3V2YtQVhDS2RsMVEyYUVhYnpIanFCbEtmdmhvcXJ4WTZ5cHoxa0dfQms2NVBrQjFxNS1faExpZw?hl=en-US&gl=US&ceid=US%3Aen,Space War News,22 hours ago,🇹🇼 Taiwan Drones,https://news.google.com/api/attachments/CC8iL0NnNUZhbTFYTXpOaFVUQTBTV2M1VFJENkFSaXNBaWdLTWdtRllZTFdxT1pobUFB=-w200-h112-p-df-rw,2025-09-10T06:40:27.586711
AI powers next wave of advancements at Semicon Taiwan,https://news.google.com/read/CBMiWEFVX3lxTE1SLUJHaWNYWDI3SnhqR1ZWWnhGR1d4dVk1ZGZubVBsa0ZEVmxtM1dhcWNzUjExOHNmVzFyUjBjQUN5a1VaYmJUOW9jX3hyM2o1SWZ1OTdmemU?hl=en-US&gl=US&ceid=US%3Aen,Taiwan News,13 minutes ago,🇹🇼 Taiwan Drones,https://news.google.com/api/attachments/CC8iK0NnNVRUaTFuZEhwS2N6SlFPRVF0VFJEZ0F4aUFCU2dLTWdZQlFJSklRUU0=-w200-h112-p-df-rw,2025-09-10T06:40:27.586713
Xi Jinping hails 'unstoppable' China as Trump accuses Beijing of conspiring against US,https://news.google.com/read/CBMieEFVX3lxTE8zeE1NVzNVcU9SQ1ZuMUdmLTlXTm9ka0VxNkt1OWZKSllPREFEMGp2RjZ4TjVTUktOeWdDMkRrSVQ2alFZSTFNeHhJVGw0dzlNZWRoaVdPdGxmaVRTdDRpUGpiaktKWV8yME9PUVBLQWV5SjE1N3Y0Nw?hl=en-US&gl=US&ceid=US%3Aen,AOL.com,18 hours ago,🇹🇼 Taiwan Drones,https://news.google.com/api/attachments/CC8iK0NnNUpWblZTYlRGbFYzWjNOVnBYVFJEb0FoaUFCU2dLTWdZTlVJelBJUW8=-w200-h112-p-df-rw,2025-09-10T06:40:27.586715
The unmanned ‘ghost shark’ robot subs that will boost our defences,https://news.google.com/read/CBMiiAJBVV95cUxONFVaSHhVYjhnN1U4czdDX1BsV21DYklDUGlKNGdxaDVVaDV2TU4yd1doTHl2SW1uX1A4eG53RUNSSi00ZkhiNnc1d0hiYUhLaDFCVEhzUVMyNVZ4NHNfUkU0c09Lb3ZtM3M3RlVHYmpKSVhuLXFKUk5HVTJMT1l6eFBSUW9CQnFDLUUxV0pqbDlmWXpkNXNmVVVMcUFQclZwalZvN0JPcDFKZ01HTHVOVkJaMjdWcm5heThMX1lkX3laSVZfdDJMeC1zcTZGcmtoV1MtRlZzeEtsUHdrdEprN2dKVElWSnVxdHNoN3A5QnEzd2JsZk5tT3JpRmZOYnVFaVdiSmtOYmLSAY4CQVVfeXFMTmVlMkhaNzlaTzdFMTZ6TFR4bmJLclhxU2FTTzltLXhqZGRqXzNreGo1cFFNWmFzRGlpRzdmZk9TajlpZkFyajdJOGFvc05GLUl0OUJ1OVFlNHM5UzQ0V2x1S2lqMjE5ZU9fVHphRzB1THVpNWk5QmN1YVJlY182TFR5LWt1ZkQwTnFpeGtoc3I2WksyOEc1Z0tEaXY4NUJ6TWNlN0xoSEhUMVczRnluQ2hpbU5IVTFsbURFalQ4N0YycVY0VUtjV2dhaXVQNjdtUWdtMDZGRGpJR3RWbWJxZURRZ0RjeFltMG9UbWg0Q0xDNlJwaktWMTZnbzdyb1dYZ0NyM19hODFVZ2tDNEl3?hl=en-US&gl=US&ceid=US%3Aen,The Australian,5 hours ago,🇹🇼 Taiwan Drones,https://news.google.com/api/attachments/CC8iK0NnNWpXVmcyWDJsWGFIcGZRbWRMVFJDZkF4ampCU2dLTWdZSlFKS25JZ2s=-w200-h112-p-df-rw,2025-09-10T06:40:27.586717
Kaohsiung introduces technology to strengthen offshore oil pollution inspections,https://news.google.com/read/CBMiVEFVX3lxTFBvVUpPSkZ3ZFdTWW5nZkduRkRZbzFsZ1c1U1oxYlpNZWdaQUpPYUNKaEVfbVlwTU9RUm5TNmxYOHBud0ppd2ZuV0Fpdm9uTXd2MlJsdQ?hl=en-US&gl=US&ceid=US%3Aen,Taiwan News,23 hours ago,🇹🇼 Taiwan Drones,https://news.google.com/api/attachments/CC8iK0NnNTVNRmRXU0d0NFMwUjNaMk5IVFJDNkF4aTJCU2dLTWdZQmtKS0tPUWM=-w200-h112-p-df-rw,2025-09-10T06:40:27.586718
Terra Industries: AI Drones Securing Africa’s Critical Infrastructure,https://news.google.com/read/CBMingFBVV95cUxPUkt2LUJfdjczcDBYLUdEZHo3X29BUW5rZ21RMlE2cmVwYXdUUzFzelJEY2VoMVZNSVBQMHhuNTBDZEJBd3A1RG5HRXUyNnl6ejhrSUNGYmk1QVY4bUdMX2VYalR4M0ZHZ196dWlaWFZ0eS0wcTQ0Zk9sQW5SaC14bHAyODlxXzJhWWpmT2FNSTdOZEZJd3BxX3UyamhoUQ?hl=en-US&gl=US&ceid=US%3Aen,Букви,17 hours ago,🌍 Africa Drones,https://news.google.com/api/attachments/CC8iK0NnNW9aVWxKYjFaRFVHZFNPV1F3VFJEZ0F4aUFCU2dLTWdZdEpKcVBtUWc=-w200-h112-p-df-rw,2025-09-10T06:40:27.586720
Power blackouts across Khartoum as city hit by wave of RSF drone strikes,https://news.google.com/read/CBMisAFBVV95cUxNcVVXcXB4Mm9NZXpaQllQV1NWdTg0RkM3VHpON3VBTlI5ZmU0TzJUb1BlZFVYRjk2RWtvWi1Da3JlYmhMb2ZycjZsdEYtNmFjNzctM0V0NGJpZ1FkaEhNTE01S01qblQ5TjJwcDRENk5CLUdaTi1TazdyZlVLdWkwTXZkaG1uQVloNHR1Smg5eGlPSU96bnp5aE9HcUtJTDREU3htaTE2dEVYNXRVeXgwStIBtgFBVV95cUxOb1pCd3p3R2hLQ2ZlMTVQeWJVUnRtY2U1VldiSkxKZWY1YXVZUXV5RXAwbDByWWtLVHhaZzIxUE9URFZkS3c5Sl9OTFd5ZWZleEkwZFRuR1dXSHJvbEtoTzNIcGtMSHVUVmdUUFBIc2tnSEc3ZTNiQkk4U3VSUnhkOGpNTGhzcmFIMzQ0c0I5SUpLQ0dGRlZwODJNd0JUYUxjampabGs1Y3BqTzF0QXZhX016bzZRdw?hl=en-US&gl=US&ceid=US%3Aen,africanews.com,18 hours ago,🌍 Africa Drones,https://news.google.com/api/attachments/CC8iK0NnNW5MUzFXVkRSNVVsRjVVRmxGVFJDUkF4ajhCU2dLTWdZRllvTG0zZ0U=-w200-h112-p-df-rw,2025-09-10T06:40:27.586722
Wave of drone strikes hit targets near Sudan capital,https://news.google.com/read/CBMirwFBVV95cUxOLUpzRkkwMjhhLTd6b2pNQ05vNTB3SkVlUlhUSDlMOXJBRHZLaFFVRHVuenV3amlxWDdLNHp0OXpBVVROeGZYeDIzNzkxSFNSQUVyZDcwVUJmOGFlYlhreUZuUHZWWFltRnFYNUtqMUVxemNJaVRzaC1ZVzU0MFktQWxNMlRUcjFkUGNSTmZ3QjZuZkl0S3JIVFY3c3B3bjF6NUt5OTdBTkw0a0paSENF?hl=en-US&gl=US&ceid=US%3Aen,standardmedia.co.ke,21 hours ago,🌍 Africa Drones,https://news.google.com/api/attachments/CC8iL0NnNXdjMVZxZEc1d2NWSlRhVGROVFJDMkF4aTlCU2dLTWdrQlVKQ1BKQ2ZvTEFJ=-w200-h112-p-df-rw,2025-09-10T06:40:27.586724
Power outage in Sudan as paramilitary force carries out drone attacks: Report,https://news.google.com/read/CBMitwFBVV95cUxPOXNHbEU0VGozX2g0VHd3Vkt1Q0hWLUN5d1lZQ0JibjU4clNlazZpbV9uVDBGTUpNQWd2ZzJkN1A3YnBiYlFVa0wzWWtPbThWZnhJTG51cHF6V2JGbTVhbkhNcFF4MjMtdEY4OFdNYXp2eXM0M2JOSG5jY1h6Y3FwdFU5Ul9mZnlZdHFlQi13NlY1QTBvRnUyWWhrNnk3dENvSDN6bUdBSU9yWUNycGNDSHd3SGg1ZGs?hl=en-US&gl=US&ceid=US%3Aen,Anadolu Ajansı,22 hours ago,🌍 Africa Drones,https://news.google.com/api/attachments/CC8iK0NnNW9ZVVZNVmtOV2NWVklNelkwVFJDZkF4ampCU2dLTWdhaFU0cXRKUVk=-w200-h112-p-df-rw,2025-09-10T06:40:27.586726
Ethiopia inaugurates $4.5B Africa’s largest dam,https://news.google.com/read/CBMiYEFVX3lxTE5ZQkJDdk9uS19UZGVVUjc0OEN1ZmZrcVlUeC1jcGdaUlFVOWkzVVRpYzVqZV9CM1VoQjVyVVVRcWFDUTZ1cDhIaV81UkwyY2ZWUDY3ZGxxT2EwRXpiVlhxeg?hl=en-US&gl=US&ceid=US%3Aen,trtworld.com,21 hours ago,🌍 Africa Drones,https://news.google.com/api/attachments/CC8iK0NnNW1ZeTFWUjNWWmFVOXRNREJ0VFJDM0FSaVRBaWdCTWdaTk1LQzNuQW8=-w200-h112-p-df-rw,2025-09-10T06:40:27.586727
Rwanda Launches Africa’s First Self-Flying Taxi,https://news.google.com/read/CBMib0FVX3lxTE93V2VQSzY4WW1GRjRCaTNqSnhPM2U4Q3BGM2JwdzZPUWJGT3k5YjZ5S2JWc1JWcWRBOEdtaFJYZk5aSnFRaTJHSVA2T3B3ZmVsejdvZ1k3RGpyUkw1NGMwMEdWdENsUHJhSmFOM1dNVQ?hl=en-US&gl=US&ceid=US%3Aen,CIO Africa,22 hours ago,🌍 Africa Drones,https://news.google.com/api/attachments/CC8iK0NnNU9jakoxWkhOWVEzbFZObFpTVFJDckFSaW1BaWdCTWdhUmNwREpyUWM=-w200-h112-p-df-rw,2025-09-10T06:40:27.586729
Poland's armed forces down multiple drones after airspace violation,https://news.google.com/read/CBMioAFBVV95cUxOWjI2S3ZpS2xJRDBOQjl6dDNwcXQxRkhGenF6ZHdvRkkyd055X3poTFl5c1phTTBieExOWmF3RkpnVFZWSmpwc0ZmV3pPVzBWd3luVWxfV3VqeFRZeGdqRnBVS1FYX19Ma3FXT2VoS09UWUpXRE1uMXZJMXljQUFEdlpiOGRFM1dyUlNCTllMeWlfS1FacW9XMWQ0NFplVEVs?hl=en-US&gl=US&ceid=US%3Aen,Euronews.com,1 hour ago,⚠️ Drone Incidents,https://news.google.com/api/attachments/CC8iK0NnNVdSR1ZUUkVONWRHRmpRME5XVFJDZkF4ampCU2dLTWdZQkE0Qk9QUVU=-w200-h112-p-df-rw,2025-09-10T06:40:27.586731
Gaza aid activists shaken by alleged drone incident,https://news.google.com/read/CBMiXEFVX3lxTE9OemRlaGQ5X2VpSDM2MmE1NUh2QlVLVFpKemVQbm9GN3JJbEdqRU5MZVZydmprN1FuS0lGOWtmRm16YXZqTngza0U1N2l4MkV2MWFyRkpTMGMxTXlp?hl=en-US&gl=US&ceid=US%3Aen,The Jerusalem Post,20 hours ago,⚠️ Drone Incidents,https://news.google.com/api/attachments/CC8iK0NnNWtkVkJHWVZNemQzWXRNR2RzVFJDZkF4ampCU2dLTWdZaGhKQ3NNUVk=-w200-h112-p-df-rw,2025-09-10T06:40:27.586733
Alleged ‘drone’ incident leaves Gaza flotilla shaken,https://news.google.com/read/CBMijgFBVV95cUxON0hSVlFpMWlfZHNfdE1DandXVjRqV2pKb3lya01EVGgyM1l4TUxzaE5rdXFxY2t0V2xzcEpvNEVIdG1pSHRZQjJ2dVdOblZTYVZTRUx2alM2cTlvaFVfVnI2Z3RqMVItdUUyVEROZ0pObHBJLV9zVnNPWUlmSHZESlkzTG9iSmZrOVc4Si1R?hl=en-US&gl=US&ceid=US%3Aen,yahoo.com,17 hours ago,⚠️ Drone Incidents,https://news.google.com/api/attachments/CC8iK0NnNTZRbEE1ZWxNMk1VTm1XVmh1VFJERUF4aW5CU2dLTWdhaGs1Q3NNUVk=-w200-h112-p-df-rw,2025-09-10T06:40:27.586734
Poland Shoots Down Drones Violating Airspace Amid Russia-Ukraine Conflict,https://news.google.com/read/CBMiqgFBVV95cUxPa3lsdFpuRVZNeVdHYzFBbkxsX3E1RWVYUUJDeGVQRU96RVo4LXVTTk01ODVWRmc5TU9BeWVQRUQ2QVFTQmkxeU15a1dYaDJiaURUZmZWUGlFT0FQX2MyaFRSNzFkc041LVhaT3N3YnZDRW1hdnlxRWhPcHRJYnRUNC1RM0Y2ZHZYNGVCOXhfc2ptU2FzaDRpMWg0NzhzVVptSk9PYnZ3amxXZw?hl=en-US&gl=US&ceid=US%3Aen,Букви,1 hour ago,⚠️ Drone Incidents,https://news.google.com/api/attachments/CC8iJ0NnNW9aWE5uVG5sQk0xTnZlazlhVFJERUF4aW1CU2dLTWdNQjRBNA=-w200-h112-p-df-rw,2025-09-10T06:40:27.586736
Global Sumud Flotilla reports drone attack on Gaza-bound ship in Tunisia,https://news.google.com/read/CBMisgFBVV95cUxNYWFwOGhqaFp3U2dTQTlTMFdHZkd3ZUs0ZnlzbUo2cEdOU0JVU0xGaHlhNXlwSFJzTTNHVzUwQ0o1dk5FYm9OR2t1em0tdy1QWWVsMzEzZkdwb0xHQUdoaWY2eUZOLUUtZnd3TTR1bGw5OHhmbHNsbjFBU0tOZ3pHV2NWRU1hU2lvb3R2emZpd2xEbjRSOVRGRmc0MDVIQUlIakNSNjBINGFIU3Ztc3ozRFpB0gG3AUFVX3lxTE9jWElmazdzVlptUmFDYk9ocFdSQThnSVczUlVsUS1NMGNoUi1YQktrYjlUTHVhdlp2R3dxc1FseDljQ2ZRU01kTzFDWmNIVnlKWWpLY1dxc0E1SDM3aXhhUVgzdFZndFpJd0c1NzgyYWU4SG45RU1yb0U1QUREbTd0OWJkY2p5VU1hT1R2ZWxEbzlqcGI4TnJ5LUx2MVRFZm1nQ3VtUjNCS0FtRkFNcWtaNjU4THZuWQ?hl=en-US&gl=US&ceid=US%3Aen,Al Jazeera,23 hours ago,⚠️ Drone Incidents,https://news.google.com/api/attachments/CC8iK0NnNVdaRll6YmtwdE1GZDNWR2d0VFJDUkF4ajhCU2dLTWdZaGhKQ3N0UVU=-w200-h112-p-df-rw,2025-09-10T06:40:27.586738
Drone Attacks on Humanitarian Flotilla Escalate Tensions,https://news.google.com/read/CBMisAFBVV95cUxQOEdCSHIxblFGTnFxS0ZQSVR3ZG1jVEtKVEN1S0ZDbzVqNk1WbWJraWF6OE5QNm9IY21pREtudmhOazBtc004Q0YtcmcwYzdUUjhKWDdNM0o2aHdSaEhBMHNhQ0pDU3VXSkFVYjZ4ZzYwMi04WGdGWnY3VHItQk8zd2Y0eW5DSjZ2TFFaYzl1SC1BZi1maDFFOWhLTFNSemJQUzlGNG82VzUtek93YlRUTdIBtgFBVV95cUxNQkVVcExvNFB2M01vbWtQdWkwUmlDYzVjZ3JFNjVrNi1Jc29MSTNDMlc3Mlp3QWRmZUtOTGZjLVNObnVJWE5UV1lieUliSlpaR1l4ZDlqYWNmZmRrMEZpOXhjRzh3c0YxbGxsQXZRTnlyLTNkdlA5NmFocGFoZC1VUzBIZW0tZElEYUhZODk5MFF6OVVEbWtDZ1NjVV83S08yblpnUjhVcjZoM0NyV05rQlJ2Wkw2Zw?hl=en-US&gl=US&ceid=US%3Aen,Devdiscourse,6 hours ago,⚠️ Drone Incidents,https://news.google.com/api/attachments/CC8iK0NnNWhZMWN3WDJkU1dUVlNjemxsVFJDcUJCaXFCQ2dLTWdZQk1Jb0pvUWc=-w200-h112-p-df-rw,2025-09-10T06:40:27.586740
Undetected drones enter Polish airspace and crash in east,https://news.google.com/read/CBMilwFBVV95cUxPMVlwbk9iMUtMUDBub21FTVlGT1pHNmFoLTdmTVVfMXVJNUh4c28wRDJaZGMtSVp5N1VlNnRDemtzVjhJX3REczcwT2p1dGJ5V09iYi02Rkd5TFJ2Zy1oLVVOcXg1NDVSdV9pT0d1eE40aXFBMmFzdk1jZk4xZ0YwNWg2R2FoZExLbHp1dTVoU3gtODZlQi1B?hl=en-US&gl=US&ceid=US%3Aen,Brussels Signal,22 hours ago,⚠️ Drone Incidents,https://news.google.com/api/attachments/CC8iK0NnNXBhVUZaUW14UlNscEJjV3BLVFJDZkF4ampCU2dLTWdZQlo0d2xMZ2M=-w200-h112-p-df-rw,2025-09-10T06:40:27.586741
Poland's airspace violated during Russian attack on Ukraine,https://news.google.com/read/CBMimgFBVV95cUxPbXVzWExFRWc2UHc5VGRJRlN0eGUtaUZfSVZwV2ZaYWZFM3B5OHNzRHhhVmpvbXlmUTM0VVhGNldqTEQ4eHBHS3hWbDhkMmJEZ1RNQ2lVMHpRRmdoY0FMWkNmQU5GQlphVHRNSk9TU1I3WHpFcjRpNEpJSS1Ia3UwaWFjTThJdkhiQVg5ZTc1SThPTVcxazdQNFpR?hl=en-US&gl=US&ceid=US%3Aen,dw.com,2 hours ago,✈️ Airport Drones,https://news.google.com/api/attachments/CC8iL0NnNVRSV3A0VG1oemQwc3RNa2x2VFJDZkF4ampCU2dLTWdrSlVvalVLQ21pOVFB=-w200-h112-p-df-rw,2025-09-10T06:40:27.586743
Man Pleads Guilty to Planning Attack on Power Substation in Tennessee,https://news.google.com/read/CBMiiwFBVV95cUxPZzNfUHhLQUVOdEFxdzU0clRfb1hLay14cjAyWGZOd1gzSGxHLXZYWmI3VFBNdjVLbHhHR2JJLTQwall4VU83T3FacWl3QmRQZFFCUzBpQ1h5dzNHMjhTT2laQWNLQlh3NjJlLXEwbnFBelV4Q3d5Njc0bG9JQlVaa3VqZFNhYmE5Qzlv?hl=en-US&gl=US&ceid=US%3Aen,The New York Times,7 hours ago,🏢 Prison Drones,https://news.google.com/api/attachments/CC8iK0NnNWpkRXcyY1dGbldrTnJXWEpLVFJEdEJCanVBeWdLTWdhaGM1Q05yUVk=-w200-h112-p-df-rw,2025-09-10T06:40:27.586745
Baton Rouge woman arrested for trying to smuggle drugs into Federal Prison in Grant Parish,https://news.google.com/read/CBMiswFBVV95cUxQdXROY2VCWDhaMXBkNU9xMTNTOEJFdGpyckx6MUVIcmUzY3F6cFJNM2pKU3pXakltX1J0bElIRXhxSzhjcVE2MmdfdnBPLXoxLTVsc1U5X0hyNWtFQlFPUmxGMjF2ZjZzdnhqZWJfYzJ5TGF3RkVZWU5OQ0poRG5oNHU0UXprNHViVmJSdU5BRlVELXN4dlV5UWtvMkZkQTlkeDFoZ0ZSMWNzcVVmdl96ZTl1VQ?hl=en-US&gl=US&ceid=US%3Aen,KALB,17 hours ago,🏢 Prison Drones,https://news.google.com/api/attachments/CC8iK0NnNVRjWGhYT1Y5VFluQnJPVkJxVFJDZkF4ampCU2dLTWdhcFpZN05xUVk=-w200-h112-p-df-rw,2025-09-10T06:40:27.586747
Man pleads guilty to charges that he meant to blow up a Nashville power site with a bomb-laden drone,https://news.google.com/read/CBMi8gFBVV95cUxPeTVSZWdLVnZYa0I1OE9mbXY5aVlDbnQwb0pyalh6OXdvd0V2QnZXdnp1RUhEcWhDMnQ1S3VDMm9jcFh6VG54ZzVHTWEtekpSOUw3ejgzNmpOQ3FLcVFHaXE0ZWRkWkg3RlBva2VQVWk0NVpROHhwQV9XdGpQVnBkWjg1TUx4UHBPQ3RxLS1ldkNFVURGY2xvcm9xcGRTVm9BNUtNUGJ6bzJhSmVaNU5neEJLRnB1X203ekxOSjRxaTE4OUtvbVhvcXlzS24zbVpydkI1Q2l6a29iRkpuUGRlSTAyMUdHcy1ENWlyQnUtZGdZUdIB8gFBVV95cUxPeTVSZWdLVnZYa0I1OE9mbXY5aVlDbnQwb0pyalh6OXdvd0V2QnZXdnp1RUhEcWhDMnQ1S3VDMm9jcFh6VG54ZzVHTWEtekpSOUw3ejgzNmpOQ3FLcVFHaXE0ZWRkWkg3RlBva2VQVWk0NVpROHhwQV9XdGpQVnBkWjg1TUx4UHBPQ3RxLS1ldkNFVURGY2xvcm9xcGRTVm9BNUtNUGJ6bzJhSmVaNU5neEJLRnB1X203ekxOSjRxaTE4OUtvbVhvcXlzS24zbVpydkI1Q2l6a29iRkpuUGRlSTAyMUdHcy1ENWlyQnUtZGdZUQ?hl=en-US&gl=US&ceid=US%3Aen,cbs4indy.com,14 hours ago,🏢 Prison Drones,https://news.google.com/api/attachments/CC8iK0NnNXlUSGRYUXpGaWVFVTFVQzB4VFJERUF4aW1CU2dLTWdZQjBJTHBVUVE=-w200-h112-p-df-rw,2025-09-10T06:40:27.586748
"Nepal Gen Z protests: India seals borders; UP, Bihar up vigil amid jail break reports",https://news.google.com/read/CBMixwFBVV95cUxQRUYwcG5fdk0yY2lGZEFFRDY3SWhBSE9uLTVGd2xSQkt0RUtVbTBOeVdxc2pQSm5mck43THd4NmMtcVZxTEEwWFF1SnlYMDhvdTB2ekZUdkx0UldfOUMwVkNWdnI2Q1hsaU1BcXJSdVBpYmV5MkhyYUNBNXRpSldsVEVWYzN4VlloV1Npa01feHVobzJjZ1NZTXRCSlJrT1lERFIwdWdTekZ6cXVOeVJ5SDRQekdvem41R1RyNlg0Y0QzbHIzclVJ0gHMAUFVX3lxTFBkeEVnc0w0T0ViaWU3Y3U3bXNtR2hvZDB6UWExdVItM0Y1WXR6ZWY1eDdfMEtQU2wxZWJEeHA2eXJKSm5GREFBRUt2NzBxR3lRc3RZdXRKUkJsdXcwWUVvdjhWN0ZmQ0w5VGdLT3p2TGQyVXJtRFlvTVJYcXVNeGtDYm53WUZoVENEZEdjQ3c4TzR0bUs1S3BmQzFGT1pmdEdCZFF3NnBDWHhFdEJkaTY0Qjh6ZlZVMGQ0N0tSZTJrM0d5SnFGYnBsY3F6TA?hl=en-US&gl=US&ceid=US%3Aen,Firstpost,3 hours ago,🏢 Prison Drones,https://news.google.com/api/attachments/CC8iK0NnNVpNRE5tYUcxQk1UWlNhekExVFJDZkF4ampCU2dLTWdZZFpJaXNzUVU=-w200-h112-p-df-rw,2025-09-10T06:40:27.586750
"Here's what life is really like inside Montreal's Bordeaux Prison, according to ex-inmates",https://news.google.com/read/CBMiZ0FVX3lxTE1yNm9Da29mSlgyMTBKX2VwNHBPLWVFR1VtbVFlYk5WY0RzM3N5a3N6T0p1UTNERnBrbkpCRnV6WXl1NFg4bWV0WnphY3pDM09WcHREV1JacUF3S1RvMV81NWFUNGt6Tk0?hl=en-US&gl=US&ceid=US%3Aen,MTL Blog,15 hours ago,🏢 Prison Drones,https://news.google.com/api/attachments/CC8iK0NnNDVYMFI1VmxkV05WQTFjR1ZTVFJDZkF4ampCU2dLTWdZQklJcGxwZ1U=-w200-h112-p-df-rw,2025-09-10T06:40:27.586751
ASIA TODAY Bangkok Supreme Court: One year in prison for former Prime Minister Thaksin Shinawatra,https://news.google.com/read/CBMiyAFBVV95cUxNUTBfXzJoZnZCa3VjREJmVmNoc29KQWxrZGpncjVvcXRrTGhKN1IyMFF0VkJBLXpveW5jMXFxZnp4V2FqbzlpSWEzWGtRclZWdjlob1JrTkNaYzd4bkduTlNXTTBNTHZldTVaT2xHSEN6Rk50THBMc1VvbHBROEVaalVWcnd1SVY3VU0ybm1qaWZ0QTlVakdTTkRoSTdmNnlaZ2kyenNHS3FSSTZTWDlGcW1pcEpURTZnWC1IYUxwY2JZMVVNQTVhRg?hl=en-US&gl=US&ceid=US%3Aen,AsiaNews,22 hours ago,🏢 Prison Drones,https://news.google.com/api/attachments/CC8iK0NnNDJWRTlrZVVadlNrNUxWV0pXVFJDZEF4am1CU2dLTWdZZFk1eE1xUWc=-w200-h112-p-df-rw,2025-09-10T06:40:27.586753
Man pleads guilty to neo-Nazi-inspired plot to bomb Nashville energy facility: DOJ,https://news.google.com/read/CBMilAFBVV95cUxNajJDQlVPUFZKejZsY0dJNGxPOGF5NHZYYWVtaS1HMnhNTVlnaTZTdXNERUFSNHNILVdHNHoySDJtZE1oYThNVDMwLXZHeW9oaVRQOTRPeFNnUXQxN3FxMnRpVlBjN2R6MTJJYUhiZS01a1N0cDVVOHBadndfQUZ1VHpWdFg0UnFCWUV4dDJaOVNEVGtr0gGaAUFVX3lxTE92aTNsVG0tQzJzYjR5dzVoNGFRQ2NjUTZqdmMyMlg2MXVqQnE4VU9FcFJHVjNoSW5uQlpYMlFuX1RpeEFDLTVQSlFEakRyT3hiU2QycXhsNXljYjNpZlRSNHhGVnNMaHU4NmczRXFsX1pFVEx4YlNzV3BPRE01X0hHa1lIMThybVBrcGlKTkVQR2w3eDRydWJQTVE?hl=en-US&gl=US&ceid=US%3Aen,ABC News,12 hours ago,🏢 Prison Drones,https://news.google.com/api/attachments/CC8iK0NnNU9OazVEWDFWNFlWODFOMGh0VFJDZkF4ampCU2dLTWdZQmRJS3F5UUk=-w200-h112-p-df-rw,2025-09-10T06:40:27.586755
