Title,Link,Source,Published,Category,img,Scraped_At
Russia-Ukraine war updates: Ukraine comes under deadly attacks,https://news.google.com/read/CBMivAFBVV95cUxPUHoyb2hkNEV2UzJjQVMxcGpCczF6RWgtVWd0RmtJNjZYandyYmU0MllZMkROS1lYTS1QTW8xYmQySTZUVzNaUWhWS3g1R19WWEtMalV3UTNwVFBnaDVoSHlXVURoUkJwcExXR3p6YmNCOFdocVZLdi1vaHFmRkU4cUJGeHdtR2dZQWhzVi1yNjFfVndIX2lYLW9GU1V2cUJnTFRFaE9sMTVwclJRYlFuTHVZcTJYTHNoeFAwNdIBwgFBVV95cUxQSjBOV3cwQUpGZW5od252bWNXMzFnN2VmSHRhNjIwNWtEUlZXUURpdFNMN1Y2MWFNUnpkRG9sZXFKTjZGckpWeWllSEVaUndGcXE1OUxCMHdxMlNfZWdOR3dUTzk1MUZyaE5LZFVSV3gtRTRSNDhuMjUtS2t6bzhDY2p5blZmVkN3VUx5NGZoeHNKSFJIcVVhX3JSTkxCWklZa0o1Y3dnVURSUFpLNVg1T1YzTFNNalBHN0N4NHRpNlZUQQ?hl=en-US&gl=US&ceid=US%3Aen,Al Jazeera,11 hours ago,🎯 Military Drones,https://news.google.com/api/attachments/CC8iK0NnNXhkMmx2VmpaWFgybGpaM1ZMVFJEZ0F4aUFCU2dLTWdZWmxJWkpOZ1U=-w200-h112-p-df-rw,2025-11-30T02:24:41.475517
Germany Hit by Record Wave of Drone Intrusions Over Military Sites in October,https://news.google.com/read/CBMivgFBVV95cUxPbUViUDBObkhhMXNmdDFzcE52YWMzeldjQkFvWF9pWDBMSnpqNGVVUDJPZkVzVFlVeXBydUw2MjM0S21jeUJDYk1nZlhLZnNScXZUUmJKb1Rwa3pHYW9tRWsxcTNUbFJyaGVEYmxNaUt2R3lIbHZYR1dnUzV0a2NTQ0stWTlzeGhDQzNjcldTbXlRNkk2VWx3ODBVeGpGb0lucEpiWXk1bEF1c2VEczBPaFRBMnlNeUxEejNUa2NB?hl=en-US&gl=US&ceid=US%3Aen,UNITED24 Media,11 hours ago,🎯 Military Drones,https://news.google.com/api/attachments/CC8iK0NnNXdNeTFEYjFOdlUyZDJhVTFPVFJERUF4aW1CU2dLTWdZQmNJWnNRUVU=-w200-h112-p-df-rw,2025-11-30T02:24:41.475533
"Taiwan seeks 48,000 military drones in US$1.5 billion procurement push",https://news.google.com/read/CBMijwFBVV95cUxPa3lJWU5xX1cwRlczNGg1VWJhLWJJTU5ZN2F0OWd3b0JVLVRjWFN6eUZuY3MycnN6NDVkUzNpV08yRHJPR2w0bTBWb0kzZEx4VklJak11S2ZVWlBmRUh1SGRnVlQtR0UxcW5kbjBjZHgtTDRZVnAyVC1YOElhR3U3N0ZGRzd4X0ZfMmRBanhmaw?hl=en-US&gl=US&ceid=US%3Aen,digitimes,17 hours ago,🎯 Military Drones,https://news.google.com/api/attachments/CC8iI0NnNXJiWGxvWWs5eGJGaFRUMFpvVFJDckF4aUFCU2dLTWdB=-w200-h112-p-df-rw,2025-11-30T02:24:41.475536
October sees record drone activity over German military sites — Reuters,https://news.google.com/read/CBMirgFBVV95cUxQNU1fc2FOYmdxdnlkbTZUUjJBSW9xMklGRzBrOEQ4bHlqSXdrMjEtalk5cWVEZWJCajNHTHJIM1F4TzlWY0VNX0M2VHQ0LXVnbHhpTEJTQ1VTUFR4MVFDbC1qY3ZZTHJfbVpXVi1oWHVyR0dIWXN0ZnEyNEprbENrdWJ3MkVVOHNpcy02d1pNdURqR1BaRWJ3bG1WYkV1d1dpZzR1amN2VVVOaDA4WHc?hl=en-US&gl=US&ceid=US%3Aen,Euromaidan Press,12 hours ago,🎯 Military Drones,https://news.google.com/api/attachments/CC8iK0NnNW1UV2wxWDNOb2JrZDNXVUZXVFJDeEF4anRCQ2dLTWdZQmtJcG51Z1U=-w200-h112-p-df-rw,2025-11-30T02:24:41.475538
Caught: Chinese Supplier Takes Ownership Stake In Russia’s #1 Drone Company - Records Deleted In 24 Hours,https://news.google.com/read/CBMiekFVX3lxTE9nOWNXZmJTbmdvNEE5bWNjMHZrTVRXVDh4T2h2ZExlcl9Na0w0UUhuQTlXOGNFeWFmWDViWm4tY3Jkc3luNVZXQkplMUVQSVg2X0RUeVpGWEc4XzVuYTNpRWlybDhfN0t4bGFnTjE1QTJaTU9FX1o3MU1n?hl=en-US&gl=US&ceid=US%3Aen,DroneXL.co,7 hours ago,🎯 Military Drones,https://news.google.com/api/attachments/CC8iK0NnNWZNV1ZDVTJOVGNXOW5ORnAxVFJEd0FoakFCaWdLTWdhWkk1S3RtUW8=-w200-h112-p-df-rw,2025-11-30T02:24:41.475540
Tag: military drone crashes,https://news.google.com/read/CBMiZEFVX3lxTFA4TWZVZ2IwRkNTNDJIbnExM0p5MEx0QWFxZTBPeUxORnhJdFI4Wi1fT0FoUlNzTkxaYnBqZG9IbXF4MmMwVFNhd1o0R1o2aUotUjUzeDlfSmpud0JmUUhHVFh1U2s?hl=en-US&gl=US&ceid=US%3Aen,Mid Bay News,19 hours ago,🎯 Military Drones,https://news.google.com/api/attachments/CC8iK0NnNUNSV2xZTVMxbGJYcHZMVGQwVFJDZkF4ampCU2dLTWdZSkE0d0dtd28=-w200-h112-p-df-rw,2025-11-30T02:24:41.475542
Dutch military opens fire at drones over air base,https://news.google.com/read/CBMiggFBVV95cUxOSzI2a0RWX2JaV3VTZVBrZTQ1U3hqSmExU3hldUF4Nk94UFpDMUllS24ySEt2Qmx1QmxKbWo3eVpiUTd0OXR2ejJFUFNuSUdWQjR5V0ttdWJocTRZdUVfQldSVVpoRHJDUS00Vldmam1MSDBqVWRqcnd5NWhITWxvNkhB?hl=en-US&gl=US&ceid=US%3Aen,AOL.com,14 hours ago,🎯 Military Drones,https://news.google.com/api/attachments/CC8iK0NnNWxlV1pUVTFZeFdtWllOa2xUVFJDckF4aUFCU2dLTWdZVlVKZ3FwUWc=-w200-h112-p-df-rw,2025-11-30T02:24:41.475544
10 Best Drone Stocks to Buy Right Now,https://news.google.com/read/CBMiiAFBVV95cUxNd1JFVWNmbnBsX1drWkNQNDVVNml6YU80VmtoVkhvTXd5WnEwYlRhTGZXQ1N6dE4zS1NBRDdlMzR2VUFsOVpycEJwUDZNUDVrN1Bmd0d5TFB2RFRENHdGa3VSRGVlRlRFVnBGWGN2ekwzdmhmSk5yRVZKdzNLWWlJc3RTLW1ZUkpL0gGQAUFVX3lxTE1wUGdmWm14R2tyVGdnMkMxb1h5Q1JzZHBYeWhpVlVla1lwQXNsYXRQN2h5Mk4wc2JGYW1MY3pZRWN3cXc3dkFYOURHSnlSdENScmxfMWhDc2g2Z1VNMEV6SlV1bkZuUVQ5eWVObGZhbW1CNzJWczNkTFFzSzU2MldnTTVKTTlhaVRrUDVQb0xSRQ?hl=en-US&gl=US&ceid=US%3Aen,Insider Monkey,15 hours ago,🎯 Military Drones,https://news.google.com/api/attachments/CC8iK0NnNTVXRzExZG5remNuWjVhakJDVFJDNkF4aTJCU2dLTWdZUmxJck13UVE=-w200-h112-p-df-rw,2025-11-30T02:24:41.475547
"russia Tests ""Dragon"" Drones Against Ukraine's Mesh Tunnels — How Effective Is This New Tactic? (Video)",https://news.google.com/read/CBMi0wFBVV95cUxPN29QUTZheE9fQjktVUJRWUpBY1dEUnpDQmFuOWMwXy1Qa1BXODgtU2Ytam9kaVhqMEpYREJEY1p3SjU0MDBiWXlNa2tZblRCeS1PSnBJTDdfYXQ1aERmRjYzM3FtUVJWcUFFeHpHWjhZMnR2Y3dMVHY4TVpCSm10V0RiQXRibzZuNWFWOTNtQWcwRWgwbDAxNnNDRFJYbzliUnZIOVR2cjc1TWl5aUk4ekFNN3EwYjBsZkV4RkdlcXA1NS1OQmsxc3BXWnpEQWl4ZHZj?hl=en-US&gl=US&ceid=US%3Aen,Defense Express,3 hours ago,🎯 Military Drones,https://news.google.com/api/attachments/CC8iI0NnNW1hRkpHZVV4SFMwcFFRM1p3VFJDWEF4anhCU2dLTWdB=-w200-h112-p-df-rw,2025-11-30T02:24:41.475550
Germany records a record number of drone sightings over military bases,https://news.google.com/read/CBMimAFBVV95cUxOVDM2cHhyYkVKckdtWGkydHU3QWZhdDdRVm8zMndkSVNnM2JxTUxIdXhpeHJMc0I2R3dwcXNaNlpwa19uQml3c1RGTGkyeUF6NUdoZjFtSUUzbC1iQnljd0pZaUY4YkoyeEE3bTZBRHFYdmhYblI5QnZwRE5sWjVzeHNlNkR2cVpVenhsUk90d2hGUVZ0Nk5oetIBlwFBVV95cUxQT3NCSEtwOU5qVHNNY2o1WHJPWElBZ203REhRdnEwbEZDZjJTVXdoMy16VzlEMXZPeV9KeUNyTHkwcThKRlA1ZG05N0ZaTnlSY3oxZ1lEcTZzTHZaMUE4aTFVMTNGVUQzRFJCMU1kRG8wUjEtMV9lQ21MakdLb3pKZWJ1SGZoSE9NMzBzbkV3SHlIVHZnaEJR?hl=en-US&gl=US&ceid=US%3Aen,Українські Національні Новини,20 hours ago,🎯 Military Drones,https://news.google.com/api/attachments/CC8iK0NnNW5lbGRzYkRGWll6aDRUME55VFJERUF4aW1CU2dLTWdZUlNKQ0lwZ2M=-w200-h112-p-df-rw,2025-11-30T02:24:41.475552
Ukrainian drone pilots look to AI for battlefield edge,https://news.google.com/read/CBMirwFBVV95cUxNWjZYcEFOOGFPbVA0NHhtSVgxT2dwT1VoVkNiNmtVQ3BUZXdPODRETDByQk9PM3hPQ3VZRVAwMEdGNlpWZEhKMU95RUFUQ1lmU3hDa2JXVHhRcVc4b1NwbkY0Tk1oMzZHeWpfeVN1ZnFsRTRlZHJKUmhUNS1MMk9aTVE4VUZGQkJBSkhmVlIxZnNaYkZTQmpfVmFIRmVBeFNMWl9FQ3BvOEZFLWZMM25R?hl=en-US&gl=US&ceid=US%3Aen,Reuters,9 hours ago,⚔️ Combat Drones,https://news.google.com/api/attachments/CC8iK0NnNUJPRTlUT0cxb1JHNXFlRzFVVFJDUUF4ai1CU2dLTWdZaEJZanV2UVU=-w200-h112-p-df-rw,2025-11-30T02:24:41.475554
Russian drone strike kills 1 near Kyiv amid flurry of peace talks,https://news.google.com/read/CBMiyAFBVV95cUxOdHFLVjd2WXdIYlFjVEwyM0ZBX2pFbUNXX3Y4WW1iU0RlcGdjT0hFTTVIZFJWdVBHRnJkWXFuUTBFY3Vxb1VTSHp1QndiUTJsdUFDcjc0RTRCcmE3ajdSbHZGRGFId2F0TUt5eVVqXzhiVEp4XzdtZkNwZUctSTdsSUJOU1FmZnQ3VGdqRjRWV2dLOVZLeW9DMmJ1UFV6cWN1d1dmZEZ3QS1JczZmN1AtTUVzTXlhYm5BeUcyeUNsNm5TQ1NQWjVpadIByAFBVV95cUxQQVpFZUljbnZFODU5Z0RlLVdRX1duNUNSSDJxTG40T3lmN09OdVJ2cURnd0RMdjVkZWVOb0IwN3RaWno2eGkzemFTd3I1VEUxTjA0c1o4ZlNHa2o3ZWlnUGF2a2h3UjUwS250bEtIeFFTYnZCclQybnhTTXl6VEMyWWZSZjRaY2Z3cEM2bG1rRjNtTldQb1gyaUxFdzNQSFpGT1RQU3RjT0FDclVBOF91V3k2bTZ1cjltSW5wMUpBNnBNOHowUExNZQ?hl=en-US&gl=US&ceid=US%3Aen,South China Morning Post,30 minutes ago,⚔️ Combat Drones,https://news.google.com/api/attachments/CC8iK0NnNTBRakp1WldaaVZuZHphMjFsVFJDUUF4aThCU2dLTWdaQk1ZU1gwQUk=-w200-h112-p-df-rw,2025-11-30T02:24:41.475555
High-rise building on fire in Vyshhorod after drone attack,https://news.google.com/read/CBMiqwFBVV95cUxNYWQwOEowcHFUWHJQMHYwTjFXZFQwNDFWSG4zNlBVY0ttdGQzVGdrcUFXU3VCXzg5c3hQR3lELXMza3Z0UTFBcTI3bDZsbHotd3hJVDktZVBXaTlwdWpUbVVNejZHeG9oby1OLUJyS3FHb3NJRmk0ajBhWEFqZUNhOHNkSEFIOW5GNUNCejhzNmNiREdhX0xxUnFndld4QUxnYlZwRWdkT3V5VUHSAbABQVVfeXFMUDJ5QTY3eUxUdVRmbVdzcUdIR2ZQSVU4cTdkeVljcUduLUk3OWFFVkF3UFZBeUtHT0I3dng1dkNoNDNudU9YTlE5SnRDMmhhdHE3blE4cE1lVk9EejFHc2x3NVk2dm1xSWN6dDAyckpPOG1XZ3YtTzQ3THd4NEV6N2pMNjd3bjltU0VlaFJYTjR5MjFLTVZLVFV6NWRSeFF0SXNQcnh3QXM5YlNjY2x4X0g?hl=en-US&gl=US&ceid=US%3Aen,Ukrinform,4 hours ago,⚔️ Combat Drones,https://news.google.com/api/attachments/CC8iK0NnNUVka1ZYU0hNNE0zRTFOVGxTVFJEb0FoajJCQ2dLTWdhOXNvb1RPUVU=-w200-h112-p-df-rw,2025-11-30T02:24:41.475557
Skunk Works makes history: F-22 takes command of 'loyal wingman' drone,https://news.google.com/read/CBMiggFBVV95cUxOYXlkem1PZW1vOHROVFpienJYdGxVZ3RvYzVVVmVNRzZLRm5fUmFVdWRSOW1ZQVRnS1hyRC1NVGF4b0VqcmhDblZDLXVmeEcwT0tMNVdOaHVXUm1KZDNkOUJRWFV1bmI4aVRTcjdxYl94S3RSb1hNdnFhV3U3LTZpYU1B?hl=en-US&gl=US&ceid=US%3Aen,New Atlas,14 hours ago,⚔️ Combat Drones,https://news.google.com/api/attachments/CC8iK0NnNVVWM0J1VURKdGMzaE9UMGRMVFJERUF4aW1CU2dLTWdZQmdZeWhOZ1k=-w200-h112-p-df-rw,2025-11-30T02:24:41.475559
Egypt Unveils “Jabbar-150” Drone Inspired by Iran’s Shahed-136 -,https://news.google.com/read/CBMihgFBVV95cUxNTlNybGJmRExaM0E1amlTMVVnRUY2YUdSdlk0a1RDVDh0RFJlemF3aTA0OEJKZjU4cDQwMVo5VUNTVWFmWG5kaEdvZTZoSGMxenB0TnZGTTIwNFpFUU8yUFVNTlAyeUsxZzkwRFJjbkV1M0RIQk8tOFdPWHVoTUpMaUd0bDZwQQ?hl=en-US&gl=US&ceid=US%3Aen,WANA News Agency,17 hours ago,⚔️ Combat Drones,https://news.google.com/api/attachments/CC8iK0NnNTRhbFJKU1VSVGJ6SkhUR296VFJERUF4aW1CU2dLTWdhUmdZNk9NUWM=-w200-h112-p-df-rw,2025-11-30T02:24:41.475561
Lockheed Martin’s F-22 Takes the Lead Over a Wingman Drone,https://news.google.com/read/CBMieEFVX3lxTE9IUkdOQWd4YmphcW9UR082RW5ONHFjdmFzbVAzZFo1TlYtWGtsMHhwTGFpa1N6dFY1Z1MwQmlxMklxTkRIXzBXVnBpN19TalphaHdpLWJDTkNQdWQzeXhSQ3pUdTZqMGFxNzd3dzVXQXlzMlNpSy0ycA?hl=en-US&gl=US&ceid=US%3Aen,TechEBlog -,8 hours ago,⚔️ Combat Drones,https://news.google.com/api/attachments/CC8iK0NnNW5Ra280ZEhWaVgzVnNWMmhFVFJERUF4aW1CU2dLTWdZTlVJcTFwQVE=-w200-h112-p-df-rw,2025-11-30T02:24:41.475563
Ukraine war latest: Deadly attack on Kyiv as Russia launches 'dozens of missiles and hundreds of drones',https://news.google.com/read/CBMiigFBVV95cUxQWlE4ZEc2RDdHWWh5VWpEUXRFX0NHRDZaTXlRYy1jV3RmRXAtNFJrMjZUdHliTjZtd05fbXQwdFI3NmpIaGg4bmNBYXdxaGwyWkdKUDNHSHBzR0hWYTYwQmV0Z0gtc0o4U2I1S0xRT2FHTVRQR0stekFOcTJTdEg2QzJaVHVLRmJMbFE?hl=en-US&gl=US&ceid=US%3Aen,Sky News,11 hours ago,⚔️ Combat Drones,https://news.google.com/api/attachments/CC8iK0NnNXdkbGxSZDFWcFNVMUVibEJvVFJDZkF4ampCU2dLTWdhcEphRE9HUW8=-w200-h112-p-df-rw,2025-11-30T02:24:41.475565
European interceptor drones are technologically world leaders,https://news.google.com/read/CBMi2gFBVV95cUxNcmNLQTJnQTVYcDNMNnY2bEFHWjZLRVBBNTZMMUpfUXpHTmNnTWdteTl6dzROYzhLbll0ak9FYThzZFZBQ1dGOE5QZHN3cXZzZy1SMXZuVUtqalFpaFl5TkxNenp1WUJCZ3R1ejlMWmFmV2g0QkkyYkE4QmpnMjRPempuRm9oWUcyMi1OT1lDOVg3TFA0ajRaQWlPeXNzdDM1N2t1WWNGN0xiX3pFdzJndGUySHNnaUM3ZklXQk9aYXBzSnVwbi1qQ1hvUXU3aks3eXFjTGkyTUl2dw?hl=en-US&gl=US&ceid=US%3Aen,MSN,22 hours ago,⚔️ Combat Drones,https://news.google.com/api/attachments/CC8iK0NnNW1lVE5sWjNOd1YyOUdha3R2VFJDZkF4ampCU2dLTWdZZEFvckxKUVU=-w200-h112-p-df-rw,2025-11-30T02:24:41.475567
Russian Drone Attack Causes Fires and Damage in Vyshhorod Kyiv Region,https://news.google.com/read/CBMinwFBVV95cUxNc3RsYkFaclFUTHlOTjdTWHZWOG9WRzE0enpub3dzdFBuZTVmb2dXZFpvMWRseTNxRnJnUjNqeDhyd3hmeF9CdTZKY05ZUXZ2RTMxdkdYR041NVVKdWNMdkR0Zkp2d1cyVDhpbDlHR2pDNmJ2bjF0bWdQOXI1cENqdEg2QnlLSEk4U1FtQnlGSEw1S2JDOUZVNHZ3UG9hUDDSAaQBQVVfeXFMTWhzM3VnOG83OHBhZGRVc1A1blRaN1FwTjYyYkl0QTZaWkNKenpxbXhXV2h5Mzh2Vng3c05pNHVPLVRXQ1Q4ZjFkQW9Gc0U2YU1kaWV3SGFEejQ5UEdzNkxyNW9ZX2ZrNHU5Z21aQWVyYUhMTHhpamlpYkl2a2kzR09Jc3pJem53UjlBY0dSeWhLUFRFeTZYazZwVGphNTJiXzdnZXA?hl=en-US&gl=US&ceid=US%3Aen,Букви,2 hours ago,⚔️ Combat Drones,"https://encrypted-tbn3.gstatic.com/faviconV2?url=https://mezha.net&client=NEWS_360&size=96&type=FAVICON&fallback_opts=TYPE,SIZE,URL",2025-11-30T02:24:41.475569
Russian strikes on Kyiv kill 3 as Ukrainian delegation heads to U.S. for talks to end war,https://news.google.com/read/CBMiwAFBVV95cUxOdm1uVk92ZkNBLWVBUjNFVE1KVGxJYWN1SWdMYng2WDB2WmFzQ0IyX1BuTExrVm9mWDB1bEJmYkY1VDNNTHdOeUtaUF94dWwwSER6NzhpNG52dmtkWldaZmhJVmU3OHNxY012VVZ6U3o3SkhWeXJEU0Nmd183RWZIRTZqbVlRVngxRG5iSlN2eEd4dFY3SjZhWWhwNHBjZHlqM2ZZbk9tdFZEZzRxajYyLXBvc3AxcmdVOVdpMkY2ZHDSAcYBQVVfeXFMTnhGR2Fuam9hWmJsVXo5Z2ttOWFkbS1SYWlINEFRdlFsOC1iaHRDNDN5ejdHY1ZqREpkZ05IR3JTSm5jcnc5UGhkRFdJMmdUWGNTNWZOcXVnbmlyMzZ0MXVCSFB6bFRlWHBVUHQ5UXIzeUlDSWtQTC1jb3BPLV9ZNTdIYkdKZXFNNDlfR1Bwc3h5eU5tX1M4T191bFVkR2o4OVVweUJ0NW1OM1ViLVBXMzF3TTdPemg5aGJCQ1lteVhXSkNYQUpR?hl=en-US&gl=US&ceid=US%3Aen,PBS,2 hours ago,⚔️ Drone Warfare,https://news.google.com/api/attachments/CC8iI0NnNUNVemd5Y0dWUllUUlpRVE5GVFJERUF4aW1CU2dLTWdB=-w200-h112-p-df-rw,2025-11-30T02:24:41.475571
Kyiv Delegation Heading to US Amid Naval Drone Attack on Russian Tankers,https://news.google.com/read/CBMipgFBVV95cUxObzhHUWdyY2dmalpKa2liOWVpS21hUzIzMXlyRlVkeHBxazhHMFg2Q2JYOGh0V01sZ2NhdmVHRVFULUhZYi16Sk9FZ19iNTB2TkJLdmE4aDFUUDk2WXNRVnFBcXB2Z3U2OVljUWRvdG1BS2RWWWRLakZJSVZ1ZDgyaFNZLVJJcEFnTWs1VUo0Ni1aZXhKZ2RiS2xSdDdvT3BtaFdsalpR?hl=en-US&gl=US&ceid=US%3Aen,Maritime Fairtrade,1 hour ago,⚔️ Drone Warfare,https://news.google.com/api/attachments/CC8iK0NnNXBhM1puYXkxVmVscEJhbkUwVFJDcEFSaXNBaWdLTWdhdFE0aHdJUWs=-w200-h112-p-df-rw,2025-11-30T02:24:41.475573
"Russian strikes cause power outages for more than 600,000 in Ukraine",https://news.google.com/read/CBMiWkFVX3lxTFBlOHFzRVkwRVdOX2hTUVdULVVfSGxlbXBxVmc2Q2RrWG8yekhidk1wQXZkNGNLX09VRTBqQ3FGVDF4aEl4eHZtczhpNG5qOXBtU3JIMDZHdWtlUdIBX0FVX3lxTE1kUUZSNk9rNGlYTU54LXRMalNocFB0X3RjQW5KVkU5WC1wYlU3cW50bEJIejFuYUhwS1NKTW1DNkNBcXRJSG53cTNJRVgyMGd3ZklBWEdXM1ZrMzE5Nnh3?hl=en-US&gl=US&ceid=US%3Aen,BBC,13 hours ago,⚔️ Drone Warfare,https://news.google.com/api/attachments/CC8iL0NnNW9kbVprVW5RMlJscHBkbWxJVFJDZkF4ampCU2dLTWdrSllJaEpOS1F0YWdJ=-w200-h112-p-df-rw,2025-11-30T02:24:41.475575
BSF strengthening drone warfare as aerial threats become central to modern conflicts,https://news.google.com/read/CBMi5gFBVV95cUxQWFNLbXV4Y3M0bTNoUVJkM0NrU1JlQkxRU2FZSWxhQ2ZUdDd0V2FkRTEtRy1zeThmMW0zdzNMNWlfWlZsa2RlbE5BLU5IYUsyal85alY3cnRxcmpHTjVDNG5YNUJQd0hOT29SS0RvbFZwR0dXQ1hmUzJ5QVZaQi1LaE5UMndVOUZZWUFPbXM0NkJWb01NWk41TFpncjEwQ0JVNzRXUW1JSGJVUE1MRUNCbXQyV2RTNHFabUFUNzV1bDZOOGpjUlhNeHlEUXNUN3BnM0RTYjhNclVhaU52a1V2aFNYbGdSUdIB6wFBVV95cUxPMEt0SXBrUnZrdEdjQVdOVVRvVTBQM2huc2o5MWhWMWpGai1MZS1zcDlYMFI0WmMxQU02c28tcnIxWXNJY002cTRMRUJ4SEttaDVxY09XV1VOOUV5aEo4eEJtaUhGUlNodnM1ZzFxa2hDNlVzb3p0UVJxMGN2TTV5OGpfZnViM1RxdzVkaUR6RUZDS1g0ZTZwS0NITDZ2TGp3b3lzZENDS3hqVU1GTEg2Q002Y3dzQmJGUnBMVkdDOFFpeE5nRTZWZWh1ZXZlX1FYSEgzd0VGTmlSZGIyVDlocVhQbUZkMktUd0c0?hl=en-US&gl=US&ceid=US%3Aen,The Economic Times,11 hours ago,⚔️ Drone Warfare,https://news.google.com/api/attachments/CC8iK0NnNHlWbm81VjFkNk56bFFMVGxCVFJEZ0F4aUFCU2dLTWdhUmNJeVhPQVk=-w200-h112-p-df-rw,2025-11-30T02:24:41.475576
At least three people have been killed and 16 others injured in an overnight Russian drone attack on Kyiv.,https://news.google.com/read/CBMiiAFBVV95cUxNdlljRW1jSktUdm1xZ1dqWFdyblFsNTNXZUVka3M0ejVOS0JnSVJac2d1WmpBZWU4cWxlcWYxeU1wR0JodmZzWWMzd3kxZTRGZDlxR1E5VjNNOHhqVVFFT1UtTENDRjJrOWxsOFRVRWRSS3ZOSEFDQWxjWFlaOTNNSHdOTm04ZzZx?hl=en-US&gl=US&ceid=US%3Aen,facebook.com,5 hours ago,⚔️ Drone Warfare,https://news.google.com/api/attachments/CC8iK0NnNDRZMEU0ZFdOUFVEWnVYMnhwVFJDZkF4ampCU2dLTWdhQllJS01xUU0=-w200-h112-p-df-rw,2025-11-30T02:24:41.475578
Ukrainian Drone Strikes Set Two Russian Shadow Fleet Tankers Ablaze off Turkey,https://news.google.com/read/CBMiogFBVV95cUxPZ2hwRDg4andWU3Jlb19xSVhvdlR4TE93RXBwZVkxeE9XQ1J5dW50SGFDYkhLR25pbm9oT3FHMzEwdXBHQ0tkTThTNjQ0SVFheHIySVZ6aVBzWUt2ZU5PVmhkRFRaQzVPSU1sNC1tMkFPeUMzN0w2R09KSUFmY1VFcnRSbzA1TjJhWHlSd1UyMGNMMjBOZjkxWEkxclpISTg1aVE?hl=en-US&gl=US&ceid=US%3Aen,gCaptain,9 hours ago,⚔️ Drone Warfare,https://news.google.com/api/attachments/CC8iK0NnNDVVbnBGT0Rac2VETlJiRVZzVFJDY0F4am9CU2dLTWdZdEVJcFJrUW8=-w200-h112-p-df-rw,2025-11-30T02:24:41.475579
Ukraine Claims Responsibility for Drone Strikes on 'Shadow Fleet' Tankers in Black Sea,https://news.google.com/read/CBMiVkFVX3lxTFBmb0dmWFQ4MHFMYWJGd2NDQWNFdGN2YWpTOTBsUFJTVTJyT2hRUzVHSXZFUkFNb00yM0NSM05Pem5JTGM5TGxYaHJnOWpWenhwaUpqZkl3?hl=en-US&gl=US&ceid=US%3Aen,kurdistan24.net,13 hours ago,⚔️ Drone Warfare,"https://encrypted-tbn3.gstatic.com/faviconV2?url=https://www.kurdistan24.net&client=NEWS_360&size=96&type=FAVICON&fallback_opts=TYPE,SIZE,URL",2025-11-30T02:24:41.475582
Russia Shadow Fleet Vessels Attacked In Naval Drone Strike,https://news.google.com/read/CBMilwFBVV95cUxQUGQxNV9scGNQMkdyRE12Z1dRTlR1ckc3MUNSNmlOZEUxSjdTc3lkNUNZQTNFQ2xWallzMDVCbUFGLWJzdFJpbEZGZHRialdnc3JlUHFkc21BUXNkMmVncnJGd2YyZmx3eEp1QU5XTlFQUG5kaXVTbFEyOXB6UVhUcEhSbmM2OHFRdnpydFV6WUtjSmNZNEE4?hl=en-US&gl=US&ceid=US%3Aen,Newsweek,7 hours ago,⚔️ Drone Warfare,https://news.google.com/api/attachments/CC8iK0NnNUdUR3A2UzJRelV6aDBSRXByVFJERUF4aW5CU2dLTWdZQmtJUk1QUVU=-w200-h112-p-df-rw,2025-11-30T02:24:41.475584
Ukraine’s naval drones strike Russian oil tankers in the Black Sea off the Turkish coast,https://news.google.com/read/CBMivAFBVV95cUxPbjdBS2RZN21wMGw1T0V3VUo5cnVzRXpOSTQ3V3ViQURhc1JUUnN0RGhJckVtT2dDeVdvbnBsVDlBeWpEMEZ0NXVNMU1YbmxKYUcwbDFkQWRuYXlkOXN3YURBQ0Z2VkFTTWh5WFhHU1ZmdnlmcnNRekJ1Z3p5QnpNOG9BbGlEOHo3MEpnMDBWQUpPNWxmM2MtRGNVU3FTNHdqbTRpTTZqOWFEMk9zRTdWYVVxcFhwcDRrdlpvMA?hl=en-US&gl=US&ceid=US%3Aen,AP News,10 hours ago,💥 Drone Strikes,https://news.google.com/api/attachments/CC8iK0NnNUpRV3BVTVhneFNVTk1XRzVKVFJEVkFSakFBaWdLTWdZVmdJU0xQUVU=-w200-h112-p-df-rw,2025-11-30T02:24:41.475585
"Vast Russian overnight attack on Ukraine kills six, wounds dozens",https://news.google.com/read/CBMiwgFBVV95cUxONE5WeW56TEJCUV92M0IxNjJsT2lxS1VBRzlVckJMQ08waUpQR0ItX2VzRmVqUjRzVm5WeWpDVDdYZktuRXRGNzlYQjdJZ00ydUNkM18tbVk4eEJKS2NfYXpoVUl5MTZYSkptdDBwVXBIN2owY3FsMGVYWlNMRGl3dmVmbWdjdnhjMXI0ems0S05lbnFmYVVMOWJZS0hJdWpmUUdmWnhXVlp2bjd4a21xQ1Nnb0xaT29lRTFhRFM4bDZSdw?hl=en-US&gl=US&ceid=US%3Aen,Reuters,4 hours ago,💥 Drone Strikes,https://news.google.com/api/attachments/CC8iK0NnNWtPRGRWZDJObVJsZHBiMTgwVFJEckJCanZBeWdLTWdhQllZWUFVUU0=-w200-h112-p-df-rw,2025-11-30T02:24:41.475587
"'Successful' Ukrainian naval drone strike disables 2 Russian shadow fleet tankers, source says",https://news.google.com/read/CBMirwFBVV95cUxQNWhWb2kzV3NWQTJib2NfSFBYM0FhREw5M3VuZzBaUnJPNVpCWHRHMnRfY0dSZmlfMTlyM0UybWdISE9nVkxaazQ2T0VjSExYN0JFdEhhemNWaEpKUWUySlJuNkxqWUpkSmJ0Rk1TamJPLVAzazBoY0NOUURta3NBaEowSGg5NzdCN3RYazZkMVpBX1ZiV3dOZHVPTXpIRkwtMGE5ZjBhemhiMWtLazhv?hl=en-US&gl=US&ceid=US%3Aen,The Kyiv Independent,14 hours ago,💥 Drone Strikes,https://news.google.com/api/attachments/CC8iK0NnNUtZV0p2YUU5dmFXUklaRk5rVFJDdEF4akxCU2dLTWdZQk5ZNW5NZ2c=-w200-h112-p-df-rw,2025-11-30T02:24:41.475589
Russian oil terminal suspends operations after drone attack,https://news.google.com/read/CBMitgFBVV95cUxPdkdOZzdxaFBjVUxlYkpyM3VjMTVGMktzekJVWWlOR2l6TlZyMHY0OV9NWUpzMVdJWlJXUkJSXzR0dFI1ZFJ5X1FLcFVURjd3eFZuZVVKNDRwWGhoTmw4UFNTNGFaVlc1eFl5eHB4QmNJRG5LN21DTkJ6LUhDNG4zcjZ4b0xEMjViR3JMR3I5NVY3OHI2THpwS0FEc1RldTZPME85bkZTbGZWM1hSTk5CWlo4ZWpsZw?hl=en-US&gl=US&ceid=US%3Aen,Euronews.com,8 hours ago,💥 Drone Strikes,https://news.google.com/api/attachments/CC8iL0NnNWFhMHBKYkV4dVV6azJNV2h4VFJDZkF4ampCU2dLTWdrRllZb1N5V1c1aVFJ=-w200-h112-p-df-rw,2025-11-30T02:24:41.475591
"Drone Strike Ignites Fire at Afipsky Refinery, Key Supplier of Russian Military Fuel",https://news.google.com/read/CBMixgFBVV95cUxPRjl5eGx4R1F2U1BySmdCanJXcXYzSFo3QUQ5STVpN1hQdDlKekJaY2FicGVuME1fOXJqQ2psRmZnRGcyZnpVaVkzM0JMZFVlYlJNUHl3NlRnaVNTcDg3RlJZSzVBUHlDRVRfX0lMV25SSHNER2x4WG92WU1YLTg2WWs5cEdJX2ZUalY0Q0NCWE81aFF1VjFMaF93RTFPalZNWU84aUVMWHd1cTFHYVdnaVFZTDE4SVBDQXJmZ3dLTHdfeEo1WlE?hl=en-US&gl=US&ceid=US%3Aen,UNITED24 Media,16 hours ago,🛩️ Military UAV,https://news.google.com/api/attachments/CC8iL0NnNW9OVTVCTVVaemR6VmZXalpuVFJERUF4aW1CU2dLTWdrTnNJQVB5U1I3MkFB=-w200-h112-p-df-rw,2025-11-30T02:24:41.475592
China Simulates Starlink Jamming over Taiwan with Balloons and UAVs,https://news.google.com/read/CBMioAFBVV95cUxQQzZfSHN5U0lQRjg1dEh5ZFFlcS1zeHZDelpwTXJjbFhtbm5ZOUJwSjUtR2NxMmJMbjFCT3ZqMlprek9xZk43NGJNU3EtTVplWlNETm1aa05ubGEzSDhsb2tfLUJ1OWhPZlI0XzlpWGdTSXU3VkNpTXI2WklmTGV0NUVUdzBVODUzVi02c3JYc3EzeDFIeXZ6UVFad1AyeXZs?hl=en-US&gl=US&ceid=US%3Aen,Мілітарний,13 hours ago,🛩️ Military UAV,https://news.google.com/api/attachments/CC8iJ0NnNUljRkl4UWxSYVlWSlRSVm8yVFJDZkF4ampCU2dLTWdPTlpBSQ=-w200-h112-p-df-rw,2025-11-30T02:24:41.475595
Baykar’s Kalkan VTOL Drone Achieves FPV Drone Launch Test Marking New Era in Airborne Motherships,https://news.google.com/read/CBMi6AFBVV95cUxPeGcweG54Y2FHLWE5c3oxU0tYeTB6TTlaTGFkY2s5SC1QcE1aeTJZM1RGckFaR1NSQkRQbFY4X2tuU3BvUC1xWnlwSi1PQTFGYWUtcU9YS2dqRU84LXNUczRWeHlWSUJvUDlScHZLZ3FHZHVSTEp6RXBMaWhVNjdjYVc2TklCWmVYNGtDVmVzZjVrbTlPb0Q4enVlLXM4dDNpcWNBMEhlQU9BU1VrakRTLVF2S29IOUhuRHNRdElQR2liUWZ3Wi1JWlRmQ0czZzc3TlZaUmlRakpwSTJ2VVYzaFFIazczUHlp?hl=en-US&gl=US&ceid=US%3Aen,Army Recognition,9 hours ago,🛩️ Military UAV,https://news.google.com/api/attachments/CC8iK0NnNWxWbXhqU0UxT01tNUJjRGRQVFJERUF4aW1CU2dLTWdZUklwS290UVk=-w200-h112-p-df-rw,2025-11-30T02:24:41.475597
Drone Strikes Rock Russia’s Afipsky Refinery Amid Wave of Attacks,https://news.google.com/read/CBMingFBVV95cUxQeDlQNDlXQmp0T0lYVXJNR29HYjd2UEFMR2F0dTQ4RnJjNmtnMGZhcTBiRDM5MFRWT3p4WlBMTm1ES0lKbUNBZGs3Y21WQ1NBdGRIUE1qUUNWZEhkWWxmM1JNdnFEemRQZU94M2cxNzU1aTJxMHZjSTYtNEdjUmxVdkVfU01qQjZQek5rYU5RQmg4X19zbENxMldfLXZ6QQ?hl=en-US&gl=US&ceid=US%3Aen,Caspian Post,10 hours ago,🛩️ Military UAV,https://news.google.com/api/attachments/CC8iK0NnNW5jRGxaT1ZSMVgwZHdlalpUVFJDM0FSaVRBaWdCTWdZQmNJNEpMUVk=-w200-h112-p-df-rw,2025-11-30T02:24:41.475599
Drones attacked Afipsky oil refinery in Krasnodar region of Russia. VIDEO,https://news.google.com/read/CBMimwFBVV95cUxPUHVSZE5CcVlrMzhQNFJDNDJkcVRBRmNGNndyZHhfSzVsRlBPdGxnQi1rdVAxcVBLTS1KMkd3SEQ5NjRjcFp4SThXNHVXWld2NVljSDJPZC1MWC1CRk5YellSWGEwbzVXcVJSdTRjM0htdHBaLWtjcWhQTHNSNzloSUtfd056NHpjV1Ntd1hHdkU5NWJzTl9BZ1ZWbw?hl=en-US&gl=US&ceid=US%3Aen,Цензор.НЕТ,13 hours ago,🛩️ Military UAV,https://news.google.com/api/attachments/CC8iJ0NnNU9iRzFZZG1SS2MxWjJjMnRqVFJEakJSaWZBeWdLTWdNQnNRQQ=-w200-h112-p-df-rw,2025-11-30T02:24:41.475600
"Drones hit Afipsky refinery, explosions reported",https://news.google.com/read/CBMid0FVX3lxTE56Q09ndVUzR3FScGdQMGplLU9aUmJvWkJjU2NhUHlWOGVfV21pYkRIbXJpOXZaVUhWcGYyTUc3eEQ4aVVHQldWX2c5enBGNnBIWU1pd3djUlFXdFlHZndMRXRXYV9pOVJCSHBaT3VoRFdidVdSTmpj?hl=en-US&gl=US&ceid=US%3Aen,Latest news from Azerbaijan,20 hours ago,🛩️ Military UAV,https://news.google.com/api/attachments/CC8iK0NnNDFWbXhzY0U4MFdIUlBibUpCVFJDYUF4aUtCU2dLTWdhQmNJNHBMUVk=-w200-h112-p-df-rw,2025-11-30T02:24:41.475602
"Is Kratos Defense & Security Solutions, Inc. (KTOS) The Best Drone Stock To Buy Right Now?",https://news.google.com/read/CBMitAFBVV95cUxNc0V6UHpydUZ0VGRaeHc4RHVSRVdSSDlQRG5zdGlLaW9Yel9DRk1LdjBkMG9ZaTFzSlpNTnJiY2M5bWNtdHN1czEydjFTdXVmSEZmcWFnUTRvYnpUd2xfajNZam5yVl9TZkJFaHZXMlM3ZV81TFhienE0OVRUNHdaN05OeGJ5LXo5RFpxbXpZSzdrdUNFT0Rad2JZZGRNUEQtb1ZuRnBiMnZjbDQzd1p4Vkgzd00?hl=en-US&gl=US&ceid=US%3Aen,Finviz,6 hours ago,🎯 Tactical Drones,"https://encrypted-tbn3.gstatic.com/faviconV2?url=https://finviz.com&client=NEWS_360&size=96&type=FAVICON&fallback_opts=TYPE,SIZE,URL",2025-11-30T02:24:41.475604
Fog and winter weather open gaps in Ukraine’s defensive lines as Russians push deeper into Donetsk,https://news.google.com/read/CBMixwFBVV95cUxQVUxZT0xZQ3A4Z2pyT3VCeFAyTVJ0b3YwcWdIWThkSWx3enFDdk9rZUpudmtReExkVE9Sb3N5QnRSUTYxYTFqSEZQdTh6a2V2dG01d19ZRVF6bmdSSVJKQ3hzcnlQaEpPR3lPUU1DX09tRWpua1hsVkduckQyNnJ5a1FrSHU3bVJXeTZoNWlIWXU0UFlYSnRnc0U4dUJHTEkyaEJ4MGtITUEydDJVLTJaNHlXYkZ5TXZiWEszUEpwQzdDbHhJcGhB?hl=en-US&gl=US&ceid=US%3Aen,Milwaukee Independent,15 hours ago,🎯 Tactical Drones,https://news.google.com/api/attachments/CC8iK0NnNW1jM2RRUzJoSlduSk9XRTlMVFJERUF4aW1CU2dLTWdhcGNwQk9MUWM=-w200-h112-p-df-rw,2025-11-30T02:24:41.475606
Small-cap defence stock IdeaForge jumps 11% on bagging order worth ₹100 crore from Indian Army,https://news.google.com/read/CBMi7wJBVV95cUxNbnViVTJXUUpfWm5jMHU1dWJHOVNpNzlLejljQ3ZDR2QzUDNzRGlqYWdYckNNOEZPYjluMlpSdlAyVnFxN2RSbzlndlVlY2dWZG9NejdjSHRCV0MtLTBKX2laTmtab3ZBUTZyN3FCZ3plcDRyVU9PWWtXZk1DcU5aYk13bm8zRi1seTBUOS1rb0wyV1oteWdkRlZVOVgydHdzV1lOenk3NXpkOFo4UTNiUmstX3pvZDVldXFEc2lWZE1IWUc0ckhubnNSaS0wUUNwMzloWkoyYU90eEhqSEFrZ3FoX01kUGRtbmpJQVBiakN3SWF4TW81aHE2U0lhV0V4SnhfX2NFTTJjV0xNQ1VQeW9pZF93cXJLcENuY0pXRlF6WTlvdWc3U2dmLVMxaGQ2R29SVlRwX3lBZlZ6N2lBZGRlam9vR1dkUElQWk9oN2RXeU5jbWFtLVZFVTNpMVJWdnNyUm9Za0FZcU81Wmtv?hl=en-US&gl=US&ceid=US%3Aen,MSN,15 hours ago,🎯 Tactical Drones,https://news.google.com/api/attachments/CC8iI0NnNDFaRjl4YkhWQlYxODVaMUpvVFJDZkF4ampCU2dLTWdB=-w200-h112-p-df-rw,2025-11-30T02:24:41.475608
"Amid global anger over Gaza, Morocco clears Israeli drone plant; Why Muslim nations are increasingly fascinated by Israeli weapon",https://news.google.com/read/CBMi-gFBVV95cUxNOThtYVRyWmVub2cxV0V3aXZSaWV1N0xRenVnT25WRzNwc3puOEZrUHB5Skx1X29LaWZyMHVaODlLS09KbTYtd1FXdEVLc3ZLdVNRdkIwMEdpYVU1QkNXYzR0UGpGcDNuZ3FMdVBnTG9WTXhvaGtxWEpwRUZJTkRpTmVrZE1oLS1lRWNTNnNkU0JZTW9Cc3l1NjNnLXlFMEY1d2RObFNYUmI1Q3RpQWpHdXMyamQwX3VtcTdNZUtPZEJpbl9NQ082dzdSSGxTZl8yM1AtY2tGVThrbGdPRUs4VHI0a3E3V20tRjhFUlEyRGFHb1dLR0lOMkRR?hl=en-US&gl=US&ceid=US%3Aen,news24online.com,15 hours ago,🎯 Tactical Drones,https://news.google.com/api/attachments/CC8iL0NnNU9RWGx2VEc5QlVrdGhXVEJzVFJDV0F4anpCU2dLTWdtTk1vaHBVaU9ENndF=-w200-h112-p-df-rw,2025-11-30T02:24:41.475610
"Germany spends billions on drones, rifles, and AI systems - Bloomberg",https://news.google.com/read/CBMikgFBVV95cUxOaFNKNHNWMV9KS2l1aE03b1hHVllxLVYwa09LZVJ5YWJ6YmFqLUJrZERXSWQ1amVlTS1GZGhuNVhJRVBGb2NILW5rOEhEZEhpZEUxTmJ5RFlkNW9iZzBUSzNwaVFvOXdyTlFZU1pfb3RzTHdKQUtaVDJHUkhJYzVQMTI4NFNUcVdiUXdGd1AxX0ZQdw?hl=en-US&gl=US&ceid=US%3Aen,RBC-Ukraine,20 hours ago,🎯 Tactical Drones,https://news.google.com/api/attachments/CC8iI0NnNTFTRWRJYms1VVJYcHBhMnRCVFJDZkF4ampCU2dLTWdB=-w200-h112-p-df-rw,2025-11-30T02:24:41.475612
"‘We won’t win this war without women,’ Ukraine commander says",https://news.google.com/read/CBMipgFBVV95cUxPSFdISGwxbkY4QUFhY2kzNUNiQy05QjFkWFA5VzdtNDE5Vjh0a05yN2lJSl9uNWVEdHV5bFlwWVFlR3NpNDVRMjIwTkZhOEdFVkE4SmlQcnlRSDlyeUI5UG4tSWtsZDZBeDNTRk9BYXNnWnlVQUdldmxWNTdvTG9EdS1kdEVlUGQ1aGZ1QjFsUklNNU9oRTNhbGxFcnp5Tmc0cXYwampn?hl=en-US&gl=US&ceid=US%3Aen,The Detroit News,10 hours ago,🎯 Tactical Drones,https://news.google.com/api/attachments/CC8iL0NnNXRTbGhMVW5OTGJXRndXRGMwVFJDNUF4aVVCU2dLTWdtRmRKUm5ybWRyVEFJ=-w200-h112-p-df-rw,2025-11-30T02:24:41.475614
Ukraine hits two Russian 'shadow fleet' oil tankers with naval drones,https://news.google.com/read/CBMi1gFBVV95cUxNLVZZRERNSHVkcTJoWVFDa05HbmY3SnA5bEYxYU1lSFR0RVFQY2FITXVFYl9sWFRQOVRuUUxDZzgyX1psOE9MeHhBbXE1a3hqR2FnclotUUotMkhYdUhUT3p1UG1wYUxLSG9ydFFLREVKcWVaRXBTcXVHNEpKd2xzN19CTlJMX3kxRXdVbnFXblloM3lhMDVIaVRLMUd3SzgtbGRMMDhxekhtakFnRjFUZDlJTUNYQ1UxOFh0WVdCdWdZVUpKdGR3NmFzWHQ4WnhFWU05Sndn?hl=en-US&gl=US&ceid=US%3Aen,Reuters,4 hours ago,🇺🇦 Ukraine Drones,https://news.google.com/api/attachments/CC8iK0NnNUxNMGM0TUdzNFMyd3dkRTgwVFJEckJCanZBeWdLTWdZWmNJUk5NUVE=-w200-h112-p-df-rw,2025-11-30T02:24:41.475615
Ukraine hits tankers in Black Sea in escalation against Russia,https://news.google.com/read/CBMiWkFVX3lxTE80NmxzYlNGQmJyQXIzQTdnWEpSMXp3ZFZuaThMeVNPTWwwYUhHTjNEdGRSNUpnUVJVYmF4Yl9nWUxZZkVPVzRRNm5sN3duN0R6T1J0bXI0anpuZ9IBX0FVX3lxTE9Td2RjZHFMTEJlQmVQZFpLRHNxYTFNVG5SMVhYRktLdzIza2dEb1dFRmRFRDlmRWkzQUJGZjZhSGh2al9MajdKTlJJM2F4OVVLLXFCQ0dxU2Eta2FQRFRn?hl=en-US&gl=US&ceid=US%3Aen,BBC,3 hours ago,🇺🇦 Ukraine Drones,https://news.google.com/api/attachments/CC8iK0NnNHhTWE5RWW5CRU5tNDBSRlp1VFJDZkF4ampCU2dLTWdhNUlvd1NtUWs=-w200-h112-p-df-rw,2025-11-30T02:24:41.475617
Ukraine says it hit Russian ‘shadow fleet’ tankers with underwater drones in Black Sea,https://news.google.com/read/CBMiiAFBVV95cUxNVS1oMnEwalQ4NUVfckpQSy0zN2dkOGRrSndkMVVYRUxfTmJrUzRSbHlLXzRMSXpFcnVDUFpENzVTSHRxcC1ObFNPVHFGRHdQbHpaczl0OG9WaEpvQU83OFVDNXZsVWNoczYtZzZpZVNRb1EzR2xZQS04OWJfVEd3dmRZaEk4clU1?hl=en-US&gl=US&ceid=US%3Aen,CNN,13 hours ago,🇺🇦 Ukraine Drones,https://news.google.com/api/attachments/CC8iK0NnNHlRMWR2VWtGZlpIWTRSRUptVFJEbEJCajBBeWdLTWdZWmNJUXRNUVE=-w200-h112-p-df-rw,2025-11-30T02:24:41.475619
Ukraine drones strike Russian ‘shadow fleet’ oil tankers in Black Sea,https://news.google.com/read/CBMioAFBVV95cUxQY1ZhMUxHYWRTN0ZxdnhDcnU3UFJzeThMMGg5SVJoSTBEXzFtODROQ3c2T1BZVl9QRTdTWnphQkxJQ256dTZ6Q1RUOURtYW5KTWNrQThOQWRoZ25wWTZ3S1FwdnVKMnZEVzdMQkVGZjZ5bTNtQmlPVWMtQS1JeDZkR1dLU2lwY0ExYTl5d1lqcmlaZ2hBc0dxMUZ0WGxJeWpT?hl=en-US&gl=US&ceid=US%3Aen,The Independent,9 hours ago,🇺🇦 Ukraine Drones,https://news.google.com/api/attachments/CC8iK0NnNXBSelJZZGxwcFJWVlBlRmQxVFJERUF4aW1CU2dLTWdhdHM0eHZ1UVU=-w200-h112-p-df-rw,2025-11-30T02:24:41.475621
Dramatic footage: Turkey shows Ukraine’s ‘Sea Baby’ drones hitting Russian shadow fleet tankers,https://news.google.com/read/CBMiVkFVX3lxTFB3VlpxUmpDX1VrLW11U25UQzJ4VXRBU1F1MUg1d3JmT0VYNmVaSjBRSU1Td3lCRW9iQ0lSU2d6U1FvckRyNV95WjVyYkg5NTRlem8yT1pn?hl=en-US&gl=US&ceid=US%3Aen,Ynetnews,8 hours ago,🇺🇦 Ukraine Drones,https://news.google.com/api/attachments/CC8iJ0NnNXpWR0UyTVc5UGVDMTFhSHAxVFJDVUFoanFBeWdLTWdPRllRbw=-w200-h112-p-df-rw,2025-11-30T02:24:41.475623
Video. Ukraine releases video showing moment naval drones striking Russian oil tankers in the Black Sea,https://news.google.com/read/CBMizAFBVV95cUxQc3FSRGNnWDRrZnBKTjZ4S09XM0Rya3pQSTkzSEFObjdkRk5zblpTVmx6anRKeEdOX0NCWWI2SkNzbEFRUGFqb2J0MzhXVXA0NXhyck1zOTBQOFpscWJIQ3dhVEg3VGhnWVE1RWxQVndBQWVlS2JfU2ZiLU9odzNQLUJjQXJyVWw0ZUZsREFULTlNNlRia3FiZ3pTZjF5RUdmaFpxeW9DaGFoX2h6c3BVX2lYelh0ZzBiSDNWQnhlWW1jWjhvc0RrTUtYNFI?hl=en-US&gl=US&ceid=US%3Aen,Euronews.com,5 hours ago,🇺🇦 Ukraine Drones,https://news.google.com/api/attachments/CC8iL0NnNTNTRU5XWm5CRldUbElWWGhaVFJEekFSaXdBeWdLTWdtVklZeUpLV2RFeUFJ=-w200-h112-p-df-rw,2025-11-30T02:24:41.475624
Chinese parts supplier takes stake in leading Russian drone maker,https://news.google.com/read/CBMicEFVX3lxTE1TV1g3dDlHbXhxRUFSZTRtVVF5R2JjODNIRXlDWlZHSFBFaUVFVjdXbG50UzZwV0l6dktKaGFUN2pVelB4S1pvXzlsZFNTZVJoVWtWc3JhUTlWbUI5LXJvM1Y5OEVSbmUxQ0l2aFlQOXE?hl=en-US&gl=US&ceid=US%3Aen,Financial Times,9 hours ago,🇷🇺 Russia Drones,https://news.google.com/api/attachments/CC8iK0NnNXFiVFZYWjI1S1FYWXpRVlV6VFJDSkF4aThCU2dLTWdhQmNZcnp2QVE=-w200-h112-p-df-rw,2025-11-30T02:24:41.475626
Russia launches largest aerial assault on Ukraine in a month as Kyiv delegation heads for US peace talks,https://news.google.com/read/CBMihgFBVV95cUxQMUh3QjNudkpGdVNmeHR3SmgwWUU1MzdVTHg5a0lYTDBxZW91M2ZoSkNJQWZZVFZ4eFN2bXpUUGtHN3dYblA2T0twY1Ztc1NzQmpReVV0azB1ZzNKU3I2VXNra1J6ajc1bm9PREpsQXp4WHVOUk5UNHNpZ191YjdVRXM0SHoxZw?hl=en-US&gl=US&ceid=US%3Aen,CNN,17 hours ago,🇷🇺 Russia Drones,https://news.google.com/api/attachments/CC8iK0NnNVhjVmhMY0ZoNk9EVkJORW80VFJERUF4aW5CU2dLTWdZaFpJYk5xUVE=-w200-h112-p-df-rw,2025-11-30T02:24:41.475628
Taiwan’s plan to acquire drone ‘takeover’ technology sparks security debate,https://news.google.com/read/CBMixAFBVV95cUxPalBUVkN2VVd3TUFrY09BaVo3WlRDUjJTRktoaHJRekpxY2o0Y3BBN2lzR0ZBczBTTEFtX2wweGIxSjNlVUpzQlJ1M0R3Qk92aHJrNnAxRzJYS0VZWVNualIxU3FpOHE2VHd3ODY0QjVhZ2tqc2JBeTFTeGJZc21rcHJtN3hlVDBqMWtzZWFTNm5XQ1RxSndWZFZyUFI2V2lDeXlPYlFsLWhuVmhwTG00WXVnQnliaHZpSkxhaklNYTQwTFF50gHEAUFVX3lxTE9hUFdoTmlHbHJGZjBSZHZxQUZ1dTdRMWtlb3FEdVp5WHhxZzRya2pBeVVnTjJiVXhEUGxNSHVTWGRmYjFvRmpPVlRETVFxVmF2SW9RcFFWV0hwNmYtNVd5YlVkdmw0eXFsR3l6MDFvUTJ4QW9GYm5wQ0ZsdDduc0ZMaEhzcW41SzRObVFIS3N3dExCcXljOU9HTlRoNWpkNzJoRktKYnRLOVdhQUVZeVJCa21YMDFWWGlhYzcyRjJibnZGZng?hl=en-US&gl=US&ceid=US%3Aen,South China Morning Post,4 hours ago,🇨🇳 China Drones,https://news.google.com/api/attachments/CC8iI0NnNVVSMkZIYWxCYVkwbFpPR05QVFJDUUF4aThCU2dLTWdB=-w200-h112-p-df-rw,2025-11-30T02:24:41.475630
Drone strike on Chinese workers in Tajikistan strains Sino-Pakistan ties,https://news.google.com/read/CBMi7AFBVV95cUxQZG1QbUJLRU1RRnhTS2lIZWJKTzJBa19zNExqeTVVQ1d5QjhHSEJTS0RwdnFZSEJzVnJ5VVFqdXJJcFkwSHhDR0ZfUlNJdGxpcHQ5SXZXRDM0bm95OHk4bVAzOFpiZTFhZW9Vd3dYSm5zNlhTanhJZjVNLWZPeDFDWnl5OHY2UGtFT0N2LVdyeEo1TTktcy1pbVdHaEZDemJteHF4V3l2LVFDSWpkQUtKTlVkcDY0RXVXemFuU1hiQ3JVZHVlLUo1dkxsVlJZMXVfSkRTSFRiZ2pSZ0RVaWpJYVlnRjYzUzZkQWY3ZtIB8gFBVV95cUxNNlg5Z2YwSlNuOUtmeTdPZ1hKbEhiOUUwMUk0eG0yeV9LaGo2M0ZUWE5vY01HaXNJeUJoaUFrX1NMU3R2bGxOcGd0SW1DSUZucjB6cVNrSl9DdldQLTI4a0VOcWVmVFVxMWx3ZFJ3WnZ2ZW1rWmNmTkstamNwN2VOOFpSSFZiOXV3YjRtVlNHMWFkRzdpbnRTZnBPaDE1eWNtSE5XS2hpQ2UxcmdsU2hwdTcwY1VzazhoSlpVU2FiTVZTb05Ic0NabjBhbHU1NHNDc3padWRqS3ZQOTc4eGJGOGM3MktYaUhBN3lXUHV4U1pTZw?hl=en-US&gl=US&ceid=US%3Aen,The Economic Times,8 hours ago,🇨🇳 China Drones,https://news.google.com/api/attachments/CC8iK0NnNXBTbEJPYkhSUmNWOVNVblJQVFJEZ0F4aUFCU2dLTWdhUmdvTE50UU0=-w200-h112-p-df-rw,2025-11-30T02:24:41.475632
DJI's US Ban Is Coming Right Before Christmas—Here's What It Means For You,https://news.google.com/read/CBMiuwFBVV95cUxPT2xDeWZKUXVmOHhKcFE3U1hhUjdobHpUeGU3UEcwNEJRMXlyVkRpa04wbmhmQW5rNnB1MFljb2VpRFJmUUh5X0FPV0NYMjdSOXl4MmJOY05RcFIzZkozdEJzY1lTTmpRU2RmUE4tNV9rZ2lNeEZ1dHBsUHJlbkhhNEF6YWZCSUV3NXptTWRMTWtZRGNCN3o1c2UxaXNDUVlJa3ZaX0FNYjJHTHpZOE1aZnNRUFhjYUd3cXVV?hl=en-US&gl=US&ceid=US%3Aen,Tech Times,12 hours ago,🇨🇳 China Drones,https://news.google.com/api/attachments/CC8iI0NnNWxUbGswWVY5TlVESk5TbkZqVFJERUF4aW5CU2dLTWdB=-w200-h112-p-df-rw,2025-11-30T02:24:41.475634
China develops high-altitude armed unmanned helicopter,https://news.google.com/read/CBMihwFBVV95cUxPOWxKel9qMC1nOTZJTzZiemk5SV9kWHE3T0lWYk80U21YaUFpbVJldmdoNlpwQ3NDTGdBQzR1UWJxelVUYTJhUlUxblJzQ0YxNkw0OEpzejBSZVlSVVdNcEsxMGs5TEhaVWtyME1kbjg5TnAxU2pIa051Vl9OMnpaRGppQnVZNVHSAYwBQVVfeXFMT0Z1TFhfZUwxQVU2eTh2dVlMV2RWbHFvM2RFZVBOZzdGcUdJLU9nMk52Vi0xaG1rRmo5Sk45dTJGWXhGQm1wVUdrcC1VNlNJQ0tmOEpKbnZzdjJmRDFLdGlta0xNN1R1Vlo4WnZ5bWwwUlRUQkFwOXppV1lydkxDRkEwaDROczA5d1pTUzA?hl=en-US&gl=US&ceid=US%3Aen,Defence Blog,15 hours ago,🇨🇳 China Drones,https://news.google.com/api/attachments/CC8iK0NnNUNhMUpsZFhZNVMyNVJXVGR6VFJDdUF4aktCU2dLTWdZQmdJZ3FSUVE=-w200-h112-p-df-rw,2025-11-30T02:24:41.475636
Takeoff of China’s flying taxis hits turbulence,https://news.google.com/read/CBMikgFBVV95cUxPdmZoMGVvbDdITTdDQTJzbnlBNTBYZmtRWFJDMmY3d05WUEd0aWR1Y2c5aGE0RFFUYlRFZHBDa3EwNENsNEtPT3owMXI3b01WaVVoZkw2M2ZkZjlVZjhfd0ZSMmZrZnRDRWxRSE5FdUhIcl9PcmZSM0J2R1NvZEo5ZkV4UnYzZ2ozSGdjSUI0X0ctdw?hl=en-US&gl=US&ceid=US%3Aen,The Durango Herald,10 hours ago,🇨🇳 China Drones,https://news.google.com/api/attachments/CC8iJ0NnNUZXVTEyWnpsUWVWQnVNMU5xVFJETkFoajBBeWdLTWdNQm9BSQ=-w200-h112-p-df-rw,2025-11-30T02:24:41.475637
Drone-powered pomelo harvest drives rural revitalization in Guizhou,https://news.google.com/read/CBMizAFBVV95cUxPeHk0VGJyQ2NrWGRacmhTblZRaXd0X3dLUUp5N3FjcGpMd3NGdmNTWDk5SUUzZ1RjbzV4eGxRV3cydWNvdXp1cnlCM1JMLUlQQk00OElWTlhva3JULUg3d2FmWnNPN1R6YUNHZG90MWxlamRveU5ucDFFWXhlLW9KRkZONE02ajRrdVFMUW5xMzRWaTk1UHpsaTBTU2NxZXpRdzFyQ05sZ0FoaHpuVG1RaHRTZmIyWmt0SXRyX3J4RDRNZ1NsZzM2Nm9sczk?hl=en-US&gl=US&ceid=US%3Aen,news.cgtn.com,18 hours ago,🇨🇳 China Drones,https://news.google.com/api/attachments/CC8iMkNnNUlRWEpsY1VNeVNuUllVbUpZVFJDb0FSaXNBaWdCTWdzQkFJUWlGT1V5RmdsOGVn=-w200-h112-p-df-rw,2025-11-30T02:24:41.475639
"Who killed 3 Chinese miners in Tajikistan? Pakistan, Afghan Taliban push own theories",https://news.google.com/read/CBMi7gFBVV95cUxQVVdCNFh1djhaempMSTJ2dmVWZFV5U2ZQN0RYek1mcXpBa0Z4aDZzVmwxbC0ybXd5RlJTaWpzdEpkSHNKdmtXZHdRMjJ1T2pCb1Y5NFNId3RXWHJzU3JWZlc1elJBLXZNS1pPSG4wOThZS21GTjRnSU5nOG9JVHR1QzJuMTFXdWdhcHZQS2xDOUxoN3NRRlRyQUNNQ21SOVlJdUw2WkRqanpXdVRwUk5PNVZoLUVkSHlxTWRqYUR6SXpQdlo2bWZCOTc0dWtZajlBMm9uNjU4ZXlOM1VjQ1ktN1NPVUNmbFhfc3EtQVFR0gHzAUFVX3lxTE5RN2w2d2o4cUVQeldYRzY1cjk3dnZLQWdaVGRod2s1Sl9NMTZFUFFtc1cwME5hVkZ3NGJ1aEtvZzRNTG5LRzVqeVZMdUJpM2J2RlRzbkNrS0lXRVNIamd3SlFudUtJbnh4eERjbGJEUW1uN3B1X3NtdFpEUzdfaHRiLUVmZl9zWDFtMFpMOFhRZUZIaE9RbWF3a2F6WktwVmxKYi0yOW0wSzBjVWJ0YnFWUlJzUEhqUHNzM1J0LTItVkYzTlh4dzg2b3VmelhjWlNTblhmZnZGR0RIMnVZMjhGVDY2blQxTWRXN0dlSUNUMkllTQ?hl=en-US&gl=US&ceid=US%3Aen,India Today,19 hours ago,🇨🇳 China Drones,https://news.google.com/api/attachments/CC8iL0NnNHdUbGgyZFRKbGJuQlpZamhVVFJDZkF4ampCU2dLTWdrVlk1Wm9ycWRNQ3dJ=-w200-h112-p-df-rw,2025-11-30T02:24:41.475640
"Drone strike in Tajikistan kills 3 Chinese workers as Pakistan, Afghan Taliban trade veiled accusations",https://news.google.com/read/CBMi4gFBVV95cUxNazJaV2NVcG5yekh1OVBNQmNXRGpxbHJ5VE1uVk93YTBmMVhValFmbURoOXJRVUZIc2dXWU9VQlJmeGtnVmxydjJ6and6RlpTNE93SjVlcHNGeDF6LWxXUEdWTmlRaXVUZXJoRkFCU2N1WEt4dng3RW5qSjZ2cWpiUmcwNlBFVVRlUTJKN2pqOHFScnN6Q1BvdXoxNEVTS2xDRGszVUtJcG13cEFSSENCZ1Y3WUZmcTRDX2h1X2tuUDg3ejJrZEIyZ2lDeS1pV0hUVGhZN1RINEJBUWEzMHR3eGpR0gHnAUFVX3lxTE9hVFhCclhYVFZFMjVKcmtTcGNIRlJfaDRxNkp6T0RfM2FJVGtIZENkVm9BaXU0clJNbk1LSDdBWTBiN1ZudUVRU3FscDVrdWR5UEdmclEyLUk5SGdTQU5jdUFGckdDTnFDZDdOeHFFc1hjTkI3YVp4U2JsSkN6aVFyc0xwbGdFN19JOWJtNFZwMHFCU3czQXJjQjBvVldlS3FqRnd4NTZjLW1DVkpCamxSNlZSd1kzYnJkSW9nVTAybkxtbXJveEZqX1pLSVJhZ2FwZDF2SlRDMmM5c2Zjbkhzb1pEXzlCOA?hl=en-US&gl=US&ceid=US%3Aen,Firstpost,15 hours ago,🇨🇳 China Drones,https://news.google.com/api/attachments/CC8iI0NnNU1aWGxxVUROSWJXa3RPVEV5VFJDZkF4ampCU2dLTWdB=-w200-h112-p-df-rw,2025-11-30T02:24:41.475642
Vital Khor Mor gas field attacked in Kurdistan Region of northern Iraq,https://news.google.com/read/CBMivwFBVV95cUxPdGpDZ1IxTFVCQU0za3U5cTk3Q2Q3anlrcUhuVjcyUXhqMDhkVHlFR3hWWVdXTW9VY2t0a3c5al85M0JkQ1ZRQ29xVG5OblpCME9xdEZiZE4tOG4wUDB4Y1d6T3RXUk1PNms3amJpV1lCclR0UHlPM0FKU2YySmxBN0JWSS1WSlpxY0tFX2RDNl9CeU5UQ2xoUG1OR0llTUZsMXRxWkJoY3NmVlhtYTJVaHpMMlQybFBOWVZJallHRQ?hl=en-US&gl=US&ceid=US%3Aen,Long War Journal,13 hours ago,🇮🇷 Iran Drones,https://news.google.com/api/attachments/CC8iK0NnNU9jakF3WXpsV1lreFVNemR4VFJDeUF4akRCU2dLTWdZQmNJeEFOQWM=-w200-h112-p-df-rw,2025-11-30T02:24:41.475644
Ballistic missiles launched from Iran to Kurdistan region,https://news.google.com/read/CBMiXEFVX3lxTE5EblFTMVVqQWRwQk9reXpIZWZsNkYwUlMyU09xVWd4SHZtV3hsczV5QV9UZnZNU0pOTEs4UW51YUcyUEdIVGxUOHZEd0t3aUEyRDhJOGdwSTI3Y2Rs?hl=en-US&gl=US&ceid=US%3Aen,The Jerusalem Post,4 hours ago,🇮🇷 Iran Drones,https://news.google.com/api/attachments/CC8iK0NnNVBZVWhZTVV4SlpWOHlRMmxEVFJDZkF4ampCU2dLTWdZSlk0Q1JNUWM=-w200-h112-p-df-rw,2025-11-30T02:24:41.475646
Kiev Behind Drone Attacks On Black Sea Tankers: Ukrainian Source - Iran Front Page,https://news.google.com/read/CBMijAFBVV95cUxQem5uRmVFUXhzOWFwSmZZcFhqQ1djd2RhVWpmX2NUZjE1TFdqQ2tzYU0tUWFaZFNURmR0bjlLTUM2UnNKMDZMcld5aTQwQ09USHlZWDVQSFNCM0hGMjBHMFZPcWNWTVRDbjhwLWZJbXYwNzZZRkszMDVwenZPak5aNUdsYXAzdHdBbXMzOdIBkgFBVV95cUxPdkdtNnQxRF9wVm1yRnRZbnE1ZUR6VFZSeGh2RzVpZHBjMHF3SmpIM3J3bUZYejhxcTBUdHdBTE5FNWRnbXRFenVLRl9PSWpOSzI4b1hOVGNFaXctMkZJeXBsSkRCb3NHazhva2ZRRE9pR0F2OU1TNDZjOXpzYVFqUTV5M05hWjBzcGZXd1o2dGRfdw?hl=en-US&gl=US&ceid=US%3Aen,Iran Front Page - IFP News,7 hours ago,🇮🇷 Iran Drones,https://news.google.com/api/attachments/CC8iJ0NnNUVkRE5HZDIxUU5rcDJTMUJHVFJDZkF4ampCU2dLTWdNQkFBcw=-w200-h112-p-df-rw,2025-11-30T02:24:41.475647
Iran Unveils Anti-Drone 'Jumping Mines' Technology,https://news.google.com/read/CBMigwFBVV95cUxQLXpsU0lPeW15Szl5dTE0ZWMwSHJodURLYWRuS3podFlNTk11NG8tekxJYXUxUEdldmV1bm5KcVJKVzYxZWlfakM0Ymo3dGpCQURLUlMtenVBaTlsUTROSzZjOHRmUElwc1hnRFdQb1I5clJlWTk4aUxrbzBteF9BMmh6MA?hl=en-US&gl=US&ceid=US%3Aen,Caspian Post,16 hours ago,🇮🇷 Iran Drones,https://news.google.com/api/attachments/CC8iK0NnNVFlSGxyTmpoeFVubDJMV0Z0VFJERUF4aW1CU2dLTWdZaE5wWU1IZ28=-w200-h112-p-df-rw,2025-11-30T02:24:41.475649
Iran Plans to Buy This 4th Gen New Russian Fighter Jets and More,https://news.google.com/read/CBMikgFBVV95cUxPTEQ4RlgyaE0tOHZ4dm5lMVM0QUhaLW9lajFoMFkyUGI3WGRnbFBuUzUwZTVkN1BTek40cVFsUk5jU0pxSjBSdWZDSExlb3R4VWMwcjF6SGI3cjltNlgxamxQRGplcndyektBSVJjS0lwVF92YXloZ2tqNE5YMC1fY1U1Y1Q4UmhxcHlVdWZaTTA1dw?hl=en-US&gl=US&ceid=US%3Aen,Aviation A2Z,12 hours ago,🇮🇷 Iran Drones,https://news.google.com/api/attachments/CC8iK0NnNVFXRXBrZVhOTlpFdGpWMHhaVFJERUF4aW1CU2dLTWdZUlFwTHl0QVk=-w200-h112-p-df-rw,2025-11-30T02:24:41.475651
SOURCES: No Iranian strikes on Iraqi Kurdistan - Shafaq News,https://news.google.com/read/CBMigwFBVV95cUxPbWlXZk5DZTZ6VzRDRVFjeGsxTXcxM3JKTHJzTUJpaU9ZRV9kd1luX0ZCdWs4Sjh1bEJyN2FrWDNwX2V4Q1ZjQktZYXJ5bDVIejJzLS1ob29iM01EMGt3YUY2UmRMQ1VkeEZfMlN3WmZuUVJBakc1OGdXa0t2NXpuMS00a9IBiAFBVV95cUxNS0o3UjdyM3NIdTkwUHdscEN5ZHdoOXFKMExTWHJ3cFdmSHRDMFdicHZ0bUJxU3hRZXQxZzZ4YnVVR2Z6bTZOcWpNY0lTNk1mVi1VWEdHNGMwaU51YWpTckJqeWV6SEF4eHJGLWtySUdQbjl6TS1BTHBfbWdJWk9zU3I2aTJPU05m?hl=en-US&gl=US&ceid=US%3Aen,شفق نيوز,7 hours ago,🇮🇷 Iran Drones,https://news.google.com/api/attachments/CC8iK0NnNXRURkZwWjNSQk1HczJXRFJ3VFJDWEF4anhCU2dLTWdaUkFJUzNRQVE=-w200-h112-p-df-rw,2025-11-30T02:24:41.475653
Iran Faces Regional Isolation After Costly June War,https://news.google.com/read/CBMijgFBVV95cUxPbUtCT3lYQjB4dXpia3FlZ2pkMUM1dE1zcUpUNm5JcGVNcl9rMWVHQWRuSW0zUnJZamxDXzk5THV2VF9WQzRnWUN5bE9mX2wwajh4U3BHZ241YW1aVWZGRjIxZHlraV9kajZScDFsdW4zRmFYbGJtYzZJdTVrZDNLd0ZQUHVySGVKbzY2NzZn?hl=en-US&gl=US&ceid=US%3Aen,Evrim Ağacı,12 hours ago,🇮🇷 Iran Drones,https://news.google.com/api/attachments/CC8iK0NnNUdjelJvYjJ3dFpHc3pSRFpuVFJDM0FSaVRBaWdCTWdZQlVKVE5HUW8=-w200-h112-p-df-rw,2025-11-30T02:24:41.475655
Iran goes shopping for advanced fighters and missiles,https://news.google.com/read/CBMiqwFBVV95cUxQNXVsamRiNHNmWDQwV3Exa19rZVJPQlVDaHBUZXBXMWItLVVlTTJWbjhlMzdSR0FBclFWdHhUZFI1eThOSG1FRUpmeGJYeUtqVEQ0ODRIRHdsd2pQeC1XSldLUTVaeHlxcDEyUEZuOTdLVUVGRVVURUdieXZsR2lRX3pGamtsNDM5akVTVjF3WFI3Y24tTjFpeDZ0cTFKcHR2dVJwVlRYaDFYUDQ?hl=en-US&gl=US&ceid=US%3Aen,thenationalnews.com,20 hours ago,🇮🇷 Iran Drones,https://news.google.com/api/attachments/CC8iL0NnNXVibWczVDI1cVkxcHBWRFoxVFJEaEFSaVFBeWdLTWdtVk1ZclVUQ1NpcHdJ=-w200-h112-p-df-rw,2025-11-30T02:24:41.475657
"Deadly Strikes Hit Kyiv as Russia Launches Drones, Missiles",https://news.google.com/read/CBMilAFBVV95cUxNNkdkaXRGZ215Q3RzenNUb0dKN0VJOGJXeXE4VEM5UTFvdV9UZ3B2VklZWWRnSWJZdm40UENNb3hnQUlKc2RDb3djRmQwdUZoNnZXUkVGMHZaMzFnOFJydGZKWWhjS3BkMDJzdHdwYUVoNGNHWngxRTRoMVVvVHhyZDhCdXhNMnBfTG9RU2NqTlV6N3dQ?hl=en-US&gl=US&ceid=US%3Aen,Caspian Post,11 hours ago,🇮🇷 Iran Drones,https://news.google.com/api/attachments/CC8iK0NnNTJZbm8yZWxOUFdqQnNOak4wVFJDM0FSaVRBaWdCTWdZQmdJNEh0UVk=-w200-h112-p-df-rw,2025-11-30T02:24:41.475659
"Gaza death toll surpasses 70,000 as Israel keeps up attacks despite truce",https://news.google.com/read/CBMirwFBVV95cUxPNHJxdVNGOVdZLWE3NVlSbGk5M1FGcFh5YmxfeFRseS0wYlpvYW51X1VnSF9RSWFyUDQySmdzTGNPT0VSbTZOMmJ0am9ZcHhkdWlLdG5XRjFwTVpTTS1QcnRqX2UxWjVZbDNvTmgwck9OaVJIR3RNRGEyVUxJTVZ4NHFDd0RmeHVUajRyUnBTdnhSSF96dzJHcnBlc0E0U1ZYYkx5Wno5YjlVd0djbnJZ0gG0AUFVX3lxTE5fdzZmeWllTE8wWko1S3BMdXlMQjdneWljcDZMR21mUUNPbk1ybnVjU2dIR1JHamZyTWV3V0tpdWVPcFlnZkNkVThyM09DYXFSYWpwZWtFMHpOaFdYV1FtdnVTYkxSWE1ycHVySl9JMnhuWmRBdlZwd3h0dUREZmRPWjZMVnhwSGJMR2wxUzZRNkJSc3VQamRyWkNNX3hDUjVFOFhud0xPdms4QmowakRwQ0Jqdw?hl=en-US&gl=US&ceid=US%3Aen,Al Jazeera,10 hours ago,🇮🇱 Israel Drones,https://news.google.com/api/attachments/CC8iL0NnNWhNemQyT0ZOR1VsaGxTRFZRVFJEZ0F4aUFCU2dLTWdtaFVvWXd4U09EMWdB=-w200-h112-p-df-rw,2025-11-30T02:24:41.475661
"Israeli drone attack kills two children in Gaza, say medics",https://news.google.com/read/CBMi3AFBVV95cUxOeUtSN3JNSEs5c0dIXzY2cThFQVJfZVQ3MnlBSWlCMlJnV1BDVEV4WHJ4NThXR0l6UTRZOGJidUNMOHZ2NTI3Y1Y3ZERJOXFNS3I0ZlFhTl9ITDdlSEQwOE9yT0lTeUNtLTBySkZPNHltOTZ3VmVGUGUtS3ljLXlaXzhLRVFhX2dxbXJSbkV4Zk1YaTB0RFN6TmxUcE10dnpZcXJ1Ty1YYzlBX1dQZmxtNkI5aDFteUs5NXJvNGM5VldiNkYtN2NyMEdRMEh6aTZFeGRFUzJNQTVySGdy0gHcAUFVX3lxTE9VR3ZnMDZNZllmT01FTEphdXlrZWVzY2JrSUFzSUlpeldBVHFXVml6MzBpaEVPcGpndTJTcjBCdGhFcURGcndqUW9uTUZmeDI3MlhRdWMyU1VGOXFhQmJhWFRtQVVoZ20tVXVfNzl6U011dDZGd3dpQ084ZFNQYV8tYVJTWXVWM2NVMFZMamR4Y254TW1MUjB5MmhnTXdpTmNzU0plemZBYlNQcUU1c2ZiUTE0andlQmRFdU9DbW5DZXFPRUpuRXdVREFSS1ByVHlBYkdXMEhYakNQTy0?hl=en-US&gl=US&ceid=US%3Aen,South China Morning Post,11 hours ago,🇮🇱 Israel Drones,https://news.google.com/api/attachments/CC8iL0NnNXhaVmxzVVhWQ01XaFVXRzgxVFJDUUF4aThCU2dLTWdtUkJJTE5sZUtacFFJ=-w200-h112-p-df-rw,2025-11-30T02:24:41.475663
Israel drone strike kills children in Gaza beyond ceasefire line,https://news.google.com/read/CBMipwFBVV95cUxPenhEWElTYzNhcWI3Q1NVMzRreVh3UU40bXdmbGF1cmlJNDdPN1Q1ek9qWWJ4MWxrTFFsWGhGdlBuNVdiSEdhTUx6M3lDdXJhNTNETG1lYmdMWEgyU2FFSkluOEpxRFkzWHlfTXFneWc0WWVFWmtlSTJWQmhwc1BzZS1lWnlCVVVFYmF4S0JQUEdFeHVFNG5wbVcwSVh2UnFTdTcxckpUQQ?hl=en-US&gl=US&ceid=US%3Aen,Tehran Times,12 hours ago,🇮🇱 Israel Drones,https://news.google.com/api/attachments/CC8iK0NnNDRRVWRDZUZaR1REbFVYMVZ6VFJERUF4aW1CU2dLTWdhQmdvaGt3Z00=-w200-h112-p-df-rw,2025-11-30T02:24:41.475665
Israeli startups are reshaping emergency response,https://news.google.com/read/CBMiY0FVX3lxTE12clM2NHo1RzVjbUJBTDhTRjd3clZra0JQbEpTVkZpdjhQNUFSRllNTXV1Zm5GY3hUUWN4U3F6UzRKNFZzMmVNWkZsWlBvODZITjNpLWo2ZWZURWQ0dVg3MzRISQ?hl=en-US&gl=US&ceid=US%3Aen,The Jerusalem Post,8 hours ago,🇮🇱 Israel Drones,https://news.google.com/api/attachments/CC8iK0NnNXRUMXBuZDA5Q1NIQm1ZVGhzVFJDZkF4ampCU2dLTWdhZEVaeE1HUW8=-w200-h112-p-df-rw,2025-11-30T02:24:41.475667
Israeli fire kills 2 Palestinian children in the latest test of Gaza ceasefire,https://news.google.com/read/CBMiqAFBVV95cUxPaGdKUE9ocnRZRFNubDlIdmh4dnU1NGNESDFmekZyV1dNeHJrbUFxSTRnUi1kZVNINHVOTzkxenFldlBGa2NnR0taX1ViTHpoQ2VXajNBSnV3RkdRZW5FLXV5TF93WFlsUE02NzVJSWc4dFRZTFktTU04clFQTXJDU0tBZU1HVC04dlNkeGV4M1FramktMGYyNy1iVW1GRkdvQ2IzX1ZOVzLSAVZBVV95cUxNd09IN1pPczROVjhlQ1N5am91TF9NLWlNeGhSRFZqSFdVem9rNGJZQm5BSjVwUVBaNUIxTzFoa3pqcDlLN3NOaTZlR1F6WU9VV09mcjlfQQ?hl=en-US&gl=US&ceid=US%3Aen,NBC News,11 hours ago,🇮🇱 Israel Drones,https://news.google.com/api/attachments/CC8iK0NnNU5lRmxWYmxkV05GWnVZMVpvVFJERUF4aW1CU2dLTWdZUkE0aXJGUWM=-w200-h112-p-df-rw,2025-11-30T02:24:41.475668
Two brothers killed in Israeli drone strike on Gaza,https://news.google.com/read/CBMikAFBVV95cUxQV3JvYVBWQVVrei14YTBOLU9IVm5jX2FDNVdydzl3SFNCSFI0dFRBZmpmQ0hLcldsUlU5WURDdFlZLWRYdW9Qd29vZnloeHlhb3Qyay1wR0FOOFBqYUxUUE5hdy0tc0FmRHdfRHNHeEEyQ2hxc2dRZlQxTEdkX1NxRF9ESUJ1WXFwX0tmWVZaOEw?hl=en-US&gl=US&ceid=US%3Aen,Sky News,7 hours ago,🇮🇱 Israel Drones,https://news.google.com/api/attachments/CC8iL0NnNWhNV1JGV0VWc2JYbHNTM1JRVFJDZkF4ampCU2dLTWdrVlU0WXpuU21pRWdF=-w200-h112-p-df-rw,2025-11-30T02:24:41.475670
Israeli drone strike kills two boys in Gaza: family | Hindustan Times,https://news.google.com/read/CBMivgFBVV95cUxPWDR3T2JfV1BxcElSck9rSDdtaWdCTXgzYUM5OXZYMjNoWWtwTHhfbnZSb1V1Z3lhQUtnem1hZERnMHpIWW03d05SUS1qUjdMRE5IcExlTUdIdC0tYzRqNkRZOHQ4TlJpeUlIdjhIcE5zQnFoVTc4eExKb2k4MnlsMmQyQUh2ZEg1eFNyZFl4ZE1sbFQ3Z2V4T1pJWlFnWEdkYjd2QjRnWU5ZVkthVlNNSzBUVWlRRkZ4Sm9pQXFB0gHDAUFVX3lxTE1OeXlPTWFEWGhINHJvVmhGU0VweFl1dGlFangxZGxQUEE0LUpubWM4bFg5OHlFaGk0TUZLT05rSS0xcDVmTXVrck15bnh5b3RHdmlGUGpWX1g2RVRPdkRnT0Y4SHNzQU5wUmZfWGpSZlo3cXRLTTJFQU01SDBCNEQ3cUxhLTVnNFN0TjJCVzQySkxsT2k5NXVyOVVwUmtrdVNRb1JYZWtUd3JFMFNfZjREQndjdnpBUVlFZXA4RFgtcnJkTQ?hl=en-US&gl=US&ceid=US%3Aen,Hindustan Times,5 hours ago,🇮🇱 Israel Drones,https://news.google.com/api/attachments/CC8iL0NnNVdiVGR2ZWpaNGRXSnNVamx0VFJDZ0F4amhCU2dLTWdtVkVvUnNrV0pGMVFB=-w200-h112-p-df-rw,2025-11-30T02:24:41.475672
Two Children Killed by Israeli Drone Fire East of Khan Yunis...,https://news.google.com/read/CBMitgFBVV95cUxPa2pxWWY4SUJ4NFQ3X1pxMGxBNllxQ0szMGkwVDc2ZWlySXpXRk41RVZ2SlY0TXZKZmxrdjJSOFhqMzNqdmdlcDF6eE9sTE13eWpHa0ZtU0hUcDVGTDhjUExEMGp6RkJwSEhqNm1xczgyd3AzeW9Zc2tteHlyekhvOGo0OXU5UVM3UWpEQWUxZE41QThuY3ZrQ3E1R3pTZUc0NVhpN290RjlpUGp0QnpqLVEzQy1rQQ?hl=en-US&gl=US&ceid=US%3Aen,jordannews.jo,16 hours ago,🇮🇱 Israel Drones,https://news.google.com/api/attachments/CC8iK0NnNHpjMDAwVkRKYWFFeElhWFJzVFJDZ0F4amlCU2dLTWdZQmtJN3B1UVU=-w200-h112-p-df-rw,2025-11-30T02:24:41.475673
"Two boys killed in Israeli drone strike in Gaza, family says",https://news.google.com/read/CBMiiAFBVV95cUxNVkMtTGF4UHAycEtBaFZkcExDeHVHVmJMUkN2U0lzQ3lsN1NXWUpmVm1sd1lVcXFlVlRxc19SSEx5bDYzUE9ZRUxzcHZseElJNmxicmR1b1ZaT2x0LWdaejVpQ05NRUJOaG43c0hxQlJZYm00RzlQMVhDTjd5Vl9xMHFIQ2ZyT0RC?hl=en-US&gl=US&ceid=US%3Aen,The Journal,7 hours ago,🇮🇱 Israel Drones,https://news.google.com/api/attachments/CC8iL0NnNVhPV3R3UVV4MVVrOHlabnBNVFJEckFSam9BaWdLTWdtUlVvWVVuYW14RWdF=-w200-h112-p-df-rw,2025-11-30T02:24:41.475675
"Kim Jong-un Assigns Strategic Assets, Missions to North Korean Air Force",https://news.google.com/read/CBMijAFBVV95cUxNTXE3RWpRTkduZW90V05LOXFxZlNJZkEzX01mMER0bTkxT0R1YlhSdWxqUXhKcEN0bVNvZzgzbko3XzBBd2FPNjlTU1BlWXU5S3lCNjBfMWs2Q1E0RDJGaDZxZTVOcXdVWmNzZjFyajFJTVpGVGR3MHlSTm84VEhrTzRVNGNrbDAwbTFjYg?hl=en-US&gl=US&ceid=US%3Aen,조선일보,32 minutes ago,🇰🇵 DPRK Drones,https://news.google.com/api/attachments/CC8iK0NnNUJaMEoxTURSWE9DMUdXVkZQVFJDTUF4am9CQ2dLTWdZQmNKRE10UVk=-w200-h112-p-df-rw,2025-11-30T02:24:41.475677
North Korea's Kim stresses Air Force's nuclear war deterrence on its 80th anniversary,https://news.google.com/read/CBMixwFBVV95cUxNSTdxZGhlZVZ5VnNuaU9XWVU1WEJxRHNBOUpSUU9pZmZyeGV1TlRPbDRHWnIyNkdZclFCNEJzOGFyWWZTakE5YnJqOExVNHdNRUZSNG02cnpWak9PTE56QzUzenNxblR2ZVVlT3hzcTRJZ0NnSkdjOFFZMmUxWEtEQUVONlpaU25LeVJVSGNBYVpWbFdkWnBWbHdlcFo4M2NCU2loUTlIYVRXS2VSTVd3dWhIS1FGdkNicUlxLTVsdnNwVGpMSlNz?hl=en-US&gl=US&ceid=US%3Aen,Reuters,4 hours ago,🇰🇵 DPRK Drones,https://news.google.com/api/attachments/CC8iK0NnNHpjSFJmYVVwNExVZzBSV28zVFJERUF4aW1CU2dLTWdhcEpaek5HUW8=-w200-h112-p-df-rw,2025-11-30T02:24:41.475679
Kim Jong Un Instills Strategic Emphasis on North Korea's Air Force in Anniversary Celebration,https://news.google.com/read/CBMi5gFBVV95cUxONGc0ZWswT2IyVVEzUkZTUGhJTDhVQllFZmZjSnhhQnQyQjBySEhVTGlMTGZxRWhKV0lYWTJCTWxUYjZwU1R3c1hhQ2piZmVGRlJBb2tOTFRtMHF5UXNETzZZZVpJU25jbHozcTVzejVudTcyNVJmMkJxUWZMOFktUTRSNUxxaUhUS3pTcjBBQ0xhZU5mcnh2TlpHZXFTelNsZ3JNTE51TE4zTFBfek5YRzFMcUM3VVRuS282RVczUklZZkg4ZmJLNGVjTDlxUnQ0UzY0M1MyZ0dVUFN6WDE2QktOWjRkZw?hl=en-US&gl=US&ceid=US%3Aen,Devdiscourse,4 hours ago,🇰🇵 DPRK Drones,"https://encrypted-tbn1.gstatic.com/faviconV2?url=https://www.devdiscourse.com&client=NEWS_360&size=96&type=FAVICON&fallback_opts=TYPE,SIZE,URL",2025-11-30T02:24:41.475681
"North Korean State Councilor Kim Jong-un said, ""Our air force will be imposed with new strategic mil..",https://news.google.com/read/CBMiU0FVX3lxTE9SaU9mOG91TmJWZnNNNVNKYldOc1MyLXVXU1cxZ0ZZWDlUcER2NkV4VE1UZkN6SlA3Q2dFajFzSUNibEpLXzNsTkZoaFhNdWJWbGVZ?hl=en-US&gl=US&ceid=US%3Aen,매일경제,1 hour ago,🇰🇵 DPRK Drones,https://news.google.com/api/attachments/CC8iK0NnNUVhbXR4U25FeVlYcFZXa1ozVFJEQkF4aXFCU2dLTWdZRk1vWXVUUU0=-w200-h112-p-df-rw,2025-11-30T02:24:41.475683
North Korea Highlights Air Force’s Expanding Role in Nuclear Deterrence,https://news.google.com/read/CBMiqAFBVV95cUxPenRuaUZfVHByWHVPZnVEZ3ZSSjFLdEFiUElEeWNRbDl1N3hwNWM3dnBCTHcyT1V6X0tqdzA2MWh2clFXYjJudjNNRGxpcktpSzJBYUUtLWhxWTk0dUdjNE5Wb2pUNHdWTkJ1Ulpock1TUXFBaS1IUk94Zjc1a0ZJVWVIb1NkSXNkaDlpalhsTUZOSkNHTXh3WU1WcWNaaERQMkVSam43Tmo?hl=en-US&gl=US&ceid=US%3Aen,EconoTimes,1 hour ago,🇰🇵 DPRK Drones,https://news.google.com/api/attachments/CC8iK0NnNU1NRkp3WldjeGQzUXRNemx2VFJDekF4akJCU2dLTWdZaFZZck1wUWc=-w200-h112-p-df-rw,2025-11-30T02:24:41.475684
"Turkish official says Black Sea tankers may have been hit by mines, missiles or drones",https://news.google.com/read/CBMirwFBVV95cUxPeUllbnVNMVNuSlZlYlF0ZjlzaV9Sai1LY2p2UzNFajdXUWRKRm1mVUp4ZWRseGZUeHd4Tlo0TUVteUFtdGw5aXZSZ3VaMEFSQzV2VzVqM0Z6X0FRblVneEFkOTRvbFB1X3c2N0lhbjR3X3V1dEJmMloybURjVmxselUwajBYV0lvUWpkMFg5WFhmMEpmeGxsZzUtRkNZcmtlWmlLaDBsT0tWakM0S2RF0gG0AUFVX3lxTE1CcFllRThxR2dXaVRZZTcxczZMSUZ5cmhPSTVaZEFOUkpkLS02UU41czQwc1VjZ044WVJUMnBVVzdsLUhPcHNabV96bzlCQWpDYXZtWFlOVWk0ZTFtdkpFeEJYZDRVTXdaWEZucHRfcTVMR3l5U1VtX2k1QTJyNTVVWGJlU29DN0hsRE9YMmtERDVnUzFvS29McWdQUF9VaU9SallqS2lFNWcyMFVxelZkVDlUWg?hl=en-US&gl=US&ceid=US%3Aen,ABC News,17 hours ago,🇹🇷 Turkey Drones,https://news.google.com/api/attachments/CC8iK0NnNDViekJMUVZReVJVWktWRlZ1VFJDZkF4ampCU2dLTWdZUllaYkxNQWc=-w200-h112-p-df-rw,2025-11-30T02:24:41.475686
Baykar’s KIZILELMA achieves virtual F-16 strike in major test of Turkish unmanned fighter,https://news.google.com/read/CBMiuAFBVV95cUxNZjJGWGJmNDBMZ0U0T291LUtEVnVwdVh0WlEzWGNJbkpSYjFQLW5HXzhneEFqeXdYbENoOGQyeDdMSFFsNWF5SUR6SzUxcDdVRFV6V3AwZ21mTGFWdlVvUzcxVmppWnlsNTdxVlN4SGVJTDZsbUpMQjNhTmJmWW5ETng3ZnZ5X2dUejUwcjRrZnlZOTg3U0IxYTlpa3lGUElmU0xyd2pTTXVtVllZejBHN0ZDbnc5VWF4?hl=en-US&gl=US&ceid=US%3Aen,Defence Industry Europe,5 hours ago,🇹🇷 Turkey Drones,https://news.google.com/api/attachments/CC8iK0NnNXBRVmRaTFdaRE1XSTFiVTh3VFJDZkF4ampCU2dLTWdhWkpaQUtsZ1U=-w200-h112-p-df-rw,2025-11-30T02:24:41.475688
Turkey investigates suspected drone strikes on sanctioned Russian-linked tankers in Black Sea,https://news.google.com/read/CBMi3AFBVV95cUxQbnV3WDRoemFBSkpiTWFXcGRIMXViS2ZOVHgyOEU0RXMzZ2tCLUNJVXJ2WkU5Ti12aDhwY0VUMlVtQ0dhcXZXdWFHeUp6WUd2VXZRbkZ3aVNaVkVQMEEwWmdMaFlCQ1RXbXZKOWlsMnVKcFdVMFl4VnBubXlkS210SGtDR3dyclRnVWV4c3U3Vk1MbDR6NzNibFBWMEotMnJGUC14VmMtZHRHR3BremlBbUFXS0tMSFNtaEtaSTFnRVlhY0xZdU05OFJkSjhXUGhXZUxfLS1OWVZ3NWkt0gHqAUFVX3lxTFB1MS1FOW9fRUtwVHdqR0Fsa0o0VTFsbnV6VUZxNXZJNm9WS1hKMUN0aTljY2c5YUgxSHY2bVAyaW45X1RxQkV5X1R5TTYzSk1FcXdGTVdBY05rV3VydlVDVDVEU1VBQUs0WkJTdDdLUDlVUzlrMTQzV3kyTHBCRnhYcTV2V1NYNVBhcnhGb1dldVprYURJU3ZRU1ZBRThjNjJHazRUQjlIQWlxWjRvN0ZOZEYtanNOYl9XNGV4aTdDUG9EOEJmOGxqREF5TUlfUGRXVUtNRzVZSFU3S2x6S2FBUGxkc0M1d2YxZw?hl=en-US&gl=US&ceid=US%3Aen,The New Indian Express,11 hours ago,🇹🇷 Turkey Drones,https://news.google.com/api/attachments/CC8iK0NnNW9jRUZEUmpaUFlVaGtORGQzVFJDZ0F4amlCU2dLTWdhQnNwQXlOUVk=-w200-h112-p-df-rw,2025-11-30T02:24:41.475690
Black Sea Tanker That Sustained Blast Hit Again – Turkey,https://news.google.com/read/CBMipgFBVV95cUxOOXdoTWtuZnRfNmJvN1RBSG1TdXVRZmhnYkg2UVIxYWxpMU5uLURlczZhYTRIRWxVcFFWc19kY0RhMmlwaWkxUkkwVlJySDJiZDI2NEtSc0hlZHJLNm1WaTIwbVAxUlJMbTljZEhla19IcGxuMDZENjNHQjR3aE9nODJydGVBSUZwTEx0T0pjdEFRR1Y3TnUzN09DbHppOG01eHE2SGd3?hl=en-US&gl=US&ceid=US%3Aen,The Moscow Times,14 hours ago,🇹🇷 Turkey Drones,https://news.google.com/api/attachments/CC8iL0NnNWhOa3RRZFVaelRVWlpjWEp1VFJDZkF4ampCU2dLTWdrQjBJekV4aVJjY1FF=-w200-h112-p-df-rw,2025-11-30T02:24:41.475692
IonQ (IONQ) Is Up 18.2% After Defense Drone Partnership With Heven AeroTech – Has the Bull Case Changed?,https://news.google.com/read/CBMivgFBVV95cUxQVmRlQjJKYkJzQm1Sb3JrMUprU2MzTkN3N1BySjEteUduQ2Y5NGhVRlpsRTk0blY3YTJzYVk4MElQaHkwTkxkMkZha2gzc3E1X0VkSUdrLU9VTTlpN1VNUjM3UzBjWFJCMkVFN1BvakJPVHp3ajZaLU96b1NQTlRGaUpUU1Jhd2h4UkpDQ2ZtUXNtdE9WRjh1SVZPVEI3ZHY0SGVwQVdZRWkweVRxdFpyNVZ0eHF3c0tTRUM0clJ30gG-AUFVX3lxTFBWZGVCMkpiQnNCbVJvcmsxSmtTYzNOQ3c3UHJKMS15R25DZjk0aFVGWmxFOTRuVjdhMnNhWTgwSVBoeTBOTGQyRmFraDNzcTVfRWRJR2stT1VNOWk3VU1SMzdTMGNYUkIyRUU3UG9qQk9UendqNlotT3pvU1BOVEZpSlRTUmF3aHhSSkNDZm1Rc210T1ZGOHVJVk9UQjdkdjRIZXBBV1lFaTB5VHF0WnI1VnR4cXdzS1NFQzRyUnc?hl=en-US&gl=US&ceid=US%3Aen,simplywall.st,2 hours ago,🤖 Autonomous Drones,https://news.google.com/api/attachments/CC8iK0NnNVNSalI1TVRjM2RsTjZRME5XVFJETkFoaVpCeWdLTWdZaE00S3VTUU0=-w200-h112-p-df-rw,2025-11-30T02:24:41.475694
Indrajaal Ranger: Meet the AI-driven anti-drone patrol vehicle,https://news.google.com/read/CBMirwFBVV95cUxPY1hMRkNaaU1OUEJiVm9jRXFHWkNpcXdQQW5yOGJmYTJkMjU5UEVOT211cHR4a0otWHNUOC1VbnAzTU5DZk1za2xNZXRhQW9NOEl4aXhhRmR4ZUsyV0F4RlcyVHB5V1JFaElZcVZ3X01VckpnY2NIV1V2OGtkTlFGMTlWbUtTeXY1WjNRV0prRmg4a3kwQUIteW5ycVRwTXBpZFN1bDZJSlNVOFVTR1hj?hl=en-US&gl=US&ceid=US%3Aen,MSN,5 hours ago,🤖 Autonomous Drones,https://news.google.com/api/attachments/CC8iK0NnNDNObFZOYkd4Q1UyNVRPSFpVVFJERUFSajhBaWdLTWdhVlFwQXdJUWM=-w200-h112-p-df-rw,2025-11-30T02:24:41.475696
School IB computer science class: Can a drone wall really work?,https://news.google.com/read/CBMicEFVX3lxTE5PT1N1Sm5RVno2eldKSFBBSDNVeFlqaWNBRl9TUnF3YmVJb0t1dkptb25LcmpaU3Z5YWtTaDNEU0xWODVFeTRnOVJxUHBlZEdiQ1ZjdExDZ1JyY0I1YmI2bXpDbjJsTllBVGczZ21zeTU?hl=en-US&gl=US&ceid=US%3Aen,Financial Times,21 hours ago,🤖 Autonomous Drones,https://news.google.com/api/attachments/CC8iK0NnNDRWRVI1WHpaRWVFZGpjVGM1VFJDSkF4aThCU2dLTWdhZE1veE5MUWM=-w200-h112-p-df-rw,2025-11-30T02:24:41.475697
Welsh Blood Service welcomes 'Dragon's Heart' drone initiative to transform medical transport across Wales,https://news.google.com/read/CBMi3gFBVV95cUxPTXNfNks1Wmd4VHVjclFqd0g5TmdUM1VFdGFYSUxRbzVjeWFEUE1uMndwYzIzbTZ0d2dVZ0owRnNvTDlxSWZVUldaeVpncE1yOVZrYWNhRVJPZzl5Rm44VE55TFZTT3F4QjhzTDVPV1QwakoxM0hadFQ4c0JlS0Qzeng1MlRVeFlVZmFtTlI4dEFpUGxUSWY2SUctNDJuX01EMjFOeDdSNHg5R0U0cGNmZUp5dHpLZGlKZkQ5TWE2NGF2QmhXSmhiazdsclpTWGt2c21kTWMwckdYVG12ZlE?hl=en-US&gl=US&ceid=US%3Aen,Herald.Wales,12 hours ago,🤖 Autonomous Drones,https://news.google.com/api/attachments/CC8iK0NnNXhSMFpyYkVsUFpERlZjV0pKVFJDZkF4amlCU2dLTWdZWkFZcnF0UVk=-w200-h112-p-df-rw,2025-11-30T02:24:41.475699
Why some trains now use drone monitoring for safety,https://news.google.com/read/CBMinAFBVV95cUxPZEJ2dlZkUVFBM29CbVRjR0Z0Y2FjdUxkQU5XUnI3RlNwWmxadGUydFpKSnlxeXFPV0xvNXdMcFZsT0lJU1BIVVM1UzhycXhDRWw5dE9sbDRhT283Ym94UTBLUEVhVDkydlVoRDhzcEFmZGk3SXZjR05VSXR1NktLV3doMDFEQ0VoelFMbEdWZ2FGdkJyTklZOUM2TW8?hl=en-US&gl=US&ceid=US%3Aen,WION,17 hours ago,🤖 Autonomous Drones,https://news.google.com/api/attachments/CC8iK0NnNXdhVlJxTFROT2JHaFZMWGs1VFJEZ0F4aUFCU2dLTWdZTllJaklLUWM=-w200-h112-p-df-rw,2025-11-30T02:24:41.475701
AI-Driven Drones: A New Frontier in Ukrainian Warfare,https://news.google.com/read/CBMivgFBVV95cUxPczd4QXNHOVFEaHlXcmZBX1dvWHAzSG9lM0VNT0lwUlRxaXM0X2h6QkFnNkhrUE9VM29HU2xSYmpoSzBpZjg0RnR4aEY0dVFXQnZWUWExd25za25BVmw1MV9XX0hSTXdwcktzay0wdGVJRUw3N0pCeWZDRlF1XzEyWDVnOGJqbXQwbndxVklHSmFHUnJuMzhDUk5Mb2lUb21lOXRyOEdWUmFmQjdrV2RLUWJfV0dZOTdFaTBCNVhB0gG-AUFVX3lxTE9zN3hBc0c5UURoeVdyZkFfV29YcDNIb2UzRU1PSXBSVHFpczRfaHpCQWc2SGtQT1Uzb0dTbFJiamhLMGlmODRGdHhoRjR1UVdCdlZRYTF3bnNrbkFWbDUxX1dfSFJNd3ByS3NrLTB0ZUlFTDc3SkJ5ZkNGUXVfMTJYNWc4YmptdDBud3FWSUdKYUdScm4zOENSTkxvaVRvbWU5dHI4R1ZSYWZCN2tXZEtRYl9XR1k5N0VpMEI1WEE?hl=en-US&gl=US&ceid=US%3Aen,Devdiscourse,19 hours ago,🤖 Autonomous Drones,https://news.google.com/api/attachments/CC8iK0NnNWFXRGxvVFhSQ1dWaFBOa290VFJDcUJCaXFCQ2dLTWdZQllJYTJNQVk=-w200-h112-p-df-rw,2025-11-30T02:24:41.475703
High-Stakes Underwater Drone Fight Underway : Seabed Cable Defense Systems,https://news.google.com/read/CBMihAFBVV95cUxPdEJ2V1BfWGk4S0R3WHltd1pOM2tFQWtyZEI3cUJTWGQ4X0VpdTJiZTM0UU0zWnJMcWhXNkdDWW9odmdPSnhob2M3U1ZCdFFza2lpODd2aWlaZlFxQ25VaTZGbFhqMFhuMDRIa2VnbzNWSHAzc3loQ3B5ZE5BTkdOMkMtYVo?hl=en-US&gl=US&ceid=US%3Aen,Geeky Gadgets,17 hours ago,🤖 Autonomous Drones,https://news.google.com/api/attachments/CC8iK0NnNUxTRWxsYlZaTmNtd3habnBzVFJDbUF4aldCU2dLTWdhSmc1Q0Z0UVU=-w200-h112-p-df-rw,2025-11-30T02:24:41.475705
Assam Rifles conducts UAS workshop in Nagaland,https://news.google.com/read/CBMif0FVX3lxTE15ZEdIUVdLaHpBOGwtYUgwTURfdkJTTWNLZGRfUFZ2dTJrcHE0cEkxTnhqVVBlRW5Oc2c0QkhEX2E3ZXgzVVB2QzEwdDJySVc2R2lGcjNWcUhwaVVFbl9JOFhFME5icWJKSnh3RmFlTmlJNUlNT0wtS2xWR2d4S2c?hl=en-US&gl=US&ceid=US%3Aen,Brighter Kashmir,5 hours ago,🤖 Autonomous Drones,https://news.google.com/api/attachments/CC8iK0NnNU5iRWxmYldFNWVYVjFaMXBWVFJERUF4aW1CU2dLTWdZQmNJaXp1QVE=-w200-h112-p-df-rw,2025-11-30T02:24:41.475709
"Flock’s drones are a new tool providing fast, flexible visibility for security",https://news.google.com/read/CBMiywFBVV95cUxPSmQwMUdMaU9sb0hVZUhpYlMxV19OaTZkbWRnRWhOalB0QkJ2QzJ6WW9GWmg0WkhMRkJkdjBUX1lSc1ZfN2JEUlFQUWdnbHZjdm5PYjBrVHU0am5TRFZibFQ3QThUaXNNYndsVjlMZ3lUd3NfMTltUE1uS2tkdVhiM1ZqMV9DUldhanB0S09RLTI2TmFueFJaWDRRYkxqS1NQUEpVVlEyTnFjeE1NSDNyZVhjX3VLUllwSkg3ZHlyOTdtN0N2TmZpNzV3VQ?hl=en-US&gl=US&ceid=US%3Aen,SourceSecurity.com,12 hours ago,🤖 AI Drones,https://news.google.com/api/attachments/CC8iK0NnNHRhMW94VUV4U1ZWTnRPWGRSVFJDbEF4allCU2dLTWdZZFZwZ3JKZ2s=-w200-h112-p-df-rw,2025-11-30T02:24:41.475711
This Made-In-India Toyota Hilux Will Shoot Down Drones Using AI,https://news.google.com/read/CBMihwFBVV95cUxPdDVnMkVqOHFiQURyRFBaeWJCZWVHVEdSeFZDZzRNc0FOSE1PUlZrdlhIeVB5RUExbW9UV1J5WnU2Y3E4T3lVVDBsVHZMRjlfX19RYUlKbG9yZ1I0Qm1xNGo2TVRrdE5qcF9FSXIzOElqNjNyWHFGZmZxMjBmUmxOTGJGUk9IZHc?hl=en-US&gl=US&ceid=US%3Aen,Cartoq,8 hours ago,🤖 AI Drones,https://news.google.com/api/attachments/CC8iL0NnNVlkbk5YTldKMGEwMUxWRU16VFJDR0FoajBBeWdLTWdrTlVvREhYR0ZyekFF=-w200-h112-p-df-rw,2025-11-30T02:24:41.475713
Saildrone and Palantir Forge Partnership to Enhance AI-Driven Maritime Intelligence,https://news.google.com/read/CBMitAFBVV95cUxPQVpYTzBSaUVqYndvRFREbzhKTXJCWTVtZmw3aHJndWlac0l1ME05QlhfS1R0UV9MZE5Mbm5rb0ZyNEZIaUpBSmM0eE5KMFo5azhPdHNJU2YzNXMxQXlvR3ViX1hmNzlBRHVuTTVQbVhPN1RudC13bWtJMkwzT0RwQ3g4SldDbjFzV1NvQmFtRzY5LXZWbUZpRXFlYUNSS3h5bFBIN2Y0a2V6YTFMa2JFekRKNHU?hl=en-US&gl=US&ceid=US%3Aen,Maritime Fairtrade,17 hours ago,🤖 AI Drones,https://news.google.com/api/attachments/CC8iK0NnNUxSVE5TVVd0c1MwSTVSekpzVFJDcEFSaXNBaWdLTWdhZGc0eU1SUVU=-w200-h112-p-df-rw,2025-11-30T02:24:41.475715
🇷🇺🇺🇦 UKRAINE’S DRONE SWARM TORPEDOED 2 RUSSIAN “SHADOW FLEET” OIL TANKERS - PUTIN’S DIRTY OIL EMPIRE IS LITERALLY SINKING Kairos and Virat - Gambian-flagged ghosts built to dodge sanctions and haul billions in Kremlin crude to,https://news.google.com/read/CBMiYkFVX3lxTE1QNEFENXA4eWRsVGdhaHROYnFRZlVkRUEybkFEYnM1a3FrMWRUaWRjYnlLZmJQR19NclFndVFILW1uM05MbnVQZlpRQTg1UFFEdmN2RzZnN2tDNDlEV1lHUW5R?hl=en-US&gl=US&ceid=US%3Aen,x.com,6 hours ago,🐝 Drone Swarms,"https://encrypted-tbn0.gstatic.com/faviconV2?url=https://x.com&client=NEWS_360&size=96&type=FAVICON&fallback_opts=TYPE,SIZE,URL",2025-11-30T02:24:41.475716
China’s New J-20S Stealth Fighter Can Be Summed Up in One Word,https://news.google.com/read/CBMinwFBVV95cUxOZG8wMXV0aktXZ1N2c2ZfQmFMVWlvd0xpd3ZvajBUbEZhVzNpSTAxNG5XaHlfSFdhWE9MVWsxb01CMlpCdHJCMnZwODVVaGROUENSVkdPUEdLcnRiSlgwaG9tOHBXMzlzZzZwWDJhYmFBUm1TSWRtRjZJd0xkWUFfc1h5b2JGbDdMa1FQZkkxM2pkeVZ1Zmw3Q1JLTk4wUDA?hl=en-US&gl=US&ceid=US%3Aen,19FortyFive,1 hour ago,🐝 Drone Swarms,https://news.google.com/api/attachments/CC8iK0NnNTRUbmhNVVhCNlNrdG9kelJUVFJDZkF4ampCU2dLTWdhZEpJak1LUVU=-w200-h112-p-df-rw,2025-11-30T02:24:41.475718
From Guns to Smart Guns: Indian Army Evaluates Oerlikon Skyshield for Modern Drone & Missile Threats,https://news.google.com/read/CBMikgFBVV95cUxQVlNkRnRZbXpyMW5Vd3RQbUFzaDI0WGhEcGRILXFUXzF1MFBCTC1kaU9zTkZ1ci1mWmh4VlR2TGNUeWlobUdRYnRSMjIzUklqaU1hRVFRZTUzcjlrbmtuY3ZJOGhWYzRzb2IxODdlYXhlZ0dUT2dNamVYV09FaU9FUDdlTi14VVJ1c3JIeWdtWWlBZw?hl=en-US&gl=US&ceid=US%3Aen,Indian Masterminds,21 hours ago,🐝 Drone Swarms,https://news.google.com/api/attachments/CC8iK0NnNW1jRVpyWjNJeFVETjZWalZoVFJDeEF4akZCU2dLTWdZQllveEd0Z1U=-w200-h112-p-df-rw,2025-11-30T02:24:41.475720
Drones: An Ally In The Sky To Help Save Elephants,https://news.google.com/read/CBMikgFBVV95cUxOTktxRERJVEdKRFFPalI1V3M1cklYbExHd19LTUNjd2V4dXJQVXQyNTRfcGZaV01DZGtDckhqSDZUN180dm90UEtiVzR5d1JHblB2cVBiSjR2X0txT3RPSU53eFdUVnNHUFFYcUZLQkVaVkw0dGNFTC1VMDNwdHZ1Qm1KMTlwUE9ZZ0pobkpGc0lhZw?hl=en-US&gl=US&ceid=US%3Aen,Eurasia Review,2 hours ago,🐝 Drone Swarms,https://news.google.com/api/attachments/CC8iL0NnNHpTV1JwU2xoaVZrcHFYM1pUVFJDZEF4am5CU2dLTWdtUk00eFJ5ZVNoeHdJ=-w200-h112-p-df-rw,2025-11-30T02:24:41.475721
Unidentified Drones Spark Security Scare At Dutch Air Base,https://news.google.com/read/CBMilwFBVV95cUxQeWRfUWdzNEZKdzlLcWdxTU8xc1d0d21rRmoya2dLQXNHbDlhVnVXUkhhZ1NWNTRvbDBQM1JXeWN0YWtDMERIYVVEQXFDU0h1dHFObEVydGhhYmYwT2d4SnhyVEVVbXliaEJLcTNvc3lnU05PRVpYZEtFbDZpaHdWSklQcGZCSDNwMkJ1dzMyeFcwNVdSdlYw?hl=en-US&gl=US&ceid=US%3Aen,Evrim Ağacı,11 hours ago,🐝 Drone Swarms,https://news.google.com/api/attachments/CC8iK0NnNWliMGxuVWxsMWMzVkNRamhsVFJDbEFSaXNBaWdCTWdhSkE1Q09FUXM=-w200-h112-p-df-rw,2025-11-30T02:24:41.475723
"Russia Unleashes 600 Drones on Ukraine, 3 Dead as Zelenskyy Flees to Trump",https://news.google.com/read/CBMijwFBVV95cUxPaHBuLUlOend0RDk1TWdETjEtTGY4LXo3MS1jaXN0X2VzVFI2ZGlzRmUtT0ZXNTRfTEhYOHRfOGdXaGlseXVmbkRuZTJpcG1uVUc0Q285NE9Ub3owQWx2QUhlN3E5TmRRN1M2Skd1cEFGZTU0UFBKVE1qRzluX2NhSElfdjdib0xJUzM4d2FVWQ?hl=en-US&gl=US&ceid=US%3Aen,The Eastern Herald,6 hours ago,🐝 Drone Swarms,https://news.google.com/api/attachments/CC8iK0NnNWZiMlJRZVhsWlJFVXpTMFpRVFJDZkF4ampCU2dLTWdZQlVJTE5IUWs=-w200-h112-p-df-rw,2025-11-30T02:24:41.475725
Accessibility-Focused Drone Light Shows,https://news.google.com/read/CBMiY0FVX3lxTE1jbEctUVBtMlNJMlBQNlk1allHVE0zbDUtTDA2c08yYVg3MVBrNHVDUWhtajlPeWZqbDZFQ29tNjUtajcyNHpScF92MjZXajJ1WGJvZ1h1RnNVYTBaN1d4RHI1Y9IBY0FVX3lxTE1jbEctUVBtMlNJMlBQNlk1allHVE0zbDUtTDA2c08yYVg3MVBrNHVDUWhtajlPeWZqbDZFQ29tNjUtajcyNHpScF92MjZXajJ1WGJvZ1h1RnNVYTBaN1d4RHI1Yw?hl=en-US&gl=US&ceid=US%3Aen,Trend Hunter,7 hours ago,🔬 Drone Technology,https://news.google.com/api/attachments/CC8iL0NnNXVRM3BKVkRCcFEyWTRiR2xMVFJEWkF4aUlCU2dLTWdrUlU0d3NvZWFwVUFF=-w200-h112-p-df-rw,2025-11-30T02:24:41.475727
OSGOF deploys drone technology for Abuja topographical map,https://news.google.com/read/CBMi3gJBVV95cUxQWEhPckNwQlg2R1ppOERaV1NKSmRmNm1GNmtBRlNoS2RtT2JoaU9pV0FrZWU5WEZ0Y2tUTHgtellabVZmS3RuVUEwTnRmaTJDUEt2SzN4YjU5VDJ2dzVqaEdXMGZSal9rb0lTTHJtVHNrX0UtZFY4ZEZLNkhybWh0MVkza1Z6X0gwOUNrZ284Q0RHUVZvMUY5VkFwLUhVT1VNaDRPdDU0d1UwakdvVEZ6ZlBuSlRfTk9XcTVaNlRBbzZaTHZaZHAwdUcwZzJYTlh2OXNQUlp0SkN4cnBodVI1Q09vMnpMbGFpM2hiVGxjRUNpUHFnVjFrMGtxTVBwc0VPWHI0a28yVjZSWkw3cTQwZmF0dHRwRXVGRm82XzVUOFduWDBfajhzWXJwbU1zODgwU0R1N2ZLZy1rY19NY1prUjVEQ1JHdDVMSTFEZ3V6MjJIRzMxNy1TempxbVc4QQ?hl=en-US&gl=US&ceid=US%3Aen,MSN,7 hours ago,🔬 Drone Technology,"https://encrypted-tbn2.gstatic.com/faviconV2?url=http://www.msn.com&client=NEWS_360&size=96&type=FAVICON&fallback_opts=TYPE,SIZE,URL",2025-11-30T02:24:41.475729
Ottawa companies get rare opportunity to test drone-detection equipment downtown,https://news.google.com/read/CBMixwFBVV95cUxPUlBfNkZGaWdHQ015N19peE8xZGUyYURqNm1UUEZ6dWt4OTRmNktpUHZvMncta0lCS0VyRUltQlh2dnRCNlFTUzFyem1HaDdMdUJEaWE1a3FxbXc3MUIwNmpnSHlpRkRuTHFDQlZXNFo3ZnBjS3BLMVE2S19Xb0lOekQ3R3ZtYzRtdlhicVlPWEhNS1dfZmNKWEFCYlNGbmRDNzltM2ZTQ2ZJeHd5XzJicExJM2R1aEZQN01UNDRFWFhTNkZlcHBZ?hl=en-US&gl=US&ceid=US%3Aen,CBC,17 hours ago,🔬 Drone Technology,https://news.google.com/api/attachments/CC8iJ0NnNU9ObFJoYTFZMVpHMUhWWEZFVFJDb0FSaXNBaWdCTWdNQlFnWQ=-w200-h112-p-df-rw,2025-11-30T02:24:41.475730
Counter UAS Technology USA 2025,https://news.google.com/read/CBMiqAFBVV95cUxNRGhrSzJ3ZUNOd1hQUzhOck9Ub3A5Y1pxai1xbmNYMWdmY192YWR3QjltUmxFNUVwajlyYnZoWkltNEcyX25GdjhnLS0ya0tiVU0wQmo3ZFB0SFVRaHh0ZjRlLW9PRVpFT2c1cDFFMXBPM2ZESW53b1JyQy1kWnQyV21FLTVvMTlOTFl0Tmc4ZjVHcFhRNUxNR2ZVVVZNRXlWNTFJc0F5SVE?hl=en-US&gl=US&ceid=US%3Aen,DC Military,19 hours ago,🔬 Drone Technology,https://news.google.com/api/attachments/CC8iK0NnNWphVFoxYzFReVQzbE1ZMjl3VFJEaEFSamhBU2dCTWdhTklZVEtHQW8=-w200-h112-p-df-rw,2025-11-30T02:24:41.475732
Hanyang University unveils drone system to predict transmission line failures,https://news.google.com/read/CBMiywFBVV95cUxNU3RSc1lPX1dfMVVVN0liX2dJOU51OUM1cFpYUldXaElFY1hDRmRHUlB6bjBuWl8wSmhLQlhrMVNFbWZscE5hemw4ZDc2VjhJRWFPa1QwSkczaXd2NmxsSzBFdjBIVnQ4SjFuMGQzay1CQzNNeVpkQTQ1Y1N2cno3bFVIdmg0NGY3V3ZaOG1VVGxMcFBwRi1jSzNEVmVENk1Bc0ZaLWc0djlvQnVKNjY3TGRvNHlSd2VZN05PYTg1dllTNXlFdzJNbXRvVdIB0wFBVV95cUxQQ05CRy1YTjcyUV8wcE1HV0h2eUpNaHg4QWVyMGdSY1gxdElPdW9Fdm0xRkdBNnQxZVhUWDBQbW5DTzhXallfeV9LSkxBekhObDg5Z1Qxa1hpMmlMdWt1bWViOWZBMF96eGUwVVF0OFU4VkE5UFVKZEdZQkpRSF9UbWpyZ1M0MXJZcnNtMkNBWGxJSGVHV3NPQWRXTnVVMTZzd09aNlBBSHYtZ28wZktxVHhNX0kyMlVlZ2VrWEhqNm91anNZbk1sdks3YTdZaDhGN2Fn?hl=en-US&gl=US&ceid=US%3Aen,IOT Insider,13 hours ago,🔬 Drone Technology,https://news.google.com/api/attachments/CC8iK0NnNU9SVTFNVkVKNGNFdERVVXRSVFJDZkF4ampCU2dLTWdZdEVJcHdGQVE=-w200-h112-p-df-rw,2025-11-30T02:24:41.475734
"Unique ways drones have helped in crises, rescues and investigations in Colorado mountain communities like Summit County",https://news.google.com/read/CBMijAFBVV95cUxPNWZQLWtOYUV3dWE1WktUSTFORWdxd19tdVVxME9JVlhqczV0aW4xVUNYWnNkekdsZjZTUWtZc0FubER5OTJsdnJqQW9zVl9RRURuZTNaeS0tOGM5b2dRMldVQ2pYdDhMSEl1bnQwdDNTalVWeUF2cVRZemtSYU9JMDR1Sy1HRmhoakZkcQ?hl=en-US&gl=US&ceid=US%3Aen,SummitDaily.com,4 hours ago,🛩️ Unmanned Aircraft,https://news.google.com/api/attachments/CC8iK0NnNXhZbnAxZUMxcVpsOXlUbEZHVFJERUF4aW1CU2dLTWdhQmtvZ3BPZ1U=-w200-h112-p-df-rw,2025-11-30T02:24:41.475735
York County’s PD New Drone Plan Takes Off,https://news.google.com/read/CBMiekFVX3lxTE1Jc3ZjcjRzUWU5Wk5tN1lkdWJmMlNRUW0wZERMeXhjMmR3cks2Wk9FU3dtNUNpRnE1bGJvLW5UQnlCSVoybHVWaFhoN2xfOU9YcmRtb184WkFQVHdiblhkSkpmREVnN2pCME42d1BhQmtVeXRoSDVUXzV3?hl=en-US&gl=US&ceid=US%3Aen,DroneXL.co,10 hours ago,🛩️ Unmanned Aircraft,https://news.google.com/api/attachments/CC8iK0NnNDJhV3d5V1RWU2JGQXdOREpaVFJDZkF4ampCU2dLTWdhQjBJZ1RUUVE=-w200-h112-p-df-rw,2025-11-30T02:24:41.475737
"Columbus police launch RAVEN drone program, say it will not violate privacy laws",https://news.google.com/read/CBMihAFBVV95cUxOUDZoVzJaT3BDVXQ5Y080RHItSjhKcHpSQkJGY1RPTklrZy1lZkE0SlgyblNmTDl3SmdKUmZzMVNsdUhqX2FJVWltYU5ZNlVjQUVoRFhTeHM2NzZReS1TUzZJa1YzbmxtWEc5UU5oQUVxbHRCNUVjZEZaX0R6cW83SXhjcG0?hl=en-US&gl=US&ceid=US%3Aen,AOL.com,6 hours ago,🛩️ Unmanned Aircraft,https://news.google.com/api/attachments/CC8iK0NnNVliM0F5U1dKZmRFUnFRMWxrVFJDbUJSakVBeWdLTWdhZFVZelZwQWc=-w200-h112-p-df-rw,2025-11-30T02:24:41.475739
DCB presents progress on drone program,https://news.google.com/read/CBMimgFBVV95cUxQQlBuWTdxeTN1ejBHeGFkTnlxb3NmMGQxemlNRGtMUmgwdTJ5dUhEWTRCNjhxZzVfMjQtcVFEeG9IT1FpN2tMclVpMHBDeEVSd3J1X2QtZmtfWUlwc1RuaFBlSDU0Z3B4YktfMEFmOWpLN240aTI5cG1yWWF3MHNGamFKV3pOdUphZWlycExwOFM3aGIwNnhKSTZn?hl=en-US&gl=US&ceid=US%3Aen,minotdailynews.com,19 hours ago,🛩️ Unmanned Aircraft,https://news.google.com/api/attachments/CC8iK0NnNUZUSGhsT1dKdlZGaEhSM0JQVFJEZ0F4aUFCU2dLTWdZSllwWUdxUWc=-w200-h112-p-df-rw,2025-11-30T02:24:41.475741
KRG U.S. Representative Urges U.S. to Speed Up Anti-Drone Aid in Wake of Khor Mor Attack,https://news.google.com/read/CBMiY0FVX3lxTE9kdHQzZUI2OVFrbC1uSGVORDhRbHNYZ01mcDF5LXhzTWc3dUZKRVNRQy1teWIwLURfX0pFcVNkWlRhdGw3VmwwY19HYUNudXdlSzlNVkpCOGR2V0d1YVk0LU9rQQ?hl=en-US&gl=US&ceid=US%3Aen,kurdistan24.net,8 hours ago,🛡️ Counter-Drone,https://news.google.com/api/attachments/CC8iK0NnNHhSekZmWTNRemRWTlhVUzFzVFJDZkF4ampCU2dLTWdhTllaclZLQWc=-w200-h112-p-df-rw,2025-11-30T02:24:41.475743
Dutch to Develop Mobile Anti-Drone System to Address C-UAS Gap,https://news.google.com/read/CBMibEFVX3lxTE4wcWpocEZfMjZTLVRNbVRhU1JOdWtHSllCYzRLYTVGOGJ3ZG5jNTBiVjA0Z3lPZnhzY012UFVjSlpVaTFuSlNDa2FEWGc5ZThrcWlNNjJqMUc0ZlE4UkhzS25kdlhLRkFxVjJKWA?hl=en-US&gl=US&ceid=US%3Aen,DEFCROS News,2 hours ago,🛡️ Counter-Drone,https://news.google.com/api/attachments/CC8iL0NnNVFMVzE1WTE4d1VrUXpaQzFmVFJESUF4aWdCU2dLTWdtQk1Kb1FIYW5BYWdJ=-w200-h112-p-df-rw,2025-11-30T02:24:41.475745
Russian Drones Burn Through Ukraine’s Anti-Drone Nets,https://news.google.com/read/CBMinAFBVV95cUxPMGl1M21zTFZCcmQ5TGNGRzFUV3RjdGtDN3NiMl9MZ2pvaHFtOXJqbURyTC1VWGtSR2ZIOFY4MWNUNWVxbTdxUjJ4UXZrc0dpaWNkSzBjbU5HUkpzZkZrQi1ET0FpRTlKQnU1QnV6Z3lQbE5QQ3NkbnR0RVJJSXJxdkotNjUxZ3dkUkhoS3JCdC1lamFtN2VSX3pORWbSAZwBQVVfeXFMTzBpdTNtc0xWQnJkOUxjRkcxVFd0Y3RrQzdzYjJfTGdqb2hxbTlyam1EckwtVVhrUkdmSDhWODFjVDVlcW03cVIyeFF2a3NHaWljZEswY21OR1JKc2ZGa0ItRE9BaUU5SkJ1NUJ1emd5UGxOUENzZG50dEVSSUlycXZKLTY1MWd3ZFJIaEtyQnQtZWphbTdlUl96TkVm?hl=en-US&gl=US&ceid=US%3Aen,Военное дело,20 hours ago,🛡️ Counter-Drone,https://news.google.com/api/attachments/CC8iJ0NnNUliMmsyU2tkUUxYaHJRVUZGVFJDZkF4ampCU2dLTWdNQmtnNA=-w200-h112-p-df-rw,2025-11-30T02:24:41.475747
Hyderabad Unveils India’s First Mobile Anti-Drone Vehicle to Boost Security Measures,https://news.google.com/read/CBMi8AFBVV95cUxOZERDdzBHMXlzTEV6Z21TWFRjdUZ0VzZtanVteHptcUM2a0pyT0RTYTZVMWlDcTZWUE9PSFp1QmdkUGtDWUxtazMxVG5wc0FwMHh2UlR1X2htdVZCX3JBeWZ5Qi1nSk5BaDF4NEo0Tm45ZUtSMVZrOVdsb05DbDdoUVRFcURzLUNFVGVUQkxaMGdNdncxSng1c2R1cGxGdlQ4TGkzcHl5TjBxX3hPLUNZN2xjSkFXdnF0dUViaXhyWTRLRm1sQUo0Y3EycTJibmxmdDdYVE9qUWxfbjFLRVZ2eUpuSGNKb1ZxVVVoM1BuNW_SAfgBQVVfeXFMTkU3cWNrSWJUaDRHVF9lUDNvZWdSMUFZR1RtN1hydndfcVdab25FUlZZWlhjSmRVMEpJd1NnaWlweDlCYnRaMjNVcHpsU1VETWRwYmdNT2w1TTR3MEY3cVZ4RTIzOC1ZZkx3VW16c1lKY1VydVBxTGJ4YmVQNGZIR3o2U2FCNHB3dmZqa3kzaUJUVW5vUmZwMWF1aWcxQWRJSGVwVTI1aTkwVTVVZzJva1NMei1aOGVKZkpqOWZGSGpuUEJVLUY3QTlJWEMzMGpVRURqdGNQa3NsMlU3MWpyR1RBRlQzSTZOY0t6a1N2NzFLemRpVGFNcTQ?hl=en-US&gl=US&ceid=US%3Aen,The Times of India,16 hours ago,🛡️ Counter-Drone,https://news.google.com/api/attachments/CC8iK0NnNWlUR2gwZVdwRlpXcEZMVGxKVFJDZkF4ampCU2dLTWdhSlFZd29wUVU=-w200-h112-p-df-rw,2025-11-30T02:24:41.475749
Ukraine Updates Defense Plans and Boosts Drone Funding for Combat Brigades,https://news.google.com/read/CBMipgFBVV95cUxNNDUwVGdweFNRQXJ3QWY5M0FEc25PY3hqeTNiSF91SU45MVlYUGJrYWJuZTNsRDRiZ3locGZ6c3JXWXc4eEpiZk5NbmpBNk9OZktYeTAxY01NSmZQbGNxV3FFZ2JxenVxdEpkcGhDcFd1eFh0MkZ1TXhvM3hvLWpPV2d1b3FRejRQQVNsdjJWNy1CZFhqVnZNOFhPbWtKTWJPMFJhRDRB0gGrAUFVX3lxTE5qM2FESTlhdmRjYlRXUlJMZ0dfd2xMbUo2SF9XRFB2Q05FMXh4UTZ0N1Y2LTh5TkRsRzVSbGozdkFlbkdCWmVzUVAySThwSDZzLVlXMGRBR3lEUV9KVUN2YXk4RVR4S2lwYXowZXBsUldMNjhNdkdlaTc5UnNDZmw2ZEc0UWVBMHgtLURGYkxGenZRREtlSmpSUXVjQkV6X3UzM1VsNWt1Q0x1OA?hl=en-US&gl=US&ceid=US%3Aen,Букви,12 hours ago,🛡️ Counter-Drone,https://news.google.com/api/attachments/CC8iK0NnNU9hVVEwT0RkbGREQmhSM0F6VFJEb0FoajJCQ2dLTWdZVk01NW9JZ2s=-w200-h112-p-df-rw,2025-11-30T02:24:41.475751
Trump demands Congress to allow drones ahead of major sporting events in US,https://news.google.com/read/CBMikgFBVV95cUxQcXdlWnN2UTlCZ0ZySlZpd1JDWmFQN1RoOGlma1pkcUtnYmNDdWhSb1BzVXlpQnZubnhHWGtTYmlPQjVKcVh6QW1DR0tvYmYwLUVzZXV3dzhEYklGeDhzeWVNaGxtWTJYeUtWcXVSc3Zzd294amllc2R6ODhobkc5MEpWUWp4T3BnbDBiZkVCNVFqZ9IBkgFBVV95cUxQcXdlWnN2UTlCZ0ZySlZpd1JDWmFQN1RoOGlma1pkcUtnYmNDdWhSb1BzVXlpQnZubnhHWGtTYmlPQjVKcVh6QW1DR0tvYmYwLUVzZXV3dzhEYklGeDhzeWVNaGxtWTJYeUtWcXVSc3Zzd294amllc2R6ODhobkc5MEpWUWp4T3BnbDBiZkVCNVFqZw?hl=en-US&gl=US&ceid=US%3Aen,Daily Express US,20 hours ago,🛡️ Counter-Drone,https://news.google.com/api/attachments/CC8iK0NnNVZXVFF5UTFnNWRUVkNhams0VFJDUkF4ajhCU2dLTWdZdFZZaXZxUVk=-w200-h112-p-df-rw,2025-11-30T02:24:41.475752
Who Flies The New Florida School Defense Drones,https://news.google.com/read/CBMibEFVX3lxTE9hYmpZWDJ5cThwY0V5NFBfd1BCWl9iVVhvdkI3eFU0UFFKTHVObTJOdmVYbU8wcjlYQ0Q3LVM2UG1zS1pNd3VmWjhxYVhLTGFzbVp2OHJrS0pCTWRiREMwUUEzZXJCdFRSZW1zUw?hl=en-US&gl=US&ceid=US%3Aen,DroneXL.co,10 hours ago,🛡️ Drone Defense,https://news.google.com/api/attachments/CC8iK0NnNTRNbU5CUkY5RWNqbFZURVIzVFJDZkF4ampCU2dLTWdZdGRZU3VNUWM=-w200-h112-p-df-rw,2025-11-30T02:24:41.475754
"Ukrainian government launches overhaul of defense planning, expands drone capabilities – Zelensky",https://news.google.com/read/CBMi4gFBVV95cUxQZDNKZUtXWEx0alJUWnZSVldGdkV4N3R3Mm5COEhTTlBQcExqeE5nMDhTN0dBMFBCekRZYmFuOEhqbFFCZzVaUmQ4N3VGSWY4RzNwbUY0NlctOWtmdG9VZV9DYlZEYVd1SDFETkNpMEJpUDhzQVYxaFdGQkdTdkJSSXdWR29OU1JRRmtJeENhTXVDbV9ranRpNVA5dllQNkhodFhYVldOYW9xbDlqMWlMcGUtRjd0ZEplMHJ1MWkwcDIzYXRiR2xsd0oyaTRDVmFIdXVPZmFEQ2k3Y3BGbV9nX0dn0gHnAUFVX3lxTE00ajdTRko0RmhRWkZ5MDcxbW5pTm9iczlHTmdvaGZLTmdHeDlRY2EzYWZFcU0wZGJXVE1IN1hxUndOQ3RjbEw3Nlg0ZjVLUllJLVdjX3VrVm9jdGFNVFFXVmhiU3ZHaV9LS012Mjg1WVMtTjFIRUQxTzRmdHhyTWJMR3R3UHNvTDZCVE1KSWpVVUJRZWxJT2w3SmpDRXBWalo3SlN6STNfVFBOTjNBTUtadnJEVXZ5N0lZRXRNdDhiY284QUFUQnF2anpZWHlGRjJ4eWdfVWE1dmlOeGFWdXNOTEZKUERfOA?hl=en-US&gl=US&ceid=US%3Aen,Ukrinform,12 hours ago,🛡️ Drone Defense,https://news.google.com/api/attachments/CC8iK0NnNDRWMlZzYWw5R2VVZHVTeTAyVFJEb0FoajJCQ2dLTWdZVk01NW9JZ2s=-w200-h112-p-df-rw,2025-11-30T02:24:41.475756
"Zelensky: Ukraine Updates Defense Plan, Boosts Drone Funding",https://news.google.com/read/CBMi2gFBVV95cUxNQVZKMmRPZVJiWm5LUzdDNVNZMTBZZ29zLVhLM0d5dDRFaUVmeEx0a0FUVkVlMW51YlQ5a1dXTFdXX3Nkbk9RSGFRRDRzc01WckJZVElwZ3hmWVUtd2tSMHktX2xFcm9RaVBUcFFpcXpxb2Rod3hMV2RhMHExWGk5eHVPNS1Jb2xDd2hhWGxPVHpESGZJT0lyR29SMndiMlZtajF3WVllZ0ZLeU05d3MyYjNTeS1GTWd1VGgxUDc2R2ZTM3RnMlVtVmE2c1N6TXNCLUwtUnBsNFhHQQ?hl=en-US&gl=US&ceid=US%3Aen,Odessa Journal,7 hours ago,🛡️ Drone Defense,https://news.google.com/api/attachments/CC8iK0NnNXdjWFphZWxGa2FIbE5WM2gzVFJERUF4aW1CU2dLTWdZRlVKaVlwQWs=-w200-h112-p-df-rw,2025-11-30T02:24:41.475758
"Russia Launches Combined Strike on Energy Sector, Air Defense Intercepts Most Drones",https://news.google.com/read/CBMitgFBVV95cUxQcjg4TVluWm9LVUNKZmhmOEtzbUFlREhkazhlelpsMWJmYVJwNEtJX0h0c3RINlpXXzRSOWN0anFMS2dha3ZEMy1ZSWhwSFc2aUNUTFRYaFE1UW1nNFZ0U0JFNlRXTTAxdlNhdG1XQ1VWdnZ3ZU1RSUZGSk1jZ3dnel9VeXpxYUp4cWdVYXB0eTFNcExkWTk4VUk0cWVzaV9iRWpiR3FYMUNXdk05eUdmZ2x4Y2czQQ?hl=en-US&gl=US&ceid=US%3Aen,Мілітарний,10 hours ago,🛡️ Drone Defense,https://news.google.com/api/attachments/CC8iK0NnNVNUMGxtT0doTFowVm1aRnBTVFJDd0F4akZCU2dLTWdZdFJJeVBwUVU=-w200-h112-p-df-rw,2025-11-30T02:24:41.475759
"Call Of Duty: Black Ops 7 - The Best Scorestreaks, Ranked",https://news.google.com/read/CBMikAFBVV95cUxNQXFjZFJRUmxYc2UzRnFLckQ5YWdqQWtiU3BqY1d3c1JDRllyOU9DUlVFSFpRelRNX2lBMzBXVHdCVjBnSXNXV1RZTFRpemdmLWRFM2tFMThVTTltQTlvWXpoU1hRa1k5OUxOeGtTemxNZFBfcThOSUxkX3ZPbGQyVVF5cnZmYTl5QUd2S2p5ejI?hl=en-US&gl=US&ceid=US%3Aen,TheGamer,7 hours ago,🛡️ Counter-UAV,https://news.google.com/api/attachments/CC8iK0NnNDRWRkI2U1Zoc01FWjRlSFJsVFJDZkF4ampCU2dLTWdhcFJaRE5KUWc=-w200-h112-p-df-rw,2025-11-30T02:24:41.475761
"BSF Highlights Growing Role of Drone Warfare, Key Operational Wins in 2025",https://news.google.com/read/CBMiqAFBVV95cUxQMEJzT0RFRFNSaWtkT3Nub0x1MWU0TVA2MUNoQTBGTGhJZFJLaU5EdklGektKekZobzhLM0N1OW8yTVBkRm90RWV1cEEwak1ONjZvWENBaU9QRDMxOXBJNnBNVzVsa2pZZy1XU0ZlbUo2Wm5PSzhIeXZkQ2dqQ2dEc0xXbDBqRVpTelpjYlNtb3htR3IwRFJVX29IZTd4YjVYak5JQng5eDI?hl=en-US&gl=US&ceid=US%3Aen,Jammu Links News,12 hours ago,🛡️ Counter-UAV,https://news.google.com/api/attachments/CC8iL0NnNXFjMWswZVUxcWNGWmZRVzlHVFJEZ0F4aUFCU2dLTWdrQmdJaW1OS2JRREFJ=-w200-h112-p-df-rw,2025-11-30T02:24:41.475763
"Pilot Institute Black Friday Sale: Part 107, Mapping, And LiDAR Courses Up To 50% Off",https://news.google.com/read/CBMifkFVX3lxTFBJOHNNb3dmOWw4X29hZThTb2ZZSmdjdFBEbnl2NHdudVNfd1hjSFliRzdROXQwMWRjUWNiLXY3UTFXSkFfUkpKT2RKSXZOeWJFdHdTTkxUcjBNZnNGMlAyeE5DRHlMV05NdC0tWjJQX2FhdmdmUTY4TW9hTl9WZw?hl=en-US&gl=US&ceid=US%3Aen,DroneXL.co,10 hours ago,📦 Commercial Drones,https://news.google.com/api/attachments/CC8iK0NnNU9ZVGw2V0ZCWmVtWkdOMDV1VFJDTUF4aUhCaWdLTWdhUk1vWUtKUU0=-w200-h112-p-df-rw,2025-11-30T02:24:41.475764
"The 6 Best Drones For Filmmaking and Flying, Whether You're a Beginner or a Pro",https://news.google.com/read/CBMihgJBVV95cUxQaXhBNF8xZjlTeGRFeGpuS3pFOGJzaWlSaEE1VmVSTUpja210bWdWVkdCN25uZDdsTVNWZVFSQ3JOM3lTMlF4UjhOUDRFU3c2cWdmWWlic1h1OWJGMzJaOHZTOF9qWE1WWE9KcmNZN2g2Nlk5M19GZ0RJS2pybE13Q0RWLVpobThwZG1neFBqQ2xyUnB6bERWeGFiOF9aUFVIQkcySHMwNGhNQ0lRSWFsb2R3LWhYZ2dzX1FkSXZDMkQ3bVduY2R0TnFjNkxyUXV0bEtia3ZNbnhXcWxTLW5HdFI0aUVKZTlDWTJNU1JkT3ZkTmNnN2lUVnhYT3FZcktlU3VUWTdB?hl=en-US&gl=US&ceid=US%3Aen,MSN,23 hours ago,📦 Commercial Drones,https://news.google.com/api/attachments/CC8iK0NnNTJVbk5IVEhOd2RUWm5RMkZYVFJDZkF4anVCQ2dLTWdZcFpaak5LUWc=-w200-h112-p-df-rw,2025-11-30T02:24:41.475766
Moldova Closes Airspace After Drone Incursions,https://news.google.com/read/CBMicEFVX3lxTE5MdlkwUVpMUm5fanhPOEl5REtZRUVEbHlEeVR1Zi15VjU2U0duaHdwRVZJNVVXeFRRUGdlVmplLXMzODRQcmlVcERjWXR5bXNvTjgwdDVldjlIdUxGTEg4eU1jMEgtQS1UT0VXc0hlOGE?hl=en-US&gl=US&ceid=US%3Aen,Sada Elbalad english,5 hours ago,📦 Commercial Drones,https://news.google.com/api/attachments/CC8iL0NnNW5XVUZEY0UxSlJYUTNXRE5zVFJDV0FSajZBU2dCTWdtaEJJQ3NnYXh6T0FB=-w200-h112-p-df-rw,2025-11-30T02:24:41.475768
Sea drones halt operations at major Russian oil terminal,https://news.google.com/read/CBMimAFBVV95cUxNdTFrelNZdWJHSmJRazRNVXpfQmVXYUhNb2UxblEtbGQtc1lpeVV1dFlrQm9GR1BMY0xoVF9xMXlTbEV6aE9IMUlrdmtwNXN1c1oxMVFROHhRc1UwUGxUZ1JUS0dLWUtUcHhxejlSLVBGOXp0c2tQYUpGUnZOeXF4NTNKc25jTWk5a0R0bVN0YlBtN0Zxd0stOA?hl=en-US&gl=US&ceid=US%3Aen,Vincennes Sun-Commercial,5 hours ago,📦 Commercial Drones,https://news.google.com/api/attachments/CC8iK0NnNDBVM040Y0VKTE1XWmxSeTB5VFJEVkFoaUFCQ2dLTWdhWmdvUk1TUU0=-w200-h112-p-df-rw,2025-11-30T02:24:41.475770
"Drone boats strike oil terminal in Novorossiysk, Russia",https://news.google.com/read/CBMimgFBVV95cUxQcVNramdwV213OUVybEVRYmRITldCRmN3SmpzRGtqZFdlRTFrU09TZUFId3h0b1lFR01kd0hSTnJyNkk4bUpGVVNXY1NzVFJyMkc4WFhncDI1ZmcwUG9qOUM2X19oVFlub3dIR01rY0M4dUl1T0lFMkhGd2kxZHEtVlVtSlBLNTRMN0VKN2w3YVZVYW5lcjVZaFJR?hl=en-US&gl=US&ceid=US%3Aen,Euromaidan Press,12 hours ago,📦 Commercial Drones,https://news.google.com/api/attachments/CC8iJ0NnNWFhM2h6VTBvMlZFZE9aVTVSVFJERUF4aW1CU2dLTWdNWjhBQQ=-w200-h112-p-df-rw,2025-11-30T02:24:41.475772
Moldova closes airspace briefly after another drone incursion,https://news.google.com/read/CBMiqAFBVV95cUxNcm00S0tzQmVtc2V2SHFMbFZZUTZLUkRjSmJPSVNTMDZjRTdvemVpVFBHRlQzTU5mMDN3LU5YWlBQNmoyd2hPZGg2c0NhNGRQaUdwQUxxamZsVGVJZGVKMHBxV2RJTUJxRjhlQkt3OXVOZjMySS1qbE9mQTBGOElUQXhwUlRRZEtfR3hsZnN2cUp6Vl9DblJDMlppR2M4a3JqQzJLOU5SUHM?hl=en-US&gl=US&ceid=US%3Aen,The Brussels Times,15 hours ago,📦 Commercial Drones,https://news.google.com/api/attachments/CC8iK0NnNXRVVWxDYm5aUk9WVXRUUzFSVFJDeUF4akNCU2dLTWdZSlJwWW5wZ2c=-w200-h112-p-df-rw,2025-11-30T02:24:41.475773
Amazon under federal investigation after delivery drone cuts internet cable,https://news.google.com/read/CBMikAFBVV95cUxNTEg2SlpjNmM3UjI5UmNzZTdraTlXSS0yR01UOTJNWk9YNlA5Q3k4UFhpeEpUcm14NGJtZGwtN3JoSE1KcTZxV09OYjVuVFN0MnhZZDh5YXVaMlBCUno4R2VoV25BcW0zN2dkRk83WmhxcGlmTnp1eWpfTE1NWTdyUVAyRDhnU3RtUFdCd2g4b1A?hl=en-US&gl=US&ceid=US%3Aen,AOL.com,4 hours ago,📦 Drone Delivery,https://news.google.com/api/attachments/CC8iK0NnNUpVMUJhYUZKM01WbHJlVWd6VFJDckF4aUFCU2dLTWdZcHBKU1BOUWM=-w200-h112-p-df-rw,2025-11-30T02:24:41.475775
Amazon Faces Second Probe After Its Delivery Drone Downs Internet Cable In Central Texas,https://news.google.com/read/CBMi8gJBVV95cUxQbVpKc1g3N29HNDA2SWFHMjRDS25nTFRGZE5ZMEwwTGFjeUJaazRQcXhnbjNOTWI1eGkzaG9hWWNvTVk2aGRjeTRFV1VSZ2x2enRTLUNjWWZsME00WjdqT3BxdHJFR19IUWRlRFRzeXlpUE9JZ3AxSGVHVDlfRmFQd0tmRWxpZjdnZG9JMm8wZDdkNFFMN05VeHJwRGtVZEY4NE9yeDdoQ0twRlJ2ZTc4UzVPWXVqWWdHWWdpSmtQLWRLcEF4NlBCcWRMTktlanZVWFNEYXRSaFNNVmFKdEdlRTFyRTNVR0ZBcUY0SndfbS0zYXFTSTVKUmZPVXZ1VVE3ZmEzeDNZNFgwYmg2ZWRNMTFGcy15Y3ZfUW5TZE1qMWhRSEltOXZmQ3AxM0hkVnJpQkU3YWYtSzM4SWJYR0ticHhXT0NRTTdYZGVaTTFlcDBFYk1TOHdUcEhramhReVY3OTg2RktON2pWSkFKUUtGenB3?hl=en-US&gl=US&ceid=US%3Aen,MSN,6 hours ago,📦 Drone Delivery,https://news.google.com/api/attachments/CC8iL0NnNDFhMnA2WmxWQlRUSlNNazVLVFJDZkF4ampCU2dLTWdrRklvWktGaXVERWdF=-w200-h112-p-df-rw,2025-11-30T02:24:41.475777
"341 Lives Mourned, Names Read, at Transgender Day of Remembrance Service",https://news.google.com/read/CBMisAFBVV95cUxOM1lBOXhvSllzT2pQSTZOSG9OcmNtUHBLT3VreUN4WVg4UDRRTHVaMTNvNUZwS3FLazVybTdPRThqcmNRa0Q4WHEzS3dYNkJoMXBIenFBbXV2aEZpNTg1VHg1MW55cXRoXzNlUGZaQ0l2Z1FFQ1BpVThXVmI0ejg5TENtM1VhLV9wM0g5VGdPekdtZC0tVHgxa2FieEdyemczODk3Q2VXWDI4NGcxYXdvUw?hl=en-US&gl=US&ceid=US%3Aen,Oakland County Times,4 hours ago,📦 Drone Delivery,https://news.google.com/api/attachments/CC8iL0NnNU5hbVY1VkU5aFpuTnNTRlowVFJEbkFoalZCaWdLTWdrUklwNm1ucWxFeFFJ=-w200-h112-p-df-rw,2025-11-30T02:24:41.475779
DJI Mini 3 Black Friday Deal: 20% Off The Social Media Drone,https://news.google.com/read/CBMia0FVX3lxTE4zX3hlRlpmeFRtemVoRVZ6N05XYk1EWkpjcDZ3ZFlTQnJnUGVNMGJUbjZNa3JWSWVxY01hS0dnb01IdWNxbE5wU0JiQ3BsTFNHMjNQTnpWelBfWVlHVTZkaEYzR3VIY2hhMnJj?hl=en-US&gl=US&ceid=US%3Aen,DroneXL.co,10 hours ago,📦 Drone Delivery,https://news.google.com/api/attachments/CC8iK0NnNVZXa1ZzU1c1RWVsWnNTbFJGVFJDNUF4aTNCU2dLTWdZUmM0eEp0UVU=-w200-h112-p-df-rw,2025-11-30T02:24:41.475781
Russian attacks kill 3 as diplomatic efforts to end the war in Ukraine gain momentum,https://news.google.com/read/CBMi4AFBVV95cUxNa2IwV0w1eG4yZ0p0djAxTzduZUZhbm1aNmpOQ0E1WmdIQmtFenFQN28wNnJpckVYSmRqTzdlS1ZMWWppd01PaDJ6emlBdXhrZXNOYmFVNGZOMVhySEM4d1ZFbXREczVSZmtrTFBnWEdBLWJsczllMjVuLTI3ZmRIX0ZlWTBjM1o3dWxHd1VDLXk4c1JKZV9EakZaSEpERC1ZeGU1bkdiV1JsV0psOTVMYS1aX0dDS0dURDA4V1VqU0txOHVHS0pCN080dndwMTV0UjNqdEdZVzRCZHhqNm9STA?hl=en-US&gl=US&ceid=US%3Aen,ClickOnDetroit | WDIV Local 4,18 hours ago,📦 Drone Delivery,https://news.google.com/api/attachments/CC8iK0NnNTBWMUJKWkZCNFNtdG5ZMU5YVFJDckF4aUFCU2dLTWdZaFpJYk5xUVE=-w200-h112-p-df-rw,2025-11-30T02:24:41.475782
U.S. defence firm Anduril faces setbacks from drone crashes,https://news.google.com/read/CBMivwFBVV95cUxObkgyX2xJVTBRT09LUnZBVkpTOF9EWFdIWFNsS1pfVzJOcHR5SjFfMlRkOUpQNFRESFMzenJna2VrZlFkXzFoUlVVTkhmS1FXRkZLTkJYX0JjNEdvTEk2VDdvU05neFkzbElWY2lzS0hjTENLUlMwQ3J2R0pRbWlodWN2bnF1VkNhdEpKdFBMN2RuMmMzY1BSYXdCRWFWMDNRT09qZFM4SVcyTzY5R0hzbHNfS1hNa0czTHZrN003d9IBxgFBVV95cUxPTnRPY3MzNFFiLUtQZ0JiWUhWRVQ0dzlWVkJlM2lHZkNJR214OE4zbXg1ZkVONVljRGlIN21fek1kZUlkeC1jM0gtREtGd2pPWldjak0tWmctMllyVkIzSFJTQXE5QkdRS0YtbXQxU2FjVFUtWlMzTzV2UVR1TE1abk1rTWJ1emswblV0cEE0VG1peHJ2TC1wdXFBTkRoR3hFcVBhc1E4UmZzQUI0VmtaUGItbTN4VTVJVTlvU1AtY193X3F2RVE?hl=en-US&gl=US&ceid=US%3Aen,The Hindu,20 hours ago,📦 Drone Delivery,https://news.google.com/api/attachments/CC8iK0NnNDRhbWQzWTFKcWJXbHZUbEpNVFJDZkF4ampCU2dLTWdZQmQ0N2lNZ2M=-w200-h112-p-df-rw,2025-11-30T02:24:41.475784
Top 50 Market Trends in December,https://news.google.com/read/CBMib0FVX3lxTE9LN2o3WmRYQ2doOUljakdfYlBaTUx0ZGktWVk5ZEs0bm5QVFJYSDFaRlNzeDR2S1JFNVVvNmVGbGRtcWJwalhNRG5IaVFXdmd4VTZXQmhTU21ZUzBuUlZ3YzR5OVVobFNIdUhDVlN4NNIBb0FVX3lxTE9LN2o3WmRYQ2doOUljakdfYlBaTUx0ZGktWVk5ZEs0bm5QVFJYSDFaRlNzeDR2S1JFNVVvNmVGbGRtcWJwalhNRG5IaVFXdmd4VTZXQmhTU21ZUzBuUlZ3YzR5OVVobFNIdUhDVlN4NA?hl=en-US&gl=US&ceid=US%3Aen,Trend Hunter,9 hours ago,🚜 Agricultural Drones,https://news.google.com/api/attachments/CC8iL0NnNXFhWE5KZW5OSWJGcE5OR2w2VFJDdkF4akhCU2dLTWdrRmdvaGxVcVE5U2dJ=-w200-h112-p-df-rw,2025-11-30T02:24:41.475786
Telangana aims for Guinness record at Global Summit,https://news.google.com/read/CBMixwFBVV95cUxPRTFPSkxvcTJsdW9PbmZUdi1QVGgyTEhYeVV6bWI4cVREc1hGZVgwZXRrSF9GYWdBZnJQcGtoUl92X0FhTzJWZ0g3OWlyM1EyQ0Z6eXhuLTdpTWVwLS11X0ZtQmxlb3dhM3VrMXVkYjV5OU1GTFhTd0dIenJFNkNfel9XUmpVZDNLSlQwT09SaGQ2aGRxbFRZSk5rSm1maEpaY2hKNGRweHhhZXFuaGZqbWhrbl9tbmlnQ1ZUdFVqOWI0QzdpUm9V0gHMAUFVX3lxTE4zSTV6QlhIQzBQczdNTnpQdDlmMnBlY05vanZtZDFpNHZRTXdIMUY3c0hvbFI5Skd1a2t1YWV1cTh1aF83UTZSaWlIVWJhZ3VlaHZQanRwQXBXQUdGRDJvVUVKekJTYXlGdFMxM1lXRW1yNEFuTEtQVTE4eEV4T2MyUnAwNEd1bzM3TFFVc1Zyakowamg0Wll3SUI0UkdTQ3ZkV0VIRnVJNEJCR25SdmR6QndhdjByNWVtVFlESHR6TjdVVF9mSWYyRzR4SQ?hl=en-US&gl=US&ceid=US%3Aen,The Times of India,5 hours ago,🚜 Agricultural Drones,https://news.google.com/api/attachments/CC8iL0NnNW5RbUpqVUVad1JteFpVMU0yVFJDZ0F4amlCU2dLTWdrSkFvd0VoYXhNUndJ=-w200-h112-p-df-rw,2025-11-30T02:24:41.475788
Fielding Connections,https://news.google.com/read/CBMifkFVX3lxTE1uTHc4NlZ4bkVzMGpfVzk5MkxudWUtVVRpVUluLXd6VWZPemc1ZzFRd25DaG1yVVUwTE16MG5HdVpwSnVUWkFGaDZHNDFLU3JOcGR2MHlteGNmeV9sY0NtMTRmWlNZWXYyWU1ZbHN0UFlXdlMtRjdmNFBEYzdvZw?hl=en-US&gl=US&ceid=US%3Aen,Montana State University,19 hours ago,🚜 Agricultural Drones,https://news.google.com/api/attachments/CC8iJ0NnNWtiaTFRVEd0aE5WaHZWR2RpVFJDWEFSak9BaWdCTWdNVkFDWQ=-w200-h112-p-df-rw,2025-11-30T02:24:41.475790
Community college grows into new ag space,https://news.google.com/read/CBMilgFBVV95cUxQNDY3cmNzS1Jtbzh3Mk90T2FZQzhXVVg1YzZQdFJnRGFfMzRpbEl0cExCRzRvZEJlRHJuZHlHdGgwTGhXMTVyYmQ5Si1TSWQwSF9xZUhUSWR0b1ZDOVlpbkEwU1A2ckcxZnNyRWdxY001ZE1nSmVjbTRXUGFjaFdWd0lyVkNkRXRZLXl0TjdkT0FyTVRTRmc?hl=en-US&gl=US&ceid=US%3Aen,AgUpdate,14 hours ago,🚜 Agricultural Drones,https://news.google.com/api/attachments/CC8iK0NnNXhRbWQ1U210clUyVjFSMjk2VFJEeEFoakFCaWdLTWdZSmNKREtMQWM=-w200-h112-p-df-rw,2025-11-30T02:24:41.475792
Two people were killed in an airstrike in Volgograd.,https://news.google.com/read/CBMiWEFVX3lxTE1vblh0a2hSRXN5b1NvTVl6b2EyM25jNWI5MzI3dWZ5WWo5RjU2OGZRMUJ4WTZoNWF1OHY2cXowNlhlUmVQWmpSVmpSODdYUjZ2NmR2WGtlVFY?hl=en-US&gl=US&ceid=US%3Aen,Caucasian Knot,18 hours ago,🚜 Agricultural Drones,https://news.google.com/api/attachments/CC8iK0NnNTVTWFZKVWpocVRXNVpUVlZuVFJDbEFSaXlBaWdCTWdZdFFKeVBwUWc=-w200-h112-p-df-rw,2025-11-30T02:24:41.475793
Record-breaking drone show planned for Telangana Rising Global Summit,https://news.google.com/read/CBMi2wFBVV95cUxPNU1QV3dTOUVnSjJ4WGVrYXEtUEV5Q1RlS3NWRVRzZkxPRmFNX0ZTYWo3WDlkRldrYndZc0gxc2FwZHFTM2RyTTI4Wnc1VEIzMTJpTURwV1lKLWNjelZ1bFJQeVRRT1NTbl9Oa3lWZ0pvZmhqU1Z6Z2w5ZFZ0bVNIblhMOFdhQ2hGcHZzeFdoaW1pN1lZbkpxVGpaRnBfLTh6VnZkdFBhUkkyQV9RcUd0TTVGam9OYWlEeXg2WUUzNnV3ZUFVRUtqMkRsU0JnNzFrZWNPNEJRU1FDOWPSAdsBQVVfeXFMTzVNUFd3UzlFZ0oyeFhla2FxLVBFeUNUZUtzVkVUc2ZMT0ZhTV9GU2FqN1g5ZEZXa2J3WXNIMXNhcGRxUzNkck0yOFp3NVRCMzEyaU1EcFdZSi1jY3pWdWxSUHlUUU9TU25fTmt5VmdKb2ZoalNWemdsOWRWdG1TSG5YTDhXYUNoRnB2c3hXaGltaTdZWW5KcVRqWkZwXy04elZ2ZHRQYVJJMkFfUXFHdE01RmpvTmFpRHl4NllFMzZ1d2VBVUVLajJEbFNCZzcxa2VjTzRCUVNRQzlj?hl=en-US&gl=US&ceid=US%3Aen,The Hindu,12 hours ago,🚜 Agricultural Drones,https://news.google.com/api/attachments/CC8iK0NnNUxjMll5TjBOVFpUQjRNSEZ4VFJDcUJCaXFCQ2dLTWdhTmtwQUlOUVk=-w200-h112-p-df-rw,2025-11-30T02:24:41.475795
KNUST confers Honorary Doctorate on Agri-Impact CEO Daniel Fahene Acquaye,https://news.google.com/read/CBMixAFBVV95cUxPclM1X2pWUGtoTUNPd0xTUFV6MHY1WDBYREhrYXppMWJoR2k1ek80M3o3ZnVuUEF5VVZDb0s3S3c2RHl4S2dNcUNRaW95OHpKVnJjNktqODRHRkJDNUQxNUY1VEViUkc3a245eklqOHZCX01YUWRBbVRtN05MNHpDZ2N1NG5zR1RIYTZxcHd5bTJOa3cyVlpUaUw1T0llelVpNFJ2cjF0c1ktYlpKVDlhRm41cWRIcnB3YW5WWVNnWUVFMTNI?hl=en-US&gl=US&ceid=US%3Aen,GhanaWeb,5 hours ago,🚜 Agricultural Drones,https://news.google.com/api/attachments/CC8iK0NnNVZNRGxTTmt4b2IwNVBVMUJMVFJEQ0F4aXNBaWdLTWdZQmtJd0NPUVk=-w200-h112-p-df-rw,2025-11-30T02:24:41.475797
"Russia reported a drone attack on the Afipsky Oil Refinery in Krasnodar Krai, a fire broke out",https://news.google.com/read/CBMitgFBVV95cUxQVDAyNy1pZWZDSUYyTFN2eTN3OWFTa3hXU1pGLUl3Z2ZsUDJaNmEwNnpWTFJycDVBcVdBb2RjcENxZFVPVVVrelJkQjJ5amUtMjUyd0VwVGl5R3Vhalh4Q2VaQXNlVl93R0RfRzg0cEFzbzY2VThEUkc5NncyUVhPZW53amZ2R1EwR2NYMGpFTnllcURXYXZfY1N4eUkzNThKUFhkdV9NS3gyU192Tkw2VGd1cGVNZ9IBtgFBVV95cUxQVDAyNy1pZWZDSUYyTFN2eTN3OWFTa3hXU1pGLUl3Z2ZsUDJaNmEwNnpWTFJycDVBcVdBb2RjcENxZFVPVVVrelJkQjJ5amUtMjUyd0VwVGl5R3Vhalh4Q2VaQXNlVl93R0RfRzg0cEFzbzY2VThEUkc5NncyUVhPZW53amZ2R1EwR2NYMGpFTnllcURXYXZfY1N4eUkzNThKUFhkdV9NS3gyU192Tkw2VGd1cGVNZw?hl=en-US&gl=US&ceid=US%3Aen,Українські Національні Новини,18 hours ago,🚜 Agricultural Drones,https://news.google.com/api/attachments/CC8iK0NnNU1ha05xY2swNExVNUlhRE15VFJDRUF4alFCU2dLTWdZQmtJWnF2UVU=-w200-h112-p-df-rw,2025-11-30T02:24:41.475799
"Pakistan has no issue with Afghan people, but Taliban regime enables terror: DG ISPR",https://news.google.com/read/CBMiU0FVX3lxTFByM3pDTU1BTy03SXUzeFNPZTV3OU5EOVZVN0hBYUNuWWNCUTZmWWdoalo0OFl3U2JQRjlsYk11NENfLU5kQVcxSFhZSHVla1lhNU1j0gFTQVVfeXFMUHIzekNNTUFPLTdJdTN4U09lNXc5TkQ5VlU3SEFhQ25ZY0JRNmZZZ2hqWjQ4WXdTYlBGOWxiTXU0Q18tTmRBVzFIWFlIdWVrWWE1TWM?hl=en-US&gl=US&ceid=US%3Aen,Aaj English TV,17 hours ago,📋 Drone Regulation,https://news.google.com/api/attachments/CC8iK0NnNUVVVVJqVUdaeE1XTm9UbGx0VFJDdEF4akxCU2dLTWdZaEpvanRGUW8=-w200-h112-p-df-rw,2025-11-30T02:24:41.475801
News Wrap: Trump declares Venezuela’s airspace ‘closed’ after weeks of escalating tensions,https://news.google.com/read/CBMivAFBVV95cUxNQmZjaTk2SERnNDJjQUNkakNBRWhGTlU1WkMzNDNsMXEwRDBVQWtINVk5X1hLay1iV0xNR2luOXdXQVNsT0syTWQxVkFid1JLTXJEZ09nMXBVQV9SUHp5bmFGV2g1amZTdnJWR015Q21abnRNOXk5UkxvcXUzeDFjejlrMk1ETk5iSDFLdVB0alRzcUJwa1JGMUZMQTN4ZE5oRDRRRGlkSW0tbXhiY1lETWZDNmw1dEZTVGlaRQ?hl=en-US&gl=US&ceid=US%3Aen,PBS,3 hours ago,📋 FAA Drone,https://news.google.com/api/attachments/CC8iL0NnNTVjM1JwY0ZWeWJtNDViRGhWVFJEakF4ajdCQ2dLTWdtQlVaalRuR21oVEFJ=-w200-h112-p-df-rw,2025-11-30T02:24:41.475803
Trump says Venezuelan airspace should be considered closed,https://news.google.com/read/CBMivgFBVV95cUxONXk4VHEya2pxbDczZnZvY2dXX3pIUmRmX295Y25NNWJmQk5BMm5nUXNpcWw1ZXRsMUE1cTlmOFBpTUtCLUI1N2tuNkYxWVc5NWNkUFlRT2ZVQlRZMzNXQ0J3cTNWOTR5d3lSY205TTFwbHJScWtSMFN5bVJHYTZGdE9PazZucW5qZ0tIQ0F1d1laak5nWWxIZTdrWmlWNlBodEZjQTYyd0UwclRvdHBlaU9YRWhNb0cta1c1VF9n?hl=en-US&gl=US&ceid=US%3Aen,Reuters,3 hours ago,📋 FAA Drone,https://news.google.com/api/attachments/CC8iJ0NnNVdVWFJDWjBSWWExZFJTalZpVFJDcUJCaXFCQ2dLTWdPWkZ3cw=-w200-h112-p-df-rw,2025-11-30T02:24:41.475804
News Wrap: Trump declares Venezuela’s airspace ‘closed’,https://news.google.com/read/CBMid0FVX3lxTE84RjRuT2FYSkk2YlNGVjZMbHVpb01hTS11UEFzRE9TYlVWRnc2TkNyUTRacFpNQ3k3aXBSMmRSYkhzLUxBamZuN0xpUUltRDYzeVpVZWNXVlJIUjVkWHJySUdSOEJUc1VIb1NGb3Q0RjQ4bTA3T3Fz?hl=en-US&gl=US&ceid=US%3Aen,THIRTEEN - New York Public Media,3 hours ago,📋 FAA Drone,https://news.google.com/api/attachments/CC8iI0NnNWZOWEJoT1hCUVNGWXpUbWN5VFJEakF4ajdCQ2dLTWdB=-w200-h112-p-df-rw,2025-11-30T02:24:41.475806
DJI Mini 4K Fly More Combo Drops To $359 In Black Friday Drone Deal,https://news.google.com/read/CBMidEFVX3lxTE83bGpYcmVnbGNpWU0wZ2NOc3Z5VHZvZGNGTTlqMVplbU9aWWZBM2tscEZPTXQtU2RMX3pqeUNvSjcwb25COVlBOHM1aDlKR3dOa0lBdzRwbXB2czBvYURDUVcycFpValZUOFlQeU11ZTAzVGxE?hl=en-US&gl=US&ceid=US%3Aen,DroneXL.co,8 hours ago,📋 FAA Drone,https://news.google.com/api/attachments/CC8iK0NnNHdlREU1U3pOU1oyaGhRbVU1VFJDZUF4amxCU2dLTWdhaE1ZN01LUVk=-w200-h112-p-df-rw,2025-11-30T02:24:41.475808
"Amazon Goes Full Liquidation on DJI Mini 4K, 4K Drone Cheaper Than Basic Action Cameras Now",https://news.google.com/read/CBMivgFBVV95cUxPQTViTWRHVHlCRG54X1dia1pfem1wdWNyYVRNUzltTk1iUnFNb3dWYUMtVElfNGZiT2N4ZTFMZ2xXOFZiVER0amhtUUJld0NZRkVSNGNKMUxabWZQSUFYYmN5R1NjbGFEWWp3NXphTmZ6TG9sWG04WUg3ei0wZW5tS29VaHJ5SG5SbjVtRmVrSjUtUGtINk5BMW0yTVV3V3NCelRjTlRISlJhUm5BRFpfVnJwWm5yaFAycXN1R0pB?hl=en-US&gl=US&ceid=US%3Aen,Gizmodo,1 hour ago,📋 FAA Drone,https://news.google.com/api/attachments/CC8iK0NnNU5TbVkyUXpCR1QzQk5PSFZJVFJERUF4aW1CU2dLTWdZaEZJVE9sUU0=-w200-h112-p-df-rw,2025-11-30T02:24:41.475810
A Style Icon's Style Icon Is Selling Vintage Menswear From His Collection,https://news.google.com/read/CBMikAFBVV95cUxOWjh4SEEtVTBucFpoVVVhY2hyMjhsLXgzcHVSMktCUHJkcW5Qbkl0bVdwc0l6b3M1NkNuTm9ndE5nLXJueUNlLV9JNjJaZ2lUU0xFazZuZDBybHE0bzBDLUoxd2MySURxNGtOXzNBWFdNVUhyV0NOb2NYc1FfRFMzbHVteWpBdmdFbklsSHNOay3SAZABQVVfeXFMTlo4eEhBLVUwbnBaaFVVYWNocjI4bC14M3B1UjJLQlByZHFuUG5JdG1XcHNJem9zNTZDbk5vZ3ROZy1ybnlDZS1fSTYyWmdpVFNMRWs2bmQwcmxxNG8wQy1KMXdjMklEcTRrTl8zQVhXTVVIcldDTm9jWHNRX0RTM2x1bXlqQXZnRW5JbEhzTmst?hl=en-US&gl=US&ceid=US%3Aen,InsideHook,34 minutes ago,📋 FAA Drone,https://news.google.com/api/attachments/CC8iK0NnNVZNVTVyUkRSNVMwdFlMVlJ4VFJERUF4aW1CU2dLTWdZbEpZcnNsUWs=-w200-h112-p-df-rw,2025-11-30T02:24:41.475812
How Supersonic Flight Could Reshape the NFL,https://news.google.com/read/CBMib0FVX3lxTE5BWXVWMlRzNVlMS1RBX2VKbDRQY01KaG9EZ0hsZHZOSkVDSW9YLW9aYkNrcERlOXJpdFlNaTZWU3FjZER4cWxoeE5ESU9pbm96SGo1aDBKbnloMHVXb25nWEkxQ2phWjJCR0Z1Z0RMNA?hl=en-US&gl=US&ceid=US%3Aen,FLYING Magazine,12 hours ago,📋 FAA Drone,https://news.google.com/api/attachments/CC8iK0NnNVpSbk4xYnpsSmJHaGpjMWxHVFJDZkF4ampCU2dLTWdZUndvb1J5UVE=-w200-h112-p-df-rw,2025-11-30T02:24:41.475814
A Complete Guide To Understanding FPV Drone Value And Features In 2025,https://news.google.com/read/CBMisgFBVV95cUxQMl9IZlZYUFNmMUdnRGhxaHVpVzJhd1BTN0ZJMVV1T3owbjBuaTFhOTFlYjRHSXF2S0JIMzV5eVBjbnYwb0hmYW10ZldGYzJEbjNOUmhBOEZkVWJ2NzFkMEtvYVpLWUg5bnFibVpiQ2l3MXdpV3E0UUxIc21Wb2ZzRGlJa1pTUVV3c0ZySFdFY05tU2kwb1RWTlF2WXZrclM5eTNNV2dnRHcxOFp2UW1lQzlR0gGyAUFVX3lxTFAyX0hmVlhQU2YxR2dEaHFodWlXMmF3UFM3RkkxVXVPejBuMG5pMWE5MWViNEdJcXZLQkgzNXl5UGNudjBvSGZhbXRmV0ZjMkRuM05SaEE4RmRVYnY3MWQwS29hWktZSDlucWJtWmJDaXcxd2lXcTRRTEhzbVZvZnNEaUlrWlNRVXdzRnJIV0VjTm1TaTBvVFZOUXZZdmtyUzl5M01XZ2dEdzE4WnZRbWVDOVE?hl=en-US&gl=US&ceid=US%3Aen,Youth Ki Awaaz,13 hours ago,🎮 FPV Drones,https://news.google.com/api/attachments/CC8iK0NnNXFZemswT1dwVFZIZ3dSVWcyVFJDQ0F4aWVCQ2dLTWdZeGs1SlF0UVk=-w200-h112-p-df-rw,2025-11-30T02:24:41.475816
How Russian drones targeting civilians are turning one Ukrainian city into a 'human safari',https://news.google.com/read/CBMiuAFBVV95cUxNc2o2Qm1jSXN2S2xaVTNDSS01V2dUci05ZVpLOE5DRGdGZURKU2VLYUVfVElocW5CWmk1Y0U0elUzVW9WamRTU0UzWEtkQW9Fcng0VUI4X3pISlItVmZhODVoN2xNQkJvQ1ptX1A5ZzlXRFFYU3lYWVpOclpLLVh4dlpYelhBa0l5RHBPTlRCTmJ6MlM0bTVFT0lFdThJTlFCYTdqWUhLbHFDalBPblE2Rk5MdEpSZlR60gG-AUFVX3lxTFB2Q3FWQ04wTHVjUFB0ZTAwU0VHc1hmSm5jakd1aFlmYURfM0dIWk92NWV4SENyQThXY2tJNjV0X1FUdU9YV0x4VE9GanprTk9teVRiUWtJVjloX0U0emRvMnBxb0kzdnBZeG9kMmJoYXlJVl9tdGUtTFpvTmdWemlHVGdZZWFoeEgzeGg3MHpObDh3djJmVWJMQ1B6VkVDMmt6ajB1ZjhQV21KOW13elVYaHpCdnd5QnhSNEdzaWc?hl=en-US&gl=US&ceid=US%3Aen,ABC News,22 hours ago,🎮 FPV Drones,https://news.google.com/api/attachments/CC8iJ0NnNVVNMlJTTFROa05ESkpkWGRtVFJDZkF4ampCU2dLTWdNQnNBbw=-w200-h112-p-df-rw,2025-11-30T02:24:41.475817
Precision drone attack wipes out Russian positions on southern front,https://news.google.com/read/CBMiugFBVV95cUxPZWQ5U3NWTHZEamUtRnFhbXBCaU0yMC1hMzhWVEprZ21heHF5YVgwaHlPbUNwSU5GYnZ5UFdwcm00N0FXN1d1M2QzLUhxZk1tdWV3ZUNuWXNZNDVZS1VoTTdaZDdWY2FYZXhVclVpUklyY3ZrX0tRa3hULXZRcklLRDBBbk4wV3ZwekFQN0drRVVqTi1uSDZ5VEdpeXdXLXBZN2R6Rnlzc3pnNlJ3bWdsOE5hZXI0RzZYQ2fSAb8BQVVfeXFMUGFkWllyZnlUOXFxMURFbzB2NjhEdWdmS2FkVUkzbDlVbXAzeUtwRTIzYkV5cjgtXzhFYWJ4UDRqeHlHbWlZR2xSOEl3ZkxrUmVLQUlDM1JOVE4zMEFDLUcwWENIMjFtTlFJZkVHUTNYWTVBZDIwbTJZdS1pYXJhRVQ0SmtLRHBYNzk3MWo0Y3hDZjUyeTVWZXh4WWFOWGN5M29OOFZERHF3U2Vic3p2ZGMzQ0J1b3RSR2FIQkZsakU?hl=en-US&gl=US&ceid=US%3Aen,Ukrinform,20 hours ago,🎮 FPV Drones,https://news.google.com/api/attachments/CC8iK0NnNUlXR0paV2xabkxXMTFXVWQ1VFJEb0FoajJCQ2dLTWdhQklvcU1MUVk=-w200-h112-p-df-rw,2025-11-30T02:24:41.475819
Bilopillia Community Faces Intensified Drone Attacks and Humanitarian Challenges,https://news.google.com/read/CBMiswFBVV95cUxQd01ZYlpmSi1LSHBtY25ITUV1Q1RyNTBfM0Z5NWdMNDZmYW9ubFFLZVN4bExZY192Nmt1NVU5RXJlUm1uZmtNVVJmd19GSTh1UXE4S2FGQWtRSDcxMmliWFMwTnVKZkozbElGY0tKNnJyblhPMlBrVGxDUXRyS1R1SGFqNWp2TGJLXzVvTklxeHVVa2t2WTJDT3hSXzJOLUVHQzNLWjFlcWctb3J0aVozM3Q1a9IBswFBVV95cUxQd01ZYlpmSi1LSHBtY25ITUV1Q1RyNTBfM0Z5NWdMNDZmYW9ubFFLZVN4bExZY192Nmt1NVU5RXJlUm1uZmtNVVJmd19GSTh1UXE4S2FGQWtRSDcxMmliWFMwTnVKZkozbElGY0tKNnJyblhPMlBrVGxDUXRyS1R1SGFqNWp2TGJLXzVvTklxeHVVa2t2WTJDT3hSXzJOLUVHQzNLWjFlcWctb3J0aVozM3Q1aw?hl=en-US&gl=US&ceid=US%3Aen,Букви,14 hours ago,🎮 FPV Drones,https://news.google.com/api/attachments/CC8iK0NnNUpZVkl6TkhORmNtaGtZMVIxVFJDUUF4al9CU2dLTWdhTmdwS0tOUWc=-w200-h112-p-df-rw,2025-11-30T02:24:41.475821
Peter Todd: Bitcoin raffle prize fuels interest in FPV drones,https://news.google.com/read/CBMigAFBVV95cUxNM3lvWFBMZEVuMDM1TjFNRDJfdXNpUHhwWWN3dEgweUtHQnBmQWZKN2kxQjNBblZSNUtKcS13eFBpdFk4ZVlGTDVnU3BkbXN6MmVpX0MxUG00bUVWMzZrNVBwbDhqRW91MDA5ZDlET2tFQnJpVnhJaWxSVDdTbWhXOQ?hl=en-US&gl=US&ceid=US%3Aen,Traders Union,17 hours ago,🎮 FPV Drones,https://news.google.com/api/attachments/CC8iK0NnNURXRnBJTWtsVFVWTjRNa0ZKVFJERUF4aW1CU2dLTWdZcFpaS3VxUWM=-w200-h112-p-df-rw,2025-11-30T02:24:41.475823
The Next Surveillance Boom Is Taking Flight,https://news.google.com/read/CBMieEFVX3lxTE9tRWVzNlZia2I4dXRfMzRGRlJRMWtra0ZZeHZZRTR5dzVBX0V4QS1aU2Q4QlVvbEQzZ3pIZnRFUHEyNUVGX2N2UTFvdldOcnhKakkzTjAtekJ0dElENlM1QUhyY1BWODVJSjhFYjFqMjJ4ZjdsTTNnWg?hl=en-US&gl=US&ceid=US%3Aen,reclaimthenet.org,8 hours ago,🚁 Quadcopters,https://news.google.com/api/attachments/CC8iK0NnNW9YM1pXT1VWdlMwbE1ZelZ6VFJDZkF4ampCU2dLTWdhWlVZNFNMUWM=-w200-h112-p-df-rw,2025-11-30T02:24:41.475825
UN rights office condemns ‘apparent summary execution’ of two men in the West Bank,https://news.google.com/read/CBMizwFBVV95cUxNaTVib0NoUE5CYUQzb0FRa2pPbE1iZnBsUFhlVExnVGg3Rmx2YVJWbHdNODRMQ29kVmpNVmFDa2gtcDhFd1VHcEVrRVNhSndkRkpIbVE0emVzZ3daNGIyTjlaeDcwWE9RYTctNFdUOTRDV3REUWs4MHhkb2VSWF9KNnNJOG1hX24xX2k3XzRyTVVKdkR4VTVqM245QmM1dUtEaXV2QUVxN0x5c3FVUTRfd2h5VzFubTN1MlhsYVQ4M20zYkpLX2pzemtUM3ZEMk0?hl=en-US&gl=US&ceid=US%3Aen,The Eastleigh Voice,12 hours ago,🚁 Quadcopters,https://news.google.com/api/attachments/CC8iK0NnNVdkVFF3Y0UxR01sUnRhbk5XVFJEMUFoaTNCaWdLTWdZUkJwUUlrZ28=-w200-h112-p-df-rw,2025-11-30T02:24:41.475826
"Turkey unveils new ""kamikaze"" drone",https://news.google.com/read/CBMihwFBVV95cUxOVFNaOENPaHFFZG1WbGRFYWlyTVlob3l6cXU5a3czUDRsb0lwWEZibkE5S2ZDb0ZSbWhERlBZelBzNV92a2g3RHd5bDFzUmZlWmV2YXhVbmxDNEdxMWJBNGVqVGlRd3A0dGVYWmE2VEtzQThYT1pjUzRmalZHSkt0V0JFeHBaMkXSAYcBQVVfeXFMTlRTWjhDT2hxRWRtVmxkRWFpck1ZaG95enF1OWt3M1A0bG9JcFhGYm5BOUtmQ29GUm1oREZQWXpQczVfdmtoN0R3eWwxc1JmZVpldmF4VW5sQzRHcTFiQTRlalRpUXdwNHRlWFphNlRLc0E4WE9aY1M0ZmpWR0pLdFdCRXhwWjJF?hl=en-US&gl=US&ceid=US%3Aen,Telegrafi,11 hours ago,🚁 VTOL Drones,https://news.google.com/api/attachments/CC8iJ0NnNXNjRkZuZVZGeE9VcG1hVmxIVFJDWkF4anVCU2dLTWdNeGhSZw=-w200-h112-p-df-rw,2025-11-30T02:24:41.475828
Autonomy’s New Fighter: Innovation or Reckless Leap?,https://news.google.com/read/CBMiiwFBVV95cUxPb2pZeTdLQmxVQS1lVWM4S3pEdEx0aGtUMUtIWldXRTVYVGg3aUxibGlTd3hEQjRRUWNIV2cwandidGg2UUJaUC1ZV09RZlBmWlA1UUpLdFZjQU53bkV5TTVoMmQ3dDdyZDN4aExYSTFuN0VycWRUVjQtOHB6aFhJajBibHp1R3VrbzFN?hl=en-US&gl=US&ceid=US%3Aen,The Diplomatic Insight,20 hours ago,🚁 VTOL Drones,https://news.google.com/api/attachments/CC8iK0NnNVdWbGR0TnpFemNrdEJkVWhYVFJDZkF4ampCU2dLTWdZbHc0NVBRUVU=-w200-h112-p-df-rw,2025-11-30T02:24:41.475830
Turkey unveils new fixed-wing kamikaze drone,https://news.google.com/read/CBMijgFBVV95cUxQTTZKUno3R0NSM09icDMxRGhtZk9uVUd3Rk9BZlpMU3ZtdWxRQThvUjBjcnVrM1l2aWRDeUdtNURuN1NPdE82VmNBdVMwSWdHYXdjakhwNDg5SGk0ZUhuWjMxRGs3WTdOOXhjVFhxY0FZUWRTaDJXczZDS2xmUk5MN2pHaXVXdTBYWFlEVlVB?hl=en-US&gl=US&ceid=US%3Aen,KOHA.net,12 hours ago,🚁 VTOL Drones,https://news.google.com/api/attachments/CC8iK0NnNUhaWGh1Ym5ONVEwdDNkVmt0VFJDN0F4aTFCU2dLTWdhcGxaYnRzUWM=-w200-h112-p-df-rw,2025-11-30T02:24:41.475832
"Hegseth order on first Caribbean boat strike, officials say: Kill them all",https://news.google.com/read/CBMipwFBVV95cUxNSzFhMlhYcEM5Z2dQR21EZzFTMFFSX0JkaHhqcWRONnpDZ1pQZ2Z5Z1E4WE5BVGlMakNFdDZYVVlnakZRRGxwNmVvSnhLdk9ONFFhNjZLenZOZGFLQlZLNVg0N1ExU1llYlBCT1huVTMtMmVEZ1NnQkZwZFAybXR6S2VpeFUwV3RseHFqc0JpLTBjeGRqcXBvRXg5Z1IxWnZsTXhpcWliZw?hl=en-US&gl=US&ceid=US%3Aen,The Washington Post,18 hours ago,👁️ Surveillance Drones,https://news.google.com/api/attachments/CC8iL0NnNHRablpTWldwWE4zVnBUMjFIVFJERUF4aW1CU2dLTWdrQkFJVG5KR1pNVkFF=-w200-h112-p-df-rw,2025-11-30T02:24:41.475833
UFO-like ‘drones’ targeted police helicopter over air base before vanishing: report,https://news.google.com/read/CBMiiAFBVV95cUxNRnVaWHpzVkhlQmZ1TTBjb25zOC1nY3BmWGRydEt1YjZSS3AxODBTRkFJLVNXR1N3QnY4THJDMDJ1YnhzNUttdEFIQkRiVHBTZmZ0ZFBFM29Sekg5Z0EwdGlkeDFwTEhsX2RKbXRTZ05pSnBVVU9EcFFIM0RLNVlxc3pDWDFzVFFT?hl=en-US&gl=US&ceid=US%3Aen,AOL.com,2 hours ago,👁️ Surveillance Drones,https://news.google.com/api/attachments/CC8iK0NnNVNZMUY2WlZsaVJUTnFkM1pTVFJEb0FoaUFCU2dLTWdZUlNKNklJZ28=-w200-h112-p-df-rw,2025-11-30T02:24:41.475835
Pittwater Online News,https://news.google.com/read/CBMikwFBVV95cUxOOHJoNk5TQmw0U0pLNDl2Y1hIMDRfZFF5eE9OOGxvMHctbG85RHM3clM5aGhDNklscU1VYUN4ZlMwWTlneFpJRjk1bUpzUWlpMy1wT2Y3STV3TkZYVFRzZnJqNWQxSERsUmJKcDVyMldkM3ZWY2YtTnQ0V1RleUxVOUJyek42RHdYTE0wRUs4VmZUOG8?hl=en-US&gl=US&ceid=US%3Aen,👁️ Surveillance Drones News,6 hours ago,👁️ Surveillance Drones,https://news.google.com/api/attachments/CC8iK0NnNXFUMFJYV21SNVUxTmhlazkxVFJDb0FSaXNBaWdCTWdhUmRveUlLZ2c=-w200-h112-p-df-rw,2025-11-30T02:24:41.475837
Councils fly drones to ‘spy on residents’,https://news.google.com/read/CBMijAFBVV95cUxQSmV6ZlZraDBWOG9LSWtHdWtYQjZ1S25NaGo0YUxrNTZaMjZ2aFo0ZGZXUWlzN2h4ckhJVEE3WWtvUno1ZWFqY2RfcUhOa0pFak1RaXlVd1l0dW9DeFVjOTVQM1lZOVl1V2NEcVJIcFhlcmV5aDhwb1lxWVlpbjFEWUY0T0drVVNJZlpvYw?hl=en-US&gl=US&ceid=US%3Aen,The Telegraph,11 hours ago,👁️ Surveillance Drones,https://news.google.com/api/attachments/CC8iK0NnNVZUMmxVWDFOSlJFRm1ibWczVFJDUEF4aUFCU2dLTWdhSkVhTFZqQXM=-w200-h112-p-df-rw,2025-11-30T02:24:41.475838
Kyiv says security service behind drone attack on Russian tankers - Video,https://news.google.com/read/CBMimgFBVV95cUxPWFBlQ1ZoakR0cHBtWHQzeFJ4Yy1UN2JMTXNaVDhXSVhXMklaWk00LU5qTVFuNS13X0RNb3NGc0haQmdhenZhRGtjOG45VENGNlliWjhaZ2twTHVGc3otcDJScmFaVmNacXNqbjZVb2s1Nkx2ampHcjk2bWFsR01ua3RDb3RfMUd5QlExaGh0a016ZUVKdmdnTVdn?hl=en-US&gl=US&ceid=US%3Aen,Caliber.Az,14 hours ago,👁️ Surveillance Drones,https://news.google.com/api/attachments/CC8iK0NnNVhRM1ZUUVVOUlFYQk5PVXcxVFJEZ0F4aUFCU2dLTWdZZGxJcXR3UVE=-w200-h112-p-df-rw,2025-11-30T02:24:41.475840
Turkey unveils new kamikaze drone capable of dangerous maneuvers,https://news.google.com/read/CBMikwFBVV95cUxOMDdNYlQ5Zm9ZOWUxdGpPaDZpTWlBN2VsWjcya3RXU2N2aTVYWXp5RXJGbzh4YXp2SXJJZ0RtX1dMMUxNeU9yLXdtNWQyNk9sd2MxMmVJSXBzdDJHakZCZlgweUxrM1E0YjR4alVzN093T3ZDNG5vZEd1VkRjWHRXdWs5cTdFdUpWcjc3QWhMbVFIZHfSAacBQVVfeXFMTmpPS1dqZG9NNHR0X2poRDJvNWJYSk9BUnBTd1dqOGE3RFVXdmV6VERhZUpMVEw3eGUyZXkwZENxR19KRWJ5NFRRQXN4aDZYUzc0NDZSX1FyVEtsc1g0OFNBdnNVb3J6TnJDNGRKQm13VWpEelZnS1AxeGVWNV9sVTlDbmlYT3A0ZTJxaHBjelJHZzVTdFdFVDFYVm04NGx6R2dBWGtPY1E?hl=en-US&gl=US&ceid=US%3Aen,Telegrafi,12 hours ago,🇹🇷 Bayraktar,https://news.google.com/api/attachments/CC8iI0NnNVhOMGh6TW05Q1VtNWFaWEp5VFJDZkF4ampCU2dLTWdB=-w200-h112-p-df-rw,2025-11-30T02:24:41.475842
Turkey gets new suicide drones,https://news.google.com/read/CBMibEFVX3lxTFAtUERqY0ZZN2lPUHkyYmRWYnc2LUxJamhKOVFBLVhrMmRlcTd1OVQ0TkROdEc5a1FXY0E1MHNrSTJxdXJMVmtsUHhuMmYwTVdram4yMjNKMklxX2plVU5ueXNHRXhwUmJzay1EZQ?hl=en-US&gl=US&ceid=US%3Aen,Indeksonline.,9 hours ago,🇹🇷 Bayraktar,https://news.google.com/api/attachments/CC8iL0NnNUZiMGRRWm5ObFFtaFpjbVU1VFJDVEF4ajVCU2dLTWdtWklaWnRyYWlhcHdJ=-w200-h112-p-df-rw,2025-11-30T02:24:41.475844
Russia hits logistics centre near Ukraine,https://news.google.com/read/CBMihAFBVV95cUxORF9rU2FIX2tiYUtlWDZHVEFRX01PTUx1Nks5emU1Qjc0WFV4bXVoMlpDa1FOdjVfWmgzTUJCZ25vbDFRQm9XQ0h0Nm42endHRVJhbEpVSGlEWnRZMGtnQXBQU0Z4bzZwRThoMjkxLVNNZXk2dzBfOVczS1ZQRFlVNWh0YnLSAYoBQVVfeXFMTVhOZl9nT1IycHk0dDFrN19XVEthMTlLT0N6Tl8tek5EQlhIYkwtM1N5WmFBV0t2Rm1BZk9jOTVTbGJIMFlQSG53SHE0TzJrd0FsN19PZm0weDltREhUbllJM0xvXzJ0cG01TFVtdzhhM1FJVllFeHNRY1BVZDFWUHdxUGlvNTVGX3RB?hl=en-US&gl=US&ceid=US%3Aen,BOL News,22 hours ago,🇹🇷 Bayraktar,"https://encrypted-tbn0.gstatic.com/faviconV2?url=https://www.bolnews.com&client=NEWS_360&size=96&type=FAVICON&fallback_opts=TYPE,SIZE,URL",2025-11-30T02:24:41.475845
Marine Corps reaches retention goal in just a month,https://news.google.com/read/CBMidkFVX3lxTFBsQ092NWZXNE9qanJMRTNzV3l2VHgteWEzUE5wbnZyMTNGQk8waXhkdVJabExaZjhzX1hKdzREZk9OZ2Fkck0yU0FZS0NlWnRMemtzQ3k5amlnWEUzbGpwZnQ2ZzZzWVZtVnE4TXgtREdBNmVaNGc?hl=en-US&gl=US&ceid=US%3Aen,Task & Purpose,6 hours ago,🇺🇸 Reaper Drone,https://news.google.com/api/attachments/CC8iMkNnNTJabDlIWWxZMUxXMTFUeTFFVFJDZkF4amlCU2dLTWdzSllKREVzV1pyaWJyQmF3=-w200-h112-p-df-rw,2025-11-30T02:24:41.475847
The best Black Friday DJI drone deal is now live for everyone — score the best-ever price on the DJI Mini 4K,https://news.google.com/read/CBMieEFVX3lxTFBzd1M3TENvYlFQUW9kOHpJTmRmcEJOa1lyMGJtdkFhdUFfbEhnQ2tjd0pZRzRNb3Ytb00wckwtOXltWV9rU3h4QnpKb0lZWEZZaGxiS2RIQzRtUDVFOGJIdkVkeXZxZFNoRWpUMTRpbUhRWjF1Nzl0MA?hl=en-US&gl=US&ceid=US%3Aen,Mashable,18 hours ago,🇨🇳 DJI,https://news.google.com/api/attachments/CC8iK0NnNXhNek16ZEVkVFREQnlibkl0VFJDZkF4ampCU2dLTWdZWklZcVhGQXM=-w200-h112-p-df-rw,2025-11-30T02:24:41.475849
What a Ban Would Actually Mean for DJI Drone Owners and Holiday Shoppers,https://news.google.com/read/CBMie0FVX3lxTE5EelhfODRxdjNQOGE3cno0TGJJOXhrU1JkU0RPVXlfTnBpRkkzb3lENVRlaWZyRmdjWW5raWdrTEp4cFFYbHdiczRJTE11TnBfLVdRMmlNRENYODdmRDRwVk5tWmhhZ0RGUVZ4ZUNYdkNoMW5PSXBXZ2NSaw?hl=en-US&gl=US&ceid=US%3Aen,AOL.com,5 hours ago,🇨🇳 DJI,https://news.google.com/api/attachments/CC8iL0NnNVhVMVJDT1daNFIwRnhOVzVQVFJDaEF4aUFCU2dLTWdtRmc0b0h2aVYwemdF=-w200-h112-p-df-rw,2025-11-30T02:24:41.475851
The day after – lots of Black Friday drone deals have landed – and are still here!,https://news.google.com/read/CBMioAFBVV95cUxOZ1NoUV9ibUV3MHNCRHQ2alBHWlQxcnBpV3l0Mk1USFpab0FHaVVkVmV4VXJ3UHN3cksxWlRIblg2Wnd6dlRvckVFcHo2MWRoSFRJN0NaQzlIN1ZxU2VMbkpvTWhHSkR5b1dIdHVfeDBkVzlQb0VDTUZqM1FOQXNjRFRhdUVXZ3daTkd2ZUNaMWJfcWRtQjBmaHZzZ3lqVE9Z?hl=en-US&gl=US&ceid=US%3Aen,Digital Camera World,16 hours ago,🇨🇳 DJI,https://news.google.com/api/attachments/CC8iL0NnNVpTV0pCWldvMGJ6Sm1Ra2RLVFJDZkF4ampCU2dLTWdtSlVvTEZvdWhjdGdB=-w200-h112-p-df-rw,2025-11-30T02:24:41.475853
The Neo 2: DJI’s Best Starter Drone Just Gets Better (And Funnier?),https://news.google.com/read/CBMic0FVX3lxTE1QbFIzV0NUQ243ZXVCSzQxVnlMUEw5aW9ZdjRLWWxOZDBzTVk5SWlSaTRxT2V2VlJnMGVpTjFOSHV6WFNwWHdIMUExM1I1QTFRTU14ZGo5Zlp2T0M3SnUtV2luOVdHOTltT1VrWFhGcXJFeVk?hl=en-US&gl=US&ceid=US%3Aen,DroneXL.co,10 hours ago,🇨🇳 DJI,https://news.google.com/api/attachments/CC8iK0NnNTJPVFpQUkRGR1VrMVNXbEZzVFJDZkF4ampCU2dLTWdZQmNJWXB0UU0=-w200-h112-p-df-rw,2025-11-30T02:24:41.475855
"The best Black Friday deals on portable power stations: Jackery, Bluetti, and DJI are still at record lows",https://news.google.com/read/CBMi-wFBVV95cUxNVWdIZVdHWGdaeUNiSEp1bkpGYlJCVXo1bTVPZlRBR2RPUEx4YTRSTzQ5T0thNU1vYl9MVElXWXFCQ2RWbDVLWXUxS2pWQTBVSkRYWkRrN1piVHpNcDJOSTkyeFl3ZUhyb1Y2ejFibGFRNHNtdUstT3A3cTFnZUVfVlJZaEtEVjhiRl9NVkdBbkxwWmswX2JnYWhmY0RTYjVJRHR0Vm93aWZEMnNVQ1FCdUJKM1VfcnVxMl9MYTZQZXJ4NFQtUjcxbmxYNTFYMmxLWTNyYXhJaHdNTkliNjAxaUthZXkyQWtQckRURzR3ZjdYSnp0bWdUSnlnbw?hl=en-US&gl=US&ceid=US%3Aen,cinetotal.com.br,12 hours ago,🇨🇳 DJI,https://news.google.com/api/attachments/CC8iI0NnNDFlRWQ1VVhWTVYxRnhhakJNVFJDZkF4ampCU2dLTWdB=-w200-h112-p-df-rw,2025-11-30T02:24:41.475856
MALS-36 Commander Relieved of Command Duties,https://news.google.com/read/CBMimAFBVV95cUxNUzRzZDhHaVk4eUZOQ1dwYno4cHRhZUM1T3oxZ3ZTaWpVZ3Nsem4wTGRyZGNnZTdySV9IamtGbFJja2FlTEpHZXpBSzRJY1ktRVpwamo0akdxYlFsV1VpLVVvd1ZqRlFkWTNfQlI0dlZlN1gxR2ZZeExxOV9DWjZGM19uV2FmWUZIeTAtSllwNFQyMkRFQkh4cg?hl=en-US&gl=US&ceid=US%3Aen,Military.com,14 hours ago,📰 Military.com,https://news.google.com/api/attachments/CC8iK0NnNDFlRmMzUTI5VVJYUm5Vbll6VFJEZEFoanRCQ2dLTWdhcE5Zek5JUWs=-w200-h112-p-df-rw,2025-11-30T02:24:41.475858
Italy Once Stole Secret American Intelligence Codes Which Nearly Made Britain Lose WWII,https://news.google.com/read/CBMi-wFBVV95cUxPaUk5Ujlwa2JNcHkxeVdlZ2hMaFZOSUQ4dWNIOXJ4cTJTZUstYU4tcWFrOHRIYlpsSzZsNmhnWHZpVU94M1llNEFuXzBDcktCZFd4RDU1aEc0aHprTW9pWGJyT1U4LVhNMXJZSVZqOUQtR1oydnVGaTlqMHFmaFZvcmJKRlBwWkxhcVJsaXRsSC1kU3dUZjZ6RzVlYUF5V295dDNFZ0NNbEtROHlyU1hTMjhFQUFva0UxcUdoTXNpR3h4OW1JUE9hVW15QUpKbTc4RlQtMjVRLTZmWk1XTWNFNmpZaUptbWNlM3ZfTi1hUFJBZjZvOG4zbkdtRQ?hl=en-US&gl=US&ceid=US%3Aen,Military.com,14 hours ago,📰 Military.com,https://news.google.com/api/attachments/CC8iK0NnNUxXVEJSWDFsRFlUaFFaRWxJVFJEdkF4anJCQ2dLTWdZUllwQm5MZ2M=-w200-h112-p-df-rw,2025-11-30T02:24:41.475860
Communities Honor West Virginia National Guard Members Shot in Washington,https://news.google.com/read/CBMivwFBVV95cUxQaEpmdEJrTFAwU1dFanEydEpON254RUpCc3NiVEVKb3JXOUhPcmlBVGg5V0Jjc2hsamNJZXVUazVoM0ZQZW12QzBfTnBZblVqbi1iVFItdmdTeGJvZGtTOU5UZFF0ckhlS1pvWDd3QWVxZ0JZSmtPU1ZNbE1QZk9XcmNxNFlFZ1JpODdTdzdDWEhfUHdrUTJiTUVEQV9DOVlBTGVDU3JlWWJBNnlDZW05M3MtRndNdjNZczhhZmlMQQ?hl=en-US&gl=US&ceid=US%3Aen,Military.com,13 hours ago,📰 Military.com,https://news.google.com/api/attachments/CC8iL0NnNVdUV0pMVlcxNldtWTFTMDB6VFJDZUF4anRCQ2dLTWdtTlVaQ21wbWMxeXdF=-w200-h112-p-df-rw,2025-11-30T02:24:41.475862
Military Daily News,https://news.google.com/read/CBMiS0FVX3lxTFBNV1NnMkJwaDFQUkFSazdTYm1kRjZheDVoZFZPSlNyWENHbFFoY2NZS0Z4WkJiYWpDeE12ZXVxaXZoZktvb0tLUEt3UQ?hl=en-US&gl=US&ceid=US%3Aen,Military.com,"Nov 26, 2014",📰 Military.com,https://news.google.com/api/attachments/CC8iK0NnNVFiemh2TFRCVVdURkhZVWg1VFJET0FoajBBeWdLTWdhcFJZek5JUWs=-w200-h112-p-df-rw,2025-11-30T02:24:41.475863
Veterans on Creative Paths,https://news.google.com/read/CBMifEFVX3lxTFB6VkJJSnBTRUtpZmJFVWNiNTVuSTNRd0R6YkxSLVNnMDN3WXp0djlPY0JJMnlzNms2X3dNTkpubElaYXc3YTNJSkJGZ0hpTm5nNi13UXo1cFIyUlk4ZmtuSVpSWklXVkxFYjBOZkpUcWk5U2RGaFB0R0hxUmk?hl=en-US&gl=US&ceid=US%3Aen,Military.com,14 hours ago,📰 Military.com,https://news.google.com/api/attachments/CC8iK0NnNUhaRWRzWkZSTVQxazRjbk52VFJDMEF4anRCQ2dLTWdhaE5JN05OUVk=-w200-h112-p-df-rw,2025-11-30T02:24:41.475865
Lawmakers to VA: Use AI to Help Prevent Veteran Suicide,https://news.google.com/read/CBMixwFBVV95cUxPSF9QM3lzRk9WU0wweDR1cG1vV1RUTDFOWk9HdzFZVVl3VVgyeDE0a2hhRzVPUUZhSHE4VGpNbGQyYjFFOWdtNFQzUlVJMWJlcWlnN0gyVzJWWVRYRW1KdG9HR291S0FGczdnajd5TE83ZkZ1bHpVRjRfakFjd0gtUDgta1N0VnZ3cm91ZDM4UExibEZVSUh2N0tGaVFhWTZDX3g5Qk9YVlpHT1pvQWgzbURVdXZFU0xGSFM4dUpZLUgtYUM4dDlF?hl=en-US&gl=US&ceid=US%3Aen,Military.com,13 hours ago,📰 Military.com,https://news.google.com/api/attachments/CC8iK0NnNVlPRXh3V0VSWlVtcE1WVTVQVFJEb0F4anRCQ2dLTWdhWmxJeU91UVU=-w200-h112-p-df-rw,2025-11-30T02:24:41.475867
US Halts All Asylum Decisions as Suspect in Shooting of National Guard Members Faces Murder Charge,https://news.google.com/read/CBMi3AFBVV95cUxNb3VKRkxZSTFpaUlUMnotTXdiQ09JX1BjQjB3WU1xeTJYU3FEUXJyN2ZLWlpKbDItSjB3Rngta2VlcGVtcS1BekdELU0wOEo0bzZQVEdJak80d2E5QUJGWmRoRjVKcFJIejB5LTd3bmtSamowRURmbmNXUEsyNWd3eGZ1WXRIQXg0aXU0N2h6djJQa25wVmJUdWtpRGd4S1pUR0ZoR01LVGlYc1lCWXQ1ZlV0Y0paTU16LXJFcVRjUjVIVlNnczBXblFnaDVQWXdqLUY3ZVNINXRHS3RL?hl=en-US&gl=US&ceid=US%3Aen,Military.com,13 hours ago,📰 Military.com,https://news.google.com/api/attachments/CC8iK0NnNTRjbnBNVFhNMlNHNTJjR000VFJDbUF4anRCQ2dLTWdhTlFaYm9wQWs=-w200-h112-p-df-rw,2025-11-30T02:24:41.475869
Experts Doubt the Pentagon Can Punish Kelly Over the 'Illegal Orders' Video,https://news.google.com/read/CBMiuAFBVV95cUxOWUozLVZpQzh1S0RLZGJoa0dfZ0JXVER2bGJUejJTbVd2UGhiYW00MW1pb3ItLW5EdTBSWFV4V29YaUZXcWhNX1VoY0pNUjJweE5uWWtKT3l2RzF0OEhQWDhwTTdaMk1QS1dybGU2NUZJazRFdTFwZ0JkZk0yUGFXYldROENxbmMzd3d3VEVXYUw0bFFnSHVWVmFreVJULUJQX0pudnAyZXFSb3U5LWl1OEVJQjVBTGVF?hl=en-US&gl=US&ceid=US%3Aen,Military.com,11 hours ago,📰 Military.com,https://news.google.com/api/attachments/CC8iK0NnNWFSVXQyVEdKcll6UlZaVk5PVFJDZUF4anRCQ2dLTWdZcGRZS3V0UVU=-w200-h112-p-df-rw,2025-11-30T02:24:41.475870
"What is Operation Allies Welcome, Which Brought in Afghan Refugees?",https://news.google.com/read/CBMisAFBVV95cUxPMVhQZzUtbjRBUFJMTUZUcW84ZTVscUhwT2lPRVJZNFZGeWx4b1QxUjQ4WWNFd2pmUkkyYkJ1cUZTNlg0Qzg2ektKZUpudnBEMGtDVWZ5dlRnNEZ1X05Bd2t6bzA0NGhvZHlhc1YzN0x0bEVMVlhvd0t6STJVdGVjUk1qZENJdUUxRjZuQlR4emh4eWRvcUpDWExvNHREOFRORUhLM09rREJKTHdkZnU4Rg?hl=en-US&gl=US&ceid=US%3Aen,Military.com,12 hours ago,📰 Military.com,https://news.google.com/api/attachments/CC8iK0NnNWtUblJzWVdsT2VrWTNVV3RrVFJDOEF4anRCQ2dLTWdhQlVaVE1xQWM=-w200-h112-p-df-rw,2025-11-30T02:24:41.475872
Trump Says Venezuela's Airspace Should be Viewed as Closed. It's Not Clear What That Means,https://news.google.com/read/CBMiywFBVV95cUxNbm5zbnRuSEFsTU9nWVFLR2pWQThxM012czBPUHFneHFSbmtvOV9Ma2kzQ1U2SVZxXzVzaWZZQjlKSDJodXlKQnotZGNMaGd2djVuVlZBaTZOMzdxYnRtWU54a3VfRnQ5bGZHcUdrQ2wzZDZOVWlkYVE4cG1qMzJ5UlllRWxSNWxabUlpUGZOdFZkSVg5T3dLQV9IamxOeWlvSzMtQWNyOUphc2VQbE5nVERUNENTTFNyb2lZNk5TZldBVWNvZTZvSDIyWQ?hl=en-US&gl=US&ceid=US%3Aen,Military.com,7 hours ago,📰 Military.com,https://news.google.com/api/attachments/CC8iNkNnNVFXRXhoZHpRMFYxWlZNRGsyVFJDZUF4anRCQ2dLTWc0QklJQUFUcUxJcnJrZ0Y4SjJDdw=-w200-h112-p-df-rw,2025-11-30T02:24:41.475874
"Moldova says Russian drones entered its airspace again, posing aviation threat",https://news.google.com/read/CBMiuwFBVV95cUxPVUVUS1VuMzJTZEs5UzlxcklSVW5DNld3U1I4LXhLUHByYkJkbHNvaVRsOUFQTWg2ZjBQTFZUcWM1TlZaTzk5NWJzeG5DbjZIbHZia0RKZEZtcm1mdk1ydm14R0h0TWx3QUhEQ2QybzlOUldxUXJDUEJlc0hfUnZkU1NjQ21iN1Q0RGxTSDBKQ1ZMWjBvc2QyMXNqX1dmcllwWmtlRm5PMldhOW1tUF9fU2xrT3NkaDAyamxV?hl=en-US&gl=US&ceid=US%3Aen,Reuters,8 hours ago,📺 Reuters,https://news.google.com/api/attachments/CC8iJ0NnNXNSa2hGUlVGWk5FZG9VazVpVFJDZkF4ampCU2dLTWdNZGtBQQ=-w200-h112-p-df-rw,2025-11-30T02:24:41.475876
"CPC says oil exports halted, equipment heavily damaged by drones",https://news.google.com/read/CBMitgFBVV95cUxPV2FQb2cyVFhxMHlSV2lDQ3ppNmFIM041a0JhWl9DeWduaU9fOWl3Ty11Q2xCVXJubF9aWDlKQVRRSjRnNlNHWEhRVnpuOHhvTlhnaEppNEQySXlEcy1rSmlXZEpiTmR1OEdmcTNadk5lb1FDQl9sSlJhUWh0MkJuODJnT3Vnak56TVVaSHZpNm9NWG1jalY4M1QzbTdnUVBYNEtzWno3QWtoejVJNGpWSHFfamluQQ?hl=en-US&gl=US&ceid=US%3Aen,Reuters,12 hours ago,📺 Reuters,"https://encrypted-tbn2.gstatic.com/faviconV2?url=https://www.reuters.com&client=NEWS_360&size=96&type=FAVICON&fallback_opts=TYPE,SIZE,URL",2025-11-30T02:24:41.475878
"Russian drones, missiles kill one, injure 11 in Kyiv, cause damage",https://news.google.com/read/CBMingFBVV95cUxNR3lFaHFCdE9TWmxKeGZQN2lyWHRwMU5RSlp1MmpNcTR3QTJFbEVBdG5zRkdFSDVxcEl4am1zb25OZUQ3Z29kZ1dDcmpvazdhd3N2VEpua2lNUlRnVkNQOVJxQVg5N0lYTzY3RzRYVjl1UGhqY2c3Zm9URXJTTERITGtfQ2l3RmNseE9UQUJiS292N2FnZEIxbWVmNThhZw?hl=en-US&gl=US&ceid=US%3Aen,Reuters,19 hours ago,📺 Reuters,https://news.google.com/api/attachments/CC8iK0NnNHRaMGRaUVZBeGQybGFWVmcxVFJDUUF4ai1CU2dLTWdhQkFZcVB5UVE=-w200-h112-p-df-rw,2025-11-30T02:24:41.475879
"Fire at Russia's Afipsky oil refinery extinguished after drone attack, authorities say",https://news.google.com/read/CBMixAFBVV95cUxNenlNQkgyc2Vpcl9IbndRLWtQVngtZzJIWkZMNVNBSFhpNU1EbGFvdXBEdzlKOHRqaTN3STZUblRaRHZVdzItNEVvSzBRRUtkVXNxNFJFeVl6bjdLUWhUdDVYUkY0UnZUak1iQWhXM1pIQk1HS1EyQlRfSWxCcmE3bThJRl80eXNBMHRLVE5fOUF3TDh2X1VIX0daZTRnTnpKaE9nU1VWbTc0THYzTUlSa0YycHp1b2FxTkJqRTV5R2JpNVh1?hl=en-US&gl=US&ceid=US%3Aen,Reuters,16 hours ago,📺 Reuters,https://news.google.com/api/attachments/CC8iL0NnNXZia2hNVVVGRU5rNVhPV1J3VFJERUF4aW1CU2dLTWdtSk1ZZ3FNYVdLaHdJ=-w200-h112-p-df-rw,2025-11-30T02:24:41.475881
"Iraq's Khor Mor field to restart gas production within hours, Kurdish PM says",https://news.google.com/read/CBMitgFBVV95cUxNcHhtYl80MHFFUG51NnVzUUR0ZVVlMXJES19YM3ZZdDh6S0w1QW1rUWdyY3VTWV9yZWdiNTJwcmxVRVRPWTNpdWJtUlp6MlBBSnFpMkRCeGVZay1Cb0tuR2dHTGlMMHhFemx5TzVkS2dnQlFlbkpxWF94T1B3NTlUcXZRMV80Z2FXS2NkVzJkS2JKa3BWTzhqdFNZcnVuWVJoSUM0Q2xidTFPZFY2SzZnSlQ0a2tVdw?hl=en-US&gl=US&ceid=US%3Aen,Reuters,4 hours ago,📺 Reuters,https://news.google.com/api/attachments/CC8iJ0NnNVdOSGRCT1dzeFNVbG9WVFZLVFJDLUF4aXZCU2dLTWdNaFlBdw=-w200-h112-p-df-rw,2025-11-30T02:24:41.475883
Women in business 'scraping by' despite viral online success,https://news.google.com/read/CBMiWkFVX3lxTE4xVWRTWndUT0FXSmZ3RFNGb2ltM053YXBlY1NZMzdyOXh0ZTNacGFYY1JjaThlVy1XM1lYLWM0VFpUVFlza1Rrem5yQUUzcVZFOTZMc2xHZGR4UdIBX0FVX3lxTE1XNkF1UmRCTkZJUW1QdTFzLUZUdjJrbUlEdDlMX3BUNjVYNE9OOFNBNTZLUk5BSDBDT1ZCZlJLbHp3M3NfMWJVakF3eThBV3N2ZWoyR1U2UDNqM05PY05r?hl=en-US&gl=US&ceid=US%3Aen,BBC,18 hours ago,📺 BBC,https://news.google.com/api/attachments/CC8iK0NnNXFWVGRyWkRVNFRERlNkMmxNVFJDZkF4ampCU2dLTWdhdFJaVE9KUWc=-w200-h112-p-df-rw,2025-11-30T02:24:41.475884
The five things that set the 2025 Atlantic hurricane season apart,https://news.google.com/read/CBMiXkFVX3lxTE9GZ3RjRTJSRHJNbVp0MXVyTUg5X0lFRnNPcm8yLVowWU1NajVzMGpMWWdTeEIyMW9LOFBDYWxqV1B4d1RPLUg4bnFLZkZkZThxV2tMSmNIRnltZWtldEE?hl=en-US&gl=US&ceid=US%3Aen,BBC,1 hour ago,📺 BBC,https://news.google.com/api/attachments/CC8iI0NnNUNTbXh0V1ZRMU1WSjNXV0ZwVFJDZkF4ampCU2dLTWdB=-w200-h112-p-df-rw,2025-11-30T02:24:41.475886
Leicestershire farm to provide Downing Street Christmas tree,https://news.google.com/read/CBMiWkFVX3lxTE1zeFRYYVRrZTIxSHFHRzFxWGRzTTRQaVRWWVpkQk42eVYyN29GTTluU3RacnBPY0hTU05kOFhVMkpxaEVock14MnRVRE1zY1JUUmdtb2ZzaDB3Z9IBX0FVX3lxTE15UTJGSE9hQnhqZTJOM3E5NzNvekpBMmU0TXZHVTV6elNONDNid19XU1UwajhaMHg5d2dybE4xbGM5M3BwT3VxUHRpMHpYc284R19xbUZYVEdzcV9XTHd3?hl=en-US&gl=US&ceid=US%3Aen,BBC,19 hours ago,📺 BBC,https://news.google.com/api/attachments/CC8iK0NnNHRVa0ZsZFROaGIzaGhOVlp5VFJDZkF4ampCU2dLTWdhUmM0Wm5yZ1E=-w200-h112-p-df-rw,2025-11-30T02:24:41.475888
Andriy Yermak: How Zelensky's right-hand man fell from power,https://news.google.com/read/CBMiWkFVX3lxTE9uQnVkMzZNM3VYeElUc3lxdzVQYTNvMld5YjJmVjBXdVlsc1lMTEw4b3NHOC1HdlFCSHlwS2RhcU94dTN2WWY0WVgtNm5UR2V1eXpvcTEyTFg1Z9IBX0FVX3lxTFBYU1JYTlZBY1lQMjhSN3hhQlpiUmJqbU01YW0wamNmZ1NZU2k2NWw2M1h1M2xrR0cya3llN2RjZnp3OFRYeUVpUG5DT3pCUndmQkF4TEhERHdWMzJxdl9v?hl=en-US&gl=US&ceid=US%3Aen,BBC,14 hours ago,📺 BBC,https://news.google.com/api/attachments/CC8iL0NnNU5hRUZJYUdGUVUwWlVkVU5tVFJDZkF4ampCU2dLTWdrWk5KWlJtV3FhN0FF=-w200-h112-p-df-rw,2025-11-30T02:24:41.475890
Newspaper headlines: 'Reeves must go' and Tom Stoppard tributes,https://news.google.com/read/CBMiWkFVX3lxTE53RTBhYWNUbzNzeDN0T1ByenFjcy1BYkJJRWU5RnBZYlhjRnZVWmRUbHZfOEdlZmtZTVZScGdnb0ZYaVJtMVlZV3FoejMxR0lrU2ZRaXNNdWgwd9IBX0FVX3lxTE9MckUzOTlGOTdlVjVSekx2WUVVRlpJT1Voc29uQ000dUxaQ1B1cHdKTjVlVDZ0SGlPbUtybXhQc3ZWYlFJWVY5NmNZZHI0d1pXUWh6d2pYWVo0MlNoUzVV?hl=en-US&gl=US&ceid=US%3Aen,BBC,1 hour ago,📺 BBC,https://news.google.com/api/attachments/CC8iK0NnNTNhMmh2ZDJ4TFNHTnFjVXhPVFJDZkF4ampCU2dLTWdZSlFwRDBKQWc=-w200-h112-p-df-rw,2025-11-30T02:24:41.475891
Herefordshire 'Floodmobile' visits to help people protect homes,https://news.google.com/read/CBMiWkFVX3lxTE42Vm92c1dKclU3cUJZa0lIaGRiZjl0NGFlMzlZSGoyNHZ1NVpvUl9Td0liMDVnbGZ6OGxmR0lHS242T3Q2OXBFR2NvMmRvdm9qSGJpOUhuSjRwZ9IBX0FVX3lxTE5RTnVCN1Z5SFp5N01yWE9KRkRQYkNhYWRUbWNwRXlqbWl0WlFPVWhPSVQ0Tk42Ml9CTW11WFZ4NDBRd2VrM00yS2RsdWxZOWRpZzJvQ1AwZEFqSUROdHVj?hl=en-US&gl=US&ceid=US%3Aen,BBC,9 hours ago,📺 BBC,https://news.google.com/api/attachments/CC8iI0NnNWpOR2h3ZVhsek9HNUdjWE5LVFJDZkF4ampCU2dLTWdB=-w200-h112-p-df-rw,2025-11-30T02:24:41.475893
Russia-Ukraine war: Drone strike hits Kyiv residential areas despite peace moves,https://news.google.com/read/CBMiggFBVV95cUxOYk5qU19adGNjdlFhbmg0YkhQZ3FNMEVSMk8tVy1IT1lQM2F0eGlOQTBmR3djNzVVWEkxY0l2YTBRRTBKbmlMREdqQ2MxS0ktUElvUEtQeWhuMlZibkdudENrVHB1UGZuZWxKRlhyWTU5em5NbWFnenVQME5kMDB4NTJ3?hl=en-US&gl=US&ceid=US%3Aen,BBC,21 hours ago,📺 BBC,https://news.google.com/api/attachments/CC8iK0NnNVRjRkJ1WTFSWVpqUkxTalZ1VFJDb0FSaXNBaWdCTWdZQmtJUUxUUU0=-w200-h112-p-df-rw,2025-11-30T02:24:41.475895
North West Wales | Latest News & Updates,https://news.google.com/read/CBMiW0FVX3lxTE45ZHNkR0lHMzhST2xIOF94TE1mb19halhkenhseFkybUEtSHFoci1CbTlwZUViR0U0SXRoaHdsb1RBZzhsMXBlYjdvXy1xc2Z3dGRiTk84T3FwY1U?hl=en-US&gl=US&ceid=US%3Aen,BBC,"Sep 22, 2017",📺 BBC,https://news.google.com/api/attachments/CC8iL0NnNHpOVzV1Y0hwb2F6ZHlZblkzVFJDT0FoamdBeWdLTWdrQmNKQ1VRR2FhRFFJ=-w200-h112-p-df-rw,2025-11-30T02:24:41.475897
What happens when you kick millions of teens off social media? Australia’s about to find out,https://news.google.com/read/CBMihwFBVV95cUxOSlFFTXUxLW8wTFY5c1o0OE5xdW04SnhiTmdlYVRycFV6ZzkwLTNteWlXNnU2OHR1aXUzTUZBSVJ0U21zVTJtaGZKS3EyUEJYNDdZbTZLVzgxRWN5RFdCenowb1poY0wxby0yM0k3UGRqVlRGMGpSZzF0ZlU4Ujd0Zl9sQlFTOUE?hl=en-US&gl=US&ceid=US%3Aen,CNN,6 hours ago,📺 CNN,https://news.google.com/api/attachments/CC8iK0NnNU1XbXMyUTNGVWRFUnlkVGg0VFJDZkF4amlCU2dLTWdhZEFZaXNJUVk=-w200-h112-p-df-rw,2025-11-30T02:24:41.475899
"College freshman is deported flying home for Thanksgiving surprise, despite court order",https://news.google.com/read/CBMihwFBVV95cUxNUDEyZXpCUGcxdjEwWG1vQkZ3R0IwWk9xSHprMEE1Zjlfby1fN0ViVkZYYlR2VzZlSHFiazNyQ1NfaFJSM1RvT0wxbVA4bC1ibk1ldEsydlVsY2R2c0h2bWtCLVl2bl9qbWNMMmJBaUtxdGJScV9iTXBPbVhBbGN0RGhnX3JQVG8?hl=en-US&gl=US&ceid=US%3Aen,CNN,9 hours ago,📺 CNN,https://news.google.com/api/attachments/CC8iK0NnNVZlbmhLT1c4NVZFSkJlVkZzVFJDZkF4ampCU2dLTWdZdEZvenRGUW8=-w200-h112-p-df-rw,2025-11-30T02:24:41.475900
Pope Leo removes shoes but does not appear to pray in first mosque visit,https://news.google.com/read/CBMifEFVX3lxTE1hWkEtRjhzUW5iQkhia2FSblA2ZFZ0OUdTaWRwQ01GdEJvQ2ZYaHMwcjVLU2c2RjJRMXZya1V3OVVjUDIyRFRPcHk5Z2VrbFlDZHF6R1dzRWNaWGQ0ZWJDZmRyUHlhV3dkSFFRN2xxa2hneWhEUC1UaEJmY3Y?hl=en-US&gl=US&ceid=US%3Aen,CNN,15 hours ago,📺 CNN,https://news.google.com/api/attachments/CC8iK0NnNTJlR2hIZFZkVlVITnhTWFpFVFJERUF4aW5CU2dLTWdZTmdZd0dPUVU=-w200-h112-p-df-rw,2025-11-30T02:24:41.475915
A blue schoolbag in a mass grave. Sri Lanka’s bloody past is re-emerging from the soil,https://news.google.com/read/CBMif0FVX3lxTE5KNE82ajVwRVhmOGdXX1VLODRGdEJGSEV4UUJ4SE0wSndBSnhhdWJSTE1yRmtFQzJFV2FJZUxRa1liZENTU1RsREpzbXN6d1FUbVhYTFpmeTBPMjZQaTVQV0VsbVhpbTBBQ1Njek1sS0MyOW0ybTJuNkxvUGhULWM?hl=en-US&gl=US&ceid=US%3Aen,CNN,1 hour ago,📺 CNN,https://news.google.com/api/attachments/CC8iI0NnNURTMHBLWlhRMlpIVlBiMjF5VFJDZkF4amlCU2dLTWdB=-w200-h112-p-df-rw,2025-11-30T02:24:41.475917
"Russia news - breaking stories, video and analysis",https://news.google.com/read/CBMiUEFVX3lxTE92TXBEX1NpeDVDX0o5QXFGX1ZqeGFYbDlmdDBmbEtvNlFHNmxFcWxMOE04N1lzVFdGV2Nzd08wS1NLUUpxbjE4OHRrTmhocm5r?hl=en-US&gl=US&ceid=US%3Aen,CNN,"Feb 24, 2023",📺 CNN,https://news.google.com/api/attachments/CC8iK0NnNWhjemRaWHpjNU5XRnlXbTFmVFJDZkF4ampCU2dLTWdhcFZaYk5KUWc=-w200-h112-p-df-rw,2025-11-30T02:24:41.475918
"K-shaped economy and inflation boost Black Friday sales by 4.1% from last year, online spending jumps 9.1%",https://news.google.com/read/CBMifEFVX3lxTE9VdFRlSGYzaV96NkJ5aGlhakkwWWVSTlB3ZUtXMFBDenpRNXJ2NEw4OER5ZGpUcW1kYUxfTW1qc1FySEJkYjhSQVVmeW83SFV1bG1lbDVfQjFGUTVYc2JGQ0NXdlRPcnZQdUhqaFh3dDIyQjFRbXdDRXczRUc?hl=en-US&gl=US&ceid=US%3Aen,CNN,4 hours ago,📺 CNN,https://news.google.com/api/attachments/CC8iI0NnNU5NVmx2UjB0T1lYSnpPRmd5VFJERUF4aW1CU2dLTWdB=-w200-h112-p-df-rw,2025-11-30T02:24:41.475921
The Lead with Jake Tapper,https://news.google.com/read/CBMiUkFVX3lxTE9aRDlhSkNiYlZsMG9JVF9hV1RzdmJmWXhWbXRRLUVmUHk5LTFVTURoTmhTTjdMQVRBZ3puc3ZpRVZCMmJtX3hiaGxHNFFIT2ItekE?hl=en-US&gl=US&ceid=US%3Aen,CNN,"Apr 7, 2023",📺 CNN,https://news.google.com/api/attachments/CC8iK0NnNUtVQzFTU3pCRmRFaFNYMjgxVFJEaUFoajJCQ2dLTWdZTlFaN0dHZ28=-w200-h112-p-df-rw,2025-11-30T02:24:41.475922
Trump Declares That Airspace Around Venezuela Should Be Considered Closed,https://news.google.com/read/CBMizgNBVV95cUxNUnJ3ZWJZWDEtYUo5WjB3dWYzZHpSUFp5cERrdjcydXBpZDdxZDJxeEwwOHpGYWJKS3RwM1hDOGFqLXpsTkQ5VGt1aGE1Tm5Dak5abHdPMUlaU1k0VlFfdlpPb2pKV0VMcVp6X1NkZkhQcVdRRVhrXzAxZ1R0S2Z3NTk5WENQWEpYcm9aaXdOWmVzdHFnd1JSeXlDaDQ3YnpITG9kckV6ZEhiUmFOTlIzY1lOUEVZcWdBcXQ0V2Q0dHlvQ2ZGSmNfeldtTXVRdHg4Y0RqSklTdGJIaHQyNk1ocUVPUTBWaHdPdTlhV0xFYlBlZjdCRVZMdlVWUEZKU3ZhaElpTnpXWFlILW9zUjQyRmplS2Mwd3lWWXpRWHo1V0VSSDVQeGhmcmc4TUo3a19Tczh1VVFnUnI4bU0wZGtzeWtKY0pHMC15WHZCd3d6dEZDeUtTQlNWUk5ITVBjREN4QVNUSFBVUENYRHdRdjZPSlBkNmhoQ2NtblBUTGlUeDRPVlZVenRPTm1sUGwzd29UTU5rRFcxWTZBUEljaGphUEZCVkdaai05dFVnRE5HT3RBMTlDS1htekpkUkx5eG0yRHdlY3lWdXFSTFdUdGc?hl=en-US&gl=US&ceid=US%3Aen,The Wall Street Journal,6 hours ago,📺 Wall Street Journal,https://news.google.com/api/attachments/CC8iK0NnNTBVVVZ6TUd0elpVdGpkalpDVFJERUF4aW1CU2dLTWdhdFJKaXZJUWs=-w200-h112-p-df-rw,2025-11-30T02:24:41.475924
Copper Thieves Are Wreaking Havoc Across America,https://news.google.com/read/CBMinwNBVV95cUxPUy00RF9XYUY5YXlsX0RoamVoUlVBU2VCSnhpOTVocmZVN0dweUUzX19HSU80WGxBOV84YzVDV05yQTItZG0yLWFMbVpycFNzeHhWcEdpSHQxX2E3R0UzbzBPd28yc0hjdlZRRWlYdEVqZEhrZUpMWDdPTUg3UkJ4cU9ESUgycW5DM1NtekdsUGktUUpseUFpRHFpSmlKdGpHV1Q5R2k3Uk9TejBRNnVLYzhiZkh5aTNibjMzZEpKaWhwOUlfOHhMaThrUVNkdlBhc0Zfa25YbVhkOUNrVS1RM1diYm1OZTh5YldCZVBTMDZSeDROZVB0ZnpPZUtIYnFZNExRTlEwRE9XSi1Lc1FMRlUzT0ZuWmhWUVVFR2w1LVpwRjVSVUhrdGY0bVRHTXBNZnlGM21FNjdMWHVoOFNWTVg0cGR4YVVpcmlVNjBSNFpzZEtBVVFkc05kQ0JyREwxSkE4NXhHaHRxOElqUkFPUm1DWDM3VUhSNThLN09sNXNhZ3VJTURJdWIzMkdoMG1ScmZnSjRJMlBPODdxaVFn?hl=en-US&gl=US&ceid=US%3Aen,The Wall Street Journal,1 hour ago,📺 Wall Street Journal,https://news.google.com/api/attachments/CC8iK0NnNWhWMGRUUTBONGNFdGtVRjh3VFJERUF4aW1CU2dLTWdhQkk1Q1BGUWs=-w200-h112-p-df-rw,2025-11-30T02:24:41.475926
Print Edition | Wall Street Journal,https://news.google.com/read/CBMi5wJBVV95cUxPU2lCS3RPMlcyVjNSYjhEMTFZaXdqMHQ0WUZTZTBING8wa3RZTkVlT0ZpT19wQXdpcEVrV0EzSV9XTnU5bV9oVzlfTEg3eC04eFFyT1BhaS1NNUtabUhzSzliQkRKNHI3WVhMWlBrTENjZTFtdmRfZzIwSWFESTFGcjFPbnBJY2pKdUZIaHhzX29ISTN4UEgzNjhkMlVDcGVBTzFzMXgzYTFLZGJ3U3B3YWlqYi1zNUItbVZUMnd2NzlRTGxTeVBVNzhxaUcyXzNLYW5fUmpSSzZESGdxenNMT3pBcjVXeWkwXzFUQm1FdU1oR3puSDRhLUR0R29PdTlpaG5pakdjdm9IR0NvZE9YbjVvdkFfU2RKNlA4TVc3Q2R6UWpoUkhnZWhmZng4QXhoVDc5T3lZY0dVYTdCNTdkNDdxSmcxLVhQVlVKUmFzMXZOWEV4WDZIRk8wQl93bFpNSy15SmtzZw?hl=en-US&gl=US&ceid=US%3Aen,The Wall Street Journal,2 hours ago,📺 Wall Street Journal,https://news.google.com/api/attachments/CC8iK0NnNVVORTlyVURsSmNGUmtWakZSVFJERUF4aW1CU2dLTWdaRlFwajBJQWs=-w200-h112-p-df-rw,2025-11-30T02:24:41.475928
Trump’s Focus on Drug War Means Big Business for Defense Startups,https://news.google.com/read/CBMiwgNBVV95cUxOc2xjR0hHQjdEamVicG1Xc2FCUzNxR1dTRlNFNTRPektuX1EwNlBhV2kzUlpobjFneVVJOWNQeHAtaVAxRmxvVFNCVUl2ZzZwQ1lvQXhydGV2ZlJXSnVTVUltNFVwUEFtaHVnbWdsWlNSN1gwNjQxT0d0TDlnTUU1OXlVdTEyY0JGU0xvbWpVbk9PT3FmMUJhVHQ2UnpHTUszbjU0Ujd3X1d1ZUFPUXd1SGo2OWJoSFEzenFJSzJTS05TS0dmN2w2czhGMy1sT1h3LWFrYUlnWDljbzh2M2JlckROV0lpMThQTHhSLXJ0RzVxNUU5TWt2U1lPc3lSOU1Kb1RRSXZabm5NMlhWaWxFQ3I4ellvbElSbnNkSmZsaThidFdQTlpVbkVzY2NTV2Nuamg4eFVpSVJXUm1JYmRQRDhPMjI5TFdtM0NJYkhodnNQVlM1bWNBZmNXZ193V0F5Mmc0RGN6TGFwYW9NckxrSWN6WU44UzJTVDRnZ3FSVmdBeVI5WlNfVzlORjItOW92Ul9aY29ucnVmbzFyVWhuTmFXRWpuX1lqa29RQjN2TlVCMW5sM21yX3FodFNCYlQwSUE?hl=en-US&gl=US&ceid=US%3Aen,The Wall Street Journal,23 minutes ago,📺 Wall Street Journal,https://news.google.com/api/attachments/CC8iK0NnNHhTRFJGUkRkRk5rNXFTbGRsVFJDb0FSaXNBaWdCTWdhQk5JN3NtUWs=-w200-h112-p-df-rw,2025-11-30T02:24:41.475930
"Defense & Aerospace - News, Articles, Biography, Photos - WSJ.com",https://news.google.com/read/CBMi5gJBVV95cUxOVldtSFFHWVBTZkdUT3RtTmxtbXFjRzVrSGpFN2NwcjZndGpUOWpPcExoMkxJNzRzZE5VYWdpV1RxSGFNQ0ZSb3lWeE94b3NxZkVvRFlNS2tfUzk0M1EzVjd5alhNcEdlTGJkYmNuTEpxcnFhSG5QWWVPV2JfcENlZVRfYWhjanMyOHhnbE5tZmVoaGN0VTVTZ2kyX2p2cElQTUVFNkNEQzhkTDBDNThSa0hoMkFGMHBGNjN4akhPWGpoNXl0djVJbTl6LU1DM0tKNjhwbFJXUXkycmQ0MGRGd25DRG95dmhMZEw0TGtXTWVIVkFmVzVMQ2tBTHBzX1JDbklrMWFROF9pQ210aXlJemVlSmlIS1F0NnlfLVJ1Z3hSQ0VMMUcwTDZfR3BINFFUSXR4TFNWODF3ajZJN0ZyZTZLVFhiNWFyT2t5clQ1a3FLRDZ3ZkZkeGxqeU4zY2hYdzRqZVN3?hl=en-US&gl=US&ceid=US%3Aen,The Wall Street Journal,"Jan 20, 2016",📺 Wall Street Journal,"https://encrypted-tbn1.gstatic.com/faviconV2?url=https://www.wsj.com&client=NEWS_360&size=96&type=FAVICON&fallback_opts=TYPE,SIZE,URL",2025-11-30T02:24:41.475931
The Outspoken CEO Behind the World’s Fastest-Growing Arms Maker,https://news.google.com/read/CBMipwNBVV95cUxPVlh3ZmdsbEY0SWpYZGVyZEJEX1dST0VJX0NjcThsRDVEVWVmUnd6bnJRQWdseEx3eHpzRnNXVTBaUjg0Wkl3VmxjeHVkdlAyVHdVNjBSNmtHNU9ucmRBa2dlSHEzVThhNWd1Ym1CT1VsWjVjcG9zcDVSYXVtVEp6SW5ydWs0YXBiS0FjMEdfVUFrRllSajAzbDBkcUNBNVBhMVZDRTFENTZObld1M2RaaVVjZG9udjQ2ZXdxQXBqeks3My02dHVoaW9FY1RDbTF0RHEwVElOVUp0Ui14empsOVA2aFgtNGRtLWo5Rld3Unc0UFJBWVBHN21MaVNfeDlEWG1qQ1JhSmFWWGdJelE1SlV0QVJMWE1UUFBRQUk1MzhEWHB3NlR3YkxpMFZOSjdsZzBoLW51NE1RU0E0ek5ULWZDZHJwcW9GUmU0V1VKM2t5RGdVSHVhUFJlN0FtTHBXQXAtU2g0a2hSV0xhS28xMDljR1FoLUlXNWZaRC05Mnc2RG1RY2lwdUlXSnBWQUlMbnBpcEh3Y3l2Ui1jRFdUckhEQ0RSWjA?hl=en-US&gl=US&ceid=US%3Aen,The Wall Street Journal,11 hours ago,📺 Wall Street Journal,https://news.google.com/api/attachments/CC8iK0NnNWFaRGh0T1dGblExcE9RMDh0VFJERUF4aW5CU2dLTWdZSlFwRElxUVk=-w200-h112-p-df-rw,2025-11-30T02:24:41.475933
"After D.C. National Guard Shooting, Trump Steps Up Immigration Crackdown",https://news.google.com/read/CBMitANBVV95cUxObHBSWUl3X3U4UXA5V05wNUYyeVFvOHcxckVoRFYzRjVRZk56dU9rMVk3Rjd6cjE3ZmJzdktIOVliVHBjbmJMZktlMGF1OW05Qk1XbkN2YXNYdVdRR0hOZ0N0bU1BbUFIRzh6bExSd0NGWVBIeG13T29URzhTOVVXcUM2T242SmhIU2pRT2xBOXpYQlN5OXhwcTg5LTJQQWxnR2ZfY3hfR1R3VVcyS3lrOUdrWmx3Q1p1UTBpMm9fUkNoNGlDbnAtSmt6V29ybjlUM19OV3N4M3NXdU9GYkduN3hFMHFlaFdTcmU1MmhSalRBY0Z5UVBYM05DSENRSV9MZzl0RG5XMUc2c0dSNkpSVi0yTnRKQWhDajJYZWZJOXJ2TDAzcnc3TDdpa0Q3V0JFTVBmcHRabmxoUTliOUxMd05oWVVhRGFGc1hzV3hpeEgxUEZHaDlzeDVKY2Z3cE02VVc5UFJoVXo0UGxYWmN0eW5aTWZyTDE2b2tGWHI4MGVEY1JCOWt6Smd5T3RiQmVhY2l5YVEzaWxZS3JIQU9LTnhCUW9xaHBaTmI0eUtGOFBxUkI4?hl=en-US&gl=US&ceid=US%3Aen,The Wall Street Journal,21 hours ago,📺 Wall Street Journal,https://news.google.com/api/attachments/CC8iK0NnNVhUakJZVlZWMFlubE9URTVDVFJERUF4aW5CU2dLTWdaRlFwajBJQWs=-w200-h112-p-df-rw,2025-11-30T02:24:41.475935
Oil Tanker at Risk of Sinking After Mine Strike Near Turkey,https://news.google.com/read/CBMirwFBVV95cUxPeUFnWGFOOWMtMVVnRk5NdzVndGNxbkk0OER0OTRKcHZ0VmJ4QngtSEgtYlVrLXFwOUpzc09jbGdBWElpdHZxVmdhaldQdUhkRG50a2dQSlktWllnSGkyTHdqcmQ1aHJXanh6QU56V2UzYzUzZVJld09SQ1YyaGd6c3pQV1dRZVh1OU9rNkZKQzE2T1E5VE5pREpLSXFrQTQ5OXhfLWVNb3V5R0ZtRTBj?hl=en-US&gl=US&ceid=US%3Aen,Bloomberg.com,13 hours ago,📺 Bloomberg,https://news.google.com/api/attachments/CC8iJ0NnNU5TR2h3Y1ZaelFtUlJOVEl6VFJERUF4aW1CU2dLTWdNQjBCQQ=-w200-h112-p-df-rw,2025-11-30T02:24:41.475937
"Russia, Ukraine Trade Strikes Amid Stepped-Up US Peace Efforts",https://news.google.com/read/CBMisgFBVV95cUxOY21iWGNXeHE2WHg1eGJYZUt2WTJRVjlpTVdJUDlybWNQSmxtQ2s5LVVHMy03cVgwOHRvTWhBTnZYd2NHbUxTUGFJdFEzdndqMUJyMUp3TktJeWIyUWhVOTFrTmRrM1N5S05EM1NkWEZLUnFfVk9HdFFMbFJKNHBNMFBTQ2tTR1V6YllQV2w0YWMzZ01Bemc5ZXFYSlcydTBwQjNqZmw4dkNTaHpUODh6NkFR?hl=en-US&gl=US&ceid=US%3Aen,Bloomberg.com,7 hours ago,📺 Bloomberg,https://news.google.com/api/attachments/CC8iK0NnNVJSbTFoVjJWVFFucENZbnBzVFJERUF4aW1CU2dLTWdhUmdvUk1TUU0=-w200-h112-p-df-rw,2025-11-30T02:24:41.475939
CPC Reports Halts in Black Sea Oil Loading After New Attack,https://news.google.com/read/CBMirwFBVV95cUxNMHE2SEpKZ0FkXzZZY1BidF8yR1pwb05UcHFqaWRkd2hYQkh6MENxcFN6VUJXdTFyWFlVTE1QUm82bUw0ZlctMFVGekpIalZsWTJ5XzhiNm8tamFObTlIUzU0bExtTURObVBmdlM1VFAwZkpkWmlXNnM4LWdBZWZMT3M4MTRkNll4OEwyU3FiSGw4T2RYZ1V0NEFhd0RaUTZuMTFVRkRQYnhfUFRtT2dr?hl=en-US&gl=US&ceid=US%3Aen,Bloomberg.com,12 hours ago,📺 Bloomberg,https://news.google.com/api/attachments/CC8iK0NnNUNjRWRvZWpORFVHeFpTa1JWVFJDdEF4aktCU2dLTWdZUlFab3pwUW8=-w200-h112-p-df-rw,2025-11-30T02:24:41.475940
Watch Sygnia CEO Wierzycka on Unlocking Africa's Youth Potential,https://news.google.com/read/CBMizgFBVV95cUxQSDk0cUwyVkFrckp4S2c0c3VYcWlfRU1oY2lOSm9RYVJLTWxMa2sycngzUHBYLWNXVV8tbEhIQ1VqUFJXU2JTTm1yeFBvZGtDRGIwcjFUR2FybUg5Z0ctdE5PWlZsOTRQR0hINDVnRnhlVVNyU1JEblpseW1RQUowajZqNUZWY256NGY0SGgwWVVLeVA3TnA2VG42YmNvb1laajBNeGd5eHZiNmVBRHE1NFNtTjMyUzh0X0hUQ2ZsWHB0a01QbW9xNEJhSnZPQQ?hl=en-US&gl=US&ceid=US%3Aen,Bloomberg.com,19 hours ago,📺 Bloomberg,https://news.google.com/api/attachments/CC8iK0NnNW1PR2hSZDBkSFUwNDFkRFJCVFJEb0FoaUFCU2dLTWdheGRJeVBMUVk=-w200-h112-p-df-rw,2025-11-30T02:24:41.475942
Japanese Rates & Bonds,https://news.google.com/read/CBMid0FVX3lxTE5SX2JGMW5CWEpvOUNmQVdrMVNoQ0xraEV2ZkZsT0lTMUhZQjJ1YWFySEdFRzM0dHNPWEM2NVVONE1xRVVrLUNvemVXRUw4d0trQkxySWJmbTRVWlI3MG1YTGpyUGRKQnN3WFBzdDc0TmgwMDFMSTk4?hl=en-US&gl=US&ceid=US%3Aen,Bloomberg.com,"Jun 3, 2015",📺 Bloomberg,"https://encrypted-tbn1.gstatic.com/faviconV2?url=https://www.bloomberg.com&client=NEWS_360&size=96&type=FAVICON&fallback_opts=TYPE,SIZE,URL",2025-11-30T02:24:41.475944
Bloomberg Mercury,https://news.google.com/read/CBMiTEFVX3lxTE95VEJWYjJBbnoyODVuSXA0d1NhS3dDU19FUVRZLVRfVTA0RTRxd1dWWGlpQ2hvelU0YUlHd0ZDcEdtd1A0V05OVGZyN2o?hl=en-US&gl=US&ceid=US%3Aen,📺 Bloomberg News,"Jul 1, 2019",📺 Bloomberg,"https://encrypted-tbn0.gstatic.com/faviconV2?url=https://mercury.bloomberg.com&client=NEWS_360&size=96&type=FAVICON&fallback_opts=TYPE,SIZE,URL",2025-11-30T02:24:41.475946
Hardware | Page 186 of 2242 | Read the latest product reviews on TechCrunch,https://news.google.com/read/CBMif0FVX3lxTE9DNTNneWJUci1MczRuMlVaTExSZEUyXzlpUGpObC16LWMzRy05TVV0QnNTU0JOSHR3WFl1Y3Zib0RGUGtqN2owa3pPRnZrSjd5dlFPd09aeXJQcVRNZjBHc1VtSElJTDF1dFg3LUt6ZUVrem90S0VHVVJDZEFzOVk?hl=en-US&gl=US&ceid=US%3Aen,TechCrunch,18 hours ago,💻 TechCrunch,"https://encrypted-tbn1.gstatic.com/faviconV2?url=https://techcrunch.com&client=NEWS_360&size=96&type=FAVICON&fallback_opts=TYPE,SIZE,URL",2025-11-30T02:24:41.475948
Security News | Page 190 of 209,https://news.google.com/read/CBMib0FVX3lxTE1zNENkSjd4VXRRTElDTWgyU0FDZXBmN3JGaGVsQXVKYkNaMTFDa3RRWldpRU83U05zcVpNMzhodWR6aUZxbFQwV3hpSmN1VEJsNmQ2em1Nel9OYndpQmt1cndWb1JVQVJTN200c2hCdw?hl=en-US&gl=US&ceid=US%3Aen,TechCrunch,18 hours ago,💻 TechCrunch,"https://encrypted-tbn1.gstatic.com/faviconV2?url=https://techcrunch.com&client=NEWS_360&size=96&type=FAVICON&fallback_opts=TYPE,SIZE,URL",2025-11-30T02:24:41.475950
The 201 Black Friday deals you can still get,https://news.google.com/read/CBMingFBVV95cUxNVmJNd2lGRm5JM3ZIQW9uNGx3aXA4TWw1NGIySjlFWVpMQlZENVM0eXEtUk9aa3ZNZDdWc0NSLU5VbEtSeDk0TzV6UUtTaXM5czFLZ18yZXpNUklvU1NTV3hQYmJlRnMtQnd6SktnZXZQV3ktTjFaZ1JXM2lzdUpNZFl2NTE5QkFwaXd4RlVwOWJkcVk1WkVKY2Z1STFrQQ?hl=en-US&gl=US&ceid=US%3Aen,The Verge,5 hours ago,💻 The Verge,https://news.google.com/api/attachments/CC8iJ0NnNWZSV2MzUmpSMlVIUnFNemR5VFJDdEJCaW5CQ2dLTWdNQk1BSQ=-w200-h112-p-df-rw,2025-11-30T02:24:41.475952
News Tower proves good journalism is no game,https://news.google.com/read/CBMif0FVX3lxTE9raFUwellYVVBESjRrSFFJaDRqSXhENjhEbjI1cy1hblZfbjhvNWI3YzVtSUU5bXBJTU5IOFllaGtLVnpHNFE2VGFodDFqUnJidDhZY3diNEU4cERzeEk2N1NSUWZuRkJvZEFTYW9yX1dpSkV1UlBiZmdGeFRKWDQ?hl=en-US&gl=US&ceid=US%3Aen,The Verge,12 hours ago,💻 The Verge,https://news.google.com/api/attachments/CC8iL0NnNUpNakJMWmpKdGEyZzRYMGRsVFJEREF4aXBCU2dLTWdrRkU0N0ZOaVowYVFJ=-w200-h112-p-df-rw,2025-11-30T02:24:41.475954
You can pick up 32GB of DDR5 RAM with a whole PC for $999 for Black Friday,https://news.google.com/read/CBMisgFBVV95cUxQSFBQRzdnNGlPTGg0OTlkNW5UMlI1NWpFS0lXUWRnTlllSVZrSlhDNU9oZ0lpV1cteFJ5UEpSZk9jOENvZmlVRUVsNXZyN1lFd3RXUmF0ZjdWcjVFQUprdmVUTDZqS0JGdWpXSTc4bW9JRkZPcUZnTDBfc2R0UGxTczJKZ3F6aWZJM2VzNVM2cHFFR3NFVU5MQjhLejhPMW53eGVqX2VjM1lwdnNKa18xNFZn?hl=en-US&gl=US&ceid=US%3Aen,The Verge,23 hours ago,💻 The Verge,https://news.google.com/api/attachments/CC8iK0NnNUhWMmh2U1VOUU1XNVNiazl3VFJER0F4aWpCU2dLTWdZQkk1SkpuUWc=-w200-h112-p-df-rw,2025-11-30T02:24:41.475956
"97 percent of people struggle to identify AI music, but it’s not as bad as it seems",https://news.google.com/read/CBMiggFBVV95cUxPdnVKSXVwVmdpeFdyZWV3SVh4aWFCSDVaYzdQamtYYWV0bWd3Z3FNaW9sZ1VNUkRwaDAtQ3Q3cjRLVWFvakNnZmgxTlFod05iT0JLUzFfOURoTGNaZzFCNmJiZ0FZSHhpUE5iY3ltOEc4M05OM3dCa3Q1VXlJbVQ5alFR?hl=en-US&gl=US&ceid=US%3Aen,The Verge,9 hours ago,💻 The Verge,https://news.google.com/api/attachments/CC8iMkNnNXZTVEoxUVVGRmFXdGpNbVpaVFJERUF4aW1CU2dLTWdzQkFJZ0FFMll0MVlpbWN3=-w200-h112-p-df-rw,2025-11-30T02:24:41.475958
The Android phone you should buy your dad is just $349,https://news.google.com/read/CBMinAFBVV95cUxNeWxVd0hvWGJNSmh3VDhuakdsV3VaSnMzYXNQQzdnc3FZSlpXeFBIWmc4M1pMTmZHbnpxUWd0QXU4T3FTbFJxUzhfcUpLMlIyRDF1LWFuOU11ZVU2UkdyNW1KWlQ2d2tqaG1iSms0NGJNNGk0QWZ6RWE1WnJVeWNDV1VycktGTmF3NXFMZ2dVcXRHV0tiWWxSbUxRVmI?hl=en-US&gl=US&ceid=US%3Aen,The Verge,6 hours ago,💻 The Verge,https://news.google.com/api/attachments/CC8iK0NnNUNNVkZuYjFadWVHMWtURzB4VFJEQ0F4aXBCU2dLTWdhWkk0cU5HUVk=-w200-h112-p-df-rw,2025-11-30T02:24:41.475960
Logitech’s Casa is a must-have if you use a laptop — and it’s $30 off,https://news.google.com/read/CBMimwFBVV95cUxNaXNKZmhJTC1VQm53WXU5Qm9ISVVzbkhxX0diNDJsN1hLT2Q2SGd4X1Jua3BhQ2k1blk3clpONzJwT1o2NGJnN0NGR3loaWJEek1xS3NrYm1RVGR3TWwxVnUxOUJDdmlmZDc2M3pNSzZIWDNNLVZoMTdjLW00SWlZZTVoQWp1RFJYaENHcDM2SU9ic0tpejRFd3R0MA?hl=en-US&gl=US&ceid=US%3Aen,The Verge,10 hours ago,💻 The Verge,https://news.google.com/api/attachments/CC8iK0NnNUNUVWd5WW1WNFpWUmlUbE5SVFJERUF4aW1CU2dLTWdZUkE0YnNGUW8=-w200-h112-p-df-rw,2025-11-30T02:24:41.475961
Buying a $100 Apple gift card will earn you a $15 Amazon credit,https://news.google.com/read/CBMioAFBVV95cUxOQWFiRmJCT29aMFFkSWZLbXVmVy1neExSNmdrdms4UDZmRjB5dmRrZE9tSDFEWkNvZ2NRX0hXZ3ZiTnNRYTg0TjNTeDFmdC13aWVoMGRSUUdMSHhBbXhsMjFndlk3SGhDVUdLanFmQ044bmJIc0ptZ2k1eWo3LVdPYm9TTmMwamFwc0dBUE04ejllT3BCNHRhZDYwR1ZDV0xv?hl=en-US&gl=US&ceid=US%3Aen,The Verge,7 hours ago,💻 The Verge,https://news.google.com/api/attachments/CC8iK0NnNUdNRmxGVFcxYVRVMURhRVZGVFJEQ0F4aXFCU2dLTWdZdFk0cFBMUVU=-w200-h112-p-df-rw,2025-11-30T02:24:41.475963
"What’s on your desk, Sarah Smithers?",https://news.google.com/read/CBMibkFVX3lxTE1EYVU4Snp0OERQbEdaaDRaNFRpeUsydlktcEtsbFgzSmt6S0Rqa08xTk16X2d2VUxuejJ4aFUwejMzVDNhRWlac0RjYXlUWU1mWWt0RTRTM1RhaUd5T2R1V2ViWjZTTFNERFd1bWxB?hl=en-US&gl=US&ceid=US%3Aen,The Verge,11 hours ago,💻 The Verge,https://news.google.com/api/attachments/CC8iJ0NnNXBka2hzZFhkNWFFOTFNVmxDVFJEQ0F4aXFCU2dLTWdNQkFRSQ=-w200-h112-p-df-rw,2025-11-30T02:24:41.475965
These 50 handpicked Black Friday deals are still available for $50 or less,https://news.google.com/read/CBMikgFBVV95cUxPQWhodVE5YlhJUkJMc0xpU1pINEhDeTNLSkg1Wk8xRGRsUDR3UGN6WjFtSzRhVnNtVFhzU2VXaWZlajExQ1cwT0tRRU5mbklwdWt1RUdYNjNTSlEzZFpxSWdERXdlWlNLRjdMZzNzZXl1TDdma1dvek1SVndZYml0SnZ5WWFGM0Q4TV90RUN2Nmg5Zw?hl=en-US&gl=US&ceid=US%3Aen,The Verge,22 hours ago,💻 The Verge,https://news.google.com/api/attachments/CC8iL0NnNTBRV2w2Y1ROYVVqZG5jV1V0VFJERUF4aW1CU2dLTWdrTk1JNEZwQ2VTTVFF=-w200-h112-p-df-rw,2025-11-30T02:24:41.475967
One of the world’s fastest power banks got a Black Friday discount,https://news.google.com/read/CBMilgFBVV95cUxNT3M1Nl9iVTNNOFpPSWRqYUt5cW1rSXJnSUlGb1F2RWRkNExXMXYzYWpac1I4VkNuM3N1Q2FLVGhrZEI0RHpYWDFzRVRDanZ2SDROMGpVdmJoWHViOEI4c090OEc0YTg0Yy1WQmE1NmY5dzIydHdRYXZxUTVjMlZyQk5OcGJORklCNmNRam5GWnd1UEFuTmc?hl=en-US&gl=US&ceid=US%3Aen,The Verge,9 hours ago,💻 The Verge,https://news.google.com/api/attachments/CC8iJ0NnNWFkVXQxTnpoaFJtaDZMVWwwVFJEQ0F4aXFCU2dLTWdNQlVBZw=-w200-h112-p-df-rw,2025-11-30T02:24:41.475969
"Drone News & DJI Rumors: Mavic 4, Mini 5, Neo 2 FPV Drones",https://news.google.com/read/CBMiNkFVX3lxTE5qeXVGNFRZZ1g2Zlg2WHI3Zmo0MHRLSTQ3dHRDLUlHUW5GWDgwMkJuYjhrd1ZRdw?hl=en-US&gl=US&ceid=US%3Aen,DroneXL.co,"Feb 16, 2020",🚁 DroneXL,https://news.google.com/api/attachments/CC8iK0NnNWtiRGxzYVc1TmExaE5XVGxPVFJEWEFSanFBU2dCTWdZZFlKQ3ZwQVk=-w200-h112-p-df-rw,2025-11-30T02:24:41.475971
DJI Drones Are Changing Elephant Research,https://news.google.com/read/CBMia0FVX3lxTE9PcEFQQzZxeXNFLW1sMnE1Y01Ccmh4RE1kTkJhTW1fZ010QkZ4S3NPWkg5WV8tenVLTlJBdnVZeWlxRnZFcnJVa2dld2Nzbk9CcUN5R05mSE4waVMzSUY3YlJMUFJjYnB1Qnkw?hl=en-US&gl=US&ceid=US%3Aen,DroneXL.co,10 hours ago,🚁 DroneXL,https://news.google.com/api/attachments/CC8iK0NnNTNVVEUzYTI1Uk5WSndOa3BQVFJDZkF4ampCU2dLTWdZTm9wQkp4UVU=-w200-h112-p-df-rw,2025-11-30T02:24:41.475973
"DJI’s Secret Weapon Against US Bans? Amflow E-Bikes Now $1,600 Off In First-Ever Sale",https://news.google.com/read/CBMidEFVX3lxTE5Lck53MHVqNTY4bGNPVU53MnV1c3JxMWRuSWN2V0l6a0pNUk05UGtEQ1BVZUNkNUdoS0xCSFBPdzJTUEZZazdmNWV6QWI5OFJORURkWFhYcFRNeUZ3Wl9LRXZQRXRoYTlVNkFFSk45Zjk0ckIt?hl=en-US&gl=US&ceid=US%3Aen,DroneXL.co,2 hours ago,🚁 DroneXL,https://news.google.com/api/attachments/CC8iI0NnNTRkMVp5ZFhkb1MyMUpiemxtVFJDVEJCakJCQ2dLTWdB=-w200-h112-p-df-rw,2025-11-30T02:24:41.475975
Drones Replace Fireworks At Ladysmith Light Up,https://news.google.com/read/CBMif0FVX3lxTE5jb0htcW5CNnl3ODdSeEJuTDFlenVjMnNDTnZ0MkVNSVp3MFNJX1VYRGk2U1lGdmJoNy1obW1HRGtZbFlLMnM3S0J5dDR5dWVQczEwSThOY3R2VHhIZXV1VVlBMk5WSjhfNHNZeUN5d3hKWkphYWtFSXZvS0tUaE0?hl=en-US&gl=US&ceid=US%3Aen,DroneXL.co,10 hours ago,🚁 DroneXL,https://news.google.com/api/attachments/CC8iK0NnNXBkMFp1U1V3MFRVdG5jRFZLVFJDZkF4ampCU2dLTWdZbG9JeXhRQVU=-w200-h112-p-df-rw,2025-11-30T02:24:41.475976
U.S. Government,https://news.google.com/read/CBMiSEFVX3lxTE5LeG8yM0xRTmVqbDdIY3FyQVlnSFVKdUZvZDUzQkZCMGYwQUVBd0JTMS1acTBwcDRIbnItYXZxR1Q1SDQzaWpuXw?hl=en-US&gl=US&ceid=US%3Aen,DroneXL.co,"Jan 14, 2022",🚁 DroneXL,https://news.google.com/api/attachments/CC8iK0NnNTVXVEIyUjNRekxVZE9aMmx6VFJDZUF4amxCU2dLTWdhaE1ZN01MUVk=-w200-h112-p-df-rw,2025-11-30T02:24:41.475978
Kilmarnock Teens Claim The RTX Drone Crown,https://news.google.com/read/CBMicEFVX3lxTE84OGh0MlVldHNvZ195ekFWemVxVElWTURBcmlsd0VxcXVCdDg5MXpIcnI1QVhfcVJjalg5RmdHMjI4TEVpclA3RHlMc1dSSWxYajlCZFR2NVNSQVQ2ZDBzczZZWDFwSC1ubVBQVHlJSWI?hl=en-US&gl=US&ceid=US%3Aen,DroneXL.co,10 hours ago,🚁 DroneXL,https://news.google.com/api/attachments/CC8iMkNnNVVjMW94UzFWaFIyd3pZbkpJVFJDZkF4ampCU2dLTWdzTkVJaUhvQ2dsOENsVnlR=-w200-h112-p-df-rw,2025-11-30T02:24:41.475980
Gaza: Israeli fire kills 2 Palestinian boys,https://news.google.com/read/CBMigAFBVV95cUxQcWxJV0lkb180U1VVd1J3OVloOV9SYVU1VXZLaHprblB4UUlUSldBMXpmSzdCWk5EU1IwaDZFMVRoM3Y2SDMtQTBpVWk4TnRZWWotUWpyR1J6LW9VZU5Qa1laU0l2cmtHbmtPV1FZcTNlMjJReVRENlNsNUF5QzM3RtIBgAFBVV95cUxPalV3NWlVRHFKMFRBMElEZjV2S3dWampBSzdDalhWQlNWRW12LVV2ZnloU0NDNHYzODB4Qktaei1TTGFObllSN1VidF93M3loOTRLaGdNOE1ObTdGcmF4aTZSNUNvTGRtRVMxRk1USVJpWE55STg3ZVF3ek5MVHFRNQ?hl=en-US&gl=US&ceid=US%3Aen,DW,9 hours ago,🇵🇸 Gaza Drones,https://news.google.com/api/attachments/CC8iK0NnNWxWMFZNVjIxSllXWlNXbk5PVFJDcUJCaXFCQ2dLTWdhQmNZeExyUWM=-w200-h112-p-df-rw,2025-11-30T02:24:41.475982
Two Palestinian children killed in Israeli drone strike in southern Gaza,https://news.google.com/read/CBMimAFBVV95cUxPRHFna0NscmsxRnJqell4bXR2RU05UEtQaVJTeFJxLW5XWVVTUTg0M1J6SXhXLUZaNkZ5eS05T2xoT3BYdC1ZWDN4QS1nREVRWFIyTktBZURhNUpWb3lVelg3TEtmRmhIMjhWQ2R6bU4wUEk1cW1FdzV4QThkX3o3eThZaDhQWFFIR1I2UU9vUWpia3JXaUk2Sw?hl=en-US&gl=US&ceid=US%3Aen,Yeni Safak English,12 hours ago,🇵🇸 Gaza Drones,https://news.google.com/api/attachments/CC8iK0NnNXNZakJ3UzFnMFdGaDNTMk5uVFJEbkFoaUFCU2dLTWdZQlVJeG1zZ1U=-w200-h112-p-df-rw,2025-11-30T02:24:41.475983
At least 13 people killed by Israeli forces during raid on a southern Syrian village,https://news.google.com/read/CBMivAFBVV95cUxOZmxGNFlSMnhwZlNzT20wbHBpY1pIYmJ4X1c3XzRxSUM0OFFRMi02VWp0Y0hkVFNNUW4wY19Gb0d6V3ViUF81N09HUGRsN0ZPbHd6ekV6QmVQZlVCWkhOYTc5MDBGVXpaMDJETTMyUzh0YWhDcmNid005dmp0TEhIOV9BUFhHS2xNS0hrQnk2T0N6X3F6SDR2Qk5ZT1NobjFsbzVMNm9WdkNqRUJBLWM5V3h0RU1oeDlhWlNzTQ?hl=en-US&gl=US&ceid=US%3Aen,Euronews.com,18 hours ago,🇸🇾 Syria Drones,https://news.google.com/api/attachments/CC8iK0NnNUhiRzgyVjBab1NWUlpaekIzVFJDZkF4ampCU2dLTWdhQkVaQ09EUWs=-w200-h112-p-df-rw,2025-11-30T02:24:41.475985
Two children killed in Israeli strike inside Gaza's 'safe zone',https://news.google.com/read/CBMilAFBVV95cUxOaVZESEs4dHZ2TElQVU9wLVlxTW1YRFBaVWoyblB6SWsyTlgta0hjUFItYVNuRU9UbWVxTHlvR21VZzctbVVzNTU2MUlUNGlFTGl0RHBSdENHczJOUmdRZFl2WTVCNENqYXpqT2tjdG5MRTdGb3NmZHBkWGZtVk9xS2VxTTNicXVYcTg4c25HbWVoRkc30gGUAUFVX3lxTE5pVkRISzh0dnZMSVBVT3AtWXFNbVhEUFpVajJuUHpJazJOWC1rSGNQUi1hU25FT1RtZXFMeW9HbVVnNy1tVXM1NTYxSVQ0aUVMaXREcFJ0Q0dzMk5SZ1FkWXZZNUI0Q2phempPa2N0bkxFN0Zvc2ZkcGRYZm1WT3FLZXFNM2JxdVhxODhzbkdtZWhGRzc?hl=en-US&gl=US&ceid=US%3Aen,newarab.com,12 hours ago,🇸🇾 Syria Drones,"https://encrypted-tbn1.gstatic.com/faviconV2?url=https://www.newarab.com&client=NEWS_360&size=96&type=FAVICON&fallback_opts=TYPE,SIZE,URL",2025-11-30T02:24:41.475987
Calls for return of final slain hostages; boys killed in Gaza attack,https://news.google.com/read/CBMihwJBVV95cUxNbE1pMW4yUnlvT0JXSUM0MW1zek9RMDdhdjFLNjhpUHlzZmZyd1hEeldlVzAxZFVfd3hQbEQyUUxLald1cjU4cFhTUjNwLUFGeGlkMkQ2NGo3LVFtdGZxUm5LME1sN2VuckdnWUVZWFQ0VFh1MDJ4VXBtWDEtNlVEYVBQdnlUYnoxTVVuQUFPTXJZNnpkZ2pmVmNkU2JtZHRJNi1hRmtFZGx6V1VnZ3F1WGFTY2c3emh0R0lEcEVjbDJmTTBaNWhRR0l6SG8zd0c2d1gtajdaa1lILVBJeWlJOVM2VTAwYTdrZlJ2UFl4QVk0U1F5cG1LTVBucHBTa0sxOVV2UUs0TdIBhwJBVV95cUxNbE1pMW4yUnlvT0JXSUM0MW1zek9RMDdhdjFLNjhpUHlzZmZyd1hEeldlVzAxZFVfd3hQbEQyUUxLald1cjU4cFhTUjNwLUFGeGlkMkQ2NGo3LVFtdGZxUm5LME1sN2VuckdnWUVZWFQ0VFh1MDJ4VXBtWDEtNlVEYVBQdnlUYnoxTVVuQUFPTXJZNnpkZ2pmVmNkU2JtZHRJNi1hRmtFZGx6V1VnZ3F1WGFTY2c3emh0R0lEcEVjbDJmTTBaNWhRR0l6SG8zd0c2d1gtajdaa1lILVBJeWlJOVM2VTAwYTdrZlJ2UFl4QVk0U1F5cG1LTVBucHBTa0sxOVV2UUs0TQ?hl=en-US&gl=US&ceid=US%3Aen,Herald Sun,46 minutes ago,🇸🇾 Syria Drones,https://news.google.com/api/attachments/CC8iJ0NnNUxlbUU1YmxaTlUyTm5lVEowVFJDZkF4ampCU2dLTWdPQlV3bw=-w200-h112-p-df-rw,2025-11-30T02:24:41.475989
"Israel bombs Syria, Lebanon, Gaza after executions in West Bank",https://news.google.com/read/CBMikAFBVV95cUxOQUtLTlBHYXhfODNuSUFqb2RZOE5Rd2lnS2NIanV6U01DVW5KRnZsMml2cWdHT3FUaGVWZjVZdzVmenhZSkFTaGxnQ2lQNThkdU9xei1sTkZuYnNFWnZ0Q1kxS0FsQ2lKU3pNVnJsYXdMQ0RqTFY1VUFfb2RTRFhyOVREaEQwMGRqVzU0dDJ0VVrSAZYBQVVfeXFMUHlZVHZTenFFbzZ5SF9Fck1Pd3J6MTVFd01GOTRCVi1nS2htU0l6R0thMFhMSmVkMmlNVHZFVmNkcGFqanpVY3JZemg4dHJtc2V0NnlGeGR3WlVkbVB6NkprWXJkZzg5NDlSdnNkTW01dF85RjdKSjJUaXgzS0pzWHNfdHZpaXdlbVZMNzFkRzlCVDNONy13?hl=en-US&gl=US&ceid=US%3Aen,newarab.com,23 hours ago,🇸🇾 Syria Drones,https://news.google.com/api/attachments/CC8iK0NnNDFOSHBTT0hsYWR6UnZZbnBwVFJDQ0F4aXRCU2dLTWdZQkE0S0hZZ0k=-w200-h112-p-df-rw,2025-11-30T02:24:41.475991
US pauses visas for Afghan passport holders after Washington shooting,https://news.google.com/read/CBMitAFBVV95cUxPSjBXbWs5bG5NNTVCMFU3dWQ4TjNRRjRnNzRWWEtnbXBhc015Y0VVT0hoTU1LQ1FsSF9TNzk1ckJmVkxmWUZfTlluU0NqNEx4ak84OGFyTTRQTVJ3UlBwT3E2V2dZSE5vSlNJSDF5ODU4QkZQb1RuVWxTVWFpQUt2bjc5bnBZSE9Dc2c2Mk5DMlJWU1JDNDk1QWxlc3V2T3U3X1ZsbE1XcGxUaFg5U251Zi1yMmXSAboBQVVfeXFMTkw3bGlYSVpvN1luRUdFcktjd2c3MUtqajkydS05d0liWDdtNzFEUTdTeEsyODExb0o3SVBqTjk4NDlaLXpialhaUUxsMEUwZk9ROGtnTE9CNHJlYVNWLUxIclpMNl9yQ2xVLXMtZnZ2RkJuTzdJNFY2UXdRRWNvTzh0YVhWUVh2WS1KTHhvanptLVFhWUtwbUFCeHkxN2kwdTUtbzQxQmlOVXNXOEk1V1o5VzlMeG1UUFVB?hl=en-US&gl=US&ceid=US%3Aen,Firstpost,23 hours ago,🇸🇾 Syria Drones,https://news.google.com/api/attachments/CC8iK0NnNWhZUzFFV0d0T2QwcGphVTVUVFJDZkF4ampCU2dLTWdhQkFZWUtnZ28=-w200-h112-p-df-rw,2025-11-30T02:24:41.475992
"Israel strikes Syria, Gaza in air raids",https://news.google.com/read/CBMihAFBVV95cUxQbmo3UDR0XzhjQVdDbzBkSnZiQ3R6eGIyOExWRjByaFpTUU82ZTBxYWlDdndRTUN4YnViMkcyM3lxMWFDeTZ6WndWWXM5VGlaMFhmRWRaQW5jS1NfWTY4SDF0UzJrSE9PSE1YTUtGbEtveEs0MmlPelViSDRiZGlfZjk5cmM?hl=en-US&gl=US&ceid=US%3Aen,Bangi News,19 hours ago,🇸🇾 Syria Drones,https://news.google.com/api/attachments/CC8iMkNnNVZlazUwZW5sTlNVdHFXVEozVFJDSkF4anVCU2dLTWd1cEFJTHZHR1JyUXR1aW9R=-w200-h112-p-df-rw,2025-11-30T02:24:41.475994
Two children killed in Israeli attack in southern Gaza Strip,https://news.google.com/read/CBMimAFBVV95cUxPRlVOQWhxQTc2M21GS09nclM0S255NTI0U1ExeGIyWEhkaGQtMzAwdS1vX0lweUdXZ19rRkVtOUFsSkdzQUczVVctczJIU3UtY2hKZUpnR09uRUdtRGRLQXBlZ3hzaV8xSWVkeWliZnh6NnE4RUFaOVA1VmJJUGN2X0NtS0x0QU9lMlRCYm5NOUh5UUx0dm1BddIBmAFBVV95cUxPRlVOQWhxQTc2M21GS09nclM0S255NTI0U1ExeGIyWEhkaGQtMzAwdS1vX0lweUdXZ19rRkVtOUFsSkdzQUczVVctczJIU3UtY2hKZUpnR09uRUdtRGRLQXBlZ3hzaV8xSWVkeWliZnh6NnE4RUFaOVA1VmJJUGN2X0NtS0x0QU9lMlRCYm5NOUh5UUx0dm1BdQ?hl=en-US&gl=US&ceid=US%3Aen,vijesti.me,13 hours ago,🇸🇾 Syria Drones,https://news.google.com/api/attachments/CC8iK0NnNXJUMDFwUzBOWVMzRTFORGx1VFJERUF4aW1CU2dLTWdhTkFwYXRIUWs=-w200-h112-p-df-rw,2025-11-30T02:24:41.475996
Peru to declare border emergency as Venezuelan migrants move north from Chile,https://news.google.com/read/CBMiwAFBVV95cUxNb1VqVlptbEpqb0R6LV9GQXMzYm5fY3FVZ3I0OU5yaE9hSmhGS0ZQWWRRb0VTYlF0cGVLMFZBcWdoMmRrV3dicER4SmNRQk9qc0lIRENwTlJUZkxCWmtnZmJQcl9kSG1mcDIwYXpvN3VNaTFTY3FGWnRNbFZ4d3BQVk5GbXIwbGtWWWJTckdub05pS1BWbk5mWDBkTW85Tkw4dUUyV2VEQW5FZF9zTnliRzRjdjZIWmtzUm92Q0JEMjLSAcYBQVVfeXFMTUxPV2U4dklVX3FSRWNHNnFMR2h1T05SbFZOTnk3eUFpMENkV282dTlkTVZiRmNrQTJFNFJzbHFmSWdtU3k2WTFXRGtMX1dGY1VQbmlqUktXQk83R3ptZEhJUVZjbTlHazJ3Z3ZoU0llNEZkU21yWXBJSGplaS0zVDljWWE2N002UUdDVm1IRUVUREdtUzhDeXJ0Q0VMdC1LaFdHMlVWQ0NCdXpCbnN5UzZGakVqbWNPLXlrd1JoOFFSb1JLaDFn?hl=en-US&gl=US&ceid=US%3Aen,Firstpost,23 hours ago,🇸🇾 Syria Drones,https://news.google.com/api/attachments/CC8iI0NnNXlPVzlIWW01UGVXdHJlRXBUVFJDZkF4ampCU2dLTWdB=-w200-h112-p-df-rw,2025-11-30T02:24:41.475997
Study shows how China could jam Elon Musk’s Starlink satellites if it invades Taiwan,https://news.google.com/read/CBMidkFVX3lxTFBVd2RuYWhDVFFZMnhBWGNzS0c1ZFV6QlNnbHlhbXZNYjVsTm5lTzFDUzVyUk9UQThCNHZoUi1LaUJ6RUthUkpCQ25ZUGU5UGxCalpFZXNaUXQ3bWtqTC1sakZ6T19LaVFJWjJWTHc0b2xvUVJIenc?hl=en-US&gl=US&ceid=US%3Aen,AOL.com,15 hours ago,🇹🇼 Taiwan Drones,https://news.google.com/api/attachments/CC8iK0NnNXBRVFEyZWtkNGVYWjFRbWhWVFJDckF4aUFCU2dLTWdhVmhKRE1NUWM=-w200-h112-p-df-rw,2025-11-30T02:24:41.475999
Video | Will Taiwan's $40 Billion Defence Push be Enough to Deter Chinese Advances?,https://news.google.com/read/CBMirAFBVV95cUxQX1RQZUd3NWxvZXcyS2tRaEtfUmZIemd0WjV5R2Y2MHpPd3hkZElrazVNZl9fNmoxeE5BVEllVFVQeHJjU05KaUxELTBUZG5fUmVLMFJUeXdXRk5DamxfbldrbkQxUkJxRHF0aUc2b2pTT1I3WVBOWG9SNERMXzBrZDRhZkx5S0dqRzFDNXNVaExZUm5WU1FvRl9ZMU1KSVlpT1Y5WmdjNC1CQTl3?hl=en-US&gl=US&ceid=US%3Aen,NDTV,16 hours ago,🇹🇼 Taiwan Drones,https://news.google.com/api/attachments/CC8iK0NnNTVSRWxLWVhsVVVYSldUa295VFJDZkF4ampCU2dLTWdZQkE0UWoxUUk=-w200-h112-p-df-rw,2025-11-30T02:24:41.476001
China tests laser weapon on civilian cargo ships,https://news.google.com/read/CBMif0FVX3lxTE5ORl90SWYzaExHRkdTUi1CZGxGUktvUk9SRDVUSndxTGpmS0h0UEsyUWhHMXp1X1d2b0liSjZrVklmSWNiNG5oenVXWGF3eEFPNFlHaHNPcUNuUm90alZod2Qxd000MWZsTDhpd09fRjJfOVRTRTJOMVlRaEFmSkHSAYQBQVVfeXFMTnRCMG5XVXJNQ0FkREFBeWlEbTI1dzdpYjZPd2RESXlOMVhBd09YWk9iTnRTTWppYTJva0FvWHJxbUdESWtWeGVmVjQzNFNCV2NUbFNGN1NkV3MtbU5fbTNWdmFjWHNmaXY1WDlkU1h5OExHVmg2YVlidzdKZkZXZFZXVF90?hl=en-US&gl=US&ceid=US%3Aen,Defence Blog,15 hours ago,🇹🇼 Taiwan Drones,https://news.google.com/api/attachments/CC8iL0NnNXNOSFpFVFdsRE4wOUVRazVOVFJER0F4aWtCU2dLTWdrUlFJaUxOZVlkaHdJ=-w200-h112-p-df-rw,2025-11-30T02:24:41.476003
China move that could ‘paralyse’ Australia,https://news.google.com/read/CBMi-gFBVV95cUxOQWstc0tIdFk5Rkp3YjNTVmN1R1BmUjZ2bzFkT3J0d3lTRlRHSXA3THZvVXdpZlFseHRfbnN5Yy04OVBMYzRxQjRvM3dPdThUaWh4M3BuUlpyRTA0dXFqWTF1VEw1LUswQUYtaktEM2lkY0ZHUkQxa2paLW1fTnV2cXhPei1Cd3ZyZHhrZTYtcnUyeWFPeGF5TnVTU2d0czFnMmJCOTJOLWlRTElnZjlJZ3JSemtWVk5JY0lvWE9VTXMxa3FXMm1adWdueFdSNk03a0Q3UWtrOV9OekZRZVlDWi16NnQ4TklQalhsQ0JKU244Vi1iaW5MWTRn0gH6AUFVX3lxTE5Bay1zS0h0WTlGSndiM1NWY3VHUGZSNnZvMWRPcnR3eVNGVEdJcDdMdm9Vd2lmUWx4dF9uc3ljLTg5UExjNHFCNG8zd091OFRpaHgzcG5SWnJFMDR1cWpZMXVUTDUtSzBBRi1qS0QzaWRjRkdSRDFralotbV9OdXZxeE96LUJ3dnJkeGtlNi1ydTJ5YU94YXlOdVNTZ3RzMWcyYkI5Mk4taVFMSWdmOUlnclJ6a1ZWTkljSW9YT1VNczFrcVcybVp1Z254V1I2TTdrRDdRa2s5X056RlFlWUNaLXo2dDhOSVBqWGxDQkpTbjhWLWJpbkxZNGc?hl=en-US&gl=US&ceid=US%3Aen,dailytelegraph.com.au,5 hours ago,🇹🇼 Taiwan Drones,https://news.google.com/api/attachments/CC8iL0NnNTBTekZTYm1oNVRETjBXVzFpVFJDZkF4ampCU2dLTWdrTllvYW1ydVZFVGdF=-w200-h112-p-df-rw,2025-11-30T02:24:41.476004
Airbus A320 recall disrupts Asian travel as carriers scramble to patch software,https://news.google.com/read/CBMitwFBVV95cUxQVmdyNTRHamQtR0JPMnRudWlTWU91eXV3Qm1wYml1OHdvQm9ZVGNFVEdOa1lMZGlkeUQxTFBFQUdtX1RPYmdQZjVpREVJZGtMd01GRDBSMUExTWQ4WnNQeXF3TkZ6a2RhOVJERVdNZzU3Vl91eGxSQXlXUVdLaWFVRHFOU2VoU2pwYUlBS0VvZE1TWlUxcVBVU3NPNTByUENSMWdGRWxacng5MVFYVFJZbmRhdjI5Yms?hl=en-US&gl=US&ceid=US%3Aen,Newswav,17 hours ago,🇹🇼 Taiwan Drones,https://news.google.com/api/attachments/CC8iL0NnNDJOMng0VFd0M2QwUlZlbUU1VFJDM0FSaVRBaWdCTWdrQlFJZ0dNcVFkekFF=-w200-h112-p-df-rw,2025-11-30T02:24:41.476006
"""This Is Virat, Need Help"": Russian Shadow Fleet Crew Before Drone Attack",https://news.google.com/read/CBMipwFBVV95cUxOT25FSk11dVJBMXVyb3JVQjZwd2pSeHlmMGZTZ05VYnlIS2JlMmpwNGJ1WTV5UVNIUGdvd3RDODV6RzF0T3lqeGFNd3ZKbG0zZkJGMm5QdW1mWVFDajFkMENpMXJWTjF2LTQ4VWxkazVvUFlFX2tSTy1RSmE3REotQTJwNjJtMWFRck0tbm4yNGlIdE10STNXV1A5XzdvU2dfNUtYRHVZTQ?hl=en-US&gl=US&ceid=US%3Aen,NDTV,10 hours ago,🇹🇼 Taiwan Drones,https://news.google.com/api/attachments/CC8iK0NnNWtOV3RuU3pCM2JUZDNaakZyVFJDZkF4ampCU2dLTWdhbHhJeU9QUVU=-w200-h112-p-df-rw,2025-11-30T02:24:41.476008
South Africa Arrests 4 Suspected of Wanting To Fight for Russia,https://news.google.com/read/CBMisgFBVV95cUxNeWZJSGg3N2hGWU92WHFWVnVpd3NEUWxmWjhqaWxJZ2xHWXdJX2lyUnpxYks0eTlYUXBFNnF5Q0o3NmxZZTBFakFlMTM1YWhtd3BYZktGTkJvejlFRmNmZVk3dkdUSjdaRWNoa3pNQXBjYjhic2YydGZuaGxCRmpTSTFpVE03dTZ1dHJBQXFTZGE2Q1dxdGZpOVZfbHFFVDVFVzFJT3pnR0VnSWlsVVNtTWhB?hl=en-US&gl=US&ceid=US%3Aen,The Moscow Times,9 hours ago,🌍 Africa Drones,https://news.google.com/api/attachments/CC8iK0NnNWlNRVZhYzBaTllqZEpWRWxpVFJDb0FSaXNBaWdCTWdZQjRJWUxYZ00=-w200-h112-p-df-rw,2025-11-30T02:24:41.476010
Russia launches close to 600 drones in overnight attack on Ukraine killing three,https://news.google.com/read/CBMilAJBVV95cUxNY3ZWZWpPbXluWEl6blQ4TEJVak5pSWh6SWh6STd4ZDBMVkZPc0xVeS10dXp5OWh5S2xOM0pUTDZVbDVmQ1pHeFE2WEZYSG9lcldBMGRyREdSUVg3V2NrQm96SjU3REc4SVdiRDJEc01UZ3VpTHZ1VkZIaE94ZkJyQl9NWGZ5bnNLTjd1a0ljQjJiRklybWk1S3N5WDM2SzRobXhGWHBQMkJDZzlEWTV1UEJrUk5hNzV5eU5TUkt1ZVItTC0yaW5kbkk3MkpTWW9fY0c4V2pXYVJ2dURwaGlGNTFIWWdUa25LTEtTN0lYQkRxVUtTclUtXzVQcmZDdHdNQkFmajk2OE1BX2x4LWNLVzk3dzE?hl=en-US&gl=US&ceid=US%3Aen,MSN,4 hours ago,🌍 Africa Drones,https://news.google.com/api/attachments/CC8iNkNnNXhhM1Z0U1RGT1dFRjNRbVJRVFJDZkF4ampCU2dLTWc0Qk1JYW9PS09SdXVpT21ocE1EUQ=-w200-h112-p-df-rw,2025-11-30T02:24:41.476012
Ukraine updates: Kyiv hit with another deadly attack,https://news.google.com/read/CBMikAFBVV95cUxNeEtLeUQ0bGVKbGNLcjlCMTQ5WFZjRmFPSHpDdTY1ek5NalZWRUpxUUMwVlZyNkFwR0lObm1QdnJyVFhVTDEtcW9JWGE2aG5yTVYtVnRfclZpNUlXVk9RRTV3OFU2OEN3eWk4bHdNVmVXTndVeWJUUU1IdE0yRzZsZXhDY2VFNXZBNlpLcXQ4SUY?hl=en-US&gl=US&ceid=US%3Aen,DW,18 hours ago,🌍 Africa Drones,https://news.google.com/api/attachments/CC8iK0NnNVpOMUJJTURoVFMzUnNXRmgyVFJDZkF4amlCU2dLTWdZaFZJTHVKUU0=-w200-h112-p-df-rw,2025-11-30T02:24:41.476014
Ukrainian Intelligence Exposes Russian Secure Communication Networks on Frontline and Africa,https://news.google.com/read/CBMiwwFBVV95cUxNMXVwNzdNOFB1UVdvREFjUHhTYlBSSkk5YmdyU1ZMZ1Q5S0VLbWt1ZTZMR29QYnYwOFV4cGNJZ2UwZ3RBVV9wSDJkZm40NW9xa0FXNFdoQzh4cEJRTHpwYzlEUlllczJzSkJCcG9uZ0w3aVE3NWNtS2VWa2FCN3EzT1NEZzlsYW9JS21MNmJzN2M1ZWpwT25NdllsT0JaYnhJY3RDTmNmRnVoS0tmUzlYWnZ0WnBFWE9xU1J5OVBWUzk2OXfSAcMBQVVfeXFMTTF1cDc3TThQdVFXb0RBY1B4U2JQUkpJOWJnclNWTGdUOUtFS21rdWU2TEdvUGJ2MDhVeHBjSWdlMGd0QVVfcEgyZGZuNDVvcWtBVzRXaEM4eHBCUUx6cGM5RFJZZXMyc0pCQnBvbmdMN2lRNzVjbUtlVmthQjdxM09TRGc5bGFvSUttTDZiczdjNWVqcE9uTXZZbE9CWmJ4SWN0Q05jZkZ1aEtLZlM5WFp2dFpwRVhPcVNSeTlQVlM5Njl3?hl=en-US&gl=US&ceid=US%3Aen,Букви,9 hours ago,🌍 Africa Drones,"https://encrypted-tbn3.gstatic.com/faviconV2?url=https://mezha.net&client=NEWS_360&size=96&type=FAVICON&fallback_opts=TYPE,SIZE,URL",2025-11-30T02:24:41.476015
Not only located in Ukraine: HUR detected networks of secure communication terminals of the Russian army in Africa,https://news.google.com/read/CBMi0AFBVV95cUxNWGhnWHNtYnpjc09IaHc2TFMxc0xGazhhN0RrRWo4VDZneWQzMGR2WEp3TkpfZGpzTHFFT0Y0MXlYMVJtcFJsbjJpZGpJY0FueHV3Q3VTLUp3VEU5TnhNMkFydHN5bThFQVFFOEg0bGpwUHJEN3BDeEtmcEstOGtqLXRRN0ZBZ3EzZmhoXzZLMGJaNlZEdVkxVC16TEtZRF9mLWNkQUJCWW8yRi1wTDBnR0FKclBvdEdqcWxWcWJFYV9BeldXX2tCR1BnNUNJVERi0gHQAUFVX3lxTE1YaGdYc21iemNzT0hodzZMUzFzTEZrOGE3RGtFajhUNmd5ZDMwZHZYSndOSl9kanNMcUVPRjQxeVgxUm1wUmxuMmlkakljQW54dXdDdVMtSndURTlOeE0yQXJ0c3ltOEVBUUU4SDRsanBQckQ3cEN4S2ZwSy04a2otdFE3RkFncTNmaGhfNkswYlo2VkR1WTFULXpMS1lEX2YtY2RBQkJZbzJGLXBMMGdHQUpyUG90R2pxbFZxYkVhX0F6V1dfa0JHUGc1Q0lURGI?hl=en-US&gl=US&ceid=US%3Aen,Українські Національні Новини,8 hours ago,🌍 Africa Drones,https://news.google.com/api/attachments/CC8iK0NnNWtUalp6YjA1b05EZGxibk0zVFJERUF4aW1CU2dLTWdhbEJJN05sUWs=-w200-h112-p-df-rw,2025-11-30T02:24:41.476017
Caught in the Crosshairs: South Africans Lured into Foreign Military Service,https://news.google.com/read/CBMizwFBVV95cUxQRnNDMVdqb2xKNVJLeTRNdElicm5VMXdIQjVIczR6a0lCVllZQUsyMHRDMTJYSjJLTHNFVVdwbWl2Q0Rqa0VMeTFia3NlcVZVOUtQWERGT0FiT0hNdERpcVY4Nm1LcFR6LWlxWEVibXZfWUdxM0xqZTg3aWhYOHRrMXpaRWtTa1NTdGx1NGFNZDRjUV8wYXRHcDJSRXhHTWtvQzdzd3c5YlRocG5vYlVZWGZIc1EwSkNGME5pUHFpbHJDMnlvcE1TWDlSMEpRVk3SAc8BQVVfeXFMUEZzQzFXam9sSjVSS3k0TXRJYnJuVTF3SEI1SHM0emtJQlZZWUFLMjB0QzEyWEoyS0xzRVVXcG1pdkNEamtFTHkxYmtzZXFWVTlLUFhERk9BYk9ITXREaXFWODZtS3BUei1pcVhFYm12X1lHcTNMamU4N2loWDh0azF6WkVrU2tTU3RsdTRhTWQ0Y1FfMGF0R3AyUkV4R01rb0M3c3d3OWJUaHBub2JVWVhmSHNRMEpDRjBOaVBxaWxyQzJ5b3BNU1g5UjBKUVZN?hl=en-US&gl=US&ceid=US%3Aen,Devdiscourse,12 hours ago,🌍 Africa Drones,https://news.google.com/api/attachments/CC8iL0NnNVVZV3BsWW1kcFV6SkpkRU16VFJDcUJCaXFCQ2dLTWdrVk1vcUhHbW8xekFF=-w200-h112-p-df-rw,2025-11-30T02:24:41.476019
Russian drones fly undeterred over Moldova and Romania,https://news.google.com/read/CBMikAFBVV95cUxQanAzV1NVb252a1RGUmlGaVlEbEE5WmhSQjZnMlB3b3ZSSm5hbHJIOUdxM0pMb0lDSDltNkF4TGF4YjZZTXVJMjdjU25Ub0FZMy1weHNqQUFsMWQtWTI2aWV2MTBoUWN6d2tGazhLV3VaZURWa29hd05CZEU0UnV0RXRWTkkyYzVNM2lLZ2xZdjbSAZABQVVfeXFMUFJSbGpfT1hLQUFNMzA5dERxWVg4Qlh0RnlFa3pZRHlQWjA5cmxHc2hsSG94QTBZTHUxQ2RUMmlOTlVncHRVcjJ6R01RandZMy1MeW9GdDBMXzlVU28zdGpVRGRxaHpqWllFOFBFaFI4Z01MVENCQkhXUUVuNGs2X0tzNHpFdGctYVdkbUR5Umln?hl=en-US&gl=US&ceid=US%3Aen,DW,16 hours ago,⚠️ Drone Incidents,https://news.google.com/api/attachments/CC8iK0NnNWZjemhEVldjNGNHNTNXblJ6VFJDcUJCaXFCQ2dLTWdZSk1KNW5GZ28=-w200-h112-p-df-rw,2025-11-30T02:24:41.476020
Moldova says briefly shut airspace after fresh drone breach,https://news.google.com/read/CBMitwFBVV95cUxOSXR3SEIya0JDZmxTVnVOdk1DcHNCTVA2d1NsMXFJLUNBeGoxMWw0MDhtTlVWLS1EUUNxbm1PalR6cVJneXhRaW9FbEQyR0Q4cjZwV3A1Um9JRlNGc0djSllPck9iV1QyY21nZ0E2MVVMOGlNVmdpS3lFWDNZa0hTVlNTNkhKbXVYWWkxYWNwOWtRY3pibGNMcEpIYzlsYUtWNXQ0NXNZRGZVYUVtOFNFZUkzNHIyQXfSAbcBQVVfeXFMTkl0d0hCMmtCQ2ZsU1Z1TnZNQ3BzQk1QNndTbDFxSS1DQXhqMTFsNDA4bU5VVi0tRFFDcW5tT2pUenFSZ3l4UWlvRWxEMkdEOHI2cFdwNVJvSUZTRnNHY0pZT3JPYldUMmNtZ2dBNjFVTDhpTVZnaUt5RVgzWWtIU1ZTUzZISm11WFlpMWFjcDlrUWN6YmxjTHBKSGM5bGFLVjV0NDVzWURmVWFFbThTRWVJMzRyMkF3?hl=en-US&gl=US&ceid=US%3Aen,Al Arabiya English,17 hours ago,⚠️ Drone Incidents,https://news.google.com/api/attachments/CC8iJ0NnNVRXR0pXTW5ZMmFWcGlNRWR6VFJDZkF4ampCU2dLTWdNQm9CZw=-w200-h112-p-df-rw,2025-11-30T02:24:41.476022
Moldova briefly shuts airspace after new drone breach,https://news.google.com/read/CBMilgFBVV95cUxPak5NSHQwcTNWdlQyUk51LXplWFBwQ1FTWDE5aFo2UGxTWTlKYWdTLU13NG80UXRTaEVJVzJENVdoMmhpa2pMLUlRS0k1ZU0wa1dtZHBqUnh5cFdRVnVmS2dCN1R4bVkybC1qTnB5SlNydVhJZTRoRU9kQnJrRHBVRXQ3WGZOOHgxRFBhLUM4SFpLWHhqSHc?hl=en-US&gl=US&ceid=US%3Aen,CTV News,10 hours ago,⚠️ Drone Incidents,https://news.google.com/api/attachments/CC8iK0NnNVplUzF1ZDNKaGFFcFBjRmh3VFJDZkF4ampCU2dLTWdhZFpJek5NUVk=-w200-h112-p-df-rw,2025-11-30T02:24:41.476024
"Russian drones force Moldovan airport closure, three flights disrupted as president condemns Kremlin intimidation",https://news.google.com/read/CBMi5wFBVV95cUxQeGo1RXRxSXBNNXZRZ3EtOHg4RGhWQVRJbmZ1TldIYlNYTTF0VXN6ZW94NVIxb0FDZzV5UjZEYUZHbGk4MU5LYWxjMnRtYjl3TlNuMFNLWndLWkRZMDdNdHpGem43U3ZPam9FckhiTE5qS241N18xY09UMUdQNXpBR1JFcUhpaUlvNGxLejZsaXdfeXhsdElDazlidWpEUnlhTV9iaV9Vc2RGZ2U5bTBzeUtwbTJNOVM4LVhRWk9jQ3VCc1FwVTNwNU9idGVMRUNIMjhHcnNRWWJLbENfb2J6WG1KalRJWmM?hl=en-US&gl=US&ceid=US%3Aen,Euromaidan Press,10 hours ago,✈️ Airport Drones,https://news.google.com/api/attachments/CC8iK0NnNUNTVVpXYm1GM2RFSnFialpEVFJERUF4aW5CU2dLTWdhOWc1SlNNUWM=-w200-h112-p-df-rw,2025-11-30T02:24:41.476026
"At least two killed, three wounded by security forces outside Lanaz refinery near Iraq’s Irbil, sources say",https://news.google.com/read/CBMiU0FVX3lxTE9yZmNDdnd3RFF1cFVpT081b05JOEhVcU9VQXJNR2xVVzYzRmt0TEl4enk4NlgtTjVXT2lHTjdtak96ZDI0Sml2NG1MZ1Y5Y2xBRDdr?hl=en-US&gl=US&ceid=US%3Aen,Arab News,12 hours ago,✈️ Airport Drones,https://news.google.com/api/attachments/CC8iK0NnNVZabE01VW1sTlVGcG9ObTl2VFJDMEFSaVpBaWdCTWdhWmNvWnRQUVE=-w200-h112-p-df-rw,2025-11-30T02:24:41.476028
Vilnius Airport Flight Halted Over Weather Balloon Threat,https://news.google.com/read/CBMilAFBVV95cUxQZmpUUmhlZ2JsSXM0RjlHRXk0SUxLampOb1JlLXd5WXhCVGwzVjdyek50R3BscF9hUDBXR3Qtd0pTMi1GRlB2bFJoWVhwWUQ1Y0Jha1NBZVQwTE5WMmdZWWRCSHN2eXR3cS1sckN3NDlyODlSRDdhU2JrYnNXRl9VbEhiUm1ITEEwb2FBNXdCejJLVE9M0gGUAUFVX3lxTFBmalRSaGVnYmxJczRGOUdFeTRJTEtqak5vUmUtd3lZeEJUbDNWN3J6TnRHcGxwX2FQMFdHdC13SlMyLUZGUHZsUmhZWHBZRDVjQmFrU0FlVDBMTlYyZ1lZZEJIc3Z5dHdxLWxyQ3c0OXI4OVJEN2FTYmtic1dGX1VsSGJSbUhMQTBvYUE1d0J6MktUT0w?hl=en-US&gl=US&ceid=US%3Aen,Букви,15 hours ago,✈️ Airport Drones,https://news.google.com/api/attachments/CC8iK0NnNVViMkp6VDBKckxVVmFObkpJVFJEb0FoajJCQ2dLTWdZQllJYkx3QU0=-w200-h112-p-df-rw,2025-11-30T02:24:41.476029
Vilnius airport halts operations all night due to meteo balloons from Belarus,https://news.google.com/read/CBMilAFBVV95cUxQZ1VEcTAxRnJPeURCSk5FWmN3Ulc1TXV6dHRRRUFwQnU5QzBxU3JiTFBYaFdPQm50M1hvWVJXbmNYOFRheEtlS1lfZzFXcjFSN0FEZ1Y2S2VIRXBLd25KRndicldxQkhFWml2MWFXRjJfSVhSajNVdVFMX2NQYVdQU3Y2Zmh2bkdhXy02VGhKdHJGdWxQ?hl=en-US&gl=US&ceid=US%3Aen,RBC-Ukraine,13 hours ago,✈️ Airport Drones,https://news.google.com/api/attachments/CC8iK0NnNXRhQzFKZVVGQlMxRXlNVkZ6VFJDZkF4ampCU2dLTWdZQmdvTGhQUVU=-w200-h112-p-df-rw,2025-11-30T02:24:41.476031
Florida man sentenced to 60 years for child exploitation offenses,https://news.google.com/read/CBMiiAJBVV95cUxPVWtNanFZOFJWXzA3X2RrczZVOEtXN3FSZWw4T3dCSnNPb3hXVmk3YllkbVFTYUt6bU9aVDYzVGlkczZzZ1JjR0RCRDJUd0FSWXV6WDZUUEItU2ZEOUdzdnAyLV9BUnJicnliM3FWajJvWmxlUUlzWkJ6VXpxeEplR3ZQYjZlN1dsSVZKZ0l1TkFuck9rSlBTS0JOM1RpRlUtcjRWeDdOdTlwRXdmS3ZET2ViYzhwSjk1RnNBZ2Y0a0g4cng0b3hmaWtJZzNHSXdOSi1aR2ZLdVh2bE9aNmFzUXJRQUhSbm1mZDlHVGpwU3BSLWY0WmdKbGtiWUhvcTM2bnQ2QUZuc1I?hl=en-US&gl=US&ceid=US%3Aen,National News Desk,11 hours ago,🏢 Prison Drones,https://news.google.com/api/attachments/CC8iK0NnNU1TME5FTkdkdlkwNTJWMU54VFJDZkF4amlCU2dLTWdhdFpZN09yUVk=-w200-h112-p-df-rw,2025-11-30T02:24:41.476033
NJ parents outraged over new law that could put them in prison for their kids’ bad behavior: ‘Snake eating its tail’,https://news.google.com/read/CBMicEFVX3lxTE9CNEF4b1BhWHRCa0lVSnBsa2w4NGJYZnV5Y3U2aC1MVWtRTkxmdnMxb0poczludldYRG12YTBjemU4RW1PVllzZ0NXZ2NBV2dtZVpFS0w0WDFEME8tSlQ3amthYnpfUHFzcHZnY3ZFVEM?hl=en-US&gl=US&ceid=US%3Aen,AOL.com,20 hours ago,🏢 Prison Drones,"https://encrypted-tbn2.gstatic.com/faviconV2?url=https://www.aol.com&client=NEWS_360&size=96&type=FAVICON&fallback_opts=TYPE,SIZE,URL",2025-11-30T02:24:41.476034
Sea drone strike halts operations at global oil terminal,https://news.google.com/read/CBMinAFBVV95cUxNaFc3UkFVZDJZZWNCVTM0TkRrc21MUm9oVVN5NnBiVzdFb2VqNzk4eDA0aWtYMU1jX1pXdE55Mm9EZnFULWYwdEswYjhIM3FYdnFqOFdoNEZKMlFMcFYxWW05b3A2RFppZzd5eE44RkRibUdFSnMyMjhTN01mc3VuSHdxaWg1WEFESnFaZ0ZDQmZ1eWVReEljdXF1NXU?hl=en-US&gl=US&ceid=US%3Aen,irishsun.com,14 hours ago,🏢 Prison Drones,https://news.google.com/api/attachments/CC8iK0NnNVZXSFZsTUZGbVJqSlNUVkZtVFJDM0FSaVRBaWdCTWdZQnNKS1B3QVk=-w200-h112-p-df-rw,2025-11-30T02:24:41.476036
Haitian prisoners dying as crowded jails buckle under impact of gang violence,https://news.google.com/read/CBMipgFBVV95cUxQNXI5SlUxbmFVc1BDZ094WVpqUmx6M1Q2Z2d2TjFKY0NleEhnNHNCSmZDX0wycW1hSjVJT2g4NS1QTXlJZTRTUHk4c2JFVElUWEN3bTNCNmtyQlcyMlFnbFlFSGZXODZzX0Q4U0tVYUFTMmRTV0o2aUp6QWhDaEt0NnlMOU16QXM4WWxTNEZQWG4zclFuNmRLd0lDdVVkSFJoS3FCMnBB?hl=en-US&gl=US&ceid=US%3Aen,inkl,15 hours ago,🏢 Prison Drones,https://news.google.com/api/attachments/CC8iK0NnNTZaRlpuVjFod1RsVkVlVWRmVFJDZkF4ampCU2dLTWdZWmNaTFdOQWM=-w200-h112-p-df-rw,2025-11-30T02:24:41.476038
Crackdown in Tunis: The Arrest of Chaima Issa and a Nation's Outcry,https://news.google.com/read/CBMiwgFBVV95cUxQdHBfRlhlNmNYV2t3elJrd3dDRWtiS3J2c21pNXpJQTRmOWY1dlVqUXpVc3hfdGljZF9kTm5mY3dkbWtHamFHaHFrcnIwY0dnRGFfMzFZM19qdkJXb2h0dHFJbUEyWFV6WHJGeEJZOU1vZndYaUdPbTBYbENuUGY2T2lvSDd4OXhMWFhtV1pycXlSek9ZSGtEd0hDcFZhZmJfQS1LS0c1d3BEeGhhZWlxTGp0T1FUdndmSHdVS1FCWnE4Z9IBwgFBVV95cUxQdHBfRlhlNmNYV2t3elJrd3dDRWtiS3J2c21pNXpJQTRmOWY1dlVqUXpVc3hfdGljZF9kTm5mY3dkbWtHamFHaHFrcnIwY0dnRGFfMzFZM19qdkJXb2h0dHFJbUEyWFV6WHJGeEJZOU1vZndYaUdPbTBYbENuUGY2T2lvSDd4OXhMWFhtV1pycXlSek9ZSGtEd0hDcFZhZmJfQS1LS0c1d3BEeGhhZWlxTGp0T1FUdndmSHdVS1FCWnE4Zw?hl=en-US&gl=US&ceid=US%3Aen,Devdiscourse,10 hours ago,🏢 Prison Drones,https://news.google.com/api/attachments/CC8iK0NnNWtRMHBHVTAwME1sOUVRVU5pVFJERUF4aW1CU2dLTWdhRk1aTG9JQWc=-w200-h112-p-df-rw,2025-11-30T02:24:41.476039
Court Sentences Three Russian FSB Agents to 15 Years for Coordinating Attacks in Khmelnytskyi,https://news.google.com/read/CBMixAFBVV95cUxPU3FVU1MtTmhjaG9nbnJyS0l2bVpUMUZweS1TSVNEOHNJM3RCQVRuUFBVWjRzenE2WElWQ0N3S0lsRUNJTW9aWHZDekQwOENBZ1lyR1JpaTliallYU3Y3V1NlNlN3LUlUUVRXT2VvazBnM3pwSXNjMG54RVJFM2xnU2V6VG9yTWRKMGktRmpmQjdLZ3FHMU1hRG4wbVU0djJydS1ja2FILXh3SHpsMkkxNEpuelk1SDVBRmNweFdhTUZTVGJv0gHEAUFVX3lxTE9TcVVTUy1OaGNob2ducnJLSXZtWlQxRnB5LVNJU0Q4c0kzdEJBVG5QUFVaNHN6cTZYSVZDQ3dLSWxFQ0lNb1pYdkN6RDA4Q0FnWXJHUmlpOWJqWVhTdjdXU2U2U3ctSVRRVFdPZW9rMGczenBJc2MwbnhFUkUzbGdTZXpUb3JNZEowaS1GamZCN0tncUcxTWFEbjBtVTR2MnJ1LWNrYUgteHdIemwySTE0Sm56WTVINUFGY3B4V2FNRlNUYm8?hl=en-US&gl=US&ceid=US%3Aen,Букви,23 hours ago,🏢 Prison Drones,https://news.google.com/api/attachments/CC8iK0NnNVZOMnhOYzJSeGRUUnpZMjFaVFJEb0FoajJCQ2dLTWdZQk1KUXBKZ2c=-w200-h112-p-df-rw,2025-11-30T02:24:41.476041
"Madras HC orders State to reinstate transgender nurse, pay salary arrears",https://news.google.com/read/CBMivAFBVV95cUxNdXNyZ2VfQy1teFZJeVBCMkt5Tk5tVzVESUw4YzBzeVAwaGlhVUp4UzkzdXZUdkNwYnc5ZjEtVHRLRURwdzBLUjU4MnZveTFzRll5bHpMMUF0aDJ0aHVZZUI1Mk5Icm1mSzl5RUVURzNab3NWTjVfczNFaHRpRDZFQjJLM1JURkNtWEdjWExWRVktLThQYlRpa1pVd0IySGtObWE3dGQxQzJMZXBaOGJKTC1uSm90S2dyLWgtT9IBvAFBVV95cUxNdXNyZ2VfQy1teFZJeVBCMkt5Tk5tVzVESUw4YzBzeVAwaGlhVUp4UzkzdXZUdkNwYnc5ZjEtVHRLRURwdzBLUjU4MnZveTFzRll5bHpMMUF0aDJ0aHVZZUI1Mk5Icm1mSzl5RUVURzNab3NWTjVfczNFaHRpRDZFQjJLM1JURkNtWEdjWExWRVktLThQYlRpa1pVd0IySGtObWE3dGQxQzJMZXBaOGJKTC1uSm90S2dyLWgtTw?hl=en-US&gl=US&ceid=US%3Aen,dtnext,11 hours ago,🏢 Prison Drones,https://news.google.com/api/attachments/CC8iK0NnNTRMVU5xTjNaT2RqaFphRzQyVFJDdEF4akxCU2dLTWdZVllJWk52UU0=-w200-h112-p-df-rw,2025-11-30T02:24:41.476043
Drones and drug trafficking in Prato prison: the prison police operation that shook Italy.,https://news.google.com/read/CBMiugFBVV95cUxOd3FPY28tRkZDVC1pWDJRaUpRQzBHM3M4UEttaWpGcXJGYVlweUtpRFdZaFhwdHgxMzZmclVIZHdMRzhjRzBOSG1YbElIVU1mdllZVmdqNzhOV3JhREhwTVdNS1NReFVtbFR2dExEcTF0eXhoZGtEYU9PVklKR25yNGYwUG83bl94WFpqRmZvSnFvOE1XdkhkYzBjclpVYnVzVjVNRUQ4dU1VdjNFRFlOSVkwNjRqdkstd1E?hl=en-US&gl=US&ceid=US%3Aen,Notizie.it,14 hours ago,🏢 Prison Drones,https://news.google.com/api/attachments/CC8iLkNnNDVlbkJGYTNvdGRXRnBlbTVMVFJCekdMa0JLQW95Q1JWUWpsbzRwcEtuQWc=-w200-h112-p-df-rw,2025-11-30T02:24:41.476044
