Title,Link,Source,Published,Category,img,Scraped_At
"Hegseth order on first Caribbean boat strike, officials say: Kill them all",https://news.google.com/read/CBMipwFBVV95cUxNSzFhMlhYcEM5Z2dQR21EZzFTMFFSX0JkaHhqcWRONnpDZ1pQZ2Z5Z1E4WE5BVGlMakNFdDZYVVlnakZRRGxwNmVvSnhLdk9ONFFhNjZLenZOZGFLQlZLNVg0N1ExU1llYlBCT1huVTMtMmVEZ1NnQkZwZFAybXR6S2VpeFUwV3RseHFqc0JpLTBjeGRqcXBvRXg5Z1IxWnZsTXhpcWliZw?hl=en-US&gl=US&ceid=US%3Aen,The Washington Post,22 hours ago,🎯 Military Drones,https://news.google.com/api/attachments/CC8iL0NnNHRablpTWldwWE4zVnBUMjFIVFJERUF4aW1CU2dLTWdrQkFJVG5KR1pNVkFF=-w200-h112-p-df-rw,2025-11-30T06:43:29.614166
Foreign powers or phantom menace? Mystery of the air base drone sightings,https://news.google.com/read/CBMiiAFBVV95cUxOaExWQy1WNHlpclAwNjhjVllYVGxZc0xrVWpxZ0tGRFhRLVdCdFVPZFJjVVRvaEVzb1hlOV9NZDhVRTQzRGhESmt2cU5oUVhCT0tVWlBiNVhERzJIRGNUWndNOFhoaW9MYnhPTmczbXIzSUNxam50QlpzREdRNUVGMDYzc1RGN3Nk?hl=en-US&gl=US&ceid=US%3Aen,AOL.com,3 hours ago,🎯 Military Drones,https://news.google.com/api/attachments/CC8iK0NnNUZOMFpZUkZCVVdtWklNMDVIVFJEb0FoaUFCU2dLTWdhUmNwUnNyUWM=-w200-h112-p-df-rw,2025-11-30T06:43:29.614181
Caught: Chinese Supplier Takes Ownership Stake In Russia’s #1 Drone Company - Records Deleted In 24 Hours,https://news.google.com/read/CBMiekFVX3lxTE9nOWNXZmJTbmdvNEE5bWNjMHZrTVRXVDh4T2h2ZExlcl9Na0w0UUhuQTlXOGNFeWFmWDViWm4tY3Jkc3luNVZXQkplMUVQSVg2X0RUeVpGWEc4XzVuYTNpRWlybDhfN0t4bGFnTjE1QTJaTU9FX1o3MU1n?hl=en-US&gl=US&ceid=US%3Aen,DroneXL.co,12 hours ago,🎯 Military Drones,https://news.google.com/api/attachments/CC8iK0NnNWZNV1ZDVTJOVGNXOW5ORnAxVFJEd0FoakFCaWdLTWdhWkk1S3RtUW8=-w200-h112-p-df-rw,2025-11-30T06:43:29.614184
"Taiwan seeks 48,000 military drones in US$1.5 billion procurement push",https://news.google.com/read/CBMijwFBVV95cUxPa3lJWU5xX1cwRlczNGg1VWJhLWJJTU5ZN2F0OWd3b0JVLVRjWFN6eUZuY3MycnN6NDVkUzNpV08yRHJPR2w0bTBWb0kzZEx4VklJak11S2ZVWlBmRUh1SGRnVlQtR0UxcW5kbjBjZHgtTDRZVnAyVC1YOElhR3U3N0ZGRzd4X0ZfMmRBanhmaw?hl=en-US&gl=US&ceid=US%3Aen,digitimes,21 hours ago,🎯 Military Drones,https://news.google.com/api/attachments/CC8iI0NnNXJiWGxvWWs5eGJGaFRUMFpvVFJDckF4aUFCU2dLTWdB=-w200-h112-p-df-rw,2025-11-30T06:43:29.614187
Russia Downs 130 Ukrainian Drones Overnight,https://news.google.com/read/CBMiigFBVV95cUxOTXVHTzlGLXNzTXE3SUlDYXN6M3A0Qk5UUXh3dE8tZ3RlMVJ2c0U4Y1UxSEY0U3JkUnB2clJxcHFBRHUwNjhQNXhmV0Y5WGVDR3VMbm5IRDRsZzR1VXFyU1pKTmRqVDNnOG1zLTdkbzJJR3dMTGdrdmN3SjNFU002c2ExeXZiQmhnclE?hl=en-US&gl=US&ceid=US%3Aen,Greek City Times,10 hours ago,🎯 Military Drones,https://news.google.com/api/attachments/CC8iK0NnNHRNbmhJWTAwMGNEbFFaVWgzVFJDb0FSaXJBaWdCTWdhZGNaRHlNQWM=-w200-h112-p-df-rw,2025-11-30T06:43:29.614189
Tag: military drone crashes,https://news.google.com/read/CBMiZEFVX3lxTFA4TWZVZ2IwRkNTNDJIbnExM0p5MEx0QWFxZTBPeUxORnhJdFI4Wi1fT0FoUlNzTkxaYnBqZG9IbXF4MmMwVFNhd1o0R1o2aUotUjUzeDlfSmpud0JmUUhHVFh1U2s?hl=en-US&gl=US&ceid=US%3Aen,Mid Bay News,23 hours ago,🎯 Military Drones,https://news.google.com/api/attachments/CC8iK0NnNUNSV2xZTVMxbGJYcHZMVGQwVFJDZkF4ampCU2dLTWdZSkE0d0dtd28=-w200-h112-p-df-rw,2025-11-30T06:43:29.614191
"russia Tests ""Dragon"" Drones Against Ukraine's Mesh Tunnels — How Effective Is This New Tactic? (Video)",https://news.google.com/read/CBMi0wFBVV95cUxPN29QUTZheE9fQjktVUJRWUpBY1dEUnpDQmFuOWMwXy1Qa1BXODgtU2Ytam9kaVhqMEpYREJEY1p3SjU0MDBiWXlNa2tZblRCeS1PSnBJTDdfYXQ1aERmRjYzM3FtUVJWcUFFeHpHWjhZMnR2Y3dMVHY4TVpCSm10V0RiQXRibzZuNWFWOTNtQWcwRWgwbDAxNnNDRFJYbzliUnZIOVR2cjc1TWl5aUk4ekFNN3EwYjBsZkV4RkdlcXA1NS1OQmsxc3BXWnpEQWl4ZHZj?hl=en-US&gl=US&ceid=US%3Aen,Defense Express,7 hours ago,🎯 Military Drones,https://news.google.com/api/attachments/CC8iK0NnNW1hRkpHZVV4SFMwcFFRM1p3VFJDWEF4anhCU2dLTWdZaDhJZ0xVZ00=-w200-h112-p-df-rw,2025-11-30T06:43:29.614193
"Drone Strike Ignites Fire at Afipsky Refinery, Key Supplier of Russian Military Fuel",https://news.google.com/read/CBMixgFBVV95cUxPRjl5eGx4R1F2U1BySmdCanJXcXYzSFo3QUQ5STVpN1hQdDlKekJaY2FicGVuME1fOXJqQ2psRmZnRGcyZnpVaVkzM0JMZFVlYlJNUHl3NlRnaVNTcDg3RlJZSzVBUHlDRVRfX0lMV25SSHNER2x4WG92WU1YLTg2WWs5cEdJX2ZUalY0Q0NCWE81aFF1VjFMaF93RTFPalZNWU84aUVMWHd1cTFHYVdnaVFZTDE4SVBDQXJmZ3dLTHdfeEo1WlE?hl=en-US&gl=US&ceid=US%3Aen,UNITED24 Media,20 hours ago,🎯 Military Drones,https://news.google.com/api/attachments/CC8iL0NnNW9OVTVCTVVaemR6VmZXalpuVFJERUF4aW1CU2dLTWdrTnNJQVB5U1I3MkFB=-w200-h112-p-df-rw,2025-11-30T06:43:29.614196
10 Best Drone Stocks to Buy Right Now,https://news.google.com/read/CBMiiAFBVV95cUxNd1JFVWNmbnBsX1drWkNQNDVVNml6YU80VmtoVkhvTXd5WnEwYlRhTGZXQ1N6dE4zS1NBRDdlMzR2VUFsOVpycEJwUDZNUDVrN1Bmd0d5TFB2RFRENHdGa3VSRGVlRlRFVnBGWGN2ekwzdmhmSk5yRVZKdzNLWWlJc3RTLW1ZUkpL0gGQAUFVX3lxTE1wUGdmWm14R2tyVGdnMkMxb1h5Q1JzZHBYeWhpVlVla1lwQXNsYXRQN2h5Mk4wc2JGYW1MY3pZRWN3cXc3dkFYOURHSnlSdENScmxfMWhDc2g2Z1VNMEV6SlV1bkZuUVQ5eWVObGZhbW1CNzJWczNkTFFzSzU2MldnTTVKTTlhaVRrUDVQb0xSRQ?hl=en-US&gl=US&ceid=US%3Aen,Insider Monkey,19 hours ago,🎯 Military Drones,https://news.google.com/api/attachments/CC8iK0NnNTVXRzExZG5remNuWjVhakJDVFJDNkF4aTJCU2dLTWdZUmxJck13UVE=-w200-h112-p-df-rw,2025-11-30T06:43:29.614198
Skunk Works makes history: F-22 takes command of 'loyal wingman' drone,https://news.google.com/read/CBMiggFBVV95cUxOYXlkem1PZW1vOHROVFpienJYdGxVZ3RvYzVVVmVNRzZLRm5fUmFVdWRSOW1ZQVRnS1hyRC1NVGF4b0VqcmhDblZDLXVmeEcwT0tMNVdOaHVXUm1KZDNkOUJRWFV1bmI4aVRTcjdxYl94S3RSb1hNdnFhV3U3LTZpYU1B?hl=en-US&gl=US&ceid=US%3Aen,New Atlas,18 hours ago,🎯 Military Drones,https://news.google.com/api/attachments/CC8iK0NnNVVWM0J1VURKdGMzaE9UMGRMVFJERUF4aW1CU2dLTWdZQmdZeWhOZ1k=-w200-h112-p-df-rw,2025-11-30T06:43:29.614200
Ukrainian drone pilots look to AI for battlefield edge,https://news.google.com/read/CBMirwFBVV95cUxNWjZYcEFOOGFPbVA0NHhtSVgxT2dwT1VoVkNiNmtVQ3BUZXdPODRETDByQk9PM3hPQ3VZRVAwMEdGNlpWZEhKMU95RUFUQ1lmU3hDa2JXVHhRcVc4b1NwbkY0Tk1oMzZHeWpfeVN1ZnFsRTRlZHJKUmhUNS1MMk9aTVE4VUZGQkJBSkhmVlIxZnNaYkZTQmpfVmFIRmVBeFNMWl9FQ3BvOEZFLWZMM25R?hl=en-US&gl=US&ceid=US%3Aen,Reuters,13 hours ago,⚔️ Combat Drones,https://news.google.com/api/attachments/CC8iK0NnNUVlRTFtZUdKeGRVZHhhWGd3VFJERkF4aWxCU2dLTWdZaEJZanVnUVE=-w200-h112-p-df-rw,2025-11-30T06:43:29.614202
Russia-Ukraine war updates: Ukraine comes under deadly attacks,https://news.google.com/read/CBMivAFBVV95cUxPUHoyb2hkNEV2UzJjQVMxcGpCczF6RWgtVWd0RmtJNjZYandyYmU0MllZMkROS1lYTS1QTW8xYmQySTZUVzNaUWhWS3g1R19WWEtMalV3UTNwVFBnaDVoSHlXVURoUkJwcExXR3p6YmNCOFdocVZLdi1vaHFmRkU4cUJGeHdtR2dZQWhzVi1yNjFfVndIX2lYLW9GU1V2cUJnTFRFaE9sMTVwclJRYlFuTHVZcTJYTHNoeFAwNdIBwgFBVV95cUxQSjBOV3cwQUpGZW5od252bWNXMzFnN2VmSHRhNjIwNWtEUlZXUURpdFNMN1Y2MWFNUnpkRG9sZXFKTjZGckpWeWllSEVaUndGcXE1OUxCMHdxMlNfZWdOR3dUTzk1MUZyaE5LZFVSV3gtRTRSNDhuMjUtS2t6bzhDY2p5blZmVkN3VUx5NGZoeHNKSFJIcVVhX3JSTkxCWklZa0o1Y3dnVURSUFpLNVg1T1YzTFNNalBHN0N4NHRpNlZUQQ?hl=en-US&gl=US&ceid=US%3Aen,Al Jazeera,15 hours ago,⚔️ Combat Drones,https://news.google.com/api/attachments/CC8iK0NnNXhkMmx2VmpaWFgybGpaM1ZMVFJEZ0F4aUFCU2dLTWdZWmxJWkpOZ1U=-w200-h112-p-df-rw,2025-11-30T06:43:29.614204
High-rise building on fire in Vyshhorod after drone attack,https://news.google.com/read/CBMiqwFBVV95cUxNYWQwOEowcHFUWHJQMHYwTjFXZFQwNDFWSG4zNlBVY0ttdGQzVGdrcUFXU3VCXzg5c3hQR3lELXMza3Z0UTFBcTI3bDZsbHotd3hJVDktZVBXaTlwdWpUbVVNejZHeG9oby1OLUJyS3FHb3NJRmk0ajBhWEFqZUNhOHNkSEFIOW5GNUNCejhzNmNiREdhX0xxUnFndld4QUxnYlZwRWdkT3V5VUHSAbABQVVfeXFMUDJ5QTY3eUxUdVRmbVdzcUdIR2ZQSVU4cTdkeVljcUduLUk3OWFFVkF3UFZBeUtHT0I3dng1dkNoNDNudU9YTlE5SnRDMmhhdHE3blE4cE1lVk9EejFHc2x3NVk2dm1xSWN6dDAyckpPOG1XZ3YtTzQ3THd4NEV6N2pMNjd3bjltU0VlaFJYTjR5MjFLTVZLVFV6NWRSeFF0SXNQcnh3QXM5YlNjY2x4X0g?hl=en-US&gl=US&ceid=US%3Aen,Ukrinform,8 hours ago,⚔️ Combat Drones,https://news.google.com/api/attachments/CC8iK0NnNUVka1ZYU0hNNE0zRTFOVGxTVFJEb0FoajJCQ2dLTWdhOXNvb1RPUVU=-w200-h112-p-df-rw,2025-11-30T06:43:29.614206
Egypt Unveils “Jabbar-150” Drone Inspired by Iran’s Shahed-136 -,https://news.google.com/read/CBMihgFBVV95cUxNTlNybGJmRExaM0E1amlTMVVnRUY2YUdSdlk0a1RDVDh0RFJlemF3aTA0OEJKZjU4cDQwMVo5VUNTVWFmWG5kaEdvZTZoSGMxenB0TnZGTTIwNFpFUU8yUFVNTlAyeUsxZzkwRFJjbkV1M0RIQk8tOFdPWHVoTUpMaUd0bDZwQQ?hl=en-US&gl=US&ceid=US%3Aen,WANA News Agency,22 hours ago,⚔️ Combat Drones,https://news.google.com/api/attachments/CC8iK0NnNTRhbFJKU1VSVGJ6SkhUR296VFJERUF4aW1CU2dLTWdhUmdZNk9NUWM=-w200-h112-p-df-rw,2025-11-30T06:43:29.614208
Lockheed Martin’s F-22 Takes the Lead Over a Wingman Drone,https://news.google.com/read/CBMieEFVX3lxTE9IUkdOQWd4YmphcW9UR082RW5ONHFjdmFzbVAzZFo1TlYtWGtsMHhwTGFpa1N6dFY1Z1MwQmlxMklxTkRIXzBXVnBpN19TalphaHdpLWJDTkNQdWQzeXhSQ3pUdTZqMGFxNzd3dzVXQXlzMlNpSy0ycA?hl=en-US&gl=US&ceid=US%3Aen,TechEBlog -,13 hours ago,⚔️ Combat Drones,https://news.google.com/api/attachments/CC8iK0NnNW5Ra280ZEhWaVgzVnNWMmhFVFJERUF4aW1CU2dLTWdZTlVJcTFwQVE=-w200-h112-p-df-rw,2025-11-30T06:43:29.614210
"Zelensky: Ukraine Updates Defense Plan, Boosts Drone Funding",https://news.google.com/read/CBMi2gFBVV95cUxNQVZKMmRPZVJiWm5LUzdDNVNZMTBZZ29zLVhLM0d5dDRFaUVmeEx0a0FUVkVlMW51YlQ5a1dXTFdXX3Nkbk9RSGFRRDRzc01WckJZVElwZ3hmWVUtd2tSMHktX2xFcm9RaVBUcFFpcXpxb2Rod3hMV2RhMHExWGk5eHVPNS1Jb2xDd2hhWGxPVHpESGZJT0lyR29SMndiMlZtajF3WVllZ0ZLeU05d3MyYjNTeS1GTWd1VGgxUDc2R2ZTM3RnMlVtVmE2c1N6TXNCLUwtUnBsNFhHQQ?hl=en-US&gl=US&ceid=US%3Aen,Odessa Journal,12 hours ago,⚔️ Combat Drones,"https://encrypted-tbn0.gstatic.com/faviconV2?url=https://odessa-journal.com&client=NEWS_360&size=96&type=FAVICON&fallback_opts=TYPE,SIZE,URL",2025-11-30T06:43:29.614211
Ukraine Updates Defense Plans and Boosts Drone Funding for Combat Brigades,https://news.google.com/read/CBMipgFBVV95cUxNNDUwVGdweFNRQXJ3QWY5M0FEc25PY3hqeTNiSF91SU45MVlYUGJrYWJuZTNsRDRiZ3locGZ6c3JXWXc4eEpiZk5NbmpBNk9OZktYeTAxY01NSmZQbGNxV3FFZ2JxenVxdEpkcGhDcFd1eFh0MkZ1TXhvM3hvLWpPV2d1b3FRejRQQVNsdjJWNy1CZFhqVnZNOFhPbWtKTWJPMFJhRDRB0gGrAUFVX3lxTE5qM2FESTlhdmRjYlRXUlJMZ0dfd2xMbUo2SF9XRFB2Q05FMXh4UTZ0N1Y2LTh5TkRsRzVSbGozdkFlbkdCWmVzUVAySThwSDZzLVlXMGRBR3lEUV9KVUN2YXk4RVR4S2lwYXowZXBsUldMNjhNdkdlaTc5UnNDZmw2ZEc0UWVBMHgtLURGYkxGenZRREtlSmpSUXVjQkV6X3UzM1VsNWt1Q0x1OA?hl=en-US&gl=US&ceid=US%3Aen,Букви,16 hours ago,⚔️ Combat Drones,https://news.google.com/api/attachments/CC8iK0NnNU9hVVEwT0RkbGREQmhSM0F6VFJEb0FoajJCQ2dLTWdZVk01NW9JZ2s=-w200-h112-p-df-rw,2025-11-30T06:43:29.614213
Ukraine war latest: Deadly attack on Kyiv as Russia launches 'dozens of missiles and hundreds of drones',https://news.google.com/read/CBMizgFBVV95cUxNTnhvdUFFWVRmWG52MFVNZFVGSTRKUkY0MUZpSVVPN1poYmJENmdWaVNaNjdYNHJ5LWxOSFBWM09CU1hhNng1bGpoS1JaQkx2a3o0SmNlaGFlU1hoZmZ5d3JLRHV5MFlhTEw3eVo3eV9lQ2ZZbXAyTG1nVFVuaUNFMFlUXzB2SXV5VElWbzRQU0xrb2diQW9WOFkwUzNsX0VuX285S2c3Z2lVcmJ3eVZweVF4TEtlaW1kYjkxbXlJeXU3LXZ3RlpnSHhiOWVZZw?hl=en-US&gl=US&ceid=US%3Aen,Sky News,16 hours ago,⚔️ Combat Drones,https://news.google.com/api/attachments/CC8iK0NnNXdkbGxSZDFWcFNVMUVibEJvVFJDZkF4ampCU2dLTWdhcEphRE9HUW8=-w200-h112-p-df-rw,2025-11-30T06:43:29.614215
Caspian Pipeline Consortium halted operations after Ukrainian UAV attack: Kazakhstan's reaction was swift,https://news.google.com/read/CBMi1wFBVV95cUxOejAxVEtVd0RBVUtTeGdteE9pSTZaVzVXWTIya0dmeHE4MF81Sy1GZmRfeDZuMEFIVm1WTXhMQlgtbnJuU29GQjhxRTNSeU1iQ252SE0tYjlkQWJBSE5XMHFHN1hZcW5QeEpCVkhpbW15c04yb3JzVGVIM2VpcDkwSmZsQVdsUTNRS0ZDOGFaUUlBYnR2dVF6VkJVR3MzbzFYdzM5YkVVbkE5VzRKaVhGMlo2RHFjUHBZSTQtWERWY09Ta0l0S3d6bkNGZm9pcDRBcjJpTXJpc9IB1wFBVV95cUxOejAxVEtVd0RBVUtTeGdteE9pSTZaVzVXWTIya0dmeHE4MF81Sy1GZmRfeDZuMEFIVm1WTXhMQlgtbnJuU29GQjhxRTNSeU1iQ252SE0tYjlkQWJBSE5XMHFHN1hZcW5QeEpCVkhpbW15c04yb3JzVGVIM2VpcDkwSmZsQVdsUTNRS0ZDOGFaUUlBYnR2dVF6VkJVR3MzbzFYdzM5YkVVbkE5VzRKaVhGMlo2RHFjUHBZSTQtWERWY09Ta0l0S3d6bkNGZm9pcDRBcjJpTXJpcw?hl=en-US&gl=US&ceid=US%3Aen,Українські Національні Новини,15 hours ago,⚔️ Combat Drones,https://news.google.com/api/attachments/CC8iK0NnNWhjVFozZEZSb1ZFaERSRjloVFJDOUF4aXhCU2dLTWdZQkVKWXVLUWc=-w200-h112-p-df-rw,2025-11-30T06:43:29.614216
Kyiv Delegation Heading to US Amid Naval Drone Attack on Russian Tankers,https://news.google.com/read/CBMipgFBVV95cUxObzhHUWdyY2dmalpKa2liOWVpS21hUzIzMXlyRlVkeHBxazhHMFg2Q2JYOGh0V01sZ2NhdmVHRVFULUhZYi16Sk9FZ19iNTB2TkJLdmE4aDFUUDk2WXNRVnFBcXB2Z3U2OVljUWRvdG1BS2RWWWRLakZJSVZ1ZDgyaFNZLVJJcEFnTWs1VUo0Ni1aZXhKZ2RiS2xSdDdvT3BtaFdsalpR?hl=en-US&gl=US&ceid=US%3Aen,Maritime Fairtrade,6 hours ago,⚔️ Drone Warfare,https://news.google.com/api/attachments/CC8iK0NnNXBhM1puYXkxVmVscEJhbkUwVFJDcEFSaXNBaWdLTWdhdFE0aHdJUWs=-w200-h112-p-df-rw,2025-11-30T06:43:29.614218
"Russian strikes cause power outages for more than 600,000 in Ukraine",https://news.google.com/read/CBMiWkFVX3lxTFBlOHFzRVkwRVdOX2hTUVdULVVfSGxlbXBxVmc2Q2RrWG8yekhidk1wQXZkNGNLX09VRTBqQ3FGVDF4aEl4eHZtczhpNG5qOXBtU3JIMDZHdWtlUdIBX0FVX3lxTE1kUUZSNk9rNGlYTU54LXRMalNocFB0X3RjQW5KVkU5WC1wYlU3cW50bEJIejFuYUhwS1NKTW1DNkNBcXRJSG53cTNJRVgyMGd3ZklBWEdXM1ZrMzE5Nnh3?hl=en-US&gl=US&ceid=US%3Aen,BBC,18 hours ago,⚔️ Drone Warfare,https://news.google.com/api/attachments/CC8iL0NnNW9kbVprVW5RMlJscHBkbWxJVFJDZkF4ampCU2dLTWdrSllJaEpOS1F0YWdJ=-w200-h112-p-df-rw,2025-11-30T06:43:29.614220
BSF strengthening drone warfare as aerial threats become central to modern conflicts,https://news.google.com/read/CBMi5gFBVV95cUxQWFNLbXV4Y3M0bTNoUVJkM0NrU1JlQkxRU2FZSWxhQ2ZUdDd0V2FkRTEtRy1zeThmMW0zdzNMNWlfWlZsa2RlbE5BLU5IYUsyal85alY3cnRxcmpHTjVDNG5YNUJQd0hOT29SS0RvbFZwR0dXQ1hmUzJ5QVZaQi1LaE5UMndVOUZZWUFPbXM0NkJWb01NWk41TFpncjEwQ0JVNzRXUW1JSGJVUE1MRUNCbXQyV2RTNHFabUFUNzV1bDZOOGpjUlhNeHlEUXNUN3BnM0RTYjhNclVhaU52a1V2aFNYbGdSUdIB6wFBVV95cUxPMEt0SXBrUnZrdEdjQVdOVVRvVTBQM2huc2o5MWhWMWpGai1MZS1zcDlYMFI0WmMxQU02c28tcnIxWXNJY002cTRMRUJ4SEttaDVxY09XV1VOOUV5aEo4eEJtaUhGUlNodnM1ZzFxa2hDNlVzb3p0UVJxMGN2TTV5OGpfZnViM1RxdzVkaUR6RUZDS1g0ZTZwS0NITDZ2TGp3b3lzZENDS3hqVU1GTEg2Q002Y3dzQmJGUnBMVkdDOFFpeE5nRTZWZWh1ZXZlX1FYSEgzd0VGTmlSZGIyVDlocVhQbUZkMktUd0c0?hl=en-US&gl=US&ceid=US%3Aen,The Economic Times,15 hours ago,⚔️ Drone Warfare,https://news.google.com/api/attachments/CC8iK0NnNHlWbm81VjFkNk56bFFMVGxCVFJEZ0F4aUFCU2dLTWdhUmNJeVhPQVk=-w200-h112-p-df-rw,2025-11-30T06:43:29.614222
At least three people have been killed and 16 others injured in an overnight Russian drone attack on Kyiv.,https://news.google.com/read/CBMiiAFBVV95cUxNdlljRW1jSktUdm1xZ1dqWFdyblFsNTNXZUVka3M0ejVOS0JnSVJac2d1WmpBZWU4cWxlcWYxeU1wR0JodmZzWWMzd3kxZTRGZDlxR1E5VjNNOHhqVVFFT1UtTENDRjJrOWxsOFRVRWRSS3ZOSEFDQWxjWFlaOTNNSHdOTm04ZzZx?hl=en-US&gl=US&ceid=US%3Aen,facebook.com,9 hours ago,⚔️ Drone Warfare,https://news.google.com/api/attachments/CC8iK0NnNDRZMEU0ZFdOUFVEWnVYMnhwVFJDZkF4ampCU2dLTWdhQllJS01xUU0=-w200-h112-p-df-rw,2025-11-30T06:43:29.614224
"Live: Russian drone strike kills at least one, wounds 11 near Kyiv",https://news.google.com/read/CBMirAFBVV95cUxPQlRJREpLRnlrTU5INmk0eHVKS1A5LXpHam5leE5RQl9jMG5oMUZvdjNjRUFsY3Btb0UxRTdXTGJJRnR1SXRqTWVlMXRPR3BtWjRiVGEtcm5uUWJibG10SEZUUGFNWHNNTUNqUFNsT2MtaFZEa0lYRzlvZTFGZG83QzdOX0dwUW1nYUJNZkxXYXI2aGoyNXJUNXU2VWk4bElTWDgwVVEzYnNOQWt6?hl=en-US&gl=US&ceid=US%3Aen,France 24,32 minutes ago,⚔️ Drone Warfare,https://news.google.com/api/attachments/CC8iK0NnNUxYMEl3ZW5kaVNWVktWVWxaVFJDZkF4ampCU2dLTWdhQlU0cWpJZ2M=-w200-h112-p-df-rw,2025-11-30T06:43:29.614225
Ukrainian Drone Strikes Set Two Russian Shadow Fleet Tankers Ablaze off Turkey,https://news.google.com/read/CBMiogFBVV95cUxPZ2hwRDg4andWU3Jlb19xSVhvdlR4TE93RXBwZVkxeE9XQ1J5dW50SGFDYkhLR25pbm9oT3FHMzEwdXBHQ0tkTThTNjQ0SVFheHIySVZ6aVBzWUt2ZU5PVmhkRFRaQzVPSU1sNC1tMkFPeUMzN0w2R09KSUFmY1VFcnRSbzA1TjJhWHlSd1UyMGNMMjBOZjkxWEkxclpISTg1aVE?hl=en-US&gl=US&ceid=US%3Aen,gCaptain,13 hours ago,⚔️ Drone Warfare,https://news.google.com/api/attachments/CC8iK0NnNDVVbnBGT0Rac2VETlJiRVZzVFJDY0F4am9CU2dLTWdZdEVJcFJrUW8=-w200-h112-p-df-rw,2025-11-30T06:43:29.614227
Ukraine Claims Responsibility for Drone Strikes on 'Shadow Fleet' Tankers in Black Sea,https://news.google.com/read/CBMiVkFVX3lxTFBmb0dmWFQ4MHFMYWJGd2NDQWNFdGN2YWpTOTBsUFJTVTJyT2hRUzVHSXZFUkFNb00yM0NSM05Pem5JTGM5TGxYaHJnOWpWenhwaUpqZkl3?hl=en-US&gl=US&ceid=US%3Aen,kurdistan24.net,17 hours ago,⚔️ Drone Warfare,"https://encrypted-tbn3.gstatic.com/faviconV2?url=https://www.kurdistan24.net&client=NEWS_360&size=96&type=FAVICON&fallback_opts=TYPE,SIZE,URL",2025-11-30T06:43:29.614229
Russian drone strike kills 1 near Kyiv amid flurry of peace talks,https://news.google.com/read/CBMiyAFBVV95cUxOdHFLVjd2WXdIYlFjVEwyM0ZBX2pFbUNXX3Y4WW1iU0RlcGdjT0hFTTVIZFJWdVBHRnJkWXFuUTBFY3Vxb1VTSHp1QndiUTJsdUFDcjc0RTRCcmE3ajdSbHZGRGFId2F0TUt5eVVqXzhiVEp4XzdtZkNwZUctSTdsSUJOU1FmZnQ3VGdqRjRWV2dLOVZLeW9DMmJ1UFV6cWN1d1dmZEZ3QS1JczZmN1AtTUVzTXlhYm5BeUcyeUNsNm5TQ1NQWjVpadIByAFBVV95cUxQQVpFZUljbnZFODU5Z0RlLVdRX1duNUNSSDJxTG40T3lmN09OdVJ2cURnd0RMdjVkZWVOb0IwN3RaWno2eGkzemFTd3I1VEUxTjA0c1o4ZlNHa2o3ZWlnUGF2a2h3UjUwS250bEtIeFFTYnZCclQybnhTTXl6VEMyWWZSZjRaY2Z3cEM2bG1rRjNtTldQb1gyaUxFdzNQSFpGT1RQU3RjT0FDclVBOF91V3k2bTZ1cjltSW5wMUpBNnBNOHowUExNZQ?hl=en-US&gl=US&ceid=US%3Aen,South China Morning Post,4 hours ago,⚔️ Drone Warfare,https://news.google.com/api/attachments/CC8iK0NnNTBRakp1WldaaVZuZHphMjFsVFJDUUF4aThCU2dLTWdaQk1ZU1gwQUk=-w200-h112-p-df-rw,2025-11-30T06:43:29.614231
Ukrainian naval drones strike two Russian oil tankers in Black Sea,https://news.google.com/read/CBMisgFBVV95cUxOVkdUbGNwNHByZW9kaUNXcjBnWVNBNE1HOHpQRXpGbnJGN19nOVlBTWVCaWxwTWN4ZnZGRml3aTRYSkFJaUF5cnFRSjlRWVZkb2FnWUR1czU4U2paMWVsOURoYnlCaU5TaXFQU2VFY0xkSU45S2NyS3BQb1d5ODRfb0dyYWJZcDhHTUVVUTFqaEJ5ckdZdERTT2wyVHNUMTRhYW8xWTBoSEpzdlBfX2ZSODJB?hl=en-US&gl=US&ceid=US%3Aen,The Guardian,6 hours ago,💥 Drone Strikes,https://news.google.com/api/attachments/CC8iK0NnNVVhVGRYWHpGUFIxQlNSRE5TVFJEMEFoalJBeWdLTWdZWmM0aFByUWM=-w200-h112-p-df-rw,2025-11-30T06:43:29.614232
Russia kills at least 3 in Ukraine ahead of diplomatic talks in US,https://news.google.com/read/CBMijwFBVV95cUxQaFNSanlTemtaam1URXotdm1kS1pjSnNkcUkxZlA1TWhzUC1kLVAwd3A3NFZNTUxhMWVnX2pfdUJZRTNVVmFkMERsYThINHFoVmFZUXlFNVAwbEJLOGxBdVZiOUJsaHE0Ynhtc3FOei1ocjU3V1RLWWlPU3ZkcWVLb1AxbkltQ0gxc0VwTXNqY9IBlAFBVV95cUxPR3pZcHFyazJuUFZ1NnVkQUZmU0xLRnRvd2NqZTFsZ1hXTXdnYndxcklyV0VQTDd3MUpndmRSWWJZdnF1N3NxUVVvTHBjOTFucmhYNU1tdm10bDZZXzRMVHdSaWszNFVTN2NhellVWUFGdGVTeVFtcnRJRE9qZzIyRlJURDRlUWJrZk9tSXZCaW1yLW9R?hl=en-US&gl=US&ceid=US%3Aen,The Hill,3 hours ago,💥 Drone Strikes,https://news.google.com/api/attachments/CC8iI0NnNVJPRk5JVVhKc1pUbGphVXBGVFJDZkF4ampCU2dLTWdB=-w200-h112-p-df-rw,2025-11-30T06:43:29.614234
"Russia drone strike kills one, wounds others near Kiev",https://news.google.com/read/CBMiWEFVX3lxTE1uTHRpVURxdkp6cjBhNWdDY2NYT3hoWUdkX09nRHp6Z0hYUE5PYjBfV3lXSlFmNUNNYnNseW9CcExPTG1fN1g5NzFzN0k2WXI1dXpZeE91WnHSAV5BVV95cUxQUmZrazU3bnFNeXVYUVllWmJnMUZXTldIem9HZVRMaU9QYU9HUWdEenRqNUI2aGhpOGptSDl5aHRJalJIQ2FSaUVRaV9jVnlyLXk4bHV5aUFqU3dEQ3Fn?hl=en-US&gl=US&ceid=US%3Aen,TRT World,4 hours ago,💥 Drone Strikes,https://news.google.com/api/attachments/CC8iK0NnNUxhR3R1T1VwRWNFVlhMVTVoVFJDM0FSaVRBaWdCTWdhQlY0YWxwZ1k=-w200-h112-p-df-rw,2025-11-30T06:43:29.614236
"Vast Russian overnight attack on Ukraine kills six, wounds dozens",https://news.google.com/read/CBMiwgFBVV95cUxONE5WeW56TEJCUV92M0IxNjJsT2lxS1VBRzlVckJMQ08waUpQR0ItX2VzRmVqUjRzVm5WeWpDVDdYZktuRXRGNzlYQjdJZ00ydUNkM18tbVk4eEJKS2NfYXpoVUl5MTZYSkptdDBwVXBIN2owY3FsMGVYWlNMRGl3dmVmbWdjdnhjMXI0ems0S05lbnFmYVVMOWJZS0hJdWpmUUdmWnhXVlp2bjd4a21xQ1Nnb0xaT29lRTFhRFM4bDZSdw?hl=en-US&gl=US&ceid=US%3Aen,Reuters,8 hours ago,💥 Drone Strikes,https://news.google.com/api/attachments/CC8iK0NnNWtPRGRWZDJObVJsZHBiMTgwVFJEckJCanZBeWdLTWdhQllZWUFVUU0=-w200-h112-p-df-rw,2025-11-30T06:43:29.614238
Russia Shadow Fleet Vessels Attacked In Naval Drone Strike,https://news.google.com/read/CBMilwFBVV95cUxQUGQxNV9scGNQMkdyRE12Z1dRTlR1ckc3MUNSNmlOZEUxSjdTc3lkNUNZQTNFQ2xWallzMDVCbUFGLWJzdFJpbEZGZHRialdnc3JlUHFkc21BUXNkMmVncnJGd2YyZmx3eEp1QU5XTlFQUG5kaXVTbFEyOXB6UVhUcEhSbmM2OHFRdnpydFV6WUtjSmNZNEE4?hl=en-US&gl=US&ceid=US%3Aen,Newsweek,11 hours ago,💥 Drone Strikes,https://news.google.com/api/attachments/CC8iK0NnNUdUR3A2UzJRelV6aDBSRXByVFJERUF4aW5CU2dLTWdZQmtJUk1QUVU=-w200-h112-p-df-rw,2025-11-30T06:43:29.614239
"Israeli drone strike kills two boys in Gaza, family says",https://news.google.com/read/CBMivAFBVV95cUxOVDZVMml6Y1RkRmJpMm1jaUQ3THFVNUE2bVI2SDdzUnMxV2ZmTFA0ZGdQVzZGVzVfRDh6d21sSjVRa3lsNTVPOGxqZjViNmNndllpVlFOWDd4TnpnOGNac3Rvb1hWMGRiWXZjam5LTk5uOWozOHB1X1pXRzVhZGt0OGNIZGdJQzFrajRUamU0YTJidjRsRktzZkMzbXh2aXlFTjRiSXJVZzE2MW1wY1ZzQzgxaTNreTBpWEFTdg?hl=en-US&gl=US&ceid=US%3Aen,news.cgtn.com,4 hours ago,💥 Drone Strikes,https://news.google.com/api/attachments/CC8iMkNnNXNNR1ZaZFhWd1VUSmpjemxhVFJDZkF4ampCU2dLTWdzQkVJWVJHV011U09xZXFR=-w200-h112-p-df-rw,2025-11-30T06:43:29.614241
Russian strikes on Kyiv kill 3 as Ukrainian delegation heads to U.S. for talks to end war,https://news.google.com/read/CBMixgFBVV95cUxOeEZHYW5qb2FaYmxVejlna205YWRtLVJhaUg0QVF2UWw4LWJodEM0M3l6N0djVmpESmRnTkhHclNKbmNydzlQaGREV0kyZ1RYY1M1Zk5xdWduaXIzNnQxdUJIUHpsVGVYcFVQdDlRcjN5SUNJa1BMLWNvcE8tX1k1N0hiR0plcU00OV9HUHBzeHl5Tm1fUzhPX3VsVWRHajg5VXB5QnQ1bU4zVWItUFczMXdNN096aDloYkJDWW15WFdKQ1hBSlHSAcYBQVVfeXFMTnhGR2Fuam9hWmJsVXo5Z2ttOWFkbS1SYWlINEFRdlFsOC1iaHRDNDN5ejdHY1ZqREpkZ05IR3JTSm5jcnc5UGhkRFdJMmdUWGNTNWZOcXVnbmlyMzZ0MXVCSFB6bFRlWHBVUHQ5UXIzeUlDSWtQTC1jb3BPLV9ZNTdIYkdKZXFNNDlfR1Bwc3h5eU5tX1M4T191bFVkR2o4OVVweUJ0NW1OM1ViLVBXMzF3TTdPemg5aGJCQ1lteVhXSkNYQUpR?hl=en-US&gl=US&ceid=US%3Aen,PBS,6 hours ago,💥 Drone Strikes,https://news.google.com/api/attachments/CC8iK0NnNUNVemd5Y0dWUllUUlpRVE5GVFJERUF4aW1CU2dLTWdZQlVJYXBNUWc=-w200-h112-p-df-rw,2025-11-30T06:43:29.614243
China Simulates Starlink Jamming over Taiwan with Balloons and UAVs,https://news.google.com/read/CBMioAFBVV95cUxQQzZfSHN5U0lQRjg1dEh5ZFFlcS1zeHZDelpwTXJjbFhtbm5ZOUJwSjUtR2NxMmJMbjFCT3ZqMlprek9xZk43NGJNU3EtTVplWlNETm1aa05ubGEzSDhsb2tfLUJ1OWhPZlI0XzlpWGdTSXU3VkNpTXI2WklmTGV0NUVUdzBVODUzVi02c3JYc3EzeDFIeXZ6UVFad1AyeXZs?hl=en-US&gl=US&ceid=US%3Aen,Мілітарний,17 hours ago,🛩️ Military UAV,https://news.google.com/api/attachments/CC8iJ0NnNUljRkl4UWxSYVlWSlRSVm8yVFJDZkF4ampCU2dLTWdPTlpBSQ=-w200-h112-p-df-rw,2025-11-30T06:43:29.614245
Baykar’s Kalkan VTOL Drone Achieves FPV Drone Launch Test Marking New Era in Airborne Motherships,https://news.google.com/read/CBMi6AFBVV95cUxPeGcweG54Y2FHLWE5c3oxU0tYeTB6TTlaTGFkY2s5SC1QcE1aeTJZM1RGckFaR1NSQkRQbFY4X2tuU3BvUC1xWnlwSi1PQTFGYWUtcU9YS2dqRU84LXNUczRWeHlWSUJvUDlScHZLZ3FHZHVSTEp6RXBMaWhVNjdjYVc2TklCWmVYNGtDVmVzZjVrbTlPb0Q4enVlLXM4dDNpcWNBMEhlQU9BU1VrakRTLVF2S29IOUhuRHNRdElQR2liUWZ3Wi1JWlRmQ0czZzc3TlZaUmlRakpwSTJ2VVYzaFFIazczUHlp?hl=en-US&gl=US&ceid=US%3Aen,Army Recognition,14 hours ago,🛩️ Military UAV,https://news.google.com/api/attachments/CC8iK0NnNWxWbXhqU0UxT01tNUJjRGRQVFJERUF4aW1CU2dLTWdZUklwS290UVk=-w200-h112-p-df-rw,2025-11-30T06:43:29.614247
Drone Strikes Rock Russia’s Afipsky Refinery Amid Wave of Attacks,https://news.google.com/read/CBMingFBVV95cUxQeDlQNDlXQmp0T0lYVXJNR29HYjd2UEFMR2F0dTQ4RnJjNmtnMGZhcTBiRDM5MFRWT3p4WlBMTm1ES0lKbUNBZGs3Y21WQ1NBdGRIUE1qUUNWZEhkWWxmM1JNdnFEemRQZU94M2cxNzU1aTJxMHZjSTYtNEdjUmxVdkVfU01qQjZQek5rYU5RQmg4X19zbENxMldfLXZ6QQ?hl=en-US&gl=US&ceid=US%3Aen,Caspian Post,15 hours ago,🛩️ Military UAV,https://news.google.com/api/attachments/CC8iK0NnNW5jRGxaT1ZSMVgwZHdlalpUVFJDM0FSaVRBaWdCTWdZQmNJNEpMUVk=-w200-h112-p-df-rw,2025-11-30T06:43:29.614249
Dutch to Develop Mobile Anti-Drone System to Address C-UAS Gap,https://news.google.com/read/CBMibEFVX3lxTE4wcWpocEZfMjZTLVRNbVRhU1JOdWtHSllCYzRLYTVGOGJ3ZG5jNTBiVjA0Z3lPZnhzY012UFVjSlpVaTFuSlNDa2FEWGc5ZThrcWlNNjJqMUc0ZlE4UkhzS25kdlhLRkFxVjJKWA?hl=en-US&gl=US&ceid=US%3Aen,DEFCROS News,6 hours ago,🛩️ Military UAV,https://news.google.com/api/attachments/CC8iL0NnNVFMVzE1WTE4d1VrUXpaQzFmVFJESUF4aWdCU2dLTWdtQk1Kb1FIYW5BYWdJ=-w200-h112-p-df-rw,2025-11-30T06:43:29.614251
"Russia Gains the Upper Hand in the Drone Battle, Once Ukraine’s Forte",https://news.google.com/read/CBMiqgNBVV95cUxNUHpEWk9FeUVCUGdXNW96WDdnck9nLUxZSXZSNk9haFptc01VMzhaclVXZU9xbWxxbFJMUENCQjJHUWRIRzdkemRYREtDc1Njc2JPZFV6X2k1eFpRYzh4Yk9XNGFHWWF2WjRVMjhRcDcwRUNJX215ekQ5X1JqajNGblNPUHA0elNwSWxqNUdYalk3Z2wzaDV6WUIxRXVtd3R0dXJScXZkTF95dEhralJ3c2F4YURBOERuQUdLQWFmNEx3SnBoaUJiR1R3MW1rMHFxU2VsNlVsRnhIejVLdTRRaGNXQlJaS0huQ08yaktZU3ZjWWE4VzJNb0NRZXJmYThXSWJnbklLM2lIXzZIOHFHN016VlU3Sm0yOEtqWGRRV2tZZ3gxN3NEQklwU25Hb0JIbkEtRlBGWWZzUDdYSjhxdVROeTVkZkFtQUlNVUZzaldlRWFBX0VLVmQyRTh4MjQtdDE1TDRMNG1aRmhNLW1CR2pXRFV1cFo1VzhfeXRseWl5akJVZ2VUZEoxdEhGdkY2RkVrR2JUal90bTZlZS1nUmhGRDM5RW4yVUE?hl=en-US&gl=US&ceid=US%3Aen,The Wall Street Journal,2 hours ago,🎯 Tactical Drones,https://news.google.com/api/attachments/CC8iI0NnNTFVamw0VmxBd2VtNXhUM0V5VFJEREF4aW9CU2dLTWdB=-w200-h112-p-df-rw,2025-11-30T06:43:29.614253
"Is Kratos Defense & Security Solutions, Inc. (KTOS) The Best Drone Stock To Buy Right Now?",https://news.google.com/read/CBMijwFBVV95cUxNWlpmNm05TEdUV1EzbDhqdjNSQ0lndFBXSjdWSFdBU3BOU2d2bVhLUnZYNW8teENzQkF2Rk9aYTNnYTNBUUtRalpyVzEwc01OS2hPSldfVmFYeFBKNDAxa2phcHQ2VGxWdUdXSmV1dDRtR2FKNm9HSkQtS1FxY3ZRRzNpQ2NGMWtmbDdvNF9BQQ?hl=en-US&gl=US&ceid=US%3Aen,Yahoo! Finance Canada,12 hours ago,🎯 Tactical Drones,https://news.google.com/api/attachments/CC8iK0NnNW5NR2hhU21weWNVWnlXRE5OVFJDNkF4aTJCU2dLTWdZUmxJck13UVE=-w200-h112-p-df-rw,2025-11-30T06:43:29.614255
From Munition to Platform: SpearUAV Redefines Tactical Superiority,https://news.google.com/read/CBMiWEFVX3lxTE1zUUJ3U205TjBqVG5oRjRzOEI2Q29TbW42WFZxUEVmdlI3WjRvUi1OX1ZoZkdERXpJVG9qb3pITTJwZWpheXpqQVRDc2JZS3VlVTdDZXJKalo?hl=en-US&gl=US&ceid=US%3Aen,Israel Defense,2 hours ago,🎯 Tactical Drones,https://news.google.com/api/attachments/CC8iK0NnNDRXVWhsVGxoQlNEbHBiVzl0VFJDM0FSaVRBaWdCTWdhVk01aU5IUWs=-w200-h112-p-df-rw,2025-11-30T06:43:29.614256
Fog and winter weather open gaps in Ukraine’s defensive lines as Russians push deeper into Donetsk,https://news.google.com/read/CBMixwFBVV95cUxQVUxZT0xZQ3A4Z2pyT3VCeFAyTVJ0b3YwcWdIWThkSWx3enFDdk9rZUpudmtReExkVE9Sb3N5QnRSUTYxYTFqSEZQdTh6a2V2dG01d19ZRVF6bmdSSVJKQ3hzcnlQaEpPR3lPUU1DX09tRWpua1hsVkduckQyNnJ5a1FrSHU3bVJXeTZoNWlIWXU0UFlYSnRnc0U4dUJHTEkyaEJ4MGtITUEydDJVLTJaNHlXYkZ5TXZiWEszUEpwQzdDbHhJcGhB?hl=en-US&gl=US&ceid=US%3Aen,Milwaukee Independent,19 hours ago,🎯 Tactical Drones,https://news.google.com/api/attachments/CC8iK0NnNW1jM2RRUzJoSlduSk9XRTlMVFJERUF4aW1CU2dLTWdhcGNwQk9MUWM=-w200-h112-p-df-rw,2025-11-30T06:43:29.614259
Small-cap defence stock IdeaForge jumps 11% on bagging order worth ₹100 crore from Indian Army,https://news.google.com/read/CBMi7gJBVV95cUxOOVBueUxmeXpYYXF5NGNEN01RcVNGVGF0M1phTXpYeUFGOHVQeW5BNDNaTm5aYTBzeWVYZjllZl9JVVh5Y0NCcFpwZ3FTd18wNTh3Y2hNYlFURlRWLWpYclBqdzc2cHVJRjlEbGZQQlVCN1ByemdGaWw4UHlPdWVBaDBQaE1seEp3cFNnZGRzcnd6YktGa203UVVvUjVyN2p5Z1dzdGp4RlpTV0tWN0pVZnEtSG44YWlmdTcxa2NscGJ5VExMT0d4S2R3QUtncE1BalVHeEw3N05rRHE0RXhuaGtucGZjLWZwNlo1R0dOQjBnTDZUaWZJYkI5eGtQOEVULUNPaktjSi1RcmlxcDljdy1LOWptRlRNbllOUGhkelRYNVNLNnZRRGhuZUx5aVBaV2F1YXU1anMycm5lR2JDdW95OTcyRG5MT0pHazdNQ3UxOFlIS0JhU0xwc0hZY2dQVTJRRW1EWDduWDlmU2c?hl=en-US&gl=US&ceid=US%3Aen,MSN,20 hours ago,🎯 Tactical Drones,https://news.google.com/api/attachments/CC8iI0NnNDFaRjl4YkhWQlYxODVaMUpvVFJDZkF4ampCU2dLTWdB=-w200-h112-p-df-rw,2025-11-30T06:43:29.614261
"Russia uses FPV thermite, Baykar tests Kalkan, EA-18G upgraded",https://news.google.com/read/CBMimAFBVV95cUxONVF1bGlvb1pwQlFWZFpybkMxY3VfbThIZ3VzYS1NUll2S3EzaU55NlFfMy1LRjFMRVl6YklrLUJLV000Mms0NGFsX045WGtYY1Nrd0t0SWJGVTVIZFJtWU1RVHloclBGaFJtTHVseGhnVkZFMFhOQ2lraGFWNnZBeE1YM3NkWlRyUXNaU01VQ1VzQkE5aDctLQ?hl=en-US&gl=US&ceid=US%3Aen,baonghean.vn,4 hours ago,🎯 Tactical Drones,https://news.google.com/api/attachments/CC8iK0NnNDVla1JRUm1kcVozUlBMVVpMVFJERUF4aW1CU2dLTWdZUklwS290UVk=-w200-h112-p-df-rw,2025-11-30T06:43:29.614263
"Amid global anger over Gaza, Morocco clears Israeli drone plant; Why Muslim nations are increasingly fascinated by Israeli weapon",https://news.google.com/read/CBMi-gFBVV95cUxNOThtYVRyWmVub2cxV0V3aXZSaWV1N0xRenVnT25WRzNwc3puOEZrUHB5Skx1X29LaWZyMHVaODlLS09KbTYtd1FXdEVLc3ZLdVNRdkIwMEdpYVU1QkNXYzR0UGpGcDNuZ3FMdVBnTG9WTXhvaGtxWEpwRUZJTkRpTmVrZE1oLS1lRWNTNnNkU0JZTW9Cc3l1NjNnLXlFMEY1d2RObFNYUmI1Q3RpQWpHdXMyamQwX3VtcTdNZUtPZEJpbl9NQ082dzdSSGxTZl8yM1AtY2tGVThrbGdPRUs4VHI0a3E3V20tRjhFUlEyRGFHb1dLR0lOMkRR?hl=en-US&gl=US&ceid=US%3Aen,news24online.com,19 hours ago,🎯 Tactical Drones,https://news.google.com/api/attachments/CC8iL0NnNU9RWGx2VEc5QlVrdGhXVEJzVFJDV0F4anpCU2dLTWdtTk1vaHBVaU9ENndF=-w200-h112-p-df-rw,2025-11-30T06:43:29.614265
Ukraine hits two Russian 'shadow fleet' oil tankers with naval drones,https://news.google.com/read/CBMi1gFBVV95cUxNLVZZRERNSHVkcTJoWVFDa05HbmY3SnA5bEYxYU1lSFR0RVFQY2FITXVFYl9sWFRQOVRuUUxDZzgyX1psOE9MeHhBbXE1a3hqR2FnclotUUotMkhYdUhUT3p1UG1wYUxLSG9ydFFLREVKcWVaRXBTcXVHNEpKd2xzN19CTlJMX3kxRXdVbnFXblloM3lhMDVIaVRLMUd3SzgtbGRMMDhxekhtakFnRjFUZDlJTUNYQ1UxOFh0WVdCdWdZVUpKdGR3NmFzWHQ4WnhFWU05Sndn?hl=en-US&gl=US&ceid=US%3Aen,Reuters,9 hours ago,🇺🇦 Ukraine Drones,https://news.google.com/api/attachments/CC8iK0NnNHhTelkwWTBWMlpIUmxSMVEwVFJDcUJCaXFCQ2dLTWdZWk1JWU5IUVE=-w200-h112-p-df-rw,2025-11-30T06:43:29.614267
Ukraine’s naval drones strike Russian oil tankers in the Black Sea off the Turkish coast,https://news.google.com/read/CBMivAFBVV95cUxPbjdBS2RZN21wMGw1T0V3VUo5cnVzRXpOSTQ3V3ViQURhc1JUUnN0RGhJckVtT2dDeVdvbnBsVDlBeWpEMEZ0NXVNMU1YbmxKYUcwbDFkQWRuYXlkOXN3YURBQ0Z2VkFTTWh5WFhHU1ZmdnlmcnNRekJ1Z3p5QnpNOG9BbGlEOHo3MEpnMDBWQUpPNWxmM2MtRGNVU3FTNHdqbTRpTTZqOWFEMk9zRTdWYVVxcFhwcDRrdlpvMA?hl=en-US&gl=US&ceid=US%3Aen,AP News,15 hours ago,🇺🇦 Ukraine Drones,https://news.google.com/api/attachments/CC8iK0NnNUpRV3BVTVhneFNVTk1XRzVKVFJEVkFSakFBaWdLTWdZVmdJU0xQUVU=-w200-h112-p-df-rw,2025-11-30T06:43:29.614269
Ukraine hits tankers in Black Sea in escalation against Russia,https://news.google.com/read/CBMiWkFVX3lxTE80NmxzYlNGQmJyQXIzQTdnWEpSMXp3ZFZuaThMeVNPTWwwYUhHTjNEdGRSNUpnUVJVYmF4Yl9nWUxZZkVPVzRRNm5sN3duN0R6T1J0bXI0anpuZ9IBX0FVX3lxTE9Td2RjZHFMTEJlQmVQZFpLRHNxYTFNVG5SMVhYRktLdzIza2dEb1dFRmRFRDlmRWkzQUJGZjZhSGh2al9MajdKTlJJM2F4OVVLLXFCQ0dxU2Eta2FQRFRn?hl=en-US&gl=US&ceid=US%3Aen,BBC,8 hours ago,🇺🇦 Ukraine Drones,https://news.google.com/api/attachments/CC8iK0NnNHhTWE5RWW5CRU5tNDBSRlp1VFJDZkF4ampCU2dLTWdhNUlvd1NtUWs=-w200-h112-p-df-rw,2025-11-30T06:43:29.614271
Russia launches largest aerial assault on Ukraine in a month as Kyiv delegation heads for US peace talks,https://news.google.com/read/CBMihgFBVV95cUxQMUh3QjNudkpGdVNmeHR3SmgwWUU1MzdVTHg5a0lYTDBxZW91M2ZoSkNJQWZZVFZ4eFN2bXpUUGtHN3dYblA2T0twY1Ztc1NzQmpReVV0azB1ZzNKU3I2VXNra1J6ajc1bm9PREpsQXp4WHVOUk5UNHNpZ191YjdVRXM0SHoxZw?hl=en-US&gl=US&ceid=US%3Aen,CNN,21 hours ago,🇺🇦 Ukraine Drones,https://news.google.com/api/attachments/CC8iK0NnNVhjVmhMY0ZoNk9EVkJORW80VFJERUF4aW5CU2dLTWdZaFpJYk5xUVE=-w200-h112-p-df-rw,2025-11-30T06:43:29.614272
Russian attacks kill 3 as diplomatic efforts to end the war in Ukraine gain momentum,https://news.google.com/read/CBMipwFBVV95cUxPNmlYOXZxRGFpa1kwZXF1UjVhWjJSOGREbE4xX2VVRDhrTGxIUVJSa2ZVQnZsWjZZeXF1M003dE1MR2Q0SW1XbzFvX1ZRNEZRV0ZhdnZLR3RUd1kzTWo3SkZ4Y05wWlFXWkt2TDNzeTZpUFpRbDIwMVhIRmFiUjViU3FwVTBmU2ppSkpYUDNrZUplSmlFOUxzbEZmc1hKUGtGWWMzQUhqYw?hl=en-US&gl=US&ceid=US%3Aen,AP News,5 hours ago,🇷🇺 Russia Drones,https://news.google.com/api/attachments/CC8iK0NnNU1XbFpEVmpkUlZsaHhaVVZqVFJDUEF4alhCQ2dLTWdZaFpJYk5xUVE=-w200-h112-p-df-rw,2025-11-30T06:43:29.614274
"Moldova says Russian drones entered its airspace again, posing aviation threat",https://news.google.com/read/CBMiuwFBVV95cUxPVUVUS1VuMzJTZEs5UzlxcklSVW5DNld3U1I4LXhLUHByYkJkbHNvaVRsOUFQTWg2ZjBQTFZUcWM1TlZaTzk5NWJzeG5DbjZIbHZia0RKZEZtcm1mdk1ydm14R0h0TWx3QUhEQ2QybzlOUldxUXJDUEJlc0hfUnZkU1NjQ21iN1Q0RGxTSDBKQ1ZMWjBvc2QyMXNqX1dmcllwWmtlRm5PMldhOW1tUF9fU2xrT3NkaDAyamxV?hl=en-US&gl=US&ceid=US%3Aen,Reuters,12 hours ago,🇷🇺 Russia Drones,https://news.google.com/api/attachments/CC8iJ0NnNXNSa2hGUlVGWk5FZG9VazVpVFJDZkF4ampCU2dLTWdNZGtBQQ=-w200-h112-p-df-rw,2025-11-30T06:43:29.614276
Chinese parts supplier takes stake in leading Russian drone maker,https://news.google.com/read/CBMicEFVX3lxTE1TV1g3dDlHbXhxRUFSZTRtVVF5R2JjODNIRXlDWlZHSFBFaUVFVjdXbG50UzZwV0l6dktKaGFUN2pVelB4S1pvXzlsZFNTZVJoVWtWc3JhUTlWbUI5LXJvM1Y5OEVSbmUxQ0l2aFlQOXE?hl=en-US&gl=US&ceid=US%3Aen,Financial Times,13 hours ago,🇷🇺 Russia Drones,https://news.google.com/api/attachments/CC8iK0NnNXFiVFZYWjI1S1FYWXpRVlV6VFJDSkF4aThCU2dLTWdhQmNZcnp2QVE=-w200-h112-p-df-rw,2025-11-30T06:43:29.614277
Taiwan’s plan to acquire drone ‘takeover’ technology sparks security debate,https://news.google.com/read/CBMixAFBVV95cUxPalBUVkN2VVd3TUFrY09BaVo3WlRDUjJTRktoaHJRekpxY2o0Y3BBN2lzR0ZBczBTTEFtX2wweGIxSjNlVUpzQlJ1M0R3Qk92aHJrNnAxRzJYS0VZWVNualIxU3FpOHE2VHd3ODY0QjVhZ2tqc2JBeTFTeGJZc21rcHJtN3hlVDBqMWtzZWFTNm5XQ1RxSndWZFZyUFI2V2lDeXlPYlFsLWhuVmhwTG00WXVnQnliaHZpSkxhaklNYTQwTFF50gHEAUFVX3lxTE9hUFdoTmlHbHJGZjBSZHZxQUZ1dTdRMWtlb3FEdVp5WHhxZzRya2pBeVVnTjJiVXhEUGxNSHVTWGRmYjFvRmpPVlRETVFxVmF2SW9RcFFWV0hwNmYtNVd5YlVkdmw0eXFsR3l6MDFvUTJ4QW9GYm5wQ0ZsdDduc0ZMaEhzcW41SzRObVFIS3N3dExCcXljOU9HTlRoNWpkNzJoRktKYnRLOVdhQUVZeVJCa21YMDFWWGlhYzcyRjJibnZGZng?hl=en-US&gl=US&ceid=US%3Aen,South China Morning Post,8 hours ago,🇨🇳 China Drones,https://news.google.com/api/attachments/CC8iI0NnNVVSMkZIYWxCYVkwbFpPR05QVFJDUUF4aThCU2dLTWdB=-w200-h112-p-df-rw,2025-11-30T06:43:29.614279
Electric vehicle prowess helps China’s flying car sector take off,https://news.google.com/read/CBMisgFBVV95cUxPNFh4Z2ZURFZtZFNhaGZBMzJEX0s0OHU5WGRaZ0xIUElObkpMbV9oUnAyMi0yVUM4SGFsOXd0ZnBwQTZOVmhPZVpPNTBrQXNrU3FTOW8tZkdjZVBxbm1yOWFvdS03a1ZTVnFhTHFVcThBeUFFWlRPNU1DRE9QUnZVdGFQb3N5Y3pvRjBicUlsUDVQc0h5Z0hfYUE4dDBkTkdWVzlmaENZMHhPUV9WNTgxNGZn?hl=en-US&gl=US&ceid=US%3Aen,Digital Journal,3 hours ago,🇨🇳 China Drones,https://news.google.com/api/attachments/CC8iK0NnNW1ORFZ0V1VWWGJGOWZWMmwyVFJERUF4aW1CU2dLTWdZQmdvYUpQUVE=-w200-h112-p-df-rw,2025-11-30T06:43:29.614281
Drone strike on Chinese workers in Tajikistan strains Sino-Pakistan ties,https://news.google.com/read/CBMi7AFBVV95cUxQZG1QbUJLRU1RRnhTS2lIZWJKTzJBa19zNExqeTVVQ1d5QjhHSEJTS0RwdnFZSEJzVnJ5VVFqdXJJcFkwSHhDR0ZfUlNJdGxpcHQ5SXZXRDM0bm95OHk4bVAzOFpiZTFhZW9Vd3dYSm5zNlhTanhJZjVNLWZPeDFDWnl5OHY2UGtFT0N2LVdyeEo1TTktcy1pbVdHaEZDemJteHF4V3l2LVFDSWpkQUtKTlVkcDY0RXVXemFuU1hiQ3JVZHVlLUo1dkxsVlJZMXVfSkRTSFRiZ2pSZ0RVaWpJYVlnRjYzUzZkQWY3ZtIB8gFBVV95cUxNNlg5Z2YwSlNuOUtmeTdPZ1hKbEhiOUUwMUk0eG0yeV9LaGo2M0ZUWE5vY01HaXNJeUJoaUFrX1NMU3R2bGxOcGd0SW1DSUZucjB6cVNrSl9DdldQLTI4a0VOcWVmVFVxMWx3ZFJ3WnZ2ZW1rWmNmTkstamNwN2VOOFpSSFZiOXV3YjRtVlNHMWFkRzdpbnRTZnBPaDE1eWNtSE5XS2hpQ2UxcmdsU2hwdTcwY1VzazhoSlpVU2FiTVZTb05Ic0NabjBhbHU1NHNDc3padWRqS3ZQOTc4eGJGOGM3MktYaUhBN3lXUHV4U1pTZw?hl=en-US&gl=US&ceid=US%3Aen,The Economic Times,13 hours ago,🇨🇳 China Drones,https://news.google.com/api/attachments/CC8iK0NnNXBTbEJPYkhSUmNWOVNVblJQVFJEZ0F4aUFCU2dLTWdhUmdvTE50UU0=-w200-h112-p-df-rw,2025-11-30T06:43:29.614283
DJI's US Ban Is Coming Right Before Christmas—Here's What It Means For You,https://news.google.com/read/CBMiuwFBVV95cUxPT2xDeWZKUXVmOHhKcFE3U1hhUjdobHpUeGU3UEcwNEJRMXlyVkRpa04wbmhmQW5rNnB1MFljb2VpRFJmUUh5X0FPV0NYMjdSOXl4MmJOY05RcFIzZkozdEJzY1lTTmpRU2RmUE4tNV9rZ2lNeEZ1dHBsUHJlbkhhNEF6YWZCSUV3NXptTWRMTWtZRGNCN3o1c2UxaXNDUVlJa3ZaX0FNYjJHTHpZOE1aZnNRUFhjYUd3cXVV?hl=en-US&gl=US&ceid=US%3Aen,Tech Times,17 hours ago,🇨🇳 China Drones,https://news.google.com/api/attachments/CC8iI0NnNWxUbGswWVY5TlVESk5TbkZqVFJERUF4aW5CU2dLTWdB=-w200-h112-p-df-rw,2025-11-30T06:43:29.614285
China develops high-altitude armed unmanned helicopter,https://news.google.com/read/CBMihwFBVV95cUxPOWxKel9qMC1nOTZJTzZiemk5SV9kWHE3T0lWYk80U21YaUFpbVJldmdoNlpwQ3NDTGdBQzR1UWJxelVUYTJhUlUxblJzQ0YxNkw0OEpzejBSZVlSVVdNcEsxMGs5TEhaVWtyME1kbjg5TnAxU2pIa051Vl9OMnpaRGppQnVZNVHSAYwBQVVfeXFMT0Z1TFhfZUwxQVU2eTh2dVlMV2RWbHFvM2RFZVBOZzdGcUdJLU9nMk52Vi0xaG1rRmo5Sk45dTJGWXhGQm1wVUdrcC1VNlNJQ0tmOEpKbnZzdjJmRDFLdGlta0xNN1R1Vlo4WnZ5bWwwUlRUQkFwOXppV1lydkxDRkEwaDROczA5d1pTUzA?hl=en-US&gl=US&ceid=US%3Aen,Defence Blog,19 hours ago,🇨🇳 China Drones,https://news.google.com/api/attachments/CC8iK0NnNUNhMUpsZFhZNVMyNVJXVGR6VFJDdUF4aktCU2dLTWdZQmdJZ3FSUVE=-w200-h112-p-df-rw,2025-11-30T06:43:29.614287
"Drone strike in Tajikistan kills 3 Chinese workers as Pakistan, Afghan Taliban trade veiled accusations",https://news.google.com/read/CBMi4gFBVV95cUxNazJaV2NVcG5yekh1OVBNQmNXRGpxbHJ5VE1uVk93YTBmMVhValFmbURoOXJRVUZIc2dXWU9VQlJmeGtnVmxydjJ6and6RlpTNE93SjVlcHNGeDF6LWxXUEdWTmlRaXVUZXJoRkFCU2N1WEt4dng3RW5qSjZ2cWpiUmcwNlBFVVRlUTJKN2pqOHFScnN6Q1BvdXoxNEVTS2xDRGszVUtJcG13cEFSSENCZ1Y3WUZmcTRDX2h1X2tuUDg3ejJrZEIyZ2lDeS1pV0hUVGhZN1RINEJBUWEzMHR3eGpR0gHnAUFVX3lxTE9hVFhCclhYVFZFMjVKcmtTcGNIRlJfaDRxNkp6T0RfM2FJVGtIZENkVm9BaXU0clJNbk1LSDdBWTBiN1ZudUVRU3FscDVrdWR5UEdmclEyLUk5SGdTQU5jdUFGckdDTnFDZDdOeHFFc1hjTkI3YVp4U2JsSkN6aVFyc0xwbGdFN19JOWJtNFZwMHFCU3czQXJjQjBvVldlS3FqRnd4NTZjLW1DVkpCamxSNlZSd1kzYnJkSW9nVTAybkxtbXJveEZqX1pLSVJhZ2FwZDF2SlRDMmM5c2Zjbkhzb1pEXzlCOA?hl=en-US&gl=US&ceid=US%3Aen,Firstpost,19 hours ago,🇨🇳 China Drones,https://news.google.com/api/attachments/CC8iI0NnNU1aWGxxVUROSWJXa3RPVEV5VFJDZkF4ampCU2dLTWdB=-w200-h112-p-df-rw,2025-11-30T06:43:29.614288
Drone-powered pomelo harvest drives rural revitalization in Guizhou,https://news.google.com/read/CBMizAFBVV95cUxPeHk0VGJyQ2NrWGRacmhTblZRaXd0X3dLUUp5N3FjcGpMd3NGdmNTWDk5SUUzZ1RjbzV4eGxRV3cydWNvdXp1cnlCM1JMLUlQQk00OElWTlhva3JULUg3d2FmWnNPN1R6YUNHZG90MWxlamRveU5ucDFFWXhlLW9KRkZONE02ajRrdVFMUW5xMzRWaTk1UHpsaTBTU2NxZXpRdzFyQ05sZ0FoaHpuVG1RaHRTZmIyWmt0SXRyX3J4RDRNZ1NsZzM2Nm9sczk?hl=en-US&gl=US&ceid=US%3Aen,news.cgtn.com,22 hours ago,🇨🇳 China Drones,https://news.google.com/api/attachments/CC8iMkNnNUlRWEpsY1VNeVNuUllVbUpZVFJDb0FSaXNBaWdCTWdzQkFJUWlGT1V5RmdsOGVn=-w200-h112-p-df-rw,2025-11-30T06:43:29.614290
"Who killed 3 Chinese miners in Tajikistan? Pakistan, Afghan Taliban push own theories",https://news.google.com/read/CBMi7gFBVV95cUxQVVdCNFh1djhaempMSTJ2dmVWZFV5U2ZQN0RYek1mcXpBa0Z4aDZzVmwxbC0ybXd5RlJTaWpzdEpkSHNKdmtXZHdRMjJ1T2pCb1Y5NFNId3RXWHJzU3JWZlc1elJBLXZNS1pPSG4wOThZS21GTjRnSU5nOG9JVHR1QzJuMTFXdWdhcHZQS2xDOUxoN3NRRlRyQUNNQ21SOVlJdUw2WkRqanpXdVRwUk5PNVZoLUVkSHlxTWRqYUR6SXpQdlo2bWZCOTc0dWtZajlBMm9uNjU4ZXlOM1VjQ1ktN1NPVUNmbFhfc3EtQVFR0gHzAUFVX3lxTE5RN2w2d2o4cUVQeldYRzY1cjk3dnZLQWdaVGRod2s1Sl9NMTZFUFFtc1cwME5hVkZ3NGJ1aEtvZzRNTG5LRzVqeVZMdUJpM2J2RlRzbkNrS0lXRVNIamd3SlFudUtJbnh4eERjbGJEUW1uN3B1X3NtdFpEUzdfaHRiLUVmZl9zWDFtMFpMOFhRZUZIaE9RbWF3a2F6WktwVmxKYi0yOW0wSzBjVWJ0YnFWUlJzUEhqUHNzM1J0LTItVkYzTlh4dzg2b3VmelhjWlNTblhmZnZGR0RIMnVZMjhGVDY2blQxTWRXN0dlSUNUMkllTQ?hl=en-US&gl=US&ceid=US%3Aen,India Today,23 hours ago,🇨🇳 China Drones,https://news.google.com/api/attachments/CC8iL0NnNHdUbGgyZFRKbGJuQlpZamhVVFJDZkF4ampCU2dLTWdrVlk1Wm9ycWRNQ3dJ=-w200-h112-p-df-rw,2025-11-30T06:43:29.614292
Vital Khor Mor gas field attacked in Kurdistan Region of northern Iraq,https://news.google.com/read/CBMivwFBVV95cUxPdGpDZ1IxTFVCQU0za3U5cTk3Q2Q3anlrcUhuVjcyUXhqMDhkVHlFR3hWWVdXTW9VY2t0a3c5al85M0JkQ1ZRQ29xVG5OblpCME9xdEZiZE4tOG4wUDB4Y1d6T3RXUk1PNms3amJpV1lCclR0UHlPM0FKU2YySmxBN0JWSS1WSlpxY0tFX2RDNl9CeU5UQ2xoUG1OR0llTUZsMXRxWkJoY3NmVlhtYTJVaHpMMlQybFBOWVZJallHRQ?hl=en-US&gl=US&ceid=US%3Aen,The Long War Journal,17 hours ago,🇮🇷 Iran Drones,https://news.google.com/api/attachments/CC8iK0NnNU9jakF3WXpsV1lreFVNemR4VFJDeUF4akRCU2dLTWdZQmNJeEFOQWM=-w200-h112-p-df-rw,2025-11-30T06:43:29.614294
Ballistic missiles launched from Iran to Kurdistan region,https://news.google.com/read/CBMiXEFVX3lxTE5EblFTMVVqQWRwQk9reXpIZWZsNkYwUlMyU09xVWd4SHZtV3hsczV5QV9UZnZNU0pOTEs4UW51YUcyUEdIVGxUOHZEd0t3aUEyRDhJOGdwSTI3Y2Rs?hl=en-US&gl=US&ceid=US%3Aen,The Jerusalem Post,9 hours ago,🇮🇷 Iran Drones,https://news.google.com/api/attachments/CC8iK0NnNVBZVWhZTVV4SlpWOHlRMmxEVFJDZkF4ampCU2dLTWdZSlk0Q1JNUWM=-w200-h112-p-df-rw,2025-11-30T06:43:29.614296
Iran air defenses downed 196 Israeli drones during 12-day war,https://news.google.com/read/CBMinAFBVV95cUxOZlcwVndwV25QNlI0eUNfWGhyMXdMRUJoM0M1SkV5OUdGb252S0dkRnVJRHFTOGplUmhCS0hiakV4RGtMTF8tcUxua3JBV2pJOXNtX2l2eUNoNzM5XzkxTFlKMlI5cE9jTHlPb1JDcUg4OVE2Mk1oamhGOUsyaGZiX0FRblF5aG53eWZCdm0zVjJwNDAwanlvNExka08?hl=en-US&gl=US&ceid=US%3Aen,ABNA English,1 hour ago,🇮🇷 Iran Drones,https://news.google.com/api/attachments/CC8iK0NnNXdaemxUV2t0TGVVRm9UbFo1VFJDZkF4ampCU2dLTWdZbGhwVHNzUWM=-w200-h112-p-df-rw,2025-11-30T06:43:29.614298
Kiev Behind Drone Attacks On Black Sea Tankers: Ukrainian Source - Iran Front Page,https://news.google.com/read/CBMijAFBVV95cUxQem5uRmVFUXhzOWFwSmZZcFhqQ1djd2RhVWpmX2NUZjE1TFdqQ2tzYU0tUWFaZFNURmR0bjlLTUM2UnNKMDZMcld5aTQwQ09USHlZWDVQSFNCM0hGMjBHMFZPcWNWTVRDbjhwLWZJbXYwNzZZRkszMDVwenZPak5aNUdsYXAzdHdBbXMzOdIBkgFBVV95cUxPdkdtNnQxRF9wVm1yRnRZbnE1ZUR6VFZSeGh2RzVpZHBjMHF3SmpIM3J3bUZYejhxcTBUdHdBTE5FNWRnbXRFenVLRl9PSWpOSzI4b1hOVGNFaXctMkZJeXBsSkRCb3NHazhva2ZRRE9pR0F2OU1TNDZjOXpzYVFqUTV5M05hWjBzcGZXd1o2dGRfdw?hl=en-US&gl=US&ceid=US%3Aen,Iran Front Page - IFP News,11 hours ago,🇮🇷 Iran Drones,https://news.google.com/api/attachments/CC8iJ0NnNUVkRE5HZDIxUU5rcDJTMUJHVFJDZkF4ampCU2dLTWdNQkFBcw=-w200-h112-p-df-rw,2025-11-30T06:43:29.614300
Iran Unveils Anti-Drone 'Jumping Mines' Technology,https://news.google.com/read/CBMigwFBVV95cUxQLXpsU0lPeW15Szl5dTE0ZWMwSHJodURLYWRuS3podFlNTk11NG8tekxJYXUxUEdldmV1bm5KcVJKVzYxZWlfakM0Ymo3dGpCQURLUlMtenVBaTlsUTROSzZjOHRmUElwc1hnRFdQb1I5clJlWTk4aUxrbzBteF9BMmh6MA?hl=en-US&gl=US&ceid=US%3Aen,Caspian Post,20 hours ago,🇮🇷 Iran Drones,https://news.google.com/api/attachments/CC8iK0NnNVFlSGxyTmpoeFVubDJMV0Z0VFJERUF4aW1CU2dLTWdZaE5wWU1IZ28=-w200-h112-p-df-rw,2025-11-30T06:43:29.614301
SOURCES: No Iranian strikes on Iraqi Kurdistan - Shafaq News,https://news.google.com/read/CBMigwFBVV95cUxPbWlXZk5DZTZ6VzRDRVFjeGsxTXcxM3JKTHJzTUJpaU9ZRV9kd1luX0ZCdWs4Sjh1bEJyN2FrWDNwX2V4Q1ZjQktZYXJ5bDVIejJzLS1ob29iM01EMGt3YUY2UmRMQ1VkeEZfMlN3WmZuUVJBakc1OGdXa0t2NXpuMS00a9IBiAFBVV95cUxNS0o3UjdyM3NIdTkwUHdscEN5ZHdoOXFKMExTWHJ3cFdmSHRDMFdicHZ0bUJxU3hRZXQxZzZ4YnVVR2Z6bTZOcWpNY0lTNk1mVi1VWEdHNGMwaU51YWpTckJqeWV6SEF4eHJGLWtySUdQbjl6TS1BTHBfbWdJWk9zU3I2aTJPU05m?hl=en-US&gl=US&ceid=US%3Aen,شفق نيوز,11 hours ago,🇮🇷 Iran Drones,https://news.google.com/api/attachments/CC8iK0NnNXRURkZwWjNSQk1HczJXRFJ3VFJDWEF4anhCU2dLTWdaUkFJUzNRQVE=-w200-h112-p-df-rw,2025-11-30T06:43:29.614303
Iran Plans to Buy This 4th Gen New Russian Fighter Jets and More,https://news.google.com/read/CBMikgFBVV95cUxPTEQ4RlgyaE0tOHZ4dm5lMVM0QUhaLW9lajFoMFkyUGI3WGRnbFBuUzUwZTVkN1BTek40cVFsUk5jU0pxSjBSdWZDSExlb3R4VWMwcjF6SGI3cjltNlgxamxQRGplcndyektBSVJjS0lwVF92YXloZ2tqNE5YMC1fY1U1Y1Q4UmhxcHlVdWZaTTA1dw?hl=en-US&gl=US&ceid=US%3Aen,Aviation A2Z,17 hours ago,🇮🇷 Iran Drones,https://news.google.com/api/attachments/CC8iK0NnNVFXRXBrZVhOTlpFdGpWMHhaVFJERUF4aW1CU2dLTWdZUlFwTHl0QVk=-w200-h112-p-df-rw,2025-11-30T06:43:29.614305
Iran Faces Regional Isolation After Costly June War,https://news.google.com/read/CBMijgFBVV95cUxPbUtCT3lYQjB4dXpia3FlZ2pkMUM1dE1zcUpUNm5JcGVNcl9rMWVHQWRuSW0zUnJZamxDXzk5THV2VF9WQzRnWUN5bE9mX2wwajh4U3BHZ241YW1aVWZGRjIxZHlraV9kajZScDFsdW4zRmFYbGJtYzZJdTVrZDNLd0ZQUHVySGVKbzY2NzZn?hl=en-US&gl=US&ceid=US%3Aen,Evrim Ağacı,17 hours ago,🇮🇷 Iran Drones,https://news.google.com/api/attachments/CC8iK0NnNUdjelJvYjJ3dFpHc3pSRFpuVFJDM0FSaVRBaWdCTWdZQlVKVE5HUW8=-w200-h112-p-df-rw,2025-11-30T06:43:29.614307
"Deadly Strikes Hit Kyiv as Russia Launches Drones, Missiles",https://news.google.com/read/CBMilAFBVV95cUxNNkdkaXRGZ215Q3RzenNUb0dKN0VJOGJXeXE4VEM5UTFvdV9UZ3B2VklZWWRnSWJZdm40UENNb3hnQUlKc2RDb3djRmQwdUZoNnZXUkVGMHZaMzFnOFJydGZKWWhjS3BkMDJzdHdwYUVoNGNHWngxRTRoMVVvVHhyZDhCdXhNMnBfTG9RU2NqTlV6N3dQ?hl=en-US&gl=US&ceid=US%3Aen,Caspian Post,15 hours ago,🇮🇷 Iran Drones,https://news.google.com/api/attachments/CC8iK0NnNTJZbm8yZWxOUFdqQnNOak4wVFJDM0FSaVRBaWdCTWdZQmdJNEh0UVk=-w200-h112-p-df-rw,2025-11-30T06:43:29.614311
IDF: Troops thwarted attempt to smuggle weapons into Israel from Egypt by drone,https://news.google.com/read/CBMiwgFBVV95cUxPSzB3clEyTnVQOWNFSXBpWURyZFdiX19TbktqSWwxWTFrejJ2UzlwWmxOaG5scUlPN2Z0aXJaT0V1OXMyYXBDYUhPemhRdFpNY3UwLUJDc3NXMnNvYlFwVXVDbi1HSWNuN0tLZlhGdC03NGdfYTBVemhQc1RLRDNsOFotVTR4M0dTaWxnZDBsLUpIVldFMGdpenZEZXp1dEJIOXhVaVB1MW1wc1hvaXBCanJscUJxM1VUb3A0THpadFZGZw?hl=en-US&gl=US&ceid=US%3Aen,The Times of Israel,12 minutes ago,🇮🇱 Israel Drones,https://news.google.com/api/attachments/CC8iK0NnNDNWV2d3ZDIweVEzVkJiRTVCVFJDMkF4aTdCU2dLTWdZQkk0UXdHUWc=-w200-h112-p-df-rw,2025-11-30T06:43:29.614313
"Gaza death toll surpasses 70,000 as Israel keeps up attacks despite truce",https://news.google.com/read/CBMirwFBVV95cUxPNHJxdVNGOVdZLWE3NVlSbGk5M1FGcFh5YmxfeFRseS0wYlpvYW51X1VnSF9RSWFyUDQySmdzTGNPT0VSbTZOMmJ0am9ZcHhkdWlLdG5XRjFwTVpTTS1QcnRqX2UxWjVZbDNvTmgwck9OaVJIR3RNRGEyVUxJTVZ4NHFDd0RmeHVUajRyUnBTdnhSSF96dzJHcnBlc0E0U1ZYYkx5Wno5YjlVd0djbnJZ0gG0AUFVX3lxTE5fdzZmeWllTE8wWko1S3BMdXlMQjdneWljcDZMR21mUUNPbk1ybnVjU2dIR1JHamZyTWV3V0tpdWVPcFlnZkNkVThyM09DYXFSYWpwZWtFMHpOaFdYV1FtdnVTYkxSWE1ycHVySl9JMnhuWmRBdlZwd3h0dUREZmRPWjZMVnhwSGJMR2wxUzZRNkJSc3VQamRyWkNNX3hDUjVFOFhud0xPdms4QmowakRwQ0Jqdw?hl=en-US&gl=US&ceid=US%3Aen,Al Jazeera,14 hours ago,🇮🇱 Israel Drones,https://news.google.com/api/attachments/CC8iL0NnNWhNemQyT0ZOR1VsaGxTRFZRVFJEZ0F4aUFCU2dLTWdtaFVvWXd4U09EMWdB=-w200-h112-p-df-rw,2025-11-30T06:43:29.614315
"Israeli attack kills two children in Gaza, medics say",https://news.google.com/read/CBMipgFBVV95cUxNMkxpc1Q1S2ExQUl1cTg0eGxoSFJsdDA2dkxfc0lJMFV0Q1M3NDU5WXcwc2hZd0NYUV9HWDhwOGJTOG5CQzNXWkJZRm9uWUZBcDFRUjdfbkVhNUQ5cmJWdjBuSkt1a0dRSXJKclVPMExWODA3WEdWcFFnWFVvTnBjOTFWUTdyVEJORV9GZGp5QUx5QWdBWG5FTEI3RlJ3SEF5d2gxTVBR?hl=en-US&gl=US&ceid=US%3Aen,Reuters,18 hours ago,🇮🇱 Israel Drones,https://news.google.com/api/attachments/CC8iI0NnNVJkMDQ0VjNZMExYRnBkSEZVVFJERUF4aW1CU2dLTWdB=-w200-h112-p-df-rw,2025-11-30T06:43:29.614317
Israeli startups are reshaping emergency response,https://news.google.com/read/CBMiY0FVX3lxTE12clM2NHo1RzVjbUJBTDhTRjd3clZra0JQbEpTVkZpdjhQNUFSRllNTXV1Zm5GY3hUUWN4U3F6UzRKNFZzMmVNWkZsWlBvODZITjNpLWo2ZWZURWQ0dVg3MzRISQ?hl=en-US&gl=US&ceid=US%3Aen,The Jerusalem Post,12 hours ago,🇮🇱 Israel Drones,https://news.google.com/api/attachments/CC8iK0NnNXRUMXBuZDA5Q1NIQm1ZVGhzVFJDZkF4ampCU2dLTWdhZEVaeE1HUW8=-w200-h112-p-df-rw,2025-11-30T06:43:29.614320
Israel drone strike kills children in Gaza beyond ceasefire line,https://news.google.com/read/CBMipwFBVV95cUxPenhEWElTYzNhcWI3Q1NVMzRreVh3UU40bXdmbGF1cmlJNDdPN1Q1ek9qWWJ4MWxrTFFsWGhGdlBuNVdiSEdhTUx6M3lDdXJhNTNETG1lYmdMWEgyU2FFSkluOEpxRFkzWHlfTXFneWc0WWVFWmtlSTJWQmhwc1BzZS1lWnlCVVVFYmF4S0JQUEdFeHVFNG5wbVcwSVh2UnFTdTcxckpUQQ?hl=en-US&gl=US&ceid=US%3Aen,Tehran Times,17 hours ago,🇮🇱 Israel Drones,https://news.google.com/api/attachments/CC8iK0NnNDRRVWRDZUZaR1REbFVYMVZ6VFJERUF4aW1CU2dLTWdhQmdvaGt3Z00=-w200-h112-p-df-rw,2025-11-30T06:43:29.614322
Israeli fire kills 2 Palestinian children in the latest test of Gaza ceasefire,https://news.google.com/read/CBMiqAFBVV95cUxPaGdKUE9ocnRZRFNubDlIdmh4dnU1NGNESDFmekZyV1dNeHJrbUFxSTRnUi1kZVNINHVOTzkxenFldlBGa2NnR0taX1ViTHpoQ2VXajNBSnV3RkdRZW5FLXV5TF93WFlsUE02NzVJSWc4dFRZTFktTU04clFQTXJDU0tBZU1HVC04dlNkeGV4M1FramktMGYyNy1iVW1GRkdvQ2IzX1ZOVzLSAVZBVV95cUxNd09IN1pPczROVjhlQ1N5am91TF9NLWlNeGhSRFZqSFdVem9rNGJZQm5BSjVwUVBaNUIxTzFoa3pqcDlLN3NOaTZlR1F6WU9VV09mcjlfQQ?hl=en-US&gl=US&ceid=US%3Aen,NBC News,15 hours ago,🇮🇱 Israel Drones,https://news.google.com/api/attachments/CC8iK0NnNU5lRmxWYmxkV05GWnVZMVpvVFJERUF4aW1CU2dLTWdZUkE0aXJGUWM=-w200-h112-p-df-rw,2025-11-30T06:43:29.614323
US drone strike in Yemen kills two suspected Al-Qaeda terrorists,https://news.google.com/read/CBMiWkFVX3lxTE5ybVdyanAtel9nNlNnMUhmLTJhNFRaNTRqaTZsRWRfM3VMNVE0VUh4WnpVbENTRTE4NlhDdVkwdk9QNTlLUXJteThudTdBQXA0dFZzVDVISnMxQQ?hl=en-US&gl=US&ceid=US%3Aen,Israel National News,1 hour ago,🇮🇱 Israel Drones,https://news.google.com/api/attachments/CC8iJ0NnNTBWbmRmUzFOS2FTMXljRlJ5VFJDZkF4ampCU2dLTWdNQndBQQ=-w200-h112-p-df-rw,2025-11-30T06:43:29.614325
Two brothers killed in Israeli drone strike on Gaza,https://news.google.com/read/CBMikAFBVV95cUxQV3JvYVBWQVVrei14YTBOLU9IVm5jX2FDNVdydzl3SFNCSFI0dFRBZmpmQ0hLcldsUlU5WURDdFlZLWRYdW9Qd29vZnloeHlhb3Qyay1wR0FOOFBqYUxUUE5hdy0tc0FmRHdfRHNHeEEyQ2hxc2dRZlQxTEdkX1NxRF9ESUJ1WXFwX0tmWVZaOEw?hl=en-US&gl=US&ceid=US%3Aen,Sky News,12 hours ago,🇮🇱 Israel Drones,https://news.google.com/api/attachments/CC8iL0NnNWhNV1JGV0VWc2JYbHNTM1JRVFJDZkF4ampCU2dLTWdrVlU0WXpuU21pRWdF=-w200-h112-p-df-rw,2025-11-30T06:43:29.614327
Israeli drone strike kills two boys in Gaza: family | Hindustan Times,https://news.google.com/read/CBMivgFBVV95cUxPWDR3T2JfV1BxcElSck9rSDdtaWdCTXgzYUM5OXZYMjNoWWtwTHhfbnZSb1V1Z3lhQUtnem1hZERnMHpIWW03d05SUS1qUjdMRE5IcExlTUdIdC0tYzRqNkRZOHQ4TlJpeUlIdjhIcE5zQnFoVTc4eExKb2k4MnlsMmQyQUh2ZEg1eFNyZFl4ZE1sbFQ3Z2V4T1pJWlFnWEdkYjd2QjRnWU5ZVkthVlNNSzBUVWlRRkZ4Sm9pQXFB0gHDAUFVX3lxTE1OeXlPTWFEWGhINHJvVmhGU0VweFl1dGlFangxZGxQUEE0LUpubWM4bFg5OHlFaGk0TUZLT05rSS0xcDVmTXVrck15bnh5b3RHdmlGUGpWX1g2RVRPdkRnT0Y4SHNzQU5wUmZfWGpSZlo3cXRLTTJFQU01SDBCNEQ3cUxhLTVnNFN0TjJCVzQySkxsT2k5NXVyOVVwUmtrdVNRb1JYZWtUd3JFMFNfZjREQndjdnpBUVlFZXA4RFgtcnJkTQ?hl=en-US&gl=US&ceid=US%3Aen,Hindustan Times,10 hours ago,🇮🇱 Israel Drones,https://news.google.com/api/attachments/CC8iL0NnNVdiVGR2ZWpaNGRXSnNVamx0VFJDZ0F4amhCU2dLTWdtVkVvUnNrV0pGMVFB=-w200-h112-p-df-rw,2025-11-30T06:43:29.614329
Kim vows to upgrade outdated North Korean air force with new ‘strategic’ assets,https://news.google.com/read/CBMiR0FVX3lxTE5sVWRZMmRUeEs3SWpYUjEta0VsT3lfeUJZdkRMbmplM2NiVHJ0WWJBMlY1U2piOW9pLWNISExIRTE5blFzb2cw?hl=en-US&gl=US&ceid=US%3Aen,NK News,2 hours ago,🇰🇵 DPRK Drones,https://news.google.com/api/attachments/CC8iL0NnNVFZekEzWVdwUGJtUmxWa0kxVFJDVkF4ajFCU2dLTWdrQk1JSWpIYVdnRmdF=-w200-h112-p-df-rw,2025-11-30T06:43:29.614331
Kim Jong Un touts air force’s nuclear deterrent role,https://news.google.com/read/CBMiX0FVX3lxTE54Nm5nYVVQc2s2LS00SEZZaG5OQmdPMVpmZEFnbURMcVliNWlRQTlSYjFWWWQ0YzRFa3ZhZHFxY3hGbnVqbHllZTAyN3Z4WDFJdjZVMzFfcDBpUkJhdmVJ?hl=en-US&gl=US&ceid=US%3Aen,The Jerusalem Post,23 minutes ago,🇰🇵 DPRK Drones,https://news.google.com/api/attachments/CC8iK0NnNDFWWEpsYWpsVVh6ZFliMFJSVFJDZkF4ampCU2dLTWdhTmRZVE1xUWM=-w200-h112-p-df-rw,2025-11-30T06:43:29.614333
Kim Jong-un Assigns New Strategic Assets to North Korean Air Force,https://news.google.com/read/CBMijAFBVV95cUxNTXE3RWpRTkduZW90V05LOXFxZlNJZkEzX01mMER0bTkxT0R1YlhSdWxqUXhKcEN0bVNvZzgzbko3XzBBd2FPNjlTU1BlWXU5S3lCNjBfMWs2Q1E0RDJGaDZxZTVOcXdVWmNzZjFyajFJTVpGVGR3MHlSTm84VEhrTzRVNGNrbDAwbTFjYg?hl=en-US&gl=US&ceid=US%3Aen,조선일보,27 minutes ago,🇰🇵 DPRK Drones,https://news.google.com/api/attachments/CC8iK0NnNUJaMEoxTURSWE9DMUdXVkZQVFJDTUF4am9CQ2dLTWdZQmNKRE10UVk=-w200-h112-p-df-rw,2025-11-30T06:43:29.614334
Kim Jong Un Instills Strategic Emphasis on North Korea's Air Force in Anniversary Celebration,https://news.google.com/read/CBMi5gFBVV95cUxONGc0ZWswT2IyVVEzUkZTUGhJTDhVQllFZmZjSnhhQnQyQjBySEhVTGlMTGZxRWhKV0lYWTJCTWxUYjZwU1R3c1hhQ2piZmVGRlJBb2tOTFRtMHF5UXNETzZZZVpJU25jbHozcTVzejVudTcyNVJmMkJxUWZMOFktUTRSNUxxaUhUS3pTcjBBQ0xhZU5mcnh2TlpHZXFTelNsZ3JNTE51TE4zTFBfek5YRzFMcUM3VVRuS282RVczUklZZkg4ZmJLNGVjTDlxUnQ0UzY0M1MyZ0dVUFN6WDE2QktOWjRkZw?hl=en-US&gl=US&ceid=US%3Aen,Devdiscourse,8 hours ago,🇰🇵 DPRK Drones,"https://encrypted-tbn1.gstatic.com/faviconV2?url=https://www.devdiscourse.com&client=NEWS_360&size=96&type=FAVICON&fallback_opts=TYPE,SIZE,URL",2025-11-30T06:43:29.614336
"North Korean State Councilor Kim Jong-un said, ""Our air force will be imposed with new strategic mil..",https://news.google.com/read/CBMiU0FVX3lxTE9SaU9mOG91TmJWZnNNNVNKYldOc1MyLXVXU1cxZ0ZZWDlUcER2NkV4VE1UZkN6SlA3Q2dFajFzSUNibEpLXzNsTkZoaFhNdWJWbGVZ?hl=en-US&gl=US&ceid=US%3Aen,매일경제,5 hours ago,🇰🇵 DPRK Drones,https://news.google.com/api/attachments/CC8iK0NnNUVhbXR4U25FeVlYcFZXa1ozVFJEQkF4aXFCU2dLTWdZRk1vWXVUUU0=-w200-h112-p-df-rw,2025-11-30T06:43:29.614338
North Korea Uses Banned NVIDIA GPUs to Boost Crypto Theft,https://news.google.com/read/CBMihAFBVV95cUxNMmNJLTg0djkyY18xR2sxdUUxWmFDNnRGem5aZkl1U0x3czVoNDBrTGg0eEplanpNOXhLLXgzR3VVdHNhVTdWV2xJY3RqUFgwU1hUazlxWGcyVEx6aDhmb1l0X2x4c3ZkZ19vdUhFa01HWlZ4NHNaUm83bWdiQWtEdjJFTUk?hl=en-US&gl=US&ceid=US%3Aen,조선일보,39 minutes ago,🇰🇵 DPRK Drones,https://news.google.com/api/attachments/CC8iK0NnNXRSVWM0ZVdwVFlrdFRjelJQVFJDX0F4am9CQ2dLTWdhaGRaTE5MUWM=-w200-h112-p-df-rw,2025-11-30T06:43:29.614340
"Startups with great aspirations to create a ""framework of Korean physical artificial intelligence (A..",https://news.google.com/read/CBMiS0FVX3lxTE03UG1Ld3NUVlRvQnlKYzMzSE0zQmVVZFphRFdpTE43ZlNadVNPMjVpRmw4S081dHA1SHIyZFU2SU84cjYtWXRNUzNsSQ?hl=en-US&gl=US&ceid=US%3Aen,매일경제,4 hours ago,🇰🇵 DPRK Drones,https://news.google.com/api/attachments/CC8iK0NnNHdTR1JhTFdsWUxYcEhTbWhGVFJDbUJSakVBeWdLTWdZZFJwWUxIZ2s=-w200-h112-p-df-rw,2025-11-30T06:43:29.614341
Social Media Spat: Congress Leaders Clash Over MLA's Legal Trouble,https://news.google.com/read/CBMivwFBVV95cUxPbGNaZGlYSDR3UW9qUjRYQUZKNTJSNjkyTFhBY3g3SXBxbVVzSzlYdzI3VzZsX25uYV96YndHWW9YVnhtZDN5R2lLUHFqR1ZndTJjSWVYTG5wWFVwNTFJblZzVXBGWXBYQnZxQ081QkdVdlRFcTJjRWdRQ0dlQWRsWEtBbkZQNWNmOXctNXYycVM0MkJxYVJULUpQUnNScy1uUlFZcHBrZzVXWnR6SG52Q0dOd21BcXJVOGJ5LVNMTdIBvwFBVV95cUxPbGNaZGlYSDR3UW9qUjRYQUZKNTJSNjkyTFhBY3g3SXBxbVVzSzlYdzI3VzZsX25uYV96YndHWW9YVnhtZDN5R2lLUHFqR1ZndTJjSWVYTG5wWFVwNTFJblZzVXBGWXBYQnZxQ081QkdVdlRFcTJjRWdRQ0dlQWRsWEtBbkZQNWNmOXctNXYycVM0MkJxYVJULUpQUnNScy1uUlFZcHBrZzVXWnR6SG52Q0dOd21BcXJVOGJ5LVNMTQ?hl=en-US&gl=US&ceid=US%3Aen,Devdiscourse,3 hours ago,🇰🇵 DPRK Drones,https://news.google.com/api/attachments/CC8iJ0NnNXJNM2xGVG5Wb1ZHSmpTMVF5VFJERUF4aW5CU2dLTWdPVlVnQQ=-w200-h112-p-df-rw,2025-11-30T06:43:29.614343
North Korea Highlights Air Force’s Expanding Role in Nuclear Deterrence,https://news.google.com/read/CBMiowFBVV95cUxPYmxCeTVycWdHeDFEcVNqTFR6bHZMeTVQc29QX3hfbWQ3aHBxMWRhdzZJNFB2UFZDcHpIemx6R2Q5bDJpVlpOY3U5dHpPYnQ3aUlPQ2MtTUxzY3NGc01wZlZHdUcwZEdzR0xjZG1zNU1PRGFqNGx4ZF9XQ0JVT3M0dWN4M0xHcWxkQVRJTDZpam4wTWdFM0lhQkFNVFpiZ2xOX09J?hl=en-US&gl=US&ceid=US%3Aen,EconoTimes,6 hours ago,🇰🇵 DPRK Drones,https://news.google.com/api/attachments/CC8iK0NnNU1NRkp3WldjeGQzUXRNemx2VFJDekF4akJCU2dLTWdZaFZZck1wUWc=-w200-h112-p-df-rw,2025-11-30T06:43:29.614345
Dramatic footage: Turkey shows Ukraine’s ‘Sea Baby’ drones hitting Russian shadow fleet tankers,https://news.google.com/read/CBMiVkFVX3lxTFB3VlpxUmpDX1VrLW11U25UQzJ4VXRBU1F1MUg1d3JmT0VYNmVaSjBRSU1Td3lCRW9iQ0lSU2d6U1FvckRyNV95WjVyYkg5NTRlem8yT1pn?hl=en-US&gl=US&ceid=US%3Aen,Ynetnews,13 hours ago,🇹🇷 Turkey Drones,https://news.google.com/api/attachments/CC8iJ0NnNXpWR0UyTVc5UGVDMTFhSHAxVFJDVUFoanFBeWdLTWdPRllRbw=-w200-h112-p-df-rw,2025-11-30T06:43:29.614347
"Turkish official says Black Sea tankers may have been hit by mines, missiles or drones",https://news.google.com/read/CBMirwFBVV95cUxPeUllbnVNMVNuSlZlYlF0ZjlzaV9Sai1LY2p2UzNFajdXUWRKRm1mVUp4ZWRseGZUeHd4Tlo0TUVteUFtdGw5aXZSZ3VaMEFSQzV2VzVqM0Z6X0FRblVneEFkOTRvbFB1X3c2N0lhbjR3X3V1dEJmMloybURjVmxselUwajBYV0lvUWpkMFg5WFhmMEpmeGxsZzUtRkNZcmtlWmlLaDBsT0tWakM0S2RF0gG0AUFVX3lxTE1CcFllRThxR2dXaVRZZTcxczZMSUZ5cmhPSTVaZEFOUkpkLS02UU41czQwc1VjZ044WVJUMnBVVzdsLUhPcHNabV96bzlCQWpDYXZtWFlOVWk0ZTFtdkpFeEJYZDRVTXdaWEZucHRfcTVMR3l5U1VtX2k1QTJyNTVVWGJlU29DN0hsRE9YMmtERDVnUzFvS29McWdQUF9VaU9SallqS2lFNWcyMFVxelZkVDlUWg?hl=en-US&gl=US&ceid=US%3Aen,ABC News,21 hours ago,🇹🇷 Turkey Drones,https://news.google.com/api/attachments/CC8iK0NnNDViekJMUVZReVJVWktWRlZ1VFJDZkF4ampCU2dLTWdZUllaYkxNQWc=-w200-h112-p-df-rw,2025-11-30T06:43:29.614349
Turkey investigates suspected drone strikes on sanctioned Russian-linked tankers in Black Sea,https://news.google.com/read/CBMi3AFBVV95cUxQbnV3WDRoemFBSkpiTWFXcGRIMXViS2ZOVHgyOEU0RXMzZ2tCLUNJVXJ2WkU5Ti12aDhwY0VUMlVtQ0dhcXZXdWFHeUp6WUd2VXZRbkZ3aVNaVkVQMEEwWmdMaFlCQ1RXbXZKOWlsMnVKcFdVMFl4VnBubXlkS210SGtDR3dyclRnVWV4c3U3Vk1MbDR6NzNibFBWMEotMnJGUC14VmMtZHRHR3BremlBbUFXS0tMSFNtaEtaSTFnRVlhY0xZdU05OFJkSjhXUGhXZUxfLS1OWVZ3NWkt0gHqAUFVX3lxTFB1MS1FOW9fRUtwVHdqR0Fsa0o0VTFsbnV6VUZxNXZJNm9WS1hKMUN0aTljY2c5YUgxSHY2bVAyaW45X1RxQkV5X1R5TTYzSk1FcXdGTVdBY05rV3VydlVDVDVEU1VBQUs0WkJTdDdLUDlVUzlrMTQzV3kyTHBCRnhYcTV2V1NYNVBhcnhGb1dldVprYURJU3ZRU1ZBRThjNjJHazRUQjlIQWlxWjRvN0ZOZEYtanNOYl9XNGV4aTdDUG9EOEJmOGxqREF5TUlfUGRXVUtNRzVZSFU3S2x6S2FBUGxkc0M1d2YxZw?hl=en-US&gl=US&ceid=US%3Aen,The New Indian Express,15 hours ago,🇹🇷 Turkey Drones,https://news.google.com/api/attachments/CC8iK0NnNW9jRUZEUmpaUFlVaGtORGQzVFJDZ0F4amlCU2dLTWdhQnNwQXlOUVk=-w200-h112-p-df-rw,2025-11-30T06:43:29.614350
Baykar’s KIZILELMA achieves virtual F-16 strike in major test of Turkish unmanned fighter,https://news.google.com/read/CBMiuAFBVV95cUxNZjJGWGJmNDBMZ0U0T291LUtEVnVwdVh0WlEzWGNJbkpSYjFQLW5HXzhneEFqeXdYbENoOGQyeDdMSFFsNWF5SUR6SzUxcDdVRFV6V3AwZ21mTGFWdlVvUzcxVmppWnlsNTdxVlN4SGVJTDZsbUpMQjNhTmJmWW5ETng3ZnZ5X2dUejUwcjRrZnlZOTg3U0IxYTlpa3lGUElmU0xyd2pTTXVtVllZejBHN0ZDbnc5VWF4?hl=en-US&gl=US&ceid=US%3Aen,Defence Industry Europe,9 hours ago,🇹🇷 Turkey Drones,https://news.google.com/api/attachments/CC8iK0NnNXBRVmRaTFdaRE1XSTFiVTh3VFJDZkF4ampCU2dLTWdhWkpaQUtsZ1U=-w200-h112-p-df-rw,2025-11-30T06:43:29.614352
Ukraine says it attacked Russian shadow fleet tankers near Turkey,https://news.google.com/read/CBMiuAFBVV95cUxOLWU0YnJEcFNHM1VfMzRoWDZVMWYxak1GVXdodERQNXhTYndmcGE1emt1aGtfY2NNUXZzMG4xNGVodWtzNzY2bFloVjRnS1pnUUJJRndYSHVma1ZELWJtVkFXRy13cW13a2xjX1JtdEprMEJ3N2lhbHhlWDdCWHlScVFDY2czUm9OOEpBWXJNSTBxb0JNcnFaWXpJeEtXTVlHdlBDaHdmenJsLUtFVmJoWFdQZlBydUVB?hl=en-US&gl=US&ceid=US%3Aen,TVP World,17 hours ago,🇹🇷 Turkey Drones,https://news.google.com/api/attachments/CC8iK0NnNTFXRXhFYWxGUWRFSlZPVGxZVFJDZkF4ampCU2dLTWdZQmdvekd0UVk=-w200-h112-p-df-rw,2025-11-30T06:43:29.614354
World’s largest drone delivery service gets $150M U.S. backing to boost healthcare in 5 African nations,https://news.google.com/read/CBMi2AFBVV95cUxNTk0td1BVMlNVb2FrQUtRNlFsaUhDMGJMeGZta0xYZld1aFNJNUhwOTBKWEQ5THRqS21qdzRzcGRHNExqSUhPOFJURmZiODZrSEFsRVl6TEJtNEVTWVhsVTNNcEdjVWJaaVUwa24tUTZTdzh1cEtPMGxnMm8yV3ZWR0RtaTJmWHRLQU1fZWpUYmJRNzRJNV9UVF9zUTNnMVNDaVRqQmkwbjFzZ3NvZW5fYzBqZldNSkpHTGpFX29kcTc2RlZsNUdBNk5NMWlLWTJHMXY3YlBNUGc?hl=en-US&gl=US&ceid=US%3Aen,Business Insider Africa,39 minutes ago,🤖 Autonomous Drones,https://news.google.com/api/attachments/CC8iK0NnNXRXRVZDWldORloyWlBiMnQzVFJDc0FSalpBaWdLTWdZUk1JVE5IUW8=-w200-h112-p-df-rw,2025-11-30T06:43:29.614356
IonQ (IONQ) Is Up 18.2% After Defense Drone Partnership With Heven AeroTech – Has the Bull Case Changed?,https://news.google.com/read/CBMivgFBVV95cUxQVmRlQjJKYkJzQm1Sb3JrMUprU2MzTkN3N1BySjEteUduQ2Y5NGhVRlpsRTk0blY3YTJzYVk4MElQaHkwTkxkMkZha2gzc3E1X0VkSUdrLU9VTTlpN1VNUjM3UzBjWFJCMkVFN1BvakJPVHp3ajZaLU96b1NQTlRGaUpUU1Jhd2h4UkpDQ2ZtUXNtdE9WRjh1SVZPVEI3ZHY0SGVwQVdZRWkweVRxdFpyNVZ0eHF3c0tTRUM0clJ30gG-AUFVX3lxTFBWZGVCMkpiQnNCbVJvcmsxSmtTYzNOQ3c3UHJKMS15R25DZjk0aFVGWmxFOTRuVjdhMnNhWTgwSVBoeTBOTGQyRmFraDNzcTVfRWRJR2stT1VNOWk3VU1SMzdTMGNYUkIyRUU3UG9qQk9UendqNlotT3pvU1BOVEZpSlRTUmF3aHhSSkNDZm1Rc210T1ZGOHVJVk9UQjdkdjRIZXBBV1lFaTB5VHF0WnI1VnR4cXdzS1NFQzRyUnc?hl=en-US&gl=US&ceid=US%3Aen,simplywall.st,7 hours ago,🤖 Autonomous Drones,https://news.google.com/api/attachments/CC8iK0NnNVNSalI1TVRjM2RsTjZRME5XVFJETkFoaVpCeWdLTWdZaE00S3VTUU0=-w200-h112-p-df-rw,2025-11-30T06:43:29.614358
Indrajaal Ranger: Meet the AI-driven anti-drone patrol vehicle,https://news.google.com/read/CBMirwFBVV95cUxPY1hMRkNaaU1OUEJiVm9jRXFHWkNpcXdQQW5yOGJmYTJkMjU5UEVOT211cHR4a0otWHNUOC1VbnAzTU5DZk1za2xNZXRhQW9NOEl4aXhhRmR4ZUsyV0F4RlcyVHB5V1JFaElZcVZ3X01VckpnY2NIV1V2OGtkTlFGMTlWbUtTeXY1WjNRV0prRmg4a3kwQUIteW5ycVRwTXBpZFN1bDZJSlNVOFVTR1hj?hl=en-US&gl=US&ceid=US%3Aen,MSN,9 hours ago,🤖 Autonomous Drones,https://news.google.com/api/attachments/CC8iK0NnNXhSRzFETUY5Q1QyTkVZWEpyVFJDSEF4alhCQ2dLTWdhTmdwQlR1UVk=-w200-h112-p-df-rw,2025-11-30T06:43:29.614359
Indrajaal Ranger: Made in India modified Anti-drone 4x4,https://news.google.com/read/CBMisAFBVV95cUxPMElmeDZhZ2hUbVE1bmdRb3NCUlJlY0VtRnBZeVg0Ti1McHd5bGxtSDU4b211YU92SlBhMHpwenp1eW15UENsN1NiU21jWnJZUjlBOUtfdmdqYXY5cWFDUHl6V2llcXc2VUJaM0NwWGowenB2bmUzWGt6RW1iX1prZE5ReGxWRFFVRGxQbDRCMHhMdkNGUEN3UTZJV3M1VlcwSWoxSkRndHVwVVV6ZE5ncA?hl=en-US&gl=US&ceid=US%3Aen,Team-BHP,1 hour ago,🤖 Autonomous Drones,https://news.google.com/api/attachments/CC8iK0NnNTZaV3hUWjJnNExYaHdXa2gzVFJESUFSajhBU2dCTWdZUmNwSXdMUWM=-w200-h112-p-df-rw,2025-11-30T06:43:29.614361
Welsh Blood Service welcomes 'Dragon's Heart' drone initiative to transform medical transport across Wales,https://news.google.com/read/CBMi3gFBVV95cUxPTXNfNks1Wmd4VHVjclFqd0g5TmdUM1VFdGFYSUxRbzVjeWFEUE1uMndwYzIzbTZ0d2dVZ0owRnNvTDlxSWZVUldaeVpncE1yOVZrYWNhRVJPZzl5Rm44VE55TFZTT3F4QjhzTDVPV1QwakoxM0hadFQ4c0JlS0Qzeng1MlRVeFlVZmFtTlI4dEFpUGxUSWY2SUctNDJuX01EMjFOeDdSNHg5R0U0cGNmZUp5dHpLZGlKZkQ5TWE2NGF2QmhXSmhiazdsclpTWGt2c21kTWMwckdYVG12ZlE?hl=en-US&gl=US&ceid=US%3Aen,Herald.Wales,16 hours ago,🤖 Autonomous Drones,https://news.google.com/api/attachments/CC8iK0NnNXhSMFpyYkVsUFpERlZjV0pKVFJDZkF4amlCU2dLTWdZWkFZcnF0UVk=-w200-h112-p-df-rw,2025-11-30T06:43:29.614363
Why some trains now use drone monitoring for safety,https://news.google.com/read/CBMinAFBVV95cUxPZEJ2dlZkUVFBM29CbVRjR0Z0Y2FjdUxkQU5XUnI3RlNwWmxadGUydFpKSnlxeXFPV0xvNXdMcFZsT0lJU1BIVVM1UzhycXhDRWw5dE9sbDRhT283Ym94UTBLUEVhVDkydlVoRDhzcEFmZGk3SXZjR05VSXR1NktLV3doMDFEQ0VoelFMbEdWZ2FGdkJyTklZOUM2TW8?hl=en-US&gl=US&ceid=US%3Aen,WION,21 hours ago,🤖 Autonomous Drones,https://news.google.com/api/attachments/CC8iK0NnNXdhVlJxTFROT2JHaFZMWGs1VFJEZ0F4aUFCU2dLTWdZTllJaklLUWM=-w200-h112-p-df-rw,2025-11-30T06:43:29.614365
AI-Driven Drones: A New Frontier in Ukrainian Warfare,https://news.google.com/read/CBMivgFBVV95cUxPczd4QXNHOVFEaHlXcmZBX1dvWHAzSG9lM0VNT0lwUlRxaXM0X2h6QkFnNkhrUE9VM29HU2xSYmpoSzBpZjg0RnR4aEY0dVFXQnZWUWExd25za25BVmw1MV9XX0hSTXdwcktzay0wdGVJRUw3N0pCeWZDRlF1XzEyWDVnOGJqbXQwbndxVklHSmFHUnJuMzhDUk5Mb2lUb21lOXRyOEdWUmFmQjdrV2RLUWJfV0dZOTdFaTBCNVhB0gG-AUFVX3lxTE9zN3hBc0c5UURoeVdyZkFfV29YcDNIb2UzRU1PSXBSVHFpczRfaHpCQWc2SGtQT1Uzb0dTbFJiamhLMGlmODRGdHhoRjR1UVdCdlZRYTF3bnNrbkFWbDUxX1dfSFJNd3ByS3NrLTB0ZUlFTDc3SkJ5ZkNGUXVfMTJYNWc4YmptdDBud3FWSUdKYUdScm4zOENSTkxvaVRvbWU5dHI4R1ZSYWZCN2tXZEtRYl9XR1k5N0VpMEI1WEE?hl=en-US&gl=US&ceid=US%3Aen,Devdiscourse,23 hours ago,🤖 Autonomous Drones,https://news.google.com/api/attachments/CC8iK0NnNWFXRGxvVFhSQ1dWaFBOa290VFJDcUJCaXFCQ2dLTWdZQllJYTJNQVk=-w200-h112-p-df-rw,2025-11-30T06:43:29.614367
High-Stakes Underwater Drone Fight Underway : Seabed Cable Defense Systems,https://news.google.com/read/CBMihAFBVV95cUxPdEJ2V1BfWGk4S0R3WHltd1pOM2tFQWtyZEI3cUJTWGQ4X0VpdTJiZTM0UU0zWnJMcWhXNkdDWW9odmdPSnhob2M3U1ZCdFFza2lpODd2aWlaZlFxQ25VaTZGbFhqMFhuMDRIa2VnbzNWSHAzc3loQ3B5ZE5BTkdOMkMtYVo?hl=en-US&gl=US&ceid=US%3Aen,Geeky Gadgets,21 hours ago,🤖 Autonomous Drones,https://news.google.com/api/attachments/CC8iK0NnNUxTRWxsYlZaTmNtd3habnBzVFJDbUF4aldCU2dLTWdhSmc1Q0Z0UVU=-w200-h112-p-df-rw,2025-11-30T06:43:29.614369
Ukraine’s Oil Strikes on Russia Transform Modern Economic Warfare,https://news.google.com/read/CBMijAFBVV95cUxNUlhDNGNRYVNKZUNsU001aUo4VUNBcFdhLXFMblM0SF9BclBqOEhQVTNidUN1Q1Q4SUVHS1d0QmVEQUlzdUF4dGJkbXlLR19vcEJpRW54Y1dSTHkzTVJNVTlwZjVOWFd3eHZfU192OUcxZlY5WXFlWlF5RW8yS1F4VnY2OWY4ZW9KSWJZQw?hl=en-US&gl=US&ceid=US%3Aen,Discovery Alert,12 hours ago,🤖 Autonomous Drones,https://news.google.com/api/attachments/CC8iL0NnNHlUMDVmVlZRek1VdHlNbmd0VFJDZUF4amxCU2dLTWdrQk1JYXZuQ2RVRVFF=-w200-h112-p-df-rw,2025-11-30T06:43:29.614370
Assam Rifles conducts UAS workshop in Nagaland,https://news.google.com/read/CBMif0FVX3lxTE15ZEdIUVdLaHpBOGwtYUgwTURfdkJTTWNLZGRfUFZ2dTJrcHE0cEkxTnhqVVBlRW5Oc2c0QkhEX2E3ZXgzVVB2QzEwdDJySVc2R2lGcjNWcUhwaVVFbl9JOFhFME5icWJKSnh3RmFlTmlJNUlNT0wtS2xWR2d4S2c?hl=en-US&gl=US&ceid=US%3Aen,Brighter Kashmir,9 hours ago,🤖 Autonomous Drones,https://news.google.com/api/attachments/CC8iK0NnNU5iRWxmYldFNWVYVjFaMXBWVFJERUF4aW1CU2dLTWdZQmNJaXp1QVE=-w200-h112-p-df-rw,2025-11-30T06:43:29.614372
"Flock’s drones are a new tool providing fast, flexible visibility for security",https://news.google.com/read/CBMiywFBVV95cUxPSmQwMUdMaU9sb0hVZUhpYlMxV19OaTZkbWRnRWhOalB0QkJ2QzJ6WW9GWmg0WkhMRkJkdjBUX1lSc1ZfN2JEUlFQUWdnbHZjdm5PYjBrVHU0am5TRFZibFQ3QThUaXNNYndsVjlMZ3lUd3NfMTltUE1uS2tkdVhiM1ZqMV9DUldhanB0S09RLTI2TmFueFJaWDRRYkxqS1NQUEpVVlEyTnFjeE1NSDNyZVhjX3VLUllwSkg3ZHlyOTdtN0N2TmZpNzV3VQ?hl=en-US&gl=US&ceid=US%3Aen,SourceSecurity.com,16 hours ago,🤖 AI Drones,https://news.google.com/api/attachments/CC8iK0NnNHRhMW94VUV4U1ZWTnRPWGRSVFJDbEF4allCU2dLTWdZZFZwZ3JKZ2s=-w200-h112-p-df-rw,2025-11-30T06:43:29.614374
This Made-In-India Toyota Hilux Will Shoot Down Drones Using AI,https://news.google.com/read/CBMihwFBVV95cUxPdDVnMkVqOHFiQURyRFBaeWJCZWVHVEdSeFZDZzRNc0FOSE1PUlZrdlhIeVB5RUExbW9UV1J5WnU2Y3E4T3lVVDBsVHZMRjlfX19RYUlKbG9yZ1I0Qm1xNGo2TVRrdE5qcF9FSXIzOElqNjNyWHFGZmZxMjBmUmxOTGJGUk9IZHc?hl=en-US&gl=US&ceid=US%3Aen,Cartoq,13 hours ago,🤖 AI Drones,https://news.google.com/api/attachments/CC8iL0NnNVlkbk5YTldKMGEwMUxWRU16VFJDR0FoajBBeWdLTWdrTlVvREhYR0ZyekFF=-w200-h112-p-df-rw,2025-11-30T06:43:29.614376
Saildrone and Palantir Forge Partnership to Enhance AI-Driven Maritime Intelligence,https://news.google.com/read/CBMitAFBVV95cUxPQVpYTzBSaUVqYndvRFREbzhKTXJCWTVtZmw3aHJndWlac0l1ME05QlhfS1R0UV9MZE5Mbm5rb0ZyNEZIaUpBSmM0eE5KMFo5azhPdHNJU2YzNXMxQXlvR3ViX1hmNzlBRHVuTTVQbVhPN1RudC13bWtJMkwzT0RwQ3g4SldDbjFzV1NvQmFtRzY5LXZWbUZpRXFlYUNSS3h5bFBIN2Y0a2V6YTFMa2JFekRKNHU?hl=en-US&gl=US&ceid=US%3Aen,Maritime Fairtrade,22 hours ago,🤖 AI Drones,https://news.google.com/api/attachments/CC8iK0NnNUxSVE5TVVd0c1MwSTVSekpzVFJDcEFSaXNBaWdLTWdhZGc0eU1SUVU=-w200-h112-p-df-rw,2025-11-30T06:43:29.614378
🇷🇺🇺🇦 UKRAINE’S DRONE SWARM TORPEDOED 2 RUSSIAN “SHADOW FLEET” OIL TANKERS - PUTIN’S DIRTY OIL EMPIRE IS LITERALLY SINKING Kairos and Virat - Gambian-flagged ghosts built to dodge sanctions and haul billions in Kremlin crude to,https://news.google.com/read/CBMiYkFVX3lxTE1QNEFENXA4eWRsVGdhaHROYnFRZlVkRUEybkFEYnM1a3FrMWRUaWRjYnlLZmJQR19NclFndVFILW1uM05MbnVQZlpRQTg1UFFEdmN2RzZnN2tDNDlEV1lHUW5R?hl=en-US&gl=US&ceid=US%3Aen,x.com,10 hours ago,🐝 Drone Swarms,"https://encrypted-tbn0.gstatic.com/faviconV2?url=https://x.com&client=NEWS_360&size=96&type=FAVICON&fallback_opts=TYPE,SIZE,URL",2025-11-30T06:43:29.614380
Auterion says Rheinmetall stake to boost drone software group's growth,https://news.google.com/read/CBMiwgFBVV95cUxNbTJXTTlrSXJBUl9Qb1lKM1Fsc3JhRjhnQW9WNnJYZEpDajYxWjNVQ2hRN0E3aVpPbjRvWmhwNWZmWXlzSHY4akxFS21BaW01QlEtUy0zTEZ0cG5saWFneEoxUkhjd1dNUEZJTDN2ZzMyX0VBNVVfSHRVdUVoZ0xFSGMwX3RoaWFSTEFvZmtrQTE2aXFNYVdKTkJVck13aVU3d2ViNFBhd2FCX2U5eW9nSXhuNnZ3ZEx1TVlqcmliaFQ3UQ?hl=en-US&gl=US&ceid=US%3Aen,MSN,3 hours ago,🐝 Drone Swarms,https://news.google.com/api/attachments/CC8iI0NnNTZjekJCV1ZjeFVGWktUREpqVFJERUF4aW1CU2dLTWdB=-w200-h112-p-df-rw,2025-11-30T06:43:29.614381
Spectacular Christmas drone show to illuminate the sky,https://news.google.com/read/CBMiqAFBVV95cUxNd09ZYVFIaEh1eWNEeHV4VWpVdklwaU9WTVZOSl9JaUtPU1N3N3V5dU5sczJKdG5ZS25BU0RqRTc1b0pNLXJFVDE4MmlFYjR1Tk1NbDRTR0ZXTUk4R2JHOGo3RXRiV0V4YS1GRHNBUjZVLXpwX3pnODFzakFJaWRQZGZfcTBzS1J1R3ZGejF0RjZmcXhab1k2UHREdGRYY1VlZnppZDVMVDU?hl=en-US&gl=US&ceid=US%3Aen,Kent Online,1 hour ago,🐝 Drone Swarms,https://news.google.com/api/attachments/CC8iJ0NnNUVUV2xDVG5OS1duTk5XQzFaVFJDWEF4anhCU2dLTWdPWlF3dw=-w200-h112-p-df-rw,2025-11-30T06:43:29.614383
Drones: An Ally In The Sky To Help Save Elephants,https://news.google.com/read/CBMikgFBVV95cUxOTktxRERJVEdKRFFPalI1V3M1cklYbExHd19LTUNjd2V4dXJQVXQyNTRfcGZaV01DZGtDckhqSDZUN180dm90UEtiVzR5d1JHblB2cVBiSjR2X0txT3RPSU53eFdUVnNHUFFYcUZLQkVaVkw0dGNFTC1VMDNwdHZ1Qm1KMTlwUE9ZZ0pobkpGc0lhZw?hl=en-US&gl=US&ceid=US%3Aen,Eurasia Review,7 hours ago,🐝 Drone Swarms,https://news.google.com/api/attachments/CC8iL0NnNHpTV1JwU2xoaVZrcHFYM1pUVFJDZEF4am5CU2dLTWdtUk00eFJ5ZVNoeHdJ=-w200-h112-p-df-rw,2025-11-30T06:43:29.614385
China’s New J-20S Stealth Fighter Can Be Summed Up in One Word,https://news.google.com/read/CBMinwFBVV95cUxOZG8wMXV0aktXZ1N2c2ZfQmFMVWlvd0xpd3ZvajBUbEZhVzNpSTAxNG5XaHlfSFdhWE9MVWsxb01CMlpCdHJCMnZwODVVaGROUENSVkdPUEdLcnRiSlgwaG9tOHBXMzlzZzZwWDJhYmFBUm1TSWRtRjZJd0xkWUFfc1h5b2JGbDdMa1FQZkkxM2pkeVZ1Zmw3Q1JLTk4wUDA?hl=en-US&gl=US&ceid=US%3Aen,19FortyFive,5 hours ago,🐝 Drone Swarms,https://news.google.com/api/attachments/CC8iK0NnNTRUbmhNVVhCNlNrdG9kelJUVFJDZkF4ampCU2dLTWdhZEpJak1LUVU=-w200-h112-p-df-rw,2025-11-30T06:43:29.614387
Unidentified Drones Spark Security Scare At Dutch Air Base,https://news.google.com/read/CBMilwFBVV95cUxQeWRfUWdzNEZKdzlLcWdxTU8xc1d0d21rRmoya2dLQXNHbDlhVnVXUkhhZ1NWNTRvbDBQM1JXeWN0YWtDMERIYVVEQXFDU0h1dHFObEVydGhhYmYwT2d4SnhyVEVVbXliaEJLcTNvc3lnU05PRVpYZEtFbDZpaHdWSklQcGZCSDNwMkJ1dzMyeFcwNVdSdlYw?hl=en-US&gl=US&ceid=US%3Aen,Evrim Ağacı,15 hours ago,🐝 Drone Swarms,https://news.google.com/api/attachments/CC8iK0NnNWliMGxuVWxsMWMzVkNRamhsVFJDbEFSaXNBaWdCTWdhSkE1Q09FUXM=-w200-h112-p-df-rw,2025-11-30T06:43:29.614388
"Russia Unleashes 600 Drones on Ukraine, 3 Dead as Zelenskyy Flees to Trump",https://news.google.com/read/CBMijwFBVV95cUxPaHBuLUlOend0RDk1TWdETjEtTGY4LXo3MS1jaXN0X2VzVFI2ZGlzRmUtT0ZXNTRfTEhYOHRfOGdXaGlseXVmbkRuZTJpcG1uVUc0Q285NE9Ub3owQWx2QUhlN3E5TmRRN1M2Skd1cEFGZTU0UFBKVE1qRzluX2NhSElfdjdib0xJUzM4d2FVWQ?hl=en-US&gl=US&ceid=US%3Aen,The Eastern Herald,10 hours ago,🐝 Drone Swarms,https://news.google.com/api/attachments/CC8iK0NnNWZiMlJRZVhsWlJFVXpTMFpRVFJDZkF4ampCU2dLTWdZQlVJTE5IUWs=-w200-h112-p-df-rw,2025-11-30T06:43:29.614390
All Roblox Game Codes List (August 2025),https://news.google.com/read/CBMib0FVX3lxTE9Ma0pGWGxHb0NOQkpDN0VMbVNwb0NJeDZmaHU4ZlViZDlGVGVYOHpDdlpJbnNsU0NNUTBxV2Fva2k2bTFlU0tZdEN1T0g0VVI2RVhGNzU2Y0F2QnBYak5wbktFTGhSWGxMSjkwajQ1NA?hl=en-US&gl=US&ceid=US%3Aen,Sportskeeda,1 hour ago,🐝 Drone Swarms,https://news.google.com/api/attachments/CC8iNkNnNVVZMlJwUW1nM2FYbFNURFZOVFJEb0FoaUFCU2dLTWc0QkFJWWxqcU1Vd19xY3FZWnREdw=-w200-h112-p-df-rw,2025-11-30T06:43:29.614392
Cincinnati police will have 22 drones in its fleet. How much does the program cost?,https://news.google.com/read/CBMiygFBVV95cUxQbUZiQS1ock1ud3ZUa3RVZ2F3R2pTSXhFREhFaWI4eHEwRG1rcVNfTFF1S2hlSF9CSUc5aVBfZzZiZDhRbHZNTmg0Z3FwRGRwaGFkeldFbWQ1WXpQbDRGcGoxTVpnTmhmVEV3NGpQNmtGMEZGVWl6aWYyenlIZTV3eEloUWxaVHl1TmRSWFFZNEdHNlh5aWltYzloMHpTck1sNUh3MW1zcUhhSjktWEpaZ1hLdDMxem9vMUxpOFM4d05kTnlQZDRUQkRB?hl=en-US&gl=US&ceid=US%3Aen,Cincinnati Enquirer,1 hour ago,🔬 Drone Technology,https://news.google.com/api/attachments/CC8iK0NnNTFjelZCYzNoUlNFd3dURUZQVFJDNUF4aVVCU2dLTWdZbFU0cE9MUVk=-w200-h112-p-df-rw,2025-11-30T06:43:29.614394
"DJI’s Secret Weapon Against US Bans? Amflow E-Bikes Now $1,600 Off In First-Ever Sale",https://news.google.com/read/CBMidEFVX3lxTE5Lck53MHVqNTY4bGNPVU53MnV1c3JxMWRuSWN2V0l6a0pNUk05UGtEQ1BVZUNkNUdoS0xCSFBPdzJTUEZZazdmNWV6QWI5OFJORURkWFhYcFRNeUZ3Wl9LRXZQRXRoYTlVNkFFSk45Zjk0ckIt?hl=en-US&gl=US&ceid=US%3Aen,DroneXL.co,7 hours ago,🔬 Drone Technology,https://news.google.com/api/attachments/CC8iK0NnNTRkMVp5ZFhkb1MyMUpiemxtVFJDVEJCakJCQ2dLTWdZZFlKQ3ZwQVk=-w200-h112-p-df-rw,2025-11-30T06:43:29.614395
Accessibility-Focused Drone Light Shows,https://news.google.com/read/CBMiY0FVX3lxTE1jbEctUVBtMlNJMlBQNlk1allHVE0zbDUtTDA2c08yYVg3MVBrNHVDUWhtajlPeWZqbDZFQ29tNjUtajcyNHpScF92MjZXajJ1WGJvZ1h1RnNVYTBaN1d4RHI1Y9IBY0FVX3lxTE1jbEctUVBtMlNJMlBQNlk1allHVE0zbDUtTDA2c08yYVg3MVBrNHVDUWhtajlPeWZqbDZFQ29tNjUtajcyNHpScF92MjZXajJ1WGJvZ1h1RnNVYTBaN1d4RHI1Yw?hl=en-US&gl=US&ceid=US%3Aen,Trend Hunter,12 hours ago,🔬 Drone Technology,https://news.google.com/api/attachments/CC8iL0NnNXVRM3BKVkRCcFEyWTRiR2xMVFJEWkF4aUlCU2dLTWdrUlU0d3NvZWFwVUFF=-w200-h112-p-df-rw,2025-11-30T06:43:29.614397
Government trialling new drone tech in push to eradicate bovine TB,https://news.google.com/read/CBMiuAFBVV95cUxPeWh1T2RHMHNXNjRiWTVXbEZVaTlhNUJCcWJnc2F2bVNUN0VhTzAyX2hHb2p1Z3NpZU1yTFZpbUFYdS1ReEFXcmJjVUpWM3FoV01mbWRXODRuNFhDOWt5Y0hXMnJLOWt2QXBycGJpSGMzODQ5bHBWal8zZjJuanppeXc0bXdPd3NkZHZlOWhXV2EwVnU2UTlELWN6dGRTcnoyQm5rbzJpWkRQZ3BsWjAtTWx5eVQ1bWVB?hl=en-US&gl=US&ceid=US%3Aen,MSN,5 hours ago,🔬 Drone Technology,"https://encrypted-tbn2.gstatic.com/faviconV2?url=https://www.msn.com&client=NEWS_360&size=96&type=FAVICON&fallback_opts=TYPE,SIZE,URL",2025-11-30T06:43:29.614399
"Unique ways drones have helped in crises, rescues and investigations in Colorado mountain communities like Summit County",https://news.google.com/read/CBMijAFBVV95cUxPNWZQLWtOYUV3dWE1WktUSTFORWdxd19tdVVxME9JVlhqczV0aW4xVUNYWnNkekdsZjZTUWtZc0FubER5OTJsdnJqQW9zVl9RRURuZTNaeS0tOGM5b2dRMldVQ2pYdDhMSEl1bnQwdDNTalVWeUF2cVRZemtSYU9JMDR1Sy1HRmhoakZkcQ?hl=en-US&gl=US&ceid=US%3Aen,SummitDaily.com,8 hours ago,🛩️ Unmanned Aircraft,https://news.google.com/api/attachments/CC8iK0NnNXhZbnAxZUMxcVpsOXlUbEZHVFJERUF4aW1CU2dLTWdhQmtvZ3BPZ1U=-w200-h112-p-df-rw,2025-11-30T06:43:29.614400
York County’s PD New Drone Plan Takes Off,https://news.google.com/read/CBMiekFVX3lxTE1Jc3ZjcjRzUWU5Wk5tN1lkdWJmMlNRUW0wZERMeXhjMmR3cks2Wk9FU3dtNUNpRnE1bGJvLW5UQnlCSVoybHVWaFhoN2xfOU9YcmRtb184WkFQVHdiblhkSkpmREVnN2pCME42d1BhQmtVeXRoSDVUXzV3?hl=en-US&gl=US&ceid=US%3Aen,DroneXL.co,14 hours ago,🛩️ Unmanned Aircraft,https://news.google.com/api/attachments/CC8iK0NnNDJhV3d5V1RWU2JGQXdOREpaVFJDZkF4ampCU2dLTWdhQjBJZ1RUUVE=-w200-h112-p-df-rw,2025-11-30T06:43:29.614402
"Columbus police launch RAVEN drone program, say it will not violate privacy laws",https://news.google.com/read/CBMihAFBVV95cUxOUDZoVzJaT3BDVXQ5Y080RHItSjhKcHpSQkJGY1RPTklrZy1lZkE0SlgyblNmTDl3SmdKUmZzMVNsdUhqX2FJVWltYU5ZNlVjQUVoRFhTeHM2NzZReS1TUzZJa1YzbmxtWEc5UU5oQUVxbHRCNUVjZEZaX0R6cW83SXhjcG0?hl=en-US&gl=US&ceid=US%3Aen,AOL.com,10 hours ago,🛩️ Unmanned Aircraft,https://news.google.com/api/attachments/CC8iK0NnNVliM0F5U1dKZmRFUnFRMWxrVFJDbUJSakVBeWdLTWdhZFVZelZwQWc=-w200-h112-p-df-rw,2025-11-30T06:43:29.614404
New Anti-Drone Defenses Added to Battlefield Flamethrower,https://news.google.com/read/CBMiSEFVX3lxTFB2QWFUb3NZNTV1c1Z6dzVPRzZ6ZDlncTRsZmFOYTZzWHlSTXBQYWVJZk5qRXEwZ2hLQkVIdllRbUQtNlpSSDJ5cw?hl=en-US&gl=US&ceid=US%3Aen,i-hls.com,1 hour ago,🛡️ Counter-Drone,https://news.google.com/api/attachments/CC8iL0NnNTNkMUpUUm1oNGVIUlpRVFUwVFJDZkF4ampCU2dLTWdrQlk1UnhwYW5ZNndF=-w200-h112-p-df-rw,2025-11-30T06:43:29.614406
KRG U.S. Representative Urges U.S. to Speed Up Anti-Drone Aid in Wake of Khor Mor Attack,https://news.google.com/read/CBMiY0FVX3lxTE9kdHQzZUI2OVFrbC1uSGVORDhRbHNYZ01mcDF5LXhzTWc3dUZKRVNRQy1teWIwLURfX0pFcVNkWlRhdGw3VmwwY19HYUNudXdlSzlNVkpCOGR2V0d1YVk0LU9rQQ?hl=en-US&gl=US&ceid=US%3Aen,kurdistan24.net,12 hours ago,🛡️ Counter-Drone,https://news.google.com/api/attachments/CC8iK0NnNHhSekZmWTNRemRWTlhVUzFzVFJDZkF4ampCU2dLTWdhTllaclZLQWc=-w200-h112-p-df-rw,2025-11-30T06:43:29.614407
Hyderabad Unveils India’s First Mobile Anti-Drone Vehicle to Boost Security Measures,https://news.google.com/read/CBMi8AFBVV95cUxOZERDdzBHMXlzTEV6Z21TWFRjdUZ0VzZtanVteHptcUM2a0pyT0RTYTZVMWlDcTZWUE9PSFp1QmdkUGtDWUxtazMxVG5wc0FwMHh2UlR1X2htdVZCX3JBeWZ5Qi1nSk5BaDF4NEo0Tm45ZUtSMVZrOVdsb05DbDdoUVRFcURzLUNFVGVUQkxaMGdNdncxSng1c2R1cGxGdlQ4TGkzcHl5TjBxX3hPLUNZN2xjSkFXdnF0dUViaXhyWTRLRm1sQUo0Y3EycTJibmxmdDdYVE9qUWxfbjFLRVZ2eUpuSGNKb1ZxVVVoM1BuNW_SAfgBQVVfeXFMTkU3cWNrSWJUaDRHVF9lUDNvZWdSMUFZR1RtN1hydndfcVdab25FUlZZWlhjSmRVMEpJd1NnaWlweDlCYnRaMjNVcHpsU1VETWRwYmdNT2w1TTR3MEY3cVZ4RTIzOC1ZZkx3VW16c1lKY1VydVBxTGJ4YmVQNGZIR3o2U2FCNHB3dmZqa3kzaUJUVW5vUmZwMWF1aWcxQWRJSGVwVTI1aTkwVTVVZzJva1NMei1aOGVKZkpqOWZGSGpuUEJVLUY3QTlJWEMzMGpVRURqdGNQa3NsMlU3MWpyR1RBRlQzSTZOY0t6a1N2NzFLemRpVGFNcTQ?hl=en-US&gl=US&ceid=US%3Aen,Times of India,20 hours ago,🛡️ Counter-Drone,https://news.google.com/api/attachments/CC8iK0NnNWlUR2gwZVdwRlpXcEZMVGxKVFJDZkF4ampCU2dLTWdhSlFZd29wUVU=-w200-h112-p-df-rw,2025-11-30T06:43:29.614409
Who Flies The New Florida School Defense Drones,https://news.google.com/read/CBMibEFVX3lxTE9hYmpZWDJ5cThwY0V5NFBfd1BCWl9iVVhvdkI3eFU0UFFKTHVObTJOdmVYbU8wcjlYQ0Q3LVM2UG1zS1pNd3VmWjhxYVhLTGFzbVp2OHJrS0pCTWRiREMwUUEzZXJCdFRSZW1zUw?hl=en-US&gl=US&ceid=US%3Aen,DroneXL.co,15 hours ago,🛡️ Drone Defense,https://news.google.com/api/attachments/CC8iK0NnNTRNbU5CUkY5RWNqbFZURVIzVFJDZkF4ampCU2dLTWdZdGRZU3VNUWM=-w200-h112-p-df-rw,2025-11-30T06:43:29.614411
"Ukrainian government launches overhaul of defense planning, expands drone capabilities – Zelensky",https://news.google.com/read/CBMi4gFBVV95cUxQZDNKZUtXWEx0alJUWnZSVldGdkV4N3R3Mm5COEhTTlBQcExqeE5nMDhTN0dBMFBCekRZYmFuOEhqbFFCZzVaUmQ4N3VGSWY4RzNwbUY0NlctOWtmdG9VZV9DYlZEYVd1SDFETkNpMEJpUDhzQVYxaFdGQkdTdkJSSXdWR29OU1JRRmtJeENhTXVDbV9ranRpNVA5dllQNkhodFhYVldOYW9xbDlqMWlMcGUtRjd0ZEplMHJ1MWkwcDIzYXRiR2xsd0oyaTRDVmFIdXVPZmFEQ2k3Y3BGbV9nX0dn0gHnAUFVX3lxTE00ajdTRko0RmhRWkZ5MDcxbW5pTm9iczlHTmdvaGZLTmdHeDlRY2EzYWZFcU0wZGJXVE1IN1hxUndOQ3RjbEw3Nlg0ZjVLUllJLVdjX3VrVm9jdGFNVFFXVmhiU3ZHaV9LS012Mjg1WVMtTjFIRUQxTzRmdHhyTWJMR3R3UHNvTDZCVE1KSWpVVUJRZWxJT2w3SmpDRXBWalo3SlN6STNfVFBOTjNBTUtadnJEVXZ5N0lZRXRNdDhiY284QUFUQnF2anpZWHlGRjJ4eWdfVWE1dmlOeGFWdXNOTEZKUERfOA?hl=en-US&gl=US&ceid=US%3Aen,Ukrinform,16 hours ago,🛡️ Drone Defense,https://news.google.com/api/attachments/CC8iK0NnNDRWMlZzYWw5R2VVZHVTeTAyVFJEb0FoajJCQ2dLTWdZVk01NW9JZ2s=-w200-h112-p-df-rw,2025-11-30T06:43:29.614413
Trump’s Focus on Drug War Means Big Business for Defense Startups | World News,https://news.google.com/read/CBMixgFBVV95cUxNbGxkRjRZQ1NMaFhvV3Q3YU9SZEpCU1VfaGtjM0s5b2FxUEZscnBEWWZvYllJbk9id0MtQkxnTWxHSE0zTDlTbnZtVy1CeFZZMXUydVl0YzlXemUwZGRZYmdjdVladEVidHA0eDJCNEh0RWRacENnWnpkTmVXMnFyZzhNVFUzcGF6WDhDUjlhTnRvdHFPMDlwQnJDTk5zVzZxaWxhdURLdjVxSnZjUm9sSVR1NThkdENqMUN6bWVLVktPX1dOb0HSAcsBQVVfeXFMT0FmczZyMXN2eEtUZWpqcjRnTllSX2JVdDVPOG9rZHBOMW9VYWlXS3NHVlJjSlRERFI4blJuRzFYNlZ3RGZCYm1YLW1BeEpJNlg2ai1oN3dCTndEb3BkZXNCbk9PcmJrS2Zxd1J2ekhGQkdCNHZ5OE9HM0pYMnFNUUZoMXdJc2hrVDhVUkZfVGdzMV9CMFFsdGFGNFk5dW5UNnc5Nk5PQlAyR2R6RTd3RXhXQ0xUX0NNTDFHbEl3SUFFNHBGWV9LamdYSUU?hl=en-US&gl=US&ceid=US%3Aen,Hindustan Times,3 hours ago,🛡️ Drone Defense,https://news.google.com/api/attachments/CC8iK0NnNVlkRzFxZVVVeVJXaHZSVE5HVFJDMUFoaWxCQ2dLTWdhUmNveFFyUWM=-w200-h112-p-df-rw,2025-11-30T06:43:29.614414
Taiwan Bets $40 Billion On ‘Israeli-Style’ Iron Dome Air Defence Shield; Know All About Taiwan’s T-Dome,https://news.google.com/read/CBMiyAFBVV95cUxNRmlIWXViR21SenZ1QTc0bVFmOHZ1aTN6ZmFNUFAzT1ZzWVdBZ2xpci16UVVuNFZyeFVueHNsYU5Fbmc0ODgxbFNSaVhuS0tGNVdoNm83RjBndWNlYV9WM2YySFpiN0VEanJqV0NhQ2p5cklabmQ1T1I1OWlpYkxVcGdkNnR6bllOTzNudkJlWG5INVAtSGFIQnZxWnYxY0xnbF9oRnpkRWs0OVNYZktYUDJVeWZwUzZfbzA4YTZmc0F1emx2Uko5R9IByAFBVV95cUxNRmlIWXViR21SenZ1QTc0bVFmOHZ1aTN6ZmFNUFAzT1ZzWVdBZ2xpci16UVVuNFZyeFVueHNsYU5Fbmc0ODgxbFNSaVhuS0tGNVdoNm83RjBndWNlYV9WM2YySFpiN0VEanJqV0NhQ2p5cklabmQ1T1I1OWlpYkxVcGdkNnR6bllOTzNudkJlWG5INVAtSGFIQnZxWnYxY0xnbF9oRnpkRWs0OVNYZktYUDJVeWZwUzZfbzA4YTZmc0F1emx2Uko5Rw?hl=en-US&gl=US&ceid=US%3Aen,EurAsian Times,3 hours ago,🛡️ Counter-UAV,https://news.google.com/api/attachments/CC8iI0NnNURPSHBWZUZaYWVsZ3hlbGhLVFJERUF4aW1CU2dLTWdB=-w200-h112-p-df-rw,2025-11-30T06:43:29.614416
"Call Of Duty: Black Ops 7 - The Best Scorestreaks, Ranked",https://news.google.com/read/CBMikAFBVV95cUxNQXFjZFJRUmxYc2UzRnFLckQ5YWdqQWtiU3BqY1d3c1JDRllyOU9DUlVFSFpRelRNX2lBMzBXVHdCVjBnSXNXV1RZTFRpemdmLWRFM2tFMThVTTltQTlvWXpoU1hRa1k5OUxOeGtTemxNZFBfcThOSUxkX3ZPbGQyVVF5cnZmYTl5QUd2S2p5ejI?hl=en-US&gl=US&ceid=US%3Aen,TheGamer,11 hours ago,🛡️ Counter-UAV,https://news.google.com/api/attachments/CC8iK0NnNDRWRkI2U1Zoc01FWjRlSFJsVFJDZkF4ampCU2dLTWdhcFJaRE5KUWc=-w200-h112-p-df-rw,2025-11-30T06:43:29.614418
"BSF Highlights Growing Role of Drone Warfare, Key Operational Wins in 2025",https://news.google.com/read/CBMiqAFBVV95cUxQMEJzT0RFRFNSaWtkT3Nub0x1MWU0TVA2MUNoQTBGTGhJZFJLaU5EdklGektKekZobzhLM0N1OW8yTVBkRm90RWV1cEEwak1ONjZvWENBaU9QRDMxOXBJNnBNVzVsa2pZZy1XU0ZlbUo2Wm5PSzhIeXZkQ2dqQ2dEc0xXbDBqRVpTelpjYlNtb3htR3IwRFJVX29IZTd4YjVYak5JQng5eDI?hl=en-US&gl=US&ceid=US%3Aen,Jammu Links News,16 hours ago,🛡️ Counter-UAV,https://news.google.com/api/attachments/CC8iL0NnNXFjMWswZVUxcWNGWmZRVzlHVFJEZ0F4aUFCU2dLTWdrQmdJaW1OS2JRREFJ=-w200-h112-p-df-rw,2025-11-30T06:43:29.614420
The need for speed: How Israel and the US are rethinking defense innovation- Opinion,https://news.google.com/read/CBMiY0FVX3lxTE9xNDhVVjdqN2xhWlFfQk45QjlMTTZHTWFDRjFXVVgzS2lBWUZHc2tnd0YtQVNKVVpOSXNqcENKQzhKOE5uTTR5dzBObEZoMmpNRk5sSWlLbUlsdC1WcFA2cmFfZw?hl=en-US&gl=US&ceid=US%3Aen,The Jerusalem Post,6 minutes ago,📦 Commercial Drones,https://news.google.com/api/attachments/CC8iK0NnNTZRa3BDTTI4eU1WSktUa1kyVFJDZkF4ampCU2dLTWdZSkVKWjNFQWs=-w200-h112-p-df-rw,2025-11-30T06:43:29.614422
"Pilot Institute Black Friday Sale: Part 107, Mapping, And LiDAR Courses Up To 50% Off",https://news.google.com/read/CBMifkFVX3lxTFBJOHNNb3dmOWw4X29hZThTb2ZZSmdjdFBEbnl2NHdudVNfd1hjSFliRzdROXQwMWRjUWNiLXY3UTFXSkFfUkpKT2RKSXZOeWJFdHdTTkxUcjBNZnNGMlAyeE5DRHlMV05NdC0tWjJQX2FhdmdmUTY4TW9hTl9WZw?hl=en-US&gl=US&ceid=US%3Aen,DroneXL.co,14 hours ago,📦 Commercial Drones,https://news.google.com/api/attachments/CC8iK0NnNU9ZVGw2V0ZCWmVtWkdOMDV1VFJDTUF4aUhCaWdLTWdhUk1vWUtKUU0=-w200-h112-p-df-rw,2025-11-30T06:43:29.614423
"Upper Nazareth celebrates holidays with tree lighting, showcasing a custom Moravian Star (PHOTOS)",https://news.google.com/read/CBMi4wFBVV95cUxQb2NHZHRSTE9RTmZnYWZ5aTg2QjgyTzhzQ3BGX1o2NFQ0dmVhWEEtSHl5Tzl3c2RsUGJWenAtdldXeFB4Uk4yTDJUNVFzYkVFeTJ2dWIxWTlXd3JSUXpKWjItYTh6OS1wYjJScDBVdld0UWZRSjhqRHlMWUtMWWNBNnBNZlpncWJZcXg4VHJNc1UxT1gtMkoyMVEyUjBZaXlURjNSVmlZaWxyNEZGX2dLbnNDX0FZeGpxSzdXeVJoaWR6czR3UzlWTEZmTHZWemJTTUZITHZsZ21CZ3B3dHFaY2dCd9IB9wFBVV95cUxPSGF0R2tES09wblhlMjlaOHk3YXhxcDVNdFJiTjc5dmRTVEZGLUFFaWNYVy15N2ltVURYRURsRXNPQ29rb2NLQ3lCcXYzcmR5WWRiVEtqaUdSWG8xdnhXbDAzV2NHU1NPeGItV2hfWnRIaUh2X3BzVHIyR1NSeGpaX1F2V3VSQXB2UzVrSGtXcnhNend3dkJGNGp2QlJSWmJVczg3TnNNRnNVNUJGSUFxN0kwNFNNcGl6TWNTSHdpWW85YnkyUVlGVW9OMlZfTWhwOXRPTlNONEc2STJiRll2eThNbHVqLTRPU2EtbUEwcmgtTjVCa2ow?hl=en-US&gl=US&ceid=US%3Aen,lehighvalleylive,19 hours ago,📦 Commercial Drones,https://news.google.com/api/attachments/CC8iK0NnNXNOM0oxTkdoaU9WUjNVV2h2VFJERUF4aW1CU2dLTWdhUmNZYnBOUVU=-w200-h112-p-df-rw,2025-11-30T06:43:29.614426
Moldova Closes Airspace After Drone Incursions,https://news.google.com/read/CBMicEFVX3lxTE5MdlkwUVpMUm5fanhPOEl5REtZRUVEbHlEeVR1Zi15VjU2U0duaHdwRVZJNVVXeFRRUGdlVmplLXMzODRQcmlVcERjWXR5bXNvTjgwdDVldjlIdUxGTEg4eU1jMEgtQS1UT0VXc0hlOGE?hl=en-US&gl=US&ceid=US%3Aen,Sada Elbalad english,9 hours ago,📦 Commercial Drones,https://news.google.com/api/attachments/CC8iL0NnNW5XVUZEY0UxSlJYUTNXRE5zVFJDV0FSajZBU2dLTWdtaEJJQ3NnYXh6T0FB=-w200-h112-p-df-rw,2025-11-30T06:43:29.614429
"Drone boats strike oil terminal in Novorossiysk, Russia",https://news.google.com/read/CBMimgFBVV95cUxQcVNramdwV213OUVybEVRYmRITldCRmN3SmpzRGtqZFdlRTFrU09TZUFId3h0b1lFR01kd0hSTnJyNkk4bUpGVVNXY1NzVFJyMkc4WFhncDI1ZmcwUG9qOUM2X19oVFlub3dIR01rY0M4dUl1T0lFMkhGd2kxZHEtVlVtSlBLNTRMN0VKN2w3YVZVYW5lcjVZaFJR?hl=en-US&gl=US&ceid=US%3Aen,Euromaidan Press,17 hours ago,📦 Commercial Drones,https://news.google.com/api/attachments/CC8iJ0NnNWFhM2h6VTBvMlZFZE9aVTVSVFJERUF4aW1CU2dLTWdNWjhBQQ=-w200-h112-p-df-rw,2025-11-30T06:43:29.614431
Sea drones halt operations at major Russian oil terminal,https://news.google.com/read/CBMimAFBVV95cUxNdTFrelNZdWJHSmJRazRNVXpfQmVXYUhNb2UxblEtbGQtc1lpeVV1dFlrQm9GR1BMY0xoVF9xMXlTbEV6aE9IMUlrdmtwNXN1c1oxMVFROHhRc1UwUGxUZ1JUS0dLWUtUcHhxejlSLVBGOXp0c2tQYUpGUnZOeXF4NTNKc25jTWk5a0R0bVN0YlBtN0Zxd0stOA?hl=en-US&gl=US&ceid=US%3Aen,Vincennes Sun-Commercial,10 hours ago,📦 Commercial Drones,https://news.google.com/api/attachments/CC8iK0NnNDBVM040Y0VKTE1XWmxSeTB5VFJEVkFoaUFCQ2dLTWdhWmdvUk1TUU0=-w200-h112-p-df-rw,2025-11-30T06:43:29.614435
Amazon under federal investigation after delivery drone cuts internet cable,https://news.google.com/read/CBMikAFBVV95cUxNTEg2SlpjNmM3UjI5UmNzZTdraTlXSS0yR01UOTJNWk9YNlA5Q3k4UFhpeEpUcm14NGJtZGwtN3JoSE1KcTZxV09OYjVuVFN0MnhZZDh5YXVaMlBCUno4R2VoV25BcW0zN2dkRk83WmhxcGlmTnp1eWpfTE1NWTdyUVAyRDhnU3RtUFdCd2g4b1A?hl=en-US&gl=US&ceid=US%3Aen,AOL.com,8 hours ago,📦 Drone Delivery,https://news.google.com/api/attachments/CC8iK0NnNUpVMUJhYUZKM01WbHJlVWd6VFJDckF4aUFCU2dLTWdZcHBKU1BOUWM=-w200-h112-p-df-rw,2025-11-30T06:43:29.614438
Amazon Faces Second Probe After Its Delivery Drone Downs Internet Cable In Central Texas,https://news.google.com/read/CBMi8gJBVV95cUxQbVpKc1g3N29HNDA2SWFHMjRDS25nTFRGZE5ZMEwwTGFjeUJaazRQcXhnbjNOTWI1eGkzaG9hWWNvTVk2aGRjeTRFV1VSZ2x2enRTLUNjWWZsME00WjdqT3BxdHJFR19IUWRlRFRzeXlpUE9JZ3AxSGVHVDlfRmFQd0tmRWxpZjdnZG9JMm8wZDdkNFFMN05VeHJwRGtVZEY4NE9yeDdoQ0twRlJ2ZTc4UzVPWXVqWWdHWWdpSmtQLWRLcEF4NlBCcWRMTktlanZVWFNEYXRSaFNNVmFKdEdlRTFyRTNVR0ZBcUY0SndfbS0zYXFTSTVKUmZPVXZ1VVE3ZmEzeDNZNFgwYmg2ZWRNMTFGcy15Y3ZfUW5TZE1qMWhRSEltOXZmQ3AxM0hkVnJpQkU3YWYtSzM4SWJYR0ticHhXT0NRTTdYZGVaTTFlcDBFYk1TOHdUcEhramhReVY3OTg2RktON2pWSkFKUUtGenB3?hl=en-US&gl=US&ceid=US%3Aen,MSN,11 hours ago,📦 Drone Delivery,https://news.google.com/api/attachments/CC8iL0NnNDFhMnA2WmxWQlRUSlNNazVLVFJDZkF4ampCU2dLTWdrRklvWktGaXVERWdF=-w200-h112-p-df-rw,2025-11-30T06:43:29.614441
"How to 'adopt' a letter, send a gift as part of USPS Operation Santa",https://news.google.com/read/CBMijwFBVV95cUxNeld4S0VlY3NLZzBGMmcwSnJNaFFlLTlkRmxxLTBJbWVtWGJEN3Q0VnNnRHNTbzdkRUVNTmlUY1l6UFFKdnpUNTBmaEU2M2RlMGg5SF9BcGFiVm52TmFLSUt4U29DYmo2bHg4c25LMC12WG00UFdDVGRlMUlvcFEzX1B0UG9uLVFsNms3cmNvdw?hl=en-US&gl=US&ceid=US%3Aen,Austin American-Statesman,2 hours ago,📦 Drone Delivery,https://news.google.com/api/attachments/CC8iK0NnNU9kV2RqTjJWd1prWnBibGhqVFJDZkF4ampCU2dLTWdZbEk1aXNwUWM=-w200-h112-p-df-rw,2025-11-30T06:43:29.614443
Skyrover X1 Black Friday Deal Delivers Mini 4 Pro Performance for $597 as DJI Vanishes from Shelves,https://news.google.com/read/CBMigAFBVV95cUxQQWZ4bzJpUzNRWURDc1hTYnpHM0oyOEJqRXl5dFl1NWhSdVhrVlJ5RTB2bjVlWGNXODJyWEg2dGJSRS1kSlBDdHQ0REJjTndTd3FlQ2NBUVY4Zk9ublVMR1Y1TGlULWc3cTMwUTFpakVVZkx1MEdrVl9BLS1SNmo5Tg?hl=en-US&gl=US&ceid=US%3Aen,DroneXL.co,15 hours ago,📦 Drone Delivery,https://news.google.com/api/attachments/CC8iK0NnNTBTWEJNUzFOMlMzRlBjRGxuVFJETEF4aWNCU2dLTWdhZHNvd0x3Z1U=-w200-h112-p-df-rw,2025-11-30T06:43:29.614446
"Detroit students create unique furniture, gain real-world skills through Atlantic Impact",https://news.google.com/read/CBMi2AFBVV95cUxNOTAwaXBKZ2xyejJsUk43ODlfaWIxTzJzWURRcWxmdmU0b2NlWEN3Ml9iaU9tNWFmelBONEJJRnpxMzFKV3NILXdhWE5PYkNWTW5FUnpmV3pxRlptU25SZUh2SmdlM0JjeWJmRUotSjhzX2hDUXp1RmNSRXdYU3NTaXc5SGdYSWp3ek5udE5xb0pTZVB0eks5QmRuYUFfOWJxRzVwQVNPY2lfQkl0eFRIOWo2bXhCVGM1NVQwVXJqN0RrdUVrUlFoWFZraW4zNGwyZHdKWTBkUWc?hl=en-US&gl=US&ceid=US%3Aen,ClickOnDetroit | WDIV Local 4,11 hours ago,📦 Drone Delivery,https://news.google.com/api/attachments/CC8iJ0NnNDJjMmc1YjJkVVRVa3RjWGhVVFJDb0FSaXNBaWdCTWdNRlFCQQ=-w200-h112-p-df-rw,2025-11-30T06:43:29.614447
Record-breaking drone show on Dec 9 as part of Telangana Rising Global Summit,https://news.google.com/read/CBMi1wFBVV95cUxPcnhrVXRMbnNEOHpuNmd2MTZXSmJHSG5aQm5kRkMwVWs1SnpJVG5uVnlvTTRoX3MxSlZSSUV6SzNnb3NuQ1cxaERqc1JjNkM3YUJIVEp2WDN1UFc1MzF4NHo2NjdQeDF6amNQb2VITjgwUFZqcnI1TWxjNWQ5UEtyTXVWdUxuaFZVcmpaRy1BNzNJTlY4TFNTcm1IenBwOUFCTFBLbXpYOWl5LVEwV1k0c2FCTlJXelYxM25NR2RVQ2YyMlktZy11dF9NdXEtSTg4YWRlUWNic9IB5AFBVV95cUxOaHc4cWJkOEJtdFI0OEd5am56cWMwUUZlbUpGd0ZsNjZhdVJ5ZlBId2lINzhBVzI5ZTU4aXlGZkVReldrM3dlRmR6amNEUXVXQlJIdXJEZW50NUJ1YmVjbEpic0NLNXU0S1RhaDFla1RfVHpuYy1wVTA2YkJTVkVkcHhSUEZjT3hZRWlTOWhHS3JqbW8wX0RZTWVVNlY1Qjcxa2JCbVFEUXhUSTd3dFlGS3FDLWhCWFltWGpwdG4yZXFpVUh6a2ZnZlRrYkhaZ3R6OC1SLUpRdy0yV2VWUElzc3JmcUU?hl=en-US&gl=US&ceid=US%3Aen,The New Indian Express,1 hour ago,🚜 Agricultural Drones,https://news.google.com/api/attachments/CC8iK0NnNHlhakUzWlcxdFdIRkZWbWhzVFJDa0JCaXZCQ2dLTWdZUlFwYXVLUWc=-w200-h112-p-df-rw,2025-11-30T06:43:29.614451
Top 50 Market Trends in December,https://news.google.com/read/CBMib0FVX3lxTE9LN2o3WmRYQ2doOUljakdfYlBaTUx0ZGktWVk5ZEs0bm5QVFJYSDFaRlNzeDR2S1JFNVVvNmVGbGRtcWJwalhNRG5IaVFXdmd4VTZXQmhTU21ZUzBuUlZ3YzR5OVVobFNIdUhDVlN4NNIBb0FVX3lxTE9LN2o3WmRYQ2doOUljakdfYlBaTUx0ZGktWVk5ZEs0bm5QVFJYSDFaRlNzeDR2S1JFNVVvNmVGbGRtcWJwalhNRG5IaVFXdmd4VTZXQmhTU21ZUzBuUlZ3YzR5OVVobFNIdUhDVlN4NA?hl=en-US&gl=US&ceid=US%3Aen,Trend Hunter,13 hours ago,🚜 Agricultural Drones,https://news.google.com/api/attachments/CC8iL0NnNXFhWE5KZW5OSWJGcE5OR2w2VFJDdkF4akhCU2dLTWdrRmdvaGxVcVE5U2dJ=-w200-h112-p-df-rw,2025-11-30T06:43:29.614452
Telangana aims for Guinness record at Global Summit,https://news.google.com/read/CBMixwFBVV95cUxPRTFPSkxvcTJsdW9PbmZUdi1QVGgyTEhYeVV6bWI4cVREc1hGZVgwZXRrSF9GYWdBZnJQcGtoUl92X0FhTzJWZ0g3OWlyM1EyQ0Z6eXhuLTdpTWVwLS11X0ZtQmxlb3dhM3VrMXVkYjV5OU1GTFhTd0dIenJFNkNfel9XUmpVZDNLSlQwT09SaGQ2aGRxbFRZSk5rSm1maEpaY2hKNGRweHhhZXFuaGZqbWhrbl9tbmlnQ1ZUdFVqOWI0QzdpUm9V0gHMAUFVX3lxTE4zSTV6QlhIQzBQczdNTnpQdDlmMnBlY05vanZtZDFpNHZRTXdIMUY3c0hvbFI5Skd1a2t1YWV1cTh1aF83UTZSaWlIVWJhZ3VlaHZQanRwQXBXQUdGRDJvVUVKekJTYXlGdFMxM1lXRW1yNEFuTEtQVTE4eEV4T2MyUnAwNEd1bzM3TFFVc1Zyakowamg0Wll3SUI0UkdTQ3ZkV0VIRnVJNEJCR25SdmR6QndhdjByNWVtVFlESHR6TjdVVF9mSWYyRzR4SQ?hl=en-US&gl=US&ceid=US%3Aen,Times of India,9 hours ago,🚜 Agricultural Drones,https://news.google.com/api/attachments/CC8iL0NnNW5RbUpqVUVad1JteFpVMU0yVFJDZ0F4amlCU2dLTWdrSkFvd0VoYXhNUndJ=-w200-h112-p-df-rw,2025-11-30T06:43:29.614454
Fielding Connections,https://news.google.com/read/CBMifkFVX3lxTE1uTHc4NlZ4bkVzMGpfVzk5MkxudWUtVVRpVUluLXd6VWZPemc1ZzFRd25DaG1yVVUwTE16MG5HdVpwSnVUWkFGaDZHNDFLU3JOcGR2MHlteGNmeV9sY0NtMTRmWlNZWXYyWU1ZbHN0UFlXdlMtRjdmNFBEYzdvZw?hl=en-US&gl=US&ceid=US%3Aen,Montana State University,23 hours ago,🚜 Agricultural Drones,https://news.google.com/api/attachments/CC8iJ0NnNWtiaTFRVEd0aE5WaHZWR2RpVFJDWEFSak9BaWdCTWdNVkFDWQ=-w200-h112-p-df-rw,2025-11-30T06:43:29.614456
Community college grows into new ag space,https://news.google.com/read/CBMilgFBVV95cUxQNDY3cmNzS1Jtbzh3Mk90T2FZQzhXVVg1YzZQdFJnRGFfMzRpbEl0cExCRzRvZEJlRHJuZHlHdGgwTGhXMTVyYmQ5Si1TSWQwSF9xZUhUSWR0b1ZDOVlpbkEwU1A2ckcxZnNyRWdxY001ZE1nSmVjbTRXUGFjaFdWd0lyVkNkRXRZLXl0TjdkT0FyTVRTRmc?hl=en-US&gl=US&ceid=US%3Aen,AgUpdate,18 hours ago,🚜 Agricultural Drones,https://news.google.com/api/attachments/CC8iK0NnNXhRbWQ1U210clUyVjFSMjk2VFJEeEFoakFCaWdLTWdZSmNKREtMQWM=-w200-h112-p-df-rw,2025-11-30T06:43:29.614458
Hanyang University unveils drone system to predict transmission line failures,https://news.google.com/read/CBMiywFBVV95cUxNU3RSc1lPX1dfMVVVN0liX2dJOU51OUM1cFpYUldXaElFY1hDRmRHUlB6bjBuWl8wSmhLQlhrMVNFbWZscE5hemw4ZDc2VjhJRWFPa1QwSkczaXd2NmxsSzBFdjBIVnQ4SjFuMGQzay1CQzNNeVpkQTQ1Y1N2cno3bFVIdmg0NGY3V3ZaOG1VVGxMcFBwRi1jSzNEVmVENk1Bc0ZaLWc0djlvQnVKNjY3TGRvNHlSd2VZN05PYTg1dllTNXlFdzJNbXRvVdIB0wFBVV95cUxQQ05CRy1YTjcyUV8wcE1HV0h2eUpNaHg4QWVyMGdSY1gxdElPdW9Fdm0xRkdBNnQxZVhUWDBQbW5DTzhXallfeV9LSkxBekhObDg5Z1Qxa1hpMmlMdWt1bWViOWZBMF96eGUwVVF0OFU4VkE5UFVKZEdZQkpRSF9UbWpyZ1M0MXJZcnNtMkNBWGxJSGVHV3NPQWRXTnVVMTZzd09aNlBBSHYtZ28wZktxVHhNX0kyMlVlZ2VrWEhqNm91anNZbk1sdks3YTdZaDhGN2Fn?hl=en-US&gl=US&ceid=US%3Aen,IOT Insider,17 hours ago,🚜 Agricultural Drones,https://news.google.com/api/attachments/CC8iK0NnNU9SVTFNVkVKNGNFdERVVXRSVFJDZkF4ampCU2dLTWdZdEVJcHdGQVE=-w200-h112-p-df-rw,2025-11-30T06:43:29.614459
Two people were killed in an airstrike in Volgograd.,https://news.google.com/read/CBMiWEFVX3lxTE1vblh0a2hSRXN5b1NvTVl6b2EyM25jNWI5MzI3dWZ5WWo5RjU2OGZRMUJ4WTZoNWF1OHY2cXowNlhlUmVQWmpSVmpSODdYUjZ2NmR2WGtlVFY?hl=en-US&gl=US&ceid=US%3Aen,Caucasian Knot,23 hours ago,🚜 Agricultural Drones,https://news.google.com/api/attachments/CC8iK0NnNTVTWFZKVWpocVRXNVpUVlZuVFJDbEFSaXlBaWdCTWdZdFFKeVBwUWc=-w200-h112-p-df-rw,2025-11-30T06:43:29.614461
Record-breaking drone show planned for Telangana Rising Global Summit,https://news.google.com/read/CBMi2wFBVV95cUxPNU1QV3dTOUVnSjJ4WGVrYXEtUEV5Q1RlS3NWRVRzZkxPRmFNX0ZTYWo3WDlkRldrYndZc0gxc2FwZHFTM2RyTTI4Wnc1VEIzMTJpTURwV1lKLWNjelZ1bFJQeVRRT1NTbl9Oa3lWZ0pvZmhqU1Z6Z2w5ZFZ0bVNIblhMOFdhQ2hGcHZzeFdoaW1pN1lZbkpxVGpaRnBfLTh6VnZkdFBhUkkyQV9RcUd0TTVGam9OYWlEeXg2WUUzNnV3ZUFVRUtqMkRsU0JnNzFrZWNPNEJRU1FDOWPSAdsBQVVfeXFMTzVNUFd3UzlFZ0oyeFhla2FxLVBFeUNUZUtzVkVUc2ZMT0ZhTV9GU2FqN1g5ZEZXa2J3WXNIMXNhcGRxUzNkck0yOFp3NVRCMzEyaU1EcFdZSi1jY3pWdWxSUHlUUU9TU25fTmt5VmdKb2ZoalNWemdsOWRWdG1TSG5YTDhXYUNoRnB2c3hXaGltaTdZWW5KcVRqWkZwXy04elZ2ZHRQYVJJMkFfUXFHdE01RmpvTmFpRHl4NllFMzZ1d2VBVUVLajJEbFNCZzcxa2VjTzRCUVNRQzlj?hl=en-US&gl=US&ceid=US%3Aen,The Hindu,17 hours ago,🚜 Agricultural Drones,https://news.google.com/api/attachments/CC8iK0NnNUxjMll5TjBOVFpUQjRNSEZ4VFJDcUJCaXFCQ2dLTWdhTmtwQUlOUVk=-w200-h112-p-df-rw,2025-11-30T06:43:29.614462
KNUST confers Honorary Doctorate on Agri-Impact CEO Daniel Fahene Acquaye,https://news.google.com/read/CBMixAFBVV95cUxPclM1X2pWUGtoTUNPd0xTUFV6MHY1WDBYREhrYXppMWJoR2k1ek80M3o3ZnVuUEF5VVZDb0s3S3c2RHl4S2dNcUNRaW95OHpKVnJjNktqODRHRkJDNUQxNUY1VEViUkc3a245eklqOHZCX01YUWRBbVRtN05MNHpDZ2N1NG5zR1RIYTZxcHd5bTJOa3cyVlpUaUw1T0llelVpNFJ2cjF0c1ktYlpKVDlhRm41cWRIcnB3YW5WWVNnWUVFMTNI?hl=en-US&gl=US&ceid=US%3Aen,GhanaWeb,9 hours ago,🚜 Agricultural Drones,https://news.google.com/api/attachments/CC8iK0NnNVZNRGxTTmt4b2IwNVBVMUJMVFJEQ0F4aXNBaWdLTWdZQmtJd0NPUVk=-w200-h112-p-df-rw,2025-11-30T06:43:29.614464
"Pakistan has no issue with Afghan people, but Taliban regime enables terror: DG ISPR",https://news.google.com/read/CBMiU0FVX3lxTFByM3pDTU1BTy03SXUzeFNPZTV3OU5EOVZVN0hBYUNuWWNCUTZmWWdoalo0OFl3U2JQRjlsYk11NENfLU5kQVcxSFhZSHVla1lhNU1j0gFTQVVfeXFMUHIzekNNTUFPLTdJdTN4U09lNXc5TkQ5VlU3SEFhQ25ZY0JRNmZZZ2hqWjQ4WXdTYlBGOWxiTXU0Q18tTmRBVzFIWFlIdWVrWWE1TWM?hl=en-US&gl=US&ceid=US%3Aen,Aaj English TV,22 hours ago,📋 Drone Regulation,https://news.google.com/api/attachments/CC8iK0NnNUVVVVJqVUdaeE1XTm9UbGx0VFJDdEF4akxCU2dLTWdZaEpvanRGUW8=-w200-h112-p-df-rw,2025-11-30T06:43:29.614466
Trump says Venezuelan airspace should be considered closed,https://news.google.com/read/CBMivgFBVV95cUxONXk4VHEya2pxbDczZnZvY2dXX3pIUmRmX295Y25NNWJmQk5BMm5nUXNpcWw1ZXRsMUE1cTlmOFBpTUtCLUI1N2tuNkYxWVc5NWNkUFlRT2ZVQlRZMzNXQ0J3cTNWOTR5d3lSY205TTFwbHJScWtSMFN5bVJHYTZGdE9PazZucW5qZ0tIQ0F1d1laak5nWWxIZTdrWmlWNlBodEZjQTYyd0UwclRvdHBlaU9YRWhNb0cta1c1VF9n?hl=en-US&gl=US&ceid=US%3Aen,Reuters,7 hours ago,📋 FAA Drone,https://news.google.com/api/attachments/CC8iJ0NnNVdVWFJDWjBSWWExZFJTalZpVFJDcUJCaXFCQ2dLTWdPWkZ3cw=-w200-h112-p-df-rw,2025-11-30T06:43:29.614468
DJI Mini 4K Fly More Combo Drops To $359 In Black Friday Drone Deal,https://news.google.com/read/CBMidEFVX3lxTE83bGpYcmVnbGNpWU0wZ2NOc3Z5VHZvZGNGTTlqMVplbU9aWWZBM2tscEZPTXQtU2RMX3pqeUNvSjcwb25COVlBOHM1aDlKR3dOa0lBdzRwbXB2czBvYURDUVcycFpValZUOFlQeU11ZTAzVGxE?hl=en-US&gl=US&ceid=US%3Aen,DroneXL.co,12 hours ago,📋 FAA Drone,https://news.google.com/api/attachments/CC8iK0NnNHdlREU1U3pOU1oyaGhRbVU1VFJDZUF4amxCU2dLTWdhaE1ZN01LUVk=-w200-h112-p-df-rw,2025-11-30T06:43:29.614469
News Wrap: Trump declares Venezuela’s airspace ‘closed’,https://news.google.com/read/CBMid0FVX3lxTE84RjRuT2FYSkk2YlNGVjZMbHVpb01hTS11UEFzRE9TYlVWRnc2TkNyUTRacFpNQ3k3aXBSMmRSYkhzLUxBamZuN0xpUUltRDYzeVpVZWNXVlJIUjVkWHJySUdSOEJUc1VIb1NGb3Q0RjQ4bTA3T3Fz?hl=en-US&gl=US&ceid=US%3Aen,THIRTEEN - New York Public Media,7 hours ago,📋 FAA Drone,https://news.google.com/api/attachments/CC8iL0NnNWZOWEJoT1hCUVNGWXpUbWN5VFJEakF4ajdCQ2dLTWdtQlVaalRuR21oU3dJ=-w200-h112-p-df-rw,2025-11-30T06:43:29.614471
News Wrap: Trump declares Venezuela’s airspace ‘closed’ after weeks of escalating tensions,https://news.google.com/read/CBMivAFBVV95cUxNQmZjaTk2SERnNDJjQUNkakNBRWhGTlU1WkMzNDNsMXEwRDBVQWtINVk5X1hLay1iV0xNR2luOXdXQVNsT0syTWQxVkFid1JLTXJEZ09nMXBVQV9SUHp5bmFGV2g1amZTdnJWR015Q21abnRNOXk5UkxvcXUzeDFjejlrMk1ETk5iSDFLdVB0alRzcUJwa1JGMUZMQTN4ZE5oRDRRRGlkSW0tbXhiY1lETWZDNmw1dEZTVGlaRQ?hl=en-US&gl=US&ceid=US%3Aen,PBS,7 hours ago,📋 FAA Drone,https://news.google.com/api/attachments/CC8iL0NnNTVjM1JwY0ZWeWJtNDViRGhWVFJEakF4ajdCQ2dLTWdtQlVaalRuR21oVEFJ=-w200-h112-p-df-rw,2025-11-30T06:43:29.614474
A Style Icon's Style Icon Is Selling Vintage Menswear From His Collection,https://news.google.com/read/CBMikAFBVV95cUxOWjh4SEEtVTBucFpoVVVhY2hyMjhsLXgzcHVSMktCUHJkcW5Qbkl0bVdwc0l6b3M1NkNuTm9ndE5nLXJueUNlLV9JNjJaZ2lUU0xFazZuZDBybHE0bzBDLUoxd2MySURxNGtOXzNBWFdNVUhyV0NOb2NYc1FfRFMzbHVteWpBdmdFbklsSHNOay3SAZABQVVfeXFMTlo4eEhBLVUwbnBaaFVVYWNocjI4bC14M3B1UjJLQlByZHFuUG5JdG1XcHNJem9zNTZDbk5vZ3ROZy1ybnlDZS1fSTYyWmdpVFNMRWs2bmQwcmxxNG8wQy1KMXdjMklEcTRrTl8zQVhXTVVIcldDTm9jWHNRX0RTM2x1bXlqQXZnRW5JbEhzTmst?hl=en-US&gl=US&ceid=US%3Aen,InsideHook,4 hours ago,📋 FAA Drone,https://news.google.com/api/attachments/CC8iK0NnNVZNVTVyUkRSNVMwdFlMVlJ4VFJERUF4aW1CU2dLTWdZbEpZcnNsUWs=-w200-h112-p-df-rw,2025-11-30T06:43:29.614476
How Supersonic Flight Could Reshape the NFL,https://news.google.com/read/CBMib0FVX3lxTE5BWXVWMlRzNVlMS1RBX2VKbDRQY01KaG9EZ0hsZHZOSkVDSW9YLW9aYkNrcERlOXJpdFlNaTZWU3FjZER4cWxoeE5ESU9pbm96SGo1aDBKbnloMHVXb25nWEkxQ2phWjJCR0Z1Z0RMNA?hl=en-US&gl=US&ceid=US%3Aen,FLYING Magazine,16 hours ago,📋 FAA Drone,https://news.google.com/api/attachments/CC8iK0NnNVpSbk4xYnpsSmJHaGpjMWxHVFJDZkF4ampCU2dLTWdZUndvb1J5UVE=-w200-h112-p-df-rw,2025-11-30T06:43:29.614478
"Amazon Goes Full Liquidation on DJI Mini 4K, 4K Drone Cheaper Than Basic Action Cameras Now",https://news.google.com/read/CBMivgFBVV95cUxPQTViTWRHVHlCRG54X1dia1pfem1wdWNyYVRNUzltTk1iUnFNb3dWYUMtVElfNGZiT2N4ZTFMZ2xXOFZiVER0amhtUUJld0NZRkVSNGNKMUxabWZQSUFYYmN5R1NjbGFEWWp3NXphTmZ6TG9sWG04WUg3ei0wZW5tS29VaHJ5SG5SbjVtRmVrSjUtUGtINk5BMW0yTVV3V3NCelRjTlRISlJhUm5BRFpfVnJwWm5yaFAycXN1R0pB?hl=en-US&gl=US&ceid=US%3Aen,Gizmodo,5 hours ago,📋 FAA Drone,https://news.google.com/api/attachments/CC8iK0NnNU5TbVkyUXpCR1QzQk5PSFZJVFJERUF4aW1CU2dLTWdZaEZJVE9sUU0=-w200-h112-p-df-rw,2025-11-30T06:43:29.614480
DJI Avata 360 leak points to direct challenge against Insta360’s first drone,https://news.google.com/read/CBMi4wJBVV95cUxNd092dEtaRHE2eUI3bDFRSldJT0lrbHJxa2o4TUNkQW81TjdUTmY5VDhYdmZMZU1HdVFQdXMxeGNPTElib3Q2b3hNWTMzWXhNUDhXanY4Vjlqc1lSbW1CdmFTX2s4UDZnMEJOQjB2amtTOEN4a2VWNUZkSHBESzFIVTFfZGtUaWhNbjhnNTdZa2lRTDNXYzZLX2U0OVk4U2w4Wk5ZcEZsdlBoUG16UHZzYy1xXzZqZ0JNQ1ozeDR3LXpxLUJ1SG54bWVnVDB0S3JDcFF4NV9qSUdXdTc2NGJUQmZCX1VkUVlDZEd3QlpkSXJDTVdDeFd5eldRU1dVLUZpeGswNk95R1dqc1FnN3ZMSGZxNXhXTV9KYUZMT2NWZk82ZTJQOXRSNjdGek5OTHduTW95OTQwTnBCUnJLVnI3Q2kybXM0T0hnMjdQR3BMal9CaVpBb084bnl6c1lrNzVwSG9v?hl=en-US&gl=US&ceid=US%3Aen,MSN,1 hour ago,🎮 FPV Drones,https://news.google.com/api/attachments/CC8iL0NnNU9Oa05VYzIxWGVVTmZYMHhZVFJDcUJCaXFCQ2dLTWdtdFVZYnlOT056NmdF=-w200-h112-p-df-rw,2025-11-30T06:43:29.614481
A Complete Guide To Understanding FPV Drone Value And Features In 2025,https://news.google.com/read/CBMisgFBVV95cUxQMl9IZlZYUFNmMUdnRGhxaHVpVzJhd1BTN0ZJMVV1T3owbjBuaTFhOTFlYjRHSXF2S0JIMzV5eVBjbnYwb0hmYW10ZldGYzJEbjNOUmhBOEZkVWJ2NzFkMEtvYVpLWUg5bnFibVpiQ2l3MXdpV3E0UUxIc21Wb2ZzRGlJa1pTUVV3c0ZySFdFY05tU2kwb1RWTlF2WXZrclM5eTNNV2dnRHcxOFp2UW1lQzlR0gGyAUFVX3lxTFAyX0hmVlhQU2YxR2dEaHFodWlXMmF3UFM3RkkxVXVPejBuMG5pMWE5MWViNEdJcXZLQkgzNXl5UGNudjBvSGZhbXRmV0ZjMkRuM05SaEE4RmRVYnY3MWQwS29hWktZSDlucWJtWmJDaXcxd2lXcTRRTEhzbVZvZnNEaUlrWlNRVXdzRnJIV0VjTm1TaTBvVFZOUXZZdmtyUzl5M01XZ2dEdzE4WnZRbWVDOVE?hl=en-US&gl=US&ceid=US%3Aen,Youth Ki Awaaz,17 hours ago,🎮 FPV Drones,https://news.google.com/api/attachments/CC8iK0NnNXFZemswT1dwVFZIZ3dSVWcyVFJDQ0F4aWVCQ2dLTWdZeGs1SlF0UVk=-w200-h112-p-df-rw,2025-11-30T06:43:29.614483
Bilopillia Community Faces Intensified Drone Attacks and Humanitarian Challenges,https://news.google.com/read/CBMiswFBVV95cUxQd01ZYlpmSi1LSHBtY25ITUV1Q1RyNTBfM0Z5NWdMNDZmYW9ubFFLZVN4bExZY192Nmt1NVU5RXJlUm1uZmtNVVJmd19GSTh1UXE4S2FGQWtRSDcxMmliWFMwTnVKZkozbElGY0tKNnJyblhPMlBrVGxDUXRyS1R1SGFqNWp2TGJLXzVvTklxeHVVa2t2WTJDT3hSXzJOLUVHQzNLWjFlcWctb3J0aVozM3Q1a9IBswFBVV95cUxQd01ZYlpmSi1LSHBtY25ITUV1Q1RyNTBfM0Z5NWdMNDZmYW9ubFFLZVN4bExZY192Nmt1NVU5RXJlUm1uZmtNVVJmd19GSTh1UXE4S2FGQWtRSDcxMmliWFMwTnVKZkozbElGY0tKNnJyblhPMlBrVGxDUXRyS1R1SGFqNWp2TGJLXzVvTklxeHVVa2t2WTJDT3hSXzJOLUVHQzNLWjFlcWctb3J0aVozM3Q1aw?hl=en-US&gl=US&ceid=US%3Aen,Букви,19 hours ago,🎮 FPV Drones,https://news.google.com/api/attachments/CC8iK0NnNUpZVkl6TkhORmNtaGtZMVIxVFJDUUF4al9CU2dLTWdhTmdwS0tOUWc=-w200-h112-p-df-rw,2025-11-30T06:43:29.614485
The Next Surveillance Boom Is Taking Flight,https://news.google.com/read/CBMieEFVX3lxTE9tRWVzNlZia2I4dXRfMzRGRlJRMWtra0ZZeHZZRTR5dzVBX0V4QS1aU2Q4QlVvbEQzZ3pIZnRFUHEyNUVGX2N2UTFvdldOcnhKakkzTjAtekJ0dElENlM1QUhyY1BWODVJSjhFYjFqMjJ4ZjdsTTNnWg?hl=en-US&gl=US&ceid=US%3Aen,reclaimthenet.org,12 hours ago,🚁 Quadcopters,https://news.google.com/api/attachments/CC8iK0NnNW9YM1pXT1VWdlMwbE1ZelZ6VFJDZkF4ampCU2dLTWdhWlVZNFNMUWM=-w200-h112-p-df-rw,2025-11-30T06:43:29.614486
UN rights office condemns ‘apparent summary execution’ of two men in the West Bank,https://news.google.com/read/CBMizwFBVV95cUxNaTVib0NoUE5CYUQzb0FRa2pPbE1iZnBsUFhlVExnVGg3Rmx2YVJWbHdNODRMQ29kVmpNVmFDa2gtcDhFd1VHcEVrRVNhSndkRkpIbVE0emVzZ3daNGIyTjlaeDcwWE9RYTctNFdUOTRDV3REUWs4MHhkb2VSWF9KNnNJOG1hX24xX2k3XzRyTVVKdkR4VTVqM245QmM1dUtEaXV2QUVxN0x5c3FVUTRfd2h5VzFubTN1MlhsYVQ4M20zYkpLX2pzemtUM3ZEMk0?hl=en-US&gl=US&ceid=US%3Aen,The Eastleigh Voice,16 hours ago,🚁 Quadcopters,https://news.google.com/api/attachments/CC8iK0NnNVdkVFF3Y0UxR01sUnRhbk5XVFJEMUFoaTNCaWdLTWdZUkJwUUlrZ28=-w200-h112-p-df-rw,2025-11-30T06:43:29.614488
"Turkey unveils new ""kamikaze"" drone",https://news.google.com/read/CBMihwFBVV95cUxOVFNaOENPaHFFZG1WbGRFYWlyTVlob3l6cXU5a3czUDRsb0lwWEZibkE5S2ZDb0ZSbWhERlBZelBzNV92a2g3RHd5bDFzUmZlWmV2YXhVbmxDNEdxMWJBNGVqVGlRd3A0dGVYWmE2VEtzQThYT1pjUzRmalZHSkt0V0JFeHBaMkXSAYcBQVVfeXFMTlRTWjhDT2hxRWRtVmxkRWFpck1ZaG95enF1OWt3M1A0bG9JcFhGYm5BOUtmQ29GUm1oREZQWXpQczVfdmtoN0R3eWwxc1JmZVpldmF4VW5sQzRHcTFiQTRlalRpUXdwNHRlWFphNlRLc0E4WE9aY1M0ZmpWR0pLdFdCRXhwWjJF?hl=en-US&gl=US&ceid=US%3Aen,Telegrafi,15 hours ago,🚁 VTOL Drones,https://news.google.com/api/attachments/CC8iJ0NnNXNjRkZuZVZGeE9VcG1hVmxIVFJDWkF4anVCU2dLTWdNeGhSZw=-w200-h112-p-df-rw,2025-11-30T06:43:29.614490
Turkey unveils new fixed-wing kamikaze drone,https://news.google.com/read/CBMijgFBVV95cUxQTTZKUno3R0NSM09icDMxRGhtZk9uVUd3Rk9BZlpMU3ZtdWxRQThvUjBjcnVrM1l2aWRDeUdtNURuN1NPdE82VmNBdVMwSWdHYXdjakhwNDg5SGk0ZUhuWjMxRGs3WTdOOXhjVFhxY0FZUWRTaDJXczZDS2xmUk5MN2pHaXVXdTBYWFlEVlVB?hl=en-US&gl=US&ceid=US%3Aen,KOHA.net,16 hours ago,🚁 VTOL Drones,https://news.google.com/api/attachments/CC8iK0NnNUhaWGh1Ym5ONVEwdDNkVmt0VFJDN0F4aTFCU2dLTWdhcGxaYnRzUWM=-w200-h112-p-df-rw,2025-11-30T06:43:29.614491
Cincinnati police's $4.8M drone program takes off. How does the eye in the sky work?,https://news.google.com/read/CBMi0gFBVV95cUxQeTduREphMjdkY1h3R2JvT29PSmF1Vk8yMGthdV9NNWJ5OWFHNFBaVnBXdjl3RzRpX2JHV3JGUXZrN3BRdGxnNXF5VTMtc0JXUDAwYndPWTdDX1FGQlkyVjU1endKc19PVHByeVZDeC1qZGcyQWFHVUpoSVh6U2hWa2dBTElhYU1rMFFmeXNxeXdJMmM4TmxtMVhOLUFhb3AzU1l4SEdHS0Ziajd1bGFSY3MxUXU4UmlhNnV6c1hQRmhsUG9XNl9LOFU5Q3JzV0Z2ZEE?hl=en-US&gl=US&ceid=US%3Aen,Cincinnati Enquirer,1 hour ago,👁️ Surveillance Drones,https://news.google.com/api/attachments/CC8iMkNnNTVNelpzUW5sRGFERlplV0ZXVFJDUUF4aXNBaWdLTWdzQlVJUUFSdVEwU1ZvVFZB=-w200-h112-p-df-rw,2025-11-30T06:43:29.614493
Santa Ana PD wants drones,https://news.google.com/read/CBMijwFBVV95cUxNVjdHWklISXNGWW9rc2J2QmJjQ0pGTW1nemhYdjlPQWdfY3YtbmhkT2JjVnJhMVFmUGNPWWxPSDZfSllJek9WcHFXbnBHcC1Gd3IzUFBMeHhJMXVDdHFWWDZHSk55RWNiZ2dMakpBYkNUOGNsVkZOd2NzZlgyOV9GMzlIeXRvVERPZlc5dU44VQ?hl=en-US&gl=US&ceid=US%3Aen,LAist,14 hours ago,👁️ Surveillance Drones,https://news.google.com/api/attachments/CC8iL0NnNXhialJPUlU5dldETkxSMUV5VFJEQUF4aWdCU2dLTWdrQk1aRGxwR2JnN1FF=-w200-h112-p-df-rw,2025-11-30T06:43:29.614495
Germany Hit by Record Wave of Drone Intrusions Over Military Sites in October,https://news.google.com/read/CBMivgFBVV95cUxPbUViUDBObkhhMXNmdDFzcE52YWMzeldjQkFvWF9pWDBMSnpqNGVVUDJPZkVzVFlVeXBydUw2MjM0S21jeUJDYk1nZlhLZnNScXZUUmJKb1Rwa3pHYW9tRWsxcTNUbFJyaGVEYmxNaUt2R3lIbHZYR1dnUzV0a2NTQ0stWTlzeGhDQzNjcldTbXlRNkk2VWx3ODBVeGpGb0lucEpiWXk1bEF1c2VEczBPaFRBMnlNeUxEejNUa2NB?hl=en-US&gl=US&ceid=US%3Aen,UNITED24 Media,16 hours ago,👁️ Surveillance Drones,https://news.google.com/api/attachments/CC8iK0NnNXdNeTFEYjFOdlUyZDJhVTFPVFJERUF4aW1CU2dLTWdZQmNJWnNRUVU=-w200-h112-p-df-rw,2025-11-30T06:43:29.614496
October sees record drone activity over German military sites — Reuters,https://news.google.com/read/CBMirgFBVV95cUxQNU1fc2FOYmdxdnlkbTZUUjJBSW9xMklGRzBrOEQ4bHlqSXdrMjEtalk5cWVEZWJCajNHTHJIM1F4TzlWY0VNX0M2VHQ0LXVnbHhpTEJTQ1VTUFR4MVFDbC1qY3ZZTHJfbVpXVi1oWHVyR0dIWXN0ZnEyNEprbENrdWJ3MkVVOHNpcy02d1pNdURqR1BaRWJ3bG1WYkV1d1dpZzR1amN2VVVOaDA4WHc?hl=en-US&gl=US&ceid=US%3Aen,Euromaidan Press,16 hours ago,👁️ Surveillance Drones,https://news.google.com/api/attachments/CC8iK0NnNW1UV2wxWDNOb2JrZDNXVUZXVFJDeEF4anRCQ2dLTWdZQmtJcG51Z1U=-w200-h112-p-df-rw,2025-11-30T06:43:29.614498
'Spies in the sky!' More than 60 UK councils launch fleets of DRONES to snoop on residents,https://news.google.com/read/CBMicEFVX3lxTE4ydEtncTE2ZUwzOVF2U0x5Rk1BVXV5MmJ0VmNvVno0TVE5cVgyYnVibkZVczQ4c2YwWThhSUNHcVNYZ0syRzFCSGpKWVh0ZVZhQ3RqeXpldmZRaFl3VHZzWXU3MHpha3NibTlKeTlWX0w?hl=en-US&gl=US&ceid=US%3Aen,GB News,49 minutes ago,👁️ Surveillance Drones,https://news.google.com/api/attachments/CC8iK0NnNTFjRXBEUTNoT2EwUlhZbTV0VFJDZkF4ampCU2dLTWdZbHRKQ05PUVk=-w200-h112-p-df-rw,2025-11-30T06:43:29.614500
Councils fly drones to ‘spy on residents’,https://news.google.com/read/CBMijAFBVV95cUxQSmV6ZlZraDBWOG9LSWtHdWtYQjZ1S25NaGo0YUxrNTZaMjZ2aFo0ZGZXUWlzN2h4ckhJVEE3WWtvUno1ZWFqY2RfcUhOa0pFak1RaXlVd1l0dW9DeFVjOTVQM1lZOVl1V2NEcVJIcFhlcmV5aDhwb1lxWVlpbjFEWUY0T0drVVNJZlpvYw?hl=en-US&gl=US&ceid=US%3Aen,The Telegraph,15 hours ago,👁️ Surveillance Drones,https://news.google.com/api/attachments/CC8iK0NnNVZUMmxVWDFOSlJFRm1ibWczVFJDUEF4aUFCU2dLTWdhSkVhTFZqQXM=-w200-h112-p-df-rw,2025-11-30T06:43:29.614501
Turkey unveils new kamikaze drone capable of dangerous maneuvers,https://news.google.com/read/CBMikwFBVV95cUxOMDdNYlQ5Zm9ZOWUxdGpPaDZpTWlBN2VsWjcya3RXU2N2aTVYWXp5RXJGbzh4YXp2SXJJZ0RtX1dMMUxNeU9yLXdtNWQyNk9sd2MxMmVJSXBzdDJHakZCZlgweUxrM1E0YjR4alVzN093T3ZDNG5vZEd1VkRjWHRXdWs5cTdFdUpWcjc3QWhMbVFIZHfSAacBQVVfeXFMTmpPS1dqZG9NNHR0X2poRDJvNWJYSk9BUnBTd1dqOGE3RFVXdmV6VERhZUpMVEw3eGUyZXkwZENxR19KRWJ5NFRRQXN4aDZYUzc0NDZSX1FyVEtsc1g0OFNBdnNVb3J6TnJDNGRKQm13VWpEelZnS1AxeGVWNV9sVTlDbmlYT3A0ZTJxaHBjelJHZzVTdFdFVDFYVm04NGx6R2dBWGtPY1E?hl=en-US&gl=US&ceid=US%3Aen,Telegrafi,16 hours ago,🇹🇷 Bayraktar,https://news.google.com/api/attachments/CC8iI0NnNVhOMGh6TW05Q1VtNWFaWEp5VFJDZkF4ampCU2dLTWdB=-w200-h112-p-df-rw,2025-11-30T06:43:29.614503
Turkey gets new suicide drones,https://news.google.com/read/CBMibEFVX3lxTFAtUERqY0ZZN2lPUHkyYmRWYnc2LUxJamhKOVFBLVhrMmRlcTd1OVQ0TkROdEc5a1FXY0E1MHNrSTJxdXJMVmtsUHhuMmYwTVdram4yMjNKMklxX2plVU5ueXNHRXhwUmJzay1EZQ?hl=en-US&gl=US&ceid=US%3Aen,Indeksonline.,13 hours ago,🇹🇷 Bayraktar,https://news.google.com/api/attachments/CC8iL0NnNUZiMGRRWm5ObFFtaFpjbVU1VFJDVEF4ajVCU2dLTWdtWklaWnRyYWlhcHdJ=-w200-h112-p-df-rw,2025-11-30T06:43:29.614505
Marine Corps reaches retention goal in just a month,https://news.google.com/read/CBMidkFVX3lxTFBsQ092NWZXNE9qanJMRTNzV3l2VHgteWEzUE5wbnZyMTNGQk8waXhkdVJabExaZjhzX1hKdzREZk9OZ2Fkck0yU0FZS0NlWnRMemtzQ3k5amlnWEUzbGpwZnQ2ZzZzWVZtVnE4TXgtREdBNmVaNGc?hl=en-US&gl=US&ceid=US%3Aen,Task & Purpose,10 hours ago,🇺🇸 Reaper Drone,https://news.google.com/api/attachments/CC8iMkNnNTJabDlIWWxZMUxXMTFUeTFFVFJDZkF4amlCU2dLTWdzSllKREVzV1pyaWJyQmF3=-w200-h112-p-df-rw,2025-11-30T06:43:29.614507
The best Black Friday DJI drone deal is now live for everyone — score the best-ever price on the DJI Mini 4K,https://news.google.com/read/CBMieEFVX3lxTFBzd1M3TENvYlFQUW9kOHpJTmRmcEJOa1lyMGJtdkFhdUFfbEhnQ2tjd0pZRzRNb3Ytb00wckwtOXltWV9rU3h4QnpKb0lZWEZZaGxiS2RIQzRtUDVFOGJIdkVkeXZxZFNoRWpUMTRpbUhRWjF1Nzl0MA?hl=en-US&gl=US&ceid=US%3Aen,Mashable,22 hours ago,🇨🇳 DJI,https://news.google.com/api/attachments/CC8iK0NnNXhNek16ZEVkVFREQnlibkl0VFJDZkF4ampCU2dLTWdZWklZcVhGQXM=-w200-h112-p-df-rw,2025-11-30T06:43:29.614508
What a Ban Would Actually Mean for DJI Drone Owners and Holiday Shoppers,https://news.google.com/read/CBMie0FVX3lxTE5EelhfODRxdjNQOGE3cno0TGJJOXhrU1JkU0RPVXlfTnBpRkkzb3lENVRlaWZyRmdjWW5raWdrTEp4cFFYbHdiczRJTE11TnBfLVdRMmlNRENYODdmRDRwVk5tWmhhZ0RGUVZ4ZUNYdkNoMW5PSXBXZ2NSaw?hl=en-US&gl=US&ceid=US%3Aen,AOL.com,9 hours ago,🇨🇳 DJI,https://news.google.com/api/attachments/CC8iL0NnNVhVMVJDT1daNFIwRnhOVzVQVFJDaEF4aUFCU2dLTWdtRmc0b0h2aVYwemdF=-w200-h112-p-df-rw,2025-11-30T06:43:29.614510
The day after – lots of Black Friday drone deals have landed – and are still here!,https://news.google.com/read/CBMioAFBVV95cUxOZ1NoUV9ibUV3MHNCRHQ2alBHWlQxcnBpV3l0Mk1USFpab0FHaVVkVmV4VXJ3UHN3cksxWlRIblg2Wnd6dlRvckVFcHo2MWRoSFRJN0NaQzlIN1ZxU2VMbkpvTWhHSkR5b1dIdHVfeDBkVzlQb0VDTUZqM1FOQXNjRFRhdUVXZ3daTkd2ZUNaMWJfcWRtQjBmaHZzZ3lqVE9Z?hl=en-US&gl=US&ceid=US%3Aen,Digital Camera World,20 hours ago,🇨🇳 DJI,https://news.google.com/api/attachments/CC8iL0NnNVpTV0pCWldvMGJ6Sm1Ra2RLVFJDZkF4ampCU2dLTWdtSlVvTEZvdWhjdGdB=-w200-h112-p-df-rw,2025-11-30T06:43:29.614512
The Neo 2: DJI’s Best Starter Drone Just Gets Better (And Funnier?),https://news.google.com/read/CBMic0FVX3lxTE1QbFIzV0NUQ243ZXVCSzQxVnlMUEw5aW9ZdjRLWWxOZDBzTVk5SWlSaTRxT2V2VlJnMGVpTjFOSHV6WFNwWHdIMUExM1I1QTFRTU14ZGo5Zlp2T0M3SnUtV2luOVdHOTltT1VrWFhGcXJFeVk?hl=en-US&gl=US&ceid=US%3Aen,DroneXL.co,15 hours ago,🇨🇳 DJI,https://news.google.com/api/attachments/CC8iK0NnNTJPVFpQUkRGR1VrMVNXbEZzVFJDZkF4ampCU2dLTWdZQmNJWXB0UU0=-w200-h112-p-df-rw,2025-11-30T06:43:29.614513
"The best Black Friday deals on portable power stations: Jackery, Bluetti, and DJI are still at record lows",https://news.google.com/read/CBMi-wFBVV95cUxNVWdIZVdHWGdaeUNiSEp1bkpGYlJCVXo1bTVPZlRBR2RPUEx4YTRSTzQ5T0thNU1vYl9MVElXWXFCQ2RWbDVLWXUxS2pWQTBVSkRYWkRrN1piVHpNcDJOSTkyeFl3ZUhyb1Y2ejFibGFRNHNtdUstT3A3cTFnZUVfVlJZaEtEVjhiRl9NVkdBbkxwWmswX2JnYWhmY0RTYjVJRHR0Vm93aWZEMnNVQ1FCdUJKM1VfcnVxMl9MYTZQZXJ4NFQtUjcxbmxYNTFYMmxLWTNyYXhJaHdNTkliNjAxaUthZXkyQWtQckRURzR3ZjdYSnp0bWdUSnlnbw?hl=en-US&gl=US&ceid=US%3Aen,cinetotal.com.br,16 hours ago,🇨🇳 DJI,https://news.google.com/api/attachments/CC8iI0NnNDFlRWQ1VVhWTVYxRnhhakJNVFJDZkF4ampCU2dLTWdB=-w200-h112-p-df-rw,2025-11-30T06:43:29.614515
"Best Black Friday DJI deals 2025: Mics, drones, power stations, and more",https://news.google.com/read/CBMibkFVX3lxTFBLTkJGX0U5NEF5RzU2NWs3NzlCSV81SzVYbTdHR3JpUUR1UWFuOUU0UnBEdXpfWlYyMDYxV1o4b19ucjZpS01HYVJyem1QTUVBdTJIYWZhcDY2VWFiZjY1NmFOVk9oWFNDUDhQaF9R?hl=en-US&gl=US&ceid=US%3Aen,Mashable,22 hours ago,🇨🇳 DJI,https://news.google.com/api/attachments/CC8iL0NnNUlSRms0UjNaNlRucGZVVk5HVFJDZkF4ampCU2dLTWdrQkFJS1hIT2pJdGdB=-w200-h112-p-df-rw,2025-11-30T06:43:29.614517
MALS-36 Commander Relieved of Command Duties,https://news.google.com/read/CBMimAFBVV95cUxNUzRzZDhHaVk4eUZOQ1dwYno4cHRhZUM1T3oxZ3ZTaWpVZ3Nsem4wTGRyZGNnZTdySV9IamtGbFJja2FlTEpHZXpBSzRJY1ktRVpwamo0akdxYlFsV1VpLVVvd1ZqRlFkWTNfQlI0dlZlN1gxR2ZZeExxOV9DWjZGM19uV2FmWUZIeTAtSllwNFQyMkRFQkh4cg?hl=en-US&gl=US&ceid=US%3Aen,Military.com,18 hours ago,📰 Military.com,https://news.google.com/api/attachments/CC8iK0NnNDFlRmMzUTI5VVJYUm5Vbll6VFJEZEFoanRCQ2dLTWdhcE5Zek5JUWs=-w200-h112-p-df-rw,2025-11-30T06:43:29.614519
Lawmakers to VA: Use AI to Help Prevent Veteran Suicide,https://news.google.com/read/CBMixwFBVV95cUxPSF9QM3lzRk9WU0wweDR1cG1vV1RUTDFOWk9HdzFZVVl3VVgyeDE0a2hhRzVPUUZhSHE4VGpNbGQyYjFFOWdtNFQzUlVJMWJlcWlnN0gyVzJWWVRYRW1KdG9HR291S0FGczdnajd5TE83ZkZ1bHpVRjRfakFjd0gtUDgta1N0VnZ3cm91ZDM4UExibEZVSUh2N0tGaVFhWTZDX3g5Qk9YVlpHT1pvQWgzbURVdXZFU0xGSFM4dUpZLUgtYUM4dDlF?hl=en-US&gl=US&ceid=US%3Aen,Military.com,17 hours ago,📰 Military.com,https://news.google.com/api/attachments/CC8iK0NnNVlPRXh3V0VSWlVtcE1WVTVQVFJEb0F4anRCQ2dLTWdhWmxJeU91UVU=-w200-h112-p-df-rw,2025-11-30T06:43:29.614520
Italy Once Stole Secret American Intelligence Codes Which Nearly Made Britain Lose WWII,https://news.google.com/read/CBMi-wFBVV95cUxPaUk5Ujlwa2JNcHkxeVdlZ2hMaFZOSUQ4dWNIOXJ4cTJTZUstYU4tcWFrOHRIYlpsSzZsNmhnWHZpVU94M1llNEFuXzBDcktCZFd4RDU1aEc0aHprTW9pWGJyT1U4LVhNMXJZSVZqOUQtR1oydnVGaTlqMHFmaFZvcmJKRlBwWkxhcVJsaXRsSC1kU3dUZjZ6RzVlYUF5V295dDNFZ0NNbEtROHlyU1hTMjhFQUFva0UxcUdoTXNpR3h4OW1JUE9hVW15QUpKbTc4RlQtMjVRLTZmWk1XTWNFNmpZaUptbWNlM3ZfTi1hUFJBZjZvOG4zbkdtRQ?hl=en-US&gl=US&ceid=US%3Aen,Military.com,18 hours ago,📰 Military.com,https://news.google.com/api/attachments/CC8iK0NnNUxXVEJSWDFsRFlUaFFaRWxJVFJEdkF4anJCQ2dLTWdZUllwQm5MZ2M=-w200-h112-p-df-rw,2025-11-30T06:43:29.614522
Trump Pushes for More Restrictions on Afghan Refugees. Experts Say Many Are Already in Place,https://news.google.com/read/CBMizgFBVV95cUxPbnJPenBXTlFmaW5MNlYxUVRmVGc1Y3pRMk4tSllXNm9FODBvQjNsNFlLOGRWXzNhTHh4akUxUkxwTDNTcUpiX2p5TTkzVDM0SFZBNzJseHhSWHBZeTRUWk5UaW9QVXc5NF8xczkySEoyOVpVYXNzME93NlNHNEpkbEJiRy00M2ZXWkRlXzFVT0pERGloTG5RQkdrX3BabE04ZjhuaTduTVdCeU1FeXJReVVaMlZaMGl6R0YxMWlGa3RCSlR6WEt3OGhOUlJuZw?hl=en-US&gl=US&ceid=US%3Aen,Military.com,17 hours ago,📰 Military.com,https://news.google.com/api/attachments/CC8iK0NnNWtjMnhqYkZSYVEyeE1hVXB3VFJDZUF4anRCQ2dLTWdhcFZJeU9LUWM=-w200-h112-p-df-rw,2025-11-30T06:43:29.614524
Military Daily News,https://news.google.com/read/CBMiS0FVX3lxTFBNV1NnMkJwaDFQUkFSazdTYm1kRjZheDVoZFZPSlNyWENHbFFoY2NZS0Z4WkJiYWpDeE12ZXVxaXZoZktvb0tLUEt3UQ?hl=en-US&gl=US&ceid=US%3Aen,Military.com,"Nov 26, 2014",📰 Military.com,https://news.google.com/api/attachments/CC8iK0NnNVFiemh2TFRCVVdURkhZVWg1VFJET0FoajBBeWdLTWdhcFJZek5JUWs=-w200-h112-p-df-rw,2025-11-30T06:43:29.614526
Veterans on Creative Paths,https://news.google.com/read/CBMifEFVX3lxTFB6VkJJSnBTRUtpZmJFVWNiNTVuSTNRd0R6YkxSLVNnMDN3WXp0djlPY0JJMnlzNms2X3dNTkpubElaYXc3YTNJSkJGZ0hpTm5nNi13UXo1cFIyUlk4ZmtuSVpSWklXVkxFYjBOZkpUcWk5U2RGaFB0R0hxUmk?hl=en-US&gl=US&ceid=US%3Aen,Military.com,18 hours ago,📰 Military.com,https://news.google.com/api/attachments/CC8iK0NnNUhaRWRzWkZSTVQxazRjbk52VFJDMEF4anRCQ2dLTWdhaE5JN05OUVk=-w200-h112-p-df-rw,2025-11-30T06:43:29.614527
Communities Honor West Virginia National Guard Members Shot in Washington,https://news.google.com/read/CBMivwFBVV95cUxQaEpmdEJrTFAwU1dFanEydEpON254RUpCc3NiVEVKb3JXOUhPcmlBVGg5V0Jjc2hsamNJZXVUazVoM0ZQZW12QzBfTnBZblVqbi1iVFItdmdTeGJvZGtTOU5UZFF0ckhlS1pvWDd3QWVxZ0JZSmtPU1ZNbE1QZk9XcmNxNFlFZ1JpODdTdzdDWEhfUHdrUTJiTUVEQV9DOVlBTGVDU3JlWWJBNnlDZW05M3MtRndNdjNZczhhZmlMQQ?hl=en-US&gl=US&ceid=US%3Aen,Military.com,17 hours ago,📰 Military.com,https://news.google.com/api/attachments/CC8iL0NnNVdUV0pMVlcxNldtWTFTMDB6VFJDZUF4anRCQ2dLTWdtTlVaQ21wbWMxeXdF=-w200-h112-p-df-rw,2025-11-30T06:43:29.614529
US Halts All Asylum Decisions as Suspect in Shooting of National Guard Members Faces Murder Charge,https://news.google.com/read/CBMi3AFBVV95cUxNb3VKRkxZSTFpaUlUMnotTXdiQ09JX1BjQjB3WU1xeTJYU3FEUXJyN2ZLWlpKbDItSjB3Rngta2VlcGVtcS1BekdELU0wOEo0bzZQVEdJak80d2E5QUJGWmRoRjVKcFJIejB5LTd3bmtSamowRURmbmNXUEsyNWd3eGZ1WXRIQXg0aXU0N2h6djJQa25wVmJUdWtpRGd4S1pUR0ZoR01LVGlYc1lCWXQ1ZlV0Y0paTU16LXJFcVRjUjVIVlNnczBXblFnaDVQWXdqLUY3ZVNINXRHS3RL?hl=en-US&gl=US&ceid=US%3Aen,Military.com,17 hours ago,📰 Military.com,https://news.google.com/api/attachments/CC8iK0NnNTRjbnBNVFhNMlNHNTJjR000VFJDbUF4anRCQ2dLTWdhTlFaYm9wQWs=-w200-h112-p-df-rw,2025-11-30T06:43:29.614531
Experts Doubt the Pentagon Can Punish Kelly Over the 'Illegal Orders' Video,https://news.google.com/read/CBMiuAFBVV95cUxOWUozLVZpQzh1S0RLZGJoa0dfZ0JXVER2bGJUejJTbVd2UGhiYW00MW1pb3ItLW5EdTBSWFV4V29YaUZXcWhNX1VoY0pNUjJweE5uWWtKT3l2RzF0OEhQWDhwTTdaMk1QS1dybGU2NUZJazRFdTFwZ0JkZk0yUGFXYldROENxbmMzd3d3VEVXYUw0bFFnSHVWVmFreVJULUJQX0pudnAyZXFSb3U5LWl1OEVJQjVBTGVF?hl=en-US&gl=US&ceid=US%3Aen,Military.com,16 hours ago,📰 Military.com,https://news.google.com/api/attachments/CC8iK0NnNWFSVXQyVEdKcll6UlZaVk5PVFJDZUF4anRCQ2dLTWdZcGRZS3V0UVU=-w200-h112-p-df-rw,2025-11-30T06:43:29.614532
"What is Operation Allies Welcome, Which Brought in Afghan Refugees?",https://news.google.com/read/CBMisAFBVV95cUxPMVhQZzUtbjRBUFJMTUZUcW84ZTVscUhwT2lPRVJZNFZGeWx4b1QxUjQ4WWNFd2pmUkkyYkJ1cUZTNlg0Qzg2ektKZUpudnBEMGtDVWZ5dlRnNEZ1X05Bd2t6bzA0NGhvZHlhc1YzN0x0bEVMVlhvd0t6STJVdGVjUk1qZENJdUUxRjZuQlR4emh4eWRvcUpDWExvNHREOFRORUhLM09rREJKTHdkZnU4Rg?hl=en-US&gl=US&ceid=US%3Aen,Military.com,16 hours ago,📰 Military.com,https://news.google.com/api/attachments/CC8iK0NnNWtUblJzWVdsT2VrWTNVV3RrVFJDOEF4anRCQ2dLTWdhQlVaVE1xQWM=-w200-h112-p-df-rw,2025-11-30T06:43:29.614534
"CPC says oil exports halted, equipment heavily damaged by drones",https://news.google.com/read/CBMitgFBVV95cUxPV2FQb2cyVFhxMHlSV2lDQ3ppNmFIM041a0JhWl9DeWduaU9fOWl3Ty11Q2xCVXJubF9aWDlKQVRRSjRnNlNHWEhRVnpuOHhvTlhnaEppNEQySXlEcy1rSmlXZEpiTmR1OEdmcTNadk5lb1FDQl9sSlJhUWh0MkJuODJnT3Vnak56TVVaSHZpNm9NWG1jalY4M1QzbTdnUVBYNEtzWno3QWtoejVJNGpWSHFfamluQQ?hl=en-US&gl=US&ceid=US%3Aen,Reuters,17 hours ago,📺 Reuters,"https://encrypted-tbn2.gstatic.com/faviconV2?url=https://www.reuters.com&client=NEWS_360&size=96&type=FAVICON&fallback_opts=TYPE,SIZE,URL",2025-11-30T06:43:29.614536
"Fire at Russia's Afipsky oil refinery extinguished after drone attack, authorities say",https://news.google.com/read/CBMixAFBVV95cUxNenlNQkgyc2Vpcl9IbndRLWtQVngtZzJIWkZMNVNBSFhpNU1EbGFvdXBEdzlKOHRqaTN3STZUblRaRHZVdzItNEVvSzBRRUtkVXNxNFJFeVl6bjdLUWhUdDVYUkY0UnZUak1iQWhXM1pIQk1HS1EyQlRfSWxCcmE3bThJRl80eXNBMHRLVE5fOUF3TDh2X1VIX0daZTRnTnpKaE9nU1VWbTc0THYzTUlSa0YycHp1b2FxTkJqRTV5R2JpNVh1?hl=en-US&gl=US&ceid=US%3Aen,Reuters,21 hours ago,📺 Reuters,https://news.google.com/api/attachments/CC8iL0NnNXZia2hNVVVGRU5rNVhPV1J3VFJERUF4aW1CU2dLTWdtSk1ZZ3FNYVdLaHdJ=-w200-h112-p-df-rw,2025-11-30T06:43:29.614537
"Iraq's Khor Mor field to restart gas production within hours, Kurdish PM says",https://news.google.com/read/CBMitgFBVV95cUxNcHhtYl80MHFFUG51NnVzUUR0ZVVlMXJES19YM3ZZdDh6S0w1QW1rUWdyY3VTWV9yZWdiNTJwcmxVRVRPWTNpdWJtUlp6MlBBSnFpMkRCeGVZay1Cb0tuR2dHTGlMMHhFemx5TzVkS2dnQlFlbkpxWF94T1B3NTlUcXZRMV80Z2FXS2NkVzJkS2JKa3BWTzhqdFNZcnVuWVJoSUM0Q2xidTFPZFY2SzZnSlQ0a2tVdw?hl=en-US&gl=US&ceid=US%3Aen,Reuters,9 hours ago,📺 Reuters,https://news.google.com/api/attachments/CC8iJ0NnNWhUa3RHWHpacmRtRlFOSFJmVFJDcUJCaXFCQ2dLTWdNeGNBdw=-w200-h112-p-df-rw,2025-11-30T06:43:29.614539
"Unmanned vessel attacked Russian shadow-fleet tanker in Black Sea, Turkey says",https://news.google.com/read/CBMixwFBVV95cUxPUlhaQXd3YllkSGM5SkszUmFEYXBzSVRORmF5UTV3RGVsSG5sYmo1QmJubFpReW1nWlF4MW43Ri12UDllQTNscHJRREJhUFhEOWJrdGszUDV5RFR1d3RTSGJxT0NtNVhVMzBGOHZxcm9fMFpiVFBjaGJZVm45NlRGbDNkbXRPZ0RHekt1dUlvQ2ZLRjZicEVnLU5WcXpMMWZuOHFuZVdXRVRKRndtdUFXMXhfSEM2cmo3d3VCaUh1OWxFRHFBbTRN?hl=en-US&gl=US&ceid=US%3Aen,Reuters,20 hours ago,📺 Reuters,"https://encrypted-tbn2.gstatic.com/faviconV2?url=https://www.reuters.com&client=NEWS_360&size=96&type=FAVICON&fallback_opts=TYPE,SIZE,URL",2025-11-30T06:43:29.614541
"More than 70,000 killed in Gaza since Israel offensive began, Hamas-run health ministry says",https://news.google.com/read/CBMiWkFVX3lxTFBHTnBpc1g2Mk9KOVBzLWkyTUc0Z1NBdzRfUlVnN0V1QVNVYzJQd2plWkl6RHFLakpGWHBwb3hOMXFlaEszWDJlUmI4QjB2cU0yVXNiSkpPcFFBQdIBX0FVX3lxTE5KdzhYa1JuZ1diamZsSVU2eUNOMDRsRTZWN0VqRVJNTE9tNFpYVkRyalVpRXRNbVJNOUVWZnVlb2h0dk1HeUk5anh1X00yRGVWa2sxcTFWZzlfTWJMSW1N?hl=en-US&gl=US&ceid=US%3Aen,BBC,7 hours ago,📺 BBC,https://news.google.com/api/attachments/CC8iK0NnNW5lRU5hY3poaWJYVjFNVzV4VFJDZkF4ampCU2dLTWdhSkVKS3NuUWM=-w200-h112-p-df-rw,2025-11-30T06:43:29.614542
Women in business 'scraping by' despite viral online success,https://news.google.com/read/CBMiWkFVX3lxTE4xVWRTWndUT0FXSmZ3RFNGb2ltM053YXBlY1NZMzdyOXh0ZTNacGFYY1JjaThlVy1XM1lYLWM0VFpUVFlza1Rrem5yQUUzcVZFOTZMc2xHZGR4UdIBX0FVX3lxTE1XNkF1UmRCTkZJUW1QdTFzLUZUdjJrbUlEdDlMX3BUNjVYNE9OOFNBNTZLUk5BSDBDT1ZCZlJLbHp3M3NfMWJVakF3eThBV3N2ZWoyR1U2UDNqM05PY05r?hl=en-US&gl=US&ceid=US%3Aen,BBC,23 hours ago,📺 BBC,https://news.google.com/api/attachments/CC8iK0NnNXFWVGRyWkRVNFRERlNkMmxNVFJDZkF4ampCU2dLTWdhdFJaVE9KUWc=-w200-h112-p-df-rw,2025-11-30T06:43:29.614544
The five things that set the 2025 Atlantic hurricane season apart,https://news.google.com/read/CBMiXkFVX3lxTE9GZ3RjRTJSRHJNbVp0MXVyTUg5X0lFRnNPcm8yLVowWU1NajVzMGpMWWdTeEIyMW9LOFBDYWxqV1B4d1RPLUg4bnFLZkZkZThxV2tMSmNIRnltZWtldEE?hl=en-US&gl=US&ceid=US%3Aen,BBC,5 hours ago,📺 BBC,https://news.google.com/api/attachments/CC8iK0NnNUNTbXh0V1ZRMU1WSjNXV0ZwVFJDZkF4ampCU2dLTWdhQm9JNHB2UVU=-w200-h112-p-df-rw,2025-11-30T06:43:29.614546
Leicestershire farm to provide Downing Street Christmas tree,https://news.google.com/read/CBMiWkFVX3lxTE1zeFRYYVRrZTIxSHFHRzFxWGRzTTRQaVRWWVpkQk42eVYyN29GTTluU3RacnBPY0hTU05kOFhVMkpxaEVock14MnRVRE1zY1JUUmdtb2ZzaDB3Z9IBX0FVX3lxTE15UTJGSE9hQnhqZTJOM3E5NzNvekpBMmU0TXZHVTV6elNONDNid19XU1UwajhaMHg5d2dybE4xbGM5M3BwT3VxUHRpMHpYc284R19xbUZYVEdzcV9XTHd3?hl=en-US&gl=US&ceid=US%3Aen,BBC,23 hours ago,📺 BBC,https://news.google.com/api/attachments/CC8iK0NnNHRVa0ZsZFROaGIzaGhOVlp5VFJDZkF4ampCU2dLTWdhUmM0Wm5yZ1E=-w200-h112-p-df-rw,2025-11-30T06:43:29.614548
West of England headlines: 'Aristocratic bride' and 'kidney gift',https://news.google.com/read/CBMiWkFVX3lxTE9QQ2hHZGhMS2VDVEhOdjU4eFZkaGxBRzVBR1VWTkgwLWVMS0dyclAzbFRmTWZWcUI2c1NBVDY4TGpEX29hd3BjVW1OOFdUWERCeW1rSmRMV2oxd9IBX0FVX3lxTE5YNV9JRTNTR195bnU3Q2hoWGM0bXZEbnhEckNkRGQwYWJZUUNSOWxYZGhiNFhMS204a204MGVoeTU3Zzh3U1VSZmNOcVlFREQ0OThTZXAxbjREZGo1TDNz?hl=en-US&gl=US&ceid=US%3Aen,BBC,23 hours ago,📺 BBC,https://news.google.com/api/attachments/CC8iK0NnNUVNR3hhVWt0SE5GSjVMWGh0VFJDZkF4ampCU2dLTWdhRktZTGxGZ28=-w200-h112-p-df-rw,2025-11-30T06:43:29.614550
Andriy Yermak: How Zelensky's right-hand man fell from power,https://news.google.com/read/CBMiWkFVX3lxTE9uQnVkMzZNM3VYeElUc3lxdzVQYTNvMld5YjJmVjBXdVlsc1lMTEw4b3NHOC1HdlFCSHlwS2RhcU94dTN2WWY0WVgtNm5UR2V1eXpvcTEyTFg1Z9IBX0FVX3lxTFBYU1JYTlZBY1lQMjhSN3hhQlpiUmJqbU01YW0wamNmZ1NZU2k2NWw2M1h1M2xrR0cya3llN2RjZnp3OFRYeUVpUG5DT3pCUndmQkF4TEhERHdWMzJxdl9v?hl=en-US&gl=US&ceid=US%3Aen,BBC,19 hours ago,📺 BBC,https://news.google.com/api/attachments/CC8iL0NnNU5hRUZJYUdGUVUwWlVkVU5tVFJDZkF4ampCU2dLTWdrWk5KWlJtV3FhN0FF=-w200-h112-p-df-rw,2025-11-30T06:43:29.614551
'Frustrated' Foden 'got Man City out of jail',https://news.google.com/read/CBMiZ0FVX3lxTFA1Z1dINlFkWmEzVXA4SXF4NnB3MXRuVGRlZkRKdVdFZnlvUlJ2bkRnZ05PaUQ4bm9PRE5aYkNfb05vc0lISW1FV0RzQmVPakhBcmg0SlNIeEl1ZV9FOWpnUmRIdWFtS1U?hl=en-US&gl=US&ceid=US%3Aen,BBC,10 hours ago,📺 BBC,https://news.google.com/api/attachments/CC8iK0NnNTVhMmQzVkZCWWFsUmFiRVJtVFJDMEFSakFBaWdLTWdhSklaUXFGZ28=-w200-h112-p-df-rw,2025-11-30T06:43:29.614553
Newspaper headlines: 'Reeves must go' and Tom Stoppard tributes,https://news.google.com/read/CBMiWkFVX3lxTE53RTBhYWNUbzNzeDN0T1ByenFjcy1BYkJJRWU5RnBZYlhjRnZVWmRUbHZfOEdlZmtZTVZScGdnb0ZYaVJtMVlZV3FoejMxR0lrU2ZRaXNNdWgwd9IBX0FVX3lxTE9MckUzOTlGOTdlVjVSekx2WUVVRlpJT1Voc29uQ000dUxaQ1B1cHdKTjVlVDZ0SGlPbUtybXhQc3ZWYlFJWVY5NmNZZHI0d1pXUWh6d2pYWVo0MlNoUzVV?hl=en-US&gl=US&ceid=US%3Aen,BBC,6 hours ago,📺 BBC,https://news.google.com/api/attachments/CC8iK0NnNTNhMmh2ZDJ4TFNHTnFjVXhPVFJDZkF4ampCU2dLTWdZSlFwRDBKQWc=-w200-h112-p-df-rw,2025-11-30T06:43:29.614555
Ukraine says it hit Russian ‘shadow fleet’ tankers with underwater drones in Black Sea,https://news.google.com/read/CBMiiAFBVV95cUxNVS1oMnEwalQ4NUVfckpQSy0zN2dkOGRrSndkMVVYRUxfTmJrUzRSbHlLXzRMSXpFcnVDUFpENzVTSHRxcC1ObFNPVHFGRHdQbHpaczl0OG9WaEpvQU83OFVDNXZsVWNoczYtZzZpZVNRb1EzR2xZQS04OWJfVEd3dmRZaEk4clU1?hl=en-US&gl=US&ceid=US%3Aen,CNN,17 hours ago,📺 CNN,https://news.google.com/api/attachments/CC8iK0NnNHlRMWR2VWtGZlpIWTRSRUptVFJEbEJCajBBeWdLTWdZWmNJUXRNUVE=-w200-h112-p-df-rw,2025-11-30T06:43:29.614557
"Four killed, at least 10 wounded in shooting at California family gathering; suspect at large",https://news.google.com/read/CBMimAFBVV95cUxPeGJ4SnlZcUk5cGVQWUxFNnpKdXFMMGZwUWxjY0hibDJ3d0Q0MVF3T2hXS2tqd2YtU0RuX1ExTGFNb2MwUXpRZTJlZlVwYnpSa0wzWFVGQVhRM09NU1dHeldBUzFySzRkdEQ1ZDY5QklXR05TUUFRd3lVMjdlTFc0ZHNkMll3RGNRVXJPTFZEY2pJRkhSQUxHUw?hl=en-US&gl=US&ceid=US%3Aen,CNN,1 hour ago,📺 CNN,https://news.google.com/api/attachments/CC8iL0NnNU5SVGwyWVRNM0xYazBlbkpXVFJERUF4aW1CU2dLTWdtQmNZem5zV1ZjcndF=-w200-h112-p-df-rw,2025-11-30T06:43:29.614559
What happens when you kick millions of teens off social media? Australia’s about to find out,https://news.google.com/read/CBMihwFBVV95cUxOSlFFTXUxLW8wTFY5c1o0OE5xdW04SnhiTmdlYVRycFV6ZzkwLTNteWlXNnU2OHR1aXUzTUZBSVJ0U21zVTJtaGZKS3EyUEJYNDdZbTZLVzgxRWN5RFdCenowb1poY0wxby0yM0k3UGRqVlRGMGpSZzF0ZlU4Ujd0Zl9sQlFTOUE?hl=en-US&gl=US&ceid=US%3Aen,CNN,10 hours ago,📺 CNN,https://news.google.com/api/attachments/CC8iK0NnNU1XbXMyUTNGVWRFUnlkVGg0VFJDZkF4amlCU2dLTWdhZEFZaXNJUVk=-w200-h112-p-df-rw,2025-11-30T06:43:29.614561
"In battered Lebanon, an ancient Christian community awaits the new pope",https://news.google.com/read/CBMimAFBVV95cUxPaHZxRlFrR1JQcjNaNDJMYy1HV2NGOGF2UVVHNmFBYmgteS1kUnFEV1M3QWI2alZwdmtWRFhRcy1SZkZmRXF6cm41SzVFdUI4SHh4b0RodGREbEtHNWJvLXJaaHA4RlJTSzUzR3hINlN4Q2Zialh0TlZfNk1FM096SHdoNGJrS3lLdk5MaWtmVkJrbTQwWEpXeA?hl=en-US&gl=US&ceid=US%3Aen,CNN,1 hour ago,📺 CNN,https://news.google.com/api/attachments/CC8iK0NnNTVhbWxrVG1oYU1uSktVSE0yVFJERUF4aW1CU2dLTWdZSm9Jb052UVE=-w200-h112-p-df-rw,2025-11-30T06:43:29.614562
"College freshman is deported flying home for Thanksgiving surprise, despite court order",https://news.google.com/read/CBMihwFBVV95cUxNUDEyZXpCUGcxdjEwWG1vQkZ3R0IwWk9xSHprMEE1Zjlfby1fN0ViVkZYYlR2VzZlSHFiazNyQ1NfaFJSM1RvT0wxbVA4bC1ibk1ldEsydlVsY2R2c0h2bWtCLVl2bl9qbWNMMmJBaUtxdGJScV9iTXBPbVhBbGN0RGhnX3JQVG8?hl=en-US&gl=US&ceid=US%3Aen,CNN,13 hours ago,📺 CNN,https://news.google.com/api/attachments/CC8iK0NnNVZlbmhLT1c4NVZFSkJlVkZzVFJDZkF4ampCU2dLTWdZdEZvenRGUW8=-w200-h112-p-df-rw,2025-11-30T06:43:29.614564
"FDA official plans to change vaccine approval process, claiming that Covid-19 shots caused child deaths",https://news.google.com/read/CBMigwFBVV95cUxOQkhFV0pVQzBjZjBhSmdpQ0NNSE1XQkNUVl9MVDlHdmRmbzVyc2hLMFB2V2tvU2NyVmNPcDg5MEUxNW11MGFUNURDdVU3VkdNQlNPRFlDZWtLektmNzJoWjFPWnF5WktGRnBPZWk1ckF3bHZYeWdDNkJtcGtldWFrVUdBQQ?hl=en-US&gl=US&ceid=US%3Aen,CNN,2 hours ago,📺 CNN,https://news.google.com/api/attachments/CC8iK0NnNU1NMlZaUlhKS09GaFhPVnBrVFJERUF4aW5CU2dLTWdZTmdwQU9OUVk=-w200-h112-p-df-rw,2025-11-30T06:43:29.614566
Wall Street is relying on the Supreme Court to protect the Fed. Is that wishful thinking?,https://news.google.com/read/CBMieEFVX3lxTFBCQnVxRnQ0T1lmaE1OX3lvYk5pMms3NEZrc1pEQXlELXBCQU9oLXZRYjNGTnV6YWViRjFpZjFGRmpVVXVjc0ZWaDNmdXNfU05WZmk3eVQweFNpWkVUSXFGUUdaeGVUc2tjdFlfMEJTWEszay1LTjUtTA?hl=en-US&gl=US&ceid=US%3Aen,CNN,22 hours ago,📺 CNN,https://news.google.com/api/attachments/CC8iK0NnNTNNbUZtZUVwYVVEUkVjM0l4VFJDNkF4aTJCU2dLTWdhQlVZNUlwZ2c=-w200-h112-p-df-rw,2025-11-30T06:43:29.614567
How far can Democrats ride the affordability argument? A progressive running in deep-red Tennessee is about to find out,https://news.google.com/read/CBMijwFBVV95cUxQNmN4N3VYWXF2Yl96S192Q2NkZm1iX3A5U05haFR2dEszaUxrYnliQ2xhRmt0MXNYc3RoTllLOHlFaGZKRVR2WHVGSVlvOTZESFU4RkI3dW5PVGY1amo1RTNOZVhuRFVHc2tJWFUxOVVJN0U4OTJPb2l1bjhsN0M5RWVsaC10YTU5Z1NzVl9ERQ?hl=en-US&gl=US&ceid=US%3Aen,CNN,17 hours ago,📺 CNN,https://news.google.com/api/attachments/CC8iK0NnNUJjakJsVjFkamJYbEJSM2wzVFJERUF4aW1CU2dLTWdhQmhJNlB0UVk=-w200-h112-p-df-rw,2025-11-30T06:43:29.614569
‘An oil spill in solid form’: Bio-bead disaster devastates beloved English coast,https://news.google.com/read/CBMinwFBVV95cUxNdlB3cFZQeUpQY0ZyQl9XZnYtMjJhbVJKV1ozYWhfN1lQMjBJa1lsTERRWHhLcTZrVG1lZmVRVHJVeUpYaU12ZmFGaGFKaXVxSTM0ZTRGUklpWnZob1NWanFxZFhZaEdaelUzYjNmREtkWUFYQ3B1eFFmY3FMdWtZU0dRYUdPM1I0bGJiVWVGOEtiYklNSDhWQWE3WmxwQ2c?hl=en-US&gl=US&ceid=US%3Aen,CNN,18 hours ago,📺 CNN,https://news.google.com/api/attachments/CC8iJ0NnNW1jVEV3UTI5WldVOWFMVEJKVFJDNUJoajBBaWdLTWdOOUFEdw=-w200-h112-p-df-rw,2025-11-30T06:43:29.614571
Trump Declares That Airspace Around Venezuela Should Be Considered Closed,https://news.google.com/read/CBMizgNBVV95cUxONnQtc0tSbG5kY0N2LWpyMFB0QW5aNUpwc2F1a3NiNzJDUmw0akVuWkMzdWdKUk0yRTVEMm1Bcm94MU5ET1NXVjVzbWdaa1BENXNaZTdVdFQwZ2RyME5XQVBsMHd2dW9VRkVHd2RtT0pHZWluYTV3c0hwVGtYZUtHWHFpM0p3ajNtUmZxNWZOaXpZd0VWVUxSOFZNa00xT1RHcFFyZnhtYVlESlZhWWhGdkdmNnlWX1NhQ0VqSGotRWNlcmFVajBQVUxwdDFoS1FBNWJicHRwZG45MWdZZjlWUEx4ZkVTSWxfUmY5dVBRQkw0NVVnejlIQllaaHk1VExEOGZ0al9iREs4allhWGJQbUdIcjFnTFYydVdlM0xjZFdjRmo4QUY3VFBfbFVmRFBzdTBpV3gzUHdZcFI0alQ3V3k5WGtDRUhsZjZjb01WRWlKNloxSi0tS3ZfWlVmWkhwQVB0NktYZzhyMnpuV1o0d0ZBenlvWFl5dVZIOVpBR290SGpZYTh4a2ppclJoWkFsb2R1Z3hVWUVqaU1BNHc2LXQ1eXhRMnBkdlJPNUdqa1o4ek1EQ1NnNThiVEV6ZGFoVFBOSzBrUjNWaTdsUWc?hl=en-US&gl=US&ceid=US%3Aen,The Wall Street Journal,10 hours ago,📺 Wall Street Journal,https://news.google.com/api/attachments/CC8iK0NnNTBVVVZ6TUd0elpVdGpkalpDVFJERUF4aW1CU2dLTWdhdFJKaXZJUWs=-w200-h112-p-df-rw,2025-11-30T06:43:29.614572
Copper Thieves Are Wreaking Havoc Across America,https://news.google.com/read/CBMinwNBVV95cUxQY2RDYUZjYlJ3NDZhUEtJNEIxN1dQS2JKTEExZWRhWE5MZVlHc3EwX2pJd00wV2lDcEhfa2RrLXdhZFFhUVRNVm4zQ2FaUUZicHd0NjJyQjNKNnQ0TU43STNUYnRhbUtBcFRoc2pyMHhSQ1FqQldkZGNEbUhpWXhlbG1vVHZ3bWViTE9uTzNrQjR5QlZ3cTc0bVEzRmNROUpOQ0FsWGs0YW9JdVJ2V28taUlqVFNVUmNpSFhRR3Z1RzNQcllpeEJjQUZsWFNHR0Q4LWI2S09fU2h6T00xQVdSLVpNWUFmY1VHM3VIQlpYd1BNZUNDNGI2MUlOY3ppM0wtTUpHV1hQMUgwaTc3eG9UMnNSZVBjT2RsNGtwM3AzR18wTDF2eWR6a2NfV0FfOGRRSEQyWDRMWVRkeG9uZ2JPRlJoZnlmZkhWazN2R1FDMU43ZXJpXzBtN2FfZzN2V1p1UFZYU0Y4V2pjTHBkVnZSTVNmMmd6VnMwbHNLMm4weWdoVlBUY21wM0REZVdXNzJubS1KYmIwSUdaOWJJV2RF?hl=en-US&gl=US&ceid=US%3Aen,The Wall Street Journal,20 hours ago,📺 Wall Street Journal,https://news.google.com/api/attachments/CC8iK0NnNWhWMGRUUTBONGNFdGtVRjh3VFJERUF4aW1CU2dLTWdhQkk1Q1BGUWs=-w200-h112-p-df-rw,2025-11-30T06:43:29.614574
Print Edition | Wall Street Journal,https://news.google.com/read/CBMi5wJBVV95cUxPczVPNHktbTYzd2phSGNENlhQMS16V1BFM2o2Tm5xWFBiZ2NkUU4zUzVPa1VKU2RBYXBZNTdqaHAtcEN3SHhoX2VEenBqeTc4bWJacWJqNjRndDc3bmp3aDdJZlVFdVYtNUhHaE5iLUZhSTdEclY3SkdBSEhPSVIyWGdLc3cxLUNVTmZUanNfMUFvYXgtWm16X2pBcTdPNmVVRTlpcWVJX204RFQ3QVMzOGZHN0dPMTA4Q2pqN2Fvc0pxWTQ4VUJSNk5kaEdpR0dkWnhMZE9CRlFNN1VUTnAwQTNGSFVkeGNVTVNQZTl3aXF0bkVMZ25hbXdNNnBOSEVOd05DTGw4UmN2Ty1leHprNjVzTTRaNWVEdkZGSXAzdDY3b3NRclNXZ1JuUXRnR08xV0RZekxfaWpRVF9BbFliNlhvNFBWTXJUOWdFX3NsTTVld0NUMXpFYTJ0cy0zNENJN1pZcHllRQ?hl=en-US&gl=US&ceid=US%3Aen,The Wall Street Journal,23 minutes ago,📺 Wall Street Journal,https://news.google.com/api/attachments/CC8iK0NnNVVORTlyVURsSmNGUmtWakZSVFJERUF4aW1CU2dLTWdaRlFwajBJQWs=-w200-h112-p-df-rw,2025-11-30T06:43:29.614576
"Defense & Aerospace - News, Articles, Biography, Photos - WSJ.com",https://news.google.com/read/CBMi5gJBVV95cUxNMnFZeG9PU0pYVXN3Y0dsUjNBQ2xKS05sRDZab1BXdXpHd3pKNlVIbzBDUURVMXV6aUdxeFlEYzhhUkdqdEMxd2xjSFJSUUdjUi0wMGt2SEhzbEFnVWY0TDZQS1lESGNNVGZxcVM1eUxvZU9jOWdTRTZfb2NhWXVkVTlWSVNOYk5ab1dySlpBZTZid3laMlQ4NDAtUXVGakNUTEFmNkZaZ0dldDVkMVNlOWtfckFHOUFRMk1rNWZEamJPZnN3T2JPZEdSU3c2QkY0RU1aOFc3T2NQbW1sV3k2LUplemYxYlpIRzdIZDVfM1cxVm1yeEJlSXIzdThMNmJCNHlDZ2Y2d2dFOEQ3QXRST00xUjRlM3RNQ1J2ekMwNlJGZTZEbUVLWmJndk1ESHNVaksyNDI0b2ZsdnkzQnk1NXhjbVZGeDFRZUJ1ako4M1V6N0N6X0pmQklZVVhmTjlQSEpvNnpR?hl=en-US&gl=US&ceid=US%3Aen,The Wall Street Journal,"Jan 20, 2016",📺 Wall Street Journal,"https://encrypted-tbn1.gstatic.com/faviconV2?url=https://www.wsj.com&client=NEWS_360&size=96&type=FAVICON&fallback_opts=TYPE,SIZE,URL",2025-11-30T06:43:29.614577
"National Security - Latest News, Investigations and Analysis - WSJ.com",https://news.google.com/read/CBMi3wJBVV95cUxNZmhYWnl4OXNvY0hSZzB4R0x1VUtxUG11YWlNd1RlSWlOZC1Na3B2TVJmYUhmY0VnT3FJNHM2d1VuSjcxMURodFF4dk9CY0xELUZtRzFsa3BOckJ3c0xQWWppSXdPSEtKUU04U1VCZUUyQk9LREQ3cjl3bjBfQkF4cWNoYWlzNXh1UHlmWlNWVzY3UkI3VTR4NG02YjdDeVpseHNiOVBSMk5OWnRuQVJmZE9RV0lWeGZudmQwZWVxeFRueFlKdWZ4U0RkR3NHRVNrWHNFZWFiejM5Zk8ycUIyR2xSbncxbUcwZ0FSemtTdEZXVnFVaDIyMXpad2VqWVBvbjVfTWt5YU8yZmF1WHk2eVVVclN4ZEVmR3pjVFk5MmdSeUlaUGtVeGZGNFlaOVI0QTktQ1NXWXdhOWtXNV9wZzZTZlNQUGp2NU4ySTRDSjVwVjl2bHJ1VmpKd1EwTTA?hl=en-US&gl=US&ceid=US%3Aen,The Wall Street Journal,"Aug 16, 2023",📺 Wall Street Journal,https://news.google.com/api/attachments/CC8iK0NnNWZOVWRGVDJkRVNUbFdjVkJQVFJDVkF4amdCQ2dLTWdZQkVJaWdpd3M=-w200-h112-p-df-rw,2025-11-30T06:43:29.614579
The Outspoken CEO Behind the World’s Fastest-Growing Arms Maker,https://news.google.com/read/CBMipwNBVV95cUxQdFZYYmE2YnEzZExfb0NxcDVDSlVjUURUSElQUEJ2WVdCX19CTy0zencyX3VBSGQ4VUpNT1U3Tml1bTNaRzd1Uk5ZYlpxYkJoUWgtQ3ZWTGhjazI0bmtHd1dpclFiVFhCV2JFNUhsY241VlptMkQxX2FQMFhDNkx6SEZBcVo0UlVQUllNU1g2YzZ5NTkxRlE5UE5faFFUYXNnbTJkUV9uWnZ0eFRkbi16aWtneDNpV285RGVvN1dfSGpXOFlUUXdNSUhxVkk2QjZVbEs0bGZaY1dxaUVCOEV5cDJaVzcxNHdYcEFVZEF0UGh4MjB4V0VoOWpwR0RLYlpkamdtZHJGYVhsVFRKQmtkdkdCR2ZnUmdCVkRGMHVDQW55WllZLVEzSTdURHNiVnJVM1VlZ0ZQX2FVREdteUFQYXd5NFBra3VtNk1rMWg1OWtjaG5oelkwR2tOZ1BMMzQwMXRTdVJzNDgwX2ZPWjJpbGNYVVhFV1lBTTNNcElrdkJhek5FLU9qYktTWmlQenVNQ2M2WW9nUXl6bzNHZnotamtzUmYxTEU?hl=en-US&gl=US&ceid=US%3Aen,The Wall Street Journal,15 hours ago,📺 Wall Street Journal,https://news.google.com/api/attachments/CC8iK0NnNWFaRGh0T1dGblExcE9RMDh0VFJERUF4aW5CU2dLTWdZSlFwRElxUVk=-w200-h112-p-df-rw,2025-11-30T06:43:29.614581
How Trump Administration Aimed Tariff Exemptions at Rising Food Costs,https://news.google.com/read/CBMiigNBVV95cUxPV0diZ0JUODNYRU5KVTVrdVJRa0c0T0h3Z1VSSHlUNXRDYmpfQndJdmdWNXNJMlZXcXF6YXp5VVdGVTRPd1I3ZWhFTTFfMG1RTVVjVnZ5WHRGRkx2cWk1UWxMeThGUENxY1dQZ3NmazZxdm51VURXQktRMG5OYkdXaVlQYnZYTWFHczlXVkxTSVU1VGVIU1UyQnc0VVpqRGM1dUlxQkNKcnpiVU1ibU5rX09qc0hCbTgtSjlOdmJhUzUzdFhzNEJncVdHWHJzeEFBOGIweDg0MU9aN2pnYkdfWjNIRV9lRkMtZFZPc25PSi12a3NlckdYNzZZTGVMWGQxWVdzYkZSd3dwWFRyNE0td3hXLWQ1am42NFlfQU0wTlJRcWRIc3ZSeXBRUko0VXFqcXdwcUNjYnQtT1FpVVpXSF9wRk92N1JsX2IybFdaTS1yNjM1Zy10WnFvVm1yb0p3UkFZd0FGRHFNd251dDdsdExITTVpMW5HRjBZVEExMHNOYUo4TDdRd0Nn?hl=en-US&gl=US&ceid=US%3Aen,The Wall Street Journal,17 hours ago,📺 Wall Street Journal,https://news.google.com/api/attachments/CC8iJ0NnNWxja1YwVDNwbFpURnBkVE5RVFJESUFSaklBU2dLTWdNQkJRSQ=-w200-h112-p-df-rw,2025-11-30T06:43:29.614583
U.S. Politics - WSJ.com,https://news.google.com/read/CBMixwJBVV95cUxQSTNhNW5sWlBIZnliV3JPUUh3WTZ1WnJaRENLWWNHNi1pUVVkblZLZ09pbExfWHpxTUl6VDU5Ui1EOXc4U2RzQU9NLTFBR1l4ZGF6enQtVUNoRTN0a0l3QmNVbktwT0t2RkN5TjlwNjN1TmNzdE5hUVhiaEtGc2dycjNHWHRLOHJ0Z1dQZ04tVERsWXM5Z2FaWFlPYlFMb25BLWRsS1JVRDRrLU1QVnF1Ry10OEFKX3Vvd0JkdFQwbmp2T1R0bjIyTVFhbG16bzNwRVlPZ1BnQnRUU0pxd2ZzeXU2VnhrMF82ZDliSGExd00wcEZtdzBGRlRjdXlPaUJTYWxFQ0pnRnAwcEwwenZieV9Hb2FQMG5fSk9zZi1HVGl1aWc2clEwQ3hKQ2RvR3JtZDZkLTB3Q2pIUmVuTmYzb3dBblpOQzg?hl=en-US&gl=US&ceid=US%3Aen,The Wall Street Journal,"Nov 11, 2017",📺 Wall Street Journal,https://news.google.com/api/attachments/CC8iK0NnNVhlV3RyZERsdU5HdDFZekZuVFJDTEFoaVFBeWdLTWdZQkVJaWdpd3M=-w200-h112-p-df-rw,2025-11-30T06:43:29.614584
Oil Tanker at Risk of Sinking After Mine Strike Near Turkey,https://news.google.com/read/CBMirwFBVV95cUxPeUFnWGFOOWMtMVVnRk5NdzVndGNxbkk0OER0OTRKcHZ0VmJ4QngtSEgtYlVrLXFwOUpzc09jbGdBWElpdHZxVmdhaldQdUhkRG50a2dQSlktWllnSGkyTHdqcmQ1aHJXanh6QU56V2UzYzUzZVJld09SQ1YyaGd6c3pQV1dRZVh1OU9rNkZKQzE2T1E5VE5pREpLSXFrQTQ5OXhfLWVNb3V5R0ZtRTBj?hl=en-US&gl=US&ceid=US%3Aen,Bloomberg.com,17 hours ago,📺 Bloomberg,https://news.google.com/api/attachments/CC8iJ0NnNU5TR2h3Y1ZaelFtUlJOVEl6VFJERUF4aW1CU2dLTWdNQjBCQQ=-w200-h112-p-df-rw,2025-11-30T06:43:29.614586
"Russia, Ukraine Trade Strikes Amid Stepped-Up US Peace Efforts",https://news.google.com/read/CBMisgFBVV95cUxOY21iWGNXeHE2WHg1eGJYZUt2WTJRVjlpTVdJUDlybWNQSmxtQ2s5LVVHMy03cVgwOHRvTWhBTnZYd2NHbUxTUGFJdFEzdndqMUJyMUp3TktJeWIyUWhVOTFrTmRrM1N5S05EM1NkWEZLUnFfVk9HdFFMbFJKNHBNMFBTQ2tTR1V6YllQV2w0YWMzZ01Bemc5ZXFYSlcydTBwQjNqZmw4dkNTaHpUODh6NkFR?hl=en-US&gl=US&ceid=US%3Aen,Bloomberg.com,11 hours ago,📺 Bloomberg,https://news.google.com/api/attachments/CC8iK0NnNVJSbTFoVjJWVFFucENZbnBzVFJERUF4aW1CU2dLTWdhUmdvUk1TUU0=-w200-h112-p-df-rw,2025-11-30T06:43:29.614588
CPC Reports Halts in Black Sea Oil Loading After New Attack,https://news.google.com/read/CBMirwFBVV95cUxNMHE2SEpKZ0FkXzZZY1BidF8yR1pwb05UcHFqaWRkd2hYQkh6MENxcFN6VUJXdTFyWFlVTE1QUm82bUw0ZlctMFVGekpIalZsWTJ5XzhiNm8tamFObTlIUzU0bExtTURObVBmdlM1VFAwZkpkWmlXNnM4LWdBZWZMT3M4MTRkNll4OEwyU3FiSGw4T2RYZ1V0NEFhd0RaUTZuMTFVRkRQYnhfUFRtT2dr?hl=en-US&gl=US&ceid=US%3Aen,Bloomberg.com,17 hours ago,📺 Bloomberg,https://news.google.com/api/attachments/CC8iK0NnNUNjRWRvZWpORFVHeFpTa1JWVFJDdEF4aktCU2dLTWdZUlFab3pwUW8=-w200-h112-p-df-rw,2025-11-30T06:43:29.614589
Watch Sygnia CEO Wierzycka on Unlocking Africa's Youth Potential,https://news.google.com/read/CBMizgFBVV95cUxQSDk0cUwyVkFrckp4S2c0c3VYcWlfRU1oY2lOSm9RYVJLTWxMa2sycngzUHBYLWNXVV8tbEhIQ1VqUFJXU2JTTm1yeFBvZGtDRGIwcjFUR2FybUg5Z0ctdE5PWlZsOTRQR0hINDVnRnhlVVNyU1JEblpseW1RQUowajZqNUZWY256NGY0SGgwWVVLeVA3TnA2VG42YmNvb1laajBNeGd5eHZiNmVBRHE1NFNtTjMyUzh0X0hUQ2ZsWHB0a01QbW9xNEJhSnZPQQ?hl=en-US&gl=US&ceid=US%3Aen,Bloomberg.com,23 hours ago,📺 Bloomberg,https://news.google.com/api/attachments/CC8iK0NnNW1PR2hSZDBkSFUwNDFkRFJCVFJEb0FoaUFCU2dLTWdheGRJeVBMUVk=-w200-h112-p-df-rw,2025-11-30T06:43:29.614591
Japanese Rates & Bonds,https://news.google.com/read/CBMid0FVX3lxTE5SX2JGMW5CWEpvOUNmQVdrMVNoQ0xraEV2ZkZsT0lTMUhZQjJ1YWFySEdFRzM0dHNPWEM2NVVONE1xRVVrLUNvemVXRUw4d0trQkxySWJmbTRVWlI3MG1YTGpyUGRKQnN3WFBzdDc0TmgwMDFMSTk4?hl=en-US&gl=US&ceid=US%3Aen,Bloomberg.com,"Jun 3, 2015",📺 Bloomberg,"https://encrypted-tbn1.gstatic.com/faviconV2?url=https://www.bloomberg.com&client=NEWS_360&size=96&type=FAVICON&fallback_opts=TYPE,SIZE,URL",2025-11-30T06:43:29.614593
Artificial Intelligence (AI): Latest Coverage From Bloomberg,https://news.google.com/read/CBMiUEFVX3lxTE1pTDZlVUVPZGVHb0dCWEw5amtWSFZtamxQcDdTdVZPNEwwR0plNE90eWNxWHRONGdNQXhBM1JSaXp4M1h6Z2JnUVBQZTBvSDFv?hl=en-US&gl=US&ceid=US%3Aen,Bloomberg.com,"Apr 19, 2023",📺 Bloomberg,https://news.google.com/api/attachments/CC8iL0NnNUpkVWcyVVU1TU5FbGZVVzl5VFJDUkF4ajhCU2dLTWdrQlE0N2ptaWhjaXdF=-w200-h112-p-df-rw,2025-11-30T06:43:29.614595
Bloomberg Mercury,https://news.google.com/read/CBMiTEFVX3lxTE95VEJWYjJBbnoyODVuSXA0d1NhS3dDU19FUVRZLVRfVTA0RTRxd1dWWGlpQ2hvelU0YUlHd0ZDcEdtd1A0V05OVGZyN2o?hl=en-US&gl=US&ceid=US%3Aen,📺 Bloomberg News,"Jul 1, 2019",📺 Bloomberg,"https://encrypted-tbn0.gstatic.com/faviconV2?url=https://mercury.bloomberg.com&client=NEWS_360&size=96&type=FAVICON&fallback_opts=TYPE,SIZE,URL",2025-11-30T06:43:29.614597
Hardware | Page 186 of 2242 | Read the latest product reviews on TechCrunch,https://news.google.com/read/CBMif0FVX3lxTE9DNTNneWJUci1MczRuMlVaTExSZEUyXzlpUGpObC16LWMzRy05TVV0QnNTU0JOSHR3WFl1Y3Zib0RGUGtqN2owa3pPRnZrSjd5dlFPd09aeXJQcVRNZjBHc1VtSElJTDF1dFg3LUt6ZUVrem90S0VHVVJDZEFzOVk?hl=en-US&gl=US&ceid=US%3Aen,TechCrunch,23 hours ago,💻 TechCrunch,"https://encrypted-tbn1.gstatic.com/faviconV2?url=https://techcrunch.com&client=NEWS_360&size=96&type=FAVICON&fallback_opts=TYPE,SIZE,URL",2025-11-30T06:43:29.614598
Security News | Page 190 of 209,https://news.google.com/read/CBMib0FVX3lxTE1zNENkSjd4VXRRTElDTWgyU0FDZXBmN3JGaGVsQXVKYkNaMTFDa3RRWldpRU83U05zcVpNMzhodWR6aUZxbFQwV3hpSmN1VEJsNmQ2em1Nel9OYndpQmt1cndWb1JVQVJTN200c2hCdw?hl=en-US&gl=US&ceid=US%3Aen,TechCrunch,23 hours ago,💻 TechCrunch,"https://encrypted-tbn1.gstatic.com/faviconV2?url=https://techcrunch.com&client=NEWS_360&size=96&type=FAVICON&fallback_opts=TYPE,SIZE,URL",2025-11-30T06:43:29.614600
The 201 Black Friday deals you can still get,https://news.google.com/read/CBMingFBVV95cUxNVmJNd2lGRm5JM3ZIQW9uNGx3aXA4TWw1NGIySjlFWVpMQlZENVM0eXEtUk9aa3ZNZDdWc0NSLU5VbEtSeDk0TzV6UUtTaXM5czFLZ18yZXpNUklvU1NTV3hQYmJlRnMtQnd6SktnZXZQV3ktTjFaZ1JXM2lzdUpNZFl2NTE5QkFwaXd4RlVwOWJkcVk1WkVKY2Z1STFrQQ?hl=en-US&gl=US&ceid=US%3Aen,The Verge,5 hours ago,💻 The Verge,https://news.google.com/api/attachments/CC8iJ0NnNWZSV2MzUmpSMlVIUnFNemR5VFJDdEJCaW5CQ2dLTWdNQk1BSQ=-w200-h112-p-df-rw,2025-11-30T06:43:29.614602
News Tower proves good journalism is no game,https://news.google.com/read/CBMif0FVX3lxTE9raFUwellYVVBESjRrSFFJaDRqSXhENjhEbjI1cy1hblZfbjhvNWI3YzVtSUU5bXBJTU5IOFllaGtLVnpHNFE2VGFodDFqUnJidDhZY3diNEU4cERzeEk2N1NSUWZuRkJvZEFTYW9yX1dpSkV1UlBiZmdGeFRKWDQ?hl=en-US&gl=US&ceid=US%3Aen,The Verge,16 hours ago,💻 The Verge,https://news.google.com/api/attachments/CC8iL0NnNUpNakJMWmpKdGEyZzRYMGRsVFJEREF4aXBCU2dLTWdrRkU0N0ZOaVowYVFJ=-w200-h112-p-df-rw,2025-11-30T06:43:29.614605
"97 percent of people struggle to identify AI music, but it’s not as bad as it seems",https://news.google.com/read/CBMiggFBVV95cUxPdnVKSXVwVmdpeFdyZWV3SVh4aWFCSDVaYzdQamtYYWV0bWd3Z3FNaW9sZ1VNUkRwaDAtQ3Q3cjRLVWFvakNnZmgxTlFod05iT0JLUzFfOURoTGNaZzFCNmJiZ0FZSHhpUE5iY3ltOEc4M05OM3dCa3Q1VXlJbVQ5alFR?hl=en-US&gl=US&ceid=US%3Aen,The Verge,13 hours ago,💻 The Verge,https://news.google.com/api/attachments/CC8iMkNnNXZTVEoxUVVGRmFXdGpNbVpaVFJERUF4aW1CU2dLTWdzQkFJZ0FFMll0MVlpbWN3=-w200-h112-p-df-rw,2025-11-30T06:43:29.614606
The Android phone you should buy your dad is just $349,https://news.google.com/read/CBMinAFBVV95cUxNeWxVd0hvWGJNSmh3VDhuakdsV3VaSnMzYXNQQzdnc3FZSlpXeFBIWmc4M1pMTmZHbnpxUWd0QXU4T3FTbFJxUzhfcUpLMlIyRDF1LWFuOU11ZVU2UkdyNW1KWlQ2d2tqaG1iSms0NGJNNGk0QWZ6RWE1WnJVeWNDV1VycktGTmF3NXFMZ2dVcXRHV0tiWWxSbUxRVmI?hl=en-US&gl=US&ceid=US%3Aen,The Verge,10 hours ago,💻 The Verge,https://news.google.com/api/attachments/CC8iK0NnNUNNVkZuYjFadWVHMWtURzB4VFJEQ0F4aXBCU2dLTWdhWkk0cU5HUVk=-w200-h112-p-df-rw,2025-11-30T06:43:29.614608
Logitech’s Casa is a must-have if you use a laptop — and it’s $30 off,https://news.google.com/read/CBMimwFBVV95cUxNaXNKZmhJTC1VQm53WXU5Qm9ISVVzbkhxX0diNDJsN1hLT2Q2SGd4X1Jua3BhQ2k1blk3clpONzJwT1o2NGJnN0NGR3loaWJEek1xS3NrYm1RVGR3TWwxVnUxOUJDdmlmZDc2M3pNSzZIWDNNLVZoMTdjLW00SWlZZTVoQWp1RFJYaENHcDM2SU9ic0tpejRFd3R0MA?hl=en-US&gl=US&ceid=US%3Aen,The Verge,15 hours ago,💻 The Verge,https://news.google.com/api/attachments/CC8iK0NnNUNUVWd5WW1WNFpWUmlUbE5SVFJERUF4aW1CU2dLTWdZUkE0YnNGUW8=-w200-h112-p-df-rw,2025-11-30T06:43:29.614610
Buying a $100 Apple gift card will earn you a $15 Amazon credit,https://news.google.com/read/CBMioAFBVV95cUxOQWFiRmJCT29aMFFkSWZLbXVmVy1neExSNmdrdms4UDZmRjB5dmRrZE9tSDFEWkNvZ2NRX0hXZ3ZiTnNRYTg0TjNTeDFmdC13aWVoMGRSUUdMSHhBbXhsMjFndlk3SGhDVUdLanFmQ044bmJIc0ptZ2k1eWo3LVdPYm9TTmMwamFwc0dBUE04ejllT3BCNHRhZDYwR1ZDV0xv?hl=en-US&gl=US&ceid=US%3Aen,The Verge,12 hours ago,💻 The Verge,https://news.google.com/api/attachments/CC8iK0NnNUdNRmxGVFcxYVRVMURhRVZGVFJEQ0F4aXFCU2dLTWdZdFk0cFBMUVU=-w200-h112-p-df-rw,2025-11-30T06:43:29.614612
"What’s on your desk, Sarah Smithers?",https://news.google.com/read/CBMibkFVX3lxTE1EYVU4Snp0OERQbEdaaDRaNFRpeUsydlktcEtsbFgzSmt6S0Rqa08xTk16X2d2VUxuejJ4aFUwejMzVDNhRWlac0RjYXlUWU1mWWt0RTRTM1RhaUd5T2R1V2ViWjZTTFNERFd1bWxB?hl=en-US&gl=US&ceid=US%3Aen,The Verge,15 hours ago,💻 The Verge,https://news.google.com/api/attachments/CC8iJ0NnNXBka2hzZFhkNWFFOTFNVmxDVFJEQ0F4aXFCU2dLTWdNQkFRSQ=-w200-h112-p-df-rw,2025-11-30T06:43:29.614617
One of the world’s fastest power banks got a Black Friday discount,https://news.google.com/read/CBMilgFBVV95cUxNT3M1Nl9iVTNNOFpPSWRqYUt5cW1rSXJnSUlGb1F2RWRkNExXMXYzYWpac1I4VkNuM3N1Q2FLVGhrZEI0RHpYWDFzRVRDanZ2SDROMGpVdmJoWHViOEI4c090OEc0YTg0Yy1WQmE1NmY5dzIydHdRYXZxUTVjMlZyQk5OcGJORklCNmNRam5GWnd1UEFuTmc?hl=en-US&gl=US&ceid=US%3Aen,The Verge,13 hours ago,💻 The Verge,https://news.google.com/api/attachments/CC8iJ0NnNWFkVXQxTnpoaFJtaDZMVWwwVFJEQ0F4aXFCU2dLTWdNQlVBZw=-w200-h112-p-df-rw,2025-11-30T06:43:29.614619
These are my picks for the best Black Friday deals on Garmin watches,https://news.google.com/read/CBMihwFBVV95cUxQYXdpRElRZG1UWmNVYW5vTG1QaC0tcmR4WWd6SDI5cWlKYTVoR2pYTjg0SUs4WHp0X05FNEhqRlp2Q1kyTDlvWEEtTld3Skg2R0pCRFhMcC14aXFhM1ZYeDhTS0YwcjQtc0ZSbXhSc093QTFPeGJTQ2V3ZThzbU9NZHV0bDQxT3c?hl=en-US&gl=US&ceid=US%3Aen,The Verge,12 hours ago,💻 The Verge,https://news.google.com/api/attachments/CC8iK0NnNVRibWROY1Zwc1lVVk9SRTlYVFJERUF4aW1CU2dLTWdhQmRJRE1zUVk=-w200-h112-p-df-rw,2025-11-30T06:43:29.614621
"Behold, the black Apple Watch Ultra 2 is $200 off during Black Friday",https://news.google.com/read/CBMikgFBVV95cUxPSUtzbFk5MHdCcF9TUHVvWGRsNjJwd0NPb1JqY1FmQmNHVXhBTzdyc0tNTU1YWnZzeHJzbV9Tblp4aUR0cU9SSVAzYlNqZENwYlhjSnhyUjNZck5veXcyM3pza2h3dW1sTXpkVEwyQTZJU2M3UVJzYTdLeDlrYjFSSEhET1BDaDlMRy1mTjktVUNqZw?hl=en-US&gl=US&ceid=US%3Aen,The Verge,9 hours ago,💻 The Verge,https://news.google.com/api/attachments/CC8iL0NnNWpiMDFyYUVsbU5UaGxVV2hIVFJERUF4aW1CU2dLTWdtWkZZQXEzbUdTcFFJ=-w200-h112-p-df-rw,2025-11-30T06:43:29.614622
"Drone News & DJI Rumors: Mavic 4, Mini 5, Neo 2 FPV Drones",https://news.google.com/read/CBMiNkFVX3lxTE5qeXVGNFRZZ1g2Zlg2WHI3Zmo0MHRLSTQ3dHRDLUlHUW5GWDgwMkJuYjhrd1ZRdw?hl=en-US&gl=US&ceid=US%3Aen,DroneXL.co,"Feb 16, 2020",🚁 DroneXL,https://news.google.com/api/attachments/CC8iK0NnNWtiRGxzYVc1TmExaE5XVGxPVFJDVEJCakJCQ2dLTWdZZFlKQ3ZwQVk=-w200-h112-p-df-rw,2025-11-30T06:43:29.614624
DJI Drones Are Changing Elephant Research,https://news.google.com/read/CBMia0FVX3lxTE9PcEFQQzZxeXNFLW1sMnE1Y01Ccmh4RE1kTkJhTW1fZ010QkZ4S3NPWkg5WV8tenVLTlJBdnVZeWlxRnZFcnJVa2dld2Nzbk9CcUN5R05mSE4waVMzSUY3YlJMUFJjYnB1Qnkw?hl=en-US&gl=US&ceid=US%3Aen,DroneXL.co,14 hours ago,🚁 DroneXL,https://news.google.com/api/attachments/CC8iK0NnNTNVVEUzYTI1Uk5WSndOa3BQVFJDZkF4ampCU2dLTWdZTm9wQkp4UVU=-w200-h112-p-df-rw,2025-11-30T06:43:29.614626
Drones Replace Fireworks At Ladysmith Light Up,https://news.google.com/read/CBMif0FVX3lxTE5jb0htcW5CNnl3ODdSeEJuTDFlenVjMnNDTnZ0MkVNSVp3MFNJX1VYRGk2U1lGdmJoNy1obW1HRGtZbFlLMnM3S0J5dDR5dWVQczEwSThOY3R2VHhIZXV1VVlBMk5WSjhfNHNZeUN5d3hKWkphYWtFSXZvS0tUaE0?hl=en-US&gl=US&ceid=US%3Aen,DroneXL.co,14 hours ago,🚁 DroneXL,https://news.google.com/api/attachments/CC8iK0NnNXBkMFp1U1V3MFRVdG5jRFZLVFJDZkF4ampCU2dLTWdZbG9JeXhRQVU=-w200-h112-p-df-rw,2025-11-30T06:43:29.614628
U.S. Government,https://news.google.com/read/CBMiSEFVX3lxTE5LeG8yM0xRTmVqbDdIY3FyQVlnSFVKdUZvZDUzQkZCMGYwQUVBd0JTMS1acTBwcDRIbnItYXZxR1Q1SDQzaWpuXw?hl=en-US&gl=US&ceid=US%3Aen,DroneXL.co,"Jan 14, 2022",🚁 DroneXL,https://news.google.com/api/attachments/CC8iK0NnNTVXVEIyUjNRekxVZE9aMmx6VFJDZUF4amxCU2dLTWdhaE1ZN01MUVk=-w200-h112-p-df-rw,2025-11-30T06:43:29.614629
Gaza: Israeli fire kills 2 Palestinian boys,https://news.google.com/read/CBMigAFBVV95cUxQcWxJV0lkb180U1VVd1J3OVloOV9SYVU1VXZLaHprblB4UUlUSldBMXpmSzdCWk5EU1IwaDZFMVRoM3Y2SDMtQTBpVWk4TnRZWWotUWpyR1J6LW9VZU5Qa1laU0l2cmtHbmtPV1FZcTNlMjJReVRENlNsNUF5QzM3RtIBgAFBVV95cUxPalV3NWlVRHFKMFRBMElEZjV2S3dWampBSzdDalhWQlNWRW12LVV2ZnloU0NDNHYzODB4Qktaei1TTGFObllSN1VidF93M3loOTRLaGdNOE1ObTdGcmF4aTZSNUNvTGRtRVMxRk1USVJpWE55STg3ZVF3ek5MVHFRNQ?hl=en-US&gl=US&ceid=US%3Aen,dw.com,13 hours ago,🇵🇸 Gaza Drones,https://news.google.com/api/attachments/CC8iK0NnNWxWMFZNVjIxSllXWlNXbk5PVFJDcUJCaXFCQ2dLTWdhQmNZeExyUWM=-w200-h112-p-df-rw,2025-11-30T06:43:29.614631
Israeli drone kills two children in Gaza Strip VIDEO ᐉ News from Fakti.bg - World,https://news.google.com/read/CBMijwFBVV95cUxNNE85Zm0zNm9OZ0p6T1g2WHRrY0FRQmJ5MUlacFZ5SWFfYlZqZWZfNUlDZGZIQU5LQUJLTjRBSFRHQnhLdVZRaWxVRVVSUjV5ZnAwS3kyTUdpQWNSbDlYTC12Qm9zQzEweFAzWWFJN2JIQV80SmZ3MG9PTUZ3RUVVTUttRWZIUFlaQWhSY1IzUQ?hl=en-US&gl=US&ceid=US%3Aen,fakti.bg,29 minutes ago,🇵🇸 Gaza Drones,https://news.google.com/api/attachments/CC8iL0NnNHpWVVo1ZWs1UlMwODJNVUpMVFJDZEFoamdBeWdLTWdrQmtJNG10aVlXYndF=-w200-h112-p-df-rw,2025-11-30T06:43:29.614633
"Gaza live: Israeli forces have killed over 70,000 in Gaza, ministry announces",https://news.google.com/read/CBMipgFBVV95cUxOTFVZYXl1LWpnUVQ3OGMxX0JySEJGQk95bkZUdjZ5Q0NjcEFoUUxfZ2xOVk1Ebi05QUFadmhkbmdzRUgyR2FnYVVQYWtCSW5GVkhiam1JQ1l1Yl9Scmh3emo1SDVmdU5VMFc5ZWpNbjNKZVFJQzZXR0cwY3hYaHFMOFhmLVZDRDRZTG5OR2FsVlRMZVNpVjdWdGhEb2x1SE9nSFRpMUFn?hl=en-US&gl=US&ceid=US%3Aen,Middle East Eye,7 hours ago,🇸🇾 Syria Drones,https://news.google.com/api/attachments/CC8iL0NnNDVXVmhzWXpWNlNGSnpaa3c1VFJDZkF4ampCU2dLTWdrQlFJcFVNR1JrY1FF=-w200-h112-p-df-rw,2025-11-30T06:43:29.614635
Israeli Raid in Southern Syria Sparks Deadly Clashes and Regional Condemnations,https://news.google.com/read/CBMizgFBVV95cUxPczdGeG51Tm5SN1UzS0ZWZ25OeTZXSW53U0NRZnFrUkw0RDk5VkZlWGlsSERwU2JhLS13VGdyakh1ekQxX1RiaWg5aEwwVTExMWlNWkcxN1ZtdUpXdXgyNkRqejNPRDBWVVZ6YlVMdlB6ODBnRHkyZ2FNNUVLVko5cnVRQ29ER0RKb0kwVlJVcXd2ZFNLNHFiRERyZm1fdXAtZG8yUlV1TmlVNmlFRTJsMzNlMkt4UEdvak4tT0tsXzRqcUpKN05xOFR1S05kUQ?hl=en-US&gl=US&ceid=US%3Aen,kurdistan24.net,10 hours ago,🇸🇾 Syria Drones,https://news.google.com/api/attachments/CC8iL0NnNW5URk42VTBWYVFsaFRjM0JzVFJDZkF4ampCU2dLTWdrRlFKSjFJQ2lpYUFJ=-w200-h112-p-df-rw,2025-11-30T06:43:29.614636
At least 13 people killed by Israeli forces during raid on a southern Syrian village,https://news.google.com/read/CBMivAFBVV95cUxOZmxGNFlSMnhwZlNzT20wbHBpY1pIYmJ4X1c3XzRxSUM0OFFRMi02VWp0Y0hkVFNNUW4wY19Gb0d6V3ViUF81N09HUGRsN0ZPbHd6ekV6QmVQZlVCWkhOYTc5MDBGVXpaMDJETTMyUzh0YWhDcmNid005dmp0TEhIOV9BUFhHS2xNS0hrQnk2T0N6X3F6SDR2Qk5ZT1NobjFsbzVMNm9WdkNqRUJBLWM5V3h0RU1oeDlhWlNzTQ?hl=en-US&gl=US&ceid=US%3Aen,Euronews.com,22 hours ago,🇸🇾 Syria Drones,https://news.google.com/api/attachments/CC8iK0NnNUhiRzgyVjBab1NWUlpaekIzVFJDZkF4ampCU2dLTWdhQkVaQ09EUWs=-w200-h112-p-df-rw,2025-11-30T06:43:29.614638
Two children killed in Israeli strike inside Gaza's 'safe zone',https://news.google.com/read/CBMilAFBVV95cUxOaVZESEs4dHZ2TElQVU9wLVlxTW1YRFBaVWoyblB6SWsyTlgta0hjUFItYVNuRU9UbWVxTHlvR21VZzctbVVzNTU2MUlUNGlFTGl0RHBSdENHczJOUmdRZFl2WTVCNENqYXpqT2tjdG5MRTdGb3NmZHBkWGZtVk9xS2VxTTNicXVYcTg4c25HbWVoRkc30gGUAUFVX3lxTE5pVkRISzh0dnZMSVBVT3AtWXFNbVhEUFpVajJuUHpJazJOWC1rSGNQUi1hU25FT1RtZXFMeW9HbVVnNy1tVXM1NTYxSVQ0aUVMaXREcFJ0Q0dzMk5SZ1FkWXZZNUI0Q2phempPa2N0bkxFN0Zvc2ZkcGRYZm1WT3FLZXFNM2JxdVhxODhzbkdtZWhGRzc?hl=en-US&gl=US&ceid=US%3Aen,newarab.com,17 hours ago,🇸🇾 Syria Drones,"https://encrypted-tbn1.gstatic.com/faviconV2?url=https://www.newarab.com&client=NEWS_360&size=96&type=FAVICON&fallback_opts=TYPE,SIZE,URL",2025-11-30T06:43:29.614640
Calls for return of final slain hostages; boys killed in Gaza attack,https://news.google.com/read/CBMihwJBVV95cUxNbE1pMW4yUnlvT0JXSUM0MW1zek9RMDdhdjFLNjhpUHlzZmZyd1hEeldlVzAxZFVfd3hQbEQyUUxLald1cjU4cFhTUjNwLUFGeGlkMkQ2NGo3LVFtdGZxUm5LME1sN2VuckdnWUVZWFQ0VFh1MDJ4VXBtWDEtNlVEYVBQdnlUYnoxTVVuQUFPTXJZNnpkZ2pmVmNkU2JtZHRJNi1hRmtFZGx6V1VnZ3F1WGFTY2c3emh0R0lEcEVjbDJmTTBaNWhRR0l6SG8zd0c2d1gtajdaa1lILVBJeWlJOVM2VTAwYTdrZlJ2UFl4QVk0U1F5cG1LTVBucHBTa0sxOVV2UUs0TdIBhwJBVV95cUxNbE1pMW4yUnlvT0JXSUM0MW1zek9RMDdhdjFLNjhpUHlzZmZyd1hEeldlVzAxZFVfd3hQbEQyUUxLald1cjU4cFhTUjNwLUFGeGlkMkQ2NGo3LVFtdGZxUm5LME1sN2VuckdnWUVZWFQ0VFh1MDJ4VXBtWDEtNlVEYVBQdnlUYnoxTVVuQUFPTXJZNnpkZ2pmVmNkU2JtZHRJNi1hRmtFZGx6V1VnZ3F1WGFTY2c3emh0R0lEcEVjbDJmTTBaNWhRR0l6SG8zd0c2d1gtajdaa1lILVBJeWlJOVM2VTAwYTdrZlJ2UFl4QVk0U1F5cG1LTVBucHBTa0sxOVV2UUs0TQ?hl=en-US&gl=US&ceid=US%3Aen,Herald Sun,5 hours ago,🇸🇾 Syria Drones,https://news.google.com/api/attachments/CC8iJ0NnNUxlbUU1YmxaTlUyTm5lVEowVFJDZkF4ampCU2dLTWdPQlV3bw=-w200-h112-p-df-rw,2025-11-30T06:43:29.614641
DEVELOPING | UN decries ‘apparent summary execution’ of Palestinians in West Bank,https://news.google.com/read/CBMiqwFBVV95cUxQTkZMQjZXcUpvcVh0QXlSTmYwQXFRNTFTeU9HMmVKLUxwb2N0dXp4bVFuSTJ6Yzl0c3haUmVlTW1yQ3oyek5uak9yUEJVNkJXR1ZQLV84dUhWcWVCajJHV2tCYTFENER0TTN2QjhiaDNlbWIzeEk4M2R1RDk1U3BZWUpjVG5xeVdXd2s0WDBpNllaWTZkMllXNWNSZmdhZjl4TWVpYmRCSU5PMGc?hl=en-US&gl=US&ceid=US%3Aen,News24,7 hours ago,🇸🇾 Syria Drones,https://news.google.com/api/attachments/CC8iL0NnNXZWMGRIYjBvMGEwTnphWGxNVFJERUF4aW5CU2dLTWdrQkVZWWtubVBnU0FJ=-w200-h112-p-df-rw,2025-11-30T06:43:29.614643
Two children killed in Israeli attack in southern Gaza Strip,https://news.google.com/read/CBMimAFBVV95cUxPRlVOQWhxQTc2M21GS09nclM0S255NTI0U1ExeGIyWEhkaGQtMzAwdS1vX0lweUdXZ19rRkVtOUFsSkdzQUczVVctczJIU3UtY2hKZUpnR09uRUdtRGRLQXBlZ3hzaV8xSWVkeWliZnh6NnE4RUFaOVA1VmJJUGN2X0NtS0x0QU9lMlRCYm5NOUh5UUx0dm1BddIBmAFBVV95cUxPRlVOQWhxQTc2M21GS09nclM0S255NTI0U1ExeGIyWEhkaGQtMzAwdS1vX0lweUdXZ19rRkVtOUFsSkdzQUczVVctczJIU3UtY2hKZUpnR09uRUdtRGRLQXBlZ3hzaV8xSWVkeWliZnh6NnE4RUFaOVA1VmJJUGN2X0NtS0x0QU9lMlRCYm5NOUh5UUx0dm1BdQ?hl=en-US&gl=US&ceid=US%3Aen,vijesti.me,18 hours ago,🇸🇾 Syria Drones,https://news.google.com/api/attachments/CC8iK0NnNXJUMDFwUzBOWVMzRTFORGx1VFJERUF4aW1CU2dLTWdhTkFwYXRIUWs=-w200-h112-p-df-rw,2025-11-30T06:43:29.614644
What is Taiwan's T-Dome?,https://news.google.com/read/CBMieEFVX3lxTFBvekI5blp3dmh0RXd3djN5UEtCc2ZFeUdDaGswREdfNHl1VkJDd3JNNDVBSXhURDRQbmtsNjhGZDcwT2p0d3BWbWFOb0w5QUs3RkQxd0hQRHRzMmk2ZC1JQ3oySHZ5ejN4b2RmQ0p0ekhCYzJaS1RoNA?hl=en-US&gl=US&ceid=US%3Aen,CNA,2 hours ago,🇹🇼 Taiwan Drones,https://news.google.com/api/attachments/CC8iJ0NnNWliMlo0Y2tFMVJHb3pXV1pJVFJDZ0F4amlCU2dLTWdNQllCUQ=-w200-h112-p-df-rw,2025-11-30T06:43:29.614646
Taiwan's National Development Council outlines competitiveness plan,https://news.google.com/read/CBMiWEFVX3lxTE9ibTZNMDFjWWJGWUwza3liT1dMTldCcEx2VXI3bzk0a29iSzJLMWJPUmhQYXYwaVliOUs1RlZ4S29FZm1xVGhlZFgzN3luSDhhaXVpYnFYQlk?hl=en-US&gl=US&ceid=US%3Aen,Taiwan News,1 hour ago,🇹🇼 Taiwan Drones,https://news.google.com/api/attachments/CC8iJ0NnNVpSRWRGY0V0aGVWY3hTVmxrVFJERUF4aW1CU2dLTWdNQmNBbw=-w200-h112-p-df-rw,2025-11-30T06:43:29.614648
Study shows how China could jam Elon Musk’s Starlink satellites if it invades Taiwan,https://news.google.com/read/CBMidkFVX3lxTFBVd2RuYWhDVFFZMnhBWGNzS0c1ZFV6QlNnbHlhbXZNYjVsTm5lTzFDUzVyUk9UQThCNHZoUi1LaUJ6RUthUkpCQ25ZUGU5UGxCalpFZXNaUXQ3bWtqTC1sakZ6T19LaVFJWjJWTHc0b2xvUVJIenc?hl=en-US&gl=US&ceid=US%3Aen,AOL.com,20 hours ago,🇹🇼 Taiwan Drones,https://news.google.com/api/attachments/CC8iK0NnNXBRVFEyZWtkNGVYWjFRbWhWVFJDckF4aUFCU2dLTWdhVmhKRE1NUWM=-w200-h112-p-df-rw,2025-11-30T06:43:29.614649
China tests laser weapon on civilian cargo ships,https://news.google.com/read/CBMif0FVX3lxTE5ORl90SWYzaExHRkdTUi1CZGxGUktvUk9SRDVUSndxTGpmS0h0UEsyUWhHMXp1X1d2b0liSjZrVklmSWNiNG5oenVXWGF3eEFPNFlHaHNPcUNuUm90alZod2Qxd000MWZsTDhpd09fRjJfOVRTRTJOMVlRaEFmSkHSAYQBQVVfeXFMTnRCMG5XVXJNQ0FkREFBeWlEbTI1dzdpYjZPd2RESXlOMVhBd09YWk9iTnRTTWppYTJva0FvWHJxbUdESWtWeGVmVjQzNFNCV2NUbFNGN1NkV3MtbU5fbTNWdmFjWHNmaXY1WDlkU1h5OExHVmg2YVlidzdKZkZXZFZXVF90?hl=en-US&gl=US&ceid=US%3Aen,Defence Blog,20 hours ago,🇹🇼 Taiwan Drones,https://news.google.com/api/attachments/CC8iL0NnNXNOSFpFVFdsRE4wOUVRazVOVFJER0F4aWtCU2dLTWdrUlFJaUxOZVlkaHdJ=-w200-h112-p-df-rw,2025-11-30T06:43:29.614651
"Trump says Venezuelan airspace should be considered closed, World News",https://news.google.com/read/CBMikgFBVV95cUxQZnRkd1Rmbk92MmtWLTd0UUZoYjUxQjhVNlU2NHJLSVdSVnZQRmp3Y3lTYzZ0ZFZqdnNkYVNnSndKV19PcWFhdzA4eXdMcnBEZ3Nsa21HNFIzbklralo2X3pGLXVTTTF5YUlaOFdLbWhLZkxWUVFfbnp4Q3YycWUxTFJLWkN3OFd5R2huQ3hKSDFpUQ?hl=en-US&gl=US&ceid=US%3Aen,AsiaOne,3 hours ago,🇹🇼 Taiwan Drones,https://news.google.com/api/attachments/CC8iJ0NnNXBiWFJxY2paMVV6TlJaV1ZWVFJDSEF4aVBCaWdLTWdPcFJnYw=-w200-h112-p-df-rw,2025-11-30T06:43:29.614653
"M109A7 Paladin 155mm self-propelled gun, 40km range, integrated AI 'dominates the battlefield'",https://news.google.com/read/CBMitgFBVV95cUxPTE9LZ2dXVWxhaHlSa3BDMFEzSnNVUDMtQUU4djJuQjhlM1k4ekdjbVA1NHV6NFVvbW0weURmU2lpdkt2RFFYWXRMLTdwdWxIS2pZLUtwSXVEZmFTYmdzZnFGdmIteUxiUWFkalcxREdXQ3VqRnhrWnRiWGI3azhPYlBMRHhCeDROX29nX1JvWTNXSTNIU2hMRDZXUGRleXB2UlZBUy1CRm9hUEdQOFU4cXNleVJKQQ?hl=en-US&gl=US&ceid=US%3Aen,Việt Báo,4 hours ago,🇹🇼 Taiwan Drones,https://news.google.com/api/attachments/CC8iK0NnNXpWamxyWjIwM1dFbHZjVmxuVFJERUF4aW1CU2dLTWdZQllJcnRKQVU=-w200-h112-p-df-rw,2025-11-30T06:43:29.614654
Ukraine updates: Kyiv hit with another deadly attack,https://news.google.com/read/CBMikAFBVV95cUxNeEtLeUQ0bGVKbGNLcjlCMTQ5WFZjRmFPSHpDdTY1ek5NalZWRUpxUUMwVlZyNkFwR0lObm1QdnJyVFhVTDEtcW9JWGE2aG5yTVYtVnRfclZpNUlXVk9RRTV3OFU2OEN3eWk4bHdNVmVXTndVeWJUUU1IdE0yRzZsZXhDY2VFNXZBNlpLcXQ4SUY?hl=en-US&gl=US&ceid=US%3Aen,dw.com,12 hours ago,🌍 Africa Drones,https://news.google.com/api/attachments/CC8iK0NnNVpOMUJJTURoVFMzUnNXRmgyVFJDZkF4amlCU2dLTWdZaFZJTHVKUU0=-w200-h112-p-df-rw,2025-11-30T06:43:29.614656
Ukraine latest: Kyiv claims it hit Putin’s ‘shadow fleet’ tankers in Black Sea,https://news.google.com/read/CBMixAFBVV95cUxNdlg2X21Tc0JoZUlxaU02d1pwb3VqeEM5dXlMNWxzVU5aODdvRHdwcmJZamEtV1hESXFrOUUzQTBpaVdZaUJCbGcyOGlzdEljeW9PRnJNTnVoNDlTU01FaWFFTkdkclZRU0JZSEExcDNSaThtX1lmdXpGWXpreFFhQkk2TnBQaHJCaFp5eExVQmNlYmYxZzdPZEtpSXJTdjF1NG5FWjJzTXREcWxQcEhrY0M5aWxkdjdubTZLejB5R3JhNlk2?hl=en-US&gl=US&ceid=US%3Aen,The Independent,1 hour ago,🌍 Africa Drones,https://news.google.com/api/attachments/CC8iK0NnNDVSbU5OVkRSZlExZDBiM05CVFJERUF4aW1CU2dLTWdhSmc0NU1NUVk=-w200-h112-p-df-rw,2025-11-30T06:43:29.614658
Russia launches close to 600 drones in overnight attack on Ukraine killing three,https://news.google.com/read/CBMiuAJBVV95cUxONzAzWHA5ZlNLTE1QQ0RFVlNGWW9BbEdFaUZlVmFRcE0wNGZqTng3cnVxMkxyVUN5X1FxWVBDLXpRbE5FT1FtQWVVbWJUWWtRejZmbkt3S1pHOWVwRFBZWFJ1Z1JINHdOYTR1eE05SlJMT0JzQks4X3FzV09NQlVUeXFmVGJGU1dqVmF3eVdYYTYybG1yZVR4ZHB6MFNKbGI4bUVLdmh0Q0N3Y1BuSUVMY2F4U1BGbHBTZmh0Z3FYdFBjdU9GdmtZWHRsWXRaSTZuRDk5SHRfZ3hoQnIyWG5FWWxEQk1aSUJYSm51em1yNHRJUUFiY3VFeFNacGM3WTZYbmtRbG9OVXFiNTZYWEN4MmNFU1RtOEVWdmdpSEpqd3pJNnpBVlg3SkpHMmJDekp3STBRTjhVR1U?hl=en-US&gl=US&ceid=US%3Aen,MSN,12 hours ago,🌍 Africa Drones,https://news.google.com/api/attachments/CC8iI0NnNW9NMnRtWlhWSFUyWkRTVVZ6VFJDZkF4ampCU2dLTWdB=-w200-h112-p-df-rw,2025-11-30T06:43:29.614660
Russian Drone Attack Injures Civilian in Bilozerka Kherson,https://news.google.com/read/CBMilgFBVV95cUxNY1drNjVOMEt6anRQQTNQZ3BqZG9fbEQzdUNQVGk3NnZwazA0VTd5czhRclk3NEdNM3JneDRJSERzck0wckNaU05neVRVRmJ0SW9qbHRVcWxDNExSUkZqdXM5V0Y2VDdqcFpTVGN4OEI4cWVfWGhRMU53bmNYYXFTLS1maC1qbXFDb3lIWm9rWF9PeW9YSFHSAZYBQVVfeXFMTWNXazY1TjBLemp0UEEzUGdwamRvX2xEM3VDUFRpNzZ2cGswNFU3eXM4UXJZNzRHTTNyZ3g0SUhEc3JNMHJDWlNOZ3lUVUZidElvamx0VXFsQzRMUlJGanVzOVdGNlQ3anBaU1RjeDhCOHFlX1hoUTFOd25jWGFxUy0tZmgtam1xQ295SFpva1hfT3lvWEhR?hl=en-US&gl=US&ceid=US%3Aen,Букви,14 hours ago,🌍 Africa Drones,https://news.google.com/api/attachments/CC8iK0NnNU1VVkowZEhwRllrUlJiRGx2VFJEb0FoajJCQ2dLTWdZWkJZU3JJUWM=-w200-h112-p-df-rw,2025-11-30T06:43:29.614661
2 Palestinian children killed in Israeli strike in southern Gaza,https://news.google.com/read/CBMisgFBVV95cUxNNURFb0tQRnZmNWZNY2twV2phdzN2ZS1lQ2QyTHFId0FBRE1Pa2ptejF5ZzBQREkxNUI2VlNjcEFVbWtWY3pEaThCWTZBTS1tWmh0UTBUZXFEcG95M1JLcDh6eWJTb0VCczdRcHJfdk1FaFJmWWZQSGp5UU1RaThTR1VCVjd1Qm1McUN0U3c1enpKeVNqY0JVYnI1VEg0X0VLUzRWalpSRC03TGNEbkRUQVZB0gGyAUFVX3lxTE01REVvS1BGdmY1Zk1ja3BXamF3M3ZlLWVDZDJMcUh3QUFETU9ram16MXlnMFBESTE1QjZWU2NwQVVta1ZjekRpOEJZNkFNLW1aaHRRMFRlcURwb3kzUktwOHp5YlNvRUJzN1Fwcl92TUVoUmZZZlBIanlRTVFpOFNHVUJWN3VCbUxxQ3RTdzV6ekp5U2pjQlVicjVUSDRfRUtTNFZqWlJELTdMY0RuRFRBVkE?hl=en-US&gl=US&ceid=US%3Aen,Middle East Monitor,17 hours ago,🌍 Africa Drones,https://news.google.com/api/attachments/CC8iL0NnNVJSbWwzY3pRMGFVWldUbkZ0VFJEZ0F4aUFCU2dLTWdrQkVKaXNvV2lneHdJ=-w200-h112-p-df-rw,2025-11-30T06:43:29.614663
Russian drones fly undeterred over Moldova and Romania,https://news.google.com/read/CBMikAFBVV95cUxQanAzV1NVb252a1RGUmlGaVlEbEE5WmhSQjZnMlB3b3ZSSm5hbHJIOUdxM0pMb0lDSDltNkF4TGF4YjZZTXVJMjdjU25Ub0FZMy1weHNqQUFsMWQtWTI2aWV2MTBoUWN6d2tGazhLV3VaZURWa29hd05CZEU0UnV0RXRWTkkyYzVNM2lLZ2xZdjbSAZABQVVfeXFMUFJSbGpfT1hLQUFNMzA5dERxWVg4Qlh0RnlFa3pZRHlQWjA5cmxHc2hsSG94QTBZTHUxQ2RUMmlOTlVncHRVcjJ6R01RandZMy1MeW9GdDBMXzlVU28zdGpVRGRxaHpqWllFOFBFaFI4Z01MVENCQkhXUUVuNGs2X0tzNHpFdGctYVdkbUR5Umln?hl=en-US&gl=US&ceid=US%3Aen,dw.com,19 hours ago,⚠️ Drone Incidents,https://news.google.com/api/attachments/CC8iK0NnNWZjemhEVldjNGNHNTNXblJ6VFJDcUJCaXFCQ2dLTWdZSk1KNW5GZ28=-w200-h112-p-df-rw,2025-11-30T06:43:29.614665
Moldova closes airspace briefly after another drone incursion,https://news.google.com/read/CBMiqAFBVV95cUxNcm00S0tzQmVtc2V2SHFMbFZZUTZLUkRjSmJPSVNTMDZjRTdvemVpVFBHRlQzTU5mMDN3LU5YWlBQNmoyd2hPZGg2c0NhNGRQaUdwQUxxamZsVGVJZGVKMHBxV2RJTUJxRjhlQkt3OXVOZjMySS1qbE9mQTBGOElUQXhwUlRRZEtfR3hsZnN2cUp6Vl9DblJDMlppR2M4a3JqQzJLOU5SUHM?hl=en-US&gl=US&ceid=US%3Aen,The Brussels Times,20 hours ago,⚠️ Drone Incidents,https://news.google.com/api/attachments/CC8iK0NnNXRVVWxDYm5aUk9WVXRUUzFSVFJDeUF4akNCU2dLTWdZSlJwWW5wZ2c=-w200-h112-p-df-rw,2025-11-30T06:43:29.614667
Moldova says briefly shut airspace after fresh drone breach,https://news.google.com/read/CBMitwFBVV95cUxOSXR3SEIya0JDZmxTVnVOdk1DcHNCTVA2d1NsMXFJLUNBeGoxMWw0MDhtTlVWLS1EUUNxbm1PalR6cVJneXhRaW9FbEQyR0Q4cjZwV3A1Um9JRlNGc0djSllPck9iV1QyY21nZ0E2MVVMOGlNVmdpS3lFWDNZa0hTVlNTNkhKbXVYWWkxYWNwOWtRY3pibGNMcEpIYzlsYUtWNXQ0NXNZRGZVYUVtOFNFZUkzNHIyQXfSAbcBQVVfeXFMTkl0d0hCMmtCQ2ZsU1Z1TnZNQ3BzQk1QNndTbDFxSS1DQXhqMTFsNDA4bU5VVi0tRFFDcW5tT2pUenFSZ3l4UWlvRWxEMkdEOHI2cFdwNVJvSUZTRnNHY0pZT3JPYldUMmNtZ2dBNjFVTDhpTVZnaUt5RVgzWWtIU1ZTUzZISm11WFlpMWFjcDlrUWN6YmxjTHBKSGM5bGFLVjV0NDVzWURmVWFFbThTRWVJMzRyMkF3?hl=en-US&gl=US&ceid=US%3Aen,Al Arabiya English,22 hours ago,⚠️ Drone Incidents,https://news.google.com/api/attachments/CC8iJ0NnNVRXR0pXTW5ZMmFWcGlNRWR6VFJDZkF4ampCU2dLTWdNQm9CZw=-w200-h112-p-df-rw,2025-11-30T06:43:29.614668
Moldova temporarily closes airspace after drone incidents again,https://news.google.com/read/CBMimAFBVV95cUxPN2lqcUhLZXFjUFZDMk02SVkza2QyaTRPS29xRlEwNW9tZXgtVjRscFBzd2VpMU9zaHVCejdyWWhOMF90WlhybnlFQ1dySG1OSjJKQVV0ZlNXUHoyemtjdEN2UWhaQlhxdy0xYXVuVm1GQTBUcjRNdE1tbEpxRGNjdkZnMUFmNzd6WTc0b1BjczFpanZCSFYzTg?hl=en-US&gl=US&ceid=US%3Aen,Balkanweb.com,19 hours ago,⚠️ Drone Incidents,https://news.google.com/api/attachments/CC8iK0NnNDNRMDlLTlVGdFdtZHlOM1kwVFJDY0F4anBCU2dLTWdZbFVJenZNUWM=-w200-h112-p-df-rw,2025-11-30T06:43:29.614670
Moldova briefly shuts airspace after new drone breach,https://news.google.com/read/CBMilgFBVV95cUxPak5NSHQwcTNWdlQyUk51LXplWFBwQ1FTWDE5aFo2UGxTWTlKYWdTLU13NG80UXRTaEVJVzJENVdoMmhpa2pMLUlRS0k1ZU0wa1dtZHBqUnh5cFdRVnVmS2dCN1R4bVkybC1qTnB5SlNydVhJZTRoRU9kQnJrRHBVRXQ3WGZOOHgxRFBhLUM4SFpLWHhqSHc?hl=en-US&gl=US&ceid=US%3Aen,CTV News,15 hours ago,⚠️ Drone Incidents,https://news.google.com/api/attachments/CC8iK0NnNVplUzF1ZDNKaGFFcFBjRmh3VFJDZkF4ampCU2dLTWdhZFpJek5NUVk=-w200-h112-p-df-rw,2025-11-30T06:43:29.614672
"Russian drones force Moldovan airport closure, three flights disrupted as president condemns Kremlin intimidation",https://news.google.com/read/CBMi5wFBVV95cUxQeGo1RXRxSXBNNXZRZ3EtOHg4RGhWQVRJbmZ1TldIYlNYTTF0VXN6ZW94NVIxb0FDZzV5UjZEYUZHbGk4MU5LYWxjMnRtYjl3TlNuMFNLWndLWkRZMDdNdHpGem43U3ZPam9FckhiTE5qS241N18xY09UMUdQNXpBR1JFcUhpaUlvNGxLejZsaXdfeXhsdElDazlidWpEUnlhTV9iaV9Vc2RGZ2U5bTBzeUtwbTJNOVM4LVhRWk9jQ3VCc1FwVTNwNU9idGVMRUNIMjhHcnNRWWJLbENfb2J6WG1KalRJWmM?hl=en-US&gl=US&ceid=US%3Aen,Euromaidan Press,14 hours ago,✈️ Airport Drones,https://news.google.com/api/attachments/CC8iK0NnNUNTVVpXYm1GM2RFSnFialpEVFJERUF4aW5CU2dLTWdhOWc1SlNNUWM=-w200-h112-p-df-rw,2025-11-30T06:43:29.614674
Airlines work to fix software glitch on A320 aircraft as some flights are disrupted,https://news.google.com/read/CBMingFBVV95cUxOSDh4QTBFYVRadU5MQm54V2x0RUlMUlN0MG11V0tBMGNwU09vTVBnU291c3BubWdjYWVseDhzdUtSa3BsN1ZtYXRzczViNXkxall3LWdFV3U1VDhpX3RPNVRMbFdRYmhrR19vVVd0SVBrXzFLQWloT05zNjBQNzVGWE41OTN6dk1rNEJnUWFDdFhfbEljdV9kQVVLelAtdw?hl=en-US&gl=US&ceid=US%3Aen,Spectrum News 1,17 hours ago,✈️ Airport Drones,https://news.google.com/api/attachments/CC8iK0NnNXZWR2g1YUZZM2JqbEpPVFF4VFJDb0FSaXJBaWdCTWdZQk1JTGpvQWc=-w200-h112-p-df-rw,2025-11-30T06:43:29.614675
OSGOF deploys drone technology for Abuja topographical map,https://news.google.com/read/CBMi3gJBVV95cUxQWEhPckNwQlg2R1ppOERaV1NKSmRmNm1GNmtBRlNoS2RtT2JoaU9pV0FrZWU5WEZ0Y2tUTHgtellabVZmS3RuVUEwTnRmaTJDUEt2SzN4YjU5VDJ2dzVqaEdXMGZSal9rb0lTTHJtVHNrX0UtZFY4ZEZLNkhybWh0MVkza1Z6X0gwOUNrZ284Q0RHUVZvMUY5VkFwLUhVT1VNaDRPdDU0d1UwakdvVEZ6ZlBuSlRfTk9XcTVaNlRBbzZaTHZaZHAwdUcwZzJYTlh2OXNQUlp0SkN4cnBodVI1Q09vMnpMbGFpM2hiVGxjRUNpUHFnVjFrMGtxTVBwc0VPWHI0a28yVjZSWkw3cTQwZmF0dHRwRXVGRm82XzVUOFduWDBfajhzWXJwbU1zODgwU0R1N2ZLZy1rY19NY1prUjVEQ1JHdDVMSTFEZ3V6MjJIRzMxNy1TempxbVc4QQ?hl=en-US&gl=US&ceid=US%3Aen,MSN,11 hours ago,✈️ Airport Drones,"https://encrypted-tbn2.gstatic.com/faviconV2?url=http://www.msn.com&client=NEWS_360&size=96&type=FAVICON&fallback_opts=TYPE,SIZE,URL",2025-11-30T06:43:29.614677
Vilnius Airport Flight Halted Over Weather Balloon Threat,https://news.google.com/read/CBMilAFBVV95cUxQZmpUUmhlZ2JsSXM0RjlHRXk0SUxLampOb1JlLXd5WXhCVGwzVjdyek50R3BscF9hUDBXR3Qtd0pTMi1GRlB2bFJoWVhwWUQ1Y0Jha1NBZVQwTE5WMmdZWWRCSHN2eXR3cS1sckN3NDlyODlSRDdhU2JrYnNXRl9VbEhiUm1ITEEwb2FBNXdCejJLVE9M0gGUAUFVX3lxTFBmalRSaGVnYmxJczRGOUdFeTRJTEtqak5vUmUtd3lZeEJUbDNWN3J6TnRHcGxwX2FQMFdHdC13SlMyLUZGUHZsUmhZWHBZRDVjQmFrU0FlVDBMTlYyZ1lZZEJIc3Z5dHdxLWxyQ3c0OXI4OVJEN2FTYmtic1dGX1VsSGJSbUhMQTBvYUE1d0J6MktUT0w?hl=en-US&gl=US&ceid=US%3Aen,Букви,20 hours ago,✈️ Airport Drones,https://news.google.com/api/attachments/CC8iK0NnNVViMkp6VDBKckxVVmFObkpJVFJEb0FoajJCQ2dLTWdZQllJYkx3QU0=-w200-h112-p-df-rw,2025-11-30T06:43:29.614679
KRG: External actors exploiting unrest in Gwer after Khor Mor strike - Shafaq News,https://news.google.com/read/CBMipgFBVV95cUxPa0VvQ3VLbTZHa1dIT2lfVEszcm9laDFjSlNVV0tfR0NtSmtJbmp4X0hsNUU3bngyR2ZVWDZLVjVxRUFwa29FZnRiQzBMRWs1eDl5Q29vYy1rbThyWnhSNUJ3YXZlUmotSWpaS1BreXJrNTNWRmdRVWVCM3RwS3NCS1JtUUV5RVpvajZuV0QwX2Q2dnNiSFJHN0NIRHJJeG0zSEZCcjNn0gGmAUFVX3lxTE9rRW9DdUttNkdrV0hPaV9USzNyb2VoMWNKU1VXS19HQ21Ka0luanhfSGw1RTdueDJHZlVYNktWNXFFQXBrb0VmdGJDMExFazV4OXlDb29jLWttOHJaeFI1QndhdmVSai1JalpLUGt5cms1M1ZGZ1FVZUIzdHBLc0JLUm1RRXlFWm9qNm5XRDBfZDZ2c2JIUkc3Q0hEckl4bTNIRkJyM2c?hl=en-US&gl=US&ceid=US%3Aen,شفق نيوز,9 hours ago,✈️ Airport Drones,"https://encrypted-tbn1.gstatic.com/faviconV2?url=https://shafaq.com&client=NEWS_360&size=96&type=FAVICON&fallback_opts=TYPE,SIZE,URL",2025-11-30T06:43:29.614681
Vilnius airport halts operations all night due to meteo balloons from Belarus,https://news.google.com/read/CBMilAFBVV95cUxQZ1VEcTAxRnJPeURCSk5FWmN3Ulc1TXV6dHRRRUFwQnU5QzBxU3JiTFBYaFdPQm50M1hvWVJXbmNYOFRheEtlS1lfZzFXcjFSN0FEZ1Y2S2VIRXBLd25KRndicldxQkhFWml2MWFXRjJfSVhSajNVdVFMX2NQYVdQU3Y2Zmh2bkdhXy02VGhKdHJGdWxQ?hl=en-US&gl=US&ceid=US%3Aen,RBC-Ukraine,17 hours ago,✈️ Airport Drones,https://news.google.com/api/attachments/CC8iK0NnNXRhQzFKZVVGQlMxRXlNVkZ6VFJDZkF4ampCU2dLTWdZQmdvTGhQUVU=-w200-h112-p-df-rw,2025-11-30T06:43:29.614683
Ottawa companies get rare opportunity to test drone-detection equipment downtown,https://news.google.com/read/CBMixwFBVV95cUxPUlBfNkZGaWdHQ015N19peE8xZGUyYURqNm1UUEZ6dWt4OTRmNktpUHZvMncta0lCS0VyRUltQlh2dnRCNlFTUzFyem1HaDdMdUJEaWE1a3FxbXc3MUIwNmpnSHlpRkRuTHFDQlZXNFo3ZnBjS3BLMVE2S19Xb0lOekQ3R3ZtYzRtdlhicVlPWEhNS1dfZmNKWEFCYlNGbmRDNzltM2ZTQ2ZJeHd5XzJicExJM2R1aEZQN01UNDRFWFhTNkZlcHBZ?hl=en-US&gl=US&ceid=US%3Aen,CBC,21 hours ago,🏢 Prison Drones,https://news.google.com/api/attachments/CC8iJ0NnNU9ObFJoYTFZMVpHMUhWWEZFVFJDb0FSaXNBaWdCTWdNQlFnWQ=-w200-h112-p-df-rw,2025-11-30T06:43:29.614684
Tunisian Opposition Leader Shaima Issa Arrested to Serve 20-Year Sentence,https://news.google.com/read/CBMiqgFBVV95cUxOVFRSVHpQQWhqN1pwRWNnSlp5UHNtYV9VamMtYS1Pa1VmV2RmZElGTmFtVzhYcWVsVk5mS2xLZkRRRW51SENZUjRLa2Z3Q2JFbjFyem9oc0l1Tk5ZdlZOamJGRGRaX282MF9ZRzJlQjkzR09CRE55SjA2S0lDSVJfRFJmYnZBT1NoUjV5SDJHUm9JUll2YjVtSDR0Z3ZnZVFZT2xnaW1feWtVZ9IBqgFBVV95cUxOVFRSVHpQQWhqN1pwRWNnSlp5UHNtYV9VamMtYS1Pa1VmV2RmZElGTmFtVzhYcWVsVk5mS2xLZkRRRW51SENZUjRLa2Z3Q2JFbjFyem9oc0l1Tk5ZdlZOamJGRGRaX282MF9ZRzJlQjkzR09CRE55SjA2S0lDSVJfRFJmYnZBT1NoUjV5SDJHUm9JUll2YjVtSDR0Z3ZnZVFZT2xnaW1feWtVZw?hl=en-US&gl=US&ceid=US%3Aen,Букви,5 hours ago,🏢 Prison Drones,https://news.google.com/api/attachments/CC8iL0NnNTBOMjVPZUhSa05EWnZiRWRxVFJEb0FoajJCQ2dLTWdtQklZcklIZW90NHdJ=-w200-h112-p-df-rw,2025-11-30T06:43:29.614686
Florida man sentenced to 60 years for child exploitation offenses,https://news.google.com/read/CBMiiAJBVV95cUxPVWtNanFZOFJWXzA3X2RrczZVOEtXN3FSZWw4T3dCSnNPb3hXVmk3YllkbVFTYUt6bU9aVDYzVGlkczZzZ1JjR0RCRDJUd0FSWXV6WDZUUEItU2ZEOUdzdnAyLV9BUnJicnliM3FWajJvWmxlUUlzWkJ6VXpxeEplR3ZQYjZlN1dsSVZKZ0l1TkFuck9rSlBTS0JOM1RpRlUtcjRWeDdOdTlwRXdmS3ZET2ViYzhwSjk1RnNBZ2Y0a0g4cng0b3hmaWtJZzNHSXdOSi1aR2ZLdVh2bE9aNmFzUXJRQUhSbm1mZDlHVGpwU3BSLWY0WmdKbGtiWUhvcTM2bnQ2QUZuc1I?hl=en-US&gl=US&ceid=US%3Aen,National News Desk,15 hours ago,🏢 Prison Drones,https://news.google.com/api/attachments/CC8iK0NnNU1TME5FTkdkdlkwNTJWMU54VFJDZkF4amlCU2dLTWdhdFpZN09yUVk=-w200-h112-p-df-rw,2025-11-30T06:43:29.614688
Sea drone strike halts operations at global oil terminal,https://news.google.com/read/CBMinAFBVV95cUxNaFc3UkFVZDJZZWNCVTM0TkRrc21MUm9oVVN5NnBiVzdFb2VqNzk4eDA0aWtYMU1jX1pXdE55Mm9EZnFULWYwdEswYjhIM3FYdnFqOFdoNEZKMlFMcFYxWW05b3A2RFppZzd5eE44RkRibUdFSnMyMjhTN01mc3VuSHdxaWg1WEFESnFaZ0ZDQmZ1eWVReEljdXF1NXU?hl=en-US&gl=US&ceid=US%3Aen,irishsun.com,18 hours ago,🏢 Prison Drones,https://news.google.com/api/attachments/CC8iK0NnNVZXSFZsTUZGbVJqSlNUVkZtVFJDM0FSaVRBaWdCTWdZQnNKS1B3QVk=-w200-h112-p-df-rw,2025-11-30T06:43:29.614689
Tunisian police arrest opposition figure Chaima Issa to enforce 20-year jail term,https://news.google.com/read/CBMiwAFBVV95cUxPTnFpckx6ZG9JY0g3aEJ1Zm9KMk1ybEg5b2dCbTJHR3dvNDRTRkRRa0t2TVJpa0sxWU5FYlYwUm1Hb1BOOGFFUWE5Y0hTU1FoSl9faEFXZVZQYmtPZzAxc3hISDZpeU9UdDlBYjdxd0k0YlNjR0dKeV9WbTB5emIydnNsaFpIZ2Y0MDVwTHg2Q1N1TTVoclQ4VG5RUVNpYWdZTnJrcTRfLVFoOEIzMTZtU0lmT0JZdEs1ZlMwc1ROWnc?hl=en-US&gl=US&ceid=US%3Aen,The Straits Times,14 hours ago,🏢 Prison Drones,https://news.google.com/api/attachments/CC8iL0NnNURYMkZxZDBKc2RGcExibFU0VFJERUF4aW1CU2dLTWdtQmNKWmdLNmc3REFJ=-w200-h112-p-df-rw,2025-11-30T06:43:29.614691
Haitian prisoners dying as crowded jails buckle under impact of gang violence,https://news.google.com/read/CBMipgFBVV95cUxQNXI5SlUxbmFVc1BDZ094WVpqUmx6M1Q2Z2d2TjFKY0NleEhnNHNCSmZDX0wycW1hSjVJT2g4NS1QTXlJZTRTUHk4c2JFVElUWEN3bTNCNmtyQlcyMlFnbFlFSGZXODZzX0Q4U0tVYUFTMmRTV0o2aUp6QWhDaEt0NnlMOU16QXM4WWxTNEZQWG4zclFuNmRLd0lDdVVkSFJoS3FCMnBB?hl=en-US&gl=US&ceid=US%3Aen,inkl,20 hours ago,🏢 Prison Drones,https://news.google.com/api/attachments/CC8iK0NnNTZaRlpuVjFod1RsVkVlVWRmVFJDZkF4ampCU2dLTWdZWmNaTFdOQWM=-w200-h112-p-df-rw,2025-11-30T06:43:29.614693
"Madras HC orders State to reinstate transgender nurse, pay salary arrears",https://news.google.com/read/CBMivAFBVV95cUxNdXNyZ2VfQy1teFZJeVBCMkt5Tk5tVzVESUw4YzBzeVAwaGlhVUp4UzkzdXZUdkNwYnc5ZjEtVHRLRURwdzBLUjU4MnZveTFzRll5bHpMMUF0aDJ0aHVZZUI1Mk5Icm1mSzl5RUVURzNab3NWTjVfczNFaHRpRDZFQjJLM1JURkNtWEdjWExWRVktLThQYlRpa1pVd0IySGtObWE3dGQxQzJMZXBaOGJKTC1uSm90S2dyLWgtT9IBvAFBVV95cUxNdXNyZ2VfQy1teFZJeVBCMkt5Tk5tVzVESUw4YzBzeVAwaGlhVUp4UzkzdXZUdkNwYnc5ZjEtVHRLRURwdzBLUjU4MnZveTFzRll5bHpMMUF0aDJ0aHVZZUI1Mk5Icm1mSzl5RUVURzNab3NWTjVfczNFaHRpRDZFQjJLM1JURkNtWEdjWExWRVktLThQYlRpa1pVd0IySGtObWE3dGQxQzJMZXBaOGJKTC1uSm90S2dyLWgtTw?hl=en-US&gl=US&ceid=US%3Aen,dtnext,16 hours ago,🏢 Prison Drones,https://news.google.com/api/attachments/CC8iK0NnNTRMVU5xTjNaT2RqaFphRzQyVFJDdEF4akxCU2dLTWdZVllJWk52UU0=-w200-h112-p-df-rw,2025-11-30T06:43:29.614694
Drones and drug trafficking in Prato prison: the prison police operation that shook Italy.,https://news.google.com/read/CBMiugFBVV95cUxOd3FPY28tRkZDVC1pWDJRaUpRQzBHM3M4UEttaWpGcXJGYVlweUtpRFdZaFhwdHgxMzZmclVIZHdMRzhjRzBOSG1YbElIVU1mdllZVmdqNzhOV3JhREhwTVdNS1NReFVtbFR2dExEcTF0eXhoZGtEYU9PVklKR25yNGYwUG83bl94WFpqRmZvSnFvOE1XdkhkYzBjclpVYnVzVjVNRUQ4dU1VdjNFRFlOSVkwNjRqdkstd1E?hl=en-US&gl=US&ceid=US%3Aen,Notizie.it,18 hours ago,🏢 Prison Drones,https://news.google.com/api/attachments/CC8iLkNnNDVlbkJGYTNvdGRXRnBlbTVMVFJCekdMa0JLQW95Q1JWUWpsbzRwcEtuQWc=-w200-h112-p-df-rw,2025-11-30T06:43:29.614696
