Title,Link,Source,Published,Category,img,Scraped_At
U.S. Army trials long‑endurance tethered drone with EW pod,https://news.google.com/read/CBMiiwFBVV95cUxPM0NzVEI2Zl91c0JvUlVyWVUyZ3lFTThsS1dxUlFGUUFrcVJIWHoydkVmeVd5clMzbEZINk91bmQtMVgtV2tObGtGV2xHQWo0eGVPZndlR3dRSkVNYnBtYzcwNVhGTXU4eTY1SVN5M0lqdVp3ZzVLcDJwMUY3QWt5Z1hJei1xUTZUUk5R0gGQAUFVX3lxTE1LMGFOTEtPVG90SU1MY2d6UE1rczA1Mm5iOEt0eTNQZ1lHN214MFdycEJfaUloT3Z4SkJSSjlRZWljdzhqNEM1SEI4YjVaNFo1Znk4Z2RDcTgyRUdZdFdkNXVaak1lYmU4Q0stRnFuWFhSckVWbDNkdUszSE8xYzRHeFd3TUtERl9hZ0EtazZzTg?hl=en-US&gl=US&ceid=US%3Aen,Defence Blog,1 hour ago,🎯 Military Drones,https://news.google.com/api/attachments/CC8iK0NnNXVTMGxyUkZsaVFYYzNNemd3VFJERUF4aW1CU2dLTWdhaGxJNnROUVk=-w200-h112-p-df-rw,2025-11-16T12:52:59.235962
"🇬🇧🇨🇳 BRITAIN’S NEW DRONE PROGRAM: MADE IN CHINA The British Army is using Chinese-made 3D printers to build weapons like suicide drones during field missions. The printers come from Bambu Labs, a Chinese company in a government-backed i",https://news.google.com/read/CBMiYkFVX3lxTFBtRnQ3OW1vS2pRamxBNk5kOE50VXBUMFJEcmlyQjM3VEo4THB3STNZc0dKVU83Vl9YYlNuaWRvc1E1dVA4UEFIZUNhY291eWdhUDF6dld0clFabW9PT3NQQXZR?hl=en-US&gl=US&ceid=US%3Aen,x.com,6 hours ago,🎯 Military Drones,https://news.google.com/api/attachments/CC8iMkNnNXVWVGRYYVRKMlJYcFhibk5oVFJDZkF4ampCU2dLTWd1QklKS09xQ2l4dzZvYXVn=-w200-h112-p-df-rw,2025-11-16T12:52:59.235976
Inside Estonia’s plan to train a new drone army,https://news.google.com/read/CBMiigFBVV95cUxOR1ltbXNJV3ZkbUg3dURLdWRadHVwRzVxUWVDd05Ld2pibnhMeW0tNXc1Wmt5ek9IcHpjaVhmNFRXN3VPMGV6aWRZQm9tSnlmX1Vra2ZhMGlxbXloQ0hkM1YxdVBEUnlPXzJGa3VQZklhU3RmRVJuTEdxeVFhSjZERmZBbHRoSjRYeHc?hl=en-US&gl=US&ceid=US%3Aen,Estonian World,19 hours ago,🎯 Military Drones,https://news.google.com/api/attachments/CC8iK0NnNXlVVk5yU0VaV1JUTk1MVUkwVFJERUF4aW1CU2dLTWdZaHBaTE51UVk=-w200-h112-p-df-rw,2025-11-16T12:52:59.235979
Iran says it seized oil tanker in Strait of Hormuz as US drone watched from above,https://news.google.com/read/CBMisgFBVV95cUxPWF9ZNjFvNHlsM0k1MEZVU2U5UkZCSlNKNkZRRjlrYWE2dTBRV0FIWG5zWG1kQzFJSHRma3NvUEc1c2RYMWFXLVFQVWRaeVd0eS16dERwVVNIZW5DbUFJT25uYzBLTldKZGpySnpoTXgydTBFb2kyR0NFZW5MalJrcjU4NnJXUEJuZVVsTENWbl90ZFJFb2JMRUJDaF9iMmhBbHF6R0lhbzVPYTVONnB1T1h3?hl=en-US&gl=US&ceid=US%3Aen,New York Post,14 hours ago,🎯 Military Drones,https://news.google.com/api/attachments/CC8iK0NnNVpUV1ZTTmtaS1ZuUkxORmN4VFJDM0FSaVRBaWdCTWdZcEVJcTBsQWM=-w200-h112-p-df-rw,2025-11-16T12:52:59.235981
Inside the ‘living room’ making suicide drones for the British Army,https://news.google.com/read/CBMikgFBVV95cUxQMU1WRlRDTTU1NmtSWG5nZlNNYU9FQk8wUFVkUmo0cFRfMUI4dHN5VHpJRG9MbnJsRU1laFBIdFFtQ0ZPSmdBVERhVHpUNlVIZWpXX1REVjdJZFBOT2Y5akpKWFpnbUxtbFJ1NGQ1TzZsaFpjemFRN0dKdFQ3Y1dOUlFFWmNiSV9xNWV0SENORm1tdw?hl=en-US&gl=US&ceid=US%3Aen,The Times,12 hours ago,🎯 Military Drones,https://news.google.com/api/attachments/CC8iL0NnNW9TemxCZGpoNVRHcE1Oa1pLVFJES0FSam9BaWdLTWdrUkU0d3pJYW14NUFJ=-w200-h112-p-df-rw,2025-11-16T12:52:59.235983
Greece Conducts First Military Drill Using Domestically Built Combat Drones,https://news.google.com/read/CBMihgFBVV95cUxQRUVWNDNRakJ0RFdpN2RjemZqbWN3UVc4V2NackNRQ0xpY3dmVFVzTThiYVUtQnhsMzJpRUtuWEhRampuX1RuVHNiQ0gwSmN3R1l5bkZiOTZkUnRlWGlPaVdSR0VXdWVWSi1Ic1lSOGs4LVVua1FtUnhleUVzc2EzYzlERmlxZw?hl=en-US&gl=US&ceid=US%3Aen,GreekReporter.com,20 hours ago,🎯 Military Drones,https://news.google.com/api/attachments/CC8iJ0NnNUtiRmRGTjNWcFZsZzRNRlUwVFJERUF4aW5CU2dLTWdNQjRBbw=-w200-h112-p-df-rw,2025-11-16T12:52:59.235984
The US Army Wants to Build 1 Million Drones. Can It Deliver?,https://news.google.com/read/CBMiogFBVV95cUxOdEFpZ1l2aUNIVE12SDkxTXdEcGlUTTVhd0dWTHNnSWxueHBJZU1fUlVHOXpEUDlEeVp3alk0bXBuNnBrcDVyQjRrZWM2RWhYQ2xrTXdDNExUR0p1TkNoRjNrcDNzZUZ0Sm9TZmV4NjRZUmNFQkt6WlczOFE4dkRwVktPSnhGc2xWSDNvMFd3ay1KTDgwaFB6aEVjTG9CT1MwZ1E?hl=en-US&gl=US&ceid=US%3Aen,nationalinterest.org,20 hours ago,🎯 Military Drones,https://news.google.com/api/attachments/CC8iK0NnNXhTRzV3ZGpCM2FXWjFVbmxCVFJDZkF4ampCU2dLTWdZQmNJU0N1QU0=-w200-h112-p-df-rw,2025-11-16T12:52:59.235986
Russian Drones Target Ukrainian Logistics on Pokrovsk Front,https://news.google.com/read/CBMilwFBVV95cUxPUlQzakYwY21jVmJIXzlscjFoaFVmT3JaOFFsSVliVG9vRzQwT0NhWkhpaDcxZG14SHp3WEs1RzJjcThGRnVtV2JYWG9OaWFXblh1R1JXNVhQUzNlckF1LWdLbnVvaDJyQkFxOFJ5amZVNFV1NFRINTZjRE02UWI0Z0tialF6UFFNSnZBUFM2MjF3MEJ5a0M00gGXAUFVX3lxTE9SVDNqRjBjbWNWYkhfOWxyMWhoVWZPclo4UWxJWWJUb29HNDBPQ2FaSGloNzFkbXhIendYSzVHMmNxOEZGdW1XYlhYb05pYVduWHVHUlc1WFBTM2VyQXUtZ0tudW9oMnJCQXE4UnlqZlU0VXU0VEg1NmNETTZRYjRnS2JqUXpQUU1KdkFQUzYyMXcwQnlrQzQ?hl=en-US&gl=US&ceid=US%3Aen,Букви,3 hours ago,🎯 Military Drones,https://news.google.com/api/attachments/CC8iK0NnNWFabVUxWjI1alFrMVpiV0pmVFJDUUF4al9CU2dLTWdhWmc1U3FzUWM=-w200-h112-p-df-rw,2025-11-16T12:52:59.235990
China's GJ-11 ‘mysterious dragon’ stealth drone emerges as a game-changer in modern air warfare,https://news.google.com/read/CBMiggJBVV95cUxQbEdCemhyZVVPZVMwWjNJQWt3alA1VG1XT3NNTzNVNDhzeE9GTW5VT3FDdzdJMXh5dXF6RlJGdkJIaklYTnZfU1Zpbjl5Z1FicHo0WXRiN2NjS0ZnaG1TRGVZNk5MbnZpODF5VUFhVV94RUthTGt1U3l2WEhWNHZleERRQ2ZTR1NTX1VyYno0WkdSMlVobEYtMm42b0RiS2twaWNlYWRPamxDdmlYS2FmX2NKMXlsY2NudDVJZTg4T2I0UnFEM0R5NFlEWFBCMEdVX1ZhNGtSQkpGZXczY2JOV3RjX1Y3c1g5M2VpZHp4djRjM3Y1R1RlR2NJdVMyU3c4aFHSAYICQVVfeXFMUGxHQnpocmVVT2VTMFozSUFrd2pQNVRtV09zTU8zVTQ4c3hPRk1uVU9xQ3c3STF4eXVxekZSRnZCSGpJWE52X1NWaW45eWdRYnB6NFl0YjdjY0tGZ2htU0RlWTZOTG52aTgxeVVBYVVfeEVLYUxrdVN5dlhIVjR2ZXhEUUNmU0dTU19VcmJ6NFpHUjJVaGxGLTJuNm9EYktrcGljZWFkT2psQ3ZpWEthZl9jSjF5bGNjbnQ1SWU4OE9iNFJxRDNEeTRZRFhQQjBHVV9WYTRrUkJKRmV3M2NiTld0Y19WN3NYOTNlaWR6eHY0YzN2NUdUZUdjSXVTMlN3OGhR?hl=en-US&gl=US&ceid=US%3Aen,The Economic Times,12 hours ago,🎯 Military Drones,https://news.google.com/api/attachments/CC8iK0NnNXhhUzFFUmtaTllteFpNM1Z5VFJEZ0F4aUFCU2dLTWdhSklveHRUUVU=-w200-h112-p-df-rw,2025-11-16T12:52:59.235992
"Ukraine strikes Ryazan oil refinery, hits multiple other Russian military targets, General Staff says",https://news.google.com/read/CBMixwFBVV95cUxQb1lqVkF6YkVfUm1Bcnl2UmdqOFJvV2lDMmhnTXgzRzlENm9UeWNOa2tuS1NQUUROZjhoYkg1X1NyMG9vU3RBUjhGaXotc1JVNEVPN2gtVTQ2eENVdHNuenFzT19GRnRxQnFmYUtUT2VNVjRRbmxFLVJSc2pFdW1YXzBuNTdFdnRralQ1MS11MEQ5SF9lNWpmYTdpZWhNMWJMaHRzeXdnYTNjTUdZaEpmeHYwbW5UQ3A1MFo1T1NCYktVakF2RUJj?hl=en-US&gl=US&ceid=US%3Aen,The Kyiv Independent,22 hours ago,🎯 Military Drones,https://news.google.com/api/attachments/CC8iK0NnNXlWMHBOVHpKblRHTkVjalJoVFJER0F4aWpCU2dLTWdZUm81REtQUVk=-w200-h112-p-df-rw,2025-11-16T12:52:59.235994
"Russian Offensive Campaign Assessment, November 15, 2025",https://news.google.com/read/CBMirAFBVV95cUxQWXF3RTJUTTdiSXc4b3RzZkl4R0xod2tCdFZfdEh6dFNfZFYzb1lBSkctQ3hiSk04UDhwT0s4bEpja0hVTFZuS05UdFNScHJYXzRtU0F1b3NubWpkMl9YcmJjT01pckNEMkNCOE0wQkpCb2pFeGJDX0kzdWxzTFZVZE1nVl9iYzdiSzRRbXZMdk9tbVpLanA3cUpGUUpGR0ZHZHBXbFZ5aFJHb0cw?hl=en-US&gl=US&ceid=US%3Aen,Institute for the Study of War,10 hours ago,⚔️ Combat Drones,https://news.google.com/api/attachments/CC8iK0NnNWZkR1l6VGs4NVduZGFhMjFKVFJEckJCanZBeWdLTWdZQkVJcEtIUWM=-w200-h112-p-df-rw,2025-11-16T12:52:59.235996
Ukraine Intercepts 139 Russian Attack Drones in November 16 Air Raid,https://news.google.com/read/CBMiowFBVV95cUxOYmRDNXMwd1g2bV94QjZFV1ZIVzJwWGxEN3A0bXVwTXBNdi1DMlBJRVpMT3hBQ2M0MkM3cThhRFRDdmlJeVFZY3JBMHNLWDNwa051OEpEQllrSUNfc0F3T0gxSjJvMVhMM0dETnFpU2Q0bFdiRG1QZ01sZmNwdEd0dFZsT2lWblljSlNLdnI5cjFyWDV5X0pTekRHb016d0dWOVBr0gGjAUFVX3lxTE5iZEM1czB3WDZtX3hCNkVXVkhXMnBYbEQ3cDRtdXBNcE12LUMyUElFWkxPeEFDYzQyQzdxOGFEVEN2aUl5UVljckEwc0tYM3BrTnU4SkRCWWtJQ19zQXdPSDFKMm8xWEwzR0ROcWlTZDRsV2JEbVBnTWxmY3B0R3R0VmxPaVZuWWNKU0t2cjlyMXJYNXlfSlN6REdvTXp3R1Y5UGs?hl=en-US&gl=US&ceid=US%3Aen,Букви,5 hours ago,⚔️ Combat Drones,https://news.google.com/api/attachments/CC8iL0NnNHRMVnBJYlZsSlVpMW5URVppVFJDZkF4ampCU2dLTWdtTkk0eW1taWxrcndF=-w200-h112-p-df-rw,2025-11-16T12:52:59.235998
"“This might be Ukraine’s worst winter yet” – War Correspondent Neil Hauer on the Evolving Front Lines, Morale, and the Battle for Pokrovsk",https://news.google.com/read/CBMi7AFBVV95cUxPby1jdEN0OGFKYXhueXFKeTV6ay1MbDh3eU8zYlBIZ0txQmk5RkpOSmotWmQtSVlmM1lmYnNramhOakk2cl9HUkdPclBfc3RjSUJLSUlZd2V3N21rUWE2RnpNWXFqTzMxQmUySlUwcEJQeTl0LUVVNXRVTWRSWGxMaHdFMGJ0aVZZSDV4aGh4NmNCZWpta3hRbWl1eElmSEYtQ0xReE85LTZKdHNHSERqbVRMSnBaV2g3cU9na1FITmdLMU5teTBqVlFxVExPNEROMlFWYWRLMTM4OC1VSW1CWnBzbjk3QUQ2MkFQeQ?hl=en-US&gl=US&ceid=US%3Aen,Georgia Today,2 hours ago,⚔️ Combat Drones,https://news.google.com/api/attachments/CC8iK0NnNHhWRFl4Um5wQlNHazNWR0Z0VFJEV0F4aU1CU2dLTWdZQlpaYk5wUWc=-w200-h112-p-df-rw,2025-11-16T12:52:59.236000
Drones hit infrastructure facilities in Chernihiv region,https://news.google.com/read/CBMirwFBVV95cUxNQzZkQkk2NHhMLW40RzFURVNwRmNzYkV3UnFEbmpDbUFQSVl5NkQyTVBWVzROVVAtb3BjQlYtVFFjUmVWM0x2a1dkLTEtOHBSVGExSmw4bjVUUXNyRFh3WjhkLXZobm1pZzNJOHJsR3Q3emZKZm1Id1BnSlJoVk1fSzJvYjR0V2ppZWwzMlVZZndleEMtY2NTVzZKMERmZTJzLTJiZEV6Ni1LSW9jMzBV0gGvAUFVX3lxTE1DNmRCSTY0eEwtbjRHMVRFU3BGY3NiRXdScURuakNtQVBJWXk2RDJNUFZXNE5VUC1vcGNCVi1UUWNSZVYzTHZrV2QtMS04cFJUYTFKbDhuNVRRc3JEWHdaOGQtdmhubWlnM0k4cmxHdDd6ZkpmbUh3UGdKUmhWTV9LMm9iNHRXamllbDMyVVlmd2V4Qy1jY1NXNkowRGZlMnMtMmJkRXo2LUtJb2MzMFU?hl=en-US&gl=US&ceid=US%3Aen,Ukrinform,2 hours ago,⚔️ Combat Drones,https://news.google.com/api/attachments/CC8iK0NnNXVTR1pHTlUwNU0xSjNkbEUzVFJEb0FoajJCQ2dLTWdZQlVvcElxUVU=-w200-h112-p-df-rw,2025-11-16T12:52:59.236001
"Zelenskyy on Russian night attack: Recovery continues in several regions, we are strengthening air defense",https://news.google.com/read/CBMiwAFBVV95cUxPRFc1WHlRYm1CYTc3M2Rvb24yaFp3dUlzU004eWx0cnVaaUFZTzJiVjBvZElnWnp6THZLbkpCcndRSFRjWXVzNjB3VkkwTS0ycnY4NWYwVW1JczFUczBIWWRNRTlOWU95X2plYU1sVHZUWUpQeFdEdHJsc18xSkZBOUZiLUFQTy1uRXp6U3ZFWWN3Y3B0d3VyYVdfRTZWYVV1RDAtQXdPN2ZBY0dGZVlzbTdjX1ZBTHM3TVJaNzNwbnI?hl=en-US&gl=US&ceid=US%3Aen,Цензор.НЕТ,2 hours ago,⚔️ Combat Drones,https://news.google.com/api/attachments/CC8iK0NnNXlkUzFpYUZGMVFqYzNWRkZZVFJDdEFSaXNBaWdLTWdZWlVZcnhMQWc=-w200-h112-p-df-rw,2025-11-16T12:52:59.236003
IRGC Leaders Reject Missile Limits as Iran Showcases Expanding Drone Capabilities,https://news.google.com/read/CBMiywFBVV95cUxNaS04cnpqcnJRSW1JbFIxa3Mtb1pUaFNNVm16c2lKT1hrX29QaENNOHRKT1B3S1NNODJId05mQUJvVXY2YjZORmQ3RndlWGJ1TnZZdllKRjB6cnQ4dzl5VDRFZDhxUE5faXUyb1BySENzX29LbmpRYlZOV0NTQzBRRWdiRHJTOTN0RkJpMmpBU005S3VIM2g4SE5fRjBOX0lHeFdoTGsyaW4wc2JyR2JvaHV6dUNhNGplLVBKN00zbGR1dVdPQkM2RlFIQQ?hl=en-US&gl=US&ceid=US%3Aen,Caspian News,17 hours ago,⚔️ Combat Drones,https://news.google.com/api/attachments/CC8iK0NnNXhORGRxYjBwWlZUbFNaM0ZKVFJDbkF4alZCU2dLTWdZQllJUXJ0QVE=-w200-h112-p-df-rw,2025-11-16T12:52:59.236005
Israel Modified AIM-9M Sidewinder Missile Seekers To Better Target Drones: Report,https://news.google.com/read/CBMiqAFBVV95cUxQYXFPTkdiMU9yNnkwUXduZUx3N3dzSHhMR0J2RHVHSWZ6bHZPNFFyWUZncmJILUluYjd0dnp1alBRUGo0WEhuTHI3UklwelRoOGNHTklGMzFyaG9WWWVjenZ2V3NtcWdaQThEYXhVZWQ0WG10cG9Sb0VFQnY0Z0VpOXYzcjJOa2JpMGZ5UnlFWHJRUnpDVGhUblRVNmp4aHN5SktwNk9MRFg?hl=en-US&gl=US&ceid=US%3Aen,The War Zone,17 hours ago,⚔️ Combat Drones,https://news.google.com/api/attachments/CC8iK0NnNTJPVEJxTlRaRFZYZDNaaTF4VFJDZkF4ampCU2dLTWdZQk1Jck9zQVE=-w200-h112-p-df-rw,2025-11-16T12:52:59.236006
Russia stands to gain very little from the bloody battle for Pokrovsk,https://news.google.com/read/CBMiekFVX3lxTFBjTnNDTHlWTUFHa2NCQkRvT3JiMEdRRzk5TnR4Z295MW9kVGI2by1ZNFhIbnFESmI5M2RUNEc3OXA0MVR0T3ZyZHJOVnhOWEVlUHlEQW5jdF9XY21fbnA1WFVWUHAtbnVNNTA0ekRDMUszMzBGQU1WcTln?hl=en-US&gl=US&ceid=US%3Aen,AOL.com,11 hours ago,⚔️ Combat Drones,https://news.google.com/api/attachments/CC8iK0NnNW5SRVYzVG01cWNWVjJNbUpGVFJEQkF4aUFCU2dLTWdZQlE0NHltUWs=-w200-h112-p-df-rw,2025-11-16T12:52:59.236008
"'A wicked attack' — 7 killed, dozens injured in Kyiv amid mass Russian missile, drone strike",https://news.google.com/read/CBMiZkFVX3lxTFA0NkFqU2gtTFljeS0xRXFRbUY0eEtLLW5HbVVIRlhxNDNLVkZwSUJQNVNSNmwxUzhhd2NIdFBmNHFaWFIxZUhwaGtjbFZXZlVXQks0cXN6UThYNlNCakRjV3Bxa0xpdw?hl=en-US&gl=US&ceid=US%3Aen,The Kyiv Independent,58 minutes ago,⚔️ Drone Warfare,https://news.google.com/api/attachments/CC8iK0NnNU9USEJ4U0d4WFRGRmtiRXc1VFJDZkF4ampCU2dLTWdhTlU1QklJZ2c=-w200-h112-p-df-rw,2025-11-16T12:52:59.236010
Ukraine’s defenses swat down 139 of 176 Russian drones in fresh assault on power grid,https://news.google.com/read/CBMiwgFBVV95cUxNa3pSTDY0YVlNdF9FZWFQVWZnd1VLeGM0VnIza1BMaURDOU82c01oMUpOWjVReHhZdVh5c3FvYjFlbWEwLTQzWk1GNEpZX2FOWl9sRkQtWnh4Q1Bnbmo3cURGRFktWEFjUDU2cnhESm9GZ0ZRT3A1TTdPZzAzN0hNcWVBbnVGalh4V2FZZHBUV2JLZnZrWjlxWHBuWkt1dFZ2WHh3WXVCQ213dU1YVEUxV3dsQkMtY1hiY09fbF9Kc1FYZw?hl=en-US&gl=US&ceid=US%3Aen,Euromaidan Press,44 minutes ago,⚔️ Drone Warfare,https://news.google.com/api/attachments/CC8iK0NnNWxXSHBEVGtOS1ZtRkJXSGRIVFJERUF4aW5CU2dLTWdZZFFvNU9LUWM=-w200-h112-p-df-rw,2025-11-16T12:52:59.236011
Mexican drug cartels send fighters to Ukraine frontline to learn drone warfare,https://news.google.com/read/CBMisAFBVV95cUxPMlNoaUJTUDJSakZQN2szSUJ2ZmZNa3BOZTUzU280SWpIekRGRUJZWWpiM3ZYNEpHVTRLNnNORFBjVlRYRkNyZHU5ZFVTeDBpT3AtMUJpc1haeVE3MWhPbFJIX3BqNzNBYXVzbjJCTS1xSmlvdDZQVE8xU2dzanc4OGxWbmdXT1NYaXBSbXpwTHhmQlZWYkNIV2t0bS1TSUJ5YWxfNXdHR1RfbG50Y3hTedIBtgFBVV95cUxQMmpwVVlfWmk3RklvYkN4QVBOT25aMXppRVdDTkVqVElrajN2Szg2RUV4UzFSUjdpNVcyTTlUWWJFU095VExILW5PN3hBXzlyY3dxOW5STWVzRk13aUx3WXh5S2ZSel9QMGhUb0tzUHlsM3FvZ1ZrRHEtVnEtdEtVOFNSUkNxLXo4RzR2eXBNOGtXWW1pdmkwT0hYR0lnZXAzMk03U3I0dmZqNUFyT3lwWTJ5N1NxQQ?hl=en-US&gl=US&ceid=US%3Aen,Daily Express US,22 hours ago,⚔️ Drone Warfare,https://news.google.com/api/attachments/CC8iK0NnNW1lbGxWVW5wVVVVOW5NV3R5VFJDUkF4ajhCU2dLTWdZUlVJeW5IZ2s=-w200-h112-p-df-rw,2025-11-16T12:52:59.236013
"Ukraine Invasion Day 1,366: their assets from a hole in the ground. BAVOVNA at Ryazan oil refinery.",https://news.google.com/read/CBMia0FVX3lxTE5BMVlOQVFOVXdsTGJHbklLMUhpcmRsVUdQeXVCS2FRVm4ycVdjR1lmWGdFOUV6WVh6NXFabEJrX3BMdnpoRld4YUZhM0U2cV95dnlDdWotc1VMVTFXMTFuMU5mWjRKMTU1SkFV?hl=en-US&gl=US&ceid=US%3Aen,Daily Kos,7 hours ago,⚔️ Drone Warfare,https://news.google.com/api/attachments/CC8iK0NnNTZjVTFHTTJNME5YRjZlWFpsVFJDcUJCaXFCQ2dLTWdZSkFvekZpQWc=-w200-h112-p-df-rw,2025-11-16T12:52:59.236015
‘She went through hell’: widow of Chornobyl engineer killed in Russian drone strike on Kyiv,https://news.google.com/read/CBMixAFBVV95cUxPZmNLektVa3BDVk82UGhmR29EQlpmRU5aR2pjcUJyb2VsZWZlN2dza2lEMFJJa2F6NG9YcUlaZGRNQjl2eU1WMy1IRnFidkJVbEtzN3BSRUJSeW1raVZPb3ZvYkg5NkZBNm5MaUZSOVRBcUdpM29ETHBQcFFPX1cwOUR2VDZsQ2lBRG01UExTRFNjZVItR1VlV0c1ejZRNG8yVU1iMVZlWjVHTGVTOG9iRll5VmtmckNUb180Nk9zdVMxM1cx?hl=en-US&gl=US&ceid=US%3Aen,The Guardian,11 minutes ago,💥 Drone Strikes,https://news.google.com/api/attachments/CC8iK0NnNVRabFpZYVRkWlVVVjFaVGRwVFJEMEFoalJBeWdLTWdZeEJZcVBDUXc=-w200-h112-p-df-rw,2025-11-16T12:52:59.236017
Ukraine's Odesa forced onto backup power after overnight Russian attack: Officials,https://news.google.com/read/CBMitAFBVV95cUxPZE42bk1XT1pyZWU3TmxIMzNrTmtvQm1IZW9kb1dSTFdSS1JybDh6TE1SMjdJVW5KbXJMRk9HMlJpWkpiOEw5RzFkVi1aSjNuVVBMbk15OGtfdWFHaDdwYWpsN1YtNTdXd3BqN2xjWmVfX2tFQk01R1B1Uy1uOElUQmNnb0ticWNmemFYTm4wNHZhWjEzRGVPaXFnU2lVX0hrOUVRV2M5SGpNbkZjV2VDMnF5S1jSAboBQVVfeXFMT2hsaDh6WnhVdHM3REY4b3hMcG5zV0Q5cms5aVBGZGE0OGtiQV80Mjd3Z1JSN2l3QTZ5OXhYNy1nUXRKaEhEcGJ6bjhwaFZpSHpzLTk3T1FCRGRfbkp2Smc2QjM2c0pzU1NDcm1YNVlmMG9TM09XTUtRZnhsR0ZzOWx6NXduZE9tYklnRzZ2NkdNUFBkNUpFR0JvTks0a09nQlNOTERPdkZ0ajVGd3RsUHp4V0hqRmFBNDJn?hl=en-US&gl=US&ceid=US%3Aen,abcnews.go.com,2 hours ago,💥 Drone Strikes,https://news.google.com/api/attachments/CC8iI0NnNU1TMHRPU2psdFIwVkNaSEJHVFJDb0FSaXNBaWdCTWdB=-w200-h112-p-df-rw,2025-11-16T12:52:59.236018
"Mutual Drone Attacks Between Moscow and Kyiv, with Moves to Resume Prisoner Exchanges",https://news.google.com/read/CBMiSEFVX3lxTE44bVJFU2F1NXQ3TzhnblIteFRnX191cEV4ZHFITTJ2TEhhTkFSaGhFeXZ2QTZaWk9jenlfSXBsX2RQQU1uMHlMRQ?hl=en-US&gl=US&ceid=US%3Aen,Palestinian News Network,1 hour ago,💥 Drone Strikes,https://news.google.com/api/attachments/CC8iMkNnNVFlVlZxUTNwRGRuTmxTMk5aVFJEdkF4anJCQ2dLTWdzQklKSjFFQ3JRTUJrWGtn=-w200-h112-p-df-rw,2025-11-16T12:52:59.236020
Russian Drone Strike Damages Semenivka Center in Chernihiv Region,https://news.google.com/read/CBMimgFBVV95cUxQRkpUeC1sMGdvNzZBN3Z2cXpTWjd2dFFrM1djbHZadW1SWEt2cElNTjlnSTlqdXd3Q0F2ZVRxT2NLVkZvSmlTUm44Z1h4Q1A5eDRaako3TDM3Zi12Q29wal9XbFlzTHlXb093eW12eldlb215VDhqT291WnVNU28tbG44VS1yemJ3SVMwSGd4NlhrTjFqajVNcVJR0gGfAUFVX3lxTE5qdUdIZ1VRQ21Ca2wtZGotb1BjY3ZJZ1NzekxLYzFCSXpZbmtObXNJd0JFU0c4X2RYZEZORUVuNnZUeEl0aXRGVkhJajFITkRYRlVHSUlpRThySUxOWTJLdFE4eHozaTY3eXFIenNWVjhtUVZ4NXctQXBVRXhRam1GdTVvVXhmcjBka0pGd2dXQVdvN1VuMDZWb2hzNDZvSQ?hl=en-US&gl=US&ceid=US%3Aen,Букви,29 minutes ago,💥 Drone Strikes,https://news.google.com/api/attachments/CC8iK0NnNW1lSE4yTW5aTk5rZFJWemRmVFJDZkF4ampCU2dLTWdZdFZJU1BMUWM=-w200-h112-p-df-rw,2025-11-16T12:52:59.236022
Ukraine Cripples Russia’s War Machine With Strikes On Samara Oil Giant And Rubikon Drone Base,https://news.google.com/read/CBMi0gFBVV95cUxOWEI4NnVONHBkUy1KMFpTWmJwV1VSVkxfWkFCdnNwZ1pKZ2JVMTd6aXcyNERhTU1oWkJnLVZaZWFodXJUTGd6bkgzVDg3SWF5MVlDUU81dGhjakVGUVN0NmRvTGxVRFhfS0N3cGJta1BTazhJVzBnNEFYd21pajREVXkzSnNhRXJhWl9GaTBTQ0pNWjdpcE42ZVNpQjJ4VEQ5SGlIVURmZmRCelRsejRuYVJYOUR2LVpwWG5FeUlFa3RqMGhOUnpzTTVtSnBWQmFPNEE?hl=en-US&gl=US&ceid=US%3Aen,UNITED24 Media,1 hour ago,💥 Drone Strikes,https://news.google.com/api/attachments/CC8iK0NnNUNjR2MwUVZJNFdYQmpjVVpUVFJDY0F4am9CU2dLTWdhWmRJekx1UVU=-w200-h112-p-df-rw,2025-11-16T12:52:59.236023
‘Hole in Russian Defenses’ - SBU Wipes Out S-400 Launchers and Radars in Novorossiysk,https://news.google.com/read/CBMiS0FVX3lxTE44X0ZkSVVlZDVscDVIQkQ5SkpYSFdXVk1mNzhFeXIyZlV4WUViN2pDZl9YLTBXNEVpdVNIak9qTENqeE5sbmxTYm5TOA?hl=en-US&gl=US&ceid=US%3Aen,Kyiv Post,3 hours ago,💥 Drone Strikes,https://news.google.com/api/attachments/CC8iK0NnNWZRVVZQZWs5SlprcFpaekJYVFJEZkF4aUFCU2dLTWdhQk1aVElKQWc=-w200-h112-p-df-rw,2025-11-16T12:52:59.236025
"Her phone alarm still rings in Lebanon, days after an Israeli strike killed her",https://news.google.com/read/CBMiwAFBVV95cUxOOHU5OGQ3MndqcVltLVRRckI3clg1c2lIYTEteU10YWpoMVI3R1Q4UTh3aXE2aWIweThCaFA5ZThMZGFoRUpwV3NhOW5Xa21BUzFVRHBqaXlBbWhlaGk3cEQxOTZYbGVOSkpOZUxJNkg3NXp2aHpKWFQ3cXJmY3JlWm9YUVpHVkdKckpMWDZ0bnlUTXRrTVBGSC1Ka1BMaW1wQ3ZPTVJUaUlNREFVWWE2VHVPMmJiRzFZX3VMeWdEdjA?hl=en-US&gl=US&ceid=US%3Aen,NPR,14 hours ago,💥 Drone Strikes,"https://encrypted-tbn1.gstatic.com/faviconV2?url=https://www.npr.org&client=NEWS_360&size=96&type=FAVICON&fallback_opts=TYPE,SIZE,URL",2025-11-16T12:52:59.236027
"Russia To Showcase Forpost-Re, KSI Transport Drone, Supercam S180 At Dubai Airshow-2025",https://news.google.com/read/CBMiwgFBVV95cUxPM21hRUhmeHZRLVZZcXg1c2wzXzVVODV3LXU3Z1E2SnQyN3poQ1BQN1Rscmd6ZnZmS1pCNGVIdFlQQ0Rhdi1rVFV1eGJwZEZFcDFqbU94MUhFQUh5V1pQR3owUVZTT29fU0tyRngzYWNMNkphdTZyNWxaaVR6dHBwdW8xdExLdnN5dkhMdmxqMGppbjRCWGJvbTF2ZEJXcGtWX1h0TXYxNHRkSzJlTnRqNTBVTXdhQnloRnNpZEVqU1Iwdw?hl=en-US&gl=US&ceid=US%3Aen,Defense Mirror,36 minutes ago,🛩️ Military UAV,https://news.google.com/api/attachments/CC8iK0NnNHpNMEZ3UmtSU1pWRmlkVU5uVFJDM0FSaVRBaWdCTWdZQmc0Z0lOZ1E=-w200-h112-p-df-rw,2025-11-16T12:52:59.236029
Russian Regions Repel Drone Attacks with Minor Damage Reported,https://news.google.com/read/CBMimwFBVV95cUxOcE1obVFHRkswS2I0SU1BX3FEZEdYRzMwZ1NmTXdBNEN0SUtjT215N2tGaXBISk1pLVQ2a1BMMVdfTmtNMUpPY2JyeGZJMzA1a3k2Z19PbGU0UXh0THhNdUJVam5YcmV4V0s0b1U4c3dsYzRUMDZHUXFDVFg3YWVRNVduSXZRS0R6bjZrSXRJSjNsa2RBMW1jU3FsONIBmwFBVV95cUxOcE1obVFHRkswS2I0SU1BX3FEZEdYRzMwZ1NmTXdBNEN0SUtjT215N2tGaXBISk1pLVQ2a1BMMVdfTmtNMUpPY2JyeGZJMzA1a3k2Z19PbGU0UXh0THhNdUJVam5YcmV4V0s0b1U4c3dsYzRUMDZHUXFDVFg3YWVRNVduSXZRS0R6bjZrSXRJSjNsa2RBMW1jU3FsOA?hl=en-US&gl=US&ceid=US%3Aen,Букви,8 hours ago,🛩️ Military UAV,https://news.google.com/api/attachments/CC8iK0NnNVBTMWROVmpWS05VOHhTV015VFJDUUF4al9CU2dLTWdhUmc1VEpzUWM=-w200-h112-p-df-rw,2025-11-16T12:52:59.236031
Curious story of the mystery drones South Korea sent to North Korean leader Kim Jong Un’s home — and what,https://news.google.com/read/CBMinAJBVV95cUxPUVZzdmVZY0h5aXhMYkdsUkFTVmtWeElkaVJKSk1yWjBYcHVOaGp3ckxJUHZ5MF9CN3Z5OS1kSDhYWEdjRDZZb0U5eVRLcHlhVnRRVk91RGRmQTM0bVdLZS16RGtQQ1NfRE1zZ2VEOGY5ZXpZUXg5UzdoQWdac2I0ZFd1VmRoY2pEa25ocVVPME9vRUJnRDJtLVVySG9BNDY5UUFXMTdkRjRiV1ZXd2I3cHZuekowWUdiZnB4bkt5N3oxTGdLMTZ0aFdhUUhBT1R2eExmeFJfY0NQaFFHRHU0c0JiOHhfYkpPaWQ2cHFWU1JSa0RsRHRGakpZRVd5WlNHRlFzUTNuVVB3QkNsaUp0MThPbkgtdEZteU9NadIBogJBVV95cUxNblhjcklPdzlDOHU5bmtIcUxOMFBaLW5CTlM2ZFZOd2tLY0pMQU9NZzhFd3Bsb3pleUdWZ3NldjRTczFyaWxyUko3LVhuc28tZUllbDNFc3Z1Y01WdjdvX2dIRE5tYjFPRDdyTjhWQ1NoQmEyRkJaaG9PbUxBRFFkX1M0ZUEwV0ZqTkJrblM1QjVyR295ZFVnbDhEdFl2ODFKYzhrN01sQmxUVW9qWkR0bXdYVWk4Ymo5QnpDNU1zcUhjSi1RWmZJblN1QkJ3X0NYN1YycnBDRTVaSklwbFRFcjJ3QnhDTmpTb3ZVQnBDeGxkZGhuRmlON2N5eEE3OGpkaHZiOC0tRFJmTzNOU19NeVZUWlBJUFR0R29HVkpUQlc1QQ?hl=en-US&gl=US&ceid=US%3Aen,The Economic Times,18 hours ago,🛩️ Military UAV,https://news.google.com/api/attachments/CC8iK0NnNTFURGRZY0ZwMVdXRnRiV1kyVFJEZ0F4aUFCU2dLTWdhRmdKQ050UVk=-w200-h112-p-df-rw,2025-11-16T12:52:59.236033
How to fight in ‘hell’: Ukraine veterans say Nato not ready for war with Russia,https://news.google.com/read/CBMiowFBVV95cUxPNnNCYWxhSDlUbGJGdHJmMHhLMjlWdklUTVJGN0ZPSGFleU5rN0MyY2ZuY1ZlVkw3UDFjUXA2RkNTV0R2bi1wQVRIcDlhUWcwdlZ4SUwtOGFCZ2M3X19QWFF3MC1Ua3M2aktKMTlqSENIanlGb3hzOWMxX2t3bkp1cUZqdHVQQXM1Uy1tb3ZnWElycEwyTmQ3Umx4ZWlXZWxiTktz?hl=en-US&gl=US&ceid=US%3Aen,The Independent,18 hours ago,🛩️ Military UAV,https://news.google.com/api/attachments/CC8iK0NnNVpUazU2ZUc5RlozWjJXWFIzVFJDV0F4alFCU2dLTWdZQk00d3JHUW8=-w200-h112-p-df-rw,2025-11-16T12:52:59.236035
"Turkish military plane with 20 aboard catches fire mid-air, crashes in Georgia - watch",https://news.google.com/read/CBMi4wJBVV95cUxPeE1aVkFtZVo4cTNMMV9LUjJMMjd5UDNhUGFQS25RYjctci1yaVlmU0ZadW9xQU5hT2pIV3h2RG1jcTB6MXVvU2ktQ0FHUmR5TGNyZFRFWko2TEZpaXRDaXV1aDdiZnhJN0gxd3E0Qjl4ajd0aXY1NERkLWRMdmNfQUF2NzlPMzMtSzhoYk1OWjV2eU1rNy13ellyaTd5cUxlbVd1UTktb0tNVFVEOURXZTFhNXZaeHJIc3NUVmZYZGN1Z2xvcHlhYnoxQWNjT3BELUV3VWNJS2hieEY0TWx1Z2pGTFFOLUFMcGVHbXFJVzRvbEpwTjZCTnhWZ0UzbExfXzk3ck9kYUdfb2hlWXlxOEI1a192LVRfOVZRTVlpRHl0Z3YtaXBtaE1uLUlvR05ETEIydEk3Mm54WURFMkRGd0dRQVJFbXJzSGpnRkVJdnRBN0Vjc0Y4Z0NxWnptU09odWZz?hl=en-US&gl=US&ceid=US%3Aen,MSN,11 hours ago,🛩️ Military UAV,https://news.google.com/api/attachments/CC8iK0NnNXFUM2hJTWpKbVVXZHZVWFpaVFJDZkF4ampCU2dLTWdhSllveXRyUWM=-w200-h112-p-df-rw,2025-11-16T12:52:59.236036
Ukraine’s ingenuity alone will not be enough to win the war,https://news.google.com/read/CBMif0FVX3lxTE9UakNjREtDRUtGSWozMGMxVVAzdF9ubkVDYTdEX2RXaGlWazZNalRsV3c5dndieHc3OV90NkhfaEJkSXp2MnNBUmdvcTZmSmlnWGJLYTY2ZGIxTjR4ZzhvNzdvTE1paHAxbTdhRDFZTExmU1FMbll4S2tPeUtXMzA?hl=en-US&gl=US&ceid=US%3Aen,AOL.com,21 hours ago,🛩️ Military UAV,https://news.google.com/api/attachments/CC8iK0NnNXFWVEpRWlVodFRFRllUamQ2VFJDckF4aUFCU2dLTWdhcGxKQ3VOUVk=-w200-h112-p-df-rw,2025-11-16T12:52:59.236038
Türkiye’s Tolga air defense system downs drones in successful test | Daily Sabah,https://news.google.com/read/CBMirgFBVV95cUxNaE5BUWhndmhVZkIxY183eFFJNUZndlNBUXQyTGt5QnlpaFdrTFhySThxRjRtWUZ2YUhnVXlYWTNlTmxLY2xFOUh3a1Y4MnJ6NmxNbzhmWGhxQW9mYlVRUWFLalMycXhZNU13QXRFWU5ZbzhOTGcwd2xrT1lGSE5xMDNScmhSdEFqQ0g4akF5VXVrVVF3OWh3bEhyT3RzQlBWSTc3cnNrb3RJNTA5NWfSAbMBQVVfeXFMTkpFS0R4UFVQb3QxdTRpVWQ0Z3VoRmpkTXVybDcxTF91aEhkay1xTENWYWtRejFFX3NzMF9kQWpDdnl0cEZRMkI3OXdiSmxSaGhRRi1qY1hMNERsd3oyMnBSbTJzVDFVbXA4WTBMVDJwYTJFRko4d1hSR0tVWWhnSUdZNlFRNm83NHFKbl9xZzhRdlg1YjF0QTZTRmRxV1BmNVU3RFJORnFyZGIxQUFSYllkbDQ?hl=en-US&gl=US&ceid=US%3Aen,Daily Sabah,38 minutes ago,🎯 Tactical Drones,https://news.google.com/api/attachments/CC8iK0NnNUhhREpZWVc5SWMxTk5PVVpXVFJEREF4aW9CU2dLTWdZSllvcHdwUVk=-w200-h112-p-df-rw,2025-11-16T12:52:59.236040
IAI Subsidiary Inaugurates Loitering Munitions Production Facility in Morocco,https://news.google.com/read/CBMiWEFVX3lxTE5Sa0JmMDNtQlI3Q3FpOWNLYkZSbFBmUmZDU29obkYwS0s4Z3lZY0JfVnkxb25PME9tRV9qbGFtSzRyeTU5SHJfRWFPQ3dxM3ZyUnExZ2lIeG8?hl=en-US&gl=US&ceid=US%3Aen,Israel Defense,2 hours ago,🎯 Tactical Drones,https://news.google.com/api/attachments/CC8iK0NnNXNXVGxoVTFFeVVXUkhiVE5RVFJDd0FSaWVBaWdCTWdZVnRvWUpRZ1E=-w200-h112-p-df-rw,2025-11-16T12:52:59.236041
ISW: Ukraine needs to rely more on traditional weapons in its defence,https://news.google.com/read/CBMiZEFVX3lxTE9hRXloOFQ2aGtFMU9tY2Nlb2c0RlBiTDVwcXBmeEVVVTFYN1JDT2JZU2VQNF9TY3FnVmZhWVkybDBpYk5WY2piVVBQWjJMWUllUXhKakVXeFlHUWY5cG1HNVRPcUrSAXBBVV95cUxNU3NvSWZtVFEtd0pWV20yQUlhbHJwX19HM0hFZUF0NjJ0cVB1eHFDSXp2aDc2Y1RseEM2SEgwcjU4U0U1Z1ozMW05d2N0QWFNR1pNWWV6eGlCOFIxNUFYRmZVd3Y4MmxERTVlTlhOSExI?hl=en-US&gl=US&ceid=US%3Aen,Українська правда,8 hours ago,🎯 Tactical Drones,https://news.google.com/api/attachments/CC8iL0NnNWhlWFJDVEdKaUxYWTBkMmxrVFJEOEFoaW9CU2dLTWdtQlFab0VueWxGYUFJ=-w200-h112-p-df-rw,2025-11-16T12:52:59.236043
"ISW: Russian troops use fog for attacks in Pokrovsk, Velykomykhailivka, and Huliaipole directions",https://news.google.com/read/CBMiuAFBVV95cUxPZmdnalBPQ20tbllGXzZhRkFpWTBXb2FYR2FIVEtnZXc2cFhRaERaeFlfWjNZNlZmTFB3NVkxc3RYd0tva1hER21jN2psdlotT3NNdnAwNjRPZVRNbEtuRk1UdXVqWkhGdDhvcVRIYjU2dkhsd3Z3YlVTMG9aZEJyWWxqYXFlVVZ0VG56WU12QmZiRU5RcDVMblNGZ0FXbXU1MU1yenV3dk50alFNa3VJQWY0dkxEVnFT0gG3AUFVX3lxTE5fZklXR295VVZRVWtNWXJXZzk1Qm9qaVZlb2h1VHpqY2ZSdjc5UHJSNjM4THl3cjdNeEh0T0JEaXozdGlGcFpqb3J5X2VqSU9qX09LbjJMMXZTcUFSRmxseko2N2UyMWJjcENKZG1qOVJ1VEViNUZJcWhJQ1d2M1RTOFVRdmJrSGNfZ25iMWEtVUViSGR4QzF5RTU4aXR1N18tNTZKNmFhMEZHNFk3Wk9TbzcxR3cxOA?hl=en-US&gl=US&ceid=US%3Aen,Українські Національні Новини,9 hours ago,🎯 Tactical Drones,https://news.google.com/api/attachments/CC8iK0NnNU1kbGh4WWxWa2JtMXhUVmxZVFJDVkF4alFCU2dLTWdZQnNJckVQZ1U=-w200-h112-p-df-rw,2025-11-16T12:52:59.236045
TNI Showcases Drone Capabilities Before President Prabowo and King Abdullah II of Jordan,https://news.google.com/read/CBMiygFBVV95cUxQMFdTTVZEbGlkd2Q4bXNMR0N4NHI0WFNCbi04R3A1VkhMUHpMaVNia0ZxejlxUlhOeEtJOUtCUTJhdFJvNGVrRjkxMWo3NThQa0laX0I1aWQ4UGJBRHFvam55RVM0Y0wzNm0zZ3RxWl9BWEpZeGFJTFJNeFNUbFVJNlFwLWNOVWlfMXRTWVlWWng4RUpwYm15eDZyel9ZRWNKajZiaUh0SDZYTHhBbnFLMkhRR1BrSnV5bXpIVllHeGRPUlF3U1NvWkhR?hl=en-US&gl=US&ceid=US%3Aen,MetroTVNews.com,22 hours ago,🎯 Tactical Drones,https://news.google.com/api/attachments/CC8iL0NnNVhibXRxTkRRdGVIUjFlRUo0VFJDZkF4ampCU2dLTWdrQk1KUnVKZWk0aFFJ=-w200-h112-p-df-rw,2025-11-16T12:52:59.236047
"Russian drones target Ukrainian infrastructure, damaging solar plant",https://news.google.com/read/CBMingFBVV95cUxPdG9oT19ITlJQT0NlVjhEaEdFRFZRRGhwMkF3SXljLXdObkhacU5sRjB6ZWlTX1JfM0REU0dFMzFHQWw5eGRCN0JEYmpSZi1pam1RXzQ4YVlmRGZ6Qk5lT1dwZFhuZnhnRzd1VTdpSHB4SFFFR3FMSU9yS3Q3NW0tSUw4bkhhc3NUbkFUVFNPMHROM1hvaHVTM1dwVVZWdw?hl=en-US&gl=US&ceid=US%3Aen,Yahoo,2 hours ago,🇺🇦 Ukraine Drones,https://news.google.com/api/attachments/CC8iL0NnNHlOSE5tWms5YU5XbzJSM05NVFJERUF4aW5CU2dLTWdrQm9Jd3d2V2F4VVFF=-w200-h112-p-df-rw,2025-11-16T12:52:59.236048
Russia's Massive Drone and Bomb Attacks on Ukraine in One Week,https://news.google.com/read/CBMilgFBVV95cUxNVU14eTlfYnFvN3ZnaDNnUmtkeGZxWXZjRjh3Y0dMZmpZVmoxa0hyT0xTeTR3T3c4V3k0RmVBaTVidzJnZmk0ZENpYVJXMFNxQkM4b1lZZEw5bVFHQkdpYTNCS05GZF9PV2s2YUFqTEx2ZE53UXlnTm9OQ3dkRVBlQmpMMDFpaFFpWHJKNWNsbVVIVVdWbXfSAZsBQVVfeXFMTTFhNnJmRzA4N0MtZlZDQ3BMSXViNEZER2VjRjNieDlwNmNodmEzODRacWZ4ZWI3STJxcUZ2N3NuZGJwc3JkVjZOcS1BYnpLMHBZT1pJS1ZTS3hRejVNSG4wcDAtb25vTUNzZl9BRDd6V2lJNFo1bHRxam5hV3lWT2c1SXA4c1JzaC1sQWZjV1pQVHVrVmgxTnZpbEU?hl=en-US&gl=US&ceid=US%3Aen,Букви,2 hours ago,🇺🇦 Ukraine Drones,https://news.google.com/api/attachments/CC8iK0NnNDRaMlUzWDIxaU0zRm9SMFZJVFJEb0FoajJCQ2dLTWdheFJKcVFIUWs=-w200-h112-p-df-rw,2025-11-16T12:52:59.236050
Ukraine says it attacked Russian oil refinery near Moscow as winter looms,https://news.google.com/read/CBMioAFBVV95cUxNRERzaWtWR3d1X2xLUVZTdmZMYXdzT1pNeU1pZFVLa19vWG05UmdGTm41YzhxN1lfTUVrZ0dsUW1scWY3eFhVczdWV2RVQ2h0UDZ4TmRkSVZCLXF5NjFBZnE3aGJVM1hGaVNqbE9XblhWTnhlY0FGZ0szY1ZpY1IzbFFMOVROMERJMWJORWdCbjU4cXBIYWpKN3AwbXoxVzJf0gGmAUFVX3lxTE03eV9rOVdNckczZkFKUnF4em9LeGsxVFhERlpXMVJVemVxTTNHRUFQTlNHbjdBd3Q2bDF3SVlqQjVnN1FqQ3Fuam43bnlVMTRvT283Y0cyak9UZURDRXBsdUZYT3FRTWNSemc1a192bTVpUVRINVRxeWdlaUd4NVdQMWptRGtlcXIxN010TXRtNm9XVXlEU0VyTUZ4UG9NcXQ5dnpSYXc?hl=en-US&gl=US&ceid=US%3Aen,Al Jazeera,19 hours ago,🇺🇦 Ukraine Drones,https://news.google.com/api/attachments/CC8iL0NnNWxhbXhoV25nNWNsQlZORVJsVFJEZ0F4aUFCU2dLTWdrQmNZelVwT2l3cmdF=-w200-h112-p-df-rw,2025-11-16T12:52:59.236052
Zelenskyy says Ukraine is working on prisoner exchange with Russia,https://news.google.com/read/CBMirwFBVV95cUxPQXk5MTNqQWNQRG9FUlgzRDVFTzJtcExTdERTY1F1RlZrb1JsbW5qNXc3Qm5sbzJ6YXdxX1ZyUWZBSnJPLXhEV1B0ZllSZFBkcC1MUkFSa0ttclhPaGI3X081Snp4QTk0bzZhUXFlbnNuLS1pUzZVSlRQQTctT1FsMDEyOUROd2NqYkhkRWxpUDJ1TThXaVZtQy1IcFlNZ3FzaVdMbENIOVlNQXJ4VlVz0gG0AUFVX3lxTE9aV0tTVzNCa3pWZ1JXeHRoMGlWNVF5T3dVM1FJbUlaN1ZmOXlkY1p3bXIxeTV0U1FGZl9qT2FOU2NCYy1qQ2xGT0Q0V0lTUE5wc21rYy1xaWVONlpuN0tpNVVOSEhjVlBhR3FpRFpOQmNwekxqUVJuaVdrakI1VWtEbWx2R1hfVTRWNUlDS3BQMFE1Q0pPT2dPeGEtdTZ6Y2oxU2hOTlRBYlVFSk1zMHZsT0JRbw?hl=en-US&gl=US&ceid=US%3Aen,The Korea Times,1 hour ago,🇺🇦 Ukraine Drones,https://news.google.com/api/attachments/CC8iK0NnNXBVVkEyTkhGWFJtcGhhR0Y2VFJERUF4aW1CU2dLTWdhMVU1SndwUWc=-w200-h112-p-df-rw,2025-11-16T12:52:59.236054
China’s drone production capacity is a significant multiple of that of the U.S.,https://news.google.com/read/CBMizgFBVV95cUxNRV8ySUkzazIxVkNWamo2TzhVdGxUQ29DVnlDQjBDRUpqNDVLVFlFZlRuQTc5a3VEVUcwWHYyZW1faU93QXVpOEduazRJU3hUcjVlOWw5a3JkU3Bua0xvaDEyTzZRMjFjdzV0cUQ0WmZFaVJmLWxKTzYtTjNFS2Y5RmVvTnozX1RrMTFJVFd2a3lQVzVFRklITG9zZDcxb2FPZmt0OEUxLVllcTY5Tk5sZmNZZ0NvWUtVMV9mdk8yWUxBYUR4LXl3MHNza2VrQQ?hl=en-US&gl=US&ceid=US%3Aen,Investing.com,4 hours ago,🇨🇳 China Drones,https://news.google.com/api/attachments/CC8iK0NnNW5WaTFJVDJkeE1VUnpSVVJGVFJERUF4aW5CU2dLTWdZTlk1U05MUWM=-w200-h112-p-df-rw,2025-11-16T12:52:59.236056
Let's Go! The 1st FAI World Drone Soccer Championship opens in style,https://news.google.com/read/CBMiiAFBVV95cUxQRHg0SWtOTzZjUmRwR1FLOUxSS1R6UVRKQ3JTNHFod3h0TWJZZ2h4ZFpDRWctVDlEQTU5bmhvakNlQWZGZjBIUHV3MWVUNU45MXM4dFNNN3Q0WVhxaXFvTUd1dWp2NXJFQXhKRUJIc21kWXl6enJaZFRGSDdkaTZUWkl5b0RLVFRB?hl=en-US&gl=US&ceid=US%3Aen,FAI | World Air Sports Federation,5 hours ago,🇨🇳 China Drones,https://news.google.com/api/attachments/CC8iK0NnNHpUR0oyVW14Vk5FZG5Wamw2VFJDZEFSakJBaWdCTWdhQmNZQnJMUVU=-w200-h112-p-df-rw,2025-11-16T12:52:59.236057
"The Battle of Pokrovsk, China's Plan for Long-Term Confrontation and China Cranky at Japan: The Big Five, 16 November edition",https://news.google.com/read/CBMidEFVX3lxTE5CS1J6VGQ5MGY4TlozenFvRmpWWnF5Zmh3UG56TEJ4aHlkRFRBZjJOXzhYbXUtZmJsbmJCU0h3XzAycjlybWp5OFVacHRoVzJfNU0wdkJJUXVjOTVrUGRVSURnMHZlbEpwamY3Nk1GTVV6OS16?hl=en-US&gl=US&ceid=US%3Aen,Futura Doctrina | Mick Ryan,6 hours ago,🇨🇳 China Drones,https://news.google.com/api/attachments/CC8iK0NnNUJNbGgzVG5kRFFrRnVVSGR2VFJDaEF4amZCU2dLTWdhTk1ZU0hJUVE=-w200-h112-p-df-rw,2025-11-16T12:52:59.236059
Drone conducts cleaning mission at airport in China's Hubei,https://news.google.com/read/CBMifEFVX3lxTE81blJUaHI4U0RBclU1ajMzV2VHR3RsaFl1UjcyMFdnQktYa09hRVRBbGFzS3hPUEdjYVQxNXNLd0NVOC1iYWlsR0VZLWM5cm9IQU13MUtPTmMxNFBvRVgyRnp6cUwyNVhXWlRTSGo5UnZLbTZQMS1IdFhoa0I?hl=en-US&gl=US&ceid=US%3Aen,Xinhua,6 hours ago,🇨🇳 China Drones,https://news.google.com/api/attachments/CC8iK0NnNTBOVlo0ZEhkaWVYZEVPRUkzVFJEakJSaWZBeWdLTWdhTkU0b29GUXM=-w200-h112-p-df-rw,2025-11-16T12:52:59.236061
Skies at stake: Inside the U.S.–China race for air dominance,https://news.google.com/read/CBMijAFBVV95cUxObW1VRXJLMVRQbXZGMFpLSERGZXdod2ZPOWR2bENnV3EyU3RCbFdDT0dxMjlKbVU3V1NzTHVJQTI5Y1VycUFWZF9saWZSN1dsbjhsUDBzZ3JMV24zR092dHlmdTYwVHBoVHpjeGl2NllEVVRyblRZN3NFeGpyMXdUc203SXlOTVJsbjk0dNIBjAFBVV95cUxObW1VRXJLMVRQbXZGMFpLSERGZXdod2ZPOWR2bENnV3EyU3RCbFdDT0dxMjlKbVU3V1NzTHVJQTI5Y1VycUFWZF9saWZSN1dsbjhsUDBzZ3JMV24zR092dHlmdTYwVHBoVHpjeGl2NllEVVRyblRZN3NFeGpyMXdUc203SXlOTVJsbjk0dA?hl=en-US&gl=US&ceid=US%3Aen,Fox News,1 hour ago,🇨🇳 China Drones,https://news.google.com/api/attachments/CC8iK0NnNVlTbWswWW1kMWNqaDBTV05xVFJDb0FSaXNBaWdCTWdhRlVJYmtJZ2s=-w200-h112-p-df-rw,2025-11-16T12:52:59.236063
"Ukraine seeks to bring home 1,200 prisoners in Russia talks",https://news.google.com/read/CBMiqwFBVV95cUxNZ2t1ZldIc252S1NaV0lIa0l3THAtLUVYOGRYTEVaT0g1MUo1YXRGb29pQk82YW82VzJ0dlpneU0wazFmRUVhOWVTUUVfaEx4Zk5JV3k5ZEVyVG1DVTVKdm0tSEFPWlRxeXFzeEZSNTY5REhieG5sTngweGhqclFZcVVGVF9UMDhWRWZjQTlKSXpLdWFXQ2YtaUF1MHhzVm5XeXpCMjhQbVZmOGfSAasBQVVfeXFMTWdrdWZXSHNudktTWldJSGtJd0xwLS1FWDhkWExFWk9INTFKNWF0Rm9vaUJPNmFvNlcydHZaZ3lNMGsxZkVFYTllU1FFX2hMeGZOSVd5OWRFclRtQ1U1SnZtLUhBT1pUcXlxc3hGUjU2OURIYnhubE54MHhoanJRWXFVRlRfVDA4VkVmY0E5Skl6S3VhV0NmLWlBdTB4c1ZuV3l6QjI4UG1WZjhn?hl=en-US&gl=US&ceid=US%3Aen,South China Morning Post,3 hours ago,🇨🇳 China Drones,https://news.google.com/api/attachments/CC8iK0NnNVBUa1J0WjJ4SFEwUlBhVU5QVFJDUUF4aThCU2dLTWdZVkpJS1BtUWs=-w200-h112-p-df-rw,2025-11-16T12:52:59.236064
Army using Chinese company to make weapons despite security concerns,https://news.google.com/read/CBMiogFBVV95cUxOaG5mQnBrMXdPSW9abmJOZlV0U3RBUmJQcmYtWFcxU2d6MjZwajhXcEwxeFJDeUlIcEFGX0g3ZXpwbUNKek5mTlc4MHJuRHNTalcybklWbDh1YWpxX1dJYTJQQm9qTXVyUEhBYWRFNWN2TEhRemhpcEY0a2t1bHQ4Q0FvWGxKZE9GOXA3bnFZSG5JejBrMlpvZTdYUmhodXpoLVE?hl=en-US&gl=US&ceid=US%3Aen,The Telegraph,15 hours ago,🇨🇳 China Drones,https://news.google.com/api/attachments/CC8iMkNnNUxXVFZWU2tGNVdWRk5VWGM1VFJDUEF4aUFCU2dLTWdzQklKWnZxT2k0eEpvWXNn=-w200-h112-p-df-rw,2025-11-16T12:52:59.236066
China’s first 076 ‘drone carrier’ amphibious assault ship begins sea trials,https://news.google.com/read/CBMi0AFBVV95cUxPckxMVEVkS1FLX1dSaktGVm9qNlNoOWN2dFVMNnlkUXJhekZWRC1fVkF0dEh1bVlNZWlvbTRBV05wcjJ1dGN0MnhTNGt1Q2IzYjAzaHYzVTEycDRuVHZ0dU1HX1E3UUN4c2NHSEdNMWNRWjB0SnN3Y2RjUk5mcFRtSC1zUGxIZWpDV3FaQVVZN2pkdGJZdWVqU2tKZTlHZkswV00wTExBVmdYaWNCeEw1cDhBdWxDdUd6djNqTWQ3Y05uSERsUUY5S05ORDNoRXlM?hl=en-US&gl=US&ceid=US%3Aen,The Star | Malaysia,3 hours ago,🇨🇳 China Drones,https://news.google.com/api/attachments/CC8iI0NnNTRVVUppYUZNMlozWk5aMDQzVFJDZkF4ampCU2dLTWdB=-w200-h112-p-df-rw,2025-11-16T12:52:59.236068
U.S. Think Tank Highlights Israeli Breakthrough in Drone Defense,https://news.google.com/read/CBMiWEFVX3lxTE1LN1lLLUEwUm1ZOHpoM25zTHdpOW1xWXo1b2hmekg3UUJiVHc4OUFpVk1PbGx3T3g1VGc3ZklGYnQ0dzlOaFhqSFRaRlMtelRvb2dUcFRaamo?hl=en-US&gl=US&ceid=US%3Aen,Israel Defense,2 hours ago,🇮🇷 Iran Drones,https://news.google.com/api/attachments/CC8iK0NnNXFRM3BaYkRFMFdURTBlbU5NVFJDcUFSaXBBaWdCTWdZQk1Jck5zQVE=-w200-h112-p-df-rw,2025-11-16T12:52:59.236070
Iran confirms seized oil tanker in Gulf over ‘violations’,https://news.google.com/read/CBMiWEFVX3lxTE8yZ2g0Mmx0NFp5SVc3ZWNIV09IS2pJbkJ1RmxzWXFmY09fVi1aaGZOdHFwT3ZJSHozNTMyWjhzVENKSDVLN0JKSUtqVkxoOXlzVl9Da0FkYmQ?hl=en-US&gl=US&ceid=US%3Aen,chinadailyasia.com,9 hours ago,🇮🇷 Iran Drones,https://news.google.com/api/attachments/CC8iK0NnNUhabUZxVGxKVmVIbEZiRzExVFJDM0FSaVRBaWdCTWdZcFVvcU9vUWM=-w200-h112-p-df-rw,2025-11-16T12:52:59.236071
IRGC seizes Marshall Islands-flagged tanker as US drone monitors incident,https://news.google.com/read/CBMiS0FVX3lxTE9JZFFyZ21NMHhycnlOMEY2bVNRM0hmRFJMMG1tMlhIREdlaVdiLXFwakFabUF1bWVZWWZGdzA5WC1reE9iMWhzMlVxYw?hl=en-US&gl=US&ceid=US%3Aen,The New Region,18 hours ago,🇮🇷 Iran Drones,https://news.google.com/api/attachments/CC8iK0NnNW1iR3RzU21Fd01EUXRORlZ3VFJDM0FSaVRBaWdCTWdZUndJenJ2UVU=-w200-h112-p-df-rw,2025-11-16T12:52:59.236073
"Display of the Latest Missile, Drone, Defense and Space Achievements of the Iranian Revolutionary Guards Aerospace Force",https://news.google.com/read/CBMi7AFBVV95cUxOU3dJaklTN1JVVDlfOXNLbFVpQy1qNTRFZDhOYjZRd3AyT1QtVVVxVk16QUJDR1JIZkVJY29LU2ZPaGxhVURTVEJSTnhqaXQ3REtySnFFc3BuUXJsMHdMdjFQZ2IzTFhwUDY3ZXlScWNYZDdmbkZLNGZpaGo1YzcwMVF6VXY2ZXQtTmdpM3luUlNvR3Rqd3hkRWFwcE9GX1NpMUlwNkVWdnUzX1FRQlZpU1V5QUhiN25PS1FHUlUxcmtEWUxuNXY3dW4zRnJzTnZpOWdGcVgxc3I5ZmJ4djdzTFpzbmpkanFQa2dWRg?hl=en-US&gl=US&ceid=US%3Aen,خبرگزاری صدای افغان(آوا),4 hours ago,🇮🇷 Iran Drones,https://news.google.com/api/attachments/CC8iI0NnNWxiMVppZUVWUldHWkZPRmxIVFJDM0FSaVRBaWdCTWdB=-w200-h112-p-df-rw,2025-11-16T12:52:59.236075
Surrounded but Unbroken: Israel Redraws the Region,https://news.google.com/read/CBMiigFBVV95cUxPQkZzT2dubU5mb19IQUI0NXBHM2oteEdKNE9BZDI4V1NXeUJ6d0JBN0p5SlN0OWxuci1ieVNwTk5qS1VEVU5XZ2xnNlEySmtpLTVpdWZiTEFCeE0yVWhqNFctc1U4WC13RjlZQk9JbEsxUU9Zb3Y4a2RibWIxbDM0S1JMay1TVGZXbGc?hl=en-US&gl=US&ceid=US%3Aen,The Times of Israel,18 hours ago,🇮🇷 Iran Drones,https://news.google.com/api/attachments/CC8iK0NnNXhWVWQxZDI1ZmFUbHNMVkJRVFJDUUF4aUFCU2dLTWdZRk1JU2xwZ2c=-w200-h112-p-df-rw,2025-11-16T12:52:59.236076
"Iranian Company Develop Smart System to Monitor over 100,000 Hectares of Agricultural Lands",https://news.google.com/read/CBMiuwFBVV95cUxOM0dtcVhNcVNrOER5cjNackozZTBrUUZDNW5NVkJRUFEtNTFVWWZtd2pCb2U4VUVBc3hwdnZKdUhpMmt4TmtRSFlMUG5kM2M0ZWFmMy1HeWk0WUUyYU5zNFd5emxOa05xemRNd011NVpLU3QyTEQ3alJhMXpua0JWajhHOEgxeHdFNDlVQVBfdS1xazlJTWY4UWtyVU9ybU5yMFc4S0FBSkxXaHFPejJtOE5kNHhtd04yR2E0?hl=en-US&gl=US&ceid=US%3Aen,خبرگزاری آنا,7 hours ago,🇮🇷 Iran Drones,https://news.google.com/api/attachments/CC8iL0NnNXpZblJhUWtWa1NGcENSRXMyVFJDVUF4ajNCU2dLTWdrQk1Jek54ZVVPWndJ=-w200-h112-p-df-rw,2025-11-16T12:52:59.236078
Dramatic Iran cargo op in Hormuz leaves US drones stunned: How did IRGC pull it off so cleanly? | Videos,https://news.google.com/read/CBMi5wFBVV95cUxOZm5zcEZqTGNlYlU4SVczb1BRTnJVdGtFLXZBZlF0OXBabm44ZmcwQTZzaGFQRm0zNEJwMkQyY1F3TmdvMDIyVERaUHd0OFREaUFPWXNDNVlZRDBWXzU4d2hjSUNUcmVnRDRCbWV5d1NJd0tPYzloV0tZaUk2T2hVaXJvUFRkamRteDhvdjlFUWpKdTlnaW1Td1dtYl9Uemd0VEFJd0FZVGZucDBzS184dHR0TzRGZ1VaZHFUemhpaEtBTl9NcnQ1LVYtTE43RHo3MlNFZkM4Vi1qVGNFVVBFc0Utd0JFd2fSAewBQVVfeXFMTWJkNUhtM18tam1kWHAyeG1JaVVSVFg2Z3FtRGs4dm5FWGRFTWZaNEs3dWxVdzQzOExLVXI1UTZyS1NEc2VSc1Y5UXdkWnhIVzF6RmV1OS1mbmI5UFJPb0toUkE4ejFKeEJlNUh6bXhleUwzYnlOX085VEh3YkMxTnAwSTNtSjVEcjNSY3Z0SWRrcUN0c29HYVlqZ2pmeUVISGF1elBLWF9yWmdDb092YVBsMHNBLURWNEhkaDhtX1EwNnQ4YktWbWdYVEhSTFM4THZ0X1hfWE5QNkhreHNReGsxY19DTXozR3ZmZGY?hl=en-US&gl=US&ceid=US%3Aen,Hindustan Times,18 hours ago,🇮🇷 Iran Drones,https://news.google.com/api/attachments/CC8iK0NnNXhSREI1YUVOQmJXWTRYMFZWVFJDZkF4ampCU2dLTWdhVkFZek1oQXc=-w200-h112-p-df-rw,2025-11-16T12:52:59.236080
Iran says it has not been able to enrich uranium since Israeli and US strikes,https://news.google.com/read/CBMirAFBVV95cUxNZjM2aGE5MmdEbE1Lb2RCR0tMQ2hLWEZsMVI0OGNBVUVVcG1sZWNWTmpUWmNCTW5zT2pHNGx4aFRKZDd0elhKRml5aHFRS1BGSHhMVVIyODVITWFPbjE3Q2tCUGEzTkxJMU1WbHMyTl81QU5KUWV5aE93SFllYjJMaWFWcnNCMkw2bU1tMlJmYl9mNnJpMDQ3UHk4c0lPY1dHNVdaWTNRNUVKemdT0gGyAUFVX3lxTE9sX1dyUnkzbDhJbTU2SGk5enlOTkFUY3M5TER0MTBYeHdFOWJVclRqV19UeEdkd0VVNWJiakhyeFhCLUNlTUJIOVhXU2pQcE44R1NHblg5UncyNTMtWml1MmQ4N0tvLUJQa1VvdU1IQzQtVXloM1dNbDd3QmRORUFJaVNuWXpsQkhiaXpFY3lISmJ6dkxMMmVhS0NCT2VKV3IwYllyZDNETFplQmdlVG1jUGc?hl=en-US&gl=US&ceid=US%3Aen,The Times of Israel,40 minutes ago,🇮🇱 Israel Drones,https://news.google.com/api/attachments/CC8iK0NnNW5NVWxGVmxsWk9Vd3haM1paVFJERUF4aW1CU2dLTWdhcFZZYnRLUWc=-w200-h112-p-df-rw,2025-11-16T12:52:59.236081
"Trump’s Gaza peace plan is in danger of failing, unless he sees what’s in front of his nose | Trudy Rubin",https://news.google.com/read/CBMimAFBVV95cUxPZVh1OElfSGF2Z2RublRaYWo5T0VheHItZk9RT2JsWG8tVTR2Q3NGNm5FUU1oWnFuZWVhZG1keEEwNGZxQ1J6X1R4UktnNUdOY2o5MGcwZjktMTdEbVNkdVdkdWtYS3VTNGRCUG5xbWpTZHh4aWl0Z01uWG4tZHNPbFFfcEh5X0lLQngtWlZCSjhwaHB4YzFLTg?hl=en-US&gl=US&ceid=US%3Aen,Inquirer.com,2 hours ago,🇮🇱 Israel Drones,https://news.google.com/api/attachments/CC8iI0NnNUVhbk5NY0V0d1duaDZlSEF0VFJERUF4aW1CU2dLTWdB=-w200-h112-p-df-rw,2025-11-16T12:52:59.236084
UN renews sanctions against Houthi terror regime for another year,https://news.google.com/read/CBMijwFBVV95cUxQQ2xwQVJvaFVRY2FGZklZUjZXamY5Y2tQdVBlaGlaeHJjSTNReHl6RFEwdFRMT1ZEMjEyblhCY2JjOEtDUzh5cEllQjF0bE1qV2JsNVU3MkdsV3NlZmdweGd0c0FoV180WXZuQjVyd1gtS3RPZERjUXNad2g2SzJTUG1CWUpxN2hxRWMtVm9jcw?hl=en-US&gl=US&ceid=US%3Aen,JNS.org,29 minutes ago,🇮🇱 Israel Drones,https://news.google.com/api/attachments/CC8iK0NnNW1lVkpvVUhObWJtSlJSekZmVFJERUF4aW1CU2dLTWdZeEpKaHdIUWs=-w200-h112-p-df-rw,2025-11-16T12:52:59.236086
IAI unit opens suicide drone production plant in Morocco - report,https://news.google.com/read/CBMitgFBVV95cUxNTnBBT0d4ZTc1aE5XRElVbUhIeEFwZVI5c2c3anVoYktKa0NxejFBbnZGSjJCUlBEd21ZMWI0ZzA2WHhYWGJhV1hzZlMxMXdkRTB2X1cyNEtIVUNtUnN6NHpXNWcxZm9HcG9EOURxTnpRamlleFhuNlFfcGlNaUJmM3FaZ0hiLU9zaV9aaE44TXJ4emdWSmpBdWtKYWppMWFMRVpQNHNfUVBpUWlsTGh3TVpBdHRuQQ?hl=en-US&gl=US&ceid=US%3Aen,Globes - Israel Business News,1 hour ago,🇮🇱 Israel Drones,https://news.google.com/api/attachments/CC8iK0NnNWtlakJ5VldkMFNpMXpVM00wVFJDREF4aVhCaWdLTWdZQmc1REhzUWM=-w200-h112-p-df-rw,2025-11-16T12:52:59.236088
Israeli strike kills Palestinian in latest violation of Gaza ceasefire,https://news.google.com/read/CBMiiwFBVV95cUxOT1JyLWR3a1VsWEpYbXlYNzl5Mm9TWUFZTmVrZ0JfQUN5YTBocElNZW83cDNHTkR4ajlVdFA5X0VqUVhLQ3VPR3NtWmQzUDJnLTRfZXhnbGo0cXlnVkh1dGZaZDMzUHN4OGZfaTFibzFWVFVjUzBabEl5Zm5mMjRqYy1CYmc2MDFLeHpn?hl=en-US&gl=US&ceid=US%3Aen,AOL.com,7 hours ago,🇮🇱 Israel Drones,https://news.google.com/api/attachments/CC8iNkNnNTFkV1JwTVhsaWNWOXJNRUpzVFJDdkF4aUFCU2dLTWc0QkFJS2tET29PS1dvTGs1WjdEUQ=-w200-h112-p-df-rw,2025-11-16T12:52:59.236089
Will Israel strike Gaza on...?,https://news.google.com/read/CBMinwFBVV95cUxNRzVBOWdwdGpJM2ZqUDhRU29MQ2lyeHlLUV9fTkpZZEdZbEg4b3h5YndpUG9kX0VBUXJOUzctQUtuRUFUamdmY24wS1hYcGVYaWxoUzc5TWlGZnRpcWpldy1mMjZqdUJ3eFVGckFrTGtORml6YjFkdU00RFNyUGxYS041ZmZJX0dSMWhPVnBjd1kwQ1RvTWJhVmFSQ2d5ODQ?hl=en-US&gl=US&ceid=US%3Aen,Polymarket,11 hours ago,🇮🇱 Israel Drones,https://news.google.com/api/attachments/CC8iK0NnNVBPRXRKWkdVeVZXOUlhbDlYVFJERkF4aWxCU2dLTWdZZFlvQXNKZ2c=-w200-h112-p-df-rw,2025-11-16T12:52:59.236091
"North Korea's Ammunition Pipeline to russia Shows Signs of Exhaustion, Ukrainian Intelligence Says",https://news.google.com/read/CBMi3AFBVV95cUxQeWlwZjJDN2FHbVVYbUVlSENmaHRHRFprWm9rSlVhRTlUSlBUZkJQUjZReHNFaHNZRFFwa0wzNE5odXFwdmJxRWtOdkRFNFkxR2tZeUdPR1ZUc2thck1TbU1pSmgtSDgtRmI0Ni03NFBNNG1KN0VYZWNFYjJVdVdpLTVrYV80UUdNR0haczhtQWVBdkd1dlUzTE5XSzhqd3VLT0gyR2xYcm0yYzdWRDN1NUYycHJPTm9QSk00Q2M2X05UZm5XcXl1VEdkUGtHRGg2VFE2azR5b2RQQjY3?hl=en-US&gl=US&ceid=US%3Aen,🇰🇵 DPRK Drones News,9 hours ago,🇰🇵 DPRK Drones,https://news.google.com/api/attachments/CC8iL0NnNVRjVjlwTjJrM09ITXpWVEI1VFJDWEF4anhCU2dLTWdtQlVZWVFQV1dERkFF=-w200-h112-p-df-rw,2025-11-16T12:52:59.236093
Ukraine claims it blew up Russian railway used to ship North Korean munitions,https://news.google.com/read/CBMi5AFBVV95cUxPVG9kVVVKbkM0ejlvR1g0LTJGOEh5ZjdFLXpWYnBMeVdCSWdRQUJXcUJuTlV2YUtkdWRBM09RZWxUSjFhbUlYNWlNTEk0SFpXcWtaUUtuUzZhMlRlbG1Cd240a2ZSTXdpVjZNSXdkVVF1cG5JSTFNX1IwaUJwV0cyNU5HSTd6QXV5QUNzNWd3ODhNYVU0Z2UzcHZ3MEM5RVZSZUgyUko3MUFkb2lRanFpdVljYXo1TG5qSU5nbDJHNFZlSzZNZ2RNeXdKTGJySGlUTGloOUlaRTluQWVUSlFHMlZueWc?hl=en-US&gl=US&ceid=US%3Aen,Korea JoongAng Daily,3 hours ago,🇰🇵 DPRK Drones,https://news.google.com/api/attachments/CC8iK0NnNWZlazF4TnpoeFJtbFBNbGQwVFJDRkFoaXZCQ2dLTWdZSllZRUY1UUE=-w200-h112-p-df-rw,2025-11-16T12:52:59.236095
South Korea’s former first lady makes bombshell admission during landmark bribery trial,https://news.google.com/read/CBMifkFVX3lxTE1vdlN1amEwTUdMUWxRQVpELW02UzVjWnN6VDRpSFpfc3FIY1oweHRCcnQwN2xQTUFSSWhqN28tbVAwdjlGMUVMU25kcndlOWZYQ3dScmcwMGU0TXkwR0ZSVy1EMDlLc3BpRGpXT3FsWmZsZnlLSmtGcWk1SXJGdw?hl=en-US&gl=US&ceid=US%3Aen,AOL.com,18 hours ago,🇰🇵 DPRK Drones,https://news.google.com/api/attachments/CC8iK0NnNVlkVmhNTmxkdGRHdHNaSFk1VFJDckF4aUFCU2dLTWdhUlpaTG5MUWM=-w200-h112-p-df-rw,2025-11-16T12:52:59.236097
Russian stuff blowing up: North Korean military aid to Russia dwindles,https://news.google.com/read/CBMivwFBVV95cUxOTW9XeVJVQ2xnQWV6ei1MQ3ZmQnZyY2cxX0x0ay1kM0lzSmNlUXd2Nl9kbWE5YXh0UENpc21iUXFZbHFra3ZOamtrNHdjRmFaazR2d2h1YVU0eENLTFlDU3dMMWotZFA5eVZKbVRyTjhfLTlmb2F3dnI5VTBLYVVDSVFpOFN3SHRfZmExNWI1OWZROG5qaFV6V080NVVyMWNGNFVPSXphSjJiNDlOSzYwcFhHWEZGQUdOeHF2OEhJWQ?hl=en-US&gl=US&ceid=US%3Aen,Daily Kos,18 hours ago,🇰🇵 DPRK Drones,https://news.google.com/api/attachments/CC8iJ0NnNTVZMUo0YUc1RGIxaDVMVmQ0VFJDUkF4ajlCU2dLTWdNQllBUQ=-w200-h112-p-df-rw,2025-11-16T12:52:59.236099
Trump gov't notifies Korea of end to U.S. arms cost waiver,https://news.google.com/read/CBMixwFBVV95cUxOeWQwN3BDNlRteWN0VE4zaTRGWGNyZFJWZVk4bzJhY3hoWkNFQmRQSUVqVGlHMzVldU95d0lXUDNfclB3R1R0RFdYNWlfbXExVUlNaVd2dWhsOWxxLVROZXZZdnpNdzlseDA0ZnktSDBjZkFCRGlCQjlaSjlfbF8wSjZPaUt1cjcwakU0c0xTZkUzOV9sOUVVRkY1ZmtKTnp4SnprdzlIcHM4Y2FDUVkxamRqQUlURGNwM3o1MkdOZE5OTFFXMFhZ?hl=en-US&gl=US&ceid=US%3Aen,Korea JoongAng Daily,4 hours ago,🇰🇵 DPRK Drones,https://news.google.com/api/attachments/CC8iI0NnNU1lRkZMYWxWcFIzUlJlbHBGVFJEMUFoaXdCQ2dLTWdB=-w200-h112-p-df-rw,2025-11-16T12:52:59.236100
"Heavy drinking can cause earlier, more severe stroke",https://news.google.com/read/CBMiyAFBVV95cUxQRlh4dHN6ZzN6ZHVfNlBBWTRzck5VMzB5RjVGVEMyZkIzVTV0SkcwUFF6Y2xkN09zWWlfckFkdUZFcy1PMWNucWVfS2tPOVBBc0JkbUwxbDVTNU5jVC1QejhmZzV6bmQ2SUM1YXBnNDFoa3BEWkNINUl5a3JrUGxCMUQyT2swdUNtSnVQQ2wtRGtRZkUtWUlhVTZRREs5TVJhbGJzQkh1aUZKRm8yNzNyNXFnZXpqUU1mdzRCTE1SX0FlZ1k4NTdIYg?hl=en-US&gl=US&ceid=US%3Aen,WTHI-TV,22 hours ago,🇰🇵 DPRK Drones,https://news.google.com/api/attachments/CC8iI0NnNHRORzFOYjFoeGJFOWxhekZhVFJDTEFoaVFBeWdLTWdB=-w200-h112-p-df-rw,2025-11-16T12:52:59.236102
"russia Showcases its New Night Witch Drone in a Strike, Copy of Ukraine's Vampire Bomber",https://news.google.com/read/CBMixwFBVV95cUxPTHhmSWotLU1wSWRrR3VrdzBIUXpXTTJ3ZnVYXy1YUThJNTlydlpFejgwRTg2TUhFdFRYSlEtNWc5RlhuSHAxY2k5NzB0V0tjUHJkYWh0VU1Tc2VsU1FJZVVOU1ZWU0pGNC1pVGg0NXBzVHlhRGE1c1lTT0NwZDdIT0FOYldZcklySDBqNW81X0dvdVdoem5QQlkyOE1WTFlFYi1YczhjaEtYdEl4YUF3N2l3RGdRakUyQ0VZODAwV19nbmlwNmRj?hl=en-US&gl=US&ceid=US%3Aen,🇰🇵 DPRK Drones News,20 hours ago,🇰🇵 DPRK Drones,https://news.google.com/api/attachments/CC8iK0NnNTFhMVJqYzB0WE1FaEtYMlV6VFJDWEF4anhCU2dLTWdhSmNaS05NUVk=-w200-h112-p-df-rw,2025-11-16T12:52:59.236104
Emerging Middle Powers and the New Middle East Security Architecture,https://news.google.com/read/CBMipwFBVV95cUxQQ090WW9Xc2pOcmwtMGVleVhGeGFYcW9ONVVJazNuaVFTaUpMOENxc0lPb0JQUUZyQW90YWMxUFBRcjU0V25mQnhwUkVKN0xmVVRra3ZfRHNnV2QyNTRaY1pnRkZHUUdkWFRqck9KTHFrUkxWdDQyMU1ITG9waDNXMFZ6LUlmTF91dGUtRUFxWnFPS2VtTFl1cDFHUmwyc2M5WW1lRTVRTQ?hl=en-US&gl=US&ceid=US%3Aen,TRENDS Research & Advisory,4 hours ago,🇹🇷 Turkey Drones,https://news.google.com/api/attachments/CC8iK0NnNW5aMHBYUjFoa1JsWXROekZ6VFJDYkF4anJCU2dLTWdhTmM0NXV0UVU=-w200-h112-p-df-rw,2025-11-16T12:52:59.236106
Turkey signals near end of Ukraine war as G7 demands Energoatom probe,https://news.google.com/read/CBMipAFBVV95cUxQQWxDYm5uZzdLODVhT0tyMFhlbVRJUGxLY1Z6dTBvUjdiSVRKQ1FGWGZvQVFaYVlkdlBuSDlheWo1dUR4aTZXZVBHT2hEQ2pLTGdWeGw0ay01d1I4eURhTVJ5Y1A3bUhEek9DV2I5V0wyalZvTjg0VHVhY2hyaHpMWm02UmlfSjQ5SVZBZE45Z04wMWNQVDdlNGtVR0VIOEdQRDFhYdIBpAFBVV95cUxQQWxDYm5uZzdLODVhT0tyMFhlbVRJUGxLY1Z6dTBvUjdiSVRKQ1FGWGZvQVFaYVlkdlBuSDlheWo1dUR4aTZXZVBHT2hEQ2pLTGdWeGw0ay01d1I4eURhTVJ5Y1A3bUhEek9DV2I5V0wyalZvTjg0VHVhY2hyaHpMWm02UmlfSjQ5SVZBZE45Z04wMWNQVDdlNGtVR0VIOEdQRDFhYQ?hl=en-US&gl=US&ceid=US%3Aen,Букви,6 hours ago,🇹🇷 Turkey Drones,https://news.google.com/api/attachments/CC8iK0NnNWxUbnBWVVZwNGFWTjNWall0VFJDZkF4ampCU2dLTWdaSlVJN1ZJQWs=-w200-h112-p-df-rw,2025-11-16T12:52:59.236107
Russia-Ukraine war at ‘closest point to stopping’: Turkish foreign minister,https://news.google.com/read/CBMiswFBVV95cUxQZ1JhMDZEb1JTVXNfaWp4WDBzbGZzXzNueldfUHB4akFxZ1I3SGVtanFWREdmM18tNjFGWFQtVHJPZnd6ZnlIT3prZ1d1T1I0YVFDdWhMbmZHRkVGX2NMZzVhM3lWa0ZFcWoyLUpoQXlGejVnNktBdktfa3hBOXQzSndXYW5mZENRVWFKVTB4djBvMmpiRlRkaTdlZG1WQTZ1YnpzVzJFTU9tTlkwNzBORGVlYw?hl=en-US&gl=US&ceid=US%3Aen,Anadolu Ajansı,6 hours ago,🇹🇷 Turkey Drones,https://news.google.com/api/attachments/CC8iK0NnNHRMVTFsWkhCRlpuUlRla0Z3VFJDZkF4ampCU2dLTWdZZEFad0xIZ2s=-w200-h112-p-df-rw,2025-11-16T12:52:59.236109
"Türkiye, UAE mediate Russia-Ukraine prisoner exchange | Daily Sabah",https://news.google.com/read/CBMipAFBVV95cUxQb3dEM0FCSm1saEJFX1ZtTS13ckZPTGRVNDcyazI4VndNSzhFbjFYN1gxWHlVSVRqMjVqSXRtTWg4OE5kNjBJU3NPSWlCdVJPQWtrMkZNbzJjcEVpeDY3QVcxMGxSU2ZuSFQxS001SU5nLUZYVVhsTWJhRmpycmdWUVJnR280S3RFZ2Jtc25hSWtzcU1zRWRXLWdiY1pVUUcyaFNNZdIBpAFBVV95cUxQb3dEM0FCSm1saEJFX1ZtTS13ckZPTGRVNDcyazI4VndNSzhFbjFYN1gxWHlVSVRqMjVqSXRtTWg4OE5kNjBJU3NPSWlCdVJPQWtrMkZNbzJjcEVpeDY3QVcxMGxSU2ZuSFQxS001SU5nLUZYVVhsTWJhRmpycmdWUVJnR280S3RFZ2Jtc25hSWtzcU1zRWRXLWdiY1pVUUcyaFNNZQ?hl=en-US&gl=US&ceid=US%3Aen,Daily Sabah,2 hours ago,🇹🇷 Turkey Drones,"https://encrypted-tbn2.gstatic.com/faviconV2?url=https://www.dailysabah.com&client=NEWS_360&size=96&type=FAVICON&fallback_opts=TYPE,SIZE,URL",2025-11-16T12:52:59.236111
Is Turkey India’s New Enemy? How Should Delhi Respond Over Growing Pakistan-Turkey Nexus? OP-ED,https://news.google.com/read/CBMiaEFVX3lxTE51c3NZUUcxU0dfb2phTnJwZ0xzUHhnZVA5RlhYWHF3dXloNTRxei1UaVlSeFdWUkpBNF9MeWFJVmwzZVdyaFpPS1VGTVBLNkZYenN6MlpjMWxsbFNBYXJCejRsWGdjSDdY0gFoQVVfeXFMTnVzc1lRRzFTR19vamFOcnBnTHNQeGdlUDlGWFhYcXd1eWg1NHF6LVRpWVJ4V1ZSSkE0X0x5YUlWbDNlV3JoWk9LVUZNUEs2Rlh6c3oyWmMxbGxsU0FhckJ6NGxYZ2NIN1g?hl=en-US&gl=US&ceid=US%3Aen,EurAsian Times,9 hours ago,🇹🇷 Turkey Drones,https://news.google.com/api/attachments/CC8iL0NnNWpVMFp1U2pZNVdsRTBhamN4VFJERUF4aW1CU2dLTWdrQklwajBuS214eFFJ=-w200-h112-p-df-rw,2025-11-16T12:52:59.236113
13 dizzying and dazzling images from 2025 Drone Photo Awards,https://news.google.com/read/CBMia0FVX3lxTE50RDVWbVBIR244UnQ4bXNPWFFCXzFJZ3lGb05mMl81UXZCN2VXcHpaQVdJS0RqSjlfY2tUVktVeU15b3U0S2l6ckF3X1MtS21sVE55ZGs1MkVnM3Z3ZVpXUXEybGMwQmFWV1Y0?hl=en-US&gl=US&ceid=US%3Aen,Popular Science,23 hours ago,🇹🇷 Turkey Drones,https://news.google.com/api/attachments/CC8iK0NnNWZNbHBFTnpGS01YQllkRXRvVFJERUF4aW5CU2dLTWdhUllwWlBLUWc=-w200-h112-p-df-rw,2025-11-16T12:52:59.236115
Ukraine Seeks to Secure Prisoner Exchange Amid Ongoing Conflict,https://news.google.com/read/CBMivwFBVV95cUxPbnVMSk92WnZzX1J0MmxteXdvazZkdzlmV0FtYnEyVUsyakNsZnFVVDQ0WGdrV1ZqUUIzVUVjNnFFcmphTi1YVU9pNjcxQWwyRllCOGVmSUdYOW1LQ29LRUJ1NE5PYWRHQ1dseDlVazNvVm1rMmhwT0t4V1Y2dlB5V0FZS1YySnN0M0NabjFUaTV1SFlra0VfWjlMb2lEYjAxeFd0ODU0NXF2Q2VJSjJxNXg1VThVSm5Fa1Bla0phd9IBvwFBVV95cUxPbnVMSk92WnZzX1J0MmxteXdvazZkdzlmV0FtYnEyVUsyakNsZnFVVDQ0WGdrV1ZqUUIzVUVjNnFFcmphTi1YVU9pNjcxQWwyRllCOGVmSUdYOW1LQ29LRUJ1NE5PYWRHQ1dseDlVazNvVm1rMmhwT0t4V1Y2dlB5V0FZS1YySnN0M0NabjFUaTV1SFlra0VfWjlMb2lEYjAxeFd0ODU0NXF2Q2VJSjJxNXg1VThVSm5Fa1Bla0phdw?hl=en-US&gl=US&ceid=US%3Aen,Devdiscourse,3 hours ago,🇹🇷 Turkey Drones,https://news.google.com/api/attachments/CC8iK0NnNVNTMFZIZDNkV1lpMVlkVjlSVFJDcUJCaXFCQ2dLTWdhTklZaHRtUVk=-w200-h112-p-df-rw,2025-11-16T12:52:59.236117
Minn. researchers test smoke-sensing drones and AI to help fight wildfires,https://news.google.com/read/CBMivAFBVV95cUxOdGgzcFNzcVRxVFVIZXY4aHQ3MlQzN08yd05sSmxkVktWeGRuZ1ZnSXNxaGRpQUxrUVR2UjBlQ3RtQXlMY1BqM1FFWnQ3c19HQlFnRnlFTmZLQk9VeTdSNjB3MTRqZGd0S2pGY2hkUDEwUVZJb29jTkZKUzFnTEptakFweDBPcjNiZE1jUnd2R2Y4WkZ1dnRMODVVaDRQTWF6YzNKM1QxRi1IRFFOM1NuN042S1o0QktfcDdqcw?hl=en-US&gl=US&ceid=US%3Aen,FireRescue1,23 hours ago,🤖 Autonomous Drones,https://news.google.com/api/attachments/CC8iK0NnNUJTRFYyTjIxaFIydG1ObG8yVFJDZkF4amlCU2dLTWdhWmRJUkp0Z1U=-w200-h112-p-df-rw,2025-11-16T12:52:59.236119
"The US Navy Is Looking For Long-Range Drone Ships, And This Company May Have The Goods",https://news.google.com/read/CBMikwFBVV95cUxPd1hMYW9zRDUzZjhjcTlCazdYS0o2d0tiMFV5M1J5X0ZNanE0VWhxTTl2ZmNSS0I1NTBjdl9jbXlmYndSMXFCZUJfSmt0Tk91N0RrUWlpNFR4a1YxX0poWkZNektYM3dxbzNaSnMwN0M3dENhdkNvanFZNXU0NkpiT3hIQVRaWXowaXJsRlFhWlAxZTA?hl=en-US&gl=US&ceid=US%3Aen,SlashGear,16 hours ago,🤖 Autonomous Drones,https://news.google.com/api/attachments/CC8iK0NnNDVVME5LZDJoWVVVb3lVbEJXVFJDZkF4ampCU2dLTWdZWkVvcXRGUWc=-w200-h112-p-df-rw,2025-11-16T12:52:59.236121
UAE unveils drone network for real-time emergency response,https://news.google.com/read/CBMimwFBVV95cUxQaWRTNTRZcEdHbHZxQ1lITS1tSUJvSjRWT08xTkRRajhyclN4RmdyMEgyV3p4MDUwVk1KNllVZlRteFRlS1F5WEhna1ZGV3ZaT2VEWXlNckEyaDNTVUx2RE1kS3A5a3RoTmozTlVtS1daMnNfdGtQem9URWdncW94cmRfbjZGeGJqcnBRc0dVSUp6WDdyZDQ5WFViUdIBqwFBVV95cUxNbFU1MGp4b001YkhqM2gtZG5yN25hcUZ4RFZOWEpYd3JkeGxCcEMxcTE5VWtnUXl2M0hGN2ZhekoyOTd2U3ZvMmZQWTNjMlVCdmVWRGpjTmxFd1huMm1MVTctRS1IZ2dIakYtN2VTMWpDMmdLeENfTDNaUjJpWUpNZDNQYVRiZXB2Z2N0VGZVTGR6ZlVYSlNYSFpma2t0cElONTBaYUREY2RlZVU?hl=en-US&gl=US&ceid=US%3Aen,Gulf News,6 hours ago,🤖 Autonomous Drones,https://news.google.com/api/attachments/CC8iK0NnNUNNM05DUlU5VFYzWTVhR05LVFJERUF4aW1CU2dLTWdhUmtwQktPUVk=-w200-h112-p-df-rw,2025-11-16T12:52:59.236122
Ukraine unveils TFL-1 AI system that boosts FPV drone accuracy against Russian EW,https://news.google.com/read/CBMivAFBVV95cUxNY0ptQUN0eWprcVNtbDhVTkhDMGx0SGZnUUlfVE5tanFWdGl2TDdwZ0JSNmZvVGhpeE1DakhaMHZOd01fSTQwNUF0Y0Z1dy1GZ0xRTnltS01JQkxpcDN1TEVGVlUzTkM0eklLNDFsWWZlcVVIemIzUFdxWE1QLTEySlgzSTlJQ0lFNWNqMGc0X1ZKQkt2RmpTSnNzX1FJMFYwbmRPNzFEOW4xZ09vVVJqRHg4d2Z1Sm9mRlA3S9IBsgFBVV95cUxPRFV5MUI4VmtleVUtR1FvTGQyTlNYNngyUURfWThSQ0xEYS1BOFpua1gxOU1Rby1uOHphemVld0ZOTHRvRjlGWFJNQWV2Y1FzbXpyUEhrREpmMmhKN29vM0l6RV90QXN6WUFpVWFZUVdxT3lrRGhtQU1UeXB3eFF4Szg3WDFZYVpfcUxMbUFBZkg5MnZRMkMyYS1zekExWjlPVXBmaXlBYjFPWXlPNDRhRGJR?hl=en-US&gl=US&ceid=US%3Aen,The New Voice of Ukraine,13 hours ago,🤖 Autonomous Drones,https://news.google.com/api/attachments/CC8iK0NnNXNVWGQyYTB0VVZVTlpVVmQ2VFJDSEF4aVBCaWdLTWdZQlVZcnJxQVk=-w200-h112-p-df-rw,2025-11-16T12:52:59.236124
AI gives Ukrainian FPV drones battlefield boost - What to know about TFL-1,https://news.google.com/read/CBMikwFBVV95cUxQaUo1eVh1NVoyTjdqYl8wVW1ycDRjVmZDODVHSHgwWjNHQWtpS0hyOWdweVJJWXlMa2RudE4yR0FlcTlvbUdjUUNsMWVyVGU5T3hNcDcwalFPU0Jnd29aUFhORmtXMm12VEpwVE9TbjlGbklHYVZ4RTFVeF9fTVFGTXhtN3Vrc1FLZ3VzYnJQeE5wb0U?hl=en-US&gl=US&ceid=US%3Aen,RBC-Ukraine,8 hours ago,🤖 Autonomous Drones,https://news.google.com/api/attachments/CC8iK0NnNURlRmRwYkdKNVZWcFNWbmhCVFJDZkF4ampCU2dLTWdZbFJZN05IUWc=-w200-h112-p-df-rw,2025-11-16T12:52:59.236126
Airbus advances in the development of the new MQ-72C VTOL logistics drone to equip the U.S. Marine Corps,https://news.google.com/read/CBMi4AFBVV95cUxNTzkwTnJJUWM2cWtXUk1ocEdtYl82TU9xb0pHeE1SOWRGSFcxWWJGdzk1WnN3VXVlbEY0ZzBVdEVaUG5ncTFqb1BGZThQUjJZX2RyaDhkbEhCSWRZQTJWX19BSW5KVkhsYTg2bGdMZW9ZeUJ3bXNSM2xCVWRtWU5kVmhYQldRWjZuMnBvYUlUV3ZzTG5SWjBTQ1lXMGtOVFRtdkN1OHJmUnRsQk1Hd3VTWHZ0ZWx4SFQ3RHVld0UwZldDZjNTOENzV2JqN3JuSmdmUzQ1YWc4cFNDbF9OakhDdg?hl=en-US&gl=US&ceid=US%3Aen,Zona Militar,22 hours ago,🤖 Autonomous Drones,https://news.google.com/api/attachments/CC8iK0NnNUtUV2d4VEZsNWQxaDVRMFJrVFJEUkF4aVVCU2dLTWdZQlU1cFBJUWs=-w200-h112-p-df-rw,2025-11-16T12:52:59.236127
Former F1 driver takes AI-driven car challenge in showcase event,https://news.google.com/read/CBMinAFBVV95cUxPbUd0RGVER0xJVnZqUjRBMG4wTk9ONUlubmQyTnJ0Rkd5VDh1Y1A4aHA3LWVRSGNxaksxTUE4eTl3LVR2Ym42LWQ1bjdCbE1pQS1ISDUwSGw0NVhtZWl1YlhBX0Z4YzRjUUtRLW55QUNUSC1Zd0l2MVN2aUZ0TjZnNVZwN3l5NVRNajlCTndva2QtYWRuSklIMmJRbW8?hl=en-US&gl=US&ceid=US%3Aen,GPblog,18 hours ago,🤖 Autonomous Drones,https://news.google.com/api/attachments/CC8iJ0NnNTBjRWhQUWtvelRtVnpRMlZ0VFJERUF4aW1CU2dLTWdNQllBQQ=-w200-h112-p-df-rw,2025-11-16T12:52:59.236129
Ukrainian FPV Drones Acquire Autonomous Targeting: How TFL-1 is Changing the War,https://news.google.com/read/CBMipgFBVV95cUxPb0YtaV8tdE9nNGZiNTlnUDR6RFpsc0VVeHdRMlo2d3V1NUNOd1dyREZFQU5PNXVkTkxLVFFjUEZQeTc1ZS00aVh3eUgxMkFoelo5QmtKX29GV1lYeWotSkl2S3Z4dl9uOXZaZnR2UHQ4TkNMV3ZsNEU5SEFpTTMxUzZMUldDVlFkUExZOURENGFHRkczd3UxWWdQdktPWTBidW5zY3lB?hl=en-US&gl=US&ceid=US%3Aen,112.ua,22 hours ago,🤖 Autonomous Drones,https://news.google.com/api/attachments/CC8iK0NnNUhZMUJHZFVoUU5FNW1ZV0prVFJDMkF4aTlCU2dLTWdZWmNvaXVzUVU=-w200-h112-p-df-rw,2025-11-16T12:52:59.236131
Anduril and Hyundai launch drone warship project,https://news.google.com/read/CBMiiAFBVV95cUxONDlOQWY5N1IyWEpGWTZ0dk9ta3NTdVM4cXhiMUstWVhFdkpGUzAwQlBPSFZMVkV6OTJ5eU54UUZuRXFxV2V4S1VjZmpJUzBqYlRMZHdlSU0xWkxDbndObmJDa1hBY2Vfckl0X2tJbWVWUDQ4cFpOOHExZDBGejhZUmtKNEY4T3NH?hl=en-US&gl=US&ceid=US%3Aen,UK Defence Journal,23 hours ago,🤖 Autonomous Drones,https://news.google.com/api/attachments/CC8iK0NnNDFhR2hJU1ZaM1JEQTFRWFp4VFJERUF4aW1CU2dLTWdhUmtZNFJNUWM=-w200-h112-p-df-rw,2025-11-16T12:52:59.236133
DJI Drones Give Scientists A New Look At Whales And Their Behavior,https://news.google.com/read/CBMiggFBVV95cUxOMVZqZTZIZEFhNjVSZ1lzOTdoT1ZPV0JULUFKRWpGaElySDhlN1BrWXl1TmcyTEtWNEJEZHIwQzlEMEJrMWh1SW9QdHVRQWJ5STNRWUJMS3U5Mmc0RUtpQlI5eXBKNlNTdjV0ck5iRVhENXpXRVo4em4wSEtEZjRxejZ3?hl=en-US&gl=US&ceid=US%3Aen,DroneXL.co,15 hours ago,🤖 Autonomous Drones,https://news.google.com/api/attachments/CC8iL0NnNXlaalJ1TTFsTVMyNXBTMWg1VFJDZkF4ampCU2dLTWdrcEFKRFBqQ2t0RFFJ=-w200-h112-p-df-rw,2025-11-16T12:52:59.236134
"Watch Autonomous Drones, AI Fighter Jets: Europe's Defense Revolution",https://news.google.com/read/CBMirwFBVV95cUxObHR1aGoycEg3a1BNSktIazRwWk02Rk02TmpLZXdXeWpVSUdhZFFVamxaQWdrU1JWTlZodDFsWGw3YTkxX0t0YmtJc0tNcXJjOWdqRlpiNzlDQlFkTjI2TWJtdnVHZWVXTGZqRjJBSGI1RnhjX0xhYS1WTE5QXzB3WXhjRWxicWxsSXZia2VtV25lbkRubzhBeTNveG11Vy0xeUlBUkNlRDdzYUlGNk0w?hl=en-US&gl=US&ceid=US%3Aen,Bloomberg.com,6 hours ago,🤖 AI Drones,https://news.google.com/api/attachments/CC8iJ0NnNXRjR0pRYm1kWmRHVjBVVzg0VFJEb0FoaUFCU2dLTWdNVll3NA=-w200-h112-p-df-rw,2025-11-16T12:52:59.236136
Goodbye to traffic jams in America — AI-controlled drones to police roads nationwide,https://news.google.com/read/CBMifEFVX3lxTE1Oc3BycGphY1Q4S3JhcHRoYml2TmdYOHhBMWdUZGhXTWxnbjExd19VTTk5aGZXZjk0Tjk1ZUswV01QSEpObVY1akJJY0NEdl90bFZTMDAxVGxTUTdvZXJlVl8tZFhkRWJwUm9DTmF0UWRVNzlqbjlSbGNSUjI?hl=en-US&gl=US&ceid=US%3Aen,ECOticias.com El Periódico Verde,19 hours ago,🤖 AI Drones,https://news.google.com/api/attachments/CC8iK0NnNWZTM2xaTXpoMU9HUk1TR0ZtVFJDZkF4amlCU2dLTWdZUlFKckpuUWc=-w200-h112-p-df-rw,2025-11-16T12:52:59.236138
Why doesn’t Spotify label AI music?,https://news.google.com/read/CBMicEFVX3lxTFAtVUg5RFhDa1AtaHBRcndWSU9FMWctRElGYnlKcDF5T05YYzVPLWxLcGgzZVRYbGdpQ0NCbmQ2VkE4LWpuWExUY2VOTldNazFmV1NSTDFueGdNY3lBWkRuOHRYSGxiakswN0NzTWFoS28?hl=en-US&gl=US&ceid=US%3Aen,Far Out Magazine,1 hour ago,🤖 AI Drones,https://news.google.com/api/attachments/CC8iK0NnNW1VV1phVjA0eVVVOUVUa0ZmVFJEZ0F4aUFCU2dLTWdhVmdZeHJ0UVk=-w200-h112-p-df-rw,2025-11-16T12:52:59.236140
Axon Enterprise (AXON): Assessing Valuation Following Recent Share Price Pullback,https://news.google.com/read/CBMi1gFBVV95cUxNZXd5YlVwVzlkWHpxdkNfenlFUXZaWkJlMU9aWEZPMUN6aU9iRjQycmYyd3d0OXNHYlE0eDVOaXJWWU5zSzZiS2NvVHBDQzBmV0VldVNtbEZtZXB0SWlDQVFIX0JmMElUZkpMOUMxWEFnN2dmUDFGY0N3bnhvMEFHbGpPNld4QkFxcHppcmg3aUpMLUVkcnhoNVVHR21SVlVMaFplUEtBaW1tUEZsOXVoUmhRRk91anAxbnJvM29RQVh6dnNyOWtNZFNBSDZSNU9hMmJCT2pR0gHbAUFVX3lxTE93V3JwWnFhR2JmR2hJVV84WFRiNUpzUm5vSnF2ak5rQUU3WGFwb1pmdV9sSDhGQUJ6dGJxZzJCdTg2S3BEUzF6YTM3ZEtMTEhieWk2NjFDT2h6ajZZa0dEU0VWRGhtemh4a1NoMVBTS3puY1ZMUEVOTWw3Y1F6b2JCNFF6RTBZT1ZaWjU2NktiMUNCY1NNMktfNWU1eWRyV0tyVVc3UkJMVjJfRno3dnF2Rm12bjBFNnREYkRmRXlHUFEtbTdlVEEtOGZ1LVJMNm14eVVMdEc0VVJCNA?hl=en-US&gl=US&ceid=US%3Aen,simplywall.st,11 hours ago,🤖 AI Drones,https://news.google.com/api/attachments/CC8iK0NnNUVRM2xEYld4V1oyOHdkRFZ1VFJETkFoaVpCeWdLTWdZUllZNXFzUVk=-w200-h112-p-df-rw,2025-11-16T12:52:59.236142
Agriculture and AI: What artificial intelligence can do in the field and in the barn,https://news.google.com/read/CBMitwFBVV95cUxNRHk0V2dTbTB1RzhYNXYteE0zM3VXSXd0SjcyNFRxVVc1UVFnTEFBWlNUak96LVJhMWo0Q240dTRaQ2JtdFJ0RXRlQWZzZDBwTU9hTEZHRGY0SmJodmVtU1Z0ZzQ0LXBZZnVzNmViaGxRNWRWTnRKMGNidXg3bzZsX0NtdnBhMzlsal9veVJuZUhtUWp1d21LQW0yQlRoV09CVGNuT1FLdmltRUZ6MjRGSncydzE0NE0?hl=en-US&gl=US&ceid=US%3Aen,NIN.rs,1 hour ago,🤖 AI Drones,https://news.google.com/api/attachments/CC8iK0NnNDVjMHN0U2twUGNFVXhURXBJVFJEb0Foam9BaWdLTWdZdGRaS3VLUWc=-w200-h112-p-df-rw,2025-11-16T12:52:59.236143
Helsing HX-2 hits 5 targets as Virtus fails in UK demo,https://news.google.com/read/CBMihgFBVV95cUxOQ1JiYldhenFFOEhMX0hnUzNmUm1rYVZUWnEyYUVWbDB0djRBVklnLWVQbEhiTTlndXlTeGNIaDJGclpHdkk1a1dnYWJSaWhoVjEtdDkxdjMwV0piUm1DS21ub2NvUEwtQkxGT3VZcFlXNWlCdUo5Y0hVQ0FXVUhiNVpRNHNYdw?hl=en-US&gl=US&ceid=US%3Aen,The Jerusalem Post,18 hours ago,🤖 AI Drones,https://news.google.com/api/attachments/CC8iK0NnNXhkMnRHZDJoWGRFaHhaV3QzVFJDZkF4ampCU2dLTWdZQllJNnRKUWM=-w200-h112-p-df-rw,2025-11-16T12:52:59.236145
Swarm Robotics: Empowering a Revolutionary Intelligent Future,https://news.google.com/read/CBMifkFVX3lxTE1uODJ2NklBWE5tZ0xaNEg2NGNIc3lmbXc4eUtLYjBObUJDdllfbFViN1JxWnYtaDJyNm15d2VWa2szbDJ5NVNNOU5acXM0cmV5V3daUENkUktjQkxOeVpLcjloQk5rOHBkOE5SX2dWVnFDYnRBZTdmZkh5NlRBdw?hl=en-US&gl=US&ceid=US%3Aen,Techgenyz,17 hours ago,🐝 Drone Swarms,https://news.google.com/api/attachments/CC8iI0NnNURNekIwV1VNNFFtVTBjSHBzVFJDZkF4ampCU2dLTWdB=-w200-h112-p-df-rw,2025-11-16T12:52:59.236147
800 more kamikaze drones for IAF,https://news.google.com/read/CBMifkFVX3lxTE04YXNJbE1uQXhrc0lsRWJ2THpEZ0xBbmo5RzFiRzBsS2VJUURpTnZHTVJyTU55U1Q0MjByMkZRbzJUVFJlOTdaVGZ4VWtZcTdDY185dDNQa3lVcGNuVnJEN1M2bE5GaXZnNHpQdUs1V051MDJHcVhIaFBDUGRvd9IBggFBVV95cUxPLUFCR1NiVmJQTFVBaEwxeUJVYjF5YVZvX3VWa2MwbW1OT3habGV1b1F2bHVySzJWS0J3NHdfdS1hb29Fb2ZRTnNHTERwZGdFUk1ZWmI0MlhXb1p3OVV1Q3J1d09nV0JUYjdwMGkyYTctRGU4dlpsTWZlNlZCZTFKSnh3?hl=en-US&gl=US&ceid=US%3Aen,Tribune India,16 hours ago,🐝 Drone Swarms,https://news.google.com/api/attachments/CC8iK0NnNTJZV0pRUlZFNU1FeGFNVkpZVFJDdUF4aktCU2dLTWdZZGRaRHNzUVk=-w200-h112-p-df-rw,2025-11-16T12:52:59.236149
From Sky To Strategy: How India Is Writing The Rules For Autonomics,https://news.google.com/read/CBMinwFBVV95cUxNY0wyZ29tWklUakVXVGZvRVpneWxEZGFwdlRtTkx1UlBTUmJJM2htLWV4dnNwZnl5UzNNX3lpR3B1TDdJZmxKZVFlcVVxS0xKSlo5S2JsVC1Qd1VjbkFTckpUaEJIR1UySlpIYTlYX3JET0tCSll0RzRmV3ZZM1FKTVFPUzVwSWlWYlFTeWJKRmFucUZzbElzYmxWLTVTS00?hl=en-US&gl=US&ceid=US%3Aen,Indian Aerospace and Defence Bulletin,7 hours ago,🐝 Drone Swarms,https://news.google.com/api/attachments/CC8iK0NnNHdhVFZWVmxSNVpuQlFWV1pGVFJEMEJCam9BeWdLTWdZbFJZNnNvUWc=-w200-h112-p-df-rw,2025-11-16T12:52:59.236150
All Roblox Game Codes List (August 2025),https://news.google.com/read/CBMib0FVX3lxTE9Ma0pGWGxHb0NOQkpDN0VMbVNwb0NJeDZmaHU4ZlViZDlGVGVYOHpDdlpJbnNsU0NNUTBxV2Fva2k2bTFlU0tZdEN1T0g0VVI2RVhGNzU2Y0F2QnBYak5wbktFTGhSWGxMSjkwajQ1NA?hl=en-US&gl=US&ceid=US%3Aen,Sportskeeda,1 hour ago,🐝 Drone Swarms,https://news.google.com/api/attachments/CC8iNkNnNUxaMDVoWVUwdGRXdHFhM05mVFJEb0FoaUFCU2dLTWc0QkFJWWxrcU0wd19xY3FXcEJNQQ=-w200-h112-p-df-rw,2025-11-16T12:52:59.236152
DRDO Unveils AI-Powered Underwater Drones for Mine Detection,https://news.google.com/read/CBMiiwFBVV95cUxNOEtYdVViUVlKa1ZaOWVpLVFKTmljNXBJQUROdEQ5YnBMNDhWTHlrLXRRQUFsQnhPTGNDemEzVlFSUTFCMFRmMGJCdlBWU1c1aWttR1JUQi1PckwwN25GbnJwM3d1SjZfMU5oN2dSRFlsMUp0dVp4Vng0YjZHVElPNEk1NmZQTW5iRVJB?hl=en-US&gl=US&ceid=US%3Aen,Editorialge,3 hours ago,🐝 Drone Swarms,https://news.google.com/api/attachments/CC8iK0NnNXhhV0pLTkZJM1owWkxhRzlxVFJDZkF4ampCU2dLTWdhQkpvaG1HZ1U=-w200-h112-p-df-rw,2025-11-16T12:52:59.236154
Flying with whales: Drones are remaking marine mammal research,https://news.google.com/read/CBMilwFBVV95cUxPMGlXQmltT2JtYTJhWkw0SDJKVWVMa2R5YWFRNWZDUzkyUVN5ZnhpQV81NHJKWE40aFJxOXE3Sk1ST0l1WVJTWGllREdIZEZnNTFhNk1mRGFCeUtTWmRHcEkzQWVfVGp6aTJmQUdJN0tFRzBQblRGQnZKZnhONW9XZUwtaGJpd09ldk5SMXZUSUFiUlAwRUhv?hl=en-US&gl=US&ceid=US%3Aen,Knowable Magazine,8 hours ago,🔬 Drone Technology,https://news.google.com/api/attachments/CC8iK0NnNU5ObGd0VWsxMk1uTjBkVEY2VFJEVEFoaUpCeWdLTWdhbElwQ1ByUWc=-w200-h112-p-df-rw,2025-11-16T12:52:59.236156
"Not in sight, still visible: detecting drones around the corner",https://news.google.com/read/CBMikgFBVV95cUxNOG1HMUl4OXF3aWFkWnpVU2NhQThWQTZ2MTR3X0lMUDkybWlPUjROSTF5X1ZaZlRCQkVpM1gzWTZTZ1RSSy03NWhDN0hua1Uxa1F0bWFDWFJyNU9YR2NFNk9KTFZRZlNsa2Job1BLY0dvdVNTQmt3Y1JKYkRaRnJqdlhhN3JTV3JHSS1aNE51Q3RSQQ?hl=en-US&gl=US&ceid=US%3Aen,ioplus.nl,1 hour ago,🔬 Drone Technology,https://news.google.com/api/attachments/CC8iK0NnNXpVbTlwTnpCbFV6TnJUVXhLVFJDZUF4amtCU2dLTWdZVmRKQnBzZ1k=-w200-h112-p-df-rw,2025-11-16T12:52:59.236158
Blade-Free First Responder Drones,https://news.google.com/read/CBMiV0FVX3lxTE9IOURVOXNIblNHQ0k4VlJvdV92OEJzRGUzUHBvLVFwc0lMTEVvOFVhTHFZZEtUV002b3N2ckM5Y2NGSEMyaU5UT3kxRXpsMkwxZEwtYVVNRdIBXEFVX3lxTE10Ri02aUxjVmVSbHhvMm85RGE2SFYtbDBvN3N6RmNvd21abVBjZDl4am9lR2VNN29hQ2xMNFVWYWRUVi1aMWRtZG5WaWNZVk91b1hjajQ5YzZyVWwt?hl=en-US&gl=US&ceid=US%3Aen,Trend Hunter,7 hours ago,🔬 Drone Technology,https://news.google.com/api/attachments/CC8iK0NnNVJXRUZrT0Vwc00xOXRUVFpzVFJEZ0F4aUFCU2dLTWdZVms1SnFOUWM=-w200-h112-p-df-rw,2025-11-16T12:52:59.236159
"Marshall University partners with DroneTrace to advance drone research, national security",https://news.google.com/read/CBMigwJBVV95cUxNM0tleGtNaEVCX056V0NqMnZicE5iZTI1NHByUERrdGFlNXRyemUzeS00Skc5NldhbXRaS3J0WlhWSDVydUlDaFNlRWZPcmVCMThJcUpmbE5acjhyZzhKSHdhTGpXMGxtaG1mVGFxa0x3TjRhY291SWJuQ0VGczhlTnVpM25LczJoNVpoMHFkd1pGRkpXWHlkcmtlb05rdXl1TXBLNWNwWmtieE8xVkhXLXJuV0VCUlJIVDZpSU5zMWdOYUdpMmNmWkZxOTJ2WmEwM2NOdG9RS1lzRGJTeUl1X3pPUHlldC0taTVzQ0U2M2VNRlE0VGFaMDFjZEhicnlLQTFn?hl=en-US&gl=US&ceid=US%3Aen,WV News,19 hours ago,🔬 Drone Technology,https://news.google.com/api/attachments/CC8iK0NnNDBSMVF3YzE5dGFteDFWalpyVFJEREFoaklBU2dLTWdhcEphRE5sUW8=-w200-h112-p-df-rw,2025-11-16T12:52:59.236161
Syria tests German drone to detect landmines,https://news.google.com/read/CBMiSEFVX3lxTE15aXIyNXZpNjFFeVMzVVowc1pMUDRkcTliSk9KdkNBM1ZWck5lVjNyRWM2bkpFbEJIYXZ3TEdKYUVnSU9JclRhTw?hl=en-US&gl=US&ceid=US%3Aen,سانا,2 hours ago,🔬 Drone Technology,https://news.google.com/api/attachments/CC8iK0NnNTJkRjk1YVdRdGRXbzRkMlJPVFJERUF4aW5CU2dLTWdZSnNKUW9PZ1k=-w200-h112-p-df-rw,2025-11-16T12:52:59.236162
US drone associations briefed on USD500 million C-UAS grants for 2026 World Cup,https://news.google.com/read/CBMi4AFBVV95cUxNNWpqV2k1RmtPYmFydnROYWI3Rm9SSklzWmFDaDJQbWp6S3RlbmxTb19acWpCT0hnemloQV9iZll2T2EtOTJKS25ySncyNjU3LVNjSVRyTkFid1VoekE4U0x0WlVyNERwNXA2aFZlT1JwQmVZVnlIbVd6QTNydE1IWDNRckJVSnNWaURQQ0dJWnNkOHF6Vjd4SVUwVnVnRjVqWmJGMWZmNnpzWnBWTXZFUXNNbFh3UERKWjhkd3VYb2o0Y3hDUFdLZnI3Q1lsS3lfZlJIUUhtaHViY0YxWTdqZQ?hl=en-US&gl=US&ceid=US%3Aen,Unmanned airspace,1 hour ago,🛩️ Unmanned Aircraft,https://news.google.com/api/attachments/CC8iK0NnNXhiR3RDZG5WelNrcFRXbXQ1VFJEQUF4aXNCU2dLTWdhUlFKVE12UVk=-w200-h112-p-df-rw,2025-11-16T12:52:59.236164
Air Defense Forces destroy 139 Russian drones out of 176 launched,https://news.google.com/read/CBMitgFBVV95cUxONThMMDNIdHM0SS1tR3ZhRTBsbzRuMHlwYkh5RU53azlQeG95bXpmemlkZWtaeEhxdnk2VURVcURFT3ozSWVHMGM0WXNCT204R1VnbV9zcS1vdUZkeEpMdlJkWkR0RVBFUmxKRVhqelNObUxaX1R4TTFpVnRnWVhCN1ZIUFBTWlBsNWhaNVd0MXdMOUpxUVMtZmgzUE11aFRZRHU3ZEt1THluOGtUYWNrd0p5bGtvZ9IBuwFBVV95cUxNQzRjZHg2UjlmOEY2dFFPWThaVkxWcll5TUJmei1pbmtoM0tNOFBGT1JGVHRoc2VTRzlHZVpKdkZWQThVcmFyc3o1cFZKT0VSMndIdlJnV3lnS1luUVdkc3VuOWhjSmVIVFRTWVZvc0FfZURQcURfTXVONTJsaUI1MHpfdVFhY3BiUVJ3WkQweU1BdU9RWG9jLUlJNlFSOTNsVEtKZEg0YVV3TG1WVHQ0N0RnOW9MQWlUUWNZ?hl=en-US&gl=US&ceid=US%3Aen,Ukrinform,4 hours ago,🛩️ Unmanned Aircraft,https://news.google.com/api/attachments/CC8iK0NnNW9ka3BSTW0xVWEzTllWVU4xVFJEb0FoajJCQ2dLTWdhRlVZckxLQVk=-w200-h112-p-df-rw,2025-11-16T12:52:59.236166
French Company Develops Drone-Based Laser Targeting System,https://news.google.com/read/CBMiswFBVV95cUxQdm1KZ1hYOUVjRDc1b3MzMEphRldZWnhhS0NDeW9JeG1TbDhTWVpmQkhVY0ROWUNMd0NJLVJaSERrYnVYOXh2eGEyNmI2eFNjdjlyaXNvQ3YwcnhqTEE2WnlNUjYzZVJEX3llNkxzRC1NQkpnRHVoSUVnT2U5YkhrbnNEVVZiVFc4YTFDcEltbWloZkt4dVBEUlJ5RDNmWFhfLWlQaWFodjl1dTlUX1l0MU4wOA?hl=en-US&gl=US&ceid=US%3Aen,MSN,1 hour ago,🛩️ Unmanned Aircraft,"https://encrypted-tbn2.gstatic.com/faviconV2?url=https://www.msn.com&client=NEWS_360&size=96&type=FAVICON&fallback_opts=TYPE,SIZE,URL",2025-11-16T12:52:59.236167
DARPA Seeks Designs for Drones That Carry 4 Times Their Weight,https://news.google.com/read/CBMidEFVX3lxTE44YXBLMkxfV2MyLTkwSkdFQk1tMkZ6Vm9yeVNibFhsY0ZfSC1MRjRnUTh2U1g2NjZRY0thSmlpdDQya1ZnaE9mZ3kxclJyQ2dNWTBXVXlpS2RsQ1Q2cFdYbThqMlFGMWZHdlh1YldKdU1YaUQ0?hl=en-US&gl=US&ceid=US%3Aen,FLYING Magazine,21 hours ago,🛩️ Unmanned Aircraft,https://news.google.com/api/attachments/CC8iK0NnNXNlVVJvTVRSTlVXMHROWFpEVFJDZkF4ampCU2dLTWdhTnBaSUp2Z1k=-w200-h112-p-df-rw,2025-11-16T12:52:59.236169
"Which of Ukraine's Neighbours Has Set Its Sights on the ""Baguette"" Anti-Drone Missile and Plans to Produce 10,000 a Year?",https://news.google.com/read/CBMi_gFBVV95cUxNQ1E1ZHRjSDN0ck1SU0ppRHVMOXNIZHFreWJ2RHlTMVJvcnQxTDUycHZPeUhGNm5wUFdCbFRoRUZ1MVg4MjZjRnNQVHJBbk1KN1o4MG9IQzBhMWxWeUt0VFBEaEh5eVFsYTJlTnB4dlNNZkNIVVlGOGdFbUlfZThwNVcwcWRzZ0MxSUFfRTcxdzBWbmpyWnJFVmY5WFA5YUZ5OEpvS0ZhZ2RwRnhVZ1YzNm9NSFNNemVVQ1hsYWpzOWdHRkNseVpLSHN2LXBwSVJFb1BTTm15eGJOd3BOOUdjbWVHaUw3dmE5cG9xY3lJYm5IOU5lNXdtZmMyMzB1UQ?hl=en-US&gl=US&ceid=US%3Aen,🛡️ Counter-Drone News,18 hours ago,🛡️ Counter-Drone,https://news.google.com/api/attachments/CC8iK0NnNU9UUzFTU0dSdVF6aG5SMUJGVFJDWEF4anhCU2dLTWdZSmRvU24wZ00=-w200-h112-p-df-rw,2025-11-16T12:52:59.236174
India-Israel alliance will lead to strategic power,https://news.google.com/read/CBMiV0FVX3lxTFAtdUhnamJFOGRkc0FJY05WMWdDellyaWZRUVhsZFloV3JpZHNyUi1TT0dzVGdqNDl2QXRaOGtXT1o2Zm13Qm5GN2xXU0ZEUWp6V3JhN1NUOA?hl=en-US&gl=US&ceid=US%3Aen,The Jerusalem Post,12 hours ago,🛡️ Counter-Drone,https://news.google.com/api/attachments/CC8iL0NnNUxUREJtTjNGdVZsWlRVRXR3VFJDZkF4ampCU2dLTWdtTklaQzNGS3U1NUFJ=-w200-h112-p-df-rw,2025-11-16T12:52:59.236176
Greece in talks with Israel over $3.5 billion arms deal,https://news.google.com/read/CBMigAFBVV95cUxORnpYMWloNllhbjN3M1dRSU5sZm1OdlNDakp3MXFqMUpITlcxeVJvaEJBVjdjZjM5QzA0U3NobVJqaDItMjBSR3JYSDkxQkpzY0pLUUtzanExV2d4Qjh3SDYxRHdaLVNXMmtER3A4WXpyWkJSaEJHZ2F0a28zSlhKRA?hl=en-US&gl=US&ceid=US%3Aen,JNS.org,17 hours ago,🛡️ Counter-Drone,https://news.google.com/api/attachments/CC8iL0NnNXVVVUpxT0VadU5ERm1WbnBmVFJERUF4aW1CU2dLTWdrSllvcG5KcWlTa0FF=-w200-h112-p-df-rw,2025-11-16T12:52:59.236178
U.S. Army picks Anduril for next-gen counter drone system,https://news.google.com/read/CBMikwFBVV95cUxNZVdtNnluUWkxdFBWZTdPUFZRSldvZUVsOEJZQkU2bWlOM2FEMVl4bTY4U2FSNXhfRkRYc21hTnFUWFJPT3RJeU0tRllFd1FuSF96cG0yX2h0LTYtdDVRQnN2djh4V2RmX2RQa0JfMTVVXzZISlhQQjRvS29jcWdiSGd0dEhRSTJ3NWh5b0RGbHBLeUU?hl=en-US&gl=US&ceid=US%3Aen,UK Defence Journal,21 hours ago,🛡️ Counter-Drone,https://news.google.com/api/attachments/CC8iK0NnNVdjRUpFT1ZVdE4yVjFVV2hQVFJDZkF4ampCU2dLTWdZWkFveFBQUVU=-w200-h112-p-df-rw,2025-11-16T12:52:59.236180
The Age of Laser Warfare Has Begun : Pennies per Shot & Rising Power,https://news.google.com/read/CBMidEFVX3lxTE1xUXAzSmRUeDM0aVkybFhuV1pOU1pSMTN0Q0lKdGhObHh4ZlpIbUFkTDZneXVPdDI1WF85T2N3X2FBLW5DNURhb0JEdFVrMUFkRHUwZkRCTXpnUWdiNDA3RnFvZGNWWmdWdV9sZ3lTdWlJUHA2?hl=en-US&gl=US&ceid=US%3Aen,Geeky Gadgets,3 hours ago,🛡️ Counter-Drone,https://news.google.com/api/attachments/CC8iK0NnNUpNVGwzY1dNMU1EaFRiSFJ4VFJDZkF4ampCU2dLTWdZQllZd0pyUVU=-w200-h112-p-df-rw,2025-11-16T12:52:59.236181
Russian Assaults Intensify Near Pokrovsk Challenging Ukrainian Drone Defense,https://news.google.com/read/CBMiqAFBVV95cUxNS09kRUZNMXNUSFZVUGUzaXQ1UW1LbUhwaUlVWkpIeWNxUXI2VDFlbnRXWVUwdS1DMzFWS1ZBSUM1b25TeEJ2UlJSajJCLTUxN0VLX1RTalJERGhYSEw1Snc0eURrR3VVZk1sUE40RWkwSUJ5Mmk5M1NNVjFpTmhwak5CYjYyTGtrWXd3VVJTNGhuUnZfTVphbkI4R2ZqMDlYeG1rUzJXUnTSAa4BQVVfeXFMTkpEODc4eUp5bUtfMG1rQV9JemQ0T0VZZndYN3NIX3k2c2pPbGxETC00VV9FVm5KMjBzWE93SjNjZUJybHBPM3IxTUZKbzVidlZja1ZmRzFWTXVocDRnOWlKZkwtM3VMVjV0dXFCSDZKbkxnb0F6aWVVdzMyWUN1SjZJS01WS2xPbkwtQWZHSzhmb1hjTjRuSnV5VExmWmQwMFVkeHl4bm82MnE4UGN3?hl=en-US&gl=US&ceid=US%3Aen,Букви,1 hour ago,🛡️ Drone Defense,https://news.google.com/api/attachments/CC8iK0NnNW1hamd3VW1sUk4wbElNVkJRVFJDZkF4ampCU2dLTWdhQmNZempOZ1k=-w200-h112-p-df-rw,2025-11-16T12:52:59.236183
Russia Downs 57 Ukrainian Drones in Overnight Air Attack,https://news.google.com/read/CBMinAFBVV95cUxPYS1hS1c0Q2l6WFM0MzBPdnVYcGgyVmtOc1pRTmQzSFhrQXRMWERmRVRFNlllRUhGNHlvZVNleXAxWGtJVXFfWkpCS1BKYXdyLU80a2tNZDM3N1M0SmRWVVB5TlplamdxN3o2ZW0yUEtMRk5mNkhBWkMyYUFyaDNGNEFMbk1LQ0hKczVXaVZ5eUxDcUFPTGlsbE1DQkbSAaABQVVfeXFMT2hLUURpcU12TWdrSGFRdzZ0amhLQThpdkpXS2ZTdXRiNnpKOTlVbmhrSWc0RHp3aHliOU1yWXp5M19iOEp1Tm1xSnJiWXdwSHkzV3NwRWVpVnd6ZWEwNkZiT1ZmRWxhX0tZbWZsNjA1UkdNdWpvc0EyMl9QMzY3T3ZtRXFkZWRrV2hRZkplelhvQVpzMGRxTHYtenphV2lRYg?hl=en-US&gl=US&ceid=US%3Aen,Военное дело,9 hours ago,🛡️ Drone Defense,https://news.google.com/api/attachments/CC8iK0NnNHhWSE5UUlhoMUxUVm1SVFJhVFJDZkF4ampCU2dLTWdZQmtKQVBOUVk=-w200-h112-p-df-rw,2025-11-16T12:52:59.236185
Adani Unveils New Loitering Munitions,https://news.google.com/read/CBMicEFVX3lxTFB4YUFQWHl2bm1sRmk3eUthZDUxOERSUFhsMjZ4R1FhWlpNMXliRU5tWG9UUFRaZ0prdTVvV016ajJydlVMVjl3dk9xVUhsT0ZNdW9DYnBQVERqb2VaS2xkZ1JEYV91R0lBTTRYNnptTjI?hl=en-US&gl=US&ceid=US%3Aen,DEFCROS News,15 hours ago,🛡️ Counter-UAV,https://news.google.com/api/attachments/CC8iK0NnNWZUMFZSVldacGJFTk5PR1F5VFJEWUJCakNBeWdLTWdZQklJUlFNUWc=-w200-h112-p-df-rw,2025-11-16T12:52:59.236187
"PIAA 3A field hockey final photos: Emmaus vs. Central Bucks West, Nov. 15, 2025",https://news.google.com/read/CBMi0wFBVV95cUxNVmF1cVRraXNPa0w5UGF6eXNrc2RTaTd0RUg1VnZNMGVFblBDTkl1czFLRlpnazkzb3NQc3J3bWN1MkgzZDBXM3JqcGpPUExod0E0WHg4ZXl1QkRNLS04SXNTdGEzajRGS0RnNjMyMlV0X3ZydFpmbEdfS1FGY0ZOem9VVXRaLXYxS2hNa3Npb1FhMEtGcEdzX2NUeHJ3ekdFd1dRelFPTWtNSkVJYnlvNV9TLVVOLUxsOWcwOHlZdk9mZDZhQWFOOXpLY1J5R3NMdGlZ?hl=en-US&gl=US&ceid=US%3Aen,lehighvalleylive,13 hours ago,📦 Commercial Drones,https://news.google.com/api/attachments/CC8iJ0NnNUVXWFJ4UTFsSFZUa3lhMUZtVFJETEFoajBBeWdLTWdNRkVBZw=-w200-h112-p-df-rw,2025-11-16T12:52:59.236188
Ukrainian Forces Attack Russian Oil Refineries and Drone Bases,https://news.google.com/read/CBMimwFBVV95cUxObkpZV183N1h5TW1FWk1BbUdYQWQxUGtYNVZTUG5ZODdGY0l6a19meFdacmtnQ2draFNXM3VMSllYaUptUjk2bDM5a3gtUXRDaUd3YjB6OWRQaVN6YUZjeXVNYUt0Mi11TlJqS1lva1lTRVpzOFY4NVd1Z001YTN5R3lCSldsNThTWXV2bE9DSEhPa1RnTnhQbkc1d9IBmwFBVV95cUxObkpZV183N1h5TW1FWk1BbUdYQWQxUGtYNVZTUG5ZODdGY0l6a19meFdacmtnQ2draFNXM3VMSllYaUptUjk2bDM5a3gtUXRDaUd3YjB6OWRQaVN6YUZjeXVNYUt0Mi11TlJqS1lva1lTRVpzOFY4NVd1Z001YTN5R3lCSldsNThTWXV2bE9DSEhPa1RnTnhQbkc1dw?hl=en-US&gl=US&ceid=US%3Aen,Букви,2 hours ago,📦 Commercial Drones,https://news.google.com/api/attachments/CC8iK0NnNU1MVE5DZFZsRGNETjVlWGN3VFJDUUF4al9CU2dLTWdhUmc1YnBNUWc=-w200-h112-p-df-rw,2025-11-16T12:52:59.236190
Bars drones hit a refinery in Samara region and a warehouse of Rubicon drones,https://news.google.com/read/CBMivgFBVV95cUxQYjVoODJGeWF0MWEzMi02anNiakNydEc4RVNnanJGUDdJck0zWGFQQkV1T2Q0eDNyR2k0MW4tMlJHX0RETER1LWdOS3BUTHlZTXctamFCZG5PckEySkgtcThCT0VpZWoyYTBFMUhzTTVhNXd0LVlVS21mak8tQkNnLVd0TGR5YTBMd3RYeDU4akc2RlpHOUEzTEN0dmRfaEl0clhyOExWOGxqajNvNF9Hdnl5TUZ2U1ZoZjQwdC1B0gHDAUFVX3lxTE9BcDZnUEw0QUNGcXVuY2l3NEttZUx0aHp3VG1CcTRjUzJIT01DeWZpTnVSWUFlN0kzRHFVTTFCTWpuenNfWFJQYTFJSTRDUnFwZUlmNHZVdDNneWtzSU05eXFKYVFlVUwyVUl6T09mUkVOR0xGbEtBSV80dzFOWTNSeGNyMWowOTI4bzhGaEFYaXhyZGx2cXVFakRYM0xJVVk5RWV6dnBfSHVnZ2tROV84NDAzclJzc1N6VFExLXdMQ1lBTQ?hl=en-US&gl=US&ceid=US%3Aen,news.liga.net,3 hours ago,📦 Commercial Drones,https://news.google.com/api/attachments/CC8iI0NnNXhRMmQwYjFSamMyNXlkM1JIVFJDQUF4aUFCU2dLTWdB=-w200-h112-p-df-rw,2025-11-16T12:52:59.236192
Naidu’s ambitious flying cars/drone taxis goal gets positive response,https://news.google.com/read/CBMi3wFBVV95cUxNQnFheWU4M000VXdwV2prcG02SHF0SFk0UU8zblBsYWlqU1BvN29HUEpXNENBQXc5RXJ0TWZsSXdyQlBfZmZScXJUem5YTlBOZkpfa19wYzVQX0MyNFFHNWxsb0t6ekJNTm9Ra1BHSjRiUEdya3hXa25aaWNjbXpsdkZHbE5sVWExTW9WS29DY01RX0JhMlJmRUE3ckZEVGxaSk53VUxqVzV3X3RTbDlxdTc2Z0hydVY5WkY5ZlhWUDFJaHJQU0dOcVBHUDlWNkVlaGhpSkliVU1XQ1RLdnBJ0gHfAUFVX3lxTE1CcWF5ZTgzTTRVd3BXamtwbTZIcXRIWTRRTzNuUGxhaWpTUG83b0dQSlc0Q0FBdzlFcnRNZmxJd3JCUF9mZlJxclR6blhOUE5mSl9rX3BjNVBfQzI0UUc1bGxvS3p6Qk1Ob1FrUEdKNGJQR3JreFdrblppY2Ntemx2RkdsTmxVYTFNb1ZLb0NjTVFfQmEyUmZFQTdyRkRUbFpKTndVTGpXNXdfdFNsOXF1NzZnSHJ1VjlaRjlmWFZQMUloclBTR05xUEdQOVY2RWVoaGlKSWJVTVdDVEt2cEk?hl=en-US&gl=US&ceid=US%3Aen,The Hindu,19 hours ago,📦 Commercial Drones,https://news.google.com/api/attachments/CC8iK0NnNTJkMmx3V1dGU1FpMW9jRXBOVFJDZkF4ampCU2dLTWdhTkpaRHNuUWM=-w200-h112-p-df-rw,2025-11-16T12:52:59.236194
Ukrainian forces hit major Russian refinery and Rubikon drone storage site,https://news.google.com/read/CBMi0AFBVV95cUxPM3pGZTVNV2xybS03ZmFJTWNSVUdyR2JwWnRMTFFiZEhlWDZZU1VOd1RNWGlfNTJ5SFJTT0lrdlRKeXdSeVNUV3dlRlZ5aGo4VVdVQmNuTk5kcF8ycWlNRU1IaFFVZ2pPQnd6M2dpZGhjTmVPOUM0cEkzRGRRWTlOZ2Y4eUduUTF4a3B2cGQwZXRBUXJJY3RIU2UxWU9FNVB4LXE4eXdBZXVwT1BIandrVVBpRnBHQ2hoLTBfVHZ5RXZYVVpqdVV1dGYtZTQ1WldD0gHGAUFVX3lxTFBaTFRYWVh0OEk3X0JreVpZWUY2SEdQLVhaamVSdmhzdnE4UmEwT05DQkZmR19vMmxfVDhwbGoydVdnVDg3aVpKNjF2NTR3cVJtQ21icjlRQUQ4Tlp2MFRnQ2tVdHBuT2NMWFJyNk95X0RibTBMVnVMMzJsejZHZW8xUl9ERVkxSUwyeGJOM1N3cjM4WnhaMG1MZ1hHTUhDSEw2czkxbVVjV0Z1ZmRWS0FoYmZmYkJhSVYyUEZfQ1FiWmRxRU1xdw?hl=en-US&gl=US&ceid=US%3Aen,The New Voice of Ukraine,11 hours ago,📦 Commercial Drones,https://news.google.com/api/attachments/CC8iK0NnNXJTR1pwTFZSSVlWUjRORTVUVFJDSEF4aVBCaWdLTWdZcG9vb3VPUVU=-w200-h112-p-df-rw,2025-11-16T12:52:59.236195
L-39 Skyfox Offers Counter-Drone Option,https://news.google.com/read/CBMipgFBVV95cUxPRkFLWVoyTWFENEhxV0p4UHVQZVE3Q3J2NjhJdUJFNVV2ZnhKNGlXbFJ5V1FGZDZvNU5mTk1UbUxSMWluVXBJWmUtRUo1TmZmVy1IbGEwaGxvMTZNSXl0UnFRYTdncUxyb2hfZVZTY1AzVDNDQVN6R2xTMlVvTW9QeVlrOWVqTHQ4NkNtVEhBSzNPM196dGEwV1UwaUxNY3haRW9KRFNn?hl=en-US&gl=US&ceid=US%3Aen,Aviation Week Network,4 hours ago,📦 Drone Delivery,https://news.google.com/api/attachments/CC8iL0NnNWlXSGxDTFVodVNFaFhhVXBMVFJDd0F4akdCU2dLTWdrVmtaRHR2T1l0U3dJ=-w200-h112-p-df-rw,2025-11-16T12:52:59.236197
Singapore begins construction of Mine Countermeasures Unmanned Surface Vessels,https://news.google.com/read/CBMiwgFBVV95cUxNeGlmWkgxWWtjQ0w1S1JlOGpmX2ZxVDhQSlVsWDlmeHctaEdzMnJnN3pIeGxtTkhwOWJMekp6cDhhd3VZUUJKdTVuWjJjd09ROXR1ZkQ2Y1BMNERicTJxMVJCNjhubnJ3ZkFnMHg3dWdNUzJ2cFhVY1dlcU0wNS1EanBDSXI5SjJQSk90c1NlMWRJdWJqRzNiUVJWblFuY3ItS3U5aGF4RjRtQVBPTm9SNkpFZ09qb3NxeV9Selo2ZkdQdw?hl=en-US&gl=US&ceid=US%3Aen,navalnews.com,4 hours ago,📦 Drone Delivery,https://news.google.com/api/attachments/CC8iK0NnNVhiMFYwVmxoNFJtcHNOa1Y2VFJEWUF4aUtCU2dLTWdZUlFvd3JuZ1U=-w200-h112-p-df-rw,2025-11-16T12:52:59.236199
Deal signed for drone-enabled delivery network,https://news.google.com/read/CBMioAFBVV95cUxQNE9JVUtCYlVoVHhISUFkMnkxdGlIWHo3cTZNVEo4VFFwSmk4WWRjd0NWQ201NjhuS0NHQWtzbmpweDdNR0VuS2lKRm96b0xaNE51Qm1iZ0xocFdILXdvQTdEekRvbEdOcEt2QjZEQzJsOGJRdm9VaEdlQlB5MUpmUENTR084aVFNb1AyU1F3bWNsTGo4R1NMazl2SzJOSVg5?hl=en-US&gl=US&ceid=US%3Aen,Stabroek News,9 hours ago,📦 Drone Delivery,https://news.google.com/api/attachments/CC8iMkNnNW1kamQyVGtsdWRHdzVUMDg1VFJERUF4aW1CU2dLTWd1SlVZNW5IbWsxanltWGdn=-w200-h112-p-df-rw,2025-11-16T12:52:59.236201
The Most Unique Vehicles Domino's Has Used (Or Tried To Use) To Deliver Pizza,https://news.google.com/read/CBMigwFBVV95cUxPMDNTcjFjWmZmRXJKM0pMMUgzV18wWjRJYy1WaHhQOWlyem1PcGpEa2EwRy1UOGFXX3kwdnZlbEpLdl93cVllVUI3akFxZDh6UlVJUHVBSGVEOTI1aUV5SHRMekRhRFF6cXZfT2o5V2JnSGF1cFF6eTQzaWF5bTBPd01KYw?hl=en-US&gl=US&ceid=US%3Aen,Tasting Table,20 hours ago,📦 Drone Delivery,https://news.google.com/api/attachments/CC8iJ0NnNTRSSGRxUTJ4d2MxTm9TREpUVFJDZkF4ampCU2dLTWdNQkZRUQ=-w200-h112-p-df-rw,2025-11-16T12:52:59.236202
DMs and drones: Amritsar police busts Pakistan-linked arms & drugs network; five arrested,https://news.google.com/read/CBMi6AFBVV95cUxPMmNyWXFwNEYzTnVEeDNNdVBfY3N4ZHhFN2JsbnozY29ucEgxY1Y4eWZKb212bzVYTFN4WGM0STlWMTYxSVpMU1JOdTVSMVpybTNIZ0psekNPX3NfVllyVldZNlZsU09UdEdXa1pVeTdnRVBveldGZUZXVURqZDBTQlVhd21aYVc2d3FaMnpvOGhmdnpwNkVNellhTE1CV0RwMmxOQjNwb2sybHk3ZjM5enV2N01JNTI1OE4yM29GSDNuZWRfekFPRTRZV0ZrdzJYRW93MTl6S2cwcWY5VFFHa29rZGlBVGIt0gHuAUFVX3lxTFBsdWQ1SExWbDZVNjN6SEx4RWtTeTU2SUtlNlB5dlN3cXpUZVNaMjludUc1Z1lPdDNXcTlsN0YyX3gtLVg3MC02MW1hM3YzMXZOZHpBLXZDVU9DTGZtR3B6Wk9IOWhFUEVvZDl6MlNYSEwyQmlTb0pFbklON1lXWTJ2Q2hlSXF4VUxNc2dLdnJ4RWtnRmtfaUhxYy04bjRaSzdkNjBoOVdsY2dhNXl6Z0x1eHRnVnlXenUtb2ZJd3k3eU1xUTBUODdLWFpPUnZnUFFCLUVkMEs3eUl0VEEtSXpyc1MwdUJSRzBGZWdIbHc?hl=en-US&gl=US&ceid=US%3Aen,Times of India,2 hours ago,📦 Drone Delivery,https://news.google.com/api/attachments/CC8iK0NnNXZUVGhUVUdOd2MyaG5hbDlzVFJDZkF4ampCU2dLTWdZUk1ZaExNUVE=-w200-h112-p-df-rw,2025-11-16T12:52:59.236204
"AI, digital trade, and the future of U.S.–Ghana Business",https://news.google.com/read/CBMiwgJBVV95cUxNNmVYVUFkUTluRWtOZlNES0ZyRkQ5N3ZoXzNWVGpyaDNXU1kzY09peDFpWV9YbV9Dd2NPRXp4b3Rod0RheWgxeVBOZGRDNDdaSzRleHhvSkJVc0RwMHMzSVRFenBJek1ET2ZuQnV4YjJIdXF6eUtuZDhzZEpyYzNRR2U4RW1sejI2aS1Qd3JJZl9ORjRfNGxtREtlbW5yRVdDc0ZycGVWcER4clliUkFpeUsza1pfYXAyaGlfR1F3SHJUc21pRGgzSmVlQ1I1ZzlwOVdJbUZIcWpRVEs4M3lKY1o4aDNIVncxVHZUblIxNDg2Wm5RODBtNWhud3ZnUDZYcWRCZGwzNGdQcUJ2am1wQng0ME5yX2NtVlRxYUtlMWFyVnV1SXpiSk1QS3p5c3NReXAyY3pnY3ZHNTJsVmkwSlFn?hl=en-US&gl=US&ceid=US%3Aen,MSN,4 hours ago,📦 Drone Delivery,"https://encrypted-tbn2.gstatic.com/faviconV2?url=https://www.msn.com&client=NEWS_360&size=96&type=FAVICON&fallback_opts=TYPE,SIZE,URL",2025-11-16T12:52:59.236205
Radar system fast-tracked in drone threat,https://news.google.com/read/CBMiowFBVV95cUxOVkJZeWdYcU45ZHQ3ZFBsWl9tMzg2eU9MOUxvNExwUlRORThYRjMtTTdORjBIRXZpanRlbUlNQ1hERWNrblVfTXNJMTMyNWE2T3pyVl9lNEtZdlo1bWgtZGxqYWZDUUMzTUhKb2I2TGx4UWh1aFJxeThwTDZrazU3dzljZi1mZTBpcUZETWg5bXdsdHdSeEpIVkZyZGc3azI2ZVVR?hl=en-US&gl=US&ceid=US%3Aen,The Times,15 hours ago,🚜 Agricultural Drones,https://news.google.com/api/attachments/CC8iK0NnNUpNR1ZmUTNaWE1tUnlaMlZSVFJDZkF4ampCU2dLTWdhWmc0NXJOUVk=-w200-h112-p-df-rw,2025-11-16T12:52:59.236207
"AP natural farming got global recognition, says Atchanna",https://news.google.com/read/CBMiqwFBVV95cUxOdzNrNEEzQlFyYWpxRGZSUjVYQWZQekVfZWdNd3BBS3NqWDU4NFZQc3psdk91VmtweV95d3Fzc19ROUFOQ3ZhQm5aZU4xWFdIWWdKckdjT3UtcWIxdTV3N1JyTndSbUtwUncyY0JYcUN2Y2xLRHVpWW91c1BUYWtoUHB1OGd5X0VhaFNZQlMwVi01bG5uMDhJYW90dm5OMVpGVks0LXVob09XVjTSAbABQVVfeXFMTU9IeHJSNV9PZFJ6U1RHOFdUZWJkMWZNb1EwNEdqTWpfcFZnamlVRk96ZUVHVDZFdS13aDVnek9ZbTlTT1pqQnNucUFLQ2FKNG9GWlBBLXlLQU8wNkh5RmVhQjI3bWlNdWVuUVZqNWNseXFzcDgtUV8zX2w0aFE0ZFZBbkJPTUJSRUNYVE5rQUJCRkpjYmxDcWJKYWZuS2JNRk1vWUk4bDVuamEtQWk3ZFE?hl=en-US&gl=US&ceid=US%3Aen,The Hans India,9 hours ago,🚜 Agricultural Drones,https://news.google.com/api/attachments/CC8iK0NnNVhRa3RVZDFwMVJsRkxjMUpmVFJDdEF4akxCU2dLTWdZQlFKaFFJQWs=-w200-h112-p-df-rw,2025-11-16T12:52:59.236209
Zaporizhzhia Farmers Work on Only 20% of Arable Land Amid War,https://news.google.com/read/CBMimAFBVV95cUxONm81X1N5Z3UtWHdKU3U2NHVwWWNiVmd5N19VeG5VMjlWUmhQOXlMVmNUNEx3LUV4Nl95QV8xRFdjb0JEb3RldkN2TjF0WG1jN1k5R2pNcGRUSGtVVUFRUTgzVU01TExCYmdIMkFyTEdUbGozS1p5QWhQUGw5a3VBaVZmc2FjNnVsc0Q5ZWlLSHpnZXJvWFVzbNIBmAFBVV95cUxONm81X1N5Z3UtWHdKU3U2NHVwWWNiVmd5N19VeG5VMjlWUmhQOXlMVmNUNEx3LUV4Nl95QV8xRFdjb0JEb3RldkN2TjF0WG1jN1k5R2pNcGRUSGtVVUFRUTgzVU01TExCYmdIMkFyTEdUbGozS1p5QWhQUGw5a3VBaVZmc2FjNnVsc0Q5ZWlLSHpnZXJvWFVzbA?hl=en-US&gl=US&ceid=US%3Aen,Букви,1 hour ago,🚜 Agricultural Drones,https://news.google.com/api/attachments/CC8iL0NnNUdVR2d5UzNkbWMydGZkak40VFJEb0FoajJCQ2dLTWdrUlFwVHFIV2RremdF=-w200-h112-p-df-rw,2025-11-16T12:52:59.236211
"BSF recovers 11 kg of heroin, drones from smugglers",https://news.google.com/read/CBMingFBVV95cUxNVXE5eHFTZTA5aHpySDB5TUlXaC1TeUl5TndCSVBWRUx1SmdfWTZtUS1Kak0yS1pXVURXTjZzVHZsSEstNDZqb2hnNG5jMC1GaUJkMXh1Z0RHaGhrTDVUbkkzZ19ZRUl1NjRqZTRJQlpyQ0tDMW9wQXl4ekNQQmotVzEwdlJLeEVxUGdabHZTQmN3NVBWVmJVUEw0ZTZHUQ?hl=en-US&gl=US&ceid=US%3Aen,Awaz The Voice,10 hours ago,🚜 Agricultural Drones,https://news.google.com/api/attachments/CC8iK0NnNXNOa2xXYzNoSVlURldVa2h1VFJERUF4aW1CU2dLTWdhQkVZaFFrUW8=-w200-h112-p-df-rw,2025-11-16T12:52:59.236213
"Mardi urges proper training, certification for agriculture drone operators",https://news.google.com/read/CBMif0FVX3lxTE1aaFZPWExMRzl0YU5KaVEzZklydE5oWWpWNnl5NEU1R0hZcVFxdFhZRnljenRmd2lJa1htbHE2NkpQNmpoTHB6Zm1YV0Q2TXRqWU4zV28wQi0tRUQ5V1lJVEhYUExMaXJ2ck84NktWWVNkcDJqbVYzQ245Z2ZSX1E?hl=en-US&gl=US&ceid=US%3Aen,NST Online,17 hours ago,🚜 Agricultural Drones,https://news.google.com/api/attachments/CC8iK0NnNXZRVlV3UVd4MlRXMUJlRmQ0VFJEZ0F4aUFCU2dLTWdZZEFJeEpqQXM=-w200-h112-p-df-rw,2025-11-16T12:52:59.236214
How digital innovation is redefining the future of mining communities,https://news.google.com/read/CBMiqwFBVV95cUxOSlh3OXZwVGtWSjFOLWRmY0czeURjQ3ZvaFFDSGZMX01LaHdDYm9OWkphal9ZcVVubi1aWjNTc3VrRWs0V25UZ3pTV1dIUWdEOUZaZGtwcWcxVXJreXRWY3pWRnYxZF9yY2xyMG52ZjJDaHRGbUIwQUVvRWdkWkVjQ1FaWU85SWZEemI3OGdmYXVTSUxtRlJUM0VUMDdsaU9qblBvLWVSdFJTVWs?hl=en-US&gl=US&ceid=US%3Aen,IOL,13 hours ago,🚜 Agricultural Drones,https://news.google.com/api/attachments/CC8iK0NnNVZUbVF5VUZCb2NYTmFlSFZJVFJEZUFSampBU2dCTWdhbFJacnRIUWs=-w200-h112-p-df-rw,2025-11-16T12:52:59.236216
"Punjab: Armed smuggler held, 11.08 kg heroin recovered in Gurdaspur",https://news.google.com/read/CBMizwFBVV95cUxQMFYybXR5RDFCWFppQ0gwUmxtc2NTRXVwMlpmSXVNU19HdGNPbW1HTEhPUjN0U3NtQ0JobUo3ZzNBVE04clVkSW5ERW4wV1NsbE9FYi1BeWM0NTBCdFBNX19DU2dtcWl4Z0h1LVBFZDFhUnV0bTQ4d1YzN2VuOEJPZTFuODhkYjY0MENOdDhTWldfVVRDSm9PWlAwT01DZnMxMDVoeGs3OW96N2hZTHpNQWZ3TjBpQVdrOVdDUHR5WDZneHZUS3VzQldSSjBpRE3SAc8BQVVfeXFMUDBWMm10eUQxQlhaaUNIMFJsbXNjU0V1cDJaZkl1TVNfR3RjT21tR0xIT1IzdFNzbUNCaG1KN2czQVRNOHJVZEluREVuMFdTbGxPRWItQXljNDUwQnRQTV9fQ1NnbXFpeGdIdS1QRWQxYVJ1dG00OHdWMzdlbjhCT2Uxbjg4ZGI2NDBDTnQ4U1pXX1VUQ0pvT1pQME9NQ2ZzMTA1aHhrNzlvejdoWUx6TUFmd04waUFXazlXQ1B0eVg2Z3h2VEt1c0JXUkowaURN?hl=en-US&gl=US&ceid=US%3Aen,ANI News,18 hours ago,🚜 Agricultural Drones,https://news.google.com/api/attachments/CC8iL0NnNTRNMFZCT1dwc2JEQmxNSFZFVFJEQ0FSaURBaWdCTWdrUklvTE9YZUk1eHdJ=-w200-h112-p-df-rw,2025-11-16T12:52:59.236218
Ohio Farm Bureau Applauds Passage of House Bill 10,https://news.google.com/read/CBMiigFBVV95cUxQclZyS0VhR3lIc05zN0d5NktHSHRNRUpSZTcxTmhQVDIwZHpvR2wzTVNEbUw5UzRtQVJCeFozd0ZIZ085WXBtRUZhX3RCVkRETXZhamJFYjRoMWVFRlUwZ0g5RnFMUHRybl9ueWNHNnpqVHZnckowTllyRWV1am9mOVJfQnhlREpjMHc?hl=en-US&gl=US&ceid=US%3Aen,Morning Ag Clips,6 hours ago,🚜 Agricultural Drones,https://news.google.com/api/attachments/CC8iK0NnNXFSMDVKWjNFNVUyVkZUVk00VFJDUUF4alFCU2dLTWdZVmNaU0pOUWM=-w200-h112-p-df-rw,2025-11-16T12:52:59.236220
Jamie Dimon's grim warning for US economy: JPMorgan Chase CEO says 'If we don't fix these things...',https://news.google.com/read/CBMinAJBVV95cUxPblVOaTE5d1dISXEwWE1kc2luTUdtMkdhc1Rfdi1BdWJKRGpncjc2NDlhYXd6Zi10TW84cWo2RGVEanE1V1l2Nzh5RUI1b1gwRWp4MHBPcjBzVFVjQWJ2NXJabWQwRk5ySm1jaXc2SUVFTHhTeUxXSy1wYl9xMTFkZjJocEk5MU1iblVoNWlYelNscThhQzl1c3dtb2lFd29uMXp3cXlPM2Y4al9RVmxjUmh4RzJlV25ISkkxcEZEMG0xY0VtYkY4OUhuUFJxM0c4TDdDYk51Z1lsYkhoLUZ0N29ublU3Y1M2cjhNSVZxbVdfTDBSVjIzRjF6dmRKdnpXd0E4dk1lWjlpcGtBNjdlTzV5RlFOM1kyTEJ1Z9IBnAJBVV95cUxPblVOaTE5d1dISXEwWE1kc2luTUdtMkdhc1Rfdi1BdWJKRGpncjc2NDlhYXd6Zi10TW84cWo2RGVEanE1V1l2Nzh5RUI1b1gwRWp4MHBPcjBzVFVjQWJ2NXJabWQwRk5ySm1jaXc2SUVFTHhTeUxXSy1wYl9xMTFkZjJocEk5MU1iblVoNWlYelNscThhQzl1c3dtb2lFd29uMXp3cXlPM2Y4al9RVmxjUmh4RzJlV25ISkkxcEZEMG0xY0VtYkY4OUhuUFJxM0c4TDdDYk51Z1lsYkhoLUZ0N29ublU3Y1M2cjhNSVZxbVdfTDBSVjIzRjF6dmRKdnpXd0E4dk1lWjlpcGtBNjdlTzV5RlFOM1kyTEJ1Zw?hl=en-US&gl=US&ceid=US%3Aen,The Economic Times,10 hours ago,📋 Drone Regulation,https://news.google.com/api/attachments/CC8iK0NnNVdVRWhUY0dRek1FRnBjRmxwVFJEZ0F4aUFCU2dLTWdhcFE0N3RvUWc=-w200-h112-p-df-rw,2025-11-16T12:52:59.236222
"🇺🇸 PENNSYLVANIA MOVES TO LEGALIZE FLYING CARS UNDER ‘JETSONS ACT’ Sen. Marty Flynn’s new bill would classify “roadable aircraft” as both cars and planes… legal to drive on roads and fly in airspace. The law would require registration, inspecti",https://news.google.com/read/CBMibEFVX3lxTE9DNy1UbVhTTjZZNlNLZDVGcGxxLU5wRVdLaGFVWDFMQjRmSC1maEZZSWw2OXFLd1NuQ3B6YnVvMUg3ZkZKSGdUMTVzOU56MndGODgxcWtyNldXdklYUEdaLVpOWXhpLURETU5hdQ?hl=en-US&gl=US&ceid=US%3Aen,x.com,16 hours ago,📋 Drone Regulation,https://news.google.com/api/attachments/CC8iL0NnNXVSSEJmZEVONWNXaGpVa3cwVFJDZkF4ampCU2dLTWdrQllaU0dKdWx5RGdJ=-w200-h112-p-df-rw,2025-11-16T12:52:59.236223
Joby Aviation Takes to the Skies with a Smarter Turbine-Electric Flying Machine,https://news.google.com/read/CBMijwFBVV95cUxORnBBRmNtMnpQSVdvSzJ2UzhocHdZUi16YnQ2aDFmV0o5TW4xN2dTQUlUanBFMXlmMzRSNjJ0ZGQ1eHFJWVhmR24xMDhEdkxVSFo1WHFjQ05ZT3lxTFY5aWplMGk4WUVTMEdSVUJQblVPTEs0ZEU5dXFxSW1Zdm1YNE1sNzJ5RUpTUzY1MFZ3WQ?hl=en-US&gl=US&ceid=US%3Aen,TechEBlog -,18 hours ago,📋 Drone Regulation,https://news.google.com/api/attachments/CC8iK0NnNUlhamx0VmpWR1ZsaGpUekZmVFJERUF4aW1CU2dLTWdZWlU1UXFwUWM=-w200-h112-p-df-rw,2025-11-16T12:52:59.236225
From Drones to Aerospace Systems: How Indian startups are taking flight,https://news.google.com/read/CBMijAFBVV95cUxNYWFXRDM3aVUycGk1VUpqSlIzcExHRXdNdjlfcXNTRjF4YUZtN09keUdHQndvM1dSU2xTTXZfNXNZX0ZKbnljbHo3eEx0bDRuc3pjRTBYUVFSYS1oQ1pMQzV6QUlGc3VGT20xLW5KaUk4eEJTYzlBVEUtNk1GeGh6QVBLZEgzQjVIUHFMYg?hl=en-US&gl=US&ceid=US%3Aen,YourStory.com,10 hours ago,📋 Drone Regulation,https://news.google.com/api/attachments/CC8iK0NnNWZYM1JuYVdSblZGQm9PVFJtVFJDSEF4aVBCaWdLTWdZeFFwZ1JvUWc=-w200-h112-p-df-rw,2025-11-16T12:52:59.236227
"Oil price rebound alert! Russia's largest oil port attacked, 2% of global supply disrupted",https://news.google.com/read/CBMiY0FVX3lxTE5nbVd0aGhiN2kxV1JDWjN5Q2pERm9hZmpkdHgyQ0drX2ZHY2cwcHBaVkZGTnlnUXlsUVctTDJyQ1Mwdi1DNHVYOVExbmx1UFFWcFRPZ20wVTVmVE15TnVTQ0Rtb9IBY0FVX3lxTE5nbVd0aGhiN2kxV1JDWjN5Q2pERm9hZmpkdHgyQ0drX2ZHY2cwcHBaVkZGTnlnUXlsUVctTDJyQ1Mwdi1DNHVYOVExbmx1UFFWcFRPZ20wVTVmVE15TnVTQ0Rtbw?hl=en-US&gl=US&ceid=US%3Aen,Bitget,17 hours ago,📋 Drone Regulation,https://news.google.com/api/attachments/CC8iK0NnNVhRV1V3Y1hkQlNWa3pUMDh4VFJEaEFSamhBU2dLTWdhbG9veHd3UVU=-w200-h112-p-df-rw,2025-11-16T12:52:59.236228
FAA takes first steps to restore flights after shutdown,https://news.google.com/read/CBMiVEFVX3lxTE1XREhOOExwRkZOMnJtUHBJMENLYWVxN3JhZ293QmZtdkpfZFZmMXNhUHdZdFMwaHlmWGpTUjBLZ2puOWRoYU9mRUVMRVluejFjMVhVQdIBWkFVX3lxTE9pZXNWRlFJTW9XSUpmOEdITW9iRG9oZEN3NE92aDVZTGE0V3E4TDBlLWVwaGhQUDVfVnhwUUIzYWJ4WnlOc2puTVZJcGZxSFhMc3A4QV9fazB3QQ?hl=en-US&gl=US&ceid=US%3Aen,FOX 10 Phoenix,19 hours ago,📋 FAA Drone,https://news.google.com/api/attachments/CC8iK0NnNVJMVTU2VldGMlZIZE9TbUZ6VFJDZkF4ampCU2dLTWdZQmNJekJRZ1U=-w200-h112-p-df-rw,2025-11-16T12:52:59.236230
Meet the drone expert,https://news.google.com/read/CBMiswFBVV95cUxPenFZOTBZSzl6LVdtOWtsQmFWdE50azlyeW43ZDN0Z2NFTi1TUm5CSXAwVHNCUzVKQlMzZF9YQkQ4Y3ZPTDZSQ0t5bGFncjRMd250Z0VYbS0xVjBjdWVYeTBDUDd1NnJjYjZmQmVTY3hsZ2ZPMlJSQzgwd3pEZTIwcG05dXRiNkZhQUUza2o3T3BpamxiZ0ZYc3N3SHk4MjJWd3UtTnRKOThMLW5FOUdOclVOQQ?hl=en-US&gl=US&ceid=US%3Aen,San Mateo Daily Journal,23 hours ago,📋 FAA Drone,https://news.google.com/api/attachments/CC8iK0NnNVdTVWhxU1RaVmJ5MTVjbTl2VFJERUF4aW1CU2dLTWdhaEJZcnRrUW8=-w200-h112-p-df-rw,2025-11-16T12:52:59.236232
AP News Summary at 8:20 a.m. EST,https://news.google.com/read/CBMiugFBVV95cUxPY3VYWEQ3UjI4MU9yOG5fU1BQRVdJc3NTdXJfbURuV1ZoSzRJNnRrbTJ6bzlsQTJJdmVRLXNqTEU2emcxWE1JaUswbVdZdUFIcWNMaGstVDd2YnU2UjBSbEZnV2JabGpVNWZQX3d0dUFIc0RNa1dNNkdkZnEtUUNEbWdrdUNhQzQ1dm1SczZNaGlfOXdSMTVranM5RC05VHNUUDB2cEFjc3IxMDhDQm1NSTZQQmI0Nks4bGc?hl=en-US&gl=US&ceid=US%3Aen,hngnews.com,23 hours ago,📋 FAA Drone,https://news.google.com/api/attachments/CC8iK0NnNW5TWFpEVlVSb2N6ZHBiVlp1VFJDakFSaTBBaWdCTWdZQkVvb1N5UU0=-w200-h112-p-df-rw,2025-11-16T12:52:59.236233
Ukraine destroys Russian 'waiting drones' hiding along Lyman routes,https://news.google.com/read/CBMi3gFBVV95cUxNUnMtNFFPYzQxZG1SczVRb2RrNGdieER1YTFzcmNJYkFUQ21TNk1tR2dnRW9IRmZKWXdzVnlnT0VLOTJiNWVWN1lqSmI4NUVVZWRMRDh4eVlEdDBMUXJYamZJZVF1TkRUblBZU2tSeFJsaXFQTXpVTE5hNXRkdk5YbnlZdDVnSFdOTm56bW5zNS1ma0tTQUd2d3A1VzdYZFo5QWt5eUlKY09hU1FmMXF3S1VkbjQ5aEp6OTcxODJIZGNVc1JOeUhKNnRvRnZqT0tRbE1EaEE0Q3EzRnZXZ2fSAdMBQVVfeXFMTUJQUmtUVGdtVEo5alF1RGxQNnhYRjR4cUdTT1ZQSFpEQ1o3M1YybnZFNWxreDVyMGtadFdhdGk2emVacWc3ZDVGTkR3Yk9JRkdFVzBPYXhaNjExeHFRdjVlSGhKQWJrcVEyNWZYS1RGd2JBZm1FMWpwX3dzeUd1N0E4VEQ3dkI0M1VCT2xXYllrTDRkS0hXc2JKc0hhSWlzMk9Ic25LLVd3STVYZWZSMlAtZHd1T1p2bU8wSmhxdnA3dFV5VkhqSXF6QVNQUnVpSlE3NA?hl=en-US&gl=US&ceid=US%3Aen,The New Voice of Ukraine,11 hours ago,🎮 FPV Drones,https://news.google.com/api/attachments/CC8iK0NnNHpjbWhpUW5Oc1pYaHBUMHgzVFJDSEF4aVBCaWdLTWdZbGxKS09OUWM=-w200-h112-p-df-rw,2025-11-16T12:52:59.236235
Russian FPV Drone Attack Kills Fisherman in Zaporizhzhia District,https://news.google.com/read/CBMimgFBVV95cUxPNFotblJBdkdiMjk4MTBna0JYbDlleG5UTkZacTlScUpQN0EwQlpoZHV1aTd5NUp6QlpITS1icXZXX0gtckF2cVdRRmh0b2Zsb2g1eFZTeDR1NUhEX2pRaFo4UlR1YkVoQ19XdlVvUWxQdlJVeTJJU08yaHRYZ2xPcWxQaWtuZGlUaTdLaG15YWlyeTlzZEhhQzJ30gGfAUFVX3lxTFAxaHJJR0VqLUpHR0wzX0VHbGxiVHB1RzlvbGdVandEckJySUhFQVRVOFZzT09LcDBkUWlOS3NfN0lzNGdMVUMyaVVPT2p5NzgzWFdVOG1XX1Zkd20wS2UwSEFoNGQzellBTTd5a2JRRndGblRaR2xpT1V2T3VNcV9TT1Z4UC1zcDk1ZGJYeDAwNmJFdnR1dW1RTFJMNDl6VQ?hl=en-US&gl=US&ceid=US%3Aen,Букви,19 hours ago,🎮 FPV Drones,https://news.google.com/api/attachments/CC8iK0NnNXJSVk5JY1UwNFZHTXllWEZyVFJEb0FoajJCQ2dLTWdZaHhZVHNRUVU=-w200-h112-p-df-rw,2025-11-16T12:52:59.236237
"Russians strike fishermen with drone in Zaporizhzhia region, one dead and one wounded",https://news.google.com/read/CBMi1AFBVV95cUxQbTBPcFI0a0tPNGpKR1lfZnBia1pJZTUwNjJvV3lSNTdCU2VOSVdYVWdpZHZwN20zdmFGS2FnazVOVU96eGN4cU1vUGZfc0RJN0d4RXYxdjJnaV8wWkREZW02WHJMcTZ4WjVndkRRZ0VUUHpCRXQwdjZvMmViLWhvc1NlbHpvamdldEZsaVZLMmZSR3pENDJFc0FVU1FqOXgwVk5qTFRxZmtXTmd5OXdCeEpDcXJuaGRFZm9ub3gxcjd5d3dMdGpXVC1YMktHWk5sVnNUY9IB1AFBVV95cUxQbTBPcFI0a0tPNGpKR1lfZnBia1pJZTUwNjJvV3lSNTdCU2VOSVdYVWdpZHZwN20zdmFGS2FnazVOVU96eGN4cU1vUGZfc0RJN0d4RXYxdjJnaV8wWkREZW02WHJMcTZ4WjVndkRRZ0VUUHpCRXQwdjZvMmViLWhvc1NlbHpvamdldEZsaVZLMmZSR3pENDJFc0FVU1FqOXgwVk5qTFRxZmtXTmd5OXdCeEpDcXJuaGRFZm9ub3gxcjd5d3dMdGpXVC1YMktHWk5sVnNUYw?hl=en-US&gl=US&ceid=US%3Aen,Ukrinform,19 hours ago,🎮 FPV Drones,https://news.google.com/api/attachments/CC8iK0NnNHlhVTVoVVV4c1ptWXhhRWhhVFJEb0FoajJCQ2dLTWdZaHhZVHNRUVU=-w200-h112-p-df-rw,2025-11-16T12:52:59.236238
Russian occupiers attacked Nikopol with FPV drone — there are injured,https://news.google.com/read/CBMiowFBVV95cUxNb28tWlVDemRNNG9pM2F5T3Njb2w2a3FNR0JFMXF5QUk4OXo1VXZiSEZSTlRPNVktdGQwaVZ2eVROY1ZBTzNJQ3NGM1d3ekFWbmpBU2p1cm5LRGZfUGRvbkJtM3FWNV9mUGlpSmxmUnZvQksyb2VHUDFTOFZXOGtnUFZtdG5USEJxajVtZklRMW5UYjlpTEIyOFFZT3otdUh0ZzJZ?hl=en-US&gl=US&ceid=US%3Aen,Online.UA,22 hours ago,🎮 FPV Drones,https://news.google.com/api/attachments/CC8iMkNnNVRYekV0WXpocGJVdERabFZFVFJDeEFSaWNBaWdCTWdzQkFJaEdqYWtscWlsVmV3=-w200-h112-p-df-rw,2025-11-16T12:52:59.236240
Drone sports add to low-altitude buzz,https://news.google.com/read/CBMikwFBVV95cUxQRzdETlpuRnpIWnJnNFZRNGhwR0M5d0RpQkx5WFhFV2FHZXlWQWxWeW5LQzlENFdlNE9nYTNSN1RpT0RSMnZINF95V1pkaW5ZZHBTdTlDVTZaamV2M1JLbldtWWF3QVVGWVBXTWNjRlJPaW1HbURONjdybVdEbmpGaTVUSnZPZEQ2VFpVWXZSVzZsRFE?hl=en-US&gl=US&ceid=US%3Aen,巴士的報,9 hours ago,🎮 FPV Drones,https://news.google.com/api/attachments/CC8iK0NnNDVhRU5sUWxoTFdVTldTVk16VFJDaUFSaTJBaWdCTWdZcEZacnNGUW8=-w200-h112-p-df-rw,2025-11-16T12:52:59.236242
Consequences of enemy shelling of Kherson region: three people killed and nine wounded. PHOTOS,https://news.google.com/read/CBMiqAFBVV95cUxQTWJlbVZEUUxlWkJHeVFIRkhuckRJQy1LVUFSYURlS01vWEE5dThkOWVsZTUtTnEyRDdaNVZEdmpZN3R0RDBPTmZBNnMtMjM4d05Cb1pTbE5kdkJCX1ZzX3FHYWZJZl9FT0xZUTNZSUttalJEOXRTeWQyekV4ZEhIUGFFUTVIOWhNVW9DSEdySEJzam9vZ19TVkJIRDVoMk0wZU1TMFkwdHQ?hl=en-US&gl=US&ceid=US%3Aen,Цензор.НЕТ,1 hour ago,🎮 FPV Drones,https://news.google.com/api/attachments/CC8iI0NnNWtiakJ5ZERFM1RYWm5RemhDVFJDREFoakNBU2dCTWdB=-w200-h112-p-df-rw,2025-11-16T12:52:59.236244
"Russians attack fishermen's boat in Zaporizhzhia Oblast: one killed, one injured",https://news.google.com/read/CBMiZEFVX3lxTE9DUk1BWU5LcDk2cm9wc1k1WE9XemZROEZnYXVHLW9kZTdKM0xKcVdtMmlUQUQxaGN0bEdseWpQcmdnM19vY2RNWGFFTm5weUlVaVJUemxlSFdXOUNSenpSRmxXWUfSAXBBVV95cUxOV3dLNjRGbmlNR291OHNaQzlQNUVyY3A5QVo0LVlxNm1Cc1oxZkRxZkJHQmlzamVNb1ltWjdVak0yYTFwajl2b1R4dHVEaDl2bjUwVU9aeGR1dHJFd19WWW1PVjJrYlRPVzJRM3d0V2VE?hl=en-US&gl=US&ceid=US%3Aen,Українська правда,20 hours ago,🎮 FPV Drones,https://news.google.com/api/attachments/CC8iL0NnNDRhRVpVZHpOMk9XRlFNbm93VFJEOUFoaW9CU2dLTWdrSkFKVG1rR2xNZ2dN=-w200-h112-p-df-rw,2025-11-16T12:52:59.236246
Man caught flying drone near Vilnius airport — Lithuania says he believed it was allowed,https://news.google.com/read/CBMixAFBVV95cUxOQnpEMmNEbUp4VlduM1RpRDg0R05vWDBxZ3I0bVBvNHVnM1FFMm15dU5aWTJzdTU3dkJ3bVlMYXk1V0FTUXRzQmlMajc5V2ZOazdDMkJWT01UNXpEZERLd3ZjQ0VLYjNsc2NlNFBUazZxS2R2MEV3d1FFYTBpclB1aTJ5UU96TGNXRXRta3ZRZ0lCRjZVbUZQVGExZDZmbnB0eUF6c05mVjJWS1JIcGtIeWZWaWxXb2NQaE5raWtERnliZXBi?hl=en-US&gl=US&ceid=US%3Aen,Euromaidan Press,1 hour ago,🚁 Quadcopters,https://news.google.com/api/attachments/CC8iL0NnNWFkVGhtTjFVNVZ6WnZlbVF5VFJDZkF4ampCU2dLTWdrTk1vb0pKZVc1YmdF=-w200-h112-p-df-rw,2025-11-16T12:52:59.236248
Seven militants killed in Lakki Marwat operation,https://news.google.com/read/CBMiTkFVX3lxTE1IRUpjTmRVdS1oQXdpaVNGWkFnZTN5Q3QwRmFVMUdQVUhRd25ZdVRyRWVFZWU4cTRqYWo5amhWQXAwTWtndmVNeW9XQ1lPQdIBTkFVX3lxTE1IRUpjTmRVdS1oQXdpaVNGWkFnZTN5Q3QwRmFVMUdQVUhRd25ZdVRyRWVFZWU4cTRqYWo5amhWQXAwTWtndmVNeW9XQ1lPQQ?hl=en-US&gl=US&ceid=US%3Aen,Dawn,12 hours ago,🚁 Quadcopters,"https://encrypted-tbn2.gstatic.com/faviconV2?url=https://www.dawn.com&client=NEWS_360&size=96&type=FAVICON&fallback_opts=TYPE,SIZE,URL",2025-11-16T12:52:59.236250
K-P CM announces Rs2.5m each for Tirah drone attack victims,https://news.google.com/read/CBMimwFBVV95cUxNa1ZzaXYwbHFxN3N1a3pBY0V5eHZBVDhfQmwxbkRYdEJ1NkJtWDNSUTJlN1h2WFlFWTlFQUZFTUd2QUdmR0dVRjZNdDRKbTRoVUVXdVp6YlBYWnYyYkp0S2oybDlZVW5OQ2U5b21QeDNTR3ZoVmxaUFVtSGREdUtPb0JYVjJSbEdVTmtuNWpRM1Yxc244UUtaOV9yUdIBowFBVV95cUxORlo2cHo2bk9FX0RRbDF1UkpGelRYU1dOa1hzOTYwQy02WjBBN0R4MENCV0FCdmpjQ0dNUmgwbm1RaHNwb1VZU0pHS1kxMjQ3VU94MG9BM1ZyUU5ad3dRR1hmbUE5c1FlZkZ0eFJJMUlVSHByQVZsbVVhVG1WMVp6YkIwX3JtVHh3LWxwRUd6NlNqQU1ScG5ablVLU3doTGhWaXVv?hl=en-US&gl=US&ceid=US%3Aen,The Express Tribune,16 hours ago,🚁 Quadcopters,https://news.google.com/api/attachments/CC8iMkNnNVlhVXRCTVdsWE1sbG5SMWxSVFJEZ0F4aUFCU2dLTWd1QlFJcUFwNlV0YWRvZW9n=-w200-h112-p-df-rw,2025-11-16T12:52:59.236252
Airbus Develops MQ-72C Logistics Connector Drone for US Marine Corps,https://news.google.com/read/CBMimwFBVV95cUxOZDlmcUZ1REVtbWZLSlBQTkRtRnlWeHpPdVZ3Y0ZPWE4wSFI4S0k2bnNlS0JvNW5hTVBmTXVpZTdUUXVRbU8xRG5jSkxzZFJseW95MHp0UnphOXpSMHNTNDNxclZOODVvMnRUd1AwUDZnTS14SzdEN1NDTDBjZWFQM2hzd0ZzOUppbHdmQjBtay01Z2FXU2t0NjhEYw?hl=en-US&gl=US&ceid=US%3Aen,SSBCrack News,21 hours ago,🚁 VTOL Drones,https://news.google.com/api/attachments/CC8iK0NnNVJMVnBuVmpoSWIzaHNTV3hEVFJEUkF4aVVCU2dLTWdZQlU1cFBJUWs=-w200-h112-p-df-rw,2025-11-16T12:52:59.236253
COD Black Ops 7: 'Collapse' Mission Walkthrough,https://news.google.com/read/CBMid0FVX3lxTE1RZGRjSk9qZVhuVGZmNTJzeWdLNkRPWklxSEVvM2QxQ0tWRWpHR3J1dkxfdE4wYW1EOGJHQ0pfWGNrOEZzRkNFSDd6SWRjZzh0UFkwN1JSN05TclFYbTdiQ0VobS04RlAxNDVORTFnNk9MYmRkaV9j?hl=en-US&gl=US&ceid=US%3Aen,Nerd's Chalk,21 hours ago,🚁 VTOL Drones,https://news.google.com/api/attachments/CC8iK0NnNXJTVFpTZUV4VGMwdFJVMlEwVFJDYUF4anNCU2dLTWdhUlFvd0pJZ2M=-w200-h112-p-df-rw,2025-11-16T12:52:59.236255
Russian Tanks Attacked Through Drone-Blinding Fog. The Russians Didn't Realize Ukrainian Robots Were Waiting ... On The Ground.,https://news.google.com/read/CBMicEFVX3lxTE1BSVcwUnl2dmVwc0pndmN3ZkZWZGxUZjlRT01vVnJ1cGNDcGcwTzl5emhNd2J3UnExMGY1bDJMOVowLXl6Q2RhYTkwMG5KSUthNXkzLTVlUW1CVFRVeWFKNXFteWI5a3lVdjR6MGllMkc?hl=en-US&gl=US&ceid=US%3Aen,Trench Art | David Axe,14 hours ago,👁️ Surveillance Drones,https://news.google.com/api/attachments/CC8iK0NnNWhWMVpRT0dSV1VVeHpYMk5EVFJDUkF4ajlCU2dLTWdZQk1JcWxLQVk=-w200-h112-p-df-rw,2025-11-16T12:52:59.236257
"Unidentified drone spotted over Panjshir, locals say",https://news.google.com/read/CBMiOkFVX3lxTE15VVQ1UGpDcGpzTWVtdU40TmFHX0J1d2ZRcWI0NHRrZXQwUXM2cC1xYmtxN29qR3dSNHc?hl=en-US&gl=US&ceid=US%3Aen,Amu TV,3 hours ago,👁️ Surveillance Drones,https://news.google.com/api/attachments/CC8iI0NnNXFPREJ3TjFoMVpGTjViVmhzVFJDZkF4ampCU2dLTWdB=-w200-h112-p-df-rw,2025-11-16T12:52:59.236258
Ohio lawmakers look to regulate use of drones by law enforcement,https://news.google.com/read/CBMinwFBVV95cUxQQVJqV2oxWkZqbUFpV3BJdmhNTEkzRFhRakIxblVDTDZVV2RrNHVXTnJ3anhmMEU1MWdzRkVjSHlBcXVKX0pBRS1QVWltZjBHbC01Q2ROVk9JS0NrbmxTdmRmS3VraVU2clJZNmZFb1NmMG5fSHJ6UjU4dlBNSVNJUGE1ZG9GTW1fQXRjM1p5R0lqZmFWLURDM2pZZzkxNjA?hl=en-US&gl=US&ceid=US%3Aen,WOWK 13 News,19 hours ago,👁️ Surveillance Drones,https://news.google.com/api/attachments/CC8iK0NnNUVWRnAwZG5JMVRIRm1jREpQVFJDZkF4ampCU2dLTWdZQllJVHVKUWs=-w200-h112-p-df-rw,2025-11-16T12:52:59.236260
Drones deployed to help Met Police's 999 response,https://news.google.com/read/CBMiggFBVV95cUxQcFRfanNHVmMyelJNcTltX1Y4QldmdUI3ZUVrcjZiMHE1d0EtQWZnbXpLMjc4MmRwYW9mVks2eWJxUnExTTlPamMzYVp1cjdpYktPYlU4LXpha2ZjWnhmQkJRcDJIdmt3LWZIZVRmM2JfcnEyQXJ6VEtYbTZuUnBIX3hn?hl=en-US&gl=US&ceid=US%3Aen,AOL.com,12 hours ago,👁️ Surveillance Drones,https://news.google.com/api/attachments/CC8iI0NnNDBhSFJLYjNvNFIxcHFNM3BuVFJEb0FoaUFCU2dLTWdB=-w200-h112-p-df-rw,2025-11-16T12:52:59.236262
Local AI Vision Drone Security System is Scarily Good (Live Demo),https://news.google.com/read/CBMieEFVX3lxTE56QkF4UmYtQVExYVhyY0REbnZ1QnJNTzhYb2ZSSFNObGZMZ0xfY0pzdHh0UDB5ZzN6VHpxMWM1dG8xSGJBaW9QcFo1cWU1MTZvbDdKUGJJMUZBSjNWbWxtaFl6VkxobUZWOUVQN0F5Z0R6aXhzZ2VPNA?hl=en-US&gl=US&ceid=US%3Aen,Geeky Gadgets,21 hours ago,👁️ Surveillance Drones,https://news.google.com/api/attachments/CC8iK0NnNXpNbDlSU21wTVkweGljRGxNVFJDZkF4ampCU2dLTWdhRmNaRFZ0QVk=-w200-h112-p-df-rw,2025-11-16T12:52:59.236263
Bayraktar TB3 UCAV Drops Three MAM-L TV Smart Munitions,https://news.google.com/read/CBMihwFBVV95cUxQMFZiOURGTzZqdzl2dTh1WDYtRWVpclEyN0JObDBreHBBQlc3YlFhMnFtSTZoVU9PSkVhLTk2dnVYWTQ0OFdJX0ZVS1BlWl9JeklkZXRkZ1lJNHRwRzQyZ3dSeWFlVkpQUnlCRWJRWl9XQnRnVTdoMEZGZVdVUDZHMklwdkFNNFU?hl=en-US&gl=US&ceid=US%3Aen,TURDEF,20 hours ago,🇹🇷 Bayraktar,https://news.google.com/api/attachments/CC8iK0NnNUxhRkpKZGxWZlIyaHJlWEZKVFJDSEF4aVBCaWdLTWdZWllJS05MUWc=-w200-h112-p-df-rw,2025-11-16T12:52:59.236265
Baykar's TB3 Drone Shows Impressive Precision With MAM-L Smart Guided Munition Test,https://news.google.com/read/CBMi1gFBVV95cUxPT3FxS0llODdISnVRMHlIbmxOX1h6NjVwRGplY3o1U0NxN2xoMFB1Y3o4ZHdfRjhRYV9jaWNsSTZJMWxhM3VhZTg5ZWZHM0Z4Y0J2eDhGZE15VHRleGZ6a1lPSzdrbW85OHZCNkFmSl9GQ0g0Y2ZzM2g1VGtqdWc3YW5RQ1J4NXlPQ3dGYWNyRmJYUUt5cEtPQ1Fzb184OTV6a2dQenpVTTAwUTQ4N1VhcC1BS0FKcXprYTU4WmNMR29IYnJ5SjJfdWNvNktTRlhkV09GWVVR?hl=en-US&gl=US&ceid=US%3Aen,Army Recognition,23 hours ago,🇹🇷 Bayraktar,https://news.google.com/api/attachments/CC8iK0NnNWZMVzlrUVRGeFdFSXdReTFRVFJERUF4aW1CU2dLTWdZSkVKTEZsZ28=-w200-h112-p-df-rw,2025-11-16T12:52:59.236267
Idaho legislators briefed on Mountain Home Air Force Base Qatari training agreement,https://news.google.com/read/CBMihgFBVV95cUxNMjlCNFpwbHdsUHEwM0ZwSlRLa0R1UnJfNGZzOFg4by1iSjhrNHZtYVlEQ3dEeGhQMU03azdIckkzWnJ3bjRNMlJnNDQtaHcxbE9YXzFLNzRSMUJlNEdVZXl6OXF3SmVvVmUxTDlCZTdnd3ZhUDZjekZ6WXFsTFRsQld4OGVSZw?hl=en-US&gl=US&ceid=US%3Aen,AOL.com,3 hours ago,🇺🇸 Reaper Drone,"https://encrypted-tbn2.gstatic.com/faviconV2?url=https://www.aol.com&client=NEWS_360&size=96&type=FAVICON&fallback_opts=TYPE,SIZE,URL",2025-11-16T12:52:59.236269
The DJI RS 2 Combo Is Still One of Amazon’s Most Popular Gimbals: Here’s Why It Remains a Smart Buy,https://news.google.com/read/CBMie0FVX3lxTE9vR29TN0VLbHN3Y01MZlA1Tmt0TFMwNkZHcVRIV3RwS1RvRjNlTWZURzJxTEtVNmdiT2FPMkI0VGVQZlhWSGpUcFBYS2RQdlZsdHFBU0hUaFBZQU0zMGFRTWJCbWxCVENqWEh3eXFFMkNsU2RfZjdSVm43RQ?hl=en-US&gl=US&ceid=US%3Aen,Y.M.Cinema Magazine,9 minutes ago,🇨🇳 DJI,https://news.google.com/api/attachments/CC8iL0NnNVJXR1ZCVG1sWWVVaHhWRGRHVFJDZkF4ampCU2dLTWdtTklZWVRtZWw2OUFB=-w200-h112-p-df-rw,2025-11-16T12:52:59.236271
DJI Neo 2: Your Upgraded Beginner-Friendly Camera Drone,https://news.google.com/read/CBMiRkFVX3lxTE91Y0I1eG92WlN4Mm5yZjhTdklNTzRhVnh4MVAyUGl3MEwwcmh2cTJ4cEhUd2tlRkxhYjdXS0tLMDgwUUVfbFE?hl=en-US&gl=US&ceid=US%3Aen,Men's Gear,2 hours ago,🇨🇳 DJI,https://news.google.com/api/attachments/CC8iI0NnNWxOalppWTFRMGRsWjFlVXBJVFJERkF4aWtCU2dLTWdB=-w200-h112-p-df-rw,2025-11-16T12:52:59.236272
Why The DJI Neo 2 Could Be the Next Big Starter Drone for Real Estate Creators,https://news.google.com/read/CBMidkFVX3lxTE02aWFjVlktOHpjRkl0SzVDVlI2MnA3M0NSbF9BMW50UWRDVldMSHJCZU95RG1rM1hnZmNHSDVDSTY4TnIyY1Q0VTE0eDNmczQ3WmxGeUxVQUdiWWhGUW5fdk5xRUI3WW9tSW1tVzRBTHJUYW9GWkE?hl=en-US&gl=US&ceid=US%3Aen,DroneXL.co,15 hours ago,🇨🇳 DJI,https://news.google.com/api/attachments/CC8iK0NnNWlUVEo2UWxkV1ZuWmlZMGRMVFJDZkF4ampCU2dLTWdhVmM0anFNUWM=-w200-h112-p-df-rw,2025-11-16T12:52:59.236274
FCC Takes Next Step Toward Banning DJI Drones in the US,https://news.google.com/read/CBMiekFVX3lxTE9hUS0zRThHTl9JbVVMUDlCZGZjU1kwMXJhQjJNSWFQMU5qVjlEcElrYXlCaXhyWVFZb0NpWUZ5SVdhNldvVUxvZGV1Q2JKUDhING5iYjFRQWVBVlhQOUdZOE80WWR6aEJNcjR4ME5OTmdBc3h2ZXFvUjJB?hl=en-US&gl=US&ceid=US%3Aen,AOL.com,23 hours ago,🇨🇳 DJI,https://news.google.com/api/attachments/CC8iL0NnNVhVMVJDT1daNFIwRnhOVzVQVFJDaEF4aUFCU2dLTWdtRmc0b0h2aVYwemdF=-w200-h112-p-df-rw,2025-11-16T12:52:59.236275
DJI Neo 2 drone launches today with amazing specs –but are YOU allowed to buy it?,https://news.google.com/read/CBMi0gFBVV95cUxPbTFzMXk0YTNPUzloOTczU2VxcXRDaVpBU0JJTmw4YWVLUGU3Tk5yZ3dtdFV4Z0xGTWxhdlU3anhwc2VEemlEWGxfUVlXQjRZTjk0MG1oVW9lQWlTaXMzb3NSZFF0SnJ3cjJuNmd6Q1JGOTd6Sk9yM2lrUUZhYWk2NmR0WEQ5LXFsYlJmZDFtQmM3UjIyWFJxYzZwTnlWYTZmSDdYVTBBRDFvVXFJRlBWYjdCZDBqbExUZHBmZmRiS3JvajdzaE5FSTBQWkVNR2dkLWc?hl=en-US&gl=US&ceid=US%3Aen,MSN,18 hours ago,🇨🇳 DJI,"https://encrypted-tbn2.gstatic.com/faviconV2?url=https://www.msn.com&client=NEWS_360&size=96&type=FAVICON&fallback_opts=TYPE,SIZE,URL",2025-11-16T12:52:59.236277
"Engadget review recap: Apple Watch SE 3, DJI Neo 2, PlayStation Portal and more",https://news.google.com/read/CBMitwFBVV95cUxPU084MDdCYXhKWHJMclYzNmx0d1BjWnN5WWJuTWpITEluTzJOOGF5ZjJqbmlBakFzWTdILXZGb1VGc2VvVnl4Z3VhSUtTNDduNTVSTjA2SEtvT19rcVJJVER1dFZwYUxtWjRaV0lrWVRxWFFVd19POTFtdXE1SzBoX09wcV9XNXE5d3JQYVRPdlRIVnpQRk5HaDFTX21lVGlTaHY3RVFRSEhQb1VPQUpNN0N5NUZaam8?hl=en-US&gl=US&ceid=US%3Aen,Engadget,23 hours ago,🇨🇳 DJI,https://news.google.com/api/attachments/CC8iK0NnNVVRVFp2WlZwTVkxWk1kMnBHVFJDaEF4amZCU2dLTWdZSllKQ01LQWM=-w200-h112-p-df-rw,2025-11-16T12:52:59.236279
Why the DJI Neo 2 Drone Has Yet to Hit the Market After Production,https://news.google.com/read/CBMisAFBVV95cUxPNURfS0djeEV6dnQzRWhfeVBWN0ZrU2V5NmthaWhzUUxpb2Jsb29pblV3UHEwNG9KN3lBdmlTUGRxQ0dfS2VkeGpvTWlVS1gxcHM2NHFjbkFESDJ0ZnNLcy1BRE5HeUtlYWJvZVpkeEstcy1qcnkwUE9scllUa3g3OU1GMkdRaUZhS3RPeUFvUldKemJOQVVpVmJJY2lnQTBfWlp3UWQ0Q1Z3aGZiV2xlMQ?hl=en-US&gl=US&ceid=US%3Aen,رکنا,19 hours ago,🇨🇳 DJI,https://news.google.com/api/attachments/CC8iK0NnNTBObXBQVVRFMVVsaHlSalJEVFJDaUF4amVCU2dLTWdhdE1veFJtUVU=-w200-h112-p-df-rw,2025-11-16T12:52:59.236280
Top commanders brief Trump on attack options against Venezuela,https://news.google.com/read/CBMirAFBVV95cUxQaW8yUXlYRlRDNExjVFk1YjlCRFZyZm5nWDZBNHROZlc4elJBX1k3NUo5R1NaaGVPWEdQMmVtZGwtbnRaVVpzQS1OM09MeWFLeDdRd0kxalBxOEZhR29aZGJrYTBaeVBLNkFfNUVqM3hEUXRjZFJxbjV0Z0lqMFVyMEJuSmgyRXBBYjh4MzI3YXoySWhySzB6RmQwTDduUmV6NDBQaEpGRXZGV2Rz0gGyAUFVX3lxTE1PRmpia0lsQ2MxaWRxMkNNSDd2aGs1VllTZHdYWnItSExzSXlGVU9SeExqSmVnSklXbG80VWVJQy1pYXpkUDVZdzFfSjJJcko3ZUdZUmZNcGYyNTRUUzBNeWplTnk3d0pIZU5qY0c3VFV2dk1NclNrazl5eHo5SExZdE80YmJpTXdRT1VJa0xCaV9YOXMwV1Jid1ZrQ0R2ZHhFZHEtODRBSmNEY1VsMk9fLXc?hl=en-US&gl=US&ceid=US%3Aen,Struggle - La Lucha,19 hours ago,🇺🇸 General Atomics,https://news.google.com/api/attachments/CC8iK0NnNTZUV0pGU210NGFrdEhRblEwVFJDZkF4ampCU2dLTWdZcGxaTE9OUWM=-w200-h112-p-df-rw,2025-11-16T12:52:59.236282
Latest defence and security news,https://news.google.com/read/CBMiXkFVX3lxTE1NV2RKMWptVEl2dGJsRF9NelBvRFQxczZ3Y3FobnpYYVlQVk5CcEhBbEE1aXUxeUtzVllUeU9GaFAybkFxV2RRR3B4VW1oSk5tQTFXQmJqTVp3b3BFWXc?hl=en-US&gl=US&ceid=US%3Aen,Janes,"Jun 4, 2024",📰 Jane's Defence,"https://encrypted-tbn0.gstatic.com/faviconV2?url=https://www.janes.com&client=NEWS_360&size=96&type=FAVICON&fallback_opts=TYPE,SIZE,URL",2025-11-16T12:52:59.236284
General Dwight D. Eisenhower Never Saw Combat — But Led America to Victory in World War II,https://news.google.com/read/CBMi7gFBVV95cUxPR1J6X25PNEVSQVVGbGhscUNDXzRrbkxUaVRiOFRlOVJtV0g3cDNOMmktWXJUOUhtRHBuc3NEYzdzTGJ1WmowSUxsbzRWNTZhbEJOTnlGYUhRTHdCZXByandvb1k0eEVveVU5d0p6eW1rN01BX2N3Nk5JQ2k2bDE5Q1ZELTdfRWp6UHFuczZtS1l1Mi04SzNTWnVRX1pycVVxQ2lxU041QlF2eklsczA1V09aVG1Fbk5lRlc5QTlrVnFPSnVFWWRJdVRmUEhpZkZHUEVfUFpMNlhqb1NWWmowdExKRy1seUIwaDA0RldR?hl=en-US&gl=US&ceid=US%3Aen,Military.com,23 hours ago,📰 Military.com,https://news.google.com/api/attachments/CC8iK0NnNXFlRzl0YW1SME5IQjNZbFUyVFJEZkF4anRCQ2dLTWdhZEZaTHNFUXM=-w200-h112-p-df-rw,2025-11-16T12:52:59.236286
Trump Says He 'Stopped a War' by Preserving a Ceasefire Between Cambodia and Thailand,https://news.google.com/read/CBMixwFBVV95cUxOQTYzR25qRFRxZXJSM0YwZlVpWWpZa04yWjBXSVRpZUhjUXFjb09Xa1c2dnZKSTRpN1dsajF0cEh6T0hEd3NYRWZpVnJYWlZsT1lIUmlnejJ1aGVqaElvazFxQTFua0VJMVJqNlkxVXZzZkxVUVMwX21lOVg4NmhfUFA4cnJjdDFHbGRGMlZxRUJySkVQYUI5WGxxLUtINEZSVWZTNGlMZDRoSXlyV253VnpoOGc1Q2ljSF9SeHhMQ0pEMEZrb2JZ?hl=en-US&gl=US&ceid=US%3Aen,Military.com,23 hours ago,📰 Military.com,https://news.google.com/api/attachments/CC8iK0NnNTVkalpKYkRGWVJEbEpjbWxKVFJDZUF4anRCQ2dLTWdZZEpvWUxIZ1U=-w200-h112-p-df-rw,2025-11-16T12:52:59.236288
How Hollywood Has Rewritten the American Revolution: A Century of Film & TV Portrayals,https://news.google.com/read/CBMixAFBVV95cUxOWFFwLTQ2MDloaEkwQ3hDRm92SnFyMndySTFWVHlqdTQ4dlBSRjJkRXlXb1hQNm4xR3J3TmFUeFcwWGY3VGJyUWVnRHNHM2x1QTl2eWs3WkpYV082eTZoRE9TamJvUnhSVThQWUxEODgtT2tfcmJmLWVGS2tKOGtoSEZ5WnFmQTFtVkdmUVdyaW85ejB6ekFnSUVSRno3TXJsR3Ytc1dWOU5ncnFvUmNHUzJONlNLTGxHQ2N1YllyMXY2Zk1H?hl=en-US&gl=US&ceid=US%3Aen,Military.com,23 hours ago,📰 Military.com,https://news.google.com/api/attachments/CC8iK0NnNWFVMG8xUVVsT2JGcG1jamQyVFJEMUFoanRCQ2dLTWdZRkY1Um5JZ2c=-w200-h112-p-df-rw,2025-11-16T12:52:59.236290
"Military and Veteran Benefits, News, Veteran Jobs | Military.com",https://news.google.com/read/CBMiPkFVX3lxTE9DVDJ4UURidnBtTjBaSkxIWWFPSnF6LTlhb0FOTE1JMUV0ZFNCNnBBZTNSN0QtbmZOVzNsX0tR?hl=en-US&gl=US&ceid=US%3Aen,Military.com,"Dec 1, 2010",📰 Military.com,https://news.google.com/api/attachments/CC8iK0NnNDJaR1JrVmpSMWJFOXJkMFZoVFJET0FoajBBeWdLTWdZTndZd3FQZ1U=-w200-h112-p-df-rw,2025-11-16T12:52:59.236291
The Fitness Cure: Veteran Helps Others with PTSD Get Healthy,https://news.google.com/read/CBMioAFBVV95cUxNb01hUGhjWFJjYVo3NV9ESndCbnFVZF9OV1UyeWFaMUl3bm1ZNmVXdE05S2hXVHFyXzRSUWtUOEZmMG5qUEhVbWppS1dWZ2pSUmUxNkFWY0toVGJHNTYyMkNrSjZteGhCT2kzX2JKQTJtRHVtcnlJY0ZLZUR0ajg5cWhwUktucS14Snk4TmRwWG5hUTJkUDdoY1J4b0ZaUi0y?hl=en-US&gl=US&ceid=US%3Aen,Military.com,23 hours ago,📰 Military.com,https://news.google.com/api/attachments/CC8iL0NnNUthMVZrVldkdlMyMHpWM0poVFJDbUJCaXVCQ2dLTWdrTk1wUUZIV2xySlFN=-w200-h112-p-df-rw,2025-11-16T12:52:59.236293
Governors Push Back: NGA Surveys States on Pentagon’s Role in National Guard Missions,https://news.google.com/read/CBMiyAFBVV95cUxQMW9KZW05QnZOR0g3VjlGVW1ydUlySEF0dTltWFRxZTVoYlg0aHh5MW5jZW95NGZkZk5XTWdVSjVsVEk1bFFISHdORnhkcFNKbEthS3JQaGNDb0pTYU9XVzhpLThaZFdTTDNTTU9KcFdtTFduNWhOYnFYNERremFoVkwwVEVUS0VPQjVISVhaX0RzbkxkVVRoanZ2OGViZnNmclVmQ2RaZ0I1LTNxa0xnR3hpeFl0amRhaFhhSkpWQjFtZTRqUnVqcQ?hl=en-US&gl=US&ceid=US%3Aen,Military.com,23 hours ago,📰 Military.com,https://news.google.com/api/attachments/CC8iL0NnNW9kV1pqWmtvd05FUm5VRWx2VFJDZUF4anRCQ2dLTWdrRkVZcmxEaXQwN1FF=-w200-h112-p-df-rw,2025-11-16T12:52:59.236295
“Service Beyond the Uniform”: How Ally O’Neal and BAYADA Are Transforming Veteran Home Care,https://news.google.com/read/CBMizAFBVV95cUxNODB0TFJtbHFKR1V2cld5SDZZYlhyZ0E1NHZvYll0QnV5cmxJY2ZkSlZWZURtZjY0N0l3U0ZDcUZNMUVSZjhhbHdON1c2X21CQ29hUk8yWjhGRmlQMUluOVdGd1lzbzJMMnl4LWVXWi1pTjBid0NyY0t1cXdZQ0FwRkpJNTd5SVlqU0FvOGpoQ1k5YWs5bGo5NkJTWW5vRnNxM0lQbVdSRHF0eHREMFpBMTliQ0tzM3BUVHJxOENDSldXTmZaZ2NPRXhXOVA?hl=en-US&gl=US&ceid=US%3Aen,Military.com,22 hours ago,📰 Military.com,https://news.google.com/api/attachments/CC8iK0NnNUlVRk5vTUVWdlJrVnRNMnRVVFJDaEFoanRCQ2dLTWdhZEJJU0trUW8=-w200-h112-p-df-rw,2025-11-16T12:52:59.236297
"Belichick, UNC Honors Veterans with Memorial Wall",https://news.google.com/read/CBMilwFBVV95cUxOSWdyVHA0elhTRXktcXdMUzRSTWFCdnpfWnJlMnBBREZGYk11QU4yaGQyQVZyUnBlTGVFM3FVOWlRbmFELWtIbV9Bank0dlNnQzVZcG42UWt6amM2UWpfYjU0YldpT3FVbThJQXQ3Vi1yQURxeXB0bHhNc2tTWUd4UHB2YUNXR3h5TGhreDRiVk1BZG13RTRR?hl=en-US&gl=US&ceid=US%3Aen,Military.com,23 hours ago,📰 Military.com,https://news.google.com/api/attachments/CC8iL0NnNTRhVU42VVV4T09UZFFRWEkzVFJEZkFoanRCQ2dLTWdtdE1KeVhtS3ByYUFJ=-w200-h112-p-df-rw,2025-11-16T12:52:59.236298
Articles Tagged,https://news.google.com/read/CBMiXEFVX3lxTE9RaFRIcUxSMThnRXc0ckJ6djNmMEg3bjRwSWRHLTF1MFk5SlVod0pWSFRad2FMdVk2SjVVa2U2WGd5T2tsWkRkZmFuMmYzR3VWby1nM2dGYVpmMU9l?hl=en-US&gl=US&ceid=US%3Aen,Military.com,"Sep 24, 2015",📰 Military.com,https://news.google.com/api/attachments/CC8iL0NnNXJhRTlrVVdkMGJHOTFkVzR6VFJDRkFSaklBU2dLTWdtQkFZeTBrQ21pcndF=-w200-h112-p-df-rw,2025-11-16T12:52:59.236300
"Tariffs, the Louvre and the Russia-Ukraine war",https://news.google.com/read/CBMif0FVX3lxTE01U3dYS2NKRTF1YnVpdm0yNFQtREhrclNaYU5PRUlWNWI3TDZDVjdXZFdPTHJQRUtDdGV1UGtGYmF3TEVHbkduMW56dmM2YjBteVZfQXNFNEpQam9WT3FMWTVSdlZRTFJRaEdxZUIwNTZTUE5ldTRzMUF5MjdxZms?hl=en-US&gl=US&ceid=US%3Aen,Reuters,22 hours ago,📺 Reuters,https://news.google.com/api/attachments/CC8iK0NnNTNURU5oVFRVelRVVlpURmg2VFJDcUJCaXFCQ2dLTWdhRjFZWW1SZ1E=-w200-h112-p-df-rw,2025-11-16T12:52:59.236302
Caribbean countries to hold slavery reparations talks on UK visit,https://news.google.com/read/CBMirwFBVV95cUxQRXlMcUNtdUdWbnZ4NE1RTE1CMnY0M1prQkxoZHVUMm9JZEtRMzdOX2RLaWpoaG1YTkVtd0FyMFRxU0FlT1pUOFJsWTdfcnpKZmhNTldIYlhIVVVyMXlpWWhqemtmdTZvbWdMRWRHQzBqbzliRk5qRjhUX0lUWDlTRWpzbURoTlJnM0VhTkdhMmtyN2VIaUt4T2lXSkRsRnZmc3BpMkZWMmViazBXWllB?hl=en-US&gl=US&ceid=US%3Aen,Reuters,11 hours ago,📺 Reuters,https://news.google.com/api/attachments/CC8iK0NnNUVkbmxqY1RjeVdrdzBXVUpUVFJERUF4aW1CU2dLTWdhQkpJN1BJUWc=-w200-h112-p-df-rw,2025-11-16T12:52:59.236303
Vatican returns to Canada artefacts connected to Indigenous people,https://news.google.com/read/CBMisAFBVV95cUxQMlRVdHVUaGNCZlQ3R1VNTWVubGRQOFVIY3hoRFBqUzRCc3ZSWFV4Ty1JRkRnUE12NHJZUWE5UDREZlZZX0hWcWxDbkpkNGpCaGpDdTZFdVY4RW1QX2V2cHBsN3VOeEpoNHhPazYzcmxKUnpxNkY2d3pqSFRCb0EweG9jNGtfb3U4NWF0Zm5UN21ndjdobUNKcWNDSVBuSURfMUpqZjM5OXdRU2piTDhIMw?hl=en-US&gl=US&ceid=US%3Aen,Reuters,21 hours ago,📺 Reuters,https://news.google.com/api/attachments/CC8iK0NnNHRNazF5VkhwZlpIUTVXbHBLVFJDUUF4ai1CU2dLTWdhQkVKN1VtQWs=-w200-h112-p-df-rw,2025-11-16T12:52:59.236305
"Gen Z-styled protests spread in Mexico, fueled by mayor's murder",https://news.google.com/read/CBMirwFBVV95cUxPTzloT0FoTkhQTERUbVg1SGZfOTJaQW40N1dscFNHdUtONFpHajY4a0k0QXhFbnhFOGlpeEpKck1LUHBkTURSeVNfNm14M3VzMmV1cXdhclNKTUpxeWZZWndlQTJHUEROajJfclllOGV6WmFhMWhLX0dZS0VwckZxMnpBRzA0LUlqTEZDc21QU01UZ3djUVVCWG5aS0hsSXFuVU9MSkQ3T0l4dWpFLXZv?hl=en-US&gl=US&ceid=US%3Aen,Reuters,7 hours ago,📺 Reuters,https://news.google.com/api/attachments/CC8iL0NnNHRVRWR6Ym5kMFoydERWRTlMVFJDcUJCaXFCQ2dLTWdrQmNKSWl0bWNORFFJ=-w200-h112-p-df-rw,2025-11-16T12:52:59.236306
Bulgaria welcomes US approval on Lukoil's foreign asset talks,https://news.google.com/read/CBMiU0FVX3lxTE9KcFExU3IzV0hqRVctRnF0cDJLUFFfN0hGRktMeVQyc0tmVUNrRHd5MVQ4R3RsVG1HS0xET0FjV0NnNU40RnYxLXR5bDhQMC1EczI4?hl=en-US&gl=US&ceid=US%3Aen,Reuters,"Dec 14, 2023",📺 Reuters,https://news.google.com/api/attachments/CC8iL0NnNUlkWFZUVlRKTVNuaEphM0l0VFJDcUJCaXFCQ2dLTWdrUllKWm9vdWtPQ3dJ=-w200-h112-p-df-rw,2025-11-16T12:52:59.236308
Trump cuts tariffs on some foods as inflation concerns mount,https://news.google.com/read/CBMiREFVX3lxTFA1aWlfTHBOUUVBVXg1Y2RNZXRGMHA1Z2kybE9wSHlsc244YUFYcEdYNG91bkVCWWpXbV9RWVAwZl94ODhy?hl=en-US&gl=US&ceid=US%3Aen,Reuters,"May 24, 2017",📺 Reuters,https://news.google.com/api/attachments/CC8iK0NnNUVOVVZMT1VwRlJuRkJTVGxaVFJDcUJCaXFCQ2dLTWdZQkFJb01PUVU=-w200-h112-p-df-rw,2025-11-16T12:52:59.236309
Floodwaters gush through town in Wales after Storm Claudia hits,https://news.google.com/read/CBMiZ0FVX3lxTE01eUxXOTdab0E3dTg1YV9DQnRDUkZGYWNwTHBvVmRDYzZLMHdTSHdXWWpUOEUzYW9KVUo0VDZna1VUUlUxN0JFdFFncC1aejhtM1RCZW1OR09USUdaTFBuanY4Q0N2ZHM?hl=en-US&gl=US&ceid=US%3Aen,Reuters,15 hours ago,📺 Reuters,"https://encrypted-tbn2.gstatic.com/faviconV2?url=https://www.reuters.com&client=NEWS_360&size=96&type=FAVICON&fallback_opts=TYPE,SIZE,URL",2025-11-16T12:52:59.236311
The Week in Breakingviews - Reuters,https://news.google.com/read/CBMivwJBVV95cUxObVk5SVhhQzJ1OWZoc0FNV2FCclVrQVNkd0tvYTAtMk90Xy1WcDNEcXl1MEUtdlpSWjl0dWxrSGx3T3d1NWpCdk5Ybmx0M1VxNlFmV1QtRHI0dGNiWmVzQ3lpa1V5b2RQTjhXU084cmE0VTE3WHNqajVJVThQWjVkSW9pOUVDdnZGd2hJSWp1Ty1nanlpSkx1ZklDV2NTRWFwdTdiYnVxRkpqNW0yQk9iUWN0TThhRGVJTDE3MFBUT3FkUkhSX25tcGRjUENtYndYWUo0OVFCXzJUTXJGVGp1NFFrM1hxdFpWWTRpMlZfWGtIT3JWRXJHb3lMSnpVcWhnQzZfUVVzNXFLQnNuNnRwMUpmRklhQkpiUUx4UjFLLU1Ua1JMV1I0VmgwakJreDZxWnJYLTFQbTdYdFVKdmw0?hl=en-US&gl=US&ceid=US%3Aen,Reuters,11 hours ago,📺 Reuters,"https://encrypted-tbn2.gstatic.com/faviconV2?url=https://www.reuters.com&client=NEWS_360&size=96&type=FAVICON&fallback_opts=TYPE,SIZE,URL",2025-11-16T12:52:59.236313
Russia says its forces advance in Ukraine's Zaporizhzhia region,https://news.google.com/read/CBMivwFBVV95cUxNZEV4ZlUxd0F3U1Zxd3lwLXoxMHZMai00alVFbkJQQWowYi1rYXRGakxjMUxDaGZrcjVMMm9rSU5WckpJYzJIUm8tM0VTUFllY0pncXIyQUVXMmhhVzhlZm1KbnVtSkNxUGt3c3lJS2hoRExsb29ZaEtMUHpZNjZJU19ka0ZPU2lQQUtJTGg5MmpxLUhPQk5yeTN3ZlVuZXF4VlpSN2U0TVU3RlNNQmFheVFSTWpMZmMwUWlJRDl4OA?hl=en-US&gl=US&ceid=US%3Aen,Reuters,1 hour ago,📺 Reuters,https://news.google.com/api/attachments/CC8iL0NnNVhSakZtUldwelNERkdibkJGVFJERUF4aW1CU2dLTWdrQkFJeUREbXRrQkFN=-w200-h112-p-df-rw,2025-11-16T12:52:59.236314
Watch: BBC at scene of severe flooding in Wales,https://news.google.com/read/CBMiV0FVX3lxTE85Z2FpWldIQ2ZPZTZSckc2Z05EdG96QVgtQ3F1QTNoWHpPMmJwMEREVEhnaEtXVENIbFlHeUtrcEdacHE2TUJoR1NjdjluQk5qRGdsLWltaw?hl=en-US&gl=US&ceid=US%3Aen,BBC,23 hours ago,📺 BBC,https://news.google.com/api/attachments/CC8iL0NnNWlNVVJoV0haQlFraHZTbUZxVFJDMEFSakFBaWdLTWdrQkFKREdFYWc4UXdN=-w200-h112-p-df-rw,2025-11-16T12:52:59.236316
Zelensky vows energy sector overhaul after $100m corruption scandal,https://news.google.com/read/CBMiWkFVX3lxTE4tRDJveUVmN2tHMGFCemNCOXlCdHFORmVNbU5reGFYcmduZlBmRE4zMUVhWHRBZUQyMWF6bV80Z3JybEQyVWpMeTJNYk5UZE1XcUlkNjhLd2piZ9IBX0FVX3lxTE9Kc240UWJ3NFpNTjhwQUlqZ09oNFM5ZmFwblFaVHhFOEVrZkZaRTNnbWY0UEp6aGJ0SWFHUGVuaTFyQ2ZKNXlYZmJvQTVna1YtWWx0VE5zdnpqNTdHODAw?hl=en-US&gl=US&ceid=US%3Aen,BBC,16 hours ago,📺 BBC,https://news.google.com/api/attachments/CC8iK0NnNW5VemxmWld4c00zQnhhMEZwVFJDZkF4ampCU2dLTWdheFpJYVByUVk=-w200-h112-p-df-rw,2025-11-16T12:52:59.236318
Storm Claudia: Major incident still in place after severe flooding,https://news.google.com/read/CBMiWkFVX3lxTFAwS3M3a0lfb3Bwd1RzZktRSGFLZUJUbzduR2VMYzk0R05qckdRSEhTZ1NDUTE5NURSNG9ka2F2VE1BcDJFcVpob1c1dG9SRTV6UUpQcFdJTy1MZ9IBX0FVX3lxTE5mZW96SjI5dWZ3N3REaUlDdVNYWjJtWGNrZ0d3NnVFMGh3WG1iU1dPN3hkQ2ExNDh5a3dNRXZrb0QzZkJqdWxxM3RoanMzVkt1RHNQZl9HNXdURXFDU1Fz?hl=en-US&gl=US&ceid=US%3Aen,BBC,3 hours ago,📺 BBC,https://news.google.com/api/attachments/CC8iMkNnNVFhVFp3T1dsMVNrWkhNbkJRVFJDZkF4ampCU2dLTWdzQmNJS1NMQ1BJbVFpZFBB=-w200-h112-p-df-rw,2025-11-16T12:52:59.236319
Monmouth floods prompt 'danger to life' warnings and rescues,https://news.google.com/read/CBMiWkFVX3lxTE5GYk9XZFU3Z1QzcENuYmJoU1hvWFlpNU51NnZfNDJpZTFWdXI1bHl6dFFOc25Ga091dzl6WGMzNGhZX1pVUlNfdlZsVHEzWC1xQTRrVF9kZVRNUdIBX0FVX3lxTFBzS1BOb2FGdDJVQ0xjck02WUtOaHZYMVZMeVd6b2hKaGU4OVFEM2FiWE82QUVJMEx3RUtnMGsyZWY0ZUZ2Rk5Udk5jdGtKck8xOFEwQ1dFQzRQWFY0bkFJ?hl=en-US&gl=US&ceid=US%3Aen,BBC,19 hours ago,📺 BBC,https://news.google.com/api/attachments/CC8iK0NnNUdMVTl2VERWYVVYVlJMVkpyVFJDZkF4ampCU2dLTWdhQmxJU3V6UU0=-w200-h112-p-df-rw,2025-11-16T12:52:59.236321
"Breaking news, video and the latest top stories from the U.S. and around the world",https://news.google.com/read/CBMiPEFVX3lxTE1fU1RxaFJPN3owdV9ycENhQTlQM2loT2ZJZHNjeGZoRUZYOUJ2SzBESUdYcGNraGREdU95Yg?hl=en-US&gl=US&ceid=US%3Aen,BBC,"Nov 8, 2010",📺 BBC,https://news.google.com/api/attachments/CC8iL0NnNWZUM0J4Y0hsU1dVcHphVll6VFJDT0FoamdBeWdLTWdrWkJJQnNFV3VpQlFN=-w200-h112-p-df-rw,2025-11-16T12:52:59.236322
World | Latest News & Updates,https://news.google.com/read/CBMiREFVX3lxTE5aUW1MN1dXLUdVRU9VcjdnWDhmdXBwbl9qaWNJYlZBdzA2RGthQkVkVHFvWWw5WEF1MDVveHVBb3pCOEZn?hl=en-US&gl=US&ceid=US%3Aen,BBC,"Sep 20, 2017",📺 BBC,https://news.google.com/api/attachments/CC8iL0NnNWZUM0J4Y0hsU1dVcHphVll6VFJDT0FoamdBeWdLTWdrWkJJQnNFV3VpQlFN=-w200-h112-p-df-rw,2025-11-16T12:52:59.236324
"BBC Home - Breaking News, World News, US News, Sports, Business, Innovation, Climate, Culture, Travel, Video & Audio",https://news.google.com/read/CBMiN0FVX3lxTE11Zm1uZWk1S0JDekNuTk45cUZJdHhzNkNiSFN6Q3lGNGJFb2NDZ0VUSm1weTIyNEk?hl=en-US&gl=US&ceid=US%3Aen,BBC,1 hour ago,📺 BBC,https://news.google.com/api/attachments/CC8iL0NnNWZUM0J4Y0hsU1dVcHphVll6VFJDT0FoamdBeWdLTWdrWkJJQnNFV3VpQlFN=-w200-h112-p-df-rw,2025-11-16T12:52:59.236326
Arctic blast to move across UK as flood clean up continues,https://news.google.com/read/CBMiWkFVX3lxTE54TXpUcUlyc29OQ1VFTk9MTXVsWjhZSFVUdkZULUR1YndoT293djJMNkRPQUlsamgzTkZmTHNHbTBPLTFwelR1LVM1NkU2Z0VSLXB1ZHBLVUd0Z9IBX0FVX3lxTE1od24zYU1HQk9sWm91R0ZscmpHVHNsemVTTThNZ1BNdTFJNHZQTWM2Y3Q5bnlkS3RyUDNGUnp4VkI0Rm8yVHNldnJ6MmdOUGRwN3FOVnlUWUpXNDJtQ19z?hl=en-US&gl=US&ceid=US%3Aen,BBC,1 hour ago,📺 BBC,https://news.google.com/api/attachments/CC8iK0NnNUJVM1IxVW1jM1ZHVXRRV0pZVFJDZkF4ampCU2dLTWdZQldZSGhaZ0U=-w200-h112-p-df-rw,2025-11-16T12:52:59.236328
ATP Finals: British champion guaranteed in doubles as Neal Skupski and Joe Salisbury chase historic win,https://news.google.com/read/CBMiZEFVX3lxTFBQRXdxQ2dEWkJzeUUyemN3Mk9KUXhURExCNlRYS0o1T1NRc2k1ZTVuZmV3a3dYN1VuWEJpa2lVV2NJY2xBeFJ1SUhEUjh1YXJpbE9hX1lmR18wN0tYc0FqVV9fbTM?hl=en-US&gl=US&ceid=US%3Aen,BBC,16 hours ago,📺 BBC,https://news.google.com/api/attachments/CC8iL0NnNTRVakZ0YlY5eFN6WkNVM2RIVFJDZkF4ampCU2dLTWdrTlU0NW9xZWVaeUFJ=-w200-h112-p-df-rw,2025-11-16T12:52:59.236330
Street sealed off in Glasgow city centre after fire report,https://news.google.com/read/CBMiX0FVX3lxTE5lQXdhMnNRRU5TbzF0N1JXX0d0VWlYRGNKSURxVFVQYkxhRlFVLW4yQkx5X0czWXlEcm9nVTdiUjM0amxSdnZPRE5abEhQNWNpU3NOaFFuVXFFQ2cwVTZR0gFfQVVfeXFMTmVBd2Eyc1FFTlNvMXQ3UldfR3RVaVhEY0pJRHFUVVBiTGFGUVUtbjJCTHlfRzNZeURyb2dVN2JSMzRqbFJ2dk9ETlpsSFA1Y2lTc05oUW5VcUVDZzBVNlE?hl=en-US&gl=US&ceid=US%3Aen,BBC,18 hours ago,📺 BBC,https://news.google.com/api/attachments/CC8iK0NnNHplRlZqVlZwWmIxOWZTM0p1VFJDZkF4ampCU2dLTWdZQlVKZ0pxZ2c=-w200-h112-p-df-rw,2025-11-16T12:52:59.236331
The fog of war: Changing weather becomes a new player on the battlefield in Ukraine,https://news.google.com/read/CBMidEFVX3lxTE5OMmFlTWVycUswRzJNRnBWRWdtdGRBWExjN3NTM1luTVM0UkJocUxLdTU4UDJrOWxac3h0LU1RTExVVDBrc3gxRXJMUlQwV2JSX1JKWWhtcXpvTnhNNkp6VjhWOGdnWVdFaGJhLXRydklOTURT?hl=en-US&gl=US&ceid=US%3Aen,CNN,20 hours ago,📺 CNN,https://news.google.com/api/attachments/CC8iK0NnNHhPWEp4WTFseFNuSm9NRmxRVFJEZ0F4al9CQ2dLTWdZQmdvcnF4UVE=-w200-h112-p-df-rw,2025-11-16T12:52:59.236334
"From Bakhmut to Pokrovsk, here’s how Russian tactics have shifted",https://news.google.com/read/CBMifkFVX3lxTE5VS0NSX0VYdU5GOFRRZUtRS2pROGw2ak9CY1pIOTdSRDZxSHFxcGYtVy0yektpeGNvQWpDS0xyMEJ1WnpiemFSUnJzRmZQYVJkN2p2YVRIR3h5bTlDbEZybGE2bUVGc1lxY0JZZzM5N3BKMzRtMjZsaTBlYkswZw?hl=en-US&gl=US&ceid=US%3Aen,CNN,7 hours ago,📺 CNN,https://news.google.com/api/attachments/CC8iK0NnNTFUbFZ3V1U5TlVrMHlNVUY1VFJERUF4aW1CU2dLTWdZQlFZenJPQVk=-w200-h112-p-df-rw,2025-11-16T12:52:59.236336
Mexico City erupts in first major Gen Z protest. Why?,https://news.google.com/read/CBMilAFBVV95cUxNcF83MV9wSV93SkxmUElJU0ZBY3o4T3phV0ZTOGJhQ0VNS3N5cXlGM3Q5ejdtZlVsR1g1SDdGYkRLV2trNmtwZlFJRHVMaEt3b2dzVDd5b1VHRVJHZTZyc2ZZbm1PMUZsWDg3RnR5U0x4ZWFENzlsVWsyQkROTFpxSnlDSV9halM3VHFiejl0LThnd0tP?hl=en-US&gl=US&ceid=US%3Aen,CNN,5 hours ago,📺 CNN,https://news.google.com/api/attachments/CC8iK0NnNXdkazFtYW1vNFNVTktaVkEwVFJDZkF4ampCU2dLTWdhbGRJcXVzUVU=-w200-h112-p-df-rw,2025-11-16T12:52:59.236337
"Breaking News, Latest News and Videos | CNN",https://news.google.com/read/CBMiPEFVX3lxTE5ZOG45NUhZNzhWc1hXX0VRbnNCOVVPSmVzYWdqci1hQ3VQdG42ZzJuRmVXMThHc3Q0SkpoVw?hl=en-US&gl=US&ceid=US%3Aen,CNN,"Jan 3, 2015",📺 CNN,https://news.google.com/api/attachments/CC8iK0NnNUphRTlKZGtkVFdWWnJUMXBrVFJDZkF4ampCU2dLTWdZZE1KakxKUWc=-w200-h112-p-df-rw,2025-11-16T12:52:59.236339
Last nuclear treaty between US and Russia nears expiration as Trump and Putin trade testing threats,https://news.google.com/read/CBMickFVX3lxTE84Z1lmYjZIUldFWkdRTG52TS1XMlA5blpvZlhybXVvYnhtX0lhVFM5T0JjNEttVDMtc0JSQmxteFV3LXd3YnJBdTExNTkydzdYN3d3U3prek1uN0liLVZUZlAzbnZQMFlGeGl4UHpwTE5Xdw?hl=en-US&gl=US&ceid=US%3Aen,CNN,2 hours ago,📺 CNN,https://news.google.com/api/attachments/CC8iK0NnNXZhRk51ZHpSVldXRnpjbkpDVFJEU0F4aVNCU2dLTWdZVk01cFFuUWs=-w200-h112-p-df-rw,2025-11-16T12:52:59.236341
Suspected Haitian gang members exchange fire with Marines protecting US Embassy in Port-au-Prince,https://news.google.com/read/CBMiggFBVV95cUxNRVhHWDlzTEJLdnhtX3F5NUlLTm8yWk5rWTdEREw4dzlvSkpRNGRJeEFMS1B4SGpQT2Fva1hob3RKQnUwLVlGUWlFSEwtRnlhM1pEZnZLWk9pSEFGbURnS1J6STVKVm9MTE1uRy11QWFSNlA0M18ycElaLVI2VGI4b0NB?hl=en-US&gl=US&ceid=US%3Aen,CNN,11 hours ago,📺 CNN,https://news.google.com/api/attachments/CC8iK0NnNXRNekpDT0VKcU1VZHJTVnBQVFJERUF4aW1CU2dLTWdhQlVKcUZwZ2c=-w200-h112-p-df-rw,2025-11-16T12:52:59.236342
Venezuelan President Maduro warns US against military intervention,https://news.google.com/read/CBMikwFBVV95cUxOVFBYQ09PZ1NkUDFyamNWVy1BSlJUNTlqU3Fiakdfb0tLOEN0V0VCV1lySndjOG1zS0xzNEZsM0NTMGJzLWdsLXE1bEt5TUV5N1RlZ2VzNG5FT28xbm95UjEwbnpERnFuYTNJX3BzR1BCaXpqVWlROWJQYUotWk42dGZJeDVzZTVFeUxndDh2UFFQWTA?hl=en-US&gl=US&ceid=US%3Aen,CNN,2 hours ago,📺 CNN,https://news.google.com/api/attachments/CC8iK0NnNWZRV1F5TTJwM1JYZFpTakpZVFJDZkF4ampCU2dLTWdhWmxJTE52UU0=-w200-h112-p-df-rw,2025-11-16T12:52:59.236344
"Europe news - breaking news, video, headlines and opinion",https://news.google.com/read/CBMiR0FVX3lxTE4wS3pHcEZYN0pET2x3Zk9hbEU3X0x5OWlQcVY3MEtFcEo4aEJIaUlWUE1HdEI3WXlQeEJHSWduQ0tDWnpBYWlz?hl=en-US&gl=US&ceid=US%3Aen,CNN,"Dec 5, 2022",📺 CNN,https://news.google.com/api/attachments/CC8iI0NnNHhMWGhRUlZsRFZVbDJjemRyVFJDZkF4ampCU2dLTWdB=-w200-h112-p-df-rw,2025-11-16T12:52:59.236345
"Russian invasion of Ukraine: Latest news, analysis and videos",https://news.google.com/read/CBMiUkFVX3lxTFBWRXB2M0pvSVBLbTlwd0I1QWJ2dmVlOUd6MFlkbWtHOUNNTXUyRE91S0Rwemo1V3RtdW82MkVpcXhWVUI3VmhjbkZWc0sxOWJiQ1E?hl=en-US&gl=US&ceid=US%3Aen,CNN,"Mar 10, 2023",📺 CNN,https://news.google.com/api/attachments/CC8iK0NnNDFTMDFMUjJoRVZ6VlBPR0puVFJDZkF4ampCU2dLTWdZQllZenVPQVk=-w200-h112-p-df-rw,2025-11-16T12:52:59.236347
Nike Fell Behind in the Sneaker Race. How Its New CEO Is Catching Up.,https://news.google.com/read/CBMi8ANBVV95cUxOZUs5bWhtUjZDeWl1WkZ1TW95WkZ2aHBGeVVBQV9KT0Q0c0Z1Q2Q5NHE4bWZEZ0NVNmNWZWtZeXFGQ3dfTks2Y1VJeDlrb0lGUGY5QmFpT0VrT1l5dy04MllKRm00RDk0Q0JibUxGTmJsdWZUeVgwcllDekJwcUdmN01aUXZ5aVZTSXpWVW9IRndvU2ZWbTFudWl6QkdDb1BHd0Z3cnlJXzB1Uy1VZzEzRWtfTWtWVUdOQ1I0blRqbXMtR3YxMDgyU2dQUEhmTGY2V1pBNXlDaWpvNDUxcGQyRU9uZFlUalZSQ3poR1JZbjFLbWxfN20wREJuUG1fMF9UNldlUVlWRnRiT0k5bEx0Rk9STVlhdDlsYjNFX2hkSUtMN2lmQ2R1OF9CNHhrc3hMTzBjVDhMcFhOUk1ZbXVoQi1TYVBQNi1BTEltNm12cjRRVXZHVjVQZWZMNG9qSmNBMkUwMUhMTWUtd3dDd1B1OS1ZbGQ3WFZvY01qTDlmZE1aSFpuM0RoQmVLYl96b09rLU1CUlljT19GeEltU2xyN25mZHBMUElrQXgwcFU4VEdfMVk2X003ZjM0aXZUcUFVbnR4TzNMR0R3V1dJUC1xZ2ZsVUl3SjF1aWFwZWQxSzlLYmZQbmdhTGNudGVzNEhW?hl=en-US&gl=US&ceid=US%3Aen,The Wall Street Journal,7 hours ago,📺 Wall Street Journal,https://news.google.com/api/attachments/CC8iK0NnNUxWVGx3TmtSRGF6UkpiVkpwVFJEZEFoanNCQ2dLTWdZSlNZYW1uZ2c=-w200-h112-p-df-rw,2025-11-16T12:52:59.236349
How Trillions in New AI Debt Will Test the Bond Market,https://news.google.com/read/CBMi4wNBVV95cUxOaE9qTktiZDdlVzBuZGR6Y08yS1Rpc2RCSG5BYmpqVXdfTzlPSkExb1BTZFJ5S2k1RjhYdmNrdUhCNmFtbjExZnpzM0R1ektUWGRBQWxxU0lNOWtWUTFRd0ZHOWtJZGpMb18wNzNNOUtZcHlTOGlma1JVZ0pibEJoaDZId01YQ096VW5wTUxMaDJndEhpUXh1c2Y5eVBiMzROeWRsNFN4SkZNcXRoQ0YtR3R5V1FZLWc2TUY0NHRmb0RDa2drWURBdkJMQU8xUk9EaXgtalRJRU5VTmxmYm85ZWdPc1pWdW1BblJfeWR4ZXowQkdlb3E4Ynhxc0FnUTV1ZXJSdk1ZZnVEdVYybm9rN3JoVFEzWjJLd1JycUhUR2JhRGhsOE9iQlJYaTBPS1R3cllSaDJ2UmRPRHpfbk5mcFg4eVdVcFJ5Tkl4RWpQRExZT2M1a1VoQmtwZFlySXFtN2lJNFNlVDMyM2xsdnlhcXZMaVF5VTVGbkZsQmh4aHV2RjZYbDd6TDI0dWV0QnFNWUxzczFPUUNBUzUtSGtueloxN2U1dnJFT1JoVXltY2pLbExLdDF5a3p2b05aNmFzRlplcU41eW9HZURNazZvNkl6NThsMnVkX0lUQTJzTU85bHM?hl=en-US&gl=US&ceid=US%3Aen,The Wall Street Journal,1 hour ago,📺 Wall Street Journal,https://news.google.com/api/attachments/CC8iK0NnNTNjWEphTFZVMmFqUlFRekJCVFJEZEFoanNCQ2dLTWdZQkFZclVqQXM=-w200-h112-p-df-rw,2025-11-16T12:52:59.236350
Iran Seizes Fuel Tanker in Middle East Waterway,https://news.google.com/read/CBMinwNBVV95cUxPVXRtOFdxbzV1a1BsUDg0QkFtVzlEZHFmZWg2ZWJnZFRkbjAtNFBnbXVEVm1Dc1pQcXR3a0MzcEpOU25NbndFTXg3QjF4OERjLXZGQ0FhVWMta19fcVJJVXA2X0xwOUhmRnVZUHdRQjktTFJCaXFtNnNvb1BnNFpqUVJSbk9TWnh4ZDVrelRNRnFicmRndWRlZjdDTFl1UU9aWTY0bjBUQThtVFNjNmpRdC1BZkNTa1NnZWNLampiSkhrT21sRHdLdTdaS21vRnNaU1JGTFA1ejUwSGkwa0R4SU93NEt2cWpvNFlGR1dmbVk3REIwTGg5UFoyUG4yMEk2bmlFRThVMTNRblg3YnY0RDlVNnp3MUNCSTZDR05oOTlVMWNRYU1PdVlWSmJQRnpwS3dfODBXRUVvRlhJNHpMYVZaelMydU9RQTFTcjlBeWVBQ3FydDhwd09DeTZteWJyeHN6bXF4T0VtYXlBMmU2S20yMTBaYTgycXE2Qi1HTGhBV3phenktQ0c0dV9pMURUUEpwWkxsTzE1RU5ZcWRz?hl=en-US&gl=US&ceid=US%3Aen,The Wall Street Journal,22 hours ago,📺 Wall Street Journal,https://news.google.com/api/attachments/CC8iJ0NnNDFia1ZYUlVWcVYzbEpRbmhPVFJEU0F4aVRCU2dLTWdNQjBCSQ=-w200-h112-p-df-rw,2025-11-16T12:52:59.236352
U.S. Politics - WSJ.com,https://news.google.com/read/CBMixwJBVV95cUxNcWU5WlIxa2ZadEtYX0F4NnM3VlEtdEdweTFyd0FqRFFoRDBtQ3A0YW1CSUk2ZnpZQ1ZOb0FRdHc1RWRKQmI1c05VajFXejlYX2wzYVVqeXo0Z1huQ2lnZVFuYVRvNkdPYlY3Z05HSUZHTkdmdVd3dTZNTF91S1QtdUpfYm5oRC1nN3NvYzlUU0dISVJ6ZUtZNFFjQjJOYkFzRXZ3WC1UOUQ1bUNjMUNhVk5zNjZqNFF1LXpOakRZOURDZFdqMEJiMl8wUnFLenJ6UlF2TFFzRHpxOWZEa2l3VVpVTGxMaDVBVXpUTVhEWERPV252R0NjWTJhRVppZURHNGxpaU8yc1MyS0JYNzB3emM3eGtfRGNGY1FoZmRJblNwbm9Pa3MxMzNFLXRGaFZPbXZXeld0RkxmNGgxYVVNb3h5RmRFTDg?hl=en-US&gl=US&ceid=US%3Aen,The Wall Street Journal,"Nov 11, 2017",📺 Wall Street Journal,https://news.google.com/api/attachments/CC8iK0NnNVFiRXRVV25aaUxVdDRUbmd5VFJDckF4aUFCU2dLTWdhRk1ZcmtuZ2s=-w200-h112-p-df-rw,2025-11-16T12:52:59.236353
Officer Cleared in Keith Lamont Scott Shooting,https://news.google.com/read/CBMi3gNBVV95cUxPREVwQlN6SDlibFppeU1McjZoNzlFOEhJcGFwelpURUs0UC1jZkNTUE41SEpnSGtfTHpLYzRRa2YzenJBZm50cThTOHdDTnpfSk5WSVJld0Z4N1RZN19ZdFlSMElKUnhMT0poWXhySFVURld4cVd6TTdzb2RnOW1rU2ZFVnN1RFJHWVNhUDJsU0F3WnM4ZVhZaHNoT0QwbEZLa0tyQVZCRERkcmZRdzAzWmdfS0gyVmZ6QU53SlJJNXZfY3d0RmxwQUZHMDJ6WFk1OHRQMHBHcFUxTHc5VVlkd1dUVTN0ekhsN2l1WTVzY25pNm5qM1lRS0U0Rmd2Sk41TEt6X0dxTEU5N19lbEp6SlV1eW5jRXE5SHQwWjl3OUFxaTl6d041Qlp0MDZvS3Z2X2tSeDUyNXNTTXZkUUJ2WHRIa2ktdndpMHFQTXBmcEJBTlZfYUJ5NWxsQVAzWXg3YWZ1Q1prTVB2M0h4ekJqdU0wTG9mdTRLQVgxQjJjRmhYXzFXdk53MktGdXpwUFNCdnVJQnhTS21vby1xLUF3TmVvU2k3amFtbEtLYUluUTZUandSNy1YcGVvSy1GQXZ2Unk0QmlPeVdHbEo3LTAtUmhTS2JpaS14cHNuZkp3?hl=en-US&gl=US&ceid=US%3Aen,The Wall Street Journal,16 hours ago,📺 Wall Street Journal,https://news.google.com/api/attachments/CC8iL0NnNVlVM2RTVjJkTFVISm9lbWcxVFJDZkF4ampCU2dLTWdrQlVvWlB1U1hROGdB=-w200-h112-p-df-rw,2025-11-16T12:52:59.236355
Warren on Criticism of Her Tax Plan: 'They're Just Wrong',https://news.google.com/read/CBMi6ANBVV95cUxNcFF2QWk5Z3hoVG5Gc2xrMm5jLVlJWndjTHRKbXotTExiT3dod1U2TmNqZFBMUG9idlg4RS1OZERCMWhGUW5mcTJfeGFqQmJGUDNnVFFqTTdOOWdWNGRUcDdXRW9laHpNcTFnZFNPbU00eGtaWXBkNFdUdUt4dGYyeVFmdEFJUWlveDdBSjFMUEtJdmNULVVTWGtxSWJPejJmR193aTcydlN6enItcC0yQjIxN0p3SFFZZ3Mzdmx3QjRqU2N2ckV3bDJNb2xydHpPU2J1YWJpdXNnenU1LTB0dGsxUE0wNFI5NFZQRzFCeXZ5dWgtQl9lS3drZ3NpQ1I1WVVkc1FZMC03UklCLXVfTXMzRmlPbml6dkgtOExwZVhkekdEX0dxM0g4NDVrZ1QzMFEyS1FvWkFVN004VDVaNFlBbEN0dmd6UnQwdGw4SVdlSXp0QkdMT3pfOUhITGl2WHJIUWNyWlJ5aENIRDFjd2ZYUEFjNm9tTmpkTEdfRF9jVi1KWnp3ZzlHYUMtdUNfWGpJR3NQdnJ1MXBjVWlBLTFwVEp0MVJqYWtPRzBET0RVdHR1WXlXWEtvdE9NeGczYmgyY1daamtEekJkcGtteDBHLWlQb3p2RnN6cC0xS3FZY09PREdGQQ?hl=en-US&gl=US&ceid=US%3Aen,The Wall Street Journal,23 hours ago,📺 Wall Street Journal,https://news.google.com/api/attachments/CC8iL0NnNXljMHBaYXpkUVltcE1ia2xOVFJDZkF4ampCU2dLTWdrRk1aekZucWsxaGdJ=-w200-h112-p-df-rw,2025-11-16T12:52:59.236357
Christine Blasey Ford’s Opening Statement at Kavanaugh Hearing,https://news.google.com/read/CBMi8gNBVV95cUxQN3A3M09EWFpLSUFMdkVpQmxFU3F1cEttbU1NVlRQaVYtNGlhT0JrN3p2WEV3aG4wb1Z0Z3dyTUwwNU9vdGdMWk5sdkdBaDRzdDJEUnFyd1ZBTjZSQ2NlQ2VKVWtZUGwtUDdUMW9KZHA4TW5PZWFsb25xaHRwUUR3VG9PMWJzMkp0S25kMHRKT2w3QnlwVWJuUkZ0SGphc2xoRjBFb2JJMllnQWZlREQ3ZmJ0UV9QZnY0MlRpS1NvS0VveFF4SmgtZVFTaFJQNkI2UEtvN2plWW8tRlBoSVFOYnhIcm11UHNkeVVjZVViSUlKVmVDQ3UyZFBKRG0yTXo0MW1NaUxWQmJ6aFc1R1lPN1ZUXy1PVjdPb1RJTFNEN3kzNnQ1czlRY0NhX1JvbTNKbVlWdUp0VDJuLVFPZnY2NmNqbU5hMVdQVktHT3FhZUFEcy1kNGloQ0IyQWxMai1mdnRyWEJFZm92bExpNGthQ1E1TEl3ZVVPcFdoU0xPZVdLR0pvQmxHLW1FV19nbGFqcEE4UnJQRkwtVS1JdmFUdVViRVczbTh0VDlGVW1QamFCOGVjN2lSNHVjdmpVWXU2ZDhlZEhVSFNpang3RGRSdnVVNlVZd2RfY09yZGdmLTBTbzVRVUZEUVpTRVI3UG9MQmc?hl=en-US&gl=US&ceid=US%3Aen,The Wall Street Journal,11 hours ago,📺 Wall Street Journal,https://news.google.com/api/attachments/CC8iK0NnNURObFpMWVdvMFdsWmpUWEpHVFJDZkF4ampCU2dLTWdhMVU1UnhKUWc=-w200-h112-p-df-rw,2025-11-16T12:52:59.236359
Ukraine Claims Strike on Rosneft’s Ryazan Oil Refinery in Russia,https://news.google.com/read/CBMisgFBVV95cUxNVE50cG1leGQzM2FoYTJYU250WGdBSHhUaVJRYm9mc0FZMDFMODc1UEJ2T045NlhPMzdudHVzU3JGZUt3c0VsMU5WcnBvSm1nVnd5UGlSTVR1LW5WcnNHZ2MxNldnNmh0RThWQThiYjNLQ2xhTl81WHBia1pxbHpxQ3c2ZE9BR1l2dXp5eUpMRlZ1amVqQ2VDc1hVTnR2QUE0eGhJQnhqajBkeDJ2RjJfbmFR?hl=en-US&gl=US&ceid=US%3Aen,Bloomberg.com,22 hours ago,📺 Bloomberg,https://news.google.com/api/attachments/CC8iK0NnNWlXRFZpTFV0a2JXeHRhMGRwVFJEcUF4anlCQ2dLTWdZQkFJS3JGQVk=-w200-h112-p-df-rw,2025-11-16T12:52:59.236361
Ukraine Claims Strike on Rosneft Oil Refinery in Russia’s Samara,https://news.google.com/read/CBMitgFBVV95cUxOSTFmVWFZYkJlQWduQXVJSnIzZi15WUFkT05fanUxX0g4aGZvNHlIcE0zSE4xZWRnX0VXb1F1Y2RHbmZCTTJuNFVvdXUyU3NHc183aU5CUENpZVpIUjFFVkwxTERTOTcwNzd1T1dpa0hlMmpOYThvMnBsSHhseUszblpBaF9wQ0FIaGRxbUJvRDItVHZXT2dFM0FNY1JPeGRmT0VlRjk0YjNOZWV4TEF6cnljS244QQ?hl=en-US&gl=US&ceid=US%3Aen,Bloomberg.com,19 minutes ago,📺 Bloomberg,https://news.google.com/api/attachments/CC8iK0NnNUlVR1ZOVlcxUmRHWllRMGt0VFJERUF4aW1CU2dLTWdZMWtvb3pOUWM=-w200-h112-p-df-rw,2025-11-16T12:52:59.236362
Information Technology Sector & Industry Performance,https://news.google.com/read/CBMickFVX3lxTFBSeUlLTXpfdm84dW5GRkFiU3h3V2Fub1o3MHpVcFhFZzBwWjFFbGhjOV9zUWdUZUJibjBReUxmOXhYMm1pREZtY0FzZGE1ay01U0R4NFpBd2Jlb3JnajJ0SlBaYjRqWHhMR0tkN1owaC1Bdw?hl=en-US&gl=US&ceid=US%3Aen,Bloomberg.com,"Nov 4, 2016",📺 Bloomberg,https://news.google.com/api/attachments/CC8iL0NnNTZhMDFXYW1KSFVYWXRibFYwVFJDMEFSaTBBU2dLTWdtQkVvaUNQZVE4QXdN=-w200-h112-p-df-rw,2025-11-16T12:52:59.236364
Live Q&A: Where to Invest in Africa — The Risks and Opportunities,https://news.google.com/read/CBMisgFBVV95cUxPSTlLckpsRDlmNEVleUlIX3d0QmpvcThIQkRhRU1DSlZQZFFVYnFXQldvMFpyclBZbFBDZktfdkNPTmwybnEwNGlfcWR6OUtlZEJXS0tGN2NqMzZ1R0ZrQ0NjWUVKQ0lGRFRiLWw3WGFKS3dmWXJjOVZwbXpJVEZ2RjdjOTdMcjE2QnRmQjJFcDA5amVrbU5ESGg2N3V0SXZOR0JKSktGeXI3VURJWVJxVkln?hl=en-US&gl=US&ceid=US%3Aen,Bloomberg.com,6 hours ago,📺 Bloomberg,https://news.google.com/api/attachments/CC8iJ0NnNDBVV3gyYUZCV2VqWk1hVk5TVFJERUF4aW1CU2dLTWdNQm9BQQ=-w200-h112-p-df-rw,2025-11-16T12:52:59.236366
Zelenskiy Moves to Clean Up Energy Sector After Graft Scandal,https://news.google.com/read/CBMi0AFBVV95cUxQalpJMVQyelpjNTFGTDVYa2lqX0N2MlNfckthVmpSV1R2VWlnVzhnN1NvNEJROVFvSVBQYnJfSkp0aHFwSFFFYjYxZFlFLVE1S3JlczJhaEFVQm1KVlh3T3V5M3c2NmhGRFVFcVpXa0JWMUo4N1JFbEt3WUlTazYzck5KMTFnYnhjaTgzV3JSUDliWXgyUDl1RWdVelN4Tl8talJWUGU5b21TTmlWOE9reWMxUlpFckg3aHFsZ3EtRzdXYVBiRmllRGZzOEpDd3Fk?hl=en-US&gl=US&ceid=US%3Aen,Bloomberg.com,3 hours ago,📺 Bloomberg,https://news.google.com/api/attachments/CC8iI0NnNXNZemhsTjFGTE9EQkZVbGt5VFJDc0F4ak5CU2dLTWdB=-w200-h112-p-df-rw,2025-11-16T12:52:59.236367
Bloomberg Mercury,https://news.google.com/read/CBMiTEFVX3lxTE95VEJWYjJBbnoyODVuSXA0d1NhS3dDU19FUVRZLVRfVTA0RTRxd1dWWGlpQ2hvelU0YUlHd0ZDcEdtd1A0V05OVGZyN2o?hl=en-US&gl=US&ceid=US%3Aen,📺 Bloomberg News,"Jul 1, 2019",📺 Bloomberg,"https://encrypted-tbn0.gstatic.com/faviconV2?url=https://mercury.bloomberg.com&client=NEWS_360&size=96&type=FAVICON&fallback_opts=TYPE,SIZE,URL",2025-11-16T12:52:59.236369
Use Google Gemini and ChatGPT to Organize Your Life With Scheduled Actions,https://news.google.com/read/CBMifEFVX3lxTE1hQlZOVWNjSFBQR3hfd0ZtaWh4eXFKd0F1cnJmZ1otZXhmajMxUHVvTVd5ODRVSTQzTzdIVVR5V2J5cS1EQmdtdDcxa2hma1ZQRzlVcFZERUVqMjIyQUtuQ0dycG9UQVNSRjFtdlBuUnYyWEdUdFFJYTJCT0M?hl=en-US&gl=US&ceid=US%3Aen,WIRED,1 hour ago,💻 Wired,https://news.google.com/api/attachments/CC8iI0NnNDNiUzB6U0VOZmN6ZGtObUZSVFJDcUJCaXFCQ2dLTWdB=-w200-h112-p-df-rw,2025-11-16T12:52:59.236371
How to find music you will love without the algorithm,https://news.google.com/read/CBMifEFVX3lxTFBKaHFsTU1RRHgxanh3M0tjWnJtYlhYaU1UbENmUTk0cnJoVnJxM3Z2WDRsbnZHOHFyOHh5akxyRkpYRnpJMnlLMHYtdWFxcUhicHJxanJQY0gwbWxDeVJDbEc1TEZaWjJhTWIzWXVxZDZfTmhSaU9Lbmc1WXA?hl=en-US&gl=US&ceid=US%3Aen,The Verge,21 hours ago,💻 The Verge,https://news.google.com/api/attachments/CC8iK0NnNU1kR3hGUVZSSk9WRkdZMXB6VFJDdEJCaW5CQ2dLTWdZQlE0Nk9PUVk=-w200-h112-p-df-rw,2025-11-16T12:52:59.236373
Framework’s franken-laptop is back with big chip upgrades and familiar frustrations,https://news.google.com/read/CBMiiwFBVV95cUxOc2ttMU9pZjh5SE41TnVJVU5iZkQxWS1oMWRFOWxmc01IejZJejUzUXRRS2xnSHdPYzdiY2Q3djlUbnF2WEpoM0hGUEJjQXNCRkNkXzNjM2t3Rmc5M1pIdkRzMFlKcTZvTWFqS2lMVVY0XzNTSXdmT1VJcXBkOFdUNHp5dUVCWk1BdnFN?hl=en-US&gl=US&ceid=US%3Aen,The Verge,22 hours ago,💻 The Verge,https://news.google.com/api/attachments/CC8iK0NnNDBXblJ3WWpoa09WZGFiMWhGVFJDdEJCaW5CQ2dLTWdZQkFJcE1HUWc=-w200-h112-p-df-rw,2025-11-16T12:52:59.236375
The Steam Machine feels like the TV gaming PC I’ve always wanted,https://news.google.com/read/CBMigwFBVV95cUxOcGVaemExdWx5Qm5QMGw3MXpyd1FJelhCYkF1N09oT2wwNlVTaHp5aTQ1SVVVRER4OWJWbENlb2NKbGxXVHE3cGNFVHNROTB0MkZscGhXTW91UHhuVGdyWVVpNDM4S29tMy1HNWtGNEVtMXBidFNKZDczanNIVWZQc1J3cw?hl=en-US&gl=US&ceid=US%3Aen,The Verge,23 hours ago,💻 The Verge,https://news.google.com/api/attachments/CC8iK0NnNXVSVTlCTmt4TVYwaFVTM2xVVFJERUF4aW1CU2dLTWdZaFk1Q09wUWM=-w200-h112-p-df-rw,2025-11-16T12:52:59.236376
Tim Cook could step down as Apple CEO next year,https://news.google.com/read/CBMigAFBVV95cUxPdG1wcFVXak81QUlHLXdZaUVidnZycFRiaVhDS3RrTUNDT2s5NU9sVkxVYUxHY21tUTVoZzdOUGJqSGMxX2o4MGRIQ3prVUtpOHNlaW9fVno5ZE5Bc1RXbmd6eHJHdGtvTkVTSVlVWFFmTWpiY2xjYTc5THY5VGZNdQ?hl=en-US&gl=US&ceid=US%3Aen,The Verge,17 hours ago,💻 The Verge,https://news.google.com/api/attachments/CC8iJ0NnNVRZMjk1ZDNOWFptbEhaek5mVFJER0F4aWtCU2dLTWdPQjRBUQ=-w200-h112-p-df-rw,2025-11-16T12:52:59.236378
Possessor(s) is a fast-paced action game that gets off to a slow start,https://news.google.com/read/CBMib0FVX3lxTE0tN1M2dU5lMjF4dW9rcDhnSmc2TXFXOF8zSnB5VkFZMWJ3Rlowc3VpbEN4V0dTQTdFSkdrcTBCempSWXZRUndXNXdQZE5ydFlncThGQWt6SHJIS0QtbV9PZUFoamRNbTQ1QUY0YXRzQQ?hl=en-US&gl=US&ceid=US%3Aen,The Verge,20 hours ago,💻 The Verge,https://news.google.com/api/attachments/CC8iL0NnNXRTbHBIVUdkRWVWVlhkVTlOVFJERkF4aWxCU2dLTWdrQnM1Qk1QU2Jva0FF=-w200-h112-p-df-rw,2025-11-16T12:52:59.236380
Here are 25 of our favorite outdoorsy deals from REI’s massive Holiday Sale,https://news.google.com/read/CBMifEFVX3lxTE0xTzU5ZnkxNGlYUW1pbW9IY0dSYTROTXhSaWt0SjlOVmZsSG9WdWZfMURHOFRFSmh1TjY3UEM3dFFyRXdPamtxZjdvOW5CTFBpbTZESHdEeTVTN0ViazFhZDg3TVZGN0Nqc2hBQjlOMTlRaWt6cTZQeko4TG4?hl=en-US&gl=US&ceid=US%3Aen,The Verge,19 hours ago,💻 The Verge,https://news.google.com/api/attachments/CC8iK0NnNVlhMEpaU210bFZXTnZPSGxtVFJERUF4aW1CU2dLTWdZVmtvenFQUVU=-w200-h112-p-df-rw,2025-11-16T12:52:59.236382
Pluribus’ third episode throws a bomb into things,https://news.google.com/read/CBMigAFBVV95cUxOUXFvZW9xSHludmZtZjlXekM5RlRrbDBEeXd0ekJBX0ZwdDlHTHV1Tm53RUYwbFVFdTdjdEwxemNkeTNaRlBMZG04Z3QtQmdBX18yMEo1S0NPTTBqWmtDZTJlSHczb1FaT0RSWW00ejhxR2dLQWVOUWN0TzNraWM5Qw?hl=en-US&gl=US&ceid=US%3Aen,The Verge,23 hours ago,💻 The Verge,https://news.google.com/api/attachments/CC8iJ0NnNVlObU50WW1GMlFYUnZUbXhwVFJERUF4aW1CU2dLTWdPUlFRNA=-w200-h112-p-df-rw,2025-11-16T12:52:59.236384
Co-founder of an AI transcription company claims it was originally just two guys pretending to be AI.,https://news.google.com/read/CBMi0wFBVV95cUxPXzJ5TmRkQURwTkJCS1RKTVhSVWJNZVZtQmdQQXd2NVNVXzZGZ3RXYktjRXY1LXR0VHRjWEM4Z01tYnhZN1dNajc4S3FlajBDc2xfMDRkQnFqWkFmaGxVeW9QWmw1eDQ2emd0cDI0TlZ2cGNHa2xua0tyTlg5Q2VTVXVKWC1MNEZjZ0NyX3lyTDNvV04tWmRneHEwMldDdDhsNTkwczh1U0RGZU95OUFJSzU1T1hCemtsaTZ5ZkhLWERvUEMwZXFERGUxN2JjYzZRZWgw?hl=en-US&gl=US&ceid=US%3Aen,The Verge,20 hours ago,💻 The Verge,"https://encrypted-tbn2.gstatic.com/faviconV2?url=https://www.theverge.com&client=NEWS_360&size=96&type=FAVICON&fallback_opts=TYPE,SIZE,URL",2025-11-16T12:52:59.236385
DeepMind Go challenge,https://news.google.com/read/CBMiYEFVX3lxTE0tNFoxRXJ2OVh0b1BmLXBGd0duUVZlTXdoV29pNnRxTkwyYmx5NlRXOERWSVdYZkpPY1VVR3QydXZ6WTBSX0VUbjliUlZnMG92VzdDZjRGN0xHY1ZhQ3YwbA?hl=en-US&gl=US&ceid=US%3Aen,The Verge,17 hours ago,💻 The Verge,"https://encrypted-tbn2.gstatic.com/faviconV2?url=https://www.theverge.com&client=NEWS_360&size=96&type=FAVICON&fallback_opts=TYPE,SIZE,URL",2025-11-16T12:52:59.236387
Android 17 might add native game controller remapping.,https://news.google.com/read/CBMilAFBVV95cUxNNGw1SzBxb2txU3ktNFlLSWxBazhsZkR3UUxHX0Q5UXU5dS0xWjMzLXFPRU1adVEtbkRTWDdxUEYwaENvbzZTZTJsenJqeEpyOUw2SnU3RnF3SlJIU3BGVF9nRFZmQkRib3NkYnAwZjY3QnJSMUU0b2ctekdmYVNJWE9zbXBOQlpzSXlUUkR5MkxuNEk0?hl=en-US&gl=US&ceid=US%3Aen,The Verge,19 hours ago,💻 The Verge,"https://encrypted-tbn2.gstatic.com/faviconV2?url=https://www.theverge.com&client=NEWS_360&size=96&type=FAVICON&fallback_opts=TYPE,SIZE,URL",2025-11-16T12:52:59.236389
"Drone News & DJI Rumors: Mavic 4, Mini 5, Neo 2 FPV Drones",https://news.google.com/read/CBMiNkFVX3lxTE5qeXVGNFRZZ1g2Zlg2WHI3Zmo0MHRLSTQ3dHRDLUlHUW5GWDgwMkJuYjhrd1ZRdw?hl=en-US&gl=US&ceid=US%3Aen,DroneXL.co,"Feb 16, 2020",🚁 DroneXL,https://news.google.com/api/attachments/CC8iK0NnNDFkakJKZVhGcFQxUkZUVXd0VFJDZkF4ampCU2dLTWdZVmRJanFNUWM=-w200-h112-p-df-rw,2025-11-16T12:52:59.236391
Students celebrate graduation in Gaza,https://news.google.com/read/CBMihwFBVV95cUxOZEtvY01xU3hldHFTQ05jUlAyd3pOOXU0ZXAyOTVNR0p1RU90dGNEb2kwRTZybV9sZkNuSjBZZ3JWMDBZUVgtb0hYTm04RGsxdmVFR2dNOWtKSEppd1o1SnQ4N1JWUWpmVTlaNl9pTUlORXFlVGc4aDJ5RXp1X3VZUmoyTFM5M0U?hl=en-US&gl=US&ceid=US%3Aen,CNN,21 hours ago,🇵🇸 Gaza Drones,"https://encrypted-tbn2.gstatic.com/faviconV2?url=https://www.cnn.com&client=NEWS_360&size=96&type=FAVICON&fallback_opts=TYPE,SIZE,URL",2025-11-16T12:52:59.236393
Ukraine's stalled prisoner swaps with Russia to resume,https://news.google.com/read/CBMijwFBVV95cUxQWi1mWHlCWjZBanM2WU5qNFV3YVgyMTZ4TkNiUkR1MEFzLS1jQlhVR0JTb2w5WUFvNG5LTnA2NFpIbTVOd0ZDN2RWNnR2QVVvdVo3YldaS2V6QmdlLXo1Z1Y0bmZESi1aRkxSeDlKXy0zaVZfb3FFN1lQRmtLaWV4UmdvRk9UOVJOQWJKaENHQQ?hl=en-US&gl=US&ceid=US%3Aen,aapnews.aap.com.au,2 hours ago,🇵🇸 Gaza Drones,https://news.google.com/api/attachments/CC8iK0NnNDViMGxoYlVSSVJrNXJlbkZyVFJDZkF4ampCU2dLTWdhTlpZWUpwZ2M=-w200-h112-p-df-rw,2025-11-16T12:52:59.236395
"US Drone ‘Watches’ IRGC Seize Oil Tanker With 30000…, Trump's Gaza Plan Leads to Palestine State? 4K",https://news.google.com/read/CBMi4gFBVV95cUxQX0V2Y2szdnV4Rmw3VXB1WEl0M0NnN043V0NQM0lpWFdPNmJWTFhvTHpoVFQ2RkE4enJveTlQYi1lS2Q5dVliTU1IZ2hGU0RKejB6RVFGczVNTmFKOElkVkJ0NWZXaVd4MnJwQ0ZOdW5Cc21Ca0RQWDV5YThEUlkwbDhzdHNLZW9PU1ZXaEc2N015RUZhTnRYY2wtd3h3T0pKVC1lTnlXNGdITDJyX1BPc2xSQzZGcDhJNkJRVmpxTEpjbi1CeU1WUmtvQ1FHU3R4VlZPcWNjbUtjNGNzZWxkRlNR0gHnAUFVX3lxTFBMMkRjSThEQWJyRGNNWVNEX1A1NTVZWmNIbTdTWmRjRUo1Q1BkcnFwWTYzeFEtbHpkZXktNWJvVG5UeFp1cFZrOElIQ0xUcmpmSUhGSW1ZSUFNLU5yRU02TWduN21jVlA4SGNrMVB0OGIwYlplcmdFWlF6aE02RkMxWmRWdkFoZEFxM2k5NW5tUW1MWnFyTDctcGZ4VmtoQnR1RUF2SGlza3lGU0pValFhb2g3TmszMUxWLU40VFlQUWNNUWJsTkZqX1hCbnVpWlNmUEM2bGJ5ejlhVFZxeG5xeHV6azlCdw?hl=en-US&gl=US&ceid=US%3Aen,News18,19 hours ago,🇵🇸 Gaza Drones,https://news.google.com/api/attachments/CC8iMkNnNTRla0p5VVVZemMyWjFiVTlrVFJDZkF4ampCU2dLTWdzQllJUkJKNmdXQ3BxVU5R=-w200-h112-p-df-rw,2025-11-16T12:52:59.236397
Rubio slams Hamas after video shows suspected operatives looting Gaza aid truck: ‘They’re the impediment',https://news.google.com/read/CBMifkFVX3lxTFBmc3BDMV84dVhDVDRqZ21CNk52dU1lWUxBbUVtZHAzRy11S09kbkxFUWdNc2tHZG9icEJJbHQ1ckJhWnU1MTViWjNna1I4aER0eTE0NFZPc2o5Sm1KMEtjNlVkMjZwaC0tcHNQN0pWTGZQQjllY3FQYkd4aXhXQQ?hl=en-US&gl=US&ceid=US%3Aen,AOL.com,9 hours ago,🇵🇸 Gaza Drones,https://news.google.com/api/attachments/CC8iK0NnNUlWMWhSY205bFYwRmxRa3QyVFJEb0FoaUFCU2dLTWdZbFZvTHNxUVk=-w200-h112-p-df-rw,2025-11-16T12:52:59.236398
"Ukraine strikes Russia’s Ryazan oil refinery, military says",https://news.google.com/read/CBMitAFBVV95cUxOejc5SUxMR1M0ZzhIOWNmdF9CRWtxUFdDZ3dvcEt2NlczMkY1cU5qNHlmdFZCelpKekoxcHVOT3lPd3RVZU53ODVhZnYxZlBzMHhkaEs2NUdXZWJBWUkwbldfUHpRNU9aNUhrNmpFOUM0VXZyZWJ1TkVJMkduRlRNR3V2M3AwbVpVbWoybkJLTUdOcGlOOE81dkN1Zkd2akxfaDlsRFNRUDcyUk9MTi1iSVBuZEHSAbQBQVVfeXFMTno3OUlMTEdTNGc4SDljZnRfQkVrcVBXQ2d3b3BLdjZXMzJGNXFOajR5ZnRWQnpaSnpKMXB1Tk95T3d0VWVOdzg1YWZ2MWZQczB4ZGhLNjVHV2ViQVlJMG5XX1B6UTVPWjVIazZqRTlDNFV2cmVidU5FSTJHbkZUTUd1djNwMG1aVW1qMm5CS01HTnBpTjhPNXZDdWZHdmpMX2g5bERTUVA3MlJPTE4tYklQbmRB?hl=en-US&gl=US&ceid=US%3Aen,Al Arabiya English,21 hours ago,🇵🇸 Gaza Drones,https://news.google.com/api/attachments/CC8iJ0NnNDNWRjl1YUVwb2NHdFVSVU0wVFJDZkF4ampCU2dLTWdNQk5BQQ=-w200-h112-p-df-rw,2025-11-16T12:52:59.236400
Iran confirms seizure of oil tanker in Strait of Hormuz,https://news.google.com/read/CBMi2wFBVV95cUxNZDU2ck1nMVM5bzNaTUt1TXNrU2Z5QWI3YmxSekxOcFBoV1ljR3QwcUg2SzAtLVgwb2E1ektfeWJqSU9wbEhrNm9yaS1hMi1mRGVDVGhnRDlQNW1BRVFNc29RWUhjMmpwc3pZRmduWTZuWjJjelU4OW43Tkk0WEFoaFJfMG4zSlJOR211SE5rLU9vd1VIRVE3QktIUHpScjdlZ3Bla0FsZ1I1WmMtTmJVcUFaS0NwU0hsRmlxNFVoMVhtNUxZWnpUV3pWdnJhTnlQcVNabjJ4Y053b3PSAdsBQVVfeXFMTWQ1NnJNZzFTOW8zWk1LdU1za1NmeUFiN2JsUnpMTnBQaFdZY0d0MHFINkswLS1YMG9hNXpLX3liaklPcGxIazZvcmktYTItZkRlQ1RoZ0Q5UDVtQUVRTXNvUVlIYzJqcHN6WUZnblk2bloyY3pVODluN05JNFhBaGhSXzBuM0pSTkdtdUhOay1Pb3dVSEVRN0JLSFB6UnI3ZWdwZWtBbGdSNVpjLU5iVXFBWktDcFNIbEZpcTRVaDFYbTVMWVp6VFd6VnZyYU55UHFTWm4yeGNOd29z?hl=en-US&gl=US&ceid=US%3Aen,The Economic Times,21 hours ago,🇵🇸 Gaza Drones,https://news.google.com/api/attachments/CC8iK0NnNXZlWE5YZFU1RWNFZGZTbDlwVFJEZ0F4aUFCU2dLTWdhVmNwb0tyUWc=-w200-h112-p-df-rw,2025-11-16T12:52:59.236402
Jordanian Army thwarts drug smuggling attempt from Syria,https://news.google.com/read/CBMiSEFVX3lxTE1wazVDa0JUdkE5bElPVmloOTJrRXdZYWthb0paOTROQTh4aHNVSzJZUEpNOHBFR2hNNVJTbEhKY0tLa24xOXo4eQ?hl=en-US&gl=US&ceid=US%3Aen,Roya News,1 hour ago,🇸🇾 Syria Drones,https://news.google.com/api/attachments/CC8iI0NnNDFOSEE1WkZGME9XeFdUVVl3VFJDZkF4ampCU2dLTWdB=-w200-h112-p-df-rw,2025-11-16T12:52:59.236404
Sweida Erupts Again: Druze Forces Clash With Syrian Military In Restive Border Region,https://news.google.com/read/CBMizgFBVV95cUxNR21qcU9NYk80Z1N5RTdsRG5xZWY4Z0dYc25mb09kYUltZm1NWXdZWFlvd3hlM3hFeVEyS2d1VTB4VTMtWlNpRlRuUnF3VTJFenlyWHlSbDR1M0ozRmV5a0VJSWMzTjVhTmxqZV96WWM0YW5RN0hGWl9qODFadjhDQVNKWGdmNU96aE5CS1h3ZHZaLTAwNHN2OEo5ajlLTm4xZThXX2xnc2Y0MkFmaUNXTi1xRm9aXzkxSFZMYUdfemwweU5wbUJlM3cxemw0dw?hl=en-US&gl=US&ceid=US%3Aen,MSN,19 hours ago,🇸🇾 Syria Drones,"https://encrypted-tbn2.gstatic.com/faviconV2?url=https://www.msn.com&client=NEWS_360&size=96&type=FAVICON&fallback_opts=TYPE,SIZE,URL",2025-11-16T12:52:59.236406
Taqaddum office closed after alleged MP guard assault in Kirkuk - Shafaq News,https://news.google.com/read/CBMinwFBVV95cUxPSVVoX28zTmo3QkZucnpNcHpqMHpiQ0FtQ1VTR2pfMHFzRWJGdXhBY2h3dmUxVy14cG5sdVR0b0pXSDBFd0R6YnB5bW0zUFpSSG16ZmEzLTBzMFdGLTdiWm1yeEdpRm5QTDBqWUZpN3p3Y0RXWjltRHpiX1hpN2E0ekZYZnBPUExKdTA1QlkwekczbUtUdk1mc1hwVEo2WmvSAZ8BQVVfeXFMT0lVaF9vM05qN0JGbnJ6TXB6ajB6YkNBbUNVU0dqXzBxc0ViRnV4QWNod3ZlMVcteHBubHVUdG9KV0gwRXdEemJweW1tM1BaUkhtemZhMy0wczBXRi03YlptcnhHaUZuUEwwallGaTd6d2NEV1o5bUR6Yl9YaTdhNHpGWGZwT1BMSnUwNUJZMHpHM21LVHZNZnNYcFRKNlpr?hl=en-US&gl=US&ceid=US%3Aen,شفق نيوز,16 hours ago,🇸🇾 Syria Drones,https://news.google.com/api/attachments/CC8iK0NnNVBhMTlzUkZkd01uYzBPVE4xVFJDaUFSaTRBaWdCTWdZeEFZUXlqUXM=-w200-h112-p-df-rw,2025-11-16T12:52:59.236408
Rockets strike Daramsuq (Damascus) neighborhood as security forces probe ethnic attack,https://news.google.com/read/CBMixAFBVV95cUxQOEJUNUFib2IzUFh1YWs3RC1FYTV2NF8yU3J6WkNxWG9RM3MxeXh1dDhaSGptendIMXZRU20tSS04ckFweUh2bUVyWXlVb01HSlhxaDdwVkRHVWNZTG5DTnNWWWdzalVTNTlZWFpBU1JxLUZtaEwzOFJRVmgyNmkySnZ5Y1VpV2FFbUZJZzZHb29oaTRXdE54aFVLWkwtZE02WmpIMmgxRDNIS3RqV0FNUWxaZHlBYnVsTWtmaERUazBTejdH?hl=en-US&gl=US&ceid=US%3Aen,SyriacPress,22 hours ago,🇸🇾 Syria Drones,https://news.google.com/api/attachments/CC8iL0NnNDNORWswTTBVM0xUaHRiSEY1VFJEWEFoaVFCU2dLTWdrQjhJQ29WQ0xBRXdF=-w200-h112-p-df-rw,2025-11-16T12:52:59.236409
China sends coastguard to disputed islands as row with Japan escalates,https://news.google.com/read/CBMicEFVX3lxTE9OSEszSFB3ZEs2UFQ0ZHc1elE0dzFWaFZrb2dhWWRTbmNNSWl1UHV4aU5PWlFQV3YtZ2ZTREkzaUx0Z0R0RVUxUWV5bHRCQ1JtaDJQMnE2b0ZVUGd6WnI0ZDhGYVZsc2V1VEpOTUEtRko?hl=en-US&gl=US&ceid=US%3Aen,Financial Times,5 hours ago,🇹🇼 Taiwan Drones,https://news.google.com/api/attachments/CC8iK0NnNW1USEZxWldaYWVWTjRiR3B4VFJDS0F4aThCU2dLTWdZQlVKWklxZ2c=-w200-h112-p-df-rw,2025-11-16T12:52:59.236411
Ability Enterprise eyes new SoC development integrating neural network engine,https://news.google.com/read/CBMirAFBVV95cUxPcWVPcG92LXlvaTBhY0tMd3VydjNVNWM2XzJUdFRTM1lIQVdjOVhVNkNwTFowM28wUFBaZ0hMTW9BSzFEV3lIVVlpcTFzU25ieGJBSEhFOFNmZXNsT0VNc1dNcFFSaDVJZzZYeGZpTVNycEx0NU91R1lNUXNpMHJKSElNZFJJQjhGMzNpR2txTGtQa1FRZ3NLcF9va0tqX3FSLW9XNlJLN3FpYlNF?hl=en-US&gl=US&ceid=US%3Aen,digitimes,9 hours ago,🇹🇼 Taiwan Drones,https://news.google.com/api/attachments/CC8iK0NnNUxlbmh6UkRKTFRuSnpjVXRrVFJDckF4aUFCU2dLTWdhWlpJaXRKUWc=-w200-h112-p-df-rw,2025-11-16T12:52:59.236413
Debris from unidentified craft found on Taiwan’s Green Island,https://news.google.com/read/CBMiWEFVX3lxTFBFamY4bWoxS3NrY3lucm1COHFOcTB0Ykl6TDJLZks1WkxOZDVFTThpNzAtdlhVZHRIdVRGR1NCM1pNcG5NenN5eWRUazF0MXVjampneTVKMGc?hl=en-US&gl=US&ceid=US%3Aen,Taiwan News,2 hours ago,🇹🇼 Taiwan Drones,https://news.google.com/api/attachments/CC8iK0NnNXhObWxUVEZCTGVHOU1lSEZwVFJDZkF4ampCU2dLTWdZQlVJelJNQVU=-w200-h112-p-df-rw,2025-11-16T12:52:59.236414
Taiwan Fierce Showdown: US‑Backed Air‑Defence Surge & Weaponised Chip Fortress in the Face of China,https://news.google.com/read/CBMi8wFBVV95cUxORFUxd25WS1A3MXpmZlVLWnYtc08zU1VoUnlHel9mRzk2cTBKU3NINGw1dll0MlJPZkMxVENqYkhpcmpsRzBkUjZfcjNobzI0ZjdNRHZJRDZ0LWtnSnk1S3dCN2h0b0NaSURucmtlTkp0OFdwZmlCazBZekx0YnVBMTNxcWUtQmdFTDRydFRtQnRqT0ZfX3gtaEVzMUt0cHNXTmk1QlJLV3RIQ2QxNlJyNkRxVi1hUHlhOG5oQVdVZkozc3hOLUgxTlpza0NqQURqeDdEQk54LTd6MGZuMmlSQmk0WlozY05lcFFGdEhqR2ppYTQ?hl=en-US&gl=US&ceid=US%3Aen,Travel And Tour World,19 hours ago,🇹🇼 Taiwan Drones,https://news.google.com/api/attachments/CC8iK0NnNUlTVkpvWVhodVJHODFTRWQyVFJERUF4aW5CU2dLTWdZRllZYjBOQVk=-w200-h112-p-df-rw,2025-11-16T12:52:59.236416
China sends coast guard to Senkaku islands amid row with Japan,https://news.google.com/read/CBMikgFBVV95cUxQaHhZckU3MWJ4YjZGRkxCS21LUWxVTGowcFRDdnl3SW5PMU5BcFc3eHFsMUhkRUpYXzFNcHFSdjQtMDBmbU05cVo1S0xSaDVHMDF4QlpvTmw5U21QeDhiaXRRcUhnQ21EWlVOb1BaSWRZQVg5WlA0S01lZ3JvSlBfT1d6OVNFVmdwMlA3Rl9oNTVSdw?hl=en-US&gl=US&ceid=US%3Aen,inkl,5 hours ago,🇹🇼 Taiwan Drones,https://news.google.com/api/attachments/CC8iK0NnNUpYMGszZGxFeWNHODJTek5TVFJEdkF4anJCQ2dLTWdhZFk0cXJOUVU=-w200-h112-p-df-rw,2025-11-16T12:52:59.236418
China issues travel warning for Japan citing rising attacks as Taiwan feud escalates,https://news.google.com/read/CBMijAFBVV95cUxPZ1hoaktUekljWUREUDJ5RVZvbF8yU0lmSDlDNjJHUC1tWXBuemczSkFaMkNTN0ZhQmJrZW1LcE1WbDMzWlpjZWY4dlh6YzJ0bFFFUGxhcW03Tm1vbTRtZ010aFZJTnFEUkJQZmU4U3VhT3lQRm1Hdjh0d3ZZOWowM0hQTklFeC1XOUMtQdIBkgFBVV95cUxPb3BWZTl3MkZYd0l0SXpvdC1zWEtOQUpKTTVaV1pNM3FlNzJyVWxoRnVsR01JLUJYZ0ZqbXJ6SFQ0VjZFQkg3VFhCdHZHTVZZMlZXekpmYmY1dkxQcE5nOVZ5WmktTTI3ZndQTFl4OTNBdnMwR3RZdkNGaUpqa01uZzRWZU1RODNKX3ZsUG00RlZxZw?hl=en-US&gl=US&ceid=US%3Aen,Daily Express US,22 hours ago,🇹🇼 Taiwan Drones,https://news.google.com/api/attachments/CC8iK0NnNHhRVTk2UVRsdGQyWnhTRUpGVFJDUkF4ajhCU2dLTWdhaEVvek1vUWc=-w200-h112-p-df-rw,2025-11-16T12:52:59.236420
China Initiates Sea Trials for Amphibious Assault Ship,https://news.google.com/read/CBMihwFBVV95cUxQX0ZVVE5Gc21qd1lfUTN1TW1PTVE2d1Z1Vjd0aVBUUERtdFlRTmZBLVNmbjFWQnU2MHpWT1F4ZUFxNFQ0WnVuMHF5czJNRUNPRDg5cWpkRFM1SWxxV0E1ak9fYlBfNFd2MUk2R3NvNE1JeWV5YXNMMzBNSGlMcmdIY25sTFA2SUk?hl=en-US&gl=US&ceid=US%3Aen,DEFCROS News,8 hours ago,🇹🇼 Taiwan Drones,https://news.google.com/api/attachments/CC8iK0NnNUxWMlZoTVdsNFRESktTa2RoVFJERUF4aW1CU2dLTWdZUkVJYTJHQVk=-w200-h112-p-df-rw,2025-11-16T12:52:59.236421
Sudan capital hit by drone attacks a day after RSF agrees to truce - reports,https://news.google.com/read/CBMigAFBVV95cUxOZHpVWFhZTXctM3NoWGxjdTVibkxVRnpITlNiaUFibkg3Q0FlUFhCb1J6M25YWUxLQTVVa2tNajU3QndiTUxaVnVOQjRVcmtydHZIczJhaVJlYl9EV1JvYnJ1ZFRBQVdUdWt5QTFWR19ZenU4Zlp3SnFLNlhpTEozZQ?hl=en-US&gl=US&ceid=US%3Aen,AOL.com,14 hours ago,🌍 Africa Drones,https://news.google.com/api/attachments/CC8iK0NnNUdhSFI0V1RscFlrTkxhVEpUVFJEb0FoaUFCU2dLTWdhUkVvaUlyZ2c=-w200-h112-p-df-rw,2025-11-16T12:52:59.236423
Four Nigerian security personnel killed in jihadist ambush,https://news.google.com/read/CBMiogFBVV95cUxQa2VFcmdOdG1vV1VFWU9qVkZZNUlBZzVoM2U2WmM5SFVPamVXTWdVWjFrVlUwZWQtd0lhb0Vma0tvNE1RUDdHOWszSVFZWGtuOE5tdWRyaEsyaE5sU1FzZkI1SFNRZDVlLV9xb0hHeFR0QWRZVHJiTXJOT0puUkdIYU9tT2lLbnV5Y05uc2szVF8xS0VSYy1PUWRUd1ZWVmpkTnc?hl=en-US&gl=US&ceid=US%3Aen,Space War News,8 hours ago,🌍 Africa Drones,https://news.google.com/api/attachments/CC8iK0NnNUxaMkYyY0U4NGIwdFphRU5CVFJETkFSajJBU2dCTWdZQlVaQWtwZ2c=-w200-h112-p-df-rw,2025-11-16T12:52:59.236425
Drone light show staged at Han River Park in Seoul -Xinhua,https://news.google.com/read/CBMiiAFBVV95cUxPcFNGeVpxY29SdzJtSDNuc1dRSkY2VnBmS002dFJkVG4xZTJvT3NSN0ZNNndIUGFiT2t0OVFScXRmZ2tSNjdCZS1CTXBabG43SmtQQlRhM251VmxPeHM5UGotZDNIcUNINmZtd25XaU4tMzJMSEhPOGxkOU1VYm1pa0RQUkREc3hJ?hl=en-US&gl=US&ceid=US%3Aen,新华网,13 hours ago,🌍 Africa Drones,https://news.google.com/api/attachments/CC8iK0NnNTZlWFpJUVhKUmJUZGpSbEY2VFJDM0FSaVRBaWdCTWdhbFJJQU1JZ2s=-w200-h112-p-df-rw,2025-11-16T12:52:59.236427
SS Rajamouli cites drone leak for Varanasi glimpse failure,https://news.google.com/read/CBMimgFBVV95cUxQd29aSlBReUN0VWYyU3NRQmlBa0tIN3RhdnZaOW1GTTVZQXRUeTZ5M1RnNUJTQkkyQTBhTXBqbWRsV0JCQWxJN1RpMU82cDM1SHJMR0pHNXY4WGc3YkFUNjFkbVZwOXlkU055WERwbE1MWFU3a3M4R29IRmpLaDU1ckF5MXVRZ1B3cTVZSVdpaFpLQTNTS1JKdGhB0gGaAUFVX3lxTFB3b1pKUFF5Q3RVZjJTc1FCaUFrS0g3dGF2dlo5bUZNNVlBdFR5NnkzVGc1QlNCSTJBMGFNcGptZGxXQkJBbEk3VGkxTzZwMzVIckxHSkc1djhYZzdiQVQ2MWRtVnA5eWRTTnlYRHBsTUxYVTdrczhHb0hGaktoNTVyQXkxdVFnUHdxNVlJV2loWktBM1NLUkp0aEE?hl=en-US&gl=US&ceid=US%3Aen,Siasat.com,3 hours ago,🌍 Africa Drones,https://news.google.com/api/attachments/CC8iK0NnNURaMTg0TUVscFZFVnRVblJMVFJDZkF4ampCU2dLTWdZSmVJNkhzZ1k=-w200-h112-p-df-rw,2025-11-16T12:52:59.236428
"Ukraine seeking exchange of 1,200 prisoners with Russia: Zelenskyy",https://news.google.com/read/CBMiygFBVV95cUxOTVBrLWd2R0wzemFUS1k4VzdZUzlfaEJRRGxqSmJpU19nY0VuWmVOUFZZNXZfMWY0WXB6cDRrcXBBdmZXNnBhOWo0ZmdOTHlPZHRCVXhGaW5YTjNKeW1lMmQzV2UySWhRQ1k1S1lnc2JaMkVQOHF1N085VHpkNkYtU3lTWkpvaS02MzFGd2tHb0NRQzZzRml2ZVNTSm8zUWM5dnJyQU5tS1BzX2hERG1hZkhoZXNiLXlWRFZIWTlqcllOWWZyLVBJanJB0gHPAUFVX3lxTFA3MEp1dnF0MmNqZDRVMTluSVowWWhfeXRoaWZscm1Ua0J0NExoZEtEd09SOU16TzVlV0pLRVJtRkI1Wnphc3VGVkJhUzlWQUtJRUZkM19rWkViN3c0TmtUbGFIa0N4RVpEeVpqYlljZzB4NzNiNGtBVUpSWTBkT1hMd3lka2o5UHFnZ1hQWk8tQ3UtRVB2MHJ6cGtXT2d4TjA2RDFPZTV3TTlXRDFTbUhKLXJqZUt5MDYyT1I5ZGVTSnRxX1M3eDlYX2huNHNETQ?hl=en-US&gl=US&ceid=US%3Aen,Business Standard,5 hours ago,🌍 Africa Drones,https://news.google.com/api/attachments/CC8iK0NnNUROVXN5UVRobFRHWkpRVWh0VFJERUF4aW1CU2dLTWdhVlJKYUhHZ28=-w200-h112-p-df-rw,2025-11-16T12:52:59.236430
Morocco’s 2026 defense budget confirms rise of domestic military industry,https://news.google.com/read/CBMisAFBVV95cUxNYXZzNzQ0VnJpYVphb2RhZ1VMcWtUaHA2amJqcmRpSGxJX29JbXRSWVEtZEVWQ2h0MHNXOHdnVHZyeENFWmp4R3JGVFZseVBEaXVLMmFtZUpKSmUtX0N2ckZfTmZGemhIbk9IanNpN3hBOE5iQ0hJZnFUWnV5TzRLenp3SGxwTXJsQ2FfTnBaMDMzZnhvZlJPeDZSeHpKT09nYkxwYnN3WS16dnJkMXp5VA?hl=en-US&gl=US&ceid=US%3Aen,The North Africa Post,17 hours ago,🌍 Africa Drones,https://news.google.com/api/attachments/CC8iL0NnNTBWbEZqUmpKcGFGUlVjVTR5VFJDZkF4ampCU2dLTWdrQkFKQ0ZIQ2dYekFF=-w200-h112-p-df-rw,2025-11-16T12:52:59.236432
"SS Rajamouli Apologises After Varanasi Teaser Glitch, Blames Drone Leak For Failed Screening",https://news.google.com/read/CBMi6gFBVV95cUxPaFFvZVYzQ3VZb21ZeFAyMTFKRk9idHJEQ2FrZjRTcWFIXzRKZndlUml4QXFjbUUtNHFYeHBob2d5M3ZuZUljU0JqTEJNMUhiWFFLVVFIdm14aW91RUFjLVBpbWN3ZHoyV09UMGhfSzAwQkk0Z3lONTRRdi1XeEdyOWc0SktjalQzQ001ZUFZV1JBX0h3SE05eXdBNXlwWGF5RTNHOWk1T29IRXk3RXppLU9jWm9SdzNVajdZVmNXQVp0ZzB1MXRDcDduOGw0cTFlN0ZDQ216N29faWJFQTdqcTFCeVR6b3Ewb0HSAeoBQVVfeXFMT2hRb2VWM0N1WW9tWXhQMjExSkZPYnRyRENha2Y0U3FhSF80SmZ3ZVJpeEFxY21FLTRxWHhwaG9neTN2bmVJY1NCakxCTTFIYlhRS1VRSHZteGlvdUVBYy1QaW1jd2R6MldPVDBoX0swMEJJNGd5TjU0UXYtV3hHcjlnNEpLY2pUM0NNNWVBWVdSQV9Id0hNOXl3QTV5cFhheUUzRzlpNU9vSEV5N0V6aS1PY1pvUnczVWo3WVZjV0FadGcwdTF0Q3A3bjhsNHExZTdGQ0NtejdvX2liRUE3anExQnlUem9xMG9B?hl=en-US&gl=US&ceid=US%3Aen,ABP Live English,6 hours ago,🌍 Africa Drones,https://news.google.com/api/attachments/CC8iL0NnNVRSVlZFWjJoa1RYbGpVMVZVVFJDZkF4ampCU2dLTWdrTkVaNjJtT21wcUFJ=-w200-h112-p-df-rw,2025-11-16T12:52:59.236433
Starmer says aircraft carrier deploying 'sends message' to UK's enemies as he dons new 'PM' fleece,https://news.google.com/read/CBMi8gJBVV95cUxNMERJSGM5TEhPekVLVkpjZm5TdUEwTm5ESVozbExiSTA3ZTROZk50TTg1NWRLdXM5OVFCWlNTWU11dDFJcnNZVTNKSnkxeEhJRnZ4RjRNRHo2dkdDLU5rcEhlY1ZsNy1SWUpzRjBDYW1IS2RmWlcyc05ZQ1dfYWxKYjVOOTlsQ2hPUGJRSWlDV0QxejBvM2pBaDZad0hqR1NWUUtvZEFxSDd1bnNGeC1lZnNacWpwREFzeTNLQnpGajB3UXNuSzlQajNlZG9nXzZZOWlzby1JaUI2c2Vib3dJMUlJVGdhVU51UEhWcEMxeU14TzNlYmczamZPZEo1VG5PYTljU2pZMXJLMmNKU2xFRG82WXdfbUpfWEo5S3cyb3ZLcjVsd2ZuaUJISW83ek5jN1hnS1g0dHdsaVpxNzMxT3ctYU4zMmwxQmFxbVBpUi1QN3lGS2hXUk43OVpsZWtkWVRhZWlyalYzaUc0Nm9ObTlB?hl=en-US&gl=US&ceid=US%3Aen,MSN,16 hours ago,🌍 Africa Drones,https://news.google.com/api/attachments/CC8iK0NnNURlbTVMTTNwNWVrczVNMWhwVFJEN0F4amRCQ2dLTWdZcE5KaXRIUWs=-w200-h112-p-df-rw,2025-11-16T12:52:59.236435
Germany invests €100 million in drone defense technologies,https://news.google.com/read/CBMijAFBVV95cUxPWVpmdER0RHZZRXBibThmZ2RGdUNPdC1Calg1TS1GNUR5ZTBfQ3hiTTZnbVVpQ2VRblBtbng5clMzeENzdFF2aDlta09UZ1Q3Y2dzWEswOFA3dFV3YV9FbTJicWhDQnRRcGNWOHVIdDVwRjJkb3RVUEp6bUlfZUdMdjF1RWxZM0tmNHd3Y9IBiwFBVV95cUxPcncwWGFYU2ppUXNtU0xWMDFHWkotcUQtRnQ0akFxTjBfUW1TelBKWC1NN2xQMGtNUUJBTWlKTFdJdTROdnd3UnA0MzNyMXZZanpnOGJEMldMRzRJYzZGVURWOHV1dV9WOVdCeGxuSXoyQ3l4M0g2Qk1wT2ZMVHpXcTBoRWRWQXctUng0?hl=en-US&gl=US&ceid=US%3Aen,Українські Національні Новини,10 minutes ago,⚠️ Drone Incidents,https://news.google.com/api/attachments/CC8iK0NnNDRSRXRUY25rMlkxRTNaMDkxVFJDMkF4aTlCU2dLTWdZZGNZU3NNUWM=-w200-h112-p-df-rw,2025-11-16T12:52:59.236437
Monmouth devastated by Storm Claudia flooding in shocking drone footage,https://news.google.com/read/CBMimwFBVV95cUxOeGVjQ3d5ZTVxV01IMUQ5eTRnZkdjRkNMYnluOWhYcXpRYjY2TmVVRlczWXViYW16QUdoc0hfLUxyR3MxaU9BclBmbUFDSk1OZkEzLXZmLVZwZlhuSEVaTWk5c0tkMm5MNkU5WHZrRVhXdDhNTnZvamZMc3ZiazBFOGNBTHhNZ1ZwOE9zdHV5MkNraE1CZ01QdGxtZw?hl=en-US&gl=US&ceid=US%3Aen,The Independent,5 hours ago,⚠️ Drone Incidents,https://news.google.com/api/attachments/CC8iK0NnNXpVVTlzZWxkWmFVMU5lRVJKVFJDV0F4alFCU2dLTWdZQkVJSXJtUWM=-w200-h112-p-df-rw,2025-11-16T12:52:59.236439
Man Detained for Flying Drone Near Vilnius Airport No-Fly Zone,https://news.google.com/read/CBMimwFBVV95cUxPdVZ2Y2pYazVIZE9BS2k1anowQTg3cTNlQnZ4c3JQczNkMjFUQnVaenh0eVFoRXBkR1RxSTVocjkzQlhISW0yakdEdnFsX1BwR3FWNERNaTRIc3MtaUlkc1I5WVF0dDNNTzI4cDNQYjF0ZVVNTFFZS1pxU2dDWVRNWmZDcm5YQ0FnTzVPR296Z3RYeC03SlIxbW1BSdIBmwFBVV95cUxPdVZ2Y2pYazVIZE9BS2k1anowQTg3cTNlQnZ4c3JQczNkMjFUQnVaenh0eVFoRXBkR1RxSTVocjkzQlhISW0yakdEdnFsX1BwR3FWNERNaTRIc3MtaUlkc1I5WVF0dDNNTzI4cDNQYjF0ZVVNTFFZS1pxU2dDWVRNWmZDcm5YQ0FnTzVPR296Z3RYeC03SlIxbW1BSQ?hl=en-US&gl=US&ceid=US%3Aen,Букви,6 hours ago,⚠️ Drone Incidents,https://news.google.com/api/attachments/CC8iK0NnNHdRWGRUYjJwbFIxWk5MV2MxVFJDUUF4al9CU2dLTWdZUmc1WkpNZ2c=-w200-h112-p-df-rw,2025-11-16T12:52:59.236441
Major airport in Belgium suspends flights for second time in a week due to drone sighting,https://news.google.com/read/CBMihAFBVV95cUxNaWQ5YXh2T1J5M3RrSnU1VFUwZ05uYWUzN1NVOHlweU53M21aZ0FkUFoyZ2F2aTM3TlJ1cVRWdzZvR2EzOW0xQTR4TmRLMTJ4ZkNEcGFMbzR0cUIyZWhIUUFmZk5QdWlQc2J1QXNMczRfR2oyM0gtX2dGRUsyQ0NmcnF3aDQ?hl=en-US&gl=US&ceid=US%3Aen,AOL.com,18 hours ago,⚠️ Drone Incidents,https://news.google.com/api/attachments/CC8iJ0NnNU9kbTFSTlZWM1VtTm5NbHBCVFJEb0FoaUFCU2dLTWdNQklBVQ=-w200-h112-p-df-rw,2025-11-16T12:52:59.236442
Police officer in critical condition after crash while supporting Vance's motorcade,https://news.google.com/read/CBMitwFBVV95cUxNeW5BVUpLZGtkLUJzVmxPcFlXV2g3aGhBVndGZkVwWjdocWVXdmFjMVE2WDA1Zk9UT0hNTU9xT196dU1VQ2pfZTd1eEQxMWpsVVFsLUNyYW5CcjdpbDU5djBRMDNWUmxnNGgtQ1dxUmVEaXpPRUNoR3R2dFg0SWk2b3ZsbElnNjFpakduZ2RuVWNubjhLOHhQekJvdWp0MnB5dzJwQVhiYV8xODQtTTlFbDhhaHFkYm8?hl=en-US&gl=US&ceid=US%3Aen,Newswav,16 hours ago,⚠️ Drone Incidents,https://news.google.com/api/attachments/CC8iK0NnNTBVSHB5WVRZMGFERktTV3RLVFJDM0FSaVRBaWdCTWdhTnBJckl1UVE=-w200-h112-p-df-rw,2025-11-16T12:52:59.236444
Rajamouli's Varanasi event: Filmmaker slams unauthorised drone leak incident,https://news.google.com/read/CBMi4AFBVV95cUxQbV9WNDJIem90UkoyelZLYmNSWDZDOEx5cE5JTlZWUzh6c3FJY3BzYk1GRlRNTXJ4LWQ4Z2JzNUpzd1NBVTJ0SkZCRk82ZHZkQTBTM3JtXzJaLUhPZHdNN0tldW9jOW9qcTF6NEcyZ3FyblJqYU9xd3hEZllwUHdROXhJWlg5bElpcm1Ma3A1UF91N3ZxYWc4UXd2VFd6VjFYZUlIQy1oQ1lUQkViMHJoT0lZYmtlSDR2MlJEbE9iTXRiWFdYdXFiYldVNDE1bG5lV1c0bmNhN1F1bG1hODRpWNIB5gFBVV95cUxQYWxSZG9rUzQ0M3g1YUlPbTVydkd5Rk00NWprUUNmVVNNMmlXT0dhaXhKX1RDQ3hFUzFibHhVV3NocnNzZXk5UUliWVdtbUtEQ1FWbEhPSUI1YTlmT3FUcWw1aWdWR05sQjU5bzVNQmtOVF9PRExnY0hGdm9vbzlXcEgxU2lYXzZJT3lkMFJJX0JqbUoxN20wS21obTdUQjhlUHBfd1ltYy1PdWdxNGtXRU0yTUxrN2plVml2NEd2cEJCZ1FyY0o0ZlJ6V0ZlQlBWSkRxRjBFVmlRQlR6MEk1a2VSZ1JtZw?hl=en-US&gl=US&ceid=US%3Aen,India Today,19 hours ago,⚠️ Drone Incidents,https://news.google.com/api/attachments/CC8iK0NnNUxNSFZJYlZKMVlrZGZMWFIwVFJDZkF4ampCU2dLTWdhTlVwaW1KZ2c=-w200-h112-p-df-rw,2025-11-16T12:52:59.236446
"Unknown drones over Samara: explosions reported, airport restricts air traffic",https://news.google.com/read/CBMimgFBVV95cUxNMm5VUFRhVmZIc2k1ckhyQTVpU3NIZjFXWmY4Zi1CSVkwU0tKY0tKUnRCTVg5U1NfVkhSU0pEcDZfYVBIRkFlM3JUYzYyRm51LWFDT0tJaDhMaWtReXVmaUVrNVA1Yl9EWGZzdEFMMUV2SVBoOGNROGF4MmRTc2l4aHE3VFlLU2NCVHROTEZjeVhLa2V5X1ZfSWNB?hl=en-US&gl=US&ceid=US%3Aen,RBC-Ukraine,8 hours ago,✈️ Airport Drones,https://news.google.com/api/attachments/CC8iK0NnNW5aMnRrUVV4UldVMUtVV0ZvVFJDZkF4ampCU2dLTWdZQk1aRHBIQWM=-w200-h112-p-df-rw,2025-11-16T12:52:59.236447
"Iran, Malaysia resume direct flight after 3-year hiatus",https://news.google.com/read/CBMilAFBVV95cUxPUHd5Y2w2VDZsdjBkM2JJSi1HNHY1LWlucXVZeXNQcWM2VFFTU1NlTENtYU00aGZWMWNtMDdmQmpPVEdBWDBCSnNaNUFCWGZhQzdGM0t1dGUwLUhEaW5XOW1GQlFnci15UjR2LXVJckdydUNFWEpuamJRM2FXd1hCeGp4NEhpNkM1SWd4UjNTbVRORDRs0gFLQVVfeXFMUG9EMWtVQTh5UWhITENqWXFXTHIwbDdUQ1E3T0NEa3ZneHJUZktOWjNsMzNSb2xscTNPQ0VhNFhNQlNxcU5acDVoLTk0?hl=en-US&gl=US&ceid=US%3Aen,Mehr News Agency,1 hour ago,✈️ Airport Drones,https://news.google.com/api/attachments/CC8iI0NnNWplbTE2TTNKc1MyNUpabXRMVFJDUUF4allCQ2dLTWdB=-w200-h112-p-df-rw,2025-11-16T12:52:59.236449
Several Russian airports restrict traffic,https://news.google.com/read/CBMijwFBVV95cUxOOHk4RWJvOUk2cEVmYXhuNUk4VzYxZXl5NnotNWd0WEZoOE5jY3oxR3ZUWXpaZ195RkhWc3NSSjl4S0VUZmc4N0R1YjJNWVZSS0c2Tll2R3J6aXlSdzh2LW5DNWRXTkRJajJpN3k0NkhWNGFTcWk2NDAwQUd3M1dtSEtHOEJsUjBtUGhNTTRqcw?hl=en-US&gl=US&ceid=US%3Aen,breakingthenews.net,10 hours ago,✈️ Airport Drones,https://news.google.com/api/attachments/CC8iK0NnNW1RVVJJWmsxM1JDMURSMDlZVFJDZkF4ampCU2dLTWdZQjhJZ2pTQVE=-w200-h112-p-df-rw,2025-11-16T12:52:59.236451
A possible prisoner of war exchange in sight? Zelenskyy announces progress,https://news.google.com/read/CBMigwFBVV95cUxNS0FxY29FZ0dPVWxiTDZaSWpNZ2g2Q3NKMnFOMWlMVFRfSndYVmcxckR3LS1PZEttYkZfU1ItTzFpcEZZcFZUc1hPd2g0NXBMVU5YeG5kc0tDRk9nTEZJdkxTVjMtYVU0V3RUS19XRjl6T3Q3R2gyaEw0aDgzTkw3clVwUQ?hl=en-US&gl=US&ceid=US%3Aen,Yahoo News Canada,2 hours ago,🏢 Prison Drones,https://news.google.com/api/attachments/CC8iI0NnNHRlRTh4UjBaUFRHVlZiR3g1VFJDZkF4ampCU2dLTWdB=-w200-h112-p-df-rw,2025-11-16T12:52:59.236453
Ombudsman: Russians could have killed Ukrainian prisoners in Zaporizhzhia region,https://news.google.com/read/CBMiugFBVV95cUxQZkpJMUJuWElMZWVRT2pHeVJxTGFaellHaHFJajJ4eU9kNDllbElGU0tCeGNGZ0JualpYdkJGZlZHVzltSXRKT3VDSjJHOFIzS19vRldUOWhVd3ZvQXJ3cHVUOVpqbjRubW9xXzJjbGp0MUF2MHIzdFFfZHNOQkNfbF8xTTU3bkpaTE55aEN6cXRaVjU3cnM2dTlmell0d1JwUnNVd0ZEYjZCZl9FcUVxNUljVDFPZVJLVFHSAb8BQVVfeXFMTVcwaTZBdlcxV0Q1NXVfQTA5T25fckhDRmVLVzUwa2FjZXA4VHJHWG93bGppeEFzcGhXUXhvd1VZMkhUbjkzeEZWdUw4S1E5cU1WVXJfQm1zcEZOUHAwSXlVVDNIaU9OMXlPOVhhbzctbUtVR0xmRzEtTmdMV1hRZHVSWFIwc3hHdGljSnNTVVd2TE5ZLWRZNjc4bGVSSGU2RWpuYnJmTUlsNm1IclRMampNWmRrREVLNjNKN3hOWFE?hl=en-US&gl=US&ceid=US%3Aen,news.liga.net,19 hours ago,🏢 Prison Drones,https://news.google.com/api/attachments/CC8iK0NnNXNVeko2ZW1kVldHbFJaWEk0VFJDY0F4anBCU2dLTWdhQkVvb1NRUVE=-w200-h112-p-df-rw,2025-11-16T12:52:59.236454
