Title,Link,Source,Published,Category,img,Scraped_At
Israeli military says drone launched from Yemen hits airport arrivals hall,https://news.google.com/read/CBMitAFBVV95cUxOTFVrQjlrc2dKY2lWcG0zTC1oSlVJamM3QlJ2MVBKRVk5R1lhQzV1MVV3ckQtbXlKY0t1NWgzTEtyNVFqMjB1eGh6MW9GZTRDb0pXSGtRV2xSaE5vLWNJZlFicVVtQnB0aThUcFl1Wksyc0p1amo4UnlRWk8zUXpvSzRuRzNTUGQ1T2JzdlMtSXVsMDl3U3lIWEJWem9odDd3OEpGZjE2TnZteHRHWVlUb1ZZQVbSAboBQVVfeXFMUFJ6WEdxYkVNZkdwdHQ5LWVnT2pRYTdjNWstN0ZFVXNELWVHRWVPV2tWYVdWZE8xNGc3M1BHY0UzZzNpTmV3cFREUzQ3cHo3N1pBckpHb3VqNXdneGRHTFdNSDJRYkttSi01djEyb0VNYXctODNPMFBnRHRkU0xGc18tYUJuSmN3OVNJaXljRWFaLWl0QjczWHYtSjRaSURvc0k0cUFNQ3dJd0N6eEVGeHhEUTl2WTFqRTZB?hl=en-US&gl=US&ceid=US%3Aen,Al Jazeera,4 hours ago,🎯 Military Drones,https://news.google.com/api/attachments/CC8iK0NnNXFOVUpQY0VKRldYaFNUVlZRVFJEZ0F4aUFCU2dLTWdZQjBJcE96UVE=-w200-h112-p-df-rw,2025-09-07T18:35:43.178896
"Houthi drone from Yemen hit near southern airport, halting flights, Israel says",https://news.google.com/read/CBMisAFBVV95cUxOY0M1SHgwUG80dUdtZE1wSjRHc2lNZTdCanJadFVnNVFha19CSlpjXzFWaDQ5SWNfclpQaDFIbnFpZWFpcU1qWXgxTVZtRGZENUJCODhRNURldHBCQkoySXhrZFRBdXAtT3k3MzQxUzJfcXM1TXlqN215TnM3QUlQek1Ra09Xdk1nZHBFOTNyMElzdHI1Mk5kM2RodDRVY2QxckpjMW8wOWR2VkZoODVYNw?hl=en-US&gl=US&ceid=US%3Aen,ABC News,2 hours ago,🎯 Military Drones,https://news.google.com/api/attachments/CC8iI0NnNHlTRWRxV0hkYWF6bFBjVWx2VFJDb0FSaXNBaWdCTWdB=-w200-h112-p-df-rw,2025-09-07T18:35:43.178911
Trump change would allow Columbus-made Anduril drones to be sold to foreign governments,https://news.google.com/read/CBMixAFBVV95cUxOSjExeFpUemk0RWdnanl4ZEhMeFBXcFNialFJdlVQclU4UGhyb2RSZ3pHV2FTeVdjeS1WT2pzQ25feVlwdHBLelMxUlZfbU05Vll4eUQ2WnE3LS1BUWZrYUVJVWdlWV83ZmtFaUl0cDBYOFROME82WmxtRVB3QkttOGlPdlc3QXJuTWgzUldfMjY3Q2xrM2RuTkNiVHI5RHpqSklxa1JYdmRTZ2dZTENaNEMySnV0UkExS0tkV01hejMzLXVC?hl=en-US&gl=US&ceid=US%3Aen,The Columbus Dispatch,4 hours ago,🎯 Military Drones,https://news.google.com/api/attachments/CC8iK0NnNTJNR1ZZTUhSbE9GTlllVE5XVFJEekFoaVVCU2dLTWdZQmNJckZ0QVU=-w200-h112-p-df-rw,2025-09-07T18:35:43.178914
"Russia says it struck Ukrainian military targets with drones, missiles and aircraft",https://news.google.com/read/CBMi2AFBVV95cUxNOHNaNldKM3QxSFdveVlFQ0dpSEZKRzdqODJ2b2R4NU0tZHA0YWJCM1NEMTBvMDhJeVN1Rks4V1lVM3dXWm5Vc3dRZXJ6UUVwbmhGcUp2ZW16TXhHNUtmczhVc21FZzNhSmgwdmF3S3dwWWwtbk5hblkxT1lFNWtiMU9paWxOTnhPVmFYOUNMQS1NQnBSUUlJSXlydllQX2IzZkVjZE9mZVlxREhmYWlaTFdzSlRRMGNfT0syNXA2d2Z4UmNRVXdxbGVjTmtQU0ROdjBtUkYwVVo?hl=en-US&gl=US&ceid=US%3Aen,Reuters,6 hours ago,🎯 Military Drones,https://news.google.com/api/attachments/CC8iJ0NnNVliamxVWDNCT1NXNHRTVUZMVFJEWUF4aUtCU2dLTWdNQjhBbw=-w200-h112-p-df-rw,2025-09-07T18:35:43.178916
Israeli military reports Yemeni drone attack on Ramon airport - Shafaq News,https://news.google.com/read/CBMimwFBVV95cUxNdngyR21WSk5VMG5GVmJmbEozdGlSSXdRclVWN0JWSk10RUtteXRXTzhSSzViUVIyUUZzdnlVdTNxdG1OZ2tvdGx5SVEzMkI3RGVNLXVaeG1ka3JWZXo1OXBYMTh1bEk0dnNLRDctbWtwbnAwbHE5V1U4aE5uek81TDJNMXh1UVVzVFBwTmd2TjNjemdGUThPakc4SdIBoAFBVV95cUxNVEZnZVd4N011SzRjWVpuYlg5ZTY5bzY5cld1dlVwZEJlV1lxUEtHdHBEUWwtOWVvUWJ1ZkxiWnhsM0FIRlpnVlRqWnd6QlVpVjdqWUhIaUVxQ1dSckpVX3JpZWNkemw3bkFCWFBXMWlWZ1hXMm54Zm9fa1ZRNlVuenZjeWxvT3gxSHZQZnJkNVdhZWpLbW43R0JHNEMtdERG?hl=en-US&gl=US&ceid=US%3Aen,شفق نيوز,4 hours ago,🎯 Military Drones,https://news.google.com/api/attachments/CC8iJ0NnNTNURXBWVkU1a2NTMXBVelJ6VFJDaUFSaTRBaWdCTWdNSnRBWQ=-w200-h112-p-df-rw,2025-09-07T18:35:43.178918
"Israel says a Houthi drone from Yemen has hit near its southern airport of Ramon, halting flights",https://news.google.com/read/CBMihAJBVV95cUxOQ0dsLWZMenlVRDFZbkZVd1p3R3R5U3dYZ01Tdms3bGNaaU9fcnZoVkpfOWdBSjZpZTFyREYzcHNheHZ5YXd0WXVuLWVTWDZIb2lmSzNEdUxJNEFKNjU2M090R0NHb3h6TnQwbE5nS05MeEp1S0x6VldLRkdEcTVOT005cUIwcE5lU19melhCUlV1eWR6T1RVY3cyMHVWeWt1Zy1aRFN3dWNkdEc4cnBBSDgxeFEyeFBXUkplZTFZZjItREUySVpSYkp5akRES244YXVOeTZjUkljWGs5bmpWc2Q5cXNzWHlEZkFObWVOandaZmtBaVJ3cjZVOFRjTkc0aE01QQ?hl=en-US&gl=US&ceid=US%3Aen,WINK News,6 hours ago,🎯 Military Drones,https://news.google.com/api/attachments/CC8iK0NnNUNUWEo2T0V4WlJXaDBSRWMzVFJDMEFSaTBBU2dCTWdZVlk1QnJyUWM=-w200-h112-p-df-rw,2025-09-07T18:35:43.178920
3 Military Drones With The Longest Range,https://news.google.com/read/CBMitAJBVV95cUxOYzBzWnZsbWt6eVRTRW9CRHlmYjU5OERuU1Z6eHNqbmpsYVp2ZzBoQl9XSnd1b0c2cmF5OHc4RlFUdUVYdW1ycDlsdmp6X2tEZUVzN2pucUIzZEIzdTRIa05NTEMyYUctbEVldUhCM1UxVDJYZm9MNGIxWkJmMEswWW9SR0tVVnFYOHlSOTFsOW53SUdaUkpCNlFIQ0hVV0V3Znp5M0RQeENrSmpYbFp4eUxiaUthVmVtc0p2TjJlcnpLOThKR29MdUg1eTBQWEFxcENtZXhTdUo5YmlySlA0RFN1UFU1ZWpycnNiS21uUXd2QUdNZUtONmVlNFJwdDNXMTBKMTY1SjIyR2FQd01xaVA3TnZ1VEpDcXRlLU1vb2lLYm1BMHlzcjdXQnF0RExmYkJTaQ?hl=en-US&gl=US&ceid=US%3Aen,MSN,3 hours ago,🎯 Military Drones,https://news.google.com/api/attachments/CC8iI0NnNDBiUzB5Wm1SUE9VcGlNbXBGVFJDZkF4ampCU2dLTWdB=-w200-h112-p-df-rw,2025-09-07T18:35:43.178922
Could Taiwan’s ‘high-low’ attack drone plan overwhelm PLA defences?,https://news.google.com/read/CBMi7gFBVV95cUxPYS16SF9aWHFiUzl1Y2JfdFRnSUNJd3dmRDFwVGJkbWxEMFdRLWlDSEV6dWF1Q1hOWUNoV1o0MDFPaFpSbWlfeFhadVJPTzBJT3laSUVPRFQxcGswaE4tZjFsdFZfNXFaWmZVZWdkdkJ5U0h3d2JPaGk5U2xzeXRTcnNFdFcyZFp6cVNJZVB4OEhzOTRkVmtsM1lVdFlVQnVjUDRfdWNZRlo4a3ZoWEg2ekdmZzctbFBSV29zVmNjNjctMDZSS01WRXZEaWxkeDhxWFpySGxwZXp4ckhKa25rSnpZQXI1VzllUDVJTGtR0gHTAUFVX3lxTE81WExVNzRzWEdmVjMxY1lYaGQ4MC0wVHl1VTMxVGpLcFlGNlBYZkdNcTVxaDZTUDNrbWI4WUI4bDhsMjNfYmNPQWFRYkNjdnIxaXRHOW1IY2hIeUJDeXBNVXY5ZHNoS0t3QlNtMUpmR09rQjZHLVJJdGJUYW9TQzlDYjNJRldmU3oyanZnSEdHX0U2OGZhY1pPSHFaY3J4dzRxaFV0TFRQeGJkU2xrUTZXRFZIcVZkaFFLYkhIMGJHbEVkYmhwek9kTXNQUG1aOGZyTnc?hl=en-US&gl=US&ceid=US%3Aen,South China Morning Post,12 hours ago,🎯 Military Drones,https://news.google.com/api/attachments/CC8iL0NnNXhVbVp5YlhKcFNtVnJSMEpTVFJDUUF4aThCU2dLTWdtUmdvNnNRZVZNQ2dJ=-w200-h112-p-df-rw,2025-09-07T18:35:43.178926
"Yemeni drone breaches defenses, strikes Israel’s Ramon Airport",https://news.google.com/read/CBMiT0FVX3lxTE1adzc1YkdXUG1UYUxxdEtEU1hJVFItOHp2dFVMeTdYeGY2VE00TGNiMVZJTVVGT1FlSnRnakZabVFiX1g0Q09nQ0YwS1RVY3M?hl=en-US&gl=US&ceid=US%3Aen,thecradle.co,5 hours ago,🎯 Military Drones,https://news.google.com/api/attachments/CC8iK0NnNVBhM0JwVGtWd04zaHFZbFpOVFJDWUFSakxBaWdCTWdhcEE1Q3VHUWs=-w200-h112-p-df-rw,2025-09-07T18:35:43.178928
Anduril among companies selected by U.S. Navy for carrier-ready combat drone development,https://news.google.com/read/CBMitwFBVV95cUxNQ0d2cjBtdDJrcnVYaE1ieUFwWUFtMEJZdzNWOXNrbWREUHAyMG9QQXVGRTlqc2ppNUtDVld6dWNWR2M4dWQ3VWtfSy1YRkZkZlpqa056cVdlU005Sml3cWpwb3U3TTE4UHpnakYyRlA0UWYxSThfaGxJSGRZU3ZNakRGQ2UzSjAxakdGZUQ3aTY0c2NVbXpCWDVpR3gtYXFSWlMxYTYtWHVWTFpyRmdaT2dLVHJteXc?hl=en-US&gl=US&ceid=US%3Aen,Defence Industry Europe,8 hours ago,⚔️ Combat Drones,https://news.google.com/api/attachments/CC8iK0NnNHRialZ2Y1dWTFpYZHRZWHBNVFJERUF4aW1CU2dLTWdZaGRJaXV3UVE=-w200-h112-p-df-rw,2025-09-07T18:35:43.178930
"Record Russian drone attack pounds Ukraine, damaging government building",https://news.google.com/read/CBMitAFBVV95cUxNR213bjBrSk42ajRkUUJFZjZnWV8zbVpKMENPaVRmUG0zVlRrdFQ1am0tQTNBLW1LWG15WXItdnBZTlRlUGh2STBVM1RyTmtrNGV5TDQ1U2pqMDlPV1dESEM3QTV1Ym1qY0NiVWw2R0ZYQjdqNXFEN1BHNl9EQzJxd3U1VnBoTjFOQ2Y0NWt1N3h0XzBIMHlocGF5MnNmT0Iyb2F1RnNTWmJsaVBSczdTYUlxek0?hl=en-US&gl=US&ceid=US%3Aen,France 24,8 hours ago,⚔️ Combat Drones,https://news.google.com/api/attachments/CC8iI0NnNURVMVo0T1hSTmRIVkdSVk55VFJDZkF4ampCU2dLTWdB=-w200-h112-p-df-rw,2025-09-07T18:35:43.178932
Zelensky condemns 'ruthless attack' after Russia hits main government building in Kyiv,https://news.google.com/read/CBMiWkFVX3lxTE4wT1NYTmRTNWkzX3d2RTNpVmU1ZHFkVXBHNnhkWFA1QzZ2MlQyYkxwVDBxWGduTW5FZkM2ZnZOdTFzS3NXenNXMFNKcTRUMWdMNEQtQ2N6Z0JXQdIBX0FVX3lxTFBWU1BfVnN4YWVRaHFnc1lkQ0NRdXdkMjB6OERvWEp2WUY1ZGpvODI3TlhrX25RN3BtRHRfM01pcWJfNE9GSlpqRFNvTzVTdVhSYkNUUjRzeFV4OE4xNzFn?hl=en-US&gl=US&ceid=US%3Aen,BBC,6 hours ago,⚔️ Combat Drones,https://news.google.com/api/attachments/CC8iJ0NnNVZNRlJyTTFwa2RrcFFjMFpFVFJDZkF4ampCU2dLTWdPQmNnQQ=-w200-h112-p-df-rw,2025-09-07T18:35:43.178934
"MND to buy up to 1,200 more US drones: source",https://news.google.com/read/CBMiekFVX3lxTE53akNjQ01UU2k1OFNSeVpGZTY0aUhjajlJQk0wNlRNQWlXazBnU1NPelFMWUUtMjV1SzdpOExROVNUbl9ZY2gyOFBzZ3Y5Xy1sRV9FVFdtSGVHS0lOSDVhQV9IUTBqMktiek5XY0RIQTRWbjhIbFNyQUNB?hl=en-US&gl=US&ceid=US%3Aen,Taipei Times,2 hours ago,⚔️ Combat Drones,https://news.google.com/api/attachments/CC8iK0NnNTJialpvYVRadk9GTkdiamhyVFJERUF4aW5CU2dLTWdhVlVvd29KUWs=-w200-h112-p-df-rw,2025-09-07T18:35:43.178936
"For Americans in Ukraine, Opportunity and the Lure of Combat",https://news.google.com/read/CBMihwFBVV95cUxOeXFaMnUta2RfbnBGWW0zR0V4M0ljTDcwVGNHWHFjOFdlM0xHX1Y1UWwyb3VBVFY2RVQ3Q1I5OE80LWdUc0FxOWNLWmdyejZMai10bjlxMXlrelFBNGxaTzk4bC15TllRRlNsQnFSLXpTZ215SFh3Q1dHRXkwOXhuUmlybmNDaHc?hl=en-US&gl=US&ceid=US%3Aen,The New York Times,9 hours ago,⚔️ Combat Drones,https://news.google.com/api/attachments/CC8iL0NnNW9OSEJKZEd4eFNuUXdjMnBmVFJDUUF4allCQ2dLTWdtQlFaREtuT2l3alFF=-w200-h112-p-df-rw,2025-09-07T18:35:43.178938
"Russian attacks on Ukraine’s Kyiv kill at least 3, gov’t building struck",https://news.google.com/read/CBMirgFBVV95cUxPZXRtZUtrTklBZENTRlh4VHZCRTFoR2ZIaEk3UmJUamRBdzJTbkZ0c25aNXM1QTdTMW9SemJ3UlJoY1JUdnRmZFBuRXJGeHVlSURkWW5TQ2k2RWxGc1g5RmUzUnBVWmZwWTJfQmE0UVAwdDMybnI5cGZXQ0daR0lVZzkwbnlMRDVCM0c3eVg0SHFaX0hQellRQUFfTS0xY3R1akNDT2FQVER6YmtBemfSAbMBQVVfeXFMTnc5SV9WWjA1VmU5ZGZZRjFHQ0lyVHVwcGVBR2RleXc2Wng2QWRZRUJZRUhvSmFEeE11ZG5ocWN2NElvTmZrOVFjMmNNZTh5U3UyZnJla2ZSMkVwRi03MFpqNUg5dzJKTDJTQTBGU3dtdGVjNmNUV3RsQVpPWktmTVROc09WYXUzc2JYS2wxVjRHcTZiMmlfYW42QzUtMngyYURuc195b2k2UmRIelZDNDBEY1U?hl=en-US&gl=US&ceid=US%3Aen,Al Jazeera,9 hours ago,⚔️ Combat Drones,https://news.google.com/api/attachments/CC8iK0NnNUVhRXhzVDFNMFRVYzFUR1owVFJEZ0F4aUFCU2dLTWdZaFlwQk5LUWM=-w200-h112-p-df-rw,2025-09-07T18:35:43.178939
Largest Russian air attack of war sets fire to Ukrainian cabinet building,https://news.google.com/read/CBMi4wFBVV95cUxPVkU4MExVRzMxZjdDX0VkMmQzbHlBNTFySG1Lb2FkRl9RUDQ2cDc2OTByMzBtRV9qUnpfMmtod3plSEszV0VmLTRrblg0bDNtS2dhcFdVbVdjTzNCNjZwdzFQclRwQ3hNdW9iemlKUDhlUlpYWGRkNEU2YVU1Vjl3ZlFMUS1PakFsUW9ENE1hbk9tX2ZvNnN3Y0RGQVJrOHY3ZFU5OHFPYUNyWmdYXzJkVHphOFZVakpZTnczeFJoSlNsZmhWcnRMVXBqYl9YOGVOZ2JINnU2MDJXUU4zYWJLZWZPRQ?hl=en-US&gl=US&ceid=US%3Aen,The Guardian,13 hours ago,⚔️ Combat Drones,https://news.google.com/api/attachments/CC8iI0NnNUhPVFZITFdnd1VsZFhTVmxXVFJDR0FoalJBeWdLTWdB=-w200-h112-p-df-rw,2025-09-07T18:35:43.178941
Ultra-Advanced Short-Range Air Defence System is Destroying Drones in Ukraine,https://news.google.com/read/CBMitwFBVV95cUxPT1A0bDVmLWVjRnhDRjJUYmF2UFN2R25VRjdjUTZUV19PcHdyRjFnd1hBQnk2dVlwck1rdUZlaWFzSDd0Sk5RVzFYZXlZT3RVOXdSMHNFRzJLU2RWN2ZhdmNfMjFYMmxVTDRJcWdwN3RjRVhOQ1JyQnFScUtMSjdKV2FpdXBWYzlpcmk2QVRRSVZYMGx2T0F1RDdpdmlZWlZhX2FNY2lBTHFZYVZrWURVbG9sOHJUOGc?hl=en-US&gl=US&ceid=US%3Aen,Technology Org,9 hours ago,⚔️ Combat Drones,https://news.google.com/api/attachments/CC8iI0NnNVhjRzF5VW5JMVh5MVdkVE10VFJDM0F4aTZCU2dLTWdB=-w200-h112-p-df-rw,2025-09-07T18:35:43.178943
Pentagon's New Joint C-UAS Task Force Fast-Tracks Drone War Lessons,https://news.google.com/read/CBMivwFBVV95cUxOZ2ZaV1VrSzBOalhwNEZvMmRXdXVoVlVMMmt1a3hpeS1rTmFrMF80VDVfVTJIa2gwOThJMHdZQ04tUGlJdXFkYm5ESUdxbDh3bk1IejdOczJva19LbDEzWC1OU1lybVBQdE5Zb2x0d3NlNExnVUtNcUJsMml4QUZTWTdMRFFXcm5OMVNsdzNZRVpoQno1dk9TOFlPYTd0VDN2VkZuandEWm9xX1Z1Y3RNcXpNd3dUY2l6b2hxRml5Yw?hl=en-US&gl=US&ceid=US%3Aen,Warrior Maven,12 hours ago,⚔️ Combat Drones,https://news.google.com/api/attachments/CC8iK0NnNVNOME5zVTNCMlowVnFhSEZKVFJEbUF4ajNCQ2dLTWdZSk1vUnV3UVE=-w200-h112-p-df-rw,2025-09-07T18:35:43.178945
A Houthi drone strikes an Israeli airport in a rare hit as Israel steps up Gaza City attacks,https://news.google.com/read/CBMiwwFBVV95cUxPZmZnd1I2S2pYTXlIVWVHWjhZdUtLeVV0OUxLVHp4aGtfSml6aGttYW9LSVJqM0FJT0hSdVhfRDRUbUoxZTVxNDQ1QmN3bU96R3ZDYnFudzdDcm9KVjcxa2JkbzU2VlFMaVNQbXM0X1pmVlZndW9sWXdMYVRuN1duWEN3RFN4Ym5saGZGbjE5dE9DS0kyX3lwSzVEc0xNMEJXR2N5U01PdHhtSFl5RDhtUXZJa0t1V3pUWXQ2M1RLX0dqbWc?hl=en-US&gl=US&ceid=US%3Aen,KOB.com,1 hour ago,⚔️ Drone Warfare,https://news.google.com/api/attachments/CC8iJ0NnNUxUV1I1U0RaV1pVOUlja2RmVFJEU0FoaUFCQ2dLTWdNUmdBNA=-w200-h112-p-df-rw,2025-09-07T18:35:43.178947
"Russia hits Ukraine with biggest air attack of war, sets government building ablaze",https://news.google.com/read/CBMixwFBVV95cUxNYlF3NGFyX0Mzb2I3Njcxck41ZlVYbjQ0aWpjc1dsUnVzRk5wU2ktOWk4Sm9kOHRPTUlaQWUxYWJYS1l5Z1JyWHlXMkFXSWtVbHp2bW1GVDBiRjVIS19wRzFFOHpEcjlqalFWa3VjRWVhWGdCSHZMM3h4WkFOQ0hmVVNoVjg0UXg3TjE4S1ZWZTh4TEI3blplczk2NmtXeTRqREdRNzlBNm1kMGdCZDUxa2FiaFNBT0tDUmdKYUd4QUtuS0N6YkdJ?hl=en-US&gl=US&ceid=US%3Aen,Reuters,2 hours ago,⚔️ Drone Warfare,https://news.google.com/api/attachments/CC8iI0NnNU9SbU00VkVoSU5HTkdiMGwxVFJDcUJCaXFCQ2dLTWdB=-w200-h112-p-df-rw,2025-09-07T18:35:43.178949
Russia’s Largest Drone Attack Yet Hits Ukraine Government Building,https://news.google.com/read/CBMipwNBVV95cUxPaGcwVDhZWHFZQmRfMUdaaVFGVTlzbDdMbkljNThWakE5TmtWTmFaV25YS1RGczgyaGJxQkJmcVZVck5wdXZuQWJPejAxV3JGdkRkdXpUTkd1ZklJWUF3Ml9Wd09kVTQ0dS1Ud01fZTJJOGJrcWZxbEJGdlRhRUhZQXRRZFNFa1BmMHpZUFRQREVNUExmdkNXeFpaZWhOdlN0U3hVWDdTbXRjZkxUR21nNzQzcTZ6aGRqVEdwVTdEc054NFJzaGUtMl9laWZHQmtCYWFYXzFIZGk1bm0wS0RqR1I3b21EWGx2YWMzdlJEN1B0cEpPbWhLeExtVkFoLW8yWGhRUHU5Z3l1cDc2aXozUTlzNjY5NTZWRS1UMjRSN3lFeTRDejUtUlFLQU9QZElaZ1RVM1AwOHhZaGNVeG0xR0YtVVhsU3hwcXNQT1lXOVBhMjhMdG4yZWJPWXRNanhYMXhaaEc5QzB5S3JUYzlNTnlOYmcxbWdKY0VDamUyREdnRzRJQkFUZFQzOFhHYmY0RUxJUDR4cEJzRzh2UGRoa2hHV3NJYjg?hl=en-US&gl=US&ceid=US%3Aen,The Wall Street Journal,52 minutes ago,⚔️ Drone Warfare,https://news.google.com/api/attachments/CC8iI0NnNTFWMUJqV21kaGRISlBhazlSVFJEZEFoanNCQ2dLTWdB=-w200-h112-p-df-rw,2025-09-07T18:35:43.178951
Race to make drones for Britain in new era of warfare,https://news.google.com/read/CBMivwFBVV95cUxPZktZNEsxTV9GRll4YlJON2lMNWRxclZUNl9EbVN5QVVoYktoOExMYmwyNTdtRFVXazF1eERGMXBWa0tBQXdFUE1hX2xJX1libGNfcVkzTXhpMFNPS0NNUENVdm5OWjlZQ0dBa1ZzVFdnMXhJNk9rWF94NkU0dEhJT0F4dzJvYXpxWEdQLXZLSzNoSndUdnNPandPM1JHS3dQWmZLU1R4UVUySFBuNXVRYjM2VWRhWGFMbkFCdlBocw?hl=en-US&gl=US&ceid=US%3Aen,The Times,4 hours ago,⚔️ Drone Warfare,https://news.google.com/api/attachments/CC8iK0NnNXZTVGxDYVRaQmVtZzBla2gxVFJES0FSam9BaWdLTWdhUk1aWXBsZ2s=-w200-h112-p-df-rw,2025-09-07T18:35:43.178952
Ukraine’s Owl With a Sword: How Military Intelligence DIU Is Crippling Russia’s War Machine,https://news.google.com/read/CBMi0AFBVV95cUxQNjh3SE5fOUVCQWFMR0p3amFxcUUyaDI0RURzRE9jbDFweE13NTVaeTFYMmhvaVZydmZObGNUNHBXWGF6MG5lRjZuNndRU1pyX19EbXNBVHZjVHpLejJXNFJ6OWNIclhaZnYtblFDOHBNYUctTnU5QWVYRk1zV3V5S1BpbmF2Z2NGRjRWMGlwbjdnY040UFkzdzhYeVphZG9fZGZBdFV0bUVSeHlPejFFQThvTENaeFFFYVV6bV9uNno0VXgtZVRvcTBzLThnQnVP?hl=en-US&gl=US&ceid=US%3Aen,UNITED24 Media,3 hours ago,⚔️ Drone Warfare,https://news.google.com/api/attachments/CC8iI0NnNHhNRFkxVDBaSE9XOURaV1UzVFJERUF4aW1CU2dLTWdB=-w200-h112-p-df-rw,2025-09-07T18:35:43.178954
Russia hits Ukraine govt offices in war's biggest air attack,https://news.google.com/read/CBMi6gFBVV95cUxOaE5UajdHeWdjTHdVRm5Gd0JCSEJiQ2U5c0dKMVlPSWcwUkhrYWhUMW1sY3ZUemM4emIwbXBMclVadEN3NFRobUlGSFVqdUl5cFQ4QUxIRVVIZXZxUkVFdFlFSWcwSzFMaFdnWkFVN0RuZzVsNUVSeXdlQWVRaUpJTEJsZFpScDl6UHl2NkthSE1IRENLbHgzUzJwb2g0S2FLQy1SMXVBUnNGc042aFg1Z2hYUC1SZlYyeUxHczBOZWtaT1pzQnFDNEliZDg4YjZad0p6VmJsYW4xRGd3cE15dU9zNFc4XzlhYUE?hl=en-US&gl=US&ceid=US%3Aen,Appalachian News-Express,1 hour ago,⚔️ Drone Warfare,https://news.google.com/api/attachments/CC8iJ0NnNXFkVTF6TmxOWGRWTXpaazR3VFJEVkFoaUFCQ2dLTWdPQlFRUQ=-w200-h112-p-df-rw,2025-09-07T18:35:43.178956
Defense Forces Enter the Era of Drone Warfare,https://news.google.com/read/CBMiekFVX3lxTE5mNDdYOTYzRXpMXzNNV0ZhZ29NeWVLWVZaYkpwdHZ0ZXc3MHNTSEp5WTJORlZob3VzbktKNV9yWHhxNWpaQjRseUh2eERWeVpIb0FSSzFnZnNHYngxS1RiYXlHY040eGJwRV9tbnNETHhDQjVDTDBkc2hB?hl=en-US&gl=US&ceid=US%3Aen,Hungary Today,9 hours ago,⚔️ Drone Warfare,https://news.google.com/api/attachments/CC8iJ0NnNTBTWG93WXpZeUxWRlhNblJNVFJESEF4aWhCU2dLTWdNQjBBbw=-w200-h112-p-df-rw,2025-09-07T18:35:43.178958
"Russia Drone Strikes Hit Odessa on September 7, Causing Damage and Injuries",https://news.google.com/read/CBMipgFBVV95cUxNSlZXUVlDcVpaV0ZyOUVfUjU0ZTBNS1RSMWcwcmdmVVNlMkdGWUp1MlVnbUVwVXVseElJWnJadVV6bURrd0YtS3BfTVhvR1liQmlRc2hUV3B6LUY4VVhfZHg4SjlvelA1U1FxcHFHNDdpeW1aZF9qMVVJc1VwMzZRMm9pVHFXSGRFT19zcHpwdUVTU2tnNlFMR0dKUzc3RG1feUFlSmFn?hl=en-US&gl=US&ceid=US%3Aen,Букви,9 minutes ago,⚔️ Drone Warfare,https://news.google.com/api/attachments/CC8iK0NnNU1RbGRHUW5aemJrTjNWbGxOVFJDUUF4al9CU2dLTWdZUmM1Sm9yUWM=-w200-h112-p-df-rw,2025-09-07T18:35:43.178960
"Russia assaults Ukraine with over 800 drones and decoys, the largest such attack in the war",https://news.google.com/read/CBMinwFBVV95cUxPM0haZEwydkZOcFdwckdJMzR6bERJOGQwNHZCNmJFRVdkMHEzV1NiRHM1MGdZanJCQThVT1psT1kxRjVoeFR4X1hMbEgzdFVVV3lLc0pOSmxTcnF2WXZzTHd3M0dDVWpiSzNEek1jc3ZZRUg5RmdqYzM3VXZNemxBQS1kRzZiODZPYVJQQ1JrLUN5aEozOHZmTkRJbEZMSnc?hl=en-US&gl=US&ceid=US%3Aen,NPR,11 hours ago,⚔️ Drone Warfare,https://news.google.com/api/attachments/CC8iJ0NnNW9kR1pvYUhvMk4yMU9Za0ZRVFJERUF4aW1CU2dLTWdPVlVRZw=-w200-h112-p-df-rw,2025-09-07T18:35:43.178961
Russia damages Kyiv government building in the largest aerial attack since war began,https://news.google.com/read/CBMiuwFBVV95cUxNb1FienE0NWJ5ZmF1djZlT0wtcWRXcU1PSkJzOHVkVDlVc3ZCTzRyaXFHNUJWZXp4VUh2WEpfcmdHeVJ6UFVkZUFYa05lMzJSamc5UHRSUVJCczJMUlNoc2FuWC1Vd0pycWtBUmZUQ2tsakF6N1pwaFJnc2N3UUx1TkhydXlsQy1sdjN6SWh6RGw4YUNydTl2LUpuT3gzckd5S2lfLV9Qb0ZIOGY0cEptMWVBV3RqUEZNNTln0gHAAUFVX3lxTE15ZVNvaG16Wnc1Z3U2ZzFZdUdnUGRsbW5BR0FXX2VZaFVucWIzRlpNQ25xWEZ2Wk5PdmtBNEppb0pBMkNzYl9JenA3Z3V0LXliS1ExU2FXOHhnZ0QzZzNONHI3VEdmczd3ZnZDcUVPb3VRX1RQVDcyekNYS1EteG5sczgtVlZUSndadnB6VjBOeHJhdmcwVktuclhhU3pSOEZOZGVWSk1jUWJQYThESDQ1WW1PenRpY0dJWVBMV1laeQ?hl=en-US&gl=US&ceid=US%3Aen,PBS,3 hours ago,💥 Drone Strikes,https://news.google.com/api/attachments/CC8iI0NnNXhZeTFpV0ZZM00yZGhSSE40VFJERUF4aW5CU2dLTWdB=-w200-h112-p-df-rw,2025-09-07T18:35:43.178963
Ukraine midfielder Sudakov says home destroyed in Russian drone strike on Kyiv,https://news.google.com/read/CBMivwFBVV95cUxPS3U4YUNSeF8xVERVbzdiLU40U0NsajBjUFJnZjBwVUY4RWplam93RVMtN1cwVklBTGVhaktVMHdHclBPQm1vTUlBNUc5aDc0a1dzWm4wRU81UHRLUlhzTWw2QWhtRV82Z1FQMGtkYnd4TnVWZjNiZVkyV00ybmdpTVdkbDB4OUtYcmdidzE5NlNoenliSzBlRnl2VUxfVno0MHpuWldCOU1PdG96Qi1wTXIwcTB0QVZscmFPRnhQdw?hl=en-US&gl=US&ceid=US%3Aen,Reuters,1 hour ago,💥 Drone Strikes,https://news.google.com/api/attachments/CC8iK0NnNTBXamt0TldwMlZtZHBPWHBuVFJEZ0F4al9CQ2dLTWdhcEJJeXVrUW8=-w200-h112-p-df-rw,2025-09-07T18:35:43.178965
Russia Strikes Ukraine Government Building in Largest Drone Assault of War,https://news.google.com/read/CBMihwFBVV95cUxPbjVOSTVHU1BtOEhJeGdmUTdVZE5RNDJ0dm5JUktTWXR0amFpdGpCRFp1MjEtTFRvdXdrM2NYdDBEajNIMFVMLVF3NU9Wd3hFSFZXaDFFbDViQXg3TnRPMzZOZkZ3YUh1eVRmOEszdjVPcnRGZGphTWpOa2NWbVhJWmdiblFfbkU?hl=en-US&gl=US&ceid=US%3Aen,The New York Times,11 hours ago,💥 Drone Strikes,https://news.google.com/api/attachments/CC8iK0NnNUphM1J4VFdSdU5tMW1PRXBtVFJDUUF4allCQ2dLTWdZQnNJSXNRZ1k=-w200-h112-p-df-rw,2025-09-07T18:35:43.178967
Drone strike halts operations at Israel’s Ramon Airport,https://news.google.com/read/CBMikwFBVV95cUxNRmlteWFpUmtpSVVkemdNMlB0YnJab0lDWlZ4RUZIY1BYUGJZajJXUzlQLW5DQlMwUE1kRXA4b3pCck5DdGRWRklpRmRRcnlsQzFRUTJsNzBHLW8wZjdvOERHeHFOX2xEQTBVNWd2TnhfUTIxT0VBZzNWQVI3RTVIdG9iSW1sbjJ0TlNmejR4QjMyZVXSAZgBQVVfeXFMTUtZclJjWnJIYmNpZjR2V2RLVmE5cFRhajZwMlNCYldZSUFFRlRGdEhCOHFLRHJCclkwZnU2Q2lMZ3JtdHc5cFRGUEluSWRBMzJqcHB0R19SQ211OGs0ejNSazFXSy1zNkR4cER0T1lYdDRRT2FTYXRPYlRKdGlJNjJUWlcyOE1yUGI3YkJCSXJwUUotOTZINHo?hl=en-US&gl=US&ceid=US%3Aen,AeroTime,3 hours ago,💥 Drone Strikes,https://news.google.com/api/attachments/CC8iK0NnNW9ORFpSVFVnNVoxSmpPSE5GVFJERUF4aW1CU2dLTWdZQndvcG93UVk=-w200-h112-p-df-rw,2025-09-07T18:35:43.178969
Largest Russian drone strike hits Ukraine's capital Kyiv – video,https://news.google.com/read/CBMiswFBVV95cUxONFhxa3Ywckt3Um0zTFFvRmpTOHZzRl9RR2c0OVlqMEpSUlVVRG9QZE9Hck54dEF0Q20xM2tYckU5NFN0WG42M3BtMG42UkNqaDRNd2xqMHBQaEowa0RGZDZTeUplZ0t5V2V6cFZWakN6d3FtWVBTa1BRTENFbk5GR1NSM0RkN2tpMlo0TDdwcEhZSWtBdVAyUnAwUUJsenRuc0FTOTJBeUdrVFotbktxWUUxVQ?hl=en-US&gl=US&ceid=US%3Aen,The Guardian,6 hours ago,💥 Drone Strikes,https://news.google.com/api/attachments/CC8iI0NnNUhPVFZITFdnd1VsZFhTVmxXVFJDR0FoalJBeWdLTWdB=-w200-h112-p-df-rw,2025-09-07T18:35:43.178971
Russian drone attack kills four and hits government building in Kyiv,https://news.google.com/read/CBMinwFBVV95cUxPYndNRlUzOFhJdTFYY1ZYenBHRFozbjZkNFR2eXVMRlJIc2drMVNaNzlnNy0tQ3NmcW9SU2xiODlmSmJqVGVMam1OOElFLXg3T2RNSHBZNWI0SWR2ZGRzM3V3S2NxNXVXUlBrVUJ4ZUE4bjJMMVN3a0RUM01iSHZqR2V0R1VUdkUtZ1VDZ01nR2ZkaC03bk5IUzZOWTVDbkU?hl=en-US&gl=US&ceid=US%3Aen,The Independent,1 hour ago,💥 Drone Strikes,https://news.google.com/api/attachments/CC8iJ0NnNVJaVVZhTFRGS1EzQXlRM05QVFJDUkF4ajhCU2dLTWdPdEF3Zw=-w200-h112-p-df-rw,2025-09-07T18:35:43.178972
"Houthi drone evades defenses, smashes into Ramon Airport terminal in south; one hurt",https://news.google.com/read/CBMiswFBVV95cUxPaG1WOFZ0QUpFQlRyUFJXQm1vQmRjMXRudjQ0cU0ySHJ0OVpOQzNEWWZpQTB5Z1pjVzVfNjhaQ2doQURyZFdBcjM5SXpXWmRIakhvRUFSNHdNOWNGYlhsbUNTSU9hSHNrX3ZRQXJZV3BXTjF1RkdPc01IY0VtUjF2ay10TUsxYVVaRTFxVWdwRDFDREctTVFOc1V2Mk8wNXdiYnZDOVRxQmM0dlNUTS11eXJRQdIBuAFBVV95cUxPeWppR3FWd09UTnAwZVVaWmRaYzdqaW5sSzVjVmpQYjBZWUxhTzR6dFMwd3ZYS3hzYy1HbVRpaWN0NjItejRKOWt4am1oWWdHdVp4Z3hzNENkTVBKVjVWRzBHYU1QNzMyYlBLM3JOSVZRZkNrVWtCVFB2M01KdlRYT2xxMXM0Y2JjemJkM3A2TEtXTVZ5X1hkT2F2aGFybXNUdHk5SDRyQzVHZEsxN3dzY2NMdzFKb3Jx?hl=en-US&gl=US&ceid=US%3Aen,The Times of Israel,4 hours ago,🛩️ Military UAV,https://news.google.com/api/attachments/CC8iI0NnNW5RVTVMYzBjNFoyVkVlbU55VFJDZkF4ampCU2dLTWdB=-w200-h112-p-df-rw,2025-09-07T18:35:43.178974
"Apache vs Drones: US Tests, Israel Already Shooting Down Shaheds",https://news.google.com/read/CBMimgFBVV95cUxPdVZBWTlTcHJhaXZ5NkNMS0dHZmJGemNFY01wc3lBUmphTTVWRVh5aHRXeVI1SU1UM3lOUVl0Zmd2c3NpU3BsNnFQY0w5dHBuSUpEalhRVVZ2NG9JQ1diQzRDWW90NFhCMFV6VDhuX1A3ZU8tbDBIRGRBYnZFLXdBcGlaa2VBU2RIOGhCZnFtVzQzSTVDc29OZldn?hl=en-US&gl=US&ceid=US%3Aen,Мілітарний,1 hour ago,🛩️ Military UAV,https://news.google.com/api/attachments/CC8iL0NnNWpaRkl6VjJac1JtRm5UMVY1VFJDMUF4aS1CU2dLTWdrQmM0ekpNZWE1Y1FF=-w200-h112-p-df-rw,2025-09-07T18:35:43.178976
"Russian “Herbera” Drone Reportedly Crashes in Poland, Authorities Claim It Was “Not Military”",https://news.google.com/read/CBMizAFBVV95cUxNd1daZGc2azJOMU5hMmxzaHVZR0Rtc19rekExZ0w2ZHpEVnk3SlRhMXZwLWdGZTdXbE5xdDYwRlg5ZkdjRUI5MzJkTHdaeXp3dm55SS0wVnRwcjlSel9XRGxteWdpMW9NZzFkQUFSb1pwNUlJWFVOWGdOaXROdnU0OW1wdm9GZzJNTDlEelc3T0dUUEttaTlzWUZLcXpScjhaTjFUMGwycnZRUnVmeXJzUjIzcVZRamNsWDd2SURraXpWWk9CRjZtbUFlOTY?hl=en-US&gl=US&ceid=US%3Aen,UNITED24 Media,7 hours ago,🛩️ Military UAV,https://news.google.com/api/attachments/CC8iK0NnNXFObkJtU0hnd1JtUlFRelJSVFJDZ0F4amhCU2dLTWdhVllZd3RLUWM=-w200-h112-p-df-rw,2025-09-07T18:35:43.178978
"Drone attack from Yemen injures man at Israeli airport: army, medics",https://news.google.com/read/CBMiXkFVX3lxTE5lQW9ackR1X21abmlDeGU5TW4xdXducmtQM2U1R3hfX0Nmc2lhcml4bFFqellENmFCZTlCaWpYbTY0d0Fwd2tPai1mMVVkbzVTR3kwVUNiVlN4Q1JFX1E?hl=en-US&gl=US&ceid=US%3Aen,Arab News,6 hours ago,🛩️ Military UAV,https://news.google.com/api/attachments/CC8iK0NnNDFWakV4Ym1SV01VcHdNV2xMVFJDM0FSaVVBaWdCTWdZRkFJNzFIQXM=-w200-h112-p-df-rw,2025-09-07T18:35:43.178980
Ukraine war briefing: Zelenskyy says nearly 60% of weapons are domestically made as role of drones increases,https://news.google.com/read/CBMi5wFBVV95cUxQcFBvOVVWN09LSjU0YWlEc01lRWJ6bjUwTm5zZ3ZPcUxmOWp4bE9RN3duY3pUNUIyZUVBT0tES0p1NS0wODJ6X01mNmRjN0tNdFBpdFVnTEZpaHJNUE1NRlFWOWx3YmR4b3dQdE1BS0x4T3YzaWFtVGVpYWFjbkp2MTRNQkRDMG95aHdkcHJsX0NhdmxSU3VjVVQwVlRlZDJnUlMwSHFiRHdISXlZYUZEQjJpYnZQdExSeWN1alBGX3k4X295T3BycUNKZEtKUmxNV18tdkN3QzlnUUlFTnVQWndQcm8xeWc?hl=en-US&gl=US&ceid=US%3Aen,The Guardian,12 hours ago,🛩️ Military UAV,https://news.google.com/api/attachments/CC8iK0NnNVdaakJXU2pVeWIxQjRWR3BhVFJEMEFoalJBeWdLTWdhSmhwQ0hzZ2M=-w200-h112-p-df-rw,2025-09-07T18:35:43.178982
Army’s drone roadmap to unlock business opportunities for domestic industry,https://news.google.com/read/CBMi0gFBVV95cUxNZVpscnZzWndSTnpydDBybHNlclU0RERkZ25BYmpTRThpOHFZUS1RN3A0YlRQYXhCT1ZSZjYtR1pJOFhfeXdOZVhVMEFlWUhUUmlocEdWTGluNUNad3pwV0JFRW0tRVd3cFoyeDNqMkVJR29qRVhOUXZCZ0R4Mzl2ZFczREIydmMxT0p4eENiaS1nTEpoSHBmdzdmUjQzcWJzY3dlOEFGN0FsRVR5c05EUDgtX1lJMkRfVmF1SEhiU2tudTZpMlVtYmdiTVNIbXl0T0HSAdgBQVVfeXFMUGgyOF9IYTk3OHQxX0F5RDVUZHdIcV9ZYU1mZnJmREdmM0xWLWNuSUNSdTNZdU1JQ3YzcU9GSEJ2LVAtS0hvaFVmakdWNGdiMXp6S3FjOExzM3JSNXUyaVBoWGItX040cVNVQ1VoRFp0SkF5MmJrUGU1SDdveFZPeDNzZl9wM2tQdEhmOVJEOEp6UFdfQlM1T3UyZFNOQ1JuN0IzS2ZhLUpwZEExV2ZaOW5vU2V3dGN0MmVVX0UxeDcxdEo0NkJ2RHh1MXAwUm01WXNOc3V4b1Ry?hl=en-US&gl=US&ceid=US%3Aen,BusinessLine,4 hours ago,🛩️ Military UAV,https://news.google.com/api/attachments/CC8iL0NnNHlXRXh4Umxrek4yaE1SVGRNVFJDZkF4ampCU2dLTWdrQkVKS3VFU3JZeFFJ=-w200-h112-p-df-rw,2025-09-07T18:35:43.178984
Israel's New G2 Drone Is A Near-Silent Ghost,https://news.google.com/read/CBMickFVX3lxTFBmWDRQVERLMDBlaW1WUmpGOHQ4RjVtQkJ5c29rSWxiMGp6al9FOERjMjFQQkl6ZG1UTFZxMzdfSndveS05NFJUdUVwdDY2LUhDV2RjWEF0dnpFVlZiV2I1UGU3bnV6Z2YzVlBBMlhLU3pyZw?hl=en-US&gl=US&ceid=US%3Aen,DroneXL.co,3 hours ago,🎯 Tactical Drones,https://news.google.com/api/attachments/CC8iI0NnNU9MVXRpTTFwdlFqUjFWRll5VFJDb0F4alRCU2dLTWdB=-w200-h112-p-df-rw,2025-09-07T18:35:43.178986
Spain’s First SIRTAP UAV Prototype is Ready for Testing,https://news.google.com/read/CBMifEFVX3lxTFBmRXV5VnJYR1dFRDVBa08wS0JPYXJvN0VPRy1UN21jTTlGRFRHUnRGSTdSNG1qRHh1YTMzMmdPV0NHZmo2UEJBSHlYNHdlb29zVDlZdlJrNGpZSmtBcWNTRHIxOEJCVkExU3RqNHpCWGtpd2tmOGJvMHUxQjg?hl=en-US&gl=US&ceid=US%3Aen,The Aviationist,3 hours ago,🎯 Tactical Drones,https://news.google.com/api/attachments/CC8iK0NnNXJYelJNU0VSWldHZDNjM05mVFJDZkF4amlCU2dLTWdZeGdvenl2QVE=-w200-h112-p-df-rw,2025-09-07T18:35:43.178988
Is this the smoking gun drone vid that PROVES China's role in Ukraine war?,https://news.google.com/read/CBMiggFBVV95cUxPdkpMVVlDeWRGRVdvM1FwRkhVbVBoSU1XMWdxV2daMS1FSVVUeXgyd0N6dXhsVGVTUGVNQkp1OGpGd081TVQ5SkVWbV9wU0E3NjQwWUZORXQ3ZE5GWUxyaUJPWlB6UDIxblZCWkNGTkVLX2JZLXh0aDdyVS1udnc0TFl3?hl=en-US&gl=US&ceid=US%3Aen,The US Sun,10 hours ago,🎯 Tactical Drones,https://news.google.com/api/attachments/CC8iK0NnNW5ObXBRYnpSRVUweHFjbW8wVFJDaEF4amZCU2dLTWdhQkE1RE1OUVk=-w200-h112-p-df-rw,2025-09-07T18:35:43.178990
Experts Warn Of ‘Jihadist PMCs’ Fanning Flames Of Conflict,https://news.google.com/read/CBMinAFBVV95cUxOUlA2NzRMVW5xX2FGbVBkQ2V0bzd6TEJVVG9XZ3E0ZE9hVVhsdXdzSXZ3enNqYk4wVUxURC1wcFFtWWJ1b21oMUM1WEt1aE9rUTQzM3VRVGhBTWctZ3FnUTJ2b0liSVgwQzdfQUxaaGFzMVhnSXlPTTlpMUVMcUJwdnNnaWYtOFFSN3VqZTBoT0JXdjlwNDcyMTRNSno?hl=en-US&gl=US&ceid=US%3Aen,Eurasia Review,18 hours ago,🎯 Tactical Drones,https://news.google.com/api/attachments/CC8iK0NnNUNNMVpIVjJKaU9ETktRWEZSVFJDZEF4am5CU2dLTWdhUkJZeElDZ3M=-w200-h112-p-df-rw,2025-09-07T18:35:43.178992
Taiwan Accelerates Development of Long-Range Drone Capabilities,https://news.google.com/read/CBMikAFBVV95cUxOTy10a09nNUtHT1dEcFBESG83V0hLNlZEeS1kTHltLUN6WmI5N2JpU0NMZXBqbXpjeERDTFJrQ2YzSWtEcnVjUGFnY0NDZktpdTFzNU4yTFhQV3dsZ29xQXdQNGplUEYyeFFJT2p0Z2EtV1ZHRzVFNG9YLWdoYXkwX0FLMFdzdjZaWGZZZXlDN0c?hl=en-US&gl=US&ceid=US%3Aen,Sri Lanka Guardian,11 hours ago,🎯 Tactical Drones,https://news.google.com/api/attachments/CC8iK0NnNUlaRTlxU2tjNGVXSk5aVGhCVFJDckF4aUFCU2dLTWdhQmtJWVVTUVU=-w200-h112-p-df-rw,2025-09-07T18:35:43.178994
India's individual and tactical brilliance proves too hot for South Korea to handle in Men's Hockey Asia Cup final,https://news.google.com/read/CBMirAFBVV95cUxOM3NvSFB1aVczY3hGR3RHZzRneG5WVlVRN3Y3QXp2ODEyZ3RtZlJPUXN3TzQzSEFCQWk0WUI2YzRtMDVOREhlRTJfV0U5YlJRZXYxY01TNmJ1Zk10R2x6TUJsZEt2OUJnUnhZX3lmeDZUa1pNM29Qa1hhZHlSX2FxbDZ5TXJ4Zml4YTZWaGM1VlVFdTBoa0t0ZS1aUFI4eXFIM1VwNTZQVHZkMDNw0gGyAUFVX3lxTE5DdkdISkMwbWFCa0tneWRwWHVMeVJLWlJGdm5IUzhlckM4Q3ViZE1ILW0xWl9QdUFKazhZY0lfaWtFb0hXaW03dEg4NFVNU0RJODRucjlSdWFUUUZiZlZrYTktVG1HS3dhMF9ZWklkbHlZNFdRZTNSRjhyc2txeHpGNnB5QnBNM29wMHd4ZWswZm9ZemJzalN3Q0J6U2tzbTZxbEVhVk95eElTWWx1Vndvc3c?hl=en-US&gl=US&ceid=US%3Aen,Firstpost,2 hours ago,🎯 Tactical Drones,https://news.google.com/api/attachments/CC8iK0NnNTNVa0paU1Zsd09WSjRWbFpYVFJDZkF4ampCU2dLTWdhQkVZenprQW8=-w200-h112-p-df-rw,2025-09-07T18:35:43.178995
"Draganfly completed operational demonstrations of Commander 3XL, Flex FPV drones",https://news.google.com/read/CBMixwFBVV95cUxOU3RuRDJMUHc2ajZPMGVRemdGZVRhdlBrcWhYMFNLdDZCcWdpVWlPa05CUWQ4Zm9PY2ZpMkQyNjQtbkZjd3J3UW81Z0hnRGtkeS1LZi1pcjkyS2ZuWHVtd0FxbHBJck1DVV8wVXdITG9xeHp0TFhmTmxQVThfQjRuRzV1WHo5QU9sbGpHcGVfZkc2MEhKZjJ3RUgzZEVZUXVjaGtVWl80cktPSldJeUxIZGFMNmFzSGVVNmRhY3pZZ3ZlR1NOU3cw?hl=en-US&gl=US&ceid=US%3Aen,MSN,8 hours ago,🎯 Tactical Drones,"https://encrypted-tbn2.gstatic.com/faviconV2?url=https://www.msn.com&client=NEWS_360&size=96&type=FAVICON&fallback_opts=TYPE,SIZE,URL",2025-09-07T18:35:43.178997
"Ukraine cabinet building hit in largest Russian strike of war, Zelenskyy says",https://news.google.com/read/CBMisAFBVV95cUxOTmotOTU1dVhqSkpaNGcxODFzNHNQbVhISVVHV3djQjBEVnk4azFPR0k3ejNuZGdRTmpvVmhjd09HU3pJbTlxbVhzN0wwNHB2SnlVSXJydjFqWHVvcmcwSXZWSUl3Zi1pRFduUUlSdk40WDg5XzhNYzFRczY5Rk9xWS0tVG1GeDlQNFlDaVZ1SGhjYkRIUDRmQnBhZUU4VFVVNW1wdVNEU1JHbWhiTlh4bdIBtgFBVV95cUxPb05IaUFZUUNZNG5FQlpiVEdlRy1scTg5WnNlYTRfT2d3aTluTkpiR2dxUHBuNXJ3Y3g3S0RvRGJwQVBCNGdkdWswT3pSNnE1VjRKSGh4dE10a3B3d05mSlUteHBQUXdLdkwtQUd0dzJQYXhzLUlnazl0eTJ6SUhJbFhWMDJEbVBEU0ZGbWNiLVMtNjEtbjF5aTlEeEg0cEZlUjN4ZzVEN2txTi13SGlpQjBBdV9kUQ?hl=en-US&gl=US&ceid=US%3Aen,ABC News,2 hours ago,🇺🇦 Ukraine Drones,https://news.google.com/api/attachments/CC8iK0NnNXhXV052UVc5SFIydEZObEpVVFJDZkF4ampCU2dLTWdZUlFJRFdIQWs=-w200-h112-p-df-rw,2025-09-07T18:35:43.178999
Russia’s largest ever air attack on Ukraine burns Kyiv government building,https://news.google.com/read/CBMijAFBVV95cUxOWG8yb0R0MzhhbmNnX1dHdDVvX1pvMkVJSWFSY3gyVHRaa2ZWR0Z1a2VBbm1OZmpoaVYwejFjaEFZT1czZ2Z4OG1TSUZXcVRtSkpxcVoxeUgwM3RKX3lSTlBRZjJKSW9ZX2tOZHlBNXJmaVU5Q1hYaDg2aEpQVENnUnRKRnJMZ1pJc1RqTA?hl=en-US&gl=US&ceid=US%3Aen,The Washington Post,1 hour ago,🇺🇦 Ukraine Drones,https://news.google.com/api/attachments/CC8iJ0NnNXBjalpYUldSSGJ6VlhVWEJaVFJEU0F4aVNCU2dLTWdNSlJRVQ=-w200-h112-p-df-rw,2025-09-07T18:35:43.179001
"U.S. moves toward new curbs on Chinese drones, heavy vehicles (AVAV:NASDAQ)",https://news.google.com/read/CBMingFBVV95cUxQbFZfWVhNN1NFb09qNlQ1a2tCQ2tUSjRWMDgtRUtFbnBCc0pTRzloR0N0UDFkdHhaSTJSbkNzeTFUZmtTVVM4aE9yZlFISGtkWkdSc0lvS1dTbTAtZXZ5NlduQ2N6Z083cXlNeVQ0ajgyd1RRdXl5MWU2YVhYeS1iNjkzTUs4ejFFeXZ2bXJEWTAzV1VjUXRvc1VsVnFlUQ?hl=en-US&gl=US&ceid=US%3Aen,Seeking Alpha,2 hours ago,🇨🇳 China Drones,https://news.google.com/api/attachments/CC8iI0NnNXVlVUZNU0ZJMlVreGxZVzFUVFJERUF4aW1CU2dLTWdB=-w200-h112-p-df-rw,2025-09-07T18:35:43.179003
"US to issue rules targeting Chinese drone imports, cites security concerns",https://news.google.com/read/CBMivwFBVV95cUxORGdIVXZsRmJyWGZEQU5rSWFGRXNKNUJxczhIdktqTjNGWW5qcW9EVkJTUlRXMjh2WkJzTXRWY3E0WFo5Rk1DWWU3WS1nMGs2UVEzM3NCTm5sbVY2RjdrQ0VWUHpRYnRxcUJuM0xZMzdGX01qZ3RQUDF3a0dpOHpkY1NCLUtSUndDdk44V3IzOWR3dDR4UmVsQURyQXlQYjdkdEhPNngyWml5TnF4bzVfakRMdWpSazZVS1dKUXBsdw?hl=en-US&gl=US&ceid=US%3Aen,MSN,12 hours ago,🇨🇳 China Drones,"https://encrypted-tbn2.gstatic.com/faviconV2?url=https://www.msn.com&client=NEWS_360&size=96&type=FAVICON&fallback_opts=TYPE,SIZE,URL",2025-09-07T18:35:43.179004
"China is scared of THIS tiny weapon of Taiwan, can strike Beijing and Shanghai with..., its name is...",https://news.google.com/read/CBMixwJBVV95cUxPeDhaSVE0Nmtsb0RxMGY4YmcydUw1WThUQzVNc1NyQVVndjBDajdhdmRKTHR3cGVBd1lvc2dkV0kyS1NNRVl4UlFQOExRVDJEajIwQWcwWkRJaGJva3owcUs5Skp0emdGWmNNS1h3VUlDRnNOZ2JHUUV2cTRpaEhIRGhuVGoxQlp2bUFjd2FLWDVKRV9xMVZZTTVwYUJrOUU4amswR3cydC1EOHJPZ0RhQUxoME1RR1NFQllTQVVSQVBKRHhmUGQtTkVzTlhnU0FoQUNzNk82bFB6VENSSnNrdEZ4UTgzWmF1UHZjYjZncHVodDJpcV91aS0tSUhfRGtZb096aXJ4MEc1RXV6VW56ZGp6S2p2eU9Xc3RQVVNkcXRzaDhDVkNWTWJZQ25iU28zTWxBUXNtamN2eVJicV84eUp3ZHlzQ2PSAcwCQVVfeXFMTzJSeTJVSlR1R18tNC1McjFDcmlRYi1hc0JiSDdqeFlWWGZCV3pOV3RSS2tkYmdPSzBxQWx0cHFjX0paY2NVdjc2OWtvUGw0WDVqaGJFRTA4Wkw4anpodzJkLTNCMW9vTUlLWkIwX3l2U3N3QklXZ3dQQ2FFZ0FJLVppQ2V1N0Z5Vzh0YWRWaDE3QTZjNUx2cXhwOGhqam1tRnV5LWtTdGIzc3gtM25Bd19neFZzQ0dlbHBQVVZCc0pWaU1oUS00SXpNdk01NFBOTVpSVUc4clF6SndSWUk1ZTJWUW5EM3ZRd0VGWFktTnR3VkFwRlNHTmRIVXMtSjZDMXlXUTk3UF9ObWwwUXc4VEVHM1RnejdlZjJXaVFxZ3IwZDZKVE5RZVAzS05TTmc4VXYybHFBTzFaTUdaMHJzVmZ4dUVBZnZGZENmQlM?hl=en-US&gl=US&ceid=US%3Aen,India.Com,2 hours ago,🇨🇳 China Drones,https://news.google.com/api/attachments/CC8iK0NnNUNURkpET1ZCT1FUTTFXbkpzVFJERUF4aW1CU2dLTWdhTlNKaW1wZ2c=-w200-h112-p-df-rw,2025-09-07T18:35:43.179006
Pakistan seeks fresh momentum for CPEC,https://news.google.com/read/CBMiggFBVV95cUxNUGNiUHlwN3V4UVgzS25fWUFpTDBDNTZvUzZSZ29Nc2d1dHlpUm83bzVsdjN5bGFPMVZQVlpZcWZHY3I5UXNSS2NUUEdiVFB2MmRsUmh2YzI2aHBfenNnbjJnVVFXdDNqVXlOYnJYM0NZSEZZUTV4MHFxNzhxeE1GQVZB?hl=en-US&gl=US&ceid=US%3Aen,China Daily - Global Edition,8 hours ago,🇨🇳 China Drones,https://news.google.com/api/attachments/CC8iJ0NnNWFWamRtWWxKTk1GODRWbGgzVFJETUF4aWJCU2dLTWdNQjhBUQ=-w200-h112-p-df-rw,2025-09-07T18:35:43.179008
Report Reveals Iranians Control Venezuelan Drone Facilities As U.S. Deploys Warships Amid War Fears,https://news.google.com/read/CBMiiwJBVV95cUxQREhVeGlldnJIUlRfX1pVQWhFRjRJQy16S1pWZks0dnBmSzFCb1ozOEJPdGR6dTR3bjBaTlNneFVacF9DbGRNaGQ3TGRIdkxzUWtsdVJDSXhHa01LM2xQdDQ0eVFWNWdQUkM0M1dWMGFPMXJZTUlQd2dZREdGXzF1Ym40bElnTVJIQXFZcFdoek5zVkJLZFljRnBBU0J5eDRteEV5MjBFYWdBTHhXT2lWTnlvRFdpWGpkX3FpMC1oUlhfLWdROTE2bnNzXzBVSmdDTDVnNFRZaU9wQkNQbzM5T3FoMHd0U0dvQnFqLV9fRXY5VmFyMjRnVDdtcjhQRVRoVG1kNjFGTng3aEXSAZACQVVfeXFMTkhObGxiN0Q3TDlIUm1kZTBmMmozSUlVbV9GN2R0WWdUcjgxalZuZWRoYnM0R1hJOXZ5bWlFUUlrb3VlZWhnaXBqS0s4bnRMV050a3hYM1hENVBfNFJqNkdySnRla2U4SjBYdzQzdThnbjItRkRkYV9sQlQxTGhuQWM0NDI1alVNWmRIMi1EQkRSNGlMMEVjaDVCdURWV2FLNkNTSmFtSXNDNU5PRUgzNTRBa3hlUzl0WFVZa1RjODRTMHJNMkxMSGVmenJpblFUaW9PYVp4MmRQVDhpRzhzRUdkNmhqbXFCMmc2TkxQSDVwZTRZOUZRemNGbmF5MXVYdFVINldyanB3UmFtNlJOUTU?hl=en-US&gl=US&ceid=US%3Aen,The Times of India,8 hours ago,🇨🇳 China Drones,https://news.google.com/api/attachments/CC8iL0NnNUhUVXBVZEVSMmRUQkRNbWgwVFJEZ0F4aUFCU2dLTWdtSmtZckd3S1ZyTFFJ=-w200-h112-p-df-rw,2025-09-07T18:35:43.179009
(Hello Africa) China-built Olympic stadium makes historic debut in Chad with World Cup qualifier,https://news.google.com/read/CBMifEFVX3lxTE1fWjBSWWE1Ym1TVkpVNjl6UVFUeFJRT3BONUkwYWg1dEI1b0F1c2wwdEtJUEg2V0htcWhOd2IzUk4xU09hZWl6R0gzYUttUkRESVk2NTVnOEZVZzdGcDMtdkdmYWlzYlVFMUY5c21BVGpmWGoyLWF6RHppNEc?hl=en-US&gl=US&ceid=US%3Aen,Xinhua,9 hours ago,🇨🇳 China Drones,https://news.google.com/api/attachments/CC8iI0NnNXNUREJuY0RCWU0yNTNNWFkwVFJDM0FSaVRBaWdCTWdB=-w200-h112-p-df-rw,2025-09-07T18:35:43.179011
Chinese engineers tested drones for Russia: evidence from a video flight over China,https://news.google.com/read/CBMi1AFBVV95cUxNMVNWTUsyMGhOZE1HSkQ2eEVUUUVrU0tqeG1EVWxGYTV3SVM5YjA3RzdZMGxDQjVrVnRLTm5DU3AwY2p6Ty1pV0xtX2ZFaE01bkp6NHBfWkYzcVZET3RzN3hLVGdtY0lGUVVRQ2lOaXh5VHhnU2ltdUxJNDBlY3Vha0w0S1VTTTkzOUp1Z3VTcjB6alh0X090dlJDWnFvalJ2V09JRFl4aWVhYjd1Y20wVzRRaVNERzRlR2pLbG54eV9BYWtQS0lpeDJxQWx2WGVmNWhfWA?hl=en-US&gl=US&ceid=US%3Aen,112.ua,10 hours ago,🇨🇳 China Drones,https://news.google.com/api/attachments/CC8iI0NnNWhVbWxQUzNwYWNXVlphWEF3VFJDZ0F4amhCU2dLTWdB=-w200-h112-p-df-rw,2025-09-07T18:35:43.179013
Yemen's Houthis attack Israel’s Ramon Airport in latest escalation,https://news.google.com/read/CBMiUkFVX3lxTE9QZkRKYW1TMWt5T0xCUy1mNm15QnJZN1pQaExrU3BDbzNHUTlIUDh6Mk5xNWMxTEdJWGZ1VzExajdtSW1CdlQxYk9IZFFKdHFiV0E?hl=en-US&gl=US&ceid=US%3Aen,ایران اینترنشنال,1 hour ago,🇮🇷 Iran Drones,https://news.google.com/api/attachments/CC8iK0NnNXVRMVJaYWxacU5VTXpNRmRNVFJDb0FSaXNBaWdCTWdhQlJJQXJvZ2c=-w200-h112-p-df-rw,2025-09-07T18:35:43.179015
Has Israel defeated the Houthi drone threat from Yemen? - analysis,https://news.google.com/read/CBMiXEFVX3lxTE5CaGt6b2FvbVJLSFNGT2xaaVhHOTB5REFDbk43S2c1bDhKY2xueE9aX0VzWDBSS0JOWHc3QWlPejhtWGxfaVFmX3BRYW80NG9CcWtIOFo0QXZtVlZ0?hl=en-US&gl=US&ceid=US%3Aen,The Jerusalem Post,7 hours ago,🇮🇷 Iran Drones,https://news.google.com/api/attachments/CC8iK0NnNUdjbWROWkVoS00yVkZTVkl0VFJDZkF4ampCU2dLTWdZQlFJUkl3UVE=-w200-h112-p-df-rw,2025-09-07T18:35:43.179017
Airspace closed over Ramon Airport after Houthi explosive drone impact,https://news.google.com/read/CBMitwFBVV95cUxPTFRLUHk4SzFWSi1jOFV4eWt1d1RqREN5QVkzSXptYWl5bm1GQV95NFNFeFhsTTlHQTZjNy11NkF4UHEwSzEwTnZ5WE9DQkJzTFdGZ3NZbjRRdXRGbEtaNjlPOGxUeDk0RXVQempPdzQwVy1LdUlUUmJmZjZsQ004UGpNTGR6YTJfZUZFOWc0alhJaUVJTXBNaUlWaGtGZXNoeE96TFU2RVV4Wk9sWmRWSUlMdHdsT2c?hl=en-US&gl=US&ceid=US%3Aen,The Times of Israel,5 hours ago,🇮🇷 Iran Drones,https://news.google.com/api/attachments/CC8iI0NnNUtXbDh0ZDBKTmVIZzJSVTk2VFJDMkF4aThCU2dLTWdB=-w200-h112-p-df-rw,2025-09-07T18:35:43.179019
Venezuela thanks Iran for support amid US 'bullying',https://news.google.com/read/CBMiT0FVX3lxTE91OXdQZng5Vmc3aXN3Q0NJTEYzUXd2azY1WFE3WVgwcWhPVEZ6U0x4YUZxYTdwVHp4THpkTmQ4bTJVT0hVc0dZTWNyMjlCRHc?hl=en-US&gl=US&ceid=US%3Aen,thecradle.co,4 hours ago,🇮🇷 Iran Drones,https://news.google.com/api/attachments/CC8iK0NnNW1ha1JpUkZoQlRrY3pTRkJSVFJDZkF4ampCU2dLTWdhaE5wb0xuZ2s=-w200-h112-p-df-rw,2025-09-07T18:35:43.179020
Houthi Drone Strikes Ramon Airport After IDF Declares Earlier Threat Over,https://news.google.com/read/CBMiqAFBVV95cUxNNjlMZVFpd0ZLS1c2X1EyZ1VYQVprVE1aR3VxNXhDYzdjQjd0aEVTdWh3Q1gzVlFvWk1GMDlaTWpsR25nZm1QdGpETTA5Vi1hd2RlNTF6SXZEVEhmVVZ2cGRlZW5FX0hCQVE1cVE0eGtGSTFabmtkdXRrU2lUajVsMmhGTFZDMnB5blE1Z1RuQkNfN25IakY5OFlTbEZQUFJIV29tOW0wNHE?hl=en-US&gl=US&ceid=US%3Aen,VINnews,5 hours ago,🇮🇷 Iran Drones,https://news.google.com/api/attachments/CC8iI0NnNTZOV0U0UzJKcE5YWjBTakF4VFJEb0F4aXZBeWdLTWdB=-w200-h112-p-df-rw,2025-09-07T18:35:43.179022
Israel closes airspace above Ramon Airport after drone strike from Yemen,https://news.google.com/read/CBMimAFBVV95cUxOeC1TYXlsd3I5TXBLMTRaNWloSG91T3RNZjV1M2hCWF92SUY1RVRydUx2bTZOSTBaRDdGNndHNkEwaFczMUo5OWg5TTlTVm9tSEV2cHBPLXF5MF9vckc3MXpKZHFnYlF6c182VGFuQ2xWSlFSeEZ4VlVaRXJHOGl6UjhZVWZTajREdnA0cHNuYi1FTlE4VHJ5Wg?hl=en-US&gl=US&ceid=US%3Aen,Latest news from Azerbaijan,5 hours ago,🇮🇷 Iran Drones,https://news.google.com/api/attachments/CC8iK0NnNU5OSEpZZGt0M2FsOW1WekEwVFJDZkF4ampCU2dLTWdhQnNJb1R3UVU=-w200-h112-p-df-rw,2025-09-07T18:35:43.179024
Drone Attack Hits Israel’s Ramon Airport Amid Rising Regional Tensions,https://news.google.com/read/CBMioAFBVV95cUxQUG9ia1VRVFg1ek1aVlgzLXVydzJVM0tKcEE3Q3VveDUtY1VDWjhqSHdtc0txQXNBQzdOYmtwTnNYLTFrdTdfVlQ4eV94NDJHUmNnUVBScWdHVks2emIyQ2RsWVVwSFBIdk1NV3NEd09tdloxMHRmR2dKUjd5Q2NSYzF0bTQtTmRMc1JvR3oxQVFmRV9vcjY0QVVwQzdibmJT?hl=en-US&gl=US&ceid=US%3Aen,Букви,3 hours ago,🇮🇷 Iran Drones,https://news.google.com/api/attachments/CC8iK0NnNWZjVE5zWldReGNHbzNNVWxCVFJERUF4aW5CU2dLTWdZQkFKRDBIQXM=-w200-h112-p-df-rw,2025-09-07T18:35:43.179026
Israel says investigating crash of drone from Yemen that fell at Ramon airport vicinity,https://news.google.com/read/CBMiygFBVV95cUxPSlM3c3BtVjhodWs5eW9KVkZsUUNoOU5oenhNdWpwTTZMc2trdUpHQ1l4cG0wN1pyOF9wU1d6QlNSYkxTU01fNXFYbkhxZ0tIWkZ4cWVhS0laTEFZSHRvb0M4SXp4MmwwNUpaX2J2c3o4dXRkNTl1Q3hBLWJOVmNOZTlGdlZZVWJwNGV5UkJhUmFlU1Fzc3NualVuUG9CSTJ6OVF5M0d4bWRhTlFCVlFXT0kyNmRvWXVkMmF4cjJMcEVpTlRxSzZHN2l3?hl=en-US&gl=US&ceid=US%3Aen,Deccan Herald,4 hours ago,🇮🇷 Iran Drones,https://news.google.com/api/attachments/CC8iK0NnNHpORXBvUkRCVmFGQkdURWRmVFJEWEFoamlCQ2dLTWdZVkk0aXRNUVU=-w200-h112-p-df-rw,2025-09-07T18:35:43.179027
"Israel news today: In a rare hit, a drone fired by Yemen's Houthi rebels strikes Ramon International Airport near Eilat",https://news.google.com/read/CBMi1wFBVV95cUxORXZReGxZYUlBQ2xjRUxWdDhuZ00wS2lrTzRtZThzeGFCX1RpNXdpcUF2VE84TU1OMU1UZ2ppVVZCN2QwbUpLd216RGQ1eFhMRDZNQWY5aHhnTWRCOExIZUJhMmtPV3FoNWp4aDFMWjJxWFVMX1FqbzItbmtSOWI2Rk9uWEZMYTFpU25yX3dMVXRrR0NCbFp6dS1qbUJ3MHpXemwzSUFrdTNRa0Facmo5MThxV3d0QmZqaUZpNWxPaHJ3alFEOGZCaHBodlE2NVdYVWlKaTZxNNIB3AFBVV95cUxNWkw4bWhDUTlGWTE5bi04Q0tyUDNfa2dYeEVLbnc0MGNMWXRKVFBwa1JJSG1ZTUVPcjR5QWx0Mk5CUFdCVWZ3RzVwMk9yS2xzeThGaXI1WVZsR1I5N0RzdGYzakd2bG55ZXU1WXMzNUxZRjRrdW5WTldseW9zTmJsUWs1cnBqTzRCdDdZRE1fSFpGQTVIVXhYeWxYcERPVFhEUVJNckU4eUZtVkw2dDlmXzdkSVBHS0duSUtNeWozRnc3WjllaWVKVWxERlZCVXNMUElkWHNOVkQxUnBf?hl=en-US&gl=US&ceid=US%3Aen,ABC7 Chicago,2 hours ago,🇮🇱 Israel Drones,https://news.google.com/api/attachments/CC8iK0NnNWxjRnBLYUdWa05uRlJOVGhhVFJDZkF4ampCU2dLTWdZZGRKQ0tyUVk=-w200-h112-p-df-rw,2025-09-07T18:35:43.179029
"Sirens fail as Houthi drone hits arrivals hall at Ramon Airport in southern Israel, authorities say",https://news.google.com/read/CBMimgFBVV95cUxNRExvOENkQW5WaU5zT3JsVF9hTTlGeXFfcjBYbjVPNTlQUFdJUXBOS3BadFlrbUJjZ3cwTnY0bzJuMkJBM0ZXMndqUEFSVk9Cc2wtRS1EYldtT3hCUGNfdE9OaXR5SlJiY0drZHNkdEgzbmJvemF6ODV6ODM1UGwyV2tOblhVVkY5eWliZXRMUGd5b18xZG1jNkNR?hl=en-US&gl=US&ceid=US%3Aen,CNN,4 hours ago,🇮🇱 Israel Drones,https://news.google.com/api/attachments/CC8iI0NnNTBhR0l4ZFc0Mk5rUnpNSGt5VFJERUF4aW5CU2dLTWdB=-w200-h112-p-df-rw,2025-09-07T18:35:43.179031
Israel's Ramon Airport near Eilat reopens after being hit by drone from Yemen,https://news.google.com/read/CBMiwwFBVV95cUxOOGpBT2s2eWdZeWh1UGhHM3d6WmhSbUxveDRJNFFwMGVZeG5SZW53aTdpVlRTVXRyZ0JLTEpqVHhlSjBYN3pHbUpycmVRSHZzY2NOaV84aXdCN1pJTzkyekRocFU1TzVLLWtlZVphS0dyclpUaVFrTVFDQTNMLU5YWVdZM1ZxRzFrQWphSmZ4NnRHVjlDaXlJNnV6N1I1VU5VeW01MzNwcjZRaEFIVjVZZEJQU0VWSVA0ZTh3YnZLaHRXSzg?hl=en-US&gl=US&ceid=US%3Aen,Reuters,34 minutes ago,🇮🇱 Israel Drones,https://news.google.com/api/attachments/CC8iI0NnNVlkemhYYTFaWVptVnlhRzR0VFJERUF4aW1CU2dLTWdB=-w200-h112-p-df-rw,2025-09-07T18:35:43.179033
Explosive drone launched from Yemen impacts at Ramon Airport in southern Israel,https://news.google.com/read/CBMiwwFBVV95cUxNTXJlcDY2WHh4akJURXVvc3ZvR2NzVEtqWjlUTHBKb1Z2dVBqSVUwa0F3S0x1bzNpakU2YUhobVNxTjVCbHMwZndZTkxRZFV2QURGM0N4eFF0cjQ3SVhOcHhGZjJ1WS1vYXBscUFaQ291dm5xeldjYk13LXZORU14WURpcmpNVmhhQTRBalROU2xvZ0x6bXFVY0VESHVBMW1HSkd1TnctckJHbDJtcFA5MElOV0doY2UyTk1lMC1XQU14S3c?hl=en-US&gl=US&ceid=US%3Aen,The Times of Israel,1 hour ago,🇮🇱 Israel Drones,https://news.google.com/api/attachments/CC8iI0NnNUNVbXg2UjFsbFYyMXlhSEZNVFJERUF4aW1CU2dLTWdB=-w200-h112-p-df-rw,2025-09-07T18:35:43.179034
Houthi Drone Hits Airport in Southern Israel,https://news.google.com/read/CBMimwNBVV95cUxNWGQ2RERTb19Rc0MxVkkwR0I5NlA1QkJfbGhxTW5pOTdhWTg4X0pwSXhEVk5zQnUwVUh1YVA5LUxmZFJGU09uRnVtOGh1S19Kend1TW9yOEg5Y0FxSFFYMDA3aUFtdmZyekNiNl90d3FzNGVuQUFYN2tJNE1LcTJ5bTRlUmYtTVNSVlVzazBEbkRhcjktRlU1ZXMxWU1oYUdheFZDYy1iVUY2SDUzNUszV25MOEJuSGZwazZBX0F6akNValRCRzU1aE4zRmdqVFl0NkExMXRUZ09UN04zc3VaZ3hjX0hYYVZVcTUxb2UxdkE2eEtjN1J6WVdEaWprYTNPc3BOcGxtLXJtUHFxRk5ETkkyVFdLVzhJYXlKN3lIeUxIbTFKMm5uY2NBenhSRkRpQXRiS21lNTE2WlZqcnBuVHhkcTl6Vjd1VzRQdWlfMVVKXy0xZndlWTkxTmJGYnZweDl0b2tjNUg3MmxDQzQ5QnN0R3dZWnNWT05EZjIzbUF0Vl9ueF92SFNDb0dQSFV2THRva1VnWmcwbTQ?hl=en-US&gl=US&ceid=US%3Aen,The Wall Street Journal,4 hours ago,🇮🇱 Israel Drones,https://news.google.com/api/attachments/CC8iI0NnNWxjak5HWDFKTGFucGhjR2hUVFJERUF4aW5CU2dLTWdB=-w200-h112-p-df-rw,2025-09-07T18:35:43.179036
How a drone attack by the Houthis hit Ramon Airport,https://news.google.com/read/CBMibkFVX3lxTFB2ZXRjVWJuMUJTaXlCdlZhSmRZTUNTUVNXTVZnYW9uZmFkQVhYbEhsZHp4N3pUa3puWUZTZlNnQmZrZ2Mzb2JuLUZqWS0tdXJIeGxsTzBidmpMYnRDcGpyaFJzenNIMWM3dkt3dDFn?hl=en-US&gl=US&ceid=US%3Aen,The Jerusalem Post,2 hours ago,🇮🇱 Israel Drones,https://news.google.com/api/attachments/CC8iJ0NnNTVVbkZ4U0ZKS1RIbDZRemRtVFJDZkF4ampCU2dLTWdPQmd3SQ=-w200-h112-p-df-rw,2025-09-07T18:35:43.179038
Drone show depicts KPop Demon Hunters' Lumi over Seoul,https://news.google.com/read/CBMiiAFBVV95cUxNT3JJMXBiQ2c5QXJEMlVpMlF4ckNVN2lYV0RRTm1vSVh1cS1rVVkwdGJNOF9pX2FjY1JHeUFFY3ktR1EyOHp3WXFFUUNtcnBwT3lYNGw1STVHX05Pc2wxRVhDUnhFc2kwc2N2RGlqUHBSSVJ0b3l2ZEZnV2tnNDNpME12aUNDcjFO?hl=en-US&gl=US&ceid=US%3Aen,조선일보,1 hour ago,🇰🇵 DPRK Drones,https://news.google.com/api/attachments/CC8iK0NnNVBkRWhKVTFKcFJYRlZlRU5WVFJDaEFoalFBeWdLTWdZcEpZVE9GUW8=-w200-h112-p-df-rw,2025-09-07T18:35:43.179040
Russia deployed UAVs inside North Korea? Stunning details from Kim Jong Un-Lavrov meet to shock West | Hindustan Times,https://news.google.com/read/CBMi7wFBVV95cUxOaXd5enQtOTQ4TGFSSEltb0JRZU1xYjN5Z3JRb2gzeFhTSHI5T0k3TV9SV0J4ekJNcWVodVQ5ODdFejM1M2NGc1hMRWVTc085OGhvLWt6c3BSLVRhZVRhWVpHaVZQVEduNzBSODRpQ2NPX09qN2JuRDJXOHZHaEg3bU45czNqLWExbjg3ZldFSFhVZWtoRWk1U2ZuOEpPNmZlSWhzMkl2ZS0za1AyZEkwaFYydGNQVGgxQ080S1dKdDFTVVVJZ1h5a0ZNeGxVREpRV3pSNk1nM2Vxc0sySWlmV2VHSnNLaVhGZzBENDRGVdIB9AFBVV95cUxPWGxzYW43Nlp0WWFzcmFkSDZYR2tMWEpWV25yZDRYNjJVME5KcGUwY2doMnB6OV82aFVSempTY3RWWW0xNGt6SFVCZ3MweWxJX3BvYUM3OWNfc1lTQVB1N2Z1T2hCcFJzVGRrb1hMaFprS0tlRzlQMWU2ZEVXT0VOTVlMUmlEd1RWWjlSdnVoV3pVcWtndExZM0QteGRKMF9Gd0RIQzVjS0NjWTNKTVRMWVU3SDBTUkViRW1IaklCWWRJWlNGZXFCQ0FxYk1RQ1d0bDhWcVpCU2lHblhHVktYdkpfRkJqQldJNWZsQl9oeUxXZGNr?hl=en-US&gl=US&ceid=US%3Aen,Hindustan Times,17 minutes ago,🇰🇵 DPRK Drones,https://news.google.com/api/attachments/CC8iK0NnNU9SV1JzYUY5dVZXWldibFZVVFJDZkF4ampCU2dLTWdZQkFwb1JKUWc=-w200-h112-p-df-rw,2025-09-07T18:35:43.179042
Ukraine war latest: Russia's largest drone attack on Ukraine hits main government building in Kyiv for first time,https://news.google.com/read/CBMijAJBVV95cUxPTlU0MXYyRjFGb2lQTXRVeHAzajJrRXIxajlLM1ptT29tU1RKWWlqWm9TVTUwdUVzWjZVVnhtRFE3c29Oc0VnQWNMNEw2VWgtQnlMdWg5ZFByQXNnamU1VnlHMm15U0J6bDBYVzBiSlRGWWRSQXUzNlgzeVlYSVhCTlc3MWZPNjdtM3UwZGx3dEhSVUVGNGJ6dktSQzZOdDlHVWNmMjVwZ2FzQWRWQ05naFhjVmZkQ1kyM3BDWThrX0M5eFpxVWxOaXU1ZW9QUkJPRnk1NndjM2Yta1I2NWVjdzBncEZValdHX19GaFFMYWNDSlBaTU5HbnF5MU5UbzBpMDRsOXo5RHd1RzI1?hl=en-US&gl=US&ceid=US%3Aen,Sky News,3 hours ago,🇰🇵 DPRK Drones,"https://encrypted-tbn3.gstatic.com/faviconV2?url=https://news.sky.com&client=NEWS_360&size=96&type=FAVICON&fallback_opts=TYPE,SIZE,URL",2025-09-07T18:35:43.179043
Drone swarm breakthrough promises safer and faster aerial missions,https://news.google.com/read/CBMirAFBVV95cUxQVWxwZnI0ZDJYY0t5M25RdnVrOEY1ZGRmM1VmQ2F6V0JFOFFRa3ZPeXBOVlJyQW9aUmdSN3lBcW13eWZ4Si11Y0kzWWVmMFhVeGxOcWV6eGh3bnVyUFJQYUR2aXlaSjBkbGZoTVlFX2pyT1dmSUh0M0t2SXBfSElEdThjVGd0S29qX3FaQS0xTjFwNXdMakhoX3c0NWZOV0s5NEJITjNSM2lzSXdE?hl=en-US&gl=US&ceid=US%3Aen,Space War News,8 hours ago,🇰🇵 DPRK Drones,https://news.google.com/api/attachments/CC8iK0NnNWpjVWROY2t4MVF6STFMV1pGVFJENkFSaXNBaWdLTWdhQklZREU0UUU=-w200-h112-p-df-rw,2025-09-07T18:35:43.179045
The Big Five - 7 September edition,https://news.google.com/read/CBMid0FVX3lxTE9EdS14d3JBQjJwTFBlTF9NdHJrdWRiRXRPN011Q19NX0FtSk5NUUlkZmlJMGdjcnlmZVJDWDJGQkdYckg4NHk1RENiblFoVE5udkNhMlctcEswYnV6V2dkS0ZQNjFkbU82OWJoTnpSalJGUkNMaXBn?hl=en-US&gl=US&ceid=US%3Aen,Futura Doctrina | Mick Ryan,12 hours ago,🇰🇵 DPRK Drones,https://news.google.com/api/attachments/CC8iK0NnNXJPRk5oWTA5UVoxTjBlV2hwVFJDcUF4alFCU2dLTWdhcFFveHVvUVk=-w200-h112-p-df-rw,2025-09-07T18:35:43.179047
Israel says drone launched from Yemen struck arrivals hall at Ramon airport,https://news.google.com/read/CBMirgFBVV95cUxPYVozQjJxcmJ5YzBUcW9OY2RmWW1vNjBpN25Ub3RsdmZFd0V1elpyWV84TmJ3NnoybzlqOF9CQi1NbkxEWHBkZXJsTTJ0ZEdDMlFnbnNGRXNPc2hDUm9HdVhaWVFUMjN0dFR3enoyaXZkMEFwNmhHTmx0dlB4WXBySVRyR2RLeWZTMW9wTmhIWE1JYXNyMGNiWDdKbVB5VHllc1Vaa2xKYlBDb1dwUFE?hl=en-US&gl=US&ceid=US%3Aen,The Straits Times,5 hours ago,🇰🇵 DPRK Drones,https://news.google.com/api/attachments/CC8iI0NnNWFZbG95WXpoTFp5MTJWWEZyVFJERUF4aW1CU2dLTWdB=-w200-h112-p-df-rw,2025-09-07T18:35:43.179049
Ukraine's main government building targeted in 800-drone attack killing baby,https://news.google.com/read/CBMimwFBVV95cUxNekhTWmd0bVRkUzdkTXZjZVlmSXpKNDJFYUxjcDdZaU80MEZubE5kalZIdXZBazlBX0w5Y1lyUGxRcU94TWhhaEdDc0xFXy1KdmFGemRjekVtV1dKRFpCUjRSVGVXd1hCTHQ1ZUtSc3ZWNm1oMV9FbXFLcmhGbTNtbHJIX1JYTXhGaDBJZ2xlbTI0Qm83ZXVMWWxlZw?hl=en-US&gl=US&ceid=US%3Aen,Daily Star,11 hours ago,🇰🇵 DPRK Drones,https://news.google.com/api/attachments/CC8iJ0NnNDJaVkY0VERWd1FUWnNNbkF4VFJDWkF4am5CQ2dLTWdPVlVRZw=-w200-h112-p-df-rw,2025-09-07T18:35:43.179051
What are the high-tech weapons China is showing off at its Victory parade?,https://news.google.com/read/CBMi1AJBVV95cUxPR1RiM0NxaFhTd1lVNTktbUlRRlU2RXdBYVRTV2pOY18xX0czaU1hdHc1X2w0bVh2eEZhUTRNZDBTSm5KNmszcG5DbjByM3ZZMGZZRXRuaFdkekVKdU43T25PV19lRV9TN2tDY01zVTQtMFJPZklDVmltMGM2NlRxdHo5Y0lMUGM0Y0hiQURvX2QyUktXaExXNElsQUdvb2FMNTVJc0dqR3pnNG03MWthZlFrTndKUzRXN00wR0x0MWh5c24yOHhVZjJWaXlmNWhjX2FIZjVxVUdtUUc2UXhFTHQ4NnpUdmhlZXdmNklQZWpXT20yUi0tWlJJbmlGSUdPRnh0ZXRkQVA3b3lzSElWRzYtMFNvNlNjb1hwQmtiQU8yOTRNV3hDNlBaZ01mSF85c1VtUVUtZnpxd0ltQUhyeTJCS0RMRWVQWG9GZTVFUlFGWlJZ?hl=en-US&gl=US&ceid=US%3Aen,MSN,18 hours ago,🇰🇵 DPRK Drones,https://news.google.com/api/attachments/CC8iK0NnNHRURll5VTFCS1ZsZEVTV3h0VFJERUF4aW1CU2dLTWdZQkFJb2tuQVU=-w200-h112-p-df-rw,2025-09-07T18:35:43.179052
Turkey's Steel Dome air defense system: Game changer or work in progress?,https://news.google.com/read/CBMisgFBVV95cUxNOTZWTTd0TklUc3ZOZzlGMnR0aHFZRnJVU0FLQmx4OElJaVNXVVFmclZTajBIaXN1ZVZxbDZUU1JSVWVLRkxUSnNaUngxVUJIdXY0LUUzbVVzSUc4VnVRbl9KZGVGOFBWdDhFRVB3TXpsX19NNk5zSEFsbFJ3aTBOTnIyWTBRd0ZkbFlxUjRrWTFXY25Eck9SOXpDakdDTXpNdnprS29KUThjM3QxTUVKVDd3?hl=en-US&gl=US&ceid=US%3Aen,AL-Monitor,14 hours ago,🇹🇷 Turkey Drones,https://news.google.com/api/attachments/CC8iK0NnNUJabGRsV0hKT1FrZzBXWGxpVFJDb0FSaXNBaWdCTWdZSmtJQ3BPUVE=-w200-h112-p-df-rw,2025-09-07T18:35:43.179054
"Turkey was shaken by a new earthquake, tremors felt at a distance of almost 500 km",https://news.google.com/read/CBMipgFBVV95cUxNa3FhSUhuWjNSS0ZUQ21RZGtoYTBkeWJfTGxLNnRSVXA5SFRQNktWVGwweXdCSUpOSDg0NTV2eXhrbmtCN1I5eks1RkEyaF93cTdpMHd1cFdielUzeE93ZVRXYUdPQmhST21fRFJBV3Z6alN5Z19QcVBqQ3U0TlRJM3lBbFlVN2JMbndSTFF0OEkxLVYtc2Q5dHVyTU9wUDdWN3JUdUZR0gGmAUFVX3lxTE1rcWFJSG5aM1JLRlRDbVFka2hhMGR5Yl9MbEs2dFJVcDlIVFA2S1ZUbDB5d0JJSk5IODQ1NXZ5eGtua0I3Ujl6SzVGQTJoX3dxN2kwd3VwV2J6VTN4T3dlVFdhR09CaFJPbV9EUkFXdnpqU3lnX1BxUGpDdTROVEkzeUFsWVU3Ykxud1JMUXQ4STEtVi1zZDl0dXJNT3BQN1Y3clR1RlE?hl=en-US&gl=US&ceid=US%3Aen,Українські Національні Новини,7 hours ago,🇹🇷 Turkey Drones,https://news.google.com/api/attachments/CC8iL0NnNXJYMXBXVWxoSExXZEhOREpaVFJDX0F4aXVCU2dLTWdrQlFZcmdyV05zcWdF=-w200-h112-p-df-rw,2025-09-07T18:35:43.179056
Turkey bear gets stomach troubles; lands in hospital on stretcher after overeating fruits - video,https://news.google.com/read/CBMihwJBVV95cUxQZ0Z2Z1lXa0VMMDZVMmY2Q1lzVWllWDRhbGdWekEyQVU0ODlEV2V6LUZIel9kaUNzU0JqZVdMNFlhM0VOdmlrbWY2YV9BRko1dmxSLXMxQ1ZWdm0zUDZaTm5DMWozZm9JWG5Oc1dCTXozQjZvd2lfYzBJSlpTWUdhMXlndkVqdEM0MTdIQ3RHbnIySHdOd2RyaEpBS0lRX1lPQS1QekRlUEowbUhUQ09LN2pBM1dFWXhlQ3F4WW9US0gtUXc4amVYbFZSdE5DM2EwLWk1ZlBxUGVpT2h1QU1qN2h1R29SVDdZZ2tya1V2dDBpUlNaWktSamQ1ZWdnQ3BDcjU3Ny0xY9IBjAJBVV95cUxOT1JCSzZvenFweFFNdUY0S3B4OHVHOWNSZGdQRjY0b0xBNGdrakFnVVdHODNyU25xaXhvdnJHOTBjalJYSmJrNkJZSTBJNEs1cy1OcjYtYVRIOEQ3RFhjSFZNUXpYUVY1S1FqZm94ZlNQUl9rYkxfWF9nSnV0Vm91TVgyaXVSOElpOS1scG1FeXRsbHJSMVNvMk9ORjI2WW5sWXVhN2tQQ0ExVC1rcnV2VnJYNnBuTTVlTlV6dkEzcGMwaXpSQ0RsSVNycXFSbDRGcmplWWNNOUpfOHJoWTJfdUcyeWFhdzh4VWhUaGs3TXQ3Wm51OUs0UEV6OXlWNUkyaGpxVEx3V1F4cVRM?hl=en-US&gl=US&ceid=US%3Aen,The Times of India,7 hours ago,🇹🇷 Turkey Drones,https://news.google.com/api/attachments/CC8iK0NnNXBjMDEyUTBJM1VHaHJRVGhTVFJEMEFSaXlBeWdLTWdhZEFaNnNqQW8=-w200-h112-p-df-rw,2025-09-07T18:35:43.179058
Donald Trump plans to reinterpret 38-year-old military treaty: what to know,https://news.google.com/read/CBMiggJBVV95cUxOV3MtT2labG5mSTdYbjRaRTBQemROYWl4d0hBeEZzQWRLeGFUaG12QkNtZmltQ3ZkSnVJWURUeXBLRGxPOGhFREFOcFQ4TWV5bEFhck43SWt2MG5IaWxIUzhuMDFxcGh4NVVmSTUyNGtlTllhVDZTMTB1MzEzdnFseXVJOG5WeWxSSGNGMm85LUl2OWFYTFpkQ1E5YXUyci1xQXQ1Nk4zcVFnN0VpNmNDelY5WXp3T1JCTmRfaXVFWTVKWVBMeWZqWGtXV1R4SmQ2ZHVrcDNCYTdieWJ1Tzc0Z3JiOU9kOV9VRUF6MGlHVXFpbm1aTVEyOGVZRm15RlRad0E?hl=en-US&gl=US&ceid=US%3Aen,MSN,10 hours ago,🇹🇷 Turkey Drones,https://news.google.com/api/attachments/CC8iL0NnNTNNVzB5VVd4TFdVTmtaM1pYVFJERUF4aW1CU2dLTWdrQmNKTHNNU2ZnekFF=-w200-h112-p-df-rw,2025-09-07T18:35:43.179059
SAS Technology Unveils Innovative Midros MFK120-1X Loitering Munition,https://news.google.com/read/CBMif0FVX3lxTE1UM0QyTW1Vbk1BcUVBVmp3UkdtRHNnTURBMEI3SmpVZU5LSUhsalplZUVELVUxRS10OFFjRXd2UmNodUgyUGk2dTVxUEN5S0Uyb2d0QkJFdFJING5CMmpsNUFyWU9PeXhRWUFDblc3N2huZHZfN0E0dE1OcFVjY0nSAYQBQVVfeXFMUDJwNjQwWTBzcExKY21jejFfS3lCcjF2aW02YWxJVDJ0VlowclJuY0M5NUJKOFZzNUNvWVVKX0FlVlkyTHo1d0F6U3R2U1k0NU5XNENjSlpCdVBxNDFBdlhOM2Q1S25UZTM5YmxxcnpFaWlnR2FtNHRXQmlmelNlUHBTeWRw?hl=en-US&gl=US&ceid=US%3Aen,Greek City Times,4 hours ago,🇹🇷 Turkey Drones,https://news.google.com/api/attachments/CC8iK0NnNW5kR3RtY1c5dmVHSmxSamR2VFJDQUJSamdBeWdLTWdZWlJZTE1YUUk=-w200-h112-p-df-rw,2025-09-07T18:35:43.179061
"UK pursues defense shipbuilding deals with Türkiye, Denmark and Sweden",https://news.google.com/read/CBMisgFBVV95cUxPdnFfQXFHOWU1emM0ZV9oQXcwZUpmUWoySHRkb05mTHpMQlJPQVdsNVAxUkFMVnVVZ2hNMFVYZkFtejVpRThORFpIdnkyU1NQckY2VTQtSkN2WFFpOGNtSHlUOEkybVZCMU9qeFFvU1VDc05LUW1mMVFldWxNbWxCSkR6UmFoekZxeEtqZkppbTZmUjN0cnF2M2NDRThJb2ZZdFlEZkEzOF9GZ3VWRWNLMFRn?hl=en-US&gl=US&ceid=US%3Aen,Türkiye Today,10 hours ago,🇹🇷 Turkey Drones,https://news.google.com/api/attachments/CC8iI0NnNWZZbWxQUkhSMVVFTldZV2RpVFJERUF4aW1CU2dLTWdB=-w200-h112-p-df-rw,2025-09-07T18:35:43.179063
Why Nigeria’s Arms Deals Keep Failing And What Needs to Change,https://news.google.com/read/CBMijgFBVV95cUxQXzBoZ2hySmtIVXFpT0VkdUotX2RfVUpiNnhlSVpWeHBwLWFOWUpHOWUteUFtb2dJVmxZdkRHS0dFejBibm9BOWZIU1V0RHlZNnRma2dueVMzbDJYSmFaV1BaV2VaZENmb0lTNEtJczl5c2hLMnBENEdTYW8zemE0WDRxOHU0SWRfaGtEbUpR?hl=en-US&gl=US&ceid=US%3Aen,Daily Trust,5 hours ago,🇹🇷 Turkey Drones,https://news.google.com/api/attachments/CC8iL0NnNVlPRTFOUVUxbmFGQnpMV3RNVFJERUF4aW5CU2dLTWdrUkVZWm9FV1JGN3dB=-w200-h112-p-df-rw,2025-09-07T18:35:43.179064
Kansas Just Made History With a 30-Mile Medical Drone Delivery,https://news.google.com/read/CBMibEFVX3lxTFBQSmtHa3JYbUhmSnRyS2w2UkdwZnpCamZFSDlMajUzTURDaDRYRTVlNU8xT2pFZXJEX2M0MXAwWm1EdDVGN2hQZmdVLWYyYWx6X1BlQjI3WUVYUkprOXNrRlh1QmZqSzBuUnNGdA?hl=en-US&gl=US&ceid=US%3Aen,DroneXL.co,5 hours ago,🤖 Autonomous Drones,https://news.google.com/api/attachments/CC8iK0NnNHdVWGQ1YTFJelJVTnlSREUyVFJDZkF4ampCU2dLTWdZRk1KYmtGZ28=-w200-h112-p-df-rw,2025-09-07T18:35:43.179066
"This Polaris RZR Drone Has a Machine Gun and a 1,000-pound Payload, Screams America",https://news.google.com/read/CBMi6AFBVV95cUxONi1McmRJYktSODg2Q1NSa3R4aU9TUG4tTEZ2VnpIYXZ4cTlaaVFWYTdkWEhNbWx1b0VOcTlkUXg4Wnl5M2h5MEtJcWNaNGcxdV9sUGQxREh5YkJRU1Qwb3c3NFFiTUU4eHZ5MV9IQVpuM1I2NHJvYUdKUTYzd1QtSE9oOFdFZ1FYSDlBREQ5b2VfQzBhenExWkZLTHg3Yi1KdjRERk4zMFVKdnluY0hiUkNqZUZBTFZ1S2JyX1lob3JFaUlMYS1DNEV6V1hFaXktTy1fb192endmQWR3akt6YlZWaXdMSnN6?hl=en-US&gl=US&ceid=US%3Aen,MSN,5 hours ago,🤖 Autonomous Drones,https://news.google.com/api/attachments/CC8iK0NnNVpOMWcxUnpGVmRFRXlURTQwVFJDZkF4ampCU2dLTWdZRnNKSlBQUVk=-w200-h112-p-df-rw,2025-09-07T18:35:43.179068
"Agras T50, Agras Drone: 7 Ways Agras Drones Boost Farming for 2025",https://news.google.com/read/CBMimwFBVV95cUxPanAyYy1NQWhNWGxjZ3hONXYtaU9tRldfT2dXRHVrVUxybU54VzQyU3Jnem9odGptU3dMX3hkUmZ4S1RXdVNNQU1qS01zQlA0Ym9pVTJZVjJrcVlrUE9WNmVuNXpBMU56YVR4S1hlMmhocHdCZGNxQVlQQTdFeXFHdHVGc2dXY1c1UmE2U3h6cGxBTnJLdzlxUl84OA?hl=en-US&gl=US&ceid=US%3Aen,Farmonaut,11 hours ago,🤖 Autonomous Drones,"https://encrypted-tbn0.gstatic.com/faviconV2?url=https://farmonaut.com&client=NEWS_360&size=96&type=FAVICON&fallback_opts=TYPE,SIZE,URL",2025-09-07T18:35:43.179070
"InXizang | Traditional horse racing festival in Nagqu showcases ethnic sports, cultural activities",https://news.google.com/read/CBMifEFVX3lxTFAzVVY2ZldhNFhRTDVmNFd6R3doOWNmbUVPbEY5dU5zeUhXS2Njbm05OFRmZkNhdVpaQVBYblczdndsV0pGRU5wcmlHWXc0V2ltdW1Ha0hvanhabUs3T3ZfTHk5NWF1YVB6NDd2V1dlQ0FRWE9yMjNNU2M4cU4?hl=en-US&gl=US&ceid=US%3Aen,Xinhua,5 hours ago,🤖 Autonomous Drones,https://news.google.com/api/attachments/CC8iK0NnNHRTMWhpY21wTmFFUnZTV1p4VFJEQ0FSaURBaWdCTWdZQlVKQkFxd1k=-w200-h112-p-df-rw,2025-09-07T18:35:43.179072
The British StormShroud drones that make RAF F-35 and Typhoon fighter jets INVISIBLE to enemy radars,https://news.google.com/read/CBMi-AJBVV95cUxPQnctenVtdjNfU0d3Q05iaE04TnV2d0JuMF91VEY2X0RrOENWSC1VUkowYmIwX3ZBbUlMbmFNTzdMLWwycVUtTzJ4d2lkTlpWNmtfS1FSM0oyUXZBM1BySjFsbjQ4SkpfSEYxZ1FUeDV5N0ZUTGZiekpfQVBHRy1fSm5kdWtndy1JaVlqUXU3Q3FtazN2R1M3UVdzT2k1dFZLNDNmU2gwN21ZWm9vei1obE51VXk2OUFoQmx1ZDlMVi1WNExhWmNnTnZ0U2JyUHJsVXktdXg5SjNoeW9XZUVmdnpvQXpnZjJSaWV4TGV1ZUJNenFmeExFS2hiaXhpVzhrYmdTZE5RUk5SRk5neHA3X1JiczZPVHpldVd6MGp0dTRnT1lROTRoaTZPM29mSG5OSm5QeklHUFpDZkFOc21HQkhnaDJlZzMtVi1KYjk3WGJvc05ZZ3oxSnBzcHM5elpsMjFXdS1rYlMxblZCMWhISXBrT2R6Skdk?hl=en-US&gl=US&ceid=US%3Aen,MSN,7 hours ago,🤖 Autonomous Drones,"https://encrypted-tbn2.gstatic.com/faviconV2?url=http://www.msn.com&client=NEWS_360&size=96&type=FAVICON&fallback_opts=TYPE,SIZE,URL",2025-09-07T18:35:43.179074
The AI economy needs new payment rails: How stablecoins and lightning fit the bill,https://news.google.com/read/CBMiuwFBVV95cUxNc0c1ZzdRLS1oNldXelAzQjVKVVpBTlVIWU1Gdl8wTElPMks0aVdrcWpuR3JLN3hQcXFRY3ltTUxFYUNQNGw1empzT1BRdUhHY1dWdVB1bFBBOGt6ck9jNzY3a3NUc3BCQUZxY2ppUkIyOUJnb2xKSFJFRDgtVk1lclh4UVEwYXZHcG5MWGMtaks1MlA1SmU0MFlwcExSVjhkMFVZUjAzTUc1b3hlcjFKOUlweDh1YU5saEVV?hl=en-US&gl=US&ceid=US%3Aen,CryptoRank,21 hours ago,🤖 Autonomous Drones,https://news.google.com/api/attachments/CC8iL0NnNVVOVEF6YnpKbmFGbE9PWGgzVFJDUkF4ajhCU2dLTWdtTndZYW14S0pqN2dF=-w200-h112-p-df-rw,2025-09-07T18:35:43.179075
E-commerce: Drones may begin home deliveries in Kigali by next year| The New Times,https://news.google.com/read/CBMivgFBVV95cUxPRGswdTFYdVFHc0JaenhEazdETnRKOGRuUGZuTkYzV3lnODZ1Q2ptWTNrMXp4dzNWX19odDh1WV9MbjJMMmhtSUNvanc4cE5KSmRZVlJ0UWFLTkdZb29OanJIaEVRUE9FZzkwc2RkQTRPQmlLWFUyQVcybFE2bDJ0d2QyQ0gzaUkxOTM1S1ZIeU52NkRnd2puRmRyRlpmc0FKM1d3Ykh2eVgwOVE2R25ZQXJfYmlmaVN2UUFVMUdB0gHCAUFVX3lxTFBkbm4tVjlTbW01RDAtLTlxeVREdjFVZHh6TXJkem5JMnIwNGs3UlV5TlVqU19xaDJsek5GdHlFLWczTG5pY0RnaEgzT3Y5cTFZYVRhbUlJV3FTZ3lEOTBoTzFYYWFnQXJHMFppc1Q2VnRLLWtlWlJONjRRXzNIYkFYYnM4dlBRVWVGb1BhcExCbDR4TDdyVEJ6MVA3SFk5UktoRm5ZbnJ6MnJjNmJ0ekh6QXgyYTVvay1zZjVLOXpyNkxB?hl=en-US&gl=US&ceid=US%3Aen,The New Times,17 hours ago,🤖 Autonomous Drones,https://news.google.com/api/attachments/CC8iL0NnNTFaakJhV1VwS1UxVkNiR294VFJDdkJCaWxCQ2dLTWdtQllZVE1NU1prMVFB=-w200-h112-p-df-rw,2025-09-07T18:35:43.179077
View along Yellow River in China's Ningxia,https://news.google.com/read/CBMie0FVX3lxTE9BMWpabGtJVUZCdlRaMG9tQ3VXMnAyNXZJaEQ3S3A3X3FCS0c5cW9Sb1JGNk5xbUktMzdVdEJ6Y3VxSnNIUURYM0R2bGdMMzVDY2F5dkZWQWNScWphNENvSEQ1NTdHbXJjTlNWSHBpdjUxbmwxZy1vMjB2MA?hl=en-US&gl=US&ceid=US%3Aen,Xinhua,19 hours ago,🤖 Autonomous Drones,https://news.google.com/api/attachments/CC8iJ0NnNDNVRFpwVlcxTFUyRkpjRVowVFJDb0FSaXNBaWdCTWdNQlVBSQ=-w200-h112-p-df-rw,2025-09-07T18:35:43.179079
Arrive AI to Participate in H.C. Wainwright 27th Annual Global Investment Conference,https://news.google.com/read/CBMi2wFBVV95cUxQMjlDVWZFY0JqU2ZZcHdSd2VZd0FUbWJJVzFzTk9sWnlKbE5ZVEEwblVZVVlaT2JUVmFwVlNnR2RIczNJTlBBNjhXdVpaOTdHZ1dUMnJKdkZ2d2Q1ZWZtLVdJWkpqc28wNWpYZTFtblkyVlMzYk1DSXdNUG1MN1dEZnREQmxkUTZCSUpHcnlFUndFdzdJZGJiV2RaMGtRaGRDNEdiTVZDelpqc2lJQ0M4ZTVSMHdjVkpFVFh1dWZjUlpVQzBkeW5Fb3NMaGg5dG1JUjBSeGZaQ001Z3M?hl=en-US&gl=US&ceid=US%3Aen,The Commercial Appeal,13 hours ago,🤖 AI Drones,"https://encrypted-tbn1.gstatic.com/faviconV2?url=https://www.commercialappeal.com&client=NEWS_360&size=96&type=FAVICON&fallback_opts=TYPE,SIZE,URL",2025-09-07T18:35:43.179080
"“In 2025, the average price of a 20-litre agriculture spraying drone in Joshua, TX is projected around $15,000.”",https://news.google.com/read/CBMigwFBVV95cUxNQVFkYkdYOHBPc1Jaa05OVXZvQmlVU1BmUTJGODNfMVRuN0lMRWkydHY2aDBJSmdEREVBOFg0UW1ndVRTOWI2VFQ1akpqaWZUMHNGc0N4ZE9JYU5nYldJN3RyODNDQUpfWU5kTUY4alVHNHp0UE80N2JiNXB5RWhremZqYw?hl=en-US&gl=US&ceid=US%3Aen,Farmonaut,17 hours ago,🤖 AI Drones,https://news.google.com/api/attachments/CC8iK0NnNHRPVWR5YjJVMlpESm5OV3cwVFJDZkF4ampCU2dLTWdZUk01Q0huZ2c=-w200-h112-p-df-rw,2025-09-07T18:35:43.179082
The Army’s adding AI to soldiers’ phones and laptops to swiftly identify enemy threats after Hegseth’s push for new tech,https://news.google.com/read/CBMigwJBVV95cUxOZ0M1Ni04cFM0LVNSRk92dkZJN213aGVaSVZSY25vZzQtaldHSFZvNW9lckd3d0dNdzBmVlZSdmNPUVIxamRJNGk5OE9zbGVVY2J6TVJLamlwMko2ZFpNdHhpcGNZRk1JaWJaWFlNYV84emtFNDFYSkRhLVItWFVQOFB3bXNDUXMxRXJLLUx1WFZ6OFhRQTFfeGpXbUZFRDhwRzYyU2FZb2JXN2FKMkthQ2ctc0VXbXBYbVZLNmFoN1JOVUgxMHNya1lUMTF2MGRnTjZrU3FyVFpYc3huVUpXeEdmTm8wMUxucWVQRy1seGRrMS1CckNfcWNVcy1vaFJEMnlZ?hl=en-US&gl=US&ceid=US%3Aen,MSN,9 hours ago,🤖 AI Drones,https://news.google.com/api/attachments/CC8iK0NnNHpWa3QzWVc5WGNWVmZVelphVFJERUF4aW1CU2dLTWdZRm9Jckt3QVE=-w200-h112-p-df-rw,2025-09-07T18:35:43.179084
Best Drone For Topographic Survey: 7 Survey Advantages,https://news.google.com/read/CBMilAFBVV95cUxQajhSUThTX0V4dk5QSUFMMlQtWWVrZExjbHduV3kxRFVRa25RQ1lrV05HcWl3M1M5UVN0MTdCSDdyZ2NoNDc3Z05Wa0RQSkJFN181Vk5UcHB3bXNtWElmekRnVmFPWGRjWnFtUWJDMFBnN1JBRVcycGhYVFZaenJMakRTZDJwWUkxdUhMY1d6ZmJVOTVJ?hl=en-US&gl=US&ceid=US%3Aen,Farmonaut,14 hours ago,🤖 AI Drones,"https://encrypted-tbn0.gstatic.com/faviconV2?url=https://farmonaut.com&client=NEWS_360&size=96&type=FAVICON&fallback_opts=TYPE,SIZE,URL",2025-09-07T18:35:43.179086
Artificial Intelligence GIS: Top 7 Applications In 2025,https://news.google.com/read/CBMimgFBVV95cUxNQldFbW5aWm5EbHRXX05YNV85c3Vnb3IxeHI0Vk9RZmlnWXlHcWl0VU1lb2ZkTXAyLThndDVYNzA1S2lmV1pzdEtLa1B5anFUQmJVMWNiU01zQW9xM0hLUDFOSGw1aVpaT0VzRWJfSXVSVlVGcUhibTZvd24tZUJRSVBVeGgtelpDNWwwdDlSRlFaSEZkVGlOeVdB?hl=en-US&gl=US&ceid=US%3Aen,Farmonaut,14 hours ago,🤖 AI Drones,https://news.google.com/api/attachments/CC8iL0NnNVJPR2RmWHpGcE0yTk1SbFpOVFJDZkF4ampCU2dLTWdrSkFZcW1rcW9sNVFJ=-w200-h112-p-df-rw,2025-09-07T18:35:43.179087
AI in Xi's military parade: Why China is okay putting AI where the world is still unsure,https://news.google.com/read/CBMixwFBVV95cUxNX3Rvc0xrZGNmUEczSTRma2dNalFjRXFmeC1XdTBZLThKemNITVdCUDY1MmJHUVJidDRNcUE3Y1FMRFZwODk0eFM4ZWhMX0NoVFJTMTRXVjBZTEEwVjJsUUVrbGJ4VS1zd1hLYjVYRmFjcUNfXzg1RVpoV19RbV9RVjBWcm5CVnhBU3E3ZHVSRnlwOVl2MjZQYlBGTGFBMU5tQ1VqNW9RNGxvMUtnWXhuSnJSNVdtU1JEWWdIUjllMjgzck9KMXNz0gHMAUFVX3lxTE9OcDVGUUVvOFRIMDVnMHpmN3o4U2p3eHpkbmliZG5JanEwMEpIbXZQUUlrdXFVQW9EN3l3WTNPWjBGTV8wVGNjbC1yenlzYlR5bGxrUm0wS1FMc1ZtNkdmT2t3OGxlLV84RnF3SU9HTUxWZ0JHNVN5cjNlV2VESDdDX2FVZVl2M3hXX0JOMXJBeldmWGFCZlVCdmhidDZKX0tRRFBGVVRTRjNvTUJUUmJYMlR6cE1xdEhSNWxwU01iNVdvdk1zcUFGQ051Sg?hl=en-US&gl=US&ceid=US%3Aen,Firstpost,10 hours ago,🤖 AI Drones,https://news.google.com/api/attachments/CC8iI0NnNWhlVnBLTjFsaVFqQlBSakUyVFJDZkF4ampCU2dLTWdB=-w200-h112-p-df-rw,2025-09-07T18:35:43.179089
Saab unveils low-cost counter-drone swarm missile,https://news.google.com/read/CBMioAFBVV95cUxQNGIxUEE3Vm9MUENVTVNTYlZBeWVFWW54Vkp3ZllZT2tUaGVnWGV4Y1BmQU5wWVI1RFNZWmdRU1dCZElhNkFPVzg3NVJzZFdqOVEzT3NGQWRjSnM4MXZ2UnR1Qm9MTHk5VlBwNXN2eDFybjUyeWJGYjdXWWJQblRfVHA3aG5fTnkxUEt4bHNWV0tidm9WZ3NyeGUwZVl2NGNB0gGgAUFVX3lxTFA0YjFQQTdWb0xQQ1VNU1NiVkF5ZUVZbnhWSndmWVlPa1RoZWdYZXhjUGZBTnBZUjVEU1laZ1FTV0JkSWE2QU9XODc1UnNkV2o5UTNPc0ZBZGNKczgxdnZSdHVCb0xMeTlWUHA1c3Z4MXJuNTJ5YkZiN1dZYlBuVF9UcDdobl9OeTFQS3hsc1ZXS2J2b1Znc3J4ZTBlWXY0Y0E?hl=en-US&gl=US&ceid=US%3Aen,Aviation24.be,9 hours ago,🐝 Drone Swarms,https://news.google.com/api/attachments/CC8iJ0NnNU5iSGRWUW0xek9HVnRiekpFVFJEZ0F4aUFCU2dLTWdPQjBnWQ=-w200-h112-p-df-rw,2025-09-07T18:35:43.179091
Ukraine-Russia war latest: Putin strikes main government building in Kyiv for first time in record drone swarm,https://news.google.com/read/CBMisAJBVV95cUxQenRCd1VuUVc0QnJQamJRX0NrTjBkTDZTWFFKaUhGdVBkM01NNV93TTdGak5nODNMQ20wOEVKSHlmdVpuSDlVbm5SeU9wbzdiYkc1TmdJVGtOSm9EOFYzTHlzeGZoU3pmNTJwX2xLWjVuWHNmRDhnOWE0dC15QWs5TTNkak4xYTNWQ016UjhIVjB5MlZ6LWlHYUlrTV9QOEVkUk1jclNlREx2Q0c1WEoxelR4ampTbTh0U2E5eU56UGJRSFJnOEI0TV9CVGgtWVBpYllDeGJIT3FCTDNXQ20wX1RIRXRiNlVfSktaS0NqLVMxOEhBdkFiRWFVY1NJUXc2T3hzNzQ2Zm1LZ1RUTkRpZnZzVS1MdGR2Zm1LQy12LTVKTzB6UG0ydU1mTnNmV210?hl=en-US&gl=US&ceid=US%3Aen,MSN,10 hours ago,🐝 Drone Swarms,https://news.google.com/api/attachments/CC8iK0NnNWxiSHByUVRaRFZVbExNR1phVFJERUF4aW1CU2dLTWdhdE1veXZ3UVU=-w200-h112-p-df-rw,2025-09-07T18:35:43.179093
Ukraine-Russia war latest: Smoke rises from cabinet building in Kyiv after massive Russian attack,https://news.google.com/read/CBMi7wFBVV95cUxPRldHV2pPYVJaWmphMndPbV9IakE3Q0M2Y1RnM0xrMmF2aTdyVERYdkFYdG0zaVc1d3Z4OGZPYmVFOTdTQWZzeExhTmpZTURPNFRfeFZMV1piSG5TMjNPbDNXZDJobTF3eW9DakFGbnBORmk2OUdkanY1TWxOdWVkQ1l0ZFNWR3d1X2V3QlVreDU1TnROUVpRODdqSnREdzUxN3hETUFoMnNpN1pKZVh5UW5lbkhOYVRrWXhDN0dieGZBZ2FZNXd5ZEJHX3lvdjI2dlF0MGxDWnhYeUlsaWNEMGtmazYtVDBMUi0tRGcxUQ?hl=en-US&gl=US&ceid=US%3Aen,MSN,10 hours ago,🐝 Drone Swarms,https://news.google.com/api/attachments/CC8iK0NnNTVha2cwWlVWUlRWWkhZMnBKVFJERUF4aW1CU2dLTWdZQllJYkt1UVE=-w200-h112-p-df-rw,2025-09-07T18:35:43.179094
Alaska DOT’s Skydio X10 Drone Livestreams Record-Breaking Flood,https://news.google.com/read/CBMiggFBVV95cUxPaEdQdjFFQ05JZkdSRVR6OXA2TW42VTBPU09XOThfU2dfdVVLZHhQM1dxaVp6cVMwR3gtS0daTUtOTENhdktvOFFCNTZMOWczcE5KbjNsSHFjcFA1MkdzeUpOd2NkZG1YNkd5UEF6aThfaGI3eGFONHJnNVJXVHhGR1pB?hl=en-US&gl=US&ceid=US%3Aen,DroneXL.co,5 hours ago,🔬 Drone Technology,https://news.google.com/api/attachments/CC8iI0NnNURObVJ2UkhaMVltZEVZMXBDVFJDVUF4ajRCU2dLTWdB=-w200-h112-p-df-rw,2025-09-07T18:35:43.179096
"“In 2025, over 60% of California farms are expected to adopt organic seeds for sustainable crop growth.”",https://news.google.com/read/CBMihAFBVV95cUxPOUdfNE9uTlZUNEQyWG8taEpfUFNsQ1ZMbW9oVXR3U0h1bmRkU1l6ZGhUUDM4a3lSTV9naW1SMWozdzhtRVlfcWFrcTBVQ0tlSjRlbjRmZEU0MDlfa0JnanNVbzR2dVU4S1BiNmNqUVpWZkxUS3h2dER3YTFid1R6Qm9pTUY?hl=en-US&gl=US&ceid=US%3Aen,Farmonaut,11 hours ago,🔬 Drone Technology,https://news.google.com/api/attachments/CC8iL0NnNUlWV3RoVkZOdWJFUk5UV3BKVFJDZkF4ampCU2dLTWdtUk1wQUhJV2xNN3dF=-w200-h112-p-df-rw,2025-09-07T18:35:43.179098
"ExxonMobil Details Game-Changing Drone Technology for Angola Offshore Operations ExxonMobil is deploying innovative technology to improve safety, reduce inspection time and enhance data quality across its offshore operations in Angola",https://news.google.com/read/CBMi6AFBVV95cUxQcjFWalJfNlZwQVV1MjhEQkZ0dUdfNzhUdG1kNDJDMFFLeXFyNmhGektxMVFmNHJwVGxDR19HU2tHUGVoLUZrbW5pY1d3b2owVHZsbGhPbC03T2VxUlJqZmFHTWJjTDNkdXpjb2xkTHJldy0yc19makFnV1pFZFZNVWU3Y2UyeWFrUGhzaTl5bTBTUEZqaFVoTjh4bFdpd0UtNG1kamtCM2Q3Z1A3RlNXd25ULWRwVEFic05oUl9nSEVPS0g3bF9iX1NyajY2amJ5V2JvMDFmRzQwUFExTXZ1VTk3cDZDOXBM?hl=en-US&gl=US&ceid=US%3Aen,MarketScreener,7 hours ago,🔬 Drone Technology,https://news.google.com/api/attachments/CC8iK0NnNDBjMGhFU2podFExWjZhUzFZVFJDZkF4ampCU2dLTWdZQkFJRGxWQUk=-w200-h112-p-df-rw,2025-09-07T18:35:43.179100
"Saudi Arabia delivers its first package by drone: A big step toward faster, smarter logistics",https://news.google.com/read/CBMigAJBVV95cUxOenF2SDRjT3FYeGM0NERzWGZ4anFBMnB5NlFJeU5CS0ZPcklVclZpaWQ5cmtTNjZqcEFrdEdwelBocW90X0hKbk1RS0VDQmtpQWFqZFR6aWs4cV9CX0R4TmZWcjVncUtYOWF0czdCVnZiQkxFTEY3NEtOUTVCLWFJR2cxVUVvWmh4cGRHOV93NU8yU3Zna1JYbVpBVjgtcTdkNnJjVWlkMzFwa1hQUnpabFZ4SS1SanRVRkRLbGJTQ0R6dTBSRDdMbl9IcFVaejFwamxwWUpxbUhrZHNEdlc1YTNBeHdLbmVaaGh6YUYtbVllVlZXaS16RkJUNjRQWXU20gGGAkFVX3lxTE5HY3YtZU16SlhrSUY4TEY3cEZZeDcyRjBVQnB0WGtSZ0d0UTVVWFUtQU1XOFVUX2FEd2hDc3dhT0xOOXE4NDl6bEw1R0dSMEkyZUhoUkk2OUZVbUltd2d4SXFJdk9oZkdnUkVPZERIZkxxOWd1VGFpX0lySVlSdjYwdEUtcmhaZFFEOTBsdDg1bWt1dkJSa1BmX0hrYWpHN21PejVxMFRiTFYyWWYxMWdjOXlmWTZ4dkpnTG1KcGZwZ2g1MVVTNy1POHhXNmJYSUdmeXk2V2RoVk9HVDRMcGN0OE9OaXRFRjRGYVZGMmwySUMwVTE2ODNwaHFCcGdWZFlGNy1vbmc?hl=en-US&gl=US&ceid=US%3Aen,The Times of India,9 hours ago,🔬 Drone Technology,https://news.google.com/api/attachments/CC8iK0NnNDVabVpCUlRjdE1ETnRRbFpOVFJDZkF4ampCU2dLTWdZRklZSzNrQXM=-w200-h112-p-df-rw,2025-09-07T18:35:43.179101
Ukraine Is Building A Shield Of Interceptor Drones,https://news.google.com/read/CBMickFVX3lxTFA3NjNBY2djZjc2cHRjX1Q3cHFBdzNxSFZXYzdGVWM4U2E5OW44dVVwd0FQa3lvaEVhekNnTnRXTmRnbWtHRXJfR054eldUQkh2LTY4elNCV2NaUVY5UW1GMVlkZmRqbFZlbnl4Sm1MT0YzZw?hl=en-US&gl=US&ceid=US%3Aen,DroneXL.co,3 hours ago,🔬 Drone Technology,https://news.google.com/api/attachments/CC8iMkNnNXFVV2x3WlVadU9XWTViMFJXVFJDZkF4ampCU2dLTWd1QkVZcnRqYXMxS1ZxdXVR=-w200-h112-p-df-rw,2025-09-07T18:35:43.179103
The West isn't deep in the all-out drone race. That could be a good thing.,https://news.google.com/read/CBMibEFVX3lxTFB5OTMwVDJZUVR1b3ltQ1VwdU9kakVrcy1yUlBjWERVeWdaLW1lTzFUM3duWGFESXhfaFBMQUJ6eWR3ZnhVc1N3U0NXSEdGQnpJVVRuQTlFc0E4LVdhZ0ZaLWlQNFdMaDNuN2dteA?hl=en-US&gl=US&ceid=US%3Aen,AOL.com,21 hours ago,🔬 Drone Technology,https://news.google.com/api/attachments/CC8iK0NnNVRSVEZxZGpWTlJEZFNOVlUzVFJEb0FoaUFCU2dLTWdZZFJaanJuUWc=-w200-h112-p-df-rw,2025-09-07T18:35:43.179105
DJI drones are still flying off shelves — here’s where to buy online,https://news.google.com/read/CBMia0FVX3lxTE4yY05kUFdSQXUyXy1KbExsYjhzQkpFMVVjcU5iX1RsaDdYRlpSLU81ZjE0TW42eVQ1WDVIN3FJUmFndF9VMmZJNmtHMHNCODZsejNOZG5Yenpra3Bxem5ZRUdnSXozMDJhcncw?hl=en-US&gl=US&ceid=US%3Aen,Mashable,9 hours ago,🛩️ Unmanned Aircraft,https://news.google.com/api/attachments/CC8iK0NnNW5PR1JrZWtOMVZGaEpiVzlGVFJDZkF4ampCU2dLTWdZQmdZcHZyUVk=-w200-h112-p-df-rw,2025-09-07T18:35:43.179107
Here’s How Ukrainian Forces Use Machine Guns to Take Down Russian Drones with US-Made AN/TWQ-1 Avengers,https://news.google.com/read/CBMi3gFBVV95cUxOcTZaMTlBWlB1aTYwS0FnMlNsMHNVeWJDZmFRdjZqclJ1Z2VYMXBMOE5yZWJnamVMMmY3WVhxNWlzQ2tnRzV0MmlmdFhvOFlxRWFyVHlULWZWeHhTRFJZSkhUU05CRkU2MG8xM0VUY05iOHczNWE4eGJzeVVvZDlNYnlybTVEVzY1VFZCRmp3Y3VlcUtNUFFmQXcteTcyb0poaTdNQ1JBSGJmZTFIRHkxUTZUV1Vsb2s1Y1UwVEhEUDRIai1HU0ZUWFFhUFhWeEgwMVJrZXR5RTRSM0JfRlE?hl=en-US&gl=US&ceid=US%3Aen,UNITED24 Media,3 hours ago,🛩️ Unmanned Aircraft,https://news.google.com/api/attachments/CC8iL0NnNUlNV3hZZEdJMVVsTnZVemxQVFJERUF4aW1CU2dLTWdrVmNZcnlLR2R6Y1FF=-w200-h112-p-df-rw,2025-09-07T18:35:43.179108
Ramon Airport resumes operations after drone strike: 'First flight to Ben Gurion will depart soon',https://news.google.com/read/CBMiVkFVX3lxTE8yTG9yQ1BMU2JPQ1RzaGM5TlZjSWEwZjB3eG1LZ0g2M0x2VDBZbXhCTEtaVFIyQmFBZ3pqVVJvdzl0aUNoa2tYMlppZER5VEVhZ2w0Zy1B?hl=en-US&gl=US&ceid=US%3Aen,Ynetnews,6 hours ago,🛩️ Unmanned Aircraft,https://news.google.com/api/attachments/CC8iK0NnNURiRlpvZUZkTFVua3Ria1EyVFJEWEFoamlCQ2dLTWdZQk1Jek1LUVk=-w200-h112-p-df-rw,2025-09-07T18:35:43.179110
Russian Drones Challenge NATO’s Eastern Flank,https://news.google.com/read/CBMihAFBVV95cUxQNFR0QzdNYy1iQTdXSVlPYXhseTMtZmhpdmtWUDZTVXBrdHVQVk5lemlZRXl1NDFWblpBZkRZZ2xVSDUwM19JWFFZZkVVeFJDRGpvUXhrc3c3N0gtRk9PX0lrRFBiTmVjVzFHUGM0Mmp0NWczbDFVYUlnaWdSQ2FqNW80VUY?hl=en-US&gl=US&ceid=US%3Aen,defence24.com,5 hours ago,🛡️ Counter-Drone,https://news.google.com/api/attachments/CC8iK0NnNU1SV2xhWmpobVZTMURiVXg1VFJEb0FoaUFCU2dLTWdZVlVZNE91UVU=-w200-h112-p-df-rw,2025-09-07T18:35:43.179112
Analysis-Veterans lead Europe's defence tech revolution as Ukraine war fuels investment boom,https://news.google.com/read/CBMi3gFBVV95cUxQTWQ2LUNiOTlRZjRrc3ZIanV6UGNEXzA0cUk1eXE0eGVsd0xNYnBNZ1Z1a2NNUkp1VWNkR2lkaldwbUN1TExNT3l5VTFBZS13d2xkNDlhRWY5SHdrQ1BoeDg0dVpEdEpyODZscVc1c3dhdWpsb2RyNVhKZTFsWEVPZER2UGZpOWpxZUdLbUVGbk5aWklkUmJCbmpsekpFUV8xT09XOF9nbVBTa0ZnWXdRY0J5czkzVUViUmsyT2JzVWNkLTBqc1JOcGZPbmNJRUM0RnRWdmhOYTEyTkQ2RlE?hl=en-US&gl=US&ceid=US%3Aen,MSN,2 hours ago,🛡️ Counter-Drone,"https://encrypted-tbn2.gstatic.com/faviconV2?url=http://www.msn.com&client=NEWS_360&size=96&type=FAVICON&fallback_opts=TYPE,SIZE,URL",2025-09-07T18:35:43.179114
Ukrainian intel: most Russian defense industry enterprises located over 750 km from Ukraine’s border,https://news.google.com/read/CBMi4gFBVV95cUxPTUd4NHdHcWZuQ2s0WnRWTXg5TWtTLU54NHo4dXM4NDViMGxGTGl4ME9paUNSVlJsN1N5Y2g3ak5fUEdPQm9iYjBsNEtGcjZ4RlcwQVBsUG9KRUR6Z19LdHhtODlUY2ZYWGFNbUlxSGp5SHhUZDN4eE5OOElrYlo5Tm15aGtJeFZzX2I0UDYxX2xheGtoQ0N4Uk80el9lamNSNUNUcmEtaVFVdV9zY0tNRGw1MXdRR1d3MHZacEo4OFFzbVZFMEJrbG5UNXA0RWlaMUQ4NC1ZQ0lwRE9KQ1lhMmR30gHnAUFVX3lxTE9MLWhpVnNub3FVdC1pN3dmUDUwUzh4d01xQXc5bG0yMUM0eFFIaFd6aWJLem0wT0tJVGlVQ2piS1dqM3ZvOXBEM0t1Unlkb2VsQVc4dUVHeFlWY0M1czBBbWdvNE5Vc0ttdm5ndGZoVF9pTkdJS0hBWURwelpUSS1XbnAxZHVVaWNwYWR6enlXb1ozSUF2dm9Rc0NnVU1IRjFsT1FGakpac09scUFYR1hENkV0eEQ3TTRmZTBzOFpQZ2hNbS1yeWViZGVTOGtkWWk0T3ZsVFpQcGFMWUdwT0lkWUlXWEFXaw?hl=en-US&gl=US&ceid=US%3Aen,Ukrinform,8 hours ago,🛡️ Counter-Drone,https://news.google.com/api/attachments/CC8iK0NnNHdVVjh5V0c5d00wTkdUMnRrVFJEb0FoajJCQ2dLTWdhcE5aak5uUWs=-w200-h112-p-df-rw,2025-09-07T18:35:43.179115
Ukraine has created a modular remote-controlled electronic warfare system against Mavics. How the new DF-3 solution works,https://news.google.com/read/CBMitAFBVV95cUxPdWJ4ZFBWS1hYd1RsdDdhanFsNkkzdnMwTmw2TWhrQ3hFZURmWlREQ0Q5ZGRUNnhyQjZxX3prVDhQUFZfejRWR0FxeUJhTFFxUWhjQ1djX3VGS05BZmk3eDNfMTV2UzdMeXA5S0l6YnJ6VS04Mm9nRnNRTlVaZ1Q5MWVldHcyZG5ra2IzcjBSejQ0RlFLV3lqSERQeEtZTjV4NGk1MWl4UHJ5aTdNV1NNSEtkYWY?hl=en-US&gl=US&ceid=US%3Aen,dev.ua,10 hours ago,🛡️ Counter-Drone,https://news.google.com/api/attachments/CC8iK0NnNXVNVXh0ZVZSeFJsWXpjMVphVFJDb0FSaXJBaWdCTWdhTlVZeUdvZ2M=-w200-h112-p-df-rw,2025-09-07T18:35:43.179117
"Arvind Kejriwal Challenges PM Modi To Impose 75% Tariff On US Imports, Warns Of Farmer Crisis",https://news.google.com/read/CBMi3wFBVV95cUxNeEliUkJkUUxIWG1XWlZFYzVDYkJSdmxPS1ljdERqWXZKU3FIOVA0ZkFsQU9pMnJNeWcyZ3daUXhvdlRFZ3NlN3B4NF9QWDMwRkZOOUFaVnVyekRBbDMzV1dIN1lqaEJKMTRPeWo5ZGxIY0dmNnpnTkc3dUpBOTBZOWVDZ3R3QU42RGVfb1YxYjBZNXNhMl9LUGdLTkMySXBGbWVEek4yWF9tN3NScGp5cmlCdG5XZXNJU3N1RmV6MHFuSk0yREZFOG1KdjZpbFVhNkxBZW9TZkpTR3hFbC000gHfAUFVX3lxTE14SWJSQmRRTEhYbVdaVkVjNUNiQlJ2bE9LWWN0RGpZdkpTcUg5UDRmQWxBT2kyck15ZzJnd1pReG92VEVnc2U3cHg0X1BYMzBGRk45QVpWdXJ6REFsMzNXV0g3WWpoQkoxNE95ajlkbEhjR2Y2emdORzd1SkE5MFk5ZUNndHdBTjZEZV9vVjFiMFk1c2EyX0tQZ0tOQzJJcEZtZUR6TjJYX203c1JwanlyaUJ0bldlc0lTc3VGZXowcW5KTTJERkU4bUp2NmlsVWE2TEFlb1NmSlNHeEVsLTQ?hl=en-US&gl=US&ceid=US%3Aen,The Hans India,5 hours ago,🛡️ Counter-Drone,https://news.google.com/api/attachments/CC8iK0NnNTBSVlEyU1ZCRVFUaDVWazFuVFJDZkF4ampCU2dLTWdhcFZZak9xUVk=-w200-h112-p-df-rw,2025-09-07T18:35:43.179119
Russians Have Begun to Serially Equip Supercam Drones With Interceptor Evasion Systems,https://news.google.com/read/CBMiugFBVV95cUxQSTlDRFZxTkNsajV2VTdyeTVMRGQzSFc5Rm9uN25naklXM2dVZm4wRG5MbXl0dVlhUFhBVkZJTlpZZWFNdnpLOHUyQUFEWld6TzE0S1d1RmRTVE1oQWxLSWZDY1U0MU1SRE9FTEZla2xXMUdCMWFMWEFYQ2FhbHQtbDJjVzZzMDBsTFNocllqdFZoLUVXU2lRWHdQUkZNc0pBa1FralRpZGx1YW8xMEd0aWNiYktBQzRjalE?hl=en-US&gl=US&ceid=US%3Aen,Мілітарний,4 hours ago,🛡️ Counter-Drone,https://news.google.com/api/attachments/CC8iL0NnNVhOR3BFT1ZScVpWOWlkR05IVFJESUF4aWhCU2dLTWdrQkk0eFJrYWpZS2dJ=-w200-h112-p-df-rw,2025-09-07T18:35:43.179121
"Air raid alert in capital and Kyiv region due to hostile drones, air defense systems are operational",https://news.google.com/read/CBMi4wFBVV95cUxPbHFaWmlLMDZMd3lZc3lnb09MUUJYTjlvMHZKSkVJbXhEeDBCaWRaMElRLVBVVU9XY0laNElibVcwSmhvZVktci1OYzZlTU5XX3BvYndMSnNlVVJuMW9qUDZ6RzVZTTZmY25BU1dtRUZoODMwWVlvSUV1eWdVeTVQNGNpamdESTgxTjhhMlVqWFdkWmp1d3BlbWgtdzRlSXNOb1c0U2pYTnRDaGJPRnlQeGRZNThnOF8zQTlCckhLcmpsMHJYdVEyV1g5dzJ6UlZrckFneHBVZEZqLW9sTUo2US1ib9IB6AFBVV95cUxQX0xxZ1ZyZFo1UGNrd2RjaVNXZUdFMXQyM25maC1pMEw0UjVpSmx2bUJGTExuS1VoVHdkV1UxUW0ySm1mdVN6enlvdXJnOEpxYWM4bmY1MDZoTVc4cWJKOHZQc2FGbW4xbzZSOTBLRUZrZDlrXzB1ZmhZTlI3U25xSlBENjA0VEdjNVFPTmgzeHUyajRHRE1RbUVTakItQl8wVnhFcXp5WmVoRkRKZlhDdnZZVUhoelh2djVkQU16bG1jU1N6dVlUSnNHYk1nN2Q3b1V1RkoyMnVudHZpM01OcXhWdTdIdHBr?hl=en-US&gl=US&ceid=US%3Aen,Ukrinform,2 hours ago,🛡️ Drone Defense,https://news.google.com/api/attachments/CC8iK0NnNHdjMGwzTTJ0M1NrOXFjVlpNVFJEb0FoajJCQ2dLTWdZZFlJcTJwQWM=-w200-h112-p-df-rw,2025-09-07T18:35:43.179122
Russia stockpiling drones for large-scale attacks on Ukraine – Defense Express,https://news.google.com/read/CBMiogFBVV95cUxOVFphX243bnp1NTY1RFllOUlWalpJanFmMThwN1o2ZHNxQndodnNfem14d1FZZU84MUU1R184YjNYRG10N2xid3o4SUpJU1lVajBDQkNqSmlpQUhmOHZOZWxIZmkwSWwybGM3UDdmYTlIZHlYRDRkMnJvUVh5UEZiem9RbGRHS0wxYW9Yd2pzSFJla19GdS1NRmQ2VFk3Mk91OEE?hl=en-US&gl=US&ceid=US%3Aen,Euromaidan Press,1 hour ago,🛡️ Drone Defense,https://news.google.com/api/attachments/CC8iL0NnNDRSMlJoTm1GMFNteFBlVlZMVFJERUF4aW1CU2dLTWdtSklZWXFuV09EZVFB=-w200-h112-p-df-rw,2025-09-07T18:35:43.179124
Volodymyr Zelensky: Nearly 60% of Ukrainian weapons are home-produced,https://news.google.com/read/CBMiY0FVX3lxTE9ZdWltNXdlQkotR2JEajMxWlhTWjlGV0FDUDNoZ2NtUG1wbU8tMUgyNk56WjRYakNEd1dzbTJYWDUzUFNmODF3czFEUEVtajV5dlBIQXkwaTBqUkJwUlRFLUg5SQ?hl=en-US&gl=US&ceid=US%3Aen,The Jerusalem Post,6 hours ago,🛡️ Counter-UAV,https://news.google.com/api/attachments/CC8iK0NnNTRXREJRWmtoaFpHYzVOQzFSVFJDZkF4ampCU2dLTWdaRmtvajBzQVU=-w200-h112-p-df-rw,2025-09-07T18:35:43.179126
Russia Modernizes Missiles and Drones for Combined Strikes on Ukraine,https://news.google.com/read/CBMizgFBVV95cUxPS1JSTTlKVkV4Vy15UEU2TllXalBHMTR1aFE2SS1LUFN4QW0yblJVRWt6bFp4TzBZTllxNnVkQTZoWkprcHdHY1VoOXFTRWVGM2kybHZaS3doRENtUDlUZFNvZHZVeDBaT3E5ZWQ0bWJ1amNNa1dNN2tFYWdRYl95akw2UDFUS3BncFVUVjVJNTBvR2Z2MVBvLXdXVWd0Slg5a3MyaU1NTS00M1U0MzEwRWlxSWp6R0VoWk9qU2RERkl3UVh6WlQ0RFc0VkxXdw?hl=en-US&gl=US&ceid=US%3Aen,Odessa Journal,6 hours ago,🛡️ Counter-UAV,https://news.google.com/api/attachments/CC8iK0NnNUhWak55UWtsVGNUWXhkV054VFJEQkF4aXFCU2dLTWdhaFZvd0xKZ2c=-w200-h112-p-df-rw,2025-09-07T18:35:43.179128
U.S. Army integrates counter-drone tactics into armored warfare during Operation Return of the Condor,https://news.google.com/read/CBMi4gFBVV95cUxOc3hBb2laVVZkQjYzc3dRaTh6MTZNdFZYbnZIUTFqeE1zUnFoYmNLUHhoT0xXMWM2SzJBZy1IRkNvZ3RpNUkwdHN1SUJNR283TzJPSVp6WVJVeDBSTnNXRHhQZE5tTlNxb241UGVoRUttaGtLQjhKQ2Y4Yl9sT0F5Um4wSkt4WGFzdE5JT3V3d0RkblZBYWczeEl2ZFo1UVYtdE9hUVBkSTQwNi1BZEJLdDFfblFjaEY1Vlg3ZERCQXVpTEx2TnVsMUV6c1VXN3ljRHV2dVBtSHlvWWI0amJ2c1J3?hl=en-US&gl=US&ceid=US%3Aen,Army Recognition,4 hours ago,🛡️ Counter-UAV,https://news.google.com/api/attachments/CC8iK0NnNVFOMUpGZEVwcU5UTTBVVGxtVFJDUUF4allCQ2dLTWdZQnc0SW53Z00=-w200-h112-p-df-rw,2025-09-07T18:35:43.179129
U.S. F-15E fighter jet integrates AGR 20F laser-guided rockets for counter-drone missions,https://news.google.com/read/CBMikAJBVV95cUxPNUFfWWZocVhXbWRLYm9QcFVYUW4wbS1SdE9HUm9VWU1QU1hOTkxlQlhZVDFLZEJMc21kV3pWaS1oaDFJejlINE5CWGJ0UDNjdDFxaHFBZjh0WXFNejFqRFhEaEhTNDQwOEVWZEMxcnFXUDd2b3VJbGM2dVU2ejBZSjAxMXE2RjhkcUpaZWpoaWV3QTRnU3pVN1pPdWJydnFmYXZ1MEk1ZnVIVk1TTVJySXMwU3VvQi1hZVRsdkQydm9QVjY1STJLU1lpVDF4VnhsNkJTWFIzMnlaN0xHLW9QeGtmMnNwXzhDY0huWjZ3LXBNeFdsb2JDeVU2WDhDNUxZcU12eDdVR3kzNTRFdzVDdQ?hl=en-US&gl=US&ceid=US%3Aen,Army Recognition,14 hours ago,🛡️ Counter-UAV,https://news.google.com/api/attachments/CC8iK0NnNXZSeTFwVkZaWlIyeFNOMEZQVFJES0F4aWVCU2dLTWdhQnNwQWtQZ1k=-w200-h112-p-df-rw,2025-09-07T18:35:43.179131
"In a rare hit, a drone fired by Yemen’s Houthi rebels strikes Israel’s southern airport",https://news.google.com/read/CBMi1AFBVV95cUxPNjdEc2JwMEZ5QUhmZHRDdlgtSE16TDNjeG5pamRFZ2cwUFB4SDVsemIyeE1uanpROUNlQ29fMVcxaDNxbWROc0RfUTMyRzJoS1M2RERPVElXN3p1VEp6WktNMzhDcXIyZmFBeEFfbF9uTnJVc3h6aExsMGJUcUpHTlQyRWo0RXpyUDlrTmZGd0xkTENDdExDcWdORFV5Snp6ZFVhM3g3ZjdfeFFUVjJmQ3dwc1kzUHNSdDNFM1V5aV8tV2hOZmZxem1tck9HZ0RlT1Focw?hl=en-US&gl=US&ceid=US%3Aen,Los Angeles Times,2 hours ago,📦 Commercial Drones,https://news.google.com/api/attachments/CC8iK0NnNUJVR05uVW5SR1RsUjRZVjgyVFJERUF4aW1CU2dLTWdhVmtZZ093UVE=-w200-h112-p-df-rw,2025-09-07T18:35:43.179133
7 Best Towns In Utah For Retirees,https://news.google.com/read/CBMifEFVX3lxTFAtejREYWpSSGJCMHJPTm8xLUV3eGxkalpENFp2TTBWck5JMVFodDE2b3JBbWl1Z0JxUlpxZkZ0cUlMVDllOHhhcXVXS21WdlJwcU5KWHFIMk9jUW9nbTVzWkNOd1VrM19TQWdXRGx4a0FJeUsxWnBmdklnR1g?hl=en-US&gl=US&ceid=US%3Aen,WorldAtlas,2 hours ago,📦 Commercial Drones,https://news.google.com/api/attachments/CC8iL0NnNWxlRk0zUTJwSlkySklNbVptVFJDbkF4alZCU2dLTWdrQmtJSnBSYUtLN2dF=-w200-h112-p-df-rw,2025-09-07T18:35:43.179135
Chinese companies lead electronics fair,https://news.google.com/read/CBMigAFBVV95cUxQNVQ2TFNkbTNvZThBTFY5Tm1MZGhEa1dhSjVoSmFYenpBa1A2R3V0NHA5ZkdlVjlnelczOXNBRDdZM3RVRjlRZXY5dzR3VlBzT2lBOUxxU3FHTEluUlVhdktlNUgweUtRVnRZMmNuVnJKQzJNdGhUMkZDcUZoSHJlUA?hl=en-US&gl=US&ceid=US%3Aen,China Daily,3 hours ago,📦 Commercial Drones,https://news.google.com/api/attachments/CC8iK0NnNTJjRFpaY0hoTFEzVm5UMUIxVFJEQ0FSaURBaWdCTWdZQm9JU052UVk=-w200-h112-p-df-rw,2025-09-07T18:35:43.179136
FAA proposes easing restrictions on drones,https://news.google.com/read/CBMirAJBVV95cUxNUzFDZVdqczVxaEFNNXJmdjM3c2tuQW02Tk5QY1VWRmRPdDJNZ3lhTDRKem1yT2s3ZUJFR1E4aTQ1QzBLMXZXZ3R6QzFOVlZlNVRnbmEyVDliamNvMlQzTEhONmEzcXByQjFXaG1MZmpfVndPUzBxVmJPeW1xMzZKYnNKbmNld0tob1FNeGtVaTgwZ3N6TVJMOXExYnpUV1pCQ245aDZyZS05M01OcEJVbkswZFYySVUwcU84bWpYdmZRV1lFbGgwYjdRbkowWjkyNFRVcDJQLURNNHZWbnRhQVdjSmpjb1FQaUxmYTJ2OGR1a1NJRF8tcGNuR0NGV0VHMnc0SVhkZUN6d3hTTU12Z2FhQVZQbVVBOEs5aW1SaGlHWENVX0luMzV6Rjk?hl=en-US&gl=US&ceid=US%3Aen,MSN,15 hours ago,📦 Commercial Drones,https://news.google.com/api/attachments/CC8iK0NnNUhPRFY1UmpKUGFtaFZSMDlQVFJERkF4aWxCU2dLTWdZZGdwRDB0QVk=-w200-h112-p-df-rw,2025-09-07T18:35:43.179138
"During the trip, I flew a drone to capture a wonderful view. When I checked the video after filming",https://news.google.com/read/CBMiUkFVX3lxTE5IOWJwUWNFZnNURHpZS1o5LXJ6bTVCTHAtSFZCdUVRT0tlRVBaamRvZHlRRUhLQ19FZGVuSUd6VzJCM2RtX2NZZ0s1WDI1alJrZHc?hl=en-US&gl=US&ceid=US%3Aen,매일경제,16 hours ago,📦 Commercial Drones,https://news.google.com/api/attachments/CC8iK0NnNDViMDVwTTIwelltaE1jRGhRVFJEV0F4aU1CU2dLTWdZUm9KWm9zZ2M=-w200-h112-p-df-rw,2025-09-07T18:35:43.179140
Chinese launch campaign places multiple satellites in orbit,https://news.google.com/read/CBMiowFBVV95cUxNWjRDRFdrb2kwUUtCVFJkeWhkdksxaUwwVW9jdVYyRGk4WE5jb2htN2FkTkdjYlZTdmN1a3EzRnBObHBlUDhORU91UTFSbU14N1pmeEptZEVUXzgyRFdkRkVmN2hPaTdUaVNCenBDa3dUMWo1OWVsWEhNVXUzXzFjTTZhWWxpeFcyeTJLTHY3QVAwMnN3a2o5WEdtNzVRVjU0RTNV?hl=en-US&gl=US&ceid=US%3Aen,Space War News,8 hours ago,📦 Commercial Drones,https://news.google.com/api/attachments/CC8iI0NnNVJNRTlYY1hOSFRuTm1aV3RyVFJETkFSajJBU2dCTWdB=-w200-h112-p-df-rw,2025-09-07T18:35:43.179142
Businessmen face serious penalties after drone footage exposes illegal scheme: 'Should have known better',https://news.google.com/read/CBMinwFBVV95cUxNbWpMZExtMlh4Y1gxY1NZRnVGQjk4dHNZYzdPZ0MydndBVk1sYjBtTmFCcjFWWTJ2MVFMQzdHY2VWZXZrSHhSNXUyWFFTVGQ5Uk5NMmV1c3Z0R3dNeG5rWmlWSlU5UVJxdTA3d3JBYjBCakhPRVByUDllVEkxRWtmR1RCVGNiX25rb1IyazEyc2V6a3l0V29zWGprSDU5ZUk?hl=en-US&gl=US&ceid=US%3Aen,The Cool Down,15 hours ago,📦 Commercial Drones,https://news.google.com/api/attachments/CC8iK0NnNDJiekJXZW14c1RIZFlVbTFtVFJDZkF4ampCU2dLTWdaQk1wNFRuUWs=-w200-h112-p-df-rw,2025-09-07T18:35:43.179144
Royal Navy makes first drone delivery between ships,https://news.google.com/read/CBMicEFVX3lxTFBydXpVZ1NMSEJLa0ZCNmNkeUF1bEJ5aENXWlhGampkQ3VHeG1nZ1BrZ3JIcksyT3F1U0FFVEg5c0NHM2tmMS13aFhaYUtPRm94MS1NOU41V2FxUmVkcVl4eW5wd080SnJiYW82TnRNRU4?hl=en-US&gl=US&ceid=US%3Aen,AOL.com,5 hours ago,📦 Drone Delivery,https://news.google.com/api/attachments/CC8iK0NnNWZkRzV2YzB4cWRFdDBRMFpXVFJEb0FoaUFCU2dLTWdhcGxaTE50UVk=-w200-h112-p-df-rw,2025-09-07T18:35:43.179148
DFW residents can try Blue Bell's newest flavor for free — and it'll come by drone,https://news.google.com/read/CBMivgFBVV95cUxNNmFtam1jZ0Z5MGhKa0luYUIzbUUtaWdhNUdzZGlpSy0zMGJnLVVIOUp5NWJpblJWNVJjMU1OMElhUU1vVzVXejFGS2JsdWlpU0FkTjUzbmdWbUxLc0xFQUN1YkhWZm1IOEpxSGkwRjZWdndPdUtkZHVPSXNIQVlOOEZXZXVUeG1JcE1WbE9FRzhBeTVGaEZpZzhRMU1UQ2tPUURiTXFqRkNoQ3BQTlBTTzRnNnNQWDRpeWtYdUVR?hl=en-US&gl=US&ceid=US%3Aen,WFAA,22 hours ago,📦 Drone Delivery,https://news.google.com/api/attachments/CC8iL0NnNTRXRk5WUTJodGMwcFdUbk5uVFJDZkF4ampCU2dLTWdtQmdKQ3RyU2ZCcndF=-w200-h112-p-df-rw,2025-09-07T18:35:43.179149
"Jetson’s First Global Delivery Soars with Anduril's Palmer Luckey, Marks New Era in Personal eVTOL Flight",https://news.google.com/read/CBMigAFBVV95cUxQRkVLZU5Rc3dDaWRINUxMbjBZVEVpQjJmR3U5ODRiTmpPT1c1WWI5UFJFek9Gb1ZvaVlqMU5HUVZ1eC0wbnRDQjh4azlvdUhoc0FXYTNfNGZwLWpYMWV3YmtLdmdzUEtFMGlCVTdiaEY4VE9JTGdkU29pQVBUUldNWQ?hl=en-US&gl=US&ceid=US%3Aen,TechEBlog -,2 hours ago,📦 Drone Delivery,https://news.google.com/api/attachments/CC8iK0NnNDNaalJFY0ZvMGNWQnhOVkF6VFJDcUJCaXBCQ2dLTWdZWkJZYnNvUW8=-w200-h112-p-df-rw,2025-09-07T18:35:43.179151
Drones could fly defibrillators to heart-attack victims,https://news.google.com/read/CBMisgFBVV95cUxOZXVRX3ZGdU81NzVyUlZ3Sm9EeVdyVVgyeEZIZ0FJUlJCYUx0eUE3N29FOG8xRTh2YnJHbUVnXzdtVFFGdG5qM0pZNjlzMllYODJPV083cUlzNkhQbXE5a19sZkxiUkh3TFh0MUpwRXFza3pvV19QSS15WHQxX1Q4blBlY1VtUGR3NnpHMzFhekdCSHJnWi1UcHFvUi0wUlV3RXQ4M2dVSVg2WGJjcWRGQVh3?hl=en-US&gl=US&ceid=US%3Aen,The Times,57 minutes ago,📦 Drone Delivery,https://news.google.com/api/attachments/CC8iK0NnNWZlRXQyV1hKU1pYSXRkRXQ0VFJES0FSam9BaWdLTWdZQlZKS1BKUVk=-w200-h112-p-df-rw,2025-09-07T18:35:43.179153
4 Big Changes Walmart Is Making Now for Shoppers,https://news.google.com/read/CBMiY0FVX3lxTE4xNGtEWWVoZGJpYVhyTkxYX1lXOF9nMmlMQWI0eFI0TkVUNGFZd0o5QV93SzBjRnFxR01WOFd4czZ0cHAweW1TNjU3R1Z4elc2NEhObnNlUlI4VVY4M0g2bC15Yw?hl=en-US&gl=US&ceid=US%3Aen,bestlifeonline.com,8 hours ago,📦 Drone Delivery,https://news.google.com/api/attachments/CC8iK0NnNXVhbVZqVGxZMmFqSk5jVVpoVFJEb0FoaUFCU2dLTWdZeHM1SXd2UVU=-w200-h112-p-df-rw,2025-09-07T18:35:43.179155
Ukrainian Troops Face Manpower Crisis and Survive by Drone Supply,https://news.google.com/read/CBMipwFBVV95cUxQYmE3MFh3NHdWVnhDS0FSazNJU29tdjM0azZUbTV6Y2daT2ZKbExZSEtXZmR3QkZrVzNaUHVSSC1DYWFXY3gtM3dwZzlKN1l5a3BuaVk3NnZqaFJkc1lwNllYUkhqeEREbF9JbXVNZ2N2RkY0ZkxkenVsb2xzQk5zc2JSSFlZeVNxWjJONWpsV3dTOEVzWUo1VHdXVDFyclByWk04OWZYUdIBqwFBVV95cUxOdTFSWmhYaERhZlVYUnVRU0k2MkdMalBkbmhkdUdRRENURGI3RlVnSmtHcVhSSkVUM1gzRklrbnQzd3VtbkR1NmRBd3I0NEJaNDFJVlY0cGFERGpmWFY5Njc1VVpBNVprdHRiNWdfT3Jrblg4b0ZjMEM2ZVJ3R01aMVRGZ0E3bTJqUGVhdkZZRFJaOUlRUG5pVHZVWndBV2FickRLdUtjeG5yUVU?hl=en-US&gl=US&ceid=US%3Aen,Военное дело,10 hours ago,📦 Drone Delivery,https://news.google.com/api/attachments/CC8iK0NnNVpUbWxpVFRSNlZEbEhTME5YVFJDZkF4ampCU2dLTWdZUlU0NHBJZ2c=-w200-h112-p-df-rw,2025-09-07T18:35:43.179157
Could drones be the answer to protect peatlands from wildfires?,https://news.google.com/read/CBMifEFVX3lxTE1rbFJQLWdwM0JsZ3FVYU81OFU0NVVPbEtGWm52RVExVjdkdTM3OVBUVW5LZXpPbEdlNFVwR0hjTUxhbTd5N056VkRPem5MQUs0Tkk4N0dtZkNRS2NoMGZDQXZhcElZOVdBTXBoU2QzcThLN2daWkE1Zm1xakk?hl=en-US&gl=US&ceid=US%3Aen,AOL.com,2 hours ago,🚜 Agricultural Drones,https://news.google.com/api/attachments/CC8iK0NnNUNVbXRYTldOdmJWTjRMVlI0VFJEb0FoaUFCU2dLTWdZQmNvTE10UVk=-w200-h112-p-df-rw,2025-09-07T18:35:43.179158
Why Risk Of Further Dilution Outweighs Draganfly Stock's Good Prospects (NASDAQ:DPRO),https://news.google.com/read/CBMiwgFBVV95cUxPVEtZbmRUM0dyeEpOQ0RWR2tZSlJhRVdNX3B2MmgxX2FTblRrMldIRld3LUk0clhKQkNybE5NYTFrWHRFdnFyVE1WdldjWlFyeWxKNVhlbnZqWUNHN2Z6STZMMlZ4S0hUS09JdndCeHJ4TzRSakVrRUxrVFJocmd2a2MtMjBQbjR6WUEwR2pkN293ZFo3YmFDUGJhZzc1cnJWdDZVbGFheE9XdjNfeGsxaHdtRjlrVGNvM2pBLVdMaDUtUQ?hl=en-US&gl=US&ceid=US%3Aen,Seeking Alpha,22 minutes ago,🚜 Agricultural Drones,https://news.google.com/api/attachments/CC8iJ0NnNWtjbUpETTBKTFdHeGFTWGxpVFJEZkF4aUFCU2dLTWdNSm9BUQ=-w200-h112-p-df-rw,2025-09-07T18:35:43.179160
"Fresh DJI Mini 5 Pro Drone Leaks Surface, Includes Promotional Poster",https://news.google.com/read/CBMihgFBVV95cUxPaXdnUUNQcXZnZnFZZmdaUkVMSUgxMF9lYVBmUGNOUkc1b3RtRzZibTZaenJ2MlJ5NU9pNnFvZnpqQjB5UEEwWmFhN2g0UVdOR2w5T0I0aUVBY0RrSE1rYXRwUUs0dnQ0TDdwalhJNTh4Z3BxNFZCeVR1aWF3U0JhRFJ6VGVoUQ?hl=en-US&gl=US&ceid=US%3Aen,TechEBlog -,22 hours ago,🚜 Agricultural Drones,https://news.google.com/api/attachments/CC8iK0NnNWlkRVJMUmpoUWFsazVNRVl0VFJDcUJCaXFCQ2dLTWdZbEJKaXRyUWM=-w200-h112-p-df-rw,2025-09-07T18:35:43.179162
"Robots Are Herding Cattle, But Wyoming Wranglers Say They Can’t Replace Them",https://news.google.com/read/CBMivAFBVV95cUxOTThtaTMwam42UG0wNHZrYnUzeEx3QUEwSnRQTkRuaElCbGYtWFNsVTdvUkJtMFhGdlJOUlhybkt1ZmlObVFzbHU0cHpGN1NZM1p0RnZHc1lnVkZCQngwVzgzM2RvVzdnblRWTERYNlE3bG5YdU5jcXRiOC1aeHNRX21QRFJ1bGpIYmc3Rno2SG5SdVoxalNUeVU2MVB3ZGx0X000dmxEZ0wxTE5fQkxzdjIyb0FaaHQ3dFpuVw?hl=en-US&gl=US&ceid=US%3Aen,Cowboy State Daily,23 hours ago,🚜 Agricultural Drones,https://news.google.com/api/attachments/CC8iK0NnNHlPVko2Y0cxSWNITldXalY2VFJDZkF4ampCU2dLTWdhQmNaRFB0QVU=-w200-h112-p-df-rw,2025-09-07T18:35:43.179163
Technology reshaping Indian agriculture: From seed to market,https://news.google.com/read/CBMijgFBVV95cUxNVUpjNDhMVUFGRDJiUVBMWi10bm1BZzBHM3hweWYxdzJuenFRalpXa2l0VkdBZGVHcF9yWUZpUTAxdnFDOUY0SmlKWllKXzFkWjZvUFROVm5uRUpqdGotVU5POGItN2w4VFNick51Nkk3VVdFSFJFTGl4cVV2SElDVlVBUVZCMS1kVmZlS3JR?hl=en-US&gl=US&ceid=US%3Aen,DD News,39 minutes ago,🚜 Agricultural Drones,https://news.google.com/api/attachments/CC8iK0NnNWFUWHB4VWtsWGIzSmhUMjVuVFJERUF4aW1CU2dLTWdZWmhwWXFzZ2M=-w200-h112-p-df-rw,2025-09-07T18:35:43.179165
"Rubber Growers in Tripura Hit by Fungal Leaf Fall, Drone Service Gap Raises Questions",https://news.google.com/read/CBMi2wFBVV95cUxQUUl0c3hqZjRKUk1wS0t2dFN2T0RRQjBEVWgwUWI0Sk55bXphcGZ4TFZrYkVRZV9xcEdCUU5BSTNiZTFpci0yOFU0MGp5QU1XY1NidGpZOUxJYzNYbjEzUERxeWc1ZEhNWmJENlJsUXhfdDNMYWxseDdjcVQ1MzA0V0Y3d01McERxd3poaC00cDNJTkdSbF9QakhKT1NNaF9iZ08tbVhOR3czZUh5RlgzMlNtbDVDMUhMckpMVEVVYUZlWXpyODRFNEtXNWlaS010VF8yc3JCNGFfZTA?hl=en-US&gl=US&ceid=US%3Aen,TRIPURAINFO,11 hours ago,🚜 Agricultural Drones,https://news.google.com/api/attachments/CC8iK0NnNU5UM3AwUkhsVGVqUnZNR0V6VFJDUkF4ajhCU2dLTWdhWkE0Q3RGUW8=-w200-h112-p-df-rw,2025-09-07T18:35:43.179167
Editorial: Environmental lens risks national infrastructure backlash,https://news.google.com/read/CBMihwFBVV95cUxOZTR1Q01lVmptanlOUDByWkZ3NXQybWxpQy1nOEpXSk9SbFVISVBqZjhWMVViUDc2ak45cWF0NzV4SE9vWFp0R3NzYjB3MVZVdmo5cE1CZGhaR3hxdERiUGlXOTRuSndfQnNTdS1NTGlKSmlHVm5oamotSVk0bDN6MFFuekpKVGc?hl=en-US&gl=US&ceid=US%3Aen,조선일보,20 hours ago,📋 Drone Regulation,https://news.google.com/api/attachments/CC8iJ0NnNXdTVVoyWVRKb1FucFpNWFpLVFJDUUF4am9CQ2dLTWdPWlVnQQ=-w200-h112-p-df-rw,2025-09-07T18:35:43.179169
Jambi governor backs Rp2 mln drone fee at Mount Kerinci,https://news.google.com/read/CBMimAFBVV95cUxNeEdjZ3NwcmM0SnpqdUVwNnQ5NFdLbVY1ZG9LOXh4bHAxdEhSY0NIbWxDSF80Rkh0V0JENTVPMjh1dmkybmxBTllXdXk4OGYtcU53QklKcGtHazU3b2FtalZfUS03TU04UFpfUkxIX0RXeGZNMVdwV18zdkpZM2pwbGdScHEyb2drbkt3X0VkQlhwYTYyZ21qVdIBngFBVV95cUxPYzlBeUhwV1VoX2them90UTZONk1yY1hrWmJUM2Q5U1ppczV4cER6akp5RzlSLXdOQkZ4MUVwSEUtUkx1Y1lqSk5wN3U3elhGLXdZV3pSYkszODMzVkpsdThIZERiR2lnQ1ZkdVdhOER0WXcxMU84NXB3NERvdXpjNXpfbjdBZ3BVbFVhakhXcFd3SnUzUE1mcUJSQzFiUQ?hl=en-US&gl=US&ceid=US%3Aen,ANTARA News,13 hours ago,📋 Drone Regulation,"https://encrypted-tbn0.gstatic.com/faviconV2?url=https://en.antaranews.com&client=NEWS_360&size=96&type=FAVICON&fallback_opts=TYPE,SIZE,URL",2025-09-07T18:35:43.179171
"Kyiv Drone Attack on September 7, 2025: Fires, Casualties, and Damage Reported | Ukraine news - #Mezha",https://news.google.com/read/CBMiqwFBVV95cUxQcF8waXFHNGNVb1dnc3kzc0cxRXBLQTBOSmF6OU9ESVBjeG4tMGxpeXc3X1pqSVdzSEhNM0NrcTVBYUloejMtV2xpUjZjMjVGRkRzT0NIUVRkb1FDN3VzS2VIRzZGUEMzY0xTdzM5UkFnN004bUJQdGYyUWU5TzRkcEtndTRlYjRJQm1KUmkwWlhVOFBCZnlULXdDMEhjLXBSR0ZLaFVuUEdsak0?hl=en-US&gl=US&ceid=US%3Aen,Букви,14 hours ago,📋 Drone Regulation,https://news.google.com/api/attachments/CC8iK0NnNXBYMWRqTldvdFRVOW9jMVJvVFJDUUF4al9CU2dLTWdhWlk1UnFLUWc=-w200-h112-p-df-rw,2025-09-07T18:35:43.179173
"FAA Laws Broken at Walt Disney World, Security Breach Discovered",https://news.google.com/read/CBMipgFBVV95cUxNYUx4TGgzUzhrNldydkM0RW9MQ21FZDJqaDdOWWc1M3hsZ3U5Qk5aWThTeFExaVl5bkI5V1JpVDZkWFBUOVRaNy1CeDFGY1JiR0ZXOHBBSnpsREtQSEJYR1RiTkFwcHhNaWExWkpHeE80RzVDVEtWejBCblFleUZoNGVNc2cwVlRiWW9xXzM0Ujc4RXZRV2VjRk5seVZuc3Yyc1RGcVd3?hl=en-US&gl=US&ceid=US%3Aen,Inside the Magic,3 hours ago,📋 Drone Regulation,https://news.google.com/api/attachments/CC8iK0NnNXdSR0pUT0hGdlJFTlBjbFpNVFJDSEF4aVBCaWdLTWdZQlVJaHVIUWM=-w200-h112-p-df-rw,2025-09-07T18:35:43.179174
REPORT: Strict FAA Airspace Laws Breached at Magic Kingdom,https://news.google.com/read/CBMilgFBVV95cUxQa1RBQk9OU3Q2Sl8zSWN6X1k1bVRYbzhLeVdYLVI5VVRneVBIbzBYMUd6Z0t3Y0x6OUo5cFBySERxNlhKNGxtM0QxZnhKSUNLUTlOdm5YYXVDc25XYXd4MVhic3gzd0c3V1NwendyQUxmYzJ4M0ZPUnhPTE5McTJXTW1uN2YxVzBGNEtLcC12bnB5TlpUcEE?hl=en-US&gl=US&ceid=US%3Aen,disneydining.com,3 hours ago,📋 FAA Drone,https://news.google.com/api/attachments/CC8iL0NnNHdZekZMWDNSUWVqVnlaWFprVFJDSEF4aVBCaWdLTWdrQjhJTFQxQ0dJOVFB=-w200-h112-p-df-rw,2025-09-07T18:35:43.179176
"With new FAA rule proposal, U.S. drone companies are poised to take flight",https://news.google.com/read/CBMi1AJBVV95cUxPREN0elJUMVlwWVNMSF9tM19ncjVaa3BKRGJMbk9TdG1EaWJ1MUNOd08zSGZsMkt0b3pvem1NRGVReUlRLTVhN090UnZrZUxzOTV0M3FscWlPT0tFQzZwZloxVWxiRmV2dGJYcHFPbk1iOFFRa21DcFJNeXpEODVZbnFhbkMtYlh2TjZ6MHNsQ1Fra09zbEpWRlpqMktGVTVSdGNUc3YwVmdJby1PN1YxZmhIbUlrUjFiTHhDRVpucXVpOUdfbWV4LVFiMFBiM0N5ZUdzMjN0R1haSkdDQkZpWHE3WVd6YXNyOHdjMzE3YWtWR2FQUjRwTHl6amdxemlEU2VQVkloX3gydW1OZEs0TzJnMlV0YzJEV3BnZC1PYjVyYlp4VzNSaktEUjJXejBtWDR3MUdBeUI3TkdPU19LMFZHVWZNRUF0MW1PQ2ZFWGNPQi1C?hl=en-US&gl=US&ceid=US%3Aen,MSN,15 hours ago,📋 FAA Drone,"https://encrypted-tbn2.gstatic.com/faviconV2?url=https://www.msn.com&client=NEWS_360&size=96&type=FAVICON&fallback_opts=TYPE,SIZE,URL",2025-09-07T18:35:43.179178
FBI searching for drone operator that damaged firefighting water scooper plane in Los Angeles,https://news.google.com/read/CBMiggFBVV95cUxPX1RJdm40cG90UEZPMmd1bzVQQUp6cWI5REkzWnpBZ2pTcV9IOUpUM2c2SGlSb0tmZzJhcVJKZzRRbU5rTFl4NFRQQUg1VGFfVldlaTlnZlM2TTJoZmFPYTlleEdoZzhLOW1MZE1RLXhtakV2WDFfaTRqUmZTMWVCa09R?hl=en-US&gl=US&ceid=US%3Aen,AOL.com,19 hours ago,📋 FAA Drone,https://news.google.com/api/attachments/CC8iK0NnNVZMV0kzUlRKT1FWZ3djVlpmVFJEZ0F4aUFCU2dLTWdZQlVKWUFLZ2c=-w200-h112-p-df-rw,2025-09-07T18:35:43.179180
Man injured in Zaporizhzhia region by FPV drone attack,https://news.google.com/read/CBMipwFBVV95cUxOZ051WjdpdWtVdjd4WW5qRzdXbTdNOE15azVubHF1Znk4MlZxeUF2VWo4YW0ycVJVZ2tjalRwV2ZmcFJGTWZqc25tOWpnSmNZQUhoVllLa1pQWGdPaDdMeHAxaFRZQmJTSVlDR2NXeHZ2cmZjZGVhTENXVWlFZXlFbFpNVGt5Nld3V1N3UUsyN1pQUW9zRUxNTHNKcnM3WHZpZjR5bXp1UdIBrAFBVV95cUxNdnlUa0VIclgtLVZvcll3bXp6eWtqQzQ0VHRHb0FuMGZ1QzhWTVpJRm1XbXZUd3IxSlNVZTk3aC1QSUhaQjZ1c2c0UlVvY3NUMF9qVFhNQ3ZTb2tESjFrN1RvYnRrVW1oU3BHdzZlVzhwVXdCNXJBZkJVVFN6Um1vSWhFQTEzaVFRT0lGZ1BTbTlSOHB3TGxySlBVM2pvRFViNm5LTDhYWl9Xc1hG?hl=en-US&gl=US&ceid=US%3Aen,Ukrinform,2 hours ago,🎮 FPV Drones,https://news.google.com/api/attachments/CC8iMkNnNUVkR3RmVkU1M2QyRkllVVV5VFJEb0FoajJCQ2dLTWdzUklvVG1GT3M4ODNqcU5B=-w200-h112-p-df-rw,2025-09-07T18:35:43.179181
Russian FPV Drone Injures Civilians in Kupiansk Community,https://news.google.com/read/CBMijwFBVV95cUxPMk1jSFdaY21IdXBDall4M0dQVVJIYjd6MkdQLTZkSWxabzlSZlRlSFgwZ19XY1JxR0NCNm1nNEpka0dUSUFoS1V0YmszRHEta2pXMVJRZmdpb0F1U1VwY2NoVjNHVzVaZGxEXzVKRjU0RHoyV1JVMUxxc3JxRlRIbzRqcXg2b3ZiRF94djEyaw?hl=en-US&gl=US&ceid=US%3Aen,Букви,8 hours ago,🎮 FPV Drones,https://news.google.com/api/attachments/CC8iK0NnNDVaRFYxYlZOS1ZFVkhNbTlsVFJDUUF4al9CU2dLTWdhVmM1aXByUWc=-w200-h112-p-df-rw,2025-09-07T18:35:43.179184
"Russia Unveils New Mothership Drone, Operated via Starlink Despite Sanctions",https://news.google.com/read/CBMiuwFBVV95cUxOY2FKOWV1UDZiaWE2bWp3YXhsVFlWV09hX3JtS3k4QzNkT2pybU0wb0lJRlIzYi1ZaldXNTJUS1JmQWRoSWFSLVV2ZTMtWUoyYTFOT2RiU1lrVjRfbzlqOHZOcGQ4U3dlM0JzX2lJRmxzbUNqMW5nTXE5UGhjUkltdFVyRzEzVHcxNnotYTBuRXptaTR1VHJMQW9sOWp3UXBONnQ0X2NvOVRJX3pfYnJsemhTclh5OU9DOXFv?hl=en-US&gl=US&ceid=US%3Aen,UNITED24 Media,5 hours ago,🎮 FPV Drones,https://news.google.com/api/attachments/CC8iI0NnNW1hSE4wVlU1MmJpMXpPWHBaVFJDZEF4am5CU2dLTWdB=-w200-h112-p-df-rw,2025-09-07T18:35:43.179185
Inside Ukrainian FPV Kamikaze drone unit with ace pilot 'Darwin',https://news.google.com/read/CBMickFVX3lxTFB6eFNoMHBaazFuN2JRa2ZFX3paMzlGdFJnQWI5ZmhCX1pMd3hfWjVOdUZHR2txVk1odVQ2Qk0wTkFzNE52N1FiLUJYdzRaU2ktUEJfM2xQUUhXM0YwaFRXNW5oUWJZU3VybU5IMmMyQy1lQQ?hl=en-US&gl=US&ceid=US%3Aen,AOL.com,23 hours ago,🎮 FPV Drones,https://news.google.com/api/attachments/CC8iL0NnNXdWVEJYTkhSNlVVcHJjRWxPVFJEb0FoaUFCU2dLTWdrQmtZZ1NMU2VwTkFF=-w200-h112-p-df-rw,2025-09-07T18:35:43.179187
"Russian Forces Control Kupyansk From Air, Avoid Civilian Targets",https://news.google.com/read/CBMipAFBVV95cUxPSkg5eHZ1Z2htbUlfUmN4TjR3VlZnbGlWV2tobjVfd2FjNmVfRHpnTUFSR1V2SnVwWjdOa2hsWGE1RGpINE5yUWZqT3N0VUpoN1drYWRYWTBvY2o4YVVUWXdSTDl5OEl6OV94OG8zU2pXbGRadGtjejFGdGM0UHdMZk9XY0JLeWFCUFRhMXpyNHU4TThQUXpXS1NqRjhpMXd4S3ZFMdIBqAFBVV95cUxOZUFIQnlZYlAxa2hqV25SYWRCeFFMY21xWWRFeTVyQWVSaVBsM1Y4di12Z1QwUzBMNFFRY1hlU2lrbEhSV2lldGxsQVM5em9SY25lNi1WaW0wdVdZNFUzUGlJMDFBMmhzSnVORlFzR3hpNTVUNnJPUXh2LWQ2YUxFR0xNN3JuV293XzlVcXdmeUlhS3RwZ2NlU0FHV3ZwMFMxVTFkY0cxNG4?hl=en-US&gl=US&ceid=US%3Aen,Военное дело,9 hours ago,🎮 FPV Drones,https://news.google.com/api/attachments/CC8iK0NnNWxOelZOV0RKdWFucFVMVk5RVFJDZkF4ampCU2dLTWdZWjRJalVVQVE=-w200-h112-p-df-rw,2025-09-07T18:35:43.179189
"Ruscists hit minibus with fpv drone in Sloviansk: one person killed, 5 injured",https://news.google.com/read/CBMiswFBVV95cUxOdVV6c2d1Sm5PamRMTzI5UDJRbFl6bmU1WW1uVFNwM2FmSExQc0pGeW5fYVVCQTRZa2h0NDBRQ0Z6VklzQnVUT0dVOWRMNEcwUnZDVWp1ZUFYaVJNX3phSkN6RHZQdXRBcy1Xek9FRE5XZEI4SnhLZEdnTEZLNmlOaU9raTgwWDZZbHo3eHFkSVE5bVNGNUlWa1hNakFhQXkwR29GY3pzOHhHb2w1bzVOT3dtSQ?hl=en-US&gl=US&ceid=US%3Aen,Цензор.НЕТ,9 hours ago,🎮 FPV Drones,https://news.google.com/api/attachments/CC8iK0NnNUxNV1JXTUZWTlpYbEdZakI2VFJDeEFSaWNBaWdCTWdZaGhJNk1NUVk=-w200-h112-p-df-rw,2025-09-07T18:35:43.179191
MSPO 2025: Kara Dag continues to enhance Obriy personal drone detector,https://news.google.com/read/CBMigAFBVV95cUxNVzJyeklxbW1XdlJpbmE2S08zN2hfcnY0dzdramJjUzNBTEFrUEJyUUo0Zk11bjctbXNkbE1LRUhTRzl4ZlVMRzRJc1U0MGlOLXpLQTNiRzRtRXJBZU1yRXZNMFp6SWQwZVFia0ZHdEEtb0NIQmNPVkVzUm1jMDVpaw?hl=en-US&gl=US&ceid=US%3Aen,Euro-sd,23 hours ago,🎮 FPV Drones,https://news.google.com/api/attachments/CC8iK0NnNUhabXhtV2xsc1NUaFhPRjkxVFJEZ0F4aUFCU2dLTWdhZGM0eHNQUVU=-w200-h112-p-df-rw,2025-09-07T18:35:43.179193
Russians attack main road from Kharkiv Oblast to Donetsk Oblast: civilian car hit,https://news.google.com/read/CBMiY0FVX3lxTE1SRFJxSlZGNC1HTDZjYlZOYWVEX19tcUdrNHIwNS1QeTBxeGZtemdfaHJndXVFWnl5bmM5cHAyanhKZTNCb0k2aHpHQXdaelFBNEZqQWJDMGM0aWlack9xbW5vTdIBb0FVX3lxTFBmTXVma05ET2QyaHVMUkN0NXRWVHlHVUxieHVhSU1SYl85dVlBR0JOREY0NHYzSUhoSVVsQTNYdDNGX2dBV2hES2N0MDZKSWNHR3lENFBySFpXcncxRkJGc3VfWko2YXZKcV9uX3JSSQ?hl=en-US&gl=US&ceid=US%3Aen,Українська правда,9 hours ago,🎮 FPV Drones,https://news.google.com/api/attachments/CC8iI0NnNWZiM0pQU25wTGJVSXhTVVZYVFJDZkF4amtCU2dLTWdB=-w200-h112-p-df-rw,2025-09-07T18:35:43.179194
Russian FPV Drone and Artillery Attacks in Mykolaiv Region,https://news.google.com/read/CBMikAFBVV95cUxOYVpaV3BKWndRM05kSzlLRm4xM1U2aTVhbVItS3I2R3FSdU1RaEtNNWZkSzQxUFhkM3psSm1xZERWVUUxbTJQNFFiZUpNT0dfVTBOZ2NQYU9XUW1QclhpMGxlOXJDbVZzYlRaNEZpUFJMRkptSlhMYS04ejN3WUJOWF8zQ2c5VFN2ckllZnpweXo?hl=en-US&gl=US&ceid=US%3Aen,Букви,12 hours ago,🎮 FPV Drones,https://news.google.com/api/attachments/CC8iK0NnNDNlVVZ2UkdWZkxYbGZSR2xKVFJDUUF4al9CU2dLTWdZWmhKU3FyUWM=-w200-h112-p-df-rw,2025-09-07T18:35:43.179196
"Xpeng's new 'land aircraft carrier' is a $276,000 van with a 2-man quadcopter, and it thinks it can sell 10,000 of them a year",https://news.google.com/read/CBMingNBVV95cUxQdEhBTGFxaWZlS2VxUDV5VE9SY2FsVVlvd1JxVFR5bXNNNjZnME01bl9UbXlqY1NyRDBPMjRJOHI5TFRydC1WSVdXVnNuZWdsXzN3MXk3TFh4U3c0MkFucmpHTnFMNm52YWtGaEJPMk5mVUxieDdIV19qekhibWVHMzRrcGNoX1hMZmp1TXExbGMtS25vQ2ZiTmFkZFpNbDI5YzVSZkRSNkhUSWRLYlp2NGJ1dlNpNU1PNUJ2OHRJZ1VJS2c5cGdvLWc0dEhmZUI3MVBkbHl0emFrWXhjWXNoNjh0TW5CdnhYYy1Ubk10MFotZzl1bnhGRV9YM0FYOGNSSC1sX3BYSVhDNlNXUEdCUWRNcDhxZTJSdHJXV0FXM2xmQkU0ZE9iSFg1SE9zN1psd0ozZkNvNlFGNnJZSXJQb1Q4eUlGUTJxM2oxdU1zTW12MUpRZjFjV0dLQjdzY1BhY2tKcmVDNG9vM0Z5Z254ZFhrbHRGa1ZVdjQ0MTZQZ2g4eFl6Y216MlFFYXMySU4zWkNFelhmWFA5Z2steVE?hl=en-US&gl=US&ceid=US%3Aen,MSN,16 hours ago,🚁 Quadcopters,https://news.google.com/api/attachments/CC8iJ0NnNDVUemxCY0hwRVZuSk9VWEJUVFJERUF4aW1CU2dLTWdNQllBRQ=-w200-h112-p-df-rw,2025-09-07T18:35:43.179198
"Israeli operations in Lebanon against Hezbollah: August 25–31, 2025",https://news.google.com/read/CBMiuAFBVV95cUxNVWxMNXhENDFIWWJ3VHItUm1Td3FrQXBTOGtiZDBMaDB4a2t1cEY3ekVablFrUy1EZVFwT1JnQUdLTDVpMnFNSUY0cnZqa2JyZkRudXl2MDdpWlF3anhuaklzOEN6Q1VLRXJsUm10dXVOUVR1R2lWV2JuQy1zaFExbjJjNVY2bUhtTmZBMjhTOVdRR0hwdG1UVmdEME9fMzdPbnkyRmw2WExaY3lKMVc5cWo1VDRxeVBJ?hl=en-US&gl=US&ceid=US%3Aen,Long War Journal,1 hour ago,🚁 Quadcopters,https://news.google.com/api/attachments/CC8iK0NnNWpWbEkzVW5VMllVTlFZblJtVFJEREF4aW5CU2dLTWdhQllaRFVNQWM=-w200-h112-p-df-rw,2025-09-07T18:35:43.179199
1 killed in blast during cricket match in Pakistan,https://news.google.com/read/CBMiZEFVX3lxTE5ZdXpsUFpqVEJ2ZWdYbndJMm5KdG9OcFBCZGszVmxnTWpoVnVoQkJiUXhGRThfSzhmVG9ON3lWYzVNc09ZTmQzRkstUWhpQm1WTXV4TUxpMkZHWmlrbFE2RDBJem_SAVBBVV95cUxQR19zdHhzdGg3cmdPS25INzNscTByaVNoS194NDFWdmtsakVzUmdTSHdXSEFaR0NiY3BsanZtbzQ0OW9CN0Uza0ZPTWs1RFNHMA?hl=en-US&gl=US&ceid=US%3Aen,Jagonews24,11 hours ago,🚁 Quadcopters,https://news.google.com/api/attachments/CC8iK0NnNUViMVp6UVVzMldISmFTbWRuVFJDR0F4anVCU2dLTWdZTmdKQm5zZ1k=-w200-h112-p-df-rw,2025-09-07T18:35:43.179201
Are Humans Watching Animals Too Closely?,https://news.google.com/read/CBMijAFBVV95cUxPbXg0eVZWSUdYQ01fdVdQSUNPY0ZDZlczTGNGMDVkNkFaamltRFNrTWxNQzd0TVVvWE4tVTVmR0JkZzJNa2JjMmZYWkNxMTdzR19ZVFRUdksxeHROYVlQZUk4UENMeFJhemRHRUg2clZkM3pOa0VfdXhnWGt2dU9OY3JvVWxaTXZEZ19OWQ?hl=en-US&gl=US&ceid=US%3Aen,The Atlantic,7 hours ago,👁️ Surveillance Drones,https://news.google.com/api/attachments/CC8iI0NnNDRUMjlvZUZwd2NFaDVOVlpoVFJDZkF4ampCU2dLTWdB=-w200-h112-p-df-rw,2025-09-07T18:35:43.179203
Ukraine-Russia war latest: Putin attacks kill four as Kyiv reels from drone strike on government building,https://news.google.com/read/CBMiwgFBVV95cUxNc1JpbWRUNnlVSVpIbEFvQU1reEsyTTFZNjV0MVhHaFVvbDN5SkpEQmlTZldXXzJCREJyLVZ6M1d1cjc2c0F1eG1LQWVUbU5SMlBQbDVfOVJjTnJCXzZIcldUNklLMTM3RzUyaGhaUEZhY2dSSnBHRXJldDh5M2twc3haR2UzREQ0MFhNWV9vLWI3QnpQazVnOWJjai1OMTdJdk85eGtMOU5wellNdGI5U0NVZEl4X2hPOUsyT2Q5cUhlZw?hl=en-US&gl=US&ceid=US%3Aen,The Independent,24 minutes ago,👁️ Surveillance Drones,https://news.google.com/api/attachments/CC8iJ0NnNWFjbnBTV205elVrTlFaekZOVFJDUkF4ajhCU2dLTWdPQk1RSQ=-w200-h112-p-df-rw,2025-09-07T18:35:43.179205
AeroVironment surges as Anduril funding at $30B valuation shows strong drone interest,https://news.google.com/read/CBMi5gJBVV95cUxNVnlnSW9kVWpMWlN6eTZMdmlpcXNSVDBVbDJyeGFXSEhyaEZWS0RVNU5lZk8zRmdLTnpWQ2d0UHBwMVEzQXpQRzBnOUstbnZSUmE2NGJlenhKaUhJLTBmc28xcElWZ3hTOWlOYmp0SkExdDBFTGY0aVZBUEZQcFByRGcwS0Nyb3QyTHN4U2VnRE92d1lUSWluQUxOTUVjNWVXNlpHdzJaLVUtelVHMlJxdHR4cFJXekwyR1ZzZzZ5Ry1jekhlVVhSbk1sUkg0a3ZIckh5Vk9hajJCSHhod3ZUaW1Ub1o1bS1Oa0ZtSWliemdzWVlPejNFN1RENUVBY2tQVDBQV0E5U0kzX3NDeUVZNU5Xbk5oTklfMWxYMGdxSzg4ckFDNlBtLTNYN1pUMGFCbUF0b3Y1dktKenBKMFpmUkloVE4tdFh2UEFlZl83ampxRWxfMi1aM1FyQ19WeHM0Q2dCOTR3?hl=en-US&gl=US&ceid=US%3Aen,MSN,7 hours ago,👁️ Surveillance Drones,https://news.google.com/api/attachments/CC8iK0NnNXZXbU5aU1RsTFZWZFNaM3BQVFJEZ0F4aUFCU2dLTWdhZFFaZ3VwUWc=-w200-h112-p-df-rw,2025-09-07T18:35:43.179206
Why Bundeswehr is unable to shoot down Russian spy drones over Germany,https://news.google.com/read/CBMingFBVV95cUxNN3ZWTTBSdTJUSmdpR3g5ZzdMYmtubF9XQ2xHYkQ4Z2pJRmY0c19lODJPS1hlMVJPdXo3RW9yMDNjOFp4NDlfRXFmT2o2ajBKcl9SbUN5eWlwV1BGU1YtNFFHRHN6T3RUWUJsMVdQbDY0OGZRbGFGREFPa3JGS2xLXy1OSnY4STlETUFhVVZuZnJSbnlMRm56RHl3Q0lkQQ?hl=en-US&gl=US&ceid=US%3Aen,Caliber.Az,13 hours ago,👁️ Surveillance Drones,https://news.google.com/api/attachments/CC8iI0NnNURaMHRXVXpoS1NHNTZja1JPVFJDb0FSaXNBaWdCTWdB=-w200-h112-p-df-rw,2025-09-07T18:35:43.179208
Ukrainian drone maker Ukrspecsystems to invest £200m in UK drone production,https://news.google.com/read/CBMiY0FVX3lxTFB0R3VpQmtCT2FaQ3YyS1VQaWlVcXQ5VDhjMmtuSnk4MWNoeG1laXREdjd1UDNPWUYzaDllVnJXeWxxX2lEZF9nMzh0NTR2TXhoZDdtRHBxbEhzc3FxbWpZc2ZEUdIBb0FVX3lxTE9RWVhkRWFvQmVvVF9NZzBpakljQlFtdlF0Z015bElvWDdYbm82V0w4NWQyTmlRRnNXckY5RmphY3ZBbGNZZlYxS3psUFdOamtPM0pGNHFkczVrQngyZHpqeEZyakZXOURyN2c4QUc3bw?hl=en-US&gl=US&ceid=US%3Aen,Українська правда,3 hours ago,👁️ Surveillance Drones,https://news.google.com/api/attachments/CC8iK0NnNVFRa1pRVUVaVlgxY3pSamhaVFJDZkF4amtCU2dLTWdZQlE0Q0lvZ2s=-w200-h112-p-df-rw,2025-09-07T18:35:43.179210
Mali files ICJ case against Algeria over downing of drone near border,https://news.google.com/read/CBMidkFVX3lxTE5kMDM0bkdXWF8xdlNDTzAyQl85SkFNYnRuNTl2ZTZWVjFjZ0VoN3ljbmt3Q1dzRlZZcGNmVl9nclhCS3gzYTN0YU9BY1pmSHNubWZuVTZRTlNVaXVvbkQxVHVuUlUyQy1yd0dfbXNHaEhlSGtOS3c?hl=en-US&gl=US&ceid=US%3Aen,AOL.com,4 hours ago,👁️ Surveillance Drones,https://news.google.com/api/attachments/CC8iJ0NnNXBhVmRXVFdKWlNHUjBZbVY0VFJDcUF4al9CQ2dLTWdNbFVBWQ=-w200-h112-p-df-rw,2025-09-07T18:35:43.179211
Ukraine News Today: Breaking Updates & Live Coverage - September 7,https://news.google.com/read/CBMiTkFVX3lxTFBjMWRUc2pVQWNkZ3hYNmVqM3hxZkRVRmNPQ1BBN09NN3RNYlg3R1pwM0VOQmFBVzFtXzVXWFBlOWxHYUw1LTJHU1VINC1vQQ?hl=en-US&gl=US&ceid=US%3Aen,Kyiv Post,6 hours ago,🇹🇷 Bayraktar,https://news.google.com/api/attachments/CC8iK0NnNTNablJsVUdwMVlrNUVhVkphVFJDZkF4ampCU2dLTWdhTmdaTG9NQWM=-w200-h112-p-df-rw,2025-09-07T18:35:43.179213
"Ukraine Hit by War’s Largest Aerial Assault: 805 Drones Strike, 4 People Killed, Government Building Ablaze",https://news.google.com/read/CBMiS0FVX3lxTE9fRnAtbVNjdmdfcWdHTFUycUtucE9zOEpUcW9rMHlnUXVMOWVWQjMxaWNHdGFBRi01YUI5dElRUWpoQ2JubUdxOFZFYw?hl=en-US&gl=US&ceid=US%3Aen,Kyiv Post,6 hours ago,🇹🇷 Bayraktar,https://news.google.com/api/attachments/CC8iMkNnNVhRM3BOTms4dGNuRlRURlJVVFJEZ0F4aUFCU2dLTWdzQkFJS1hrS05NOGtod1JR=-w200-h112-p-df-rw,2025-09-07T18:35:43.179215
"Baby among two killed in Russian drone attack on Kyiv, officials say",https://news.google.com/read/CBMiowFBVV95cUxOMDR3ajhDczVFVHFUaG43TXp0aEVEck9uU1NFSjBMNXFxX29QOG9RUkZYV1hfakwtcXpPc2I5X0ptZlI0WEJBdFhiTWxYMGozaTNmX1BDRndRWUotNEhObFNvaXBaS2FxYTJoZDNPMVZVTF9qeFB5Y3NnYnpIal9KZDgwTk5BeVNPRmZQLWRzcWtfNVZLdHhpVmZmMjBNN2FRQ1hF?hl=en-US&gl=US&ceid=US%3Aen,One News Page,14 hours ago,🇹🇷 Bayraktar,https://news.google.com/api/attachments/CC8iMkNnNXlaVE5wT0c1eFowdFBaMk5XVFJDUEJSalVBeWdLTWdzQk1JUUVuR2FaTTBtSnlR=-w200-h112-p-df-rw,2025-09-07T18:35:43.179216
I Never Signed Up For This Kind of Targeted Killing,https://news.google.com/read/CBMikgFBVV95cUxQcWR5Tm5adEEtbUd6M2JuLXRzX0tBWV9vRjZKWEdXZnE3aGVrWDBpbWpHVHZXY3AwM2d5NjJPUk9ud2duUmQ1WXdVUVN3aTJ0Y0FrNGJVVndTNW44cUZoWFhEWmJRXzNMQ2dnaWs1NDNjemxLZ19odWxYa2pIXzdsUUx4dzBVeHEyVmdkcnVzREc3QQ?hl=en-US&gl=US&ceid=US%3Aen,Lawfare,1 hour ago,🇺🇸 Reaper Drone,https://news.google.com/api/attachments/CC8iK0NnNDBaMWRJVUc5clV6VTNVVXR1VFJDZkF4ampCU2dLTWdhcEJaYnRxUWM=-w200-h112-p-df-rw,2025-09-07T18:35:43.179218
"US to target more businesses after Hyundai immigration raid, top official says",https://news.google.com/read/CBMitAFBVV95cUxQMlpsYmlnSUdmbkdRbnZVal9UZndaRmR1NDlOTVp4STBYdTdobnhjMTNyeG5qVE84dUlBTmx6dGczaXBCVm9fYlpMR3poWUR6TjZ4MEtXcW5rdVZ5MFBLendZNGZxdTIyMEJhNFc3RkgwRmJyT1pjT29BcGczcUJmZ3hfckRERzNGQTZRQW9PYk5uR1FrNU83SnZ3bFZkRFdxbHJUNldvN3E3NTRzM0d5MG94clM?hl=en-US&gl=US&ceid=US%3Aen,The Straits Times,2 hours ago,🇺🇸 Reaper Drone,https://news.google.com/api/attachments/CC8iK0NnNUtWVUZaVTFoWFlUbGplVGhZVFJERUF4aW1CU2dLTWdhWkJvcHBrZ28=-w200-h112-p-df-rw,2025-09-07T18:35:43.179220
Shark kills beachgoer near Sydney,https://news.google.com/read/CBMie0FVX3lxTE5QT2tRNTJqZXRXc2pHNXYtODlsNGVsT3g2dlhYZW11OXd4bHUxMXlkNXYyZl9DT3J2RlpFdkpyQWFPcGVETUh6UkJNLVpkMlJjZUVMcFo4bFpYek5oRlhMdUN1MF9rRzVPdWFxTllMTWZUbXBjZFl4Z0hKOA?hl=en-US&gl=US&ceid=US%3Aen,Star Tribune,22 hours ago,🇺🇸 Reaper Drone,https://news.google.com/api/attachments/CC8iL0NnNWFZbTVLWmtaa1dYUlJkRkJzVFJDUkF4ajlCU2dLTWdrQklaQzJFT3JJYkFF=-w200-h112-p-df-rw,2025-09-07T18:35:43.179222
"US probes malware e-mail targeting trade talks with China, WSJ reports",https://news.google.com/read/CBMiuAFBVV95cUxQV1ozSnhmeUxJRTJPMWtxX19uWG5NejZYbmI4cXNxSXB3WjliUXhTVmZOYXplNzVicWZpeW9GdDl2WE0wVGRUUVBsU2dWX0ptTG1uYzJOblZ4UzlXalB5aVNHejdBVjVDcEVwcTduVkV2cDE3Tnh1SlI1UnB1TWgtOWdWbTVHR2FyT0hHS0hvMWtoTm1xX2VNSTM3X25UUmtGZTl2cldQSUVtdExzWF84enJUbzFselhy?hl=en-US&gl=US&ceid=US%3Aen,The Straits Times,3 hours ago,🇺🇸 Reaper Drone,https://news.google.com/api/attachments/CC8iK0NnNU9VRUZKTWt0SlJrUkRVMVJEVFJERUF4aW1CU2dLTWdZQkVaNWdGZ28=-w200-h112-p-df-rw,2025-09-07T18:35:43.179224
"Two Powerball players win $2.3b jackpot, second-largest in US history",https://news.google.com/read/CBMitwFBVV95cUxNSG9HZXpfOTJVX1VhTGZDcHZlSWFnVDczaGRHZER4MzNHLUxlcGRGS0MybjNjUEtMMWMyM295elAwOVZzT0tDT3BObmlocFd0Sm5sdjNIb1JNaWFtNDg4TlYxeGhCY19OVDhqbW04M0hUaTctU29ENzdudFVwNWNvaWl4X1hFbGMyNUd2YnNqMTYtUThKSE5fR2E0RnJwNTBLdVJON2EyZV9NODMxcHNablVHck1XSWs?hl=en-US&gl=US&ceid=US%3Aen,The Straits Times,10 hours ago,🇺🇸 Reaper Drone,https://news.google.com/api/attachments/CC8iJ0NnNHdWRkpPV0hWUFJEUTBkV1JaVFJERUF4aW1CU2dLTWdNQklnUQ=-w200-h112-p-df-rw,2025-09-07T18:35:43.179226
Trump amps up US crackdown rhetoric with Chicago ‘war’ threat,https://news.google.com/read/CBMiqAFBVV95cUxPZFhVMm5vN0RNYy1YbEdjeC02VmV2c05SdUdXd0dNUTAteVNVNVpIdElCN3U3VnJmclNWSm8xSE5rbVdtdUh0ZmJ6UGljSkZ3LWh6ZFRhOVgzaHoyOXVLckVVcENONUxOMjgxQUJ1TllEVV9vNFBtMl9oaW9jNVdaWXhzWWVUbWpDRGhZTjh4UXJGbFhDMDh0ckRzZ2VwMkF0UkJUOFNPeXU?hl=en-US&gl=US&ceid=US%3Aen,The Straits Times,22 hours ago,🇺🇸 Reaper Drone,https://news.google.com/api/attachments/CC8iMkNnNTBaRVYyYjNsM2JuaGFWbmwzVFJERUF4aW1CU2dLTWd1VkVJUVNtV042dHRoZXVR=-w200-h112-p-df-rw,2025-09-07T18:35:43.179227
Trump to Sidestep Cold War Arms Control Treaty to Sell More Drones: Report,https://news.google.com/read/CBMitAFBVV95cUxQWFpQa3pYZ1QteHdpcVJPMzcxVTVaSmxHM19VaEpoNG8tRXFCYWQ2aFgtV19FMV8tcmNrN0NkemtUUmEwc0Y4TEQ4OGhhOXN0OG5FNGRFZWRqOTdJdHNPekxTc2o1UGZ3QUpnTnVoMzR6dHhBNHdvQmJRbTl5cnRTWHpjQWJ3VVo2X3NJYTNVWmFUTG5tUlVYYVhwR2VfV1h4TDBHZy1LTjlHNjRGWE9zRy1hekY?hl=en-US&gl=US&ceid=US%3Aen,antiwar.com,21 hours ago,🇺🇸 Reaper Drone,https://news.google.com/api/attachments/CC8iK0NnNUliR3RKYUdGT1kySklibGt0VFJENUFoaXRCaWdLTWdZTmdaRHlOQWM=-w200-h112-p-df-rw,2025-09-07T18:35:43.179229
"DJI’s new Mavic 4 Pro is an incredible camera drone, but there’s bad news for US customers",https://news.google.com/read/CBMipwNBVV95cUxNbjljdE10aTBQeVh5YkN2Y1FEdXpCMFhqOGZjekZpSTZLZlVielhvWU5Zek5JY28zdlp4VDYzZEJtWUNCNGJWZDJvcnZNZGkySkV1ME5BVWNqaVBfWkZJZWtkcG5tOGpVR3pqaXdRUDBzOUJ2R2ZDdVFJR0hnUjR3c2NLTmJ3Z2dadDRtQkU5MzZhX3FhLXB4Q3prT2FHSjAtS0pUYlJtRGNiUFBoTC1GblJ0aS02dVNxR1NHRVJ6QmhaVGJXS1V5M0lBaGJpMlRVOWlTUmFGeW0zNjRCY2NDNXhSN0Rscm9LRDFscTZ2WXZubUFjQUJTdnJrRHh6eUlTVmtPT2pva1o5emEzN1ZuM1lldTFyM2w2VDVTWnpTbGloQUpCWDNoUlBvQ3Q4MzhDbHR1TFRfTzduUHc1RGpNQ2RZM190OGxTSG5nQkk3c1V2dU1oZjBDWmRjb19TZDFBQ3IxRzdYQ0JDUU1XUXQtNE13cjZDc3RkV3lZQk84eE1sMmVfNEt6M1VsSFBZRnNLZ3UwWmRJdGRGOEhXVmpyeHNET2tCc3M?hl=en-US&gl=US&ceid=US%3Aen,MSN,7 hours ago,🇨🇳 DJI,https://news.google.com/api/attachments/CC8iK0NnNUZRVk55VEZwZlVYRjBZVkJNVFJDZkF4ampCU2dLTWdZSmtJNktOUWM=-w200-h112-p-df-rw,2025-09-07T18:35:43.179231
This VR drone camera is going to change EVERYTHING,https://news.google.com/read/CBMipAFBVV95cUxPYWtOem9hb3JzdDB6MVA1N1NXSVNBVGF3ZklxQVRIeTB5Mi15a0g0Z0pabFlfbWpwaFB0Y1paaVN1cGQ3andndDA4T2hDSFJPcGEwcHQwbVVWOHlsQzM1dXBlTDd3YjU0Z0FWVHNlbTdqVkk2Uk83RTJ0enFlc1BkTjJRYm41T2czdkN3LUUtWnlhQnhMWVNZWWRqVWZRd0kyNHQxOQ?hl=en-US&gl=US&ceid=US%3Aen,Digital Camera World,21 hours ago,🇨🇳 DJI,https://news.google.com/api/attachments/CC8iK0NnNW1UVGhQTVZWRmFIUjVaVVpJVFJDZkF4ampCU2dLTWdZTlJZek5xUWM=-w200-h112-p-df-rw,2025-09-07T18:35:43.179233
"Drones, microphones, and transmitters worth ₹23 lakh seized from passengers at Coimbatore airport",https://news.google.com/read/CBMiggJBVV95cUxNZmZfMmJ2RTlFSmhidnNUZV9XdHAtNG13dU9FaDhJZUk2U0kyQ19kQzRUckpvaVM0dThiODEzbVFwR1VQOVdHcWZfU0Y0UkM0MnF0eTUtYVZfdXFWY2JIUWVhWkpSenQwZmZUOHZkLXZfdzYwQV9ob2tGMHU5ZGNEeXdoUUROanlRRjAyU1RDQklhSTNhTFZNX3k4S0dleWlMNm1yTVpnRVFUSzRXaFNtTjB4UUJFWGVES0tpeThET3pzWDhnY0dxa00xX1NoWXNwNjg2ZnNNSlQ3M3d6ZEhtbEJYQXFjeXFWZVpyQXoxb1lYbktHZ2hKX016clV0LVhrb1HSAYcCQVVfeXFMTnBYdmlPVHpUTGlDZ25jUVBDYlNzNmtmSXFJR1I1bWt0aU9ZM25PTjBHY21JT19kVXdqR0REOTREOU9QcXFSTHE4MkhtN0tyUEZLOTd5S1ZuYU9rMTdnOVZUejczTnRfYW9fOC1RWWh2Z0JweXV1YkNraFVzeFJ6cWhhc2lfM2dhNE9LaEJ5eWNUQm50S3FMQmo1R2RIMXlXNlc5VzJBQmhtbmFoQ0wtcklueGU4YU51R0l4c1FiMlFzeUtNSHNlRFl4NGx1bUZZQ2xPYkhGcnQ1N1NnVndsTHJxbVRYeS1iOWxYZkhFWk5EZC1FTHhVMjVnU21LSjNfd2R2WE5VTU0?hl=en-US&gl=US&ceid=US%3Aen,The Times of India,23 hours ago,🇨🇳 DJI,https://news.google.com/api/attachments/CC8iK0NnNXdlbk10VEVkQmRXVTJVMFJ1VFJDZkF4ampCU2dLTWdZQmdZd2xzUVU=-w200-h112-p-df-rw,2025-09-07T18:35:43.179234
Latest - Defense News,https://news.google.com/read/CBMi1AJBVV95cUxNSUJUMTkzN0drOV9OY0cxT1dnODQ1c0FacUJuVElrTXlhSlRmQ3FMMFJneE82SnFNdzJrV2drSDktNjJYZ3l2aVpsZWkwdjVsT0h4dWZobF9XeF9NSUkwX3NIYlZIY0h6MGhaVkt3ZkFLTU83bE5Sd3J5bU1EM0lZU1RiNTliS1VDY2Q1N184RnRSbnpkY20wTF9zZmx1ZjhnS0pfZFdZZEFwa2tQUmxCelV6VFlIeWQyN1FsYUQ1S1lSLWk3SlA2OE04OVU1eWJ5SjdoczZNdFVvLUZYTFJUSHFMcGJoYklLN2RMNDZXREN4ZG54ZE5yd0puUk1BdVlyQzlMNVQ0VEF2S1Z2YXhwbllQRngwVXhSYzBuYXdLZnR0TnpRRHhvaTVZSVctcE5PbHkwS19WNnZwVUlLdlA4MHA5ZTBtLUp2X3ZDdEY0ZnJkQnIw?hl=en-US&gl=US&ceid=US%3Aen,Defense News,14 hours ago,📰 Defense News,https://news.google.com/api/attachments/CC8iK0NnNWFTRFpoVDNNeGR6SjJjbTk2VFJERUF4aW1CU2dLTWdZUnc0aXF6UVE=-w200-h112-p-df-rw,2025-09-07T18:35:43.179236
"Defense News, Covering the politics, business and technology of defense",https://news.google.com/read/CBMimANBVV95cUxOZ1M0T2phYnhGbjRfRWJJUGZZQVJxbXExYlBxaFJCc21xQkF1cTlwRUJ6aTFjQzV4UnFBb2VwMFlrcjNlckFWcHBzb3VQUWlOVjJ3dXNuejZpWkZvTkFvSVhyaVVPaEVWd3FtUWRJU21jNXVqS3B4elV1a1c2U1R5VkhEeUpWU1BGcmVwcnp2alNwdmYtZWo3OGRvX0tMN3ZTemhMRnc3VWpYVllLZzlVT2hkTHRaX2lSZ3plWDI0b1BuelVtM3BwQlJDMVIwNGs4QkdBTXhscGVqUUR0NlVTTkR6MzUzeWo4X1p0RVJRRkFwVWRvYmFFN0RJSUoxQXlOS0U2TnNGRDZwV05DelBGbHU4enRPb0RiZnBWV0pjcE84ZWR2NEdYN1ctUFhTUXNuYlJkYXNQSjFHaFZjalRMVkQ5ZzdleERxSW0tQVpFMmhfemdWWG5tZXdvRHY3OUZqTmJfTGdiZTBQZklHNTNlN0JQM0hsaGNlSDBFaWlrVkViZVJrcU5nUU9iY0cwLXB0RjdOb05ZLTk?hl=en-US&gl=US&ceid=US%3Aen,Defense News,16 hours ago,📰 Defense News,"https://encrypted-tbn2.gstatic.com/faviconV2?url=https://www.defensenews.com&client=NEWS_360&size=96&type=FAVICON&fallback_opts=TYPE,SIZE,URL",2025-09-07T18:35:43.179238
Russia's largest air attack on Ukraine sets fire to main government building,https://news.google.com/read/CBMiugFBVV95cUxNcFVmR2U5N0V2VWFwWkhqSGV4SXlSeER3Vm1jcEk1LVlvTGVPNGtrM1JmQk9LNXNOMWNJRXVXQlJQRnRXY1E4a2x0RHI1d2xaUXlQNWg3REd6RU0zOHVLVGo2UFdTaklfaFdtUlRPUlYtemRxYWFYd0UzMXZjLWlkQnlNMDRMUnNyZTVmNE4xRHRVblJEOHZoMXZzbXFISlIxdDRPVTlJXzZKTWZzSzdLR3QzOXJpTWo5YXc?hl=en-US&gl=US&ceid=US%3Aen,Reuters,12 hours ago,📺 Reuters,https://news.google.com/api/attachments/CC8iK0NnNVJNVUp5T0U4M05ERkRTVlJsVFJERUF4aW1CU2dLTWdZQllJYkt1UVE=-w200-h112-p-df-rw,2025-09-07T18:35:43.179240
Infant among three killed in Russian attack that sets ablaze seat of Ukraine government,https://news.google.com/read/CBMiuwFBVV95cUxPOWlKYm1IbXVXaklFRGNXNUF5Y21zV3VXUTFzRkVGcDNOTVJxTWd1VlFCUTdidWg1VWpTeGtfOFVUVFUtRnMtWC1XQkJuczNrTVZMZGJySExQZlFUNFlnYllZUWVsSHdoZWcwUWpPaHZNTG44SVpXZ01LY0gwbDJ0Y01oSmlnLTl4Ym9yeGlHWkF2Mk51YVh5OHJ1V2E2R0VBMW5yNzhwanhLSUxWdUtBNURja1J1cWUtZ0NB?hl=en-US&gl=US&ceid=US%3Aen,Reuters,14 hours ago,📺 Reuters,https://news.google.com/api/attachments/CC8iK0NnNVJNVUp5T0U4M05ERkRTVlJsVFJERUF4aW1CU2dLTWdZQllJYkt1UVE=-w200-h112-p-df-rw,2025-09-07T18:35:43.179241
"Popular Sydney beach deploys drones, helicopter after fatal shark attack",https://news.google.com/read/CBMixAFBVV95cUxQbnJ4RndEdDhNTHFRTm1zdTJ3c1hiUlJKX095MTFqZ1JoMGtRUGdiQzZBaFpMRzZlbmt5RTlUdTJmLXZGcTZRdUhxLWVrcGVoQ2t6ZGF4WTV4bXY1cmsweTFocnA1QVRGUTh6VkQxZ3RkUG10Rml2SzRJZlZ1eHQtNVhRbzFLS1ZoV25hME81LUpOZFFGWXNHN3JubGdEb1FjSl91OTBkVmdZQTlWX01qQlJtNXpYT3VWMGJWdThSX1d2eFBl?hl=en-US&gl=US&ceid=US%3Aen,Reuters,16 hours ago,📺 Reuters,https://news.google.com/api/attachments/CC8iJ0NnNVNZMDVoVlRsZmFrVnpZbFIwVFJDZkF4ampCU2dLTWdPQnBndw=-w200-h112-p-df-rw,2025-09-07T18:35:43.179243
"Ukraine drones hit training centre at Zaporizhzhia nuclear plant, Russian management says",https://news.google.com/read/CBMivwFBVV95cUxNaG05LUJjZWpiZUM3R0NtMVZVSWE0MXQ1QkVSMG1xSFZmS1Y2TjZjOWMwb29WZlJ5Q2lPVThXbUc4bHRNM3VVTkVsbjdqWlVjclp2Y0pSR2o3SHJ1RDJsbVNxcHdlWEIxQjJ5Z3d4MUdUNzVYTXdTdlRQWlpXRl9WTUdzWnMybnV1MUQtbUdXQS1GOUN4Z215SU8tVjJKWml4NGVJVWNXZ0paZUwxbjBiZ21WZUJWeHkxUzZMTHFjNA?hl=en-US&gl=US&ceid=US%3Aen,Reuters,19 hours ago,📺 Reuters,"https://encrypted-tbn2.gstatic.com/faviconV2?url=https://www.reuters.com&client=NEWS_360&size=96&type=FAVICON&fallback_opts=TYPE,SIZE,URL",2025-09-07T18:35:43.179245
"Russia's drone attack injures 8, sparks residential fires across Kyiv, Ukraine says",https://news.google.com/read/CBMiyAFBVV95cUxNeXNZVU5EWTA0Qk03VGZZa21idF83Y0pCLUtiX0lsSTNuWlRfbmlJZ243bEpBLXREeU1XcEpaWjNzRlBwRzNLTkNHTk54WnhBcV9reXhvOFRhbDVjS1JVR2xpbTkzaTRPa3B3SUY4NHl3S0xHWnBHMVY2VzJXWktaaHFwUk1yUDRkNHg4UkZOMTBDalh4NllRR1A0b1JKQWs2aktRNmhKcFdjTnpyLWVVQ1BMaFh1YmhkRG9CMklfdjlSY2E2QldhLQ?hl=en-US&gl=US&ceid=US%3Aen,Reuters,15 hours ago,📺 Reuters,https://news.google.com/api/attachments/CC8iK0NnNWpSbXR3WDFnemNEa3hTRk5JVFJERUF4aW1CU2dLTWdZeFk0cVFKUWM=-w200-h112-p-df-rw,2025-09-07T18:35:43.179246
"Possible smuggling drone falls in eastern Poland, ministry says",https://news.google.com/read/CBMiowFBVV95cUxPVHBJbUVUZ09LU05Kc1dRT2I5V1V2RmY0ZmVxMHlDaUhxdzBfYU9EVTgxNnJRR0U5X1JURUFBblJNWEJCOEJ2bEF6YVhNUFBIU2FhU3FUZV9DN0JEanRKeENuMzNzRDJka29yN1VlLWZEbGtSRzJPblp3dXB0LWVsZnRua09EUWxRTmFZMVluZzV0RzVCcVZDdW1naU1NS2xFM1NF?hl=en-US&gl=US&ceid=US%3Aen,Reuters,23 hours ago,📺 Reuters,"https://encrypted-tbn2.gstatic.com/faviconV2?url=https://www.reuters.com&client=NEWS_360&size=96&type=FAVICON&fallback_opts=TYPE,SIZE,URL",2025-09-07T18:35:43.179248
Ukraine says it attacked Druzhba oil pipeline in Russia's Bryansk,https://news.google.com/read/CBMirwFBVV95cUxQUzJWTkdNMDJzblBzSXhfcFRCbWctM2lVMVpFN19yS3hLRjRMQXVqM2FNdFBQc2dyVEw0Y21vTlBwX2RQNExPSUl0SENvUFV5R1U0bWVGSFREU1dnMjAyOGMzQ2plS29GQ3VfRGlTTDRTYnpJbmtRNEczcTFPRUZRVzVEYmVxMi04Yjd4ekZubmh4R0V3NGFjT3BRVjBBOFhNTnQteFJVVWdCVS1rOTc0?hl=en-US&gl=US&ceid=US%3Aen,Reuters,5 hours ago,📺 Reuters,"https://encrypted-tbn2.gstatic.com/faviconV2?url=https://www.reuters.com&client=NEWS_360&size=96&type=FAVICON&fallback_opts=TYPE,SIZE,URL",2025-09-07T18:35:43.179250
Drone footage reveals Cleckheaton Monal wedding venue damage,https://news.google.com/read/CBMiWkFVX3lxTE1IbFlhYk9ubG5jM0FaYWFTYjZzcGFNMmVMV01ZYThGcldKbDUtTVpLNDZkc3RNQ3ZuVTRncFlUZHhLcW02VlRIZHhZNEEwdkpzaW1OY1lDYjBid9IBX0FVX3lxTE9JTnNQQ0V0eXl2VkZaSjVhYW16WnM1RjlEWkU5Y1ZPaHpuOWpfMDJZaUVjZjFLd25MdTJtbFloRHFGN1djUzNMaVFldkJpeXBXd29kbEl4YkhiMDhsa3ZJ?hl=en-US&gl=US&ceid=US%3Aen,BBC,8 hours ago,📺 BBC,https://news.google.com/api/attachments/CC8iI0NnNVhibGd4WW14a2RrZHRUR3BHVFJDZkF4ampCU2dLTWdB=-w200-h112-p-df-rw,2025-09-07T18:35:43.179252
Georgiy Sudakov: Ukraine midfielder says Kyiv apartment severely damaged in Russian drone attack,https://news.google.com/read/CBMiZ0FVX3lxTE9BemZ1Z3pYZkgwdFBOeGdrdVpaWlZvdU16M0xJcEZVMDIwZEFyTU11SExwbmYtS2JwM3dvSDNWa25wOFRuQ08xeXB4dHpHZVlGOVZoUFpEYkx3dm5Fc0NFYWpUM0p0LVU?hl=en-US&gl=US&ceid=US%3Aen,BBC,1 hour ago,📺 BBC,https://news.google.com/api/attachments/CC8iI0NnNHhTVzgyWlhWSE1YRmhlVzQyVFJDZkF4ampCU2dLTWdB=-w200-h112-p-df-rw,2025-09-07T18:35:43.179253
Watch: BBC at the scene of Ukrainian government building strike,https://news.google.com/read/CBMiV0FVX3lxTE1SRGt6YWh2N0JSWlJ1Z1EwWXk2MS1EanZ6bl84blRCVVU1NDNKUFF2UFA1UnhMTzdseGRJQ0g5UXJUWUxjVUk0NngtNnRob255SUM3eEppOA?hl=en-US&gl=US&ceid=US%3Aen,BBC,10 hours ago,📺 BBC,https://news.google.com/api/attachments/CC8iK0NnNTVhRWRoYVZremNYUnRSbkZGVFJDMEFSakFBaWdLTWdhSlNaakZvZ2c=-w200-h112-p-df-rw,2025-09-07T18:35:43.179255
Inflatable tanks and flat-pack guns - inside Ukraine's decoys war,https://news.google.com/read/CBMiWkFVX3lxTFBhaDVLRlp4XzBrdmx4RFdhOGZqQnU2R0I2ajFXckJCQXRXejZCWjRRN2pzMjU1ZFVGMWhKYWlRZVQ0YnZHaXZFM1BJUnFhdW44VVE3cGxUZTd3d9IBX0FVX3lxTE1WbXIyRTJoWHpKWXN4b1ZLZ1k2QzdEcUVqQnJoWHk0bXhWV1hxUXhtRWNCS04xWnNHTTdfS01ONm5KTjVlQThGTEJFNTNzUnZHSDZYNUE1WDJMY3NPZHpn?hl=en-US&gl=US&ceid=US%3Aen,BBC,18 hours ago,📺 BBC,https://news.google.com/api/attachments/CC8iJ0NnNTJZVlF5ZWtaeE9FbDNRWG94VFJDZkF4ampCU2dLTWdPaFVSQQ=-w200-h112-p-df-rw,2025-09-07T18:35:43.179257
"Russia-Ukraine war: Russian strikes hit Kyiv, Zaporizhzhia, Ukrainian main govment building",https://news.google.com/read/CBMiXEFVX3lxTE5Lb0VEdGp3VV9CSkl1QTAtYmJKMVFnNGl0VlBzdEtrMjFxeDZDZjNBem1LTVpEdVBkU2Q3ZzljRjV6QU93S1NKemU1eHN0VTZLaWMzbjlMbTZ6ZHc40gFiQVVfeXFMTmczTnI4LTRmUUJBSHlGZ2x4emVvOXV4ZS1sZHYxbndhTkdwa216NXo2ZTFEemFVYUFseUl0VkZOWTgydDlRbXh4NXdlU21kUGdUTEVYTXlpY2M2LW9GR01meEE?hl=en-US&gl=US&ceid=US%3Aen,BBC,6 hours ago,📺 BBC,https://news.google.com/api/attachments/CC8iJ0NnNHpaRTlZYkc0MmFYbENhamxmVFJDZkF4ampCU2dLTWdNQklBQQ=-w200-h112-p-df-rw,2025-09-07T18:35:43.179258
Israel destroys second high-rise as assault on Gaza City intensifies,https://news.google.com/read/CBMiWkFVX3lxTE9YV0FUeFZBRDBKNFRwdXk2a1YzYnIxdnVyenBJT2NNYjY0NFFqc0dweC11Vm8xcDdJYUgyUklCdVpqZEtDRkdfYzU5a1IzcUtvMlJXb21CSV9QUdIBX0FVX3lxTFBFVHFPemlHVGVYZ3Utc19VYmFCcHd0NFBmRUVKdzF3OFVZZDhhSjNoVkQ2RmF1SFBUcUVlTUNnOVFldkNRSkt6Q0ZYQmtWUEJwdUFVbmFVSmczLUU4Mmhj?hl=en-US&gl=US&ceid=US%3Aen,BBC,23 hours ago,📺 BBC,https://news.google.com/api/attachments/CC8iL0NnNXdSMEpyYlhsRFNsWTRZVEowVFJDZkF4ampCU2dLTWdrQmNJU2cwdUpFalFF=-w200-h112-p-df-rw,2025-09-07T18:35:43.179260
Russia launches largest aerial bombardment of Ukraine.,https://news.google.com/read/CBMiWkFVX3lxTE1kbUxuMGl1VFRKVURxY2Vad2lSY3VTRVBUdHNZVW1lWUozX3V0c1dMWGh6ekJ5R0VjS2paZXcxRFFCV003MGFQT1p4ZzRSeHFXdkZxajVobi1ydw?hl=en-US&gl=US&ceid=US%3Aen,BBC,2 hours ago,📺 BBC,https://news.google.com/api/attachments/CC8iJ0NnNW5ZelV4ZG10clExQm1Oa0pxVFJDb0FSaXNBaWdCTWdNQkVBRQ=-w200-h112-p-df-rw,2025-09-07T18:35:43.179262
Wake Up Dead Man review: The 'funniest and most playful' Knives Out mystery yet,https://news.google.com/read/CBMivgFBVV95cUxPck5KSTJSVzlkbHAxbEJ3RVgxU0FxalpKcERqakYwMXhfYWZfNDBJVGkzUERvLW1lTlp3OWwwRmRpaW9tUTN0TUQyR2pyRDd2OTdaSXlxaXBRNTJ6Z0M4cXNfQ1pvWVFWVVVzYXFYUDd4bjJDdzM0d21EaDVpOEVzMUpXNnJHQ1Jrc0J3MzlzWjh0NXZQMWJZclBBeFVKamlMc1JiQk5UWS1EYms5UmVtWURNQW1CZFFpZUEzTldR?hl=en-US&gl=US&ceid=US%3Aen,BBC,7 hours ago,📺 BBC,https://news.google.com/api/attachments/CC8iK0NnNUtaWFJUTW5Kek5Gb3RhWEUwVFJDT0FoamdBeWdLTWdZSmM1WXFLUWc=-w200-h112-p-df-rw,2025-09-07T18:35:43.179263
"Russia strikes Ukrainian government building for first time, in largest air attack of war",https://news.google.com/read/CBMiggFBVV95cUxOZ1dqVmFvRVVNcmZSNmRMeFlWZVJaTkRtM0J2eFhVaUVkZ29XSmJvRVFRMmVMRFVKTVJZcERXdVBGRGQyZzh3SHpKeHE0RGJyOXVORzZZaHBzUmNPNUctRDdiNUgzTnZnNHdjd0NjQTJoTGg3ekM3NkRzTW15YlVoV0Z3?hl=en-US&gl=US&ceid=US%3Aen,CNN,11 hours ago,📺 CNN,https://news.google.com/api/attachments/CC8iL0NnNUxhSFJ4TURkU1owY3pNM1V4VFJERUF4aW5CU2dLTWdrSlVJcW9KdWxNa1FF=-w200-h112-p-df-rw,2025-09-07T18:35:43.179265
"Rare deadly shark attack sparks ocean hunt in Sydney, Australia",https://news.google.com/read/CBMihAFBVV95cUxNdml2TlJNdnJSRnZNRThmN3NPT2Zpd3JINHBSS2hBNE5oN3k0Q1dCWktFZmUxTnVJMjZUVDg3TVd4N3FZVUppaEpMNHFWSXJQVGhzcjVCZ2xMYlU1TUt6UV9VQTJPN1pXNTUzaXRUQy0xa1l6ZF9HZnRFbmFlSVltSTZMVlc?hl=en-US&gl=US&ceid=US%3Aen,CNN,12 hours ago,📺 CNN,https://news.google.com/api/attachments/CC8iL0NnNVhhR05aTlVGM1JYZGtlVTlMVFJDZkF4amlCU2dLTWdrRmNKYUZxbWdsN1FF=-w200-h112-p-df-rw,2025-09-07T18:35:43.179267
Chicago braces for immigration enforcement as Trump heads to US Open men’s final - live updates | CNN Politics,https://news.google.com/read/CBMifkFVX3lxTE5CWl9tRDRHbTFvTzZFV0FQOW5WZ0pyMEZxWmpjQVBNNEJLcS12bkozaGtjdm8wbHhWaUF4R3VkVjl5anR1ZWJZU1E3cWUwaDJPNk5CX0diLVczU0ZGaEZOSkg2STdYNVdiN1JWUkpJNVdtc2VaQ0tNazBLZUFGQQ?hl=en-US&gl=US&ceid=US%3Aen,CNN,1 hour ago,📺 CNN,https://news.google.com/api/attachments/CC8iI0NnNW1XazlqUXpGUGVIYzJOWGRvVFJDZkF4ampCU2dLTWdB=-w200-h112-p-df-rw,2025-09-07T18:35:43.179269
Mexican Independence Day Parade marches on in Chicago despite ICE fears,https://news.google.com/read/CBMilAFBVV95cUxQQWY2VXJtR29sOWsyczkzdHBMNEZMRFZwdXprZ24zZjFYWVh4OUJ6eTAzeV9uN1JGd1puN0lpZmlmS1RMZnJHcFpmRUd4RGJXYmdrcXdLaVhKVXNVejd2VVNRNDVVU3gyVTJ1aUxqby1fSjF2NFE3TllOZ0QwTVdFaTBPREhxcm5NdjZXSXRxYjFBTG9o?hl=en-US&gl=US&ceid=US%3Aen,CNN,12 hours ago,📺 CNN,https://news.google.com/api/attachments/CC8iK0NnNUdTMlZwZEcxUmF6SlViMHRFVFJDTkFSajZBU2dLTWdZQk1JWUJ2d1E=-w200-h112-p-df-rw,2025-09-07T18:35:43.179270
Russia launched its largest aerial attack on Ukraine,https://news.google.com/read/CBMiiAFBVV95cUxObGZYY2lPSlQydXZ4MEk2cEtjT1pKeG4xSkRoRGt4Wk1BdjhudUstYkdCTnV4M29kWFdnMnNqYTJIekRwWmRWZDB3Tzk4NWRoTDBjSHlhN1RjWHhWenBYMVN6dDZ3Rl9neTROb25HSW5XdjBfWEVjMnNpV0JjdTBURnlsQ0g2VmRl?hl=en-US&gl=US&ceid=US%3Aen,CNN,3 hours ago,📺 CNN,https://news.google.com/api/attachments/CC8iK0NnNHdXbGh2VkRGaVJVcFpUa3h1VFJDZkF4ampCU2dLTWdhZGs1Q01OUVk=-w200-h112-p-df-rw,2025-09-07T18:35:43.179272
Shark attack kills Sydney surfer,https://news.google.com/read/CBMif0FVX3lxTE1MaDllM2dCUkZRd0hmeGtVckVSYXAxNm83YmlyZGdYeHRNYmVFVGcxMEtYVTRFcTlraDdwekh6YlBSbm1fRnhqcVMxTmhpLWIwMy16RnFJWHl4Ql9STWRYUUpMTXBVenBsbVlFWlFaZkFCRnFDLXAtbmE1VGNMajQ?hl=en-US&gl=US&ceid=US%3Aen,CNN,22 hours ago,📺 CNN,https://news.google.com/api/attachments/CC8iK0NnNXdVR1JqUTBkNGJXTnVURzQyVFJDZkF4ampCU2dLTWdhSkdZakdwZ1E=-w200-h112-p-df-rw,2025-09-07T18:35:43.179274
"Russia launches largest air attack on Ukraine, strikes government building for first time",https://news.google.com/read/CBMigAFBVV95cUxOeEdjSUU5YjlveFhGQlY5TGNZby10MlFUMjdvM3FNcFhSYlJ0Ym5fc0N1eDhRR3VzVDF6UmpLMGd6M2FVb1lnQTJFUXlRSUljTkVxaGhuWmR4aU9xZ3E2TnQ5cktaUW9YdDZ4WC1VYy1mdXphSW1MZVNVX0JHc1BPWg?hl=en-US&gl=US&ceid=US%3Aen,CNN,11 hours ago,📺 CNN,https://news.google.com/api/attachments/CC8iL0NnNUxhSFJ4TURkU1owY3pNM1V4VFJERUF4aW5CU2dLTWdrSlVJcW9KdWxNa1FF=-w200-h112-p-df-rw,2025-09-07T18:35:43.179276
CNN.com - Transcripts,https://news.google.com/read/CBMiTEFVX3lxTE5TbFlfOFAteWVhekY1NzZFcUs2QU1YR2dCMHJfSU9abzAtMDJibmlxVjlLNmVJOFBPMXNyS3U4R2V0enUtUnJsMy0zUmg?hl=en-US&gl=US&ceid=US%3Aen,CNN,"Jul 23, 2021",📺 CNN,"https://encrypted-tbn2.gstatic.com/faviconV2?url=https://transcripts.cnn.com&client=NEWS_360&size=96&type=FAVICON&fallback_opts=TYPE,SIZE,URL",2025-09-07T18:35:43.179277
Analyst: Botched SEALs mission not 'a comedy for Kim Jong Un',https://news.google.com/read/CBMiswFBVV95cUxNTEthdG5VWDhYRkNiS0xCWnlUMVduRHRqOG9GSHEyTWM0N3I4X0dnVXViaXNOYkZJeHdYNkhlcmhFX1RWZFZTN0tsbjc3UjFpSmd3WHhLT2VhNHNLQmd3SEdFRmJsT2plam1rdmlrZFBGZVIwUmhtVWV1R0dtajItYmltdWJsN1V1cTMwc1pRWG5NLThMbWxIbTFEV0lUTFFfaVJtWURleDFqVHZOb3I0T0t4TQ?hl=en-US&gl=US&ceid=US%3Aen,CNN,22 hours ago,📺 CNN,https://news.google.com/api/attachments/CC8iK0NnNTNOWFZHTm5GV00zUmlVbGh6VFJERUF4aW1CU2dLTWdZVlJKUnBIUWs=-w200-h112-p-df-rw,2025-09-07T18:35:43.179279
That 1990s Tech Brand? Its New Gig Is in Battlefield Data,https://news.google.com/read/CBMihANBVV95cUxQWlBJeGdnVldGY3VyTDlkMEFaaWg4VFQtNFJFNHg4dnRpdWJRckR1cU1tZkxQaXU4VDQ2UTN6bjY0UVJPNzVfMEhZWXoxOFJxWlNzeW9ySDR3MDNpdXZ5SmZiT042UjliV0wwb3hKV0k2cF9lNFRpMDU1ZDRZTEd2aWxGeGZ6Vm5GWVRaS3Bub29hQVZENkxzSHlMdlBDZ2VTcXQyR3hhWjk1ZUJiNVNXZ2lIZzE3TUxhR013UldIX19xYWpubmh5dkl2dlItXzlSNUZra0N1dXg0M3RkUHphQjNCR3ZhOHd5d01Ca21WNHVFWUZvZXFRcjlobldveFZPdlBUNTA3Rkxhb0pBeEFHU1J6OTdxTUJaLUJkaDF6STBHdFp3Y3R0NXkwUGpVTW82NUNfZ2xtbWVjb3Y3blNybjZBZFBIZWhZWlQxUlNLa0plUFVCWXZ0ZVFwTHVBNTY3WlVBeGViMkFxd3NGVWtTbFBiWlh1NXBTbTZPejhpUERmT0Q2?hl=en-US&gl=US&ceid=US%3Aen,The Wall Street Journal,6 hours ago,📺 Wall Street Journal,https://news.google.com/api/attachments/CC8iI0NnNTZUVVIyV0hsSmFrNTZXVE5wVFJEckJCanZBeWdLTWdB=-w200-h112-p-df-rw,2025-09-07T18:35:43.179281
OPEC+ to Boost Oil Output Further Despite Supply Glut Concerns,https://news.google.com/read/CBMitANBVV95cUxNMzlkWGhtcUJ6eEhLZE1LWU9uR0ZqazFsM2RiYXVvMHFWTUhrN19VcEJnME1ETEpXVklteVh3R0dlb05Yb2hDOVZKWFdUMUc5bWM0cHQxLVVvQTlTV2hKcUdUUjRzSzUwSVVVS3paM2RNQmUyYXgycG44N21EaDdOQTVhZzdsN0tDV2lvNDRCVFF6cmtoUnpIUWhBNGxSVEpia0xaNndtOUN2bGFQY25RcFVZOGhRdVBQVHBpamplWThCTVJEOUdRSmxOYTVyNjJsWDRmS1NPZHYyV0xyWHBsbHhrcUd6Y3lkX3pHN2k4VllmeHY1NHg0d2x2N1ZYcnhrZnRfWWRjb1VPTmNYZ0N4Y1lDU2lYQ3VHNV9MOGl1d3BWSXM3OXRISXcxd2duRFdzd3IzdEdwYnZNQWthVFg0TTdobHZRazV2OWdESWpvd3YwSWNCWFp3RkJPRERRa1Y1b2NFckN4MF9wLVVScy1Rd29mU1BZUTBlRzFDTkFrTEpGV1hiTlg0SjBsSkpBN0t2QUxxc3g1bnJVZDdjUERsVlVXdzdja2psZE1qZklRbTc0M2Rz?hl=en-US&gl=US&ceid=US%3Aen,The Wall Street Journal,4 hours ago,📺 Wall Street Journal,https://news.google.com/api/attachments/CC8iI0NnNU1hMFJUVjFoRWQwSTRRMHRMVFJDS0F4aThCU2dLTWdB=-w200-h112-p-df-rw,2025-09-07T18:35:43.179283
Will AI Choke Off the Supply of Knowledge?,https://news.google.com/read/CBMiigNBVV95cUxOOFprY0pjcktwVWxRc3A1SXhhXzlUNlhEQ2M3dGlnQW1XdW9xMjZKaGp1OG82Sks0bER0Y0dlQWJicFVrcHZjaERMVUJ0ZDhBZjhleWI3NmRnc01uVjUxOXVxc25OSlJKT1NsVkdoZkhpSlVFY3p4dllTVEkwdTRTZ2lQaDNzbjJ2OEZ0RUZiSWt6Znl2RU9HaUNTTHNZQjBRV2F4TURMOXRET05ITmxXMWZ0VTExTFJrRVpkZWxBY0ZmZ3I3STNWb25nSWpfYThfV2JmM3BYS0tNdjM2anNNMlF2cnBLMzFvNWpOd1JTVmRxeVdkTWFxeWN4RVR1TzMxbVBKVVAzNXM2Mk1FNHdGbWNNQjNnMlJQN281WVJHSHFBMUZiLTZPZ2wtcWMwWlBIV2g0U0hQUkYtMmhpeXA3Y2JEWXpQN01mTWZuZjAxVktGa1ZVMnpQWG43cmlTdW53MEhtNURaRFJtQnZHakozVURrLUNNV1NNRFNYaF9mbkJOOTB2MEVCYnZB?hl=en-US&gl=US&ceid=US%3Aen,The Wall Street Journal,9 hours ago,📺 Wall Street Journal,https://news.google.com/api/attachments/CC8iK0NnNHlWbnBsTVY5WloycDBOUzFrVFJERUF4aW5CU2dLTWdZWmM0NkxMUVk=-w200-h112-p-df-rw,2025-09-07T18:35:43.179285
Stock Funds Continue to Score,https://news.google.com/read/CBMi_wJBVV95cUxNME8wZmR2RFJtYjhQUGdPbkJMVERNSkRmb2FER2duOW92X0Y5NVB1dnFPa1RJdTA3MVZ6QURWUjhUWEF6N1g1T0JWd2hlR0F5alJScDRCWU5OY0RnQjJUbC1nejFwazVhc1otNFp5dEt2MlIxMTVlclp1UnJJM04wRGpmQmREMm9ENkFLeFQ5TWxMMUgtZnJTbDFBZGlQTnB0WlBnRjc5UTVBYkFPYVk1cm90U2lpd2YyRDh1SVJlU25udnpERzl5N0R1dWItZC0wQmJua0JYLTdFSjg1bUhLdUtpeDB6YkVzWEtneGVGYkhOU0ZLUF83MFE2eU1FaUdmMUJtQUVkWXlRaGFxc3h5RlJ5SmlMc1AwbURSZzZqcS1veU01MHZJXzZUM21VQ0t4YTFjdWo3a0FHOWtvSXc1Qm44MGVEakc3WmNhVkZpeXNkdFRRTmRnYTZrcnVEeXZlRmxuMFpYSTRIVVlSRjNnVnpjdjBLdE5aNWNpTTg5VQ?hl=en-US&gl=US&ceid=US%3Aen,The Wall Street Journal,4 hours ago,📺 Wall Street Journal,https://news.google.com/api/attachments/CC8iI0NnNTFTRkZoWTNGcE0wSldhMDgyVFJERUF4aW5CU2dLTWdB=-w200-h112-p-df-rw,2025-09-07T18:35:43.179286
The EU’s Trade Truce With the U.S. Is in Danger of Unraveling,https://news.google.com/read/CBMiqgNBVV95cUxPMC11WVBRMFlMWGgtaHZsbHlfS3JpYzQ5Mldrem9VNlgxbnJSaHZ1NkhzdmZrM24xWklFcU5VU01oUWp3bXlZYnhlMmNzVVU4WlczVDFKd0M3clIzOHItLXRuWWRQSFVSX3VldWZDTWEwUGx5X09yaThFWTlFaV92a2h5R3pGT0ZxNVVuM2tXbW9YS1Q3V004VUNVdHkxX2Z5QWtES0s1eVBiOERFZDhjMEl6LTY2QWoyVkVkRnhMUm1KejM5MTdZOW9lb1RzZVozTU5JM0lMeVZnMG9IWUY4SHRCQS1hd3FZSS1fS2I5Sks0MWw0UjV2T3BTR1RIenk5a181d3Z4Qi0talZhRGhUeWYtWGwwYmNZSnFwUWgzQzIzelJENWZLcGFqN1FoR2tKQ0FtaFRWV3ZTN3Nna3hUMU1oSGgyRDNoRE8xTW96U205T18yTUh1VEhHbXRORjI2NXQ1QjlxQk9uVDd2VENGdF82eXowUkhLdlFFdG1ZZVlDMDB2MnZLZnhCcEdsR3RyNHVjN0tyRnFCSDNWdmhUdUpvdzdubWtKMUE?hl=en-US&gl=US&ceid=US%3Aen,The Wall Street Journal,15 hours ago,📺 Wall Street Journal,https://news.google.com/api/attachments/CC8iL0NnNXBXRFF0UlU1c1QwWklPVGRZVFJEVEF4aVJCU2dLTWdrQm9JemlOdVpMY1FF=-w200-h112-p-df-rw,2025-09-07T18:35:43.179288
Exclusive | Chinese Hackers Pretended to Be a Top U.S. Lawmaker During Trade Talks,https://news.google.com/read/CBMiiANBVV95cUxPRU5KdXV0akZUdWd4S0RFUG1hNHBQSko4SFU0clZ2TFZBNXBlQ1RNZkdXaHdzc25ZTlowWTcwQ1NIendUVXhfQlpvb1IxTUtXS2JhQTdmU2pnbG5scmwtLXQyOWVGXzlQN091bExFbm1aUFdMb0V3bFR1Q2E4M3ROMzY4SWtqUVhRZlc2WUcxRkN2Q18xSGJoZzJIcXo4NGsxV3NTU2g1N0ZwS3NEWjYxdEZSZEV2NzRQcENOTlVKME1hYlZ4TURuNmxZUkV4TUNtbU9Xa2k5Ymp6QTdjRXNLaENfa0VfY05nWmlrSDd4N1NMUUFWaTVCZ3V2bDFMR01nRGZUTGNBM1UyWWx6Yzk4MTJFVVBDUndvYURWRjZSck44a29GZXNZeXYtZEIzVW5ReWc5WTluT084aWh3R3U5c0FLbE1wRXVreVMzeDlUU2xNT0kyOERmQTlvOVN5NkxrTFdrRFNmTVlmbVJQOWhpOFlBaDB1UUgxOXFmaTZ1WDJ4bks5Tms4eQ?hl=en-US&gl=US&ceid=US%3Aen,The Wall Street Journal,3 hours ago,📺 Wall Street Journal,https://news.google.com/api/attachments/CC8iI0NnNWtORWsxVFhGc1JIZzFPR2hpVFJERUF4aW5CU2dLTWdB=-w200-h112-p-df-rw,2025-09-07T18:35:43.179290
To EV or Not to EV,https://news.google.com/read/CBMi5wJBVV95cUxOYXJ5ZGZTYkNZR05aZVVsRVd0MGVyeGtEaXVsSFdGQUc2SjdTRW9PeUxIYWt1blVDc1N0Q1pVTTFMOVl2ZFNMX3B6a2pGQ3dwbVl2T2hQM0dvMFVvRHE4WmN6cHlJUWRqa0N3eng0MFVBN2hGNlRtQ21oY0NjQTRsRHMtRTJTYUI3SjYwUklBakpUa3hhMHRTWEtzMHRmeTdDR2Vrbmhpb01FV3FKSzBRbzlWM0kyd21odUZfNEdUcjlRMjB3a3ZTak1jMlk1UloyTi1sd1JBdHAzejJpS1Z1eXVTZEVsR3NHb2tXTE8zaG9IeFdsZTZPbHU2Y2ZZQzQzRVhmeVN6YXpRWlVlVzhpelBmaktqNWZGWFk3S2pkakhTN3F4Z2dIU0o1c1hGVFBPc1BKdGpYbVRCbzZqY0ItN3JBNWJjQTV5NnR2TVg1LXhVZ0FmTHhZU0hsck9HcHpESk9wNTVrdw?hl=en-US&gl=US&ceid=US%3Aen,The Wall Street Journal,4 hours ago,📺 Wall Street Journal,https://news.google.com/api/attachments/CC8iK0NnNWhiMkZQVkZKZmVDMTJZMEY2VFJERUF4aW1CU2dLTWdZQjRvWkFTUVE=-w200-h112-p-df-rw,2025-09-07T18:35:43.179291
This Is the World’s Biggest Animal Migration—and Few Outsiders Have Seen It,https://news.google.com/read/CBMikgNBVV95cUxNbXJ3TGhHeS1weUhrOWlzbWdLNkZrMlZrbnRGV3ZWWVAybW9zWlN6MjVxT2FtSGs3SlJiekc4dmVlWHExOXEwWXVSbjlRUW1rN3FtYy1NZ2xrTVB5OUxuOU1pYkpwa092eTh1YVNaUDl1QzZBWkUyQkNabmkyMEg2TUVYSnVrbmpwSUtDbEhMUlg1Ri1JdkRaRmQ3NnZJRVBjQmdIMjdiVDJ5QTkyWk1mNEFVdUxaSHdJV2JBb2JOaXdGNzQzYkdyZzRRWW00TWYtSm5QRVpwaWl6V0MzTUItbUFYcGc2VUkzb3c1V3R5dFRiTXY2QTFvU0FLeTRXeGM1WU9jMzh6WmhCY3NGWWcyRHVUWk9Vck1hOWtHekRNbnYzSHJNZ2ZWTkJETDRwM0RiSk9iQ2Jia09OUVVKdnh4U21QMHppVXZlV0E3ZnRZWWg0eGRKVWV6ZmdmMjVlMmVzcloxbU1lYzJQZmVuY0dJS2JmY2E1QkJ0dEMtcE9ZUEFkSGM3ZnhidExfUjJpNFFOeFE?hl=en-US&gl=US&ceid=US%3Aen,The Wall Street Journal,17 hours ago,📺 Wall Street Journal,https://news.google.com/api/attachments/CC8iJ0NnNVhaMmgyVGtKV2RuRXpMVXRNVFJDU0F4ajdCU2dLTWdNSktnYw=-w200-h112-p-df-rw,2025-09-07T18:35:43.179313
"Russia Strikes Ukraine With Massive Air Attack, Killing Two",https://news.google.com/read/CBMirgFBVV95cUxQbnBtS2dZVHp2c3Nrdm5jeXRXUEJ1UC1Qal9kOEZVYl96c1lRa2lUNVF4a2JWa2x4Z0xsclRlODFVWkhZY0hlYzlSVmVUaG5LaHdSTW9JUmZiNHpzNFpJU09QMW5KT1pZSTAyLVlTaW9WTUZfWG1qTlRYT3NCZ0l0OE5MYzNFWk5zTXJXWUN0X2pxc2xRdTNVSDFxWnlBaVdMaTdrVUUwYjhVRFd3RGc?hl=en-US&gl=US&ceid=US%3Aen,Bloomberg,2 hours ago,📺 Bloomberg,https://news.google.com/api/attachments/CC8iL0NnNDJhemxqWmw5UGNWbDJiMjFaVFJESkF4aWZCU2dLTWdrWmM0QUtycWRFUEFB=-w200-h112-p-df-rw,2025-09-07T18:35:43.179315
OPEC+ Agrees in Principle to Increase Production in October,https://news.google.com/read/CBMiygFBVV95cUxQY2hZWUtpZUZmTEpwQTE3a0pzMUE2SjltXzNhTkMyTmt2WGxRZ3RaR3BvSkptdno5eFdIMFdiYTgtWDdMR0VRWFJPMmczU01FdlNmSUdRakZwNDFoQ0dCRl9ZbDJjR0JFRm9NTUM4NzdqMTB6Rlh5dmdxZmRQZGtZV2prNkRLOUFGSU1fQW9Vby1IUk5JdVl5STY2dmhaT1RXU2lnc29laV96ZEx6bUlsVWdpR0Y4UVZVVjVmeDNtNzNYQlpOMmt5TW93?hl=en-US&gl=US&ceid=US%3Aen,Bloomberg,23 hours ago,📺 Bloomberg,https://news.google.com/api/attachments/CC8iK0NnNTZYMVZHYlUxYVpIVnhSek5yVFJERUF4aW1CU2dLTWdZQkFJeEpHQWc=-w200-h112-p-df-rw,2025-09-07T18:35:43.179316
"Ron Miller, Author at TechCrunch | Page 40 of 114",https://news.google.com/read/CBMimgJBVV95cUxNUnFkcGwxVExmZlVYUVVqZkpXOWt3VmJFVWJpb1pkQWxOTlBvRklDWFZlZURySkxkdWdmQUVjd2kxb1FLVWhLTXI2am5ZaDNrb1BXaTItSkZvRGQ0Nm9qLUVnMGNDdVdiaEp1SU9FcGVGTHJZbkFtTXNqWTdCYllBenNmSHBueUNkclpMX1JDWVJhNUF5SUJnalNWU2syU1JEQUdtTzV6UzM0MnZ6cnE0XzZ0Qmx4T2VaVUNpZDNFSy02eDREOWJyVFpuSHMzb2NVNDdOSjZSakFJWnYwcHNoeGJFWGVVTHd2ZndUM0V0TTRqU3N4YXM3ZW1uQzgxTlFZRk5HUU1PTHhGN0dKeGJXcVE5SGt4VU5ianc?hl=en-US&gl=US&ceid=US%3Aen,TechCrunch,7 hours ago,💻 TechCrunch,"https://encrypted-tbn1.gstatic.com/faviconV2?url=https://techcrunch.com&client=NEWS_360&size=96&type=FAVICON&fallback_opts=TYPE,SIZE,URL",2025-09-07T18:35:43.179318
"John Biggs, Author at TechCrunch | Page 42 of 401",https://news.google.com/read/CBMiogJBVV95cUxQUkVlbW4xOVlqdTNPa25yS0MycnctWWpHVE93S0FWTEVOM3JPUFNRaTd5LUFlQ2ZURXhwbnFxWGpfUGVYUkIyQW1xcVhadTVtQlAwX3FweDdfVWVlaFhLZXpLUWFCbkFZOWFJVFpPTk55Y1psR3F1U01FVnpPQU1yb3ZQc2c1MjU0NW51am1oVXF1bjBnSDFMUDFGYzlvMXh4UXdzdzkweFY5aFBwZHc2OHdMUE5YY0VSeWlvb3RBXzExTkpuc21aWEx4MWVGTE56TGV2V0l2Tjg4TlpzRWF2OWpuSmNwaDJHaWZrYmJsS2pGTG43NzhWekJFUC1Zdm9KUS1LU2xoVHlnMVVtNDZQT05iQzduMV9UNGlqUU55NkRLZw?hl=en-US&gl=US&ceid=US%3Aen,TechCrunch,18 hours ago,💻 TechCrunch,"https://encrypted-tbn1.gstatic.com/faviconV2?url=https://techcrunch.com&client=NEWS_360&size=96&type=FAVICON&fallback_opts=TYPE,SIZE,URL",2025-09-07T18:35:43.179320
"Devin Coldewey, Author at TechCrunch | Page 50 of 312",https://news.google.com/read/CBMiogJBVV95cUxOYnViYWpsdDZQSl9fOWg3UjNYaHZfdGV5TUlxemtCaVJ0Rkd2WHBBRTY5ZWhJdjNYczVYM3Nqb0tzbEpscWhBZjFvNDBoS3JEd1M2a3Y4czA0VlFmZHd2R19HdlJYdEw1UF85SkQ0a0tGRUZnY1JZOHJ6b2xWYWhHdG9sdWI5YjNDTmlRUHkta0d4elhlUFRFVlUtR3B5cldqNzZmWm9yYVl1SlY0bWlNN093NFhoRFlzckNsQUxLVDBEMWQwYTFJLUc2WjVDRWJfR29VMGVuc0VfdjRrRC1RUWMwbjQ3bmdCT044VjhWcXJjT291OTlEX01zbVlJMW5KWkVhM2xfS0pLdzBBYzVzUl80VHJiOEV0dm10cjJMN1E5dw?hl=en-US&gl=US&ceid=US%3Aen,TechCrunch,5 hours ago,💻 TechCrunch,"https://encrypted-tbn1.gstatic.com/faviconV2?url=https://techcrunch.com&client=NEWS_360&size=96&type=FAVICON&fallback_opts=TYPE,SIZE,URL",2025-09-07T18:35:43.179322
Latest from Sean O'Kane,https://news.google.com/read/CBMingJBVV95cUxPa2w5dTd4LVU4czUxY0REdW45YTVna2dVai1hY3hzMGJKRWtvblhOV2UyZF8tRktTOEg5dTh5N1JZdHlMUjh2OHRFdFBRRTdlV1RWeUFwc2swLWVrR282bkkteFJsNXBCZHpkdlRwR2hCQkV6eEdCNG5KOUdjV3NxLVpGeHRWOFltN1p0OWRnTV9NbU4ybm5valF1d0NOa0lRWGJ6OVh6V3Y2TkZZdDNaNVZXVTFrS041N0JZckZUQUVKRzN5SDJIMWZfYUNweE8wdm93enRySlQ2cW5mbXYwMjdybEM3Nmp3NUIxN2tVcmhKVHBxZnNGN2hZVEFlWnZzZEttQ1h2LVotdXFHcHhLbUtHZzZPOS04S1ZqUWxB?hl=en-US&gl=US&ceid=US%3Aen,TechCrunch,18 hours ago,💻 TechCrunch,"https://encrypted-tbn1.gstatic.com/faviconV2?url=https://techcrunch.com&client=NEWS_360&size=96&type=FAVICON&fallback_opts=TYPE,SIZE,URL",2025-09-07T18:35:43.179324
Volkswagen rounds out new lineup of affordable EVs with ID. Cross concept,https://news.google.com/read/CBMirgFBVV95cUxNbmQ2eVg4T3Z6cVZGUVZUWHBycDBsV3EwSUwzdTdrV2hyOFF1R3hFellWZWxfcTJOaWt1OUFsbGl5SzIwOWtXWm13cF9kYnhnRC1YUHVpSlo0aHBHYk51UGs3LVFJZ1RRckh5NWRWdGhrZ085NW1uNEN0ZEQ4REpCb1Vib2hwaDFFTkt5VTZTaXFBZ2dmcnlMRzNoVDZGVWc0bXhyMG54R3VzdWY1bFE?hl=en-US&gl=US&ceid=US%3Aen,The Verge,3 hours ago,💻 The Verge,https://news.google.com/api/attachments/CC8iK0NnNU5hVEZqVG5wSGIzbFNSMWh2VFJERUF4aW1CU2dLTWdZQk1ZZ3NNUVU=-w200-h112-p-df-rw,2025-09-07T18:35:43.179325
Wake Up Dead Man adds a delightfully dark twist to Knives Out,https://news.google.com/read/CBMilAFBVV95cUxPenRvOHhpZXRYbHUyb3lfbWx6QmlhVDROT1hNNzZGdk9Zd0VQM21qUVR5OVd4NFdDNjBORkFvWGxFTVNNc0xPX2tZYmFMd0tsVnB2Q3NaUlE2SGw5S3RpTG1wSnBZbWNpaE9Bc29uTFNLRzlrZDd5UE44SmhoUGJGZFBKNngyTWdtY1Z1NUFZQ19SNlNi?hl=en-US&gl=US&ceid=US%3Aen,The Verge,5 hours ago,💻 The Verge,https://news.google.com/api/attachments/CC8iI0NnNTZhVXhDTUVGaE9HZEVNa2xqVFJERUF4aW1CU2dLTWdB=-w200-h112-p-df-rw,2025-09-07T18:35:43.179327
"Computer chips, with a side of forever chemicals",https://news.google.com/read/CBMikgFBVV95cUxPWF9Ydkp0ZDFMVFV0RFM3dTBYR2dTeE9EUTZCX3piR0p1SUo2MWhKRnFlU3ZxM1JhV3YxM3FmU29uUnA3ZldXR2k5WnhEUVh1b0ctU1ppbUVGUnJjb0tnamQwUlZZczJ2bmVsZ2Z5STlFWnlXVnFtM096dGEyQ0xEYzhmRnBGZkx3ZWtSLVZpS0hydw?hl=en-US&gl=US&ceid=US%3Aen,The Verge,6 hours ago,💻 The Verge,https://news.google.com/api/attachments/CC8iJ0NnNHdlRFJ5VFUxNWFEVTVjbE5XVFJEQ0F4aXBCU2dLTWdPbE5Cbw=-w200-h112-p-df-rw,2025-09-07T18:35:43.179329
"TIFF 2025: Frankenstein, Knives Out 3, and all the biggest movies from Toronto",https://news.google.com/read/CBMilAFBVV95cUxPWm5QcllrRXhGYmp1ZzU0QUNzRHNDWVd4TlUxSk9fNXZfWFdVNl8xOC0tenEyTGdpMWxLME1jdEtVeFlFZXViNjJDWUNyVUFBLWdNNjNKbUFwSk1UaXE3OXNmcm1abmNFNE9qdklMeGZFOWdpQmRUV1pkYzdjUW1JOXdIV2JnX3hOMlBlNHA4VkVJX2gt?hl=en-US&gl=US&ceid=US%3Aen,The Verge,3 hours ago,💻 The Verge,https://news.google.com/api/attachments/CC8iL0NnNTFhVmRSU0hKbWR6VmhhRFZaVFJDUEF4aUFCaWdLTWdrdEFvb1NqZWx6U1FJ=-w200-h112-p-df-rw,2025-09-07T18:35:43.179330
GM slows EV production as tax credit nears expiration,https://news.google.com/read/CBMieEFVX3lxTE1YRXVlb1M3MHNBZEFnM2l0YnZNamx6Mms1Z2lyTGUwVUZiR01pX013ZnkxUGxNblFJR2lUeGxEYUtOTm51RTc2MldJUlN2YnVXTGhYQVZYanhTVHJVdjhfYUxpZENac3hhWFV0NFhSOVNReVpSNENLNg?hl=en-US&gl=US&ceid=US%3Aen,The Verge,1 hour ago,💻 The Verge,https://news.google.com/api/attachments/CC8iK0NnNU1iMTl2YURsclFXZHFhV05OVFJERUF4aW1CU2dLTWdZQmhJN091UVk=-w200-h112-p-df-rw,2025-09-07T18:35:43.179332
A really cheap way to get really smart lights,https://news.google.com/read/CBMiuwFBVV95cUxNdFN2V0lRSlFVeHV1Yk1OOHZrWDUxa2tYeUpDckVBNkxLWElBNjJicFlpRW1hZlVsWXFya04zU1N4ZU5UZ1FFc3JhVW5OYVNOanl6eDE0dFpyeVRzY0RKNWtUYUNnZ3FfM2ZVZXVWSU1pZndoRHM1NzBvYldtOElTbVY0SzBDSzVRQjMzdGxjMnF5dUstbzQ2X0ZiclJOem1lM2wydVhtRTByODhSNzdmSXI3TFdzNzd0b0s4?hl=en-US&gl=US&ceid=US%3Aen,The Verge,6 hours ago,💻 The Verge,https://news.google.com/api/attachments/CC8iI0NnNVdVVUkwTlV4Vk4yVkRSR2hmVFJER0F4aWpCU2dLTWdB=-w200-h112-p-df-rw,2025-09-07T18:35:43.179334
A bored design engineer turned his MacBook screen hinge into a theremin.,https://news.google.com/read/CBMirAFBVV95cUxOT29FOVEzVlEwdFBuLXhaWWtKSTRPRXNXN0RQYmoyaHRNNFFVaUg0Z0ZScUR1WWd2LUhGa3RocDNxaGdxblV5Yk0yb3g2OThlWTd3czlONEZpeUEybXhFUWtjNmZxa1J4VFFVTE0tbFI4aURaczZ2Zk5tdWQwUVFESkdIWjQ4MEZFbWp6ZWNDWlVLSkNucE1kTFB1cTl1UTdHZVBQRjdaeXM5NXc1?hl=en-US&gl=US&ceid=US%3Aen,The Verge,3 hours ago,💻 The Verge,"https://encrypted-tbn2.gstatic.com/faviconV2?url=https://www.theverge.com&client=NEWS_360&size=96&type=FAVICON&fallback_opts=TYPE,SIZE,URL",2025-09-07T18:35:43.179335
Scott Hanson explains the new ads on NFL RedZone.,https://news.google.com/read/CBMijgFBVV95cUxNNXpPNGNJNURBNFdpQi1iS21tN0oxblJJRXV1eDJnMlBJdHZXeWtiTmRPaHVqN3YwUzlweFh3VHQxMERaSXRoMVBWSFVIN0Y3Tzk1clNtMURkVXR2b2hld2dLbERfazU0R0lxb2JwclhfZnVBaWhTMEZ0YjZNWnpTWXU5NGZsN3QxQXFydHh3?hl=en-US&gl=US&ceid=US%3Aen,The Verge,23 hours ago,💻 The Verge,"https://encrypted-tbn2.gstatic.com/faviconV2?url=https://www.theverge.com&client=NEWS_360&size=96&type=FAVICON&fallback_opts=TYPE,SIZE,URL",2025-09-07T18:35:43.179337
Red Sea cable cuts have affected internet connections in several countries.,https://news.google.com/read/CBMisAFBVV95cUxPc05qcUR1UG5fSUVBZzJ1aUVjanZKTlI4ODlCcVhidjhpSHZEZDROUmY5RWx0NWstREhwNkxycEpJalRXdkx1LVVST04wUjFBQ3h5c1QzaEFRSlZwVF9za01VMDRNRkItTTVfc1pRTW5yOXAycDh2anlvaENnbGRDUWxjdW9ZOWFuZU04RWVXQWhrS3RmMVZxdjNUdzNIX2lvZmo5N2t5SlZnRmkxeTlEOQ?hl=en-US&gl=US&ceid=US%3Aen,The Verge,18 hours ago,💻 The Verge,https://news.google.com/api/attachments/CC8iK0NnNVJNVlY2TmtKWk0yVlpRV1ZEVFJDcUJCaXFCQ2dLTWdhVkVZb3ZHUW8=-w200-h112-p-df-rw,2025-09-07T18:35:43.179339
Lauren Feiner Profile and Activity,https://news.google.com/read/CBMiWkFVX3lxTE50T2hCeGpuSUI5MlhVWmRqeC1UT1ZzeV9kaG9nRzU3Z2poVHUzU1c3Vklla2poc1NRRXdGTVc4U3ZGNEUxMXV1bC1tNUphb05mZzBvcnQ2Tk1BQQ?hl=en-US&gl=US&ceid=US%3Aen,The Verge,"Feb 1, 2024",💻 The Verge,https://news.google.com/api/attachments/CC8iK0NnNU5jRTVaV20xVlYwSkxhMHRUVFJDQUJCaUFCQ2dLTWdhbFZKU3RwUWM=-w200-h112-p-df-rw,2025-09-07T18:35:43.179341
Delivery By Drone,https://news.google.com/read/CBMiTkFVX3lxTE9wamxnSWRPN0Z1SktHUmdPU2VvSkhaelRSSnlHOWFoRHRLT2VJN1AweVlTMFVxbzlpNkI0eXBHWnY5SlRJbWZfRllwM1Bwdw?hl=en-US&gl=US&ceid=US%3Aen,DroneXL.co,"Jan 14, 2022",🚁 DroneXL,https://news.google.com/api/attachments/CC8iK0NnNWtVMDg0Y1hKQ1h6WlZWMUp6VFJDd0F4akdCU2dLTWdhbHBaVE5OUWM=-w200-h112-p-df-rw,2025-09-07T18:35:43.179342
U.S. Government,https://news.google.com/read/CBMiSEFVX3lxTE5LeG8yM0xRTmVqbDdIY3FyQVlnSFVKdUZvZDUzQkZCMGYwQUVBd0JTMS1acTBwcDRIbnItYXZxR1Q1SDQzaWpuXw?hl=en-US&gl=US&ceid=US%3Aen,DroneXL.co,"Jan 14, 2022",🚁 DroneXL,https://news.google.com/api/attachments/CC8iK0NnNDBZVTUzTjBOMldHaElhMTgwVFJDZkF4ampCU2dLTWdZQllZYTJTQVE=-w200-h112-p-df-rw,2025-09-07T18:35:43.179344
"LIVE: Israel flattens Gaza City high rise, kills 46 across Strip",https://news.google.com/read/CBMiswFBVV95cUxONTJPWDBtREpxUnd6cEdXUkVGd3g4WEVnRlgwbmN1QjItZEktMVoxRy15OWx2Tnk4czV0eTRUQlRDVGVQQzZZcVZ5a0N6VmxJTEJFakM2RnA1ZDRoQVFYd3lDWTNCckN6M1Z3VXFsb3hiRC1wckJqbkN5X0hmYnpGeWxzMFVNcFlNWjByRm94RHhkTUxadjVxaDZWYmNsR3NUMlVpV2dFM2N2dVczUEdGYzdKVdIBuAFBVV95cUxOcEtUS0g3OXozUWRmTmwzN0pKd0VlMUFSQVhjclVVM0FWaW44clA1Ym10SUlNZVJ6SnFFaEk1WW9lWENWRDNGWXVRLVJxS0hxLXpDNklwcmR0RU1BZG8wSVlocUlKaUw5YTdiWjlVSGRKaXhHcC10bUV0UXFoYks0cDVEVGVrT092UmlHRTdRdUM0V1RoVUVmXzRYSWZlTGZ2b2xuV01DRmt6MEVKLUFWRzA2Vm5vR1JP?hl=en-US&gl=US&ceid=US%3Aen,Al Jazeera,1 hour ago,🇵🇸 Gaza Drones,https://news.google.com/api/attachments/CC8iK0NnNVhOelZXWmtwQlFsUjVSRkUwVFJEZ0F4aUFCU2dLTWdZUmNZenpNQVk=-w200-h112-p-df-rw,2025-09-07T18:35:43.179346
Iraq and Syria move to revive Kirkuk–Baniyas oil pipeline - Shafaq News,https://news.google.com/read/CBMikAFBVV95cUxOMVIyWFdLVGtFSjMtdVhKcGZNbmQ2U3ozbHVZWHRBdU5aeEZsdUR0dS1xWkJFdFhsemI3TlFfa181VXNMamRsdUJ0VlpTTjg0S012eXhaUGVxOXhmRlExSHBDSXR5dy1iUlZfSWNVYS1lY3VuZkc0aGtJRjJZVjZxcF9CT043b3lJcnRGaXd2anDSAZYBQVVfeXFMTXFzcHZ4YWJEUFB6SGN3aGZBUFVRUFE3bVl4QTRLTFBmS2d2QnNsbXhXWGttamQyYWh5bHhIUlFOdldoUXgwRXRoUlN5SldiVFBRUXRqOEZXS3E0WDNBYzNSWlRsUTlYSkpyMEEwRHpJbHg5dHEzM1A2RGFLUUVVWC1kOW8xajY2LUJaaV9mRGx2MlUwVUZB?hl=en-US&gl=US&ceid=US%3Aen,شفق نيوز,4 hours ago,🇸🇾 Syria Drones,https://news.google.com/api/attachments/CC8iK0NnNUVkRVpTT0VaVWVEQnNabGxvVFJDM0FoalhCQ2dLTWdZQjhJYjBUQVU=-w200-h112-p-df-rw,2025-09-07T18:35:43.179347
"Exclusive—Rep. Joe Wilson: Assad’s Fall a ‘Berlin Wall Moment,’ Calls on Congress to Repeal Caesar Act",https://news.google.com/read/CBMi2wFBVV95cUxNNTJyS1FEa3Z3Y1hMaFZmdERvTThZWjFRejY5NGU0eGg3cVdNNWJxWTR0c3RoeEYtdnU4engwR1FBZG9vSHlROEk4S0VnZWEzVVVyT19pQk1TR3dXbmltS0VGLS1yT01fbnpTZUloVXk1QlpuWEI4a292WnU2NFJWSlphNXVUYURvcmltRjhGSU5xbWNDRDRFSUh1RDktXy0xOEFnV1Mtc3N5TmtXSHE5aHNVQW9wQ1FpVHRIMGVmZkdSNVUtamxvMU9vVkxrZDlvN0ZfeU1MeDZaTzTSAeABQVVfeXFMTWRtT3JSeUY1dm9oWFhQTHFzNFgxX1kyS3p5VnpDaVA1dGJnSTJhd3JyeU5fWE5pVmhHSGxpcjhCdkw3SzlXOGJxMU0xYmFZUUtDYUVZMVRNdWRkLTJva21zcHEtaUtjUkw1YnQxWHJyLTFyVzM5V054RXFkdl95cW9rX2thNFZ3bnVuZXNiMVBhSEVnMHV1ZzVBclNDUmFCWVJORVJGT0VSUXJ5NjBJd1lOc1RTUzIwcERTalgzT01JdFNaMXdYLWpDQXREcklCbDItbFYzRGtSbTU1TFMyU0g?hl=en-US&gl=US&ceid=US%3Aen,breitbart.com,15 hours ago,🇸🇾 Syria Drones,https://news.google.com/api/attachments/CC8iK0NnNW1kRFZ3WVc5bGJrVjRZVU5DVFJEZ0F4aUFCU2dLTWdZbFJvN3NJUWs=-w200-h112-p-df-rw,2025-09-07T18:35:43.179350
"Taiwan's M1A2T tanks, HIMARS to debut at Taipei defense expo",https://news.google.com/read/CBMiV0FVX3lxTFB3U2FHcW1tTWN1SFYzOGtlYWQzc1VmejdON0xBOG5neVdEU0Fjc3dXRElKelk3bGxwU2JrMWhpZ1FTYjBXUkNSTXlSWE9FV0M0Z3REY0RjQQ?hl=en-US&gl=US&ceid=US%3Aen,Focus Taiwan,10 hours ago,🇹🇼 Taiwan Drones,https://news.google.com/api/attachments/CC8iK0NnNVJXRWxQYTA0d1JUaHpUbWhLVFJDYkFSakVBaWdCTWdZSmtJelB2QVU=-w200-h112-p-df-rw,2025-09-07T18:35:43.179352
"Morning Brief: Red Sea Undersea Cable Cuts Disrupt Internet, Russia Launches Largest Airstrike of War on Kyiv",https://news.google.com/read/CBMiYEFVX3lxTE10UFlNamtzbUhfb1JGT0R2UnlLSkhZQ3J5SkZHY2N6ZTJPNUVtTWVkTmloUUUzTDduYmFTdU5oeno0RV9lRHc4aU9vbzRJUXlIeGhnVDdNMTBlenU1OW53VA?hl=en-US&gl=US&ceid=US%3Aen,SOFREP,6 hours ago,🇹🇼 Taiwan Drones,https://news.google.com/api/attachments/CC8iI0NnNUhTazgzZUZkWVoyVnFjVGxxVFJDZkF4ampCU2dLTWdB=-w200-h112-p-df-rw,2025-09-07T18:35:43.179353
Russia hits seat of Ukrainian government in Kyiv,https://news.google.com/read/CBMieEFVX3lxTFBzbGEzVHp1anZXSWJReVJpOEtMNHlscU5QTkZCMzFGLTRNRXY4M0ViNDY0QW5XYVlUOGNSMjhZTm5zcWp5VWJmQ01WUG82ZEo5RmtIN0VFQlF3c3lMMUpFT3Q2VHRTcnE4ZUYtQ1pYVWMzS01ZV19wVg?hl=en-US&gl=US&ceid=US%3Aen,Taipei Times,2 hours ago,🇹🇼 Taiwan Drones,https://news.google.com/api/attachments/CC8iJ0NnNUtka1ZxU0V0M2JWcElSRTExVFJEWUF4aUpCU2dLTWdPdFlRdw=-w200-h112-p-df-rw,2025-09-07T18:35:43.179355
"“Defending” Brand New F-16 Fighters From Chinese Attacks, Taiwan Plans Two Dozen Shelters For Its Vipers",https://news.google.com/read/CBMieEFVX3lxTE5KWmxQTHNCT3M0X0loTjh1VFNpTW5lVTJaMG92SExWMm1xSGY5U21Xd2xfQ2o1bmdtUGtKX1NjR2dJb1VEYmlCTzZxZU9rNVh0LXRPQWZYbWJXTlBuamFjdkdXYl84UXFTNE1OcldBbmpSMU9NNTNaSdIBeEFVX3lxTE5KWmxQTHNCT3M0X0loTjh1VFNpTW5lVTJaMG92SExWMm1xSGY5U21Xd2xfQ2o1bmdtUGtKX1NjR2dJb1VEYmlCTzZxZU9rNVh0LXRPQWZYbWJXTlBuamFjdkdXYl84UXFTNE1OcldBbmpSMU9NNTNaSQ?hl=en-US&gl=US&ceid=US%3Aen,EurAsian Times,11 hours ago,🇹🇼 Taiwan Drones,https://news.google.com/api/attachments/CC8iK0NnNUZkSFo2VDFKWVdEZzJPRWR0VFJDZkF4ampCU2dLTWdZbFpZek5xUVk=-w200-h112-p-df-rw,2025-09-07T18:35:43.179357
Keelung’s Kuo Kuang Bus Station demolished,https://news.google.com/read/CBMiWEFVX3lxTE82dldQbndiY3NWSjRzV08yUEg2RUNmQkhLUURJVC1pY0MtR29vNU5yRnI5TVhCZkdEcEJWcHhOMm5mc3FRN21SejZlc1N1eENOSHBISk94czQ?hl=en-US&gl=US&ceid=US%3Aen,Taiwan News,9 hours ago,🇹🇼 Taiwan Drones,https://news.google.com/api/attachments/CC8iI0NnNXFkVXBDVjFGbFJDMVlVWGRVVFJEZ0F4aUFCU2dLTWdB=-w200-h112-p-df-rw,2025-09-07T18:35:43.179358
Mali sues Algeria at ICJ over downed drone in escalating border dispute,https://news.google.com/read/CBMirwFBVV95cUxOeHF5dGVFTURnUXdPelZvblZ0MFBhbE9UYXRhNkNVV3lKSkMxRHI1UGZGcFZBazRiYm8zdHFkSUpkTHc0RWN3UWhSblVjLVFCMVA4RGQ5eUQxWGxRcGtfdHNBX0lBRndxUlc5UDY0TGZPMGNkYjd5b3lmSE01MlU5d0VJZEFaZkU4cldzTWthcmpBaDNPSHFxQUc1OGpKZ2hKWG9UYkpBdU9fUmlHdXZr?hl=en-US&gl=US&ceid=US%3Aen,The North Africa Post,1 hour ago,🌍 Africa Drones,https://news.google.com/api/attachments/CC8iK0NnNVlUMU5JWjJ0WlJrSndaV0U1VFJEdUFoakZCaWdLTWdZQmtZcHB5Z1U=-w200-h112-p-df-rw,2025-09-07T18:35:43.179360
Russia launches over 500 drones and missiles at Ukraine in massive overnight attack,https://news.google.com/read/CBMirwNBVV95cUxONFVWQUdvUnNnemZYaS1xWjRDU3NXdld6Yld0YzRONFhYZUYyNXRZMHprbWVUZEJzOW9QTm1IaEE0eXQ2SDlnRHNKRmVuaWl0Y3dWZ0ZSSlkxczV3ci1JZk9oUlVFdzJkNDI1M1V5VjdpQnBha0VVeHB1VXp4bEZtb0J5SkZBUHhnRUdJTjlDazBKRUJHbTJOYkxmdFg2cl9PVnJFaVdjbmJRelN2ejBxNjVQeWlveWNRMUwyWGc2bUhSeEJPWEZZeXFkMVZ3NkRBS3A0OV9ka0UydTNZTVc2eFM5RTZXbU81aF9ZbmVtWGJaLWViR0c2UkVBdFZzLVpEWF8xYUtBMFJmb2xtYUs0UGZWZndGRzItRHdRNUFVQ1ptZ3JMdGlMQmJhd1doM2twMXp3b1JRbllBNG1fdkgtdFNBQ3hpakVpRHBKVGFCa0h0TEFRUlI2bFhHODFlVXd1bGFTNFJsOVBIbERBbDZnemhiMkE5eE1GWDZPWjZ1ZFFkQ3FleFQ0QkVuVU9UT1B1WnViSVZZcWFHb3ZBbEg5a2JXLVI1V2h2aThScW9VTQ?hl=en-US&gl=US&ceid=US%3Aen,MSN,2 hours ago,🌍 Africa Drones,"https://encrypted-tbn2.gstatic.com/faviconV2?url=https://www.msn.com&client=NEWS_360&size=96&type=FAVICON&fallback_opts=TYPE,SIZE,URL",2025-09-07T18:35:43.179362
"Summer boating season kicks off in Vanderbijlpark, South Africa",https://news.google.com/read/CBMifEFVX3lxTE53WENtRU4yby10bjlRQUZhMmx0bzNHWlR1QTFYMDl3dzhiRVhSdE5FbFk0bENDM01BbEtOWHY4X0VMR2RYNllWaGtsTzhIT3plQzZhNHVSVjNQM1E1MWEtdlcyenc3cFEzaENVaDhIWUlhdDVoZ3VEU0lZZnk?hl=en-US&gl=US&ceid=US%3Aen,Xinhua,15 hours ago,🌍 Africa Drones,https://news.google.com/api/attachments/CC8iK0NnNXRaMnBrVFZoSmRtNUxMVzkxVFJDM0FSaVRBaWdCTWdZQkI0d0F0d1E=-w200-h112-p-df-rw,2025-09-07T18:35:43.179363
ExxonMobil Details Game-Changing Drone Technology for Angola Offshore Operations,https://news.google.com/read/CBMi5AFBVV95cUxPcGVLZTczZEh4SGVmbTVVQ3VLZjd2S2JXazI0Q3REWWFZQkY1YkdVWEVQVmtMN1QzNTl1bTNETHpZNmlOMXBzQWttUmpNVFhKVWZYNTh1RDZJZGk1SUluUjdUdGwycUU0RTdWZlMzc1JObmluSElZTmRqREstTnJlNTNqMkw2ejF1SVZfdlZja0l3UFdzSHVXNDhPd2poNTlVSDczVEo4bV94Qjg5RjdVMkVxYkJuSTZBMWF1cVlKTXFfdHNrd1NQQktEcFNfQlVOQmFZRlViTWJzand4eVdycnA3XzU?hl=en-US&gl=US&ceid=US%3Aen,ZAWYA,7 hours ago,🌍 Africa Drones,https://news.google.com/api/attachments/CC8iI0NnNHdSMnhrZUdrMGVGWkpZakpIVFJDM0FSaVRBaWdCTWdB=-w200-h112-p-df-rw,2025-09-07T18:35:43.179365
Rwanda Makes History with Africa’s First Self-Flying Air Taxi,https://news.google.com/read/CBMilAFBVV95cUxPWkFkU0dtN1ZCWnI1LVk3Tjd2UXNiTHFaQTRoM0hqT3JxeGgyaXhsWWo1dFN0dk9DUHpuVDhhRUJWbjJ4VDdTVmlycnhiYU5MRC1yRWdVOVhHQTlMeDJRenFVSkl0U2F4Nms0LVpMcG1WcndxMjJtSWJ5WXQxOW5YSXhJT29GaUx5SUlhZ2hOdUhUZnNN?hl=en-US&gl=US&ceid=US%3Aen,News Ghana,3 hours ago,🌍 Africa Drones,https://news.google.com/api/attachments/CC8iK0NnNUdiMWxrZGxWM1UwRnlXa1Z1VFJDakF4aTRCU2dLTWdZTllaRHBxUWM=-w200-h112-p-df-rw,2025-09-07T18:35:43.179367
"IDF Investigates Drone Incident at Ramon Airport; Flights Suspended, 2 Injured",https://news.google.com/read/CBMiyAFBVV95cUxOTS0xckduX1JLZFhsRlIxamo0V3gxRGQySURfWDN0OVhkbEhhV0kwck9WQk0wSkl3V0g3UEVuMF9EaEJCN2RjTXR0V2pjcVNqeTdsd2pzMjdnUFpkTE5XRUdfakVqRkdyZzNxd3Bkbjc2RHpMSzg3OTFDWFo3TlNPdklPYUNIQjBEYUx4cTNMRjg1UDlhRm9oNGExTF9fdWRkMEZUNFVISHhsdEY3YTZUcU1PbTEzUmoweVRqUE9tWG4wLUZqOTlMUg?hl=en-US&gl=US&ceid=US%3Aen,The Media Line,6 hours ago,⚠️ Drone Incidents,https://news.google.com/api/attachments/CC8iL0NnNTFVV3d6ZUhGWWIzQkpjazl5VFJDZkF4ampCU2dLTWdtQlVKS3ZvV2w3N2dF=-w200-h112-p-df-rw,2025-09-07T18:35:43.179369
IDF: Houthi drone that hit Ramon Airport was not identified as 'hostile',https://news.google.com/read/CBMiVkFVX3lxTE4wM0xrVF9Ka09mWGNiOWJ5UFpYWmZBYldia3E3SnJTZDdGT19qWFBGRUViM1dOWlFtMWxSekcyQXQwVFppeGwycTRpWHY4MjhZak04akFB?hl=en-US&gl=US&ceid=US%3Aen,Ynetnews,1 hour ago,⚠️ Drone Incidents,https://news.google.com/api/attachments/CC8iK0NnNTZOMHRaYTFoc2RqWk1VRWhmVFJDVUFoanFBeWdLTWdZZFlvQXp2UVU=-w200-h112-p-df-rw,2025-09-07T18:35:43.179370
"Sirens In Gaza Strip: 2 Launches Detected, 1 Intercepted | LIVE BLOG",https://news.google.com/read/CBMitAFBVV95cUxPVVo4aEsyU1NwN1BkdHVSUV91NmgzQy1wbmF0aGdQQ3lrbkdUNkhTalgwTjc4WGhFRnNPcTBGSUtCeTMzUFQ4bUQybkdYRE5qRGhmZUs1QWNrWjNrbHRBeVJJRWVZVzJSNWdaUkRoRzZPVnRhRnhCUENCZERORjgteExQaGc0WXpadUtjRFVzei1oaFcwX1NxT0sweEdRSm9RM3ptOER1OEJQUEwwRm9yNFZiTTU?hl=en-US&gl=US&ceid=US%3Aen,i24NEWS,1 hour ago,⚠️ Drone Incidents,https://news.google.com/api/attachments/CC8iI0NnNWtTakJTU0dGb1MzSndWbWxZVFJDZkF4ampCU2dLTWdB=-w200-h112-p-df-rw,2025-09-07T18:35:43.179372
Russian drone crosses NATO border and flies freely—Poland responds with radar alerts but no action again,https://news.google.com/read/CBMi3AFBVV95cUxQTWs4ZVhpRmt0eF9RZkxUSHZlUy1waFZXVThQdklqZm5hR1E4RHhKOUp5NVpKTkFzcG53Q1UzN3lmcVJuQk0tQWREbDhZZDhSeVF5RTVVekZLUHY1ZGV5MGlKRl9kcjFWalZZb2d4MkpJdHF2cEUxeGZRcm1QNnEwRmNFRHplM2I5dzk3VGpqendsSTBzQ1Z2bW1iQU8xXzdUX0lyREJpZEM0X1c4MVpxQ1hmSGxNQjJrVk5sUnJsWVhlSEVoYnZNU1BfYUJYQ25id1dxRURqQlFGRzBC?hl=en-US&gl=US&ceid=US%3Aen,Euromaidan Press,4 hours ago,⚠️ Drone Incidents,https://news.google.com/api/attachments/CC8iJ0NnNTJiVVJHWW5kWVUxTndSVEZVVFJEYUF4aUhCU2dLTWdNQll3WQ=-w200-h112-p-df-rw,2025-09-07T18:35:43.179374
Two Israelis Lightly Wounded After Houthi Drone Hits Southern Israeli Airport,https://news.google.com/read/CBMikgJBVV95cUxOT1ZEUUZEWEVrLVczOEZkM0tsQjNqcWYxb1R5QmNUR0ZfeGJ4VXJHVG5GVXdzZk5ydW9TMXEtOC1ncWhxa3BTcUJMRVJxM2Z4ckQ0WDV3ZkM4TjFpbXVRYjQyc18zWlZPcGVuS0ZSWk9RUk42OWxVdHlhRkdtaEpPa2dPWkhTdjdHX1dxTXNOemZTalJOa1hmMTJmUExxRmZuX1REN01UM2xHSXJaQldUeXlKR2hqeU1zeDhfZmhnN1pxQmtYZ2tkRUtLMzFaRGlnM0g1VlhrZXlwcjdZYUlJNm9xTjdoQ19PWnl5YmxteUdvcGtBc1NhWFhQeV9ueFltSXl5bk1BQVEzWGRsckh5NWhR?hl=en-US&gl=US&ceid=US%3Aen,Haaretz,5 hours ago,⚠️ Drone Incidents,https://news.google.com/api/attachments/CC8iI0NnNW1TalUxU1dWWlNWbDVjVUp1VFJEMEFSaWtBeWdLTWdB=-w200-h112-p-df-rw,2025-09-07T18:35:43.179376
Houthi drone hits airport in southern Israel: Airspace shutdown; one injured - video,https://news.google.com/read/CBMi8gFBVV95cUxNYkZoMlUwUmVYcVBMTHV0Q3ZSZER4NkdRWmotdXZnT2FOT3hjSDBUb2t5d05RUGFKT0lrcTB6cEo2dDRncnlkUG95WU5wOHRmV3Vua0RCN3FPMzNxSGRmR00waGlFN1dWYlVUOXo4S0ZmMWowMmU2ZXBzemlJUTc4SXNha1lubUhhOVpjT0h0Y1NqMTFMNHVEMlF2SEN3c0pkOU9oQnJoS1FIQlVNdFFaZUdtUGZYeDNVMDJTWnBQSDlHTjVsdVFSQzdmUmpGazJ5aHZ1TWpqZXplUmRBYWlGLTUwUHdST2paUGxrQW5qUUNtQdIB9wFBVV95cUxOcTFLWkVmb3Jta0tVOUhNUHBiT2ItZF9SaUZPTzJXeWpZR0M2TnRlakxNMW8tc2VSc1g2eHBCYld2bDhUekdJeGRXS1RIX3FXMUFKYy05TkRwekxTSF9KSnhzRTVORkNtN3NRRmZqVFFwbmhWaEJMMXo1Q3o4MEpZZ0F3YUxTb01YLXVGWDQxbEZEcko5d0NEYUtpTW9MdXcwNC1YY3poQURDNWx4Mmw4MHlaRzdlVUY0WnVKQUR1SkNLRGY3Y0cxWkJvUUdzWVpmSTVPU0VSaVlwNmJTLWp6N25KaDlBOVdSTURoUmxCejJYdDhWM05V?hl=en-US&gl=US&ceid=US%3Aen,The Times of India,6 hours ago,⚠️ Drone Incidents,https://news.google.com/api/attachments/CC8iI0NnNDBlbFZoU0RKT1dUSnJTa0pOVFJDZkF4ampCU2dLTWdB=-w200-h112-p-df-rw,2025-09-07T18:35:43.179377
High Court rules state failing to adequately feed Palestinian security prisoners,https://news.google.com/read/CBMiZ0FVX3lxTFB5QmdEOVZpLWh3ZmdnYzNQT3FGTGdpR3hXNWZTS2ZXUkFNWFpYWUxXeVE0eFF5NlY2TFBIUFZUT2lxQ1RPYUFNRW1TUHRPNTJXM2VGZjR5alZfaUtHcWkwbmdtZDdWb03SAWxBVV95cUxQOUg3clZITFQ1T1BEeDFMYllNYVNqWHRweVZTTWY3LVo1OG1uTVRRU1pKRURrZjA2bGk0YWtHRS0tY1dtQlRuenUwWTJ6bTBfWGVSeC1HaUFsMjdKQ2lWQmJFZGZTLUZETXVkSlI?hl=en-US&gl=US&ceid=US%3Aen,The Times of Israel,46 minutes ago,🏢 Prison Drones,https://news.google.com/api/attachments/CC8iK0NnNHhhSEJyT0d4MFNHUk5hV05hVFJERUF4aW1CU2dLTWdZQlVKQkFSd1U=-w200-h112-p-df-rw,2025-09-07T18:35:43.179379
Israel’s top court rules prisoner food rations below legal standard,https://news.google.com/read/CBMimwFBVV95cUxOc1VQZ2tYcnhNVEVrdERoLVRNWVRySzFWV3lZLUpqeThIQktYc0V4UXJPRUVzWjh5c2tkM3RZa0hNeGwzT3VxYzh5V0RmV1NDOEhOTlVpRlpqNHpGV3pXWTgzTG9PNHdWYllmelp3bWdtTXp1QXVXc21IVzZmaWpjbUl5SGY1VWhqTGZQNlBSTnQ3MWt3NFBuZGpKb9IBoAFBVV95cUxQM0ZzVGFFRjdTcENqV0JDaVJXTlY2T1llMS1td0dkT0prMktZREdnWVc4Q1ZhdXlpcm5sU3RMbVR4NGNhZTdEZWpGNnlmdHRRTzFidjZNMFJ5SEJ0TG1rMGdFeFNBSVdzVWJaWE5CSEZLem43NEZsc0tyNEpSMnh0WWhNazRuTXpNVXk4TmN5M1RVd19FMnlCeDNVclZNQVc3?hl=en-US&gl=US&ceid=US%3Aen,World Israel News,1 hour ago,🏢 Prison Drones,https://news.google.com/api/attachments/CC8iK0NnNVVVMDV2Y0VGMGNFcEZPRXh2VFJERUF4aW1CU2dLTWdZWlE0cHFIUVU=-w200-h112-p-df-rw,2025-09-07T18:35:43.179380
Exclusive — Peter Navarro: ‘Nobody at the FBI During the Biden Regime Can Wear the Mantle of Good FBI Agents’,https://news.google.com/read/CBMi5gFBVV95cUxPczl0eWdfVmpzUEkzanVDVlRwbkhoNFY1VTQweWdpekRPTk4wQlhqaksxbkgtWWV0T3R2ejRibGZNbGo4STFMQ1pBN1drS0ZDYkc2Q0xJeTREOWd1aDBmX2Jva2FfUzMyVHNaOGp3Q0swYUVFelh5Wkg4MTJ1VDdRdDNfS3BPQ1BZZmZ4YXIzZ3pYYlI4bU1HeHJsdWQwNGVJclEyZ1F2WnhxUERnSGcxZDhZa2lQaWNOUWRfXzN6T0VfdU9zSjJtZkgxMVB1S3NGVU9xeU84TnBEMmFXVnVoOHNlelptd9IB5wFBVV95cUxPeGZkbUxwT0xqUTdLT0Z0UDctN1RkaVduVEpDdFhzUXlERDNvOHlNUGs0WEtjOGc3S3pOdDFJZEhNbHV4b0RiMWlOWGdSUGdabXJIOG9pZ192V0VzRllUMWZNZG1Ham9uQnA2dFRuaEcwSzhBeWprekVDX005SzdoNU9nWlRQRjhfVUdqNjY3bEhfQ3loMmdCczdBakk3NlZXSWJIYVZUWmt6WktlMUlqN21SSHY5NWZHOFQyZnNqTFFNVERfU0pqeGxWM2pRbWozQzEtSkZrb1pQT3N1Ti1IMV9mZTNiRVE?hl=en-US&gl=US&ceid=US%3Aen,breitbart.com,23 hours ago,🏢 Prison Drones,https://news.google.com/api/attachments/CC8iK0NnNU9kbmxaVjE5cldISk1WRFpDVFJEZ0F4aUFCU2dLTWdZZFFwZ3FIZ2s=-w200-h112-p-df-rw,2025-09-07T18:35:43.179382
