Title,Link,Source,Published,Category,img,Scraped_At
Drones seen over Danish military bases in latest air disruption,https://news.google.com/read/CBMiWkFVX3lxTE1BNEo2VEg1ODRpZi1CalJjR0RsZHpERVVkMGhUSlkxNURtOFNjb09oN1NHUzZkSV93Y0VHUy1JT0lJbzlXeHViZmRwZ2RySTM3TE9mTFR5aGFnZ9IBX0FVX3lxTE5rU3RDd1dBMmVocmNrOEVKUDc1RnY2ZU5LamdqaGFwUGhES29WWkw2bVlyT0hSOG5VMGlkRzBSVGhoS3hSd0FGQ3YwQTBKRXZfbDRwR0Y4cThuOS1CbjVv?hl=en-US&gl=US&ceid=US%3Aen,BBC,1 hour ago,🎯 Military Drones,https://news.google.com/api/attachments/CC8iI0NnNDVjMWhWTVZKbmRURm5iblJPVFJDZkF4ampCU2dLTWdB=-w200-h112-p-df-rw,2025-09-27T12:48:43.058648
New drones sighted over Denmark's largest military base,https://news.google.com/read/CBMioAFBVV95cUxPR2J3em9KMF91X1NyQVRpZzlXS3ZqU2RiRjhhWHVYMFdVRms5bkRVNzJuZVBxWTV0Sm9vYWJubGh3WjJwNGgwRDRVMmhSVlg4Y0tIRDBpTDFxaE1jWC11bGNGTlVvUkJBZ2l4Yi1PMUVDTUd1LW5oUXQtb0tqTUhhMG5nYmMzeU92X2xGdm1DMDBLd0RkMG1VWjBpd3JVYmZk?hl=en-US&gl=US&ceid=US%3Aen,France 24,3 hours ago,🎯 Military Drones,https://news.google.com/api/attachments/CC8iK0NnNU5ablZWVlRSb2RXVk5lRlZEVFJDZkF4ampCU2dLTWdiSmdaTFZNQWM=-w200-h112-p-df-rw,2025-09-27T12:48:43.058662
Danish defense ministry reports renewed drone sightings at military facilities,https://news.google.com/read/CBMisgFBVV95cUxQM3RHS0ZSSXZfUnFZRHJ4V3R0blNZZnYzOHJoMFFvN2RKMllWTkFrWWxRLWRud1RiMDliR1RqZ1pXcEV3Wms1WjE4UUlXcEdZY0RTRHJYVHcydUxHdlhxbWFCRVJSU0ktOGpyVnlWVC1MNV9tSE9tSnFWb3VaWTI3ekdLLTNPYWNKZHluVy1JMkVxd3FkRE5jdkQxQjNXb2Q0QlNBSjhlZG85aGt0R2xKWm1R?hl=en-US&gl=US&ceid=US%3Aen,AccessWdun,1 hour ago,🎯 Military Drones,https://news.google.com/api/attachments/CC8iK0NnNVJSM0k1ZEY5ZmJWVjBSVkkyVFJERUF4aW1CU2dLTWdZaE5Jd05KZ2s=-w200-h112-p-df-rw,2025-09-27T12:48:43.058665
Denmark reports new drone sightings overnight at military sites,https://news.google.com/read/CBMipwFBVV95cUxOU3Azem9VYUphWTV1YXpVVHZMMUNDVGhzVnVGZ1VuWi1hYnZ3TUotOFgtcTJtODExZWNvUkFYcGlnRmpVVXE2Z3RfRXNFdjJVaERna09QVGNTajg3MHR1b0pPMGp5VzE1Y3VuaVpVV1FTeFMtS0RmRVFudE5NLWdRTGFRYW5JOG9jTzY0WV81YmY0andtTVF0NldQcDdnRGc5S3oxcW1Wb9IBrAFBVV95cUxOSkNIb1B4Y1JtSC1JMkRFVjVkbl9ncnhTdWd3cUw1T1hBb3NBc0tob0RRWGJJWFJZUlZDMVF1OTkzUlNBSTRJOXJLYzJXMkR5NGpBVy1DM0pHYjZPMERMXzhTUjRHdnp1NmsyUzZNTWJscmdwOWFUb2tMTzJRczVpcHJjTWpYRG92dEdxMEVqVWdGbWxLLXFCNU53Q00yY3NnbU1ZVHNGaHh2WHNK?hl=en-US&gl=US&ceid=US%3Aen,Al Jazeera,29 minutes ago,🎯 Military Drones,https://news.google.com/api/attachments/CC8iK0NnNWtZa3BxZUZOT1lVY3lkM1pSVFJEZ0F4aUFCU2dLTWdZQnhJTEJ6Z0k=-w200-h112-p-df-rw,2025-09-27T12:48:43.058667
"NATO country reports drones over largest military base after airport attack, mulls response",https://news.google.com/read/CBMivAFBVV95cUxPVm45R0htMnJFV0gxU1ZRajN2NUtQWGdNUjBZX3ZzUDJ4WHNwbGpLc0NDU3ozSk5FeGNzS1ZWdThPdjh4YVZrWlVBVDdMM2RGWF81RFdxN2k2YlJQTXZTX1VpZDdFeDlIOXh3MElaYkhBR2dQSXpMOTJPT1pmaTF4ampXczhIMGVxdlprYW9ab0V2ekNLT3IyVXFQeGVyc2o3T0V5RnBFbUdaSHlJbUJNdEwySGZrYm9XVkk4c9IBwgFBVV95cUxQRVlCZVk4NGIxV013dmtRX3g3TlJuZXFEVEVxUGZ5Yl9ReF9RQ2VKWUdVWUM1M0cwajU1WXRtUkpIenJBRWtESEQydndzVWNXQ1dCYUl5b0M5TUNLM2d2bmQ2TWRRcGhkT3FpRUtNRHBaeDQtRGJORVRYZEgtbEJsRUJrbkp6WFlIOXUyQ05YR21VVkRBdTZNc3dYT0pDVnhVTHZuODlDLVZKdVhOdDRUVnhoanFycW1jejVuNWpLcURTZw?hl=en-US&gl=US&ceid=US%3Aen,Fox News,41 minutes ago,🎯 Military Drones,https://news.google.com/api/attachments/CC8iK0NnNVhVMlZGVGpKcGREQk9kR3RhVFJDZkF4ampCU2dLTWdZdE1vN1ZHQW8=-w200-h112-p-df-rw,2025-09-27T12:48:43.058669
"Denmark Registers Drone Activity at Military Airport, TV2 Says",https://news.google.com/read/CBMisgFBVV95cUxPaG94dlRvQ0c0aENtVGR1VUsyYThRT3JZdW1nb0RwckFPblVPdWdFSUVmblRwQmNyM3Jvb1ZtclV0dDZwQjBPVmRoYzBZQlhBZ000dFRPbjhvbEV5LWhOWlpNeDh4RjJNN0tOdGZhT2dNUWtCMEdRdDZ3SlZWRVFwRC1SenVXTlBvdkpIMVdMb1g3MkwxNDFfajFjZ1JoSk5SeWVCVkxtZlFVS0VNamVEUjNR?hl=en-US&gl=US&ceid=US%3Aen,Bloomberg.com,3 hours ago,🎯 Military Drones,https://news.google.com/api/attachments/CC8iK0NnNTBlRTF6YUV3MVlsQTJjMkphVFJERUF4aW1CU2dLTWdZcFU1YVBKUWs=-w200-h112-p-df-rw,2025-09-27T12:48:43.058671
Denmark confirms new drone sightings at its military bases,https://news.google.com/read/CBMixgFBVV95cUxNRU5OZlZpYW42Z1NpN19XRWVqanZ4a1Nsa1N4ZlJFT3VtbDdibkFvUkFCWVdJSVBQN1dha1pHNUxUeXoxRzN0M3g3MGU1YkhkTUdzY1JRNVVidmNFeko5STdFVFlIQmItUUQtMlpZazA0NE83UWprSVJWd05PbS0zZ0JUa1VTbkc3NjAyTDZtZjFXS1JFc1RCUFB5NUlNd05CenhmRWpEd1p3ZWt3OE5HR2xjUU5oRGl6Um1iRThxZGk5UmNzdWfSAcYBQVVfeXFMTXBrSkh5dk9uVlFWM1V0VnIwc3JaMjdSSURGeVRhT08wQTBlSkR3alo2LVFTOVlLSU5HZ0IzV09LVXI1S0tsSjVqUUE1ZThhX29abnhMUlhObm5CbjBIOEVsUERzejJSYXJOeW4zUDdRUlJJREk2aGNheTd0S0JaV2tvd1Boa0g5YU0yT1lsTm1mT0JQM3QweF9KaWt2NnM1Qk1BakIxcDFMU2dZdkZIa3RkYVEzbTU3c1RZSGFZUXAwYXNXSGtR?hl=en-US&gl=US&ceid=US%3Aen,South China Morning Post,7 minutes ago,🎯 Military Drones,https://news.google.com/api/attachments/CC8iK0NnNUNiRlJ2WDFZMlgxTTJTRFowVFJDUUF4aThCU2dLTWdhQmhvS0N6Z0k=-w200-h112-p-df-rw,2025-09-27T12:48:43.058673
Breaking news. Drones observed over one of Denmark's largest military installations,https://news.google.com/read/CBMipgFBVV95cUxPYmtFZGQ4QVNkb2QyX2cyR0tMSHNZRV93Z2g3YUhHSERwZXBCNE1idTRvQzNobmxXUFBDSHdvak0wUlUzZ1gySGhzOExYUzZDbWJtSjNNVE96akVkckN0OGtsSDZ3OTdtQjhLWVRtQ0JWQzNaQUtLZ1UwVkxJM3NTOHdORU9TVHpHaVZtZ0xMYXlIUTNVZGVZM1R6LXNTUlc1Z0NmeHZ3?hl=en-US&gl=US&ceid=US%3Aen,Euronews.com,2 hours ago,🎯 Military Drones,https://news.google.com/api/attachments/CC8iK0NnNXdjSGRCVjIxNFozTlNNVFoxVFJDZkF4ampCU2dLTWdZQnNJQ1lWQU0=-w200-h112-p-df-rw,2025-09-27T12:48:43.058677
Germany may allow military to shoot down drones,https://news.google.com/read/CBMihAFBVV95cUxNNWYxZjlzOFh3UnN4dmh4dHpvMC1oN2phSGhCSjJUWDRSbU5ZOG1SRTVlV21VU0hUNENqMXlIUzkwckZLR2hPUmpLbV9BaGhjd2VtUURWbjd3OWFiM1A1dy1Dck5ZLU43M1ZnUlYwd0lURExsQ0FxQ3E2SHdQdGVjV0RaN1I?hl=en-US&gl=US&ceid=US%3Aen,Euractiv,6 minutes ago,🎯 Military Drones,https://news.google.com/api/attachments/CC8iK0NnNVZaWGQ0TnpsQllVOHplVXRhVFJETUF4aWFCU2dLTWdZWlpvZ0pxZ1k=-w200-h112-p-df-rw,2025-09-27T12:48:43.058679
Denmark says new drone sightings overnight at military installations By Reuters,https://news.google.com/read/CBMiugFBVV95cUxORmpUcFIwLXFWYzBadURZVEJFWkpDVGttc1AtdGtKNUMwOE14aklBRGhpZFpCX003bVBMUmtISWFVcUtub0MzTTh4WDFtTTZCbXktQXJaUHVDMzQ3ZzJwbWVlajVuZTd3ekszLWxzSDFfNW5kZ1J5bHVvUjdBSVYtLTZTb2ZpU2RRMUdYVVhSZWJldGMzdWJhdkJjYXJUUnJaYlFpS3IxdENIQ1JUMHdpelNpMFB0TXZoZVE?hl=en-US&gl=US&ceid=US%3Aen,Investing.com,2 hours ago,🎯 Military Drones,https://news.google.com/api/attachments/CC8iL0NnNUVaVmhFWjI5Uk4yZFJha3RXVFJERUF4aW5CU2dLTWdtQk1ZNUtyYVk5Y0FF=-w200-h112-p-df-rw,2025-09-27T12:48:43.058681
Lockheed Martin's Skunk Works unveils stealth combat drone,https://news.google.com/read/CBMinAFBVV95cUxORVY4WjlxYkNQN2JwOVZXUUJnSTh4bDdST09JLWVxcEJSZkUtVGtOSDBFQ3JBOWYxZVJlWGotOFdJYTBKMFlMa0FKdmNfSmN1N1BYeVlPb1JrQ0Z2MlY2MmZOcmJIdlAzeVN2ZW9qMWI4d2xlYUxjaVJZZmhRVG0yOF94WG4zbXFqT19pTE5mMDBpRkdyMUJEVHp2OXTSAaIBQVVfeXFMUHlrQnVoMXh6d1hua0ZwODJIS3VHa09CSEN6M2xKLUxrMU5DV1cyR3FyU1VTbVlVTkFuRG1RNzFWMHgtbVdZaXVmcVNXSjB1dEI2dS01SGxMZXB5ZGRmdGU2T25TQjFFUU0zSnBzcTFOeHBjTExKblJuWVZpOEQtVldDLWhTemFQYVIxcFl0Y3g1UEVwWHFWSVc3NHNsYjNYVWFR?hl=en-US&gl=US&ceid=US%3Aen,Fox Business,18 hours ago,⚔️ Combat Drones,https://news.google.com/api/attachments/CC8iK0NnNWtaMjlsUTJadGRrbE1WM2RIVFJDZkF4ampCU2dLTWdZQlVJZ05MUVk=-w200-h112-p-df-rw,2025-09-27T12:48:43.058683
Helsing unveiled the CA-1 Europa combat drone with AI - AERONAUT.media,https://news.google.com/read/CBMitgFBVV95cUxQTGN1QVhraHZueXhWMWRxLWpZUkFxT1ZRRW5ucEZHQnRrdG40eVZaUWhJdk90bWNlb1FEMGgxdlNISEU0Rlc0X2d6cVBBREl6T0VxNVEzQkt6Z3g5WGZoOEJRa0FsZUxMN0tKUDR2N0R6d09IeXhxV19DZUxBVEJQTXZreEFMcnVuZldlNC1na3dXd1FsS01zRzNUNzZ5aGRWN0d5djlmOFFSQnZta1czazBQYUpaZw?hl=en-US&gl=US&ceid=US%3Aen,Root-Nation.com,2 hours ago,⚔️ Combat Drones,https://news.google.com/api/attachments/CC8iK0NnNHdVMjVwWVhZMmFVdEVlbXN6VFJDZkF4ampCU2dLTWdhdGhJeXV0UVU=-w200-h112-p-df-rw,2025-09-27T12:48:43.058685
"Why This Defense Stock, With Billion-Dollar Wins, Is Soaring",https://news.google.com/read/CBMivAFBVV95cUxPYklUZTM3empJWmpraXVJTXg5S2JmUEtGbXVQa2taajZDOU5vdW4wVFRpbDdETFVYd25uOFVoYzliX2plNWxzbnBHeWotcTV6Ny1fdnk1RkpCWlk1aF9ueDFidW5DOV9kbmd5RmY4TTBSZnFfTjhKWFpPUzdTc21nQmpzM0RoVFNSbk5mSU1oWkoteEVVVmsyQlVfaUVhck9qRHNQcE5yUm1OODlMUnJ2UlNFX1NyV2VVaXAwZg?hl=en-US&gl=US&ceid=US%3Aen,Investor's Business Daily,16 hours ago,⚔️ Combat Drones,https://news.google.com/api/attachments/CC8iL0NnNDFaM1E1U1hGa2JHRllWbFZQVFJDTUF4aUhCaWdLTWdrQlVKTHhxT2Q2TEFJ=-w200-h112-p-df-rw,2025-09-27T12:48:43.058686
"AFCENT Battle Lab Hosts Hackathon 25.4, Seeking Innovative Solutions for Warfighting Challenges",https://news.google.com/read/CBMixgFBVV95cUxNN0tCZHM3UE1RdVFfbW5XRGxWMmUxM2t6Y3p4bzRCdmZtc1BWaXZjQk01V0pCY2RicDBDLURXWEpNU0F6ZVpBYzV1RHdWM1BNRmppQUNEWVFJRnA5elRVcjlPb3QyU3Q5ekVucHk0NWY2Z1JiNzNjTWdqWkw0NGpDaTdVRlRQSVBiLWJoMk1uczc1c0pQUFRlUHhSQ2xFUnRfTHNpMzNSTjRPdVlZVTBqZmhKZDlmeXMxcFFHdVgtVVRrSVlPNVE?hl=en-US&gl=US&ceid=US%3Aen,afcent.af.mil,18 hours ago,⚔️ Combat Drones,https://news.google.com/api/attachments/CC8iK0NnNTNSbXN3UzNoSVJFRnhXRzFHVFJDM0FSaVRBaWdCTWdZaFpJeU1yUVk=-w200-h112-p-df-rw,2025-09-27T12:48:43.058688
New 36-Foot Combat Drone Revealed,https://news.google.com/read/CBMifkFVX3lxTFBhWnFoUDV0dm1JREc5dE12cDMtcjlsZDJsejJEamRwNFFDd1h1N3preWk0ZVdwdThIaHdSVkdUV3psbVpxT2EyNzZuaGM0ZFZUYzdMX2xJbV9tZmtRdFYtY3AtYmgtN0EwY0Z4RlZ2amZjR01TZlpzcmVvN0NCdw?hl=en-US&gl=US&ceid=US%3Aen,AVweb,21 hours ago,⚔️ Combat Drones,https://news.google.com/api/attachments/CC8iK0NnNDFVSEk1UlU1Tk5VUndla1pVVFJDZUF4amxCU2dLTWdZdGRZcXV0UVU=-w200-h112-p-df-rw,2025-09-27T12:48:43.058690
Helsing targets European market with new CA-1 combat drone,https://news.google.com/read/CBMioAFBVV95cUxQVVBHUW5GYnA3cHNZTHJnYmZid20xV21famVSSm5ZMy0wa0tJZnV4WHZHd0pTLXZDcFB2Rm5DTW5zUE44UnRKaXl1dFlGSFQzckcyM0lXbDNpQ2dCLXBIOW5RajlVY1lPOFFqV09yV3hPVW43eWgwX2thMEJnVjVOVnc2Si1LeVhTcUl1aXh6X3h4eG5TbTRNQzRzd0VrZEpp?hl=en-US&gl=US&ceid=US%3Aen,Shephard Media,20 hours ago,⚔️ Combat Drones,https://news.google.com/api/attachments/CC8iI0NnNUlUMFp6TFZkdGJ5MWpXR2hrVFJEREF4aW5CU2dLTWdB=-w200-h112-p-df-rw,2025-09-27T12:48:43.058692
Ukraine’s combat medics are reinventing battlefield care in the shadow of drones,https://news.google.com/read/CBMi3AFBVV95cUxPUk03U2VseWM3UFlUSUsxTnhDM0FHWUdMLVZrOVZydTJ4Wl9zVkM2YUIxbUNEVzhhU3dIT0hpaEJVcnVEMHFnLVFrZERrTVV2dEpiRzJGOE9tMUw1amtZSDBMWkYyNmQ2aWhkM3BSU1JoX1loem9GY2o2bENSS0dVMXc5eXgxcUU1dmcyRF9ubnVsNFlsTWlBTG1kT0o3RDVKUE9KNlhFbjg5YkE4UWRta3I2TXBJVmxtUkVFSTA0eU5zaVhXQVNKU1RLYUxwUVVxeTRkV3pwbWpsN0NZ?hl=en-US&gl=US&ceid=US%3Aen,23ABC News Bakersfield,19 hours ago,⚔️ Combat Drones,https://news.google.com/api/attachments/CC8iK0NnNUxhWFoxZVhOclZYZDZlbEI1VFJDUkF4ajhCU2dLTWdhTlFvTG4wUU0=-w200-h112-p-df-rw,2025-09-27T12:48:43.058693
Russia's Chuvashia reports drone attack on oil pumping station,https://news.google.com/read/CBMiiwFBVV95cUxQSkQ3V0ttVU9qeXM0U0VVZE1JR3ZkTGFQSkQxaDROODRJOXZGWkxodU1MMVhPYUZmcHY5TS1xWUxmMm13RFJtRzZSa2xPbm5kX2ZkZlNXUG5kNXdvQ3IySlZMZDRwd2pvdVRBZldtX1JlbXV2Q1ZJTzdGTW1WMnRkdVZOem5TSlYxZFRv0gGLAUFVX3lxTFBKRDdXS21VT2p5czRTRVVkTUlHdmRMYVBKRDFoNE44NEk5dkZaTGh1TUwxWE9hRmZwdjlNLXFZTGYybXdEUm1HNlJrbE9ubmRfZmRmU1dQbmQ1d29DcjJKVkxkNHB3am91VEFmV21fUmVtdXZDVklPN0ZNbVYydGR1Vk56blNKVjFkVG8?hl=en-US&gl=US&ceid=US%3Aen,Українські Національні Новини,6 hours ago,⚔️ Combat Drones,https://news.google.com/api/attachments/CC8iK0NnNVhWVmxNZFRKWGEyeHNVMmRFVFJDa0F4alFCU2dLTWdZcGtKQnZPUWM=-w200-h112-p-df-rw,2025-09-27T12:48:43.058695
German Autonomous Combat Drone Helsing CA-1 Europa,https://news.google.com/read/CBMifEFVX3lxTE92LWFNZEtzYXd0NjZGRFpMaUxQWE4yYXZMQVg1RDFJa0ZnRU5OMF9hTVcxU25tdFJiRUd5blBmZ0xrNjZydGx0bVRTZEh2WlZNMEVFMUhPQmdnNzNKbnBvU29jU0Z5TUtUR1pRQkFlQlljYmVMcHNDWU9HVjM?hl=en-US&gl=US&ceid=US%3Aen,MILMAG,21 hours ago,⚔️ Combat Drones,https://news.google.com/api/attachments/CC8iL0NnNW9ZbEV5T1ZCM1RFaHpWbEZxVFJEaEFoamtCaWdLTWdtQllZb0t3ZVN4c0FF=-w200-h112-p-df-rw,2025-09-27T12:48:43.058697
Lockheed Martin unveils stealth drone Vectis for combat and surveillance missions,https://news.google.com/read/CBMi0gFBVV95cUxPY0s3UFJfTDVBNWZkLVFaRUYxRTBNM1k5Vk4zVExndGg2Y2tEemw0VXFlelhvSi15TXFQMEoxUGRKb051c3l6Y1E5VkZtMHhOQVVnWnk4Z2ZhUDlQNGVvV1hZUDkzRER4MGJDbzFhUk9KNkFxdkRUMUxHN1Bjd01kSTBkOFJuTHFrTzBKOEVoXzdxbzBhYlB4bTN5akV5V2I4OW4zRTIzLW4wLTlNZ2xad0Q2U2JIRTByc0dibWpPQW5qb3p5LXU4NmRSYlFQV1dJeVE?hl=en-US&gl=US&ceid=US%3Aen,MSN,21 hours ago,⚔️ Combat Drones,"https://encrypted-tbn2.gstatic.com/faviconV2?url=https://www.msn.com&client=NEWS_360&size=96&type=FAVICON&fallback_opts=TYPE,SIZE,URL",2025-09-27T12:48:43.058698
"Ukraine's high-tech war of attrition, with Christopher Miller",https://news.google.com/read/CBMilgFBVV95cUxOVVByaU5TQ2I0WlhtYlBNNWRqa19VbFpkcHNRV1pzeTdyRkZ3V3NTdV9pakh2YVo4RjdvbkowbkdDZmVoTHV1LURySS1zRkhwOXZuc2lBM1ZDREQtZDlocGYyb3NOb2tZSmh1aXFPOUw1ZzRSbjU1TVh3ajRDZVlqbVdyNzR6RWNpOW03MThSQm91YmRZX3fSAYQBQVVfeXFMT0k0NkxaNlFWT3R3SWt3Sm5oQUNqc3hCSnN6WDV0MkVvZjdjVFVWM0Y0WnpfWURGRmhvSmNzMHZfR3AteUpHcUhsTjIzM0pyemxWNXluNGtiWUhIblNDYzN0Z3ZZUFRlYnhCWTh2OVhIOEgyNWJnMW9QeGg5c0g1TFJScmpa?hl=en-US&gl=US&ceid=US%3Aen,GZERO Media,1 hour ago,⚔️ Drone Warfare,https://news.google.com/api/attachments/CC8iL0NnNW9jVE16UlVjM1lrZHZaMFUzVFJDZkF4ampCU2dLTWdrRlVZakZUaVF1Q2dJ=-w200-h112-p-df-rw,2025-09-27T12:48:43.058700
How Hitler’s fear-inducing ‘flying bomb’ ushered in drone warfare,https://news.google.com/read/CBMiygFBVV95cUxPV3BYd3lfdXBMNFlGWGREUTk2VzdEOFNwYkZGU1FmUEFCMlVuQWNTcllIVnVJWHZDRVpNSXozLU83WEdJeXBlbURyX3VfM2lVeDlrTjU4akVqbTRKNERRTEJXTHF0WmtEZWRqdkZBVVdjUmp1Y3o1c0RERnF4WkVyMnRxdEVWeXUyRmJ5NloyQ2JpM3NzVTVCSGoyOVdtM3Nfak9zZzNKTnE0bmdsU2hVR0ZxeFJKYkpSbWlyTmlsMDhfRjNJMlUzbHNB?hl=en-US&gl=US&ceid=US%3Aen,Military Times,21 hours ago,⚔️ Drone Warfare,https://news.google.com/api/attachments/CC8iK0NnNUVUM1o1VlVoMk5tazBORkI2VFJEVkF4aU9CU2dLTWdhTm9veHF2UVU=-w200-h112-p-df-rw,2025-09-27T12:48:43.058702
Pentagon funds $13.6M project to make drones twice as fuel-efficient,https://news.google.com/read/CBMimAFBVV95cUxNOTRER2JfNUg0Vkc1eThHaXVLQVhpWi1VdURhcExDYldud01nWXBrVGtnS202cTN6THhmajhjMTdMa2tXcXZ1UEVhYkh5WG9lZDZnZWxoUW9QZHg2b2t6UmZOYXVTY1ktMVZhYXJacF9xNUtmU3lHQnNlbFNIRWkzeUo3UjFGTjNDRnFaVUR6N3NkQ0VFUk80ddIBngFBVV95cUxOTzJvam5kNzZab0kyQWczZEZFTkcwdnk1VWcySVRGRGhwYjVwQ01GQUFmSmdkalhnZmoxV0hNaUhUSXBaNDBNV29NdmlvTVdzVlVwSGNqakZibTNwQXNiN2VLRVRuRHdlY19IYlVhV3JRLWQ2VnBxNnVCbnhMMHdPbXN0c3ZMczd3Q2Vfd2NKX3hpZHdkeFJnM2w0REt5Zw?hl=en-US&gl=US&ceid=US%3Aen,Defence Blog,3 hours ago,⚔️ Drone Warfare,https://news.google.com/api/attachments/CC8iL0NnNXVlalF3U1c5eWJUWnFZa3Q2VFJERUF4aW1CU2dLTWdrQklvN0tvYVZjYUFJ=-w200-h112-p-df-rw,2025-09-27T12:48:43.058704
Ukraine Offers Drone Warfare Expertise as EU Launches Eastern “Drone Wall” Defense Plan,https://news.google.com/read/CBMiyAFBVV95cUxOUkdsSFhxMlNLWEJaTTZhV0huQUVmWTJielZrSlZwTWs4WHZPUkJsWDFJSjR1RWZpOURuUk1mR0F1aUttSl94OHg5amJBem1wOFkzN2U1MjlRakRtdTNaM2YwcjBQN2w1SVhYV3V2eWM2MGowOXdGdkdDQXdqOTluTHhiVWloYUozX2pHN0tJZkJtMkU1V3VsVzhWdnRBTWNpM1dnaEdzMDlncUhQOGc1Ml9SSTVXWWV2ZlNiYnltNC1XWVRjdW5DOQ?hl=en-US&gl=US&ceid=US%3Aen,UNITED24 Media,15 hours ago,⚔️ Drone Warfare,https://news.google.com/api/attachments/CC8iMkNnNWpObkYxUW5jeWFtNUJXazVEVFJDZkF4amtCU2dLTWdzQlFJNURLR1lseU5vTVhR=-w200-h112-p-df-rw,2025-09-27T12:48:43.058705
EU to develop ‘drone wall’ amid regional airspace violations,https://news.google.com/read/CBMiqAFBVV95cUxPNWFicGJaeHFBT2RqWHJJalp4cjRPRjYxelZwaFp5YjI3elhtQlY2RV9kb3VnTGxMNnZ4UGxvdHRiZzcybEJRRUpvYlN5UmJGQXU0QUhQN1poYkFELVRlSXl1blR6cENOTDR4TkgxYW5LWVdoUnk0Tk52YTl2eXVQNFBCbjRRc1NWZElqbWMtRmgyNm1JeV95cFNNMC1vLTNzZlZhejlIdi3SAa4BQVVfeXFMT2MwWGsxVWZSODB1Q1pxQVJoT1VxcGhoRmlPMFJ0amFyc1hPWXhMNF94aUpxWEJabjE1RmRCSm55ZU5Pdk0tVHN0UWlOc1VkUGZXUVlNNWpTdmhFcVpwS3pvLWxYNDRZVmpHdWlWRXFZaVJYelhpN1JvaDBXZ3JmUFVzRE4yX19fVmJENmxLeEpfaTcydXdaNzZTYVhSdkxuQ1Btcm5OakRTYWlfam5R?hl=en-US&gl=US&ceid=US%3Aen,Al Jazeera,19 hours ago,⚔️ Drone Warfare,https://news.google.com/api/attachments/CC8iK0NnNDFaUzF5VVVaTFZHZFJkV05PVFJEZ0F4aUFCU2dLTWdZMUk0cFJsUW8=-w200-h112-p-df-rw,2025-09-27T12:48:43.058707
Japan weighs offer to join ‘drone coalition’ to help Ukraine,https://news.google.com/read/CBMiVkFVX3lxTE9jS1RIRXZDRnRQemgweVF3VjhYQjFSa0IwSXhzYnk3REx5TGRGNW4xN2xSRXFGNFpMTE54SU5wdUV4OEV4bmh3UVdaWE1RUjlSUTNERnV3?hl=en-US&gl=US&ceid=US%3Aen,朝日新聞,4 hours ago,⚔️ Drone Warfare,https://news.google.com/api/attachments/CC8iK0NnNXdOVU5LTjBwcGNEaHBPVVl0VFJENUF4amZCQ2dLTWdZcEJvVHNFUXM=-w200-h112-p-df-rw,2025-09-27T12:48:43.058709
High-Stakes Drone Showdown: Why the U.S. Is Scrambling to Catch Up with Russia in Ukraine’s War,https://news.google.com/read/CBMiswFBVV95cUxNc2RQQ2FoemFweTcwRm93akRqd3c1RUdfa05GaXkwdjVpS3VjV29mZDRHRkh6TGw0elV2TG9qcVhLUVNLYk5GdFJWWFI0NVJad3p2Y0Z6Q2JyTlpmTlBIWm50RVdfUzhDM0pnSk9kMVZfZEpJYXVNSTRwRHdtdnZBZWp0bHFSOF9OcVA2TkpGRjB0TG5GTjNRcEZaN2k5d09YWEJCWjFwYXJTVEh2WUMteVVsRQ?hl=en-US&gl=US&ceid=US%3Aen,ts2.tech,15 hours ago,⚔️ Drone Warfare,https://news.google.com/api/attachments/CC8iK0NnNU1URzgxWlRaZlltMXhNR2gwVFJDZUF4amtCU2dLTWdZQk00NVJtUWs=-w200-h112-p-df-rw,2025-09-27T12:48:43.058711
Israeli military targets Yemeni capital in response to Houthi drone attacks on Israel,https://news.google.com/read/CBMi0wFBVV95cUxQWjM2MWI1WU5lUnh6OS1ab29KVGcwanhPc3FTZTB2dThsWWZDVnRMNHJNT2tZb0JrRXhMNzdjOXBYQUNZMUxXdDBqcXo1UXd0MUNaM3RTUlpjLVZBeS1JVUtXdVlMZ1NhNENtQmNhYk9jSmlsa1hxbkFzN2p2UEpjcGRFTEFGVF9VMTJ3UXRoYVM2eENOV3M5NmFWVFdtb0RhVzZHcnFVeFVxWlh5cVgtX29QWmN2ZjAtSEFBZWNfdkNOVkRjTzBiU2ZnaHpHbDV2blU4?hl=en-US&gl=US&ceid=US%3Aen,The Long War Journal,16 hours ago,⚔️ Drone Warfare,https://news.google.com/api/attachments/CC8iK0NnNVZZVFJTUnpsblpIRkpZM2hNVFJDMkF4aThCU2dLTWdZVm9vd3ZRUVU=-w200-h112-p-df-rw,2025-09-27T12:48:43.058712
Russian drone barrage disrupts power and transport across Ukraine,https://news.google.com/read/CBMilwFBVV95cUxOcVYyM3A3ZDd3NFo0NTJMYjI1WG5RUGRUNlRDdEpjVktISEdVUmNUSWlJeVJFSkV4OUtyX1cxd0VxR25yc2ZCaU5CcG1QM2kwZEVoSDZFNDBaNVEwNE5OeTVkX05KZ0tjdl9uc0NRUDhfRWJqYm1VQ3I4aHZvRjU2VGNrOU1vMlhGWGszUzZEd1ZlQUY2VWdr?hl=en-US&gl=US&ceid=US%3Aen,Caliber.Az,2 hours ago,⚔️ Drone Warfare,https://news.google.com/api/attachments/CC8iK0NnNXlVeTFJWmxkRmVUZ3haVFZPVFJDM0FSaVRBaWdCTWdZSm81Q0dPUVk=-w200-h112-p-df-rw,2025-09-27T12:48:43.058714
"Ukraine war latest: Hungarian drones breach Ukraine's airspace, Zelensky says, 'urgent reports' being made",https://news.google.com/read/CBMi5wFBVV95cUxNeldMM2ZUZF9PeE5zUmdTUG4wNHFEVjRIMzhWVm5iSDNPYkNOUWdVZEJybktwQ2FXWUNpWlZpbHYxRHZQY3A5UFg0eWo3TjJvWEVPQ1liQzM3czc1bm5tZzdzb3FTaHFIWHJ4bHBrUmJIVkpsd2YzTG5yLVJzdENkOFlFdmdKNHROVFZUN3YxZ3gtcWp2bXg2cWU5WlRxQnFkaEpjMkMzNE5xaExEcjE1azZ1OXZfYW4yV2RfdTVsdE9EaUMyQ0otYlN3WmU0bkhSZnliczhiRlB5UlMtUGxwSmdzX2I1aTQ?hl=en-US&gl=US&ceid=US%3Aen,The Kyiv Independent,16 hours ago,⚔️ Drone Warfare,https://news.google.com/api/attachments/CC8iK0NnNUhNM1JrY3pkeVpHMTNlRzFIVFJERUF4aW5CU2dLTWdhbFZvUU1vZ2c=-w200-h112-p-df-rw,2025-09-27T12:48:43.058716
Drone Strike in Chuvashia Shuts Down Key Russian Oil Pipeline to Black Sea,https://news.google.com/read/CBMiugFBVV95cUxPVkJLSGQ0WmN0bE8teHhCQW5MNUczdEd3TmNyaF8wcVd4NDJjc0NJWlhMeFY5Qk9JeUNuV1BTcWhkSnhIdVp4SjlldjQ2WFFXQllUX0FLMUhTSE14VVEtbEstZXVjbzZtb2h1UjZWLVBhN05CSGREN1RiWDhRQkduRmRyNjZocDJpTU9LUURsRHNOMEpXQ1IzeGJKQWJRQ2dxRERXWUE4a3VUbVJfRGtwMUpRaXlTVGtFc0E?hl=en-US&gl=US&ceid=US%3Aen,UNITED24 Media,21 minutes ago,💥 Drone Strikes,https://news.google.com/api/attachments/CC8iL0NnNUZiREYwTUU5c05qSm1iRTlFVFJDdEF4akxCU2dLTWdrQklZSk1tU09pU1FJ=-w200-h112-p-df-rw,2025-09-27T12:48:43.058718
"U.S. preparing options for military strikes on drug targets inside Venezuela, sources say",https://news.google.com/read/CBMizAFBVV95cUxOOXJYVnk1R3otNzhtM00xclZ3ajRmeml5YU9CZUJyV1ZNQnBVTU1EcXQ1U2ppcnN5ZGdwV0x1S21raVVBdFdSVTBSTWNaeG9XaTA3clEyMUE3YjJXQWxSTzJFZUsxeWpybFNQQ3QyekpmdG9mY09iNGVrdXhfeTU1R3kzM3ZWcGQzRnMtLU9zRlp3MjVOd09JU0ltME5WeG52amxYZWhPeS1LZmx2Q1FjSFB4TGJsZTFYNnRkRE9nTVVxTmJxcjZjZFBYNFLSAVZBVV95cUxNd3dQZFFnVzkxcUxGX3pYYmRqVlg1aENKLVRoOHRuV2s1TGtJUXlfRUNhd0lUU3pnaUoyYTJUWlA3SFU5VS1XdnZPQXduTmVHbnBKY1ZnZw?hl=en-US&gl=US&ceid=US%3Aen,NBC News,15 hours ago,💥 Drone Strikes,https://news.google.com/api/attachments/CC8iK0NnNUtUM0pyU0RSdE5sOXhVekkyVFJERUF4aW1CU2dLTWdhQllZZ1VzUWM=-w200-h112-p-df-rw,2025-09-27T12:48:43.058719
"Russian drone attack causes fires, damage to 'critical infrastructure' in Vinnytsia Oblast",https://news.google.com/read/CBMirgFBVV95cUxPRWlnTnFwZWZadVZ6UFhERDl6LUVlV25aVGNscHpObEhWczhqU19ZblNKNF9MWFhnenV0Tm9hVTVuLXMwVk9xVjRBWnVPRENNU1hpSjlTckxjSGhYVTBDajN2cVQ1M1VLdzVpZ2V5dlhZUGFGdHk4SkRDTXluckJHUUV4am5rZE9CMEx3WnRLTFNqcFNxSzN1QlR4OEZ1UkZQaEc4eFpVOWl3RVZDVFE?hl=en-US&gl=US&ceid=US%3Aen,The Kyiv Independent,7 hours ago,💥 Drone Strikes,https://news.google.com/api/attachments/CC8iK0NnNXBSM1Z2T1RZM2FrZG1hVmRvVFJEZ0F4al9CQ2dLTWdZWklJb3NPUVU=-w200-h112-p-df-rw,2025-09-27T12:48:43.058721
"Ukrainian drones hit oil pumping station in Russia's Chuvashia, governor says",https://news.google.com/read/CBMiV0FVX3lxTE9jZjE4V0ZTY3dxYm9Fd2VKYkxuQTZlRHZEMVE3N3lncWNoOVRmOGV0NXFDOTJxeURBUUZ3WmNkVTdqSFlkVC1GemRmdll0LWxqdlR2aVZHOA?hl=en-US&gl=US&ceid=US%3Aen,The Korea Herald,4 hours ago,💥 Drone Strikes,https://news.google.com/api/attachments/CC8iK0NnNXdXRWRFTkUxdFpVbDJlazA0VFJERUF4aW1CU2dLTWdZQndJZ0l6UVU=-w200-h112-p-df-rw,2025-09-27T12:48:43.058723
Oil pumping station in Russia's Chuvash Republic halts operations after drone strike,https://news.google.com/read/CBMijwFBVV95cUxNWldzdnc3TGxwb0ZqRThCdHREd1hPOW9rNXM1STVHYWtnTjZ0V21xd09NZFBwUlNUSFZEM0NEdWJiMWFmUkIwNG5Za282TE1sOVpTUGtkbTJTYWZ2UEJ6WTdGWmxvS2tCY2JsQ1VfNjJtS0VzbVV3MUc4d2o4Z3V4WEM0S3cwMjE4RGpBamMxaw?hl=en-US&gl=US&ceid=US%3Aen,Yahoo,6 hours ago,💥 Drone Strikes,"https://encrypted-tbn1.gstatic.com/faviconV2?url=https://www.yahoo.com&client=NEWS_360&size=96&type=FAVICON&fallback_opts=TYPE,SIZE,URL",2025-09-27T12:48:43.058725
Russian Drone Strike Kills Civilian in Sumy Region Amid Ongoing Attacks,https://news.google.com/read/CBMiogFBVV95cUxPaXRsQTVXWmFaUjBtWUp0QXd0SmZUYWZ0c0dBUW93ZDh6UF9ldGlGNEQzSG9FdUhKX0s4Qk1DNFdSXzdDMk9nWk5lV19IWHZncDN6YWNRWEptelBIMVllWWpOYXJPakMtSTlBVk9ZdkUzN3kzRmNnakVKX1lYWmJ1Y2FlbjBHbUZSa2tuOVEyY0VmUzJrMGQzNlFRaXNoaDVDNnc?hl=en-US&gl=US&ceid=US%3Aen,Букви,1 hour ago,💥 Drone Strikes,https://news.google.com/api/attachments/CC8iK0NnNVRhRWhyV1MwNWEwOTRiRGRFVFJDUUF4al9CU2dLTWdZVmc1SnFzUWM=-w200-h112-p-df-rw,2025-09-27T12:48:43.058726
Drone Strike Torches Another Russian Refinery,https://news.google.com/read/CBMiqwFBVV95cUxPM0x1aXdKeEszRWRmbU5TbUZDSGktUjZVczdSUXZ2WVF0dHRMNFRrc3NiRVR5OWdFWlBody1NbUJrVzlNTWFCY2M5X2JDNEt0Y0hsem54QUMzLWhwOG5qS3BCVDNQeEdZR00yaE9sWVV4cTQ4anFYNzZWVEVHaVhra1BfTkRONXNOZEQ4UFdXd1RsRGhpWWZqVkRpLURud0RfWFdhWVNpbmVzOVk?hl=en-US&gl=US&ceid=US%3Aen,Rigzone,22 hours ago,💥 Drone Strikes,https://news.google.com/api/attachments/CC8iJ0NnNTNaRmxOUVZSV1ltVTJVME5MVFJDMEFSakFBaWdLTWdPWk13NA=-w200-h112-p-df-rw,2025-09-27T12:48:43.058728
Military aircraft ‘incident’ under investigation near Area 51 outside Las Vegas,https://news.google.com/read/CBMiwAFBVV95cUxQUmlKbGFjTENtcDRCODRPNk5zdmllNVhwek0xOWRxcHZfVTI2WFpfUTdiMzRud3UzamNGcVBnb2hPMm5tZUVGdm9Kb2xxdDVRNXZ3eHBaUFNnei1xNUVKdy1ETXh6QTlnZENBeGZJbVQxZXdXcm1FTk9nQmdLRU9lQUZfRTFacGNTZDlzaWwxaDBTWm5JT0piYzFRS0JwVkxVNHBJYmQ5WGxsNjlNWkdlQWFHMVZjdkhVWG9FZEhkX1E?hl=en-US&gl=US&ceid=US%3Aen,MSN,3 hours ago,🛩️ Military UAV,https://news.google.com/api/attachments/CC8iL0NnNVVhVU5TUzJKelJHMUlTRGxsVFJDZkF4ampCU2dLTWdrQlVKU1pyQ2ZKQ1FJ=-w200-h112-p-df-rw,2025-09-27T12:48:43.058730
Mexico’s Armed Forces Push Domestic Drone Development,https://news.google.com/read/CBMimwFBVV95cUxNUm9BcXlJWlVub1d5UVptZWxTekZaeEEwZlFBOGk3SE1TTGstU0pXZmNQZVFoZ1p5UXVrbjVSb1VLSmtHeHNKTEV5bGhVOHJ2VmNPaGU4d2trSzdlbmd0RmJwMFdKTTY3U2lGVVJYTkQ4Z0ZSWW1xdkdEQ1RfWW5CU3NZYTJtb0VFRTNrOHl1TUlVZWl1eTVMVGg1TQ?hl=en-US&gl=US&ceid=US%3Aen,Mexico Business News,12 hours ago,🛩️ Military UAV,https://news.google.com/api/attachments/CC8iI0NnNDJORjlMV1RCcVh6SlVlWGhNVFJDZkF4amlCU2dLTWdB=-w200-h112-p-df-rw,2025-09-27T12:48:43.058732
Russia Warns of New Ukrainian Zozulya Drones Capable of Striking Deep,https://news.google.com/read/CBMirgFBVV95cUxQVi1DS3hwQVRsY1lmMUdDS0dKM3hOQml4a1JPdXJoQTFwX25XU3czejdWc0RmRjhadEtDZlNOcnVsN2NiX25tMHhxTmVnRnlFU0pEdHA5WG04WFRzRTl5dUxkcktQUEV2ZlF3LUQwbER5dmF0NFJLa1N5ZDlmVWdGMGgtZ3hNZkU2V1hXY2lkR1NxR25BOVVUVUJaLUF3SnpqTjAya2NjSnR3YXVwTWfSAbIBQVVfeXFMTWkxeGxYRk01dXhSN0ktU1E1M195bk9PSlQtQ0RiMkIxMDVhSGF6cFMtUjEtY3BLWEY3X2hHSzdDUXpWLThVeGF1WXY0a2ItMF9ZVkJWajA0ZVpIdFJORWI4bnRRM3BhbDVwbTFJV01oWW5JemtqTV80V0N3YldLa1VnUGJfWlNDU2syb0tZUmtEbzZLMkJ2YWRFTV9YdGZYNG9LTU9QeXR1RUI4MTBUeENqZw?hl=en-US&gl=US&ceid=US%3Aen,Военное дело,7 hours ago,🛩️ Military UAV,https://news.google.com/api/attachments/CC8iK0NnNVpXR2hIU1hwTlRIUkxSMmc0VFJDZkF4ampCU2dLTWdhdEJJeXZHUWs=-w200-h112-p-df-rw,2025-09-27T12:48:43.058733
General Staff Released Information that Hungarian Drone Approached Uzhhorod,https://news.google.com/read/CBMiqwFBVV95cUxNUTdiSnRFN0FwRkxQbXF5MF9zeFU4VFBUMXV5eUhhNHRvRUZGQVlBNG9Sd2llV24wMVh3OVIwNldZSDQ4d1hQVXZFVG1ySEk5cFhHOWdMNzJ5SnlXTmRPbkxBYVNPb3NCWDNvS01NWDJYcnVUc3BVOTJqRW1oLWRid1RTWTRhOElzWjIySUstU3ExXzhMQ2Y3MlowSVdhbmVZWGswRTI5MHg4dG8?hl=en-US&gl=US&ceid=US%3Aen,Мілітарний,2 hours ago,🛩️ Military UAV,https://news.google.com/api/attachments/CC8iK0NnNDBaMG93V0dSTGNIb3haVXR2VFJEREF4aW5CU2dLTWdhMWtwQXhzUVU=-w200-h112-p-df-rw,2025-09-27T12:48:43.058735
General Staff shows flight route of UAV that flew in from Hungary on September 26,https://news.google.com/read/CBMiugFBVV95cUxNcU9JRW14c2g4aWRyQmxNOWxwVjZBbDZvNUlGNnM2bzgySkR3SWhxMlprNzU4bjJVOGFZdkRJZENrSXNhZWRmSGFYWUlieGxpZzAtYzU0cm80MTVqVUZTTURxNnExZi1YUUR3eDRPWHBfYVMyaFJTb2w4WGUxTnpLTlZqSUprbXIxU2cxQWpmT3NSa2ozemR3VzZlU2FXN1lOZWRJYWdEXzloZmM0WjJDZldjX3puN0pTTEE?hl=en-US&gl=US&ceid=US%3Aen,ukranews.com,3 hours ago,🛩️ Military UAV,https://news.google.com/api/attachments/CC8iK0NnNWxRV3RMVVVkclJWUlBVbGR4VFJDZkF4amlCU2dLTWdZaE02Q09vUW8=-w200-h112-p-df-rw,2025-09-27T12:48:43.058737
US soldiers training with new technology so they can take out enemy drones,https://news.google.com/read/CBMitgFBVV95cUxObEthbEEzR05GSlpWQ2ZrclpoaEY0bW5yRzdSUmxHc0RvSnJoRnFGZEU4NTMtenZTR2l4WmpraHpxNWw0VzZBSVZxXzBDMjRlZkZSWkVYNUUxNjlCV0k5Q2lKb2FlU3lYTk10QjdtcjRlc0pSaUNvQnV1SWk1aW16ajl2YVNwLW5ybHlsektvZTI2M3FrSEFHUzR2WEl2T3hxWmg3SGsydzZoVnV3dHBBTzBwXzhqQQ?hl=en-US&gl=US&ceid=US%3Aen,Baltimore Sun,18 hours ago,🛩️ Military UAV,https://news.google.com/api/attachments/CC8iJ0NnNXNaMkZRVVc0MlpuRTBZazVZVFJDZkF4ampCU2dLTWdPQmRRUQ=-w200-h112-p-df-rw,2025-09-27T12:48:43.058739
Helsink Unveils AI-Equipped Military Drone 'CA-1 Europa',https://news.google.com/read/CBMihAFBVV95cUxQR3h1emtDbXlINk5SS2VmeHVxVWMzMElraGFhd0ZsZUE3akVKV0JGTHVVVUhNQWZid1R4a2VYOUhyRnZlUlg2cnB5TDBtYjZGY0RZcXFpdFlSNGlJelhIOU9tSUJ2NnZfYlc1SkJGNVA5b2E5RHVtcTUyRUJsbGNncGRvakY?hl=en-US&gl=US&ceid=US%3Aen,조선일보,20 hours ago,🛩️ Military UAV,https://news.google.com/api/attachments/CC8iJ0NnNVlNeTFRZGxnNVFUWmFNVWhJVFJEaUFSam9CQ2dLTWdNQmtBbw=-w200-h112-p-df-rw,2025-09-27T12:48:43.058740
Ukraine’s president says the world is in `the most destructive arms race in human history’,https://news.google.com/read/CBMitgFBVV95cUxOMmI1OTgxVHN6WjFpLXZsQVYwOTdqTFZWMlB6bHEtOUJOT2FvWnFXYW5maktWSjFPZktsd1gxTlo3S2Z3N0Zad0VnTHpfMGJram1vSUEzZHhjMmlTME5UOXhpOGE5Vm9TX0phbENZYW1Qd2puNzRzNGhoYUJEaWUtaUZHcVkzdmw1OEV1bllMNUNGVExXUFJiaHVSbGMwSFdaTVhCSlh5bDNMMFZyOVVMYlRzcmR3QQ?hl=en-US&gl=US&ceid=US%3Aen,AccessWdun,13 hours ago,🎯 Tactical Drones,https://news.google.com/api/attachments/CC8iK0NnNTVSakUzV1dsU1JuSmxTVGR0VFJERUF4aW1CU2dLTWdhdEZaN09sUW8=-w200-h112-p-df-rw,2025-09-27T12:48:43.058742
"Russian Offensive Campaign Assessment, September 26, 2025",https://news.google.com/read/CBMirgFBVV95cUxPTzR3UU1IMjdhVXF3blpQbmVsdC1aTXNDSTI0aHpfcUtRMGFnU2E4TDh2WGhTMThfTTRVaVByQmQ2cllOa3NiZFdLRWV1aGxfME9HZG5oVmFtdVB0Smw3RkZtSW82X05QUXFrUzIxVHJIX01vMUdTTTQ5V0QtUG5sbVdFdWVkT1RmOVBBczJHZXFkWXU1TzFHcy13Q3huZUxXRHFuX0liQk5kc281RkE?hl=en-US&gl=US&ceid=US%3Aen,Institute for the Study of War,11 hours ago,🎯 Tactical Drones,https://news.google.com/api/attachments/CC8iK0NnNW5VMWhhUVdwTFYxaDVOREJ1VFJEckJCanZBeWdLTWdZQklJcmxKQVU=-w200-h112-p-df-rw,2025-09-27T12:48:43.058744
Ukraine has begun forming a new branch of the armed forces- AERONAUT.media,https://news.google.com/read/CBMixwFBVV95cUxQb1l6SGdJMDZZbW93bnVYOXZyZ01vZEdrQkhqZkZfOEFPMmpxTy1KX2hjcnNJSWVEY0pwVl81V0Jwak42YjNRck84aW5ZOWNnak1Wdy1COTNYWFllSDNHYW9FSl90aXFOeEl1RmRIRm12aE1uSG9kYlN1dzc5cWZUYWdvY1R1V3FWMzNLYUJ3dnpldjZmdFFidk1oT2pRd3d3V25QcW1RRXVnbnpqMjFBaE84YnF3XzcyWGtxYXlHQmJCMU53N05Z?hl=en-US&gl=US&ceid=US%3Aen,Root-Nation.com,2 hours ago,🎯 Tactical Drones,https://news.google.com/api/attachments/CC8iMkNnNTFVMVJuWDFOdFdHbDNaalpUVFJDZkF4ampCU2dLTWdzaElZSXVuZUl0cDlwa2Vn=-w200-h112-p-df-rw,2025-09-27T12:48:43.058746
"Ukraine Invasion Day 1,313: NATO jets scrambled in response to RU flights near NATO airspace",https://news.google.com/read/CBMi2wFBVV95cUxPUVNldXoxWFdyVW9zMnZwbVBYLXQ5QTBnM1IzRlRmRUs4eUhBTWJUdDdrcjZIT2RlaVZETnFPd1lHLWpzRkdoMTFVLWdKZ1kxT0tWWDllTnNMeWhkcDJnTDBDejMtRHhPYjZkamZSNUNDRFVXUGt0emhDZkJUMTg2LWJLRFQ2THNENzktaldaQUJJWjJlV0ZPWkZyVWpLakdRZVNBS2Z0cFo0SXlUdlpGOU1ENjBJd0g0TmRfU1IwaEVKZldGdUd5RHlBYU4wUjhna2Z2V0hoaDMyTGM?hl=en-US&gl=US&ceid=US%3Aen,Daily Kos,8 hours ago,🎯 Tactical Drones,https://news.google.com/api/attachments/CC8iK0NnNXFNbVpGTWxFMGJqTnFkV0Z2VFJDREF4aVpCaWdLTWdZSmdvZ0x3Z1U=-w200-h112-p-df-rw,2025-09-27T12:48:43.058747
Turkish Kizilelma fighter drone completes first armed flight test,https://news.google.com/read/CBMirgFBVV95cUxOQURXYmljUEZSa01NcW5SLWNzblhMcHJURVRtUC1lWWl0WUNpektIVG5rb1BDaHBQY2ZIX3ZtV2FHWVd2X0JOaU8zSEFBNVN1U1ZSNUFEcTB0dEJSTHRSNGdnYmR3VU91TWlCejdOUXBFRmxvQThueTFwdlVCR1pxVnVmZDZENGYzRnZBSDlLT1F4ZTJqV3FhbllnR09kMjV6OW9WWWtrN2RxVzgyNGc?hl=en-US&gl=US&ceid=US%3Aen,Türkiye Today,23 hours ago,🎯 Tactical Drones,https://news.google.com/api/attachments/CC8iK0NnNXpTa05NWkZSeWRIQmlaV3gyVFJERUF4aW1CU2dLTWdZTmNJekpQUVk=-w200-h112-p-df-rw,2025-09-27T12:48:43.058749
Surge in drone sightings raises security concerns in Scandinavia and beyond,https://news.google.com/read/CBMixwFBVV95cUxOTUZ1ZDM3a2RTOFNUbm0wb1doeVM5MzJ5ZnNTYVk1eVV0Uk1KYzZOeEJ5ZTJkMnp5YUZHX0huU0dRNGhGRzQxMnJ1VzRhNnRXOHpjME5pbWw1X2xiME4xdW9CcmFEV1pRRm1hNkhVMVpRLVRnQy01QWllM0xlNHdsaXhCeFZaWlNtUjZER1dtRXBpUnhZSTZfRTV5RWQycXg3RmpyU2ZaX0NsbXRuZzV1T0ZmX2hwVDdYaUEtdk9GTmpjQjdsT1lZ?hl=en-US&gl=US&ceid=US%3Aen,podcasty.polskieradio.pl,23 hours ago,🎯 Tactical Drones,https://news.google.com/api/attachments/CC8iK0NnNUpZM2g1YjJ4a1dUZGxibTh6VFJDbUFSaXZBaWdCTWdZVlJaVEpvUWc=-w200-h112-p-df-rw,2025-09-27T12:48:43.058750
Ukraine creates the world’s first drone air-defense military branch,https://news.google.com/read/CBMiqgFBVV95cUxNN2J6N2lpWWxaOUpUN0Z3d09PcWxzc2t4VWZLVGlodVpWZlJHak1wRTJDT3Z5ZktaU0taV213RnowYXJpU0kzY250T2JhejFFX0s0LTI1eG4zS1g4QnUtWFdHemJETWxRUlJtTlFpWjFQMkRZUFV0cEc3WlhYbGZEbGRFV2FNWkNMUk95Y3ZBQ3drc0VORDNmSWc4YjhEejBOeno3cmxzRDBFdw?hl=en-US&gl=US&ceid=US%3Aen,Euromaidan Press,23 hours ago,🎯 Tactical Drones,https://news.google.com/api/attachments/CC8iJ0NnNTNOM1ZqVDFkbWNXTXRVa3RxVFJDUkF4ajhCU2dLTWdPUlVnNA=-w200-h112-p-df-rw,2025-09-27T12:48:43.058752
Defense Tech Firm Expands AI Ops in Virginia,https://news.google.com/read/CBMipAFBVV95cUxPcENQZ0VGdXRYVlJJV3k0ZG0yVjYyQXpVdTVYcDBTT2IxWENtV19aVDF0SGl2eDg3WjJOYVowd1ZUY3FXNmtMcm1PcmRkX1NEZVFrWUVhdDRXWXNJYjRfY0FaZm1WazNrWlIxc2dWUW1iU01pYzhtanhCb2RhNm1mVnFZSVdsamMxZzhvT2RvTmtpWTZaTlJLZDFpLTZubE9YMDg0Uw?hl=en-US&gl=US&ceid=US%3Aen,streetwisereports.com,23 hours ago,🎯 Tactical Drones,https://news.google.com/api/attachments/CC8iK0NnNHdhbnBvVEc5dVdGOVlaRWR6VFJDZ0F4aUNCU2dLTWdhZE1wUVRMUWc=-w200-h112-p-df-rw,2025-09-27T12:48:43.058754
Ukraine says Russia drone incursion part of pressure plan against West,https://news.google.com/read/CBMiygFBVV95cUxNcW9CaERfS1JvWnhWVjMxOWIxUXdJNngtc09RakNIWDJRaXU3YnVlRnRMTmdmV3VzV0ZXQW9wWWJYMU9NRmc2X3hwMVo0cWsxWk5LS3N2ZDllNmhvOWM1MDNQbkJGak90YS1tQU1jamxPTnFWS2tQREE1RWN0YmI2cUpFdzVtejZ4anRMeXdmUFN2cjRTcHlwR3ltZTBQZVdYN2VDQmpSZXFZRTVvOGo1bWhrWXRqZkJCZzdpd3QySHdDZV9TWW1MTEZn?hl=en-US&gl=US&ceid=US%3Aen,Reuters,17 hours ago,🇺🇦 Ukraine Drones,https://news.google.com/api/attachments/CC8iJ0NnNWlla1ptU0VoelZXNWhURmh0VFJERUF4aW1CU2dLTWdNQndBbw=-w200-h112-p-df-rw,2025-09-27T12:48:43.058755
Russian Strikes Target Critical Infrastructure In Ukraine,https://news.google.com/read/CBMigAFBVV95cUxPSUhMWmkwWTRRWmdLQzdVYWF6VlpLeHN6bmR2bTdiTHBZaXUtd0ZwWFhEWGZreUR6MmFmR29wV01FYkhnQ2xlbGtpMHhNYnVVZ2lZbzctZ0NGOHZHV1hXVWhaMU5YRnNKWU1RSWx6VC1iSlJ3akREdC1IdTdYaVV0S9IBgwFBVV95cUxNbm5JSi1hUDhNR0hLRDBueVBxVmFUdTdPY3BCRTVtbV9qdnlxNWg5cHhrOVBYYzJ2MUlEUkgzODFGWnk5VGR0Tnd6aGFYbi1uY0xwWDFxS0Q2YkNtckF0Ujg4a3RUMkwwWWVOZ20tSVZ4T2tYLVpkR2V4Q2ZmeHphQjNwTQ?hl=en-US&gl=US&ceid=US%3Aen,Radio Free Europe/Radio Liberty,7 minutes ago,🇺🇦 Ukraine Drones,https://news.google.com/api/attachments/CC8iK0NnNDBSWEZrVkZGc09HSjJNR0pvVFJDZkF4amlCU2dLTWdZQllJNlZLQWM=-w200-h112-p-df-rw,2025-09-27T12:48:43.058757
Ukraine updates: EU states agree on need for 'drone wall',https://news.google.com/read/CBMilAFBVV95cUxOcm1tVWFjRGpGdlJOYlpPUUt0MktJSXRYckRjZ3BXT245NXFudGFEMWtPOGhGd0Q2bFNJOVlxZzYtdzI0ZExVYndJY1dyZnQzSzFSLTN5SzNJZU1iRXhUUDlLNGlkRmJHLTFMSnpWS3dNamNBLS1ibmUtSjBJOFpJc3kxVnhtR0tnTGZmM1ZfbnlfUnpr?hl=en-US&gl=US&ceid=US%3Aen,DW,21 hours ago,🇺🇦 Ukraine Drones,https://news.google.com/api/attachments/CC8iK0NnNU5kR1ZqVDBSMWFVNVVSMmhtVFJDZkF4amlCU2dLTWdZbHc1QXZQUVk=-w200-h112-p-df-rw,2025-09-27T12:48:43.058759
Oil gains on Ukraine drone attacks cutting Russian supply,https://news.google.com/read/CBMiZ0FVX3lxTE1LZFYyRVdUZUprMVFnMFpsY0xSTjBYSU1zMnBsVFAtQi05cEpFbFpzZHBqMlhpb0UwZzcyc19wZnRHZFBpOUZJU3ZEbVl1VUthRWdzNTUyXzBSRm9aWjBERnlJcXFReGc?hl=en-US&gl=US&ceid=US%3Aen,Nation Thailand,9 hours ago,🇺🇦 Ukraine Drones,https://news.google.com/api/attachments/CC8iI0NnNUhhMGhSVG0wd1QwODFWMlEzVFJDZkF4ampCU2dLTWdB=-w200-h112-p-df-rw,2025-09-27T12:48:43.058761
Hungary says Ukraine's Zelenskiy 'losing his mind' after drone comment,https://news.google.com/read/CBMitwFBVV95cUxOSFhSWVFVZU1WdjI1bU9LTVM2SXRCcGpwY3JqdU1hOThBTk1Id1lCMWpZNHpGVE5Xb1JCVHZxWm85cjFQR2ZiclEydjBWMjlVTUJBQlBtMmRlQ0JpdExTMGtQdkl4MDlZcFQ2SEpkaXdsbkJKdnpMbndmS1NWVWR0T3I0NW1hczBRWjVQd191cVo5dmFZc2x0Ukd4b19nZXJaSkhLUGdMQzRBaE9Oa1RDU2dSeS1kSlk?hl=en-US&gl=US&ceid=US%3Aen,MSN,1 hour ago,🇺🇦 Ukraine Drones,"https://encrypted-tbn2.gstatic.com/faviconV2?url=https://www.msn.com&client=NEWS_360&size=96&type=FAVICON&fallback_opts=TYPE,SIZE,URL",2025-09-27T12:48:43.058762
European defense ministers agree to press on with 'drone wall' project as airspace violations mount,https://news.google.com/read/CBMinAFBVV95cUxPNWhRaW5VME9mLWMtNE9OaTFPVXlBbm9wTkx5UmxsVVNRRW0zYUFPMTJyRDNRdEt2UEpPa3JVZmVKOER1aDI0VVBKZm8tMVRwblhpQWR0V01YNU5vZGlFc0dZSFREV0ptZXMzMFY5VlVHanpZOUxxOGdqZlVLN1p5dWpFcjJ5NWhXSWFGeDVyTzhvLV9sSjMzakFza18?hl=en-US&gl=US&ceid=US%3Aen,AP News,18 hours ago,🇺🇦 Ukraine Drones,https://news.google.com/api/attachments/CC8iL0NnNWlhRnBmTW14cVZWSklRVTFoVFJDUEF4alhCQ2dLTWdrUmM0Nm1xdWRFalFF=-w200-h112-p-df-rw,2025-09-27T12:48:43.058764
"Russia Steps Up Provocations in Europe, Alarming Leaders There",https://news.google.com/read/CBMingFBVV95cUxOUnBDVDQtWm14allKU0NteTRzbW5NLTJSOTNHMTV0Yjd5UmFaOHhkdHFsc3cwa0dsandSOVVoLUlValBMTndObFhWa3RsSER6TVNpa3J5aUt5Rk02RGV5aWxuak1UOEpKQUdUNnZnUnNNY2dGaWhZQTVRa3MzUEphbHZsaEZoTWRtQjRNc2lRT3A1Tll0UDlRMG5ZT3FHdw?hl=en-US&gl=US&ceid=US%3Aen,The New York Times,8 hours ago,🇷🇺 Russia Drones,https://news.google.com/api/attachments/CC8iL0NnNVBSMnRqU1Vvd2EyZHdTVFpmVFJDUUF4allCQ2dLTWdtQkZvd0tzaWJRd3dJ=-w200-h112-p-df-rw,2025-09-27T12:48:43.058766
EU Gives Glimpse Of What Drone Wall Could Look Like,https://news.google.com/read/CBMijgFBVV95cUxQYnZ4aEYzTUduYkV2QkhGMXhsQUJHdE1KTnphcnNhWmNvS2c2Y3JjQXJ0WDRkRDBhQndMRVpsVkFwRHNOWnc2UUhPcFdfMGlIZ2RQYVJ1SXNaWTdULU5QZ1UwMUFCelk1ZkprRVU3UVRwTldxR2N0blBQSlpXQnR3ZlBTUnE2YU9yVXh2TWJB?hl=en-US&gl=US&ceid=US%3Aen,Newsweek,1 hour ago,🇷🇺 Russia Drones,https://news.google.com/api/attachments/CC8iK0NnNXhiMGhxVWtkc2VYTlNjVkZ5VFJDZkF4ampCU2dLTWdZeFk0cHdMUVk=-w200-h112-p-df-rw,2025-09-27T12:48:43.058767
Russia’s repeated flights over NATO countries prompt calls for action,https://news.google.com/read/CBMif0FVX3lxTE5zUXpvSEN1a3RqU1M4OWpEMDd6Y1VKRFlKTFJyelFvNjk3VmhwaWF4b09BNGlzUzVBeEtYTGN3aGJaclpoUzBhVU5tdkRDcHIycHZibW40elpKZ0JDYmVCc2hEemVIQlFsXzZ0b1VEY2xDck5oWlk2Vk5ZS2Z0Y03SAZgBQVVfeXFMTUpJTkxNNzhpenZvc29GbWM4Zmlnek1NYlNVdGtnLW81cmd2RXJFdjhlNXpxM0VYQ1pJY2xmRXd1QzZpWXVDTVFnN3JvNHJkLVZnVlVwdlFmcW9fYXlkcFU1VEtObDBKZ1NUbklZU1UxcXhqRUxqRExjaG1wUFE1R1RrV2tTTTdycXMxR0xTRHJQLVV3UEQxMXc?hl=en-US&gl=US&ceid=US%3Aen,The Christian Science Monitor,3 hours ago,🇷🇺 Russia Drones,https://news.google.com/api/attachments/CC8iK0NnNTFTRzB0Wm5oWWIyZHNaVkYxVFJERUF4aW1CU2dLTWdhdHRKU3Z1UVk=-w200-h112-p-df-rw,2025-09-27T12:48:43.058769
Why would Denmark be the target of a Russian ‘hybrid drone attack’?,https://news.google.com/read/CBMiuAFBVV95cUxOSUNiM0Y3cXBBUXFRRVZubkxkMUVESEhTMXZSS0JWMHRJOVlscmphbVJFT2k1NWZGbFF0a1ZfRXB5NDJsT1BuYzh5cDBkdVdmZWViRTdSVzlFTHUwSnpKUTFnWmpXZU44Y2MycFdScjV6WWY5azlrcmtNTnkzSmFVMmIzdjlRMDd5Nk5wdmY0Rkh2ZzY5RHB0ZzNYenFrcWVzVTlBM1dQbUN0VUVRX1oyNklFZzFKVVV2?hl=en-US&gl=US&ceid=US%3Aen,The Independent,3 hours ago,🇷🇺 Russia Drones,https://news.google.com/api/attachments/CC8iJ0NnNTRSVEIzYUMxTGJHbHNObVJOVFJDZkF4ampCU2dLTWdNQlpBZw=-w200-h112-p-df-rw,2025-09-27T12:48:43.058771
Is DJI subsidized by the Chinese government?,https://news.google.com/read/CBMib0FVX3lxTE9fOW80WmpqUTFPQUlMd19Xc2prMzhlMHkyOVAzUHRJWlJXbjlHYmFfQWJlTU9LRURYcjBXb3hlaWJzZVZSakQ0QzRIU3RHSVVKNmFhZHF2UUFIamMyYldPWHBEclMxVzZQdDhxSnIxUQ?hl=en-US&gl=US&ceid=US%3Aen,DroneDJ,5 hours ago,🇨🇳 China Drones,https://news.google.com/api/attachments/CC8iK0NnNXZWbEkzVkhOaU1WaENWa0l0VFJERUF4aW1CU2dLTWdhSms0U0xOUVU=-w200-h112-p-df-rw,2025-09-27T12:48:43.058773
Drone maker DJI loses lawsuit to exit Pentagon's list of firms with Chinese military ties,https://news.google.com/read/CBMixgFBVV95cUxNcTJrMDk5MWRtc1B5ajRlZE82a3ZOMklWMlc3WHhsRjNHeU41M19HbFpVWndpdl9yYkRDemp3T3poVU53dWJTR0p1OUhDTUczYlprMFpsMFRlbjdOZlpWMVZLVnZWZzRENVpiZHdRRmNZLWZlczNsRDNqMFVPXzdEWk9faEpmMFM3b3dhYUk3VFVpQXd3NVBwN3FBa0pMb0Z6QTg5SE1tUjBWNVgtZEM5QVUyMWxyZWpWQkQ0STRIVTJrRTkweGc?hl=en-US&gl=US&ceid=US%3Aen,Reuters,16 hours ago,🇨🇳 China Drones,https://news.google.com/api/attachments/CC8iK0NnNXJRWEpLVG14TFVqSk1lbE5GVFJERUF4aW1CU2dLTWdZQk00cXNNUVU=-w200-h112-p-df-rw,2025-09-27T12:48:43.058775
US judge upholds Pentagon's listing of drone maker DJI as Chinese military-linked firm,https://news.google.com/read/CBMigAFBVV95cUxNbWZ5VnhRVmVnU1N2cDBJenEtN0hBUXJPUUJTWWdXRDRlXzRCRXdldUE4bWN2XzVTUW0tMEZYMkRuZVhXbEFOd21iX19YUC03NktOUUJVX01uRXlXaW5OcjBSY0JreC1yN0Q1cTBxTm56ZXBvUk9VYWN2OWVjcUNUUA?hl=en-US&gl=US&ceid=US%3Aen,Yahoo News Singapore,3 hours ago,🇨🇳 China Drones,"https://encrypted-tbn2.gstatic.com/faviconV2?url=https://sg.news.yahoo.com&client=NEWS_360&size=96&type=FAVICON&fallback_opts=TYPE,SIZE,URL",2025-09-27T12:48:43.058776
Chinese team achieves breakthrough in multiple drone flight against challenging winds,https://news.google.com/read/CBMifkFVX3lxTE9aQm9QNWNEOVVjUUloRWo4dDNiSjZJTFBOb0tEOWhvQW9na3FzcG85dFRYZ05veWFNZXFySmt0YzNLelgyWDU3RlRnWkpGSVlveEN0WFh4SGM5V1lWUzRzaDhlVFBoWFZLQjMyQ0cwZUcxYnZqTFllZ2VtT01OQQ?hl=en-US&gl=US&ceid=US%3Aen,China Daily,2 hours ago,🇨🇳 China Drones,https://news.google.com/api/attachments/CC8iK0NnNTZTbnAyTUZKV05sSmliSGxxVFJDWEF4ampCQ2dLTWdZTk1ZeldHQW8=-w200-h112-p-df-rw,2025-09-27T12:48:43.058778
DJI Loses Major Pentagon Lawsuit In Sweeping Defeat,https://news.google.com/read/CBMibEFVX3lxTE1OQkEzQmJkRDJDNkRJLUxzR1M5LVdoUzd4by1hMklyZ3NaMFFWeDhva3djRG15eGlYX0htNkRhZklxc2g3UUlUUHkyNFZuTGFXcXlmN0FnR1BNd015TTkxVHFqSnljNHVkM0s2Xw?hl=en-US&gl=US&ceid=US%3Aen,DroneXL.co,11 hours ago,🇨🇳 China Drones,https://news.google.com/api/attachments/CC8iK0NnNVBPVTlRVjJoTVVtVnZNMlF4VFJERUF4aW1CU2dLTWdhaGRJcU9MUWc=-w200-h112-p-df-rw,2025-09-27T12:48:43.058780
Drone-Maker DJI Can't Undo DOD's Chinese Military Co. Label,https://news.google.com/read/CBMinwFBVV95cUxPZkstUGVvS2U5SGgtX0MtRGF3SGxXR2ZaajNiTGN5YXU3WmRtMnV0bmN4OUtmdDYyZ3haLVpwMWNxVGptMzdzeXZEYUVGaUsyTGZFNHRGWWRHNlFtbnVvZ1MyellVcFpoYm9iWVZBMWRTS3lVWFJtQ1Z2SnVPS1ZMM1VIb2ZYcE42SlZBNFkxLXNkUGtiZW50UFlMVkhnR0HSAVZBVV95cUxPRWVGajFWanZCYS1NM2dwaHh0RFE2bFczMnRtWk44SHFXU3lJcHFCV0pQcFJqSHNvV2liLTROdFZCZmJpb1RmNTJ1amVNbFVJVTlDQ1dBdw?hl=en-US&gl=US&ceid=US%3Aen,Law360,10 hours ago,🇨🇳 China Drones,https://news.google.com/api/attachments/CC8iJ0NnNDVkVGx6TmpOTE5EUTVTVXRpVFJDcUJCaXFCQ2dLTWdNSnNoUQ=-w200-h112-p-df-rw,2025-09-27T12:48:43.058782
Chinese Drone Maker XAG Files for Hong Kong IPO After First Annual Profit,https://news.google.com/read/CBMixwFBVV95cUxNMVY3Tl9DUzZTd0dsNEpMcTg2dDM4YzM3MTlQQlFSYjZLZmp5M254czhEVFFhaGh6QUY5VGRNTy14cnlwaFB3NFZiMGtrdkt5NVpKYkRMSmppZkg5dFFNVDVsdUJqX1NVM1dkdjVRQXkzYUJQaTdkUHFvLXBwb3VNVGxUNDVJbHpHY3lDeFBJN09pYkozWkYyMzNsbnVIVlFUUXVJc2hidnYwVmc5QUk5blczYzNqTHo4ek9KNWVaNEh6Mk0tOGU4?hl=en-US&gl=US&ceid=US%3Aen,Caixin Global,16 hours ago,🇨🇳 China Drones,https://news.google.com/api/attachments/CC8iK0NnNUhUMk14YzJwM01GcGplREZ5VFJDM0FSaVRBaWdCTWdZaElwd3VtUWs=-w200-h112-p-df-rw,2025-09-27T12:48:43.058784
DJI loses lawsuit over Pentagon's 'Chinese military company' list,https://news.google.com/read/CBMisAFBVV95cUxNYlhIamlDaVZhcFlCbWNpU2lUUXBzQ3FDVkE0MG5JTFRfN1JnOFlIZUpiOXgtRXVqbUJPVVVvSWxibEs4c1k0RmtMa0pvNXFycjl2bDBUblI1c0IxV2JSVWc0VFBRWFZKcElObDdTMmU3QkpOcEhHS0R3UERlRlJCN0RpejhWSnRseGVocXZ1cUN0UVlSQ3pOMXotVktsMGZ1MXF4RlhTcWJUb1BPdjNabw?hl=en-US&gl=US&ceid=US%3Aen,Engadget,15 hours ago,🇨🇳 China Drones,https://news.google.com/api/attachments/CC8iK0NnNXpiakp6VDIwelpucHNTemg1VFJDOUF4aXhCU2dLTWdZUm9vNUtPUVk=-w200-h112-p-df-rw,2025-09-27T12:48:43.058786
DJI just lost its biggest US court battle — here’s why it matters for drone pilots,https://news.google.com/read/CBMic0FVX3lxTE1KX3N6SnVjX1lYQmdGN3ZjUmpUWEdSNzBDNDVwaS14aFBpYmloQzFxWXdONEF3Rncwa0duNHBmWTd2cDJSX0k0MmQ5d08wOElZTmR5WkRjN2tNU2xjbmJHN2o2Z1RRRURicUJQWVBZWEVERm8?hl=en-US&gl=US&ceid=US%3Aen,DroneDJ,5 hours ago,🇨🇳 China Drones,https://news.google.com/api/attachments/CC8iK0NnNHdPVGd5TldaV2RVOVNUVzlTVFJDbkF4alZCU2dLTWdhWm9aQ010UVk=-w200-h112-p-df-rw,2025-09-27T12:48:43.058788
Denmark spots unidentified drones over military sites,https://news.google.com/read/CBMiWEFVX3lxTE81VjUxS0YybGRMczVPdGZJZ1pJYkVDS3pSWWZ4QVBwZnpBYmh2MS1DaUhIZnl1bl9qRWRHM0otaTVTTmVFWS1zRVBoOUxkTHJjT1JCUy0wUEo?hl=en-US&gl=US&ceid=US%3Aen,TRT World,2 hours ago,🇮🇷 Iran Drones,https://news.google.com/api/attachments/CC8iK0NnNXBNV05uYkhOaU5EQnpkUzA0VFJDM0FSaVRBaWdCTWdZQk01Z3lHUW8=-w200-h112-p-df-rw,2025-09-27T12:48:43.058789
"US demands handover of all enriched nuclear material, Iran president says",https://news.google.com/read/CBMizwFBVV95cUxOelV5ZmZKc09DZTZtTWFmU1BOZHY4eGJ0YmVoMkt2TWRrMUU2cFlxNjd2S1NFZFR0cnl3bEFRODRTclBLS05FdkFDeklSWkttY2swa3ZwcXBUcFQzamNVeS1QeHh4eEpPZ1MyWGhuMWlHeXpvRktSY191R0RCcHJPZ3VUNzg4OXkzaVNQcFhmd05pMXhxSlN0N1V5b2JTNy1mTlg0LVFpYXRNSGczN3lENmMzaVF6YXMyUndVUEg4ZGFVSzZXdTJ2NzBiUkZLNUk?hl=en-US&gl=US&ceid=US%3Aen,Al Arabiya English,3 hours ago,🇮🇷 Iran Drones,https://news.google.com/api/attachments/CC8iK0NnNDNlVkJOUkRsV1Ntd3lSbWRDVFJDb0FSaXNBaWdCTWdZVllaUkpKZ2c=-w200-h112-p-df-rw,2025-09-27T12:48:43.058791
"A hungrier, poorer and more anxious Iran awaits 'snapback' of UN sanctions over its nuclear program",https://news.google.com/read/CBMi7gFBVV95cUxQNkpJdlhIWEFtVkNlX29tZ1pySVlWTTRScWE2eHRCT280cFZCdW4xeTR2T2R3bWV5UExpUnA1NmViclAtRDZodGhFTzZJdFotRlBuTTd6S19WYXV3WmtrYUUzT1Z6M2VsMkVfbXljc3F5V29EQ2E3a1FidXBFTW9pUHFEWl9US3lhR3hiNnhSZGJZT1hhZWZxdmkweHZvb3BPMEc0Z25oN3ZxTE5BVkg4U3ZDR1h3SGViNGFjTWJQbjljY1BrakhPd29UVXJuN2RZbG56bTlkY1A0OTE1cmFvcnpKRkRMcXE0MDR1bV9B?hl=en-US&gl=US&ceid=US%3Aen,Pique Newsmagazine,23 minutes ago,🇮🇷 Iran Drones,https://news.google.com/api/attachments/CC8iK0NnNWtNVTQwZUhwa1VpMVRSRUUxVFJDM0FSaVRBaWdCTWdhUlJJb0pvZ1U=-w200-h112-p-df-rw,2025-09-27T12:48:43.058793
Hungary Hits Back Hard As Zelensky Accuses NATO Nation Of Drone Incursion Into Ukraine,https://news.google.com/read/CBMi-wFBVV95cUxNeWI0aWx5a3ZDcW5mNGg1TlZtVF9hX3VyZUZtN2lkblFqdEVieHNvUlVJR0lIaGtSek9BZHJwYjJQenVvY3NEVmtFMHJ0MElYSlBybElxemwyY09mV01ta3gwcFRPMUtrRnA4MWZjQjd3OF8yTkExWG1vTmwxTWxEbldpMnkxRmhvSktJXzVVeWJaNGgzancxRE9FMW4ta1RhaUg3dTJwd1VFcS0ycEV1TXJjVkdrcXRPdzY1Mmw5OWlvN1JlTVBiUFpkcWNGajg3MWRXdkZXMjJGQTdwZFpJRW1QYzkzYjJLU0Zsd1pQU3dHMlFiTUprSFdJWdIBgAJBVV95cUxOQ2xkd3lEaXFYU2l1am5JVVc3ZGhpazI3SXJBek9DRzhwdUg3MGFGQmd3b004UzFjRUNKU256WFo3dzRhSVVjakY1TFk4VXcwMTFqOWRQY0V3eFlYeDMzaE9fMzNtc0RrelVSMTJneGN2SThsV3lVbjdhcGtKMWhuXzJXSmtxUzZKUFJSNnR5Z2xYRnlGQlhFRXhoNmEtQ01SdkRXbGJRUUJ1UnB4Yk5SakFobE5VeHctcGtkWDRya0tDcUhOSkxrcTB6czBMWVpaeGtfWFBReWhVb0J6UWh6bklqd190VGRjazlaZHRwT1RRSHJKZThac29fYzN4WEJr?hl=en-US&gl=US&ceid=US%3Aen,The Times of India,6 hours ago,🇮🇷 Iran Drones,https://news.google.com/api/attachments/CC8iI0NnNVpXVWs0WTNCaWVHSnllV3QyVFJEZ0F4aUFCU2dLTWdB=-w200-h112-p-df-rw,2025-09-27T12:48:43.058794
"Evening Brief: Netanyahu Defends Gaza War at UN, UN Rejects Bid to Delay Sanctions on Iran, Europe to Build 'Drone Wall'",https://news.google.com/read/CBMiYkFVX3lxTE1MUG1BanpJMmVGMkhOdFJFQUtkb3o1WE5YNGdaWmJVdFpYMHI2N1hMeU9kTTJzTjczVmVRcW1aUEJGZElCTDRoZzVoalNxdU1qU2VENjNjV08zSFJuQ3lkcDJ3?hl=en-US&gl=US&ceid=US%3Aen,SOFREP,15 hours ago,🇮🇷 Iran Drones,https://news.google.com/api/attachments/CC8iL0NnNUpVVE5CVFRsMVQycHdaVEZLVFJDZkF4ampCU2dLTWdrQlFJQ3RKYU0xYWdJ=-w200-h112-p-df-rw,2025-09-27T12:48:43.058796
"Drone from Yemen hits Israel's Eilat city, 20 injured",https://news.google.com/read/CBMiogFBVV95cUxQOU5KcFpKbmhQTUxMb2JUSjROSDB0WWRWam1EU3FQM2l6RndyZEk5REVpNzhVa0xVZUVZeHJlY2I2cm9HMXFrckZLSUQwNTJQSGRwMjhzZFFQcnFlcVM3UmpwMzAzLU9fLW93TmNSS05KMDJxakljWnI5UDlqSUR3S1V5b2Nka2oyemRlUVFSY3VhTkxYZmVFS2pRTkw1Ul9lV0E?hl=en-US&gl=US&ceid=US%3Aen,MSN,5 hours ago,🇮🇷 Iran Drones,https://news.google.com/api/attachments/CC8iK0NnNTFOMmR0YUV3MVNsRmtlR3B4VFJDMUFoaWxCQ2dLTWdZQjRJcXp5QVE=-w200-h112-p-df-rw,2025-09-27T12:48:43.058798
UN Security Council rejects Russian-Chinese resolution to extend sanctions on Iran,https://news.google.com/read/CBMitgFBVV95cUxQaU1reEVxUnM1UXhDMFprZFRMR0FSLXZUWnU4NmxfMmNneV9WQW13bVlwNjY4bUdoY05fbEZFSGxSREM2MTFDcER3YjR0N1cydk9hR2QwRjBmUFJrenU0ZjBfZFBVMFlzaGI3Y2NlWDFFVTNYUlJtSXVFeWVUQmxObU5CZ0ZwSDhBakhsZG9Icy1FRnJ4UTcwOTJlQWZ4WnJMZERwbzlYTjN6NmJfbWcwOEVzZGRaUQ?hl=en-US&gl=US&ceid=US%3Aen,cna.al,4 hours ago,🇮🇷 Iran Drones,https://news.google.com/api/attachments/CC8iMkNnNUNkRXM0VEZKZlgwcE1jVUYxVFJDbkFSaXVBaWdCTWdzQk1Jb1FJS2pJclJrVGRB=-w200-h112-p-df-rw,2025-09-27T12:48:43.058800
Russia criticises EU plans for enhanced drone defence,https://news.google.com/read/CBMiU0FVX3lxTE9mVVl2WjlfLTNxSVFVSEdmdDhZSWxUcnFmRURPZ2FrYzBNY3VPMjllNFRXbVVRQnVPdEI1TUw4VDRZQlU4X01VY1FodTJlRmxFODFz0gFTQVVfeXFMT2ZVWXZaOV8tM3FJUVVIR2Z0OFlJbFRycWZFRE9nYWtjME1jdU8yOWU0VFdtVVFCdU90QjVNTDhUNFlCVThfTVVjUWh1MmVGbEU4MXM?hl=en-US&gl=US&ceid=US%3Aen,Aaj English TV,2 hours ago,🇮🇷 Iran Drones,https://news.google.com/api/attachments/CC8iL0NnNW5WR0ZGTUVkeFNrbGZVazV0VFJDdEF4akxCU2dLTWdrQmdJNnlOQ2FRTFFJ=-w200-h112-p-df-rw,2025-09-27T12:48:43.058802
Iranian VP Unveils 5 Technological Achievements in Kerman Province,https://news.google.com/read/CBMimgFBVV95cUxQV2F2NUFVSDNHZHFZSjI0OFhFc3ZuR3NxY3EzcWZpYV9CRFpmc0RIUHdCYTFNcWk3UWpCRzBYN004NUlaNThLaVJZdFkwRjVRQ0lSaVhfbGEyVWlrN2NuMjJWa3pKQ0h4QWJ2NXZPMjdTT1lYSk1TOVpuZjRyYVJIOWVGazYxTTJsSHV1dWtHMXBRVFE2d2JQSFNR?hl=en-US&gl=US&ceid=US%3Aen,خبرگزاری آنا,3 hours ago,🇮🇷 Iran Drones,https://news.google.com/api/attachments/CC8iJ0NnNDVlVzVwU3pkMldtRklla2h3VFJDN0FSaU5BaWdCTWdNRklnZw=-w200-h112-p-df-rw,2025-09-27T12:48:43.058804
"Drone fired by Yemen's Houthis wounds 22 in southern Israel, in a rare breach of missile defenses",https://news.google.com/read/CBMixAFBVV95cUxNZmNMckdmN3NHb3BGYzBkTFZRUHFBT29ZckxlVm96OEo5VFhJQVRvZkg2NGNLRkdkQkRCMDVvczMyc3FOcGFnQjRJU1Q4NzY4WWp0RXh0STBCSzdIN2tyRl9XYVlCbVpJYjlVVmRpSGQ3djdWQjF0Mlo5a3VsMmRkVXV5UV9JV2F2WVlhSkhNZnRsZzhialBYZEZQRUhhM0pGODJpUUVJSGdWWDlBYjV6elk2SkthRElTbEtHeGlaM3kxSWJQ?hl=en-US&gl=US&ceid=US%3Aen,AccessWdun,12 hours ago,🇮🇱 Israel Drones,https://news.google.com/api/attachments/CC8iI0NnNWljamxEYWtOalNucEtNMGR3VFJERUF4aW1CU2dLTWdB=-w200-h112-p-df-rw,2025-09-27T12:48:43.058806
Turkish drones monitor Gaza aid flotilla after reported Israeli attacks,https://news.google.com/read/CBMitgFBVV95cUxQWUFTNVllbGU3UmJVck5IblZnMnpFXzRDa0E3d1VGYXRlUEd2UUJvTjFTb3pyWGRReHFJRDV5dXJOUzZnSE1XMm5VazJ0T29NUXBhRUJtc0dFRzdqX0xXYkFObzFsT0ZoWWlqazNBOGliMzN6d0dUMmgzeXZ5NldVc3lCdW9DTmxTeFV1MVJPSU1Qd2pYRWNYMVp3cWhFRGtZcmRrSzQ2QURPem5iNHdKUWprVVdTQQ?hl=en-US&gl=US&ceid=US%3Aen,Türkiye Today,2 hours ago,🇮🇱 Israel Drones,https://news.google.com/api/attachments/CC8iJ0NnNVRUbHAyU1Rad01FNTFiVFpoVFJERUF4aW1CU2dLTWdNQmtBWQ=-w200-h112-p-df-rw,2025-09-27T12:48:43.058808
Houthi drone attack injures 20 in Israel's Eilat,https://news.google.com/read/CBMi1wFBVV95cUxONE9IZC1qdmo0NFZ0NV9fRGFEZHJpbUtOazFEM28zdnlBNjdmQW44LW5NRGZZTmhDYlN2Z24xNjZuZUIyZVgyanpJYThNNHNJZWtEVEIyczZoNTk2R0JIUV90bWRiSEIzQVYxQ1VBTnQ0ZXpWNlNoZkFFVkxPZnd2dFRFRU5scTlsakpOcElDaFpxa0xhaUU0S0IycFpmU2NCZTdHM2hjczAxQ2ppYXB3eTV0U1l4Z0FWVzhGTklITXdKbUUtRmdvemp1SFdBeDB2dDdXd1hXaw?hl=en-US&gl=US&ceid=US%3Aen,MSN,6 hours ago,🇮🇱 Israel Drones,https://news.google.com/api/attachments/CC8iK0NnNWpTVmxmZUdwS2QwOWpOVVpmVFJEUUFoalZCQ2dLTWdhTlk1U3VwUWM=-w200-h112-p-df-rw,2025-09-27T12:48:43.058809
UN demands probe after drone 'attack' on Gaza aid flotilla,https://news.google.com/read/CBMi8AFBVV95cUxQY2lnaXgwU0h6eWh2RTlPYS1zamM0aWlRY0JBZzQ2VU1wRG9zWjh1eUxROUpEM01xNFdiY21zMzNmeDJwOG85NmxtRndRSzF1cVNURnJGSFN6WnZoaFFZVDN1VnF4bFItSzZ6Ul9lOU5YYkhteldydnhTbnFjZWp6dDJmcnhmV3lmZXJvcEVyazZ0eVJCamtKSUNlSGo5TlVPQ2N0eXYya05DdjRTMTI3NU1fWHIxajhpMG9KaU1VWmczY1NtcnZlWHpSbThXWGQyUl9MUzc3aXk5akd1NVZ2QTliOERKUVpRdy1ZYzF2UnE?hl=en-US&gl=US&ceid=US%3Aen,Gulfshore Business,13 hours ago,🇮🇱 Israel Drones,https://news.google.com/api/attachments/CC8iK0NnNDJaSGR0VW00M2NYY3pSbnBCVFJDS0FoaVFBeWdLTWdhRmM0NW9NUVk=-w200-h112-p-df-rw,2025-09-27T12:48:43.058811
"Israeli strikes on Yemen’s capital kill at least 9 people and injure scores, the Houthi rebels say",https://news.google.com/read/CBMiywFBVV95cUxQVzd3RmwtU0JBZEJmWk1qdThzbEMwTFZkSlhuRkRielhrUXN6cVJKdlp5d1FoZDF2YTZZN2tlOGx1YlFNYjRFRG1aSkRfLTJyZmJnMnVpcUs2WU5FM3BLd3dncFBZNXJ2WkhNX01tUlZUMDE2aXZOamFzbTJ5RUVMVnBuTmIyeE16TmljLVZTRU9PSFAtMzFEc29GVHdzOUhWZjFrQTRIaTZ5QzROTVMzSDVEQTYyYjBTZWpSUGgwNmxZbTVoZ0x4QTNuMNIB0AFBVV95cUxPZzM3WTJBRmd3VzVWMkVlaXFWT2FUU1FUSkxZLUNFUWlEM3R2Vmx0T0xFSnpUQ1U4b1BHc1plNnpLNW0zbFVLZHRfc2xJbE1wZ0cyaGpXVzhBYi1faHdBVnpHY2VlbEdiRDVvVTQtdDBIMUFzTXZkX2tBc0k3d3E0NVpHQ3pvb3pGZzE5Tmt1TW44d2ZlWmFoc2xQdTJ6QmxnbUtPQzNXVjJ2amhxcF95M29LM0R5OHZzYTBpN1BvM1ZhT0wtV0FJNEpWZVdaa1V4?hl=en-US&gl=US&ceid=US%3Aen,PBS,21 hours ago,🇮🇱 Israel Drones,https://news.google.com/api/attachments/CC8iK0NnNXVkbVI0VjJoRFYwOVNXRWhNVFJERUF4aW1CU2dLTWdZVlFKYVNvQWc=-w200-h112-p-df-rw,2025-09-27T12:48:43.058813
"Jamming, drone attacks plague Global Sumud Flotilla’s final phase of mission",https://news.google.com/read/CBMirAFBVV95cUxQc2VYN3NjeHNWT0FEN0c5dmtzQjFqNkJ6WFFQRGJKNjZBbWJIUWVNVlRBYk01Qkc1RXZvb0tJZlRXQ05zUk5nMnZfT2F0OHhNMjM2cnJuLW1QNDBsUmUyQVB4dVhIZzZUWU9wSGJXQ3ZueUdZbkhBODZmcXdKZjFNM0t4SmczMXBxN2lqX3I2bDJkTGduZEFweE94YzNQZjI3UWpMcUNwZUlmcElT0gFOQVVfeXFMTUZkS2xIT1BIWk45aEtBSTNrZXlxRzR0R2ExUWVFTWE1RGVOSHo4NThFTmhOaDJtYXplY0dETzVseXJldlVqbXluSWVyRTlR?hl=en-US&gl=US&ceid=US%3Aen,Dawn,55 minutes ago,🇮🇱 Israel Drones,https://news.google.com/api/attachments/CC8iL0NnNVlaRWxSVkdsUWRuRm9aa1phVFJDdEF4akxCU2dLTWdrSkVvSVVIYXA1OWdB=-w200-h112-p-df-rw,2025-09-27T12:48:43.058814
What to know about the international flotilla seeking to break Israel’s blockade of Gaza,https://news.google.com/read/CBMilwFBVV95cUxNd0dJc1Nxck1zVC1ieVdCQXk0T2w0eWFaOU80eXo5cmJjYTh6Y1Y4cGU4UzFjemZwWnR2YzJJT3AyanBoVVZ3dmp2Z3lvNjV4REx5T0lLWmtscXlMLWpRVzdhOVBjdENyNHFLWG5FcjVTbG5PanJHSHF6ek1FWHlaaDVtWHVmTF9teldaeTc1MXJGcmc5a0ZN?hl=en-US&gl=US&ceid=US%3Aen,AP News,21 hours ago,🇮🇱 Israel Drones,https://news.google.com/api/attachments/CC8iK0NnNUpWbkpmZERGb01YQktNR3BDVFJDUEF4alhCQ2dLTWdZRnlJU2x5Z00=-w200-h112-p-df-rw,2025-09-27T12:48:43.058816
Italy naval ship sent to help Gaza aid flotilla after drone attack,https://news.google.com/read/CBMisAJBVV95cUxNcFlHRm1JRVlEZXhlVThGQWNGNHpjbkZZQXlWc2l3SFNlUWp6ZlFjNlp4dm4xWWd6LVNMNTF0NmE4YU9peGR4aE1rdDAzcHIzRFU1dmxueU5xYlBCOEp4bW04TnR2UDlPeTlYejZWVkR3cm0zcmZUcktrcTR4dWpJdlV0RnUySjFkdVhXWlBnOS0ycS10VlE1SGd2MVkwNVE5dFctMF9kaVpDb2lQZ1dkVVc1OG80Rm9JaHo2V0VzbkZwRmdfM2xtNHI1WkFHdjRpanpqZDZDbE5FN21pTlJRODhfZlRXcW9lYUFzYl83NUdCZFJsME1fTGJwMzFKT3E3SUN5eGowQ2ZPZWV0aGZlVzQxTlNjczViZlNVOGRFTVdvcjd4MDFhbVlsYk9KV1I4?hl=en-US&gl=US&ceid=US%3Aen,Good Morning America,14 hours ago,🇮🇱 Israel Drones,"https://encrypted-tbn3.gstatic.com/faviconV2?url=https://www.goodmorningamerica.com&client=NEWS_360&size=96&type=FAVICON&fallback_opts=TYPE,SIZE,URL",2025-09-27T12:48:43.058818
Heightened Israeli Drone Activity over Lebanon Raises Fears of Escalation,https://news.google.com/read/CBMitwFBVV95cUxNUXlvNGhvWlFZSHczYmVvQ2pTRGpxYWxTZWZhQUFYOHY1UllLRjFKY29IOFYtYTJqMDlOR01reGZvU21JMXRtS0Z0OTA3amxCNGtYVHBuek85OVdfQXRiclVHNXVPN0dGd21pODRBSEFxMXVIdlptYTc2VVBQMlFuZjd1b3Q4MzFORm1NVl85cUNZcWhCR1l1eTVUc3VFZzhHQlg4aWc3ZTJkOU16NTRQZ1J5bS1SYUU?hl=en-US&gl=US&ceid=US%3Aen,Asharq Al-awsat - English,3 hours ago,🇮🇱 Israel Drones,https://news.google.com/api/attachments/CC8iNkNnNUhSVVZpYTFaU00xOUtMWEZQVFJDMUFSaVhBaWdCTWc0QmNJTEd0Q0xRdHNqWW1tb3lFUQ=-w200-h112-p-df-rw,2025-09-27T12:48:43.058819
North Korea’s Kim calls for sharpening of ‘nuclear shield and sword’,https://news.google.com/read/CBMiqgFBVV95cUxNb0UxVUs4Y3A3Mk5uM2ZneXNyZFlhQTAzSDhJUW5CNUhwOG1QWmhwQ3dNWDJObElVMnptYTdOUkktZE1faldoYlZiQnRFYzJDaEw2cWdDTF9UVXU2YTJLRjhibFNKQnl5VFdTME5GS2VGWGhNYktqR1ZwemtPZDc1WDY0bXloME8wS2FBcHZub2JCM1JTODdlZjk3N3FuQWFwbXhFUjV6eXdNQdIBrwFBVV95cUxNaFJ2b0RhVGZxd2VMczhob2JVOUI1TkE5elRsY3hLY21EaW5laEdkRHFqSEJ5bjdDSEYwX0I4eTI3dGQ2YnZBQUlCeldGN1JQTEFoYUQwTHYwZ19CQm53Z0VHUkFoMjIwd1M2YWoydEhuWUNVQWRjQXBXeEp4Um1jLWdiZ0RzUEl2QkNqZE9tV3pCeUpOeG50MkFFUEZjNUc0MVVfQkgxZDI5N0w5ZDNB?hl=en-US&gl=US&ceid=US%3Aen,Al Jazeera,6 hours ago,🇰🇵 DPRK Drones,https://news.google.com/api/attachments/CC8iK0NnNUhSVTVMVVhkUlJraDViRWxNVFJDUkF4ajhCU2dLTWdZZGNZakt3UVE=-w200-h112-p-df-rw,2025-09-27T12:48:43.058821
South Korea asks Trump to act as 'peacemaker' with North Korea,https://news.google.com/read/CBMiWEFVX3lxTE1BYjdwXzFMajVkQ3FILVJXRmlBVDlGZGw5eHZUU1U0VjNtb1lBVUxGcnhrMXpGUGx6UWtvLVZVdk9OcVJhM092YWJ4anQ0dzd1bUFMYzZSVWU?hl=en-US&gl=US&ceid=US%3Aen,TRT World,9 hours ago,🇰🇵 DPRK Drones,https://news.google.com/api/attachments/CC8iK0NnNVJWMEpITjBkNFRrUlNUbTR3VFJDM0FSaVRBaWdCTWdZWkZveElGZ28=-w200-h112-p-df-rw,2025-09-27T12:48:43.058823
President Lee Calls North Korea's Nuclear 'Regime Maintenance',https://news.google.com/read/CBMiiAFBVV95cUxObzFrMWNxdkNrR3ZBQkpyOWZ0VF9mRDkxUVNjZVdxdzB5OGNtRVpndTN4RncyVGNYUk10bWdMU0NhSEpHbllLMEJ2cGk2dXRsZEtGekJ0eC1vMElaYXlMb2xBWEtZX0pBSVRtQ3FNSXBpRzFrYTFYZ0ZIOFN3Y0JRZVYyWTVLU1VB?hl=en-US&gl=US&ceid=US%3Aen,조선일보,13 hours ago,🇰🇵 DPRK Drones,https://news.google.com/api/attachments/CC8iL0NnNTJWMUpYV1VRNWRGOXZhM0kwVFJEYUFoam9CQ2dLTWdrQmdKQk10S2ZZcmdF=-w200-h112-p-df-rw,2025-09-27T12:48:43.058825
South Korea fires warning shots to repel North Korean vessel breaching sea boundary,https://news.google.com/read/CBMi-AFBVV95cUxNVjV1UlYxaDJzT1kzdFdwcXR3Y0NRS01yVjJtLVk5UlNyUFNtb0ZSMXk1QUdrYzBCc2ZjX191OGRkVDFoMWlWQmtCQXBwZkdMMURWb0RCRDdlWFlKWVdHaE85ZExCTUtwVG1ONGVaYVExYmFGOUo0Tkw2MEFkeUpwUk5BcGxsbXY5RHBtRjNSdUtIYnpRX1JIdkpVVGl3MzJwQW1DaU5ueTVMNTMxczFtVUdnRmxYcWloVnk5LVFHSWQ5bUp3dXBjdmY3elJQUUtscTFEVFNYek16eGF4OGJES2wwUV93ckVxWFctalFiQWttTkktYmduMdIB_gFBVV95cUxPX2xBQ2Z0SGZBRWlKOWhobEM5UkxORVgweTUtWXZadU1IUzRvUWRrMzkwWHFyQ0RhM3RENno1Q0F5endBT29IWjhpMXdHYS1BZ0N3RUljSVBRNE4zLU5hbFQ1REdLd1d4MjN6ZmZLM0NzNUV1ZXRWSk1iTVNMVjJpNks4RzZPTHdRd1l3TlIzaG5pbEV6b3M0T1lLN1hhcDJRSS1GTVpIZnBrZVowRUhJVFZra3I1d0Nwa1dfS25RMktaTkJYU3poeFVDYm1xOVBDYjdjSW5NMkg0a3J5eU52NUtJWGwyazlnWDRwdlg4SUFYNlZ5OEowNWFwYm9tZw?hl=en-US&gl=US&ceid=US%3Aen,The Times of India,6 hours ago,🇰🇵 DPRK Drones,https://news.google.com/api/attachments/CC8iK0NnNDNhbUpTVlU5MWJYa3hPR1Z1VFJDZkF4ampCU2dLTWdZTjBJcTR6QVE=-w200-h112-p-df-rw,2025-09-27T12:48:43.058826
"China-Taiwan Weekly Update, September 26, 2025",https://news.google.com/read/CBMinAFBVV95cUxOZGtDTGFFTW9SYWFaek9Zck1MY3MzZFJjUDk4NEl4cmE4YmlMSzJoUjAzWm54V1ctU3dtLVcxSl9CNUZHZm5uZlNPTF9oTkdmcUwtdmczUk1KZ3J0MEhHbHVXMWlfZlA2RV9VQ2FTaGRrR29yMV9UWnUxbU1qQ0V1dTIta3lLeWtoRnE0YS1BYTZQdkk0Tm5BZ21rUGY?hl=en-US&gl=US&ceid=US%3Aen,Institute for the Study of War,15 hours ago,🇰🇵 DPRK Drones,https://news.google.com/api/attachments/CC8iK0NnNUpUV1I1Y0ZWbVpsbGFSakZNVFJES0F4aWRCU2dLTWdZZEJJcUxPUVU=-w200-h112-p-df-rw,2025-09-27T12:48:43.058830
Warning Shots Fired As North Korean Ship Crosses Disputed Waters,https://news.google.com/read/CBMinwFBVV95cUxNM3VPQVNVRTRpblFDUGY3Vkdha1lUOER6TUVHVnlJREQ5SmVvRVhGM2V0N2VhRHV1dUpmSzhrOGtFcVFFckNHQW1iR0ZDOUhXVXllWVl4ei1aMVZMOWhLdXc5MVI5QzU5aTh2bFhaVFA5dG9SZUh0VGxVZ3JqX29OSlBHZzFGbkRuc2dDbHQ2VGpDdTVvTWFRSEJ0U3hhUkE?hl=en-US&gl=US&ceid=US%3Aen,Newsweek,21 hours ago,🇰🇵 DPRK Drones,https://news.google.com/api/attachments/CC8iJ0NnNHdaV2d6YkhWelNuWlhabmhGVFJDZkF4ampCU2dLTWdNdHRSSQ=-w200-h112-p-df-rw,2025-09-27T12:48:43.058832
North Korean Cluster Bomblets Found in Ukraine,https://news.google.com/read/CBMijgFBVV95cUxQc0ZpaEhOMUVfNldUaUpYWWs3U0RwVXBmaHBYb1U1WHlOeVJEWGhINUhSdWdnTEltclduSnZGSVhXZnZyc3FxVnlRWlFZV09PMzZvSmJaTUlYZWJhaU1BSWJxRHltZXJuZGFSUGstX2Z4Y0VkSV9ZRE5mTVZFd3pyQXhaeWRkX0dhM1N6bzRR?hl=en-US&gl=US&ceid=US%3Aen,Technology Org,21 hours ago,🇰🇵 DPRK Drones,https://news.google.com/api/attachments/CC8iI0NnNURVbE54YVZaTlkyUkxkVVpMVFJDZkF4ampCU2dLTWdB=-w200-h112-p-df-rw,2025-09-27T12:48:43.058833
"Global Highlights: Tariffs, Talks, and Tensions",https://news.google.com/read/CBMioAFBVV95cUxNekVudkNmaURab2FuMDRreDZIY0dxVUJqNU1ackhjcGFIdVpFalIzRmV2S0dQQno0UEFkZXozeGV1bWNoR0pOTlQ1dDFpR2JzcmM5aU1RNUxGdlg0bWlXZTdpQ2JBME5Jb2VlYkhVakRtLVJrQUcwNmZiNnJJbU5DZzdhX2VLSENPVU1PQkR3cGNfemhycWZXNU5zZUcwNVlG0gGmAUFVX3lxTE9fZVNmdXZqWVRaVUNKWkd3ZFVFNktMd1JLWWxiQkZQSlhkeEltajQ5enhfT29sVjl1ZlVnRkxnY21MQzRqR3JBX0pxd1Y5XzNZMFVubFNLRDMtalBNNzgtZjNqV2JzRFVmRllVa2JoWE5hREF2Z0JrTTd3djhZcjNaNmtTRjBDOWRUX0ZDZnY0eXZGV2hQVkxfb3drNXNxUXZFUUxtMFE?hl=en-US&gl=US&ceid=US%3Aen,Devdiscourse,12 hours ago,🇰🇵 DPRK Drones,https://news.google.com/api/attachments/CC8iK0NnNTVSMHczVTNrelIwdDVaekI0VFJDcUJCaXFCQ2dLTWdhQk01Q3VHUW8=-w200-h112-p-df-rw,2025-09-27T12:48:43.058835
Aviation safety tested by drones,https://news.google.com/read/CBMimgFBVV95cUxQY3RsdVFTNV9XQnlYWFVyV2xmWFNsME94XzV5ME5Qa2U4TTZBYmpVZ0tUZzdaX0hQLWN1cHpUeDd0MnFRMzMtVnVSMWlCOWFHS1JseFhJVXBnU09sZVY1WUh6LUN4Sng5enZyemdaZ1VYVnpiVVFGRERMUWhaajBKbzRtckxmVVNOanBvVkpsM2NiejU0XzB3YzdR?hl=en-US&gl=US&ceid=US%3Aen,eKathimerini.com,17 hours ago,🇹🇷 Turkey Drones,https://news.google.com/api/attachments/CC8iK0NnNUJjVUZ0U1ZkeFdVdDJVbXczVFJDMkF4aTlCU2dLTWdZQmNKWmt0UWM=-w200-h112-p-df-rw,2025-09-27T12:48:43.058837
Europe Should Buy And Integrate APKWS Rockets For Drone Defense – Analysis,https://news.google.com/read/CBMisgFBVV95cUxQU0FoQzJzM2ZSOVJla1dTWDNjOXN2V2paaUh1SEFmYmF5UVhlQm5uZk1mY19nZ285WndDUlJsbVBtV2xnQ0N4ZWhCeWJpQnRZS1ZFRmp1NVhteTQxeHVPU1NFOGx3SnU2NXhOUG8tS0FSdmV4dWttSlpYUzJHZGlWNWVuSmxDSk5NZU9YbnhaYWkzUTRZQ095RzVreTZpMkg4eTlEVXJVOG1faE1QdFdmUUVR?hl=en-US&gl=US&ceid=US%3Aen,Eurasia Review,13 hours ago,🇹🇷 Turkey Drones,https://news.google.com/api/attachments/CC8iJ0NnNHlVRXgzVkVoMmJsZG9ZMGxVVFJDZEF4am5CU2dLTWdNQkFBbw=-w200-h112-p-df-rw,2025-09-27T12:48:43.058839
"Urals diffs stable, Turkey cuts imports of Russian crude in Sept",https://news.google.com/read/CBMizgFBVV95cUxPd3pKQW8zdm9GT25MMmVGcHB2ODBNc2lkRUtmVFJUTVdDaW5obU1QTVotVEN3cV80dnFqUmpoRVgtcmt2VTMzRWlkM2xYdTA3WWpZQUlkN3d6LU9ERDktRmdXa3JZOUZxY2FLY1dLOWNiUTdzLVR1clgyOTlBTHM4YTJNTnJaVEJUeE55S2JXWXNsT1dUc3FWLUxLNWZYUkRna09JZkFvbDA0cWNZdDBLUm5jRzJoSk9TNDJQVW1ZR1BCZjItV24teUdrRjd6UQ?hl=en-US&gl=US&ceid=US%3Aen,TradingView,17 hours ago,🇹🇷 Turkey Drones,https://news.google.com/api/attachments/CC8iK0NnNURZazV6YjAxTVVtMDBUVGxSVFJDUkF4ajhCU2dLTWdhQlVZaUV5Z00=-w200-h112-p-df-rw,2025-09-27T12:48:43.058840
Drones disrupted airport operations in Vilnius: planes landed and took off late,https://news.google.com/read/CBMitAFBVV95cUxQcnFQTWNtVzBBajhyM3hrSndzTTJMTnFiT1dXeDFDTlJCMFI5ZFU1LTRScEo2Z2hxR2FxS1AzQWZRLURJU1NQYS0zU05XOWMtN2FTWnhQVTMxLUVJc2J2V2MzNXptR1M2anl3UDlwclVPcXVZOC1JbC1fQVpjTldkUnZ4TGpsNFZ0U1RaQ0htdlhrWVpwajB3ZG1fZmhzM0ktT3EySmNqTERrMkFUUmhZRFlmOWvSAboBQVVfeXFMTl9TLWMwOXdkWkxpZDYybGM0cEd2YlhsbjRXZmZwLUV3Nm53UVJlaTlsaEhDX3lMY1VkcGU1UkZkakVQcl9OWHpJVmFjR0lMWVVBZC10Z25kdnoyQ255ZnFxeFhzOHpIXzRkWDNSa0ZrMV8wYW5BdzQ0dFJXX0d4eTVqZG5zTHh3WVdTWHB5dGloc0duWEt5N19uTHpaYXZ5NEdfN1JNQzVRWlc1emdUOUh5YTlZQVdDX0lR?hl=en-US&gl=US&ceid=US%3Aen,news.liga.net,2 hours ago,🇹🇷 Turkey Drones,https://news.google.com/api/attachments/CC8iJ0NnNUxVSGxGTjNVNVVXSlBXWFZ3VFJDMkF4aThCU2dLTWdNaHdBNA=-w200-h112-p-df-rw,2025-09-27T12:48:43.058842
SOCOM to get robotic anti-drone tech for maritime platforms,https://news.google.com/read/CBMiywFBVV95cUxQZEJoa3Q2ZVBjOW5udk5nTE9ZemdWRGI3bE9LZ3hZWEMtR1ZfQ0d5MWdMeW82VWk0dTdseFFGc3B3Wlo1cDItRGFoT3oxRFhUSUpEQmRRZGpaSzdqUEZsWTlOSnRDbFFFRUVqUFAzbVdMYW1DQ2JOSEt6Mjg1amtXZ3JFREhDMUFmWW1KOEtWNkFHVFpjZUptOThHZXNyaHp2QW00RVh6X2JBeHJTWXRuMGRhQURMaVNRTTBKeXlzOTN3WmllYWZ1RFpGZw?hl=en-US&gl=US&ceid=US%3Aen,Defense One,16 hours ago,🤖 Autonomous Drones,https://news.google.com/api/attachments/CC8iK0NnNXRia1U0TkV4cU5tOVZlUzFLVFJDWUFSak1BaWdCTWdhWkVKS3FFUWs=-w200-h112-p-df-rw,2025-09-27T12:48:43.058844
Baltic Drone Companies Partner for New EU “Drone Wall”,https://news.google.com/read/CBMijwFBVV95cUxPNk9mZ1JXNGl5ZVVKOUFFbUQySXpienhadnQwdWNBQzR6MEZYbzBHQWhOTlhVVDdZVE9fT2JscnV3WXYtZ3pXa3dlUzIxU2VnTE5CVWpObE1YX0VOdDFZbFNzVXRLOEQtQVlyRERSNkUzLWVIbkV3dm1tOWh0YWtaczQ1RG9VTkJTRGFjbHlTY9IBlAFBVV95cUxPY2Fja0tTZXU1NmNraGNmX3c2RjlGVk9VZC1hMVRSMUhrbVFKR3dwU0FDQ2Zqb0JJVmk5Mkl6M0t3S015cVljN1FsVEFwQ042ci1NR21IbUFXS1dta2wwTlhLdzFFZmZHd0ZxRG5CQzAtQ2F0aEtENndIak1uS1pUb2ZLRE5tLUFGVG1vWl9PU2psLXd3?hl=en-US&gl=US&ceid=US%3Aen,Dronelife,20 hours ago,🤖 Autonomous Drones,https://news.google.com/api/attachments/CC8iL0NnNDVaakZoVkVKTk16bFhkRWszVFJDUEF4allCQ2dLTWdrVjBZeEpTcVZFVkFF=-w200-h112-p-df-rw,2025-09-27T12:48:43.058845
"Skydio expands drone lineup with indoor R10, long-range F10",https://news.google.com/read/CBMia0FVX3lxTE5QVDBzcTNOeXRSWFJqR0ZBa0MyR1RiTmVTRFZoRFM2QU5fblJfTW5qM2ttR01tWFdOdGlMNGxkdURkNXVqLWtpd3RDR19mZDhvZzRHZzlNemVxVmtKTFBoMjNVTXR1QUlTYkhn?hl=en-US&gl=US&ceid=US%3Aen,DroneDJ,18 hours ago,🤖 Autonomous Drones,https://news.google.com/api/attachments/CC8iK0NnNXZibHBvUm5oeWJVTXdNMVI1VFJETEFoaWVCeWdLTWdZWlk0WnJyUVU=-w200-h112-p-df-rw,2025-09-27T12:48:43.058847
Contractors Can Now Rent Drones from Sunbelt Rentals,https://news.google.com/read/CBMi4AFBVV95cUxOY0hVUlc2VmtLQThHUklmNkVTODAzVFQzUzJmTmxWMGd6LU1IZ204cXpsaTI5U1dZeFhBMEI1M3ZQczZXUmFNZ1A0TTRQUndzdlY5QWdHUjYwa0JTUEp6eEVKZTBWYVFxXzc4V0RMcV9FdUNpaVBTRGhJODNLekJ2NzdjUERiV054QTM2dHg2YnpCc181em1fZlFwYy1vN0pSRW44Vm1hTXNtRjdLTFJabnhJVzYwaEtKSmpWUkt4YXVWWTRoTWpKeklrUlFkZEstU1htNklaZ2VBZUVCOVRhag?hl=en-US&gl=US&ceid=US%3Aen,For Construction Pros,17 hours ago,🤖 Autonomous Drones,https://news.google.com/api/attachments/CC8iK0NnNUdkVWx0V0dsWExUbHhkbWx4VFJDb0FSaXNBaWdCTWdhUkY1UkpGZ3M=-w200-h112-p-df-rw,2025-09-27T12:48:43.058849
"The Future of the Fleet: AI, Autonomy and the Navy’s Hard Lessons in 2025",https://news.google.com/read/CBMirgFBVV95cUxNYmVZdG9Xbnc0NWt5amN5YnBMZndXeENWcVBkVzNYejZpREJRTFNCbmxFdHR2cUpOYmJ2SnhhYXNwZG9hdFBCd1FiVFdlaUo2eEVfRjgyLVdqMDVVdzhmTm16RU1JMmdDMW5WOUttR2YzODl0MzFvX1RtaWp1NGhsV0tzSjFybUppajRiS2IwSGU3TXpqX3RxS1ktVmpRYzJKZ1VFT1NyVkRkWmNYdGfSAa4BQVVfeXFMTWJlWXRvV253NDVreWpjeWJwTGZ3V3hDVnFQZFczWHo2aURCUUxTQm5sRXR0dnFKTmJidkp4YWFzcGRvYXRQQndRYlRXZWlKNnhFX0Y4Mi1XajA1VXc4Zk5tekVNSTJnQzFuVjlLbUdmMzg5dDMxb19UbWlqdTRobFdLc0oxcm1KaWo0YktiMEhlN016al90cUtZLVZqUWMySmdVRU9TclZEZFpjWHRn?hl=en-US&gl=US&ceid=US%3Aen,Military.com,20 hours ago,🤖 Autonomous Drones,https://news.google.com/api/attachments/CC8iK0NnNWZZV295WVV0dmRVRnZkV2xhVFJDZUF4anRCQ2dLTWdZVmdJYVlQQVU=-w200-h112-p-df-rw,2025-09-27T12:48:43.058850
From AI To Delivery Drones: Defiance's JEDI ETF Targets Next-Gen Autonomy,https://news.google.com/read/CBMiwwFBVV95cUxQZEg3M0VwdVowWnVWTGJOVTd4Q2R1cGhad2JZc0lxRVMwdUNNdDBMd1g4VUpNWUpMR1ctTHVGbHhscHZvRE9xR3FHb2ZNR2RNa25lR3dvT0oxQW45MVFRczRVR0E2QlFYaldoYlNsT29pRkJ5a3NuZ1I4a21lWGFyWUx5dzdoWHJSSTR3eWkyUGsxbmZEUGVncUtFX2dNUkNELThQaklDX1I2ak9PMjJzQWsta2hYQlp4NUladHNMdlJPOHM?hl=en-US&gl=US&ceid=US%3Aen,Benzinga,20 hours ago,🤖 Autonomous Drones,https://news.google.com/api/attachments/CC8iK0NnNW5NRlJ6T1hobU5EaEViVXBqVFJERUF4aW1CU2dLTWdZeE1vNFJuUWs=-w200-h112-p-df-rw,2025-09-27T12:48:43.058852
Ukrainian submarine TOLOKA-1000 can destroy the Crimean bridge,https://news.google.com/read/CBMinAFBVV95cUxQX2xRS2duX3l1UFQ4UTlBd1RrdlAyaVJYb0VxR0ZMQWVoa0FHU3ZuNjFXV1J2dWp1ZGtmTGh5blNRbHF3d29FTFlxVGFFQnhkdm5ROFFYckg3NkhmZHdzU3ZfWWcxRUFBUkhvRThuUFA3Wk9FSGVWaWJpZjBQVkIwMGlrSjBfRTZkYWFBaG5yeU10SUFwWjd6anRfMXo?hl=en-US&gl=US&ceid=US%3Aen,Online.UA,10 hours ago,🤖 Autonomous Drones,https://news.google.com/api/attachments/CC8iL0NnNUpiR0pxZEV4bVJHWnpkMG8zVFJEd0FSaUJBeWdLTWdrQllJNnZ1T1VXN1FF=-w200-h112-p-df-rw,2025-09-27T12:48:43.058854
Windracers gains UK and Norwegian approval for Ultra Mk2 delivery flight,https://news.google.com/read/CBMixgFBVV95cUxQb0JMMzhoYkhWaGdIRmNCS1dYWkFCSE1JU0tUN1dnOUNieHAyVWgxVHlTUDI2aXE3WDdvVlNCODhKdFB1THFnSFNSZjJ0X0JjS2trU1RRUjFNdDF1ZTZFdHpKMUJobFVRQ3M1X2RzWk9HTDFYRV8yM3ZXTXRiUml0UmlETDhyN3ZTcFZZcjRYRE1FWEIxa1FIQVlmbUEzVGtBUWlxaVJGM05WVU81NUxiTjRGRk5wMEFlaW5lLUt4SzlsM3lqVGc?hl=en-US&gl=US&ceid=US%3Aen,FlightGlobal,20 hours ago,🤖 Autonomous Drones,https://news.google.com/api/attachments/CC8iL0NnNVlSV1ZhT1c5S2JrVmhiRmhtVFJDT0FoamdBeWdLTWdrQm9KQWpzMmM4Y2dF=-w200-h112-p-df-rw,2025-09-27T12:48:43.058855
Vlog | Modern roads in Xinjiang: Tarim Desert Highway,https://news.google.com/read/CBMifEFVX3lxTFA3aXBUSWNObjc2V1pReTNVTC1uWGgwMzRDT3Zfcy1ndzh4UDg1YzVERzBRWEx6eGVlZXRKejN1N3dwUFhmSjU0YXNJamhhUUg4Z1NBbFdQeGl4ZHk1YkZRR3I4cEt1YjRsUDZuWjQ3MVlVQVpZMzRQVkMtZWY?hl=en-US&gl=US&ceid=US%3Aen,Xinhua,23 hours ago,🤖 Autonomous Drones,https://news.google.com/api/attachments/CC8iJ0NnNHdNMjEzTVhGM1NERndNRmxPVFJDM0FSaVRBaWdCTWdNeEF4SQ=-w200-h112-p-df-rw,2025-09-27T12:48:43.058857
Exclusive | U.S. Military Is Struggling to Deploy AI Weapons,https://news.google.com/read/CBMijgNBVV95cUxOaW1kODlaVXBxRlZ3WWdZRU4tOTNQbzNYSjd3VHcxYklaOXA5bHpOMTN1V1FRX1pSbkppOGZGdnl3cVBvMVk2b012YlFhSFdQOWtKOGc0VFdxVnV1QVdwRFFaaFlmN2FmLTZmeXY2VGVrTmhxaUQ3bTZJUFUzWGJUeHVaSGkzNTQtancycmNZNnlSQnpEbDJpUW1qcFN6LXpUOHgtWUFLQmZqZFpmdXBYOTgtT0hyUktqU2doV3lzcklqaDlBeGRBalViczN0QmxYMFp0M1EyNGlGMEZiRk42Yk5GT2ZpeHFjMFVJcHp3dXBYazNxWEhyUEVZLXRRS1FxN2U0SG83WngzZU5NTnVNdDAxTFpoMG9Ya1pjMTFrX0ZfYWtkSFNOdlVEb1NzekJpcFk4ZTlzOF9VMVBfUzVjV3ZhbDktcmJ1YjlVOXNNY1JhS2lnV2xFRkd2ZlR6STgyZTNNR2JoUWJJdGZ5dTRCVkY5alVJYUxyM05QRHk4SHlmTDV3VjBqMEEzblYyZw?hl=en-US&gl=US&ceid=US%3Aen,The Wall Street Journal,10 hours ago,🤖 AI Drones,https://news.google.com/api/attachments/CC8iL0NnNU1ZbnBhYjJseWIxOTZOR2Q1VFJES0F4aWVCU2dLTWdrQmdJSUNUQ09Sc0FF=-w200-h112-p-df-rw,2025-09-27T12:48:43.058859
Optim and Kyuden Drone Service Use AI to Prevent Tree-Fall Disasters,https://news.google.com/read/CBMipAFBVV95cUxQQmRkbnktUWNrOWlBMDhuNVdOVThZV3Z6em1FdXJXVXNEbmo1RDI0aXRxZUZCRUkyS2d4N0tsQlBfRXNoZHhJVkd6VjZLeXZ1cElwNUwzaEE1emVOdG45VHhlZk1LUXVIRko2S0l5THFFaEVEaGRyRzQtSVRIeG45d1JzRnJBU3NheU9WVzRhaEVZQjZqTmVYRm9yVG1kSlh3ZFlHTdIBqgFBVV95cUxQa29zUGRGLUI4cWplWlpFM2RWWEhGcG9lWVZEX1VCWXV6aUI0UmlOQzBaNlVySUI5RFVDeklpMmV0bnQ2TTdGb3M4ZUlsRW1xdUZyR3ZQeGFoYVlOaUFUWXJVdXpITHl3N0lNNVJWVXFpNnlFZXpwT2VlV2dpMVNFZXp6Q1FGS2pHSG52N3dLNzBrbDFfWnA3cFo5RmRyS2pIY3hIU1hXM0FzQQ?hl=en-US&gl=US&ceid=US%3Aen,Dronelife,20 hours ago,🤖 AI Drones,https://news.google.com/api/attachments/CC8iJ0NnNDBMVmh5TFRGelZFWlBjRWMxVFJDd0FSamlBeWdLTWdNSkVnQQ=-w200-h112-p-df-rw,2025-09-27T12:48:43.058861
Minister of Defense of Slovakia: We discussed funding for anti-drone protection with EU countries,https://news.google.com/read/CBMixAFBVV95cUxQWDFoQXRMVXZxbzk2SUNIVGFKd19XZ1JjVjZvMElnTkVlUk81ZFdaUGR3cUJsQlZ0LTd2RkZ1bENkdTI2TFFzX05yZWplZUN3amp1MDUtdTljdnkteTlLc3luSENUZkEzUlo0cFFmVXJINnR2eTQ5VTJESDVZSXU0d2N0RkJnWDJQLTRhaGxiaXBlU3AtM0NjV2ZyWkdLbnJvYUhxRVdZYTZsRE5uT2xTOWFma1YyYzhzSDIxV2pBdGx3ei1V?hl=en-US&gl=US&ceid=US%3Aen,European Newsroom,18 hours ago,🤖 AI Drones,https://news.google.com/api/attachments/CC8iK0NnNWxkbEExYUhSUWNFeDNSaTF1VFJDMkF4aTlCU2dLTWdhcFZZcnRxUWM=-w200-h112-p-df-rw,2025-09-27T12:48:43.058863
"Around the Commercial Drone Industry: Public Safety Study, Landfill Inspections, Drone Batteries",https://news.google.com/read/CBMixgFBVV95cUxPZUJpMkZOR0dJcXpZNG4tOXNDM09GUF9YWEd0V0Q2TmM2Xy1IVzEzVUVQbl9MdkM5QS1zb1VvWWJ1bEM4RnpGNkZIRzJUdGltTmhhZHhDRUt2aDlhZTY5YkYtZHhNV0hJbE5VOTNpUEtKdmtCX3NLalVxenVIdTUyT2QtaHM1bkdzVTlxakppUlQ3cXB5SU1UUkpzZjU3LWg0dndYMGh0WnpoRnpzanZWUVh2OGtkSXhibktEUy1sTGIzdUtVWnc?hl=en-US&gl=US&ceid=US%3Aen,Commercial UAV News,22 hours ago,🤖 AI Drones,https://news.google.com/api/attachments/CC8iK0NnNW1TbWRIWlRkNFNIQXhTbWM1VFJDMkF4aTlCU2dLTWdZZEFJZzZEQXM=-w200-h112-p-df-rw,2025-09-27T12:48:43.058864
Auterion closes $130M Series B round to expand drone software,https://news.google.com/read/CBMitwFBVV95cUxOSTJGU0ZWWG9KYkwtcW9HTjV5dmxUWXZoYm5EZ0pLUWY4aDhlNER5MUNXTmhFN3BpSjFiRjZSbnVZazlFRmVkRDFseUdaYkxaaTdQQXMtN2FOMkRVMTQyT185cl9lSWtyNlBzMHRxdTVKNmdJbXdTV1B4V282QW1OVmhwQzJOa002OHpSOVcwUWNzd2dabC1lRVFYZEJzNGo4Y19uQnZxQU5iTXBMYXdwbHdyYjlBVzg?hl=en-US&gl=US&ceid=US%3Aen,Washington Technology,21 hours ago,🤖 AI Drones,https://news.google.com/api/attachments/CC8iK0NnNDVaWFJMVGtsTlFtRjFlRmhOVFJDWUFSak1BaWdCTWdhSllaU3RzUWM=-w200-h112-p-df-rw,2025-09-27T12:48:43.058866
UK troops use radio-wave weapon to 'kill' drone swarm for first time,https://news.google.com/read/CBMizAJBVV95cUxOUm9qYVJUb3NkeklzWVdRSkc2ZkRzRHJXOXJDMkhXY1p5WDVZY2RydG04dlYzY1ctcFQ4ZGFvOV8zWnB1WUhOdmdhcjF4NWpnQjBzSlBocXJrdlJDa09rdURGeUR5WTYxTjl3bU5PVFBpZ0ZhdW10X2JDX0E3VDJ3MDdLbWFtaVJxVThUT3Ryem9sR3BETEg5S3lMcDVGdkdnOFNEZ2ZFWmRQazVualk4czFiZGtId0hobG84VTlhN01EM0k1a0J2c09kQWktLXUzd0lVZWZXR0JYRGotS1ZfdFpadzRnN05RWVgyRWlfWE00bUtWeVpfNW9iV2txN3BpcUJ3eWV3T3p3RjQ0dWdOOWJrQ3NBb01VN094TFRmcW00LWszdWlhMW44R2pDY1FDOFlvRUE3RjNlb1JHa043WnJLX1RZeHNrckRYdw?hl=en-US&gl=US&ceid=US%3Aen,MSN,8 hours ago,🐝 Drone Swarms,"https://encrypted-tbn2.gstatic.com/faviconV2?url=https://www.msn.com&client=NEWS_360&size=96&type=FAVICON&fallback_opts=TYPE,SIZE,URL",2025-09-27T12:48:43.058868
Russian Airspace Incursions Push NATO To Breaking Point,https://news.google.com/read/CBMikwFBVV95cUxPZUl0U2FJUWpuc2pPdTVnTEJjTThGRkRrZFFBekNvejc0LXI3ZGVSaGxsRnVDY3c0R3JNNzEzMndzZVVnT3U4dXpuWjhCMjNCMVF6QzdPQm8zbTBKcDdVLUNhRDdRLW55aU1VRDBLYUROOVV3NUpYOWZPc05kdU55d2cwU1o0bmZNVV9KazNuSGxFZFk?hl=en-US&gl=US&ceid=US%3Aen,Evrim Ağacı,17 hours ago,🐝 Drone Swarms,https://news.google.com/api/attachments/CC8iK0NnNWxXV1IxVUhsM1pXUllSbEF4VFJDM0FSaVRBaWdCTWdZaG9aVFROQWM=-w200-h112-p-df-rw,2025-09-27T12:48:43.058870
Tekever AR5 combined with GDUK acoustic processing suite at REPMUS 2025 to close sensor-to-decision cycle,https://news.google.com/read/CBMifEFVX3lxTFAzaV9scmtZcF9OTWlGX0FYV2pQcFNhdW4wWktrUl9Uc2l4N2pmbEJQMTVBN1ExTFVBMTdHV1V2a2xyZHJ0SUhoZjZoNm1PZzBfRzFrMzhfSmVvcEZyenctNmN3TnFtbzJtVzVlbndYMDFsNjFfc1hIbi1ERHA?hl=en-US&gl=US&ceid=US%3Aen,European Security & Defence,23 hours ago,🐝 Drone Swarms,https://news.google.com/api/attachments/CC8iK0NnNWxNRFp3Um1SaVFrOXlNRjlLVFJEQUF4aXNCU2dLTWdZcGtJck90QVU=-w200-h112-p-df-rw,2025-09-27T12:48:43.058872
Frontline report: Ukrainian drones systematically dismantle Russian oil infrastructure in sustained campaign,https://news.google.com/read/CBMi4AFBVV95cUxPbGFXYWdZMldkTTV2MXl2eml4Q2NVRmI0NzBSQmI3N2Uzemc5bmZfaXpRRzlhc2tDWGdiMms2ak1DS3YtczZMdmhvM1FqVWdpeG4taVdQUGx6MHVhWkdNaDRaOF9zQmtQSlUtU1RSaU12V2N3Y0dEVW1NWmp4NURHUDRFUVVNVERaYjhJRFRLWG56MDVjVE5jNFRpTnRSeS1kUmhDWEFqWDlwUVRBODhMZ082WGRkMUVGdmdveEFzY1Y3V3UxS2VmRDc5LTFCeUlLUkt6Ry1OU3hYU3QzQV9Dag?hl=en-US&gl=US&ceid=US%3Aen,Euromaidan Press,15 hours ago,🐝 Drone Swarms,https://news.google.com/api/attachments/CC8iK0NnNUZZMjVMZG5wc1NFeFZNMDltVFJDZkF4ampCU2dLTWdhaElJVFRIQWM=-w200-h112-p-df-rw,2025-09-27T12:48:43.058873
US Army Moves to Strengthen 155mm Shell Stocks With $640M Buy,https://news.google.com/read/CBMihgFBVV95cUxOTVF5STUwblJtbWNZRDNjZVJxaXA5bjdyZ0pyZ1FkdEE5R1pMVVdjbzExTjJkLWd5TlhiQ2V2aGVadlItRFdYV1pXOWZBNnJzajZrNWJQa0gyd2JtX3RJbHMwNlRMaEFSTFZKclphZ2pIck9KeF9tZVUwWkJ4c2VEVG1RSkJQd9IBhgFBVV95cUxOTVF5STUwblJtbWNZRDNjZVJxaXA5bjdyZ0pyZ1FkdEE5R1pMVVdjbzExTjJkLWd5TlhiQ2V2aGVadlItRFdYV1pXOWZBNnJzajZrNWJQa0gyd2JtX3RJbHMwNlRMaEFSTFZKclphZ2pIck9KeF9tZVUwWkJ4c2VEVG1RSkJQdw?hl=en-US&gl=US&ceid=US%3Aen,The Defense Post,23 hours ago,🐝 Drone Swarms,https://news.google.com/api/attachments/CC8iL0NnNUZUbWxpWWtKeE1UaExkR2R4VFJDWkF4anVCU2dLTWdrQkFJaVZoS1dvaWdF=-w200-h112-p-df-rw,2025-09-27T12:48:43.058875
"Russia's chilling WW3 warning to NATO: Shooting Russian planes will lead to war, Kremlin warns",https://news.google.com/read/CBMi7gJBVV95cUxOZUR4aG5tb1g1NjBkampNYjZhZFZrVUJEcGZRMUNleThZUEpIcktSUUwwaEF1WGhUVU9MYkpOa1Qta2EtNUpBMV8zWWZja2x2ZVQteVhuNndyV0NjTUxpTHZxUHlWOUtUdmZvakdSZXNrVGxyRnR0SU5zNTBfZTN4aVE5RUJwano4dXY3eFRKUGNvZjFGMzRPZEpBQjlraDlVbEFFRDFjVDJib05MTWV1aEJvTHZWSDZ0WUFXVmRUSWFGTXBDbURhaTNVbF9xbkduaXlRWHFld2poSWdXV2FvNUg1RlNZellfU3BjZFNtNTdjTW5JQUxWWXFyby1UTEsxTEEzRHBIbGF0dHZYekJZVXNkY0VFbDJObzZWM0VlUkR0WHlRX2RfSm1ZN0JES0VSVVlkeTNwVGdZWVgwUkV0ajVTa19UWjhYVi1FVVprYkNmSkZraWRNQ2hVQTA4QWVwbUczU3h2emhCU3JpV0E?hl=en-US&gl=US&ceid=US%3Aen,MSN,17 hours ago,🐝 Drone Swarms,https://news.google.com/api/attachments/CC8iK0NnNDVjRGxoWmtGU1ZHcHhSVzVGVFJEMkFoajZCQ2dLTWdZQmNwWWtMd2s=-w200-h112-p-df-rw,2025-09-27T12:48:43.058877
"Opinion | Drones, Denmark and Dark Magic",https://news.google.com/read/CBMikwFBVV95cUxPNzRxcG8wUGpUTmN2MUNIX1NFVVNOMHJ2Q2Y0YWhRbkNOOEZsd2I1V2trR2luWDRJVEtfYnZlQ2hSUk95aThVSk1xdzhTRHc4TG5ibXNJXzhZTmtyd3hLbVNuU0lQRklOWFZVVVEwMUp5TmlMSFNBZE1YMzFBdEFsLVc3MFhndVIzaV9la1ItYmFDZUE?hl=en-US&gl=US&ceid=US%3Aen,The New York Times,1 hour ago,🔬 Drone Technology,https://news.google.com/api/attachments/CC8iK0NnNTRVVVZSZVdFME5GWlVWWFo0VFJDUUJSalRBeWdLTWdhTlFZWVN2UVU=-w200-h112-p-df-rw,2025-09-27T12:48:43.058878
Stony Brook Southampton to Host ‘Careers of Tomorrow’ Drone Technology Showcase,https://news.google.com/read/CBMiuAFBVV95cUxQRzhMNTYwMmI5TE03aWxlRUhHVHgwZVFHSXZ6dnFjQWhrTFZPcjZSNDV6V294aFpoM0lseHRWUnEzWDNpeWZWamg4TGp1RkhFNFJiY3E4UHJyV2F6T0dSY01fRVJFcHZYUU0zSXhoRUMwZ0hDbGxoQ0hCZFlHSE1Cb001OW1yR0hmdUMzaGU2LWphLS1mb3huejkxNXRYdk92X0pQemNHWEJ3NnFuZnZTVG9JS0ttbmlB?hl=en-US&gl=US&ceid=US%3Aen,SBU News,14 hours ago,🔬 Drone Technology,https://news.google.com/api/attachments/CC8iK0NnNVBka3gyY25oMFNrMVdVQzFTVFJESUFSaXNBaWdLTWdZbFlJQ05xUVk=-w200-h112-p-df-rw,2025-09-27T12:48:43.058880
Flock Safety Bets on Drones for Market Expansion Push,https://news.google.com/read/CBMiiAFBVV95cUxOTDdYOVZRcF9fVFBIcUg2c0R6NjVVMk5OOVFGMElMRGs4TjhYWVBYQ0gtVjJ1RHBZbjR2eGZrUUcyM0stODZTeUFfdzVnUWRwbmxWbkZWUEdlRUdfNkxyMC1kd2wza1FEaWFRYkJXQmd0V3N4NXFIM0hHQjZ1SnlUREZnWG54VF8t?hl=en-US&gl=US&ceid=US%3Aen,GovTech,14 hours ago,🔬 Drone Technology,https://news.google.com/api/attachments/CC8iK0NnNTJWMDlST1VWc2NtMHRaaTFIVFJDUUF4al9CU2dLTWdhZFZwd3FKZ2s=-w200-h112-p-df-rw,2025-09-27T12:48:43.058882
Lukashenko impressed by agricultural drone technology,https://news.google.com/read/CBMipAFBVV95cUxQWFVqbjZFWUlsTy10QkpEN3JFaTU4SWlsYk0zLVB3OFF1dFJlNFBYTy0zVG5ULUN3WXlwRGlzNDFZd1JhazE3Y1QzQ01CR3FZYS1tY1l1bXd1b1ZuM2pabEl2c1F3eEVMczlFVlkzQW5YQ05oaEIyYU9OOEN1dEpYMEtMY05JSXh6Ni1hbEdRbG5BblZlRXo3a0ZScGJOZ2d5Ykdqag?hl=en-US&gl=US&ceid=US%3Aen,Новости Беларуси | БелТА,2 hours ago,🔬 Drone Technology,https://news.google.com/api/attachments/CC8iI0NnNHdNRXBGUzFkalIzQnFPVmhWVFJDZUF4amxCU2dLTWdB=-w200-h112-p-df-rw,2025-09-27T12:48:43.058884
EU plans defensive wall against drones,https://news.google.com/read/CBMidkFVX3lxTE5FMnc1LXU0NXVkeHhmSHMyVzRLcklkdUF2cFpTcWV0cGtHYkRrSGFrRHZZMEtwZHpZb3I5QVlpN2V3U1FHek5GZl9BYUJEcVN4RlpOZzRYUVVXQUdnRnVQcG11aUJNbmhFRllUTHlRdm9XRXZCd1E?hl=en-US&gl=US&ceid=US%3Aen,deutschland.de,3 hours ago,🛩️ Unmanned Aircraft,https://news.google.com/api/attachments/CC8iI0NnNDRTVFk0UTA1clpIQlJVWGh1VFJEQ0FSaURBaWdCTWdB=-w200-h112-p-df-rw,2025-09-27T12:48:43.058885
"Ravens drone incidents underscore congressional concerns over security, safety threats",https://news.google.com/read/CBMiwgFBVV95cUxNZGdrOEFmTTlfR2ZIRGdSQ2FJYndGSEtxb0t3OXFQc3hBOHRtYmJ1X1Y4TS1DQmpUdmJBNlZnRFQ0ZW85emVOWDQ1QTVpaHVMZl9nSEh6WmRUN2sydXFnNEdfamcySVc1TFVHUnRMYzY3aUNwTG1GOWdmWEQ1UmV4WlFudUw5bXRjbVA3OXd3VjdjYjItYWZRUlBGbVhLYXA5T2FtclppUkFVZnE4VVJ6NUlVaUdrUEpqc2N2NWNRTzZmZw?hl=en-US&gl=US&ceid=US%3Aen,Maryland Daily Record,20 hours ago,🛩️ Unmanned Aircraft,https://news.google.com/api/attachments/CC8iJ0NnNTZTaTFKVVZseFIzSk9VbXBxVFJDN0F4aTBCU2dLTWdNQlVBbw=-w200-h112-p-df-rw,2025-09-27T12:48:43.058887
Drone Incidents Over Military Sites in Sweden and Denmark Raise European Security Concerns,https://news.google.com/read/CBMiuwFBVV95cUxPaTJKM0k1NWFEbExTVDd3QWx0Qk92cnNEbzJNWU5qMllId1JfeW53d3JSOEhXekNSb2poeGRISWFjZ3NCblBJbXlRR1JKLU83YnhqMzRtc2FFVUdRVjhfNkdCYk9yT1RCOXNORzM0bFpyVVR6UzZjUFE0ZDluU0FXWGtCbWtYRmpPTUltVVJlNHZOa0VlTERiMEUwYzNfeVI4OUlUOFJRLWQ4LUJmbEhXWXozaTRPUGZ5TDdr?hl=en-US&gl=US&ceid=US%3Aen,Букви,2 hours ago,🛩️ Unmanned Aircraft,https://news.google.com/api/attachments/CC8iK0NnNHhZbGcwYmpsVVJqWnRTVk5xVFJDUUF4al9CU2dLTWdhTlk1S29yUWM=-w200-h112-p-df-rw,2025-09-27T12:48:43.058889
"Europe Launches Drone Wall To Secure Travel With Denmark, Sweden, Poland, Finland, And More Developing High-Tech Defenses Against Drone Attacks On Airports : New Updates You Need To Know",https://news.google.com/read/CBMizgJBVV95cUxOd09nVll1U1hqUUV2eEllZFRyNjR5dkszSnJjVTdpN3M4dmZSNUdETHhwSVpNR0xiSWN0aXROZjN1NnVUdkRoUFFmMXhwTTAyb0pqa09DR3FKQXFSUHVpQW9ubkN4YWY2LV9PbjdTZzZVbnZZZVNhZnBQMkNxaW5IazVTaDRoeGFwVmlqQ2ZYdlhvbE1oY3F6ZkRoZENXWWowVUlNYzVXY2lVUlZvVk9KR2NhSXM0WXlLV3A1eU5HSUc0VEpqZ3I5Vk0zdElZYzBiZm1qOGFLVWNkUE1uSlZ0V2VTUGxGdkdOQ0tjRE5NT2xnc0lXSmI5dWEyU19lVlNpeW1wZGQwajgwSVNzU0FwSkhzYk5CelJNN2hwZnJ6V0FNYVZ1UF9zcmIyM3QwX0xlVkNlTDVwdUhTUFFiTUczWlpmR1p4YUJrZ3lvNjV3?hl=en-US&gl=US&ceid=US%3Aen,Travel And Tour World,4 hours ago,🛩️ Unmanned Aircraft,https://news.google.com/api/attachments/CC8iL0NnNXZWa3BqU0hOT1RVUkxNSHB5VFJES0F4aWRCU2dLTWdrQmdKQjFMS2ZJN2dF=-w200-h112-p-df-rw,2025-09-27T12:48:43.058891
NATO plans 'drone wall' to counter threats,https://news.google.com/read/CBMiiwFBVV95cUxNYnlrcGx5STQzdGVTNVl6WFpHN2Rwai1KenJiekVvaEFxdlVYOWhRRnNFdk5hcGczaEFpazJMbXZBYWx5QnF6Q280MVZkTVlUcUZ0RWxvajRnSUFSeDRISWhFbkFTWFl5ZWppRWp3elBQel9NRGJZSmd5SlFWR3AzbXQxeG1qcDFRZVdz?hl=en-US&gl=US&ceid=US%3Aen,France 24,2 hours ago,🛡️ Counter-Drone,https://news.google.com/api/attachments/CC8iL0NnNTVZMjVvY1ZkWExXWnlaM2xhVFJDZkF4ampCU2dLTWdtZFlaYXJvS2NkQlFN=-w200-h112-p-df-rw,2025-09-27T12:48:43.058892
Denmark accepts Swedish anti-drone help for EU summit in Copenhagen,https://news.google.com/read/CBMiqANBVV95cUxQSXN6NzdmZXM0bjJiaUtJaUhVa2FQTzgxLUxzbmttQVg0ekZ0QUNSckhMb3RQRldhaGdjRGpsQXNKbTdycnduNXNNMVZzME5PYncxTVhxWVZWeG51Y0RnQzJzbktUQkxsT2lMclBDS2cyX1RZVEpQUWtpWjA1bzFUdTBuUUl3UTcxZTBfMG43b2wxdXJmSU5RNTlJMHVWN1hXVEl1VzlnWnNSdUdLVGRRWnhteURCbXA5alBTS1pUeURCVC1FbEFTb1BsSUVRcjFiZWFpMEh0eTlyTVJpUEVId1hzOGttWkQtVmkwV19aZmdjNXV2OHp5RTBBZHBtX2xMY3lUS1EzREhfS2dtQ0t3VEJlRVppd1o5VkRUQUR0QnZ1LWp4anFiRWdJYW8tbTgtSzM2MDN5MGVua25GMVRhSVltMG9oNjNJMmN5RVFRa0dBM25hTzNtNVJlckJaNUpCZ0tEaXV4R0kzemVhTkJUNG5Sc05oMXpRM3VabVhyNE9wME83d2RqTDdzR1BnWXFoQXE4bTUxUG50ZndvTFJuQXNrWXBlMHpF?hl=en-US&gl=US&ceid=US%3Aen,The Local Europe,7 hours ago,🛡️ Counter-Drone,https://news.google.com/api/attachments/CC8iK0NnNXBVVzFaY1hVNU1XVjVlVVV0VFJERUF4aW1CU2dLTWdZaEk0cExHUW8=-w200-h112-p-df-rw,2025-09-27T12:48:43.058894
Denmark reports new drone sightings near its biggest military base | Daily Sabah,https://news.google.com/read/CBMirwFBVV95cUxQNElwcWRkeVMxb0dXNll5LUxvOVdMVkVqN3BUR0JKUnoxN0NDTEZuYWhtSExFb0RnaVUwNEJITmZlbHNVVDMyUUpyTXd6dFRDNDNiaGIzTmxFWEZKaDBXd3loUFZRNk16UzlxTDBsYU1td3l5SXB5MU8wMXVvTmIxa191d3F3MVZvVFVZRUtSd2RzajIzaXZoX3pJOW5vX2lzNUFyRHRlMUlDb2J3QkRR0gGvAUFVX3lxTFA0SXBxZGR5UzFvR1c2WXktTG85V0xWRWo3cFRHQkpSejE3Q0NMRm5haG1ITEVvRGdpVTA0QkhOZmVsc1VUMzJRSnJNd3p0VEM0M2JoYjNObEVYRkpoMFd3eWhQVlE2TXpTOXFMMGxhTW13eXlJcHkxTzAxdW9OYjFrX3V3cXcxVm9UVVlFS1J3ZHNqMjNpdmhfekk5bm9faXM1QXJEdGUxSUNvYndCRFE?hl=en-US&gl=US&ceid=US%3Aen,Daily Sabah,2 hours ago,🛡️ Counter-Drone,https://news.google.com/api/attachments/CC8iJ0NnNU1lRlpVZEc1blpHY3RNa2RWVFJEREF4aW9CU2dLTWdNUmtBQQ=-w200-h112-p-df-rw,2025-09-27T12:48:43.058896
EU states see anti-drone 'wall' as 'immediate priority': defence chief,https://news.google.com/read/CBMi7AFBVV95cUxNNVBUa2k0dkQwVEh2LW4xeGVVbElxUkE2Z2NBS1ZtdC1pd19iQXJjamJkSEFVbmRZY2EwV2sxenBSeEZ0eDBlMEd5czlOZ1B6UmdyQ2RtSXlyQ2J6TzJlb2NKWlU3QW4tM1NCS1pUQlNjV0R6YmltZUl0VlJmN3lFeEtUY0pkNFIwVHZ5azFmaVV4S2RfTzFuYlljcWVTY3JCdjNKeFhFTjV4c3N6V1ZpbkRrbWlvd1o1YUUwTW93VHlRS0dQUVlRZWFYYnJBaVpjeDNlOEVrazd2dXdVeVhyRjFHQ3V2TmtXZ0NjZA?hl=en-US&gl=US&ceid=US%3Aen,IslanderNews.com,6 hours ago,🛡️ Counter-Drone,https://news.google.com/api/attachments/CC8iK0NnNXhTbFZXUkZkNVRGOVBiM010VFJDZ0FoaUFCQ2dLTWdZbE5vYnNIUWs=-w200-h112-p-df-rw,2025-09-27T12:48:43.058898
"Europe Discusses Establishing ""Anti-Drone Wall""",https://news.google.com/read/CBMiVkFVX3lxTE9kbXRaclVvOVQxVlEwZC1GdkhZaGpGMjZqdVNoOGVZeG9fOXBEUTRPRnVCa2RzOUZTVXRLYTlMeXRGTjFicjROYlRzU2RtYWlfUUs3c2Vn?hl=en-US&gl=US&ceid=US%3Aen,وكالة صدى نيوز,7 hours ago,🛡️ Counter-Drone,https://news.google.com/api/attachments/CC8iK0NnNU1XVGRyYkZodVNVNHllVWQyVFJESUF4aWdCU2dLTWdZWklKSkttUWc=-w200-h112-p-df-rw,2025-09-27T12:48:43.058900
Danish defense ministry reporting drones spotted overnight at defense facilities,https://news.google.com/read/CBMirwFBVV95cUxQekRpRlZhNnl6UWxBNGdDY2Z5QzY0MXdLaWpwWFNIZ0xkcDBoaUl0c3haRUFOT2pRM1FQVFVyaDVKQlctNnMybjFNTmRxcnAxbE52R0hVLUg5QTNxaG5jc1Y1Q0lJU0Qwc2xEMTFZMzNQQmdOUmFWZDExcE5fQ3RsZER6WkZhMGJ2cHQ3ZDJZcHNGaGpJWEpuSG83c2xNVFhWSVJCb0oyaXpxc2Z6Slhz?hl=en-US&gl=US&ceid=US%3Aen,CBS News,42 minutes ago,🛡️ Drone Defense,https://news.google.com/api/attachments/CC8iJ0NnNW9hVU5FUWxGMVFYZzNTRWxHVFJDUkF4ajhCU2dLTWdPZE5nUQ=-w200-h112-p-df-rw,2025-09-27T12:48:43.058901
New Drone Sightings Over Denmark As EU Plans Defensive Wall,https://news.google.com/read/CBMiggFBVV95cUxPX3pBSE5mbnF6QmVKTjNmOVh4ZW5Jd2xKalZiSGFmQnZ0el9LYW1Ec0ZrVEhMYXRYQ1JtOGg3QlJNa1NCQWFHZHJXU0NoblJqdjUyZGdWMDdLeV9DNDRnYU1ZVC1PU0hQMkZlLXo2bElHb29PWE9wcFBOOFkyczF2dDFB0gGEAUFVX3lxTE8wR3ZCTnBrWmxuLUIyR2pkX25Qd01SbHA4a0VjN2F0R1FaZC1IVkY5Y1VNcDZtVEZzZ09XWDFSTV9ZakxZc3U2WTExWHhHaExoT3hpNzFESTBJVG9iMzViTHJFUXN0dDJXNUpQZHQzZWhoY012RHQzbFR4dk1HeHd5WjFjbg?hl=en-US&gl=US&ceid=US%3Aen,Radio Free Europe/Radio Liberty,1 hour ago,🛡️ Drone Defense,https://news.google.com/api/attachments/CC8iL0NnNHpWblp4YVhGUmVtTndYMmRtVFJDZkF4amlCU2dLTWdrVklJaXd1Q1NhWlFJ=-w200-h112-p-df-rw,2025-09-27T12:48:43.058903
Air defense neutralizes 97 of 115 drones launched by Russia against Ukraine overnight,https://news.google.com/read/CBMi0AFBVV95cUxQNzl0dFFLcVlZMWNHSXd6LUMyY2VrbzRaUDYtTjVxS3JvUndrM1JDVmt1MHBOREpyWFJNaEQ1YUFWREFidWFuRDJMUDR6RmFyNlNxNzlJb09nTU83a1JfV19QOTNkb24wYlg2NVRKTDl3cWQwbktlOU1mOVBHdjdBV3QyNll3eFI5RngtVnQ4VmM2Yk1objZ0SGRHdGJJVi13MVZmVVNGZG1kSWJtTGE2STh5RzJUQzd5YXZDSDNhbTlvN014N0VFR1lOS2R2UzdM0gHWAUFVX3lxTE9VNldmOHlGUkpHTVRqY0V1TnE3MDVXTmZKek8wZVFNR2M3anZrcnFMM2NGblBfY1pRTjZXczVtV3BMZ18tR054WTRsb3lzYnJCeXB5MDhEOFg0ZVZ6ZGdJNFdlaVh3Q2J6dWdoXy1XUm1DZ0xTTWVDRlpKQjVXd0NxTkgzNDMwLVFwUVpTY2VKSnRlUms2N3B4RnZrREdFMnZ3WDR0T2RUdTJCOThYcHliZmVRSUVRSkNSQWstc3B6M0hNcFVXcHpwSmdLLW9ja1k3UUNCWWc?hl=en-US&gl=US&ceid=US%3Aen,Ukrinform,5 hours ago,🛡️ Drone Defense,https://news.google.com/api/attachments/CC8iK0NnNDVZelZYTm1kTWNHZ3dhMjVvVFJEb0FoajJCQ2dLTWdhdElZSnZGUWs=-w200-h112-p-df-rw,2025-09-27T12:48:43.058905
Sierra Nevada Corp to provide C-UAS services to Ukraine Navy,https://news.google.com/read/CBMixwFBVV95cUxQSE1ZeTY3WklmRjczQ0FJSDhudElHaGdmNmRYdWxibFNXbEpEcmxLR29PdlBJQlhucEhlNWVqZGFmUGRWdUkwbHRxblJnc3NpZEhiWmNKSk95bVJJdDlHSWZJdkdqTlFUdjNrWmR4OUpWZTROV1pEaE9Vc293LTk0V3FjSzc0cHJ5MWM2Wk4zVlJOczJaWjhEeG5tMV95bmpNb0ZHQzZtTWpOYUw4Q3BvVUdXcEs0XzNTbEM3b2J2X3RGUThzbU1N?hl=en-US&gl=US&ceid=US%3Aen,Unmanned airspace,21 hours ago,🛡️ Counter-UAV,https://news.google.com/api/attachments/CC8iI0NnNW9ZblI1VjJjMWFrcExVR05KVFJDekF4akJCU2dLTWdB=-w200-h112-p-df-rw,2025-09-27T12:48:43.058906
European defense ministers are holding 'drone wall' talks as airspace violations mount,https://news.google.com/read/CBMiaEFVX3lxTE90QU5saGFLSHk0aThQR0VTSTRxb0Myazh6bDlBVE9qbEZGbDdadFhYM3NLTjZ5cmpyU2Rha005aXlOY3BseWhBUGlSTEVOX1g1VHlhTzFPZVZhTkhZRGFJSHB6YWlxd2dy?hl=en-US&gl=US&ceid=US%3Aen,RiverBender.com,23 hours ago,🛡️ Counter-UAV,https://news.google.com/api/attachments/CC8iK0NnNTBWVTVOV21sTVFuTjJOVzlIVFJDM0FSaVRBaWdCTWdheEU0cHhGUW8=-w200-h112-p-df-rw,2025-09-27T12:48:43.058908
Defense Tech Surge Attracts $28B Institutional Rush as AI Security Threats Multiply,https://news.google.com/read/CBMiygFBVV95cUxNTHpxai0yYlpHNUE2d09YblRkS21ob3EwOWxUS1hHS1BHUHFiUnFEUkliNkhYN0dCRnd1SkVWdnNNM2l6N3VnWXZtOWtKWGlJdDVOSnlJUU55djhzTGh6ekk1OExVVTE4cHhqQk5XUmIxN2xUbE0wM1BmaW1fZzlVemdSRFNDS2V0ZEVmb2F1Smd2S3ZLRHRrTnFvck9aa0dFVE9mNlhqN1hLZE9IeXlfTVE3b0lBaDFIdDZHNWFFdkhLd2JvTUNlNUFn?hl=en-US&gl=US&ceid=US%3Aen,The Malaysian Reserve,19 hours ago,🛡️ Counter-UAV,https://news.google.com/api/attachments/CC8iKkNnNXRZWHBJZDJkWVZpMXhkV2RGVFJCekdJb0RLQW95QmdHeGtPSzZCZw=-w200-h112-p-df-rw,2025-09-27T12:48:43.058910
The Defense Tech Arms Race: Why The Last Half Of 2025 Could Crown New Industry Kings,https://news.google.com/read/CBMiswFBVV95cUxOc2dVcUgxdTNlNUdCbTdmdVBrYUUwQ2NWQVlqcDFZLThiU0J1ZlZ6NDlxazNuWVF3M1RuQXZFQnYxNFpNQXp4Mm9pZ3NzRVZZMVFKa1ZhV0FyTHNvYXdmUWZVUFAyaTk0b2lRRVhYQlNwRmY1WV9TUG0yN0gtVENWazJkSUZmZm1wNGVGejdQeEF2NlhuQ2JCNXBoc2pJd1paT19lclRMZU1WUFlxOHpTNEpUNA?hl=en-US&gl=US&ceid=US%3Aen,Mena FN,22 hours ago,🛡️ Counter-UAV,https://news.google.com/api/attachments/CC8iI0NnNTRVRGRKWkZSclRsSTRiSHBVVFJEbkFSanRBeWdLTWdB=-w200-h112-p-df-rw,2025-09-27T12:48:43.058911
UND football utilizing drones to film practice,https://news.google.com/read/CBMimgFBVV95cUxNelNmdEZVbmQwZ0JYUm84ZUphaFhlOXYzWElfRkNZc0lOQ0RqRUlwd3J2VTFCcDR5Qnl0cU84WTF2TDBmenl4SW4xcE5ENVcxRUs0VFFOOUNtTDJxNnhNbXF3ZF91WWFybkpPY2FsT0x2bzhLeFgxSGthbmhidDVielpZYWVrdXRQUW5OT2d1QnJyZVpNUVRBOXRB?hl=en-US&gl=US&ceid=US%3Aen,Grand Forks Herald,22 hours ago,📦 Commercial Drones,https://news.google.com/api/attachments/CC8iK0NnNXZabVJRWVdKWWRVTXdNVkpRVFJERUF4aW1CU2dLTWdZQmNJNEVwd2s=-w200-h112-p-df-rw,2025-09-27T12:48:43.058913
US Court Upholds DJI’s Chinese Military Company Label Amid Tech Tensions,https://news.google.com/read/CBMioAFBVV95cUxNQTFJenM3aHR4WVp1c3hfUFRVcThaZEM0LTNUeS1tRTJPdlJOekUzaUg4T2dBYTR6a3NSMDRtS25wUXhxRDBmeENXUDlQSl9tNnVDWnhOSS1wYkY2anRlTHRqQWE0Qk5mdkttTXBPOS1CbTNtaHdoNG5TNUNQeHJaOGtiM0VDSnFjUE5tZUxCd0JRR1NUQXh2NEk1Z3hMaVkz?hl=en-US&gl=US&ceid=US%3Aen,WebProNews,17 hours ago,📦 Commercial Drones,https://news.google.com/api/attachments/CC8iK0NnNDRSVzF3TlVRdFRrdENjRkJQVFJDQUJSamdBeWdLTWdZdEZaQ3VsUW8=-w200-h112-p-df-rw,2025-09-27T12:48:43.058915
Key Takeaways from Commercial UAV Expo 2025,https://news.google.com/read/CBMikAFBVV95cUxOZnJ1Q2p6OF9mSllzMVBYaWxNdGpCQU4xZ2p0REpqaXNOdGwySzhVRks2aHBvZU1EMjZMN3NKc21Zbm40cER0VUo1a2pPSHdQSHVSSjBzcTBHeW1zMWkzajFWSjdLVlR1OHljVWM5LW9Pekp5VDZsWkEtNXhLZ3MtSXJJVGlTcktQSWFMeDVMa2s?hl=en-US&gl=US&ceid=US%3Aen,Commercial UAV News,23 hours ago,📦 Commercial Drones,https://news.google.com/api/attachments/CC8iK0NnNUpibmx0YzNwalVYQjVkMVk0VFJERUF4aW1CU2dLTWdZQlVJNFZIUW8=-w200-h112-p-df-rw,2025-09-27T12:48:43.058917
"China drone maker DJI loses lawsuit against US Pentagon, over military ties claim",https://news.google.com/read/CBMiyAFBVV95cUxQVHE3d0VzMEZ1M25YQ24wd2FsQUxncFlfYkdrbHZqbXdsQjZJdkFPeFFwWkFRLUZ5bkkxcWg5ZVdETzBmSGIxWHI4ZUZtVG5SR19NenExU2cxRGo4MnpUWlF6Q2RwTE1kdzlfdWVuMGRNRUdzdkZEMkU5SE1UUmlpRmdtUnF6eFR0eVRMSXcwS1Y5Q1BwSFV0TlgtWHpYMXdUOXlBaTFIREtiUEw5QVE0dGVMeXoxQVp3T3U0WXRNd0RadzhOSE5kSw?hl=en-US&gl=US&ceid=US%3Aen,The Straits Times,16 hours ago,📦 Commercial Drones,https://news.google.com/api/attachments/CC8iK0NnNTJkazU0Y1hkVlduTnVkRFZQVFJERUF4aW1CU2dLTWdZTkVJaXJtUW8=-w200-h112-p-df-rw,2025-09-27T12:48:43.058918
Can Colab Platforms Limited Maintain Growth Without Diluting Shareholders - Price Channel Trading & Budget Friendly Growth Tips,https://news.google.com/read/CBMirAFBVV95cUxOc0Rfam9YVm1vdGZzVW41RTRXbU1SZU1lTW9XWERLQVdWcm1yX21EZTlLcnJaUnAzYTd4OUNDZ2FzNlloNFVpX2loSXhtQW82blE5aDRZbHhYbC1hYl9na2pDeWhPZjZVOGg1X1EtbzRmaWtGMWVGR1Eyc2x0SnZlbVhzbFVTeExFcHd3OXZhWWZaRXZvV2JGRnBSQnUyYjBmSHMxaEZramRHNmpk?hl=en-US&gl=US&ceid=US%3Aen,Early Times,1 hour ago,📦 Commercial Drones,https://news.google.com/api/attachments/CC8iK0NnNDVRMjUzUlUxR1ZqRktWVkV0VFJEUUF4aVVCU2dLTWdZZE1KSjVsQW8=-w200-h112-p-df-rw,2025-09-27T12:48:43.058920
"At Climate Week, CVS Health and SkyfireAI Show How Tech Keeps Communities Safe During Disasters",https://news.google.com/read/CBMixwFBVV95cUxQWHNuN0tLTzFiZlNCRFlrd1d4VEZuRVlIVk9xcWo3X08wc0xielVuSWtoMVhEcHVNb2JpZFZLOEVKNTRmQjBPT2k0S2JQaDE5eWxCRzRGNWVEMWc3VnVWTzIwc05NTjdHU3ItRTdNYng5TC1KT0tiaXJYaEtoa3NxZTZreGNSeFMzLVJiUEw3RjlzYlFYNENybnRaRXZlb1RZbnhkcVFQc2VfUTk1VkhFRFVuWjEyVnlVbWxkTlN4TDBwVlZnNHhn0gHMAUFVX3lxTE9LbnlWdHlsMS1ibFNHOXRKVXhZX1RmUEJ6cEstNW1TZElGN3o5bXdrdHFmWWF6SFc0ZWR6RnVzNUQzMnBfa1hDTTlxTU13a1k3T0F2dWN5VkpSWnJ1NXFtQVhWNTAtZEwtd2l1T1V5WHVfWjZDamkwZEt0RHk4NlFlQ3BicDJ2T29QUV9aem9ZV29qeFdxd1RXYjUyZW9fQy0yal9BczU5NHNQb1FlTm1KbXVzUThtZENNRTE0N0hOSlRFeHFZcjU2ODRReg?hl=en-US&gl=US&ceid=US%3Aen,Dronelife,20 hours ago,📦 Drone Delivery,https://news.google.com/api/attachments/CC8iJ0NnNW9jVlpRY1hGdk9IRk1NMHRxVFJDRUF4aVdCaWdLTWdNQllBZw=-w200-h112-p-df-rw,2025-09-27T12:48:43.058922
CENTCOM launches Rapid Employment Joint Task Force to speed tech delivery,https://news.google.com/read/CBMixAFBVV95cUxQTEZ0Ukljclp5YzNOQlFnTnZQajdSUzhiTER4dmRFRG03d3JSakppOXY1bnVLMkFYTGxUX3ZwOFVMNldscUdpUUtsYXVxYkcwM1pfZjN6V1FuRFEzSjMxcWh0d3ZIR2ctMU52cDdhenJySVRKTEZ5aDJXTzFibnNtZ1BIUDd2QjBPZXlsaUg1NXI2cDg2V3p4N3doMkFueEpfZ3pmMFRRUVFEQmsxbnJHMGJfZ3FDNkJZMmFuSFREc0xuRzZZ?hl=en-US&gl=US&ceid=US%3Aen,Federal News Network,14 hours ago,📦 Drone Delivery,https://news.google.com/api/attachments/CC8iI0NnNUdRbmR6WVZNMFgxcGZWbmQyVFJERUF4aW1CU2dLTWdB=-w200-h112-p-df-rw,2025-09-27T12:48:43.058924
"Cardi B Surprises Everyone With ""ErrTime"" Remix Featuring Latto",https://news.google.com/read/CBMiekFVX3lxTE1ieG1iQzVLOTU3b1MwMUpnRTRvMlAxOThUbWFfbHNQX2FyeXlvV1p1ZWE4aXJTcy1fY25FWHVoTDJCUFdqd0tkX05KWFpDWWl0UExwNWdqTFhJbXZpdTlBYWVJS3ZsYXRMemZuektsZFFoVFFaTmFKQU1B?hl=en-US&gl=US&ceid=US%3Aen,Complex,11 hours ago,📦 Drone Delivery,https://news.google.com/api/attachments/CC8iK0NnNXJhV0Z3YXpkV1MxZHFjbFo0VFJDZkF4ampCU2dLTWdZZFE1SXFJUWs=-w200-h112-p-df-rw,2025-09-27T12:48:43.058925
"DJI's Osmo 360 Camera is Already Stealing the Show from Insta360's X5, Especially at $413",https://news.google.com/read/CBMifEFVX3lxTE85bzVra2dmUjhwd1otbTdnOTQ3WkRMWW9GYTlvN1hRN3lLX2lLMnJibGQxcTgwZDJkT0NTY2dMV1VObnJaQ2NlZjdnU1dNNmZPTThPYTBkU3FZRWRhQVEySDlnSWRLZ1BoeWFrM2RhbmRfdXNlWlljbkVZdlE?hl=en-US&gl=US&ceid=US%3Aen,TechEBlog -,14 hours ago,📦 Drone Delivery,https://news.google.com/api/attachments/CC8iK0NnNHpZVmRhY1VOVVlWZFRRVFE1VFJDcUJCaXFCQ2dLTWdhUkJhRE5qUXM=-w200-h112-p-df-rw,2025-09-27T12:48:43.058927
Drones deliver CDs to fans: Cardi B sets curious world record with new album | blue News,https://news.google.com/read/CBMisgFBVV95cUxQRXA3Y1U0R0lEbm96TDBORkJfV3N4eEFfYldpNU1ELUx1NXBMNWhGLVdQUi04WUJ3dmt6ang5VGw0LU9PZkFMOVAzT0NCdGZBUkNLdHA2dWdlLXRZc1VNY2NUZUV5dEVtTkFhSEYxQzBGRUp5cF9FUlVJOEpJMXptZU1PUHpscVEySzZrcDRpckVJLTVQTkFjbng2eVhqTlFSX3hHWTk5SVhMUGRqMkQ2SXRB?hl=en-US&gl=US&ceid=US%3Aen,blue News,15 hours ago,📦 Drone Delivery,https://news.google.com/api/attachments/CC8iK0NnNVVhWEZpUW0xcWFFbE1UMk5tVFJDM0FSaVRBaWdCTWdhaFJvNHFvZ2c=-w200-h112-p-df-rw,2025-09-27T12:48:43.058929
Retail Stores May Soon Use Drones to Chase Thieves,https://news.google.com/read/CBMicEFVX3lxTE9vRk9heTN4dUZoRTVDZWFwbFY5QVROeG1JV0NTNDlfaEVwdUNZcU0xRE9LZkVBeGQ0bWdnYlFYV2hkamt0eGUxY1JQOWJsdzZVbmoxZHFiU2FrMHFJRThralR6MEViOXJFWG1teE4zT08?hl=en-US&gl=US&ceid=US%3Aen,Gizmodo,18 hours ago,📦 Drone Delivery,https://news.google.com/api/attachments/CC8iK0NnNW9ZV0ZvYjFadmRHUldUVXRsVFJERUF4aW1CU2dLTWdhbGc1QnZQUVk=-w200-h112-p-df-rw,2025-09-27T12:48:43.058931
Drones Are Playing An Increasingly Important Role In Agriculture,https://news.google.com/read/CBMiugFBVV95cUxPRWFpakhzMDBXQWE0b2ZkSFpOZGJDNU9uNXBBYjkyaEh2RkNTMmxtVk1kdkNMeEltSVNZczFWdnpYSHhVNW1Xc1JYSFVNcUh4WFppSkROUnhPUjFfXzRFMkRTWkw4SGE3UnozcTBJNEhQRkFmcWNfTEZ5RXZrakhRakQ5WFpVODEydDJuVEFOTEJyUWVLenUyeV90ZjlfUkdSaVlzcTNsbDBYT2tibVI3VVBnZFNMM2N3T1E?hl=en-US&gl=US&ceid=US%3Aen,Forbes,21 hours ago,🚜 Agricultural Drones,https://news.google.com/api/attachments/CC8iK0NnNHhVbTFvY2xwa2NEQk9OSGxCVFJDZkF4amlCU2dLTWdZbEZKN05FUXM=-w200-h112-p-df-rw,2025-09-27T12:48:43.058933
Evolution of sugar cane farming,https://news.google.com/read/CBMifkFVX3lxTE1CVmdtWDYtX2pCTGszUURqQlNPUk53NHRURW1td0pDZWhaVHAtUXNtUGpEMWxXU3Blb25Yb1hOZl9ndlJidXV2V3AxYjJYT2pRWkVwalNLSUFDeHJhN0JmS0NnaV9OY0g3ZWhVWUdmMzFZNmhCeG5tbHd4OFVDUdIBgwFBVV95cUxQa193UHhRTFlGVHViTWtlU0xPNDY0X1BJSlZybno1VDFQUlNBZjNkdlFfci1vS19vSTNBSWhyR2lWVGQyYXI5Y0FlTlgyWWlsUTBVS0dsV01PblZJT3NTMm5KMUlyVFRvQWlSb0ljNVFWSGc5cnAyWXhSZXVhTC1zSnVPVQ?hl=en-US&gl=US&ceid=US%3Aen,KLFY.com,14 hours ago,🚜 Agricultural Drones,https://news.google.com/api/attachments/CC8iL0NnNDNVM1JNUkVaRVNIZDRiekF0VFJDZkF4ampCU2dLTWdrVmRJQ3RyV0thbUFB=-w200-h112-p-df-rw,2025-09-27T12:48:43.058934
Advanced aerial tools bring data driven farming solutions,https://news.google.com/read/CBMipgFBVV95cUxQT0hNM3c2anhzVTFSR1lMWHdXZFM4MlZGNzJuV0pUS19QM2lEc253eHFEMTRjWDd5UE9YTmRuSWNTS0N3dmdndkhNNUx2R0VQODBMWi1yVVI3aVdPNVBtYnl2ejJLdTNFeVNTOXkyTDNNZTRxakowLXVaZ3dMeHhEaWUyNGVtbWN4NDVjR3VzWVlyUkdqZjNwZlJZWVVCd1Jsbjh0c01B?hl=en-US&gl=US&ceid=US%3Aen,Farms.com,21 hours ago,🚜 Agricultural Drones,https://news.google.com/api/attachments/CC8iL0NnNDBTMGhzWm5WalNuSkVPVkEyVFJDMEFSakFBaWdLTWdrQmNJSUZ0cUlHRWdF=-w200-h112-p-df-rw,2025-09-27T12:48:43.058936
Tamil Nadu's Agricultural Ascent: Innovations and Initiatives,https://news.google.com/read/CBMiugFBVV95cUxQYXk3akVzT3RkQU9mZVJEOEdjdVFOSlZMeVp5TGZfbDI4bjREVGUyWC1tdzlrTFRiRXpjOHl0RHRmQmVRZE9fOGpIbXktVy0xQVhkRHA4OWRaWEw2LWJHUGZ5QWY3cnpveXBvbXMyUzFXOVJtLXBIdWIxbEU4UFNHdkZvQ0w0dnJiTVd4MkFNLWFmNWhFVUwxbkVWTTdrc3NiaVFwNlN0OXZ5VHlMSk9MYWhsZVRYSlc0TEHSAboBQVVfeXFMUGF5N2pFc090ZEFPZmVSRDhHY3VRTkpWTHlaeUxmX2wyOG40RFRlMlgtbXc5a0xUYkV6Yzh5dER0ZkJlUWRPXzhqSG15LVctMUFYZERwODlkWlhMNi1iR1BmeUFmN3J6b3lwb21zMlMxVzlSbS1wSHViMWxFOFBTR3ZGb0NMNHZyYk1XeDJBTS1hZjVoRVVMMW5FVk03a3NzYmlRcDZTdDl2eVR5TEpPTGFobGVUWEpXNExB?hl=en-US&gl=US&ceid=US%3Aen,Devdiscourse,2 hours ago,🚜 Agricultural Drones,https://news.google.com/api/attachments/CC8iL0NnNTJhVEZLWmsxeWNqaFlZazU2VFJDcUJCaXFCQ2dLTWdrQlVJYnJNZWF4a1FF=-w200-h112-p-df-rw,2025-09-27T12:48:43.058938
Russia eyes more sunflower oil exports to India,https://news.google.com/read/CBMiwwFBVV95cUxPVmpjWUlzc2pwcnNRQTZ1cm5sZ0ExUmlHb0FWUm5xZVVTZmZxck5ZOUhJdVFrdGRUT1JhTlNHd0V3RndNUjdJd08wa3BabGNvdHhpdmNHeTlLbkhFNzREOWZGdzhmMGRIUHFmWlVXenJZVUpVblZldGYyMzFTRHVUTzZPb0hvNlZZTHRuZ2lvcGxoTFR6dHVQTjZlcDFzSHpFZEFQRzlfUTlYNGhwSms1OVJfNzlPVnZURXBlbXE3NnZ2Tzg?hl=en-US&gl=US&ceid=US%3Aen,MSN,22 hours ago,🚜 Agricultural Drones,https://news.google.com/api/attachments/CC8iK0NnNWxja3RCUjE5cVVFSjJRVVpzVFJDaUF4amVCU2dLTWdhNXNaRHl2QVU=-w200-h112-p-df-rw,2025-09-27T12:48:43.058939
Day in Chernihiv region: strikes on energy infrastructure. Man was wounded. PHOTO,https://news.google.com/read/CBMixwFBVV95cUxPZ2x1Sl85RlY4T2x1MnUzSjdEMEY4RXJuS3RfT0RVeU42ZVBidzU3UTRqaGpRRXlqTVlJZ1ZtVkR5QWVwNTNrY1VWMk51YUtZY010dzdiaGI4NHJLeFplZVNISVQ0eTZoZFA5ZlhEdDRSTHFXc1JpS213UG10MXMwaGRHbGdrcHA2a0NGaXh0UVotTlRvT2lqWGFIeU42MU55azhxZEc2ajgtazBVS1pTRlVIZElUb2pUZGItbmR2MWlpZ3FpR2sw?hl=en-US&gl=US&ceid=US%3Aen,Цензор.НЕТ,4 hours ago,🚜 Agricultural Drones,https://news.google.com/api/attachments/CC8iL0NnNDNUVTAwTmxGRlVta3pVbVpVVFJEQ0FSaURBaWdCTWdrQmNJclBQR1NKandF=-w200-h112-p-df-rw,2025-09-27T12:48:43.058941
Drone Disruptions Delay Flights at Vilnius Airport Amid Stricter Regulations,https://news.google.com/read/CBMiqAFBVV95cUxOWEVkVkVfWkpUcm1vcUdvdm5OMUdyd2gxQ0poOUo0S0lsZGZNNFlRVzlUMGxabzJRdjh4M2l6X1cwWVFSd1p2STZOSkwxUTRuenNZY3MwWE9QMjUyLTVYVkRqQ2E0ZGNwT295UEdzN29McUxGU2FoNHBjVW5mLVh5U1VuUXRFVzVya05qLWtzcmJZdGVYekhrZlNwVDNCMEVzWlcza1BoS1M?hl=en-US&gl=US&ceid=US%3Aen,Букви,3 hours ago,📋 Drone Regulation,https://news.google.com/api/attachments/CC8iNkNnNTZXVlF5V1VGdVVXZElRM3BTVFJDZkF4ampCU2dLTWc0QmNJVEtNQ1p6cXFvRFhDNVlFUQ=-w200-h112-p-df-rw,2025-09-27T12:48:43.058943
CARB to hold public hearing on methane emissions regulation,https://news.google.com/read/CBMiogFBVV95cUxPemlrYjhrQlZ1cl95UjZ3dnJpLTNESkstTlRlaXhCT3NRRUxlRUdqOGl5TlRZeEJ5eG5NVDIwR2FpWE1qT0d5bm82UmZTeUhIelpncVBxdy1BekFvSVoxdVlWeEJOMnBXQVQta3RkMnhpWWdPOW1GZzhIQ1RFOE9rMU0waFJaT3NwelhSSmhtd0xLNHlYdFpIU1RyckZ6VEdVTkE?hl=en-US&gl=US&ceid=US%3Aen,Waste Today -,18 hours ago,📋 Drone Regulation,https://news.google.com/api/attachments/CC8iK0NnNU9lalZXU0ROWlYxOVlhbTlVVFJDb0FSaXNBaWdCTWdhQkpvckZVZ1E=-w200-h112-p-df-rw,2025-09-27T12:48:43.058945
"Skyhawk 4K Drone 2025 Reviews: Legit or Rip-Off, Key Features, Pros, Cons, and Buyer Guide",https://news.google.com/read/CBMi4wFBVV95cUxOcjh2TTlyYVlnQzdFcF9fd0dFaXpGUmpoYzhoRFBPYW5UX2d5eXN2d0lUT3MxYkl6Y3FWa2RfbHFnNHFFdWdQU0hZbmZtOHFEU1hvVUJua1lLODBhWW5rc2tRRWxBMV9LNjZkTXZnN3J3RkxrejJhVXh5eWV3WFNVWXBKUTJ4b1pzM0VlNHdhc2FBME1qQk1ZUTNOU0tkMWszSXkzS2Vzei01S2dCcFNFYVdGSm16OVQ4M2pfcmtmSlk0SXNCMlhrQ1dlYWREQUJYZ0V6LTdFNkl2NEFiT2Q4SElhQQ?hl=en-US&gl=US&ceid=US%3Aen,ACCESS Newswire,9 hours ago,📋 Drone Regulation,https://news.google.com/api/attachments/CC8iK0NnNXNXVUYwYVVscVZVWk1jMnhhVFJEZ0FSaVFBeWdLTWdhVlk1S0pLUWc=-w200-h112-p-df-rw,2025-09-27T12:48:43.058947
DJI Shell Game Exposed: Security Bot Catches DJI's Fikaxo Proxy Before Congressional Deadline,https://news.google.com/read/CBMijAFBVV95cUxNSTVBekN4UHJlQWpubzhuR2ZQX2REXzY2Rmx4WFlFM0ItQjMzbU1kOFdqT1lFU3FNWXFwN2VPaUNmTWUtZWZIY09nel9aNmxrV0xIZTdUS0F4empSWjM1ZWZ0U3pFelN4R1ZfVzZCS1NLREJ4dnZtbkIwRE1sM0JIcU5YaXppRXcwektKUg?hl=en-US&gl=US&ceid=US%3Aen,DroneXL.co,18 hours ago,📋 Drone Regulation,https://news.google.com/api/attachments/CC8iK0NnNUVNMFIyZDBGdVp6ZFRTVVpqVFJDZkF4ampCU2dLTWdhUmM1YkxLUWc=-w200-h112-p-df-rw,2025-09-27T12:48:43.058948
Travel Advisory – Border Safety Measures in Place Across Eastern and Northeastern Thailand,https://news.google.com/read/CBMivgFBVV95cUxNcHVaSkJsVXZBWm9ucnlzTWJlckttaFdNSkQ1VFJ1cXRHRjVZVXV1RFdsSElwcTJWbjZSTl9TeHRwSXVIMEg3NTdTcGlyRnFhYXRlM2Ixb1M1cUJ1anhBaHNsQlE2VEI3X0hsa3lrS3hmN0J2UU1EWkUzNGMtQXEwVDQzd2Q1ZTZvZ0tYMzkyNFduSGxIMzdVRmstaU9XenRrYlJ2LUI3VWJBR3J0NEd4bHV6QWFuWHF5MURveHNR?hl=en-US&gl=US&ceid=US%3Aen,TAT Newsroom,5 hours ago,📋 Drone Regulation,https://news.google.com/api/attachments/CC8iK0NnNUJiVUZLVmxwak0yTmtZbk14VFJEY0FSaUdBeWdLTWdhWlFwSnFtUWs=-w200-h112-p-df-rw,2025-09-27T12:48:43.058950
LIST: These new Florida laws go into effect Oct. 1,https://news.google.com/read/CBMingFBVV95cUxOeC1zRTVyQjRFUFNodFZkOERvQWEyOUJ0RkhUVmlUaHFBS3lCS2dQR3JtTDRCT1ZWSUhoOExGck9VUko3R2NQaV9rV2c1OVlmQndoOGNyT3VFVHZmYWlaT2w2ZGJlbk9rbXM3cFEzdHVkeHJoSmFrS1RRUEpXS3FzZTVoc3ZfVF9sZUZzTmwzNFRJdUdrX29qYnh0LWxMUdIBngFBVV95cUxOeC1zRTVyQjRFUFNodFZkOERvQWEyOUJ0RkhUVmlUaHFBS3lCS2dQR3JtTDRCT1ZWSUhoOExGck9VUko3R2NQaV9rV2c1OVlmQndoOGNyT3VFVHZmYWlaT2w2ZGJlbk9rbXM3cFEzdHVkeHJoSmFrS1RRUEpXS3FzZTVoc3ZfVF9sZUZzTmwzNFRJdUdrX29qYnh0LWxMUQ?hl=en-US&gl=US&ceid=US%3Aen,WKRG,23 hours ago,📋 Drone Regulation,https://news.google.com/api/attachments/CC8iK0NnNTFYMU5OWHpkTFRFUm1aVXBrVFJDZkF4ampCU2dLTWdZSlFJQ3dwUWc=-w200-h112-p-df-rw,2025-09-27T12:48:43.058952
U.S. Tightens Grip on CDL Regulations for Non-Citizens,https://news.google.com/read/CBMisAFBVV95cUxNcm5HUDBlMld5UXJnS0EwaDJXSklYSVJZNE5xdy0zaFRHeW5xX3Y0U05WVVJ0aFFGQ3hSOG1ZSVVmdWhrcDlGQVB0anJUaGNCVVJGOUU5bkJRSTZoWkNsTTJwVXVRYWM1M2FZNkRlNzF0Uk45TktqMWhNX0lBZ2VXSDJjZUhYMDdPQ0IyWXZEY1VGWDQ5bjdFZHZPczlONmZ3VTd4cVFrT1hKdDhZTTM0VdIBsAFBVV95cUxNcm5HUDBlMld5UXJnS0EwaDJXSklYSVJZNE5xdy0zaFRHeW5xX3Y0U05WVVJ0aFFGQ3hSOG1ZSVVmdWhrcDlGQVB0anJUaGNCVVJGOUU5bkJRSTZoWkNsTTJwVXVRYWM1M2FZNkRlNzF0Uk45TktqMWhNX0lBZ2VXSDJjZUhYMDdPQ0IyWXZEY1VGWDQ5bjdFZHZPczlONmZ3VTd4cVFrT1hKdDhZTTM0VQ?hl=en-US&gl=US&ceid=US%3Aen,Devdiscourse,18 hours ago,📋 Drone Regulation,https://news.google.com/api/attachments/CC8iK0NnNVdUVTFFUWpob1ZtdzVVVXBTVFJDcUJCaXFCQ2dLTWdZQlFJcklvUWc=-w200-h112-p-df-rw,2025-09-27T12:48:43.058953
Windracers makes history with UK’s first international civil drone approval,https://news.google.com/read/CBMirgFBVV95cUxQcVc1M21YanV5M096a3cwT2EyVU5XUnl6d1Zpa1BZZHR4QzBiaHBNZDdxVjR2UXd0VEwxNzJkTDNjYTVIQXB1RlhJa3RLanpvemRqLUVLOGE2MWF6aDB5X2pGcUVZNVMtYWEzOHZWRUh4WlRpY0pmSVdvc3lzODNmTTFIVjI2NEZZTEZFU05pTU42VzJ5eU5sU1l0VWpyNmsyY2dmeDVUU3FnSXFrV3c?hl=en-US&gl=US&ceid=US%3Aen,ADS Advance,22 hours ago,📋 Drone Regulation,https://news.google.com/api/attachments/CC8iK0NnNXVaM2t4UVZSTFMwbE9TVFJXVFJDU0FSamFBaWdCTWdhQmRKSWhKd2c=-w200-h112-p-df-rw,2025-09-27T12:48:43.058955
Brookhaven Police's drone program to soar to new heights,https://news.google.com/read/CBMiigFBVV95cUxPb1A3OGFMYU91aEpuaXZxQ3Ezak5FbnZGbVpNMWx2M1hpTHFIVUlBWEJ5V0UzVFIwU2oyZ3B1OGVOYk96T1E4SjhGTXhvaDRJMzlZeUcwTXNKMGx3UDNEYmtqX2N2elo0SXB1ODRZUDdwX2FkekJHYUYzYWVIU3Z1SlpSSVV3ZmNXV2fSAY8BQVVfeXFMTzhzY0ZUR1g4M1l5TFpmcVVEN2tGTUtkbXkxT21NZEo2Q010ZTZweE0tQThFbnF5elRYLU9MTUttbC00cXdzZmo1RjNOWEZlVE1fZExscnh2bkZubmVUdFR6dkhGaDZzZmRfdjlsaTdYN1kxMTNYOG5ET2dGMG56TzRnVzlkZWplQV9EbXhmQ3M?hl=en-US&gl=US&ceid=US%3Aen,FOX 5 Atlanta,11 hours ago,📋 FAA Drone,https://news.google.com/api/attachments/CC8iJ0NnNHlkbnBmTlVOSlZXWlpTamRxVFJDZkF4ampCU2dLTWdPMTB3Zw=-w200-h112-p-df-rw,2025-09-27T12:48:43.058957
VAI applauds FAA policy enabling OSHA-approved harnesses for human external cargo,https://news.google.com/read/CBMivgFBVV95cUxQU3oxRWd6LUctVWd0TUJPdXBGZDhHSWlQSnVfZ0YtTVk0MnhZbGo2aVJmRHplLTNLZjFrZEdlSjludUpMZEwwb2dGX0E1U09uRENXRU9HTkhXcEJfWktuZjZNQl9uclp4MTNlTnRhVFRQMVVURzRhVkZkVFJobW4zR2ZlVUZwN2QyQ3MwaGU2QTBBNUJ2dXBueUNlYkIzSHlQajNxUFlZMjcxQ25kSFhoeGpQRlFoQnh5d29zbWd3?hl=en-US&gl=US&ceid=US%3Aen,Vertical Mag,19 hours ago,📋 FAA Drone,https://news.google.com/api/attachments/CC8iK0NnNHRiSEY2VVVsQlVsVnNTMkZYVFJDZkF4ampCU2dLTWdZWnM1UXF1UVk=-w200-h112-p-df-rw,2025-09-27T12:48:43.058958
United Airlines gets FAA approval for Starlink internet on Boeing 737-800,https://news.google.com/read/CBMiyAFBVV95cUxQYkd1QkV4SFJwWEpnbjBhTERHMXBHYk9PajJHVGFqSGFvSHNBZlNubnhGbmJ2ZzZodlRrRFVEdk9EU093WTFrREdXX0t1ZkQ0WlpQdXpXcXMzUDlndmpoLUVKMHlwcW8yMGN3RGJWZUNkV2J3SnNPMGlBcjV3OXpub0hYdE5fVlRaR2JRalp6UlBaWWlrWW84SjhtUktXNnhtTlp4bWdoRVFFWV8wRTlmc2xFblBzeFpSeC1pTnFaX2xQZUphUnBwQg?hl=en-US&gl=US&ceid=US%3Aen,Reuters,23 hours ago,📋 FAA Drone,https://news.google.com/api/attachments/CC8iK0NnNWthbTR5UWpaeE0xRktUbkpIVFJEOEFoaW9CaWdLTWdhUjRJb0tUZ1E=-w200-h112-p-df-rw,2025-09-27T12:48:43.058960
FAA allows Boeing to help certify 737 Max and 787 planes are safe to fly,https://news.google.com/read/CBMi6wFBVV95cUxNX0ZrU296Zmw1b0ZmN0tVaTJUSVRtbldZUnNlTDBUMHRteHlrTW9SQ3VPcUNyek1OOU1vRFBxRFNnZmc4SzRjWlhsNDFLODFzSW84MVp3UkZnVkZQVnZpR1pZSmpnQ0VsUElmY084MmdmNmVxdG5GQkhLS2d4V3JQTjdXRkJxYXM0dE9Wb0Q2bjFUQ1dhODRfR2lkWWI5a2w5Vzh4TThwUlJDMHY4clRwWEVzQXpWb1lJczFzdXNveHBSM2RJblppUmJMNVlqNE1CdER6MzN2V3JKem95dkRSc1g2a1hHcXo3ZkxB?hl=en-US&gl=US&ceid=US%3Aen,GMToday.com,17 hours ago,📋 FAA Drone,https://news.google.com/api/attachments/CC8iK0NnNVNYMmRZVXpKc05ISnhaVmRpVFJDTEFoaVFBeWdLTWdZQlFJVFB2UVU=-w200-h112-p-df-rw,2025-09-27T12:48:43.058962
"FAA returning some 737 MAX, 787 ticketing authority to Boeing",https://news.google.com/read/CBMivwFBVV95cUxOdnE1dlpWTFRodXRvUWdwMGN4TDhqS3lPWFVJZUV2TU91UGoydVpybHd2NGJOZDd0VDdqNl9EZFU0b2hUbFNjV2R2SjVzNkQ5Y212RmxkSWk3a0JqN3pZazBsMHlOcmY5OVB0bzZ5dmt3WFl3NnhZTmdqTFJOVDRORlplYUJTV3lHUGxFWmgyNHJBZTdNQ3B0WkE1Ukk5MHFiemV2ZzhmLXg4OWU4VW5BaUpiSjBCZXdnLWx1Qm5yRQ?hl=en-US&gl=US&ceid=US%3Aen,Reuters,21 hours ago,📋 FAA Drone,https://news.google.com/api/attachments/CC8iL0NnNHRhVE5JZDJ4d09VbzFTa0pCVFJERUF4aW1CU2dLTWdrQk1JYk1OZVNLYVFJ=-w200-h112-p-df-rw,2025-09-27T12:48:43.058963
"Air Force probing mysterious ‘incident’ involving flying craft near Area 51, report says",https://news.google.com/read/CBMisAFBVV95cUxNc1h1SUEydEcyLW8wdjVWZXFTVG8wWnRhSXN2T2VyZlZkZ1B2ZUFwQkxtdXRieVRtRld3RC1ZZDZMdzdhdnN0RW9odW1lOTlkNVBzR1BPVmNKN0JhUXRMaUktdzg5eGRfdFphejVmQ29INWF2RXlBRkFXakNYckdoMVU0WUlwcVM2eTVJemhTWnd3dDgzN213QVBuSHVWUThqMDRFbDF6QUlSQlZONHhCeg?hl=en-US&gl=US&ceid=US%3Aen,inkl,14 hours ago,📋 FAA Drone,https://news.google.com/api/attachments/CC8iK0NnNTZNbVp2VlZOb2NVaFBSVk4yVFJERUF4aW1CU2dLTWdZQjBJaWtTZ1U=-w200-h112-p-df-rw,2025-09-27T12:48:43.058965
"Russian forces attack energy facilities in Chernihiv region, civilian injured by FPV drone",https://news.google.com/read/CBMi1gFBVV95cUxOU19qdXFCNnRtZkRuOFJnUjBERUd6MFlRN2ZuUW44MzJLZG12bmhnbVVGbk5abTJzMUFETVYyS3NOa0V1MXg4Mk1wazUtVTIyYVRMMjBkQTdoSW12SGVIOEJBWVZ0cnhYQ1pzS0wtaVJBT0Y3b1ZnNUtkRVVZTS1JTUdZQnhHdUIzVnNsX2VmZU94VnJwOHVFZE9yemRMYXpkUUdfVmFlaW03bnVVbWdlM3lVMEdGdEhUMWJkanU4V1hiLWg1amRESjZkMGJOSGdNQXVXdTN30gHbAUFVX3lxTE1uVGd1SndSRnBVUmhEUjA5a1BHQkM4WXpicGltb1ZnYjZhX2NIcDk5eUNNYkVFQzJfckt1cFQzVmNmcDZySW8tQlNPMlExTUJhN2VfT2ZhaVI5N25VTFlweXFEdFlPUjQ1WEkyNzFYMU12bjFoclI4QmpNNjlSSjVLVEhfYlJESWdBVHA4YU0yanJfMV9sbi1xQklNY20yNWhXTXB0Wmh6Sm1WbmpFc2xTVjRnNDFPZWxZRE5RbWxuU0VZc0FQYU9fY2ZLYnFYZmV4Z3lZNGpzUkNocw?hl=en-US&gl=US&ceid=US%3Aen,Ukrinform,3 hours ago,🎮 FPV Drones,https://news.google.com/api/attachments/CC8iK0NnNVZXSEI2T1VGTk5HSXphRkI2VFJEb0FoajJCQ2dLTWdZZGNJcHVQUVk=-w200-h112-p-df-rw,2025-09-27T12:48:43.058967
New drone sightings over Denmark's biggest military base,https://news.google.com/read/CBMijwFBVV95cUxNeldQbXJZRE5QWno5cV9jN2tqU0tObjhheTJzak1rbXlwYnc1TE9kMm5YNnJCQXFIQy1Bclo1dVUzQU55SkFtakMxTlptZzViRThrbU44UnFrTDk0MmxSbmdfUHBCMTMwcEVyRzRkSl8zOVB5TnFLbl8tblF1MnJSSHFYMUVXVGJlMWFCa0hLNA?hl=en-US&gl=US&ceid=US%3Aen,Euractiv,2 hours ago,🎮 FPV Drones,https://news.google.com/api/attachments/CC8iL0NnNVNVa1pUVVZoS2VDMHpkV1pYVFJERUF4aW1CU2dLTWdrQllZelBxT1NJcndF=-w200-h112-p-df-rw,2025-09-27T12:48:43.058969
Astana hosts FPV drone operators tournament,https://news.google.com/read/CBMigwFBVV95cUxNc1RyOHdnS1JuWjBHSTUxQ3d4NHlxSkMwQmloY2wtYWhRTFNPT3JNQkhRVG81UVd2V21hVThYUEZnWTR5cHZycGliWUo5cHBMSENXYzhJbFhMcXpYU0dDWkx0R2VONVlEdjNsd2laQUQ3YUpzd3ZkZXMwdHRxX0tyYVVZSdIBgwFBVV95cUxPZGd2Rk5yTDN2WXlhT0x0MlpxZGg1VUlvZmw0c2RnUWVHRDk5cnZWV1NMWW80YmtSa09wR0p1M2tIVkc4aVRGOXp0dkIzVHhTb1ZPLXZ3ZlRyS0xnbUViRTNoZnA0Z2F1anVySUNwcXAxS29UbzBGUTZqXzJxOUEzVFpvYw?hl=en-US&gl=US&ceid=US%3Aen,qazinform.com,18 hours ago,🎮 FPV Drones,https://news.google.com/api/attachments/CC8iL0NnNHlkR2hpUWtOQ01sZ3labDk2VFJDZkF4ampCU2dLTWdtSklZclVFR3VaTXdF=-w200-h112-p-df-rw,2025-09-27T12:48:43.058970
Thunderbird Drone Festival,https://news.google.com/read/CBMicEFVX3lxTE1mV3ZBVGtESjF5RUFLR2E5dDA2LTI5cG04M05jTy1xdXJ6M09wbFh1ZFlPdWMtejBMRWIzQmVuWXJtUXUyenVvaFhtTHJ1OG9jcEpOMnFJckZJSzlNTFFsdjJFYWtfTE11bnJSVUtYX3E?hl=en-US&gl=US&ceid=US%3Aen,OKC Friday,16 hours ago,🎮 FPV Drones,https://news.google.com/api/attachments/CC8iK0NnNTBMVmhZT1ZkM09WWnFRbUpJVFJERUF4aW5CU2dLTWdZbFZwTHNwUWM=-w200-h112-p-df-rw,2025-09-27T12:48:43.058972
Russia attacks gas workers in Sumy Oblast with drone,https://news.google.com/read/CBMicEFVX3lxTE1hTGR1LTkzaFlVVW1nam1Pa3MwX3F2dFRzTU95SUlORGZ5S1BCb0xDWHZ5X2RQWkNhTGltWmFjaEJHeE91aWJXQjBfNmxEeENSRUhja19kWWRwbFdxby1hNUZmVmVoNi1QQkZhN2RhY0HSAXBBVV95cUxNYUxkdS05M2hZVVVtZ2ptT2tzMF9xdnRUc01PeUlJTkRmeUtQQm9MQ1h2eV9kUFpDYUxpbVphY2hCR3hPdWliV0IwXzZsRHhDUkVIY2tfZFlkcGxXcW8tYTVGZlZlaDYtUEJGYTdkYWNB?hl=en-US&gl=US&ceid=US%3Aen,Українська правда,4 hours ago,🎮 FPV Drones,https://news.google.com/api/attachments/CC8iK0NnNTNaMG96Y2xWYWFubDVielUxVFJDZkF4amtCU2dLTWdZQnM0Wkt3UU0=-w200-h112-p-df-rw,2025-09-27T12:48:43.058974
Reconnaissance Drones Invaded Ukraine From Hungary,https://news.google.com/read/CBMiigFBVV95cUxNS3AyS2JXRTNSQXA4Q1U5Sy1xTktBSXg2S0d6SHc3U0FCNVpRUUlvUkxrc3lBQXc5bnByX2twNDFHQVpmS1BZZWtkb1FBN2VkSTJkOUdxZmk5elNXTlVMc3g5Y3Y4VTJURWJPWVUxYWlWRFAzV3pHdWFmVU5odmVGUDJsN25YU2ttLVE?hl=en-US&gl=US&ceid=US%3Aen,Мілітарний,21 hours ago,🎮 FPV Drones,https://news.google.com/api/attachments/CC8iJ0NnNWFOeTFYVFhCYVNrMHhRbFpzVFJDZkF4ampCU2dLTWdNZHNBZw=-w200-h112-p-df-rw,2025-09-27T12:48:43.058976
Two apartment buildings damaged in drone attack on Zaporizhzhia,https://news.google.com/read/CBMiswFBVV95cUxPeDlFQ0JMdm0yUGg1Z3ZpVnVhcWFXN0JwTzZXUlFad2M1eTNhU282YmRUeFJVOUVnRHpFOTJEU0t1bExUekFmc0hqTUhmNDZvNGloUVhnQ1RDZkVycmxCOXNrQ1BCR3ROUFpOVEhaV0NhaDVnbWhBNEJ2Mlk5SmRYWkZhQXZuNURzMVlFN0w5cHhjV3FfdFJCWUNtVkstS1JQTUswb2ZsQXZpMXFibzNLSUQwVdIBuAFBVV95cUxQaTFET1drQWk3cjh0amNjV1lqWldLcUR0T09kZFhkWUREYnctNklGekE0MDlpeF81bl9RTWZsdlVKQTBUQ3lVTWs0bXJ4VTk2R0ZEMUN3MW9tajE2Wmhzc0V2YjAwcVZNaHRVbGNDOWh5eXFFRkQyZEhXMFAwTUlqYnd0dllYd2JYNkhUdnlSeUJ0aVowcXlwYmtjenhheU02MEduU0R3MVpkcnltSFBESUxBOVBCMVlP?hl=en-US&gl=US&ceid=US%3Aen,Ukrinform,4 hours ago,🎮 FPV Drones,https://news.google.com/api/attachments/CC8iL0NnNVRNbDl2ZERaR2NXUk5lRE5tVFJEb0FoajJCQ2dLTWdrQmtJNGlQU2JRVEFJ=-w200-h112-p-df-rw,2025-09-27T12:48:43.058978
Pakistan Army downs Indian Quadcopter for airspace breach near LoC,https://news.google.com/read/CBMi9gJBVV95cUxPREtTMVdPQWgzRFY0QkZLR0pXX1lvVGlZLVdCakhXX2l1Tkg2TTNyRjJCUFpjbFktSVp2WDhjZFZNZGFqSHo2aUV4b2ozWEFJal9LMGdzLWx4aXJQNVVGREFXa2JRM0gxdllxZW5fYUdDbGliZFBQd3RMUDZUeE1mSXNjaE10QXAtSWNIZ2ZDbEluY1o3ZHRKNWhwNG1ac2xRdlY5d0F0VnIwZUUwS2p0bWdoZEQyQkhmYmVJX3JDYlJuVkNOVDFIaWFLNmVIVDBqeURUaHFySTB4YjAxekxGZ21ZOVFKQXV6VHlWd1dnY1ZvaU5oS1J0bm1pSDk5a0lhRFJuNjNPX0JZQ1ZtRDRBMVV5Nm5TbDBZWlNsRWljOEVVUUNZellMX0x3OXlGdXVmQVBZcFMtcGt4TVFMSzhSNHVwTXlKMnVQRmt4V0hXV09RNkNJenlCYzI4cnItWXBFMWhuOVZWZXJrVU5uUy1LX3VheS1BQQ?hl=en-US&gl=US&ceid=US%3Aen,MSN,8 hours ago,🚁 Quadcopters,"https://encrypted-tbn2.gstatic.com/faviconV2?url=https://www.msn.com&client=NEWS_360&size=96&type=FAVICON&fallback_opts=TYPE,SIZE,URL",2025-09-27T12:48:43.058980
"DJI Loses Its Lawsuit Against the Pentagon, Remains Designated a Chinese Military Company in US",https://news.google.com/read/CBMixwFBVV95cUxNNEhpUGthUlRvVzdZVEVLd3BiSTJfUmFLZi0zNU9SWkZ5QnVsaUJuVVB5SUJZd0lMWkpySV9JMXcwN2JCYmZTLUYtWUxpbEFaUjZhUHRXbG5FZ3dmUnp2X1J0QnB5ejZ6NE9nTVJ1bGVCcllWaTg4U0NHRmdqSUVxekh4QVhMZHJ4NUc1Y3MxaWl1ZUVWeXFtWWFYakEtZmJlaV9UVnhtTHZ4SEdOdzhPT1k5aFk0Q0dkWHVtSHh5SW9kT2hEaHNn?hl=en-US&gl=US&ceid=US%3Aen,PetaPixel,17 hours ago,🚁 Quadcopters,https://news.google.com/api/attachments/CC8iK0NnNVBYMjVrUW5reE9GcG9VM05zVFJDUkF4ajhCU2dLTWdZZFk1WnNKUWc=-w200-h112-p-df-rw,2025-09-27T12:48:43.058981
Kenmare's Rebecca O'Sullivan named overall winner of Lee Strand Kerry Garda Youth Achievement Awards,https://news.google.com/read/CBMi0gFBVV95cUxOSlNQR016VFZQb19fUXptdWlqWGFzY3VNQ2RzQ1FJZ203SVoyUm9NTU9hZXNtMDVwbzQyeEtRMmtpbWw1Z3ZJVUd4RzZtb2xobmo5dmZlZzl0ekZvUE96cHo2ME9sZlp3Y005bXNuZjZDQXFkUnpLSGJzZDVJMDA4dXNRaDlLQXFUTnNtTGJKZy10dGlEVnlkbFVXQVFWQ3Bvd2NLUFpfSGl3S3dyUVR4WFBncGJNWVRya1FwTk5VSm9jQUtBRFRjVmxtbi04d09qb0E?hl=en-US&gl=US&ceid=US%3Aen,Radio Kerry,30 minutes ago,🚁 Quadcopters,https://news.google.com/api/attachments/CC8iK0NnNVpiek5JU1c1UGJERm5NRUpDVFJDM0FSaVRBaWdCTWdZZElwWU1vZ2c=-w200-h112-p-df-rw,2025-09-27T12:48:43.058983
Why Kratos Defense & Security Stock Popped Today,https://news.google.com/read/CBMiuAJBVV95cUxQTmlSSGg4bWpUWVdBNlZPVkE5bmE0S3d3aUZaNGVNRVJ5YkZNeGRFMGNTR3h5WFVNdXlqU2V4TzM2ZGlVT1NQSzdPNnFCT0FLTVJnaFI5VmpvUXZWS3M4d2hpVU9SQVZwRVlCVllLR2VWY3NJZkg2MUxEdU1mOUl4VHRXdVNwMW1pSzB5NnhZbnJNX1ZYTVV0djhLRVZkR1RRdG5YTXBUdlpHTUJTVjlVM2R6Rm5TVTBtOGRBV3pvaDhLU2Vsek5FZ3V4clFFOU4zNWdaQnZ3NV9xNFpYTWhlcEUtbkdBOTBLVXl5WTlqU1ZhUVZEc2JWUWM4SXFkaUNOVmRHNXFYSzN3V19XU01aTzV3dWk4aHFoSzlodm90T2xaZ0FHMVY5LWRmcnBIOHNLSVlyMzd0ZlI?hl=en-US&gl=US&ceid=US%3Aen,MSN,6 hours ago,🚁 VTOL Drones,https://news.google.com/api/attachments/CC8iL0NnNXVWMnMxY2toU1QyTXhRMmt5VFJERUF4aW5CU2dLTWdrUmM0eHBxcWRVa0FF=-w200-h112-p-df-rw,2025-09-27T12:48:43.058985
Kratos Defense stock hits 52-week high at 85.79 USD,https://news.google.com/read/CBMiqgFBVV95cUxNamcyTkhTTnZ3allSZDBjWmUzelk0ekVseFZBN2N3QS1pSGVjN0JhclE4SXk4TFBEQzluekFXRmIxd2w1STJIeFo3aEpPUEx5SEttTFlZWW1TYWVEM25ORGw1Rk1jV1RCYnhWQmJuNlpxbHRNM1psUGxDSWQzSWd5N2hBU3R6NjlUNFFSYV9PSDlVd1Rla0t6cklZQXVMZVBxUVo1VHJvMlhpZw?hl=en-US&gl=US&ceid=US%3Aen,Investing.com,23 hours ago,🚁 VTOL Drones,https://news.google.com/api/attachments/CC8iK0NnNVhTRGhrWmxnd04wMVZjMGxqVFJERUF4aW5CU2dLTWdZQk1KeklvUWs=-w200-h112-p-df-rw,2025-09-27T12:48:43.058986
Drone Incident Over Finnish Hydroelectric Plant Highlights Growing Security Concerns in Europe,https://news.google.com/read/CBMixgFBVV95cUxQdmxQWWhLRlA4UzQycUY1WlQ5YXRmdlV5c2kzWExHTG11eXNmWlRpZ0xNQk5xc0xkY2pIUlJCRUZEM1RWTkhWUUk0RmJlRWdtaDRLRVFGWWtYdC1GOXRiZ1pzVU1HUDFNajFpNVVWczhTeVhnOE41TlFqb0VxZE56ODBfOGpkR3dROS15bVY0ZnlCbEtNVzNjQUtXR1ZldkRTblY1NThSRFdmUzZ2OTRDR19HYnNHeU9mVWhTR0NyNEliN0QwcXc?hl=en-US&gl=US&ceid=US%3Aen,Букви,2 hours ago,👁️ Surveillance Drones,https://news.google.com/api/attachments/CC8iK0NnNDRVbEZqUkdzemFuVXpXV0ZxVFJDUUF4al9CU2dLTWdZTmM1S29yUWM=-w200-h112-p-df-rw,2025-09-27T12:48:43.058988
Flock Safety introduces automated drone security system for private enterprises,https://news.google.com/read/CBMikgFBVV95cUxOam5jZnpZNThFNlFITGlrQnJHZ1JQaWJkZlBGV1Rhb1FUdWIydHlaV2FUZDdGUmxad19aRy1yWUpQdkZEdnJDeWRQUFBpcU1FOXhCVXFId0llZUJNZmVycVlHaFFocURxdHZhblQzSXJEYW1zT1U1a19EVkVOSkx1eTlFUFgwbGViTEl6V1BEV1FPdw?hl=en-US&gl=US&ceid=US%3Aen,Airport Technology,21 hours ago,👁️ Surveillance Drones,https://news.google.com/api/attachments/CC8iI0NnNWtiVzE2TFdGV2FGRnZXV3BrVFJEeEFSaXVBeWdLTWdB=-w200-h112-p-df-rw,2025-09-27T12:48:43.058990
Mystery Drones Detected Near Sweden’s Main Naval Base,https://news.google.com/read/CBMinAFBVV95cUxPcG1tSGdXdU5qZGZ4WVBmYkp4X1dtME9ZbFA2VHpWR05jYjduSlA3T09Ja0VPWnJaaUF1MTVpOVAzT0tVRmlzcEJMZHFlUUFNRlRKQzEwNlNsMkxTM1JkVHZUUUl3ZzhLVk81Q2NEd0xtN0RCVTQ0cHJRcW55Um5lbkQ1TEI3NWllaWVOOW1NTHFya0RwMFVOZDNoUlc?hl=en-US&gl=US&ceid=US%3Aen,UNITED24 Media,4 hours ago,👁️ Surveillance Drones,https://news.google.com/api/attachments/CC8iK0NnNUhTVnAwTFhwbVUwVTBiRkZLVFJDM0F4aTdCU2dLTWdZdFlJcDdyQWc=-w200-h112-p-df-rw,2025-09-27T12:48:43.058992
Unidentified drone flies over Finnish hydro plant – Reports,https://news.google.com/read/CBMilgFBVV95cUxPWW8ta2VuRGViLWFRTjM0dzBRdHpYUXZKQkUxOVlLaTkwdWFwZGluTzZTS3F6TkhENlZnSVFCOVN2dm9qSkxfT0I4V3E1OEsyZkpMeU5JRDRxb1I4TmdUT0l2dUF0a2Q5d3JzRklwbF9BV2c2cXR2RW1sMW54UVhESkFsaU5ZME5qS1RWcDZCcFZ3TXExTmc?hl=en-US&gl=US&ceid=US%3Aen,RBC-Ukraine,2 hours ago,👁️ Surveillance Drones,https://news.google.com/api/attachments/CC8iI0NnNWZjV1V3ZEV4dWVYaHJjekJ4VFJDZkF4ampCU2dLTWdB=-w200-h112-p-df-rw,2025-09-27T12:48:43.058994
Türkiye-Iraq crude pipeline resumes oil flow after 2-year halt | Daily Sabah,https://news.google.com/read/CBMirgFBVV95cUxOWU03RUJkUGpHTFNILW5LQm9hREVtb2xvVWdqYjl0NW5Ibjg3TWFSbWZuZnpIaG9SNHJPV3oyUjBUc3NOM3RxS3dKR1psMnREVTNrdXNidGV1MERXUWpDS1B6bHNkOFd3VkFBNmZPSnNoU1czOGhoVG5WNU5xUFVrVkk1dVRwOVNSYTV2SkxNa2RIY2pHTFRONkJVaGhEWTVGdVJuMVh5RDZGV1VYeHfSAa4BQVVfeXFMTllNN0VCZFBqR0xTSC1uS0JvYURFbW9sb1VnamI5dDVuSG44N01hUm1mbmZ6SGhvUjRyT1d6MlIwVHNzTjN0cUt3SkdabDJ0RFUza3VzYnRldTBEV1FqQ0tQemxzZDhXd1ZBQTZmT0pzaFNXMzhoaFRuVjVOcVBVa1ZJNXVUcDlTUmE1dkpMTWtkSGNqR0xUTjZCVWhoRFk1RnVSbjFYeUQ2RldVWHh3?hl=en-US&gl=US&ceid=US%3Aen,Daily Sabah,5 hours ago,🇹🇷 Bayraktar,https://news.google.com/api/attachments/CC8iJ0NnNTFPRVJ4ZEZjM00wbHpSV05SVFJEREF4aW9CU2dLTWdNQmtBdw=-w200-h112-p-df-rw,2025-09-27T12:48:43.058995
Turkish Bayraktar KIZILELMA completes first armed flight with ASELSAN TOLUN munition,https://news.google.com/read/CBMisAFBVV95cUxOdllTWFlOZWRDdDBxcy05RkVCeDdjYUpBZ0hVU0tpWGh3ZmxnM3BpcGRzNlpIUjZBRGZBX2pmSDhZQmhOTExRT3E0dWloRDZEYnl0WkRmM3oxUktMZzc4VUZkaTNxWU4ycnA4bFIzYUpIT01VY0hjeklNellhSmJwVU5CdjJzX2stcmtfMHlKeFFKUVlGMDVTSWg5cXBRV0o2VHQxQTh2cUdUcGdsdnpkUw?hl=en-US&gl=US&ceid=US%3Aen,Caliber.Az,22 hours ago,🇹🇷 Bayraktar,https://news.google.com/api/attachments/CC8iK0NnNUpORXRuVG5jNFpGaHJURlEyVFJERUF4aW1CU2dLTWdZUnhwRG9QUVk=-w200-h112-p-df-rw,2025-09-27T12:48:43.058997
"Turkiye’s growing defense alliance with Egypt, Saudi Arabia",https://news.google.com/read/CBMiTkFVX3lxTFBYeU5LY3R0eWswcktBWDhxUEdJZVJxbnBLWEFpTHJQOGdPZzNfRGdhZXQ1MlhndHl3WHF3WndteXlGMzVPUHJ6NmtwVnZDQQ?hl=en-US&gl=US&ceid=US%3Aen,Arab News,23 hours ago,🇹🇷 Bayraktar,https://news.google.com/api/attachments/CC8iK0NnNXViV3RLZFRVMGRqVmZWSFpEVFJDM0FSaVRBaWdCTWdZNUJKaHdFUXM=-w200-h112-p-df-rw,2025-09-27T12:48:43.058999
Türkiye’s KIZILELMA UCAV achieves milestone with first armed test,https://news.google.com/read/CBMimAFBVV95cUxQYVFTSy1MWUJtZkZuZEw1ZnFGV0FycW50aWdDaVlfM2YzcnVJUjFnOW5IMC1sdUpzTVZXQkt6b0s2NFJiUlpqZDh3QmptOUdUOUtlT3hFMUE2M1UyU0ltbjVHcnBSTk80eUhFeHg5UmlxZm1BSUd1akliNHhaWjlmYU5PbjNSYjZPMzUyRzYtZVNXVkZuWC1YRg?hl=en-US&gl=US&ceid=US%3Aen,Aviacionline,21 hours ago,🇹🇷 Bayraktar,https://news.google.com/api/attachments/CC8iK0NnNXpZMlowZUhaME5FNU9SMU54VFJDZkF4ampCU2dLTWdhQmdaUVRyUWc=-w200-h112-p-df-rw,2025-09-27T12:48:43.059001
How The US Air Force's Successor To The MQ-9 Reaper Moves Military Drones Into The Future,https://news.google.com/read/CBMi8gJBVV95cUxNZEc5TFhJQ3pSb2Q0YVNuMnJCMjBlaVdOWGp4TGhWSTlEVlB6YUNYcmRaQlpibGVHem5aaDRKTk9wcFFmYzVaNzNiblVJcmFLVVpSQkZCVzhuR0pPZkJpY1BnYU5yXzVwZ1JaMGc3ZVprWWRSUXh6VjRlODd0WGQ2a3JwTE1RSXFBN0JjV2xrLVhBLUFaZlJ4WDZBQkZXUFJnMEJnQVMzWU1BcUtWZk1FUEtkVzU4S0FTRy1rQWhYZzUyaGVfM2tvdGRrMW1LSGg4RjhURTZTYWFhT3lkNXRaWmdSS0JoLXp0bUlEc0YyaXNBZ0wyQm9OXzZJN2NJOW9TcFZNUnFqOUNXb0tRNkJya2ZralVhQk1hMGd2YmZQWVc5aEsyMWpnX0dQOUNFV0Z4bVlXV1JVb0hDcUowY0NmcEplaTUtZWtoUlNoTF85RWlDT1JhQXYxWFBNYzNuOWFGcW9iSHNqMHUwZGZhRk80MmpB?hl=en-US&gl=US&ceid=US%3Aen,MSN,21 hours ago,🇺🇸 Reaper Drone,https://news.google.com/api/attachments/CC8iK0NnNWpTSEpOY1Vwb1YzWkZSMXA0VFJDZkF4ampCU2dLTWdZTlFwU3JyUWc=-w200-h112-p-df-rw,2025-09-27T12:48:43.059003
Russell Crowe’s $25M War Movie Unlike Anything He’s Ever Done Is Finally a Sleeper Hit on VOD,https://news.google.com/read/CBMijwFBVV95cUxOY0ZPUWxlSTZYdEVac2pIeFdYT21sLTNNSWNpd2JUWmdOU2lYdWdJRnVIbDRUQlhkTHFUOS1lYzA4c29oUVdpLV9yZ2RkMVJ6WkFTTE91QXFrZHFfTUhlbXBoVFdQUXFwdFVHdEhvb3F0U2hSWDYtamViZU43YWN4QVlYbWZQSExsTlNpZmJGcw?hl=en-US&gl=US&ceid=US%3Aen,Collider,20 hours ago,🇺🇸 Reaper Drone,https://news.google.com/api/attachments/CC8iK0NnNDRTREJJWVRGclVIcGtNV2w0VFJDZkF4ampCU2dLTWdZbFZZU3VxUVU=-w200-h112-p-df-rw,2025-09-27T12:48:43.059004
Trump’s Caribbean Strike Escalates U.S. War on Venezuelan Narco-Terrorists,https://news.google.com/read/CBMitgFBVV95cUxNaTRCUUNGZnJPVnlMZFVnOTZSMGEtZ0dDR3k4N2pJMVdQRlk3Nkh0SnNMWFA5QzBndDdOZWVSLTFIUjlYR1MtZmlmbnJwc09ubGZ1eTBtLXhfaWZKSHZxRDJuTllYRnFPM2RGdlB4SU1xREJHdWRBZGtyd1hzbFp1a293UVpIbkpnN28xdFNoRHBnMVpUT2RFVVZZNHlRSHo1NGxqek03WnJYTDZ0R25vSWdXLV9JUQ?hl=en-US&gl=US&ceid=US%3Aen,LatinAmerican Post,19 hours ago,🇺🇸 Reaper Drone,https://news.google.com/api/attachments/CC8iMkNnNDNiWFJzUkVOWGNVRjJhWFJPVFJDaEF4amdCU2dLTWdzQlFKU2dJR2tWN29taXdR=-w200-h112-p-df-rw,2025-09-27T12:48:43.059006
MQ-9B SkyGuardian flies for first time in Belgian skies,https://news.google.com/read/CBMif0FVX3lxTFBLQkJlMERTaER2V0xoMG5VdFFRaTNOcWJjdHI1MXlNMzZnRnVSNEc3dl9WTEJKdUczNkxtaHhmT095Z0NrNDgyVlR0QWZfNjN1RHpsQk5qSjJhWk5mc0ZWWC1OQUJTdlFlNERDQUdLQzR6TUlTQ29PR1UwX29KUWM?hl=en-US&gl=US&ceid=US%3Aen,European Security & Defence,19 hours ago,🇺🇸 Reaper Drone,https://news.google.com/api/attachments/CC8iL0NnNHpjRU5sTVRaa1JUZ3paMVpsVFJDUkF4ajhCU2dLTWdrQmdJREgxcUp6cndF=-w200-h112-p-df-rw,2025-09-27T12:48:43.059007
Black Arrow reaches 740 km in test and prepares integration with drones and SOCOM platforms,https://news.google.com/read/CBMi3wFBVV95cUxOeWVxZUxlRVJFSEhkLXo2M0hZc1ZXa1l0c096OFgzaHQySjgxcUJzWjhRZUZhaFc4dktrVmx4OHpXQXo1M3J2TGtzQkhmUEszc2FBYklkOHB6UTUwVUp2Z3g4ektlV1d6cGhZRGp2VDJxbXFMRnRxWGpxY0s3WE5RUG83WnByb21ndFY1X3dSYVRBbHM0LUhDUDRyMS03QkM5R0hoN3U0c2Q5bVdBalVHNU9GVUJkUXgwY0xDSnkwTUVyOFdrRlpJZ01YUURrYnVPV1JvQWQ2dDllZ0k1SlMw?hl=en-US&gl=US&ceid=US%3Aen,MSN,17 hours ago,🇺🇸 Reaper Drone,"https://encrypted-tbn2.gstatic.com/faviconV2?url=https://www.msn.com&client=NEWS_360&size=96&type=FAVICON&fallback_opts=TYPE,SIZE,URL",2025-09-27T12:48:43.059009
This alarming intel shows how TACO Trump will drag us into World War III,https://news.google.com/read/CBMiY0FVX3lxTE1NLW5FaTdBTVJvQ2NkQ1FHeXAwQlNaMjJ4VWNOcFhpOEVkMUhnM2oyQzFQMjdGbloxOFJyd0hrVVBOSEVlcllBQnF1djBBYWJRbHZtOEJYRGEzSmpUTVV0OFJ2NNIBY0FVX3lxTE1NLW5FaTdBTVJvQ2NkQ1FHeXAwQlNaMjJ4VWNOcFhpOEVkMUhnM2oyQzFQMjdGbloxOFJyd0hrVVBOSEVlcllBQnF1djBBYWJRbHZtOEJYRGEzSmpUTVV0OFJ2NA?hl=en-US&gl=US&ceid=US%3Aen,rawstory.com,3 hours ago,🇺🇸 Reaper Drone,https://news.google.com/api/attachments/CC8iL0NnNDFTMVphYVZGR2JEWkVhRlpqVFJERUF4aW1CU2dLTWdtTllwSVRJYW14cmdF=-w200-h112-p-df-rw,2025-09-27T12:48:43.059011
DJI’s Legal Challenge Against the US Department of Defense: A Look at the Court’s Ruling,https://news.google.com/read/CBMiuwFBVV95cUxOMlZVSzVGMU50a0RKZ1l5bEpKNWtQVHRVVzNiTlZYQllqRHNVeUZES3ZBYUVFc1lsOUFnRkRJSDcwaTNYTG5rQ0h5N1pBYnd3NHZHdVBTWnZmalIyZWRUc2RGS0p6MXhpQWtvVU1TenQ0bUlfLTZaNkRuNE9xSzl3WVUxNjdnY1BXandCQTJLaHM1RXZjVU11bzFNRnE3NC1aNXJ0ODA1MjRsNkR1RDZxaFRNOHNCMWNNSHp3?hl=en-US&gl=US&ceid=US%3Aen,sUAS News,3 hours ago,🇨🇳 DJI,https://news.google.com/api/attachments/CC8iL0NnNUxVUzB3VUY5bGIzaGFjWFZCVFJDZ0F4amhCU2dLTWdtQk1ZVFVHR3FTQ2dJ=-w200-h112-p-df-rw,2025-09-27T12:48:43.059013
DJI Mini 5 Pro Leak Shocks Drone World with 52-Minute Flight Time and 1-Inch Camera – Everything We Know,https://news.google.com/read/CBMiwAFBVV95cUxQbFRVX09Wb05fOWtsblM5TTkyckxXR3Mtd204MVpocVhqcnJFWVZqVndySUlLWWJ3YXkzZkRYNnYzV1hZNFVOcmFWYTdvSFJrNVgtV01KdURJMFd4VmdadXlyNnZvbWY2MTFzVm9IZVFudTBVcUo4Qllrdmh6NXI3QnlKdm54VUNOWGE0aExyUmV5aU9BRm0yblhhSmdDT2ZIRmdCOFR4ZEg5Q0lvOGhJUjR4djJaZ3VUeVY2NnhJN2M?hl=en-US&gl=US&ceid=US%3Aen,ts2.tech,11 hours ago,🇨🇳 DJI,https://news.google.com/api/attachments/CC8iK0NnNDRRWEpoZVVOUU5sTklkRUZSVFJERUF4aW1CU2dLTWdhbGRJcXRMUVk=-w200-h112-p-df-rw,2025-09-27T12:48:43.059014
Air Force AI writes battle plans faster than humans can — but some of them are wrong,https://news.google.com/read/CBMiuwFBVV95cUxObGhFSmRVX0xfeHoyeDdLU29aXzZ4UmVjX0RXRUxkVEh6WENFSEt0YlZ1MEJ2bXlLLU8wMzhOSVQ0Z3B3QlVObkhiNFN0STlfa0w2QlVFOWJsd0RDblVqUW1tOXR6QmRYZS1KOFhhTTVVakRTbFlkQXVZWUpNYmVVR2pXRWRpSGtRS3U0Tk84Mnk1MXNwOTh1dGl5M2xpdDU2MW15NUt6bjZ6b3hoc3VDRGJjblhBWTJlbGtn?hl=en-US&gl=US&ceid=US%3Aen,Breaking Defense,20 hours ago,🇺🇸 General Atomics,https://news.google.com/api/attachments/CC8iK0NnNDBlRkpPWjFKRWJYSkVPRlJVVFJDZ0F4amlCU2dLTWdZdE5KeVBuUWs=-w200-h112-p-df-rw,2025-09-27T12:48:43.059016
"Russia is helping China prepare to attack Taiwan, RUSI report says",https://news.google.com/read/CBMiwwFBVV95cUxQdmFCb1F1b3pMY0NPQjdBcGJudE4xNWtIdml0czFTajBFNDBWbzM0SG1obHJmTW5wYVptWlpPSTZCOUNxVDJ3ZWZWLWJGbGNLeWQ4a0NyeG85SF8tNjVuUEpxYmdJd2FUR1J0c1FQcS1Ma25acHo0NmFwNjgxUy1xRkRyNUpldTdIZWU4S2pkaDhVMjRlZjJYbktjTUdGY3BNUFpxMlFqSnZQYVU2OXI1SDFoUGx1bVJDaEpNbGdNQkd3UFU?hl=en-US&gl=US&ceid=US%3Aen,Defense News,17 hours ago,📰 Defense News,https://news.google.com/api/attachments/CC8iL0NnNDBXVlUyYnpaRmVGUjRjekJFVFJERUF4aW1CU2dLTWdrQkVZQk9tYUkxbGdB=-w200-h112-p-df-rw,2025-09-27T12:48:43.059018
China remains No. 1 threat in space: Space Force general,https://news.google.com/read/CBMiogFBVV95cUxPUkM2TWdrZGlrRnhyeU1XZkRKcnBJcGNLUXVudG1Yd3BHSnZwT0pQNXg5WjBGdmQ0SnhIVlNGU19JTzdtVUU2QnJxbmhOcmlrc2VxLTdMZGlqZFA0MHVnTHVSaDNyQXYwX1Y3dGVCM1VOSWVNeGQ5TTVtQWw4TERPNzZKS0owWnBSWFF5eVpLbXFfS2h5eWdwWkYxUnVGcEo5UXc?hl=en-US&gl=US&ceid=US%3Aen,Defense News,15 hours ago,📰 Defense News,https://news.google.com/api/attachments/CC8iK0NnNVpXRmhTVmxKcmNESkZTbmRUVFJERUF4aW1CU2dLTWdZQmNJWm14Z00=-w200-h112-p-df-rw,2025-09-27T12:48:43.059019
Germany pursues multi-pronged quest for long-range missiles,https://news.google.com/read/CBMiswFBVV95cUxPeHF0SlNSdDRsWWVvU19raDdBZFFtY2xzWjBJeTFIZXlQUlJxcExEb0FLVkxpcngwVnZKc0hrblAxUVJJbHFhelNuNHoxRVQ1c2RzWW9vbl9CTUVZUHdSZE9VSGJXbjlIX180MzRDcnZ3bllGN2RFbEFGbkt2b3BkZ05QWUo5aFhwejNTMnN5cEVEMnFWd2xiM0pQNUJqT1FxbnRmdTVsampDcE9GZElKRExfYw?hl=en-US&gl=US&ceid=US%3Aen,Defense News,21 hours ago,📰 Defense News,https://news.google.com/api/attachments/CC8iL0NnNVZObW8xTTNoZlJXTmhVRVpGVFJERUF4aW1CU2dLTWdrQklKNGFJR21ScGdJ=-w200-h112-p-df-rw,2025-09-27T12:48:43.059021
Webcast - Building the All-Domain Force,https://news.google.com/read/CBMiiwFBVV95cUxOamdXaU1RcFQ2a3M4eUc5SFEyME9fUHZZLXhlaU1BcWp1cW1FSGtsaUpPSV9WYWoyYW1oMEd2VGoyY1cySGJEbGFYYlBzOHlVYWpwVGVkOTkteDktWklYR28xMlNKdFZRWmVlVFQ3VkxXSnJmVnZWUV92V2hHdlZiay1WbGxlZEVNVWxr?hl=en-US&gl=US&ceid=US%3Aen,Defense News,14 hours ago,📰 Defense News,https://news.google.com/api/attachments/CC8iL0NnNDRaMVJCVFVZNVMxSkJZMjlsVFJDZkF4ampCU2dLTWdrRmdwYkZybWRGRFFJ=-w200-h112-p-df-rw,2025-09-27T12:48:43.059023
Tennessee Governor Says More Federal Agents to Join Fight Against Crime in Memphis Next Week,https://news.google.com/read/CBMi1AFBVV95cUxOekNrSE9fLTNNT1V2YjRmRThINTR2ZF92TjB1c3AwSmU0S3o0QnNYZ2d0NGsyaFJaYkF2QTBfY3BBMW1PMGZZOS1IWDBGZEs0b3FSelpSaVpNWUhEQ0k3em82bmZnNlE0VWFrLUljVlVScmxaMjJvRWNYdFY0d1NuXzNOR2FadVRDaXRtWUNEQnFLYjlrbE1ZUmlWQTRRVUxkU1ZUMnpidDZEcFVvNDA2OHlPUmJDY2NQbmt3V2pFOHdxaXhBM2x6WHpzTTJUMkRGcGRJVNIB2gFBVV95cUxNcXd5VFI4NUg4TUtYYThISm5Pa2M1V281QUhiVjZJTjFGOTZtTnp4MW1HT29adTR3YWJkenVmZm0wajZMdHlzd3hEazA1VXhlVkdDTnlCc09NVEMxdFN3M3ZNcEtWZHhoVUNBLU9WcjhZeWF5MS1zUnNzRzNkNHNVRnlzSkJ3a1BGaUliS0g1X09lMzhMand3MER4ZERwTWVOdVpESHB1emktaEVZRjZqNWZ0MzZUVGppTXQzeWxyNW5WZ3hHSU9iMXpzWWc5UzRERkxfb2hkWkV2UQ?hl=en-US&gl=US&ceid=US%3Aen,Military.com,19 hours ago,📰 Military.com,https://news.google.com/api/attachments/CC8iK0NnNVBaa3gwT1hSa1lscHllR3MwVFJDWUF4anRCQ2dLTWdZQklKcXZIQW8=-w200-h112-p-df-rw,2025-09-27T12:48:43.059025
"Facing Global Isolation at UN, a Defiant Netanyahu Says Israel 'Must Finish the Job' Against Hamas",https://news.google.com/read/CBMi1AFBVV95cUxNLUhwZGlWR2IwTTZFQVMwdmFOZHRYcVk2MUNyUUI1TjRHaTRqdWkxZGZhSWhla2txaFFiNEF3Mkl3ckE2MFJMbkJONU95TzJaYl80Yjc4YV9oNTAxa19xM3pDUW9LbXBLR0I3T3h3Nm10ZnA0Ri1EaVJBWHdyM0FIN2Z0RnZaSWhhRnJFT2dpYmRwbnhTNEk0Smd5WW5xcFZ3dFRCcDVEaVI5WC1VbVZlS0lIbS1GNllnT3dXdWZpZGZ5bWRSQ080RmFtWnlpYWdSbFJ3SNIB2gFBVV95cUxPZFpmbTJ0N0VTaHpnQjgyNWs3cVZmMlJBWkU3LUZ5SXZSSE9RS3JCamF4ODR1NTJEYlV0ZzFjaWtmSjV2M2g1QjNKSnhyOXhZNG9qeDVVeXkzTGR5NERLa2dteWhDdzl1Tm5FdnRIVWpDaVhRc2RiLVpFNGVTcmJPQ195N2FiWWo0b2d0ZGg4UkxLQUpEVlRWNHBCODRxOUE2My00UzlNR1lWS1JpM3g3WVpsc0UtcThPeEswT1lnOTdUdHU1RkNobnFleXU4NkFBaWtfdFFSdlZrQQ?hl=en-US&gl=US&ceid=US%3Aen,Military.com,20 hours ago,📰 Military.com,https://news.google.com/api/attachments/CC8iL0NnNXNlSHBFZFRNMVgxVXpPVFJ3VFJDZUF4anRCQ2dLTWdtUlJKQ1BIU21hcmdF=-w200-h112-p-df-rw,2025-09-27T12:48:43.059027
"Boat Strikes, Warships and Venezuela Rhetoric Raise Questions About Trump's Goals",https://news.google.com/read/CBMiywFBVV95cUxPcnpnRUNHOU9CME1VelR5MVd3NXYtNkdMTy01eWJORjJCcGRzNkhiM2RFVk84YWoyUjlMYVpQcnk2RTFIQURPbzBOWVRMd3JwcEQ1bVNUN09qdVI3WDlLYUZXNjl3bHRTVjhLeGVPaWVHVFYyT3VfVmZpSklQRHpKdkk3ZTh1RElZV1RxRi04dHN6UnY5OUJmYTVXOWJGVHVyZmgzSjlKVl9iYU1Oak1DSzZWdVBwMmlVZ0xFby1ReFM4d29WQXB4RzNoRdIB0AFBVV95cUxQTDMwUWthMkhobVZGOGg4bVFVTGZ2RlA3bzBORzA3RDdwSE1DdV9wOERVaFRwVTFxUXdxT2FockhzLTNXZGRmc2ZQWGhpb2o5Q05OVXZxQ1ZqaEd4bXVxY2J1S0VCQ1NDc0VRSy1obE1LY1ZwN29SUlhVUFlZYXFMaGk1d3FtbGQycUJQeE80ak1Obm0td0hUS2ZIUWNvMGxNU3dBNDE5OV9vRDdxN1dic0kzZVNKQ1o1bVdHWmJPNk1ma0pFTDUyMmJxNmtqSzFG?hl=en-US&gl=US&ceid=US%3Aen,Military.com,21 hours ago,📰 Military.com,https://news.google.com/api/attachments/CC8iL0NnNURWMVl4UWs4MmJWRXlabEZ2VFJDZUF4anRCQ2dLTWdtTmNZelZxS2U1Y1FF=-w200-h112-p-df-rw,2025-09-27T12:48:43.059028
The Italian WWII Frogmen Who Inspired the U.S. Navy SEALs,https://news.google.com/read/CBMingFBVV95cUxQN3k1dnV3OFVoZXVTTXpKb3A5WnQ2T1Y0VFZPN0psYlBMaEZHdUlJemlCRjRPYk5meEVkV2R0TE1hcTFmcHNvdVJNNjNFdTBaYjhmU1BqZ3F5M3I4bmxMMVFoRUJaQ0t5eTY0WEVXUlljYjJTQUxtRFd4eFFIMnVQRmhwQXVNVmNNVlVtblE2QTdLWklMVjlLNWcxTjdNQdIBowFBVV95cUxQdGFtb2JueUxEbThodS1vb3lfNVR2cWRMWGVBbHJJTXA3WjdfeGlHZFlKRW9OU2JUclFKZUdpdm9nVXVGcjlubjdlMVM1Ym1Mem5BZGVsdTZNSUNXSFJaaW96LTBrZ0ZWbmhPaXhCVFVLUW5teFhUX2lDNWpUaFR1UDY1djBteHlFb0pOMW9jMDk2cEFhY0U3eEJQOXJhREZwTGZR?hl=en-US&gl=US&ceid=US%3Aen,Military.com,15 hours ago,📰 Military.com,https://news.google.com/api/attachments/CC8iK0NnNUNaR2hKV0VkbmFtVlRjR1JxVFJDZUF4anRCQ2dLTWdZVmtJNUxzUVk=-w200-h112-p-df-rw,2025-09-27T12:48:43.059030
Why Video Gamers Make Great First Responders and Military Recruits,https://news.google.com/read/CBMisAFBVV95cUxOWUlEY0NzaDlXeUI3MTVmSlZCbU90VlhWeFBaYVBnWTFaTzY5NGNaenZkTlhPbGF4TklxbjVsdUF3Sk1PNTR6U1NBZFVnUVRtbHQ5NElXX0pBRm1zRXU2cm9EYmNteUE0ejVTODBJd2xjWGFGZXVKbmh1WUNBNzI3ZkJuR1JBQzlkT0k3alhwdk50d0Rja0U0WTlKWi1KVHZ6dzR5bzJ1V2FnNjZaTVdEbtIBtgFBVV95cUxQSnV0YzdjcGw4TVdyXzJxcUlxU0pEb2xqaW81dWNMa2RjakNXMGgxNGdFMF9wQXd1ajFCdTdvaXJXWWJWNGVWZnRueXRhMXlsY2xEa1pNNjZBSVNoblhCX0xQQmtPaGs3TDd6RWRsdENVdzhQSHVnYnp1NG1NdTg5VkZ6MmZDRlNyRVFtTXpHYlYwRVE0Yk5CYkhLU3V4ZUpNWjFYNVNHLW0xNWZxeFBBWGl3Z0s5Zw?hl=en-US&gl=US&ceid=US%3Aen,Military.com,15 hours ago,📰 Military.com,https://news.google.com/api/attachments/CC8iL0NnNVNhRmx4UkV0M1VHWTViUzE2VFJDZUF4anRCQ2dLTWdrUkVKRFNvS2VoeEFJ=-w200-h112-p-df-rw,2025-09-27T12:48:43.059032
Microsoft Reduces Israel's Access to Cloud and AI Products over Reports of Mass Surveillance in Gaza,https://news.google.com/read/CBMi3gFBVV95cUxQQjAwMmE1MmdaR3JvZGI2MnloY2UtcFl6WEk3RFN4WmhMVG5PbUU4UkZ3OVhneGRFLWJGU21ha01JNzNxVUxycVlnSFJqNWxBcENSUVlMbVF0RkkzRmhRcjFYTVlrSU81QnhrUlItMk40YU92VjBPRFN4WGJTMDZJamhnV2p2MDFVT24wTW1vOWVYaWhLTmFDdnIzdFZROGYyZUFPaVN1RzBBZXR0TDU5U2lJY3V0dWs4ZUptd3k5U3pqWTdrelF6cTJTcm9EYnY5U1Bod0lUWnM4UHEwR0HSAeMBQVVfeXFMTUlkaWFWNEtRRWxkQmRjcTFPZjRVVzI2cHlSWUlRU2R5MGFlVklxLXBGNWx0bVpJMFprNS1VWTFpd2NhdHl5N0htMXVWUDRsTXFCOTZmU2NPSFB5TXk0Q20wZEg4LVlBYmRXaU4yTG94R21iQXVNMzFKT3EwWEd2WnJmdnQ2YktXLU9mb1lWV2xzOElRVXNyZHF4SkFjWDFlOTJFem10cGNYUlBtMFNUNXNvemFDcnlYNDBicTMtb0staHAwRGt5REViOUk0bktIUVFDRXYtQk5Qb1lyYnk5T1QzaFE?hl=en-US&gl=US&ceid=US%3Aen,Military.com,22 hours ago,📰 Military.com,https://news.google.com/api/attachments/CC8iK0NnNUxZbU5tTjJoeWFuZE5jblJqVFJDZUF4anRCQ2dLTWdhQnNvNm5QUVk=-w200-h112-p-df-rw,2025-09-27T12:48:43.059034
What to Know About Iran's Nuclear Program as UN to Reimpose 'Snapback' Sanctions,https://news.google.com/read/CBMivAFBVV95cUxNYnhRbVBwN1dhUDNkYk9Za3lWRDd3OUhuUDIwV1NZZUE0U0RmZngybkR5cW1oOEVRcWg4LTlBNlJ5WUlEZ1Zwb1RCMWxiQ2NjcWZKOWlTU1BMV1VJR0RsWEFOWHNLODNhQnFyeDQySUM4RE1TVkpJald4RVEwdUlGVzBJTDRiM2d1ZGE1bV92NWhoU2dDRnBmY3dETVF3RkU3d0lkSzllaEJQQmwtbGg2OTRib0g5c2xSLUlXM9IBwgFBVV95cUxQOEJ5d2RDc0xmSzRyYU8xUEVYeHJvaEVYRlVrdEJ5Z0I3V3dDOHpUa1NyN3l1eC1rYXNkb01TaTd1b3NFaGxqeHVsakF1Y0hrODFJdlE2S1RaYTJoZ0tNanhKZWo4NEpUU0FoV0lqMTRmWkJVNEt0TGllNDl3U0x3OFBpdjZXUEdDb1lRbVdsdGxGQXJpTXNaRjd5WnZMU0lPekRpU3h2cHVQS3hkQTZGTl9ybURINF9RZUJUNjdKRjZtZw?hl=en-US&gl=US&ceid=US%3Aen,Military.com,46 minutes ago,📰 Military.com,https://news.google.com/api/attachments/CC8iK0NnNWFiVmxKUnpJelZVTlRiMHhuVFJEOUFoanRCQ2dLTWdZaEFKYndHQWc=-w200-h112-p-df-rw,2025-09-27T12:48:43.059037
"On Danish border, German state investigates new drone sightings for espionage",https://news.google.com/read/CBMirgFBVV95cUxPU3hBd3Y5a2ZRTmR5Y3BndV8zQkFBSjBMOXhTeGJndjRGNGRJMzVzOGNsV0ZXRDJBWTQxUU1oTjJFci1NTHR4TDU0YWZxOGFvUWRwOEo3anA2YWxsT3lmcGNPVVYtSkdBNlhFTG0tZHNXVDcwbVE0bzhKeVZNN3hoa3FWSWNqUWpuMThpWjJTVnlZZV9ERWIwNXN1Q1l4em8xM2t0VzloRmw0RkdZX3c?hl=en-US&gl=US&ceid=US%3Aen,Reuters,20 hours ago,📺 Reuters,"https://encrypted-tbn2.gstatic.com/faviconV2?url=https://www.reuters.com&client=NEWS_360&size=96&type=FAVICON&fallback_opts=TYPE,SIZE,URL",2025-09-27T12:48:43.059040
"EU eastern states agree on need for 'drone wall', bloc's defence chief says",https://news.google.com/read/CBMiqAFBVV95cUxOaUUwN0tTX0RqMW5aT3dTUm9ZYVc0cGY2WG9ERklzU28wLU5vaElyTEk1TFhRaG1OOFhTMVlBRGdPRjR6R2gxclpOaS1Vcjkzbk5IV0NjekZ3Q1I5cW9sNEFRSllrM1FxY1hjNUVKRGk0UXFnRlNvUjdMT0g1SU5wckx4Wk9kN1EzamVZMnVZcVQyQ2R4YWMtb3I3dUw1NjdORjQxRTNOdnM?hl=en-US&gl=US&ceid=US%3Aen,Reuters,20 hours ago,📺 Reuters,https://news.google.com/api/attachments/CC8iK0NnNXNMVkZuY1RVelEwTkVRV3AyVFJET0F4aVhCU2dLTWdZWlZZek5wUWM=-w200-h112-p-df-rw,2025-09-27T12:48:43.059042
'Shining star in the sky' highlights Denmark's drone anxiety,https://news.google.com/read/CBMioAFBVV95cUxNeFJPNy00MkgwcXcwWkxKR3FBLWI5VDVFYjB6SkRWcXVuTzFnTWNhXzJPWm9icmUyU3ppRzBXb0JVTlJMT1ZZcTM3WVh2R3l5cl9raHNTcncyd3dyNGMxZHJxbkNBY0drWHhLV3BfdGNuMk5jSVVLZWtMVWxId2REOThmbU9TalhUN2xicDljZDR4SlRnVl9hbjNhdVJxbU56?hl=en-US&gl=US&ceid=US%3Aen,Reuters,21 hours ago,📺 Reuters,https://news.google.com/api/attachments/CC8iNkNnNXljbXd5ZVdSWUxUUm9kblZzVFJESEF4aWlCU2dLTWc0VlVJaElLYVlsTUhrbXNrSkZFdw=-w200-h112-p-df-rw,2025-09-27T12:48:43.059044
Denmark says it is not seeking NATO Article 4 consultations over drones,https://news.google.com/read/CBMitAFBVV95cUxQSkduZGR5X0o3V1ZkNzJ4aVpVVFVnS2g3cG5XQzhuZEFGN2pzRUtvWnB4NmYzZGZ3QmlvbGFLTVZGZXQzaGV1RmtHVDRjczViYmF4LWpjUDAwM1J4UURaV1pTSHlDelVTZEZKNnZtOUVvamt6eUFxTnJUbXFkb2tha0pyUmRUYUpDSUEyVXBfQjhUWTRQLWR3WkU5aVhzR01Nc1lJNUxhXzdIVUpFajBvemp6U0g?hl=en-US&gl=US&ceid=US%3Aen,Reuters,21 hours ago,📺 Reuters,https://news.google.com/api/attachments/CC8iK0NnNWpiVFF0ZVhwNmQzaHNTek5DVFJDNEF4aTVCU2dLTWdhMVk1WlJKUWc=-w200-h112-p-df-rw,2025-09-27T12:48:43.059047
Europe News | Latest Headlines & Stories,https://news.google.com/read/CBMiTkFVX3lxTE4xd0RyY25HZjh4LVZaNFE4VWFydnF3WlI3YW55aWtLY1ZPRktBZ0RZbGdiOUlDSlFSZzVXd2V2dENkVXV1MHZTUERleVhWZw?hl=en-US&gl=US&ceid=US%3Aen,Reuters,"Apr 15, 2021",📺 Reuters,https://news.google.com/api/attachments/CC8iL0NnNVRORm93YVd4bE9IbGtjV2RoVFJEUUF4aVVCU2dLTWdtTlVaRFZLS2l4S1FJ=-w200-h112-p-df-rw,2025-09-27T12:48:43.059050
Gaza aid flotilla man from Poole 'undeterred by drone threat',https://news.google.com/read/CBMiWkFVX3lxTE5FZFpWQmhOeG56elB4dDJ2QUJTY0hyV0hBRUVlSHdSbkdlTFhHM19zOF8zLTVFMElsRnZISVZqUFBRdmFyQ2c1UFc2ZXBjcnppV2I3Q2FaUHNMUdIBX0FVX3lxTE96ZVR3VmxYU1FxeHR3b3R5NnY5bDNwamtrVUJHMmpiTW9RNWtaRXhxaWMtSEpoRDBlQ0lOVEV1My1pT0Y2SFJQRlVYUG04MHo5cXcweWU4RzN5dWE5Nm5N?hl=en-US&gl=US&ceid=US%3Aen,BBC,21 hours ago,📺 BBC,https://news.google.com/api/attachments/CC8iK0NnNXVkRWxEYTE5eE5sTkpaM1pqVFJDZkF4ampCU2dLTWdZaE41SUxJZ2s=-w200-h112-p-df-rw,2025-09-27T12:48:43.059052
Watch: Polar bears occupy abandoned Soviet-era research station,https://news.google.com/read/CBMiV0FVX3lxTFBYVVFoQUFnQVVPZ1JFRHFHZ293a1I4T0xsd2dBb18zWUNJM3FXQ2wwNEFQV2VHR1pNUFgybzRJTHNaYUZvUGVLUEN0cTk0bklQeE1EbnBvcw?hl=en-US&gl=US&ceid=US%3Aen,BBC,4 hours ago,📺 BBC,https://news.google.com/api/attachments/CC8iK0NnNVpSMDFOUm1WUk5sWjJkbVowVFJDb0FSaXNBaWdCTWdhdE5KU1BJUWs=-w200-h112-p-df-rw,2025-09-27T12:48:43.059053
Chelmsford racecourse has capacity limited after Timberlake gig,https://news.google.com/read/CBMiWkFVX3lxTE5PaWNzdGF2aTgwRFpoRmRyeFBJaVBiUjhtYkJxbGxJbDFNTmhocnZfUzV3d3RYZGg4dHNFelZQWDlzNVJ6OU0yN3QyRkdMbXlLQ1U4TkRmdjRMUdIBX0FVX3lxTE93bGhNcjJCQW9zQjBNVjAtNmxPNDJodGdUcmNESWIzOWhqUGJpNDU1SF9TNGwySTBXQXJwYWpieEJHWEFDdjVNZ3c2ZFlOWWZVWko0Q19oQzdMNXNjWWlN?hl=en-US&gl=US&ceid=US%3Aen,BBC,6 hours ago,📺 BBC,https://news.google.com/api/attachments/CC8iI0NnNW5kbEZZTkdsUWNtdHdZMnhoVFJDZkF4ampCU2dLTWdB=-w200-h112-p-df-rw,2025-09-27T12:48:43.059055
Watch: Moment freediver sets new world record with breath-defying 126m plunge,https://news.google.com/read/CBMiV0FVX3lxTE5jbDBlTkUxSTYtQTZGTGpuMkRTS2ZkTnNFVDVVcFRSUktENHpnckc2VHFrNVBBRUtaNDVnWFpBa3BPQk1kdGFCVUVnZ0IwOGR6NnJPOVR5bw?hl=en-US&gl=US&ceid=US%3Aen,BBC,10 hours ago,📺 BBC,https://news.google.com/api/attachments/CC8iK0NnNXlOV2RvTjJFMU9HUkZhRlpSVFJDMEFSakFBaWdLTWdhbE5ZWU9UZ1E=-w200-h112-p-df-rw,2025-09-27T12:48:43.059057
BBC Audio | World Service | Listen Live,https://news.google.com/read/CBMiY0FVX3lxTFBnYlg4aW4wWXdaMXpRQVBkRW0yZ3NKVGpaM3FYWm9WZS1pRmFsNm9qRzh1d05mMEhkelBLQWJQbGg0REZMVUpCMzlqdlBET0hLeFZEV0xkbE04UXlIdFhfTWhqMA?hl=en-US&gl=US&ceid=US%3Aen,BBC,Feb 12,📺 BBC,"https://encrypted-tbn2.gstatic.com/faviconV2?url=https://www.bbc.com&client=NEWS_360&size=96&type=FAVICON&fallback_opts=TYPE,SIZE,URL",2025-09-27T12:48:43.059058
Israel-Gaza war,https://news.google.com/read/CBMiV0FVX3lxTE9obXNaT3JaQ2JlcVF4VDk2VFpNUFpxcG9YMUhGOC1VMkJhN3pJaTVvZVRlSnZCTDNUekt0YndVelJHVUJaeF9rWjZqdlJ5NU1iRnlDb2NFTQ?hl=en-US&gl=US&ceid=US%3Aen,BBC,"Oct 10, 2023",📺 BBC,https://news.google.com/api/attachments/CC8iK0NnNXdTWGx4ZHpnMWVWb3hNbTFaVFJDTkFoamdBeWdLTWdZVktKWnBsZ2s=-w200-h112-p-df-rw,2025-09-27T12:48:43.059060
Essex | Latest News & Updates | BBC News,https://news.google.com/read/CBMiT0FVX3lxTE1uVFpYV3plTWpsOGQzeXVJYlJZQjhPZDNpY2VTQUFKTGhyeDFRazNUY01FcDdjYk5oLV8yR0NlVkZhOHdEcFhIem5LUDU3ZG8?hl=en-US&gl=US&ceid=US%3Aen,BBC,"Sep 20, 2017",📺 BBC,https://news.google.com/api/attachments/CC8iK0NnNUpNbmxUYjBsbFptSlpWbUV4VFJDTkFoamdBeWdLTWdZQmdJcHFRUVE=-w200-h112-p-df-rw,2025-09-27T12:48:43.059062
Man arrested for alleged rape of 15-year-old girl in Poole,https://news.google.com/read/CBMiWkFVX3lxTFBocmt4b01tRUY3czVOaUoza0F3RmlEejFtdE84aFhTR3JlclBqMW1Ga1JHVERkdnI2cDgtZEVBZVFYSHA5RnJxLUhSdmU0dUk5bGl1VmdMZHhYZ9IBX0FVX3lxTE0tRm1XRnhRenpwcXpiTTVZUi1tNVdjeDA3T2dhX1FaVFRQV093Y0Y3LU5UbklEQk0yVXpnbnRwQ2lpUXlJbEdDa1R4ZjJvcWJfRWVXUjJtX3pwOTVIMDdn?hl=en-US&gl=US&ceid=US%3Aen,BBC,22 hours ago,📺 BBC,https://news.google.com/api/attachments/CC8iK0NnNXBjMjFmVjBkUFkzYzRUMVY2VFJDZkF4ampCU2dLTWdZQlFJYW15UVE=-w200-h112-p-df-rw,2025-09-27T12:48:43.059064
UK urged to act on colonial-era case after recognising Palestinian state,https://news.google.com/read/CBMiWkFVX3lxTE5pZTNROVdzTXJrRGZsVUNUS2h6X3JEYnFnRWtaTGxDX2V1Z1pfZFpPNGRTVUhMd1JmVGxHWnJ0TlptUk1QYXBVTndrZWhFTEY3OXNFWnpaUGZfUdIBX0FVX3lxTE9uYnUwR3FGNkw0TFZkTzEwaFU5cllnTjZKMmxjc2Zaem5CbDhOMGJhdlV2Q2VoTUlrQ2RmU2NMVUozSDE1ODN6aE8ySGtDbFV6bG9aVnlzeTF0WHIzMXNz?hl=en-US&gl=US&ceid=US%3Aen,BBC,14 hours ago,📺 BBC,https://news.google.com/api/attachments/CC8iL0NnNVZRWGQwTVdnNFpYRTRYMGxEVFJDZkF4ampCU2dLTWdrQkVKd0FFeXFhcHdJ=-w200-h112-p-df-rw,2025-09-27T12:48:43.059065
The “hybrid war” Europe faces is a gift for Putin. But there are risks too,https://news.google.com/read/CBMifEFVX3lxTFA0OVhTZFlXeXB4dGhoaldXRlZua1ppTFgzb3JwWjExenpMaTQwOHBwU2VSUkN2dTUyQ1dab3N0RDFjRnJVYjZFbWJJS3dCMmRiMFdJMHM3ZGlMdDR5WklXVnd5MjJ1NzlBMnlSdklkeFVtajl0VUJCYnl3cEQ?hl=en-US&gl=US&ceid=US%3Aen,CNN,7 hours ago,📺 CNN,https://news.google.com/api/attachments/CC8iK0NnNHhRMUZhYTFSME5WUnpjVFZDVFJDZkF4amlCU2dLTWdZVk1KSXFJUWM=-w200-h112-p-df-rw,2025-09-27T12:48:43.059067
"Russia will equip and train Chinese air battalion, leaked documents reviewed by think tank show",https://news.google.com/read/CBMigwFBVV95cUxNelJNQkFQdTlSNHQweWdOVTB1RjVldHpyTDdxeElHXy1BaGlCR3VPdzFxZlNpUWJITkpfOXZqQXZ0ME1OdlAybjR1emV3TUJ5Sm1ybWdnT2ZBdktwNF95WjNRRmJlUGRXTTJTV3N0LWFIb3ZQVTI4ZHZBbEZfZ2x0bnlNZw?hl=en-US&gl=US&ceid=US%3Aen,CNN,4 hours ago,📺 CNN,https://news.google.com/api/attachments/CC8iL0NnNXNkVjk1ZVVodlduZ3lURmxZVFJEakF4ajdCQ2dLTWdrUk1wcUlwaWhGaGdJ=-w200-h112-p-df-rw,2025-09-27T12:48:43.059069
Boeing is once again allowed to certify 737 Max and 787 Dreamliners as safe to fly on behalf of the FAA,https://news.google.com/read/CBMickFVX3lxTE9TLTE0dkZxUDZJR3lMa1ZOeHYxaUJuanNzV3BYei1oZGY0Qm9oYVJXUzRZRmFPc2pyVzNmcHNOd1E1dTRqeUEybURmNVlhU2xWUGhnNXpDOEhUM2F1WUR3X1QtLTFscFdCcDFVUWNZQ2s3QQ?hl=en-US&gl=US&ceid=US%3Aen,CNN,20 hours ago,📺 CNN,https://news.google.com/api/attachments/CC8iL0NnNHpWbWhDTWtKWll6ZHlRbXhNVFJERUF4aW1CU2dLTWdrQllJaEl0ZVNaLUFB=-w200-h112-p-df-rw,2025-09-27T12:48:43.059071
Archaeologists have uncovered a sunken ancient Egyptian port. Is it connected to Cleopatra?,https://news.google.com/read/CBMihwFBVV95cUxObTVOVk5TRmNXV2xYV2Q5a3FPUVlaZG9XUWlxcmc2VnFkMTVGeDJtQTVjeEJxMlFxQXdfMEVhTXUwSXpQNXF3X1I3S05mR0QtcUw0MHVHSWdVNUs2WXUtVDBWVkZDSGRoemFWYU1nNWZfZ3B3N2V2cl85OE41UHU2UU00VmlMUjQ?hl=en-US&gl=US&ceid=US%3Aen,CNN,21 hours ago,📺 CNN,https://news.google.com/api/attachments/CC8iK0NnNHdlRWszV21aNGNqUndTRE5xVFJDZkF4amlCU2dLTWdZWllJNlp2QVk=-w200-h112-p-df-rw,2025-09-27T12:48:43.059072
Chicago and Atlanta climb rankings of the world’s most connected airports,https://news.google.com/read/CBMihAFBVV95cUxQSFctaTVPbHVNdjgtZFozOTJIUmc1bkNIbTR3Z1dYZ21UeXpJYi03RVByUEd5Sk96RlctQWkxYUR6OHlRYW9HRGRmbGl1cGk1Zk9naXZSWGRTT3VVWmhFZVB3bXBSQzljVDRzaVAzZXhSRUVYVjlfZF9DakM5VGVWX2xkd1M?hl=en-US&gl=US&ceid=US%3Aen,CNN,1 hour ago,📺 CNN,https://news.google.com/api/attachments/CC8iI0NnNU1aV0pET0cxRmNFUnRlVUpWVFJDZkF4amlCU2dLTWdB=-w200-h112-p-df-rw,2025-09-27T12:48:43.059074
"BMW tells nearly 200,000 vehicle owners to park outside because their cars could short circuit and catch fire",https://news.google.com/read/CBMiXkFVX3lxTE40YU5za3E1d1cwTXZ4RmRJRkNJQmV3cGZRajVnblh0MURUZ0lXOEJJbHFlSFFmQWJ2VUQ5OGFpdk50OGdBS2haQVBlaGxXbnZJQ3BIMVdHNjRNU1d3d1E?hl=en-US&gl=US&ceid=US%3Aen,CNN,16 hours ago,📺 CNN,https://news.google.com/api/attachments/CC8iK0NnNVpTR0U0VkRGcmFESjNPV1pHVFJEWUF4aUtCU2dLTWdhcFpKS3VLUWM=-w200-h112-p-df-rw,2025-09-27T12:48:43.059076
"Breaking News, Latest News and Videos | CNN",https://news.google.com/read/CBMiN0FVX3lxTFBRczY1ZTRWTE9NcGZPck9BTU52RmNKOEhocW5xemZlb0EtZTRJYmc1X2JBTjFDQTQ?hl=en-US&gl=US&ceid=US%3Aen,CNN,"Sep 22, 2013",📺 CNN,https://news.google.com/api/attachments/CC8iJ0NnNHpaV0pGU1ROWFlraHBRbnBtVFJDZkF4ampCU2dLTWdNQlVCSQ=-w200-h112-p-df-rw,2025-09-27T12:48:43.059078
Honoring New York’s immigrants on the walls of its most famous cathedral,https://news.google.com/read/CBMickFVX3lxTE1sMDZIdmFxemlpZnFab2U0Zzk0dU1RYTdCUUM4Ums1dXlFbEpCeGt6b29jWTBXV09aaGNVMnpOWVF4bEk2bVoyUmJ3QTNJN2kzVWlyTFltS2JOYk9qMjh6bTRKSkY4UUUyTUR5V2dSdy1FQQ?hl=en-US&gl=US&ceid=US%3Aen,CNN,19 hours ago,📺 CNN,https://news.google.com/api/attachments/CC8iK0NnNXFlVEJUYUhCNVgxVXplRlJoVFJDZkF4ampCU2dLTWdhSmNZd1NPUVU=-w200-h112-p-df-rw,2025-09-27T12:48:43.059080
Polar bears move into abandoned Soviet research station,https://news.google.com/read/CBMirgFBVV95cUxNU25jMnhtVldYWWJvbDdGUkdEZ0NZaVlLZmJRaExERFY0Y213bVpTbzVwTGh5WF9qOHNJYkJWX3dPblpFWXlieExYTnhmMTNPVlFHZ28wczlITndWX0ltekkyQUFWM2Rtd0RZbEpTNFJtaUNlU00xWGFmNVBWTFNyal9VLWxVNTVSRkk5ZW95aV9qTmNUNlV5NWM5aDZ1T0Jlak1XOEd1Ynk4VlJPYnc?hl=en-US&gl=US&ceid=US%3Aen,CNN,14 hours ago,📺 CNN,https://news.google.com/api/attachments/CC8iK0NnNVJOVlJqWmtKNFlXMXFjMWxwVFJDZkF4ampCU2dLTWdZaFpwWXJLZ2c=-w200-h112-p-df-rw,2025-09-27T12:48:43.059081
"Europe news - breaking news, video, headlines and opinion",https://news.google.com/read/CBMiR0FVX3lxTE4wS3pHcEZYN0pET2x3Zk9hbEU3X0x5OWlQcVY3MEtFcEo4aEJIaUlWUE1HdEI3WXlQeEJHSWduQ0tDWnpBYWlz?hl=en-US&gl=US&ceid=US%3Aen,CNN,"Dec 5, 2022",📺 CNN,https://news.google.com/api/attachments/CC8iK0NnNHdRVFJaVlhGSVkzUmZibVpsVFJDZkF4ampCU2dLTWdhVk1KSXFJUWM=-w200-h112-p-df-rw,2025-09-27T12:48:43.059083
"Exclusive | Trump Told Zelensky He Was Open to Providing New Long-Range Weapons, Officials Say",https://news.google.com/read/CBMivANBVV95cUxNWVl2ZTNuMVI4Sks1Z2dqbXVheHZiR3RDeWtEMm5kaUt4a3ZMdXNlVEJiSHc5SWZSNV94d09kZnNkVEdQVG5ZT1ZCTkllVE1PaXhwSlduN1BNSlJYb3pRUXB5cEN2MXBUdmFQLVZSb3RiRnRIaWFvTHhEZEI4SGVSeFg1LWFEY2tBc1o1OXMwbkRJcnZ4ck14ZjdQS0RBX1FTcXlSbS0wZmNzZTdSUVFkMkV3V0ZGdWxEVkhlTDlPOUk2YXRSeVFCb0NyZy1nem5rbnFpWEIwRjdEb1E4NkVFZk9GYXdraXlBQTVJRE83OGlCYXF4eDlySk5aMFpVN21uQkVWM1hxRFdWN05OMnctSE5zTjZjc3M0Q0gyZld2V2haZ1RJM2F4c09yRld4Z2ZpSm91VHV6aUhzTjJabUhDRTEyNndQMHdva3REVjk2QnI0TzgwU0NKbC1CbVhicFo1bDhfTDVqQ1RqcHBSN1FQeVpzYWM1WkxsbXhKRVhQNFdxZjRSdG9yRGxVVFVlLXRGczJEbHdLdW8xN2FSZFpjVmhaNXBKTl9MVzB0QjBhY1l3NjYzMHY2N1k3cEY?hl=en-US&gl=US&ceid=US%3Aen,The Wall Street Journal,17 hours ago,📺 Wall Street Journal,https://news.google.com/api/attachments/CC8iK0NnNUJRVzFaY1hWWlptMHlYMnN3VFJERUF4aW5CU2dLTWdZUkVwVHpGQW8=-w200-h112-p-df-rw,2025-09-27T12:48:43.059085
Stocks Close Higher After Trump Unveils New Tariffs,https://news.google.com/read/CBMimgNBVV95cUxQX21vTWpBTnZvYUFHU3lQaGVjZ09xY3paY2ZxcHRoOTdjeFQyWVFUMWtVbzEyZk45X1p1anoxQmJDX0NqTl9mR2lZcW9OTXUwSDVPdEs2UHRhUUpmVWViRmFOaXhuVzlOQUxFWkRIZy0wNFA2VWttT1pMSGFpSnMwUkh0YW94dGNCeWJTTXNsU2JsT3hwVWZpOXQyaFg4VnhwTEp5bDZvOWVrVExZQUJmaWhtOFVPWndBeXJfTzBFSldFMW1lR0daTHA5UWJjVDd1QVktZHN1NWluY1h4SGowQ3Rtem1NNDl2WUo2aGd5VFlkU211NWRGVGlzY0wwY3B1ZkFVcUhPOUw2ckNEOFo2OERVYzVBM20wN1YxNmhyRTV6T3dOQzVOVUNhd2tKQ1NmT1NFYVQ1dS0yWkJ2WVBscUplbEtrdVB3WDE4a254cEFyZFlvWFNydkI5MnkyLXB3bUc0c2xHV1U2T0xGV2V4VWVhWERBbjFsU2JaSDJHV1FYUTlPT1ZfbFg3RWZxVUxhdENUXzZQamxsZw?hl=en-US&gl=US&ceid=US%3Aen,The Wall Street Journal,16 hours ago,📺 Wall Street Journal,https://news.google.com/api/attachments/CC8iK0NnNHhRelpIV2tKTlh6RTNZVmgzVFJERUF4aW5CU2dLTWdZQk1wYk1tUW8=-w200-h112-p-df-rw,2025-09-27T12:48:43.059087
"Trump to Impose New Tariffs on Pharma, Big Trucks",https://news.google.com/read/CBMimANBVV95cUxPclZkXzFKRmtWMVdRamlFWnFqN0k0eFlnZVduU3BBZG40VVpoRnNyVW1IdVlGcVdWSDB1S1ZtSVgzSWNfU1c0c3Itd1RTLUJzOUF4ZTJ2d0QtWXJPMk55Y2lBWDlGSnM5TDZ2WmlyMmNXejFwVTJ3M0JDMmtRcTBUT3RBaUQwTkIxMk9BbndHTHlTR05SaWFCVzREenNrSHB2SWlNUTdNbklzWFFuVG1DUXE2VHNuLVZnOVRBWmpsY2JldUJWb1NVYTJNR1d2eTRnSGtKYjJzYnNhdnc4VGV5M09XMWJqX2szRTdHdXUxbWtpTGVJal9ySjdqREtxN2ZTNXFXeExzbEp4RlF3MjRaMU9oYUpiTE02TjdFOExVWk83dmpHQmkzV3NaT2hMYUt5b081NUVVVW5XZE9zUEFMMWRHXzBUZENvdWRqVGI5NldYSnkyOHRQb0E1a2tCTnA1M2E1cmpJVTliUEFGREhsVHFDMFByWlpyYnpJVTJEUnh6OEZCdHJWOHNCSDhQX3hwdi1Mb3RtQjk?hl=en-US&gl=US&ceid=US%3Aen,The Wall Street Journal,16 hours ago,📺 Wall Street Journal,https://news.google.com/api/attachments/CC8iK0NnNDJZMVZwYUhjNWMyNVBTbHA2VFJERUF4aW5CU2dLTWdaQmdvajB0QVU=-w200-h112-p-df-rw,2025-09-27T12:48:43.059088
Trump Plan Backs Tony Blair as Postwar Gaza Leader,https://news.google.com/read/CBMiowNBVV95cUxQZ0M3Vml5M1dwY3hJNmk5aV9SellkUnhBd1Rqd1NiWWF5eXAxejFMMFJDVEg0SjA3MVF3dE5XdTdKRVhBUDhwWWE2QU9zMGpZclFqcFdKalo5Q3Rwa01FcVg0VWxjTVlpTFV6WTNwc3o2dmpPMDloU0ZoU3FEZThqZTd3aElWdThwYjdvZC1oZndydmdabkFaM2R1RENtalJsa0tMSXFCSVpoV2NuVWJpOFlNZ2NGZ1lzNU9laWIyenBsSDlKVHhkV0ZRNnNzOHItWk9EdDBHMmRKR3dUR3lYOHVjbWNwZUZQQzI1V0Q0eWZFTU9tU3BRYUM4WnFVRU5iWFRZWUVTbG9XVWxENHJ3bWdOUlRqREhQRlA5LTdIV1JUYTFzQ3VfTEZ6cmU2N3hDOWtjM3dvcV9hQXdrbVd6VjBQZ1h5azBsa19zV1pxTUMzVVV1bU0xaW1lTTZRaW52bTEzWUNBRmZteG1DcHNRUGtrVEd5MWl5RnZseGtQMXdwTWViYm1ZdUhYS0dhZEU0U3R0UzVOSmtsT09vZEJIcXdLMA?hl=en-US&gl=US&ceid=US%3Aen,The Wall Street Journal,18 hours ago,📺 Wall Street Journal,https://news.google.com/api/attachments/CC8iK0NnNHlPR2sxTVhGVk1rSlZla1JhVFJDcUJCaXFCQ2dLTWdZaElKN3NFUXM=-w200-h112-p-df-rw,2025-09-27T12:48:43.059090
Netanyahu Says Israel Must ‘Finish the Job’ in Gaza During U.N. Speech,https://news.google.com/read/CBMizgNBVV95cUxOZzBIT25fbnpxcm15MFBsRlhvMHM5bzZFREZteWo4LXNjemdHVXpvN0pEbGRrenRNQXpBZ1QwSXBpeFpWRVhrcnRHRGZDWld4bF9vdy1Ocmt6UHpCVjFQczcwdVZFQjFxVU5YVDNiNklxbDI1OGtMa0dnNTJ0V2JkZFJHd0k5TlBYYlYwcU9RYUlPUlUzU2VjODFJLUh4RVBQNlh0UlBpVFQyUFBKZ3dLUzN3cDNWUGZESUZKUjBfVjc2M01oQ1hfeE1HSUcwek8waVl6b05RNlZXNVFLNFBweVRZeWJLdG5pV244MGhCZHRUa01DRk5DeHBKUnpmQWZBelJ2LVBqM3BiTTRhMmZ1VHFkUkZEUm1jd3NJdEUzQ3pzN21iQ0wwN3hBZUV5Sm0xM1B4TEVVcEIwMm5IU28ycTJrRXFuZ2ZnS3dvb0xyUTFxRTcxSC1Xbkt3UmtjSGU5QnY1ZGxyM0FjUkx0U3gtRGdPeDh1YkpRVlExZk5laW52eUNxOVVfVmRJX1dnelh4eUxsMzcwQVRSLUJOZ253UzRFRlNNUldjZ3poMTh3SVF4MTlXdkFJVVhCMFZwUEpZQl9TSkN5cmxOclpoU3c?hl=en-US&gl=US&ceid=US%3Aen,The Wall Street Journal,20 hours ago,📺 Wall Street Journal,https://news.google.com/api/attachments/CC8iK0NnNUhSa055YVhSSVpqWkhVMHhaVFJDZkF4ampCU2dLTWdZWktJSm9HZ2s=-w200-h112-p-df-rw,2025-09-27T12:48:43.059092
Running Shoes Have Evolved—and They’re Getting Even Smarter,https://news.google.com/read/CBMinwNBVV95cUxNTlMtVWpUakdHbzkxdUlLVHVfQVRZN1hyMFdpY1RhUFdNTWlObUhkaldhVUZ4d2dFcUVUaGFJaVBDdXE3UGxfcm05aEdha1RQaVlyQmFZRFFObUw1a2I1dG80bDBtV1lNUGJsQS1aR0tGclBBd3FmZkEwcHBYSGxVNVNyN202Z19rMEluSnVjZjZVMmpValg0anZLeDNRLWNkUXcycTV1VnlnNWJFanBmS3BtQ3FpQVhOWXh0aGNMdEdRTjlVVTdrcUwwV01CYkdGLXl4LUQ3S2QtUHIzWTN5YVAyWFhJRVZyRFlsaGM0U1NEZldkNVF6LVJmVFhGaWtZU21YQklaYlVGaTlKeU5EQWt0LXpETUhKMGc0d3JYcFZmMW9GMjhPc0pCaDVWb0E2VzVvbmVzTDJCdVd6SkU2eldHVWFzSFl2d1NzNjI2UEtFX1QwbkR5THJMN0xjb2pfMHFwcTctaW8wWUd0ck54QVYtbGdOdEM2dy1FaWtBM3Y3RUtEZTlZQzJhdi1FMHM0TkpSc2YyTXZyWTZ1a3pv?hl=en-US&gl=US&ceid=US%3Aen,The Wall Street Journal,21 hours ago,📺 Wall Street Journal,https://news.google.com/api/attachments/CC8iK0NnNW5OazlMUVRkMFltTnVja0puVFJERUF4aW5CU2dLTWdhdEZJcVBtUWs=-w200-h112-p-df-rw,2025-09-27T12:48:43.059093
"Stock Market News Sept. 26, 2025: Dow Rises After Trump Unveils New Tariffs",https://news.google.com/read/CBMijANBVV95cUxPeEVXaGpqd0gwOVZ5Nmh5RUY0QkVQMTVSVlVGWnNvb1lHWnVoTmdHWENQZzd6cGFXMXZ4YUZCV2hLai1HT2gyOU1LMFExWS13OHc1VlJ4VTVSZlh5dVB0TUlJb2NLRDU3UHVnMWpzT0tBSS1qOGtQbmwxbWhPR19jT0FPa3RzbWdjUnBjb2tRZE0zMzJnU1B4U2xLSHRVcnMyUnV6bXZVeHptSVplVUVIb2c5UGtiazgzRHZsaXRtTVFaZ3FjZFRhMGVUYnRLU0FsbEVFdVllMmFHUExhUlBQeVNCeWRsdTFqUm9RRmgxVnpEMmF5M29KN3hXY21ic1g2ZGdIbFo5NDJITWtNczZnN1B3SHg5RkNmal9kUk1HeXJPMy13Vzl5TFFFWDVSYjRZQnA4QXpBajdfTUR6aldpQkJJaHBOMThSSHd1V0NuTXE5Y3laUmFsUmE4M2RobkEzdDlqLVBqTjI3S1RUVDVqM01QV3MxbHVYR254Z1NnLUw3LVJ3NXgxQndBaHo?hl=en-US&gl=US&ceid=US%3Aen,The Wall Street Journal,12 hours ago,📺 Wall Street Journal,https://news.google.com/api/attachments/CC8iL0NnNUVOa05yTTIxRlEyTTFSelEzVFJDSEF4aVBCaWdLTWdrTkFJeHJrS3FDU3dF=-w200-h112-p-df-rw,2025-09-27T12:48:43.059095
"Meta to Launch Ad-Free Service on Facebook, Instagram in U.K.",https://news.google.com/read/CBMingNBVV95cUxNOS1FZzVScmJyclNvMDVCaFZXVE5vdWdyLTU1dE9pNS1JVjRvTHpzbVNMYkJKaWx0XzVDMEZEekFjVmRCa0hUQlJPOElldWJDSVBWbkFueUVMaWxXRWZTWkItRFVIaFFDc2w1WGVPYXRqcVVjSTZBXzlzREI0dDA0ZHVyTmZuMXNNWHNJMXNzV1dWU3VBeHhzWUFhT0s5cnUyWk1tS21GZ29rbU5EYWVuYXZZRGp2VWZsSVBxSC1xTGFlUUhDNElvOEV4OGNIcEJGSWp0c3dXMzFYLXJxYnlRUm1rTlpCbFdGYV81YzA0NmNyVTQ2VU0yVF92SWdQMzhDWmhMVjU3bG5IVWQ1ZTBPTnJMenBQMFowcjNCWnBJbzkxaW1MU09YcUdWM0JrS1FqMzlkRWUwa0JfRFRMWHVzOG4zZHJXeVFPam50OEh4NXF2WktBNGxTbDVHODFtdFBMOExGcGgweEVaclpwVlpqbXpFOXBfYkw5STgybWJ1YlB1NWJ1VzlwN3ZVci1UWjQteVhzaEVhTXd1SnJmMFE?hl=en-US&gl=US&ceid=US%3Aen,The Wall Street Journal,21 hours ago,📺 Wall Street Journal,https://news.google.com/api/attachments/CC8iK0NnNWxaMDFMYURkS1dFdE5YM0pJVFJERUF4aW5CU2dLTWdZcFJJeHdIUWs=-w200-h112-p-df-rw,2025-09-27T12:48:43.059097
"Defense & Aerospace - News, Articles, Biography, Photos - WSJ.com",https://news.google.com/read/CBMi5gJBVV95cUxOdEdUQzNmUGdobHFhU2M4bDlEdVh3dllOejBCc1gybEtJbjFETkZkdHFtUm1VLVV3NnJKejdtS3hFZTlUMFVja3RmWmwwMmJNVFpzTHdqbzBvRzVDVlZoYzJPYXMtUTI4bmZHLTB2Z3JhWFFoVXlKbXRiazdSblJ6RFloeUJIMGEwT0VtVjUzT3JiSWFseGZhWURvMjlTU19UbDJ6MDZ6UGZzZjNfR1RRQWdsMXlVZ2FmbDczSy03QWJxeXU0VTZzZ0RwRWJIRXdtbXAzak0zM0xaNmN6VEZseVoyQmdtZ3VoZlNjNlNBMkdDeG8tTzB0bmZkVjE2MmhSTHo2TjZUNUw0eW1Ud3ZnRDV3SXVWQ0tIRVNOU2NhNEdPZk9LclUtVjJ1SUtBcy1iM1U0VWVSSnZlR2tVV283cXh2QllwTktuRldzUHBEOHltUTFBeFNJZWdCSHc3QmtWdHpaNGln?hl=en-US&gl=US&ceid=US%3Aen,The Wall Street Journal,"Jan 20, 2016",📺 Wall Street Journal,"https://encrypted-tbn1.gstatic.com/faviconV2?url=https://www.wsj.com&client=NEWS_360&size=96&type=FAVICON&fallback_opts=TYPE,SIZE,URL",2025-09-27T12:48:43.059099
Denmark Warns Russian Sabotage Likely as Another Drone Suspected,https://news.google.com/read/CBMitgFBVV95cUxQWXdGLXNELUJ3QnNpd0pMSy1vUUJSaW5EampCdi1Cem9SckJtbFhjRkU4NFZBYVpoa1VmSUd5RlZQVHhRNmI1cVZJdEhVQkNGdUhDcnNkT1VGYUtnNzBUb0xmQzU0dUdzVHdEajk5U1dGeXMtaS1KM0FOcVN1Z3hJU3dpbklfQlotVC1WZTdLUm80eWpVZ19Eemk0UURkSXN2QXk4SmlGeUxCMngzT2RsYXVQWnBWUQ?hl=en-US&gl=US&ceid=US%3Aen,Bloomberg.com,22 hours ago,📺 Bloomberg,https://news.google.com/api/attachments/CC8iK0NnNHhVMDg0VDNKSGMxVm5lVXgxVFJERUF4aW1CU2dLTWdhaFJwd0xvZ2s=-w200-h112-p-df-rw,2025-09-27T12:48:43.059100
Russian Diesel Exports Rise Though Wider Fuel-Supply Woes Linger,https://news.google.com/read/CBMitgFBVV95cUxNczZLYWZtc01GRmg5cDhpTlY3T25ySHNsVGRNREZVMHR0b3hoMkRfNVNpUGxGUnV4Si1rVThNQXNhTDQtdmF1Mi04ZzU1SnJxUFBRdkNMZ0dwcTBlTkw5YkVral9NMHhGYWphaTd5X1NWbml1Q3BjdGl1SzdrMnR0ZmhQZnlKc0pHX0xtQ0h3cC11WUtTVFdWbnNROHZNYzZNQmNDUUd3WVZ3em9WUzNBelh1YlpiZw?hl=en-US&gl=US&ceid=US%3Aen,Bloomberg.com,22 hours ago,📺 Bloomberg,https://news.google.com/api/attachments/CC8iK0NnNXlhRmxOVVVoQldYTlllR2xOVFJER0F4aWpCU2dLTWdZQlVJYkJvZ1k=-w200-h112-p-df-rw,2025-09-27T12:48:43.059102
Putin Is Ramping Up His Hybrid Campaign Against Europe,https://news.google.com/read/CBMiqAFBVV95cUxOTTVFUGNqRWFVVE14UXdFYkZZMjVGeFR4SjdObXVXMGpsZTl3WENKSFNKX3JuWHgxbnViWjZobzJ4Zy0yTVkzY2JuRnpPLXJ6QzJTamtzc0tQMk1BS1o4WHJzSmVkWEdnV2xiRFREanZ3T2JPbDFuYWhCaE0wMU54NVR3bW83emtxeDRDWXc5ZzdobWtUV1BLallLMnNmcWR3SzUwNTkxYjc?hl=en-US&gl=US&ceid=US%3Aen,Bloomberg.com,19 hours ago,📺 Bloomberg,https://news.google.com/api/attachments/CC8iK0NnNXlUWEZSUm5kaGNETlNVRzFhVFJETkF4aVpCU2dLTWdZUklKS1ZGQXM=-w200-h112-p-df-rw,2025-09-27T12:48:43.059104
"US Preparing Possible Attack Plans Inside Venezuela, NBC Reports",https://news.google.com/read/CBMitAFBVV95cUxOMlVqRng1TmRtRGticTRHVkllUlM3S2NXLWxxVFpBYU1EUEZiRkowRFZQMExuWkk2VFd0X2tlbGo2NkZOU3hsSmgtV1NkZzYxQUxrMzNaRkZ2c01MWVpnVWxNZkotNmMxSGtpYS00aXJ1dE5oTjlzeVgyby1PMEduUi00dHNUZXlPd20wREFjWUVmTzdDWklKbmlxUEJZamI4RWpBZlBkbExiWXgtTUJZMjZBVkc?hl=en-US&gl=US&ceid=US%3Aen,Bloomberg.com,13 hours ago,📺 Bloomberg,https://news.google.com/api/attachments/CC8iMkNnNDFUV0kzZFMxMk9EWmZVV1ZrVFJERUF4aW1CU2dLTWdzQllKWm1zYWZRendtSm9n=-w200-h112-p-df-rw,2025-09-27T12:48:43.059105
What Is Hybrid Warfare? How Is Russia Employing It?,https://news.google.com/read/CBMiogFBVV95cUxPMHY2NlFVOEFZdHdlRnM0QXpjSVVWSkJBeFUtX0tZaXVwdHlHOVRYSlJXaFFSQmFaNC1rT2MyVEVkdGFDRnlFQy1sVTdGOWM5SmJCamJFVEFzUDIza0IySFR6aHNZVjNtM0dEV09IWHJHbktJaDJfNkdsNllVdFJFaUhtanpOUWkwemdYUDNLb290MTZ0b0NHcW5lRUsyanQzSHc?hl=en-US&gl=US&ceid=US%3Aen,Bloomberg.com,21 hours ago,📺 Bloomberg,https://news.google.com/api/attachments/CC8iK0NnNVRURlpUUVVoM2IyTnJRVll6VFJDOEF4aXlCU2dLTWdhMUlhTHhGQW8=-w200-h112-p-df-rw,2025-09-27T12:48:43.059107
Iraq’s Long-Awaited Oil Pipeline Restart Is Greeted With a Shrug,https://news.google.com/read/CBMitgFBVV95cUxNRlJQNnJTVWxpRy0welhaUVBKRGhPdm5YNVRhZGdIejkzVkFDaXZVTjBUMFlEXzluVHVfaC1BZU80NHFraEF0WDJUQzBHdUk3WkRiOGdyTkN1bTdoSndTQmt5S2JxODJrYzZtX2E2amlZZFpfeDhueXZQUklXYWNpYmVVQkEyV3dzMzZqNjM2dklUMlRGT1kxYlNwY01fVXNmaXVxM0dEZVV1dkt1Q1ROR1h1eExLZw?hl=en-US&gl=US&ceid=US%3Aen,Bloomberg.com,21 hours ago,📺 Bloomberg,https://news.google.com/api/attachments/CC8iK0NnNTJkREpwV0hoNmFtODVNbWwyVFJERkF4aWxCU2dLTWdZQmNJSUpRZ1E=-w200-h112-p-df-rw,2025-09-27T12:48:43.059109
Germany’s Top Diplomat Warns Russia Against Further Incursions,https://news.google.com/read/CBMiswFBVV95cUxNelVOVUxsbXYtLTl4QjNMbVhqZDNUeUhTdmVfTUNJcFpMbjUwUC10YXdLTk80UVd1RllQdXVSTDVqbG5MbktmQ3R4c2ZyMy1wZkRqMTJBczRKMFdfbWdONnV4TGJMbEJITHdHWHhMZkEycVI3cXZaSVpmZ1FZQ3VIR2hyUlFqQlh3eUMxX3lCVFgtTVBJWGw0eGVwSUgtNFdoRXc4ejB1OXlvel9RcVoweGI5aw?hl=en-US&gl=US&ceid=US%3Aen,Bloomberg.com,22 hours ago,📺 Bloomberg,https://news.google.com/api/attachments/CC8iK0NnNU1VVGhrZGkwMFVsaGlTME5GVFJEY0FoanNCQ2dLTWdZWlY1UkpKZ2c=-w200-h112-p-df-rw,2025-09-27T12:48:43.059111
Trump Plans New Tariff Push With 100% Rate on Patented Drugs,https://news.google.com/read/CBMiswFBVV95cUxOMmJZb2c3c0dUNVBpaDUtUV9KdnUzZ3Y5SUh4SW4xQWdZYnRhbjdNaWg4Y2h1WE1WUjBZNmFIaDY5M1RLNm5YaGFoZmNNTWVBUkxkdUVBZ0dPc3VGQ2ZQU09qTThMOS1YUjN4aUNKZzg4eEwyNWFpY3NZUGw0UHQ1WElwaVpJY1kzYmFCMFF4VmZmVWtXdDQwY0c3dGFkTnppc0YzaHFPcWhKbFpHU1ZEaGtJZw?hl=en-US&gl=US&ceid=US%3Aen,Bloomberg.com,19 hours ago,📺 Bloomberg,https://news.google.com/api/attachments/CC8iK0NnNXFUR1Y1TUZCdE1GbE1WMjFhVFJERUF4aW1CU2dLTWdZVmNwQktzUVk=-w200-h112-p-df-rw,2025-09-27T12:48:43.059113
Trump Rattles Global Drugmakers With New 100% Tariff,https://news.google.com/read/CBMiqAFBVV95cUxPeEEzWEhvbmljcHY3aUVSZWdPMU5ueXRaR0t1alU4bkxKMTlVUGVFXzFLNzNEZ3k5a18zNmtUcW1BY2FrcE8xdlRLYzRvNjNmSEtNUXoxRWZwZUVDSzV5MGJlZi1JVFdZLTN0RWszWTRSX0xBTW1jVU9vNmFoZjNJQTY4U24tOUk1ODJqam9MQ1FCTmo2dUE4c2VMMjRmcE4tczljUm1GX2c?hl=en-US&gl=US&ceid=US%3Aen,Bloomberg.com,15 hours ago,📺 Bloomberg,https://news.google.com/api/attachments/CC8iK0NnNUJTMlJmUjBKelpqSm5WMTl3VFJERUF4aW1CU2dLTWdZQlVZcHJKUWc=-w200-h112-p-df-rw,2025-09-27T12:48:43.059114
Merz Urges EU to Lift Combustion Engine Ban as Industry Declines,https://news.google.com/read/CBMitgFBVV95cUxONFZ4Ti1mSTZfdFQxRDVLR0Jydms0WjBLckowbWRFeGJ4M29ZRDB6MjF0X1FzZVo1QXRTOGxMOHY0NXg1UjBlVENDX0NFNUgwWUZZSzl5TXdmOFRVYUpsQmNXcDU4dUkyMGFOR0JfMG52bTJOR2w1WTU4aGFKbmRNOVBXQ1F4M25vYTU4Y1dRZ1ljUUc0ZUtsNnhxaXdpT1ZsbDVuaVR4dmVobkxTS0J6bF9LR3NUQQ?hl=en-US&gl=US&ceid=US%3Aen,Bloomberg.com,22 hours ago,📺 Bloomberg,https://news.google.com/api/attachments/CC8iK0NnNTNURWxuTFc5UE5XSkNVVTgxVFJERUF4aW1CU2dLTWdhaFpJNlFxUWM=-w200-h112-p-df-rw,2025-09-27T12:48:43.059116
Tech Billionaires Already Captured the White House. They Still Want to Be Kings,https://news.google.com/read/CBMiakFVX3lxTE5aa2dLdFlubm5tdFEyVDdCWndFWmRwSUtSYnB5cTVra2NmdzFjLVdOdW5VbmJtcGQ5Y2pLNExuSjJ1SVBMeDEwejJnSlduYnFqUW95VXRfVUxNVnJmSjgwMzFNOE95MVhOV3c?hl=en-US&gl=US&ceid=US%3Aen,WIRED,19 hours ago,💻 Wired,https://news.google.com/api/attachments/CC8iK0NnNWZWMFJEWkZBMGEyNHdRbVpqVFJDZkF4ampCU2dLTWdZQlFvd3JNUVU=-w200-h112-p-df-rw,2025-09-27T12:48:43.059118
TechCrunch | Startup and Technology News,https://news.google.com/read/CBMiO0FVX3lxTE5oc1hqR1YwYi1VQTM1alk2dEVDNS1TaXp1SnlRdHdNQzBINUZvN0hxaDdWeEhSUGoxWm5v?hl=en-US&gl=US&ceid=US%3Aen,TechCrunch,"Feb 9, 2010",💻 TechCrunch,https://news.google.com/api/attachments/CC8iL0NnNVRRWHBRZVdkcVFsTkpURWRvVFJDOUF4aWNCU2dLTWdtUlVaaUhxbWcxU0FJ=-w200-h112-p-df-rw,2025-09-27T12:48:43.059120
"Pentagon can call DJI a Chinese Military Company, court rules",https://news.google.com/read/CBMiiwFBVV95cUxOdU9wZlplUnhlT1dJT1dVbXpNTU54QW0yM1VyWlZjeEg4Y1BpMTJnbS1TclVFemdkTnAwVTYxMTB5a3NhN09MYWl2S0E5MDdZNEFaVDY5ZmYwVVpUNHlLTG00alNWemhfNUpYUWVnWVZtalN1elhkUkUtSWZodGJETVFBSmhTMGxQUFdz?hl=en-US&gl=US&ceid=US%3Aen,The Verge,19 hours ago,💻 The Verge,https://news.google.com/api/attachments/CC8iK0NnNUtZMFE1VGpsVk5ITlllVGx6VFJERUF4aW1CU2dLTWdZVmdaYUxyUWM=-w200-h112-p-df-rw,2025-09-27T12:48:43.059121
The TikTok deal raises more questions than answers,https://news.google.com/read/CBMikwFBVV95cUxOdHpBeE9hMEF4eTNuR3gxOEh1ZHRJc0V3N2RLYjNMZFpOa0lYdi1RWFQ4NVo2RWROVTlHQ1ZQdmxZbW9Ea2czV3E0eHdFMWNHRVFxc0szRU1iWTZVNU1McXlnQlRlUEJJVmZzQjdhU1ZzN3hiTzlsWlpzQkFFaThwSTY2TXU1ZlNpVEtORHB2QXNWczg?hl=en-US&gl=US&ceid=US%3Aen,The Verge,17 hours ago,💻 The Verge,https://news.google.com/api/attachments/CC8iK0NnNXFVbXhKWWtGa1lWaDJObVF3VFJERUF4aW1CU2dLTWdhcEFJaXRQUVU=-w200-h112-p-df-rw,2025-09-27T12:48:43.059123
I’ve got a bone to pick with ‘getting credit’ from your fitness tracker,https://news.google.com/read/CBMioAFBVV95cUxQUlhQQzMxdlNzWDM2dGFRQWw0SnIyOVJoV0l2UXJyV2FOZ0t1WFlNMXIxS3RLYjd0T0VSbC01aTMwQzNKTkFBSnQ5Q0lmVU0zMlVDSFJ0dXdrbjFvZVNzUHlJdmFxWW0xX01weGRvMnpzRGprRHhsa0Uxb1o3RHBqTjZUZlN5WEVUanc4MW8wMXM2cVNhQ0ZzY0hWeXJ2ZEg2?hl=en-US&gl=US&ceid=US%3Aen,The Verge,22 hours ago,💻 The Verge,https://news.google.com/api/attachments/CC8iK0NnNUlkRzkyZFhOQ1lYQTBUbGgxVFJDdEJCaW5CQ2dLTWdZcHNJcFBQUVU=-w200-h112-p-df-rw,2025-09-27T12:48:43.059125
This smartwatch lacks notifications but will still distract you with Tetris,https://news.google.com/read/CBMid0FVX3lxTE5nbXpGQnFGOEo2LWJUZHJPUTk3Y0RQZmJfbTI5Rkt3cGh2dmdtUXBTRVEzaFJWbzlWTDl6MVhVT0VvWHFkLWRnWU1fU1g1dGNXTmppYlp2LWxNVk0zNEQtTEFJUkJ1QTk3YjlrWlVoQ1ZFNlNFUGJv?hl=en-US&gl=US&ceid=US%3Aen,The Verge,20 hours ago,💻 The Verge,https://news.google.com/api/attachments/CC8iK0NnNTFSbUZZU1hCS00xSTBaamRvVFJEQ0F4aXBCU2dLTWdhSllZekZzQVk=-w200-h112-p-df-rw,2025-09-27T12:48:43.059126
TCL’s 8-inch Nxtpaper tablet could lure you away from the color Kindle,https://news.google.com/read/CBMiggFBVV95cUxQUFdyaDRrUW9SVVk0dUFyRHJXNkJrYWpUcHFBN2lMUkdhX2h2RmZVVEtaR1ZVaVd0azNxbGdzNUVYSDhDRUliMlJXcHhvYjRVYUxZaEFfeFdxVWZQUEVPZWg2NVFNZFhjU0V1VDRKZG1sbml4dWhNaENFMmpUS0plZHFB?hl=en-US&gl=US&ceid=US%3Aen,The Verge,20 hours ago,💻 The Verge,https://news.google.com/api/attachments/CC8iK0NnNUxheTB5Tm5kQ0xXTktVSFJUVFJEQ0F4aXBCU2dLTWdhbFpZZ05LZ1k=-w200-h112-p-df-rw,2025-09-27T12:48:43.059128
Raleigh One e-bike review: redemption tour,https://news.google.com/read/CBMilgFBVV95cUxNbEpnRU1DeFU0bDRJa1NhRVA2VlJGY1NqQXBacjcycmRfUkNmdEVxRXc5eGtLR2ZMX3lacVFaQ2ZYWWlyVzk0a1lCUFYteFpDaFNQX0FMc25XdU1pVFhvZmV0eTNTc0Q0NFlGR0Q2TFNxNm5XbHVUSGV5T1dDdl91QURfTm1pUG9QaVI2WkhxTFBxT0FYRVE?hl=en-US&gl=US&ceid=US%3Aen,The Verge,5 hours ago,💻 The Verge,https://news.google.com/api/attachments/CC8iL0NnNXVlRVZvUkUwemNuZHViWGRxVFJDcUJCaXFCQ2dLTWdrVklwQU1yV1p6b3dJ=-w200-h112-p-df-rw,2025-09-27T12:48:43.059130
Raspberry Pi upgraded its keyboard computer with mechanical switches and SSD storage,https://news.google.com/read/CBMilgFBVV95cUxQUWdpMWgyVW9mLWs3VVR1VjI5MzNRQUZfdlZvWENKRHFPeXBSeFo1bUI0Q2JPUkNLNEVZdUlEYmVNRlJhNzVzVjR3WjBnWGV1Ym00NnRZTlFZNHBHa0g3b3hkU3FDUWdQTHVtbWUzeS1Vd0NLLS1Ua2RnSFB0aEJDN202NXBlbFNHNm8xXzBheTJMcmdaQVE?hl=en-US&gl=US&ceid=US%3Aen,The Verge,23 hours ago,💻 The Verge,https://news.google.com/api/attachments/CC8iL0NnNDFOMDVvZEdKMVVWRlRaRGx6VFJEQ0F4aXFCU2dLTWdrZFFJNE1xU1UyQ2dJ=-w200-h112-p-df-rw,2025-09-27T12:48:43.059131
Amazon’s Fire TV Stick 4K Max is already $20 off ahead of Amazon’s fall Prime Day event,https://news.google.com/read/CBMimAFBVV95cUxNdTNwcW52aVZ1WHl0VDd2N0w2RHFmZVJHSHRUb0w1aDJZeER2UGoxdGJUakZ6UnhkRUtBZEZKSGJjeDFnZHBpdXAxekVaNkJFV2hQdzA2TlRMMTUxajBaeUdiY1dVeUFONjdMejNmYkw3VUwzMlBBRUJEeGVRV0FEbEk1eXd0d3VrQ1VnNEZfWkhxQ19fOTBfYw?hl=en-US&gl=US&ceid=US%3Aen,The Verge,20 hours ago,💻 The Verge,https://news.google.com/api/attachments/CC8iL0NnNUZWRXQwZDB4U05WRkNNVXBzVFJERUF4aW1CU2dLTWdrVmdvaktPYVZNRXdF=-w200-h112-p-df-rw,2025-09-27T12:48:43.059133
Costco is already selling piles of Lego Game Boys cheaper than the Lego company,https://news.google.com/read/CBMimAFBVV95cUxNT2pqRVd4M0VlbldYcDg5Y1pqQV93Nm5tSWpJY1g3eFFRZUFycl9zalpzaTRVNUt2MGMxX09sazNISXVYQ0hQX1NCZmpTUWdhZGNqME9SSFhRNUp0ODk5VWdkMVd1R1RJcTMxWEpQTDdINy0zVXJZSlYwR0k2SnJQTDFrbXBYZ2dmbzRhY1Nxc2FaRzhvYTFIcQ?hl=en-US&gl=US&ceid=US%3Aen,The Verge,17 hours ago,💻 The Verge,https://news.google.com/api/attachments/CC8iMkNnNTJjRjgwWmxsV1QyYzBWa0pMVFJEQ0F4aXBCU2dLTWdzQk1JREVvR1JyTnhqNGln=-w200-h112-p-df-rw,2025-09-27T12:48:43.059134
Meta AI funnels AI videos from creators into new ‘Vibes’ feed,https://news.google.com/read/CBMie0FVX3lxTFBGb3ZsVE1Gc2c0cW95Z2FTcE1weVR6d2YxUkRRcVJLNS1mVG5oWlBMZFpiU3VWLUFPZk1nTGtEc1ZubDdlbmRnYklONW0tVURVYmpYOHItTU5fU3NMRElKWnd1SmlxY1pFTjFCSktvZnE1Q3gtejlxeEJ1dw?hl=en-US&gl=US&ceid=US%3Aen,The Verge,20 hours ago,💻 The Verge,https://news.google.com/api/attachments/CC8iK0NnNDBTMjVDVVRRMFdsZFZSRE56VFJEQ0F4aXBCU2dLTWdhVlVwRDBvQWc=-w200-h112-p-df-rw,2025-09-27T12:48:43.059136
"Drone News & DJI Rumors: Mavic 4, Mini 5, Neo 2 FPV Drones",https://news.google.com/read/CBMiNkFVX3lxTE5qeXVGNFRZZ1g2Zlg2WHI3Zmo0MHRLSTQ3dHRDLUlHUW5GWDgwMkJuYjhrd1ZRdw?hl=en-US&gl=US&ceid=US%3Aen,DroneXL.co,"Feb 16, 2020",🚁 DroneXL,https://news.google.com/api/attachments/CC8iK0NnNXJjMmcwYUU5bVowd3pRV296VFJERUF4aW1CU2dLTWdhaGRJcU9MUWc=-w200-h112-p-df-rw,2025-09-27T12:48:43.059138
DJI Mini 5 Pro First Flight: The Best Mini Yet?,https://news.google.com/read/CBMigAFBVV95cUxPYXlWaHVOQkExa01MbFloWXJzcWFseEhDMUE2NDRZbkF3OGx3d1ZxNnpPb0tNeURseFpPck5FM2FHWHg5TFhfbkpiaVJmc2lONXNxeXE3TUczVzFFUzJHYkhnODVEeEViNnRyZ3N3MmFCUmtGSXY0My1mXzlIWEhTLQ?hl=en-US&gl=US&ceid=US%3Aen,DroneXL.co,16 hours ago,🚁 DroneXL,https://news.google.com/api/attachments/CC8iL0NnNXpaMGxCZGxacWFuaE9kM1puVFJDZkF4ampCU2dLTWdrQllJYUNMQ1FQY0FF=-w200-h112-p-df-rw,2025-09-27T12:48:43.059140
Drone News & DJI Rumors,https://news.google.com/read/CBMiOkFVX3lxTE9Mc25KZF9PRnhMRE9YM0doU3Z2RG1GUVU5Zk1Nb1Q3UVJ4bGRuMHZwOVdURkdSaDBFelE?hl=en-US&gl=US&ceid=US%3Aen,DroneXL.co,"Jun 17, 2024",🚁 DroneXL,https://news.google.com/api/attachments/CC8iK0NnNXJjMmcwYUU5bVowd3pRV296VFJERUF4aW1CU2dLTWdhaGRJcU9MUWc=-w200-h112-p-df-rw,2025-09-27T12:48:43.059142
DJI Mavic 3 News Rumors Specs Archives,https://news.google.com/read/CBMiYEFVX3lxTFBvZXNmV3pYREx1U3MyMlQzeEd0T1k1dFE4SDN5YVk5Smd1ZUdhWnpOVlNhS0tTc3RHZlA2bmQ0SkhrZVc2MWh4RjhKa2Z2a21JRnh6VkFPb2xPSzFaR0JPMw?hl=en-US&gl=US&ceid=US%3Aen,DroneXL.co,"Jan 14, 2022",🚁 DroneXL,https://news.google.com/api/attachments/CC8iK0NnNWpUa0ZKVW1RMldsTldhblZXVFJDZkF4ampCU2dLTWdZUmM1YkxLUWc=-w200-h112-p-df-rw,2025-09-27T12:48:43.059144
First Responders,https://news.google.com/read/CBMiTEFVX3lxTFBySnNURFhUejBFZC1VTDBPUFNzZ0lKcnlQZk9jdXhwQnEteDhkLXhRQ2QyY0VUQkF0Z2taTlVxc29mdGkxT0c0c0d1OUY?hl=en-US&gl=US&ceid=US%3Aen,DroneXL.co,"Jan 14, 2022",🚁 DroneXL,https://news.google.com/api/attachments/CC8iK0NnNWpUa0ZKVW1RMldsTldhblZXVFJDZkF4ampCU2dLTWdZUmM1YkxLUWc=-w200-h112-p-df-rw,2025-09-27T12:48:43.059145
BLAZE interceptor Archives,https://news.google.com/read/CBMiV0FVX3lxTE5nbEFJMkFnUnBVcWpzckg2MmJialkzMG1oNWZ1QkVNTmw2TlVOV2tKd1NmZm5rRVhodklMWTdBTVRnaVZkNmRneEI3U0Z6Zy1BSWx2RDRnYw?hl=en-US&gl=US&ceid=US%3Aen,Dronelife,20 hours ago,🚁 Drone Life,https://news.google.com/api/attachments/CC8iK0NnNVNTV0pLUTB4eFNqSjJVSE01VFJDc0FoaXNBaWdLTWdZQjBJekhSZ1k=-w200-h112-p-df-rw,2025-09-27T12:48:43.059147
dead tree detection Archives,https://news.google.com/read/CBMiWkFVX3lxTE00LUtfSXBtaWQ0dDl3WUx6bTRMWS01YzlTMlFKUGpUeDVwcjI0UjB6VTRQQ21Na0ZOekQzRGN2TzVlRWtGcHAyT3JUUWNwRURPeVZuR0g0M3FNdw?hl=en-US&gl=US&ceid=US%3Aen,Dronelife,20 hours ago,🚁 Drone Life,"https://encrypted-tbn0.gstatic.com/faviconV2?url=https://dronelife.com&client=NEWS_360&size=96&type=FAVICON&fallback_opts=TYPE,SIZE,URL",2025-09-27T12:48:43.059149
healthcare technology Archives,https://news.google.com/read/CBMiXEFVX3lxTE5RTDlMT3F5b2JKOV90UHd1TmtzdTdpRmNlYXhWNDYzSmE5WFdKdFFSRS0tMzk5VFVnNm1UNFZJQ01SdDhwYUFCUndfaWdBR3V1Vmxoa1VuZ2ItOEJ0?hl=en-US&gl=US&ceid=US%3Aen,Dronelife,20 hours ago,🚁 Drone Life,"https://encrypted-tbn0.gstatic.com/faviconV2?url=https://dronelife.com&client=NEWS_360&size=96&type=FAVICON&fallback_opts=TYPE,SIZE,URL",2025-09-27T12:48:43.059150
Drone News Feeds Archives,https://news.google.com/read/CBMiXEFVX3lxTE1kc3I5Y1RqN2E3QWc4UV9HTnVNcjNNXzJON0tQeXFUamZFZXVJOU1mRi1mRTB0cDUtUmZ2bTRqQ1R5ZWRPTkU0NHhWZTNMemxUWHBMa2xIT0N2Wjhx?hl=en-US&gl=US&ceid=US%3Aen,Dronelife,"Apr 10, 2018",🚁 Drone Life,https://news.google.com/api/attachments/CC8iK0NnNVNTV0pLUTB4eFNqSjJVSE01VFJDc0FoaXNBaWdLTWdZQjBJekhSZ1k=-w200-h112-p-df-rw,2025-09-27T12:48:43.059152
Type – Page 586,https://news.google.com/read/CBMiXEFVX3lxTE9yVXJmOXI0QnVNYktCODY2R1liZHQtUnZKWGZRRW1HUmVub2x4X2NFNUFsOWp4WERveDhlU3NXTjZVdGVJcklMbXVqeE9rUHBnei1GMWxqMlQ3UHB0?hl=en-US&gl=US&ceid=US%3Aen,sUAS News,2 hours ago,🚁 sUAS News,https://news.google.com/api/attachments/CC8iK0NnNTJWMHhuVFZKdmEyVnJZemhOVFJENkFSaXNBaWdLTWdhWk00aHh3UVk=-w200-h112-p-df-rw,2025-09-27T12:48:43.059154
Drone Attacks And Diplomacy Escalate As Gaza Flotilla Nears,https://news.google.com/read/CBMimAFBVV95cUxNWWh1a1BteGYwSW4teWtrV095cGtmVmNxNDFlOVRNbGRCWEdBUTBvdWlBSXE1WHVRUnA3blRpbnNXRDZZRmVPYmE2T0ZXRUZKaTdibXRMUll3YUw4X2x3WF82MXE2T3dzaFJXMllDSFZpQUVmMjQ3OU9FUUZVb1RyWjBxQlFKSXJPbmkzakpVQnVxTnpORnktcQ?hl=en-US&gl=US&ceid=US%3Aen,Evrim Ağacı,16 hours ago,🇵🇸 Gaza Drones,https://news.google.com/api/attachments/CC8iK0NnNUNNbWRITkU5TU9ISmhkRkF6VFJDM0FSaVRBaWdCTWdhQmtJeUlSZ1k=-w200-h112-p-df-rw,2025-09-27T12:48:43.059156
Mali PM denounces Algeria at UN over drone downing,https://news.google.com/read/CBMiggFBVV95cUxQZXBQelRlVnFDNWszRzdaZFQwd0tzcEhmNGZoWXVSMHRXV2Jxb1I2MnlVRTd2a3p0cVJvYmtlNmRPdHVVR3BUaFhKNmtzOVhtQmQ1MDZEUmFOQ2hvRUprWFg1ZFk4dDQzcXprV0xkR2l4TGFabktDWGZqUHd3UE05bW930gGHAUFVX3lxTE5oaDVtY0xBbXkxbW9BS2N0VHpUQ0d3Z1N0eVN2c3N5RmZYUWxGYjVTNTU0b0xvSnVFVWdOVS11X05DeUp2dTE1Mmc0V2RyRXBmMW41Ukg2RkVtN2RwbHVyejN6amhxejlvaUYyTE1WY0dZT2xJTk1nSm5fb0UtN0JZOGxJdGhsTQ?hl=en-US&gl=US&ceid=US%3Aen,The New Arab,3 hours ago,🇸🇾 Syria Drones,https://news.google.com/api/attachments/CC8iK0NnNVNjMk5NUzJ0U1NqZHBXRzFuVFJDQ0F4aXRCU2dLTWdhcEJZck5qUW8=-w200-h112-p-df-rw,2025-09-27T12:48:43.059158
Military pressure on Syrian Kurdish militia in Aleppo increases as Al Shara warns of war,https://news.google.com/read/CBMimwJBVV95cUxPcVFpMXhEOGlMbXFtQ3BURUViUVhzMG94N21YRlRZZDFZOThibUFqdjd4cUdjOERWTWl3UUY4akVwMk91N0s2Unc5YXBCdTZtQ0xUelJEZmswbFpPOGNyLS1ZUGNXLTdBaEluMUthRlp1V2NyZFB2ZmE0dEdsdDNmT3NFUWJZdDh2RzJNNUxJelF4eGZmQ0NEa21zZEI5V3U2Yzl4NU9GSVBTZjZweFVacE5HaXNadGp6VWNBWlV4dzdaWUM1WmVMc2N2V0VZRFptXzc5NVpXQWhWV1F6Z09kN213cGhOakxINTBQTHVUalVvanRGcGV0UWF5OVh1Qlk5OTZFR1ExZUNEWDRDVjBlWnkzMWdpbktFcms4?hl=en-US&gl=US&ceid=US%3Aen,MSN,4 hours ago,🇸🇾 Syria Drones,https://news.google.com/api/attachments/CC8iL0NnNXpiRlZYVVZkWWNsRnVZVU5wVFJERUF4aW1CU2dLTWdrRlFaUUtLYWRFc2dF=-w200-h112-p-df-rw,2025-09-27T12:48:43.059159
Syrian integration in focus as Syrian President Sharaa speaks at UN,https://news.google.com/read/CBMiuwFBVV95cUxPMlduUG1qbVQ1cnlvMHRFcE9rVDJCdXVCYWRTQVFrSjhZeHJMcjI4WUFVQjdrb1lYc05SQTd0N0JhWC1TWEdqLWdlWmwzYVZpSGE1V0FqZ0FoUWs1c01MUTlBUTllWFNDUEtfeUhNOGtZblNLbkE1cWkzQWd6MW1WMmVoUG0xTHZQV2lDUzBSUmRHNVVtZ2JBQnJxRlVNeTRkTDZ6TzlhQS1Pb0pha0ZsZUg4Rlo4RDJMd1Jn?hl=en-US&gl=US&ceid=US%3Aen,The Long War Journal,19 hours ago,🇸🇾 Syria Drones,https://news.google.com/api/attachments/CC8iMkNnNVRiV3hLYzI0MldHVkxXVVUyVFJDbkF4alZCU2dLTWdzQlFJWmxycVlsMFNqVG1R=-w200-h112-p-df-rw,2025-09-27T12:48:43.059161
"Amid ceasefire violations | Drone attacks Al-Majdal village, injuring two persons",https://news.google.com/read/CBMiSkFVX3lxTFAzNm56Yl9FQTlxRS0zeS1lNi1lZU5BdU1nUzV3VVFlWnVKbUtrUGFrdmd3bF9qNVZKNVQwYnQ3OUwxZWZXdFFFck1n?hl=en-US&gl=US&ceid=US%3Aen,syriahr.com,13 hours ago,🇸🇾 Syria Drones,https://news.google.com/api/attachments/CC8iI0NnNUhRbEU1UVZwM01qUnRUbUZSVFJERUF4aW1CU2dLTWdB=-w200-h112-p-df-rw,2025-09-27T12:48:43.059163
Two injured in aerial strike in rural Sweida,https://news.google.com/read/CBMieEFVX3lxTE9GYkxmcXI4RGRyVEVqMG0xdmVDQnNMQVphd296azVWVTlKTWJQeDI3M0NrV1ZUeEFjT280UHM1cUs1UFVrOVM4TDRVR09XRDRyY08zMXpYX0RqTjhzRTcyRzFnUGJxVTZGRWdLcVlEd1Q3TlhBTUE3Rg?hl=en-US&gl=US&ceid=US%3Aen,ANHA,6 hours ago,🇸🇾 Syria Drones,https://news.google.com/api/attachments/CC8iK0NnNUlPREI0Y25GMk5HZENjMFZuVFJDb0FSaXNBaWdCTWdZRkpZNEVLd2c=-w200-h112-p-df-rw,2025-09-27T12:48:43.059164
Hezbollah’s Military Edge Wanes as Its Support Base Bears the Cost,https://news.google.com/read/CBMiswFBVV95cUxQc2lIWmxoSTdsWnpwNjFjMnBrQkdIYTNsRkZBdGhRdnZMZ3htclVxYl92YjJmUHN1b0tfT0N6RlpwYjhCSFNXek1TcXJ3Y3licHJXbkV3Sy1FazVSRmwyM3JQTHZIYUdlaUtvNHdZcnp3YktVdGpaSWdiT0dvR3M1eXowU3JuN1IyemtkY043aDVIUnR1bWZodVNyV1hVaTVKZTJNZGV4MTNhWk8yN3BqQ2xlSQ?hl=en-US&gl=US&ceid=US%3Aen,Asharq Al-awsat - English,8 hours ago,🇸🇾 Syria Drones,https://news.google.com/api/attachments/CC8iL0NnNUxUbGg1V1ZWVFFrMXhUM1JzVFJERUF4aW1CU2dLTWdtQllJaVdxQ2VTelFF=-w200-h112-p-df-rw,2025-09-27T12:48:43.059166
Netanyahu threatens Iraqi militias,https://news.google.com/read/CBMiWEFVX3lxTE9MWWdKczdlaU42OXJxVmY3UzdFOG9EUUhJZHZXNWtRdVo3WHlpa1FPME9CNVdyem1URV8xSzVmVkIyVHROSGQxZzdqdUdiUDkySkVqSlY2YnI?hl=en-US&gl=US&ceid=US%3Aen,rudaw.net,16 hours ago,🇸🇾 Syria Drones,https://news.google.com/api/attachments/CC8iK0NnNUlkbk5hUTBaalFWZFNiMGsyVFJDM0FSaVRBaWdCTWdhaFE1SlJtUWs=-w200-h112-p-df-rw,2025-09-27T12:48:43.059168
"Russia, China push at UN to delay return of Iran sanctions fails",https://news.google.com/read/CBMixAFBVV95cUxQVDFvUGlZRmtlM1hFNDlOZ0lLZ055Y2dmOHVtWV82eW5xQ0tYcnlxYXVZNDlTYTJQV3lpSF9pbkJHLWpIbUdpbkhrRVBLVDBJQnNvX25lc1VKc1pLdDVRLVZaaGZsR3dYRHhkVVlnei1HbjVJUEN6NmdQem0za1lhbXFuSmVhMXZGdGZod2RHWENwUUlPZ0x3WENCVm9IenZTM01TZFowdGcwbF9LeWo1WmVTcTdsUHVGLUdBOXhQaTVVbWdk?hl=en-US&gl=US&ceid=US%3Aen,Al Arabiya English,17 hours ago,🇸🇾 Syria Drones,https://news.google.com/api/attachments/CC8iK0NnNW5SMnBhWjBONE4zSlhlbHBmVFJDb0FSaXNBaWdCTWdhcE5ZN3RHUWs=-w200-h112-p-df-rw,2025-09-27T12:48:43.059169
"Anduril Lands in Taipei: Drones, Missiles, and a New Playbook for Taiwan’s Defense",https://news.google.com/read/CBMipgFBVV95cUxNc3RIYXFPWk5UVXNVdWU3bGxSSldkQU5tWDQ3bnItOHRiUkNMTEJVNDZsSXV2dHZMQkVZYXpWOGdtdWRmY3B0SS0wbDJFeHJ0YS1RUVd0MFhJZEd4QTVPZGwzeFFQam95Z0dYaGlvZEpkbjBGdVZrTXVNT2tuTzZubFYwNHVnWG5mcFIyeDZNdlVSNm1mWlFLOTdRLUNhTlgxSlFDV2VR?hl=en-US&gl=US&ceid=US%3Aen,SOFREP,20 hours ago,🇹🇼 Taiwan Drones,https://news.google.com/api/attachments/CC8iL0NnNXJhM3BaYTNOeFlsaE1UR1E1VFJDd0F4akdCU2dLTWdrVk00cElHcXBNaHdJ=-w200-h112-p-df-rw,2025-09-27T12:48:43.059171
'Seize Taiwan By...': Xi's Shocking Order To Chinese Troops; Russia To Join PLA’s Mega Operation?,https://news.google.com/read/CBMi_AFBVV95cUxPY3dJMjYxYTRLSE5zYnY1N3REMXpwbGpiTUh6TVg4aTRSN3lXa2JUWFl1bGp6QUFjNGNmZlRjdjYtTzdTbGlXR2x3a2xPS0kyUTg3SFd5b1Vta0xfQ29EQWxhZGJjYmJRVjNrOEwtVDN6eFptaHZpd1hIMDJPdWpWZXM5SmNzSFE0VWhwQ2dmeElIUjd0ZmxaaEkyby1VaW5wS29ld2w3bGhCS0tEcEduVnNDZkFPY1Y4VEFZRHFoYTYtOElNQXhnTTJVbi1XcVFwYmZGMlhUWU5DVWprLXU2WEdVeWRLQ2FWYmhidzBHUDhORS1VSGY1aFZKaWHSAYICQVVfeXFMUEhOSEhYc2xKN0pmMDhqd21xZG8ySUNmTmpiWFFrWWppenlaUEJlZmpSYTRzcWxJYVlyOURFNm5sN3B6Sl9sbUFXUUx3VGpRYzdlTV9yMHMwXzhuTGkxTWYtbnI2LWlYSmNSa1FUUlpMRUVQSXhXZHlweHRDbGdVb1A2Y0RzdXppbHoxTVVhVnJ5aElSVDNCX3NDTW9XbzgxY3g2Y2tBWmppVElXNWJMUnZLVHBSTUJCYmtyQkJVV01hODE4a0lNbzhEaVZFY19qZUJvUGdBeExtUUpiTHNTLU91bFNQRzZDYjlnMkd4b19WanpMUFNCdTQ3NHlCQ1RNeDZR?hl=en-US&gl=US&ceid=US%3Aen,The Times of India,5 hours ago,🇹🇼 Taiwan Drones,https://news.google.com/api/attachments/CC8iI0NnNVJhbmx1VFROQ2JVZDZVMUJZVFJEZ0F4aUFCU2dLTWdB=-w200-h112-p-df-rw,2025-09-27T12:48:43.059173
Europe on alert for potential Russian invasion of NATO countries after drone sightings,https://news.google.com/read/CBMirgFBVV95cUxPZmJrUHlpWDFvMWJ0aGdHNWstdWhxeFNlWmF1UlpDaEZiNVZZR3RXT3lFRkw3ZE5IS09GR25NQWZSVVIxdjZIal9KeTRKX3RZZ1dLX2VaLVdGeHdSZ3k4aEVYQXBKZDUteFFKbzVTVEJEaEtjU3BRY09vaFYzaWJOaW1GOUg0dTBBMGVQS25aNkVieWxhMzlKeTVTblY0OVJyZHFTdHVBWFlUMXZpOGfSAa4BQVVfeXFMT2Zia1B5aVgxbzFidGhnRzVrLXVocXhTZVphdVJaQ2hGYjVWWUd0V095RUZMN2ROSEtPRkduTUFmUlVSMXY2SGpfSnk0Sl90WWdXS19lWi1XRnh3Umd5OGhFWEFwSmQ1LXhRSm81U1RCRGhLY1NwUWNPb2hWM2liTmltRjlINHUwQTBlUEtuWjZFYnlsYTM5Snk1U25WNDlScmRxU3R1QVhZVDF2aThn?hl=en-US&gl=US&ceid=US%3Aen,Daily Express US,7 hours ago,🇹🇼 Taiwan Drones,https://news.google.com/api/attachments/CC8iK0NnNXljbTlPWmpkd00yczNUMHhCVFJDUkF4ajhCU2dLTWdhaE5vb3JRZ1U=-w200-h112-p-df-rw,2025-09-27T12:48:43.059175
Taiwan’s Defense Spending Increases To Move In Right Direction – OpEd,https://news.google.com/read/CBMiqgFBVV95cUxPUHFJLUsyWktVZWFNMjRrb0xaUUZIQzVpOXlzcGJxbVVoYklpSXZSeklQa1RUSU5WeTFSTl80U21ZZFE5SDFVUjl5OUptUDFZUWltQTdocDJJNWduWXQtZ3pDaWN6c1ZhYmYtNWg5eXBtRmpEbXl1REl5ajRsN2Q1Y1c5b2Viczc2VkZ5QXAybmdocVVCYWhhWTlwRnBBdWsyWlN3THpNYUd4Zw?hl=en-US&gl=US&ceid=US%3Aen,Eurasia Review,20 hours ago,🇹🇼 Taiwan Drones,https://news.google.com/api/attachments/CC8iK0NnNXJWa0ZJYldoS2VuRnpaM1pqVFJDZEF4am5CU2dLTWdZQlFvaXByUVE=-w200-h112-p-df-rw,2025-09-27T12:48:43.059250
CSIST aiming to integrate missile systems with tech,https://news.google.com/read/CBMiekFVX3lxTE1Ib1puZ3oxbDNHN2tFc0ZzZXdxNTYxa3g3VmhpejVXbXl0WjBsZk1LbE9VaFZKWV9KRjFzbXJrTEt3SVgxY1VsRFlqaklmV1lMM0tyeEJIRVR1MmVxcVA3YjNzUXBobDZZUi0yTEJKVXlzdHlDZ1ZWaGF3?hl=en-US&gl=US&ceid=US%3Aen,Taipei Times,20 hours ago,🇹🇼 Taiwan Drones,https://news.google.com/api/attachments/CC8iK0NnNW1TV1IzV0c5NGNYQkNOR3h5VFJERUF4aW5CU2dLTWdZVmtJcXJOUVU=-w200-h112-p-df-rw,2025-09-27T12:48:43.059252
"INTERVIEW Aunt, uncle's sacrifice saved 6-year-old girl trapped by floodwaters in Taiwan: Rescuer",https://news.google.com/read/CBMiVkFVX3lxTE1sSEx2R25SZHlfcmdLajF2NnJ1eUlvSThncjdORlRHRFFhZ0w5UjFRSFJRQWV1SGhSWWJjSFJwTzBfM0JMUlB6cFVzNUNjaDJZc0Y5cjNR?hl=en-US&gl=US&ceid=US%3Aen,Focus Taiwan,6 hours ago,🇹🇼 Taiwan Drones,https://news.google.com/api/attachments/CC8iL0NnNVRWMDU1ZEZBd2NtbDRhRTAxVFJDb0FSaXNBaWdCTWdtaE1KTFFLT2lDaGdJ=-w200-h112-p-df-rw,2025-09-27T12:48:43.059254
Denmark reports new drone sightings over its biggest military base,https://news.google.com/read/CBMimwFBVV95cUxNakxlcHBiRkJPeDZQS3ZEaWJ5WTY2UXNSS0pHemlWWHF2ZWxpOWtIcDdwc2VPbFBzaS0wV3NMSVdsNEI4bW14QnBYVkdDcHNoN2FwX2VEeE5pWm9qZTRYTzRYVnRJM0YtR2h0dTlQYjB2ZGFJV3h4Vk5HSUxLalhNLXhkS0E5c1NQaTZRcXVpdVFyTTllaFBobzZ5dw?hl=en-US&gl=US&ceid=US%3Aen,The Guardian,45 minutes ago,🌍 Africa Drones,https://news.google.com/api/attachments/CC8iK0NnNUNPRjl0TkVWNE1GQkNObEZTVFJEMEFoalJBeWdLTWdhQnBZTEF6Z0k=-w200-h112-p-df-rw,2025-09-27T12:48:43.059256
South Bend's Fusion Fest returns for third year. Here are 7 things to know to go.,https://news.google.com/read/CBMi3gFBVV95cUxOaWRrM1pFMC04dnpPZTNIdS1DUHlieUwzWE91WmxoSGxETzBYQS03VjZsR0FmYTFEWWJJV2NKcGJPZUdmVnlIbU1tX0FRUlhWVm9kZzdCc3IySmJpalBvZ1poeVVaR3I2bGRVSUgyMFhrZk5rS0hLemhkZzJSbUYzWUxqZktFa1F1T3RNVTlMQ2RhN0ZURmJ0aUxfVk56QTlQcjZCM1ViU2tGVTZ2T0FTTEExS2ZRc1djUldGcmZITDBrUTBGNmxmT2VsQ2ZpUnFZVVJ5ZXpfQ21WcVRUc3c?hl=en-US&gl=US&ceid=US%3Aen,South Bend Tribune,12 hours ago,🌍 Africa Drones,https://news.google.com/api/attachments/CC8iL0NnNWlNa2xXZFdabWMxQkZUM2RrVFJEekFoaVVCU2dLTWdrSk1KcUhHdW9saHdJ=-w200-h112-p-df-rw,2025-09-27T12:48:43.059257
"EU urged to move fast, learn from Ukraine on 'drone wall'",https://news.google.com/read/CBMipgFBVV95cUxQQmI2Zmc0eHFYYTdNQ2VCR29XeTB3ZG8zYUFLcWIzUEVKTXpoTXQ0S1J0MkNwVDJXNm1iSDByYmdIQXpIM2ZlbUVORUJIQm5qR211aFdTX2RZbnFEbUU4a3JTNHVEd3o4ZUxVVVpCekVDR3dyUlctQklwV0xBMnlyWnFJMzRPdjhraDdRVVhPYzJWSmpGMVJPSy1TVmJZMU1CTlZHY2x3?hl=en-US&gl=US&ceid=US%3Aen,RFI,22 hours ago,🌍 Africa Drones,https://news.google.com/api/attachments/CC8iL0NnNXRRWEI0T1d4cVMxSjJVREo0VFJDZkF4ampCU2dLTWdtWmtZQ1B1ZVU4MWdB=-w200-h112-p-df-rw,2025-09-27T12:48:43.059259
"At least 22 wounded after drone fired from Yemen hits Israeli city of Eilat, medics say",https://news.google.com/read/CBMisgNBVV95cUxPcGNkZjUzRkhsTVJtaWQ3bU5KcWNKZi1aaFA3UVdMeVphd0FmWk5KRjZFM1ZuWG0xbHJsTEN2cWQyTV9hQlhoZ3lBYUk2MnZTSmMzbUpfczdWNTUzU0U5bDN1UmhuU1piZ2V3Xy1MNm5PLWkzTjVwNHRaUXRad1kxMmJqQ2xNUWpJWmpWdGdMRzhVRGxXaWVsVGlUdmhJLXBheVVzRDNVRkF5U2Y3cWNoeHFHNUZzcmFuSENNN2ZXQXBMZVh5TGl0VXhvd18wenNIUkpQeEVIdl9ROHFxcUFvc1YyX1RPa3pFRGx1RjBCYTNPb1hjTEZLdlFZV0x5YXd6ZEcwcmE4b2NKVnRLMUNibFVlVUdwQVhJQWNrQ3lBTl96VGRiWHhVMTZPTHhwZE5EcHlNcE1mSTM5TWRhUlJLTzdkWDlOLV9nbzVIZ0VLeE5CWDRJNi1jYkMzLWxvc3ZPSUFxU2hxOUgtTW5QU3NYWThEZ0JYeUJtWXpzYWFCR2RoREtzSXh0WU1UNGVYRkptcDlkX2pXbTJ5MXZsUE80N21kVTFjUHpxVzh0a24wbXBiUQ?hl=en-US&gl=US&ceid=US%3Aen,MSN,21 hours ago,🌍 Africa Drones,"https://encrypted-tbn2.gstatic.com/faviconV2?url=http://www.msn.com&client=NEWS_360&size=96&type=FAVICON&fallback_opts=TYPE,SIZE,URL",2025-09-27T12:48:43.059261
Japan to Supply Free Surveillance Drones to Sri Lanka,https://news.google.com/read/CBMigwFBVV95cUxOcmg0ekdwTm05TkJKVGl0UmRrckZWYUpjY2FqRnZBeWtJeG9VZVl4d0NUQlZNckFJMXNad2xKY3NuS2czMGtSQXBscm50cFJicTAzU1FHLXA1TTA1YW1YWUViMnB2dlVGSDV3SnM3aEZvWEtHLTZZYXBKU2VvOWZCMF9pWQ?hl=en-US&gl=US&ceid=US%3Aen,Sri Lanka Guardian,7 hours ago,🌍 Africa Drones,https://news.google.com/api/attachments/CC8iK0NnNWtlRWhKWmxrM05tWjZaRkJ2VFJDbUF4aUFCU2dLTWdhbGhKYXRNUWM=-w200-h112-p-df-rw,2025-09-27T12:48:43.059263
A tale of two Africas,https://news.google.com/read/CBMiWkFVX3lxTFB6bHlWR0t6eGltOHNsNVNjcy1vTEN5LXJNOHhqaUJiYlprcmhjVW1yVS1UUEpmZzRXMkpTSUFMSEZzR1RQUVJHTUVHRUZDYjVWVkJTQnQyR3kwUQ?hl=en-US&gl=US&ceid=US%3Aen,The Critic,11 hours ago,🌍 Africa Drones,https://news.google.com/api/attachments/CC8iMkNnNXZhVmhpU21oRFRXMXlYM2xOVFJDekFSaWFBaWdCTWdzQklaUUpGcW8xYUVvdW9n=-w200-h112-p-df-rw,2025-09-27T12:48:43.059264
World leaders step up efforts behind the scenes at the UN to end the war in Sudan,https://news.google.com/read/CBMiekFVX3lxTE1YZkJsUURVeXdNN3VuZk4zeGg0dmVPWXQzZ051NmRVLWJLaVB0NGVDRDdQUzhLODhXV1AxT3I2ZDRYenNrQUFNWWpKQ3YxUzlqWkU1bGJJbW9oUldrTkY0SzlVcWVhMUNBLVFUQ2g0ekd3cFc2RzZadTB30gF6QVVfeXFMTVhmQmxRRFV5d003dW5mTjN4aDR2ZU9ZdDNnTnU2ZFUtYktpUHQ0ZUNEN1BTOEs4OFdXUDFPcjZkNFh6c2tBQU1ZakpDdjFTOWpaRTVsYkltb2hSV2tORjRLOVVxZWExQ0EtUVRDaDR6R3dwVzZHNlp1MHc?hl=en-US&gl=US&ceid=US%3Aen,Boston Herald,19 hours ago,🌍 Africa Drones,https://news.google.com/api/attachments/CC8iK0NnNDNhMTlpT1RCVGVqQklNbWRrVFJERUF4aW5CU2dLTWdheEJKS1BqUW8=-w200-h112-p-df-rw,2025-09-27T12:48:43.059266
Propping up the home front. Russia is turning to African women and conscripted North Koreans to tackle its…,https://news.google.com/read/CBMifkFVX3lxTE1xRDJCMUFqQVFZNHEyeDR6X2dWRy1sQ3FkZmlQYTgtWk52MEhWeVpRMWcxWXZWTTlLU2UtQVpBR3VUbDdLYWpqckMxa0tSNnpqdlNpWUs1a2dDcVBJSkstUUNGU3ZIbkhlX0tuVGtuWmZ5dDFJVWhiVWROZ0t3Z9IBgwFBVV95cUxPQV9mazZBWHE3ZzNHbU5tY0c1aERSZDhyS2dBY3VXaERveHRYU0VNcllQc01VdHhHYWRhVWU4X3pxMUdoTzlLd0k1YkVnQklOWWRXbFRfYzgtc1pCVFVFOHF1WTBnSndCT2hMYWVuUW44YTRwZ1hoQTNVZ1BLZ1dpU0F2NA?hl=en-US&gl=US&ceid=US%3Aen,Новая газета Европа,21 hours ago,🌍 Africa Drones,https://news.google.com/api/attachments/CC8iK0NnNWxURWRxUVhsa2FEZGZPRk5NVFJDZkF4ampCU2dLTWdZZFlZNXdKUWc=-w200-h112-p-df-rw,2025-09-27T12:48:43.059268
Denmark drone incursions: All signs point to Russia?,https://news.google.com/read/CBMirAFBVV95cUxNeUh0SDRVNmd6SnRrd2VoS0d2WHFBS2MxY0hBN0ZNTUtKWDhkTU80M1ZXWUw0UjgtRmxRdkVHSV9kQV8zbFhLbFNzem1BY3hSU3o0ZWVIRU5CMEZ0WV9uaTc3b2g3LVktLU1qZkZqRGF5N1c1ckRQX2d2dHpFcXdleEF4dTJFMUN0OFAyNTRibmlFSDZtZ1p4S3Nja3ZRQTkyWVdLUXE0ZjRtU05W?hl=en-US&gl=US&ceid=US%3Aen,France 24,19 hours ago,⚠️ Drone Incidents,https://news.google.com/api/attachments/CC8iL0NnNVFOSE5PVVZKd1VHOXBaVXh2VFJDZkF4ampCU2dLTWdrVlVJSm9JaWcwMEFB=-w200-h112-p-df-rw,2025-09-27T12:48:43.059269
"Hungarian drones breach Ukraine's airspace, Zelensky says",https://news.google.com/read/CBMijAFBVV95cUxPWjRDd0NUS0ZtU0FfRGtIeGxSMlFGZXdBX2Y3bW02UVpRZ21SQU1jU1kwcVpJbWFTdUJlMWg4bjRjZWczdEJFcGp6anluckQ1MmIwMTNVZW5nejZvV3hBclhGU0JuRjJzZGdDanVWVS1POHB4MGpKRTVndDlTZG5mdFNBWGdkQ3BBZnZLSw?hl=en-US&gl=US&ceid=US%3Aen,The Kyiv Independent,12 hours ago,⚠️ Drone Incidents,https://news.google.com/api/attachments/CC8iK0NnNVlkM2MxVTJ4MWVHaERVelF3VFJERUF4aW1CU2dLTWdZcFJaRE5wUWM=-w200-h112-p-df-rw,2025-09-27T12:48:43.059271
Inside Denmark: How are drone incidents affecting life in Denmark?,https://news.google.com/read/CBMingFBVV95cUxObkZrdlQzdnlPcW1TR0ZGRjFzalY3NWJaWEdXcThpVlBOZm1FeXhPcjRuQVNIVGJ5TUR1YmFTSFlkX3FZUV9wY0kxSWgwS0tHRUM0NmpVcFA1c2R5VzJxZ01lNHdIVDJDeFBiVTlzbzZTSEVVeG9iRzAzZHFXeHkwQWNqQ2UyanRHZ2ptOVVGVkgycHBWWnZXQTU3d2p1Zw?hl=en-US&gl=US&ceid=US%3Aen,The Local Denmark,4 hours ago,⚠️ Drone Incidents,https://news.google.com/api/attachments/CC8iI0NnNWxRVE0yUjBWVFJXSkRTM0p6VFJERUF4aW1CU2dLTWdB=-w200-h112-p-df-rw,2025-09-27T12:48:43.059273
Denmark reports mystery drones near military sites,https://news.google.com/read/CBMilwFBVV95cUxQZlhWOEp4b0EwS3hJNmFpbHNuTzI1Y1dEWDBPdWowX09pRzdoUVp1dTg5LTVvRnpkYjYtTzZKam92RGNtVFNvd0hKZGJMVG1uVnlpeThkQUFkWDctdHh2RWpOWWpid0QyMkE3LVR0YmlvSmRmVFlQWEllSGZYMUYwMy1pdFpiVXJjLTVUNDJ3czBuQjgwa3E0?hl=en-US&gl=US&ceid=US%3Aen,bangkokpost.com,2 hours ago,⚠️ Drone Incidents,https://news.google.com/api/attachments/CC8iL0NnNU5NV28wU25kc1gyWm1jUzB0VFJDNEFSaVNBaWdCTWdrQk1KYXVHZXJRaVFJ=-w200-h112-p-df-rw,2025-09-27T12:48:43.059275
Zelensky shares intel with Danish PM after drone incidents rattle Denmark,https://news.google.com/read/CBMiwAFBVV95cUxOcUF4bmtudm1EQURFUW9OQ1BOUS1OQ2xXN29YVEJwcFZka2h0OFVkSlZqb3FIQVNzUUZqSEdSdmFNTnFRVGJUQVJQVnd0dUhyMExmeGJJaFRzOEF1aGlfT0xVb1liS2dCT2t3dVktOVBqRUdmbHJYLVZuanhkU0Q1SHQ1REF6Skp2TGpBU0JhakhQbTFsYjh6bS1VS2plakxEVEx5ZkRpTC11R25GMWNXTDNPbTdHNFRZbHlnUWFSNjjSAcYBQVVfeXFMT1Y2YU9rc0ltNm5yUXJ6MnBQbjA1SkpmNDc1bDFFMjFpWW43SjJqZ3BkZ05TRFZINWZRSFM2Z0hUQ2Y0UVBKNXlGZWttQWdYNE54SXYxa2xHcTBDN21teHlaWldVV2N5c3hCMlVrSXltTVNTR0p2U1VOZ1AxMXVhaU41V3gxRzNkZGtmYUd4bElOeUpwY2VoVWxoY1JpWkQzTllLbWo3ZFFWbzhmTlJQSHB0SkMzNnFJQVRrcnF6Vk5tNENwSUNB?hl=en-US&gl=US&ceid=US%3Aen,Ukrinform,21 hours ago,⚠️ Drone Incidents,https://news.google.com/api/attachments/CC8iK0NnNHlRMjlRYzJwVldHZHRSbWczVFJEb0FoajJCQ2dLTWdhcFJaVE5vUWc=-w200-h112-p-df-rw,2025-09-27T12:48:43.059277
Denmark: New drone sightings over military infrastructure,https://news.google.com/read/CBMikwFBVV95cUxPaUp6TzJ6SVNTNkhhRTN5WEQ5cFA2blRfSVpmRTRseWZWM0drQ0M4RkJlcWk3RWh4UkY0c01STTJuMkd1cm5RSmRtaWdyWWlSbVM5SlNGTEsyQ1RJaUpfSTR2M0h5QlJGaXJwRWhaZEE1Mzh0YmtTSnQwc2dQM09fODRxWXQyTTJkTzc5bHBjSU1lcXPSAZMBQVVfeXFMTVNZem92MUJKaWZjNnZNUmxoNzVxSW95bW9FZDcxTFBodi01dFBuNjdGRGxJVWlMdlJ4dy04U3hURVhhRzdhd29Ga1hZa2I2MnNuQm00MmIwWERvRGxSQ0ZpV3hCZ1lyWnRUazdOVU5BMmMwTnBBSVo2Z25FcGxDemlGdWFZbGd1QmNLSlotZUdnaHJJ?hl=en-US&gl=US&ceid=US%3Aen,DW,1 hour ago,✈️ Airport Drones,https://news.google.com/api/attachments/CC8iL0NnNW5WV1UxVjBJdFNHOW1jVWhaVFJDcUJCaXFCQ2dLTWdrQlVKWWdzR2NPaVFJ=-w200-h112-p-df-rw,2025-09-27T12:48:43.059278
"Great PA News Quiz: State Prison Status, Hospital Lawsuit and a Drone Agreement",https://news.google.com/read/CBMiyAFBVV95cUxPVERWVkw3ZldhdXQ5OTE0b2VrbE1hVTBjR1JrN2UxdGI1X1llYjVOb3VlcGltdkd5SFNYd2JId05TbkVpdmZrU2dCSjV4NUVwWDR0OGdQRG9ZX2h4Sm9rSnNBNlRMVkpxWm9nN1VBdF84YjhrZW5LUWRuV1VRV3FaZ3hOZ01vckVEQ3lxR29qS2dRelVGMW9tMG56UzBvbnAwZG5DTDdSUWlpV01LaUdic3h1NzNrMmhkVmhucnVxY21DOTMtd3Y3cg?hl=en-US&gl=US&ceid=US%3Aen,StateCollege.com,8 hours ago,🏢 Prison Drones,https://news.google.com/api/attachments/CC8iK0NnNUxRWG8xYWtaWWNFaHFMV0pXVFJERUF4aW1CU2dLTWdZbE1JYXNTUU0=-w200-h112-p-df-rw,2025-09-27T12:48:43.059280
Inmate sentenced after drone used to sneak phone into prison,https://news.google.com/read/CBMiqAFBVV95cUxPQno1RWhrZDQ5akhqblVKRHhQUUc2SkdvZkhvWWkxS2xsSVdMUnRTMXdJWlJDU2ZBN3NoTVlXaElrUmxyXzBYSkliMjZvRDExaVhyZ2xPVXU2bEZCTlVta1lta2xsa3k0VjdPNE9jeml6eEFwRzdNaDhBTW9HSWIwUmdGMS04OURhbk13YkZIQ2ZsRVQxUVc2WC1POGcyYTNaaF84RW96R1Q?hl=en-US&gl=US&ceid=US%3Aen,The Tribune 242,14 hours ago,🏢 Prison Drones,https://news.google.com/api/attachments/CC8iK0NnNTZSMmx3UzJjNVVrMXRhRnBsVFJDeUF4aWVCU2dLTWdZQm9JcXd3UVU=-w200-h112-p-df-rw,2025-09-27T12:48:43.059281
People plagued by drones and intruders fear plan to turn Welsh prison into 'one of EU's biggest',https://news.google.com/read/CBMilgFBVV95cUxONGhKalhYLVp0M0R0V0x0SWdhcDAwX3F4OGJaUGVYQ1pUQi1vRW1xZ2hndk9xczVCU09RTklKS29TMTNRWmpnNlg4YXRGVDJ5YW5icFdDbzhDNXF5RmRaUkpxVmNnVnhRMktpc3lRVTlrMFR2VU11dkdTUkxvRlZkeWRFRl9McGxldndiNVZsRC02eDN2WlHSAZsBQVVfeXFMTkNCdUV5ZURVSmlFV0RUVnB1ZWZBUVd1M19Id2daRWo5NDJTSGFiMWE4Y18tckRLa0dvMm5UY2R6djQ4MFlCS3FqM3pzUG1jU3RtX0t3UzY3c01VcTNubmpzNnN6MWNuczh3TXg2LWdLNG5WU2dfWFBlYjhpZ1ZQcVFTVklKcENkRENnNVgyVlBwWUFraEpTM3BHTjA?hl=en-US&gl=US&ceid=US%3Aen,Wales Online,3 hours ago,🏢 Prison Drones,https://news.google.com/api/attachments/CC8iK0NnNXhPRk4zTm5oUFZVcDVVWFZ1VFJEZ0F4aUFCU2dLTWdhUlVaWXVwUWc=-w200-h112-p-df-rw,2025-09-27T12:48:43.059283
Kubilius (R) and Haekkaenen addressed the media after a meeting on creating a anti-drone 'wall',https://news.google.com/read/CBMiiAJBVV95cUxNZ2tadGh3VVFsMHp4QkFRM1dFQ1BfZmRkSktwcGhMWG5iY2YxTW9CZGF5N2lBVmFzYmJhVTM4b3BWNzFtaThGZ0dUWFc3LVJKRXpjQkFpejBySzZ5WWk2TXhZblU5Q2did1RHdzlfR1BEclR5SWtjbmhxd3Nfekh0cURYS3E4LWNsa3daS3hPb0FOWE5sUkM5djVzWjgxTm9VZDVUVF9vcWpMcjVMNlByYmdjUFg1OTB2YUFwN0tXVi02a1NlbWx1R3NWaHVEbjNleEI1cUZNWWpNTGpGaVZtdG5TTnFqLVJrVU1zd2NqWU82RHc3QzNRdm9Gb3ZkMm5Rc2Yya0ZPcko?hl=en-US&gl=US&ceid=US%3Aen,IslanderNews.com,13 hours ago,🏢 Prison Drones,https://news.google.com/api/attachments/CC8iL0NnNUZTMGxLTFhOcmFqWjFORGRzVFJEVkFoaUFCQ2dLTWdrUmM0Nm1xdWRFclFF=-w200-h112-p-df-rw,2025-09-27T12:48:43.059285
Sarkozy jailing reignites debate over French political justice ahead of Le Pen appeal,https://news.google.com/read/CBMixgFBVV95cUxQTXVpQnJtRzNuc2VjZnVuWXd4MGtaVWFmODRRUGZrb3ZyOVY0S0VxOEhUdkswRTFPZ0pIcy0tQTltUFF6SzVKZFU5MURWNXVzZ0ROcjJJZnlRbVgyWHJOREJWSlZxZERtbnhReElmQTkxWDBlOVNXLVNiVkVJaEZjMHVPQ1NnSXozZC1NN1piUHNUUGtSX1R6eDFnQTBzZ1dQOTJEMHZSeGdQbnZXVWZXUUsyOW5HSTN2eTBKRmN5UnI3eXl1VkE?hl=en-US&gl=US&ceid=US%3Aen,The Straits Times,6 hours ago,🏢 Prison Drones,https://news.google.com/api/attachments/CC8iL0NnNU5RazFyVm5ZM00ySk5jVWhsVFJERUF4aW1CU2dLTWdrSlVaYTFLR2k1U2dJ=-w200-h112-p-df-rw,2025-09-27T12:48:43.059287
"Ukraine is ready to join the ""Drone Wall"" project: technical teams for preparation can be sent right now",https://news.google.com/read/CBMiwAFBVV95cUxPajdDUGNSdFp6VFYyMGRrTFZ5NGtBMjVMTHV1YWlNZk8xX3BWN0daNGZwMEFIdy1EbzJWMzF6VkJsSURiRHNWS2JKY0lzZTRFS3RWakptWW01RTFnSThNcTlKdkhiaEY0LTVKRDg2VHF2bUlvQW1SdE5JbjJveXdPaFZPWDNtNHpzdzF0dm9od2F4c2FCcUp3X1JnMnNLYkN6MmpKYU1hTHBDR0RfajJhSVZoTk83dDRlR0x4Zkw4TFHSAcABQVVfeXFMT2o3Q1BjUnRaelRWMjBka0xWeTRrQTI1TEx1dWFpTWZPMV9wVjdHWjRmcDBBSHctRG8yVjMxelZCbElEYkRzVktiSmNJc2U0RUt0VmpKbVltNUUxZ0k4TXE5SnZIYmhGNC01SkQ4NlRxdm1Jb0FtUnROSW4yb3l3T2hWT1gzbTR6c3cxdHZvaHdheHNhQnFKd19SZzJzS2JDejJqSmFNYUxwQ0dEX2oyYUlWaE5PN3Q0ZUdMeGZMOExR?hl=en-US&gl=US&ceid=US%3Aen,Українські Національні Новини,23 hours ago,🏢 Prison Drones,https://news.google.com/api/attachments/CC8iMkNnNXZXRzk1UW01WFJuYzVWV3RNVFJDVUF4alFCU2dLTWdzQlVJNURyR1lseUtvYVhR=-w200-h112-p-df-rw,2025-09-27T12:48:43.059288
Manchester Arena terrorist guarded by five armour-clad officers during court appearance as he faces jail attack charges,https://news.google.com/read/CBMif0FVX3lxTE1xY1RYeTJBY2pzNVByc1U4VHlSR2ltN3RBMmdSYVFHWHNzd0o0YjFtWHFkRXo1NjZhVnlUY2xjd25sSHVpUmRCSzVmT1pjdmQzTk02TWpuWnRJSEV6a0ExbENwRmh0WjBwaVlsSjk0MjdJTW9KYjlqLUZrR3E0WVU?hl=en-US&gl=US&ceid=US%3Aen,The Irish Sun,3 hours ago,🏢 Prison Drones,https://news.google.com/api/attachments/CC8iK0NnNVRRMmRKTmt0dWNVMVhVRnBUVFJEV0F4aU1CU2dLTWdiRmtaRFd0QVk=-w200-h112-p-df-rw,2025-09-27T12:48:43.059290
Residents concerned over plans to expand troubled prison,https://news.google.com/read/CBMijgFBVV95cUxQczhqTkpjSDUwQXU0YzBpQ3ZuanQ1TVRpX0dRY21LX2VKNVhZLXR2QWlHa241SXNybG9rclhESFN0SFdqS3Z3M092WDlXYXNUS21SNzd6N3hiNlN0M2xOTUdOeVVRT0NXcXVCNlBtOFRXdFo2ekhqem5uaEIzZVJ0SEVvYnZmTVM0ajhmNmJ3?hl=en-US&gl=US&ceid=US%3Aen,Glamorgan Star Newspaper,6 hours ago,🏢 Prison Drones,https://news.google.com/api/attachments/CC8iI0NnNXdRVkp4Wm1oWlZFSmpibU52VFJDc0F4ak1CU2dLTWdB=-w200-h112-p-df-rw,2025-09-27T12:48:43.059292
Sobriety Checkpoint Conducted in Jefferson County,https://news.google.com/read/CBMirgFBVV95cUxOV0F5RnRpS2cxNXNBcnNoUGduTy1qMkNsTUcxMG1VNkpzRFhUQlFQSkhrT1phMndrS2NRck54dzlVSTAxR2oya1NWanNQRXpVOWltNFNobmo5Z1gycVk3UmNoN0NPTjFJeEV3eV9XR0oya3FWR3FzWWlzOXBOWFJGbXFWZVdxTG5IREE0QkJiOXBIdDNjY2pnN0tuWDNhaXdoNW9NT2hKQmFlTUhtZEE?hl=en-US&gl=US&ceid=US%3Aen,exploreJefferson,22 hours ago,🏢 Prison Drones,https://news.google.com/api/attachments/CC8iK0NnNVdjelpPUVd0amFuRkNZekV0VFJERUF4aW1CU2dLTWdaTmNaQzJMQVk=-w200-h112-p-df-rw,2025-09-27T12:48:43.059293
