Title,Link,Source,Published,Category,img,Scraped_At
UK military to get powers to shoot down drones near bases,https://news.google.com/read/CBMiWkFVX3lxTE5vLXBlU0xqeEVvcXI3Zk1ESWpHenRtbWh2Y1dwZ2ljdWZCenp1SlFvRFFRQzd0YnRsT1dzWVJ4bjg1TjUyNHdwZGR3NUcwOFQ2blFYeWJWYkFiUdIBX0FVX3lxTFBXMUFJbUpiMnRvLXNGZVNMc241YTVzLXM3T29NdlJCcjVHdU1tckFyTlJ4NlRYOEFCUTJoaGF2QXYxY0E1WjVIZThEVE9sNm1sajRDbk9TTUFwWDdkeVpr?hl=en-US&gl=US&ceid=US%3Aen,BBC,12 hours ago,🎯 Military Drones,https://news.google.com/api/attachments/CC8iJ0NnNTROWEpYTW5kd1JIRlVWM3BPVFJDZkF4ampCU2dLTWdNOUF3WQ=-w200-h112-p-df-rw,2025-10-21T06:42:14.209199
The Army wants its own fleet of loyal wingman drones,https://news.google.com/read/CBMijAFBVV95cUxQUWFCblZwTkVvblFxcmp2OFhzWnJrdUxULU93UThPV1YyeFJtdTg0NVFFaV83MGFSYzNPY0NrMGlCaDEwSTc4RmFqc2pwYmllQ0x6ZWQ3Q0tKaFF1bmYtVi1YQVFlLVhmVGhqbUVvSFJLX1NFVUQyNnFLNzFxMzI3Z055OThNTWhOUHRtTg?hl=en-US&gl=US&ceid=US%3Aen,DefenseScoop,9 hours ago,🎯 Military Drones,https://news.google.com/api/attachments/CC8iK0NnNWlVVWRDY3pKcE1XTkpYekZwVFJDZkF4ampCU2dLTWdhSlVwS21JZ2s=-w200-h112-p-df-rw,2025-10-21T06:42:14.209215
Why the Army may need a specialized counter-drone MOS,https://news.google.com/read/CBMiqgFBVV95cUxQTjVYTjVrVnBjTzVOU21ZSVhZOUcxbG9sVFZ0emJRYmx4MnVYVElYWVliNDFrRXA4cTdmRURaRHp3Qmp2Q2Z6TnhFMGgtektnNGZzQWZfSWpQSjZaR01WV0RxQl81X3ZGRERWbDNZYlM5QWkwaXg2dWlSV2M1TXphejFkeUVIWndtQ0JUZDl2djhKVEYzYW0zUGFHSExVTnRORWdsUm8yZkVuQQ?hl=en-US&gl=US&ceid=US%3Aen,Army Times,11 hours ago,🎯 Military Drones,https://news.google.com/api/attachments/CC8iK0NnNXRkalpyV21WWlNVSTFjbVZEVFJERUF4aW1CU2dLTWdZQlJKRG1JUWc=-w200-h112-p-df-rw,2025-10-21T06:42:14.209217
"Begun, the Drone Wars Have",https://news.google.com/read/CBMiiAFBVV95cUxNUEZLNjRIMUhkamNic1JVcXRXXzNtamhDZzc5OFhBZ1g1SGEyWTN6VzBUcFdNMkxTeGpBR1VCN2pTemFzVlJfd2tnTGF1OGNLMXBIY0dTSkczd1B6dlVzeFJ4OUJGc0thX0pYOHNNbzlGWU1uSllVS183RUFqeXpJVkNIcWZKRFZC?hl=en-US&gl=US&ceid=US%3Aen,Commentary Magazine,9 hours ago,🎯 Military Drones,https://news.google.com/api/attachments/CC8iK0NnNXJWWE55UjBKVFNWOXRiRkp6VFJDUUF4anVCU2dLTWdZOUk0eFNsUWs=-w200-h112-p-df-rw,2025-10-21T06:42:14.209220
Army General Calls for US to Get Shahed-like Suicide Drones,https://news.google.com/read/CBMirAFBVV95cUxNdk9VS0huX3ZnUGlLdTh2M21ubFRNN3BkeE5yOTFpbUIyejNPa2Z6bVdSb3pYUzRlcUZJdG92dmRMXzlPbFlWSFZ4M2p4bFYtWGw3RnFFaTllVGhraHZwSTBZRHZoZUZuRUJvNnhwaEVWZU8tQU50NkJHaDdya1JMMzNPN25FYkZ3dzB5X0R5ZGtpZG9Od0J1RVZ4NDhwYzZFeDkzWUEwVU9XX29F?hl=en-US&gl=US&ceid=US%3Aen,The National Interest,10 hours ago,🎯 Military Drones,https://news.google.com/api/attachments/CC8iMkNnNUZVMkUzYURKT2JVRm1ja3BRVFJERUF4aW1CU2dLTWdzSk00eHh4V1JjcDJxdW1n=-w200-h112-p-df-rw,2025-10-21T06:42:14.209222
"To sell weapons, prove they worked in Ukraine, say military leaders from NATO border nations",https://news.google.com/read/CBMiqAFBVV95cUxPSHJHVmRhazRhSFQyZkZIc1J0ZmhKQTVlaUFCMjYwZ3lzTGxiVVRaamVVUHY0bmZSTnEwdnlPdkt2WGg1NEFyaUhxVDRST05mS1hyenRsb0Z6QXZzb1ppd0J5STJlVFZIb3NKZlZSQ2ZfWmtVSkNhclFtU1lzeDZ2NjFIZWsxQ3hwdzNmbHNqQWd5RVZBbEhIcDVCdEhKLUpFR3prMWpBdkc?hl=en-US&gl=US&ceid=US%3Aen,Breaking Defense,15 hours ago,🎯 Military Drones,https://news.google.com/api/attachments/CC8iL0NnNUtNbEpmWkZVdGMyWnJOVzg0VFJDZ0F4amlCU2dLTWdtcFJJYU9JU2hzTVFF=-w200-h112-p-df-rw,2025-10-21T06:42:14.209224
US Army Taps Anduril for Next-Generation Drone Defense Network,https://news.google.com/read/CBMicEFVX3lxTE5uV1czRFNaUzdFSWFUaHZPU2NnbGJ6cWNOczNYQ3RRb1B5d2pfYkwwakUwbWdsQ2p1ZFJrVXRfZkQzbjI0azBhdklpTDdScmo5SGJIN2NnU0JzbVpMRExoLUE0ME5uNGVsb1VxMk0zUU7SAXZBVV95cUxQenR4LXQ1NTBJbTRRb0NDRkVtMmlwZHlhWk5OU2pnRWJPdkdjal9JbjRJRFI5WEx6YXYxaXFEand4SWZZQXNCeFd0MjZvNUU2NTFidEFZRjBTeXlSbnlQY2NZUTZ3T1BXQ090UFlpajM2bE5OeFlR?hl=en-US&gl=US&ceid=US%3Aen,The Defense Post,17 hours ago,🎯 Military Drones,https://news.google.com/api/attachments/CC8iK0NnNVVYMDg0YUdWRVVuRjBZVFJqVFJDZkF4ampCU2dLTWdZZGhvSXFNZ1k=-w200-h112-p-df-rw,2025-10-21T06:42:14.209226
China’s New Stealth Drone Spotted Flying for First Time,https://news.google.com/read/CBMiiAFBVV95cUxOa0lzV2VQMDNsU21ITjNvNURBRVlWTFQ2ZmZhUnMyaFlrM09kNl9tUjFuVGM4ZlB3Z0Q4b2huNmtDY3M1Skw4Y0xRMmw5cm1Ya1JaelMzN3VVNVF4MDB6MzRWQ3h1TTg0c2J6OXZHTU9hYWFUYlR2eVFkWW5KT2RwRmpWaVV2VnZx?hl=en-US&gl=US&ceid=US%3Aen,FLYING Magazine,9 hours ago,🎯 Military Drones,https://news.google.com/api/attachments/CC8iK0NnNVBjRmt0V21wVU1tTXhOVU5YVFJEN0FoaW9CaWdLTWdZQmtvZ3hQUVU=-w200-h112-p-df-rw,2025-10-21T06:42:14.209230
US Navy taps General Atomics to design carrier-based combat drone,https://news.google.com/read/CBMipwFBVV95cUxQR0dpODJwc1ByclNPTlVFSXZhTXFPZWJlU3pVTlk5N2h6X09kSnREc2tMTUxSMUtCNVVkakRuUVJ2b1FRdm5TVFN3YmhSMm5rUW5XcTc0V21uel9MSzJJRnN0VjIzWDlWZ0tnT2U5TUc5Vi11SjBPN0FGVkw5cXB0eC1XYi1RNURidU5OdUtuWTRPY3kwendaaGJqdkRWZmlhR3RsNFFLNA?hl=en-US&gl=US&ceid=US%3Aen,Naval Today,23 hours ago,⚔️ Combat Drones,https://news.google.com/api/attachments/CC8iL0NnNU1WMXBzU1ZnNFVVNWtVVVJuVFJDZEF4am5CU2dLTWdtWklZNEtMbVU5NWdJ=-w200-h112-p-df-rw,2025-10-21T06:42:14.209232
Lockheed Martin debuts Vectis combat drone at ADEX 2025,https://news.google.com/read/CBMijgFBVV95cUxOYVdobE5UbWpMTjV6cjZwNFlocXE4N3pvX1lJNFkzM2drZXBWQkljZVl1VWJXNklJRUlfS09vSGFXc2xNQUdlajRVLVVDZ0F4bFlYa0IwMFdCSFB1OUNCSVVydGI5djc2MHdob1ZYS1hjVTYxMjRJU21TTHJJU0NUejY2NzJyOU50N211YVVR0gGOAUFVX3lxTE5hV2hsTlRtakxONXpyNnA0WWhxcTg3em9fWUk0WTMzZ2tlcFZCSWNlWXVVYlc2SUlFSV9LT29IYVdzbE1BR2VqNFUtVUNnQXhsWVhrQjAwV0JIUHU5Q0JJVXJ0Yjl2NzYwd2hvVlhLWGNVNjEyNElTbVNMcklTQ1R6NjY3MnI5TnQ3bXVhVVE?hl=en-US&gl=US&ceid=US%3Aen,Defence Blog,18 hours ago,⚔️ Combat Drones,https://news.google.com/api/attachments/CC8iL0NnNHdMWFppVTBZelQwTlhaR1JEVFJEZUF4aUJCU2dLTWdrcEVKWVFIV2dtcUFJ=-w200-h112-p-df-rw,2025-10-21T06:42:14.209234
Russians’ surrender to Ukrainian robot marks further transformation of war,https://news.google.com/read/CBMikAFBVV95cUxOaEZ4emhnbnRfVnVkeEJLV0Z4RVpLT05rQTNjRVBwQWlHbXF1YnlxNUNBcnlhbUFiOWVxcEFZQ0FVMmNzOHdxUEl5R2NNeVNfTE5kMXVTVnBBdlVMTVZMOWdyVGdSRFJUU3V6RHVma2toZzNjYWlKWnpEQ2hJYnlJam9ZTFFBRlJrOXB5STVYTGI?hl=en-US&gl=US&ceid=US%3Aen,The Washington Post,14 hours ago,⚔️ Combat Drones,https://news.google.com/api/attachments/CC8iK0NnNTFObmhXU0RoTGNXdDVReTFQVFJERUF4aW1CU2dLTWdhcEE0Nk9EUXM=-w200-h112-p-df-rw,2025-10-21T06:42:14.209236
Kansas To Join North Dakota As Site Of Counter Drone Point Defense Battle Lab,https://news.google.com/read/CBMiuAFBVV95cUxNZUdNaWZYU1MyNjF3WUNvUHo4NnVTUlJZVm1XSGVPNnBvZzg1S1V5b3ROanlFdEE5eGRPZ1lUaHAtRHdIY3JXRWxBaURrMHV3V21jeFlPWmtQV1NUNzBoWGF2eXZNSHJMZ3V0ZFRXVldwdXVRWjNhU3dHeXRvS1Q3WXlqQWRPWW1ZU0p2LVdtLUtuNzZkZGttMGFJRXlhREowdUNrdXRrbXdDTjZrZGF1dnY2cDkzdDFk?hl=en-US&gl=US&ceid=US%3Aen,Defense Daily,7 hours ago,⚔️ Combat Drones,https://news.google.com/api/attachments/CC8iK0NnNU1XWGhmU0dSYU1UQm1NVlZIVFJDcUFoaXNBaWdLTWdhQlFaZ0RJUWs=-w200-h112-p-df-rw,2025-10-21T06:42:14.209238
Netherlands Joins US Drone Wingman Program,https://news.google.com/read/CBMidkFVX3lxTE9TVmhsaEhWSExYNzdMZEJYRF82N3M5Q1hwMlB1cjNWLTlFRnZ5N2haUTkyX1VsUnJyMU9fZ2N5Y09VZUFKNnZYaERSMzBFWHJVNzVyYllCbW10VnZWWWNlbGJicUN6b3lqQzFvZGFMWHozek1BbHfSAXtBVV95cUxOelQyNnh3LVZ2MFR4NUU0TEFIOUxVS29FeFpEc19Fa1dlTW9MSzVzVTc5Y0JsVlFKUkZrZ1I5UV9fNmR4Q3dCNTh1TnFta1dReDVvdU1FRFFIanlpUDRyUkNPbkN5Vk5SeXVzWjZ2SDU1NW9fS2wyOE9maHc?hl=en-US&gl=US&ceid=US%3Aen,The Defense Post,15 hours ago,⚔️ Combat Drones,https://news.google.com/api/attachments/CC8iL0NnNUNkMmxrTTBFNFJFWTNkVVJpVFJDZkF4ampCU2dLTWdrQk1ZaUxPU1ZzYVFJ=-w200-h112-p-df-rw,2025-10-21T06:42:14.209240
US-Ukraine Team Unveils 300 mph Interceptor Drone to Hunt Shaheds for NATO,https://news.google.com/read/CBMiugFBVV95cUxPVnBoQ1ptcU9NaVpxQkR2b1dnckRUQ3pJM3k2bmwtRkVIb09FdjBjU1FSX2JrMzFKR3FDV0VyalpEcmtjcEtsSnpBY21rbUFZMWpHUWdKUEhfNEtUX0gyYm9OUEdCdGJtN3pSV0FURVAzckVJaFp1dU8wNlBPb0pvTkJyUXpoNlVVV1IzaHlCZ3BVX1JfM3BaNWtmYU90cUthbVdYaTg1aXZSRUdFT2ptVldrX1h3LURFTGc?hl=en-US&gl=US&ceid=US%3Aen,UNITED24 Media,19 hours ago,⚔️ Combat Drones,https://news.google.com/api/attachments/CC8iJ0NnNUxURFJXVmpWUWRGTmpjbTE2VFJERUF4aW1CU2dLTWdNUlVBWQ=-w200-h112-p-df-rw,2025-10-21T06:42:14.209242
The Netherlands Wants to Build “Loyal Wingmen” Drones with the Americans,https://news.google.com/read/CBMisAFBVV95cUxOaS1EOHpaU05odDl0WE9xTjN3TkhjdVJOVkFzSmZqNWQzMGNrVDVCVjgySm5Mcm1ScDh5REZVTlFadnFEbjMtaXhwOF9MNFROZGJ1bTlLNzBjOG44TzZZdkE5a0Q2ckhjZ2V5THhMLUFIWDI1a0I4OGpUZktjM19uRzVCSnFDQkxvUmhLRUFZWWZVQ25kOFlsY2locTB1Ym9yZnhZbHNvLXNGM2l0cWRqTA?hl=en-US&gl=US&ceid=US%3Aen,The National Interest,13 hours ago,⚔️ Combat Drones,https://news.google.com/api/attachments/CC8iK0NnNHdhbEZ6YjFWbFJ6UllSbHBaVFJDZkF4ampCU2dLTWdZQmtKUkl1Z2M=-w200-h112-p-df-rw,2025-10-21T06:42:14.209243
Attack on Russian nuclear bombers captured in new Ukraine drone footage,https://news.google.com/read/CBMif0FVX3lxTE42SFFxTnI0cnZkTDNBZmhScGxaTFd1WDFOc01uSFJycVplb2RMa3BLbXA2bGp3MkNmWERQaENfcTc1R3JoLV93Y1ZnWUJuLWF6RGhFZm5XT1M5YTVQOHhCc2JVNG9ndnBwTjRmeXhTLWt0TThJUWFQaXVscVo5bm8?hl=en-US&gl=US&ceid=US%3Aen,AOL.com,19 hours ago,⚔️ Combat Drones,https://news.google.com/api/attachments/CC8iK0NnNUdNVTVrTjIxMlgxSjVWbTVhVFJDckF4aUFCU2dLTWdZQkFJcnlnQW8=-w200-h112-p-df-rw,2025-10-21T06:42:14.209245
"Occupier dashes through woods, jumps into anti-tank trench, removes his helmet and shoots himself. VIDEO 18+",https://news.google.com/read/CBMiowFBVV95cUxQSHpoVExtcTNfV1JEb1ItSElHcUdKMmNjVkVyS3Vka2R3U3Q0bmsyeENLek9tQTJxUGgtZE1va2VXYjItM0J5QXpNaDFFMG5DRm5HSkRnZVVSV2ZEUWE3T0l2MlctNmZhNUNpbnBLS0x2MmxmRF9PRDdRRFk2cnNENjJidmtKNm5iUDNKbmlNU0oyR1lKSEg4OFU0Sm5BclljWC1z?hl=en-US&gl=US&ceid=US%3Aen,Цензор.НЕТ,17 hours ago,⚔️ Combat Drones,https://news.google.com/api/attachments/CC8iK0NnNUJUVmxUWlZGWlpUVTBYM2xNVFJDakFSaTJBaWdCTWdhZEE0eXJDUW8=-w200-h112-p-df-rw,2025-10-21T06:42:14.209247
"Toward a European ""Drone Wall""",https://news.google.com/read/CBMiS0FVX3lxTFA4dHdUY0RNcFh4SHFOeTlqUUc5MU04OGxLUTVNa2VjaVdpUXVfM1RCWWY2YWtyVm9uMVV4QlRaRC02Rnh1OE5mbjV2aw?hl=en-US&gl=US&ceid=US%3Aen,SOF News,1 hour ago,⚔️ Drone Warfare,https://news.google.com/api/attachments/CC8iK0NnNWpWR2xyWDFKMGMzRjVjR3RuVFJDUUF4allCQ2dLTWdZWmM1QXFyUVk=-w200-h112-p-df-rw,2025-10-21T06:42:14.209249
The Russian surrender to a remote-controlled land drone in June shows how intensely drones are changing modern warfare on Ukraine’s battlefields — first in the sky and now on the ground.,https://news.google.com/read/CBMi3AFBVV95cUxOM1hYZDVva19Rcktoa2JTQkUwR0dGOTJ4R3VQZVJkZFExN3NoM1U1c3ZfaGpuUWxBeWxIelp0YkxFNThtQU84VkMtLXdnTFlDcW90WThXNmotY0Jwa0Q4dzlKcTdCWFVJTGNpb3E1WlJQZG9jTmhDcEludnBEblctXzhia1hLMm5oVHN2ZHNBVUc0aVpnWEcyQlpQM2Znd1pVZGQzUW5EZ1d0bzhDNEpFV2ZFR2JKWkJvN0lQc2s4al8tcC0wOTNFbVRBTzloLXRzXzNFUWhvMDItT3ZU?hl=en-US&gl=US&ceid=US%3Aen,facebook.com,16 hours ago,⚔️ Drone Warfare,https://news.google.com/api/attachments/CC8iK0NnNDJNakZWUzNWVWRXczBYMHBLVFJEbUFoaVdCQ2dLTWdZbGRJTE5NUVE=-w200-h112-p-df-rw,2025-10-21T06:42:14.209251
"The US Army Has Plans to Produce 10,000 Drones Per Month",https://news.google.com/read/CBMipwFBVV95cUxPaDZVMzRma3Atc1F6cDdSQVlYX3JOTjNWbzRpQ0NXVlVkdGJlektkaks1bjdUZXV0LUNsTUUzakZzbzdZWHFRNVhHYzRYMWM2T05SZzAwcVRmOHBhM2NOSmhSMG91ZWxjZUFHLURrNGdpNDY3RHVRRzNfaGNoVTNlOXB4NldxRFdsLUc5aTlneUV1RW8yeExPaDEydkVQMk5jUDMzOTNiNA?hl=en-US&gl=US&ceid=US%3Aen,The National Interest,13 hours ago,⚔️ Drone Warfare,https://news.google.com/api/attachments/CC8iK0NnNHljbVJqVDBORVQwUkVTM0pqVFJERUF4aW1CU2dLTWdZZGhJcHdRUVE=-w200-h112-p-df-rw,2025-10-21T06:42:14.209253
Ukraine Deploys Up to 100 Drones per Russian Soldier,https://news.google.com/read/CBMilwFBVV95cUxPbi1BdnF0YUpNYTEzTHdSRUZrUFo4R0dwZnVYS2h4U1ZjZ1V3azloLW5wYTNwYV94OFN1VDh0OEFsbHFNVWdqUXlYcVRWNWg4OGtVR0VzTUg1bGdSek5YVmpHUTV6dE1uVExoeTRESXFDNXh1U0hiQ001UFB0ZzlQZjhuMGdrY1RRS3Q4ZFlYN3RHNnhUa2xv0gGbAUFVX3lxTE1oQlh1SXgyV0JMajlPeEVrZlZOYUw2NWRoaThucTlFaHlPMzM4Q0NYRWF3cVNhMVdVdXlYSjAydzFuaDZZOHoxSjBwckphbUlnWEF4SVVKdGI3akRHdDB0czBhVHhqUlJHV3FIQ1FRM0tYcmdpS3I2bEFSMzFUQWNmZ0tyU2w3WnZkeHJIQ3VxcHc3ODJrczM4Rm9N?hl=en-US&gl=US&ceid=US%3Aen,Военное дело,6 hours ago,⚔️ Drone Warfare,https://news.google.com/api/attachments/CC8iL0NnNURaVTB6WXpkMlIweG5NbkZYVFJDZkF4ampCU2dLTWdrbElJaGF6T09LNVFJ=-w200-h112-p-df-rw,2025-10-21T06:42:14.209255
"Ukrainian Drone Boat Launches FPVs in First-of-Its-Kind Strike on Russian Vessel, Video",https://news.google.com/read/CBMiygFBVV95cUxPeWc2X00wMnVaeXlNbXBia016YUVnTlhZNjNYY1EzaktpLVdzSjY4cUdKSEppT0ZmZEZGT1lCV0hpUVlVa2FaejFUWnhDTkZpWWQ5Z09ZN1dZN2Y3V2NwV2hYMzdtYWhuLTI3cEs2djhPYW9WS0RiaTJsTGlPckhhX042emxJNmItV3dKZ0JITTQxUHdKczdXWUN3YVFYRUd0Y0lMbFBpVkdLYlFRUUtDd0tWY0JoZWpWMjJ4N1VzVFZIN25tOHVBb0VR?hl=en-US&gl=US&ceid=US%3Aen,UNITED24 Media,14 hours ago,⚔️ Drone Warfare,https://news.google.com/api/attachments/CC8iK0NnNTBOVjh5VEVVMmRqTTFOMUpuVFJERUF4aW1CU2dLTWdZVnNJNXNPUVU=-w200-h112-p-df-rw,2025-10-21T06:42:14.209257
"Not just nukes: North Korea weaponizes AI, drones in high-tech arms race",https://news.google.com/read/CBMi5AFBVV95cUxPdDJvVmtFQlVUTTEwcTFNMVVJMll6UzRWWTJ2NExRQWJZbEtBa1g1UnVkdlNhNTU0Y1dUblc4TUVyYVBHRnExLUFRLTlxcVN4MGZvaGt1VTVBdUcyM25mVi1iOGpqNXN6bEtrQ2VPVFViQ3g5VkJ5d1dMbFMyZFptSHhuU0VVdG1mZlIyNmlpb2cteTJxT3lFVDl5eTRBUkRONlFQVW15ZnZlSnpIZzRqY1NJaDdQMUdITjJnTjFKS3h4bUo3ek9HXy1oQXVMckF3UGFfejk3eHdDOGNFVDdDZngtZ1k?hl=en-US&gl=US&ceid=US%3Aen,Korea JoongAng Daily,8 hours ago,⚔️ Drone Warfare,https://news.google.com/api/attachments/CC8iK0NnNWxjVTlvWTNsRmJ6UkNWV0kzVFJEQUFoakFCeWdLTWdhQmVZZ0RMd1k=-w200-h112-p-df-rw,2025-10-21T06:42:14.209259
Baja California Officials Say Drug Cartel Behind Explosive Drone Attack on Police Station,https://news.google.com/read/CBMivAFBVV95cUxPa2lmSzJFakUwZ3RhenBMSUUtdC1LcXJ1RENvVElTWldacExfZHdIVVZaN3kwdmZ0b2RRX0cyM3ZkRXlkWWl5dzUxWnIxRncwUzJuaWlVd3pZUF9aa1h6LVE5elM1NnVfcXNYd2ltX042MkhqbG5YZVhOSWRMYkFfSUNYRVVJaGFEc3pxTWJTZHN3aHdBS2ZIOUtSVkl1RjJNY1pWTm9DWXJjYUVVM3NYZEVjNENVR0lBRUdOaQ?hl=en-US&gl=US&ceid=US%3Aen,Latin Times,13 hours ago,⚔️ Drone Warfare,https://news.google.com/api/attachments/CC8iK0NnNTFNa0pZVUhCYVMzSmFibGRxVFJERUF4aW5CU2dLTWdZUlJLQ3RJUW8=-w200-h112-p-df-rw,2025-10-21T06:42:14.209261
"Exclusive: Ukraine drone attack on Russian gas plant hits Kazakh output, sources say",https://news.google.com/read/CBMivgFBVV95cUxNN2ZXUGdXbDUzelVIemFVQ2pPc1BBNjAyNmdudlIzSS1Hd0c4bGtxSXhITkpSdElYZEZDSzAtdEptM21rSC1PZU1uSl9Vd1R2UDhJWFpJSm1FTnROdWhMYUhXdUxoVnlxaXJGcy1Qci14Z3NWWGlyaVV3dUpZS2EyWFJydVpUZW56cXZ2aDlTT0hvMkxZUEVSdmxhTXZBQnRUTTI4SXl2X2czQXdkZUYzUEJvaHp2YUZjQ2tDR1Fn?hl=en-US&gl=US&ceid=US%3Aen,Reuters,16 hours ago,💥 Drone Strikes,https://news.google.com/api/attachments/CC8iJ0NnNUZaMmhsZW05TFoyczBTbU0xVFJDLUF4aXdCU2dLTWdNQndCQQ=-w200-h112-p-df-rw,2025-10-21T06:42:14.209263
"Drone Strike Forces Shutdown at Rosneft’s Novokuybyshevsk Refinery, Industry Sources Say",https://news.google.com/read/CBMiygFBVV95cUxQRDliaWVFVUN3ekQtZjVRUEZHSlE3aXVFMnljZzdmMGNIcnBFSnY0ZVI1SkVZMGtwclppc3VENXV3Sy1Vd2g2QjhlZW5ZYVBsdVVEajZTSEFKWnRGVkJGSWNzN0R6QXg2clRjUWs2NWM1QkxDVkQ3WGgzNnZJRUE5dW84Y2VwZFNnOUx0VXdIaTc3R3ZWaFpGNmNJa3QzcXh4dmdhM2FiT3lEcjBPWUZVNGFlaDVBUjFtc3JfZWY2VFlYZjlkN1FXajhB?hl=en-US&gl=US&ceid=US%3Aen,UNITED24 Media,10 hours ago,💥 Drone Strikes,https://news.google.com/api/attachments/CC8iK0NnNURaSEpZWkdWeFEyZE1VekZ0VFJERUF4aW1CU2dLTWdZZEpZZ01HZ28=-w200-h112-p-df-rw,2025-10-21T06:42:14.209265
Nighttime Russian drone attack on Kherson injures three,https://news.google.com/read/CBMiqAFBVV95cUxNOXpBOHJ5WEtIVnJYVjhQYlM3X1B0c1luMWxqVmhuZFdKV2F5Z0lhWTZGVmc4a1ItRjRUWXFWaVhKeWFRdWJJMW5XWUxMS2xfSXgwQUJwRWFiSlBMM3RkRzhlTjA3VHg2YzhVUnktYW44YzVkang2ZTRVUG54cG9KVWJ3b0NlX1RfbGpiRWFzZW1ZTXVCRGhVS0UwTEpCYUU0Y1AwS1dxaGzSAa4BQVVfeXFMUE1ielRRZGpLQlI4S1BJXzVMemhtSDNRSjc4ZDNrclVPN2RVMm1xMndCeXpkdzQxaG1DaHJTblJfQU4telBOVGQwa01acVlsRXF1c0tsZGd4cXZiWkNpdmd6VV9ybHhMcnFjMUNJeWhRQ0JjcVNwV01vc3RkM0Y0WUJZNjVWZy14NDR6a3J5cWMzdmUyQXlRRy1fSFBMaFlaTFl4b0c1UndIT1V2UXVB?hl=en-US&gl=US&ceid=US%3Aen,Ukrinform,1 hour ago,💥 Drone Strikes,https://news.google.com/api/attachments/CC8iL0NnNUphM0JpYkdSMWFVNUpSMWhmVFJEb0FoajJCQ2dLTWdrQlk0eUlMZWRUa2dF=-w200-h112-p-df-rw,2025-10-21T06:42:14.209267
US strikes on 'Venezuela drug boats': are they legal?,https://news.google.com/read/CBMiWkFVX3lxTFBJU21BdXRHelhPNlFuWGE3eHFqd3V5SXBlQlJyY0oxSjczOFJsdHEwRWZpNmE3NS00MTg5N2I1d2FLWjA5ZVYyT3gxSlhFS1VOcmhwSjB2NUNnd9IBX0FVX3lxTE5wRGFjcEJpS2dzSlhfWkF4MHc0TUtQcGlrQXhMcUhOeWMyeHl2MHlmU3FYQXUxYkNjM01ZQ2hFcS11X2NBcmVSTzFoRUh6ekpWTXhUajFYaVItMDZiLU1J?hl=en-US&gl=US&ceid=US%3Aen,BBC,9 hours ago,💥 Drone Strikes,https://news.google.com/api/attachments/CC8iK0NnNTNTWHBJU0doVmQxWklkRWd5VFJDZkF4ampCU2dLTWdZRkI2aEdEZ3c=-w200-h112-p-df-rw,2025-10-21T06:42:14.209269
Kazakhstan’s Karachaganak field cuts output after drone strike on Russia's Orenburg gas plant,https://news.google.com/read/CBMiswFBVV95cUxPLXltX0xEczlSaUVyakRNR0U0aFdNUXZwSDY2NVFwUHZzc2Vfbmx5dEMwM0ZlSFN4TUxMbU9CamVzSHU2RVhEQTAwQnpjMGFFaGY4b21RaHpPaDRwTDhCcDg0Nm1ZNEJfMUM1RjZRRC1hM2RSemRfLXBsenYyU3pjQzVNRmJUREo0eTRUMFJkSUV6MDkxRUN0SnBXZERBUGs3MGpjQlFSWmR5dHRjMmFleE84OA?hl=en-US&gl=US&ceid=US%3Aen,Latest news from Azerbaijan,35 minutes ago,💥 Drone Strikes,https://news.google.com/api/attachments/CC8iK0NnNTZkM2RRWjNGRGRsQm1RbU13VFJEZ0F4aUFCU2dLTWdhZFpJYnN0UU0=-w200-h112-p-df-rw,2025-10-21T06:42:14.209271
Intense Russian Missile and Drone Strike on Ukraine on October 21,https://news.google.com/read/CBMimgFBVV95cUxPXy1HY3pkSWRVR3RYcGFHMUExU3JtVHRyMlhtVVI3cmlDNlNyaFV4RmNUQVVSUU5PZmlXLUpycDBaeXM4TjFTY1NUS1E0NXFCU3pLSU5NUUotejRldklVdnlZdGl2N3ZoNms0N09RNDhzREZsZ1BRWmRnMUh6eG16WGZmT0c4TGRLVnJRWmI5X2Vfa0RUbXlzaXh3?hl=en-US&gl=US&ceid=US%3Aen,Букви,32 minutes ago,💥 Drone Strikes,https://news.google.com/api/attachments/CC8iK0NnNWtiV1ZHUjFveldUQlNlUzExVFJDUUF4al9CU2dLTWdZTmc1WW9NZ2c=-w200-h112-p-df-rw,2025-10-21T06:42:14.209273
Drone attack hits Khartoum airport area ahead of reopening: eyewitnesses,https://news.google.com/read/CBMiXkFVX3lxTE9URVVKNDBUSV9VTkpZVHUtQzJBd2NUcjZVbXI4Mi1ncmwyVUVoUE85aG9GSURQczVlNldhcWIzT2d5OTdRRjdGY2w2N0pGSUNPQkRPQ0VvTWo1UnBseVE?hl=en-US&gl=US&ceid=US%3Aen,Arab News,33 minutes ago,💥 Drone Strikes,https://news.google.com/api/attachments/CC8iK0NnNXlSRlZQVEZwdGFYZEhhall3VFJDb0FSaXJBaWdCTWdhWlpJWUtwZ2M=-w200-h112-p-df-rw,2025-10-21T06:42:14.209274
Kazakh Gas Production Hit By Ukrainian Drone Attack On Major Russian Plant,https://news.google.com/read/CBMinAFBVV95cUxNcDhHUGFiWWt6QV9yYlU0aldJem1CZXZZdDZFR3BJRHhOVzVJNlI0dm43dFR1bE4zM29wWXkxYUstcXhnR2hIY2VtRmJZOURwY09DZWlVQlYta0ZpYWJOSEhGVkhjYmppSmVNTXNPSk5FeURDQnVNMTRWa1Z4akVmWG9hVEh6c2Itam5CSkhDZkI0MGdGRU03M1NNTE7SAZ8BQVVfeXFMTlJUOHhkQ19JV1htUUsya01uZjRsTkprTFZsdXZKQkxTb3ZfQmdXeHpiV3BWWUNNTlJWNEYyRnpWWHdCa3d2U0hLclhzMGNQbGJNcXdJQ1owQTF3bTRhaEM4b2tRcHlIZkw1ZUhZd3pOSEgzLUlpRXlZNndMaldxV3A3eTRWRENFOWwxdzExd25ORHVWS3pwZ0duYVJaV1Vz?hl=en-US&gl=US&ceid=US%3Aen,Radio Free Europe/Radio Liberty,17 hours ago,💥 Drone Strikes,https://news.google.com/api/attachments/CC8iK0NnNUxWVlJ3YjFsek5tOVBibkZPVFJDZkF4amlCU2dLTWdZQjhJU1dVQU0=-w200-h112-p-df-rw,2025-10-21T06:42:14.209276
Kazakhstan cuts Karachaganak output after drone strike in Russia,https://news.google.com/read/CBMiqwFBVV95cUxQTUREbjRROGlmYUxGV21ic1NxNHFXTk9QeVpzQ1hEMUlSREc3S1NERFU2dTQxa2J5Zzg0d3Z3cHlMQW1wU0ZTU2VsNU0ycF9fcnJybmxMTTZDdTMtUTg5ekV0TFFVU2o1empGRGU5ZEw5LWo3TVZKQkxnekczdnExTU5MVmlCMHVJQTUxN05RcEU0UXZKZ191X3pwbnRyN0NsZ1V5QzNmR1RCam8?hl=en-US&gl=US&ceid=US%3Aen,Quantum Commodity Intelligence,49 minutes ago,💥 Drone Strikes,https://news.google.com/api/attachments/CC8iK0NnNW9jVmhOWmt4ZlRtSkpObGx0VFJEU0FSaVlBaWdLTWdZUm9JQlNWUU0=-w200-h112-p-df-rw,2025-10-21T06:42:14.209278
Drone Attack on Russian Gas Plant Hits Kazakh Output,https://news.google.com/read/CBMickFVX3lxTE45RTh4S2ZkdktSZGszdUljVmtwd2UxOWJXWHZlaWJnM1pHZFhBVUhrX3lDVFBJTDRpZG93UUxJV3dMd2l5U2FzTmVMcDctZFpwTmM0b3ZpS0JzV29Ka1hoNmdrakJndTh0NzZGQk9BODVWUQ?hl=en-US&gl=US&ceid=US%3Aen,energyintel.com,10 hours ago,💥 Drone Strikes,https://news.google.com/api/attachments/CC8iI0NnNUdZbnAzVVhJNVJGOXBTMnh1VFJEQ0F4aXBCU2dLTWdB=-w200-h112-p-df-rw,2025-10-21T06:42:14.209280
From latecomer to trailblazer? Germany’s pursuit of a fighter-bomber UAV,https://news.google.com/read/CBMizgFBVV95cUxOUkd6SWpBNm5jdm9tYWEyR004Mjdudi1DalpwdXY2UHNidlgxSWV0TE5JTnJCS3k1TVNsOEItREF3YWNQRDlMeEpkVmFWdi1wY080dDBreU5FQm1wNDBFYnU4V3RvdnZlRHJNUkpidEREamwyX2ptcllWcDh4UldjRGhQSWItV0FkQWdiQmdMSVdWdGhQekkzZ2kxYnFKNmVwaFZybHZfNnZqRXY3dWtHbWVlSTBmbG9TX2dfTG5JVWtaSHdiNzhoY2JBc3k4QQ?hl=en-US&gl=US&ceid=US%3Aen,The International Institute for Strategic Studies,20 hours ago,🛩️ Military UAV,https://news.google.com/api/attachments/CC8iK0NnNXlUM3BmTmpOUk4zSjBNa2swVFJDYUF4anNCU2dLTWdZUnNwSkx1UVk=-w200-h112-p-df-rw,2025-10-21T06:42:14.209282
UK Armed Forces Authorized to Shoot Down Unidentified Drones Near Military Bases,https://news.google.com/read/CBMiS0FVX3lxTE9vYXNtTlRfVUZPc3ZERGZzdFkxcDRwMzJOYURFU2NFMWtaVTF3ckt3QzMzd1c0MW9EVXBXVl96LTVuNlVlazlFQ0l6cw?hl=en-US&gl=US&ceid=US%3Aen,Kyiv Post,9 hours ago,🛩️ Military UAV,https://news.google.com/api/attachments/CC8iL0NnNXZWMFYwYW5Ca2QweFFSVEppVFJERUF4aW5CU2dLTWdtTkFZd1VFV3U1QXdN=-w200-h112-p-df-rw,2025-10-21T06:42:14.209283
PDW Receives First U.S. Air Force Contract for C100 Multi-Mission UAS,https://news.google.com/read/CBMiuwFBVV95cUxQd3FmRG56akJaTEJ2UmhqWnB4eGNpUGRVZG5pQWxrQ2xtR2FzRklKbklWZXV3aFV5VXBtcGNYN1hpM1ZobnMtaHZnV2RjT0ViN01SR1d2N1RoeW83bnVsbWstZ2tiQjV5aXlpX0Nma01Wdy1IVTRFZ1hvbG9HV0dyRkllRTRxZC0waUtybktON3cydHE1WUpHX3B2TG9pR3lLYXByc1V5MWZuRGJZZWxrTC1fOFZHc0p6RFln?hl=en-US&gl=US&ceid=US%3Aen,Unmanned Systems Technology,10 minutes ago,🛩️ Military UAV,https://news.google.com/api/attachments/CC8iK0NnNW1NazEyT0VVM1ZFZEZiMGhEVFJERUF4aW1CU2dLTWdhaGs1S3R0UVk=-w200-h112-p-df-rw,2025-10-21T06:42:14.209285
Taiwan sets out new rules outlining when troops can shoot down drones,https://news.google.com/read/CBMixAFBVV95cUxPc0VZNVh5eklvOHA5cUVqd3d2ZGQzdTBnUjJGOGhnVTNYVTEwVFlkRElHYnBSWHc5Vzh4MXJFOWFWM3BhcG1ya3AtM3hfTmJZZ0dBUHc4d1hrXzd4ZmI1MXFJRWtJNW14X1pyRGQ0NFVZSXpSSjNXVlFIRDNOd01xMFdXX0NTdjhtYl96RHRiVEs5ZW5oUmlXZzVCS0lodDhGN3BiOXVZMjZfeFpoR1pLQnQ2dXlTamw4UFVERUdBQ1c5X3NG0gHEAUFVX3lxTFBBVnMwUHh4cmJBdHV5WVpOb1FHUGZXbDIxYWVjbmtWelBhRGhJZ0txam1UVkFyN1o3QTZ1dFBRY0ZzV0tJVXBMTzZHcXdYOGZvX3ZmTlEwaVlpR2RUOXNkdzQ4Z1FXN3lxN3J5NHU2UUZsZ1d0QnJYM0ZLQVM2OWhxbExfX1d3cFY2TkdMaDh1WmtWcW5HYjhLOTVRMkdKMzlJMmstOG1oSnlyT25senZNd2x2SXpYV3BuWTV2WlRhcnBDdko?hl=en-US&gl=US&ceid=US%3Aen,South China Morning Post,18 hours ago,🛩️ Military UAV,https://news.google.com/api/attachments/CC8iL0NnNWxja0p5VVZsR016SjVNVXR4VFJDUUF4aThCU2dLTWdrdGNZU3RwV2NsRUFF=-w200-h112-p-df-rw,2025-10-21T06:42:14.209287
"The Army's New Approach to Buying AI, Drones, and Robotics",https://news.google.com/read/CBMitAFBVV95cUxQSldsMXRDRXM5QWhhMTY1UjNvNjRwYmJQQkJIMlRpX1NhdzJDY1ZqOTFrRnBzd1ozQ3IyN1kzM3FuYnVsUUZETENoQjJNMzZwM21sV0Zlc09ObmlIYzRUUklPdk43dDhLZjAxSnQ0U18wRENxd085aWNOTG9yN3Y1dHdTUC1ZbmxIS0JIdGVYRmJIY0t5X29iYTNzaTBNM05yak1KUWhQQjE0TnVyeDdvbUh2WnM?hl=en-US&gl=US&ceid=US%3Aen,Tech Briefs,19 hours ago,🛩️ Military UAV,https://news.google.com/api/attachments/CC8iL0NnNDJWM2hQZGpOWWMzbFRVV0ZIVFJEaEFSaVFBeWdLTWdtQkk0aFNGV3BzOVFB=-w200-h112-p-df-rw,2025-10-21T06:42:14.209289
Sweden Pushes Ahead With Future Fighter Program,https://news.google.com/read/CBMiggFBVV95cUxOOGh0bTFsVUtHWVBSMkRoVmNiTkJLNEFSNG4zckN0YmNJRW9OcjRXN1p1QjBsMzVpR2FMamVNRzJqTmlrZVk0UlU5RExqUzJUWUtnalhTLXFqb2hhZExQM1dPU01CeEtVZVg4N1hXUEdHbXNEbElNZlhvdlN1a25HaFdn?hl=en-US&gl=US&ceid=US%3Aen,The War Zone,8 hours ago,🎯 Tactical Drones,https://news.google.com/api/attachments/CC8iK0NnNXZjbUZVVEMxQ1NrTjRTR0ozVFJDZkF4ampCU2dLTWdZSm9ZeUp3UVU=-w200-h112-p-df-rw,2025-10-21T06:42:14.209291
From civilian aircraft to strategic weapon: Ukraine’s long-range bomber UAV,https://news.google.com/read/CBMiswFBVV95cUxQNFVmUENsYld4ZzQ4V2V2Mnl6Mjh3VnZEcHNmQjFJYWZzRmhjVGw4VXozS1dNTXFZMnVJMDktYkE1TTJ4MnN6REZEdFhHQ2xnM0Y4cWplZGhlVmlmeEc3V09HQUtDcTRBYmJLVTZVU2EyMTYwUkh4NmlyWi1xS0tYOEJmMWZTMVFIaXlqTnZZZXhTSFhEMEZmbUZvSldoQlBWSHFnNzFIc00xSDRjY2V4V1UxQQ?hl=en-US&gl=US&ceid=US%3Aen,Euromaidan Press,10 hours ago,🎯 Tactical Drones,https://news.google.com/api/attachments/CC8iK0NnNVBNWEZGVkhZeFFtaHZYMFl5VFJEREF4aW5CU2dLTWdZcDhvZ3Z6UU0=-w200-h112-p-df-rw,2025-10-21T06:42:14.209293
Safe Pro Group Receives $14 Million Strategic Investment Led by Autonomous Drone Leader Ondas Holdings,https://news.google.com/read/CBMi8wFBVV95cUxQb1MtSmpzQ015OFhpWFJDcEd6bEFPMHFmdHNWRElzNTBnbDJXWDlBakJLYWFRWjdfQ0RJb3ZuTzBPTUhnb3BaOFpvM0ZHMDNIaGE1eXRPOUVuZnZxWXVTZVdyODBqelQ2by1ieDlqYTg0dmljSWRnalZEcy1UYk5RTHdpTE9YaGFKTVp3Wm9XYU82YTlXZVdDRFZ1QkR4a3NqY1d6UXdfZmk2MU1Nbl9nSWI4eVpPaDE4NFZIeVppZ3dLeFlUdVlqS1JIQ2lWX2FJUi0xZjRDaVBZUWZYajBrMEt6X29KaGJPRWdrM1pmQXRBWnM?hl=en-US&gl=US&ceid=US%3Aen,Business Wire,18 hours ago,🎯 Tactical Drones,https://news.google.com/api/attachments/CC8iK0NnNDJSbmh6ZUdadllWSnhTVFZKVFJDSEF4aVBCaWdLTWdZQmtKU291QVk=-w200-h112-p-df-rw,2025-10-21T06:42:14.209295
Safe Pro Group: $14 Million Strategic Investment Raised For Advanced AI-Based Defense And Humanitarian Technologies,https://news.google.com/read/CBMizgFBVV95cUxQWERldDNyZVRya09jdlhxU0czNzQ5OXdnWFhLVDVTZVNjY3J3MHpscFNUdUVQLUJ5cHhGX0N4d3dXVktUWlpsR1V3aWtvNjljWGd4ZC1yTkZBTlpjZnFPMmZHNTR1TC00Ykw4MGNGRzl6dTgxRE5fc3VTT3AxR20xdTdhcHQ5THFaOGdVck5nTzNhMWJiZTBjLWpDNEVZenBTcVhMR2xHWkZhVFg2WWpSOXlFanQ3TnlnSWdocC05cXhDeVpXOUxValkzR3RfQdIB0wFBVV95cUxNOWJUNXhVMzV3NkJXUnIwdHllWHF6eDM1WkljSEdjUHdkQnhtTGk0ZzU2WG5sbW1waFZGakY5OE1sa1RIclphUDNKQUQ0VHJRejFZcXNiRmxfMy1wY1FXOTRjZlQ5UGF3NVExZmdLZWk4MVJ5OWxmSU4tWkxkTTd6ekw0SUhZbGVFbnhiX2NOdVU2VkxmNGdmTVJnLVAzNUdLbjdHY0dKbmJ6Rm1DaWVCOU8yZU5BZk84dFFQa0dfZXUwM0FtZFIxMlNBb0dYNTU5RnJB?hl=en-US&gl=US&ceid=US%3Aen,Pulse 2.0,14 hours ago,🎯 Tactical Drones,https://news.google.com/api/attachments/CC8iMkNnNUdVSGt4TkV4WU1EUlBUREZEVFJDcUJCaXFCQ2dLTWd1SmNZWnNxV05GOUlob1BR=-w200-h112-p-df-rw,2025-10-21T06:42:14.209296
Vapor CLE is AV’s Latest Take on All-Electric VTOL Drone That Fits 26 Mission Payloads,https://news.google.com/read/CBMiXEFVX3lxTE80X0ZRZWVzVndfSmV2ckNKWUQzaUZvUERzUnMtUVpMa2c5WDB2VEpxSGNzVW16UHAyOG1PVG1hcDlPODg3UU5teUhjOU5xb0hESm9EU0lQbEoxQjhK?hl=en-US&gl=US&ceid=US%3Aen,NextGen Defense,18 hours ago,🎯 Tactical Drones,https://news.google.com/api/attachments/CC8iK0NnNTVTRUZpV0ZOSGNGUjVSemh3VFJERUF4aW1CU2dLTWdhTlI1Q21vZ2c=-w200-h112-p-df-rw,2025-10-21T06:42:14.209298
China deploys Pakistan's first hyperspectral satellite with Kinetica 1 rocket,https://news.google.com/read/CBMiugFBVV95cUxOR3lHdXU0MzNJeXdMdkFNNHhtUmNWSlYzZ0llUzFqamlTQU1MLWNwbXp2ay1TUms0MmgtTTV4QmlHME9kTXdHNWMwMFA3ei1hMmdiR2lQY3BVcGZJZzdSWTVWb0lsc0VINzlvbnlKVVk3OTRFZHN5MXdYN2lTNlJZNURwOFNYSlhNMHVFay13V2gyWUxuS2hXSGU0NlJJNDJyVndzZXlmUnBnbTIzZUNWalA3cmNpU0dIZVE?hl=en-US&gl=US&ceid=US%3Aen,Space War News,2 hours ago,🎯 Tactical Drones,https://news.google.com/api/attachments/CC8iJ0NnNWpORGxFY1VOdGNtMWZWMFJsVFJETkFSajJBU2dCTWdNQkFnZw=-w200-h112-p-df-rw,2025-10-21T06:42:14.209300
"Military Drone Market Projections 2025-2032: Key Trends,",https://news.google.com/read/CBMilAFBVV95cUxOOEsxcklOVDRtM0xVNnpja2UyM2Fyc2VOT2R3UGZzcjRpN3dHdzh4Nzc5bW1WcFFuMXNsVE45bWwxVlF0NE5HcFJuaHNtWW5WUnk3WHJwZjdVN1A5d2F1V2ZwLVROZHRENWZoY0o2OVB3b1g4d092SVFxbk9tWE1zXzdobk9pdkhaSHhIY2hvdEtJdlhm?hl=en-US&gl=US&ceid=US%3Aen,openPR.com,22 hours ago,🎯 Tactical Drones,https://news.google.com/api/attachments/CC8iI0NnNUhVWFZ6U0UxdlJYVXdVRVpWVFJDcUJCaXFCQ2dLTWdB=-w200-h112-p-df-rw,2025-10-21T06:42:14.209302
"Russia-Ukraine war: List of key events, day 1,335",https://news.google.com/read/CBMikgFBVV95cUxPZ1hLc2F5cGxfNkEybTZaeExrUGF0MW0zZVljU0hsU0FKZmNiMFp2RjJxYk1GM255WkR3UlRYbTduWmFCYzBGTnA4SGVCTUJzSno1ajZZSXFZODY0RGlKWW9OdVN1bEYxSS1VN1lfTUVVYXZNVDZ4bkI1OThnZWlpWmx4b2dYdDNNbHJDa1dmTm54Z9IBlwFBVV95cUxQXzFLWWxuM1VPcllrYThLdW9TYVFITE04aVMtbDBxUUpiR2NjY3hVeWR6ajEwTFViVkxrZTY3UGh0RHJwWmVwaE50NThjM2V0X2xDa2VVUTBNN1N3dW5mdmNPMTl2bFNLN0poYXoyc2c3aG5BQnBwaFdWZ0RHMnJuM0V2c3pPNjY5ZW9YXzI4akNRZ291UTlR?hl=en-US&gl=US&ceid=US%3Aen,Al Jazeera,6 hours ago,🇺🇦 Ukraine Drones,https://news.google.com/api/attachments/CC8iK0NnNXdkMlJJWHkxaFZUaFRNekpSVFJDUkF4ajhCU2dLTWdZaElJaUxNQVk=-w200-h112-p-df-rw,2025-10-21T06:42:14.209304
Why Russia Is Worried About Ukraine’s Decoy Drones,https://news.google.com/read/CBMipwFBVV95cUxOVVlwck5xZ3ptWmRyZzVkNTkyUkNlc0pwYjlRNUJrLUdHMGNWRlVSTFNtS1liS3Y1VVZhaUFxLXZKa09SZXdxZFdCS0F1ZDRrZEhUbGo0cnVINDk3RFNfOTE3Y1VSUzJrOWtrdHlsWWkwMzlCemsyZmZOZ2dkb1RNOTBkby1tYkJEM0hpYTk2c3hrandrbzJiWS0xX0FYUDhfYkRTX05VOA?hl=en-US&gl=US&ceid=US%3Aen,Forbes,17 hours ago,🇺🇦 Ukraine Drones,https://news.google.com/api/attachments/CC8iK0NnNVZSR3hRTkVKZlMzWk1Wemx3VFJEZ0F4aUFCU2dLTWdhUlU1S3FwUWM=-w200-h112-p-df-rw,2025-10-21T06:42:14.209306
"As Russia hits energy grid, Ukraine tries to avoid a cold, dark winter",https://news.google.com/read/CBMiuwFBVV95cUxNcjNpMjNHNFlyeEZqellmRjVnVUZfQlZtOVhNTzRUWF9IZWFpamExVVZsUmhxZmY0YXZOR251aDRxMXp2VUtRbEFYbkNHblBWTWVlS0tKZktTR1l6WGRZRkFyOFM3SlFlWHFmTng4VFRYbHFVTG5RUUZZaTN4alloaXFFT2tkOFhYaFVVTUFSNGRiV0lKZGVyNzQycWFmcklVS0RmNDNRSFRrdkxfSi1rN2RTVVpZSGxaT0800gG7AUFVX3lxTE1yM2kyM0c0WXJ4Rmp6WWZGNWdVRl9CVm05WE1PNFRYX0hlYWlqYTFVVmxSaHFmZjRhdk5HbnVoNHExenZVS1FsQVhuQ0duUFZNZWVLS0pmS1NHWXpYZFlGQXI4UzdKUWVYcWZOeDhUVFhscVVMblFRRllpM3hqWWhpcUVPa2Q4WFhoVVVNQVI0ZGJXSUpkZXI3NDJxYWZySVVLRGY0M1FIVGt2TF9KLWs3ZFNVWllIbFpPTzQ?hl=en-US&gl=US&ceid=US%3Aen,The Christian Science Monitor,8 hours ago,🇺🇦 Ukraine Drones,https://news.google.com/api/attachments/CC8iK0NnNTNVbXBwU0dWaVpqZEJRVzh5VFJERUF4aW1CU2dLTWdZRnFJNkhPZ1k=-w200-h112-p-df-rw,2025-10-21T06:42:14.209308
No Cause for Alarm: The Case for a Measured Response to Russian Air Incursions,https://news.google.com/read/CBMisgFBVV95cUxPVnFaOUx4b1dXZDY0NURTbXZtc1ZSUWFkVWZWU1BKMXVvbzNQQjRvRVE1aHppRE1nSm9YbjNRZXhtQjBqbmxlQ2tUd3BRUkZrZTdfSllfa0txV29BMF8yc1NQYUFOUlFJRUxrY1U5OERLSFRWU1ZkbUpRMG9wVTRmQ1RkVmZvQXY1WFRHdXlqbUxNMERTdWpuZXdpY0tuYzQwa3lBakxlcWhKNnA2dFlWSmVn?hl=en-US&gl=US&ceid=US%3Aen,War on the Rocks,23 hours ago,🇺🇦 Ukraine Drones,https://news.google.com/api/attachments/CC8iL0NnNDBZemMyU1dweU9YbEZkbTlYVFJDZkF4ampCU2dLTWdtVmNvd0lRdVZNQ3dJ=-w200-h112-p-df-rw,2025-10-21T06:42:14.209320
"Russia claims drone attacks hit Bryansk and Rostov regions, injuring two",https://news.google.com/read/CBMilwFBVV95cUxPdVUyR2M3Z2JqZUNhUXJyZEZ4Y2ZuMUdUZHJUb0cxNXUtRXpqZUdXRkxGYnVMbDlEWkcxS25rVU5MVVZ5MVFIZWR6VVJUNDdYOFBJS05zcjN5cDJleGd4RUlMcmpFMGZ3ejNhU0ttN29LbU5sZTJyRW5JcXRFTWp3UVZFWlRhTFhYQWN6elMtamdCZzFxeGZN?hl=en-US&gl=US&ceid=US%3Aen,Latest news from Azerbaijan,1 hour ago,🇺🇦 Ukraine Drones,https://news.google.com/api/attachments/CC8iNkNnNDBWamQwTW1nelZYVkRUMjlqVFJEZ0F4aUFCU2dLTWc0QmNJQkRzR05paXhxNlkzb3dEUQ=-w200-h112-p-df-rw,2025-10-21T06:42:14.209322
"'Massive air attack' — Drones attack Russia's Bryansk, Rostov oblasts, causing damage, injuring 2, authorities claim",https://news.google.com/read/CBMiwwFBVV95cUxQamtoa0QzUzlFZzAxbTFMSGVocmhLYngxSFFxWFdjMGFHZmZiODBEdFVrWmpZMFZzZTkzbDg1NjQ5T2VQVWJmX3c2ZVFtV0c0R09vRG9hTXIwX0s4NTBBZmlhcUVnUTRsVTVBZXN0WVo5czkxYTZZZjV0Xy1rampGaGt6OGh5N3BVcWZzNmtBVHNJWU83R3Fwc1Jla1RPcTZjdERWU045d2xrYlI4aFJNUWFVYXU0MmZFeUFEZlBSbS1zVkU?hl=en-US&gl=US&ceid=US%3Aen,The Kyiv Independent,2 hours ago,🇷🇺 Russia Drones,https://news.google.com/api/attachments/CC8iNkNnNVZZbVY1WVZodWQxVk5WRXcyVFJEZ0F4aUFCU2dLTWc0QmNJQmtzR05paTlyRE5JYnVHZw=-w200-h112-p-df-rw,2025-10-21T06:42:14.209324
China/France • French defence ministry's 'homegrown' jammer is Chinese,https://news.google.com/read/CBMi2gFBVV95cUxQdEVvaGJ2am4tOXF6Y0V2aTlXeDJ4X3g0S2dsVXhEdGV5VERFVUFHUWhXaUx4M01VdmNZckYxY05zLXd6UWJlX21mMk80ZUtyaGgyaW1lTS1lX2diQV9FeXVYYkp6WFpjbjYtVm5tdkoyQVdocFduZGppVHliRm5yTGE3RFJUeGJXR0ljV1dSQ3NfSWkxQ0xJOFRhUHNwbU4xZTFPLTljZjQ2Z1p4UmZLTGZVNHVZaTFMbFBhbGhHYnFsSC1ROVNwaHV1RjNhWEMyNHVrdWhQOFZJdw?hl=en-US&gl=US&ceid=US%3Aen,Intelligence Online,2 hours ago,🇨🇳 China Drones,https://news.google.com/api/attachments/CC8iK0NnNVJiSEJQV1VKdVRXRTRVbDlOVFJDaUF4amRCU2dLTWdZWlVZclV0QU0=-w200-h112-p-df-rw,2025-10-21T06:42:14.209325
"DJI fights U.S. government classification as 'Chinese military company,' appeals ruling",https://news.google.com/read/CBMihAFBVV95cUxNZ1hEQW1wbkJPcmdWVTZyaUMtenFwY25QdlJIT1A1N2JaaDBEM2lINVJLd0NIWXhvUm9vcndYZUw4NTQ4bVladWhEZWltUjdYa3dBWTFUMUlBRWhPc2pPSXhsZ1ZWYUhHUS04ck1hNlAzTjR1dzAyRENxTEozUjIza243Z3U?hl=en-US&gl=US&ceid=US%3Aen,Mashable,2 hours ago,🇨🇳 China Drones,https://news.google.com/api/attachments/CC8iK0NnNWFNak50VjBadU5tOWlkRFJrVFJDZkF4ampCU2dLTWdhSkFvZ1R4UU0=-w200-h112-p-df-rw,2025-10-21T06:42:14.209328
"China-Taiwan Weekly Update, October 20, 2025",https://news.google.com/read/CBMifEFVX3lxTE45X2l5ekJ6RF9lVGd6RmdXeURGMjF0S2diS2tfTHFQTU1Ucl9ZZ29JWWdfSDU1dVNEa3FXVDg1cjBXekZpWjZZUkxUWk1TcXRsa2NEajdzYmZJWTZKNmJyZlI5Qy01TTFGRlBGdEZUZnZYNkc3NEVwYlJENTE?hl=en-US&gl=US&ceid=US%3Aen,American Enterprise Institute,9 hours ago,🇨🇳 China Drones,https://news.google.com/api/attachments/CC8iL0NnNUZSRzEyY3psM2RuRk5ha3RpVFJDOEF4aXpCU2dLTWdtTlFaVG5wS2M4c1FF=-w200-h112-p-df-rw,2025-10-21T06:42:14.209329
"Watch: China’s ‘fireworks capital’ Liuyang puts on a massive sci-fi-like drone show with nearly 16,000 lig",https://news.google.com/read/CBMipAJBVV95cUxOekxQa1Rja3A4dUplaURhVE1XbWN0OTNacl9PYUQxeDE5UDMza1kxQlI1dmQ5b1JhQWEtbGxYdjk2SE9TXzM1aHhlYlFHT2RReGpXVUhuQk0zXzZpMGJYaTMza0ZXeWNGT2VON0JYUVRSUmN2MjlVMWpDejJ6WU1ETkhodm02MktMWmFhb1dZMHItamlmai1IOW5sNEtWbVBjMzZHZWhFb3lYMTVCNWVMWHRrWDg1bWNfTnBjU1Z0WHpSOU84aXJRU2pMeWwzOWQyMnRuV3Zzdkd2LWpnMm1IUjNDMXhnZXZRckczZDZnSXNCVGxMbDJ0VG1YQnhTWlJsOFhfQ1hDRzh0LWg5ZFowUFV3RnRkSHVDclZZc3NmY21OdHhL0gGqAkFVX3lxTE1JWERXTkMycXlwRnBxb0JRQ2owMWZlb0tuckRfWG1oWXVJZGMtbk1ZRklveFkxYmFzcUh3Z2VJS0NKcElZXzlNMnhGandHOEs1M1B4RVBSdmVGVElFM3UtdmZWQmhuNk1SMm45M09uQzJpTEl1WVFNR0ZOLUVSSlh5VXE0VDNJTmhwZldVNXh6akh4MXZweDBoLTRLSklBd0dLLUhPV0NXVE5HQ08xTjFXVDl1bkxRbUJwWTVvV2VYdm9BOXlBM1d6NjR6aEJjVVZJSld2bkJmWG10SlMyU2JpaDh2NE9VTkl4N2NvZWk3NHlzR09WcVpWUU5COUNmVGIzcmZvd0ZIeWd1VHVpRFpkbW11eS1nYllKUnZQSmM0YWN2alBoRkpZekE?hl=en-US&gl=US&ceid=US%3Aen,The Economic Times,23 hours ago,🇨🇳 China Drones,https://news.google.com/api/attachments/CC8iK0NnNXhkMlpEZVdSTExVTmlUM3AzVFJEZ0F4aUFCU2dLTWdZbFlJVE9zUVk=-w200-h112-p-df-rw,2025-10-21T06:42:14.209332
Low-altitude economy empowers industries via diverse applications,https://news.google.com/read/CBMifkFVX3lxTE1zLUZ6X3ZCUG9rd3FQVkRhb2JUbTJNUmR1VENrb2theHZTWkd1MWlUZDdwVXZkS2N0V1JoRWZhR3R1elFJSnJael9sb21VUTkyV081cUhsYllpMEx5cFdxQWE1SnUwS3RsZU43M21rSEZQTzRib2NCbFE0RTlsQQ?hl=en-US&gl=US&ceid=US%3Aen,China Daily,4 hours ago,🇨🇳 China Drones,https://news.google.com/api/attachments/CC8iI0NnNXhXVzl0WDNkSmVqQktkR016VFJDb0FSaXNBaWdCTWdB=-w200-h112-p-df-rw,2025-10-21T06:42:14.209333
Scientists Used Drones to Count Trees in China — You Won’t Believe How Many There Are in Total,https://news.google.com/read/CBMiwAFBVV95cUxOS29kVkN4OTZocXUxb21uNnNvalRpUU9lUlRhd181T0RubXpkMFZOZEhJNE9GNHUwZmdNeGVXM3hfd3RmQ0tmaG1QNXlEOVdFUVZwNGotTjF4WUphNzhaYWl3cXJaVUlzWVVpWnpUNWtlcE9TNFctZGFKYjZYOXhnQXpWSGtlMEhzMzlxc2RtYmc3NF9uZy1kT0U4ZUtkbENweTlPWkZyM2ZyZ3FoNm5nLUN3WHUyT2FtZ1N4UGphZVk?hl=en-US&gl=US&ceid=US%3Aen,Green Matters,15 hours ago,🇨🇳 China Drones,https://news.google.com/api/attachments/CC8iK0NnNTZjR0ZHT1ZsMFRTMHhPRFpqVFJDUkF4ajhCU2dLTWdhNVVZUlF6UUk=-w200-h112-p-df-rw,2025-10-21T06:42:14.209335
How analysts revise price targets for Kulmbacher Brauerei Aktien Gesellschaft (KUL) stock - Trade Risk Assessment & AI Driven Stock Price Forecasts,https://news.google.com/read/CBMivgFBVV95cUxQQnRSMURuVTFNNmdHc2NOT01kVUNaME9XMmZDa2RYdFJLQ0xZdDQ0S2xqWG5tb3E2QUswUnRUUllaNlZJMXhIb0ZzazN4S0dYZXBEWnp3NEdBWmNmZTVOOXpqcnRMQkt6NGZ4UFB5ZmIxLXBHdlMyTjZkOTJaNnhlaUtVN29VaG04bGhJZ0tTRWtSUGdiVGp5d0R4NWtFX2gwZ3VNZXQ5VjJEWVFyLUdoN0VNY1BxTmU1blozalF3?hl=en-US&gl=US&ceid=US%3Aen,nchmf.gov.vn,17 hours ago,🇨🇳 China Drones,"https://encrypted-tbn0.gstatic.com/faviconV2?url=https://nchmf.gov.vn&client=NEWS_360&size=96&type=FAVICON&fallback_opts=TYPE,SIZE,URL",2025-10-21T06:42:14.209336
Russia and Iran Deepen Ties ‘In All Areas’,https://news.google.com/read/CBMif0FVX3lxTE1tdU4yN3VWZlBMY1NLOXJoTW5zV2IxMVZEQXBabXBpMmtyOV9QRE5QdTcwdzlzLV9yREpRS2hrcE9sQ29mbWF4dmxXNFNqaG53OV93LTBXQ1djeHNzOFVIMjRFUWtpM1puNzZCZWJZelh2cXBRN2h5UV80RWN4eWM?hl=en-US&gl=US&ceid=US%3Aen,Newsweek,15 hours ago,🇮🇷 Iran Drones,https://news.google.com/api/attachments/CC8iK0NnNDNjbFV4Y1hoRlYxUlFkVWc0VFJERUF4aW5CU2dLTWdhVlk0cXNxUVE=-w200-h112-p-df-rw,2025-10-21T06:42:14.209338
Araghchi blasts Polish officials for statements on Iran,https://news.google.com/read/CBMilAFBVV95cUxORnJaeDRHbTF6YWRGOTNFcmFyMERudjZydVpOMXNrQV9ZVUVsSVE5bnhRbFR5ajBpdHdwd19Jc0NuRGI3TlAtRmp4alQwdU45emhZZGNuelRrTG9MeklGWDN0X1BVYllCVk12ZGljS1k3eFk4Nk5GNGhrTmNDRnNzR1FhZWE3eGVGN2dNNU82Q01GRFBM?hl=en-US&gl=US&ceid=US%3Aen,ABNA English,2 hours ago,🇮🇷 Iran Drones,https://news.google.com/api/attachments/CC8iK0NnNHRNMVpFTkZsUVkyNTJRMnQxVFJERUF4aW1CU2dLTWdhNVU1WlJwUWc=-w200-h112-p-df-rw,2025-10-21T06:42:14.209340
"Russia, Iran plan partnership ""in all areas,"" including nuclear projects while Trump seeks stability in Middle East",https://news.google.com/read/CBMi5gFBVV95cUxPd1ZkTURMbXdib0lDUWlQMmdYeFYwNW92dzV4WXNNTF9ET0ZNblVXazU4RWZTSktySEVkMk5XU3RjcDNPc0d6QmdjR3V2WU5abGhVYUx0cWtCV003ZExGaFptMlI0dXRndXVIZ19GcUVWaHpDNG5vTGVSUWtuNnNqbVVKNXpBTFo2cHVpUE9ibGo5VzIwT0ZvWTJNSkkxRDFjUGNibndxYzl2TmJzYS1lZ2hXd3I3VkEzbmE1RXZMNXJaRmVBY0JadzlITkpGU1FQWTRkellhVXFmZHJQNDA3Y1R2V2ZlZw?hl=en-US&gl=US&ceid=US%3Aen,Euromaidan Press,10 hours ago,🇮🇷 Iran Drones,https://news.google.com/api/attachments/CC8iL0NnNTBTMmMyZEVKeVkyNTFaMHhMVFJDZkF4amtCU2dLTWdrQllKQ210dWMxendF=-w200-h112-p-df-rw,2025-10-21T06:42:14.209342
Iran’s IRGC vows stronger ties with Houthis after death of Yemeni commander | Iran International,https://news.google.com/read/CBMiUkFVX3lxTFBOQ1ZpWk9ZVnJtVDR1SkVSMkVlem0wa0tNV3A2QUlaUVNiRmZHQlNYY2xPVnpZOHV3OEhpMlV0ZURyWldBWWhJaFBTeGZVTEhlSWc?hl=en-US&gl=US&ceid=US%3Aen,ایران اینترنشنال,21 hours ago,🇮🇷 Iran Drones,https://news.google.com/api/attachments/CC8iK0NnNVBSWFJ6ZDJveFZVdFViRUkxVFJDQUF4akFCQ2dLTWdZRmNJcFBzUVk=-w200-h112-p-df-rw,2025-10-21T06:42:14.209344
Tehran’s Cocaine Jihad in Bolivia,https://news.google.com/read/CBMic0FVX3lxTE51dldfZW9uOVNWa205VWpoUURoaDRBeUZlRnlNNUlYZzNIME1XWDFxUnVHeVVlOWxTR0JqSnpzUlIta1YtRi1PWTZqaTRaS3gyWTRQNWxNTkh5bkdxRkhxc2FOVGg4YTQycmxFMDdMUEJmdTQ?hl=en-US&gl=US&ceid=US%3Aen,The Times of Israel,6 hours ago,🇮🇷 Iran Drones,https://news.google.com/api/attachments/CC8iL0NnNWhTazk2YVRkeGEzWnZjbVZPVFJET0F4aVlCU2dLTWdtUklZeTFvT2lwU1FJ=-w200-h112-p-df-rw,2025-10-21T06:42:14.209345
"Repeating baseless, meddlesome remarks won’t solve anything: Iran to Poland",https://news.google.com/read/CBMiuAFBVV95cUxORFFYVVBkSVZCQnBaeVBzc0kwdTUwLXpiRlhvVmtLLUY0aTBLSVJNc09Mb3k3empYQ0lvRU93YVZNQ3lPVkk1VGhpX2E4bFExSXdnSlJhZWRGT3kzRVNqczZwUnNXc09PRkgwN0JCeGo1eW1IOXFoanpjeG9FTVlqb3UydXhBQjhaX2hTd1lheG1iOE0xQkRpU2tRZE9NR1Z0WjBmSWNkbldTZmx6YTl1NW91MkJMZVRU?hl=en-US&gl=US&ceid=US%3Aen,نورنیوز,2 hours ago,🇮🇷 Iran Drones,https://news.google.com/api/attachments/CC8iK0NnNXBTbXN5Y0RBM1NVTlFaalZCVFJDbkFSaXRBaWdCTWdZVldKQ0lLZ2M=-w200-h112-p-df-rw,2025-10-21T06:42:14.209347
"U.S Vice President Vance to arrive in Israel on Tuesday, Israeli Airports Authority says",https://news.google.com/read/CBMivwFBVV95cUxQT3dNTFVBd0NWZlFnc04yMlZuTjVCRTcycTZFWHo3ZHVZTGNxaUhad2VlcDd0Zl9NWUxsYncxT05ZNXhoY1lwSnZON3FuZzlld1FnVHNIa04tSU5lN0tZdnFWMUg2ZzJsWTNOcFlOeU91SEhIY3MyNlBpRGdDeEVPX0dCSW5ncEVZVXA0Tm9FTUZrVWJmUC1lVElTcjh2a2hWczVRV1FaUHFPVGJXTmdubEF1RDJFWmozb1lVRHFNaw?hl=en-US&gl=US&ceid=US%3Aen,AL-Monitor,19 hours ago,🇮🇷 Iran Drones,https://news.google.com/api/attachments/CC8iK0NnNWljME5OVGtNNWIyZGtiRTVTVFJDZkF4ampCU2dLTWdZRlE1TEZuZ2s=-w200-h112-p-df-rw,2025-10-21T06:42:14.209349
Lukashenko Signs Law Introducing Criminal Liability for Drone Use,https://news.google.com/read/CBMikgFBVV95cUxOVTRjSTRBWVZKSWRvenUxSjFaUXVaTUZaUEFkd3BZcHpWblJGMHJ4OFhGYXluNHhUb211OVpiVjNicFFVZVA1UU96OS1qQ3dWc2EzMnFwWldSNkZlMFBRUFd3MHBYNnFFNU1MbS1xX0xLaWQtNkUxR2VBbjRGRFFhcE55dmNUdlZkWFZmTTJHMWVaUdIBlwFBVV95cUxNanJxNjRhbnlYTjZoclA1R010VzE0YWJrU3R2dGtUMFBqMTRobFZQbmRCYjhlRVZmUTV4NWJhWFBPa2tpQko5OVJlQ1JHZ2k3VzgxRkVDRjNSamdYSVZCbDBfanV3VzdCUC0zd1RZVkMtOFVSZVdxX2R2OEVJRkJ1NnFTSkFkMVE3NWNncldEZWxfNnFFQ2Zv?hl=en-US&gl=US&ceid=US%3Aen,REFORM.news,15 hours ago,🇮🇷 Iran Drones,https://news.google.com/api/attachments/CC8iK0NnNTRjRTlsTkV4bFFsSmFiWEpoVFJDZkF4ampCU2dLTWdhcFlZNXZLUWc=-w200-h112-p-df-rw,2025-10-21T06:42:14.209351
"Drone footage of Gaza city shows massive destruction, displacement",https://news.google.com/read/CBMipAFBVV95cUxOeU5DY2paN0drczRZR3NsT201LU9sLVJKVHFlOGRES1MxVm9sRDR1dW5QN013Y1VOalkzZ2VnZFpocmQyZHU3MTN5LTUwb3p2amVvZFY2bm1aSkF4dTlPQ1czZ0QtX2E3UWttSWtNa2NyV2JRRjZUejY0VmRhLXR1cFhjRHhTamlFWXQ4cWY3VF9UaUlQQ3ZEc2ZoRFJUMVp0VHM5QQ?hl=en-US&gl=US&ceid=US%3Aen,PressTV,19 hours ago,🇮🇷 Iran Drones,https://news.google.com/api/attachments/CC8iK0NnNHdiMU01VTJ0SVZuSXphVUZaVFJDY0F4am5CU2dLTWdZQnNJU2tTQVE=-w200-h112-p-df-rw,2025-10-21T06:42:14.209352
Iran building cruisers to launch Shahed drones — expert,https://news.google.com/read/CBMingFBVV95cUxNWjRjUGZ4QzhfUFJDSkIwSkNONHhuSkdJcnNvU2UxTW96WXFnOEh6M0ljRVVVeWlHajdzUDZJS01zODdQYUQ3ZnZOV2hOcmJkVUZrZXpsajctSWtacXdkaDJVc3JxZ3VQQmtVamREenN6NFl0d0NOY2xGdjZyTk90OG85WUR4d0xoV2tuSFVfdm1HdWRwelhqRzV0NzB0d9IBngFBVV95cUxNWjRjUGZ4QzhfUFJDSkIwSkNONHhuSkdJcnNvU2UxTW96WXFnOEh6M0ljRVVVeWlHajdzUDZJS01zODdQYUQ3ZnZOV2hOcmJkVUZrZXpsajctSWtacXdkaDJVc3JxZ3VQQmtVamREenN6NFl0d0NOY2xGdjZyTk90OG85WUR4d0xoV2tuSFVfdm1HdWRwelhqRzV0NzB0dw?hl=en-US&gl=US&ceid=US%3Aen,Espreso.tv,14 hours ago,🇮🇷 Iran Drones,https://news.google.com/api/attachments/CC8iK0NnNHROVkEzVkRkVFp6QkRNV3hWVFJERUF4aW1CU2dLTWdhTlE0aW5vUVE=-w200-h112-p-df-rw,2025-10-21T06:42:14.209355
U.S. seeks to enlist Azerbaijan in int'l force to stabilize Gaza under Trump postwar plan,https://news.google.com/read/CBMiogJBVV95cUxPeThSWlhlX1ZXNEVuUTY4a09SbHFjSjN3emZLMENzbVlDd3JMY2NqWDNVaFEySGUydFEyc2U5OW4wYk1DdENvUVVUMWlIV0ZYcUxidzRDVW5oeEJLV09jaUhZeXc2RnA5SVVubkdSQlRWYUN0eGdHWWt2SEo3WjVETzBBOVpkMHVTZWxWbFc1UnIweXY3ZzA2clZGSHZpVWpKNWF5V2IwRTFoZzFHYTdFWjdvckFFc1pEM1RxVlVlbzRFOGJiTmFLWi15Vnh4UWc1cU1TN3oxZ1JLVVRjQlM3cUN4VGh4bHczU1JpVlVFODM4SHFySUYwQlhKdGdJdlJBc2M5alZHcG90bmtpRVgzT3JlSjE1NGV0V194ZFpYZW9LQQ?hl=en-US&gl=US&ceid=US%3Aen,Haaretz,17 minutes ago,🇮🇱 Israel Drones,https://news.google.com/api/attachments/CC8iK0NnNDVZalJNWDJKbFJtcFlTRVowVFJEMEFSaWtBeWdLTWdZQmdZUnVyUVE=-w200-h112-p-df-rw,2025-10-21T06:42:14.209357
Drone threat on the Egyptian border has Israel on edge,https://news.google.com/read/CBMimgFBVV95cUxPUThSN3ZsTGg0QmZIMTRQUktnUE1pRmFKNUZ5Rjk5YXROZFFZRjlmQzFWU1AyQ3RxUEhtSWpLb2tKUzVpMEpBX2ZqOE1IWWtRa2JnYXI4NnVWWW9TODVTWWlyN0laRGFpSG1IU0NoRGtRc3N1VWVNVXBaLUp2UnhwSTU0a3pZbG93S245ZlY0OFdWYWZ3clF6QWZ3?hl=en-US&gl=US&ceid=US%3Aen,www.israelhayom.com,18 hours ago,🇮🇱 Israel Drones,https://news.google.com/api/attachments/CC8iK0NnNHhNemxrVVhrNVZHTnlXRmN5VFJERUF4aW1CU2dLTWdZQk1ZWnB0UU0=-w200-h112-p-df-rw,2025-10-21T06:42:14.209359
Israel Accused of Exploiting Greece’s Fear of Turkey to Push New Weapons Deal,https://news.google.com/read/CBMikgFBVV95cUxQcnNtekdXTlF5S0pjMW1ZemxMZktfR3BEZVA5dXFEY0wwdEJkRTlrQVJmYUhFUTNUOEdzczg5ZUZEZ2hFX3BfY3NVTkdvV1hFVmJfZmdIdHJPLTdUWUtKY2NwN05ldHhaQnN5VEw3ZF8tMy1FQ2lsMFo3RWQ5LU1QZmtRV0FDQVo3ajJSRld6cVBsd9IBkgFBVV95cUxQcnNtekdXTlF5S0pjMW1ZemxMZktfR3BEZVA5dXFEY0wwdEJkRTlrQVJmYUhFUTNUOEdzczg5ZUZEZ2hFX3BfY3NVTkdvV1hFVmJfZmdIdHJPLTdUWUtKY2NwN05ldHhaQnN5VEw3ZF8tMy1FQ2lsMFo3RWQ5LU1QZmtRV0FDQVo3ajJSRld6cVBsdw?hl=en-US&gl=US&ceid=US%3Aen,Greek City Times,8 hours ago,🇮🇱 Israel Drones,"https://encrypted-tbn0.gstatic.com/faviconV2?url=https://greekcitytimes.com&client=NEWS_360&size=96&type=FAVICON&fallback_opts=TYPE,SIZE,URL",2025-10-21T06:42:14.209361
Dramatic drone footage reveals devastation in Khan Younis caused by Israeli attacks,https://news.google.com/read/CBMilAFBVV95cUxNLXRjWUZ4NV9wd0kxRUpoNTlEb05CZWszX2lHOWFwdU12WVF4bVdHSHJYNExkNmFrcE9lc1VCeW9lODdzbms3ZzZNY0VfanBKYmR6NDMxLXRmd3FaWE1lTlNjNzhTRDZzbzk4RlpRVkhnOTNfaE94eTJoaUdocUtpNlp1OFQ4MklXVkNRNjdwaWFoaFJN?hl=en-US&gl=US&ceid=US%3Aen,The Bismarck Tribune,19 hours ago,🇮🇱 Israel Drones,https://news.google.com/api/attachments/CC8iL0NnNXZRV3hZVVRCS1MxRlZZakZTVFJDUkF4ajhCU2dLTWdrQkFJWUhKT1NSMkFB=-w200-h112-p-df-rw,2025-10-21T06:42:14.209363
IDF Sees Hamas Restoring Control Over Gaza With No Opposition From Local Gangs,https://news.google.com/read/CBMijwJBVV95cUxPMjhJYllPS3BOUzdsZFM0cjlCVVo2Z0RsdV9QTE5mbTlkYVF2OGh6SHYtREdOUTJTNloxQjVUcmFtX182a19YaG44dC1rUEp4ODlPdGZoWXF2MTZSU1FEakowLXh6aVlJbG5JOWRlTE5oeUtRTEM1R0JlNmZLYnlCNFFkckpEemdRSGU1MDFldEVaUUIxbUVkQXhtQmRST3h4Vl93d2dJNG1rVzRNNWlZZHFHellFamt1OUtaREtMb2xDRTBzemR0ZWxYLU5SX2hyUzlGTmhZLXc3YXZHM0RXSFRGSzd2X3R4TU9VMW9hRlM4bDVuM3NmMTVTYnlaU1I5NWpHY2dJLTE3eVlqZVdR?hl=en-US&gl=US&ceid=US%3Aen,Haaretz,9 hours ago,🇮🇱 Israel Drones,https://news.google.com/api/attachments/CC8iK0NnNUlSa1I0U1V3eVQxTmZXV0ZEVFJEMEFSaWtBeWdLTWdhQmtvS09NUVE=-w200-h112-p-df-rw,2025-10-21T06:42:14.209364
Netanyahu says Israel dropped 153 tonnes of bombs on Gaza on October 19,https://news.google.com/read/CBMi0AFBVV95cUxNTnBHYzJFeC1YTWRIcThWdl9hcXNaMWVzdGt2OTlDdkRobjJvbXFrN1lXS1pLZ0Q0REpxdExvQVRKejF3ai1jWG1VVnAzS0JjaXRuZFZpVGMwVkJEOEdPYllnYThrZzVsUWgwN19RZXZ6TDRRSHJ5Yk9GNEtxbzdEeVBvcE8xcE13LVlBVVFVaERqcWtRcGNCWUhqR00xY3lIajduUDNGZnQzZnNmNmhCbkhsUlpGekxCekxncVQ2R1M1alRhU1BrNHhSdTZQXzlw0gHXAUFVX3lxTE9JcXdaYnJXazdqUVVDeV9YZUhGR0lVNklQZEh4M0ZpZ2QwRWQ2LXdyRlF5Xy1DTTVBbDJjSEcwUkNLMUh4X3pUWEFyNWxRNTh3UXJDRFdYMGdUTWF5RjNUSTM0UXM1RkdacWNnbkVvVW1VV3E1dVdEblM2alNyOWcwWWNramhCVDQ0VDZ1b3FFTUtfbXdwb3k2eTU2UGo3aDdhNzRmM19NdmFlVFZXZDVjbmw1a2MzQ0hacWlCODJyUExiT2Z3TDlZZktsQmJYc0dBNXNIUGVR?hl=en-US&gl=US&ceid=US%3Aen,The Hindu,15 hours ago,🇮🇱 Israel Drones,https://news.google.com/api/attachments/CC8iK0NnNXFWelphU0VoaWRqaFhRMU5mVFJDZkF4ampCU2dLTWdZQmNZWnZMUVU=-w200-h112-p-df-rw,2025-10-21T06:42:14.209366
Israeli reconnaissance drones circled over the Lebanese presidential palace,https://news.google.com/read/CBMiqAFBVV95cUxQZ1E1aWNadThKNGRmaGZUbUNlQ0FnT1dHby1Ua1M3NExkWHlKNmFnWG40OEk2SWhnM2N3Z1VmcWRmNlQ2c05TVmEwdzFtNjhwclEyZ3VveGVuZWRwaGVVSUpDM1BsM2ZCcDlKZ2o3YnJNVnBHQ0dYbDZuNDZuaU1tM2RmZ3YzbXJvazFXZm5UMmJZcmdoSUFPQ0ZJbERfNm9SS1d3X0NqSlg?hl=en-US&gl=US&ceid=US%3Aen,Apa.az,4 hours ago,🇮🇱 Israel Drones,https://news.google.com/api/attachments/CC8iK0NnNVJZVU5MZGtrM2RIRlBjbk5IVFJERUF4aW1CU2dLTWdZZGdZcnZ1QVU=-w200-h112-p-df-rw,2025-10-21T06:42:14.209368
Denmark Eyes Israeli Barak MX Defense System Layered Shield Against Drones and Cruise Missiles,https://news.google.com/read/CBMi2gFBVV95cUxNajUyWlhkdTJ0VFdPQW5Od2F3Y0tvUktaWldGSmZXZnFONExJQzEwcWhRRV9JVl9qV1JzTFVXV1R5ZXZZdllEVXVQZkQtbWdoLXl1YnZkMUFhcFRKLVg4QXYxNEdEMXNkZnpRejJ5Z2YxNjVwNUJwRFA5VmVUVG9IRE9fUlJwSV9Yb2IzY21JX0Y3djhQaXdCX2VZdElaV0pTUXlJVEtmRHZTeVFKNVl4V2pDUXQyMlB6eDl1Sm9jVjNUVWhQUjdDNHE4ejl1RTRsZExjZTJydlA2dw?hl=en-US&gl=US&ceid=US%3Aen,Army Recognition,21 hours ago,🇮🇱 Israel Drones,https://news.google.com/api/attachments/CC8iL0NnNVNUelptUVVwWmN6TjNNbFI2VFJERUF4aW1CU2dLTWdrTlFKQ0hyS1lscHdJ=-w200-h112-p-df-rw,2025-10-21T06:42:14.209370
"North Korean submunition found in drone used to attack Ukraine, report finds",https://news.google.com/read/CBMihwFBVV95cUxPOGpZSUdlbFNybmRMNkh1c05IbGQyeTdvcm5tTU9HT0JnaW5GUGNiWjcteHZya2dzNlpMQmVyaU5MMmJTRTdmcWlLeGM3VHRUUFYyMTRMaXpPZmZEN1FpZnhxellpWkl1NHNIS2dnQWlXblpuT3lueXdrc1UtZkJBaVhDWXE2MFk?hl=en-US&gl=US&ceid=US%3Aen,AOL.com,19 hours ago,🇰🇵 DPRK Drones,https://news.google.com/api/attachments/CC8iK0NnNHhaWFZJT0RSSVgxUlBNbVZEVFJEb0FoaUFCU2dLTWdhcFZKQ3VMUWM=-w200-h112-p-df-rw,2025-10-21T06:42:14.209372
Korean National Police Agency Unveils AI System to Block Voice Phishing in 10 Minutes,https://news.google.com/read/CBMiiAFBVV95cUxQU05qVVNhMVQ1Ni1sSmVhR0JxbThnLUlhbExjdm8xTjVJY2RPWUJYU1NlSWxob00wak9CTlVQamNsbEk3TjV1OGlab0ktLUpqWFhCX1RKUTV3djJFRUh6ZDBYRVVBbXpyOHVhUDF0Y3BocV8xVVdNbWZnTm80SG1LeGdRY1NZeVps?hl=en-US&gl=US&ceid=US%3Aen,조선일보,5 hours ago,🇰🇵 DPRK Drones,https://news.google.com/api/attachments/CC8iK0NnNXRWMjFyUzFvdFlteHhiekZqVFJDVEJCakJCQ2dLTWdhWlU0eU5NUVU=-w200-h112-p-df-rw,2025-10-21T06:42:14.209374
The Korea International Broadcasting Foundation,https://news.google.com/read/CBMiVkFVX3lxTE1mcnpjMFlxdm5YcHZRNjJiZTZUaTZ2UTBHREZ6TGZwSnIwRW5WWnFRSTdadGhTTXd4YlUteVFjRUhoUDRlSUlpQW83MDBscDlzV1BVeUJR?hl=en-US&gl=US&ceid=US%3Aen,Arirang News,19 hours ago,🇰🇵 DPRK Drones,"https://encrypted-tbn0.gstatic.com/faviconV2?url=https://www.arirang.com&client=NEWS_360&size=96&type=FAVICON&fallback_opts=TYPE,SIZE,URL",2025-10-21T06:42:14.209376
Inside Ukraine’s Drone Transformation: From Defense Mission to Emerging Export Power,https://news.google.com/read/CBMiS0FVX3lxTFBraHNjVW5YdXJNNVJXcFMxU1NjRE5ZRXh4T2N1REZtM2pzRlRRU2N5SElRSExwYjZfbEI3VTdHUGVKSG1DVzJfc3hrQQ?hl=en-US&gl=US&ceid=US%3Aen,Kyiv Post,20 hours ago,🇰🇵 DPRK Drones,https://news.google.com/api/attachments/CC8iI0NnNTRZMUkwWjBWMGFVMTFOMFo1VFJERUF4aW5CU2dLTWdB=-w200-h112-p-df-rw,2025-10-21T06:42:14.209378
Russia is throwing North Korea into war: North Korean military tests weapons against Ukraine — ISW,https://news.google.com/read/CBMi0wFBVV95cUxQT2J5by02Yk55UlpEOUJFOVpnZHpHTTVPVjhKZ09zNkUzVzd1OC10UzdXZzcweFpoaXBFSXVqNjVySXhBNEJNLWdxVFFXblV3Z0FBWllFcGVSUWttNDJuYzh6WF9Ia0lKV0pxVzU0TjJDUFY5bEtNWTBUdmFmeE9QcUZlQV95VHlYYVRCbGpBSW5ZVTRrNVpWaUpKZ0tRN09OU3FFYk5XRXpOaGctVWVCLW9kN0V1WTY4VzVSenEyd05tSng3RzZhOGRUZ0F6U3lqakVN?hl=en-US&gl=US&ceid=US%3Aen,ІА Король Данило,22 hours ago,🇰🇵 DPRK Drones,https://news.google.com/api/attachments/CC8iJ0NnNTFSRVJITkMxd016Sm5OVkJ4VFJDT0FoamdBeWdLTWdNQlVCdw=-w200-h112-p-df-rw,2025-10-21T06:42:14.209380
K-Defense Evolves with AI and Unmanned Systems at ADEX 2025,https://news.google.com/read/CBMiiAFBVV95cUxQTHFnVW9LUkFnVUZ5UUZKZjZEWWJXbzQ1d3djWU9mS2puaHE0b0djVHNjZi1JRVhjdU1vRHdJQks2REpwaFBiUWNqZi1OVEVZcXRKZ3oxbUdkbi1jWnNPbHhkakRfMl9hUHFzVVFmb0dQeGthNnlzZk4ySGxmdkxrR1FNMnhwaF9m?hl=en-US&gl=US&ceid=US%3Aen,조선일보,4 hours ago,🇰🇵 DPRK Drones,https://news.google.com/api/attachments/CC8iK0NnNXNaRTFIYlY5U2NWWXROSGg2VFJDYkF4am9CQ2dLTWdZTk1aQW5IZ2s=-w200-h112-p-df-rw,2025-10-21T06:42:14.209381
Global Drone Incursions Push Nations to Deploy Laser Defenses Reshaping Airspace Warfare,https://news.google.com/read/CBMi1gFBVV95cUxPeFptcWw0OVVJSTdhZGQ2SnU2dnlEWkVremVSQVdDdVRpWldzYkZaY2ZoTUEwUDE4aDVMdUhZTXJCUk9TRjVmd3BxQVUwc1l2MkRkZ1E3NXNqbEIzTTBBeXIxdGUyNHRsdGxtN09Gd09HMWY2aWdYeFNEMk9pRklrVVpOcVNHQjNoTGE1S3M3REZGSUdRcEJIdXRVLXpOR2xOaUJMMjlfOGp0TTJFQ0RGTUNJWEl1N0FRcWRjcURrNVlTUU9MRzNPTmp4aHdpLTE3T0MwSm1R?hl=en-US&gl=US&ceid=US%3Aen,Army Recognition,16 hours ago,🇰🇵 DPRK Drones,https://news.google.com/api/attachments/CC8iJ0NnNU1SRUp1ZDFwdWJGYzNTMGx3VFJDM0FSaVRBaWdCTWdPTkF3UQ=-w200-h112-p-df-rw,2025-10-21T06:42:14.209383
More women than men donate organs in living donor transplants,https://news.google.com/read/CBMi3gFBVV95cUxQWGYzWndLNVZfM3R6LVlnTzRuMm5LR1I1dnJqSXNyOVJQNG96cVJaUHZvNkU5Qm90UzlicXZYc3J2U1dRaHdRQ091NDdIalRaaHZoc0ZpMVZ1bkdtNHNfU2tpVkFUbnAtaTNpN01OdVU5elBKanFxaENXZm82dUJGZ2NIZ2MwckY0c2toLXZpU2RfUV9qRDRRQ1U2bk91U1lIRjdtLTNRanRSeERzQnVfalI5dVM4ZFNYNkQ4S2lIM1d0MWc0T3JUXzVEQ2VrMG1FNG1jaEt3RTRpYm9uX3c?hl=en-US&gl=US&ceid=US%3Aen,Korea JoongAng Daily,2 hours ago,🇰🇵 DPRK Drones,https://news.google.com/api/attachments/CC8iK0NnNXdXWEZvYjE4eE0xWjJNblZ2VFJDUkF4aXdCQ2dLTWdZaEFwb3JGUW8=-w200-h112-p-df-rw,2025-10-21T06:42:14.209385
Marshall help Türkiye set up domestic maintenance of C-130J fleet,https://news.google.com/read/CBMiqwFBVV95cUxOZG9zMFRCSGlIWHpPRXQ5U05VZzZ1RGRfMGtYN2tneEdfWkVyT212YUlHZV96RzNlYkpVdVlKVkp5Z0RXQzl2Nm9GcUJZc0JPd1FyZ3Q5WDlaT2FDTGx5V09EX193QmJtNUgwQnB0d3htYkNLN2ZuR0gya2J6SWpyekd5WVMwRE5INHllUWxJOC1YMGZEeWJ4dTRXay1PTlNONFdNT0JfTXRDSmM?hl=en-US&gl=US&ceid=US%3Aen,Air Force Technology,17 hours ago,🇹🇷 Turkey Drones,https://news.google.com/api/attachments/CC8iK0NnNW1kVmw1TVY5alVrcDVhV1JEVFJEeEFSaXVBeWdLTWdZQk01Q09uUWM=-w200-h112-p-df-rw,2025-10-21T06:42:14.209386
Palestinian Authority unveils $67b. Gaza reconstruction plan,https://news.google.com/read/CBMiXEFVX3lxTE1MNUROVEdJNmZSaEpPWGFmM3JQbXl5cTR5WGZqeWNGT3pLbE41MUZZTWRUcUR6Y2d4YnRVTGZ1TF9SUkt4Rk1na2ZmY05vbWZFaVdXUFNHVXNSWlAw?hl=en-US&gl=US&ceid=US%3Aen,The Jerusalem Post,16 hours ago,🇹🇷 Turkey Drones,https://news.google.com/api/attachments/CC8iK0NnNUJlSE5rWDJ4alIybFpNMEppVFJDZkF4ampCU2dLTWdZQlVJTElQUVU=-w200-h112-p-df-rw,2025-10-21T06:42:14.209388
Hamas says it will hand over body of Gaza hostage at 1700 GMT Monday,https://news.google.com/read/CBMiqwFBVV95cUxOZFZEcko2Szh3NElvTTlEdkR1VkJqVWMwQ0N1MVdYVGFBUm8xRU9pOW0tV1VaVFYxbHVrY3UtSUdKc2w2WGdpa0F2dVRJMTFFbTBEcGpiZjVXSEtleXlqZTA3SHl1bjRxUF8tRkpYYjZZQmlxOUxNRkY3cC1NeEhuNjZsd3ZjQzVhNmVfU1RiUkNkbTduMXh4SFdGWGJ6SEo3YjJEY3FjRFFFQWM?hl=en-US&gl=US&ceid=US%3Aen,AL-Monitor,16 hours ago,🇹🇷 Turkey Drones,https://news.google.com/api/attachments/CC8iL0NnNUpVRlJ6WTI5clUwOXVTaTAxVFJDb0FSaXNBaWdCTWdrQlFJYWlxdVkwTXdF=-w200-h112-p-df-rw,2025-10-21T06:42:14.209390
"Türkiye allocates nearly ₺9 billion for space, aviation projects in 2026",https://news.google.com/read/CBMitwFBVV95cUxNblBSeDljSnJyRHVFMjR6YnlwMmdDQVFDRnN0VjZ1bEk2Vzk5UlFMOUNXLWVEOEU0bEZfanZocXJTZ29rbFBCWTNqUXN4N0c5YmhvaUlIZnJ2RWNBVlJrMFV1X1VYQVpsZFdGY0p2d1BXNDBrbkNvcmsxT0FaOXJGQXpxQk1HN202WV84MGl2b1F1NGdEcGQ3cS0wMlVtQ1IxX0RNcFd6RGFNNnBzOTFsczNwcnNoTUE?hl=en-US&gl=US&ceid=US%3Aen,Türkiye Today,21 hours ago,🇹🇷 Turkey Drones,https://news.google.com/api/attachments/CC8iK0NnNXlNMUJLTFdJNGJXd3dUbEEzVFJERUF4aW1CU2dLTWdZSm9Jb1R4UVE=-w200-h112-p-df-rw,2025-10-21T06:42:14.209392
Three Belgians arrested in corruption probe at NATO's procurement agency,https://news.google.com/read/CBMizgFBVV95cUxNaDl5VlZLRm15SzAwT1VycElZVTNhb1U4UDAzb2llWjJsZmlFNmVJb2tfLU1MTUkxY0UwUzV2emJEd0dxRjlLWl9yZUctVDlJR2l2YjhrdFRLSnV5SGtXYzlKMHFnZXplWlpCY1hScE5TWEIwd0VEVVJyaUp3VnIwYXB6SzhVZy0tc3Y1cy04Q1pDX0RsR0haZkJsRHZUOUxPdDg4YTkyajB5aTAzX0VNYVZRQWpqa3gxVzFlaGNrY2NNSnFGZFRoSFpadWRjdw?hl=en-US&gl=US&ceid=US%3Aen,TRT World,19 hours ago,🇹🇷 Turkey Drones,https://news.google.com/api/attachments/CC8iK0NnNVJkMEZRY0hGdGFIWjNhR0pFVFJDM0FSaVRBaWdCTWdhSmdaSUl0UWM=-w200-h112-p-df-rw,2025-10-21T06:42:14.209394
Russia says seven Ukrainian drones destroyed overnight,https://news.google.com/read/CBMiiAFBVV95cUxQZVlZWEZ5ZWZqRUVyQU9vdzFGdWZEZV80ZHoxeE1HelpWaWtQb0VCby0yYnRaZHFTNHpBQ3NlM3VFeGMwX215aUpqdmpTbFYyd0hvVjh3T09zQkFnR2tCeHpjX3hfNWRwd1U0TmZVcE9EaHVmdmJfTzVVeXhWbVFhc1pZTW1fWG5l?hl=en-US&gl=US&ceid=US%3Aen,Caliber.Az,23 hours ago,🇹🇷 Turkey Drones,https://news.google.com/api/attachments/CC8iK0NnNXRZazlqY1hwMVYweGhkMU5KVFJDekF4akJCU2dLTWdhWklwZ3BFZ28=-w200-h112-p-df-rw,2025-10-21T06:42:14.209396
Windracers recognised in UK Government and NATO announcement on drone production,https://news.google.com/read/CBMitAFBVV95cUxOOHhVSXZ4dHVqbTBXVUNHTXBhb050UmtDSGpuWjBFemVfeU9wdUxoc191ZWd1ODdnSGtwRkhHc3p4U3JRbENwcUxKV29naGFSaThqaDhWOFZXNWFnT2R5aUcyVktDTGN6NDROSlJURUc2T3lTTS11NTFOMXl3ZjRVRUZWVFF3ekRFamxRbG9yQXJNS05ZS1RWUWVTWVFwWGw1NVFfeklRNFBFNmpWNkoyUGx4WEs?hl=en-US&gl=US&ceid=US%3Aen,sUAS News,15 hours ago,🤖 Autonomous Drones,https://news.google.com/api/attachments/CC8iL0NnNHhSbVJpZFRSb1pWTm5iRTExVFJDeUF4akNCU2dLTWdtQm80WkkwYU43cndF=-w200-h112-p-df-rw,2025-10-21T06:42:14.209398
South Korean startup unveils high-speed interceptor drone,https://news.google.com/read/CBMiiwFBVV95cUxNdGJxcU1LZk16aVdWM1hzTXBkckt0Q0toLXBQZVZ6OG5sRjY5LXhURFlPVEgzeEUzOWlmYndsZ2t1ZjhRaFFCZVFNWVN3ZkFlb2xFSHE4eU5yOUI4RTA5M05yYllfNHM2elJGUXRKX3RMZXJiXzBCZ3dFdFVKS1V4V2VlU050ZGdXeHVv0gGQAUFVX3lxTE1kU2VxQk9RNUZwX3hRbTNMb2hIWmlMeDJ0Q2lCVDZZN0E4X2FQcU92MWl5U2ZFM1VIYUdJUzg4Y01kTHhITjhMdnJFZFQ1UmlZeUlxNm52OTR3MDNVMFlfS2IySkpsNzVNSUs3Y3pBTGozSEJqQkhEVmpqaWxQN3puQ2xmSl9vWVFYM0o0SlZjTw?hl=en-US&gl=US&ceid=US%3Aen,Defence Blog,18 hours ago,🤖 Autonomous Drones,https://news.google.com/api/attachments/CC8iL0NnNWZha0ZUUmpNd09HTnlSR2x4VFJEZkF4aUFCU2dLTWdtQlFvRHFwV1ZVTVFF=-w200-h112-p-df-rw,2025-10-21T06:42:14.209400
Beyond Obstacle Avoidance: What First Responders Must Know About Drone Operations Over People,https://news.google.com/read/CBMihgFBVV95cUxPVzNZczI1TzhLSzJVaEdVenQtQUJlWldXM215RTFhSHdTMzh2WDlPRVZFQ1VPTVItUzJRdDA3eHhJYVdLWWRjamRvRlBOajFMVnM0UjlicVU4M2dhU0dfMzEtLUJyZm1ZeVlDdFExZnJsOExiVW9MVzNMeWVLV3RUZ2lHU2pGQQ?hl=en-US&gl=US&ceid=US%3Aen,DroneXL.co,12 hours ago,🤖 Autonomous Drones,https://news.google.com/api/attachments/CC8iI0NnNUJTMGh3TTJJdFpFRkpUbGhaVFJDZUF4amtCU2dLTWdB=-w200-h112-p-df-rw,2025-10-21T06:42:14.209404
"Fincantieri, Defcomm link up on autonomous naval units and surface drones",https://news.google.com/read/CBMisAFBVV95cUxNX25lTU9McVc0ZHN1WTNoa1BWMmY2Z2UwTHVzeUtNZjVxZDZseXIxVEYxYzFqZHZsRUZIdm5fb0ItcFl0V2NkSVBjQ2RZX3hvZUVKWWZXNU5KN2oyOG9jYkk5T3JCOGlBdmQxYndUYWpiVmZuYkJoci1rMU1kU3MyaXJtVEJIYlM3c2kyYkoyVVZSa21UcWxCcE1RVEdxMjl4LWtvSGZmZTBuMEYyRmtQWQ?hl=en-US&gl=US&ceid=US%3Aen,Naval Today,21 hours ago,🤖 Autonomous Drones,https://news.google.com/api/attachments/CC8iK0NnNHdlWHB3VkRWTFgxa3hOMHRuVFJDZEF4am1CU2dLTWdZSkU0RExGUXM=-w200-h112-p-df-rw,2025-10-21T06:42:14.209406
Tomahawks Won’t Bring Peace: The Harsh Reality of Ukraine’s War,https://news.google.com/read/CBMinwFBVV95cUxOQXFpbnVDUFdZR181WFlaMUV2M1l4NDB4R0htWHlfdDhkRTZ2RjVWYWh0YmJwaEg1a1NiUjhLREFDczM3dV9LYjl3djJPd3Z2MUtmQ29iOEFWOXphT2R6bEhGRUFEdnMzWXZfZGhNeXdXS0ZYNUtJVk5OT1VFUzJTSUl5N0k3NnFVQWJNSnBSN21KMng5NkNmX0pmZVRLWnM?hl=en-US&gl=US&ceid=US%3Aen,EMPR.media,11 hours ago,🤖 Autonomous Drones,https://news.google.com/api/attachments/CC8iI0NnNU1iREJtUjBSeE0yUkhNUzF1VFJDZkF4amlCU2dLTWdB=-w200-h112-p-df-rw,2025-10-21T06:42:14.209407
Spanish drone developer Fuvex raises €1.7 million to fly high across Europe’s inspection skies,https://news.google.com/read/CBMiygFBVV95cUxPQ3JVLWttQTFRbjZydDUtc0hQVGpFS3J0a2JrdDdIbE5nODV6S3RUMzAwamhlazlNTmtlRjBraUxfcWplWnpfYmFfSW1ERllmSEo1NGNtZFIyUFZuZFB1NUZ6eG5OekpVQTJxVWRvb2lZRnFKUGN0QzJ4cFBHNl9nNFlJRml2dFVBWlN2NHNKeXpvdTZRa2xCODNmWDl4YVhmOEozNzVSWkhIMFhYUy12R251ZlhpZGVsTTZ2S2RfMk9NOWtYMHBhZUNR?hl=en-US&gl=US&ceid=US%3Aen,EU-Startups,18 hours ago,🤖 Autonomous Drones,https://news.google.com/api/attachments/CC8iK0NnNXFWbFZFVGxacmIwMVZibTVCVFJDcEF4alNCU2dLTWdZNUk0NHpsUW8=-w200-h112-p-df-rw,2025-10-21T06:42:14.209409
Parrot: A High-Risk/High-Reward AI Drone Opportunity In Europe (OTCMKTS:PAOTF),https://news.google.com/read/CBMipAFBVV95cUxPNEVHRjgxNGZOVkY0WlpETF9GM2I3UmJZRWU2UG5MaVlnZWFySTFkNTRtdlY0ODRhSkoxdDU5MnZLUUpzQUp4QVQ5TWp5a09rLWNpWUNEZ2RFbWFtLS1PYmR6R0hudUVWSi0zV0RfTjdGVWc4RVg1OXBsSGRxR1VQUTQyU0NZVXM2YXpVNEtTdDV1THhqaUVsQ3IzZ25QUE5hMHpkRg?hl=en-US&gl=US&ceid=US%3Aen,Seeking Alpha,8 hours ago,🤖 AI Drones,https://news.google.com/api/attachments/CC8iK0NnNXVSbU51WlZaVU9XOXhTazFqVFJERUF4aW1CU2dLTWdZTlFaTFZyQVk=-w200-h112-p-df-rw,2025-10-21T06:42:14.209411
Local police are looking to expand use of AI-powered drones,https://news.google.com/read/CBMijAFBVV95cUxNMkk5LTFtQXNKSlhVX2FScFNySkt2VHVvMXgtWmVxLXo4V1ViLTd5OFpGenNHd1c5ajdNanl1TWZadHNpNV92SEE3azFuT0VTa0JnR2lOWnBCYmJyY2VybEY5alZoUHNHWXA4XzlxUkI1YWFYemVGSFprQWJIRUw4QXJGNk1jV1V0WkhONA?hl=en-US&gl=US&ceid=US%3Aen,Axios,16 hours ago,🤖 AI Drones,https://news.google.com/api/attachments/CC8iK0NnNU9aazFyZVdFek9WTllOekIxVFJDZkF4ampCU2dLTWdhUlVvaXRNUWM=-w200-h112-p-df-rw,2025-10-21T06:42:14.209413
Airspace Concludes Successful Sixth Year Supporting San Francisco Fleet Week with Advanced Drone Security and Airspace Management,https://news.google.com/read/CBMi5AFBVV95cUxPMnNyMFhicFZ4REJEM1NQeHZBV19yM01QUWJta0tHckRBeS1ZV3NJR3NhdThvbmlheUhGdWxHQzVJd18xWnpMQ3o1aG9Qa1RRd3lrWXRQWGZBRkZnaXJhMFFsZ05PTjNYeTRPVGJBWkNzRURyQTh4LXpuZTNtSUExMWZlTVEtYTZZQmJES3VCM1ZUREVTbWpUOTBPOUIxZmN4b2NLVFltdnVaT1ZhNUw5ZmhNRVItWF8yZnNjTFdBSlhQai1ncHpFbzRmMWdLX21nN1BiV3d1YzJoX01VRjdxaFVUbXQ?hl=en-US&gl=US&ceid=US%3Aen,The AI Journal,4 hours ago,🤖 AI Drones,https://news.google.com/api/attachments/CC8iK0NnNU1hVEE1VlVKMlkzTmlhVFJIVFJEU0FoaVFBeWdLTWdZSmtZQUw1UUU=-w200-h112-p-df-rw,2025-10-21T06:42:14.209415
Transforming Projects With Future Bylt Technology,https://news.google.com/read/CBMi4wFBVV95cUxPa0lyNkFRR1BzcFdUX3ZzeXp0ZzFrdlVIYWZlWWk2MlZZY3phWG1zdmktalZXTk0zdTd6NFozZzFrQklzZzZkR205S0ttSjVKWjhGeFpURGpGNG0tNDhPOHphZGh5TjlTOGVKb01VdlF4dWRUaklPaVFYMzlqT0NhaTZxMjdjdElia0ZUUmRpMW54ZURfazhQUjNKMElaNmFzV1B6YjlXTlBzMENHOUdsdHRrZzlvSDAtWVl1eG5VTVBLVHJvbng3R1RpMGVjenl5aEU5ZnZheEd4QjYxdXh3Nzh6Zw?hl=en-US&gl=US&ceid=US%3Aen,Gulfshore Business,15 hours ago,🤖 AI Drones,https://news.google.com/api/attachments/CC8iK0NnNU9UREZKZW10NlVUVkRabFpvVFJEaEFSaVFBeWdLTWdhWlFZcXFvUWM=-w200-h112-p-df-rw,2025-10-21T06:42:14.209417
"Safe Pro Group (NASDAQ: SPAI) Has Processed Over 2M Drone Images and Detected More Than 36,000 Landmines and UXO with Its Battle-Tested AI Tech",https://news.google.com/read/CBMipAFBVV95cUxPSi1UVzZYZ0o1d2FnUVhxVjJsYjZiQzBJa1NwdHpIaGQ1Z2RwQWl5V2hCRWpEbWlLV0ltNjc1b25kbzRSTk1EX3VmR0IwLTdLQ0Q2dGNVOE1LMDBST1BOT0hpaUpVejAybjBGM0NKMXpQbkt5OHUyU2N2anRtb09aS1AxMGt1VGdUVEdsNW13SU5ya09HSXY2OUNKbjJ1bGtOUDRhdw?hl=en-US&gl=US&ceid=US%3Aen,Digital Journal,9 hours ago,🤖 AI Drones,https://news.google.com/api/attachments/CC8iK0NnNUxSMFF5VVdGSllXdDBOM1kxVFJDaUF4amRCU2dLTWdhbGxKU3R0UVk=-w200-h112-p-df-rw,2025-10-21T06:42:14.209418
DGIST Announces Anti-Drone AI Technology at the World’s Leading AI Conference,https://news.google.com/read/CBMiuwFBVV95cUxPOEJGSlJJbFJUbUc3T2p3T3BEN0x1cHduSkZiSjFNQWMtcF82b01nTHFKMlFiRDFJaUgtYmZUTVQyWmUwbXZHd1lfWUVMWDJZWklMTm4zYW50ZjRYUkMtOS04ZDRqaDlabFBycU5vU2ttdWxxZGM1Vm51eDN0MFdIMHNXQkFRNklvUkZJMGpzV1VSdUhPV3N0LUJJaDh4XzU5bUV0WjVQX3lrQlBQTjdLWkdtdHJ0T1U2dXdv?hl=en-US&gl=US&ceid=US%3Aen,Asia Research News |,21 hours ago,🤖 AI Drones,https://news.google.com/api/attachments/CC8iL0NnNVhSbXhHTVhWSVpGWmFVMjk0VFJDZkF4ampCU2dLTWdtQkVZWXFGYVM0YVFJ=-w200-h112-p-df-rw,2025-10-21T06:42:14.209420
EMSE Public Dissertation Defense - Bong Gumahad,https://news.google.com/read/CBMipgFBVV95cUxNRTFhYzFkRU9pR1FkQkRQeE93LVhqY0t3dWlVNHFaQWRfWE1wdUpJYWgwOHhjMk9BQlpIYVBLX2ZoNHFUZmFmV3VzY3k2OW5lQXlyTzFxR1JqNXpXX1JuQ2tZTmt4eGVWZ3ByTFZ4YmRZS05UVlJ5dENNbHMyb1BGMXVoS1JfNGd3LTVwdUtLOThKVXc3d0NMbHNiVGItOEI4RjBRZmN3?hl=en-US&gl=US&ceid=US%3Aen,Old Dominion University,18 hours ago,🐝 Drone Swarms,"https://encrypted-tbn3.gstatic.com/faviconV2?url=https://www.odu.edu&client=NEWS_360&size=96&type=FAVICON&fallback_opts=TYPE,SIZE,URL",2025-10-21T06:42:14.209422
500 drones set to swarm near UNO Lakefront Arena Saturday for choreographed aerial show,https://news.google.com/read/CBMilAJBVV95cUxOVzdiWk80ZXVPS2ZpRFNBYTlmODJ6aDBwekxidnpRWU5mYWpIMGx0eXpaNGlSbVBITmhNNmRneGlLb1JqZjAyS3FDcjAwb001ZUtSQzVVY2d6Zzk0TEtxNEdCbnFQT3hCUTRFeHlZcXcyM090NnJxR09VSnh5N09CMWdpTmhoVHhxaFRHZ0ctSXhoWndJc3gzVUVkVkZ2bVdORW5JVFBvcGs1OWVZd1N3WXFoaGRRZ1lyZGM4eVNPS01DOHIzdlRVSklrUlRLZmJ6ZDZkMkZBVHU0WEJEQ1pfRkhydWI4bU5uM2FPMGxkeDRNUVBWT1F2ekF3OWNBSWY4a1Y4ZTFCcDFtdVkzaWRjZ2Z0VVTSAZQCQVVfeXFMTlc3YlpPNGV1T0tmaURTQWE5ZjgyemgwcHpMYnZ6UVlOZmFqSDBsdHl6WjRpUm1QSE5oTTZkZ3hpS29SamYwMktxQ3IwMG9NNWVLUkM1VWNnemc5NExLcTRHQm5xUE94QlE0RXh5WXF3MjNPdDZycUdPVUp4eTdPQjFnaU5oaFR4cWhUR2dHLUl4aFp3SXN4M1VFZFZGdm1XTkVuSVRQb3BrNTllWXdTd1lxaGhkUWdZcmRjOHlTT0tNQzhyM3ZUVUpJa1JUS2ZiemQ2ZDJGQVR1NFhCRENaX0ZIcnViOG1ObjNhTzBsZHg0TVFQVk9RdnpBdzljQUlmOGtWOGUxQnAxbXVZM2lkY2dmdFVU?hl=en-US&gl=US&ceid=US%3Aen,NOLA.com,16 hours ago,🐝 Drone Swarms,https://news.google.com/api/attachments/CC8iK0NnNVlkRGRKYWtSdWNEbDFSbGxYVFJDcUJCaXFCQ2dLTWdZZFZvQXFKZ2c=-w200-h112-p-df-rw,2025-10-21T06:42:14.209424
C-UAS Series - How AI & High-Powered Microwave Can Counter Drone Swarms,https://news.google.com/read/CBMipgFBVV95cUxQNmo1NWMtTWFla3RsaVZEdVo1ckZOSkhWVnVYR29IbEs5ZjFZbnlpc1B6c2YxRUtzbXRDb2RnQzZpTFUyUlJjbWtwdElpcF95WDJWN3ZEcnYyeEFWb0x2WVl6S0ptaDFpQUozYU81bTlBUTdlTDQtQm41NmNFbmJCMDYxSVJZV3dabERkVDZaa21HeHV4b1diU2FNT251Z2wtMl9vaUZB?hl=en-US&gl=US&ceid=US%3Aen,Warrior Maven,13 hours ago,🐝 Drone Swarms,https://news.google.com/api/attachments/CC8iI0NnNDNRMkpJYlcxd2JYVmFlalZTVFJDb0FSaXNBaWdCTWdB=-w200-h112-p-df-rw,2025-10-21T06:42:14.209426
Unidentified Drone Near Spanish Airport Halts Flights in Palma de Mallorca,https://news.google.com/read/CBMiugFBVV95cUxNeE44Y00wUjVwTUo0WDFJeXNBN0RfNDREMUpmNTJpWHZEWS1uZHhLNENPVjZIel9xa21yTmg4QzJZUGNvTkpnRDhONXZkdmhUUUd4eHNhdUwxUWRjck8xdHM5SWpaVDlyXzhHaE1IcHFVajNlcjJ3cTdMZHFuQkxKT2kzN3JvTUY5dGR2dnViSm0xblFNZjAySlhCeERteDRBSkV2X3VCWEIydTEwNm50SVBSMUpoeTdYV3c?hl=en-US&gl=US&ceid=US%3Aen,UNITED24 Media,19 hours ago,🐝 Drone Swarms,https://news.google.com/api/attachments/CC8iL0NnNVVjemRmVjJwbFRsRlVha2RKVFJDOEF4aXlCU2dLTWdrQk1JSUMyZUlPNVFJ=-w200-h112-p-df-rw,2025-10-21T06:42:14.209428
India Drone Technology 2025: Unleashing a Powerful Revolution in Agriculture and Defense,https://news.google.com/read/CBMieEFVX3lxTE9uRkZsM2huTEVRTlg5N1ZZbzZrVFkxTjF0blEwWXdreG4wT0tQR0lXdlZEcVM4NDltTERUbXFWc1ZOREtSZ016R0FVVEl1MXpLQzZ1Yld0bktqT1BicklKS3BMVmR0U3lCeEJYUkRvVGFtU0FIWlRjMQ?hl=en-US&gl=US&ceid=US%3Aen,Techgenyz,15 hours ago,🐝 Drone Swarms,https://news.google.com/api/attachments/CC8iJ0NnNU9SbEE1TVdnMVZuVXRSblJOVFJDZkF4ampCU2dLTWdNTk5Cbw=-w200-h112-p-df-rw,2025-10-21T06:42:14.209429
"Source of 'UFO' panic, drone mystery claims responsibility for frenzy: report",https://news.google.com/read/CBMimAFBVV95cUxQa0dSaU9SNzNjeFZwUER5dEd1WWt1dHJfWXRYZ05ENk8wNkxodG5uRkRkallYT3V0bGVuQWNzc2pheFJvX3J4Rm9keVhuWXlTZXQ5WEFjaGVDU3FMRjMxRjlDTVBIQnhOVy1Vbk0wTm01eHpKaW5GLWUxQmllS00wN2RNQmFxWVFOVHJiZWRfclZmaEZDV2JqNdIBngFBVV95cUxNbS1LQk1oS2xKYkV0Z0RqSERMNDJXWW8xZElHdXJvdUpKOEVmVGtNVmNsckFlbE16a0ZROC1QdkRjS0NQcm9jXzRVUHd1R2pzZVBIOEZhNVhTWkM0UTI1bUt6SmxxYnVSVFM1UkRtb2k3Y09zeFpJb3N2MU1GeG1JY3Fwbi0yMEFfLUQzbjhXVU0zWUI0bzdVN2k3Q2JvUQ?hl=en-US&gl=US&ceid=US%3Aen,Fox News,13 hours ago,🐝 Drone Swarms,https://news.google.com/api/attachments/CC8iL0NnNVNWRU5XT0UxdU5WQkJkMnRPVFJDZkF4ampCU2dLTWdrQkZJaHdrZXVoRkFF=-w200-h112-p-df-rw,2025-10-21T06:42:14.209431
Cohere broadens OTFS reach with Pulsone,https://news.google.com/read/CBMinwFBVV95cUxQVzBvM3hjVjVqS3dMVDd3aWdsUElrdjBEWERXdU5leUFxanJWVi00dm9Ha0sxckJWcmQtTDFfNnRiODJmNXNtQmNIRXA5eVMzVGx4TUNRTlJOaFQ5blhCQ1pJU2J1ZnBLWEJISG1XUTlrWDgtNS14eGQwU2lEQm05RkRobTY0dnQyMDRNQjVIT05hZzYyWHJkSXdvMndNRTg?hl=en-US&gl=US&ceid=US%3Aen,Mobile World Live,17 hours ago,🐝 Drone Swarms,https://news.google.com/api/attachments/CC8iK0NnNVBhMjAzTFRoUlZXUmtWWGhqVFJDUkF4aUtCU2dLTWdhSlJwWnBKZ2c=-w200-h112-p-df-rw,2025-10-21T06:42:14.209433
Missing person from Tolland found with the help of drone technology,https://news.google.com/read/CBMihgJBVV95cUxQa3hYaWFLeHQ5MDBXNG1OcXNNemxRYVcxMlJkeUxHeFFuY2ZEWm45RWFGTm5Ra1BfTnJVTUVqSFRhZ2pHYWtLRTV6Y3V4NFAxMXh0eEJ4Yl9rUGtsQjk4R213TWZBTHBBbm9MYkhBeklWeE5sZ2g3dTAzNjNYbjlCSlc0b0lkb19sZVhuZEtWTHQ0dTdjSUhhVW1aMzV6RDloTnIyZHVYUUphZERZaE05WTNfU29ubmtIcjRCWnF2a0VLRVlfQkV3MjZhYkRYYkhNUzR0RHpOSTlCQzFXNzlPazlnYlN2UWZiWlh2WThaWndKUHNtNm95TXl1eTJZQVMzX09jSWJn?hl=en-US&gl=US&ceid=US%3Aen,fox61.com,3 hours ago,🔬 Drone Technology,https://news.google.com/api/attachments/CC8iL0NnNDJPV0pRYzJGblFXUXplalpIVFJDZkF4ampCU2dLTWdtQkFveElEcWg3a0FF=-w200-h112-p-df-rw,2025-10-21T06:42:14.209435
Buy 3 Drone Technology Stocks for a Stable Portfolio in 2026,https://news.google.com/read/CBMiwAFBVV95cUxNbVNvRFIzODZnSXpHX0w5YkRZVi1hY2RmZThkR2lCYnVCRUJYSDVjLVBmRmpNM003RVV3MnBhQzEtZ3JpcHpqUFZ1UWJTeXZxdGdiRzdsLVk2MDZ2MVpvUmZpS2RyR0MtV2p4UDJZNF9mdkMzTE5XMkUyZDZmRXNFUzRjT3BDTThyWW1zWmJjTlNLWGt2WDdGQVdjbU52T1ZEaF83ZHpYa3g3X0lWWE1ZdEFCVGpNSmp1anF0b1NHTEY?hl=en-US&gl=US&ceid=US%3Aen,sharewise.com,2 hours ago,🔬 Drone Technology,https://news.google.com/api/attachments/CC8iL0NnNU5kMVZvZDFnNFVFOHdRbGhwVFJDZEF4anNCQ2dLTWdrQk01aFJvYW5RWmdJ=-w200-h112-p-df-rw,2025-10-21T06:42:14.209437
What's the best way to detect and destroy drones?,https://news.google.com/read/CBMiWkFVX3lxTFAyUUlnOHpBa1NlRG53Y2plUV9mRmpmMFk1TzQxREs2b01ab0pMQ2ZsR1llZWZNMkpPQ00tNF9IaFU2czk0bmFKNVlRa3VTREIwencxVlJXOGRBQdIBX0FVX3lxTFBFR05neHU3RjZxNnhpcUtmcHY0T3hqdkk5Q2I2VTMzZXlQcGtDR3ZnUnFmMlZVUXRfeHRsREdINFNpU0JueFNXWEd4OU85LWNKdVVrMDJsRV9UcDJ0bFVF?hl=en-US&gl=US&ceid=US%3Aen,BBC,7 hours ago,🔬 Drone Technology,https://news.google.com/api/attachments/CC8iK0NnNUtSamQ1TFc1QlZqVnlaRUpDVFJDZkF4ampCU2dLTWdhcE5Zak5JUWc=-w200-h112-p-df-rw,2025-10-21T06:42:14.209439
Edge in the sky: University to lead conversation about the future of drones,https://news.google.com/read/CBMiaEFVX3lxTFBtQWVmODhEXzVmTEt3dEVWUFJFMk1DcWM5dkxFdTJDV2UwNFpsRmRGRHZEQlNaTHR2a3liVFNvUTEteFBHTjlYaDYtS3gwZGNVVk9QeWtuUHdodm91VkZDWElIc0tNU0VD?hl=en-US&gl=US&ceid=US%3Aen,Virginia Tech News,17 hours ago,🔬 Drone Technology,https://news.google.com/api/attachments/CC8iK0NnNU5NSFZCU2xsUlZXeFJlV3BrVFJERUF4aW5CU2dLTWdhaFpZek5xUVk=-w200-h112-p-df-rw,2025-10-21T06:42:14.209441
Versaterm Partners with Vantage Robotics to Integrate Blue UAS for Public Safety Operations,https://news.google.com/read/CBMiwwFBVV95cUxNSkVVYlJEb0ZLSk1YbWdwempkR2oyT3llVU53dHUzTHpORzBIT1lxbE1JOFpvTXVuWUEtUEtvdG9HUk5pZE9BNmZLV19Vb0J3d0JJbTlHLUR3U2pwUnFMSTFRa0Y5MTdPc0pVRTdDTmxoV1lNWF9OY3VGUWtCSHg2cWpXRF96RC0zRi0wU2pXS3RzX3RDaVVvenRHSmp6WTRBQ0l1TUVNLWdmd1Jadld1OFRjQUQ5cW5iYXZRMk9BV0htamfSAcgBQVVfeXFMTndCMVpuYUFQeG1TdHVtN2s4eWpDUzFhQlRrSWU1WXc1Y3dMX1RTTEg3TFNxMXNSaDdxUml5blVzTlFxX1ZCV1padDluN0Zyc3RDTGhZWHBoYktlQmZSWUdENTQtNGFZN1hnakhkSjNLZFBWRDkyQ2JHN3I4NW1rRTVDbUN4RGJNbXkyb0dmNHpCaGZYci0waElwel9HYUN0LWhVbEU4VHhVWFBmcXBYa0RrcGJWRWpwd2VoZjJkemZxcER5Y29fQWU?hl=en-US&gl=US&ceid=US%3Aen,Dronelife,14 hours ago,🔬 Drone Technology,https://news.google.com/api/attachments/CC8iK0NnNDRaMUZ2UVhkMmIxTlFUMWxJVFJEbkFoalZCaWdLTWdhZFk0eXNxUWM=-w200-h112-p-df-rw,2025-10-21T06:42:14.209443
Man arrested for firing gun during Southern University homecoming game,https://news.google.com/read/CBMioAFBVV95cUxPbkctQWRsaFBnRnBabVlYOGtLcWVKRmt2ckgtbjlGWGhpQ2tCWF9vbDdRRzE3MXJzVzl6NEI2OWFybkVmR2xUbzdVUUdsTFFmXzFDc3VRWWZFWExOSVg0bl9lYnhQd0xnWkxtdWd2UHl4eG1VYkJlaHV0UVBhTHg2Q2h5RDdzOGQxMEExWTlzOUl2eURlbE5FZ0hfalRVZXdq?hl=en-US&gl=US&ceid=US%3Aen,WAFB,9 hours ago,🔬 Drone Technology,https://news.google.com/api/attachments/CC8iK0NnNVFRVEJOVmxOUVQyaEhjVmRmVFJDSEF4aVBCaWdLTWdZbFpvenNNUVk=-w200-h112-p-df-rw,2025-10-21T06:42:14.209444
Police Conducting Drone Training Exercise In Greenwich Monday: Details,https://news.google.com/read/CBMiqgFBVV95cUxQU2VrSnNJVFVhM2dWTEI5c2Y5dXEtUmltVm54c0xQZTNUTWF4aEN5c3JYX2s3UXZLU2hvNkJMSzF3RkRFYVhNVGZkbk1xY0VrNXlmSWZxZDV0ZE5UaVUxaC15UkVpcnFUVFFxeGdaWllmVTJ5QlNZR1NHY3d3YmZlTGtQTVJud0VBYnZRa3FlMlEtdWQzSDhYR1lSdGZpdmF0d2VSZnc0aWMxUdIBvwFBVV95cUxOUFJGUUxHdGlJei1sdEpnLWl4WTU5TzJNeE95VjhMVXludHRoRm9pSFB1WTVZWmN6NnV2a0dFX2tVaEZIWGhqOF94anh4VEUyMDVESm9MazZQbGptdGdjZEVwM2NpaHo1RGphMmxGQTU2cmFBZnhjVE00cWJkMGhPbVptOGhvZUNYMm1HV0FhZ0Q4SHQzQ0V4N2FEM0tGVjFsV3NhRUs1NGF0cEhJR2hVLUYwQnNFZzhucHJRemhMWQ?hl=en-US&gl=US&ceid=US%3Aen,Patch,9 hours ago,🔬 Drone Technology,https://news.google.com/api/attachments/CC8iK0NnNVBOa1pOVVZZeWJIbDBXR2hyVFJEZ0F4al9CQ2dLTWdhOWNwZ1NLUWc=-w200-h112-p-df-rw,2025-10-21T06:42:14.209446
"If a drone is flying over your Georgia home, can you shoot it down? What the law says",https://news.google.com/read/CBMivAFBVV95cUxOOHM4MU5IazVWUHdxcW9hcDRMcDc0Qk9tM0JPS0Q5RVhDdHFsWUQyVmJ4U3NPdFZ3X0dRMFRVaXRfdVE5Z3gwNVJiTXRfcVZ2TWtRZWVBN240TGt0ZUpKX3AxZGdISVBFZGRSRmxrekt6VjVYV05PclFzMy1PSDJSdHk4UnpzMjJaa2ZnSk5XdlZXd1p3QVltVC1qTFlGS0JMaGV3SGljTm1hRVQ3VldhQVQ4RHAzWTc5WmVQTA?hl=en-US&gl=US&ceid=US%3Aen,Online Athens,1 hour ago,🛩️ Unmanned Aircraft,https://news.google.com/api/attachments/CC8iK0NnNUlVVjh3ZG1KeU1VMDJVbWcwVFJEekFoaVVCU2dLTWdhQlVJaTRuQWc=-w200-h112-p-df-rw,2025-10-21T06:42:14.209448
"Three arrested in latest attempted drone drop at Washington State Prison, sheriff says",https://news.google.com/read/CBMisgFBVV95cUxOa1pvVTZEQjhlTXZhMHhHbkZyZ1MwNFRobnlEWi1oXzFYY2pOV05sREZXZTZjNUtTQnh6QktucTVOcm1JTEpNTWtsRW1ZUnNjYU9sRjdmTXRzQlhvbTFwRUE3SnJIeVJibWFoaGRScjNvY0VKSWtCRzZjUnItNWRacERMWG84YTFuR29KMTJwVERUcG10N2ltRjVYcGUyVDBXbzlVWFR6TEIwM1hqU1ZyZUJB?hl=en-US&gl=US&ceid=US%3Aen,WGXA,7 hours ago,🛩️ Unmanned Aircraft,https://news.google.com/api/attachments/CC8iK0NnNTZlbXc1TlZkU1NITlVhRzF2VFJDZkF4amlCU2dLTWdhQm9JeUV2QVk=-w200-h112-p-df-rw,2025-10-21T06:42:14.209450
Korean Air unveils new unmanned aircraft,https://news.google.com/read/CBMihwFBVV95cUxPS0dlVkJ2OU5idGlkU2RRQ0RIdElhMjA0UFdJeUlJTXowVy1ZYmJHMG92Yzg0ZTVKNVkxV2JROVdCakZVVGVpcWR4MHJYTjBZb0M2QmVDN09hd1NaV29VaW1DV2FvSno4LS1JcENRczI1ZDhEQXNGU2xOR3F0VGt0bUtIMlMybjg?hl=en-US&gl=US&ceid=US%3Aen,Asia Pacific Defence Reporter,7 hours ago,🛩️ Unmanned Aircraft,https://news.google.com/api/attachments/CC8iK0NnNXRiakpyTmtWUGJtbEJiakJQVFJDTUF4aUdCaWdLTWdZZEZJcXRrUW8=-w200-h112-p-df-rw,2025-10-21T06:42:14.209452
Community concerns keep proposed Syracuse drone program grounded,https://news.google.com/read/CBMinAFBVV95cUxPSWgxcWxEQjUyWVFsQ2V5d0psRTFfMkF3U2JLTzk1R29vNVRyMHJnUlVWQV96LWRWczFEUkYxSHpDWmRHZEZ3clBkNGxRZlg0SE1YQzV1N1dROERtUHJwMW9SbE1hLUFVODdxT2g1Um1HNkpOVERIbmdWYmlIN2g5cGdPZUdOMndMNUExMFRZakxrSENGcjZZeTlnRXA?hl=en-US&gl=US&ceid=US%3Aen,Spectrum News,8 hours ago,🛩️ Unmanned Aircraft,https://news.google.com/api/attachments/CC8iI0NnNVVUMEo0UVRkZloxWndURlpyVFJDb0FSaXNBaWdCTWdB=-w200-h112-p-df-rw,2025-10-21T06:42:14.209454
3 charged with flying drone during suspected contraband drop in Washington County,https://news.google.com/read/CBMi6wFBVV95cUxQM21pNnBWSXBzU1R3Rlp3WHdPRmlpQzdYUFJDLWMxNFlCcnBjZVVqN1RZZzM4a19vaDlKZ3ZudWljQnF5RnZJclRudmU3NERrR25wNG9Db1hVQ0EwUlZHV241ZVZXZFJTRG5rbFRQX2RtWHpqT0V0WXN6eUNCLWZxVG43UGNQRHVmSW1Wc3FaOVRQa1ZzTkVseTZoUmVoRVNlUldpUTRJXzBHTzhTNTZaU1l1ZGQ1RHFMeVUxcmVMYlFkejl2ajVjelhZTm5vY3lqQW9scUlHWEg2dXZDWmNvMjVhTTJoRUtqa3Iw?hl=en-US&gl=US&ceid=US%3Aen,13WMAZ,11 hours ago,🛩️ Unmanned Aircraft,https://news.google.com/api/attachments/CC8iJ0NnNVNlRTFZZUVFNVQybGhjbGhOVFJDZkF4ampCU2dLTWdPZEV3dw=-w200-h112-p-df-rw,2025-10-21T06:42:14.209456
The EU ramps up drone production and will build a large-scale anti-UAV defense system by 2027.,https://news.google.com/read/CBMisAFBVV95cUxPNEtjZFkyYWNhUGJzYzVkcGtOMExoVlF1UEp5Vkw4VThya2JkWklnbWdPa0JjZ0FLU3hwVTBCblhNQTk1d19nTHFfR3ZCeTM0TmFBcTV0dVpHMnhpZ1QyLWYwR3htcDBPdEg1NFdLQU1LSkdsZ25PelRfZnYzdG15T25uaHdaY1lOR3NpZEtnaDdsR1JWdV82a0ZtN0lvWks4ODk2WW9uOXhnaWl2clladdIBuAFBVV95cUxNMVhYaVpVMmtpRWNka2d4Y3pGLVhfb0JxZV93bmNsTmhBVUdjTXFrbU83WTFGSTFHTUR5OXo2SFFOMUxXUUZBNGN4TDRYRU8yZnI5dkYtUmlpR2FNOFY1ZUZjakstUndqQVk4bkNHclBnUVl3dDBHT0dzNjdmTXpSVFc4LUJ3cGg2ZlE5ekMxMWJxTTNOanlDMUFzOHVUalZBOVkwaTdReHdRSlJzaklzYTlqZVhicDhQ?hl=en-US&gl=US&ceid=US%3Aen,ubn.news,8 hours ago,🛡️ Counter-Drone,https://news.google.com/api/attachments/CC8iK0NnNTJObWxIWmxrMGRqUmtSbGhMVFJESUF4aWdCU2dLTWdhQnBJSnFWZ00=-w200-h112-p-df-rw,2025-10-21T06:42:14.209458
Germany Is Counting On This Tech To Solve Its Drone Problem,https://news.google.com/read/CBMidEFVX3lxTE1QQko4eVl0RVJHOTZubnFoUGpGUmF1TEM1V0lDMGc2VEFqNXZfdnEwYS1reENnQWcyMFdBOWFhVFJ0M3psV2pkZmZ0TWFpWXljRkRQczVEemlqdG9JcndKS0NCaVNqcUhOVHdDdGxuSWpucU5y?hl=en-US&gl=US&ceid=US%3Aen,SlashGear,16 hours ago,🛡️ Counter-Drone,https://news.google.com/api/attachments/CC8iL0NnNTVVRmhPYVVaa05qUmtUM2t4VFJDZkF4ampCU2dLTWdrTkVZRHlGS2xVdUFB=-w200-h112-p-df-rw,2025-10-21T06:42:14.209460
8 European Defense Tech Startups to Watch,https://news.google.com/read/CBMib0FVX3lxTFA0RHY4eXNFN2c1ek5IcG5ZeC1LMlVJREhwUzlGS2dLYnRhWlBNU0g1QWxubUItZDdIbTZhRmt1TFN3YkZPdEhCUGNBRnZmRGloeDMzZUZLcDBWRzI2TmJiSFFLNG1hc0Y2WGF6c3ZVUQ?hl=en-US&gl=US&ceid=US%3Aen,Bloomberg,2 hours ago,🛡️ Drone Defense,https://news.google.com/api/attachments/CC8iI0NnNHpaemRRZUVNMGVWVjBXbk5NVFJEQ0FSaURBaWdCTWdB=-w200-h112-p-df-rw,2025-10-21T06:42:14.209461
Dedrone and TYTAN Partner to Strengthen NATO Airspace Against Drone Threats,https://news.google.com/read/CBMipwJBVV95cUxQQ3hWUGlGOWdZNnBXQS0weEp2bDNZUFJRdjhBY3o1MGRwWVgxSElFMFAyM0U2VGdKUjd5R2RWbmhETk5ydnlQLVBxai1IUjAyWXNKN0ZoMkxtamotN0xoMllyTm5JMW9nMVpBQWZSZk9Mc3MwUlNXMTZ3N1Ezdll6ay1FVGs4WFNrOXF3cWV6eW11U0txYmZKcEZmbExzWlJXclhUaHBfdGMyVXEwMVRzWVVQaE8xMFMtZEdzZlpjOXZ1RWl5djByOHBxRWJaeVFuTmpQbEk0R040WldsRVUtSU56aFk0YWhpaFZraGs1c3Q3allMUmN0NXFiMGZVZEllUHBnSE1Ma21NSkpDYUhsRjRRWWRFc3htVHZ2UGRDWTBWS2M3OEtF?hl=en-US&gl=US&ceid=US%3Aen,SecurityInfoWatch,4 hours ago,🛡️ Drone Defense,https://news.google.com/api/attachments/CC8iK0NnNW9RalJzV0dWU1ozWjNXRGRLVFJEb0FoaUFCU2dLTWdhWlFvcXRvUVk=-w200-h112-p-df-rw,2025-10-21T06:42:14.209463
Building NATO’s drone wall: An extensible shield for allies and others,https://news.google.com/read/CBMipwFBVV95cUxPNVBrU2VyQ2c5NzVOUGpVVDZCRmJZand0QUhReWIzb2ZYd3NSUlYxZXZ5WTVjb3hpSVZPOWp6cWxlTnVubDUyamhKRTNwUVVQQmQtWkRvTlpRUkVTb0pMakd4YUVzQkpKWXhTYU42bE43YVhpR2YxUnh1Z0wwNjhwcWphQWxCTDZFemI0ZzkxR2FHMWlqOUNsblNQbnMyM0ZDWVE2cHRkaw?hl=en-US&gl=US&ceid=US%3Aen,SC Media,18 hours ago,🛡️ Drone Defense,https://news.google.com/api/attachments/CC8iK0NnNXNWWFJmUlhkbE9UbEJTVmsxVFJDWEF4anhCU2dLTWdZQklvUXlsUW8=-w200-h112-p-df-rw,2025-10-21T06:42:14.209465
Anduril delivers C-UAS kits to USNORTHCOM,https://news.google.com/read/CBMirgFBVV95cUxNNUFHM1dwc2NEbmlJeXRZVVVDVnRqVzRsbW9taFkycEltcUcxNUp4UmdENWJjYWtRSGJoNUd4QlFnZkRONkMzSWxZaGotNS1xclg2SkZ6U1lBRGloVHFzT3hFX1pNMGxxTUM4cDNDWmJyLWtzOHJ1a1hFSTZwVktpbFBMYXA1VmJDRDF3d01vQlY0U2JIcUpGLTktbEFtOXluejYzWG1TQWhzSXdTc0E?hl=en-US&gl=US&ceid=US%3Aen,Unmanned airspace,20 hours ago,🛡️ Counter-UAV,https://news.google.com/api/attachments/CC8iK0NnNVVYMU0xVGxZMWJGWlpVRGhLVFJER0F4aWpCU2dLTWdZSm9JNXF1Z2M=-w200-h112-p-df-rw,2025-10-21T06:42:14.209467
"Ukrainian Intelligence Destroys Russia’s Cutting-Edge Valday Radar in Crimea Strike, Video",https://news.google.com/read/CBMizAFBVV95cUxPQWxsYi1mQTdiWG1CeGZQd3MtV1pBeDNtMWluYVhXYXdaeUpaZnhiNlpEaEdMU3U2b3hMQTBnQmM0Q1JtQ3hJcnl5dlFwQlRVNTNULVFXb28xNmRZV1R6STU4T1dac2w0U19DZ1NiR0dDbmlUN1hiejdqUklVOFZvZlE0cWVkOFVrYWtkLXAydVN4aFI2YV9Rd3A0U055djRIN3JkaWJKdEFPcmhsM1c5UkJuTlJuVnJ1LXp1VmpGZEdtNks4ang2RVVjalE?hl=en-US&gl=US&ceid=US%3Aen,UNITED24 Media,16 hours ago,🛡️ Counter-UAV,https://news.google.com/api/attachments/CC8iL0NnNUZkRWxtVjJ0Rk5ITnVhbDk1VFJEREF4aW9CU2dLTWdrWllJNnJ1YVl0Q1FJ=-w200-h112-p-df-rw,2025-10-21T06:42:14.209468
UK to grant troops power to shoot down drones over military bases,https://news.google.com/read/CBMipwFBVV95cUxPbFcwYjQtbTJqVjVjVUpwLUY4N05lTEJKRFVmMTBZX3g5WnhXbk9JcWlwQWU0bzFPZmpwQ1dmckRuT0d4ckI3M05SajJJdG1VLVRjejV2Yk8yVlhUQTRZNW1CaWZnZ19oWmR6THFfSFQzZXZpOU12Q1dLUFFTWnhmTXFwRVJxVHY4Y1Z0Xy1SSi1xd3QtWldiR2lVVExuYmVSMXBBUEhPNA?hl=en-US&gl=US&ceid=US%3Aen,İlke Haber Ajansı,18 hours ago,🛡️ Counter-UAV,https://news.google.com/api/attachments/CC8iK0NnNW9WalJRVURkblltMXlMWEI0VFJDM0FSaVRBaWdCTWdZTkE0NklEUWc=-w200-h112-p-df-rw,2025-10-21T06:42:14.209470
Hanwha and General Atomics sign Gray Eagle Short Takeoff and Landing co-development deal,https://news.google.com/read/CBMiuAFBVV95cUxOajM1TmcwSkZ2UzZmNmFYX0NGUlF5WDN2MXlwT3hHZGpNeEEtRmxCSGRPbE1aXzNwNTdXTnRIVFo1ZjM2LW1tSm9uck1RNzZOblgtNUZVdlM5WnFaMUFHcWJTYzZkVmpxRWx2WUh6dFNQbzM0WTZ5T18xQUw2MmFINDlwUnRYQ3RIOE1XY0tOSG9RNElxRHQ3S3BqdVgwcmFFZFJkWDJ5Tk9EMzFDT2JPVXN4WGJuWUpa?hl=en-US&gl=US&ceid=US%3Aen,Defence Industry Europe,10 hours ago,🛡️ Counter-UAV,https://news.google.com/api/attachments/CC8iL0NnNXlTbVZWVW5sSlgwMWpWWEZMVFJERUF4aW1CU2dLTWdrWlFJcnFvU2hVTXdF=-w200-h112-p-df-rw,2025-10-21T06:42:14.209472
UK to grant troops clear legal authority to neutralize drones near bases,https://news.google.com/read/CBMivAFBVV95cUxNSVJGMTk5UkdTYy1XYkhsMlAtOFMyc2tvVm5SbUVjd2l2T3dIejZqSEdMNk5NT0pIa0xvVnp1NWJPV2x3ZF9RS2xOeGwyMGV1U0J6TWxUY3NZVEFXcXd2ZDV5SURBQUJhV2phYVBkUDNPX1R1aUJYSlRCWEpvc1lWSlpsV3h1UXFweGNrVEhfMVFPVzJPVXhxVnRGQW0xblJDQnB4VXFQZjVSbE5sNF92QUxHYlpzQ1Bscy16WA?hl=en-US&gl=US&ceid=US%3Aen,Army Recognition,16 hours ago,🛡️ Counter-UAV,https://news.google.com/api/attachments/CC8iI0NnNVZTazQ1VVVOblNqVkZOMmRzVFJDM0FSaVRBaWdCTWdB=-w200-h112-p-df-rw,2025-10-21T06:42:14.209474
Wrap Technologies Introduces Non-Lethal Drone-as-First-Responder System,https://news.google.com/read/CBMiqAFBVV95cUxNbnVReWpabmZSOWZFQVlTTm01dDRWc1ZNUzZibW1rbndaMURRZkNuMjlrSExGel9rR2puaTdZaERoMHN0MnRseFoyRDhtMXV1c1JYQXdCN2tFOGxhdnlkMG5tdUVTV3ZNaTBCeUJ1bEp4NHdwR3hDVFBPdXFKd1JBZnJQM3RGeGljMk5DM0F5QjFIbXVrTzhBV3hqNFdxTEhyTGV2NWdjUEc?hl=en-US&gl=US&ceid=US%3Aen,Commercial UAV News,16 hours ago,📦 Commercial Drones,https://news.google.com/api/attachments/CC8iI0NnNUdjVXRFYUhBeVdWbHVPWEozVFJDZkFSaS1BaWdCTWdB=-w200-h112-p-df-rw,2025-10-21T06:42:14.209476
Drone Sensors Market Expected to Grow from $1.9 Billion in 2024,https://news.google.com/read/CBMinwFBVV95cUxQbGhFRjM5YjZmS3FBaDA0eWJnb2dRRU9fSnlRallSX2R2dGlxZEdzU3Myb0FYTGR6NHdBb1l6OE9UZ1Ywc3hjX2J4aTA1aVg3dElTbVU0REFoNzNiRnNKa1dhLWgxVUx4UnBuaXltcGIwVWRuUThoN3hBRUkxTE93c0I0d29mUS1mY1hqeXZvQXgwcjBPSkVYNmp5RjlIMnM?hl=en-US&gl=US&ceid=US%3Aen,openPR.com,1 hour ago,📦 Commercial Drones,https://news.google.com/api/attachments/CC8iK0NnNXJRalZFVWs1NVkwcHhWVzlaVFJDZkF4ampCU2dLTWdhTlFZcnpIQW8=-w200-h112-p-df-rw,2025-10-21T06:42:14.209478
Will Primis Financial Corp. (7H80) stock outperform benchmarks - 2025 Fundamental Recap & Weekly Sector Rotation Insights,https://news.google.com/read/CBMikwFBVV95cUxORWNoaHN1Zm1tWlB6Nko4djR2T3JWa21VbmpZS2U1SElQMENJSWd5anJ4b2ppakV5ZlRfQUdnRS1aSkJMaDlFVUZHMVhJR3NyQjJ2UERGeGtSbW9Ub3Eyb3lDaTgxNnZGRmtZd19qdEZQM05nWkVlT0hCOVdKVHJjQ3ljNE92MnJ1eWhGNWdTNHAzVUU?hl=en-US&gl=US&ceid=US%3Aen,nchmf.gov.vn,8 hours ago,📦 Commercial Drones,"https://encrypted-tbn0.gstatic.com/faviconV2?url=https://nchmf.gov.vn&client=NEWS_360&size=96&type=FAVICON&fallback_opts=TYPE,SIZE,URL",2025-10-21T06:42:14.209480
Trimble Applanix: Delivering on the ‘Last Meter’,https://news.google.com/read/CBMie0FVX3lxTE56cXRZOWFzMEdfZzRtOXZWZG13MlZ0LWdRbXNCNEw2V21GTEhhTnhlTWt5RE10dG5TbVFZd3habUp3YTBQX0ROcVQ3T0hjUDhDTE84YWhVNVRNekpiOF9sWkcyTkVsa2FSWlRDOXNZcEU3d1JSWXZQRlV3dw?hl=en-US&gl=US&ceid=US%3Aen,GPS World,10 hours ago,📦 Commercial Drones,https://news.google.com/api/attachments/CC8iJ0NnNWFNRzVmUzBGNFZGWlhXRUZXVFJDSEFoaVBDU2dLTWdNQmNSUQ=-w200-h112-p-df-rw,2025-10-21T06:42:14.209482
Drone pilot course in doubt as Qld reviews school-based training,https://news.google.com/read/CBMirAFBVV95cUxOTTB5YVYxZ3hoVGNPbzVZaEVFdHVzSFZTOTlkUU85V2xoRjlacXQ2d2tJUjRVX1RXenJnRDJTdzFPMHNNUC1HbFpmSFk0a0I1cGl5d1hMdURyU21ocm1aRVd5SDVCZ0dwZ0lteVBpZHJvR1FLdURmT3NuVHBjNGx2SGVpb0JITlBENXdzUTNJNW5qNVB4ZFZVZFZJVEF2bVRVVXVTWktrYnJZbG0w?hl=en-US&gl=US&ceid=US%3Aen,Australian Broadcasting Corporation,3 hours ago,📦 Commercial Drones,https://news.google.com/api/attachments/CC8iI0NnNXhXV3haY1VoalpERmxlRk13VFJDb0FSaXJBaWdCTWdB=-w200-h112-p-df-rw,2025-10-21T06:42:14.209484
"shownews - Ukraine’s lessons for Europe: people, not just drones",https://news.google.com/read/CBMimAFBVV95cUxORXNyV3ZaMkU2VkIxNUNvaV9oLUNUcmt1UlJwT3N3dE53bm1NemVEUXozSzJtVEZmYTVlQ0ZoWUNHSUJ1d0ppU2p4UkRjMGFVVF93bWdRU0ZoOG1KS0k2QnZOZW1hQVYxNUNKSUFleDEtbVRnRnpINUI1T3c5U1lTMVhqdDZuMG85Zkd2OVdmSmQ4dmdyM2s1WQ?hl=en-US&gl=US&ceid=US%3Aen,FW-MAG Future Warfare Magazine,23 hours ago,📦 Commercial Drones,https://news.google.com/api/attachments/CC8iK0NnNDBVekZyT0hRNWFreHpNVEZqVFJERUF4aW5CU2dLTWdZeEZhQ3ZsUW8=-w200-h112-p-df-rw,2025-10-21T06:42:14.209485
Saudi Arabia “on course” for first EHang 216 commercial trial flights in November,https://news.google.com/read/CBMizgFBVV95cUxPMXN6bDhWYVhNWFNKMTJkeW9BdkdBYzBOQ1JfbGhWMm1HOGxJTk10VTZocWxISEVIeFFQR1dLSjhQdU4xU0R4aVM1SjFPNXVOS0dWZnc2RnA1emhyeVBiaWxUYTRRZXFZWkh5T3pTQlJ4T1NoaUdsU0dqOFJLQXdIbnlveG1nbkw4dlhpbENCSXF0OC0xWUFtVUlJek45SUtNR2o5VlB4QXZxMThMOFRGT25ualRoYml3Z3ZuUFhtTHkwaWFUcHV3ek1tS0ZVUQ?hl=en-US&gl=US&ceid=US%3Aen,Unmanned airspace,20 hours ago,📦 Commercial Drones,https://news.google.com/api/attachments/CC8iK0NnNWZRbnBaVm1ST2FUWTJRV1JwVFJEdkFoaVZCU2dLTWdhQmdvNnRMUWc=-w200-h112-p-df-rw,2025-10-21T06:42:14.209488
"Amazon buys warehouse in San Antonio’s East Side, plans $61M renovation",https://news.google.com/read/CBMimwFBVV95cUxORTFKc0YteUljRDFiSXduNlQybEQ0MkVhVjR0eGpUUXY1LUJDY2tmR3pOQlVpUDEtTjg2NkR0ajNZMVJ6ZXNJYWp2eDJ5OGtSdmVZNkxEWFNUellpcU4wV0pGbXFNWW5EQ0tuZVFycHZmV1ctdDZNWHVuUy04NFo1VXNvemo0S18tQkFPUzBvX0ZIdzBwdlkyNnFJMA?hl=en-US&gl=US&ceid=US%3Aen,San Antonio Express-News,13 hours ago,📦 Drone Delivery,https://news.google.com/api/attachments/CC8iK0NnNW1iMmRwUzFwV1VVbHphbkZQVFJERUF4aW1CU2dLTWdhQmdZNnR0UVk=-w200-h112-p-df-rw,2025-10-21T06:42:14.209489
"Peninsula Industrial Market Levels Out As AI, Robotics Firms Move In",https://news.google.com/read/CBMiywFBVV95cUxQYWJWRE5YSEZ3Uk9STUQwYXIxeXkySGtEalc5N1l1U0c0R0dEUDJiRTFqeTFYQVJwSEMwYVlzbXRBcnZWN2w0ZURQUEs4UkNaWlBhM1BUbjN6MnVwSExYcmNpb2dFRlNSc1hZcU5PeUF2T3Y5MDkzOUhVUUZocXE2Y1RQYWVPNmNhdVhGZDBYS1poaS15YVNsbU5oOXpXcDJlWnZ1X1E5bmt2RVpGcU1ZSExHdWFoRHBxVlMzS00tUkw3eVpwVmJGR09RNA?hl=en-US&gl=US&ceid=US%3Aen,Bisnow,4 hours ago,📦 Drone Delivery,https://news.google.com/api/attachments/CC8iJ0NnNUhUMmh5VFU1b1ZrOUhTMU0zVFJDNUFSaVFBaWdCTWdNMWdBQQ=-w200-h112-p-df-rw,2025-10-21T06:42:14.209491
Volatus and ARCO team up to deliver drone training in Nigeria,https://news.google.com/read/CBMirwFBVV95cUxPN05ZSXQtLWFBUnJ0VjRTOHFvVVFmdmJYSkxYSjZsMS11cXQ3Y2l0V0NSZDFfNW1LNXdlX1RHUzY3UlVxaHNsOEcyX1M2bm43a0ZQWVF5UmtFVFloRDlLLUtiUnctQUVtWks4bnNUQnZkbWVjSUhzRm9FbWJRS0RaNEhEaEpoMmY4Qjk4TEJuM001aHJuaVdjWXpHVDdxZVFXMzNkZFRWa2JtcGdBanpj?hl=en-US&gl=US&ceid=US%3Aen,Unmanned airspace,19 hours ago,📦 Drone Delivery,https://news.google.com/api/attachments/CC8iK0NnNVBjWGxITFVWWmQwRkNjamRtVFJDdEF4akxCU2dLTWdZeHNJYnp2QVE=-w200-h112-p-df-rw,2025-10-21T06:42:14.209494
XAG Honored by FAO for Global Best Practices in Sustainable Agriculture,https://news.google.com/read/CBMiRkFVX3lxTE44QU1SNjFXc2lPVkw0TXBraEV1bk9DRmVYRlJ1SHJTcmNDVlNvSng5VFNjVzBPNG1JT1BwNjlVVDA1RVB6LUE?hl=en-US&gl=US&ceid=US%3Aen,iGrow News,9 hours ago,🚜 Agricultural Drones,https://news.google.com/api/attachments/CC8iK0NnNUxaRUo1ZEZwYVNGTkZNa1ZpVFJERUF4aW1CU2dLTWdZZFJKeXNJUWs=-w200-h112-p-df-rw,2025-10-21T06:42:14.209495
SoLa Drones' Bruce Bosworth says Lafayette could be a major hub for the drone industry.,https://news.google.com/read/CBMi2gFBVV95cUxPSFpMN3ViWGVsbmZ4VmVFMDJ2cTVRNVppSnEzMlZkXzRxazJZd0tiZDVMaG1yRmlURGd4UVRFWHBaV1JKeUhISEtINExSZ2FjV1Q5Rm5pM29qVFRvYWxBdEdKVE5ORDJsWVM4d3ZYekNnZDRWR20xWDk5QUJhWXl2WHBUMFllUnNoTmEyLUY0b05KN3NkaTNvTGJpdVlIbkQ3bDFzVTdZQ0lyZWVfcHhyUjZ3MmZmcnhXUU5BUkNlb2dNdmtEWVk3eVE1Vk15cU10RkR0RmxMYlZxZ9IB2gFBVV95cUxPSFpMN3ViWGVsbmZ4VmVFMDJ2cTVRNVppSnEzMlZkXzRxazJZd0tiZDVMaG1yRmlURGd4UVRFWHBaV1JKeUhISEtINExSZ2FjV1Q5Rm5pM29qVFRvYWxBdEdKVE5ORDJsWVM4d3ZYekNnZDRWR20xWDk5QUJhWXl2WHBUMFllUnNoTmEyLUY0b05KN3NkaTNvTGJpdVlIbkQ3bDFzVTdZQ0lyZWVfcHhyUjZ3MmZmcnhXUU5BUkNlb2dNdmtEWVk3eVE1Vk15cU10RkR0RmxMYlZxZw?hl=en-US&gl=US&ceid=US%3Aen,NOLA.com,21 hours ago,🚜 Agricultural Drones,https://news.google.com/api/attachments/CC8iK0NnNXpTSGhLUzA1UldtRTVNVWhyVFJDcUJCaXFCQ2dLTWdhQkZKcXZGUXM=-w200-h112-p-df-rw,2025-10-21T06:42:14.209497
Crazy Agricultural Machinery Enthusiast Heads for IPO,https://news.google.com/read/CBMiU0FVX3lxTE9ZS1pxaTRpaDdTb3hHX19saTI4QXczeFlTNTEwTVRlbzRzclBNM3U2dWNqZWlhbmlDMThJaWMwT2xEX2xUNXdqaF9rQUFheFRuZ1BN?hl=en-US&gl=US&ceid=US%3Aen,36Kr,5 hours ago,🚜 Agricultural Drones,https://news.google.com/api/attachments/CC8iI0NnNTFlRlpMTWxwTExYSnlVRTEzVFJDUUF4allCQ2dLTWdB=-w200-h112-p-df-rw,2025-10-21T06:42:14.209499
Gosnell third graders take trip to the farm,https://news.google.com/read/CBMilgFBVV95cUxNdHNsVzZWWmYzZVFJaGFmd3VsYkdQenVTQWVpbDA4bWJqaEQ3blJCS2FLMEJoTG1vbjVjeDY5dm14akhrNDRIdXdVX2d6MV9QS2QxZHJndFAyS2xkZHNlZkdlbmRmSEx5X1MtazNTS1hoa2Y0RzNTSFBTc05iNUktZkVqTUdIdFI1RU1MdFlmZXRiNDVPdHc?hl=en-US&gl=US&ceid=US%3Aen,NEA Town Courier,11 hours ago,🚜 Agricultural Drones,https://news.google.com/api/attachments/CC8iK0NnNDBObkpXVVVjeGVtbEpXRk5JVFJDY0FSakNBaWdCTWdZQllKWjJMQWs=-w200-h112-p-df-rw,2025-10-21T06:42:14.209501
Russian Drone Attacks Damage Oil and Agricultural Facilities in Pryluky | Ukraine news - #Mezha,https://news.google.com/read/CBMipwFBVV95cUxPZWVEMnNjd0dVSWZYTjkyV0VKNHNnajJpdDNlWU40U0p1bEJiV2J4dUVEdHR2ZjAxS2FDVlR5LTRJZm1DR1hCNDFPS1N0Wk5GNld0M2pMaDJhZGhFM0FwSFItaE5IWHRtNGQ3aVN5YS1GbFVYaWVFeTAzamxPVnhXNVJ0d21UR3Zmc2pJd2pINGt2WFZjS1l3Njc5M0tZQ01HQm0tOWVkZw?hl=en-US&gl=US&ceid=US%3Aen,Букви,23 hours ago,🚜 Agricultural Drones,https://news.google.com/api/attachments/CC8iK0NnNVpZemR5TFZKeFJubDNhR0YxVFJDUUF4al9CU2dLTWdZTmc1VG9NUWc=-w200-h112-p-df-rw,2025-10-21T06:42:14.209503
WA’s largest single day agricultural show just days away as excitement builds,https://news.google.com/read/CBMi0AFBVV95cUxPeGJXNHBHTzNpeWtlMzVzejRPSndVZjJmaXc5TmxnQmdRSVJicVZHTXBKbHdkb1pza00wQWU0LXdlNXU3YTdhbEdvNzhoYnpYY3BpNm5JZnpuNm1Zbkw2S0o4cTlfZXVsR0pCMlBKSnNSVFhER2Zva3AxSGg0a1RMWlhBaXk3MF9ta1QxdmFIZHh0WEdsRk5vNlcxYUQ1bzlpRy0waUpZaXQ4cGdJMkdJMkJkdzJVdjF5QnE2V2hUeDRrRWNGS3hrRkF3VW43ODND0gHWAUFVX3lxTE9ZWnRDSnNWV0pZbXJuVjZVRDU1WHYydGViOG9WNFNOclQtOW9kWUpEX29qUmVEdFBaWVpkX2NvYWxFa3h5Skh5M2x4emN2bGJyWGpkX2hlN2paRzZBYk1NSWx5VURFUkp3VE1XTHRoMDBjUmtvbVBab2hZU1pMN2RYaWltTUlpU2JuZWxZUERBcUpJUEkydVpUN0h5XzU3dkstSUVOLXI1MF9tN0t5LXJ1bUNDWkR1ZElTWmZhcWNYTkdnZklLaTlKbF9wclhJSlB6Vk43V0E?hl=en-US&gl=US&ceid=US%3Aen,Harvey Waroona Reporter,12 hours ago,🚜 Agricultural Drones,https://news.google.com/api/attachments/CC8iI0NnNXpkbXhZZHprM1IxUnZWakJsVFJERUF4aW1CU2dLTWdB=-w200-h112-p-df-rw,2025-10-21T06:42:14.209505
Major Forestry Funding Boosts Gippsland Businesses,https://news.google.com/read/CBMigAFBVV95cUxOcGp6dTJJa0k4Q19vTVRQbnp6R01LTjl5RnZlcGRIV1NvTTlIenVKbXEya295eEVCb3JoRUFvWG8wWXVGc25Bd2o2RWUyOC1kSFI4RVh5c29KenlvVzZkNmVOYk1wRUwtSDBYX0stSkRlNkZNSWg2NUFIZGs0dGpieA?hl=en-US&gl=US&ceid=US%3Aen,Mirage News,3 hours ago,🚜 Agricultural Drones,https://news.google.com/api/attachments/CC8iJ0NnNHdYMWhKVUcxbFptWk1PRUkyVFJEREF4aW9CU2dLTWdNQjRBSQ=-w200-h112-p-df-rw,2025-10-21T06:42:14.209507
Drone technology set to revolutionise Tanzania’s agricultural sector,https://news.google.com/read/CBMilwFBVV95cUxQMGhIZW43R19pV3Q3RzhKb0owMm1aWDNzeV9ldmVqOThaSmJwRk1TVm5ZU1RlRjNVakR5UG83YlZMSGdQMFZrSXpNU3FMbWd2a2xOQUxGdzBLNjF2RGtwNVFQR2JER3JNdnpWOUwxRDUzNF9hMmUwZEZFdUQ3TDJZR2MwWnJQV2Q4VVAtM0RSRHpKbG9PNHFZ?hl=en-US&gl=US&ceid=US%3Aen,dailynews.co.tz,22 hours ago,🚜 Agricultural Drones,https://news.google.com/api/attachments/CC8iK0NnNXNWbWxMU1ZVeWJIUTFZbXRUVFJDcEF4alJCU2dLTWdZQnNJaTFQQVU=-w200-h112-p-df-rw,2025-10-21T06:42:14.209510
Kazakhstan's Karachaganak cuts output after drone hits Russian gas plant,https://news.google.com/read/CBMiwAFBVV95cUxNTWxOMzhsUDlrdnFmbXRrX1ZRaWU0YkVQOFVONGoyX1dJZ09TR0tvZ1R6QzhxNGs4WFVjLXZsYlk0UG5pNmtOQTE5TTNqMXZUMThENk5ZSURsOWViWG1nOGJtUkVlSUVhTFFMUEs5QkZVaGRUNEtGX3NhUW8tOEdrcWU1c2hETVVFOVdyd0FCMWF2bFlaSkNjMjlCRVBVeDQ1RmlITXVxLVVleXVoMlZrb1FRY2JhbnM1blduQlpLRGk?hl=en-US&gl=US&ceid=US%3Aen,Reuters,57 minutes ago,📋 Drone Regulation,https://news.google.com/api/attachments/CC8iK0NnNVdhRVZXTFcxSlVtdEZNbmQwVFJES0F4aWVCU2dLTWdhQk1ZcVFHUW8=-w200-h112-p-df-rw,2025-10-21T06:42:14.209511
Navigating the drone dilemma: Legal loopholes and flying over historic sites,https://news.google.com/read/CBMivAFBVV95cUxQdk5GQ1UwNG5kXzEwdWtKQWdXdXJEeC1iVXVfY3pTSFFEblNlcjBLMmRfbXoyOGFrQmFkamNUcUIzSVVzWEFabzIwbi1MRXE2S1FUWVZIcC1qQ3hlYlZ1VzBRRzZXR1E2ZGFyVFk1TXYxdXVwcjJySnR3MzZELS1QYVhnM1ctTHZXdmFHbDduRUpSbks5QUZyY2FObFp1N0xTcGpyQ1BBZmlTaHpuRDNVUThMXzFUUF9jQzVGZg?hl=en-US&gl=US&ceid=US%3Aen,Legal Cheek,28 minutes ago,📋 Drone Regulation,https://news.google.com/api/attachments/CC8iK0NnNUVNMDR3VEZkeFFtb3hVMlpwVFJDSEF4aVBCaWdLTWdhcGdwUXZNUWM=-w200-h112-p-df-rw,2025-10-21T06:42:14.209513
South Africa proposes mandatory registration and drone corridors,https://news.google.com/read/CBMiswFBVV95cUxNUW9yaE93Z2NNd1h2dDRNTzI1UTQ5bk10UmhNUjdMd3BVWnFZZ0pnZVVEQW5EX3lWSkt1MTdmVTJDOFBjVDBzdDFJSlJJM0Fwdnlpamp1Y1R5R19KSGJmQktZaU5YR2xkWDdYUm1uUkFmQXd1RXNUNWVERUFmS2xhWUxqdXlyXzFJT1I4R1hoa0I1UzZDVnFnNVpESnRCWF9fdEMyOE00bm5vUHVsM1hzMlA5QQ?hl=en-US&gl=US&ceid=US%3Aen,Unmanned airspace,22 hours ago,📋 Drone Regulation,https://news.google.com/api/attachments/CC8iJ0NnNHRNREF0Tmt4NldVSnVSaTFFVFJDdEF4akxCU2dLTWdOWnNBbw=-w200-h112-p-df-rw,2025-10-21T06:42:14.209515
How to Evaluate Drone Stocks: A Checklist for High-Growth Investors,https://news.google.com/read/CBMifEFVX3lxTE83TVZsQkxHLXAxVXgzUkl5cWNKeGNRZzl3akpEeEpmVmhoeGtBOUNVSWF3a0pJRWxjYm1PN2g3Y2xKc21hZ1l2RGItWDNpdzlFaEQ3RXppUFJFNUJ6QWthMzBWOVRfbUxvV1YtWU5xb3NTTm0xOG9uV3dfM0w?hl=en-US&gl=US&ceid=US%3Aen,Investing.com,12 hours ago,📋 Drone Regulation,https://news.google.com/api/attachments/CC8iK0NnNWhhRUZ2V1RReWNVWTRWRnBJVFJDWEF4anlCU2dLTWdZUkVKUjRrQW8=-w200-h112-p-df-rw,2025-10-21T06:42:14.209517
"Drone Photography Market Hits New High | DJI, Parrot, GoPro, Yuneec",https://news.google.com/read/CBMilgFBVV95cUxQdTVjWGF2SFZPaGVIVmxHazJucTMxWEJnT1doU0dIVUFIeDJWSERVRUo4RHdDdkFLUWR0eDZKOS1PT1dsYWUwX3BkcEVOZlYyejVvejkzY1RlbXFidkNYWkRNODFiMHI2SG5CWWtrOXpCS2NtbzEwM2VKYWRTZy1Tb0tHSDdtVGpieW1XZ1l1d1JHckZ3dmc?hl=en-US&gl=US&ceid=US%3Aen,openPR.com,10 hours ago,📋 Drone Regulation,https://news.google.com/api/attachments/CC8iJ0NnNU1TVkpZUkRGbFNtRmxiRVUyVFJDZEJCaTNCQ2dLTWdNQkVnWQ=-w200-h112-p-df-rw,2025-10-21T06:42:14.209519
New laws allowing military to shoot down drones reveals deepening UK militarism,https://news.google.com/read/CBMicEFVX3lxTE5NOEJvYURqX2pCS2UzN0FRc3RQaUt5LW1feEJaZ2FNbm9sQzQ3SWRQMVdmS3hHOUJSQjRFMFpVcU5UUHNlTS1sY3g3QS1HTWNpMGtlLXJHOE9wTWY4YUZ4Nl9DTXNfMnlyUi1hZ2FaQnE?hl=en-US&gl=US&ceid=US%3Aen,thecanary.co,14 hours ago,📋 Drone Regulation,https://news.google.com/api/attachments/CC8iK0NnNURVVEZNV205SmNFOW9OemRZVFJEZ0F4aUFCU2dLTWdhbHBKU3RPUWM=-w200-h112-p-df-rw,2025-10-21T06:42:14.209521
Unidentified Drones Disrupted Airport Operations in Spain,https://news.google.com/read/CBMimgJBVV95cUxORXJwNHdvZmM5YnB5dWFRM2lNb3YyUGREYjVTLWUtQVgzLVdLMmhFV1oxVUEzQ1VxdFJsV004bUt5NmNmcVNWMGpuVzROX1JUcDhDTC03dFBQRFRJNEVXVGVFMkVwMW9Gd1kzTUZCVlhfbS1rM3pKWEhUUmI5V3VGNmFZMTNVNmNXeEh4ZDhuc25rSGVfazE3b2pLNVVTelF6Q3g4OVZIOGFidG92NG50ekV1NFd5VURhbzB2SlJTTFRfUGFnYjJUandzb1NXemo4RXJrZkdleXBadzYycnBZWURoSXB1NWZvQ2JwSE9fV2FxOXA4RWJGOGlqWlBkeWFhVmlOaVJabHRVWFdLa1ZJWE01OG0zRDJ0M0E?hl=en-US&gl=US&ceid=US%3Aen,Мілітарний,16 hours ago,📋 Drone Regulation,https://news.google.com/api/attachments/CC8iL0NnNXVXRFZCU1c5elNXTkVORzVoVFJDZkF4ampCU2dLTWdtQlFvaUdwdVpNYVFJ=-w200-h112-p-df-rw,2025-10-21T06:42:14.209523
"Lobbying Update: $3,080,000 of COMCAST CORPORATION lobbying was just disclosed",https://news.google.com/read/CBMiuwFBVV95cUxPUzVaYXJJZkNRbkJ4Rm9SOE1fVUR6M0Jvb08yNWlWRjluV3ZISmg4Qmk1LXBUczRMeEMtNGgtaXNOVTBqclFqMTYwNkV2SUw1R3p6ZDVfbVZ0RWhrR1NqV292dnZ3emdGN2loQVU4ODBYckdyVkVuZ0FrNHc5akFLM0dmUlF0TGpsSXVyWFkyS21LM2tHYkhhdlR3S203TWpPQ3lpcDlHQ2htVVdLaWJQQmhTNmkwcTB6Y3Yw?hl=en-US&gl=US&ceid=US%3Aen,Quiver Quantitative,47 minutes ago,📋 FAA Drone,https://news.google.com/api/attachments/CC8iK0NnNDNPRW96VTBkclVtNXpRblZYVFJEM0FoaXhCaWdLTWdZcFpZNnRMUVk=-w200-h112-p-df-rw,2025-10-21T06:42:14.209525
FAA Allows Boeing to Increase 737 Max Production Nearly Two Years After Door Plug Flew Off Plane,https://news.google.com/read/CBMi_wFBVV95cUxPZ0liekNoV2hYdUdVdUtxWjJPYWxvdkc2MnFGQnRfNzFfV2I2LW1IbmpWTV9vM2daZF9wUkRCV29MbHc2ZVJ4OTVSc2xFWFYzZHhYU3dfOG5jQlhtTG9RaXVuYjdxOU5lQUlzWjJhVUJ5UWFKQVg0dmlHYWlmZWY3ZUZnVEJiOC1qQ3plQ25LdFhQZDNZS2thR0RiWnBXY0otZldFYmZ3M3hUeklMU01EamJYWUpzVW9iN1J5RXZIV1Z6Q2puS0NSdzhJbk1ObThvWFkwZFQ0ZlQ1M0tqNk9BTHN1UGNCNnRibXNlNmVPRUpJOFpRT2FBV2NmdTRVQ3M?hl=en-US&gl=US&ceid=US%3Aen,Design and Development Today,16 hours ago,📋 FAA Drone,https://news.google.com/api/attachments/CC8iK0NnNHpRMUpvTURjME1HRkVaSEU1VFJEaEFSaVFBeWdLTWdhUklvU3RIUWc=-w200-h112-p-df-rw,2025-10-21T06:42:14.209527
Coldwell Banker names Chicago agent-development exec Tracey Royal to national role,https://news.google.com/read/CBMiekFVX3lxTFBpQXc5VDIzN3hoMnFvUEJDaGxqRW5sSEZVbDJreU5lMWdZU1BSQWNGeExRa2s0OTd2a0J2NW50THBtdHNDbmxpblBjYUU3eEs1ay0xVTlab2xMNGNhb25vVENJSU8wbkEwN3NKZU54dXF1eC1sMFRMV2lR?hl=en-US&gl=US&ceid=US%3Aen,Chicago Agent Magazine,11 hours ago,📋 FAA Drone,https://news.google.com/api/attachments/CC8iK0NnNUpaWEZHTjNGTGIzUkpaWHBMVFJDdEF4akxCU2dLTWdhSk1wb1RvUWc=-w200-h112-p-df-rw,2025-10-21T06:42:14.209529
"Bramnick Concerned with Utility Company Communications, Calls on BPU to Act",https://news.google.com/read/CBMiXkFVX3lxTE83c3VHdmRTaEZVbHlPalpXZExHWFNScDkyY0M2VDNZVkFvSHVvVkJSbTZtaTAwZ2NFSU5PSENFRmNrbjZ5Y1pBTFQ2VEZQaTlDcElRT1RCZGgzbG1TNEE?hl=en-US&gl=US&ceid=US%3Aen,NJ Senate Republicans,14 hours ago,📋 FAA Drone,https://news.google.com/api/attachments/CC8iK0NnNXhiazl4UzE5T1ZsbHVkVkZrVFJDb0FSaXNBaWdCTWdZdFJaQ3ZxUWM=-w200-h112-p-df-rw,2025-10-21T06:42:14.209531
Anduril Demos Counter-Drone Kit to USNORTHCOM at Falcon Peak 25.2,https://news.google.com/read/CBMieEFVX3lxTE5KWXBXc29xX21XdmlybTZhSTZyYzUtZVhlR0NDaXEtZy1qeGRkc2hwNXp1YzRyWEVRdUJLMWpQMlZ3LU1nV3hEVnZnYnlNVWVvX05LS3A2aVJGNXBXTFJ4WlpFQnVtbTRmR3d1d3RjeUNvNnY5cWtKVtIBfkFVX3lxTFB0WGxfVzR6aFdBejV6a2k0Q0Y5dHRKNk1WaDBJSjBRSEhCNWRpc19xOFB5M3Q5VlE5dEdXWXFfaUxfcUtzaDVxMUM0R0F0dDlhekxJbmRVZkJKeUtsRWp1Y0NRZW56Tndjb0diUGE5VmhMb01SbFlFbnhMX2toUQ?hl=en-US&gl=US&ceid=US%3Aen,The Defense Post,21 hours ago,📋 FAA Drone,https://news.google.com/api/attachments/CC8iK0NnNDJRblZMUjFwVWVFZDZibk41VFJDZkF4ampCU2dLTWdhUkk0d01vZ2s=-w200-h112-p-df-rw,2025-10-21T06:42:14.209533
"Russians attack car with an FPV drone in Zaporizhzhia region, injuring a man",https://news.google.com/read/CBMiwwFBVV95cUxORDU0V0wtcHhtNjdBRFdiX0ZnTElGbXRzUUEyQ0NPTzhOcEVvdjhETWpGRF9sanBSSnZqbEZ6RWFoYk5JVHlEYlRPd1dEZlkzenJ2eG5lTzhDOFRKN3NmaXNyUl84dlVHWU5OWVBfemthOTlGbWhZUVhwa3hoaXhOLWxLa1Y3MFdzOTF3VGM1WV9zSDNPUkVPRWl2U1ZyZnpSVml3LUxDaVBwZXRBSWNRSUJodzZtRTF3UVN5bWJHeEJ2cjTSAcgBQVVfeXFMTnhobGVvY01Jb2x5SlpVNmdGUjBjUVNOcFlqckhNSlFYaW1RR204eGtqSFg0WGpQR0l4UXU5Q1ROVURUUHpjRDk3U1NwaDdDdG1hWEtTamZlWFVTU2IyUFIzTzY2RTAwQWd5LTNPODVaVm8zN3N4RjFzR3pNSk1na2JUNWkyZW94c1czNXJjdy0ta3JsMEw1Nkg2NEs5dzBaemlBSEYtMXc1RWFPdTNoRl9aMjZ4WDVwMVpNWlNaZ2pPQ1p2ZDZTaU0?hl=en-US&gl=US&ceid=US%3Aen,Ukrinform,16 hours ago,🎮 FPV Drones,https://news.google.com/api/attachments/CC8iL0NnNHpPRWhyTFZadlZYb3RjWFo0VFJEb0FoajJCQ2dLTWdtUkFvS0xXV0p6aHdJ=-w200-h112-p-df-rw,2025-10-21T06:42:14.209535
How Ukraine’s Data-Driven Approach is Impacting the War Effort,https://news.google.com/read/CBMikgFBVV95cUxOTHVsZXJvNVBEdVBLb2lqUUgzb01sNGhzSVR1RlZzc1lhTktjdVRIT3ljazBpb1BxQ192VFpJN2lfVzB4dk9meHR0cVU5cmMweVZ3cndNNWVSak5pSkI0UlJPRnpjSHYzZHhRdUJCRmhOeTRIVGhOT1JBQUl0Y2tfMzkxNzZLZElJbFpSQ1V2Qk9oUQ?hl=en-US&gl=US&ceid=US%3Aen,VoxUkraine,20 hours ago,🎮 FPV Drones,https://news.google.com/api/attachments/CC8iK0NnNXRhVkpxUms5c1NWSnpiRmh6VFJERUF4aW1CU2dLTWdZWk5Jck10UVU=-w200-h112-p-df-rw,2025-10-21T06:42:14.209537
Ukrainian forces use unmanned boat to deliver FPV drones to strike Russian vessel – video,https://news.google.com/read/CBMiZEFVX3lxTE9OOGZidVBuZ2JlTU5GMkkwUDlsZGxnVGZFUzdxcTZqX0VXUklnNUFaVFNoZDZIUnpwQjJqWFhId0tKTGRCVDBwa2dFanNLdlVnTk9tVF9KT1pRak9XRlBZbC1wZmvSAXBBVV95cUxONlV5ZXItWDBWS0tlTld3VW5vRnhrdmlXVTdrMHNCMXZoM3E0Z1Bwd1VYVkV6bnNKRkEwT2hOOXZNaDNtUl9QYy1MdU5pWVNQSHBQSVBuT1A4LU9RSlZBbGZLVk1iYm9nMDRMeGpxOFow?hl=en-US&gl=US&ceid=US%3Aen,Українська правда,16 hours ago,🎮 FPV Drones,https://news.google.com/api/attachments/CC8iK0NnNXVjRU5TTVdsUFNWTnRlRzV2VFJEOEFoaW9CU2dLTWdhQkFJaXpQQVE=-w200-h112-p-df-rw,2025-10-21T06:42:14.209539
Russia’s running out of men and money to crack Ukraine’s ‘drone wall’,https://news.google.com/read/CBMipwFBVV95cUxNVDZRd2QycDlZZWV3MlJCc1FnSDdnWkl5R0ViSExnUWVhZGlGb0xtM1VlZGlrUFhJOGcxTmJoNDJkQVBUNXpQTUxNRXI5VzQ4Vm5Zck1QSHQtclVQbDduM0Fjd2lMeWprc2hWS3pnQV95aVRLcTBESExSYmNBMTNVRGNONjAzZW9SLXdxLVc1MGJtemRVSFVBY2hmbzZ4NWFxbThzS29ZSQ?hl=en-US&gl=US&ceid=US%3Aen,nypost.com,17 hours ago,🎮 FPV Drones,https://news.google.com/api/attachments/CC8iK0NnNVpkMGhzZUY5QlRHTnpPRVpCVFJERUF4aW5CU2dLTWdZQmRJWnVLUWM=-w200-h112-p-df-rw,2025-10-21T06:42:14.209541
"Russian troops attack village in Chernihiv region with drone, one man wounded",https://news.google.com/read/CBMixAFBVV95cUxPbGI1SFdLeW5XUnp3a016RXhZTUE1cktxdlJMTEZfVnhabDBscWFrb3N3dWZIV0pnM2FDanJNWEJXcVd1dnJ6QmI5dDNKT18xUEFFMHh6aUVoY0lMSlg4V2J2bDJiYlRsOU1hSGFWU2FiN0lzbW1xM1QxSEdmWkc4N2xNcnVGQldRa0VUR1NtMWJQYVh4Q2NncFhKT3Q1djNNZmRRN3lyaVpTd0lUeEQxeGFOM0gyYzRnbm9ZYWJzbVhqUWVO0gHKAUFVX3lxTE8wUi1kckY0a2dVX3BaeWNlWTFDSkQtMnFQbjRiR1pqZWdYdEl5RGluODh2NHFiLWZzRUVNbkRtYzdQczYzRzhhWTVCSzhXV1RSSHlFVXdwcEVoY3BuMW1Xc2RGR0VaZ1pEVVdDWjh0LWc3LThfNUNvcE81OVd4RmlaMmxRU2IwNUNORkxaMEdtNlRENU9ueEZsbmFtUlNXVnR1alJEcWE2YkhpelR6MTJLb0VzTDNxdEtGTmUxcW1URjVDLWtLdDVpMUE?hl=en-US&gl=US&ceid=US%3Aen,Ukrinform,16 hours ago,🎮 FPV Drones,https://news.google.com/api/attachments/CC8iK0NnNUVXRkZFZUVKV2NqQjZXRW8zVFJEb0FoajJCQ2dLTWdhVk5KQ3NtUWc=-w200-h112-p-df-rw,2025-10-21T06:42:14.209542
"Newest Russian radar ""Valdai"" burned in occupied Crimea – video",https://news.google.com/read/CBMioAFBVV95cUxPVTdkanRHdWNTVTFkR01fR1JRTFZ5cUkycm1BSWhObTUwM1BwWEpQWDBhVHNnZW5NMmQ3d0R6RUM0bWg2cko3WklTcExnbV94OW9fbXFmbWk0ZElwSGE5LUxQbTBGMWRWVWhGdDJFY3ItRU9rRVFnNjRpb1hla2J6LWZSemk2d0FvUnBVb0cySTVuX0lLLUhWY0VLajFSM0tN0gGmAUFVX3lxTE4tZ2s1WnNNWXZRREVjT0E0aWdaa0dieFVQVlRXMHl4cGFsYVRtZHJCNDVDdnAyY180YzQ4TndOSHBjbGh6WFZPOGRkTlNiS3E5WHdmVkZCZjlCOW55UENyVVRmbFIwVzI2Rmx0cjRBQVZ4TjJYNHFlSkJjMVFnV1RSbEhoUHlXZ1M5Xy1rWl9GeldOMzZlQmxlOHhhazdqUzllSG85SFE?hl=en-US&gl=US&ceid=US%3Aen,news.liga.net,16 hours ago,🎮 FPV Drones,https://news.google.com/api/attachments/CC8iK0NnNVJUMTh3TVRSQ1NtNDRUM0Z6VFJDZkF4ampCU2dLTWdZQklJeVdGQXM=-w200-h112-p-df-rw,2025-10-21T06:42:14.209544
Russian Drone Attack Injures Man Near Varvarivka in Zaporizhzhia | Ukraine news - #Mezha,https://news.google.com/read/CBMingFBVV95cUxNeHR4M1JqZmNwbDFWaEE1eWNsMENieS1SaTdmLTVPVVNjN1Vnb09VN1BMTW1tYjhPd3RoSnVUMGRWb1U1TmRxdmV2SGdTbkh3dTRtMjJsNjBTdjdnZjRJRmh1bUk3ZWRJbEFuSGs2QTRpYmxTNUNlSm9ST0ltNGUwVjZIWXVFQ2d1aG5NQWlmRHdKR2ctV0NRZncyRDhjUQ?hl=en-US&gl=US&ceid=US%3Aen,Букви,18 hours ago,🎮 FPV Drones,https://news.google.com/api/attachments/CC8iK0NnNUxhV2hIVWxSRE0yaHFVR0kyVFJDUUF4al9CU2dLTWdhTmc1UklzZ2M=-w200-h112-p-df-rw,2025-10-21T06:42:14.209546
Ukrainian drone sets backpack on fire - occupier burned alive. VIDEO,https://news.google.com/read/CBMinAFBVV95cUxPZlRzT2hUbkxwNFBDVWlLR1VRRjJqb1FISG4zdjJzdjRwMHRZZGIwMm1Vd1pwbnpCakNlUUYxdGlfQ204anVtOGdnXzJmQjY1N0hMWDFsZlFrRFRYdmdRWFp1aTZHejdTc3l0cXdvYUFDRUF5OXpxQkFlZWJLU3Etc2xJVExsVVg5a2tNUmo3bl80TVlvX1EydU9TTkU?hl=en-US&gl=US&ceid=US%3Aen,Цензор.НЕТ,16 hours ago,🎮 FPV Drones,https://news.google.com/api/attachments/CC8iK0NnNUdjRFZsUTNaMmVYcGpSbDl3VFJEaEFSamhBU2dCTWdhSlE1SndLUWM=-w200-h112-p-df-rw,2025-10-21T06:42:14.209548
A Ukrainian startup is turning to AI to outsmart the Russian ambush drones blowing up supply trucks,https://news.google.com/read/CBMiiAFBVV95cUxOU2pMeGkzd2ZGRkM4X1pVVDlmU1AwMXEwaENhYWZubkJhYzdaVG83Yk1zaThWSktQQ3BGNFFQY2x4TUljSnBMQVV4UlpyVEdOMHVNWU04Q1VvZjFDQ296eDJGU0dMaTdTeFNnczN2alpqNG9kQUlaTUtJbGthN1ZCeE5sOWg4dk9M?hl=en-US&gl=US&ceid=US%3Aen,AOL.com,20 hours ago,🚁 Quadcopters,https://news.google.com/api/attachments/CC8iJ0NnNHlOMU4zU21KeU1XeENjRVZtVFJEZ0F4aUFCU2dLTWdPeEZBWQ=-w200-h112-p-df-rw,2025-10-21T06:42:14.209550
Global Defense Stocks Have Rocketed Higher In 2025 as Artificial Intelligence Technology Fueling Big Gains,https://news.google.com/read/CBMilAJBVV95cUxPbUpZeUJSdFpMaV9nMDZkSjVhMXZ3V3ZrSElWdldRclM0TlhnbGNNM1BzYmxQa0ZZOXZ0S0k0Y1BSWnBFdFhPWE1SaDBPZkMwNm1GcEQ5TUY3ZmNlTEVaaFYyemZMeXg4aEhYbXVPdDlORUVGQnRrYnJGa3hSTjJaWlNUdkxCQnlycmpxbzV5VkktZmNZTkx5eTFqeDVlZ0ViYXBCVnpQUC12ejhHd2hLMy0tWFZmRFdwbHp4cmtRUkZldkRpUnNhaUhOTXNhbldaTlg3MDllanRTVzZuWHRjY3M3czg3OU4tTHpYMVJLcWJKbTBGVXBRY0RUZVVadks5SmNoX1ZHaVVidXlFMjI4Vno0dVQ?hl=en-US&gl=US&ceid=US%3Aen,FinancialContent,17 hours ago,🚁 Quadcopters,"https://encrypted-tbn3.gstatic.com/faviconV2?url=https://markets.financialcontent.com&client=NEWS_360&size=96&type=FAVICON&fallback_opts=TYPE,SIZE,URL",2025-10-21T06:42:14.209552
"Zionist Occupation Violates Ceasefire, Kills 97 Palestinians in Gaza",https://news.google.com/read/CBMilgFBVV95cUxPWldBS3hUczNIelcwdmN2MVNVS0REREtxb19ZeHpqR3JLNFF0VWdTY3FBTXFJY3BzbnlUYml6XzVscF84X0FBcDBERnVROGlfSjBQdUdfejhVUDJLZ0xQV3JPZE91NS1CMEJQWkNHdGJ1ckRYVkRKM3p4eHhOREQ1bVRGOFI0YUVvV1JRdXhUNXpYWS1HMWc?hl=en-US&gl=US&ceid=US%3Aen,AL24 News,22 hours ago,🚁 Quadcopters,https://news.google.com/api/attachments/CC8iJ0NnNVpSVVZVVjBOd2JGVXRaMHhzVFJDZkF4ampCU2dLTWdNQmNBZw=-w200-h112-p-df-rw,2025-10-21T06:42:14.209554
Israel's ceasefire violations leave 97 Palestinians dead,https://news.google.com/read/CBMilwFBVV95cUxONGRVTzFscDRESkx1SHdaTURmQ2dmNVo4OXZpQnFNcG10VV9LbWVTQy15ZGhoZGd1d25GOGFJdVI5d1A0UmYwZVVSRm5iSGJqTzVVY0pucE5tX3BaaXFEMk5zNTBUMWd6cUVhQ1M3SmNHMnhUdmhFNGdXaktYeXhTb3VzM0tkTjB3SnFBdVczeWFHUDlDX1I00gFLQVVfeXFMTXVJa01SVlVjTHV1UDgtZF9KYnpLZ25JM3M1VWVBdS1Db3NJS0szQXJuUHNpQ0JCXzdRYzMzSUlzWHpzc2J4YnhiY0R3?hl=en-US&gl=US&ceid=US%3Aen,Mehr News Agency,20 hours ago,🚁 Quadcopters,https://news.google.com/api/attachments/CC8iK0NnNUNXVzU0Vm1aTVFqbGhjbmwwVFJEWUF4aUtCU2dLTWdhQk1aUnFHUW8=-w200-h112-p-df-rw,2025-10-21T06:42:14.209556
Farsnews | Nearly 100 Palestinians Killed by Israel Despite Gaza Ceasefire,https://news.google.com/read/CBMirwFBVV95cUxNT3kzMTNNRjZnYTdmVGxEYzJ1V2V6Z2FEclNPWHpacHNkUkJ5OVJ6S1lCMkxuXzFBSXZ2LUFrWV9TUHlIZUhKeWFiVnZJM0h1bjdXTWw4bl9sVFE2RFNSTHc1OEZpaW9LQ0dLUm9MQjdWeGNUSnQ4c0psTEJZR3AweWQ4WXE1ekUyUmVIX0piamtHV3k0OWJCTHJTMGFXdTdhZlNKU3E3Qlo5QWVpeUdj?hl=en-US&gl=US&ceid=US%3Aen,Fars,21 hours ago,🚁 Quadcopters,https://news.google.com/api/attachments/CC8iL0NnNVlUVXczY2w5UFJESm5aVkEyVFJDb0FSaXJBaWdCTWdrQlVKWkFKS2tkRGdJ=-w200-h112-p-df-rw,2025-10-21T06:42:14.209558
"VAPOR VTOL Looks Like a Weaponized Helicopter Toy, Not Meant for Kids",https://news.google.com/read/CBMitgFBVV95cUxOSGwwMmtyeWxONkhhSnBFaGo2MXB3WXBtT2RRZVNabnRYNlk5OU5VQU1JS2VrS290RzF5ZGg1aHRPV2N5M0ZFYUs1cGh1V0ctTEZWckx3RTdrekl4OU1fOHRFVDNaWUNJSlNUSDZibTZRMXhSTmVISDYwc2ZpcGt2Y0RGeEJUVWtqOWxCcjJHbDFOYVg2OVVSbndZakNCUUlFQmgwZUJaWHJ1VkJuV0xEMG9nbmhKQQ?hl=en-US&gl=US&ceid=US%3Aen,autoevolution,18 hours ago,🚁 VTOL Drones,https://news.google.com/api/attachments/CC8iK0NnNHRVVEpKZVRGd1N5MHlOMUkwVFJERUF4aW1CU2dLTWdhTlI1Q21vZ2c=-w200-h112-p-df-rw,2025-10-21T06:42:14.209560
Lockheed Martin Sikorsky Unveils Years of R&D in the Shape of Mixed-Range Nomad UAS,https://news.google.com/read/CBMi0wFBVV95cUxQdW9JdWZRSkJDc2N2NkRFZExnVVU4ZkRuM09ZVUpGVk9uUWRsc1ZKVVlCcE5SbURjTlJXZ3ZSSWJBT0VZV0VuWFZlcGN3X1hDVi0zNy1uQVpDM1dlYi0xTkozcUg5a0loVkZIanBWOXVpREpoRGhtS0VTOUhPQS0ycnJ1MGlnQmhqY2d4MTZxZDBXaWtrakhOcGxsNXBMSW9XN2xUVENFRVhFdkxHMGpqcTFpemNJSWI0YUNDazlMdVhqcFFiVW1IeVV2dXJFWUFDemN3?hl=en-US&gl=US&ceid=US%3Aen,autoevolution,12 hours ago,🚁 VTOL Drones,https://news.google.com/api/attachments/CC8iK0NnNHRNazl6VXpkMlJFUm9kbW80VFJDb0F4alVCU2dLTWdZTmtaSkt0UVk=-w200-h112-p-df-rw,2025-10-21T06:42:14.209562
"Lockheed Wins $30M Deal for US Army’s Mobile, Long-Range Missile Phase 2",https://news.google.com/read/CBMiggFBVV95cUxNM0l5eUd6WHlsRDhUOC1QTFNHRXl2V2lfdFhEb3ZJVV9ULXB0cHFFNlJ0MVVaNXFtVWx1RTlWbnA2R1VYUlVhNWtUVWlrZFoxQm1tXzhzRWtTdWktc2pxa2NxMTgzbHVTTDV4VDltQUtBNlV5dFhnaDlNWV9xVE5yMlBR0gGCAUFVX3lxTE0zSXl5R3pYeWxEOFQ4LVBMU0dFeXZXaV90WERvdklVX1QtcHRwcUU2UnQxVVo1cW1VbHVFOVZucDZHVVhSVWE1a1RVaWtkWjFCbW1fOHNFa1N1aS1zanFrY3ExODNsdVNMNXhUOW1BS0E2VXl0WGdoOU1ZX3FUTnIyUFE?hl=en-US&gl=US&ceid=US%3Aen,The Defense Post,16 hours ago,🚁 VTOL Drones,https://news.google.com/api/attachments/CC8iK0NnNHdWa3d5VTA5amMzUTBOVEoxVFJDZkF4ampCU2dLTWdZSmxJeUd3Z1E=-w200-h112-p-df-rw,2025-10-21T06:42:14.209564
Moog Unveils Lightweight Turret for Next-Gen Combat Vehicles,https://news.google.com/read/CBMic0FVX3lxTFBSVHlNT0N2dUR0bDJEZGF6OG9FZExiVWx5dnQ1d042cEhrMV9lUlJXVV9HWVNZNHI1TEMyVWpwTjRzaG41SXVLWVlYVFgyYmJ2Z2hnUEJrcUQ0RmJOTnUzb2lHWmZFd0xlNkVDSG5ENm16TVHSAXNBVV95cUxQUlR5TU9DdnVEdGwyRGRhejhvRWRMYlVseXZ0NXdONnBIazFfZVJSV1VfR1lTWTRyNUxDMlVqcE40c2huNUl1S1lZWFRYMmJidmdoZ1BCa3FENEZiTk51M29pR1pmRXdMZTZFQ0huRDZtek1R?hl=en-US&gl=US&ceid=US%3Aen,The Defense Post,16 hours ago,🚁 VTOL Drones,https://news.google.com/api/attachments/CC8iL0NnNTNUVkpLU0dad1kwRklXbms0VFJDZkF4ampCU2dLTWdrQllJb0NMU2Rya2dF=-w200-h112-p-df-rw,2025-10-21T06:42:14.209566
"AeroVironment (AVAV) Stock Trades Up, Here Is Why",https://news.google.com/read/CBMiugFBVV95cUxPQk5taWRHNmNKTGJ1TW9Rekh3MUFFN1BubEtCU0tXRVhwTVQyQmR6WFBkZkFYdjBVV0k1WXRua0VrV3h2MXNqZkdXRENfVGZNRWVfU3loX0ZtYVE2VTByRW5xTE95SkF6MGlzcXVRYThoSTNVYVV6RHEyODd2VnRQRk9UMlVuTmJrS0FsbWtQbUNXSEZXU3ZZTkNoZThQNS0xeHllTmp1UUZyTXlZbTRPeWZzLVpuWUFnNWc?hl=en-US&gl=US&ceid=US%3Aen,FinancialContent,15 hours ago,🚁 VTOL Drones,"https://encrypted-tbn3.gstatic.com/faviconV2?url=https://markets.financialcontent.com&client=NEWS_360&size=96&type=FAVICON&fallback_opts=TYPE,SIZE,URL",2025-10-21T06:42:14.209567
"Lockheed, General Dynamics Progress on US Rocket Motor Plant",https://news.google.com/read/CBMiiAFBVV95cUxNRm96WkxEei00VGpMeHpBRVA4ZDZLemlYMGdWSl93X1gxUGFJNFUybE5jbC1QeFhGbGM1ZEhoZzJKM1NFZVliVk5HS0dHUkdGME5yV2VXRjExc1JkaUs4SlVWTjM4NG5qNzE0enlndEIxdHVxNWhQUE1zUVRLbmd2TVF0Z3FQZ09f0gGIAUFVX3lxTE1Gb3paTER6LTRUakx4ekFFUDhkNkt6aVgwZ1ZKX3dfWDFQYUk0VTJsTmNsLVB4WEZsYzVkSGhnMkozU0VlWWJWTkdLR0dSR0YwTnJXZVdGMTFzUmRpSzhKVVZOMzg0bmo3MTR6eWd0QjF0dXE1aFBQTXNRVEtuZ3ZNUXRncVBnT18?hl=en-US&gl=US&ceid=US%3Aen,The Defense Post,16 hours ago,🚁 VTOL Drones,https://news.google.com/api/attachments/CC8iMkNnNVJlbll4VDJkUk5IY3RTbmN5VFJESUFoaW9CeWdLTWdzRkFJaUVFdXd0Sld2dU5R=-w200-h112-p-df-rw,2025-10-21T06:42:14.209569
Seven-Hour Flights and 100-Pound Payloads: Draganfly’s Drones Join the Border Fight [DRONELIFE Exlusive Interview],https://news.google.com/read/CBMickFVX3lxTFBqckhpeHFUNlhzTDM2Qk9FWlVZSG94QWlqODNHQ0Z3Nzd0dmF6WWlwOFh5UURlSC1sbTVYamQ4SDB4N1ZYR1l6bDdvR1Zxc3B5VWx5WmVaa1lsd0FCQ0g3djlpbHVOcDIxTHNLT2tfR0o5d9IBd0FVX3lxTE91LXNSMG9raWVHVDV3QUVPR3ItMFlzYzFUeU5SOVM2c3JObXVrZlhKV2FxaGhLR3ZxR1VTRC1EMmxFMzFKX1dHeDlHVEtHYmFLUExidGhCblZyVnFRaExrQTFsX2pnQ0ZLV3RQZERCRXpubkM3N0ZF?hl=en-US&gl=US&ceid=US%3Aen,Dronelife,15 hours ago,👁️ Surveillance Drones,https://news.google.com/api/attachments/CC8iK0NnNU9PVTlOVmxsVGFsb3hkRnBtVFJEX0FoaWdCaWdLTWdhWmM0eXRNUVU=-w200-h112-p-df-rw,2025-10-21T06:42:14.209571
Surveillance shadows No Kings protests,https://news.google.com/read/CBMigwFBVV95cUxOeWhoY1FLdWozU1BqNnlRZG9ITXBUSXNzd0pzN05qWkdvRS1TckZyQjctMzFrQjFLZUYtNGVCQ3Rad0RSb3ZiOWo5b1JvbFRPeVZ4QkUwWC1UdjF6dGZsU2h1SmxPSXlpemRwa1ZUc1lSVXJvLU1NN1M2bER2RVlLa1JwTQ?hl=en-US&gl=US&ceid=US%3Aen,Biometric Update,11 hours ago,👁️ Surveillance Drones,https://news.google.com/api/attachments/CC8iL0NnNWtkVmswY2pWVU1tWjBVMnhoVFJERUF4aW1CU2dLTWdrQllJb2dOZVlsRWdF=-w200-h112-p-df-rw,2025-10-21T06:42:14.209573
Tourism Setback at Palma de Mallorca Airport After Drone Disruption Leads to Flight Delays,https://news.google.com/read/CBMi1gFBVV95cUxPbXBZVEk4RE0yY1N6czlSblp2Ny05ZGhQWHowS0JQRjhLNzcxZHhLNVBLOE9mMjc4cDc1eTVDQTV1Rk1fWVdaOXVHRzc3dXd1Y0FHR29MdXBVTFVCQzdicDRCcGJRbEFiUUh0MWtoZnVUQmhjdUhkRkZ3VmZ1UWVjNDU3Y1ZfRU9nXzFyOW1PbENVR3NlakdPOG1LMXV0RmtCYXU4aXNZc3hiV3VXOWhjaTFwRmhxd184ZDN3YmloNzdXWXVTY1k0SDlReTRsNUs4RU9jVzl3?hl=en-US&gl=US&ceid=US%3Aen,Travel And Tour World,1 hour ago,👁️ Surveillance Drones,https://news.google.com/api/attachments/CC8iJ0NnNVphMFUxTXpScVZYWmFjSFl3VFJERUF4aW1CU2dLTWdNQmtCWQ=-w200-h112-p-df-rw,2025-10-21T06:42:14.209575
Military leaders prioritize AI tools to enhance capabilities,https://news.google.com/read/CBMinAFBVV95cUxNenNrdFBudlM1ZzBLZ2dGX2pKNEVmVVlyaDNxc2NOeTVsaFVXUFBkM2I4R2tWQVRzUHNEMjF4ZmNzWTFqMG8zRm9JUTFkZ1pqTHB6Y0R6UjFtYTdVMG1GbUhKWW5ybDBZZ3hITTI4bU1fNVFLNGVwdjJ1d01Lek00SmlRVHdmVURDek9UYUlmTmhKVmNPUUlJajRMOUk?hl=en-US&gl=US&ceid=US%3Aen,Indo-Pacific Defense FORUM,13 hours ago,👁️ Surveillance Drones,https://news.google.com/api/attachments/CC8iI0NnNUJYMTlLVkdwcFMzSlljR1ZSVFJDdUF4aktCU2dLTWdB=-w200-h112-p-df-rw,2025-10-21T06:42:14.209577
Zelensky’s Drone-for-Missile Proposal Met with U.S. Cold Response,https://news.google.com/read/CBMiqAFBVV95cUxPU1dLN1lLbkVadzV0ajhCMHRlRklfTXZwVFpXRHVJOXNHQ0g2ams4dG02WmsxZ25QX2c3dUhnNWJYNmNGSmo0eDhSRmJVNUQ4Q2pHZXEzOFJOQnZFOVAyaGctM0J0VjRCczZYemI2Z3pWN2gydmxRaW1lOWRvUG9yOWxQNE1BSWFmeDktbFpVbzNCeHBMbEdBR0tHTnR4V3RBWWdDQ0ZndXHSAawBQVVfeXFMTVFxMC1nY1Q2cHFRQUNRNjFIbWpLeDZ3V0RsOXp3ejZPb2dadkQ3SDc1b19HZ1lUZ01rOHhpbURWVHpTa1ZESzJKSVNDQVBOMVJzV1NsbnVvZE5sbkFRSlBYUjJOS3ZEWVVCcFVEcHk2alhzVENQTGQ4MEhuWHpRaHA4ZXpVeGRveTA0dl92ZUQwbXJ1MnAwQlYxWEpKSExGVjg3Qm85VWxlT3htVg?hl=en-US&gl=US&ceid=US%3Aen,Военное дело,22 hours ago,🇹🇷 Bayraktar,https://news.google.com/api/attachments/CC8iK0NnNTRORzF3YW10TGMwcGhVVWxFVFJDZkF4ampCU2dLTWdZOVlvb3lxUWM=-w200-h112-p-df-rw,2025-10-21T06:42:14.209579
Morocco Increases Defense Budget to $15.7 Billion for 2026,https://news.google.com/read/CBMiqgFBVV95cUxOMFM0TXY4azF1VlEtektWanllbEJfZDM1enVnYXRDRFkyaTRKbGhTdm8waG1NVzVoWF83dGJmcGZoM3R6aGtjeUxWN285aWhBWUdUYzZkb2EyYkttekljeDNXYnQ1OHZuRXNDRkhGRDQ5NURjRjYybXlPOHVxOXFzdnBlTnpzYU5lemk1VzJMVDZyNXVvLTFiYnFSbEdVTG96dnVaN0JRSTNaUQ?hl=en-US&gl=US&ceid=US%3Aen,Morocco World News,14 hours ago,🇹🇷 Bayraktar,https://news.google.com/api/attachments/CC8iK0NnNVhNV2xxTmxKcFRIbHBWWEpJVFJEVUF4aVBCU2dLTWdhTlZvaEl0Z1E=-w200-h112-p-df-rw,2025-10-21T06:42:14.209581
Air strikes and insults: Trump’s feud with Colombia threatens decades-long alliance,https://news.google.com/read/CBMizgFBVV95cUxOaDNfRGNKRVVXNEdHa0I5eFhuRXl2c0lhaDc5dXNWa1NGdHk5N0FQallGdVMzR1Q4dXFSejFhRjc5clVrNks2YWJfUEFTQVdvMlRpYnphX29Relp1YmlqQUpsMk5kcmUtNlhpcUNIYkwzZWU4QV83aFV3dmdhbjEyajdKb0xfNlFpenRKRFhmMjZIRUtZb0hXaDJ5OGkxTU44LTRSRjVRNG5UOXg2a2tDcnlfYWtsRngxNHZCWUdsZmhsMU85Ym9OeGpsQjBmUdIBzgFBVV95cUxPNzVNYURuZ2c5OHJvOU5pWEdVTWMtYjE5eFB0MjgzVm0tazZXVzlCQlRMTFFWNGdLbE9hS2poY3V5V2NWc3ljSFFCZFpjc2gxVEthWTBYVDBNcjIyRkptR2lPckNRQl9CTHJhZTlwVWdGRm5FTFdkR2NlNFVibDdWTTFnS1Awd3FIQ1hKdUFHdGxWc2ZiakUtQWNjbWJPWGxudVBLZXZhZTd6S2ZoUWpfY3JUMmhFa3VuMjduV2NSQm04MGJTeDJUcWJLS1gwZw?hl=en-US&gl=US&ceid=US%3Aen,South China Morning Post,14 minutes ago,🇺🇸 Reaper Drone,https://news.google.com/api/attachments/CC8iK0NnNDBWRWx2WXpneU1sRmZaRWRCVFJDUUF4aThCU2dLTWdZQkVKWURLZ2c=-w200-h112-p-df-rw,2025-10-21T06:42:14.209582
Huneed nabs $130 million contract from Boeing at ADEX,https://news.google.com/read/CBMiywFBVV95cUxNaDdMaGg5NG9vQm45MEZBVjQxTEItWEZ3YjF5aE5uMmMtSEI1RnNTaThLdFNXRldlVXpKWFNYbC14SmtlZ3VxUDBYejVRWmNaTjdrMWNDQVlmbTZydVRHdDZwMjBjNmhqSXdHSllqSFA4SXRQRUIxaDlWMmk4U0loeXZBMkliSFBFUnVGYjdQUDhwdUV5YWY5bWdlQUhrRXpFdXl0T1l0SE9CNENlZk1SWXV3VXFUOXZuQy0yZWtQQ0lGajFuSnVEZG5SZw?hl=en-US&gl=US&ceid=US%3Aen,Korea JoongAng Daily,1 hour ago,🇺🇸 Reaper Drone,https://news.google.com/api/attachments/CC8iK0NnNVlWVkZXTldaNlMyNDBhM0UwVFJDN0FoaXdCQ2dLTWdZUk5KQ3J2UVU=-w200-h112-p-df-rw,2025-10-21T06:42:14.209584
Beyond blowing up narco boats: US needs a counter-cartel strategy,https://news.google.com/read/CBMimwFBVV95cUxPclYtakUtTzF2Zm9wQlFOTXZ0YWI5QnFadUV3OU5FUlZTQnpSNEZrMVphU2lsSDZUZFlpVzVFbmRyNTMyMW9sNzdBQ003RWpjZ0dNMFRiLUFVdG5iRU8zWm1uNWpWemRtWU01MlMyM3BNSERqYmgzemJwQ0dRUzloNmg1R05CUWIteHBOZzljZ2N5VlZNN1pVWkVobw?hl=en-US&gl=US&ceid=US%3Aen,Asia Times,15 hours ago,🇺🇸 Reaper Drone,https://news.google.com/api/attachments/CC8iK0NnNWFPWHBzVDB4NGVtUm1Ra3RhVFJDZ0F4amlCU2dLTWdZQnNJcnl2QVU=-w200-h112-p-df-rw,2025-10-21T06:42:14.209586
UK looking at using Protector drones alongside P-8,https://news.google.com/read/CBMiiwFBVV95cUxQYVA4YzlNMFdMYmdTX3FCdF9QS3RxQk04QUN4WjEzZnlMaEZQM2cydEJSSThYRnNETXJnSFZ3Q0hKckN4YUk0MDN5dmtfTTM3VXp0WnlEUUdDUE50MllPOC0yTW1OT3ZJcjVCa05JaEdaQlNGZC00N1gwNExHVjlxNmY1T1BOVl9HVUpB?hl=en-US&gl=US&ceid=US%3Aen,UK Defence Journal,47 minutes ago,🇺🇸 Reaper Drone,https://news.google.com/api/attachments/CC8iK0NnNWtVVzVJTFZjd1UySmpMWHBNVFJDaEF4amZCU2dLTWdhSlE1U0dzZ2c=-w200-h112-p-df-rw,2025-10-21T06:42:14.209588
A mysterious airstrip built on a Yemeni island comes as Houthi rebels are increasingly squeezed,https://news.google.com/read/CBMixAFBVV95cUxNQy01YnljazFaNzNfRDF3aExtLUdKNW1jNllYS2lham5VMXZHb0Fqak1KY0ZsMVdRU1ozU2FVRWNHNlY2OGRadENYVFU5Mzc0OVRoSEFtZHd3RHJKZGVhemdISWlRdVNpMG1PSUtySWNwa3hHQmt4WGpCaVoybE9sek9Za0RRY3FFQ0pWdFA5aEN4RDNnb2J4RVptQ0NpcGVYc3gzemVwTjc1TVBoTE85dEwwU3p6b29SbEdkMTFUTmwxM2FL?hl=en-US&gl=US&ceid=US%3Aen,Wings Magazine,17 hours ago,🇺🇸 Reaper Drone,https://news.google.com/api/attachments/CC8iL0NnNXVRalZOT1haQ2IzRlVNa2wyVFJERUF4aW5CU2dLTWdtQk1KSkRJU2k1Y1FF=-w200-h112-p-df-rw,2025-10-21T06:42:14.209590
"Mallorca flights back to normal, Palma airport recovers from drone incident “I spent 30 minutes circling Palma airport”",https://news.google.com/read/CBMiiwJBVV95cUxNZVQtOTZlcERkQVdwd0g3aHMxUVVwczJpaWw0elFVczM4Z254T0FkeWVkbzJrWDlmQ2dOU0FTbGtyeDhINWd3cDF6eE0yRTlvNVdSa2lBV3Z0VUtLeTJtYjRlLW9rMXp3Q0k2UU9haHVQSzdOX25yR0NDdUw0V0ZtTGVUTWtBQzNsaGlzNEgxRzFXR1MxTVlLdVlpWVV0V0VtTjhTbjV1V0hfRXJwOEJwU2lKbFlLMTQ1VjhiN1BLdEJzOU41LWFfUVVMbFFSY3NXeDNmblpRUVA2a2xGaTNCSWxhV3REWE5OQm5WbEhxNnNuMXB6WXZjdW5kNVIxYnJNYWowa0x6Q3k2bDTSAYsCQVVfeXFMTmJZdVVGOUFKNmtIUUNBZHdSRFhsSDFhTEF1R1R5VFVYbm1UUWVRaFRibW44cUhrWldDMkpwLWtaaWFXM3VNalN1UWJXaTNYazdhR1JRQjVIX3MzeFBCZTFJM2oyRHNFUjNkejdjaUtRY0diUTRDaERleWgwbFhzN1FHOEg1c0V3T2xFN1BMZmNNdGoyRWE4ZGY0bGZYTnVENkVybHBIdm5XcUF1aFdRbm9Ga2xBNDlLWllFcG05Q3JIWlNidTZDTkdiS3ItQWQwSW8xai1NUldlZ2xkSndCcGFwRDFabkc4WmVFZkVSc1REdTRUUVNyZURxS1ZiNldkeDhWX0JRZEo1eVlR?hl=en-US&gl=US&ceid=US%3Aen,Majorca Daily Bulletin,22 hours ago,🇺🇸 Reaper Drone,https://news.google.com/api/attachments/CC8iK0NnNTRZbUZyTWtJNFltWmpZME56VFJEb0FoalVCaWdLTWdZQlFJU294QU0=-w200-h112-p-df-rw,2025-10-21T06:42:14.209592
Pak national faces trial in Lahore after staying in India for 25 years,https://news.google.com/read/CBMi7AFBVV95cUxNY3Z3M05ndEQ1YS1iY2tWdVI3YmVwVzZDc3V4NnN1VEhhOFRLa0NTTVR1Yzh1ZWo1cUwyRVdfenZYWm5UUnZFZi1xVUt4b0JTM0ZpMlNCSUFmN3JLeWRhRFJTMWxlYnZXMklIdjNxNkFsd19sQWJHQVNxSkxQV3hkb2VFeHdfVjR2T0RocWpSOUpEUzF6dHB1UUY4WE9ZYm9CTUpLbVFoM093Nkd6NWszYjV3REJBS2w4WGtuay1UcUFWQkNLdEtqZjF0TlpZV3FacEM2d1FaYXc1aG9TaFFsTGtzTDJMckowcV9Xcw?hl=en-US&gl=US&ceid=US%3Aen,Babushahi.com,23 hours ago,🇺🇸 Reaper Drone,https://news.google.com/api/attachments/CC8iK0NnNWZSRGwzV2s5eGRrUTNPVzlUVFJDYUF4aW1CQ2dLTWdZeFVvd1NKUWM=-w200-h112-p-df-rw,2025-10-21T06:42:14.209593
Best drone deal: Take 20% off the DJI Mini 4K drone,https://news.google.com/read/CBMibEFVX3lxTFBvVzg5MF9ZdTBZbVN3T05wMGxtdWtFYWhLZ1VOUTVTeFJjQXMtUndWSVY4QWRrb2p6RWRQbG0tUlBlYWtIRDY4OWlER3R1aWxXVFo0M2FKWEplbVJUUlpxS2ZmUkU5dGk3OFA5Rw?hl=en-US&gl=US&ceid=US%3Aen,Mashable,9 hours ago,🇨🇳 DJI,https://news.google.com/api/attachments/CC8iK0NnNXZhWEJ4Tkc5ak0zWklabmxwVFJDZkF4ampCU2dLTWdhUkZJU3RGUVE=-w200-h112-p-df-rw,2025-10-21T06:42:14.209595
We Review DJI Mini 5 Pro: A Drone That Redefines the Mini Standard,https://news.google.com/read/CBMikgFBVV95cUxPUkg4dm1WSDV6Q190ZnZIX0oyV3ZEMXV1TEI5SFozVDdiVE8tMXBPUFNJb2h0VktIelpYNG16Q0xZaFg3M2pXZW42dlFKcUNoZ3l0MHdxc2pMR2RreUliUVpDci1SbDE2YXlZMFRtcVdPX3czSWt4QmVjaWtlRDNoU2RGbFl3R24zdGplbGFHX1dYQQ?hl=en-US&gl=US&ceid=US%3Aen,Fstoppers,11 hours ago,🇨🇳 DJI,https://news.google.com/api/attachments/CC8iK0NnNW9OVkphVjB0M2VtSm1PR1ZCVFJDZ0F4amhCU2dLTWdhWlFaTFVIQWs=-w200-h112-p-df-rw,2025-10-21T06:42:14.209597
Beat the ban: Get the DJI Mini 4K drone for its lowest-ever price at Amazon,https://news.google.com/read/CBMiX0FVX3lxTE92dUdKTW12QWhPWnhOTjJNYlBaSFdtS09LcG5xZDJ5c01FMS1kT3E4ckJkS3FmYWJUY3ZWN2lyMXhLZjVqbTVYZGhCLWlScTA1bWRoVlFZUFdWUW5YTTFR?hl=en-US&gl=US&ceid=US%3Aen,Mashable,11 hours ago,🇨🇳 DJI,https://news.google.com/api/attachments/CC8iK0NnNVBaRXd5TTBFeFptMXFSbHBaVFJDZkF4ampCU2dLTWdZZFU0cXRKUVU=-w200-h112-p-df-rw,2025-10-21T06:42:14.209599
Should I buy MAGA stock before earnings season - July 2025 Update & Capital Protection Trade Alerts,https://news.google.com/read/CBMifkFVX3lxTFAxUnhTTUI1ejdtZkRpdlQtSDB0SEViQVk2MUlpNUVXdjV2bzZKZTBrQzBhcnNRSThobHA3SndGVEs3d1RnNy1wVURqTHY0dno0aXdlNGVYTWRaMVhzTTVCR2V2dDVBNDRWMDBGR0tBQ08tR0oyN2JETXBlcXNaZw?hl=en-US&gl=US&ceid=US%3Aen,nchmf.gov.vn,16 hours ago,🇨🇳 DJI,"https://encrypted-tbn0.gstatic.com/faviconV2?url=https://nchmf.gov.vn&client=NEWS_360&size=96&type=FAVICON&fallback_opts=TYPE,SIZE,URL",2025-10-21T06:42:14.209601
XGIMI’s Vibe One is an ultra-affordable Google TV projector and Bluetooth speaker,https://news.google.com/read/CBMijgFBVV95cUxPX2wwZm1iOFFLRDQ4TkVUNHFZcVZFVW0zWHIzRmFXOEV4eTR2ZFlaM2dTdWl4M05kN016T3NlZWNXOHRxWlN2UEFvdWphQ3FReTBybDNRc3JFM1pQUmNXTTNqVGhnbmdWX2pDRml3X1FVUHRMZnV4elZaOExySzhxX3NCdkVSU21XanFoZVFn?hl=en-US&gl=US&ceid=US%3Aen,T3,17 hours ago,🇨🇳 DJI,https://news.google.com/api/attachments/CC8iK0NnNWphbGhvVDIwMWNDMVBWVVZuVFJDZkF4ampCU2dLTWdZcFJKQnZJUWc=-w200-h112-p-df-rw,2025-10-21T06:42:14.209603
US Navy select General Atomics to deliver carrier capable CCA designs,https://news.google.com/read/CBMirAFBVV95cUxOMDRvODRBUi1UaDJfd1RBM1JGS2lfRUloSllrU1hzSE1YVUNRR1JDdHVQZUFzc1ZtelRjVEVjY2oyQlhrVmdQbFB0NXB1dk1WeW90d3oyUW0zS3p3UkxIT19haFc5MXpnQkR1ZEpVbnZXN3c0MUwxOHVSYUl4Rzl4MjJ1elAzaXoyTXdXUjdzVUlKdGpmX25xcjRUdDloSEduZGVCNzY0d3h0eHZR?hl=en-US&gl=US&ceid=US%3Aen,Naval Technology,11 hours ago,🇺🇸 General Atomics,https://news.google.com/api/attachments/CC8iL0NnNU1SazgxTlVONVptSnRibGRSVFJDYkF4anFCU2dLTWdrVklvNG9NaVZGNWdJ=-w200-h112-p-df-rw,2025-10-21T06:42:14.209605
"Dutch Join USAF CCA Program, Team With GA-ASI for New Small Drone",https://news.google.com/read/CBMipwFBVV95cUxPeUJleThSUWxSUFlCSGxJdzg4RkNrYkhRcjVEcDk0TUVQaWsxUHo0b2l3dm9CSUhBU21XV0tnNzU1VkItd3BEMXA2d09LX2t1U3J2QkY2djE2c1FFN2xGc0xXcE5zX2ZLTlhTTlRkU2cxWHAzancxenFSSFdwWnJXcFE3UE4zYUsyVExac1BWUk0xdU5jZmhxOXZWdXlsNkZTZHdPbmU0NA?hl=en-US&gl=US&ceid=US%3Aen,Defense Daily,12 hours ago,🇺🇸 General Atomics,https://news.google.com/api/attachments/CC8iK0NnNURiVk5HZVZsMGNWaHNiR0p1VFJDUkF4ajhCU2dLTWdhQlk0eEtOUVk=-w200-h112-p-df-rw,2025-10-21T06:42:14.209607
General Atomics will compete Gambit variant in US Navy uncrewed fighter programme,https://news.google.com/read/CBMi1gFBVV95cUxQSkYweExLRFVTZTUyYnNRdWh5cnAxZHlUQlFfTWdwYW9Fb0tKN0RWa2RQQi04NUlCZGs3a1dlQ3k0b0ZEUUtfVkFLbkVzaFhpZXBEVG1uVmZaclI0eXpnZG5oUHlBNzJpX0lWUlk0VnZ2blcyQ1lXLVZYM2poT1M1M0hqU1FiMEM5ajZsY0ZOdktBS1hJVGhvblExRjFTM0ZqbFZfV0QxQ3pzbnQ4ZnktWXFqcmdKdXA1N05BdmpYYzEyX2E5RVowVjhGdkFQRlRrUnlXOGJn?hl=en-US&gl=US&ceid=US%3Aen,FlightGlobal,13 hours ago,🇺🇸 General Atomics,https://news.google.com/api/attachments/CC8iK0NnNDRWVFJ5VFU0NWMzVTJZVjkwVFJEZEFSamdBeWdLTWdhQmNJendNQVk=-w200-h112-p-df-rw,2025-10-21T06:42:14.209609
U.S. Navy Selects GA-ASI to Develop Carrier-Based CCA Design,https://news.google.com/read/CBMie0FVX3lxTE9WclR0bU1CXzBrdTQwUHpkdmtHSDJDVGJOQ2h3OGZ4bkFxb3dFdHlBNHlBQmRQQUw5d3FJNkN6dURONzVjZWYtZXRST0tQbkFEcDZVemJ0eE5pdW1DV1VDWnpxUXdYckc1YnR2VlFQemdiTUl6dnhtRkxXRQ?hl=en-US&gl=US&ceid=US%3Aen,The Aviationist,15 hours ago,🇺🇸 General Atomics,https://news.google.com/api/attachments/CC8iL0NnNVZSa2w1VUVSUFMxQmlTblJXVFJDUkF4ajhCU2dLTWdrWklvNEpLdVZFeGdJ=-w200-h112-p-df-rw,2025-10-21T06:42:14.209611
"GA-ASI, the Netherlands Partner to Develop Small Uncrewed Aircraft",https://news.google.com/read/CBMijgFBVV95cUxQdzcwLWl2d1ZwV2ZjZGVmMHg1TjB6cEVPZzE0bkpRQm9UNHNUb0tlRjcxNm1aWERydF9QX0phZlFDMk9YNzJoeXlsNHNCYjk0bC1DcUl3eGNSeVJfck9iaWFBWjJPNG9IRUs2bTFQRXpBdC1tb1lSNTA5cktKY01LcU5TdVZ0cGRmazMyMG1n0gGOAUFVX3lxTFB3NzAtaXZ3VnBXZmNkZWYweDVOMHpwRU9nMTRuSlFCb1Q0c1RvS2VGNzE2bVpYRHJ0X1BfSmFmUUMyT1g3Mmh5eWw0c0JiOTRsLUNxSXd4Y1J5Ul9yT2JpYUFaMk80b0hFSzZtMVBFekF0LW1vWVI1MDlyS0pjTUtxTlN1VnRwZGZrMzIwbWc?hl=en-US&gl=US&ceid=US%3Aen,The Defense Post,20 hours ago,🇺🇸 General Atomics,https://news.google.com/api/attachments/CC8iK0NnNUdOSFZLWm1kTFgyMW9SVWhYVFJDZkF4ampCU2dLTWdZQmc0NHFOUVk=-w200-h112-p-df-rw,2025-10-21T06:42:14.209613
AI in the loop: Transforming military training and system design through smarter simulation,https://news.google.com/read/CBMixgFBVV95cUxNLUNJeXBRbGtkcko3ZkZsR2pBTUtrZUs3VnNLT2hVVXMwUHRoWGdYV2E5VUVPNmdWWGlSLTFLUk1PWG8yem1KY0dUSU56SUVETi1WLWVFSDZaZGgtY01nMWx3ZS1MdS1FaWRoSUg2ODZqdGZVaElKLUd4VkRzbndrckgtd25MTTF4S3JYM1lDXzNjd3lJMTdBQ051b3ZmenVjTWFiRm1zN25tMFNmYkJ1ZTdvRlo2RnFQTnZoZjJrQWl3QnhaWWc?hl=en-US&gl=US&ceid=US%3Aen,Breaking Defense,16 hours ago,🇺🇸 General Atomics,https://news.google.com/api/attachments/CC8iL0NnNXFiMDkzTFZrNU1rVlhObWhaVFJERUF4aW5CU2dLTWdtTlVZNm1IcWsxQ3dJ=-w200-h112-p-df-rw,2025-10-21T06:42:14.209615
"French Army chief Schill sees Europe facing empires, vassals, war",https://news.google.com/read/CBMiuAFBVV95cUxQYjJHVERjOHlHdUZzdkdfTkRWQWsxVVZ3Qml1bFFVUVg2SVM2MzVvamZ1bmYtemJDMERBeldqZVRnYkkxOVJRcDhlSDFTUEJ6aENKa3ZGX0lhOFlmdTBCdkJwckpzam84Q285N0VMaDRCLTE2ZzJOekdDSWF0OVVFNmlyYTJ1MVczRU1VRzNWTjBmTFZwY0Jvb01QSDhoQktscHQxa3I5dXFJenlyUEdGb2RQX2VKSWNO?hl=en-US&gl=US&ceid=US%3Aen,Defense News,18 hours ago,📰 Defense News,https://news.google.com/api/attachments/CC8iK0NnNXdRVEpEVUU0dFVFRkZkalE1VFJERUF4aW1CU2dLTWdZQmtKQVN0UWM=-w200-h112-p-df-rw,2025-10-21T06:42:14.209616
This ‘Black Hawk Down’ hero is now the namesake of Fort Gordon,https://news.google.com/read/CBMixAFBVV95cUxQeklDQUoyTnpGZWVmbEFhV1pibG03MXFpeFNOUlJRcU5nWEI3eHhtc2pleXlYOGZHR1NSSy1DZkxFbmhaS1UyZzFhSGlOV3BDQUdzRnluUGF5STNQbWxMY09KTHp2TmE4LUdnOThVaDFndmNFSGNMenkzUFV0ZVNZaDVWclZCMnEzQzdMOVJ4Z3lMdkZyeUREckNKc01IU0p3ZkR6cERBaXpNSkVOa0tUUzZFZVlCMnhkaGZhZjlVZGtkZXNK?hl=en-US&gl=US&ceid=US%3Aen,Defense News,15 hours ago,📰 Defense News,https://news.google.com/api/attachments/CC8iL0NnNW9RV04yT0RkTlJYUXdMWFYyVFJDaUF4amVCU2dLTWdtSllJU3J1ZVV0S1FJ=-w200-h112-p-df-rw,2025-10-21T06:42:14.209618
"Germany, Netherlands spend $4 billion on Boxer-based fighting vehicles",https://news.google.com/read/CBMivwFBVV95cUxNR3ktb28wVHFIYVBCVjNwWmxXRXdVX1FsTHNXejUyWEV5S2g3N0VLVVozRmhseGxNXy1UNGMxY2htaWNUNnNFeUNqMlFSWUVXX2JuVmJJczNOR3hHRFpNbGJMU2lDdmRXVHVhbll2M0RXVDJfRkFiSFowSkZ4NDBhN05XYUctOW9pcS1LZzcwcXZUejYtdWdOdk5Ldk9BVXd6X3VCRlY1djVsUlU4WnNpSGt0Y1pjclp5TkFmN0JOcw?hl=en-US&gl=US&ceid=US%3Aen,Defense News,21 hours ago,📰 Defense News,https://news.google.com/api/attachments/CC8iK0NnNW5TV0UwYm5FMVowZEZjVkJOVFJERUF4aW1CU2dLTWdZVllvNHZKUWM=-w200-h112-p-df-rw,2025-10-21T06:42:14.209620
Army engineers to integrate unmanned DARPA vehicle to clear mines,https://news.google.com/read/CBMivAFBVV95cUxNSUdJNTdlcGdrNVA5NkhZelNhdU1rallQRWpsZTJhYzdILThabktzYXBmcjl5ZDUya2Vfa3JyLXJZeHVic2pFWWIxVjUyaXIxNWcyWFFZN2tFVV96aUZZblN6Umh2ODZ0dV9LV1B3el84S1hicXZ3Q09RazV4X0xxTFk3SnpKVEFPdDFNZThPMVJJclVVQmlDY2Jjbm5MdE4zOUhXZ3JmdVoyLVYtRi1UNWRNX2VhMzU3S05Ocw?hl=en-US&gl=US&ceid=US%3Aen,Defense News,13 hours ago,📰 Defense News,https://news.google.com/api/attachments/CC8iK0NnNUtjR2hFZDI1Sk9VNWZPR2h0VFJERUF4aW5CU2dLTWdZZHM0Nk53UVU=-w200-h112-p-df-rw,2025-10-21T06:42:14.209622
Army to evaluate new 2-in-1 all-weather jacket from Gore,https://news.google.com/read/CBMipgFBVV95cUxOdnVkeEtzdHhlS3pNR1hTQXhHb0MxUWg0ZzZpUGFCOEVTWndEaVdOcko0d3dJVkM1TXY3ZUFrQzltUkN4dlhxamNNRW5jVGtpR09xZ195eFVoQTgtdXhhSnNSaFlWcXdUZ181SlNsZ256YjZJY0xfTTRSN1o1LWhKZVhqNVc1dUFkOWc2d21COUNocG9kX1JQMDROQWF5SXRZRlpzVXl3?hl=en-US&gl=US&ceid=US%3Aen,Defense News,8 hours ago,📰 Defense News,https://news.google.com/api/attachments/CC8iL0NnNWtlalZ5VGpWUVoxbG9jbk00VFJEZ0F4aUFCU2dLTWdrQklJNmtuaWNXU0FJ=-w200-h112-p-df-rw,2025-10-21T06:42:14.209624
Army counterintelligence agents to get enhanced arrest powers,https://news.google.com/read/CBMitwFBVV95cUxPVGxuMWNxbVNDWTAxUVJURzlGWm9RM2NYYTJyT2k4U3BzSkkweXlpX2pXV29rV3JkNEFfZHRKV01LVVY1ZVQ3WXJpaXl3bXNfS2dzTU0xeUYtVUlZbkZsLWQyOGZwLXZTUmFpcmw5cC1lY1RPbGI5SmNPcmpqOTlNam9DMGJwS001WW9aQUlMaTM4elY2VDFFa0Q3WHdvZkVUQU9sY0hLbTBoUGZ3NmJZZFJwWkQzQW8?hl=en-US&gl=US&ceid=US%3Aen,Defense News,10 hours ago,📰 Defense News,https://news.google.com/api/attachments/CC8iK0NnNUlTMlpWUjBoNlZtbGlXVGd6VFJERUF4aW1CU2dLTWdZZGRaRE5MUVk=-w200-h112-p-df-rw,2025-10-21T06:42:14.209626
"Defense News, Covering the politics, business and technology of defense | Defense News",https://news.google.com/read/CBMiQkFVX3lxTFBjSTl1Y2dweWxlYXQ0YWpVQWRSbWg3QUIzcjN1bDNDX3Zzdk81d2dHNmZoRnhrS3RMbmZRQjBoVVV1QQ?hl=en-US&gl=US&ceid=US%3Aen,Defense News,"Dec 18, 2014",📰 Defense News,https://news.google.com/api/attachments/CC8iK0NnNTBUM04yZERGb2RXTnFWM2RDVFJDM0FSaVRBaWdCTWdZQlJKRG1JUWc=-w200-h112-p-df-rw,2025-10-21T06:42:14.209628
Seven ‘Nisei’ soldiers of the 442nd posthumously receive commission,https://news.google.com/read/CBMiywFBVV95cUxNVDZmVTZIMTFSRTR5dndLbDBYcnh6ZDhEaEhnWmg2UjA1WXA5VjNJM29YSFU5SjBEVzNXSUVVRTQ3Q0ZUbnE4UVFVekl5RUw2QUlNaTh5MWpXNmFGM29mQmw2bnNZbGx3a2xxSE83dldRX1RXNE1iQlFENTROSU5BSi0wQnYzUXVvRGRESUJCOWFZNVhJRGZYZG5EbTB1V0lRbGFIb0tRd2R3SktqUkZpMlFDcmZpdEN1NVhIQkpnbkE1RGFJa1ZUTGtMSQ?hl=en-US&gl=US&ceid=US%3Aen,Defense News,16 hours ago,📰 Defense News,https://news.google.com/api/attachments/CC8iK0NnNHdWVzFzYzNSQmJXczRPREpGVFJEeEF4anFCQ2dLTWdhQkE0S3FzUU0=-w200-h112-p-df-rw,2025-10-21T06:42:14.209629
Army NCO working group focusing on frequency of moves at large bases,https://news.google.com/read/CBMiwAFBVV95cUxOUlNQTUpCM084VzEzejF4ZTlnaVd3bXlwRFB6aVpOYUQyUHlqcUJ2WWtWeFc2U29TdWxVWlBvS0JhYUMxVEFIaWgxaWhsSkhidTM0bThaR1ZwNGFLQVFoV1laN2xYajFQNDlnUUUyOGhrLWMyOUVnZzhzVTN2U2V3WUtLcG5KXzY5MHhkRFhmNmxBYUl4UHVTZ3JDY0Jpeno0SlM4Tk9LclRnUWlFUk1YVk96WHlxbzFzeC12SGh2RUg?hl=en-US&gl=US&ceid=US%3Aen,Defense News,11 hours ago,📰 Defense News,https://news.google.com/api/attachments/CC8iJ0NnNDVYM0p5TkZCU1NsRlFRM0J2VFJERUF4aW5CU2dLTWdNQkV3dw=-w200-h112-p-df-rw,2025-10-21T06:42:14.209631
Iraq keeping some US military advisers due to IS threat in Syria,https://news.google.com/read/CBMiwAFBVV95cUxQZmpHUVpZeThFTC1nVEJnOWlWYy1EZHdwUExyZEZDbk5tOEliLTViSnlUckNjbzdZcG5ISnAyLWNBeFRWTFZRQVEtQ0JRZ1ZWU29TcTJVdVBVbXFvMDhNbkhObWN1UkhPQlJrNm5qUHlfc3VyeGpMYnZJRlFxYVNuMG5WRDdSY2ljMUhVdXlaWVNtTzJtLVF3cVJ2YWVxMGNzWmhYaW5sTXducGV6aWJURmtNUmFONEw1LWRZQlhJMVM?hl=en-US&gl=US&ceid=US%3Aen,Defense News,7 hours ago,📰 Defense News,https://news.google.com/api/attachments/CC8iK0NnNHRNMnc1YldWTVdrTnNPWFphVFJDekF4akJCU2dLTWdZQmNaTE1LUWc=-w200-h112-p-df-rw,2025-10-21T06:42:14.209633
ADEX 2025: Hanwha unveils new loitering munition missile for Chunmoo,https://news.google.com/read/CBMiwwFBVV95cUxQbDIyNjFjbFVDbWVheTU3QWYtX3FFeXBfVlhtcHpCczhyMnE2b3BKOV9WbGpFbms3bHpLcndFcUtlYnd1NmlHb2p2eVBBN1BReW9kUDB2NDJNTXAyMHVZWkZDcXFzQkVCWHlmZnBXV2hpVWY2Z01TeVdILXdZQkVpZHVwei1PSnNwWlAtZkp4U0lMaDU1dmR4YWFLdzV0eW1ud3lSbkhtOHVmV1MxSmtnd0piSmtVSGhPOVJEa084WVF1YTA?hl=en-US&gl=US&ceid=US%3Aen,Janes,15 hours ago,📰 Jane's Defence,https://news.google.com/api/attachments/CC8iI0NnNWhiRTFoWHpkRGJVTmZOMHM1VFJDVkFoallCQ2dLTWdB=-w200-h112-p-df-rw,2025-10-21T06:42:14.209635
ADEX 2025: KAI sheds light on domestic CCA concepts,https://news.google.com/read/CBMirAFBVV95cUxQRzBWWkdLcTBxZkdJM3NjcmlXNzd3UXJ0SElpM2ZaWVp3RWtma0oyQnh3YXhCX0w2ZWVEQTVfRTk0WlV2aWtCQUV0RjNrb3V6VER6NzlrS0pSMThsX1owLVZpNG5SMmZSbEdvcVB2V2tmRUVUdXh5elhGNG5YNGcyckZoNmdRTEhsRjhWQWx2eW1OenV4R1FMaTRsSGl4M1lSa0lyb1RLQVVKZVF1?hl=en-US&gl=US&ceid=US%3Aen,Janes,16 hours ago,📰 Jane's Defence,https://news.google.com/api/attachments/CC8iI0NnNWtZVTl5VnpZMlZscDRPRmRqVFJDVkFoallCQ2dLTWdB=-w200-h112-p-df-rw,2025-10-21T06:42:14.209637
Latest defence and security news,https://news.google.com/read/CBMiXkFVX3lxTE1NV2RKMWptVEl2dGJsRF9NelBvRFQxczZ3Y3FobnpYYVlQVk5CcEhBbEE1aXUxeUtzVllUeU9GaFAybkFxV2RRR3B4VW1oSk5tQTFXQmJqTVp3b3BFWXc?hl=en-US&gl=US&ceid=US%3Aen,Janes,"Jun 4, 2024",📰 Jane's Defence,"https://encrypted-tbn0.gstatic.com/faviconV2?url=https://www.janes.com&client=NEWS_360&size=96&type=FAVICON&fallback_opts=TYPE,SIZE,URL",2025-10-21T06:42:14.209639
Türkiye signs C-130J support contract with Marshall Aerospace,https://news.google.com/read/CBMiuwFBVV95cUxNRTgzZmJDTnVaWTVkUC1iTDdmLV9EOFF4ZGJXZ3R6dHFMTjF1dlZlWWdIMl9iTkJBa3JsYno4Y2xPQ3dzSEFlYVp4VEFJM0pfTlNZUlkzX2RaeGlBenh2aUpxMzJhSVhtWlk0LWhYQldWSGNDTE9XblZCODFZaWdQVnNReVhBeUc2a2VnM0h6OHZmNkpoaUtib2N4ekRGX1pjV1R6SE1JNHhsMHoyNkhnQmFNaVFTUjJrUE1z?hl=en-US&gl=US&ceid=US%3Aen,Janes,17 hours ago,📰 Jane's Defence,https://news.google.com/api/attachments/CC8iK0NnNVFTRFZ3ZW1aaFMzcFlVblpVVFJDaUF4allCQ2dLTWdhaGNaRE5OQWM=-w200-h112-p-df-rw,2025-10-21T06:42:14.209641
Lithuania receives first Black Hawk helos,https://news.google.com/read/CBMioAFBVV95cUxPaWMxaTBrUWk2NGtyLU1IQm9uVldMS25Gc0QtOXhRRDBmZDBqV3A2QjV2UzdCVHgwLVFsaVg5RXhUcXlvM3FOaVlncl9HVk1WUUdsU3B2dVhOcGNKWG80R09pRUxLSmhxR3NGWk1CRkl5UEotX1VCZG5GbWhVQlAyMnN4Qk1Cc21TLXkzTWhvTThoYXlYSE1wOXo2d0JKcnlF?hl=en-US&gl=US&ceid=US%3Aen,Janes,16 hours ago,📰 Jane's Defence,https://news.google.com/api/attachments/CC8iK0NnNDJOREpKV0Y5bU0zcEZWbHBaVFJDUUF4allCQ2dLTWdZQmtKVEdOUWM=-w200-h112-p-df-rw,2025-10-21T06:42:14.209642
India fires Nag Mk 2 ATGM from Zorawar light tank,https://news.google.com/read/CBMiqwFBVV95cUxPWS1wMEE0T3NPQlpFTEgwU3NnWkJoelNlcmJLeVNJdTVpaEVvNzNsVnd1aENzdV96d29ZbENBblpqNkpEYmozVFRuRDFuUGxZUFBuU2xOLUdZdTdEUHpBWkpmVVpQSlpuUTkxYkFGa0hPNWxfeUxIVExvcEItTWViTnNGb3NBODNiTjBTOG82T3NwZm9OQUozd3JaTEt5aUp0QWJ1WFpkeEN1bUE?hl=en-US&gl=US&ceid=US%3Aen,Janes,20 hours ago,📰 Jane's Defence,https://news.google.com/api/attachments/CC8iK0NnNUdiVFJ4YjJ4TWNEZHJiVUppVFJDUEF4allCQ2dLTWdZWnNJcnR3QVE=-w200-h112-p-df-rw,2025-10-21T06:42:14.209644
California Police Say Shrapnel Hits and Damages a Patrol Vehicle During Marine Corps Drills,https://news.google.com/read/CBMi2AFBVV95cUxQNU01cTN5b0s2RC1fZFlqbHJxaGJ3cDh4cldJSTNWMWR0cS1lbTh3VFdTNzZwM3JTSGFtTEFGUUVWYWJsTEdBc0RPNUI1aVlSLVVzYmNTVUZudk0taVZucVRhVkZRaHJOOGIxaXUyMU40UGg1OXFjT2d1QnQ5anlySlhKSlZxNnJ2LUhTUF8wN241N2dzbk1fVUlzdGVOV0FHZm4yTFozVVdHMExNMHd6ZW56bE5uSVFZSTJJQTdoWF80N1hDX09pS3NxTUFvdElHR1FWSk5NQk3SAd4BQVVfeXFMTjd3MmYzSzJfR1pqcFJrb0FaOUh3M1ZWS2VDMmQ2NlhPSk5LVGoySE43OTFpZ2RmMUFuallDc2ZiTW51bkFsaVNEbUtyWlRtbE1VTnVONjZydlRWcktIZ3ZNT2FKcDd3ZEw0a1AzaFhEVHRtalZOXzdiVVNjRFdBNjhfT0dfSW5wNG5aTFAxS0JTU1VoWmFMcEQ2ZWVxd2ZYOHVfTmFXNDNiMVUwenJCWnREWDRJRTRXMFhwZUZFZVRzZS01bjQwaU9INUI0U2JoNkU2bVB1Vjhpcno5Y25n?hl=en-US&gl=US&ceid=US%3Aen,Military.com,17 hours ago,📰 Military.com,https://news.google.com/api/attachments/CC8iK0NnNXdWRU52V21kNVJEQkhibEYyVFJDZUF4anRCQ2dLTWdhQnVvWWlQd1U=-w200-h112-p-df-rw,2025-10-21T06:42:14.209646
What U.S. Forces Face as Venezuela Puts Russian-Armed Military on Wartime Alert,https://news.google.com/read/CBMi5gFBVV95cUxQMEp5OGUtS0h2VTd3T19RTzJuZGNOS3NBTllwUDlyRUFpN2swQk1jUHE2ZXRRdHkyYWtncHc3aDJyQjlHNHdCY3ZyQUNQQmp2d0NGb1psc05mQ1hjUzdOVkNqbk5QVzZ1NTdUNzEwMGowVGlNbUtRdFRtSmJtOHFxMHRVWDJRNEJfenUza0pMcS1VZmhOOG5kNHk2cFp2OXhKVk9QWTBSY3ZIS0QtbmMyUk9BaDVseFpYVHRSOVdxQ2VpTzNPTjBwN0lTeFlnZFM1NEluaVpvUWI3a25pOVF6dmgwZFJLQdIB6wFBVV95cUxQU2dXaWJ1dnJhS05ONUdJdFFTNVVTX1QySU9pN2pxczRjQnhUTzg3Y0gtN3JDWk1tYlBCZk5QOUkyLXA1SzJQbXQxc0luTVN3RWtGQVhPSDFrTEt1bGlYU1VFUHd2TnVLZ3gxRjYwU2VyNTdGYURyeHdKeXVzU3Q2bUUzLUpWY1ZSNVlaWW43LTU5TDZKSlJTTmlwM2ZxNzBiS2EyaUx4UTF6SEszeXVsQUhHaUZtWTgtTWpkWFRkR0FsenZnQ1VUY0ptRmNDSG9CSVpMSnNvTTJET1lpVmcyWHNIMEhHeTVicVln?hl=en-US&gl=US&ceid=US%3Aen,Military.com,12 hours ago,📰 Military.com,https://news.google.com/api/attachments/CC8iK0NnNVFjamRPWjJOclVWWm9jSFJPVFJDZUF4anRCQ2dLTWdhTlFveUlOUVU=-w200-h112-p-df-rw,2025-10-21T06:42:14.209648
Trump Backs Retired Navy SEAL in His Quest to Oust Kentucky Rep. Massie in Republican Primary,https://news.google.com/read/CBMi0AFBVV95cUxPdVotNHRCbnlSaE1NUVFhUktLNGlTSy14RGk3VTFYbE55ZkR5aThMeE5EWDRvbGxaNXFLWEtTcHVfVFVwSlRsYlhvME9YT0puM2VxZ2FDUk9XZkhtVVltTk51Z1Jyd1hPSHVxYmlIUDhjRXBQY2ViTGpYbC01NEtudXhoNHVnbzVmR1JKa1JURTFzeWhWZVMwYUFIM2dxcWV3S0Y4ODVNdTR2Vm0ydUhDcVAxaV9fYUktaGF2bW1zb3ZzYVRPT2pYM2FWQmo2UThV0gHWAUFVX3lxTFA2dE9WZUlka2NJUVcyTkhtQ0JXM3NtQUlQY2gyc1VPYU52eW11SXBFMEVXWkZIbWtBaFJmbFNpMHEteFFnaUNWbHlTOWRZZ29zQ1FGaGZKOC1yRzJybXZUaVJiMF9PYjFGalgxREt6MU5NWVZHSTFpVkx5VlhzV19nUFR6Zlc4STF6Zm1rOExwSFI2QWItc2Y3ckN3OVliTGNZRl9DTXZSbHRGOEI3ZkplSXVYR2N5aVJoOTVzMEprak9INXpvMmxhaHl6OWRFRk1wTUVnNVE?hl=en-US&gl=US&ceid=US%3Aen,Military.com,10 hours ago,📰 Military.com,https://news.google.com/api/attachments/CC8iK0NnNVJUbUpIYW1OT2MzcG9hVXRNVFJDZUF4anRCQ2dLTWdZeEpKQ3ZGUW8=-w200-h112-p-df-rw,2025-10-21T06:42:14.209650
US Envoys Arrive in Israel to Shore up the Gaza Ceasefire After a Major Flareup,https://news.google.com/read/CBMitwFBVV95cUxOR2xIY0dsZlVLUHo3RVM0ODhzblJEWWRZc1NVamkxWEV3aWtpNjNiMkJxU1B5dnlZaDl0N0RNZTVpajFwMWVoYl81OE5zbnVqc3RjNUVfd3VRN2dQRG5EQzRxdk9KYVlnWDQtTUJUcF9LWjJhaW02enpOT1F6dmJPMHNuY1VvREhBM3NqYkpGek0wZEE2N1Q4RG1EaVRHSThTaTcyTkpSQkc3UDRBYVpxSWlCU3NIaWfSAbwBQVVfeXFMT09fcDhrSG1YTFBMTXd6RHhQUXdfQjZ1WndnbnVfcWphWnRGa00yc0w3Z1BKd1FiZ01QRTRvX3M1TnZ6Y3lLbGx1VEtFRXh5S1VZQklid1pTR2plTFE3WU81d205WUUxM05ZUnM1YU16UXBJdzNqVVZlWEpOd1huTDBqM0FZMWdEYUptNmYybUg5MzduVlV2RmZJUXA4S24zZS1HeXBZU0R0am5YYlIzWklXb1psUXY5bG00eFI?hl=en-US&gl=US&ceid=US%3Aen,Military.com,17 hours ago,📰 Military.com,https://news.google.com/api/attachments/CC8iK0NnNXhaVW8zYnpGYVdURmZRbE0yVFJDZUF4anRCQ2dLTWdZQlFZWnJNUVU=-w200-h112-p-df-rw,2025-10-21T06:42:14.209652
Artillery Round Explodes Over I-5 During Marine Demo at Camp Pendleton,https://news.google.com/read/CBMiyAFBVV95cUxQTUMxYy1CU3JUMzhjUWJBWHlZc3BKMGZDeEFvc3VyNVpOdlZ6ZGl1U0lLeU01YWVYUC1zUXctNS1fS2FCLWxjZDZPYy1xZGxwYmFMQW5PMlJEeXVidFhaNWJRNjRyV09PdjVUSHgyTDQ0Zm9Rb0RZeUZNX0FmTllDb1JoUEk3bnNsRVN0cFdnNmR6UXRtd0lIYmZGeG5Zd0J5YXIxLVlTQWhwUDBabHdLbEF0RVAyRFBtcHJISi1PeWEwa3gxLTkzcNIBzgFBVV95cUxQWFF4VDAycng5RS03Q2dYZkp2cnpfcmhuNHNQMUNoTjkyVUdXcUdGYms0MGRZRXBzUUt0RXFmYjd5blI2RERSY2dtLW1VbFNPaXc4V3VYQ09LSXp3cm04eVNMMWxfZ3FTbnVSYnFodFd0N0N3SGRSWjRIV1RaV1FPOUdld1Y2SllaZ0E3SFlzdksxM3RPR2ZQOVFiVERIN0pBWU5xb1hBS0RGaC1MNkUwenBxMTVqOVlkWXBOdDMyaXB5SnNCSF9NVzMwMFBkQQ?hl=en-US&gl=US&ceid=US%3Aen,Military.com,8 hours ago,📰 Military.com,https://news.google.com/api/attachments/CC8iK0NnNUxjelI2TnpaWk1GRkdhaTFVVFJDZUF4anRCQ2dLTWdhRkU0cmxEZ3M=-w200-h112-p-df-rw,2025-10-21T06:42:14.209654
GOP Lawmaker With Furloughed Military Spouse Calls Firing of Federal Workers 'Mixed Bag',https://news.google.com/read/CBMizgFBVV95cUxOTlFvQ3NDYm9HNm44VVpQWE5zaE1ndnVMejhvaUxhdUJldFVfVUZJM3AtYkVSczRhUVgyRlp3Ny1fOERyYTR2ME5jZU9Temk2bHRhT0xPbnVMYzgtYjB1ZFpPdGd6LS1tUGFZMXV6SlVQZnI0UHZRZjluQmtDQWdKNHZXRTZmcURRbEZPYlRBM2p2WWFxOGtfOEw0UUVwZjUxbnZ0YURTZkdqUC05b2R5R0NhUmVZMWlYaDhJQlI1X0NxS0stMDNxZlAtMUdHd9IB0wFBVV95cUxPMHVIczNBT2pwUXUyTGtJUW04bTZmcnJQY25ITHN2MjdGX0tuMVVURUNpZkNSYUUzMkRCWTh5SzdyQkNNRG0wYV9YMmM1ZDNBMDhhclNHOHlxQjhFWkhLZGgzZzVORWdHSDF3VFZrQUJqOFJtM0d0NEp6SS1MR2VhSE51a0s4WlgwM1dEM2JmSlpsMGdxZ3lxWEY3Xzg2bWRuS0Z4YnRETl9WUU1ldjlpNlhPd0Y3bzVfMDVpcVRnWW5TY2ZSMllsQkVJeGsxR1Q1TGdR?hl=en-US&gl=US&ceid=US%3Aen,Military.com,14 hours ago,📰 Military.com,https://news.google.com/api/attachments/CC8iK0NnNUZkM0JOTTJWNU1GVnBXR2RTVFJDZUF4anRCQ2dLTWdZaGRZek5PUVk=-w200-h112-p-df-rw,2025-10-21T06:42:14.209656
"Military and Veteran Benefits, News, Veteran Jobs | Military.com",https://news.google.com/read/CBMiPkFVX3lxTE9DVDJ4UURidnBtTjBaSkxIWWFPSnF6LTlhb0FOTE1JMUV0ZFNCNnBBZTNSN0QtbmZOVzNsX0tR?hl=en-US&gl=US&ceid=US%3Aen,Military.com,"Dec 1, 2010",📰 Military.com,https://news.google.com/api/attachments/CC8iK0NnNDRUekoxWjJsQ2JIRkZlbGhTVFJET0FoajBBeWdLTWdhTlVveW9OUVU=-w200-h112-p-df-rw,2025-10-21T06:42:14.209658
Ecuador Says It Has No Evidence that Survivor of a US Strike in the Caribbean Committed Any Crime,https://news.google.com/read/CBMi0AFBVV95cUxQOVltbVA5YXJtVU40WUZMQ0tVSHdQa1ZmYWtJQlY3MTBmbnpNWnhibldaSUpBVjFvNnVkR0xlT2pWRVV0QzVmcDEtUWdyd21LNmtrREdnbzBhTl9KNzlsLU5tb1RZczM3N2R6QnUyT0d0VkdyaUNoWkpxdGdLNVMyaGt4T3FCcHFnZk51bGY3SmU5LUU4NGc0T1NNM294M0R4Zl9WaGVkbTRncFpuWS1RaTM5enRLdEcyRjJtdkt4bjdoeDJiVnRkMUpUZkMwWldQ0gHWAUFVX3lxTE5WQk5UUk9YUzhiVXJLQnh5dTNheUpCNkZmeVQ2TGNqV2lNak01MkhGYXVfclprVGdITzVqNTZwbndoaVloNU15QmJySnhnWDZWbXNmWHFHV21TaDBxdTFzYjZENmVaY2V1eGl3dTBiTlMwbUhDdkJPLWRZbS01NDk4bXBkR0poazFZaU5kOVhCN3J1OGg0akkydzhVbkdJdTZudkZDOFVfX1VDNjF2NUZaUGVGLXdTSm9nTUNQLUVWb0M1U2NSN0F2S0p1ejFEdk5YTy1uNHc?hl=en-US&gl=US&ceid=US%3Aen,Military.com,7 hours ago,📰 Military.com,https://news.google.com/api/attachments/CC8iK0NnNXRSRzFZUWsxeE9IaGxiMEpoVFJDZUF4anRCQ2dLTWdheFE1SlFJUWc=-w200-h112-p-df-rw,2025-10-21T06:42:14.209659
"WWII Nurse, Age 100, Still Fighting For Veteran Recognition",https://news.google.com/read/CBMipAFBVV95cUxPOWJjcTBtRElJMGJyMHpNRjl4S0ZaOElRZVpNejZvb0N1RkpLYXNtRUctTG5yN2x6VUVaVUlzd0JhTXpXZDd4MVA3OWJac1dMYlllcnFOWUFjT1V0WFlIQmxXdTdLM0puNm9UajR2RjV0QW9UbXJHM0YwcTAzV0gzSjRzTFpzNEpROEVxeFJrOVJKOUlhcGhQVGhXcy1rSXNhOHNnaNIBqgFBVV95cUxPU1hpamQ1YVAyZGtnaXdTV3ZQbzR4dFItbFlMOW5uRzRoclRZdlBYVmhYZC16ZE9FbVY5Vkl1VUhDQmhxU25vSWlRSld3OGtuZWJHMDBRT2FYcjVxWlNDZTdmUWtjazlOZnAyek5WMWtyTTk3QmZhRVlWNU9hUl84VU5kOUktc0F5QjdwVWU5Z2VmQm1WSHZuNTNIYlN4TmlZYWk3VS1zN1dCQQ?hl=en-US&gl=US&ceid=US%3Aen,Military.com,15 hours ago,📰 Military.com,https://news.google.com/api/attachments/CC8iI0NnNURTVFpXVUhZMVpHNWFZbDlsVFJEU0F4anRCQ2dLTWdB=-w200-h112-p-df-rw,2025-10-21T06:42:14.209661
"Russia's Novokuibyshevsk oil refinery stops processing after drone attack, sources say",https://news.google.com/read/CBMivwFBVV95cUxONC1zd3JXUVlvYUxiaGFqRU9QU3lmdU4xazhqRDlDMEZuM3l2XzNiTUhIemtiT1AzMUlTaXNpM2J5Nnl1Ui01anpLdHdZMjV0RF90bzB2VWlBMjB0bkRHRlNHblhURkNVYmxFNzNWMTIwUnhuTU96OG4wamc4Wk5TTlFkeWNyNkV5V1pwSHhESUFmYnpGS2Zwal90UGtRaGdwMC1WdXQ3VkhhaW5HYXhVNUpYMDhHMmJuNGhLZTFKYw?hl=en-US&gl=US&ceid=US%3Aen,Reuters,15 hours ago,📺 Reuters,"https://encrypted-tbn2.gstatic.com/faviconV2?url=https://www.reuters.com&client=NEWS_360&size=96&type=FAVICON&fallback_opts=TYPE,SIZE,URL",2025-10-21T06:42:14.209663
Civilians in Sudan's al-Fashir cower from drones as siege worsens hunger,https://news.google.com/read/CBMirgFBVV95cUxQQ1NzUGpXZ25kdXJQNFA0bzVPcXJvcTUtLU1VcFN0SHYtY3M2azFsa2pvS0JrRTM0S1oxZ0hQMlRacUdkQjNiSFQ5WWdSWGxkcFppUTBkazIzQ0JBdmdTYlhiTWY2SVZBQWNTdElHZm12aS1saTRoUTFaanlYbXR4YzJlYjJCZDI2dEJGcTFTYmZMR2FGbjFQNFlMSUJUVm5BcUczUjlFQ2V4clhwT2c?hl=en-US&gl=US&ceid=US%3Aen,Reuters,14 hours ago,📺 Reuters,https://news.google.com/api/attachments/CC8iK0NnNHdia1pMWWpkdWNXWTRlR1pQVFJDUUF4ai1CU2dLTWdZQlVJUkpLZ2s=-w200-h112-p-df-rw,2025-10-21T06:42:14.209665
"How we confirmed Assad-era mass grave conspiracy: Witnesses, science",https://news.google.com/read/CBMilgFBVV95cUxORDZyNUgxdS1iYk9vdlFTbVJzVXRfekl3YUktWXN4ZVhTMENkVFlsc083NTc2LTJVSXkwWVpGTVBsaWdlQTFpN3RUdzBWOHhlSmMwQ2FURndwTng2Z2tMWThKY2ptQ2FhQ2ppdjEzN1M1SlFlNVAyTzVtMV9QQXctY2I3NWV0RmpsT0l3WXNRU01xSkp2bmc?hl=en-US&gl=US&ceid=US%3Aen,Reuters,22 hours ago,📺 Reuters,https://news.google.com/api/attachments/CC8iL0NnNHdUVVp6YldsTVVXZG9jMlJyVFJDUUF4ai1CU2dLTWdtUkFvUnNqYVZNdGdB=-w200-h112-p-df-rw,2025-10-21T06:42:14.209667
University of Arkansas fires law professor over Charlie Kirk comments,https://news.google.com/read/CBMivwFBVV95cUxOY0ZaQm9lT0RZZ2k3S0hRWjExUVhIcXpfb0NaaC0zLUJLWTc1c3hEM09NTlBTcC1XaUx6dVhjX0ZGaGZpaGJjbnRKVUZiNjBla2RzNnUtSjRsQVVYZXczX04wcVYyc25zSlFxUWxaa1dTSXJ5MEZaaVB4akpUaW52Y2FIVE5nd2NFQXMzZ2JDQy00ZkZEdWNoR0k5WGg2THFhRWx0b2ZtYjNKNXdSd2h6VjdIUzV1SFB4cElWckxBcw?hl=en-US&gl=US&ceid=US%3Aen,Reuters,12 hours ago,📺 Reuters,https://news.google.com/api/attachments/CC8iK0NnNU5iRWh0UTBGWFluYzRkMVJFVFJDZkF4ampCU2dLTWdZQkFJQnJRUU0=-w200-h112-p-df-rw,2025-10-21T06:42:14.209669
Investors managing $3 trillion in assets urge countries to stop deforestation,https://news.google.com/read/CBMi0gFBVV95cUxNd3J4ZXVFMnVwcFdKd2dtR0s2N29FZ1pzckRtd1JieHVvQjJ1QTBBN3ZmaU5GcWxjelVrTE9JenktTTVmWnJYVjZxZV9OeWJ4d295T3FqenQxaElDQ09iX0NNNVh1VHBrVmRVR08yQkRxbERzQ19BckN2R1FNekJQZkFiaFd6RGdRaHcxcnJWRVE3cGhicGRvZzRYZ1Rhb0w0TUwxTkpsUmQxT1QyNjR2Nmw5aGJ1enY0V0swRXVVbkRheHRDT0txakktODUyN3VIV1E?hl=en-US&gl=US&ceid=US%3Aen,Reuters,8 hours ago,📺 Reuters,https://news.google.com/api/attachments/CC8iJ0NnNW5UVTVCYzFSWlVIWlBiRXhzVFJERUF4aW1CU2dLTWdNQkd3Yw=-w200-h112-p-df-rw,2025-10-21T06:42:14.209671
"Iran's Khamenei rejects Trump offer of talks, denies US destroyed Iranian nuclear capabilities",https://news.google.com/read/CBMixwFBVV95cUxNWUhUQmZfYXUxUHYxVDNVTVRoVUZXcHZkMnVvUGVFVlRwUnR1VDFTTDZmN0phVzdDbEhCQ0k0ZWVrTDJQZ2p0MEUyeDFiRExaTnVwRGRRY3d1LWJZeEdhZDAyekd1Z25TYmJYQVdfMjE4NWQ3OTN2a2lvUXRJZkxpOWxfS3NTMW1ra0YwYUcxOGRjNU9aX2gtUGQ5NGFYMnpDVV81TXM0aFQ0RVYzdjk0SEMtVmhnOU55bDMwYnpUNDRRMHhuWUlv?hl=en-US&gl=US&ceid=US%3Aen,Reuters,6 hours ago,📺 Reuters,https://news.google.com/api/attachments/CC8iK0NnNVVMV1JLY1hKVlJsSnRaakJNVFJERUF4aW1CU2dLTWdhTlNJN0ZMZ2M=-w200-h112-p-df-rw,2025-10-21T06:42:14.209673
South Korea ramps up security ahead of high-stakes APEC summit next week,https://news.google.com/read/CBMiwgFBVV95cUxNVUZhdWpNNG1mSHFHWF9ZZENnbnl3NGRFZk1HQXQwcmVmdFdYOERqVVk1WE1yUFotcDFRQkg1eUl5Q29VbHlRbDhSOENpNlRnVmQ0LVRSTUQxZUNCN1dHYmUxeEt0aUN1SVRxZWZILThwT2E5dzhNdk8yTVpId3k0YUxOTzUwM05QVTYwRW9XMWhlaDZkM0FJVjlDakk4RlY1QjluazRBbUE2YkstYk5oX24yckRPS3FHQ0NCVEdUTk1Sdw?hl=en-US&gl=US&ceid=US%3Aen,Reuters,18 hours ago,📺 Reuters,https://news.google.com/api/attachments/CC8iK0NnNDJjMDlpV0hkR2EyaHFhak4zVFJERUF4aW1CU2dLTWdhaFk0Nk5xUVU=-w200-h112-p-df-rw,2025-10-21T06:42:14.209675
Argentina's central bank says it signed $20 billion currency swap deal with US,https://news.google.com/read/CBMixgFBVV95cUxNVDJuWUJRRk1zenZEeldydXFJNkZITExCcGh6SVhQZ1I5cVhTVkQydGRNMk1obTVXZXFYaEEwcWFaRXlWUEdtRFJPN2E4RGJHWk8tWnFNOHdpTEZ0VjUwTXdKcWhqbzItUHRSLWd0N0lPR2ZwS0pocXozZGE5c0dERnNxYkNzLS1XUy0xYnVmR3NJRDlHRGpQOXN2T1k0V1NqdU9WN0gzNTUtQ2JPY0RIc00zQlc4ak5jUndzMmFINFVaRjN2TlE?hl=en-US&gl=US&ceid=US%3Aen,Reuters,6 hours ago,📺 Reuters,https://news.google.com/api/attachments/CC8iK0NnNWZhMFV0T0hOVmRFNXVhM2sxVFJERUF4aW1CU2dLTWdZdDhJYTEwQU0=-w200-h112-p-df-rw,2025-10-21T06:42:14.209677
"Europe 'ready to deploy' troops to Ukraine if ceasefire secured, says Healey",https://news.google.com/read/CBMiWkFVX3lxTE9TaHZRWmdVVGVlQ1NET3Y5RXhjcHpuUzBRcWN6QVF2Y2RscDZkcDRWcnY3SnV2LWxnbWc5bGZoVVhjQi1zTHI2ODB2emhldldxRWMweWRqYTVTZ9IBX0FVX3lxTE5SQkVMTlViMDRiYVZrSHNLMmswTXc0T0ctbElua1dhOWdlYXNjcWlET1M0dl80dm4yaU1hQmVaMHRkeHRVdlJkNVpndkkzSExkUkZKZUhnYXRnWFhTQURj?hl=en-US&gl=US&ceid=US%3Aen,BBC,8 hours ago,📺 BBC,https://news.google.com/api/attachments/CC8iL0NnNVlRbUZLYUhGU0xURmhlV3hSVFJDZkF4ampCU2dLTWdrUkE0WlN5U1JVUWdN=-w200-h112-p-df-rw,2025-10-21T06:42:14.209679
Debunking claims US 'No Kings' crowd video is old footage,https://news.google.com/read/CBMiVEFVX3lxTE0yWmhsengtWDdZU2pZQktXa2s5VnZFZ1dFSHF6NDItXzZKR0VnSTRpYXlwdC0yQWZ4RV9IdTlUc3IwTzBkQmNNTE9DZ3RmUG81YnBadQ?hl=en-US&gl=US&ceid=US%3Aen,BBC,15 hours ago,📺 BBC,https://news.google.com/api/attachments/CC8iK0NnNHRRVWd6TFVKTE9GQlhTV2hLVFJDZkF4ampCU2dLTWdZTkFJZ2xEZ3c=-w200-h112-p-df-rw,2025-10-21T06:42:14.209681
BBC at scene of 'brazen' Louvre jewel theft,https://news.google.com/read/CBMiV0FVX3lxTE9vZHJETjVjODQtSndYZVV5LWhsSnVhem5QX1BmeG9wUkxhSWJBbmM1T1B6Rm05blJORWRzRlREY1E3X3lacVNWSWN1RHVyTVhlenhwaTRpOA?hl=en-US&gl=US&ceid=US%3Aen,BBC,19 hours ago,📺 BBC,https://news.google.com/api/attachments/CC8iK0NnNTZTbVJSVUZOMlgyTklWRWRKVFJDZkF4ampCU2dLTWdhSk9KVEZwZ2M=-w200-h112-p-df-rw,2025-10-21T06:42:14.209683
Trump says ceasefire still in place after Israel and Hamas accuse each other of breaching deal - live updates,https://news.google.com/read/CBMiXkFVX3lxTE11dEhSclV3ZHpWZnlqUEpjZ01LZ1dudEdBVktaRnJBSndNckE3dXVaMmZzV0NaVHdjbHJRMkZSZEhvbnNnVnM5TDFhUTY1c1pPbUU0TGhZeXVJZjN5bWc?hl=en-US&gl=US&ceid=US%3Aen,BBC,22 hours ago,📺 BBC,https://news.google.com/api/attachments/CC8iL0NnNUJiUzFLWDBKc1EyUjBXR3hDVFJDZkF4ampCU2dLTWdrQlFJYWlMaWM5TkFF=-w200-h112-p-df-rw,2025-10-21T06:42:14.209685
'An embarrassment': BBC reports at the scene of Louvre robbery,https://news.google.com/read/CBMiV0FVX3lxTFAxOXl0X1RYSWlGODlkQi0tS01xWThXVzVwamhxYlhUekFmV2dDVEQwUXdyeXNpdktuRm9nTlh6ckhmQWxhSXh4NGRISmtwTHpkemtVdWNyZw?hl=en-US&gl=US&ceid=US%3Aen,BBC,23 hours ago,📺 BBC,https://news.google.com/api/attachments/CC8iK0NnNWxOMlpRVlMxUVduWTVUSEEzVFJDMEFSakFBaWdLTWdhQmVvZ2pOd1U=-w200-h112-p-df-rw,2025-10-21T06:42:14.209687
Archive shows woman rebuilding Ware home in Wells-next-the-Sea,https://news.google.com/read/CBMiV0FVX3lxTE5ZNkpXZHd5X1pkOVJBZUxBcGI0MWdDYWF4M25Jb0pBVWJmTXRaNkFkOFBVZ0hySTZNQ0phamVKeUZIbE5LTnEzMjdJZGVYUUJjZWVfRTE5Yw?hl=en-US&gl=US&ceid=US%3Aen,BBC,16 hours ago,📺 BBC,https://news.google.com/api/attachments/CC8iK0NnNXFVakJxWHpZNWJ6WmZSSEpsVFJDb0FSaXNBaWdCTWdZcE00Z3lvUWM=-w200-h112-p-df-rw,2025-10-21T06:42:14.209689
LA turns Confederate statues that launched US protests into art,https://news.google.com/read/CBMiWkFVX3lxTE0yUWZDaWY3emVMUVBFRHRPTURKSldIbHRnTjB3bmMzcGFUb0lTXzJKaEktQmxOZTFpLU5qT3pPTDJfSHhQenptWVA4M0hvamctU2xQRDJnaFpyd9IBX0FVX3lxTFB6NW1ZVjB4cWxsd3NGTEZTUk82Y0hCdG1FdUI3Y04yZEcwaW50d3dpdXJnel9rb3VfaUh2QTlOcVJGbmJhR1pDTTg1dHV0YXFobkNKN0cyOTBTRFZ3Nm5F?hl=en-US&gl=US&ceid=US%3Aen,BBC,9 hours ago,📺 BBC,https://news.google.com/api/attachments/CC8iK0NnNUVaMHRtTlZvNFdFRmpTVTlOVFJDZkF4ampCU2dLTWdhWkI0aUpEZ3M=-w200-h112-p-df-rw,2025-10-21T06:42:14.209691
Flight path shake-up plan for 'outdated' 1950s airspace over Scotland,https://news.google.com/read/CBMiWkFVX3lxTFBqeXRuQWNHRG0tN1ByNFNzVVgtbXgwSC11Z2x2WVpoUkdTUG1ZV1dwUERiMkFTb2tOQndjSXNiYktGbW8xZVdDSVJNcHlSMXFVcnZCN3V4R3VLQdIBX0FVX3lxTFAyMWpzMXZMeUdlcHZZZ09FbGI3blB4cHE3VVlwc3hGc19YczQtUTJZZERqZ0RBRlhQdVkxQmV0UlNZNndHRExycFBWUy1PaGFlWTdxems4WGhJZElqVXVr?hl=en-US&gl=US&ceid=US%3Aen,BBC,18 hours ago,📺 BBC,https://news.google.com/api/attachments/CC8iK0NnNUZhR3Q0VEU5dWIyUkZNbDlyVFJDZkF4ampCU2dLTWdhZE00eVBwUVk=-w200-h112-p-df-rw,2025-10-21T06:42:14.209692
"October 20, 2025: Government shutdown and Trump administration news",https://news.google.com/read/CBMihAFBVV95cUxOa3l4alN1bGZwSkg2dDUwRjU3NUozTFI3NkE3VVRaZ2lFQ1hPSnRDRnVmWG5ITzJjY2pqY3RONXRybG9ZQ1VUVV9XdmZUaWxoUE9LeHJHV1hic1o1WURpOWVib2RqcEVfSlBIdzFrOUEzZmNqeHVkWmVBRk94a2tSYU5GbWs?hl=en-US&gl=US&ceid=US%3Aen,CNN,4 hours ago,📺 CNN,https://news.google.com/api/attachments/CC8iI0NnNXVka1ZSTUVsSWNXcFRSMFEyVFJERUF4aW1CU2dLTWdB=-w200-h112-p-df-rw,2025-10-21T06:42:14.209694
Justices agree to review federal law banning drug users from possessing guns,https://news.google.com/read/CBMigwFBVV95cUxOMGNKUVJNT1VtVVFBQVVWZUpNUlU2eklaYk9mNVNXLXM4VXA1SEJTdXloelp0RlVuT0c2Rmhua2xHdTFKMThWU3ZKN1ZmeGdFSHpaQU16UXRYUWxoSllfWklrVVByWFNWd1BMSnZ5eFRabllEVTNEQkI1dnFPeVRLTDRrcw?hl=en-US&gl=US&ceid=US%3Aen,CNN,17 hours ago,📺 CNN,https://news.google.com/api/attachments/CC8iJ0NnNW1aRVUyVlRBeVRHZGpVMHQ2VFJERUF4aW5CU2dLTWdNQnNBQQ=-w200-h112-p-df-rw,2025-10-21T06:42:14.209696
"As tourists continue to visit national parks and DC, advocates and local businesses warn about long-term impact of shutdown",https://news.google.com/read/CBMiiwFBVV95cUxQcEFOUXJ1NTBGTHNzNWVTam44cnVZaGFDVDBIVGNjOGZyUGVWM01EaGUtc0VsaVRRUXcxMUhtSnZnaXJqVC1pVFl2S2dCNGlVSEJXLVRXN1N1OUc2R24teHJrV2diZWlpQk5hNWJ1ellldjdINmRRQThEQ2lpU3BKMUsxV3JNbHNlZHJF?hl=en-US&gl=US&ceid=US%3Aen,CNN,19 hours ago,📺 CNN,https://news.google.com/api/attachments/CC8iJ0NnNXpVMUZDZEhkS1ZFcEtSMWhWVFJERUF4aW5CU2dLTWdNaHNBWQ=-w200-h112-p-df-rw,2025-10-21T06:42:14.209698
US-made Tomahawk is a tried and tested missile – but it’s out of Ukraine’s reach for now,https://news.google.com/read/CBMitAFBVV95cUxQcURsR0tobzNaOVowYjZPNzhITGN4MzlNYlNpekhzQlZoVVVkUUVoR3cwcDlIa2RXOTU5NktLWmhEVzJLekJwTGZwZXVHWkw4QUpDSThGNWlYQThySDIxY1BKdmFsTUo5QmxhRzBicUZ6OXFaTW1UQjBVOUtCb0hsaEtWaUtES3Rab2trQ3FjcFIwZGhhZUczZmRHUlF4LVJGZWNzRUstVTVJVjNnQXNqMWlVU2U?hl=en-US&gl=US&ceid=US%3Aen,CNN,18 hours ago,📺 CNN,https://news.google.com/api/attachments/CC8iK0NnNDJTRXR2WWtKYVZsVkJSVWhUVFJERUF4aW1CU2dLTWdZQmtKYVdQQWM=-w200-h112-p-df-rw,2025-10-21T06:42:14.209700
Why the world's largest shipyard is part of a plan to 'Make American Shipbuilding Great Again',https://news.google.com/read/CBMijwFBVV95cUxNZ2wwLTlrTk92WHByc1k3YjdkSUpueEw5ZTFGZUFoRDJtdDhGc0U4RkJRX19xT2tTQmZEUlNJTXpUT1U5OTNFYmJrSkx6R0ttOV9NcFpfSzhyNmd0OWtXcTBLaFBWdWZyOTl5U3pkN09jMDhYNjlrMllOWFVRdTN4SzAxZE5HUTJOQk8yZGMyVQ?hl=en-US&gl=US&ceid=US%3Aen,CNN,17 hours ago,📺 CNN,https://news.google.com/api/attachments/CC8iK0NnNWtRMFI1UldsMU4ybFhOR3cxVFJDZkF4ampCU2dLTWdZQlk0cWx2Z1U=-w200-h112-p-df-rw,2025-10-21T06:42:14.209702
CNN News Central,https://news.google.com/read/CBMicEFVX3lxTE5qOXlYMTNvTnNJemoxa1NCZTY2djB3NVpPZEtmQWlTaWxYT0NIQy1CYk9razFwUldYSWtEajNvNnMtS0E0QU5BQVhhZlNOYV9HRnQ2V01kMHZfM3hUVDRCVTNKdURWRkkyTnk1RDdwQ1c?hl=en-US&gl=US&ceid=US%3Aen,CNN,18 hours ago,📺 CNN,"https://encrypted-tbn2.gstatic.com/faviconV2?url=https://transcripts.cnn.com&client=NEWS_360&size=96&type=FAVICON&fallback_opts=TYPE,SIZE,URL",2025-10-21T06:42:14.209704
"Russian invasion of Ukraine: Latest news, analysis and videos",https://news.google.com/read/CBMiUkFVX3lxTFBWRXB2M0pvSVBLbTlwd0I1QWJ2dmVlOUd6MFlkbWtHOUNNTXUyRE91S0Rwemo1V3RtdW82MkVpcXhWVUI3VmhjbkZWc0sxOWJiQ1E?hl=en-US&gl=US&ceid=US%3Aen,CNN,"Mar 10, 2023",📺 CNN,https://news.google.com/api/attachments/CC8iL0NnNXlRMWxWZVVsWE1VTXdaek5GVFJDZkF4ampCU2dLTWdtUk1wd1VsZXFwS2dJ=-w200-h112-p-df-rw,2025-10-21T06:42:14.209706
The Situation Room with Wolf Blitzer and Pamela Brown,https://news.google.com/read/CBMikgFBVV95cUxQUzlfdjhRNGMyMU5ObWVSUW5TaWlfX21zd0tJbVR5RHByZTBxdGg2anVRN1BBX1RKWC1YZHBmMVhmQ292ek9pWF9uYklxSk1pTXMwSlFjVHF3QzhnaTVKckpJd21Mam00dGRRbFlkb1A5MmlfSFNzQ3kzemdKUlJyZ3EycEZ3ZFZtSXcweHFEeGFDQQ?hl=en-US&gl=US&ceid=US%3Aen,CNN,Mar 20,📺 CNN,https://news.google.com/api/attachments/CC8iK0NnNVZTbk5mUzNSTExVbFhiV1JhVFJDa0F4alpCU2dLTWdZSlJJZ0VvZ2s=-w200-h112-p-df-rw,2025-10-21T06:42:14.209708
CNN shorts | CNN Politics,https://news.google.com/read/CBMiXEFVX3lxTFBhY29CLXV2VnBKODNYTlFZTVliQk41a2dtaGlWUW1HTF9hNUZ3aDRpZC1GLU1jbmlhalBQUHhkakJiWV9icGp6Snc1Q2tuZWpjcy1VdUdwQnlKUm0y?hl=en-US&gl=US&ceid=US%3Aen,CNN,15 hours ago,📺 CNN,https://news.google.com/api/attachments/CC8iK0NnNDVWR2REU25kZlZGZGFRMmRZVFJEakJSaWZBeWdLTWdhVlE0aXVwUWc=-w200-h112-p-df-rw,2025-10-21T06:42:14.209710
Opinion | India Still Wants to Work With Trump,https://news.google.com/read/CBMigwNBVV95cUxPTEZGQTcxLXUtaWVsV2RRR2t5NWNXeEszZWNMajdRVkF1d0F5WU5FUEc5MXVEOTBveVBCVWFEcXZYcm1MTFpvd0tydjRfcFB4U2FkYVhQZ05EX3Bhc3djZ3RVaHFYS2RLVFhqdjE4eHFRTVVOVTF5VjVDeHFzQ3VvdTV6N1o5V09nYnNJRmV6RUkxanNfLTY5OEdaWFpjY3haY1dNN0pRaGdZYlRmak1LRk03LV9SRjFFVHljM3UtTV93MW9mNlNnOFlPd0E2N0JUdUlXWlROb1h6OVJqaWNHNEVDbXdGejRQbTlSalkyZllnOThhNnJ1TWQtMWJZQmtzYWp6SzlFQlNxNEduMGZqV3J2ZUZGdG0wSl94UV9acjNFc2x4YXJFSnJFM1Z6cTFWdXpZazJlNmRlVVpUVDQ0WFZVbDEtTGVDM2tkX2ZLLTA0eWtjRTZOaDdSQ0t5R0xjUHJZeml3VTZsREMzRU5kOG9PczBYM1p5VGFXOTBrM1ZtMVk?hl=en-US&gl=US&ceid=US%3Aen,The Wall Street Journal,10 hours ago,📺 Wall Street Journal,https://news.google.com/api/attachments/CC8iL0NnNXJhM1ZWUzI5aFRVdG5iWEkxVFJERUF4aW1CU2dLTWdtUklwNHlsU3FpcHdJ=-w200-h112-p-df-rw,2025-10-21T06:42:14.209712
U.S. Rushes to Shore Up Fragile Gaza Cease-Fire,https://news.google.com/read/CBMisgNBVV95cUxOWEhUajRqcEd1MjRxcjlrQjhyckJsZDJ5TERBalJTdXowVldnZ0IwOEdVaFhTVV9jTTVTVVpOSU5sbnRUdHp5eHlwc3NLbS1RV29TYzRTekI0TVhycTh0MjVNQkk1R2dHWmZFNFZ4NXI3TjU5U09mdEtLZjRoaFd6bU9TeS0tMVMwMF9udEU4Q1VjOHFJdHMzSlNtN0lpS2xzOFRaeWJweW01amFLRjlYUXoyTVppTl9uQldaU0Fvd1E2NlBDOFpIWHhiM3pGWUtsWjFoa0dJaGp6NGEwZmtaNmJTQ082VUxBM2VFMUd4S01QZ2FiT3JtZm9qSVpiSmYxOV9UTEtVTGtnQlBmMFFUZ1lUdG8ta3FpNVlBT2kyVVI3aXV0VHRQZmx1YU1pSDBIQVgwV01odXp1ZlRHeTZfVVdfNFJWbXVIb0RVVVJoM1lXZ3ppeHU4YlhYNnQzelNFNkUycERmY2k0WjZ2OUFkQ0ttd0t3aW4zTURVX0ZlQkh3Y3dKdkFKVXlxeHFmaGdHZzFrZWRra3NKZ0g2YnA2bGYyRWNXUExOMW9pajk3ejJRZw?hl=en-US&gl=US&ceid=US%3Aen,The Wall Street Journal,14 hours ago,📺 Wall Street Journal,https://news.google.com/api/attachments/CC8iJ0NnNUtZMjAxUlUxMFowWnlVa0ZFVFJERUF4aW5CU2dLTWdNZDhBQQ=-w200-h112-p-df-rw,2025-10-21T06:42:14.209714
"Cyberattacks Cripple Small Businesses, Even When They Aren’t Hacked",https://news.google.com/read/CBMiqwNBVV95cUxNaWdRUF96S1FCRnJYTnYxY1hjX2E5OFFYdHlMNk1nQWNZMVdZRzlMZkoxbUpwTmNXY2xJamtwellWbUZZY2xuUmNKeERuUzJHSVlOQVNjQmFOM2pybWlIOGpmcjFCbVFLaVp5SFBSYUZmc2VZOFhoTGx1eDAtWEJMU0pYcnlvX0hMZ1gzeGVXRlE5blBtRDNrd01Zc2k5RzFYa2dvSDdVb3YtYS05ckVnWUZHazBSTVp1RDM5NlozSThWb04yNFl5T254b1JtZzc5NXVRYW9adUdMRVBzQnk0aFd0anJMSEJzbWpsejUyNEE0NVduaERfejVnM1NrczdfdG0ydUFwMHVRd1ZZM3Yyc2JkZkt5czhma2t0SWJTUEJyMU5SNGJVY2RNVXBtcXJUVk1WU29lUWQ0WEszeVViTl9RR0VXa2ZfX0UtWG13VU1JUGw4QW5uMGNWUmVybzhlaGg5Q3laaTYxR0pmZFhOWjhuVzRoM01WZk5jWmNvUUFjbXgwYXNSbDFsNUo4VUN1RUduNXpmcW1VdWozUXU2R09hSk5ZSC11Z2ZN?hl=en-US&gl=US&ceid=US%3Aen,The Wall Street Journal,23 hours ago,📺 Wall Street Journal,https://news.google.com/api/attachments/CC8iI0NnNUJaWEozVW10NWJsQm1kVUk0VFJERUF4aW1CU2dLTWdB=-w200-h112-p-df-rw,2025-10-21T06:42:14.209716
"Comex Gold Settles 3.50% Higher at $4336.40, Record High",https://news.google.com/read/CBMimANBVV95cUxPakM5NllObkdOeXhPQkw2SXprZjljamhwcjg1VC11Z3BwSGVweVZmeXhpM3A0eUttT3BpcWJvalloY2t3aWs1azFtZ3Mtc1c3UnhpWlNOSGc5OWJ4cEFKUmxWclFlV2pqYUNPUXhSc2N2VzJOMlhycE85cDFOQTNEQ3I5dnJwdHJDaFluRkcyNnJiYmFURGFkc1h4MlloUmxnMmMtTmZxcHJ0ekdVOWFzbGlMSHpzRTY4RGZ1anNmX2tnaFpDcGJPeHdMVlA4M0p6V2RFX0ZRLW1QMFZhRjU0dVdLVWdJRm1DODZkMmhHS2ZtZDZ0XzZDWFJmelhmZVhFLXdfMmJ6aUlveU42cXMwSXdHUksyQmhzcmVJazdnU0YzRG8wY0lqS0hDVTMxMC1JUmVVbkNXc29OY3R2U2E3czRTejlNNUl6UVlCTFE4ZnBBMEFQOTZEeGtKVGlKOEZDeHI0QzZmYXpaWWp6dlM0OE9KVUpmYm9lMEw2dHRwYzhubEphNnRkeVd3cFFSZi0wdFlBdXhJdEo?hl=en-US&gl=US&ceid=US%3Aen,The Wall Street Journal,12 hours ago,📺 Wall Street Journal,https://news.google.com/api/attachments/CC8iK0NnNUNURzlYWTJNNWNIRkdVakE1VFJDNUFSaktBaWdLTWdZSnM0d292Z1E=-w200-h112-p-df-rw,2025-10-21T06:42:14.209718
"Companies Prepare for California Climate Reporting, but Final Rules Are Yet to Come",https://news.google.com/read/CBMiwgNBVV95cUxQYTdJU1JkajhrdEZ3NmN6Z0FKTkh4S3Q2cUQzQlQxeV9RYmtWUEJ1R0lFb2F2dTRvYnpULUNjTjVHZnBWTEthN0tZV3JvM1h0eklfUmtibEdST19MbzFnQ2kwclgtVFB4MzZtY2lrQ2pxenBBMmE2ck05SG41VndVUlJuMFBhc01KVHFQbVMwUDkwSnpXYy1zUU9ldlROd1FyWkJJZ3Y3MGwxaWJjZmNGb0t6R2xzRnRxdmZyWmp6cjNnT0Q5Zlg5UGRCLUVnaGtWNGo3elNpZ2VFZzlRZDFhWFJVUXdYai03aEdneXc0OXJUQS1GN2tCTEdDdU1YT0V4WHNZSzVvQVhhc2ZfWlk1dkt1cmF4VnRjWnRnSzJxdkdWdFJVY3p6OXRWamVtOGROVU9IVGNodTNkS3ZGdTlYS3NXOVZmZFVBUzBoa3JXemgzZS0tbzJJd002dXNJYmlybWZwYWplcW9Xaks0ZTZlRWl1OHVlLWJib0pKQ1p6dmh2R0FqdUMxY3U5T0trWlMyLVVkMGEzdDBZS1J0aHFyaHBGX09Ybnk2djF6ekNYRTFUeUtSY1gtWm9uX1p6dk9EMnc?hl=en-US&gl=US&ceid=US%3Aen,The Wall Street Journal,20 hours ago,📺 Wall Street Journal,https://news.google.com/api/attachments/CC8iK0NnNUxUa2xGYkRsQmVIbEhiekZJVFJERUF4aW1CU2dLTWdaRlFaRFZvQWc=-w200-h112-p-df-rw,2025-10-21T06:42:14.209719
Startup Aims to Fight Wildfires With Water Cannons on Drones,https://news.google.com/read/CBMiwgNBVV95cUxOQVNUMjVRTEFXUHNFMU13Vlg1LXczYmdHN0tiNDlYaGNCNGVsUXN3R0praTAyVmZ6bVdFN2VTZlJGRWV6SzljbXVDVUtoYmlwWlRlVjdObFpNQ1M1cl9zdUtNSzNiU3J3ZllPR2JrZ3RvNFhKVGNRZW9WMUhSOVVvS0RVOTJYUXJnRnJsR05yaUtEelJZcnlVZUw5bmh5aXg1WlNKaHlFejF3c1VqTWZfeVhHbEk3d3JjTU5qMl82TFYtZGRoaUxnN0theF9kdTc3UmVQSTY3b1dwdWFVZEN2MFpZa2VqanFJdnhXNER3R2dCaUpXSUhEUUpGNjJDbkJucWZWYTVzRHVwQUlSbjRjcGhNSHpUaGIzSVd0dUxvd2ZOZm8wQ3hMaXFLc2lNOTVPTmVwbUJVSFkxWVBYZWdfUXo1TXVvZHdIbE9YR2pzbXBZYVpSLWROdDk2b2RNbVNwdkxTeHhpVUhWWlFwZ3JEUTdxYl9OclpTTlRTWkdFbWZZOWZPME4zaXdYX0h3UEk0Wjdwc0ZiWXJIMGxkbHhQeEpOeDZvVzNVWEFKY3dLMVpZU2FTOXRtSkxwSWt1WGNERVE?hl=en-US&gl=US&ceid=US%3Aen,The Wall Street Journal,20 hours ago,📺 Wall Street Journal,https://news.google.com/api/attachments/CC8iK0NnNVBTVTkwUlRSaWFsUlNUbVpaVFJER0F4aWtCU2dLTWdZQjRJaW1UQVE=-w200-h112-p-df-rw,2025-10-21T06:42:14.209721
A Ukrainian City Fights to Keep the Power On - WSJ,https://news.google.com/read/CBMilANBVV95cUxOR05UejlEMnJoMTlCV2VhaG1ZQTlsV1FLNHdvS05hZ29RVjlrWk5QLTBCWk9BajdLRWdEVlF5MjJzTjVFVDNoSmNlNi1OeWtFNjhsUDN5QWRqaGM5c0pxalE0NVJELVotNWk3eHEwbUhBcFlsSGhpOURjRktRak9NVC1xYnZ3U01ROTg1LWx3aW11QU5qcGN0dkg1UTJJOE9lQ1ozLXJuQndlSkdfYXZNTHZqVVdSTUpRblN2em9SSUNuUW1zYktJb0hkM2tFMWVtMndhMkh6WWpUcktWR3NhQkVObHU0d1FweDc3YThySTY0bkRTN3RBeDN5ZEZHYUVNRGIxSXpDajZQUEVYbkE0WGJVUjNjLTg4SnU2d05wZndMalZfNXYzd3VuQjhYRGVweGRrTF83UHIwU0pjeFJGUmN0bDZyMXVmU2xXZ2J6ZXpGOWdKVFZ0dDZiWkp3ZVloZUN0VXdvUDJZcXN0aHZ4VjVPdHpCZUdiRGJNbXpTdnNQcTczS1BFeEtPdUdNdTVzc1NUXw?hl=en-US&gl=US&ceid=US%3Aen,The Wall Street Journal,4 hours ago,📺 Wall Street Journal,https://news.google.com/api/attachments/CC8iK0NnNVNORWxNVG05dlNHVmpTeTFqVFJDcUJCaXFCQ2dLTWdhRmtvNnJPUVk=-w200-h112-p-df-rw,2025-10-21T06:42:14.209723
Wahid Nawabi - AVAV | AeroVironment Inc.,https://news.google.com/read/CBMilANBVV95cUxNVzdCTzN1bDc4STF1SmVCRUllU1U2cXh1TjF2d1NaWTNOUldiVXVraDBDT095a2YzUEdBa1NaTGgyay1EWTBkdzRBVE9aOFRleURWc01nZm1RQzZSRFUycTFJWXBNMFU4SWdvT3pRWTNWU1VjeG54UFFXT3piaG1XUEhBdF8yZGl0VmdDekVoeXVMTlp4WEEyamc1Q2lQUFBIekdYQ29UNVp3NmRPOVBlOGNFeHREM0FmWG5NNmt3dTFDakZMWGprRF81YzlRalZEOVFTTVBnVmpSRFNSUTdXQnRoclVldUZjN2VaMy13TnZDSUJGWktoZFk1aGVnQWNoT0NoZWI3cHFQb2d0OS1rek5rNFdHVTZ1TTFzS3hacUlCSXl3TEpqajlGLUR4REdfT1N5S2JjRnIzZi0tWHV6aW90WU9qX1EwTHl2RFpqaFNyeUFITVNuV2d3VXIzUkY3c1FoZzNkZVgtZGJfWXZjMzE4akxvZ25vcWp1SmZXMXd0REVJZGdwM3NFSHctbTlTX2pzMQ?hl=en-US&gl=US&ceid=US%3Aen,The Wall Street Journal,"Dec 20, 2019",📺 Wall Street Journal,"https://encrypted-tbn1.gstatic.com/faviconV2?url=https://www.wsj.com&client=NEWS_360&size=96&type=FAVICON&fallback_opts=TYPE,SIZE,URL",2025-10-21T06:42:14.209725
"WSJ Opinion: The 'No Kings' Movement Grows, and John Bolton Is Indicted",https://news.google.com/read/CBMilgRBVV95cUxOQ3NDSmdJNnFRRGdTUWR4cjN0QTRySU9Hd0pYRVlpLWJxRTB3WEJJb1VLaTh6eTR1eXVVSWhldkZmdjdDQzRRem1QNUpnX3o1OExHNzFXRVdPM0piczVyTFBUR1FCd1FDb25sQTRDMnk1MnBFUDNJdVl1dDgzbS1UNkdvM2V6NmNtblQ1dkdqSnZVdW5qeUY4TmlBanBxYTVmYUxLWkdRaFNOM0ZBY1hvODR0QkVvN2pJOWNsT1RHOXozT0xUSW1aOVRFQ2pveDdDbnRYYjBzc2JidFFtUVB2X2RYQXU2Ui1hYTh4SlZ2d3RxcTQ2c1hmeFhqeUdsSHBPS3VlMWZjSzJ5WDdJbU14N3Q1X1ZseG1TLXFYcWF2ZGpsT3ROZkc0X2QteVRZQmN1d3RrY3pycG5QcmpEWVRKNU5pOThBQWJjVFVaRmpwd001amlVZmhRX2RyN3JENEI1R3Nza1ZSV3Fjem5VV0RZMXRfTjM2QndCTVlObTVsd3V2NV9yQ0tITGFobTFDMUpOMEEydVV5N2pUaWdJQzNZcmtiNXRFVTEybXR4Q3JFWWZuekVJU3dqTDVTVzRtTkNjalJ3VFdQU0tEbFN5QTZ1akN4LUtDWnFTN0RXR0pMTVlDdHRjbzFXLWl5Z0pvSW5qazI1LUxEd0ZuMEFGLThYU1J1ckxBRWFSTVFKRHoweWhQNFFCd3c?hl=en-US&gl=US&ceid=US%3Aen,The Wall Street Journal,8 hours ago,📺 Wall Street Journal,https://news.google.com/api/attachments/CC8iK0NnNWtUVTl0Y0RaVmJVcGtPVlJ1VFJDZkF4ampCU2dLTWdhQllZcm1NQVk=-w200-h112-p-df-rw,2025-10-21T06:42:14.209727
Opinion: Potomac Watch - WSJ Podcasts,https://news.google.com/read/CBMi5AJBVV95cUxONy1NR1lLUkc0NEZ2Um0tOXJINGk2dXp2cndDQkQzNFdsVVVDMjVvUG12OUtmVlZ6YnhZSmZaQURScFNlSlBMUF9DaHloUy1fOVg3RDBuUmJSc2FWdVZsc2lpNzhCbkc1U29rSVNFalZfUFYwanM5azBXSXJHVFBRMl9fcXlSZ2hrVUlNYnRyZk5iVEE2QWI2Vm9jdkhhVHdXUEctTy1RYkFCQ0tzdlU3SkFFQWJod0M5NDNObVpOSWVJeXRNVDlxXy1GaXFtdF93QU51dFA5cjZkcjh2ZDRNamRVREQ2WnVuaFUxcjNKclFPV2VGa1RHSV9TNGs5aDBzczJFM1I0TkdtVTEtMF9tOE15cXc4Q1NneVVfdEdLOXdZdlB4eHBNQ1RWamtpSTh4Nkw4OWJQdWdUOXh5cVBZMFFpTnpYRzFTNjJ1aHJhQ2RaeW9EQ1RsS2N5cEgzUWhudkVsbw?hl=en-US&gl=US&ceid=US%3Aen,The Wall Street Journal,"Oct 18, 2018",📺 Wall Street Journal,https://news.google.com/api/attachments/CC8iK0NnNVNTVXh2ZHpkTVlYWTVaV2RVVFJEQ0F4akNBeWdLTWdZUkpJVG5HUWs=-w200-h112-p-df-rw,2025-10-21T06:42:14.209728
UK Readies $134 Million to Send Forces to Ukraine After Accord,https://news.google.com/read/CBMitAFBVV95cUxPQk5Sd0ota2VTQkZ3YWd4a3BoTVU2T0pnc2d3OWJSeVFTclRrM3ZFbEplQWdfZkRrekFLQTdMaTIzNk9NaDM3LUdLZXpGTkRuVlh4RjRlR2R0QWV1T3ltZHpieTRhbHhuZ2ViYlNLcGV2dDdFbHVBX0VIcTJvWHlseExVa3YxNkZwMU50UFdpVkhDRHZ3dzZvZ1RnXzJjNzVCalBMc0FyNXN1aEI0VHJHOEcyNFU?hl=en-US&gl=US&ceid=US%3Aen,Bloomberg,10 hours ago,📺 Bloomberg,https://news.google.com/api/attachments/CC8iL0NnNVRYMWgxTUY5T2MxWXdZMEZFVFJERUF4aW1CU2dLTWdrQlVvYlFVS094cUFJ=-w200-h112-p-df-rw,2025-10-21T06:42:14.209730
‘I Want to Win’: Inside Gavin Newsom’s Plan for Taking On Trump,https://news.google.com/read/CBMirwFBVV95cUxOdnBQZV9pM2FPTTNNX00yZ0hUYU9lQmtvbkpnbVd4OTNFZjFNLWVwUTlhakMySFB5NnZPSXBtenpPQnZLMDR0VW55ZGV4OUJZTjFJU3Z4MWxWMjhCa0l5WkdabUpBbHlEZC1pSjZTVHhCLXd5ekpROTVNUXQ3cjZUV0lsbVFxNzJYRUNGQUVuNllLNC00dlplMFBlbnV3blZ0VmpHSDFKTnVnQ2JteEh3?hl=en-US&gl=US&ceid=US%3Aen,Bloomberg,21 hours ago,📺 Bloomberg,https://news.google.com/api/attachments/CC8iK0NnNXVOblI1YkU5amIxbzBSbk5zVFJEckJCanZBeWdLTWdhbGhKTHNMUWM=-w200-h112-p-df-rw,2025-10-21T06:42:14.209732
Trump Signs Agreement on Critical Minerals With Australia,https://news.google.com/read/CBMirAFBVV95cUxPZk56akhIUlJXVEZKUmJjRDVyVENzc2J0bFZFVHVpTHJZRnczNkxWZmV3aVY4dzg5OU5mQzkwWXJhVXVxbm9zeEwzcTM2SUw3YVZvR00zWENPdDFUUk1MVjVSd0pUUE1VNGgwNWNhbUdPbExKaXdHYmhnbnNucUlRSjd4V2tYS1BXRjlPSFNNcVd4WlpPODRObERkVDZfMG91VEFFTnRCbUQyR1NQ?hl=en-US&gl=US&ceid=US%3Aen,Bloomberg,4 hours ago,📺 Bloomberg,https://news.google.com/api/attachments/CC8iL0NnNDNjR3N6YkhNMFltMXJMVTFYVFJEb0FoaUFCU2dLTWdtQk01eFFJU21veUFJ=-w200-h112-p-df-rw,2025-10-21T06:42:14.209734
IKEA Invests Record €720 Million on Securing Trees for Furniture,https://news.google.com/read/CBMitgFBVV95cUxPdjlycjdqd3JRR3lGYTR6NEt6QVF5d1pRdld6TzNQZC03dF96R2EzeUF3eTBySDJEdEREbENJS21jckNFNVhHcFlOdVl6MUZCTlo0M091al9XQlRBV0llbVpFQTZXendvS0JlbjBEeG9wRWJWRHB5T0cwLVZDd29zUTlwcjNXSC1qWHVVRWVvQzRES3JNUGFZRC0yZzZJaGlZcENMWThUa1ZCb3prX2d3clpKUHpFZw?hl=en-US&gl=US&ceid=US%3Aen,Bloomberg,22 hours ago,📺 Bloomberg,https://news.google.com/api/attachments/CC8iL0NnNVpMV1JCWDFkT1luUlBjakZ4VFJERUF4aW5CU2dLTWdrUkVvd0hDU1VtcGdJ=-w200-h112-p-df-rw,2025-10-21T06:42:14.209736
EU’s Von der Leyen Floats Carbon Market Changes Ahead of Summit,https://news.google.com/read/CBMitAFBVV95cUxOX3poREtTNWxkMFlkdmpobWFzYUVFZTZuRGpSR0ExREtFaEQwb1QzNDducmxReWFIWG1zT05ORFp0NHNEX2FxbUdkNWg5RENUM2NWRGcyeHc0SFI2U3lwalpybExwYndIcVNSR2lVeEJPXzVVYURNd0hpcjcwcFpxRVlWRFVrSWtqTnduOVNydnJ5bWRhbHh1d1V6UmNwYV9TdG9lRm5fc0ppa3ZtbFJKd2NRclk?hl=en-US&gl=US&ceid=US%3Aen,Bloomberg,19 hours ago,📺 Bloomberg,https://news.google.com/api/attachments/CC8iK0NnNXZVSHBDU0dnd2MySTFNRk5WVFJERUF4aW1CU2dLTWdhdFZKQ1BLUWc=-w200-h112-p-df-rw,2025-10-21T06:42:14.209738
"Bloomberg - Business News, Stock Markets, Finance, Breaking & World News",https://news.google.com/read/CBMiP0FVX3lxTE9qYU5Fb2FhR3RmNHZUdG1PZFRYOVdvalpTcXd4VjBBME5WRmxTaGphdzFWb2hGTGJVeUU1UVpLOA?hl=en-US&gl=US&ceid=US%3Aen,Bloomberg,"Jul 18, 2009",📺 Bloomberg,https://news.google.com/api/attachments/CC8iL0NnNVVYMDFGYW5GdFozcFFXWFpMVFJEaEFSaVFBeWdLTWdrQkFJYkdrV2ZReFFJ=-w200-h112-p-df-rw,2025-10-21T06:42:14.209740
Bloomberg Europe,https://news.google.com/read/CBMiR0FVX3lxTFB6UXBGaGRfUlBYN2lYVC1ZYlVGQXNYaVAxcXRKZjZoSlMtQm1RQ3BNd0EwdGFYbkw0WW5qQWoycWdHcW50NGo4?hl=en-US&gl=US&ceid=US%3Aen,Bloomberg,"Jul 8, 2015",📺 Bloomberg,https://news.google.com/api/attachments/CC8iL0NnNUJWa1V3UkVsbVlUQlRTbWx3VFJERUF4aW1CU2dLTWdrSllJaEh6bU1lNkFF=-w200-h112-p-df-rw,2025-10-21T06:42:14.209742
Bloomberg Businessweek,https://news.google.com/read/CBMiT0FVX3lxTE9rZzA3NW15dWxmZzV5aFBXWGtHVWNPa2w1Uzd5MXBHZkRMTDV1aEIyMFI1c1lXdTF2MVNfaFRVbVFPTDdOM2dKV3JvLWNKdE0?hl=en-US&gl=US&ceid=US%3Aen,Bloomberg,"Jan 28, 2015",📺 Bloomberg,https://news.google.com/api/attachments/CC8iK0NnNXpWMDUxUjNaRE9FOHdjMVpxVFJEZkF4aUFCU2dLTWdZQk1ZakZJQVE=-w200-h112-p-df-rw,2025-10-21T06:42:14.209744
UK Draws Up New Powers to Shoot Down Drones Over Military Sites,https://news.google.com/read/CBMizAFBVV95cUxNNVJNVzdwVjhXZVFhY2xHM2F6NGJia1Mtd0NUcDRuRVhWYzVMVjNmZmVLWVFlOF9heUpXSnYxWXRfbW4tMmxHUzFqMkhjMTRMS2JXTWgwbndiZXlabGZWNWlMcW1QeFRteHdVbldKR3VEcWExd0N2OTVyOG9sREhJaVZtZlpnR0N0Q01BZXB2UHRwT3NLd3ZRRlFJdWxzVFlHUWFhbGV1d3NKeXRhLVNMdm8wNWthX0ZDZWxXS3d0UndycTRXcE8tTXlObVc?hl=en-US&gl=US&ceid=US%3Aen,Bloomberg,12 hours ago,📺 Bloomberg,"https://encrypted-tbn1.gstatic.com/faviconV2?url=https://www.bloomberg.com&client=NEWS_360&size=96&type=FAVICON&fallback_opts=TYPE,SIZE,URL",2025-10-21T06:42:14.209746
Google Has a Bedbug Infestation in Its New York Offices,https://news.google.com/read/CBMijwFBVV95cUxPWExrX2NkREt4MEJ6SHVkUzZmRG5rNzgtVm9JSlBlQ1ZzR2ZMdnFxWUZORmN1dmN6ems2b21WZzdiRlAyeVBJNDVKenJWYWw4eG1NcnFGMFR6WnNLOVdWX1lFbTF6TlVrbEw1YVZqaFJlbGlGMjA1QkwxQXYxU3BhUnRZaHJtR2RmSWV0dWdsVQ?hl=en-US&gl=US&ceid=US%3Aen,WIRED,11 hours ago,💻 Wired,https://news.google.com/api/attachments/CC8iL0NnNU1VMGxhVFVnNE9VZGpNVlEwVFJERUF4aW1CU2dLTWdrQlVKS1luS25RS1FJ=-w200-h112-p-df-rw,2025-10-21T06:42:14.209747
Regulators probe Waymo after its robotaxi drove around a stopped school bus,https://news.google.com/read/CBMirwFBVV95cUxOdlhNbnZoLUQtcDFZeEI1V3ZvLThmbFVtTFkyV2gtRUliR3ZURzZUanQ5Y3U2S0xmZUgwa0VGQWNaR05neFJyVklDMERDTENzWWZkbDVwdUtkcWRUTnlhVm9nZzB1SzE5WVlIRFlHazh4U3RCMzQ5UnpJMnU5VndXSmZFY2xQY0tHX1NSUG5WMko4aUtlcmVHREhRN0xFSUoyaXdQTEwxNXhwWFJqNnU4?hl=en-US&gl=US&ceid=US%3Aen,TechCrunch,14 hours ago,💻 TechCrunch,https://news.google.com/api/attachments/CC8iK0NnNDVibGQ1VEc1dVJrZHhjMjFPVFJDaEJCaXpCQ2dLTWdZUlVZeXNzUVU=-w200-h112-p-df-rw,2025-10-21T06:42:14.209750
Cards Against Humanity settles trespass lawsuit against SpaceX,https://news.google.com/read/CBMingFBVV95cUxQMjB4ZEV5SzBDMU9MRHAtNE9KVy1xWE9Ra1kyeVE3QVFfSnEzeG9aTkljb3JELXFtTVBCaXluV0NLWlU1dTNCaXJiZzlJTkVUVHFrVlhBWUVlbnFrYkZtNXNjY1NISE40UVNQRmVHTXF5NHdYMEE0WUMwTmVaeUhDOEdiakJHSUpTUlFUN3JyVUpUejM5OFJBTDRwQVVYdw?hl=en-US&gl=US&ceid=US%3Aen,TechCrunch,12 hours ago,💻 TechCrunch,https://news.google.com/api/attachments/CC8iK0NnNXFNVmhJZVdGd1pVSm1XRzFPVFJERUF4aW1CU2dLTWdhbEE0UU5LZ2s=-w200-h112-p-df-rw,2025-10-21T06:42:14.209752
"John Biggs, Author at TechCrunch | Page 62 of 401",https://news.google.com/read/CBMinwJBVV95cUxPcGFBOG9aVFJWY2hEanJzbDU4NEVfOWdHcTN4QjVKLXJTNUNGS3lfMWNycHRuMXdzVW0xVERDTjdzVWV1Ulh1RVVneUZtUm9TNWtPcVBveGVyWm1iSG9TVFRiQjE1UUpTSUtFUHUwUXpTRXdmSU1VWHpaNVlNY0JxQm5GcXRfX3UwLWswb1FVLTZVZkpaVF95bkdhN2VnVTRJV1hnUHRvUnI2WDRWTjVUcE1xbGxXeHFLTHc3eXRaUTBlM0c5T0RucjFqNGpLRF80MU51bE9KRVc2dk1uSkQ4N2pueE1RenRjRlFLcVJkdGpVQW5SQkxfb2x3dy1GSjc0LTB4ekpjZ2lQbms4aWUtRXMxaXJOVDlRUEFLT2V6aw?hl=en-US&gl=US&ceid=US%3Aen,TechCrunch,23 hours ago,💻 TechCrunch,"https://encrypted-tbn1.gstatic.com/faviconV2?url=https://techcrunch.com&client=NEWS_360&size=96&type=FAVICON&fallback_opts=TYPE,SIZE,URL",2025-10-21T06:42:14.209754
"Ron Miller, Author at TechCrunch | Page 89 of 114",https://news.google.com/read/CBMimgJBVV95cUxNejlJTWZHV21CSTdEcE1oVHlqS2doWWtzNGwycDRNaGNiR0M1WW9hSklodE9PWDNhd3BsdnViS1JkeHhrVlI4dFQ2TWtXbVFCVW5mUGg1ZWtSeVlNOGhOUGFob29vZFpJTmp0a1JDMjBTRHdnN2ItYldLRTJSdFJwNnVNZ0s0SUUwZ1pEUmw1MlNfN1ZTeGZBWFBieTZTMlZpYlNORy15cUx3cFNkdTh6eGFxY3FidUNuNzd3bjA0TWppbFFEREtoWUNoQnZyRVRha1FBT1huSlp4VWZscGJYZFRrRjRnMFpVcVhaMnMwZnE1bjN4cC00M3dQLUdDNUtlcVA3Yy1rQ284b2VheFVKR3FEX3NzeS11MEE?hl=en-US&gl=US&ceid=US%3Aen,TechCrunch,15 hours ago,💻 TechCrunch,https://news.google.com/api/attachments/CC8iK0NnNXpjRWh4WDJRNFlVbFJhVzVtVFJEM0FoaXpCQ2dLTWdaQklJYXpVQU0=-w200-h112-p-df-rw,2025-10-21T06:42:14.209755
Partner Sessions - Disrupt 2025,https://news.google.com/read/CBMigwFBVV95cUxQN0JJOTAtYlhvbS0xVnFCa3hkYVJ4M21fWkxmeEJaRlFvOWpaMkZhRTFzZTg1eUNMejFEZDdEaFJoQ2pDOEVJZEdKTkU5Y0tfYXdUblRJc2tWNmFNdmZqUGJhSWJ6Nm9nMDdvTkRXNk1Ka0x0NXROcWZiZlJvV0swTjhPNA?hl=en-US&gl=US&ceid=US%3Aen,TechCrunch,23 hours ago,💻 TechCrunch,"https://encrypted-tbn1.gstatic.com/faviconV2?url=https://techcrunch.com&client=NEWS_360&size=96&type=FAVICON&fallback_opts=TYPE,SIZE,URL",2025-10-21T06:42:14.209757
"Brian Heater, Author at TechCrunch | Page 11 of 192",https://news.google.com/read/CBMimwJBVV95cUxQWVY2TkZDcDYxSktreDVlNlFmd1JwUTAtRlVxQVJDbVlvdDhJXzlxcGhkOER4ZEhWXzJmUVhaajg3Q2I4YlFvdmRfNmlrN0JVSnVDQjVRNDM3c3JPQXpxbEFsRW1feGctLVE2X25qVFIyemlFaWhOdUlfMkdzVUx3akplMGNKS3BkX1AxZ0lYT1g1dlVfY1NzRlFLdDhrUHZDQm1sMkgySndxSkhJbXROSmtTTnZkZ1AwYU1Lc0IwZ2dyZ0ZycVFTdGRoNkdZSDVRNEQ0NGozQjFhWFRxWW1BMnBnTzBJemlSazlNU3hwOEJjQVdxQmJHZ2dka2JnQkNRNTFyeW85Nk1rSXFVN21FblB3c3NfTTVzbllV?hl=en-US&gl=US&ceid=US%3Aen,TechCrunch,21 hours ago,💻 TechCrunch,https://news.google.com/api/attachments/CC8iL0NnNXllVzh6YldKRVRXcFBUMnh1VFJEM0FoaWNCU2dLTWdrZFVZNnRwQ2Rja2dF=-w200-h112-p-df-rw,2025-10-21T06:42:14.209759
"Major AWS outage took down Fortnite, Alexa, Snapchat, and more",https://news.google.com/read/CBMihgFBVV95cUxQTVoyTlJJNXdERnRBTkV4N1h2Q2c1dDM0MnNHY0FNeVdkY1k1Wk9jcXdWRi1hSmk2Uk9XYkxDay1ybWtVSUZKLW9OdFRhVmZ0Rm9vVFBfR1J3SGFONFBxOFVqLXNkSUdnT2lPMFNMWnNjb2M0NUZER2Q3UkJKSmtrcU4waEhIZw?hl=en-US&gl=US&ceid=US%3Aen,The Verge,14 hours ago,💻 The Verge,https://news.google.com/api/attachments/CC8iJ0NnNXFUVVZaVVdaMU5FeExNVU5zVFJERUF4aW5CU2dLTWdPQlFSQQ=-w200-h112-p-df-rw,2025-10-21T06:42:14.209761
Anbernic’s DS clone will be cheaper than Nintendo’s original,https://news.google.com/read/CBMilAFBVV95cUxPRkhPbzQ4UTdzblJsZmp5T0J2RFZnZS1Yby05dURfN19oSFYxV2toTFdoNW1Ca1U2a3VNZlpVZFRNcUVWT2cxc1F5MExtNFVMd1JKS3JoNjFBai1HdVBxZlVwNDF6RWlDcVlZcmR6X0xCT0d2ZU9xdDlES3Z4Z2oxSHJ6eHVTTEt1c3o2TmwteHZac2cw?hl=en-US&gl=US&ceid=US%3Aen,The Verge,15 hours ago,💻 The Verge,https://news.google.com/api/attachments/CC8iK0NnNVpiREZZUzA5TGRURkdORU5vVFJEQ0F4aXFCU2dLTWdZaGRJYU5zUVU=-w200-h112-p-df-rw,2025-10-21T06:42:14.209763
Ninja Gaiden 4 is the perfect place to jump into the series,https://news.google.com/read/CBMiigFBVV95cUxNYnhXNkRSRXJuWXJETHdYcThzWVVIQTkzS09EcnhnTjkxTFRmNV9Qdlp3MnF0bWwxYWlscXBmT0hpTm55SDhhYWtBWHNiUWNzbUlQOGptazVDZmZNb2NaS2ZCa1FSenNJcmtiRWVvNHNQTE5TbXRrNHRMSTZfdk9wYzJaUTBLOEFaU1E?hl=en-US&gl=US&ceid=US%3Aen,The Verge,7 hours ago,💻 The Verge,https://news.google.com/api/attachments/CC8iK0NnNUVVblYxY0ZWRFFURTRkekU0VFJERkF4aWxCU2dLTWdZdEpKQ3VGUW8=-w200-h112-p-df-rw,2025-10-21T06:42:14.209764
Google’s new deadline for Epic consequences is October 29th,https://news.google.com/read/CBMimwFBVV95cUxNdUFmaXUybHh4Mi1kRkpJRnRGRjBMcGMtNzdDYm9oWndUZm92YzVBZ1A4R01ZRElpSzU4Q1Z6TGVxRVRCSzRzUXZ6SzM5RjFYb0FveEQzQS1SQjE0dXZPOVBKbHRiNFFkZmxzRnJVMWR4YUVSeUNoNkUybkFpYXBPcGJjVEVQVzA4TGh1cWltSWtsN1VOZmpqb0gtMA?hl=en-US&gl=US&ceid=US%3Aen,The Verge,6 hours ago,💻 The Verge,https://news.google.com/api/attachments/CC8iK0NnNWFTbEJJUTFCMWMzZGxjVmt6VFJERUF4aW1CU2dLTWdZaFlJaXJ1UVk=-w200-h112-p-df-rw,2025-10-21T06:42:14.209766
Oura redesigns app with expanded stress tracking,https://news.google.com/read/CBMijwFBVV95cUxQMmhQS3lYcVNZUTNCSGVaSFhVaFNmXzZnUkk4amdLN0ZCUHdFM0NiQkZnWGhKN09iVElkZ0dxb0d4LUJEeEltUTlINk92REpUVV8wakRGNWhubV9yd3ozN2pYTVhrSTItb0ZFbndQRFptZmt6cWlZaUJBLWI0ODA2OTFhU3lIeEdkWG52bGtVbw?hl=en-US&gl=US&ceid=US%3Aen,The Verge,17 hours ago,💻 The Verge,https://news.google.com/api/attachments/CC8iK0NnNDBVelZZY2twTGEwazFRVWQwVFJERUF4aW1CU2dLTWdZVkk0cUtuZ2s=-w200-h112-p-df-rw,2025-10-21T06:42:14.209768
Google will reportedly let 15 superfans test unreleased Pixel phones,https://news.google.com/read/CBMipwFBVV95cUxNV3JLUjNCVEVmRVo1SzN4QkRTTmsxUFU1ZWxWZjRMSXJ2WkNVLXlGRGF1MzRBeWhFbnRYSGhEM2ROeFNjd1ZkWmRleHF0NTBSU1hzTUhjaTBKZlNMQ3dPT2g4MUFRQUJkXzZvZnFNSUNIQjBOTGJTSExlSUpwNU9LdG94LVdLNlo2a2dnQnVGdjJSU0tFTi12RWk1X1duemFXVFZ5RzlqMA?hl=en-US&gl=US&ceid=US%3Aen,The Verge,11 hours ago,💻 The Verge,https://news.google.com/api/attachments/CC8iL0NnNDVjMVkzYkdoRVdVTmZiVmhqVFJEQ0F4aXFCU2dLTWdtQkJKS3RsYWVoNHdJ=-w200-h112-p-df-rw,2025-10-21T06:42:14.209770
The Sims Mobile is shutting down next year,https://news.google.com/read/CBMid0FVX3lxTE1PcENSemNFNFFKZGJsLVRWYUlsNmItYXpiS2Z6U0N0WnNYZDlZRHVjdlEwRTFjVmZ4RU5KMlpLNVEwQV92YmR3X01NRnFzei1ra09SMW45NklOdGVjNXNpTVVsaTZkU0s3MHhnS0JPZGxWVVlQaWxR?hl=en-US&gl=US&ceid=US%3Aen,The Verge,15 hours ago,💻 The Verge,https://news.google.com/api/attachments/CC8iK0NnNDRjSE5PVjJWVE1XeFNRMUJhVFJERkF4aWxCU2dLTWdZVkVJeHFtUVk=-w200-h112-p-df-rw,2025-10-21T06:42:14.209772
Bryan Cranston and SAG-AFTRA say OpenAI is taking their deepfake concerns seriously,https://news.google.com/read/CBMifkFVX3lxTE9iZ2JJbU9rYXY2M3dXdEpGNXhtRng3MUJDVlFPSEZaN05YNzJnUzFoSTVhcGhYZFlRN1hLTEFHTDFEb1lfamV4MUJhLVNGRjBWbmNQdkc2N3JGdE5pR2paZFV4MExtSVAyN2lsQU52Uml3Wm9GNXJLV0FjTzV1UQ?hl=en-US&gl=US&ceid=US%3Aen,The Verge,6 hours ago,💻 The Verge,https://news.google.com/api/attachments/CC8iK0NnNDVXRlpUWmxkTVVDMXdXUzFWVFJERUF4aW1CU2dLTWdZaFJJcU1LUVU=-w200-h112-p-df-rw,2025-10-21T06:42:14.209773
Meta is removing its Messenger apps for Windows and macOS,https://news.google.com/read/CBMigwFBVV95cUxQQmJOTTNRTnpjNmFuZmxvcFV4UWJndE9rMW5SYnpIXy1WVlFyYk15SmdVUEUyQWl0MDVOTGxMeVotZEFiRzNMWUJnNnotMTF6YXE4VGE0MG5yRFNCX1RPNkR6U3BKQXlBeHhPWTZvSnpXdDRobGtPSDZ6ZGxIeVRBbURvcw?hl=en-US&gl=US&ceid=US%3Aen,The Verge,15 hours ago,💻 The Verge,https://news.google.com/api/attachments/CC8iL0NnNUJNWFo0YUU1RE1VVTNkM2N4VFJERUF4aW1CU2dLTWdtQkVvcEdGZWZRcGdJ=-w200-h112-p-df-rw,2025-10-21T06:42:14.209775
"Lenovo’s Legion 5 is a fast, OLED-equipped gaming laptop for $1,050",https://news.google.com/read/CBMikAFBVV95cUxNMm90UEVqYi1aUGJXR05CQm5pMTVKNXZkdkRvU0lfdlBBUURWaWFSd01nR0czSTNESHNUSTBvd2dldU4tUjctSVRaZlllRkZydFBkbmx1ejBBMkN3d1JMTmZ2OXBhMU5YVlotU1hRZXBjVmszd1ZRMEo2UGFINTNKdWFNOHZDRG5RVTQ5cnJHeU8?hl=en-US&gl=US&ceid=US%3Aen,The Verge,15 hours ago,💻 The Verge,https://news.google.com/api/attachments/CC8iK0NnNXdXak53VERrMlNYZzRRbFV0VFJERUF4aW1CU2dLTWdZQk1JeU1IUWc=-w200-h112-p-df-rw,2025-10-21T06:42:14.209777
"Drone News & DJI Rumors: Mavic 4, Mini 5, Neo 2 FPV Drones",https://news.google.com/read/CBMiNkFVX3lxTE5qeXVGNFRZZ1g2Zlg2WHI3Zmo0MHRLSTQ3dHRDLUlHUW5GWDgwMkJuYjhrd1ZRdw?hl=en-US&gl=US&ceid=US%3Aen,DroneXL.co,"Feb 16, 2020",🚁 DroneXL,https://news.google.com/api/attachments/CC8iJ0NnNW9WVWxCVUV0T05HRnFWazVOVFJDZUF4amtCU2dLTWdPdGd4Zw=-w200-h112-p-df-rw,2025-10-21T06:42:14.209779
real-time awareness Archives,https://news.google.com/read/CBMiWkFVX3lxTE9HdFpSOEdMV2x1bFpLTG5LbVRMRkIxRXJQLURRZkFLYUttcHRxTzlwLU5IdVVZVGV1emhKWFZLeEZsMVZQWTFQaEFrX1NUTk1UMGRsZnVXVWlDZw?hl=en-US&gl=US&ceid=US%3Aen,Dronelife,14 hours ago,🚁 Drone Life,https://news.google.com/api/attachments/CC8iL0NnNTZOMWN6VVRZNGMydFdlRWhvVFJDc0FoaXNBaWdLTWdrUlk0cXBMZWRqa2dF=-w200-h112-p-df-rw,2025-10-21T06:42:14.209781
AWS outage Archives,https://news.google.com/read/CBMiTkFVX3lxTE5vYWd2QnNpdzlOU3dEeXRaLUg0RlprWVpFSEN1YW9MUlRGU0NKMXNSTVpqVEhsa3JpbzZmcnJtSjFrcE42UmZ4OEQ5UGJWZw?hl=en-US&gl=US&ceid=US%3Aen,Dronelife,14 hours ago,🚁 Drone Life,https://news.google.com/api/attachments/CC8iK0NnNU1YMXBoYWsxTkxXdEtkMjR5VFJDc0FoaXNBaWdLTWdZWmdJQ01UUUU=-w200-h112-p-df-rw,2025-10-21T06:42:14.209783
When the Cloud Falters: What the AWS Outage Reveals About Drone Industry Dependencies,https://news.google.com/read/CBMia0FVX3lxTE02dkkxU0FtZFNlVW1MMnFwcm5BUWlhcEp4SEMtZExGTFVoc0Z3bl8tYU5SYXVndGRMTV9KVDNXOGpfcF9YN3hOYjl3T19uV3lGM0dNcGdHUnB3NWRQS1liSmpuQ3RXTnlLME800gFwQVVfeXFMTzlhbk52SGJQSGwwbWxtNWpiRWJrMHVQQ2s2dWZBY1BOUkpuMEdQemtITDNkVE5Nd1o5QURsRE1pa3lxRVF1ZEZUYWZzN3VuakM4YW8wVDVzeE12bW1EbVZqMktUbzdTOHJ2WTBRcW5TUg?hl=en-US&gl=US&ceid=US%3Aen,Dronelife,14 hours ago,🚁 Drone Life,https://news.google.com/api/attachments/CC8iK0NnNWxTak5WVVVGQlgyRjVXRWQ0VFJDcUJCaXFCQ2dLTWdZVmNJQ01UUUU=-w200-h112-p-df-rw,2025-10-21T06:42:14.209785
Drone News Archives,https://news.google.com/read/CBMiVEFVX3lxTE82SEFHSlN2ZFYxc3BBQmU1Y25aWG5KVDNaOUNPbnVxT2UzTmxJVGV5SXpaTmdLRzE2U0p2NTI0RnNERjM1TzBKRnJqcGREV0FZVE1nZA?hl=en-US&gl=US&ceid=US%3Aen,Dronelife,"Sep 12, 2017",🚁 Drone Life,https://news.google.com/api/attachments/CC8iK0NnNVllbTl1V0RaZlowbEdYekl5VFJDc0FoaXNBaWdLTWdhQmtvaE9SUVE=-w200-h112-p-df-rw,2025-10-21T06:42:14.209787
UAVNZ Awards 2025,https://news.google.com/read/CBMiYEFVX3lxTE1KRnduX3hzd3lINFVldm1FYXBycVd2cTdKTkc3NEtWMEUxV1VnUmFxZXhkLVE0aFhYUE11SWI4Zi1RbzhjUjBPQVZtNDI1SU9iaDBOVENtZEpNdldNZGF3QQ?hl=en-US&gl=US&ceid=US%3Aen,sUAS News,21 hours ago,🚁 sUAS News,https://news.google.com/api/attachments/CC8iJ0NnNTZhMU40Y0dOb05saDFSRzlsVFJEY0FSaWdCaWdLTWdPSmtCSQ=-w200-h112-p-df-rw,2025-10-21T06:42:14.209788
Fortifying the Frontline: Advanced Navigation Introduces Electronic Protection Range for Defence Operations,https://news.google.com/read/CBMi1wFBVV95cUxQMDdOTkNWY2tNVjVVdEtkNVNzSkY1aElySmpQSEV1cXZTRkpfdzJYa0s2TWVIMDQ1VkVtaDJkYzFSRE1yQkhyLVlONjlpS3M3Z1NISy1oaGMxNGRVVmR4bUZjLWFtZDBMVnlJQVBJWDdTWExlN3BUSFpjOHdKRlB4b2dBS1ptOXZ2OVluckNyLUFDZm15aFlGRWVyQXdoTnlYSFU1M0stREVNYUdldFNlY2hqajduUDl4VXhWZFJqWUkyaC1XQlJVc3p2Q1pVNkVjNXpldENqVQ?hl=en-US&gl=US&ceid=US%3Aen,sUAS News,20 hours ago,🚁 sUAS News,https://news.google.com/api/attachments/CC8iK0NnNUdaRFEwY25wNFVrbEVWWGRHVFJDZkF4amtCU2dLTWdhWmM0aHFLUWc=-w200-h112-p-df-rw,2025-10-21T06:42:14.209791
PowerLight and Kraus Hamdani Aerospace Validate Ground-to-Air Power Communication,https://news.google.com/read/CBMitgFBVV95cUxNR3ZjLTF3X3NveGlJNWI3dkhSVzV4NDJUWi12M2twd2JpSjUxWXNGbVhaZDJEWERfLVJqMWdObUFRVDhmVldFeUFwNDJsVzNpcS1LS3EzUFJKWl9VUzhBeGF5T2RpbW4xYXVDbWg5RzJuV1g5T3dkQkJtNWd0OEtKQ2FLLVB4Ql9YLVZEV1VpTF9fazVENnExUjhWb1lMdjZUX2JLT2todkVWYzd6XzFyX3dwd2ZUZw?hl=en-US&gl=US&ceid=US%3Aen,sUAS News,12 hours ago,🚁 sUAS News,https://news.google.com/api/attachments/CC8iK0NnNTFZemROUkc0NWFDMTFUSGhSVFJERUF4aW5CU2dLTWdZQmtwQlN2UVk=-w200-h112-p-df-rw,2025-10-21T06:42:14.209792
Gaza latest: Israel says it has received another body from Gaza - after Trump threatens to 'eradicate' Hamas 'if they're not good',https://news.google.com/read/CBMiuAFBVV95cUxOLUlFVWs4bkxyUDRDVS1KMXNSMzVCTklFLVI4bFU5QlJjNm5YQXE3VUR0S1Q3S1plYzRCWDdtc1JhQjU1ZTdnMENSYnhwdExXWWg1X1NqbThTT1IxazVVMGQ1M0h1QmhOUGp1NFZZbGVFem9TdU8zbGhwdWtRa0JJM01yQmZCSTJaVFpRQmN0QVV6cXMyc2NWN29qQUtYVXY5aEYxUDNSU1pSTDlDWFQ3MFVsSDlfc2w2?hl=en-US&gl=US&ceid=US%3Aen,Sky News,3 hours ago,🇵🇸 Gaza Drones,https://news.google.com/api/attachments/CC8iL0NnNUhaV05SZEZKWmRWZEthRWMxVFJDZkF4ampCU2dLTWdrQmNJQkV1YVI1LUFB=-w200-h112-p-df-rw,2025-10-21T06:42:14.209794
Drone Reveals Completely Destroyed Gaza City Neighborhood,https://news.google.com/read/CBMihwFBVV95cUxNYTUtNko2SUZpZnFyb0dobVVOTFhMMXZ0M2NhbTNacWZQcUJTSVRhaUE3UXlmT2FtNy0zY3ZNTGlTaUFYVmJ2aFBNMHQxVjVwdDczaG43X1VnSFFZN3pLYWMwMGtoWFA3MGtNWlFwU3k5UjdDVHRUSXkwWnNkUUE1ejVSQ0VGN2M?hl=en-US&gl=US&ceid=US%3Aen,Yahoo News Canada,7 hours ago,🇵🇸 Gaza Drones,https://news.google.com/api/attachments/CC8iK0NnNTFNVzF5VUVWTU9XWkZOSFl4VFJDZkF4ampCU2dLTWdhcGRZck5yUVk=-w200-h112-p-df-rw,2025-10-21T06:42:14.209796
LIVE BLOG: Israel Kills Scores of Palestinians in Gaza in Renewed Aggression as Hamas Heads to Cairo - Day 745,https://news.google.com/read/CBMi0gFBVV95cUxQQXhCZkZfWTJta18tNnphUzB4amdGa3pQeTJCWEozSUdjUnY2dkJMU2ozMURXWnBDZjhVMklHWU1FOXdXTXBsM3FaX2tUc1pjRUR2SmhOVlBVS3dxUVlrWGkwZjNkNTZ0VGFDaWtmVDQ3QUF2XzJNYUYzX0VNM25qMFhWZ0hmdVhuUXY5cXRpeDJnVWJiTUQ3YUtZaTF2R2o2dXRmQkRnQy1iTGd6S2pXeVFwQzg0T0JkT1Ntdkc0ZnpRRTFKT1hoMElha2U1UU1IYXc?hl=en-US&gl=US&ceid=US%3Aen,Palestine Chronicle,9 hours ago,🇵🇸 Gaza Drones,https://news.google.com/api/attachments/CC8iK0NnNVVUMmRoVUZWaFRGbHNWbnBEVFJER0F4aWtCU2dLTWdZQlFJekxJQWs=-w200-h112-p-df-rw,2025-10-21T06:42:14.209798
Drone Footage of Gaza City Shows Destruction,https://news.google.com/read/CBMingFBVV95cUxOUGd3Z0M5UjZVLVh0WnNCTVU1RWRZVVB5Y2N5N3BZNWVZeGlZVG5KREdmejc0b3dEZkFVV3VCSFVlYmV1ZURyelViU2JHZEc4SnhhNkxOYmlJeG9SLTE3RGVTWlE4c3dBZFc2ZmRDUFNGb25yYjdVWUNVcnhreDU5b0JvTFJTMFVJWEt6RzF6WmZVNW1kMXRoX3cwOUYyQdIBowFBVV95cUxQaVR6TTVxckxPUHFWV0VnWnJSMFpmX1hhUWtMVXg4WXJGSDJHTFNManJWaU16d1lTR3daZUNIano2V2ZiSjJBcFlXVXFUaTBWSWk1c3FPMVNWVF9JeVVmdmFrVmx5N0lmZ212N1pXZkVTUlN3bU5CYU9RVWZzU0JmREp3MmEzNkRXek9zM3JMa2p1clRVZ1pCbkFlaXRDaGtPQklv?hl=en-US&gl=US&ceid=US%3Aen,Al Arabiya English,18 hours ago,🇵🇸 Gaza Drones,https://news.google.com/api/attachments/CC8iK0NnNTBiV05JU0dwTWFscDRZbXhxVFJDZkF4ampCU2dLTWdhSlpZQm0yZ0U=-w200-h112-p-df-rw,2025-10-21T06:42:14.209800
Ceasefire violations | Drone of Ministry of Defence shot down in Al-Suwaidaa countryside,https://news.google.com/read/CBMiSkFVX3lxTE9LemJpcERJc21FaTRlejhhYW9CV0NranFBa0xWY2xEWl9XQThFa0VTOTFLbzkxYkZoVHpjRlBCeGg4ZzVhb3Z4ZHJn?hl=en-US&gl=US&ceid=US%3Aen,المرصد السوري لحقوق الإنسان,15 hours ago,🇸🇾 Syria Drones,https://news.google.com/api/attachments/CC8iK0NnNDFRMWRpYVcxYU1XVkxOV2RrVFJETUF4aWJCU2dLTWdZaGRaQ3NMUWM=-w200-h112-p-df-rw,2025-10-21T06:42:14.209802
Tensions rise in Homs as Alawite-targeted killings surge - Shafaq News,https://news.google.com/read/CBMimgFBVV95cUxNT0tGblJOVG1nSktiRnZQZ1g4X29GWUhHdFR2Vk1ONy1GdGdCNlpGeG9ua1M0czQ2dGdjMS1Bal8zTW5rUUtxMWNvcUMwTWxJd2djb1lXeW16WmFjXzNvSl9nVVlHM3BWWDB6aVRBSjR6ajVPZG4xRExDTEhKWmthYmd6LVRyV09zRWEyVFFOZFVtNGdQcHZQdUNB0gGaAUFVX3lxTE1PS0ZuUk5UbWdKS2JGdlBnWDhfb0ZZSEd0VHZWTU43LUZ0Z0I2WkZ4b25rUzRzNDZ0Z2MxLUFqXzNNbmtRS3ExY29xQzBNbEl3Z2NvWVd5bXpaYWNfM29KX2dVWUczcFZYMHppVEFKNHpqNU9kbjFETENMSEpaa2FiZ3otVHJXT3NFYTJUUU5kVW00Z1BwdlB1Q0E?hl=en-US&gl=US&ceid=US%3Aen,شفق نيوز,17 hours ago,🇸🇾 Syria Drones,https://news.google.com/api/attachments/CC8iK0NnNDJPRkIwTWxwNWQwTnJNbEkxVFJDaUFSaTRBaWdCTWdhQlVKalVIQWs=-w200-h112-p-df-rw,2025-10-21T06:42:14.209804
What macro factors could drive EA Series Trust Morgan Dempsey stock higher - July 2025 Sector Moves & Verified Chart Pattern Signals,https://news.google.com/read/CBMiowFBVV95cUxOV1JaOXZmLTdtZ2tRamxXMUx4TldnamtuOExocFhWVkUwZ3F4YkNVb2dzT0lCa29USjZXWXhyRUlEaEVxdkZpUk5TQWJPdUhCeGo0NGktUHRNb1NrQ0dwSlZjeDJtcFZpWmtmODBaMFZtUm5JWHdaUjdzYnFlRnFHYmp5N1NWTU1PWWZ0ZmtXcDZKaDZyMUFFM09mRkdZS1lOb3g0?hl=en-US&gl=US&ceid=US%3Aen,nchmf.gov.vn,7 hours ago,🇸🇾 Syria Drones,"https://encrypted-tbn0.gstatic.com/faviconV2?url=https://nchmf.gov.vn&client=NEWS_360&size=96&type=FAVICON&fallback_opts=TYPE,SIZE,URL",2025-10-21T06:42:14.209806
Unveiling Secrets Beneath Syria's Desert: The Hidden Mass Graves,https://news.google.com/read/CBMivwFBVV95cUxPSU5EaTFVODdFVHpoSmpsOTVJVTlmTkM5N2t1TXI3YXFQaVctWWVNU2lhdjVtSndmUzBSWFRMSEFsMTBXcDRnZWdWeVh2SnNOU2Y1NkxBNEVRQ0ZQSDBaQVdldDVocnFCSmNTVGtfVnBqTXZwSUVHM1ZaOGc5cGNPRXpFcmdhbUxraWFqbHhfZm4wdl9wQy15YlNLVUpGamFfVXJNN3lJRXFyUkhXcmQxQnZrXzFlbmp4aXJJVVFiNNIBvwFBVV95cUxPSU5EaTFVODdFVHpoSmpsOTVJVTlmTkM5N2t1TXI3YXFQaVctWWVNU2lhdjVtSndmUzBSWFRMSEFsMTBXcDRnZWdWeVh2SnNOU2Y1NkxBNEVRQ0ZQSDBaQVdldDVocnFCSmNTVGtfVnBqTXZwSUVHM1ZaOGc5cGNPRXpFcmdhbUxraWFqbHhfZm4wdl9wQy15YlNLVUpGamFfVXJNN3lJRXFyUkhXcmQxQnZrXzFlbmp4aXJJVVFiNA?hl=en-US&gl=US&ceid=US%3Aen,Devdiscourse,22 hours ago,🇸🇾 Syria Drones,https://news.google.com/api/attachments/CC8iK0NnNVdlbEpRU0U1VVNFMDJTQzFVVFJDcUJCaXFCQ2dLTWdZQlFJSXBSUVU=-w200-h112-p-df-rw,2025-10-21T06:42:14.209808
"After the Gaza ceasefire, what's next for Yemen's war?",https://news.google.com/read/CBMihgFBVV95cUxPSl91cEU4QjRKMm9JbWhoNmtqbks4aXdQQlRKZW9mNksxUWR4TUxXZjQ0SXlOMUNHaDdISHY2ZFdlQkJjd3Y5d0xUVld3QlRMbTVyRkp4TFpnTVdtVXFZckZMeHhpdEFSbDBGeC1ueUZhNVRjWHEyU0tWY3VYRE1wT3ZXNlBqZ9IBhgFBVV95cUxPSl91cEU4QjRKMm9JbWhoNmtqbks4aXdQQlRKZW9mNksxUWR4TUxXZjQ0SXlOMUNHaDdISHY2ZFdlQkJjd3Y5d0xUVld3QlRMbTVyRkp4TFpnTVdtVXFZckZMeHhpdEFSbDBGeC1ueUZhNVRjWHEyU0tWY3VYRE1wT3ZXNlBqZw?hl=en-US&gl=US&ceid=US%3Aen,The New Arab,18 hours ago,🇸🇾 Syria Drones,https://news.google.com/api/attachments/CC8iK0NnNW5XVlJ0ZHkxUldVNTJZVEJ4VFJDQ0F4aXRCU2dLTWdZbEk0cXRMUVU=-w200-h112-p-df-rw,2025-10-21T06:42:14.209809
The Gaza Terror Offensive 9 September – 14 October 2025,https://news.google.com/read/CBMidEFVX3lxTE1rTW9zT1h2cHZpRWtyUzFMc3podVFaeHFicE9CZHFoQnREOHc3SDBJZVIyaUZmbjRmWXBDSnZMaXdOb2E2YVVuMFlGSlg4OXlDWjUtb2Z3Smx6dndDMFZKNklyeDduVVowT25JRHlvMTRxR29j?hl=en-US&gl=US&ceid=US%3Aen,Begin-Sadat Center for Strategic Studies,19 hours ago,🇸🇾 Syria Drones,https://news.google.com/api/attachments/CC8iK0NnNVdRbmxmU1ZwZlpEWktSMlJqVFJDQ0F4alRCQ2dLTWdZaHBaVE5PUWM=-w200-h112-p-df-rw,2025-10-21T06:42:14.209811
Trump Says China ‘Doesn’t Want’ to Invade Taiwan,https://news.google.com/read/CBMid0FVX3lxTFBjT25DQ29yWGlBeXE1NWctVUJUNmVmUHhyRGtvVXMzMDFwSWdNXzZXMEZrZGtKMkV4RFVxSzlaWVZiUGQtWUdiZGNCbnQ2bmVhQWhmNU5OdlhaMTNnZ0wxZFlLdWVUR1ZJT0lyNlFmU3NRVGJ5bUVv0gF3QVVfeXFMUGNPbkNDb3JYaUF5cTU1Zy1VQlQ2ZWZQeHJEa29VczMwMXBJZ01fNlcwRmtka0oyRXhEVXFLOVpZVmJQZC1ZR2JkY0JudDZuZWFBaGY1Tk52WFoxM2dnTDFkWUt1ZVRHVklPSXI2UWZTc1FUYnltRW8?hl=en-US&gl=US&ceid=US%3Aen,The Defense Post,1 hour ago,🇹🇼 Taiwan Drones,https://news.google.com/api/attachments/CC8iK0NnNHpaRlU0TUdrMVp6STNXVll3VFJERUF4aW5CU2dLTWdhVk5KUm5uUWs=-w200-h112-p-df-rw,2025-10-21T06:42:14.209814
"Spotlight Israel, Taiwan Israel's helping hand for Taiwan's 'Iron Dome'",https://news.google.com/read/CBMiyAFBVV95cUxQTC1hZjJoMExwNFRMQUxwTVBrQ0VLWERVYUQyYzdfM05tWUhreS1FX19OVExlT3hXYVJsRUZYZ0Z3U3pUc3c2elZVZ1Q0azk5RlN6RmtzNXBIU3BIVkVObFNnQTRnRDFCRFlTVkRxZVVCaEg5bzN6UXk3OTB4d3M1Q0xsNngtb0Z3RFpJcVVRYWhPRjdKVWN3aV9pREZpM21HWmthZ2lZbTJqblB1NGdKck9obHI2Qy00LXFOUDlHMDJZLWxTM1dfQw?hl=en-US&gl=US&ceid=US%3Aen,Intelligence Online,2 hours ago,🇹🇼 Taiwan Drones,https://news.google.com/api/attachments/CC8iK0NnNUJObUl3TkV4b1N6UmpWM1o1VFJDaUF4amRCU2dLTWdhVmNvNVRxUWc=-w200-h112-p-df-rw,2025-10-21T06:42:14.209816
"Taiwan detects 2 sorties by Chinese aircraft, 5 vessels near its territory",https://news.google.com/read/CBMi1AFBVV95cUxOS1NwcWxCTnF0QTlDNThfRjRwUmx6aUhLRVQ2cTdvZXlicnRKdmlteDlGQWNleU5rVllwZGluWEVSLU5ORF9KQ1ZOOG5EeHZxOURWQ2dnbTNHdU1lV1NkRDZNd3gzTWYzbXlVY0xrYzVIQ2VSdWJBNV95bURkNC01Y3M2WlpOdjdUTDZuQk5kU2k0RDRVMnA0S2RoYkpwb0JuX1drb3ZKQ19DbkJvUWw0aHdBVm9hR1Y1TUE1d1BMdTdBRWNOdDl1NGM3OTFpTmpjVUg1UNIB2gFBVV95cUxORkd6UUMxNDZIZEx1RWFPeXZFUHNMU1RfMXFPd3p1UUdVZ2MtWVpxaUxHaUJyT3paWUYwLTNubThNVkRqV1JiWm9MaGtiRUhhSEN4azBtek1MdnZBdU1lLTRHNTZxbEFEZ3VEaFE5WHlVb1NUVW9JVnZyeVJzcjdHa3dZanRTOURPVWExanZqcHlpS28yUEhWVkR5bUZVQWJyVndfenRJUTlQczRHeHgydElvLXNieldqcXpNVlRvQnRndjdRV292aVdleHVmS05tbkJFVVgtTEx6UQ?hl=en-US&gl=US&ceid=US%3Aen,Business Standard,2 hours ago,🇹🇼 Taiwan Drones,https://news.google.com/api/attachments/CC8iK0NnNXVWVXR5YjNod1ZGRndhSFpMVFJDZkF4ampCU2dLTWdZQkJZYmlEZ28=-w200-h112-p-df-rw,2025-10-21T06:42:14.209818
Palmer Luckey’s Anduril Accelerates AI Defenses for 2027 Taiwan Threat,https://news.google.com/read/CBMingFBVV95cUxNLXlCRmVzQUM3U3BESjg2REwtR01fbEhvWU9fVk50dGlMTkFDX1RDZ2UwNVlndWtxU1FRWFFoN1lVWlkyMG1kWnBQVExxVEZhb21OaEFfOEpNV0t3Y2dyZnQtcWt1WU9BWU1PRFNEbnY0ZDVvSmMzRmpSQ24xcFdzYnlJUGx6VWxIWWUyS3h6dU1VZnBIaV9DS1V5bGR2dw?hl=en-US&gl=US&ceid=US%3Aen,WebProNews,11 hours ago,🇹🇼 Taiwan Drones,https://news.google.com/api/attachments/CC8iK0NnNTVOV0pHVW10bFZIQkpZbk40VFJDQUJSamdBeWdLTWdhZFZKU3NwUWM=-w200-h112-p-df-rw,2025-10-21T06:42:14.209820
DPP calls for more defense spending at US-Taiwan Defense Industry Conference,https://news.google.com/read/CBMiWEFVX3lxTE9TV2hIdFFfTm5zZ0xJV3lSeWpLdUc4b0Jxd1pZRDJNNFpYSGtJemxEQWJiSzJhZ1B6NHl5aC12SVJtU1ZGOHdnUWJMTjBfQXNaeXprcnU5UEg?hl=en-US&gl=US&ceid=US%3Aen,Taiwan News,3 hours ago,🇹🇼 Taiwan Drones,https://news.google.com/api/attachments/CC8iL0NnNUdlSEJ1UXpodmNUZDZjRlZCVFJEZ0F4aUFCU2dLTWdtWmNZcEpMcWMxelFF=-w200-h112-p-df-rw,2025-10-21T06:42:14.209822
KMT lawmaker suggests caning fraud convicts,https://news.google.com/read/CBMieEFVX3lxTE1uX0RKYk5PRzZtWHBFc1hOSktBZnNGWjhGQ2owVUh4VHBUWFhuR2lWN3ljLXYtYWxPQnZxbHJOM1EwSHdVTlgtMWM5UTkxeXZWVVcwWmthWEUwMExBcnplcENXZWtoaGg0OU1pZWlMc1JIVkhhb3VrZQ?hl=en-US&gl=US&ceid=US%3Aen,Taipei Times,14 hours ago,🇹🇼 Taiwan Drones,https://news.google.com/api/attachments/CC8iK0NnNWtaVTk1YkVJMWRqSkxhMEZ6VFJEckF4andCQ2dLTWdheFE1U1BIUWs=-w200-h112-p-df-rw,2025-10-21T06:42:14.209823
"Geopolitics Weekly (EU Drone Wall, Argentine Midterms)",https://news.google.com/read/CBMikgFBVV95cUxPQjJNVnhoZkwwdVViMUVVS19XV3hKdUlFczVxYlZoWUg1emVLemh3dFQ3OWFxYWI2ZzhwSDZ5cTJoNTNFTVd3X21ETjlCZkoybmd2cWhweEUwNzNyczROeGpKenRUVzFFcm1hM1VhN1ZJNkpFYUpVQWZjdUlBbGIwdWxSaFRkdFc0dE5yd05aN0l0UQ?hl=en-US&gl=US&ceid=US%3Aen,Geopolitical Monitor,16 hours ago,🇹🇼 Taiwan Drones,https://news.google.com/api/attachments/CC8iL0NnNVBYMWhJVFhscGNXaFJWbEZoVFJDQUF4aWZCaWdLTWdtTmdaTHJzT2FwREFJ=-w200-h112-p-df-rw,2025-10-21T06:42:14.209825
"South African sharks threatened by fisheries, weak enforcement",https://news.google.com/read/CBMinAFBVV95cUxQMklXc1dRXzhBWkMzT1MwV2x1ZmpRLTdqZ0lhRFFSTm9FcnNLWjhrNHFIWEdBSjV4MlI5VGxZMFJxRlplMnliQVRfaGF1ZE9vTGRLakc4cGpnV3YwdFM2aFlnWEo0dlZsaF8xSjZsSThLci1RMW1BWkxkNWFyYTY3MENhUGgycjdaQ1E1Q0JTMUhBMi1TN2IzYlZ0YjU?hl=en-US&gl=US&ceid=US%3Aen,Mongabay,15 hours ago,🌍 Africa Drones,https://news.google.com/api/attachments/CC8iK0NnNVFOVzh0UVV0WE5qVktlRUoyVFJDZkF4ampCU2dLTWdhSlk1S0hLUWM=-w200-h112-p-df-rw,2025-10-21T06:42:14.209827
Kenyan Innovator Elly Savatia Wins Africa 2025 Engineering Innovation Prize,https://news.google.com/read/CBMixAFBVV95cUxOR3ZrRlNVMFFXbXd2RkpiTUwzVDhhNE1mV3Fud3FJd1ppM19lRW5PN1Y5RWF2dURvNjV0UVhTUjdvWDFWZE5ZRXF6MUljTXdYdnhOT2ZNOGVVTzhHMVlEdmJPZ3JXd1FNMWhjMFptbEhKMTJkZWtzNlhvODQyLUZIQXhKR1FhR1lZVnRicTE3Qm9vYVJnRmU0NWFnRVIzbzhXMkFSeENZY2UySGRma0Y1Um1hdExiNnJVUG11aktYYjY0UlZG?hl=en-US&gl=US&ceid=US%3Aen,We are Tech,2 hours ago,🌍 Africa Drones,https://news.google.com/api/attachments/CC8iK0NnNWpia3hGVEVoWFRsTlZSMHhyVFJDNEFSaVRBaWdCTWdZOWtJZ1R1UVU=-w200-h112-p-df-rw,2025-10-21T06:42:14.209829
British International Investment anchors Enko Capital’s private credit fund to support mid-sized businesses in Africa,https://news.google.com/read/CBMi9wFBVV95cUxOYVkzZC1sWjQwS3laQldFbDhBRkE2ZEpOcGpnZHU5T3pkSTJ4SjBvazVBRlg5aUFoYjFkSnl1YTRyd2x5Uy1xV0doQTVPWElHY2k3QWNMOTZXN2kzMG1aNENsWUR6LV9Rblo0TkpuVE9sQUdfQ1ctUzZvaHBmclVtNnBaZDdWQjZMNURzSmdLaERJYzktb2dSSWliTFNqdWFsQ04ybkxxN0lZM3FoaWtZbVpKMktNM0hHU3FhcEw4N0lqeks0UzJBakQ3VVNtOFhRMmZ0bVFBVHZaeEdUYmVkM2VfTnhIdDZWNUZxSEdiYy02TUZyV2840gH3AUFVX3lxTE5hWTNkLWxaNDBLeVpCV0VsOEFGQTZkSk5wamdkdTlPemRJMnhKMG9rNUFGWDlpQWhiMWRKeXVhNHJ3bHlTLXFXR2hBNU9YSUdjaTdBY0w5Nlc3aTMwbVo0Q2xZRHotX1FuWjROSm5UT2xBR19DVy1TNm9ocGZyVW02cFpkN1ZCNkw1RHNKZ0toREljOS1vZ1JJaWJMU2p1YWxDTjJuTHE3SVkzcWhpa1ltWkoyS00zSEdTcWFwTDg3SWp6SzRTMkFqRDdVU204WFEyZnRtUUFUdlp4R1RiZWQzZV9OeEh0NlY1RnFIR2JjLTZNRnJXbzg?hl=en-US&gl=US&ceid=US%3Aen,British International Investment,16 hours ago,🌍 Africa Drones,https://news.google.com/api/attachments/CC8iK0NnNXRWVmhhUlZGa0xWVnVhMVZWVFJERUF4aW5CU2dLTWdZQlVJU1NNQU0=-w200-h112-p-df-rw,2025-10-21T06:42:14.209830
UK Drafts Law Letting Soldiers Open Fire on Unidentified Drones,https://news.google.com/read/CBMipAFBVV95cUxQU3VYMlp1YXdqQ3lZWGpsSUdfUXdjNjZPRlNvOU9YRlFGS2R1VjNPd1ZSbEhhdmxiQXd3UGFyYXVBWU55STc1a19GUDgxV0lWTVA3U1ZnallNUFhpa1B0M0kwWk82WEhNTUxlTHNTcUc3M21hQVFneUk2VEczRG5jNFk1VE5JOGZJM2hPM0pRYXM2RmFwT3hlVHJYSUp4a2c4T0t3ag?hl=en-US&gl=US&ceid=US%3Aen,Modern Diplomacy,18 hours ago,🌍 Africa Drones,https://news.google.com/api/attachments/CC8iK0NnNU1kR2RJYXpKRWJFMUJjRFJ3VFJDM0F4aTZCU2dLTWdhdGhKYU9yUWM=-w200-h112-p-df-rw,2025-10-21T06:42:14.209832
Palma flights grounded after drone sighting,https://news.google.com/read/CBMiggFBVV95cUxQUXhLaDRsZV9jRU9aY0tmSGtqbjdLUzg2VUlmbkJOY25QRTdpZDF0R3lZSFVmNFd3aThDYzFuNnFvOTFXVms4Rm5mbXRSeFpTR3hhaUtRT0NnX1RMcGFlTXJWQW8xVXQ5dUxnVlhOQTNISWhTV0J6RWVfdVgyQjRBTldB?hl=en-US&gl=US&ceid=US%3Aen,TravelMole,20 hours ago,🌍 Africa Drones,https://news.google.com/api/attachments/CC8iK0NnNVFjM0JuU0U5QlpHOWZXV05RVFJEbEF4ajVCQ2dLTWdZSlI1cG5wZ2c=-w200-h112-p-df-rw,2025-10-21T06:42:14.209834
Bavaria launches central UAS hub to promote the drone industry,https://news.google.com/read/CBMisAFBVV95cUxPcmdkLUlxa2JDWjR5SUlNVWMzenpNWG9MelRSWUVSWGdnVEY2elE4S3BqNWRyUDBXaVZ6MndadnZtWk4xbG16NnJjNWEzNXRkeFFURVJhSGwxVUpZS3ZzNnJ0b05CTTh3SWtrejF0TzBZZWxCNEN5Ynluc2FHa0M3UWNpWHdfbFh6MXFDQVc3bzlpNVVCQ19tY1drUmEyR3AwYUNPNkwtWWdVa2JlcVFROA?hl=en-US&gl=US&ceid=US%3Aen,Unmanned airspace,21 hours ago,🌍 Africa Drones,https://news.google.com/api/attachments/CC8iK0NnNDNaV295TW1wMFN6WlVha2xSVFJDdEF4akxCU2dLTWdZZGxaUU1PZ2M=-w200-h112-p-df-rw,2025-10-21T06:42:14.209836
EPD pulls item in pursuit of drone program,https://news.google.com/read/CBMieEFVX3lxTE1Gd3NLOVdtc3I4cUtyb1l1ZGlVMnhVUGVIaksydXlhaVJOMVMzV25wemhQaHUwTllsVXlSeVFfaEVFQWpSenk2VDV2VWZEbnJqRUMwY2lCOFJlSGkyNUFmOHNoLWItVU9sZUFzT0pyQS1DZ0l6Qi0zMg?hl=en-US&gl=US&ceid=US%3Aen,Times-Standard,10 hours ago,⚠️ Drone Incidents,https://news.google.com/api/attachments/CC8iK0NnNXpOVE01V210NFlVVllPRk16VFJEZUFoalRBeWdLTWdZQllKVEhyUWM=-w200-h112-p-df-rw,2025-10-21T06:42:14.209838
Kazakhstan's Karachaganak Field Cuts Production Amid Orenburg Drone Incident,https://news.google.com/read/CBMiygFBVV95cUxNUGdqc1lRYUN0MEJ0aDY3dkh6Wm1oQi03R1BfLWJzb2lUNHdvdDFHdWEzTzJNYjJPTXhKY3lxZV80dEZpcUtHMFktZk44VUxVcnU0VklwdnFqYWJfUGxhWkIwbDNyaFc2RWhRYUh0bzl6VjF5UzdqMkVLVG5vZk5LYTVVaHNBMXdPOEZhMHBWdS1vaF9RTlFaTkpDRlUtM2ZOMG1mS19jd014TVhXTXBxZUJDbHBvdHRSWGhFSFU3Ui0xVkVHNlBud1Rn0gHPAUFVX3lxTFBNQ0dpdFl4ck9YbV9IaWw2bENEcEpNbTVpd1h3b0l6Y0FHdjNQcGlZZHFiRS1ib1hvSnZCTVloaWU5Q09maWczSFdrUkNoX3M3ZXZqNnZmSnZra0xrOFZ3UFdXcnJmRlBtN0pWdGdVV1pQcVFEQThST1pOcU5WS24tbUpRUVlOWld6ejdKRFlCeHdHZEYxTHAxdk5NenBpUkZEVFVkOVgwMG54MEUwZTBhdTdZbmVqLU5qX0VWZzB1Qmp2aEFyTjVDMDl5RHRwTQ?hl=en-US&gl=US&ceid=US%3Aen,Devdiscourse,1 hour ago,⚠️ Drone Incidents,https://news.google.com/api/attachments/CC8iK0NnNTFUbmszTTNWWE1sQldOMkUyVFJDZ0F4amhCU2dLTWdhQlVvVE5MUVk=-w200-h112-p-df-rw,2025-10-21T06:42:14.209840
Drone incident temporarily grounds flights at Palma de Mallorca Airport,https://news.google.com/read/CBMiswFBVV95cUxQUWVnbkxoRU9Ca1k5QkZQNy1zSDRxSW90MWlxazVvWDlFbDB2c3VqRHhLblkyZjN3dWlSXzI2ak9WY1hMdllVM0VsR3BZWWVNaExGX3UwQjEzZ3RDR0RNV09Vek1OVmVjUzlPZGYzTXppQ3V5dS1kc1FUZ1hoS1NheVRlR0hzeFFTRGdqRUM2SnlYLVNLdHdpVWozcFpiV041a3VsYUd3S042UXNrblpHTW84Zw?hl=en-US&gl=US&ceid=US%3Aen,Travel Daily News International,18 hours ago,⚠️ Drone Incidents,https://news.google.com/api/attachments/CC8iK0NnNDBZbFZZV2tWNFJFazFTMWxCVFJDZkF4ampCU2dLTWdZQndJQ0dUUU0=-w200-h112-p-df-rw,2025-10-21T06:42:14.209842
A Russian soldier tried to surrender but was killed by his own drone – Southern Defense Forces,https://news.google.com/read/CBMitgFBVV95cUxPMnFCYUJnUFp5RmJQYVNlLUp6d28wU1lGbzY3ZjVFSFVfMXVZTzR2ZjlaMVJ4c2l2a3lRS3Y2dUh0UldXVnlZa1c2ZkFFQ1FGM3JuYkc5cnhmZDdZYS1aM2tsVUZyaDBIQ2VvTjE5Rjh2dWg2VzFGWjdXZHhBU2hXdG9oWEpWcjFHc1NQZWpUVXd6VXd1NnVrQjVIQWhEUzlhRERBc19ZVlpESE93Q3RaNjVwR05FQdIBtAFBVV95cUxQNzIweW1RUGF0QklIVDhrZl9lS3RnZG94azJPc2dQX2I1dTdwa3MwU0lDY0tHWmFJY1ZfeEVvZ2RZRFNlbDNEN05wcThSXzJ3aEN4ZVI0emljcU9nMkZYcmdES3FaOXl5X1NIYW45eEhRZXpfU1poSVJIdGptWFhHNGRMYWd5QzRIT1JoUF9Eckp0Z0Rsdk1Samg1Ym5yRnhXSXhOMjVpWXYzUzVKSktiLTB4aUg?hl=en-US&gl=US&ceid=US%3Aen,Українські Національні Новини,13 hours ago,⚠️ Drone Incidents,https://news.google.com/api/attachments/CC8iL0NnNWljVUl6VFZaemFUVm9hV3h4VFJERUF4aW1CU2dLTWdrQkFJNndFS2xyamdF=-w200-h112-p-df-rw,2025-10-21T06:42:14.209843
An unidentified drone was circling over the airport in Mallorca,https://news.google.com/read/CBMingFBVV95cUxNTE9jY2g3dEluVEZnV2JUMXFvVTFMZ204eFNlcXFWYkFPQ3NJRDBob2lkRUtfSHU2VXFCdThSNC1wTk90Zm9aaW9Ec0JKVGZCVjI4QmVEZ2phYkJrNkxVa21leHJHaFhLTmNZM3AtTGxnQ3NPYnJ2enRoWk50eGRWMm9BOWx6bkhfYXRzSlN5YTNYV1N3UmJnTnBSN1ZjQQ?hl=en-US&gl=US&ceid=US%3Aen,Online.UA,18 hours ago,⚠️ Drone Incidents,https://news.google.com/api/attachments/CC8iK0NnNVhVak5QVVV4eldHbERMV3hhVFJEd0FSaUJBeWdLTWdhSllwS3RyUWM=-w200-h112-p-df-rw,2025-10-21T06:42:14.209845
Spanish airport temporarily halts flights over suspicious drone sighting,https://news.google.com/read/CBMiqAFBVV95cUxPWjFOUTViVzJ5em5hOWhUTE9HMW45MllJVDVSc012SzEzWHR2WWR5UWZ5VTdQX2xkSlVOb3BBeklGOWRFNmxmdGNKdG8tandnZEdmTWlBQWxqTS1MZUtla1NPZXhCVlc3dFRSTHExRlMzSWplSkQ4RWFuQUI5anc1NFBOanZ3bVhQaHFVVmxZNHdKLTlHdmRwdVlYLWg2azhjczZxSkIxUFg?hl=en-US&gl=US&ceid=US%3Aen,The Kyiv Independent,16 hours ago,✈️ Airport Drones,https://news.google.com/api/attachments/CC8iL0NnNWpaV05HT1ZWaFpEQlhNMmswVFJERUF4aW5CU2dLTWdrQnNJYVVQQ2VoTlFF=-w200-h112-p-df-rw,2025-10-21T06:42:14.209847
Munich airport reopens after drone sightings force closure,https://news.google.com/read/CBMihgFBVV95cUxQTEFqek9NdExHemg2WXBzUEpDcHFFWmgtSEpQWEliMXpQNDk5aHRzNGZpMmNhTlFUMndMMVR1UGY3ZEtwMF9ycVltMmtFNjFzT3JTakRsLVhvX1E3QjVLWTNodmx3MHJDMU9DN2NCYnNZSHZiaDlYQUlRN3Y2SHdzbWUteVh5Zw?hl=en-US&gl=US&ceid=US%3Aen,AOL.com,16 hours ago,✈️ Airport Drones,https://news.google.com/api/attachments/CC8iJ0NnNWtjRXBSWWtKb1oySTBRbEZJVFJEb0FoaUFCU2dLTWdNWlJBdw=-w200-h112-p-df-rw,2025-10-21T06:42:14.209849
"Unknown drone halts flights at Mallorca airport, forcing plane to divert to Menorca",https://news.google.com/read/CBMivwFBVV95cUxQRFdzdlVyUVF3UGdJUXA1ZS10U3FEV2wxaHd4dnhtZVM1TFJKVno1ZzdIclpxWlROVkRTNEJfbGdYRWYzaW1oWENLZVNRbHhZRWcxOEJ0RkQyUmVrWHpiZXdIT2NUeDlGdXJjcE5LemtQQ2JpU3FYZnZTeW00NDRyeHN2TEw3TEhEVjMyaTVPNkJYZVlRbXg1ZDBwbFVrbmpJblB1eTNRRTJFN2dkbnRzVHZ2dWVLZHRZc3lxejJaRQ?hl=en-US&gl=US&ceid=US%3Aen,Euromaidan Press,17 hours ago,✈️ Airport Drones,https://news.google.com/api/attachments/CC8iK0NnNUpaVWhLYlZwRlZIaHBMUzFTVFJDM0FSaVRBaWdLTWdZZGdKaXNzQWM=-w200-h112-p-df-rw,2025-10-21T06:42:14.209851
Palma de Mallorca Airport Temporarily Closed After Drone Sighting,https://news.google.com/read/CBMimgFBVV95cUxOMDF0LWROZ3VFX2tLa0NJMjRza0xvUWR5d2pWX0VmVW1ncVJNNEE3dER2TkYxdTRZUFhXSE9SUk1wdHJTV2Z3RnJTN3dYVGlLbXRBblBFb1JvVDNKY21oYjhHdERHT21pUlpNUDV3OWxSVks5TWFWMjI5N2FqNTNwai1nUWV2N3BQUzFOZXlqYVNSSXhGOGFCeVdn?hl=en-US&gl=US&ceid=US%3Aen,Букви,16 hours ago,✈️ Airport Drones,https://news.google.com/api/attachments/CC8iK0NnNU5Za1ZsTFRoUlUwOWlSRlEyVFJDUUF4al9CU2dLTWdZUmc1VHBNUWc=-w200-h112-p-df-rw,2025-10-21T06:42:14.209853
Drone Sightings Disrupt Major European Airports Days Apart,https://news.google.com/read/CBMilwFBVV95cUxQX3k0RW52cnJpOElOS0doRGhzMGNnbzJOTmpEWnlhbDV1WnhKMXJtdUwwd05oZEUxSGJJTTVWN01aaVN6VFRIWG1pTnltSzg1Y1BDTmZQV1NnZ3VpOWRvYnhPSFdNd3ZxTkRNeE9Qak91SFpjU3N6RXJKWjlIb2xScXBOM1A4eExUZmttRG9XelVGZHVMTGw4?hl=en-US&gl=US&ceid=US%3Aen,Evrim Ağacı,12 hours ago,✈️ Airport Drones,https://news.google.com/api/attachments/CC8iK0NnNVVRMjlXTTFGWFkzRkdkakZOVFJDdkFSaWdBaWdCTWdZVmc0Q3Z2UVE=-w200-h112-p-df-rw,2025-10-21T06:42:14.209854
Man caught using drone to smuggle drugs into prison,https://news.google.com/read/CBMiekFVX3lxTFByMW16bUQwNzlpeVlma2tEZ0V2MWxncldfVHplbWxGbm5rOGktZUR2c3JsNWJfNmNLcXQ0MG9yMWVRcmhOM1Z1X1NISk5zaUlpNHpNTjQ2SkpvdjVfbUcycm1OQ1pwXzRrV3puc1RzTmUwNW9UTU9FTDVB?hl=en-US&gl=US&ceid=US%3Aen,AOL.com,12 hours ago,🏢 Prison Drones,"https://encrypted-tbn2.gstatic.com/faviconV2?url=https://www.aol.com&client=NEWS_360&size=96&type=FAVICON&fallback_opts=TYPE,SIZE,URL",2025-10-21T06:42:14.209856
Donaldsonville woman arrested for trying to smuggle drugs into Federal Prison in Grant Parish,https://news.google.com/read/CBMitwFBVV95cUxNOVlrRU43UkI3WElNTGJ4SDNsTVlLS3dXVHNManhGZ1k4ZERWd0RKUHR2VkpNWmlROHBseERhc3AyZUd6QktIRnhyVE0xNWRXMWhOeW1BMXNFZF9uQldJcGpPMHBiQnkyVkFXVHdLVXZRV2lweVQyZTdZOU5lNmJHRk9vTC1wVi1ERUZqSEFPZDFnRnhtWjU2VXhtb2xaUUp1UHBLSjg1RW1DZzJBTHY1QWJISVdrZ0k?hl=en-US&gl=US&ceid=US%3Aen,KALB,17 hours ago,🏢 Prison Drones,https://news.google.com/api/attachments/CC8iK0NnNVlPVWhwTkRsTk5XSnlNRUowVFJDZkF4ampCU2dLTWdhcFZZek5wUVk=-w200-h112-p-df-rw,2025-10-21T06:42:14.209858
The Government will expand prison spaces to prevent them from becoming overcrowded.,https://news.google.com/read/CBMiwgFBVV95cUxPaURiWnZiTVZIdnczWF91MEJiUEt4ZDZvUXFUekNYaV93V0VXcFF5Nm5aVjAzc3hSRWZod0N6cnptS2FkMzJ5YmhxNEFIOUROLUVPWUJqcy1LYjY2TDl1SDRaVXNNUWtwNkFBS25sMkxDNUFhcDliMktUVkFTYm1zbG9zbTRqd2x6ZVlKbmFEcmUyZ2tjeVRxUlJES2FkR0pnMmp5amVjbHloNmVCZkJwX0JhMDZBQS1IS0ZuOHQtdVhVd9IBxwFBVV95cUxOdERRbHZQT3lVMHR3RG1LVHQ0Z0p2QVRBQmQtYW5QN1MzSTNRbS1NaHhMZDg5WnlPQ0tmcndpc1ZVcUd3djRRMHBlU2xRS25iYkZRU1dLYUxkVGwzVzZwbmhrOGpHQ25uNW56OWJnMEdmYk1OWGFJQzFKOW1kZEZiLUF3cjNtMkZwNTQ0NnhrQlJNeXppNDAwUUlDMlluazBsYy1jalBnLWl0X1NscGJUTHhEaFEtVDhlWnVWcS1sa1R1UHhUaXhN?hl=en-US&gl=US&ceid=US%3Aen,Diari ARA,13 hours ago,🏢 Prison Drones,https://news.google.com/api/attachments/CC8iJ0NnNU5ZbmMwY1daYVNtYzRVamx0VFJDZkF4ampCU2dLTWdOTnNCQQ=-w200-h112-p-df-rw,2025-10-21T06:42:14.209859
"Richmond Hill man (Jared Ross), 34, accused of exposing himself to strangers in wooded backtrails",https://news.google.com/read/CBMioAFBVV95cUxQejNnRmNZbHVBLU9iczlLbFh1Q1podENFbHdnTTczMHZ3UGpEYTdwNzVaN0lJRlBjZW50N0Zrd1JPZXpCNTNTZGdNZndmcTR0VzdEZjFlVmdUMHFfQW1SdHl5VkdzN3RHSkNWWkJnc18yS2hNekNMeTFxLUFKOHBXVlV5REo1cmF2bTN1MnFrakxidEQ3NVY5M3FtWFRBUUxP?hl=en-US&gl=US&ceid=US%3Aen,Reddit,2 hours ago,🏢 Prison Drones,https://news.google.com/api/attachments/CC8iK0NnNHhNVXhHZERrM1VGcHZRM0p4VFJEb0FoaUFCU2dLTWdZdFpZeXVMUVk=-w200-h112-p-df-rw,2025-10-21T06:42:14.209861
"Govt to allow early release of thousands of rapists and violent criminals, Tories claim in sentencing row",https://news.google.com/read/CBMi1wFBVV95cUxNRVdnRU44RE5pSkIydHFUMGZ6MGV2MGliTXRHQ0tJRkZYc0pZZHdZakJrMzJ3SWliMHRLNlNfamU4QWJ5cV9oMnd5M0dkSXZmMEpFZ3JzbTRUY1Fmc0F3QkdRbmxRRndoQmlYWnhnbTB5RzI1VGhSUy11VXR2MjFRejdjWDJNSy02OGtoV0Nsc19Ia01KV21KY3dHZHd5ZDdMcFFiZTQ0dXlwcWdjMlVOaFNVVXVDeE1odDdZa1BaRThKX2tabmxOUkpqcHI2a01xSXdUdVc0QQ?hl=en-US&gl=US&ceid=US%3Aen,Sky News,9 hours ago,🏢 Prison Drones,https://news.google.com/api/attachments/CC8iK0NnNUhUMU5rVFdwd2VFNU9Oa3RsVFJDZkF4ampCU2dLTWdZUlE0Um90Z00=-w200-h112-p-df-rw,2025-10-21T06:42:14.209862
