Title,Link,Source,Published,Category,img,Scraped_At
UK military to get powers to shoot down drones near bases,https://news.google.com/read/CBMiWkFVX3lxTE5vLXBlU0xqeEVvcXI3Zk1ESWpHenRtbWh2Y1dwZ2ljdWZCenp1SlFvRFFRQzd0YnRsT1dzWVJ4bjg1TjUyNHdwZGR3NUcwOFQ2blFYeWJWYkFiUdIBX0FVX3lxTFBXMUFJbUpiMnRvLXNGZVNMc241YTVzLXM3T29NdlJCcjVHdU1tckFyTlJ4NlRYOEFCUTJoaGF2QXYxY0E1WjVIZThEVE9sNm1sajRDbk9TTUFwWDdkeVpr?hl=en-US&gl=US&ceid=US%3Aen,BBC,7 hours ago,🎯 Military Drones,https://news.google.com/api/attachments/CC8iJ0NnNTROWEpYTW5kd1JIRlVWM3BPVFJDZkF4ampCU2dLTWdNOUF3WQ=-w200-h112-p-df-rw,2025-10-21T02:01:38.504671
The Army wants its own fleet of loyal wingman drones,https://news.google.com/read/CBMijAFBVV95cUxQUWFCblZwTkVvblFxcmp2OFhzWnJrdUxULU93UThPV1YyeFJtdTg0NVFFaV83MGFSYzNPY0NrMGlCaDEwSTc4RmFqc2pwYmllQ0x6ZWQ3Q0tKaFF1bmYtVi1YQVFlLVhmVGhqbUVvSFJLX1NFVUQyNnFLNzFxMzI3Z055OThNTWhOUHRtTg?hl=en-US&gl=US&ceid=US%3Aen,DefenseScoop,4 hours ago,🎯 Military Drones,https://news.google.com/api/attachments/CC8iK0NnNWlVVWRDY3pKcE1XTkpYekZwVFJDZkF4ampCU2dLTWdhSlVwS21JZ2s=-w200-h112-p-df-rw,2025-10-21T02:01:38.504686
Why the Army may need a specialized counter-drone MOS,https://news.google.com/read/CBMiqgFBVV95cUxQTjVYTjVrVnBjTzVOU21ZSVhZOUcxbG9sVFZ0emJRYmx4MnVYVElYWVliNDFrRXA4cTdmRURaRHp3Qmp2Q2Z6TnhFMGgtektnNGZzQWZfSWpQSjZaR01WV0RxQl81X3ZGRERWbDNZYlM5QWkwaXg2dWlSV2M1TXphejFkeUVIWndtQ0JUZDl2djhKVEYzYW0zUGFHSExVTnRORWdsUm8yZkVuQQ?hl=en-US&gl=US&ceid=US%3Aen,Army Times,6 hours ago,🎯 Military Drones,https://news.google.com/api/attachments/CC8iK0NnNXRkalpyV21WWlNVSTFjbVZEVFJERUF4aW1CU2dLTWdZQlJKRG1JUWc=-w200-h112-p-df-rw,2025-10-21T02:01:38.504689
"Begun, the Drone Wars Have",https://news.google.com/read/CBMiiAFBVV95cUxNUEZLNjRIMUhkamNic1JVcXRXXzNtamhDZzc5OFhBZ1g1SGEyWTN6VzBUcFdNMkxTeGpBR1VCN2pTemFzVlJfd2tnTGF1OGNLMXBIY0dTSkczd1B6dlVzeFJ4OUJGc0thX0pYOHNNbzlGWU1uSllVS183RUFqeXpJVkNIcWZKRFZC?hl=en-US&gl=US&ceid=US%3Aen,Commentary Magazine,4 hours ago,🎯 Military Drones,https://news.google.com/api/attachments/CC8iK0NnNXJWWE55UjBKVFNWOXRiRkp6VFJDUUF4anVCU2dLTWdZOUk0eFNsUWs=-w200-h112-p-df-rw,2025-10-21T02:01:38.504691
US Army Taps Anduril for Next-Generation Drone Defense Network,https://news.google.com/read/CBMicEFVX3lxTE5uV1czRFNaUzdFSWFUaHZPU2NnbGJ6cWNOczNYQ3RRb1B5d2pfYkwwakUwbWdsQ2p1ZFJrVXRfZkQzbjI0azBhdklpTDdScmo5SGJIN2NnU0JzbVpMRExoLUE0ME5uNGVsb1VxMk0zUU7SAXZBVV95cUxQenR4LXQ1NTBJbTRRb0NDRkVtMmlwZHlhWk5OU2pnRWJPdkdjal9JbjRJRFI5WEx6YXYxaXFEand4SWZZQXNCeFd0MjZvNUU2NTFidEFZRjBTeXlSbnlQY2NZUTZ3T1BXQ090UFlpajM2bE5OeFlR?hl=en-US&gl=US&ceid=US%3Aen,The Defense Post,13 hours ago,🎯 Military Drones,https://news.google.com/api/attachments/CC8iK0NnNVVYMDg0YUdWRVVuRjBZVFJqVFJDZkF4ampCU2dLTWdZZGhvSXFNZ1k=-w200-h112-p-df-rw,2025-10-21T02:01:38.504694
"To sell weapons, prove they worked in Ukraine, say military leaders from NATO border nations",https://news.google.com/read/CBMiqAFBVV95cUxPSHJHVmRhazRhSFQyZkZIc1J0ZmhKQTVlaUFCMjYwZ3lzTGxiVVRaamVVUHY0bmZSTnEwdnlPdkt2WGg1NEFyaUhxVDRST05mS1hyenRsb0Z6QXZzb1ppd0J5STJlVFZIb3NKZlZSQ2ZfWmtVSkNhclFtU1lzeDZ2NjFIZWsxQ3hwdzNmbHNqQWd5RVZBbEhIcDVCdEhKLUpFR3prMWpBdkc?hl=en-US&gl=US&ceid=US%3Aen,Breaking Defense,10 hours ago,🎯 Military Drones,https://news.google.com/api/attachments/CC8iL0NnNUtNbEpmWkZVdGMyWnJOVzg0VFJDZ0F4amlCU2dLTWdtcFJJYU9JU2hzTVFF=-w200-h112-p-df-rw,2025-10-21T02:01:38.504696
Army General Calls for US to Get Shahed-like Suicide Drones,https://news.google.com/read/CBMirAFBVV95cUxNdk9VS0huX3ZnUGlLdTh2M21ubFRNN3BkeE5yOTFpbUIyejNPa2Z6bVdSb3pYUzRlcUZJdG92dmRMXzlPbFlWSFZ4M2p4bFYtWGw3RnFFaTllVGhraHZwSTBZRHZoZUZuRUJvNnhwaEVWZU8tQU50NkJHaDdya1JMMzNPN25FYkZ3dzB5X0R5ZGtpZG9Od0J1RVZ4NDhwYzZFeDkzWUEwVU9XX29F?hl=en-US&gl=US&ceid=US%3Aen,The National Interest,5 hours ago,🎯 Military Drones,https://news.google.com/api/attachments/CC8iMkNnNUZVMkUzYURKT2JVRm1ja3BRVFJERUF4aW1CU2dLTWdzSk00eHh4V1JjcDJxdW1n=-w200-h112-p-df-rw,2025-10-21T02:01:38.504698
UK military to be given powers to shoot down threatening drones,https://news.google.com/read/CBMioAFBVV95cUxQeTJ3ZjNDV0RQa1JyRzFfa0U2a3N2V3E5NFlMWUladlYxQ0RHY1BPc1ZYOXdsbHBTZ1l5VDBDZ0RIVVlsZmFGbGRoalVzSzNVN3ZIWU8xU0xUVGw0TVJFQTdSd1VVZm1TQlRhRk0wQ3B6TEp6MFBNUl8xU3RKeF90V1QzUXBIVHc2R19rRThBMnBhLWRWXzNKb1VLOXpmdWRl?hl=en-US&gl=US&ceid=US%3Aen,Sky News,16 hours ago,🎯 Military Drones,https://news.google.com/api/attachments/CC8iK0NnNDVZa2RUVjJKRmJWOWxSWEZNVFJDZkF4ampCU2dLTWdZTmc0eXRMUVk=-w200-h112-p-df-rw,2025-10-21T02:01:38.504702
US Navy taps General Atomics to design carrier-based combat drone,https://news.google.com/read/CBMipwFBVV95cUxQR0dpODJwc1ByclNPTlVFSXZhTXFPZWJlU3pVTlk5N2h6X09kSnREc2tMTUxSMUtCNVVkakRuUVJ2b1FRdm5TVFN3YmhSMm5rUW5XcTc0V21uel9MSzJJRnN0VjIzWDlWZ0tnT2U5TUc5Vi11SjBPN0FGVkw5cXB0eC1XYi1RNURidU5OdUtuWTRPY3kwendaaGJqdkRWZmlhR3RsNFFLNA?hl=en-US&gl=US&ceid=US%3Aen,Naval Today,18 hours ago,⚔️ Combat Drones,https://news.google.com/api/attachments/CC8iL0NnNU1WMXBzU1ZnNFVVNWtVVVJuVFJDZEF4am5CU2dLTWdtWklZNEtMbVU5NWdJ=-w200-h112-p-df-rw,2025-10-21T02:01:38.504704
Lockheed Martin debuts Vectis combat drone at ADEX 2025,https://news.google.com/read/CBMijgFBVV95cUxOYVdobE5UbWpMTjV6cjZwNFlocXE4N3pvX1lJNFkzM2drZXBWQkljZVl1VWJXNklJRUlfS09vSGFXc2xNQUdlajRVLVVDZ0F4bFlYa0IwMFdCSFB1OUNCSVVydGI5djc2MHdob1ZYS1hjVTYxMjRJU21TTHJJU0NUejY2NzJyOU50N211YVVR0gGOAUFVX3lxTE5hV2hsTlRtakxONXpyNnA0WWhxcTg3em9fWUk0WTMzZ2tlcFZCSWNlWXVVYlc2SUlFSV9LT29IYVdzbE1BR2VqNFUtVUNnQXhsWVhrQjAwV0JIUHU5Q0JJVXJ0Yjl2NzYwd2hvVlhLWGNVNjEyNElTbVNMcklTQ1R6NjY3MnI5TnQ3bXVhVVE?hl=en-US&gl=US&ceid=US%3Aen,Defence Blog,14 hours ago,⚔️ Combat Drones,https://news.google.com/api/attachments/CC8iL0NnNHdMWFppVTBZelQwTlhaR1JEVFJEZUF4aUJCU2dLTWdrcEVKWVFIV2dtcUFJ=-w200-h112-p-df-rw,2025-10-21T02:01:38.504706
Kansas To Join North Dakota As Site Of Counter Drone Point Defense Battle Lab,https://news.google.com/read/CBMiuAFBVV95cUxNZUdNaWZYU1MyNjF3WUNvUHo4NnVTUlJZVm1XSGVPNnBvZzg1S1V5b3ROanlFdEE5eGRPZ1lUaHAtRHdIY3JXRWxBaURrMHV3V21jeFlPWmtQV1NUNzBoWGF2eXZNSHJMZ3V0ZFRXVldwdXVRWjNhU3dHeXRvS1Q3WXlqQWRPWW1ZU0p2LVdtLUtuNzZkZGttMGFJRXlhREowdUNrdXRrbXdDTjZrZGF1dnY2cDkzdDFk?hl=en-US&gl=US&ceid=US%3Aen,Defense Daily,2 hours ago,⚔️ Combat Drones,https://news.google.com/api/attachments/CC8iK0NnNU1XWGhmU0dSYU1UQm1NVlZIVFJDcUFoaXNBaWdLTWdhQlFaZ0RJUWs=-w200-h112-p-df-rw,2025-10-21T02:01:38.504708
Russians’ surrender to Ukrainian robot marks further transformation of war,https://news.google.com/read/CBMikAFBVV95cUxOaEZ4emhnbnRfVnVkeEJLV0Z4RVpLT05rQTNjRVBwQWlHbXF1YnlxNUNBcnlhbUFiOWVxcEFZQ0FVMmNzOHdxUEl5R2NNeVNfTE5kMXVTVnBBdlVMTVZMOWdyVGdSRFJUU3V6RHVma2toZzNjYWlKWnpEQ2hJYnlJam9ZTFFBRlJrOXB5STVYTGI?hl=en-US&gl=US&ceid=US%3Aen,The Washington Post,9 hours ago,⚔️ Combat Drones,https://news.google.com/api/attachments/CC8iK0NnNTFObmhXU0RoTGNXdDVReTFQVFJERUF4aW1CU2dLTWdhcEE0Nk9EUXM=-w200-h112-p-df-rw,2025-10-21T02:01:38.504710
Netherlands Joins US Drone Wingman Program,https://news.google.com/read/CBMidkFVX3lxTE9TVmhsaEhWSExYNzdMZEJYRF82N3M5Q1hwMlB1cjNWLTlFRnZ5N2haUTkyX1VsUnJyMU9fZ2N5Y09VZUFKNnZYaERSMzBFWHJVNzVyYllCbW10VnZWWWNlbGJicUN6b3lqQzFvZGFMWHozek1BbHfSAXtBVV95cUxOelQyNnh3LVZ2MFR4NUU0TEFIOUxVS29FeFpEc19Fa1dlTW9MSzVzVTc5Y0JsVlFKUkZrZ1I5UV9fNmR4Q3dCNTh1TnFta1dReDVvdU1FRFFIanlpUDRyUkNPbkN5Vk5SeXVzWjZ2SDU1NW9fS2wyOE9maHc?hl=en-US&gl=US&ceid=US%3Aen,The Defense Post,10 hours ago,⚔️ Combat Drones,https://news.google.com/api/attachments/CC8iL0NnNUNkMmxrTTBFNFJFWTNkVVJpVFJDZkF4ampCU2dLTWdrQk1ZaUxPU1ZzYVFJ=-w200-h112-p-df-rw,2025-10-21T02:01:38.504712
US-Ukraine Team Unveils 300 mph Interceptor Drone to Hunt Shaheds for NATO,https://news.google.com/read/CBMiugFBVV95cUxPVnBoQ1ptcU9NaVpxQkR2b1dnckRUQ3pJM3k2bmwtRkVIb09FdjBjU1FSX2JrMzFKR3FDV0VyalpEcmtjcEtsSnpBY21rbUFZMWpHUWdKUEhfNEtUX0gyYm9OUEdCdGJtN3pSV0FURVAzckVJaFp1dU8wNlBPb0pvTkJyUXpoNlVVV1IzaHlCZ3BVX1JfM3BaNWtmYU90cUthbVdYaTg1aXZSRUdFT2ptVldrX1h3LURFTGc?hl=en-US&gl=US&ceid=US%3Aen,UNITED24 Media,14 hours ago,⚔️ Combat Drones,https://news.google.com/api/attachments/CC8iJ0NnNUxURFJXVmpWUWRGTmpjbTE2VFJERUF4aW1CU2dLTWdNUlVBWQ=-w200-h112-p-df-rw,2025-10-21T02:01:38.504714
Attack on Russian nuclear bombers captured in new Ukraine drone footage,https://news.google.com/read/CBMif0FVX3lxTE42SFFxTnI0cnZkTDNBZmhScGxaTFd1WDFOc01uSFJycVplb2RMa3BLbXA2bGp3MkNmWERQaENfcTc1R3JoLV93Y1ZnWUJuLWF6RGhFZm5XT1M5YTVQOHhCc2JVNG9ndnBwTjRmeXhTLWt0TThJUWFQaXVscVo5bm8?hl=en-US&gl=US&ceid=US%3Aen,AOL.com,14 hours ago,⚔️ Combat Drones,https://news.google.com/api/attachments/CC8iK0NnNUdNVTVrTjIxMlgxSjVWbTVhVFJDckF4aUFCU2dLTWdZQkFJcnlnQW8=-w200-h112-p-df-rw,2025-10-21T02:01:38.504716
Ukraine offers drones to U.S. in exchange for missile supplies,https://news.google.com/read/CBMipAFBVV95cUxOcXhfeWNlb1FOb19yTkt0dUk3OW13VndBWEJHNWl6N1dkakJZaG5QOHc5OXJjcHk3TkhBck05YkFBMk1JcFJsUXgyQzFocExHYWNObENjQWpXNWhaV25JbGlxUWJydWlCd1FCQmRtM09kc3RleUlObGcwQ0RXR2NsaDZEeHFvV2NMMlpNd2NuOWhIRFoxdmFnNlgtNUlOMXhPNUdnZNIBqAFBVV95cUxPU3NpTDdOQVBuekZMYjJXYng5Nmp6cVhFOHc4NlZkZExLNTc3M2hqMVVvWENTR3d4bXU5MWZ0dV8zaWhycVpVQ0ItYjduQW56ZWVFblRhZWZRQTFOWkhka1N0SHB5Mm9uSGVESGhLUnQ3elNpRHdEVnozN25rMXplUHdwYjdIZnJwVDNEMGNWSmVSZTZSZ1AzRlBnWVp1WGN5bW9jbExhTUU?hl=en-US&gl=US&ceid=US%3Aen,Военное дело,19 hours ago,⚔️ Combat Drones,https://news.google.com/api/attachments/CC8iK0NnNXZabmxsTWtkTVVVY3pPVWhwVFJDZkF4ampCU2dLTWdhcFZJanNvUWc=-w200-h112-p-df-rw,2025-10-21T02:01:38.504717
Drone attack causes fire in five-story building in Dnipropetrovsk region,https://news.google.com/read/CBMiwwFBVV95cUxQd2Y5WGtzcS1VdVlQdjlRbFAyWkd4QTR0b0ZRMldpdXc4UE00dmpTblgyN19WcFJCMjRVcE53NWo3eTRzZWFTSDkyelBpekZMSzJLbXJuZHRGZF94bm9OejdvT29tLWpEM241T1FNSjNOaFpiMFQ2ZkFpUVFkaUthM3hTRG5zQ2RCMFN0Vm1WSlB3R3VneDlEZkVTRzBfY19Jb0REOWVhdGJxMF9rSkFEM3dKQmg0dTR4ai1nTFBHN0NRbjQ?hl=en-US&gl=US&ceid=US%3Aen,Ukrinform,20 hours ago,⚔️ Combat Drones,https://news.google.com/api/attachments/CC8iJ0NnNVVYelZLYkd0SlJuQllabWRIVFJEb0FoajJCQ2dLTWdPTk1Rdw=-w200-h112-p-df-rw,2025-10-21T02:01:38.504719
The Russian surrender to a remote-controlled land drone in June shows how intensely drones are changing modern warfare on Ukraine’s battlefields — first in the sky and now on the ground.,https://news.google.com/read/CBMi3AFBVV95cUxOM1hYZDVva19Rcktoa2JTQkUwR0dGOTJ4R3VQZVJkZFExN3NoM1U1c3ZfaGpuUWxBeWxIelp0YkxFNThtQU84VkMtLXdnTFlDcW90WThXNmotY0Jwa0Q4dzlKcTdCWFVJTGNpb3E1WlJQZG9jTmhDcEludnBEblctXzhia1hLMm5oVHN2ZHNBVUc0aVpnWEcyQlpQM2Znd1pVZGQzUW5EZ1d0bzhDNEpFV2ZFR2JKWkJvN0lQc2s4al8tcC0wOTNFbVRBTzloLXRzXzNFUWhvMDItT3ZU?hl=en-US&gl=US&ceid=US%3Aen,facebook.com,11 hours ago,⚔️ Drone Warfare,https://news.google.com/api/attachments/CC8iK0NnNDJNakZWUzNWVWRXczBYMHBLVFJEbUFoaVdCQ2dLTWdZbGRJTE5NUVE=-w200-h112-p-df-rw,2025-10-21T02:01:38.504721
"The US Army Has Plans to Produce 10,000 Drones Per Month",https://news.google.com/read/CBMipwFBVV95cUxPaDZVMzRma3Atc1F6cDdSQVlYX3JOTjNWbzRpQ0NXVlVkdGJlektkaks1bjdUZXV0LUNsTUUzakZzbzdZWHFRNVhHYzRYMWM2T05SZzAwcVRmOHBhM2NOSmhSMG91ZWxjZUFHLURrNGdpNDY3RHVRRzNfaGNoVTNlOXB4NldxRFdsLUc5aTlneUV1RW8yeExPaDEydkVQMk5jUDMzOTNiNA?hl=en-US&gl=US&ceid=US%3Aen,The National Interest,9 hours ago,⚔️ Drone Warfare,https://news.google.com/api/attachments/CC8iK0NnNHljbVJqVDBORVQwUkVTM0pqVFJERUF4aW1CU2dLTWdZZGhJcHdRUVE=-w200-h112-p-df-rw,2025-10-21T02:01:38.504723
"Ukrainian Drone Boat Launches FPVs in First-of-Its-Kind Strike on Russian Vessel, Video",https://news.google.com/read/CBMiygFBVV95cUxPeWc2X00wMnVaeXlNbXBia016YUVnTlhZNjNYY1EzaktpLVdzSjY4cUdKSEppT0ZmZEZGT1lCV0hpUVlVa2FaejFUWnhDTkZpWWQ5Z09ZN1dZN2Y3V2NwV2hYMzdtYWhuLTI3cEs2djhPYW9WS0RiaTJsTGlPckhhX042emxJNmItV3dKZ0JITTQxUHdKczdXWUN3YVFYRUd0Y0lMbFBpVkdLYlFRUUtDd0tWY0JoZWpWMjJ4N1VzVFZIN25tOHVBb0VR?hl=en-US&gl=US&ceid=US%3Aen,UNITED24 Media,10 hours ago,⚔️ Drone Warfare,https://news.google.com/api/attachments/CC8iK0NnNTBOVjh5VEVVMmRqTTFOMUpuVFJERUF4aW1CU2dLTWdZVnNJNXNPUVU=-w200-h112-p-df-rw,2025-10-21T02:01:38.504725
Why Russia Is Worried About Ukraine’s Decoy Drones,https://news.google.com/read/CBMipwFBVV95cUxOVVlwck5xZ3ptWmRyZzVkNTkyUkNlc0pwYjlRNUJrLUdHMGNWRlVSTFNtS1liS3Y1VVZhaUFxLXZKa09SZXdxZFdCS0F1ZDRrZEhUbGo0cnVINDk3RFNfOTE3Y1VSUzJrOWtrdHlsWWkwMzlCemsyZmZOZ2dkb1RNOTBkby1tYkJEM0hpYTk2c3hrandrbzJiWS0xX0FYUDhfYkRTX05VOA?hl=en-US&gl=US&ceid=US%3Aen,Forbes,13 hours ago,⚔️ Drone Warfare,https://news.google.com/api/attachments/CC8iK0NnNVZSR3hRTkVKZlMzWk1Wemx3VFJEZ0F4aUFCU2dLTWdhUlU1S3FwUWM=-w200-h112-p-df-rw,2025-10-21T02:01:38.504727
Baja California Officials Say Drug Cartel Behind Explosive Drone Attack on Police Station,https://news.google.com/read/CBMivAFBVV95cUxPa2lmSzJFakUwZ3RhenBMSUUtdC1LcXJ1RENvVElTWldacExfZHdIVVZaN3kwdmZ0b2RRX0cyM3ZkRXlkWWl5dzUxWnIxRncwUzJuaWlVd3pZUF9aa1h6LVE5elM1NnVfcXNYd2ltX042MkhqbG5YZVhOSWRMYkFfSUNYRVVJaGFEc3pxTWJTZHN3aHdBS2ZIOUtSVkl1RjJNY1pWTm9DWXJjYUVVM3NYZEVjNENVR0lBRUdOaQ?hl=en-US&gl=US&ceid=US%3Aen,Latin Times,9 hours ago,⚔️ Drone Warfare,https://news.google.com/api/attachments/CC8iK0NnNTFNa0pZVUhCYVMzSmFibGRxVFJERUF4aW5CU2dLTWdZUlJLQ3RJUW8=-w200-h112-p-df-rw,2025-10-21T02:01:38.504729
How Ukraine’s Data-Driven Approach is Impacting the War Effort,https://news.google.com/read/CBMikgFBVV95cUxOTHVsZXJvNVBEdVBLb2lqUUgzb01sNGhzSVR1RlZzc1lhTktjdVRIT3ljazBpb1BxQ192VFpJN2lfVzB4dk9meHR0cVU5cmMweVZ3cndNNWVSak5pSkI0UlJPRnpjSHYzZHhRdUJCRmhOeTRIVGhOT1JBQUl0Y2tfMzkxNzZLZElJbFpSQ1V2Qk9oUQ?hl=en-US&gl=US&ceid=US%3Aen,VoxUkraine,16 hours ago,⚔️ Drone Warfare,https://news.google.com/api/attachments/CC8iK0NnNXRhVkpxUms5c1NWSnpiRmh6VFJERUF4aW1CU2dLTWdZWk5Jck10UVU=-w200-h112-p-df-rw,2025-10-21T02:01:38.504731
Kazakh Gas Production Hit By Ukrainian Drone Attack On Major Russian Plant,https://news.google.com/read/CBMinAFBVV95cUxNcDhHUGFiWWt6QV9yYlU0aldJem1CZXZZdDZFR3BJRHhOVzVJNlI0dm43dFR1bE4zM29wWXkxYUstcXhnR2hIY2VtRmJZOURwY09DZWlVQlYta0ZpYWJOSEhGVkhjYmppSmVNTXNPSk5FeURDQnVNMTRWa1Z4akVmWG9hVEh6c2Itam5CSkhDZkI0MGdGRU03M1NNTE7SAZ8BQVVfeXFMTlJUOHhkQ19JV1htUUsya01uZjRsTkprTFZsdXZKQkxTb3ZfQmdXeHpiV3BWWUNNTlJWNEYyRnpWWHdCa3d2U0hLclhzMGNQbGJNcXdJQ1owQTF3bTRhaEM4b2tRcHlIZkw1ZUhZd3pOSEgzLUlpRXlZNndMaldxV3A3eTRWRENFOWwxdzExd25ORHVWS3pwZ0duYVJaV1Vz?hl=en-US&gl=US&ceid=US%3Aen,Radio Free Europe/Radio Liberty,12 hours ago,⚔️ Drone Warfare,https://news.google.com/api/attachments/CC8iK0NnNUxWVlJ3YjFsek5tOVBibkZPVFJDZkF4amlCU2dLTWdZQjhJU1dVQU0=-w200-h112-p-df-rw,2025-10-21T02:01:38.504733
"Drone Strike Forces Shutdown at Rosneft’s Novokuybyshevsk Refinery, Industry Sources Say",https://news.google.com/read/CBMiygFBVV95cUxQRDliaWVFVUN3ekQtZjVRUEZHSlE3aXVFMnljZzdmMGNIcnBFSnY0ZVI1SkVZMGtwclppc3VENXV3Sy1Vd2g2QjhlZW5ZYVBsdVVEajZTSEFKWnRGVkJGSWNzN0R6QXg2clRjUWs2NWM1QkxDVkQ3WGgzNnZJRUE5dW84Y2VwZFNnOUx0VXdIaTc3R3ZWaFpGNmNJa3QzcXh4dmdhM2FiT3lEcjBPWUZVNGFlaDVBUjFtc3JfZWY2VFlYZjlkN1FXajhB?hl=en-US&gl=US&ceid=US%3Aen,UNITED24 Media,5 hours ago,💥 Drone Strikes,https://news.google.com/api/attachments/CC8iK0NnNURaSEpZWkdWeFEyZE1VekZ0VFJERUF4aW1CU2dLTWdZZEpZZ01HZ28=-w200-h112-p-df-rw,2025-10-21T02:01:38.504735
US strikes on 'Venezuela drug boats': are they legal?,https://news.google.com/read/CBMiWkFVX3lxTFBJU21BdXRHelhPNlFuWGE3eHFqd3V5SXBlQlJyY0oxSjczOFJsdHEwRWZpNmE3NS00MTg5N2I1d2FLWjA5ZVYyT3gxSlhFS1VOcmhwSjB2NUNnd9IBX0FVX3lxTE5wRGFjcEJpS2dzSlhfWkF4MHc0TUtQcGlrQXhMcUhOeWMyeHl2MHlmU3FYQXUxYkNjM01ZQ2hFcS11X2NBcmVSTzFoRUh6ekpWTXhUajFYaVItMDZiLU1J?hl=en-US&gl=US&ceid=US%3Aen,BBC,4 hours ago,💥 Drone Strikes,https://news.google.com/api/attachments/CC8iK0NnNTNTWHBJU0doVmQxWklkRWd5VFJDZkF4ampCU2dLTWdZRkI2aEdEZ3c=-w200-h112-p-df-rw,2025-10-21T02:01:38.504738
"As Russia hits energy grid, Ukraine tries to avoid a cold, dark winter",https://news.google.com/read/CBMiuwFBVV95cUxNcjNpMjNHNFlyeEZqellmRjVnVUZfQlZtOVhNTzRUWF9IZWFpamExVVZsUmhxZmY0YXZOR251aDRxMXp2VUtRbEFYbkNHblBWTWVlS0tKZktTR1l6WGRZRkFyOFM3SlFlWHFmTng4VFRYbHFVTG5RUUZZaTN4alloaXFFT2tkOFhYaFVVTUFSNGRiV0lKZGVyNzQycWFmcklVS0RmNDNRSFRrdkxfSi1rN2RTVVpZSGxaT0800gG7AUFVX3lxTE1yM2kyM0c0WXJ4Rmp6WWZGNWdVRl9CVm05WE1PNFRYX0hlYWlqYTFVVmxSaHFmZjRhdk5HbnVoNHExenZVS1FsQVhuQ0duUFZNZWVLS0pmS1NHWXpYZFlGQXI4UzdKUWVYcWZOeDhUVFhscVVMblFRRllpM3hqWWhpcUVPa2Q4WFhoVVVNQVI0ZGJXSUpkZXI3NDJxYWZySVVLRGY0M1FIVGt2TF9KLWs3ZFNVWllIbFpPTzQ?hl=en-US&gl=US&ceid=US%3Aen,The Christian Science Monitor,4 hours ago,💥 Drone Strikes,https://news.google.com/api/attachments/CC8iK0NnNTNVbXBwU0dWaVpqZEJRVzh5VFJERUF4aW1CU2dLTWdZRnFJNkhPZ1k=-w200-h112-p-df-rw,2025-10-21T02:01:38.504739
Leader of Naga group killed; Massive drone strike on NSCN (KYA)’s camp in Myanmar,https://news.google.com/read/CBMitAFBVV95cUxPY3phek9wQ19rRFVxYUtBSnJvTWhkbkJJMlQ1ZUMyNk1IRDBMdDh0UmRsOHZIbkw3X0hhekJ3UUxuaFRDWENmWURoNl91UXBHTTlGUDBLRnBmT3dhdmRtWm5odXljN3hsRXhUUzFGVkQ2b1p3RnNtUUt0SDhqOVFvaDF2c2NILTB5OUdmMGp0RHlOUlc2TUNWQjhVejk4b1dFQTBYd2dzTVpPOHRHQTE2SVBDaTDSAbQBQVVfeXFMT2N6YXpPcENfa0RVcWFLQUpyb01oZG5CSTJUNWVDMjZNSEQwTHQ4dFJkbDh2SG5MN19IYXpCd1FMbmhUQ1hDZllEaDZfdVFwR005RlAwS0ZwZk93YXZkbVpuaHV5Yzd4bEV4VFMxRlZENm9ad0ZzbVFLdEg4ajlRb2gxdnNjSC0weTlHZjBqdER5TlJXNk1DVkI4VXo5OG9XRUEwWHdnc01aTzh0R0ExNklQQ2kw?hl=en-US&gl=US&ceid=US%3Aen,Resonant News,6 hours ago,💥 Drone Strikes,https://news.google.com/api/attachments/CC8iK0NnNTFXbTF2VnpFMVpWQlhlSG80VFJEakJSaWZBeWdLTWdhTlVvNG9RUVU=-w200-h112-p-df-rw,2025-10-21T02:01:38.504741
Novokuibyshevsk oil refinery completely stopped primary oil processing after drone strike - Reuters,https://news.google.com/read/CBMivAFBVV95cUxNNEdENG1tbUNfMGhGZ2FmcmtSd19CRTlYVU0tUEI2X1hnVElCZms5Y3pUejEzMm5CRmo3b1lXaGJvR1FqRHFaVHBnOE51UFVHalZ0ZHhxZHlyQ29YY3BxcWhNZFQxeVhNODd1UDc4ZEs3SkZCN05hNThiajh6d0FiUGtUX0U4VWFJZE5ISzBsUU1PMk9iMnQ1TTJrZVM3LXpUQmJzWm10ZzB5REVDTWlRS1JONTEzcmtDUWx1cNIBuwFBVV95cUxNUlViTlZzUFZ6X0ZLUGFhVHR6RXZmN0VQV2h6akQ1dDRtMUQwaV9SYmhJNThWcGdQMld4SDFfQy0xdlJDSjlQR2hnYWp5TUFYTWllN3JjMTNFZEJfYWRwZFkzVFRlYi1ZZ2JabEhreHlFWk9LRG5McHF6V0s5QkZmTnVYbm51UUgtQmhxQ0tEOTZTVEF1dzBtMEkwNXY5cWdfVWUxLVZIa3YzTFpKZkdVQ3oxSWprcHNmTGFJ?hl=en-US&gl=US&ceid=US%3Aen,Українські Національні Новини,7 hours ago,💥 Drone Strikes,https://news.google.com/api/attachments/CC8iJ0NnNXZRV3hVYW1zNVgyTTJNMDlXVFJERUF4aW1CU2dLTWdNQmdBQQ=-w200-h112-p-df-rw,2025-10-21T02:01:38.504743
Drone strike on Russian gas plant impacts production at flagship Kazakhstan oilfield,https://news.google.com/read/CBMi2wFBVV95cUxPdEJ6TDVEcFFvVnlBbVFZSGtfSlJQcGwweElwdEhsdW1zWm10Zm9rV2d6amdPUGdjZEw0V3JuNzhYN3NQeDlPRzdwOTJGTEtxZTUwb3dCeWZSTkVYTm16cGh4UkN6UUJIcGZRMjJEamdLaWE0OGRlVHY0UE5Zc3NDYVRNajNVUGJuM0VYM0pzYkt3ZTQ2Y0xTdDVtZWk5UUhxM0t4T1M2Y1J1OF9fdmdVenBmLUhCUnM2REMxcWk4MXNEd2hjalN5TlpTZXo2WGVaUXpOU01UTk1FNFE?hl=en-US&gl=US&ceid=US%3Aen,Upstream Online,19 hours ago,💥 Drone Strikes,https://news.google.com/api/attachments/CC8iJ0NnNDNkR0U1WjI5U1JHeGlWa1J2VFJERUF4aW1CU2dLTWdNQndCQQ=-w200-h112-p-df-rw,2025-10-21T02:01:38.504745
Russian drone attacks residential area in Kherson,https://news.google.com/read/CBMioAFBVV95cUxOWjEyTVE4QkFJQ3ZoVXZoTkRhYjZuMTdFMWJDVzBZcEtJMzdiYV9NaTNmUlNSaUthdE52WXFNRDdOSzhlVTF5Ym1Bb21aQjRPeVl3c1pfZVhoRnlrS3lfOVQwLVV5M3Rhc0t4N1VtRE84amJUcjVWUWQxY25qd0hDdlhSZ3hqY2dWSXBMa0diNVBRNHcwckoxTXIxWVZxZnlY0gGmAUFVX3lxTFBONzhWaC1fdDdWT1JvWGtFQUZIbzJrTlRLZlZKZkUwLTVqZ3BpcXdHY3UtaWtIMFc2VDNaaHRhUmh1cENIaGNiVjBkM05WalNZRVdWTlFPUzN1b1FBNk1fcHFQWGJJcFRFOHNpNkF5X2l6QVU2cXVRYXBhRm9DTzdUamNfRHlfc09jSUd3VklhZ2RzR01udGV0TlhYcjNjNTlOeWtRT1E?hl=en-US&gl=US&ceid=US%3Aen,Ukrinform,14 hours ago,💥 Drone Strikes,https://news.google.com/api/attachments/CC8iK0NnNVNhbmcwV0ZOSFNqY3RabmhFVFJEb0FoajJCQ2dLTWdZcEJZN05FUW8=-w200-h112-p-df-rw,2025-10-21T02:01:38.504747
Power Outage Hits Northern Chernihiv After Russian Drone Strike,https://news.google.com/read/CBMilwFBVV95cUxNMlh6a0RHY0ZzUnlRbGRvamx2dW9TYl83dElQdWxZSlBVR1A2bHBPNUFtc1JUOUxhSDZfSGNMb3lKRndZY2xmdTRmd1dwYkxwNGlQNjRKQWZ4RjFnelZYVWVoV2wwTVdFRFROSWIxMDNKWS0tM0xaRlg2a2FvRTluY2xPdjhIT25LUFRiYkZhODVTM3UwTUZ3?hl=en-US&gl=US&ceid=US%3Aen,Букви,5 hours ago,💥 Drone Strikes,https://news.google.com/api/attachments/CC8iK0NnNHpTakYyYUhNNExYbGpVekEwVFJDUUF4al9CU2dLTWdhTmc1WkpNZ2c=-w200-h112-p-df-rw,2025-10-21T02:01:38.504749
Taiwan sets out new rules outlining when troops can shoot down drones,https://news.google.com/read/CBMixAFBVV95cUxPc0VZNVh5eklvOHA5cUVqd3d2ZGQzdTBnUjJGOGhnVTNYVTEwVFlkRElHYnBSWHc5Vzh4MXJFOWFWM3BhcG1ya3AtM3hfTmJZZ0dBUHc4d1hrXzd4ZmI1MXFJRWtJNW14X1pyRGQ0NFVZSXpSSjNXVlFIRDNOd01xMFdXX0NTdjhtYl96RHRiVEs5ZW5oUmlXZzVCS0lodDhGN3BiOXVZMjZfeFpoR1pLQnQ2dXlTamw4UFVERUdBQ1c5X3NG0gHEAUFVX3lxTFBBVnMwUHh4cmJBdHV5WVpOb1FHUGZXbDIxYWVjbmtWelBhRGhJZ0txam1UVkFyN1o3QTZ1dFBRY0ZzV0tJVXBMTzZHcXdYOGZvX3ZmTlEwaVlpR2RUOXNkdzQ4Z1FXN3lxN3J5NHU2UUZsZ1d0QnJYM0ZLQVM2OWhxbExfX1d3cFY2TkdMaDh1WmtWcW5HYjhLOTVRMkdKMzlJMmstOG1oSnlyT25senZNd2x2SXpYV3BuWTV2WlRhcnBDdko?hl=en-US&gl=US&ceid=US%3Aen,South China Morning Post,13 hours ago,🛩️ Military UAV,https://news.google.com/api/attachments/CC8iL0NnNWxja0p5VVZsR016SjVNVXR4VFJDUUF4aThCU2dLTWdrdGNZU3RwV2NsRUFF=-w200-h112-p-df-rw,2025-10-21T02:01:38.504751
UK Armed Forces Authorized to Shoot Down Unidentified Drones Near Military Bases,https://news.google.com/read/CBMiS0FVX3lxTE1Rd3JzTVVKN1VnaXI5QUhCaFczc0NreWtrZ01Yc1JrWGFTYTc3V1U1Q3JlY0FEd2Z0Qkl5d2FZdnpEVkJpR1M3X0M4cw?hl=en-US&gl=US&ceid=US%3Aen,Kyiv Post,5 hours ago,🛩️ Military UAV,https://news.google.com/api/attachments/CC8iL0NnNXZWMFYwYW5Ca2QweFFSVEppVFJERUF4aW5CU2dLTWdtTkFZd1VFV3U1QXdN=-w200-h112-p-df-rw,2025-10-21T02:01:38.504753
"The Army's New Approach to Buying AI, Drones, and Robotics",https://news.google.com/read/CBMitAFBVV95cUxQSldsMXRDRXM5QWhhMTY1UjNvNjRwYmJQQkJIMlRpX1NhdzJDY1ZqOTFrRnBzd1ozQ3IyN1kzM3FuYnVsUUZETENoQjJNMzZwM21sV0Zlc09ObmlIYzRUUklPdk43dDhLZjAxSnQ0U18wRENxd085aWNOTG9yN3Y1dHdTUC1ZbmxIS0JIdGVYRmJIY0t5X29iYTNzaTBNM05yak1KUWhQQjE0TnVyeDdvbUh2WnM?hl=en-US&gl=US&ceid=US%3Aen,Tech Briefs,14 hours ago,🛩️ Military UAV,https://news.google.com/api/attachments/CC8iL0NnNDJWM2hQZGpOWWMzbFRVV0ZIVFJEaEFSaVFBeWdLTWdtQkk0aFNGV3BzOVFB=-w200-h112-p-df-rw,2025-10-21T02:01:38.504755
"Russian Strikes Injure 16 in Dnipropetrovsk Region, Cause Widespread Damage to Infrastructure and Homes",https://news.google.com/read/CBMi3wFBVV95cUxNVjdEU0ZKZ0lHTVZFemdKb3ozVUZtU1JTN2k0TDRpczRXS1IwNEczYkdYLW55TzRHeWQ2eWxrSThubmVRS0V0cGg4TEF2OFhYRDVRYUc5MG9uWk1iOUpJZE9Tbk5ZRkJ1ZDB4bzdrUWRQUUNfVUl0S2s1V2hoUkJLdTdVYmRKbjhVaFVXVDhFRDgzM3lXTlhCMGZhNXhvRkRCM0lxSmpzRFRabkl3VnAzN2NlSWRzVEVvT3RkNGU1VU1obGhyY0lMRllmbkJDeUdUTlo1Wm9yZWw5SXhNUVRn?hl=en-US&gl=US&ceid=US%3Aen,UNITED24 Media,8 hours ago,🛩️ Military UAV,https://news.google.com/api/attachments/CC8iJ0NnNHlUbTl1U21KcFEzWnVURFJFVFJEZ0F4aUFCU2dLTWdNQlFBbw=-w200-h112-p-df-rw,2025-10-21T02:01:38.504757
New laws allowing military to shoot down drones reveals deepening UK militarism,https://news.google.com/read/CBMicEFVX3lxTE5NOEJvYURqX2pCS2UzN0FRc3RQaUt5LW1feEJaZ2FNbm9sQzQ3SWRQMVdmS3hHOUJSQjRFMFpVcU5UUHNlTS1sY3g3QS1HTWNpMGtlLXJHOE9wTWY4YUZ4Nl9DTXNfMnlyUi1hZ2FaQnE?hl=en-US&gl=US&ceid=US%3Aen,thecanary.co,10 hours ago,🛩️ Military UAV,https://news.google.com/api/attachments/CC8iK0NnNURVVEZNV205SmNFOW9OemRZVFJEZ0F4aUFCU2dLTWdhbHBKU3RPUWM=-w200-h112-p-df-rw,2025-10-21T02:01:38.504759
Sweden Pushes Ahead With Future Fighter Program,https://news.google.com/read/CBMiggFBVV95cUxOOGh0bTFsVUtHWVBSMkRoVmNiTkJLNEFSNG4zckN0YmNJRW9OcjRXN1p1QjBsMzVpR2FMamVNRzJqTmlrZVk0UlU5RExqUzJUWUtnalhTLXFqb2hhZExQM1dPU01CeEtVZVg4N1hXUEdHbXNEbElNZlhvdlN1a25HaFdn?hl=en-US&gl=US&ceid=US%3Aen,The War Zone,3 hours ago,🎯 Tactical Drones,https://news.google.com/api/attachments/CC8iK0NnNXZjbUZVVEMxQ1NrTjRTR0ozVFJDZkF4ampCU2dLTWdZSm9ZeUp3UVU=-w200-h112-p-df-rw,2025-10-21T02:01:38.504761
"Not just nukes: North Korea weaponizes AI, drones in high-tech arms race",https://news.google.com/read/CBMi5AFBVV95cUxPdDJvVmtFQlVUTTEwcTFNMVVJMll6UzRWWTJ2NExRQWJZbEtBa1g1UnVkdlNhNTU0Y1dUblc4TUVyYVBHRnExLUFRLTlxcVN4MGZvaGt1VTVBdUcyM25mVi1iOGpqNXN6bEtrQ2VPVFViQ3g5VkJ5d1dMbFMyZFptSHhuU0VVdG1mZlIyNmlpb2cteTJxT3lFVDl5eTRBUkRONlFQVW15ZnZlSnpIZzRqY1NJaDdQMUdITjJnTjFKS3h4bUo3ek9HXy1oQXVMckF3UGFfejk3eHdDOGNFVDdDZngtZ1k?hl=en-US&gl=US&ceid=US%3Aen,Korea JoongAng Daily,3 hours ago,🎯 Tactical Drones,https://news.google.com/api/attachments/CC8iK0NnNWxjVTlvWTNsRmJ6UkNWV0kzVFJEQUFoakFCeWdLTWdhQmVZZ0RMd1k=-w200-h112-p-df-rw,2025-10-21T02:01:38.504762
From civilian aircraft to strategic weapon: Ukraine’s long-range bomber UAV,https://news.google.com/read/CBMiswFBVV95cUxQNFVmUENsYld4ZzQ4V2V2Mnl6Mjh3VnZEcHNmQjFJYWZzRmhjVGw4VXozS1dNTXFZMnVJMDktYkE1TTJ4MnN6REZEdFhHQ2xnM0Y4cWplZGhlVmlmeEc3V09HQUtDcTRBYmJLVTZVU2EyMTYwUkh4NmlyWi1xS0tYOEJmMWZTMVFIaXlqTnZZZXhTSFhEMEZmbUZvSldoQlBWSHFnNzFIc00xSDRjY2V4V1UxQQ?hl=en-US&gl=US&ceid=US%3Aen,Euromaidan Press,6 hours ago,🎯 Tactical Drones,https://news.google.com/api/attachments/CC8iK0NnNVBNWEZGVkhZeFFtaHZYMFl5VFJEREF4aW5CU2dLTWdZcDhvZ3Z6UU0=-w200-h112-p-df-rw,2025-10-21T02:01:38.504764
Safe Pro Group Receives $14 Million Strategic Investment Led by Autonomous Drone Leader Ondas Holdings,https://news.google.com/read/CBMi8wFBVV95cUxQb1MtSmpzQ015OFhpWFJDcEd6bEFPMHFmdHNWRElzNTBnbDJXWDlBakJLYWFRWjdfQ0RJb3ZuTzBPTUhnb3BaOFpvM0ZHMDNIaGE1eXRPOUVuZnZxWXVTZVdyODBqelQ2by1ieDlqYTg0dmljSWRnalZEcy1UYk5RTHdpTE9YaGFKTVp3Wm9XYU82YTlXZVdDRFZ1QkR4a3NqY1d6UXdfZmk2MU1Nbl9nSWI4eVpPaDE4NFZIeVppZ3dLeFlUdVlqS1JIQ2lWX2FJUi0xZjRDaVBZUWZYajBrMEt6X29KaGJPRWdrM1pmQXRBWnM?hl=en-US&gl=US&ceid=US%3Aen,Business Wire,13 hours ago,🎯 Tactical Drones,https://news.google.com/api/attachments/CC8iK0NnNDJSbmh6ZUdadllWSnhTVFZKVFJDSEF4aVBCaWdLTWdZQmtKU291QVk=-w200-h112-p-df-rw,2025-10-21T02:01:38.504766
Safe Pro Group: $14 Million Strategic Investment Raised For Advanced AI-Based Defense And Humanitarian Technologies,https://news.google.com/read/CBMi0wFBVV95cUxNOWJUNXhVMzV3NkJXUnIwdHllWHF6eDM1WkljSEdjUHdkQnhtTGk0ZzU2WG5sbW1waFZGakY5OE1sa1RIclphUDNKQUQ0VHJRejFZcXNiRmxfMy1wY1FXOTRjZlQ5UGF3NVExZmdLZWk4MVJ5OWxmSU4tWkxkTTd6ekw0SUhZbGVFbnhiX2NOdVU2VkxmNGdmTVJnLVAzNUdLbjdHY0dKbmJ6Rm1DaWVCOU8yZU5BZk84dFFQa0dfZXUwM0FtZFIxMlNBb0dYNTU5RnJB0gHTAUFVX3lxTE05YlQ1eFUzNXc2QldScjB0eWVYcXp4MzVaSWNIR2NQd2RCeG1MaTRnNTZYbmxtbXBoVkZqRjk4TWxrVEhyWmFQM0pBRDRUclF6MVlxc2JGbF8zLXBjUVc5NGNmVDlQYXc1UTFmZ0tlaTgxUnk5bGZJTi1aTGRNN3p6TDRJSFlsZUVueGJfY051VTZWTGY0Z2ZNUmctUDM1R0tuN0djR0puYnpGbUNpZUI5TzJlTkFmTzh0UVBrR19ldTAzQW1kUjEyU0FvR1g1NTlGckE?hl=en-US&gl=US&ceid=US%3Aen,Pulse 2.0,10 hours ago,🎯 Tactical Drones,"https://encrypted-tbn1.gstatic.com/faviconV2?url=https://pulse2.com&client=NEWS_360&size=96&type=FAVICON&fallback_opts=TYPE,SIZE,URL",2025-10-21T02:01:38.504768
Vapor CLE is AV’s Latest Take on All-Electric VTOL Drone That Fits 26 Mission Payloads,https://news.google.com/read/CBMiXEFVX3lxTE80X0ZRZWVzVndfSmV2ckNKWUQzaUZvUERzUnMtUVpMa2c5WDB2VEpxSGNzVW16UHAyOG1PVG1hcDlPODg3UU5teUhjOU5xb0hESm9EU0lQbEoxQjhK?hl=en-US&gl=US&ceid=US%3Aen,NextGen Defense,14 hours ago,🎯 Tactical Drones,https://news.google.com/api/attachments/CC8iK0NnNTVTRUZpV0ZOSGNGUjVSemh3VFJERUF4aW1CU2dLTWdhTlI1Q21vZ2c=-w200-h112-p-df-rw,2025-10-21T02:01:38.504770
"Military Drone Market Projections 2025-2032: Key Trends,",https://news.google.com/read/CBMilAFBVV95cUxOOEsxcklOVDRtM0xVNnpja2UyM2Fyc2VOT2R3UGZzcjRpN3dHdzh4Nzc5bW1WcFFuMXNsVE45bWwxVlF0NE5HcFJuaHNtWW5WUnk3WHJwZjdVN1A5d2F1V2ZwLVROZHRENWZoY0o2OVB3b1g4d092SVFxbk9tWE1zXzdobk9pdkhaSHhIY2hvdEtJdlhm?hl=en-US&gl=US&ceid=US%3Aen,openPR.com,17 hours ago,🎯 Tactical Drones,https://news.google.com/api/attachments/CC8iI0NnNUhVWFZ6U0UxdlJYVXdVRVpWVFJDcUJCaXFCQ2dLTWdB=-w200-h112-p-df-rw,2025-10-21T02:01:38.504772
Russia Revives Old Battlefield Tactics to Evade Ukrainian Drones,https://news.google.com/read/CBMipwFBVV95cUxPNVBKSUItOFdrZ3RJZDFmanVwMVNMUTFSU0d6VEQxVmNiVGlDX1dFX3dEQmpSQ2p1SVB0NVE1WHdLc1hLZUVkMmVkS0lScGhCMWtKVXFtUzFPMTVnRW5pdDk4ell0cXRKTXJ5OXkycVMzU0xPS3BPZW04OWR5ZTcyVVltUlpBaXFFSmRPV2xtdDFlRHM0Y09QNTN3cXFQNllNLUgwLS1QNNIBqwFBVV95cUxQZEROdWpnSmdJNGIxMGt5RWgtendxeDU1TTBrNmxmY0FCYkkyTkxsU0ZwVW1ndTRlbXB5THNOR0YxbUZHZjZ6WFN4ZVl6SDZvanF4enpMaE1MZFFPLWhacUNlZnRwcjQxVUloWllJN0I3aHZScHhjeHkyeEt6TEhPVUJ3QXdvaG5OaUxNMHo4OEtRVS1USmQxVDhhQTZSNkEwWkRXcERwdWFRZzQ?hl=en-US&gl=US&ceid=US%3Aen,Военное дело,23 hours ago,🎯 Tactical Drones,https://news.google.com/api/attachments/CC8iK0NnNXFSMlEyVEhkNU0yVllWME5wVFJDZkF4ampCU2dLTWdZaG9JaFp1QVk=-w200-h112-p-df-rw,2025-10-21T02:01:38.504774
Gaza reports 45 dead in Israeli strikes as truce breaches by both sides increase,https://news.google.com/read/CBMirwFBVV95cUxPeDhkSTAzWTZWTEowbktiWVZkcHJCaHNIWHdHOUFkbDg2aV81Q2hPZEM0TG9Dc0dGWXp2VGpMazVQMTZSOEJLUU5PN0hScXdmdUVNck5BanlFV3g1czlJUzR0VmxxR0hwZEpYOXN5QjhfS1lDNUgyYkdHcC1hQWRuU3FiM3BQaVluTS11NWhWdDZwQ3R4RXhaa1k5LTBqTjdsQTJyR3dKM3dfSlZ5ZU5J?hl=en-US&gl=US&ceid=US%3Aen,Space War News,15 hours ago,🎯 Tactical Drones,https://news.google.com/api/attachments/CC8iI0NnNXRVR0pWVEZwRldGaFZaVUpwVFJENkFSaXNBaWdLTWdB=-w200-h112-p-df-rw,2025-10-21T02:01:38.504776
Auto‑aim and 309 km/h: Ukraine develops high‑speed drone to counter Russian Shaheds,https://news.google.com/read/CBMilgFBVV95cUxON0tSa0lUX010TkJBWXZLXzVZMTI3Vzh0cWxfVlJHRHJqQTVLcWFva195ZHN1QW92RTlMYnNXZ3B2TEJXSllTSHRrZTlFSHN4QTZfNEl3LVhoRjFaT0k5UTlEUlV0ZWNqWFN3clJCZ0hPUXJORV9tb0FoX0R2TzYxd0x0dVQ1ZXBoXzBLZkpDRGhXTUJDamc?hl=en-US&gl=US&ceid=US%3Aen,RBC-Ukraine,11 hours ago,🎯 Tactical Drones,https://news.google.com/api/attachments/CC8iK0NnNXZkMnhJUTJ4d2MyOUJPR1paVFJDZkF4ampCU2dLTWdhUmM1REpNUWM=-w200-h112-p-df-rw,2025-10-21T02:01:38.504777
"Russia-Ukraine war: List of key events, day 1,335",https://news.google.com/read/CBMikgFBVV95cUxPZ1hLc2F5cGxfNkEybTZaeExrUGF0MW0zZVljU0hsU0FKZmNiMFp2RjJxYk1GM255WkR3UlRYbTduWmFCYzBGTnA4SGVCTUJzSno1ajZZSXFZODY0RGlKWW9OdVN1bEYxSS1VN1lfTUVVYXZNVDZ4bkI1OThnZWlpWmx4b2dYdDNNbHJDa1dmTm54Z9IBlwFBVV95cUxQXzFLWWxuM1VPcllrYThLdW9TYVFITE04aVMtbDBxUUpiR2NjY3hVeWR6ajEwTFViVkxrZTY3UGh0RHJwWmVwaE50NThjM2V0X2xDa2VVUTBNN1N3dW5mdmNPMTl2bFNLN0poYXoyc2c3aG5BQnBwaFdWZ0RHMnJuM0V2c3pPNjY5ZW9YXzI4akNRZ291UTlR?hl=en-US&gl=US&ceid=US%3Aen,Al Jazeera,2 hours ago,🇺🇦 Ukraine Drones,https://news.google.com/api/attachments/CC8iI0NnNXdkMlJJWHkxaFZUaFRNekpSVFJDUkF4ajhCU2dLTWdB=-w200-h112-p-df-rw,2025-10-21T02:01:38.504779
How Ukraine uses drones to get supplies to the frontlines,https://news.google.com/read/CBMimgFBVV95cUxON0JNSzZfaGJ5U2tNNmotTkV1eXNoaGRsaXZWckY2NnV5bFN0UlVsZlVpLVB0b0wwSlo4OGNSaWhzRGt5WTVBcFAxSGF4VEJUWGpJTGs1LUdXa004WTFmWXZJdEhjQU9NQy13WkJXQlk0SXFlSUVDVmJ4SnF2ZmpuNjVSeXpmWEZnc2MwODItSU1qSlRRSmhvSHVR?hl=en-US&gl=US&ceid=US%3Aen,DW,12 hours ago,🇺🇦 Ukraine Drones,https://news.google.com/api/attachments/CC8iK0NnNW1jVkF5ZVVkVlkwWk5ialIyVFJDZkF4amlCU2dLTWdZQlFvd3lRUVU=-w200-h112-p-df-rw,2025-10-21T02:01:38.504781
No Cause for Alarm: The Case for a Measured Response to Russian Air Incursions,https://news.google.com/read/CBMisgFBVV95cUxPVnFaOUx4b1dXZDY0NURTbXZtc1ZSUWFkVWZWU1BKMXVvbzNQQjRvRVE1aHppRE1nSm9YbjNRZXhtQjBqbmxlQ2tUd3BRUkZrZTdfSllfa0txV29BMF8yc1NQYUFOUlFJRUxrY1U5OERLSFRWU1ZkbUpRMG9wVTRmQ1RkVmZvQXY1WFRHdXlqbUxNMERTdWpuZXdpY0tuYzQwa3lBakxlcWhKNnA2dFlWSmVn?hl=en-US&gl=US&ceid=US%3Aen,War on the Rocks,18 hours ago,🇺🇦 Ukraine Drones,https://news.google.com/api/attachments/CC8iL0NnNDBZemMyU1dweU9YbEZkbTlYVFJDZkF4ampCU2dLTWdtVmNvd0lRdVZNQ3dJ=-w200-h112-p-df-rw,2025-10-21T02:01:38.504783
"China-Taiwan Weekly Update, October 20, 2025",https://news.google.com/read/CBMifEFVX3lxTE45X2l5ekJ6RF9lVGd6RmdXeURGMjF0S2diS2tfTHFQTU1Ucl9ZZ29JWWdfSDU1dVNEa3FXVDg1cjBXekZpWjZZUkxUWk1TcXRsa2NEajdzYmZJWTZKNmJyZlI5Qy01TTFGRlBGdEZUZnZYNkc3NEVwYlJENTE?hl=en-US&gl=US&ceid=US%3Aen,American Enterprise Institute,5 hours ago,🇷🇺 Russia Drones,https://news.google.com/api/attachments/CC8iL0NnNXdTV1EyTlZCaVl6bDZNMlZuVFJDOEF4aXpCU2dLTWdtTlFaVG5wS2M4c1FF=-w200-h112-p-df-rw,2025-10-21T02:01:38.504784
🇺🇸🇷🇺 INTERVIEW – ALEX CHRISTOFOROU: “DRONE STRIKES WON’T BREAK RUSSIA’S ECONOMY OR ENERGY SECTOR” Christoforou argues that Western claims about Russian economic collapse or refinery destruction are exaggerated. He says the s,https://news.google.com/read/CBMiakFVX3lxTE0xVUdVaUFsbi1PamxENnA2X0U5cUF4VDBndC1fVkRHQzV5Zzk5NUkxSjF0Vk0yMWYyaGhtbVV6TktzOFpWZktNTmRTSFUxU3hfVTlPZVpBQWdvaFFXUS1aa2NranF5aEpLNmc?hl=en-US&gl=US&ceid=US%3Aen,X,4 hours ago,🇷🇺 Russia Drones,https://news.google.com/api/attachments/CC8iL0NnNVdVemRYUmxwT2FqWnJkamRGVFJDaEF4amZCU2dLTWdrTllaTEdJdWt0ckFF=-w200-h112-p-df-rw,2025-10-21T02:01:38.504786
China’s New Stealth Drone Spotted Flying for First Time,https://news.google.com/read/CBMiiAFBVV95cUxOa0lzV2VQMDNsU21ITjNvNURBRVlWTFQ2ZmZhUnMyaFlrM09kNl9tUjFuVGM4ZlB3Z0Q4b2huNmtDY3M1Skw4Y0xRMmw5cm1Ya1JaelMzN3VVNVF4MDB6MzRWQ3h1TTg0c2J6OXZHTU9hYWFUYlR2eVFkWW5KT2RwRmpWaVV2VnZx?hl=en-US&gl=US&ceid=US%3Aen,FLYING Magazine,4 hours ago,🇨🇳 China Drones,https://news.google.com/api/attachments/CC8iK0NnNVBjRmt0V21wVU1tTXhOVU5YVFJEN0FoaW9CaWdLTWdZQmtvZ3hQUVU=-w200-h112-p-df-rw,2025-10-21T02:01:38.504788
"Watch: China’s ‘fireworks capital’ Liuyang puts on a massive sci-fi-like drone show with nearly 16,000 lig",https://news.google.com/read/CBMipAJBVV95cUxOekxQa1Rja3A4dUplaURhVE1XbWN0OTNacl9PYUQxeDE5UDMza1kxQlI1dmQ5b1JhQWEtbGxYdjk2SE9TXzM1aHhlYlFHT2RReGpXVUhuQk0zXzZpMGJYaTMza0ZXeWNGT2VON0JYUVRSUmN2MjlVMWpDejJ6WU1ETkhodm02MktMWmFhb1dZMHItamlmai1IOW5sNEtWbVBjMzZHZWhFb3lYMTVCNWVMWHRrWDg1bWNfTnBjU1Z0WHpSOU84aXJRU2pMeWwzOWQyMnRuV3Zzdkd2LWpnMm1IUjNDMXhnZXZRckczZDZnSXNCVGxMbDJ0VG1YQnhTWlJsOFhfQ1hDRzh0LWg5ZFowUFV3RnRkSHVDclZZc3NmY21OdHhL0gGqAkFVX3lxTE1JWERXTkMycXlwRnBxb0JRQ2owMWZlb0tuckRfWG1oWXVJZGMtbk1ZRklveFkxYmFzcUh3Z2VJS0NKcElZXzlNMnhGandHOEs1M1B4RVBSdmVGVElFM3UtdmZWQmhuNk1SMm45M09uQzJpTEl1WVFNR0ZOLUVSSlh5VXE0VDNJTmhwZldVNXh6akh4MXZweDBoLTRLSklBd0dLLUhPV0NXVE5HQ08xTjFXVDl1bkxRbUJwWTVvV2VYdm9BOXlBM1d6NjR6aEJjVVZJSld2bkJmWG10SlMyU2JpaDh2NE9VTkl4N2NvZWk3NHlzR09WcVpWUU5COUNmVGIzcmZvd0ZIeWd1VHVpRFpkbW11eS1nYllKUnZQSmM0YWN2alBoRkpZekE?hl=en-US&gl=US&ceid=US%3Aen,The Economic Times,18 hours ago,🇨🇳 China Drones,https://news.google.com/api/attachments/CC8iK0NnNXhkMlpEZVdSTExVTmlUM3AzVFJEZ0F4aUFCU2dLTWdZbFlJVE9zUVk=-w200-h112-p-df-rw,2025-10-21T02:01:38.504790
Palmer Luckey says Anduril has an internal 'China 27' strategy to prepare for a war over Taiwan,https://news.google.com/read/CBMilAFBVV95cUxPUWQwWENKeGQtUXJxc04zQk90NW1HTU5tblJOT3NFb1RRS1BmV1NQSHNVNl9BR2Z1eHFNd2JyWVFMTHktTHpXVTlxTWlhb2JHR3pkdU51SC1yRkg3TGxvTnFWMGxuTGdRV3h0OUNUMThmdkRVYWgzTUJqSWdMSXRaUklDb0pZNktsREFTcE0xbnA5Tmc5?hl=en-US&gl=US&ceid=US%3Aen,businessinsider.com,21 hours ago,🇨🇳 China Drones,https://news.google.com/api/attachments/CC8iK0NnNUliMGxCV0RScGVGSkdVRlJRVFJERUF4aW1CU2dLTWdZWldJNUpwZ2c=-w200-h112-p-df-rw,2025-10-21T02:01:38.504792
Should I buy MAGA stock before earnings season - July 2025 Update & Capital Protection Trade Alerts,https://news.google.com/read/CBMifkFVX3lxTFAxUnhTTUI1ejdtZkRpdlQtSDB0SEViQVk2MUlpNUVXdjV2bzZKZTBrQzBhcnNRSThobHA3SndGVEs3d1RnNy1wVURqTHY0dno0aXdlNGVYTWRaMVhzTTVCR2V2dDVBNDRWMDBGR0tBQ08tR0oyN2JETXBlcXNaZw?hl=en-US&gl=US&ceid=US%3Aen,nchmf.gov.vn,11 hours ago,🇨🇳 China Drones,"https://encrypted-tbn0.gstatic.com/faviconV2?url=https://nchmf.gov.vn&client=NEWS_360&size=96&type=FAVICON&fallback_opts=TYPE,SIZE,URL",2025-10-21T02:01:38.504794
"Video shows China’s huge ‘GJ‑X’ stealth drone in air for the first time, signaling potential threat to US",https://news.google.com/read/CBMikwJBVV95cUxNQS1meGdBZ0NUcWJJYjF0RFRubjRTaGtaem5iT1BJRklYX1k1ODR3WXM5d1FONlVCU0FRdEdSaGVYZ2xtR1FmQkJxLTMxVHY0Umx4TlJQNEYyOWNKc0Y0RUx6ZU0tRlZVMU82RGdBS2JGWXM1U1RtZ1F1a1UwUlI2RkgwVDZIbno3X0Fmc1NSWnNiMllGb0R2NUowVjU0dV9wX2NwamdORVJwT0t2Zm15SXBacE94Y29OUU9iZlZOVVBBLXMtTmNPUnAzOGEwdGZsQlJsZ2FMVy0yektwVXJYVkZqbjBnVFVjbExOODQwVnRkM0s4U3RUTmt1d1lqQWZ4cjBrS2tJMWp5RTRCQTEzdUJXRdIBmAJBVV95cUxNTUR0OEJRaUUySEtaUmZieVZmaS1CMWtwMllIVjlJU1ZOalVBRDh5MkhPdUUwek1jc1BGVDFGc1g1bW1aSGFDcGZTZkVzUHpyRlF2V1hUSy1VUXdmdzZXc2hsRjlubEZ1VnBDenFLNWRHS3dSbF9hWTMzZVpOdWJxelF6dnllbUJjYXFndnFGLWdEaXR1M1pWTHFDVDBuaG5xSmFwZTVyWVg5cEk5ZDhPMU5GXzdOcHVBdFhQNmdJa0lMVHVPdGlWQk8xaHFsMlZlMmREQjVTYmVjZXVNeGtUVlliM2RLMmxKXy1Pdy1KalhHd1IzN09XaThwWm1LM3lXNVVPWXUtSEItM1RYc3A4ejlzNzBHMGxM?hl=en-US&gl=US&ceid=US%3Aen,The Economic Times,18 hours ago,🇨🇳 China Drones,https://news.google.com/api/attachments/CC8iL0NnNHRPVWh6V1RkVlNXcERhM1pyVFJEZ0F4aUFCU2dLTWdrQllJUk9yZVNTU1FJ=-w200-h112-p-df-rw,2025-10-21T02:01:38.504796
Photos on a star trek,https://news.google.com/read/CBMiWEFVX3lxTE1zdm1SemxRelBmOGR4dkM4S3I3TEJESEpiV1RncS1qazJxcVhEU05SOWdnNFN3dG9DcUhMeWMwMlI0eUJ6aG1USlhud3lZdVhrYnkxb2dFS1M?hl=en-US&gl=US&ceid=US%3Aen,chinadailyasia.com,20 hours ago,🇨🇳 China Drones,https://news.google.com/api/attachments/CC8iJ0NnNUVlWGMzUjNoYVdVUTVaM04wVFJDM0FSaVRBaWdCTWdNTklBTQ=-w200-h112-p-df-rw,2025-10-21T02:01:38.504798
"Chilies enter harvest season in Tongliao City, north China's Inner Mongolia-Xinhua",https://news.google.com/read/CBMiiAFBVV95cUxQSGE0QU1JalRjR0dvMDVRekRicTZCb0RweVA5blpBZ2ZoTUg0Nm82a0RvMFVMMnNHWkhnZUVxZlM5aG1ZVEFSMlB0TjNTbjR5QnpPR1RPNlVLem14M05pWENGdnB2ZzZDWlJ0VWVVZmhCQ0JWcm1KeGNFYTl3VU1jMXN0NTliMGFO?hl=en-US&gl=US&ceid=US%3Aen,新华网,19 hours ago,🇨🇳 China Drones,https://news.google.com/api/attachments/CC8iL0NnNUZaRmx1WTJKeGJVTmZMVWRmVFJEQ0FSaURBaWdCTWdrQkVJU0FJU1JWS0FJ=-w200-h112-p-df-rw,2025-10-21T02:01:38.504800
Russia and Iran Deepen Ties ‘In All Areas’,https://news.google.com/read/CBMif0FVX3lxTE1tdU4yN3VWZlBMY1NLOXJoTW5zV2IxMVZEQXBabXBpMmtyOV9QRE5QdTcwdzlzLV9yREpRS2hrcE9sQ29mbWF4dmxXNFNqaG53OV93LTBXQ1djeHNzOFVIMjRFUWtpM1puNzZCZWJZelh2cXBRN2h5UV80RWN4eWM?hl=en-US&gl=US&ceid=US%3Aen,Newsweek,10 hours ago,🇮🇷 Iran Drones,https://news.google.com/api/attachments/CC8iK0NnNDNjbFV4Y1hoRlYxUlFkVWc0VFJERUF4aW5CU2dLTWdhVlk0cXNxUVE=-w200-h112-p-df-rw,2025-10-21T02:01:38.504802
"Russia, Iran plan partnership ""in all areas,"" including nuclear projects while Trump seeks stability in Middle East",https://news.google.com/read/CBMi5gFBVV95cUxPd1ZkTURMbXdib0lDUWlQMmdYeFYwNW92dzV4WXNNTF9ET0ZNblVXazU4RWZTSktySEVkMk5XU3RjcDNPc0d6QmdjR3V2WU5abGhVYUx0cWtCV003ZExGaFptMlI0dXRndXVIZ19GcUVWaHpDNG5vTGVSUWtuNnNqbVVKNXpBTFo2cHVpUE9ibGo5VzIwT0ZvWTJNSkkxRDFjUGNibndxYzl2TmJzYS1lZ2hXd3I3VkEzbmE1RXZMNXJaRmVBY0JadzlITkpGU1FQWTRkellhVXFmZHJQNDA3Y1R2V2ZlZw?hl=en-US&gl=US&ceid=US%3Aen,Euromaidan Press,6 hours ago,🇮🇷 Iran Drones,https://news.google.com/api/attachments/CC8iL0NnNTBTMmMyZEVKeVkyNTFaMHhMVFJDZkF4amtCU2dLTWdrQllKQ210dWMxendF=-w200-h112-p-df-rw,2025-10-21T02:01:38.504803
Iran’s IRGC vows stronger ties with Houthis after death of Yemeni commander | Iran International,https://news.google.com/read/CBMiUkFVX3lxTFBOQ1ZpWk9ZVnJtVDR1SkVSMkVlem0wa0tNV3A2QUlaUVNiRmZHQlNYY2xPVnpZOHV3OEhpMlV0ZURyWldBWWhJaFBTeGZVTEhlSWc?hl=en-US&gl=US&ceid=US%3Aen,ایران اینترنشنال,16 hours ago,🇮🇷 Iran Drones,https://news.google.com/api/attachments/CC8iK0NnNVBSWFJ6ZDJveFZVdFViRUkxVFJDQUF4akFCQ2dLTWdZRmNJcFBzUVk=-w200-h112-p-df-rw,2025-10-21T02:01:38.504806
Tehran’s Cocaine Jihad in Bolivia,https://news.google.com/read/CBMic0FVX3lxTE51dldfZW9uOVNWa205VWpoUURoaDRBeUZlRnlNNUlYZzNIME1XWDFxUnVHeVVlOWxTR0JqSnpzUlIta1YtRi1PWTZqaTRaS3gyWTRQNWxNTkh5bkdxRkhxc2FOVGg4YTQycmxFMDdMUEJmdTQ?hl=en-US&gl=US&ceid=US%3Aen,The Times of Israel,1 hour ago,🇮🇷 Iran Drones,https://news.google.com/api/attachments/CC8iL0NnNWhTazk2YVRkeGEzWnZjbVZPVFJET0F4aVlCU2dLTWdtUklZeTFvT2lwU1FJ=-w200-h112-p-df-rw,2025-10-21T02:01:38.504807
Araghchi blasts Polish officials for statements on Iran,https://news.google.com/read/CBMikgFBVV95cUxQSlZiWGpScWJsQ012RUU4SkdGby0za2doR0FQbTFzWHFCcmNjNUZXX2xzZV9jN0lpeGtpUGpyS0k2eE5pUVJsWEkxU1B6MmRhOVJJSWFGdkg5Z19wUlJSVnhkYm96VGJIRDYyRFlvY25hWHRzX2xWM3dUc296YTZITmFFdFRQUWxLbjNfVldQNEpyUdIBR0FVX3lxTE5SQXpRcmVSYWVfdkp3eGtxTEdOT0ozQUJFdTFGOEtqcUhKanRpQnZUdFV5dnQxaS12a3ktSno4QnF5YVRyZmZV?hl=en-US&gl=US&ceid=US%3Aen,IRNA English,4 hours ago,🇮🇷 Iran Drones,https://news.google.com/api/attachments/CC8iK0NnNDRXRW80VWxneFJFWlZZbXROVFJERUF4aW1CU2dLTWdhaHRZcnRQUVU=-w200-h112-p-df-rw,2025-10-21T02:01:38.504809
"U.S Vice President Vance to arrive in Israel on Tuesday, Israeli Airports Authority says",https://news.google.com/read/CBMivwFBVV95cUxQT3dNTFVBd0NWZlFnc04yMlZuTjVCRTcycTZFWHo3ZHVZTGNxaUhad2VlcDd0Zl9NWUxsYncxT05ZNXhoY1lwSnZON3FuZzlld1FnVHNIa04tSU5lN0tZdnFWMUg2ZzJsWTNOcFlOeU91SEhIY3MyNlBpRGdDeEVPX0dCSW5ncEVZVXA0Tm9FTUZrVWJmUC1lVElTcjh2a2hWczVRV1FaUHFPVGJXTmdubEF1RDJFWmozb1lVRHFNaw?hl=en-US&gl=US&ceid=US%3Aen,AL-Monitor,15 hours ago,🇮🇷 Iran Drones,https://news.google.com/api/attachments/CC8iK0NnNWljME5OVGtNNWIyZGtiRTVTVFJDZkF4ampCU2dLTWdZRlE1TEZuZ2s=-w200-h112-p-df-rw,2025-10-21T02:01:38.504811
Russia Ready to Deepen Ties with Iran Across All Fronts,https://news.google.com/read/CBMimgFBVV95cUxOWjJwdEhLUXlDX0NJVXBtMTN4Y19QRXNBbl9nc1BBaTNMV1EwNWgtaTA4aDVVanZRa2VZaXNMdVlFdDU4X0lJUUMxY3JDcU1UMnRzQ0NEc3N2aUNfV3l0V2NOZFFMSlNrZjJtbjdyQmpzdDRndUluVUtmUmNFbDVvbjgtWWdNLWtCT2JXc0ZMVDItQXRDR1Jic2R3?hl=en-US&gl=US&ceid=US%3Aen,Modern Diplomacy,12 hours ago,🇮🇷 Iran Drones,https://news.google.com/api/attachments/CC8iL0NnNXlSVTF4Y21wZmFIQnhOR1Z2VFJERUF4aW1CU2dLTWdrQlFJZ3lyT1Y2Q1FJ=-w200-h112-p-df-rw,2025-10-21T02:01:38.504814
"Drone footage of Gaza city shows massive destruction, displacement",https://news.google.com/read/CBMipAFBVV95cUxOeU5DY2paN0drczRZR3NsT201LU9sLVJKVHFlOGRES1MxVm9sRDR1dW5QN013Y1VOalkzZ2VnZFpocmQyZHU3MTN5LTUwb3p2amVvZFY2bm1aSkF4dTlPQ1czZ0QtX2E3UWttSWtNa2NyV2JRRjZUejY0VmRhLXR1cFhjRHhTamlFWXQ4cWY3VF9UaUlQQ3ZEc2ZoRFJUMVp0VHM5QQ?hl=en-US&gl=US&ceid=US%3Aen,PressTV,14 hours ago,🇮🇷 Iran Drones,https://news.google.com/api/attachments/CC8iK0NnNHdiMU01VTJ0SVZuSXphVUZaVFJDY0F4am5CU2dLTWdZQnNJU2tTQVE=-w200-h112-p-df-rw,2025-10-21T02:01:38.504815
Lukashenko Signs Law Introducing Criminal Liability for Drone Use,https://news.google.com/read/CBMikgFBVV95cUxOVTRjSTRBWVZKSWRvenUxSjFaUXVaTUZaUEFkd3BZcHpWblJGMHJ4OFhGYXluNHhUb211OVpiVjNicFFVZVA1UU96OS1qQ3dWc2EzMnFwWldSNkZlMFBRUFd3MHBYNnFFNU1MbS1xX0xLaWQtNkUxR2VBbjRGRFFhcE55dmNUdlZkWFZmTTJHMWVaUdIBlwFBVV95cUxNanJxNjRhbnlYTjZoclA1R010VzE0YWJrU3R2dGtUMFBqMTRobFZQbmRCYjhlRVZmUTV4NWJhWFBPa2tpQko5OVJlQ1JHZ2k3VzgxRkVDRjNSamdYSVZCbDBfanV3VzdCUC0zd1RZVkMtOFVSZVdxX2R2OEVJRkJ1NnFTSkFkMVE3NWNncldEZWxfNnFFQ2Zv?hl=en-US&gl=US&ceid=US%3Aen,REFORM.news,10 hours ago,🇮🇷 Iran Drones,https://news.google.com/api/attachments/CC8iK0NnNTRjRTlsTkV4bFFsSmFiWEpoVFJDZkF4ampCU2dLTWdhcFlZNXZLUWc=-w200-h112-p-df-rw,2025-10-21T02:01:38.504817
Iran building cruisers to launch Shahed drones — expert,https://news.google.com/read/CBMingFBVV95cUxNWjRjUGZ4QzhfUFJDSkIwSkNONHhuSkdJcnNvU2UxTW96WXFnOEh6M0ljRVVVeWlHajdzUDZJS01zODdQYUQ3ZnZOV2hOcmJkVUZrZXpsajctSWtacXdkaDJVc3JxZ3VQQmtVamREenN6NFl0d0NOY2xGdjZyTk90OG85WUR4d0xoV2tuSFVfdm1HdWRwelhqRzV0NzB0d9IBngFBVV95cUxNWjRjUGZ4QzhfUFJDSkIwSkNONHhuSkdJcnNvU2UxTW96WXFnOEh6M0ljRVVVeWlHajdzUDZJS01zODdQYUQ3ZnZOV2hOcmJkVUZrZXpsajctSWtacXdkaDJVc3JxZ3VQQmtVamREenN6NFl0d0NOY2xGdjZyTk90OG85WUR4d0xoV2tuSFVfdm1HdWRwelhqRzV0NzB0dw?hl=en-US&gl=US&ceid=US%3Aen,Espreso.tv,10 hours ago,🇮🇷 Iran Drones,https://news.google.com/api/attachments/CC8iK0NnNHROVkEzVkRkVFp6QkRNV3hWVFJERUF4aW1CU2dLTWdhTlE0aW5vUVE=-w200-h112-p-df-rw,2025-10-21T02:01:38.504819
Drone threat on the Egyptian border has Israel on edge,https://news.google.com/read/CBMimgFBVV95cUxPUThSN3ZsTGg0QmZIMTRQUktnUE1pRmFKNUZ5Rjk5YXROZFFZRjlmQzFWU1AyQ3RxUEhtSWpLb2tKUzVpMEpBX2ZqOE1IWWtRa2JnYXI4NnVWWW9TODVTWWlyN0laRGFpSG1IU0NoRGtRc3N1VWVNVXBaLUp2UnhwSTU0a3pZbG93S245ZlY0OFdWYWZ3clF6QWZ3?hl=en-US&gl=US&ceid=US%3Aen,www.israelhayom.com,13 hours ago,🇮🇱 Israel Drones,https://news.google.com/api/attachments/CC8iK0NnNHhNemxrVVhrNVZHTnlXRmN5VFJERUF4aW1CU2dLTWdZQk1ZWnB0UU0=-w200-h112-p-df-rw,2025-10-21T02:01:38.504821
IDF Sees Hamas Restoring Control Over Gaza With No Opposition From Local Gangs,https://news.google.com/read/CBMijwJBVV95cUxPMjhJYllPS3BOUzdsZFM0cjlCVVo2Z0RsdV9QTE5mbTlkYVF2OGh6SHYtREdOUTJTNloxQjVUcmFtX182a19YaG44dC1rUEp4ODlPdGZoWXF2MTZSU1FEakowLXh6aVlJbG5JOWRlTE5oeUtRTEM1R0JlNmZLYnlCNFFkckpEemdRSGU1MDFldEVaUUIxbUVkQXhtQmRST3h4Vl93d2dJNG1rVzRNNWlZZHFHellFamt1OUtaREtMb2xDRTBzemR0ZWxYLU5SX2hyUzlGTmhZLXc3YXZHM0RXSFRGSzd2X3R4TU9VMW9hRlM4bDVuM3NmMTVTYnlaU1I5NWpHY2dJLTE3eVlqZVdR?hl=en-US&gl=US&ceid=US%3Aen,Haaretz,4 hours ago,🇮🇱 Israel Drones,https://news.google.com/api/attachments/CC8iI0NnNUlSa1I0U1V3eVQxTmZXV0ZEVFJEMEFSaWtBeWdLTWdB=-w200-h112-p-df-rw,2025-10-21T02:01:38.504823
Israel Accused of Exploiting Greece’s Fear of Turkey to Push New Weapons Deal,https://news.google.com/read/CBMikgFBVV95cUxQcnNtekdXTlF5S0pjMW1ZemxMZktfR3BEZVA5dXFEY0wwdEJkRTlrQVJmYUhFUTNUOEdzczg5ZUZEZ2hFX3BfY3NVTkdvV1hFVmJfZmdIdHJPLTdUWUtKY2NwN05ldHhaQnN5VEw3ZF8tMy1FQ2lsMFo3RWQ5LU1QZmtRV0FDQVo3ajJSRld6cVBsd9IBkgFBVV95cUxQcnNtekdXTlF5S0pjMW1ZemxMZktfR3BEZVA5dXFEY0wwdEJkRTlrQVJmYUhFUTNUOEdzczg5ZUZEZ2hFX3BfY3NVTkdvV1hFVmJfZmdIdHJPLTdUWUtKY2NwN05ldHhaQnN5VEw3ZF8tMy1FQ2lsMFo3RWQ5LU1QZmtRV0FDQVo3ajJSRld6cVBsdw?hl=en-US&gl=US&ceid=US%3Aen,Greek City Times,3 hours ago,🇮🇱 Israel Drones,"https://encrypted-tbn0.gstatic.com/faviconV2?url=https://greekcitytimes.com&client=NEWS_360&size=96&type=FAVICON&fallback_opts=TYPE,SIZE,URL",2025-10-21T02:01:38.504825
IDF drone crashes near Gaza border after malfunction,https://news.google.com/read/CBMinwFBVV95cUxORFQ1N2U3eFV5SGNPZ1FRNU5IWm5rcWRia3A0VXBLdTNMVVNydlQ1S3dBZVc3R0FyMnFSZTJrTE5namxlRnVoV1VTcU1rdDFaUG9pcDZjTTRTVkVEWEZMRlczRnU0WUJMRkhycFFSMWFjdXZrM3hrUUFJZE9pMUh6TE1KcmVUWERZaHJlZjlSaVhBVzlqYkFjYXhsVUxwQU0?hl=en-US&gl=US&ceid=US%3Aen,The Times of Israel,19 hours ago,🇮🇱 Israel Drones,https://news.google.com/api/attachments/CC8iK0NnNDBjbFZEYWsxSkxVTXpSVzlrVFJERUF4aW1CU2dLTWdZOVE1QlNvUWc=-w200-h112-p-df-rw,2025-10-21T02:01:38.504827
Dramatic drone footage reveals devastation in Khan Younis caused by Israeli attacks,https://news.google.com/read/CBMijgFBVV95cUxNQm9tOTQ3ZWVNTzBOeHhQLXZKYXZzbTFFa0Q5TDM1UFhldDVLTEU3Y1hZRzRCS3V6ZGJKdzJkOVR3R3huZUFKSTJFTHRNTm01dllHZnpwVEJ1bXlfcVMtamMzVDYySjBJenQ5YzE0ZDJjazZYYjYzNWU1V2xXam9veEtnNXZzRl9oSU9aM053?hl=en-US&gl=US&ceid=US%3Aen,Montana Standard,14 hours ago,🇮🇱 Israel Drones,https://news.google.com/api/attachments/CC8iL0NnNHlXWFphU0dOZk1rZHNhbFZQVFJDUkF4ajhCU2dLTWdrQkFJWUhKT1NSMkFB=-w200-h112-p-df-rw,2025-10-21T02:01:38.504829
Netanyahu says Israel dropped 153 tonnes of bombs on Gaza on October 19,https://news.google.com/read/CBMi0AFBVV95cUxNTnBHYzJFeC1YTWRIcThWdl9hcXNaMWVzdGt2OTlDdkRobjJvbXFrN1lXS1pLZ0Q0REpxdExvQVRKejF3ai1jWG1VVnAzS0JjaXRuZFZpVGMwVkJEOEdPYllnYThrZzVsUWgwN19RZXZ6TDRRSHJ5Yk9GNEtxbzdEeVBvcE8xcE13LVlBVVFVaERqcWtRcGNCWUhqR00xY3lIajduUDNGZnQzZnNmNmhCbkhsUlpGekxCekxncVQ2R1M1alRhU1BrNHhSdTZQXzlw0gHXAUFVX3lxTE9JcXdaYnJXazdqUVVDeV9YZUhGR0lVNklQZEh4M0ZpZ2QwRWQ2LXdyRlF5Xy1DTTVBbDJjSEcwUkNLMUh4X3pUWEFyNWxRNTh3UXJDRFdYMGdUTWF5RjNUSTM0UXM1RkdacWNnbkVvVW1VV3E1dVdEblM2alNyOWcwWWNramhCVDQ0VDZ1b3FFTUtfbXdwb3k2eTU2UGo3aDdhNzRmM19NdmFlVFZXZDVjbmw1a2MzQ0hacWlCODJyUExiT2Z3TDlZZktsQmJYc0dBNXNIUGVR?hl=en-US&gl=US&ceid=US%3Aen,The Hindu,10 hours ago,🇮🇱 Israel Drones,https://news.google.com/api/attachments/CC8iK0NnNXFWelphU0VoaWRqaFhRMU5mVFJDZkF4ampCU2dLTWdZQmNZWnZMUVU=-w200-h112-p-df-rw,2025-10-21T02:01:38.504831
Denmark Eyes Israeli Barak MX Defense System Layered Shield Against Drones and Cruise Missiles,https://news.google.com/read/CBMi2gFBVV95cUxNajUyWlhkdTJ0VFdPQW5Od2F3Y0tvUktaWldGSmZXZnFONExJQzEwcWhRRV9JVl9qV1JzTFVXV1R5ZXZZdllEVXVQZkQtbWdoLXl1YnZkMUFhcFRKLVg4QXYxNEdEMXNkZnpRejJ5Z2YxNjVwNUJwRFA5VmVUVG9IRE9fUlJwSV9Yb2IzY21JX0Y3djhQaXdCX2VZdElaV0pTUXlJVEtmRHZTeVFKNVl4V2pDUXQyMlB6eDl1Sm9jVjNUVWhQUjdDNHE4ejl1RTRsZExjZTJydlA2dw?hl=en-US&gl=US&ceid=US%3Aen,Army Recognition,16 hours ago,🇮🇱 Israel Drones,https://news.google.com/api/attachments/CC8iL0NnNXFaMFZOY0RSV2MwNW5OSGQ0VFJERUF4aW1CU2dLTWdrTlFKQ0hyS1lscHdJ=-w200-h112-p-df-rw,2025-10-21T02:01:38.504833
Drone display in British Parliament part of Iranophobia campaign led by Israeli lobby,https://news.google.com/read/CBMingFBVV95cUxQd1YxY1dwUmswUnhINjBWWE9hSUwzMTZfMmFxaGpweGV2R3dqbFVRdFQ3N2ZUclhNd2ZITXBXMl9QTmp5N05MaUxwRVFPMHdpeEYwcnFxNkpOVEhNLThoQzdIbURQVEpzTVpNY3BvVGdpNVY1ZVVERHZHUEduU2FWY1pjXzYtOF9MaXVoSFJxMlQ0U3BSMy1BUVdjdFJrd9IBR0FVX3lxTE5ERzNNSThrRzdQdzQwLUdyMG5zM2RURWQ5eWZTWWgyLWZvcWMwWTZpX09CeEItZXk2ZnZFSUtUMHFVMVJKYVBF?hl=en-US&gl=US&ceid=US%3Aen,IRNA English,18 hours ago,🇮🇱 Israel Drones,https://news.google.com/api/attachments/CC8iK0NnNVpjbVJxTlVKV2VXMTNMVTlNVFJDZkF4ampCU2dLTWdZcFVJSlpIQWM=-w200-h112-p-df-rw,2025-10-21T02:01:38.504834
"North Korean submunition found in drone used to attack Ukraine, report finds",https://news.google.com/read/CBMihwFBVV95cUxPOGpZSUdlbFNybmRMNkh1c05IbGQyeTdvcm5tTU9HT0JnaW5GUGNiWjcteHZya2dzNlpMQmVyaU5MMmJTRTdmcWlLeGM3VHRUUFYyMTRMaXpPZmZEN1FpZnhxellpWkl1NHNIS2dnQWlXblpuT3lueXdrc1UtZkJBaVhDWXE2MFk?hl=en-US&gl=US&ceid=US%3Aen,AOL.com,14 hours ago,🇰🇵 DPRK Drones,https://news.google.com/api/attachments/CC8iK0NnNHhaWFZJT0RSSVgxUlBNbVZEVFJEb0FoaUFCU2dLTWdhcFZKQ3VMUWM=-w200-h112-p-df-rw,2025-10-21T02:01:38.504837
Korean National Police Agency Unveils AI System to Block Voice Phishing in 10 Minutes,https://news.google.com/read/CBMiiAFBVV95cUxQU05qVVNhMVQ1Ni1sSmVhR0JxbThnLUlhbExjdm8xTjVJY2RPWUJYU1NlSWxob00wak9CTlVQamNsbEk3TjV1OGlab0ktLUpqWFhCX1RKUTV3djJFRUh6ZDBYRVVBbXpyOHVhUDF0Y3BocV8xVVdNbWZnTm80SG1LeGdRY1NZeVps?hl=en-US&gl=US&ceid=US%3Aen,조선일보,49 minutes ago,🇰🇵 DPRK Drones,https://news.google.com/api/attachments/CC8iK0NnNXRWMjFyUzFvdFlteHhiekZqVFJDVEJCakJCQ2dLTWdhWlU0eU5NUVU=-w200-h112-p-df-rw,2025-10-21T02:01:38.504839
The Korea International Broadcasting Foundation,https://news.google.com/read/CBMiVkFVX3lxTE1mcnpjMFlxdm5YcHZRNjJiZTZUaTZ2UTBHREZ6TGZwSnIwRW5WWnFRSTdadGhTTXd4YlUteVFjRUhoUDRlSUlpQW83MDBscDlzV1BVeUJR?hl=en-US&gl=US&ceid=US%3Aen,Arirang News,14 hours ago,🇰🇵 DPRK Drones,"https://encrypted-tbn0.gstatic.com/faviconV2?url=https://www.arirang.com&client=NEWS_360&size=96&type=FAVICON&fallback_opts=TYPE,SIZE,URL",2025-10-21T02:01:38.504840
Inside Ukraine’s Drone Transformation: From Defense Mission to Emerging Export Power,https://news.google.com/read/CBMiS0FVX3lxTFBraHNjVW5YdXJNNVJXcFMxU1NjRE5ZRXh4T2N1REZtM2pzRlRRU2N5SElRSExwYjZfbEI3VTdHUGVKSG1DVzJfc3hrQQ?hl=en-US&gl=US&ceid=US%3Aen,Kyiv Post,15 hours ago,🇰🇵 DPRK Drones,https://news.google.com/api/attachments/CC8iI0NnNTRZMUkwWjBWMGFVMTFOMFo1VFJERUF4aW5CU2dLTWdB=-w200-h112-p-df-rw,2025-10-21T02:01:38.504842
K-Defense Embraces AI and Unmanned Technologies,https://news.google.com/read/CBMiiAFBVV95cUxQTHFnVW9LUkFnVUZ5UUZKZjZEWWJXbzQ1d3djWU9mS2puaHE0b0djVHNjZi1JRVhjdU1vRHdJQks2REpwaFBiUWNqZi1OVEVZcXRKZ3oxbUdkbi1jWnNPbHhkakRfMl9hUHFzVVFmb0dQeGthNnlzZk4ySGxmdkxrR1FNMnhwaF9m?hl=en-US&gl=US&ceid=US%3Aen,조선일보,10 hours ago,🇰🇵 DPRK Drones,https://news.google.com/api/attachments/CC8iK0NnNXNaRTFIYlY5U2NWWXROSGg2VFJDYkF4am9CQ2dLTWdZTk1aQW5IZ2s=-w200-h112-p-df-rw,2025-10-21T02:01:38.504844
Global Drone Incursions Push Nations to Deploy Laser Defenses Reshaping Airspace Warfare,https://news.google.com/read/CBMi1gFBVV95cUxPeFptcWw0OVVJSTdhZGQ2SnU2dnlEWkVremVSQVdDdVRpWldzYkZaY2ZoTUEwUDE4aDVMdUhZTXJCUk9TRjVmd3BxQVUwc1l2MkRkZ1E3NXNqbEIzTTBBeXIxdGUyNHRsdGxtN09Gd09HMWY2aWdYeFNEMk9pRklrVVpOcVNHQjNoTGE1S3M3REZGSUdRcEJIdXRVLXpOR2xOaUJMMjlfOGp0TTJFQ0RGTUNJWEl1N0FRcWRjcURrNVlTUU9MRzNPTmp4aHdpLTE3T0MwSm1R?hl=en-US&gl=US&ceid=US%3Aen,Army Recognition,11 hours ago,🇰🇵 DPRK Drones,https://news.google.com/api/attachments/CC8iJ0NnNU1SRUp1ZDFwdWJGYzNTMGx3VFJDM0FSaVRBaWdCTWdPTkF3UQ=-w200-h112-p-df-rw,2025-10-21T02:01:38.504847
New Jersey UFO mystery solved! Top secret military firm confesses to sparking drone hysteria,https://news.google.com/read/CBMi1wFBVV95cUxPS2VsVmRHRTVsVHB1dEJTRTZCZTY5X0RCTmdCWUM5VzNmV2JyTExkZW5TRFFETUZNODhTQ2pnZEZzRTZIVVB6bHFvNlJUN3NiVGNTUzdRbkt1cmV5MUt1c3BXTi1WdkIxTlJYUGdBa1QwQ19meWU4RktMVm92N1Q4X205cWR1U2ttRFZtaHhjdjEyVUo3TjltQjZWSGt5MkQ1TV8zWW9OamFTdUJrSWpXZjRzdU9LT25qUWRHcDNMVkhGMk44U2UtZmJlUWRwU002Z1FQQi1HUQ?hl=en-US&gl=US&ceid=US%3Aen,MSN,17 hours ago,🇰🇵 DPRK Drones,"https://encrypted-tbn2.gstatic.com/faviconV2?url=https://www.msn.com&client=NEWS_360&size=96&type=FAVICON&fallback_opts=TYPE,SIZE,URL",2025-10-21T02:01:38.504849
Putin has two goals: to turn Ukraine into a vassal state and to destroy NATO ᐉ News from Fakti.bg - World,https://news.google.com/read/CBMiwAFBVV95cUxPSjlyVlVWVzgzSDIwM2JBNS1FbUxpVm5mUWJiYms5TEJvZG1XWjNJdnVMVGJqTm13X2habWpLOXg2RTh0UTVodXd1d2tobzYyQUdJbEI3WnpyZEJHSlBKZlMyRlA2SWpxOEZDNTd2RnJmcVVEaEw5bjVzQUU2VnVBck1IVnc4UGlNM0k3anhHaFUydzJucFVnTU15Ylp2blNtNGN5LVlzc3UzeDBrdF9UVk9xaDRIdnlZdEw3Z0FyT3E?hl=en-US&gl=US&ceid=US%3Aen,fakti.bg,11 hours ago,🇰🇵 DPRK Drones,https://news.google.com/api/attachments/CC8iK0NnNU1hM051UjA5dVRXVlpUMWxJVFJDZEFoamdBeWdLTWdheEZKNlBGUW8=-w200-h112-p-df-rw,2025-10-21T02:01:38.504850
Marshall help Türkiye set up domestic maintenance of C-130J fleet,https://news.google.com/read/CBMiqwFBVV95cUxOZG9zMFRCSGlIWHpPRXQ5U05VZzZ1RGRfMGtYN2tneEdfWkVyT212YUlHZV96RzNlYkpVdVlKVkp5Z0RXQzl2Nm9GcUJZc0JPd1FyZ3Q5WDlaT2FDTGx5V09EX193QmJtNUgwQnB0d3htYkNLN2ZuR0gya2J6SWpyekd5WVMwRE5INHllUWxJOC1YMGZEeWJ4dTRXay1PTlNONFdNT0JfTXRDSmM?hl=en-US&gl=US&ceid=US%3Aen,Air Force Technology,12 hours ago,🇹🇷 Turkey Drones,https://news.google.com/api/attachments/CC8iK0NnNW1kVmw1TVY5alVrcDVhV1JEVFJEeEFSaXVBeWdLTWdZQk01Q09uUWM=-w200-h112-p-df-rw,2025-10-21T02:01:38.504852
Palestinian Authority unveils $67b. Gaza reconstruction plan,https://news.google.com/read/CBMiXEFVX3lxTE1MNUROVEdJNmZSaEpPWGFmM3JQbXl5cTR5WGZqeWNGT3pLbE41MUZZTWRUcUR6Y2d4YnRVTGZ1TF9SUkt4Rk1na2ZmY05vbWZFaVdXUFNHVXNSWlAw?hl=en-US&gl=US&ceid=US%3Aen,The Jerusalem Post,11 hours ago,🇹🇷 Turkey Drones,https://news.google.com/api/attachments/CC8iK0NnNUJlSE5rWDJ4alIybFpNMEppVFJDZkF4ampCU2dLTWdZQlVJTElQUVU=-w200-h112-p-df-rw,2025-10-21T02:01:38.504854
Hamas says it will hand over body of Gaza hostage at 1700 GMT Monday,https://news.google.com/read/CBMiqwFBVV95cUxOZFZEcko2Szh3NElvTTlEdkR1VkJqVWMwQ0N1MVdYVGFBUm8xRU9pOW0tV1VaVFYxbHVrY3UtSUdKc2w2WGdpa0F2dVRJMTFFbTBEcGpiZjVXSEtleXlqZTA3SHl1bjRxUF8tRkpYYjZZQmlxOUxNRkY3cC1NeEhuNjZsd3ZjQzVhNmVfU1RiUkNkbTduMXh4SFdGWGJ6SEo3YjJEY3FjRFFFQWM?hl=en-US&gl=US&ceid=US%3Aen,AL-Monitor,12 hours ago,🇹🇷 Turkey Drones,https://news.google.com/api/attachments/CC8iL0NnNUpVRlJ6WTI5clUwOXVTaTAxVFJDb0FSaXNBaWdCTWdrQlFJYWlxdVkwTXdF=-w200-h112-p-df-rw,2025-10-21T02:01:38.504856
"Türkiye allocates nearly ₺9 billion for space, aviation projects in 2026",https://news.google.com/read/CBMitwFBVV95cUxNblBSeDljSnJyRHVFMjR6YnlwMmdDQVFDRnN0VjZ1bEk2Vzk5UlFMOUNXLWVEOEU0bEZfanZocXJTZ29rbFBCWTNqUXN4N0c5YmhvaUlIZnJ2RWNBVlJrMFV1X1VYQVpsZFdGY0p2d1BXNDBrbkNvcmsxT0FaOXJGQXpxQk1HN202WV84MGl2b1F1NGdEcGQ3cS0wMlVtQ1IxX0RNcFd6RGFNNnBzOTFsczNwcnNoTUE?hl=en-US&gl=US&ceid=US%3Aen,Türkiye Today,17 hours ago,🇹🇷 Turkey Drones,https://news.google.com/api/attachments/CC8iK0NnNXlNMUJLTFdJNGJXd3dUbEEzVFJERUF4aW1CU2dLTWdZSm9Jb1R4UVE=-w200-h112-p-df-rw,2025-10-21T02:01:38.504858
Three Belgians arrested in corruption probe at NATO's procurement agency,https://news.google.com/read/CBMizgFBVV95cUxNaDl5VlZLRm15SzAwT1VycElZVTNhb1U4UDAzb2llWjJsZmlFNmVJb2tfLU1MTUkxY0UwUzV2emJEd0dxRjlLWl9yZUctVDlJR2l2YjhrdFRLSnV5SGtXYzlKMHFnZXplWlpCY1hScE5TWEIwd0VEVVJyaUp3VnIwYXB6SzhVZy0tc3Y1cy04Q1pDX0RsR0haZkJsRHZUOUxPdDg4YTkyajB5aTAzX0VNYVZRQWpqa3gxVzFlaGNrY2NNSnFGZFRoSFpadWRjdw?hl=en-US&gl=US&ceid=US%3Aen,TRT World,14 hours ago,🇹🇷 Turkey Drones,https://news.google.com/api/attachments/CC8iK0NnNVJkMEZRY0hGdGFIWjNhR0pFVFJDM0FSaVRBaWdCTWdhSmdaSUl0UWM=-w200-h112-p-df-rw,2025-10-21T02:01:38.504860
Russia says seven Ukrainian drones destroyed overnight,https://news.google.com/read/CBMiiAFBVV95cUxQZVlZWEZ5ZWZqRUVyQU9vdzFGdWZEZV80ZHoxeE1HelpWaWtQb0VCby0yYnRaZHFTNHpBQ3NlM3VFeGMwX215aUpqdmpTbFYyd0hvVjh3T09zQkFnR2tCeHpjX3hfNWRwd1U0TmZVcE9EaHVmdmJfTzVVeXhWbVFhc1pZTW1fWG5l?hl=en-US&gl=US&ceid=US%3Aen,Caliber.Az,18 hours ago,🇹🇷 Turkey Drones,https://news.google.com/api/attachments/CC8iK0NnNXRZazlqY1hwMVYweGhkMU5KVFJDekF4akJCU2dLTWdhWklwZ3BFZ28=-w200-h112-p-df-rw,2025-10-21T02:01:38.504862
Spain halts flights at Palma de Mallorca airport after unidentified drone sighting,https://news.google.com/read/CBMixwFBVV95cUxQbE03OEVPR3FueTIxQ2FXOVB6QnNSRkpleDFWS0phckpUbzIyemNZaGV6Q3pXZnM5YXdvYUVZeURYblVkNFo3TmFlRUdNVkVVeFdiaGxqZGE4LTIzT3A0bUt3R1lzVVZRUlN2akk0anVoTFdVU1lVTElhdzZ0U3E4VkEtQldEOFFmeHBfMTB1aU5tZlpWWUFWaFFZSUNSSWczUk9hR0N6N3lQcWRBU3l1di1qYmRnN25JTmdzeU1Ld3VneFBfcXRR0gHDAUFVX3lxTE5ER2FubHF5aWg1QWFBV3NhS2J4U0IwemlFbGxTdFZJYWgtamhtZDN6V1lhbUJMR1gzenltWllXVzM3cnFJakNWMW0wazcyZEJ2US01aFMyZXBEX054RFU0eUdmcEw3bGpUbjZvcHVZQjF3SW12eWxESEZGZmh4amEzeWNsWVIyY1dmZlNJV1JNcFVFZzFOU0VjNU5tNUhwU2ZBU3U3MU5SdUJ3b0hqOU90RS11WS03WDVwNXcyVW9JWk9Qdw?hl=en-US&gl=US&ceid=US%3Aen,The New Voice of Ukraine,20 hours ago,🇹🇷 Turkey Drones,https://news.google.com/api/attachments/CC8iK0NnNTVURll6TTJObk1ubFRObDlqVFJDSEF4aVBCaWdLTWdhMWhKYVFzUWM=-w200-h112-p-df-rw,2025-10-21T02:01:38.504864
Marshall to support Turkey’s newly acquired C-130J fleet,https://news.google.com/read/CBMikgFBVV95cUxQQnJFS1ZobnFyaDctODNFTEpCdmo5c2VaVnVBUHpLUTVLb3BubnpZc3d0cFIzSlBHMGFFSmZFbGc0a3FVUGZhczFNMzk4alg5NzlDZm05b2tBR0wwQWNCSlVKaWFlMUVfZmY2RlhCN0tnekhxN2RkRm5wMWc2QnJ0b2R6TkdNQWw4RW1ZaHFLclBuQQ?hl=en-US&gl=US&ceid=US%3Aen,UK Defence Journal,16 hours ago,🇹🇷 Turkey Drones,https://news.google.com/api/attachments/CC8iK0NnNDBTMFJzZWpWVWRqTlhUazQwVFJDcEF4alNCU2dLTWdhSkFZekpyUVE=-w200-h112-p-df-rw,2025-10-21T02:01:38.504866
Windracers recognised in UK Government and NATO announcement on drone production,https://news.google.com/read/CBMitAFBVV95cUxOOHhVSXZ4dHVqbTBXVUNHTXBhb050UmtDSGpuWjBFemVfeU9wdUxoc191ZWd1ODdnSGtwRkhHc3p4U3JRbENwcUxKV29naGFSaThqaDhWOFZXNWFnT2R5aUcyVktDTGN6NDROSlJURUc2T3lTTS11NTFOMXl3ZjRVRUZWVFF3ekRFamxRbG9yQXJNS05ZS1RWUWVTWVFwWGw1NVFfeklRNFBFNmpWNkoyUGx4WEs?hl=en-US&gl=US&ceid=US%3Aen,sUAS News,10 hours ago,🤖 Autonomous Drones,https://news.google.com/api/attachments/CC8iL0NnNHhSbVJpZFRSb1pWTm5iRTExVFJDeUF4akNCU2dLTWdtQm80WkkwYU43cndF=-w200-h112-p-df-rw,2025-10-21T02:01:38.504870
Beyond Obstacle Avoidance: What First Responders Must Know About Drone Operations Over People,https://news.google.com/read/CBMihgFBVV95cUxPVzNZczI1TzhLSzJVaEdVenQtQUJlWldXM215RTFhSHdTMzh2WDlPRVZFQ1VPTVItUzJRdDA3eHhJYVdLWWRjamRvRlBOajFMVnM0UjlicVU4M2dhU0dfMzEtLUJyZm1ZeVlDdFExZnJsOExiVW9MVzNMeWVLV3RUZ2lHU2pGQQ?hl=en-US&gl=US&ceid=US%3Aen,DroneXL.co,7 hours ago,🤖 Autonomous Drones,https://news.google.com/api/attachments/CC8iI0NnNUJTMGh3TTJJdFpFRkpUbGhaVFJDZUF4amtCU2dLTWdB=-w200-h112-p-df-rw,2025-10-21T02:01:38.504872
South Korean startup unveils high-speed interceptor drone,https://news.google.com/read/CBMiiwFBVV95cUxNdGJxcU1LZk16aVdWM1hzTXBkckt0Q0toLXBQZVZ6OG5sRjY5LXhURFlPVEgzeEUzOWlmYndsZ2t1ZjhRaFFCZVFNWVN3ZkFlb2xFSHE4eU5yOUI4RTA5M05yYllfNHM2elJGUXRKX3RMZXJiXzBCZ3dFdFVKS1V4V2VlU050ZGdXeHVv0gGQAUFVX3lxTE1kU2VxQk9RNUZwX3hRbTNMb2hIWmlMeDJ0Q2lCVDZZN0E4X2FQcU92MWl5U2ZFM1VIYUdJUzg4Y01kTHhITjhMdnJFZFQ1UmlZeUlxNm52OTR3MDNVMFlfS2IySkpsNzVNSUs3Y3pBTGozSEJqQkhEVmpqaWxQN3puQ2xmSl9vWVFYM0o0SlZjTw?hl=en-US&gl=US&ceid=US%3Aen,Defence Blog,13 hours ago,🤖 Autonomous Drones,https://news.google.com/api/attachments/CC8iL0NnNWZha0ZUUmpNd09HTnlSR2x4VFJEZkF4aUFCU2dLTWdtQlFvRHFwV1ZVTVFF=-w200-h112-p-df-rw,2025-10-21T02:01:38.504874
"Fincantieri, Defcomm link up on autonomous naval units and surface drones",https://news.google.com/read/CBMisAFBVV95cUxNX25lTU9McVc0ZHN1WTNoa1BWMmY2Z2UwTHVzeUtNZjVxZDZseXIxVEYxYzFqZHZsRUZIdm5fb0ItcFl0V2NkSVBjQ2RZX3hvZUVKWWZXNU5KN2oyOG9jYkk5T3JCOGlBdmQxYndUYWpiVmZuYkJoci1rMU1kU3MyaXJtVEJIYlM3c2kyYkoyVVZSa21UcWxCcE1RVEdxMjl4LWtvSGZmZTBuMEYyRmtQWQ?hl=en-US&gl=US&ceid=US%3Aen,Naval Today,17 hours ago,🤖 Autonomous Drones,https://news.google.com/api/attachments/CC8iK0NnNHdlWHB3VkRWTFgxa3hOMHRuVFJDZEF4am1CU2dLTWdZSkU0RExGUXM=-w200-h112-p-df-rw,2025-10-21T02:01:38.504876
Tomahawks Won’t Bring Peace: The Harsh Reality of Ukraine’s War,https://news.google.com/read/CBMinwFBVV95cUxOQXFpbnVDUFdZR181WFlaMUV2M1l4NDB4R0htWHlfdDhkRTZ2RjVWYWh0YmJwaEg1a1NiUjhLREFDczM3dV9LYjl3djJPd3Z2MUtmQ29iOEFWOXphT2R6bEhGRUFEdnMzWXZfZGhNeXdXS0ZYNUtJVk5OT1VFUzJTSUl5N0k3NnFVQWJNSnBSN21KMng5NkNmX0pmZVRLWnM?hl=en-US&gl=US&ceid=US%3Aen,EMPR.media,6 hours ago,🤖 Autonomous Drones,https://news.google.com/api/attachments/CC8iI0NnNU1iREJtUjBSeE0yUkhNUzF1VFJDZkF4amlCU2dLTWdB=-w200-h112-p-df-rw,2025-10-21T02:01:38.504878
Spanish drone developer Fuvex raises €1.7 million to fly high across Europe’s inspection skies,https://news.google.com/read/CBMiygFBVV95cUxPQ3JVLWttQTFRbjZydDUtc0hQVGpFS3J0a2JrdDdIbE5nODV6S3RUMzAwamhlazlNTmtlRjBraUxfcWplWnpfYmFfSW1ERllmSEo1NGNtZFIyUFZuZFB1NUZ6eG5OekpVQTJxVWRvb2lZRnFKUGN0QzJ4cFBHNl9nNFlJRml2dFVBWlN2NHNKeXpvdTZRa2xCODNmWDl4YVhmOEozNzVSWkhIMFhYUy12R251ZlhpZGVsTTZ2S2RfMk9NOWtYMHBhZUNR?hl=en-US&gl=US&ceid=US%3Aen,EU-Startups,14 hours ago,🤖 Autonomous Drones,https://news.google.com/api/attachments/CC8iK0NnNXFWbFZFVGxacmIwMVZibTVCVFJDcEF4alNCU2dLTWdZNUk0NHpsUW8=-w200-h112-p-df-rw,2025-10-21T02:01:38.504880
Global Defense Stocks Have Rocketed Higher In 2025 as Artificial Intelligence Technology Fueling Big Gains,https://news.google.com/read/CBMinwJBVV95cUxPbG4tclJDdU0xdFBCZ1RMb1Z2UHVuZm53aThkSWhMR3J6NldQVXpPdnRodG1Wc0ZkMFhyVXQxN3FCWi1VQjZnWFAwNGIyRElPMTJzUk1GcjhNY2VwSy11bmJObnNra05fdlF0WTZQQ3d1TmFTaGVBQlFzNU1nXzhuR1BJUldBdjY1dElJX00wd2c5Z1E4elhrVVJJc3RJLWJrRUhhQjIwLW9BSDl1dkRnWHVYZVUzWVpNOUxSV3VnTEJWSEdPLXB2VTJHMTZjbHc0RzVjZVR6bXNBWjhsLVpPSlRMM1praFgxYVpVREdHTjJVRkZDYUNOTnNiZGY4Uk85dzBpWFVTVm9LMnJZSHJJYmJ6M19VSzRzTEJEX2hoYw?hl=en-US&gl=US&ceid=US%3Aen,The Globe and Mail,13 hours ago,🤖 Autonomous Drones,https://news.google.com/api/attachments/CC8iK0NnNW1WaTFCUW1kblVtZE1iREE0VFJDcUJCaXFCQ2dLTWdZQk1JaUh5QU0=-w200-h112-p-df-rw,2025-10-21T02:01:38.504882
Parrot: A High-Risk/High-Reward AI Drone Opportunity In Europe (OTCMKTS:PAOTF),https://news.google.com/read/CBMipAFBVV95cUxPNEVHRjgxNGZOVkY0WlpETF9GM2I3UmJZRWU2UG5MaVlnZWFySTFkNTRtdlY0ODRhSkoxdDU5MnZLUUpzQUp4QVQ5TWp5a09rLWNpWUNEZ2RFbWFtLS1PYmR6R0hudUVWSi0zV0RfTjdGVWc4RVg1OXBsSGRxR1VQUTQyU0NZVXM2YXpVNEtTdDV1THhqaUVsQ3IzZ25QUE5hMHpkRg?hl=en-US&gl=US&ceid=US%3Aen,Seeking Alpha,3 hours ago,🤖 AI Drones,https://news.google.com/api/attachments/CC8iI0NnNXVSbU51WlZaVU9XOXhTazFqVFJERUF4aW1CU2dLTWdB=-w200-h112-p-df-rw,2025-10-21T02:01:38.504884
Local police are looking to expand use of AI-powered drones,https://news.google.com/read/CBMijAFBVV95cUxNMkk5LTFtQXNKSlhVX2FScFNySkt2VHVvMXgtWmVxLXo4V1ViLTd5OFpGenNHd1c5ajdNanl1TWZadHNpNV92SEE3azFuT0VTa0JnR2lOWnBCYmJyY2VybEY5alZoUHNHWXA4XzlxUkI1YWFYemVGSFprQWJIRUw4QXJGNk1jV1V0WkhONA?hl=en-US&gl=US&ceid=US%3Aen,Axios,12 hours ago,🤖 AI Drones,https://news.google.com/api/attachments/CC8iK0NnNU9aazFyZVdFek9WTllOekIxVFJDZkF4ampCU2dLTWdhUlVvaXRNUWM=-w200-h112-p-df-rw,2025-10-21T02:01:38.504885
Seven-Hour Flights and 100-Pound Payloads: Draganfly’s Drones Join the Border Fight [DRONELIFE Exlusive Interview],https://news.google.com/read/CBMickFVX3lxTFBqckhpeHFUNlhzTDM2Qk9FWlVZSG94QWlqODNHQ0Z3Nzd0dmF6WWlwOFh5UURlSC1sbTVYamQ4SDB4N1ZYR1l6bDdvR1Zxc3B5VWx5WmVaa1lsd0FCQ0g3djlpbHVOcDIxTHNLT2tfR0o5d9IBd0FVX3lxTE91LXNSMG9raWVHVDV3QUVPR3ItMFlzYzFUeU5SOVM2c3JObXVrZlhKV2FxaGhLR3ZxR1VTRC1EMmxFMzFKX1dHeDlHVEtHYmFLUExidGhCblZyVnFRaExrQTFsX2pnQ0ZLV3RQZERCRXpubkM3N0ZF?hl=en-US&gl=US&ceid=US%3Aen,Dronelife,10 hours ago,🤖 AI Drones,https://news.google.com/api/attachments/CC8iK0NnNU9PVTlOVmxsVGFsb3hkRnBtVFJEX0FoaWdCaWdLTWdhWmM0eXRNUVU=-w200-h112-p-df-rw,2025-10-21T02:01:38.504887
Transforming Projects With Future Bylt Technology,https://news.google.com/read/CBMi4wFBVV95cUxPa0lyNkFRR1BzcFdUX3ZzeXp0ZzFrdlVIYWZlWWk2MlZZY3phWG1zdmktalZXTk0zdTd6NFozZzFrQklzZzZkR205S0ttSjVKWjhGeFpURGpGNG0tNDhPOHphZGh5TjlTOGVKb01VdlF4dWRUaklPaVFYMzlqT0NhaTZxMjdjdElia0ZUUmRpMW54ZURfazhQUjNKMElaNmFzV1B6YjlXTlBzMENHOUdsdHRrZzlvSDAtWVl1eG5VTVBLVHJvbng3R1RpMGVjenl5aEU5ZnZheEd4QjYxdXh3Nzh6Zw?hl=en-US&gl=US&ceid=US%3Aen,Gulfshore Business,11 hours ago,🤖 AI Drones,https://news.google.com/api/attachments/CC8iK0NnNU9UREZKZW10NlVUVkRabFpvVFJEaEFSaVFBeWdLTWdhWlFZcXFvUWM=-w200-h112-p-df-rw,2025-10-21T02:01:38.504889
"Safe Pro Group (NASDAQ: SPAI) Has Processed Over 2M Drone Images and Detected More Than 36,000 Landmines and UXO with Its Battle-Tested AI Tech",https://news.google.com/read/CBMipAFBVV95cUxPSi1UVzZYZ0o1d2FnUVhxVjJsYjZiQzBJa1NwdHpIaGQ1Z2RwQWl5V2hCRWpEbWlLV0ltNjc1b25kbzRSTk1EX3VmR0IwLTdLQ0Q2dGNVOE1LMDBST1BOT0hpaUpVejAybjBGM0NKMXpQbkt5OHUyU2N2anRtb09aS1AxMGt1VGdUVEdsNW13SU5ya09HSXY2OUNKbjJ1bGtOUDRhdw?hl=en-US&gl=US&ceid=US%3Aen,Digital Journal,4 hours ago,🤖 AI Drones,https://news.google.com/api/attachments/CC8iK0NnNUxSMFF5VVdGSllXdDBOM1kxVFJDaUF4amRCU2dLTWdhbGxKU3R0UVk=-w200-h112-p-df-rw,2025-10-21T02:01:38.504891
DGIST Announces Anti-Drone AI Technology at the World’s Leading AI Conference,https://news.google.com/read/CBMiuwFBVV95cUxPOEJGSlJJbFJUbUc3T2p3T3BEN0x1cHduSkZiSjFNQWMtcF82b01nTHFKMlFiRDFJaUgtYmZUTVQyWmUwbXZHd1lfWUVMWDJZWklMTm4zYW50ZjRYUkMtOS04ZDRqaDlabFBycU5vU2ttdWxxZGM1Vm51eDN0MFdIMHNXQkFRNklvUkZJMGpzV1VSdUhPV3N0LUJJaDh4XzU5bUV0WjVQX3lrQlBQTjdLWkdtdHJ0T1U2dXdv?hl=en-US&gl=US&ceid=US%3Aen,Asia Research News |,17 hours ago,🤖 AI Drones,https://news.google.com/api/attachments/CC8iL0NnNVhSbXhHTVhWSVpGWmFVMjk0VFJDZkF4ampCU2dLTWdtQkVZWXFGYVM0YVFJ=-w200-h112-p-df-rw,2025-10-21T02:01:38.504893
EMSE Public Dissertation Defense - Bong Gumahad,https://news.google.com/read/CBMipgFBVV95cUxNRTFhYzFkRU9pR1FkQkRQeE93LVhqY0t3dWlVNHFaQWRfWE1wdUpJYWgwOHhjMk9BQlpIYVBLX2ZoNHFUZmFmV3VzY3k2OW5lQXlyTzFxR1JqNXpXX1JuQ2tZTmt4eGVWZ3ByTFZ4YmRZS05UVlJ5dENNbHMyb1BGMXVoS1JfNGd3LTVwdUtLOThKVXc3d0NMbHNiVGItOEI4RjBRZmN3?hl=en-US&gl=US&ceid=US%3Aen,Old Dominion University,13 hours ago,🐝 Drone Swarms,"https://encrypted-tbn3.gstatic.com/faviconV2?url=https://www.odu.edu&client=NEWS_360&size=96&type=FAVICON&fallback_opts=TYPE,SIZE,URL",2025-10-21T02:01:38.504895
500 drones set to swarm near UNO Lakefront Arena Saturday for choreographed aerial show,https://news.google.com/read/CBMilAJBVV95cUxOVzdiWk80ZXVPS2ZpRFNBYTlmODJ6aDBwekxidnpRWU5mYWpIMGx0eXpaNGlSbVBITmhNNmRneGlLb1JqZjAyS3FDcjAwb001ZUtSQzVVY2d6Zzk0TEtxNEdCbnFQT3hCUTRFeHlZcXcyM090NnJxR09VSnh5N09CMWdpTmhoVHhxaFRHZ0ctSXhoWndJc3gzVUVkVkZ2bVdORW5JVFBvcGs1OWVZd1N3WXFoaGRRZ1lyZGM4eVNPS01DOHIzdlRVSklrUlRLZmJ6ZDZkMkZBVHU0WEJEQ1pfRkhydWI4bU5uM2FPMGxkeDRNUVBWT1F2ekF3OWNBSWY4a1Y4ZTFCcDFtdVkzaWRjZ2Z0VVTSAZQCQVVfeXFMTlc3YlpPNGV1T0tmaURTQWE5ZjgyemgwcHpMYnZ6UVlOZmFqSDBsdHl6WjRpUm1QSE5oTTZkZ3hpS29SamYwMktxQ3IwMG9NNWVLUkM1VWNnemc5NExLcTRHQm5xUE94QlE0RXh5WXF3MjNPdDZycUdPVUp4eTdPQjFnaU5oaFR4cWhUR2dHLUl4aFp3SXN4M1VFZFZGdm1XTkVuSVRQb3BrNTllWXdTd1lxaGhkUWdZcmRjOHlTT0tNQzhyM3ZUVUpJa1JUS2ZiemQ2ZDJGQVR1NFhCRENaX0ZIcnViOG1ObjNhTzBsZHg0TVFQVk9RdnpBdzljQUlmOGtWOGUxQnAxbXVZM2lkY2dmdFVU?hl=en-US&gl=US&ceid=US%3Aen,NOLA.com,11 hours ago,🐝 Drone Swarms,https://news.google.com/api/attachments/CC8iK0NnNVlkRGRKYWtSdWNEbDFSbGxYVFJDcUJCaXFCQ2dLTWdZZFZvQXFKZ2c=-w200-h112-p-df-rw,2025-10-21T02:01:38.504897
C-UAS Series - How AI & High-Powered Microwave Can Counter Drone Swarms,https://news.google.com/read/CBMipgFBVV95cUxQNmo1NWMtTWFla3RsaVZEdVo1ckZOSkhWVnVYR29IbEs5ZjFZbnlpc1B6c2YxRUtzbXRDb2RnQzZpTFUyUlJjbWtwdElpcF95WDJWN3ZEcnYyeEFWb0x2WVl6S0ptaDFpQUozYU81bTlBUTdlTDQtQm41NmNFbmJCMDYxSVJZV3dabERkVDZaa21HeHV4b1diU2FNT251Z2wtMl9vaUZB?hl=en-US&gl=US&ceid=US%3Aen,Warrior Maven,8 hours ago,🐝 Drone Swarms,https://news.google.com/api/attachments/CC8iI0NnNDNRMkpJYlcxd2JYVmFlalZTVFJDb0FSaXNBaWdCTWdB=-w200-h112-p-df-rw,2025-10-21T02:01:38.504899
Unidentified Drone Near Spanish Airport Halts Flights in Palma de Mallorca,https://news.google.com/read/CBMiugFBVV95cUxNeE44Y00wUjVwTUo0WDFJeXNBN0RfNDREMUpmNTJpWHZEWS1uZHhLNENPVjZIel9xa21yTmg4QzJZUGNvTkpnRDhONXZkdmhUUUd4eHNhdUwxUWRjck8xdHM5SWpaVDlyXzhHaE1IcHFVajNlcjJ3cTdMZHFuQkxKT2kzN3JvTUY5dGR2dnViSm0xblFNZjAySlhCeERteDRBSkV2X3VCWEIydTEwNm50SVBSMUpoeTdYV3c?hl=en-US&gl=US&ceid=US%3Aen,UNITED24 Media,14 hours ago,🐝 Drone Swarms,https://news.google.com/api/attachments/CC8iL0NnNVVjemRmVjJwbFRsRlVha2RKVFJDOEF4aXlCU2dLTWdrQk1JSUMyZUlPNVFJ=-w200-h112-p-df-rw,2025-10-21T02:01:38.504901
India Drone Technology 2025: Unleashing a Powerful Revolution in Agriculture and Defense,https://news.google.com/read/CBMieEFVX3lxTE9uRkZsM2huTEVRTlg5N1ZZbzZrVFkxTjF0blEwWXdreG4wT0tQR0lXdlZEcVM4NDltTERUbXFWc1ZOREtSZ016R0FVVEl1MXpLQzZ1Yld0bktqT1BicklKS3BMVmR0U3lCeEJYUkRvVGFtU0FIWlRjMQ?hl=en-US&gl=US&ceid=US%3Aen,Techgenyz,10 hours ago,🐝 Drone Swarms,https://news.google.com/api/attachments/CC8iJ0NnNU9SbEE1TVdnMVZuVXRSblJOVFJDZkF4ampCU2dLTWdNTk5Cbw=-w200-h112-p-df-rw,2025-10-21T02:01:38.504903
"Source of 'UFO' panic, drone mystery claims responsibility for frenzy: report",https://news.google.com/read/CBMimAFBVV95cUxQa0dSaU9SNzNjeFZwUER5dEd1WWt1dHJfWXRYZ05ENk8wNkxodG5uRkRkallYT3V0bGVuQWNzc2pheFJvX3J4Rm9keVhuWXlTZXQ5WEFjaGVDU3FMRjMxRjlDTVBIQnhOVy1Vbk0wTm01eHpKaW5GLWUxQmllS00wN2RNQmFxWVFOVHJiZWRfclZmaEZDV2JqNdIBngFBVV95cUxNbS1LQk1oS2xKYkV0Z0RqSERMNDJXWW8xZElHdXJvdUpKOEVmVGtNVmNsckFlbE16a0ZROC1QdkRjS0NQcm9jXzRVUHd1R2pzZVBIOEZhNVhTWkM0UTI1bUt6SmxxYnVSVFM1UkRtb2k3Y09zeFpJb3N2MU1GeG1JY3Fwbi0yMEFfLUQzbjhXVU0zWUI0bzdVN2k3Q2JvUQ?hl=en-US&gl=US&ceid=US%3Aen,Fox News,9 hours ago,🐝 Drone Swarms,https://news.google.com/api/attachments/CC8iL0NnNVNWRU5XT0UxdU5WQkJkMnRPVFJDZkF4ampCU2dLTWdrQkZJaHdrZXVoRkFF=-w200-h112-p-df-rw,2025-10-21T02:01:38.504905
Cohere broadens OTFS reach with Pulsone,https://news.google.com/read/CBMinwFBVV95cUxQVzBvM3hjVjVqS3dMVDd3aWdsUElrdjBEWERXdU5leUFxanJWVi00dm9Ha0sxckJWcmQtTDFfNnRiODJmNXNtQmNIRXA5eVMzVGx4TUNRTlJOaFQ5blhCQ1pJU2J1ZnBLWEJISG1XUTlrWDgtNS14eGQwU2lEQm05RkRobTY0dnQyMDRNQjVIT05hZzYyWHJkSXdvMndNRTg?hl=en-US&gl=US&ceid=US%3Aen,Mobile World Live,12 hours ago,🐝 Drone Swarms,https://news.google.com/api/attachments/CC8iK0NnNVBhMjAzTFRoUlZXUmtWWGhqVFJDUkF4aUtCU2dLTWdhSlJwWnBKZ2c=-w200-h112-p-df-rw,2025-10-21T02:01:38.504907
What's the best way to detect and destroy drones?,https://news.google.com/read/CBMiWkFVX3lxTFAyUUlnOHpBa1NlRG53Y2plUV9mRmpmMFk1TzQxREs2b01ab0pMQ2ZsR1llZWZNMkpPQ00tNF9IaFU2czk0bmFKNVlRa3VTREIwencxVlJXOGRBQdIBX0FVX3lxTFBFR05neHU3RjZxNnhpcUtmcHY0T3hqdkk5Q2I2VTMzZXlQcGtDR3ZnUnFmMlZVUXRfeHRsREdINFNpU0JueFNXWEd4OU85LWNKdVVrMDJsRV9UcDJ0bFVF?hl=en-US&gl=US&ceid=US%3Aen,BBC,2 hours ago,🔬 Drone Technology,https://news.google.com/api/attachments/CC8iK0NnNUtSamQ1TFc1QlZqVnlaRUpDVFJDZkF4ampCU2dLTWdhcE5Zak5JUWc=-w200-h112-p-df-rw,2025-10-21T02:01:38.504909
Buy 3 Drone Technology Stocks for a Stable Portfolio in 2026,https://news.google.com/read/CBMiowFBVV95cUxOUHR3U0VPaE82dFFFakVVc2Exb3FyWWw1RTBSSUZyOVBaZkZWVnVGRFRYSnZNTmd6Z0lfZ0lHdjY1OEdaYWNNdVlfdkppa3RjcEhBbjk2NWR6aUpodjhsLXhLWEI5bnVZQ3NyMGVrUlpRckJqR3YyLTJnbjVkbHVTTGU2QUYxQVNIUEhYSjhRRldRX3d6V0NFd0VnMWxnREdCdW44?hl=en-US&gl=US&ceid=US%3Aen,Zacks Investment Research,13 hours ago,🔬 Drone Technology,https://news.google.com/api/attachments/CC8iL0NnNU5kMVZvZDFnNFVFOHdRbGhwVFJDZEF4anNCQ2dLTWdrQk01aFJvYW5RWmdJ=-w200-h112-p-df-rw,2025-10-21T02:01:38.504911
Edge in the sky: University to lead conversation about the future of drones,https://news.google.com/read/CBMiaEFVX3lxTFBtQWVmODhEXzVmTEt3dEVWUFJFMk1DcWM5dkxFdTJDV2UwNFpsRmRGRHZEQlNaTHR2a3liVFNvUTEteFBHTjlYaDYtS3gwZGNVVk9QeWtuUHdodm91VkZDWElIc0tNU0VD?hl=en-US&gl=US&ceid=US%3Aen,Virginia Tech News,12 hours ago,🔬 Drone Technology,https://news.google.com/api/attachments/CC8iK0NnNU5NSFZCU2xsUlZXeFJlV3BrVFJERUF4aW5CU2dLTWdhaFpZek5xUVk=-w200-h112-p-df-rw,2025-10-21T02:01:38.504913
Man arrested for firing gun during Southern University homecoming game,https://news.google.com/read/CBMioAFBVV95cUxPbkctQWRsaFBnRnBabVlYOGtLcWVKRmt2ckgtbjlGWGhpQ2tCWF9vbDdRRzE3MXJzVzl6NEI2OWFybkVmR2xUbzdVUUdsTFFmXzFDc3VRWWZFWExOSVg0bl9lYnhQd0xnWkxtdWd2UHl4eG1VYkJlaHV0UVBhTHg2Q2h5RDdzOGQxMEExWTlzOUl2eURlbE5FZ0hfalRVZXdq?hl=en-US&gl=US&ceid=US%3Aen,WAFB,4 hours ago,🔬 Drone Technology,https://news.google.com/api/attachments/CC8iK0NnNVFRVEJOVmxOUVQyaEhjVmRmVFJDSEF4aVBCaWdLTWdZbFpvenNNUVk=-w200-h112-p-df-rw,2025-10-21T02:01:38.504915
Versaterm Partners with Vantage Robotics to Integrate Blue UAS for Public Safety Operations,https://news.google.com/read/CBMiwwFBVV95cUxNSkVVYlJEb0ZLSk1YbWdwempkR2oyT3llVU53dHUzTHpORzBIT1lxbE1JOFpvTXVuWUEtUEtvdG9HUk5pZE9BNmZLV19Vb0J3d0JJbTlHLUR3U2pwUnFMSTFRa0Y5MTdPc0pVRTdDTmxoV1lNWF9OY3VGUWtCSHg2cWpXRF96RC0zRi0wU2pXS3RzX3RDaVVvenRHSmp6WTRBQ0l1TUVNLWdmd1Jadld1OFRjQUQ5cW5iYXZRMk9BV0htamfSAcgBQVVfeXFMTndCMVpuYUFQeG1TdHVtN2s4eWpDUzFhQlRrSWU1WXc1Y3dMX1RTTEg3TFNxMXNSaDdxUml5blVzTlFxX1ZCV1padDluN0Zyc3RDTGhZWHBoYktlQmZSWUdENTQtNGFZN1hnakhkSjNLZFBWRDkyQ2JHN3I4NW1rRTVDbUN4RGJNbXkyb0dmNHpCaGZYci0waElwel9HYUN0LWhVbEU4VHhVWFBmcXBYa0RrcGJWRWpwd2VoZjJkemZxcER5Y29fQWU?hl=en-US&gl=US&ceid=US%3Aen,Dronelife,10 hours ago,🔬 Drone Technology,https://news.google.com/api/attachments/CC8iK0NnNDRaMUZ2UVhkMmIxTlFUMWxJVFJEbkFoalZCaWdLTWdhZFk0eXNxUWM=-w200-h112-p-df-rw,2025-10-21T02:01:38.504916
Police Conducting Drone Training Exercise In Greenwich Monday: Details,https://news.google.com/read/CBMiqgFBVV95cUxQU2VrSnNJVFVhM2dWTEI5c2Y5dXEtUmltVm54c0xQZTNUTWF4aEN5c3JYX2s3UXZLU2hvNkJMSzF3RkRFYVhNVGZkbk1xY0VrNXlmSWZxZDV0ZE5UaVUxaC15UkVpcnFUVFFxeGdaWllmVTJ5QlNZR1NHY3d3YmZlTGtQTVJud0VBYnZRa3FlMlEtdWQzSDhYR1lSdGZpdmF0d2VSZnc0aWMxUdIBvwFBVV95cUxOUFJGUUxHdGlJei1sdEpnLWl4WTU5TzJNeE95VjhMVXludHRoRm9pSFB1WTVZWmN6NnV2a0dFX2tVaEZIWGhqOF94anh4VEUyMDVESm9MazZQbGptdGdjZEVwM2NpaHo1RGphMmxGQTU2cmFBZnhjVE00cWJkMGhPbVptOGhvZUNYMm1HV0FhZ0Q4SHQzQ0V4N2FEM0tGVjFsV3NhRUs1NGF0cEhJR2hVLUYwQnNFZzhucHJRemhMWQ?hl=en-US&gl=US&ceid=US%3Aen,Patch,4 hours ago,🔬 Drone Technology,https://news.google.com/api/attachments/CC8iK0NnNVBOa1pOVVZZeWJIbDBXR2hyVFJEZ0F4al9CQ2dLTWdhOWNwZ1NLUWc=-w200-h112-p-df-rw,2025-10-21T02:01:38.504918
How to Evaluate Drone Stocks: A Checklist for High-Growth Investors,https://news.google.com/read/CBMifEFVX3lxTE83TVZsQkxHLXAxVXgzUkl5cWNKeGNRZzl3akpEeEpmVmhoeGtBOUNVSWF3a0pJRWxjYm1PN2g3Y2xKc21hZ1l2RGItWDNpdzlFaEQ3RXppUFJFNUJ6QWthMzBWOVRfbUxvV1YtWU5xb3NTTm0xOG9uV3dfM0w?hl=en-US&gl=US&ceid=US%3Aen,Investing.com,7 hours ago,🔬 Drone Technology,https://news.google.com/api/attachments/CC8iK0NnNWhhRUZ2V1RReWNVWTRWRnBJVFJDWEF4anlCU2dLTWdZUkVKUjRrQW8=-w200-h112-p-df-rw,2025-10-21T02:01:38.504920
Korean Air unveils new unmanned aircraft,https://news.google.com/read/CBMihwFBVV95cUxPS0dlVkJ2OU5idGlkU2RRQ0RIdElhMjA0UFdJeUlJTXowVy1ZYmJHMG92Yzg0ZTVKNVkxV2JROVdCakZVVGVpcWR4MHJYTjBZb0M2QmVDN09hd1NaV29VaW1DV2FvSno4LS1JcENRczI1ZDhEQXNGU2xOR3F0VGt0bUtIMlMybjg?hl=en-US&gl=US&ceid=US%3Aen,Asia Pacific Defence Reporter,2 hours ago,🛩️ Unmanned Aircraft,https://news.google.com/api/attachments/CC8iK0NnNXRiakpyTmtWUGJtbEJiakJQVFJDTUF4aUdCaWdLTWdZZEZJcXRrUW8=-w200-h112-p-df-rw,2025-10-21T02:01:38.504922
3 charged with flying drone during suspected contraband drop in Washington County,https://news.google.com/read/CBMi6wFBVV95cUxQM21pNnBWSXBzU1R3Rlp3WHdPRmlpQzdYUFJDLWMxNFlCcnBjZVVqN1RZZzM4a19vaDlKZ3ZudWljQnF5RnZJclRudmU3NERrR25wNG9Db1hVQ0EwUlZHV241ZVZXZFJTRG5rbFRQX2RtWHpqT0V0WXN6eUNCLWZxVG43UGNQRHVmSW1Wc3FaOVRQa1ZzTkVseTZoUmVoRVNlUldpUTRJXzBHTzhTNTZaU1l1ZGQ1RHFMeVUxcmVMYlFkejl2ajVjelhZTm5vY3lqQW9scUlHWEg2dXZDWmNvMjVhTTJoRUtqa3Iw?hl=en-US&gl=US&ceid=US%3Aen,13WMAZ,6 hours ago,🛩️ Unmanned Aircraft,https://news.google.com/api/attachments/CC8iJ0NnNVNlRTFZZUVFNVQybGhjbGhOVFJDZkF4ampCU2dLTWdPZEV3dw=-w200-h112-p-df-rw,2025-10-21T02:01:38.504924
Community concerns keep proposed Syracuse drone program grounded,https://news.google.com/read/CBMinAFBVV95cUxPSWgxcWxEQjUyWVFsQ2V5d0psRTFfMkF3U2JLTzk1R29vNVRyMHJnUlVWQV96LWRWczFEUkYxSHpDWmRHZEZ3clBkNGxRZlg0SE1YQzV1N1dROERtUHJwMW9SbE1hLUFVODdxT2g1Um1HNkpOVERIbmdWYmlIN2g5cGdPZUdOMndMNUExMFRZakxrSENGcjZZeTlnRXA?hl=en-US&gl=US&ceid=US%3Aen,Spectrum News,4 hours ago,🛩️ Unmanned Aircraft,https://news.google.com/api/attachments/CC8iI0NnNVVUMEo0UVRkZloxWndURlpyVFJDb0FSaXNBaWdCTWdB=-w200-h112-p-df-rw,2025-10-21T02:01:38.504926
University or Alaska expands drone R&D efforts with Windracers UAS,https://news.google.com/read/CBMitAFBVV95cUxNVV82MFdFWkNsRm90Vjk2YUJuNHhjTUtRa3dxT0lrc0dVcnVVRVBVeWZEWF90R3VwME9rRUxaUjR0WkNqdWRZRXBBY0FjUzA1VkVsTXg1SEU0ejZ1VVJ3SVhaUU5uVldxdnpXVjRmWS1TeWF3Ylk0V2F2d1AzU0VLVVpCZ05iaXd1QnBRTU5Vc0piUWtJTU41VExoT1JWdUtyYmRZcEE1dTJLT3FRZ29DQjNYNHk?hl=en-US&gl=US&ceid=US%3Aen,Unmanned airspace,15 hours ago,🛩️ Unmanned Aircraft,https://news.google.com/api/attachments/CC8iNkNnNVdlWEIxZG5KUmQzTnRjeTE2VFJDdEF4akxCU2dLTWc0RlVJWkdNV2M5dFVoc3F0NnhKQQ=-w200-h112-p-df-rw,2025-10-21T02:01:38.504928
"If a drone is flying over your Georgia home, can you shoot it down? What the law says",https://news.google.com/read/CBMivAFBVV95cUxOOHM4MU5IazVWUHdxcW9hcDRMcDc0Qk9tM0JPS0Q5RVhDdHFsWUQyVmJ4U3NPdFZ3X0dRMFRVaXRfdVE5Z3gwNVJiTXRfcVZ2TWtRZWVBN240TGt0ZUpKX3AxZGdISVBFZGRSRmxrekt6VjVYV05PclFzMy1PSDJSdHk4UnpzMjJaa2ZnSk5XdlZXd1p3QVltVC1qTFlGS0JMaGV3SGljTm1hRVQ3VldhQVQ4RHAzWTc5WmVQTA?hl=en-US&gl=US&ceid=US%3Aen,Online Athens,2 hours ago,🛩️ Unmanned Aircraft,https://news.google.com/api/attachments/CC8iK0NnNUlVVjh3ZG1KeU1VMDJVbWcwVFJEekFoaVVCU2dLTWdhQlVJaTRuQWc=-w200-h112-p-df-rw,2025-10-21T02:01:38.504930
Mystery craft in New Jersey ‘UFO’ story identified as Pivotal BlackFly eVTOL,https://news.google.com/read/CBMifEFVX3lxTE9kYkJ0V2RURGt3aF9WYllmQlo0eWpvdS15VE54Ui1ZQ0tGeFpxazRqMTVvczhGT0xPNmNMeFkxQVFzb0FCSEtWcWlrMjFYMjk5a0tOd0lfTFcyRkJJalg5alllV29xTktnbEFRSjdvUEtMZkhGNkotUElrZXDSAYIBQVVfeXFMT0RQdzdMemNaMlV1WXlmQ0RGZ2JIcVoycjJINGZqSWhwTFhBZG1HbDRZSFRjS0ZEX2lPWEp5RzBqZTVVWVlwSkQ1aTV1RkR6LWhEaTdZZXV4ZDlrbTZJLUk3dzZ6XzVlek8ybHlBZGZkNndjSmh5SGxELXZFTjZJQzBYQQ?hl=en-US&gl=US&ceid=US%3Aen,AeroTime,9 hours ago,🛩️ Unmanned Aircraft,https://news.google.com/api/attachments/CC8iK0NnNVVSbXMwWDFOZlNtTlpaM0kxVFJERUF4aW1CU2dLTWdhUmc0ck5NUVk=-w200-h112-p-df-rw,2025-10-21T02:01:38.504932
The EU ramps up drone production and will build a large-scale anti-UAV defense system by 2027.,https://news.google.com/read/CBMisAFBVV95cUxPNEtjZFkyYWNhUGJzYzVkcGtOMExoVlF1UEp5Vkw4VThya2JkWklnbWdPa0JjZ0FLU3hwVTBCblhNQTk1d19nTHFfR3ZCeTM0TmFBcTV0dVpHMnhpZ1QyLWYwR3htcDBPdEg1NFdLQU1LSkdsZ25PelRfZnYzdG15T25uaHdaY1lOR3NpZEtnaDdsR1JWdV82a0ZtN0lvWks4ODk2WW9uOXhnaWl2clladdIBuAFBVV95cUxNMVhYaVpVMmtpRWNka2d4Y3pGLVhfb0JxZV93bmNsTmhBVUdjTXFrbU83WTFGSTFHTUR5OXo2SFFOMUxXUUZBNGN4TDRYRU8yZnI5dkYtUmlpR2FNOFY1ZUZjakstUndqQVk4bkNHclBnUVl3dDBHT0dzNjdmTXpSVFc4LUJ3cGg2ZlE5ekMxMWJxTTNOanlDMUFzOHVUalZBOVkwaTdReHdRSlJzaklzYTlqZVhicDhQ?hl=en-US&gl=US&ceid=US%3Aen,ubn.news,3 hours ago,🛡️ Counter-Drone,https://news.google.com/api/attachments/CC8iK0NnNTJObWxIWmxrMGRqUmtSbGhMVFJESUF4aWdCU2dLTWdhQnBJSnFWZ00=-w200-h112-p-df-rw,2025-10-21T02:01:38.504933
Germany Is Counting On This Tech To Solve Its Drone Problem,https://news.google.com/read/CBMidEFVX3lxTE1QQko4eVl0RVJHOTZubnFoUGpGUmF1TEM1V0lDMGc2VEFqNXZfdnEwYS1reENnQWcyMFdBOWFhVFJ0M3psV2pkZmZ0TWFpWXljRkRQczVEemlqdG9JcndKS0NCaVNqcUhOVHdDdGxuSWpucU5y?hl=en-US&gl=US&ceid=US%3Aen,SlashGear,11 hours ago,🛡️ Counter-Drone,https://news.google.com/api/attachments/CC8iL0NnNTVVRmhPYVVaa05qUmtUM2t4VFJDZkF4ampCU2dLTWdrTkVZRHlGS2xVdUFB=-w200-h112-p-df-rw,2025-10-21T02:01:38.504935
Defense Intelligence hits latest russian Valdai anti-drone complex in Crimea,https://news.google.com/read/CBMisgFBVV95cUxOYzZEM1R0MWdONW5aLUJmNEEzajdBN01heVltS0ZCLXdLR1p1V2JERDZHN25GUFRpRUhRYm5jLTM5NjduM09VVjY2eUhMMXAwNmpnNkoyNkZyTzdmd2lYOFAtcVVxWExSaF9DMDZvbE9lY0ZqRnNPcnA1TVdfbU8wMGNrNlRlM1J6NzcxQUZRUGVlLWFGNTJqSmhOdXVqczBKdWdOcV9NVlQxbU5FWXhkakFn0gGyAUFVX3lxTE5jNkQzVHQxZ041blotQmY0QTNqN0E3TWF5WW1LRkItd0tHWnVXYkRENkc3bkZQVGlFSFFibmMtMzk2N24zT1VWNjZ5SEwxcDA2amc2SjI2RnJPN2Z3aVg4UC1xVXFYTFJoX0MwNm9sT2VjRmpGc09ycDVNV19tTzAwY2s2VGUzUno3NzFBRlFQZWUtYUY1MmpKaE51dWpzMEp1Z05xX01WVDFtTkVZeGRqQWc?hl=en-US&gl=US&ceid=US%3Aen,ukranews.com,9 hours ago,🛡️ Counter-Drone,https://news.google.com/api/attachments/CC8iL0NnNHlUSFpZWTJsT01tNUpjWGhPVFJDZUF4amxCU2dLTWdrQkVJdzRqS3RVa1FF=-w200-h112-p-df-rw,2025-10-21T02:01:38.504937
Building NATO’s drone wall: An extensible shield for allies and others,https://news.google.com/read/CBMipwFBVV95cUxPNVBrU2VyQ2c5NzVOUGpVVDZCRmJZand0QUhReWIzb2ZYd3NSUlYxZXZ5WTVjb3hpSVZPOWp6cWxlTnVubDUyamhKRTNwUVVQQmQtWkRvTlpRUkVTb0pMakd4YUVzQkpKWXhTYU42bE43YVhpR2YxUnh1Z0wwNjhwcWphQWxCTDZFemI0ZzkxR2FHMWlqOUNsblNQbnMyM0ZDWVE2cHRkaw?hl=en-US&gl=US&ceid=US%3Aen,SC Media,13 hours ago,🛡️ Drone Defense,https://news.google.com/api/attachments/CC8iK0NnNXNWWFJmUlhkbE9UbEJTVmsxVFJDWEF4anhCU2dLTWdZQklvUXlsUW8=-w200-h112-p-df-rw,2025-10-21T02:01:38.504939
UK Expands Drone Defense Powers and Considers Troop Deployment to Ukraine,https://news.google.com/read/CBMipAFBVV95cUxPOVZvLXBweXNMOUw0WUs0VFluRjk2ZVRJekd2LTdVNG42aFcyczVtanVKQmk5NVp5SFpmNVJvMUh4NWY1bjhwQl9jT0IxSWpzN19qcmVvdkFXY2ppMmF2LXNHZWRWd2dDWGE1eFZTVFFkaGFaWVFIek1TMzZVb29PY2NsSHhhS1I4ZVpsaXZmLUI4Vkw3VlNsR3lxdHdZdlI3UldTRg?hl=en-US&gl=US&ceid=US%3Aen,Букви,4 hours ago,🛡️ Drone Defense,https://news.google.com/api/attachments/CC8iK0NnNXdkVmRSU1VGdllYZFNiamg0VFJDZkF4ampCU2dLTWdZdGc0aVBOUVk=-w200-h112-p-df-rw,2025-10-21T02:01:38.504942
"Geopolitics Weekly (EU Drone Wall, Argentine Midterms)",https://news.google.com/read/CBMikgFBVV95cUxPQjJNVnhoZkwwdVViMUVVS19XV3hKdUlFczVxYlZoWUg1emVLemh3dFQ3OWFxYWI2ZzhwSDZ5cTJoNTNFTVd3X21ETjlCZkoybmd2cWhweEUwNzNyczROeGpKenRUVzFFcm1hM1VhN1ZJNkpFYUpVQWZjdUlBbGIwdWxSaFRkdFc0dE5yd05aN0l0UQ?hl=en-US&gl=US&ceid=US%3Aen,Geopolitical Monitor,12 hours ago,🛡️ Drone Defense,https://news.google.com/api/attachments/CC8iL0NnNVBYMWhJVFhscGNXaFJWbEZoVFJDQUF4aWZCaWdLTWdtTmdaTHJzT2FwREFJ=-w200-h112-p-df-rw,2025-10-21T02:01:38.504943
"Ukrainian Intelligence Destroys Russia’s Cutting-Edge Valday Radar in Crimea Strike, Video",https://news.google.com/read/CBMizAFBVV95cUxPQWxsYi1mQTdiWG1CeGZQd3MtV1pBeDNtMWluYVhXYXdaeUpaZnhiNlpEaEdMU3U2b3hMQTBnQmM0Q1JtQ3hJcnl5dlFwQlRVNTNULVFXb28xNmRZV1R6STU4T1dac2w0U19DZ1NiR0dDbmlUN1hiejdqUklVOFZvZlE0cWVkOFVrYWtkLXAydVN4aFI2YV9Rd3A0U055djRIN3JkaWJKdEFPcmhsM1c5UkJuTlJuVnJ1LXp1VmpGZEdtNks4ang2RVVjalE?hl=en-US&gl=US&ceid=US%3Aen,UNITED24 Media,12 hours ago,🛡️ Counter-UAV,https://news.google.com/api/attachments/CC8iL0NnNUZkRWxtVjJ0Rk5ITnVhbDk1VFJEREF4aW9CU2dLTWdrWllJNnJ1YVl0Q1FJ=-w200-h112-p-df-rw,2025-10-21T02:01:38.504945
Export Powerhouse: 5 Drone Stocks Driving India's UAV Growth,https://news.google.com/read/CBMixwFBVV95cUxPSjBwd2hPM25iZ2wtQjJpaDJSVFJ2Zlp5TlFlbXVLUFZReFBNQlFLeFlUS3M1NENKcmh2dlRLVnlPd1k3dlpYT2VzVS1JRkt3UUdsOEJYY09ZV2ZXWEgzTlFEWGRsYUpCWW1FYmJjWUItWWV6eU1GTEdIaGdqSXB6VWV2YWZWNjV0Qm1ZU0tINEc5OUVua1BQay13UmJHX3Zxcm1abUdSRWhLVEJvNGV1VDBuUExObTZHalBnR09ocjJkVFRib2Nr?hl=en-US&gl=US&ceid=US%3Aen,Equitymaster,23 hours ago,🛡️ Counter-UAV,https://news.google.com/api/attachments/CC8iK0NnNWtUM05JU0UxV00wUkhWemMxVFJEYkFSamVBaWdLTWdhSllwQ05xUVk=-w200-h112-p-df-rw,2025-10-21T02:01:38.504947
Anduril delivers C-UAS kits to USNORTHCOM,https://news.google.com/read/CBMirgFBVV95cUxNNUFHM1dwc2NEbmlJeXRZVVVDVnRqVzRsbW9taFkycEltcUcxNUp4UmdENWJjYWtRSGJoNUd4QlFnZkRONkMzSWxZaGotNS1xclg2SkZ6U1lBRGloVHFzT3hFX1pNMGxxTUM4cDNDWmJyLWtzOHJ1a1hFSTZwVktpbFBMYXA1VmJDRDF3d01vQlY0U2JIcUpGLTktbEFtOXluejYzWG1TQWhzSXdTc0E?hl=en-US&gl=US&ceid=US%3Aen,Unmanned airspace,15 hours ago,🛡️ Counter-UAV,https://news.google.com/api/attachments/CC8iK0NnNVVYMU0xVGxZMWJGWlpVRGhLVFJER0F4aWpCU2dLTWdZSm9JNXF1Z2M=-w200-h112-p-df-rw,2025-10-21T02:01:38.504949
UK to grant troops power to shoot down drones over military bases,https://news.google.com/read/CBMipwFBVV95cUxPbFcwYjQtbTJqVjVjVUpwLUY4N05lTEJKRFVmMTBZX3g5WnhXbk9JcWlwQWU0bzFPZmpwQ1dmckRuT0d4ckI3M05SajJJdG1VLVRjejV2Yk8yVlhUQTRZNW1CaWZnZ19oWmR6THFfSFQzZXZpOU12Q1dLUFFTWnhmTXFwRVJxVHY4Y1Z0Xy1SSi1xd3QtWldiR2lVVExuYmVSMXBBUEhPNA?hl=en-US&gl=US&ceid=US%3Aen,İlke Haber Ajansı,13 hours ago,🛡️ Counter-UAV,https://news.google.com/api/attachments/CC8iK0NnNW9WalJRVURkblltMXlMWEI0VFJDM0FSaVRBaWdCTWdZTkE0NklEUWc=-w200-h112-p-df-rw,2025-10-21T02:01:38.504951
"Destroys a target at a speed of over 300 kilometers per hour: a Ukrainian company has developed a drone to counter ""shaheeds""",https://news.google.com/read/CBMi2AFBVV95cUxOSU9taklqRWxxZXAweVpvVzJ1WS1RdS14RUgtcFc3bFVBTUN5cGM4ZFpRMzBnX2RxVUM4elFwRWxzVkphWk93cGg0QjRsMkRJbUhTOHQ5M1E0V19qZVhheDctRkhLenl4U2lYM3lEbDItcXlhNU54VmQ3YmlhR1JENTVocGhPb19MV2JMV1VoTlVCV2szSnlzc3JfcXB2ZmFReTZxR1luQVhvN3hoazg1T0h3SkoyTWJ3OVc1OGIyNHBYMnF3TEMxV3Rxa09ENUR2bHlkS3k3aG0?hl=en-US&gl=US&ceid=US%3Aen,Прямий,13 hours ago,🛡️ Counter-UAV,https://news.google.com/api/attachments/CC8iK0NnNUNjRXhhZVZoNlgyNVdkMTh0VFJDZkF4ampCU2dLTWdZTmNZVHJLUWc=-w200-h112-p-df-rw,2025-10-21T02:01:38.504952
UK military will be able to shoot down mystery drones soon,https://news.google.com/read/CBMikgFBVV95cUxPYmpCN2hGb1lVLWFCbXNLbFllVHU1ck9vd3RockJCY2tWbW03bGtsUXZESGlWb1FaQ1lRQTRsemFrYWpBSXVCenFSLVVhM1M5dVpSUnEyWHczamVSVWxXWW11ZjI1OTFRdFdzRkNsZlQ2dFVCdFFjeFVSekJjc0FKLTZVMDVVMVZ0Yzh6ZWxMbXRFZ9IBlwFBVV95cUxQWmVfTmF5QzU5dzNWXzJnaEFlcXpnQjYwSjgycGItQWtieEV0d2FpaEFqVjRhRWVWMmg4dEVTVWYyTm0zYnJrbDZRc28zM0dmVUNWeDZDYl9OZlpacm1TVEs2eTF4OGQ5dWU0SHFEclJTQ2JPR2dnenViTHZab1Y2S0R2cU5tY2ZiOERFX2EweUdmYXo2WlJB?hl=en-US&gl=US&ceid=US%3Aen,Metro.co.uk,20 hours ago,🛡️ Counter-UAV,https://news.google.com/api/attachments/CC8iK0NnNTJUREJHWVVGYWREZHFaRkZxVFJEZEF4aURCU2dLTWdhZFJZWUtJZ2c=-w200-h112-p-df-rw,2025-10-21T02:01:38.504954
Wrap Technologies Introduces Non-Lethal Drone-as-First-Responder System,https://news.google.com/read/CBMiqAFBVV95cUxNbnVReWpabmZSOWZFQVlTTm01dDRWc1ZNUzZibW1rbndaMURRZkNuMjlrSExGel9rR2puaTdZaERoMHN0MnRseFoyRDhtMXV1c1JYQXdCN2tFOGxhdnlkMG5tdUVTV3ZNaTBCeUJ1bEp4NHdwR3hDVFBPdXFKd1JBZnJQM3RGeGljMk5DM0F5QjFIbXVrTzhBV3hqNFdxTEhyTGV2NWdjUEc?hl=en-US&gl=US&ceid=US%3Aen,Commercial UAV News,12 hours ago,📦 Commercial Drones,https://news.google.com/api/attachments/CC8iI0NnNUdjVXRFYUhBeVdWbHVPWEozVFJDZkFSaS1BaWdCTWdB=-w200-h112-p-df-rw,2025-10-21T02:01:38.504956
Will Primis Financial Corp. (7H80) stock outperform benchmarks - 2025 Fundamental Recap & Weekly Sector Rotation Insights,https://news.google.com/read/CBMikwFBVV95cUxORWNoaHN1Zm1tWlB6Nko4djR2T3JWa21VbmpZS2U1SElQMENJSWd5anJ4b2ppakV5ZlRfQUdnRS1aSkJMaDlFVUZHMVhJR3NyQjJ2UERGeGtSbW9Ub3Eyb3lDaTgxNnZGRmtZd19qdEZQM05nWkVlT0hCOVdKVHJjQ3ljNE92MnJ1eWhGNWdTNHAzVUU?hl=en-US&gl=US&ceid=US%3Aen,nchmf.gov.vn,3 hours ago,📦 Commercial Drones,"https://encrypted-tbn0.gstatic.com/faviconV2?url=https://nchmf.gov.vn&client=NEWS_360&size=96&type=FAVICON&fallback_opts=TYPE,SIZE,URL",2025-10-21T02:01:38.504958
Trimble Applanix: Delivering on the ‘Last Meter’,https://news.google.com/read/CBMie0FVX3lxTE56cXRZOWFzMEdfZzRtOXZWZG13MlZ0LWdRbXNCNEw2V21GTEhhTnhlTWt5RE10dG5TbVFZd3habUp3YTBQX0ROcVQ3T0hjUDhDTE84YWhVNVRNekpiOF9sWkcyTkVsa2FSWlRDOXNZcEU3d1JSWXZQRlV3dw?hl=en-US&gl=US&ceid=US%3Aen,GPS World,6 hours ago,📦 Commercial Drones,https://news.google.com/api/attachments/CC8iJ0NnNWFNRzVmUzBGNFZGWlhXRUZXVFJDSEFoaVBDU2dLTWdNQmNSUQ=-w200-h112-p-df-rw,2025-10-21T02:01:38.504960
"Drone Photography Market Hits New High | DJI, Parrot, GoPro, Yuneec",https://news.google.com/read/CBMilgFBVV95cUxQdTVjWGF2SFZPaGVIVmxHazJucTMxWEJnT1doU0dIVUFIeDJWSERVRUo4RHdDdkFLUWR0eDZKOS1PT1dsYWUwX3BkcEVOZlYyejVvejkzY1RlbXFidkNYWkRNODFiMHI2SG5CWWtrOXpCS2NtbzEwM2VKYWRTZy1Tb0tHSDdtVGpieW1XZ1l1d1JHckZ3dmc?hl=en-US&gl=US&ceid=US%3Aen,openPR.com,5 hours ago,📦 Commercial Drones,https://news.google.com/api/attachments/CC8iJ0NnNU1TVkpZUkRGbFNtRmxiRVUyVFJDZEJCaTNCQ2dLTWdNQkVnWQ=-w200-h112-p-df-rw,2025-10-21T02:01:38.504962
"shownews - Ukraine’s lessons for Europe: people, not just drones",https://news.google.com/read/CBMimAFBVV95cUxORXNyV3ZaMkU2VkIxNUNvaV9oLUNUcmt1UlJwT3N3dE53bm1NemVEUXozSzJtVEZmYTVlQ0ZoWUNHSUJ1d0ppU2p4UkRjMGFVVF93bWdRU0ZoOG1KS0k2QnZOZW1hQVYxNUNKSUFleDEtbVRnRnpINUI1T3c5U1lTMVhqdDZuMG85Zkd2OVdmSmQ4dmdyM2s1WQ?hl=en-US&gl=US&ceid=US%3Aen,FW-MAG Future Warfare Magazine,18 hours ago,📦 Commercial Drones,https://news.google.com/api/attachments/CC8iK0NnNDBVekZyT0hRNWFreHpNVEZqVFJERUF4aW5CU2dLTWdZeEZhQ3ZsUW8=-w200-h112-p-df-rw,2025-10-21T02:01:38.504964
"Amazon buys warehouse in San Antonio’s East Side, plans $61M renovation",https://news.google.com/read/CBMimwFBVV95cUxORTFKc0YteUljRDFiSXduNlQybEQ0MkVhVjR0eGpUUXY1LUJDY2tmR3pOQlVpUDEtTjg2NkR0ajNZMVJ6ZXNJYWp2eDJ5OGtSdmVZNkxEWFNUellpcU4wV0pGbXFNWW5EQ0tuZVFycHZmV1ctdDZNWHVuUy04NFo1VXNvemo0S18tQkFPUzBvX0ZIdzBwdlkyNnFJMA?hl=en-US&gl=US&ceid=US%3Aen,San Antonio Express-News,8 hours ago,📦 Drone Delivery,https://news.google.com/api/attachments/CC8iK0NnNW1iMmRwUzFwV1VVbHphbkZQVFJERUF4aW1CU2dLTWdhQmdZNnR0UVk=-w200-h112-p-df-rw,2025-10-21T02:01:38.504966
When the Cloud Falters: What the AWS Outage Reveals About Drone Industry Dependencies,https://news.google.com/read/CBMia0FVX3lxTE02dkkxU0FtZFNlVW1MMnFwcm5BUWlhcEp4SEMtZExGTFVoc0Z3bl8tYU5SYXVndGRMTV9KVDNXOGpfcF9YN3hOYjl3T19uV3lGM0dNcGdHUnB3NWRQS1liSmpuQ3RXTnlLME800gFwQVVfeXFMTzlhbk52SGJQSGwwbWxtNWpiRWJrMHVQQ2s2dWZBY1BOUkpuMEdQemtITDNkVE5Nd1o5QURsRE1pa3lxRVF1ZEZUYWZzN3VuakM4YW8wVDVzeE12bW1EbVZqMktUbzdTOHJ2WTBRcW5TUg?hl=en-US&gl=US&ceid=US%3Aen,Dronelife,10 hours ago,📦 Drone Delivery,https://news.google.com/api/attachments/CC8iK0NnNWxTak5WVVVGQlgyRjVXRWQ0VFJDcUJCaXFCQ2dLTWdZVmNJQ01UUUU=-w200-h112-p-df-rw,2025-10-21T02:01:38.504968
Volatus and ARCO team up to deliver drone training in Nigeria,https://news.google.com/read/CBMirwFBVV95cUxPN05ZSXQtLWFBUnJ0VjRTOHFvVVFmdmJYSkxYSjZsMS11cXQ3Y2l0V0NSZDFfNW1LNXdlX1RHUzY3UlVxaHNsOEcyX1M2bm43a0ZQWVF5UmtFVFloRDlLLUtiUnctQUVtWks4bnNUQnZkbWVjSUhzRm9FbWJRS0RaNEhEaEpoMmY4Qjk4TEJuM001aHJuaVdjWXpHVDdxZVFXMzNkZFRWa2JtcGdBanpj?hl=en-US&gl=US&ceid=US%3Aen,Unmanned airspace,15 hours ago,📦 Drone Delivery,https://news.google.com/api/attachments/CC8iK0NnNVBjWGxITFVWWmQwRkNjamRtVFJDdEF4akxCU2dLTWdZeHNJYnp2QVE=-w200-h112-p-df-rw,2025-10-21T02:01:38.504970
Plans for Amazon's first UK drone trials in Darlington take step forward,https://news.google.com/read/CBMisAFBVV95cUxNV0JUd0lKb3NQNl9BUGV2elp2aEV5bU8yd3BRMTVDSEF3eUJwTElnbXJuT0dGZHZfMjNMdlI2U2tnR1lmajRrZ01udVhKMDdWRnJIel9tell6dFZZTWVyYkc4X3hRUFZDcFQ2dS1penRtbTRrdkg0NjRXdXNkUUFyTWp1U2lpVUtkQkUzTjlyNmVXUDcyd0JzTlQxNEpSV3hpT082Zm5XeE1nQ1ZLSzJDMQ?hl=en-US&gl=US&ceid=US%3Aen,The Northern Echo,4 hours ago,📦 Drone Delivery,https://news.google.com/api/attachments/CC8iL0NnNXBORTVmYVVNMlYxQjFabXhsVFJDUkF4ajhCU2dLTWdrZEZZeXVGV2w3endF=-w200-h112-p-df-rw,2025-10-21T02:01:38.504971
SOCOM Wants a Drone-Launched Fire-and-Forget Missile,https://news.google.com/read/CBMirgFBVV95cUxPWnFFc2FsVVFUcTBKRzVjQkNIZXYzTVlfTHhHeWhkSjlQSjRIREpSVVlHS1BiXzNvN2E5d09DWEJPZVlxUEZ5SVdfV1J6OEJxNlJ4QW8xWkQwMThBSC1fakRzQjFFRDN2ZTU3TmZreDd3UFYtaExuMk44VE91Z043UGs3dTgtc1dZNnVxUnlKQ2xuLThlYXFmSlpiZHJHTUhuWXo0Rk1sQ3pqYnpFTEE?hl=en-US&gl=US&ceid=US%3Aen,RealClearDefense,15 hours ago,📦 Drone Delivery,https://news.google.com/api/attachments/CC8iK0NnNDNha2hHVkZRMlNuYzRhbGhRVFJEVkFSakFBaWdLTWdZTk1JVHBwQU0=-w200-h112-p-df-rw,2025-10-21T02:01:38.504974
Freespace Operations unveils breakthrough in heavy-lift drone logistics,https://news.google.com/read/CBMiswFBVV95cUxPMXQ5VGZ0Ukw0cDA3eUNWMi1ZdWVMY1h1RjhqWGJEdWluVzdUZWV5ZHFad2V4ZkJvMHM2UnJhakNXbHZxLU9xUHk1OUVnb0JxNVpPY2dXWXNPdzAtYmJDVlRfWm1ONkdteFZpMDlwTF80bTVrZ3Y1MEF2YXNlcXhkNUpuakdYd1BBY3N4THAtQnB4VE5WZGhUaXRicGJ1YVhrTVJYeDR5eEdHVVQ4NU5NOUYzZw?hl=en-US&gl=US&ceid=US%3Aen,mhdsupplychain.com.au,3 hours ago,📦 Drone Delivery,https://news.google.com/api/attachments/CC8iJ0NnNVZTbVUyUmpoeFJtdHVMWHBsVFJESUF4aWhCU2dLTWdOOUFEdw=-w200-h112-p-df-rw,2025-10-21T02:01:38.504976
Drone deliveries and driverless cars: New study shows how Gen Z will redefine Britain’s high streets by 2050,https://news.google.com/read/CBMi5gFBVV95cUxQSWNjdUtlUXpVYnhfczY3ZWRab0tMd2ZRYzZfbnFUZl93NlJGMVRxcmlyZ2l2dk9lNFZONVk3QnVXX1BpWHpBZ2wxN1FNZDBUa3l0MlhUbDNkZndfMHVqbWxfLXNFdzRIdUhiYktaTDcxa1RFLXdYcVQ0dXNZeDZrWFo2eW1TMjBSTjF0WHR2V2FDb1BCUlBBZjhySFhtb01RRE8wS3NfWEpESmRTdGJZczBCUU9QQUN5NFJiRHkxeTRGZmFzSmJQa2NxMk1ubm01TC1TOWxmeUtqeEFXbjY0Z0Z5NmFiUQ?hl=en-US&gl=US&ceid=US%3Aen,Grocery Gazette,17 hours ago,📦 Drone Delivery,https://news.google.com/api/attachments/CC8iL0NnNUlTREpHYTFoQmJGTk5iV2RCVFJERUF4aW1CU2dLTWdtUk1ZclBvQ2FMclFF=-w200-h112-p-df-rw,2025-10-21T02:01:38.504978
XAG Honored by FAO for Global Best Practices in Sustainable Agriculture,https://news.google.com/read/CBMiRkFVX3lxTE44QU1SNjFXc2lPVkw0TXBraEV1bk9DRmVYRlJ1SHJTcmNDVlNvSng5VFNjVzBPNG1JT1BwNjlVVDA1RVB6LUE?hl=en-US&gl=US&ceid=US%3Aen,iGrow News,4 hours ago,🚜 Agricultural Drones,https://news.google.com/api/attachments/CC8iK0NnNUxaRUo1ZEZwYVNGTkZNa1ZpVFJERUF4aW1CU2dLTWdZZFJKeXNJUWs=-w200-h112-p-df-rw,2025-10-21T02:01:38.504980
SoLa Drones' Bruce Bosworth says Lafayette could be a major hub for the drone industry.,https://news.google.com/read/CBMi2gFBVV95cUxPSFpMN3ViWGVsbmZ4VmVFMDJ2cTVRNVppSnEzMlZkXzRxazJZd0tiZDVMaG1yRmlURGd4UVRFWHBaV1JKeUhISEtINExSZ2FjV1Q5Rm5pM29qVFRvYWxBdEdKVE5ORDJsWVM4d3ZYekNnZDRWR20xWDk5QUJhWXl2WHBUMFllUnNoTmEyLUY0b05KN3NkaTNvTGJpdVlIbkQ3bDFzVTdZQ0lyZWVfcHhyUjZ3MmZmcnhXUU5BUkNlb2dNdmtEWVk3eVE1Vk15cU10RkR0RmxMYlZxZ9IB2gFBVV95cUxPSFpMN3ViWGVsbmZ4VmVFMDJ2cTVRNVppSnEzMlZkXzRxazJZd0tiZDVMaG1yRmlURGd4UVRFWHBaV1JKeUhISEtINExSZ2FjV1Q5Rm5pM29qVFRvYWxBdEdKVE5ORDJsWVM4d3ZYekNnZDRWR20xWDk5QUJhWXl2WHBUMFllUnNoTmEyLUY0b05KN3NkaTNvTGJpdVlIbkQ3bDFzVTdZQ0lyZWVfcHhyUjZ3MmZmcnhXUU5BUkNlb2dNdmtEWVk3eVE1Vk15cU10RkR0RmxMYlZxZw?hl=en-US&gl=US&ceid=US%3Aen,NOLA.com,16 hours ago,🚜 Agricultural Drones,https://news.google.com/api/attachments/CC8iK0NnNXpTSGhLUzA1UldtRTVNVWhyVFJDcUJCaXFCQ2dLTWdhQkZKcXZGUXM=-w200-h112-p-df-rw,2025-10-21T02:01:38.504981
Crazy Agricultural Machinery Enthusiast Heads for IPO,https://news.google.com/read/CBMiU0FVX3lxTE9ZS1pxaTRpaDdTb3hHX19saTI4QXczeFlTNTEwTVRlbzRzclBNM3U2dWNqZWlhbmlDMThJaWMwT2xEX2xUNXdqaF9rQUFheFRuZ1BN?hl=en-US&gl=US&ceid=US%3Aen,36Kr,26 minutes ago,🚜 Agricultural Drones,https://news.google.com/api/attachments/CC8iK0NnNTFlRlpMTWxwTExYSnlVRTEzVFJDUUF4allCQ2dLTWdZSlFJTGxtZ28=-w200-h112-p-df-rw,2025-10-21T02:01:38.504983
See Ohio State University like you haven't before with our drone photos,https://news.google.com/read/CBMi4wFBVV95cUxPLU9lWVQ3QjlIZldqN3V5NlRRcmF4Sk5veU56RVRGV2NOY1FENHY3VDNjbm9HcHJUeWF4YmIxcXk2TlZrYnlqeGNza2hHT0pISTlTd2VwQ2VwRFFpQXpHY1lMMW9xclpXcUtTN0FiUmlkSXZ6ZzlGa25kUTdIQU1aNXViUkE3VmVORFR0YzFVanpfTHpDOG9jTTVmWElzTzNreWx0UE5GUlZDd0ZITzJuUzZTV1JYMFVDV0o1S3Q0NW9sbWRoeVFmR0JVcTl6MXh5WGZ0c0trbVlLcEN0VTlVZ25Rcw?hl=en-US&gl=US&ceid=US%3Aen,The Columbus Dispatch,10 hours ago,🚜 Agricultural Drones,https://news.google.com/api/attachments/CC8iK0NnNTFWVk5XTmpsaWFqUkJZMkpUVFJDS0F4aThCU2dLTWdZQkJvcG5HZ2M=-w200-h112-p-df-rw,2025-10-21T02:01:38.504985
Gosnell third graders take trip to the farm,https://news.google.com/read/CBMilgFBVV95cUxNdHNsVzZWWmYzZVFJaGFmd3VsYkdQenVTQWVpbDA4bWJqaEQ3blJCS2FLMEJoTG1vbjVjeDY5dm14akhrNDRIdXdVX2d6MV9QS2QxZHJndFAyS2xkZHNlZkdlbmRmSEx5X1MtazNTS1hoa2Y0RzNTSFBTc05iNUktZkVqTUdIdFI1RU1MdFlmZXRiNDVPdHc?hl=en-US&gl=US&ceid=US%3Aen,NEA Town Courier,7 hours ago,🚜 Agricultural Drones,https://news.google.com/api/attachments/CC8iK0NnNDBObkpXVVVjeGVtbEpXRk5JVFJDY0FSakNBaWdCTWdZQllKWjJMQWs=-w200-h112-p-df-rw,2025-10-21T02:01:38.504987
Russian Drone Attacks Damage Oil and Agricultural Facilities in Pryluky | Ukraine news - #Mezha,https://news.google.com/read/CBMipwFBVV95cUxPZWVEMnNjd0dVSWZYTjkyV0VKNHNnajJpdDNlWU40U0p1bEJiV2J4dUVEdHR2ZjAxS2FDVlR5LTRJZm1DR1hCNDFPS1N0Wk5GNld0M2pMaDJhZGhFM0FwSFItaE5IWHRtNGQ3aVN5YS1GbFVYaWVFeTAzamxPVnhXNVJ0d21UR3Zmc2pJd2pINGt2WFZjS1l3Njc5M0tZQ01HQm0tOWVkZw?hl=en-US&gl=US&ceid=US%3Aen,Букви,18 hours ago,🚜 Agricultural Drones,https://news.google.com/api/attachments/CC8iK0NnNVpZemR5TFZKeFJubDNhR0YxVFJDUUF4al9CU2dLTWdZTmc1VG9NUWc=-w200-h112-p-df-rw,2025-10-21T02:01:38.504989
Drone technology set to revolutionise Tanzania’s agricultural sector,https://news.google.com/read/CBMilwFBVV95cUxQMGhIZW43R19pV3Q3RzhKb0owMm1aWDNzeV9ldmVqOThaSmJwRk1TVm5ZU1RlRjNVakR5UG83YlZMSGdQMFZrSXpNU3FMbWd2a2xOQUxGdzBLNjF2RGtwNVFQR2JER3JNdnpWOUwxRDUzNF9hMmUwZEZFdUQ3TDJZR2MwWnJQV2Q4VVAtM0RSRHpKbG9PNHFZ?hl=en-US&gl=US&ceid=US%3Aen,dailynews.co.tz,17 hours ago,🚜 Agricultural Drones,https://news.google.com/api/attachments/CC8iK0NnNXNWbWxMU1ZVeWJIUTFZbXRUVFJDcEF4alJCU2dLTWdZQnNJaTFQQVU=-w200-h112-p-df-rw,2025-10-21T02:01:38.504991
WA’s largest single day agricultural show just days away as excitement builds,https://news.google.com/read/CBMi0AFBVV95cUxPeGJXNHBHTzNpeWtlMzVzejRPSndVZjJmaXc5TmxnQmdRSVJicVZHTXBKbHdkb1pza00wQWU0LXdlNXU3YTdhbEdvNzhoYnpYY3BpNm5JZnpuNm1Zbkw2S0o4cTlfZXVsR0pCMlBKSnNSVFhER2Zva3AxSGg0a1RMWlhBaXk3MF9ta1QxdmFIZHh0WEdsRk5vNlcxYUQ1bzlpRy0waUpZaXQ4cGdJMkdJMkJkdzJVdjF5QnE2V2hUeDRrRWNGS3hrRkF3VW43ODND0gHWAUFVX3lxTE9ZWnRDSnNWV0pZbXJuVjZVRDU1WHYydGViOG9WNFNOclQtOW9kWUpEX29qUmVEdFBaWVpkX2NvYWxFa3h5Skh5M2x4emN2bGJyWGpkX2hlN2paRzZBYk1NSWx5VURFUkp3VE1XTHRoMDBjUmtvbVBab2hZU1pMN2RYaWltTUlpU2JuZWxZUERBcUpJUEkydVpUN0h5XzU3dkstSUVOLXI1MF9tN0t5LXJ1bUNDWkR1ZElTWmZhcWNYTkdnZklLaTlKbF9wclhJSlB6Vk43V0E?hl=en-US&gl=US&ceid=US%3Aen,Harvey Waroona Reporter,7 hours ago,🚜 Agricultural Drones,https://news.google.com/api/attachments/CC8iI0NnNXpkbXhZZHprM1IxUnZWakJsVFJERUF4aW1CU2dLTWdB=-w200-h112-p-df-rw,2025-10-21T02:01:38.504993
Drone Attack: Two injure from terrorist attack in Kalay,https://news.google.com/read/CBMihAFBVV95cUxQcTBLdHhLYjEzT2oxUy16S09FOXBiczZsNXdZOUZwMTFDNWVyY1BZYTlOV0NXX1RsNXo0Z2pPM1EwcGFsNmJjOENkcjZybmpyRzJDX0htT2gwUU9jZGNpSW5yT3EwZ0NldkVmdUx0N1JZSy0zNTlxb0dLU01BaVg1U213cVM?hl=en-US&gl=US&ceid=US%3Aen,Myanmar International TV,20 hours ago,🚜 Agricultural Drones,https://news.google.com/api/attachments/CC8iL0NnNXlZMkZ0UlU5Q1IxVmtRemRSVFJDZkFSaS1BaWdCTWdtQlVZSzNtQ3BzOUFB=-w200-h112-p-df-rw,2025-10-21T02:01:38.504995
South Africa proposes mandatory registration and drone corridors,https://news.google.com/read/CBMiswFBVV95cUxNUW9yaE93Z2NNd1h2dDRNTzI1UTQ5bk10UmhNUjdMd3BVWnFZZ0pnZVVEQW5EX3lWSkt1MTdmVTJDOFBjVDBzdDFJSlJJM0Fwdnlpamp1Y1R5R19KSGJmQktZaU5YR2xkWDdYUm1uUkFmQXd1RXNUNWVERUFmS2xhWUxqdXlyXzFJT1I4R1hoa0I1UzZDVnFnNVpESnRCWF9fdEMyOE00bm5vUHVsM1hzMlA5QQ?hl=en-US&gl=US&ceid=US%3Aen,Unmanned airspace,17 hours ago,📋 Drone Regulation,https://news.google.com/api/attachments/CC8iJ0NnNHRNREF0Tmt4NldVSnVSaTFFVFJDdEF4akxCU2dLTWdOWnNBbw=-w200-h112-p-df-rw,2025-10-21T02:01:38.504997
"How we confirmed Assad-era mass grave conspiracy: Witnesses, science",https://news.google.com/read/CBMilgFBVV95cUxORDZyNUgxdS1iYk9vdlFTbVJzVXRfekl3YUktWXN4ZVhTMENkVFlsc083NTc2LTJVSXkwWVpGTVBsaWdlQTFpN3RUdzBWOHhlSmMwQ2FURndwTng2Z2tMWThKY2ptQ2FhQ2ppdjEzN1M1SlFlNVAyTzVtMV9QQXctY2I3NWV0RmpsT0l3WXNRU01xSkp2bmc?hl=en-US&gl=US&ceid=US%3Aen,Reuters,17 hours ago,📋 Drone Regulation,https://news.google.com/api/attachments/CC8iL0NnNHdUVVp6YldsTVVXZG9jMlJyVFJDUUF4ai1CU2dLTWdtUkFvUnNqYVZNdGdB=-w200-h112-p-df-rw,2025-10-21T02:01:38.504999
Unidentified Drones Disrupted Airport Operations in Spain,https://news.google.com/read/CBMimgJBVV95cUxORXJwNHdvZmM5YnB5dWFRM2lNb3YyUGREYjVTLWUtQVgzLVdLMmhFV1oxVUEzQ1VxdFJsV004bUt5NmNmcVNWMGpuVzROX1JUcDhDTC03dFBQRFRJNEVXVGVFMkVwMW9Gd1kzTUZCVlhfbS1rM3pKWEhUUmI5V3VGNmFZMTNVNmNXeEh4ZDhuc25rSGVfazE3b2pLNVVTelF6Q3g4OVZIOGFidG92NG50ekV1NFd5VURhbzB2SlJTTFRfUGFnYjJUandzb1NXemo4RXJrZkdleXBadzYycnBZWURoSXB1NWZvQ2JwSE9fV2FxOXA4RWJGOGlqWlBkeWFhVmlOaVJabHRVWFdLa1ZJWE01OG0zRDJ0M0E?hl=en-US&gl=US&ceid=US%3Aen,Мілітарний,11 hours ago,📋 Drone Regulation,https://news.google.com/api/attachments/CC8iL0NnNXVXRFZCU1c5elNXTkVORzVoVFJDZkF4ampCU2dLTWdtQlFvaUdwdVpNYVFJ=-w200-h112-p-df-rw,2025-10-21T02:01:38.505001
Russia says overnight Ukrainian drone attack targets gas facility in Orenburg region,https://news.google.com/read/CBMiygFBVV95cUxPeXBOWHZVTlQ1RUxKYUV0RDBteDlXNkktWXdsU3RycXJtQ0Vyal9mdXI4UjMzMUZ2bjNFWE1jQ190a29oNldnVnlUQjVJX0FoWFotTGhldjJIclV0SHB6d0sxODdUVXV1S3YxUGVVMTJTX1pmLXR6YzFMcGdVNWx5MDdYcUVVSU81c1FtdTFoZzYyUWdwM0NlcFItS3VycmtJUWNmbFY4dkZUM2xmVFdaZFZmbTl6bnkyS2pzdHNvdVg2cHhNOWR4bnZ30gHSAUFVX3lxTE1iUXJFV19Jc2pLeXFmRldoLWNDM3FYNWhiWEVaeHRrZHVVdGZsZlFrX3p2cWk3Q21iUk8zTXBOVnY0X280SVBlRVlGNklncHdPYzd2d3RjU1dFaDI0MTJnODdfVHoxeTBtWExXU3VNZWtNV1Nka2U5NWduVVU3OFdtbjUwQ080UGVFaWdYZGhaSTJ2bFdvQ29uVDFqLTUzT0RRTEszMFpEbjJZWG1ORk1kb1lUbHZGUTJxaXJpYlVxcEMyZ3RTMEpYdFoxeVpWYm1tdw?hl=en-US&gl=US&ceid=US%3Aen,Anadolu Ajansı,18 hours ago,📋 Drone Regulation,https://news.google.com/api/attachments/CC8iK0NnNWFhMFJQZUdkQlMxbEJVRXBxVFJDZkF4ampCU2dLTWdhWnA1Skt1Z1k=-w200-h112-p-df-rw,2025-10-21T02:01:38.505002
FAA Allows Boeing to Increase 737 Max Production Nearly Two Years After Door Plug Flew Off Plane,https://news.google.com/read/CBMi_wFBVV95cUxPZ0liekNoV2hYdUdVdUtxWjJPYWxvdkc2MnFGQnRfNzFfV2I2LW1IbmpWTV9vM2daZF9wUkRCV29MbHc2ZVJ4OTVSc2xFWFYzZHhYU3dfOG5jQlhtTG9RaXVuYjdxOU5lQUlzWjJhVUJ5UWFKQVg0dmlHYWlmZWY3ZUZnVEJiOC1qQ3plQ25LdFhQZDNZS2thR0RiWnBXY0otZldFYmZ3M3hUeklMU01EamJYWUpzVW9iN1J5RXZIV1Z6Q2puS0NSdzhJbk1ObThvWFkwZFQ0ZlQ1M0tqNk9BTHN1UGNCNnRibXNlNmVPRUpJOFpRT2FBV2NmdTRVQ3M?hl=en-US&gl=US&ceid=US%3Aen,Design and Development Today,11 hours ago,📋 FAA Drone,https://news.google.com/api/attachments/CC8iI0NnNHpRMUpvTURjME1HRkVaSEU1VFJDb0FSaXNBaWdCTWdB=-w200-h112-p-df-rw,2025-10-21T02:01:38.505005
Coldwell Banker names Chicago agent-development exec Tracey Royal to national role,https://news.google.com/read/CBMiekFVX3lxTFBpQXc5VDIzN3hoMnFvUEJDaGxqRW5sSEZVbDJreU5lMWdZU1BSQWNGeExRa2s0OTd2a0J2NW50THBtdHNDbmxpblBjYUU3eEs1ay0xVTlab2xMNGNhb25vVENJSU8wbkEwN3NKZU54dXF1eC1sMFRMV2lR?hl=en-US&gl=US&ceid=US%3Aen,Chicago Agent Magazine,6 hours ago,📋 FAA Drone,https://news.google.com/api/attachments/CC8iK0NnNUpaWEZHTjNGTGIzUkpaWHBMVFJDdEF4akxCU2dLTWdhSk1wb1RvUWc=-w200-h112-p-df-rw,2025-10-21T02:01:38.505007
"Bramnick Concerned with Utility Company Communications, Calls on BPU to Act",https://news.google.com/read/CBMiXkFVX3lxTE83c3VHdmRTaEZVbHlPalpXZExHWFNScDkyY0M2VDNZVkFvSHVvVkJSbTZtaTAwZ2NFSU5PSENFRmNrbjZ5Y1pBTFQ2VEZQaTlDcElRT1RCZGgzbG1TNEE?hl=en-US&gl=US&ceid=US%3Aen,NJ Senate Republicans,9 hours ago,📋 FAA Drone,https://news.google.com/api/attachments/CC8iI0NnNXhiazl4UzE5T1ZsbHVkVkZrVFJDb0FSaXNBaWdCTWdB=-w200-h112-p-df-rw,2025-10-21T02:01:38.505009
Anduril Demos Counter-Drone Kit to USNORTHCOM at Falcon Peak 25.2,https://news.google.com/read/CBMieEFVX3lxTE5KWXBXc29xX21XdmlybTZhSTZyYzUtZVhlR0NDaXEtZy1qeGRkc2hwNXp1YzRyWEVRdUJLMWpQMlZ3LU1nV3hEVnZnYnlNVWVvX05LS3A2aVJGNXBXTFJ4WlpFQnVtbTRmR3d1d3RjeUNvNnY5cWtKVtIBfkFVX3lxTFB0WGxfVzR6aFdBejV6a2k0Q0Y5dHRKNk1WaDBJSjBRSEhCNWRpc19xOFB5M3Q5VlE5dEdXWXFfaUxfcUtzaDVxMUM0R0F0dDlhekxJbmRVZkJKeUtsRWp1Y0NRZW56Tndjb0diUGE5VmhMb01SbFlFbnhMX2toUQ?hl=en-US&gl=US&ceid=US%3Aen,The Defense Post,16 hours ago,📋 FAA Drone,https://news.google.com/api/attachments/CC8iK0NnNDJRblZMUjFwVWVFZDZibk41VFJDZkF4ampCU2dLTWdhUkk0d01vZ2s=-w200-h112-p-df-rw,2025-10-21T02:01:38.505011
Saudi Arabia “on course” for first EHang 216 commercial trial flights in November,https://news.google.com/read/CBMizgFBVV95cUxPMXN6bDhWYVhNWFNKMTJkeW9BdkdBYzBOQ1JfbGhWMm1HOGxJTk10VTZocWxISEVIeFFQR1dLSjhQdU4xU0R4aVM1SjFPNXVOS0dWZnc2RnA1emhyeVBiaWxUYTRRZXFZWkh5T3pTQlJ4T1NoaUdsU0dqOFJLQXdIbnlveG1nbkw4dlhpbENCSXF0OC0xWUFtVUlJek45SUtNR2o5VlB4QXZxMThMOFRGT25ualRoYml3Z3ZuUFhtTHkwaWFUcHV3ek1tS0ZVUQ?hl=en-US&gl=US&ceid=US%3Aen,Unmanned airspace,15 hours ago,📋 FAA Drone,https://news.google.com/api/attachments/CC8iK0NnNWZRbnBaVm1ST2FUWTJRV1JwVFJEdkFoaVZCU2dLTWdhQmdvNnRMUWc=-w200-h112-p-df-rw,2025-10-21T02:01:38.505013
Badland Batteries Launches U.S.-Made 12S and 6S Lithium-Ion Packs for UAS,https://news.google.com/read/CBMiqgFBVV95cUxQZGZubHdrXy1MRm1rODYtcWp6eE1QYnIyQ1lWdG9sRUw5NzU3TVBERTFUSi1VdE03aEJ2bTAxNi1RNy02OTNlSjVnVDVheDN4NG9qR0g5ajRRZjl3VWpKTEdDR18wLTJXcHRqOV83dWZUMkRuSnNTZ21EWVJBbWhFTWVXb0V4bUgzN1hSVDVTdVZwcjZTSUFEYlBjVjd0M0kxcUdzeTF5ZFo2dw?hl=en-US&gl=US&ceid=US%3Aen,uasweekly.com,14 hours ago,📋 FAA Drone,https://news.google.com/api/attachments/CC8iK0NnNXpNelpsVldWU1MzQlZiSFJNVFJEOUFoaW1CU2dLTWdhTlU0YW5MZ1U=-w200-h112-p-df-rw,2025-10-21T02:01:38.505014
City to add hundreds of housing units in 2026,https://news.google.com/read/CBMiiwFBVV95cUxOcnAxcm9VNXZvT0t0Um5qS0JBSzZpWF9kTFJpU1JYSDlXM2IxelA0SjlqVVhxeXViZVh5c1kxUTcwUC1YaDZlamxfLUdsc2swdW5ZckY0NWREYjEyRkpFTUJNSlNqY0J6SmFFeEc4U04ybjh5VnpYTEFNUzNRS2I1M3FXem0zX05ESzJV?hl=en-US&gl=US&ceid=US%3Aen,Mid Hudson News,15 hours ago,📋 FAA Drone,https://news.google.com/api/attachments/CC8iK0NnNHRTWFJuU1d4aGFWaFdZVk5ZVFJEVUF4aVBCU2dLTWdZQllKZ0FMQWc=-w200-h112-p-df-rw,2025-10-21T02:01:38.505016
Commercial Drones Market Forecast to Reach USD 54.64 Billion,https://news.google.com/read/CBMinAFBVV95cUxNdTBYbC01ZVU2WDQ4bm9tZ3ZpemsxRlNXREpBOU9vdUhhZ0g1dmpjX3VGS1E4TDd4UkRtZ1g2VGhtamVCUGw0VzVuVmdCWDN1dEtXQ0dwbGVmUVBRYXk5X1ZndkNUOWN4U3ZkbGdqd0x0WWdIZmF5NklBTElEcWkzcnlzYS1vZS0tRmRrQ2hGdnhidEc2Q0VGU2FuOVg?hl=en-US&gl=US&ceid=US%3Aen,openPR.com,21 hours ago,📋 FAA Drone,https://news.google.com/api/attachments/CC8iK0NnNDNPVXBPWWpVMFVucHhYM3BCVFJEQ0FSaUVBaWdCTWdhSkFvd0lGZ2s=-w200-h112-p-df-rw,2025-10-21T02:01:38.505018
"Russians attack car with an FPV drone in Zaporizhzhia region, injuring a man",https://news.google.com/read/CBMiwwFBVV95cUxORDU0V0wtcHhtNjdBRFdiX0ZnTElGbXRzUUEyQ0NPTzhOcEVvdjhETWpGRF9sanBSSnZqbEZ6RWFoYk5JVHlEYlRPd1dEZlkzenJ2eG5lTzhDOFRKN3NmaXNyUl84dlVHWU5OWVBfemthOTlGbWhZUVhwa3hoaXhOLWxLa1Y3MFdzOTF3VGM1WV9zSDNPUkVPRWl2U1ZyZnpSVml3LUxDaVBwZXRBSWNRSUJodzZtRTF3UVN5bWJHeEJ2cjTSAcgBQVVfeXFMTnhobGVvY01Jb2x5SlpVNmdGUjBjUVNOcFlqckhNSlFYaW1RR204eGtqSFg0WGpQR0l4UXU5Q1ROVURUUHpjRDk3U1NwaDdDdG1hWEtTamZlWFVTU2IyUFIzTzY2RTAwQWd5LTNPODVaVm8zN3N4RjFzR3pNSk1na2JUNWkyZW94c1czNXJjdy0ta3JsMEw1Nkg2NEs5dzBaemlBSEYtMXc1RWFPdTNoRl9aMjZ4WDVwMVpNWlNaZ2pPQ1p2ZDZTaU0?hl=en-US&gl=US&ceid=US%3Aen,Ukrinform,12 hours ago,🎮 FPV Drones,https://news.google.com/api/attachments/CC8iL0NnNHpPRWhyTFZadlZYb3RjWFo0VFJEb0FoajJCQ2dLTWdtUkFvS0xXV0p6aHdJ=-w200-h112-p-df-rw,2025-10-21T02:01:38.505020
Unusual Machines Appoints Jason Reels as Vice President of Supply Chain,https://news.google.com/read/CBMic0FVX3lxTE4tSWx5b2FtdkQ3ZkNVdU5YU0poMTJLX3FXYjN5dlFILWhPOUlocmVyQ2tQZlR0WVd3SFpPeW1Qc2YybjhqYXZwWWpFU0ZLWldvLWpiZElKaGlrajA0T1FTdWk3UU96QXA1SzFWQUhJbWNZMGs?hl=en-US&gl=US&ceid=US%3Aen,Rock Hill Herald,13 hours ago,🎮 FPV Drones,https://news.google.com/api/attachments/CC8iI0NnNTBVME5zTFMwdFdsVnhTM00wVFJDZkF4ampCU2dLTWdB=-w200-h112-p-df-rw,2025-10-21T02:01:38.505022
Ukrainian forces use unmanned boat to deliver FPV drones to strike Russian vessel – video,https://news.google.com/read/CBMiZEFVX3lxTE9OOGZidVBuZ2JlTU5GMkkwUDlsZGxnVGZFUzdxcTZqX0VXUklnNUFaVFNoZDZIUnpwQjJqWFhId0tKTGRCVDBwa2dFanNLdlVnTk9tVF9KT1pRak9XRlBZbC1wZmvSAXBBVV95cUxONlV5ZXItWDBWS0tlTld3VW5vRnhrdmlXVTdrMHNCMXZoM3E0Z1Bwd1VYVkV6bnNKRkEwT2hOOXZNaDNtUl9QYy1MdU5pWVNQSHBQSVBuT1A4LU9RSlZBbGZLVk1iYm9nMDRMeGpxOFow?hl=en-US&gl=US&ceid=US%3Aen,Українська правда,11 hours ago,🎮 FPV Drones,https://news.google.com/api/attachments/CC8iK0NnNXVjRU5TTVdsUFNWTnRlRzV2VFJEOEFoaW9CU2dLTWdhQkFJaXpQQVE=-w200-h112-p-df-rw,2025-10-21T02:01:38.505024
Russia’s running out of men and money to crack Ukraine’s ‘drone wall’,https://news.google.com/read/CBMipwFBVV95cUxNVDZRd2QycDlZZWV3MlJCc1FnSDdnWkl5R0ViSExnUWVhZGlGb0xtM1VlZGlrUFhJOGcxTmJoNDJkQVBUNXpQTUxNRXI5VzQ4Vm5Zck1QSHQtclVQbDduM0Fjd2lMeWprc2hWS3pnQV95aVRLcTBESExSYmNBMTNVRGNONjAzZW9SLXdxLVc1MGJtemRVSFVBY2hmbzZ4NWFxbThzS29ZSQ?hl=en-US&gl=US&ceid=US%3Aen,nypost.com,12 hours ago,🎮 FPV Drones,https://news.google.com/api/attachments/CC8iK0NnNVpkMGhzZUY5QlRHTnpPRVpCVFJERUF4aW5CU2dLTWdZQmRJWnVLUWM=-w200-h112-p-df-rw,2025-10-21T02:01:38.505026
"Russian troops attack village in Chernihiv region with drone, one man wounded",https://news.google.com/read/CBMiygFBVV95cUxPMFItZHJGNGtnVV9wWnljZVkxQ0pELTJxUG40YkdaamVnWHRJeURpbjg4djRxYi1mc0VFTW5EbWM3UHM2M0c4YVk1Qks4V1dUUkh5RVV3cHBFaGNwbjFtV3NkRkdFWmdaRFVXQ1o4dC1nNy04XzVDb3BPNTlXeEZpWjJsUVNiMDVDTkZMWjBHbTZURDVPbnhGbG5hbVJTV1Z0dWpSRHFhNmJIaXpUejEyS29Fc0wzcXRLRk5lMXFtVEY1Qy1rS3Q1aTFB0gHKAUFVX3lxTE8wUi1kckY0a2dVX3BaeWNlWTFDSkQtMnFQbjRiR1pqZWdYdEl5RGluODh2NHFiLWZzRUVNbkRtYzdQczYzRzhhWTVCSzhXV1RSSHlFVXdwcEVoY3BuMW1Xc2RGR0VaZ1pEVVdDWjh0LWc3LThfNUNvcE81OVd4RmlaMmxRU2IwNUNORkxaMEdtNlRENU9ueEZsbmFtUlNXVnR1alJEcWE2YkhpelR6MTJLb0VzTDNxdEtGTmUxcW1URjVDLWtLdDVpMUE?hl=en-US&gl=US&ceid=US%3Aen,Ukrinform,11 hours ago,🎮 FPV Drones,https://news.google.com/api/attachments/CC8iJ0NnNU1XR1IxT1c5ck1UVTFOSE5MVFJDUUF4allCQ2dLTWdNaGRCUQ=-w200-h112-p-df-rw,2025-10-21T02:01:38.505028
"Newest Russian radar ""Valdai"" burned in occupied Crimea – video",https://news.google.com/read/CBMioAFBVV95cUxPVTdkanRHdWNTVTFkR01fR1JRTFZ5cUkycm1BSWhObTUwM1BwWEpQWDBhVHNnZW5NMmQ3d0R6RUM0bWg2cko3WklTcExnbV94OW9fbXFmbWk0ZElwSGE5LUxQbTBGMWRWVWhGdDJFY3ItRU9rRVFnNjRpb1hla2J6LWZSemk2d0FvUnBVb0cySTVuX0lLLUhWY0VLajFSM0tN0gGmAUFVX3lxTE4tZ2s1WnNNWXZRREVjT0E0aWdaa0dieFVQVlRXMHl4cGFsYVRtZHJCNDVDdnAyY180YzQ4TndOSHBjbGh6WFZPOGRkTlNiS3E5WHdmVkZCZjlCOW55UENyVVRmbFIwVzI2Rmx0cjRBQVZ4TjJYNHFlSkJjMVFnV1RSbEhoUHlXZ1M5Xy1rWl9GeldOMzZlQmxlOHhhazdqUzllSG85SFE?hl=en-US&gl=US&ceid=US%3Aen,news.liga.net,11 hours ago,🎮 FPV Drones,https://news.google.com/api/attachments/CC8iK0NnNVJUMTh3TVRSQ1NtNDRUM0Z6VFJDZkF4ampCU2dLTWdZQklJeVdGQXM=-w200-h112-p-df-rw,2025-10-21T02:01:38.505030
Russian Drone Attack Injures Man Near Varvarivka in Zaporizhzhia | Ukraine news - #Mezha,https://news.google.com/read/CBMingFBVV95cUxNeHR4M1JqZmNwbDFWaEE1eWNsMENieS1SaTdmLTVPVVNjN1Vnb09VN1BMTW1tYjhPd3RoSnVUMGRWb1U1TmRxdmV2SGdTbkh3dTRtMjJsNjBTdjdnZjRJRmh1bUk3ZWRJbEFuSGs2QTRpYmxTNUNlSm9ST0ltNGUwVjZIWXVFQ2d1aG5NQWlmRHdKR2ctV0NRZncyRDhjUQ?hl=en-US&gl=US&ceid=US%3Aen,Букви,13 hours ago,🎮 FPV Drones,https://news.google.com/api/attachments/CC8iK0NnNUxhV2hIVWxSRE0yaHFVR0kyVFJDUUF4al9CU2dLTWdhTmc1UklzZ2M=-w200-h112-p-df-rw,2025-10-21T02:01:38.505032
Ukrainian drone sets backpack on fire - occupier burned alive. VIDEO,https://news.google.com/read/CBMinAFBVV95cUxPZlRzT2hUbkxwNFBDVWlLR1VRRjJqb1FISG4zdjJzdjRwMHRZZGIwMm1Vd1pwbnpCakNlUUYxdGlfQ204anVtOGdnXzJmQjY1N0hMWDFsZlFrRFRYdmdRWFp1aTZHejdTc3l0cXdvYUFDRUF5OXpxQkFlZWJLU3Etc2xJVExsVVg5a2tNUmo3bl80TVlvX1EydU9TTkU?hl=en-US&gl=US&ceid=US%3Aen,Цензор.НЕТ,12 hours ago,🎮 FPV Drones,https://news.google.com/api/attachments/CC8iK0NnNUdjRFZsUTNaMmVYcGpSbDl3VFJEaEFSamhBU2dCTWdhSlE1SndLUWM=-w200-h112-p-df-rw,2025-10-21T02:01:38.505034
A Ukrainian startup is turning to AI to outsmart the Russian ambush drones blowing up supply trucks,https://news.google.com/read/CBMiiAFBVV95cUxOU2pMeGkzd2ZGRkM4X1pVVDlmU1AwMXEwaENhYWZubkJhYzdaVG83Yk1zaThWSktQQ3BGNFFQY2x4TUljSnBMQVV4UlpyVEdOMHVNWU04Q1VvZjFDQ296eDJGU0dMaTdTeFNnczN2alpqNG9kQUlaTUtJbGthN1ZCeE5sOWg4dk9M?hl=en-US&gl=US&ceid=US%3Aen,AOL.com,16 hours ago,🚁 Quadcopters,https://news.google.com/api/attachments/CC8iJ0NnNHlOMU4zU21KeU1XeENjRVZtVFJEZ0F4aUFCU2dLTWdPeEZBWQ=-w200-h112-p-df-rw,2025-10-21T02:01:38.505036
Ukraine's cheap interceptor drones are rewriting the air war playbook,https://news.google.com/read/CBMiiwFBVV95cUxQQ2s2TkNGLWdiX2lmRE9qaE04eEd2REpjcnBoRGNqUmxzSHhwR2gzVFpFdG54T3N3NEdqZFlBTGZ4MWV3dXU4RHlpSkJVRy1IU1FqOXZXR2doUE56blM0V2RnR2t6bk5GTFVpNTZoQzdOQV9zY2ZJaXNKc01VdW5BQldvVWEwZkM1Qm1J?hl=en-US&gl=US&ceid=US%3Aen,AOL.com,20 hours ago,🚁 Quadcopters,https://news.google.com/api/attachments/CC8iK0NnNDNOazVLZFVseGJYUlhiVmt4VFJEU0FoaUFCU2dLTWdhZE00eHNwUVk=-w200-h112-p-df-rw,2025-10-21T02:01:38.505038
Israel Kills Nearly 100 Palestinians In Ceasefire Violations: Gaza Government - Iran Front Page,https://news.google.com/read/CBMingFBVV95cUxPMnpvc0tzTUxjMUFRVXFxSjdUWFRMMHctTVFTUVl0Um9NRnROV3FLenVZMS1GM0xkVVJtRko5Y3Z1ZS1DWUxZQnpMNllBTlhMUGhjMVd3eG9wTXBMM0tqd3VRdkhXaTREWGtLN0FjNE5EOFgxY0pfdFNiU1lzVXZHWXFYbllHVnVXdlFfZWJGTFBRdnY4Sm1vS3Nlcy1Kd9IBowFBVV95cUxPYmo3R0NIYXBVME14MVRfY2hiZzBvOG9lMHR5ZmVXeUVaMDgyQVdKdm9nSXJLaDBBdExJcjBCaTRTWFZmSzhpd1hNbzFMdkNxc2NxN1VlbHI5ZHg2UVF6T244cVpFenVwR25IeG5fNWMtZnZUd3JkbjdlZnR3UUtUeVJOd3cwaDdGNC1ZREdka0xyUVl6UmdFRnVvZ1R3SDhiaUtN?hl=en-US&gl=US&ceid=US%3Aen,Iran Front Page - IFP News,14 hours ago,🚁 Quadcopters,https://news.google.com/api/attachments/CC8iL0NnNXVla1Z1TTJzNFp6Vk5TVk5FVFJEZ0F4aUFCU2dLTWdrQklKclBuT2pJcUFJ=-w200-h112-p-df-rw,2025-10-21T02:01:38.505040
"Zionist Occupation Violates Ceasefire, Kills 97 Palestinians in Gaza",https://news.google.com/read/CBMilgFBVV95cUxPWldBS3hUczNIelcwdmN2MVNVS0REREtxb19ZeHpqR3JLNFF0VWdTY3FBTXFJY3BzbnlUYml6XzVscF84X0FBcDBERnVROGlfSjBQdUdfejhVUDJLZ0xQV3JPZE91NS1CMEJQWkNHdGJ1ckRYVkRKM3p4eHhOREQ1bVRGOFI0YUVvV1JRdXhUNXpYWS1HMWc?hl=en-US&gl=US&ceid=US%3Aen,AL24 News,17 hours ago,🚁 Quadcopters,https://news.google.com/api/attachments/CC8iJ0NnNVpSVVZVVjBOd2JGVXRaMHhzVFJDZkF4ampCU2dLTWdNQmNBZw=-w200-h112-p-df-rw,2025-10-21T02:01:38.505042
Israel's ceasefire violations leave 97 Palestinians dead,https://news.google.com/read/CBMilwFBVV95cUxONGRVTzFscDRESkx1SHdaTURmQ2dmNVo4OXZpQnFNcG10VV9LbWVTQy15ZGhoZGd1d25GOGFJdVI5d1A0UmYwZVVSRm5iSGJqTzVVY0pucE5tX3BaaXFEMk5zNTBUMWd6cUVhQ1M3SmNHMnhUdmhFNGdXaktYeXhTb3VzM0tkTjB3SnFBdVczeWFHUDlDX1I00gFLQVVfeXFMTXVJa01SVlVjTHV1UDgtZF9KYnpLZ25JM3M1VWVBdS1Db3NJS0szQXJuUHNpQ0JCXzdRYzMzSUlzWHpzc2J4YnhiY0R3?hl=en-US&gl=US&ceid=US%3Aen,Mehr News Agency,15 hours ago,🚁 Quadcopters,https://news.google.com/api/attachments/CC8iK0NnNUNXVzU0Vm1aTVFqbGhjbmwwVFJEWUF4aUtCU2dLTWdhQk1aUnFHUW8=-w200-h112-p-df-rw,2025-10-21T02:01:38.505044
"VAPOR VTOL Looks Like a Weaponized Helicopter Toy, Not Meant for Kids",https://news.google.com/read/CBMitgFBVV95cUxOSGwwMmtyeWxONkhhSnBFaGo2MXB3WXBtT2RRZVNabnRYNlk5OU5VQU1JS2VrS290RzF5ZGg1aHRPV2N5M0ZFYUs1cGh1V0ctTEZWckx3RTdrekl4OU1fOHRFVDNaWUNJSlNUSDZibTZRMXhSTmVISDYwc2ZpcGt2Y0RGeEJUVWtqOWxCcjJHbDFOYVg2OVVSbndZakNCUUlFQmgwZUJaWHJ1VkJuV0xEMG9nbmhKQQ?hl=en-US&gl=US&ceid=US%3Aen,autoevolution,14 hours ago,🚁 VTOL Drones,https://news.google.com/api/attachments/CC8iK0NnNHRVVEpKZVRGd1N5MHlOMUkwVFJERUF4aW1CU2dLTWdhTlI1Q21vZ2c=-w200-h112-p-df-rw,2025-10-21T02:01:38.505046
Lockheed Martin Sikorsky Unveils Years of R&D in the Shape of Mixed-Range Nomad UAS,https://news.google.com/read/CBMi0wFBVV95cUxQdW9JdWZRSkJDc2N2NkRFZExnVVU4ZkRuM09ZVUpGVk9uUWRsc1ZKVVlCcE5SbURjTlJXZ3ZSSWJBT0VZV0VuWFZlcGN3X1hDVi0zNy1uQVpDM1dlYi0xTkozcUg5a0loVkZIanBWOXVpREpoRGhtS0VTOUhPQS0ycnJ1MGlnQmhqY2d4MTZxZDBXaWtrakhOcGxsNXBMSW9XN2xUVENFRVhFdkxHMGpqcTFpemNJSWI0YUNDazlMdVhqcFFiVW1IeVV2dXJFWUFDemN3?hl=en-US&gl=US&ceid=US%3Aen,autoevolution,7 hours ago,🚁 VTOL Drones,https://news.google.com/api/attachments/CC8iK0NnNHRNazl6VXpkMlJFUm9kbW80VFJDb0F4alVCU2dLTWdZTmtaSkt0UVk=-w200-h112-p-df-rw,2025-10-21T02:01:38.505048
Moog Unveils Lightweight Turret for Next-Gen Combat Vehicles,https://news.google.com/read/CBMic0FVX3lxTFBSVHlNT0N2dUR0bDJEZGF6OG9FZExiVWx5dnQ1d042cEhrMV9lUlJXVV9HWVNZNHI1TEMyVWpwTjRzaG41SXVLWVlYVFgyYmJ2Z2hnUEJrcUQ0RmJOTnUzb2lHWmZFd0xlNkVDSG5ENm16TVHSAXNBVV95cUxQUlR5TU9DdnVEdGwyRGRhejhvRWRMYlVseXZ0NXdONnBIazFfZVJSV1VfR1lTWTRyNUxDMlVqcE40c2huNUl1S1lZWFRYMmJidmdoZ1BCa3FENEZiTk51M29pR1pmRXdMZTZFQ0huRDZtek1R?hl=en-US&gl=US&ceid=US%3Aen,The Defense Post,11 hours ago,🚁 VTOL Drones,https://news.google.com/api/attachments/CC8iL0NnNTNUVkpLU0dad1kwRklXbms0VFJDZkF4ampCU2dLTWdrQllJb0NMU2Rya2dF=-w200-h112-p-df-rw,2025-10-21T02:01:38.505050
"AeroVironment (AVAV) Stock Trades Up, Here Is Why",https://news.google.com/read/CBMizAFBVV95cUxOQlBGbjBaZklwcng4Tl9GV2swRklPT2x0bjVvYV9ldlU1dTFzR2dtOUR5Y0JNckhQQTM0Q2dFRGZ1QjVHdmluQnNyUFl6NVhvMUhIZ01IVFZRNndMNTI0NzhNYVdUejFuWGNYSmdLdHMtYlQ5NVg1eWJPX1NUVHNGYnFRRGo2NjRPbk0wYVZybXdsdWljY2JVU001V1VtRkRDX1VQdmRka0RkcTUxQ3lyZDVyZkx2ZGJjWjNEY2dybDVRUVlXTDU4ZV9aOFY?hl=en-US&gl=US&ceid=US%3Aen,The Globe and Mail,10 hours ago,🚁 VTOL Drones,https://news.google.com/api/attachments/CC8iJ0NnNURhVE5OWWxkVk9FUnZTM05mVFJDSEF4aVBCaWdLTWdNTnFBZw=-w200-h112-p-df-rw,2025-10-21T02:01:38.505052
"Lockheed Wins $30M Deal for US Army’s Mobile, Long-Range Missile Phase 2",https://news.google.com/read/CBMiggFBVV95cUxNM0l5eUd6WHlsRDhUOC1QTFNHRXl2V2lfdFhEb3ZJVV9ULXB0cHFFNlJ0MVVaNXFtVWx1RTlWbnA2R1VYUlVhNWtUVWlrZFoxQm1tXzhzRWtTdWktc2pxa2NxMTgzbHVTTDV4VDltQUtBNlV5dFhnaDlNWV9xVE5yMlBR0gGCAUFVX3lxTE0zSXl5R3pYeWxEOFQ4LVBMU0dFeXZXaV90WERvdklVX1QtcHRwcUU2UnQxVVo1cW1VbHVFOVZucDZHVVhSVWE1a1RVaWtkWjFCbW1fOHNFa1N1aS1zanFrY3ExODNsdVNMNXhUOW1BS0E2VXl0WGdoOU1ZX3FUTnIyUFE?hl=en-US&gl=US&ceid=US%3Aen,The Defense Post,11 hours ago,🚁 VTOL Drones,https://news.google.com/api/attachments/CC8iK0NnNHdWa3d5VTA5amMzUTBOVEoxVFJDZkF4ampCU2dLTWdZSmxJeUd3Z1E=-w200-h112-p-df-rw,2025-10-21T02:01:38.505054
"Lockheed, General Dynamics Progress on US Rocket Motor Plant",https://news.google.com/read/CBMiiAFBVV95cUxNRm96WkxEei00VGpMeHpBRVA4ZDZLemlYMGdWSl93X1gxUGFJNFUybE5jbC1QeFhGbGM1ZEhoZzJKM1NFZVliVk5HS0dHUkdGME5yV2VXRjExc1JkaUs4SlVWTjM4NG5qNzE0enlndEIxdHVxNWhQUE1zUVRLbmd2TVF0Z3FQZ09f0gGIAUFVX3lxTE1Gb3paTER6LTRUakx4ekFFUDhkNkt6aVgwZ1ZKX3dfWDFQYUk0VTJsTmNsLVB4WEZsYzVkSGhnMkozU0VlWWJWTkdLR0dSR0YwTnJXZVdGMTFzUmRpSzhKVVZOMzg0bmo3MTR6eWd0QjF0dXE1aFBQTXNRVEtuZ3ZNUXRncVBnT18?hl=en-US&gl=US&ceid=US%3Aen,The Defense Post,12 hours ago,🚁 VTOL Drones,https://news.google.com/api/attachments/CC8iMkNnNVJlbll4VDJkUk5IY3RTbmN5VFJESUFoaW9CeWdLTWdzRkFJaUVFdXd0Sld2dU5R=-w200-h112-p-df-rw,2025-10-21T02:01:38.505056
Surveillance shadows No Kings protests,https://news.google.com/read/CBMigwFBVV95cUxOeWhoY1FLdWozU1BqNnlRZG9ITXBUSXNzd0pzN05qWkdvRS1TckZyQjctMzFrQjFLZUYtNGVCQ3Rad0RSb3ZiOWo5b1JvbFRPeVZ4QkUwWC1UdjF6dGZsU2h1SmxPSXlpemRwa1ZUc1lSVXJvLU1NN1M2bER2RVlLa1JwTQ?hl=en-US&gl=US&ceid=US%3Aen,Biometric Update,6 hours ago,👁️ Surveillance Drones,https://news.google.com/api/attachments/CC8iL0NnNWtkVmswY2pWVU1tWjBVMnhoVFJERUF4aW1CU2dLTWdrQllJb2dOZVlsRWdF=-w200-h112-p-df-rw,2025-10-21T02:01:38.505058
Drone Attack on Russian Gas Plant Hits Kazakh Output,https://news.google.com/read/CBMickFVX3lxTE45RTh4S2ZkdktSZGszdUljVmtwd2UxOWJXWHZlaWJnM1pHZFhBVUhrX3lDVFBJTDRpZG93UUxJV3dMd2l5U2FzTmVMcDctZFpwTmM0b3ZpS0JzV29Ka1hoNmdrakJndTh0NzZGQk9BODVWUQ?hl=en-US&gl=US&ceid=US%3Aen,energyintel.com,11 hours ago,👁️ Surveillance Drones,https://news.google.com/api/attachments/CC8iI0NnNUdZbnAzVVhJNVJGOXBTMnh1VFJEQ0F4aXBCU2dLTWdB=-w200-h112-p-df-rw,2025-10-21T02:01:38.505060
"ESA Selects Indra for Space Tracking, Satellite Navigation Projects",https://news.google.com/read/CBMid0FVX3lxTE1wZjAyQ2lGdGo0b3g1OW0wcWJaMl9mZVVSdEFjQzNkd1hkVmxDR0ZnZDlTc0w0WVpRak0tVlZ3UVF4RnliVEE2V0E0em5xcW9ONHdJeFR1TUFWWWcybFVTSWRIcHMza1BwSV9NMUlWdnBGOHkzMXlN0gF3QVVfeXFMTXBmMDJDaUZ0ajRveDU5bTBxYloyX2ZlVVJ0QWNDM2R3WGRWbENHRmdkOVNzTDRZWlFqTS1WVndRUXhGeWJUQTZXQTR6bnFxb040d0l4VHVNQVZZZzJsVVNJZEhwczNrUHBJX00xSVZ2cEY4eTMxeU0?hl=en-US&gl=US&ceid=US%3Aen,The Defense Post,12 hours ago,👁️ Surveillance Drones,https://news.google.com/api/attachments/CC8iK0NnNW5WbTAzYUhKTFdWbEdjbkJJVFJERUF4aW5CU2dLTWdZZHNaQ3R2UVU=-w200-h112-p-df-rw,2025-10-21T02:01:38.505062
Berkeley City Council receives recommendation to use drones as first responders,https://news.google.com/read/CBMi9wFBVV95cUxOVE1Gc0hfeGJaeTdVeUpNbmJJTDJnUWtMMC1Ec0czZjBzM1FZTjVjS1UxMEdDbU1QZzZSUnFKWmVtdTd5QXhtYjRaZS1kQmt0SF83ZjIwNDJYUHVnSmp4NEFiMzFaSEtHVXpvRjU2SnZwS3REaGhhcGVnOVVYNmxfamVxSGpNc1NkaG50a2p3TVhseEVCUzdrSXByM0gyOVhYRDJnNk1PTUtmdkxyTVIzWFVPak9uSG5EMk5sZVFYZV9pLTJxX2g5SG5URTU3WU45TzVCVUFlQjdWUTVKZHlsUDZqbDQwVGNuRnh2WWZWRzJNSUdVUmRB?hl=en-US&gl=US&ceid=US%3Aen,dailycal.org,13 hours ago,👁️ Surveillance Drones,https://news.google.com/api/attachments/CC8iL0NnNUdWekpOVjFOVWJIWkZaMEZ0VFJDQkFSaklBU2dLTWdrdE1vQlBtYWhVMWdB=-w200-h112-p-df-rw,2025-10-21T02:01:38.505064
Zelensky’s Drone-for-Missile Proposal Met with U.S. Cold Response,https://news.google.com/read/CBMiqAFBVV95cUxPU1dLN1lLbkVadzV0ajhCMHRlRklfTXZwVFpXRHVJOXNHQ0g2ams4dG02WmsxZ25QX2c3dUhnNWJYNmNGSmo0eDhSRmJVNUQ4Q2pHZXEzOFJOQnZFOVAyaGctM0J0VjRCczZYemI2Z3pWN2gydmxRaW1lOWRvUG9yOWxQNE1BSWFmeDktbFpVbzNCeHBMbEdBR0tHTnR4V3RBWWdDQ0ZndXHSAawBQVVfeXFMTVFxMC1nY1Q2cHFRQUNRNjFIbWpLeDZ3V0RsOXp3ejZPb2dadkQ3SDc1b19HZ1lUZ01rOHhpbURWVHpTa1ZESzJKSVNDQVBOMVJzV1NsbnVvZE5sbkFRSlBYUjJOS3ZEWVVCcFVEcHk2alhzVENQTGQ4MEhuWHpRaHA4ZXpVeGRveTA0dl92ZUQwbXJ1MnAwQlYxWEpKSExGVjg3Qm85VWxlT3htVg?hl=en-US&gl=US&ceid=US%3Aen,Военное дело,17 hours ago,🇹🇷 Bayraktar,https://news.google.com/api/attachments/CC8iK0NnNTRORzF3YW10TGMwcGhVVWxFVFJDZkF4ampCU2dLTWdZOVlvb3lxUWM=-w200-h112-p-df-rw,2025-10-21T02:01:38.505066
Morocco Increases Defense Budget to $15.7 Billion for 2026,https://news.google.com/read/CBMiqgFBVV95cUxOMFM0TXY4azF1VlEtektWanllbEJfZDM1enVnYXRDRFkyaTRKbGhTdm8waG1NVzVoWF83dGJmcGZoM3R6aGtjeUxWN285aWhBWUdUYzZkb2EyYkttekljeDNXYnQ1OHZuRXNDRkhGRDQ5NURjRjYybXlPOHVxOXFzdnBlTnpzYU5lemk1VzJMVDZyNXVvLTFiYnFSbEdVTG96dnVaN0JRSTNaUQ?hl=en-US&gl=US&ceid=US%3Aen,Morocco World News,9 hours ago,🇹🇷 Bayraktar,https://news.google.com/api/attachments/CC8iI0NnNVhNV2xxTmxKcFRIbHBWWEpJVFJEVUF4aVBCU2dLTWdB=-w200-h112-p-df-rw,2025-10-21T02:01:38.505068
Beyond blowing up narco boats: US needs a counter-cartel strategy,https://news.google.com/read/CBMimwFBVV95cUxPclYtakUtTzF2Zm9wQlFOTXZ0YWI5QnFadUV3OU5FUlZTQnpSNEZrMVphU2lsSDZUZFlpVzVFbmRyNTMyMW9sNzdBQ003RWpjZ0dNMFRiLUFVdG5iRU8zWm1uNWpWemRtWU01MlMyM3BNSERqYmgzemJwQ0dRUzloNmg1R05CUWIteHBOZzljZ2N5VlZNN1pVWkVobw?hl=en-US&gl=US&ceid=US%3Aen,Asia Times,10 hours ago,🇺🇸 Reaper Drone,https://news.google.com/api/attachments/CC8iK0NnNWFPWHBzVDB4NGVtUm1Ra3RhVFJDZ0F4amlCU2dLTWdZQnNJcnl2QVU=-w200-h112-p-df-rw,2025-10-21T02:01:38.505070
A mysterious airstrip built on a Yemeni island comes as Houthi rebels are increasingly squeezed,https://news.google.com/read/CBMixAFBVV95cUxNQy01YnljazFaNzNfRDF3aExtLUdKNW1jNllYS2lham5VMXZHb0Fqak1KY0ZsMVdRU1ozU2FVRWNHNlY2OGRadENYVFU5Mzc0OVRoSEFtZHd3RHJKZGVhemdISWlRdVNpMG1PSUtySWNwa3hHQmt4WGpCaVoybE9sek9Za0RRY3FFQ0pWdFA5aEN4RDNnb2J4RVptQ0NpcGVYc3gzemVwTjc1TVBoTE85dEwwU3p6b29SbEdkMTFUTmwxM2FL?hl=en-US&gl=US&ceid=US%3Aen,Wings Magazine,13 hours ago,🇺🇸 Reaper Drone,https://news.google.com/api/attachments/CC8iL0NnNXVRalZOT1haQ2IzRlVNa2wyVFJERUF4aW5CU2dLTWdtQk1KSkRJU2k1Y1FF=-w200-h112-p-df-rw,2025-10-21T02:01:38.505072
"Mallorca flights back to normal, Palma airport recovers from drone incident “I spent 30 minutes circling Palma airport”",https://news.google.com/read/CBMiiwJBVV95cUxNZVQtOTZlcERkQVdwd0g3aHMxUVVwczJpaWw0elFVczM4Z254T0FkeWVkbzJrWDlmQ2dOU0FTbGtyeDhINWd3cDF6eE0yRTlvNVdSa2lBV3Z0VUtLeTJtYjRlLW9rMXp3Q0k2UU9haHVQSzdOX25yR0NDdUw0V0ZtTGVUTWtBQzNsaGlzNEgxRzFXR1MxTVlLdVlpWVV0V0VtTjhTbjV1V0hfRXJwOEJwU2lKbFlLMTQ1VjhiN1BLdEJzOU41LWFfUVVMbFFSY3NXeDNmblpRUVA2a2xGaTNCSWxhV3REWE5OQm5WbEhxNnNuMXB6WXZjdW5kNVIxYnJNYWowa0x6Q3k2bDTSAYsCQVVfeXFMTmJZdVVGOUFKNmtIUUNBZHdSRFhsSDFhTEF1R1R5VFVYbm1UUWVRaFRibW44cUhrWldDMkpwLWtaaWFXM3VNalN1UWJXaTNYazdhR1JRQjVIX3MzeFBCZTFJM2oyRHNFUjNkejdjaUtRY0diUTRDaERleWgwbFhzN1FHOEg1c0V3T2xFN1BMZmNNdGoyRWE4ZGY0bGZYTnVENkVybHBIdm5XcUF1aFdRbm9Ga2xBNDlLWllFcG05Q3JIWlNidTZDTkdiS3ItQWQwSW8xai1NUldlZ2xkSndCcGFwRDFabkc4WmVFZkVSc1REdTRUUVNyZURxS1ZiNldkeDhWX0JRZEo1eVlR?hl=en-US&gl=US&ceid=US%3Aen,Majorca Daily Bulletin,18 hours ago,🇺🇸 Reaper Drone,https://news.google.com/api/attachments/CC8iK0NnNTRZbUZyTWtJNFltWmpZME56VFJEb0FoalVCaWdLTWdZQlFJU294QU0=-w200-h112-p-df-rw,2025-10-21T02:01:38.505074
Pak national faces trial in Lahore after staying in India for 25 years,https://news.google.com/read/CBMi7AFBVV95cUxNY3Z3M05ndEQ1YS1iY2tWdVI3YmVwVzZDc3V4NnN1VEhhOFRLa0NTTVR1Yzh1ZWo1cUwyRVdfenZYWm5UUnZFZi1xVUt4b0JTM0ZpMlNCSUFmN3JLeWRhRFJTMWxlYnZXMklIdjNxNkFsd19sQWJHQVNxSkxQV3hkb2VFeHdfVjR2T0RocWpSOUpEUzF6dHB1UUY4WE9ZYm9CTUpLbVFoM093Nkd6NWszYjV3REJBS2w4WGtuay1UcUFWQkNLdEtqZjF0TlpZV3FacEM2d1FaYXc1aG9TaFFsTGtzTDJMckowcV9Xcw?hl=en-US&gl=US&ceid=US%3Aen,Babushahi.com,18 hours ago,🇺🇸 Reaper Drone,https://news.google.com/api/attachments/CC8iK0NnNWZSRGwzV2s5eGRrUTNPVzlUVFJDYUF4aW1CQ2dLTWdZeFVvd1NKUWM=-w200-h112-p-df-rw,2025-10-21T02:01:38.505076
Best drone deal: Take 20% off the DJI Mini 4K drone,https://news.google.com/read/CBMibEFVX3lxTFBvVzg5MF9ZdTBZbVN3T05wMGxtdWtFYWhLZ1VOUTVTeFJjQXMtUndWSVY4QWRrb2p6RWRQbG0tUlBlYWtIRDY4OWlER3R1aWxXVFo0M2FKWEplbVJUUlpxS2ZmUkU5dGk3OFA5Rw?hl=en-US&gl=US&ceid=US%3Aen,Mashable,5 hours ago,🇨🇳 DJI,https://news.google.com/api/attachments/CC8iK0NnNXZhWEJ4Tkc5ak0zWklabmxwVFJDZkF4ampCU2dLTWdhUkZJU3RGUVE=-w200-h112-p-df-rw,2025-10-21T02:01:38.505078
We Review DJI Mini 5 Pro: A Drone That Redefines the Mini Standard,https://news.google.com/read/CBMikgFBVV95cUxPUkg4dm1WSDV6Q190ZnZIX0oyV3ZEMXV1TEI5SFozVDdiVE8tMXBPUFNJb2h0VktIelpYNG16Q0xZaFg3M2pXZW42dlFKcUNoZ3l0MHdxc2pMR2RreUliUVpDci1SbDE2YXlZMFRtcVdPX3czSWt4QmVjaWtlRDNoU2RGbFl3R24zdGplbGFHX1dYQQ?hl=en-US&gl=US&ceid=US%3Aen,Fstoppers,6 hours ago,🇨🇳 DJI,https://news.google.com/api/attachments/CC8iI0NnNW9OVkphVjB0M2VtSm1PR1ZCVFJDZ0F4amhCU2dLTWdB=-w200-h112-p-df-rw,2025-10-21T02:01:38.505080
Beat the ban: Get the DJI Mini 4K drone for its lowest-ever price at Amazon,https://news.google.com/read/CBMiX0FVX3lxTE92dUdKTW12QWhPWnhOTjJNYlBaSFdtS09LcG5xZDJ5c01FMS1kT3E4ckJkS3FmYWJUY3ZWN2lyMXhLZjVqbTVYZGhCLWlScTA1bWRoVlFZUFdWUW5YTTFR?hl=en-US&gl=US&ceid=US%3Aen,Mashable,6 hours ago,🇨🇳 DJI,https://news.google.com/api/attachments/CC8iK0NnNVBaRXd5TTBFeFptMXFSbHBaVFJDZkF4ampCU2dLTWdZZFU0cXRKUVU=-w200-h112-p-df-rw,2025-10-21T02:01:38.505082
Is CoreCard Corporation stock positioned for digital growth era - Weekly Market Outlook & Real-Time Market Sentiment Reports,https://news.google.com/read/CBMilAFBVV95cUxOUnI1cTR3c2ZJaE5YTGRHOC1lLUZiRGdqTEVzRTFTY1JzOGx6MVFTZWM5cDVnQXAwem9HaV83TE5DNFdlejQyWXNqbG03TmxGdERMT3oyTzVCMjlNRHg3ZVZQenBjYjZ5ZGZpZkE4d05lUERGaHJiZktuQWhQRkJIOEVzczNEbzJENkcybnEwcnhYRXBm?hl=en-US&gl=US&ceid=US%3Aen,nchmf.gov.vn,2 hours ago,🇨🇳 DJI,"https://encrypted-tbn0.gstatic.com/faviconV2?url=https://nchmf.gov.vn&client=NEWS_360&size=96&type=FAVICON&fallback_opts=TYPE,SIZE,URL",2025-10-21T02:01:38.505084
Just hours left to snag the DJI Mic Mini from Amazon for the lowest price on record,https://news.google.com/read/CBMiY0FVX3lxTE1IWUc4Zjl5Q25VT3A0QV9GZUVPRjEtaDhzd2ZfWG5yTGNycWR3X3dmdVdQNzhKWi1TMndLcjNHVDdIZXZjdEVEWHFldmVubTdmQWlLVXpkMWVmb2dZekU2NllNaw?hl=en-US&gl=US&ceid=US%3Aen,Mashable,4 hours ago,🇨🇳 DJI,https://news.google.com/api/attachments/CC8iK0NnNXViM0ZRT0RWTFZGZHlSRmxYVFJDZkF4ampCU2dLTWdZUms1Skt0UVk=-w200-h112-p-df-rw,2025-10-21T02:01:38.505086
Aug Ideas: Is Texas Instruments Incorporated (Common Stock) (TII0) stock worth holding before Fed meeting - Analyst Upgrade & AI Powered Market Entry Strategies,https://news.google.com/read/CBMivgFBVV95cUxQQjQ3WjRpR1RJWllhNEFQdWJkeVBWT1lEUzRBTXJnUjZ3b2k2RGxrR1Y0eThzdnExdmJTc0c1bXpZTUVLYzN2UjZFenFTcGx0MVh0VzhHaXlBMFpQRnVjaEt5MklsZDh6UW4yNmFfTG5INnJOZ29rbkZfWnRtT0k0dHBIVXNHNmQ0OWRDMkRrMjRycnNmMUppVWRWMlNXSWZzZUp4SFJUaXZrTkRUeXByajgwOGJiZGluRktPcWZ3?hl=en-US&gl=US&ceid=US%3Aen,nchmf.gov.vn,5 hours ago,🇨🇳 DJI,"https://encrypted-tbn0.gstatic.com/faviconV2?url=https://nchmf.gov.vn&client=NEWS_360&size=96&type=FAVICON&fallback_opts=TYPE,SIZE,URL",2025-10-21T02:01:38.505087
US Navy select General Atomics to deliver carrier capable CCA designs,https://news.google.com/read/CBMirAFBVV95cUxOMDRvODRBUi1UaDJfd1RBM1JGS2lfRUloSllrU1hzSE1YVUNRR1JDdHVQZUFzc1ZtelRjVEVjY2oyQlhrVmdQbFB0NXB1dk1WeW90d3oyUW0zS3p3UkxIT19haFc5MXpnQkR1ZEpVbnZXN3c0MUwxOHVSYUl4Rzl4MjJ1elAzaXoyTXdXUjdzVUlKdGpmX25xcjRUdDloSEduZGVCNzY0d3h0eHZR?hl=en-US&gl=US&ceid=US%3Aen,Naval Technology,7 hours ago,🇺🇸 General Atomics,https://news.google.com/api/attachments/CC8iL0NnNXJRVkIxTVhnelVUQXlMWGhoVFJEeEFSaXVBeWdLTWdrVklvNG9MdVZFeGdJ=-w200-h112-p-df-rw,2025-10-21T02:01:38.505089
Hanwha and General Atomics sign Gray Eagle Short Takeoff and Landing co-development deal,https://news.google.com/read/CBMiuAFBVV95cUxOajM1TmcwSkZ2UzZmNmFYX0NGUlF5WDN2MXlwT3hHZGpNeEEtRmxCSGRPbE1aXzNwNTdXTnRIVFo1ZjM2LW1tSm9uck1RNzZOblgtNUZVdlM5WnFaMUFHcWJTYzZkVmpxRWx2WUh6dFNQbzM0WTZ5T18xQUw2MmFINDlwUnRYQ3RIOE1XY0tOSG9RNElxRHQ3S3BqdVgwcmFFZFJkWDJ5Tk9EMzFDT2JPVXN4WGJuWUpa?hl=en-US&gl=US&ceid=US%3Aen,Defence Industry Europe,6 hours ago,🇺🇸 General Atomics,https://news.google.com/api/attachments/CC8iL0NnNXlTbVZWVW5sSlgwMWpWWEZMVFJERUF4aW1CU2dLTWdrWlFJcnFvU2hVTXdF=-w200-h112-p-df-rw,2025-10-21T02:01:38.505091
"Dutch Join USAF CCA Program, Team With GA-ASI for New Small Drone",https://news.google.com/read/CBMipwFBVV95cUxPeUJleThSUWxSUFlCSGxJdzg4RkNrYkhRcjVEcDk0TUVQaWsxUHo0b2l3dm9CSUhBU21XV0tnNzU1VkItd3BEMXA2d09LX2t1U3J2QkY2djE2c1FFN2xGc0xXcE5zX2ZLTlhTTlRkU2cxWHAzancxenFSSFdwWnJXcFE3UE4zYUsyVExac1BWUk0xdU5jZmhxOXZWdXlsNkZTZHdPbmU0NA?hl=en-US&gl=US&ceid=US%3Aen,Defense Daily,7 hours ago,🇺🇸 General Atomics,https://news.google.com/api/attachments/CC8iK0NnNURiVk5HZVZsMGNWaHNiR0p1VFJDUkF4ajhCU2dLTWdhQlk0eEtOUVk=-w200-h112-p-df-rw,2025-10-21T02:01:38.505093
General Atomics will compete Gambit variant in US Navy uncrewed fighter programme,https://news.google.com/read/CBMi1gFBVV95cUxQSkYweExLRFVTZTUyYnNRdWh5cnAxZHlUQlFfTWdwYW9Fb0tKN0RWa2RQQi04NUlCZGs3a1dlQ3k0b0ZEUUtfVkFLbkVzaFhpZXBEVG1uVmZaclI0eXpnZG5oUHlBNzJpX0lWUlk0VnZ2blcyQ1lXLVZYM2poT1M1M0hqU1FiMEM5ajZsY0ZOdktBS1hJVGhvblExRjFTM0ZqbFZfV0QxQ3pzbnQ4ZnktWXFqcmdKdXA1N05BdmpYYzEyX2E5RVowVjhGdkFQRlRrUnlXOGJn?hl=en-US&gl=US&ceid=US%3Aen,FlightGlobal,8 hours ago,🇺🇸 General Atomics,https://news.google.com/api/attachments/CC8iK0NnNDRWVFJ5VFU0NWMzVTJZVjkwVFJEZEFSamdBeWdLTWdhQmNJendNQVk=-w200-h112-p-df-rw,2025-10-21T02:01:38.505095
U.S. Navy Selects GA-ASI to Develop Carrier-Based CCA Design,https://news.google.com/read/CBMie0FVX3lxTE9WclR0bU1CXzBrdTQwUHpkdmtHSDJDVGJOQ2h3OGZ4bkFxb3dFdHlBNHlBQmRQQUw5d3FJNkN6dURONzVjZWYtZXRST0tQbkFEcDZVemJ0eE5pdW1DV1VDWnpxUXdYckc1YnR2VlFQemdiTUl6dnhtRkxXRQ?hl=en-US&gl=US&ceid=US%3Aen,The Aviationist,10 hours ago,🇺🇸 General Atomics,https://news.google.com/api/attachments/CC8iL0NnNVZSa2w1VUVSUFMxQmlTblJXVFJDUkF4ajhCU2dLTWdrWklvNEpLdVZFeGdJ=-w200-h112-p-df-rw,2025-10-21T02:01:38.505097
"GA-ASI, the Netherlands Partner to Develop Small Uncrewed Aircraft",https://news.google.com/read/CBMijgFBVV95cUxQdzcwLWl2d1ZwV2ZjZGVmMHg1TjB6cEVPZzE0bkpRQm9UNHNUb0tlRjcxNm1aWERydF9QX0phZlFDMk9YNzJoeXlsNHNCYjk0bC1DcUl3eGNSeVJfck9iaWFBWjJPNG9IRUs2bTFQRXpBdC1tb1lSNTA5cktKY01LcU5TdVZ0cGRmazMyMG1n0gGOAUFVX3lxTFB3NzAtaXZ3VnBXZmNkZWYweDVOMHpwRU9nMTRuSlFCb1Q0c1RvS2VGNzE2bVpYRHJ0X1BfSmFmUUMyT1g3Mmh5eWw0c0JiOTRsLUNxSXd4Y1J5Ul9yT2JpYUFaMk80b0hFSzZtMVBFekF0LW1vWVI1MDlyS0pjTUtxTlN1VnRwZGZrMzIwbWc?hl=en-US&gl=US&ceid=US%3Aen,The Defense Post,16 hours ago,🇺🇸 General Atomics,https://news.google.com/api/attachments/CC8iK0NnNUdOSFZLWm1kTFgyMW9SVWhYVFJDZkF4ampCU2dLTWdZQmc0NHFOUVk=-w200-h112-p-df-rw,2025-10-21T02:01:38.505098
GA-ASI & Hanwha Aerospace Collaborate on Next-Generation STOL UAS,https://news.google.com/read/CBMitAFBVV95cUxNTGxPeVljWVZ4OC1pTjNRNmNtd2xJTU12UGRKb2JmM3R0M0JyclNqb3ZMWXN0RnFkNzQ1eXVseVZfT2g3eUVyVGdURWpsSVlZaWY0Tl9Zb2piQzA1QWxfWU1vZFhXemRmZlJFTFA0NWhBVElTLW9LRXhzOW1ZSG1Ea1JlSG55anFXN2hHS0xkdTRyRHRVSHg5cHFpbDJYMGdVVVFhTU1FRUQ2QkQzejZBQVQwcW8?hl=en-US&gl=US&ceid=US%3Aen,Unmanned Systems Technology,19 hours ago,🇺🇸 General Atomics,https://news.google.com/api/attachments/CC8iK0NnNUtRWEpqTmtORk4zVXlSbXAxVFJDUkF4ajhCU2dLTWdZQm80NXR1UVU=-w200-h112-p-df-rw,2025-10-21T02:01:38.505100
"French Army chief Schill sees Europe facing empires, vassals, war",https://news.google.com/read/CBMiuAFBVV95cUxQYjJHVERjOHlHdUZzdkdfTkRWQWsxVVZ3Qml1bFFVUVg2SVM2MzVvamZ1bmYtemJDMERBeldqZVRnYkkxOVJRcDhlSDFTUEJ6aENKa3ZGX0lhOFlmdTBCdkJwckpzam84Q285N0VMaDRCLTE2ZzJOekdDSWF0OVVFNmlyYTJ1MVczRU1VRzNWTjBmTFZwY0Jvb01QSDhoQktscHQxa3I5dXFJenlyUEdGb2RQX2VKSWNO?hl=en-US&gl=US&ceid=US%3Aen,Defense News,14 hours ago,📰 Defense News,https://news.google.com/api/attachments/CC8iK0NnNXdRVEpEVUU0dFVFRkZkalE1VFJERUF4aW1CU2dLTWdZQmtKQVN0UWM=-w200-h112-p-df-rw,2025-10-21T02:01:38.505102
"Germany, Netherlands spend $4 billion on Boxer-based fighting vehicles",https://news.google.com/read/CBMivwFBVV95cUxNR3ktb28wVHFIYVBCVjNwWmxXRXdVX1FsTHNXejUyWEV5S2g3N0VLVVozRmhseGxNXy1UNGMxY2htaWNUNnNFeUNqMlFSWUVXX2JuVmJJczNOR3hHRFpNbGJMU2lDdmRXVHVhbll2M0RXVDJfRkFiSFowSkZ4NDBhN05XYUctOW9pcS1LZzcwcXZUejYtdWdOdk5Ldk9BVXd6X3VCRlY1djVsUlU4WnNpSGt0Y1pjclp5TkFmN0JOcw?hl=en-US&gl=US&ceid=US%3Aen,Defense News,16 hours ago,📰 Defense News,https://news.google.com/api/attachments/CC8iK0NnNW5TV0UwYm5FMVowZEZjVkJOVFJERUF4aW1CU2dLTWdZVllvNHZKUWM=-w200-h112-p-df-rw,2025-10-21T02:01:38.505104
This ‘Black Hawk Down’ hero is now the namesake of Fort Gordon,https://news.google.com/read/CBMixAFBVV95cUxQeklDQUoyTnpGZWVmbEFhV1pibG03MXFpeFNOUlJRcU5nWEI3eHhtc2pleXlYOGZHR1NSSy1DZkxFbmhaS1UyZzFhSGlOV3BDQUdzRnluUGF5STNQbWxMY09KTHp2TmE4LUdnOThVaDFndmNFSGNMenkzUFV0ZVNZaDVWclZCMnEzQzdMOVJ4Z3lMdkZyeUREckNKc01IU0p3ZkR6cERBaXpNSkVOa0tUUzZFZVlCMnhkaGZhZjlVZGtkZXNK?hl=en-US&gl=US&ceid=US%3Aen,Defense News,10 hours ago,📰 Defense News,https://news.google.com/api/attachments/CC8iL0NnNW9RV04yT0RkTlJYUXdMWFYyVFJDaUF4amVCU2dLTWdtSllJU3J1ZVV0S1FJ=-w200-h112-p-df-rw,2025-10-21T02:01:38.505106
"Defense News, Covering the politics, business and technology of defense | Defense News",https://news.google.com/read/CBMiQkFVX3lxTFBjSTl1Y2dweWxlYXQ0YWpVQWRSbWg3QUIzcjN1bDNDX3Zzdk81d2dHNmZoRnhrS3RMbmZRQjBoVVV1QQ?hl=en-US&gl=US&ceid=US%3Aen,Defense News,"Dec 18, 2014",📰 Defense News,https://news.google.com/api/attachments/CC8iK0NnNTBUM04yZERGb2RXTnFWM2RDVFJERUF4aW1CU2dLTWdZQlJKRG1JUWc=-w200-h112-p-df-rw,2025-10-21T02:01:38.505108
Army engineers to integrate unmanned DARPA vehicle to clear mines,https://news.google.com/read/CBMivAFBVV95cUxNSUdJNTdlcGdrNVA5NkhZelNhdU1rallQRWpsZTJhYzdILThabktzYXBmcjl5ZDUya2Vfa3JyLXJZeHVic2pFWWIxVjUyaXIxNWcyWFFZN2tFVV96aUZZblN6Umh2ODZ0dV9LV1B3el84S1hicXZ3Q09RazV4X0xxTFk3SnpKVEFPdDFNZThPMVJJclVVQmlDY2Jjbm5MdE4zOUhXZ3JmdVoyLVYtRi1UNWRNX2VhMzU3S05Ocw?hl=en-US&gl=US&ceid=US%3Aen,Defense News,8 hours ago,📰 Defense News,https://news.google.com/api/attachments/CC8iK0NnNUtjR2hFZDI1Sk9VNWZPR2h0VFJERUF4aW5CU2dLTWdZZHM0Nk53UVU=-w200-h112-p-df-rw,2025-10-21T02:01:38.505110
Army to evaluate new 2-in-1 all-weather jacket from Gore,https://news.google.com/read/CBMipgFBVV95cUxOdnVkeEtzdHhlS3pNR1hTQXhHb0MxUWg0ZzZpUGFCOEVTWndEaVdOcko0d3dJVkM1TXY3ZUFrQzltUkN4dlhxamNNRW5jVGtpR09xZ195eFVoQTgtdXhhSnNSaFlWcXdUZ181SlNsZ256YjZJY0xfTTRSN1o1LWhKZVhqNVc1dUFkOWc2d21COUNocG9kX1JQMDROQWF5SXRZRlpzVXl3?hl=en-US&gl=US&ceid=US%3Aen,Defense News,3 hours ago,📰 Defense News,https://news.google.com/api/attachments/CC8iL0NnNWtlalZ5VGpWUVoxbG9jbk00VFJEZ0F4aUFCU2dLTWdrQklJNmtuaWNXU0FJ=-w200-h112-p-df-rw,2025-10-21T02:01:38.505112
Seven ‘Nisei’ soldiers of the 442nd posthumously receive commission,https://news.google.com/read/CBMiywFBVV95cUxNVDZmVTZIMTFSRTR5dndLbDBYcnh6ZDhEaEhnWmg2UjA1WXA5VjNJM29YSFU5SjBEVzNXSUVVRTQ3Q0ZUbnE4UVFVekl5RUw2QUlNaTh5MWpXNmFGM29mQmw2bnNZbGx3a2xxSE83dldRX1RXNE1iQlFENTROSU5BSi0wQnYzUXVvRGRESUJCOWFZNVhJRGZYZG5EbTB1V0lRbGFIb0tRd2R3SktqUkZpMlFDcmZpdEN1NVhIQkpnbkE1RGFJa1ZUTGtMSQ?hl=en-US&gl=US&ceid=US%3Aen,Defense News,12 hours ago,📰 Defense News,https://news.google.com/api/attachments/CC8iK0NnNHdWVzFzYzNSQmJXczRPREpGVFJEeEF4anFCQ2dLTWdhQkE0S3FzUU0=-w200-h112-p-df-rw,2025-10-21T02:01:38.505114
Iraq keeping some US military advisers due to IS threat in Syria,https://news.google.com/read/CBMiwAFBVV95cUxQZmpHUVpZeThFTC1nVEJnOWlWYy1EZHdwUExyZEZDbk5tOEliLTViSnlUckNjbzdZcG5ISnAyLWNBeFRWTFZRQVEtQ0JRZ1ZWU29TcTJVdVBVbXFvMDhNbkhObWN1UkhPQlJrNm5qUHlfc3VyeGpMYnZJRlFxYVNuMG5WRDdSY2ljMUhVdXlaWVNtTzJtLVF3cVJ2YWVxMGNzWmhYaW5sTXducGV6aWJURmtNUmFONEw1LWRZQlhJMVM?hl=en-US&gl=US&ceid=US%3Aen,Defense News,2 hours ago,📰 Defense News,https://news.google.com/api/attachments/CC8iI0NnNHRNMnc1YldWTVdrTnNPWFphVFJDekF4akJCU2dLTWdB=-w200-h112-p-df-rw,2025-10-21T02:01:38.505116
"Modernizing for the next fight with open, modular, and lethal design",https://news.google.com/read/CBMisgFBVV95cUxOUWZlQ2REcGhCT21FYTlMTW1NaEdCSTEzLVBnYjU5Q3RLVzlqWnd3MUhoQUpmNkotWlZEeDgtVlBoUUhtWUpmYlpNTkVjWUV1RzhOM1dTQklyTk1uMG0wMW1fa3EwUGhJWWYyWWtNNGxRbmwzdnpDSkR3X2V0clVjVFp2ZHJibWVRb1JRU2hqbXJla3lvQm84UWhScTlVekF1NDhYRG4xOGxwOWtVcXJQTW5B?hl=en-US&gl=US&ceid=US%3Aen,Defense News,12 hours ago,📰 Defense News,https://news.google.com/api/attachments/CC8iK0NnNVNOMjUwVVhSVVZtbG9kakZPVFJDZkF4ampCU2dLTWdZdEpZcXZHUW8=-w200-h112-p-df-rw,2025-10-21T02:01:38.505118
Lithuania receives first Black Hawk helos,https://news.google.com/read/CBMioAFBVV95cUxPaWMxaTBrUWk2NGtyLU1IQm9uVldMS25Gc0QtOXhRRDBmZDBqV3A2QjV2UzdCVHgwLVFsaVg5RXhUcXlvM3FOaVlncl9HVk1WUUdsU3B2dVhOcGNKWG80R09pRUxLSmhxR3NGWk1CRkl5UEotX1VCZG5GbWhVQlAyMnN4Qk1Cc21TLXkzTWhvTThoYXlYSE1wOXo2d0JKcnlF?hl=en-US&gl=US&ceid=US%3Aen,Janes,11 hours ago,📰 Jane's Defence,https://news.google.com/api/attachments/CC8iK0NnNDJOREpKV0Y5bU0zcEZWbHBaVFJDUUF4allCQ2dLTWdZQmtKVEdOUWM=-w200-h112-p-df-rw,2025-10-21T02:01:38.505120
Latest defence and security news,https://news.google.com/read/CBMiXkFVX3lxTE1NV2RKMWptVEl2dGJsRF9NelBvRFQxczZ3Y3FobnpYYVlQVk5CcEhBbEE1aXUxeUtzVllUeU9GaFAybkFxV2RRR3B4VW1oSk5tQTFXQmJqTVp3b3BFWXc?hl=en-US&gl=US&ceid=US%3Aen,Janes,"Jun 4, 2024",📰 Jane's Defence,"https://encrypted-tbn0.gstatic.com/faviconV2?url=https://www.janes.com&client=NEWS_360&size=96&type=FAVICON&fallback_opts=TYPE,SIZE,URL",2025-10-21T02:01:38.505122
Türkiye signs C-130J support contract with Marshall Aerospace,https://news.google.com/read/CBMiuwFBVV95cUxNRTgzZmJDTnVaWTVkUC1iTDdmLV9EOFF4ZGJXZ3R6dHFMTjF1dlZlWWdIMl9iTkJBa3JsYno4Y2xPQ3dzSEFlYVp4VEFJM0pfTlNZUlkzX2RaeGlBenh2aUpxMzJhSVhtWlk0LWhYQldWSGNDTE9XblZCODFZaWdQVnNReVhBeUc2a2VnM0h6OHZmNkpoaUtib2N4ekRGX1pjV1R6SE1JNHhsMHoyNkhnQmFNaVFTUjJrUE1z?hl=en-US&gl=US&ceid=US%3Aen,Janes,12 hours ago,📰 Jane's Defence,https://news.google.com/api/attachments/CC8iK0NnNVFTRFZ3ZW1aaFMzcFlVblpVVFJDaUF4allCQ2dLTWdhaGNaRE5OQWM=-w200-h112-p-df-rw,2025-10-21T02:01:38.505124
US Envoys Arrive in Israel to Shore up the Gaza Ceasefire After a Major Flareup,https://news.google.com/read/CBMitwFBVV95cUxOR2xIY0dsZlVLUHo3RVM0ODhzblJEWWRZc1NVamkxWEV3aWtpNjNiMkJxU1B5dnlZaDl0N0RNZTVpajFwMWVoYl81OE5zbnVqc3RjNUVfd3VRN2dQRG5EQzRxdk9KYVlnWDQtTUJUcF9LWjJhaW02enpOT1F6dmJPMHNuY1VvREhBM3NqYkpGek0wZEE2N1Q4RG1EaVRHSThTaTcyTkpSQkc3UDRBYVpxSWlCU3NIaWfSAbwBQVVfeXFMT09fcDhrSG1YTFBMTXd6RHhQUXdfQjZ1WndnbnVfcWphWnRGa00yc0w3Z1BKd1FiZ01QRTRvX3M1TnZ6Y3lLbGx1VEtFRXh5S1VZQklid1pTR2plTFE3WU81d205WUUxM05ZUnM1YU16UXBJdzNqVVZlWEpOd1huTDBqM0FZMWdEYUptNmYybUg5MzduVlV2RmZJUXA4S24zZS1HeXBZU0R0am5YYlIzWklXb1psUXY5bG00eFI?hl=en-US&gl=US&ceid=US%3Aen,Military.com,12 hours ago,📰 Military.com,https://news.google.com/api/attachments/CC8iK0NnNXhaVW8zYnpGYVdURmZRbE0yVFJDZUF4anRCQ2dLTWdZQlFZWnJNUVU=-w200-h112-p-df-rw,2025-10-21T02:01:38.505126
California Police Say Shrapnel Hits and Damages a Patrol Vehicle During Marine Corps Drills,https://news.google.com/read/CBMi2AFBVV95cUxQNU01cTN5b0s2RC1fZFlqbHJxaGJ3cDh4cldJSTNWMWR0cS1lbTh3VFdTNzZwM3JTSGFtTEFGUUVWYWJsTEdBc0RPNUI1aVlSLVVzYmNTVUZudk0taVZucVRhVkZRaHJOOGIxaXUyMU40UGg1OXFjT2d1QnQ5anlySlhKSlZxNnJ2LUhTUF8wN241N2dzbk1fVUlzdGVOV0FHZm4yTFozVVdHMExNMHd6ZW56bE5uSVFZSTJJQTdoWF80N1hDX09pS3NxTUFvdElHR1FWSk5NQk3SAd4BQVVfeXFMTjd3MmYzSzJfR1pqcFJrb0FaOUh3M1ZWS2VDMmQ2NlhPSk5LVGoySE43OTFpZ2RmMUFuallDc2ZiTW51bkFsaVNEbUtyWlRtbE1VTnVONjZydlRWcktIZ3ZNT2FKcDd3ZEw0a1AzaFhEVHRtalZOXzdiVVNjRFdBNjhfT0dfSW5wNG5aTFAxS0JTU1VoWmFMcEQ2ZWVxd2ZYOHVfTmFXNDNiMVUwenJCWnREWDRJRTRXMFhwZUZFZVRzZS01bjQwaU9INUI0U2JoNkU2bVB1Vjhpcno5Y25n?hl=en-US&gl=US&ceid=US%3Aen,Military.com,13 hours ago,📰 Military.com,https://news.google.com/api/attachments/CC8iK0NnNXdWRU52V21kNVJEQkhibEYyVFJDZUF4anRCQ2dLTWdhQnVvWWlQd1U=-w200-h112-p-df-rw,2025-10-21T02:01:38.505128
What U.S. Forces Face as Venezuela Puts Russian-Armed Military on Wartime Alert,https://news.google.com/read/CBMi5gFBVV95cUxQMEp5OGUtS0h2VTd3T19RTzJuZGNOS3NBTllwUDlyRUFpN2swQk1jUHE2ZXRRdHkyYWtncHc3aDJyQjlHNHdCY3ZyQUNQQmp2d0NGb1psc05mQ1hjUzdOVkNqbk5QVzZ1NTdUNzEwMGowVGlNbUtRdFRtSmJtOHFxMHRVWDJRNEJfenUza0pMcS1VZmhOOG5kNHk2cFp2OXhKVk9QWTBSY3ZIS0QtbmMyUk9BaDVseFpYVHRSOVdxQ2VpTzNPTjBwN0lTeFlnZFM1NEluaVpvUWI3a25pOVF6dmgwZFJLQdIB6wFBVV95cUxQU2dXaWJ1dnJhS05ONUdJdFFTNVVTX1QySU9pN2pxczRjQnhUTzg3Y0gtN3JDWk1tYlBCZk5QOUkyLXA1SzJQbXQxc0luTVN3RWtGQVhPSDFrTEt1bGlYU1VFUHd2TnVLZ3gxRjYwU2VyNTdGYURyeHdKeXVzU3Q2bUUzLUpWY1ZSNVlaWW43LTU5TDZKSlJTTmlwM2ZxNzBiS2EyaUx4UTF6SEszeXVsQUhHaUZtWTgtTWpkWFRkR0FsenZnQ1VUY0ptRmNDSG9CSVpMSnNvTTJET1lpVmcyWHNIMEhHeTVicVln?hl=en-US&gl=US&ceid=US%3Aen,Military.com,7 hours ago,📰 Military.com,https://news.google.com/api/attachments/CC8iK0NnNVFjamRPWjJOclVWWm9jSFJPVFJDZUF4anRCQ2dLTWdhTlFveUlOUVU=-w200-h112-p-df-rw,2025-10-21T02:01:38.505130
Ecuador Says It Has No Evidence that Survivor of a US Strike in the Caribbean Committed Any Crime,https://news.google.com/read/CBMi0AFBVV95cUxQOVltbVA5YXJtVU40WUZMQ0tVSHdQa1ZmYWtJQlY3MTBmbnpNWnhibldaSUpBVjFvNnVkR0xlT2pWRVV0QzVmcDEtUWdyd21LNmtrREdnbzBhTl9KNzlsLU5tb1RZczM3N2R6QnUyT0d0VkdyaUNoWkpxdGdLNVMyaGt4T3FCcHFnZk51bGY3SmU5LUU4NGc0T1NNM294M0R4Zl9WaGVkbTRncFpuWS1RaTM5enRLdEcyRjJtdkt4bjdoeDJiVnRkMUpUZkMwWldQ?hl=en-US&gl=US&ceid=US%3Aen,Military.com,2 hours ago,📰 Military.com,https://news.google.com/api/attachments/CC8iI0NnNXRSRzFZUWsxeE9IaGxiMEpoVFJDZUF4anRCQ2dLTWdB=-w200-h112-p-df-rw,2025-10-21T02:01:38.505132
GOP Lawmaker With Furloughed Military Spouse Calls Firing of Federal Workers 'Mixed Bag',https://news.google.com/read/CBMizgFBVV95cUxOTlFvQ3NDYm9HNm44VVpQWE5zaE1ndnVMejhvaUxhdUJldFVfVUZJM3AtYkVSczRhUVgyRlp3Ny1fOERyYTR2ME5jZU9Temk2bHRhT0xPbnVMYzgtYjB1ZFpPdGd6LS1tUGFZMXV6SlVQZnI0UHZRZjluQmtDQWdKNHZXRTZmcURRbEZPYlRBM2p2WWFxOGtfOEw0UUVwZjUxbnZ0YURTZkdqUC05b2R5R0NhUmVZMWlYaDhJQlI1X0NxS0stMDNxZlAtMUdHd9IB0wFBVV95cUxPMHVIczNBT2pwUXUyTGtJUW04bTZmcnJQY25ITHN2MjdGX0tuMVVURUNpZkNSYUUzMkRCWTh5SzdyQkNNRG0wYV9YMmM1ZDNBMDhhclNHOHlxQjhFWkhLZGgzZzVORWdHSDF3VFZrQUJqOFJtM0d0NEp6SS1MR2VhSE51a0s4WlgwM1dEM2JmSlpsMGdxZ3lxWEY3Xzg2bWRuS0Z4YnRETl9WUU1ldjlpNlhPd0Y3bzVfMDVpcVRnWW5TY2ZSMllsQkVJeGsxR1Q1TGdR?hl=en-US&gl=US&ceid=US%3Aen,Military.com,10 hours ago,📰 Military.com,https://news.google.com/api/attachments/CC8iK0NnNUZkM0JOTTJWNU1GVnBXR2RTVFJDZUF4anRCQ2dLTWdZaGRZek5PUVk=-w200-h112-p-df-rw,2025-10-21T02:01:38.505134
"Military and Veteran Benefits, News, Veteran Jobs | Military.com",https://news.google.com/read/CBMiPkFVX3lxTE9DVDJ4UURidnBtTjBaSkxIWWFPSnF6LTlhb0FOTE1JMUV0ZFNCNnBBZTNSN0QtbmZOVzNsX0tR?hl=en-US&gl=US&ceid=US%3Aen,Military.com,"Dec 1, 2010",📰 Military.com,https://news.google.com/api/attachments/CC8iK0NnNDRUekoxWjJsQ2JIRkZlbGhTVFJET0FoajBBeWdLTWdhTlVveW9OUVU=-w200-h112-p-df-rw,2025-10-21T02:01:38.505136
Trump Backs Retired Navy SEAL in His Quest to Oust Kentucky Rep. Massie in Republican Primary,https://news.google.com/read/CBMi0AFBVV95cUxPdVotNHRCbnlSaE1NUVFhUktLNGlTSy14RGk3VTFYbE55ZkR5aThMeE5EWDRvbGxaNXFLWEtTcHVfVFVwSlRsYlhvME9YT0puM2VxZ2FDUk9XZkhtVVltTk51Z1Jyd1hPSHVxYmlIUDhjRXBQY2ViTGpYbC01NEtudXhoNHVnbzVmR1JKa1JURTFzeWhWZVMwYUFIM2dxcWV3S0Y4ODVNdTR2Vm0ydUhDcVAxaV9fYUktaGF2bW1zb3ZzYVRPT2pYM2FWQmo2UThV0gHWAUFVX3lxTFA2dE9WZUlka2NJUVcyTkhtQ0JXM3NtQUlQY2gyc1VPYU52eW11SXBFMEVXWkZIbWtBaFJmbFNpMHEteFFnaUNWbHlTOWRZZ29zQ1FGaGZKOC1yRzJybXZUaVJiMF9PYjFGalgxREt6MU5NWVZHSTFpVkx5VlhzV19nUFR6Zlc4STF6Zm1rOExwSFI2QWItc2Y3ckN3OVliTGNZRl9DTXZSbHRGOEI3ZkplSXVYR2N5aVJoOTVzMEprak9INXpvMmxhaHl6OWRFRk1wTUVnNVE?hl=en-US&gl=US&ceid=US%3Aen,Military.com,5 hours ago,📰 Military.com,https://news.google.com/api/attachments/CC8iI0NnNVJUbUpIYW1OT2MzcG9hVXRNVFJDZUF4anRCQ2dLTWdB=-w200-h112-p-df-rw,2025-10-21T02:01:38.505137
"WWII Nurse, Age 100, Still Fighting For Veteran Recognition",https://news.google.com/read/CBMipAFBVV95cUxPOWJjcTBtRElJMGJyMHpNRjl4S0ZaOElRZVpNejZvb0N1RkpLYXNtRUctTG5yN2x6VUVaVUlzd0JhTXpXZDd4MVA3OWJac1dMYlllcnFOWUFjT1V0WFlIQmxXdTdLM0puNm9UajR2RjV0QW9UbXJHM0YwcTAzV0gzSjRzTFpzNEpROEVxeFJrOVJKOUlhcGhQVGhXcy1rSXNhOHNnaNIBqgFBVV95cUxPU1hpamQ1YVAyZGtnaXdTV3ZQbzR4dFItbFlMOW5uRzRoclRZdlBYVmhYZC16ZE9FbVY5Vkl1VUhDQmhxU25vSWlRSld3OGtuZWJHMDBRT2FYcjVxWlNDZTdmUWtjazlOZnAyek5WMWtyTTk3QmZhRVlWNU9hUl84VU5kOUktc0F5QjdwVWU5Z2VmQm1WSHZuNTNIYlN4TmlZYWk3VS1zN1dCQQ?hl=en-US&gl=US&ceid=US%3Aen,Military.com,10 hours ago,📰 Military.com,https://news.google.com/api/attachments/CC8iI0NnNURTVFpXVUhZMVpHNWFZbDlsVFJEU0F4anRCQ2dLTWdB=-w200-h112-p-df-rw,2025-10-21T02:01:38.505139
Israel Resumes Ceasefire in Gaza and Says Aid Deliveries Will Restart,https://news.google.com/read/CBMiugFBVV95cUxOVEwwM0YwMEt2WW81ZEdVczg0QW9PTnprUmlIYW96ZTV3NTRvMmZqTVctYkNIM0kxYmR3akVYY1FpOU9QVC0taE1sMTBmT21lSjZnc0FXLUg4Mm42VUlBRW9yc1lnNW5wWTJTdUFIdkRTeW45OHM1SU9vNDJIcGNQUnBEa1RjZ0RLV0QxRWVQWVVtdkxYR0R3UWNlU2t1NjRCQVpoU293NHduTVdGTXo2WGpTLTlkempHakHSAb8BQVVfeXFMTUFpQkpINm1ZUzQzN3lNS280LUwxSWhramNYNm9LLUpJc1UxSTE4M2JncGVZN2hBMm40UTExLXBBcmdibENyMmtjTW5WbExvYWM0MVcwNmlVRWVPMXFwcGlKX0xqZVF3cWZ0T0NyR1JFbmNPQ21rYldZZm5vN05Lcnh0RGxHU2JkeGhZSEVKbVdubzMya0VLWi1WZ2o2ckNLTllPOWZNcFFKWDgzaWpiVDZJVnVNNlF1RFp6dmozV3c?hl=en-US&gl=US&ceid=US%3Aen,Military.com,15 hours ago,📰 Military.com,https://news.google.com/api/attachments/CC8iJ0NnNVNlVFI1Vm5aWFJrNVFZVEZEVFJDZUF4anRCQ2dLTWdNQmtBdw=-w200-h112-p-df-rw,2025-10-21T02:01:38.505142
"Russia's Novokuibyshevsk oil refinery stops processing after drone attack, sources say",https://news.google.com/read/CBMivwFBVV95cUxONC1zd3JXUVlvYUxiaGFqRU9QU3lmdU4xazhqRDlDMEZuM3l2XzNiTUhIemtiT1AzMUlTaXNpM2J5Nnl1Ui01anpLdHdZMjV0RF90bzB2VWlBMjB0bkRHRlNHblhURkNVYmxFNzNWMTIwUnhuTU96OG4wamc4Wk5TTlFkeWNyNkV5V1pwSHhESUFmYnpGS2Zwal90UGtRaGdwMC1WdXQ3VkhhaW5HYXhVNUpYMDhHMmJuNGhLZTFKYw?hl=en-US&gl=US&ceid=US%3Aen,Reuters,10 hours ago,📺 Reuters,"https://encrypted-tbn2.gstatic.com/faviconV2?url=https://www.reuters.com&client=NEWS_360&size=96&type=FAVICON&fallback_opts=TYPE,SIZE,URL",2025-10-21T02:01:38.505144
"Exclusive: Ukraine drone attack on Russian gas plant hits Kazakh output, sources say",https://news.google.com/read/CBMivgFBVV95cUxNN2ZXUGdXbDUzelVIemFVQ2pPc1BBNjAyNmdudlIzSS1Hd0c4bGtxSXhITkpSdElYZEZDSzAtdEptM21rSC1PZU1uSl9Vd1R2UDhJWFpJSm1FTnROdWhMYUhXdUxoVnlxaXJGcy1Qci14Z3NWWGlyaVV3dUpZS2EyWFJydVpUZW56cXZ2aDlTT0hvMkxZUEVSdmxhTXZBQnRUTTI4SXl2X2czQXdkZUYzUEJvaHp2YUZjQ2tDR1Fn?hl=en-US&gl=US&ceid=US%3Aen,Reuters,11 hours ago,📺 Reuters,https://news.google.com/api/attachments/CC8iJ0NnNUZaMmhsZW05TFoyczBTbU0xVFJDLUF4aXdCU2dLTWdNQndCQQ=-w200-h112-p-df-rw,2025-10-21T02:01:38.505146
Civilians in Sudan's al-Fashir cower from drones as siege worsens hunger,https://news.google.com/read/CBMirgFBVV95cUxQQ1NzUGpXZ25kdXJQNFA0bzVPcXJvcTUtLU1VcFN0SHYtY3M2azFsa2pvS0JrRTM0S1oxZ0hQMlRacUdkQjNiSFQ5WWdSWGxkcFppUTBkazIzQ0JBdmdTYlhiTWY2SVZBQWNTdElHZm12aS1saTRoUTFaanlYbXR4YzJlYjJCZDI2dEJGcTFTYmZMR2FGbjFQNFlMSUJUVm5BcUczUjlFQ2V4clhwT2c?hl=en-US&gl=US&ceid=US%3Aen,Reuters,9 hours ago,📺 Reuters,https://news.google.com/api/attachments/CC8iK0NnNHdia1pMWWpkdWNXWTRlR1pQVFJDUUF4ai1CU2dLTWdZQlVJUkpLZ2s=-w200-h112-p-df-rw,2025-10-21T02:01:38.505148
Investors managing $3 trillion in assets urge countries to stop deforestation,https://news.google.com/read/CBMi0gFBVV95cUxNd3J4ZXVFMnVwcFdKd2dtR0s2N29FZ1pzckRtd1JieHVvQjJ1QTBBN3ZmaU5GcWxjelVrTE9JenktTTVmWnJYVjZxZV9OeWJ4d295T3FqenQxaElDQ09iX0NNNVh1VHBrVmRVR08yQkRxbERzQ19BckN2R1FNekJQZkFiaFd6RGdRaHcxcnJWRVE3cGhicGRvZzRYZ1Rhb0w0TUwxTkpsUmQxT1QyNjR2Nmw5aGJ1enY0V0swRXVVbkRheHRDT0txakktODUyN3VIV1E?hl=en-US&gl=US&ceid=US%3Aen,Reuters,3 hours ago,📺 Reuters,https://news.google.com/api/attachments/CC8iJ0NnNW5UVTVCYzFSWlVIWlBiRXhzVFJERUF4aW1CU2dLTWdNQkd3Yw=-w200-h112-p-df-rw,2025-10-21T02:01:38.505150
"Trump meets Albanese as Australia eyes rare earths, AUKUS submarine deals - as it happened",https://news.google.com/read/CBMitgFBVV95cUxOeWlrQnJBUFlNSy1YQmhycVA1ZVpWb2czZnNjV3ZmNmFaUkZMVEFyUE90QWV3MGZWdnl4Z25oTUdETkd1blpYYmdSdWtVWlFmeG8ySnJSMUxKR0tEYTRiUVpFb2x4dV90cnZUWThZeVZ3OWpHYUpRaU9nOXFPQV9aUW8yVzRKX1JScjZxSTJQYTNibkkzX3JqbXh4NDRzRUFZVDk1bXpxSDhLVXNFWi1pcUF5VTg4QQ?hl=en-US&gl=US&ceid=US%3Aen,Reuters,16 hours ago,📺 Reuters,https://news.google.com/api/attachments/CC8iL0NnNUxhMjVZU2tkdlJrVk5UMGR4VFJERUF4aW1CU2dLTWdrUk1aQ0hvaWs5cGdJ=-w200-h112-p-df-rw,2025-10-21T02:01:38.505152
"South Korea to become 4th-largest global defence power, President Lee says",https://news.google.com/read/CBMiywFBVV95cUxNV0lzTHZ3T2tfWkZqcDFraS0xcVQxMk5PRnJVblNkZGZWZzI0V1ZHdmlKcWpFd2k3eUpiVl9Ua1VrX0RKczJxcVhsWXgxd1VmOG10WnhraG5RYm82WlB4SnNQYkpONkJiV1RYalo1SmloSUNmaklyMUZwRDVvZDVmaHhZT0V4eW1qZ3MwOFBkb3NYRDFBV090d1JZaFByYjVyc3VqSjBXMVdEVGlibWdLc1lQZm5BQ1NlWExYYmF0RTVRUmNXckJVOHdtdw?hl=en-US&gl=US&ceid=US%3Aen,Reuters,17 hours ago,📺 Reuters,https://news.google.com/api/attachments/CC8iK0NnNXNkbTQ1WkhaMmEzVmpWVzl5VFJERUF4aW1CU2dLTWdZaHRZRHNWUUk=-w200-h112-p-df-rw,2025-10-21T02:01:38.505154
Madagascar coup leader names businessman as new prime minister,https://news.google.com/read/CBMijAFBVV95cUxQblJsMVlKNGY2V2JwMXBSdmtwM3lERU5FR09VM0xYYllsN1VXVi12bDZUSlFsS2ZKM3Zxazh1Und0U0loX3pQV1ZUa0Y0VGhxUHBYUm9CRWZUc1FndkZMelp5MU1OTWRQYVk5ekxKX3dYb29GeVhDT3N2d3REQlJza3k1YUtBczNKYUFyQQ?hl=en-US&gl=US&ceid=US%3Aen,Reuters,10 hours ago,📺 Reuters,"https://encrypted-tbn2.gstatic.com/faviconV2?url=https://www.reuters.com&client=NEWS_360&size=96&type=FAVICON&fallback_opts=TYPE,SIZE,URL",2025-10-21T02:01:38.505155
Operation underway to salvage LPG tanker MV Falcon after explosion in Gulf of Aden,https://news.google.com/read/CBMiwwFBVV95cUxPM05kN0xld0MwWktpU1UyQm9GbG9JejBaNnlxaE9ieDl3azZyYmhLUWI2S0ZQek9CY05OckNBWmduZXZPb1BvdDctOElRYXhlRW5uSW5HVDBqZ0VWSnZ6N0RZbER2cmpyWUtjcG5vRHFrTk03bVpLaGp1S0hWV296dVdjWW4xRTdwblhQTVVBb3V2dkxZNERUZnpBaFlDY0g2ZEhqYnY4aFFtM0JYazN0RWh6V1FyaFMxbnJqeDVkd0tqWHc?hl=en-US&gl=US&ceid=US%3Aen,Reuters,12 hours ago,📺 Reuters,https://news.google.com/api/attachments/CC8iJ0NnNDJSRm81YVU5UVYwZzNOVzh4VFJEckJCanZBeWdLTWdNQm9CUQ=-w200-h112-p-df-rw,2025-10-21T02:01:38.505157
"Europe 'ready to deploy' troops to Ukraine if ceasefire secured, says Healey",https://news.google.com/read/CBMiWkFVX3lxTE9TaHZRWmdVVGVlQ1NET3Y5RXhjcHpuUzBRcWN6QVF2Y2RscDZkcDRWcnY3SnV2LWxnbWc5bGZoVVhjQi1zTHI2ODB2emhldldxRWMweWRqYTVTZ9IBX0FVX3lxTE5SQkVMTlViMDRiYVZrSHNLMmswTXc0T0ctbElua1dhOWdlYXNjcWlET1M0dl80dm4yaU1hQmVaMHRkeHRVdlJkNVpndkkzSExkUkZKZUhnYXRnWFhTQURj?hl=en-US&gl=US&ceid=US%3Aen,BBC,4 hours ago,📺 BBC,https://news.google.com/api/attachments/CC8iL0NnNVlRbUZLYUhGU0xURmhlV3hSVFJDZkF4ampCU2dLTWdrUkE0WlN5U1JVUWdN=-w200-h112-p-df-rw,2025-10-21T02:01:38.505160
Debunking claims US 'No Kings' crowd video is old footage,https://news.google.com/read/CBMiVEFVX3lxTE0yWmhsengtWDdZU2pZQktXa2s5VnZFZ1dFSHF6NDItXzZKR0VnSTRpYXlwdC0yQWZ4RV9IdTlUc3IwTzBkQmNNTE9DZ3RmUG81YnBadQ?hl=en-US&gl=US&ceid=US%3Aen,BBC,11 hours ago,📺 BBC,https://news.google.com/api/attachments/CC8iK0NnNHRRVWd6TFVKTE9GQlhTV2hLVFJDZkF4ampCU2dLTWdZTkFJZ2xEZ3c=-w200-h112-p-df-rw,2025-10-21T02:01:38.505161
Issues Reported With Websites Across the World - What's Affected?,https://news.google.com/read/CBMiU0FVX3lxTE5Db2FPSlc4X0dBaDFPbzY0Vm9KdHJKemlxbUJ4Zm1KX1ptNlRBSWR0cTZyWHBYdWlnMGlGRFlQeVg1Tzd3VzgxeXNhbWdzMm12U1hj?hl=en-US&gl=US&ceid=US%3Aen,BBC,17 hours ago,📺 BBC,"https://encrypted-tbn2.gstatic.com/faviconV2?url=https://www.bbc.com&client=NEWS_360&size=96&type=FAVICON&fallback_opts=TYPE,SIZE,URL",2025-10-21T02:01:38.505262
BBC at scene of 'brazen' Louvre jewel theft,https://news.google.com/read/CBMiV0FVX3lxTE9vZHJETjVjODQtSndYZVV5LWhsSnVhem5QX1BmeG9wUkxhSWJBbmM1T1B6Rm05blJORWRzRlREY1E3X3lacVNWSWN1RHVyTVhlenhwaTRpOA?hl=en-US&gl=US&ceid=US%3Aen,BBC,14 hours ago,📺 BBC,https://news.google.com/api/attachments/CC8iK0NnNTZTbVJSVUZOMlgyTklWRWRKVFJDZkF4ampCU2dLTWdhSk9KVEZwZ2M=-w200-h112-p-df-rw,2025-10-21T02:01:38.505265
Trump says ceasefire still in place after Israel and Hamas accuse each other of breaching deal - live updates,https://news.google.com/read/CBMiXkFVX3lxTE11dEhSclV3ZHpWZnlqUEpjZ01LZ1dudEdBVktaRnJBSndNckE3dXVaMmZzV0NaVHdjbHJRMkZSZEhvbnNnVnM5TDFhUTY1c1pPbUU0TGhZeXVJZjN5bWc?hl=en-US&gl=US&ceid=US%3Aen,BBC,18 hours ago,📺 BBC,https://news.google.com/api/attachments/CC8iL0NnNUJiUzFLWDBKc1EyUjBXR3hDVFJDZkF4ampCU2dLTWdrQlFJYWlMaWM5TkFF=-w200-h112-p-df-rw,2025-10-21T02:01:38.505267
'An embarrassment': BBC reports at the scene of Louvre robbery,https://news.google.com/read/CBMiV0FVX3lxTFAxOXl0X1RYSWlGODlkQi0tS01xWThXVzVwamhxYlhUekFmV2dDVEQwUXdyeXNpdktuRm9nTlh6ckhmQWxhSXh4NGRISmtwTHpkemtVdWNyZw?hl=en-US&gl=US&ceid=US%3Aen,BBC,19 hours ago,📺 BBC,https://news.google.com/api/attachments/CC8iK0NnNWxOMlpRVlMxUVduWTVUSEEzVFJDMEFSakFBaWdLTWdhQmVvZ2pOd1U=-w200-h112-p-df-rw,2025-10-21T02:01:38.505269
Archive shows woman rebuilding Ware home in Wells-next-the-Sea,https://news.google.com/read/CBMiV0FVX3lxTE5ZNkpXZHd5X1pkOVJBZUxBcGI0MWdDYWF4M25Jb0pBVWJmTXRaNkFkOFBVZ0hySTZNQ0phamVKeUZIbE5LTnEzMjdJZGVYUUJjZWVfRTE5Yw?hl=en-US&gl=US&ceid=US%3Aen,BBC,11 hours ago,📺 BBC,https://news.google.com/api/attachments/CC8iK0NnNXFVakJxWHpZNWJ6WmZSSEpsVFJDb0FSaXNBaWdCTWdZcE00Z3lvUWM=-w200-h112-p-df-rw,2025-10-21T02:01:38.505271
LA turns Confederate statues that launched US protests into art,https://news.google.com/read/CBMiWkFVX3lxTE0yUWZDaWY3emVMUVBFRHRPTURKSldIbHRnTjB3bmMzcGFUb0lTXzJKaEktQmxOZTFpLU5qT3pPTDJfSHhQenptWVA4M0hvamctU2xQRDJnaFpyd9IBX0FVX3lxTFB6NW1ZVjB4cWxsd3NGTEZTUk82Y0hCdG1FdUI3Y04yZEcwaW50d3dpdXJnel9rb3VfaUh2QTlOcVJGbmJhR1pDTTg1dHV0YXFobkNKN0cyOTBTRFZ3Nm5F?hl=en-US&gl=US&ceid=US%3Aen,BBC,4 hours ago,📺 BBC,https://news.google.com/api/attachments/CC8iK0NnNUVaMHRtTlZvNFdFRmpTVTlOVFJDZkF4ampCU2dLTWdhWkI0aUpEZ3M=-w200-h112-p-df-rw,2025-10-21T02:01:38.505272
Israel accuses Hamas of attacking Israeli forces in Gaza,https://news.google.com/read/CBMijAFBVV95cUxOelJEM1hzUWtpRHZ4ZkFqM0k5UEdPSGxFczRTSVJvdllMWDFZSk9DN3dBbmhBQXhsRklfbXBSbGp1YnhnUkpsNXpta0tlRHhQUEt3YlZZampqUkhxbEVVU2VOYUVUclo3My13WktVbU16d04ydlJTdlhYSEozN1dtNFZzQXhnX1F4ZzFpbA?hl=en-US&gl=US&ceid=US%3Aen,CNN,23 hours ago,📺 CNN,https://news.google.com/api/attachments/CC8iK0NnNTZXbmxPT1RaUVNrSkVZbTFzVFJDZkF4ampCU2dLTWdhdFJaYk9vUWc=-w200-h112-p-df-rw,2025-10-21T02:01:38.505274
Trump administration latest: Senate Democrats again block GOP’s stopgap government funding bill,https://news.google.com/read/CBMihAFBVV95cUxOa3l4alN1bGZwSkg2dDUwRjU3NUozTFI3NkE3VVRaZ2lFQ1hPSnRDRnVmWG5ITzJjY2pqY3RONXRybG9ZQ1VUVV9XdmZUaWxoUE9LeHJHV1hic1o1WURpOWVib2RqcEVfSlBIdzFrOUEzZmNqeHVkWmVBRk94a2tSYU5GbWs?hl=en-US&gl=US&ceid=US%3Aen,CNN,1 hour ago,📺 CNN,https://news.google.com/api/attachments/CC8iI0NnNXVka1ZSTUVsSWNXcFRSMFEyVFJERUF4aW1CU2dLTWdB=-w200-h112-p-df-rw,2025-10-21T02:01:38.505276
Justices agree to review federal law banning drug users from possessing guns,https://news.google.com/read/CBMigwFBVV95cUxOMGNKUVJNT1VtVVFBQVVWZUpNUlU2eklaYk9mNVNXLXM4VXA1SEJTdXloelp0RlVuT0c2Rmhua2xHdTFKMThWU3ZKN1ZmeGdFSHpaQU16UXRYUWxoSllfWklrVVByWFNWd1BMSnZ5eFRabllEVTNEQkI1dnFPeVRLTDRrcw?hl=en-US&gl=US&ceid=US%3Aen,CNN,12 hours ago,📺 CNN,https://news.google.com/api/attachments/CC8iJ0NnNW1aRVUyVlRBeVRHZGpVMHQ2VFJERUF4aW5CU2dLTWdNQnNBQQ=-w200-h112-p-df-rw,2025-10-21T02:01:38.505278
"As tourists continue to visit national parks and DC, advocates and local businesses warn about long-term impact of shutdown",https://news.google.com/read/CBMiiwFBVV95cUxQcEFOUXJ1NTBGTHNzNWVTam44cnVZaGFDVDBIVGNjOGZyUGVWM01EaGUtc0VsaVRRUXcxMUhtSnZnaXJqVC1pVFl2S2dCNGlVSEJXLVRXN1N1OUc2R24teHJrV2diZWlpQk5hNWJ1ellldjdINmRRQThEQ2lpU3BKMUsxV3JNbHNlZHJF?hl=en-US&gl=US&ceid=US%3Aen,CNN,14 hours ago,📺 CNN,https://news.google.com/api/attachments/CC8iJ0NnNXpVMUZDZEhkS1ZFcEtSMWhWVFJERUF4aW5CU2dLTWdNaHNBWQ=-w200-h112-p-df-rw,2025-10-21T02:01:38.505280
US-made Tomahawk is a tried and tested missile – but it’s out of Ukraine’s reach for now,https://news.google.com/read/CBMitAFBVV95cUxQcURsR0tobzNaOVowYjZPNzhITGN4MzlNYlNpekhzQlZoVVVkUUVoR3cwcDlIa2RXOTU5NktLWmhEVzJLekJwTGZwZXVHWkw4QUpDSThGNWlYQThySDIxY1BKdmFsTUo5QmxhRzBicUZ6OXFaTW1UQjBVOUtCb0hsaEtWaUtES3Rab2trQ3FjcFIwZGhhZUczZmRHUlF4LVJGZWNzRUstVTVJVjNnQXNqMWlVU2U?hl=en-US&gl=US&ceid=US%3Aen,CNN,13 hours ago,📺 CNN,https://news.google.com/api/attachments/CC8iK0NnNDJTRXR2WWtKYVZsVkJSVWhUVFJERUF4aW1CU2dLTWdZQmtKYVdQQWM=-w200-h112-p-df-rw,2025-10-21T02:01:38.505282
Why the world's largest shipyard is part of a plan to 'Make American Shipbuilding Great Again',https://news.google.com/read/CBMijwFBVV95cUxNZ2wwLTlrTk92WHByc1k3YjdkSUpueEw5ZTFGZUFoRDJtdDhGc0U4RkJRX19xT2tTQmZEUlNJTXpUT1U5OTNFYmJrSkx6R0ttOV9NcFpfSzhyNmd0OWtXcTBLaFBWdWZyOTl5U3pkN09jMDhYNjlrMllOWFVRdTN4SzAxZE5HUTJOQk8yZGMyVQ?hl=en-US&gl=US&ceid=US%3Aen,CNN,12 hours ago,📺 CNN,https://news.google.com/api/attachments/CC8iK0NnNWtRMFI1UldsMU4ybFhOR3cxVFJDZkF4ampCU2dLTWdZQlk0cWx2Z1U=-w200-h112-p-df-rw,2025-10-21T02:01:38.505284
CNN News Central,https://news.google.com/read/CBMicEFVX3lxTE5qOXlYMTNvTnNJemoxa1NCZTY2djB3NVpPZEtmQWlTaWxYT0NIQy1CYk9razFwUldYSWtEajNvNnMtS0E0QU5BQVhhZlNOYV9HRnQ2V01kMHZfM3hUVDRCVTNKdURWRkkyTnk1RDdwQ1c?hl=en-US&gl=US&ceid=US%3Aen,CNN,13 hours ago,📺 CNN,"https://encrypted-tbn2.gstatic.com/faviconV2?url=https://transcripts.cnn.com&client=NEWS_360&size=96&type=FAVICON&fallback_opts=TYPE,SIZE,URL",2025-10-21T02:01:38.505286
The Situation Room with Wolf Blitzer and Pamela Brown,https://news.google.com/read/CBMikgFBVV95cUxQUzlfdjhRNGMyMU5ObWVSUW5TaWlfX21zd0tJbVR5RHByZTBxdGg2anVRN1BBX1RKWC1YZHBmMVhmQ292ek9pWF9uYklxSk1pTXMwSlFjVHF3QzhnaTVKckpJd21Mam00dGRRbFlkb1A5MmlfSFNzQ3kzemdKUlJyZ3EycEZ3ZFZtSXcweHFEeGFDQQ?hl=en-US&gl=US&ceid=US%3Aen,CNN,Mar 20,📺 CNN,https://news.google.com/api/attachments/CC8iK0NnNVZTbk5mUzNSTExVbFhiV1JhVFJDa0F4alpCU2dLTWdZSlJJZ0VvZ2s=-w200-h112-p-df-rw,2025-10-21T02:01:38.505288
U.S. Rushes to Shore Up Fragile Gaza Cease-Fire,https://news.google.com/read/CBMisgNBVV95cUxQYTkwNjkzTzNkQ2VnZkZYeDZGOWxQNmVPXzhuV0NYN0dCVjlZOGNpcTg5T1VXaFdMWW9qZ21VTUwyMXQ1SFFaWU14MjBOUGRvQjRJanVyWklPMi1UcGF0NmY1R2NobGRaRUNnZlVXblF5MncyNG1sWTJYZUlvWV8tcURBUU5vcWJjazBoTFhYbUJ2NE5VanZ4RHVDM2tSYW9uSlVkSzB2TkJYU2dkdFBNTTJ3N25sdEdLdVZqWll2eXlWOXNfYmlzR0pMd0FKSGlVRmNKNkd3ZHBUMjZ1NktzSWlKRjRmMG8xRlphRFdseFVTd0VNcTVBZzQybV9PLU9XUnVERl9QUzlIQVRFVmxjRHE0NkhPQ3pwcHdEUVpmRzNHaGo3SmZ4SnlwUWRETHJ2aXlWY08xd3lsMVlqZk5KT2ZlTlhqeE1wTkFrbFhQN0RDSG5rRzlfcGxKamdyYTA3MHpQdDVGY1BCd3dtNWVMMm1ONG11SExzaW1uUno5azhOajdFV0daZWRaNmRyZUFzbGw1YWViS3FtSlpWMmVvY2k4cWxWbzNQaHlBak51WU9iQQ?hl=en-US&gl=US&ceid=US%3Aen,The Wall Street Journal,9 hours ago,📺 Wall Street Journal,https://news.google.com/api/attachments/CC8iJ0NnNUtZMjAxUlUxMFowWnlVa0ZFVFJERUF4aW5CU2dLTWdNZDhBQQ=-w200-h112-p-df-rw,2025-10-21T02:01:38.505290
"Cyberattacks Cripple Small Businesses, Even When They Aren’t Hacked",https://news.google.com/read/CBMiqwNBVV95cUxPVEJ2ZFF4dDAzSFlkOHA4azRmTlJvV1M0V2ltcE51OHpJX0x1MjZWeXdhQ1ZOaGR3TklZRWYwejFsQUxYb0JvZFBfQ1FPYVo4YUNyWm4wN3c5VDd4bWxkOG5GRHEyWHFfdG5Lc2RyZmE0R2Z3djZyZU9MYVhoS09uWnBBNGR5Mjc0SzFYNGhXQmd1Wktpc3hiblhkbzc3NEdxS19oUTdWeFhTeXVzU2RZSWZlTXoyQmtMdl9sZExXdjVMMktzNmZMZFBiYWtLamhFcUp2Qlo5VWlwbDVuNVV5bWZJN3BiQnZQMmxrM2lOLW9fem56dFQ1V0JobVd4SHowZ18xOEstZDQ0SUllVEw3a2dXdG0tVmtXS1lPS2FpSmtrU3E4cGp4LVdnSEZ5dVVjZXVldGtoX2hidGtvZUtyWWRFVGFzV190QXlJbWpUa2NaanM1NGtUSXdIVGpxU1RXelEtOUVRY1pUeWNCb1JEVGo1R2ZwVU9Oend3UnNZQ1N4WDJkNUtkbXRSckk1Y25XVE8zX2c2eF8wTkx3b1loY0k1Wi0xTGhSeDUw?hl=en-US&gl=US&ceid=US%3Aen,The Wall Street Journal,18 hours ago,📺 Wall Street Journal,https://news.google.com/api/attachments/CC8iI0NnNUJaWEozVW10NWJsQm1kVUk0VFJERUF4aW1CU2dLTWdB=-w200-h112-p-df-rw,2025-10-21T02:01:38.505291
"Comex Gold Settles 3.50% Higher at $4336.40, Record High",https://news.google.com/read/CBMimANBVV95cUxOeTNCZFlhMDItQ05vSEUzeUJCMVNSSGpsOGh1eWRLS01iLU9jcDU2YTZDSDhnT3pSMVJKWm5wUi1YRHFEcnJvTkhoek9LMlJ0TXRLQ2JJN2FNUG1STFFQa1lQUXljb3lvbkNNM01vclhscjZEYjFtblh3bVJKaENKWmpOQWdJZ2tzd3lDMDBrX1N0V21YUTZIQXIyRDZlMml0TG0tcFBzQWd2cXJ6WnNFeHd3Ty1Zc1ctbnVHVXA4WjRRRW9CUmhVdG13R3hhZllMWHJRNnZrVWJlS1Y2OGVTTGY3MTc5bjBvcEtSNDV3VENWT0V1Um1EbGxRM3FJcHRVWGNGOWYzaVFldmxzYTN3X0JjNXVOdUZGdUJHRFVjNXJKU1c4b3dJU3F1ZDBfemd5TGVIZ1hiRWVMN2Z5UlowRXhuNUNDNjhHYjRsMzRzQm44Ym1ZV2NqaTRmOFJVUk1hbGd2NWN1eHBMQlJ2dFRkYkxqNlYyZVpzbVJtdklTSUV0ajJRSS16NU13dXo3czE5YVUwMHpPQWI?hl=en-US&gl=US&ceid=US%3Aen,The Wall Street Journal,8 hours ago,📺 Wall Street Journal,https://news.google.com/api/attachments/CC8iK0NnNUNURzlYWTJNNWNIRkdVakE1VFJDNUFSaktBaWdLTWdZSnM0d292Z1E=-w200-h112-p-df-rw,2025-10-21T02:01:38.505294
Startup Aims to Fight Wildfires With Water Cannons on Drones,https://news.google.com/read/CBMiwgNBVV95cUxQUnNSaTRXcW5yYzRWWG5QNllEcl84N3l3XzRkaU5hcFJjWXljSnE0LTRZd0YyYjhwakI3eUFkY1dfMTMzYjJZd3o1YU1MZjk4QjM1X19jMkdpdGVETHVBamk5dFpKUDFFWm16LXpNQ2I4MHMxLVFBa190clJMRW1fRHptMjNsb09nZWlzUmpZRWJtWnkxVklXaC1oVjFkU1pJT2dlZFczOWZkMnRYMWZfZ2NMZlpBbG9PY0xWU0NOYjd6b1VyRXBydDFkZURXaXBTWnhVSnhkZEs1MU4tYTVOTmJOeEVFd21GbkI2SDd4cXVTWE5DTTdTdC1qVWozTVZudEs2MGdIZFk5WnBhWFQtZHNRWkZmWUZkOU1BNjJZN0N6MUZqVVB2eVN3VEdfcHZ1WWFPdHAwdHNTdjBnekR3SnhOVFVVN2lkSHY1c1hnWjdZRG5DYi1Bb2p5bWk3SHR3ZUs2TVEtQkVkbmlXSzdSczB3dEEwYVBMR1hvQ0tmVmkySVd0cmNweEpGUlBHSjd6RVA1QkU4c1BXazhocm5WZTZza2s1c0g4SlZFWVBNYktGc3dUMlFjTU5qcHpNaGp3THc?hl=en-US&gl=US&ceid=US%3Aen,The Wall Street Journal,15 hours ago,📺 Wall Street Journal,https://news.google.com/api/attachments/CC8iK0NnNVBTVTkwUlRSaWFsUlNUbVpaVFJER0F4aWtCU2dLTWdZQjRJaW1UQVE=-w200-h112-p-df-rw,2025-10-21T02:01:38.505296
Wahid Nawabi - AVAV | AeroVironment Inc.,https://news.google.com/read/CBMilANBVV95cUxPTm9GV2tvQnpNdkR5UUpZaTRsZmFMOWxqb3JmU0phYk1ybmdHQTRDTnpKY0dNLWJpd1h3VzNwWE5MY2F4U3JIZl93ODZXUUgxbkxIUjRSczdrRDVuS001SV9sdXFwMlA5UWNFaXI4WFR0T2FjUUU1dzk4V25wTUZ3QlhHcW1NUjBieUxudTJWVURVVnN1T2Y1Sm85Nm9mWERZYi0tU28xVjZuSGlkbC04NUJ6WjU2aFlPaTJUYThTWm5ObG8xVWVCQkc4RmMwRndRc1VYeUlwT3VzWXlpck1tN2lCTm9ONXpkRDNUanN6YnhNMlpRaHI4MThaeXh1bHZ4V3NEenhyVmNmTjBxT2pZU2tCbEpjQ0RCbEhReFJadEtMNTVkVHNMX3pXQ2gxV2RaUXN1VWdhSTJJSFhrcnBTYmdSZENob0ZMUEtxY1d6TkRYdUVLTEVZZmFEZDJ3bUZNRGpOZkJsRERid0x2dEY2cV95a0dUQlZRazN1MnIzeWpETXRqeC15c3h6M2lfRF8tQmV2WQ?hl=en-US&gl=US&ceid=US%3Aen,The Wall Street Journal,"Dec 20, 2019",📺 Wall Street Journal,"https://encrypted-tbn1.gstatic.com/faviconV2?url=https://www.wsj.com&client=NEWS_360&size=96&type=FAVICON&fallback_opts=TYPE,SIZE,URL",2025-10-21T02:01:38.505298
A Ukrainian City Fights to Keep the Power On - WSJ,https://news.google.com/read/CBMilANBVV95cUxQVTlBaXlDNEhRQVAtN3RfWldUbkFXTmtvWV9hRHdwSzFfMFJ0S1dVN2hKSXFTUFJpUTlnb1BYWng1U1ZHa2p3a3lwandjQ3hGWHZWQWNLMTBqQ2hHX1kzVjBMQzY5TkdWRUdQeUpvME1vNEYyLXlGajVFTF9jalAzS2tNUUhfY2Q2Wi00cEtSLTFielo3UzJyRDBWWVQybG5LNF9RTVl1TzVkcnNaZURDMGl4RGRNd0p2YlVBUGF0akt0VTQwdWh2ZjhTVU1HbUV4T3h4VURzYi0xemxuMl8ycGNGSEhMZkRjZjhFaW1JRHRLRl91LXpVYkFXa18zOTNxc09KSzhKcEd3bldXTUdwNUYyazZhYWhZMmV6U2ZiU0pkSHYyRlNtVHVOaVFxYmRLTTMyZ3d3SkY4VlhxQjg0emNHc1ltbHRUdXdVUGRDMjRLYlkyQ1J0VUF1bENGWi1PZ3l2dFFyakZYWTJWQ21sQTRpZk1ydmc1SXdfMF8waUlONkhGX241UVFhRWZZWnBmbkkzUA?hl=en-US&gl=US&ceid=US%3Aen,The Wall Street Journal,19 hours ago,📺 Wall Street Journal,https://news.google.com/api/attachments/CC8iK0NnNVNORWxNVG05dlNHVmpTeTFqVFJDcUJCaXFCQ2dLTWdhRmtvNnJPUVk=-w200-h112-p-df-rw,2025-10-21T02:01:38.505300
"WSJ Opinion: The 'No Kings' Movement Grows, and John Bolton Is Indicted",https://news.google.com/read/CBMilgRBVV95cUxNdmZTMmkwT0lvWDdwdnZWendZRDRsY1Q3eUhzakVBMTdTcWk4TWt0cG9iTEtSZkZTbHRtM2tSRmZWODhrN3VYb1hpcnpKSjktWUZHZHRyY0s3b2l4S09lVkx0cm4zQ3dXTDBfZlRJblNMNWtHQ1MyVDdlUUNSNllETkUwOWs4UXBJMl9QbjhrbUxBTFRKNHo4N1Rna3ZGeWR0WkFzbUlVVFptdlBnb2phOGNVX0dybUp1SzFvazlFbmUxTlFlaGxRUTZ2NjVxb2lyYUtsS0VKdEtNNXNBTURiMnJqaDkzeEV4NDR3U0RuXzBQSlZELXAyRUhlbW5yOHAzTmYyRG9YeTcxVzhTdWRqQ0h2QU1QTTZyWWpGeGJNc1htaVFLQTRCR2VjeWp6THFHRFVGY0M1WDZUZFFzTUttZ0FkRUkwbTBzM2I2aTM4Ulh6c3dBbVRVeF9uUzdqWmpxaXI1QWc1dmNUdDRWZnJvZFJ3UVNOMDd4UzZxc2Vfb2k1X09MSzM5MDAwTkVZcFVlZW95bGtnekFXYXpiWWhEQlJfV29NQkc2X0dXRlk0cjVpVi1GZnhYWGozbzkza2hKZlZwVExJVGZXZ2dWRXFoeUhzWVE2cHp3M3Fza0JJU2ZSVHB2MEFoaTdKNWZaWURxZkJCWlpYREt4UFV5eVI3R0cxcm5JRHVXc1lHTmI4OEJUQjZOVWc?hl=en-US&gl=US&ceid=US%3Aen,The Wall Street Journal,3 hours ago,📺 Wall Street Journal,https://news.google.com/api/attachments/CC8iK0NnNWtUVTl0Y0RaVmJVcGtPVlJ1VFJDZkF4ampCU2dLTWdhQllZcm1NQVk=-w200-h112-p-df-rw,2025-10-21T02:01:38.505301
"'Hits and Misses' incl. car prices, Gavin Newsom and the Schumer shutdown",https://news.google.com/read/CBMi9gNBVV95cUxNX0xvbjVYNDlHQ2UyX1oyc0dRYlI3c2JWSXpIVjVNWTNYaDVweENQbmplYzZQQ014RzFnT3BRZnNkckpIbi15cm1YcGlma1Jta1EydTdsT1h4N0NiSEpReG9JUzliRW5kYW05bGJCVTYyVmJSNnRIcTFrR3FTMlZwVW5lYVFrNFZYbFJjSzhPWGpBaWdtWDN5NUtDSzFSMHM2ZTdhRThDYWt3ZTZ1LWpZZHRZRXZJbnB5c2dfbEFROTBKRmVkRVJlX1p0SWdCOXdoeHFFSWMtaDYyYmdXNXROMjBuX2t1Y1FSZnM1d3dwVHEwMXkweWpRNUxrYWZ3d0wtemlVcDN5dnAyeHhjZDlnekdRLWZVR05aMXJDMVA5cFk5bUFxNEhuTjhHTzV3WUJodUpNSm52aC1jWm5DSGJjVmF1aENFR2d1dG9lQzVEZV9BQU85Y3U3QjQ0dmxYUTE3NmxFMVAwLVdBbTBiaHp2MWhwQ2RWdUd1aDI3R2FWclZaV2c2MzhZVzJzNjJ2X3N5NGV2RGhQRDF4a3I4dEhlZTg2Zl9OOXkzcnc2bHpMRlkwaDJiT2xUSk82WVJNSDBoMXllM1hNWENYaXU1R1laUG43REZnWVlpV1BLR0FudUR3TGhXNUZDckFlV05nVU9DRFVaNG5R?hl=en-US&gl=US&ceid=US%3Aen,The Wall Street Journal,19 hours ago,📺 Wall Street Journal,"https://encrypted-tbn1.gstatic.com/faviconV2?url=https://www.wsj.com&client=NEWS_360&size=96&type=FAVICON&fallback_opts=TYPE,SIZE,URL",2025-10-21T02:01:38.505303
WSJ Opinion: Racial Gerrymanders at the Supreme Court,https://news.google.com/read/CBMijwRBVV95cUxQbDR6X1J1RjZvc19ZWDZUaTNjVW9aNS1qSFBVa3BrTDNqcS1ZS2tQejRXZjh5MnpldllvX2JuME51RGxxd21PR0VuNG92YnZid2lBVHhURzBxY3JuTUFSYnZKdnZSZF81bS1fUTF2V01EaXdNVnM2MHVPUlZUaEoxRDY5VFZ3d1RXbnA5Y3hSdTZBZlZrZWw4RkxiYjFXV0pzRXVHY3NRV0xteERDcndUNWNmYXY5N3JVUVhfakxreW9kSmc5YUtRQV9BazZIVW03ZlNDSVZZN2RFTjVxeE1YaVhoVDZUdHNRTHFMcjdpSU11eTJKX1U4UlZObkZrSXNPcFo5SGszMENVQXRtSjJHemk0NVhweHp4RU9HNlF3M3k3Rk9mRWRWbndsSXZxdFBSWmJ4cFViWVNicjBvWUsyM2ItODdIOXN2dXZnN2RVc0FTWUU4ZGt0M1huMjh2YWdzbjBJOXBiRTFXQTlvb3dUTDFxWTk1U0psZmRUbVpFYWY0S3dwNzJqVjFkMUtIZjYtN2ZPaDJhMm41T1hld0JOamRSVGRqRDdqZWFlMUlqQzEtRXBIa2ZUZjVHaVliaUFrcVZqSy1EVGJ0WHhGMnVDaFdWbUpUNHAtTllPdnFsckhDLXdDbTZPZGVRMUk3WkVIZkllVWpkRWZmbU5YV3p2WXVEbUQ1aHB2QUFEcVRBVQ?hl=en-US&gl=US&ceid=US%3Aen,The Wall Street Journal,20 hours ago,📺 Wall Street Journal,https://news.google.com/api/attachments/CC8iK0NnNDNjMXAwV0hZM1JuWmpOMEpyVFJDZkF4ampCU2dLTWdhVmM1UUlyZ2M=-w200-h112-p-df-rw,2025-10-21T02:01:38.505305
Zoetis CEO Kristin Peck on the People Behind the Animals You Love,https://news.google.com/read/CBMiugRBVV95cUxOVUlBZEhCR1o3Tk9UdWRkQXU4NS1RUF94c0R2UzNvX3JzdEhfMDI5YTJQaU9Rcnp4dF9udWpqaWRVLTE1SXRrUHN1bVowT2s0NGp3V19CRm9iZkRYUFRFekEwUk5DeExGNlRiczJQZmtDTXdDS2VHaHB3b0Ywc2J5OEt1ZG5Yd1FwVG0yVHp0Nm50Q1ZIWUtNeDEzWS1rMjZQdUhMZ095MkpBanFuSEpLZktqS1lKc2ZONjJDOFpTdHJ6d21ORE5XdG5tcEdDUlVJdEd1dXNtaGI4QXRaM1NlLWFMUmF5RGtNamZYdWhETVVHWGFfYVBuWEtXVmtfbnRBV0tTSGZSNUVPNGxTWDhmMmZfeWFlMm1GMHFLXzlOd0dfUVJBTlpkMVdEc1JUTnpYZ1o0YldFSkFEYW1vd2hOX2pDUFpJd0hpbU5abHNRTVBvU1RPSXE3Nk1QS2FlRXlxYXRZaHQ1SDk5NTRqZFFJWWJfZllXNFlpdTJPR1UxNVhlR0sxcHFlczVvbXc0Nk5PS0lWeUFQTGJ3Q2pta2QzZ0pCYU54WEJ1Mzh0NEZ6VV9aandJN01rRHkzRGE3TV9oeHV3SGJVOXFiNFNURmdSNVJKMVpqNjI4bnhRZXhVY1VSdHdJcVk3SDFNVUJ3aDlrUVlKeUxTejJpRkx6RHZ5S1FLc1dOek5lbmdlbzZvZnJwM3hUX2FOVVFoWlhMa190VU5TS2Z4cXcyODBUUF9fSllXYXRnWW1Jd1E?hl=en-US&gl=US&ceid=US%3Aen,The Wall Street Journal,16 hours ago,📺 Wall Street Journal,https://news.google.com/api/attachments/CC8iK0NnNTVaMWhqYTFsQ1NWWXdTRUZ1VFJDZkF4ampCU2dLTWdhVk1wU0huZ2s=-w200-h112-p-df-rw,2025-10-21T02:01:38.505307
DroneShield Revenue Surges on Slew of Global Defense Contracts,https://news.google.com/read/CBMiswFBVV95cUxPcVVQUEwtMFZyMjJzQlNHSk1tYjBFX3VYdDV0UXRVa2Fvdm5IeEd4NmpERndCOHN4ZTFEclVUMmFzWFZ4TWE5VU9fUDJCMWNLZDlqVnVZSEVhcDctd1JweXZ4REk4QUF3MlA4SU82TTEzYjNQeGRrMTMzRzdKak9pSkRaSElMOFBNdUJfM1R4Q2lzSTdnNGdWY1cwTjJadnZKckRMYkg4b1EycjZBT2FNbGpyMA?hl=en-US&gl=US&ceid=US%3Aen,Bloomberg.com,22 hours ago,📺 Bloomberg,https://news.google.com/api/attachments/CC8iK0NnNUtiRkY1VW5Wbk5IWmZUa015VFJERUF4aW1CU2dLTWdZTmtaSUdPUWM=-w200-h112-p-df-rw,2025-10-21T02:01:38.505309
UK Draws Up New Powers to Shoot Down Drones Over Military Sites,https://news.google.com/read/CBMitAFBVV95cUxPQk5Sd0ota2VTQkZ3YWd4a3BoTVU2T0pnc2d3OWJSeVFTclRrM3ZFbEplQWdfZkRrekFLQTdMaTIzNk9NaDM3LUdLZXpGTkRuVlh4RjRlR2R0QWV1T3ltZHpieTRhbHhuZ2ViYlNLcGV2dDdFbHVBX0VIcTJvWHlseExVa3YxNkZwMU50UFdpVkhDRHZ3dzZvZ1RnXzJjNzVCalBMc0FyNXN1aEI0VHJHOEcyNFU?hl=en-US&gl=US&ceid=US%3Aen,Bloomberg.com,6 hours ago,📺 Bloomberg,https://news.google.com/api/attachments/CC8iL0NnNVRYMWgxTUY5T2MxWXdZMEZFVFJERUF4aW1CU2dLTWdrQlVvYlFVS094cUFJ=-w200-h112-p-df-rw,2025-10-21T02:01:38.505312
"Watch DroneShield on 3Q25 Earnings, Biz Outlook",https://news.google.com/read/CBMimwFBVV95cUxNSUlBNXpqQkNFWDIzZlNUNEJhdWZZVkRMLUhTVF9XNVVfZmhheE9TLUVfRk9pYTNWLS1SeUUtRXFoNnQ3VnAyQ0RlQ0V4a2JCWTl1QnQtejhMWkxWbDdJOW0yblcybDV1WTdpRHd6akVWX3F5R0ZuOGNYTU1EU2xJZTRtb3JLZjdYazhJbUNzc3hoLW1JQ0ZhV0xlcw?hl=en-US&gl=US&ceid=US%3Aen,Bloomberg.com,21 hours ago,📺 Bloomberg,https://news.google.com/api/attachments/CC8iK0NnNTJVSE5mZHpGMlVtbFpSbEZoVFJEaEFSaVFBeWdLTWdZVkFJQ283UUE=-w200-h112-p-df-rw,2025-10-21T02:01:38.505314
Trump Signs Agreement on Critical Minerals With Australia,https://news.google.com/read/CBMirAFBVV95cUxPZk56akhIUlJXVEZKUmJjRDVyVENzc2J0bFZFVHVpTHJZRnczNkxWZmV3aVY4dzg5OU5mQzkwWXJhVXVxbm9zeEwzcTM2SUw3YVZvR00zWENPdDFUUk1MVjVSd0pUUE1VNGgwNWNhbUdPbExKaXdHYmhnbnNucUlRSjd4V2tYS1BXRjlPSFNNcVd4WlpPODRObERkVDZfMG91VEFFTnRCbUQyR1NQ?hl=en-US&gl=US&ceid=US%3Aen,Bloomberg.com,8 hours ago,📺 Bloomberg,https://news.google.com/api/attachments/CC8iL0NnNDFUa1JrUzJsTVpqSlVaa1JGVFJEY0FoanNCQ2dLTWdtQk01eFFJU21veUFJ=-w200-h112-p-df-rw,2025-10-21T02:01:38.505315
‘I Want to Win’: Inside Gavin Newsom’s Plan for Taking On Trump,https://news.google.com/read/CBMirwFBVV95cUxOdnBQZV9pM2FPTTNNX00yZ0hUYU9lQmtvbkpnbVd4OTNFZjFNLWVwUTlhakMySFB5NnZPSXBtenpPQnZLMDR0VW55ZGV4OUJZTjFJU3Z4MWxWMjhCa0l5WkdabUpBbHlEZC1pSjZTVHhCLXd5ekpROTVNUXQ3cjZUV0lsbVFxNzJYRUNGQUVuNllLNC00dlplMFBlbnV3blZ0VmpHSDFKTnVnQ2JteEh3?hl=en-US&gl=US&ceid=US%3Aen,Bloomberg.com,17 hours ago,📺 Bloomberg,https://news.google.com/api/attachments/CC8iK0NnNXVOblI1YkU5amIxbzBSbk5zVFJEckJCanZBeWdLTWdhbGhKTHNMUWM=-w200-h112-p-df-rw,2025-10-21T02:01:38.505317
IKEA Invests Record €720 Million on Securing Trees for Furniture,https://news.google.com/read/CBMitgFBVV95cUxPdjlycjdqd3JRR3lGYTR6NEt6QVF5d1pRdld6TzNQZC03dF96R2EzeUF3eTBySDJEdEREbENJS21jckNFNVhHcFlOdVl6MUZCTlo0M091al9XQlRBV0llbVpFQTZXendvS0JlbjBEeG9wRWJWRHB5T0cwLVZDd29zUTlwcjNXSC1qWHVVRWVvQzRES3JNUGFZRC0yZzZJaGlZcENMWThUa1ZCb3prX2d3clpKUHpFZw?hl=en-US&gl=US&ceid=US%3Aen,Bloomberg.com,18 hours ago,📺 Bloomberg,https://news.google.com/api/attachments/CC8iL0NnNVpMV1JCWDFkT1luUlBjakZ4VFJERUF4aW5CU2dLTWdrUkVvd0hDU1VtcGdJ=-w200-h112-p-df-rw,2025-10-21T02:01:38.505319
EU’s Von der Leyen Floats Carbon Market Changes Ahead of Summit,https://news.google.com/read/CBMitAFBVV95cUxOX3poREtTNWxkMFlkdmpobWFzYUVFZTZuRGpSR0ExREtFaEQwb1QzNDducmxReWFIWG1zT05ORFp0NHNEX2FxbUdkNWg5RENUM2NWRGcyeHc0SFI2U3lwalpybExwYndIcVNSR2lVeEJPXzVVYURNd0hpcjcwcFpxRVlWRFVrSWtqTnduOVNydnJ5bWRhbHh1d1V6UmNwYV9TdG9lRm5fc0ppa3ZtbFJKd2NRclk?hl=en-US&gl=US&ceid=US%3Aen,Bloomberg.com,15 hours ago,📺 Bloomberg,https://news.google.com/api/attachments/CC8iK0NnNXZVSHBDU0dnd2MySTFNRk5WVFJERUF4aW1CU2dLTWdhdFZKQ1BLUWc=-w200-h112-p-df-rw,2025-10-21T02:01:38.505321
"Bloomberg - Business News, Stock Markets, Finance, Breaking & World News",https://news.google.com/read/CBMiP0FVX3lxTE9qYU5Fb2FhR3RmNHZUdG1PZFRYOVdvalpTcXd4VjBBME5WRmxTaGphdzFWb2hGTGJVeUU1UVpLOA?hl=en-US&gl=US&ceid=US%3Aen,Bloomberg.com,"Jul 18, 2009",📺 Bloomberg,https://news.google.com/api/attachments/CC8iL0NnNUNUSEUzZWxaUmMycHlOV3MxVFJDb0FSaXNBaWdCTWdrZFU1QXlvU21McmdF=-w200-h112-p-df-rw,2025-10-21T02:01:38.505323
Bloomberg Europe,https://news.google.com/read/CBMiR0FVX3lxTFB6UXBGaGRfUlBYN2lYVC1ZYlVGQXNYaVAxcXRKZjZoSlMtQm1RQ3BNd0EwdGFYbkw0WW5qQWoycWdHcW50NGo4?hl=en-US&gl=US&ceid=US%3Aen,Bloomberg.com,"Jul 8, 2015",📺 Bloomberg,https://news.google.com/api/attachments/CC8iI0NnNXBSVTFwUzNSamVFcFNlRnBTVFJERUF4aW1CU2dLTWdB=-w200-h112-p-df-rw,2025-10-21T02:01:38.505325
Bloomberg Middle East,https://news.google.com/read/CBMiTEFVX3lxTE5CeFpiUjRGQzJKemlfZ1FyZDdIYlhtRjhjWm9zYXByR0ZtNmxzQXdabWF6UHBPSW04OFF3blQ2c3dhYUl0YXl6OXJjcVI?hl=en-US&gl=US&ceid=US%3Aen,Bloomberg.com,"Apr 20, 2016",📺 Bloomberg,https://news.google.com/api/attachments/CC8iL0NnNDBkVUp2TUVSUmFXRnJVRlpWVFJERUF4aW1CU2dLTWdrQmdJYXBNZVU4a0FF=-w200-h112-p-df-rw,2025-10-21T02:01:38.505326
Regulators probe Waymo after its robotaxi drove around a stopped school bus,https://news.google.com/read/CBMirwFBVV95cUxOdlhNbnZoLUQtcDFZeEI1V3ZvLThmbFVtTFkyV2gtRUliR3ZURzZUanQ5Y3U2S0xmZUgwa0VGQWNaR05neFJyVklDMERDTENzWWZkbDVwdUtkcWRUTnlhVm9nZzB1SzE5WVlIRFlHazh4U3RCMzQ5UnpJMnU5VndXSmZFY2xQY0tHX1NSUG5WMko4aUtlcmVHREhRN0xFSUoyaXdQTEwxNXhwWFJqNnU4?hl=en-US&gl=US&ceid=US%3Aen,TechCrunch,10 hours ago,💻 TechCrunch,https://news.google.com/api/attachments/CC8iK0NnNDVibGQ1VEc1dVJrZHhjMjFPVFJDaEJCaXpCQ2dLTWdZUlVZeXNzUVU=-w200-h112-p-df-rw,2025-10-21T02:01:38.505328
Cards Against Humanity settles trespass lawsuit against SpaceX,https://news.google.com/read/CBMingFBVV95cUxQMjB4ZEV5SzBDMU9MRHAtNE9KVy1xWE9Ra1kyeVE3QVFfSnEzeG9aTkljb3JELXFtTVBCaXluV0NLWlU1dTNCaXJiZzlJTkVUVHFrVlhBWUVlbnFrYkZtNXNjY1NISE40UVNQRmVHTXF5NHdYMEE0WUMwTmVaeUhDOEdiakJHSUpTUlFUN3JyVUpUejM5OFJBTDRwQVVYdw?hl=en-US&gl=US&ceid=US%3Aen,TechCrunch,8 hours ago,💻 TechCrunch,https://news.google.com/api/attachments/CC8iK0NnNXFNVmhJZVdGd1pVSm1XRzFPVFJERUF4aW1CU2dLTWdhbEE0UU5LZ2s=-w200-h112-p-df-rw,2025-10-21T02:01:38.505330
"John Biggs, Author at TechCrunch | Page 60 of 401",https://news.google.com/read/CBMinwJBVV95cUxPUVBnTnl5MGJtY3dhcEhtUS1tMmZnd1d6MFNYMXprc1JPeU9SaU5IUWRTY3l5d0ZlcEZXODZGdEZrQjB1amNyemhNNHV5VEZZdG5tWXJiWW94WnRSNVdpcHlrbUZEZF9oZVUwUjZ4bklTejA1TXNIekE3V0JRdkhoNmxoUkFoNnlqUjlKdWVyRmJTYURBdEZ2dW04MFMtOUtUakFTY3FhS25rd0VTTm12VXRWajR6Zy05MkdfMC1jdHdjak1lakdvTDUwTmZUdDhDUldsMnhqYk1UakczeUFOTnpyY2ZTcHE0amRPcV9yZFdGN2JiLUtPMVctOVFzY3JodXBPSEFnUk5mWHVoUmF4S0dBUHBCUjdBZFZVX1paSQ?hl=en-US&gl=US&ceid=US%3Aen,TechCrunch,19 hours ago,💻 TechCrunch,"https://encrypted-tbn1.gstatic.com/faviconV2?url=https://techcrunch.com&client=NEWS_360&size=96&type=FAVICON&fallback_opts=TYPE,SIZE,URL",2025-10-21T02:01:38.505332
Hardware | Page 28 of 2241 | Read the latest product reviews on TechCrunch,https://news.google.com/read/CBMinwJBVV95cUxPZm4zdjJfOE5RSVJiMjJvYTB4NmVYLXNoMDVXX2FqWndPUUVEVl8tck5iZGM3ZUgyQzVELXJUV0lBZEIwS0pvbGR2YlNoWlpyVlRDNTZHN2NRVF9KaUxvY0RlcFpBWUFYd3B6LTctdkNzZEM1Q2hFOTgzLXhEZlNLZVhYODdHdXZmaU80bnlvRVBiUXl3R3F3dWIwdVFLaHdfSl9vT2VzNExHZGVtUWJwOXU4VTdXeHUyMXdUdDQ2c3BETVdXdHVJd3YyWU9OZjQ5MTloQ2JfQmxvLTNTU2RZQ21aNGpiQWZrXzRnTDRGb0UwYzVHMEpZVUF1cnRUT0QxM08yT2V3U1p1NU9yTUthWUl1eGdONllNdDA3aUFrUQ?hl=en-US&gl=US&ceid=US%3Aen,TechCrunch,19 hours ago,💻 TechCrunch,https://news.google.com/api/attachments/CC8iK0NnNXJSV3BTUkhkd1R6RmxaV1kzVFJEM0FoaXpCQ2dLTWdZcHRJcU5PUVU=-w200-h112-p-df-rw,2025-10-21T02:01:38.505334
"Ron Miller, Author at TechCrunch | Page 89 of 114",https://news.google.com/read/CBMimgJBVV95cUxNejlJTWZHV21CSTdEcE1oVHlqS2doWWtzNGwycDRNaGNiR0M1WW9hSklodE9PWDNhd3BsdnViS1JkeHhrVlI4dFQ2TWtXbVFCVW5mUGg1ZWtSeVlNOGhOUGFob29vZFpJTmp0a1JDMjBTRHdnN2ItYldLRTJSdFJwNnVNZ0s0SUUwZ1pEUmw1MlNfN1ZTeGZBWFBieTZTMlZpYlNORy15cUx3cFNkdTh6eGFxY3FidUNuNzd3bjA0TWppbFFEREtoWUNoQnZyRVRha1FBT1huSlp4VWZscGJYZFRrRjRnMFpVcVhaMnMwZnE1bjN4cC00M3dQLUdDNUtlcVA3Yy1rQ284b2VheFVKR3FEX3NzeS11MEE?hl=en-US&gl=US&ceid=US%3Aen,TechCrunch,10 hours ago,💻 TechCrunch,https://news.google.com/api/attachments/CC8iK0NnNXpjRWh4WDJRNFlVbFJhVzVtVFJEM0FoaXpCQ2dLTWdaQklJYXpVQU0=-w200-h112-p-df-rw,2025-10-21T02:01:38.505336
Partner Sessions - Disrupt 2025,https://news.google.com/read/CBMigwFBVV95cUxQN0JJOTAtYlhvbS0xVnFCa3hkYVJ4M21fWkxmeEJaRlFvOWpaMkZhRTFzZTg1eUNMejFEZDdEaFJoQ2pDOEVJZEdKTkU5Y0tfYXdUblRJc2tWNmFNdmZqUGJhSWJ6Nm9nMDdvTkRXNk1Ka0x0NXROcWZiZlJvV0swTjhPNA?hl=en-US&gl=US&ceid=US%3Aen,TechCrunch,18 hours ago,💻 TechCrunch,"https://encrypted-tbn1.gstatic.com/faviconV2?url=https://techcrunch.com&client=NEWS_360&size=96&type=FAVICON&fallback_opts=TYPE,SIZE,URL",2025-10-21T02:01:38.505338
"Major AWS outage took down Fortnite, Alexa, Snapchat, and more",https://news.google.com/read/CBMihgFBVV95cUxQTVoyTlJJNXdERnRBTkV4N1h2Q2c1dDM0MnNHY0FNeVdkY1k1Wk9jcXdWRi1hSmk2Uk9XYkxDay1ybWtVSUZKLW9OdFRhVmZ0Rm9vVFBfR1J3SGFONFBxOFVqLXNkSUdnT2lPMFNMWnNjb2M0NUZER2Q3UkJKSmtrcU4waEhIZw?hl=en-US&gl=US&ceid=US%3Aen,The Verge,9 hours ago,💻 The Verge,https://news.google.com/api/attachments/CC8iJ0NnNXFUVVZaVVdaMU5FeExNVU5zVFJERUF4aW5CU2dLTWdPQlFSQQ=-w200-h112-p-df-rw,2025-10-21T02:01:38.505340
Anbernic’s DS clone will be cheaper than Nintendo’s original,https://news.google.com/read/CBMilAFBVV95cUxPRkhPbzQ4UTdzblJsZmp5T0J2RFZnZS1Yby05dURfN19oSFYxV2toTFdoNW1Ca1U2a3VNZlpVZFRNcUVWT2cxc1F5MExtNFVMd1JKS3JoNjFBai1HdVBxZlVwNDF6RWlDcVlZcmR6X0xCT0d2ZU9xdDlES3Z4Z2oxSHJ6eHVTTEt1c3o2TmwteHZac2cw?hl=en-US&gl=US&ceid=US%3Aen,The Verge,10 hours ago,💻 The Verge,https://news.google.com/api/attachments/CC8iK0NnNVpiREZZUzA5TGRURkdORU5vVFJEQ0F4aXFCU2dLTWdZaGRJYU5zUVU=-w200-h112-p-df-rw,2025-10-21T02:01:38.505342
Ninja Gaiden 4 is the perfect place to jump into the series,https://news.google.com/read/CBMiigFBVV95cUxNYnhXNkRSRXJuWXJETHdYcThzWVVIQTkzS09EcnhnTjkxTFRmNV9Qdlp3MnF0bWwxYWlscXBmT0hpTm55SDhhYWtBWHNiUWNzbUlQOGptazVDZmZNb2NaS2ZCa1FSenNJcmtiRWVvNHNQTE5TbXRrNHRMSTZfdk9wYzJaUTBLOEFaU1E?hl=en-US&gl=US&ceid=US%3Aen,The Verge,3 hours ago,💻 The Verge,https://news.google.com/api/attachments/CC8iK0NnNUVVblYxY0ZWRFFURTRkekU0VFJERkF4aWxCU2dLTWdZdEpKQ3VGUW8=-w200-h112-p-df-rw,2025-10-21T02:01:38.505344
Google’s new deadline for Epic consequences is October 29th,https://news.google.com/read/CBMimwFBVV95cUxNdUFmaXUybHh4Mi1kRkpJRnRGRjBMcGMtNzdDYm9oWndUZm92YzVBZ1A4R01ZRElpSzU4Q1Z6TGVxRVRCSzRzUXZ6SzM5RjFYb0FveEQzQS1SQjE0dXZPOVBKbHRiNFFkZmxzRnJVMWR4YUVSeUNoNkUybkFpYXBPcGJjVEVQVzA4TGh1cWltSWtsN1VOZmpqb0gtMA?hl=en-US&gl=US&ceid=US%3Aen,The Verge,1 hour ago,💻 The Verge,https://news.google.com/api/attachments/CC8iK0NnNWFTbEJJUTFCMWMzZGxjVmt6VFJERUF4aW1CU2dLTWdZaFlJaXJ1UVk=-w200-h112-p-df-rw,2025-10-21T02:01:38.505345
Oura redesigns app with expanded stress tracking,https://news.google.com/read/CBMijwFBVV95cUxQMmhQS3lYcVNZUTNCSGVaSFhVaFNmXzZnUkk4amdLN0ZCUHdFM0NiQkZnWGhKN09iVElkZ0dxb0d4LUJEeEltUTlINk92REpUVV8wakRGNWhubV9yd3ozN2pYTVhrSTItb0ZFbndQRFptZmt6cWlZaUJBLWI0ODA2OTFhU3lIeEdkWG52bGtVbw?hl=en-US&gl=US&ceid=US%3Aen,The Verge,13 hours ago,💻 The Verge,https://news.google.com/api/attachments/CC8iK0NnNDBVelZZY2twTGEwazFRVWQwVFJERUF4aW1CU2dLTWdZVkk0cUtuZ2s=-w200-h112-p-df-rw,2025-10-21T02:01:38.505347
Google will reportedly let 15 superfans test unreleased Pixel phones,https://news.google.com/read/CBMipwFBVV95cUxNV3JLUjNCVEVmRVo1SzN4QkRTTmsxUFU1ZWxWZjRMSXJ2WkNVLXlGRGF1MzRBeWhFbnRYSGhEM2ROeFNjd1ZkWmRleHF0NTBSU1hzTUhjaTBKZlNMQ3dPT2g4MUFRQUJkXzZvZnFNSUNIQjBOTGJTSExlSUpwNU9LdG94LVdLNlo2a2dnQnVGdjJSU0tFTi12RWk1X1duemFXVFZ5RzlqMA?hl=en-US&gl=US&ceid=US%3Aen,The Verge,6 hours ago,💻 The Verge,https://news.google.com/api/attachments/CC8iL0NnNDVjMVkzYkdoRVdVTmZiVmhqVFJEQ0F4aXFCU2dLTWdtQkJKS3RsYWVoNHdJ=-w200-h112-p-df-rw,2025-10-21T02:01:38.505349
The Sims Mobile is shutting down next year,https://news.google.com/read/CBMid0FVX3lxTE1PcENSemNFNFFKZGJsLVRWYUlsNmItYXpiS2Z6U0N0WnNYZDlZRHVjdlEwRTFjVmZ4RU5KMlpLNVEwQV92YmR3X01NRnFzei1ra09SMW45NklOdGVjNXNpTVVsaTZkU0s3MHhnS0JPZGxWVVlQaWxR?hl=en-US&gl=US&ceid=US%3Aen,The Verge,10 hours ago,💻 The Verge,https://news.google.com/api/attachments/CC8iK0NnNDRjSE5PVjJWVE1XeFNRMUJhVFJERkF4aWxCU2dLTWdZVkVJeHFtUVk=-w200-h112-p-df-rw,2025-10-21T02:01:38.505351
Meta is removing its Messenger apps for Windows and macOS,https://news.google.com/read/CBMigwFBVV95cUxQQmJOTTNRTnpjNmFuZmxvcFV4UWJndE9rMW5SYnpIXy1WVlFyYk15SmdVUEUyQWl0MDVOTGxMeVotZEFiRzNMWUJnNnotMTF6YXE4VGE0MG5yRFNCX1RPNkR6U3BKQXlBeHhPWTZvSnpXdDRobGtPSDZ6ZGxIeVRBbURvcw?hl=en-US&gl=US&ceid=US%3Aen,The Verge,10 hours ago,💻 The Verge,https://news.google.com/api/attachments/CC8iL0NnNUJNWFo0YUU1RE1VVTNkM2N4VFJERUF4aW1CU2dLTWdtQkVvcEdGZWZRcGdJ=-w200-h112-p-df-rw,2025-10-21T02:01:38.505353
The Friend AI pendant’s creator publicized a ‘Friend protest’ in NYC,https://news.google.com/read/CBMingFBVV95cUxQX0F0aS0wR0ZyT2tITlF1ZmxVMTJVUkJlUVQ5RVQ4N0pEMkRtVFhOY1VTVTNGQm4xSF8yenViRlJycnJSdldhQUNBVFhFZlNaUXk0eTd4a2llMndyMjA0UHZJNjdSUl9jTXl0b1pNeFBZdF9ZV3k4WHRxN1FqU1lYalgzMURwMk5pTVlxN1ZUa2lxX1NsekoyMGZKNWJNZw?hl=en-US&gl=US&ceid=US%3Aen,The Verge,8 hours ago,💻 The Verge,https://news.google.com/api/attachments/CC8iL0NnNTNWbWN3U1hnNWVYSk1Ra2gxVFJERUF4aW1CU2dLTWdrUkE0cm5oV2hqandF=-w200-h112-p-df-rw,2025-10-21T02:01:38.505354
"Iniu’s tiny 10,000mAh power bank is almost half off right now",https://news.google.com/read/CBMie0FVX3lxTE1TR3JWN3dVVXBlN19scHJyWFJCdnVxU2FzUUtfQi1aT3BDTUVCNmRwWE92bWVBRHQ4b0ExdGZwbTBrZVljTDJuUkpPcXozMjZZUTlMMGNZZE1nbEUyaW9XU3pFczFOSDctZ0JJdERCLWRQd3hranZCVk5SOA?hl=en-US&gl=US&ceid=US%3Aen,The Verge,8 hours ago,💻 The Verge,https://news.google.com/api/attachments/CC8iJ0NnNVJVMUprZVhWSFdUUnNXV1ZKVFJEQ0F4aXBCU2dLTWdPSkFnZw=-w200-h112-p-df-rw,2025-10-21T02:01:38.505356
"Drone News & DJI Rumors: Mavic 4, Mini 5, Neo 2 FPV Drones",https://news.google.com/read/CBMiNkFVX3lxTE5qeXVGNFRZZ1g2Zlg2WHI3Zmo0MHRLSTQ3dHRDLUlHUW5GWDgwMkJuYjhrd1ZRdw?hl=en-US&gl=US&ceid=US%3Aen,DroneXL.co,"Feb 16, 2020",🚁 DroneXL,https://news.google.com/api/attachments/CC8iJ0NnNW9WVWxCVUV0T05HRnFWazVOVFJDZUF4amtCU2dLTWdPdGd4Zw=-w200-h112-p-df-rw,2025-10-21T02:01:38.505358
real-time awareness Archives,https://news.google.com/read/CBMiWkFVX3lxTE9HdFpSOEdMV2x1bFpLTG5LbVRMRkIxRXJQLURRZkFLYUttcHRxTzlwLU5IdVVZVGV1emhKWFZLeEZsMVZQWTFQaEFrX1NUTk1UMGRsZnVXVWlDZw?hl=en-US&gl=US&ceid=US%3Aen,Dronelife,10 hours ago,🚁 Drone Life,https://news.google.com/api/attachments/CC8iL0NnNTZOMWN6VVRZNGMydFdlRWhvVFJDc0FoaXNBaWdLTWdrUlk0cXBMZWRqa2dF=-w200-h112-p-df-rw,2025-10-21T02:01:38.505361
AWS outage Archives,https://news.google.com/read/CBMiTkFVX3lxTE5vYWd2QnNpdzlOU3dEeXRaLUg0RlprWVpFSEN1YW9MUlRGU0NKMXNSTVpqVEhsa3JpbzZmcnJtSjFrcE42UmZ4OEQ5UGJWZw?hl=en-US&gl=US&ceid=US%3Aen,Dronelife,10 hours ago,🚁 Drone Life,https://news.google.com/api/attachments/CC8iK0NnNU1YMXBoYWsxTkxXdEtkMjR5VFJDc0FoaXNBaWdLTWdZWmdJQ01UUUU=-w200-h112-p-df-rw,2025-10-21T02:01:38.505362
Drone News Archives,https://news.google.com/read/CBMiVEFVX3lxTE82SEFHSlN2ZFYxc3BBQmU1Y25aWG5KVDNaOUNPbnVxT2UzTmxJVGV5SXpaTmdLRzE2U0p2NTI0RnNERjM1TzBKRnJqcGREV0FZVE1nZA?hl=en-US&gl=US&ceid=US%3Aen,Dronelife,"Sep 12, 2017",🚁 Drone Life,https://news.google.com/api/attachments/CC8iK0NnNVllbTl1V0RaZlowbEdYekl5VFJDc0FoaXNBaWdLTWdhQmtvaE9SUVE=-w200-h112-p-df-rw,2025-10-21T02:01:38.505364
UAVNZ Awards 2025,https://news.google.com/read/CBMiYEFVX3lxTE1KRnduX3hzd3lINFVldm1FYXBycVd2cTdKTkc3NEtWMEUxV1VnUmFxZXhkLVE0aFhYUE11SWI4Zi1RbzhjUjBPQVZtNDI1SU9iaDBOVENtZEpNdldNZGF3QQ?hl=en-US&gl=US&ceid=US%3Aen,sUAS News,17 hours ago,🚁 sUAS News,https://news.google.com/api/attachments/CC8iJ0NnNTZhMU40Y0dOb05saDFSRzlsVFJEY0FSaWdCaWdLTWdPSmtCSQ=-w200-h112-p-df-rw,2025-10-21T02:01:38.505366
Fortifying the Frontline: Advanced Navigation Introduces Electronic Protection Range for Defence Operations,https://news.google.com/read/CBMi1wFBVV95cUxQMDdOTkNWY2tNVjVVdEtkNVNzSkY1aElySmpQSEV1cXZTRkpfdzJYa0s2TWVIMDQ1VkVtaDJkYzFSRE1yQkhyLVlONjlpS3M3Z1NISy1oaGMxNGRVVmR4bUZjLWFtZDBMVnlJQVBJWDdTWExlN3BUSFpjOHdKRlB4b2dBS1ptOXZ2OVluckNyLUFDZm15aFlGRWVyQXdoTnlYSFU1M0stREVNYUdldFNlY2hqajduUDl4VXhWZFJqWUkyaC1XQlJVc3p2Q1pVNkVjNXpldENqVQ?hl=en-US&gl=US&ceid=US%3Aen,sUAS News,15 hours ago,🚁 sUAS News,https://news.google.com/api/attachments/CC8iK0NnNUdaRFEwY25wNFVrbEVWWGRHVFJDZkF4amtCU2dLTWdhWmM0aHFLUWc=-w200-h112-p-df-rw,2025-10-21T02:01:38.505368
PowerLight and Kraus Hamdani Aerospace Validate Ground-to-Air Power Communication,https://news.google.com/read/CBMitgFBVV95cUxNR3ZjLTF3X3NveGlJNWI3dkhSVzV4NDJUWi12M2twd2JpSjUxWXNGbVhaZDJEWERfLVJqMWdObUFRVDhmVldFeUFwNDJsVzNpcS1LS3EzUFJKWl9VUzhBeGF5T2RpbW4xYXVDbWg5RzJuV1g5T3dkQkJtNWd0OEtKQ2FLLVB4Ql9YLVZEV1VpTF9fazVENnExUjhWb1lMdjZUX2JLT2todkVWYzd6XzFyX3dwd2ZUZw?hl=en-US&gl=US&ceid=US%3Aen,sUAS News,8 hours ago,🚁 sUAS News,https://news.google.com/api/attachments/CC8iK0NnNTFZemROUkc0NWFDMTFUSGhSVFJERUF4aW5CU2dLTWdZQmtwQlN2UVk=-w200-h112-p-df-rw,2025-10-21T02:01:38.505370
Gaza latest: Israel says it has received another body from Gaza - after Trump threatens to 'eradicate' Hamas 'if they're not good',https://news.google.com/read/CBMizwFBVV95cUxNU2xidHlEcFhSYUxyZWlGT0tyUW1BN1NmMFowT3NiV0lLOUx1dVpsRG1mTzFMUGhvVEVwbzA4NzNuVDZGZk9IaWVCcUFBN29hcjJIdFNNV0t5WTBwalU5dkotNVJkcVJRcVVvQ052T1I4NWd6dV92Y1Rrdkg3bUktdHVIbEFac0hFSktHdEd4emcwanFkQmItQWlrZUxXam5EWXRvSi1aVkMyTXJwbnAyY05XZ1pnbkpTTlFsb2RZOGVGQlNRQjRZeUpqMlgxV0k?hl=en-US&gl=US&ceid=US%3Aen,Sky News,3 hours ago,🇵🇸 Gaza Drones,https://news.google.com/api/attachments/CC8iL0NnNUhaV05SZEZKWmRWZEthRWMxVFJDZkF4ampCU2dLTWdrQmNJQkV1YVI1LUFB=-w200-h112-p-df-rw,2025-10-21T02:01:38.505372
LIVE BLOG: Israel Kills Scores of Palestinians in Gaza in Renewed Aggression as Hamas Heads to Cairo - Day 745,https://news.google.com/read/CBMi0gFBVV95cUxQQXhCZkZfWTJta18tNnphUzB4amdGa3pQeTJCWEozSUdjUnY2dkJMU2ozMURXWnBDZjhVMklHWU1FOXdXTXBsM3FaX2tUc1pjRUR2SmhOVlBVS3dxUVlrWGkwZjNkNTZ0VGFDaWtmVDQ3QUF2XzJNYUYzX0VNM25qMFhWZ0hmdVhuUXY5cXRpeDJnVWJiTUQ3YUtZaTF2R2o2dXRmQkRnQy1iTGd6S2pXeVFwQzg0T0JkT1Ntdkc0ZnpRRTFKT1hoMElha2U1UU1IYXc?hl=en-US&gl=US&ceid=US%3Aen,Palestine Chronicle,4 hours ago,🇵🇸 Gaza Drones,https://news.google.com/api/attachments/CC8iK0NnNVVUMmRoVUZWaFRGbHNWbnBEVFJER0F4aWtCU2dLTWdZQlFJekxJQWs=-w200-h112-p-df-rw,2025-10-21T02:01:38.505374
Drone Footage of Gaza City Shows Destruction,https://news.google.com/read/CBMingFBVV95cUxOUGd3Z0M5UjZVLVh0WnNCTVU1RWRZVVB5Y2N5N3BZNWVZeGlZVG5KREdmejc0b3dEZkFVV3VCSFVlYmV1ZURyelViU2JHZEc4SnhhNkxOYmlJeG9SLTE3RGVTWlE4c3dBZFc2ZmRDUFNGb25yYjdVWUNVcnhreDU5b0JvTFJTMFVJWEt6RzF6WmZVNW1kMXRoX3cwOUYyQdIBowFBVV95cUxQaVR6TTVxckxPUHFWV0VnWnJSMFpmX1hhUWtMVXg4WXJGSDJHTFNManJWaU16d1lTR3daZUNIano2V2ZiSjJBcFlXVXFUaTBWSWk1c3FPMVNWVF9JeVVmdmFrVmx5N0lmZ212N1pXZkVTUlN3bU5CYU9RVWZzU0JmREp3MmEzNkRXek9zM3JMa2p1clRVZ1pCbkFlaXRDaGtPQklv?hl=en-US&gl=US&ceid=US%3Aen,Al Arabiya English,14 hours ago,🇵🇸 Gaza Drones,https://news.google.com/api/attachments/CC8iK0NnNTBiV05JU0dwTWFscDRZbXhxVFJDZkF4ampCU2dLTWdhSlpZQm0yZ0U=-w200-h112-p-df-rw,2025-10-21T02:01:38.505376
The Gaza Terror Offensive 9 September – 14 October 2025,https://news.google.com/read/CBMidEFVX3lxTE1rTW9zT1h2cHZpRWtyUzFMc3podVFaeHFicE9CZHFoQnREOHc3SDBJZVIyaUZmbjRmWXBDSnZMaXdOb2E2YVVuMFlGSlg4OXlDWjUtb2Z3Smx6dndDMFZKNklyeDduVVowT25JRHlvMTRxR29j?hl=en-US&gl=US&ceid=US%3Aen,Begin-Sadat Center for Strategic Studies,15 hours ago,🇵🇸 Gaza Drones,https://news.google.com/api/attachments/CC8iK0NnNVdRbmxmU1ZwZlpEWktSMlJqVFJDQ0F4alRCQ2dLTWdZaHBaVE5PUWM=-w200-h112-p-df-rw,2025-10-21T02:01:38.505378
Ceasefire violations | Drone of Ministry of Defence shot down in Al-Suwaidaa countryside,https://news.google.com/read/CBMiSkFVX3lxTE9LemJpcERJc21FaTRlejhhYW9CV0NranFBa0xWY2xEWl9XQThFa0VTOTFLbzkxYkZoVHpjRlBCeGg4ZzVhb3Z4ZHJn?hl=en-US&gl=US&ceid=US%3Aen,المرصد السوري لحقوق الإنسان,10 hours ago,🇸🇾 Syria Drones,https://news.google.com/api/attachments/CC8iK0NnNDFRMWRpYVcxYU1XVkxOV2RrVFJETUF4aWJCU2dLTWdZaGRaQ3NMUWM=-w200-h112-p-df-rw,2025-10-21T02:01:38.505380
What macro factors could drive EA Series Trust Morgan Dempsey stock higher - July 2025 Sector Moves & Verified Chart Pattern Signals,https://news.google.com/read/CBMiowFBVV95cUxOV1JaOXZmLTdtZ2tRamxXMUx4TldnamtuOExocFhWVkUwZ3F4YkNVb2dzT0lCa29USjZXWXhyRUlEaEVxdkZpUk5TQWJPdUhCeGo0NGktUHRNb1NrQ0dwSlZjeDJtcFZpWmtmODBaMFZtUm5JWHdaUjdzYnFlRnFHYmp5N1NWTU1PWWZ0ZmtXcDZKaDZyMUFFM09mRkdZS1lOb3g0?hl=en-US&gl=US&ceid=US%3Aen,nchmf.gov.vn,2 hours ago,🇸🇾 Syria Drones,"https://encrypted-tbn0.gstatic.com/faviconV2?url=https://nchmf.gov.vn&client=NEWS_360&size=96&type=FAVICON&fallback_opts=TYPE,SIZE,URL",2025-10-21T02:01:38.505382
Tensions rise in Homs as Alawite-targeted killings surge - Shafaq News,https://news.google.com/read/CBMimgFBVV95cUxNT0tGblJOVG1nSktiRnZQZ1g4X29GWUhHdFR2Vk1ONy1GdGdCNlpGeG9ua1M0czQ2dGdjMS1Bal8zTW5rUUtxMWNvcUMwTWxJd2djb1lXeW16WmFjXzNvSl9nVVlHM3BWWDB6aVRBSjR6ajVPZG4xRExDTEhKWmthYmd6LVRyV09zRWEyVFFOZFVtNGdQcHZQdUNB0gGaAUFVX3lxTE1PS0ZuUk5UbWdKS2JGdlBnWDhfb0ZZSEd0VHZWTU43LUZ0Z0I2WkZ4b25rUzRzNDZ0Z2MxLUFqXzNNbmtRS3ExY29xQzBNbEl3Z2NvWVd5bXpaYWNfM29KX2dVWUczcFZYMHppVEFKNHpqNU9kbjFETENMSEpaa2FiZ3otVHJXT3NFYTJUUU5kVW00Z1BwdlB1Q0E?hl=en-US&gl=US&ceid=US%3Aen,شفق نيوز,13 hours ago,🇸🇾 Syria Drones,https://news.google.com/api/attachments/CC8iK0NnNDJPRkIwTWxwNWQwTnJNbEkxVFJDaUFSaTRBaWdCTWdhQlVKalVIQWs=-w200-h112-p-df-rw,2025-10-21T02:01:38.505383
Unveiling Secrets Beneath Syria's Desert: The Hidden Mass Graves,https://news.google.com/read/CBMivwFBVV95cUxPSU5EaTFVODdFVHpoSmpsOTVJVTlmTkM5N2t1TXI3YXFQaVctWWVNU2lhdjVtSndmUzBSWFRMSEFsMTBXcDRnZWdWeVh2SnNOU2Y1NkxBNEVRQ0ZQSDBaQVdldDVocnFCSmNTVGtfVnBqTXZwSUVHM1ZaOGc5cGNPRXpFcmdhbUxraWFqbHhfZm4wdl9wQy15YlNLVUpGamFfVXJNN3lJRXFyUkhXcmQxQnZrXzFlbmp4aXJJVVFiNNIBvwFBVV95cUxPSU5EaTFVODdFVHpoSmpsOTVJVTlmTkM5N2t1TXI3YXFQaVctWWVNU2lhdjVtSndmUzBSWFRMSEFsMTBXcDRnZWdWeVh2SnNOU2Y1NkxBNEVRQ0ZQSDBaQVdldDVocnFCSmNTVGtfVnBqTXZwSUVHM1ZaOGc5cGNPRXpFcmdhbUxraWFqbHhfZm4wdl9wQy15YlNLVUpGamFfVXJNN3lJRXFyUkhXcmQxQnZrXzFlbmp4aXJJVVFiNA?hl=en-US&gl=US&ceid=US%3Aen,Devdiscourse,17 hours ago,🇸🇾 Syria Drones,https://news.google.com/api/attachments/CC8iK0NnNVdlbEpRU0U1VVNFMDJTQzFVVFJDcUJCaXFCQ2dLTWdZQlFJSXBSUVU=-w200-h112-p-df-rw,2025-10-21T02:01:38.505385
"After the Gaza ceasefire, what's next for Yemen's war?",https://news.google.com/read/CBMihgFBVV95cUxPSl91cEU4QjRKMm9JbWhoNmtqbks4aXdQQlRKZW9mNksxUWR4TUxXZjQ0SXlOMUNHaDdISHY2ZFdlQkJjd3Y5d0xUVld3QlRMbTVyRkp4TFpnTVdtVXFZckZMeHhpdEFSbDBGeC1ueUZhNVRjWHEyU0tWY3VYRE1wT3ZXNlBqZ9IBhgFBVV95cUxPSl91cEU4QjRKMm9JbWhoNmtqbks4aXdQQlRKZW9mNksxUWR4TUxXZjQ0SXlOMUNHaDdISHY2ZFdlQkJjd3Y5d0xUVld3QlRMbTVyRkp4TFpnTVdtVXFZckZMeHhpdEFSbDBGeC1ueUZhNVRjWHEyU0tWY3VYRE1wT3ZXNlBqZw?hl=en-US&gl=US&ceid=US%3Aen,The New Arab,13 hours ago,🇸🇾 Syria Drones,https://news.google.com/api/attachments/CC8iK0NnNW5XVlJ0ZHkxUldVNTJZVEJ4VFJDQ0F4aXRCU2dLTWdZbEk0cXRMUVU=-w200-h112-p-df-rw,2025-10-21T02:01:38.505388
Palmer Luckey’s Anduril Accelerates AI Defenses for 2027 Taiwan Threat,https://news.google.com/read/CBMingFBVV95cUxNLXlCRmVzQUM3U3BESjg2REwtR01fbEhvWU9fVk50dGlMTkFDX1RDZ2UwNVlndWtxU1FRWFFoN1lVWlkyMG1kWnBQVExxVEZhb21OaEFfOEpNV0t3Y2dyZnQtcWt1WU9BWU1PRFNEbnY0ZDVvSmMzRmpSQ24xcFdzYnlJUGx6VWxIWWUyS3h6dU1VZnBIaV9DS1V5bGR2dw?hl=en-US&gl=US&ceid=US%3Aen,WebProNews,7 hours ago,🇹🇼 Taiwan Drones,https://news.google.com/api/attachments/CC8iK0NnNTVOV0pHVW10bFZIQkpZbk40VFJDQUJSamdBeWdLTWdhZFZKU3NwUWM=-w200-h112-p-df-rw,2025-10-21T02:01:38.505390
KMT lawmaker suggests caning fraud convicts,https://news.google.com/read/CBMieEFVX3lxTE1uX0RKYk5PRzZtWHBFc1hOSktBZnNGWjhGQ2owVUh4VHBUWFhuR2lWN3ljLXYtYWxPQnZxbHJOM1EwSHdVTlgtMWM5UTkxeXZWVVcwWmthWEUwMExBcnplcENXZWtoaGg0OU1pZWlMc1JIVkhhb3VrZQ?hl=en-US&gl=US&ceid=US%3Aen,Taipei Times,10 hours ago,🇹🇼 Taiwan Drones,https://news.google.com/api/attachments/CC8iK0NnNWtaVTk1YkVJMWRqSkxhMEZ6VFJEckF4andCQ2dLTWdheFE1U1BIUWs=-w200-h112-p-df-rw,2025-10-21T02:01:38.505392
"Hanwha Aerospace Unveils 5,500-lb.-Thrust Turbofan",https://news.google.com/read/CBMiowFBVV95cUxORVhoX3VCN1FiQTZ2ZnozUUhvOWxDTlNXTnQ4UkplQmRYOVNMRVBsb3VkRTcwY3N2dUJCeTFGMk5LZ3RJaEtwMjNfWlRyaFI3RG9Hc2Q2N05aajVKeVQzcVJsTVMyeF9EUDhOTWZiUnVjcjY5WVpfMm1TakhMM3o0VWRZU1g4Q0ZkUEtnenNKX08wSHctM19GaWZLZ3VuRGpYZDdn?hl=en-US&gl=US&ceid=US%3Aen,Aviation Week Network,5 hours ago,🇹🇼 Taiwan Drones,https://news.google.com/api/attachments/CC8iMkNnNTJTR0ZPUlZoR2VHaG5ha2hJVFJDLUFSaUtBaWdCTWd1QkVJcmxtS2JZWnJyVVpB=-w200-h112-p-df-rw,2025-10-21T02:01:38.505394
"TWSE set to ease rules, looks to build Taiwan into 'Asia Nasdaq'",https://news.google.com/read/CBMiV0FVX3lxTE9QbWQxVjVtcVN2YTVpY2lVcXRQQVM0VVFfd1VwaUF3R3RBZVBzb0pQN3kyMGNVM0hyYWd0RUdFT0o1NkxJem5lWDlkeFhJbUFTRl9OX3RkTQ?hl=en-US&gl=US&ceid=US%3Aen,Focus Taiwan,11 hours ago,🇹🇼 Taiwan Drones,https://news.google.com/api/attachments/CC8iK0NnNUxUV3BWZWtRdFRFcE9jbTFXVFJEZ0F4aUFCU2dLTWdZTlVKUm9yQWM=-w200-h112-p-df-rw,2025-10-21T02:01:38.505396
"Taiwan detects 3 sorties by Chinese aircraft, 5 vessels near its territory",https://news.google.com/read/CBMi1AFBVV95cUxPSVgtQlZ4WlhheHJadWd4dC1GNGo2cE1tdkhOVy1ab0hndGd5UFlJR1ZCVk5lMTMwRDA1cEFvY19qc0NTNTA0bGdNWDBnVnlrVzQ1OHdNS0pQbjVJMl9uZ3pGS0xIbnVud042TVhHZnlnNzI5OFpUMkVIenJfX1AtZWdqYW9IRHN4R055cFVoOGRsbVhwU2VIbUV1MVp4cWRxV0FFSWRaYXVWM2ozTmJ3MWNNZXVqZ1NQQWUycWlRM3diMnFFVS1iWHJQUjVQTDdma0NSZtIB2gFBVV95cUxNMWdoZUV2NVJYV0JxT3RmNW84T0MteFlmSnF0aEE3N2dKWnlBVTIxTzFjcWtqLWFlSDd5WUJZOGR6MVRGNlhJdGh4TW42a0dXcUFXY0RhTVpmbnhhMGt4VDdyWlNSbGJRbS1GQ1otXzhIRWpDWldJdzVmaDN3WDRSN2JfdzVIbE1KdE5OVW4wRVJISkpkMi1tZVVlVUhhX2tTaFJuWGtyLUNKLXQ5S3dsWUxiZFlNV3UtMllGSkpJR1pqZVl0bXhVSWNYbnBMbld2bks0NXhkcUFjZw?hl=en-US&gl=US&ceid=US%3Aen,Business Standard,21 hours ago,🇹🇼 Taiwan Drones,https://news.google.com/api/attachments/CC8iK0NnNXVWVXR5YjNod1ZGRndhSFpMVFJDZkF4ampCU2dLTWdZQkJZYmlEZ28=-w200-h112-p-df-rw,2025-10-21T02:01:38.505397
Situation Report Horn of Africa: BNP Paribas found liable for Sudan atrocities,https://news.google.com/read/CBMipAFBVV95cUxNSmcyNXNOX2dibUJjR1U2WU0yTjlTTjJNdzlSNzJwUVB3elVIQXZ1Y3M0bHpRcE43Q3QyOHZVVFlySzYwdnlwb0V6X3NHci1ES2ZEeHpxOE13RHlxSGhrYjV3c1AxdDc2NXlZS01DMXBjbnNmeWdVQzY4VUdhRWJycnlxLTBMWTIzdkNHcUplWG1xa2ZNd09JTktSeTl3c2ptaDhicA?hl=en-US&gl=US&ceid=US%3Aen,IDN-InDepthNews,10 hours ago,🌍 Africa Drones,https://news.google.com/api/attachments/CC8iK0NnNXBjSEZDVEVsR2FuaDZaRTAwVFJDcEFSaXNBaWdLTWdZTmtvZ0h0UVk=-w200-h112-p-df-rw,2025-10-21T02:01:38.505399
Drone Attack on Russian Gas Plant Forces Cut to Kazakh Oil Production,https://news.google.com/read/CBMiS0FVX3lxTFBaVUJuUm5md1BUZWNJMXpzY20wdXlNS09qclRPcG11VEVQUGFwY2x5MVFnSll0cGc3TUNnVzNsbmFzeGxXUGFpMHBHbw?hl=en-US&gl=US&ceid=US%3Aen,Modern Diplomacy,11 hours ago,🌍 Africa Drones,https://news.google.com/api/attachments/CC8iJ0NnNUhUV3BKY0hCUGFEQmhhVlJhVFJEQkF4aXJCU2dLTWdNQlFnZw=-w200-h112-p-df-rw,2025-10-21T02:01:38.505401
British International Investment anchors Enko Capital’s private credit fund to support mid-sized businesses in Africa,https://news.google.com/read/CBMi9wFBVV95cUxOYVkzZC1sWjQwS3laQldFbDhBRkE2ZEpOcGpnZHU5T3pkSTJ4SjBvazVBRlg5aUFoYjFkSnl1YTRyd2x5Uy1xV0doQTVPWElHY2k3QWNMOTZXN2kzMG1aNENsWUR6LV9Rblo0TkpuVE9sQUdfQ1ctUzZvaHBmclVtNnBaZDdWQjZMNURzSmdLaERJYzktb2dSSWliTFNqdWFsQ04ybkxxN0lZM3FoaWtZbVpKMktNM0hHU3FhcEw4N0lqeks0UzJBakQ3VVNtOFhRMmZ0bVFBVHZaeEdUYmVkM2VfTnhIdDZWNUZxSEdiYy02TUZyV2840gH3AUFVX3lxTE5hWTNkLWxaNDBLeVpCV0VsOEFGQTZkSk5wamdkdTlPemRJMnhKMG9rNUFGWDlpQWhiMWRKeXVhNHJ3bHlTLXFXR2hBNU9YSUdjaTdBY0w5Nlc3aTMwbVo0Q2xZRHotX1FuWjROSm5UT2xBR19DVy1TNm9ocGZyVW02cFpkN1ZCNkw1RHNKZ0toREljOS1vZ1JJaWJMU2p1YWxDTjJuTHE3SVkzcWhpa1ltWkoyS00zSEdTcWFwTDg3SWp6SzRTMkFqRDdVU204WFEyZnRtUUFUdlp4R1RiZWQzZV9OeEh0NlY1RnFIR2JjLTZNRnJXbzg?hl=en-US&gl=US&ceid=US%3Aen,British International Investment,11 hours ago,🌍 Africa Drones,https://news.google.com/api/attachments/CC8iK0NnNXRWVmhhUlZGa0xWVnVhMVZWVFJERUF4aW5CU2dLTWdZQlVJU1NNQU0=-w200-h112-p-df-rw,2025-10-21T02:01:38.505403
Bavaria launches central UAS hub to promote the drone industry,https://news.google.com/read/CBMisAFBVV95cUxPcmdkLUlxa2JDWjR5SUlNVWMzenpNWG9MelRSWUVSWGdnVEY2elE4S3BqNWRyUDBXaVZ6MndadnZtWk4xbG16NnJjNWEzNXRkeFFURVJhSGwxVUpZS3ZzNnJ0b05CTTh3SWtrejF0TzBZZWxCNEN5Ynluc2FHa0M3UWNpWHdfbFh6MXFDQVc3bzlpNVVCQ19tY1drUmEyR3AwYUNPNkwtWWdVa2JlcVFROA?hl=en-US&gl=US&ceid=US%3Aen,Unmanned airspace,16 hours ago,🌍 Africa Drones,https://news.google.com/api/attachments/CC8iK0NnNDNaV295TW1wMFN6WlVha2xSVFJDdEF4akxCU2dLTWdZZGxaUU1PZ2M=-w200-h112-p-df-rw,2025-10-21T02:01:38.505405
Ukrainian drones strike major Russian gas plant as Trump says Kyiv may have to trade land for peace,https://news.google.com/read/CBMi1wFBVV95cUxQVGtOdWRDS3BqWHVJenoyb01mdG02RlltOFU2cldMSU56RkdxdkQwb1JEWXdvVWsxb0tSd1BGeFhDZW9BZGRWOGRUc1k5WWp5ZFE0TUFiY043SkVITXNNN0Z1TXVvVUhzT1hHN0JWb3FhVTFKRXkxS2pxVDlNVElmSjFURTlBRWdzazNvVGM1QXhBY3VpenFNT0F4Yl9vU2xwMUNfeDJJWTBVTVZCd01NU2tKV1BZeEhzUDZwY1d6UDZzWlNQaUtmQ2NEaExUOUJMbTBtdXJsWQ?hl=en-US&gl=US&ceid=US%3Aen,The Washington Post,22 hours ago,🌍 Africa Drones,https://news.google.com/api/attachments/CC8iL0NnNHRNa1J1ZFhOdVdFdHNhaTFXVFJEVUF4aVBCU2dLTWdrUk1wcG9sbW85S1FJ=-w200-h112-p-df-rw,2025-10-21T02:01:38.505407
EPD pulls item in pursuit of drone program,https://news.google.com/read/CBMieEFVX3lxTE1Gd3NLOVdtc3I4cUtyb1l1ZGlVMnhVUGVIaksydXlhaVJOMVMzV25wemhQaHUwTllsVXlSeVFfaEVFQWpSenk2VDV2VWZEbnJqRUMwY2lCOFJlSGkyNUFmOHNoLWItVU9sZUFzT0pyQS1DZ0l6Qi0zMg?hl=en-US&gl=US&ceid=US%3Aen,Times-Standard,5 hours ago,⚠️ Drone Incidents,https://news.google.com/api/attachments/CC8iK0NnNXpOVE01V210NFlVVllPRk16VFJEZUFoalRBeWdLTWdZQllKVEhyUWM=-w200-h112-p-df-rw,2025-10-21T02:01:38.505409
Drone incident temporarily grounds flights at Palma de Mallorca Airport,https://news.google.com/read/CBMiswFBVV95cUxQUWVnbkxoRU9Ca1k5QkZQNy1zSDRxSW90MWlxazVvWDlFbDB2c3VqRHhLblkyZjN3dWlSXzI2ak9WY1hMdllVM0VsR3BZWWVNaExGX3UwQjEzZ3RDR0RNV09Vek1OVmVjUzlPZGYzTXppQ3V5dS1kc1FUZ1hoS1NheVRlR0hzeFFTRGdqRUM2SnlYLVNLdHdpVWozcFpiV041a3VsYUd3S042UXNrblpHTW84Zw?hl=en-US&gl=US&ceid=US%3Aen,Travel Daily News International,13 hours ago,⚠️ Drone Incidents,https://news.google.com/api/attachments/CC8iK0NnNDBZbFZZV2tWNFJFazFTMWxCVFJDZkF4ampCU2dLTWdZQndJQ0dUUU0=-w200-h112-p-df-rw,2025-10-21T02:01:38.505411
Palma flights grounded after drone sighting,https://news.google.com/read/CBMiggFBVV95cUxQUXhLaDRsZV9jRU9aY0tmSGtqbjdLUzg2VUlmbkJOY25QRTdpZDF0R3lZSFVmNFd3aThDYzFuNnFvOTFXVms4Rm5mbXRSeFpTR3hhaUtRT0NnX1RMcGFlTXJWQW8xVXQ5dUxnVlhOQTNISWhTV0J6RWVfdVgyQjRBTldB?hl=en-US&gl=US&ceid=US%3Aen,TravelMole,15 hours ago,⚠️ Drone Incidents,https://news.google.com/api/attachments/CC8iK0NnNVFjM0JuU0U5QlpHOWZXV05RVFJEbEF4ajVCQ2dLTWdZSlI1cG5wZ2c=-w200-h112-p-df-rw,2025-10-21T02:01:38.505413
An unidentified drone was circling over the airport in Mallorca,https://news.google.com/read/CBMingFBVV95cUxNTE9jY2g3dEluVEZnV2JUMXFvVTFMZ204eFNlcXFWYkFPQ3NJRDBob2lkRUtfSHU2VXFCdThSNC1wTk90Zm9aaW9Ec0JKVGZCVjI4QmVEZ2phYkJrNkxVa21leHJHaFhLTmNZM3AtTGxnQ3NPYnJ2enRoWk50eGRWMm9BOWx6bkhfYXRzSlN5YTNYV1N3UmJnTnBSN1ZjQQ?hl=en-US&gl=US&ceid=US%3Aen,Online.UA,13 hours ago,⚠️ Drone Incidents,https://news.google.com/api/attachments/CC8iK0NnNVhVak5QVVV4eldHbERMV3hhVFJEd0FSaUJBeWdLTWdhSllwS3RyUWM=-w200-h112-p-df-rw,2025-10-21T02:01:38.505415
UK gives troops green light to take down drones near military sites,https://news.google.com/read/CBMikgFBVV95cUxOZHBhV0I4eV9VSk5RdWxudFAzajZDVjc2WUZLaDM1OE1QdmNzX0M0cHpMdnV4TXZzX1E3ZVMzZWh0X2gwaDhMZnVJN3h1T1dmR2hES1E2S2hKY0dmQ3l1blpacXhyYzlBb0J4TlhzdU16Y1ZEd0tRU2R4R3NRYjVrbk96UWwxV3lfbU9aa1pBOGZvdw?hl=en-US&gl=US&ceid=US%3Aen,RBC-Ukraine,1 hour ago,⚠️ Drone Incidents,https://news.google.com/api/attachments/CC8iK0NnNXVTRTExVUZGbFF6VnBTbE0zVFJDZkF4ampCU2dLTWdhWklvaHBtZ2s=-w200-h112-p-df-rw,2025-10-21T02:01:38.505417
Spanish airport temporarily halts flights over suspicious drone sighting,https://news.google.com/read/CBMiqAFBVV95cUxPWjFOUTViVzJ5em5hOWhUTE9HMW45MllJVDVSc012SzEzWHR2WWR5UWZ5VTdQX2xkSlVOb3BBeklGOWRFNmxmdGNKdG8tandnZEdmTWlBQWxqTS1MZUtla1NPZXhCVlc3dFRSTHExRlMzSWplSkQ4RWFuQUI5anc1NFBOanZ3bVhQaHFVVmxZNHdKLTlHdmRwdVlYLWg2azhjczZxSkIxUFg?hl=en-US&gl=US&ceid=US%3Aen,The Kyiv Independent,11 hours ago,✈️ Airport Drones,https://news.google.com/api/attachments/CC8iL0NnNWpaV05HT1ZWaFpEQlhNMmswVFJERUF4aW5CU2dLTWdrQnNJYVVQQ2VoTlFF=-w200-h112-p-df-rw,2025-10-21T02:01:38.505419
Munich airport reopens after drone sightings force closure,https://news.google.com/read/CBMihgFBVV95cUxQTEFqek9NdExHemg2WXBzUEpDcHFFWmgtSEpQWEliMXpQNDk5aHRzNGZpMmNhTlFUMndMMVR1UGY3ZEtwMF9ycVltMmtFNjFzT3JTakRsLVhvX1E3QjVLWTNodmx3MHJDMU9DN2NCYnNZSHZiaDlYQUlRN3Y2SHdzbWUteVh5Zw?hl=en-US&gl=US&ceid=US%3Aen,AOL.com,11 hours ago,✈️ Airport Drones,https://news.google.com/api/attachments/CC8iJ0NnNWtjRXBSWWtKb1oySTBRbEZJVFJEb0FoaUFCU2dLTWdNWlJBdw=-w200-h112-p-df-rw,2025-10-21T02:01:38.505420
"Unknown drone halts flights at Mallorca airport, forcing plane to divert to Menorca",https://news.google.com/read/CBMivwFBVV95cUxQRFdzdlVyUVF3UGdJUXA1ZS10U3FEV2wxaHd4dnhtZVM1TFJKVno1ZzdIclpxWlROVkRTNEJfbGdYRWYzaW1oWENLZVNRbHhZRWcxOEJ0RkQyUmVrWHpiZXdIT2NUeDlGdXJjcE5LemtQQ2JpU3FYZnZTeW00NDRyeHN2TEw3TEhEVjMyaTVPNkJYZVlRbXg1ZDBwbFVrbmpJblB1eTNRRTJFN2dkbnRzVHZ2dWVLZHRZc3lxejJaRQ?hl=en-US&gl=US&ceid=US%3Aen,Euromaidan Press,12 hours ago,✈️ Airport Drones,https://news.google.com/api/attachments/CC8iK0NnNUpaVWhLYlZwRlZIaHBMUzFTVFJDM0FSaVRBaWdLTWdZZGdKaXNzQWM=-w200-h112-p-df-rw,2025-10-21T02:01:38.505422
"Germany's Munich Airport temporarily closed following drone reports, but nothing found",https://news.google.com/read/CBMirAFBVV95cUxQTWE2U3dEMUFWRTV3TTZvZUpUNWxEMHV2SWtBWFBTZ1pweDYwVE8xZ005SlhjdGJINHNzME1DQTVGRkRKY1MtN0oycjI5ZF9rSG1Qd2xXaE51bDJ5cjVHdncyWGViM19BczBwdFY1dG1rLVdEd2RxaS15UUdydUk2M2xnb1RvdkdodkJrMGltRjhITW41M2pGX0wyckZGWEdRZDd0eHk0UXlRd1hi?hl=en-US&gl=US&ceid=US%3Aen,Stamford Advocate,20 hours ago,✈️ Airport Drones,"https://encrypted-tbn3.gstatic.com/faviconV2?url=https://www.stamfordadvocate.com&client=NEWS_360&size=96&type=FAVICON&fallback_opts=TYPE,SIZE,URL",2025-10-21T02:01:38.505424
Flights paused at another major European airport due to drone sighting,https://news.google.com/read/CBMiugFBVV95cUxQa3FMQkpRb09fRkM2T2pOcFhiWTFqZWhma0xwY2ZxSm9mOG9SYzgzcGxVemc5RUpoUmR6SFZEWjhjM0M2dlhBNHpyQ2VIemhUUUhQYjIzTWc2UEhiN0t3ZU13emdoMnFYdFVvNlVRdHc0RlJXVHlpZ21rbkh0NVVaQmQwTWl0eUd0QjZMUnhZMnpUbXhhT3hfVFJjaVhwSkFSWmx5aVQ5azExMFNsejRZVU9Wa194WW1xT3c?hl=en-US&gl=US&ceid=US%3Aen,The Independent,13 hours ago,✈️ Airport Drones,https://news.google.com/api/attachments/CC8iK0NnNVRRVzB0Y3pCaWQwWTVZVzF1VFJERUF4aW1CU2dLTWdZQm9JQ25WZ1E=-w200-h112-p-df-rw,2025-10-21T02:01:38.505426
Drone Sightings Disrupt Major European Airports Days Apart,https://news.google.com/read/CBMilwFBVV95cUxQX3k0RW52cnJpOElOS0doRGhzMGNnbzJOTmpEWnlhbDV1WnhKMXJtdUwwd05oZEUxSGJJTTVWN01aaVN6VFRIWG1pTnltSzg1Y1BDTmZQV1NnZ3VpOWRvYnhPSFdNd3ZxTkRNeE9Qak91SFpjU3N6RXJKWjlIb2xScXBOM1A4eExUZmttRG9XelVGZHVMTGw4?hl=en-US&gl=US&ceid=US%3Aen,Evrim Ağacı,7 hours ago,✈️ Airport Drones,https://news.google.com/api/attachments/CC8iK0NnNVVRMjlXTTFGWFkzRkdkakZOVFJDdkFSaWdBaWdCTWdZVmc0Q3Z2UVE=-w200-h112-p-df-rw,2025-10-21T02:01:38.505428
Palma de Mallorca Airport Temporarily Closed After Drone Sighting,https://news.google.com/read/CBMimgFBVV95cUxOMDF0LWROZ3VFX2tLa0NJMjRza0xvUWR5d2pWX0VmVW1ncVJNNEE3dER2TkYxdTRZUFhXSE9SUk1wdHJTV2Z3RnJTN3dYVGlLbXRBblBFb1JvVDNKY21oYjhHdERHT21pUlpNUDV3OWxSVks5TWFWMjI5N2FqNTNwai1nUWV2N3BQUzFOZXlqYVNSSXhGOGFCeVdn?hl=en-US&gl=US&ceid=US%3Aen,Букви,11 hours ago,✈️ Airport Drones,https://news.google.com/api/attachments/CC8iK0NnNU5Za1ZsTFRoUlUwOWlSRlEyVFJDUUF4al9CU2dLTWdZUmc1VHBNUWc=-w200-h112-p-df-rw,2025-10-21T02:01:38.505430
Man caught using drone to smuggle drugs into prison,https://news.google.com/read/CBMiekFVX3lxTFByMW16bUQwNzlpeVlma2tEZ0V2MWxncldfVHplbWxGbm5rOGktZUR2c3JsNWJfNmNLcXQ0MG9yMWVRcmhOM1Z1X1NISk5zaUlpNHpNTjQ2SkpvdjVfbUcycm1OQ1pwXzRrV3puc1RzTmUwNW9UTU9FTDVB?hl=en-US&gl=US&ceid=US%3Aen,AOL.com,7 hours ago,🏢 Prison Drones,"https://encrypted-tbn2.gstatic.com/faviconV2?url=https://www.aol.com&client=NEWS_360&size=96&type=FAVICON&fallback_opts=TYPE,SIZE,URL",2025-10-21T02:01:38.505431
Donaldsonville woman arrested for trying to smuggle drugs into Federal Prison in Grant Parish,https://news.google.com/read/CBMitwFBVV95cUxNOVlrRU43UkI3WElNTGJ4SDNsTVlLS3dXVHNManhGZ1k4ZERWd0RKUHR2VkpNWmlROHBseERhc3AyZUd6QktIRnhyVE0xNWRXMWhOeW1BMXNFZF9uQldJcGpPMHBiQnkyVkFXVHdLVXZRV2lweVQyZTdZOU5lNmJHRk9vTC1wVi1ERUZqSEFPZDFnRnhtWjU2VXhtb2xaUUp1UHBLSjg1RW1DZzJBTHY1QWJISVdrZ0k?hl=en-US&gl=US&ceid=US%3Aen,KALB,12 hours ago,🏢 Prison Drones,https://news.google.com/api/attachments/CC8iK0NnNVlPVWhwTkRsTk5XSnlNRUowVFJDZkF4ampCU2dLTWdhcFZZek5wUVk=-w200-h112-p-df-rw,2025-10-21T02:01:38.505433
The Government will expand prison spaces to prevent them from becoming overcrowded.,https://news.google.com/read/CBMiwgFBVV95cUxPaURiWnZiTVZIdnczWF91MEJiUEt4ZDZvUXFUekNYaV93V0VXcFF5Nm5aVjAzc3hSRWZod0N6cnptS2FkMzJ5YmhxNEFIOUROLUVPWUJqcy1LYjY2TDl1SDRaVXNNUWtwNkFBS25sMkxDNUFhcDliMktUVkFTYm1zbG9zbTRqd2x6ZVlKbmFEcmUyZ2tjeVRxUlJES2FkR0pnMmp5amVjbHloNmVCZkJwX0JhMDZBQS1IS0ZuOHQtdVhVd9IBxwFBVV95cUxOdERRbHZQT3lVMHR3RG1LVHQ0Z0p2QVRBQmQtYW5QN1MzSTNRbS1NaHhMZDg5WnlPQ0tmcndpc1ZVcUd3djRRMHBlU2xRS25iYkZRU1dLYUxkVGwzVzZwbmhrOGpHQ25uNW56OWJnMEdmYk1OWGFJQzFKOW1kZEZiLUF3cjNtMkZwNTQ0NnhrQlJNeXppNDAwUUlDMlluazBsYy1jalBnLWl0X1NscGJUTHhEaFEtVDhlWnVWcS1sa1R1UHhUaXhN?hl=en-US&gl=US&ceid=US%3Aen,Diari ARA,8 hours ago,🏢 Prison Drones,https://news.google.com/api/attachments/CC8iJ0NnNU5ZbmMwY1daYVNtYzRVamx0VFJDZkF4ampCU2dLTWdOTnNCQQ=-w200-h112-p-df-rw,2025-10-21T02:01:38.505434
"Govt to allow early release of thousands of rapists and violent criminals, Tories claim in sentencing row",https://news.google.com/read/CBMi1wFBVV95cUxNRVdnRU44RE5pSkIydHFUMGZ6MGV2MGliTXRHQ0tJRkZYc0pZZHdZakJrMzJ3SWliMHRLNlNfamU4QWJ5cV9oMnd5M0dkSXZmMEpFZ3JzbTRUY1Fmc0F3QkdRbmxRRndoQmlYWnhnbTB5RzI1VGhSUy11VXR2MjFRejdjWDJNSy02OGtoV0Nsc19Ia01KV21KY3dHZHd5ZDdMcFFiZTQ0dXlwcWdjMlVOaFNVVXVDeE1odDdZa1BaRThKX2tabmxOUkpqcHI2a01xSXdUdVc0QQ?hl=en-US&gl=US&ceid=US%3Aen,Sky News,4 hours ago,🏢 Prison Drones,https://news.google.com/api/attachments/CC8iK0NnNVlVSGgzWWxjd1RXMTZUR0p5VFJDZkF4ampCU2dLTWdhUlFvUm9zZ00=-w200-h112-p-df-rw,2025-10-21T02:01:38.505436
Media Release: Suspect Wanted in Robbery at Local Retailer,https://news.google.com/read/CBMiqAFBVV95cUxQaEVjV0ZTbzdubW9BZllpVHFYNWNSV1duS3RUQVhhNVFOVWgxaEEwUnVOd3RzWHZrbVZFeWdiYzZDTVNsWVpGMmEyclBfN2k4ZkphNk9IREYyeHVWU2FXV0V4VkZFSHpvbXBWRE9rUDctbUNCQ2RXS29rQTB5al9fOXhWaEh2a3JOUEdqejhoMDVXSGxRdVpUaGliOVRZbThuVlBxdm1qSnk?hl=en-US&gl=US&ceid=US%3Aen,Reddit,14 hours ago,🏢 Prison Drones,https://news.google.com/api/attachments/CC8iK0NnNWxjRXgxWjBsV2EzSkVNamhUVFJEV0FoaUJBaWdLTWdhaEZKYk1tUWs=-w200-h112-p-df-rw,2025-10-21T02:01:38.505438
Pakistani arms smuggler sentenced to 40 years in US for trafficking Iranian missile parts to Yemen's Houthis,https://news.google.com/read/CBMi-gFBVV95cUxQazZSdnZ3V0g2aDRad1lObS1FbjE2VElRajJ0d0IxUi1IdHBXdUd0MmxPSldLek40d25IeWg5enRNX0p0RU9wT05YeV9mVkZEVzBKWGxpSE5qNTAwcmwyVkR5OW8tTlVCZFZPV3NZZFBUUVhuZEhKYzNOY21YZENtSnMtakNkVFZBV193bWt0SEZ4WHcxNWhwVGkwMlVvXzJrNmVnZF9GelZXdjhoY3gyNGx0R3doMjhhV1F1M2hkdlpiU04takxaVVEwOW0xRTVNaFJ5VkQ2ekZCT2Rla2Fva3JYbmoyQnVuQzZyRnNMdDNwUDdkUkpkNHhn0gH6AUFVX3lxTFBrNlJ2dndXSDZoNFp3WU5tLUVuMTZUSVFqMnR3QjFSLUh0cFd1R3QybE9KV0t6TjR3bkh5aDl6dE1fSnRFT3BPTlh5X2ZWRkRXMEpYbGlITmo1MDBybDJWRHk5by1OVUJkVk9Xc1lkUFRRWG5kSEpjM05jbVhkQ21Kcy1qQ2RUVkFXX3dta3RIRnhYdzE1aHBUaTAyVW9fMms2ZWdkX0Z6Vld2OGhjeDI0bHRHd2gyOGFXUXUzaGR2WmJTTi1qTFpVUTA5bTFFNU1oUnlWRDZ6RkJPZGVrYW9rclhuajJCdW5DNnJGc0x0M3BQN2RSSmQ0eGc?hl=en-US&gl=US&ceid=US%3Aen,ANI News,16 hours ago,🏢 Prison Drones,https://news.google.com/api/attachments/CC8iK0NnNXhkWG95WTJGRFRWRmtTemgzVFJEQ0FSaURBaWdCTWdZQk1Jb3ZuUWM=-w200-h112-p-df-rw,2025-10-21T02:01:38.505439
Stunning drone footage shows cinematic view of Norfolk town,https://news.google.com/read/CBMilAFBVV95cUxQUmlXaEk4R19TeTlYb1BkREZWb2pWVDkzZk5YaUMzQzdRVjlZVjRfYkM3bWhhS1E3UG1iclkzU3NiZ3lqTS0wTm1CdEZySmVtWHhfaXV1bXdrNmxzSW5JTXd1TVV3WVB2NE9JZUwtOFdNOVdUbndSZDVhdHM5eldNVGN0ZmZ6UFBuSHhTUHZTejNHbGlR?hl=en-US&gl=US&ceid=US%3Aen,Eastern Daily Press,13 hours ago,🏢 Prison Drones,https://news.google.com/api/attachments/CC8iK0NnNWlOa1JUWkRsc1FrNXVkRlEzVFJDZkF4ampCU2dLTWdZQlpaTE5xUVk=-w200-h112-p-df-rw,2025-10-21T02:01:38.505441
