Title,Link,Source,Published,Datetime,Category,img,Scraped_At
America’s race to save Taiwan from China relies on friends and neighbours,https://news.google.com/read/CBMingFBVV95cUxNOC1sQXB5NVZOemtfRVM0MXZ5ZDdqVThuVmFsZFRzQXZ0RGo4QUNRd2phYUZTUGp4cUU0T05DNmNhdmcxRTlheUt6RFRIR3RGdG03OVdXcEZReVprdktNaHJHc1Nac1BSWmh5Q2JVRHlrYkVQUkpqLWpzNVoxelF4a1UwcXBPX3pYdzQzRUkyYUF4N1gwLVFoempKU28xQQ,More,42 minutes ago,2026-01-04T06:00:00,Taiwan Security,"https://encrypted-tbn2.gstatic.com/faviconV2?url=https://www.telegraph.co.uk&client=NEWS_360&size=96&type=FAVICON&fallback_opts=TYPE,SIZE,URL",2026-01-04T06:42:43.064349
"DeFi pioneer loses $50K Ethereum bet, crypto phishing falls: Hodler’s Digest, Dec. 21 – Jan. 3",https://news.google.com/read/CBMi9wFBVV95cUxNckZGTFcxY0dJVXRJSEowZjZDWGM5QlRGcWZOYkh0RFFpQUk1cDZ5Y2NDUHZpU2tyeXFCU2diVy03TXJzUnFDWG1rbWZES2dsY1ZQb04tY3FvXzYtMEJHSGNKYjBPOV84NU9adTBoVWNNcl95ckFCSGZaVDNWWUJEY0dWTE94dU9remFOTC1oei1YMzdPMDl5UEM3dUl6bnVtQTNFS1pnX0ZjUVk1aUpDcEdVWlk4WVRsNXFXTnBDbFFLZExsTW1DajN5b1hMdGlqTWFWUHZyMnNLeHhjVTJNSllPeXBvM2FGZUM2SjM2bnhIQTgtX1VF,More,1 hour ago,2026-01-04T05:39:45,Phishing,"https://encrypted-tbn2.gstatic.com/faviconV2?url=https://www.msn.com&client=NEWS_360&size=96&type=FAVICON&fallback_opts=TYPE,SIZE,URL",2026-01-04T06:42:43.064357
Manage My Health cybersecurity hack: GPs whose patients' data was stolen identified,https://news.google.com/read/CBMiwgFBVV95cUxNTXJ5VFNzTUpSX2xxOFFEMmF5TGNib0VyRko5YmttWmNFTC1QTG9SbzlXbFJQY0loblR3Y2VqTDdsaWlWakVMZjZ5OV9VTkNnN1RyNkh6YnhkaS1MZVRSWDF4NkJ1X1lVazhmTTZJbzMxZDJ6WTJ1dTl1Vk4zVzA4YkhvWTNwLTFsWEhKVW1EdWkyVnk2dHZrRk1scnQyeWtrbjkweGNOSDdRSUJCbkV3RUtLcTM5NVVnR3pZZlI1YWZ5dw,More,1 hour ago,2026-01-04T05:29:13,Healthcare Security,"https://encrypted-tbn0.gstatic.com/faviconV2?url=https://www.rnz.co.nz&client=NEWS_360&size=96&type=FAVICON&fallback_opts=TYPE,SIZE,URL",2026-01-04T06:42:43.064359
Travel Plans Set for Revamp in 2026,https://news.google.com/read/CBMihwFBVV95cUxQeFJKR19SR09La3NuV3BrRThYb1JMMjIxaGNacHJ2WG9OUnBTWWRncHpsdHF4bjJMY2RDWm4zcVY2NVNQTl9jTmJhX0pnU05QcF8xWm9pNDNIV3JWc0NqU0YtLW52QzNiZUVIeTFDdnhMRE4xY3drWHpEQWRzeE5Nb0RHTTdSSk3SAYwBQVVfeXFMTWhjM0w0TUtnVmVaTTVIUU5CZ1g3M3M0cjNMZDQ5YUxDeFA4OU9MNnVyRV8yVjN3dmJmQ2QwYlM4X29DMnRrY0dIUjVnVnFNZHF0NVZ4Mmh1X0tVZ0VxMmR4Nlp1T0V4eC1OYUNYb1NfNzBpdEpUQzVIWHBuMVlYampaa1ZRWE9XVXNVT04,More,1 hour ago,2026-01-04T05:21:00,WION News,"https://encrypted-tbn2.gstatic.com/faviconV2?url=https://www.wionews.com&client=NEWS_360&size=96&type=FAVICON&fallback_opts=TYPE,SIZE,URL",2026-01-04T06:42:43.064362
Is Crypto Volatility a Feature or a Red Flag?,https://news.google.com/read/CBMikwFBVV95cUxPRlk3NVItNzNVWk0xN3hBSEo3b21tUHdteDlVaWZZT3gwUk5mMzdtRnJkMzZfa0RteURNV1FNWjFVNWVpekt1TlNIMVpVa2dwQ250bUVwd3BPWnlLbE45NEpkNlVsV1NZS2tGOWo1eEdLSjNSR3pGa1V5MTZwTFNLWUFLZ2FfUjF6QU41aGpfQVdPLWPSAZgBQVVfeXFMTkFUY0dFTnpheGJQOXFtYmpEQ2NNbFE1c0NuSkdRbzVTbGdCVWY3YTRGNl9FMXMtWTN5WW85Nl90d0xnamM3U3BzTEZPbzZjV2RQdGVSRmsyRkVNVm8wSDNCZ0Y3TElNMnhHLXpzbk5OS1JIWjl2SXhfaUZidTZfeExUUkh1aFVyQS03RG1WZThVVWhmdWd6dWM,More,1 hour ago,2026-01-04T05:21:00,WION News,"https://encrypted-tbn2.gstatic.com/faviconV2?url=https://www.wionews.com&client=NEWS_360&size=96&type=FAVICON&fallback_opts=TYPE,SIZE,URL",2026-01-04T06:42:43.064365
Quantum Computing Stocks To Follow Today - December 31st,https://news.google.com/read/CBMirAFBVV95cUxQWWhfUmNkSG5WLThnR1dRLTV1cDRHeE9MRURXaDNTSWc0Ti1BUnlJRERENnpLSWMtaFEtUjl3UUN1RTNHTVdraFZqR1FDS2NmYWlNelBZN1FGWjlXUUd4dHJYWFBpOFBDUHVSY09yODJzeFhzbWZxQTRvdFJpMDV6alZZU2dQOWpXeDM2ejNGWS01Z0xmVjZPWTBFLUZkeEhyU1JJNHYycXJ4aF95,More,1 hour ago,2026-01-04T05:11:32,Quantum Threats,"https://encrypted-tbn3.gstatic.com/faviconV2?url=https://www.marketbeat.com&client=NEWS_360&size=96&type=FAVICON&fallback_opts=TYPE,SIZE,URL",2026-01-04T06:42:43.064367
"US to extend productivity lead on back of AI boom, say economists",https://news.google.com/read/CBMicEFVX3lxTE5yNld5c3pDeHpPWWFCU2liOG5Pc2d6cHdNNENfOTR6MDlydEpHZ0k5TGxLcXc4VHdWaGtoeGlzcWRfVmpBcF9aRXlsbl8xVzBkSTFDZWJFT3JKcVgxeFE1bUd3SHc3RFlGbFliX3pVM0w,More,1 hour ago,2026-01-04T05:00:27,FT Cyber,"https://encrypted-tbn2.gstatic.com/faviconV2?url=https://www.ft.com&client=NEWS_360&size=96&type=FAVICON&fallback_opts=TYPE,SIZE,URL",2026-01-04T06:42:43.064370
EU readies tougher tech enforcement in 2026 as Trump warns of retaliation,https://news.google.com/read/CBMicEFVX3lxTE92enNhaldIVEl4dHdBSXJWMzNQbUtWeFJYYzFFY1lfLXY3REJWcm9yZng2emxJNFFOaWNGbUozNFl4NHBYdUdlSEs3TnRvRE5saWxFdDdUcnp1eWtNZ1VwUmpKaHEycEFjdm5MTFQ0LVg,More,1 hour ago,2026-01-04T05:00:03,FT Cyber,"https://encrypted-tbn2.gstatic.com/faviconV2?url=https://www.ft.com&client=NEWS_360&size=96&type=FAVICON&fallback_opts=TYPE,SIZE,URL",2026-01-04T06:42:43.064375
Korean Researcher Solves 60-Year-Old Sofa Problem,https://news.google.com/read/CBMiiAFBVV95cUxNNnZaRTNRMGhvZkptUVA0cm1NNW5ZeEt1ZldKZDYyN004UTRscWd5NkFnbUF3SlBkM28yc3hwYmlrVjZmNTJjS2hDZ2R1LTBONHZRYWpQTUZWSlVLbkVQY2t4dlhYd3ZkX25EaWFHN0NXTEd0bXJvZnhWVE9yNHhRMlBlam1oV0RN,More,2 hours ago,2026-01-04T04:06:58,Chosun Cyber,"https://encrypted-tbn0.gstatic.com/faviconV2?url=https://www.chosun.com&client=NEWS_360&size=96&type=FAVICON&fallback_opts=TYPE,SIZE,URL",2026-01-04T06:42:43.064378
Here’s what cybersecurity experts think about Tea’s data breach,https://news.google.com/read/CBMie0FVX3lxTE50RGtIRlpxQmFEQjkwcGRWWXl6WjFVZDVsV0lhS3J4cHQwVnlxTUlUYWE5X3lVT2hnejdEbTd5QTYxc0RGN3h2T1VBZGQ0cXhTd3MyTy1VQ0VwU0Nib24tc0d3bUwxYnhqeTRraHNCN2dTLVZfdHhxVnhmRQ,More,2 hours ago,2026-01-04T04:06:08,Financial Security,"https://encrypted-tbn2.gstatic.com/faviconV2?url=https://www.aol.com&client=NEWS_360&size=96&type=FAVICON&fallback_opts=TYPE,SIZE,URL",2026-01-04T06:42:43.064388
Experts call for stronger governance on AI risks after X's Grok misuse reports,https://news.google.com/read/CBMivgFBVV95cUxOdDVmU0JCYVRzaS1vcUc4UFJXM08zMlpKamZaVjhrR0pUd0NzTkhsUlhEVm5LRVNKY3oxeGFGUUYwX19kSmE0VEVpdWwxazZzWmdMdjdoa1BHNDZGYkV6a3hJSUw3NTVLT0c5MGpDMXZUYVc5Tjk4REgtTjFxUHJqdVpmeW45Ny14eWwyUGxrbmlCUHlXeU5hZDFPYi1IemtaaDc3ZFMzN0ZpUHBEbmp2OW9xeFZZSlBPcE5Uejhn0gHDAUFVX3lxTE1lOHR2ZVRwREpXWnJ4NWpnd29FY192WWR3NXJnSG9ZcWZPZ2NJV242RXlmZXJtZWUtUHAwbEhwY1pBQUJZeS1OMHRjNF96aW5USTlsRlV2ajJWVnBsU1BBSm4xTjI0WVpScl9MM3Y1SWI2MlBmVndFLTl6ZWkwSDhnY3BuTXp1T3h4YjNxVDVCeDBlQ2luWWUzdWVTeXBtdGJCa0ppaFZydl81ZDBEQloyNEx5S2FmYTFpRVlBRFN3QVJMQQ,More,2 hours ago,2026-01-04T04:02:58,New Straits Times,"https://encrypted-tbn2.gstatic.com/faviconV2?url=https://www.nst.com.my&client=NEWS_360&size=96&type=FAVICON&fallback_opts=TYPE,SIZE,URL",2026-01-04T06:42:43.064390
Marks & Spencer issue major update in wake of cyber attack that has crippled high street giant,https://news.google.com/read/CBMi7wJBVV95cUxQQ3VnUFpSVUd0Z1Bnb19KeVdLSFptT29NZEZIWGZpOU1TVTNBZnNxMjJZMHpJdjlpVzU4ZTVlcTZBRlFEcW9SNjBpM2dWUU1KanpkQjFMZjFhdTlRTnBWVDl1TXBhMnEtVElkdTRQS0JGMmtIVmpHZXhRdWgwaTk1ZERoY2lZb2hCS1JNUjd0LTVjTE9XbGZtTlg3c05MU3hfclcwdHBBajVjWEFDSGlGaE9WSlR6eURjdkdmaE96dUgweDVUSTVyRmhMSjdFNnlnTEVnd3BaNWs5WjRVNmxDOXFEeXlMUGdsQ3paT2d0U3pnZ1Q4Q2EwYTd5R1YzeXRleUNNRnRaeEkwUVJOY2dzcEpwWXd1UFU3X1FzTUVobTZyWFdVMmZoaDRCR1htZU96dnB1WFZyS3hkLW1fZUw4dE5PQUxUb0RseWw0Y1ZPZlZuaHBEWjJjMmJCQU5uWnRiZkJiaHE5TXhjajZVdnhN,More,2 hours ago,2026-01-04T03:50:00,Cyber Attacks,"https://encrypted-tbn2.gstatic.com/faviconV2?url=https://www.msn.com&client=NEWS_360&size=96&type=FAVICON&fallback_opts=TYPE,SIZE,URL",2026-01-04T06:42:43.064393
"US Attacks Venezuela: Trump Says Cabinet will Oversee Venezuela, Vows to Tap into 'Oil'",https://news.google.com/read/CBMixwFBVV95cUxPbGRHM2JHY0YxNk9IR1ZoZ0tBRFlpcDRDTGo2NDJPMDdLM1I1SkxfZ3V3Q09kNFRoX2dUWEg1Sjd6TFdGa3JaRHA2UDhpanEzRmRfLURlUGV4U2FfZDJIT05lNWJxRDlhSGZWTFdqNEtKdHN5Z3JsRFdfdG1nZFVDTVJjV2swN0phQXdIVVFYb1dfRTVqdlFIRzNoNC0wcWRKVEljQnRFd2hvektlNjFqVUFHb05vbUhSUE8wSTJfeDN4d1dqY2RJ0gHMAUFVX3lxTE9sYjJIWTNTQ0YtdXFkRnl1c2d0UEVMdVBYNVpaYl9uTTFiRzhRQUpBTkF5Umo5bHZRRWg0Wnpnd1ViU3I0VGhaTEtYcnkxUTZpR18zRlo0QWl2OUlNeDcxdmZnTVdCREtXZkpOUEhONXVwaFhjT1JTY0FReC12LXAxd0pUd0ROeUlOOXQ5b1N2X0EyRE5SM1pZbzRfeURtQjJzSXo0bnd6VEp4RFZJYUZxTTRtQ2EzcnlEQnhBS1pyZDdiano2RDV0NDdyUA,More,3 hours ago,2026-01-04T03:36:00,WION News,"https://encrypted-tbn2.gstatic.com/faviconV2?url=https://www.wionews.com&client=NEWS_360&size=96&type=FAVICON&fallback_opts=TYPE,SIZE,URL",2026-01-04T06:42:43.064395
Taiwan stays on high alert as Chinese ships pull back after massive drills,https://news.google.com/read/CBMigAFBVV95cUxPNjcyd0Q5RF8tVi1tV0tWRzJnVVg3Zko4N3otOE9rVzh0NTdiSTVfbzZPSGZMbENCN3IyY0FDNlZGX04waEhabkZDQmtISFFQTDd1V0N5dnZjS3NqaHB4QzJUZVZpLS02endoLWFvUU1aVGRuMC1BR0hfbndiWjROYQ,More,3 hours ago,2026-01-04T03:09:43,Taiwan Security,"https://encrypted-tbn2.gstatic.com/faviconV2?url=https://www.aol.com&client=NEWS_360&size=96&type=FAVICON&fallback_opts=TYPE,SIZE,URL",2026-01-04T06:42:43.064398
China Launches War Games Around Taiwan As Island Vows To Defend Democracy,https://news.google.com/read/CBMigAFBVV95cUxNdzJJem9sd3Q3T1FTRzk5cDBKZk91TEljcFY1c0p0X3BXSWVzVHJVVTAwWDF3NlhVQXdCMGYzaDUtM0t2QWR4Q3JkMXpzZ0tMVlE2QUJHUXd4dzMyUGpwRzhOUmdOTnVQRWltUHhoRXRXajBoMXotbE1uY2prZ01iZw,More,3 hours ago,2026-01-04T02:47:30,Taiwan Security,"https://encrypted-tbn2.gstatic.com/faviconV2?url=https://www.aol.com&client=NEWS_360&size=96&type=FAVICON&fallback_opts=TYPE,SIZE,URL",2026-01-04T06:42:43.064400
Opinion - BRICS and forced labor: How Russia is exploiting an international economic bloc in its crusade against Ukraine,https://news.google.com/read/CBMie0FVX3lxTE96RHdKVjNHaFpWMGhaS3RLX25LaWdrM1UyMVoyWXlHWndxMFl4c1p1c1BTY3pycFFfUWlmU0RPX3o0WjYyQzNuTFprQzlNaHExaDVzWjlhU3U1TmtST2lHM2Z1anNzXzVlNkRUUEtLWVdLUGtVQzFaUzd3bw,More,4 hours ago,2026-01-04T02:37:09,Russia Cyber,"https://encrypted-tbn2.gstatic.com/faviconV2?url=https://www.aol.com&client=NEWS_360&size=96&type=FAVICON&fallback_opts=TYPE,SIZE,URL",2026-01-04T06:42:43.064403
connections - The New York Times,https://news.google.com/read/CBMidkFVX3lxTE1sSGM2SUE2d0ZBRU5LR3pLWk80ZFJLOHVmaFFLLXZnVm9KLXFHSzZaa2Fkb3Q4R2tKZjhqdVNqOGRvQmRMbFhZVzhfRVFldkMtVmlKd3E2VWdwWmFSRmk3SnZmaEx3ZkJYZ2hxMm50Z0lfWldDd1E,More,4 hours ago,2026-01-04T02:31:51,NYT Cyber,"https://encrypted-tbn2.gstatic.com/faviconV2?url=https://www.nytimes.com&client=NEWS_360&size=96&type=FAVICON&fallback_opts=TYPE,SIZE,URL",2026-01-04T06:42:43.064405
Bipartisan House China panel slams Beijing’s Taiwan drills as ‘deliberate escalation’,https://news.google.com/read/CBMihAFBVV95cUxQYm12OGZIOUVXNEJvXzl0TFU4M0o1bTlmUHktSmVFeTZoYk5VVzNkUm1od2RrU0NxM1RDaUlsT294dk80ZnU3SjdObzhpVDJrQ2dPejVobHB4VHVfR3NlMldrOWVzOHpOczlueHIxamE4MzBBN0QyU0hqTHdWeTk1Q1h2ckM,More,4 hours ago,2026-01-04T02:05:00,Taiwan Security,"https://encrypted-tbn2.gstatic.com/faviconV2?url=https://www.aol.com&client=NEWS_360&size=96&type=FAVICON&fallback_opts=TYPE,SIZE,URL",2026-01-04T06:42:43.064408
China fires rockets towards Taiwan in war games simulating blockade,https://news.google.com/read/CBMihAFBVV95cUxQM1RFSHA1elBjSXdfZlVObUdabnE4Z2lnMUU0YXhfTVVOOXNlUHB3R2Y2Q2R2a3RJRFVXVC16OUNDWE9xLU1FdHF0cVhpZy1PTHRpMWtqc1hjWG10RDg2Zm9qUkhUV1ZCZEtsSDItWFkwVlk0TXVxY29vMFEyN3dtMVZGanA,More,4 hours ago,2026-01-04T01:50:19,Taiwan Security,"https://encrypted-tbn2.gstatic.com/faviconV2?url=https://www.aol.com&client=NEWS_360&size=96&type=FAVICON&fallback_opts=TYPE,SIZE,URL",2026-01-04T06:42:43.064410
"Jamilla N Holomon, Fish & Richardson PC: Profile and Biography",https://news.google.com/read/CBMiXkFVX3lxTE5kRjZndFlHLU92S3YzUlpBZUR4c0xpaVNObU01emhSSUt3NENFVGhZNFFlYy0weDM1Z29vSmtJRUFoM3ZxeTVmRHZpTVNiVTlQR0xXVmdJOUtGR3F6cHc,More,5 hours ago,2026-01-04T01:21:39,Bloomberg Cyber,"https://encrypted-tbn1.gstatic.com/faviconV2?url=https://www.bloomberg.com&client=NEWS_360&size=96&type=FAVICON&fallback_opts=TYPE,SIZE,URL",2026-01-04T06:42:43.064413
Ontario architect's seal forged by remote worker believed to be North Korean fraudster,https://news.google.com/read/CBMi6AJBVV95cUxOTnFDWFQ1YkZnbHA4SDRoOVk0dUFOMlVmXzhUVnM2b213ZzQ3T3BwbEdBUW55cUZxa0hJUGVxUHJTLTFsOVdGTWlwUDBjU3FvMVpSaGVKSDFyMmFfWE4xS2phTWVHYTUwU2FDa2l5b25RT2djMTRUZHFFV1QxbjU1WXR5RE5aNjJ2enJldEg4NU1hTDdqNURydjlrYXFlTHJLVUt0MDROTEhMWk9PYTd1NDExNzVFUjNDZWc5ZEV1SEdVa3NwVGtMa29DRml0QlBHMVF4Tm00UWdLUnJBUWhXaEhqLXBPTGM1b0lVcXlCMDk5dGZja2xYNUg1d1V5ck9yV3F1LXY3WUN2azRlUFFvaUVXNl9UMzRnTWxaZjZJc2owN2cyVDJISm5nekdQSUdBVkdfTDFMZWhBcnVHbWdPQzkwREw4a280cmY4WFJsY3cxZEt6MlRoaXQ2WGs1d1BQMjZWcExQVkg,More,5 hours ago,2026-01-04T01:11:03,DPRK Cyber,"https://encrypted-tbn2.gstatic.com/faviconV2?url=https://www.msn.com&client=NEWS_360&size=96&type=FAVICON&fallback_opts=TYPE,SIZE,URL",2026-01-04T06:42:43.064415
"Cybertruck Unveiled: Bi-Directional Charging, Steer-by-Wire, Largest Battery in Any Tesla, Powered Frunk, 18.5-Inch Display",https://news.google.com/read/CBMinAFBVV95cUxNUWxPM2FTR25CWGJuVW1HNXZkQjJ2Qi16eUUxTXRneG1DbVJfeXk1bUh5aTFyTExTYnA4R0l5TlVaN3A5TkctRFk1SnV5dFdrZjJaS1AtdmVDQUNHWERCS3NyTDI1YWFmQWRIcjNYRkhGWnhseHdtdWZma21FbTd1UkVSM2JLYldFNGhGb1RQd1NPTFpHRUdvaEJKWEw,More,5 hours ago,2026-01-04T00:47:00,Energy Security,"https://encrypted-tbn2.gstatic.com/faviconV2?url=https://www.bankinfosecurity.com&client=NEWS_360&size=96&type=FAVICON&fallback_opts=TYPE,SIZE,URL",2026-01-04T06:42:43.064418
Phishing Scam Drains $107K+ from Hundreds of MetaMask Wallets: Key Checks Before Any ‘Update’,https://news.google.com/read/CBMiugFBVV95cUxNcW1EZDVITGtNR3QwN2FmeEhTYTE1d2htZ2N1LXQ2TkhjUFZZZGpxT0owQUZnc3RUTWtWNE8ycFRGbVI4ajg5MFMySWE2T3Y4MmZiODh4dzd0NllaR0VGdXlwUVdGRG95Uk9pTnpUM0dqRk8wMG9WYXRYMHhpeDc1eGEwYzBCWVJpYXQ1aHJqMDNndjZ2Ml9BbklSeFMzZ3p4VENUZ0pnZmpJMHFYV2Fqa2JiZldXdjg3NGfSAb8BQVVfeXFMUElYQzlxV0p6LXRwWkp5R0g4Y2xvTW5YQXZDbVJzV3hNWFlfMkdydlNiQUpTYnhDeHZPM19lYVN3dTRyVkVUUGJpSlNXb1dmNDJabzBBYzRyOHh3UHQ0ckZpT2E3UVh6R09zUWVCZjJLcUhoVFNWejZPTXc4TnY3WXlVUElKTUJuUXotOFNld3k2eERuYnVaWl9TaGFPZElBZmNlWGR4Y2xYVHRfU0k4NEYtWFF4dnNHam5Qdmt5TDg,More,6 hours ago,2026-01-04T00:35:26,Phishing,"https://encrypted-tbn3.gstatic.com/faviconV2?url=https://blockmanity.com&client=NEWS_360&size=96&type=FAVICON&fallback_opts=TYPE,SIZE,URL",2026-01-04T06:42:43.064420
Australia's quantum computing startups race toward goals after yearslong effort,https://news.google.com/read/CBMiwAFBVV95cUxQX0dzaFlQUXRuM1FuMW4tT1F6RXJUeS11bGdtR3VYQV9KcUMtOEtYRGU2WkN3b01HeUo5NTRQX0wwck1xZzZXeHg0M2NfZVpjZnR1NXhUOGwzTWVScHVPbTl6Z1lUd1NMVlh2ZUJZZTgxWEhEZWZJVUF0MnBzNkJoRmo4cUdlYVBnVXVlcVRKOWNaTHJJSTFvc3NMOXVyZl9XTUdhSms5anQ2cWdub2FqTTUwNVBIR0hEcE43OEYwN3Y,More,6 hours ago,2026-01-04T00:31:00,Quantum Threats,"https://encrypted-tbn2.gstatic.com/faviconV2?url=https://asia.nikkei.com&client=NEWS_360&size=96&type=FAVICON&fallback_opts=TYPE,SIZE,URL",2026-01-04T06:42:43.064423
ShinyHunters Claim Breach of US Cybersecurity Firm Resecurity (Updated),https://news.google.com/read/CBMif0FVX3lxTFA2UXU3TFJ6Vzd6WFU2amdTZWYwTF8xeVMyUEVvNkhHTV9fU1duc3hFVW5PLVVTQ2tHelpsXzY2d3A2UG1lNWpDa3FlVF9UMS1WQ2JZc20xVWdBemRfTjNmVFFlS1FNcFRjM3JCaDNqVXBZdHBXbmFWVlM3MU1DTE0,More,6 hours ago,2026-01-04T00:14:47,Cyber Attacks,"https://encrypted-tbn0.gstatic.com/faviconV2?url=https://hackread.com&client=NEWS_360&size=96&type=FAVICON&fallback_opts=TYPE,SIZE,URL",2026-01-04T06:42:43.064425
University of Phoenix data breach hits 3.5M people,https://news.google.com/read/CBMiiAFBVV95cUxPdlI1dUVqUE1MeHNSNHYzVUd6QkVybHNqVnFPZVBkUy0yRkpZb1RoU29HTzkyUjJMVENRaXN5bWhQemVUWGhOMjJZa1REU21vZlJEU1hVR1I5MXI3UDVsR0ItSkt6WUd0QS1RN1F3cDRzdDUydjRaemUwMTNpV2g3Ym96UzBYblJH,More,6 hours ago,2026-01-03T23:55:33,Zero Days,"https://encrypted-tbn3.gstatic.com/faviconV2?url=https://www.wccsradio.com&client=NEWS_360&size=96&type=FAVICON&fallback_opts=TYPE,SIZE,URL",2026-01-04T06:42:43.064428
Tech billionaires cashed out $16 billion in 2025 as stocks soared,https://news.google.com/read/CBMioAFBVV95cUxPT2NRZ1ZsNDZ5VUk1c2dQLVM2cGhXdExNa3VpSzRYcFlJNlE1ZnBGdEdDenhvOTFXVWtEMXgyY0JleF9hTnkzNl85akxsUi0zM1d2VUFzRnV4c0QwWXc2LU5rX0NKSlVOX1NlYkJzTm5vVlEzZWdDRXN5ckFKeDBXNm1aSmZWZklVMHVZdWktMGJkaFQ1d0VkWkFXTzhSQzFJ,More,6 hours ago,2026-01-03T23:45:07,TechCrunch Security,"https://encrypted-tbn1.gstatic.com/faviconV2?url=https://techcrunch.com&client=NEWS_360&size=96&type=FAVICON&fallback_opts=TYPE,SIZE,URL",2026-01-04T06:42:43.064430
2025 and the end of 'absolute security' online,https://news.google.com/read/CBMimgFBVV95cUxQbjFIZ2piYlRlUHVuRldKV3FwZkZmMmR4cUNPeTZiMmpjcng2V2JOV1pZOEtERnZkdE15emhjUUdGSVJ1ZXNDRjZBODJrRUJEemRlbmtma0hUYkZlM0dIUVVuaXlMSWtpaTNPdENBTWp1c3RTNjFpQmFvUzVqY0VHbzNFY1JFZVBzSV90cHRTNDYzYmpEcF9ydWRB,More,7 hours ago,2026-01-03T22:48:11,MSN Cyber,"https://encrypted-tbn2.gstatic.com/faviconV2?url=https://www.msn.com&client=NEWS_360&size=96&type=FAVICON&fallback_opts=TYPE,SIZE,URL",2026-01-04T06:42:43.064433
California residents can use new tool to demand brokers delete their personal data,https://news.google.com/read/CBMiuAFBVV95cUxNN216dXMxZFdud0daNFZIYUtQVENHVVNGaGg4S2FDZlZWcmRUZ0pIYWNNd1Myb0pHOTVQQWhJRXZZckNnenpscmxQNnBIc0szMHZESGIzTzdhSTRibjBUUnVoWkpoTGwzTnJTZlFtb0txSUI2TkpNaUpUVjhOQ1d3SEViSk11QTlSaWxzQ3dkWnBvZl9vSnlKT0haZXpneXZ4clhLd0NLcFJ2WE13cEFRekdBaVNzZXBm,More,8 hours ago,2026-01-03T22:25:34,TechCrunch Security,"https://encrypted-tbn1.gstatic.com/faviconV2?url=https://techcrunch.com&client=NEWS_360&size=96&type=FAVICON&fallback_opts=TYPE,SIZE,URL",2026-01-04T06:42:43.064435
How the US’s audacious operation to capture Nicolás Maduro unfolded,https://news.google.com/read/CBMicEFVX3lxTFA4TG5VWm9lVDluUUgtakxfRDg1VjA5Q01DaU13WjQ5a3VVOHZocWhDeUJOU1VKN3Y4d1lrUHpPS0JkUVN2WmEyRjFVWC1wcTgzbmpLVENqMmtNR2EtdXlSZjFnX0I2ZTFCX2hwX0h6UkU,More,8 hours ago,2026-01-03T22:13:40,FT Cyber,"https://encrypted-tbn2.gstatic.com/faviconV2?url=https://www.ft.com&client=NEWS_360&size=96&type=FAVICON&fallback_opts=TYPE,SIZE,URL",2026-01-04T06:42:43.064438
Police register case in 18L cyberfraud linked to mule bank account,https://news.google.com/read/CBMi1wFBVV95cUxObXNwVU0zVkd5MVdpWWxDbkozVXdIanNZWmdkc3k5cmJCdVN6ckMyal9xdm9HWUYtdVk4SGJJaWhiUEY3RDBEbnk5WUtWTmdfZU5KQTJWRHlPNDd4ai04WGE3c2c2SjMwZVNLbFZ6alVzcm1UeEhBWVlzcTQ2RWU4UmhZZC1FT2xPYjRDdHZ5TTRXZGNMR19UX1R2VWdZR1R5ZmVZaTR1S1FWU3pyd1d6RDJWeUp4dTNiMGlWN2dLOFlwQW9SWVZERmkxSlRaNlVzZVNyMFVjTdIB3AFBVV95cUxNMGxRemFIdXdlMkd0WFlBc0lqNTRKYndrTGZTRE9PMHFyVTZSUDdiYnFtTzZOdXdXWjZPNjBRN1N1TXRVbWlTQk5McTcwZnpxeGJ1ZHkwS0wwWHVaalhPamF1WG5Fc2RnWTNEWVVQd0RCeWlLaVZwaGNCa0xYSmJma192cjlvR05aanA1ZnVrMFhrTEdaUHRCSF9TcC1IWHFGMVI1VmdlNFJNRk9tZ0xzQnc5ckVwUDFmN3Q0SUNDaXlaQ1FRSDdjT2lZMmVhLXJPbWE5aWwxQktBeXRP,More,8 hours ago,2026-01-03T22:07:00,Financial Security,"https://encrypted-tbn2.gstatic.com/faviconV2?url=https://timesofindia.indiatimes.com&client=NEWS_360&size=96&type=FAVICON&fallback_opts=TYPE,SIZE,URL",2026-01-04T06:42:43.064440
The Chinese Military’s Rotten Core,https://news.google.com/read/CBMiekFVX3lxTE1vTTRDYUZiQTJFMjhLSzF0T1IwWDZUbmVhMjVGNndwS0I1NmM4T2s5YWRBUWdTd3dRVXg5eFUySFd5WDNfNTNwQWg3eldoVmlLTGVjYjdSemVUNElEbzFVZDJkMktMck9UdVpqc3A2VktlTHllWVo1MDZB,More,8 hours ago,2026-01-03T21:51:46,National Interest,"https://encrypted-tbn0.gstatic.com/faviconV2?url=https://nationalinterest.org&client=NEWS_360&size=96&type=FAVICON&fallback_opts=TYPE,SIZE,URL",2026-01-04T06:42:43.064443
'A lot of gunfire': Here's how the US raid to capture Maduro unfolded,https://news.google.com/read/CBMiugFBVV95cUxQQXZTbUp3aXE0Y0R3T29lNzZDSlF3a0lTc256UU9UOXlxYmVIREhuQ2ZRVEF1QW1vX0dSMnd3SnlWdkxWLTdzOFlHckx2c2ZlbnFVMHZFQjhiTXpYNWpYdWMtRmMwXzVBOGZieWlkRW1xWGhYd3RVTXlFRXMwbEo1QTNMYW9fUDhpNy1JeDBDSlZtQnlvUGtXcjB6bmU4OXF4ZzJBU3I4eVB0VDYteTl3MTEtMV9LMmM3YlE,More,8 hours ago,2026-01-03T21:49:00,Cyber Attacks,"https://encrypted-tbn0.gstatic.com/faviconV2?url=https://www.usatoday.com&client=NEWS_360&size=96&type=FAVICON&fallback_opts=TYPE,SIZE,URL",2026-01-04T06:42:43.064445
"Airtel issues Urgent alert for its users, company asks customers to stay alert against..., warns of...",https://news.google.com/read/CBMirANBVV95cUxNakpCdTNSMUNhUGVJUlZlVnNzVjZsMWdrR3l0eHIzdTExLUNHdFdhdVNLSFFLZEh3cXB5NWROdHRhUGQzR3JOd2Zfclg4Z0dfWkFDdXI3V0JIcEc1eTFNSEZ0TTlSdml1aEtOZHp3aGRlOWN0cXliSUkzNjRpY3hCRFppQjVDSnFONE0tSXFYVGtTbi14UGg5ZnJ2RjZvQWtwMm1GODZlS3g5cFdWNDdySGx5R2tTeF94S2NnWnN3c2ZrUDdQcWRnLU56azhVTnBwSUlvMG9VbkdDLThZOHRHQzZyVi1RTjJqQV92UGZrVmpXcXFQS3BxMGFEdVBoS09YXzhXYkRlaXlWdHNhRmhVR05HYzdHZjNtblBtZHFCeXFXUEQyNU9uVi1YUnpRUmFIeXB5VnJnR0hobEJIV0NIYmJ1NEI4R2M2MzBKMlBUb1BCbUhCUnpTSF81X1JXbXgtNXQ1SmJIWEdxRWVsZWE0RTd4NEI1a2REMEx6X292ek1XQW9GWmNXZTQtVnkxaFZab2sxanFFSVdzUUxYOGtsUUlfWFBMZlI4S3FLaA,More,9 hours ago,2026-01-03T21:35:41,MSN Cyber,"https://encrypted-tbn2.gstatic.com/faviconV2?url=https://www.msn.com&client=NEWS_360&size=96&type=FAVICON&fallback_opts=TYPE,SIZE,URL",2026-01-04T06:42:43.064448
"Pets, planes and a 'fortress': inside Trump's raid on Maduro",https://news.google.com/read/CBMipgFBVV95cUxOdDh1UlpFRjFPS2d0aG1pV2NRNWdwWXVOeV9mTnUweFhVNDRNbzQ2UExnbHZIOWFlbElCWGxNcEMwRjE1a2RJaER5QlpuSlFaSnJtZnB0cFdwR3V3NU1fY0FiZGFxenh0dTd4ejV3bmRjVW9MMjZ5V2ZjQmRWLWh2cTRNY2RlclNjbFVKc2hLUHdxWUx6Ry1UVS1zLWxSejc5TlFvNEJB,More,9 hours ago,2026-01-03T20:45:13,France24 Cyber,"https://encrypted-tbn2.gstatic.com/faviconV2?url=https://www.france24.com&client=NEWS_360&size=96&type=FAVICON&fallback_opts=TYPE,SIZE,URL",2026-01-04T06:42:43.064451
Scam Sniffer: Crypto Phishing Losses Fall to $83M in 2025,https://news.google.com/read/CBMihwFBVV95cUxQbVZjb2Ytb1puWER6MThua2V5NU1DeXpTbHZWc1RQVkU0VFVzenlFaENxQ21HSGg4cUN2UjJzSWNUQU5HM2psQWdrVGlRemdobnhTYk4xMFF3M1g3N0s2bFo4dmdzZ19YQUM1aWNlaE1jbE5HZkJsaG9GcDlLejJ2ZUJFYndDS1E,More,9 hours ago,2026-01-03T20:42:32,Phishing,"https://encrypted-tbn1.gstatic.com/faviconV2?url=https://coincentral.com&client=NEWS_360&size=96&type=FAVICON&fallback_opts=TYPE,SIZE,URL",2026-01-04T06:42:43.064453
"Hackers claim to hack Resecurity, firm says it was a honeypot",https://news.google.com/read/CBMiqAFBVV95cUxPeW9SbTZpeVkyMUU0Yl9EaDNTTmduZXgwdnZBMkJsRFQ1aFpiOVJibExsM2Qtbi1VUGstTUhocW1Kb1dlVXd4N2xNY3A5V2JkVURnX25sYkdLLU51MTFLQWtleVFsNlQ0MWwxbUF3Rk5LQVZ6b1ZJY2ZhMnNyd0pNN0lEdHIwVVI1cmppQnZZQldkb1NsMm55RmRBYVZuVi1aOElBLTZLcW_SAa4BQVVfeXFMT1NoOUFnUlhpdlRQTVlvMHRSQnpadEZ1SkZCTjFreGtPclBMV1dzQVVtWWpwblFsSG5FUWpNeWFJaFB5NVlRVlN5eDAxUVg5WG5tTTNVY0FtZlNGTzBDQnJqa0VQbXdFcndQSXRPckx4bV9QVnl2VTEtZ3QycjRSYlhxb085OWctX2ZMa1ZfcDNVTGJQTXEwNElIV0xaaFRZNDhJZU51OWQ2X0g3MkpR,More,10 hours ago,2026-01-03T20:34:22,Bleeping Computer,"https://encrypted-tbn0.gstatic.com/faviconV2?url=https://www.bleepingcomputer.com&client=NEWS_360&size=96&type=FAVICON&fallback_opts=TYPE,SIZE,URL",2026-01-04T06:42:43.064456
Spain’s Galician Supercomputing Center signs agreement with IQM and Telefónica for two quantum computers,https://news.google.com/read/CBMiV0FVX3lxTE5VeW4zWXVzWmpydjZ4aXM2RExiWndhd3NFdTQ3SXFQdUkydEktSmd6NXdwS3FldU9kRHg0VnE0RE4ta1dfZkk4MGl1cGpYa3NJbWxnbnNrUdIBV0FVX3lxTE5VeW4zWXVzWmpydjZ4aXM2RExiWndhd3NFdTQ3SXFQdUkydEktSmd6NXdwS3FldU9kRHg0VnE0RE4ta1dfZkk4MGl1cGpYa3NJbWxnbnNrUQ,More,10 hours ago,2026-01-03T20:11:48,Quantum Threats,"https://encrypted-tbn0.gstatic.com/faviconV2?url=https://www.trendhunter.com&client=NEWS_360&size=96&type=FAVICON&fallback_opts=TYPE,SIZE,URL",2026-01-04T06:42:43.064458
Some Republicans Express Reservations About Trump’s Venezuela Takeover,https://news.google.com/read/CBMiuwFBVV95cUxNRF9ZSlRJZHl1bnY3RUxVVC1tck9Xa3g1LWJHckhUclp3ejlyejlhM3RHWTljMXU0dlZyandLNUpTRW5pM0M5OGtUSmwzNHpGREVwM1I0dDNpa3UwcVF6SGJfcFQtbWd2T1VXUmE4bXlqMHkybnJhS280blNWdWZ6YlplcUtUcE05d0VZTWVZb0pTZ3lyTE1FZnYtWFNKb3dScE03RWJLUjBpWk1hcTlyb254Snp0YlFGME5z,More,10 hours ago,2026-01-03T19:53:44,Forbes Cyber,"https://encrypted-tbn2.gstatic.com/faviconV2?url=https://www.forbes.com&client=NEWS_360&size=96&type=FAVICON&fallback_opts=TYPE,SIZE,URL",2026-01-04T06:42:43.064461
Bitfinex hacker Ilya Lichtenstein credits Trump for early release from prison,https://news.google.com/read/CBMisgFBVV95cUxOSlIxWWpBTG1NTHRTY0xfNi1kRnU2T2Zpc2dkZE9vdmZtODBwZGVnMFVwXzZ4N3luZGZYNE8ybEVNS1ExM1NzRUlPZE9NYnRTa0ZWWjFsYVRya1ZKVllZVFJuc0k2d0ZaamIwWVVjSTlmcmFFLUwwOU9FWlE1d1NhbFJiaGc2djYzMHRpWGc4QWR0RXZTcVBNd1N6bmR3VFB2QnBWQVhlRGNxdi1Ld2ZYNWpn,More,10 hours ago,2026-01-03T19:48:23,TechCrunch Security,"https://encrypted-tbn1.gstatic.com/faviconV2?url=https://techcrunch.com&client=NEWS_360&size=96&type=FAVICON&fallback_opts=TYPE,SIZE,URL",2026-01-04T06:42:43.064463
Iranian hackers threaten to leak data from former Israeli justice minister's phone,https://news.google.com/read/CBMikwJBVV95cUxQaUJtZ2dzVmNkVFhodGZmbFV5N0c0U2VGdEVGd0g5Y1hDLU1oQndWZkwyS1FwcXJCRF8tVmNScXdzaE8tM1BIQ1g1MDdtTUpSNzhrb18xQ2ZLR3k3Y1RuUTBHcVpQRHZxVWZSUUdGZjIxd3JjcU1SOHpHSWdRREhtclhCUzNtcDJxRDFMaXkyT0RRdTAzUE9XWTN2U3dycG5mMTVRbVlMd0xwc1NPS2hXbnBOa1g3VHgxcEduQ3c4WTJBQWdVOG0yUF9IOENsX1U1elpYRTNHSkM5dERqN3FhV3NodXFMekJBekFpcHpFR0hqQ3VQQXUyRTEyMHpnNkV0bi1yZGFDU3d0TkN4YlpXMUVvOA,More,11 hours ago,2026-01-03T19:28:00,Middle East Cyber,"https://encrypted-tbn3.gstatic.com/faviconV2?url=https://www.haaretz.com&client=NEWS_360&size=96&type=FAVICON&fallback_opts=TYPE,SIZE,URL",2026-01-04T06:42:43.064466
Resecurity Says ShinyHunters Fell for Honeypot After Breach Claim,https://news.google.com/read/CBMibkFVX3lxTE9hdVk4N2dhWjNsaEdmX3ZySXptdHltelRUYV9sRTJMdG8wQm9nenBrd0dVc01WWjB3NWVDX2ZlMjMxcGJNRTIxYkk3cUpkT3ZSNl9aSjV3TWU2YUxZRVY0eXZqMGxqUWo3X3BGMEpn,More,11 hours ago,2026-01-03T19:21:07,Hackers,"https://encrypted-tbn0.gstatic.com/faviconV2?url=https://hackread.com&client=NEWS_360&size=96&type=FAVICON&fallback_opts=TYPE,SIZE,URL",2026-01-04T06:42:43.064468
Unlucky phishing victim loses $1.08M after signing malicious ‘permit’ signature,https://news.google.com/read/CBMigAFBVV95cUxQRHB3ZnZpQU0wa3VEVlFaektFR0twQ3lKWER0NlQ3dkZnTlUxOVR6TnFPd2EybDU0SzFYOXhtbUJUNzcwZmxXQ2VYMl9HUWtKNDl3ZElpaVo3bF9seXZURkl0QVV1bG9uckFvdFlKNUJZMjU0OWJTbm1pSnpOeXVwXw,More,11 hours ago,2026-01-03T19:15:00,Phishing,"https://encrypted-tbn2.gstatic.com/faviconV2?url=https://www.cryptopolitan.com&client=NEWS_360&size=96&type=FAVICON&fallback_opts=TYPE,SIZE,URL",2026-01-04T06:42:43.064471
Networks scrambled to cover the early morning attack. Read more below.,https://news.google.com/read/CBMixAFBVV95cUxPZTd2eHFMSU5UZVZocHpkQk9KNTZSYjRQQVVGY1JqRmtnS3FwN05QTUV4NTE1U3NwYkJDaWVnb0hMemEzZmFoOW1QSWpkQjRYdXZCWnY5TFNSV0x4QjZKM0hHV3ZvWFpFWFB1a1ZITHJHTzdqMXlGYl9CYXJlclpqRngwVDdUWjFrWEJSWG5MbWlXV2ZvUEpLYTVEbDY4RE5fbXNXQXE1QVJ2aFY4bGkwSThnQ3ZJRnZ5eGZIaXJIbWVOb2Vx,More,11 hours ago,2026-01-03T19:00:10,Middle East Cyber,"https://encrypted-tbn2.gstatic.com/faviconV2?url=https://www.facebook.com&client=NEWS_360&size=96&type=FAVICON&fallback_opts=TYPE,SIZE,URL",2026-01-04T06:42:43.064473
Iran threatens American troops as 'legitimate targets' after Trump claims US is 'locked and loaded' to protect peaceful protesters,https://news.google.com/read/CBMiakFVX3lxTFBsR0pWdjVtNnQzdDFKdTdOdUJHT0ZBZ2t6MzVNTTJsV1FodXZEU2RoMVhpZ2tQYlFTYUJqclNCd0dRRDVvWEN1b0Y4YmZKWC13Sy1ybUNBYWFlbUYwZS1TQkFNcnZTN2ZrZkE,More,11 hours ago,2026-01-03T19:00:00,Iran Cyber,"https://encrypted-tbn2.gstatic.com/faviconV2?url=https://www.jpost.com&client=NEWS_360&size=96&type=FAVICON&fallback_opts=TYPE,SIZE,URL",2026-01-04T06:42:43.064476
Zelenskyy met with advisors of the Coalition of the Willing: security guarantees and real peace discussed,https://news.google.com/read/CBMixgFBVV95cUxOblZ0VTJWXzh2aEtSZHZvQ2tPdlJla2NBeXZTX3UxakNtcHc5VFd3c1BXdE9SSHRlbHZQdnFtRHNrNzFPRV9ubXEwME1WalBJdjJjTGo4Z0hqTE9KSjJQS0tYZzEzREZUem5YZW5yeVJkMDdMMkNBVTB6UTJaS2kzU1lVb192dENINUM2OGVYQ2JfczhoMlJMUzk4TzQxMzNTSm9nTS1CSnlNeUl2WlZpM2tZNFZxMkhRZmxRejJhREMyZ0s5OXfSAcQBQVVfeXFMUGo5UVJhemR6ZVpjQXpHRnhfWDE5d2dkalJaVVJSQ3ZaTldJQTlCeS1JcHd4WGkzaUZ4TnZjeElycHN5RmRjYWxubV9KTmszc0pudURlSDY5LUVfSHFTbEZzMm4weGt5S0VmYlBnYUI3Y2wxTHdIWGtUZDJxemVGUVZhamNra1lKUjJNNnBkbWpvaWsxUE1EUHVQUlEtOURIZFBWTER1czRUQVVLaTRfWFpfTk1jZE92aThNcTlVX3hoeE1EYg,More,11 hours ago,2026-01-03T18:59:39,UNN,"https://encrypted-tbn3.gstatic.com/faviconV2?url=https://unn.ua&client=NEWS_360&size=96&type=FAVICON&fallback_opts=TYPE,SIZE,URL",2026-01-04T06:42:43.064478
Peace Through Strength in Venezuela—and the World,https://news.google.com/read/CBMijwFBVV95cUxPYkRjVnR5VjBvTU9nUWhINlNzUzhTOTZZRGcwSjZRMXJzd0Noc21zSXJNMktUd2l1Z0N5Uk9vYWc3LXB6RGpTT281RHVRenJ2czNiMWE2akh2eDhYOE4wcEl1a195MmsyNmMtRlhQT3RNamt2SWhBb0dmZ0E4UmVfZ0t6UGpRT20xVHI1a1duQQ,More,11 hours ago,2026-01-03T18:46:39,National Interest,"https://encrypted-tbn0.gstatic.com/faviconV2?url=https://nationalinterest.org&client=NEWS_360&size=96&type=FAVICON&fallback_opts=TYPE,SIZE,URL",2026-01-04T06:42:43.064481
Gen. Caine Details ‘Operation Absolute Resolve’ to Nab Maduro,https://news.google.com/read/CBMi1gNBVV95cUxPeGtCLWlGSHNRQkJtemRZa2RCTTU2ZHFhb0g0bmFNUGR6OUR5Q2VIZEJaUW52bnlxWFJkdXBDd3NFcVV4NV95WE9kc0lsU29PTkF1TlRSUzZnUHNLQlZOalM5WVVwd2plS2hla2k5bUlZczU1VEQ2b1I2QkN6TFRkYmFvVWRZaGVnS3Z3Q092bUw4djA0YUhrVU9DMnRBc1lVakFyQXVqMjhwNHV6NGVtZ3duLVA4dGRSMmNybzkzV3p3dm81RGxmdUltSW1oU1VMSHhrUkxRd2lQTXYyQ21qSDNyN1NGRGJtV3gxUXgwQ3VKRHFSYTMzN1JwaE1ESVZkZFdKaTNQekRHc1Z2V1RmaThNcWdabHlBNWJhYjVjNjhJdVAzN1BUUTdSa2hfeVlXeXBGbm5BemRfcnRkZU9feHpSdFF3SllBdlJFbGxYS3pVZjU3eGY4VXNaSlZXWmc2eDMwWEhkeEkyWXoxaGtBaTFud2swYWgyeXBZMnVSSENYQldiYWU2QUJPUUttaTI1cGtHSHRZSjFGRXhvc3JBZC1fUjV4cFJ5MkRVQUg0RXR0clctbEYxc3pLVkpTYTJJU2d4TjBWYzM0NS1jal9tS3VXa0todw,More,12 hours ago,2026-01-03T18:10:52,WSJ Cyber,"https://encrypted-tbn1.gstatic.com/faviconV2?url=https://www.wsj.com&client=NEWS_360&size=96&type=FAVICON&fallback_opts=TYPE,SIZE,URL",2026-01-04T06:42:43.064483
Lawfare Live: U.S. Strike on Venezuela and Capture of Nicolás Maduro,https://news.google.com/read/CBMirwFBVV95cUxPeTcxTE9TM2JQOWFtaEx3WFU3WkVQVjhCZXF6Y2pLOEpNSDZkaVJmakdTWFV3Y3NtaTRYVVFBVXhsZ0xtekVGZ0h2ZGZHbXQ5cnZnbS1JTmxCTktNN2syUTRLNXNkN1FhaVEtaU90eU5sTHZDY3VIRXZzMlczQUlSeGI5RHhUV0hhT09zVmkwaVJ5MzZGYWxVcWwyZlN0Mml1YmxiUnFDUldHZ2FvR1VN,More,12 hours ago,2026-01-03T18:09:00,Lawfare,"https://encrypted-tbn3.gstatic.com/faviconV2?url=https://www.lawfaremedia.org&client=NEWS_360&size=96&type=FAVICON&fallback_opts=TYPE,SIZE,URL",2026-01-04T06:42:43.064486
Google’s ‘chess master’ is working on AI’s killer app,https://news.google.com/read/CBMirwFBVV95cUxNcVZ4SFNsS0RVWFdpMHBRT1hCaXRGYWhNaDBMVnVrN3dUWVB0MEt6TkRMQWx0SHhzTEFKYzJLdU1MYlZlc2NtWG9nMDBsdS1SVm52Z250S2FyNG90MTZhbThYUG41V3Zvdld1MGJ4YjR5ekR3Q0Q5bk01YVpfdTZOdTJCb0pHbFRNQnBBTWkxdXNRcVhJSC1EdGtJUVhkcWFWZzFlZHpDRHBqbHlkaTJ3,More,12 hours ago,2026-01-03T18:00:00,Salt Typhoon,"https://encrypted-tbn0.gstatic.com/faviconV2?url=https://www.watoday.com.au&client=NEWS_360&size=96&type=FAVICON&fallback_opts=TYPE,SIZE,URL",2026-01-04T06:42:43.064488
BBC apologises to 7 October survivors after Jeremy Bowen reported from family’s destroyed home without consent,https://news.google.com/read/CBMingFBVV95cUxPVXdEMWhYQ0Vpc1pocmlQWUZCX0hCYmlJbjFTVFY1YTJxaEFIanI1Szdfelk3bUN4QWZhZG1GdUJvWnRtcWhJMkUwVEZjWE5mVGRZX3RyeFJjM3UwLWpUTnkyUTJPMjlpdk00cGtjUm40Sm5odEVVVnpfU1hFdW5xUVZoYXZXWGh1aGZaSWxJYlJxRmo4Q05YYmgyNlFjUQ,More,13 hours ago,2026-01-03T17:37:06,Middle East Cyber,"https://encrypted-tbn2.gstatic.com/faviconV2?url=https://wanaen.com&client=NEWS_360&size=96&type=FAVICON&fallback_opts=TYPE,SIZE,URL",2026-01-04T06:42:43.064490
Fake emails target Cardano users with remote access malware,https://news.google.com/read/CBMidkFVX3lxTE9na1dOVWdHZmpsTkdwb2Q3bUpCekw3azJWUmhUOTFVWkoxMzk1ODc3N1hfVjN6ZlluWjZIaDJJR1F3a21DTDFMbEN6alkzTHU2TTFzdV9FV3ctcnRuZUUzU2RuZ1RBSC0zYzdISDhNTnROMjZ2NHc,More,13 hours ago,2026-01-03T17:30:00,Malware,"https://encrypted-tbn2.gstatic.com/faviconV2?url=https://crypto.news&client=NEWS_360&size=96&type=FAVICON&fallback_opts=TYPE,SIZE,URL",2026-01-04T06:42:43.064493
Iranian hacker group Handala breaches phone of former Israeli justice minister,https://news.google.com/read/CBMirAFBVV95cUxObEZ4dExnMkpoOGlVelFna0ZpMVpZV0p4RFlFR2J4aFhZLXRHcDBFYktsVFU4N0ZtVmk4QXhyaEtKQTdnV25Kc2NibXIzTUpTOXNUN1VZYmRhbThxczFyNm1teFBlNVVMSWxPajZiREpkWHFTekVwa25rRzhKMnJaOGduSmVNTm5ldjVPM3BSNGUxc0ZJTFduMTNOQktVcHo0eTh3YWs3SmwwZFh2,More,13 hours ago,2026-01-03T17:12:37,Iran Cyber,"https://encrypted-tbn2.gstatic.com/faviconV2?url=https://thecradle.co&client=NEWS_360&size=96&type=FAVICON&fallback_opts=TYPE,SIZE,URL",2026-01-04T06:42:43.064495
Trump administration informed Gang of Eight of Venezuela operation after it started,https://news.google.com/read/CBMigwFBVV95cUxNUjM0NW1YWDhYdXhJNWpCUDRRRGhVaEFpRXNxSkpJMkc5cnZsTTZnR1B1Tm9Rc2dKWThDMWZjSVdoQkVwY3d4UnNjeko2Smhna2pITXNXanVENjVqZ1I0cEhuN29fSmxPMkE5dl9SdjJIbjE0S1NEZURWTFhyeDhEY0NpTdIBiAFBVV95cUxOZGVfZ3JJQ01Ic3g5U0NJc1lGT1RCalNodEdxTjBoeTlGNzBFTENpck9YWFdpaXphZWFnb19lNHNJemU1d3ZmbUJJNEJlTzFjS29KR1RvQVlFSl93NTlHeDFDSllyWjM1eFExanM0NXkzbEo4OWJMMHh5c0NiZ0NlV25WeTl6Z1k3,More,13 hours ago,2026-01-03T17:11:00,Taiwan Security,"https://encrypted-tbn2.gstatic.com/faviconV2?url=https://thehill.com&client=NEWS_360&size=96&type=FAVICON&fallback_opts=TYPE,SIZE,URL",2026-01-04T06:42:43.064498
Death of Tasmanian teenage boy sparks e-bike safety debate,https://news.google.com/read/CBMi4wFBVV95cUxOdTJkMUZWYUVOZzMwR284X0NLRXRCT3lkV3U3VzRHc0tvaXd0cUpJYlpwUUNVNEhHcWhEWmpHbnRkYTlUZ0NqSnh6UkhKc1lvMHpjcnpsWGhZckVMVGthUlVMQkNtbzZNY1ZERkktN2xqZTBDT09QeUVGLUU1aVluejhOTlREVGhwaGFGdHhvel9KOVRBVjlISlREUVpJeUc5Y3F1VmoyS2VPQVlRaFRMTVFSNTlRTl9uZFd0VXZOaDFVU2VWaENZMFVQNUNEVm0ycVk5RDM0UHoxUEpHRjliRWVsZw,More,13 hours ago,2026-01-03T17:01:31,MSN Cyber,"https://encrypted-tbn2.gstatic.com/faviconV2?url=https://www.msn.com&client=NEWS_360&size=96&type=FAVICON&fallback_opts=TYPE,SIZE,URL",2026-01-04T06:42:43.064500
Defense Department Report Illustrates China's Expanding Military Ambitions and Vulnerabilities for U.S.,https://news.google.com/read/CBMixwFBVV95cUxQb2d0RzhBUEpXWGY5cFJfNm41TGxwTDNfTC1GeHFTNzIxY296dGRDYm5zdW5KWHRyXzJVRlotMGY4ZWlzbXdVX3B5aXU0QXE1RXZqaGhxRk5yeHVYMV9LNjByTWU1R2M5dnFRZHA4WUt4STBDTXUyeHVUTUJ6aE9SQ0xwQi1LbEZLTEJNaTVrMW1pY0hDTW82eVprQ3NyS0k5M0JMVHpmYVg0NXVZTW1iMHFwZXpmS3prZWd3bUJ4eHdGME5rRUFN,More,13 hours ago,2026-01-03T16:58:55,Volt Typhoon,"https://encrypted-tbn1.gstatic.com/faviconV2?url=https://news.ssbcrack.com&client=NEWS_360&size=96&type=FAVICON&fallback_opts=TYPE,SIZE,URL",2026-01-04T06:42:43.064503
"US charges Chinese hackers, government officials in broad cybercrime campaign",https://news.google.com/read/CBMi2gJBVV95cUxPTFJCdW5hQ1ktT2ZkTm4xRDJOekpOWEZlVldZZzBUQnllVXJxS1BwYTFrZFdkVHZrUEN1SkFlTW9OYl9VS0RIYUctM0JjNHgxQTFvTnFNbVh4bGU3ekRZWmREU3g2TjZXSFE4UEoyNE9XRDBXNk1oWUROTjZ6Mk0zaEN6NUFxQmdkY2piNDcybWYxY2dOc0k3bDVUbVIxU25TWk5sd3JIT1NFdUxRaDZmbmRXTlE0ejUxQ25mWUh3VDkzNDN2a09ZTEdHQWd4ZTRLUjJIbnNqLW1MdWdURHMySmdFTnpwSXkzc0kzSlIySUlZSEZ2bDVXMk5PSWpBd3h6OUkxMnRoZU9KX1ZNTzVNWWh0dE1wZjNfT3NLWGJFUGtrV2N5NkItZDA5Vl9OSTktY3FCVUZucDFYNWF3ajhJYlg3UkxJTko4UHRmRHFSSTJVNXl0MmlUcFJ3,More,13 hours ago,2026-01-03T16:44:37,State-Sponsored Cyber,"https://encrypted-tbn2.gstatic.com/faviconV2?url=https://www.msn.com&client=NEWS_360&size=96&type=FAVICON&fallback_opts=TYPE,SIZE,URL",2026-01-04T06:42:43.064506
United States: two cybersecurity experts plead guilty to ransomware attacks,https://news.google.com/read/CBMiqgFBVV95cUxPTHdCTnNLdFpiZHRhNmVSS19RbWFKbGVGb3pZdHBySGRLeU05WEJFTVpJVlUxZGZjb0VybVJTcjJSVE9udkNENjREVGxCZ0ptUF9vTHJtcHVydW5hYk93eWRwRFZ6M1hKbkx5R2hLX05ST3RmV3h1aUx2N2Uza21oSkt5RHpsS195a21xR1k3Q1ZCcWFBcy1oZ1UxdW5GVXBEc3NDR3VzMlZOUQ,More,14 hours ago,2026-01-03T16:41:15,China Cyber,"https://encrypted-tbn1.gstatic.com/faviconV2?url=https://incyber.org&client=NEWS_360&size=96&type=FAVICON&fallback_opts=TYPE,SIZE,URL",2026-01-04T06:42:43.064508
Maduro Capture Operation and the President’s Duty to Faithfully Execute U.N. Charter,https://news.google.com/read/CBMitAFBVV95cUxQM2ZGOVZuNzl5TkNTVUNtWEl6VmF0emY5VGdqaHNTelZ1aVJYRi1ITnQ3b0JpV0dnVFB6U0xZbWVHdzlTdFY4a2otcThETDBJQzhFOEQwSXdZY2NtRy1ibE4ta2cyQkw0b2ZaYmJ3SXdFN2dadEtkNzNSak5TV1lzcmZ1VklIbWVJemh3TnU0NUpsWkZqQzhNcHFQRXlmby1tdjlxSWpMQ0xsdkNVMjVzbXhqOGM,More,14 hours ago,2026-01-03T16:40:49,Just Security,"https://encrypted-tbn1.gstatic.com/faviconV2?url=https://www.justsecurity.org&client=NEWS_360&size=96&type=FAVICON&fallback_opts=TYPE,SIZE,URL",2026-01-04T06:42:43.064511
Libya's internet provider LTT targeted by DDoS attacks,https://news.google.com/read/CBMimAFBVV95cUxPNUYzbEMtVHFVbDh0UTN0Rm5zSklOUm9ZdVFOWklHWXRjMUFMS2M1OXhNR3BjNm95amZmdHhoekJ1WDhBOUstbmNoWl9WNGJOTnpyLU0tbHhpd2lCaEdGdVlwUi1OOC1fblQxN2YxSGxDSU1WbERsX21zNnJseVdkeUo1eWtfbzUyMC1ncmp3RnppekZGWkRoQg,More,14 hours ago,2026-01-03T15:52:16,Financial Security,"https://encrypted-tbn2.gstatic.com/faviconV2?url=https://libyaobserver.ly&client=NEWS_360&size=96&type=FAVICON&fallback_opts=TYPE,SIZE,URL",2026-01-04T06:42:43.064513
"Ukraine Reacts to US Action in Venezuela, Calls for Democracy and Rule of Law",https://news.google.com/read/CBMivAFBVV95cUxQUGZ1aDNYN05iNWloY0tIaGNXc284Si14Tkpidy1TbnN6ZmdpMFZCTnpZbkc5bFU0VWhUcFVORzlSaDFvei1DY08td1piYWl0N3RnV0x1SF9HQzJSOEFXT3RJSDA4OWI3ZVVPX3pJZm1ldWVSYTZCdlhiWnpWcjkzMFpTWk05Rnc4Tk1tTnk0MTZPdXo2WlNEVFBzQnMxRmRuQWJGUk9pbVpZeG12ZnpsZkttUkdXVEJuUkttZg,More,15 hours ago,2026-01-03T15:27:37,United 24,"https://encrypted-tbn0.gstatic.com/faviconV2?url=https://united24media.com&client=NEWS_360&size=96&type=FAVICON&fallback_opts=TYPE,SIZE,URL",2026-01-04T06:42:43.064516
"Choi Min-seok shines for Doosan, draws comparisons to Son Min-han - CHOSUNBIZ",https://news.google.com/read/CBMif0FVX3lxTE9hU3Q3M3NIZjBPbDRJSGY2bzFZRzhiSVJ3Mm1jcWt4eTU2WHpWcUo4aE51dUlvUE9ZQ1RWdERQbFA5TnFJS3lLYURxY1VXcWdKWVpmT2RWdVJTZ3AtMFR2M1QxQWpDQm9tRE5PVGllakVRUGZqZTQ3RzlzS2dlWTTSAZMBQVVfeXFMUHF4ZkxmMFlBNjZLbjlFbWQ2Tm9WdmJGYjBETS1PcHc5VjRUcm9nSG84aXVYWUFUai0tLWQwRXVuNUJDSTRJREJUUnh4MlYxYXA0R2JlSU1peTIwSUJIVXlTTzdVd2o1NmNJNHA3SHFnemNjNVZlb0hXcEVBNjZudkxYV0RjQUozRmM2Q1VOekZKaXcw,More,15 hours ago,2026-01-03T15:14:00,Chosun Cyber,"https://encrypted-tbn3.gstatic.com/faviconV2?url=https://biz.chosun.com&client=NEWS_360&size=96&type=FAVICON&fallback_opts=TYPE,SIZE,URL",2026-01-04T06:42:43.064518
Cha Jun-hwan secures third straight Olympic berth with dominant short program - CHOSUNBIZ,https://news.google.com/read/CBMif0FVX3lxTFBuT1ROV2g4cjM0VXFPQmQzTVJNNlJwalItM1lCYTN5RUZCM0VHT0N5ZDJzMjVHWGIwN2JiY3dETUt4RkcxRTBpbVRob0Y2bU0tcWU5QjVwYWx0Mi1xOExVa1I4S3hZYTBfS2pMRXUzUDRwRmp3aHRMeHBmM3BaZzDSAZMBQVVfeXFMUG1NMFBROGJGVEVPeGRJSlRaU0FzZDdCZ3JJbDVkSlJxYnJzbVBwdXB3Y3FMamppYi1nM2xjNkNFMnJCbG5oNl9BdkZQSDhPU1FOZml5WFdMVTVrNldIeV9jeEczUjI4V3RpSGpPZ1Rvdnd1eWRVSlp4R211cXhnSUhRenVKNkZ6ZWxYa0c0Y1M0bFBV,More,15 hours ago,2026-01-03T15:07:00,Chosun Cyber,"https://encrypted-tbn3.gstatic.com/faviconV2?url=https://biz.chosun.com&client=NEWS_360&size=96&type=FAVICON&fallback_opts=TYPE,SIZE,URL",2026-01-04T06:42:43.064521
Quantum Threats to Encryption: Preparing for the Post-Quantum Security Era,https://news.google.com/read/CBMigAFBVV95cUxQSEVZYi15OFBwclRCN25LNWl3WXF0WlZ3bjMzMld2UFRTRU4yOWZTcDFSYUhGWHFENmFhNjJpMHBIUjF2b29uaHdBbVVTWFBtX2JxSWxQN0NBa25vT2dwbUxGTFlNQTJNQ2tSQ3BDV2RGUzFFTlpiU1FCZHFjTUtqcg,More,15 hours ago,2026-01-03T15:00:00,Quantum Threats,"https://encrypted-tbn1.gstatic.com/faviconV2?url=https://techgenyz.com&client=NEWS_360&size=96&type=FAVICON&fallback_opts=TYPE,SIZE,URL",2026-01-04T06:42:43.064523
Verizon says it has contained impact from the Salt Typhoon cyber attack,https://news.google.com/read/CBMi-wJBVV95cUxOejN1NnVGaW5NZlV5UjlWeDdjVXBLd0ZSRUlfaHpnelJoTDdab1ktWHlBTi1fbzB3dklzUGpnMGZfdDdTbXd6anR3MVlZeWYzVUxTOHh3T0hCWF9oOHN6MVo1VUQweldRamVoTFFfMmtOVVFnUEJHMG4yaU12VVlyT0pEX2VWVnc3SXV5dGlXeFA1a2hlRDNFSkpVUkt0ZGRkT2dWZndFdnVoVzlHdGRUeHJuV1BtVUl2dU5BZFIzRmdqQmhRM3Y2WDIyamdoR0tGVWpselE5bWVIdXA0R3RaSFFxNFJVUW1VOHRneGEtSmFMUXg0My1hNGlxR3NuQXNiOHNObk1rTGVQU01Qd2JLMm9TUnRwN1VpOURrQlRjOGRvMXEwekZZNHlkTmZ5LXEzc19KTU1LV2pOTnNib3ZKSWhIc000X3hTdWVya0VmcFdYUlhLSV9UQW9wNWhaekQ1Y0Q4aDVTLVM5MDJtS1RxREVoaTNMM0p0TjJN,More,15 hours ago,2026-01-03T14:49:35,China Cyber,"https://encrypted-tbn2.gstatic.com/faviconV2?url=https://www.msn.com&client=NEWS_360&size=96&type=FAVICON&fallback_opts=TYPE,SIZE,URL",2026-01-04T06:42:43.064526
"Czech Arms Producers Supplying Ukraine Face Banking Discrimination, Loan Cancellations, and Family Account Closures",https://news.google.com/read/CBMiswFBVV95cUxQVWpyaUF6TmVFWUpITWl0VUxXNVdlYVVvRG5sUFl1QWJwUzZmRVlNOVZuSkNCYWYwVXVrbDNEUDRjYVYweG90cHRCRnlJV3RROEp4ajU2cW5peG04S2hVbmFuVEJMZ0E2QXBjX1NJMkN0QUp1VWZ5YWpJYzRKOFNpaDZnVk95VDMzcTNLN0lZUUVYLW5qaktMRV9fdUtWdE1wOWRvQ2gwOEFFZTg3V2RZT3ZSQQ,More,16 hours ago,2026-01-03T14:30:53,United 24,"https://encrypted-tbn0.gstatic.com/faviconV2?url=https://united24media.com&client=NEWS_360&size=96&type=FAVICON&fallback_opts=TYPE,SIZE,URL",2026-01-04T06:42:43.064529
Cardano users targeted in new wallet phishing campaign,https://news.google.com/read/CBMieEFVX3lxTE85bXNtdEpRaU9aUWNRMVFweUNUN1Njd2ViTVR3aVM4QjVZWDVNaHkzUmhiaG5Jb2FGbjhEaG41U1JCMGlQbm91TmxBSnZSV0xBZTFub2poTzNHa19fWjdBNWNkMWNiTUl4RE92NGhlNmpfY1dVUk9kUA,More,16 hours ago,2026-01-03T14:00:00,Malware,"https://encrypted-tbn2.gstatic.com/faviconV2?url=https://www.cryptopolitan.com&client=NEWS_360&size=96&type=FAVICON&fallback_opts=TYPE,SIZE,URL",2026-01-04T06:42:43.064531
NFTs were supposed to be the next thing. They were gone quicker than a meme,https://news.google.com/read/CBMiiwFBVV95cUxQcE1YX3gzVkpMZm5RUjMyVzJIV0xRcU1pZllSTmVpWHp4T3JiX3F0Q20wcFJaLUhEN2g2SktUYnJfRmxXeHlKTWtyNXVvVkpxSHFObFMydDZUSEc2YjNUUF9zMTZqbDJKa00zandUcmtHX3RIOGZPSEo0a21xWTZDUGl5eU4zMHRPZ1N3,More,16 hours ago,2026-01-03T13:44:00,Independent Cyber,"https://encrypted-tbn1.gstatic.com/faviconV2?url=https://www.independent.co.uk&client=NEWS_360&size=96&type=FAVICON&fallback_opts=TYPE,SIZE,URL",2026-01-04T06:42:43.064534
Open-Sea Battlefield Surgery: Ukrainian Medics Save Soldier Under Russian Fire,https://news.google.com/read/CBMivgFBVV95cUxNbVdMd3hRVXk3UTM0bEhyY0s0V2RNejZjNjJPekJkSHJwZXMzSGZXMXBMZHdEZ0JrUXdVcXBMMzRhal9iN1ZFdVFFbEhlZGd1U1FXX3BmcTZ3Q1lvTTVGWG9ET0NGdWJXT2FwZmJ4QTYtTGt1SXVTRlBlZkk2TEY1LW1OcnZWRXY0SHNfNS1nT28wdHE1dFdIZkxkQVdWLTVmdzhoRGxSSEF6R3dWUXZUdnpPNkt0emdwVTlXZlVB,More,17 hours ago,2026-01-03T13:20:49,United 24,"https://encrypted-tbn0.gstatic.com/faviconV2?url=https://united24media.com&client=NEWS_360&size=96&type=FAVICON&fallback_opts=TYPE,SIZE,URL",2026-01-04T06:42:43.064536
Inside China’s “fat prisons:” the $600 camps with 12 hour workouts,https://news.google.com/read/CBMibEFVX3lxTE1zYTRIZzRJaXZfSVduZXU0Tm1wT0hzZ1ZXNjNaUDRRRnNmR19hODhUWXFhSW5ULVFnSlU3OVZ3NW1kWWozdWNxem5ybEdxbDFVd2xPblFpejRNZ2x6ZU5LZ3VGbGpiNzdUOS1aNA,More,17 hours ago,2026-01-03T13:00:34,CyberNews,"https://encrypted-tbn2.gstatic.com/faviconV2?url=https://cybernews.com&client=NEWS_360&size=96&type=FAVICON&fallback_opts=TYPE,SIZE,URL",2026-01-04T06:42:43.064538
"Covenant Health data breach impacted 478,000+ people",https://news.google.com/read/CBMihAFBVV95cUxPRklScXhRTDFNVHl6Q3J3X0FaVU55ckEtdndTVkdVbUFXY1dmYkhYMHFLWmx2WjZXOE82UENMYk5RNFpBSE1FTXlRQnBuYUlnMkdCd19DNFEzS0VlVGhWbWZNQUVkWnhfU3FsOU4yc29BQUphYTljNTZnWm16TllkYkltNkU,More,17 hours ago,2026-01-03T12:57:22,Healthcare Security,"https://encrypted-tbn2.gstatic.com/faviconV2?url=https://cybernews.com&client=NEWS_360&size=96&type=FAVICON&fallback_opts=TYPE,SIZE,URL",2026-01-04T06:42:43.064541
IngressNightmare | Critical Unauthenticated RCE Vulnerabilities in Kubernetes Ingress NGINX - SentinelOne,https://news.google.com/read/CBMiqARBVV95cUxQYWctR1BtaVpCRy1iSHhRbGQ5Tjdoam5wRkI4c2VvYjNBTkxrcVB5RGFuMm93dG5aREpVZV9tMlRaMXhfbndfQS15dU9qZ1RRMTl3SkpreVJ6bmYyYjEwZnh1LUNybVUzVEl6OVBDNGd3LW5kRVVlb01YMjk1SlRhYXcxVkJJb3lZNWgxNkdpRVpINVdWT3hCdVRqR09DblpsZGt3emVSR19LQ3dKTEs3VVBnZWxDeXVZeVpwU0pFSThjU2tpNjRwQ1lQZnhOMFh5REQ3ejJBQWd2aDUzV1IwRDJFNEk3UV9fdzFUaWR5RGhYMkczZk9PNVgwdnFjR245Y0U2MDN1ZnNUd3VCaFRRR180T2JFYlV0U0xZVjQzdFozLV9ZTVp4R1FXSjZwUURESHEzMHRRR2pCT2xnYWFyU0ZaY25DNWdBWFl5WS11Z0tZQ01UampvWmJnUG1tVlRNLVhzNFRELWF1NlNzZ2VTeEJFZWpUaWxiSGNLQ3J1aGZrVzNUSTVteHlibVE2OHZUbnVoakx5VEJ2amp0dzFTRjhWUGgxRUhqTTd2RUJ5VTZXM3JNLTN3Rk5pMVVKTmQzM3M4NXJSdGh4TEUtMUdfTDNrbEVITm5VR0VPeVE0ZTZxTUN1Rm9wTFoxV3Q4cWVxY3VtQlZPY0ExM1c5MXZJS2JNbFVtdF9pb0pRNTJRM1ZYVENDcFAtVS1ZN2RabGR0VUVWWFE0NC0,More,18 hours ago,2026-01-03T12:01:24,SentinelOne,"https://encrypted-tbn1.gstatic.com/faviconV2?url=https://www.sentinelone.com&client=NEWS_360&size=96&type=FAVICON&fallback_opts=TYPE,SIZE,URL",2026-01-04T06:42:43.064543
Donald Trump’s strikes shock Venezuela’s capital,https://news.google.com/read/CBMicEFVX3lxTE9UQ2o1WFBJb1YzbDlwLXJ6YloyU2lHUTdJM3p2RXFIcTc0MkhkOGpMUkdsNFcxdF90UE9BQzYzMXVBWTNiV3JBVmZqRVV2YzVua0hsVGcxeU4yeFk5UmZDemNHTGJaYU1xM2dsSFV6VG4,More,19 hours ago,2026-01-03T11:37:27,FT Cyber,"https://encrypted-tbn2.gstatic.com/faviconV2?url=https://www.ft.com&client=NEWS_360&size=96&type=FAVICON&fallback_opts=TYPE,SIZE,URL",2026-01-04T06:42:43.064545
Spain offers to mediate for 'peaceful solution' in Venezuela,https://news.google.com/read/CBMioAFBVV95cUxOLUFEWEhsWFBjU2N4VXQtS2V5eFhWa2dCaDJvOEU4dVBUbEUxUl9KNTJUeGdGQm5FRDZXbVBtWUpMMDdMRXNJRE95bVBiMnhmbG1QMnB0TmgwYkdGU2RGNFlhcHVQd2JpWXdwRGdhaFhSbjNoOUc0Q3NvbXJqU2VWOTFOTkI1UUgtby1XQkNIeGE2TUxWaU9DTjM0MkZtNWZf0gGmAUFVX3lxTE5qc1BYNkNkaVkwb3lnWDRiTnJVMjllTmF6QWJkN0VIUFpqcmY5dlRxRDZOSUYzT19NVDV3Z1RybnVvZUNaM2tQdFFWZ1c4amEyWEw1blVQTVhPNGlBWHZUQl80bEpwdHp5SE9Vd3NnSEhGcERsM1lWdUpGbEczLXZUbkFiQzc0cU5zMllOR1BYbGNLSFVhdFFVQ3AtM1EzSWx4X2NYbWc,More,19 hours ago,2026-01-03T11:20:08,New Straits Times,"https://encrypted-tbn2.gstatic.com/faviconV2?url=https://www.nst.com.my&client=NEWS_360&size=96&type=FAVICON&fallback_opts=TYPE,SIZE,URL",2026-01-04T06:42:43.064548
Living Off Windows Defender - SentinelOne,https://news.google.com/read/CBMikANBVV95cUxQQm1fSGJtTUJxcVY3X3l0R01SVjVpczFQZTZCU3VPTEl6dFpMYWhzaXVTa01YYzA2QTlXYV9MUTU2UVo3WDFxQk8ySm9mUFhVN1V5Q3RQaU5EaWk0UUxPd0FmRGJzRk1TUmN1MjQza3ZMX2Eya1JuT0VjUEhVVGNIbkZhYVdXOFRCbEVvVnVDTzliUnc2bURSYW5aeW92RVlydHJfUnlUQUdnNWtrdUVoeU1nUUZTT0JfS3psNE9TWEo3UUw5VXNSVUVTMWxsOVFPY2lCM01LRTBuQjZYOUFKRHA5dzhJS2p0Tllxd3lnaWl5QTdKLTJCUkM2WGNiaGM4Tk5hWWduZXJUOHA5LXFFNldHOWVKSkRkMTNwSWh4TmlvbmxkM3l1YmtQRndXQkt0akpyUVFZM2tqWnQydk41TDJ4emZPdENRVkUxUm1WWFVaME1hUVl5b1hvLWhhaHNKVDJlajVBQWFyWndQU3c4VGdCdEZ5blJSLUNueU9ZSVlxbHg5OG10TzZkQ1c5aWJK,More,19 hours ago,2026-01-03T11:14:28,SentinelOne,"https://encrypted-tbn1.gstatic.com/faviconV2?url=https://www.sentinelone.com&client=NEWS_360&size=96&type=FAVICON&fallback_opts=TYPE,SIZE,URL",2026-01-04T06:42:43.064551
PinnacleOne ExecBrief | Economists on AI & Workplace Productivity - SentinelOne,https://news.google.com/read/CBMihwNBVV95cUxQODB2YW5UUXFMLXR4NkxxSGVrQ19RQnV0ZnJFYUR6cTVYTHBTTlBSV1RzakhBdjBiaUVDX0N5NWJrcGpJWU1SUk1VX1E2bGdFX1ZvWVd1VmMwbmNrQTN3aF9pM2ZKelh5NGZIVGE3UHFjNUVjMDlMV3Y0ODlPYm5EY2o0QXJNRkRycDN0dmF5QWJUWnZJSVp5dlN2RHgzQm02RnJzclZ1Ri10T0RoRUNfM1U1NDNnb1ZSX3NvSjl0aldlMWNERW5WZzBEYU9uREg2OUxOVDJCa0xFVmZBTDNfNlNtYmhRTW9yR2tTNDcyN1BVcTE2bE93M3doelRlMVViUFdkMlhicm5ka3ZMQm80WmFMM3pMc2VZLXFTaVRuYXdwbHFCTWhBV1J0aTl1YWd4ejBCazhwSlV2UU5jVDc5dVhVdWtzWkg0YWc4X1FyMEhuYk1OQVlUdHlZS3B3a0o1eUxXVjZRZnFYdDR5WWw1NjlpUTViZnN4RmlOakNDR2VqQ0ZwYW00,More,19 hours ago,2026-01-03T11:12:47,SentinelOne,"https://encrypted-tbn1.gstatic.com/faviconV2?url=https://www.sentinelone.com&client=NEWS_360&size=96&type=FAVICON&fallback_opts=TYPE,SIZE,URL",2026-01-04T06:42:43.064553
8220 Gang Massively Expands Cloud Botnet to 30000 Infected Hosts - SentinelOne,https://news.google.com/read/CBMi-gJBVV95cUxPdHRjLUhoWngxcFBiNjl5QTdkaXlrRDAyV0J1eFgwbU5qNDFNV18wbE1GUkhNZlpxSlVPZWdxbGNkalNSa243UE9DamRnclBPR3dyR1VadTRtVXlHQmpVcXZkS0RPQ3B0aHpIVHBoRFpaTkhWTHE5Z3BrWDlHdUtUYy0wcHRrXzhld29RRHNRUTVhemtPRS1yVm42cE9NUU1HeDRxaEV4cGV3U3hXNUExSzhuSU5lVWZicTFBSlVfVE9TS01JdUZNVDFRdHdLdWpkcEVhdTRQSVVpcUN4ajV6a2JwMlFpdVZORW1WTEJmbXhDLWtRNk5TUVlSMVh2YWctcF9UcWhIUDJQYmZnSnlyRWVScnRFeFBYMzUwblRadXlhMW9XN0pRSlZ6bmF2dUkzdXNycUwyX0lhNkFjd1k3TkoxZ3c3MDhJWDJRRmo2WGRiZ1ZEeEtvZkdHYWdkYV9Uc1J6TmZBMGlpRU5OQTJ2bEhPeFgwSkxQQ0E,More,19 hours ago,2026-01-03T11:12:00,SentinelOne,"https://encrypted-tbn1.gstatic.com/faviconV2?url=https://www.sentinelone.com&client=NEWS_360&size=96&type=FAVICON&fallback_opts=TYPE,SIZE,URL",2026-01-04T06:42:43.064556
Retired officer duped out of ₹90 lakh in digital arrest scam: 5 ways to stay safe online,https://news.google.com/read/CBMi0AFBVV95cUxOU1N6S1NhNkhvSGhINmVtRXlSY3VNY29wSzlLazJBQ3VKZDU1OWFtMVZ4RWVzYnRudUJkWm15VG5rSFJIdHdNdHc3a2tNRkEwZWJZYl9pSWlDOGxVYU14M1VmcDdvSTdlZENfSmlsT01oZHl0bEJRSUU0WndUYmdVOWFOWVVfSWtHS3h6aE4zdWp4Y25QSUlUY0k3V0R1bHRyOEdlQnlZX2gyMU5LNUUxQlhJZzR5YThMdGlmb2FQNjNMTWN2R09LVjltQ0FKTl9i,More,19 hours ago,2026-01-03T11:07:49,MSN Cyber,"https://encrypted-tbn2.gstatic.com/faviconV2?url=https://www.msn.com&client=NEWS_360&size=96&type=FAVICON&fallback_opts=TYPE,SIZE,URL",2026-01-04T06:42:43.064561
Cyber attacks ‘tipping point’ warning issued after Harrods and M&S targeted,https://news.google.com/read/CBMihgFBVV95cUxPb2VRVEF3YUxYVlphbkJVUTNOeUliYmdrZDVuS3I0UjRVX3ExVDl6QWRqamZkcHpGVkN3SU56M2JhRm14cm96OW9JVUdWMlZaR0ZUZ2FrRXRDUkdHd3B5NHNTcmNYZk0tX0VJci1MSGxKakF5ZVQ2SUY2YmpCdV9iUS03NjNPdw,More,19 hours ago,2026-01-03T11:06:06,Financial Security,"https://encrypted-tbn2.gstatic.com/faviconV2?url=https://www.aol.com&client=NEWS_360&size=96&type=FAVICON&fallback_opts=TYPE,SIZE,URL",2026-01-04T06:42:43.064564
Operation on the brink of death: HUR medics rescued a wounded soldier right in the open sea,https://news.google.com/read/CBMiswFBVV95cUxPQ21xbU9vTWFUM2hVMG8xT05OVUtYS2hEWm5iMjJMNkt6SlpJWnpueUVtRVMxUURVR0ZMbjBTZTdZRHlBSm14bHppa21ScnlvRll1YWVyU0dwMmlhaUVtMXM4Qm14RjZuTXFLZWZPMTdKbUZFYnRLREpOT3pENEQzU01raVl5LWV0dmZCaWw0OHdlQkVLT1VIdmozVjdVdlRtNEUwX0hoQTJ0bVZ3R29mVlBRc9IBsgFBVV95cUxNYVJqNUNqMDh1X0ZKRlpHODI3X055Y3RuRG9jdzJqTnY2YVFiZnpWaHdoSy1SNU9nVW9sTXFTTzVIY1VueG5WNnZLNkdDV3JQdGhaZVBUeWE2TS1vYnRQWmtVLVVqQTVjc2gtSWpXRnpQNHU5OWxLWm9PZ2hVUXFiTzVQRi1zZW9jVVhIZEQ0d1dQbHVBVEozeWZrM1p3bjNCWFJ6bGJpYWtoOUpfZ2t0R2VB,More,19 hours ago,2026-01-03T10:53:15,UNN,"https://encrypted-tbn3.gstatic.com/faviconV2?url=https://unn.ua&client=NEWS_360&size=96&type=FAVICON&fallback_opts=TYPE,SIZE,URL",2026-01-04T06:42:43.064567
"All posts tagged ""HieFo Corp""",https://news.google.com/read/CBMiW0FVX3lxTE5kSDY5al94ZU9FQzcxeFFHT09hV1NyZW5sdVRLTWdPb1JqbkFJQkRYSE1iS0FTbEQ5NHgtUnpHZHlVRU9BUTlPZkw4enN0N3ZmbEk2aFFZVjhmcVU,More,20 hours ago,2026-01-03T10:35:57,SecurityWeek,"https://encrypted-tbn3.gstatic.com/faviconV2?url=https://www.securityweek.com&client=NEWS_360&size=96&type=FAVICON&fallback_opts=TYPE,SIZE,URL",2026-01-04T06:42:43.064570
Maduro’s Overthrow Will Be Bearish For Oil,https://news.google.com/read/CBMimwFBVV95cUxOVDNEdkZNWktzaTByWjcyVThtdEtocUtGNUtINUVaU2YwdTg2dWk3MG1sNXRPbVQ1eDFpQXVSU3p1aU5mQ2ZFc1hKbVFZNHpBVVZzMGl1NE91eHNIYzlCb1F6RVUyUnE1d1UzMzQ4NEhFOWlLdEF6VEFLWjZuc3EzTzVVZHN3R0VHZnlFUUtkRGpUNVBaSUJmWmIxYw,More,20 hours ago,2026-01-03T10:14:22,Forbes Cyber,"https://encrypted-tbn2.gstatic.com/faviconV2?url=https://www.forbes.com&client=NEWS_360&size=96&type=FAVICON&fallback_opts=TYPE,SIZE,URL",2026-01-04T06:42:43.064572
"Hackers Drain Android Users’ Bank Accounts, Target 60 Banks and Financial Institutions Worldwide in Major Malware Attack: Report",https://news.google.com/read/CBMid0FVX3lxTFBWVm9aSVBrRnZMbFNQM05rQzZSV0JMWmZjTFdOX2pZU0dDajRjOG0zVjJIcmU0cGF2MkRuSzM4emlGSFRjTEI4S0g3R2VabTVNNy11QUpUdklFNEktUVVNZU1HN1hhQzhzbUZZYTdYeDhKY0R2LVVr,More,20 hours ago,2026-01-03T10:08:10,Malware,"https://encrypted-tbn2.gstatic.com/faviconV2?url=https://cyberpress.org&client=NEWS_360&size=96&type=FAVICON&fallback_opts=TYPE,SIZE,URL",2026-01-04T06:42:43.064575
Ministry of Defense attracted over $6 billion for Ukrainian defense industry in 2025,https://news.google.com/read/CBMisgFBVV95cUxPLTNqazVuWGZmN1NOSEdqckduNXM0N2JrTnA5dkt5bFhEZzVXelNVMFFtUzhaSWIwSElsdUZfR081dWNfVE13d0I2TTlwSDUzODJDb2xheXAzMTZMRE5XbW02eHRzVEZDY3JXMWNlQThlMFF3OW5RUzA4US02OVFodkNDdzlveGVZN3FfRkVpemtBQ3A1cHctcTdoeEp0R3REX3IwOV9QRzJOOGpvMElxNTN30gGwAUFVX3lxTE1DWFlVRW5JdFRpMm9oVXRKN25Xa2NqSTR3YkdHdS15aU02ZHpGeFlIMExRcmVZQ25jT0RYT1hSVmpxWDVfeHBVNngzUE1nVVUweW1ub2ViSFQ4TUdQMFpBS0JZX3ltRmJvdFQzUDdUd3RuSklXQjdSMi1uMjdfaTRwM0xSc3lPdnp4S3BUbWxmQ1hNQzFWaE1lWVhMeVgyZEU2cnJLcDU5VzQtUUpCX29M,More,21 hours ago,2026-01-03T09:38:11,UNN,"https://encrypted-tbn3.gstatic.com/faviconV2?url=https://unn.ua&client=NEWS_360&size=96&type=FAVICON&fallback_opts=TYPE,SIZE,URL",2026-01-04T06:42:43.064577
"Hackers Hit Healthcare Firm – Data of 113,232 Americans, Including Social Security Numbers and Financial Records at Risk",https://news.google.com/read/CBMihAFBVV95cUxOcFJxUVlGODFTc08yQUU1NzI1RkFwUEV6aXdaT2Z0cUhsU0kwQ0F6X3I4bG9BZ2xCMUFWMjljeWJkVEptbUV3SFB5X1hxSWlTU0p2U25qeWNJcWxhRm5xcHNkVDRWNG9nNHRBRmM3SGFPQkdrczFqOHBDWmpMbTlSbFE0aUU,More,21 hours ago,2026-01-03T09:26:29,Hackers,"https://encrypted-tbn2.gstatic.com/faviconV2?url=https://www.aol.com&client=NEWS_360&size=96&type=FAVICON&fallback_opts=TYPE,SIZE,URL",2026-01-04T06:42:43.064580
Iran-linked hackers claim they breached former minister Ayelet Shaked’s phone,https://news.google.com/read/CBMiqwFBVV95cUxORjZ1VXZuTlhwN21IdjVPUWZHb1RMM2NocnZtc2JrWDZrMTM2WjM4WTYzM1Jodkc3N3Q3NHUzOFVZOWxXd3ZvX004V1Y2VVBZeWtGVlpGaEVNZDNhbHVsak1fV1dzTm8zeHZLcVc5dWpiLVBLcVBUbFNNU2EtRl82blRDWG5qTUZUR0RkODhqZmRHblFCNWdaYlVkYUdwS1R0NzMycHUwSFpHV3PSAbABQVVfeXFMTjJ1T3Vxb3hOTW9ZZDJWdWVaSU5aSkI0YlRNTTNkYnY3TUJTT1JSNkV3eHNoZGdZRDJWdElsblpJNUdBYk41b1Z5QzZ2ZjlVcVRPQjhQLWRUZ0hLcDd1dWdXVmJWQ3BqWDI4dWdGYUdPbWs1bkNxb1VMRWl4Y2lJRkVGcHltZGo0TnVkSzN0bVpQZVIyYnB3TjlPeVU4cmxxWko3cnk3NGZ1U25mYVc1WmI,More,21 hours ago,2026-01-03T09:22:00,Iran Cyber,"https://encrypted-tbn3.gstatic.com/faviconV2?url=https://www.timesofisrael.com&client=NEWS_360&size=96&type=FAVICON&fallback_opts=TYPE,SIZE,URL",2026-01-04T06:42:43.064582
Finland Arrests Two Cargo Ship Crew Members Over Undersea Cable Damage,https://news.google.com/read/CBMihAFBVV95cUxNOXpsYXlqOUFYSUpZTlZJak9UZGRDNzB0ekNTaE53ZW11d1JwX3lTRHJCQlB1d3RickhQWFExV3Q3S2NVX01HejI5ZlFmV2JGb29pclpSdlUtX0UxS0RPOUxwZUVaQVh4VjU5b0FyRi1Ib0JJTDZuSjVJX1JsRkQ5Q29oak7SAYQBQVVfeXFMTTl6bGF5ajlBWElKWU5WSWpPVGRkQzcwdHpDU2hOd2VtdXdScF95U0RyQkJQdXd0YnJIUFhRMVd0N0tjVV9NR3oyOWZRZldiRm9vaXJaUnZVLV9FMUtETzlMcGVFWkFYeFY1OW9BckYtSG9CSUw2bko1SV9SbEZEOUNvaGpO,More,21 hours ago,2026-01-03T09:09:35,Russia Cyber,"https://encrypted-tbn0.gstatic.com/faviconV2?url=https://cybersecuritynews.com&client=NEWS_360&size=96&type=FAVICON&fallback_opts=TYPE,SIZE,URL",2026-01-04T06:42:43.064585
VVS Stealer Uses PyArmor Obfuscation to Evade Static Analysis and Signature Detection,https://news.google.com/read/CBMivAFBVV95cUxQRGFwQ2VGUkJOM0NpajhhVXJGR3hhdTlpS18yMHNKWkRyQ2pVZlB1bVBKclFwMVhQVm5PX00yYVZITXFFVndaOUhMZzg3Q3prRkRYZmJwTmlHa3paZEZtN2ZkeXNlY1pHMENNOF9iTkFmSktKQXBIeWNEUGhXY3Iwd2xaMi03aGlWMEhHOG01c0tZblRuZURzT1Z6WlBIcTNabFN0TmJramZXdGV3Ni0xYnNSQ0tzaXppb3JmS9IBvAFBVV95cUxQRGFwQ2VGUkJOM0NpajhhVXJGR3hhdTlpS18yMHNKWkRyQ2pVZlB1bVBKclFwMVhQVm5PX00yYVZITXFFVndaOUhMZzg3Q3prRkRYZmJwTmlHa3paZEZtN2ZkeXNlY1pHMENNOF9iTkFmSktKQXBIeWNEUGhXY3Iwd2xaMi03aGlWMEhHOG01c0tZblRuZURzT1Z6WlBIcTNabFN0TmJramZXdGV3Ni0xYnNSQ0tzaXppb3JmSw,More,21 hours ago,2026-01-03T09:07:35,Firewall Security,"https://encrypted-tbn0.gstatic.com/faviconV2?url=https://cybersecuritynews.com&client=NEWS_360&size=96&type=FAVICON&fallback_opts=TYPE,SIZE,URL",2026-01-04T06:42:43.064587
Ancient Chinese Silk Loom: The World’s First Computer?,https://news.google.com/read/CBMikgFBVV95cUxNd1k3M0lmcV9kYVRzX092ZG1KM3dCVkRDc3JQMEI1RDF4UmVKVGh5R2dNY3dJeXFjaVVRN3pNeDE2X1dGb291NV9tMXVWRzg0cnRIRGhmTWRRd3BxaUlNajdQYXkzd21VZER6Q2xKZkxRX3FRTFdKSWZkcUlwQVhCSUlLRlN0WExwczdQdXFzcWRkdw,More,21 hours ago,2026-01-03T09:05:28,Red Hot Cyber,"https://encrypted-tbn0.gstatic.com/faviconV2?url=https://www.redhotcyber.com&client=NEWS_360&size=96&type=FAVICON&fallback_opts=TYPE,SIZE,URL",2026-01-04T06:42:43.064590
"Risk of cyber attack causing disruption in Norfolk is growing, council bosses warn",https://news.google.com/read/CBMimwFBVV95cUxPSVRSdGhKV0dzR19UbjByRnVHNURkNUV1Q1lGaGRPRXpENGFJbzlsMUh3QXI1Zm16cXdKd0s0Mk0zWk50WFhBR0RsSlYxNFQ3MFlyT0wyQ0tuU3FIaTFrR3RPMVh0LXpDNzVmVU96Q0Nod3V3SWtrbE9EdTNQN1psc3FvUmtXLXBMQy1uNmhNcUpiUElNS1h2aFdhOA,More,21 hours ago,2026-01-03T09:00:00,Financial Security,"https://encrypted-tbn1.gstatic.com/faviconV2?url=https://www.edp24.co.uk&client=NEWS_360&size=96&type=FAVICON&fallback_opts=TYPE,SIZE,URL",2026-01-04T06:42:43.064592
Why The Constant Failure To Understand War? The US Made It Look Too Easy,https://news.google.com/read/CBMifkFVX3lxTFBFVHB5VUViWlp4V05ELUdldEhFcE1iY29XT25tcW5TMmtHOWdvd1djeDVXUjJfa2liR05BMUVFa0NjbzBHVE5TX3NFd0F2ZUNyS2ZiQ0VYM2lWUzEwMnFiX3FpNGF2endQemdlM1JIdHY5RG11ME9PdTc3S2d6Zw,More,21 hours ago,2026-01-03T08:57:03,Phillips O'Brien,"https://encrypted-tbn2.gstatic.com/faviconV2?url=https://phillipspobrien.substack.com&client=NEWS_360&size=96&type=FAVICON&fallback_opts=TYPE,SIZE,URL",2026-01-04T06:42:43.064595
Russia’s Shadow Army Ambushed in Mali: Tuareg Rebels Hit “Africa Corps” Convoy,https://news.google.com/read/CBMiugFBVV95cUxPZzA2Y2dyNkpJWGdybHpRczJjU2p4SWs2TWZIN3hMNUVfNkdLLWNON3ZzcXdTQWF0UVdIZlJvTlNORjlMdUFWelp6S1poS1JSWVJUeTJfMmFreXlIMVdIZmNKRURCbGRoRUcwTVc0UWZxQWs2cFFuS1ptMFljOEpULTlnVVRJQjdrdm9XVTd5MDlaaEpXN29HNk95eDR6WEF6bkJIMnhwUlItaEl3OVdzQVNGdWJXRm92VUE,More,21 hours ago,2026-01-03T08:52:00,United 24,"https://encrypted-tbn0.gstatic.com/faviconV2?url=https://united24media.com&client=NEWS_360&size=96&type=FAVICON&fallback_opts=TYPE,SIZE,URL",2026-01-04T06:42:43.064597
China’s strategy to deploy world’s largest army on Taiwan,https://news.google.com/read/CBMiggFBVV95cUxOZlVyeC1Bbl81d0QyVnVMU0RZdlVHdW54RWdDeGtORTdSSHItQmNncXpRZnhSYVNnZXFGTDFPdW9IOUpzZ2VERUdwZGFJREM2RngzOVpUSTNoSlRVcEd0cmVBc0YtNjVYQ1ZldUluRVRKS1hqNEhuTnVqQXZxV1FYbjlR,More,21 hours ago,2026-01-03T08:46:41,Taiwan Security,"https://encrypted-tbn0.gstatic.com/faviconV2?url=https://news.az&client=NEWS_360&size=96&type=FAVICON&fallback_opts=TYPE,SIZE,URL",2026-01-04T06:42:43.064600
Neuralink’s Brain-Computer Implants to Revolutionize Human Life by 2026,https://news.google.com/read/CBMiqwFBVV95cUxOUnlBNWZjU1BBc21jd1E0Ykp2cHdQcDVDOFFINzJFWGRUTUtXTElvSWtTTFlFR0lhVlg5c3ZTWmNzUmtFRzZrSnBHWHVMM3B3d1Q4OElreWNfOWFHbG1oa09SWEZCeWJ0TWJXNTNxclBTNFdPTHNoTGVyUEhnVVBKVjBGY3RJVlQ1b0Zwb0hJaE9oWUdQUlRmLV9HT2VRS1pXM2xRNFVLX2pMZ2c,More,21 hours ago,2026-01-03T08:45:28,Red Hot Cyber,"https://encrypted-tbn0.gstatic.com/faviconV2?url=https://www.redhotcyber.com&client=NEWS_360&size=96&type=FAVICON&fallback_opts=TYPE,SIZE,URL",2026-01-04T06:42:43.064602
Iranian hackers target Israeli officials in psychological warfare,https://news.google.com/read/CBMijwFBVV95cUxPTzNBRERmN05XaDNsLW5tQVNrOXA1azV5amFJdjNvVUxTZzhzTnBGbDBrSXhURzJlcjRmaXFETUNDb1BKTkIwMy02RzVqc3VxQXNpWGlnVmJnamw2LTdxZVR3R2M5akRibGYzMDAtbTk2S05ZTTJKQmk1dkxnZXBzbmZ1UlkwekVPQ3diTV9RVQ,More,22 hours ago,2026-01-03T08:37:49,Iran Cyber,"https://encrypted-tbn3.gstatic.com/faviconV2?url=https://www.jns.org&client=NEWS_360&size=96&type=FAVICON&fallback_opts=TYPE,SIZE,URL",2026-01-04T06:42:43.064605
"[UPDATED] Meta, ByteDance, Telegram yet to respond after Online Safety Act enforcement",https://news.google.com/read/CBMiugFBVV95cUxPSUw1N29FX0x6R08xaFVVVXMxU1FSMGNuV3pPUWgzaXE5S1M2ZHpidHRIbWNJemlzUjJ2NVU3emkzY0JONGFZQlFpci1NR3RWVlk3bzlTeUhtVU9YLW9NRFhOZWVIU2R5YU9meV9ZVi04ODBUYVZuMFU5Uml3ektwMGd2bzN5YWltMkxRWGpIUFZ4LWZrOFFFbGVKd0w1RGlBaXFmWFZwTVAtQ1BsMkVfZ3Riek5BamlMR3fSAb8BQVVfeXFMT0x2MWFjd2tzV1pJUWpvNXNhRWxQQ1p2T05ReG1meHh2ZTU2RGJXTGp6eWUwTGxwcEl3OTJtTDcwMWFtOW9fb1FOcVNYdGc2QmFVM3lqMHBNcGU5cmJMakYzZ1pTMk1FcmJ0UmJwOUl2OGxTUUJIRTZMcTg1VGd5QnpYSTRTMnF1WjYwLWhPWXhwQ19XU3h2cWRWRDlRZ1BqQ1FVcWV2YTJua3RWdFREcUVicV9OS0pQWmt3enFqUFE,More,22 hours ago,2026-01-03T08:17:34,New Straits Times,"https://encrypted-tbn2.gstatic.com/faviconV2?url=https://www.nst.com.my&client=NEWS_360&size=96&type=FAVICON&fallback_opts=TYPE,SIZE,URL",2026-01-04T06:42:43.064607
US Power Grid Secrets Auctioned: 139 GB Utility Blueprints for Sale at ₹50 Cr,https://news.google.com/read/CBMifkFVX3lxTE1lMERwQVEyOGlJTmpLVkVuSWdBZGQ0a1g3TVB6bXFwRWsyQm1HM01DSEdiTEN4TUZ4akl5SEVwM0pDcW81ZTRqdjREQTNjVkNENlRmU0hWM0JDSTFsUm9la1VUX2dLenJQanJpUXBJd2duUENrOHdSMG04OTRwQQ,More,22 hours ago,2026-01-03T08:07:21,Volt Typhoon,"https://encrypted-tbn2.gstatic.com/faviconV2?url=https://the420.in&client=NEWS_360&size=96&type=FAVICON&fallback_opts=TYPE,SIZE,URL",2026-01-04T06:42:43.064610
macOS Adload - SentinelOne,https://news.google.com/read/CBMi3wJBVV95cUxQLVJDZFhwV1QyRG44TVhQaWdPSDNyaFhIcnAzNmdQVGhFeWlTQ05CRUd1WWljdkVkUDMwMDI4ZGh5Y0VCRHlzamtBX3AxMGpXc3NPbUd2Z2J3SVFraUJPQXA1cEJiM2lRVmhobmtuRFdETjViRVRPVmZ1Y2ZXWFE4U1dXaXRnWFotZ2Z4bjNfSW5WZHBJb0hQR1R5dTkxZFNTMUJVMzhnaHQtbTVLME9DX1M2bWpjQW1jUmUtM2hwWFJzZndwTFJZMkZnWmlFV0dHc2QwRW9Od1YxY3p1R2prQTVpazJvOUZpZzRDeTRVS0VlYnlOQXNfZUpWYlVaUHdnVDhnc0pzdEM0dHY2ZS1HMXFsTzFvXzI0d2owRnUtclg5TFlQVnpaRmREYXVvVTJHZEZkdDRfcUJ5WkY3TGdEdXlNVnh5cXdROElRT0pvRk5xYkVLdEJFN1FBOGx1amc,More,22 hours ago,2026-01-03T07:56:03,SentinelOne,"https://encrypted-tbn1.gstatic.com/faviconV2?url=https://www.sentinelone.com&client=NEWS_360&size=96&type=FAVICON&fallback_opts=TYPE,SIZE,URL",2026-01-04T06:42:43.064612
arms procurement • Page 6 of 6,https://news.google.com/read/CBMiZkFVX3lxTFBzN2dQb01qMDBiQlJtb3h2Q2VFbzlNX3JmNURfQVdvTHVZT1U2X1RXMm9KTHlQMnh6bHRUSGM1OGxWaUVHXzNwUlpZemZzR0FSTzdpbW95N3g0bTVFM3pGQ3VmSUFMQQ,More,23 hours ago,2026-01-03T07:21:21,Defense Post,"https://encrypted-tbn3.gstatic.com/faviconV2?url=https://thedefensepost.com&client=NEWS_360&size=96&type=FAVICON&fallback_opts=TYPE,SIZE,URL",2026-01-04T06:42:43.064615
U.S. Captures Venezuelan Dictator Nicolas Maduro Following Military Operation in Caracas,https://news.google.com/read/CBMicEFVX3lxTE11Tl9mVVlKVjc5M2pYcWgwSVB4MmoyOVE2YzVvck5JdVV0SU81ODNCcDY1S3hoVmRwZWN5MnlRLXVEUnZMMXdVX3A4Skl0dFRCckxUOF9JNEdWRUl4OWw2WkY4dGtkbHFJNGI1bWVzalA,More,23 hours ago,2026-01-03T06:44:31,FDD,"https://encrypted-tbn2.gstatic.com/faviconV2?url=https://www.fdd.org&client=NEWS_360&size=96&type=FAVICON&fallback_opts=TYPE,SIZE,URL",2026-01-04T06:42:43.064618
How is AI Transforming the Hiring Process,https://news.google.com/read/CBMijwFBVV95cUxNdnlWOWx4eVloYktYQ0dRSzBMRTRaY1dSQjU0TlRrYjVrSlRfX1BoOVhEZGxpc19TVkdfamVxM19yVkNFTFRvMEtHQk5UVmRXUHJZTWFPdnU5a3dKVkxFRlNaQ2FRR1hPc2t4TUFuQlZmdnRYMy1SQ0R1SzFSaUlSeUdkU1pPNExnME9UdTF0WdIBlAFBVV95cUxPcjRzdmRfREJLZ3hqX1Q3S21LSXJJaHh6UlhfdTRYZ0s4RklKV3V5RGJISE0wREdKc3dVamlUTGlhU0MtSk9YV0pkX3N6V3VQVVlhNXphYVVlRFo5c2pwQ1RneUtET0pmMzBGTnhPaXA4Uzd3M2NuRHAxN3ZMbnN1ak5Telp3UnQ2bzBJQlZqeEdGNHlv,More,1 day ago,2026-01-03T05:36:00,WION News,"https://encrypted-tbn2.gstatic.com/faviconV2?url=https://www.wionews.com&client=NEWS_360&size=96&type=FAVICON&fallback_opts=TYPE,SIZE,URL",2026-01-04T06:42:43.064620
A Forgotten Bug with Dangerous Consequences: Fortinet 2FA Bypass Still Active,https://news.google.com/read/CBMidkFVX3lxTFBnT1EtZk14RlZnck9MVHRhNVU1TWVRTGZkS0M3ektRSUhoa2lPMkZaN0lKcG56b1lZZWJYSklDTUxJQmtvYjZ2c0ZHR21XOVR0YjZXUWVvblZvTTNoS3YyVjR3bmNNa1d1bl9hTHZ2REE0enlVRlE,More,1 day ago,2026-01-03T05:31:43,Volt Typhoon,"https://encrypted-tbn2.gstatic.com/faviconV2?url=https://the420.in&client=NEWS_360&size=96&type=FAVICON&fallback_opts=TYPE,SIZE,URL",2026-01-04T06:42:43.064623
"2025 in Cybersecurity: Breaches, Bots, and the Battle for Digital Trust",https://news.google.com/read/CBMifEFVX3lxTFBPdE5GN05neGlEVmtvMjBfOGhIQzNFYnI4ODBfMnNybXJQTXlaVmROUHRSNkhtY3lfejl4SGd1R0Vhc3VRbUNZR2N4aVhhMnJiaTZRaHViZ0lld01pdHF5Y2lyQUdLM2NRYjM0UjVxZ2ZNWGw2MmFsdE03WTI,More,1 day ago,2026-01-03T05:23:10,Firewall Security,"https://encrypted-tbn2.gstatic.com/faviconV2?url=https://the420.in&client=NEWS_360&size=96&type=FAVICON&fallback_opts=TYPE,SIZE,URL",2026-01-04T06:42:43.064625
How punk icon Dr Martens’ shares got trampled underfoot,https://news.google.com/read/CBMicEFVX3lxTE9kOVhXbm0telpuR0NiUlB3a2ttMjhneGFLRzRIakV4M2tuRi11a1hqbTJNcGp3VUtYQkdXTE8zMG05T3loZXE3aU91eGZFUTRxZDhna2pGYkg3b1ZVM2NRMUdRaWN0Q25xck9WSTk4Tkg,More,1 day ago,2026-01-03T05:00:38,FT Cyber,"https://encrypted-tbn2.gstatic.com/faviconV2?url=https://www.ft.com&client=NEWS_360&size=96&type=FAVICON&fallback_opts=TYPE,SIZE,URL",2026-01-04T06:42:43.064628
European football clubs lose out amid soaring US valuations in deal frenzy,https://news.google.com/read/CBMicEFVX3lxTFB3Sk5oaXVqd3FsN1FHeG5MS2xncE9GQ2tfbFUxS1d4cTJ2OHdtRFV3eHBlN2dpeG9kQjJ6RGdMRzdDNVhOWFc2bU5SZTVMOVZ4SHBvQnc1RGFYNGpxSTZabGNJREF4U0x0MG5vZVdYZGE,More,1 day ago,2026-01-03T05:00:05,FT Cyber,"https://encrypted-tbn2.gstatic.com/faviconV2?url=https://www.ft.com&client=NEWS_360&size=96&type=FAVICON&fallback_opts=TYPE,SIZE,URL",2026-01-04T06:42:43.064630
The Lesson of Europe’s Belated Strategic Awakening,https://news.google.com/read/CBMijwFBVV95cUxNNkNnbXo1X09wUUt2bkVKMWZLRzVtYXpiNnUtTGVkRUZvU0gxS29kU1h3bUlYdjk5LUUxQnB4RjNkS0E1aHQtZUJQT0dtTC1JRUJNRGh1YlBUQVpBYzJXUkFzY3dmbVpoSURTQ3dhd3JhbmlzMmhhMk5XbHlZcEdDNnNLOEl3QmFBLUVOUWpmQQ,More,1 day ago,2026-01-03T04:36:11,National Interest,"https://encrypted-tbn0.gstatic.com/faviconV2?url=https://nationalinterest.org&client=NEWS_360&size=96&type=FAVICON&fallback_opts=TYPE,SIZE,URL",2026-01-04T06:42:43.064633
Cyber fraudsters cheat 85-year-old of Rs 9 crore using 'digital arrest' tactic,https://news.google.com/read/CBMi4gJBVV95cUxPOFI3Q182RTdCSFRlSHRWU3kwcnBTanc1UFNRZnltdEstc0VBTE51T2I0dk5pbkVQRlJCVVBHTVdOSW9Qd2lyZnVfSXFiUmxDWlRpcGotSThybmFma3pCNTFXYmlRLXd3NmpRUTNYZkhmcmxmOEE3b2hIY0g0d05BSVo1V29PT3ZmMXpKMkk3c3VUWHNKc3NzQmhWUmFVUi00c2xFbGZkNVczTXhQelV5ZEM4djE3T3J6RGdXMHpETGQwS2g0ZVJubTBwZndack9MQ2lkUjM4czZCTUFGWmtjNnZEdFpLNS1abjlwT1MzdERKZmtMU3luRlJILTNhQjdVR1dOMHJoUktqMzZmNFEtVVlTMzQyLVdYeGpVb05jaUN6TWxDYU9YTWI2Z3B2NW1IWm5sNWsxSHZ1c1FLVFZrOWRYOXMtZVpvUUdnbE1leV9TTUl2S3NxYmltOU5IRWxaMEE,More,1 day ago,2026-01-03T04:14:49,MSN Cyber,"https://encrypted-tbn2.gstatic.com/faviconV2?url=https://www.msn.com&client=NEWS_360&size=96&type=FAVICON&fallback_opts=TYPE,SIZE,URL",2026-01-04T06:42:43.064635
Ransomware Evolution - SentinelOne,https://news.google.com/read/CBMi4wJBVV95cUxOOUN2RnE1blhERzNTekVWUDQ5TDVubEtEN1QyUWR5OHFLOWNBR3N2cEN0N25ncGViNDRaaU9DSGRMb3V1QUNSTEZ0bFdQalc1QU11czNzWGkwMVBUZFBnZTVta1FnREwwLXlsc0lGVWVSWVVFb042YjRfTVJ6MU5hdDJaem94ZHFWN296Y05EVzR2NmV4STVIdEZOS0lqWUxGSEg0Qkd1UzdCZWc4NVNhZ3dKem01Tmxlb2dsTmU5Q0xyNmE5MDAzTmh3RWdYVWtHMEx5TkY2SEMtNGg4eUlJbFpzZTNjdjlPTXVaQTB1bDVtWk84REZHYnlnN2EybXcwbHMwSHRoSk5iY3U4RHFFZ2tpckpzUEY4aHp3bnNVc2pFMi1HVXRiWmtyM09Bc2ZoS2ZGMm51c3Y4WGVZb0tSdHlGX2dwNTJYaDg4d2g0VE5xWEUwckNXNHZFaXBUV2dfU1lR,More,1 day ago,2026-01-03T04:04:28,SentinelOne,"https://encrypted-tbn1.gstatic.com/faviconV2?url=https://www.sentinelone.com&client=NEWS_360&size=96&type=FAVICON&fallback_opts=TYPE,SIZE,URL",2026-01-04T06:42:43.064638
Retaining women in workforce a challenge for Malaysia,https://news.google.com/read/CBMiVEFVX3lxTE9Qb1JzNEgxbWVxYkhicXFId005T0dTSERQREhxdkVKejhmOWZKVENpekFpeDJpcGRzSUFMaEVLSkhBWmlmOHhhOU5vQXM1dXdpUjJvVQ,More,1 day ago,2026-01-03T03:45:00,New Straits Times,"https://encrypted-tbn2.gstatic.com/faviconV2?url=https://www.nst.com.my&client=NEWS_360&size=96&type=FAVICON&fallback_opts=TYPE,SIZE,URL",2026-01-04T06:42:43.064640
"Cybercrime, scams, and surveillance: The dark side of digital growth",https://news.google.com/read/CBMioAFBVV95cUxNZzZKT09FeXVhVy1ZQ0ZYc28tOTdZNTZnT2JIaGRtRUJvWUs3Q3RUMUFRYS1YUklHRU1WTFhEcVpKSmRkV2w5ZEttWEJMSkVqQ191eGZETHZXZWFHSjRrVVQtUVZ6RkVQZzdwNGNOYzdRZUJ0M1ZFQU5GTzRMOTJ3ZU8zdFhneGhCaEtPRElkMGFuX3NrTUpBS2VQSEd2UlE10gGmAUFVX3lxTFA5cENjMFBmRUtpN0dsN3U0UWdXdW5uTkl6N2ZvTzhiSFB0N3luZjYwS011MmhJTG1FeGdqSDhrWjIzc0NOaHVNM3B4MzJQb3laZnN2THR4aDNMX2hWYmMyRzlaYXprTmtMOUVhcC1VTmFjMDNYR0dmS2lWdEc1YU04eHhWRW1ZVmF6MUZTNWJSTXFXY1ViSnd5X0p3T3JaX2RqampDN1E,More,1 day ago,2026-01-03T02:48:21,Salt Typhoon,"https://encrypted-tbn2.gstatic.com/faviconV2?url=https://www.tbsnews.net&client=NEWS_360&size=96&type=FAVICON&fallback_opts=TYPE,SIZE,URL",2026-01-04T06:42:43.064643
"Over 108,000 South Carolina residents had Social Security numbers compromised in data breach",https://news.google.com/read/CBMiswFBVV95cUxPOERaeTM2OEE2WGpUUUdzTU5BbkNmVGR2V19mWDBjclAzSWtjYTZfWlZQRE9LYmtmeWFmZklzeEpnVERuVFdPM2dCY2hObmdRZ0t3eU1Dd0ZMc1FzaTNLdkY5UDlMSzBrT2ZIZkljaUZKdWxEeHJvSmQ1LU5IYmFoa0E4cVJCUGhnLTVYWnE4OEtBU0ZUbzM4ZjNMNGN3MjZrTFVoTVMzNXdnSEc4RndwRlJyUdIBuAFBVV95cUxNNUIzcklvdmJ0ZlZHX3hNUXk0RVVBQ2FBc3ZhRTBCYWFfR2ZhdFVKdGN6ZC1EcGs0M081bDV1cklqcnlIOTVBQm1fdEx0ZmZNUzhSLU5xT18tWlVLTm1BcmhVU1FmMUxDUWVjdWtiLWlOU0dJMlBsTmVOTkxZMFpKOGwxRnJBZ2NjRVk0aS1LS24yazhDNWk5b3FXVlFDT0RJREg2VmNVUUh2UnE0ZjcwaHRGMEEtaUVw,More,1 day ago,2026-01-03T02:26:00,Data Breach,"https://encrypted-tbn1.gstatic.com/faviconV2?url=https://www.counton2.com&client=NEWS_360&size=96&type=FAVICON&fallback_opts=TYPE,SIZE,URL",2026-01-04T06:42:43.064646
Rational Security: The “Inadequate Chicken Moved to Inferior Location” Special End-of-Year Edition,https://news.google.com/read/CBMikgFBVV95cUxQMkZYTnRERlp3QURtWkNvT1VCbnlHaWprMk00eEljM1h2OHJUZ0JfWFdHcTFSX054MjVVRjYzNWF2VnFiRmFzYTdrNFdiT19xQVRSSThOSFAwMUpTNFdoVFRNUTRFcEc4ZUIzU2VxWEVpbFlFSy1CZ05IQ2l0dTVuMi11RlRUb3pFOE1qSDBVaVZ2UQ,More,1 day ago,2026-01-03T01:56:20,Lawfare,"https://encrypted-tbn3.gstatic.com/faviconV2?url=https://www.lawfaremedia.org&client=NEWS_360&size=96&type=FAVICON&fallback_opts=TYPE,SIZE,URL",2026-01-04T06:42:43.064649
Cisco has patched a worrying flaw which could have let attackers hijack devices,https://news.google.com/read/CBMi9gJBVV95cUxQLVdPLWtpX1ItWlBzOEZGRGJRMmZxVm1CWGs1YmkxMFNKVE9Ud2lzdnRXWnNnVkEzM0hEZHF5MGdCNlI4NVg4bFlpSXRRZ2lKTzViZE9Nazc0enRoUXlDcmRhV3g1cW5sRC0zNENXY2hFaGthY0p1MV83c0NSbmx6RjNxYUlMdERJaFlxZU12Y3BTMUFSWWZPaXJSUmF1WUFQd1J5dnphNklfZE11YmR0bmt3aExTOEJyUHZ5UG9EVUVQeGNQLWhtNzlLY205RE5jMENmdm5LUE5oUF81amdkbkJOYXB5Ml8zY3JvNzhnX0RBdTA2UnJJS2twNDhwbjVfRlZPZjFobEwxZkY0TGkxTGFaeTIxRVV3VnZUbUFUdE1LVk1OeHJuV094aHMyc0dLTkI3b1hhRnQ2UGZsNHdZSVR5U1ZHZkxwMldOdjFBWGhLVkFRVGd4LUpoYkdCb2E3OTU3RjFxQWFpdzRGdUwxSDBXYU9Qdw,More,1 day ago,2026-01-03T01:46:18,Network Security,"https://encrypted-tbn2.gstatic.com/faviconV2?url=https://www.msn.com&client=NEWS_360&size=96&type=FAVICON&fallback_opts=TYPE,SIZE,URL",2026-01-04T06:42:43.064651
"Iran Protests| ‘Eyes and ears of the regime’: Inside Basij, its history, power and role in regime control",https://news.google.com/read/CBMiVkFVX3lxTE54aWhGTUp2cTVyd0k0dzdYZnVxcDRLcVZrZ3RYRzFQamZ3b1ljSjNjSFk3LVhzVFNkS184TkQzanNNalMxTHZBc2JidlYxZDRPM1lnbkdR,More,1 day ago,2026-01-03T01:00:59,WION News,"https://encrypted-tbn2.gstatic.com/faviconV2?url=https://www.wionews.com&client=NEWS_360&size=96&type=FAVICON&fallback_opts=TYPE,SIZE,URL",2026-01-04T06:42:43.064653
Silver Fox Targets Indian Users With Tax-Themed Emails Delivering ValleyRAT Malware,https://news.google.com/read/CBMigAFBVV95cUxPRmY0VnVvYzZGOUFFWjlFdlRPV0N2ZThsVU1BMFlEMUhlWF9TYjN5cS1CMlgtY2dPT3JLcEY2eUVMTXNDaGZBaHZTcnQ1SHVGZkx4OVdLWkdxd0NDQjlSbHJDS1RCOV9uODROMlpYd1o0VWhLOWgtTzduY2YwVnZsVw,More,1 day ago,2026-01-03T00:25:47,The Hacker News,"https://encrypted-tbn3.gstatic.com/faviconV2?url=https://thehackernews.com&client=NEWS_360&size=96&type=FAVICON&fallback_opts=TYPE,SIZE,URL",2026-01-04T06:42:43.064656
"HUB CYBER SECURITY LTD (HUBC) Stock, Price, News, Quotes, Forecast and Insights",https://news.google.com/read/CBMiggFBVV95cUxQVHJQV09TX1FSN0dLSzU4ejNoMDhKbXZGZGpSem1yYl9WaHpiSm15ZEwtbk1uU3JKV2JwZmtjRmZFM05uRUhsaDdIRnlCMzktNVFUWk1OdVZ0RHhNc3BPTHVCVmFXZzh0NzRjbW5vMmFnMDE2UUVtNFFBUFhTaEVJemdR,More,1 day ago,2026-01-03T00:01:31,MSN Cyber,"https://encrypted-tbn2.gstatic.com/faviconV2?url=https://www.msn.com&client=NEWS_360&size=96&type=FAVICON&fallback_opts=TYPE,SIZE,URL",2026-01-04T06:42:43.064659
Texas Pete hot sauce-maker claimed by Play ransomware gang,https://news.google.com/read/CBMijAFBVV95cUxPVHloa3VlMzRkLXlhdlh1TEZaWVhFRDFGa19jeU02MHd3b283R1JXeC1zX1NUdEJ1M2xMT2lqNHNGX2RvdDdxdy1WSjNramJBSDJyYlVRYVRRdkZnNjRYVjkyaV8zeW5rTE1HUDFGbEIzRDZaWm5NbkU5WWRMY0pxb1dUck9qbV9RaEZDcA,More,1 day ago,2026-01-02T23:34:03,CyberNews,"https://encrypted-tbn2.gstatic.com/faviconV2?url=https://cybernews.com&client=NEWS_360&size=96&type=FAVICON&fallback_opts=TYPE,SIZE,URL",2026-01-04T06:42:43.064661
Breaking the Kill Chain: How to Stop Ransomware Before the Encryption Starts,https://news.google.com/read/CBMiZkFVX3lxTE1CVk5lSVJ3Ml9nRWhCejlhU2lhN0o0QmxLZUowd2U2dFhUSFA4Sm5fU3RaYzc2TDZ1R256OFFRbmo3WUUxbzVTY1RDaE9Pb3NtOTN4NjE2OEpOWnlZVXBLa1dHUTFsdw,More,1 day ago,2026-01-02T23:26:10,Huntress,"https://encrypted-tbn1.gstatic.com/faviconV2?url=https://www.huntress.com&client=NEWS_360&size=96&type=FAVICON&fallback_opts=TYPE,SIZE,URL",2026-01-04T06:42:43.064664
How drones and cyber warfare exposed Russia’s vulnerabilities,https://news.google.com/read/CBMirwFBVV95cUxPYzZDQ2Y2dFJIc3J2SHB6UjlLcXhvdUE3bzBYM0k4ZVlBakVMbXl3c3h3emlPTHJFUmU1T3laR2VHRU1qOTlHQ082R25CRlRCdFBUSGl5d25ZNFV0S0hydG0tYjEwcTVVUjNzR2djaTE3bU55M2ZXTnE5WGlnZXEtWjhKRktFUmpxTXl2NFlHdjc5OThiQ09sSDBObWV3dGRvUmhFUk44VWc3aWRySmIw,More,1 day ago,2026-01-02T23:15:59,Ukraine Conflict,"https://encrypted-tbn2.gstatic.com/faviconV2?url=https://www.msn.com&client=NEWS_360&size=96&type=FAVICON&fallback_opts=TYPE,SIZE,URL",2026-01-04T06:42:43.064666
Air-independent propulsion,https://news.google.com/read/CBMijwFBVV95cUxNWmRkazVaODlsWXhqcVJvcnd6UDA1WmtQSUNEYmpKVlFiZ1BJcGJiVk5HcnhpRHlCa21mNVU1YlNSVkkwTktwc0poS1h6bHhVZHdVWnVDX0o1WGR4c2I0NEN2QW5tNFc3ZHYtTzhkalNIcEVCUC1iVnVVOV84aXVoblplOHZnUThfSm42U0xRYw,More,1 day ago,2026-01-02T23:14:09,ASPI,"https://encrypted-tbn1.gstatic.com/faviconV2?url=https://techtracker.aspi.org.au&client=NEWS_360&size=96&type=FAVICON&fallback_opts=TYPE,SIZE,URL",2026-01-04T06:42:43.064669
Owner of Lewiston hospital vastly underestimated scope of May data breach,https://news.google.com/read/CBMitAFBVV95cUxQVnhNM2VzQ0FySUtiaXlLR182a0I4X1N0QUZ2S1FDZHBXMkNNOWI5U1lkYUh5Z3Z5VG1lcnAzdlhQQ29iWmNpbG5BWXF4aTljWW1JeW5xSUJjQVFoUHBsT1FEMTBEUlF1RUVLTlBIRVpIeElHVFJPel9JcVVHVUZqNnRyUzZpck9waHRwUkJnRzcwMlZUSXdYbHRwT3ktbURxTlg0TGlZWUpXaElBRmpqdjNxVWM,More,1 day ago,2026-01-02T23:09:40,Data Breach,"https://encrypted-tbn3.gstatic.com/faviconV2?url=https://www.centralmaine.com&client=NEWS_360&size=96&type=FAVICON&fallback_opts=TYPE,SIZE,URL",2026-01-04T06:42:43.064671
"SCDCA: Data breach impacting over 108,000 South Carolinians",https://news.google.com/read/CBMilgFBVV95cUxOamVZWlFDRjQxaU1EQVNKbFBMUWJSWC1wczI0aG9BQVJZa0ZCM3pHYmJQTkE2cEMtTVM4WjFrU0szekhNU1Y1QWVCVEdmSGFpME1zVWdJRDB1TDRYNzU0UHRrLXM5WGpFQjBnbVp2dTdQU3FrZWg3Z2k0OV9OQkU2cnRNQlhBemtwX19MSFlJQVNfQ2tXd2fSAaoBQVVfeXFMUFdrSk95V21zdVVDVEFHblF5S0h6Z01aUzJkbzBhT01wRGI2cVhwNkl0Y0o0SFRqTkVfT3BHblh2Y0NSR0RmQ1RPZ3EzNmx2THQxQ3BKZUxobXVNWTE2ZFdRUHkyWkV2eEt5LVFpajQ4cWQ0cFUwVmx4dXcwLW1ESW9HaHZBbDFkdDU3czAzZ05QbzA4Q1ptYjMzeklvQUpsRnlwM004WFNaNUE,More,1 day ago,2026-01-02T23:00:00,Data Breach,"https://encrypted-tbn0.gstatic.com/faviconV2?url=https://www.wistv.com&client=NEWS_360&size=96&type=FAVICON&fallback_opts=TYPE,SIZE,URL",2026-01-04T06:42:43.064674
"Haim Zuarets, Hub Cyber Security Ltd: Profile and Biography",https://news.google.com/read/CBMiXkFVX3lxTE56VFRNYk80OUotMHhNNzBScDk1S1BBTTZhS2JTdENHbzZDRktxd3FVWVNpRmRoMGdpOHozQXRIUmVqeFN2ZUoyMU5KbzVQekQyd0NhdXdBb2Z0N2R3cFE,More,1 day ago,2026-01-02T22:35:03,Bloomberg Cyber,"https://encrypted-tbn1.gstatic.com/faviconV2?url=https://www.bloomberg.com&client=NEWS_360&size=96&type=FAVICON&fallback_opts=TYPE,SIZE,URL",2026-01-04T06:42:43.064677
"Largest Cyber Stocks Feast in 2025, as Smaller Stocks Famish",https://news.google.com/read/CBMiqAFBVV95cUxPa05jODVZUU1Ld0s1bVRHSmpLQ3BqWUJ1Tk1wNTlGbmhXUWNCLUZtX0pSRXc2em9ZdnFNb0Y0Zk4yREtaZy1BRmQxeDVQQ29TN2VrQ3VsZ3h2c2lBU1lZQUNNenlnMnpVRXp0LTc2M0lHVXZLc2ZPR0dtLVRzLTB5N2ZaUW0zMEJfOWtEQkx5VURYc3JUVkhwNWROeFNPVjhTRDVVeE1JSW4,More,1 day ago,2026-01-02T22:05:46,Bank Info Security,"https://encrypted-tbn2.gstatic.com/faviconV2?url=https://www.bankinfosecurity.com&client=NEWS_360&size=96&type=FAVICON&fallback_opts=TYPE,SIZE,URL",2026-01-04T06:42:43.064680
"Defending the Boundaryless Cloud: Understanding Threats That Matter – Cameron Sipes, Steve Stone – SWN #543",https://news.google.com/read/CBMi3wFBVV95cUxOMkVHSGFvbml2QVhkaEFwZDdOZ0pwUS1RS3J0dUFxT0twN3pGSU9DYWFEUTJ1Zi03dGdhQ3E1TjJQTUpwbkdaZGxIWjNTQWZXNWJaMXZZbUUxSm55ZkJzdVRoRDlxUzFrOVBUVnBkS291RE9ZcDVSU3luWHVVSkVZblFCVjZkbkRSNXZEa3B3cFZUc3FmemUzNm5vQmZYaUZMZzZhaUwydDZBNHprOXE1ZWVQOGtubG9BdFFMZWpfZWNRMTZZYkZ1ajBZSGdzQThTbXBBUGt1ZGlTa2xGalhz,More,1 day ago,2026-01-02T22:00:00,SC World,"https://encrypted-tbn2.gstatic.com/faviconV2?url=https://www.scworld.com&client=NEWS_360&size=96&type=FAVICON&fallback_opts=TYPE,SIZE,URL",2026-01-04T06:42:43.064682
"NSTviral : Driver of Singapore car with 'taped' licence plate pumps RON95, images go viral [WATCH]",https://news.google.com/read/CBMie0FVX3lxTFBTTkxjcy1BaHJHVjZ4NThWZFFMdkxidXpNckVrd1VCWmZ1UzZhNUlFRG1wTUdTMURoUXU1LTItb2pOZFdfX2dNUWh2NW9KYUxLS2ZwZHZHal92czg3dmRadkpsUy13bWdxeUt5TU9HNWZjTkZZejhCUWNub9IBgAFBVV95cUxNRmVRUGJyZm1LU192MEhqMVZ3NV9DblZpZE41dU5CZFA5TXE0eEZSNDJpY243Z2x4LTlQSWZqNTlYbzFfUS13aXZ5eGR5eXVTZGV3ZWF4RzdKbzZxYWRSMjRxNm1naE4tOUkwYm03Rm41X1Yxdk5TY0lYU3hUWE9JWA,More,1 day ago,2026-01-02T21:59:07,New Straits Times,"https://encrypted-tbn2.gstatic.com/faviconV2?url=https://www.nst.com.my&client=NEWS_360&size=96&type=FAVICON&fallback_opts=TYPE,SIZE,URL",2026-01-04T06:42:43.064685
"Energy Stocks, Utilities Take Lead on First Trading Day of 2026, While Tech Lags",https://news.google.com/read/CBMixANBVV95cUxPbDlRLXJ0bUVxX2RZUkNmR3psYmhhQXFjQXJzYU50a1BsMk1LZEZZOFRuSGpZN1dnVEVyM0dTS1VPSFRZengxaUluNll1dThZLXo5dTJoY3J5MnpHa1FvZXhiVEJDS2JpQlZhOXhkY29odDhNYlpIenp4aWhILUNZcnM5ZmFJNGZWMzUwTFdhcHhnSWk0SmVMbmR1WHNVVk5xWEhHWXZQOEtJNGxDbXJyWHo5QUZ1OFpxMDhvRGpSbFVKUnBvSUZ4b1lHVUVwWEkyX1I1cDVfMnVZYlR6Vk1kd1hSRWhyOW9MUklQTGRUTy1vOFN6REhmR2lGWGZndml1MC1iZS1QUG9Bc2JLeE9hbGJJTVkydkJ3dTZlX3p4TWt2RE94dUxIaXdqNWYyWGVaM2RrRkttTnJOREFXNnZRNXdScE9yN1hJLXRQOFZxeno3MTBiLXA1S2ZvYUpmRGZZY1Y5OUNjb2s0c2x1TExXTHpDb2lEUUtMXzdaU3ZiaEN3LVA0RFU3RldHTGw0bGIzM2JHR1o5dXdVcVhCYnk1bGdBcTE4SzRJbVhuUGwxTlJxck05UVB0d2ZWNWFGT2hpekxyaw,More,1 day ago,2026-01-02T21:51:00,WSJ Cyber,"https://encrypted-tbn1.gstatic.com/faviconV2?url=https://www.wsj.com&client=NEWS_360&size=96&type=FAVICON&fallback_opts=TYPE,SIZE,URL",2026-01-04T06:42:43.064688
700Credit data breach impacts South Carolinians,https://news.google.com/read/CBMipAFBVV95cUxOc25wcHF2dTRJZGgwbzFscW1Fb2c5WFQtNWJ3VlhQSkNzWVhSUGNSc3Z2VjdmUTV2Y0l0VVF0VjlPNEpFdTlIcE5FcmpQc2gydldSN1JkZGJwdUNvZ0hGd3BJdVVYVVhXdzVySWlmVE5NbHNrLURKMl9oS3FaVEtvQjV5bHl4cnJfdDMwcE1HNEZBZzNtaF9WVDQwRWVUZDFFWUpoZw,More,1 day ago,2026-01-02T21:38:00,Data Breach,"https://encrypted-tbn3.gstatic.com/faviconV2?url=https://chicago.suntimes.com&client=NEWS_360&size=96&type=FAVICON&fallback_opts=TYPE,SIZE,URL",2026-01-04T06:42:43.064691
The evolution of Latvia’s defense and security policy in resilience building,https://news.google.com/read/CBMi2AFBVV95cUxObTk1RXZGNGtTY3RycDM0X091dFVtZnpyRUo0b1lqU3d1cVVJOS03cGdGRno2NWZKNkl4dUVDRWlGZktTRGNOR2tzeVJONWN5Y01ORzFGdV9wdUtBVEo2ajRLREtnNl9pYlZZaTFJUGx0ZkdWcmVrb1lBSGthWmZvbFlqZmJacExWNkYzeE9Yb0xGTHhETnB2UXpHTFNsbURHMWhCaWJsaUVoTVM0TFo2MnNkeGtyVTA2Z0dFR1dadWlxRmpHNGRSY0hFd0ExYkxyWVp3MFVUNVg,More,1 day ago,2026-01-02T21:35:00,Russia Cyber,"https://encrypted-tbn1.gstatic.com/faviconV2?url=https://www.atlanticcouncil.org&client=NEWS_360&size=96&type=FAVICON&fallback_opts=TYPE,SIZE,URL",2026-01-04T06:42:43.064693
Israel prepares forces for escalation with Iran - Shafaq News,https://news.google.com/read/CBMihwFBVV95cUxQSUR0NWZ6cHFKd3VacFlwT1NlQWN6dmhvTlQ5UTgzenhHYml4aFZOWWN5dGZvcmNEYkMxejktWlFjNnowNVZhUDNGekUyQWxSamhJTEhXckd5eWFkT2tkN3VSX2RQWlAwVVBXZngwamdmVndiMlNwSWdxbURWZERJWUw1ZmhCcXfSAYwBQVVfeXFMTUNZZUxaaE5OaUdLcU16eGt4OEhfQ2l0ZjdURUIyMGxoUU5QUGZkUlJ5NGQyY3lTb3VkeUppQzZLYjlRVWNIVHBsX0VWZHE4WnF0ckZBbHZxVzB0aWZ1MWd3SFVYcWJ2dnFWTmtpNUFVeFRoX3RCbjJKUzh3eFh4WDUtTlR2dEYxbDFnTmc,More,1 day ago,2026-01-02T21:24:32,Iran Cyber,"https://encrypted-tbn1.gstatic.com/faviconV2?url=https://shafaq.com&client=NEWS_360&size=96&type=FAVICON&fallback_opts=TYPE,SIZE,URL",2026-01-04T06:42:43.064696
仮想通貨取引所バイナンス、ビットコイン4100万ドル相当が不正流出,https://news.google.com/read/CBMiggFBVV95cUxOOWR2OXcyOTNsSk5xVFNnZG5LcW1wR25xbk9ZYWdjR2cyNWhzRXhHZlVuRlBrbXA2VlhDZG9UaDFhTUlrU1NleHU2Vmw5UjczOFg5N0tTcmNKejlMNS14Z01YM0FJa004dVVOeFBoWVI2NjJCY3JLUXVFRWZkWXVtdlhR,More,1 day ago,2026-01-02T21:24:24,Reuters Cyber,"https://encrypted-tbn2.gstatic.com/faviconV2?url=https://www.reuters.com&client=NEWS_360&size=96&type=FAVICON&fallback_opts=TYPE,SIZE,URL",2026-01-04T06:42:43.064699
Experts warn this critical PHP vulnerability could be set to become a global problem,https://news.google.com/read/CBMi5gJBVV95cUxPc256YlpHeElMbFUyTFp2NTNNb0R1cFBSWTdmMl9ad1JIaFUyVWFiZU1CelFkdnlvdnNoMXIta1VxanBaNmxBWkFWakh4eU1FNmhpNVRTNFpWRnlRVHRlOG9TdGdubHZjY1U0V2hYZFhYd2l0ZEZPQjdkS1NNQXZ4WEM4Tjl5Uno2dlRLOU5iVThNbjdNWjNoSTAtSkxxYmtYUmhQU3d2Ym80YThUajNvd0t2RzBzMGtvX1NwWnJ4c1Vib0syVU1DWTM3aGZJVXdtck43QmRzSzkxeXBadERMMW5mYWhyeDJBTGZlb0tCai1LY2dsWmVmNHVfRFhSYkxXT2pVWTNsRHdUa2EtUnlHUHhraUNoV0E3Zi1fZEtOZHFZOXVUVjA4WjlrY2tLLUZHbnZjMGFWZnFRbHRzSHBFWl9CWm9kR1NoVE81WVpxanRTV1dnQlpfVVh6c0w1a1BWM0ZzT0xB,More,1 day ago,2026-01-02T21:16:54,Network Security,"https://encrypted-tbn2.gstatic.com/faviconV2?url=https://www.msn.com&client=NEWS_360&size=96&type=FAVICON&fallback_opts=TYPE,SIZE,URL",2026-01-04T06:42:43.064701
TRM Labs Exposes How Nation-States Are Weaponizing Crypto to Evade Sanctions,https://news.google.com/read/CBMijAFBVV95cUxNa2NMV0p3NFFWRUJmREtfRldkd0tEZ3ExVzRJUVZTWEdOcXN5TXNnS3dfNHZEWi02eXpFY0VUNmdqNWhxdjV0N2lhM2xjczhnNUppYS12SmlOZ19sZmdzOWR3bkxaNS1oWEFZb19xYndvLTdiZ0dURFlGd1NGcE5Fdjh3VjBuRzh1dzBldg,More,1 day ago,2026-01-02T21:08:06,DPRK Cyber,"https://encrypted-tbn2.gstatic.com/faviconV2?url=https://cryptorank.io&client=NEWS_360&size=96&type=FAVICON&fallback_opts=TYPE,SIZE,URL",2026-01-04T06:42:43.064704
New York Hits Record Level Of Flu Hospitalizations,https://news.google.com/read/CBMixgFBVV95cUxNZXlWY296XzUxU2pHYTByMEI1YjRPLXVybTJkd1FWNnM3VnJoX2t2cHNobXJDRXlYSDN5NU5uVEROeFRHejB6YUdtQm85T2VQOElXQldmU0ZPMlZaV1lnSlFJZUpsS0tMMk0tcW56SGF2V05BRjdRcGlTbnAtYUlEMk9uc2FlbWpBclhkUVY0cy0zazFpaVVkSzFPdGxIX3B5OUtuSE1WSUJ1YnN2aEdtOUdOOFViaHB3QnZPX21HcGV0YmJTUlE,More,1 day ago,2026-01-02T20:53:43,Forbes Cyber,"https://encrypted-tbn2.gstatic.com/faviconV2?url=https://www.forbes.com&client=NEWS_360&size=96&type=FAVICON&fallback_opts=TYPE,SIZE,URL",2026-01-04T06:42:43.064707
"2026 Tech Insiders Warn of AI’s Hallucinations, Biases, and Risks",https://news.google.com/read/CBMilAFBVV95cUxNVTBTbzVFMDVNbDZNWXpnYXBLSkxEMzlJWjBfZmJjbjNKZXdTa2hmVmpVT3JldFJ4WVJENGpSVXRaSVY2Q0dhRXdrb0s2OFhVS2tXWnVFblBrWkYyLU9ndktacGN6bWdGWER2dDlFNzJfZlFNdG04Z0JFTjBEUGUwYTB0MW45UlJYbk8xMnoza0c5UFNv,More,1 day ago,2026-01-02T20:41:22,Salt Typhoon,"https://encrypted-tbn0.gstatic.com/faviconV2?url=https://www.webpronews.com&client=NEWS_360&size=96&type=FAVICON&fallback_opts=TYPE,SIZE,URL",2026-01-04T06:42:43.064709
RondoDox Botnet Exploiting Devices With React2Shell Flaw,https://news.google.com/read/CBMilwFBVV95cUxPbGZPUHNMLTY1T1VlTDVPVVJjVXFyakJET29rc3pab0xsZU52Z0hsU0RfMlVud3UzMDFZTmF3LVlyVElaYlRlQ2I5Um1XcUJhaWxjbXF0bmJrU2E3WW95ekhuSFM2c2YtU29HSXljeG4xNDhqbndwRnZSTk1YenJwSXFlUmdjcEppZnkxSjVvVWxpQkR4cm9r,More,1 day ago,2026-01-02T20:40:32,Bank Info Security,"https://encrypted-tbn2.gstatic.com/faviconV2?url=https://www.bankinfosecurity.com&client=NEWS_360&size=96&type=FAVICON&fallback_opts=TYPE,SIZE,URL",2026-01-04T06:42:43.064712
Traitors contestant ‘disappointed’ after being first to be eliminated,https://news.google.com/read/CBMipgFBVV95cUxQaGtwMmZUaWdVdnI1MFpxQnJlUEozblJJc0hBNG5NYVBXdmpZZjFSWmJQd0loSkpyX1czcXVQN0dkZGVDTnJScmFzN19VTmxkOUMxYW9vUTRnanFZSlJnMDJuTUs4a2plRVF1Tkc5ckdEOWhmT050UXQ4SGhuOWNvR3FOTDdOdjBBTnh1ejRyenNKdmlUeTJvc2RwQXhjNXZlQ1I5RTlR,More,1 day ago,2026-01-02T20:37:00,Independent Cyber,"https://encrypted-tbn1.gstatic.com/faviconV2?url=https://www.independent.co.uk&client=NEWS_360&size=96&type=FAVICON&fallback_opts=TYPE,SIZE,URL",2026-01-04T06:42:43.064714
"Africa Media Review for January 2, 2026",https://news.google.com/read/CBMiiwFBVV95cUxOVFd5ZERYY0lUQ2NIczJTTEZUcEVLeHotNW1JM2FwT2QzVzlqN3BURkFKQnJCaFBPZ1RpcWM1QldDYnEtSFo5akpsalhrOVRzQlNRZjVXbTgyWTBpOXk3bERPM1poRWdjX2FDbDhVRkd1cE9hbG5zaURHNGRNWDJGRGk4dVBqSF8zckR3,More,1 day ago,2026-01-02T20:26:15,Salt Typhoon,"https://encrypted-tbn0.gstatic.com/faviconV2?url=https://africacenter.org&client=NEWS_360&size=96&type=FAVICON&fallback_opts=TYPE,SIZE,URL",2026-01-04T06:42:43.064717
Bitfinex crypto thief thanks Trump for early release,https://news.google.com/read/CBMiekFVX3lxTE5MT0tvTHRPbGRoRGZkOVJTdXVWT0pVajFzMnUtclc3RjFURjlsM2NzdUpmT1JPRmJhMHFNWUJpcHF6THNFalBWUWdibVFFTFdxcFBPcTUwQ2RTcWFydFlmS3RPNmRfVEF1ci1lSDlXXzFwTlduZTZoTEVB,More,1 day ago,2026-01-02T20:22:00,The Register,"https://encrypted-tbn1.gstatic.com/faviconV2?url=https://www.theregister.com&client=NEWS_360&size=96&type=FAVICON&fallback_opts=TYPE,SIZE,URL",2026-01-04T06:42:43.064719
"China & Taiwan Update, January 2, 2026",https://news.google.com/read/CBMijwFBVV95cUxNZzlmQUkxdS1IMndKSkVRQ1kyeWNRb1pGbUlKYXVHYTlLalJ5UDVrMmRCZDBOSWhaZ2FXZy12b3dKMU11YkIxNDE1TEF0MGxXQ1BHQXhDSUJZUjJRMHZNYkFGeGtMbFpBYmVOYkZ4dmVFeTNBU3RjMW1oazh1YlZoWXJndm5QNkZWS2wzODE0SQ,More,1 day ago,2026-01-02T20:21:32,Ukraine Conflict,"https://encrypted-tbn3.gstatic.com/faviconV2?url=https://understandingwar.org&client=NEWS_360&size=96&type=FAVICON&fallback_opts=TYPE,SIZE,URL",2026-01-04T06:42:43.064722
Aflac Notifies 22.6 Million People of June Data Theft Attack,https://news.google.com/read/CBMingFBVV95cUxPckItWDJwQ3JMemdjODhERXdnUnJKenIwVHpMRVlmWWVFRUxrNHliWDVYaFJPMnhONE95aEx3OHBUeXB4TXpKTHpiQlByU05qYTR4TENhZW1adnpLSTd0QkpLNlZkYU9ERlZXVEJ6dUUzbkVHLWcxcXhwdFc4SERwek96MjVyUUgzbEhiWndiYXpiZXNUOENZbEp6bEFuUQ,More,1 day ago,2026-01-02T20:18:19,Healthcare Security,"https://encrypted-tbn2.gstatic.com/faviconV2?url=https://www.bankinfosecurity.com&client=NEWS_360&size=96&type=FAVICON&fallback_opts=TYPE,SIZE,URL",2026-01-04T06:42:43.064724
China’s New Cybersecurity Law Demands Faster Incident Reporting From Companies,https://news.google.com/read/CBMisgFBVV95cUxOU1BDUWNoRkxRUDk5MEZ5TEFWaXcwWi1VeVZmdXd4eFBCbVBFNHpJWDFpbFEzWnM4U2doMjRvZWdlNERJMnhkSmdhdWVFSG9TVkNzSnBEQ2t1WHNPWnd6WjZkVjVXNUZSUHRINXZrcVhpZFdJaWJZbnlJMnBVSkQwNFRiWWZNYVo0a2p1MEhTSnNmWHhkeU5mN05QOElza0gxUnl6aUFTNUhXXzlfVW9ZVmdB0gG3AUFVX3lxTFBMQjN1SU1qakhHb1Q3M281cVhJdzlmZzdXVGxwX2dMYUJpM2FfcVNieWd4aS1VcmtzME5aUDdqUmp0T1B2NktRVXJta3FoSEpmSnROREZWaDVtUDNDZGhTbm1OSXkxNFdvR2JUMjV5dDhERTFuTXM4b0dlSXkyT2wwTjdJZWhEd3lHZVV1QWNqeTBGOVJOYy1sbzd0ZGlRZDhCcGl1VWtOT0NqaE9xRTlnMDRwclRzOA,More,1 day ago,2026-01-02T20:15:00,China Cyber,"https://encrypted-tbn3.gstatic.com/faviconV2?url=https://www.ghacks.net&client=NEWS_360&size=96&type=FAVICON&fallback_opts=TYPE,SIZE,URL",2026-01-04T06:42:43.064727
"Nearly 480,000 impacted by Covenant Health data breach",https://news.google.com/read/CBMiYkFVX3lxTE80X04tYkNzSVJSVmVpRkN1RW5iQUxkTVFXdGVOV2E0RkpvcEFxNXBiYUNnSGNmVW1DOUdnZzlnOGpZb2ZpMXN3NTlaLURiaU0xVVBiNFlvall0eFVOSzNVX3RB,More,1 day ago,2026-01-02T20:13:17,The Record,"https://encrypted-tbn0.gstatic.com/faviconV2?url=https://therecord.media&client=NEWS_360&size=96&type=FAVICON&fallback_opts=TYPE,SIZE,URL",2026-01-04T06:42:43.064729
Apple Patches Zero-Day iPhone Vulnerabilities Linked to Pegasus Spyware,https://news.google.com/read/CBMioAFBVV95cUxOMnR3LW5WdUJHV2NFVmxJZFZVRFRTemk1UGw0UjJXb2dSVkRMTjAxZWE4dk9YcGRsU2t2d1o1UzJvX0JkQ0UyTXBLbm5razllVXJCYmhSMXhRZUo2UkQyYXQ2aXZ2Q0Y4NUhuUld6eVU2NzJ5REJvRjNsaUpSNWg4bm5aZEtGcWdfSGRWVjM3V01jWUNuWlE5T1pWcEY5YUot,More,1 day ago,2026-01-02T20:01:22,Zero Days,"https://encrypted-tbn0.gstatic.com/faviconV2?url=https://www.webpronews.com&client=NEWS_360&size=96&type=FAVICON&fallback_opts=TYPE,SIZE,URL",2026-01-04T06:42:43.064732
Zelenskyy proposed Fedorov to head the Ministry of Defense,https://news.google.com/read/CBMiiAFBVV95cUxNX19ybTA0RzdmQ1UySkhvSHE0MlVnYUhwT1ozNEI3R0UycUROTndwX3YxUzVTQ2pHRDRpemhrM3hIMXlmeEJpSGd2eFhWbndrZ1o3RHBsOXNPdVRiOE9NX0xsdXJYQml3aDl5aVhoU2JOMHpqV2ppQnpOSkpTRGgtZlJhMUlTaXkx0gGHAUFVX3lxTE8zUEJkOHd1XzhkLTc3NWdnMERWNmxZVXR0Uy1fd1B5NHJhZWEwcjNYWTFDcERQa1ZOdUV1NkIwNk43eGxOTGVhTnVTdnVhNlZLS3NneFJTdjhURXdLTWc1ZWJyNzlrTkJpMFp1VVd1am54bEprNzNDczNZOWNVTVlMckZxTHVidw,More,1 day ago,2026-01-02T19:49:04,UNN,"https://encrypted-tbn3.gstatic.com/faviconV2?url=https://unn.ua&client=NEWS_360&size=96&type=FAVICON&fallback_opts=TYPE,SIZE,URL",2026-01-04T06:42:43.064734
AI is supercharging work — and your attack surface,https://news.google.com/read/CBMijAFBVV95cUxPVGdlWjBYdFAyUlhoRFdmTzJQYWhkT0hzR2xTZ1dlaGY4THZDQTAyTzhQbGtMLWNsQzJlSWdidDhVdC10ZUZWWTlydUlFYVVEbnhWLUJ6Slo2T3NfT1QzY1VhMUppSGU0V0lKMktka1JDZ3ZOV0RURElhTnJxTWFYNXVHUFI2LS1mU2NBbw,More,1 day ago,2026-01-02T19:36:16,AI Security,"https://encrypted-tbn2.gstatic.com/faviconV2?url=https://www.scworld.com&client=NEWS_360&size=96&type=FAVICON&fallback_opts=TYPE,SIZE,URL",2026-01-04T06:42:43.064737
"The Pentagon’s short more than 20,000 cyber pros. Veterans could help fill the gap.",https://news.google.com/read/CBMizgFBVV95cUxPbWtvTjRsODF0ZW5fTmxLcDFDZzg5cE01a1d2SzUtQVJwRjJtdThYTWxYT0s3UHViYThDcGNLeXZBbmIwTGpYeU95WDYzLUhtdjZSUm8xNzlTcVJIQlJaUnlGeDBtemxhdHFRdS02cWIxcFloZVRyRkxXSkJvZ3ZlNUpkRmkzdWJmbWdlZVhBdC1nMC1xc0RycmJSMVAxcXZaZmRkVEpqdlNuOTFxbG1IcTVNYVB0U3Q2SzM0bHEtc0pJS3NaWkI2eG5xTDFVQQ,More,1 day ago,2026-01-02T19:30:15,Cybersecurity,"https://encrypted-tbn0.gstatic.com/faviconV2?url=https://federalnewsnetwork.com&client=NEWS_360&size=96&type=FAVICON&fallback_opts=TYPE,SIZE,URL",2026-01-04T06:42:43.064740
Hackers threaten to leak massive 'Wired' customer database,https://news.google.com/read/CBMijgFBVV95cUxQM3lVRk1Ha1dRUTAxWjFVZjB5a2JqZUlRSGVoT3BmQ0dXZURLZzQ4bXJhN3psYkpybWNnQlBFdEtfcXY0SlpRX3ZCeFEycEJlYlVpVWFISEZUb0x2TWFLSmlXT0FZMHpfeFlfQ25qbi1TOGhETkp1Zl85elVKYWxjQ0RrU0syMzVxMUFWM3ZR,More,1 day ago,2026-01-02T19:29:29,Hackers,"https://encrypted-tbn0.gstatic.com/faviconV2?url=https://mashable.com&client=NEWS_360&size=96&type=FAVICON&fallback_opts=TYPE,SIZE,URL",2026-01-04T06:42:43.064742
Tesla Shares Slip After EV Maker Sold Fewer Cars Than Its Chinese Rival In 2025,https://news.google.com/read/CBMi3AFBVV95cUxNTjBOdmY4bmJYWENHa2ZGVUFSYUtQbHhoVWdLdlliaUZ6dXJKMG9uM3pYeU5abGhLVS1BblA4RzNxMnRhYmJTS2tRNjlnTUN3SjVyOUJ2TEVsbFNXNThCWVYyd3p0NE8ydGJyUTdfT2lhVDNxOHQ4WlU0WjNBMHJaUV9tNkNnTGhNeEY2LXFnQ21rN2ZMelR0aUFNU2hSbzBTQ0tJSzduRG00ekJ4bEhLUHU0MVh0YUJqd0NLMVJGblBhR010UTBkMlBENWtIVG5UNEhwZnpUS3U0WTY1,More,1 day ago,2026-01-02T19:21:00,Forbes Cyber,"https://encrypted-tbn2.gstatic.com/faviconV2?url=https://www.forbes.com&client=NEWS_360&size=96&type=FAVICON&fallback_opts=TYPE,SIZE,URL",2026-01-04T06:42:43.064745
"Covenant Health says May data breach impacted nearly 478,000 patients",https://news.google.com/read/CBMiuAFBVV95cUxNNXJXR1pEMVVaQ2ZYLWtZOS1LQVJqSWJaVTI0d3ZzSTlVaUlKVW9zNm9YcEV0M0pJcHlGM3ZyekptUl9KVTBpT2d2NkZHakZjVkJGSWR1M2FYdC1oVWVMcHdEalNES3JZd0xScFdULVBOSU9rczk3VVFTWkZrd2xNZVBvQW1LS3dTUmIycmozWTNRVU1Iaks5eHpiMExONkVZaDB3b2k1NkdvbW9Td3VlS0dmZnVnZE5Q0gG-AUFVX3lxTE5NTHJtT3VOVTFWZnJpcHozTjhkbFhaR3N4c3I0Q1RqQlRwdVBHZWdiNU5hSndBRktDVmZBcG1uTXFhWEdyTW5SRFhpYndtNHFudWhiVm4yZmJtMWwydzRnS2FlUlVtbHU2WGRWb0JCTHdncWpCaTRZR2pFNTFoVEFEaTJqamZEZ2w3bWpNSFp2TkEtcFFEeVhRMXBMWEJrd0xIM1VscE55Z3FWNDlzVFRaMFd5bzNHZlZ6a3FRX2c,More,1 day ago,2026-01-02T19:00:42,Bleeping Computer,"https://encrypted-tbn0.gstatic.com/faviconV2?url=https://www.bleepingcomputer.com&client=NEWS_360&size=96&type=FAVICON&fallback_opts=TYPE,SIZE,URL",2026-01-04T06:42:43.064747
AI-Powered Cyber Espionage Emerges as New Global Threat,https://news.google.com/read/CBMitgFBVV95cUxQdVlOQzRKQnVpaGhZWFpPT2dVWHBqWkpHY2ZHRlU2YzQwQ1Y1QmFXVF9JSTRYTzNEbld1d1BUMnVaaGljRGRUek1pekZZdzh2SHh4LVhrSzlqT2pPVVpvalNNSnN6eVJJSXNwWW5ZZTdxX1FYNVBrbWZMQTByZjdfbmZfQk0tSWNoN2FaeXFQVE9kY0h1YXRXSmxwdFctMC1iZDVoRkk1Y2lYcWp3V2k5aTJYMnBudw,More,1 day ago,2026-01-02T18:54:56,China Cyber,"https://encrypted-tbn3.gstatic.com/faviconV2?url=https://mexicobusiness.news&client=NEWS_360&size=96&type=FAVICON&fallback_opts=TYPE,SIZE,URL",2026-01-04T06:42:43.064750
The Invisible Frontline: How encrypted networks and AI are rewiring Britain’s security,https://news.google.com/read/CBMidEFVX3lxTE5rcXNvOEFMazN0b3ZuUnRUYjdFcWlhRlpVcGxublZ0RTZXNEc5N2J1ZjJKZVh1Q2xzbE9zXy1PWkFaZG0xQUE0LXNoN1RwelNhSVZkQW1NOXJBZDBVYXZfLUl3S1NfSU9jRTk3M3pGT1lpSTl6,More,1 day ago,2026-01-02T18:53:39,Small Wars Journal,"https://encrypted-tbn0.gstatic.com/faviconV2?url=https://smallwarsjournal.com&client=NEWS_360&size=96&type=FAVICON&fallback_opts=TYPE,SIZE,URL",2026-01-04T06:42:43.064752
European regulators take aim at X after Grok creates deepfake of minor,https://news.google.com/read/CBMiY0FVX3lxTE5jOVcyV005OW54cy1SMHVMWVVoMV8tZW5VZWRRMnY4MXZaRzJfXzJkMHI5Q3hVMkRlMEJianJWT2NqMXlrYXktdDZXTWtvdndTMEtvQUhwSDViWFZsbloxUUktQQ,More,1 day ago,2026-01-02T18:51:07,The Record,"https://encrypted-tbn0.gstatic.com/faviconV2?url=https://therecord.media&client=NEWS_360&size=96&type=FAVICON&fallback_opts=TYPE,SIZE,URL",2026-01-04T06:42:43.064755
"NIST Investing $20M to Advance AI Tech Use for Manufacturing, Critical Infrastructure",https://news.google.com/read/CBMitAFBVV95cUxPa0RQWmZGRmtHdXNEODItaXZoOG9FN1FIOUhJa2pCd1lHcnhZcU4wekl0c0drQkszMk9lUnZaT0JnUVFfd1BNZU1RQXVnbmtpdFQ3UVg1VVYxeU1RT1BpcmRjb2htUUhueGtyT3RQZUVEekVDUXdscDJPa1dERzF3Yk9Qbkh0Q00tMWFka2ZQcER1YjZVSXBNUk1UYjFmMWUwWmlWbmZXUTN6cDlDS0l2eUZLaGM,More,1 day ago,2026-01-02T18:45:25,Critical Infrastructure,"https://encrypted-tbn2.gstatic.com/faviconV2?url=https://meritalk.com&client=NEWS_360&size=96&type=FAVICON&fallback_opts=TYPE,SIZE,URL",2026-01-04T06:42:43.064757
"10,000+ Fortinet Firewalls Exposed To 5-Year-Old MFA Bypass Flaw Amid Active Exploitation",https://news.google.com/read/CBMijAFBVV95cUxPdHBqWDEzMldTUFN0cVlzQ0dibDhuV21pU3RsRExrODh3dXdwOFVvZDRWRGQ5dE9aMnlaVHdEYkFUREdIZzg1TXJPTUswWWg3V25BVWo5R1NjTXdRb29jYVBOejlBMFpPOFAzUlVpQ1NhZ2NITVlNSGk2T0Q3SzlKc3VscFJVd3ducnc0Mw,More,1 day ago,2026-01-02T18:43:48,Firewall Security,"https://encrypted-tbn2.gstatic.com/faviconV2?url=https://www.linkedin.com&client=NEWS_360&size=96&type=FAVICON&fallback_opts=TYPE,SIZE,URL",2026-01-04T06:42:43.064760
AI may not be the federal buzzword for 2026,https://news.google.com/read/CBMipAFBVV95cUxPeXVYdUZFeThuM3hMeUFQeUFWdkJfVlZLQlZmNjR4MUgxRzBKSHZ6MVpIazFEMHQxVXhON0ctUm94cGhBVVRpbjNxdU5fNGQ0NGNwOG9nb0J6VWgyaFNJWGt0d2phWGpVanZGVm5RbEhvdlNpR1dkYWZXa2l0Y1UyakxleWRfREdYeFZ1RlFWNkVBb3ppeUtXcngyOFBSTUFtVjIxbw,More,1 day ago,2026-01-02T18:38:28,Quantum Threats,"https://encrypted-tbn0.gstatic.com/faviconV2?url=https://federalnewsnetwork.com&client=NEWS_360&size=96&type=FAVICON&fallback_opts=TYPE,SIZE,URL",2026-01-04T06:42:43.064762
Claude is his copilot: Rust veteran designs new Rue programming language with help from AI bot,https://news.google.com/read/CBMie0FVX3lxTE5pV1JHaFZWZG8tdHNyZ3NNWXlmUHp5MTJ6SmUxRnlVbEFYMzZET3MxZk4tZjYxWG9NZkVNaDN5Z2g5ZUV0emRjMS1KMjYyV1pTSWxaZExIOUFsdGxLYUNzM3paZ09wOFRlVERSV3lCVHpxM2IwQ1RKYjBCZw,More,1 day ago,2026-01-02T18:34:00,The Register,"https://encrypted-tbn1.gstatic.com/faviconV2?url=https://www.theregister.com&client=NEWS_360&size=96&type=FAVICON&fallback_opts=TYPE,SIZE,URL",2026-01-04T06:42:43.064765
Five things to watch in cybersecurity for 2026,https://news.google.com/read/CBMiogFBVV95cUxQNGVRd0ZCZWc2RmpDWVFjaHI2Q3VrS09mU3JNTzd5TkFGdm90dDRvalZ3WmpZalpGczBnQWhMTkd3OUF5U1c2UzJLeGtnYndlVVZSUkhaaFlRYXNmTnZxbEo2WmN3bk1ZS05oZXNYR2ltZndwaFRWeDdNWlNKMjIxYkJvU3hoa29IWGlBUk5DTUJyWXZOQVVwVjVQWWtUZG9TTVE,More,1 day ago,2026-01-02T18:29:33,Critical Infrastructure,"https://encrypted-tbn0.gstatic.com/faviconV2?url=https://federalnewsnetwork.com&client=NEWS_360&size=96&type=FAVICON&fallback_opts=TYPE,SIZE,URL",2026-01-04T06:42:43.064768
India orders Musk’s X to fix Grok over ‘obscene’ AI content,https://news.google.com/read/CBMilgFBVV95cUxQQWN1TVp0ZUNJWDI0VFV0RGgwRkxmeEZWT08wM2pLSXZNZkFlNmQwQUhTdHN2SlktZGJvdkROYXFsVUs1T1FwSHJERHJmNkxSYXJvaWRvanhMZ2ZhWmdiZEM2eVhvTGdaLXMzSWwzRm5iaHM3VUo3YTU2ZW1ROEIxaW1uU1dZakx0SmRRNUhyTlNKU3ZrYXc,More,1 day ago,2026-01-02T18:29:26,TechCrunch Security,"https://encrypted-tbn1.gstatic.com/faviconV2?url=https://techcrunch.com&client=NEWS_360&size=96&type=FAVICON&fallback_opts=TYPE,SIZE,URL",2026-01-04T06:42:43.064771
Finnish cops grill crew of ship suspected of undersea cable sabotage,https://news.google.com/read/CBMihAFBVV95cUxPak9HckxnWUxYY0UyS3pIVVY5UnI4RnEzYkhEUk5BUjFERHVEdmpqR2NHSzd5eXVLaFZPalpreUQ4UEVvTWVqT1VxOUJRX25iUlltdG44V242blAxcW85QTZYQ3NfNGhYaTduRDNyeTBUc0JtZFNkT243VW81R1BnRVAtd04,More,1 day ago,2026-01-02T18:22:00,The Register,"https://encrypted-tbn1.gstatic.com/faviconV2?url=https://www.theregister.com&client=NEWS_360&size=96&type=FAVICON&fallback_opts=TYPE,SIZE,URL",2026-01-04T06:42:43.064774
Why a groundbreaking new TV show disappeared without a trace,https://news.google.com/read/CBMi_AFBVV95cUxPTHFWOHotZjZST1JZa3Y4QTRUczJIZmJzekk1Y1JNQ180b2I1eEREVnhybUN1eVlZTzJkRWhFLVJQUzY1VThpZ0M3cEktQVVRaVlGOGZZSXJmUU1VRlY1YlVZUFd4TnBxZTY0NEN3dzBPa2lOMlB0ZDZYZzlSenNlY2pCNkVGa3NaRHFGN2NKbXRONGhORGNQeVVvNDhQSzFUaXplWE13MkdOV01JRExkdF9leVd0dUlZZGNIM0VKUkdTRVBhQkE2U3QxRFcwcHFsTTEwVXk1UzU0aXh5WWhGN2tZYWYtUll1dW5obWVpUTJGY0xJWVdfUEY0R0Y,More,1 day ago,2026-01-02T18:10:00,Salt Typhoon,"https://encrypted-tbn2.gstatic.com/faviconV2?url=https://www.brisbanetimes.com.au&client=NEWS_360&size=96&type=FAVICON&fallback_opts=TYPE,SIZE,URL",2026-01-04T06:42:43.064776
"Cyber threats, cost blowouts: $969 million health overhaul facing rocky start",https://news.google.com/read/CBMiywFBVV95cUxQQ3RneWtIclNxcU1pLWtNaS11dERXR1QtSmNJSjB2eXVUbF8wU2tmUngyOWxJLTE0VkFnSWt0NEJBNnhWOThCTHVncE5abGoyc0xvSFNycF9lZlgwRm8xWU41cGV0Wmg3TjkxVldZcnllcnltMW9jbGZNMGc5c0JwVGF6QkRmQlBDY01wU3o3VVBmMlo0VDRLV0lvVGo4aldpdXFLOXgtU2o0X0JhVTZVUHM1WGYyTWNGZjk4QVNCNGtKZVhzR0lEUF9vOA,More,1 day ago,2026-01-02T18:00:00,SMH Cyber,"https://encrypted-tbn2.gstatic.com/faviconV2?url=https://www.smh.com.au&client=NEWS_360&size=96&type=FAVICON&fallback_opts=TYPE,SIZE,URL",2026-01-04T06:42:43.064779
"The 16 top logistics, manufacturing, materials startups from Disrupt Startup Battlefield",https://news.google.com/read/CBMigwFBVV95cUxQYXhEY3NudkEyd2V1cEFmWXQ1NXJWUUxyZUxZNkxMY0cySGtIY21LMVl1QnpNTURWZndlMXZQaVFvTmVuRWR6WGpmSE9aVkh0aUpMV09lQ003SUo3T2toRXBSOWdXYnBrY2U2ejZXek1LSFlTSnlGVTdtUGxpY0psaGxVOA,More,1 day ago,2026-01-02T18:00:00,TechCrunch Security,"https://encrypted-tbn1.gstatic.com/faviconV2?url=https://techcrunch.com&client=NEWS_360&size=96&type=FAVICON&fallback_opts=TYPE,SIZE,URL",2026-01-04T06:42:43.064781
Data Breach Reporting In India: Legal Obligations And Best Practices - Data Protection - India,https://news.google.com/read/CBMivAFBVV95cUxNRTRPeXNvUWgyWXhOY0ZicnpHbk9abW9Xb25raHFjcWZpT096THNwQkVjLUl0Z2RqVmNfNjB6bWplU1ZFcnBhYUtIQ09kMGdUTFB6cThQcmp4UHhWU2xHN0xHV2ZqMU5IMmpaRk1nck5tTVJ5MVRYNHAwSGNoZGtvUF9JQnlHS1MzUjljUk5PejdxaWh0LXBmN1F5T3I0OGY1b25JdlJyMEt5Y1hTME5RWl94UDJvMHNpTXRXNg,More,1 day ago,2026-01-02T17:57:05,Telecom Security,"https://encrypted-tbn0.gstatic.com/faviconV2?url=https://www.mondaq.com&client=NEWS_360&size=96&type=FAVICON&fallback_opts=TYPE,SIZE,URL",2026-01-04T06:42:43.064784
"Pakistan-linked hackers target Indian government, universities in new spying campaign",https://news.google.com/read/CBMiakFVX3lxTE44MktHaFR3VzRNVkg3Q3JHOWJlb0FvRWtKUnZZV1ZtV3hoemVwd3BHWkxtd1FyV3VsbERPZzJsYXBlc3c3eTViU0RKSjlyM3JBeTRPcV9lc1pJTkIwNjdxN3lZRmpWSWFYUnc,More,1 day ago,2026-01-02T17:41:07,The Record,"https://encrypted-tbn0.gstatic.com/faviconV2?url=https://therecord.media&client=NEWS_360&size=96&type=FAVICON&fallback_opts=TYPE,SIZE,URL",2026-01-04T06:42:43.064787
Brow6el is a full-featured browser that runs in a terminal,https://news.google.com/read/CBMickFVX3lxTE9rc0ZnMG9HVWZFTm5kMmRsQTlTSnVzdHIxZmQ0bVNUbW1WSUxoekN1dWhJMlg4SkRnUU1WbFBYNXFnWlBhSnptRmI2YUQ2TklqNmVLd0J5TzVoaTNoZHRtYmVUaG45bzdWMzYtN29wU18zUQ,More,1 day ago,2026-01-02T17:39:00,The Register,"https://encrypted-tbn1.gstatic.com/faviconV2?url=https://www.theregister.com&client=NEWS_360&size=96&type=FAVICON&fallback_opts=TYPE,SIZE,URL",2026-01-04T06:42:43.064789
Seven steps to AI supply chain visibility — before a breach forces the issue,https://news.google.com/read/CBMif0FVX3lxTFB6d1pRaWRjMXlZcVlMSHV2RUVMM2E4ckNGTGNUdjJna2lLdmF4a0Zyb29XcjdYdUI3RjBwSXMtbzU5ZWtJOEQyYUkwVnMzaHZvcmNNX0paUWZNckdHUGZLZnY3Ym9HMUd2ZDlKclZ4QWpUMjRSMUFqWFgwU2MtM28,More,1 day ago,2026-01-02T17:37:01,Supply Chain,"https://encrypted-tbn3.gstatic.com/faviconV2?url=https://venturebeat.com&client=NEWS_360&size=96&type=FAVICON&fallback_opts=TYPE,SIZE,URL",2026-01-04T06:42:43.064792
"How AI is reshaping work and who gets to do it, according to Mercor’s CEO",https://news.google.com/read/CBMipgFBVV95cUxNNTNadjZQUmZibG9RSE9HOUxQc3Y0LTBEaGZ2MEJSSGZwYm1UNVNxQzQ0UXUyVVRIZHFJUHRLMVZkR2hzVnoxR3J0NWZobmZEU0R2UkRKYjRTTmdPWm1Oa2VCMks1VkcwRmUzSS1LWC12M2dHd3FSaGpNWHZpV0RNTERKSG5DM2NtOGFtV1FBbDU5d01CM0k2S2stSm9lMzY1MlI1NzJ3,More,1 day ago,2026-01-02T17:34:37,TechCrunch Security,"https://encrypted-tbn1.gstatic.com/faviconV2?url=https://techcrunch.com&client=NEWS_360&size=96&type=FAVICON&fallback_opts=TYPE,SIZE,URL",2026-01-04T06:42:43.064795
Cryptocurrency theft attacks traced to 2022 LastPass breach,https://news.google.com/read/CBMiqwFBVV95cUxOZG1SRXdCanRFNGM4cDJHQWtvTWhwQXlRM3JfMjNYT1FwczQ4cU9MTEF2ZVlRbVh4dFg1aWZKTFJBWFJEZWRMWHd1TDRKSkthS3hFTmE2dTZmYWktMnVJSU1pMkQ5czU1Umt5VDZMdWcxajZhVFYyeEJDNnJMcUU3cG56bmpjQzlOSUVIWi1SeUZzODRDeEdVUnFpUFczSFJwN2J5c1hwTmptR03SAbABQVVfeXFMTy1YbV93dWJ4VG04YmhOQUJmNXNQZUdHMmhnaHBOaVg4TENPQnNjZHl2a2NRN09rVEJSSzJ0MkRrdVJoNEJ5M0dQM3l6cFFhdGRrN0VLcFU0LTN6M1lrckROX3MyNWRHOWR1dVdWNTVfdWpOT1Fpd3g2aHNWZUdkRnp4aDJjREZyaDZMbXR3eU9WSFhsYloxWlMza0ZLcndKLUs1MTIyZzZhajU2MUtNRDY,More,1 day ago,2026-01-02T17:28:01,Bleeping Computer,"https://encrypted-tbn0.gstatic.com/faviconV2?url=https://www.bleepingcomputer.com&client=NEWS_360&size=96&type=FAVICON&fallback_opts=TYPE,SIZE,URL",2026-01-04T06:42:43.064797
Watch Bloomberg Surveillance 1/2/2026,https://news.google.com/read/CBMijwFBVV95cUxPQXRTSElkNjUtUWlLRlZzVFM0anhqUkx2a0R6TWJXSFdnZWpQR2lqOWU0dWlBN2ozWTRmTDJ5UUdxZHFBVTBQMk1pdDFFdlBfenVCSG1hd3lCM2lyOUZRcTBFWllibjExMzh3N0xXcGZ0bHpYTFJVUFJ5STloZUJRTTlNVl9OY0ZtSjdPRE8xaw,More,1 day ago,2026-01-02T17:23:39,Bloomberg Cyber,"https://encrypted-tbn1.gstatic.com/faviconV2?url=https://www.bloomberg.com&client=NEWS_360&size=96&type=FAVICON&fallback_opts=TYPE,SIZE,URL",2026-01-04T06:42:43.064800
"Day 1 of our series 7 Days, 7 Cyber Terms Explained focuses on phishing, still one of the most effective attack methods today. Phishing works because it exploits urgency and trust, not technical flaws. A convincing message, a fake login page, and a moment of",https://news.google.com/read/CBMirAFBVV95cUxPUVVGaC04Y1J4X00wcWQtU1ZvTHI3ZzZ1cUpIeGdCaEFvUDM4VGFFeGtOakJrSnl3NzRpai1ReU9WQmc1R1dEdzdidmNYcmxCcDUzdS1vY0NlNEhKLWx3Y1VLRDRVUzk3M1pfSi1Dc0ZsWHZoVmgtSWhUUVYtZzkzdURvd1ZWSGhNMnNKOE1WWEFYWkIyV1hldU9mZGs3U21FeWlEazBoem03Rmhh,More,1 day ago,2026-01-02T17:01:14,Phishing,"https://encrypted-tbn2.gstatic.com/faviconV2?url=https://www.scworld.com&client=NEWS_360&size=96&type=FAVICON&fallback_opts=TYPE,SIZE,URL",2026-01-04T06:42:43.064802
Guardians at the Gate: How AI Is Rewiring CIAM Fraud Protection,https://news.google.com/read/CBMiugNBVV95cUxPZWlRcnhlY1pXamFJYklDWERtRkc4bWlUY2sxX1VicmlzdEJ2RkduNUJKOWN0RUhjbE5pRXpqRW13ZTU1elpQdlVtc2o3eVZhSXlkZDc0MGFQV0FybGVsNE1EcU9hNGs3dnBJWm91dDNsZTFGa21sRUxtM1ZYWmhjYXYtOFkyYmNETnVRRGl3VGFjZ2RfSVBaQjFNVVgwbzFPQXhUSnlmbXRKYjAxYzlWTGxxZS1KSjJuTTZQakdwRl92TEJKSUVNQ3hpUkxWZzVVa01FZ1ZscUQxQTI3U0hIbmtkSDdnZS1YeXRFOW0zaEYxMEo0V3NVWV84blFUNHhVRnVmMWR4eFdCUkpwdU5LdUJmdkZjbXZEeDlLVFJXd0pfY2sxWWNYc2NyU0hTVUo4emFSNUhPcU1QM1RCaEloVWoyRmI4VDgzWTNSN0Fxa1g5ck8tOVBIRXhuNVl6X3RNRXdULXFESllNRlpOdGVwYUU1ZktiaHNRRWdoZi1LRXlCYjctRGk4Rk9VX2pTaEtodmxiS3MyUkFpLWxvdUJkSk16OFpFMk9Rd2FiUk9GVW1pdVpLdFBIRDh3,More,1 day ago,2026-01-02T17:00:00,WSJ Cyber,"https://encrypted-tbn2.gstatic.com/faviconV2?url=https://deloitte.wsj.com&client=NEWS_360&size=96&type=FAVICON&fallback_opts=TYPE,SIZE,URL",2026-01-04T06:42:43.064805
Maven Central subjected to typosquatted Jackson JSON library,https://news.google.com/read/CBMilAFBVV95cUxOY1JrVWhpMGpWNHZsRFU5b1dOdG9aMllKcTBqSU1UY2dVWUVzSkZmZVFvdzRDTzBNWVNIQWZfanB3QWNqWXNFTDFaOWFQRjJjQWxHV3JkT3c1eHBWMjdnYmZDc1hGNXBIdGo2ZDlYLTV0WXBrU3lNU25Xc3V1SlJqbW9NWTJJZFk2QUxxa2d1OWo0X3gz,More,1 day ago,2026-01-02T16:58:53,SC World,"https://encrypted-tbn2.gstatic.com/faviconV2?url=https://www.scworld.com&client=NEWS_360&size=96&type=FAVICON&fallback_opts=TYPE,SIZE,URL",2026-01-04T06:42:43.064807
Our most popular technology posts of 2025,https://news.google.com/read/CBMikgFBVV95cUxOU2swcTY0a2EzbWhEcUdfZ0dOR0Z1QU41aVdOTkQ5VFZFbnhOM09ObjdjZVN4T1p1WnZMcFd2c0haS1lkeFUwQVhDWkpfYnFvYl9uOC1nTFlaazlEVFdPWGRlNVJWR005SzNicVZQblFlTTRnYmIxNVVKR1o0MDI4YWt5Q2ZmMVY1TWFBUmJpYU0zdw,More,1 day ago,2026-01-02T16:55:04,Ukraine Conflict,"https://encrypted-tbn2.gstatic.com/faviconV2?url=https://blogs.lse.ac.uk&client=NEWS_360&size=96&type=FAVICON&fallback_opts=TYPE,SIZE,URL",2026-01-04T06:42:43.064810
Largest Healthcare Data Breaches of 2025,https://news.google.com/read/CBMiekFVX3lxTE1CY21wLWZXTjFKUEZOZGZnSlZZejRhT1VOdUdCZDBqRFY0dTZKMElJVEFMckxhS1JiTjgtTmtBaHNvbDZqN2p4LTlZV3hzVTYwOFdEZlFjc1Z4QWNseHczeHloekNnc1FsajFpUHlOY0c3c0wyMHNYMENn,More,1 day ago,2026-01-02T16:51:10,Healthcare Security,"https://encrypted-tbn1.gstatic.com/faviconV2?url=https://www.hipaajournal.com&client=NEWS_360&size=96&type=FAVICON&fallback_opts=TYPE,SIZE,URL",2026-01-04T06:42:43.064813
US Power Grid Risks 2026 Blackouts from AI and Electrification Demands,https://news.google.com/read/CBMinwFBVV95cUxPTWdYV0duZGRPYlYzT1c2eGlnMUVfTHJsQjc0akk4LWNCcWZlT0RBZGtucmFTd1g1X3hBMHhxUU5BemE5TEhxbUlYcmhsVi1vV3l2cmNYLW9hb3hjekppSG9Obmw2VW9xaEg2Nm5nT29BcUQwR2dJQmxEX3dXaktUY2Q4Y1FsWUR6OGRZN0dwQXV6ZUYzd1JyN3dqR1A4TUE,More,1 day ago,2026-01-02T16:41:09,Energy Security,"https://encrypted-tbn0.gstatic.com/faviconV2?url=https://www.webpronews.com&client=NEWS_360&size=96&type=FAVICON&fallback_opts=TYPE,SIZE,URL",2026-01-04T06:42:43.064815
Grok Blames ‘Lapses In Safeguards’ After AI Chatbot Posts Sexual Images Of Children,https://news.google.com/read/CBMizgFBVV95cUxOZTNsQ2VjZ0NhQ29UN3BXQU96Nkt4dlFOMzJwYTVTcmoxSVcwQkZfS05iYjBKX2xIZ1dMa1luVnVQTGlockVpU0lkeDhlcjhTMERtdzNEa1NFOXJWdnkwWkcwZWxKSzBKX1FRN0tTWVNtU3UxWW1qN1pZbzI2cWRJNEZZSnZfTWI2aUJtVGlWYTdabGtval9uaVQxcDFScEV3VTh4OUpvSHZIaUl5WER1bGMxZDQxVVBURHVHeWtOb1AzTFVzZ1lNdmFIREdkZw,More,1 day ago,2026-01-02T16:32:42,Forbes Cyber,"https://encrypted-tbn2.gstatic.com/faviconV2?url=https://www.forbes.com&client=NEWS_360&size=96&type=FAVICON&fallback_opts=TYPE,SIZE,URL",2026-01-04T06:42:43.064818
UK cyber pro lands Aussie visa after uncovering govt exploit,https://news.google.com/read/CBMid0FVX3lxTE5JYzZjMnNfRFVLZ0lhRU40bnlxT2JxR3ZLNVd5djdkNXdqWVZXbnBRakRiTWFXYk5EWC1SVWFnaElxSlpGS0dIYW1YYXc1T2RTNW1FU2dpczZqc3hwWEFKRWhIc1NVYlBLMlJGVklWQnJ3b0lXbUpr,More,1 day ago,2026-01-02T16:11:00,The Register,"https://encrypted-tbn1.gstatic.com/faviconV2?url=https://www.theregister.com&client=NEWS_360&size=96&type=FAVICON&fallback_opts=TYPE,SIZE,URL",2026-01-04T06:42:43.064821
US Army • Page 147 of 147,https://news.google.com/read/CBMiXEFVX3lxTE5GQ1Rocy1CVHp6Q0R5WjZ0U3RVYVVRUFF6V1poRnVGZzVqTmFGeEFyY3JSdnJULVc0emd6WTNqajhTdi1UZF9IQk1nbDR4UkZtenE4NEFZckJfV2Zx,More,1 day ago,2026-01-02T16:07:01,Defense Post,"https://encrypted-tbn3.gstatic.com/faviconV2?url=https://thedefensepost.com&client=NEWS_360&size=96&type=FAVICON&fallback_opts=TYPE,SIZE,URL",2026-01-04T06:42:43.064823
"Ransomware volumes dip, but attack methods evolve sharply",https://news.google.com/read/CBMijwFBVV95cUxPa1FwajV6MjhJMVowTzNWVldWRE9VcWNPOWZSVHdVMjUwWThKNmhwQmx5aGxrWDY0TEtqcVNrZzFsdnhxOUYyZ3VrM09zLW1EdGF6ajV3SHkzT1p5VlN3bG92dmZTU1hiSEhGdzh1MlZTN2Y2RDJ2R1JSeERsbl95SnNCVUZWTVVrbW9hLVA5Zw,More,1 day ago,2026-01-02T16:05:03,Ransomware,"https://encrypted-tbn2.gstatic.com/faviconV2?url=https://www.scworld.com&client=NEWS_360&size=96&type=FAVICON&fallback_opts=TYPE,SIZE,URL",2026-01-04T06:42:43.064826
Over 10K Fortinet firewalls exposed to actively exploited 2FA bypass,https://news.google.com/read/CBMitwFBVV95cUxQb2diQnV1NTNwYmJsUnE0ZC04OWl0cU9FcUZKSEt6aTdqazBOeU52aDBxMFN5NlE0LTZJWENlRjhLTG1BczlyTUJuWk5UbDVkZElIdmlyVk9saHVVMzI0UnVfSG9kTERZNnVScWxfSVU3TGVrYTIwcnlxUk5QXzBycTBPWmdPSDk3TGVBU2VnZDBTWUZHX0dPenZYVGpfdU5zTVkzR21LVlpWakw2TVZ6aXhqdHd2R1nSAbwBQVVfeXFMUEQzbUtBNFgtN2w2VzZEWlBIVFlZcVdSLWdDcnRua1dSVnJZeWVsUkFiT3BiMFJ1eTlEcTl3NUpsbks1cDllWFozZ01QdE02cFV4UWY0UFAtYWVEVVM5RTZ5Y2lfX0FIZkJodWZ6RUJOQ21fZ3RUU0tnMklGcHdfVnBiZW5ELUliMEVxTHlXMGVwcU9vaDQzQjduRW9WOENUc0x6a1R4NEJkU244TzZRNzFlNUpwWElORGc5b3Q,More,1 day ago,2026-01-02T16:01:55,Bleeping Computer,"https://encrypted-tbn0.gstatic.com/faviconV2?url=https://www.bleepingcomputer.com&client=NEWS_360&size=96&type=FAVICON&fallback_opts=TYPE,SIZE,URL",2026-01-04T06:42:43.064828
Treasury removes Intellexa spyware-linked trio from sanctions list,https://news.google.com/read/CBMilAFBVV95cUxNdUhEYkFWTmItTzh5SXVxQ3JGODFwNFBERTByTVk5Yi1qV1BqRE5RMGkwajZZSjk0dXhnSUZBM1dtNkxiWDEyZnRjRzBIT19SbTFsNmtkMExsT2RJUFNxX0hYVGRCWW0zQ0M3U2xEUGxTaU12RTFaTXdWbmplRGpPWE5BVm1XRzl1SW5SSXRwbmtScFo4,More,1 day ago,2026-01-02T16:01:23,CyberScoop,"https://encrypted-tbn2.gstatic.com/faviconV2?url=https://cyberscoop.com&client=NEWS_360&size=96&type=FAVICON&fallback_opts=TYPE,SIZE,URL",2026-01-04T06:42:43.064831
Zero-Day Exploits on the Rise: How to Protect Your Network,https://news.google.com/read/CBMimgFBVV95cUxPMnZfeS1wdTY2RGJwRWF0RWtjSDVtXzlpSF96TjRLMTZxdE5kUEZtZzVSSklha25lZ0NaYWFnaWxEYkw1VzFWTk9uMEtvN001TmhZLWtBNVlNTmFSdUktVUFjekJhOFRqb0I1S0hQUDVPTGJtajduRWdGSzVBYTF1TGgtMXI0MGJGOUl6T3M2Q2puVFNYdm9FY0xB,More,1 day ago,2026-01-02T16:00:23,Red Hot Cyber,"https://encrypted-tbn0.gstatic.com/faviconV2?url=https://www.redhotcyber.com&client=NEWS_360&size=96&type=FAVICON&fallback_opts=TYPE,SIZE,URL",2026-01-04T06:42:43.064834
Crypto Thieves Move Offline to Terrorize Investors at Home,https://news.google.com/read/CBMidEFVX3lxTFBCZWZxcjljYmJ0SXJmdXA5djRRN3JsSFhoY0lQeVNSUVZXcHNGSXJXRkV0SVRNVElEZTBmRUt1NmVQYzgzVUNOeUlaX3pDMktVcDFyTUFXendjX29obkhQQ3oyY1V4MFRVeUVmUWJQX0JJSS12,More,1 day ago,2026-01-02T16:00:00,Bloomberg Cyber,"https://encrypted-tbn1.gstatic.com/faviconV2?url=https://www.bloomberg.com&client=NEWS_360&size=96&type=FAVICON&fallback_opts=TYPE,SIZE,URL",2026-01-04T06:42:43.064836
Why does the Pentagon believe China’s military buildup makes U.S. ‘increasingly vulnerable’?,https://news.google.com/read/CBMijAFBVV95cUxPX242dnlTSVhBUlFJM1RIR0pyc1I5end3VF9jR0VKVEQ5cGpweTV6NUFyMUNjTVhROWN6amVEM2hkZGx1dFAtc2FFUHVWTjBDVHRicklyV2FtLXZQemRGVm9KdTZvaURxVmZ5VlZtRnV4V3FfY1ZQbXVsS3FXd2REZlhGN2hqNUdDMDlPdQ,More,1 day ago,2026-01-02T16:00:00,Volt Typhoon,"https://encrypted-tbn1.gstatic.com/faviconV2?url=https://www.deseret.com&client=NEWS_360&size=96&type=FAVICON&fallback_opts=TYPE,SIZE,URL",2026-01-04T06:42:43.064839
Cybersecurity Pros Plead Guilty in Ransomware Case,https://news.google.com/read/CBMihgFBVV95cUxNR3RFYktkd3JjTzhVSGxMcVJnM2ZBcDhLNGpfX0lIX0RpU1dwRE00WXBMLVpnQV8xclJNZFlrZ2ZJNUpTVDVUcm1XUWl1SUthOGxhcTBlNzRwanVXWjFRNVJMaEt5ZXdfeGZRR0VNMkxLeWY1SDhuLUdjZjNNM1N5LUhYVFQyZw,More,1 day ago,2026-01-02T15:47:45,Ransomware,"https://encrypted-tbn3.gstatic.com/faviconV2?url=https://www.legalreader.com&client=NEWS_360&size=96&type=FAVICON&fallback_opts=TYPE,SIZE,URL",2026-01-04T06:42:43.064842
"Ko Jun-hee discusses eye surgery, midnight curfew, and dating plans on Omniscient Interfering View - CHOSUNBIZ",https://news.google.com/read/CBMiiAFBVV95cUxPQ2ZaVF9ERUpFRGRCS25WYlU3TWE3clpMQzNLNHhVVFpwRnRHT0J5cXhCRFAyNVpfWEt2cGFZN20yS0xySnVMcTBlWk55RTgzbWZweTJQZ3VFNlYxQklYeDNxdlFkSE9HcW5NRmZtWmducWUycDVMWUFueVYwckVDUVMxTkFyMGVX,More,1 day ago,2026-01-02T15:44:48,Chosun Cyber,"https://encrypted-tbn0.gstatic.com/faviconV2?url=https://www.chosun.com&client=NEWS_360&size=96&type=FAVICON&fallback_opts=TYPE,SIZE,URL",2026-01-04T06:42:43.064844
Supermarket giants and high street stalwarts to reveal festive figures,https://news.google.com/read/CBMimAFBVV95cUxObm10dWNZM2VkT2VRTU1GV3dmMVd4R0JSWjg0RVpSNTJub0JoTEdSaS1nYnFMLW1EZFN4eHZCRktNUWZxb2xuS2pIbUxVa3FDeFY4SUJxb0pYeXM1WlZ5MkoyLWV5RWc5aUZndFhzZDBhbGR0Y0JVM01CYmViS3p3OEloQ0xqdnRxT1htN0tkbEZ5LVE3clRsdQ,More,1 day ago,2026-01-02T15:44:00,Independent Cyber,"https://encrypted-tbn1.gstatic.com/faviconV2?url=https://www.independent.co.uk&client=NEWS_360&size=96&type=FAVICON&fallback_opts=TYPE,SIZE,URL",2026-01-04T06:42:43.064847
"Covenant Health data breach after ransomware attack impacted over 478,000 people",https://news.google.com/read/CBMiywFBVV95cUxQc3pfZE01Ul8xRXBGemNaU0ZsRXE1Tm5xV1BjMUl0WEQ1Tks1THRxaEVseFk2WXV5WHVjYnJqU0g2djBFSFpKSUh1VlpYTVM4Sm9NeHFvTlV5aDFhd2g3ZXRBQ0xaUFg3dUtjVXBTWWdPem1VaWwzTndSYXFKbzNFUlhaUE5tMW5UOUphVTR3dDRTbWN0cGgzQjdsd1QwcWFtQUNyUUFmTXFzVUhlMUdGeTlhRjlXRTB0MWZpaFJkbWpHZTVjYUVlRFNhRdIB0AFBVV95cUxQNjEtWTVkQ19CY29OVTItOWU3aTlrRS1kTkw0ODVsc2RDeVhSZnVIYmpyZURkbjhOOF9vVzV0QndLSWJVSWpBMnpudDFCbUFRbUc0QU40VkpocG92WkxTaGZVTUtsaWZ2MGYtN1FaTTVqZ0YzLUlieE5NVXVRbzdDY21TYnhHblZSRklIZkxDLUxJX3dDMDFrSnNaUkZ1bklxVW92a0E2aklVZmhnSUNDandYVUZIckw2cDY1enJTMUI0QUMwQlZMMmtZYlE3c2M3,More,1 day ago,2026-01-02T15:39:48,Ransomware,"https://encrypted-tbn3.gstatic.com/faviconV2?url=https://securityaffairs.com&client=NEWS_360&size=96&type=FAVICON&fallback_opts=TYPE,SIZE,URL",2026-01-04T06:42:43.064850
Balancing Modernization and Threat: How 2025 Redefined Federal Cyber Strategy,https://news.google.com/read/CBMihgFBVV95cUxPMzM1TmtNWE5VdnBpUEJ0NWdGYU51eVhGejVsY252Z3RNWjh5VVZCMXBYYUswQ1FQSTFvbnlsNmw2eXlrX09zTldueUwtV0Zlc1VrdTdBRlZ0S2hSZWJYUTdaT2xCeEZOcktDdTVEb0E0WHdoQkg1UHR1SWhNSHJ0OEgzVmt4dw,More,1 day ago,2026-01-02T15:29:36,Critical Infrastructure,"https://encrypted-tbn1.gstatic.com/faviconV2?url=https://www.executivebiz.com&client=NEWS_360&size=96&type=FAVICON&fallback_opts=TYPE,SIZE,URL",2026-01-04T06:42:43.064853
"Iran’s Cyber Police Caution Against Rise In AI-made Fake Images, Videos Targeting Security Figures - Iran",https://news.google.com/read/CBMiuAFBVV95cUxPcW1wZF9CdXZUV0FWek5KTHFKa3ZHQnMtcUFxbERGVnZmYmN3ZzVHZ1FXZnhrbkM4aEhtMmhZRWI4NDY0dE82dzJmMGQzdzFoQUg1d29NcWpHejdEc05DYkJyUDFabjNfRUttWHRCSW1hVjVmUU5hX2xmQ0N4SGRaS3FlSnBhdHNvUEFTWXFoTHk4V3ljNnExbWtad1poQndrMlBfVDd0bk91S3FsQW5jcXB4dC1YTGt30gG-AUFVX3lxTFBBX21fTFdwT216MkZMUXBCdnZ0WUktZUVYUEFkdThnT3VlRXEzZHpvU1NMdDlKYmo0SjE1YVdRdTZoWXBqajJYVkdxS3RpRV9pMzBpbDFwUThXNnpDRjU3VDJBZmZiZzFJUzQyN2VWMEJ0amZlSHdJZThtd1B3RHNDNTI4WVVpR1JHNVhRVVZJY2tXT2FfRlJabDg3aFRMeTg2akp1emVIYjRYdDJlNUM5c01rQm9scXNTeDFHZnc,More,1 day ago,2026-01-02T15:29:33,Iran Cyber,"https://encrypted-tbn1.gstatic.com/faviconV2?url=https://ifpnews.com&client=NEWS_360&size=96&type=FAVICON&fallback_opts=TYPE,SIZE,URL",2026-01-04T06:42:43.064855
"Kaspersky, IBM Warn of Volatile 2026 Cyber Risks",https://news.google.com/read/CBMilgFBVV95cUxQY0w2aGJBRnh5MmJSQjdXekd0a3lndHowWTR2VTN1a3g4VzVLcThQazRyVlBxWGRaTkJHZ0xGMnYxZHpBbl9URU1OSWtGOFEyMDZQZlZ1M3lBUFM3LW9Pa1hFbjVISmVUR3Y0X1lRZGdwYWxfNTdpYnM5dVVUdVFVck9lZlJQclFabVZOWW85ajUzYS1oTVE,More,1 day ago,2026-01-02T15:27:20,Quantum Threats,"https://encrypted-tbn3.gstatic.com/faviconV2?url=https://mexicobusiness.news&client=NEWS_360&size=96&type=FAVICON&fallback_opts=TYPE,SIZE,URL",2026-01-04T06:42:43.064858
Experts: Critical infrastructure facing more sophisticated cyber threats,https://news.google.com/read/CBMiowFBVV95cUxON0ZoeDVzQ05MX3A2V2s2eEdaNW1tTUU0TnhrVE1faW9GUjI5OTZPQ2ZZb3VqMTJmM0pkcWhfeTA5MGRqZkpLZmtLc2dnWTZRV2xHOU9waUg3NEFIeXlROVhvWVNFc1RZbnFad1YwUzJ2OW5yOHMxUkVQRW9RUTJSZjdSanBtNXJBdldkcXFnOERuV1FNcHotNlFJaUwtbWpZTDJn,More,1 day ago,2026-01-02T15:22:13,Russia Cyber,"https://encrypted-tbn2.gstatic.com/faviconV2?url=https://www.scworld.com&client=NEWS_360&size=96&type=FAVICON&fallback_opts=TYPE,SIZE,URL",2026-01-04T06:42:43.064860
‘Wicked’ Composer Stephen Schwartz Says He’ll Back Out Of Kennedy Center Hosting Gig,https://news.google.com/read/CBMizwFBVV95cUxQN2dmeElCbmxTaVlURnFnTUlTV25sXzVEVEtPdXo5bU1WZEpzUnVxMWVYZXZ4WDlKNmdlWnNUWkxBTUtYbXVQOU5vbnlZNWJKSEFQd3hZT0QwT3dKNzJUcVBvZUpyaFhlRzdTZUwwSkpBeWZmV3JQeS12WHBLNmtFQjdfaWNjZENpeEJmMDVBT2VXamJWancwVzVVWEl2RmlYT2t2d2RSOExaaWdiM1lkMmphczhYVzdMTXdxNGVMRWNMSFB5Nll5WXNrM2k4eXM,More,1 day ago,2026-01-02T15:20:37,Forbes Cyber,"https://encrypted-tbn2.gstatic.com/faviconV2?url=https://www.forbes.com&client=NEWS_360&size=96&type=FAVICON&fallback_opts=TYPE,SIZE,URL",2026-01-04T06:42:43.064863
"Cybersecurity Snapshot: Predictions for 2026: AI Attack Acceleration, Automated Remediation, Custom-Made AI Security Tools, Machine Identity Threats, and More",https://news.google.com/read/CBMif0FVX3lxTE5QcHNUdnZXVzdNNWpncWpwNnJxQjk1Tjd2UEVrR25GWENGZUVFVGFEQlZORGZ1enhZVXJ0VTFyWXBYUEFkdEo3NWhYb2NxbmluOVZsdC1PZG1xR1ZXQlZGRHVvd3R6SU9Ud0VfRHNxa29lazkwOFNkYUpqUFdMTlE,More,1 day ago,2026-01-02T15:20:08,Zero Days,"https://encrypted-tbn2.gstatic.com/faviconV2?url=https://www.scworld.com&client=NEWS_360&size=96&type=FAVICON&fallback_opts=TYPE,SIZE,URL",2026-01-04T06:42:43.064865
Google is testing a new image AI and it's going to be its fastest model,https://news.google.com/read/CBMitwFBVV95cUxOeTMyaVk0M2tiSmtBMEE4ZVBjMGItbUxFcUR2bTlGNktzbVpTbUhTdUcxaHYxdDJIM05uV0tvak84Z3NGeU8xYWVPNkNxdng2LVd4bjVVb19TZjBJRHhrSi02d2lidndjeWJLaWk1Y2xUbVdOcHh2ZF9rYmhCbk9NOTZBZ0FsSUpzeTg4Wll1TFhpcVNxM2hfYjE3UFl1M3R2TE9lTW1wLWswdmFOZFYwZGg2UEZ6X1nSAbwBQVVfeXFMTXFoeEg3VGZKVFNRVV9VV2RBLTZhVEJzdFI2NHJBQ1pWVFZjVWJCQjVfc3BZRURycU15ZUFuNW5McXFIMHc2VWN4QVF6TnNxZk5yQVY5STRnMUxLRncyNU9Odk51Z2swUXA3Mm5Qa296OUd6YzhpU0Z4NTVCVW1Vb0hpU0ZwLU90M2Vnb2RzVkR3c0hDdEpxX2Nmem5CdVVoVnctdV9OX1JMejJIa3dzcTFyc2hLcUFmQjNqLWU,More,1 day ago,2026-01-02T15:19:17,Bleeping Computer,"https://encrypted-tbn0.gstatic.com/faviconV2?url=https://www.bleepingcomputer.com&client=NEWS_360&size=96&type=FAVICON&fallback_opts=TYPE,SIZE,URL",2026-01-04T06:42:43.064868
FBI confirms $16.6 billion losses to cyber-crime in 2024,https://news.google.com/read/CBMingFBVV95cUxNM3pjS0xpMVEta2YtVkE4bnM4OV9hdklzOVVPR0RLTzdQMEJLbjFaWEZKdXJZbnpaa1F6WmJ0T0RmdVRtczJHQWNXdkoyVE5oSmxGM2JtU3ZHSVpyN2xzWWtYSERzMzAwYjllUC1LT3laUmNWWHBwU0pZQzF4Sm1yaE9La2pIeFdiSnM1bkpFLS15Q3BtdzY0NUY2X1JrZw,More,1 day ago,2026-01-02T15:13:26,Critical Infrastructure,"https://encrypted-tbn1.gstatic.com/faviconV2?url=https://www.cybersecurity-insiders.com&client=NEWS_360&size=96&type=FAVICON&fallback_opts=TYPE,SIZE,URL",2026-01-04T06:42:43.064870
Windows Defender purportedly circumvented by novel AI-boosted metamorphic crypter,https://news.google.com/read/CBMisAFBVV95cUxNTVNPUHBNbXZobXlLM211VnMxOWIyQU9PY2h3MHlxNk9nOXUtWkZyQi12Wms5ajR3d1MzSlZxZ3hmZFM1MFE4ZWlsM0x2UlQ3bnlSbnVrU0VGb3JNbWJGSl8xX1AtTTlONzJBNDlLaWxVbURjLWNoQ2Naem1QV2RYeHNpVlgwbUI2ODFhLWt6Y1pDbGl3eXdwTTIzUUcwMnRBeTNlOTJrNF90VW9KUXJqUA,More,1 day ago,2026-01-02T15:10:24,SC World,"https://encrypted-tbn2.gstatic.com/faviconV2?url=https://www.scworld.com&client=NEWS_360&size=96&type=FAVICON&fallback_opts=TYPE,SIZE,URL",2026-01-04T06:42:43.064873
Germany’s Far-Right on Trial,https://news.google.com/read/CBMic0FVX3lxTE1EZEFBSE43cUkyVjA5aUNzeVI1S3dmdHhpbmJfa1VxNzZHMl9hS3pCTTdjajZpUjdYdWlkQnhVdElMTWh6TjNIMGFza04tcjVGVk1qbHVaajNOLUxZOWVYRVN0N3c2TzByVVBQLVJIVWNQQlk,More,1 day ago,2026-01-02T15:09:10,Lawfare,"https://encrypted-tbn3.gstatic.com/faviconV2?url=https://www.lawfaremedia.org&client=NEWS_360&size=96&type=FAVICON&fallback_opts=TYPE,SIZE,URL",2026-01-04T06:42:43.064875
Ulsan Whales appoint Kim Dong-jin director general and Jang Won-jin manager - CHOSUNBIZ,https://news.google.com/read/CBMif0FVX3lxTE5Wc2FuSnYxNFVCWTRhZ2lLM0oxWkk5NkxyNEsyNHB1VnJYQzRQNm1yVHFjcjF5b1Rxc3pRbWpOa1c4bjhnZEdmeEs1eEdoZ2o1QlZRQ0xTUU94Ql9QWXc0Q2FTMXNEc0lDbEUta1BhcGE0SC1qZjNBemQwNTNiRWvSAZMBQVVfeXFMTlZ3a0J0eENqTS1YUTMwTzdMZlpqajRmdWZHSjRENU9rd2w3b01zRXl6eloyOTZtZXVVbGVJQ0ttRXhSYmp2Uzk0cnYwMlVqOE1DRWRBUnQ0N3pDLWtneXJwZVREY0tkTzRBbERWdDBjdnYxdEVIZkdiQm5Kc2MxanR1ckNrRE1WTnYtZEZpYlhia0I4,More,1 day ago,2026-01-02T15:07:00,Chosun Cyber,"https://encrypted-tbn3.gstatic.com/faviconV2?url=https://biz.chosun.com&client=NEWS_360&size=96&type=FAVICON&fallback_opts=TYPE,SIZE,URL",2026-01-04T06:42:43.064878
"Ulsan Wales Names Lotte, Doosan Veterans as Inaugural Leaders",https://news.google.com/read/CBMihgFBVV95cUxObWplVWduT2VUamRkY1E5cjBzUG02NWJ3aDFNUm1hSTFVVExkMmp6V1I5Tk8wR2E4aEpHN291T1FpbktZOUQ3RlNtT3BPVXItanJHVFFDRkV1RjF6ME13dDBadEh1cUdMNzNOam9DWWtSTVNaUXpzLXJrcGZPR3psQk9tZFk4QQ,More,1 day ago,2026-01-02T15:04:30,Chosun Cyber,"https://encrypted-tbn0.gstatic.com/faviconV2?url=https://www.chosun.com&client=NEWS_360&size=96&type=FAVICON&fallback_opts=TYPE,SIZE,URL",2026-01-04T06:42:43.064881
"New year brings new privacy laws in Kentucky, Indiana and Rhode Island",https://news.google.com/read/CBMinwFBVV95cUxPSS12Z0xnMkRUZ0tvZmJvVFdfeE8taGhlS0xpVTdXMVJfM0FQUEdlb3RGeDc3NVhyQnhqbW90OVlYSkR1ejEzNnctVXdaeTl6MDNwNmx5OS0zNzFUcHpnR1RnYlc3QkwwYUJCNWV4OVA4bDBGeEMxUUhybFRyTDdVeGZSeXdPZnNOVkYwNG50Nng1Vkpwang4VWhURGdzU3c,More,1 day ago,2026-01-02T15:01:56,SC World,"https://encrypted-tbn2.gstatic.com/faviconV2?url=https://www.scworld.com&client=NEWS_360&size=96&type=FAVICON&fallback_opts=TYPE,SIZE,URL",2026-01-04T06:42:43.064884
Nearly $8.5M pilfered from Trust Wallet in Shai Hulud malware attack,https://news.google.com/read/CBMingFBVV95cUxNY3B1SGpTem9lM3hVWFlPNnBnQnkxNVlxWVVDbDBiV2hHM0VFaWQ2eWRwV2JHdDBuMFZON09lX2M0R1h5SjNucnFNdUxacVFSZUIwVE91Z3U3Ul9oUUNKR3VJMWlYR0lDbkpQcF9ycURrOHZXOW5KN0lpaHdjM0pzQUI3Q3d1OVhCZklLSXc0QmhxVjVCekRWY1dKMTU5Zw,More,1 day ago,2026-01-02T15:01:44,Supply Chain,"https://encrypted-tbn2.gstatic.com/faviconV2?url=https://www.scworld.com&client=NEWS_360&size=96&type=FAVICON&fallback_opts=TYPE,SIZE,URL",2026-01-04T06:42:43.064886
Pebble reboots its thinnest smartwatch with the Pebble Round 2,https://news.google.com/read/CBMingFBVV95cUxNSmdCRENiXzd1Nk1MbTI5eXd5VjBSSmVyNVFMemlIQ2NKMmVZbzhKaEtJZ19BWi1ySmxNdi1OREQyalZuU1NEd2RiNzJLaUZvVUlHN0ZaSTBsVndUc3haMUNRU2VDOHc1RHhRTnZhanA5S3U5UnBEY0ZZaDZvaHRTbFlJRjVkQUllN1BrQnRlZXJSeW5TVTRyaFNYOE5Kdw,More,1 day ago,2026-01-02T15:00:00,TechCrunch Security,"https://encrypted-tbn1.gstatic.com/faviconV2?url=https://techcrunch.com&client=NEWS_360&size=96&type=FAVICON&fallback_opts=TYPE,SIZE,URL",2026-01-04T06:42:43.064889
"Europe 2026 Outlook — Part I: AI, Cyber and the New Capital Cycle Remaking European Markets",https://news.google.com/read/CBMiygFBVV95cUxOOHJHU2F6ZFd3dElxVERrMG5XZzBaeFVxQXZkcC1IbUNPY2kyYkJvRUVFTXJiSVpLOENZRnBYcDFqTHVsMk1MV29CdVpCUDUxUTJkTUl3SDJXOG9jUzk5LTlYUTlWRW5Yb0c1SDU1S3ZoMnJqTWhGZlNJU2xXckpyaEJ0RThjOUp6enZjakFmQnhXX2ZhdXFWTk04T0x2N2szenNZeWdJalRsX2RFZ0VzUWRNNkVfZkFXb19CR2hidE5fMFc3Vk5fTGNR0gHSAUFVX3lxTE55OWxGVHpESUVsUjhsSkdlUkFaeld0THlMOS1iU2JCaHI5S1ZYTUhkM1luQ0dfYVJDb0VpUUVnNHI5M3JRYVVFNk5QVWZULWZVM0QzQzJqdXBtdlJRVnNJMGJBNlB0OU96dkJmdzBzZUpMZHFrVW5qSEV5eWpwYWpWWnhYMzZXekN0UFRiMXRfMU1INDNFbEFpQVNrZXlBUndTdGE0ek8tYlgtcnhrcmdqZjJnZ1U1TElwT3lfZE1iQXNBOTdFelVmM21xZmlKd2F5UQ,More,1 day ago,2026-01-02T14:59:35,Energy Security,"https://encrypted-tbn3.gstatic.com/faviconV2?url=https://europeanbusinessmagazine.com&client=NEWS_360&size=96&type=FAVICON&fallback_opts=TYPE,SIZE,URL",2026-01-04T06:42:43.064891
Tesla Loses Its EV Crown to BYD as Sales Keep Dropping,https://news.google.com/read/CBMihAFBVV95cUxNaTZnVURBLU0xRDFQdGxGR1o4SGFlQ2tIektkb1Z5c1JqS3FtNWYxZ2hNN19sVDN5dDdRdTFOVzU2Yno4Smw0Sk9LcXBQRlJ1YlVGUzhGV2NSSkNYcEs1SGZSOEE0M3NDOUpHd2V2Rko4cXdNaUxCVm1ncW5JUm1OTGJEMzg,More,1 day ago,2026-01-02T14:54:00,Wired Cyber,"https://encrypted-tbn2.gstatic.com/faviconV2?url=https://www.wired.com&client=NEWS_360&size=96&type=FAVICON&fallback_opts=TYPE,SIZE,URL",2026-01-04T06:42:43.064894
Starlink to lower orbits of thousands of satellites over safety concerns,https://news.google.com/read/CBMibkFVX3lxTFBqMUVJN1RpOEVKbS1udlRxUmthNnFyM3Z0RnoxV2t0VTNkWDN2dmpYQnlBTjR4dlctc29Gd3BzcnQzNnZDWEpfcFBWYkVacmwwSGhoYUVsZmFGTXk5QzBBTGZfYl9SZ3JBalBwbzhn,More,1 day ago,2026-01-02T14:44:00,The Register,"https://encrypted-tbn1.gstatic.com/faviconV2?url=https://www.theregister.com&client=NEWS_360&size=96&type=FAVICON&fallback_opts=TYPE,SIZE,URL",2026-01-04T06:42:43.064897
Northern Lights Forecast: 17 States Might See Aurora Borealis Friday Amid Geomagnetic Storms,https://news.google.com/read/CBMi2wFBVV95cUxOWk5KME05T21yWTJ4ajRXTnZqSG9OUE5waURsbnJmVUowXzFfbFdra0FPdnhhdzVMdzk4S0stZVNheTdLdlFER25Pd0M2b3VmWHZGRUlFSURzVEhZVWRoN204dTAzT0tSM1RwaE5aN1dBREEwbUFUdVcwWS1EbklKMm8yUXZtV01ET0piTHRSeVlqN3hyalF2VUhEeW12QTJ4R2dsbjUxTXlzemY3ZXA3ZVVQdlpDaV9tZVJ0eTlwUW5FVjNUdW05UGtNRmNWSEVKb3lZZ25vV0hvR00,More,1 day ago,2026-01-02T14:42:58,Forbes Cyber,"https://encrypted-tbn2.gstatic.com/faviconV2?url=https://www.forbes.com&client=NEWS_360&size=96&type=FAVICON&fallback_opts=TYPE,SIZE,URL",2026-01-04T06:42:43.064899
"Veteran sports in ""Diia"": applications for funds can be submitted until January 20",https://news.google.com/read/CBMipAFBVV95cUxPcy1QSGlqLXpyQUJDbTZEdUNQaDZPaTZPZzY5ZjlTYWlvcHQ0S2hreWhUWGxmZjFudktRX3JLTXp0MHY0NnQtVzY0ZUdleUJ2MkNsVEZUOWtkSUJSZ3pITWxVcjFpb0tIRGVoZGJkN2ZjSUFtRDBxdURORGtKdVVLOEl2alRkam5EeTJMSW15UWtkVHJOdUxwOG4zSWJiVE5yUzd5X9IBowFBVV95cUxPWjQ4UzVnaU9YNjVjVjVzbGNsdFd3MkFpTlNoc2FUS0VEeTVGQjBJdl9SajFtNG00VFh0dC0xYlk4Wk5GaW02NjIwLWZtM0pUUTg0bXdNbDhWRllla25XazJia3M4WkxFbzJnTWhKY1cyMW84Nm9pbFhCR19rbWY5ckYyWjVVcV9UVFg0bkY1SHd2VEZaVjZ2elpYT1lHdkhhYndR,More,1 day ago,2026-01-02T14:39:43,UNN,"https://encrypted-tbn3.gstatic.com/faviconV2?url=https://unn.ua&client=NEWS_360&size=96&type=FAVICON&fallback_opts=TYPE,SIZE,URL",2026-01-04T06:42:43.064902
Finland arrests two crew members of ship suspected of cable break,https://news.google.com/read/CBMie0FVX3lxTE1pdkhuSjA1QS1YdmRUUUw3Rk1nYTh4bG9iS3hSM2VTR2NpR3NoNjhCSG5ncGJCTHphNENUMlNQY2JqMWd0ZVVtUVZ3NkpzTzJ3SkhsckUzb2ZXdm8xcWhSOThvLW5BMHZSWFg4WGRTZ0ZxQUJwVHFJS1ZXbw,More,1 day ago,2026-01-02T14:36:25,The Record,"https://encrypted-tbn0.gstatic.com/faviconV2?url=https://therecord.media&client=NEWS_360&size=96&type=FAVICON&fallback_opts=TYPE,SIZE,URL",2026-01-04T06:42:43.064904
What is Secure Enterprise AI? A practical guide,https://news.google.com/read/CBMia0FVX3lxTE5DX1hJaG9ybXhUTlBKV1dMWDhCdzNFbXdkVGhLckdDdW1JZldLMFA0WVJfQngzNjhyTHhmMmNON3hIVG9jVXNvS1JWMUZrVXpUVzVaTVg3V2hWaDZiUzJycHUyV0MzWWNwU3Rv,More,1 day ago,2026-01-02T14:36:21,Wiz,"https://encrypted-tbn2.gstatic.com/faviconV2?url=https://www.wiz.io&client=NEWS_360&size=96&type=FAVICON&fallback_opts=TYPE,SIZE,URL",2026-01-04T06:42:43.064907
Krebs on Security – In-depth security news and investigation,https://news.google.com/read/CBMijwFBVV95cUxNb0NRRlRGbnp6c3ctUEdCb3RKX3p2RDJQN1NiUVhIcU5ZdHdHeHhZTUNuNHJ0ODN5SDE2b0FrLXB4LVZxYjZ5RXd2eEFEUFdtWDQwak00d3FxVFk2N05RRVVKb1NQQkQzSnhGNHYyNDcwbUpmbFdiM3Y0bWljNks0NjlQdjhlNF94LWljZlFUTQ,More,1 day ago,2026-01-02T14:30:43,Krebs on Security,"https://encrypted-tbn1.gstatic.com/faviconV2?url=https://krebsonsecurity.com&client=NEWS_360&size=96&type=FAVICON&fallback_opts=TYPE,SIZE,URL",2026-01-04T06:42:43.064909
"New Wave of Crypto-Focused Cyber Attacks Targets Wallets, Exchanges, and Emerging Web3 Projects",https://news.google.com/read/CBMijwFBVV95cUxPUlNpeWRTNlk2di1OWEI1c2lyTWdQTmZuZ0ZOdUlLUzk2Vl8wQWlrdmlkVFVCUWxMeDd3TXZONHdIRTlJZ2FVSjR6Qy1RaXNRMUhKblBZZ1NfVGQwOUhEZVFSMEI3cGFEZ0xBZmd3eWVmYk9xTmZqNVR5Sm5saWRqMWhIXzFJWE9IMlBwVFo1VdIBjwFBVV95cUxPUlNpeWRTNlk2di1OWEI1c2lyTWdQTmZuZ0ZOdUlLUzk2Vl8wQWlrdmlkVFVCUWxMeDd3TXZONHdIRTlJZ2FVSjR6Qy1RaXNRMUhKblBZZ1NfVGQwOUhEZVFSMEI3cGFEZ0xBZmd3eWVmYk9xTmZqNVR5Sm5saWRqMWhIXzFJWE9IMlBwVFo1VQ,More,1 day ago,2026-01-02T14:23:07,State-Sponsored Cyber,"https://encrypted-tbn0.gstatic.com/faviconV2?url=https://cybersecuritynews.com&client=NEWS_360&size=96&type=FAVICON&fallback_opts=TYPE,SIZE,URL",2026-01-04T06:42:43.064912
India Spells Out Red Lines for Pakistan on Terrorism,https://news.google.com/read/CBMingFBVV95cUxQOERQNjdsUm9RckhsT01VVEswb3lNWG9zYTJzcHNwTWtzdHgwb2ozdXktZmxJTHFqdE9YSHJ4M1pDX3A2dVdkOC1zSGVCaHYwSmtGRzhWWFM2ODh5c2xCVWNxTVpXMGVZZlpTZXZBN2RQR2w5dUhwQUg1eFR1M1NiVXRaZWV0R1p6ZGhra3ZYRE5NcndhNElGeTBKd3R0d9IBowFBVV95cUxOWC15ZnN6b0lGb2lxdkNpaklPYkh6MzBVaUZIR2hFRlJPLTR2VHpQNFZVelNNbUxZVWktZXdGRS1UbzZQbFVHaDJaUUZMT0VReG5pZERfYlljWXQ1dGRCMlBSMEtsZjVGY2MzNWZaOHAwY05UaTNCbHIzUkpXVzlrX2xCeXlCZ2Mya1V6bE9KZ0lwbkVCdlB5U2dfRHZlLUtDUkxr,More,1 day ago,2026-01-02T14:21:00,WION News,"https://encrypted-tbn2.gstatic.com/faviconV2?url=https://www.wionews.com&client=NEWS_360&size=96&type=FAVICON&fallback_opts=TYPE,SIZE,URL",2026-01-04T06:42:43.064914
Sri Lanka-bound 6 Kg Gold Seized Near Tamil Nadu,https://news.google.com/read/CBMimAFBVV95cUxQXzdleXFuQklMTkc0WXpUOUxZQTE4VHA0aWlmSnExUG5CTTg5UkRJbmZ1MzNxeW1OWWs1NF8wa25sa2MyRWVKNkFORTd6S1FTaVNMVms1U0YxQV9YRFFYVXlpbDhuME54NjFaU1d0RkVKQkNFb0ZtM1NIdGQyVTZhQU5YUHJ1SDZ3NWltWGdSMmdTVVNPYXNjRdIBngFBVV95cUxQeTMxREdpQ01sN2JxelUzWnZENHZnMWVMTUNDcnBfQy11YkNMYldiTGNnUmZxbVExdVIxOGFHeDlwc0hxUjlDSUJmSmJUb1pvT1AtYVdLNDRlSFBTZ0laNTlpWUJmWk9GUmxjay1DTWdvUnZkX255cDVrdWVMN0tHYUc1X2duS2xpbDcxbzZmNUt0ZExCcUFxX1otdzdlQQ,More,1 day ago,2026-01-02T14:21:00,WION News,"https://encrypted-tbn2.gstatic.com/faviconV2?url=https://www.wionews.com&client=NEWS_360&size=96&type=FAVICON&fallback_opts=TYPE,SIZE,URL",2026-01-04T06:42:43.064917
Trust Wallet links $8.5 million crypto theft to Shai-Hulud NPM attack,https://news.google.com/read/CBMitgFBVV95cUxPQnNjaEUxZm53ZWRteW13NDRMdmhqLXlFOS1VQUhKbEVsQ2dZd3R1WjJmS0FhellnN2huS0c5QldLUDc5NmdENmZoWDg0aXVQcmI0dWNNTHRNWk15LVIydkM3WWdCdlA0S010NmhCa3YzRHE5Z0VWTkk2V0dNeDA5SUtIaWl1Wmc0OVZ2RjkwXzlEN19NUWVKRTMyb3BkcDkzYTRIaVc4aTl2WF9uczh5SFBUdTFXQdIBuwFBVV95cUxNaDhsbnVyOVdRcUE3aTJ5N3JYMk1nRFc1R3JhcERZTjJVQzNrS1UxZGY2WkIxdWNGQVc3d3pDcDZwUWoxNlE5TnRXS0FIaWYtZHJiNldHb3J0WExCcjJ2MHdHTGZtLS1GZllJREpGY3JvcmxtOVhmM1BqOEZXZTJ5SUpxV0t6WjV1Rm1pazhtaHR0ckIxamN6blFPVUN4elJMNDdmSUNvYTF1ZjhNbnJvMTZyaHZJMWphQXZZ,More,1 day ago,2026-01-02T14:19:40,Bleeping Computer,"https://encrypted-tbn0.gstatic.com/faviconV2?url=https://www.bleepingcomputer.com&client=NEWS_360&size=96&type=FAVICON&fallback_opts=TYPE,SIZE,URL",2026-01-04T06:42:43.064920
Cybersecurity experts face 20 years in prison following ransomware campaign,https://news.google.com/read/CBMiugFBVV95cUxPbWpkUG5jQklFYmdnOUUweEVDMlFjRnp1MXkycUhCeldJOGJfZmljeWhKb3VBVUNYNnE5T1lzRUZZWlBfNDBxTkV0YksxWUxJQjY1ZmNnMGR2b3VEb3N6bHg4YzBwSUkzeXcyTm1IRTNxZlFsM3NTNnVscE4yaEM5VVhQV3lEeVE3b0ZUblFVWm1MbE03Y2h4MzVUT3MxZEo0M01WdkJkckdubnJjOWROeE9MVE1kWW5UN1E,More,1 day ago,2026-01-02T14:16:08,ITPro,"https://encrypted-tbn0.gstatic.com/faviconV2?url=https://www.itpro.com&client=NEWS_360&size=96&type=FAVICON&fallback_opts=TYPE,SIZE,URL",2026-01-04T06:42:43.064922
RondoDoX Botnet Abuses React2Shell Vulnerability for Malware Deployment,https://news.google.com/read/CBMiUkFVX3lxTFB3ZEZyRWZmR0t1Q1VFaHdyMlRyazhNcnRUMEl4ZG5TdnlZWnZMU19FQVdGLU03dVc0NWdfRTRnUkpSSjZrLXFta1RNdV90QzROTHfSAVdBVV95cUxNbnBHQlZQdF9ZbXVhanJzZEptSTFYX0k0ZXhwWmpvTFM0clhIckxneTdxWFdGOXZteU9uX0RnNWcyNFBUamt2ajl4T2l5eHR5T09CQjFNRGM,More,1 day ago,2026-01-02T14:15:00,Vulnerabilities,"https://encrypted-tbn1.gstatic.com/faviconV2?url=https://gbhackers.com&client=NEWS_360&size=96&type=FAVICON&fallback_opts=TYPE,SIZE,URL",2026-01-04T06:42:43.064925
Handala Hackers Breach Telegram Accounts Linked to Israeli Officials,https://news.google.com/read/CBMiWEFVX3lxTE9FWGJOZGZtandIMFNlbG9Vd0YyY1pDM2dhVlNqcXotekxkOXJLS1RrX01NMnBDU19sYkxJX0VlcGpDNE5fY190TktPNHdQemtuOFkzWF9IcHDSAV5BVV95cUxQOGE5RWlUSzV4NHkwX0JGTG1veHo2emQ1SDR1ZG5VbFhYRlVsdnp4aEg1S3k4YVVsVUNITW13eXo3dG5yR2ZNZ0RPME5aUHphTXVfR2JybEFHSnNuVXNR,More,1 day ago,2026-01-02T14:15:00,Hackers,"https://encrypted-tbn1.gstatic.com/faviconV2?url=https://gbhackers.com&client=NEWS_360&size=96&type=FAVICON&fallback_opts=TYPE,SIZE,URL",2026-01-04T06:42:43.064929
Best of 2025: NIST Launches Updated Incident Response Guide,https://news.google.com/read/CBMijwFBVV95cUxNb19CYVBmY3o3X1FLVmhmSFZDWDdGTUpvMGM0X1VyZFhmTUJPQ3FlRjdKbU51b2FEdGNYSmRCWUlkbTVjaGlXOEN1UVhPX2g2aG1YQUdEd3YxNWRFV1kyTTd3bDNudVRoRjUwZXl1TDduejBhRTBsSHVuZHlMeEI0N3ZVUklzUEhBSDhHWFFpRQ,More,1 day ago,2026-01-02T14:05:45,Cyber Attacks,"https://encrypted-tbn3.gstatic.com/faviconV2?url=https://securityboulevard.com&client=NEWS_360&size=96&type=FAVICON&fallback_opts=TYPE,SIZE,URL",2026-01-04T06:42:43.064932
Cybersecurity Predictions for 2026: The Future of Digital Threats,https://news.google.com/read/CBMiwAFBVV95cUxPWDRSdXplelB1ZW0tMGNMQ1JoYzEwa3h4TllBdUg2QUVmQWhESjZ5NUl5SFpfQVdIek9lTFRFVzJJZmJlMnpON3Y2MWtjeThrakhxNC1IVC1JQy0xc0hLMEJoUFZnalVXVFFLUGdadGZHNVN6TnkzRVpsWkFnMW1abk9fby1BNVlIZlJLTTRSZDZsNm0zcUdzaUEtMjVEVUxLUjNVbEJ6ZXBMR0pnUGZ5M1JwaTQ2RXVXM182SVJseUY,More,1 day ago,2026-01-02T14:05:29,Dark Reading,"https://encrypted-tbn0.gstatic.com/faviconV2?url=https://www.darkreading.com&client=NEWS_360&size=96&type=FAVICON&fallback_opts=TYPE,SIZE,URL",2026-01-04T06:42:43.064934
CTO New Year Resolutions for a More Secure 2026,https://news.google.com/read/CBMijwFBVV95cUxNV3J5aEFUd0hETTR4XzBicDlCUmoyUmQyQWJud2VFcUdtbzdJVm5seWZhTUl2aWdBRVF0b0ZmTzZaNlNyWlp6UXBCMmZwY0xBNERFOHRMMHhWRzNOWGFfVVZEb2JCem5OdWtXZldFczdFVGgtbE0xRlNEaGlyeXhvSWhjSFJuSlA2TkFCZFRNWQ,More,1 day ago,2026-01-02T14:04:19,Dark Reading,"https://encrypted-tbn0.gstatic.com/faviconV2?url=https://www.darkreading.com&client=NEWS_360&size=96&type=FAVICON&fallback_opts=TYPE,SIZE,URL",2026-01-04T06:42:43.064937
Cigna sued after data breach exposes health and claims information of patients,https://news.google.com/read/CBMi1wFBVV95cUxQVUc4LVhZWkZvSHZZTHRGRExvWk9kbml6dmVRZVJfN0duZ2RxWmlQNnlRVmQ5UkQwNGx1bUVaMXVoNUtmWWxqVHloZzZIYjhHM3pJQnhvSk41YllpZkttSDBLM29xSEdua254T1YwTDh4ZHNpLW9UdFZKNHBUX0lRS0ZCQ3hzY0RSajBzaUF6UzI4VkhQd05lOHFaZGt3bkY3a2s2cDhBMFRsOE9qZjlJLVE3azY2RHdTMUF0empRM0xWV2p2RHYxXzh3dDZZTkZoMHhBNEFMWQ,More,1 day ago,2026-01-02T14:03:37,Data Breach,"https://encrypted-tbn0.gstatic.com/faviconV2?url=https://topclassactions.com&client=NEWS_360&size=96&type=FAVICON&fallback_opts=TYPE,SIZE,URL",2026-01-04T06:42:43.064940
NERC Navigates Turbulent Reliability Landscape in 2026,https://news.google.com/read/CBMikwFBVV95cUxQT1dEOUFlWXhwMmJpOEZ2bkMwZ3NRTHpwVDhxZ08wSlNtZ0xhX1owRWw1UTJzOFExMW80ZFZiTm9KUkc2Z1BTOWVXS2Z4NEJ5UXRpRWhpNHhjdWNZbVhGckt2TUNvbHgzamJxVS02X3lUczU0VEpEWmV6bFR1Vm0yOGFHSGV0LWVPT0hjRUE0MFRlY2M,More,1 day ago,2026-01-02T14:03:22,Energy Security,"https://encrypted-tbn2.gstatic.com/faviconV2?url=https://www.rtoinsider.com&client=NEWS_360&size=96&type=FAVICON&fallback_opts=TYPE,SIZE,URL",2026-01-04T06:42:43.064943
DKNY licensee threatened by Russia-linked hackers,https://news.google.com/read/CBMieEFVX3lxTE0yVDBSaTZmcXNFZG5FSUJEQm0xTm5yTF9tN3doRTZsQmpyYWRmYlZka1FRX3ZQa3MxeUw2V2V3akVCNnE5NVBtVW1waXRuTG9HaHJERnRzUnI3MmFUclNwcXJUMzhyVDdKQ2FjMnAwcHJHYl83bDg5eg,More,1 day ago,2026-01-02T14:00:13,CyberNews,"https://encrypted-tbn2.gstatic.com/faviconV2?url=https://cybernews.com&client=NEWS_360&size=96&type=FAVICON&fallback_opts=TYPE,SIZE,URL",2026-01-04T06:42:43.064946
"10,000+ Fortinet Firewalls Still Exposed to 5-year Old MFA Bypass Vulnerability",https://news.google.com/read/CBMibkFVX3lxTE91T0o4LTA4LU04dTNzNkxpSTVvOExfczVUcVl2eTFIRlBtNVFmZ3JyY0RIQzRkVnlqZGtfV3ktVFVWTUNPWFdBMXM3LVJucU9kd1p6cXotcnJjZHZ4clR2UUZlWWs2TWJXLTlFdEdR0gFuQVVfeXFMT3VPSjgtMDgtTTh1M3M2TGlJNW84TF9zNVRxWXZ5MUhGUG01UWZncnJjREhDNGRWeWpka19XeS1UVVZNQ09YV0ExczctUm5xT2R3Wnpxei1ycmNkdnhyVHZRRmVZazZNYlctOUV0R1E,More,1 day ago,2026-01-02T13:56:15,Firewall Security,"https://encrypted-tbn0.gstatic.com/faviconV2?url=https://cybersecuritynews.com&client=NEWS_360&size=96&type=FAVICON&fallback_opts=TYPE,SIZE,URL",2026-01-04T06:42:43.064949
Handala Hackers Targeted Israeli Officials by Compromising Telegram Accounts,https://news.google.com/read/CBMifkFVX3lxTE1FQmVKNWI2VXdQRkNZbkcyN3Uwb3NmNGVqOFhFUW15QWtEbC1fY1JyUFRFTnRCNkhvbXVMZTJnSnZteVZjRDFJTzJ6QWFvbjIzRll5YW5WOUJlLTRBU2tKUU1UbjhQQThLRzJYd25MRC0wWHlreTZ4TUFET0JMd9IBgwFBVV95cUxQU0YwMm05NS1wN211d0RPYkJPY1hLbS12d1FOVXQtdlBIdkE1WjdTbW9MeUN2SEk4eGtnZUlvT2tGVkVlbjRXNEhxQl90V2ZJZHBlellqUnZ6X1BaZlVzWFBhRk9VZWVSV0dnQ2o4RTUzc08weVl2VDBOWVV1cFdWZW9iQQ,More,1 day ago,2026-01-02T13:53:38,State-Sponsored Cyber,"https://encrypted-tbn0.gstatic.com/faviconV2?url=https://cybersecuritynews.com&client=NEWS_360&size=96&type=FAVICON&fallback_opts=TYPE,SIZE,URL",2026-01-04T06:42:43.064951
Transparent Tribe Launches New RAT Attacks Against Indian Government and Academia,https://news.google.com/read/CBMifkFVX3lxTFBRdjNILVNKVmViVnpjZUlxc1Z2RG45Q1o2dHotSlhBc2o1RTc4UnRzd2puZXp6X3FFTUZGOVNYWW1KRGZERUpZOTZadllCdVY1ODhreGtUbHZjdmZXZG15eGE5QlVLaEU1R3luR0dtdjlUT1lqaUFpeDhQTFBFZw,More,1 day ago,2026-01-02T13:52:00,The Hacker News,"https://encrypted-tbn3.gstatic.com/faviconV2?url=https://thehackernews.com&client=NEWS_360&size=96&type=FAVICON&fallback_opts=TYPE,SIZE,URL",2026-01-04T06:42:43.064954
How to Integrate AI into Modern SOC Workflows,https://news.google.com/read/CBMif0FVX3lxTE5meG15V2RWalgycVpBaUdRSERiZ0ZrRXl2SS1yMjJGR3pZVFdMRWRheUFBVlp4WWhrbTM5bjRxTExqY0U2UVNmcHdEaGt5YmNiY1poZ29LOFRieVZ5OU9ESDk3QzNaOThIRWpZSHdWTE5nS3pfbGNvS2xSSEhOVXc,More,1 day ago,2026-01-02T13:47:40,The Hacker News,"https://encrypted-tbn3.gstatic.com/faviconV2?url=https://thehackernews.com&client=NEWS_360&size=96&type=FAVICON&fallback_opts=TYPE,SIZE,URL",2026-01-04T06:42:43.064956
"2026 May See 25% Tariffs, 2.8% Growth, 6% S&P 500 Rise: What To Buy",https://news.google.com/read/CBMisAFBVV95cUxPaGxzdXUyRV9jNVd1N091OEdPclQyQzJjMzBYcHF1UHQxRVJRbUpEYjBWd0I5ZmNCVlV5dDVmb0I5VXJYTWFsRnpidEhpam1iX2NSSG1aU1NhZGk5UHlyOHN6ZGdSR21WNldpLUF0TnZyeE1vODJBRnBfbUE0aGFJd2J3bUxiZVlwNHRqcUNYV2FVNS00dUxyRzI5THFyd005aGJhOU10dnBFTk50Z2RCdw,More,1 day ago,2026-01-02T13:45:20,Forbes Cyber,"https://encrypted-tbn2.gstatic.com/faviconV2?url=https://www.forbes.com&client=NEWS_360&size=96&type=FAVICON&fallback_opts=TYPE,SIZE,URL",2026-01-04T06:42:43.064959
"""The driver sees $0 of it:"" insider reveals where food delivery app fees go",https://news.google.com/read/CBMiZkFVX3lxTFBiNHdyeHpFdWNsN0luY09lbnc0Yjl5SjRvSFloMHFFcTZGQjd4Z0ctdk5ucWhRek5GazZtVGMydjlFV3NyNmNERlZyMlJXVGVRRUsyQ3lFQ19VR2s5eHNUQmlKT0NZQQ,More,1 day ago,2026-01-02T13:40:20,CyberNews,"https://encrypted-tbn2.gstatic.com/faviconV2?url=https://cybernews.com&client=NEWS_360&size=96&type=FAVICON&fallback_opts=TYPE,SIZE,URL",2026-01-04T06:42:43.064962
Hackers Abusing Google Tasks Notification for Sophisticated Phishing Attack,https://news.google.com/read/CBMiX0FVX3lxTFBwSUxaYjNnUWtJVUNMLW9zc1RSNDF6SmpBTk5Fcy1UZGZFZmhXM28zTXQ5UDlDUVlrTmFHMElRYzlpN0NOQlkyWG1HTHFXTTZMZ1hOZHpWS0pRV2RERlg00gFkQVVfeXFMTUtDeUhhYnQ4cUFnZlJNWkZ5Z29TNkFUdFkteDlqZnRyM3Z3djBHb3J4Uk14N3BpMERlckZpYV9UZ0JHdFZMWkZ6eEF0Z0tPSy02MmZmVTJTa1dTb3lYalpDZnljXw,More,1 day ago,2026-01-02T13:36:14,Phishing,"https://encrypted-tbn0.gstatic.com/faviconV2?url=https://cybersecuritynews.com&client=NEWS_360&size=96&type=FAVICON&fallback_opts=TYPE,SIZE,URL",2026-01-04T06:42:43.064965
React2Shell bug used to target routers and IP cameras,https://news.google.com/read/CBMif0FVX3lxTE5JdW91eXJDUjZaazZQUkhtcjVQY192MkROQTZvZTdPazNfZHdGX3p0MVpXNi1Jc3ZReVQxZ01uYlQ0bmFDOVNuZ210ajJnOWF0OWdWbDZZX3ktOHZ2N0M2SjNNMFJEb3pVVkctNlJwNUlLdzV6RjM3T2pfeTdqdjA,More,1 day ago,2026-01-02T13:30:00,CyberNews,"https://encrypted-tbn2.gstatic.com/faviconV2?url=https://cybernews.com&client=NEWS_360&size=96&type=FAVICON&fallback_opts=TYPE,SIZE,URL",2026-01-04T06:42:43.064968
Top CVEs of December 2025,https://news.google.com/read/CBMickFVX3lxTFBXWjJEaDBuWEo5VXFVeHZyZ2FjZTJVVGlSVWotdXY0ajBFdDAwcWRHUDV4RE1TY1o0U0xlQXNDUEhXWDFoOWQzQWotR0dWMTlIOHVwUHRDUHc0ZERzdVlkZWFOOFRzREU5aHprOXZVRFp2QQ,More,1 day ago,2026-01-02T13:21:32,Vulnerabilities,"https://encrypted-tbn3.gstatic.com/faviconV2?url=https://securityboulevard.com&client=NEWS_360&size=96&type=FAVICON&fallback_opts=TYPE,SIZE,URL",2026-01-04T06:42:43.064970
How Remote Operations Centers Are Reshaping Power Plant Operations,https://news.google.com/read/CBMilwFBVV95cUxNN2VDMVFrSXVLVlB1aXQyTTFOOWlsNENJZElENXBvZTFJbDlvXzRXUlRDTkFJWFpBY3R0aERiNnZIM2JUcFhTX2FiSjlNNHlrd2V0OHdyVFNZSFA3aVdyelRNZTJBOE13bzZucFF5SHdIU3hLTTM0bFFRQVV5c1RucTA3RUxCRGRacks0U3RFVjltYzRETGc4,More,1 day ago,2026-01-02T13:18:57,Energy Security,"https://encrypted-tbn2.gstatic.com/faviconV2?url=https://www.powermag.com&client=NEWS_360&size=96&type=FAVICON&fallback_opts=TYPE,SIZE,URL",2026-01-04T06:42:43.065055
Why AI Risk Visibility Is the Future of Enterprise Cybersecurity Strategy: Q&A With Srikanth Ambatipudi,https://news.google.com/read/CBMickFVX3lxTE1kRzNmdS1JVUpqUndzM2tzQmVzUWUyQXluTUJNek9ncVZxcDVBTzB5VnhTNWxWQ2dZYV9nQVI2NEwtUHN4QU1ENnpEQ2JkWk9POGh4SnlKMkpTYjB3VFcwVlFPZm84S3VVYUdBM2hVT0VGZw,More,1 day ago,2026-01-02T13:16:35,AI Security,"https://encrypted-tbn0.gstatic.com/faviconV2?url=https://www.iotforall.com&client=NEWS_360&size=96&type=FAVICON&fallback_opts=TYPE,SIZE,URL",2026-01-04T06:42:43.065058
DarkSpectre Browser Extension Campaigns Exposed After Impacting 8.8 Million Users Worldwide,https://news.google.com/read/CBMihAFBVV95cUxNc3VOeGcyV21UeHVXcTJEbHBQZklPdW5KYUdqdlBXRG1xeDJpYi0za2dpZzBXbHBvZk9obWtpY3A4OGNGOTRNZzNaN0tWQ3lWYXRoclVhZ2VxLS1IRzVWcjJXZmFQNUVoUU1YSTZMRmEyd0llbHIzX3o3blhEX0NDbW1pN0E,More,1 day ago,2026-01-02T13:10:06,The Hacker News,"https://encrypted-tbn3.gstatic.com/faviconV2?url=https://thehackernews.com&client=NEWS_360&size=96&type=FAVICON&fallback_opts=TYPE,SIZE,URL",2026-01-04T06:42:43.065060
News Archive | January 2026,https://news.google.com/read/CBMiVEFVX3lxTE5qd1JJSHk0ODJYdkRqTzJlWUlqMG40ZVhhTjBjemNJWGF2Z19TcEdVRGhGRm9zY3d1UTB6WnJRa3lwTlVzWHNad1lmc3Y5MXFJVWpYNw,More,1 day ago,2026-01-02T13:06:48,ITPro,"https://encrypted-tbn0.gstatic.com/faviconV2?url=https://www.itpro.com&client=NEWS_360&size=96&type=FAVICON&fallback_opts=TYPE,SIZE,URL",2026-01-04T06:42:43.065063
Friday Squid Blogging: Squid Found in Light Fixture,https://news.google.com/read/CBMiowFBVV95cUxPam9aRmNsUHgtNWo1TmdwZnhRbWc4bW5fUVBYczZQdjM2QjFJcHpnUDRoTDBfQVNWR3NiTldKT1NxalQ5U3FzTWxSbDMxRjVFcDJkcGtOUnctX3U1enVSU2hpVGVITWRma1lkLTNYZ2tVY2R1aGs5bmVpY0FsdC1uRW9GXzE5VXhtUXdYemJjY1VicDB6RHdRaUMtS2ktUU0yV2xR,More,1 day ago,2026-01-02T13:05:00,Schneier on Security,"https://encrypted-tbn2.gstatic.com/faviconV2?url=https://www.schneier.com&client=NEWS_360&size=96&type=FAVICON&fallback_opts=TYPE,SIZE,URL",2026-01-04T06:42:43.065065
"Europe has lost the internet, Belgium’s cyber security chief warns",https://news.google.com/read/CBMigwFBVV95cUxQOTVITDE0VVhFM2J1aUQtUDh3eXdkVXIzemRLa19ySURuSXA3QzNJbnRBZjd3cXlQajZQczN2ZVlCQTlZZHlva2tLZXFUbkdCUzlkZ0ljclZpREVnclZWaWJXYjUxaWhIdXFqcC1QWkpIR1p2Q05UNTNycHNNb3QzaV9Raw,More,1 day ago,2026-01-02T12:52:18,CyberNews,"https://encrypted-tbn2.gstatic.com/faviconV2?url=https://cybernews.com&client=NEWS_360&size=96&type=FAVICON&fallback_opts=TYPE,SIZE,URL",2026-01-04T06:42:43.065068
Hackers Abuse Google Tasks Notifications in Sophisticated Phishing Attacks,https://news.google.com/read/CBMiY0FVX3lxTE9uN1NocHdRZDVnbEN3dHViaVJsVVAzWEY4MnR4dk1rRmpPUVlHZWFpR3dYcVZHQ2xJRlFlcHktTWhNenhmOXRtVlFQc0Y0Sjg3anZpaWQ2eUlsYnZnYm1Wb2xVYw,More,1 day ago,2026-01-02T12:51:46,Phishing,"https://encrypted-tbn2.gstatic.com/faviconV2?url=https://cyberpress.org&client=NEWS_360&size=96&type=FAVICON&fallback_opts=TYPE,SIZE,URL",2026-01-04T06:42:43.065071
Dark Wolf’s Oliver Sadorra on Harnessing AI’s Potential,https://news.google.com/read/CBMijgFBVV95cUxQZi1xb3NNMkJSb3BoSUJoaWx3NHBtNmhzQXVLQkJySUxPSUpRbUtCLUQ1aE5qeEtFX1E3US1pa1ptOTFaT0VWcXcyS2tfU3hRRVBzdFlPS0tNQUtTWU56UW5YUGx4TENpZVpVVzVHaUpwc1h3NlUyLVV1d2xwNjdoQjhXODRhYzZoaDlub0xB,More,1 day ago,2026-01-02T12:46:32,Advanced Threats,"https://encrypted-tbn1.gstatic.com/faviconV2?url=https://www.executivebiz.com&client=NEWS_360&size=96&type=FAVICON&fallback_opts=TYPE,SIZE,URL",2026-01-04T06:42:43.065073
"GBHackers Security | #1 Globally Trusted Cyber Security News Platform | GBhackers Offering Exclusive Cyber Security News Coverage, New Research papers & Technology Updates.",https://news.google.com/read/CBMiY0FVX3lxTE5wdWZWTWh3YjFpN2NsSE9UU3hvazhhemtoeVVGcld3MEw1Qi1QQTZON1FpeHN4Y24xekNnTjA3NXRHaDQwV1JqSUNVSFQ1LVlUSFNaSkJpZy1uTk9wUy1idmcxQdIBaEFVX3lxTE5lMTVqT3ZBOFlxS0Z5SEpNTkJzVmpuSm04ekM0RzRVUUowTXBDSzUzS0pDZkh5SmhRdlFQYko2UzdVX0hlMnI5UlZ2V2Utay1IMV91UHVOekRLNmFabF9LeEhrbngxRl9P,More,1 day ago,2026-01-02T12:45:00,GBHackers,"https://encrypted-tbn1.gstatic.com/faviconV2?url=https://gbhackers.com&client=NEWS_360&size=96&type=FAVICON&fallback_opts=TYPE,SIZE,URL",2026-01-04T06:42:43.065076
What Is an Attack Vector?,https://news.google.com/read/CBMiWkFVX3lxTE9LODV3bkxLN3E5UENmeWo4WUJMQ1NVV3kwNGNkamoxLVRtNEh5aktqN2F2aU9CZ0JndmdUUEU0WG1HaUpYRlZJOFk5ZzlMc01PWVoxUVB2aWN0QQ,More,1 day ago,2026-01-02T12:44:12,Zero Days,"https://encrypted-tbn2.gstatic.com/faviconV2?url=https://www.ibm.com&client=NEWS_360&size=96&type=FAVICON&fallback_opts=TYPE,SIZE,URL",2026-01-04T06:42:43.065078
Iran Offers Ballistic Missiles for Crypto to Evade Sanctions: FT Report,https://news.google.com/read/CBMiugFBVV95cUxNTC00aHpXeFhXRF9WR2liUzNUekdRVjJQM1VuQmtJaWVkVjdaWEhKQzV2Ulc4Vkszd1hROUdibXVHWHZ5dUprZmdZdW5mcWxLYXJmTmxTXy0zZUNGanRDMUxIV28xUFU4X2x3d3JONGl2Y1lRazZZZUJzWm5xd1lrTk5WVXYyYXlyb0pnOHV1RHpEamR4RzFiRmV0MEswOWZZanZTUVpiY0x5QXdNNWs2VHNxUE85QnFFd0E,More,1 day ago,2026-01-02T12:35:21,North Korea Cyber,"https://encrypted-tbn2.gstatic.com/faviconV2?url=https://www.bitcoinsensus.com&client=NEWS_360&size=96&type=FAVICON&fallback_opts=TYPE,SIZE,URL",2026-01-04T06:42:43.065081
ServiceNow predicts more than one million new AI-driven jobs in UAE by 2030,https://news.google.com/read/CBMivgFBVV95cUxNeVhZQUt6QkdUSTAwMUItcnA5SkxfODkzVmlwV0FMXzhGcGdxLXVsZm1IS1BST25LREdSUnZlTHdPc1pLWlBYRlE1c1NyTFE3dUtiWGg0bEw1VThZcFlMSlpqWVlGc1BRR0JaUEhTc1ZQQXQ2R2VIQ3cwWGhXTkhma0dGMzhPM1Bza1d3RG5iVUs3TXU2ZTlrTlpQbldBV1hlbWZ3bVM4eFdoMmpKSm5NdzZROG9lYlVCLXo5Q3dB,More,1 day ago,2026-01-02T12:34:20,Computer Weekly,"https://encrypted-tbn3.gstatic.com/faviconV2?url=https://www.computerweekly.com&client=NEWS_360&size=96&type=FAVICON&fallback_opts=TYPE,SIZE,URL",2026-01-04T06:42:43.065083
"Watch Tech Stocks to Climb 20%-25% in 2026, Says Dan Ives",https://news.google.com/read/CBMiqgFBVV95cUxOelRhd05xS1JCVkFwbVg0U0hSNGlHZjYwTjlnZk5XU09fUURMcTd0SUFCT0Q5TFAxb1FhTGxUbEJIZVBXLXhDUVNDM0JsbmRobGZzREdGcjM4VkpoOEU0S0t3MXNyUEJVcEttVmQzcFJpRU5nSm8tWFVlMEctMVA3bXo0TjAyU1pVZFBfQjEtazFmaXBQUnpJaWhqZW94eThjRGN1WHpSMnBvUQ,More,1 day ago,2026-01-02T12:33:26,Bloomberg Cyber,"https://encrypted-tbn1.gstatic.com/faviconV2?url=https://www.bloomberg.com&client=NEWS_360&size=96&type=FAVICON&fallback_opts=TYPE,SIZE,URL",2026-01-04T06:42:43.065086
From AI Hype to AI Risk: Cybersecurity Experts Share 2026 Forecast and Predictions,https://news.google.com/read/CBMiwgFBVV95cUxORHduN3J5dDIxRWFRcTdseWlPUUtZWlpaa3h5eDNMbmhzcjM5MzVzZGpyclNPS2R4N2Z0NDBCQi1RVnJqMGc4dDdZdXlTeEcwNHhYb1M3ZlRJdDFCZEl5bXpUX2NtQ21xNVNwVEU4eGFKV2VXYkR4cVl0U18zY25VOTRkc3BJM2tMdTVxZm9UVndjai11VlpTQURzY09WYU1fSUk3dlJDM0oySmhHZ09RVVVXYzJtamNmMVUyMnZVSXRkdw,More,1 day ago,2026-01-02T12:30:05,AI Security,"https://encrypted-tbn1.gstatic.com/faviconV2?url=https://news.clearancejobs.com&client=NEWS_360&size=96&type=FAVICON&fallback_opts=TYPE,SIZE,URL",2026-01-04T06:42:43.065089
King Charles gives award to LockBit takedown architect,https://news.google.com/read/CBMibEFVX3lxTE15NU80M2JSVVppbGJuNEVhQnVsZFFsV0VZcjQwX1JXc2RNMktKanN1SWFaZndFSk1RQ0hldTExbWlFUmY1MUdnaTVfbjdjRmdXb182R2JNTkFTUjJnc3FNeHNHTm92ZDNfa19ScA,More,1 day ago,2026-01-02T12:26:00,The Register,"https://encrypted-tbn1.gstatic.com/faviconV2?url=https://www.theregister.com&client=NEWS_360&size=96&type=FAVICON&fallback_opts=TYPE,SIZE,URL",2026-01-04T06:42:43.065091
The Traitors attracts record-breaking viewing figures for return episode,https://news.google.com/read/CBMirAFBVV95cUxPSWxkOXBOYTA1N3NDd1BNWWhUbDcxUGR3Mi14TnRyOW9DVERKOVM5UmNlUkxEOWlMeUF5M2tqUVNxa0t6aHpBM280VEk2NDU1WEE3MTZPRHlLVUpERmtKM2NxUDR0UzlsRlpQTWkxbWYtUDkxR24tcTFNMkMzYWxvRmVUR0JqN3lBU2VVaG1qLU5mRkRNazhDNzlwSWJJSzVXTHBta3NPQy1EN3Zn,More,1 day ago,2026-01-02T12:20:00,Independent Cyber,"https://encrypted-tbn1.gstatic.com/faviconV2?url=https://www.independent.co.uk&client=NEWS_360&size=96&type=FAVICON&fallback_opts=TYPE,SIZE,URL",2026-01-04T06:42:43.065093
Porsches across Russia mysteriously shut down — is this a James Bond–style cyber hit?,https://news.google.com/read/CBMi6AJBVV95cUxQRDVVdUNQVXlMSDgyVE9pY2pIWnV5RFRweVVHTG9zamNEeU9hTGc0WVVPZm1CWUstckM2SVhtSmZhNW1rajNUMUxyT2M4YThraDUtVjV2TVlWcDMxa2lqQzJJeERuSWlrZ0FqeFRhY1dHNzVVOUlad3c2SnRpY0o0N0xDNDhoaTlZZ0lKU3NHWEhYRHFHSVV5VXdlQzdBV3Fobm9vWFZTNFJKcDkzSDZiYlhPOHlCWmZDRkt5ZjlVOWJpRFE1dXVSMlhKOU5zOFBUVDBiLXpmODBwVlM0b005R1ZiaGpDOFZxaXgxa0I4WUZHT3hQeUF6UkstQWlINzlSZHhLQTFaQ1VLakFPVndhY2UtOXRvQlh4RHRlTlA0WlM5a2syZWVhR1ZNR0ZKczdONHRYSjNiY2VERjgyelU5bjNpRi1PRlM5UVVZX0tYNklQY1c5eFhXMVZQNFhBTFFRbjlvaDVESEc,More,1 day ago,2026-01-02T12:17:09,Russia Cyber,"https://encrypted-tbn2.gstatic.com/faviconV2?url=https://www.msn.com&client=NEWS_360&size=96&type=FAVICON&fallback_opts=TYPE,SIZE,URL",2026-01-04T06:42:43.065096
President Trump Orders Divestment in $2.9 Million Chips Deal to Protect US Security Interests,https://news.google.com/read/CBMilwFBVV95cUxQSFFuVHpjV0lOWWVXT2tnemFXXzRQTlhpVG9HYi1lRERTZEVSTU1LajRhSkxra3RTSERUNFVMcVJjT3RTVTlkN1Foa0ZqM1JlMmhiUzF2c2hSeFM1dkNPUmYwWkJPc0kwTWFBZ0hjR1pqZHQxSDZiblZubnRNb1RpbTlNYTJvS2lzaS11TFNsUEpoQUJzdWhv0gGcAUFVX3lxTE9uQmU5ME5VVWhtcUdBcW9Db2V1eklOck84UHdsdmNYNk9UclM1VGlsX29BSVNqbmpGRjJZaU9sbnZycGQ1Qjk4YjlMTkpYSlhCakFhSW1hRE10anFSNjhacUNQZ1NWQ2xORWdBTXNuN0NVNzMxTGxwUTA3Wm5LVzg2WmJfUHZPM04zUWc1UjItZGo0ZGZULWlDV0l0Qg,More,1 day ago,2026-01-02T12:08:33,SecurityWeek,"https://encrypted-tbn3.gstatic.com/faviconV2?url=https://www.securityweek.com&client=NEWS_360&size=96&type=FAVICON&fallback_opts=TYPE,SIZE,URL",2026-01-04T06:42:43.065099
AI in Cybersecurity: Predictive Threat Detection for a Safer Digital Future,https://news.google.com/read/CBMiowFBVV95cUxNVG1xYy01T2hhNFMyc1ZxRWl3dWlVemVRM21hWlExLV9UMkhQcTE1NHJQR2tyQkFaUUlfOGNNSTNLTUUxUkpuTlBXcnZSMUd6VVJjYUpBR0dQaDVLWGFjWXlNY2hSaklQOThjZ0NYa0xSUElXcEF6eTU4SkdFRjJLRHRlN0pIQzVMZ2twenJFejJfMVpRSG5TOVhpdjRsZnNHOWZV,More,1 day ago,2026-01-02T11:56:26,Supply Chain,"https://encrypted-tbn0.gstatic.com/faviconV2?url=https://vocal.media&client=NEWS_360&size=96&type=FAVICON&fallback_opts=TYPE,SIZE,URL",2026-01-04T06:42:43.065101
Want a long-term equity market return forecast? Just think of a number between six and seven,https://news.google.com/read/CBMicEFVX3lxTE10Qm1URUZ2YTZPM0V1cVFtajg5VUJ3bVYzMU1OUVFzUFhMMkluRVAwanhVbHFuODZSbjk1bFlmelpjdXlYd3hpNGxUb1BtNmVnZG16aHI2LU02NnJLdE5mc0VQWFpoZ05ORHNmUmVrek4,More,1 day ago,2026-01-02T11:53:29,FT Cyber,"https://encrypted-tbn2.gstatic.com/faviconV2?url=https://www.ft.com&client=NEWS_360&size=96&type=FAVICON&fallback_opts=TYPE,SIZE,URL",2026-01-04T06:42:43.065104
2025 Cyber Threat Landscape and 2026 Resilience Roadmap: SecureClaw’s Global Perspective for Organizational Leaders,https://news.google.com/read/CBMihgJBVV95cUxNZktSMVhpbzFyTHBuaU1EYkVSWHlhT0wyd3Y1d0RPZzAtb1kySVYzWTktaXRWYmtWc0haQnY4NFpaZWNWaHNMWE9hM2JPSkF3UGtQU3Nta24tVTN4SWFUSzFqbkJJX2w3MWNpUVc4dWNndnl3U2s4ejk4WVB3MGRsUEJ6OXpNNk00V3otMUVDWUJMMUp3cHZhTXJrU3NIVTAxQ0hVVS1VMEVCNzdBLVo5SjF1b09MeDg2cHBnX1ZzcTJ5NU5LWUNZRmxLRU00bVZieXJTMDgyNEpBZ01TQUR4X0xnd3JMMnJDMjhhTzllQWs0MjUtUWxES2VFQTktdE45a2FoeXFB,More,1 day ago,2026-01-02T11:47:07,Advanced Threats,"https://encrypted-tbn2.gstatic.com/faviconV2?url=https://www.news-journalonline.com&client=NEWS_360&size=96&type=FAVICON&fallback_opts=TYPE,SIZE,URL",2026-01-04T06:42:43.065107
Large-scale reboot of state power and the fate of the Commander-in-Chief of the Armed Forces of Ukraine: Zelenskyy answered the media,https://news.google.com/read/CBMiqwFBVV95cUxPVWlYblRPSGUwMjhmYUVjWkFnQnRKQ0xlNGhjVGRsX2lYNnFOWXpwTTFPb1dpWVNfSE5CQVBjdVJnTVZZZGNqWnJWWmVla3V3dG51RkdfdEpBZWF3alhXa2o1VXZoS2tRdVNrMEo1MU4wejlDZGwtOXRWVW45QXNEeEgxWVQ4eG1tVlVSRkh5UzZfWmZ4akk2RTJ2THVIZGtiY0kwSXhLTW1LcVXSAaoBQVVfeXFMTm1BQ0xkUmhQeVNXR3lfbndPWTljandHVktZNFRzazBZUU5wMGtsbzhJdGFGQ2JMdEhwUUlVN0lMQzFadTB2V0RRdmM0dzBYdXc0eDFXdUpYblhUSThlOUhWZzBfSncxbXBzVTY5dlNqdDlONTNOQU9aUVMxaVdqX2Z1UkFIS1N0Nl9jZnh0M1RqU0syZS1xMXRxWVd0ZDBsLVFxSUtGbW9FS3c,More,1 day ago,2026-01-02T11:37:21,UNN,"https://encrypted-tbn3.gstatic.com/faviconV2?url=https://unn.ua&client=NEWS_360&size=96&type=FAVICON&fallback_opts=TYPE,SIZE,URL",2026-01-04T06:42:43.065110
The ROI Problem in Attack Surface Management,https://news.google.com/read/CBMifEFVX3lxTE4tcHNkcC1SWUt3UGw0cmY4cmctRXhTcVd2NV9zejFaNVRkdUVjWmdudm9JUVY0VDZFMG9mUVBQcTBKVGJZVmRZb2RFREN0YmQ5TmtLOGNhbEZxcEc1ZktTRzdUWGNSbDNLY3UzM1FDelRySU5JRnhQbGl1NjE,More,1 day ago,2026-01-02T11:30:00,The Hacker News,"https://encrypted-tbn3.gstatic.com/faviconV2?url=https://thehackernews.com&client=NEWS_360&size=96&type=FAVICON&fallback_opts=TYPE,SIZE,URL",2026-01-04T06:42:43.065112
UK firms aim for growth through AI investment but lack of talent is a concern,https://news.google.com/read/CBMixAFBVV95cUxNVGktV1JLcDEtTUR3T1hndjFLTXk2TlhVQXo5cm1RY2FsNUJQMTFSV0VyU3ZIc2VQV3JEWFIyR254OWpZenljM05ua1J2OVZRYW51amFHMUtWZElYd2xfVmc2RFVXd0VGQ0Zrd3VRbU9XNndxY0ZDX2tYejFSUTdWWEliY3h2U1VJeFNjakI1aEdyMGFxd1g0TW5mZEtYbFdWemx4LUF5OTd5V09ESHllcnRUbHZRNUd2Tkp3Nld5RU9DN3lt,More,1 day ago,2026-01-02T11:23:29,ITPro,"https://encrypted-tbn0.gstatic.com/faviconV2?url=https://www.itpro.com&client=NEWS_360&size=96&type=FAVICON&fallback_opts=TYPE,SIZE,URL",2026-01-04T06:42:43.065115
RondoDox Botnet Exploiting React2Shell Vulnerability,https://news.google.com/read/CBMiigFBVV95cUxNVVpOR3RtQnpnMGxURGxUWURLSU5obGN1R2RZRVQ3cV8tdXZxZTNwQVpVZ0ZEOTFoampWdEw3eS1MN1RzYUdwMGNMWTVyR0NVSXVDT1QwYjZmaHJpVHBQbEFKcHhTam5MSUc2cU10UmROWFphaDQ3WEpMZjVqUFJ1NjJGbnA4dXZ4WEHSAY8BQVVfeXFMTXEwQ21vcFhhMGpnOGd3S3V1ekVpM01TVHVHZjR4OFZMZkpNb1NtanRBeTE4MVI4ck9uREpfdjFDdUg2b2NwekVkTTN5SGdLOVRscjBzNWZyNjRPM0tySzhUSW9HcllueW05aFQ3dkFHemphQ2QwRmk0ZzNsd29LQ18tQWFsa01PTWE2SndYY1U,More,1 day ago,2026-01-02T11:12:02,SecurityWeek,"https://encrypted-tbn3.gstatic.com/faviconV2?url=https://www.securityweek.com&client=NEWS_360&size=96&type=FAVICON&fallback_opts=TYPE,SIZE,URL",2026-01-04T06:42:43.065118
Hacker Group Claims Responsibility for Alleged Tokyo FM Broadcasting Breach,https://news.google.com/read/CBMihgFBVV95cUxPVmNYYUVqN2lkNDJHTDJtZVFhcng4bGE2TkJvSUZsQkMzNFdCUDlMY2dub0xmRnoxbkpBXzVwSHVqNlpOT1pWSzlKZmphM0hOSDdSZUlJUlc5Snc3UVdrT2JyR1hXckgxQkFnUkNmc0ZMSnhRWDJFUVNpZWRxNDNKSU1qeVFEUdIBiwFBVV95cUxPUC1PSUlJTUhicHFYeWhpSk11ZHpWX3JCV1lIVWg4VDU3M1lsNVNaMkwzVDBrd2U3eVR1d2I3amtVeExVR2dNQU4tbHU5Wkd6c2VxVDBockJ2Ni03S1ZOU1lOWVM4aFB3eFQtUnlic0tjUDhkcTU1Q1puaWxCR1h1V0dNLXp4RGtLbHhr,More,1 day ago,2026-01-02T11:08:04,APT Groups,"https://encrypted-tbn1.gstatic.com/faviconV2?url=https://gbhackers.com&client=NEWS_360&size=96&type=FAVICON&fallback_opts=TYPE,SIZE,URL",2026-01-04T06:42:43.065121
Lee Jae-yong outlines Samsung management plans at Seocho dinner - CHOSUNBIZ,https://news.google.com/read/CBMiekFVX3lxTE9ZTmRnWWE2VTEyZm1oSFR4WEZRS3VsSTFvS2F6TXVpXzFMOWhwTTZvcTlPalNLS0ZsMjNfTllJZUd6a3pDODRNNGltSXAxdlRYWDZGWUI1aWRmS2IxVUxjN09wQUJ2eXd3VGVyOEQ2RkJIT0tZdm9paGJR0gGOAUFVX3lxTE1NYkVSYlAzT0p3RHNrSXRkTkpwYW13Z1JVbFF0dEI0T3cxQ0xjaURwb0MxQUl5Q2YtUEdGUU9YYjlMY1kyOFpZWXowaHktcUg1QUw0YTRWX3gzbVdYNFdta3RKMVAzYU9xaG9QejhIa2hxUm9STW9scHF6bUdVcllNUXVPRUtOem4zemNWUnc,More,1 day ago,2026-01-02T11:05:00,Chosun Cyber,"https://encrypted-tbn3.gstatic.com/faviconV2?url=https://biz.chosun.com&client=NEWS_360&size=96&type=FAVICON&fallback_opts=TYPE,SIZE,URL",2026-01-04T06:42:43.065123
VVS Discord Stealer Using Pyarmor for Obfuscation and Detection Evasion,https://news.google.com/read/CBMiXEFVX3lxTFBSZEJSSW1sYmx3ckwyenZJVEdCNjIzMUpBb0hzQVptWjdsaG5BWXcxY1h1a0h2WDNVY05zdDZxZ05tcDJ0OXlkbllUbW5GWXp4bzhIenFXMUNZaWlp,More,1 day ago,2026-01-02T11:02:05,Unit 42,"https://encrypted-tbn1.gstatic.com/faviconV2?url=https://unit42.paloaltonetworks.com&client=NEWS_360&size=96&type=FAVICON&fallback_opts=TYPE,SIZE,URL",2026-01-04T06:42:43.065126
"Cyber Risk In 2026: How Geopolitics, Supply Chains and Shadow AI Will Test Resilience",https://news.google.com/read/CBMihwFBVV95cUxONC15Uk1TVGpoNWFSelFxX1dOTUlubTdEN20yMG9weFBJdXZHSnBVUjkwb0FEbkVyempPUUVic2wzOTRoVlhFVVZNUlVEc25nc096UXR4cnJmNFBzTjZvZDJBelpIV1R0TXVyVU9tNlIwNUl1bkx2T1ZoOW5rTUZ1SDZfZUlkY1k,More,1 day ago,2026-01-02T11:00:00,China Cyber,"https://encrypted-tbn3.gstatic.com/faviconV2?url=https://www.infosecurity-magazine.com&client=NEWS_360&size=96&type=FAVICON&fallback_opts=TYPE,SIZE,URL",2026-01-04T06:42:43.065128
"Cybersecurity News: NYC Inauguration bans Flipper Zero, UK taxes crypto, Finland seizes ship",https://news.google.com/read/CBMiswFBVV95cUxON1VPRnVXdUliOWM1OEhJTjJwY1Z2NDhqYk5jMHJPYVRiT1RJSW9fbXc2OTNNMGpEMDZiX0RveXg1Ukh4eFlZNmp6ZWRDcmJLdEp0eFlsZW4zZjFVY0JfV25LZWxVZU5MTjBEdnFNSUhFa05GMjQ3MFhIdG52WXNWV0kxYTI0Y2VzSEtJNk5oSGRxLXJvTktTaWNXX2c2ajNHZDlGTzdZUktHVFIzbmNhS1h3bw,More,1 day ago,2026-01-02T11:00:00,Cyber Attacks,"https://encrypted-tbn0.gstatic.com/faviconV2?url=https://cisoseries.com&client=NEWS_360&size=96&type=FAVICON&fallback_opts=TYPE,SIZE,URL",2026-01-04T06:42:43.065131
Trust Wallet says browser extension compromise related to Sha1-Hulud incident led to $8.5m theft,https://news.google.com/read/CBMiigFBVV95cUxPYXZnR1lwdGV0eG1FZUhoR3Z5UUVod19KOFllRnFEekpGYnN4al9OUFZmWVhNUFNQNmp1cGdESTE3Q3M1Z19PWThIY2N0ODJkdW1aSldmQUZHWW0zS1dvR0dJZHQxTXd4RHU5Nl9jRG83cmhUQWhZeXJ1RDJoRERnSW54YTFVT3ZWRWc,More,1 day ago,2026-01-02T10:55:45,CyberNews,"https://encrypted-tbn2.gstatic.com/faviconV2?url=https://cybernews.com&client=NEWS_360&size=96&type=FAVICON&fallback_opts=TYPE,SIZE,URL",2026-01-04T06:42:43.065134
"Long-Lived Technologies: COBOL, C, SQL, and Legacy Systems",https://news.google.com/read/CBMilgFBVV95cUxOUWI1c3VKUi0tX2VISXdPRWVRa1lwZmdEYjRnMThtd0hvc3RCNHA3YUJLRVhBcG1UaWlHa1MzQl9MRVJNVUFKS3BFR1VIVERsWmdFT1Y5WUoyY3RncXpzYUo4WHRkSjIyYUxPUnB1ZmxQZ1VvMDBsNG5lVzk4aDhWNnVkS3Z4QmdLdVhSM3I5QTVqSk90YWc,More,1 day ago,2026-01-02T10:52:58,Red Hot Cyber,"https://encrypted-tbn0.gstatic.com/faviconV2?url=https://www.redhotcyber.com&client=NEWS_360&size=96&type=FAVICON&fallback_opts=TYPE,SIZE,URL",2026-01-04T06:42:43.065136
UK manufacturing recovery picked up pace in December as demand grew,https://news.google.com/read/CBMimgFBVV95cUxNdzZfZFZZSVUxSmZBbkR3aWtZOTAyclRRR2VQUGhMTmgtbVAxblBSRGJGTURJT3V3ZlZZTkVERWpwWElwVUhWWlFtb3VlRm5BckVJVmNsTnJUb1FhOU9BT3lPV2Q4OUpjMUY5VHh0TElNWkpGTENlbi11bm1RV180ZE8zdC0tRDJCaXYzTmJrbldKSGc5dFhlekhn,More,1 day ago,2026-01-02T10:48:00,Independent Cyber,"https://encrypted-tbn1.gstatic.com/faviconV2?url=https://www.independent.co.uk&client=NEWS_360&size=96&type=FAVICON&fallback_opts=TYPE,SIZE,URL",2026-01-04T06:42:43.065139
UK factories pick up a bit of speed but outlook worries remain,https://news.google.com/read/CBMinwFBVV95cUxPS3hZbVpOMjJlWTh2SU53bG4wSFY4TG15LVNLc0JNZVZsZE9iMUxLMjZFUGhxY20zbTVjbjhZZzhrQTEyY2djazRZTWpHSVhhZmdwMl9OX24teUUzTXRQRjZXYzBQMjZWU0hKYWhKSnVSSU9xNWkzQVpRRWRPMzR6aXZUbHJkNm9Nak9uZ1JkOGpNRm8tSlYtRHRrTmlOYVk,More,1 day ago,2026-01-02T10:47:00,Reuters Cyber,"https://encrypted-tbn2.gstatic.com/faviconV2?url=https://www.reuters.com&client=NEWS_360&size=96&type=FAVICON&fallback_opts=TYPE,SIZE,URL",2026-01-04T06:42:43.065141
"All posts tagged ""Covenant Health""",https://news.google.com/read/CBMiYkFVX3lxTFB3YWhOVUJldnFxVHdLeEFBbW1QOWdIclRBZmxSZlBTVmhhNG9zVmFkbk94Tkp3SzlXN1NiS2I4Rkl5TjNDQ2JmUlBWOGVuYWdJSjlnZ0Z0RzhZdXMwNDhMVmZR,More,1 day ago,2026-01-02T10:39:08,SecurityWeek,"https://encrypted-tbn3.gstatic.com/faviconV2?url=https://www.securityweek.com&client=NEWS_360&size=96&type=FAVICON&fallback_opts=TYPE,SIZE,URL",2026-01-04T06:42:43.065144
Samsung unveils plan for AI transformation across all devices,https://news.google.com/read/CBMiugFBVV95cUxPYk9wbzhpMjF1LU5CYU93U05XSUJFd2FsakpibEVaWGVHMWxDSkg2RWlCSVdnM0F5dzNuRnNfUjNOWnR1NUF1MFhRZ0dBYkd4b20xS1RYY2NJMTg3cVh4SnlEMF9KMHQ1c2E1RXVhM0tmQ0tjYU12N09DWFhzTHF3SHBWQnF3YVEzWE9mQ2h2N1gtVWN1WkthdDQ3YWNpY2ZGSWtnU0g2eWpldHRZQ2QzUnlTUnFXUUVZSWc,More,1 day ago,2026-01-02T10:35:15,ITPro,"https://encrypted-tbn0.gstatic.com/faviconV2?url=https://www.itpro.com&client=NEWS_360&size=96&type=FAVICON&fallback_opts=TYPE,SIZE,URL",2026-01-04T06:42:43.065147
"Ringgit ends firmer versus greenback, major currencies",https://news.google.com/read/CBMiVEFVX3lxTE1Pd0NDSnFZdWw2cWthMTlFRlpqVVpGcG9WN3ZIZEVxcmlpenFSc1pOdWpIdXYtQVEzazZFQU5pU0xmd08tSnFZOElsZUlLN2o1b0hqZg,More,1 day ago,2026-01-02T10:33:00,New Straits Times,"https://encrypted-tbn2.gstatic.com/faviconV2?url=https://www.nst.com.my&client=NEWS_360&size=96&type=FAVICON&fallback_opts=TYPE,SIZE,URL",2026-01-04T06:42:43.065150
Security Chiefs Plan New Uses for AI in 2026,https://news.google.com/read/CBMijwNBVV95cUxQVDVzMU8wMU1pb2duaFJLMTl3LWd2YjFRXzNKc1NjaWJ5bkl0czNMbXN1ZlFSX2dHMVVxdmJQbWdGNlU4eUpScXh5bEZnaHhvUlVhMkd6MWNfelp1X0lMZUJtSHNmdXZQWl9pS2RYa0NaZFZuYkRXaEs2Tl9pa0stWk14R2l5M0YxaFg1czc4UlRBWUsxUjRxSDlwY3FLMmNxZFBtQ1Fad210cTk0R3hjOTN5NWRJX0pMbmgzQk5sTm40cnViOFoxdzVqRDU5NEEweHBobS1iZEZhNnFMYmhrbGliYl9uQjFTLUpmeVZqYXNFYkZaNGtGczZEWWJfQjkwemcwLXZIVkptT3p1MUFjSTd6SEtPY19nTFFubXZPSW56UWRlc0s4cC1iLUR3djdCWDQ5X1IzSTl5WDBrQTBBZDZLbEFtQjctY0pZMktsU0lvem90YXlQcXhmUlUtamJ3RDVoS3VpamRaUi1lbHpYVkdrTHVTYnphYmR5YjY5QWFlMjZIam5aUDRzNmVRWkk,More,1 day ago,2026-01-02T10:30:00,WSJ Cyber,"https://encrypted-tbn1.gstatic.com/faviconV2?url=https://www.wsj.com&client=NEWS_360&size=96&type=FAVICON&fallback_opts=TYPE,SIZE,URL",2026-01-04T06:42:43.065152
Why 2026 demands a new paradigm for enterprise security readiness,https://news.google.com/read/CBMiowFBVV95cUxNbWdqNjJXQUx1eGk5am5na3JJdEtIOFhXRkVEYVZIbjcxN1BvTlAwUXN6aFJfamM2aHBBSTlYZXJ5ZFF3dlNOZmhjc29JVFNmVTNnUktkZkdJaUc1UjI2TlRqZmFPS2lnZkhCNVNLZFZIY2xiNWtlYkpJYUktRUJWZEMwQ3JaNVBHVXRkRkJsa1doWEI4cmNIeHVNY0xpWnRuRVlB,More,1 day ago,2026-01-02T10:27:12,Advanced Threats,"https://encrypted-tbn0.gstatic.com/faviconV2?url=https://cxotoday.com&client=NEWS_360&size=96&type=FAVICON&fallback_opts=TYPE,SIZE,URL",2026-01-04T06:42:43.065155
"2025 CISA KEV Catalog Hits 1,484 Exploited Vulnerabilities",https://news.google.com/read/CBMiekFVX3lxTE1zRDFRSTBjNjkwN1NNNVhSdUlUY0xTaG81XzE0S3FRVm81cE1mMm9pT3pwLUVSaW5La3ZEU1d5WGZRbUlPVlYxcER0SXpPcndvVGJEeF9nVW5iNkVpNDZJMVNwR3NmR0g2c2Q5WEQ5ZkM3blpQSWo5dUVB0gF6QVVfeXFMTXNEMVFJMGM2OTA3U001WFJ1SVRjTFNobzVfMTRLcVFWbzVwTWYyb2lPenAtRVJpbktrdkRTV3lYZlFtSU9WVjFwRHRJek9yd29UYkR4X2dVbmI2RWk0NkkxU3BHc2ZHSDZzZDlYRDlmQzduWlBJajl1RUE,More,1 day ago,2026-01-02T10:21:08,Vulnerabilities,"https://encrypted-tbn0.gstatic.com/faviconV2?url=https://cyble.com&client=NEWS_360&size=96&type=FAVICON&fallback_opts=TYPE,SIZE,URL",2026-01-04T06:42:43.065157
"Covenant Health Data Breach Impacts 478,000 Individuals",https://news.google.com/read/CBMijAFBVV95cUxNYmU5QlNTUzN5OGQwbHV4OGVGVTl3RERIeHZCS05oT1gtMFlJemZFbXpRY3M3T054eVRkNHlwemItanpoUW93VVFwR19BTWMwV3VQTGdlWFdMQkl5VDVfY3dSSzdTTXlGbVZDUmFVMkRuM1hEVlJLVnNnc243MFAtVS1yRHF5REExcGVfRNIBkgFBVV95cUxOX3lOWkpHdGdyZE05eFFKODEwNHdNbWkyOGtOaWRHR01HOEk2UUhkeW9oeGV0NmNkMFdpWjBLMnphTXBKMEMzazZYM1BWbXpXeVI2cW9iMG91SGY5VFBrX0RFS1VOdUZaSFpXc2w4eGhvT0FjdmUtNEFZMnphVlM3N0NWaWFudHVCRmhLODJ1VnpiUQ,More,1 day ago,2026-01-02T10:20:06,SecurityWeek,"https://encrypted-tbn3.gstatic.com/faviconV2?url=https://www.securityweek.com&client=NEWS_360&size=96&type=FAVICON&fallback_opts=TYPE,SIZE,URL",2026-01-04T06:42:43.065160
This Is Why Russia Can’t Afford to Stall Talks: What Ukraine Is Getting in 2026,https://news.google.com/read/CBMivgFBVV95cUxQaGI1bzhZdnpCZmF3SGRsU0NGbGJaNHg0bkw1THpBd3N4cEkwa0QtOU8yakpDQlhwLVpZNDh4VDlCY1JIcFpjdEUteVVKQ2dxWUlJNE1uT2NISDdzRGNHWXhOTTdVcHF1MzFkeVVUTUM1a2I4UHV3ck9iUmRKeW1oZWQzNkhtYXdhR3JkZWtNYVpJOEkzS1dFRnJObnc0Y0NJNWpRd0FQbHdVaDZzSGktb0JyR1hLSXIyMGpjcUxn,More,1 day ago,2026-01-02T10:14:29,United 24,"https://encrypted-tbn0.gstatic.com/faviconV2?url=https://united24media.com&client=NEWS_360&size=96&type=FAVICON&fallback_opts=TYPE,SIZE,URL",2026-01-04T06:42:43.065162
Adobe ColdFusion Servers Targeted in Coordinated Campaign,https://news.google.com/read/CBMikAFBVV95cUxNTmY5NVNJa3RuMkF5SHVRT3hQdm1DZHdQLWlmR1YzSTFiWHFkYUpBMG5tbDB3Uzg1eWxVeklDMmtHV2pfbl91R1NnSzI4OTR6OXdGZUN0cTE0LVdQYmRnV3k0M1p0X2c1SXdNdzA0c3J4ZTJINnI4LUs5TjNGcXdSSzh5S1hQOWIxLXVWR2luOXXSAZYBQVVfeXFMT1ppRlhULWd6WVAyOEt1SGJmY3lVQnU1ZnNBZ09tWmRDZERJVWtYWVFLTEo2bVNfUS1qcDNsVXdQYlZvUzVXSzhvQ214Q0pDZldDRFlFenhEUE1uZmV2RFRrVHQ5Y3RTSFdtb1JpdnVxTV8tN2c5Y3NzMlN4blNUeXNzcDRIVHJha3VCelhpWFk4bzVqT3dR,More,1 day ago,2026-01-02T10:11:04,SecurityWeek,"https://encrypted-tbn3.gstatic.com/faviconV2?url=https://www.securityweek.com&client=NEWS_360&size=96&type=FAVICON&fallback_opts=TYPE,SIZE,URL",2026-01-04T06:42:43.065165
"Bloomberg - Business News, Stock Markets, Finance, Breaking & World News",https://news.google.com/read/CBMitAFBVV95cUxQMzlLNktJMFR5eWxHaHkzWTFadFNpXzVVZ21CQlJUSkxpZ2JkSHA3aUpYQ1FKVUJRY3pRM0lFMS1yTkFfV1l0MEVoaUd3aVVqS0pzOTBPemtZMFpGUTJNYlBxVXh5NHhINS1BMlYyN2RUdTVzZngzYTV2eXRPbEx2eEhGbkNQV3duelBHc3BET3dLN1d4VnMyLVE3NFFGa2NuMkZGdWlaSGVBaGJMOFVsRzQwdXY,More,1 day ago,2026-01-02T10:00:10,Bloomberg Cyber,"https://encrypted-tbn1.gstatic.com/faviconV2?url=https://www.bloomberg.com&client=NEWS_360&size=96&type=FAVICON&fallback_opts=TYPE,SIZE,URL",2026-01-04T06:42:43.065168
"All posts tagged ""Adobe ColdFusion""",https://news.google.com/read/CBMiY0FVX3lxTE1HQV9Cd2EteDJKcHlzRkVwLVZqcm1Ub0NhUGdSOXppa1ZFSUZ0aUpMejZGaDNuMGFsQzJKcE4wT0Q1LXlFSXc2eVg1N045TXlhbFRwQlk2cU93T1ZRSVBLbEozNA,More,1 day ago,2026-01-02T09:53:17,SecurityWeek,"https://encrypted-tbn3.gstatic.com/faviconV2?url=https://www.securityweek.com&client=NEWS_360&size=96&type=FAVICON&fallback_opts=TYPE,SIZE,URL",2026-01-04T06:42:43.065170
Who are the 22 contestants on The Traitors series 4?,https://news.google.com/read/CBMilAFBVV95cUxOdUd6X1B6Zmw2VjhESXNmRlFJSDNadC1BZk10Y3dEMjVNYXBTcWFENHlDbU10bDZoZ184bzNQaEQ1TEczbGw0TzVYSWhnNHZpOGFFVV9LSFZnREtVNk00ZUpzcFoyU1FfNUdkTGFkOV9WRTZ3QzJPQVN4Z1dlQ3BySk1udUFKNGYxc2x0aWxhS1pCQ1BC,More,1 day ago,2026-01-02T09:40:00,Independent Cyber,"https://encrypted-tbn1.gstatic.com/faviconV2?url=https://www.independent.co.uk&client=NEWS_360&size=96&type=FAVICON&fallback_opts=TYPE,SIZE,URL",2026-01-04T06:42:43.065173
"Chrome, Edge, Firefox hit by extension attack affecting millions",https://news.google.com/read/CBMihwFBVV95cUxOMTdibzFXcEFBbV9LNmtmcFRPUUQ4aExCM2pZYXR3RTRzUDBrOUZSeGkyNllCQ25lSnlhTzkyVkFQZnN2UjJGVHp4bDNveGIzVEhOd3hOdmpyYU1leGRvNmZoVk9mOHJLNDUwSU5ySFFFWHU2bWcyRzY3a1NYVmFpTV96enRmZ28,More,1 day ago,2026-01-02T09:15:32,Malware,"https://encrypted-tbn2.gstatic.com/faviconV2?url=https://cybernews.com&client=NEWS_360&size=96&type=FAVICON&fallback_opts=TYPE,SIZE,URL",2026-01-04T06:42:43.065176
Cybercriminals Abuse Google Cloud Email Feature in Multi-Stage Phishing Campaign,https://news.google.com/read/CBMihAFBVV95cUxOVENYUTE5NmRMcHFLNEpuQVh0Zy1wdFJNTVZkYUxyZ1BDSlF4RlZuUjVOU1AwTF9ZNXVSTlF1MnFIdG5NbGpFMWNTQ3RPSS1rbzQ3ZTFxVWd1YzI0ZUhOMFVVM3A2Y0hNQ1hTdUQ4LThfa3FqZGRrd0h3RUVleG9ublFVUUs,More,1 day ago,2026-01-02T09:14:00,The Hacker News,"https://encrypted-tbn3.gstatic.com/faviconV2?url=https://thehackernews.com&client=NEWS_360&size=96&type=FAVICON&fallback_opts=TYPE,SIZE,URL",2026-01-04T06:42:43.065178
India’s Largest Refinery Quietly Restarts Russian Oil Imports After US Sanctions,https://news.google.com/read/CBMiwAFBVV95cUxNZjlJR05wdW5KaFl0S1E4X1duLWRxdGJmZ0VvejZLc1F6a2ZveGdaRkNHRk5DLVNLcmFrdmgyZU9aN2xlY3p4YnpNMGU4dUIwS1FUQ3MxRTlaOC1xcE9EVS03bERCazh6U3pQYzE2SEM3MTZscXZwUEo5bDV4MjROUXNYS3NldHBWZTdTd3Rla0JETlc4QUtEblljSXJyU1V3ekdreHJkbThMVjQ3WFFJNU9uUlFPODNrT2ZNWjc2SWY,More,1 day ago,2026-01-02T09:09:44,United 24,"https://encrypted-tbn0.gstatic.com/faviconV2?url=https://united24media.com&client=NEWS_360&size=96&type=FAVICON&fallback_opts=TYPE,SIZE,URL",2026-01-04T06:42:43.065181
2026 tipped as make-or-break year for business AI adoption,https://news.google.com/read/CBMijwFBVV95cUxQbFpoa0swTVBvdGtkTThJYzBrRTl2dmNocVprcE8yYzdTQm1ZLW1jeGdoTUN0cnYtRnN1QU1TTTQ0SndWcGFJZFlNVzVKSTRHd1NPdzItNVBTaGdzTmhySS01clRpQ3lsU1hHXy1obVBCLXY3dDJoOHlJTWpiMEVYYjMySmRmTWJTOThoY2FoQQ,More,1 day ago,2026-01-02T09:00:00,Advanced Threats,"https://encrypted-tbn1.gstatic.com/faviconV2?url=https://itbrief.co.uk&client=NEWS_360&size=96&type=FAVICON&fallback_opts=TYPE,SIZE,URL",2026-01-04T06:42:43.065183
"US Commerce Secretary Howard Lutnick Sounds Alarm On AI Threats, Says We 'Can't Let It Get Overrun By Chinese,' Calls For Industry-Led Security Audits Of Companies Like DeepSeek",https://news.google.com/read/CBMizAFBVV95cUxNZ0RBelJvMlNQcHlHUUVlUlN3SFRaM05sSU5YTFViYllvbnBLcW1CNlZpS2hseXByNGpUQUtqU3p6ejMwbHozQ2tXTG0wSUxSei01QkZoSmw0cndsR2w1Zm1tMVBGUzBQMVBidVlJZXI3Mi1YSTU0VnEzaFJmYVdwLWZOSklwa0M3LWY1NzZGeGdlXzF6cGFsRGVCZTBuSk1ycl9Qbkh5T3ZlRElsc1BZZi1adTN0WkwyQVU0dS1XMTRRSlhYUG9oMk5tbXo,More,1 day ago,2026-01-02T09:00:00,AI Security,"https://encrypted-tbn0.gstatic.com/faviconV2?url=https://www.securitymagazine.com&client=NEWS_360&size=96&type=FAVICON&fallback_opts=TYPE,SIZE,URL",2026-01-04T06:42:43.065186
"Russia Plans Fake Attack to Sabotage Peace Negotiations, Ukrainian Intelligence Warns",https://news.google.com/read/CBMixwFBVV95cUxNS1puVWNRVDVVQmk4aG1fZXlNeEtwZUw5Sk5EQUFqdVRHNjRKOEdvNi1TaV9UejcwYlZlcGpvN1h0cVExdGdLcDBseXItWW1hRzEtcENCcmpacC14a085UTB6ZTlxY01UOVc2UTRqVkdjalVQWlpTVmdPMV9mWk1YbmxHYjRVX3paWFVveDV6djF5T2RNMTFnUTlHMEhIMms1QjRyNWRza3pGQUF4b09wdFJPLXFNS214ZWFibDMwVFJMaDc1ckdz,More,1 day ago,2026-01-02T08:56:12,United 24,"https://encrypted-tbn0.gstatic.com/faviconV2?url=https://united24media.com&client=NEWS_360&size=96&type=FAVICON&fallback_opts=TYPE,SIZE,URL",2026-01-04T06:42:43.065189
Orange Polska thwarts record-breaking 1.5 Tbps DDoS attack on Christmas,https://news.google.com/read/CBMingFBVV95cUxOMGZQU0l0bDhnSTRhUGtPczJlcFRfdkZoYld6ekRybVNYa0V5UWZQQm1BYU9pd0EyV19kMjg3YzZaUlB6ZmxMR1ZkSmdDZjB6YjVadXRqSEVPdXgyU3JsNXpJMGl2RHRYM2hiZllDTEtOcVNYbVZYR0xtV2hrN19UVTJhclhMWEhiTWU4Z3YzTjg3SlR6M3B4Nm1wMTJQUQ,More,1 day ago,2026-01-02T08:52:58,Telecom Security,"https://encrypted-tbn1.gstatic.com/faviconV2?url=https://cyberinsider.com&client=NEWS_360&size=96&type=FAVICON&fallback_opts=TYPE,SIZE,URL",2026-01-04T06:42:43.065191
Security Alert: Mystery Exploit Hits EVM Chains With Hundreds of Wallets Drained in Massive Attack,https://news.google.com/read/CBMiuwFBVV95cUxQTDFVYkpDbDd1bVJ6Z0k4alFUbllveU9ubjA1a2REVlBDTzBTSEQyYjNwblF6VFNlWGJib2FTLVJ6SGZZTDZ1NEQwS3hQc1owMDh3blhTdjNFUjEtSlBnU1R0cG4xbFpCSzdsaWlweGtINGppMTZJUTlHbU5tNF9BaUZrWmNtZVc5eVo3WHUyU0RCNTlEWWh6dlN2djdMbGE1TDJRWUJzTDdCajJoSll1eXA1a243ZzNUQU1n,More,1 day ago,2026-01-02T08:46:05,North Korea Cyber,"https://encrypted-tbn0.gstatic.com/faviconV2?url=https://coingape.com&client=NEWS_360&size=96&type=FAVICON&fallback_opts=TYPE,SIZE,URL",2026-01-04T06:42:43.065194
Cooperation with Japanese Partners Strengthens Ukraine’s Capacity to Counter Hybrid Threats in the Energy Sector,https://news.google.com/read/CBMivAFBVV95cUxPMi1JVGE4akxwb2JTYVNsbUh1SWVYSW51VlpnNF9kYzdFaGlueEJSbmY3UnQtdkhGa3dFbldDcUpkMlpjbU5JZjRrUzVzcmpqOWVvU1lrcEllSU1hNjU0R2F3SXRLQTJXZm9FaHRzMDl5WGdHZHg0QWRYbDY0YTN6TzVaaHZjeHViLUJmb1ZwY1Q2N0MySTdiRnBCLW5CdVc0X0s4bzRnQklsckZCSkZ0ZzFWSUFLOGxaT3FPZw,More,1 day ago,2026-01-02T08:40:00,Ukraine Conflict,"https://encrypted-tbn1.gstatic.com/faviconV2?url=https://www.mev.gov.ua&client=NEWS_360&size=96&type=FAVICON&fallback_opts=TYPE,SIZE,URL",2026-01-04T06:42:43.065196
MongoDB and MongoDB Server Improper Handling of Length Parameter Inconsistency Vulnerability (CVE-2025-14847),https://news.google.com/read/CBMiaEFVX3lxTFBRNnBfWWQ2SWFBVVRVa3dKMFBqWEZycXNFelVRLS05VUZocWpjRXFtbGxhQUpQb1RoWkFOeWpKdTRNOFpMR2JaazJHX041dVloUVZMLWxHVUprNHhXSU9kVURBVTQzNXQ50gFuQVVfeXFMT1kxcThGTGVwV0RNdWdXTXY3c25hN1pIS3BrNTJaM19fOWZkQnZwWHhnc1huU2ZPeTBad2xFcm91ZVNkWEQ3YUlCV3RLWjlsVG11bHM4XzdJMmFubFlIeGxfSlFMUU1HMTlOZUJuU0E,More,1 day ago,2026-01-02T08:38:27,Vulnerabilities,"https://encrypted-tbn0.gstatic.com/faviconV2?url=https://cybersecuritynews.com&client=NEWS_360&size=96&type=FAVICON&fallback_opts=TYPE,SIZE,URL",2026-01-04T06:42:43.065199
Online ‘brainrot’ isn’t ruining children’s minds – it’s a new way of navigating the modern internet,https://news.google.com/read/CBMisAFBVV95cUxOUGhOVHdBd3czMGxOV0pIOTNXWTQ2LTUyVkNFaGk4VmJDN29QVWVuNWZfdHAwbTV0a3NtZE9TQzdpYnNtdk5veGxudThPVmlQMUMwTThFbHlNTlhRUVJ0bW1JNGNQcUFTSGQ1RVdKWUxkRzdrZTlpd2ZLV29lUGMwOUtXS1psXzZfZHVBZmZ0LS1tLVA4WEx3RmVHM0M1alptNXY0bXpfOUJPdWFlc0t3dA,More,1 day ago,2026-01-02T08:37:00,Independent Cyber,"https://encrypted-tbn1.gstatic.com/faviconV2?url=https://www.independent.co.uk&client=NEWS_360&size=96&type=FAVICON&fallback_opts=TYPE,SIZE,URL",2026-01-04T06:42:43.065202
Electronic excise stamp: full launch postponed,https://news.google.com/read/CBMixwFBVV95cUxOTFZYbEtkalQ5V3BhdWtoQ3dCRjZwLTQtcDFqY0pNY003V3ktQTVtdE1CNG1wbzdrOXNVcDd6QWJ1SmVMUHRzU3hxZ1p5NnNDXzFXbG9fT29oMXNURHc0QjVjSHluaDdGa0ZuNGRUWmcyeEdjQjdLa1I3VHIybGJYcEV6SFhOMkdOdkRod3NTU2JCMVBkQkZCUU16SU5TcUpocTRtTElNZ1ZDeUYtMEZXVWdCWGZvSm9KV0VDczRJUGVNRGNOUm1j0gHGAUFVX3lxTE5FdUFERWIzQjROMUtBenBSUmFtdmN5bkdtaTB3RmZWZ1pVWnRTaWc1QTA5RVVQS3d5MFV5OXZ4eEFhRGFGTGtnbXhoRG9ENm9uT1ZBeUdqeU13MzZXUnA3ZTN5eGhBbTJFZXY5aDY3QWt0MVQzb0xSb1NNdUlRUmVhMnE2WnFzMjN1UTlnaFg1MWUxNUJiNmlRc19EU1BQczFzRUJVcnladmVPWHI1LVNZSklkU1RoWm8yMjVJOTJUajNvbXZzQQ,More,1 day ago,2026-01-02T08:30:18,UNN,"https://encrypted-tbn3.gstatic.com/faviconV2?url=https://unn.ua&client=NEWS_360&size=96&type=FAVICON&fallback_opts=TYPE,SIZE,URL",2026-01-04T06:42:43.065205
How much energy do Microsoft and Google consume? The Dutch don’t know,https://news.google.com/read/CBMiuwFBVV95cUxPNURHMndRUjlmalIyZFYxVml2ZC1yN0NfRGJhMFM3eTJtakZqY0xUMjNuVlNQamJCWFBoOHJwZE1mYm9zbkhoX3EzNVJ4TFV5bFdRZEU0RXhmUUtYczBrMVJwVEZnYk5ZQW1QM0RaSlBXWENraTVRYTQ4ay1nSmViQU9zMUkwWi1ZMHhQNFlzNHNVWHpjNlNLcmlDWUhiMV9odDh5N1N3UVBSMEs1U3NqSmU0Q2F5VVI3Zzd3,More,1 day ago,2026-01-02T08:14:51,Energy Security,"https://encrypted-tbn2.gstatic.com/faviconV2?url=https://www.techzine.eu&client=NEWS_360&size=96&type=FAVICON&fallback_opts=TYPE,SIZE,URL",2026-01-04T06:42:43.065207
"Former US fighter pilot warns America's airpower edge is slipping as China builds a bigger, more capable, and readier force",https://news.google.com/read/CBMiaEFVX3lxTE8yeTh1TWM0dktPYTZVRjZmX2lGcWtoMlJ5STNKY1NLckh4RmxDNF9yeFlQdWp2aUs2aWxFalVZOGpxZGpVcWFaZ0pHUTZveDU3TF9CcnliM2hrV2xxUm9iOUFQeEF0QjJs,More,1 day ago,2026-01-02T08:12:32,China Cyber,"https://encrypted-tbn2.gstatic.com/faviconV2?url=https://thecyberexpress.com&client=NEWS_360&size=96&type=FAVICON&fallback_opts=TYPE,SIZE,URL",2026-01-04T06:42:43.065210
Critical GNU Wget2 Vulnerability Allows Remote Attackers to Overwrite Sensitive Files,https://news.google.com/read/CBMirgFBVV95cUxPZFJ6R3c2cjhMRWNTYjlhcmI2RkV2WUthb0t3RVNwUTVqem1pdWxNZUJ1V0RJbEM1RzE2NkwtRTdxVkNQcTRqU012OFFJcGZ2dHg4SEtOekp2QlBWLXVZS0QzdWNTOFJMcno0UlBjY2Nxckc5ZEpSM0N1eGhmODVXYUJBdUs0QXJjZ1hFMG03ZkpmaUtYazdNWmFESmFGcWcyUXYwbW1iZTRGU0pTcUE,More,1 day ago,2026-01-02T08:11:18,Vulnerabilities,"https://encrypted-tbn2.gstatic.com/faviconV2?url=https://cyberpress.org&client=NEWS_360&size=96&type=FAVICON&fallback_opts=TYPE,SIZE,URL",2026-01-04T06:42:43.065213
Apple patches two actively exploited zero-day vulnerabilities in WebKit,https://news.google.com/read/CBMirAFBVV95cUxONmswb0NVNWZlRFk1N083UGkyWDBKSWlFaDNXX0FmazB1alhOMjg1ZjdRcTJadURSYnBpdFdkTE11Tk9HYXpGR3RjZkpOYVdCcXRsRUFRSWlCNG14WXBHYUJUc1lBa1V6WHlkUjFYdnZzcG1jZ0RIcDhIdmJwbG1MUmQzMlowazAxeEhQRXU4NVJDcXY3elk2MG5tMGJZbElPcUhzZHpZZjZ4WmV3,More,1 day ago,2026-01-02T08:06:48,Zero Days,"https://encrypted-tbn3.gstatic.com/faviconV2?url=https://www.technobezz.com&client=NEWS_360&size=96&type=FAVICON&fallback_opts=TYPE,SIZE,URL",2026-01-04T06:42:43.065215
Tech That Will Change Your Life in 2026 - Tech News Briefing - WSJ Podcasts,https://news.google.com/read/CBMixwNBVV95cUxPX0N4Y1FOUUNTd1RlSGtURjNwTkc0MVVVLVc4WkNfS0E4X1JETWljNjhoTDZrUGEtNDNfNE5YSzgtdDlFal9NT2xJS2kwSFE3UlVsaVFxZjFWaFVhWWlrbTAzLXJDa1VVSm8tdzR6WFR2LW1LQ2x2c0pBUTVrREhEME1XY21Ya1B3QkdPbFBhOENNdTBmWXJ6M0lDbzZqQkZDTHphT1VBMXNIT0FNYmdzTUw1S2thWjY2TFdYQTJXTHpPWTBuUnBFeVlLQWRyeDBmd1JJczd0UFJPbmRfWEJRdlhYRGtMbm5LaW1ZZ1JvdVVnRDM0VGdYd1E0eVdSZkhMeXZiczVXd2x4TUdlN0U1b28wWFhGSjgtdW1Gclp1Zmd3a1pTb0hBM3BESkc3LVIxOHlqaUl4ck9keFVWdVktaU5QYXlOT1lfNzFEVURWa2FobGo0WGRrdXVhV1U0VDRJM3NXZW9IYlBpVjgxUkpfZ25rVGloQm4xdlZWQlZOR1lwVkljMjZ1dHRfdGFyMjFDZTFXc0NWcVItV2FaTFZ0RTJ6Y1c1STFzN0hoSWNpNDlmZllVbkFyQzdRUVlWemxFOFhzOEN1NA,More,1 day ago,2026-01-02T08:01:00,WSJ Cyber,"https://encrypted-tbn1.gstatic.com/faviconV2?url=https://www.wsj.com&client=NEWS_360&size=96&type=FAVICON&fallback_opts=TYPE,SIZE,URL",2026-01-04T06:42:43.065218
"Cyber attack surface is growing, says VC",https://news.google.com/read/CBMingFBVV95cUxNNnMtSXJuUXhSYS1YNGpjLXViaHhueHljZU5xMUtxMjcyakFpYk1RRVFlaDVBQm9ZS0JjVmxBVVhMcHJZamZpVnV4a1hFaWRVdk9pUVpFR2tudGtHZkxzQ2RNQkRMbE9WN3FFR0NHUXNreHkyMnZZOWx0TUg2bmgxaWZsaE9xbm1vSFNZelR4MlB4UW1WcTNlaENxNEhqdw,More,1 day ago,2026-01-02T08:00:00,MSN Cyber,"https://encrypted-tbn2.gstatic.com/faviconV2?url=https://www.msn.com&client=NEWS_360&size=96&type=FAVICON&fallback_opts=TYPE,SIZE,URL",2026-01-04T06:42:43.065221
"Epson EcoTank ET-4956 review: Refillable and fully featured, this inkjet MFP is spot-on for home and micro offices",https://news.google.com/read/CBMie0FVX3lxTE5nbF8tdFlkYnNHSW84cFROT2NZUDZQSmJ4TVJhQmg4QVdWVE9zTndzQXFiR0tDUG5MWkFyTS1GUjVQYjhpdV9xb09Za3l2N09YV1A3MjB1WlZwTXVsaUpWS2ExT1dZa0JvaGdUak1wMUtIdHFjLTJMR2x0QQ,More,1 day ago,2026-01-02T08:00:00,ITPro,"https://encrypted-tbn0.gstatic.com/faviconV2?url=https://www.itpro.com&client=NEWS_360&size=96&type=FAVICON&fallback_opts=TYPE,SIZE,URL",2026-01-04T06:42:43.065223
AI Fatigue: Is the backlash against AI already here?,https://news.google.com/read/CBMiqwFBVV95cUxNYnN2TElUcXExVk15dnVhVG1JanU5QzJsVnk3ZmI3LTFBUklGRTBlNGUtN1RTM3hlMFh5YW9reENxRGVDQmNEUnNqcFhUTkZWSFdWR0o0TXlDbXpIcC1BcnNTc0tsaTJNc2xIU19IdzRlMm0xY0gzaEtGWk1wWEZZUVdIM2haeERRTkFUM1hUaWw5SWgxSjAxckxPMjQ1LU1zSF96Ukk5TURjNTA,More,1 day ago,2026-01-02T08:00:00,ITPro,"https://encrypted-tbn0.gstatic.com/faviconV2?url=https://www.itpro.com&client=NEWS_360&size=96&type=FAVICON&fallback_opts=TYPE,SIZE,URL",2026-01-04T06:42:43.065226
China’s promise to replace the U.S. as the preeminent power,https://news.google.com/read/CBMiowFBVV95cUxNZld0dHNyRnl2RWZzOHQ1Qzh2dmxjVV9hS09VY3FpR0U5Vy05YTZXUUVpcFJkQ016R1RfazFndHdmV09NbFZCZFlwZ0hZVGdiVFF2RVJBNDBVcmsxdGdTMUVyR21HS1ppN24yN2JIbGdOZW1HX0ZENmc2azNSckNoRkYzV1lQd01aTk05YWJsVTJzUkFzMFhYQUN4TFJKeVVyU25B,More,1 day ago,2026-01-02T08:00:00,FDD,"https://encrypted-tbn2.gstatic.com/faviconV2?url=https://www.fdd.org&client=NEWS_360&size=96&type=FAVICON&fallback_opts=TYPE,SIZE,URL",2026-01-04T06:42:43.065228
Over 100k South Carolinians at risk with recent data breach,https://news.google.com/read/CBMimAFBVV95cUxPT3FRZHhNNWQ1czZOWm95MWYyQzF3VGJINDAtaDRjUEVJMUItY19wM2tQSDJOVml6RWZPcG9nNzJOU0hXWkVGUS1IeHlFNzBXYXhDRFUxSmFtcTdFS19YSEU2eFBTVWlSUnJoaWxqMFdaNDlvRnFZeW01cXc4dnhlaWctZUczenBQeWZkLS1mVWFmeW5ZbGtRTQ,More,1 day ago,2026-01-02T08:00:00,Data Breach,"https://encrypted-tbn2.gstatic.com/faviconV2?url=https://wpde.com&client=NEWS_360&size=96&type=FAVICON&fallback_opts=TYPE,SIZE,URL",2026-01-04T06:42:43.065231
